ts_utc,n_samples,n_out_of_range,solar_v_avg,solar_v_max,solar2_v_avg,solar2_v_max,solar3_v_avg,solar3_v_max,battery_v_avg,battery_v_min,battery_v_max,battery2_v_min,battery2_v_max,lipo_v_avg,lipo_v_min,lipo_v_max,lipo2_v_avg,lipo2_v_min,lipo2_v_max,current_a_avg,current_a_chA_avg,current_a_chB_avg,current2_a_avg,power_w_avg,power_w_max,load_v_avg,load1_v_avg,load2_v_avg,wind_v_avg,temp_deci_c_avg,temp_deci_c_min,temp_deci_c_max,voltage_adc_avg,digital_adc_avg,energy_wh,boot_count_min,boot_count_max,solar_v_n_oor,solar2_v_n_oor,solar3_v_n_oor,battery_v_n_oor,battery2_v_n_oor,lipo_v_n_oor,lipo2_v_n_oor,current_a_n_oor,current_a_chA_n_oor,current_a_chB_n_oor,current2_a_n_oor,power_w_n_oor,load_v_n_oor,load1_v_n_oor,load2_v_n_oor,temp_c_n_oor,scaled_channels
2020-06-15T02:00:00Z,16.0,16.0,,,3.33,5.015,,,,,,,,,,,4.163,4.159,4.164,,,,223.875,0.0,0.0,,,,,387.0,330.0,453.0,,,0.0,1.0,16.0,0.0,13.0,0.0,0.0,0.0,0.0,16.0,0.0,0.0,0.0,16.0,0.0,0.0,0.0,0.0,0.0,"solar2_v,lipo2_v"
2020-06-15T03:00:00Z,29.0,29.0,,,4.398,5.134,,,,,,,,,,,4.162,4.158,4.166,,,,215.793,0.0,0.0,,,,,477.69,455.0,509.0,,,0.0,17.0,45.0,0.0,29.0,0.0,0.0,0.0,0.0,29.0,0.0,0.0,0.0,29.0,0.0,0.0,0.0,0.0,0.0,"solar2_v,lipo2_v"
2020-06-15T04:00:00Z,29.0,29.0,,,3.48,5.18,,,,,,,,,,,4.158,4.154,4.159,,,,216.345,0.0,0.0,,,,,472.345,444.0,511.0,,,0.0,46.0,74.0,0.0,29.0,0.0,0.0,0.0,0.0,29.0,0.0,0.0,0.0,29.0,0.0,0.0,0.0,0.0,0.0,"solar2_v,lipo2_v"
2020-06-15T05:00:00Z,27.0,27.0,,,3.189,5.323,,,,,,,,,,,4.152,4.149,4.154,,,,218.481,0.0,0.0,,,,,444.63,408.0,488.0,,,0.0,75.0,103.0,0.0,27.0,0.0,0.0,0.0,0.0,27.0,0.0,0.0,0.0,27.0,0.0,0.0,0.0,0.0,0.0,"solar2_v,lipo2_v"
2020-06-15T06:00:00Z,30.0,30.0,,,0.812,2.888,,,,,,,,,,,4.144,4.139,4.151,,,,225.5,0.0,0.0,,,,,363.467,316.0,462.0,,,0.0,104.0,133.0,0.0,30.0,0.0,0.0,0.0,0.0,30.0,0.0,0.0,0.0,30.0,0.0,0.0,0.0,0.0,0.0,"solar2_v,lipo2_v"
2020-06-15T07:00:00Z,29.0,29.0,,,0.104,0.559,,,,,,,,,,,4.14,4.138,4.143,,,,230.138,0.0,0.0,,,,,312.759,297.0,323.0,,,0.0,134.0,162.0,0.0,6.0,0.0,0.0,0.0,0.0,29.0,0.0,0.0,0.0,29.0,0.0,0.0,0.0,0.0,0.0,"solar2_v,lipo2_v"
2020-06-15T08:00:00Z,30.0,30.0,,,0.0,0.0,,,,,,,,,,,4.137,4.136,4.139,,,,232.767,0.0,0.0,,,,,291.467,289.0,296.0,,,0.0,163.0,192.0,0.0,0.0,0.0,0.0,0.0,0.0,30.0,0.0,0.0,0.0,30.0,0.0,0.0,0.0,0.0,0.0,"solar2_v,lipo2_v"
2020-06-15T09:00:00Z,28.0,28.0,,,0.0,0.0,,,,,,,,,,,4.135,4.135,4.136,,,,232.571,0.0,0.0,,,,,293.179,291.0,296.0,,,0.0,193.0,221.0,0.0,0.0,0.0,0.0,0.0,0.0,28.0,0.0,0.0,0.0,28.0,0.0,0.0,0.0,0.0,0.0,"solar2_v,lipo2_v"
2020-06-15T10:00:00Z,30.0,30.0,,,0.0,0.0,,,,,,,,,,,4.134,4.133,4.136,,,,232.767,0.0,0.0,,,,,289.7,286.0,294.0,,,0.0,222.0,251.0,0.0,0.0,0.0,0.0,0.0,0.0,30.0,0.0,0.0,0.0,30.0,0.0,0.0,0.0,0.0,0.0,"solar2_v,lipo2_v"
2020-06-15T11:00:00Z,28.0,28.0,,,0.0,0.0,,,,,,,,,,,4.133,4.133,4.133,,,,232.821,0.0,0.0,,,,,290.571,286.0,294.0,,,0.0,252.0,280.0,0.0,0.0,0.0,0.0,0.0,0.0,28.0,0.0,0.0,0.0,28.0,0.0,0.0,0.0,0.0,0.0,"solar2_v,lipo2_v"
2020-06-15T12:00:00Z,28.0,28.0,,,0.0,0.0,,,,,,,,,,,4.132,4.131,4.133,,,,232.179,0.0,0.0,,,,,296.571,294.0,299.0,,,0.0,281.0,309.0,0.0,0.0,0.0,0.0,0.0,0.0,28.0,0.0,0.0,0.0,28.0,0.0,0.0,0.0,0.0,0.0,"solar2_v,lipo2_v"
2020-06-15T13:00:00Z,29.0,29.0,,,0.0,0.0,,,,,,,,,,,4.131,4.13,4.133,,,,232.621,0.0,0.0,,,,,295.379,293.0,296.0,,,0.0,310.0,339.0,0.0,0.0,0.0,0.0,0.0,0.0,29.0,0.0,0.0,0.0,29.0,0.0,0.0,0.0,0.0,0.0,"solar2_v,lipo2_v"
2020-06-15T14:00:00Z,26.0,26.0,,,0.0,0.0,,,,,,,,,,,4.129,4.126,4.131,,,,232.269,0.0,0.0,,,,,296.615,293.0,300.0,,,0.0,340.0,368.0,0.0,0.0,0.0,0.0,0.0,0.0,26.0,0.0,0.0,0.0,26.0,0.0,0.0,0.0,0.0,0.0,"solar2_v,lipo2_v"
2020-06-15T15:00:00Z,29.0,29.0,,,0.0,0.0,,,,,,,,,,,4.126,4.125,4.13,,,,231.862,0.0,0.0,,,,,297.172,296.0,299.0,,,0.0,369.0,397.0,0.0,0.0,0.0,0.0,0.0,0.0,29.0,0.0,0.0,0.0,29.0,0.0,0.0,0.0,0.0,0.0,"solar2_v,lipo2_v"
2020-06-15T16:00:00Z,30.0,30.0,,,0.0,0.0,,,,,,,,,,,4.124,4.121,4.126,,,,232.167,0.0,0.0,,,,,297.467,296.0,298.0,,,0.0,398.0,427.0,0.0,0.0,0.0,0.0,0.0,0.0,30.0,0.0,0.0,0.0,30.0,0.0,0.0,0.0,0.0,0.0,"solar2_v,lipo2_v"
2020-06-15T17:00:00Z,29.0,29.0,,,0.0,0.0,,,,,,,,,,,4.122,4.12,4.125,,,,232.31,0.0,0.0,,,,,297.034,295.0,299.0,,,0.0,428.0,456.0,0.0,0.0,0.0,0.0,0.0,0.0,29.0,0.0,0.0,0.0,29.0,0.0,0.0,0.0,0.0,0.0,"solar2_v,lipo2_v"
2020-06-15T18:00:00Z,30.0,30.0,,,0.0,0.0,,,,,,,,,,,4.12,4.118,4.121,,,,232.333,0.0,0.0,,,,,295.167,294.0,298.0,,,0.0,457.0,486.0,0.0,0.0,0.0,0.0,0.0,0.0,30.0,0.0,0.0,0.0,30.0,0.0,0.0,0.0,0.0,0.0,"solar2_v,lipo2_v"
2020-06-15T19:00:00Z,28.0,28.0,,,0.0,0.0,,,,,,,,,,,4.118,4.115,4.121,,,,232.536,0.0,0.0,,,,,292.821,291.0,295.0,,,0.0,487.0,515.0,0.0,0.0,0.0,0.0,0.0,0.0,28.0,0.0,0.0,0.0,28.0,0.0,0.0,0.0,0.0,0.0,"solar2_v,lipo2_v"
2020-06-15T20:00:00Z,30.0,30.0,,,0.0,0.0,,,,,,,,,,,4.116,4.113,4.118,,,,232.6,0.0,0.0,,,,,291.233,291.0,292.0,,,0.0,516.0,545.0,0.0,0.0,0.0,0.0,0.0,0.0,30.0,0.0,0.0,0.0,30.0,0.0,0.0,0.0,0.0,0.0,"solar2_v,lipo2_v"
2020-06-15T21:00:00Z,29.0,29.0,,,0.0,0.0,,,,,,,,,,,4.114,4.111,4.116,,,,232.69,0.0,0.0,,,,,291.276,291.0,292.0,,,0.0,546.0,574.0,0.0,0.0,0.0,0.0,0.0,0.0,29.0,0.0,0.0,0.0,29.0,0.0,0.0,0.0,0.0,0.0,"solar2_v,lipo2_v"
2020-06-15T22:00:00Z,29.0,29.0,,,0.0,0.0,,,,,,,,,,,4.113,4.11,4.116,,,,232.862,0.0,0.0,,,,,290.724,290.0,293.0,,,0.0,576.0,604.0,0.0,0.0,0.0,0.0,0.0,0.0,29.0,0.0,0.0,0.0,29.0,0.0,0.0,0.0,0.0,0.0,"solar2_v,lipo2_v"
2020-06-15T23:00:00Z,28.0,28.0,,,0.423,0.551,,,,,,,,,,,4.111,4.11,4.113,,,,231.643,0.0,0.0,,,,,300.107,294.0,305.0,,,0.0,605.0,633.0,0.0,26.0,0.0,0.0,0.0,0.0,28.0,0.0,0.0,0.0,28.0,0.0,0.0,0.0,0.0,0.0,"solar2_v,lipo2_v"
2020-06-16T00:00:00Z,29.0,29.0,,,0.737,1.018,,,,,,,,,,,4.11,4.108,4.111,,,,229.897,0.0,0.0,,,,,314.69,306.0,323.0,,,0.0,634.0,662.0,0.0,29.0,0.0,0.0,0.0,0.0,29.0,0.0,0.0,0.0,29.0,0.0,0.0,0.0,0.0,0.0,"solar2_v,lipo2_v"
2020-06-16T01:00:00Z,30.0,30.0,,,1.539,2.035,,,,,,,,,,,4.11,4.108,4.111,,,,228.167,0.0,0.0,,,,,333.567,325.0,346.0,,,0.0,663.0,692.0,0.0,30.0,0.0,0.0,0.0,0.0,30.0,0.0,0.0,0.0,30.0,0.0,0.0,0.0,0.0,0.0,"solar2_v,lipo2_v"
2020-06-16T02:00:00Z,29.0,29.0,,,2.696,4.003,,,,,,,,,,,4.109,4.106,4.111,,,,224.828,0.0,0.0,,,,,370.069,348.0,388.0,,,0.0,693.0,721.0,0.0,29.0,0.0,0.0,0.0,0.0,29.0,0.0,0.0,0.0,29.0,0.0,0.0,0.0,0.0,0.0,"solar2_v,lipo2_v"
2020-06-16T03:00:00Z,29.0,29.0,,,2.855,3.207,,,,,,,,,,,4.109,4.106,4.111,,,,222.931,0.0,0.0,,,,,394.828,382.0,405.0,,,0.0,723.0,751.0,0.0,29.0,0.0,0.0,0.0,0.0,29.0,0.0,0.0,0.0,29.0,0.0,0.0,0.0,0.0,0.0,"solar2_v,lipo2_v"
2020-06-16T04:00:00Z,27.0,27.0,,,3.262,3.655,,,,,,,,,,,4.108,4.106,4.11,,,,220.963,0.0,0.0,,,,,418.074,406.0,433.0,,,0.0,752.0,780.0,0.0,27.0,0.0,0.0,0.0,0.0,27.0,0.0,0.0,0.0,27.0,0.0,0.0,0.0,0.0,0.0,"solar2_v,lipo2_v"
2020-06-16T05:00:00Z,28.0,28.0,,,3.956,4.651,,,,,,,,,,,4.108,4.106,4.11,,,,218.357,0.0,0.0,,,,,450.893,431.0,474.0,,,0.0,782.0,809.0,0.0,28.0,0.0,0.0,0.0,0.0,28.0,0.0,0.0,0.0,28.0,0.0,0.0,0.0,0.0,0.0,"solar2_v,lipo2_v"
2020-06-16T06:00:00Z,30.0,30.0,,,4.634,4.957,,,,,,,,,,,4.108,4.105,4.11,,,,214.0,0.0,0.0,,,,,498.367,462.0,532.0,,,0.0,810.0,839.0,0.0,30.0,0.0,0.0,0.0,0.0,30.0,0.0,0.0,0.0,30.0,0.0,0.0,0.0,0.0,0.0,"solar2_v,lipo2_v"
2020-06-16T07:00:00Z,28.0,28.0,,,2.755,4.861,,,,,,,,,,,4.107,4.105,4.11,,,,215.964,0.0,0.0,,,,,473.607,433.0,530.0,,,0.0,840.0,868.0,0.0,28.0,0.0,0.0,0.0,0.0,28.0,0.0,0.0,0.0,28.0,0.0,0.0,0.0,0.0,0.0,"solar2_v,lipo2_v"
2020-06-16T08:00:00Z,30.0,30.0,,,0.894,1.807,,,,,,,,,,,4.103,4.102,4.106,,,,223.567,0.0,0.0,,,,,386.867,369.0,433.0,,,0.0,869.0,898.0,0.0,30.0,0.0,0.0,0.0,0.0,30.0,0.0,0.0,0.0,30.0,0.0,0.0,0.0,0.0,0.0,"solar2_v,lipo2_v"
2020-06-16T09:00:00Z,28.0,28.0,,,0.03,0.503,,,,,,,,,,,4.1,4.097,4.102,,,,227.071,0.0,0.0,,,,,347.75,301.0,369.0,,,0.0,899.0,927.0,0.0,2.0,0.0,0.0,0.0,0.0,28.0,0.0,0.0,0.0,28.0,0.0,0.0,0.0,0.0,0.0,"solar2_v,lipo2_v"
2020-06-16T10:00:00Z,30.0,30.0,,,0.0,0.0,,,,,,,,,,,4.094,4.092,4.098,,,,233.667,0.0,0.0,,,,,275.8,273.0,293.0,,,0.0,928.0,957.0,0.0,0.0,0.0,0.0,0.0,0.0,30.0,0.0,0.0,0.0,30.0,0.0,0.0,0.0,0.0,0.0,"solar2_v,lipo2_v"
2020-06-16T11:00:00Z,29.0,29.0,,,0.0,0.0,,,,,,,,,,,4.092,4.09,4.095,,,,233.414,0.0,0.0,,,,,277.207,274.0,281.0,,,0.0,958.0,986.0,0.0,0.0,0.0,0.0,0.0,0.0,29.0,0.0,0.0,0.0,29.0,0.0,0.0,0.0,0.0,0.0,"solar2_v,lipo2_v"
2020-06-16T12:00:00Z,29.0,29.0,,,0.0,0.0,,,,,,,,,,,4.092,4.09,4.093,,,,233.483,0.0,0.0,,,,,284.483,281.0,286.0,,,0.0,987.0,1015.0,0.0,0.0,0.0,0.0,0.0,0.0,29.0,0.0,0.0,0.0,29.0,0.0,0.0,0.0,0.0,0.0,"solar2_v,lipo2_v"
2020-06-16T13:00:00Z,30.0,30.0,,,0.0,0.0,,,,,,,,,,,4.091,4.088,4.093,,,,233.133,0.0,0.0,,,,,286.567,286.0,287.0,,,0.0,1016.0,1045.0,0.0,0.0,0.0,0.0,0.0,0.0,30.0,0.0,0.0,0.0,30.0,0.0,0.0,0.0,0.0,0.0,"solar2_v,lipo2_v"
2020-06-16T14:00:00Z,28.0,28.0,,,0.0,0.0,,,,,,,,,,,4.088,4.087,4.09,,,,233.357,0.0,0.0,,,,,287.143,286.0,290.0,,,0.0,1046.0,1074.0,0.0,0.0,0.0,0.0,0.0,0.0,28.0,0.0,0.0,0.0,28.0,0.0,0.0,0.0,0.0,0.0,"solar2_v,lipo2_v"
2020-06-16T15:00:00Z,30.0,30.0,,,0.0,0.0,,,,,,,,,,,4.087,4.085,4.09,,,,232.967,0.0,0.0,,,,,289.8,288.0,291.0,,,0.0,1075.0,1104.0,0.0,0.0,0.0,0.0,0.0,0.0,30.0,0.0,0.0,0.0,30.0,0.0,0.0,0.0,0.0,0.0,"solar2_v,lipo2_v"
2020-06-16T16:00:00Z,29.0,29.0,,,0.0,0.0,,,,,,,,,,,4.086,4.085,4.088,,,,232.897,0.0,0.0,,,,,290.448,289.0,292.0,,,0.0,1105.0,1133.0,0.0,0.0,0.0,0.0,0.0,0.0,29.0,0.0,0.0,0.0,29.0,0.0,0.0,0.0,0.0,0.0,"solar2_v,lipo2_v"
2020-06-16T17:00:00Z,29.0,29.0,,,0.0,0.0,,,,,,,,,,,4.085,4.083,4.087,,,,232.897,0.0,0.0,,,,,291.448,291.0,292.0,,,0.0,1134.0,1162.0,0.0,0.0,0.0,0.0,0.0,0.0,29.0,0.0,0.0,0.0,29.0,0.0,0.0,0.0,0.0,0.0,"solar2_v,lipo2_v"
2020-06-16T18:00:00Z,30.0,30.0,,,0.0,0.0,,,,,,,,,,,4.084,4.083,4.087,,,,232.9,0.0,0.0,,,,,291.233,289.0,294.0,,,0.0,1163.0,1192.0,0.0,0.0,0.0,0.0,0.0,0.0,30.0,0.0,0.0,0.0,30.0,0.0,0.0,0.0,0.0,0.0,"solar2_v,lipo2_v"
2020-06-16T19:00:00Z,29.0,29.0,,,0.0,0.0,,,,,,,,,,,4.084,4.082,4.087,,,,232.793,0.0,0.0,,,,,289.931,289.0,291.0,,,0.0,1193.0,1221.0,0.0,0.0,0.0,0.0,0.0,0.0,29.0,0.0,0.0,0.0,29.0,0.0,0.0,0.0,0.0,0.0,"solar2_v,lipo2_v"
2020-06-16T20:00:00Z,30.0,30.0,,,0.0,0.0,,,,,,,,,,,4.082,4.082,4.085,,,,233.167,0.0,0.0,,,,,287.967,287.0,289.0,,,0.0,1222.0,1251.0,0.0,0.0,0.0,0.0,0.0,0.0,30.0,0.0,0.0,0.0,30.0,0.0,0.0,0.0,0.0,0.0,"solar2_v,lipo2_v"
2020-06-16T21:00:00Z,29.0,29.0,,,0.0,0.0,,,,,,,,,,,4.082,4.08,4.083,,,,233.172,0.0,0.0,,,,,287.241,287.0,288.0,,,0.0,1252.0,1280.0,0.0,0.0,0.0,0.0,0.0,0.0,29.0,0.0,0.0,0.0,29.0,0.0,0.0,0.0,0.0,0.0,"solar2_v,lipo2_v"
2020-06-16T22:00:00Z,30.0,30.0,,,0.0,0.0,,,,,,,,,,,4.082,4.08,4.083,,,,233.067,0.0,0.0,,,,,287.067,287.0,288.0,,,0.0,1281.0,1310.0,0.0,0.0,0.0,0.0,0.0,0.0,30.0,0.0,0.0,0.0,30.0,0.0,0.0,0.0,0.0,0.0,"solar2_v,lipo2_v"
2020-06-16T23:00:00Z,29.0,29.0,,,0.307,0.506,,,,,,,,,,,4.082,4.08,4.082,,,,233.103,0.0,0.0,,,,,291.483,287.0,298.0,,,0.0,1311.0,1339.0,0.0,20.0,0.0,0.0,0.0,0.0,29.0,0.0,0.0,0.0,29.0,0.0,0.0,0.0,0.0,0.0,"solar2_v,lipo2_v"
2020-06-17T00:00:00Z,30.0,30.0,,,0.773,1.351,,,,,,,,,,,4.081,4.08,4.082,,,,232.1,0.0,0.0,,,,,302.267,299.0,314.0,,,0.0,1340.0,1369.0,0.0,30.0,0.0,0.0,0.0,0.0,30.0,0.0,0.0,0.0,30.0,0.0,0.0,0.0,0.0,0.0,"solar2_v,lipo2_v"
2020-06-17T01:00:00Z,29.0,29.0,,,2.703,4.685,,,,,,,,,,,4.082,4.08,4.083,,,,224.655,0.0,0.0,,,,,300.655,204.0,350.0,,,0.0,1370.0,1398.0,0.0,29.0,0.0,0.0,0.0,0.0,29.0,0.0,0.0,0.0,29.0,0.0,0.0,0.0,0.0,0.0,"solar2_v,lipo2_v"
2020-06-17T02:00:00Z,30.0,30.0,,,4.2,5.071,,,,,,,,,,,4.083,4.082,4.085,,,,215.333,0.0,0.0,,,,,238.333,237.0,241.0,,,0.0,1399.0,1428.0,0.0,30.0,0.0,0.0,0.0,0.0,30.0,0.0,0.0,0.0,30.0,0.0,0.0,0.0,0.0,0.0,"solar2_v,lipo2_v"
2020-06-17T03:00:00Z,28.0,28.0,,,2.703,5.312,,,,,,,,,,,4.083,4.082,4.085,,,,214.536,0.0,0.0,,,,,237.429,235.0,239.0,,,0.0,1429.0,1457.0,0.0,28.0,0.0,0.0,0.0,0.0,28.0,0.0,0.0,0.0,28.0,0.0,0.0,0.0,0.0,0.0,"solar2_v,lipo2_v"
2020-06-17T04:00:00Z,30.0,30.0,,,3.329,5.256,,,,,,,,,,,4.082,4.08,4.083,,,,215.767,0.0,0.0,,,,,238.667,237.0,241.0,,,0.0,1458.0,1487.0,0.0,30.0,0.0,0.0,0.0,0.0,30.0,0.0,0.0,0.0,30.0,0.0,0.0,0.0,0.0,0.0,"solar2_v,lipo2_v"
2020-06-17T05:00:00Z,29.0,29.0,,,3.584,5.049,,,,,,,,,,,4.082,4.08,4.083,,,,215.379,0.0,0.0,,,,,238.103,236.0,241.0,,,0.0,1488.0,1516.0,0.0,29.0,0.0,0.0,0.0,0.0,29.0,0.0,0.0,0.0,29.0,0.0,0.0,0.0,0.0,0.0,"solar2_v,lipo2_v"
2020-06-17T06:00:00Z,30.0,30.0,,,1.563,4.326,,,,,,,,,,,4.08,4.078,4.082,,,,216.267,0.0,0.0,,,,,239.367,236.0,243.0,,,0.0,1517.0,1546.0,0.0,30.0,0.0,0.0,0.0,0.0,30.0,0.0,0.0,0.0,30.0,0.0,0.0,0.0,0.0,0.0,"solar2_v,lipo2_v"
2020-06-17T07:00:00Z,29.0,29.0,,,0.283,0.838,,,,,,,,,,,4.078,4.077,4.08,,,,218.379,0.0,0.0,,,,,241.448,240.0,244.0,,,0.0,1547.0,1575.0,0.0,19.0,0.0,0.0,0.0,0.0,29.0,0.0,0.0,0.0,29.0,0.0,0.0,0.0,0.0,0.0,"solar2_v,lipo2_v"
2020-06-17T08:00:00Z,29.0,29.0,,,0.072,0.38,,,,,,,,,,,4.077,4.075,4.078,,,,218.69,0.0,0.0,,,,,241.414,240.0,242.0,,,0.0,1576.0,1604.0,0.0,6.0,0.0,0.0,0.0,0.0,29.0,0.0,0.0,0.0,29.0,0.0,0.0,0.0,0.0,0.0,"solar2_v,lipo2_v"
2020-06-17T09:00:00Z,29.0,29.0,,,0.0,0.0,,,,,,,,,,,4.076,4.073,4.078,,,,218.793,0.0,0.0,,,,,241.655,241.0,244.0,,,0.0,1605.0,1634.0,0.0,0.0,0.0,0.0,0.0,0.0,29.0,0.0,0.0,0.0,29.0,0.0,0.0,0.0,0.0,0.0,"solar2_v,lipo2_v"
2020-06-17T10:00:00Z,27.0,27.0,,,0.0,0.0,,,,,,,,,,,4.075,4.073,4.077,,,,218.926,0.0,0.0,,,,,241.741,240.0,244.0,,,0.0,1635.0,1663.0,0.0,0.0,0.0,0.0,0.0,0.0,27.0,0.0,0.0,0.0,27.0,0.0,0.0,0.0,0.0,0.0,"solar2_v,lipo2_v"
2020-06-17T11:00:00Z,27.0,27.0,,,0.0,0.0,,,,,,,,,,,4.075,4.073,4.077,,,,219.222,0.0,0.0,,,,,241.852,241.0,243.0,,,0.0,1664.0,1692.0,0.0,0.0,0.0,0.0,0.0,0.0,27.0,0.0,0.0,0.0,27.0,0.0,0.0,0.0,0.0,0.0,"solar2_v,lipo2_v"
2020-06-17T12:00:00Z,30.0,30.0,,,0.0,0.0,,,,,,,,,,,4.073,4.07,4.075,,,,219.4,0.0,0.0,,,,,241.8,240.0,244.0,,,0.0,1693.0,1722.0,0.0,0.0,0.0,0.0,0.0,0.0,30.0,0.0,0.0,0.0,30.0,0.0,0.0,0.0,0.0,0.0,"solar2_v,lipo2_v"
2020-06-17T13:00:00Z,29.0,29.0,,,0.0,0.0,,,,,,,,,,,4.072,4.07,4.073,,,,219.586,0.0,0.0,,,,,241.793,241.0,244.0,,,0.0,1723.0,1751.0,0.0,0.0,0.0,0.0,0.0,0.0,29.0,0.0,0.0,0.0,29.0,0.0,0.0,0.0,0.0,0.0,"solar2_v,lipo2_v"
2020-06-17T14:00:00Z,27.0,27.0,,,0.0,0.0,,,,,,,,,,,4.071,4.069,4.073,,,,219.593,0.0,0.0,,,,,242.111,241.0,245.0,,,0.0,1752.0,1780.0,0.0,0.0,0.0,0.0,0.0,0.0,27.0,0.0,0.0,0.0,27.0,0.0,0.0,0.0,0.0,0.0,"solar2_v,lipo2_v"
2020-06-17T15:00:00Z,29.0,29.0,,,0.0,0.0,,,,,,,,,,,4.07,4.067,4.072,,,,219.448,0.0,0.0,,,,,242.138,240.0,245.0,,,0.0,1782.0,1810.0,0.0,0.0,0.0,0.0,0.0,0.0,29.0,0.0,0.0,0.0,29.0,0.0,0.0,0.0,0.0,0.0,"solar2_v,lipo2_v"
2020-06-17T16:00:00Z,27.0,27.0,,,0.0,0.0,,,,,,,,,,,4.069,4.067,4.07,,,,219.333,0.0,0.0,,,,,241.815,241.0,243.0,,,0.0,1811.0,1839.0,0.0,0.0,0.0,0.0,0.0,0.0,27.0,0.0,0.0,0.0,27.0,0.0,0.0,0.0,0.0,0.0,"solar2_v,lipo2_v"
2020-06-17T17:00:00Z,30.0,30.0,,,0.0,0.0,,,,,,,,,,,4.069,4.067,4.072,,,,219.333,0.0,0.0,,,,,242.167,242.0,244.0,,,0.0,1840.0,1869.0,0.0,0.0,0.0,0.0,0.0,0.0,30.0,0.0,0.0,0.0,30.0,0.0,0.0,0.0,0.0,0.0,"solar2_v,lipo2_v"
2020-06-17T18:00:00Z,29.0,29.0,,,0.0,0.0,,,,,,,,,,,4.067,4.064,4.07,,,,220.0,0.0,0.0,,,,,242.552,241.0,246.0,,,0.0,1870.0,1898.0,0.0,0.0,0.0,0.0,0.0,0.0,29.0,0.0,0.0,0.0,29.0,0.0,0.0,0.0,0.0,0.0,"solar2_v,lipo2_v"
2020-06-17T19:00:00Z,29.0,29.0,,,0.0,0.0,,,,,,,,,,,4.068,4.065,4.069,,,,219.931,0.0,0.0,,,,,242.241,241.0,245.0,,,0.0,1899.0,1927.0,0.0,0.0,0.0,0.0,0.0,0.0,29.0,0.0,0.0,0.0,29.0,0.0,0.0,0.0,0.0,0.0,"solar2_v,lipo2_v"
2020-06-17T20:00:00Z,27.0,27.0,,,0.0,0.0,,,,,,,,,,,4.067,4.064,4.069,,,,219.667,0.0,0.0,,,,,242.148,241.0,245.0,,,0.0,1928.0,1957.0,0.0,0.0,0.0,0.0,0.0,0.0,27.0,0.0,0.0,0.0,27.0,0.0,0.0,0.0,0.0,0.0,"solar2_v,lipo2_v"
2020-06-17T21:00:00Z,26.0,26.0,,,0.0,0.0,,,,,,,,,,,4.067,4.065,4.069,,,,219.654,0.0,0.0,,,,,242.423,241.0,246.0,,,0.0,1961.0,1986.0,0.0,0.0,0.0,0.0,0.0,0.0,26.0,0.0,0.0,0.0,26.0,0.0,0.0,0.0,0.0,0.0,"solar2_v,lipo2_v"
2020-06-17T22:00:00Z,30.0,30.0,,,0.0,0.0,,,,,,,,,,,4.065,4.062,4.069,,,,219.833,0.0,0.0,,,,,242.067,241.0,244.0,,,0.0,1987.0,2016.0,0.0,0.0,0.0,0.0,0.0,0.0,30.0,0.0,0.0,0.0,30.0,0.0,0.0,0.0,0.0,0.0,"solar2_v,lipo2_v"
2020-06-17T23:00:00Z,29.0,29.0,,,0.133,0.636,,,,,,,,,,,4.064,4.062,4.067,,,,219.931,0.0,0.0,,,,,242.241,241.0,245.0,,,0.0,2017.0,2045.0,0.0,8.0,0.0,0.0,0.0,0.0,29.0,0.0,0.0,0.0,29.0,0.0,0.0,0.0,0.0,0.0,"solar2_v,lipo2_v"
2020-06-18T00:00:00Z,30.0,30.0,,,0.697,0.815,,,,,,,,,,,4.064,4.062,4.065,,,,219.1,0.0,0.0,,,,,242.267,241.0,245.0,,,0.0,2046.0,2075.0,0.0,30.0,0.0,0.0,0.0,0.0,30.0,0.0,0.0,0.0,30.0,0.0,0.0,0.0,0.0,0.0,"solar2_v,lipo2_v"
2020-06-18T01:00:00Z,29.0,29.0,,,2.059,4.898,,,,,,,,,,,4.064,4.062,4.065,,,,218.172,0.0,0.0,,,,,241.207,239.0,242.0,,,0.0,2076.0,2104.0,0.0,29.0,0.0,0.0,0.0,0.0,29.0,0.0,0.0,0.0,29.0,0.0,0.0,0.0,0.0,0.0,"solar2_v,lipo2_v"
2020-06-18T02:00:00Z,30.0,30.0,,,4.824,5.044,,,,,,,,,,,4.068,4.064,4.07,,,,214.833,0.0,0.0,,,,,238.333,236.0,240.0,,,0.0,2105.0,2134.0,0.0,30.0,0.0,0.0,0.0,0.0,30.0,0.0,0.0,0.0,30.0,0.0,0.0,0.0,0.0,0.0,"solar2_v,lipo2_v"
2020-06-18T03:00:00Z,29.0,29.0,,,4.976,5.108,,,,,,,,,,,4.069,4.067,4.07,,,,213.724,0.0,0.0,,,,,237.0,236.0,238.0,,,0.0,2135.0,2163.0,0.0,29.0,0.0,0.0,0.0,0.0,29.0,0.0,0.0,0.0,29.0,0.0,0.0,0.0,0.0,0.0,"solar2_v,lipo2_v"
2020-06-18T04:00:00Z,27.0,27.0,,,3.566,5.271,,,,,,,,,,,4.067,4.065,4.069,,,,214.852,0.0,0.0,,,,,237.556,236.0,239.0,,,0.0,2164.0,2192.0,0.0,27.0,0.0,0.0,0.0,0.0,27.0,0.0,0.0,0.0,27.0,0.0,0.0,0.0,0.0,0.0,"solar2_v,lipo2_v"
2020-06-18T05:00:00Z,30.0,30.0,,,4.012,5.402,,,,,,,,,,,4.068,4.065,4.07,,,,214.267,0.0,0.0,,,,,237.333,235.0,240.0,,,0.0,2193.0,2222.0,0.0,30.0,0.0,0.0,0.0,0.0,30.0,0.0,0.0,0.0,30.0,0.0,0.0,0.0,0.0,0.0,"solar2_v,lipo2_v"
2020-06-18T06:00:00Z,29.0,29.0,,,4.07,5.269,,,,,,,,,,,4.068,4.065,4.07,,,,212.966,0.0,0.0,,,,,235.862,233.0,238.0,,,0.0,2223.0,2251.0,0.0,29.0,0.0,0.0,0.0,0.0,29.0,0.0,0.0,0.0,29.0,0.0,0.0,0.0,0.0,0.0,"solar2_v,lipo2_v"
2020-06-18T07:00:00Z,30.0,30.0,,,2.357,5.141,,,,,,,,,,,4.067,4.064,4.07,,,,214.933,0.0,0.0,,,,,237.567,234.0,241.0,,,0.0,2252.0,2281.0,0.0,30.0,0.0,0.0,0.0,0.0,30.0,0.0,0.0,0.0,30.0,0.0,0.0,0.0,0.0,0.0,"solar2_v,lipo2_v"
2020-06-18T08:00:00Z,29.0,29.0,,,1.052,1.622,,,,,,,,,,,4.064,4.062,4.067,,,,216.379,0.0,0.0,,,,,239.345,238.0,241.0,,,0.0,2282.0,2310.0,0.0,29.0,0.0,0.0,0.0,0.0,29.0,0.0,0.0,0.0,29.0,0.0,0.0,0.0,0.0,0.0,"solar2_v,lipo2_v"
2020-06-18T09:00:00Z,30.0,30.0,,,0.717,1.097,,,,,,,,,,,4.062,4.059,4.064,,,,217.267,0.0,0.0,,,,,240.367,239.0,243.0,,,0.0,2311.0,2340.0,0.0,30.0,0.0,0.0,0.0,0.0,30.0,0.0,0.0,0.0,30.0,0.0,0.0,0.0,0.0,0.0,"solar2_v,lipo2_v"
2020-06-18T10:00:00Z,28.0,28.0,,,0.174,0.467,,,,,,,,,,,4.061,4.059,4.064,,,,217.393,0.0,0.0,,,,,240.321,238.0,243.0,,,0.0,2341.0,2369.0,0.0,13.0,0.0,0.0,0.0,0.0,28.0,0.0,0.0,0.0,28.0,0.0,0.0,0.0,0.0,0.0,"solar2_v,lipo2_v"
2020-06-18T11:00:00Z,27.0,27.0,,,0.0,0.0,,,,,,,,,,,4.06,4.059,4.062,,,,218.148,0.0,0.0,,,,,240.815,239.0,243.0,,,0.0,2370.0,2398.0,0.0,0.0,0.0,0.0,0.0,0.0,27.0,0.0,0.0,0.0,27.0,0.0,0.0,0.0,0.0,0.0,"solar2_v,lipo2_v"
2020-06-18T12:00:00Z,30.0,30.0,,,0.0,0.0,,,,,,,,,,,4.059,4.057,4.062,,,,218.2,0.0,0.0,,,,,241.067,239.0,244.0,,,0.0,2399.0,2428.0,0.0,0.0,0.0,0.0,0.0,0.0,30.0,0.0,0.0,0.0,30.0,0.0,0.0,0.0,0.0,0.0,"solar2_v,lipo2_v"
2020-06-18T13:00:00Z,28.0,28.0,,,0.0,0.0,,,,,,,,,,,4.058,4.057,4.06,,,,218.536,0.0,0.0,,,,,241.429,239.0,244.0,,,0.0,2429.0,2457.0,0.0,0.0,0.0,0.0,0.0,0.0,28.0,0.0,0.0,0.0,28.0,0.0,0.0,0.0,0.0,0.0,"solar2_v,lipo2_v"
2020-06-18T14:00:00Z,30.0,30.0,,,0.0,0.0,,,,,,,,,,,4.057,4.055,4.059,,,,218.167,0.0,0.0,,,,,241.167,240.0,244.0,,,0.0,2458.0,2487.0,0.0,0.0,0.0,0.0,0.0,0.0,30.0,0.0,0.0,0.0,30.0,0.0,0.0,0.0,0.0,0.0,"solar2_v,lipo2_v"
2020-06-18T15:00:00Z,29.0,29.0,,,0.0,0.0,,,,,,,,,,,4.056,4.054,4.059,,,,218.172,0.0,0.0,,,,,240.966,240.0,244.0,,,0.0,2488.0,2516.0,0.0,0.0,0.0,0.0,0.0,0.0,29.0,0.0,0.0,0.0,29.0,0.0,0.0,0.0,0.0,0.0,"solar2_v,lipo2_v"
2020-06-18T16:00:00Z,30.0,30.0,,,0.0,0.0,,,,,,,,,,,4.056,4.054,4.057,,,,218.333,0.0,0.0,,,,,241.067,240.0,242.0,,,0.0,2517.0,2546.0,0.0,0.0,0.0,0.0,0.0,0.0,30.0,0.0,0.0,0.0,30.0,0.0,0.0,0.0,0.0,0.0,"solar2_v,lipo2_v"
2020-06-18T17:00:00Z,29.0,29.0,,,0.0,0.0,,,,,,,,,,,4.055,4.054,4.057,,,,218.759,0.0,0.0,,,,,241.483,240.0,244.0,,,0.0,2547.0,2575.0,0.0,0.0,0.0,0.0,0.0,0.0,29.0,0.0,0.0,0.0,29.0,0.0,0.0,0.0,0.0,0.0,"solar2_v,lipo2_v"
2020-06-18T18:00:00Z,29.0,29.0,,,0.0,0.0,,,,,,,,,,,4.055,4.052,4.057,,,,219.172,0.0,0.0,,,,,241.724,239.0,244.0,,,0.0,2576.0,2604.0,0.0,0.0,0.0,0.0,0.0,0.0,29.0,0.0,0.0,0.0,29.0,0.0,0.0,0.0,0.0,0.0,"solar2_v,lipo2_v"
2020-06-18T19:00:00Z,29.0,29.0,,,0.0,0.0,,,,,,,,,,,4.054,4.052,4.057,,,,219.0,0.0,0.0,,,,,241.414,240.0,243.0,,,0.0,2605.0,2633.0,0.0,0.0,0.0,0.0,0.0,0.0,29.0,0.0,0.0,0.0,29.0,0.0,0.0,0.0,0.0,0.0,"solar2_v,lipo2_v"
2020-06-18T20:00:00Z,30.0,30.0,,,0.0,0.0,,,,,,,,,,,4.053,4.05,4.055,,,,219.0,0.0,0.0,,,,,241.633,240.0,243.0,,,0.0,2634.0,2663.0,0.0,0.0,0.0,0.0,0.0,0.0,30.0,0.0,0.0,0.0,30.0,0.0,0.0,0.0,0.0,0.0,"solar2_v,lipo2_v"
2020-06-18T21:00:00Z,29.0,29.0,,,0.0,0.0,,,,,,,,,,,4.053,4.052,4.055,,,,218.828,0.0,0.0,,,,,241.552,240.0,245.0,,,0.0,2664.0,2692.0,0.0,0.0,0.0,0.0,0.0,0.0,29.0,0.0,0.0,0.0,29.0,0.0,0.0,0.0,0.0,0.0,"solar2_v,lipo2_v"
2020-06-18T22:00:00Z,30.0,30.0,,,0.0,0.0,,,,,,,,,,,4.052,4.05,4.054,,,,219.067,0.0,0.0,,,,,241.833,241.0,245.0,,,0.0,2693.0,2722.0,0.0,0.0,0.0,0.0,0.0,0.0,30.0,0.0,0.0,0.0,30.0,0.0,0.0,0.0,0.0,0.0,"solar2_v,lipo2_v"
2020-06-18T23:00:00Z,29.0,29.0,,,0.1,0.36,,,,,,,,,,,4.052,4.05,4.054,,,,219.069,0.0,0.0,,,,,241.414,239.0,245.0,,,0.0,2723.0,2751.0,0.0,8.0,0.0,0.0,0.0,0.0,29.0,0.0,0.0,0.0,29.0,0.0,0.0,0.0,0.0,0.0,"solar2_v,lipo2_v"
2020-06-19T00:00:00Z,29.0,29.0,,,0.564,0.971,,,,,,,,,,,4.052,4.05,4.052,,,,218.517,0.0,0.0,,,,,241.517,241.0,245.0,,,0.0,2752.0,2780.0,0.0,29.0,0.0,0.0,0.0,0.0,29.0,0.0,0.0,0.0,29.0,0.0,0.0,0.0,0.0,0.0,"solar2_v,lipo2_v"
2020-06-19T01:00:00Z,30.0,30.0,,,0.811,1.126,,,,,,,,,,,4.052,4.05,4.054,,,,218.2,0.0,0.0,,,,,241.133,240.0,242.0,,,0.0,2781.0,2810.0,0.0,30.0,0.0,0.0,0.0,0.0,30.0,0.0,0.0,0.0,30.0,0.0,0.0,0.0,0.0,0.0,"solar2_v,lipo2_v"
2020-06-19T02:00:00Z,29.0,29.0,,,0.434,0.569,,,,,,,,,,,4.051,4.05,4.054,,,,219.207,0.0,0.0,,,,,241.69,240.0,245.0,,,0.0,2811.0,2839.0,0.0,29.0,0.0,0.0,0.0,0.0,29.0,0.0,0.0,0.0,29.0,0.0,0.0,0.0,0.0,0.0,"solar2_v,lipo2_v"
2020-06-19T03:00:00Z,30.0,30.0,,,0.569,0.706,,,,,,,,,,,4.05,4.047,4.052,,,,220.4,0.0,0.0,,,,,242.5,241.0,244.0,,,0.0,2840.0,2869.0,0.0,30.0,0.0,0.0,0.0,0.0,30.0,0.0,0.0,0.0,30.0,0.0,0.0,0.0,0.0,0.0,"solar2_v,lipo2_v"
2020-06-19T04:00:00Z,29.0,29.0,,,3.174,5.31,,,,,,,,,,,4.051,4.049,4.052,,,,218.724,0.0,0.0,,,,,241.207,238.0,245.0,,,0.0,2870.0,2898.0,0.0,29.0,0.0,0.0,0.0,0.0,29.0,0.0,0.0,0.0,29.0,0.0,0.0,0.0,0.0,0.0,"solar2_v,lipo2_v"
2020-06-19T05:00:00Z,30.0,30.0,,,2.909,5.061,,,,,,,,,,,4.052,4.049,4.054,,,,216.533,0.0,0.0,,,,,238.9,237.0,241.0,,,0.0,2899.0,2928.0,0.0,30.0,0.0,0.0,0.0,0.0,30.0,0.0,0.0,0.0,30.0,0.0,0.0,0.0,0.0,0.0,"solar2_v,lipo2_v"
2020-06-19T06:00:00Z,29.0,29.0,,,2.73,4.951,,,,,,,,,,,4.052,4.05,4.054,,,,217.069,0.0,0.0,,,,,239.241,238.0,242.0,,,0.0,2929.0,2957.0,0.0,29.0,0.0,0.0,0.0,0.0,29.0,0.0,0.0,0.0,29.0,0.0,0.0,0.0,0.0,0.0,"solar2_v,lipo2_v"
2020-06-19T07:00:00Z,30.0,30.0,,,2.117,3.342,,,,,,,,,,,4.052,4.049,4.055,,,,217.667,0.0,0.0,,,,,240.133,238.0,242.0,,,0.0,2958.0,2987.0,0.0,30.0,0.0,0.0,0.0,0.0,30.0,0.0,0.0,0.0,30.0,0.0,0.0,0.0,0.0,0.0,"solar2_v,lipo2_v"
2020-06-19T08:00:00Z,29.0,29.0,,,1.183,1.572,,,,,,,,,,,4.051,4.049,4.054,,,,218.0,0.0,0.0,,,,,240.138,238.0,243.0,,,0.0,2988.0,3016.0,0.0,29.0,0.0,0.0,0.0,0.0,29.0,0.0,0.0,0.0,29.0,0.0,0.0,0.0,0.0,0.0,"solar2_v,lipo2_v"
2020-06-19T09:00:00Z,30.0,30.0,,,0.266,0.859,,,,,,,,,,,4.05,4.049,4.052,,,,218.133,0.0,0.0,,,,,240.9,239.0,243.0,,,0.0,3017.0,3046.0,0.0,13.0,0.0,0.0,0.0,0.0,30.0,0.0,0.0,0.0,30.0,0.0,0.0,0.0,0.0,0.0,"solar2_v,lipo2_v"
2020-06-19T10:00:00Z,29.0,29.0,,,0.0,0.0,,,,,,,,,,,4.049,4.047,4.05,,,,218.655,0.0,0.0,,,,,241.034,240.0,243.0,,,0.0,3047.0,3075.0,0.0,0.0,0.0,0.0,0.0,0.0,29.0,0.0,0.0,0.0,29.0,0.0,0.0,0.0,0.0,0.0,"solar2_v,lipo2_v"
2020-06-19T11:00:00Z,30.0,30.0,,,0.0,0.0,,,,,,,,,,,4.049,4.047,4.052,,,,218.367,0.0,0.0,,,,,241.167,239.0,244.0,,,0.0,3076.0,3105.0,0.0,0.0,0.0,0.0,0.0,0.0,30.0,0.0,0.0,0.0,30.0,0.0,0.0,0.0,0.0,0.0,"solar2_v,lipo2_v"
2020-06-19T12:00:00Z,29.0,29.0,,,0.0,0.0,,,,,,,,,,,4.048,4.045,4.05,,,,218.414,0.0,0.0,,,,,241.345,240.0,244.0,,,0.0,3106.0,3134.0,0.0,0.0,0.0,0.0,0.0,0.0,29.0,0.0,0.0,0.0,29.0,0.0,0.0,0.0,0.0,0.0,"solar2_v,lipo2_v"
2020-06-19T13:00:00Z,30.0,30.0,,,0.0,0.0,,,,,,,,,,,4.047,4.045,4.049,,,,218.667,0.0,0.0,,,,,241.233,239.0,245.0,,,0.0,3135.0,3164.0,0.0,0.0,0.0,0.0,0.0,0.0,30.0,0.0,0.0,0.0,30.0,0.0,0.0,0.0,0.0,0.0,"solar2_v,lipo2_v"
2020-06-19T14:00:00Z,28.0,28.0,,,0.0,0.0,,,,,,,,,,,4.047,4.045,4.049,,,,218.857,0.0,0.0,,,,,241.536,240.0,245.0,,,0.0,3165.0,3193.0,0.0,0.0,0.0,0.0,0.0,0.0,28.0,0.0,0.0,0.0,28.0,0.0,0.0,0.0,0.0,0.0,"solar2_v,lipo2_v"
2020-06-19T15:00:00Z,29.0,29.0,,,0.0,0.0,,,,,,,,,,,4.045,4.044,4.047,,,,218.621,0.0,0.0,,,,,241.414,240.0,244.0,,,0.0,3194.0,3222.0,0.0,0.0,0.0,0.0,0.0,0.0,29.0,0.0,0.0,0.0,29.0,0.0,0.0,0.0,0.0,0.0,"solar2_v,lipo2_v"
2020-06-19T16:00:00Z,30.0,30.0,,,0.0,0.0,,,,,,,,,,,4.045,4.044,4.047,,,,219.267,0.0,0.0,,,,,241.733,240.0,244.0,,,0.0,3223.0,3252.0,0.0,0.0,0.0,0.0,0.0,0.0,30.0,0.0,0.0,0.0,30.0,0.0,0.0,0.0,0.0,0.0,"solar2_v,lipo2_v"
2020-06-19T17:00:00Z,29.0,29.0,,,0.0,0.0,,,,,,,,,,,4.045,4.044,4.047,,,,219.379,0.0,0.0,,,,,241.759,241.0,246.0,,,0.0,3253.0,3281.0,0.0,0.0,0.0,0.0,0.0,0.0,29.0,0.0,0.0,0.0,29.0,0.0,0.0,0.0,0.0,0.0,"solar2_v,lipo2_v"
2020-06-19T18:00:00Z,30.0,30.0,,,0.0,0.0,,,,,,,,,,,4.045,4.042,4.049,,,,219.633,0.0,0.0,,,,,241.833,240.0,243.0,,,0.0,3282.0,3311.0,0.0,0.0,0.0,0.0,0.0,0.0,30.0,0.0,0.0,0.0,30.0,0.0,0.0,0.0,0.0,0.0,"solar2_v,lipo2_v"
2020-06-19T19:00:00Z,29.0,29.0,,,0.0,0.0,,,,,,,,,,,4.044,4.042,4.047,,,,219.724,0.0,0.0,,,,,242.069,241.0,246.0,,,0.0,3312.0,3340.0,0.0,0.0,0.0,0.0,0.0,0.0,29.0,0.0,0.0,0.0,29.0,0.0,0.0,0.0,0.0,0.0,"solar2_v,lipo2_v"
2020-06-19T20:00:00Z,30.0,30.0,,,0.0,0.0,,,,,,,,,,,4.043,4.04,4.045,,,,219.6,0.0,0.0,,,,,242.2,241.0,246.0,,,0.0,3341.0,3370.0,0.0,0.0,0.0,0.0,0.0,0.0,30.0,0.0,0.0,0.0,30.0,0.0,0.0,0.0,0.0,0.0,"solar2_v,lipo2_v"
2020-06-19T21:00:00Z,29.0,29.0,,,0.0,0.0,,,,,,,,,,,4.042,4.04,4.045,,,,220.414,0.0,0.0,,,,,242.345,241.0,246.0,,,0.0,3371.0,3399.0,0.0,0.0,0.0,0.0,0.0,0.0,29.0,0.0,0.0,0.0,29.0,0.0,0.0,0.0,0.0,0.0,"solar2_v,lipo2_v"
2020-06-19T22:00:00Z,30.0,30.0,,,0.0,0.0,,,,,,,,,,,4.041,4.039,4.044,,,,221.2,0.0,0.0,,,,,242.433,242.0,245.0,,,0.0,3400.0,3429.0,0.0,0.0,0.0,0.0,0.0,0.0,30.0,0.0,0.0,0.0,30.0,0.0,0.0,0.0,0.0,0.0,"solar2_v,lipo2_v"
2020-06-19T23:00:00Z,29.0,29.0,,,0.279,0.524,,,,,,,,,,,4.041,4.039,4.044,,,,220.31,0.0,0.0,,,,,242.103,241.0,243.0,,,0.0,3430.0,3458.0,0.0,19.0,0.0,0.0,0.0,0.0,29.0,0.0,0.0,0.0,29.0,0.0,0.0,0.0,0.0,0.0,"solar2_v,lipo2_v"
2020-06-20T00:00:00Z,30.0,30.0,,,0.795,1.013,,,,,,,,,,,4.042,4.039,4.044,,,,219.667,0.0,0.0,,,,,242.1,241.0,245.0,,,0.0,3459.0,3488.0,0.0,30.0,0.0,0.0,0.0,0.0,30.0,0.0,0.0,0.0,30.0,0.0,0.0,0.0,0.0,0.0,"solar2_v,lipo2_v"
2020-06-20T01:00:00Z,29.0,29.0,,,1.943,4.708,,,,,,,,,,,4.042,4.039,4.044,,,,218.931,0.0,0.0,,,,,241.517,240.0,245.0,,,0.0,3489.0,3517.0,0.0,29.0,0.0,0.0,0.0,0.0,29.0,0.0,0.0,0.0,29.0,0.0,0.0,0.0,0.0,0.0,"solar2_v,lipo2_v"
2020-06-20T02:00:00Z,30.0,30.0,,,3.295,5.098,,,,,,,,,,,4.044,4.042,4.045,,,,217.4,0.0,0.0,,,,,239.767,238.0,242.0,,,0.0,3518.0,3547.0,0.0,30.0,0.0,0.0,0.0,0.0,30.0,0.0,0.0,0.0,30.0,0.0,0.0,0.0,0.0,0.0,"solar2_v,lipo2_v"
2020-06-20T03:00:00Z,29.0,29.0,,,3.762,5.116,,,,,,,,,,,4.046,4.044,4.049,,,,216.552,0.0,0.0,,,,,238.655,238.0,240.0,,,0.0,3548.0,3576.0,0.0,29.0,0.0,0.0,0.0,0.0,29.0,0.0,0.0,0.0,29.0,0.0,0.0,0.0,0.0,0.0,"solar2_v,lipo2_v"
2020-06-20T04:00:00Z,29.0,29.0,,,4.683,5.033,,,,,,,,,,,4.047,4.044,4.049,,,,215.034,0.0,0.0,,,,,237.207,235.0,239.0,,,0.0,3577.0,3605.0,0.0,29.0,0.0,0.0,0.0,0.0,29.0,0.0,0.0,0.0,29.0,0.0,0.0,0.0,0.0,0.0,"solar2_v,lipo2_v"
2020-06-20T05:00:00Z,29.0,29.0,,,4.932,4.985,,,,,,,,,,,4.048,4.045,4.05,,,,211.966,0.0,0.0,,,,,233.966,233.0,236.0,,,0.0,3606.0,3635.0,0.0,29.0,0.0,0.0,0.0,0.0,29.0,0.0,0.0,0.0,29.0,0.0,0.0,0.0,0.0,0.0,"solar2_v,lipo2_v"
2020-06-20T06:00:00Z,29.0,29.0,,,4.84,4.931,,,,,,,,,,,4.048,4.047,4.05,,,,211.759,0.0,0.0,,,,,233.793,233.0,236.0,,,0.0,3636.0,3664.0,0.0,29.0,0.0,0.0,0.0,0.0,29.0,0.0,0.0,0.0,29.0,0.0,0.0,0.0,0.0,0.0,"solar2_v,lipo2_v"
2020-06-20T07:00:00Z,28.0,28.0,,,3.034,4.787,,,,,,,,,,,4.047,4.045,4.05,,,,213.679,0.0,0.0,,,,,236.071,233.0,239.0,,,0.0,3665.0,3694.0,0.0,28.0,0.0,0.0,0.0,0.0,28.0,0.0,0.0,0.0,28.0,0.0,0.0,0.0,0.0,0.0,"solar2_v,lipo2_v"
2020-06-20T08:00:00Z,29.0,29.0,,,0.996,2.114,,,,,,,,,,,4.044,4.04,4.047,,,,217.138,0.0,0.0,,,,,239.069,238.0,241.0,,,0.0,3695.0,3723.0,0.0,29.0,0.0,0.0,0.0,0.0,29.0,0.0,0.0,0.0,29.0,0.0,0.0,0.0,0.0,0.0,"solar2_v,lipo2_v"
2020-06-20T09:00:00Z,29.0,29.0,,,0.21,0.474,,,,,,,,,,,4.042,4.04,4.044,,,,218.207,0.0,0.0,,,,,240.414,239.0,242.0,,,0.0,3724.0,3752.0,0.0,17.0,0.0,0.0,0.0,0.0,29.0,0.0,0.0,0.0,29.0,0.0,0.0,0.0,0.0,0.0,"solar2_v,lipo2_v"
2020-06-20T10:00:00Z,29.0,29.0,,,0.141,0.451,,,,,,,,,,,4.041,4.037,4.044,,,,218.241,0.0,0.0,,,,,240.793,239.0,242.0,,,0.0,3753.0,3782.0,0.0,10.0,0.0,0.0,0.0,0.0,29.0,0.0,0.0,0.0,29.0,0.0,0.0,0.0,0.0,0.0,"solar2_v,lipo2_v"
2020-06-20T11:00:00Z,29.0,29.0,,,0.0,0.0,,,,,,,,,,,4.04,4.037,4.042,,,,218.276,0.0,0.0,,,,,240.655,239.0,243.0,,,0.0,3783.0,3811.0,0.0,0.0,0.0,0.0,0.0,0.0,29.0,0.0,0.0,0.0,29.0,0.0,0.0,0.0,0.0,0.0,"solar2_v,lipo2_v"
2020-06-20T12:00:00Z,30.0,30.0,,,0.0,0.0,,,,,,,,,,,4.04,4.039,4.042,,,,226.5,0.0,0.0,,,,,317.9,241.0,337.0,,,0.0,3812.0,3841.0,0.0,0.0,0.0,0.0,0.0,0.0,30.0,0.0,0.0,0.0,30.0,0.0,0.0,0.0,0.0,0.0,"solar2_v,lipo2_v"
2020-06-20T13:00:00Z,29.0,29.0,,,0.0,0.0,,,,,,,,,,,4.04,4.037,4.042,,,,228.414,0.0,0.0,,,,,329.241,328.0,330.0,,,0.0,3842.0,3870.0,0.0,0.0,0.0,0.0,0.0,0.0,29.0,0.0,0.0,0.0,29.0,0.0,0.0,0.0,0.0,0.0,"solar2_v,lipo2_v"
2020-06-20T14:00:00Z,30.0,30.0,,,0.0,0.0,,,,,,,,,,,4.039,4.037,4.042,,,,228.8,0.0,0.0,,,,,328.133,327.0,329.0,,,0.0,3871.0,3900.0,0.0,0.0,0.0,0.0,0.0,0.0,30.0,0.0,0.0,0.0,30.0,0.0,0.0,0.0,0.0,0.0,"solar2_v,lipo2_v"
2020-06-20T15:00:00Z,29.0,29.0,,,0.0,0.0,,,,,,,,,,,4.038,4.036,4.04,,,,228.862,0.0,0.0,,,,,326.966,326.0,328.0,,,0.0,3901.0,3929.0,0.0,0.0,0.0,0.0,0.0,0.0,29.0,0.0,0.0,0.0,29.0,0.0,0.0,0.0,0.0,0.0,"solar2_v,lipo2_v"
2020-06-20T16:00:00Z,29.0,29.0,,,0.0,0.0,,,,,,,,,,,4.037,4.034,4.04,,,,229.828,0.0,0.0,,,,,321.448,317.0,326.0,,,0.0,3930.0,3958.0,0.0,0.0,0.0,0.0,0.0,0.0,29.0,0.0,0.0,0.0,29.0,0.0,0.0,0.0,0.0,0.0,"solar2_v,lipo2_v"
2020-06-20T17:00:00Z,30.0,30.0,,,0.0,0.0,,,,,,,,,,,4.037,4.034,4.039,,,,230.267,0.0,0.0,,,,,316.267,313.0,318.0,,,0.0,3959.0,3988.0,0.0,0.0,0.0,0.0,0.0,0.0,30.0,0.0,0.0,0.0,30.0,0.0,0.0,0.0,0.0,0.0,"solar2_v,lipo2_v"
2020-06-20T18:00:00Z,29.0,29.0,,,0.0,0.0,,,,,,,,,,,4.037,4.034,4.039,,,,231.379,0.0,0.0,,,,,308.724,301.0,313.0,,,0.0,3989.0,4017.0,0.0,0.0,0.0,0.0,0.0,0.0,29.0,0.0,0.0,0.0,29.0,0.0,0.0,0.0,0.0,0.0,"solar2_v,lipo2_v"
2020-06-20T19:00:00Z,30.0,30.0,,,0.0,0.0,,,,,,,,,,,4.036,4.032,4.039,,,,232.367,0.0,0.0,,,,,300.567,300.0,301.0,,,0.0,4018.0,4047.0,0.0,0.0,0.0,0.0,0.0,0.0,30.0,0.0,0.0,0.0,30.0,0.0,0.0,0.0,0.0,0.0,"solar2_v,lipo2_v"
2020-06-20T20:00:00Z,29.0,29.0,,,0.0,0.0,,,,,,,,,,,4.035,4.032,4.037,,,,231.897,0.0,0.0,,,,,302.724,301.0,304.0,,,0.0,4048.0,4076.0,0.0,0.0,0.0,0.0,0.0,0.0,29.0,0.0,0.0,0.0,29.0,0.0,0.0,0.0,0.0,0.0,"solar2_v,lipo2_v"
2020-06-20T21:00:00Z,30.0,30.0,,,0.0,0.0,,,,,,,,,,,4.036,4.034,4.039,,,,232.1,0.0,0.0,,,,,301.433,301.0,303.0,,,0.0,4077.0,4106.0,0.0,0.0,0.0,0.0,0.0,0.0,30.0,0.0,0.0,0.0,30.0,0.0,0.0,0.0,0.0,0.0,"solar2_v,lipo2_v"
2020-06-20T22:00:00Z,27.0,27.0,,,0.0,0.0,,,,,,,,,,,4.035,4.034,4.037,,,,231.963,0.0,0.0,,,,,300.519,300.0,301.0,,,0.0,4107.0,4135.0,0.0,0.0,0.0,0.0,0.0,0.0,27.0,0.0,0.0,0.0,27.0,0.0,0.0,0.0,0.0,0.0,"solar2_v,lipo2_v"
2020-06-20T23:00:00Z,30.0,30.0,,,0.088,0.477,,,,,,,,,,,4.034,4.032,4.036,,,,231.5,0.0,0.0,,,,,303.1,301.0,306.0,,,0.0,4136.0,4165.0,0.0,7.0,0.0,0.0,0.0,0.0,30.0,0.0,0.0,0.0,30.0,0.0,0.0,0.0,0.0,0.0,"solar2_v,lipo2_v"
2020-06-21T00:00:00Z,29.0,29.0,,,0.699,1.133,,,,,,,,,,,4.035,4.032,4.037,,,,230.621,0.0,0.0,,,,,313.517,305.0,322.0,,,0.0,4166.0,4194.0,0.0,28.0,0.0,0.0,0.0,0.0,29.0,0.0,0.0,0.0,29.0,0.0,0.0,0.0,0.0,0.0,"solar2_v,lipo2_v"
2020-06-21T01:00:00Z,29.0,29.0,,,2.044,4.503,,,,,,,,,,,4.036,4.034,4.037,,,,227.414,0.0,0.0,,,,,344.966,322.0,400.0,,,0.0,4195.0,4224.0,0.0,29.0,0.0,0.0,0.0,0.0,29.0,0.0,0.0,0.0,29.0,0.0,0.0,0.0,0.0,0.0,"solar2_v,lipo2_v"
2020-06-21T02:00:00Z,29.0,29.0,,,3.214,5.308,,,,,,,,,,,4.039,4.037,4.042,,,,220.379,0.0,0.0,,,,,429.138,407.0,453.0,,,0.0,4225.0,4253.0,0.0,29.0,0.0,0.0,0.0,0.0,29.0,0.0,0.0,0.0,29.0,0.0,0.0,0.0,0.0,0.0,"solar2_v,lipo2_v"
2020-06-21T03:00:00Z,29.0,29.0,,,3.772,5.11,,,,,,,,,,,4.039,4.036,4.042,,,,218.69,0.0,0.0,,,,,451.379,395.0,497.0,,,0.0,4254.0,4282.0,0.0,29.0,0.0,0.0,0.0,0.0,29.0,0.0,0.0,0.0,29.0,0.0,0.0,0.0,0.0,0.0,"solar2_v,lipo2_v"
2020-06-21T04:00:00Z,29.0,29.0,,,3.616,5.221,,,,,,,,,,,4.04,4.037,4.042,,,,218.379,0.0,0.0,,,,,451.414,421.0,498.0,,,0.0,4283.0,4312.0,0.0,29.0,0.0,0.0,0.0,0.0,29.0,0.0,0.0,0.0,29.0,0.0,0.0,0.0,0.0,0.0,"solar2_v,lipo2_v"
2020-06-21T05:00:00Z,29.0,29.0,,,0.795,5.22,,,,,,,,,,,4.037,4.034,4.04,,,,224.828,0.0,0.0,,,,,377.586,326.0,449.0,,,0.0,4313.0,4341.0,0.0,29.0,0.0,0.0,0.0,0.0,29.0,0.0,0.0,0.0,29.0,0.0,0.0,0.0,0.0,0.0,"solar2_v,lipo2_v"
2020-06-21T06:00:00Z,30.0,30.0,,,0.527,0.608,,,,,,,,,,,4.034,4.032,4.036,,,,230.467,0.0,0.0,,,,,316.133,313.0,326.0,,,0.0,4342.0,4371.0,0.0,30.0,0.0,0.0,0.0,0.0,30.0,0.0,0.0,0.0,30.0,0.0,0.0,0.0,0.0,0.0,"solar2_v,lipo2_v"
2020-06-21T07:00:00Z,29.0,29.0,,,0.178,0.513,,,,,,,,,,,4.034,4.032,4.036,,,,230.552,0.0,0.0,,,,,314.345,313.0,318.0,,,0.0,4372.0,4400.0,0.0,11.0,0.0,0.0,0.0,0.0,29.0,0.0,0.0,0.0,29.0,0.0,0.0,0.0,0.0,0.0,"solar2_v,lipo2_v"
2020-06-21T08:00:00Z,30.0,30.0,,,0.369,0.749,,,,,,,,,,,4.034,4.032,4.036,,,,230.333,0.0,0.0,,,,,315.867,311.0,323.0,,,0.0,4401.0,4430.0,0.0,21.0,0.0,0.0,0.0,0.0,30.0,0.0,0.0,0.0,30.0,0.0,0.0,0.0,0.0,0.0,"solar2_v,lipo2_v"
2020-06-21T09:00:00Z,29.0,29.0,,,0.568,0.788,,,,,,,,,,,4.035,4.031,4.037,,,,229.759,0.0,0.0,,,,,323.207,321.0,326.0,,,0.0,4431.0,4459.0,0.0,29.0,0.0,0.0,0.0,0.0,29.0,0.0,0.0,0.0,29.0,0.0,0.0,0.0,0.0,0.0,"solar2_v,lipo2_v"
2020-06-21T10:00:00Z,29.0,29.0,,,0.081,0.419,,,,,,,,,,,4.035,4.032,4.037,,,,229.345,0.0,0.0,,,,,325.621,325.0,326.0,,,0.0,4460.0,4488.0,0.0,6.0,0.0,0.0,0.0,0.0,29.0,0.0,0.0,0.0,29.0,0.0,0.0,0.0,0.0,0.0,"solar2_v,lipo2_v"
2020-06-21T11:00:00Z,30.0,30.0,,,0.0,0.0,,,,,,,,,,,4.035,4.032,4.037,,,,229.6,0.0,0.0,,,,,320.9,316.0,325.0,,,0.0,4489.0,4518.0,0.0,0.0,0.0,0.0,0.0,0.0,30.0,0.0,0.0,0.0,30.0,0.0,0.0,0.0,0.0,0.0,"solar2_v,lipo2_v"
2020-06-21T12:00:00Z,27.0,27.0,,,0.0,0.0,,,,,,,,,,,4.034,4.032,4.036,,,,231.148,0.0,0.0,,,,,311.519,306.0,316.0,,,0.0,4519.0,4547.0,0.0,0.0,0.0,0.0,0.0,0.0,27.0,0.0,0.0,0.0,27.0,0.0,0.0,0.0,0.0,0.0,"solar2_v,lipo2_v"
2020-06-21T13:00:00Z,30.0,30.0,,,0.0,0.0,,,,,,,,,,,4.032,4.031,4.034,,,,231.533,0.0,0.0,,,,,307.4,306.0,310.0,,,0.0,4548.0,4577.0,0.0,0.0,0.0,0.0,0.0,0.0,30.0,0.0,0.0,0.0,30.0,0.0,0.0,0.0,0.0,0.0,"solar2_v,lipo2_v"
2020-06-21T14:00:00Z,27.0,27.0,,,0.0,0.0,,,,,,,,,,,4.032,4.031,4.034,,,,231.63,0.0,0.0,,,,,306.0,302.0,310.0,,,0.0,4578.0,4606.0,0.0,0.0,0.0,0.0,0.0,0.0,27.0,0.0,0.0,0.0,27.0,0.0,0.0,0.0,0.0,0.0,"solar2_v,lipo2_v"
2020-06-21T15:00:00Z,30.0,30.0,,,0.0,0.0,,,,,,,,,,,4.032,4.031,4.034,,,,231.767,0.0,0.0,,,,,303.5,301.0,306.0,,,0.0,4607.0,4636.0,0.0,0.0,0.0,0.0,0.0,0.0,30.0,0.0,0.0,0.0,30.0,0.0,0.0,0.0,0.0,0.0,"solar2_v,lipo2_v"
2020-06-21T16:00:00Z,28.0,28.0,,,0.0,0.0,,,,,,,,,,,4.031,4.029,4.034,,,,231.643,0.0,0.0,,,,,303.214,301.0,307.0,,,0.0,4637.0,4665.0,0.0,0.0,0.0,0.0,0.0,0.0,28.0,0.0,0.0,0.0,28.0,0.0,0.0,0.0,0.0,0.0,"solar2_v,lipo2_v"
2020-06-21T17:00:00Z,28.0,28.0,,,0.0,0.0,,,,,,,,,,,4.032,4.031,4.034,,,,231.5,0.0,0.0,,,,,303.714,301.0,306.0,,,0.0,4666.0,4694.0,0.0,0.0,0.0,0.0,0.0,0.0,28.0,0.0,0.0,0.0,28.0,0.0,0.0,0.0,0.0,0.0,"solar2_v,lipo2_v"
2020-06-21T18:00:00Z,29.0,29.0,,,0.0,0.0,,,,,,,,,,,4.031,4.031,4.032,,,,231.793,0.0,0.0,,,,,301.759,301.0,303.0,,,0.0,4695.0,4724.0,0.0,0.0,0.0,0.0,0.0,0.0,29.0,0.0,0.0,0.0,29.0,0.0,0.0,0.0,0.0,0.0,"solar2_v,lipo2_v"
2020-06-21T19:00:00Z,28.0,28.0,,,0.0,0.0,,,,,,,,,,,4.031,4.029,4.032,,,,232.321,0.0,0.0,,,,,300.393,299.0,301.0,,,0.0,4725.0,4753.0,0.0,0.0,0.0,0.0,0.0,0.0,28.0,0.0,0.0,0.0,28.0,0.0,0.0,0.0,0.0,0.0,"solar2_v,lipo2_v"
2020-06-21T20:00:00Z,30.0,30.0,,,0.0,0.0,,,,,,,,,,,4.03,4.029,4.032,,,,232.567,0.0,0.0,,,,,298.767,296.0,301.0,,,0.0,4754.0,4783.0,0.0,0.0,0.0,0.0,0.0,0.0,30.0,0.0,0.0,0.0,30.0,0.0,0.0,0.0,0.0,0.0,"solar2_v,lipo2_v"
2020-06-21T21:00:00Z,29.0,29.0,,,0.0,0.0,,,,,,,,,,,4.03,4.029,4.031,,,,232.655,0.0,0.0,,,,,298.103,296.0,300.0,,,0.0,4784.0,4812.0,0.0,0.0,0.0,0.0,0.0,0.0,29.0,0.0,0.0,0.0,29.0,0.0,0.0,0.0,0.0,0.0,"solar2_v,lipo2_v"
2020-06-21T22:00:00Z,30.0,30.0,,,0.0,0.0,,,,,,,,,,,4.03,4.029,4.031,,,,232.7,0.0,0.0,,,,,296.633,295.0,300.0,,,0.0,4813.0,4842.0,0.0,0.0,0.0,0.0,0.0,0.0,30.0,0.0,0.0,0.0,30.0,0.0,0.0,0.0,0.0,0.0,"solar2_v,lipo2_v"
2020-06-21T23:00:00Z,29.0,29.0,,,0.118,0.524,,,,,,,,,,,4.031,4.029,4.032,,,,232.31,0.0,0.0,,,,,299.897,296.0,305.0,,,0.0,4843.0,4871.0,0.0,8.0,0.0,0.0,0.0,0.0,29.0,0.0,0.0,0.0,29.0,0.0,0.0,0.0,0.0,0.0,"solar2_v,lipo2_v"
2020-06-22T00:00:00Z,29.0,29.0,,,0.553,0.734,,,,,,,,,,,4.031,4.029,4.032,,,,230.828,0.0,0.0,,,,,310.897,305.0,316.0,,,0.0,4872.0,4900.0,0.0,29.0,0.0,0.0,0.0,0.0,29.0,0.0,0.0,0.0,29.0,0.0,0.0,0.0,0.0,0.0,"solar2_v,lipo2_v"
2020-06-22T01:00:00Z,29.0,29.0,,,1.919,5.016,,,,,,,,,,,4.031,4.029,4.032,,,,228.138,0.0,0.0,,,,,338.759,316.0,409.0,,,0.0,4901.0,4930.0,0.0,29.0,0.0,0.0,0.0,0.0,29.0,0.0,0.0,0.0,29.0,0.0,0.0,0.0,0.0,0.0,"solar2_v,lipo2_v"
2020-06-22T02:00:00Z,27.0,27.0,,,3.914,5.244,,,,,,,,,,,4.033,4.031,4.037,,,,218.148,0.0,0.0,,,,,452.63,420.0,475.0,,,0.0,4931.0,4959.0,0.0,27.0,0.0,0.0,0.0,0.0,27.0,0.0,0.0,0.0,27.0,0.0,0.0,0.0,0.0,0.0,"solar2_v,lipo2_v"
2020-06-22T03:00:00Z,29.0,29.0,,,4.864,5.126,,,,,,,,,,,4.036,4.034,4.039,,,,214.862,0.0,0.0,,,,,488.345,462.0,504.0,,,0.0,4960.0,4988.0,0.0,29.0,0.0,0.0,0.0,0.0,29.0,0.0,0.0,0.0,29.0,0.0,0.0,0.0,0.0,0.0,"solar2_v,lipo2_v"
2020-06-22T04:00:00Z,30.0,30.0,,,4.811,5.197,,,,,,,,,,,4.036,4.032,4.037,,,,213.533,0.0,0.0,,,,,499.033,487.0,509.0,,,0.0,4989.0,5018.0,0.0,30.0,0.0,0.0,0.0,0.0,30.0,0.0,0.0,0.0,30.0,0.0,0.0,0.0,0.0,0.0,"solar2_v,lipo2_v"
2020-06-22T05:00:00Z,29.0,29.0,,,4.574,5.161,,,,,,,,,,,4.036,4.034,4.039,,,,212.828,0.0,0.0,,,,,508.793,491.0,525.0,,,0.0,5019.0,5047.0,0.0,29.0,0.0,0.0,0.0,0.0,29.0,0.0,0.0,0.0,29.0,0.0,0.0,0.0,0.0,0.0,"solar2_v,lipo2_v"
2020-06-22T06:00:00Z,30.0,30.0,,,4.219,5.353,,,,,,,,,,,4.036,4.034,4.039,,,,213.133,0.0,0.0,,,,,506.367,481.0,529.0,,,0.0,5048.0,5077.0,0.0,30.0,0.0,0.0,0.0,0.0,30.0,0.0,0.0,0.0,30.0,0.0,0.0,0.0,0.0,0.0,"solar2_v,lipo2_v"
2020-06-22T07:00:00Z,29.0,29.0,,,3.033,5.016,,,,,,,,,,,4.036,4.034,4.039,,,,214.862,0.0,0.0,,,,,488.345,453.0,526.0,,,0.0,5078.0,5106.0,0.0,29.0,0.0,0.0,0.0,0.0,29.0,0.0,0.0,0.0,29.0,0.0,0.0,0.0,0.0,0.0,"solar2_v,lipo2_v"
2020-06-22T08:00:00Z,30.0,30.0,,,0.711,0.941,,,,,,,,,,,4.034,4.032,4.036,,,,222.933,0.0,0.0,,,,,395.467,374.0,456.0,,,0.0,5107.0,5136.0,0.0,30.0,0.0,0.0,0.0,0.0,30.0,0.0,0.0,0.0,30.0,0.0,0.0,0.0,0.0,0.0,"solar2_v,lipo2_v"
2020-06-22T09:00:00Z,28.0,28.0,,,0.224,0.713,,,,,,,,,,,4.032,4.031,4.036,,,,226.464,0.0,0.0,,,,,360.786,351.0,371.0,,,0.0,5137.0,5165.0,0.0,11.0,0.0,0.0,0.0,0.0,28.0,0.0,0.0,0.0,28.0,0.0,0.0,0.0,0.0,0.0,"solar2_v,lipo2_v"
2020-06-22T10:00:00Z,28.0,28.0,,,0.0,0.0,,,,,,,,,,,4.032,4.029,4.034,,,,227.964,0.0,0.0,,,,,342.071,337.0,353.0,,,0.0,5167.0,5194.0,0.0,0.0,0.0,0.0,0.0,0.0,28.0,0.0,0.0,0.0,28.0,0.0,0.0,0.0,0.0,0.0,"solar2_v,lipo2_v"
2020-06-22T11:00:00Z,30.0,30.0,,,0.0,0.0,,,,,,,,,,,4.031,4.031,4.032,,,,228.5,0.0,0.0,,,,,331.967,330.0,336.0,,,0.0,5195.0,5224.0,0.0,0.0,0.0,0.0,0.0,0.0,30.0,0.0,0.0,0.0,30.0,0.0,0.0,0.0,0.0,0.0,"solar2_v,lipo2_v"
2020-06-22T12:00:00Z,29.0,29.0,,,0.0,0.0,,,,,,,,,,,4.031,4.029,4.032,,,,228.448,0.0,0.0,,,,,330.724,328.0,334.0,,,0.0,5225.0,5253.0,0.0,0.0,0.0,0.0,0.0,0.0,29.0,0.0,0.0,0.0,29.0,0.0,0.0,0.0,0.0,0.0,"solar2_v,lipo2_v"
2020-06-22T13:00:00Z,29.0,29.0,,,0.0,0.0,,,,,,,,,,,4.031,4.029,4.031,,,,228.517,0.0,0.0,,,,,328.069,326.0,330.0,,,0.0,5254.0,5283.0,0.0,0.0,0.0,0.0,0.0,0.0,29.0,0.0,0.0,0.0,29.0,0.0,0.0,0.0,0.0,0.0,"solar2_v,lipo2_v"
2020-06-22T14:00:00Z,29.0,29.0,,,0.0,0.0,,,,,,,,,,,4.03,4.029,4.032,,,,229.069,0.0,0.0,,,,,325.517,325.0,326.0,,,0.0,5284.0,5312.0,0.0,0.0,0.0,0.0,0.0,0.0,29.0,0.0,0.0,0.0,29.0,0.0,0.0,0.0,0.0,0.0,"solar2_v,lipo2_v"
2020-06-22T15:00:00Z,30.0,30.0,,,0.0,0.0,,,,,,,,,,,4.03,4.029,4.031,,,,229.733,0.0,0.0,,,,,319.2,316.0,325.0,,,0.0,5313.0,5342.0,0.0,0.0,0.0,0.0,0.0,0.0,30.0,0.0,0.0,0.0,30.0,0.0,0.0,0.0,0.0,0.0,"solar2_v,lipo2_v"
2020-06-22T16:00:00Z,27.0,27.0,,,0.0,0.0,,,,,,,,,,,4.03,4.029,4.032,,,,229.815,0.0,0.0,,,,,317.556,316.0,321.0,,,0.0,5343.0,5371.0,0.0,0.0,0.0,0.0,0.0,0.0,27.0,0.0,0.0,0.0,27.0,0.0,0.0,0.0,0.0,0.0,"solar2_v,lipo2_v"
2020-06-22T17:00:00Z,30.0,30.0,,,0.0,0.0,,,,,,,,,,,4.03,4.029,4.031,,,,230.4,0.0,0.0,,,,,314.7,314.0,317.0,,,0.0,5372.0,5401.0,0.0,0.0,0.0,0.0,0.0,0.0,30.0,0.0,0.0,0.0,30.0,0.0,0.0,0.0,0.0,0.0,"solar2_v,lipo2_v"
2020-06-22T18:00:00Z,29.0,29.0,,,0.0,0.0,,,,,,,,,,,4.029,4.027,4.031,,,,230.241,0.0,0.0,,,,,315.034,314.0,316.0,,,0.0,5402.0,5430.0,0.0,0.0,0.0,0.0,0.0,0.0,29.0,0.0,0.0,0.0,29.0,0.0,0.0,0.0,0.0,0.0,"solar2_v,lipo2_v"
2020-06-22T19:00:00Z,29.0,29.0,,,0.0,0.0,,,,,,,,,,,4.029,4.027,4.031,,,,231.0,0.0,0.0,,,,,313.138,312.0,314.0,,,0.0,5431.0,5459.0,0.0,0.0,0.0,0.0,0.0,0.0,29.0,0.0,0.0,0.0,29.0,0.0,0.0,0.0,0.0,0.0,"solar2_v,lipo2_v"
2020-06-22T20:00:00Z,30.0,30.0,,,0.0,0.0,,,,,,,,,,,4.029,4.029,4.031,,,,231.3,0.0,0.0,,,,,307.233,306.0,312.0,,,0.0,5460.0,5489.0,0.0,0.0,0.0,0.0,0.0,0.0,30.0,0.0,0.0,0.0,30.0,0.0,0.0,0.0,0.0,0.0,"solar2_v,lipo2_v"
2020-06-22T21:00:00Z,29.0,29.0,,,0.0,0.0,,,,,,,,,,,4.029,4.027,4.031,,,,231.0,0.0,0.0,,,,,309.345,307.0,312.0,,,0.0,5490.0,5518.0,0.0,0.0,0.0,0.0,0.0,0.0,29.0,0.0,0.0,0.0,29.0,0.0,0.0,0.0,0.0,0.0,"solar2_v,lipo2_v"
2020-06-22T22:00:00Z,30.0,30.0,,,0.0,0.0,,,,,,,,,,,4.029,4.029,4.031,,,,231.433,0.0,0.0,,,,,306.367,302.0,310.0,,,0.0,5519.0,5548.0,0.0,0.0,0.0,0.0,0.0,0.0,30.0,0.0,0.0,0.0,30.0,0.0,0.0,0.0,0.0,0.0,"solar2_v,lipo2_v"
2020-06-22T23:00:00Z,25.0,25.0,,,0.027,0.341,,,,,,,,,,,4.029,4.027,4.029,,,,231.04,0.0,0.0,,,,,309.32,303.0,315.0,,,0.0,5549.0,5577.0,0.0,2.0,0.0,0.0,0.0,0.0,25.0,0.0,0.0,0.0,25.0,0.0,0.0,0.0,0.0,0.0,"solar2_v,lipo2_v"
2020-06-23T00:00:00Z,30.0,30.0,,,0.502,0.656,,,,,,,,,,,4.029,4.027,4.031,,,,229.2,0.0,0.0,,,,,322.733,315.0,327.0,,,0.0,5578.0,5607.0,0.0,30.0,0.0,0.0,0.0,0.0,30.0,0.0,0.0,0.0,30.0,0.0,0.0,0.0,0.0,0.0,"solar2_v,lipo2_v"
2020-06-23T01:00:00Z,28.0,28.0,,,2.039,4.949,,,,,,,,,,,4.029,4.029,4.031,,,,227.286,0.0,0.0,,,,,351.607,328.0,422.0,,,0.0,5608.0,5636.0,0.0,28.0,0.0,0.0,0.0,0.0,28.0,0.0,0.0,0.0,28.0,0.0,0.0,0.0,0.0,0.0,"solar2_v,lipo2_v"
2020-06-23T02:00:00Z,29.0,29.0,,,4.917,5.028,,,,,,,,,,,4.031,4.029,4.034,,,,215.276,0.0,0.0,,,,,484.379,433.0,512.0,,,0.0,5637.0,5665.0,0.0,29.0,0.0,0.0,0.0,0.0,29.0,0.0,0.0,0.0,29.0,0.0,0.0,0.0,0.0,0.0,"solar2_v,lipo2_v"
2020-06-23T03:00:00Z,30.0,30.0,,,4.005,5.407,,,,,,,,,,,4.031,4.029,4.032,,,,215.267,0.0,0.0,,,,,479.7,437.0,516.0,,,0.0,5666.0,5695.0,0.0,30.0,0.0,0.0,0.0,0.0,30.0,0.0,0.0,0.0,30.0,0.0,0.0,0.0,0.0,0.0,"solar2_v,lipo2_v"
2020-06-23T04:00:00Z,29.0,29.0,,,3.823,5.343,,,,,,,,,,,4.03,4.029,4.031,,,,216.241,0.0,0.0,,,,,466.621,430.0,500.0,,,0.0,5696.0,5724.0,0.0,29.0,0.0,0.0,0.0,0.0,29.0,0.0,0.0,0.0,29.0,0.0,0.0,0.0,0.0,0.0,"solar2_v,lipo2_v"
2020-06-23T05:00:00Z,28.0,28.0,,,4.973,5.079,,,,,,,,,,,4.031,4.029,4.032,,,,211.393,0.0,0.0,,,,,512.393,465.0,543.0,,,0.0,5725.0,5753.0,0.0,28.0,0.0,0.0,0.0,0.0,28.0,0.0,0.0,0.0,28.0,0.0,0.0,0.0,0.0,0.0,"solar2_v,lipo2_v"
2020-06-23T06:00:00Z,29.0,29.0,,,4.904,4.99,,,,,,,,,,,4.032,4.031,4.034,,,,207.621,0.0,0.0,,,,,548.069,538.0,556.0,,,0.0,5754.0,5783.0,0.0,29.0,0.0,0.0,0.0,0.0,29.0,0.0,0.0,0.0,29.0,0.0,0.0,0.0,0.0,0.0,"solar2_v,lipo2_v"
2020-06-23T07:00:00Z,26.0,26.0,,,3.134,4.861,,,,,,,,,,,4.032,4.031,4.034,,,,212.269,0.0,0.0,,,,,503.423,473.0,548.0,,,0.0,5784.0,5812.0,0.0,26.0,0.0,0.0,0.0,0.0,26.0,0.0,0.0,0.0,26.0,0.0,0.0,0.0,0.0,0.0,"solar2_v,lipo2_v"
2020-06-23T08:00:00Z,30.0,30.0,,,1.046,1.392,,,,,,,,,,,4.03,4.029,4.032,,,,221.333,0.0,0.0,,,,,412.6,394.0,472.0,,,0.0,5813.0,5842.0,0.0,30.0,0.0,0.0,0.0,0.0,30.0,0.0,0.0,0.0,30.0,0.0,0.0,0.0,0.0,0.0,"solar2_v,lipo2_v"
2020-06-23T09:00:00Z,28.0,28.0,,,0.556,0.851,,,,,,,,,,,4.029,4.029,4.031,,,,223.75,0.0,0.0,,,,,382.25,373.0,394.0,,,0.0,5843.0,5871.0,0.0,28.0,0.0,0.0,0.0,0.0,28.0,0.0,0.0,0.0,28.0,0.0,0.0,0.0,0.0,0.0,"solar2_v,lipo2_v"
2020-06-23T10:00:00Z,29.0,29.0,,,0.069,0.36,,,,,,,,,,,4.029,4.027,4.031,,,,225.793,0.0,0.0,,,,,363.069,353.0,372.0,,,0.0,5872.0,5900.0,0.0,6.0,0.0,0.0,0.0,0.0,29.0,0.0,0.0,0.0,29.0,0.0,0.0,0.0,0.0,0.0,"solar2_v,lipo2_v"
2020-06-23T11:00:00Z,30.0,30.0,,,0.0,0.0,,,,,,,,,,,4.029,4.027,4.029,,,,227.167,0.0,0.0,,,,,348.867,346.0,353.0,,,0.0,5901.0,5930.0,0.0,0.0,0.0,0.0,0.0,0.0,30.0,0.0,0.0,0.0,30.0,0.0,0.0,0.0,0.0,0.0,"solar2_v,lipo2_v"
2020-06-23T12:00:00Z,28.0,28.0,,,0.0,0.0,,,,,,,,,,,4.028,4.027,4.029,,,,227.857,0.0,0.0,,,,,340.214,335.0,349.0,,,0.0,5931.0,5959.0,0.0,0.0,0.0,0.0,0.0,0.0,28.0,0.0,0.0,0.0,28.0,0.0,0.0,0.0,0.0,0.0,"solar2_v,lipo2_v"
2020-06-23T13:00:00Z,28.0,28.0,,,0.0,0.0,,,,,,,,,,,4.028,4.027,4.029,,,,228.25,0.0,0.0,,,,,332.071,329.0,335.0,,,0.0,5960.0,5988.0,0.0,0.0,0.0,0.0,0.0,0.0,28.0,0.0,0.0,0.0,28.0,0.0,0.0,0.0,0.0,0.0,"solar2_v,lipo2_v"
2020-06-23T14:00:00Z,28.0,28.0,,,0.0,0.0,,,,,,,,,,,4.027,4.027,4.027,,,,228.179,0.0,0.0,,,,,334.75,332.0,337.0,,,0.0,5991.0,6018.0,0.0,0.0,0.0,0.0,0.0,0.0,28.0,0.0,0.0,0.0,28.0,0.0,0.0,0.0,0.0,0.0,"solar2_v,lipo2_v"
2020-06-23T15:00:00Z,28.0,28.0,,,0.0,0.0,,,,,,,,,,,4.027,4.026,4.029,,,,228.286,0.0,0.0,,,,,332.571,330.0,335.0,,,0.0,6019.0,6047.0,0.0,0.0,0.0,0.0,0.0,0.0,28.0,0.0,0.0,0.0,28.0,0.0,0.0,0.0,0.0,0.0,"solar2_v,lipo2_v"
2020-06-23T16:00:00Z,30.0,30.0,,,0.0,0.0,,,,,,,,,,,4.027,4.027,4.029,,,,228.3,0.0,0.0,,,,,329.067,326.0,331.0,,,0.0,6048.0,6077.0,0.0,0.0,0.0,0.0,0.0,0.0,30.0,0.0,0.0,0.0,30.0,0.0,0.0,0.0,0.0,0.0,"solar2_v,lipo2_v"
2020-06-23T17:00:00Z,29.0,29.0,,,0.0,0.0,,,,,,,,,,,4.027,4.026,4.029,,,,228.931,0.0,0.0,,,,,326.724,326.0,327.0,,,0.0,6078.0,6106.0,0.0,0.0,0.0,0.0,0.0,0.0,29.0,0.0,0.0,0.0,29.0,0.0,0.0,0.0,0.0,0.0,"solar2_v,lipo2_v"
2020-06-23T18:00:00Z,30.0,30.0,,,0.0,0.0,,,,,,,,,,,4.027,4.026,4.027,,,,229.033,0.0,0.0,,,,,324.767,323.0,326.0,,,0.0,6107.0,6136.0,0.0,0.0,0.0,0.0,0.0,0.0,30.0,0.0,0.0,0.0,30.0,0.0,0.0,0.0,0.0,0.0,"solar2_v,lipo2_v"
2020-06-23T19:00:00Z,29.0,29.0,,,0.0,0.0,,,,,,,,,,,4.027,4.026,4.027,,,,228.897,0.0,0.0,,,,,324.793,323.0,326.0,,,0.0,6137.0,6165.0,0.0,0.0,0.0,0.0,0.0,0.0,29.0,0.0,0.0,0.0,29.0,0.0,0.0,0.0,0.0,0.0,"solar2_v,lipo2_v"
2020-06-23T20:00:00Z,29.0,29.0,,,0.0,0.0,,,,,,,,,,,4.027,4.026,4.027,,,,229.0,0.0,0.0,,,,,321.724,318.0,324.0,,,0.0,6166.0,6194.0,0.0,0.0,0.0,0.0,0.0,0.0,29.0,0.0,0.0,0.0,29.0,0.0,0.0,0.0,0.0,0.0,"solar2_v,lipo2_v"
2020-06-23T21:00:00Z,30.0,30.0,,,0.0,0.0,,,,,,,,,,,4.027,4.026,4.029,,,,229.533,0.0,0.0,,,,,316.0,314.0,318.0,,,0.0,6195.0,6224.0,0.0,0.0,0.0,0.0,0.0,0.0,30.0,0.0,0.0,0.0,30.0,0.0,0.0,0.0,0.0,0.0,"solar2_v,lipo2_v"
2020-06-23T22:00:00Z,29.0,29.0,,,0.0,0.0,,,,,,,,,,,4.026,4.026,4.027,,,,230.0,0.0,0.0,,,,,314.069,314.0,315.0,,,0.0,6225.0,6253.0,0.0,0.0,0.0,0.0,0.0,0.0,29.0,0.0,0.0,0.0,29.0,0.0,0.0,0.0,0.0,0.0,"solar2_v,lipo2_v"
2020-06-23T23:00:00Z,30.0,30.0,,,0.102,0.551,,,,,,,,,,,4.026,4.026,4.027,,,,229.933,0.0,0.0,,,,,314.733,314.0,318.0,,,0.0,6254.0,6283.0,0.0,7.0,0.0,0.0,0.0,0.0,30.0,0.0,0.0,0.0,30.0,0.0,0.0,0.0,0.0,0.0,"solar2_v,lipo2_v"
2020-06-24T00:00:00Z,29.0,29.0,,,0.697,1.09,,,,,,,,,,,4.026,4.026,4.027,,,,228.931,0.0,0.0,,,,,323.345,319.0,326.0,,,0.0,6284.0,6312.0,0.0,29.0,0.0,0.0,0.0,0.0,29.0,0.0,0.0,0.0,29.0,0.0,0.0,0.0,0.0,0.0,"solar2_v,lipo2_v"
2020-06-24T01:00:00Z,29.0,29.0,,,1.773,5.02,,,,,,,,,,,4.026,4.026,4.027,,,,226.966,0.0,0.0,,,,,347.517,327.0,380.0,,,0.0,6313.0,6341.0,0.0,29.0,0.0,0.0,0.0,0.0,29.0,0.0,0.0,0.0,29.0,0.0,0.0,0.0,0.0,0.0,"solar2_v,lipo2_v"
2020-06-24T02:00:00Z,28.0,28.0,,,3.748,4.754,,,,,,,,,,,4.027,4.026,4.027,,,,219.25,0.0,0.0,,,,,440.857,386.0,466.0,,,0.0,6342.0,6371.0,0.0,28.0,0.0,0.0,0.0,0.0,28.0,0.0,0.0,0.0,28.0,0.0,0.0,0.0,0.0,0.0,"solar2_v,lipo2_v"
2020-06-24T03:00:00Z,29.0,29.0,,,3.204,5.139,,,,,,,,,,,4.027,4.026,4.027,,,,221.379,0.0,0.0,,,,,412.345,395.0,441.0,,,0.0,6372.0,6400.0,0.0,29.0,0.0,0.0,0.0,0.0,29.0,0.0,0.0,0.0,29.0,0.0,0.0,0.0,0.0,0.0,"solar2_v,lipo2_v"
2020-06-24T04:00:00Z,27.0,27.0,,,4.513,5.325,,,,,,,,,,,4.027,4.026,4.027,,,,216.481,0.0,0.0,,,,,470.185,447.0,487.0,,,0.0,6401.0,6429.0,0.0,27.0,0.0,0.0,0.0,0.0,27.0,0.0,0.0,0.0,27.0,0.0,0.0,0.0,0.0,0.0,"solar2_v,lipo2_v"
2020-06-24T05:00:00Z,29.0,29.0,,,4.72,5.221,,,,,,,,,,,4.027,4.026,4.027,,,,213.793,0.0,0.0,,,,,495.103,485.0,513.0,,,0.0,6430.0,6459.0,0.0,29.0,0.0,0.0,0.0,0.0,29.0,0.0,0.0,0.0,29.0,0.0,0.0,0.0,0.0,0.0,"solar2_v,lipo2_v"
2020-06-24T06:00:00Z,29.0,29.0,,,4.52,4.931,,,,,,,,,,,4.027,4.026,4.029,,,,210.793,0.0,0.0,,,,,518.241,511.0,525.0,,,0.0,6460.0,6488.0,0.0,29.0,0.0,0.0,0.0,0.0,29.0,0.0,0.0,0.0,29.0,0.0,0.0,0.0,0.0,0.0,"solar2_v,lipo2_v"
2020-06-24T07:00:00Z,28.0,28.0,,,2.464,4.813,,,,,,,,,,,4.027,4.026,4.027,,,,216.607,0.0,0.0,,,,,463.393,399.0,513.0,,,0.0,6489.0,6517.0,0.0,28.0,0.0,0.0,0.0,0.0,28.0,0.0,0.0,0.0,28.0,0.0,0.0,0.0,0.0,0.0,"solar2_v,lipo2_v"
2020-06-24T08:00:00Z,29.0,29.0,,,0.746,1.18,,,,,,,,,,,4.026,4.024,4.027,,,,224.759,0.0,0.0,,,,,374.586,367.0,395.0,,,0.0,6518.0,6547.0,0.0,29.0,0.0,0.0,0.0,0.0,29.0,0.0,0.0,0.0,29.0,0.0,0.0,0.0,0.0,0.0,"solar2_v,lipo2_v"
2020-06-24T09:00:00Z,29.0,29.0,,,0.74,1.185,,,,,,,,,,,4.025,4.022,4.026,,,,224.586,0.0,0.0,,,,,370.276,363.0,374.0,,,0.0,6548.0,6576.0,0.0,29.0,0.0,0.0,0.0,0.0,29.0,0.0,0.0,0.0,29.0,0.0,0.0,0.0,0.0,0.0,"solar2_v,lipo2_v"
2020-06-24T10:00:00Z,29.0,29.0,,,0.182,0.372,,,,,,,,,,,4.024,4.022,4.026,,,,226.621,0.0,0.0,,,,,353.034,345.0,360.0,,,0.0,6577.0,6606.0,0.0,15.0,0.0,0.0,0.0,0.0,29.0,0.0,0.0,0.0,29.0,0.0,0.0,0.0,0.0,0.0,"solar2_v,lipo2_v"
2020-06-24T11:00:00Z,28.0,28.0,,,0.0,0.0,,,,,,,,,,,4.024,4.022,4.026,,,,227.857,0.0,0.0,,,,,340.857,340.0,345.0,,,0.0,6607.0,6635.0,0.0,0.0,0.0,0.0,0.0,0.0,28.0,0.0,0.0,0.0,28.0,0.0,0.0,0.0,0.0,0.0,"solar2_v,lipo2_v"
2020-06-24T12:00:00Z,30.0,30.0,,,0.0,0.0,,,,,,,,,,,4.023,4.021,4.026,,,,228.2,0.0,0.0,,,,,335.0,326.0,340.0,,,0.0,6636.0,6665.0,0.0,0.0,0.0,0.0,0.0,0.0,30.0,0.0,0.0,0.0,30.0,0.0,0.0,0.0,0.0,0.0,"solar2_v,lipo2_v"
2020-06-24T13:00:00Z,29.0,29.0,,,0.0,0.0,,,,,,,,,,,4.023,4.021,4.026,,,,230.069,0.0,0.0,,,,,313.828,299.0,325.0,,,0.0,6666.0,6694.0,0.0,0.0,0.0,0.0,0.0,0.0,29.0,0.0,0.0,0.0,29.0,0.0,0.0,0.0,0.0,0.0,"solar2_v,lipo2_v"
2020-06-24T14:00:00Z,28.0,28.0,,,0.0,0.0,,,,,,,,,,,4.021,4.017,4.022,,,,232.536,0.0,0.0,,,,,295.25,293.0,300.0,,,0.0,6695.0,6723.0,0.0,0.0,0.0,0.0,0.0,0.0,28.0,0.0,0.0,0.0,28.0,0.0,0.0,0.0,0.0,0.0,"solar2_v,lipo2_v"
2020-06-24T15:00:00Z,30.0,30.0,,,0.0,0.0,,,,,,,,,,,4.021,4.019,4.022,,,,231.533,0.0,0.0,,,,,301.033,295.0,304.0,,,0.0,6724.0,6753.0,0.0,0.0,0.0,0.0,0.0,0.0,30.0,0.0,0.0,0.0,30.0,0.0,0.0,0.0,0.0,0.0,"solar2_v,lipo2_v"
2020-06-24T16:00:00Z,29.0,29.0,,,0.0,0.0,,,,,,,,,,,4.02,4.017,4.022,,,,233.172,0.0,0.0,,,,,287.586,285.0,294.0,,,0.0,6754.0,6782.0,0.0,0.0,0.0,0.0,0.0,0.0,29.0,0.0,0.0,0.0,29.0,0.0,0.0,0.0,0.0,0.0,"solar2_v,lipo2_v"
2020-06-24T17:00:00Z,30.0,30.0,,,0.0,0.0,,,,,,,,,,,4.019,4.017,4.021,,,,231.967,0.0,0.0,,,,,297.1,290.0,300.0,,,0.0,6783.0,6812.0,0.0,0.0,0.0,0.0,0.0,0.0,30.0,0.0,0.0,0.0,30.0,0.0,0.0,0.0,0.0,0.0,"solar2_v,lipo2_v"
2020-06-24T18:00:00Z,28.0,28.0,,,0.0,0.0,,,,,,,,,,,4.019,4.017,4.022,,,,231.286,0.0,0.0,,,,,299.643,297.0,300.0,,,0.0,6813.0,6841.0,0.0,0.0,0.0,0.0,0.0,0.0,28.0,0.0,0.0,0.0,28.0,0.0,0.0,0.0,0.0,0.0,"solar2_v,lipo2_v"
2020-06-24T19:00:00Z,30.0,30.0,,,0.0,0.0,,,,,,,,,,,4.018,4.016,4.021,,,,232.2,0.0,0.0,,,,,295.4,293.0,296.0,,,0.0,6842.0,6871.0,0.0,0.0,0.0,0.0,0.0,0.0,30.0,0.0,0.0,0.0,30.0,0.0,0.0,0.0,0.0,0.0,"solar2_v,lipo2_v"
2020-06-24T20:00:00Z,29.0,29.0,,,0.0,0.0,,,,,,,,,,,4.018,4.016,4.021,,,,232.414,0.0,0.0,,,,,292.517,291.0,294.0,,,0.0,6872.0,6900.0,0.0,0.0,0.0,0.0,0.0,0.0,29.0,0.0,0.0,0.0,29.0,0.0,0.0,0.0,0.0,0.0,"solar2_v,lipo2_v"
2020-06-24T21:00:00Z,30.0,30.0,,,0.0,0.0,,,,,,,,,,,4.018,4.016,4.019,,,,232.933,0.0,0.0,,,,,291.567,291.0,292.0,,,0.0,6901.0,6930.0,0.0,0.0,0.0,0.0,0.0,0.0,30.0,0.0,0.0,0.0,30.0,0.0,0.0,0.0,0.0,0.0,"solar2_v,lipo2_v"
2020-06-24T22:00:00Z,29.0,29.0,,,0.0,0.0,,,,,,,,,,,4.017,4.016,4.019,,,,232.897,0.0,0.0,,,,,291.207,291.0,292.0,,,0.0,6931.0,6959.0,0.0,0.0,0.0,0.0,0.0,0.0,29.0,0.0,0.0,0.0,29.0,0.0,0.0,0.0,0.0,0.0,"solar2_v,lipo2_v"
2020-06-24T23:00:00Z,30.0,30.0,,,0.275,0.661,,,,,,,,,,,4.016,4.014,4.019,,,,232.7,0.0,0.0,,,,,293.533,291.0,300.0,,,0.0,6960.0,6989.0,0.0,17.0,0.0,0.0,0.0,0.0,30.0,0.0,0.0,0.0,30.0,0.0,0.0,0.0,0.0,0.0,"solar2_v,lipo2_v"
2020-06-25T00:00:00Z,29.0,29.0,,,0.882,1.182,,,,,,,,,,,4.015,4.014,4.017,,,,230.448,0.0,0.0,,,,,308.897,300.0,322.0,,,0.0,6990.0,7018.0,0.0,29.0,0.0,0.0,0.0,0.0,29.0,0.0,0.0,0.0,29.0,0.0,0.0,0.0,0.0,0.0,"solar2_v,lipo2_v"
2020-06-25T01:00:00Z,29.0,29.0,,,1.18,2.225,,,,,,,,,,,4.015,4.012,4.017,,,,228.241,0.0,0.0,,,,,332.586,324.0,340.0,,,0.0,7019.0,7047.0,0.0,29.0,0.0,0.0,0.0,0.0,29.0,0.0,0.0,0.0,29.0,0.0,0.0,0.0,0.0,0.0,"solar2_v,lipo2_v"
2020-06-25T02:00:00Z,30.0,30.0,,,2.939,5.133,,,,,,,,,,,4.016,4.014,4.019,,,,224.667,0.0,0.0,,,,,376.767,337.0,423.0,,,0.0,7048.0,7077.0,0.0,30.0,0.0,0.0,0.0,0.0,30.0,0.0,0.0,0.0,30.0,0.0,0.0,0.0,0.0,0.0,"solar2_v,lipo2_v"
2020-06-25T03:00:00Z,29.0,29.0,,,3.03,5.33,,,,,,,,,,,4.015,4.014,4.017,,,,221.276,0.0,0.0,,,,,410.345,384.0,438.0,,,0.0,7078.0,7106.0,0.0,29.0,0.0,0.0,0.0,0.0,29.0,0.0,0.0,0.0,29.0,0.0,0.0,0.0,0.0,0.0,"solar2_v,lipo2_v"
2020-06-25T04:00:00Z,30.0,30.0,,,3.374,5.364,,,,,,,,,,,4.015,4.012,4.017,,,,218.833,0.0,0.0,,,,,444.467,407.0,467.0,,,0.0,7107.0,7136.0,0.0,30.0,0.0,0.0,0.0,0.0,30.0,0.0,0.0,0.0,30.0,0.0,0.0,0.0,0.0,0.0,"solar2_v,lipo2_v"
2020-06-25T05:00:00Z,28.0,28.0,,,1.332,2.002,,,,,,,,,,,4.013,4.011,4.017,,,,226.143,0.0,0.0,,,,,353.321,324.0,402.0,,,0.0,7137.0,7165.0,0.0,28.0,0.0,0.0,0.0,0.0,28.0,0.0,0.0,0.0,28.0,0.0,0.0,0.0,0.0,0.0,"solar2_v,lipo2_v"
2020-06-25T06:00:00Z,28.0,28.0,,,0.32,0.493,,,,,,,,,,,4.011,4.009,4.014,,,,230.393,0.0,0.0,,,,,310.357,307.0,321.0,,,0.0,7166.0,7195.0,0.0,20.0,0.0,0.0,0.0,0.0,28.0,0.0,0.0,0.0,28.0,0.0,0.0,0.0,0.0,0.0,"solar2_v,lipo2_v"
2020-06-25T07:00:00Z,28.0,28.0,,,0.283,0.472,,,,,,,,,,,4.01,4.007,4.012,,,,230.464,0.0,0.0,,,,,312.464,311.0,314.0,,,0.0,7196.0,7224.0,0.0,19.0,0.0,0.0,0.0,0.0,28.0,0.0,0.0,0.0,28.0,0.0,0.0,0.0,0.0,0.0,"solar2_v,lipo2_v"
2020-06-25T08:00:00Z,28.0,28.0,,,0.675,0.857,,,,,,,,,,,4.01,4.009,4.011,,,,229.214,0.0,0.0,,,,,320.893,314.0,327.0,,,0.0,7225.0,7253.0,0.0,28.0,0.0,0.0,0.0,0.0,28.0,0.0,0.0,0.0,28.0,0.0,0.0,0.0,0.0,0.0,"solar2_v,lipo2_v"
2020-06-25T09:00:00Z,30.0,30.0,,,0.558,0.695,,,,,,,,,,,4.009,4.007,4.011,,,,228.767,0.0,0.0,,,,,324.2,321.0,326.0,,,0.0,7254.0,7283.0,0.0,30.0,0.0,0.0,0.0,0.0,30.0,0.0,0.0,0.0,30.0,0.0,0.0,0.0,0.0,0.0,"solar2_v,lipo2_v"
2020-06-25T10:00:00Z,27.0,27.0,,,0.027,0.393,,,,,,,,,,,4.007,4.006,4.009,,,,229.407,0.0,0.0,,,,,317.444,313.0,325.0,,,0.0,7284.0,7312.0,0.0,2.0,0.0,0.0,0.0,0.0,27.0,0.0,0.0,0.0,27.0,0.0,0.0,0.0,0.0,0.0,"solar2_v,lipo2_v"
2020-06-25T11:00:00Z,28.0,28.0,,,0.0,0.0,,,,,,,,,,,4.007,4.004,4.009,,,,230.393,0.0,0.0,,,,,312.536,308.0,314.0,,,0.0,7313.0,7341.0,0.0,0.0,0.0,0.0,0.0,0.0,28.0,0.0,0.0,0.0,28.0,0.0,0.0,0.0,0.0,0.0,"solar2_v,lipo2_v"
2020-06-25T12:00:00Z,27.0,27.0,,,0.0,0.0,,,,,,,,,,,4.006,4.004,4.007,,,,231.111,0.0,0.0,,,,,303.259,301.0,307.0,,,0.0,7342.0,7370.0,0.0,0.0,0.0,0.0,0.0,0.0,27.0,0.0,0.0,0.0,27.0,0.0,0.0,0.0,0.0,0.0,"solar2_v,lipo2_v"
2020-06-25T13:00:00Z,29.0,29.0,,,0.0,0.0,,,,,,,,,,,4.004,4.003,4.006,,,,231.448,0.0,0.0,,,,,301.034,301.0,302.0,,,0.0,7371.0,7399.0,0.0,0.0,0.0,0.0,0.0,0.0,29.0,0.0,0.0,0.0,29.0,0.0,0.0,0.0,0.0,0.0,"solar2_v,lipo2_v"
2020-06-25T14:00:00Z,29.0,29.0,,,0.0,0.0,,,,,,,,,,,4.004,4.003,4.006,,,,231.483,0.0,0.0,,,,,301.069,301.0,302.0,,,0.0,7400.0,7429.0,0.0,0.0,0.0,0.0,0.0,0.0,29.0,0.0,0.0,0.0,29.0,0.0,0.0,0.0,0.0,0.0,"solar2_v,lipo2_v"
2020-06-25T15:00:00Z,29.0,29.0,,,0.0,0.0,,,,,,,,,,,4.003,4.001,4.004,,,,231.172,0.0,0.0,,,,,303.034,301.0,305.0,,,0.0,7430.0,7458.0,0.0,0.0,0.0,0.0,0.0,0.0,29.0,0.0,0.0,0.0,29.0,0.0,0.0,0.0,0.0,0.0,"solar2_v,lipo2_v"
2020-06-25T16:00:00Z,27.0,27.0,,,0.0,0.0,,,,,,,,,,,4.003,4.001,4.004,,,,231.593,0.0,0.0,,,,,300.926,300.0,302.0,,,0.0,7459.0,7487.0,0.0,0.0,0.0,0.0,0.0,0.0,27.0,0.0,0.0,0.0,27.0,0.0,0.0,0.0,0.0,0.0,"solar2_v,lipo2_v"
2020-06-25T17:00:00Z,29.0,29.0,,,0.0,0.0,,,,,,,,,,,4.001,3.999,4.003,,,,232.069,0.0,0.0,,,,,298.586,295.0,301.0,,,0.0,7488.0,7517.0,0.0,0.0,0.0,0.0,0.0,0.0,29.0,0.0,0.0,0.0,29.0,0.0,0.0,0.0,0.0,0.0,"solar2_v,lipo2_v"
2020-06-25T18:00:00Z,29.0,29.0,,,0.0,0.0,,,,,,,,,,,4.001,3.999,4.003,,,,232.448,0.0,0.0,,,,,296.276,295.0,300.0,,,0.0,7518.0,7546.0,0.0,0.0,0.0,0.0,0.0,0.0,29.0,0.0,0.0,0.0,29.0,0.0,0.0,0.0,0.0,0.0,"solar2_v,lipo2_v"
2020-06-25T19:00:00Z,30.0,30.0,,,0.0,0.0,,,,,,,,,,,4.0,3.999,4.003,,,,231.967,0.0,0.0,,,,,300.867,300.0,301.0,,,0.0,7547.0,7576.0,0.0,0.0,0.0,0.0,0.0,0.0,30.0,0.0,0.0,0.0,30.0,0.0,0.0,0.0,0.0,0.0,"solar2_v,lipo2_v"
2020-06-25T20:00:00Z,28.0,28.0,,,0.0,0.0,,,,,,,,,,,4.0,3.999,4.001,,,,231.571,0.0,0.0,,,,,300.786,300.0,301.0,,,0.0,7577.0,7605.0,0.0,0.0,0.0,0.0,0.0,0.0,28.0,0.0,0.0,0.0,28.0,0.0,0.0,0.0,0.0,0.0,"solar2_v,lipo2_v"
2020-06-25T21:00:00Z,30.0,30.0,,,0.0,0.0,,,,,,,,,,,3.999,3.998,4.001,,,,232.067,0.0,0.0,,,,,300.267,299.0,301.0,,,0.0,7606.0,7635.0,0.0,0.0,0.0,0.0,0.0,0.0,30.0,0.0,0.0,0.0,30.0,0.0,0.0,0.0,0.0,0.0,"solar2_v,lipo2_v"
2020-06-25T22:00:00Z,29.0,29.0,,,0.0,0.0,,,,,,,,,,,3.999,3.998,3.999,,,,232.69,0.0,0.0,,,,,292.414,290.0,298.0,,,0.0,7636.0,7664.0,0.0,0.0,0.0,0.0,0.0,0.0,29.0,0.0,0.0,0.0,29.0,0.0,0.0,0.0,0.0,0.0,"solar2_v,lipo2_v"
2020-06-25T23:00:00Z,30.0,30.0,,,0.237,0.623,,,,,,,,,,,3.999,3.996,4.001,,,,232.3,0.0,0.0,,,,,295.8,291.0,301.0,,,0.0,7665.0,7694.0,0.0,16.0,0.0,0.0,0.0,0.0,30.0,0.0,0.0,0.0,30.0,0.0,0.0,0.0,0.0,0.0,"solar2_v,lipo2_v"
2020-06-26T00:00:00Z,27.0,27.0,,,0.725,1.258,,,,,,,,,,,3.998,3.994,3.999,,,,230.222,0.0,0.0,,,,,312.111,301.0,324.0,,,0.0,7695.0,7723.0,0.0,27.0,0.0,0.0,0.0,0.0,27.0,0.0,0.0,0.0,27.0,0.0,0.0,0.0,0.0,0.0,"solar2_v,lipo2_v"
2020-06-26T01:00:00Z,29.0,29.0,,,2.088,5.089,,,,,,,,,,,3.997,3.994,3.999,,,,227.414,0.0,0.0,,,,,340.621,325.0,401.0,,,0.0,7724.0,7752.0,0.0,29.0,0.0,0.0,0.0,0.0,29.0,0.0,0.0,0.0,29.0,0.0,0.0,0.0,0.0,0.0,"solar2_v,lipo2_v"
2020-06-26T02:00:00Z,29.0,29.0,,,4.622,4.962,,,,,,,,,,,3.999,3.996,4.001,,,,217.069,0.0,0.0,,,,,462.069,408.0,481.0,,,0.0,7753.0,7782.0,0.0,29.0,0.0,0.0,0.0,0.0,29.0,0.0,0.0,0.0,29.0,0.0,0.0,0.0,0.0,0.0,"solar2_v,lipo2_v"
2020-06-26T03:00:00Z,28.0,28.0,,,4.8,5.059,,,,,,,,,,,3.999,3.998,3.999,,,,215.929,0.0,0.0,,,,,473.143,451.0,500.0,,,0.0,7783.0,7811.0,0.0,28.0,0.0,0.0,0.0,0.0,28.0,0.0,0.0,0.0,28.0,0.0,0.0,0.0,0.0,0.0,"solar2_v,lipo2_v"
2020-06-26T04:00:00Z,29.0,29.0,,,4.853,4.959,,,,,,,,,,,3.999,3.998,4.001,,,,213.345,0.0,0.0,,,,,500.724,496.0,505.0,,,0.0,7812.0,7840.0,0.0,29.0,0.0,0.0,0.0,0.0,29.0,0.0,0.0,0.0,29.0,0.0,0.0,0.0,0.0,0.0,"solar2_v,lipo2_v"
2020-06-26T05:00:00Z,29.0,29.0,,,4.861,5.013,,,,,,,,,,,3.998,3.996,4.001,,,,212.552,0.0,0.0,,,,,505.241,494.0,514.0,,,0.0,7842.0,7870.0,0.0,29.0,0.0,0.0,0.0,0.0,29.0,0.0,0.0,0.0,29.0,0.0,0.0,0.0,0.0,0.0,"solar2_v,lipo2_v"
2020-06-26T06:00:00Z,29.0,29.0,,,4.527,5.167,,,,,,,,,,,3.997,3.994,3.998,,,,213.621,0.0,0.0,,,,,496.034,461.0,518.0,,,0.0,7871.0,7899.0,0.0,29.0,0.0,0.0,0.0,0.0,29.0,0.0,0.0,0.0,29.0,0.0,0.0,0.0,0.0,0.0,"solar2_v,lipo2_v"
2020-06-26T07:00:00Z,29.0,29.0,,,3.597,4.91,,,,,,,,,,,3.995,3.993,3.996,,,,214.448,0.0,0.0,,,,,488.69,467.0,513.0,,,0.0,7900.0,7928.0,0.0,29.0,0.0,0.0,0.0,0.0,29.0,0.0,0.0,0.0,29.0,0.0,0.0,0.0,0.0,0.0,"solar2_v,lipo2_v"
2020-06-26T08:00:00Z,30.0,30.0,,,1.288,1.751,,,,,,,,,,,3.993,3.991,3.994,,,,221.767,0.0,0.0,,,,,409.067,381.0,465.0,,,0.0,7929.0,7958.0,0.0,30.0,0.0,0.0,0.0,0.0,30.0,0.0,0.0,0.0,30.0,0.0,0.0,0.0,0.0,0.0,"solar2_v,lipo2_v"
2020-06-26T09:00:00Z,29.0,29.0,,,0.777,1.161,,,,,,,,,,,3.992,3.989,3.994,,,,224.931,0.0,0.0,,,,,370.552,367.0,380.0,,,0.0,7959.0,7987.0,0.0,29.0,0.0,0.0,0.0,0.0,29.0,0.0,0.0,0.0,29.0,0.0,0.0,0.0,0.0,0.0,"solar2_v,lipo2_v"
2020-06-26T10:00:00Z,29.0,29.0,,,0.077,0.415,,,,,,,,,,,3.989,3.986,3.991,,,,226.931,0.0,0.0,,,,,349.931,340.0,366.0,,,0.0,7988.0,8017.0,0.0,6.0,0.0,0.0,0.0,0.0,29.0,0.0,0.0,0.0,29.0,0.0,0.0,0.0,0.0,0.0,"solar2_v,lipo2_v"
2020-06-26T11:00:00Z,28.0,28.0,,,0.0,0.0,,,,,,,,,,,3.987,3.984,3.989,,,,228.321,0.0,0.0,,,,,328.75,314.0,340.0,,,0.0,8018.0,8046.0,0.0,0.0,0.0,0.0,0.0,0.0,28.0,0.0,0.0,0.0,28.0,0.0,0.0,0.0,0.0,0.0,"solar2_v,lipo2_v"
2020-06-26T12:00:00Z,28.0,28.0,,,0.0,0.0,,,,,,,,,,,3.984,3.983,3.988,,,,231.643,0.0,0.0,,,,,301.536,297.0,313.0,,,0.0,8047.0,8075.0,0.0,0.0,0.0,0.0,0.0,0.0,28.0,0.0,0.0,0.0,28.0,0.0,0.0,0.0,0.0,0.0,"solar2_v,lipo2_v"
2020-06-26T13:00:00Z,28.0,28.0,,,0.0,0.0,,,,,,,,,,,3.984,3.983,3.986,,,,231.214,0.0,0.0,,,,,308.286,304.0,311.0,,,0.0,8076.0,8104.0,0.0,0.0,0.0,0.0,0.0,0.0,28.0,0.0,0.0,0.0,28.0,0.0,0.0,0.0,0.0,0.0,"solar2_v,lipo2_v"
2020-06-26T14:00:00Z,28.0,28.0,,,0.0,0.0,,,,,,,,,,,3.982,3.981,3.984,,,,230.607,0.0,0.0,,,,,310.393,307.0,313.0,,,0.0,8105.0,8134.0,0.0,0.0,0.0,0.0,0.0,0.0,28.0,0.0,0.0,0.0,28.0,0.0,0.0,0.0,0.0,0.0,"solar2_v,lipo2_v"
2020-06-26T15:00:00Z,29.0,29.0,,,0.0,0.0,,,,,,,,,,,3.981,3.978,3.983,,,,231.0,0.0,0.0,,,,,305.172,304.0,306.0,,,0.0,8135.0,8163.0,0.0,0.0,0.0,0.0,0.0,0.0,29.0,0.0,0.0,0.0,29.0,0.0,0.0,0.0,0.0,0.0,"solar2_v,lipo2_v"
2020-06-26T16:00:00Z,29.0,29.0,,,0.0,0.0,,,,,,,,,,,3.979,3.978,3.981,,,,231.759,0.0,0.0,,,,,301.207,300.0,304.0,,,0.0,8164.0,8192.0,0.0,0.0,0.0,0.0,0.0,0.0,29.0,0.0,0.0,0.0,29.0,0.0,0.0,0.0,0.0,0.0,"solar2_v,lipo2_v"
2020-06-26T17:00:00Z,29.0,29.0,,,0.0,0.0,,,,,,,,,,,3.978,3.976,3.979,,,,232.138,0.0,0.0,,,,,299.103,298.0,300.0,,,0.0,8193.0,8222.0,0.0,0.0,0.0,0.0,0.0,0.0,29.0,0.0,0.0,0.0,29.0,0.0,0.0,0.0,0.0,0.0,"solar2_v,lipo2_v"
2020-06-26T18:00:00Z,29.0,29.0,,,0.0,0.0,,,,,,,,,,,3.976,3.976,3.978,,,,231.897,0.0,0.0,,,,,301.138,300.0,305.0,,,0.0,8223.0,8251.0,0.0,0.0,0.0,0.0,0.0,0.0,29.0,0.0,0.0,0.0,29.0,0.0,0.0,0.0,0.0,0.0,"solar2_v,lipo2_v"
2020-06-26T19:00:00Z,29.0,29.0,,,0.0,0.0,,,,,,,,,,,3.976,3.974,3.976,,,,232.034,0.0,0.0,,,,,299.621,298.0,300.0,,,0.0,8252.0,8280.0,0.0,0.0,0.0,0.0,0.0,0.0,29.0,0.0,0.0,0.0,29.0,0.0,0.0,0.0,0.0,0.0,"solar2_v,lipo2_v"
2020-06-26T20:00:00Z,30.0,30.0,,,0.0,0.0,,,,,,,,,,,3.975,3.974,3.976,,,,232.667,0.0,0.0,,,,,296.067,294.0,299.0,,,0.0,8281.0,8310.0,0.0,0.0,0.0,0.0,0.0,0.0,30.0,0.0,0.0,0.0,30.0,0.0,0.0,0.0,0.0,0.0,"solar2_v,lipo2_v"
2020-06-26T21:00:00Z,29.0,29.0,,,0.0,0.0,,,,,,,,,,,3.974,3.974,3.976,,,,232.655,0.0,0.0,,,,,293.724,292.0,295.0,,,0.0,8311.0,8339.0,0.0,0.0,0.0,0.0,0.0,0.0,29.0,0.0,0.0,0.0,29.0,0.0,0.0,0.0,0.0,0.0,"solar2_v,lipo2_v"
2020-06-26T22:00:00Z,30.0,30.0,,,0.0,0.0,,,,,,,,,,,3.974,3.973,3.974,,,,232.867,0.0,0.0,,,,,293.667,293.0,295.0,,,0.0,8340.0,8369.0,0.0,0.0,0.0,0.0,0.0,0.0,30.0,0.0,0.0,0.0,30.0,0.0,0.0,0.0,0.0,0.0,"solar2_v,lipo2_v"
2020-06-26T23:00:00Z,29.0,29.0,,,0.281,0.58,,,,,,,,,,,3.974,3.973,3.974,,,,232.172,0.0,0.0,,,,,298.759,295.0,302.0,,,0.0,8370.0,8398.0,0.0,17.0,0.0,0.0,0.0,0.0,29.0,0.0,0.0,0.0,29.0,0.0,0.0,0.0,0.0,0.0,"solar2_v,lipo2_v"
2020-06-27T00:00:00Z,28.0,28.0,,,0.823,1.075,,,,,,,,,,,3.973,3.971,3.974,,,,230.036,0.0,0.0,,,,,313.143,303.0,322.0,,,0.0,8399.0,8427.0,0.0,28.0,0.0,0.0,0.0,0.0,28.0,0.0,0.0,0.0,28.0,0.0,0.0,0.0,0.0,0.0,"solar2_v,lipo2_v"
2020-06-27T01:00:00Z,30.0,30.0,,,2.148,5.218,,,,,,,,,,,3.973,3.971,3.974,,,,227.1,0.0,0.0,,,,,344.567,323.0,385.0,,,0.0,8428.0,8457.0,0.0,30.0,0.0,0.0,0.0,0.0,30.0,0.0,0.0,0.0,30.0,0.0,0.0,0.0,0.0,0.0,"solar2_v,lipo2_v"
2020-06-27T02:00:00Z,28.0,28.0,,,3.103,5.154,,,,,,,,,,,3.973,3.971,3.974,,,,223.179,0.0,0.0,,,,,387.214,372.0,400.0,,,0.0,8458.0,8486.0,0.0,28.0,0.0,0.0,0.0,0.0,28.0,0.0,0.0,0.0,28.0,0.0,0.0,0.0,0.0,0.0,"solar2_v,lipo2_v"
2020-06-27T03:00:00Z,28.0,28.0,,,2.949,5.533,,,,,,,,,,,3.973,3.97,3.974,,,,221.321,0.0,0.0,,,,,406.25,369.0,438.0,,,0.0,8487.0,8515.0,0.0,28.0,0.0,0.0,0.0,0.0,28.0,0.0,0.0,0.0,28.0,0.0,0.0,0.0,0.0,0.0,"solar2_v,lipo2_v"
2020-06-27T04:00:00Z,30.0,30.0,,,4.119,5.523,,,,,,,,,,,3.972,3.97,3.973,,,,218.333,0.0,0.0,,,,,446.9,394.0,480.0,,,0.0,8516.0,8545.0,0.0,30.0,0.0,0.0,0.0,0.0,30.0,0.0,0.0,0.0,30.0,0.0,0.0,0.0,0.0,0.0,"solar2_v,lipo2_v"
2020-06-27T05:00:00Z,29.0,29.0,,,3.535,5.185,,,,,,,,,,,3.971,3.968,3.973,,,,219.793,0.0,0.0,,,,,433.828,420.0,459.0,,,0.0,8546.0,8574.0,0.0,29.0,0.0,0.0,0.0,0.0,29.0,0.0,0.0,0.0,29.0,0.0,0.0,0.0,0.0,0.0,"solar2_v,lipo2_v"
2020-06-27T06:00:00Z,28.0,28.0,,,4.6,5.089,,,,,,,,,,,3.971,3.97,3.973,,,,213.929,0.0,0.0,,,,,501.571,442.0,516.0,,,0.0,8575.0,8603.0,0.0,28.0,0.0,0.0,0.0,0.0,28.0,0.0,0.0,0.0,28.0,0.0,0.0,0.0,0.0,0.0,"solar2_v,lipo2_v"
2020-06-27T07:00:00Z,28.0,28.0,,,3.456,4.884,,,,,,,,,,,3.97,3.966,3.973,,,,216.071,0.0,0.0,,,,,472.071,428.0,516.0,,,0.0,8604.0,8632.0,0.0,28.0,0.0,0.0,0.0,0.0,28.0,0.0,0.0,0.0,28.0,0.0,0.0,0.0,0.0,0.0,"solar2_v,lipo2_v"
2020-06-27T08:00:00Z,28.0,28.0,,,0.939,1.249,,,,,,,,,,,3.965,3.961,3.968,,,,223.464,0.0,0.0,,,,,387.0,379.0,414.0,,,0.0,8635.0,8662.0,0.0,28.0,0.0,0.0,0.0,0.0,28.0,0.0,0.0,0.0,28.0,0.0,0.0,0.0,0.0,0.0,"solar2_v,lipo2_v"
2020-06-27T09:00:00Z,28.0,28.0,,,0.926,1.251,,,,,,,,,,,3.962,3.961,3.966,,,,223.964,0.0,0.0,,,,,376.214,369.0,381.0,,,0.0,8663.0,8691.0,0.0,28.0,0.0,0.0,0.0,0.0,28.0,0.0,0.0,0.0,28.0,0.0,0.0,0.0,0.0,0.0,"solar2_v,lipo2_v"
2020-06-27T10:00:00Z,30.0,30.0,,,0.213,0.613,,,,,,,,,,,3.96,3.956,3.961,,,,225.967,0.0,0.0,,,,,359.767,353.0,367.0,,,0.0,8692.0,8721.0,0.0,13.0,0.0,0.0,0.0,0.0,30.0,0.0,0.0,0.0,30.0,0.0,0.0,0.0,0.0,0.0,"solar2_v,lipo2_v"
2020-06-27T11:00:00Z,29.0,29.0,,,0.0,0.0,,,,,,,,,,,3.957,3.953,3.96,,,,227.552,0.0,0.0,,,,,342.828,325.0,353.0,,,0.0,8722.0,8750.0,0.0,0.0,0.0,0.0,0.0,0.0,29.0,0.0,0.0,0.0,29.0,0.0,0.0,0.0,0.0,0.0,"solar2_v,lipo2_v"
2020-06-27T12:00:00Z,27.0,27.0,,,0.0,0.0,,,,,,,,,,,3.955,3.951,3.958,,,,230.0,0.0,0.0,,,,,316.037,308.0,324.0,,,0.0,8751.0,8779.0,0.0,0.0,0.0,0.0,0.0,0.0,27.0,0.0,0.0,0.0,27.0,0.0,0.0,0.0,0.0,0.0,"solar2_v,lipo2_v"
2020-06-27T13:00:00Z,29.0,29.0,,,0.0,0.0,,,,,,,,,,,3.951,3.948,3.955,,,,232.379,0.0,0.0,,,,,294.31,286.0,306.0,,,0.0,8780.0,8809.0,0.0,0.0,0.0,0.0,0.0,0.0,29.0,0.0,0.0,0.0,29.0,0.0,0.0,0.0,0.0,0.0,"solar2_v,lipo2_v"
2020-06-27T14:00:00Z,29.0,29.0,,,0.0,0.0,,,,,,,,,,,3.949,3.946,3.953,,,,232.897,0.0,0.0,,,,,289.69,288.0,292.0,,,0.0,8810.0,8838.0,0.0,0.0,0.0,0.0,0.0,0.0,29.0,0.0,0.0,0.0,29.0,0.0,0.0,0.0,0.0,0.0,"solar2_v,lipo2_v"
2020-06-27T15:00:00Z,30.0,30.0,,,0.0,0.0,,,,,,,,,,,3.948,3.945,3.95,,,,232.733,0.0,0.0,,,,,293.233,289.0,300.0,,,0.0,8839.0,8868.0,0.0,0.0,0.0,0.0,0.0,0.0,30.0,0.0,0.0,0.0,30.0,0.0,0.0,0.0,0.0,0.0,"solar2_v,lipo2_v"
2020-06-27T16:00:00Z,27.0,27.0,,,0.0,0.0,,,,,,,,,,,3.947,3.945,3.95,,,,231.556,0.0,0.0,,,,,300.926,300.0,301.0,,,0.0,8869.0,8897.0,0.0,0.0,0.0,0.0,0.0,0.0,27.0,0.0,0.0,0.0,27.0,0.0,0.0,0.0,0.0,0.0,"solar2_v,lipo2_v"
2020-06-27T17:00:00Z,28.0,28.0,,,0.0,0.0,,,,,,,,,,,3.946,3.945,3.948,,,,231.464,0.0,0.0,,,,,301.036,301.0,302.0,,,0.0,8898.0,8926.0,0.0,0.0,0.0,0.0,0.0,0.0,28.0,0.0,0.0,0.0,28.0,0.0,0.0,0.0,0.0,0.0,"solar2_v,lipo2_v"
2020-06-27T18:00:00Z,30.0,30.0,,,0.0,0.0,,,,,,,,,,,3.943,3.941,3.945,,,,231.767,0.0,0.0,,,,,300.1,300.0,301.0,,,0.0,8927.0,8956.0,0.0,0.0,0.0,0.0,0.0,0.0,30.0,0.0,0.0,0.0,30.0,0.0,0.0,0.0,0.0,0.0,"solar2_v,lipo2_v"
2020-06-27T19:00:00Z,29.0,29.0,,,0.0,0.0,,,,,,,,,,,3.941,3.938,3.943,,,,232.0,0.0,0.0,,,,,300.207,300.0,301.0,,,0.0,8957.0,8985.0,0.0,0.0,0.0,0.0,0.0,0.0,29.0,0.0,0.0,0.0,29.0,0.0,0.0,0.0,0.0,0.0,"solar2_v,lipo2_v"
2020-06-27T20:00:00Z,30.0,30.0,,,0.0,0.0,,,,,,,,,,,3.941,3.938,3.943,,,,231.4,0.0,0.0,,,,,301.367,301.0,303.0,,,0.0,8986.0,9015.0,0.0,0.0,0.0,0.0,0.0,0.0,30.0,0.0,0.0,0.0,30.0,0.0,0.0,0.0,0.0,0.0,"solar2_v,lipo2_v"
2020-06-27T21:00:00Z,29.0,29.0,,,0.0,0.0,,,,,,,,,,,3.938,3.935,3.941,,,,231.862,0.0,0.0,,,,,301.103,301.0,302.0,,,0.0,9016.0,9044.0,0.0,0.0,0.0,0.0,0.0,0.0,29.0,0.0,0.0,0.0,29.0,0.0,0.0,0.0,0.0,0.0,"solar2_v,lipo2_v"
2020-06-27T22:00:00Z,29.0,29.0,,,0.0,0.0,,,,,,,,,,,3.937,3.935,3.938,,,,231.966,0.0,0.0,,,,,300.724,300.0,301.0,,,0.0,9045.0,9073.0,0.0,0.0,0.0,0.0,0.0,0.0,29.0,0.0,0.0,0.0,29.0,0.0,0.0,0.0,0.0,0.0,"solar2_v,lipo2_v"
2020-06-27T23:00:00Z,30.0,30.0,,,0.0,0.0,,,,,,,,,,,3.935,3.932,3.938,,,,231.3,0.0,0.0,,,,,302.133,300.0,306.0,,,0.0,9074.0,9103.0,0.0,0.0,0.0,0.0,0.0,0.0,30.0,0.0,0.0,0.0,30.0,0.0,0.0,0.0,0.0,0.0,"solar2_v,lipo2_v"
2020-06-28T00:00:00Z,29.0,29.0,,,0.331,0.547,,,,,,,,,,,3.933,3.932,3.935,,,,230.862,0.0,0.0,,,,,308.31,305.0,313.0,,,0.0,9104.0,9132.0,0.0,22.0,0.0,0.0,0.0,0.0,29.0,0.0,0.0,0.0,29.0,0.0,0.0,0.0,0.0,0.0,"solar2_v,lipo2_v"
2020-06-28T01:00:00Z,30.0,30.0,,,0.833,1.153,,,,,,,,,,,3.932,3.93,3.935,,,,229.733,0.0,0.0,,,,,318.0,313.0,326.0,,,0.0,9133.0,9162.0,0.0,30.0,0.0,0.0,0.0,0.0,30.0,0.0,0.0,0.0,30.0,0.0,0.0,0.0,0.0,0.0,"solar2_v,lipo2_v"
2020-06-28T02:00:00Z,28.0,28.0,,,1.657,2.355,,,,,,,,,,,3.931,3.93,3.933,,,,227.857,0.0,0.0,,,,,338.321,327.0,354.0,,,0.0,9163.0,9191.0,0.0,28.0,0.0,0.0,0.0,0.0,28.0,0.0,0.0,0.0,28.0,0.0,0.0,0.0,0.0,0.0,"solar2_v,lipo2_v"
2020-06-28T03:00:00Z,29.0,29.0,,,3.518,4.295,,,,,,,,,,,3.932,3.93,3.933,,,,223.655,0.0,0.0,,,,,386.793,354.0,407.0,,,0.0,9192.0,9220.0,0.0,29.0,0.0,0.0,0.0,0.0,29.0,0.0,0.0,0.0,29.0,0.0,0.0,0.0,0.0,0.0,"solar2_v,lipo2_v"
2020-06-28T04:00:00Z,29.0,29.0,,,3.806,5.172,,,,,,,,,,,3.932,3.93,3.933,,,,220.69,0.0,0.0,,,,,419.517,392.0,451.0,,,0.0,9221.0,9250.0,0.0,29.0,0.0,0.0,0.0,0.0,29.0,0.0,0.0,0.0,29.0,0.0,0.0,0.0,0.0,0.0,"solar2_v,lipo2_v"
2020-06-28T05:00:00Z,29.0,29.0,,,3.938,5.238,,,,,,,,,,,3.931,3.928,3.933,,,,218.138,0.0,0.0,,,,,447.828,433.0,461.0,,,0.0,9251.0,9279.0,0.0,29.0,0.0,0.0,0.0,0.0,29.0,0.0,0.0,0.0,29.0,0.0,0.0,0.0,0.0,0.0,"solar2_v,lipo2_v"
2020-06-28T06:00:00Z,28.0,28.0,,,2.38,4.695,,,,,,,,,,,3.929,3.925,3.932,,,,219.964,0.0,0.0,,,,,426.071,380.0,451.0,,,0.0,9281.0,9309.0,0.0,28.0,0.0,0.0,0.0,0.0,28.0,0.0,0.0,0.0,28.0,0.0,0.0,0.0,0.0,0.0,"solar2_v,lipo2_v"
2020-06-28T07:00:00Z,28.0,28.0,,,2.305,4.964,,,,,,,,,,,3.927,3.925,3.928,,,,222.357,0.0,0.0,,,,,399.429,380.0,428.0,,,0.0,9310.0,9338.0,0.0,28.0,0.0,0.0,0.0,0.0,28.0,0.0,0.0,0.0,28.0,0.0,0.0,0.0,0.0,0.0,"solar2_v,lipo2_v"
2020-06-28T08:00:00Z,30.0,30.0,,,0.507,0.692,,,,,,,,,,,3.924,3.923,3.927,,,,226.867,0.0,0.0,,,,,353.2,340.0,377.0,,,0.0,9339.0,9368.0,0.0,26.0,0.0,0.0,0.0,0.0,30.0,0.0,0.0,0.0,30.0,0.0,0.0,0.0,0.0,0.0,"solar2_v,lipo2_v"
2020-06-28T09:00:00Z,28.0,28.0,,,0.0,0.0,,,,,,,,,,,3.923,3.92,3.925,,,,230.714,0.0,0.0,,,,,308.071,272.0,340.0,,,0.0,9369.0,9397.0,0.0,0.0,0.0,0.0,0.0,0.0,28.0,0.0,0.0,0.0,28.0,0.0,0.0,0.0,0.0,0.0,"solar2_v,lipo2_v"
2020-06-28T10:00:00Z,29.0,29.0,,,0.0,0.0,,,,,,,,,,,3.92,3.918,3.922,,,,234.552,0.0,0.0,,,,,272.31,272.0,273.0,,,0.0,9398.0,9426.0,0.0,0.0,0.0,0.0,0.0,0.0,29.0,0.0,0.0,0.0,29.0,0.0,0.0,0.0,0.0,0.0,"solar2_v,lipo2_v"
2020-06-28T11:00:00Z,29.0,29.0,,,0.0,0.0,,,,,,,,,,,3.919,3.917,3.92,,,,234.414,0.0,0.0,,,,,268.759,266.0,273.0,,,0.0,9428.0,9456.0,0.0,0.0,0.0,0.0,0.0,0.0,29.0,0.0,0.0,0.0,29.0,0.0,0.0,0.0,0.0,0.0,"solar2_v,lipo2_v"
2020-06-28T12:00:00Z,29.0,29.0,,,0.0,0.0,,,,,,,,,,,3.918,3.915,3.92,,,,234.207,0.0,0.0,,,,,269.931,264.0,273.0,,,0.0,9457.0,9485.0,0.0,0.0,0.0,0.0,0.0,0.0,29.0,0.0,0.0,0.0,29.0,0.0,0.0,0.0,0.0,0.0,"solar2_v,lipo2_v"
2020-06-28T13:00:00Z,28.0,28.0,,,0.0,0.0,,,,,,,,,,,3.915,3.912,3.917,,,,235.179,0.0,0.0,,,,,262.214,261.0,266.0,,,0.0,9486.0,9514.0,0.0,0.0,0.0,0.0,0.0,0.0,28.0,0.0,0.0,0.0,28.0,0.0,0.0,0.0,0.0,0.0,"solar2_v,lipo2_v"
2020-06-28T14:00:00Z,28.0,28.0,,,0.0,0.0,,,,,,,,,,,3.913,3.91,3.915,,,,234.429,0.0,0.0,,,,,266.5,264.0,270.0,,,0.0,9515.0,9544.0,0.0,0.0,0.0,0.0,0.0,0.0,28.0,0.0,0.0,0.0,28.0,0.0,0.0,0.0,0.0,0.0,"solar2_v,lipo2_v"
2020-06-28T15:00:00Z,29.0,29.0,,,0.0,0.0,,,,,,,,,,,3.912,3.91,3.913,,,,234.138,0.0,0.0,,,,,272.621,270.0,274.0,,,0.0,9545.0,9573.0,0.0,0.0,0.0,0.0,0.0,0.0,29.0,0.0,0.0,0.0,29.0,0.0,0.0,0.0,0.0,0.0,"solar2_v,lipo2_v"
2020-06-28T16:00:00Z,29.0,29.0,,,0.0,0.0,,,,,,,,,,,3.911,3.908,3.913,,,,233.897,0.0,0.0,,,,,273.724,273.0,274.0,,,0.0,9574.0,9602.0,0.0,0.0,0.0,0.0,0.0,0.0,29.0,0.0,0.0,0.0,29.0,0.0,0.0,0.0,0.0,0.0,"solar2_v,lipo2_v"
2020-06-28T17:00:00Z,30.0,30.0,,,0.0,0.0,,,,,,,,,,,3.909,3.908,3.912,,,,234.067,0.0,0.0,,,,,274.3,273.0,275.0,,,0.0,9603.0,9632.0,0.0,0.0,0.0,0.0,0.0,0.0,30.0,0.0,0.0,0.0,30.0,0.0,0.0,0.0,0.0,0.0,"solar2_v,lipo2_v"
2020-06-28T18:00:00Z,29.0,29.0,,,0.0,0.0,,,,,,,,,,,3.908,3.905,3.91,,,,233.793,0.0,0.0,,,,,275.241,275.0,276.0,,,0.0,9633.0,9661.0,0.0,0.0,0.0,0.0,0.0,0.0,29.0,0.0,0.0,0.0,29.0,0.0,0.0,0.0,0.0,0.0,"solar2_v,lipo2_v"
2020-06-28T19:00:00Z,30.0,30.0,,,0.0,0.0,,,,,,,,,,,3.907,3.905,3.908,,,,233.9,0.0,0.0,,,,,275.4,274.0,277.0,,,0.0,9662.0,9691.0,0.0,0.0,0.0,0.0,0.0,0.0,30.0,0.0,0.0,0.0,30.0,0.0,0.0,0.0,0.0,0.0,"solar2_v,lipo2_v"
2020-06-28T20:00:00Z,29.0,29.0,,,0.0,0.0,,,,,,,,,,,3.905,3.902,3.907,,,,234.0,0.0,0.0,,,,,275.724,274.0,277.0,,,0.0,9692.0,9720.0,0.0,0.0,0.0,0.0,0.0,0.0,29.0,0.0,0.0,0.0,29.0,0.0,0.0,0.0,0.0,0.0,"solar2_v,lipo2_v"
2020-06-28T21:00:00Z,30.0,30.0,,,0.0,0.0,,,,,,,,,,,3.904,3.902,3.905,,,,233.767,0.0,0.0,,,,,276.333,275.0,277.0,,,0.0,9721.0,9750.0,0.0,0.0,0.0,0.0,0.0,0.0,30.0,0.0,0.0,0.0,30.0,0.0,0.0,0.0,0.0,0.0,"solar2_v,lipo2_v"
2020-06-28T22:00:00Z,29.0,29.0,,,0.0,0.0,,,,,,,,,,,3.904,3.902,3.905,,,,233.345,0.0,0.0,,,,,276.552,275.0,278.0,,,0.0,9751.0,9779.0,0.0,0.0,0.0,0.0,0.0,0.0,29.0,0.0,0.0,0.0,29.0,0.0,0.0,0.0,0.0,0.0,"solar2_v,lipo2_v"
2020-06-28T23:00:00Z,28.0,28.0,,,0.211,0.524,,,,,,,,,,,3.903,3.9,3.904,,,,233.286,0.0,0.0,,,,,284.25,278.0,290.0,,,0.0,9780.0,9808.0,0.0,14.0,0.0,0.0,0.0,0.0,28.0,0.0,0.0,0.0,28.0,0.0,0.0,0.0,0.0,0.0,"solar2_v,lipo2_v"
2020-06-29T00:00:00Z,30.0,30.0,,,0.705,0.892,,,,,,,,,,,3.902,3.9,3.905,,,,231.867,0.0,0.0,,,,,298.6,291.0,302.0,,,0.0,9809.0,9838.0,0.0,30.0,0.0,0.0,0.0,0.0,30.0,0.0,0.0,0.0,30.0,0.0,0.0,0.0,0.0,0.0,"solar2_v,lipo2_v"
2020-06-29T01:00:00Z,29.0,29.0,,,1.013,1.338,,,,,,,,,,,3.902,3.9,3.904,,,,230.069,0.0,0.0,,,,,314.241,302.0,321.0,,,0.0,9839.0,9867.0,0.0,29.0,0.0,0.0,0.0,0.0,29.0,0.0,0.0,0.0,29.0,0.0,0.0,0.0,0.0,0.0,"solar2_v,lipo2_v"
2020-06-29T02:00:00Z,28.0,28.0,,,2.237,4.424,,,,,,,,,,,3.903,3.9,3.904,,,,227.607,0.0,0.0,,,,,341.321,316.0,364.0,,,0.0,9868.0,9896.0,0.0,28.0,0.0,0.0,0.0,0.0,28.0,0.0,0.0,0.0,28.0,0.0,0.0,0.0,0.0,0.0,"solar2_v,lipo2_v"
2020-06-29T03:00:00Z,27.0,27.0,,,2.28,3.593,,,,,,,,,,,3.902,3.9,3.904,,,,225.63,0.0,0.0,,,,,360.778,355.0,368.0,,,0.0,9897.0,9925.0,0.0,27.0,0.0,0.0,0.0,0.0,27.0,0.0,0.0,0.0,27.0,0.0,0.0,0.0,0.0,0.0,"solar2_v,lipo2_v"
2020-06-29T04:00:00Z,30.0,30.0,,,2.211,5.033,,,,,,,,,,,3.902,3.9,3.904,,,,224.4,0.0,0.0,,,,,373.333,324.0,386.0,,,0.0,9926.0,9955.0,0.0,23.0,0.0,0.0,0.0,0.0,30.0,0.0,0.0,0.0,30.0,0.0,0.0,0.0,0.0,0.0,"solar2_v,lipo2_v"
2020-06-29T05:00:00Z,28.0,28.0,,,0.438,0.605,,,,,,,,,,,3.898,3.895,3.9,,,,233.107,0.0,0.0,,,,,282.607,274.0,314.0,,,0.0,9956.0,9983.0,0.0,25.0,0.0,0.0,0.0,0.0,28.0,0.0,0.0,0.0,28.0,0.0,0.0,0.0,0.0,0.0,"solar2_v,lipo2_v"
2020-06-29T06:00:00Z,29.0,29.0,,,0.505,0.631,,,,,,,,,,,3.896,3.894,3.897,,,,233.241,0.0,0.0,,,,,284.759,282.0,287.0,,,0.0,9985.0,10013.0,0.0,29.0,0.0,0.0,0.0,0.0,29.0,0.0,0.0,0.0,29.0,0.0,0.0,0.0,0.0,0.0,"solar2_v,lipo2_v"
2020-06-29T07:00:00Z,29.0,29.0,,,0.349,0.451,,,,,,,,,,,3.895,3.894,3.895,,,,233.138,0.0,0.0,,,,,287.0,285.0,290.0,,,0.0,10014.0,10043.0,0.0,28.0,0.0,0.0,0.0,0.0,29.0,0.0,0.0,0.0,29.0,0.0,0.0,0.0,0.0,0.0,"solar2_v,lipo2_v"
2020-06-29T08:00:00Z,29.0,29.0,,,0.364,0.392,,,,,,,,,,,3.894,3.894,3.895,,,,233.241,0.0,0.0,,,,,280.31,275.0,286.0,,,0.0,10044.0,10072.0,0.0,28.0,0.0,0.0,0.0,0.0,29.0,0.0,0.0,0.0,29.0,0.0,0.0,0.0,0.0,0.0,"solar2_v,lipo2_v"
2020-06-29T09:00:00Z,28.0,28.0,,,0.062,0.349,,,,,,,,,,,3.894,3.892,3.895,,,,233.643,0.0,0.0,,,,,275.464,274.0,277.0,,,0.0,10073.0,10101.0,0.0,5.0,0.0,0.0,0.0,0.0,28.0,0.0,0.0,0.0,28.0,0.0,0.0,0.0,0.0,0.0,"solar2_v,lipo2_v"
2020-06-29T10:00:00Z,29.0,29.0,,,0.0,0.0,,,,,,,,,,,3.892,3.89,3.894,,,,233.621,0.0,0.0,,,,,274.241,274.0,276.0,,,0.0,10102.0,10131.0,0.0,0.0,0.0,0.0,0.0,0.0,29.0,0.0,0.0,0.0,29.0,0.0,0.0,0.0,0.0,0.0,"solar2_v,lipo2_v"
2020-06-29T11:00:00Z,26.0,26.0,,,0.0,0.0,,,,,,,,,,,3.892,3.889,3.894,,,,233.423,0.0,0.0,,,,,277.308,275.0,281.0,,,0.0,10132.0,10159.0,0.0,0.0,0.0,0.0,0.0,0.0,26.0,0.0,0.0,0.0,26.0,0.0,0.0,0.0,0.0,0.0,"solar2_v,lipo2_v"
2020-06-29T12:00:00Z,30.0,30.0,,,0.0,0.0,,,,,,,,,,,3.891,3.889,3.894,,,,233.267,0.0,0.0,,,,,281.733,280.0,284.0,,,0.0,10160.0,10189.0,0.0,0.0,0.0,0.0,0.0,0.0,30.0,0.0,0.0,0.0,30.0,0.0,0.0,0.0,0.0,0.0,"solar2_v,lipo2_v"
2020-06-29T13:00:00Z,29.0,29.0,,,0.0,0.0,,,,,,,,,,,3.89,3.889,3.892,,,,233.172,0.0,0.0,,,,,285.759,284.0,286.0,,,0.0,10190.0,10218.0,0.0,0.0,0.0,0.0,0.0,0.0,29.0,0.0,0.0,0.0,29.0,0.0,0.0,0.0,0.0,0.0,"solar2_v,lipo2_v"
2020-06-29T14:00:00Z,25.0,25.0,,,0.0,0.0,,,,,,,,,,,3.889,3.887,3.892,,,,233.16,0.0,0.0,,,,,285.72,283.0,288.0,,,0.0,10219.0,10247.0,0.0,0.0,0.0,0.0,0.0,0.0,25.0,0.0,0.0,0.0,25.0,0.0,0.0,0.0,0.0,0.0,"solar2_v,lipo2_v"
2020-06-29T15:00:00Z,30.0,30.0,,,0.0,0.0,,,,,,,,,,,3.889,3.885,3.89,,,,233.367,0.0,0.0,,,,,284.933,283.0,286.0,,,0.0,10248.0,10277.0,0.0,0.0,0.0,0.0,0.0,0.0,30.0,0.0,0.0,0.0,30.0,0.0,0.0,0.0,0.0,0.0,"solar2_v,lipo2_v"
2020-06-29T16:00:00Z,28.0,28.0,,,0.0,0.0,,,,,,,,,,,3.889,3.885,3.89,,,,233.286,0.0,0.0,,,,,281.75,281.0,286.0,,,0.0,10278.0,10306.0,0.0,0.0,0.0,0.0,0.0,0.0,28.0,0.0,0.0,0.0,28.0,0.0,0.0,0.0,0.0,0.0,"solar2_v,lipo2_v"
2020-06-29T17:00:00Z,26.0,26.0,,,0.0,0.0,,,,,,,,,,,3.888,3.885,3.889,,,,233.269,0.0,0.0,,,,,282.0,281.0,285.0,,,0.0,10307.0,10335.0,0.0,0.0,0.0,0.0,0.0,0.0,26.0,0.0,0.0,0.0,26.0,0.0,0.0,0.0,0.0,0.0,"solar2_v,lipo2_v"
2020-06-29T18:00:00Z,30.0,30.0,,,0.0,0.0,,,,,,,,,,,3.887,3.885,3.889,,,,233.233,0.0,0.0,,,,,283.9,281.0,286.0,,,0.0,10336.0,10365.0,0.0,0.0,0.0,0.0,0.0,0.0,30.0,0.0,0.0,0.0,30.0,0.0,0.0,0.0,0.0,0.0,"solar2_v,lipo2_v"
2020-06-29T19:00:00Z,29.0,29.0,,,0.0,0.0,,,,,,,,,,,3.886,3.884,3.889,,,,233.759,0.0,0.0,,,,,280.828,279.0,282.0,,,0.0,10366.0,10394.0,0.0,0.0,0.0,0.0,0.0,0.0,29.0,0.0,0.0,0.0,29.0,0.0,0.0,0.0,0.0,0.0,"solar2_v,lipo2_v"
2020-06-29T20:00:00Z,30.0,30.0,,,0.0,0.0,,,,,,,,,,,3.886,3.884,3.887,,,,233.367,0.0,0.0,,,,,276.9,276.0,279.0,,,0.0,10395.0,10424.0,0.0,0.0,0.0,0.0,0.0,0.0,30.0,0.0,0.0,0.0,30.0,0.0,0.0,0.0,0.0,0.0,"solar2_v,lipo2_v"
2020-06-29T21:00:00Z,29.0,29.0,,,0.0,0.0,,,,,,,,,,,3.885,3.884,3.887,,,,233.931,0.0,0.0,,,,,276.897,276.0,277.0,,,0.0,10425.0,10453.0,0.0,0.0,0.0,0.0,0.0,0.0,29.0,0.0,0.0,0.0,29.0,0.0,0.0,0.0,0.0,0.0,"solar2_v,lipo2_v"
2020-06-29T22:00:00Z,29.0,29.0,,,0.0,0.0,,,,,,,,,,,3.885,3.882,3.887,,,,233.69,0.0,0.0,,,,,277.207,276.0,279.0,,,0.0,10454.0,10482.0,0.0,0.0,0.0,0.0,0.0,0.0,29.0,0.0,0.0,0.0,29.0,0.0,0.0,0.0,0.0,0.0,"solar2_v,lipo2_v"
2020-06-29T23:00:00Z,30.0,30.0,,,0.163,0.575,,,,,,,,,,,3.884,3.882,3.887,,,,233.167,0.0,0.0,,,,,281.067,278.0,286.0,,,0.0,10483.0,10512.0,0.0,11.0,0.0,0.0,0.0,0.0,30.0,0.0,0.0,0.0,30.0,0.0,0.0,0.0,0.0,0.0,"solar2_v,lipo2_v"
2020-06-30T00:00:00Z,29.0,29.0,,,1.038,1.484,,,,,,,,,,,3.885,3.882,3.889,,,,231.931,0.0,0.0,,,,,300.448,287.0,316.0,,,0.0,10513.0,10541.0,0.0,29.0,0.0,0.0,0.0,0.0,29.0,0.0,0.0,0.0,29.0,0.0,0.0,0.0,0.0,0.0,"solar2_v,lipo2_v"
2020-06-30T01:00:00Z,29.0,29.0,,,2.177,4.314,,,,,,,,,,,3.888,3.884,3.892,,,,227.724,0.0,0.0,,,,,338.621,323.0,390.0,,,0.0,10543.0,10571.0,0.0,29.0,0.0,0.0,0.0,0.0,29.0,0.0,0.0,0.0,29.0,0.0,0.0,0.0,0.0,0.0,"solar2_v,lipo2_v"
2020-06-30T02:00:00Z,29.0,29.0,,,3.946,4.923,,,,,,,,,,,3.892,3.889,3.894,,,,219.517,0.0,0.0,,,,,433.0,395.0,451.0,,,0.0,10572.0,10600.0,0.0,29.0,0.0,0.0,0.0,0.0,29.0,0.0,0.0,0.0,29.0,0.0,0.0,0.0,0.0,0.0,"solar2_v,lipo2_v"
2020-06-30T03:00:00Z,29.0,29.0,,,4.222,5.198,,,,,,,,,,,3.894,3.892,3.895,,,,217.138,0.0,0.0,,,,,464.897,448.0,477.0,,,0.0,10601.0,10629.0,0.0,29.0,0.0,0.0,0.0,0.0,29.0,0.0,0.0,0.0,29.0,0.0,0.0,0.0,0.0,0.0,"solar2_v,lipo2_v"
2020-06-30T04:00:00Z,30.0,30.0,,,2.638,5.444,,,,,,,,,,,3.893,3.889,3.895,,,,220.233,0.0,0.0,,,,,419.733,369.0,447.0,,,0.0,10630.0,10659.0,0.0,30.0,0.0,0.0,0.0,0.0,30.0,0.0,0.0,0.0,30.0,0.0,0.0,0.0,0.0,0.0,"solar2_v,lipo2_v"
2020-06-30T05:00:00Z,28.0,28.0,,,1.931,5.259,,,,,,,,,,,3.892,3.89,3.894,,,,224.5,0.0,0.0,,,,,374.143,354.0,404.0,,,0.0,10660.0,10688.0,0.0,28.0,0.0,0.0,0.0,0.0,28.0,0.0,0.0,0.0,28.0,0.0,0.0,0.0,0.0,0.0,"solar2_v,lipo2_v"
2020-06-30T06:00:00Z,15.0,15.0,,,0.932,1.574,,,,,,,,,,,3.889,3.887,3.892,,,,226.933,0.0,0.0,,,,,346.333,333.0,354.0,,,0.0,10689.0,10714.0,0.0,15.0,0.0,0.0,0.0,0.0,15.0,0.0,0.0,0.0,15.0,0.0,0.0,0.0,0.0,0.0,"solar2_v,lipo2_v"
2020-06-30T07:00:00Z,22.0,22.0,,,0.417,0.472,,,,,,,,,,,3.886,3.884,3.889,,,,228.591,0.0,0.0,,,,,327.682,325.0,330.0,,,0.0,10715.0,10742.0,0.0,22.0,0.0,0.0,0.0,0.0,22.0,0.0,0.0,0.0,22.0,0.0,0.0,0.0,0.0,0.0,"solar2_v,lipo2_v"
2020-06-30T08:00:00Z,26.0,26.0,,,0.282,0.393,,,,,,,,,,,3.884,3.882,3.887,,,,229.423,0.0,0.0,,,,,320.731,316.0,326.0,,,0.0,10743.0,10770.0,0.0,22.0,0.0,0.0,0.0,0.0,26.0,0.0,0.0,0.0,26.0,0.0,0.0,0.0,0.0,0.0,"solar2_v,lipo2_v"
2020-06-30T09:00:00Z,21.0,21.0,,,0.0,0.0,,,,,,,,,,,3.882,3.88,3.884,,,,230.81,0.0,0.0,,,,,308.333,302.0,315.0,,,0.0,10771.0,10793.0,0.0,0.0,0.0,0.0,0.0,0.0,21.0,0.0,0.0,0.0,21.0,0.0,0.0,0.0,0.0,0.0,"solar2_v,lipo2_v"
2020-06-30T10:00:00Z,22.0,22.0,,,0.0,0.0,,,,,,,,,,,3.879,3.877,3.88,,,,231.682,0.0,0.0,,,,,301.591,301.0,307.0,,,0.0,10804.0,10826.0,0.0,0.0,0.0,0.0,0.0,0.0,22.0,0.0,0.0,0.0,22.0,0.0,0.0,0.0,0.0,0.0,"solar2_v,lipo2_v"
2020-06-30T11:00:00Z,24.0,24.0,,,0.0,0.0,,,,,,,,,,,3.879,3.875,3.88,,,,231.583,0.0,0.0,,,,,300.75,300.0,301.0,,,0.0,10827.0,10854.0,0.0,0.0,0.0,0.0,0.0,0.0,24.0,0.0,0.0,0.0,24.0,0.0,0.0,0.0,0.0,0.0,"solar2_v,lipo2_v"
2020-06-30T12:00:00Z,26.0,26.0,,,0.0,0.0,,,,,,,,,,,3.878,3.875,3.88,,,,231.731,0.0,0.0,,,,,299.731,298.0,301.0,,,0.0,10855.0,10882.0,0.0,0.0,0.0,0.0,0.0,0.0,26.0,0.0,0.0,0.0,26.0,0.0,0.0,0.0,0.0,0.0,"solar2_v,lipo2_v"
2020-06-30T13:00:00Z,27.0,27.0,,,0.0,0.0,,,,,,,,,,,3.878,3.875,3.88,,,,232.259,0.0,0.0,,,,,298.852,298.0,300.0,,,0.0,10883.0,10911.0,0.0,0.0,0.0,0.0,0.0,0.0,27.0,0.0,0.0,0.0,27.0,0.0,0.0,0.0,0.0,0.0,"solar2_v,lipo2_v"
2020-06-30T14:00:00Z,25.0,25.0,,,0.0,0.0,,,,,,,,,,,3.877,3.874,3.879,,,,232.04,0.0,0.0,,,,,299.2,298.0,300.0,,,0.0,10913.0,10940.0,0.0,0.0,0.0,0.0,0.0,0.0,25.0,0.0,0.0,0.0,25.0,0.0,0.0,0.0,0.0,0.0,"solar2_v,lipo2_v"
2020-06-30T15:00:00Z,27.0,27.0,,,0.0,0.0,,,,,,,,,,,3.876,3.874,3.877,,,,232.259,0.0,0.0,,,,,298.593,296.0,300.0,,,0.0,10941.0,10969.0,0.0,0.0,0.0,0.0,0.0,0.0,27.0,0.0,0.0,0.0,27.0,0.0,0.0,0.0,0.0,0.0,"solar2_v,lipo2_v"
2020-06-30T16:00:00Z,29.0,29.0,,,0.0,0.0,,,,,,,,,,,3.876,3.874,3.879,,,,233.034,0.0,0.0,,,,,292.103,291.0,295.0,,,0.0,10970.0,10998.0,0.0,0.0,0.0,0.0,0.0,0.0,29.0,0.0,0.0,0.0,29.0,0.0,0.0,0.0,0.0,0.0,"solar2_v,lipo2_v"
2020-06-30T17:00:00Z,30.0,30.0,,,0.0,0.0,,,,,,,,,,,3.875,3.872,3.877,,,,232.967,0.0,0.0,,,,,290.533,289.0,292.0,,,0.0,10999.0,11028.0,0.0,0.0,0.0,0.0,0.0,0.0,30.0,0.0,0.0,0.0,30.0,0.0,0.0,0.0,0.0,0.0,"solar2_v,lipo2_v"
2020-06-30T18:00:00Z,28.0,28.0,,,0.0,0.0,,,,,,,,,,,3.875,3.874,3.877,,,,232.857,0.0,0.0,,,,,291.286,291.0,292.0,,,0.0,11029.0,11057.0,0.0,0.0,0.0,0.0,0.0,0.0,28.0,0.0,0.0,0.0,28.0,0.0,0.0,0.0,0.0,0.0,"solar2_v,lipo2_v"
2020-06-30T19:00:00Z,30.0,30.0,,,0.0,0.0,,,,,,,,,,,3.876,3.874,3.877,,,,232.933,0.0,0.0,,,,,290.5,289.0,292.0,,,0.0,11058.0,11087.0,0.0,0.0,0.0,0.0,0.0,0.0,30.0,0.0,0.0,0.0,30.0,0.0,0.0,0.0,0.0,0.0,"solar2_v,lipo2_v"
2020-06-30T20:00:00Z,29.0,29.0,,,0.0,0.0,,,,,,,,,,,3.875,3.872,3.875,,,,232.931,0.0,0.0,,,,,290.172,288.0,292.0,,,0.0,11088.0,11116.0,0.0,0.0,0.0,0.0,0.0,0.0,29.0,0.0,0.0,0.0,29.0,0.0,0.0,0.0,0.0,0.0,"solar2_v,lipo2_v"
2020-06-30T21:00:00Z,30.0,30.0,,,0.0,0.0,,,,,,,,,,,3.874,3.872,3.875,,,,233.067,0.0,0.0,,,,,287.3,286.0,289.0,,,0.0,11117.0,11146.0,0.0,0.0,0.0,0.0,0.0,0.0,30.0,0.0,0.0,0.0,30.0,0.0,0.0,0.0,0.0,0.0,"solar2_v,lipo2_v"
2020-06-30T22:00:00Z,29.0,29.0,,,0.0,0.0,,,,,,,,,,,3.874,3.872,3.877,,,,233.034,0.0,0.0,,,,,287.069,287.0,288.0,,,0.0,11147.0,11175.0,0.0,0.0,0.0,0.0,0.0,0.0,29.0,0.0,0.0,0.0,29.0,0.0,0.0,0.0,0.0,0.0,"solar2_v,lipo2_v"
2020-06-30T23:00:00Z,30.0,30.0,,,0.068,0.439,,,,,,,,,,,3.874,3.872,3.875,,,,233.1,0.0,0.0,,,,,288.933,287.0,293.0,,,0.0,11176.0,11205.0,0.0,5.0,0.0,0.0,0.0,0.0,30.0,0.0,0.0,0.0,30.0,0.0,0.0,0.0,0.0,0.0,"solar2_v,lipo2_v"
2020-07-01T00:00:00Z,28.0,28.0,,,0.54,0.697,,,,,,,,,,,3.875,3.874,3.877,,,,231.821,0.0,0.0,,,,,301.214,294.0,308.0,,,0.0,11206.0,11234.0,0.0,28.0,0.0,0.0,0.0,0.0,28.0,0.0,0.0,0.0,28.0,0.0,0.0,0.0,0.0,0.0,"solar2_v,lipo2_v"
2020-07-01T01:00:00Z,29.0,29.0,,,0.87,1.112,,,,,,,,,,,3.875,3.872,3.879,,,,230.414,0.0,0.0,,,,,314.069,309.0,322.0,,,0.0,11235.0,11263.0,0.0,29.0,0.0,0.0,0.0,0.0,29.0,0.0,0.0,0.0,29.0,0.0,0.0,0.0,0.0,0.0,"solar2_v,lipo2_v"
2020-07-01T02:00:00Z,25.0,25.0,,,2.669,5.112,,,,,,,,,,,3.876,3.874,3.879,,,,225.64,0.0,0.0,,,,,360.6,326.0,380.0,,,0.0,11265.0,11291.0,0.0,25.0,0.0,0.0,0.0,0.0,25.0,0.0,0.0,0.0,25.0,0.0,0.0,0.0,0.0,0.0,"solar2_v,lipo2_v"
2020-07-01T03:00:00Z,29.0,29.0,,,2.914,4.616,,,,,,,,,,,3.877,3.875,3.879,,,,223.724,0.0,0.0,,,,,382.621,367.0,395.0,,,0.0,11292.0,11320.0,0.0,29.0,0.0,0.0,0.0,0.0,29.0,0.0,0.0,0.0,29.0,0.0,0.0,0.0,0.0,0.0,"solar2_v,lipo2_v"
2020-07-01T04:00:00Z,24.0,24.0,,,2.688,5.326,,,,,,,,,,,3.877,3.875,3.879,,,,223.917,0.0,0.0,,,,,379.875,366.0,414.0,,,0.0,11321.0,11347.0,0.0,24.0,0.0,0.0,0.0,0.0,24.0,0.0,0.0,0.0,24.0,0.0,0.0,0.0,0.0,0.0,"solar2_v,lipo2_v"
2020-07-01T05:00:00Z,26.0,26.0,,,3.692,5.405,,,,,,,,,,,3.879,3.877,3.88,,,,218.846,0.0,0.0,,,,,440.769,405.0,471.0,,,0.0,11350.0,11376.0,0.0,26.0,0.0,0.0,0.0,0.0,26.0,0.0,0.0,0.0,26.0,0.0,0.0,0.0,0.0,0.0,"solar2_v,lipo2_v"
2020-07-01T06:00:00Z,27.0,27.0,,,3.35,5.179,,,,,,,,,,,3.877,3.875,3.88,,,,219.815,0.0,0.0,,,,,429.481,400.0,447.0,,,0.0,11377.0,11404.0,0.0,27.0,0.0,0.0,0.0,0.0,27.0,0.0,0.0,0.0,27.0,0.0,0.0,0.0,0.0,0.0,"solar2_v,lipo2_v"
2020-07-01T07:00:00Z,25.0,25.0,,,0.853,3.445,,,,,,,,,,,3.875,3.872,3.879,,,,224.64,0.0,0.0,,,,,375.48,330.0,434.0,,,0.0,11405.0,11432.0,0.0,21.0,0.0,0.0,0.0,0.0,25.0,0.0,0.0,0.0,25.0,0.0,0.0,0.0,0.0,0.0,"solar2_v,lipo2_v"
2020-07-01T08:00:00Z,27.0,27.0,,,0.989,2.456,,,,,,,,,,,3.872,3.871,3.874,,,,229.296,0.0,0.0,,,,,323.778,304.0,337.0,,,0.0,11434.0,11461.0,0.0,23.0,0.0,0.0,0.0,0.0,27.0,0.0,0.0,0.0,27.0,0.0,0.0,0.0,0.0,0.0,"solar2_v,lipo2_v"
2020-07-01T09:00:00Z,22.0,22.0,,,0.0,0.0,,,,,,,,,,,3.871,3.869,3.871,,,,232.273,0.0,0.0,,,,,295.182,287.0,305.0,,,0.0,11462.0,11488.0,0.0,0.0,0.0,0.0,0.0,0.0,22.0,0.0,0.0,0.0,22.0,0.0,0.0,0.0,0.0,0.0,"solar2_v,lipo2_v"
2020-07-01T10:00:00Z,25.0,25.0,,,0.0,0.0,,,,,,,,,,,3.869,3.869,3.871,,,,232.48,0.0,0.0,,,,,299.0,293.0,301.0,,,0.0,11489.0,11516.0,0.0,0.0,0.0,0.0,0.0,0.0,25.0,0.0,0.0,0.0,25.0,0.0,0.0,0.0,0.0,0.0,"solar2_v,lipo2_v"
2020-07-01T11:00:00Z,28.0,28.0,,,0.0,0.0,,,,,,,,,,,3.869,3.869,3.871,,,,232.357,0.0,0.0,,,,,299.893,296.0,301.0,,,0.0,11517.0,11545.0,0.0,0.0,0.0,0.0,0.0,0.0,28.0,0.0,0.0,0.0,28.0,0.0,0.0,0.0,0.0,0.0,"solar2_v,lipo2_v"
2020-07-01T12:00:00Z,27.0,27.0,,,0.0,0.0,,,,,,,,,,,3.868,3.867,3.869,,,,232.259,0.0,0.0,,,,,300.37,300.0,301.0,,,0.0,11546.0,11573.0,0.0,0.0,0.0,0.0,0.0,0.0,27.0,0.0,0.0,0.0,27.0,0.0,0.0,0.0,0.0,0.0,"solar2_v,lipo2_v"
2020-07-01T13:00:00Z,27.0,27.0,,,0.0,0.0,,,,,,,,,,,3.868,3.866,3.869,,,,232.407,0.0,0.0,,,,,300.296,300.0,301.0,,,0.0,11574.0,11602.0,0.0,0.0,0.0,0.0,0.0,0.0,27.0,0.0,0.0,0.0,27.0,0.0,0.0,0.0,0.0,0.0,"solar2_v,lipo2_v"
2020-07-01T14:00:00Z,25.0,25.0,,,0.0,0.0,,,,,,,,,,,3.867,3.866,3.869,,,,232.28,0.0,0.0,,,,,300.88,300.0,302.0,,,0.0,11603.0,11630.0,0.0,0.0,0.0,0.0,0.0,0.0,25.0,0.0,0.0,0.0,25.0,0.0,0.0,0.0,0.0,0.0,"solar2_v,lipo2_v"
2020-07-01T15:00:00Z,28.0,28.0,,,0.0,0.0,,,,,,,,,,,3.867,3.864,3.867,,,,232.179,0.0,0.0,,,,,301.0,300.0,302.0,,,0.0,11631.0,11658.0,0.0,0.0,0.0,0.0,0.0,0.0,28.0,0.0,0.0,0.0,28.0,0.0,0.0,0.0,0.0,0.0,"solar2_v,lipo2_v"
2020-07-01T16:00:00Z,29.0,29.0,,,0.0,0.0,,,,,,,,,,,3.867,3.866,3.867,,,,231.724,0.0,0.0,,,,,304.379,303.0,307.0,,,0.0,11660.0,11688.0,0.0,0.0,0.0,0.0,0.0,0.0,29.0,0.0,0.0,0.0,29.0,0.0,0.0,0.0,0.0,0.0,"solar2_v,lipo2_v"
2020-07-01T17:00:00Z,30.0,30.0,,,0.0,0.0,,,,,,,,,,,3.866,3.864,3.867,,,,232.133,0.0,0.0,,,,,301.967,301.0,306.0,,,0.0,11689.0,11718.0,0.0,0.0,0.0,0.0,0.0,0.0,30.0,0.0,0.0,0.0,30.0,0.0,0.0,0.0,0.0,0.0,"solar2_v,lipo2_v"
2020-07-01T18:00:00Z,29.0,29.0,,,0.0,0.0,,,,,,,,,,,3.865,3.862,3.867,,,,232.345,0.0,0.0,,,,,300.897,300.0,301.0,,,0.0,11719.0,11747.0,0.0,0.0,0.0,0.0,0.0,0.0,29.0,0.0,0.0,0.0,29.0,0.0,0.0,0.0,0.0,0.0,"solar2_v,lipo2_v"
2020-07-01T19:00:00Z,28.0,28.0,,,0.0,0.0,,,,,,,,,,,3.865,3.864,3.867,,,,232.429,0.0,0.0,,,,,298.571,294.0,301.0,,,0.0,11748.0,11776.0,0.0,0.0,0.0,0.0,0.0,0.0,28.0,0.0,0.0,0.0,28.0,0.0,0.0,0.0,0.0,0.0,"solar2_v,lipo2_v"
2020-07-01T20:00:00Z,29.0,29.0,,,0.0,0.0,,,,,,,,,,,3.863,3.861,3.866,,,,233.034,0.0,0.0,,,,,293.897,293.0,295.0,,,0.0,11777.0,11806.0,0.0,0.0,0.0,0.0,0.0,0.0,29.0,0.0,0.0,0.0,29.0,0.0,0.0,0.0,0.0,0.0,"solar2_v,lipo2_v"
2020-07-01T21:00:00Z,29.0,29.0,,,0.0,0.0,,,,,,,,,,,3.863,3.859,3.866,,,,233.138,0.0,0.0,,,,,293.069,292.0,295.0,,,0.0,11807.0,11835.0,0.0,0.0,0.0,0.0,0.0,0.0,29.0,0.0,0.0,0.0,29.0,0.0,0.0,0.0,0.0,0.0,"solar2_v,lipo2_v"
2020-07-01T22:00:00Z,30.0,30.0,,,0.0,0.0,,,,,,,,,,,3.862,3.861,3.864,,,,233.2,0.0,0.0,,,,,291.767,290.0,293.0,,,0.0,11836.0,11865.0,0.0,0.0,0.0,0.0,0.0,0.0,30.0,0.0,0.0,0.0,30.0,0.0,0.0,0.0,0.0,0.0,"solar2_v,lipo2_v"
2020-07-01T23:00:00Z,29.0,29.0,,,0.284,0.703,,,,,,,,,,,3.862,3.859,3.864,,,,233.172,0.0,0.0,,,,,293.207,290.0,301.0,,,0.0,11866.0,11894.0,0.0,15.0,0.0,0.0,0.0,0.0,29.0,0.0,0.0,0.0,29.0,0.0,0.0,0.0,0.0,0.0,"solar2_v,lipo2_v"
2020-07-02T00:00:00Z,28.0,28.0,,,0.758,1.31,,,,,,,,,,,3.862,3.859,3.864,,,,232.0,0.0,0.0,,,,,304.393,299.0,314.0,,,0.0,11895.0,11923.0,0.0,28.0,0.0,0.0,0.0,0.0,28.0,0.0,0.0,0.0,28.0,0.0,0.0,0.0,0.0,0.0,"solar2_v,lipo2_v"
2020-07-02T01:00:00Z,28.0,28.0,,,2.044,5.146,,,,,,,,,,,3.863,3.861,3.864,,,,229.036,0.0,0.0,,,,,332.821,314.0,406.0,,,0.0,11924.0,11952.0,0.0,28.0,0.0,0.0,0.0,0.0,28.0,0.0,0.0,0.0,28.0,0.0,0.0,0.0,0.0,0.0,"solar2_v,lipo2_v"
2020-07-02T02:00:00Z,8.0,8.0,,,4.883,5.116,,,,,,,,,,,3.865,3.864,3.867,,,,218.125,0.0,0.0,,,,,456.125,413.0,487.0,,,0.0,11953.0,11978.0,0.0,8.0,0.0,0.0,0.0,0.0,8.0,0.0,0.0,0.0,8.0,0.0,0.0,0.0,0.0,0.0,"solar2_v,lipo2_v"
2020-07-02T03:00:00Z,29.0,29.0,,,4.693,5.175,,,,,,,,,,,3.866,3.864,3.867,,,,215.034,0.0,0.0,,,,,484.897,461.0,506.0,,,0.0,11979.0,12007.0,0.0,29.0,0.0,0.0,0.0,0.0,29.0,0.0,0.0,0.0,29.0,0.0,0.0,0.0,0.0,0.0,"solar2_v,lipo2_v"
2020-07-02T04:00:00Z,27.0,27.0,,,4.383,5.187,,,,,,,,,,,3.865,3.862,3.867,,,,214.519,0.0,0.0,,,,,491.778,470.0,502.0,,,0.0,12008.0,12036.0,0.0,27.0,0.0,0.0,0.0,0.0,27.0,0.0,0.0,0.0,27.0,0.0,0.0,0.0,0.0,0.0,"solar2_v,lipo2_v"
2020-07-02T05:00:00Z,28.0,28.0,,,3.053,5.32,,,,,,,,,,,3.861,3.857,3.864,,,,219.321,0.0,0.0,,,,,438.321,411.0,474.0,,,0.0,12038.0,12065.0,0.0,28.0,0.0,0.0,0.0,0.0,28.0,0.0,0.0,0.0,28.0,0.0,0.0,0.0,0.0,0.0,"solar2_v,lipo2_v"
2020-07-02T06:00:00Z,27.0,27.0,,,2.769,5.126,,,,,,,,,,,3.86,3.857,3.862,,,,220.074,0.0,0.0,,,,,435.185,399.0,456.0,,,0.0,12066.0,12093.0,0.0,27.0,0.0,0.0,0.0,0.0,27.0,0.0,0.0,0.0,27.0,0.0,0.0,0.0,0.0,0.0,"solar2_v,lipo2_v"
2020-07-02T07:00:00Z,21.0,21.0,,,2.083,4.747,,,,,,,,,,,3.858,3.856,3.861,,,,220.762,0.0,0.0,,,,,422.571,393.0,440.0,,,0.0,12094.0,12121.0,0.0,21.0,0.0,0.0,0.0,0.0,21.0,0.0,0.0,0.0,21.0,0.0,0.0,0.0,0.0,0.0,"solar2_v,lipo2_v"
2020-07-02T08:00:00Z,28.0,28.0,,,1.066,1.736,,,,,,,,,,,3.856,3.854,3.857,,,,224.75,0.0,0.0,,,,,376.143,370.0,387.0,,,0.0,12122.0,12150.0,0.0,28.0,0.0,0.0,0.0,0.0,28.0,0.0,0.0,0.0,28.0,0.0,0.0,0.0,0.0,0.0,"solar2_v,lipo2_v"
2020-07-02T09:00:00Z,28.0,28.0,,,0.455,1.066,,,,,,,,,,,3.853,3.851,3.856,,,,226.393,0.0,0.0,,,,,358.321,331.0,369.0,,,0.0,12151.0,12179.0,0.0,16.0,0.0,0.0,0.0,0.0,28.0,0.0,0.0,0.0,28.0,0.0,0.0,0.0,0.0,0.0,"solar2_v,lipo2_v"
2020-07-02T10:00:00Z,23.0,23.0,,,0.0,0.0,,,,,,,,,,,3.85,3.847,3.851,,,,230.087,0.0,0.0,,,,,317.565,313.0,328.0,,,0.0,12180.0,12207.0,0.0,0.0,0.0,0.0,0.0,0.0,23.0,0.0,0.0,0.0,23.0,0.0,0.0,0.0,0.0,0.0,"solar2_v,lipo2_v"
2020-07-02T11:00:00Z,28.0,28.0,,,0.0,0.0,,,,,,,,,,,3.848,3.844,3.851,,,,232.214,0.0,0.0,,,,,301.821,293.0,314.0,,,0.0,12208.0,12236.0,0.0,0.0,0.0,0.0,0.0,0.0,28.0,0.0,0.0,0.0,28.0,0.0,0.0,0.0,0.0,0.0,"solar2_v,lipo2_v"
2020-07-02T12:00:00Z,28.0,28.0,,,0.0,0.0,,,,,,,,,,,3.846,3.844,3.849,,,,233.857,0.0,0.0,,,,,283.893,278.0,301.0,,,0.0,12237.0,12265.0,0.0,0.0,0.0,0.0,0.0,0.0,28.0,0.0,0.0,0.0,28.0,0.0,0.0,0.0,0.0,0.0,"solar2_v,lipo2_v"
2020-07-02T13:00:00Z,29.0,29.0,,,0.0,0.0,,,,,,,,,,,3.845,3.844,3.847,,,,233.552,0.0,0.0,,,,,284.345,280.0,287.0,,,0.0,12266.0,12294.0,0.0,0.0,0.0,0.0,0.0,0.0,29.0,0.0,0.0,0.0,29.0,0.0,0.0,0.0,0.0,0.0,"solar2_v,lipo2_v"
2020-07-02T14:00:00Z,26.0,26.0,,,0.0,0.0,,,,,,,,,,,3.844,3.842,3.846,,,,233.346,0.0,0.0,,,,,287.462,282.0,291.0,,,0.0,12295.0,12322.0,0.0,0.0,0.0,0.0,0.0,0.0,26.0,0.0,0.0,0.0,26.0,0.0,0.0,0.0,0.0,0.0,"solar2_v,lipo2_v"
2020-07-02T15:00:00Z,30.0,30.0,,,0.0,0.0,,,,,,,,,,,3.843,3.842,3.844,,,,233.9,0.0,0.0,,,,,278.033,274.0,284.0,,,0.0,12323.0,12352.0,0.0,0.0,0.0,0.0,0.0,0.0,30.0,0.0,0.0,0.0,30.0,0.0,0.0,0.0,0.0,0.0,"solar2_v,lipo2_v"
2020-07-02T16:00:00Z,29.0,29.0,,,0.0,0.0,,,,,,,,,,,3.842,3.841,3.844,,,,233.862,0.0,0.0,,,,,279.897,276.0,283.0,,,0.0,12353.0,12381.0,0.0,0.0,0.0,0.0,0.0,0.0,29.0,0.0,0.0,0.0,29.0,0.0,0.0,0.0,0.0,0.0,"solar2_v,lipo2_v"
2020-07-02T17:00:00Z,29.0,29.0,,,0.0,0.0,,,,,,,,,,,3.842,3.841,3.842,,,,234.414,0.0,0.0,,,,,279.862,278.0,285.0,,,0.0,12382.0,12410.0,0.0,0.0,0.0,0.0,0.0,0.0,29.0,0.0,0.0,0.0,29.0,0.0,0.0,0.0,0.0,0.0,"solar2_v,lipo2_v"
2020-07-02T18:00:00Z,30.0,30.0,,,0.0,0.0,,,,,,,,,,,3.841,3.841,3.842,,,,233.367,0.0,0.0,,,,,285.933,285.0,286.0,,,0.0,12411.0,12440.0,0.0,0.0,0.0,0.0,0.0,0.0,30.0,0.0,0.0,0.0,30.0,0.0,0.0,0.0,0.0,0.0,"solar2_v,lipo2_v"
2020-07-02T19:00:00Z,26.0,26.0,,,0.0,0.0,,,,,,,,,,,3.841,3.839,3.842,,,,233.731,0.0,0.0,,,,,281.962,279.0,286.0,,,0.0,12442.0,12469.0,0.0,0.0,0.0,0.0,0.0,0.0,26.0,0.0,0.0,0.0,26.0,0.0,0.0,0.0,0.0,0.0,"solar2_v,lipo2_v"
2020-07-02T20:00:00Z,30.0,30.0,,,0.0,0.0,,,,,,,,,,,3.841,3.839,3.842,,,,233.233,0.0,0.0,,,,,282.5,281.0,286.0,,,0.0,12470.0,12499.0,0.0,0.0,0.0,0.0,0.0,0.0,30.0,0.0,0.0,0.0,30.0,0.0,0.0,0.0,0.0,0.0,"solar2_v,lipo2_v"
2020-07-02T21:00:00Z,29.0,29.0,,,0.0,0.0,,,,,,,,,,,3.841,3.839,3.842,,,,233.483,0.0,0.0,,,,,284.724,282.0,287.0,,,0.0,12500.0,12528.0,0.0,0.0,0.0,0.0,0.0,0.0,29.0,0.0,0.0,0.0,29.0,0.0,0.0,0.0,0.0,0.0,"solar2_v,lipo2_v"
2020-07-02T22:00:00Z,30.0,30.0,,,0.0,0.0,,,,,,,,,,,3.841,3.838,3.842,,,,233.8,0.0,0.0,,,,,282.367,281.0,285.0,,,0.0,12529.0,12558.0,0.0,0.0,0.0,0.0,0.0,0.0,30.0,0.0,0.0,0.0,30.0,0.0,0.0,0.0,0.0,0.0,"solar2_v,lipo2_v"
2020-07-02T23:00:00Z,27.0,27.0,,,0.0,0.0,,,,,,,,,,,3.84,3.838,3.841,,,,233.444,0.0,0.0,,,,,283.222,281.0,286.0,,,0.0,12559.0,12587.0,0.0,0.0,0.0,0.0,0.0,0.0,27.0,0.0,0.0,0.0,27.0,0.0,0.0,0.0,0.0,0.0,"solar2_v,lipo2_v"
2020-07-03T00:00:00Z,29.0,29.0,,,0.474,0.943,,,,,,,,,,,3.839,3.838,3.841,,,,232.966,0.0,0.0,,,,,292.069,285.0,300.0,,,0.0,12588.0,12616.0,0.0,24.0,0.0,0.0,0.0,0.0,29.0,0.0,0.0,0.0,29.0,0.0,0.0,0.0,0.0,0.0,"solar2_v,lipo2_v"
2020-07-03T01:00:00Z,30.0,30.0,,,1.249,1.782,,,,,,,,,,,3.839,3.838,3.841,,,,231.367,0.0,0.0,,,,,309.7,300.0,321.0,,,0.0,12617.0,12646.0,0.0,30.0,0.0,0.0,0.0,0.0,30.0,0.0,0.0,0.0,30.0,0.0,0.0,0.0,0.0,0.0,"solar2_v,lipo2_v"
2020-07-03T02:00:00Z,29.0,29.0,,,2.55,5.241,,,,,,,,,,,3.839,3.838,3.841,,,,227.793,0.0,0.0,,,,,338.966,316.0,378.0,,,0.0,12647.0,12675.0,0.0,29.0,0.0,0.0,0.0,0.0,29.0,0.0,0.0,0.0,29.0,0.0,0.0,0.0,0.0,0.0,"solar2_v,lipo2_v"
2020-07-03T03:00:00Z,29.0,29.0,,,2.313,2.945,,,,,,,,,,,3.84,3.839,3.841,,,,226.0,0.0,0.0,,,,,364.862,353.0,370.0,,,0.0,12676.0,12704.0,0.0,29.0,0.0,0.0,0.0,0.0,29.0,0.0,0.0,0.0,29.0,0.0,0.0,0.0,0.0,0.0,"solar2_v,lipo2_v"
2020-07-03T04:00:00Z,24.0,24.0,,,1.543,1.984,,,,,,,,,,,3.839,3.838,3.841,,,,227.25,0.0,0.0,,,,,348.583,343.0,353.0,,,0.0,12705.0,12732.0,0.0,24.0,0.0,0.0,0.0,0.0,24.0,0.0,0.0,0.0,24.0,0.0,0.0,0.0,0.0,0.0,"solar2_v,lipo2_v"
2020-07-03T05:00:00Z,26.0,26.0,,,1.248,1.522,,,,,,,,,,,3.837,3.836,3.839,,,,227.808,0.0,0.0,,,,,343.115,340.0,348.0,,,0.0,12733.0,12761.0,0.0,26.0,0.0,0.0,0.0,0.0,26.0,0.0,0.0,0.0,26.0,0.0,0.0,0.0,0.0,0.0,"solar2_v,lipo2_v"
2020-07-03T06:00:00Z,26.0,26.0,,,1.614,2.492,,,,,,,,,,,3.836,3.833,3.838,,,,228.192,0.0,0.0,,,,,334.769,328.0,340.0,,,0.0,12762.0,12790.0,0.0,26.0,0.0,0.0,0.0,0.0,26.0,0.0,0.0,0.0,26.0,0.0,0.0,0.0,0.0,0.0,"solar2_v,lipo2_v"
2020-07-03T07:00:00Z,24.0,24.0,,,1.869,4.034,,,,,,,,,,,3.835,3.833,3.838,,,,227.5,0.0,0.0,,,,,347.125,339.0,354.0,,,0.0,12791.0,12818.0,0.0,24.0,0.0,0.0,0.0,0.0,24.0,0.0,0.0,0.0,24.0,0.0,0.0,0.0,0.0,0.0,"solar2_v,lipo2_v"
2020-07-03T08:00:00Z,27.0,27.0,,,1.365,1.669,,,,,,,,,,,3.834,3.833,3.836,,,,228.222,0.0,0.0,,,,,340.667,335.0,345.0,,,0.0,12819.0,12847.0,0.0,27.0,0.0,0.0,0.0,0.0,27.0,0.0,0.0,0.0,27.0,0.0,0.0,0.0,0.0,0.0,"solar2_v,lipo2_v"
2020-07-03T09:00:00Z,29.0,29.0,,,0.66,0.916,,,,,,,,,,,3.833,3.829,3.834,,,,229.034,0.0,0.0,,,,,328.103,321.0,335.0,,,0.0,12848.0,12876.0,0.0,29.0,0.0,0.0,0.0,0.0,29.0,0.0,0.0,0.0,29.0,0.0,0.0,0.0,0.0,0.0,"solar2_v,lipo2_v"
2020-07-03T10:00:00Z,28.0,28.0,,,0.188,0.529,,,,,,,,,,,3.831,3.829,3.833,,,,230.393,0.0,0.0,,,,,315.321,308.0,322.0,,,0.0,12877.0,12905.0,0.0,12.0,0.0,0.0,0.0,0.0,28.0,0.0,0.0,0.0,28.0,0.0,0.0,0.0,0.0,0.0,"solar2_v,lipo2_v"
2020-07-03T11:00:00Z,24.0,24.0,,,0.0,0.0,,,,,,,,,,,3.83,3.828,3.831,,,,231.875,0.0,0.0,,,,,302.875,301.0,308.0,,,0.0,12906.0,12933.0,0.0,0.0,0.0,0.0,0.0,0.0,24.0,0.0,0.0,0.0,24.0,0.0,0.0,0.0,0.0,0.0,"solar2_v,lipo2_v"
2020-07-03T12:00:00Z,30.0,30.0,,,0.0,0.0,,,,,,,,,,,3.829,3.826,3.831,,,,232.6,0.0,0.0,,,,,300.533,300.0,303.0,,,0.0,12935.0,12964.0,0.0,0.0,0.0,0.0,0.0,0.0,30.0,0.0,0.0,0.0,30.0,0.0,0.0,0.0,0.0,0.0,"solar2_v,lipo2_v"
2020-07-03T13:00:00Z,29.0,29.0,,,0.0,0.0,,,,,,,,,,,3.828,3.826,3.829,,,,232.759,0.0,0.0,,,,,298.483,297.0,300.0,,,0.0,12965.0,12993.0,0.0,0.0,0.0,0.0,0.0,0.0,29.0,0.0,0.0,0.0,29.0,0.0,0.0,0.0,0.0,0.0,"solar2_v,lipo2_v"
2020-07-03T14:00:00Z,28.0,28.0,,,0.0,0.0,,,,,,,,,,,3.827,3.824,3.829,,,,232.75,0.0,0.0,,,,,298.679,296.0,300.0,,,0.0,12994.0,13022.0,0.0,0.0,0.0,0.0,0.0,0.0,28.0,0.0,0.0,0.0,28.0,0.0,0.0,0.0,0.0,0.0,"solar2_v,lipo2_v"
2020-07-03T15:00:00Z,28.0,28.0,,,0.0,0.0,,,,,,,,,,,3.826,3.823,3.828,,,,232.75,0.0,0.0,,,,,297.25,296.0,299.0,,,0.0,13023.0,13051.0,0.0,0.0,0.0,0.0,0.0,0.0,28.0,0.0,0.0,0.0,28.0,0.0,0.0,0.0,0.0,0.0,"solar2_v,lipo2_v"
2020-07-03T16:00:00Z,30.0,30.0,,,0.0,0.0,,,,,,,,,,,3.825,3.823,3.826,,,,233.067,0.0,0.0,,,,,296.767,295.0,298.0,,,0.0,13052.0,13081.0,0.0,0.0,0.0,0.0,0.0,0.0,30.0,0.0,0.0,0.0,30.0,0.0,0.0,0.0,0.0,0.0,"solar2_v,lipo2_v"
2020-07-03T17:00:00Z,29.0,29.0,,,0.0,0.0,,,,,,,,,,,3.824,3.823,3.826,,,,232.966,0.0,0.0,,,,,297.724,296.0,299.0,,,0.0,13082.0,13110.0,0.0,0.0,0.0,0.0,0.0,0.0,29.0,0.0,0.0,0.0,29.0,0.0,0.0,0.0,0.0,0.0,"solar2_v,lipo2_v"
2020-07-03T18:00:00Z,30.0,30.0,,,0.0,0.0,,,,,,,,,,,3.824,3.821,3.826,,,,232.9,0.0,0.0,,,,,297.667,295.0,300.0,,,0.0,13111.0,13140.0,0.0,0.0,0.0,0.0,0.0,0.0,30.0,0.0,0.0,0.0,30.0,0.0,0.0,0.0,0.0,0.0,"solar2_v,lipo2_v"
2020-07-03T19:00:00Z,29.0,29.0,,,0.0,0.0,,,,,,,,,,,3.823,3.821,3.824,,,,233.0,0.0,0.0,,,,,296.31,294.0,298.0,,,0.0,13141.0,13169.0,0.0,0.0,0.0,0.0,0.0,0.0,29.0,0.0,0.0,0.0,29.0,0.0,0.0,0.0,0.0,0.0,"solar2_v,lipo2_v"
2020-07-03T20:00:00Z,29.0,29.0,,,0.0,0.0,,,,,,,,,,,3.823,3.821,3.824,,,,232.828,0.0,0.0,,,,,297.0,296.0,298.0,,,0.0,13170.0,13198.0,0.0,0.0,0.0,0.0,0.0,0.0,29.0,0.0,0.0,0.0,29.0,0.0,0.0,0.0,0.0,0.0,"solar2_v,lipo2_v"
2020-07-03T21:00:00Z,28.0,28.0,,,0.0,0.0,,,,,,,,,,,3.822,3.819,3.824,,,,233.036,0.0,0.0,,,,,293.929,292.0,297.0,,,0.0,13199.0,13228.0,0.0,0.0,0.0,0.0,0.0,0.0,28.0,0.0,0.0,0.0,28.0,0.0,0.0,0.0,0.0,0.0,"solar2_v,lipo2_v"
2020-07-03T22:00:00Z,28.0,28.0,,,0.0,0.0,,,,,,,,,,,3.822,3.821,3.824,,,,233.214,0.0,0.0,,,,,292.036,291.0,293.0,,,0.0,13229.0,13257.0,0.0,0.0,0.0,0.0,0.0,0.0,28.0,0.0,0.0,0.0,28.0,0.0,0.0,0.0,0.0,0.0,"solar2_v,lipo2_v"
2020-07-03T23:00:00Z,28.0,28.0,,,0.245,0.682,,,,,,,,,,,3.822,3.819,3.823,,,,233.143,0.0,0.0,,,,,292.857,290.0,298.0,,,0.0,13258.0,13286.0,0.0,15.0,0.0,0.0,0.0,0.0,28.0,0.0,0.0,0.0,28.0,0.0,0.0,0.0,0.0,0.0,"solar2_v,lipo2_v"
2020-07-04T00:00:00Z,30.0,30.0,,,0.81,0.918,,,,,,,,,,,3.821,3.819,3.823,,,,232.0,0.0,0.0,,,,,303.567,298.0,310.0,,,0.0,13287.0,13316.0,0.0,30.0,0.0,0.0,0.0,0.0,30.0,0.0,0.0,0.0,30.0,0.0,0.0,0.0,0.0,0.0,"solar2_v,lipo2_v"
2020-07-04T01:00:00Z,29.0,29.0,,,2.14,5.169,,,,,,,,,,,3.822,3.821,3.824,,,,229.586,0.0,0.0,,,,,325.448,310.0,374.0,,,0.0,13317.0,13345.0,0.0,29.0,0.0,0.0,0.0,0.0,29.0,0.0,0.0,0.0,29.0,0.0,0.0,0.0,0.0,0.0,"solar2_v,lipo2_v"
2020-07-04T02:00:00Z,30.0,30.0,,,4.995,5.044,,,,,,,,,,,3.826,3.823,3.828,,,,218.3,0.0,0.0,,,,,455.333,384.0,482.0,,,0.0,13346.0,13375.0,0.0,30.0,0.0,0.0,0.0,0.0,30.0,0.0,0.0,0.0,30.0,0.0,0.0,0.0,0.0,0.0,"solar2_v,lipo2_v"
2020-07-04T03:00:00Z,29.0,29.0,,,4.681,5.074,,,,,,,,,,,3.826,3.824,3.829,,,,215.586,0.0,0.0,,,,,480.793,460.0,493.0,,,0.0,13376.0,13404.0,0.0,29.0,0.0,0.0,0.0,0.0,29.0,0.0,0.0,0.0,29.0,0.0,0.0,0.0,0.0,0.0,"solar2_v,lipo2_v"
2020-07-04T04:00:00Z,29.0,29.0,,,2.71,5.048,,,,,,,,,,,3.824,3.823,3.826,,,,222.241,0.0,0.0,,,,,403.172,385.0,457.0,,,0.0,13405.0,13433.0,0.0,29.0,0.0,0.0,0.0,0.0,29.0,0.0,0.0,0.0,29.0,0.0,0.0,0.0,0.0,0.0,"solar2_v,lipo2_v"
2020-07-04T05:00:00Z,30.0,30.0,,,3.203,4.234,,,,,,,,,,,3.823,3.821,3.826,,,,223.333,0.0,0.0,,,,,399.533,393.0,406.0,,,0.0,13434.0,13463.0,0.0,30.0,0.0,0.0,0.0,0.0,30.0,0.0,0.0,0.0,30.0,0.0,0.0,0.0,0.0,0.0,"solar2_v,lipo2_v"
2020-07-04T06:00:00Z,28.0,28.0,,,2.793,4.623,,,,,,,,,,,3.823,3.821,3.824,,,,223.107,0.0,0.0,,,,,395.857,386.0,405.0,,,0.0,13464.0,13492.0,0.0,28.0,0.0,0.0,0.0,0.0,28.0,0.0,0.0,0.0,28.0,0.0,0.0,0.0,0.0,0.0,"solar2_v,lipo2_v"
2020-07-04T07:00:00Z,26.0,26.0,,,3.024,4.985,,,,,,,,,,,3.823,3.821,3.824,,,,221.769,0.0,0.0,,,,,413.462,400.0,429.0,,,0.0,13493.0,13521.0,0.0,26.0,0.0,0.0,0.0,0.0,26.0,0.0,0.0,0.0,26.0,0.0,0.0,0.0,0.0,0.0,"solar2_v,lipo2_v"
2020-07-04T08:00:00Z,28.0,28.0,,,1.128,1.441,,,,,,,,,,,3.822,3.819,3.823,,,,224.179,0.0,0.0,,,,,381.143,368.0,413.0,,,0.0,13523.0,13550.0,0.0,28.0,0.0,0.0,0.0,0.0,28.0,0.0,0.0,0.0,28.0,0.0,0.0,0.0,0.0,0.0,"solar2_v,lipo2_v"
2020-07-04T09:00:00Z,27.0,27.0,,,0.493,0.741,,,,,,,,,,,3.82,3.819,3.821,,,,226.185,0.0,0.0,,,,,361.333,354.0,367.0,,,0.0,13551.0,13579.0,0.0,24.0,0.0,0.0,0.0,0.0,27.0,0.0,0.0,0.0,27.0,0.0,0.0,0.0,0.0,0.0,"solar2_v,lipo2_v"
2020-07-04T10:00:00Z,26.0,26.0,,,0.396,0.602,,,,,,,,,,,3.819,3.818,3.819,,,,226.731,0.0,0.0,,,,,354.769,348.0,360.0,,,0.0,13580.0,13606.0,0.0,23.0,0.0,0.0,0.0,0.0,26.0,0.0,0.0,0.0,26.0,0.0,0.0,0.0,0.0,0.0,"solar2_v,lipo2_v"
2020-07-04T11:00:00Z,25.0,25.0,,,0.0,0.0,,,,,,,,,,,3.818,3.816,3.819,,,,228.16,0.0,0.0,,,,,338.16,332.0,353.0,,,0.0,13610.0,13636.0,0.0,0.0,0.0,0.0,0.0,0.0,25.0,0.0,0.0,0.0,25.0,0.0,0.0,0.0,0.0,0.0,"solar2_v,lipo2_v"
2020-07-04T12:00:00Z,28.0,28.0,,,0.0,0.0,,,,,,,,,,,3.817,3.816,3.818,,,,228.607,0.0,0.0,,,,,329.929,328.0,333.0,,,0.0,13637.0,13665.0,0.0,0.0,0.0,0.0,0.0,0.0,28.0,0.0,0.0,0.0,28.0,0.0,0.0,0.0,0.0,0.0,"solar2_v,lipo2_v"
2020-07-04T13:00:00Z,29.0,29.0,,,0.0,0.0,,,,,,,,,,,3.816,3.816,3.818,,,,229.276,0.0,0.0,,,,,326.448,325.0,327.0,,,0.0,13666.0,13694.0,0.0,0.0,0.0,0.0,0.0,0.0,29.0,0.0,0.0,0.0,29.0,0.0,0.0,0.0,0.0,0.0,"solar2_v,lipo2_v"
2020-07-04T14:00:00Z,29.0,29.0,,,0.0,0.0,,,,,,,,,,,3.816,3.814,3.818,,,,229.793,0.0,0.0,,,,,321.483,320.0,325.0,,,0.0,13695.0,13723.0,0.0,0.0,0.0,0.0,0.0,0.0,29.0,0.0,0.0,0.0,29.0,0.0,0.0,0.0,0.0,0.0,"solar2_v,lipo2_v"
2020-07-04T15:00:00Z,27.0,27.0,,,0.0,0.0,,,,,,,,,,,3.815,3.814,3.816,,,,230.148,0.0,0.0,,,,,317.593,316.0,323.0,,,0.0,13724.0,13752.0,0.0,0.0,0.0,0.0,0.0,0.0,27.0,0.0,0.0,0.0,27.0,0.0,0.0,0.0,0.0,0.0,"solar2_v,lipo2_v"
2020-07-04T16:00:00Z,29.0,29.0,,,0.0,0.0,,,,,,,,,,,3.814,3.813,3.816,,,,230.448,0.0,0.0,,,,,315.103,314.0,317.0,,,0.0,13753.0,13782.0,0.0,0.0,0.0,0.0,0.0,0.0,29.0,0.0,0.0,0.0,29.0,0.0,0.0,0.0,0.0,0.0,"solar2_v,lipo2_v"
2020-07-04T17:00:00Z,26.0,26.0,,,0.0,0.0,,,,,,,,,,,3.814,3.813,3.816,,,,230.538,0.0,0.0,,,,,314.385,313.0,316.0,,,0.0,13785.0,13811.0,0.0,0.0,0.0,0.0,0.0,0.0,26.0,0.0,0.0,0.0,26.0,0.0,0.0,0.0,0.0,0.0,"solar2_v,lipo2_v"
2020-07-04T18:00:00Z,28.0,28.0,,,0.0,0.0,,,,,,,,,,,3.813,3.809,3.814,,,,231.071,0.0,0.0,,,,,313.071,311.0,314.0,,,0.0,13812.0,13840.0,0.0,0.0,0.0,0.0,0.0,0.0,28.0,0.0,0.0,0.0,28.0,0.0,0.0,0.0,0.0,0.0,"solar2_v,lipo2_v"
2020-07-04T19:00:00Z,30.0,30.0,,,0.0,0.0,,,,,,,,,,,3.811,3.809,3.813,,,,231.133,0.0,0.0,,,,,311.3,309.0,313.0,,,0.0,13841.0,13870.0,0.0,0.0,0.0,0.0,0.0,0.0,30.0,0.0,0.0,0.0,30.0,0.0,0.0,0.0,0.0,0.0,"solar2_v,lipo2_v"
2020-07-04T20:00:00Z,29.0,29.0,,,0.0,0.0,,,,,,,,,,,3.81,3.808,3.813,,,,231.724,0.0,0.0,,,,,306.69,305.0,311.0,,,0.0,13871.0,13899.0,0.0,0.0,0.0,0.0,0.0,0.0,29.0,0.0,0.0,0.0,29.0,0.0,0.0,0.0,0.0,0.0,"solar2_v,lipo2_v"
2020-07-04T21:00:00Z,30.0,30.0,,,0.0,0.0,,,,,,,,,,,3.809,3.808,3.811,,,,231.567,0.0,0.0,,,,,303.0,301.0,305.0,,,0.0,13900.0,13929.0,0.0,0.0,0.0,0.0,0.0,0.0,30.0,0.0,0.0,0.0,30.0,0.0,0.0,0.0,0.0,0.0,"solar2_v,lipo2_v"
2020-07-04T22:00:00Z,29.0,29.0,,,0.0,0.0,,,,,,,,,,,3.809,3.808,3.811,,,,232.069,0.0,0.0,,,,,303.241,302.0,306.0,,,0.0,13930.0,13958.0,0.0,0.0,0.0,0.0,0.0,0.0,29.0,0.0,0.0,0.0,29.0,0.0,0.0,0.0,0.0,0.0,"solar2_v,lipo2_v"
2020-07-04T23:00:00Z,29.0,29.0,,,0.227,0.444,,,,,,,,,,,3.808,3.805,3.809,,,,231.517,0.0,0.0,,,,,308.345,304.0,314.0,,,0.0,13959.0,13987.0,0.0,17.0,0.0,0.0,0.0,0.0,29.0,0.0,0.0,0.0,29.0,0.0,0.0,0.0,0.0,0.0,"solar2_v,lipo2_v"
2020-07-05T00:00:00Z,30.0,30.0,,,0.564,0.706,,,,,,,,,,,3.807,3.806,3.809,,,,229.9,0.0,0.0,,,,,320.867,314.0,327.0,,,0.0,13988.0,14017.0,0.0,30.0,0.0,0.0,0.0,0.0,30.0,0.0,0.0,0.0,30.0,0.0,0.0,0.0,0.0,0.0,"solar2_v,lipo2_v"
2020-07-05T01:00:00Z,29.0,29.0,,,1.828,4.89,,,,,,,,,,,3.808,3.806,3.811,,,,226.966,0.0,0.0,,,,,350.655,326.0,436.0,,,0.0,14018.0,14046.0,0.0,29.0,0.0,0.0,0.0,0.0,29.0,0.0,0.0,0.0,29.0,0.0,0.0,0.0,0.0,0.0,"solar2_v,lipo2_v"
2020-07-05T02:00:00Z,30.0,30.0,,,3.753,4.897,,,,,,,,,,,3.811,3.808,3.813,,,,216.7,0.0,0.0,,,,,468.733,429.0,503.0,,,0.0,14047.0,14076.0,0.0,30.0,0.0,0.0,0.0,0.0,30.0,0.0,0.0,0.0,30.0,0.0,0.0,0.0,0.0,0.0,"solar2_v,lipo2_v"
2020-07-05T03:00:00Z,27.0,27.0,,,3.519,5.236,,,,,,,,,,,3.808,3.806,3.809,,,,220.741,0.0,0.0,,,,,419.444,380.0,473.0,,,0.0,14077.0,14104.0,0.0,27.0,0.0,0.0,0.0,0.0,27.0,0.0,0.0,0.0,27.0,0.0,0.0,0.0,0.0,0.0,"solar2_v,lipo2_v"
2020-07-05T04:00:00Z,29.0,29.0,,,0.198,1.31,,,,,,,,,,,3.806,3.803,3.808,,,,225.379,0.0,0.0,,,,,369.448,314.0,458.0,,,0.0,14105.0,14134.0,0.0,11.0,0.0,0.0,0.0,0.0,29.0,0.0,0.0,0.0,29.0,0.0,0.0,0.0,0.0,0.0,"solar2_v,lipo2_v"
2020-07-05T05:00:00Z,28.0,28.0,,,2.208,5.6,,,,,,,,,,,3.803,3.8,3.806,,,,230.071,0.0,0.0,,,,,319.393,291.0,370.0,,,0.0,14135.0,14163.0,0.0,23.0,0.0,0.0,0.0,0.0,28.0,0.0,0.0,0.0,28.0,0.0,0.0,0.0,0.0,0.0,"solar2_v,lipo2_v"
2020-07-05T06:00:00Z,29.0,29.0,,,1.696,5.312,,,,,,,,,,,3.801,3.8,3.803,,,,227.172,0.0,0.0,,,,,350.759,330.0,368.0,,,0.0,14164.0,14192.0,0.0,27.0,0.0,0.0,0.0,0.0,29.0,0.0,0.0,0.0,29.0,0.0,0.0,0.0,0.0,0.0,"solar2_v,lipo2_v"
2020-07-05T07:00:00Z,28.0,28.0,,,0.012,0.339,,,,,,,,,,,3.798,3.796,3.8,,,,233.607,0.0,0.0,,,,,281.929,270.0,327.0,,,0.0,14193.0,14221.0,0.0,1.0,0.0,0.0,0.0,0.0,28.0,0.0,0.0,0.0,28.0,0.0,0.0,0.0,0.0,0.0,"solar2_v,lipo2_v"
2020-07-05T08:00:00Z,29.0,29.0,,,0.215,0.485,,,,,,,,,,,3.795,3.793,3.798,,,,233.621,0.0,0.0,,,,,277.931,274.0,282.0,,,0.0,14222.0,14251.0,0.0,15.0,0.0,0.0,0.0,0.0,29.0,0.0,0.0,0.0,29.0,0.0,0.0,0.0,0.0,0.0,"solar2_v,lipo2_v"
2020-07-05T09:00:00Z,29.0,29.0,,,0.0,0.0,,,,,,,,,,,3.794,3.791,3.795,,,,233.379,0.0,0.0,,,,,284.483,280.0,287.0,,,0.0,14252.0,14280.0,0.0,0.0,0.0,0.0,0.0,0.0,29.0,0.0,0.0,0.0,29.0,0.0,0.0,0.0,0.0,0.0,"solar2_v,lipo2_v"
2020-07-05T10:00:00Z,28.0,28.0,,,0.0,0.0,,,,,,,,,,,3.792,3.791,3.795,,,,233.536,0.0,0.0,,,,,279.821,273.0,287.0,,,0.0,14281.0,14309.0,0.0,0.0,0.0,0.0,0.0,0.0,28.0,0.0,0.0,0.0,28.0,0.0,0.0,0.0,0.0,0.0,"solar2_v,lipo2_v"
2020-07-05T11:00:00Z,28.0,28.0,,,0.0,0.0,,,,,,,,,,,3.79,3.79,3.791,,,,233.75,0.0,0.0,,,,,274.357,273.0,277.0,,,0.0,14310.0,14338.0,0.0,0.0,0.0,0.0,0.0,0.0,28.0,0.0,0.0,0.0,28.0,0.0,0.0,0.0,0.0,0.0,"solar2_v,lipo2_v"
2020-07-05T12:00:00Z,28.0,28.0,,,0.0,0.0,,,,,,,,,,,3.79,3.788,3.79,,,,234.0,0.0,0.0,,,,,277.286,277.0,278.0,,,0.0,14339.0,14367.0,0.0,0.0,0.0,0.0,0.0,0.0,28.0,0.0,0.0,0.0,28.0,0.0,0.0,0.0,0.0,0.0,"solar2_v,lipo2_v"
2020-07-05T13:00:00Z,27.0,27.0,,,0.0,0.0,,,,,,,,,,,3.789,3.788,3.79,,,,234.148,0.0,0.0,,,,,277.37,276.0,284.0,,,0.0,14368.0,14396.0,0.0,0.0,0.0,0.0,0.0,0.0,27.0,0.0,0.0,0.0,27.0,0.0,0.0,0.0,0.0,0.0,"solar2_v,lipo2_v"
2020-07-05T14:00:00Z,30.0,30.0,,,0.0,0.0,,,,,,,,,,,3.787,3.785,3.788,,,,233.4,0.0,0.0,,,,,279.967,278.0,281.0,,,0.0,14397.0,14426.0,0.0,0.0,0.0,0.0,0.0,0.0,30.0,0.0,0.0,0.0,30.0,0.0,0.0,0.0,0.0,0.0,"solar2_v,lipo2_v"
2020-07-05T15:00:00Z,29.0,29.0,,,0.0,0.0,,,,,,,,,,,3.785,3.783,3.788,,,,233.69,0.0,0.0,,,,,284.345,281.0,286.0,,,0.0,14427.0,14455.0,0.0,0.0,0.0,0.0,0.0,0.0,29.0,0.0,0.0,0.0,29.0,0.0,0.0,0.0,0.0,0.0,"solar2_v,lipo2_v"
2020-07-05T16:00:00Z,29.0,29.0,,,0.0,0.0,,,,,,,,,,,3.783,3.781,3.785,,,,233.379,0.0,0.0,,,,,283.862,282.0,286.0,,,0.0,14456.0,14484.0,0.0,0.0,0.0,0.0,0.0,0.0,29.0,0.0,0.0,0.0,29.0,0.0,0.0,0.0,0.0,0.0,"solar2_v,lipo2_v"
2020-07-05T17:00:00Z,30.0,30.0,,,0.0,0.0,,,,,,,,,,,3.783,3.78,3.785,,,,233.633,0.0,0.0,,,,,283.2,282.0,285.0,,,0.0,14485.0,14514.0,0.0,0.0,0.0,0.0,0.0,0.0,30.0,0.0,0.0,0.0,30.0,0.0,0.0,0.0,0.0,0.0,"solar2_v,lipo2_v"
2020-07-05T18:00:00Z,29.0,29.0,,,0.0,0.0,,,,,,,,,,,3.78,3.778,3.783,,,,233.448,0.0,0.0,,,,,283.31,281.0,287.0,,,0.0,14515.0,14543.0,0.0,0.0,0.0,0.0,0.0,0.0,29.0,0.0,0.0,0.0,29.0,0.0,0.0,0.0,0.0,0.0,"solar2_v,lipo2_v"
2020-07-05T19:00:00Z,29.0,29.0,,,0.0,0.0,,,,,,,,,,,3.778,3.775,3.78,,,,233.448,0.0,0.0,,,,,287.069,286.0,290.0,,,0.0,14544.0,14573.0,0.0,0.0,0.0,0.0,0.0,0.0,29.0,0.0,0.0,0.0,29.0,0.0,0.0,0.0,0.0,0.0,"solar2_v,lipo2_v"
2020-07-05T20:00:00Z,29.0,29.0,,,0.0,0.0,,,,,,,,,,,3.776,3.773,3.778,,,,233.276,0.0,0.0,,,,,286.655,286.0,287.0,,,0.0,14574.0,14602.0,0.0,0.0,0.0,0.0,0.0,0.0,29.0,0.0,0.0,0.0,29.0,0.0,0.0,0.0,0.0,0.0,"solar2_v,lipo2_v"
2020-07-05T21:00:00Z,30.0,30.0,,,0.0,0.0,,,,,,,,,,,3.775,3.773,3.778,,,,233.167,0.0,0.0,,,,,286.533,286.0,287.0,,,0.0,14603.0,14632.0,0.0,0.0,0.0,0.0,0.0,0.0,30.0,0.0,0.0,0.0,30.0,0.0,0.0,0.0,0.0,0.0,"solar2_v,lipo2_v"
2020-07-05T22:00:00Z,29.0,29.0,,,0.0,0.0,,,,,,,,,,,3.773,3.772,3.775,,,,233.241,0.0,0.0,,,,,286.241,285.0,287.0,,,0.0,14633.0,14661.0,0.0,0.0,0.0,0.0,0.0,0.0,29.0,0.0,0.0,0.0,29.0,0.0,0.0,0.0,0.0,0.0,"solar2_v,lipo2_v"
2020-07-05T23:00:00Z,29.0,29.0,,,0.282,0.754,,,,,,,,,,,3.772,3.77,3.773,,,,233.103,0.0,0.0,,,,,290.793,287.0,300.0,,,0.0,14662.0,14690.0,0.0,17.0,0.0,0.0,0.0,0.0,29.0,0.0,0.0,0.0,29.0,0.0,0.0,0.0,0.0,0.0,"solar2_v,lipo2_v"
2020-07-06T00:00:00Z,29.0,29.0,,,0.895,1.695,,,,,,,,,,,3.77,3.767,3.773,,,,231.034,0.0,0.0,,,,,311.034,301.0,327.0,,,0.0,14691.0,14720.0,0.0,29.0,0.0,0.0,0.0,0.0,29.0,0.0,0.0,0.0,29.0,0.0,0.0,0.0,0.0,0.0,"solar2_v,lipo2_v"
2020-07-06T01:00:00Z,29.0,29.0,,,1.219,2.333,,,,,,,,,,,3.768,3.767,3.77,,,,227.966,0.0,0.0,,,,,334.241,322.0,350.0,,,0.0,14721.0,14749.0,0.0,29.0,0.0,0.0,0.0,0.0,29.0,0.0,0.0,0.0,29.0,0.0,0.0,0.0,0.0,0.0,"solar2_v,lipo2_v"
2020-07-06T02:00:00Z,28.0,28.0,,,1.036,1.723,,,,,,,,,,,3.767,3.765,3.768,,,,229.607,0.0,0.0,,,,,320.107,312.0,327.0,,,0.0,14750.0,14778.0,0.0,28.0,0.0,0.0,0.0,0.0,28.0,0.0,0.0,0.0,28.0,0.0,0.0,0.0,0.0,0.0,"solar2_v,lipo2_v"
2020-07-06T03:00:00Z,30.0,30.0,,,0.564,4.064,,,,,,,,,,,3.765,3.763,3.767,,,,232.0,0.0,0.0,,,,,298.167,274.0,316.0,,,0.0,14779.0,14808.0,0.0,10.0,0.0,0.0,0.0,0.0,30.0,0.0,0.0,0.0,30.0,0.0,0.0,0.0,0.0,0.0,"solar2_v,lipo2_v"
2020-07-06T04:00:00Z,29.0,29.0,,,0.148,0.551,,,,,,,,,,,3.764,3.763,3.765,,,,234.172,0.0,0.0,,,,,275.828,274.0,280.0,,,0.0,14809.0,14837.0,0.0,10.0,0.0,0.0,0.0,0.0,29.0,0.0,0.0,0.0,29.0,0.0,0.0,0.0,0.0,0.0,"solar2_v,lipo2_v"
2020-07-06T05:00:00Z,30.0,30.0,,,1.455,2.984,,,,,,,,,,,3.763,3.763,3.765,,,,232.767,0.0,0.0,,,,,292.933,281.0,311.0,,,0.0,14838.0,14867.0,0.0,30.0,0.0,0.0,0.0,0.0,30.0,0.0,0.0,0.0,30.0,0.0,0.0,0.0,0.0,0.0,"solar2_v,lipo2_v"
2020-07-06T06:00:00Z,29.0,29.0,,,3.179,5.315,,,,,,,,,,,3.763,3.763,3.765,,,,227.586,0.0,0.0,,,,,338.897,313.0,379.0,,,0.0,14868.0,14896.0,0.0,29.0,0.0,0.0,0.0,0.0,29.0,0.0,0.0,0.0,29.0,0.0,0.0,0.0,0.0,0.0,"solar2_v,lipo2_v"
2020-07-06T07:00:00Z,30.0,30.0,,,3.343,5.351,,,,,,,,,,,3.763,3.763,3.763,,,,224.767,0.0,0.0,,,,,369.867,340.0,391.0,,,0.0,14897.0,14926.0,0.0,30.0,0.0,0.0,0.0,0.0,30.0,0.0,0.0,0.0,30.0,0.0,0.0,0.0,0.0,0.0,"solar2_v,lipo2_v"
2020-07-06T08:00:00Z,28.0,28.0,,,1.097,2.807,,,,,,,,,,,3.763,3.762,3.763,,,,227.286,0.0,0.0,,,,,345.929,327.0,379.0,,,0.0,14927.0,14955.0,0.0,28.0,0.0,0.0,0.0,0.0,28.0,0.0,0.0,0.0,28.0,0.0,0.0,0.0,0.0,0.0,"solar2_v,lipo2_v"
2020-07-06T09:00:00Z,28.0,28.0,,,0.48,0.972,,,,,,,,,,,3.762,3.76,3.763,,,,229.071,0.0,0.0,,,,,325.536,324.0,327.0,,,0.0,14956.0,14984.0,0.0,26.0,0.0,0.0,0.0,0.0,28.0,0.0,0.0,0.0,28.0,0.0,0.0,0.0,0.0,0.0,"solar2_v,lipo2_v"
2020-07-06T10:00:00Z,30.0,30.0,,,0.0,0.0,,,,,,,,,,,3.759,3.757,3.762,,,,230.733,0.0,0.0,,,,,315.4,313.0,324.0,,,0.0,14985.0,15014.0,0.0,0.0,0.0,0.0,0.0,0.0,30.0,0.0,0.0,0.0,30.0,0.0,0.0,0.0,0.0,0.0,"solar2_v,lipo2_v"
2020-07-06T11:00:00Z,29.0,29.0,,,0.0,0.0,,,,,,,,,,,3.758,3.755,3.76,,,,231.828,0.0,0.0,,,,,304.931,301.0,313.0,,,0.0,15015.0,15043.0,0.0,0.0,0.0,0.0,0.0,0.0,29.0,0.0,0.0,0.0,29.0,0.0,0.0,0.0,0.0,0.0,"solar2_v,lipo2_v"
2020-07-06T12:00:00Z,30.0,30.0,,,0.0,0.0,,,,,,,,,,,3.755,3.752,3.758,,,,232.367,0.0,0.0,,,,,300.933,300.0,301.0,,,0.0,15044.0,15073.0,0.0,0.0,0.0,0.0,0.0,0.0,30.0,0.0,0.0,0.0,30.0,0.0,0.0,0.0,0.0,0.0,"solar2_v,lipo2_v"
2020-07-06T13:00:00Z,28.0,28.0,,,0.0,0.0,,,,,,,,,,,3.753,3.747,3.757,,,,232.321,0.0,0.0,,,,,301.0,301.0,301.0,,,0.0,15074.0,15102.0,0.0,0.0,0.0,0.0,0.0,0.0,28.0,0.0,0.0,0.0,28.0,0.0,0.0,0.0,0.0,0.0,"solar2_v,lipo2_v"
2020-07-06T14:00:00Z,30.0,30.0,,,0.0,0.0,,,,,,,,,,,3.75,3.748,3.753,,,,232.367,0.0,0.0,,,,,300.3,299.0,301.0,,,0.0,15103.0,15132.0,0.0,0.0,0.0,0.0,0.0,0.0,30.0,0.0,0.0,0.0,30.0,0.0,0.0,0.0,0.0,0.0,"solar2_v,lipo2_v"
2020-07-06T15:00:00Z,29.0,29.0,,,0.0,0.0,,,,,,,,,,,3.748,3.747,3.75,,,,232.655,0.0,0.0,,,,,299.621,297.0,300.0,,,0.0,15133.0,15161.0,0.0,0.0,0.0,0.0,0.0,0.0,29.0,0.0,0.0,0.0,29.0,0.0,0.0,0.0,0.0,0.0,"solar2_v,lipo2_v"
2020-07-06T16:00:00Z,30.0,30.0,,,0.0,0.0,,,,,,,,,,,3.746,3.743,3.748,,,,232.6,0.0,0.0,,,,,296.167,296.0,297.0,,,0.0,15162.0,15191.0,0.0,0.0,0.0,0.0,0.0,0.0,30.0,0.0,0.0,0.0,30.0,0.0,0.0,0.0,0.0,0.0,"solar2_v,lipo2_v"
2020-07-06T17:00:00Z,28.0,28.0,,,0.0,0.0,,,,,,,,,,,3.744,3.742,3.747,,,,233.071,0.0,0.0,,,,,294.821,293.0,297.0,,,0.0,15192.0,15220.0,0.0,0.0,0.0,0.0,0.0,0.0,28.0,0.0,0.0,0.0,28.0,0.0,0.0,0.0,0.0,0.0,"solar2_v,lipo2_v"
2020-07-06T18:00:00Z,30.0,30.0,,,0.0,0.0,,,,,,,,,,,3.742,3.74,3.743,,,,233.3,0.0,0.0,,,,,295.6,293.0,298.0,,,0.0,15221.0,15250.0,0.0,0.0,0.0,0.0,0.0,0.0,30.0,0.0,0.0,0.0,30.0,0.0,0.0,0.0,0.0,0.0,"solar2_v,lipo2_v"
2020-07-06T19:00:00Z,26.0,26.0,,,0.0,0.0,,,,,,,,,,,3.74,3.737,3.742,,,,232.846,0.0,0.0,,,,,294.615,291.0,299.0,,,0.0,15251.0,15279.0,0.0,0.0,0.0,0.0,0.0,0.0,26.0,0.0,0.0,0.0,26.0,0.0,0.0,0.0,0.0,0.0,"solar2_v,lipo2_v"
2020-07-06T20:00:00Z,29.0,29.0,,,0.0,0.0,,,,,,,,,,,3.738,3.737,3.74,,,,233.207,0.0,0.0,,,,,294.172,291.0,295.0,,,0.0,15280.0,15308.0,0.0,0.0,0.0,0.0,0.0,0.0,29.0,0.0,0.0,0.0,29.0,0.0,0.0,0.0,0.0,0.0,"solar2_v,lipo2_v"
2020-07-06T21:00:00Z,29.0,29.0,,,0.0,0.0,,,,,,,,,,,3.737,3.735,3.739,,,,233.103,0.0,0.0,,,,,293.207,290.0,296.0,,,0.0,15309.0,15338.0,0.0,0.0,0.0,0.0,0.0,0.0,29.0,0.0,0.0,0.0,29.0,0.0,0.0,0.0,0.0,0.0,"solar2_v,lipo2_v"
2020-07-06T22:00:00Z,29.0,29.0,,,0.0,0.0,,,,,,,,,,,3.735,3.734,3.737,,,,233.034,0.0,0.0,,,,,289.138,288.0,293.0,,,0.0,15339.0,15367.0,0.0,0.0,0.0,0.0,0.0,0.0,29.0,0.0,0.0,0.0,29.0,0.0,0.0,0.0,0.0,0.0,"solar2_v,lipo2_v"
2020-07-06T23:00:00Z,29.0,29.0,,,0.184,0.551,,,,,,,,,,,3.734,3.732,3.735,,,,232.862,0.0,0.0,,,,,297.931,294.0,301.0,,,0.0,15368.0,15396.0,0.0,13.0,0.0,0.0,0.0,0.0,29.0,0.0,0.0,0.0,29.0,0.0,0.0,0.0,0.0,0.0,"solar2_v,lipo2_v"
2020-07-07T00:00:00Z,29.0,29.0,,,0.513,0.911,,,,,,,,,,,3.733,3.73,3.735,,,,231.31,0.0,0.0,,,,,309.241,301.0,318.0,,,0.0,15397.0,15426.0,0.0,28.0,0.0,0.0,0.0,0.0,29.0,0.0,0.0,0.0,29.0,0.0,0.0,0.0,0.0,0.0,"solar2_v,lipo2_v"
2020-07-07T01:00:00Z,29.0,29.0,,,1.635,4.665,,,,,,,,,,,3.731,3.729,3.734,,,,227.276,0.0,0.0,,,,,348.483,320.0,420.0,,,0.0,15427.0,15455.0,0.0,29.0,0.0,0.0,0.0,0.0,29.0,0.0,0.0,0.0,29.0,0.0,0.0,0.0,0.0,0.0,"solar2_v,lipo2_v"
2020-07-07T02:00:00Z,30.0,30.0,,,3.713,5.277,,,,,,,,,,,3.731,3.729,3.734,,,,219.2,0.0,0.0,,,,,441.367,408.0,473.0,,,0.0,15456.0,15485.0,0.0,30.0,0.0,0.0,0.0,0.0,30.0,0.0,0.0,0.0,30.0,0.0,0.0,0.0,0.0,0.0,"solar2_v,lipo2_v"
2020-07-07T03:00:00Z,28.0,28.0,,,4.621,5.384,,,,,,,,,,,3.729,3.725,3.73,,,,218.286,0.0,0.0,,,,,453.0,427.0,466.0,,,0.0,15487.0,15514.0,0.0,28.0,0.0,0.0,0.0,0.0,28.0,0.0,0.0,0.0,28.0,0.0,0.0,0.0,0.0,0.0,"solar2_v,lipo2_v"
2020-07-07T04:00:00Z,30.0,30.0,,,4.382,5.43,,,,,,,,,,,3.728,3.725,3.73,,,,218.033,0.0,0.0,,,,,453.233,433.0,472.0,,,0.0,15515.0,15544.0,0.0,30.0,0.0,0.0,0.0,0.0,30.0,0.0,0.0,0.0,30.0,0.0,0.0,0.0,0.0,0.0,"solar2_v,lipo2_v"
2020-07-07T05:00:00Z,28.0,28.0,,,4.991,5.269,,,,,,,,,,,3.726,3.724,3.729,,,,217.143,0.0,0.0,,,,,467.857,458.0,487.0,,,0.0,15545.0,15573.0,0.0,28.0,0.0,0.0,0.0,0.0,28.0,0.0,0.0,0.0,28.0,0.0,0.0,0.0,0.0,0.0,"solar2_v,lipo2_v"
2020-07-07T06:00:00Z,29.0,29.0,,,4.527,5.351,,,,,,,,,,,3.725,3.722,3.727,,,,217.517,0.0,0.0,,,,,460.414,447.0,487.0,,,0.0,15574.0,15602.0,0.0,29.0,0.0,0.0,0.0,0.0,29.0,0.0,0.0,0.0,29.0,0.0,0.0,0.0,0.0,0.0,"solar2_v,lipo2_v"
2020-07-07T07:00:00Z,29.0,29.0,,,3.577,5.341,,,,,,,,,,,3.722,3.72,3.725,,,,219.31,0.0,0.0,,,,,439.138,420.0,461.0,,,0.0,15604.0,15632.0,0.0,29.0,0.0,0.0,0.0,0.0,29.0,0.0,0.0,0.0,29.0,0.0,0.0,0.0,0.0,0.0,"solar2_v,lipo2_v"
2020-07-07T08:00:00Z,29.0,29.0,,,0.877,2.912,,,,,,,,,,,3.72,3.717,3.722,,,,224.759,0.0,0.0,,,,,376.828,353.0,433.0,,,0.0,15633.0,15661.0,0.0,29.0,0.0,0.0,0.0,0.0,29.0,0.0,0.0,0.0,29.0,0.0,0.0,0.0,0.0,0.0,"solar2_v,lipo2_v"
2020-07-07T09:00:00Z,30.0,30.0,,,0.27,0.918,,,,,,,,,,,3.717,3.715,3.719,,,,227.7,0.0,0.0,,,,,348.0,343.0,354.0,,,0.0,15662.0,15691.0,0.0,15.0,0.0,0.0,0.0,0.0,30.0,0.0,0.0,0.0,30.0,0.0,0.0,0.0,0.0,0.0,"solar2_v,lipo2_v"
2020-07-07T10:00:00Z,28.0,28.0,,,0.0,0.0,,,,,,,,,,,3.715,3.714,3.717,,,,228.357,0.0,0.0,,,,,337.036,331.0,342.0,,,0.0,15692.0,15720.0,0.0,0.0,0.0,0.0,0.0,0.0,28.0,0.0,0.0,0.0,28.0,0.0,0.0,0.0,0.0,0.0,"solar2_v,lipo2_v"
2020-07-07T11:00:00Z,28.0,28.0,,,0.0,0.0,,,,,,,,,,,3.714,3.712,3.714,,,,229.286,0.0,0.0,,,,,326.75,324.0,330.0,,,0.0,15721.0,15749.0,0.0,0.0,0.0,0.0,0.0,0.0,28.0,0.0,0.0,0.0,28.0,0.0,0.0,0.0,0.0,0.0,"solar2_v,lipo2_v"
2020-07-07T12:00:00Z,30.0,30.0,,,0.0,0.0,,,,,,,,,,,3.712,3.712,3.714,,,,230.433,0.0,0.0,,,,,318.167,315.0,324.0,,,0.0,15750.0,15779.0,0.0,0.0,0.0,0.0,0.0,0.0,30.0,0.0,0.0,0.0,30.0,0.0,0.0,0.0,0.0,0.0,"solar2_v,lipo2_v"
2020-07-07T13:00:00Z,29.0,29.0,,,0.0,0.0,,,,,,,,,,,3.711,3.71,3.712,,,,230.655,0.0,0.0,,,,,314.793,314.0,316.0,,,0.0,15780.0,15808.0,0.0,0.0,0.0,0.0,0.0,0.0,29.0,0.0,0.0,0.0,29.0,0.0,0.0,0.0,0.0,0.0,"solar2_v,lipo2_v"
2020-07-07T14:00:00Z,30.0,30.0,,,0.0,0.0,,,,,,,,,,,3.71,3.71,3.712,,,,230.9,0.0,0.0,,,,,314.8,314.0,317.0,,,0.0,15809.0,15838.0,0.0,0.0,0.0,0.0,0.0,0.0,30.0,0.0,0.0,0.0,30.0,0.0,0.0,0.0,0.0,0.0,"solar2_v,lipo2_v"
2020-07-07T15:00:00Z,29.0,29.0,,,0.0,0.0,,,,,,,,,,,3.709,3.709,3.71,,,,231.103,0.0,0.0,,,,,314.103,313.0,316.0,,,0.0,15839.0,15867.0,0.0,0.0,0.0,0.0,0.0,0.0,29.0,0.0,0.0,0.0,29.0,0.0,0.0,0.0,0.0,0.0,"solar2_v,lipo2_v"
2020-07-07T16:00:00Z,29.0,29.0,,,0.0,0.0,,,,,,,,,,,3.708,3.707,3.709,,,,231.414,0.0,0.0,,,,,312.621,310.0,314.0,,,0.0,15868.0,15896.0,0.0,0.0,0.0,0.0,0.0,0.0,29.0,0.0,0.0,0.0,29.0,0.0,0.0,0.0,0.0,0.0,"solar2_v,lipo2_v"
2020-07-07T17:00:00Z,30.0,30.0,,,0.0,0.0,,,,,,,,,,,3.706,3.704,3.707,,,,231.667,0.0,0.0,,,,,305.1,302.0,309.0,,,0.0,15897.0,15926.0,0.0,0.0,0.0,0.0,0.0,0.0,30.0,0.0,0.0,0.0,30.0,0.0,0.0,0.0,0.0,0.0,"solar2_v,lipo2_v"
2020-07-07T18:00:00Z,29.0,29.0,,,0.0,0.0,,,,,,,,,,,3.703,3.702,3.706,,,,232.069,0.0,0.0,,,,,303.034,302.0,304.0,,,0.0,15927.0,15955.0,0.0,0.0,0.0,0.0,0.0,0.0,29.0,0.0,0.0,0.0,29.0,0.0,0.0,0.0,0.0,0.0,"solar2_v,lipo2_v"
2020-07-07T19:00:00Z,30.0,30.0,,,0.0,0.0,,,,,,,,,,,3.702,3.701,3.704,,,,232.367,0.0,0.0,,,,,301.467,301.0,303.0,,,0.0,15956.0,15985.0,0.0,0.0,0.0,0.0,0.0,0.0,30.0,0.0,0.0,0.0,30.0,0.0,0.0,0.0,0.0,0.0,"solar2_v,lipo2_v"
2020-07-07T20:00:00Z,29.0,29.0,,,0.0,0.0,,,,,,,,,,,3.699,3.697,3.702,,,,232.241,0.0,0.0,,,,,301.069,300.0,302.0,,,0.0,15986.0,16014.0,0.0,0.0,0.0,0.0,0.0,0.0,29.0,0.0,0.0,0.0,29.0,0.0,0.0,0.0,0.0,0.0,"solar2_v,lipo2_v"
2020-07-07T21:00:00Z,29.0,29.0,,,0.0,0.0,,,,,,,,,,,3.696,3.691,3.699,,,,232.862,0.0,0.0,,,,,299.517,298.0,300.0,,,0.0,16015.0,16044.0,0.0,0.0,0.0,0.0,0.0,0.0,29.0,0.0,0.0,0.0,29.0,0.0,0.0,0.0,0.0,0.0,"solar2_v,lipo2_v"
2020-07-07T22:00:00Z,29.0,29.0,,,0.0,0.0,,,,,,,,,,,3.691,3.686,3.696,,,,233.034,0.0,0.0,,,,,296.828,296.0,299.0,,,0.0,16045.0,16073.0,0.0,0.0,0.0,0.0,0.0,0.0,29.0,0.0,0.0,0.0,29.0,0.0,0.0,0.0,0.0,0.0,"solar2_v,lipo2_v"
2020-07-07T23:00:00Z,30.0,30.0,,,0.281,0.688,,,,,,,,,,,3.688,3.684,3.694,,,,232.433,0.0,0.0,,,,,301.967,296.0,310.0,,,0.0,16074.0,16103.0,0.0,17.0,0.0,0.0,0.0,0.0,30.0,0.0,0.0,0.0,30.0,0.0,0.0,0.0,0.0,0.0,"solar2_v,lipo2_v"
2020-07-08T00:00:00Z,28.0,28.0,,,0.841,1.087,,,,,,,,,,,3.684,3.682,3.689,,,,230.321,0.0,0.0,,,,,317.393,311.0,323.0,,,0.0,16104.0,16132.0,0.0,28.0,0.0,0.0,0.0,0.0,28.0,0.0,0.0,0.0,28.0,0.0,0.0,0.0,0.0,0.0,"solar2_v,lipo2_v"
2020-07-08T01:00:00Z,28.0,28.0,,,1.86,3.957,,,,,,,,,,,3.683,3.682,3.684,,,,227.5,0.0,0.0,,,,,344.357,326.0,394.0,,,0.0,16133.0,16161.0,0.0,28.0,0.0,0.0,0.0,0.0,28.0,0.0,0.0,0.0,28.0,0.0,0.0,0.0,0.0,0.0,"solar2_v,lipo2_v"
2020-07-08T02:00:00Z,30.0,30.0,,,3.408,4.998,,,,,,,,,,,3.682,3.679,3.684,,,,220.3,0.0,0.0,,,,,427.033,374.0,462.0,,,0.0,16162.0,16191.0,0.0,30.0,0.0,0.0,0.0,0.0,30.0,0.0,0.0,0.0,30.0,0.0,0.0,0.0,0.0,0.0,"solar2_v,lipo2_v"
2020-07-08T03:00:00Z,29.0,29.0,,,4.186,5.236,,,,,,,,,,,3.681,3.679,3.682,,,,219.241,0.0,0.0,,,,,438.034,397.0,473.0,,,0.0,16192.0,16220.0,0.0,29.0,0.0,0.0,0.0,0.0,29.0,0.0,0.0,0.0,29.0,0.0,0.0,0.0,0.0,0.0,"solar2_v,lipo2_v"
2020-07-08T04:00:00Z,30.0,30.0,,,1.239,2.889,,,,,,,,,,,3.678,3.676,3.681,,,,224.8,0.0,0.0,,,,,378.9,296.0,473.0,,,0.0,16221.0,16250.0,0.0,25.0,0.0,0.0,0.0,0.0,30.0,0.0,0.0,0.0,30.0,0.0,0.0,0.0,0.0,0.0,"solar2_v,lipo2_v"
2020-07-08T05:00:00Z,29.0,29.0,,,0.738,1.695,,,,,,,,,,,3.675,3.673,3.677,,,,233.0,0.0,0.0,,,,,289.828,281.0,300.0,,,0.0,16251.0,16279.0,0.0,22.0,0.0,0.0,0.0,0.0,29.0,0.0,0.0,0.0,29.0,0.0,0.0,0.0,0.0,0.0,"solar2_v,lipo2_v"
2020-07-08T06:00:00Z,29.0,29.0,,,0.084,0.71,,,,,,,,,,,3.673,3.671,3.676,,,,234.724,0.0,0.0,,,,,273.379,265.0,296.0,,,0.0,16280.0,16308.0,0.0,4.0,0.0,0.0,0.0,0.0,29.0,0.0,0.0,0.0,29.0,0.0,0.0,0.0,0.0,0.0,"solar2_v,lipo2_v"
2020-07-08T07:00:00Z,30.0,30.0,,,0.011,0.341,,,,,,,,,,,3.67,3.668,3.673,,,,235.4,0.0,0.0,,,,,266.667,262.0,272.0,,,0.0,16309.0,16338.0,0.0,1.0,0.0,0.0,0.0,0.0,30.0,0.0,0.0,0.0,30.0,0.0,0.0,0.0,0.0,0.0,"solar2_v,lipo2_v"
2020-07-08T08:00:00Z,27.0,27.0,,,0.909,1.207,,,,,,,,,,,3.668,3.666,3.669,,,,233.704,0.0,0.0,,,,,281.963,273.0,291.0,,,0.0,16339.0,16367.0,0.0,27.0,0.0,0.0,0.0,0.0,27.0,0.0,0.0,0.0,27.0,0.0,0.0,0.0,0.0,0.0,"solar2_v,lipo2_v"
2020-07-08T09:00:00Z,29.0,29.0,,,0.86,1.176,,,,,,,,,,,3.666,3.664,3.668,,,,233.276,0.0,0.0,,,,,290.379,288.0,292.0,,,0.0,16368.0,16396.0,0.0,29.0,0.0,0.0,0.0,0.0,29.0,0.0,0.0,0.0,29.0,0.0,0.0,0.0,0.0,0.0,"solar2_v,lipo2_v"
2020-07-08T10:00:00Z,28.0,28.0,,,0.076,0.549,,,,,,,,,,,3.663,3.661,3.664,,,,233.607,0.0,0.0,,,,,287.214,284.0,290.0,,,0.0,16397.0,16426.0,0.0,5.0,0.0,0.0,0.0,0.0,28.0,0.0,0.0,0.0,28.0,0.0,0.0,0.0,0.0,0.0,"solar2_v,lipo2_v"
2020-07-08T11:00:00Z,28.0,28.0,,,0.0,0.0,,,,,,,,,,,3.662,3.661,3.663,,,,233.929,0.0,0.0,,,,,279.464,278.0,283.0,,,0.0,16428.0,16455.0,0.0,0.0,0.0,0.0,0.0,0.0,28.0,0.0,0.0,0.0,28.0,0.0,0.0,0.0,0.0,0.0,"solar2_v,lipo2_v"
2020-07-08T12:00:00Z,29.0,29.0,,,0.0,0.0,,,,,,,,,,,3.66,3.659,3.663,,,,234.276,0.0,0.0,,,,,279.276,278.0,281.0,,,0.0,16456.0,16484.0,0.0,0.0,0.0,0.0,0.0,0.0,29.0,0.0,0.0,0.0,29.0,0.0,0.0,0.0,0.0,0.0,"solar2_v,lipo2_v"
2020-07-08T13:00:00Z,30.0,30.0,,,0.0,0.0,,,,,,,,,,,3.659,3.659,3.661,,,,234.133,0.0,0.0,,,,,277.3,277.0,279.0,,,0.0,16485.0,16514.0,0.0,0.0,0.0,0.0,0.0,0.0,30.0,0.0,0.0,0.0,30.0,0.0,0.0,0.0,0.0,0.0,"solar2_v,lipo2_v"
2020-07-08T14:00:00Z,29.0,29.0,,,0.0,0.0,,,,,,,,,,,3.659,3.658,3.659,,,,233.759,0.0,0.0,,,,,279.276,277.0,281.0,,,0.0,16515.0,16543.0,0.0,0.0,0.0,0.0,0.0,0.0,29.0,0.0,0.0,0.0,29.0,0.0,0.0,0.0,0.0,0.0,"solar2_v,lipo2_v"
2020-07-08T15:00:00Z,30.0,30.0,,,0.0,0.0,,,,,,,,,,,3.658,3.658,3.658,,,,233.567,0.0,0.0,,,,,282.133,281.0,283.0,,,0.0,16544.0,16573.0,0.0,0.0,0.0,0.0,0.0,0.0,30.0,0.0,0.0,0.0,30.0,0.0,0.0,0.0,0.0,0.0,"solar2_v,lipo2_v"
2020-07-08T16:00:00Z,28.0,28.0,,,0.0,0.0,,,,,,,,,,,3.658,3.656,3.658,,,,233.75,0.0,0.0,,,,,281.714,281.0,284.0,,,0.0,16574.0,16602.0,0.0,0.0,0.0,0.0,0.0,0.0,28.0,0.0,0.0,0.0,28.0,0.0,0.0,0.0,0.0,0.0,"solar2_v,lipo2_v"
2020-07-08T17:00:00Z,29.0,29.0,,,0.0,0.0,,,,,,,,,,,3.656,3.654,3.658,,,,233.655,0.0,0.0,,,,,280.448,279.0,281.0,,,0.0,16603.0,16631.0,0.0,0.0,0.0,0.0,0.0,0.0,29.0,0.0,0.0,0.0,29.0,0.0,0.0,0.0,0.0,0.0,"solar2_v,lipo2_v"
2020-07-08T18:00:00Z,30.0,30.0,,,0.0,0.0,,,,,,,,,,,3.655,3.653,3.658,,,,233.967,0.0,0.0,,,,,279.367,278.0,281.0,,,0.0,16632.0,16661.0,0.0,0.0,0.0,0.0,0.0,0.0,30.0,0.0,0.0,0.0,30.0,0.0,0.0,0.0,0.0,0.0,"solar2_v,lipo2_v"
2020-07-08T19:00:00Z,29.0,29.0,,,0.0,0.0,,,,,,,,,,,3.654,3.653,3.656,,,,233.414,0.0,0.0,,,,,282.0,280.0,286.0,,,0.0,16662.0,16690.0,0.0,0.0,0.0,0.0,0.0,0.0,29.0,0.0,0.0,0.0,29.0,0.0,0.0,0.0,0.0,0.0,"solar2_v,lipo2_v"
2020-07-08T20:00:00Z,30.0,30.0,,,0.0,0.0,,,,,,,,,,,3.652,3.649,3.654,,,,233.7,0.0,0.0,,,,,286.067,286.0,287.0,,,0.0,16691.0,16720.0,0.0,0.0,0.0,0.0,0.0,0.0,30.0,0.0,0.0,0.0,30.0,0.0,0.0,0.0,0.0,0.0,"solar2_v,lipo2_v"
2020-07-08T21:00:00Z,29.0,29.0,,,0.0,0.0,,,,,,,,,,,3.65,3.648,3.653,,,,233.586,0.0,0.0,,,,,282.828,281.0,286.0,,,0.0,16721.0,16749.0,0.0,0.0,0.0,0.0,0.0,0.0,29.0,0.0,0.0,0.0,29.0,0.0,0.0,0.0,0.0,0.0,"solar2_v,lipo2_v"
2020-07-08T22:00:00Z,30.0,30.0,,,0.0,0.0,,,,,,,,,,,3.649,3.646,3.651,,,,234.2,0.0,0.0,,,,,277.633,276.0,281.0,,,0.0,16750.0,16779.0,0.0,0.0,0.0,0.0,0.0,0.0,30.0,0.0,0.0,0.0,30.0,0.0,0.0,0.0,0.0,0.0,"solar2_v,lipo2_v"
2020-07-08T23:00:00Z,29.0,29.0,,,0.25,0.487,,,,,,,,,,,3.647,3.646,3.649,,,,233.241,0.0,0.0,,,,,286.172,278.0,295.0,,,0.0,16780.0,16808.0,0.0,17.0,0.0,0.0,0.0,0.0,29.0,0.0,0.0,0.0,29.0,0.0,0.0,0.0,0.0,0.0,"solar2_v,lipo2_v"
2020-07-09T00:00:00Z,30.0,30.0,,,0.721,1.039,,,,,,,,,,,3.645,3.643,3.648,,,,231.867,0.0,0.0,,,,,304.667,296.0,314.0,,,0.0,16809.0,16838.0,0.0,30.0,0.0,0.0,0.0,0.0,30.0,0.0,0.0,0.0,30.0,0.0,0.0,0.0,0.0,0.0,"solar2_v,lipo2_v"
2020-07-09T01:00:00Z,29.0,29.0,,,1.732,2.911,,,,,,,,,,,3.644,3.643,3.648,,,,227.621,0.0,0.0,,,,,341.379,316.0,374.0,,,0.0,16839.0,16867.0,0.0,29.0,0.0,0.0,0.0,0.0,29.0,0.0,0.0,0.0,29.0,0.0,0.0,0.0,0.0,0.0,"solar2_v,lipo2_v"
2020-07-09T02:00:00Z,29.0,29.0,,,4.219,4.698,,,,,,,,,,,3.645,3.643,3.648,,,,218.276,0.0,0.0,,,,,451.31,379.0,475.0,,,0.0,16868.0,16896.0,0.0,29.0,0.0,0.0,0.0,0.0,29.0,0.0,0.0,0.0,29.0,0.0,0.0,0.0,0.0,0.0,"solar2_v,lipo2_v"
2020-07-09T03:00:00Z,30.0,30.0,,,4.408,5.244,,,,,,,,,,,3.644,3.643,3.646,,,,216.2,0.0,0.0,,,,,471.3,447.0,484.0,,,0.0,16897.0,16926.0,0.0,30.0,0.0,0.0,0.0,0.0,30.0,0.0,0.0,0.0,30.0,0.0,0.0,0.0,0.0,0.0,"solar2_v,lipo2_v"
2020-07-09T04:00:00Z,27.0,27.0,,,4.095,5.205,,,,,,,,,,,3.643,3.641,3.644,,,,217.926,0.0,0.0,,,,,450.296,433.0,468.0,,,0.0,16927.0,16955.0,0.0,27.0,0.0,0.0,0.0,0.0,27.0,0.0,0.0,0.0,27.0,0.0,0.0,0.0,0.0,0.0,"solar2_v,lipo2_v"
2020-07-09T05:00:00Z,29.0,29.0,,,2.336,5.153,,,,,,,,,,,3.64,3.638,3.643,,,,221.138,0.0,0.0,,,,,413.931,380.0,447.0,,,0.0,16956.0,16985.0,0.0,29.0,0.0,0.0,0.0,0.0,29.0,0.0,0.0,0.0,29.0,0.0,0.0,0.0,0.0,0.0,"solar2_v,lipo2_v"
2020-07-09T06:00:00Z,29.0,29.0,,,2.463,4.751,,,,,,,,,,,3.638,3.636,3.64,,,,222.345,0.0,0.0,,,,,400.034,379.0,420.0,,,0.0,16986.0,17014.0,0.0,29.0,0.0,0.0,0.0,0.0,29.0,0.0,0.0,0.0,29.0,0.0,0.0,0.0,0.0,0.0,"solar2_v,lipo2_v"
2020-07-09T07:00:00Z,30.0,30.0,,,3.628,4.511,,,,,,,,,,,3.637,3.635,3.638,,,,218.567,0.0,0.0,,,,,441.1,420.0,457.0,,,0.0,17015.0,17044.0,0.0,30.0,0.0,0.0,0.0,0.0,30.0,0.0,0.0,0.0,30.0,0.0,0.0,0.0,0.0,0.0,"solar2_v,lipo2_v"
2020-07-09T08:00:00Z,28.0,28.0,,,1.296,3.283,,,,,,,,,,,3.635,3.633,3.636,,,,222.25,0.0,0.0,,,,,395.25,375.0,427.0,,,0.0,17045.0,17073.0,0.0,28.0,0.0,0.0,0.0,0.0,28.0,0.0,0.0,0.0,28.0,0.0,0.0,0.0,0.0,0.0,"solar2_v,lipo2_v"
2020-07-09T09:00:00Z,29.0,29.0,,,0.414,0.969,,,,,,,,,,,3.633,3.631,3.635,,,,225.552,0.0,0.0,,,,,362.828,354.0,374.0,,,0.0,17074.0,17102.0,0.0,21.0,0.0,0.0,0.0,0.0,29.0,0.0,0.0,0.0,29.0,0.0,0.0,0.0,0.0,0.0,"solar2_v,lipo2_v"
2020-07-09T10:00:00Z,30.0,30.0,,,0.0,0.0,,,,,,,,,,,3.632,3.63,3.633,,,,227.2,0.0,0.0,,,,,348.533,345.0,353.0,,,0.0,17103.0,17132.0,0.0,0.0,0.0,0.0,0.0,0.0,30.0,0.0,0.0,0.0,30.0,0.0,0.0,0.0,0.0,0.0,"solar2_v,lipo2_v"
2020-07-09T11:00:00Z,29.0,29.0,,,0.0,0.0,,,,,,,,,,,3.63,3.628,3.631,,,,228.034,0.0,0.0,,,,,337.724,332.0,345.0,,,0.0,17133.0,17161.0,0.0,0.0,0.0,0.0,0.0,0.0,29.0,0.0,0.0,0.0,29.0,0.0,0.0,0.0,0.0,0.0,"solar2_v,lipo2_v"
2020-07-09T12:00:00Z,30.0,30.0,,,0.0,0.0,,,,,,,,,,,3.628,3.626,3.631,,,,228.767,0.0,0.0,,,,,330.1,327.0,334.0,,,0.0,17162.0,17191.0,0.0,0.0,0.0,0.0,0.0,0.0,30.0,0.0,0.0,0.0,30.0,0.0,0.0,0.0,0.0,0.0,"solar2_v,lipo2_v"
2020-07-09T13:00:00Z,29.0,29.0,,,0.0,0.0,,,,,,,,,,,3.626,3.625,3.628,,,,228.897,0.0,0.0,,,,,326.724,326.0,327.0,,,0.0,17192.0,17220.0,0.0,0.0,0.0,0.0,0.0,0.0,29.0,0.0,0.0,0.0,29.0,0.0,0.0,0.0,0.0,0.0,"solar2_v,lipo2_v"
2020-07-09T14:00:00Z,30.0,30.0,,,0.0,0.0,,,,,,,,,,,3.625,3.623,3.626,,,,229.2,0.0,0.0,,,,,322.767,320.0,326.0,,,0.0,17221.0,17250.0,0.0,0.0,0.0,0.0,0.0,0.0,30.0,0.0,0.0,0.0,30.0,0.0,0.0,0.0,0.0,0.0,"solar2_v,lipo2_v"
2020-07-09T15:00:00Z,29.0,29.0,,,0.0,0.0,,,,,,,,,,,3.623,3.621,3.625,,,,229.586,0.0,0.0,,,,,321.586,320.0,323.0,,,0.0,17251.0,17279.0,0.0,0.0,0.0,0.0,0.0,0.0,29.0,0.0,0.0,0.0,29.0,0.0,0.0,0.0,0.0,0.0,"solar2_v,lipo2_v"
2020-07-09T16:00:00Z,30.0,30.0,,,0.0,0.0,,,,,,,,,,,3.622,3.618,3.625,,,,229.5,0.0,0.0,,,,,320.333,318.0,323.0,,,0.0,17280.0,17309.0,0.0,0.0,0.0,0.0,0.0,0.0,30.0,0.0,0.0,0.0,30.0,0.0,0.0,0.0,0.0,0.0,"solar2_v,lipo2_v"
2020-07-09T17:00:00Z,29.0,29.0,,,0.0,0.0,,,,,,,,,,,3.619,3.616,3.621,,,,230.724,0.0,0.0,,,,,314.586,312.0,318.0,,,0.0,17310.0,17338.0,0.0,0.0,0.0,0.0,0.0,0.0,29.0,0.0,0.0,0.0,29.0,0.0,0.0,0.0,0.0,0.0,"solar2_v,lipo2_v"
2020-07-09T18:00:00Z,29.0,29.0,,,0.0,0.0,,,,,,,,,,,3.617,3.615,3.62,,,,231.103,0.0,0.0,,,,,307.207,302.0,312.0,,,0.0,17339.0,17368.0,0.0,0.0,0.0,0.0,0.0,0.0,29.0,0.0,0.0,0.0,29.0,0.0,0.0,0.0,0.0,0.0,"solar2_v,lipo2_v"
2020-07-09T19:00:00Z,29.0,29.0,,,0.0,0.0,,,,,,,,,,,3.615,3.613,3.616,,,,231.724,0.0,0.0,,,,,301.345,301.0,302.0,,,0.0,17369.0,17397.0,0.0,0.0,0.0,0.0,0.0,0.0,29.0,0.0,0.0,0.0,29.0,0.0,0.0,0.0,0.0,0.0,"solar2_v,lipo2_v"
2020-07-09T20:00:00Z,29.0,29.0,,,0.0,0.0,,,,,,,,,,,3.613,3.611,3.615,,,,231.793,0.0,0.0,,,,,300.966,300.0,301.0,,,0.0,17398.0,17426.0,0.0,0.0,0.0,0.0,0.0,0.0,29.0,0.0,0.0,0.0,29.0,0.0,0.0,0.0,0.0,0.0,"solar2_v,lipo2_v"
2020-07-09T21:00:00Z,29.0,29.0,,,0.0,0.0,,,,,,,,,,,3.612,3.61,3.615,,,,232.241,0.0,0.0,,,,,300.345,299.0,301.0,,,0.0,17427.0,17456.0,0.0,0.0,0.0,0.0,0.0,0.0,29.0,0.0,0.0,0.0,29.0,0.0,0.0,0.0,0.0,0.0,"solar2_v,lipo2_v"
2020-07-09T22:00:00Z,28.0,28.0,,,0.0,0.0,,,,,,,,,,,3.61,3.608,3.611,,,,231.893,0.0,0.0,,,,,300.464,299.0,301.0,,,0.0,17457.0,17485.0,0.0,0.0,0.0,0.0,0.0,0.0,28.0,0.0,0.0,0.0,28.0,0.0,0.0,0.0,0.0,0.0,"solar2_v,lipo2_v"
2020-07-09T23:00:00Z,30.0,30.0,,,0.238,0.67,,,,,,,,,,,3.609,3.608,3.611,,,,231.2,0.0,0.0,,,,,306.367,300.0,316.0,,,0.0,17486.0,17515.0,0.0,15.0,0.0,0.0,0.0,0.0,30.0,0.0,0.0,0.0,30.0,0.0,0.0,0.0,0.0,0.0,"solar2_v,lipo2_v"
2020-07-10T00:00:00Z,28.0,28.0,,,0.815,1.075,,,,,,,,,,,3.608,3.607,3.608,,,,228.714,0.0,0.0,,,,,325.821,316.0,338.0,,,0.0,17516.0,17544.0,0.0,28.0,0.0,0.0,0.0,0.0,28.0,0.0,0.0,0.0,28.0,0.0,0.0,0.0,0.0,0.0,"solar2_v,lipo2_v"
2020-07-10T01:00:00Z,27.0,27.0,,,1.996,3.857,,,,,,,,,,,3.607,3.607,3.608,,,,224.519,0.0,0.0,,,,,374.185,336.0,446.0,,,0.0,17545.0,17573.0,0.0,27.0,0.0,0.0,0.0,0.0,27.0,0.0,0.0,0.0,27.0,0.0,0.0,0.0,0.0,0.0,"solar2_v,lipo2_v"
2020-07-10T02:00:00Z,29.0,29.0,,,3.826,4.911,,,,,,,,,,,3.608,3.607,3.608,,,,215.793,0.0,0.0,,,,,471.655,436.0,492.0,,,0.0,17574.0,17603.0,0.0,29.0,0.0,0.0,0.0,0.0,29.0,0.0,0.0,0.0,29.0,0.0,0.0,0.0,0.0,0.0,"solar2_v,lipo2_v"
2020-07-10T03:00:00Z,28.0,28.0,,,3.641,5.213,,,,,,,,,,,3.607,3.607,3.608,,,,216.179,0.0,0.0,,,,,469.071,433.0,506.0,,,0.0,17604.0,17632.0,0.0,28.0,0.0,0.0,0.0,0.0,28.0,0.0,0.0,0.0,28.0,0.0,0.0,0.0,0.0,0.0,"solar2_v,lipo2_v"
2020-07-10T04:00:00Z,28.0,28.0,,,4.692,5.015,,,,,,,,,,,3.607,3.605,3.607,,,,216.786,0.0,0.0,,,,,461.821,432.0,485.0,,,0.0,17633.0,17661.0,0.0,28.0,0.0,0.0,0.0,0.0,28.0,0.0,0.0,0.0,28.0,0.0,0.0,0.0,0.0,0.0,"solar2_v,lipo2_v"
2020-07-10T05:00:00Z,30.0,30.0,,,4.788,5.028,,,,,,,,,,,3.606,3.605,3.607,,,,214.467,0.0,0.0,,,,,482.1,472.0,496.0,,,0.0,17662.0,17691.0,0.0,30.0,0.0,0.0,0.0,0.0,30.0,0.0,0.0,0.0,30.0,0.0,0.0,0.0,0.0,0.0,"solar2_v,lipo2_v"
2020-07-10T06:00:00Z,29.0,29.0,,,4.842,4.975,,,,,,,,,,,3.605,3.605,3.605,,,,213.793,0.0,0.0,,,,,486.793,476.0,492.0,,,0.0,17692.0,17720.0,0.0,29.0,0.0,0.0,0.0,0.0,29.0,0.0,0.0,0.0,29.0,0.0,0.0,0.0,0.0,0.0,"solar2_v,lipo2_v"
2020-07-10T07:00:00Z,27.0,27.0,,,2.255,4.552,,,,,,,,,,,3.604,3.602,3.605,,,,219.889,0.0,0.0,,,,,427.889,365.0,486.0,,,0.0,17721.0,17749.0,0.0,27.0,0.0,0.0,0.0,0.0,27.0,0.0,0.0,0.0,27.0,0.0,0.0,0.0,0.0,0.0,"solar2_v,lipo2_v"
2020-07-10T08:00:00Z,29.0,29.0,,,0.571,0.744,,,,,,,,,,,3.601,3.598,3.603,,,,227.483,0.0,0.0,,,,,343.828,335.0,360.0,,,0.0,17750.0,17779.0,0.0,29.0,0.0,0.0,0.0,0.0,29.0,0.0,0.0,0.0,29.0,0.0,0.0,0.0,0.0,0.0,"solar2_v,lipo2_v"
2020-07-10T09:00:00Z,29.0,29.0,,,0.292,0.48,,,,,,,,,,,3.599,3.598,3.6,,,,228.379,0.0,0.0,,,,,330.31,327.0,335.0,,,0.0,17780.0,17808.0,0.0,20.0,0.0,0.0,0.0,0.0,29.0,0.0,0.0,0.0,29.0,0.0,0.0,0.0,0.0,0.0,"solar2_v,lipo2_v"
2020-07-10T10:00:00Z,29.0,29.0,,,0.0,0.0,,,,,,,,,,,3.597,3.593,3.598,,,,228.69,0.0,0.0,,,,,324.655,321.0,329.0,,,0.0,17809.0,17838.0,0.0,0.0,0.0,0.0,0.0,0.0,29.0,0.0,0.0,0.0,29.0,0.0,0.0,0.0,0.0,0.0,"solar2_v,lipo2_v"
2020-07-10T11:00:00Z,29.0,29.0,,,0.0,0.0,,,,,,,,,,,3.594,3.592,3.597,,,,229.172,0.0,0.0,,,,,322.138,316.0,326.0,,,0.0,17839.0,17867.0,0.0,0.0,0.0,0.0,0.0,0.0,29.0,0.0,0.0,0.0,29.0,0.0,0.0,0.0,0.0,0.0,"solar2_v,lipo2_v"
2020-07-10T12:00:00Z,29.0,29.0,,,0.0,0.0,,,,,,,,,,,3.593,3.592,3.595,,,,230.862,0.0,0.0,,,,,313.379,312.0,316.0,,,0.0,17868.0,17896.0,0.0,0.0,0.0,0.0,0.0,0.0,29.0,0.0,0.0,0.0,29.0,0.0,0.0,0.0,0.0,0.0,"solar2_v,lipo2_v"
2020-07-10T13:00:00Z,29.0,29.0,,,0.0,0.0,,,,,,,,,,,3.592,3.588,3.593,,,,231.103,0.0,0.0,,,,,312.69,311.0,313.0,,,0.0,17897.0,17926.0,0.0,0.0,0.0,0.0,0.0,0.0,29.0,0.0,0.0,0.0,29.0,0.0,0.0,0.0,0.0,0.0,"solar2_v,lipo2_v"
2020-07-10T14:00:00Z,29.0,29.0,,,0.0,0.0,,,,,,,,,,,3.59,3.588,3.592,,,,230.931,0.0,0.0,,,,,313.517,312.0,314.0,,,0.0,17927.0,17955.0,0.0,0.0,0.0,0.0,0.0,0.0,29.0,0.0,0.0,0.0,29.0,0.0,0.0,0.0,0.0,0.0,"solar2_v,lipo2_v"
2020-07-10T15:00:00Z,28.0,28.0,,,0.0,0.0,,,,,,,,,,,3.588,3.585,3.59,,,,230.786,0.0,0.0,,,,,312.679,311.0,314.0,,,0.0,17956.0,17984.0,0.0,0.0,0.0,0.0,0.0,0.0,28.0,0.0,0.0,0.0,28.0,0.0,0.0,0.0,0.0,0.0,"solar2_v,lipo2_v"
2020-07-10T16:00:00Z,30.0,30.0,,,0.0,0.0,,,,,,,,,,,3.586,3.583,3.588,,,,231.067,0.0,0.0,,,,,307.333,306.0,311.0,,,0.0,17985.0,18014.0,0.0,0.0,0.0,0.0,0.0,0.0,30.0,0.0,0.0,0.0,30.0,0.0,0.0,0.0,0.0,0.0,"solar2_v,lipo2_v"
2020-07-10T17:00:00Z,29.0,29.0,,,0.0,0.0,,,,,,,,,,,3.583,3.582,3.585,,,,231.759,0.0,0.0,,,,,304.034,301.0,308.0,,,0.0,18015.0,18043.0,0.0,0.0,0.0,0.0,0.0,0.0,29.0,0.0,0.0,0.0,29.0,0.0,0.0,0.0,0.0,0.0,"solar2_v,lipo2_v"
2020-07-10T18:00:00Z,29.0,29.0,,,0.0,0.0,,,,,,,,,,,3.582,3.582,3.583,,,,232.138,0.0,0.0,,,,,300.828,300.0,301.0,,,0.0,18044.0,18072.0,0.0,0.0,0.0,0.0,0.0,0.0,29.0,0.0,0.0,0.0,29.0,0.0,0.0,0.0,0.0,0.0,"solar2_v,lipo2_v"
2020-07-10T19:00:00Z,30.0,30.0,,,0.0,0.0,,,,,,,,,,,3.581,3.58,3.583,,,,232.0,0.0,0.0,,,,,300.9,300.0,301.0,,,0.0,18073.0,18102.0,0.0,0.0,0.0,0.0,0.0,0.0,30.0,0.0,0.0,0.0,30.0,0.0,0.0,0.0,0.0,0.0,"solar2_v,lipo2_v"
2020-07-10T20:00:00Z,29.0,29.0,,,0.0,0.0,,,,,,,,,,,3.58,3.578,3.582,,,,231.931,0.0,0.0,,,,,300.862,300.0,301.0,,,0.0,18103.0,18131.0,0.0,0.0,0.0,0.0,0.0,0.0,29.0,0.0,0.0,0.0,29.0,0.0,0.0,0.0,0.0,0.0,"solar2_v,lipo2_v"
2020-07-10T21:00:00Z,30.0,30.0,,,0.0,0.0,,,,,,,,,,,3.578,3.578,3.58,,,,231.633,0.0,0.0,,,,,302.033,300.0,304.0,,,0.0,18132.0,18161.0,0.0,0.0,0.0,0.0,0.0,0.0,30.0,0.0,0.0,0.0,30.0,0.0,0.0,0.0,0.0,0.0,"solar2_v,lipo2_v"
2020-07-10T22:00:00Z,29.0,29.0,,,0.0,0.0,,,,,,,,,,,3.578,3.577,3.578,,,,232.69,0.0,0.0,,,,,294.345,292.0,300.0,,,0.0,18162.0,18190.0,0.0,0.0,0.0,0.0,0.0,0.0,29.0,0.0,0.0,0.0,29.0,0.0,0.0,0.0,0.0,0.0,"solar2_v,lipo2_v"
2020-07-10T23:00:00Z,30.0,30.0,,,0.21,0.472,,,,,,,,,,,3.577,3.577,3.578,,,,232.067,0.0,0.0,,,,,299.267,294.0,304.0,,,0.0,18191.0,18220.0,0.0,15.0,0.0,0.0,0.0,0.0,30.0,0.0,0.0,0.0,30.0,0.0,0.0,0.0,0.0,0.0,"solar2_v,lipo2_v"
2020-07-11T00:00:00Z,29.0,29.0,,,0.652,1.261,,,,,,,,,,,3.577,3.575,3.578,,,,230.759,0.0,0.0,,,,,310.483,305.0,318.0,,,0.0,18221.0,18249.0,0.0,29.0,0.0,0.0,0.0,0.0,29.0,0.0,0.0,0.0,29.0,0.0,0.0,0.0,0.0,0.0,"solar2_v,lipo2_v"
2020-07-11T01:00:00Z,29.0,29.0,,,1.907,4.857,,,,,,,,,,,3.577,3.575,3.578,,,,226.172,0.0,0.0,,,,,357.379,321.0,438.0,,,0.0,18250.0,18279.0,0.0,29.0,0.0,0.0,0.0,0.0,29.0,0.0,0.0,0.0,29.0,0.0,0.0,0.0,0.0,0.0,"solar2_v,lipo2_v"
2020-07-11T02:00:00Z,27.0,27.0,,,3.371,5.192,,,,,,,,,,,3.577,3.575,3.578,,,,218.963,0.0,0.0,,,,,437.148,404.0,460.0,,,0.0,18281.0,18308.0,0.0,27.0,0.0,0.0,0.0,0.0,27.0,0.0,0.0,0.0,27.0,0.0,0.0,0.0,0.0,0.0,"solar2_v,lipo2_v"
2020-07-11T03:00:00Z,29.0,29.0,,,4.891,5.015,,,,,,,,,,,3.577,3.575,3.578,,,,213.448,0.0,0.0,,,,,496.0,463.0,506.0,,,0.0,18309.0,18337.0,0.0,29.0,0.0,0.0,0.0,0.0,29.0,0.0,0.0,0.0,29.0,0.0,0.0,0.0,0.0,0.0,"solar2_v,lipo2_v"
2020-07-11T04:00:00Z,29.0,29.0,,,4.612,5.139,,,,,,,,,,,3.575,3.574,3.577,,,,213.759,0.0,0.0,,,,,488.966,457.0,503.0,,,0.0,18338.0,18366.0,0.0,29.0,0.0,0.0,0.0,0.0,29.0,0.0,0.0,0.0,29.0,0.0,0.0,0.0,0.0,0.0,"solar2_v,lipo2_v"
2020-07-11T05:00:00Z,30.0,30.0,,,4.264,5.42,,,,,,,,,,,3.574,3.572,3.575,,,,217.0,0.0,0.0,,,,,460.233,437.0,477.0,,,0.0,18367.0,18396.0,0.0,30.0,0.0,0.0,0.0,0.0,30.0,0.0,0.0,0.0,30.0,0.0,0.0,0.0,0.0,0.0,"solar2_v,lipo2_v"
2020-07-11T06:00:00Z,29.0,29.0,,,3.422,5.167,,,,,,,,,,,3.572,3.57,3.575,,,,219.345,0.0,0.0,,,,,427.724,408.0,463.0,,,0.0,18397.0,18425.0,0.0,29.0,0.0,0.0,0.0,0.0,29.0,0.0,0.0,0.0,29.0,0.0,0.0,0.0,0.0,0.0,"solar2_v,lipo2_v"
2020-07-11T07:00:00Z,30.0,30.0,,,4.315,4.933,,,,,,,,,,,3.571,3.567,3.574,,,,219.067,0.0,0.0,,,,,432.367,408.0,460.0,,,0.0,18426.0,18455.0,0.0,30.0,0.0,0.0,0.0,0.0,30.0,0.0,0.0,0.0,30.0,0.0,0.0,0.0,0.0,0.0,"solar2_v,lipo2_v"
2020-07-11T08:00:00Z,29.0,29.0,,,1.425,4.703,,,,,,,,,,,3.569,3.567,3.57,,,,221.655,0.0,0.0,,,,,405.207,371.0,451.0,,,0.0,18456.0,18484.0,0.0,29.0,0.0,0.0,0.0,0.0,29.0,0.0,0.0,0.0,29.0,0.0,0.0,0.0,0.0,0.0,"solar2_v,lipo2_v"
2020-07-11T09:00:00Z,30.0,30.0,,,0.825,1.012,,,,,,,,,,,3.567,3.565,3.569,,,,226.167,0.0,0.0,,,,,361.667,354.0,369.0,,,0.0,18485.0,18514.0,0.0,30.0,0.0,0.0,0.0,0.0,30.0,0.0,0.0,0.0,30.0,0.0,0.0,0.0,0.0,0.0,"solar2_v,lipo2_v"
2020-07-11T10:00:00Z,29.0,29.0,,,0.249,0.577,,,,,,,,,,,3.565,3.564,3.567,,,,227.621,0.0,0.0,,,,,344.103,337.0,354.0,,,0.0,18515.0,18543.0,0.0,17.0,0.0,0.0,0.0,0.0,29.0,0.0,0.0,0.0,29.0,0.0,0.0,0.0,0.0,0.0,"solar2_v,lipo2_v"
2020-07-11T11:00:00Z,30.0,30.0,,,0.0,0.0,,,,,,,,,,,3.564,3.562,3.565,,,,228.367,0.0,0.0,,,,,329.567,327.0,336.0,,,0.0,18544.0,18573.0,0.0,0.0,0.0,0.0,0.0,0.0,30.0,0.0,0.0,0.0,30.0,0.0,0.0,0.0,0.0,0.0,"solar2_v,lipo2_v"
2020-07-11T12:00:00Z,29.0,29.0,,,0.0,0.0,,,,,,,,,,,3.562,3.56,3.564,,,,228.759,0.0,0.0,,,,,326.172,325.0,328.0,,,0.0,18574.0,18602.0,0.0,0.0,0.0,0.0,0.0,0.0,29.0,0.0,0.0,0.0,29.0,0.0,0.0,0.0,0.0,0.0,"solar2_v,lipo2_v"
2020-07-11T13:00:00Z,30.0,30.0,,,0.0,0.0,,,,,,,,,,,3.561,3.559,3.562,,,,229.233,0.0,0.0,,,,,323.8,322.0,326.0,,,0.0,18603.0,18632.0,0.0,0.0,0.0,0.0,0.0,0.0,30.0,0.0,0.0,0.0,30.0,0.0,0.0,0.0,0.0,0.0,"solar2_v,lipo2_v"
2020-07-11T14:00:00Z,28.0,28.0,,,0.0,0.0,,,,,,,,,,,3.559,3.557,3.562,,,,230.143,0.0,0.0,,,,,316.5,314.0,323.0,,,0.0,18633.0,18661.0,0.0,0.0,0.0,0.0,0.0,0.0,28.0,0.0,0.0,0.0,28.0,0.0,0.0,0.0,0.0,0.0,"solar2_v,lipo2_v"
2020-07-11T15:00:00Z,28.0,28.0,,,0.0,0.0,,,,,,,,,,,3.558,3.555,3.56,,,,230.321,0.0,0.0,,,,,314.071,314.0,315.0,,,0.0,18662.0,18690.0,0.0,0.0,0.0,0.0,0.0,0.0,28.0,0.0,0.0,0.0,28.0,0.0,0.0,0.0,0.0,0.0,"solar2_v,lipo2_v"
2020-07-11T16:00:00Z,30.0,30.0,,,0.0,0.0,,,,,,,,,,,3.556,3.555,3.557,,,,230.567,0.0,0.0,,,,,313.6,313.0,314.0,,,0.0,18691.0,18720.0,0.0,0.0,0.0,0.0,0.0,0.0,30.0,0.0,0.0,0.0,30.0,0.0,0.0,0.0,0.0,0.0,"solar2_v,lipo2_v"
2020-07-11T17:00:00Z,29.0,29.0,,,0.0,0.0,,,,,,,,,,,3.555,3.554,3.557,,,,231.172,0.0,0.0,,,,,308.517,302.0,314.0,,,0.0,18721.0,18749.0,0.0,0.0,0.0,0.0,0.0,0.0,29.0,0.0,0.0,0.0,29.0,0.0,0.0,0.0,0.0,0.0,"solar2_v,lipo2_v"
2020-07-11T18:00:00Z,30.0,30.0,,,0.0,0.0,,,,,,,,,,,3.554,3.552,3.555,,,,231.967,0.0,0.0,,,,,301.0,301.0,301.0,,,0.0,18750.0,18779.0,0.0,0.0,0.0,0.0,0.0,0.0,30.0,0.0,0.0,0.0,30.0,0.0,0.0,0.0,0.0,0.0,"solar2_v,lipo2_v"
2020-07-11T19:00:00Z,29.0,29.0,,,0.0,0.0,,,,,,,,,,,3.554,3.552,3.554,,,,232.034,0.0,0.0,,,,,301.034,300.0,303.0,,,0.0,18780.0,18808.0,0.0,0.0,0.0,0.0,0.0,0.0,29.0,0.0,0.0,0.0,29.0,0.0,0.0,0.0,0.0,0.0,"solar2_v,lipo2_v"
2020-07-11T20:00:00Z,29.0,29.0,,,0.0,0.0,,,,,,,,,,,3.553,3.552,3.554,,,,231.586,0.0,0.0,,,,,301.69,301.0,303.0,,,0.0,18809.0,18837.0,0.0,0.0,0.0,0.0,0.0,0.0,29.0,0.0,0.0,0.0,29.0,0.0,0.0,0.0,0.0,0.0,"solar2_v,lipo2_v"
2020-07-11T21:00:00Z,28.0,28.0,,,0.0,0.0,,,,,,,,,,,3.552,3.552,3.552,,,,232.071,0.0,0.0,,,,,300.5,300.0,301.0,,,0.0,18839.0,18867.0,0.0,0.0,0.0,0.0,0.0,0.0,28.0,0.0,0.0,0.0,28.0,0.0,0.0,0.0,0.0,0.0,"solar2_v,lipo2_v"
2020-07-11T22:00:00Z,28.0,28.0,,,0.0,0.0,,,,,,,,,,,3.551,3.55,3.552,,,,232.143,0.0,0.0,,,,,300.429,300.0,301.0,,,0.0,18868.0,18896.0,0.0,0.0,0.0,0.0,0.0,0.0,28.0,0.0,0.0,0.0,28.0,0.0,0.0,0.0,0.0,0.0,"solar2_v,lipo2_v"
2020-07-11T23:00:00Z,30.0,30.0,,,0.066,0.352,,,,,,,,,,,3.55,3.549,3.552,,,,231.8,0.0,0.0,,,,,301.7,301.0,304.0,,,0.0,18897.0,18926.0,0.0,6.0,0.0,0.0,0.0,0.0,30.0,0.0,0.0,0.0,30.0,0.0,0.0,0.0,0.0,0.0,"solar2_v,lipo2_v"
2020-07-12T00:00:00Z,29.0,29.0,,,0.493,0.662,,,,,,,,,,,3.549,3.547,3.55,,,,230.586,0.0,0.0,,,,,311.483,303.0,320.0,,,0.0,18927.0,18955.0,0.0,29.0,0.0,0.0,0.0,0.0,29.0,0.0,0.0,0.0,29.0,0.0,0.0,0.0,0.0,0.0,"solar2_v,lipo2_v"
2020-07-12T01:00:00Z,30.0,30.0,,,2.155,4.916,,,,,,,,,,,3.549,3.547,3.55,,,,224.267,0.0,0.0,,,,,378.833,321.0,490.0,,,0.0,18956.0,18985.0,0.0,30.0,0.0,0.0,0.0,0.0,30.0,0.0,0.0,0.0,30.0,0.0,0.0,0.0,0.0,0.0,"solar2_v,lipo2_v"
2020-07-12T02:00:00Z,29.0,29.0,,,4.657,5.089,,,,,,,,,,,3.55,3.549,3.55,,,,209.724,0.0,0.0,,,,,527.897,500.0,543.0,,,0.0,18986.0,19014.0,0.0,29.0,0.0,0.0,0.0,0.0,29.0,0.0,0.0,0.0,29.0,0.0,0.0,0.0,0.0,0.0,"solar2_v,lipo2_v"
2020-07-12T03:00:00Z,29.0,29.0,,,4.091,5.253,,,,,,,,,,,3.549,3.547,3.55,,,,214.517,0.0,0.0,,,,,483.552,462.0,508.0,,,0.0,19015.0,19043.0,0.0,29.0,0.0,0.0,0.0,0.0,29.0,0.0,0.0,0.0,29.0,0.0,0.0,0.0,0.0,0.0,"solar2_v,lipo2_v"
2020-07-12T04:00:00Z,30.0,30.0,,,4.225,5.458,,,,,,,,,,,3.547,3.545,3.549,,,,215.133,0.0,0.0,,,,,476.0,444.0,501.0,,,0.0,19044.0,19073.0,0.0,30.0,0.0,0.0,0.0,0.0,30.0,0.0,0.0,0.0,30.0,0.0,0.0,0.0,0.0,0.0,"solar2_v,lipo2_v"
2020-07-12T05:00:00Z,29.0,29.0,,,3.555,5.548,,,,,,,,,,,3.545,3.544,3.547,,,,216.655,0.0,0.0,,,,,461.966,413.0,494.0,,,0.0,19074.0,19102.0,0.0,29.0,0.0,0.0,0.0,0.0,29.0,0.0,0.0,0.0,29.0,0.0,0.0,0.0,0.0,0.0,"solar2_v,lipo2_v"
2020-07-12T06:00:00Z,28.0,28.0,,,3.83,5.474,,,,,,,,,,,3.543,3.541,3.545,,,,218.75,0.0,0.0,,,,,441.964,406.0,481.0,,,0.0,19103.0,19131.0,0.0,28.0,0.0,0.0,0.0,0.0,28.0,0.0,0.0,0.0,28.0,0.0,0.0,0.0,0.0,0.0,"solar2_v,lipo2_v"
2020-07-12T07:00:00Z,29.0,29.0,,,2.223,5.011,,,,,,,,,,,3.542,3.539,3.545,,,,219.793,0.0,0.0,,,,,429.828,377.0,486.0,,,0.0,19132.0,19161.0,0.0,29.0,0.0,0.0,0.0,0.0,29.0,0.0,0.0,0.0,29.0,0.0,0.0,0.0,0.0,0.0,"solar2_v,lipo2_v"
2020-07-12T08:00:00Z,28.0,28.0,,,0.632,0.846,,,,,,,,,,,3.539,3.536,3.542,,,,226.036,0.0,0.0,,,,,360.893,353.0,375.0,,,0.0,19162.0,19190.0,0.0,28.0,0.0,0.0,0.0,0.0,28.0,0.0,0.0,0.0,28.0,0.0,0.0,0.0,0.0,0.0,"solar2_v,lipo2_v"
2020-07-12T09:00:00Z,29.0,29.0,,,0.415,0.734,,,,,,,,,,,3.538,3.536,3.541,,,,227.31,0.0,0.0,,,,,346.724,343.0,353.0,,,0.0,19191.0,19219.0,0.0,27.0,0.0,0.0,0.0,0.0,29.0,0.0,0.0,0.0,29.0,0.0,0.0,0.0,0.0,0.0,"solar2_v,lipo2_v"
2020-07-12T10:00:00Z,30.0,30.0,,,0.022,0.339,,,,,,,,,,,3.537,3.536,3.539,,,,228.333,0.0,0.0,,,,,338.867,331.0,344.0,,,0.0,19220.0,19249.0,0.0,2.0,0.0,0.0,0.0,0.0,30.0,0.0,0.0,0.0,30.0,0.0,0.0,0.0,0.0,0.0,"solar2_v,lipo2_v"
2020-07-12T11:00:00Z,27.0,27.0,,,0.0,0.0,,,,,,,,,,,3.535,3.534,3.537,,,,228.667,0.0,0.0,,,,,325.63,321.0,330.0,,,0.0,19250.0,19278.0,0.0,0.0,0.0,0.0,0.0,0.0,27.0,0.0,0.0,0.0,27.0,0.0,0.0,0.0,0.0,0.0,"solar2_v,lipo2_v"
2020-07-12T12:00:00Z,27.0,27.0,,,0.0,0.0,,,,,,,,,,,3.534,3.532,3.536,,,,230.296,0.0,0.0,,,,,315.519,314.0,321.0,,,0.0,19279.0,19308.0,0.0,0.0,0.0,0.0,0.0,0.0,27.0,0.0,0.0,0.0,27.0,0.0,0.0,0.0,0.0,0.0,"solar2_v,lipo2_v"
2020-07-12T13:00:00Z,27.0,27.0,,,0.0,0.0,,,,,,,,,,,3.532,3.531,3.534,,,,230.815,0.0,0.0,,,,,311.444,306.0,314.0,,,0.0,19309.0,19337.0,0.0,0.0,0.0,0.0,0.0,0.0,27.0,0.0,0.0,0.0,27.0,0.0,0.0,0.0,0.0,0.0,"solar2_v,lipo2_v"
2020-07-12T14:00:00Z,29.0,29.0,,,0.0,0.0,,,,,,,,,,,3.531,3.529,3.532,,,,232.586,0.0,0.0,,,,,295.069,291.0,305.0,,,0.0,19338.0,19366.0,0.0,0.0,0.0,0.0,0.0,0.0,29.0,0.0,0.0,0.0,29.0,0.0,0.0,0.0,0.0,0.0,"solar2_v,lipo2_v"
2020-07-12T15:00:00Z,29.0,29.0,,,0.0,0.0,,,,,,,,,,,3.53,3.529,3.531,,,,232.724,0.0,0.0,,,,,298.414,294.0,301.0,,,0.0,19367.0,19395.0,0.0,0.0,0.0,0.0,0.0,0.0,29.0,0.0,0.0,0.0,29.0,0.0,0.0,0.0,0.0,0.0,"solar2_v,lipo2_v"
2020-07-12T16:00:00Z,29.0,29.0,,,0.0,0.0,,,,,,,,,,,3.528,3.526,3.531,,,,231.828,0.0,0.0,,,,,301.414,301.0,304.0,,,0.0,19396.0,19425.0,0.0,0.0,0.0,0.0,0.0,0.0,29.0,0.0,0.0,0.0,29.0,0.0,0.0,0.0,0.0,0.0,"solar2_v,lipo2_v"
2020-07-12T17:00:00Z,28.0,28.0,,,0.0,0.0,,,,,,,,,,,3.528,3.527,3.529,,,,231.929,0.0,0.0,,,,,301.071,301.0,302.0,,,0.0,19426.0,19454.0,0.0,0.0,0.0,0.0,0.0,0.0,28.0,0.0,0.0,0.0,28.0,0.0,0.0,0.0,0.0,0.0,"solar2_v,lipo2_v"
2020-07-12T18:00:00Z,29.0,29.0,,,0.0,0.0,,,,,,,,,,,3.527,3.526,3.529,,,,232.0,0.0,0.0,,,,,301.0,301.0,301.0,,,0.0,19455.0,19483.0,0.0,0.0,0.0,0.0,0.0,0.0,29.0,0.0,0.0,0.0,29.0,0.0,0.0,0.0,0.0,0.0,"solar2_v,lipo2_v"
2020-07-12T19:00:00Z,30.0,30.0,,,0.0,0.0,,,,,,,,,,,3.526,3.526,3.527,,,,232.233,0.0,0.0,,,,,299.833,298.0,301.0,,,0.0,19484.0,19513.0,0.0,0.0,0.0,0.0,0.0,0.0,30.0,0.0,0.0,0.0,30.0,0.0,0.0,0.0,0.0,0.0,"solar2_v,lipo2_v"
2020-07-12T20:00:00Z,29.0,29.0,,,0.0,0.0,,,,,,,,,,,3.526,3.522,3.527,,,,232.276,0.0,0.0,,,,,298.138,296.0,301.0,,,0.0,19514.0,19542.0,0.0,0.0,0.0,0.0,0.0,0.0,29.0,0.0,0.0,0.0,29.0,0.0,0.0,0.0,0.0,0.0,"solar2_v,lipo2_v"
2020-07-12T21:00:00Z,30.0,30.0,,,0.0,0.0,,,,,,,,,,,3.525,3.524,3.526,,,,232.367,0.0,0.0,,,,,296.567,295.0,298.0,,,0.0,19543.0,19572.0,0.0,0.0,0.0,0.0,0.0,0.0,30.0,0.0,0.0,0.0,30.0,0.0,0.0,0.0,0.0,0.0,"solar2_v,lipo2_v"
2020-07-12T22:00:00Z,29.0,29.0,,,0.0,0.0,,,,,,,,,,,3.525,3.522,3.526,,,,232.448,0.0,0.0,,,,,294.552,293.0,297.0,,,0.0,19573.0,19601.0,0.0,0.0,0.0,0.0,0.0,0.0,29.0,0.0,0.0,0.0,29.0,0.0,0.0,0.0,0.0,0.0,"solar2_v,lipo2_v"
2020-07-12T23:00:00Z,30.0,30.0,,,0.033,0.337,,,,,,,,,,,3.524,3.522,3.526,,,,232.167,0.0,0.0,,,,,299.267,295.0,301.0,,,0.0,19602.0,19631.0,0.0,3.0,0.0,0.0,0.0,0.0,30.0,0.0,0.0,0.0,30.0,0.0,0.0,0.0,0.0,0.0,"solar2_v,lipo2_v"
2020-07-13T00:00:00Z,29.0,29.0,,,0.482,0.734,,,,,,,,,,,3.524,3.522,3.526,,,,230.517,0.0,0.0,,,,,311.0,302.0,320.0,,,0.0,19632.0,19660.0,0.0,29.0,0.0,0.0,0.0,0.0,29.0,0.0,0.0,0.0,29.0,0.0,0.0,0.0,0.0,0.0,"solar2_v,lipo2_v"
2020-07-13T01:00:00Z,30.0,30.0,,,2.098,4.916,,,,,,,,,,,3.524,3.521,3.526,,,,225.3,0.0,0.0,,,,,366.6,321.0,473.0,,,0.0,19661.0,19690.0,0.0,30.0,0.0,0.0,0.0,0.0,30.0,0.0,0.0,0.0,30.0,0.0,0.0,0.0,0.0,0.0,"solar2_v,lipo2_v"
2020-07-13T02:00:00Z,29.0,29.0,,,3.346,5.323,,,,,,,,,,,3.526,3.526,3.527,,,,216.793,0.0,0.0,,,,,465.103,433.0,479.0,,,0.0,19691.0,19719.0,0.0,29.0,0.0,0.0,0.0,0.0,29.0,0.0,0.0,0.0,29.0,0.0,0.0,0.0,0.0,0.0,"solar2_v,lipo2_v"
2020-07-13T03:00:00Z,29.0,29.0,,,3.214,5.244,,,,,,,,,,,3.525,3.524,3.527,,,,219.379,0.0,0.0,,,,,432.586,395.0,485.0,,,0.0,19720.0,19748.0,0.0,29.0,0.0,0.0,0.0,0.0,29.0,0.0,0.0,0.0,29.0,0.0,0.0,0.0,0.0,0.0,"solar2_v,lipo2_v"
2020-07-13T04:00:00Z,30.0,30.0,,,4.032,5.351,,,,,,,,,,,3.525,3.522,3.526,,,,215.233,0.0,0.0,,,,,473.533,432.0,493.0,,,0.0,19749.0,19778.0,0.0,30.0,0.0,0.0,0.0,0.0,30.0,0.0,0.0,0.0,30.0,0.0,0.0,0.0,0.0,0.0,"solar2_v,lipo2_v"
2020-07-13T05:00:00Z,29.0,29.0,,,4.134,5.121,,,,,,,,,,,3.523,3.521,3.524,,,,215.793,0.0,0.0,,,,,468.552,423.0,497.0,,,0.0,19779.0,19807.0,0.0,29.0,0.0,0.0,0.0,0.0,29.0,0.0,0.0,0.0,29.0,0.0,0.0,0.0,0.0,0.0,"solar2_v,lipo2_v"
2020-07-13T06:00:00Z,28.0,28.0,,,2.519,5.276,,,,,,,,,,,3.522,3.521,3.526,,,,219.214,0.0,0.0,,,,,433.5,352.0,492.0,,,0.0,19808.0,19837.0,0.0,28.0,0.0,0.0,0.0,0.0,28.0,0.0,0.0,0.0,28.0,0.0,0.0,0.0,0.0,0.0,"solar2_v,lipo2_v"
2020-07-13T07:00:00Z,26.0,26.0,,,0.077,0.438,,,,,,,,,,,3.519,3.517,3.521,,,,228.923,0.0,0.0,,,,,324.615,316.0,345.0,,,0.0,19838.0,19866.0,0.0,5.0,0.0,0.0,0.0,0.0,26.0,0.0,0.0,0.0,26.0,0.0,0.0,0.0,0.0,0.0,"solar2_v,lipo2_v"
2020-07-13T08:00:00Z,27.0,27.0,,,0.0,0.0,,,,,,,,,,,3.517,3.516,3.519,,,,231.259,0.0,0.0,,,,,305.852,301.0,315.0,,,0.0,19867.0,19895.0,0.0,0.0,0.0,0.0,0.0,0.0,27.0,0.0,0.0,0.0,27.0,0.0,0.0,0.0,0.0,0.0,"solar2_v,lipo2_v"
2020-07-13T09:00:00Z,29.0,29.0,,,0.28,0.397,,,,,,,,,,,3.517,3.514,3.519,,,,231.724,0.0,0.0,,,,,304.31,302.0,306.0,,,0.0,19896.0,19925.0,0.0,21.0,0.0,0.0,0.0,0.0,29.0,0.0,0.0,0.0,29.0,0.0,0.0,0.0,0.0,0.0,"solar2_v,lipo2_v"
2020-07-13T10:00:00Z,29.0,29.0,,,0.035,0.341,,,,,,,,,,,3.516,3.514,3.517,,,,231.241,0.0,0.0,,,,,305.862,304.0,308.0,,,0.0,19926.0,19954.0,0.0,3.0,0.0,0.0,0.0,0.0,29.0,0.0,0.0,0.0,29.0,0.0,0.0,0.0,0.0,0.0,"solar2_v,lipo2_v"
2020-07-13T11:00:00Z,30.0,30.0,,,0.0,0.0,,,,,,,,,,,3.514,3.512,3.516,,,,231.533,0.0,0.0,,,,,303.933,302.0,306.0,,,0.0,19955.0,19984.0,0.0,0.0,0.0,0.0,0.0,0.0,30.0,0.0,0.0,0.0,30.0,0.0,0.0,0.0,0.0,0.0,"solar2_v,lipo2_v"
2020-07-13T12:00:00Z,29.0,29.0,,,0.0,0.0,,,,,,,,,,,3.513,3.512,3.516,,,,231.483,0.0,0.0,,,,,305.138,303.0,306.0,,,0.0,19985.0,20013.0,0.0,0.0,0.0,0.0,0.0,0.0,29.0,0.0,0.0,0.0,29.0,0.0,0.0,0.0,0.0,0.0,"solar2_v,lipo2_v"
2020-07-13T13:00:00Z,29.0,29.0,,,0.0,0.0,,,,,,,,,,,3.512,3.509,3.514,,,,231.69,0.0,0.0,,,,,304.724,301.0,307.0,,,0.0,20014.0,20042.0,0.0,0.0,0.0,0.0,0.0,0.0,29.0,0.0,0.0,0.0,29.0,0.0,0.0,0.0,0.0,0.0,"solar2_v,lipo2_v"
2020-07-13T14:00:00Z,30.0,30.0,,,0.0,0.0,,,,,,,,,,,3.511,3.509,3.512,,,,232.333,0.0,0.0,,,,,301.0,301.0,301.0,,,0.0,20043.0,20072.0,0.0,0.0,0.0,0.0,0.0,0.0,30.0,0.0,0.0,0.0,30.0,0.0,0.0,0.0,0.0,0.0,"solar2_v,lipo2_v"
2020-07-13T15:00:00Z,28.0,28.0,,,0.0,0.0,,,,,,,,,,,3.51,3.508,3.512,,,,231.929,0.0,0.0,,,,,301.0,301.0,301.0,,,0.0,20073.0,20101.0,0.0,0.0,0.0,0.0,0.0,0.0,28.0,0.0,0.0,0.0,28.0,0.0,0.0,0.0,0.0,0.0,"solar2_v,lipo2_v"
2020-07-13T16:00:00Z,30.0,30.0,,,0.0,0.0,,,,,,,,,,,3.509,3.508,3.511,,,,231.733,0.0,0.0,,,,,301.0,301.0,301.0,,,0.0,20102.0,20131.0,0.0,0.0,0.0,0.0,0.0,0.0,30.0,0.0,0.0,0.0,30.0,0.0,0.0,0.0,0.0,0.0,"solar2_v,lipo2_v"
2020-07-13T17:00:00Z,29.0,29.0,,,0.0,0.0,,,,,,,,,,,3.508,3.506,3.509,,,,232.172,0.0,0.0,,,,,299.103,296.0,301.0,,,0.0,20132.0,20160.0,0.0,0.0,0.0,0.0,0.0,0.0,29.0,0.0,0.0,0.0,29.0,0.0,0.0,0.0,0.0,0.0,"solar2_v,lipo2_v"
2020-07-13T18:00:00Z,30.0,30.0,,,0.0,0.0,,,,,,,,,,,3.507,3.504,3.508,,,,232.3,0.0,0.0,,,,,300.0,296.0,301.0,,,0.0,20161.0,20190.0,0.0,0.0,0.0,0.0,0.0,0.0,30.0,0.0,0.0,0.0,30.0,0.0,0.0,0.0,0.0,0.0,"solar2_v,lipo2_v"
2020-07-13T19:00:00Z,29.0,29.0,,,0.0,0.0,,,,,,,,,,,3.506,3.504,3.508,,,,232.034,0.0,0.0,,,,,301.0,301.0,301.0,,,0.0,20191.0,20219.0,0.0,0.0,0.0,0.0,0.0,0.0,29.0,0.0,0.0,0.0,29.0,0.0,0.0,0.0,0.0,0.0,"solar2_v,lipo2_v"
2020-07-13T20:00:00Z,30.0,30.0,,,0.0,0.0,,,,,,,,,,,3.504,3.503,3.508,,,,232.3,0.0,0.0,,,,,300.333,300.0,301.0,,,0.0,20220.0,20249.0,0.0,0.0,0.0,0.0,0.0,0.0,30.0,0.0,0.0,0.0,30.0,0.0,0.0,0.0,0.0,0.0,"solar2_v,lipo2_v"
2020-07-13T21:00:00Z,29.0,29.0,,,0.0,0.0,,,,,,,,,,,3.504,3.501,3.504,,,,232.31,0.0,0.0,,,,,299.276,298.0,300.0,,,0.0,20250.0,20278.0,0.0,0.0,0.0,0.0,0.0,0.0,29.0,0.0,0.0,0.0,29.0,0.0,0.0,0.0,0.0,0.0,"solar2_v,lipo2_v"
2020-07-13T22:00:00Z,27.0,27.0,,,0.0,0.0,,,,,,,,,,,3.503,3.501,3.504,,,,232.111,0.0,0.0,,,,,299.519,298.0,301.0,,,0.0,20279.0,20307.0,0.0,0.0,0.0,0.0,0.0,0.0,27.0,0.0,0.0,0.0,27.0,0.0,0.0,0.0,0.0,0.0,"solar2_v,lipo2_v"
2020-07-13T23:00:00Z,30.0,30.0,,,0.067,0.508,,,,,,,,,,,3.502,3.501,3.503,,,,231.833,0.0,0.0,,,,,303.067,301.0,311.0,,,0.0,20308.0,20337.0,0.0,5.0,0.0,0.0,0.0,0.0,30.0,0.0,0.0,0.0,30.0,0.0,0.0,0.0,0.0,0.0,"solar2_v,lipo2_v"
2020-07-14T00:00:00Z,29.0,29.0,,,0.515,0.82,,,,,,,,,,,3.502,3.501,3.503,,,,230.276,0.0,0.0,,,,,315.034,312.0,321.0,,,0.0,20338.0,20366.0,0.0,29.0,0.0,0.0,0.0,0.0,29.0,0.0,0.0,0.0,29.0,0.0,0.0,0.0,0.0,0.0,"solar2_v,lipo2_v"
2020-07-14T01:00:00Z,28.0,28.0,,,2.207,4.331,,,,,,,,,,,3.501,3.501,3.503,,,,224.5,0.0,0.0,,,,,376.321,323.0,478.0,,,0.0,20367.0,20395.0,0.0,28.0,0.0,0.0,0.0,0.0,28.0,0.0,0.0,0.0,28.0,0.0,0.0,0.0,0.0,0.0,"solar2_v,lipo2_v"
2020-07-14T02:00:00Z,29.0,29.0,,,4.582,4.975,,,,,,,,,,,3.502,3.501,3.503,,,,214.31,0.0,0.0,,,,,492.586,479.0,503.0,,,0.0,20396.0,20425.0,0.0,29.0,0.0,0.0,0.0,0.0,29.0,0.0,0.0,0.0,29.0,0.0,0.0,0.0,0.0,0.0,"solar2_v,lipo2_v"
2020-07-14T03:00:00Z,29.0,29.0,,,4.808,5.226,,,,,,,,,,,3.501,3.501,3.503,,,,213.31,0.0,0.0,,,,,493.448,480.0,508.0,,,0.0,20426.0,20454.0,0.0,29.0,0.0,0.0,0.0,0.0,29.0,0.0,0.0,0.0,29.0,0.0,0.0,0.0,0.0,0.0,"solar2_v,lipo2_v"
2020-07-14T04:00:00Z,27.0,27.0,,,4.642,5.194,,,,,,,,,,,3.501,3.499,3.501,,,,214.704,0.0,0.0,,,,,479.407,447.0,494.0,,,0.0,20455.0,20483.0,0.0,27.0,0.0,0.0,0.0,0.0,27.0,0.0,0.0,0.0,27.0,0.0,0.0,0.0,0.0,0.0,"solar2_v,lipo2_v"
2020-07-14T05:00:00Z,29.0,29.0,,,2.816,5.508,,,,,,,,,,,3.499,3.499,3.501,,,,220.517,0.0,0.0,,,,,421.138,407.0,438.0,,,0.0,20485.0,20513.0,0.0,29.0,0.0,0.0,0.0,0.0,29.0,0.0,0.0,0.0,29.0,0.0,0.0,0.0,0.0,0.0,"solar2_v,lipo2_v"
2020-07-14T06:00:00Z,29.0,29.0,,,3.395,5.561,,,,,,,,,,,3.499,3.498,3.499,,,,219.552,0.0,0.0,,,,,427.034,399.0,478.0,,,0.0,20514.0,20542.0,0.0,29.0,0.0,0.0,0.0,0.0,29.0,0.0,0.0,0.0,29.0,0.0,0.0,0.0,0.0,0.0,"solar2_v,lipo2_v"
2020-07-14T07:00:00Z,30.0,30.0,,,4.014,5.325,,,,,,,,,,,3.498,3.496,3.499,,,,217.5,0.0,0.0,,,,,459.067,443.0,473.0,,,0.0,20543.0,20572.0,0.0,30.0,0.0,0.0,0.0,0.0,30.0,0.0,0.0,0.0,30.0,0.0,0.0,0.0,0.0,0.0,"solar2_v,lipo2_v"
2020-07-14T08:00:00Z,29.0,29.0,,,1.905,4.802,,,,,,,,,,,3.496,3.494,3.498,,,,219.586,0.0,0.0,,,,,429.793,386.0,471.0,,,0.0,20573.0,20601.0,0.0,29.0,0.0,0.0,0.0,0.0,29.0,0.0,0.0,0.0,29.0,0.0,0.0,0.0,0.0,0.0,"solar2_v,lipo2_v"
2020-07-14T09:00:00Z,30.0,30.0,,,0.515,0.872,,,,,,,,,,,3.494,3.491,3.496,,,,224.567,0.0,0.0,,,,,371.4,367.0,384.0,,,0.0,20602.0,20631.0,0.0,30.0,0.0,0.0,0.0,0.0,30.0,0.0,0.0,0.0,30.0,0.0,0.0,0.0,0.0,0.0,"solar2_v,lipo2_v"
2020-07-14T10:00:00Z,29.0,29.0,,,0.011,0.326,,,,,,,,,,,3.492,3.489,3.494,,,,226.069,0.0,0.0,,,,,359.966,354.0,367.0,,,0.0,20632.0,20660.0,0.0,1.0,0.0,0.0,0.0,0.0,29.0,0.0,0.0,0.0,29.0,0.0,0.0,0.0,0.0,0.0,"solar2_v,lipo2_v"
2020-07-14T11:00:00Z,30.0,30.0,,,0.0,0.0,,,,,,,,,,,3.489,3.484,3.491,,,,226.933,0.0,0.0,,,,,352.4,349.0,354.0,,,0.0,20661.0,20690.0,0.0,0.0,0.0,0.0,0.0,0.0,30.0,0.0,0.0,0.0,30.0,0.0,0.0,0.0,0.0,0.0,"solar2_v,lipo2_v"
2020-07-14T12:00:00Z,25.0,25.0,,,0.0,0.0,,,,,,,,,,,3.484,3.479,3.488,,,,227.64,0.0,0.0,,,,,340.8,332.0,349.0,,,0.0,20691.0,20719.0,0.0,0.0,0.0,0.0,0.0,0.0,25.0,0.0,0.0,0.0,25.0,0.0,0.0,0.0,0.0,0.0,"solar2_v,lipo2_v"
2020-07-14T13:00:00Z,29.0,29.0,,,0.0,0.0,,,,,,,,,,,3.479,3.476,3.483,,,,228.241,0.0,0.0,,,,,330.621,330.0,332.0,,,0.0,20720.0,20748.0,0.0,0.0,0.0,0.0,0.0,0.0,29.0,0.0,0.0,0.0,29.0,0.0,0.0,0.0,0.0,0.0,"solar2_v,lipo2_v"
2020-07-14T14:00:00Z,29.0,29.0,,,0.0,0.0,,,,,,,,,,,3.477,3.475,3.479,,,,228.552,0.0,0.0,,,,,326.31,312.0,334.0,,,0.0,20749.0,20778.0,0.0,0.0,0.0,0.0,0.0,0.0,29.0,0.0,0.0,0.0,29.0,0.0,0.0,0.0,0.0,0.0,"solar2_v,lipo2_v"
2020-07-14T15:00:00Z,29.0,29.0,,,0.0,0.0,,,,,,,,,,,3.473,3.471,3.475,,,,233.724,0.0,0.0,,,,,274.931,267.0,303.0,,,0.0,20779.0,20807.0,0.0,0.0,0.0,0.0,0.0,0.0,29.0,0.0,0.0,0.0,29.0,0.0,0.0,0.0,0.0,0.0,"solar2_v,lipo2_v"
2020-07-14T16:00:00Z,28.0,28.0,,,0.0,0.0,,,,,,,,,,,3.469,3.466,3.471,,,,233.857,0.0,0.0,,,,,270.857,269.0,273.0,,,0.0,20808.0,20837.0,0.0,0.0,0.0,0.0,0.0,0.0,28.0,0.0,0.0,0.0,28.0,0.0,0.0,0.0,0.0,0.0,"solar2_v,lipo2_v"
2020-07-14T17:00:00Z,29.0,29.0,,,0.0,0.0,,,,,,,,,,,3.464,3.461,3.468,,,,234.0,0.0,0.0,,,,,272.414,269.0,274.0,,,0.0,20838.0,20866.0,0.0,0.0,0.0,0.0,0.0,0.0,29.0,0.0,0.0,0.0,29.0,0.0,0.0,0.0,0.0,0.0,"solar2_v,lipo2_v"
2020-07-14T18:00:00Z,29.0,29.0,,,0.0,0.0,,,,,,,,,,,3.459,3.456,3.461,,,,234.448,0.0,0.0,,,,,270.172,267.0,273.0,,,0.0,20867.0,20895.0,0.0,0.0,0.0,0.0,0.0,0.0,29.0,0.0,0.0,0.0,29.0,0.0,0.0,0.0,0.0,0.0,"solar2_v,lipo2_v"
2020-07-14T19:00:00Z,30.0,30.0,,,0.0,0.0,,,,,,,,,,,3.455,3.451,3.458,,,,234.067,0.0,0.0,,,,,273.2,269.0,275.0,,,0.0,20896.0,20925.0,0.0,0.0,0.0,0.0,0.0,0.0,30.0,0.0,0.0,0.0,30.0,0.0,0.0,0.0,0.0,0.0,"solar2_v,lipo2_v"
2020-07-14T20:00:00Z,29.0,29.0,,,0.0,0.0,,,,,,,,,,,3.45,3.448,3.453,,,,234.0,0.0,0.0,,,,,273.69,273.0,274.0,,,0.0,20926.0,20954.0,0.0,0.0,0.0,0.0,0.0,0.0,29.0,0.0,0.0,0.0,29.0,0.0,0.0,0.0,0.0,0.0,"solar2_v,lipo2_v"
2020-07-14T21:00:00Z,30.0,30.0,,,0.0,0.0,,,,,,,,,,,3.447,3.446,3.448,,,,233.5,0.0,0.0,,,,,274.0,274.0,274.0,,,0.0,20955.0,20984.0,0.0,0.0,0.0,0.0,0.0,0.0,30.0,0.0,0.0,0.0,30.0,0.0,0.0,0.0,0.0,0.0,"solar2_v,lipo2_v"
2020-07-14T22:00:00Z,28.0,28.0,,,0.0,0.0,,,,,,,,,,,3.445,3.443,3.446,,,,233.464,0.0,0.0,,,,,275.0,274.0,277.0,,,0.0,20985.0,21013.0,0.0,0.0,0.0,0.0,0.0,0.0,28.0,0.0,0.0,0.0,28.0,0.0,0.0,0.0,0.0,0.0,"solar2_v,lipo2_v"
2020-07-14T23:00:00Z,29.0,29.0,,,0.03,0.444,,,,,,,,,,,3.44,3.437,3.443,,,,233.379,0.0,0.0,,,,,277.966,274.0,282.0,,,0.0,21014.0,21043.0,0.0,2.0,0.0,0.0,0.0,0.0,29.0,0.0,0.0,0.0,29.0,0.0,0.0,0.0,0.0,0.0,"solar2_v,lipo2_v"
2020-07-15T00:00:00Z,27.0,27.0,,,1.161,1.838,,,,,,,,,,,3.435,3.43,3.438,,,,231.667,0.0,0.0,,,,,299.222,282.0,321.0,,,0.0,21044.0,21072.0,0.0,27.0,0.0,0.0,0.0,0.0,27.0,0.0,0.0,0.0,27.0,0.0,0.0,0.0,0.0,0.0,"solar2_v,lipo2_v"
2020-07-15T01:00:00Z,29.0,29.0,,,2.469,4.754,,,,,,,,,,,3.428,3.425,3.432,,,,225.724,0.0,0.0,,,,,359.552,324.0,406.0,,,0.0,21073.0,21101.0,0.0,29.0,0.0,0.0,0.0,0.0,29.0,0.0,0.0,0.0,29.0,0.0,0.0,0.0,0.0,0.0,"solar2_v,lipo2_v"
2020-07-15T02:00:00Z,29.0,29.0,,,2.91,5.351,,,,,,,,,,,3.423,3.42,3.425,,,,224.586,0.0,0.0,,,,,370.69,353.0,406.0,,,0.0,21102.0,21131.0,0.0,29.0,0.0,0.0,0.0,0.0,29.0,0.0,0.0,0.0,29.0,0.0,0.0,0.0,0.0,0.0,"solar2_v,lipo2_v"
2020-07-15T03:00:00Z,29.0,29.0,,,4.235,5.236,,,,,,,,,,,3.417,3.413,3.42,,,,218.69,0.0,0.0,,,,,437.034,407.0,467.0,,,0.0,21132.0,21160.0,0.0,29.0,0.0,0.0,0.0,0.0,29.0,0.0,0.0,0.0,29.0,0.0,0.0,0.0,0.0,0.0,"solar2_v,lipo2_v"
2020-07-15T04:00:00Z,28.0,28.0,,,3.335,4.9,,,,,,,,,,,3.41,3.405,3.415,,,,221.321,0.0,0.0,,,,,408.821,396.0,442.0,,,0.0,21161.0,21189.0,0.0,28.0,0.0,0.0,0.0,0.0,28.0,0.0,0.0,0.0,28.0,0.0,0.0,0.0,0.0,0.0,"solar2_v,lipo2_v"
2020-07-15T05:00:00Z,30.0,30.0,,,4.169,5.22,,,,,,,,,,,3.403,3.399,3.407,,,,220.1,0.0,0.0,,,,,422.367,394.0,452.0,,,0.0,21190.0,21219.0,0.0,30.0,0.0,0.0,0.0,0.0,30.0,0.0,0.0,0.0,30.0,0.0,0.0,0.0,0.0,0.0,"solar2_v,lipo2_v"
2020-07-15T06:00:00Z,29.0,29.0,,,3.34,5.116,,,,,,,,,,,3.397,3.395,3.402,,,,218.966,0.0,0.0,,,,,434.345,408.0,461.0,,,0.0,21220.0,21248.0,0.0,29.0,0.0,0.0,0.0,0.0,29.0,0.0,0.0,0.0,29.0,0.0,0.0,0.0,0.0,0.0,"solar2_v,lipo2_v"
2020-07-15T07:00:00Z,30.0,30.0,,,2.209,3.595,,,,,,,,,,,3.394,3.392,3.395,,,,222.767,0.0,0.0,,,,,395.1,388.0,407.0,,,0.0,21249.0,21278.0,0.0,30.0,0.0,0.0,0.0,0.0,30.0,0.0,0.0,0.0,30.0,0.0,0.0,0.0,0.0,0.0,"solar2_v,lipo2_v"
2020-07-15T08:00:00Z,29.0,29.0,,,1.588,2.509,,,,,,,,,,,3.391,3.389,3.394,,,,223.241,0.0,0.0,,,,,383.69,379.0,389.0,,,0.0,21279.0,21307.0,0.0,29.0,0.0,0.0,0.0,0.0,29.0,0.0,0.0,0.0,29.0,0.0,0.0,0.0,0.0,0.0,"solar2_v,lipo2_v"
2020-07-15T09:00:00Z,29.0,29.0,,,0.739,0.969,,,,,,,,,,,3.383,3.377,3.389,,,,224.724,0.0,0.0,,,,,368.103,364.0,376.0,,,0.0,21308.0,21336.0,0.0,29.0,0.0,0.0,0.0,0.0,29.0,0.0,0.0,0.0,29.0,0.0,0.0,0.0,0.0,0.0,"solar2_v,lipo2_v"
2020-07-15T10:00:00Z,28.0,28.0,,,0.075,0.365,,,,,,,,,,,3.375,3.369,3.379,,,,226.464,0.0,0.0,,,,,353.107,348.0,362.0,,,0.0,21337.0,21366.0,0.0,6.0,0.0,0.0,0.0,0.0,28.0,0.0,0.0,0.0,28.0,0.0,0.0,0.0,0.0,0.0,"solar2_v,lipo2_v"
2020-07-15T11:00:00Z,26.0,26.0,,,0.0,0.0,,,,,,,,,,,3.365,3.359,3.371,,,,227.769,0.0,0.0,,,,,339.769,334.0,347.0,,,0.0,21367.0,21395.0,0.0,0.0,0.0,0.0,0.0,0.0,26.0,0.0,0.0,0.0,26.0,0.0,0.0,0.0,0.0,0.0,"solar2_v,lipo2_v"
2020-07-15T12:00:00Z,28.0,28.0,,,0.0,0.0,,,,,,,,,,,3.355,3.349,3.361,,,,228.107,0.0,0.0,,,,,330.571,323.0,335.0,,,0.0,21396.0,21424.0,0.0,0.0,0.0,0.0,0.0,0.0,28.0,0.0,0.0,0.0,28.0,0.0,0.0,0.0,0.0,0.0,"solar2_v,lipo2_v"
2020-07-15T13:00:00Z,29.0,29.0,,,0.0,0.0,,,,,,,,,,,3.346,3.343,3.351,,,,228.276,0.0,0.0,,,,,319.724,318.0,323.0,,,0.0,21425.0,21454.0,0.0,0.0,0.0,0.0,0.0,0.0,29.0,0.0,0.0,0.0,29.0,0.0,0.0,0.0,0.0,0.0,"solar2_v,lipo2_v"
2020-07-15T14:00:00Z,28.0,28.0,,,0.0,0.0,,,,,,,,,,,3.342,3.339,3.343,,,,227.821,0.0,0.0,,,,,318.536,315.0,321.0,,,0.0,21455.0,21483.0,0.0,0.0,0.0,0.0,0.0,0.0,28.0,0.0,0.0,0.0,28.0,0.0,0.0,0.0,0.0,0.0,"solar2_v,lipo2_v"
2020-07-15T15:00:00Z,29.0,29.0,,,0.0,0.0,,,,,,,,,,,3.336,3.331,3.341,,,,226.897,0.0,0.0,,,,,314.897,314.0,316.0,,,0.0,21484.0,21512.0,0.0,0.0,0.0,0.0,0.0,0.0,29.0,0.0,0.0,0.0,29.0,0.0,0.0,0.0,0.0,0.0,"solar2_v,lipo2_v"
2020-07-15T16:00:00Z,29.0,29.0,,,0.0,0.0,,,,,,,,,,,3.326,3.321,3.331,,,,225.0,0.0,0.0,,,,,316.276,314.0,320.0,,,0.0,21513.0,21541.0,0.0,0.0,0.0,0.0,0.0,0.0,29.0,0.0,0.0,0.0,29.0,0.0,0.0,0.0,0.0,0.0,"solar2_v,lipo2_v"
2020-07-15T17:00:00Z,27.0,27.0,,,0.0,0.0,,,,,,,,,,,3.314,3.31,3.321,,,,223.519,0.0,0.0,,,,,309.704,307.0,314.0,,,0.0,21543.0,21571.0,0.0,0.0,0.0,0.0,0.0,0.0,27.0,0.0,0.0,0.0,27.0,0.0,0.0,0.0,0.0,0.0,"solar2_v,lipo2_v"
2020-07-15T18:00:00Z,30.0,30.0,,,0.0,0.0,,,,,,,,,,,3.305,3.3,3.311,,,,222.833,0.0,0.0,,,,,304.333,302.0,308.0,,,0.0,21572.0,21601.0,0.0,0.0,0.0,0.0,0.0,0.0,30.0,0.0,0.0,0.0,30.0,0.0,0.0,0.0,0.0,0.0,"solar2_v,lipo2_v"
2020-07-15T19:00:00Z,29.0,29.0,,,0.0,0.0,,,,,,,,,,,3.295,3.291,3.3,,,,221.241,0.0,0.0,,,,,302.103,301.0,303.0,,,0.0,21602.0,21630.0,0.0,0.0,0.0,0.0,0.0,0.0,29.0,0.0,0.0,0.0,29.0,0.0,0.0,0.0,0.0,0.0,"solar2_v,lipo2_v"
2020-07-15T20:00:00Z,28.0,28.0,,,0.0,0.0,,,,,,,,,,,3.288,3.283,3.291,,,,219.357,0.0,0.0,,,,,301.0,300.0,302.0,,,0.0,21631.0,21659.0,0.0,0.0,0.0,0.0,0.0,0.0,28.0,0.0,0.0,0.0,28.0,0.0,0.0,0.0,0.0,0.0,"solar2_v,lipo2_v"
2020-07-15T21:00:00Z,30.0,30.0,,,0.0,0.0,,,,,,,,,,,3.278,3.272,3.285,,,,217.767,0.0,0.0,,,,,300.633,300.0,301.0,,,0.0,21660.0,21689.0,0.0,0.0,0.0,0.0,0.0,0.0,30.0,0.0,0.0,0.0,30.0,0.0,0.0,0.0,0.0,0.0,"solar2_v,lipo2_v"
2020-07-15T22:00:00Z,29.0,29.0,,,0.0,0.0,,,,,,,,,,,3.267,3.262,3.272,,,,214.828,0.0,0.0,,,,,301.034,301.0,302.0,,,0.0,21690.0,21718.0,0.0,0.0,0.0,0.0,0.0,0.0,29.0,0.0,0.0,0.0,29.0,0.0,0.0,0.0,0.0,0.0,"solar2_v,lipo2_v"
2020-07-15T23:00:00Z,30.0,30.0,,,0.0,0.0,,,,,,,,,,,3.256,3.25,3.262,,,,212.567,0.0,0.0,,,,,302.467,301.0,304.0,,,0.0,21719.0,21748.0,0.0,0.0,0.0,0.0,0.0,0.0,30.0,0.0,0.0,0.0,30.0,0.0,0.0,0.0,0.0,0.0,"solar2_v,lipo2_v"
2020-07-16T00:00:00Z,29.0,29.0,,,0.18,0.524,,,,,,,,,,,3.243,3.239,3.248,,,,209.793,0.0,0.0,,,,,305.931,304.0,310.0,,,0.0,21749.0,21777.0,0.0,13.0,0.0,0.0,0.0,0.0,29.0,0.0,0.0,0.0,29.0,0.0,0.0,0.0,0.0,0.0,"solar2_v,lipo2_v"
2020-07-16T01:00:00Z,28.0,28.0,,,0.962,4.577,,,,,,,,,,,3.234,3.229,3.239,,,,207.036,0.0,0.0,,,,,308.143,298.0,315.0,,,0.0,21778.0,21806.0,0.0,28.0,0.0,0.0,0.0,0.0,28.0,0.0,0.0,0.0,28.0,0.0,0.0,0.0,0.0,0.0,"solar2_v,lipo2_v"
2020-07-16T02:00:00Z,29.0,29.0,,,0.983,2.652,,,,,,,,,,,3.221,3.214,3.229,,,,204.069,0.0,0.0,,,,,312.483,306.0,322.0,,,0.0,21807.0,21836.0,0.0,28.0,0.0,0.0,0.0,0.0,29.0,0.0,0.0,0.0,29.0,0.0,0.0,0.0,0.0,0.0,"solar2_v,lipo2_v"
2020-07-16T03:00:00Z,29.0,29.0,,,3.025,4.915,,,,,,,,,,,3.207,3.201,3.214,,,,199.414,0.0,0.0,,,,,333.517,307.0,382.0,,,0.0,21837.0,21865.0,0.0,29.0,0.0,0.0,0.0,0.0,29.0,0.0,0.0,0.0,29.0,0.0,0.0,0.0,0.0,0.0,"solar2_v,lipo2_v"
2020-07-16T04:00:00Z,30.0,30.0,,,4.349,5.153,,,,,,,,,,,3.193,3.186,3.202,,,,189.867,0.0,0.0,,,,,401.2,386.0,433.0,,,0.0,21866.0,21895.0,0.0,30.0,0.0,0.0,0.0,0.0,30.0,0.0,0.0,0.0,30.0,0.0,0.0,0.0,0.0,0.0,"solar2_v,lipo2_v"
2020-07-16T05:00:00Z,29.0,29.0,,,4.804,5.131,,,,,,,,,,,3.179,3.169,3.186,,,,182.414,0.0,0.0,,,,,445.862,426.0,461.0,,,0.0,21896.0,21924.0,0.0,29.0,0.0,0.0,0.0,0.0,29.0,0.0,0.0,0.0,29.0,0.0,0.0,0.0,0.0,0.0,"solar2_v,lipo2_v"
2020-07-16T06:00:00Z,28.0,28.0,,,4.53,5.28,,,,,,,,,,,3.149,3.131,3.168,,,,174.107,0.0,0.0,,,,,430.571,407.0,458.0,,,0.0,1.0,21938.0,0.0,28.0,0.0,0.0,0.0,0.0,28.0,0.0,0.0,0.0,28.0,0.0,0.0,0.0,0.0,0.0,"solar2_v,lipo2_v"
2020-07-16T07:00:00Z,29.0,29.0,,,4.621,5.59,,,,,,,,,,,3.121,3.108,3.13,,,,164.31,0.0,0.0,,,,,452.034,423.0,471.0,,,0.0,1.0,1.0,0.0,29.0,0.0,0.0,0.0,0.0,29.0,0.0,0.0,0.0,29.0,0.0,0.0,0.0,0.0,0.0,"solar2_v,lipo2_v"
2020-07-16T08:00:00Z,29.0,29.0,,,2.039,5.036,,,,,,,,,,,3.096,3.082,3.108,,,,164.379,0.0,0.0,,,,,418.414,355.0,474.0,,,0.0,1.0,1.0,0.0,29.0,0.0,0.0,0.0,0.0,29.0,0.0,0.0,0.0,29.0,0.0,0.0,0.0,0.0,0.0,"solar2_v,lipo2_v"
2020-07-16T09:00:00Z,28.0,28.0,,,0.484,1.73,,,,,,,,,,,3.07,3.052,3.082,,,,165.429,0.0,0.0,,,,,346.107,334.0,354.0,,,0.0,1.0,1.0,0.0,19.0,0.0,0.0,0.0,0.0,28.0,0.0,0.0,0.0,28.0,0.0,0.0,0.0,0.0,0.0,"solar2_v,lipo2_v"
2020-07-16T10:00:00Z,30.0,30.0,,,0.0,0.0,,,,,,,,,,,3.037,3.024,3.052,,,,159.5,0.0,0.0,,,,,381.233,329.0,633.0,,,0.0,1.0,1.0,0.0,0.0,0.0,0.0,0.0,0.0,30.0,0.0,0.0,0.0,30.0,0.0,0.0,0.0,0.0,0.0,"solar2_v,lipo2_v"
2020-07-16T11:00:00Z,28.0,28.0,,,0.0,0.0,,,,,,,,,,,2.999,2.978,3.022,,,,155.357,0.0,0.0,,,,,629.393,623.0,632.0,,,0.0,1.0,1.0,0.0,0.0,0.0,0.0,0.0,0.0,28.0,0.0,0.0,0.0,28.0,0.0,0.0,0.0,0.0,0.0,"solar2_v,lipo2_v"
2020-07-16T12:00:00Z,29.0,29.0,,,0.0,0.0,,,,,,,,,,,2.958,2.938,2.975,,,,155.0,0.0,0.0,,,,,619.793,618.0,623.0,,,0.0,1.0,1.0,0.0,0.0,0.0,0.0,0.0,0.0,29.0,0.0,0.0,0.0,29.0,0.0,0.0,0.0,0.0,0.0,"solar2_v,lipo2_v"
2020-07-16T13:00:00Z,15.0,15.0,,,0.0,0.0,,,,,,,,,,,2.923,2.912,2.935,,,,155.0,0.0,0.0,,,,,613.333,610.0,618.0,,,0.0,1.0,1.0,0.0,0.0,0.0,0.0,0.0,0.0,15.0,0.0,0.0,0.0,15.0,0.0,0.0,0.0,0.0,0.0,"solar2_v,lipo2_v"
2020-09-04T06:00:00Z,16.0,16.0,,,0.0,0.0,,,,,,,,,,,3.47,2.532,3.755,,,,223.375,0.0,0.0,,,,,353.062,349.0,355.0,,,0.0,1.0,16.0,0.0,0.0,0.0,0.0,0.0,0.0,16.0,0.0,0.0,0.0,16.0,0.0,0.0,0.0,0.0,0.0,"solar2_v,lipo2_v"
2020-09-04T07:00:00Z,29.0,29.0,,,0.0,0.0,,,,,,,,,,,3.917,3.763,4.032,,,,228.241,0.0,0.0,,,,,350.276,347.0,353.0,,,0.0,17.0,45.0,0.0,0.0,0.0,0.0,0.0,0.0,29.0,0.0,0.0,0.0,29.0,0.0,0.0,0.0,0.0,0.0,"solar2_v,lipo2_v"
2020-09-04T08:00:00Z,30.0,30.0,,,0.0,0.0,,,,,,,,,,,4.095,4.036,4.135,,,,231.333,0.0,0.0,,,,,343.833,340.0,347.0,,,0.0,46.0,75.0,0.0,0.0,0.0,0.0,0.0,0.0,30.0,0.0,0.0,0.0,30.0,0.0,0.0,0.0,0.0,0.0,"solar2_v,lipo2_v"
2020-09-04T09:00:00Z,29.0,29.0,,,0.0,0.0,,,,,,,,,,,4.147,4.135,4.159,,,,229.345,0.0,0.0,,,,,337.517,334.0,340.0,,,0.0,76.0,104.0,0.0,0.0,0.0,0.0,0.0,0.0,29.0,0.0,0.0,0.0,29.0,0.0,0.0,0.0,0.0,0.0,"solar2_v,lipo2_v"
2020-09-04T10:00:00Z,30.0,30.0,,,0.0,0.0,,,,,,,,,,,4.172,4.159,4.186,,,,232.4,0.0,0.0,,,,,329.5,327.0,335.0,,,0.0,105.0,134.0,0.0,0.0,0.0,0.0,0.0,0.0,30.0,0.0,0.0,0.0,30.0,0.0,0.0,0.0,0.0,0.0,"solar2_v,lipo2_v"
2020-09-04T11:00:00Z,29.0,29.0,,,0.0,0.0,,,,,,,,,,,4.181,4.163,4.189,,,,235.586,0.0,0.0,,,,,326.379,324.0,327.0,,,0.0,135.0,163.0,0.0,0.0,0.0,0.0,0.0,0.0,29.0,0.0,0.0,0.0,29.0,0.0,0.0,0.0,0.0,0.0,"solar2_v,lipo2_v"
2020-09-04T12:00:00Z,30.0,30.0,,,0.0,0.0,,,,,,,,,,,4.158,4.153,4.163,,,,230.133,0.0,0.0,,,,,324.533,324.0,325.0,,,0.0,164.0,193.0,0.0,0.0,0.0,0.0,0.0,0.0,30.0,0.0,0.0,0.0,30.0,0.0,0.0,0.0,0.0,0.0,"solar2_v,lipo2_v"
2020-09-04T13:00:00Z,29.0,29.0,,,0.0,0.0,,,,,,,,,,,4.152,4.148,4.156,,,,229.172,0.0,0.0,,,,,324.966,324.0,325.0,,,0.0,194.0,222.0,0.0,0.0,0.0,0.0,0.0,0.0,29.0,0.0,0.0,0.0,29.0,0.0,0.0,0.0,0.0,0.0,"solar2_v,lipo2_v"
2020-09-04T14:00:00Z,30.0,30.0,,,0.0,0.0,,,,,,,,,,,4.147,4.144,4.149,,,,232.833,0.0,0.0,,,,,325.2,325.0,326.0,,,0.0,223.0,252.0,0.0,0.0,0.0,0.0,0.0,0.0,30.0,0.0,0.0,0.0,30.0,0.0,0.0,0.0,0.0,0.0,"solar2_v,lipo2_v"
2020-09-04T15:00:00Z,29.0,29.0,,,0.0,0.0,,,,,,,,,,,4.144,4.143,4.146,,,,233.241,0.0,0.0,,,,,318.586,314.0,325.0,,,0.0,253.0,281.0,0.0,0.0,0.0,0.0,0.0,0.0,29.0,0.0,0.0,0.0,29.0,0.0,0.0,0.0,0.0,0.0,"solar2_v,lipo2_v"
2020-09-04T16:00:00Z,29.0,29.0,,,0.0,0.0,,,,,,,,,,,4.143,4.141,4.144,,,,239.517,0.0,0.0,,,,,311.276,308.0,314.0,,,0.0,282.0,310.0,0.0,0.0,0.0,0.0,0.0,0.0,29.0,0.0,0.0,0.0,29.0,0.0,0.0,0.0,0.0,0.0,"solar2_v,lipo2_v"
2020-09-04T17:00:00Z,30.0,30.0,,,0.0,0.0,,,,,,,,,,,4.142,4.139,4.143,,,,232.133,0.0,0.0,,,,,316.233,314.0,319.0,,,0.0,311.0,340.0,0.0,0.0,0.0,0.0,0.0,0.0,30.0,0.0,0.0,0.0,30.0,0.0,0.0,0.0,0.0,0.0,"solar2_v,lipo2_v"
2020-09-04T18:00:00Z,29.0,29.0,,,0.0,0.0,,,,,,,,,,,4.14,4.138,4.141,,,,233.207,0.0,0.0,,,,,319.621,318.0,321.0,,,0.0,341.0,369.0,0.0,0.0,0.0,0.0,0.0,0.0,29.0,0.0,0.0,0.0,29.0,0.0,0.0,0.0,0.0,0.0,"solar2_v,lipo2_v"
2020-09-04T19:00:00Z,30.0,30.0,,,0.0,0.0,,,,,,,,,,,4.139,4.138,4.141,,,,231.033,0.0,0.0,,,,,320.167,319.0,321.0,,,0.0,370.0,399.0,0.0,0.0,0.0,0.0,0.0,0.0,30.0,0.0,0.0,0.0,30.0,0.0,0.0,0.0,0.0,0.0,"solar2_v,lipo2_v"
2020-09-04T20:00:00Z,29.0,29.0,,,0.0,0.0,,,,,,,,,,,4.139,4.136,4.141,,,,231.759,0.0,0.0,,,,,320.69,320.0,321.0,,,0.0,400.0,428.0,0.0,0.0,0.0,0.0,0.0,0.0,29.0,0.0,0.0,0.0,29.0,0.0,0.0,0.0,0.0,0.0,"solar2_v,lipo2_v"
2020-09-04T21:00:00Z,30.0,30.0,,,0.0,0.0,,,,,,,,,,,4.138,4.136,4.139,,,,235.833,0.0,0.0,,,,,320.633,320.0,321.0,,,0.0,429.0,458.0,0.0,0.0,0.0,0.0,0.0,0.0,30.0,0.0,0.0,0.0,30.0,0.0,0.0,0.0,0.0,0.0,"solar2_v,lipo2_v"
2020-09-04T22:00:00Z,28.0,28.0,,,0.0,0.0,,,,,,,,,,,4.137,4.135,4.138,,,,235.321,0.0,0.0,,,,,320.107,319.0,321.0,,,0.0,459.0,486.0,0.0,0.0,0.0,0.0,0.0,0.0,28.0,0.0,0.0,0.0,28.0,0.0,0.0,0.0,0.0,0.0,"solar2_v,lipo2_v"
2020-09-05T00:00:00Z,24.0,24.0,,,0.0,0.0,,,,,,,,,,,4.136,4.135,4.138,,,,234.208,0.0,0.0,,,,,320.542,320.0,321.0,,,0.0,523.0,546.0,0.0,0.0,0.0,0.0,0.0,0.0,24.0,0.0,0.0,0.0,24.0,0.0,0.0,0.0,0.0,0.0,"solar2_v,lipo2_v"
2020-09-05T01:00:00Z,30.0,30.0,,,0.0,0.0,,,,,,,,,,,4.135,4.135,4.136,,,,234.567,0.0,0.0,,,,,320.633,320.0,321.0,,,0.0,547.0,576.0,0.0,0.0,0.0,0.0,0.0,0.0,30.0,0.0,0.0,0.0,30.0,0.0,0.0,0.0,0.0,0.0,"solar2_v,lipo2_v"
2020-09-05T02:00:00Z,29.0,29.0,,,0.0,0.0,,,,,,,,,,,4.135,4.135,4.136,,,,230.552,0.0,0.0,,,,,321.0,321.0,321.0,,,0.0,577.0,605.0,0.0,0.0,0.0,0.0,0.0,0.0,29.0,0.0,0.0,0.0,29.0,0.0,0.0,0.0,0.0,0.0,"solar2_v,lipo2_v"
2020-09-05T03:00:00Z,30.0,30.0,,,0.0,0.0,,,,,,,,,,,4.135,4.135,4.136,,,,234.967,0.0,0.0,,,,,319.367,318.0,321.0,,,0.0,606.0,635.0,0.0,0.0,0.0,0.0,0.0,0.0,30.0,0.0,0.0,0.0,30.0,0.0,0.0,0.0,0.0,0.0,"solar2_v,lipo2_v"
2020-09-05T04:00:00Z,29.0,29.0,,,0.0,0.0,,,,,,,,,,,4.135,4.135,4.135,,,,232.103,0.0,0.0,,,,,320.103,319.0,321.0,,,0.0,636.0,664.0,0.0,0.0,0.0,0.0,0.0,0.0,29.0,0.0,0.0,0.0,29.0,0.0,0.0,0.0,0.0,0.0,"solar2_v,lipo2_v"
2020-09-05T05:00:00Z,30.0,30.0,,,0.0,0.0,,,,,,,,,,,4.135,4.133,4.135,,,,234.067,0.0,0.0,,,,,322.033,321.0,323.0,,,0.0,665.0,694.0,0.0,0.0,0.0,0.0,0.0,0.0,30.0,0.0,0.0,0.0,30.0,0.0,0.0,0.0,0.0,0.0,"solar2_v,lipo2_v"
2020-09-05T06:00:00Z,29.0,29.0,,,0.744,1.13,,,,,,,,,,,4.129,4.126,4.135,,,,226.207,0.0,0.0,,,,,373.172,322.0,398.0,,,0.0,1.0,697.0,0.0,25.0,0.0,0.0,0.0,0.0,29.0,0.0,0.0,0.0,29.0,0.0,0.0,0.0,0.0,0.0,"solar2_v,lipo2_v"
2020-09-05T07:00:00Z,30.0,30.0,,,1.113,2.048,,,,,,,,,,,4.128,4.126,4.131,,,,222.633,0.0,0.0,,,,,399.167,395.0,407.0,,,0.0,27.0,56.0,0.0,30.0,0.0,0.0,0.0,0.0,30.0,0.0,0.0,0.0,30.0,0.0,0.0,0.0,0.0,0.0,"solar2_v,lipo2_v"
2020-09-05T08:00:00Z,29.0,29.0,,,0.425,2.012,,,,,,,,,,,4.126,4.123,4.13,,,,224.931,0.0,0.0,,,,,373.724,352.0,407.0,,,0.0,57.0,85.0,0.0,15.0,0.0,0.0,0.0,0.0,29.0,0.0,0.0,0.0,29.0,0.0,0.0,0.0,0.0,0.0,"solar2_v,lipo2_v"
2020-09-05T09:00:00Z,30.0,30.0,,,0.0,0.0,,,,,,,,,,,4.122,4.12,4.125,,,,227.967,0.0,0.0,,,,,340.233,326.0,351.0,,,0.0,86.0,115.0,0.0,0.0,0.0,0.0,0.0,0.0,30.0,0.0,0.0,0.0,30.0,0.0,0.0,0.0,0.0,0.0,"solar2_v,lipo2_v"
2020-09-05T10:00:00Z,29.0,29.0,,,0.0,0.0,,,,,,,,,,,4.118,4.116,4.12,,,,230.172,0.0,0.0,,,,,315.69,303.0,325.0,,,0.0,116.0,144.0,0.0,0.0,0.0,0.0,0.0,0.0,29.0,0.0,0.0,0.0,29.0,0.0,0.0,0.0,0.0,0.0,"solar2_v,lipo2_v"
2020-09-05T11:00:00Z,30.0,30.0,,,0.0,0.0,,,,,,,,,,,4.116,4.115,4.118,,,,231.4,0.0,0.0,,,,,310.467,305.0,314.0,,,0.0,145.0,174.0,0.0,0.0,0.0,0.0,0.0,0.0,30.0,0.0,0.0,0.0,30.0,0.0,0.0,0.0,0.0,0.0,"solar2_v,lipo2_v"
2020-09-05T12:00:00Z,29.0,29.0,,,0.0,0.0,,,,,,,,,,,4.115,4.111,4.116,,,,230.414,0.0,0.0,,,,,314.345,313.0,316.0,,,0.0,175.0,203.0,0.0,0.0,0.0,0.0,0.0,0.0,29.0,0.0,0.0,0.0,29.0,0.0,0.0,0.0,0.0,0.0,"solar2_v,lipo2_v"
2020-09-05T13:00:00Z,30.0,30.0,,,0.0,0.0,,,,,,,,,,,4.113,4.111,4.115,,,,230.533,0.0,0.0,,,,,314.6,314.0,316.0,,,0.0,204.0,233.0,0.0,0.0,0.0,0.0,0.0,0.0,30.0,0.0,0.0,0.0,30.0,0.0,0.0,0.0,0.0,0.0,"solar2_v,lipo2_v"
2020-09-05T14:00:00Z,29.0,29.0,,,0.0,0.0,,,,,,,,,,,4.111,4.108,4.115,,,,230.138,0.0,0.0,,,,,315.345,314.0,316.0,,,0.0,234.0,262.0,0.0,0.0,0.0,0.0,0.0,0.0,29.0,0.0,0.0,0.0,29.0,0.0,0.0,0.0,0.0,0.0,"solar2_v,lipo2_v"
2020-09-05T15:00:00Z,29.0,29.0,,,0.0,0.0,,,,,,,,,,,4.11,4.108,4.111,,,,230.207,0.0,0.0,,,,,314.793,314.0,318.0,,,0.0,263.0,291.0,0.0,0.0,0.0,0.0,0.0,0.0,29.0,0.0,0.0,0.0,29.0,0.0,0.0,0.0,0.0,0.0,"solar2_v,lipo2_v"
2020-09-05T16:00:00Z,30.0,30.0,,,0.0,0.0,,,,,,,,,,,4.108,4.106,4.11,,,,230.233,0.0,0.0,,,,,317.733,315.0,320.0,,,0.0,292.0,321.0,0.0,0.0,0.0,0.0,0.0,0.0,30.0,0.0,0.0,0.0,30.0,0.0,0.0,0.0,0.0,0.0,"solar2_v,lipo2_v"
2020-09-05T17:00:00Z,29.0,29.0,,,0.0,0.0,,,,,,,,,,,4.106,4.105,4.108,,,,231.138,0.0,0.0,,,,,311.345,308.0,315.0,,,0.0,322.0,350.0,0.0,0.0,0.0,0.0,0.0,0.0,29.0,0.0,0.0,0.0,29.0,0.0,0.0,0.0,0.0,0.0,"solar2_v,lipo2_v"
2020-09-05T18:00:00Z,30.0,30.0,,,0.0,0.0,,,,,,,,,,,4.105,4.105,4.106,,,,231.1,0.0,0.0,,,,,307.433,305.0,311.0,,,0.0,351.0,380.0,0.0,0.0,0.0,0.0,0.0,0.0,30.0,0.0,0.0,0.0,30.0,0.0,0.0,0.0,0.0,0.0,"solar2_v,lipo2_v"
2020-09-05T19:00:00Z,29.0,29.0,,,0.0,0.0,,,,,,,,,,,4.105,4.103,4.106,,,,231.103,0.0,0.0,,,,,306.966,304.0,311.0,,,0.0,381.0,409.0,0.0,0.0,0.0,0.0,0.0,0.0,29.0,0.0,0.0,0.0,29.0,0.0,0.0,0.0,0.0,0.0,"solar2_v,lipo2_v"
2020-09-05T20:00:00Z,30.0,30.0,,,0.0,0.0,,,,,,,,,,,4.104,4.102,4.105,,,,231.333,0.0,0.0,,,,,306.1,304.0,308.0,,,0.0,410.0,439.0,0.0,0.0,0.0,0.0,0.0,0.0,30.0,0.0,0.0,0.0,30.0,0.0,0.0,0.0,0.0,0.0,"solar2_v,lipo2_v"
2020-09-05T21:00:00Z,27.0,27.0,,,0.0,0.0,,,,,,,,,,,4.102,4.1,4.105,,,,231.074,0.0,0.0,,,,,306.63,304.0,313.0,,,0.0,440.0,468.0,0.0,0.0,0.0,0.0,0.0,0.0,27.0,0.0,0.0,0.0,27.0,0.0,0.0,0.0,0.0,0.0,"solar2_v,lipo2_v"
2020-09-05T22:00:00Z,29.0,29.0,,,0.0,0.0,,,,,,,,,,,4.101,4.098,4.103,,,,231.483,0.0,0.0,,,,,302.276,301.0,306.0,,,0.0,469.0,497.0,0.0,0.0,0.0,0.0,0.0,0.0,29.0,0.0,0.0,0.0,29.0,0.0,0.0,0.0,0.0,0.0,"solar2_v,lipo2_v"
2020-09-05T23:00:00Z,30.0,30.0,,,0.682,1.661,,,,,,,,,,,4.101,4.098,4.102,,,,230.267,0.0,0.0,,,,,319.2,302.0,350.0,,,0.0,498.0,527.0,0.0,21.0,0.0,0.0,0.0,0.0,30.0,0.0,0.0,0.0,30.0,0.0,0.0,0.0,0.0,0.0,"solar2_v,lipo2_v"
2020-09-06T00:00:00Z,29.0,29.0,,,1.019,2.514,,,,,,,,,,,4.1,4.098,4.102,,,,228.103,0.0,0.0,,,,,343.207,336.0,352.0,,,0.0,528.0,556.0,0.0,29.0,0.0,0.0,0.0,0.0,29.0,0.0,0.0,0.0,29.0,0.0,0.0,0.0,0.0,0.0,"solar2_v,lipo2_v"
2020-09-06T01:00:00Z,29.0,29.0,,,1.017,1.574,,,,,,,,,,,4.1,4.098,4.102,,,,227.655,0.0,0.0,,,,,346.345,337.0,354.0,,,0.0,557.0,585.0,0.0,29.0,0.0,0.0,0.0,0.0,29.0,0.0,0.0,0.0,29.0,0.0,0.0,0.0,0.0,0.0,"solar2_v,lipo2_v"
2020-09-06T02:00:00Z,30.0,30.0,,,1.09,1.669,,,,,,,,,,,4.098,4.097,4.1,,,,225.633,0.0,0.0,,,,,364.233,354.0,369.0,,,0.0,586.0,615.0,0.0,30.0,0.0,0.0,0.0,0.0,30.0,0.0,0.0,0.0,30.0,0.0,0.0,0.0,0.0,0.0,"solar2_v,lipo2_v"
2020-09-06T03:00:00Z,29.0,29.0,,,1.074,1.379,,,,,,,,,,,4.099,4.095,4.102,,,,223.759,0.0,0.0,,,,,383.034,369.0,394.0,,,0.0,616.0,644.0,0.0,29.0,0.0,0.0,0.0,0.0,29.0,0.0,0.0,0.0,29.0,0.0,0.0,0.0,0.0,0.0,"solar2_v,lipo2_v"
2020-09-06T04:00:00Z,30.0,30.0,,,1.062,1.451,,,,,,,,,,,4.098,4.097,4.1,,,,222.933,0.0,0.0,,,,,397.967,393.0,407.0,,,0.0,645.0,674.0,0.0,30.0,0.0,0.0,0.0,0.0,30.0,0.0,0.0,0.0,30.0,0.0,0.0,0.0,0.0,0.0,"solar2_v,lipo2_v"
2020-09-06T05:00:00Z,29.0,29.0,,,1.205,1.654,,,,,,,,,,,4.097,4.093,4.1,,,,222.414,0.0,0.0,,,,,407.207,406.0,408.0,,,0.0,675.0,703.0,0.0,29.0,0.0,0.0,0.0,0.0,29.0,0.0,0.0,0.0,29.0,0.0,0.0,0.0,0.0,0.0,"solar2_v,lipo2_v"
2020-09-06T06:00:00Z,30.0,30.0,,,1.503,1.832,,,,,,,,,,,4.094,4.092,4.097,,,,222.2,0.0,0.0,,,,,408.567,406.0,413.0,,,0.0,704.0,733.0,0.0,30.0,0.0,0.0,0.0,0.0,30.0,0.0,0.0,0.0,30.0,0.0,0.0,0.0,0.0,0.0,"solar2_v,lipo2_v"
2020-09-06T07:00:00Z,28.0,28.0,,,1.18,1.548,,,,,,,,,,,4.093,4.092,4.095,,,,222.643,0.0,0.0,,,,,404.214,401.0,407.0,,,0.0,734.0,762.0,0.0,28.0,0.0,0.0,0.0,0.0,28.0,0.0,0.0,0.0,28.0,0.0,0.0,0.0,0.0,0.0,"solar2_v,lipo2_v"
2020-09-06T08:00:00Z,29.0,29.0,,,2.073,3.39,,,,,,,,,,,4.093,4.092,4.095,,,,222.31,0.0,0.0,,,,,409.448,394.0,428.0,,,0.0,763.0,791.0,0.0,29.0,0.0,0.0,0.0,0.0,29.0,0.0,0.0,0.0,29.0,0.0,0.0,0.0,0.0,0.0,"solar2_v,lipo2_v"
2020-09-06T09:00:00Z,30.0,30.0,,,0.853,2.943,,,,,,,,,,,4.09,4.087,4.095,,,,223.7,0.0,0.0,,,,,387.467,348.0,428.0,,,0.0,792.0,821.0,0.0,23.0,0.0,0.0,0.0,0.0,30.0,0.0,0.0,0.0,30.0,0.0,0.0,0.0,0.0,0.0,"solar2_v,lipo2_v"
2020-09-06T10:00:00Z,29.0,29.0,,,0.0,0.0,,,,,,,,,,,4.087,4.085,4.088,,,,228.552,0.0,0.0,,,,,337.379,323.0,347.0,,,0.0,822.0,850.0,0.0,0.0,0.0,0.0,0.0,0.0,29.0,0.0,0.0,0.0,29.0,0.0,0.0,0.0,0.0,0.0,"solar2_v,lipo2_v"
2020-09-06T11:00:00Z,30.0,30.0,,,0.0,0.0,,,,,,,,,,,4.084,4.082,4.087,,,,230.433,0.0,0.0,,,,,315.867,313.0,321.0,,,0.0,851.0,880.0,0.0,0.0,0.0,0.0,0.0,0.0,30.0,0.0,0.0,0.0,30.0,0.0,0.0,0.0,0.0,0.0,"solar2_v,lipo2_v"
2020-09-06T12:00:00Z,29.0,29.0,,,0.0,0.0,,,,,,,,,,,4.083,4.082,4.085,,,,230.241,0.0,0.0,,,,,316.069,314.0,321.0,,,0.0,881.0,909.0,0.0,0.0,0.0,0.0,0.0,0.0,29.0,0.0,0.0,0.0,29.0,0.0,0.0,0.0,0.0,0.0,"solar2_v,lipo2_v"
2020-09-06T13:00:00Z,30.0,30.0,,,0.0,0.0,,,,,,,,,,,4.082,4.082,4.085,,,,230.967,0.0,0.0,,,,,313.5,312.0,314.0,,,0.0,910.0,939.0,0.0,0.0,0.0,0.0,0.0,0.0,30.0,0.0,0.0,0.0,30.0,0.0,0.0,0.0,0.0,0.0,"solar2_v,lipo2_v"
2020-09-06T14:00:00Z,29.0,29.0,,,0.0,0.0,,,,,,,,,,,4.082,4.082,4.082,,,,231.897,0.0,0.0,,,,,302.379,299.0,313.0,,,0.0,940.0,968.0,0.0,0.0,0.0,0.0,0.0,0.0,29.0,0.0,0.0,0.0,29.0,0.0,0.0,0.0,0.0,0.0,"solar2_v,lipo2_v"
2020-09-06T15:00:00Z,30.0,30.0,,,0.0,0.0,,,,,,,,,,,4.082,4.08,4.083,,,,232.0,0.0,0.0,,,,,301.1,298.0,304.0,,,0.0,969.0,998.0,0.0,0.0,0.0,0.0,0.0,0.0,30.0,0.0,0.0,0.0,30.0,0.0,0.0,0.0,0.0,0.0,"solar2_v,lipo2_v"
2020-09-06T16:00:00Z,29.0,29.0,,,0.0,0.0,,,,,,,,,,,4.081,4.08,4.082,,,,231.483,0.0,0.0,,,,,305.793,303.0,310.0,,,0.0,999.0,1027.0,0.0,0.0,0.0,0.0,0.0,0.0,29.0,0.0,0.0,0.0,29.0,0.0,0.0,0.0,0.0,0.0,"solar2_v,lipo2_v"
2020-09-06T17:00:00Z,30.0,30.0,,,0.0,0.0,,,,,,,,,,,4.08,4.08,4.082,,,,231.867,0.0,0.0,,,,,303.1,300.0,307.0,,,0.0,1028.0,1057.0,0.0,0.0,0.0,0.0,0.0,0.0,30.0,0.0,0.0,0.0,30.0,0.0,0.0,0.0,0.0,0.0,"solar2_v,lipo2_v"
2020-09-06T18:00:00Z,29.0,29.0,,,0.0,0.0,,,,,,,,,,,4.08,4.08,4.08,,,,232.207,0.0,0.0,,,,,300.034,299.0,301.0,,,0.0,1058.0,1086.0,0.0,0.0,0.0,0.0,0.0,0.0,29.0,0.0,0.0,0.0,29.0,0.0,0.0,0.0,0.0,0.0,"solar2_v,lipo2_v"
2020-09-06T19:00:00Z,29.0,29.0,,,0.0,0.0,,,,,,,,,,,4.08,4.078,4.08,,,,232.862,0.0,0.0,,,,,295.138,294.0,298.0,,,0.0,1087.0,1115.0,0.0,0.0,0.0,0.0,0.0,0.0,29.0,0.0,0.0,0.0,29.0,0.0,0.0,0.0,0.0,0.0,"solar2_v,lipo2_v"
2020-09-06T20:00:00Z,30.0,30.0,,,0.0,0.0,,,,,,,,,,,4.079,4.078,4.08,,,,233.033,0.0,0.0,,,,,290.567,287.0,295.0,,,0.0,1116.0,1145.0,0.0,0.0,0.0,0.0,0.0,0.0,30.0,0.0,0.0,0.0,30.0,0.0,0.0,0.0,0.0,0.0,"solar2_v,lipo2_v"
2020-09-06T21:00:00Z,29.0,29.0,,,0.0,0.0,,,,,,,,,,,4.078,4.077,4.08,,,,233.414,0.0,0.0,,,,,283.828,281.0,288.0,,,0.0,1146.0,1174.0,0.0,0.0,0.0,0.0,0.0,0.0,29.0,0.0,0.0,0.0,29.0,0.0,0.0,0.0,0.0,0.0,"solar2_v,lipo2_v"
2020-09-06T22:00:00Z,30.0,30.0,,,0.0,0.0,,,,,,,,,,,4.078,4.073,4.08,,,,233.4,0.0,0.0,,,,,281.933,281.0,286.0,,,0.0,1175.0,1204.0,0.0,0.0,0.0,0.0,0.0,0.0,30.0,0.0,0.0,0.0,30.0,0.0,0.0,0.0,0.0,0.0,"solar2_v,lipo2_v"
2020-09-06T23:00:00Z,29.0,29.0,,,0.811,1.835,,,,,,,,,,,4.078,4.077,4.078,,,,231.414,0.0,0.0,,,,,306.724,286.0,340.0,,,0.0,1205.0,1233.0,0.0,22.0,0.0,0.0,0.0,0.0,29.0,0.0,0.0,0.0,29.0,0.0,0.0,0.0,0.0,0.0,"solar2_v,lipo2_v"
2020-09-07T00:00:00Z,30.0,30.0,,,0.763,1.851,,,,,,,,,,,4.078,4.077,4.08,,,,229.967,0.0,0.0,,,,,321.033,314.0,341.0,,,0.0,1234.0,1263.0,0.0,30.0,0.0,0.0,0.0,0.0,30.0,0.0,0.0,0.0,30.0,0.0,0.0,0.0,0.0,0.0,"solar2_v,lipo2_v"
2020-09-07T01:00:00Z,29.0,29.0,,,0.678,1.023,,,,,,,,,,,4.078,4.077,4.08,,,,229.483,0.0,0.0,,,,,327.0,314.0,344.0,,,0.0,1264.0,1292.0,0.0,29.0,0.0,0.0,0.0,0.0,29.0,0.0,0.0,0.0,29.0,0.0,0.0,0.0,0.0,0.0,"solar2_v,lipo2_v"
2020-09-07T02:00:00Z,30.0,30.0,,,1.003,1.266,,,,,,,,,,,4.079,4.078,4.08,,,,226.5,0.0,0.0,,,,,360.167,345.0,367.0,,,0.0,1293.0,1322.0,0.0,30.0,0.0,0.0,0.0,0.0,30.0,0.0,0.0,0.0,30.0,0.0,0.0,0.0,0.0,0.0,"solar2_v,lipo2_v"
2020-09-07T03:00:00Z,29.0,29.0,,,0.945,1.126,,,,,,,,,,,4.078,4.077,4.08,,,,224.483,0.0,0.0,,,,,374.655,367.0,380.0,,,0.0,1323.0,1351.0,0.0,29.0,0.0,0.0,0.0,0.0,29.0,0.0,0.0,0.0,29.0,0.0,0.0,0.0,0.0,0.0,"solar2_v,lipo2_v"
2020-09-07T04:00:00Z,29.0,29.0,,,1.004,1.43,,,,,,,,,,,4.078,4.078,4.08,,,,223.552,0.0,0.0,,,,,389.448,381.0,399.0,,,0.0,1352.0,1380.0,0.0,29.0,0.0,0.0,0.0,0.0,29.0,0.0,0.0,0.0,29.0,0.0,0.0,0.0,0.0,0.0,"solar2_v,lipo2_v"
2020-09-07T05:00:00Z,30.0,30.0,,,1.29,1.976,,,,,,,,,,,4.078,4.077,4.08,,,,223.133,0.0,0.0,,,,,399.433,392.0,406.0,,,0.0,1381.0,1410.0,0.0,30.0,0.0,0.0,0.0,0.0,30.0,0.0,0.0,0.0,30.0,0.0,0.0,0.0,0.0,0.0,"solar2_v,lipo2_v"
2020-09-07T06:00:00Z,29.0,29.0,,,0.962,2.099,,,,,,,,,,,4.077,4.075,4.078,,,,224.0,0.0,0.0,,,,,380.103,374.0,392.0,,,0.0,1411.0,1439.0,0.0,29.0,0.0,0.0,0.0,0.0,29.0,0.0,0.0,0.0,29.0,0.0,0.0,0.0,0.0,0.0,"solar2_v,lipo2_v"
2020-09-07T07:00:00Z,30.0,30.0,,,1.05,1.727,,,,,,,,,,,4.076,4.073,4.078,,,,223.533,0.0,0.0,,,,,385.2,377.0,393.0,,,0.0,1440.0,1469.0,0.0,30.0,0.0,0.0,0.0,0.0,30.0,0.0,0.0,0.0,30.0,0.0,0.0,0.0,0.0,0.0,"solar2_v,lipo2_v"
2020-09-07T08:00:00Z,29.0,29.0,,,1.536,2.324,,,,,,,,,,,4.074,4.072,4.077,,,,225.172,0.0,0.0,,,,,368.138,366.0,375.0,,,0.0,1470.0,1498.0,0.0,29.0,0.0,0.0,0.0,0.0,29.0,0.0,0.0,0.0,29.0,0.0,0.0,0.0,0.0,0.0,"solar2_v,lipo2_v"
2020-09-07T09:00:00Z,30.0,30.0,,,1.456,2.281,,,,,,,,,,,4.073,4.072,4.075,,,,224.4,0.0,0.0,,,,,372.833,367.0,380.0,,,0.0,1499.0,1528.0,0.0,30.0,0.0,0.0,0.0,0.0,30.0,0.0,0.0,0.0,30.0,0.0,0.0,0.0,0.0,0.0,"solar2_v,lipo2_v"
2020-09-07T10:00:00Z,29.0,29.0,,,0.353,1.202,,,,,,,,,,,4.071,4.069,4.073,,,,226.552,0.0,0.0,,,,,354.517,335.0,369.0,,,0.0,1529.0,1557.0,0.0,12.0,0.0,0.0,0.0,0.0,29.0,0.0,0.0,0.0,29.0,0.0,0.0,0.0,0.0,0.0,"solar2_v,lipo2_v"
2020-09-07T11:00:00Z,30.0,30.0,,,0.0,0.0,,,,,,,,,,,4.068,4.065,4.07,,,,229.033,0.0,0.0,,,,,327.0,323.0,334.0,,,0.0,1558.0,1587.0,0.0,0.0,0.0,0.0,0.0,0.0,30.0,0.0,0.0,0.0,30.0,0.0,0.0,0.0,0.0,0.0,"solar2_v,lipo2_v"
2020-09-07T12:00:00Z,28.0,28.0,,,0.0,0.0,,,,,,,,,,,4.067,4.065,4.07,,,,229.75,0.0,0.0,,,,,320.536,319.0,322.0,,,0.0,1588.0,1616.0,0.0,0.0,0.0,0.0,0.0,0.0,28.0,0.0,0.0,0.0,28.0,0.0,0.0,0.0,0.0,0.0,"solar2_v,lipo2_v"
2020-09-07T13:00:00Z,29.0,29.0,,,0.0,0.0,,,,,,,,,,,4.066,4.064,4.069,,,,230.241,0.0,0.0,,,,,317.103,315.0,319.0,,,0.0,1617.0,1646.0,0.0,0.0,0.0,0.0,0.0,0.0,29.0,0.0,0.0,0.0,29.0,0.0,0.0,0.0,0.0,0.0,"solar2_v,lipo2_v"
2020-09-07T14:00:00Z,29.0,29.0,,,0.0,0.0,,,,,,,,,,,4.065,4.064,4.067,,,,230.828,0.0,0.0,,,,,314.483,314.0,317.0,,,0.0,1647.0,1675.0,0.0,0.0,0.0,0.0,0.0,0.0,29.0,0.0,0.0,0.0,29.0,0.0,0.0,0.0,0.0,0.0,"solar2_v,lipo2_v"
2020-09-07T15:00:00Z,29.0,29.0,,,0.0,0.0,,,,,,,,,,,4.065,4.062,4.067,,,,230.241,0.0,0.0,,,,,314.966,314.0,316.0,,,0.0,1676.0,1704.0,0.0,0.0,0.0,0.0,0.0,0.0,29.0,0.0,0.0,0.0,29.0,0.0,0.0,0.0,0.0,0.0,"solar2_v,lipo2_v"
2020-09-07T16:00:00Z,30.0,30.0,,,0.0,0.0,,,,,,,,,,,4.064,4.062,4.065,,,,231.1,0.0,0.0,,,,,312.333,309.0,314.0,,,0.0,1705.0,1734.0,0.0,0.0,0.0,0.0,0.0,0.0,30.0,0.0,0.0,0.0,30.0,0.0,0.0,0.0,0.0,0.0,"solar2_v,lipo2_v"
2020-09-07T17:00:00Z,29.0,29.0,,,0.0,0.0,,,,,,,,,,,4.063,4.06,4.064,,,,231.207,0.0,0.0,,,,,309.276,306.0,313.0,,,0.0,1735.0,1763.0,0.0,0.0,0.0,0.0,0.0,0.0,29.0,0.0,0.0,0.0,29.0,0.0,0.0,0.0,0.0,0.0,"solar2_v,lipo2_v"
2020-09-07T18:00:00Z,30.0,30.0,,,0.0,0.0,,,,,,,,,,,4.062,4.06,4.064,,,,231.367,0.0,0.0,,,,,307.8,306.0,310.0,,,0.0,1764.0,1793.0,0.0,0.0,0.0,0.0,0.0,0.0,30.0,0.0,0.0,0.0,30.0,0.0,0.0,0.0,0.0,0.0,"solar2_v,lipo2_v"
2020-09-07T19:00:00Z,29.0,29.0,,,0.0,0.0,,,,,,,,,,,4.061,4.059,4.064,,,,231.379,0.0,0.0,,,,,305.276,302.0,308.0,,,0.0,1794.0,1822.0,0.0,0.0,0.0,0.0,0.0,0.0,29.0,0.0,0.0,0.0,29.0,0.0,0.0,0.0,0.0,0.0,"solar2_v,lipo2_v"
2020-09-07T20:00:00Z,30.0,30.0,,,0.0,0.0,,,,,,,,,,,4.06,4.059,4.062,,,,231.833,0.0,0.0,,,,,301.033,300.0,302.0,,,0.0,1823.0,1852.0,0.0,0.0,0.0,0.0,0.0,0.0,30.0,0.0,0.0,0.0,30.0,0.0,0.0,0.0,0.0,0.0,"solar2_v,lipo2_v"
2020-09-07T21:00:00Z,29.0,29.0,,,0.0,0.0,,,,,,,,,,,4.06,4.059,4.062,,,,231.724,0.0,0.0,,,,,300.966,300.0,301.0,,,0.0,1853.0,1881.0,0.0,0.0,0.0,0.0,0.0,0.0,29.0,0.0,0.0,0.0,29.0,0.0,0.0,0.0,0.0,0.0,"solar2_v,lipo2_v"
2020-09-07T22:00:00Z,29.0,29.0,,,0.0,0.0,,,,,,,,,,,4.06,4.057,4.062,,,,231.793,0.0,0.0,,,,,300.931,300.0,301.0,,,0.0,1882.0,1910.0,0.0,0.0,0.0,0.0,0.0,0.0,29.0,0.0,0.0,0.0,29.0,0.0,0.0,0.0,0.0,0.0,"solar2_v,lipo2_v"
2020-09-07T23:00:00Z,30.0,30.0,,,0.674,1.42,,,,,,,,,,,4.06,4.059,4.062,,,,230.633,0.0,0.0,,,,,317.533,301.0,345.0,,,0.0,1911.0,1940.0,0.0,21.0,0.0,0.0,0.0,0.0,30.0,0.0,0.0,0.0,30.0,0.0,0.0,0.0,0.0,0.0,"solar2_v,lipo2_v"
2020-09-08T00:00:00Z,29.0,29.0,,,0.757,1.18,,,,,,,,,,,4.06,4.057,4.062,,,,229.034,0.0,0.0,,,,,328.552,321.0,341.0,,,0.0,1941.0,1969.0,0.0,29.0,0.0,0.0,0.0,0.0,29.0,0.0,0.0,0.0,29.0,0.0,0.0,0.0,0.0,0.0,"solar2_v,lipo2_v"
2020-09-08T01:00:00Z,30.0,30.0,,,0.854,1.226,,,,,,,,,,,4.061,4.059,4.062,,,,227.667,0.0,0.0,,,,,344.333,340.0,354.0,,,0.0,1970.0,1999.0,0.0,30.0,0.0,0.0,0.0,0.0,30.0,0.0,0.0,0.0,30.0,0.0,0.0,0.0,0.0,0.0,"solar2_v,lipo2_v"
2020-09-08T02:00:00Z,29.0,29.0,,,1.452,1.69,,,,,,,,,,,4.061,4.059,4.064,,,,225.586,0.0,0.0,,,,,371.517,355.0,380.0,,,0.0,2000.0,2028.0,0.0,29.0,0.0,0.0,0.0,0.0,29.0,0.0,0.0,0.0,29.0,0.0,0.0,0.0,0.0,0.0,"solar2_v,lipo2_v"
2020-09-08T03:00:00Z,30.0,30.0,,,1.798,1.966,,,,,,,,,,,4.062,4.06,4.064,,,,223.6,0.0,0.0,,,,,386.633,380.0,391.0,,,0.0,2029.0,2058.0,0.0,30.0,0.0,0.0,0.0,0.0,30.0,0.0,0.0,0.0,30.0,0.0,0.0,0.0,0.0,0.0,"solar2_v,lipo2_v"
2020-09-08T04:00:00Z,29.0,29.0,,,1.99,2.114,,,,,,,,,,,4.063,4.06,4.065,,,,223.345,0.0,0.0,,,,,398.379,390.0,406.0,,,0.0,2059.0,2087.0,0.0,29.0,0.0,0.0,0.0,0.0,29.0,0.0,0.0,0.0,29.0,0.0,0.0,0.0,0.0,0.0,"solar2_v,lipo2_v"
2020-09-08T05:00:00Z,30.0,30.0,,,1.848,2.074,,,,,,,,,,,4.063,4.06,4.065,,,,222.967,0.0,0.0,,,,,404.533,401.0,407.0,,,0.0,2088.0,2117.0,0.0,30.0,0.0,0.0,0.0,0.0,30.0,0.0,0.0,0.0,30.0,0.0,0.0,0.0,0.0,0.0,"solar2_v,lipo2_v"
2020-09-08T06:00:00Z,28.0,28.0,,,1.893,2.073,,,,,,,,,,,4.062,4.06,4.064,,,,222.75,0.0,0.0,,,,,406.321,404.0,409.0,,,0.0,2119.0,2146.0,0.0,28.0,0.0,0.0,0.0,0.0,28.0,0.0,0.0,0.0,28.0,0.0,0.0,0.0,0.0,0.0,"solar2_v,lipo2_v"
2020-09-08T07:00:00Z,29.0,29.0,,,1.652,1.854,,,,,,,,,,,4.061,4.059,4.064,,,,222.897,0.0,0.0,,,,,400.034,392.0,407.0,,,0.0,2147.0,2175.0,0.0,29.0,0.0,0.0,0.0,0.0,29.0,0.0,0.0,0.0,29.0,0.0,0.0,0.0,0.0,0.0,"solar2_v,lipo2_v"
2020-09-08T08:00:00Z,30.0,30.0,,,1.545,1.758,,,,,,,,,,,4.059,4.057,4.062,,,,223.833,0.0,0.0,,,,,384.033,379.0,392.0,,,0.0,2176.0,2205.0,0.0,30.0,0.0,0.0,0.0,0.0,30.0,0.0,0.0,0.0,30.0,0.0,0.0,0.0,0.0,0.0,"solar2_v,lipo2_v"
2020-09-08T09:00:00Z,29.0,29.0,,,0.699,1.349,,,,,,,,,,,4.058,4.055,4.06,,,,225.931,0.0,0.0,,,,,365.034,354.0,379.0,,,0.0,2206.0,2234.0,0.0,29.0,0.0,0.0,0.0,0.0,29.0,0.0,0.0,0.0,29.0,0.0,0.0,0.0,0.0,0.0,"solar2_v,lipo2_v"
2020-09-08T10:00:00Z,30.0,30.0,,,0.054,0.336,,,,,,,,,,,4.056,4.055,4.057,,,,227.633,0.0,0.0,,,,,346.833,339.0,354.0,,,0.0,2235.0,2264.0,0.0,5.0,0.0,0.0,0.0,0.0,30.0,0.0,0.0,0.0,30.0,0.0,0.0,0.0,0.0,0.0,"solar2_v,lipo2_v"
2020-09-08T11:00:00Z,29.0,29.0,,,0.0,0.0,,,,,,,,,,,4.056,4.054,4.059,,,,229.207,0.0,0.0,,,,,328.345,325.0,337.0,,,0.0,2265.0,2293.0,0.0,0.0,0.0,0.0,0.0,0.0,29.0,0.0,0.0,0.0,29.0,0.0,0.0,0.0,0.0,0.0,"solar2_v,lipo2_v"
2020-09-08T12:00:00Z,30.0,30.0,,,0.0,0.0,,,,,,,,,,,4.054,4.054,4.055,,,,229.667,0.0,0.0,,,,,324.7,323.0,326.0,,,0.0,2294.0,2323.0,0.0,0.0,0.0,0.0,0.0,0.0,30.0,0.0,0.0,0.0,30.0,0.0,0.0,0.0,0.0,0.0,"solar2_v,lipo2_v"
2020-09-08T13:00:00Z,29.0,29.0,,,0.0,0.0,,,,,,,,,,,4.054,4.054,4.055,,,,229.69,0.0,0.0,,,,,324.276,322.0,325.0,,,0.0,2324.0,2352.0,0.0,0.0,0.0,0.0,0.0,0.0,29.0,0.0,0.0,0.0,29.0,0.0,0.0,0.0,0.0,0.0,"solar2_v,lipo2_v"
2020-09-08T14:00:00Z,30.0,30.0,,,0.0,0.0,,,,,,,,,,,4.054,4.054,4.055,,,,229.6,0.0,0.0,,,,,325.933,325.0,327.0,,,0.0,2353.0,2382.0,0.0,0.0,0.0,0.0,0.0,0.0,30.0,0.0,0.0,0.0,30.0,0.0,0.0,0.0,0.0,0.0,"solar2_v,lipo2_v"
2020-09-08T15:00:00Z,29.0,29.0,,,0.0,0.0,,,,,,,,,,,4.054,4.052,4.055,,,,230.483,0.0,0.0,,,,,318.724,314.0,326.0,,,0.0,2383.0,2411.0,0.0,0.0,0.0,0.0,0.0,0.0,29.0,0.0,0.0,0.0,29.0,0.0,0.0,0.0,0.0,0.0,"solar2_v,lipo2_v"
2020-09-08T16:00:00Z,29.0,29.0,,,0.0,0.0,,,,,,,,,,,4.053,4.05,4.055,,,,230.862,0.0,0.0,,,,,314.483,313.0,316.0,,,0.0,2412.0,2440.0,0.0,0.0,0.0,0.0,0.0,0.0,29.0,0.0,0.0,0.0,29.0,0.0,0.0,0.0,0.0,0.0,"solar2_v,lipo2_v"
2020-09-08T17:00:00Z,30.0,30.0,,,0.0,0.0,,,,,,,,,,,4.053,4.05,4.054,,,,231.1,0.0,0.0,,,,,312.633,310.0,314.0,,,0.0,2441.0,2470.0,0.0,0.0,0.0,0.0,0.0,0.0,30.0,0.0,0.0,0.0,30.0,0.0,0.0,0.0,0.0,0.0,"solar2_v,lipo2_v"
2020-09-08T18:00:00Z,29.0,29.0,,,0.0,0.0,,,,,,,,,,,4.052,4.05,4.054,,,,230.966,0.0,0.0,,,,,313.724,312.0,314.0,,,0.0,2471.0,2499.0,0.0,0.0,0.0,0.0,0.0,0.0,29.0,0.0,0.0,0.0,29.0,0.0,0.0,0.0,0.0,0.0,"solar2_v,lipo2_v"
2020-09-08T19:00:00Z,30.0,30.0,,,0.0,0.0,,,,,,,,,,,4.052,4.05,4.052,,,,230.733,0.0,0.0,,,,,313.5,312.0,314.0,,,0.0,2500.0,2529.0,0.0,0.0,0.0,0.0,0.0,0.0,30.0,0.0,0.0,0.0,30.0,0.0,0.0,0.0,0.0,0.0,"solar2_v,lipo2_v"
2020-09-08T20:00:00Z,29.0,29.0,,,0.0,0.0,,,,,,,,,,,4.051,4.049,4.052,,,,230.759,0.0,0.0,,,,,311.517,309.0,313.0,,,0.0,2530.0,2558.0,0.0,0.0,0.0,0.0,0.0,0.0,29.0,0.0,0.0,0.0,29.0,0.0,0.0,0.0,0.0,0.0,"solar2_v,lipo2_v"
2020-09-08T21:00:00Z,30.0,30.0,,,0.0,0.0,,,,,,,,,,,4.051,4.049,4.052,,,,231.133,0.0,0.0,,,,,307.133,306.0,309.0,,,0.0,2559.0,2588.0,0.0,0.0,0.0,0.0,0.0,0.0,30.0,0.0,0.0,0.0,30.0,0.0,0.0,0.0,0.0,0.0,"solar2_v,lipo2_v"
2020-09-08T22:00:00Z,29.0,29.0,,,0.0,0.0,,,,,,,,,,,4.05,4.049,4.052,,,,231.0,0.0,0.0,,,,,306.138,306.0,307.0,,,0.0,2589.0,2617.0,0.0,0.0,0.0,0.0,0.0,0.0,29.0,0.0,0.0,0.0,29.0,0.0,0.0,0.0,0.0,0.0,"solar2_v,lipo2_v"
2020-09-08T23:00:00Z,30.0,30.0,,,0.259,0.875,,,,,,,,,,,4.05,4.047,4.052,,,,230.8,0.0,0.0,,,,,312.733,306.0,321.0,,,0.0,2618.0,2647.0,0.0,15.0,0.0,0.0,0.0,0.0,30.0,0.0,0.0,0.0,30.0,0.0,0.0,0.0,0.0,0.0,"solar2_v,lipo2_v"
2020-09-09T00:00:00Z,29.0,29.0,,,0.852,1.284,,,,,,,,,,,4.05,4.049,4.052,,,,228.966,0.0,0.0,,,,,330.138,321.0,341.0,,,0.0,2648.0,2676.0,0.0,29.0,0.0,0.0,0.0,0.0,29.0,0.0,0.0,0.0,29.0,0.0,0.0,0.0,0.0,0.0,"solar2_v,lipo2_v"
2020-09-09T01:00:00Z,30.0,30.0,,,1.264,1.599,,,,,,,,,,,4.05,4.047,4.052,,,,227.967,0.0,0.0,,,,,348.5,341.0,359.0,,,0.0,2677.0,2706.0,0.0,30.0,0.0,0.0,0.0,0.0,30.0,0.0,0.0,0.0,30.0,0.0,0.0,0.0,0.0,0.0,"solar2_v,lipo2_v"
2020-09-09T02:00:00Z,29.0,29.0,,,1.199,1.956,,,,,,,,,,,4.051,4.049,4.052,,,,226.483,0.0,0.0,,,,,362.172,354.0,367.0,,,0.0,2707.0,2735.0,0.0,29.0,0.0,0.0,0.0,0.0,29.0,0.0,0.0,0.0,29.0,0.0,0.0,0.0,0.0,0.0,"solar2_v,lipo2_v"
2020-09-09T03:00:00Z,30.0,30.0,,,1.647,2.005,,,,,,,,,,,4.051,4.05,4.052,,,,224.4,0.0,0.0,,,,,378.4,355.0,394.0,,,0.0,2736.0,2765.0,0.0,30.0,0.0,0.0,0.0,0.0,30.0,0.0,0.0,0.0,30.0,0.0,0.0,0.0,0.0,0.0,"solar2_v,lipo2_v"
2020-09-09T04:00:00Z,29.0,29.0,,,1.547,1.986,,,,,,,,,,,4.051,4.05,4.052,,,,223.379,0.0,0.0,,,,,393.276,386.0,397.0,,,0.0,2766.0,2794.0,0.0,29.0,0.0,0.0,0.0,0.0,29.0,0.0,0.0,0.0,29.0,0.0,0.0,0.0,0.0,0.0,"solar2_v,lipo2_v"
2020-09-09T05:00:00Z,29.0,29.0,,,1.668,2.02,,,,,,,,,,,4.051,4.05,4.052,,,,223.241,0.0,0.0,,,,,398.0,389.0,407.0,,,0.0,2795.0,2823.0,0.0,29.0,0.0,0.0,0.0,0.0,29.0,0.0,0.0,0.0,29.0,0.0,0.0,0.0,0.0,0.0,"solar2_v,lipo2_v"
2020-09-09T06:00:00Z,30.0,30.0,,,0.0,0.0,,,,,,,,,,,4.05,4.045,4.052,,,,226.9,0.0,0.0,,,,,355.733,326.0,392.0,,,0.0,2824.0,2853.0,0.0,0.0,0.0,0.0,0.0,0.0,30.0,0.0,0.0,0.0,30.0,0.0,0.0,0.0,0.0,0.0,"solar2_v,lipo2_v"
2020-09-09T07:00:00Z,29.0,29.0,,,0.562,1.479,,,,,,,,,,,4.047,4.045,4.05,,,,229.655,0.0,0.0,,,,,322.517,317.0,327.0,,,0.0,2854.0,2882.0,0.0,18.0,0.0,0.0,0.0,0.0,29.0,0.0,0.0,0.0,29.0,0.0,0.0,0.0,0.0,0.0,"solar2_v,lipo2_v"
2020-09-09T08:00:00Z,30.0,30.0,,,0.837,1.485,,,,,,,,,,,4.048,4.044,4.049,,,,228.567,0.0,0.0,,,,,334.533,327.0,340.0,,,0.0,2883.0,2912.0,0.0,30.0,0.0,0.0,0.0,0.0,30.0,0.0,0.0,0.0,30.0,0.0,0.0,0.0,0.0,0.0,"solar2_v,lipo2_v"
2020-09-09T09:00:00Z,29.0,29.0,,,0.555,0.851,,,,,,,,,,,4.046,4.045,4.049,,,,229.862,0.0,0.0,,,,,320.483,315.0,327.0,,,0.0,2913.0,2941.0,0.0,28.0,0.0,0.0,0.0,0.0,29.0,0.0,0.0,0.0,29.0,0.0,0.0,0.0,0.0,0.0,"solar2_v,lipo2_v"
2020-09-09T10:00:00Z,30.0,30.0,,,0.0,0.0,,,,,,,,,,,4.045,4.044,4.047,,,,231.467,0.0,0.0,,,,,308.233,301.0,316.0,,,0.0,2942.0,2971.0,0.0,0.0,0.0,0.0,0.0,0.0,30.0,0.0,0.0,0.0,30.0,0.0,0.0,0.0,0.0,0.0,"solar2_v,lipo2_v"
2020-09-09T11:00:00Z,29.0,29.0,,,0.0,0.0,,,,,,,,,,,4.044,4.042,4.047,,,,231.724,0.0,0.0,,,,,302.414,301.0,304.0,,,0.0,2972.0,3000.0,0.0,0.0,0.0,0.0,0.0,0.0,29.0,0.0,0.0,0.0,29.0,0.0,0.0,0.0,0.0,0.0,"solar2_v,lipo2_v"
2020-09-09T12:00:00Z,30.0,30.0,,,0.0,0.0,,,,,,,,,,,4.044,4.042,4.045,,,,231.867,0.0,0.0,,,,,301.5,301.0,303.0,,,0.0,3001.0,3030.0,0.0,0.0,0.0,0.0,0.0,0.0,30.0,0.0,0.0,0.0,30.0,0.0,0.0,0.0,0.0,0.0,"solar2_v,lipo2_v"
2020-09-09T13:00:00Z,29.0,29.0,,,0.0,0.0,,,,,,,,,,,4.044,4.042,4.045,,,,232.0,0.0,0.0,,,,,301.0,301.0,301.0,,,0.0,3031.0,3059.0,0.0,0.0,0.0,0.0,0.0,0.0,29.0,0.0,0.0,0.0,29.0,0.0,0.0,0.0,0.0,0.0,"solar2_v,lipo2_v"
2020-09-09T14:00:00Z,29.0,29.0,,,0.0,0.0,,,,,,,,,,,4.043,4.042,4.044,,,,231.931,0.0,0.0,,,,,301.138,301.0,302.0,,,0.0,3060.0,3088.0,0.0,0.0,0.0,0.0,0.0,0.0,29.0,0.0,0.0,0.0,29.0,0.0,0.0,0.0,0.0,0.0,"solar2_v,lipo2_v"
2020-09-09T15:00:00Z,30.0,30.0,,,0.0,0.0,,,,,,,,,,,4.043,4.042,4.045,,,,232.167,0.0,0.0,,,,,301.1,301.0,302.0,,,0.0,3089.0,3118.0,0.0,0.0,0.0,0.0,0.0,0.0,30.0,0.0,0.0,0.0,30.0,0.0,0.0,0.0,0.0,0.0,"solar2_v,lipo2_v"
2020-09-09T16:00:00Z,29.0,29.0,,,0.0,0.0,,,,,,,,,,,4.043,4.04,4.044,,,,231.828,0.0,0.0,,,,,301.31,301.0,303.0,,,0.0,3119.0,3147.0,0.0,0.0,0.0,0.0,0.0,0.0,29.0,0.0,0.0,0.0,29.0,0.0,0.0,0.0,0.0,0.0,"solar2_v,lipo2_v"
2020-09-09T17:00:00Z,30.0,30.0,,,0.0,0.0,,,,,,,,,,,4.042,4.04,4.044,,,,232.233,0.0,0.0,,,,,300.7,300.0,301.0,,,0.0,3148.0,3177.0,0.0,0.0,0.0,0.0,0.0,0.0,30.0,0.0,0.0,0.0,30.0,0.0,0.0,0.0,0.0,0.0,"solar2_v,lipo2_v"
2020-09-09T18:00:00Z,29.0,29.0,,,0.0,0.0,,,,,,,,,,,4.042,4.039,4.044,,,,232.345,0.0,0.0,,,,,298.862,295.0,301.0,,,0.0,3178.0,3206.0,0.0,0.0,0.0,0.0,0.0,0.0,29.0,0.0,0.0,0.0,29.0,0.0,0.0,0.0,0.0,0.0,"solar2_v,lipo2_v"
2020-09-09T19:00:00Z,30.0,30.0,,,0.0,0.0,,,,,,,,,,,4.041,4.039,4.044,,,,232.433,0.0,0.0,,,,,298.333,295.0,301.0,,,0.0,3207.0,3236.0,0.0,0.0,0.0,0.0,0.0,0.0,30.0,0.0,0.0,0.0,30.0,0.0,0.0,0.0,0.0,0.0,"solar2_v,lipo2_v"
2020-09-09T20:00:00Z,29.0,29.0,,,0.0,0.0,,,,,,,,,,,4.041,4.039,4.042,,,,232.207,0.0,0.0,,,,,299.862,296.0,301.0,,,0.0,3237.0,3265.0,0.0,0.0,0.0,0.0,0.0,0.0,29.0,0.0,0.0,0.0,29.0,0.0,0.0,0.0,0.0,0.0,"solar2_v,lipo2_v"
2020-09-09T21:00:00Z,30.0,30.0,,,0.0,0.0,,,,,,,,,,,4.04,4.039,4.042,,,,232.7,0.0,0.0,,,,,294.933,294.0,296.0,,,0.0,3266.0,3295.0,0.0,0.0,0.0,0.0,0.0,0.0,30.0,0.0,0.0,0.0,30.0,0.0,0.0,0.0,0.0,0.0,"solar2_v,lipo2_v"
2020-09-09T22:00:00Z,29.0,29.0,,,0.0,0.0,,,,,,,,,,,4.04,4.039,4.042,,,,232.897,0.0,0.0,,,,,293.759,292.0,296.0,,,0.0,3296.0,3324.0,0.0,0.0,0.0,0.0,0.0,0.0,29.0,0.0,0.0,0.0,29.0,0.0,0.0,0.0,0.0,0.0,"solar2_v,lipo2_v"
2020-09-09T23:00:00Z,29.0,29.0,,,0.149,0.529,,,,,,,,,,,4.04,4.037,4.042,,,,232.621,0.0,0.0,,,,,297.414,294.0,301.0,,,0.0,3325.0,3353.0,0.0,11.0,0.0,0.0,0.0,0.0,29.0,0.0,0.0,0.0,29.0,0.0,0.0,0.0,0.0,0.0,"solar2_v,lipo2_v"
2020-09-10T00:00:00Z,30.0,30.0,,,0.774,1.062,,,,,,,,,,,4.041,4.039,4.044,,,,230.867,0.0,0.0,,,,,313.433,301.0,323.0,,,0.0,3354.0,3383.0,0.0,30.0,0.0,0.0,0.0,0.0,30.0,0.0,0.0,0.0,30.0,0.0,0.0,0.0,0.0,0.0,"solar2_v,lipo2_v"
2020-09-10T01:00:00Z,29.0,29.0,,,0.881,1.01,,,,,,,,,,,4.041,4.039,4.044,,,,228.828,0.0,0.0,,,,,330.241,323.0,340.0,,,0.0,3384.0,3412.0,0.0,29.0,0.0,0.0,0.0,0.0,29.0,0.0,0.0,0.0,29.0,0.0,0.0,0.0,0.0,0.0,"solar2_v,lipo2_v"
2020-09-10T02:00:00Z,30.0,30.0,,,1.133,1.374,,,,,,,,,,,4.042,4.04,4.044,,,,227.233,0.0,0.0,,,,,352.2,340.0,367.0,,,0.0,3413.0,3442.0,0.0,30.0,0.0,0.0,0.0,0.0,30.0,0.0,0.0,0.0,30.0,0.0,0.0,0.0,0.0,0.0,"solar2_v,lipo2_v"
2020-09-10T03:00:00Z,29.0,29.0,,,1.394,1.643,,,,,,,,,,,4.043,4.04,4.045,,,,224.552,0.0,0.0,,,,,376.448,367.0,386.0,,,0.0,3443.0,3471.0,0.0,29.0,0.0,0.0,0.0,0.0,29.0,0.0,0.0,0.0,29.0,0.0,0.0,0.0,0.0,0.0,"solar2_v,lipo2_v"
2020-09-10T04:00:00Z,30.0,30.0,,,1.641,1.904,,,,,,,,,,,4.044,4.04,4.045,,,,223.3,0.0,0.0,,,,,390.533,387.0,394.0,,,0.0,3472.0,3501.0,0.0,30.0,0.0,0.0,0.0,0.0,30.0,0.0,0.0,0.0,30.0,0.0,0.0,0.0,0.0,0.0,"solar2_v,lipo2_v"
2020-09-10T05:00:00Z,29.0,29.0,,,1.565,1.836,,,,,,,,,,,4.043,4.04,4.045,,,,222.793,0.0,0.0,,,,,401.0,394.0,406.0,,,0.0,3502.0,3530.0,0.0,29.0,0.0,0.0,0.0,0.0,29.0,0.0,0.0,0.0,29.0,0.0,0.0,0.0,0.0,0.0,"solar2_v,lipo2_v"
2020-09-10T06:00:00Z,29.0,29.0,,,1.223,1.369,,,,,,,,,,,4.043,4.04,4.045,,,,223.241,0.0,0.0,,,,,395.966,393.0,399.0,,,0.0,3531.0,3559.0,0.0,29.0,0.0,0.0,0.0,0.0,29.0,0.0,0.0,0.0,29.0,0.0,0.0,0.0,0.0,0.0,"solar2_v,lipo2_v"
2020-09-10T07:00:00Z,30.0,30.0,,,1.229,1.758,,,,,,,,,,,4.042,4.04,4.044,,,,223.833,0.0,0.0,,,,,385.0,376.0,394.0,,,0.0,3560.0,3589.0,0.0,30.0,0.0,0.0,0.0,0.0,30.0,0.0,0.0,0.0,30.0,0.0,0.0,0.0,0.0,0.0,"solar2_v,lipo2_v"
2020-09-10T08:00:00Z,29.0,29.0,,,1.48,2.414,,,,,,,,,,,4.041,4.039,4.044,,,,224.345,0.0,0.0,,,,,381.621,377.0,394.0,,,0.0,3590.0,3618.0,0.0,29.0,0.0,0.0,0.0,0.0,29.0,0.0,0.0,0.0,29.0,0.0,0.0,0.0,0.0,0.0,"solar2_v,lipo2_v"
2020-09-10T09:00:00Z,30.0,30.0,,,0.332,1.254,,,,,,,,,,,4.04,4.037,4.044,,,,225.933,0.0,0.0,,,,,363.1,340.0,394.0,,,0.0,3619.0,3648.0,0.0,15.0,0.0,0.0,0.0,0.0,30.0,0.0,0.0,0.0,30.0,0.0,0.0,0.0,0.0,0.0,"solar2_v,lipo2_v"
2020-09-10T10:00:00Z,29.0,29.0,,,0.0,0.0,,,,,,,,,,,4.039,4.037,4.04,,,,228.931,0.0,0.0,,,,,330.103,327.0,340.0,,,0.0,3649.0,3677.0,0.0,0.0,0.0,0.0,0.0,0.0,29.0,0.0,0.0,0.0,29.0,0.0,0.0,0.0,0.0,0.0,"solar2_v,lipo2_v"
2020-09-10T11:00:00Z,30.0,30.0,,,0.0,0.0,,,,,,,,,,,4.038,4.037,4.04,,,,229.567,0.0,0.0,,,,,326.633,326.0,327.0,,,0.0,3678.0,3707.0,0.0,0.0,0.0,0.0,0.0,0.0,30.0,0.0,0.0,0.0,30.0,0.0,0.0,0.0,0.0,0.0,"solar2_v,lipo2_v"
2020-09-10T12:00:00Z,29.0,29.0,,,0.0,0.0,,,,,,,,,,,4.038,4.037,4.039,,,,229.793,0.0,0.0,,,,,321.655,316.0,326.0,,,0.0,3708.0,3736.0,0.0,0.0,0.0,0.0,0.0,0.0,29.0,0.0,0.0,0.0,29.0,0.0,0.0,0.0,0.0,0.0,"solar2_v,lipo2_v"
2020-09-10T13:00:00Z,30.0,30.0,,,0.0,0.0,,,,,,,,,,,4.037,4.034,4.039,,,,230.767,0.0,0.0,,,,,314.533,313.0,317.0,,,0.0,3737.0,3766.0,0.0,0.0,0.0,0.0,0.0,0.0,30.0,0.0,0.0,0.0,30.0,0.0,0.0,0.0,0.0,0.0,"solar2_v,lipo2_v"
2020-09-10T14:00:00Z,28.0,28.0,,,0.0,0.0,,,,,,,,,,,4.037,4.034,4.039,,,,231.25,0.0,0.0,,,,,311.75,305.0,316.0,,,0.0,3767.0,3795.0,0.0,0.0,0.0,0.0,0.0,0.0,28.0,0.0,0.0,0.0,28.0,0.0,0.0,0.0,0.0,0.0,"solar2_v,lipo2_v"
2020-09-10T15:00:00Z,29.0,29.0,,,0.0,0.0,,,,,,,,,,,4.036,4.034,4.037,,,,231.759,0.0,0.0,,,,,306.103,303.0,311.0,,,0.0,3796.0,3824.0,0.0,0.0,0.0,0.0,0.0,0.0,29.0,0.0,0.0,0.0,29.0,0.0,0.0,0.0,0.0,0.0,"solar2_v,lipo2_v"
2020-09-10T16:00:00Z,29.0,29.0,,,0.0,0.0,,,,,,,,,,,4.036,4.034,4.037,,,,231.724,0.0,0.0,,,,,305.31,304.0,306.0,,,0.0,3825.0,3853.0,0.0,0.0,0.0,0.0,0.0,0.0,29.0,0.0,0.0,0.0,29.0,0.0,0.0,0.0,0.0,0.0,"solar2_v,lipo2_v"
2020-09-10T17:00:00Z,30.0,30.0,,,0.0,0.0,,,,,,,,,,,4.036,4.034,4.037,,,,231.7,0.0,0.0,,,,,304.967,302.0,306.0,,,0.0,3854.0,3883.0,0.0,0.0,0.0,0.0,0.0,0.0,30.0,0.0,0.0,0.0,30.0,0.0,0.0,0.0,0.0,0.0,"solar2_v,lipo2_v"
2020-09-10T18:00:00Z,29.0,29.0,,,0.0,0.0,,,,,,,,,,,4.036,4.034,4.037,,,,231.966,0.0,0.0,,,,,302.621,301.0,306.0,,,0.0,3884.0,3912.0,0.0,0.0,0.0,0.0,0.0,0.0,29.0,0.0,0.0,0.0,29.0,0.0,0.0,0.0,0.0,0.0,"solar2_v,lipo2_v"
2020-09-10T19:00:00Z,30.0,30.0,,,0.0,0.0,,,,,,,,,,,4.036,4.032,4.037,,,,232.067,0.0,0.0,,,,,301.233,300.0,304.0,,,0.0,3913.0,3942.0,0.0,0.0,0.0,0.0,0.0,0.0,30.0,0.0,0.0,0.0,30.0,0.0,0.0,0.0,0.0,0.0,"solar2_v,lipo2_v"
2020-09-10T20:00:00Z,29.0,29.0,,,0.0,0.0,,,,,,,,,,,4.035,4.032,4.037,,,,232.31,0.0,0.0,,,,,297.759,295.0,300.0,,,0.0,3943.0,3971.0,0.0,0.0,0.0,0.0,0.0,0.0,29.0,0.0,0.0,0.0,29.0,0.0,0.0,0.0,0.0,0.0,"solar2_v,lipo2_v"
2020-09-10T21:00:00Z,28.0,28.0,,,0.0,0.0,,,,,,,,,,,4.035,4.032,4.036,,,,232.857,0.0,0.0,,,,,294.357,293.0,296.0,,,0.0,3972.0,4001.0,0.0,0.0,0.0,0.0,0.0,0.0,28.0,0.0,0.0,0.0,28.0,0.0,0.0,0.0,0.0,0.0,"solar2_v,lipo2_v"
2020-09-10T22:00:00Z,29.0,29.0,,,0.0,0.0,,,,,,,,,,,4.035,4.032,4.037,,,,233.034,0.0,0.0,,,,,290.724,290.0,294.0,,,0.0,4002.0,4030.0,0.0,0.0,0.0,0.0,0.0,0.0,29.0,0.0,0.0,0.0,29.0,0.0,0.0,0.0,0.0,0.0,"solar2_v,lipo2_v"
2020-09-10T23:00:00Z,30.0,30.0,,,0.309,0.602,,,,,,,,,,,4.035,4.032,4.037,,,,232.067,0.0,0.0,,,,,299.7,291.0,307.0,,,0.0,4031.0,4060.0,0.0,21.0,0.0,0.0,0.0,0.0,30.0,0.0,0.0,0.0,30.0,0.0,0.0,0.0,0.0,0.0,"solar2_v,lipo2_v"
2020-09-11T00:00:00Z,29.0,29.0,,,0.612,0.808,,,,,,,,,,,4.035,4.032,4.036,,,,230.966,0.0,0.0,,,,,312.379,305.0,318.0,,,0.0,4061.0,4089.0,0.0,29.0,0.0,0.0,0.0,0.0,29.0,0.0,0.0,0.0,29.0,0.0,0.0,0.0,0.0,0.0,"solar2_v,lipo2_v"
2020-09-11T01:00:00Z,29.0,29.0,,,1.115,1.574,,,,,,,,,,,4.035,4.034,4.037,,,,228.931,0.0,0.0,,,,,333.241,316.0,353.0,,,0.0,4090.0,4118.0,0.0,29.0,0.0,0.0,0.0,0.0,29.0,0.0,0.0,0.0,29.0,0.0,0.0,0.0,0.0,0.0,"solar2_v,lipo2_v"
2020-09-11T02:00:00Z,30.0,30.0,,,1.171,1.51,,,,,,,,,,,4.036,4.036,4.037,,,,226.1,0.0,0.0,,,,,361.967,353.0,367.0,,,0.0,4119.0,4148.0,0.0,30.0,0.0,0.0,0.0,0.0,30.0,0.0,0.0,0.0,30.0,0.0,0.0,0.0,0.0,0.0,"solar2_v,lipo2_v"
2020-09-11T03:00:00Z,29.0,29.0,,,0.99,1.42,,,,,,,,,,,4.037,4.034,4.039,,,,225.759,0.0,0.0,,,,,369.241,362.0,378.0,,,0.0,4149.0,4177.0,0.0,29.0,0.0,0.0,0.0,0.0,29.0,0.0,0.0,0.0,29.0,0.0,0.0,0.0,0.0,0.0,"solar2_v,lipo2_v"
2020-09-11T04:00:00Z,30.0,30.0,,,1.124,1.533,,,,,,,,,,,4.037,4.036,4.039,,,,223.967,0.0,0.0,,,,,384.833,372.0,395.0,,,0.0,4178.0,4207.0,0.0,30.0,0.0,0.0,0.0,0.0,30.0,0.0,0.0,0.0,30.0,0.0,0.0,0.0,0.0,0.0,"solar2_v,lipo2_v"
2020-09-11T05:00:00Z,29.0,29.0,,,1.114,1.39,,,,,,,,,,,4.038,4.036,4.039,,,,223.414,0.0,0.0,,,,,396.655,384.0,404.0,,,0.0,4208.0,4236.0,0.0,29.0,0.0,0.0,0.0,0.0,29.0,0.0,0.0,0.0,29.0,0.0,0.0,0.0,0.0,0.0,"solar2_v,lipo2_v"
2020-09-11T06:00:00Z,28.0,28.0,,,1.073,1.422,,,,,,,,,,,4.037,4.036,4.039,,,,223.0,0.0,0.0,,,,,399.536,381.0,407.0,,,0.0,4237.0,4264.0,0.0,28.0,0.0,0.0,0.0,0.0,28.0,0.0,0.0,0.0,28.0,0.0,0.0,0.0,0.0,0.0,"solar2_v,lipo2_v"
2020-09-11T07:00:00Z,27.0,27.0,,,1.217,1.553,,,,,,,,,,,4.036,4.034,4.037,,,,223.259,0.0,0.0,,,,,390.889,381.0,401.0,,,0.0,4267.0,4295.0,0.0,27.0,0.0,0.0,0.0,0.0,27.0,0.0,0.0,0.0,27.0,0.0,0.0,0.0,0.0,0.0,"solar2_v,lipo2_v"
2020-09-11T08:00:00Z,30.0,30.0,,,0.559,1.092,,,,,,,,,,,4.036,4.034,4.037,,,,225.733,0.0,0.0,,,,,366.533,354.0,381.0,,,0.0,4296.0,4325.0,0.0,30.0,0.0,0.0,0.0,0.0,30.0,0.0,0.0,0.0,30.0,0.0,0.0,0.0,0.0,0.0,"solar2_v,lipo2_v"
2020-09-11T09:00:00Z,29.0,29.0,,,0.154,0.505,,,,,,,,,,,4.035,4.032,4.036,,,,227.897,0.0,0.0,,,,,345.552,338.0,353.0,,,0.0,4326.0,4354.0,0.0,10.0,0.0,0.0,0.0,0.0,29.0,0.0,0.0,0.0,29.0,0.0,0.0,0.0,0.0,0.0,"solar2_v,lipo2_v"
2020-09-11T10:00:00Z,30.0,30.0,,,0.0,0.0,,,,,,,,,,,4.034,4.031,4.036,,,,228.667,0.0,0.0,,,,,330.067,326.0,337.0,,,0.0,4355.0,4384.0,0.0,0.0,0.0,0.0,0.0,0.0,30.0,0.0,0.0,0.0,30.0,0.0,0.0,0.0,0.0,0.0,"solar2_v,lipo2_v"
2020-09-11T11:00:00Z,29.0,29.0,,,0.0,0.0,,,,,,,,,,,4.034,4.032,4.036,,,,229.724,0.0,0.0,,,,,321.517,319.0,326.0,,,0.0,4385.0,4413.0,0.0,0.0,0.0,0.0,0.0,0.0,29.0,0.0,0.0,0.0,29.0,0.0,0.0,0.0,0.0,0.0,"solar2_v,lipo2_v"
2020-09-11T12:00:00Z,30.0,30.0,,,0.0,0.0,,,,,,,,,,,4.033,4.031,4.034,,,,229.667,0.0,0.0,,,,,320.767,317.0,325.0,,,0.0,4414.0,4443.0,0.0,0.0,0.0,0.0,0.0,0.0,30.0,0.0,0.0,0.0,30.0,0.0,0.0,0.0,0.0,0.0,"solar2_v,lipo2_v"
2020-09-11T13:00:00Z,29.0,29.0,,,0.0,0.0,,,,,,,,,,,4.033,4.031,4.036,,,,230.517,0.0,0.0,,,,,317.276,314.0,325.0,,,0.0,4444.0,4472.0,0.0,0.0,0.0,0.0,0.0,0.0,29.0,0.0,0.0,0.0,29.0,0.0,0.0,0.0,0.0,0.0,"solar2_v,lipo2_v"
2020-09-11T14:00:00Z,25.0,25.0,,,0.0,0.0,,,,,,,,,,,4.032,4.031,4.034,,,,231.04,0.0,0.0,,,,,312.48,310.0,314.0,,,0.0,4473.0,4501.0,0.0,0.0,0.0,0.0,0.0,0.0,25.0,0.0,0.0,0.0,25.0,0.0,0.0,0.0,0.0,0.0,"solar2_v,lipo2_v"
2020-09-11T15:00:00Z,29.0,29.0,,,0.0,0.0,,,,,,,,,,,4.032,4.031,4.034,,,,230.966,0.0,0.0,,,,,313.828,313.0,314.0,,,0.0,4502.0,4530.0,0.0,0.0,0.0,0.0,0.0,0.0,29.0,0.0,0.0,0.0,29.0,0.0,0.0,0.0,0.0,0.0,"solar2_v,lipo2_v"
2020-09-11T16:00:00Z,30.0,30.0,,,0.0,0.0,,,,,,,,,,,4.032,4.031,4.034,,,,230.967,0.0,0.0,,,,,313.2,311.0,314.0,,,0.0,4531.0,4560.0,0.0,0.0,0.0,0.0,0.0,0.0,30.0,0.0,0.0,0.0,30.0,0.0,0.0,0.0,0.0,0.0,"solar2_v,lipo2_v"
2020-09-11T17:00:00Z,29.0,29.0,,,0.0,0.0,,,,,,,,,,,4.032,4.031,4.034,,,,231.276,0.0,0.0,,,,,310.517,309.0,312.0,,,0.0,4561.0,4589.0,0.0,0.0,0.0,0.0,0.0,0.0,29.0,0.0,0.0,0.0,29.0,0.0,0.0,0.0,0.0,0.0,"solar2_v,lipo2_v"
2020-09-11T18:00:00Z,30.0,30.0,,,0.0,0.0,,,,,,,,,,,4.031,4.029,4.034,,,,231.133,0.0,0.0,,,,,309.367,307.0,313.0,,,0.0,4590.0,4619.0,0.0,0.0,0.0,0.0,0.0,0.0,30.0,0.0,0.0,0.0,30.0,0.0,0.0,0.0,0.0,0.0,"solar2_v,lipo2_v"
2020-09-11T19:00:00Z,29.0,29.0,,,0.0,0.0,,,,,,,,,,,4.032,4.031,4.034,,,,231.483,0.0,0.0,,,,,311.207,306.0,313.0,,,0.0,4620.0,4648.0,0.0,0.0,0.0,0.0,0.0,0.0,29.0,0.0,0.0,0.0,29.0,0.0,0.0,0.0,0.0,0.0,"solar2_v,lipo2_v"
2020-09-11T20:00:00Z,30.0,30.0,,,0.0,0.0,,,,,,,,,,,4.031,4.029,4.032,,,,231.833,0.0,0.0,,,,,304.533,303.0,306.0,,,0.0,4649.0,4678.0,0.0,0.0,0.0,0.0,0.0,0.0,30.0,0.0,0.0,0.0,30.0,0.0,0.0,0.0,0.0,0.0,"solar2_v,lipo2_v"
2020-09-11T21:00:00Z,29.0,29.0,,,0.0,0.0,,,,,,,,,,,4.031,4.029,4.032,,,,231.655,0.0,0.0,,,,,305.172,304.0,306.0,,,0.0,4679.0,4707.0,0.0,0.0,0.0,0.0,0.0,0.0,29.0,0.0,0.0,0.0,29.0,0.0,0.0,0.0,0.0,0.0,"solar2_v,lipo2_v"
2020-09-11T22:00:00Z,30.0,30.0,,,0.0,0.0,,,,,,,,,,,4.031,4.029,4.032,,,,232.067,0.0,0.0,,,,,301.333,301.0,304.0,,,0.0,4708.0,4737.0,0.0,0.0,0.0,0.0,0.0,0.0,30.0,0.0,0.0,0.0,30.0,0.0,0.0,0.0,0.0,0.0,"solar2_v,lipo2_v"
2020-09-11T23:00:00Z,28.0,28.0,,,0.188,0.582,,,,,,,,,,,4.031,4.029,4.032,,,,231.357,0.0,0.0,,,,,308.179,300.0,314.0,,,0.0,4738.0,4766.0,0.0,13.0,0.0,0.0,0.0,0.0,28.0,0.0,0.0,0.0,28.0,0.0,0.0,0.0,0.0,0.0,"solar2_v,lipo2_v"
2020-09-12T00:00:00Z,29.0,29.0,,,0.54,0.68,,,,,,,,,,,4.031,4.029,4.032,,,,229.517,0.0,0.0,,,,,322.483,314.0,332.0,,,0.0,4767.0,4795.0,0.0,29.0,0.0,0.0,0.0,0.0,29.0,0.0,0.0,0.0,29.0,0.0,0.0,0.0,0.0,0.0,"solar2_v,lipo2_v"
2020-09-12T01:00:00Z,30.0,30.0,,,1.004,1.397,,,,,,,,,,,4.033,4.031,4.034,,,,227.567,0.0,0.0,,,,,348.533,334.0,365.0,,,0.0,4796.0,4825.0,0.0,30.0,0.0,0.0,0.0,0.0,30.0,0.0,0.0,0.0,30.0,0.0,0.0,0.0,0.0,0.0,"solar2_v,lipo2_v"
2020-09-12T02:00:00Z,29.0,29.0,,,1.254,1.474,,,,,,,,,,,4.033,4.032,4.036,,,,225.069,0.0,0.0,,,,,370.207,365.0,379.0,,,0.0,4826.0,4854.0,0.0,29.0,0.0,0.0,0.0,0.0,29.0,0.0,0.0,0.0,29.0,0.0,0.0,0.0,0.0,0.0,"solar2_v,lipo2_v"
2020-09-12T03:00:00Z,30.0,30.0,,,1.528,1.915,,,,,,,,,,,4.034,4.032,4.036,,,,223.867,0.0,0.0,,,,,384.833,377.0,394.0,,,0.0,4855.0,4884.0,0.0,30.0,0.0,0.0,0.0,0.0,30.0,0.0,0.0,0.0,30.0,0.0,0.0,0.0,0.0,0.0,"solar2_v,lipo2_v"
2020-09-12T04:00:00Z,29.0,29.0,,,1.054,1.897,,,,,,,,,,,4.033,4.031,4.034,,,,224.931,0.0,0.0,,,,,375.345,359.0,385.0,,,0.0,4885.0,4913.0,0.0,29.0,0.0,0.0,0.0,0.0,29.0,0.0,0.0,0.0,29.0,0.0,0.0,0.0,0.0,0.0,"solar2_v,lipo2_v"
2020-09-12T05:00:00Z,30.0,30.0,,,1.472,1.928,,,,,,,,,,,4.032,4.031,4.034,,,,224.333,0.0,0.0,,,,,378.233,357.0,402.0,,,0.0,4914.0,4943.0,0.0,30.0,0.0,0.0,0.0,0.0,30.0,0.0,0.0,0.0,30.0,0.0,0.0,0.0,0.0,0.0,"solar2_v,lipo2_v"
2020-09-12T06:00:00Z,29.0,29.0,,,1.309,1.951,,,,,,,,,,,4.032,4.031,4.032,,,,224.034,0.0,0.0,,,,,382.828,374.0,394.0,,,0.0,4944.0,4972.0,0.0,29.0,0.0,0.0,0.0,0.0,29.0,0.0,0.0,0.0,29.0,0.0,0.0,0.0,0.0,0.0,"solar2_v,lipo2_v"
2020-09-12T07:00:00Z,30.0,30.0,,,1.275,1.587,,,,,,,,,,,4.032,4.031,4.034,,,,223.5,0.0,0.0,,,,,385.833,380.0,394.0,,,0.0,4973.0,5002.0,0.0,30.0,0.0,0.0,0.0,0.0,30.0,0.0,0.0,0.0,30.0,0.0,0.0,0.0,0.0,0.0,"solar2_v,lipo2_v"
2020-09-12T08:00:00Z,29.0,29.0,,,1.029,1.504,,,,,,,,,,,4.032,4.031,4.034,,,,223.655,0.0,0.0,,,,,380.448,379.0,383.0,,,0.0,5003.0,5031.0,0.0,29.0,0.0,0.0,0.0,0.0,29.0,0.0,0.0,0.0,29.0,0.0,0.0,0.0,0.0,0.0,"solar2_v,lipo2_v"
2020-09-12T09:00:00Z,30.0,30.0,,,0.965,2.24,,,,,,,,,,,4.032,4.031,4.034,,,,224.5,0.0,0.0,,,,,375.9,367.0,385.0,,,0.0,5032.0,5061.0,0.0,30.0,0.0,0.0,0.0,0.0,30.0,0.0,0.0,0.0,30.0,0.0,0.0,0.0,0.0,0.0,"solar2_v,lipo2_v"
2020-09-12T10:00:00Z,29.0,29.0,,,0.012,0.344,,,,,,,,,,,4.031,4.029,4.032,,,,228.241,0.0,0.0,,,,,342.931,305.0,366.0,,,0.0,5062.0,5090.0,0.0,1.0,0.0,0.0,0.0,0.0,29.0,0.0,0.0,0.0,29.0,0.0,0.0,0.0,0.0,0.0,"solar2_v,lipo2_v"
2020-09-12T11:00:00Z,30.0,30.0,,,0.0,0.0,,,,,,,,,,,4.029,4.029,4.031,,,,234.0,0.0,0.0,,,,,280.967,273.0,301.0,,,0.0,5091.0,5120.0,0.0,0.0,0.0,0.0,0.0,0.0,30.0,0.0,0.0,0.0,30.0,0.0,0.0,0.0,0.0,0.0,"solar2_v,lipo2_v"
2020-09-12T12:00:00Z,29.0,29.0,,,0.0,0.0,,,,,,,,,,,4.029,4.027,4.031,,,,234.172,0.0,0.0,,,,,280.0,273.0,288.0,,,0.0,5121.0,5149.0,0.0,0.0,0.0,0.0,0.0,0.0,29.0,0.0,0.0,0.0,29.0,0.0,0.0,0.0,0.0,0.0,"solar2_v,lipo2_v"
2020-09-12T13:00:00Z,29.0,29.0,,,0.0,0.0,,,,,,,,,,,4.029,4.029,4.031,,,,232.724,0.0,0.0,,,,,293.414,288.0,298.0,,,0.0,5150.0,5178.0,0.0,0.0,0.0,0.0,0.0,0.0,29.0,0.0,0.0,0.0,29.0,0.0,0.0,0.0,0.0,0.0,"solar2_v,lipo2_v"
2020-09-12T14:00:00Z,30.0,30.0,,,0.0,0.0,,,,,,,,,,,4.029,4.027,4.031,,,,232.967,0.0,0.0,,,,,286.967,286.0,289.0,,,0.0,5179.0,5208.0,0.0,0.0,0.0,0.0,0.0,0.0,30.0,0.0,0.0,0.0,30.0,0.0,0.0,0.0,0.0,0.0,"solar2_v,lipo2_v"
2020-09-12T15:00:00Z,29.0,29.0,,,0.0,0.0,,,,,,,,,,,4.029,4.027,4.029,,,,233.759,0.0,0.0,,,,,282.034,272.0,290.0,,,0.0,5209.0,5237.0,0.0,0.0,0.0,0.0,0.0,0.0,29.0,0.0,0.0,0.0,29.0,0.0,0.0,0.0,0.0,0.0,"solar2_v,lipo2_v"
2020-09-12T16:00:00Z,29.0,29.0,,,0.0,0.0,,,,,,,,,,,4.028,4.027,4.029,,,,234.517,0.0,0.0,,,,,274.655,272.0,277.0,,,0.0,5238.0,5266.0,0.0,0.0,0.0,0.0,0.0,0.0,29.0,0.0,0.0,0.0,29.0,0.0,0.0,0.0,0.0,0.0,"solar2_v,lipo2_v"
2020-09-12T17:00:00Z,30.0,30.0,,,0.0,0.0,,,,,,,,,,,4.028,4.027,4.029,,,,234.233,0.0,0.0,,,,,274.567,274.0,277.0,,,0.0,5267.0,5296.0,0.0,0.0,0.0,0.0,0.0,0.0,30.0,0.0,0.0,0.0,30.0,0.0,0.0,0.0,0.0,0.0,"solar2_v,lipo2_v"
2020-09-12T18:00:00Z,29.0,29.0,,,0.0,0.0,,,,,,,,,,,4.028,4.027,4.029,,,,233.517,0.0,0.0,,,,,280.069,277.0,284.0,,,0.0,5297.0,5325.0,0.0,0.0,0.0,0.0,0.0,0.0,29.0,0.0,0.0,0.0,29.0,0.0,0.0,0.0,0.0,0.0,"solar2_v,lipo2_v"
2020-09-12T19:00:00Z,30.0,30.0,,,0.0,0.0,,,,,,,,,,,4.027,4.027,4.029,,,,233.667,0.0,0.0,,,,,283.467,282.0,286.0,,,0.0,5326.0,5355.0,0.0,0.0,0.0,0.0,0.0,0.0,30.0,0.0,0.0,0.0,30.0,0.0,0.0,0.0,0.0,0.0,"solar2_v,lipo2_v"
2020-09-12T20:00:00Z,29.0,29.0,,,0.0,0.0,,,,,,,,,,,4.027,4.027,4.029,,,,233.69,0.0,0.0,,,,,283.379,281.0,286.0,,,0.0,5356.0,5384.0,0.0,0.0,0.0,0.0,0.0,0.0,29.0,0.0,0.0,0.0,29.0,0.0,0.0,0.0,0.0,0.0,"solar2_v,lipo2_v"
2020-09-12T21:00:00Z,30.0,30.0,,,0.0,0.0,,,,,,,,,,,4.028,4.027,4.029,,,,233.533,0.0,0.0,,,,,286.067,285.0,287.0,,,0.0,5385.0,5414.0,0.0,0.0,0.0,0.0,0.0,0.0,30.0,0.0,0.0,0.0,30.0,0.0,0.0,0.0,0.0,0.0,"solar2_v,lipo2_v"
2020-09-12T22:00:00Z,29.0,29.0,,,0.0,0.0,,,,,,,,,,,4.027,4.027,4.029,,,,233.31,0.0,0.0,,,,,286.655,286.0,287.0,,,0.0,5415.0,5443.0,0.0,0.0,0.0,0.0,0.0,0.0,29.0,0.0,0.0,0.0,29.0,0.0,0.0,0.0,0.0,0.0,"solar2_v,lipo2_v"
2020-09-12T23:00:00Z,30.0,30.0,,,0.262,0.505,,,,,,,,,,,4.027,4.027,4.029,,,,232.7,0.0,0.0,,,,,293.767,287.0,301.0,,,0.0,5444.0,5473.0,0.0,18.0,0.0,0.0,0.0,0.0,30.0,0.0,0.0,0.0,30.0,0.0,0.0,0.0,0.0,0.0,"solar2_v,lipo2_v"
2020-09-13T00:00:00Z,29.0,29.0,,,0.452,0.734,,,,,,,,,,,4.027,4.027,4.029,,,,231.379,0.0,0.0,,,,,305.483,301.0,310.0,,,0.0,5474.0,5502.0,0.0,29.0,0.0,0.0,0.0,0.0,29.0,0.0,0.0,0.0,29.0,0.0,0.0,0.0,0.0,0.0,"solar2_v,lipo2_v"
2020-09-13T01:00:00Z,30.0,30.0,,,0.892,1.354,,,,,,,,,,,4.028,4.027,4.029,,,,229.567,0.0,0.0,,,,,323.133,312.0,330.0,,,0.0,5503.0,5532.0,0.0,30.0,0.0,0.0,0.0,0.0,30.0,0.0,0.0,0.0,30.0,0.0,0.0,0.0,0.0,0.0,"solar2_v,lipo2_v"
2020-09-13T02:00:00Z,29.0,29.0,,,1.056,1.113,,,,,,,,,,,4.028,4.027,4.029,,,,229.138,0.0,0.0,,,,,325.621,323.0,327.0,,,0.0,5533.0,5561.0,0.0,29.0,0.0,0.0,0.0,0.0,29.0,0.0,0.0,0.0,29.0,0.0,0.0,0.0,0.0,0.0,"solar2_v,lipo2_v"
2020-09-13T03:00:00Z,30.0,30.0,,,1.154,1.369,,,,,,,,,,,4.028,4.027,4.029,,,,228.8,0.0,0.0,,,,,331.967,326.0,340.0,,,0.0,5562.0,5591.0,0.0,30.0,0.0,0.0,0.0,0.0,30.0,0.0,0.0,0.0,30.0,0.0,0.0,0.0,0.0,0.0,"solar2_v,lipo2_v"
2020-09-13T04:00:00Z,29.0,29.0,,,1.412,1.899,,,,,,,,,,,4.028,4.027,4.029,,,,227.69,0.0,0.0,,,,,346.621,333.0,366.0,,,0.0,5592.0,5620.0,0.0,29.0,0.0,0.0,0.0,0.0,29.0,0.0,0.0,0.0,29.0,0.0,0.0,0.0,0.0,0.0,"solar2_v,lipo2_v"
2020-09-13T05:00:00Z,30.0,30.0,,,1.582,1.912,,,,,,,,,,,4.029,4.027,4.031,,,,225.667,0.0,0.0,,,,,367.233,365.0,370.0,,,0.0,5621.0,5650.0,0.0,30.0,0.0,0.0,0.0,0.0,30.0,0.0,0.0,0.0,30.0,0.0,0.0,0.0,0.0,0.0,"solar2_v,lipo2_v"
2020-09-13T06:00:00Z,29.0,29.0,,,0.95,1.645,,,,,,,,,,,4.028,4.027,4.029,,,,228.517,0.0,0.0,,,,,334.276,318.0,367.0,,,0.0,5651.0,5679.0,0.0,27.0,0.0,0.0,0.0,0.0,29.0,0.0,0.0,0.0,29.0,0.0,0.0,0.0,0.0,0.0,"solar2_v,lipo2_v"
2020-09-13T07:00:00Z,29.0,29.0,,,1.331,1.805,,,,,,,,,,,4.029,4.027,4.029,,,,227.448,0.0,0.0,,,,,345.448,326.0,355.0,,,0.0,5680.0,5708.0,0.0,29.0,0.0,0.0,0.0,0.0,29.0,0.0,0.0,0.0,29.0,0.0,0.0,0.0,0.0,0.0,"solar2_v,lipo2_v"
2020-09-13T08:00:00Z,30.0,30.0,,,0.605,1.184,,,,,,,,,,,4.027,4.027,4.029,,,,229.133,0.0,0.0,,,,,329.9,316.0,341.0,,,0.0,5709.0,5738.0,0.0,29.0,0.0,0.0,0.0,0.0,30.0,0.0,0.0,0.0,30.0,0.0,0.0,0.0,0.0,0.0,"solar2_v,lipo2_v"
2020-09-13T09:00:00Z,29.0,29.0,,,0.0,0.0,,,,,,,,,,,4.027,4.027,4.027,,,,230.931,0.0,0.0,,,,,312.414,302.0,316.0,,,0.0,5739.0,5767.0,0.0,0.0,0.0,0.0,0.0,0.0,29.0,0.0,0.0,0.0,29.0,0.0,0.0,0.0,0.0,0.0,"solar2_v,lipo2_v"
2020-09-13T10:00:00Z,30.0,30.0,,,0.0,0.0,,,,,,,,,,,4.027,4.027,4.027,,,,231.7,0.0,0.0,,,,,300.933,300.0,301.0,,,0.0,5768.0,5797.0,0.0,0.0,0.0,0.0,0.0,0.0,30.0,0.0,0.0,0.0,30.0,0.0,0.0,0.0,0.0,0.0,"solar2_v,lipo2_v"
2020-09-13T11:00:00Z,29.0,29.0,,,0.0,0.0,,,,,,,,,,,4.027,4.026,4.027,,,,232.724,0.0,0.0,,,,,296.448,293.0,300.0,,,0.0,5798.0,5826.0,0.0,0.0,0.0,0.0,0.0,0.0,29.0,0.0,0.0,0.0,29.0,0.0,0.0,0.0,0.0,0.0,"solar2_v,lipo2_v"
2020-09-13T12:00:00Z,30.0,30.0,,,0.0,0.0,,,,,,,,,,,4.027,4.026,4.027,,,,232.567,0.0,0.0,,,,,295.7,291.0,301.0,,,0.0,5827.0,5856.0,0.0,0.0,0.0,0.0,0.0,0.0,30.0,0.0,0.0,0.0,30.0,0.0,0.0,0.0,0.0,0.0,"solar2_v,lipo2_v"
2020-09-13T13:00:00Z,29.0,29.0,,,0.0,0.0,,,,,,,,,,,4.027,4.026,4.027,,,,233.759,0.0,0.0,,,,,281.862,272.0,291.0,,,0.0,5857.0,5885.0,0.0,0.0,0.0,0.0,0.0,0.0,29.0,0.0,0.0,0.0,29.0,0.0,0.0,0.0,0.0,0.0,"solar2_v,lipo2_v"
2020-09-13T14:00:00Z,29.0,29.0,,,0.0,0.0,,,,,,,,,,,4.026,4.026,4.027,,,,235.0,0.0,0.0,,,,,272.138,270.0,274.0,,,0.0,5886.0,5914.0,0.0,0.0,0.0,0.0,0.0,0.0,29.0,0.0,0.0,0.0,29.0,0.0,0.0,0.0,0.0,0.0,"solar2_v,lipo2_v"
2020-09-13T15:00:00Z,30.0,30.0,,,0.0,0.0,,,,,,,,,,,4.026,4.026,4.027,,,,234.567,0.0,0.0,,,,,274.767,273.0,276.0,,,0.0,5915.0,5944.0,0.0,0.0,0.0,0.0,0.0,0.0,30.0,0.0,0.0,0.0,30.0,0.0,0.0,0.0,0.0,0.0,"solar2_v,lipo2_v"
2020-09-13T16:00:00Z,29.0,29.0,,,0.0,0.0,,,,,,,,,,,4.026,4.024,4.027,,,,234.069,0.0,0.0,,,,,277.207,276.0,278.0,,,0.0,5945.0,5973.0,0.0,0.0,0.0,0.0,0.0,0.0,29.0,0.0,0.0,0.0,29.0,0.0,0.0,0.0,0.0,0.0,"solar2_v,lipo2_v"
2020-09-13T17:00:00Z,30.0,30.0,,,0.0,0.0,,,,,,,,,,,4.026,4.024,4.027,,,,233.967,0.0,0.0,,,,,279.133,278.0,281.0,,,0.0,5974.0,6003.0,0.0,0.0,0.0,0.0,0.0,0.0,30.0,0.0,0.0,0.0,30.0,0.0,0.0,0.0,0.0,0.0,"solar2_v,lipo2_v"
2020-09-13T18:00:00Z,29.0,29.0,,,0.0,0.0,,,,,,,,,,,4.026,4.024,4.027,,,,233.897,0.0,0.0,,,,,277.793,277.0,280.0,,,0.0,6004.0,6032.0,0.0,0.0,0.0,0.0,0.0,0.0,29.0,0.0,0.0,0.0,29.0,0.0,0.0,0.0,0.0,0.0,"solar2_v,lipo2_v"
2020-09-13T19:00:00Z,30.0,30.0,,,0.0,0.0,,,,,,,,,,,4.026,4.024,4.027,,,,233.7,0.0,0.0,,,,,279.167,276.0,285.0,,,0.0,6033.0,6062.0,0.0,0.0,0.0,0.0,0.0,0.0,30.0,0.0,0.0,0.0,30.0,0.0,0.0,0.0,0.0,0.0,"solar2_v,lipo2_v"
2020-09-13T20:00:00Z,26.0,26.0,,,0.0,0.0,,,,,,,,,,,4.025,4.024,4.027,,,,233.654,0.0,0.0,,,,,282.654,280.0,286.0,,,0.0,6063.0,6091.0,0.0,0.0,0.0,0.0,0.0,0.0,26.0,0.0,0.0,0.0,26.0,0.0,0.0,0.0,0.0,0.0,"solar2_v,lipo2_v"
2020-09-13T21:00:00Z,30.0,30.0,,,0.0,0.0,,,,,,,,,,,4.025,4.022,4.026,,,,233.4,0.0,0.0,,,,,286.067,286.0,287.0,,,0.0,6092.0,6121.0,0.0,0.0,0.0,0.0,0.0,0.0,30.0,0.0,0.0,0.0,30.0,0.0,0.0,0.0,0.0,0.0,"solar2_v,lipo2_v"
2020-09-13T22:00:00Z,29.0,29.0,,,0.0,0.0,,,,,,,,,,,4.025,4.022,4.026,,,,233.138,0.0,0.0,,,,,286.207,286.0,287.0,,,0.0,6122.0,6150.0,0.0,0.0,0.0,0.0,0.0,0.0,29.0,0.0,0.0,0.0,29.0,0.0,0.0,0.0,0.0,0.0,"solar2_v,lipo2_v"
2020-09-13T23:00:00Z,30.0,30.0,,,0.0,0.0,,,,,,,,,,,4.024,4.022,4.026,,,,233.567,0.0,0.0,,,,,285.033,283.0,286.0,,,0.0,6151.0,6180.0,0.0,0.0,0.0,0.0,0.0,0.0,30.0,0.0,0.0,0.0,30.0,0.0,0.0,0.0,0.0,0.0,"solar2_v,lipo2_v"
2020-09-14T00:00:00Z,29.0,29.0,,,0.0,0.0,,,,,,,,,,,4.023,4.022,4.026,,,,233.207,0.0,0.0,,,,,289.966,286.0,293.0,,,0.0,6181.0,6209.0,0.0,0.0,0.0,0.0,0.0,0.0,29.0,0.0,0.0,0.0,29.0,0.0,0.0,0.0,0.0,0.0,"solar2_v,lipo2_v"
2020-09-14T01:00:00Z,30.0,30.0,,,0.402,0.741,,,,,,,,,,,4.023,4.021,4.026,,,,233.2,0.0,0.0,,,,,288.7,287.0,292.0,,,0.0,6210.0,6239.0,0.0,24.0,0.0,0.0,0.0,0.0,30.0,0.0,0.0,0.0,30.0,0.0,0.0,0.0,0.0,0.0,"solar2_v,lipo2_v"
2020-09-14T02:00:00Z,29.0,29.0,,,1.067,1.323,,,,,,,,,,,4.023,4.021,4.024,,,,231.828,0.0,0.0,,,,,302.552,290.0,314.0,,,0.0,6240.0,6268.0,0.0,29.0,0.0,0.0,0.0,0.0,29.0,0.0,0.0,0.0,29.0,0.0,0.0,0.0,0.0,0.0,"solar2_v,lipo2_v"
2020-09-14T03:00:00Z,30.0,30.0,,,1.705,2.123,,,,,,,,,,,4.024,4.022,4.026,,,,228.9,0.0,0.0,,,,,331.867,314.0,349.0,,,0.0,6269.0,6298.0,0.0,30.0,0.0,0.0,0.0,0.0,30.0,0.0,0.0,0.0,30.0,0.0,0.0,0.0,0.0,0.0,"solar2_v,lipo2_v"
2020-09-14T04:00:00Z,29.0,29.0,,,1.156,1.712,,,,,,,,,,,4.025,4.024,4.026,,,,228.379,0.0,0.0,,,,,337.483,332.0,346.0,,,0.0,6299.0,6327.0,0.0,29.0,0.0,0.0,0.0,0.0,29.0,0.0,0.0,0.0,29.0,0.0,0.0,0.0,0.0,0.0,"solar2_v,lipo2_v"
2020-09-14T05:00:00Z,29.0,29.0,,,1.702,2.273,,,,,,,,,,,4.025,4.024,4.026,,,,226.897,0.0,0.0,,,,,351.103,333.0,373.0,,,0.0,6328.0,6356.0,0.0,29.0,0.0,0.0,0.0,0.0,29.0,0.0,0.0,0.0,29.0,0.0,0.0,0.0,0.0,0.0,"solar2_v,lipo2_v"
2020-09-14T06:00:00Z,30.0,30.0,,,1.82,2.179,,,,,,,,,,,4.025,4.024,4.027,,,,224.5,0.0,0.0,,,,,379.767,374.0,385.0,,,0.0,6357.0,6386.0,0.0,30.0,0.0,0.0,0.0,0.0,30.0,0.0,0.0,0.0,30.0,0.0,0.0,0.0,0.0,0.0,"solar2_v,lipo2_v"
2020-09-14T07:00:00Z,29.0,29.0,,,1.461,1.966,,,,,,,,,,,4.025,4.022,4.026,,,,224.793,0.0,0.0,,,,,374.379,355.0,391.0,,,0.0,6387.0,6415.0,0.0,29.0,0.0,0.0,0.0,0.0,29.0,0.0,0.0,0.0,29.0,0.0,0.0,0.0,0.0,0.0,"solar2_v,lipo2_v"
2020-09-14T08:00:00Z,30.0,30.0,,,0.881,0.982,,,,,,,,,,,4.023,4.021,4.026,,,,227.6,0.0,0.0,,,,,348.7,342.0,354.0,,,0.0,6416.0,6445.0,0.0,30.0,0.0,0.0,0.0,0.0,30.0,0.0,0.0,0.0,30.0,0.0,0.0,0.0,0.0,0.0,"solar2_v,lipo2_v"
2020-09-14T09:00:00Z,29.0,29.0,,,0.215,0.602,,,,,,,,,,,4.022,4.021,4.024,,,,228.759,0.0,0.0,,,,,331.552,326.0,341.0,,,0.0,6446.0,6474.0,0.0,15.0,0.0,0.0,0.0,0.0,29.0,0.0,0.0,0.0,29.0,0.0,0.0,0.0,0.0,0.0,"solar2_v,lipo2_v"
2020-09-14T10:00:00Z,30.0,30.0,,,0.0,0.0,,,,,,,,,,,4.021,4.019,4.022,,,,229.7,0.0,0.0,,,,,320.233,313.0,325.0,,,0.0,6475.0,6504.0,0.0,0.0,0.0,0.0,0.0,0.0,30.0,0.0,0.0,0.0,30.0,0.0,0.0,0.0,0.0,0.0,"solar2_v,lipo2_v"
2020-09-14T11:00:00Z,29.0,29.0,,,0.0,0.0,,,,,,,,,,,4.021,4.019,4.022,,,,233.069,0.0,0.0,,,,,288.276,277.0,310.0,,,0.0,6505.0,6533.0,0.0,0.0,0.0,0.0,0.0,0.0,29.0,0.0,0.0,0.0,29.0,0.0,0.0,0.0,0.0,0.0,"solar2_v,lipo2_v"
2020-09-14T12:00:00Z,30.0,30.0,,,0.0,0.0,,,,,,,,,,,4.02,4.017,4.022,,,,233.8,0.0,0.0,,,,,283.133,279.0,291.0,,,0.0,6534.0,6563.0,0.0,0.0,0.0,0.0,0.0,0.0,30.0,0.0,0.0,0.0,30.0,0.0,0.0,0.0,0.0,0.0,"solar2_v,lipo2_v"
2020-09-14T13:00:00Z,29.0,29.0,,,0.0,0.0,,,,,,,,,,,4.021,4.019,4.022,,,,232.483,0.0,0.0,,,,,297.69,291.0,300.0,,,0.0,6564.0,6592.0,0.0,0.0,0.0,0.0,0.0,0.0,29.0,0.0,0.0,0.0,29.0,0.0,0.0,0.0,0.0,0.0,"solar2_v,lipo2_v"
2020-09-14T14:00:00Z,28.0,28.0,,,0.0,0.0,,,,,,,,,,,4.019,4.014,4.021,,,,232.0,0.0,0.0,,,,,300.714,300.0,301.0,,,0.0,6593.0,6621.0,0.0,0.0,0.0,0.0,0.0,0.0,28.0,0.0,0.0,0.0,28.0,0.0,0.0,0.0,0.0,0.0,"solar2_v,lipo2_v"
2020-09-14T15:00:00Z,30.0,30.0,,,0.0,0.0,,,,,,,,,,,4.019,4.017,4.021,,,,232.433,0.0,0.0,,,,,297.967,294.0,300.0,,,0.0,6622.0,6651.0,0.0,0.0,0.0,0.0,0.0,0.0,30.0,0.0,0.0,0.0,30.0,0.0,0.0,0.0,0.0,0.0,"solar2_v,lipo2_v"
2020-09-14T16:00:00Z,28.0,28.0,,,0.0,0.0,,,,,,,,,,,4.018,4.016,4.021,,,,232.929,0.0,0.0,,,,,291.464,289.0,294.0,,,0.0,6652.0,6680.0,0.0,0.0,0.0,0.0,0.0,0.0,28.0,0.0,0.0,0.0,28.0,0.0,0.0,0.0,0.0,0.0,"solar2_v,lipo2_v"
2020-09-14T17:00:00Z,30.0,30.0,,,0.0,0.0,,,,,,,,,,,4.017,4.016,4.021,,,,233.367,0.0,0.0,,,,,287.367,286.0,291.0,,,0.0,6681.0,6710.0,0.0,0.0,0.0,0.0,0.0,0.0,30.0,0.0,0.0,0.0,30.0,0.0,0.0,0.0,0.0,0.0,"solar2_v,lipo2_v"
2020-09-14T18:00:00Z,29.0,29.0,,,0.0,0.0,,,,,,,,,,,4.017,4.014,4.019,,,,233.379,0.0,0.0,,,,,286.414,286.0,289.0,,,0.0,6711.0,6739.0,0.0,0.0,0.0,0.0,0.0,0.0,29.0,0.0,0.0,0.0,29.0,0.0,0.0,0.0,0.0,0.0,"solar2_v,lipo2_v"
2020-09-14T19:00:00Z,30.0,30.0,,,0.0,0.0,,,,,,,,,,,4.016,4.014,4.019,,,,233.033,0.0,0.0,,,,,288.867,287.0,290.0,,,0.0,6740.0,6769.0,0.0,0.0,0.0,0.0,0.0,0.0,30.0,0.0,0.0,0.0,30.0,0.0,0.0,0.0,0.0,0.0,"solar2_v,lipo2_v"
2020-09-14T20:00:00Z,29.0,29.0,,,0.0,0.0,,,,,,,,,,,4.015,4.012,4.017,,,,233.448,0.0,0.0,,,,,286.172,285.0,287.0,,,0.0,6770.0,6798.0,0.0,0.0,0.0,0.0,0.0,0.0,29.0,0.0,0.0,0.0,29.0,0.0,0.0,0.0,0.0,0.0,"solar2_v,lipo2_v"
2020-09-14T21:00:00Z,30.0,30.0,,,0.0,0.0,,,,,,,,,,,4.014,4.012,4.017,,,,233.433,0.0,0.0,,,,,285.933,285.0,286.0,,,0.0,6799.0,6828.0,0.0,0.0,0.0,0.0,0.0,0.0,30.0,0.0,0.0,0.0,30.0,0.0,0.0,0.0,0.0,0.0,"solar2_v,lipo2_v"
2020-09-14T22:00:00Z,29.0,29.0,,,0.0,0.0,,,,,,,,,,,4.013,4.011,4.016,,,,233.621,0.0,0.0,,,,,285.276,283.0,286.0,,,0.0,6829.0,6857.0,0.0,0.0,0.0,0.0,0.0,0.0,29.0,0.0,0.0,0.0,29.0,0.0,0.0,0.0,0.0,0.0,"solar2_v,lipo2_v"
2020-09-14T23:00:00Z,25.0,25.0,,,0.192,0.77,,,,,,,,,,,4.013,4.012,4.016,,,,233.04,0.0,0.0,,,,,289.36,282.0,301.0,,,0.0,6858.0,6887.0,0.0,10.0,0.0,0.0,0.0,0.0,25.0,0.0,0.0,0.0,25.0,0.0,0.0,0.0,0.0,0.0,"solar2_v,lipo2_v"
2020-09-15T00:00:00Z,29.0,29.0,,,0.611,0.993,,,,,,,,,,,4.013,4.012,4.016,,,,231.138,0.0,0.0,,,,,308.345,301.0,316.0,,,0.0,6888.0,6916.0,0.0,29.0,0.0,0.0,0.0,0.0,29.0,0.0,0.0,0.0,29.0,0.0,0.0,0.0,0.0,0.0,"solar2_v,lipo2_v"
2020-09-15T01:00:00Z,30.0,30.0,,,0.936,1.285,,,,,,,,,,,4.013,4.011,4.016,,,,229.167,0.0,0.0,,,,,326.133,316.0,340.0,,,0.0,6917.0,6946.0,0.0,30.0,0.0,0.0,0.0,0.0,30.0,0.0,0.0,0.0,30.0,0.0,0.0,0.0,0.0,0.0,"solar2_v,lipo2_v"
2020-09-15T02:00:00Z,29.0,29.0,,,1.29,1.805,,,,,,,,,,,4.014,4.012,4.017,,,,227.655,0.0,0.0,,,,,348.897,339.0,355.0,,,0.0,6947.0,6975.0,0.0,29.0,0.0,0.0,0.0,0.0,29.0,0.0,0.0,0.0,29.0,0.0,0.0,0.0,0.0,0.0,"solar2_v,lipo2_v"
2020-09-15T03:00:00Z,29.0,29.0,,,1.299,1.645,,,,,,,,,,,4.015,4.012,4.017,,,,226.138,0.0,0.0,,,,,366.207,355.0,374.0,,,0.0,6976.0,7004.0,0.0,29.0,0.0,0.0,0.0,0.0,29.0,0.0,0.0,0.0,29.0,0.0,0.0,0.0,0.0,0.0,"solar2_v,lipo2_v"
2020-09-15T04:00:00Z,30.0,30.0,,,1.343,1.694,,,,,,,,,,,4.015,4.012,4.017,,,,225.233,0.0,0.0,,,,,374.567,368.0,380.0,,,0.0,7005.0,7034.0,0.0,30.0,0.0,0.0,0.0,0.0,30.0,0.0,0.0,0.0,30.0,0.0,0.0,0.0,0.0,0.0,"solar2_v,lipo2_v"
2020-09-15T05:00:00Z,29.0,29.0,,,1.516,1.859,,,,,,,,,,,4.015,4.012,4.017,,,,225.241,0.0,0.0,,,,,373.103,367.0,386.0,,,0.0,7035.0,7063.0,0.0,29.0,0.0,0.0,0.0,0.0,29.0,0.0,0.0,0.0,29.0,0.0,0.0,0.0,0.0,0.0,"solar2_v,lipo2_v"
2020-09-15T06:00:00Z,29.0,29.0,,,1.159,1.677,,,,,,,,,,,4.013,4.011,4.016,,,,225.31,0.0,0.0,,,,,369.241,366.0,381.0,,,0.0,7064.0,7092.0,0.0,29.0,0.0,0.0,0.0,0.0,29.0,0.0,0.0,0.0,29.0,0.0,0.0,0.0,0.0,0.0,"solar2_v,lipo2_v"
2020-09-15T07:00:00Z,29.0,29.0,,,0.781,1.546,,,,,,,,,,,4.011,4.009,4.014,,,,227.828,0.0,0.0,,,,,344.724,327.0,366.0,,,0.0,7094.0,7122.0,0.0,29.0,0.0,0.0,0.0,0.0,29.0,0.0,0.0,0.0,29.0,0.0,0.0,0.0,0.0,0.0,"solar2_v,lipo2_v"
2020-09-15T08:00:00Z,30.0,30.0,,,0.92,1.312,,,,,,,,,,,4.011,4.009,4.012,,,,227.4,0.0,0.0,,,,,353.367,347.0,357.0,,,0.0,7123.0,7152.0,0.0,30.0,0.0,0.0,0.0,0.0,30.0,0.0,0.0,0.0,30.0,0.0,0.0,0.0,0.0,0.0,"solar2_v,lipo2_v"
2020-09-15T09:00:00Z,29.0,29.0,,,0.458,0.551,,,,,,,,,,,4.011,4.009,4.012,,,,228.276,0.0,0.0,,,,,342.207,338.0,346.0,,,0.0,7153.0,7181.0,0.0,29.0,0.0,0.0,0.0,0.0,29.0,0.0,0.0,0.0,29.0,0.0,0.0,0.0,0.0,0.0,"solar2_v,lipo2_v"
2020-09-15T10:00:00Z,30.0,30.0,,,0.125,0.451,,,,,,,,,,,4.011,4.009,4.012,,,,228.867,0.0,0.0,,,,,335.6,328.0,340.0,,,0.0,7182.0,7211.0,0.0,9.0,0.0,0.0,0.0,0.0,30.0,0.0,0.0,0.0,30.0,0.0,0.0,0.0,0.0,0.0,"solar2_v,lipo2_v"
2020-09-15T11:00:00Z,29.0,29.0,,,0.0,0.0,,,,,,,,,,,4.01,4.007,4.011,,,,229.241,0.0,0.0,,,,,324.759,316.0,331.0,,,0.0,7212.0,7240.0,0.0,0.0,0.0,0.0,0.0,0.0,29.0,0.0,0.0,0.0,29.0,0.0,0.0,0.0,0.0,0.0,"solar2_v,lipo2_v"
2020-09-15T12:00:00Z,30.0,30.0,,,0.0,0.0,,,,,,,,,,,4.008,4.006,4.011,,,,230.5,0.0,0.0,,,,,314.167,314.0,316.0,,,0.0,7241.0,7270.0,0.0,0.0,0.0,0.0,0.0,0.0,30.0,0.0,0.0,0.0,30.0,0.0,0.0,0.0,0.0,0.0,"solar2_v,lipo2_v"
2020-09-15T13:00:00Z,29.0,29.0,,,0.0,0.0,,,,,,,,,,,4.007,4.006,4.009,,,,231.586,0.0,0.0,,,,,308.517,301.0,314.0,,,0.0,7271.0,7299.0,0.0,0.0,0.0,0.0,0.0,0.0,29.0,0.0,0.0,0.0,29.0,0.0,0.0,0.0,0.0,0.0,"solar2_v,lipo2_v"
2020-09-15T14:00:00Z,29.0,29.0,,,0.0,0.0,,,,,,,,,,,4.006,4.006,4.007,,,,232.241,0.0,0.0,,,,,300.759,300.0,301.0,,,0.0,7300.0,7328.0,0.0,0.0,0.0,0.0,0.0,0.0,29.0,0.0,0.0,0.0,29.0,0.0,0.0,0.0,0.0,0.0,"solar2_v,lipo2_v"
2020-09-15T15:00:00Z,29.0,29.0,,,0.0,0.0,,,,,,,,,,,4.006,4.004,4.007,,,,232.138,0.0,0.0,,,,,300.828,300.0,301.0,,,0.0,7330.0,7358.0,0.0,0.0,0.0,0.0,0.0,0.0,29.0,0.0,0.0,0.0,29.0,0.0,0.0,0.0,0.0,0.0,"solar2_v,lipo2_v"
2020-09-15T16:00:00Z,29.0,29.0,,,0.0,0.0,,,,,,,,,,,4.005,4.003,4.006,,,,232.034,0.0,0.0,,,,,301.034,301.0,302.0,,,0.0,7359.0,7387.0,0.0,0.0,0.0,0.0,0.0,0.0,29.0,0.0,0.0,0.0,29.0,0.0,0.0,0.0,0.0,0.0,"solar2_v,lipo2_v"
2020-09-15T17:00:00Z,30.0,30.0,,,0.0,0.0,,,,,,,,,,,4.004,4.003,4.006,,,,232.133,0.0,0.0,,,,,300.767,299.0,302.0,,,0.0,7388.0,7417.0,0.0,0.0,0.0,0.0,0.0,0.0,30.0,0.0,0.0,0.0,30.0,0.0,0.0,0.0,0.0,0.0,"solar2_v,lipo2_v"
2020-09-15T18:00:00Z,29.0,29.0,,,0.0,0.0,,,,,,,,,,,4.004,4.003,4.004,,,,232.517,0.0,0.0,,,,,298.828,296.0,300.0,,,0.0,7418.0,7446.0,0.0,0.0,0.0,0.0,0.0,0.0,29.0,0.0,0.0,0.0,29.0,0.0,0.0,0.0,0.0,0.0,"solar2_v,lipo2_v"
2020-09-15T19:00:00Z,30.0,30.0,,,0.0,0.0,,,,,,,,,,,4.004,4.001,4.006,,,,232.7,0.0,0.0,,,,,297.167,296.0,298.0,,,0.0,7447.0,7476.0,0.0,0.0,0.0,0.0,0.0,0.0,30.0,0.0,0.0,0.0,30.0,0.0,0.0,0.0,0.0,0.0,"solar2_v,lipo2_v"
2020-09-15T20:00:00Z,29.0,29.0,,,0.0,0.0,,,,,,,,,,,4.003,4.001,4.004,,,,232.793,0.0,0.0,,,,,296.069,295.0,298.0,,,0.0,7477.0,7505.0,0.0,0.0,0.0,0.0,0.0,0.0,29.0,0.0,0.0,0.0,29.0,0.0,0.0,0.0,0.0,0.0,"solar2_v,lipo2_v"
2020-09-15T21:00:00Z,30.0,30.0,,,0.0,0.0,,,,,,,,,,,4.002,4.001,4.004,,,,233.1,0.0,0.0,,,,,293.467,290.0,295.0,,,0.0,7506.0,7535.0,0.0,0.0,0.0,0.0,0.0,0.0,30.0,0.0,0.0,0.0,30.0,0.0,0.0,0.0,0.0,0.0,"solar2_v,lipo2_v"
2020-09-15T22:00:00Z,29.0,29.0,,,0.0,0.0,,,,,,,,,,,4.001,4.001,4.003,,,,233.069,0.0,0.0,,,,,288.276,287.0,289.0,,,0.0,7536.0,7564.0,0.0,0.0,0.0,0.0,0.0,0.0,29.0,0.0,0.0,0.0,29.0,0.0,0.0,0.0,0.0,0.0,"solar2_v,lipo2_v"
2020-09-15T23:00:00Z,30.0,30.0,,,0.137,0.529,,,,,,,,,,,4.001,3.999,4.003,,,,232.933,0.0,0.0,,,,,293.267,289.0,300.0,,,0.0,7565.0,7594.0,0.0,10.0,0.0,0.0,0.0,0.0,30.0,0.0,0.0,0.0,30.0,0.0,0.0,0.0,0.0,0.0,"solar2_v,lipo2_v"
2020-09-16T00:00:00Z,29.0,29.0,,,0.868,1.182,,,,,,,,,,,4.0,3.999,4.001,,,,230.759,0.0,0.0,,,,,311.517,301.0,326.0,,,0.0,7595.0,7623.0,0.0,29.0,0.0,0.0,0.0,0.0,29.0,0.0,0.0,0.0,29.0,0.0,0.0,0.0,0.0,0.0,"solar2_v,lipo2_v"
2020-09-16T01:00:00Z,30.0,30.0,,,1.008,1.651,,,,,,,,,,,4.0,3.999,4.001,,,,228.867,0.0,0.0,,,,,329.667,326.0,335.0,,,0.0,7624.0,7653.0,0.0,30.0,0.0,0.0,0.0,0.0,30.0,0.0,0.0,0.0,30.0,0.0,0.0,0.0,0.0,0.0,"solar2_v,lipo2_v"
2020-09-16T02:00:00Z,29.0,29.0,,,1.376,1.818,,,,,,,,,,,4.001,3.998,4.003,,,,227.241,0.0,0.0,,,,,351.552,330.0,360.0,,,0.0,7654.0,7682.0,0.0,29.0,0.0,0.0,0.0,0.0,29.0,0.0,0.0,0.0,29.0,0.0,0.0,0.0,0.0,0.0,"solar2_v,lipo2_v"
2020-09-16T03:00:00Z,30.0,30.0,,,1.279,1.713,,,,,,,,,,,4.0,3.999,4.001,,,,225.5,0.0,0.0,,,,,365.467,354.0,377.0,,,0.0,7683.0,7712.0,0.0,30.0,0.0,0.0,0.0,0.0,30.0,0.0,0.0,0.0,30.0,0.0,0.0,0.0,0.0,0.0,"solar2_v,lipo2_v"
2020-09-16T04:00:00Z,29.0,29.0,,,1.351,1.738,,,,,,,,,,,4.001,3.999,4.003,,,,224.138,0.0,0.0,,,,,383.655,368.0,394.0,,,0.0,7713.0,7741.0,0.0,29.0,0.0,0.0,0.0,0.0,29.0,0.0,0.0,0.0,29.0,0.0,0.0,0.0,0.0,0.0,"solar2_v,lipo2_v"
2020-09-16T05:00:00Z,30.0,30.0,,,1.182,1.577,,,,,,,,,,,4.0,3.999,4.001,,,,223.867,0.0,0.0,,,,,384.667,375.0,394.0,,,0.0,7742.0,7771.0,0.0,30.0,0.0,0.0,0.0,0.0,30.0,0.0,0.0,0.0,30.0,0.0,0.0,0.0,0.0,0.0,"solar2_v,lipo2_v"
2020-09-16T06:00:00Z,29.0,29.0,,,1.385,1.579,,,,,,,,,,,3.999,3.998,4.001,,,,223.241,0.0,0.0,,,,,391.862,386.0,394.0,,,0.0,7772.0,7800.0,0.0,29.0,0.0,0.0,0.0,0.0,29.0,0.0,0.0,0.0,29.0,0.0,0.0,0.0,0.0,0.0,"solar2_v,lipo2_v"
2020-09-16T07:00:00Z,25.0,25.0,,,1.252,1.441,,,,,,,,,,,3.999,3.999,3.999,,,,223.36,0.0,0.0,,,,,384.44,379.0,393.0,,,0.0,7801.0,7829.0,0.0,25.0,0.0,0.0,0.0,0.0,25.0,0.0,0.0,0.0,25.0,0.0,0.0,0.0,0.0,0.0,"solar2_v,lipo2_v"
2020-09-16T08:00:00Z,30.0,30.0,,,1.064,1.372,,,,,,,,,,,3.999,3.998,4.001,,,,224.833,0.0,0.0,,,,,375.733,367.0,380.0,,,0.0,7830.0,7859.0,0.0,30.0,0.0,0.0,0.0,0.0,30.0,0.0,0.0,0.0,30.0,0.0,0.0,0.0,0.0,0.0,"solar2_v,lipo2_v"
2020-09-16T09:00:00Z,28.0,28.0,,,0.667,0.839,,,,,,,,,,,3.998,3.996,3.999,,,,226.464,0.0,0.0,,,,,363.357,354.0,367.0,,,0.0,7860.0,7888.0,0.0,28.0,0.0,0.0,0.0,0.0,28.0,0.0,0.0,0.0,28.0,0.0,0.0,0.0,0.0,0.0,"solar2_v,lipo2_v"
2020-09-16T10:00:00Z,29.0,29.0,,,0.051,0.393,,,,,,,,,,,3.997,3.994,3.999,,,,228.103,0.0,0.0,,,,,347.345,340.0,354.0,,,0.0,7889.0,7918.0,0.0,4.0,0.0,0.0,0.0,0.0,29.0,0.0,0.0,0.0,29.0,0.0,0.0,0.0,0.0,0.0,"solar2_v,lipo2_v"
2020-09-16T11:00:00Z,29.0,29.0,,,0.0,0.0,,,,,,,,,,,3.995,3.994,3.998,,,,228.517,0.0,0.0,,,,,332.897,327.0,340.0,,,0.0,7919.0,7947.0,0.0,0.0,0.0,0.0,0.0,0.0,29.0,0.0,0.0,0.0,29.0,0.0,0.0,0.0,0.0,0.0,"solar2_v,lipo2_v"
2020-09-16T12:00:00Z,25.0,25.0,,,0.0,0.0,,,,,,,,,,,3.994,3.993,3.996,,,,229.56,0.0,0.0,,,,,323.68,320.0,327.0,,,0.0,7948.0,7976.0,0.0,0.0,0.0,0.0,0.0,0.0,25.0,0.0,0.0,0.0,25.0,0.0,0.0,0.0,0.0,0.0,"solar2_v,lipo2_v"
2020-09-16T13:00:00Z,30.0,30.0,,,0.0,0.0,,,,,,,,,,,3.992,3.989,3.994,,,,230.2,0.0,0.0,,,,,317.133,314.0,321.0,,,0.0,7977.0,8006.0,0.0,0.0,0.0,0.0,0.0,0.0,30.0,0.0,0.0,0.0,30.0,0.0,0.0,0.0,0.0,0.0,"solar2_v,lipo2_v"
2020-09-16T14:00:00Z,26.0,26.0,,,0.0,0.0,,,,,,,,,,,3.99,3.988,3.991,,,,230.808,0.0,0.0,,,,,312.846,310.0,314.0,,,0.0,8007.0,8035.0,0.0,0.0,0.0,0.0,0.0,0.0,26.0,0.0,0.0,0.0,26.0,0.0,0.0,0.0,0.0,0.0,"solar2_v,lipo2_v"
2020-09-16T15:00:00Z,29.0,29.0,,,0.0,0.0,,,,,,,,,,,3.989,3.988,3.991,,,,230.931,0.0,0.0,,,,,314.276,314.0,315.0,,,0.0,8036.0,8064.0,0.0,0.0,0.0,0.0,0.0,0.0,29.0,0.0,0.0,0.0,29.0,0.0,0.0,0.0,0.0,0.0,"solar2_v,lipo2_v"
2020-09-16T16:00:00Z,30.0,30.0,,,0.0,0.0,,,,,,,,,,,3.988,3.986,3.991,,,,231.1,0.0,0.0,,,,,311.767,308.0,314.0,,,0.0,8065.0,8094.0,0.0,0.0,0.0,0.0,0.0,0.0,30.0,0.0,0.0,0.0,30.0,0.0,0.0,0.0,0.0,0.0,"solar2_v,lipo2_v"
2020-09-16T17:00:00Z,29.0,29.0,,,0.0,0.0,,,,,,,,,,,3.988,3.986,3.991,,,,230.931,0.0,0.0,,,,,309.931,306.0,313.0,,,0.0,8095.0,8123.0,0.0,0.0,0.0,0.0,0.0,0.0,29.0,0.0,0.0,0.0,29.0,0.0,0.0,0.0,0.0,0.0,"solar2_v,lipo2_v"
2020-09-16T18:00:00Z,30.0,30.0,,,0.0,0.0,,,,,,,,,,,3.987,3.986,3.989,,,,231.667,0.0,0.0,,,,,305.633,303.0,311.0,,,0.0,8124.0,8153.0,0.0,0.0,0.0,0.0,0.0,0.0,30.0,0.0,0.0,0.0,30.0,0.0,0.0,0.0,0.0,0.0,"solar2_v,lipo2_v"
2020-09-16T19:00:00Z,29.0,29.0,,,0.0,0.0,,,,,,,,,,,3.986,3.983,3.988,,,,231.724,0.0,0.0,,,,,302.724,301.0,304.0,,,0.0,8154.0,8182.0,0.0,0.0,0.0,0.0,0.0,0.0,29.0,0.0,0.0,0.0,29.0,0.0,0.0,0.0,0.0,0.0,"solar2_v,lipo2_v"
2020-09-16T20:00:00Z,30.0,30.0,,,0.0,0.0,,,,,,,,,,,3.984,3.981,3.986,,,,232.033,0.0,0.0,,,,,301.3,301.0,302.0,,,0.0,8183.0,8212.0,0.0,0.0,0.0,0.0,0.0,0.0,30.0,0.0,0.0,0.0,30.0,0.0,0.0,0.0,0.0,0.0,"solar2_v,lipo2_v"
2020-09-16T21:00:00Z,29.0,29.0,,,0.0,0.0,,,,,,,,,,,3.983,3.983,3.984,,,,231.862,0.0,0.0,,,,,301.448,301.0,303.0,,,0.0,8213.0,8241.0,0.0,0.0,0.0,0.0,0.0,0.0,29.0,0.0,0.0,0.0,29.0,0.0,0.0,0.0,0.0,0.0,"solar2_v,lipo2_v"
2020-09-16T22:00:00Z,30.0,30.0,,,0.0,0.0,,,,,,,,,,,3.983,3.981,3.984,,,,231.967,0.0,0.0,,,,,300.933,300.0,301.0,,,0.0,8242.0,8271.0,0.0,0.0,0.0,0.0,0.0,0.0,30.0,0.0,0.0,0.0,30.0,0.0,0.0,0.0,0.0,0.0,"solar2_v,lipo2_v"
2020-09-16T23:00:00Z,29.0,29.0,,,0.086,0.482,,,,,,,,,,,3.981,3.979,3.984,,,,231.793,0.0,0.0,,,,,302.552,300.0,306.0,,,0.0,8272.0,8300.0,0.0,6.0,0.0,0.0,0.0,0.0,29.0,0.0,0.0,0.0,29.0,0.0,0.0,0.0,0.0,0.0,"solar2_v,lipo2_v"
2020-09-17T00:00:00Z,30.0,30.0,,,0.899,1.287,,,,,,,,,,,3.98,3.979,3.983,,,,229.867,0.0,0.0,,,,,320.033,306.0,332.0,,,0.0,8301.0,8330.0,0.0,30.0,0.0,0.0,0.0,0.0,30.0,0.0,0.0,0.0,30.0,0.0,0.0,0.0,0.0,0.0,"solar2_v,lipo2_v"
2020-09-17T01:00:00Z,29.0,29.0,,,1.567,1.932,,,,,,,,,,,3.98,3.979,3.983,,,,227.931,0.0,0.0,,,,,344.69,331.0,358.0,,,0.0,8331.0,8359.0,0.0,29.0,0.0,0.0,0.0,0.0,29.0,0.0,0.0,0.0,29.0,0.0,0.0,0.0,0.0,0.0,"solar2_v,lipo2_v"
2020-09-17T02:00:00Z,30.0,30.0,,,1.448,1.93,,,,,,,,,,,3.979,3.978,3.981,,,,225.633,0.0,0.0,,,,,366.133,358.0,373.0,,,0.0,8360.0,8389.0,0.0,30.0,0.0,0.0,0.0,0.0,30.0,0.0,0.0,0.0,30.0,0.0,0.0,0.0,0.0,0.0,"solar2_v,lipo2_v"
2020-09-17T03:00:00Z,29.0,29.0,,,1.389,1.707,,,,,,,,,,,3.979,3.978,3.979,,,,224.414,0.0,0.0,,,,,376.138,370.0,380.0,,,0.0,8390.0,8418.0,0.0,29.0,0.0,0.0,0.0,0.0,29.0,0.0,0.0,0.0,29.0,0.0,0.0,0.0,0.0,0.0,"solar2_v,lipo2_v"
2020-09-17T04:00:00Z,29.0,29.0,,,1.382,1.887,,,,,,,,,,,3.978,3.976,3.981,,,,223.793,0.0,0.0,,,,,382.621,378.0,390.0,,,0.0,8419.0,8447.0,0.0,29.0,0.0,0.0,0.0,0.0,29.0,0.0,0.0,0.0,29.0,0.0,0.0,0.0,0.0,0.0,"solar2_v,lipo2_v"
2020-09-17T05:00:00Z,30.0,30.0,,,1.389,1.728,,,,,,,,,,,3.978,3.976,3.979,,,,223.6,0.0,0.0,,,,,388.8,381.0,396.0,,,0.0,8448.0,8477.0,0.0,30.0,0.0,0.0,0.0,0.0,30.0,0.0,0.0,0.0,30.0,0.0,0.0,0.0,0.0,0.0,"solar2_v,lipo2_v"
2020-09-17T06:00:00Z,28.0,28.0,,,1.381,1.741,,,,,,,,,,,3.978,3.976,3.979,,,,223.071,0.0,0.0,,,,,394.429,389.0,399.0,,,0.0,8478.0,8505.0,0.0,28.0,0.0,0.0,0.0,0.0,28.0,0.0,0.0,0.0,28.0,0.0,0.0,0.0,0.0,0.0,"solar2_v,lipo2_v"
2020-09-17T07:00:00Z,30.0,30.0,,,1.266,1.717,,,,,,,,,,,3.977,3.976,3.978,,,,224.267,0.0,0.0,,,,,383.633,371.0,394.0,,,0.0,8507.0,8536.0,0.0,30.0,0.0,0.0,0.0,0.0,30.0,0.0,0.0,0.0,30.0,0.0,0.0,0.0,0.0,0.0,"solar2_v,lipo2_v"
2020-09-17T08:00:00Z,28.0,28.0,,,0.999,1.302,,,,,,,,,,,3.976,3.974,3.978,,,,224.357,0.0,0.0,,,,,376.286,374.0,383.0,,,0.0,8538.0,8565.0,0.0,28.0,0.0,0.0,0.0,0.0,28.0,0.0,0.0,0.0,28.0,0.0,0.0,0.0,0.0,0.0,"solar2_v,lipo2_v"
2020-09-17T09:00:00Z,27.0,27.0,,,0.606,0.869,,,,,,,,,,,3.975,3.974,3.976,,,,225.889,0.0,0.0,,,,,366.111,354.0,374.0,,,0.0,8566.0,8595.0,0.0,27.0,0.0,0.0,0.0,0.0,27.0,0.0,0.0,0.0,27.0,0.0,0.0,0.0,0.0,0.0,"solar2_v,lipo2_v"
2020-09-17T10:00:00Z,28.0,28.0,,,0.0,0.0,,,,,,,,,,,3.974,3.973,3.976,,,,227.643,0.0,0.0,,,,,344.929,328.0,354.0,,,0.0,8596.0,8624.0,0.0,0.0,0.0,0.0,0.0,0.0,28.0,0.0,0.0,0.0,28.0,0.0,0.0,0.0,0.0,0.0,"solar2_v,lipo2_v"
2020-09-17T11:00:00Z,30.0,30.0,,,0.0,0.0,,,,,,,,,,,3.973,3.971,3.974,,,,231.733,0.0,0.0,,,,,302.033,289.0,327.0,,,0.0,8625.0,8654.0,0.0,0.0,0.0,0.0,0.0,0.0,30.0,0.0,0.0,0.0,30.0,0.0,0.0,0.0,0.0,0.0,"solar2_v,lipo2_v"
2020-09-17T12:00:00Z,29.0,29.0,,,0.0,0.0,,,,,,,,,,,3.971,3.968,3.973,,,,233.241,0.0,0.0,,,,,288.276,287.0,291.0,,,0.0,8655.0,8683.0,0.0,0.0,0.0,0.0,0.0,0.0,29.0,0.0,0.0,0.0,29.0,0.0,0.0,0.0,0.0,0.0,"solar2_v,lipo2_v"
2020-09-17T13:00:00Z,29.0,29.0,,,0.0,0.0,,,,,,,,,,,3.969,3.966,3.973,,,,233.034,0.0,0.0,,,,,291.552,289.0,295.0,,,0.0,8684.0,8712.0,0.0,0.0,0.0,0.0,0.0,0.0,29.0,0.0,0.0,0.0,29.0,0.0,0.0,0.0,0.0,0.0,"solar2_v,lipo2_v"
2020-09-17T14:00:00Z,30.0,30.0,,,0.0,0.0,,,,,,,,,,,3.967,3.966,3.97,,,,233.467,0.0,0.0,,,,,287.033,287.0,288.0,,,0.0,8713.0,8742.0,0.0,0.0,0.0,0.0,0.0,0.0,30.0,0.0,0.0,0.0,30.0,0.0,0.0,0.0,0.0,0.0,"solar2_v,lipo2_v"
2020-09-17T15:00:00Z,29.0,29.0,,,0.0,0.0,,,,,,,,,,,3.966,3.965,3.968,,,,232.897,0.0,0.0,,,,,292.345,287.0,296.0,,,0.0,8743.0,8771.0,0.0,0.0,0.0,0.0,0.0,0.0,29.0,0.0,0.0,0.0,29.0,0.0,0.0,0.0,0.0,0.0,"solar2_v,lipo2_v"
2020-09-17T16:00:00Z,29.0,29.0,,,0.0,0.0,,,,,,,,,,,3.965,3.963,3.966,,,,231.966,0.0,0.0,,,,,300.345,296.0,301.0,,,0.0,8772.0,8800.0,0.0,0.0,0.0,0.0,0.0,0.0,29.0,0.0,0.0,0.0,29.0,0.0,0.0,0.0,0.0,0.0,"solar2_v,lipo2_v"
2020-09-17T17:00:00Z,30.0,30.0,,,0.0,0.0,,,,,,,,,,,3.964,3.961,3.966,,,,232.033,0.0,0.0,,,,,300.433,300.0,301.0,,,0.0,8801.0,8830.0,0.0,0.0,0.0,0.0,0.0,0.0,30.0,0.0,0.0,0.0,30.0,0.0,0.0,0.0,0.0,0.0,"solar2_v,lipo2_v"
2020-09-17T18:00:00Z,29.0,29.0,,,0.0,0.0,,,,,,,,,,,3.961,3.96,3.963,,,,232.241,0.0,0.0,,,,,299.379,296.0,301.0,,,0.0,8831.0,8859.0,0.0,0.0,0.0,0.0,0.0,0.0,29.0,0.0,0.0,0.0,29.0,0.0,0.0,0.0,0.0,0.0,"solar2_v,lipo2_v"
2020-09-17T19:00:00Z,30.0,30.0,,,0.0,0.0,,,,,,,,,,,3.961,3.958,3.963,,,,232.3,0.0,0.0,,,,,298.5,297.0,300.0,,,0.0,8860.0,8889.0,0.0,0.0,0.0,0.0,0.0,0.0,30.0,0.0,0.0,0.0,30.0,0.0,0.0,0.0,0.0,0.0,"solar2_v,lipo2_v"
2020-09-17T20:00:00Z,29.0,29.0,,,0.0,0.0,,,,,,,,,,,3.958,3.955,3.96,,,,232.69,0.0,0.0,,,,,295.172,294.0,297.0,,,0.0,8890.0,8918.0,0.0,0.0,0.0,0.0,0.0,0.0,29.0,0.0,0.0,0.0,29.0,0.0,0.0,0.0,0.0,0.0,"solar2_v,lipo2_v"
2020-09-17T21:00:00Z,30.0,30.0,,,0.0,0.0,,,,,,,,,,,3.957,3.956,3.96,,,,232.933,0.0,0.0,,,,,292.533,291.0,295.0,,,0.0,8919.0,8948.0,0.0,0.0,0.0,0.0,0.0,0.0,30.0,0.0,0.0,0.0,30.0,0.0,0.0,0.0,0.0,0.0,"solar2_v,lipo2_v"
2020-09-17T22:00:00Z,29.0,29.0,,,0.0,0.0,,,,,,,,,,,3.955,3.953,3.958,,,,233.0,0.0,0.0,,,,,292.414,292.0,294.0,,,0.0,8949.0,8977.0,0.0,0.0,0.0,0.0,0.0,0.0,29.0,0.0,0.0,0.0,29.0,0.0,0.0,0.0,0.0,0.0,"solar2_v,lipo2_v"
2020-09-17T23:00:00Z,30.0,30.0,,,0.176,0.547,,,,,,,,,,,3.955,3.953,3.956,,,,232.533,0.0,0.0,,,,,295.367,293.0,300.0,,,0.0,8978.0,9007.0,0.0,12.0,0.0,0.0,0.0,0.0,30.0,0.0,0.0,0.0,30.0,0.0,0.0,0.0,0.0,0.0,"solar2_v,lipo2_v"
2020-09-18T00:00:00Z,29.0,29.0,,,0.542,0.866,,,,,,,,,,,3.953,3.951,3.955,,,,231.759,0.0,0.0,,,,,302.828,300.0,310.0,,,0.0,9008.0,9036.0,0.0,26.0,0.0,0.0,0.0,0.0,29.0,0.0,0.0,0.0,29.0,0.0,0.0,0.0,0.0,0.0,"solar2_v,lipo2_v"
2020-09-18T01:00:00Z,30.0,30.0,,,0.963,1.52,,,,,,,,,,,3.952,3.95,3.955,,,,230.3,0.0,0.0,,,,,315.7,310.0,321.0,,,0.0,9037.0,9066.0,0.0,30.0,0.0,0.0,0.0,0.0,30.0,0.0,0.0,0.0,30.0,0.0,0.0,0.0,0.0,0.0,"solar2_v,lipo2_v"
2020-09-18T02:00:00Z,29.0,29.0,,,1.668,1.776,,,,,,,,,,,3.951,3.95,3.953,,,,228.621,0.0,0.0,,,,,333.138,321.0,342.0,,,0.0,9067.0,9095.0,0.0,29.0,0.0,0.0,0.0,0.0,29.0,0.0,0.0,0.0,29.0,0.0,0.0,0.0,0.0,0.0,"solar2_v,lipo2_v"
2020-09-18T03:00:00Z,30.0,30.0,,,1.577,1.915,,,,,,,,,,,3.951,3.95,3.953,,,,227.7,0.0,0.0,,,,,348.133,340.0,353.0,,,0.0,9096.0,9125.0,0.0,30.0,0.0,0.0,0.0,0.0,30.0,0.0,0.0,0.0,30.0,0.0,0.0,0.0,0.0,0.0,"solar2_v,lipo2_v"
2020-09-18T04:00:00Z,29.0,29.0,,,1.267,2.046,,,,,,,,,,,3.949,3.948,3.951,,,,228.379,0.0,0.0,,,,,338.724,327.0,355.0,,,0.0,9126.0,9154.0,0.0,29.0,0.0,0.0,0.0,0.0,29.0,0.0,0.0,0.0,29.0,0.0,0.0,0.0,0.0,0.0,"solar2_v,lipo2_v"
2020-09-18T05:00:00Z,27.0,27.0,,,1.793,1.951,,,,,,,,,,,3.949,3.948,3.951,,,,226.37,0.0,0.0,,,,,363.778,357.0,367.0,,,0.0,9155.0,9184.0,0.0,27.0,0.0,0.0,0.0,0.0,27.0,0.0,0.0,0.0,27.0,0.0,0.0,0.0,0.0,0.0,"solar2_v,lipo2_v"
2020-09-18T06:00:00Z,27.0,27.0,,,1.547,1.923,,,,,,,,,,,3.948,3.946,3.95,,,,226.222,0.0,0.0,,,,,364.778,359.0,367.0,,,0.0,9185.0,9213.0,0.0,27.0,0.0,0.0,0.0,0.0,27.0,0.0,0.0,0.0,27.0,0.0,0.0,0.0,0.0,0.0,"solar2_v,lipo2_v"
2020-09-18T07:00:00Z,26.0,26.0,,,1.23,1.599,,,,,,,,,,,3.946,3.945,3.948,,,,227.385,0.0,0.0,,,,,352.5,343.0,367.0,,,0.0,9214.0,9242.0,0.0,25.0,0.0,0.0,0.0,0.0,26.0,0.0,0.0,0.0,26.0,0.0,0.0,0.0,0.0,0.0,"solar2_v,lipo2_v"
2020-09-18T08:00:00Z,30.0,30.0,,,0.928,1.362,,,,,,,,,,,3.945,3.941,3.946,,,,228.133,0.0,0.0,,,,,338.367,331.0,348.0,,,0.0,9243.0,9272.0,0.0,30.0,0.0,0.0,0.0,0.0,30.0,0.0,0.0,0.0,30.0,0.0,0.0,0.0,0.0,0.0,"solar2_v,lipo2_v"
2020-09-18T09:00:00Z,29.0,29.0,,,0.177,0.508,,,,,,,,,,,3.942,3.94,3.945,,,,229.276,0.0,0.0,,,,,325.621,321.0,330.0,,,0.0,9273.0,9301.0,0.0,13.0,0.0,0.0,0.0,0.0,29.0,0.0,0.0,0.0,29.0,0.0,0.0,0.0,0.0,0.0,"solar2_v,lipo2_v"
2020-09-18T10:00:00Z,28.0,28.0,,,0.0,0.0,,,,,,,,,,,3.94,3.937,3.941,,,,230.536,0.0,0.0,,,,,312.5,306.0,320.0,,,0.0,9302.0,9331.0,0.0,0.0,0.0,0.0,0.0,0.0,28.0,0.0,0.0,0.0,28.0,0.0,0.0,0.0,0.0,0.0,"solar2_v,lipo2_v"
2020-09-18T11:00:00Z,29.0,29.0,,,0.0,0.0,,,,,,,,,,,3.938,3.935,3.941,,,,231.552,0.0,0.0,,,,,303.586,301.0,306.0,,,0.0,9332.0,9360.0,0.0,0.0,0.0,0.0,0.0,0.0,29.0,0.0,0.0,0.0,29.0,0.0,0.0,0.0,0.0,0.0,"solar2_v,lipo2_v"
2020-09-18T12:00:00Z,30.0,30.0,,,0.0,0.0,,,,,,,,,,,3.935,3.933,3.938,,,,232.967,0.0,0.0,,,,,291.567,286.0,300.0,,,0.0,9361.0,9390.0,0.0,0.0,0.0,0.0,0.0,0.0,30.0,0.0,0.0,0.0,30.0,0.0,0.0,0.0,0.0,0.0,"solar2_v,lipo2_v"
2020-09-18T13:00:00Z,29.0,29.0,,,0.0,0.0,,,,,,,,,,,3.933,3.932,3.935,,,,233.345,0.0,0.0,,,,,285.931,284.0,287.0,,,0.0,9391.0,9419.0,0.0,0.0,0.0,0.0,0.0,0.0,29.0,0.0,0.0,0.0,29.0,0.0,0.0,0.0,0.0,0.0,"solar2_v,lipo2_v"
2020-09-18T14:00:00Z,28.0,28.0,,,0.0,0.0,,,,,,,,,,,3.931,3.928,3.933,,,,233.5,0.0,0.0,,,,,282.679,279.0,287.0,,,0.0,9420.0,9448.0,0.0,0.0,0.0,0.0,0.0,0.0,28.0,0.0,0.0,0.0,28.0,0.0,0.0,0.0,0.0,0.0,"solar2_v,lipo2_v"
2020-09-18T15:00:00Z,29.0,29.0,,,0.0,0.0,,,,,,,,,,,3.93,3.928,3.932,,,,234.103,0.0,0.0,,,,,279.379,274.0,281.0,,,0.0,9450.0,9478.0,0.0,0.0,0.0,0.0,0.0,0.0,29.0,0.0,0.0,0.0,29.0,0.0,0.0,0.0,0.0,0.0,"solar2_v,lipo2_v"
2020-09-18T16:00:00Z,29.0,29.0,,,0.0,0.0,,,,,,,,,,,3.927,3.925,3.928,,,,235.724,0.0,0.0,,,,,269.034,266.0,274.0,,,0.0,9479.0,9507.0,0.0,0.0,0.0,0.0,0.0,0.0,29.0,0.0,0.0,0.0,29.0,0.0,0.0,0.0,0.0,0.0,"solar2_v,lipo2_v"
2020-09-18T17:00:00Z,30.0,30.0,,,0.0,0.0,,,,,,,,,,,3.926,3.925,3.928,,,,236.033,0.0,0.0,,,,,266.567,265.0,268.0,,,0.0,9508.0,9537.0,0.0,0.0,0.0,0.0,0.0,0.0,30.0,0.0,0.0,0.0,30.0,0.0,0.0,0.0,0.0,0.0,"solar2_v,lipo2_v"
2020-09-18T18:00:00Z,29.0,29.0,,,0.0,0.0,,,,,,,,,,,3.925,3.923,3.927,,,,235.966,0.0,0.0,,,,,267.0,267.0,267.0,,,0.0,9538.0,9566.0,0.0,0.0,0.0,0.0,0.0,0.0,29.0,0.0,0.0,0.0,29.0,0.0,0.0,0.0,0.0,0.0,"solar2_v,lipo2_v"
2020-09-18T19:00:00Z,30.0,30.0,,,0.0,0.0,,,,,,,,,,,3.924,3.923,3.927,,,,235.533,0.0,0.0,,,,,268.467,267.0,272.0,,,0.0,9567.0,9596.0,0.0,0.0,0.0,0.0,0.0,0.0,30.0,0.0,0.0,0.0,30.0,0.0,0.0,0.0,0.0,0.0,"solar2_v,lipo2_v"
2020-09-18T20:00:00Z,29.0,29.0,,,0.0,0.0,,,,,,,,,,,3.923,3.922,3.925,,,,234.931,0.0,0.0,,,,,273.069,272.0,274.0,,,0.0,9597.0,9625.0,0.0,0.0,0.0,0.0,0.0,0.0,29.0,0.0,0.0,0.0,29.0,0.0,0.0,0.0,0.0,0.0,"solar2_v,lipo2_v"
2020-09-18T21:00:00Z,30.0,30.0,,,0.0,0.0,,,,,,,,,,,3.923,3.922,3.923,,,,234.833,0.0,0.0,,,,,273.967,273.0,274.0,,,0.0,9626.0,9655.0,0.0,0.0,0.0,0.0,0.0,0.0,30.0,0.0,0.0,0.0,30.0,0.0,0.0,0.0,0.0,0.0,"solar2_v,lipo2_v"
2020-09-18T22:00:00Z,29.0,29.0,,,0.0,0.0,,,,,,,,,,,3.922,3.922,3.923,,,,234.759,0.0,0.0,,,,,274.0,274.0,274.0,,,0.0,9656.0,9684.0,0.0,0.0,0.0,0.0,0.0,0.0,29.0,0.0,0.0,0.0,29.0,0.0,0.0,0.0,0.0,0.0,"solar2_v,lipo2_v"
2020-09-18T23:00:00Z,30.0,30.0,,,0.059,0.498,,,,,,,,,,,3.922,3.922,3.923,,,,233.533,0.0,0.0,,,,,282.4,274.0,289.0,,,0.0,9685.0,9714.0,0.0,4.0,0.0,0.0,0.0,0.0,30.0,0.0,0.0,0.0,30.0,0.0,0.0,0.0,0.0,0.0,"solar2_v,lipo2_v"
2020-09-19T00:00:00Z,29.0,29.0,,,0.846,1.185,,,,,,,,,,,3.922,3.922,3.923,,,,231.586,0.0,0.0,,,,,304.966,290.0,315.0,,,0.0,9715.0,9743.0,0.0,29.0,0.0,0.0,0.0,0.0,29.0,0.0,0.0,0.0,29.0,0.0,0.0,0.0,0.0,0.0,"solar2_v,lipo2_v"
2020-09-19T01:00:00Z,30.0,30.0,,,0.473,1.1,,,,,,,,,,,3.922,3.92,3.922,,,,232.067,0.0,0.0,,,,,303.5,295.0,315.0,,,0.0,9744.0,9773.0,0.0,24.0,0.0,0.0,0.0,0.0,30.0,0.0,0.0,0.0,30.0,0.0,0.0,0.0,0.0,0.0,"solar2_v,lipo2_v"
2020-09-19T02:00:00Z,29.0,29.0,,,1.602,1.912,,,,,,,,,,,3.922,3.92,3.922,,,,229.414,0.0,0.0,,,,,325.966,299.0,340.0,,,0.0,9774.0,9802.0,0.0,29.0,0.0,0.0,0.0,0.0,29.0,0.0,0.0,0.0,29.0,0.0,0.0,0.0,0.0,0.0,"solar2_v,lipo2_v"
2020-09-19T03:00:00Z,30.0,30.0,,,1.709,1.938,,,,,,,,,,,3.922,3.92,3.922,,,,227.9,0.0,0.0,,,,,344.533,335.0,354.0,,,0.0,9803.0,9832.0,0.0,30.0,0.0,0.0,0.0,0.0,30.0,0.0,0.0,0.0,30.0,0.0,0.0,0.0,0.0,0.0,"solar2_v,lipo2_v"
2020-09-19T04:00:00Z,29.0,29.0,,,1.502,2.16,,,,,,,,,,,3.921,3.918,3.922,,,,227.966,0.0,0.0,,,,,338.621,330.0,349.0,,,0.0,9833.0,9861.0,0.0,29.0,0.0,0.0,0.0,0.0,29.0,0.0,0.0,0.0,29.0,0.0,0.0,0.0,0.0,0.0,"solar2_v,lipo2_v"
2020-09-19T05:00:00Z,29.0,29.0,,,0.472,1.825,,,,,,,,,,,3.919,3.915,3.922,,,,230.034,0.0,0.0,,,,,317.241,273.0,355.0,,,0.0,9862.0,9890.0,0.0,12.0,0.0,0.0,0.0,0.0,29.0,0.0,0.0,0.0,29.0,0.0,0.0,0.0,0.0,0.0,"solar2_v,lipo2_v"
2020-09-19T06:00:00Z,28.0,28.0,,,0.035,0.339,,,,,,,,,,,3.916,3.913,3.918,,,,235.679,0.0,0.0,,,,,265.929,263.0,272.0,,,0.0,9891.0,9920.0,0.0,3.0,0.0,0.0,0.0,0.0,28.0,0.0,0.0,0.0,28.0,0.0,0.0,0.0,0.0,0.0,"solar2_v,lipo2_v"
2020-09-19T07:00:00Z,29.0,29.0,,,0.0,0.0,,,,,,,,,,,3.913,3.912,3.915,,,,235.655,0.0,0.0,,,,,265.517,263.0,268.0,,,0.0,9921.0,9949.0,0.0,0.0,0.0,0.0,0.0,0.0,29.0,0.0,0.0,0.0,29.0,0.0,0.0,0.0,0.0,0.0,"solar2_v,lipo2_v"
2020-09-19T08:00:00Z,30.0,30.0,,,0.0,0.0,,,,,,,,,,,3.913,3.91,3.915,,,,236.067,0.0,0.0,,,,,267.467,264.0,270.0,,,0.0,9950.0,9979.0,0.0,0.0,0.0,0.0,0.0,0.0,30.0,0.0,0.0,0.0,30.0,0.0,0.0,0.0,0.0,0.0,"solar2_v,lipo2_v"
2020-09-19T09:00:00Z,29.0,29.0,,,0.0,0.0,,,,,,,,,,,3.91,3.908,3.913,,,,236.345,0.0,0.0,,,,,264.276,262.0,267.0,,,0.0,9980.0,10008.0,0.0,0.0,0.0,0.0,0.0,0.0,29.0,0.0,0.0,0.0,29.0,0.0,0.0,0.0,0.0,0.0,"solar2_v,lipo2_v"
2020-09-19T10:00:00Z,26.0,26.0,,,0.0,0.0,,,,,,,,,,,3.909,3.907,3.912,,,,236.308,0.0,0.0,,,,,264.269,263.0,266.0,,,0.0,10009.0,10038.0,0.0,0.0,0.0,0.0,0.0,0.0,26.0,0.0,0.0,0.0,26.0,0.0,0.0,0.0,0.0,0.0,"solar2_v,lipo2_v"
2020-09-19T11:00:00Z,29.0,29.0,,,0.0,0.0,,,,,,,,,,,3.908,3.907,3.91,,,,236.207,0.0,0.0,,,,,265.897,263.0,270.0,,,0.0,10039.0,10067.0,0.0,0.0,0.0,0.0,0.0,0.0,29.0,0.0,0.0,0.0,29.0,0.0,0.0,0.0,0.0,0.0,"solar2_v,lipo2_v"
2020-09-19T12:00:00Z,30.0,30.0,,,0.0,0.0,,,,,,,,,,,3.907,3.905,3.908,,,,235.5,0.0,0.0,,,,,270.7,269.0,272.0,,,0.0,10068.0,10097.0,0.0,0.0,0.0,0.0,0.0,0.0,30.0,0.0,0.0,0.0,30.0,0.0,0.0,0.0,0.0,0.0,"solar2_v,lipo2_v"
2020-09-19T13:00:00Z,27.0,27.0,,,0.0,0.0,,,,,,,,,,,3.906,3.905,3.908,,,,235.815,0.0,0.0,,,,,267.852,267.0,269.0,,,0.0,10098.0,10126.0,0.0,0.0,0.0,0.0,0.0,0.0,27.0,0.0,0.0,0.0,27.0,0.0,0.0,0.0,0.0,0.0,"solar2_v,lipo2_v"
2020-09-19T14:00:00Z,27.0,27.0,,,0.0,0.0,,,,,,,,,,,3.905,3.902,3.907,,,,235.667,0.0,0.0,,,,,270.407,269.0,272.0,,,0.0,10127.0,10155.0,0.0,0.0,0.0,0.0,0.0,0.0,27.0,0.0,0.0,0.0,27.0,0.0,0.0,0.0,0.0,0.0,"solar2_v,lipo2_v"
2020-09-19T15:00:00Z,30.0,30.0,,,0.0,0.0,,,,,,,,,,,3.904,3.902,3.905,,,,235.733,0.0,0.0,,,,,271.267,271.0,272.0,,,0.0,10156.0,10185.0,0.0,0.0,0.0,0.0,0.0,0.0,30.0,0.0,0.0,0.0,30.0,0.0,0.0,0.0,0.0,0.0,"solar2_v,lipo2_v"
2020-09-19T16:00:00Z,29.0,29.0,,,0.0,0.0,,,,,,,,,,,3.904,3.9,3.905,,,,235.552,0.0,0.0,,,,,272.655,272.0,274.0,,,0.0,10186.0,10214.0,0.0,0.0,0.0,0.0,0.0,0.0,29.0,0.0,0.0,0.0,29.0,0.0,0.0,0.0,0.0,0.0,"solar2_v,lipo2_v"
2020-09-19T17:00:00Z,30.0,30.0,,,0.0,0.0,,,,,,,,,,,3.903,3.9,3.904,,,,235.133,0.0,0.0,,,,,274.033,274.0,275.0,,,0.0,10215.0,10244.0,0.0,0.0,0.0,0.0,0.0,0.0,30.0,0.0,0.0,0.0,30.0,0.0,0.0,0.0,0.0,0.0,"solar2_v,lipo2_v"
2020-09-19T18:00:00Z,28.0,28.0,,,0.0,0.0,,,,,,,,,,,3.902,3.897,3.904,,,,235.179,0.0,0.0,,,,,273.786,273.0,274.0,,,0.0,10245.0,10273.0,0.0,0.0,0.0,0.0,0.0,0.0,28.0,0.0,0.0,0.0,28.0,0.0,0.0,0.0,0.0,0.0,"solar2_v,lipo2_v"
2020-09-19T19:00:00Z,29.0,29.0,,,0.0,0.0,,,,,,,,,,,3.901,3.899,3.904,,,,235.483,0.0,0.0,,,,,273.034,273.0,274.0,,,0.0,10274.0,10302.0,0.0,0.0,0.0,0.0,0.0,0.0,29.0,0.0,0.0,0.0,29.0,0.0,0.0,0.0,0.0,0.0,"solar2_v,lipo2_v"
2020-09-19T20:00:00Z,30.0,30.0,,,0.0,0.0,,,,,,,,,,,3.9,3.899,3.902,,,,235.133,0.0,0.0,,,,,272.967,272.0,274.0,,,0.0,10303.0,10332.0,0.0,0.0,0.0,0.0,0.0,0.0,30.0,0.0,0.0,0.0,30.0,0.0,0.0,0.0,0.0,0.0,"solar2_v,lipo2_v"
2020-09-19T21:00:00Z,29.0,29.0,,,0.0,0.0,,,,,,,,,,,3.899,3.897,3.9,,,,235.034,0.0,0.0,,,,,273.448,272.0,274.0,,,0.0,10333.0,10361.0,0.0,0.0,0.0,0.0,0.0,0.0,29.0,0.0,0.0,0.0,29.0,0.0,0.0,0.0,0.0,0.0,"solar2_v,lipo2_v"
2020-09-19T22:00:00Z,30.0,30.0,,,0.0,0.0,,,,,,,,,,,3.899,3.897,3.902,,,,235.533,0.0,0.0,,,,,271.7,269.0,273.0,,,0.0,10362.0,10391.0,0.0,0.0,0.0,0.0,0.0,0.0,30.0,0.0,0.0,0.0,30.0,0.0,0.0,0.0,0.0,0.0,"solar2_v,lipo2_v"
2020-09-19T23:00:00Z,29.0,29.0,,,0.346,0.564,,,,,,,,,,,3.898,3.897,3.899,,,,234.483,0.0,0.0,,,,,278.448,270.0,286.0,,,0.0,10392.0,10420.0,0.0,22.0,0.0,0.0,0.0,0.0,29.0,0.0,0.0,0.0,29.0,0.0,0.0,0.0,0.0,0.0,"solar2_v,lipo2_v"
2020-09-20T00:00:00Z,30.0,30.0,,,0.798,1.231,,,,,,,,,,,3.899,3.897,3.9,,,,232.333,0.0,0.0,,,,,298.7,286.0,314.0,,,0.0,10421.0,10450.0,0.0,30.0,0.0,0.0,0.0,0.0,30.0,0.0,0.0,0.0,30.0,0.0,0.0,0.0,0.0,0.0,"solar2_v,lipo2_v"
2020-09-20T01:00:00Z,29.0,29.0,,,0.907,1.105,,,,,,,,,,,3.899,3.897,3.9,,,,230.828,0.0,0.0,,,,,314.241,313.0,317.0,,,0.0,10451.0,10479.0,0.0,29.0,0.0,0.0,0.0,0.0,29.0,0.0,0.0,0.0,29.0,0.0,0.0,0.0,0.0,0.0,"solar2_v,lipo2_v"
2020-09-20T02:00:00Z,30.0,30.0,,,1.312,1.705,,,,,,,,,,,3.899,3.897,3.9,,,,229.0,0.0,0.0,,,,,331.733,318.0,352.0,,,0.0,10480.0,10509.0,0.0,30.0,0.0,0.0,0.0,0.0,30.0,0.0,0.0,0.0,30.0,0.0,0.0,0.0,0.0,0.0,"solar2_v,lipo2_v"
2020-09-20T03:00:00Z,29.0,29.0,,,1.241,1.756,,,,,,,,,,,3.9,3.897,3.904,,,,225.517,0.0,0.0,,,,,368.517,353.0,379.0,,,0.0,10510.0,10538.0,0.0,29.0,0.0,0.0,0.0,0.0,29.0,0.0,0.0,0.0,29.0,0.0,0.0,0.0,0.0,0.0,"solar2_v,lipo2_v"
2020-09-20T04:00:00Z,30.0,30.0,,,1.064,1.663,,,,,,,,,,,3.9,3.899,3.902,,,,224.433,0.0,0.0,,,,,380.4,378.0,388.0,,,0.0,10539.0,10568.0,0.0,30.0,0.0,0.0,0.0,0.0,30.0,0.0,0.0,0.0,30.0,0.0,0.0,0.0,0.0,0.0,"solar2_v,lipo2_v"
2020-09-20T05:00:00Z,29.0,29.0,,,1.485,2.086,,,,,,,,,,,3.9,3.899,3.902,,,,224.0,0.0,0.0,,,,,388.897,379.0,399.0,,,0.0,10569.0,10597.0,0.0,29.0,0.0,0.0,0.0,0.0,29.0,0.0,0.0,0.0,29.0,0.0,0.0,0.0,0.0,0.0,"solar2_v,lipo2_v"
2020-09-20T06:00:00Z,30.0,30.0,,,1.504,2.045,,,,,,,,,,,3.901,3.899,3.902,,,,222.467,0.0,0.0,,,,,404.2,400.0,407.0,,,0.0,10598.0,10627.0,0.0,30.0,0.0,0.0,0.0,0.0,30.0,0.0,0.0,0.0,30.0,0.0,0.0,0.0,0.0,0.0,"solar2_v,lipo2_v"
2020-09-20T07:00:00Z,29.0,29.0,,,0.867,1.599,,,,,,,,,,,3.9,3.897,3.902,,,,224.931,0.0,0.0,,,,,376.379,354.0,406.0,,,0.0,10628.0,10656.0,0.0,28.0,0.0,0.0,0.0,0.0,29.0,0.0,0.0,0.0,29.0,0.0,0.0,0.0,0.0,0.0,"solar2_v,lipo2_v"
2020-09-20T08:00:00Z,30.0,30.0,,,0.557,0.846,,,,,,,,,,,3.897,3.895,3.899,,,,229.7,0.0,0.0,,,,,325.467,306.0,353.0,,,0.0,10657.0,10686.0,0.0,30.0,0.0,0.0,0.0,0.0,30.0,0.0,0.0,0.0,30.0,0.0,0.0,0.0,0.0,0.0,"solar2_v,lipo2_v"
2020-09-20T09:00:00Z,29.0,29.0,,,0.283,0.656,,,,,,,,,,,3.895,3.894,3.895,,,,231.138,0.0,0.0,,,,,312.69,307.0,315.0,,,0.0,10687.0,10715.0,0.0,16.0,0.0,0.0,0.0,0.0,29.0,0.0,0.0,0.0,29.0,0.0,0.0,0.0,0.0,0.0,"solar2_v,lipo2_v"
2020-09-20T10:00:00Z,28.0,28.0,,,0.0,0.0,,,,,,,,,,,3.894,3.892,3.895,,,,231.714,0.0,0.0,,,,,306.429,301.0,311.0,,,0.0,10716.0,10744.0,0.0,0.0,0.0,0.0,0.0,0.0,28.0,0.0,0.0,0.0,28.0,0.0,0.0,0.0,0.0,0.0,"solar2_v,lipo2_v"
2020-09-20T11:00:00Z,30.0,30.0,,,0.0,0.0,,,,,,,,,,,3.894,3.892,3.895,,,,232.567,0.0,0.0,,,,,296.5,291.0,301.0,,,0.0,10745.0,10774.0,0.0,0.0,0.0,0.0,0.0,0.0,30.0,0.0,0.0,0.0,30.0,0.0,0.0,0.0,0.0,0.0,"solar2_v,lipo2_v"
2020-09-20T12:00:00Z,27.0,27.0,,,0.0,0.0,,,,,,,,,,,3.893,3.89,3.894,,,,233.333,0.0,0.0,,,,,287.185,285.0,291.0,,,0.0,10775.0,10803.0,0.0,0.0,0.0,0.0,0.0,0.0,27.0,0.0,0.0,0.0,27.0,0.0,0.0,0.0,0.0,0.0,"solar2_v,lipo2_v"
2020-09-20T13:00:00Z,30.0,30.0,,,0.0,0.0,,,,,,,,,,,3.892,3.89,3.894,,,,233.633,0.0,0.0,,,,,284.2,278.0,286.0,,,0.0,10804.0,10833.0,0.0,0.0,0.0,0.0,0.0,0.0,30.0,0.0,0.0,0.0,30.0,0.0,0.0,0.0,0.0,0.0,"solar2_v,lipo2_v"
2020-09-20T14:00:00Z,28.0,28.0,,,0.0,0.0,,,,,,,,,,,3.89,3.889,3.892,,,,234.571,0.0,0.0,,,,,278.214,277.0,280.0,,,0.0,10834.0,10862.0,0.0,0.0,0.0,0.0,0.0,0.0,28.0,0.0,0.0,0.0,28.0,0.0,0.0,0.0,0.0,0.0,"solar2_v,lipo2_v"
2020-09-20T15:00:00Z,29.0,29.0,,,0.0,0.0,,,,,,,,,,,3.89,3.889,3.892,,,,234.034,0.0,0.0,,,,,282.0,280.0,286.0,,,0.0,10863.0,10892.0,0.0,0.0,0.0,0.0,0.0,0.0,29.0,0.0,0.0,0.0,29.0,0.0,0.0,0.0,0.0,0.0,"solar2_v,lipo2_v"
2020-09-20T16:00:00Z,26.0,26.0,,,0.0,0.0,,,,,,,,,,,3.889,3.887,3.892,,,,233.308,0.0,0.0,,,,,286.462,286.0,290.0,,,0.0,10893.0,10921.0,0.0,0.0,0.0,0.0,0.0,0.0,26.0,0.0,0.0,0.0,26.0,0.0,0.0,0.0,0.0,0.0,"solar2_v,lipo2_v"
2020-09-20T17:00:00Z,29.0,29.0,,,0.0,0.0,,,,,,,,,,,3.889,3.887,3.892,,,,234.0,0.0,0.0,,,,,284.207,283.0,286.0,,,0.0,10922.0,10950.0,0.0,0.0,0.0,0.0,0.0,0.0,29.0,0.0,0.0,0.0,29.0,0.0,0.0,0.0,0.0,0.0,"solar2_v,lipo2_v"
2020-09-20T18:00:00Z,30.0,30.0,,,0.0,0.0,,,,,,,,,,,3.888,3.887,3.89,,,,233.9,0.0,0.0,,,,,282.833,281.0,286.0,,,0.0,10951.0,10980.0,0.0,0.0,0.0,0.0,0.0,0.0,30.0,0.0,0.0,0.0,30.0,0.0,0.0,0.0,0.0,0.0,"solar2_v,lipo2_v"
2020-09-20T19:00:00Z,29.0,29.0,,,0.0,0.0,,,,,,,,,,,3.888,3.884,3.89,,,,234.034,0.0,0.0,,,,,282.793,281.0,286.0,,,0.0,10981.0,11009.0,0.0,0.0,0.0,0.0,0.0,0.0,29.0,0.0,0.0,0.0,29.0,0.0,0.0,0.0,0.0,0.0,"solar2_v,lipo2_v"
2020-09-20T20:00:00Z,30.0,30.0,,,0.0,0.0,,,,,,,,,,,3.887,3.885,3.889,,,,233.467,0.0,0.0,,,,,286.4,283.0,288.0,,,0.0,11010.0,11039.0,0.0,0.0,0.0,0.0,0.0,0.0,30.0,0.0,0.0,0.0,30.0,0.0,0.0,0.0,0.0,0.0,"solar2_v,lipo2_v"
2020-09-20T21:00:00Z,29.0,29.0,,,0.0,0.0,,,,,,,,,,,3.887,3.885,3.889,,,,233.586,0.0,0.0,,,,,286.207,286.0,287.0,,,0.0,11040.0,11068.0,0.0,0.0,0.0,0.0,0.0,0.0,29.0,0.0,0.0,0.0,29.0,0.0,0.0,0.0,0.0,0.0,"solar2_v,lipo2_v"
2020-09-20T22:00:00Z,30.0,30.0,,,0.0,0.0,,,,,,,,,,,3.886,3.884,3.889,,,,234.0,0.0,0.0,,,,,283.333,281.0,286.0,,,0.0,11069.0,11098.0,0.0,0.0,0.0,0.0,0.0,0.0,30.0,0.0,0.0,0.0,30.0,0.0,0.0,0.0,0.0,0.0,"solar2_v,lipo2_v"
2020-09-20T23:00:00Z,29.0,29.0,,,0.18,0.49,,,,,,,,,,,3.886,3.884,3.889,,,,233.034,0.0,0.0,,,,,292.379,285.0,301.0,,,0.0,11099.0,11127.0,0.0,13.0,0.0,0.0,0.0,0.0,29.0,0.0,0.0,0.0,29.0,0.0,0.0,0.0,0.0,0.0,"solar2_v,lipo2_v"
2020-09-21T00:00:00Z,29.0,29.0,,,0.878,1.285,,,,,,,,,,,3.887,3.885,3.89,,,,231.621,0.0,0.0,,,,,306.379,301.0,315.0,,,0.0,11128.0,11156.0,0.0,29.0,0.0,0.0,0.0,0.0,29.0,0.0,0.0,0.0,29.0,0.0,0.0,0.0,0.0,0.0,"solar2_v,lipo2_v"
2020-09-21T01:00:00Z,25.0,25.0,,,1.129,1.377,,,,,,,,,,,3.887,3.885,3.889,,,,229.16,0.0,0.0,,,,,324.08,315.0,332.0,,,0.0,11157.0,11185.0,0.0,25.0,0.0,0.0,0.0,0.0,25.0,0.0,0.0,0.0,25.0,0.0,0.0,0.0,0.0,0.0,"solar2_v,lipo2_v"
2020-09-21T02:00:00Z,30.0,30.0,,,1.483,1.914,,,,,,,,,,,3.889,3.887,3.89,,,,227.667,0.0,0.0,,,,,347.2,333.0,364.0,,,0.0,11186.0,11215.0,0.0,30.0,0.0,0.0,0.0,0.0,30.0,0.0,0.0,0.0,30.0,0.0,0.0,0.0,0.0,0.0,"solar2_v,lipo2_v"
2020-09-21T03:00:00Z,29.0,29.0,,,1.278,1.835,,,,,,,,,,,3.889,3.887,3.89,,,,226.655,0.0,0.0,,,,,358.586,354.0,367.0,,,0.0,11216.0,11244.0,0.0,29.0,0.0,0.0,0.0,0.0,29.0,0.0,0.0,0.0,29.0,0.0,0.0,0.0,0.0,0.0,"solar2_v,lipo2_v"
2020-09-21T04:00:00Z,30.0,30.0,,,1.274,1.727,,,,,,,,,,,3.89,3.889,3.894,,,,225.1,0.0,0.0,,,,,370.433,365.0,379.0,,,0.0,11245.0,11274.0,0.0,30.0,0.0,0.0,0.0,0.0,30.0,0.0,0.0,0.0,30.0,0.0,0.0,0.0,0.0,0.0,"solar2_v,lipo2_v"
2020-09-21T05:00:00Z,29.0,29.0,,,1.314,1.817,,,,,,,,,,,3.891,3.889,3.894,,,,225.448,0.0,0.0,,,,,372.379,365.0,384.0,,,0.0,11275.0,11303.0,0.0,29.0,0.0,0.0,0.0,0.0,29.0,0.0,0.0,0.0,29.0,0.0,0.0,0.0,0.0,0.0,"solar2_v,lipo2_v"
2020-09-21T06:00:00Z,29.0,29.0,,,1.316,1.569,,,,,,,,,,,3.891,3.889,3.892,,,,224.552,0.0,0.0,,,,,379.862,373.0,391.0,,,0.0,11304.0,11332.0,0.0,29.0,0.0,0.0,0.0,0.0,29.0,0.0,0.0,0.0,29.0,0.0,0.0,0.0,0.0,0.0,"solar2_v,lipo2_v"
2020-09-21T07:00:00Z,30.0,30.0,,,0.969,1.18,,,,,,,,,,,3.892,3.892,3.894,,,,224.067,0.0,0.0,,,,,382.1,369.0,393.0,,,0.0,11333.0,11362.0,0.0,30.0,0.0,0.0,0.0,0.0,30.0,0.0,0.0,0.0,30.0,0.0,0.0,0.0,0.0,0.0,"solar2_v,lipo2_v"
2020-09-21T08:00:00Z,29.0,29.0,,,1.121,1.356,,,,,,,,,,,3.893,3.89,3.895,,,,223.379,0.0,0.0,,,,,391.586,380.0,394.0,,,0.0,11363.0,11391.0,0.0,29.0,0.0,0.0,0.0,0.0,29.0,0.0,0.0,0.0,29.0,0.0,0.0,0.0,0.0,0.0,"solar2_v,lipo2_v"
2020-09-21T09:00:00Z,30.0,30.0,,,0.401,0.962,,,,,,,,,,,3.89,3.887,3.894,,,,226.2,0.0,0.0,,,,,365.167,334.0,380.0,,,0.0,11392.0,11421.0,0.0,16.0,0.0,0.0,0.0,0.0,30.0,0.0,0.0,0.0,30.0,0.0,0.0,0.0,0.0,0.0,"solar2_v,lipo2_v"
2020-09-21T10:00:00Z,29.0,29.0,,,0.0,0.0,,,,,,,,,,,3.888,3.885,3.89,,,,229.724,0.0,0.0,,,,,323.138,320.0,330.0,,,0.0,11422.0,11450.0,0.0,0.0,0.0,0.0,0.0,0.0,29.0,0.0,0.0,0.0,29.0,0.0,0.0,0.0,0.0,0.0,"solar2_v,lipo2_v"
2020-09-21T11:00:00Z,30.0,30.0,,,0.0,0.0,,,,,,,,,,,3.887,3.885,3.889,,,,230.533,0.0,0.0,,,,,314.667,311.0,319.0,,,0.0,11451.0,11480.0,0.0,0.0,0.0,0.0,0.0,0.0,30.0,0.0,0.0,0.0,30.0,0.0,0.0,0.0,0.0,0.0,"solar2_v,lipo2_v"
2020-09-21T12:00:00Z,26.0,26.0,,,0.0,0.0,,,,,,,,,,,3.885,3.884,3.889,,,,230.423,0.0,0.0,,,,,312.731,310.0,314.0,,,0.0,11481.0,11509.0,0.0,0.0,0.0,0.0,0.0,0.0,26.0,0.0,0.0,0.0,26.0,0.0,0.0,0.0,0.0,0.0,"solar2_v,lipo2_v"
2020-09-21T13:00:00Z,30.0,30.0,,,0.0,0.0,,,,,,,,,,,3.885,3.884,3.887,,,,231.367,0.0,0.0,,,,,308.433,306.0,311.0,,,0.0,11510.0,11539.0,0.0,0.0,0.0,0.0,0.0,0.0,30.0,0.0,0.0,0.0,30.0,0.0,0.0,0.0,0.0,0.0,"solar2_v,lipo2_v"
2020-09-21T14:00:00Z,29.0,29.0,,,0.0,0.0,,,,,,,,,,,3.885,3.884,3.887,,,,231.241,0.0,0.0,,,,,312.414,311.0,313.0,,,0.0,11540.0,11568.0,0.0,0.0,0.0,0.0,0.0,0.0,29.0,0.0,0.0,0.0,29.0,0.0,0.0,0.0,0.0,0.0,"solar2_v,lipo2_v"
2020-09-21T15:00:00Z,29.0,29.0,,,0.0,0.0,,,,,,,,,,,3.885,3.882,3.887,,,,231.31,0.0,0.0,,,,,307.931,304.0,313.0,,,0.0,11569.0,11597.0,0.0,0.0,0.0,0.0,0.0,0.0,29.0,0.0,0.0,0.0,29.0,0.0,0.0,0.0,0.0,0.0,"solar2_v,lipo2_v"
2020-09-21T16:00:00Z,30.0,30.0,,,0.0,0.0,,,,,,,,,,,3.884,3.882,3.887,,,,231.933,0.0,0.0,,,,,303.333,301.0,306.0,,,0.0,11598.0,11627.0,0.0,0.0,0.0,0.0,0.0,0.0,30.0,0.0,0.0,0.0,30.0,0.0,0.0,0.0,0.0,0.0,"solar2_v,lipo2_v"
2020-09-21T17:00:00Z,29.0,29.0,,,0.0,0.0,,,,,,,,,,,3.883,3.88,3.885,,,,232.138,0.0,0.0,,,,,303.103,302.0,304.0,,,0.0,11628.0,11656.0,0.0,0.0,0.0,0.0,0.0,0.0,29.0,0.0,0.0,0.0,29.0,0.0,0.0,0.0,0.0,0.0,"solar2_v,lipo2_v"
2020-09-21T18:00:00Z,30.0,30.0,,,0.0,0.0,,,,,,,,,,,3.882,3.88,3.885,,,,232.267,0.0,0.0,,,,,301.6,301.0,303.0,,,0.0,11657.0,11686.0,0.0,0.0,0.0,0.0,0.0,0.0,30.0,0.0,0.0,0.0,30.0,0.0,0.0,0.0,0.0,0.0,"solar2_v,lipo2_v"
2020-09-21T19:00:00Z,29.0,29.0,,,0.0,0.0,,,,,,,,,,,3.881,3.879,3.884,,,,231.966,0.0,0.0,,,,,301.0,301.0,301.0,,,0.0,11687.0,11715.0,0.0,0.0,0.0,0.0,0.0,0.0,29.0,0.0,0.0,0.0,29.0,0.0,0.0,0.0,0.0,0.0,"solar2_v,lipo2_v"
2020-09-21T20:00:00Z,29.0,29.0,,,0.0,0.0,,,,,,,,,,,3.88,3.879,3.882,,,,232.448,0.0,0.0,,,,,300.828,300.0,301.0,,,0.0,11716.0,11745.0,0.0,0.0,0.0,0.0,0.0,0.0,29.0,0.0,0.0,0.0,29.0,0.0,0.0,0.0,0.0,0.0,"solar2_v,lipo2_v"
2020-09-21T21:00:00Z,29.0,29.0,,,0.0,0.0,,,,,,,,,,,3.88,3.879,3.882,,,,232.517,0.0,0.0,,,,,300.483,300.0,301.0,,,0.0,11746.0,11774.0,0.0,0.0,0.0,0.0,0.0,0.0,29.0,0.0,0.0,0.0,29.0,0.0,0.0,0.0,0.0,0.0,"solar2_v,lipo2_v"
2020-09-21T22:00:00Z,30.0,30.0,,,0.0,0.0,,,,,,,,,,,3.879,3.877,3.88,,,,232.967,0.0,0.0,,,,,298.667,296.0,300.0,,,0.0,11775.0,11804.0,0.0,0.0,0.0,0.0,0.0,0.0,30.0,0.0,0.0,0.0,30.0,0.0,0.0,0.0,0.0,0.0,"solar2_v,lipo2_v"
2020-09-21T23:00:00Z,29.0,29.0,,,0.186,0.493,,,,,,,,,,,3.879,3.877,3.88,,,,232.138,0.0,0.0,,,,,303.966,299.0,314.0,,,0.0,11805.0,11833.0,0.0,13.0,0.0,0.0,0.0,0.0,29.0,0.0,0.0,0.0,29.0,0.0,0.0,0.0,0.0,0.0,"solar2_v,lipo2_v"
2020-09-22T00:00:00Z,30.0,30.0,,,0.621,0.995,,,,,,,,,,,3.88,3.879,3.882,,,,229.567,0.0,0.0,,,,,323.367,314.0,331.0,,,0.0,11834.0,11863.0,0.0,30.0,0.0,0.0,0.0,0.0,30.0,0.0,0.0,0.0,30.0,0.0,0.0,0.0,0.0,0.0,"solar2_v,lipo2_v"
2020-09-22T01:00:00Z,22.0,22.0,,,0.927,1.441,,,,,,,,,,,3.879,3.877,3.88,,,,228.409,0.0,0.0,,,,,339.727,332.0,354.0,,,0.0,11864.0,11889.0,0.0,22.0,0.0,0.0,0.0,0.0,22.0,0.0,0.0,0.0,22.0,0.0,0.0,0.0,0.0,0.0,"solar2_v,lipo2_v"
2020-09-22T02:00:00Z,29.0,29.0,,,1.3,1.756,,,,,,,,,,,3.88,3.877,3.882,,,,226.759,0.0,0.0,,,,,358.241,340.0,378.0,,,0.0,11890.0,11918.0,0.0,29.0,0.0,0.0,0.0,0.0,29.0,0.0,0.0,0.0,29.0,0.0,0.0,0.0,0.0,0.0,"solar2_v,lipo2_v"
2020-09-22T03:00:00Z,30.0,30.0,,,1.339,1.612,,,,,,,,,,,3.882,3.88,3.885,,,,224.767,0.0,0.0,,,,,377.2,367.0,393.0,,,0.0,11919.0,11948.0,0.0,30.0,0.0,0.0,0.0,0.0,30.0,0.0,0.0,0.0,30.0,0.0,0.0,0.0,0.0,0.0,"solar2_v,lipo2_v"
2020-09-22T04:00:00Z,28.0,28.0,,,1.253,1.682,,,,,,,,,,,3.882,3.88,3.885,,,,223.893,0.0,0.0,,,,,386.321,367.0,406.0,,,0.0,11949.0,11976.0,0.0,28.0,0.0,0.0,0.0,0.0,28.0,0.0,0.0,0.0,28.0,0.0,0.0,0.0,0.0,0.0,"solar2_v,lipo2_v"
2020-09-22T05:00:00Z,30.0,30.0,,,1.331,1.538,,,,,,,,,,,3.885,3.882,3.887,,,,222.167,0.0,0.0,,,,,410.2,406.0,419.0,,,0.0,11978.0,12007.0,0.0,30.0,0.0,0.0,0.0,0.0,30.0,0.0,0.0,0.0,30.0,0.0,0.0,0.0,0.0,0.0,"solar2_v,lipo2_v"
2020-09-22T06:00:00Z,29.0,29.0,,,1.291,1.589,,,,,,,,,,,3.885,3.884,3.887,,,,222.448,0.0,0.0,,,,,406.759,393.0,418.0,,,0.0,12008.0,12036.0,0.0,29.0,0.0,0.0,0.0,0.0,29.0,0.0,0.0,0.0,29.0,0.0,0.0,0.0,0.0,0.0,"solar2_v,lipo2_v"
2020-09-22T07:00:00Z,25.0,25.0,,,0.62,1.526,,,,,,,,,,,3.884,3.882,3.887,,,,224.88,0.0,0.0,,,,,381.32,354.0,400.0,,,0.0,12038.0,12065.0,0.0,17.0,0.0,0.0,0.0,0.0,25.0,0.0,0.0,0.0,25.0,0.0,0.0,0.0,0.0,0.0,"solar2_v,lipo2_v"
2020-09-22T08:00:00Z,30.0,30.0,,,0.0,0.0,,,,,,,,,,,3.881,3.879,3.884,,,,227.733,0.0,0.0,,,,,344.433,334.0,354.0,,,0.0,12066.0,12095.0,0.0,0.0,0.0,0.0,0.0,0.0,30.0,0.0,0.0,0.0,30.0,0.0,0.0,0.0,0.0,0.0,"solar2_v,lipo2_v"
2020-09-22T09:00:00Z,28.0,28.0,,,0.0,0.0,,,,,,,,,,,3.88,3.879,3.884,,,,228.964,0.0,0.0,,,,,327.571,326.0,332.0,,,0.0,12096.0,12124.0,0.0,0.0,0.0,0.0,0.0,0.0,28.0,0.0,0.0,0.0,28.0,0.0,0.0,0.0,0.0,0.0,"solar2_v,lipo2_v"
2020-09-22T10:00:00Z,30.0,30.0,,,0.0,0.0,,,,,,,,,,,3.879,3.877,3.882,,,,229.567,0.0,0.0,,,,,326.0,324.0,327.0,,,0.0,12125.0,12154.0,0.0,0.0,0.0,0.0,0.0,0.0,30.0,0.0,0.0,0.0,30.0,0.0,0.0,0.0,0.0,0.0,"solar2_v,lipo2_v"
2020-09-22T11:00:00Z,29.0,29.0,,,0.0,0.0,,,,,,,,,,,3.878,3.877,3.88,,,,230.241,0.0,0.0,,,,,319.172,317.0,323.0,,,0.0,12155.0,12183.0,0.0,0.0,0.0,0.0,0.0,0.0,29.0,0.0,0.0,0.0,29.0,0.0,0.0,0.0,0.0,0.0,"solar2_v,lipo2_v"
2020-09-22T12:00:00Z,25.0,25.0,,,0.0,0.0,,,,,,,,,,,3.877,3.875,3.879,,,,231.28,0.0,0.0,,,,,311.24,301.0,319.0,,,0.0,12184.0,12212.0,0.0,0.0,0.0,0.0,0.0,0.0,25.0,0.0,0.0,0.0,25.0,0.0,0.0,0.0,0.0,0.0,"solar2_v,lipo2_v"
2020-09-22T13:00:00Z,28.0,28.0,,,0.0,0.0,,,,,,,,,,,3.875,3.872,3.879,,,,233.25,0.0,0.0,,,,,292.571,286.0,301.0,,,0.0,12214.0,12242.0,0.0,0.0,0.0,0.0,0.0,0.0,28.0,0.0,0.0,0.0,28.0,0.0,0.0,0.0,0.0,0.0,"solar2_v,lipo2_v"
2020-09-22T14:00:00Z,25.0,25.0,,,0.0,0.0,,,,,,,,,,,3.874,3.872,3.877,,,,234.44,0.0,0.0,,,,,279.0,274.0,286.0,,,0.0,12243.0,12271.0,0.0,0.0,0.0,0.0,0.0,0.0,25.0,0.0,0.0,0.0,25.0,0.0,0.0,0.0,0.0,0.0,"solar2_v,lipo2_v"
2020-09-22T15:00:00Z,30.0,30.0,,,0.0,0.0,,,,,,,,,,,3.874,3.872,3.875,,,,235.2,0.0,0.0,,,,,273.733,273.0,276.0,,,0.0,12272.0,12301.0,0.0,0.0,0.0,0.0,0.0,0.0,30.0,0.0,0.0,0.0,30.0,0.0,0.0,0.0,0.0,0.0,"solar2_v,lipo2_v"
2020-09-22T16:00:00Z,29.0,29.0,,,0.0,0.0,,,,,,,,,,,3.873,3.872,3.874,,,,235.552,0.0,0.0,,,,,269.483,267.0,272.0,,,0.0,12302.0,12330.0,0.0,0.0,0.0,0.0,0.0,0.0,29.0,0.0,0.0,0.0,29.0,0.0,0.0,0.0,0.0,0.0,"solar2_v,lipo2_v"
2020-09-22T17:00:00Z,30.0,30.0,,,0.0,0.0,,,,,,,,,,,3.873,3.871,3.874,,,,236.3,0.0,0.0,,,,,267.333,267.0,269.0,,,0.0,12331.0,12360.0,0.0,0.0,0.0,0.0,0.0,0.0,30.0,0.0,0.0,0.0,30.0,0.0,0.0,0.0,0.0,0.0,"solar2_v,lipo2_v"
2020-09-22T18:00:00Z,29.0,29.0,,,0.0,0.0,,,,,,,,,,,3.872,3.871,3.874,,,,235.724,0.0,0.0,,,,,270.31,267.0,273.0,,,0.0,12361.0,12389.0,0.0,0.0,0.0,0.0,0.0,0.0,29.0,0.0,0.0,0.0,29.0,0.0,0.0,0.0,0.0,0.0,"solar2_v,lipo2_v"
2020-09-22T19:00:00Z,30.0,30.0,,,0.0,0.0,,,,,,,,,,,3.872,3.871,3.872,,,,235.4,0.0,0.0,,,,,272.167,269.0,274.0,,,0.0,12390.0,12419.0,0.0,0.0,0.0,0.0,0.0,0.0,30.0,0.0,0.0,0.0,30.0,0.0,0.0,0.0,0.0,0.0,"solar2_v,lipo2_v"
2020-09-22T20:00:00Z,29.0,29.0,,,0.0,0.0,,,,,,,,,,,3.872,3.871,3.872,,,,235.655,0.0,0.0,,,,,272.345,270.0,273.0,,,0.0,12420.0,12448.0,0.0,0.0,0.0,0.0,0.0,0.0,29.0,0.0,0.0,0.0,29.0,0.0,0.0,0.0,0.0,0.0,"solar2_v,lipo2_v"
2020-09-22T21:00:00Z,29.0,29.0,,,0.0,0.0,,,,,,,,,,,3.872,3.871,3.874,,,,235.483,0.0,0.0,,,,,272.793,272.0,274.0,,,0.0,12449.0,12477.0,0.0,0.0,0.0,0.0,0.0,0.0,29.0,0.0,0.0,0.0,29.0,0.0,0.0,0.0,0.0,0.0,"solar2_v,lipo2_v"
2020-09-22T22:00:00Z,30.0,30.0,,,0.0,0.0,,,,,,,,,,,3.872,3.871,3.872,,,,235.867,0.0,0.0,,,,,271.233,270.0,272.0,,,0.0,12478.0,12507.0,0.0,0.0,0.0,0.0,0.0,0.0,30.0,0.0,0.0,0.0,30.0,0.0,0.0,0.0,0.0,0.0,"solar2_v,lipo2_v"
2020-09-22T23:00:00Z,29.0,29.0,,,0.137,0.446,,,,,,,,,,,3.871,3.871,3.872,,,,234.655,0.0,0.0,,,,,276.586,272.0,288.0,,,0.0,12508.0,12536.0,0.0,10.0,0.0,0.0,0.0,0.0,29.0,0.0,0.0,0.0,29.0,0.0,0.0,0.0,0.0,0.0,"solar2_v,lipo2_v"
2020-09-23T00:00:00Z,30.0,30.0,,,0.471,0.682,,,,,,,,,,,3.872,3.871,3.874,,,,232.3,0.0,0.0,,,,,298.833,289.0,304.0,,,0.0,12537.0,12566.0,0.0,30.0,0.0,0.0,0.0,0.0,30.0,0.0,0.0,0.0,30.0,0.0,0.0,0.0,0.0,0.0,"solar2_v,lipo2_v"
2020-09-23T01:00:00Z,29.0,29.0,,,0.651,0.713,,,,,,,,,,,3.873,3.872,3.874,,,,229.621,0.0,0.0,,,,,323.069,305.0,337.0,,,0.0,12567.0,12595.0,0.0,29.0,0.0,0.0,0.0,0.0,29.0,0.0,0.0,0.0,29.0,0.0,0.0,0.0,0.0,0.0,"solar2_v,lipo2_v"
2020-09-23T02:00:00Z,30.0,30.0,,,0.752,1.258,,,,,,,,,,,3.873,3.872,3.875,,,,227.4,0.0,0.0,,,,,352.133,339.0,367.0,,,0.0,12596.0,12625.0,0.0,30.0,0.0,0.0,0.0,0.0,30.0,0.0,0.0,0.0,30.0,0.0,0.0,0.0,0.0,0.0,"solar2_v,lipo2_v"
2020-09-23T03:00:00Z,28.0,28.0,,,1.357,1.817,,,,,,,,,,,3.874,3.872,3.875,,,,225.071,0.0,0.0,,,,,376.071,367.0,390.0,,,0.0,12626.0,12653.0,0.0,28.0,0.0,0.0,0.0,0.0,28.0,0.0,0.0,0.0,28.0,0.0,0.0,0.0,0.0,0.0,"solar2_v,lipo2_v"
2020-09-23T04:00:00Z,30.0,30.0,,,1.11,1.574,,,,,,,,,,,3.875,3.874,3.877,,,,223.3,0.0,0.0,,,,,392.5,382.0,397.0,,,0.0,12655.0,12684.0,0.0,30.0,0.0,0.0,0.0,0.0,30.0,0.0,0.0,0.0,30.0,0.0,0.0,0.0,0.0,0.0,"solar2_v,lipo2_v"
2020-09-23T05:00:00Z,29.0,29.0,,,1.241,1.592,,,,,,,,,,,3.875,3.874,3.877,,,,223.828,0.0,0.0,,,,,388.31,379.0,401.0,,,0.0,12685.0,12713.0,0.0,29.0,0.0,0.0,0.0,0.0,29.0,0.0,0.0,0.0,29.0,0.0,0.0,0.0,0.0,0.0,"solar2_v,lipo2_v"
2020-09-23T06:00:00Z,28.0,28.0,,,1.51,1.874,,,,,,,,,,,3.874,3.872,3.877,,,,223.214,0.0,0.0,,,,,393.0,388.0,395.0,,,0.0,12714.0,12743.0,0.0,28.0,0.0,0.0,0.0,0.0,28.0,0.0,0.0,0.0,28.0,0.0,0.0,0.0,0.0,0.0,"solar2_v,lipo2_v"
2020-09-23T07:00:00Z,24.0,24.0,,,0.474,1.72,,,,,,,,,,,3.873,3.871,3.875,,,,226.625,0.0,0.0,,,,,356.708,326.0,385.0,,,0.0,12744.0,12772.0,0.0,9.0,0.0,0.0,0.0,0.0,24.0,0.0,0.0,0.0,24.0,0.0,0.0,0.0,0.0,0.0,"solar2_v,lipo2_v"
2020-09-23T08:00:00Z,29.0,29.0,,,0.064,0.393,,,,,,,,,,,3.871,3.871,3.874,,,,232.552,0.0,0.0,,,,,297.897,286.0,325.0,,,0.0,12773.0,12801.0,0.0,5.0,0.0,0.0,0.0,0.0,29.0,0.0,0.0,0.0,29.0,0.0,0.0,0.0,0.0,0.0,"solar2_v,lipo2_v"
2020-09-23T09:00:00Z,30.0,30.0,,,0.204,0.451,,,,,,,,,,,3.87,3.869,3.871,,,,233.233,0.0,0.0,,,,,293.067,287.0,300.0,,,0.0,12802.0,12831.0,0.0,16.0,0.0,0.0,0.0,0.0,30.0,0.0,0.0,0.0,30.0,0.0,0.0,0.0,0.0,0.0,"solar2_v,lipo2_v"
2020-09-23T10:00:00Z,29.0,29.0,,,0.0,0.0,,,,,,,,,,,3.87,3.869,3.871,,,,232.862,0.0,0.0,,,,,295.897,293.0,300.0,,,0.0,12832.0,12860.0,0.0,0.0,0.0,0.0,0.0,0.0,29.0,0.0,0.0,0.0,29.0,0.0,0.0,0.0,0.0,0.0,"solar2_v,lipo2_v"
2020-09-23T11:00:00Z,28.0,28.0,,,0.0,0.0,,,,,,,,,,,3.87,3.869,3.871,,,,233.107,0.0,0.0,,,,,293.571,292.0,295.0,,,0.0,12862.0,12890.0,0.0,0.0,0.0,0.0,0.0,0.0,28.0,0.0,0.0,0.0,28.0,0.0,0.0,0.0,0.0,0.0,"solar2_v,lipo2_v"
2020-09-23T12:00:00Z,28.0,28.0,,,0.0,0.0,,,,,,,,,,,3.869,3.869,3.871,,,,233.25,0.0,0.0,,,,,291.0,290.0,293.0,,,0.0,12891.0,12919.0,0.0,0.0,0.0,0.0,0.0,0.0,28.0,0.0,0.0,0.0,28.0,0.0,0.0,0.0,0.0,0.0,"solar2_v,lipo2_v"
2020-09-23T13:00:00Z,29.0,29.0,,,0.0,0.0,,,,,,,,,,,3.869,3.867,3.869,,,,233.241,0.0,0.0,,,,,290.586,290.0,291.0,,,0.0,12920.0,12949.0,0.0,0.0,0.0,0.0,0.0,0.0,29.0,0.0,0.0,0.0,29.0,0.0,0.0,0.0,0.0,0.0,"solar2_v,lipo2_v"
2020-09-23T14:00:00Z,29.0,29.0,,,0.0,0.0,,,,,,,,,,,3.869,3.867,3.869,,,,233.345,0.0,0.0,,,,,289.759,289.0,290.0,,,0.0,12950.0,12978.0,0.0,0.0,0.0,0.0,0.0,0.0,29.0,0.0,0.0,0.0,29.0,0.0,0.0,0.0,0.0,0.0,"solar2_v,lipo2_v"
2020-09-23T15:00:00Z,29.0,29.0,,,0.0,0.0,,,,,,,,,,,3.869,3.867,3.869,,,,233.345,0.0,0.0,,,,,291.069,290.0,293.0,,,0.0,12979.0,13007.0,0.0,0.0,0.0,0.0,0.0,0.0,29.0,0.0,0.0,0.0,29.0,0.0,0.0,0.0,0.0,0.0,"solar2_v,lipo2_v"
2020-09-23T16:00:00Z,30.0,30.0,,,0.0,0.0,,,,,,,,,,,3.869,3.867,3.869,,,,233.2,0.0,0.0,,,,,293.067,291.0,295.0,,,0.0,13008.0,13037.0,0.0,0.0,0.0,0.0,0.0,0.0,30.0,0.0,0.0,0.0,30.0,0.0,0.0,0.0,0.0,0.0,"solar2_v,lipo2_v"
2020-09-23T17:00:00Z,29.0,29.0,,,0.0,0.0,,,,,,,,,,,3.868,3.866,3.869,,,,233.276,0.0,0.0,,,,,291.724,290.0,295.0,,,0.0,13038.0,13066.0,0.0,0.0,0.0,0.0,0.0,0.0,29.0,0.0,0.0,0.0,29.0,0.0,0.0,0.0,0.0,0.0,"solar2_v,lipo2_v"
2020-09-23T18:00:00Z,30.0,30.0,,,0.0,0.0,,,,,,,,,,,3.868,3.867,3.869,,,,233.1,0.0,0.0,,,,,292.733,291.0,294.0,,,0.0,13067.0,13096.0,0.0,0.0,0.0,0.0,0.0,0.0,30.0,0.0,0.0,0.0,30.0,0.0,0.0,0.0,0.0,0.0,"solar2_v,lipo2_v"
2020-09-23T19:00:00Z,29.0,29.0,,,0.0,0.0,,,,,,,,,,,3.867,3.866,3.869,,,,233.345,0.0,0.0,,,,,290.552,287.0,293.0,,,0.0,13097.0,13125.0,0.0,0.0,0.0,0.0,0.0,0.0,29.0,0.0,0.0,0.0,29.0,0.0,0.0,0.0,0.0,0.0,"solar2_v,lipo2_v"
2020-09-23T20:00:00Z,30.0,30.0,,,0.0,0.0,,,,,,,,,,,3.867,3.864,3.869,,,,233.567,0.0,0.0,,,,,286.9,286.0,288.0,,,0.0,13126.0,13155.0,0.0,0.0,0.0,0.0,0.0,0.0,30.0,0.0,0.0,0.0,30.0,0.0,0.0,0.0,0.0,0.0,"solar2_v,lipo2_v"
2020-09-23T21:00:00Z,29.0,29.0,,,0.0,0.0,,,,,,,,,,,3.866,3.864,3.867,,,,233.793,0.0,0.0,,,,,287.069,287.0,288.0,,,0.0,13156.0,13184.0,0.0,0.0,0.0,0.0,0.0,0.0,29.0,0.0,0.0,0.0,29.0,0.0,0.0,0.0,0.0,0.0,"solar2_v,lipo2_v"
2020-09-23T22:00:00Z,30.0,30.0,,,0.0,0.0,,,,,,,,,,,3.866,3.864,3.867,,,,233.867,0.0,0.0,,,,,286.167,286.0,287.0,,,0.0,13185.0,13214.0,0.0,0.0,0.0,0.0,0.0,0.0,30.0,0.0,0.0,0.0,30.0,0.0,0.0,0.0,0.0,0.0,"solar2_v,lipo2_v"
2020-09-23T23:00:00Z,29.0,29.0,,,0.119,0.47,,,,,,,,,,,3.866,3.864,3.867,,,,233.138,0.0,0.0,,,,,293.862,287.0,304.0,,,0.0,13215.0,13243.0,0.0,8.0,0.0,0.0,0.0,0.0,29.0,0.0,0.0,0.0,29.0,0.0,0.0,0.0,0.0,0.0,"solar2_v,lipo2_v"
2020-09-24T00:00:00Z,30.0,30.0,,,0.529,0.608,,,,,,,,,,,3.867,3.866,3.869,,,,229.933,0.0,0.0,,,,,318.033,306.0,327.0,,,0.0,13244.0,13273.0,0.0,30.0,0.0,0.0,0.0,0.0,30.0,0.0,0.0,0.0,30.0,0.0,0.0,0.0,0.0,0.0,"solar2_v,lipo2_v"
2020-09-24T01:00:00Z,29.0,29.0,,,0.718,0.951,,,,,,,,,,,3.867,3.866,3.869,,,,227.862,0.0,0.0,,,,,341.241,327.0,355.0,,,0.0,13274.0,13302.0,0.0,29.0,0.0,0.0,0.0,0.0,29.0,0.0,0.0,0.0,29.0,0.0,0.0,0.0,0.0,0.0,"solar2_v,lipo2_v"
2020-09-24T02:00:00Z,29.0,29.0,,,0.89,1.272,,,,,,,,,,,3.867,3.866,3.869,,,,226.759,0.0,0.0,,,,,359.172,354.0,368.0,,,0.0,13303.0,13332.0,0.0,29.0,0.0,0.0,0.0,0.0,29.0,0.0,0.0,0.0,29.0,0.0,0.0,0.0,0.0,0.0,"solar2_v,lipo2_v"
2020-09-24T03:00:00Z,29.0,29.0,,,0.973,1.495,,,,,,,,,,,3.867,3.866,3.869,,,,224.966,0.0,0.0,,,,,379.586,356.0,394.0,,,0.0,13333.0,13361.0,0.0,29.0,0.0,0.0,0.0,0.0,29.0,0.0,0.0,0.0,29.0,0.0,0.0,0.0,0.0,0.0,"solar2_v,lipo2_v"
2020-09-24T04:00:00Z,30.0,30.0,,,1.318,1.758,,,,,,,,,,,3.868,3.867,3.869,,,,222.2,0.0,0.0,,,,,406.233,394.0,412.0,,,0.0,13362.0,13391.0,0.0,30.0,0.0,0.0,0.0,0.0,30.0,0.0,0.0,0.0,30.0,0.0,0.0,0.0,0.0,0.0,"solar2_v,lipo2_v"
2020-09-24T05:00:00Z,29.0,29.0,,,1.289,1.654,,,,,,,,,,,3.868,3.867,3.869,,,,223.621,0.0,0.0,,,,,394.828,380.0,407.0,,,0.0,13392.0,13420.0,0.0,29.0,0.0,0.0,0.0,0.0,29.0,0.0,0.0,0.0,29.0,0.0,0.0,0.0,0.0,0.0,"solar2_v,lipo2_v"
2020-09-24T06:00:00Z,29.0,29.0,,,1.125,1.786,,,,,,,,,,,3.867,3.866,3.869,,,,223.655,0.0,0.0,,,,,392.138,364.0,409.0,,,0.0,13421.0,13449.0,0.0,29.0,0.0,0.0,0.0,0.0,29.0,0.0,0.0,0.0,29.0,0.0,0.0,0.0,0.0,0.0,"solar2_v,lipo2_v"
2020-09-24T07:00:00Z,30.0,30.0,,,0.195,0.682,,,,,,,,,,,3.863,3.861,3.867,,,,231.6,0.0,0.0,,,,,305.267,290.0,354.0,,,0.0,13450.0,13479.0,0.0,11.0,0.0,0.0,0.0,0.0,30.0,0.0,0.0,0.0,30.0,0.0,0.0,0.0,0.0,0.0,"solar2_v,lipo2_v"
2020-09-24T08:00:00Z,29.0,29.0,,,0.0,0.0,,,,,,,,,,,3.86,3.859,3.864,,,,234.414,0.0,0.0,,,,,280.759,267.0,292.0,,,0.0,13480.0,13508.0,0.0,0.0,0.0,0.0,0.0,0.0,29.0,0.0,0.0,0.0,29.0,0.0,0.0,0.0,0.0,0.0,"solar2_v,lipo2_v"
2020-09-24T09:00:00Z,30.0,30.0,,,0.0,0.0,,,,,,,,,,,3.858,3.856,3.861,,,,236.6,0.0,0.0,,,,,264.767,261.0,272.0,,,0.0,13509.0,13538.0,0.0,0.0,0.0,0.0,0.0,0.0,30.0,0.0,0.0,0.0,30.0,0.0,0.0,0.0,0.0,0.0,"solar2_v,lipo2_v"
2020-09-24T10:00:00Z,27.0,27.0,,,0.0,0.0,,,,,,,,,,,3.857,3.856,3.859,,,,236.0,0.0,0.0,,,,,272.111,271.0,273.0,,,0.0,13539.0,13567.0,0.0,0.0,0.0,0.0,0.0,0.0,27.0,0.0,0.0,0.0,27.0,0.0,0.0,0.0,0.0,0.0,"solar2_v,lipo2_v"
2020-09-24T11:00:00Z,30.0,30.0,,,0.0,0.0,,,,,,,,,,,3.857,3.854,3.859,,,,235.4,0.0,0.0,,,,,273.367,271.0,274.0,,,0.0,13568.0,13597.0,0.0,0.0,0.0,0.0,0.0,0.0,30.0,0.0,0.0,0.0,30.0,0.0,0.0,0.0,0.0,0.0,"solar2_v,lipo2_v"
2020-09-24T12:00:00Z,29.0,29.0,,,0.0,0.0,,,,,,,,,,,3.856,3.854,3.859,,,,235.034,0.0,0.0,,,,,274.655,274.0,277.0,,,0.0,13598.0,13626.0,0.0,0.0,0.0,0.0,0.0,0.0,29.0,0.0,0.0,0.0,29.0,0.0,0.0,0.0,0.0,0.0,"solar2_v,lipo2_v"
2020-09-24T13:00:00Z,29.0,29.0,,,0.0,0.0,,,,,,,,,,,3.856,3.854,3.857,,,,233.793,0.0,0.0,,,,,284.483,277.0,287.0,,,0.0,13628.0,13656.0,0.0,0.0,0.0,0.0,0.0,0.0,29.0,0.0,0.0,0.0,29.0,0.0,0.0,0.0,0.0,0.0,"solar2_v,lipo2_v"
2020-09-24T14:00:00Z,28.0,28.0,,,0.0,0.0,,,,,,,,,,,3.856,3.854,3.857,,,,233.286,0.0,0.0,,,,,289.821,286.0,295.0,,,0.0,13657.0,13685.0,0.0,0.0,0.0,0.0,0.0,0.0,28.0,0.0,0.0,0.0,28.0,0.0,0.0,0.0,0.0,0.0,"solar2_v,lipo2_v"
2020-09-24T15:00:00Z,29.0,29.0,,,0.0,0.0,,,,,,,,,,,3.856,3.852,3.857,,,,233.448,0.0,0.0,,,,,291.931,291.0,295.0,,,0.0,13686.0,13714.0,0.0,0.0,0.0,0.0,0.0,0.0,29.0,0.0,0.0,0.0,29.0,0.0,0.0,0.0,0.0,0.0,"solar2_v,lipo2_v"
2020-09-24T16:00:00Z,30.0,30.0,,,0.0,0.0,,,,,,,,,,,3.855,3.852,3.857,,,,233.2,0.0,0.0,,,,,292.8,290.0,295.0,,,0.0,13715.0,13744.0,0.0,0.0,0.0,0.0,0.0,0.0,30.0,0.0,0.0,0.0,30.0,0.0,0.0,0.0,0.0,0.0,"solar2_v,lipo2_v"
2020-09-24T17:00:00Z,29.0,29.0,,,0.0,0.0,,,,,,,,,,,3.854,3.852,3.856,,,,233.138,0.0,0.0,,,,,290.207,289.0,291.0,,,0.0,13745.0,13773.0,0.0,0.0,0.0,0.0,0.0,0.0,29.0,0.0,0.0,0.0,29.0,0.0,0.0,0.0,0.0,0.0,"solar2_v,lipo2_v"
2020-09-24T18:00:00Z,30.0,30.0,,,0.0,0.0,,,,,,,,,,,3.853,3.852,3.856,,,,233.233,0.0,0.0,,,,,291.067,289.0,294.0,,,0.0,13774.0,13803.0,0.0,0.0,0.0,0.0,0.0,0.0,30.0,0.0,0.0,0.0,30.0,0.0,0.0,0.0,0.0,0.0,"solar2_v,lipo2_v"
2020-09-24T19:00:00Z,29.0,29.0,,,0.0,0.0,,,,,,,,,,,3.854,3.852,3.856,,,,233.276,0.0,0.0,,,,,294.793,292.0,296.0,,,0.0,13804.0,13832.0,0.0,0.0,0.0,0.0,0.0,0.0,29.0,0.0,0.0,0.0,29.0,0.0,0.0,0.0,0.0,0.0,"solar2_v,lipo2_v"
2020-09-24T20:00:00Z,30.0,30.0,,,0.0,0.0,,,,,,,,,,,3.853,3.851,3.854,,,,233.167,0.0,0.0,,,,,290.1,288.0,292.0,,,0.0,13833.0,13862.0,0.0,0.0,0.0,0.0,0.0,0.0,30.0,0.0,0.0,0.0,30.0,0.0,0.0,0.0,0.0,0.0,"solar2_v,lipo2_v"
2020-09-24T21:00:00Z,29.0,29.0,,,0.0,0.0,,,,,,,,,,,3.852,3.851,3.854,,,,233.655,0.0,0.0,,,,,286.69,286.0,288.0,,,0.0,13863.0,13891.0,0.0,0.0,0.0,0.0,0.0,0.0,29.0,0.0,0.0,0.0,29.0,0.0,0.0,0.0,0.0,0.0,"solar2_v,lipo2_v"
2020-09-24T22:00:00Z,30.0,30.0,,,0.0,0.0,,,,,,,,,,,3.851,3.849,3.852,,,,234.167,0.0,0.0,,,,,284.133,283.0,285.0,,,0.0,13892.0,13921.0,0.0,0.0,0.0,0.0,0.0,0.0,30.0,0.0,0.0,0.0,30.0,0.0,0.0,0.0,0.0,0.0,"solar2_v,lipo2_v"
2020-09-24T23:00:00Z,29.0,29.0,,,0.251,0.595,,,,,,,,,,,3.851,3.849,3.852,,,,233.621,0.0,0.0,,,,,287.897,283.0,294.0,,,0.0,13922.0,13950.0,0.0,16.0,0.0,0.0,0.0,0.0,29.0,0.0,0.0,0.0,29.0,0.0,0.0,0.0,0.0,0.0,"solar2_v,lipo2_v"
2020-09-25T00:00:00Z,30.0,30.0,,,0.756,1.023,,,,,,,,,,,3.851,3.847,3.852,,,,232.467,0.0,0.0,,,,,300.567,295.0,310.0,,,0.0,13951.0,13980.0,0.0,30.0,0.0,0.0,0.0,0.0,30.0,0.0,0.0,0.0,30.0,0.0,0.0,0.0,0.0,0.0,"solar2_v,lipo2_v"
2020-09-25T01:00:00Z,20.0,20.0,,,1.48,1.722,,,,,,,,,,,3.851,3.849,3.854,,,,228.4,0.0,0.0,,,,,333.65,311.0,347.0,,,0.0,13982.0,14009.0,0.0,20.0,0.0,0.0,0.0,0.0,20.0,0.0,0.0,0.0,20.0,0.0,0.0,0.0,0.0,0.0,"solar2_v,lipo2_v"
2020-09-25T02:00:00Z,29.0,29.0,,,1.621,1.902,,,,,,,,,,,3.852,3.851,3.854,,,,226.552,0.0,0.0,,,,,360.517,350.0,380.0,,,0.0,14010.0,14039.0,0.0,29.0,0.0,0.0,0.0,0.0,29.0,0.0,0.0,0.0,29.0,0.0,0.0,0.0,0.0,0.0,"solar2_v,lipo2_v"
2020-09-25T03:00:00Z,29.0,29.0,,,1.723,1.968,,,,,,,,,,,3.852,3.849,3.854,,,,226.345,0.0,0.0,,,,,362.69,355.0,379.0,,,0.0,14040.0,14068.0,0.0,29.0,0.0,0.0,0.0,0.0,29.0,0.0,0.0,0.0,29.0,0.0,0.0,0.0,0.0,0.0,"solar2_v,lipo2_v"
2020-09-25T04:00:00Z,29.0,29.0,,,1.856,2.023,,,,,,,,,,,3.852,3.851,3.854,,,,224.897,0.0,0.0,,,,,374.0,364.0,380.0,,,0.0,14069.0,14098.0,0.0,29.0,0.0,0.0,0.0,0.0,29.0,0.0,0.0,0.0,29.0,0.0,0.0,0.0,0.0,0.0,"solar2_v,lipo2_v"
2020-09-25T05:00:00Z,29.0,29.0,,,1.684,1.958,,,,,,,,,,,3.852,3.851,3.854,,,,225.207,0.0,0.0,,,,,377.138,374.0,380.0,,,0.0,14099.0,14127.0,0.0,29.0,0.0,0.0,0.0,0.0,29.0,0.0,0.0,0.0,29.0,0.0,0.0,0.0,0.0,0.0,"solar2_v,lipo2_v"
2020-09-25T06:00:00Z,30.0,30.0,,,1.191,1.44,,,,,,,,,,,3.852,3.847,3.854,,,,224.933,0.0,0.0,,,,,377.3,367.0,386.0,,,0.0,14128.0,14157.0,0.0,30.0,0.0,0.0,0.0,0.0,30.0,0.0,0.0,0.0,30.0,0.0,0.0,0.0,0.0,0.0,"solar2_v,lipo2_v"
2020-09-25T07:00:00Z,29.0,29.0,,,1.275,1.704,,,,,,,,,,,3.852,3.851,3.854,,,,224.414,0.0,0.0,,,,,385.621,377.0,393.0,,,0.0,14158.0,14186.0,0.0,29.0,0.0,0.0,0.0,0.0,29.0,0.0,0.0,0.0,29.0,0.0,0.0,0.0,0.0,0.0,"solar2_v,lipo2_v"
2020-09-25T08:00:00Z,30.0,30.0,,,0.979,1.42,,,,,,,,,,,3.851,3.849,3.854,,,,225.3,0.0,0.0,,,,,376.8,373.0,380.0,,,0.0,14187.0,14216.0,0.0,30.0,0.0,0.0,0.0,0.0,30.0,0.0,0.0,0.0,30.0,0.0,0.0,0.0,0.0,0.0,"solar2_v,lipo2_v"
2020-09-25T09:00:00Z,28.0,28.0,,,0.405,0.708,,,,,,,,,,,3.849,3.847,3.851,,,,227.036,0.0,0.0,,,,,360.25,347.0,371.0,,,0.0,14217.0,14245.0,0.0,21.0,0.0,0.0,0.0,0.0,28.0,0.0,0.0,0.0,28.0,0.0,0.0,0.0,0.0,0.0,"solar2_v,lipo2_v"
2020-09-25T10:00:00Z,29.0,29.0,,,0.186,0.513,,,,,,,,,,,3.848,3.846,3.849,,,,228.241,0.0,0.0,,,,,341.0,332.0,348.0,,,0.0,14246.0,14275.0,0.0,12.0,0.0,0.0,0.0,0.0,29.0,0.0,0.0,0.0,29.0,0.0,0.0,0.0,0.0,0.0,"solar2_v,lipo2_v"
2020-09-25T11:00:00Z,29.0,29.0,,,0.0,0.0,,,,,,,,,,,3.847,3.844,3.849,,,,229.207,0.0,0.0,,,,,326.897,325.0,331.0,,,0.0,14276.0,14304.0,0.0,0.0,0.0,0.0,0.0,0.0,29.0,0.0,0.0,0.0,29.0,0.0,0.0,0.0,0.0,0.0,"solar2_v,lipo2_v"
2020-09-25T12:00:00Z,29.0,29.0,,,0.0,0.0,,,,,,,,,,,3.846,3.842,3.847,,,,230.793,0.0,0.0,,,,,315.034,306.0,325.0,,,0.0,14305.0,14333.0,0.0,0.0,0.0,0.0,0.0,0.0,29.0,0.0,0.0,0.0,29.0,0.0,0.0,0.0,0.0,0.0,"solar2_v,lipo2_v"
2020-09-25T13:00:00Z,30.0,30.0,,,0.0,0.0,,,,,,,,,,,3.845,3.842,3.847,,,,231.767,0.0,0.0,,,,,307.467,305.0,313.0,,,0.0,14334.0,14363.0,0.0,0.0,0.0,0.0,0.0,0.0,30.0,0.0,0.0,0.0,30.0,0.0,0.0,0.0,0.0,0.0,"solar2_v,lipo2_v"
2020-09-25T14:00:00Z,29.0,29.0,,,0.0,0.0,,,,,,,,,,,3.845,3.842,3.846,,,,230.793,0.0,0.0,,,,,314.552,311.0,316.0,,,0.0,14364.0,14392.0,0.0,0.0,0.0,0.0,0.0,0.0,29.0,0.0,0.0,0.0,29.0,0.0,0.0,0.0,0.0,0.0,"solar2_v,lipo2_v"
2020-09-25T15:00:00Z,30.0,30.0,,,0.0,0.0,,,,,,,,,,,3.843,3.842,3.846,,,,232.767,0.0,0.0,,,,,298.667,291.0,311.0,,,0.0,14393.0,14422.0,0.0,0.0,0.0,0.0,0.0,0.0,30.0,0.0,0.0,0.0,30.0,0.0,0.0,0.0,0.0,0.0,"solar2_v,lipo2_v"
2020-09-25T16:00:00Z,29.0,29.0,,,0.0,0.0,,,,,,,,,,,3.842,3.841,3.844,,,,233.586,0.0,0.0,,,,,286.897,286.0,289.0,,,0.0,14423.0,14451.0,0.0,0.0,0.0,0.0,0.0,0.0,29.0,0.0,0.0,0.0,29.0,0.0,0.0,0.0,0.0,0.0,"solar2_v,lipo2_v"
2020-09-25T17:00:00Z,30.0,30.0,,,0.0,0.0,,,,,,,,,,,3.842,3.841,3.844,,,,233.1,0.0,0.0,,,,,289.267,287.0,291.0,,,0.0,14452.0,14481.0,0.0,0.0,0.0,0.0,0.0,0.0,30.0,0.0,0.0,0.0,30.0,0.0,0.0,0.0,0.0,0.0,"solar2_v,lipo2_v"
2020-09-25T18:00:00Z,29.0,29.0,,,0.0,0.0,,,,,,,,,,,3.841,3.839,3.842,,,,233.724,0.0,0.0,,,,,287.414,286.0,289.0,,,0.0,14482.0,14510.0,0.0,0.0,0.0,0.0,0.0,0.0,29.0,0.0,0.0,0.0,29.0,0.0,0.0,0.0,0.0,0.0,"solar2_v,lipo2_v"
2020-09-25T19:00:00Z,30.0,30.0,,,0.0,0.0,,,,,,,,,,,3.841,3.839,3.842,,,,233.3,0.0,0.0,,,,,288.0,287.0,290.0,,,0.0,14511.0,14540.0,0.0,0.0,0.0,0.0,0.0,0.0,30.0,0.0,0.0,0.0,30.0,0.0,0.0,0.0,0.0,0.0,"solar2_v,lipo2_v"
2020-09-25T20:00:00Z,29.0,29.0,,,0.0,0.0,,,,,,,,,,,3.841,3.839,3.842,,,,233.69,0.0,0.0,,,,,286.931,286.0,287.0,,,0.0,14541.0,14569.0,0.0,0.0,0.0,0.0,0.0,0.0,29.0,0.0,0.0,0.0,29.0,0.0,0.0,0.0,0.0,0.0,"solar2_v,lipo2_v"
2020-09-25T21:00:00Z,30.0,30.0,,,0.0,0.0,,,,,,,,,,,3.84,3.839,3.841,,,,233.367,0.0,0.0,,,,,286.6,286.0,287.0,,,0.0,14570.0,14599.0,0.0,0.0,0.0,0.0,0.0,0.0,30.0,0.0,0.0,0.0,30.0,0.0,0.0,0.0,0.0,0.0,"solar2_v,lipo2_v"
2020-09-25T22:00:00Z,29.0,29.0,,,0.0,0.0,,,,,,,,,,,3.84,3.839,3.841,,,,233.655,0.0,0.0,,,,,286.655,286.0,287.0,,,0.0,14600.0,14628.0,0.0,0.0,0.0,0.0,0.0,0.0,29.0,0.0,0.0,0.0,29.0,0.0,0.0,0.0,0.0,0.0,"solar2_v,lipo2_v"
2020-09-25T23:00:00Z,30.0,30.0,,,0.0,0.0,,,,,,,,,,,3.839,3.836,3.841,,,,233.9,0.0,0.0,,,,,285.533,283.0,287.0,,,0.0,14629.0,14658.0,0.0,0.0,0.0,0.0,0.0,0.0,30.0,0.0,0.0,0.0,30.0,0.0,0.0,0.0,0.0,0.0,"solar2_v,lipo2_v"
2020-09-26T00:00:00Z,29.0,29.0,,,0.335,0.656,,,,,,,,,,,3.839,3.836,3.841,,,,232.931,0.0,0.0,,,,,290.724,287.0,296.0,,,0.0,14659.0,14687.0,0.0,22.0,0.0,0.0,0.0,0.0,29.0,0.0,0.0,0.0,29.0,0.0,0.0,0.0,0.0,0.0,"solar2_v,lipo2_v"
2020-09-26T01:00:00Z,30.0,30.0,,,1.057,1.389,,,,,,,,,,,3.839,3.838,3.841,,,,230.867,0.0,0.0,,,,,312.667,298.0,327.0,,,0.0,14688.0,14717.0,0.0,30.0,0.0,0.0,0.0,0.0,30.0,0.0,0.0,0.0,30.0,0.0,0.0,0.0,0.0,0.0,"solar2_v,lipo2_v"
2020-09-26T02:00:00Z,29.0,29.0,,,1.4,1.694,,,,,,,,,,,3.839,3.838,3.841,,,,228.586,0.0,0.0,,,,,334.414,327.0,347.0,,,0.0,14718.0,14746.0,0.0,29.0,0.0,0.0,0.0,0.0,29.0,0.0,0.0,0.0,29.0,0.0,0.0,0.0,0.0,0.0,"solar2_v,lipo2_v"
2020-09-26T03:00:00Z,30.0,30.0,,,1.618,1.863,,,,,,,,,,,3.84,3.838,3.841,,,,226.833,0.0,0.0,,,,,355.433,344.0,367.0,,,0.0,14747.0,14776.0,0.0,30.0,0.0,0.0,0.0,0.0,30.0,0.0,0.0,0.0,30.0,0.0,0.0,0.0,0.0,0.0,"solar2_v,lipo2_v"
2020-09-26T04:00:00Z,29.0,29.0,,,1.683,1.915,,,,,,,,,,,3.84,3.838,3.841,,,,226.138,0.0,0.0,,,,,366.69,363.0,369.0,,,0.0,14777.0,14805.0,0.0,29.0,0.0,0.0,0.0,0.0,29.0,0.0,0.0,0.0,29.0,0.0,0.0,0.0,0.0,0.0,"solar2_v,lipo2_v"
2020-09-26T05:00:00Z,30.0,30.0,,,1.645,1.963,,,,,,,,,,,3.84,3.839,3.841,,,,224.867,0.0,0.0,,,,,372.333,368.0,379.0,,,0.0,14806.0,14835.0,0.0,30.0,0.0,0.0,0.0,0.0,30.0,0.0,0.0,0.0,30.0,0.0,0.0,0.0,0.0,0.0,"solar2_v,lipo2_v"
2020-09-26T06:00:00Z,28.0,28.0,,,1.207,1.769,,,,,,,,,,,3.839,3.838,3.841,,,,226.179,0.0,0.0,,,,,360.464,330.0,368.0,,,0.0,14836.0,14864.0,0.0,27.0,0.0,0.0,0.0,0.0,28.0,0.0,0.0,0.0,28.0,0.0,0.0,0.0,0.0,0.0,"solar2_v,lipo2_v"
2020-09-26T07:00:00Z,29.0,29.0,,,0.878,1.049,,,,,,,,,,,3.838,3.836,3.839,,,,228.207,0.0,0.0,,,,,340.034,330.0,352.0,,,0.0,14865.0,14893.0,0.0,29.0,0.0,0.0,0.0,0.0,29.0,0.0,0.0,0.0,29.0,0.0,0.0,0.0,0.0,0.0,"solar2_v,lipo2_v"
2020-09-26T08:00:00Z,30.0,30.0,,,0.617,1.284,,,,,,,,,,,3.838,3.836,3.839,,,,227.533,0.0,0.0,,,,,350.133,342.0,354.0,,,0.0,14894.0,14923.0,0.0,28.0,0.0,0.0,0.0,0.0,30.0,0.0,0.0,0.0,30.0,0.0,0.0,0.0,0.0,0.0,"solar2_v,lipo2_v"
2020-09-26T09:00:00Z,29.0,29.0,,,0.0,0.0,,,,,,,,,,,3.837,3.834,3.838,,,,228.828,0.0,0.0,,,,,331.483,326.0,341.0,,,0.0,14924.0,14952.0,0.0,0.0,0.0,0.0,0.0,0.0,29.0,0.0,0.0,0.0,29.0,0.0,0.0,0.0,0.0,0.0,"solar2_v,lipo2_v"
2020-09-26T10:00:00Z,28.0,28.0,,,0.0,0.0,,,,,,,,,,,3.836,3.834,3.838,,,,229.429,0.0,0.0,,,,,323.893,320.0,326.0,,,0.0,14953.0,14982.0,0.0,0.0,0.0,0.0,0.0,0.0,28.0,0.0,0.0,0.0,28.0,0.0,0.0,0.0,0.0,0.0,"solar2_v,lipo2_v"
2020-09-26T11:00:00Z,29.0,29.0,,,0.0,0.0,,,,,,,,,,,3.836,3.833,3.838,,,,230.241,0.0,0.0,,,,,319.897,319.0,321.0,,,0.0,14983.0,15011.0,0.0,0.0,0.0,0.0,0.0,0.0,29.0,0.0,0.0,0.0,29.0,0.0,0.0,0.0,0.0,0.0,"solar2_v,lipo2_v"
2020-09-26T12:00:00Z,29.0,29.0,,,0.0,0.0,,,,,,,,,,,3.834,3.831,3.836,,,,230.138,0.0,0.0,,,,,317.0,316.0,319.0,,,0.0,15012.0,15041.0,0.0,0.0,0.0,0.0,0.0,0.0,29.0,0.0,0.0,0.0,29.0,0.0,0.0,0.0,0.0,0.0,"solar2_v,lipo2_v"
2020-09-26T13:00:00Z,29.0,29.0,,,0.0,0.0,,,,,,,,,,,3.834,3.831,3.838,,,,230.414,0.0,0.0,,,,,314.966,314.0,318.0,,,0.0,15042.0,15070.0,0.0,0.0,0.0,0.0,0.0,0.0,29.0,0.0,0.0,0.0,29.0,0.0,0.0,0.0,0.0,0.0,"solar2_v,lipo2_v"
2020-09-26T14:00:00Z,27.0,27.0,,,0.0,0.0,,,,,,,,,,,3.833,3.829,3.836,,,,230.593,0.0,0.0,,,,,313.481,288.0,322.0,,,0.0,15071.0,15099.0,0.0,0.0,0.0,0.0,0.0,0.0,27.0,0.0,0.0,0.0,27.0,0.0,0.0,0.0,0.0,0.0,"solar2_v,lipo2_v"
2020-09-26T15:00:00Z,30.0,30.0,,,0.0,0.0,,,,,,,,,,,3.829,3.826,3.831,,,,236.333,0.0,0.0,,,,,266.133,261.0,286.0,,,0.0,15100.0,15129.0,0.0,0.0,0.0,0.0,0.0,0.0,30.0,0.0,0.0,0.0,30.0,0.0,0.0,0.0,0.0,0.0,"solar2_v,lipo2_v"
2020-09-26T16:00:00Z,29.0,29.0,,,0.0,0.0,,,,,,,,,,,3.828,3.826,3.829,,,,236.621,0.0,0.0,,,,,264.759,261.0,269.0,,,0.0,15130.0,15158.0,0.0,0.0,0.0,0.0,0.0,0.0,29.0,0.0,0.0,0.0,29.0,0.0,0.0,0.0,0.0,0.0,"solar2_v,lipo2_v"
2020-09-26T17:00:00Z,29.0,29.0,,,0.0,0.0,,,,,,,,,,,3.828,3.826,3.829,,,,236.172,0.0,0.0,,,,,269.862,267.0,272.0,,,0.0,15159.0,15187.0,0.0,0.0,0.0,0.0,0.0,0.0,29.0,0.0,0.0,0.0,29.0,0.0,0.0,0.0,0.0,0.0,"solar2_v,lipo2_v"
2020-09-26T18:00:00Z,30.0,30.0,,,0.0,0.0,,,,,,,,,,,3.828,3.826,3.829,,,,235.733,0.0,0.0,,,,,270.6,267.0,274.0,,,0.0,15188.0,15217.0,0.0,0.0,0.0,0.0,0.0,0.0,30.0,0.0,0.0,0.0,30.0,0.0,0.0,0.0,0.0,0.0,"solar2_v,lipo2_v"
2020-09-26T19:00:00Z,29.0,29.0,,,0.0,0.0,,,,,,,,,,,3.828,3.826,3.829,,,,234.931,0.0,0.0,,,,,275.414,274.0,278.0,,,0.0,15218.0,15246.0,0.0,0.0,0.0,0.0,0.0,0.0,29.0,0.0,0.0,0.0,29.0,0.0,0.0,0.0,0.0,0.0,"solar2_v,lipo2_v"
2020-09-26T20:00:00Z,30.0,30.0,,,0.0,0.0,,,,,,,,,,,3.828,3.824,3.829,,,,234.667,0.0,0.0,,,,,278.633,277.0,280.0,,,0.0,15247.0,15276.0,0.0,0.0,0.0,0.0,0.0,0.0,30.0,0.0,0.0,0.0,30.0,0.0,0.0,0.0,0.0,0.0,"solar2_v,lipo2_v"
2020-09-26T21:00:00Z,29.0,29.0,,,0.0,0.0,,,,,,,,,,,3.827,3.824,3.828,,,,234.31,0.0,0.0,,,,,280.897,280.0,281.0,,,0.0,15277.0,15305.0,0.0,0.0,0.0,0.0,0.0,0.0,29.0,0.0,0.0,0.0,29.0,0.0,0.0,0.0,0.0,0.0,"solar2_v,lipo2_v"
2020-09-26T22:00:00Z,30.0,30.0,,,0.0,0.0,,,,,,,,,,,3.826,3.824,3.828,,,,234.5,0.0,0.0,,,,,280.4,280.0,282.0,,,0.0,15306.0,15335.0,0.0,0.0,0.0,0.0,0.0,0.0,30.0,0.0,0.0,0.0,30.0,0.0,0.0,0.0,0.0,0.0,"solar2_v,lipo2_v"
2020-09-26T23:00:00Z,29.0,29.0,,,0.194,0.5,,,,,,,,,,,3.826,3.823,3.828,,,,234.138,0.0,0.0,,,,,285.103,281.0,291.0,,,0.0,15336.0,15364.0,0.0,13.0,0.0,0.0,0.0,0.0,29.0,0.0,0.0,0.0,29.0,0.0,0.0,0.0,0.0,0.0,"solar2_v,lipo2_v"
2020-09-27T00:00:00Z,30.0,30.0,,,0.727,0.911,,,,,,,,,,,3.826,3.823,3.828,,,,232.067,0.0,0.0,,,,,304.167,292.0,320.0,,,0.0,15365.0,15394.0,0.0,30.0,0.0,0.0,0.0,0.0,30.0,0.0,0.0,0.0,30.0,0.0,0.0,0.0,0.0,0.0,"solar2_v,lipo2_v"
2020-09-27T01:00:00Z,29.0,29.0,,,1.125,1.536,,,,,,,,,,,3.826,3.824,3.828,,,,228.897,0.0,0.0,,,,,329.069,321.0,340.0,,,0.0,15395.0,15423.0,0.0,29.0,0.0,0.0,0.0,0.0,29.0,0.0,0.0,0.0,29.0,0.0,0.0,0.0,0.0,0.0,"solar2_v,lipo2_v"
2020-09-27T02:00:00Z,30.0,30.0,,,1.551,1.992,,,,,,,,,,,3.826,3.824,3.828,,,,228.033,0.0,0.0,,,,,343.633,338.0,354.0,,,0.0,15424.0,15453.0,0.0,30.0,0.0,0.0,0.0,0.0,30.0,0.0,0.0,0.0,30.0,0.0,0.0,0.0,0.0,0.0,"solar2_v,lipo2_v"
2020-09-27T03:00:00Z,29.0,29.0,,,1.698,2.018,,,,,,,,,,,3.827,3.824,3.829,,,,225.793,0.0,0.0,,,,,369.241,355.0,380.0,,,0.0,15454.0,15482.0,0.0,29.0,0.0,0.0,0.0,0.0,29.0,0.0,0.0,0.0,29.0,0.0,0.0,0.0,0.0,0.0,"solar2_v,lipo2_v"
2020-09-27T04:00:00Z,30.0,30.0,,,1.598,2.092,,,,,,,,,,,3.827,3.824,3.829,,,,225.667,0.0,0.0,,,,,368.767,358.0,380.0,,,0.0,15483.0,15512.0,0.0,30.0,0.0,0.0,0.0,0.0,30.0,0.0,0.0,0.0,30.0,0.0,0.0,0.0,0.0,0.0,"solar2_v,lipo2_v"
2020-09-27T05:00:00Z,29.0,29.0,,,0.456,1.968,,,,,,,,,,,3.827,3.824,3.829,,,,227.586,0.0,0.0,,,,,348.414,309.0,379.0,,,0.0,15513.0,15541.0,0.0,17.0,0.0,0.0,0.0,0.0,29.0,0.0,0.0,0.0,29.0,0.0,0.0,0.0,0.0,0.0,"solar2_v,lipo2_v"
2020-09-27T06:00:00Z,30.0,30.0,,,0.53,1.366,,,,,,,,,,,3.823,3.821,3.826,,,,234.167,0.0,0.0,,,,,285.333,277.0,303.0,,,0.0,15542.0,15571.0,0.0,18.0,0.0,0.0,0.0,0.0,30.0,0.0,0.0,0.0,30.0,0.0,0.0,0.0,0.0,0.0,"solar2_v,lipo2_v"
2020-09-27T07:00:00Z,29.0,29.0,,,1.098,1.684,,,,,,,,,,,3.822,3.821,3.824,,,,231.828,0.0,0.0,,,,,305.31,293.0,314.0,,,0.0,15572.0,15600.0,0.0,29.0,0.0,0.0,0.0,0.0,29.0,0.0,0.0,0.0,29.0,0.0,0.0,0.0,0.0,0.0,"solar2_v,lipo2_v"
2020-09-27T08:00:00Z,30.0,30.0,,,0.694,0.944,,,,,,,,,,,3.822,3.819,3.823,,,,231.0,0.0,0.0,,,,,311.933,309.0,314.0,,,0.0,15601.0,15630.0,0.0,30.0,0.0,0.0,0.0,0.0,30.0,0.0,0.0,0.0,30.0,0.0,0.0,0.0,0.0,0.0,"solar2_v,lipo2_v"
2020-09-27T09:00:00Z,29.0,29.0,,,0.404,0.706,,,,,,,,,,,3.822,3.821,3.824,,,,230.931,0.0,0.0,,,,,312.621,307.0,314.0,,,0.0,15631.0,15659.0,0.0,24.0,0.0,0.0,0.0,0.0,29.0,0.0,0.0,0.0,29.0,0.0,0.0,0.0,0.0,0.0,"solar2_v,lipo2_v"
2020-09-27T10:00:00Z,26.0,26.0,,,0.0,0.0,,,,,,,,,,,3.821,3.819,3.823,,,,232.115,0.0,0.0,,,,,302.077,300.0,307.0,,,0.0,15660.0,15688.0,0.0,0.0,0.0,0.0,0.0,0.0,26.0,0.0,0.0,0.0,26.0,0.0,0.0,0.0,0.0,0.0,"solar2_v,lipo2_v"
2020-09-27T11:00:00Z,29.0,29.0,,,0.0,0.0,,,,,,,,,,,3.82,3.818,3.823,,,,233.345,0.0,0.0,,,,,290.276,284.0,300.0,,,0.0,15690.0,15718.0,0.0,0.0,0.0,0.0,0.0,0.0,29.0,0.0,0.0,0.0,29.0,0.0,0.0,0.0,0.0,0.0,"solar2_v,lipo2_v"
2020-09-27T12:00:00Z,28.0,28.0,,,0.0,0.0,,,,,,,,,,,3.819,3.818,3.821,,,,234.0,0.0,0.0,,,,,284.393,282.0,287.0,,,0.0,15719.0,15747.0,0.0,0.0,0.0,0.0,0.0,0.0,28.0,0.0,0.0,0.0,28.0,0.0,0.0,0.0,0.0,0.0,"solar2_v,lipo2_v"
2020-09-27T13:00:00Z,30.0,30.0,,,0.0,0.0,,,,,,,,,,,3.819,3.818,3.819,,,,233.433,0.0,0.0,,,,,287.067,285.0,289.0,,,0.0,15748.0,15777.0,0.0,0.0,0.0,0.0,0.0,0.0,30.0,0.0,0.0,0.0,30.0,0.0,0.0,0.0,0.0,0.0,"solar2_v,lipo2_v"
2020-09-27T14:00:00Z,29.0,29.0,,,0.0,0.0,,,,,,,,,,,3.818,3.818,3.819,,,,234.172,0.0,0.0,,,,,282.276,281.0,285.0,,,0.0,15778.0,15806.0,0.0,0.0,0.0,0.0,0.0,0.0,29.0,0.0,0.0,0.0,29.0,0.0,0.0,0.0,0.0,0.0,"solar2_v,lipo2_v"
2020-09-27T15:00:00Z,30.0,30.0,,,0.0,0.0,,,,,,,,,,,3.818,3.816,3.819,,,,234.033,0.0,0.0,,,,,284.167,282.0,286.0,,,0.0,15807.0,15836.0,0.0,0.0,0.0,0.0,0.0,0.0,30.0,0.0,0.0,0.0,30.0,0.0,0.0,0.0,0.0,0.0,"solar2_v,lipo2_v"
2020-09-27T16:00:00Z,29.0,29.0,,,0.0,0.0,,,,,,,,,,,3.818,3.818,3.819,,,,233.828,0.0,0.0,,,,,286.276,286.0,287.0,,,0.0,15837.0,15865.0,0.0,0.0,0.0,0.0,0.0,0.0,29.0,0.0,0.0,0.0,29.0,0.0,0.0,0.0,0.0,0.0,"solar2_v,lipo2_v"
2020-09-27T17:00:00Z,30.0,30.0,,,0.0,0.0,,,,,,,,,,,3.818,3.816,3.818,,,,233.733,0.0,0.0,,,,,285.833,282.0,287.0,,,0.0,15866.0,15895.0,0.0,0.0,0.0,0.0,0.0,0.0,30.0,0.0,0.0,0.0,30.0,0.0,0.0,0.0,0.0,0.0,"solar2_v,lipo2_v"
2020-09-27T18:00:00Z,29.0,29.0,,,0.0,0.0,,,,,,,,,,,3.818,3.816,3.819,,,,234.103,0.0,0.0,,,,,283.31,280.0,286.0,,,0.0,15896.0,15924.0,0.0,0.0,0.0,0.0,0.0,0.0,29.0,0.0,0.0,0.0,29.0,0.0,0.0,0.0,0.0,0.0,"solar2_v,lipo2_v"
2020-09-27T19:00:00Z,30.0,30.0,,,0.0,0.0,,,,,,,,,,,3.818,3.816,3.818,,,,234.067,0.0,0.0,,,,,285.033,283.0,286.0,,,0.0,15925.0,15954.0,0.0,0.0,0.0,0.0,0.0,0.0,30.0,0.0,0.0,0.0,30.0,0.0,0.0,0.0,0.0,0.0,"solar2_v,lipo2_v"
2020-09-27T20:00:00Z,29.0,29.0,,,0.0,0.0,,,,,,,,,,,3.817,3.816,3.818,,,,234.069,0.0,0.0,,,,,285.621,284.0,286.0,,,0.0,15955.0,15983.0,0.0,0.0,0.0,0.0,0.0,0.0,29.0,0.0,0.0,0.0,29.0,0.0,0.0,0.0,0.0,0.0,"solar2_v,lipo2_v"
2020-09-27T21:00:00Z,30.0,30.0,,,0.0,0.0,,,,,,,,,,,3.816,3.814,3.818,,,,234.4,0.0,0.0,,,,,283.8,281.0,286.0,,,0.0,15984.0,16013.0,0.0,0.0,0.0,0.0,0.0,0.0,30.0,0.0,0.0,0.0,30.0,0.0,0.0,0.0,0.0,0.0,"solar2_v,lipo2_v"
2020-09-27T22:00:00Z,29.0,29.0,,,0.0,0.0,,,,,,,,,,,3.816,3.816,3.818,,,,233.931,0.0,0.0,,,,,283.862,281.0,287.0,,,0.0,16014.0,16042.0,0.0,0.0,0.0,0.0,0.0,0.0,29.0,0.0,0.0,0.0,29.0,0.0,0.0,0.0,0.0,0.0,"solar2_v,lipo2_v"
2020-09-27T23:00:00Z,30.0,30.0,,,0.199,0.577,,,,,,,,,,,3.816,3.814,3.818,,,,233.667,0.0,0.0,,,,,290.167,286.0,300.0,,,0.0,16043.0,16072.0,0.0,13.0,0.0,0.0,0.0,0.0,30.0,0.0,0.0,0.0,30.0,0.0,0.0,0.0,0.0,0.0,"solar2_v,lipo2_v"
2020-09-28T00:00:00Z,29.0,29.0,,,0.618,1.262,,,,,,,,,,,3.816,3.816,3.818,,,,232.172,0.0,0.0,,,,,303.172,301.0,308.0,,,0.0,16073.0,16101.0,0.0,29.0,0.0,0.0,0.0,0.0,29.0,0.0,0.0,0.0,29.0,0.0,0.0,0.0,0.0,0.0,"solar2_v,lipo2_v"
2020-09-28T01:00:00Z,7.0,7.0,,,1.242,1.735,,,,,,,,,,,3.808,3.805,3.818,,,,228.571,0.0,0.0,,,,,335.714,305.0,348.0,,,0.0,16102.0,16120.0,0.0,7.0,0.0,0.0,0.0,0.0,7.0,0.0,0.0,0.0,7.0,0.0,0.0,0.0,0.0,0.0,"solar2_v,lipo2_v"
2020-09-28T02:00:00Z,29.0,29.0,,,0.945,1.654,,,,,,,,,,,3.809,3.808,3.813,,,,228.552,0.0,0.0,,,,,332.345,325.0,340.0,,,0.0,16121.0,16149.0,0.0,28.0,0.0,0.0,0.0,0.0,29.0,0.0,0.0,0.0,29.0,0.0,0.0,0.0,0.0,0.0,"solar2_v,lipo2_v"
2020-09-28T03:00:00Z,30.0,30.0,,,1.05,1.976,,,,,,,,,,,3.809,3.806,3.811,,,,229.367,0.0,0.0,,,,,323.9,314.0,348.0,,,0.0,16150.0,16179.0,0.0,30.0,0.0,0.0,0.0,0.0,30.0,0.0,0.0,0.0,30.0,0.0,0.0,0.0,0.0,0.0,"solar2_v,lipo2_v"
2020-09-28T04:00:00Z,29.0,29.0,,,1.495,2.071,,,,,,,,,,,3.81,3.809,3.813,,,,226.069,0.0,0.0,,,,,362.414,354.0,368.0,,,0.0,16180.0,16208.0,0.0,29.0,0.0,0.0,0.0,0.0,29.0,0.0,0.0,0.0,29.0,0.0,0.0,0.0,0.0,0.0,"solar2_v,lipo2_v"
2020-09-28T05:00:00Z,30.0,30.0,,,1.155,2.02,,,,,,,,,,,3.811,3.808,3.813,,,,227.0,0.0,0.0,,,,,355.033,340.0,368.0,,,0.0,16209.0,16238.0,0.0,30.0,0.0,0.0,0.0,0.0,30.0,0.0,0.0,0.0,30.0,0.0,0.0,0.0,0.0,0.0,"solar2_v,lipo2_v"
2020-09-28T06:00:00Z,29.0,29.0,,,0.972,1.651,,,,,,,,,,,3.809,3.806,3.811,,,,230.138,0.0,0.0,,,,,317.793,301.0,340.0,,,0.0,16239.0,16267.0,0.0,28.0,0.0,0.0,0.0,0.0,29.0,0.0,0.0,0.0,29.0,0.0,0.0,0.0,0.0,0.0,"solar2_v,lipo2_v"
2020-09-28T07:00:00Z,29.0,29.0,,,1.205,2.014,,,,,,,,,,,3.809,3.806,3.811,,,,228.31,0.0,0.0,,,,,338.241,314.0,353.0,,,0.0,16268.0,16296.0,0.0,29.0,0.0,0.0,0.0,0.0,29.0,0.0,0.0,0.0,29.0,0.0,0.0,0.0,0.0,0.0,"solar2_v,lipo2_v"
2020-09-28T08:00:00Z,30.0,30.0,,,0.905,1.418,,,,,,,,,,,3.808,3.806,3.809,,,,228.667,0.0,0.0,,,,,326.8,320.0,330.0,,,0.0,16297.0,16326.0,0.0,30.0,0.0,0.0,0.0,0.0,30.0,0.0,0.0,0.0,30.0,0.0,0.0,0.0,0.0,0.0,"solar2_v,lipo2_v"
2020-09-28T09:00:00Z,29.0,29.0,,,0.603,0.787,,,,,,,,,,,3.807,3.805,3.809,,,,228.379,0.0,0.0,,,,,328.103,326.0,330.0,,,0.0,16327.0,16355.0,0.0,28.0,0.0,0.0,0.0,0.0,29.0,0.0,0.0,0.0,29.0,0.0,0.0,0.0,0.0,0.0,"solar2_v,lipo2_v"
2020-09-28T10:00:00Z,29.0,29.0,,,0.011,0.316,,,,,,,,,,,3.806,3.803,3.808,,,,229.655,0.0,0.0,,,,,318.724,311.0,326.0,,,0.0,16356.0,16385.0,0.0,1.0,0.0,0.0,0.0,0.0,29.0,0.0,0.0,0.0,29.0,0.0,0.0,0.0,0.0,0.0,"solar2_v,lipo2_v"
2020-09-28T11:00:00Z,29.0,29.0,,,0.0,0.0,,,,,,,,,,,3.805,3.803,3.809,,,,231.552,0.0,0.0,,,,,304.138,301.0,310.0,,,0.0,16386.0,16414.0,0.0,0.0,0.0,0.0,0.0,0.0,29.0,0.0,0.0,0.0,29.0,0.0,0.0,0.0,0.0,0.0,"solar2_v,lipo2_v"
2020-09-28T12:00:00Z,29.0,29.0,,,0.0,0.0,,,,,,,,,,,3.805,3.801,3.808,,,,232.276,0.0,0.0,,,,,302.414,301.0,305.0,,,0.0,16415.0,16444.0,0.0,0.0,0.0,0.0,0.0,0.0,29.0,0.0,0.0,0.0,29.0,0.0,0.0,0.0,0.0,0.0,"solar2_v,lipo2_v"
2020-09-28T13:00:00Z,29.0,29.0,,,0.0,0.0,,,,,,,,,,,3.803,3.801,3.806,,,,232.724,0.0,0.0,,,,,298.034,296.0,301.0,,,0.0,16445.0,16473.0,0.0,0.0,0.0,0.0,0.0,0.0,29.0,0.0,0.0,0.0,29.0,0.0,0.0,0.0,0.0,0.0,"solar2_v,lipo2_v"
2020-09-28T14:00:00Z,29.0,29.0,,,0.0,0.0,,,,,,,,,,,3.803,3.801,3.805,,,,232.586,0.0,0.0,,,,,298.207,296.0,301.0,,,0.0,16474.0,16502.0,0.0,0.0,0.0,0.0,0.0,0.0,29.0,0.0,0.0,0.0,29.0,0.0,0.0,0.0,0.0,0.0,"solar2_v,lipo2_v"
2020-09-28T15:00:00Z,29.0,29.0,,,0.0,0.0,,,,,,,,,,,3.801,3.8,3.803,,,,232.897,0.0,0.0,,,,,297.862,296.0,300.0,,,0.0,16504.0,16532.0,0.0,0.0,0.0,0.0,0.0,0.0,29.0,0.0,0.0,0.0,29.0,0.0,0.0,0.0,0.0,0.0,"solar2_v,lipo2_v"
2020-09-28T16:00:00Z,30.0,30.0,,,0.0,0.0,,,,,,,,,,,3.8,3.798,3.801,,,,232.9,0.0,0.0,,,,,297.4,294.0,300.0,,,0.0,16533.0,16562.0,0.0,0.0,0.0,0.0,0.0,0.0,30.0,0.0,0.0,0.0,30.0,0.0,0.0,0.0,0.0,0.0,"solar2_v,lipo2_v"
2020-09-28T17:00:00Z,29.0,29.0,,,0.0,0.0,,,,,,,,,,,3.799,3.798,3.8,,,,233.0,0.0,0.0,,,,,291.69,287.0,294.0,,,0.0,16563.0,16591.0,0.0,0.0,0.0,0.0,0.0,0.0,29.0,0.0,0.0,0.0,29.0,0.0,0.0,0.0,0.0,0.0,"solar2_v,lipo2_v"
2020-09-28T18:00:00Z,30.0,30.0,,,0.0,0.0,,,,,,,,,,,3.799,3.796,3.8,,,,233.4,0.0,0.0,,,,,289.233,287.0,291.0,,,0.0,16592.0,16621.0,0.0,0.0,0.0,0.0,0.0,0.0,30.0,0.0,0.0,0.0,30.0,0.0,0.0,0.0,0.0,0.0,"solar2_v,lipo2_v"
2020-09-28T19:00:00Z,29.0,29.0,,,0.0,0.0,,,,,,,,,,,3.798,3.796,3.8,,,,233.138,0.0,0.0,,,,,290.276,289.0,291.0,,,0.0,16622.0,16650.0,0.0,0.0,0.0,0.0,0.0,0.0,29.0,0.0,0.0,0.0,29.0,0.0,0.0,0.0,0.0,0.0,"solar2_v,lipo2_v"
2020-09-28T20:00:00Z,30.0,30.0,,,0.0,0.0,,,,,,,,,,,3.796,3.795,3.798,,,,233.167,0.0,0.0,,,,,290.133,289.0,291.0,,,0.0,16651.0,16680.0,0.0,0.0,0.0,0.0,0.0,0.0,30.0,0.0,0.0,0.0,30.0,0.0,0.0,0.0,0.0,0.0,"solar2_v,lipo2_v"
2020-09-28T21:00:00Z,29.0,29.0,,,0.0,0.0,,,,,,,,,,,3.795,3.793,3.798,,,,233.138,0.0,0.0,,,,,288.586,287.0,290.0,,,0.0,16681.0,16709.0,0.0,0.0,0.0,0.0,0.0,0.0,29.0,0.0,0.0,0.0,29.0,0.0,0.0,0.0,0.0,0.0,"solar2_v,lipo2_v"
2020-09-28T22:00:00Z,7.0,7.0,,,0.0,0.0,,,,,,,,,,,3.794,3.791,3.796,,,,233.0,0.0,0.0,,,,,287.429,287.0,288.0,,,0.0,16710.0,16716.0,0.0,0.0,0.0,0.0,0.0,0.0,7.0,0.0,0.0,0.0,7.0,0.0,0.0,0.0,0.0,0.0,"solar2_v,lipo2_v"
2020-09-29T01:00:00Z,1.0,1.0,,,0.418,0.418,,,,,,,,,,,3.795,3.795,3.795,,,,232.0,0.0,0.0,,,,,305.0,305.0,305.0,,,0.0,16825.0,16825.0,0.0,1.0,0.0,0.0,0.0,0.0,1.0,0.0,0.0,0.0,1.0,0.0,0.0,0.0,0.0,0.0,"solar2_v,lipo2_v"
2020-09-29T02:00:00Z,25.0,25.0,,,1.607,1.891,,,,,,,,,,,3.791,3.791,3.793,,,,230.64,0.0,0.0,,,,,311.96,287.0,327.0,,,0.0,16831.0,16856.0,0.0,25.0,0.0,0.0,0.0,0.0,25.0,0.0,0.0,0.0,25.0,0.0,0.0,0.0,0.0,0.0,"solar2_v,lipo2_v"
2020-09-29T03:00:00Z,30.0,30.0,,,1.642,1.925,,,,,,,,,,,3.791,3.79,3.793,,,,227.8,0.0,0.0,,,,,340.667,328.0,350.0,,,0.0,16857.0,16886.0,0.0,30.0,0.0,0.0,0.0,0.0,30.0,0.0,0.0,0.0,30.0,0.0,0.0,0.0,0.0,0.0,"solar2_v,lipo2_v"
2020-09-29T04:00:00Z,29.0,29.0,,,1.655,2.104,,,,,,,,,,,3.791,3.79,3.791,,,,227.0,0.0,0.0,,,,,352.172,342.0,360.0,,,0.0,16887.0,16915.0,0.0,29.0,0.0,0.0,0.0,0.0,29.0,0.0,0.0,0.0,29.0,0.0,0.0,0.0,0.0,0.0,"solar2_v,lipo2_v"
2020-09-29T05:00:00Z,30.0,30.0,,,1.228,2.028,,,,,,,,,,,3.791,3.79,3.793,,,,226.8,0.0,0.0,,,,,358.033,345.0,370.0,,,0.0,16916.0,16945.0,0.0,27.0,0.0,0.0,0.0,0.0,30.0,0.0,0.0,0.0,30.0,0.0,0.0,0.0,0.0,0.0,"solar2_v,lipo2_v"
2020-09-29T06:00:00Z,27.0,27.0,,,1.163,1.915,,,,,,,,,,,3.79,3.79,3.79,,,,228.407,0.0,0.0,,,,,332.667,329.0,341.0,,,0.0,16946.0,16974.0,0.0,26.0,0.0,0.0,0.0,0.0,27.0,0.0,0.0,0.0,27.0,0.0,0.0,0.0,0.0,0.0,"solar2_v,lipo2_v"
2020-09-29T07:00:00Z,23.0,23.0,,,0.949,1.474,,,,,,,,,,,3.79,3.788,3.791,,,,228.609,0.0,0.0,,,,,330.522,324.0,337.0,,,0.0,16975.0,17003.0,0.0,23.0,0.0,0.0,0.0,0.0,23.0,0.0,0.0,0.0,23.0,0.0,0.0,0.0,0.0,0.0,"solar2_v,lipo2_v"
2020-09-29T08:00:00Z,30.0,30.0,,,0.662,0.759,,,,,,,,,,,3.789,3.788,3.79,,,,229.3,0.0,0.0,,,,,324.567,323.0,325.0,,,0.0,17004.0,17033.0,0.0,30.0,0.0,0.0,0.0,0.0,30.0,0.0,0.0,0.0,30.0,0.0,0.0,0.0,0.0,0.0,"solar2_v,lipo2_v"
2020-09-29T09:00:00Z,27.0,27.0,,,0.107,0.618,,,,,,,,,,,3.787,3.786,3.788,,,,230.593,0.0,0.0,,,,,318.0,312.0,325.0,,,0.0,17034.0,17062.0,0.0,6.0,0.0,0.0,0.0,0.0,27.0,0.0,0.0,0.0,27.0,0.0,0.0,0.0,0.0,0.0,"solar2_v,lipo2_v"
2020-09-29T10:00:00Z,29.0,29.0,,,0.0,0.0,,,,,,,,,,,3.786,3.783,3.788,,,,231.69,0.0,0.0,,,,,305.345,301.0,313.0,,,0.0,17063.0,17092.0,0.0,0.0,0.0,0.0,0.0,0.0,29.0,0.0,0.0,0.0,29.0,0.0,0.0,0.0,0.0,0.0,"solar2_v,lipo2_v"
2020-09-29T11:00:00Z,27.0,27.0,,,0.0,0.0,,,,,,,,,,,3.784,3.781,3.786,,,,234.222,0.0,0.0,,,,,282.444,273.0,301.0,,,0.0,17093.0,17121.0,0.0,0.0,0.0,0.0,0.0,0.0,27.0,0.0,0.0,0.0,27.0,0.0,0.0,0.0,0.0,0.0,"solar2_v,lipo2_v"
2020-09-29T12:00:00Z,27.0,27.0,,,0.0,0.0,,,,,,,,,,,3.782,3.78,3.783,,,,235.037,0.0,0.0,,,,,276.074,273.0,283.0,,,0.0,17122.0,17149.0,0.0,0.0,0.0,0.0,0.0,0.0,27.0,0.0,0.0,0.0,27.0,0.0,0.0,0.0,0.0,0.0,"solar2_v,lipo2_v"
2020-09-29T13:00:00Z,28.0,28.0,,,0.0,0.0,,,,,,,,,,,3.781,3.78,3.783,,,,233.964,0.0,0.0,,,,,282.643,281.0,284.0,,,0.0,17153.0,17180.0,0.0,0.0,0.0,0.0,0.0,0.0,28.0,0.0,0.0,0.0,28.0,0.0,0.0,0.0,0.0,0.0,"solar2_v,lipo2_v"
2020-09-29T14:00:00Z,28.0,28.0,,,0.0,0.0,,,,,,,,,,,3.779,3.776,3.781,,,,233.75,0.0,0.0,,,,,286.429,284.0,288.0,,,0.0,17181.0,17209.0,0.0,0.0,0.0,0.0,0.0,0.0,28.0,0.0,0.0,0.0,28.0,0.0,0.0,0.0,0.0,0.0,"solar2_v,lipo2_v"
2020-09-29T15:00:00Z,30.0,30.0,,,0.0,0.0,,,,,,,,,,,3.776,3.775,3.778,,,,234.1,0.0,0.0,,,,,285.3,284.0,286.0,,,0.0,17210.0,17239.0,0.0,0.0,0.0,0.0,0.0,0.0,30.0,0.0,0.0,0.0,30.0,0.0,0.0,0.0,0.0,0.0,"solar2_v,lipo2_v"
2020-09-29T16:00:00Z,29.0,29.0,,,0.0,0.0,,,,,,,,,,,3.775,3.773,3.778,,,,233.621,0.0,0.0,,,,,286.241,285.0,287.0,,,0.0,17240.0,17268.0,0.0,0.0,0.0,0.0,0.0,0.0,29.0,0.0,0.0,0.0,29.0,0.0,0.0,0.0,0.0,0.0,"solar2_v,lipo2_v"
2020-09-29T17:00:00Z,30.0,30.0,,,0.0,0.0,,,,,,,,,,,3.773,3.77,3.775,,,,233.733,0.0,0.0,,,,,285.7,284.0,287.0,,,0.0,17269.0,17298.0,0.0,0.0,0.0,0.0,0.0,0.0,30.0,0.0,0.0,0.0,30.0,0.0,0.0,0.0,0.0,0.0,"solar2_v,lipo2_v"
2020-09-29T18:00:00Z,29.0,29.0,,,0.0,0.0,,,,,,,,,,,3.772,3.77,3.773,,,,233.586,0.0,0.0,,,,,286.0,286.0,286.0,,,0.0,17299.0,17327.0,0.0,0.0,0.0,0.0,0.0,0.0,29.0,0.0,0.0,0.0,29.0,0.0,0.0,0.0,0.0,0.0,"solar2_v,lipo2_v"
2020-09-29T19:00:00Z,30.0,30.0,,,0.0,0.0,,,,,,,,,,,3.771,3.767,3.772,,,,233.6,0.0,0.0,,,,,284.967,283.0,286.0,,,0.0,17328.0,17357.0,0.0,0.0,0.0,0.0,0.0,0.0,30.0,0.0,0.0,0.0,30.0,0.0,0.0,0.0,0.0,0.0,"solar2_v,lipo2_v"
2020-09-29T20:00:00Z,29.0,29.0,,,0.0,0.0,,,,,,,,,,,3.768,3.767,3.77,,,,233.862,0.0,0.0,,,,,285.793,284.0,286.0,,,0.0,17358.0,17386.0,0.0,0.0,0.0,0.0,0.0,0.0,29.0,0.0,0.0,0.0,29.0,0.0,0.0,0.0,0.0,0.0,"solar2_v,lipo2_v"
2020-09-29T21:00:00Z,30.0,30.0,,,0.0,0.0,,,,,,,,,,,3.767,3.767,3.77,,,,234.0,0.0,0.0,,,,,285.633,283.0,286.0,,,0.0,17387.0,17416.0,0.0,0.0,0.0,0.0,0.0,0.0,30.0,0.0,0.0,0.0,30.0,0.0,0.0,0.0,0.0,0.0,"solar2_v,lipo2_v"
2020-09-29T22:00:00Z,29.0,29.0,,,0.0,0.0,,,,,,,,,,,3.766,3.765,3.767,,,,234.345,0.0,0.0,,,,,281.793,279.0,285.0,,,0.0,17417.0,17445.0,0.0,0.0,0.0,0.0,0.0,0.0,29.0,0.0,0.0,0.0,29.0,0.0,0.0,0.0,0.0,0.0,"solar2_v,lipo2_v"
2020-09-29T23:00:00Z,30.0,30.0,,,0.206,0.6,,,,,,,,,,,3.765,3.765,3.767,,,,233.833,0.0,0.0,,,,,286.867,281.0,296.0,,,0.0,17446.0,17475.0,0.0,14.0,0.0,0.0,0.0,0.0,30.0,0.0,0.0,0.0,30.0,0.0,0.0,0.0,0.0,0.0,"solar2_v,lipo2_v"
2020-09-30T00:00:00Z,29.0,29.0,,,1.03,1.536,,,,,,,,,,,3.765,3.765,3.767,,,,230.862,0.0,0.0,,,,,312.69,297.0,333.0,,,0.0,17476.0,17504.0,0.0,29.0,0.0,0.0,0.0,0.0,29.0,0.0,0.0,0.0,29.0,0.0,0.0,0.0,0.0,0.0,"solar2_v,lipo2_v"
2020-09-30T01:00:00Z,30.0,30.0,,,1.265,1.595,,,,,,,,,,,3.764,3.763,3.765,,,,227.767,0.0,0.0,,,,,344.6,335.0,354.0,,,0.0,17505.0,17534.0,0.0,30.0,0.0,0.0,0.0,0.0,30.0,0.0,0.0,0.0,30.0,0.0,0.0,0.0,0.0,0.0,"solar2_v,lipo2_v"
2020-09-30T02:00:00Z,29.0,29.0,,,1.16,1.52,,,,,,,,,,,3.764,3.763,3.765,,,,226.0,0.0,0.0,,,,,366.0,355.0,371.0,,,0.0,17535.0,17563.0,0.0,29.0,0.0,0.0,0.0,0.0,29.0,0.0,0.0,0.0,29.0,0.0,0.0,0.0,0.0,0.0,"solar2_v,lipo2_v"
2020-09-30T03:00:00Z,30.0,30.0,,,1.163,1.753,,,,,,,,,,,3.763,3.763,3.763,,,,224.2,0.0,0.0,,,,,384.3,373.0,394.0,,,0.0,17564.0,17593.0,0.0,30.0,0.0,0.0,0.0,0.0,30.0,0.0,0.0,0.0,30.0,0.0,0.0,0.0,0.0,0.0,"solar2_v,lipo2_v"
2020-09-30T04:00:00Z,28.0,28.0,,,1.186,1.607,,,,,,,,,,,3.763,3.762,3.763,,,,224.607,0.0,0.0,,,,,382.036,370.0,394.0,,,0.0,17594.0,17622.0,0.0,28.0,0.0,0.0,0.0,0.0,28.0,0.0,0.0,0.0,28.0,0.0,0.0,0.0,0.0,0.0,"solar2_v,lipo2_v"
2020-09-30T05:00:00Z,30.0,30.0,,,1.126,1.49,,,,,,,,,,,3.762,3.762,3.763,,,,223.867,0.0,0.0,,,,,385.8,374.0,399.0,,,0.0,17623.0,17652.0,0.0,30.0,0.0,0.0,0.0,0.0,30.0,0.0,0.0,0.0,30.0,0.0,0.0,0.0,0.0,0.0,"solar2_v,lipo2_v"
2020-09-30T06:00:00Z,28.0,28.0,,,1.338,1.809,,,,,,,,,,,3.762,3.758,3.763,,,,222.75,0.0,0.0,,,,,396.214,384.0,407.0,,,0.0,17653.0,17681.0,0.0,28.0,0.0,0.0,0.0,0.0,28.0,0.0,0.0,0.0,28.0,0.0,0.0,0.0,0.0,0.0,"solar2_v,lipo2_v"
2020-09-30T07:00:00Z,27.0,27.0,,,1.051,1.679,,,,,,,,,,,3.76,3.758,3.762,,,,224.37,0.0,0.0,,,,,381.407,369.0,399.0,,,0.0,17682.0,17710.0,0.0,27.0,0.0,0.0,0.0,0.0,27.0,0.0,0.0,0.0,27.0,0.0,0.0,0.0,0.0,0.0,"solar2_v,lipo2_v"
2020-09-30T08:00:00Z,30.0,30.0,,,0.781,1.075,,,,,,,,,,,3.758,3.755,3.76,,,,226.0,0.0,0.0,,,,,365.1,357.0,368.0,,,0.0,17711.0,17740.0,0.0,30.0,0.0,0.0,0.0,0.0,30.0,0.0,0.0,0.0,30.0,0.0,0.0,0.0,0.0,0.0,"solar2_v,lipo2_v"
2020-09-30T09:00:00Z,29.0,29.0,,,0.516,0.849,,,,,,,,,,,3.757,3.753,3.758,,,,227.724,0.0,0.0,,,,,347.828,334.0,367.0,,,0.0,17741.0,17769.0,0.0,28.0,0.0,0.0,0.0,0.0,29.0,0.0,0.0,0.0,29.0,0.0,0.0,0.0,0.0,0.0,"solar2_v,lipo2_v"
2020-09-30T10:00:00Z,30.0,30.0,,,0.037,0.395,,,,,,,,,,,3.754,3.752,3.755,,,,229.367,0.0,0.0,,,,,322.733,315.0,333.0,,,0.0,17770.0,17799.0,0.0,3.0,0.0,0.0,0.0,0.0,30.0,0.0,0.0,0.0,30.0,0.0,0.0,0.0,0.0,0.0,"solar2_v,lipo2_v"
2020-09-30T11:00:00Z,29.0,29.0,,,0.0,0.0,,,,,,,,,,,3.753,3.75,3.757,,,,231.069,0.0,0.0,,,,,313.966,313.0,314.0,,,0.0,17800.0,17828.0,0.0,0.0,0.0,0.0,0.0,0.0,29.0,0.0,0.0,0.0,29.0,0.0,0.0,0.0,0.0,0.0,"solar2_v,lipo2_v"
2020-09-30T12:00:00Z,28.0,28.0,,,0.0,0.0,,,,,,,,,,,3.75,3.747,3.753,,,,229.893,0.0,0.0,,,,,316.393,314.0,319.0,,,0.0,17829.0,17858.0,0.0,0.0,0.0,0.0,0.0,0.0,28.0,0.0,0.0,0.0,28.0,0.0,0.0,0.0,0.0,0.0,"solar2_v,lipo2_v"
2020-09-30T13:00:00Z,29.0,29.0,,,0.0,0.0,,,,,,,,,,,3.748,3.747,3.75,,,,230.793,0.0,0.0,,,,,313.966,313.0,315.0,,,0.0,17859.0,17887.0,0.0,0.0,0.0,0.0,0.0,0.0,29.0,0.0,0.0,0.0,29.0,0.0,0.0,0.0,0.0,0.0,"solar2_v,lipo2_v"
2020-09-30T14:00:00Z,30.0,30.0,,,0.0,0.0,,,,,,,,,,,3.746,3.743,3.748,,,,231.233,0.0,0.0,,,,,313.1,312.0,314.0,,,0.0,17888.0,17917.0,0.0,0.0,0.0,0.0,0.0,0.0,30.0,0.0,0.0,0.0,30.0,0.0,0.0,0.0,0.0,0.0,"solar2_v,lipo2_v"
2020-09-30T15:00:00Z,29.0,29.0,,,0.0,0.0,,,,,,,,,,,3.745,3.743,3.747,,,,230.759,0.0,0.0,,,,,314.621,313.0,316.0,,,0.0,17918.0,17946.0,0.0,0.0,0.0,0.0,0.0,0.0,29.0,0.0,0.0,0.0,29.0,0.0,0.0,0.0,0.0,0.0,"solar2_v,lipo2_v"
2020-09-30T16:00:00Z,30.0,30.0,,,0.0,0.0,,,,,,,,,,,3.743,3.74,3.747,,,,230.967,0.0,0.0,,,,,313.2,311.0,314.0,,,0.0,17947.0,17976.0,0.0,0.0,0.0,0.0,0.0,0.0,30.0,0.0,0.0,0.0,30.0,0.0,0.0,0.0,0.0,0.0,"solar2_v,lipo2_v"
2020-09-30T17:00:00Z,29.0,29.0,,,0.0,0.0,,,,,,,,,,,3.741,3.739,3.743,,,,231.586,0.0,0.0,,,,,303.517,301.0,309.0,,,0.0,17977.0,18005.0,0.0,0.0,0.0,0.0,0.0,0.0,29.0,0.0,0.0,0.0,29.0,0.0,0.0,0.0,0.0,0.0,"solar2_v,lipo2_v"
2020-09-30T18:00:00Z,30.0,30.0,,,0.0,0.0,,,,,,,,,,,3.74,3.739,3.742,,,,231.967,0.0,0.0,,,,,303.333,301.0,306.0,,,0.0,18006.0,18035.0,0.0,0.0,0.0,0.0,0.0,0.0,30.0,0.0,0.0,0.0,30.0,0.0,0.0,0.0,0.0,0.0,"solar2_v,lipo2_v"
2020-09-30T19:00:00Z,29.0,29.0,,,0.0,0.0,,,,,,,,,,,3.738,3.735,3.74,,,,232.345,0.0,0.0,,,,,300.897,300.0,301.0,,,0.0,18036.0,18064.0,0.0,0.0,0.0,0.0,0.0,0.0,29.0,0.0,0.0,0.0,29.0,0.0,0.0,0.0,0.0,0.0,"solar2_v,lipo2_v"
2020-09-30T20:00:00Z,29.0,29.0,,,0.0,0.0,,,,,,,,,,,3.736,3.734,3.737,,,,232.621,0.0,0.0,,,,,298.552,296.0,300.0,,,0.0,18065.0,18093.0,0.0,0.0,0.0,0.0,0.0,0.0,29.0,0.0,0.0,0.0,29.0,0.0,0.0,0.0,0.0,0.0,"solar2_v,lipo2_v"
2020-09-30T21:00:00Z,30.0,30.0,,,0.0,0.0,,,,,,,,,,,3.734,3.732,3.737,,,,233.033,0.0,0.0,,,,,295.667,294.0,298.0,,,0.0,18094.0,18123.0,0.0,0.0,0.0,0.0,0.0,0.0,30.0,0.0,0.0,0.0,30.0,0.0,0.0,0.0,0.0,0.0,"solar2_v,lipo2_v"
2020-09-30T22:00:00Z,29.0,29.0,,,0.0,0.0,,,,,,,,,,,3.732,3.73,3.734,,,,233.0,0.0,0.0,,,,,294.655,291.0,296.0,,,0.0,18124.0,18152.0,0.0,0.0,0.0,0.0,0.0,0.0,29.0,0.0,0.0,0.0,29.0,0.0,0.0,0.0,0.0,0.0,"solar2_v,lipo2_v"
2020-09-30T23:00:00Z,30.0,30.0,,,0.17,0.528,,,,,,,,,,,3.731,3.729,3.732,,,,232.767,0.0,0.0,,,,,298.033,292.0,301.0,,,0.0,18153.0,18182.0,0.0,12.0,0.0,0.0,0.0,0.0,30.0,0.0,0.0,0.0,30.0,0.0,0.0,0.0,0.0,0.0,"solar2_v,lipo2_v"
2020-10-01T00:00:00Z,29.0,29.0,,,0.811,1.049,,,,,,,,,,,3.729,3.727,3.732,,,,229.724,0.0,0.0,,,,,319.793,301.0,330.0,,,0.0,18183.0,18211.0,0.0,29.0,0.0,0.0,0.0,0.0,29.0,0.0,0.0,0.0,29.0,0.0,0.0,0.0,0.0,0.0,"solar2_v,lipo2_v"
2020-10-01T01:00:00Z,30.0,30.0,,,1.058,1.285,,,,,,,,,,,3.727,3.722,3.73,,,,228.333,0.0,0.0,,,,,338.767,332.0,345.0,,,0.0,18212.0,18241.0,0.0,30.0,0.0,0.0,0.0,0.0,30.0,0.0,0.0,0.0,30.0,0.0,0.0,0.0,0.0,0.0,"solar2_v,lipo2_v"
2020-10-01T02:00:00Z,29.0,29.0,,,1.452,1.761,,,,,,,,,,,3.725,3.724,3.725,,,,227.103,0.0,0.0,,,,,353.138,343.0,367.0,,,0.0,18242.0,18270.0,0.0,29.0,0.0,0.0,0.0,0.0,29.0,0.0,0.0,0.0,29.0,0.0,0.0,0.0,0.0,0.0,"solar2_v,lipo2_v"
2020-10-01T03:00:00Z,30.0,30.0,,,1.624,1.889,,,,,,,,,,,3.723,3.72,3.725,,,,224.667,0.0,0.0,,,,,370.6,361.0,380.0,,,0.0,18271.0,18300.0,0.0,30.0,0.0,0.0,0.0,0.0,30.0,0.0,0.0,0.0,30.0,0.0,0.0,0.0,0.0,0.0,"solar2_v,lipo2_v"
2020-10-01T04:00:00Z,29.0,29.0,,,1.655,2.094,,,,,,,,,,,3.721,3.72,3.724,,,,224.793,0.0,0.0,,,,,375.483,367.0,390.0,,,0.0,18301.0,18329.0,0.0,29.0,0.0,0.0,0.0,0.0,29.0,0.0,0.0,0.0,29.0,0.0,0.0,0.0,0.0,0.0,"solar2_v,lipo2_v"
2020-10-01T05:00:00Z,30.0,30.0,,,1.208,1.761,,,,,,,,,,,3.719,3.719,3.72,,,,225.633,0.0,0.0,,,,,364.3,354.0,374.0,,,0.0,18330.0,18359.0,0.0,30.0,0.0,0.0,0.0,0.0,30.0,0.0,0.0,0.0,30.0,0.0,0.0,0.0,0.0,0.0,"solar2_v,lipo2_v"
2020-10-01T06:00:00Z,28.0,28.0,,,1.33,1.754,,,,,,,,,,,3.718,3.715,3.719,,,,224.786,0.0,0.0,,,,,375.857,354.0,389.0,,,0.0,18360.0,18387.0,0.0,28.0,0.0,0.0,0.0,0.0,28.0,0.0,0.0,0.0,28.0,0.0,0.0,0.0,0.0,0.0,"solar2_v,lipo2_v"
2020-10-01T07:00:00Z,27.0,27.0,,,1.239,1.504,,,,,,,,,,,3.716,3.715,3.717,,,,224.37,0.0,0.0,,,,,381.333,376.0,387.0,,,0.0,18389.0,18418.0,0.0,27.0,0.0,0.0,0.0,0.0,27.0,0.0,0.0,0.0,27.0,0.0,0.0,0.0,0.0,0.0,"solar2_v,lipo2_v"
2020-10-01T08:00:00Z,29.0,29.0,,,1.034,1.362,,,,,,,,,,,3.715,3.714,3.715,,,,224.966,0.0,0.0,,,,,374.897,364.0,380.0,,,0.0,18419.0,18447.0,0.0,29.0,0.0,0.0,0.0,0.0,29.0,0.0,0.0,0.0,29.0,0.0,0.0,0.0,0.0,0.0,"solar2_v,lipo2_v"
2020-10-01T09:00:00Z,29.0,29.0,,,0.376,0.757,,,,,,,,,,,3.713,3.712,3.714,,,,227.172,0.0,0.0,,,,,357.034,348.0,364.0,,,0.0,18448.0,18476.0,0.0,19.0,0.0,0.0,0.0,0.0,29.0,0.0,0.0,0.0,29.0,0.0,0.0,0.0,0.0,0.0,"solar2_v,lipo2_v"
2020-10-01T10:00:00Z,29.0,29.0,,,0.0,0.0,,,,,,,,,,,3.712,3.71,3.714,,,,228.138,0.0,0.0,,,,,341.586,329.0,349.0,,,0.0,18477.0,18506.0,0.0,0.0,0.0,0.0,0.0,0.0,29.0,0.0,0.0,0.0,29.0,0.0,0.0,0.0,0.0,0.0,"solar2_v,lipo2_v"
2020-10-01T11:00:00Z,29.0,29.0,,,0.0,0.0,,,,,,,,,,,3.71,3.71,3.712,,,,229.897,0.0,0.0,,,,,321.276,314.0,330.0,,,0.0,18507.0,18535.0,0.0,0.0,0.0,0.0,0.0,0.0,29.0,0.0,0.0,0.0,29.0,0.0,0.0,0.0,0.0,0.0,"solar2_v,lipo2_v"
2020-10-01T12:00:00Z,28.0,28.0,,,0.0,0.0,,,,,,,,,,,3.71,3.709,3.71,,,,229.643,0.0,0.0,,,,,319.857,316.0,321.0,,,0.0,18536.0,18565.0,0.0,0.0,0.0,0.0,0.0,0.0,28.0,0.0,0.0,0.0,28.0,0.0,0.0,0.0,0.0,0.0,"solar2_v,lipo2_v"
2020-10-01T13:00:00Z,29.0,29.0,,,0.0,0.0,,,,,,,,,,,3.709,3.707,3.71,,,,229.897,0.0,0.0,,,,,317.448,315.0,321.0,,,0.0,18566.0,18594.0,0.0,0.0,0.0,0.0,0.0,0.0,29.0,0.0,0.0,0.0,29.0,0.0,0.0,0.0,0.0,0.0,"solar2_v,lipo2_v"
2020-10-01T14:00:00Z,28.0,28.0,,,0.0,0.0,,,,,,,,,,,3.707,3.704,3.709,,,,231.286,0.0,0.0,,,,,309.214,306.0,315.0,,,0.0,18595.0,18624.0,0.0,0.0,0.0,0.0,0.0,0.0,28.0,0.0,0.0,0.0,28.0,0.0,0.0,0.0,0.0,0.0,"solar2_v,lipo2_v"
2020-10-01T15:00:00Z,29.0,29.0,,,0.0,0.0,,,,,,,,,,,3.704,3.702,3.707,,,,232.724,0.0,0.0,,,,,297.379,287.0,307.0,,,0.0,18625.0,18653.0,0.0,0.0,0.0,0.0,0.0,0.0,29.0,0.0,0.0,0.0,29.0,0.0,0.0,0.0,0.0,0.0,"solar2_v,lipo2_v"
2020-10-01T16:00:00Z,30.0,30.0,,,0.0,0.0,,,,,,,,,,,3.702,3.701,3.704,,,,233.567,0.0,0.0,,,,,286.167,286.0,287.0,,,0.0,18654.0,18683.0,0.0,0.0,0.0,0.0,0.0,0.0,30.0,0.0,0.0,0.0,30.0,0.0,0.0,0.0,0.0,0.0,"solar2_v,lipo2_v"
2020-10-01T17:00:00Z,29.0,29.0,,,0.0,0.0,,,,,,,,,,,3.7,3.697,3.702,,,,233.172,0.0,0.0,,,,,288.276,287.0,290.0,,,0.0,18684.0,18712.0,0.0,0.0,0.0,0.0,0.0,0.0,29.0,0.0,0.0,0.0,29.0,0.0,0.0,0.0,0.0,0.0,"solar2_v,lipo2_v"
2020-10-01T18:00:00Z,29.0,29.0,,,0.0,0.0,,,,,,,,,,,3.696,3.691,3.701,,,,233.345,0.0,0.0,,,,,289.103,288.0,291.0,,,0.0,18713.0,18741.0,0.0,0.0,0.0,0.0,0.0,0.0,29.0,0.0,0.0,0.0,29.0,0.0,0.0,0.0,0.0,0.0,"solar2_v,lipo2_v"
2020-10-01T19:00:00Z,30.0,30.0,,,0.0,0.0,,,,,,,,,,,3.691,3.684,3.696,,,,233.067,0.0,0.0,,,,,291.367,291.0,293.0,,,0.0,18742.0,18771.0,0.0,0.0,0.0,0.0,0.0,0.0,30.0,0.0,0.0,0.0,30.0,0.0,0.0,0.0,0.0,0.0,"solar2_v,lipo2_v"
2020-10-01T20:00:00Z,29.0,29.0,,,0.0,0.0,,,,,,,,,,,3.686,3.682,3.691,,,,233.138,0.0,0.0,,,,,292.379,291.0,293.0,,,0.0,18772.0,18800.0,0.0,0.0,0.0,0.0,0.0,0.0,29.0,0.0,0.0,0.0,29.0,0.0,0.0,0.0,0.0,0.0,"solar2_v,lipo2_v"
2020-10-01T21:00:00Z,30.0,30.0,,,0.0,0.0,,,,,,,,,,,3.683,3.682,3.686,,,,233.167,0.0,0.0,,,,,291.4,288.0,294.0,,,0.0,18801.0,18830.0,0.0,0.0,0.0,0.0,0.0,0.0,30.0,0.0,0.0,0.0,30.0,0.0,0.0,0.0,0.0,0.0,"solar2_v,lipo2_v"
2020-10-01T22:00:00Z,29.0,29.0,,,0.0,0.0,,,,,,,,,,,3.682,3.681,3.684,,,,233.517,0.0,0.0,,,,,287.069,281.0,290.0,,,0.0,18831.0,18859.0,0.0,0.0,0.0,0.0,0.0,0.0,29.0,0.0,0.0,0.0,29.0,0.0,0.0,0.0,0.0,0.0,"solar2_v,lipo2_v"
2020-10-01T23:00:00Z,30.0,30.0,,,0.108,0.472,,,,,,,,,,,3.681,3.679,3.682,,,,233.767,0.0,0.0,,,,,284.6,281.0,289.0,,,0.0,18860.0,18889.0,0.0,8.0,0.0,0.0,0.0,0.0,30.0,0.0,0.0,0.0,30.0,0.0,0.0,0.0,0.0,0.0,"solar2_v,lipo2_v"
2020-10-02T00:00:00Z,29.0,29.0,,,0.515,0.603,,,,,,,,,,,3.68,3.679,3.682,,,,232.69,0.0,0.0,,,,,297.586,290.0,301.0,,,0.0,18890.0,18918.0,0.0,29.0,0.0,0.0,0.0,0.0,29.0,0.0,0.0,0.0,29.0,0.0,0.0,0.0,0.0,0.0,"solar2_v,lipo2_v"
2020-10-02T01:00:00Z,29.0,29.0,,,0.656,1.299,,,,,,,,,,,3.678,3.676,3.681,,,,231.793,0.0,0.0,,,,,305.0,300.0,316.0,,,0.0,18919.0,18948.0,0.0,21.0,0.0,0.0,0.0,0.0,29.0,0.0,0.0,0.0,29.0,0.0,0.0,0.0,0.0,0.0,"solar2_v,lipo2_v"
2020-10-02T02:00:00Z,28.0,28.0,,,1.313,1.53,,,,,,,,,,,3.676,3.674,3.677,,,,228.75,0.0,0.0,,,,,327.321,317.0,331.0,,,0.0,18949.0,18977.0,0.0,28.0,0.0,0.0,0.0,0.0,28.0,0.0,0.0,0.0,28.0,0.0,0.0,0.0,0.0,0.0,"solar2_v,lipo2_v"
2020-10-02T03:00:00Z,30.0,30.0,,,1.411,2.105,,,,,,,,,,,3.674,3.669,3.676,,,,227.7,0.0,0.0,,,,,340.933,327.0,377.0,,,0.0,18978.0,19007.0,0.0,30.0,0.0,0.0,0.0,0.0,30.0,0.0,0.0,0.0,30.0,0.0,0.0,0.0,0.0,0.0,"solar2_v,lipo2_v"
2020-10-02T04:00:00Z,29.0,29.0,,,1.341,1.733,,,,,,,,,,,3.673,3.671,3.676,,,,225.241,0.0,0.0,,,,,373.586,362.0,380.0,,,0.0,19008.0,19036.0,0.0,29.0,0.0,0.0,0.0,0.0,29.0,0.0,0.0,0.0,29.0,0.0,0.0,0.0,0.0,0.0,"solar2_v,lipo2_v"
2020-10-02T05:00:00Z,30.0,30.0,,,1.246,1.73,,,,,,,,,,,3.671,3.669,3.673,,,,223.133,0.0,0.0,,,,,392.433,380.0,401.0,,,0.0,19037.0,19066.0,0.0,30.0,0.0,0.0,0.0,0.0,30.0,0.0,0.0,0.0,30.0,0.0,0.0,0.0,0.0,0.0,"solar2_v,lipo2_v"
2020-10-02T06:00:00Z,29.0,29.0,,,1.183,1.553,,,,,,,,,,,3.669,3.666,3.671,,,,223.069,0.0,0.0,,,,,394.483,390.0,402.0,,,0.0,19067.0,19095.0,0.0,29.0,0.0,0.0,0.0,0.0,29.0,0.0,0.0,0.0,29.0,0.0,0.0,0.0,0.0,0.0,"solar2_v,lipo2_v"
2020-10-02T07:00:00Z,22.0,22.0,,,1.29,1.554,,,,,,,,,,,3.667,3.664,3.669,,,,223.727,0.0,0.0,,,,,385.955,374.0,393.0,,,0.0,19096.0,19124.0,0.0,22.0,0.0,0.0,0.0,0.0,22.0,0.0,0.0,0.0,22.0,0.0,0.0,0.0,0.0,0.0,"solar2_v,lipo2_v"
2020-10-02T08:00:00Z,29.0,29.0,,,0.294,1.379,,,,,,,,,,,3.664,3.661,3.666,,,,228.724,0.0,0.0,,,,,332.138,291.0,373.0,,,0.0,19125.0,19153.0,0.0,12.0,0.0,0.0,0.0,0.0,29.0,0.0,0.0,0.0,29.0,0.0,0.0,0.0,0.0,0.0,"solar2_v,lipo2_v"
2020-10-02T09:00:00Z,30.0,30.0,,,0.0,0.0,,,,,,,,,,,3.661,3.659,3.663,,,,233.267,0.0,0.0,,,,,288.967,287.0,291.0,,,0.0,19154.0,19183.0,0.0,0.0,0.0,0.0,0.0,0.0,30.0,0.0,0.0,0.0,30.0,0.0,0.0,0.0,0.0,0.0,"solar2_v,lipo2_v"
2020-10-02T10:00:00Z,26.0,26.0,,,0.0,0.0,,,,,,,,,,,3.66,3.659,3.661,,,,232.846,0.0,0.0,,,,,294.154,288.0,301.0,,,0.0,19184.0,19212.0,0.0,0.0,0.0,0.0,0.0,0.0,26.0,0.0,0.0,0.0,26.0,0.0,0.0,0.0,0.0,0.0,"solar2_v,lipo2_v"
2020-10-02T11:00:00Z,30.0,30.0,,,0.0,0.0,,,,,,,,,,,3.659,3.658,3.659,,,,232.067,0.0,0.0,,,,,303.233,301.0,306.0,,,0.0,19213.0,19242.0,0.0,0.0,0.0,0.0,0.0,0.0,30.0,0.0,0.0,0.0,30.0,0.0,0.0,0.0,0.0,0.0,"solar2_v,lipo2_v"
2020-10-02T12:00:00Z,26.0,26.0,,,0.0,0.0,,,,,,,,,,,3.658,3.658,3.659,,,,232.0,0.0,0.0,,,,,300.885,300.0,301.0,,,0.0,19243.0,19271.0,0.0,0.0,0.0,0.0,0.0,0.0,26.0,0.0,0.0,0.0,26.0,0.0,0.0,0.0,0.0,0.0,"solar2_v,lipo2_v"
2020-10-02T13:00:00Z,29.0,29.0,,,0.0,0.0,,,,,,,,,,,3.658,3.656,3.658,,,,232.276,0.0,0.0,,,,,300.31,299.0,301.0,,,0.0,19272.0,19300.0,0.0,0.0,0.0,0.0,0.0,0.0,29.0,0.0,0.0,0.0,29.0,0.0,0.0,0.0,0.0,0.0,"solar2_v,lipo2_v"
2020-10-02T14:00:00Z,28.0,28.0,,,0.0,0.0,,,,,,,,,,,3.656,3.654,3.658,,,,232.286,0.0,0.0,,,,,300.25,296.0,301.0,,,0.0,19301.0,19330.0,0.0,0.0,0.0,0.0,0.0,0.0,28.0,0.0,0.0,0.0,28.0,0.0,0.0,0.0,0.0,0.0,"solar2_v,lipo2_v"
2020-10-02T15:00:00Z,29.0,29.0,,,0.0,0.0,,,,,,,,,,,3.655,3.653,3.656,,,,233.034,0.0,0.0,,,,,294.379,293.0,295.0,,,0.0,19331.0,19359.0,0.0,0.0,0.0,0.0,0.0,0.0,29.0,0.0,0.0,0.0,29.0,0.0,0.0,0.0,0.0,0.0,"solar2_v,lipo2_v"
2020-10-02T16:00:00Z,30.0,30.0,,,0.0,0.0,,,,,,,,,,,3.653,3.651,3.654,,,,232.933,0.0,0.0,,,,,295.3,293.0,296.0,,,0.0,19360.0,19389.0,0.0,0.0,0.0,0.0,0.0,0.0,30.0,0.0,0.0,0.0,30.0,0.0,0.0,0.0,0.0,0.0,"solar2_v,lipo2_v"
2020-10-02T17:00:00Z,29.0,29.0,,,0.0,0.0,,,,,,,,,,,3.651,3.649,3.653,,,,233.103,0.0,0.0,,,,,294.793,293.0,296.0,,,0.0,19390.0,19418.0,0.0,0.0,0.0,0.0,0.0,0.0,29.0,0.0,0.0,0.0,29.0,0.0,0.0,0.0,0.0,0.0,"solar2_v,lipo2_v"
2020-10-02T18:00:00Z,30.0,30.0,,,0.0,0.0,,,,,,,,,,,3.649,3.648,3.651,,,,233.033,0.0,0.0,,,,,295.4,294.0,298.0,,,0.0,19419.0,19448.0,0.0,0.0,0.0,0.0,0.0,0.0,30.0,0.0,0.0,0.0,30.0,0.0,0.0,0.0,0.0,0.0,"solar2_v,lipo2_v"
2020-10-02T19:00:00Z,29.0,29.0,,,0.0,0.0,,,,,,,,,,,3.648,3.646,3.651,,,,233.103,0.0,0.0,,,,,291.966,291.0,295.0,,,0.0,19449.0,19477.0,0.0,0.0,0.0,0.0,0.0,0.0,29.0,0.0,0.0,0.0,29.0,0.0,0.0,0.0,0.0,0.0,"solar2_v,lipo2_v"
2020-10-02T20:00:00Z,30.0,30.0,,,0.0,0.0,,,,,,,,,,,3.646,3.644,3.649,,,,232.9,0.0,0.0,,,,,293.6,291.0,296.0,,,0.0,19478.0,19507.0,0.0,0.0,0.0,0.0,0.0,0.0,30.0,0.0,0.0,0.0,30.0,0.0,0.0,0.0,0.0,0.0,"solar2_v,lipo2_v"
2020-10-02T21:00:00Z,29.0,29.0,,,0.0,0.0,,,,,,,,,,,3.644,3.641,3.646,,,,232.931,0.0,0.0,,,,,295.448,291.0,298.0,,,0.0,19508.0,19536.0,0.0,0.0,0.0,0.0,0.0,0.0,29.0,0.0,0.0,0.0,29.0,0.0,0.0,0.0,0.0,0.0,"solar2_v,lipo2_v"
2020-10-02T22:00:00Z,30.0,30.0,,,0.0,0.0,,,,,,,,,,,3.642,3.641,3.644,,,,233.1,0.0,0.0,,,,,290.1,288.0,291.0,,,0.0,19537.0,19566.0,0.0,0.0,0.0,0.0,0.0,0.0,30.0,0.0,0.0,0.0,30.0,0.0,0.0,0.0,0.0,0.0,"solar2_v,lipo2_v"
2020-10-02T23:00:00Z,29.0,29.0,,,0.145,0.464,,,,,,,,,,,3.641,3.638,3.643,,,,232.759,0.0,0.0,,,,,295.552,290.0,301.0,,,0.0,19567.0,19595.0,0.0,11.0,0.0,0.0,0.0,0.0,29.0,0.0,0.0,0.0,29.0,0.0,0.0,0.0,0.0,0.0,"solar2_v,lipo2_v"
2020-10-03T00:00:00Z,30.0,30.0,,,0.626,1.023,,,,,,,,,,,3.64,3.638,3.641,,,,230.633,0.0,0.0,,,,,312.467,301.0,326.0,,,0.0,19596.0,19625.0,0.0,28.0,0.0,0.0,0.0,0.0,30.0,0.0,0.0,0.0,30.0,0.0,0.0,0.0,0.0,0.0,"solar2_v,lipo2_v"
2020-10-03T01:00:00Z,29.0,29.0,,,0.817,1.049,,,,,,,,,,,3.638,3.636,3.64,,,,228.448,0.0,0.0,,,,,332.621,320.0,350.0,,,0.0,19626.0,19654.0,0.0,29.0,0.0,0.0,0.0,0.0,29.0,0.0,0.0,0.0,29.0,0.0,0.0,0.0,0.0,0.0,"solar2_v,lipo2_v"
2020-10-03T02:00:00Z,30.0,30.0,,,1.259,1.702,,,,,,,,,,,3.638,3.635,3.64,,,,225.6,0.0,0.0,,,,,367.267,348.0,395.0,,,0.0,19655.0,19684.0,0.0,30.0,0.0,0.0,0.0,0.0,30.0,0.0,0.0,0.0,30.0,0.0,0.0,0.0,0.0,0.0,"solar2_v,lipo2_v"
2020-10-03T03:00:00Z,29.0,29.0,,,1.189,1.738,,,,,,,,,,,3.637,3.635,3.64,,,,223.552,0.0,0.0,,,,,385.379,371.0,398.0,,,0.0,19685.0,19713.0,0.0,29.0,0.0,0.0,0.0,0.0,29.0,0.0,0.0,0.0,29.0,0.0,0.0,0.0,0.0,0.0,"solar2_v,lipo2_v"
2020-10-03T04:00:00Z,30.0,30.0,,,1.202,1.945,,,,,,,,,,,3.635,3.635,3.636,,,,222.9,0.0,0.0,,,,,395.767,367.0,408.0,,,0.0,19714.0,19743.0,0.0,30.0,0.0,0.0,0.0,0.0,30.0,0.0,0.0,0.0,30.0,0.0,0.0,0.0,0.0,0.0,"solar2_v,lipo2_v"
2020-10-03T05:00:00Z,29.0,29.0,,,1.429,2.1,,,,,,,,,,,3.634,3.633,3.636,,,,222.552,0.0,0.0,,,,,399.034,379.0,420.0,,,0.0,19744.0,19772.0,0.0,29.0,0.0,0.0,0.0,0.0,29.0,0.0,0.0,0.0,29.0,0.0,0.0,0.0,0.0,0.0,"solar2_v,lipo2_v"
2020-10-03T06:00:00Z,27.0,27.0,,,1.314,1.781,,,,,,,,,,,3.633,3.631,3.635,,,,222.778,0.0,0.0,,,,,397.259,379.0,409.0,,,0.0,19773.0,19801.0,0.0,27.0,0.0,0.0,0.0,0.0,27.0,0.0,0.0,0.0,27.0,0.0,0.0,0.0,0.0,0.0,"solar2_v,lipo2_v"
2020-10-03T07:00:00Z,28.0,28.0,,,0.821,1.225,,,,,,,,,,,3.631,3.628,3.633,,,,224.179,0.0,0.0,,,,,381.429,367.0,410.0,,,0.0,19802.0,19831.0,0.0,28.0,0.0,0.0,0.0,0.0,28.0,0.0,0.0,0.0,28.0,0.0,0.0,0.0,0.0,0.0,"solar2_v,lipo2_v"
2020-10-03T08:00:00Z,29.0,29.0,,,0.611,1.179,,,,,,,,,,,3.629,3.626,3.63,,,,226.448,0.0,0.0,,,,,364.345,340.0,380.0,,,0.0,19832.0,19860.0,0.0,26.0,0.0,0.0,0.0,0.0,29.0,0.0,0.0,0.0,29.0,0.0,0.0,0.0,0.0,0.0,"solar2_v,lipo2_v"
2020-10-03T09:00:00Z,29.0,29.0,,,0.312,0.538,,,,,,,,,,,3.626,3.625,3.63,,,,229.517,0.0,0.0,,,,,324.483,308.0,340.0,,,0.0,19861.0,19890.0,0.0,21.0,0.0,0.0,0.0,0.0,29.0,0.0,0.0,0.0,29.0,0.0,0.0,0.0,0.0,0.0,"solar2_v,lipo2_v"
2020-10-03T10:00:00Z,29.0,29.0,,,0.114,0.524,,,,,,,,,,,3.625,3.623,3.626,,,,230.897,0.0,0.0,,,,,313.345,311.0,314.0,,,0.0,19891.0,19919.0,0.0,8.0,0.0,0.0,0.0,0.0,29.0,0.0,0.0,0.0,29.0,0.0,0.0,0.0,0.0,0.0,"solar2_v,lipo2_v"
2020-10-03T11:00:00Z,29.0,29.0,,,0.0,0.0,,,,,,,,,,,3.623,3.621,3.625,,,,231.0,0.0,0.0,,,,,312.724,310.0,314.0,,,0.0,19921.0,19949.0,0.0,0.0,0.0,0.0,0.0,0.0,29.0,0.0,0.0,0.0,29.0,0.0,0.0,0.0,0.0,0.0,"solar2_v,lipo2_v"
2020-10-03T12:00:00Z,26.0,26.0,,,0.0,0.0,,,,,,,,,,,3.621,3.618,3.623,,,,232.038,0.0,0.0,,,,,308.423,304.0,313.0,,,0.0,19950.0,19978.0,0.0,0.0,0.0,0.0,0.0,0.0,26.0,0.0,0.0,0.0,26.0,0.0,0.0,0.0,0.0,0.0,"solar2_v,lipo2_v"
2020-10-03T13:00:00Z,28.0,28.0,,,0.0,0.0,,,,,,,,,,,3.618,3.616,3.621,,,,231.857,0.0,0.0,,,,,302.821,301.0,306.0,,,0.0,19979.0,20007.0,0.0,0.0,0.0,0.0,0.0,0.0,28.0,0.0,0.0,0.0,28.0,0.0,0.0,0.0,0.0,0.0,"solar2_v,lipo2_v"
2020-10-03T14:00:00Z,28.0,28.0,,,0.0,0.0,,,,,,,,,,,3.616,3.615,3.618,,,,232.357,0.0,0.0,,,,,300.536,300.0,301.0,,,0.0,20008.0,20037.0,0.0,0.0,0.0,0.0,0.0,0.0,28.0,0.0,0.0,0.0,28.0,0.0,0.0,0.0,0.0,0.0,"solar2_v,lipo2_v"
2020-10-03T15:00:00Z,29.0,29.0,,,0.0,0.0,,,,,,,,,,,3.615,3.611,3.616,,,,232.276,0.0,0.0,,,,,300.69,300.0,301.0,,,0.0,20038.0,20066.0,0.0,0.0,0.0,0.0,0.0,0.0,29.0,0.0,0.0,0.0,29.0,0.0,0.0,0.0,0.0,0.0,"solar2_v,lipo2_v"
2020-10-03T16:00:00Z,30.0,30.0,,,0.0,0.0,,,,,,,,,,,3.613,3.61,3.615,,,,232.433,0.0,0.0,,,,,300.2,300.0,301.0,,,0.0,20067.0,20096.0,0.0,0.0,0.0,0.0,0.0,0.0,30.0,0.0,0.0,0.0,30.0,0.0,0.0,0.0,0.0,0.0,"solar2_v,lipo2_v"
2020-10-03T17:00:00Z,29.0,29.0,,,0.0,0.0,,,,,,,,,,,3.611,3.61,3.613,,,,232.207,0.0,0.0,,,,,300.724,300.0,301.0,,,0.0,20097.0,20125.0,0.0,0.0,0.0,0.0,0.0,0.0,29.0,0.0,0.0,0.0,29.0,0.0,0.0,0.0,0.0,0.0,"solar2_v,lipo2_v"
2020-10-03T18:00:00Z,30.0,30.0,,,0.0,0.0,,,,,,,,,,,3.61,3.608,3.611,,,,232.333,0.0,0.0,,,,,300.5,300.0,301.0,,,0.0,20126.0,20155.0,0.0,0.0,0.0,0.0,0.0,0.0,30.0,0.0,0.0,0.0,30.0,0.0,0.0,0.0,0.0,0.0,"solar2_v,lipo2_v"
2020-10-03T19:00:00Z,29.0,29.0,,,0.0,0.0,,,,,,,,,,,3.609,3.607,3.611,,,,232.241,0.0,0.0,,,,,300.069,300.0,301.0,,,0.0,20156.0,20184.0,0.0,0.0,0.0,0.0,0.0,0.0,29.0,0.0,0.0,0.0,29.0,0.0,0.0,0.0,0.0,0.0,"solar2_v,lipo2_v"
2020-10-03T20:00:00Z,30.0,30.0,,,0.0,0.0,,,,,,,,,,,3.608,3.607,3.61,,,,232.8,0.0,0.0,,,,,296.733,293.0,301.0,,,0.0,20185.0,20214.0,0.0,0.0,0.0,0.0,0.0,0.0,30.0,0.0,0.0,0.0,30.0,0.0,0.0,0.0,0.0,0.0,"solar2_v,lipo2_v"
2020-10-03T21:00:00Z,29.0,29.0,,,0.0,0.0,,,,,,,,,,,3.607,3.607,3.608,,,,233.069,0.0,0.0,,,,,291.483,291.0,293.0,,,0.0,20215.0,20243.0,0.0,0.0,0.0,0.0,0.0,0.0,29.0,0.0,0.0,0.0,29.0,0.0,0.0,0.0,0.0,0.0,"solar2_v,lipo2_v"
2020-10-03T22:00:00Z,30.0,30.0,,,0.0,0.0,,,,,,,,,,,3.607,3.605,3.607,,,,233.267,0.0,0.0,,,,,290.5,289.0,292.0,,,0.0,20244.0,20273.0,0.0,0.0,0.0,0.0,0.0,0.0,30.0,0.0,0.0,0.0,30.0,0.0,0.0,0.0,0.0,0.0,"solar2_v,lipo2_v"
2020-10-03T23:00:00Z,29.0,29.0,,,0.196,0.577,,,,,,,,,,,3.605,3.605,3.605,,,,232.552,0.0,0.0,,,,,297.034,291.0,309.0,,,0.0,20274.0,20302.0,0.0,13.0,0.0,0.0,0.0,0.0,29.0,0.0,0.0,0.0,29.0,0.0,0.0,0.0,0.0,0.0,"solar2_v,lipo2_v"
2020-10-04T00:00:00Z,30.0,30.0,,,0.614,0.726,,,,,,,,,,,3.605,3.605,3.605,,,,229.6,0.0,0.0,,,,,319.4,311.0,329.0,,,0.0,20303.0,20332.0,0.0,30.0,0.0,0.0,0.0,0.0,30.0,0.0,0.0,0.0,30.0,0.0,0.0,0.0,0.0,0.0,"solar2_v,lipo2_v"
2020-10-04T01:00:00Z,29.0,29.0,,,0.942,1.458,,,,,,,,,,,3.604,3.603,3.605,,,,227.655,0.0,0.0,,,,,343.138,330.0,351.0,,,0.0,20333.0,20361.0,0.0,29.0,0.0,0.0,0.0,0.0,29.0,0.0,0.0,0.0,29.0,0.0,0.0,0.0,0.0,0.0,"solar2_v,lipo2_v"
2020-10-04T02:00:00Z,29.0,29.0,,,1.221,1.682,,,,,,,,,,,3.603,3.602,3.605,,,,225.862,0.0,0.0,,,,,360.862,346.0,375.0,,,0.0,20362.0,20390.0,0.0,29.0,0.0,0.0,0.0,0.0,29.0,0.0,0.0,0.0,29.0,0.0,0.0,0.0,0.0,0.0,"solar2_v,lipo2_v"
2020-10-04T03:00:00Z,30.0,30.0,,,1.252,1.912,,,,,,,,,,,3.603,3.602,3.605,,,,225.433,0.0,0.0,,,,,368.133,366.0,375.0,,,0.0,20391.0,20420.0,0.0,30.0,0.0,0.0,0.0,0.0,30.0,0.0,0.0,0.0,30.0,0.0,0.0,0.0,0.0,0.0,"solar2_v,lipo2_v"
2020-10-04T04:00:00Z,29.0,29.0,,,1.265,1.745,,,,,,,,,,,3.602,3.597,3.603,,,,224.31,0.0,0.0,,,,,381.172,369.0,392.0,,,0.0,20421.0,20449.0,0.0,29.0,0.0,0.0,0.0,0.0,29.0,0.0,0.0,0.0,29.0,0.0,0.0,0.0,0.0,0.0,"solar2_v,lipo2_v"
2020-10-04T05:00:00Z,30.0,30.0,,,1.311,1.758,,,,,,,,,,,3.601,3.598,3.602,,,,223.467,0.0,0.0,,,,,386.233,370.0,400.0,,,0.0,20450.0,20479.0,0.0,30.0,0.0,0.0,0.0,0.0,30.0,0.0,0.0,0.0,30.0,0.0,0.0,0.0,0.0,0.0,"solar2_v,lipo2_v"
2020-10-04T06:00:00Z,26.0,26.0,,,1.359,1.697,,,,,,,,,,,3.6,3.598,3.602,,,,222.423,0.0,0.0,,,,,403.115,397.0,407.0,,,0.0,20480.0,20508.0,0.0,26.0,0.0,0.0,0.0,0.0,26.0,0.0,0.0,0.0,26.0,0.0,0.0,0.0,0.0,0.0,"solar2_v,lipo2_v"
2020-10-04T07:00:00Z,29.0,29.0,,,1.202,1.441,,,,,,,,,,,3.598,3.597,3.6,,,,223.724,0.0,0.0,,,,,385.655,375.0,407.0,,,0.0,20509.0,20538.0,0.0,29.0,0.0,0.0,0.0,0.0,29.0,0.0,0.0,0.0,29.0,0.0,0.0,0.0,0.0,0.0,"solar2_v,lipo2_v"
2020-10-04T08:00:00Z,29.0,29.0,,,0.956,1.303,,,,,,,,,,,3.596,3.595,3.598,,,,224.517,0.0,0.0,,,,,375.172,367.0,379.0,,,0.0,20539.0,20567.0,0.0,29.0,0.0,0.0,0.0,0.0,29.0,0.0,0.0,0.0,29.0,0.0,0.0,0.0,0.0,0.0,"solar2_v,lipo2_v"
2020-10-04T09:00:00Z,27.0,27.0,,,0.522,0.787,,,,,,,,,,,3.594,3.592,3.597,,,,226.519,0.0,0.0,,,,,358.185,342.0,367.0,,,0.0,20568.0,20597.0,0.0,27.0,0.0,0.0,0.0,0.0,27.0,0.0,0.0,0.0,27.0,0.0,0.0,0.0,0.0,0.0,"solar2_v,lipo2_v"
2020-10-04T10:00:00Z,25.0,25.0,,,0.014,0.341,,,,,,,,,,,3.592,3.59,3.593,,,,228.64,0.0,0.0,,,,,333.6,327.0,342.0,,,0.0,20598.0,20626.0,0.0,1.0,0.0,0.0,0.0,0.0,25.0,0.0,0.0,0.0,25.0,0.0,0.0,0.0,0.0,0.0,"solar2_v,lipo2_v"
2020-10-04T11:00:00Z,29.0,29.0,,,0.0,0.0,,,,,,,,,,,3.59,3.588,3.592,,,,229.207,0.0,0.0,,,,,325.483,321.0,327.0,,,0.0,20627.0,20655.0,0.0,0.0,0.0,0.0,0.0,0.0,29.0,0.0,0.0,0.0,29.0,0.0,0.0,0.0,0.0,0.0,"solar2_v,lipo2_v"
2020-10-04T12:00:00Z,29.0,29.0,,,0.0,0.0,,,,,,,,,,,3.588,3.587,3.59,,,,229.897,0.0,0.0,,,,,316.621,314.0,321.0,,,0.0,20656.0,20685.0,0.0,0.0,0.0,0.0,0.0,0.0,29.0,0.0,0.0,0.0,29.0,0.0,0.0,0.0,0.0,0.0,"solar2_v,lipo2_v"
2020-10-04T13:00:00Z,29.0,29.0,,,0.0,0.0,,,,,,,,,,,3.586,3.583,3.588,,,,231.897,0.0,0.0,,,,,301.966,276.0,316.0,,,0.0,20686.0,20714.0,0.0,0.0,0.0,0.0,0.0,0.0,29.0,0.0,0.0,0.0,29.0,0.0,0.0,0.0,0.0,0.0,"solar2_v,lipo2_v"
2020-10-04T14:00:00Z,29.0,29.0,,,0.0,0.0,,,,,,,,,,,3.584,3.582,3.587,,,,234.379,0.0,0.0,,,,,273.724,273.0,275.0,,,0.0,20715.0,20744.0,0.0,0.0,0.0,0.0,0.0,0.0,29.0,0.0,0.0,0.0,29.0,0.0,0.0,0.0,0.0,0.0,"solar2_v,lipo2_v"
2020-10-04T15:00:00Z,29.0,29.0,,,0.0,0.0,,,,,,,,,,,3.583,3.582,3.583,,,,234.207,0.0,0.0,,,,,276.31,274.0,280.0,,,0.0,20745.0,20773.0,0.0,0.0,0.0,0.0,0.0,0.0,29.0,0.0,0.0,0.0,29.0,0.0,0.0,0.0,0.0,0.0,"solar2_v,lipo2_v"
2020-10-04T16:00:00Z,30.0,30.0,,,0.0,0.0,,,,,,,,,,,3.582,3.58,3.583,,,,234.167,0.0,0.0,,,,,278.867,274.0,283.0,,,0.0,20774.0,20803.0,0.0,0.0,0.0,0.0,0.0,0.0,30.0,0.0,0.0,0.0,30.0,0.0,0.0,0.0,0.0,0.0,"solar2_v,lipo2_v"
2020-10-04T17:00:00Z,29.0,29.0,,,0.0,0.0,,,,,,,,,,,3.58,3.578,3.582,,,,234.621,0.0,0.0,,,,,273.793,272.0,275.0,,,0.0,20804.0,20832.0,0.0,0.0,0.0,0.0,0.0,0.0,29.0,0.0,0.0,0.0,29.0,0.0,0.0,0.0,0.0,0.0,"solar2_v,lipo2_v"
2020-10-04T18:00:00Z,30.0,30.0,,,0.0,0.0,,,,,,,,,,,3.58,3.578,3.582,,,,234.533,0.0,0.0,,,,,275.7,273.0,281.0,,,0.0,20833.0,20862.0,0.0,0.0,0.0,0.0,0.0,0.0,30.0,0.0,0.0,0.0,30.0,0.0,0.0,0.0,0.0,0.0,"solar2_v,lipo2_v"
2020-10-04T19:00:00Z,29.0,29.0,,,0.0,0.0,,,,,,,,,,,3.579,3.578,3.582,,,,233.931,0.0,0.0,,,,,280.966,279.0,284.0,,,0.0,20863.0,20891.0,0.0,0.0,0.0,0.0,0.0,0.0,29.0,0.0,0.0,0.0,29.0,0.0,0.0,0.0,0.0,0.0,"solar2_v,lipo2_v"
2020-10-04T20:00:00Z,30.0,30.0,,,0.0,0.0,,,,,,,,,,,3.578,3.577,3.578,,,,233.5,0.0,0.0,,,,,284.067,282.0,286.0,,,0.0,20892.0,20921.0,0.0,0.0,0.0,0.0,0.0,0.0,30.0,0.0,0.0,0.0,30.0,0.0,0.0,0.0,0.0,0.0,"solar2_v,lipo2_v"
2020-10-04T21:00:00Z,29.0,29.0,,,0.0,0.0,,,,,,,,,,,3.577,3.575,3.578,,,,233.379,0.0,0.0,,,,,285.862,282.0,287.0,,,0.0,20922.0,20950.0,0.0,0.0,0.0,0.0,0.0,0.0,29.0,0.0,0.0,0.0,29.0,0.0,0.0,0.0,0.0,0.0,"solar2_v,lipo2_v"
2020-10-04T22:00:00Z,30.0,30.0,,,0.0,0.0,,,,,,,,,,,3.577,3.575,3.577,,,,234.133,0.0,0.0,,,,,279.0,277.0,281.0,,,0.0,20951.0,20980.0,0.0,0.0,0.0,0.0,0.0,0.0,30.0,0.0,0.0,0.0,30.0,0.0,0.0,0.0,0.0,0.0,"solar2_v,lipo2_v"
2020-10-04T23:00:00Z,29.0,29.0,,,0.279,0.611,,,,,,,,,,,3.576,3.574,3.578,,,,233.69,0.0,0.0,,,,,282.241,277.0,288.0,,,0.0,20981.0,21009.0,0.0,17.0,0.0,0.0,0.0,0.0,29.0,0.0,0.0,0.0,29.0,0.0,0.0,0.0,0.0,0.0,"solar2_v,lipo2_v"
2020-10-05T00:00:00Z,29.0,29.0,,,0.827,1.021,,,,,,,,,,,3.575,3.574,3.575,,,,232.621,0.0,0.0,,,,,296.793,289.0,306.0,,,0.0,21010.0,21038.0,0.0,29.0,0.0,0.0,0.0,0.0,29.0,0.0,0.0,0.0,29.0,0.0,0.0,0.0,0.0,0.0,"solar2_v,lipo2_v"
2020-10-05T01:00:00Z,30.0,30.0,,,1.147,1.317,,,,,,,,,,,3.573,3.572,3.575,,,,230.467,0.0,0.0,,,,,315.2,307.0,319.0,,,0.0,21039.0,21068.0,0.0,30.0,0.0,0.0,0.0,0.0,30.0,0.0,0.0,0.0,30.0,0.0,0.0,0.0,0.0,0.0,"solar2_v,lipo2_v"
2020-10-05T02:00:00Z,28.0,28.0,,,1.554,1.922,,,,,,,,,,,3.572,3.57,3.574,,,,228.929,0.0,0.0,,,,,329.857,317.0,343.0,,,0.0,21069.0,21097.0,0.0,28.0,0.0,0.0,0.0,0.0,28.0,0.0,0.0,0.0,28.0,0.0,0.0,0.0,0.0,0.0,"solar2_v,lipo2_v"
2020-10-05T03:00:00Z,30.0,30.0,,,1.565,1.861,,,,,,,,,,,3.57,3.569,3.572,,,,227.167,0.0,0.0,,,,,348.733,341.0,354.0,,,0.0,21098.0,21127.0,0.0,30.0,0.0,0.0,0.0,0.0,30.0,0.0,0.0,0.0,30.0,0.0,0.0,0.0,0.0,0.0,"solar2_v,lipo2_v"
2020-10-05T04:00:00Z,29.0,29.0,,,1.497,1.854,,,,,,,,,,,3.569,3.567,3.57,,,,226.621,0.0,0.0,,,,,354.379,348.0,360.0,,,0.0,21128.0,21156.0,0.0,29.0,0.0,0.0,0.0,0.0,29.0,0.0,0.0,0.0,29.0,0.0,0.0,0.0,0.0,0.0,"solar2_v,lipo2_v"
2020-10-05T05:00:00Z,30.0,30.0,,,1.621,1.895,,,,,,,,,,,3.568,3.565,3.57,,,,225.567,0.0,0.0,,,,,368.4,352.0,381.0,,,0.0,21157.0,21186.0,0.0,30.0,0.0,0.0,0.0,0.0,30.0,0.0,0.0,0.0,30.0,0.0,0.0,0.0,0.0,0.0,"solar2_v,lipo2_v"
2020-10-05T06:00:00Z,28.0,28.0,,,1.099,1.915,,,,,,,,,,,3.567,3.564,3.569,,,,226.0,0.0,0.0,,,,,360.464,314.0,381.0,,,0.0,21187.0,21215.0,0.0,28.0,0.0,0.0,0.0,0.0,28.0,0.0,0.0,0.0,28.0,0.0,0.0,0.0,0.0,0.0,"solar2_v,lipo2_v"
2020-10-05T07:00:00Z,22.0,22.0,,,0.996,1.341,,,,,,,,,,,3.565,3.562,3.567,,,,229.364,0.0,0.0,,,,,321.5,313.0,327.0,,,0.0,21216.0,21244.0,0.0,22.0,0.0,0.0,0.0,0.0,22.0,0.0,0.0,0.0,22.0,0.0,0.0,0.0,0.0,0.0,"solar2_v,lipo2_v"
2020-10-05T08:00:00Z,30.0,30.0,,,0.6,1.174,,,,,,,,,,,3.564,3.562,3.567,,,,228.5,0.0,0.0,,,,,329.333,327.0,333.0,,,0.0,21245.0,21274.0,0.0,27.0,0.0,0.0,0.0,0.0,30.0,0.0,0.0,0.0,30.0,0.0,0.0,0.0,0.0,0.0,"solar2_v,lipo2_v"
2020-10-05T09:00:00Z,29.0,29.0,,,0.163,0.497,,,,,,,,,,,3.562,3.56,3.564,,,,230.103,0.0,0.0,,,,,317.517,304.0,326.0,,,0.0,21275.0,21303.0,0.0,11.0,0.0,0.0,0.0,0.0,29.0,0.0,0.0,0.0,29.0,0.0,0.0,0.0,0.0,0.0,"solar2_v,lipo2_v"
2020-10-05T10:00:00Z,30.0,30.0,,,0.0,0.0,,,,,,,,,,,3.559,3.557,3.562,,,,233.167,0.0,0.0,,,,,287.767,280.0,303.0,,,0.0,21304.0,21333.0,0.0,0.0,0.0,0.0,0.0,0.0,30.0,0.0,0.0,0.0,30.0,0.0,0.0,0.0,0.0,0.0,"solar2_v,lipo2_v"
2020-10-05T11:00:00Z,29.0,29.0,,,0.0,0.0,,,,,,,,,,,3.558,3.555,3.559,,,,233.931,0.0,0.0,,,,,280.793,278.0,286.0,,,0.0,21334.0,21362.0,0.0,0.0,0.0,0.0,0.0,0.0,29.0,0.0,0.0,0.0,29.0,0.0,0.0,0.0,0.0,0.0,"solar2_v,lipo2_v"
2020-10-05T12:00:00Z,28.0,28.0,,,0.0,0.0,,,,,,,,,,,3.556,3.554,3.557,,,,233.25,0.0,0.0,,,,,285.5,283.0,286.0,,,0.0,21363.0,21392.0,0.0,0.0,0.0,0.0,0.0,0.0,28.0,0.0,0.0,0.0,28.0,0.0,0.0,0.0,0.0,0.0,"solar2_v,lipo2_v"
2020-10-05T13:00:00Z,29.0,29.0,,,0.0,0.0,,,,,,,,,,,3.555,3.554,3.557,,,,233.759,0.0,0.0,,,,,280.828,279.0,285.0,,,0.0,21393.0,21421.0,0.0,0.0,0.0,0.0,0.0,0.0,29.0,0.0,0.0,0.0,29.0,0.0,0.0,0.0,0.0,0.0,"solar2_v,lipo2_v"
2020-10-05T14:00:00Z,26.0,26.0,,,0.0,0.0,,,,,,,,,,,3.554,3.554,3.555,,,,234.808,0.0,0.0,,,,,273.462,270.0,278.0,,,0.0,21422.0,21450.0,0.0,0.0,0.0,0.0,0.0,0.0,26.0,0.0,0.0,0.0,26.0,0.0,0.0,0.0,0.0,0.0,"solar2_v,lipo2_v"
2020-10-05T15:00:00Z,29.0,29.0,,,0.0,0.0,,,,,,,,,,,3.553,3.552,3.554,,,,235.586,0.0,0.0,,,,,268.966,268.0,270.0,,,0.0,21451.0,21480.0,0.0,0.0,0.0,0.0,0.0,0.0,29.0,0.0,0.0,0.0,29.0,0.0,0.0,0.0,0.0,0.0,"solar2_v,lipo2_v"
2020-10-05T16:00:00Z,29.0,29.0,,,0.0,0.0,,,,,,,,,,,3.552,3.552,3.554,,,,235.552,0.0,0.0,,,,,270.931,269.0,272.0,,,0.0,21481.0,21509.0,0.0,0.0,0.0,0.0,0.0,0.0,29.0,0.0,0.0,0.0,29.0,0.0,0.0,0.0,0.0,0.0,"solar2_v,lipo2_v"
2020-10-05T17:00:00Z,30.0,30.0,,,0.0,0.0,,,,,,,,,,,3.552,3.55,3.552,,,,235.0,0.0,0.0,,,,,272.033,271.0,273.0,,,0.0,21510.0,21539.0,0.0,0.0,0.0,0.0,0.0,0.0,30.0,0.0,0.0,0.0,30.0,0.0,0.0,0.0,0.0,0.0,"solar2_v,lipo2_v"
2020-10-05T18:00:00Z,29.0,29.0,,,0.0,0.0,,,,,,,,,,,3.551,3.55,3.552,,,,234.552,0.0,0.0,,,,,275.069,272.0,278.0,,,0.0,21540.0,21568.0,0.0,0.0,0.0,0.0,0.0,0.0,29.0,0.0,0.0,0.0,29.0,0.0,0.0,0.0,0.0,0.0,"solar2_v,lipo2_v"
2020-10-05T19:00:00Z,30.0,30.0,,,0.0,0.0,,,,,,,,,,,3.55,3.549,3.552,,,,233.867,0.0,0.0,,,,,279.3,278.0,280.0,,,0.0,21569.0,21598.0,0.0,0.0,0.0,0.0,0.0,0.0,30.0,0.0,0.0,0.0,30.0,0.0,0.0,0.0,0.0,0.0,"solar2_v,lipo2_v"
2020-10-05T20:00:00Z,29.0,29.0,,,0.0,0.0,,,,,,,,,,,3.549,3.547,3.55,,,,234.069,0.0,0.0,,,,,280.552,279.0,281.0,,,0.0,21599.0,21627.0,0.0,0.0,0.0,0.0,0.0,0.0,29.0,0.0,0.0,0.0,29.0,0.0,0.0,0.0,0.0,0.0,"solar2_v,lipo2_v"
2020-10-05T21:00:00Z,30.0,30.0,,,0.0,0.0,,,,,,,,,,,3.548,3.545,3.549,,,,234.033,0.0,0.0,,,,,279.8,277.0,281.0,,,0.0,21628.0,21657.0,0.0,0.0,0.0,0.0,0.0,0.0,30.0,0.0,0.0,0.0,30.0,0.0,0.0,0.0,0.0,0.0,"solar2_v,lipo2_v"
2020-10-05T22:00:00Z,29.0,29.0,,,0.0,0.0,,,,,,,,,,,3.546,3.544,3.549,,,,234.0,0.0,0.0,,,,,277.862,277.0,280.0,,,0.0,21658.0,21686.0,0.0,0.0,0.0,0.0,0.0,0.0,29.0,0.0,0.0,0.0,29.0,0.0,0.0,0.0,0.0,0.0,"solar2_v,lipo2_v"
2020-10-05T23:00:00Z,30.0,30.0,,,0.295,0.721,,,,,,,,,,,3.545,3.541,3.547,,,,233.7,0.0,0.0,,,,,283.733,278.0,295.0,,,0.0,21687.0,21716.0,0.0,18.0,0.0,0.0,0.0,0.0,30.0,0.0,0.0,0.0,30.0,0.0,0.0,0.0,0.0,0.0,"solar2_v,lipo2_v"
2020-10-06T00:00:00Z,28.0,28.0,,,0.731,0.971,,,,,,,,,,,3.544,3.542,3.547,,,,232.25,0.0,0.0,,,,,299.571,296.0,301.0,,,0.0,21717.0,21745.0,0.0,28.0,0.0,0.0,0.0,0.0,28.0,0.0,0.0,0.0,28.0,0.0,0.0,0.0,0.0,0.0,"solar2_v,lipo2_v"
2020-10-06T01:00:00Z,29.0,29.0,,,1.274,1.543,,,,,,,,,,,3.543,3.541,3.544,,,,229.931,0.0,0.0,,,,,321.966,302.0,338.0,,,0.0,21746.0,21775.0,0.0,29.0,0.0,0.0,0.0,0.0,29.0,0.0,0.0,0.0,29.0,0.0,0.0,0.0,0.0,0.0,"solar2_v,lipo2_v"
2020-10-06T02:00:00Z,27.0,27.0,,,1.446,1.712,,,,,,,,,,,3.542,3.541,3.544,,,,227.259,0.0,0.0,,,,,347.259,337.0,364.0,,,0.0,21776.0,21804.0,0.0,27.0,0.0,0.0,0.0,0.0,27.0,0.0,0.0,0.0,27.0,0.0,0.0,0.0,0.0,0.0,"solar2_v,lipo2_v"
2020-10-06T03:00:00Z,27.0,27.0,,,1.602,1.925,,,,,,,,,,,3.542,3.539,3.544,,,,225.593,0.0,0.0,,,,,366.407,363.0,367.0,,,0.0,21805.0,21832.0,0.0,27.0,0.0,0.0,0.0,0.0,27.0,0.0,0.0,0.0,27.0,0.0,0.0,0.0,0.0,0.0,"solar2_v,lipo2_v"
2020-10-06T04:00:00Z,27.0,27.0,,,1.3,1.868,,,,,,,,,,,3.54,3.537,3.542,,,,226.222,0.0,0.0,,,,,354.481,343.0,372.0,,,0.0,21834.0,21863.0,0.0,27.0,0.0,0.0,0.0,0.0,27.0,0.0,0.0,0.0,27.0,0.0,0.0,0.0,0.0,0.0,"solar2_v,lipo2_v"
2020-10-06T05:00:00Z,29.0,29.0,,,1.743,1.904,,,,,,,,,,,3.539,3.537,3.541,,,,226.31,0.0,0.0,,,,,356.966,344.0,367.0,,,0.0,21864.0,21892.0,0.0,29.0,0.0,0.0,0.0,0.0,29.0,0.0,0.0,0.0,29.0,0.0,0.0,0.0,0.0,0.0,"solar2_v,lipo2_v"
2020-10-06T06:00:00Z,30.0,30.0,,,1.433,1.741,,,,,,,,,,,3.538,3.537,3.541,,,,226.3,0.0,0.0,,,,,362.2,354.0,367.0,,,0.0,21893.0,21922.0,0.0,30.0,0.0,0.0,0.0,0.0,30.0,0.0,0.0,0.0,30.0,0.0,0.0,0.0,0.0,0.0,"solar2_v,lipo2_v"
2020-10-06T07:00:00Z,23.0,23.0,,,1.156,1.425,,,,,,,,,,,3.537,3.536,3.539,,,,226.957,0.0,0.0,,,,,351.261,344.0,354.0,,,0.0,21923.0,21949.0,0.0,23.0,0.0,0.0,0.0,0.0,23.0,0.0,0.0,0.0,23.0,0.0,0.0,0.0,0.0,0.0,"solar2_v,lipo2_v"
2020-10-06T08:00:00Z,28.0,28.0,,,0.536,0.708,,,,,,,,,,,3.536,3.534,3.539,,,,227.964,0.0,0.0,,,,,335.571,331.0,343.0,,,0.0,21953.0,21980.0,0.0,28.0,0.0,0.0,0.0,0.0,28.0,0.0,0.0,0.0,28.0,0.0,0.0,0.0,0.0,0.0,"solar2_v,lipo2_v"
2020-10-06T09:00:00Z,30.0,30.0,,,0.305,0.608,,,,,,,,,,,3.535,3.534,3.537,,,,228.767,0.0,0.0,,,,,326.867,321.0,331.0,,,0.0,21981.0,22010.0,0.0,20.0,0.0,0.0,0.0,0.0,30.0,0.0,0.0,0.0,30.0,0.0,0.0,0.0,0.0,0.0,"solar2_v,lipo2_v"
2020-10-06T10:00:00Z,29.0,29.0,,,0.0,0.0,,,,,,,,,,,3.534,3.532,3.536,,,,230.138,0.0,0.0,,,,,315.448,314.0,320.0,,,0.0,22011.0,22039.0,0.0,0.0,0.0,0.0,0.0,0.0,29.0,0.0,0.0,0.0,29.0,0.0,0.0,0.0,0.0,0.0,"solar2_v,lipo2_v"
2020-10-06T11:00:00Z,29.0,29.0,,,0.0,0.0,,,,,,,,,,,3.533,3.531,3.536,,,,231.207,0.0,0.0,,,,,311.793,309.0,314.0,,,0.0,22040.0,22068.0,0.0,0.0,0.0,0.0,0.0,0.0,29.0,0.0,0.0,0.0,29.0,0.0,0.0,0.0,0.0,0.0,"solar2_v,lipo2_v"
2020-10-06T12:00:00Z,27.0,27.0,,,0.0,0.0,,,,,,,,,,,3.532,3.531,3.534,,,,231.259,0.0,0.0,,,,,311.926,308.0,313.0,,,0.0,22070.0,22096.0,0.0,0.0,0.0,0.0,0.0,0.0,27.0,0.0,0.0,0.0,27.0,0.0,0.0,0.0,0.0,0.0,"solar2_v,lipo2_v"
2020-10-06T13:00:00Z,30.0,30.0,,,0.0,0.0,,,,,,,,,,,3.531,3.529,3.532,,,,231.733,0.0,0.0,,,,,302.9,301.0,308.0,,,0.0,22099.0,22128.0,0.0,0.0,0.0,0.0,0.0,0.0,30.0,0.0,0.0,0.0,30.0,0.0,0.0,0.0,0.0,0.0,"solar2_v,lipo2_v"
2020-10-06T14:00:00Z,24.0,24.0,,,0.0,0.0,,,,,,,,,,,3.53,3.527,3.531,,,,231.708,0.0,0.0,,,,,301.0,301.0,301.0,,,0.0,22130.0,22156.0,0.0,0.0,0.0,0.0,0.0,0.0,24.0,0.0,0.0,0.0,24.0,0.0,0.0,0.0,0.0,0.0,"solar2_v,lipo2_v"
2020-10-06T15:00:00Z,27.0,27.0,,,0.0,0.0,,,,,,,,,,,3.529,3.527,3.532,,,,231.481,0.0,0.0,,,,,303.407,301.0,306.0,,,0.0,22160.0,22186.0,0.0,0.0,0.0,0.0,0.0,0.0,27.0,0.0,0.0,0.0,27.0,0.0,0.0,0.0,0.0,0.0,"solar2_v,lipo2_v"
2020-10-06T16:00:00Z,30.0,30.0,,,0.0,0.0,,,,,,,,,,,3.527,3.526,3.529,,,,232.033,0.0,0.0,,,,,301.0,301.0,301.0,,,0.0,22187.0,22216.0,0.0,0.0,0.0,0.0,0.0,0.0,30.0,0.0,0.0,0.0,30.0,0.0,0.0,0.0,0.0,0.0,"solar2_v,lipo2_v"
2020-10-06T17:00:00Z,29.0,29.0,,,0.0,0.0,,,,,,,,,,,3.527,3.526,3.529,,,,231.862,0.0,0.0,,,,,300.828,300.0,301.0,,,0.0,22217.0,22245.0,0.0,0.0,0.0,0.0,0.0,0.0,29.0,0.0,0.0,0.0,29.0,0.0,0.0,0.0,0.0,0.0,"solar2_v,lipo2_v"
2020-10-06T18:00:00Z,30.0,30.0,,,0.0,0.0,,,,,,,,,,,3.526,3.526,3.527,,,,232.1,0.0,0.0,,,,,300.867,300.0,301.0,,,0.0,22246.0,22275.0,0.0,0.0,0.0,0.0,0.0,0.0,30.0,0.0,0.0,0.0,30.0,0.0,0.0,0.0,0.0,0.0,"solar2_v,lipo2_v"
2020-10-06T19:00:00Z,29.0,29.0,,,0.0,0.0,,,,,,,,,,,3.526,3.524,3.527,,,,232.241,0.0,0.0,,,,,299.172,296.0,301.0,,,0.0,22276.0,22304.0,0.0,0.0,0.0,0.0,0.0,0.0,29.0,0.0,0.0,0.0,29.0,0.0,0.0,0.0,0.0,0.0,"solar2_v,lipo2_v"
2020-10-06T20:00:00Z,30.0,30.0,,,0.0,0.0,,,,,,,,,,,3.525,3.524,3.527,,,,232.933,0.0,0.0,,,,,294.3,293.0,296.0,,,0.0,22305.0,22334.0,0.0,0.0,0.0,0.0,0.0,0.0,30.0,0.0,0.0,0.0,30.0,0.0,0.0,0.0,0.0,0.0,"solar2_v,lipo2_v"
2020-10-06T21:00:00Z,29.0,29.0,,,0.0,0.0,,,,,,,,,,,3.524,3.522,3.526,,,,232.931,0.0,0.0,,,,,294.241,293.0,295.0,,,0.0,22335.0,22363.0,0.0,0.0,0.0,0.0,0.0,0.0,29.0,0.0,0.0,0.0,29.0,0.0,0.0,0.0,0.0,0.0,"solar2_v,lipo2_v"
2020-10-06T22:00:00Z,30.0,30.0,,,0.0,0.0,,,,,,,,,,,3.523,3.522,3.526,,,,233.0,0.0,0.0,,,,,294.1,293.0,295.0,,,0.0,22364.0,22393.0,0.0,0.0,0.0,0.0,0.0,0.0,30.0,0.0,0.0,0.0,30.0,0.0,0.0,0.0,0.0,0.0,"solar2_v,lipo2_v"
2020-10-06T23:00:00Z,28.0,28.0,,,0.146,0.549,,,,,,,,,,,3.522,3.521,3.524,,,,232.571,0.0,0.0,,,,,297.036,293.0,301.0,,,0.0,22394.0,22422.0,0.0,9.0,0.0,0.0,0.0,0.0,28.0,0.0,0.0,0.0,28.0,0.0,0.0,0.0,0.0,0.0,"solar2_v,lipo2_v"
2020-10-07T00:00:00Z,30.0,30.0,,,0.81,1.09,,,,,,,,,,,3.522,3.519,3.524,,,,230.633,0.0,0.0,,,,,309.633,301.0,320.0,,,0.0,22423.0,22452.0,0.0,30.0,0.0,0.0,0.0,0.0,30.0,0.0,0.0,0.0,30.0,0.0,0.0,0.0,0.0,0.0,"solar2_v,lipo2_v"
2020-10-07T01:00:00Z,29.0,29.0,,,0.87,1.182,,,,,,,,,,,3.522,3.521,3.524,,,,229.414,0.0,0.0,,,,,321.517,320.0,324.0,,,0.0,22453.0,22481.0,0.0,29.0,0.0,0.0,0.0,0.0,29.0,0.0,0.0,0.0,29.0,0.0,0.0,0.0,0.0,0.0,"solar2_v,lipo2_v"
2020-10-07T02:00:00Z,29.0,29.0,,,0.103,0.944,,,,,,,,,,,3.521,3.519,3.522,,,,232.207,0.0,0.0,,,,,295.897,272.0,322.0,,,0.0,22482.0,22510.0,0.0,5.0,0.0,0.0,0.0,0.0,29.0,0.0,0.0,0.0,29.0,0.0,0.0,0.0,0.0,0.0,"solar2_v,lipo2_v"
2020-10-07T03:00:00Z,30.0,30.0,,,0.196,0.524,,,,,,,,,,,3.519,3.517,3.521,,,,235.167,0.0,0.0,,,,,269.567,267.0,272.0,,,0.0,22511.0,22540.0,0.0,13.0,0.0,0.0,0.0,0.0,30.0,0.0,0.0,0.0,30.0,0.0,0.0,0.0,0.0,0.0,"solar2_v,lipo2_v"
2020-10-07T04:00:00Z,27.0,27.0,,,0.105,0.41,,,,,,,,,,,3.517,3.516,3.519,,,,234.741,0.0,0.0,,,,,270.889,267.0,274.0,,,0.0,22541.0,22569.0,0.0,8.0,0.0,0.0,0.0,0.0,27.0,0.0,0.0,0.0,27.0,0.0,0.0,0.0,0.0,0.0,"solar2_v,lipo2_v"
2020-10-07T05:00:00Z,30.0,30.0,,,1.087,1.81,,,,,,,,,,,3.517,3.516,3.519,,,,233.8,0.0,0.0,,,,,281.833,273.0,293.0,,,0.0,22570.0,22599.0,0.0,30.0,0.0,0.0,0.0,0.0,30.0,0.0,0.0,0.0,30.0,0.0,0.0,0.0,0.0,0.0,"solar2_v,lipo2_v"
2020-10-07T06:00:00Z,26.0,26.0,,,1.6,1.932,,,,,,,,,,,3.517,3.514,3.519,,,,231.269,0.0,0.0,,,,,304.308,295.0,317.0,,,0.0,22600.0,22628.0,0.0,26.0,0.0,0.0,0.0,0.0,26.0,0.0,0.0,0.0,26.0,0.0,0.0,0.0,0.0,0.0,"solar2_v,lipo2_v"
2020-10-07T07:00:00Z,25.0,25.0,,,1.155,1.653,,,,,,,,,,,3.516,3.514,3.519,,,,229.68,0.0,0.0,,,,,316.44,314.0,320.0,,,0.0,22629.0,22657.0,0.0,25.0,0.0,0.0,0.0,0.0,25.0,0.0,0.0,0.0,25.0,0.0,0.0,0.0,0.0,0.0,"solar2_v,lipo2_v"
2020-10-07T08:00:00Z,30.0,30.0,,,0.848,1.077,,,,,,,,,,,3.515,3.512,3.516,,,,230.4,0.0,0.0,,,,,314.0,313.0,315.0,,,0.0,22658.0,22687.0,0.0,30.0,0.0,0.0,0.0,0.0,30.0,0.0,0.0,0.0,30.0,0.0,0.0,0.0,0.0,0.0,"solar2_v,lipo2_v"
2020-10-07T09:00:00Z,27.0,27.0,,,0.49,0.675,,,,,,,,,,,3.513,3.511,3.516,,,,231.111,0.0,0.0,,,,,307.444,301.0,314.0,,,0.0,22688.0,22716.0,0.0,25.0,0.0,0.0,0.0,0.0,27.0,0.0,0.0,0.0,27.0,0.0,0.0,0.0,0.0,0.0,"solar2_v,lipo2_v"
2020-10-07T10:00:00Z,28.0,28.0,,,0.0,0.0,,,,,,,,,,,3.512,3.511,3.514,,,,232.679,0.0,0.0,,,,,296.25,291.0,301.0,,,0.0,22717.0,22746.0,0.0,0.0,0.0,0.0,0.0,0.0,28.0,0.0,0.0,0.0,28.0,0.0,0.0,0.0,0.0,0.0,"solar2_v,lipo2_v"
2020-10-07T11:00:00Z,29.0,29.0,,,0.0,0.0,,,,,,,,,,,3.511,3.509,3.512,,,,233.241,0.0,0.0,,,,,288.103,287.0,291.0,,,0.0,22747.0,22775.0,0.0,0.0,0.0,0.0,0.0,0.0,29.0,0.0,0.0,0.0,29.0,0.0,0.0,0.0,0.0,0.0,"solar2_v,lipo2_v"
2020-10-07T12:00:00Z,26.0,26.0,,,0.0,0.0,,,,,,,,,,,3.51,3.509,3.511,,,,233.115,0.0,0.0,,,,,289.154,287.0,292.0,,,0.0,22776.0,22805.0,0.0,0.0,0.0,0.0,0.0,0.0,26.0,0.0,0.0,0.0,26.0,0.0,0.0,0.0,0.0,0.0,"solar2_v,lipo2_v"
2020-10-07T13:00:00Z,29.0,29.0,,,0.0,0.0,,,,,,,,,,,3.508,3.506,3.511,,,,233.138,0.0,0.0,,,,,287.552,287.0,290.0,,,0.0,22806.0,22834.0,0.0,0.0,0.0,0.0,0.0,0.0,29.0,0.0,0.0,0.0,29.0,0.0,0.0,0.0,0.0,0.0,"solar2_v,lipo2_v"
2020-10-07T14:00:00Z,29.0,29.0,,,0.0,0.0,,,,,,,,,,,3.508,3.506,3.509,,,,233.31,0.0,0.0,,,,,286.966,286.0,287.0,,,0.0,22835.0,22863.0,0.0,0.0,0.0,0.0,0.0,0.0,29.0,0.0,0.0,0.0,29.0,0.0,0.0,0.0,0.0,0.0,"solar2_v,lipo2_v"
2020-10-07T15:00:00Z,28.0,28.0,,,0.0,0.0,,,,,,,,,,,3.506,3.504,3.508,,,,233.036,0.0,0.0,,,,,290.0,288.0,291.0,,,0.0,22866.0,22893.0,0.0,0.0,0.0,0.0,0.0,0.0,28.0,0.0,0.0,0.0,28.0,0.0,0.0,0.0,0.0,0.0,"solar2_v,lipo2_v"
2020-10-07T16:00:00Z,29.0,29.0,,,0.0,0.0,,,,,,,,,,,3.505,3.504,3.508,,,,233.172,0.0,0.0,,,,,287.483,287.0,290.0,,,0.0,22894.0,22922.0,0.0,0.0,0.0,0.0,0.0,0.0,29.0,0.0,0.0,0.0,29.0,0.0,0.0,0.0,0.0,0.0,"solar2_v,lipo2_v"
2020-10-07T17:00:00Z,30.0,30.0,,,0.0,0.0,,,,,,,,,,,3.504,3.503,3.508,,,,233.467,0.0,0.0,,,,,284.233,281.0,287.0,,,0.0,22923.0,22952.0,0.0,0.0,0.0,0.0,0.0,0.0,30.0,0.0,0.0,0.0,30.0,0.0,0.0,0.0,0.0,0.0,"solar2_v,lipo2_v"
2020-10-07T18:00:00Z,29.0,29.0,,,0.0,0.0,,,,,,,,,,,3.504,3.503,3.506,,,,233.621,0.0,0.0,,,,,282.586,281.0,287.0,,,0.0,22953.0,22981.0,0.0,0.0,0.0,0.0,0.0,0.0,29.0,0.0,0.0,0.0,29.0,0.0,0.0,0.0,0.0,0.0,"solar2_v,lipo2_v"
2020-10-07T19:00:00Z,30.0,30.0,,,0.0,0.0,,,,,,,,,,,3.503,3.501,3.504,,,,233.167,0.0,0.0,,,,,285.867,285.0,286.0,,,0.0,22982.0,23011.0,0.0,0.0,0.0,0.0,0.0,0.0,30.0,0.0,0.0,0.0,30.0,0.0,0.0,0.0,0.0,0.0,"solar2_v,lipo2_v"
2020-10-07T20:00:00Z,29.0,29.0,,,0.0,0.0,,,,,,,,,,,3.502,3.501,3.503,,,,233.931,0.0,0.0,,,,,281.414,280.0,285.0,,,0.0,23012.0,23040.0,0.0,0.0,0.0,0.0,0.0,0.0,29.0,0.0,0.0,0.0,29.0,0.0,0.0,0.0,0.0,0.0,"solar2_v,lipo2_v"
2020-10-07T21:00:00Z,30.0,30.0,,,0.0,0.0,,,,,,,,,,,3.501,3.501,3.503,,,,233.767,0.0,0.0,,,,,280.167,278.0,281.0,,,0.0,23041.0,23070.0,0.0,0.0,0.0,0.0,0.0,0.0,30.0,0.0,0.0,0.0,30.0,0.0,0.0,0.0,0.0,0.0,"solar2_v,lipo2_v"
2020-10-07T22:00:00Z,29.0,29.0,,,0.0,0.0,,,,,,,,,,,3.501,3.499,3.501,,,,234.069,0.0,0.0,,,,,276.828,274.0,281.0,,,0.0,23071.0,23099.0,0.0,0.0,0.0,0.0,0.0,0.0,29.0,0.0,0.0,0.0,29.0,0.0,0.0,0.0,0.0,0.0,"solar2_v,lipo2_v"
2020-10-07T23:00:00Z,30.0,30.0,,,0.145,0.603,,,,,,,,,,,3.5,3.499,3.501,,,,233.9,0.0,0.0,,,,,280.6,275.0,290.0,,,0.0,23100.0,23129.0,0.0,10.0,0.0,0.0,0.0,0.0,30.0,0.0,0.0,0.0,30.0,0.0,0.0,0.0,0.0,0.0,"solar2_v,lipo2_v"
2020-10-08T00:00:00Z,29.0,29.0,,,0.689,0.792,,,,,,,,,,,3.499,3.499,3.501,,,,231.897,0.0,0.0,,,,,301.897,291.0,314.0,,,0.0,23130.0,23158.0,0.0,29.0,0.0,0.0,0.0,0.0,29.0,0.0,0.0,0.0,29.0,0.0,0.0,0.0,0.0,0.0,"solar2_v,lipo2_v"
2020-10-08T01:00:00Z,30.0,30.0,,,0.894,1.443,,,,,,,,,,,3.499,3.499,3.501,,,,229.333,0.0,0.0,,,,,321.033,314.0,338.0,,,0.0,23159.0,23188.0,0.0,30.0,0.0,0.0,0.0,0.0,30.0,0.0,0.0,0.0,30.0,0.0,0.0,0.0,0.0,0.0,"solar2_v,lipo2_v"
2020-10-08T02:00:00Z,29.0,29.0,,,1.069,1.387,,,,,,,,,,,3.499,3.499,3.499,,,,226.414,0.0,0.0,,,,,356.517,340.0,369.0,,,0.0,23189.0,23217.0,0.0,29.0,0.0,0.0,0.0,0.0,29.0,0.0,0.0,0.0,29.0,0.0,0.0,0.0,0.0,0.0,"solar2_v,lipo2_v"
2020-10-08T03:00:00Z,30.0,30.0,,,1.218,1.81,,,,,,,,,,,3.498,3.496,3.499,,,,225.067,0.0,0.0,,,,,368.167,359.0,377.0,,,0.0,23218.0,23247.0,0.0,30.0,0.0,0.0,0.0,0.0,30.0,0.0,0.0,0.0,30.0,0.0,0.0,0.0,0.0,0.0,"solar2_v,lipo2_v"
2020-10-08T04:00:00Z,29.0,29.0,,,1.544,2.046,,,,,,,,,,,3.497,3.494,3.498,,,,225.517,0.0,0.0,,,,,362.276,353.0,378.0,,,0.0,23248.0,23276.0,0.0,29.0,0.0,0.0,0.0,0.0,29.0,0.0,0.0,0.0,29.0,0.0,0.0,0.0,0.0,0.0,"solar2_v,lipo2_v"
2020-10-08T05:00:00Z,29.0,29.0,,,1.632,1.968,,,,,,,,,,,3.495,3.494,3.496,,,,225.103,0.0,0.0,,,,,367.793,365.0,375.0,,,0.0,23277.0,23305.0,0.0,29.0,0.0,0.0,0.0,0.0,29.0,0.0,0.0,0.0,29.0,0.0,0.0,0.0,0.0,0.0,"solar2_v,lipo2_v"
2020-10-08T06:00:00Z,28.0,28.0,,,1.217,1.574,,,,,,,,,,,3.493,3.491,3.496,,,,225.357,0.0,0.0,,,,,366.357,350.0,378.0,,,0.0,23306.0,23335.0,0.0,28.0,0.0,0.0,0.0,0.0,28.0,0.0,0.0,0.0,28.0,0.0,0.0,0.0,0.0,0.0,"solar2_v,lipo2_v"
2020-10-08T07:00:00Z,21.0,21.0,,,0.655,1.102,,,,,,,,,,,3.489,3.486,3.491,,,,227.667,0.0,0.0,,,,,338.762,328.0,350.0,,,0.0,23336.0,23364.0,0.0,21.0,0.0,0.0,0.0,0.0,21.0,0.0,0.0,0.0,21.0,0.0,0.0,0.0,0.0,0.0,"solar2_v,lipo2_v"
2020-10-08T08:00:00Z,30.0,30.0,,,0.087,0.498,,,,,,,,,,,3.485,3.483,3.488,,,,232.067,0.0,0.0,,,,,297.6,274.0,331.0,,,0.0,23365.0,23394.0,0.0,7.0,0.0,0.0,0.0,0.0,30.0,0.0,0.0,0.0,30.0,0.0,0.0,0.0,0.0,0.0,"solar2_v,lipo2_v"
2020-10-08T09:00:00Z,27.0,27.0,,,0.0,0.0,,,,,,,,,,,3.481,3.478,3.484,,,,233.63,0.0,0.0,,,,,279.926,274.0,287.0,,,0.0,23395.0,23423.0,0.0,0.0,0.0,0.0,0.0,0.0,27.0,0.0,0.0,0.0,27.0,0.0,0.0,0.0,0.0,0.0,"solar2_v,lipo2_v"
2020-10-08T10:00:00Z,24.0,24.0,,,0.0,0.0,,,,,,,,,,,3.477,3.475,3.479,,,,234.25,0.0,0.0,,,,,276.083,273.0,286.0,,,0.0,23424.0,23452.0,0.0,0.0,0.0,0.0,0.0,0.0,24.0,0.0,0.0,0.0,24.0,0.0,0.0,0.0,0.0,0.0,"solar2_v,lipo2_v"
2020-10-08T11:00:00Z,30.0,30.0,,,0.0,0.0,,,,,,,,,,,3.473,3.471,3.476,,,,234.6,0.0,0.0,,,,,273.567,273.0,274.0,,,0.0,23453.0,23482.0,0.0,0.0,0.0,0.0,0.0,0.0,30.0,0.0,0.0,0.0,30.0,0.0,0.0,0.0,0.0,0.0,"solar2_v,lipo2_v"
2020-10-08T12:00:00Z,27.0,27.0,,,0.0,0.0,,,,,,,,,,,3.47,3.468,3.473,,,,234.444,0.0,0.0,,,,,274.778,274.0,277.0,,,0.0,23483.0,23511.0,0.0,0.0,0.0,0.0,0.0,0.0,27.0,0.0,0.0,0.0,27.0,0.0,0.0,0.0,0.0,0.0,"solar2_v,lipo2_v"
2020-10-08T13:00:00Z,29.0,29.0,,,0.0,0.0,,,,,,,,,,,3.466,3.463,3.468,,,,234.0,0.0,0.0,,,,,276.621,275.0,278.0,,,0.0,23512.0,23540.0,0.0,0.0,0.0,0.0,0.0,0.0,29.0,0.0,0.0,0.0,29.0,0.0,0.0,0.0,0.0,0.0,"solar2_v,lipo2_v"
2020-10-08T14:00:00Z,28.0,28.0,,,0.0,0.0,,,,,,,,,,,3.46,3.456,3.463,,,,233.786,0.0,0.0,,,,,279.536,278.0,281.0,,,0.0,23542.0,23570.0,0.0,0.0,0.0,0.0,0.0,0.0,28.0,0.0,0.0,0.0,28.0,0.0,0.0,0.0,0.0,0.0,"solar2_v,lipo2_v"
2020-10-08T15:00:00Z,29.0,29.0,,,0.0,0.0,,,,,,,,,,,3.455,3.453,3.458,,,,234.241,0.0,0.0,,,,,280.621,280.0,281.0,,,0.0,23571.0,23599.0,0.0,0.0,0.0,0.0,0.0,0.0,29.0,0.0,0.0,0.0,29.0,0.0,0.0,0.0,0.0,0.0,"solar2_v,lipo2_v"
2020-10-08T16:00:00Z,30.0,30.0,,,0.0,0.0,,,,,,,,,,,3.451,3.448,3.453,,,,233.7,0.0,0.0,,,,,281.0,280.0,282.0,,,0.0,23600.0,23629.0,0.0,0.0,0.0,0.0,0.0,0.0,30.0,0.0,0.0,0.0,30.0,0.0,0.0,0.0,0.0,0.0,"solar2_v,lipo2_v"
2020-10-08T17:00:00Z,29.0,29.0,,,0.0,0.0,,,,,,,,,,,3.447,3.446,3.448,,,,233.828,0.0,0.0,,,,,279.345,278.0,281.0,,,0.0,23630.0,23658.0,0.0,0.0,0.0,0.0,0.0,0.0,29.0,0.0,0.0,0.0,29.0,0.0,0.0,0.0,0.0,0.0,"solar2_v,lipo2_v"
2020-10-08T18:00:00Z,30.0,30.0,,,0.0,0.0,,,,,,,,,,,3.445,3.442,3.446,,,,233.833,0.0,0.0,,,,,280.567,278.0,281.0,,,0.0,23659.0,23688.0,0.0,0.0,0.0,0.0,0.0,0.0,30.0,0.0,0.0,0.0,30.0,0.0,0.0,0.0,0.0,0.0,"solar2_v,lipo2_v"
2020-10-08T19:00:00Z,29.0,29.0,,,0.0,0.0,,,,,,,,,,,3.44,3.437,3.443,,,,233.276,0.0,0.0,,,,,284.207,281.0,287.0,,,0.0,23689.0,23717.0,0.0,0.0,0.0,0.0,0.0,0.0,29.0,0.0,0.0,0.0,29.0,0.0,0.0,0.0,0.0,0.0,"solar2_v,lipo2_v"
2020-10-08T20:00:00Z,30.0,30.0,,,0.0,0.0,,,,,,,,,,,3.434,3.43,3.437,,,,233.467,0.0,0.0,,,,,286.5,283.0,289.0,,,0.0,23718.0,23747.0,0.0,0.0,0.0,0.0,0.0,0.0,30.0,0.0,0.0,0.0,30.0,0.0,0.0,0.0,0.0,0.0,"solar2_v,lipo2_v"
2020-10-08T21:00:00Z,29.0,29.0,,,0.0,0.0,,,,,,,,,,,3.429,3.425,3.432,,,,233.655,0.0,0.0,,,,,284.172,282.0,286.0,,,0.0,23748.0,23776.0,0.0,0.0,0.0,0.0,0.0,0.0,29.0,0.0,0.0,0.0,29.0,0.0,0.0,0.0,0.0,0.0,"solar2_v,lipo2_v"
2020-10-08T22:00:00Z,30.0,30.0,,,0.0,0.0,,,,,,,,,,,3.423,3.42,3.427,,,,233.4,0.0,0.0,,,,,285.033,284.0,286.0,,,0.0,23777.0,23806.0,0.0,0.0,0.0,0.0,0.0,0.0,30.0,0.0,0.0,0.0,30.0,0.0,0.0,0.0,0.0,0.0,"solar2_v,lipo2_v"
2020-10-08T23:00:00Z,29.0,29.0,,,0.22,0.524,,,,,,,,,,,3.419,3.417,3.422,,,,233.379,0.0,0.0,,,,,288.241,285.0,294.0,,,0.0,23807.0,23835.0,0.0,16.0,0.0,0.0,0.0,0.0,29.0,0.0,0.0,0.0,29.0,0.0,0.0,0.0,0.0,0.0,"solar2_v,lipo2_v"
2020-10-09T00:00:00Z,29.0,29.0,,,0.684,0.987,,,,,,,,,,,3.412,3.409,3.415,,,,232.138,0.0,0.0,,,,,300.0,295.0,307.0,,,0.0,23836.0,23865.0,0.0,29.0,0.0,0.0,0.0,0.0,29.0,0.0,0.0,0.0,29.0,0.0,0.0,0.0,0.0,0.0,"solar2_v,lipo2_v"
2020-10-09T01:00:00Z,23.0,23.0,,,1.218,1.526,,,,,,,,,,,3.405,3.399,3.41,,,,229.435,0.0,0.0,,,,,323.522,309.0,332.0,,,0.0,23866.0,23894.0,0.0,23.0,0.0,0.0,0.0,0.0,23.0,0.0,0.0,0.0,23.0,0.0,0.0,0.0,0.0,0.0,"solar2_v,lipo2_v"
2020-10-09T02:00:00Z,23.0,23.0,,,1.494,1.772,,,,,,,,,,,3.397,3.395,3.4,,,,228.435,0.0,0.0,,,,,334.13,327.0,342.0,,,0.0,23895.0,23922.0,0.0,23.0,0.0,0.0,0.0,0.0,23.0,0.0,0.0,0.0,23.0,0.0,0.0,0.0,0.0,0.0,"solar2_v,lipo2_v"
2020-10-09T03:00:00Z,30.0,30.0,,,1.458,1.927,,,,,,,,,,,3.393,3.39,3.395,,,,227.4,0.0,0.0,,,,,341.8,332.0,357.0,,,0.0,23924.0,23953.0,0.0,30.0,0.0,0.0,0.0,0.0,30.0,0.0,0.0,0.0,30.0,0.0,0.0,0.0,0.0,0.0,"solar2_v,lipo2_v"
2020-10-09T04:00:00Z,29.0,29.0,,,1.446,1.751,,,,,,,,,,,3.388,3.384,3.39,,,,227.069,0.0,0.0,,,,,346.552,340.0,354.0,,,0.0,23954.0,23982.0,0.0,29.0,0.0,0.0,0.0,0.0,29.0,0.0,0.0,0.0,29.0,0.0,0.0,0.0,0.0,0.0,"solar2_v,lipo2_v"
2020-10-09T05:00:00Z,30.0,30.0,,,0.493,1.763,,,,,,,,,,,3.38,3.377,3.385,,,,230.167,0.0,0.0,,,,,315.133,281.0,351.0,,,0.0,23983.0,24012.0,0.0,19.0,0.0,0.0,0.0,0.0,30.0,0.0,0.0,0.0,30.0,0.0,0.0,0.0,0.0,0.0,"solar2_v,lipo2_v"
2020-10-09T06:00:00Z,29.0,29.0,,,0.045,0.341,,,,,,,,,,,3.373,3.371,3.377,,,,234.103,0.0,0.0,,,,,277.69,277.0,280.0,,,0.0,24013.0,24041.0,0.0,4.0,0.0,0.0,0.0,0.0,29.0,0.0,0.0,0.0,29.0,0.0,0.0,0.0,0.0,0.0,"solar2_v,lipo2_v"
2020-10-09T07:00:00Z,25.0,25.0,,,0.078,0.328,,,,,,,,,,,3.367,3.364,3.371,,,,233.64,0.0,0.0,,,,,278.12,277.0,280.0,,,0.0,24042.0,24070.0,0.0,6.0,0.0,0.0,0.0,0.0,25.0,0.0,0.0,0.0,25.0,0.0,0.0,0.0,0.0,0.0,"solar2_v,lipo2_v"
2020-10-09T08:00:00Z,30.0,30.0,,,0.196,0.346,,,,,,,,,,,3.36,3.354,3.366,,,,233.767,0.0,0.0,,,,,279.7,277.0,281.0,,,0.0,24071.0,24100.0,0.0,17.0,0.0,0.0,0.0,0.0,30.0,0.0,0.0,0.0,30.0,0.0,0.0,0.0,0.0,0.0,"solar2_v,lipo2_v"
2020-10-09T09:00:00Z,27.0,27.0,,,0.0,0.0,,,,,,,,,,,3.35,3.344,3.357,,,,233.074,0.0,0.0,,,,,282.852,281.0,286.0,,,0.0,24101.0,24129.0,0.0,0.0,0.0,0.0,0.0,0.0,27.0,0.0,0.0,0.0,27.0,0.0,0.0,0.0,0.0,0.0,"solar2_v,lipo2_v"
2020-10-09T10:00:00Z,27.0,27.0,,,0.0,0.0,,,,,,,,,,,3.342,3.339,3.344,,,,231.444,0.0,0.0,,,,,283.63,281.0,287.0,,,0.0,24130.0,24159.0,0.0,0.0,0.0,0.0,0.0,0.0,27.0,0.0,0.0,0.0,27.0,0.0,0.0,0.0,0.0,0.0,"solar2_v,lipo2_v"
2020-10-09T11:00:00Z,29.0,29.0,,,0.0,0.0,,,,,,,,,,,3.337,3.333,3.341,,,,230.862,0.0,0.0,,,,,279.966,279.0,281.0,,,0.0,24160.0,24188.0,0.0,0.0,0.0,0.0,0.0,0.0,29.0,0.0,0.0,0.0,29.0,0.0,0.0,0.0,0.0,0.0,"solar2_v,lipo2_v"
2020-10-09T12:00:00Z,30.0,30.0,,,0.0,0.0,,,,,,,,,,,3.327,3.323,3.333,,,,228.767,0.0,0.0,,,,,279.267,277.0,281.0,,,0.0,24189.0,24218.0,0.0,0.0,0.0,0.0,0.0,0.0,30.0,0.0,0.0,0.0,30.0,0.0,0.0,0.0,0.0,0.0,"solar2_v,lipo2_v"
2020-10-09T13:00:00Z,28.0,28.0,,,0.0,0.0,,,,,,,,,,,3.317,3.313,3.323,,,,227.75,0.0,0.0,,,,,277.179,277.0,279.0,,,0.0,24219.0,24247.0,0.0,0.0,0.0,0.0,0.0,0.0,28.0,0.0,0.0,0.0,28.0,0.0,0.0,0.0,0.0,0.0,"solar2_v,lipo2_v"
2020-10-09T14:00:00Z,28.0,28.0,,,0.0,0.0,,,,,,,,,,,3.306,3.301,3.311,,,,226.071,0.0,0.0,,,,,274.607,274.0,277.0,,,0.0,24248.0,24276.0,0.0,0.0,0.0,0.0,0.0,0.0,28.0,0.0,0.0,0.0,28.0,0.0,0.0,0.0,0.0,0.0,"solar2_v,lipo2_v"
2020-10-09T15:00:00Z,30.0,30.0,,,0.0,0.0,,,,,,,,,,,3.295,3.29,3.3,,,,224.2,0.0,0.0,,,,,274.0,274.0,274.0,,,0.0,24277.0,24306.0,0.0,0.0,0.0,0.0,0.0,0.0,30.0,0.0,0.0,0.0,30.0,0.0,0.0,0.0,0.0,0.0,"solar2_v,lipo2_v"
2020-10-09T16:00:00Z,28.0,28.0,,,0.0,0.0,,,,,,,,,,,3.288,3.283,3.291,,,,222.143,0.0,0.0,,,,,273.75,273.0,274.0,,,0.0,24307.0,24335.0,0.0,0.0,0.0,0.0,0.0,0.0,28.0,0.0,0.0,0.0,28.0,0.0,0.0,0.0,0.0,0.0,"solar2_v,lipo2_v"
2020-10-09T17:00:00Z,30.0,30.0,,,0.0,0.0,,,,,,,,,,,3.277,3.272,3.283,,,,220.167,0.0,0.0,,,,,272.6,272.0,273.0,,,0.0,24336.0,24365.0,0.0,0.0,0.0,0.0,0.0,0.0,30.0,0.0,0.0,0.0,30.0,0.0,0.0,0.0,0.0,0.0,"solar2_v,lipo2_v"
2020-10-09T18:00:00Z,29.0,29.0,,,0.0,0.0,,,,,,,,,,,3.266,3.26,3.272,,,,217.759,0.0,0.0,,,,,273.069,272.0,274.0,,,0.0,24366.0,24394.0,0.0,0.0,0.0,0.0,0.0,0.0,29.0,0.0,0.0,0.0,29.0,0.0,0.0,0.0,0.0,0.0,"solar2_v,lipo2_v"
2020-10-09T19:00:00Z,29.0,29.0,,,0.0,0.0,,,,,,,,,,,3.255,3.248,3.26,,,,215.655,0.0,0.0,,,,,272.69,272.0,273.0,,,0.0,24395.0,24423.0,0.0,0.0,0.0,0.0,0.0,0.0,29.0,0.0,0.0,0.0,29.0,0.0,0.0,0.0,0.0,0.0,"solar2_v,lipo2_v"
2020-10-09T20:00:00Z,30.0,30.0,,,0.0,0.0,,,,,,,,,,,3.242,3.237,3.248,,,,213.6,0.0,0.0,,,,,273.3,273.0,274.0,,,0.0,24424.0,24453.0,0.0,0.0,0.0,0.0,0.0,0.0,30.0,0.0,0.0,0.0,30.0,0.0,0.0,0.0,0.0,0.0,"solar2_v,lipo2_v"
2020-10-09T21:00:00Z,29.0,29.0,,,0.0,0.0,,,,,,,,,,,3.234,3.229,3.237,,,,211.483,0.0,0.0,,,,,273.034,273.0,274.0,,,0.0,24454.0,24482.0,0.0,0.0,0.0,0.0,0.0,0.0,29.0,0.0,0.0,0.0,29.0,0.0,0.0,0.0,0.0,0.0,"solar2_v,lipo2_v"
2020-10-09T22:00:00Z,30.0,30.0,,,0.0,0.0,,,,,,,,,,,3.22,3.214,3.227,,,,208.767,0.0,0.0,,,,,272.933,272.0,273.0,,,0.0,24483.0,24512.0,0.0,0.0,0.0,0.0,0.0,0.0,30.0,0.0,0.0,0.0,30.0,0.0,0.0,0.0,0.0,0.0,"solar2_v,lipo2_v"
2020-10-09T23:00:00Z,29.0,29.0,,,0.24,0.5,,,,,,,,,,,3.206,3.179,3.214,,,,205.621,0.0,0.0,,,,,275.207,271.0,281.0,,,0.0,1.0,24522.0,0.0,16.0,0.0,0.0,0.0,0.0,29.0,0.0,0.0,0.0,29.0,0.0,0.0,0.0,0.0,0.0,"solar2_v,lipo2_v"
2020-10-10T00:00:00Z,30.0,30.0,,,0.657,0.866,,,,,,,,,,,3.191,3.184,3.199,,,,201.9,0.0,0.0,,,,,287.333,281.0,294.0,,,0.0,20.0,49.0,0.0,30.0,0.0,0.0,0.0,0.0,30.0,0.0,0.0,0.0,30.0,0.0,0.0,0.0,0.0,0.0,"solar2_v,lipo2_v"
2020-10-10T01:00:00Z,29.0,29.0,,,0.994,1.246,,,,,,,,,,,3.18,3.173,3.184,,,,197.31,0.0,0.0,,,,,300.552,293.0,306.0,,,0.0,50.0,78.0,0.0,29.0,0.0,0.0,0.0,0.0,29.0,0.0,0.0,0.0,29.0,0.0,0.0,0.0,0.0,0.0,"solar2_v,lipo2_v"
2020-10-10T02:00:00Z,28.0,28.0,,,1.502,1.754,,,,,,,,,,,3.159,3.133,3.173,,,,189.25,0.0,0.0,,,,,320.679,305.0,327.0,,,0.0,1.0,101.0,0.0,28.0,0.0,0.0,0.0,0.0,28.0,0.0,0.0,0.0,28.0,0.0,0.0,0.0,0.0,0.0,"solar2_v,lipo2_v"
2020-10-10T03:00:00Z,30.0,30.0,,,1.504,1.884,,,,,,,,,,,3.124,3.112,3.133,,,,174.967,0.0,0.0,,,,,328.467,326.0,340.0,,,0.0,1.0,1.0,0.0,30.0,0.0,0.0,0.0,0.0,30.0,0.0,0.0,0.0,30.0,0.0,0.0,0.0,0.0,0.0,"solar2_v,lipo2_v"
2020-10-10T04:00:00Z,28.0,28.0,,,1.263,1.861,,,,,,,,,,,3.099,3.083,3.112,,,,169.25,0.0,0.0,,,,,345.143,327.0,354.0,,,0.0,1.0,1.0,0.0,28.0,0.0,0.0,0.0,0.0,28.0,0.0,0.0,0.0,28.0,0.0,0.0,0.0,0.0,0.0,"solar2_v,lipo2_v"
2020-10-10T05:00:00Z,28.0,28.0,,,1.325,1.887,,,,,,,,,,,3.07,3.054,3.083,,,,168.393,0.0,0.0,,,,,306.036,286.0,326.0,,,0.0,1.0,1.0,0.0,26.0,0.0,0.0,0.0,0.0,28.0,0.0,0.0,0.0,28.0,0.0,0.0,0.0,0.0,0.0,"solar2_v,lipo2_v"
2020-10-10T06:00:00Z,27.0,27.0,,,0.408,0.61,,,,,,,,,,,3.034,3.019,3.054,,,,163.296,0.0,0.0,,,,,289.333,273.0,313.0,,,0.0,1.0,1.0,0.0,22.0,0.0,0.0,0.0,0.0,27.0,0.0,0.0,0.0,27.0,0.0,0.0,0.0,0.0,0.0,"solar2_v,lipo2_v"
2020-10-10T07:00:00Z,26.0,26.0,,,0.496,0.641,,,,,,,,,,,2.991,2.973,3.016,,,,156.038,0.0,0.0,,,,,535.846,273.0,599.0,,,0.0,1.0,1.0,0.0,26.0,0.0,0.0,0.0,0.0,26.0,0.0,0.0,0.0,26.0,0.0,0.0,0.0,0.0,0.0,"solar2_v,lipo2_v"
2020-10-10T08:00:00Z,29.0,29.0,,,0.64,0.739,,,,,,,,,,,2.948,2.923,2.971,,,,155.0,0.0,0.0,,,,,597.897,594.0,599.0,,,0.0,1.0,1.0,0.0,29.0,0.0,0.0,0.0,0.0,29.0,0.0,0.0,0.0,29.0,0.0,0.0,0.0,0.0,0.0,"solar2_v,lipo2_v"
2020-10-10T09:00:00Z,5.0,5.0,,,0.462,0.472,,,,,,,,,,,2.918,2.915,2.92,,,,155.0,0.0,0.0,,,,,593.2,592.0,594.0,,,0.0,1.0,1.0,0.0,5.0,0.0,0.0,0.0,0.0,5.0,0.0,0.0,0.0,5.0,0.0,0.0,0.0,0.0,0.0,"solar2_v,lipo2_v"
2020-10-12T12:00:00Z,12.0,12.0,,,0.0,0.0,,,,,,,,,,,3.529,2.818,3.747,,,,226.833,0.0,0.0,,,,,326.917,301.0,340.0,,,0.0,2.0,15.0,0.0,0.0,0.0,0.0,0.0,0.0,12.0,0.0,0.0,0.0,12.0,0.0,0.0,0.0,0.0,0.0,"solar2_v,lipo2_v"
2020-10-12T13:00:00Z,30.0,30.0,,,0.0,0.0,,,,,,,,,,,3.917,3.758,4.036,,,,231.833,0.0,0.0,,,,,338.133,335.0,340.0,,,0.0,16.0,45.0,0.0,0.0,0.0,0.0,0.0,0.0,30.0,0.0,0.0,0.0,30.0,0.0,0.0,0.0,0.0,0.0,"solar2_v,lipo2_v"
2020-10-12T14:00:00Z,28.0,28.0,,,0.0,0.0,,,,,,,,,,,4.097,4.042,4.135,,,,233.893,0.0,0.0,,,,,334.929,331.0,337.0,,,0.0,46.0,74.0,0.0,0.0,0.0,0.0,0.0,0.0,28.0,0.0,0.0,0.0,28.0,0.0,0.0,0.0,0.0,0.0,"solar2_v,lipo2_v"
2020-10-12T15:00:00Z,30.0,30.0,,,0.0,0.0,,,,,,,,,,,4.147,4.135,4.159,,,,232.267,0.0,0.0,,,,,327.2,325.0,331.0,,,0.0,75.0,104.0,0.0,0.0,0.0,0.0,0.0,0.0,30.0,0.0,0.0,0.0,30.0,0.0,0.0,0.0,0.0,0.0,"solar2_v,lipo2_v"
2020-10-12T16:00:00Z,29.0,29.0,,,0.0,0.0,,,,,,,,,,,4.173,4.163,4.184,,,,229.552,0.0,0.0,,,,,320.828,316.0,325.0,,,0.0,105.0,133.0,0.0,0.0,0.0,0.0,0.0,0.0,29.0,0.0,0.0,0.0,29.0,0.0,0.0,0.0,0.0,0.0,"solar2_v,lipo2_v"
2020-10-12T17:00:00Z,30.0,30.0,,,0.0,0.0,,,,,,,,,,,4.18,4.163,4.189,,,,236.233,0.0,0.0,,,,,314.533,313.0,316.0,,,0.0,134.0,163.0,0.0,0.0,0.0,0.0,0.0,0.0,30.0,0.0,0.0,0.0,30.0,0.0,0.0,0.0,0.0,0.0,"solar2_v,lipo2_v"
2020-10-12T18:00:00Z,29.0,29.0,,,0.0,0.0,,,,,,,,,,,4.157,4.153,4.163,,,,235.138,0.0,0.0,,,,,311.31,310.0,313.0,,,0.0,164.0,192.0,0.0,0.0,0.0,0.0,0.0,0.0,29.0,0.0,0.0,0.0,29.0,0.0,0.0,0.0,0.0,0.0,"solar2_v,lipo2_v"
2020-10-12T19:00:00Z,30.0,30.0,,,0.0,0.0,,,,,,,,,,,4.151,4.148,4.154,,,,228.267,0.0,0.0,,,,,309.1,308.0,311.0,,,0.0,193.0,222.0,0.0,0.0,0.0,0.0,0.0,0.0,30.0,0.0,0.0,0.0,30.0,0.0,0.0,0.0,0.0,0.0,"solar2_v,lipo2_v"
2020-10-12T20:00:00Z,29.0,29.0,,,0.0,0.0,,,,,,,,,,,4.147,4.144,4.149,,,,230.207,0.0,0.0,,,,,307.897,307.0,309.0,,,0.0,223.0,251.0,0.0,0.0,0.0,0.0,0.0,0.0,29.0,0.0,0.0,0.0,29.0,0.0,0.0,0.0,0.0,0.0,"solar2_v,lipo2_v"
2020-10-12T21:00:00Z,30.0,30.0,,,0.0,0.0,,,,,,,,,,,4.144,4.143,4.146,,,,231.6,0.0,0.0,,,,,307.267,306.0,308.0,,,0.0,252.0,281.0,0.0,0.0,0.0,0.0,0.0,0.0,30.0,0.0,0.0,0.0,30.0,0.0,0.0,0.0,0.0,0.0,"solar2_v,lipo2_v"
2020-10-12T22:00:00Z,29.0,29.0,,,0.0,0.0,,,,,,,,,,,4.143,4.141,4.144,,,,233.448,0.0,0.0,,,,,306.759,306.0,307.0,,,0.0,282.0,310.0,0.0,0.0,0.0,0.0,0.0,0.0,29.0,0.0,0.0,0.0,29.0,0.0,0.0,0.0,0.0,0.0,"solar2_v,lipo2_v"
2020-10-12T23:00:00Z,29.0,29.0,,,0.0,0.0,,,,,,,,,,,4.142,4.138,4.144,,,,236.862,0.0,0.0,,,,,306.138,306.0,307.0,,,0.0,311.0,339.0,0.0,0.0,0.0,0.0,0.0,0.0,29.0,0.0,0.0,0.0,29.0,0.0,0.0,0.0,0.0,0.0,"solar2_v,lipo2_v"
2020-10-13T00:00:00Z,30.0,30.0,,,0.239,0.989,,,,,,,,,,,4.137,4.133,4.141,,,,230.3,0.0,0.0,,,,,306.467,304.0,312.0,,,0.0,340.0,369.0,0.0,11.0,0.0,0.0,0.0,0.0,30.0,0.0,0.0,0.0,30.0,0.0,0.0,0.0,0.0,0.0,"solar2_v,lipo2_v"
2020-10-13T01:00:00Z,12.0,12.0,,,1.254,1.402,,,,,,,,,,,4.132,4.131,4.133,,,,230.25,0.0,0.0,,,,,316.5,309.0,325.0,,,0.0,371.0,382.0,0.0,12.0,0.0,0.0,0.0,0.0,12.0,0.0,0.0,0.0,12.0,0.0,0.0,0.0,0.0,0.0,"solar2_v,lipo2_v"
2020-10-13T02:00:00Z,23.0,23.0,,,1.492,1.646,,,,,,,,,,,4.123,4.12,4.125,,,,227.696,0.0,0.0,,,,,343.435,333.0,355.0,,,0.0,400.0,424.0,0.0,23.0,0.0,0.0,0.0,0.0,23.0,0.0,0.0,0.0,23.0,0.0,0.0,0.0,0.0,0.0,"solar2_v,lipo2_v"
2020-10-13T03:00:00Z,30.0,30.0,,,1.316,1.809,,,,,,,,,,,4.121,4.118,4.125,,,,226.733,0.0,0.0,,,,,353.133,345.0,365.0,,,0.0,425.0,454.0,0.0,30.0,0.0,0.0,0.0,0.0,30.0,0.0,0.0,0.0,30.0,0.0,0.0,0.0,0.0,0.0,"solar2_v,lipo2_v"
2020-10-13T04:00:00Z,28.0,28.0,,,1.409,1.941,,,,,,,,,,,4.119,4.118,4.121,,,,227.071,0.0,0.0,,,,,352.929,343.0,358.0,,,0.0,455.0,483.0,0.0,28.0,0.0,0.0,0.0,0.0,28.0,0.0,0.0,0.0,28.0,0.0,0.0,0.0,0.0,0.0,"solar2_v,lipo2_v"
2020-10-13T05:00:00Z,30.0,30.0,,,1.45,1.941,,,,,,,,,,,4.117,4.116,4.12,,,,225.267,0.0,0.0,,,,,372.7,356.0,391.0,,,0.0,484.0,513.0,0.0,30.0,0.0,0.0,0.0,0.0,30.0,0.0,0.0,0.0,30.0,0.0,0.0,0.0,0.0,0.0,"solar2_v,lipo2_v"
2020-10-13T06:00:00Z,28.0,28.0,,,1.125,1.495,,,,,,,,,,,4.115,4.113,4.118,,,,226.714,0.0,0.0,,,,,357.786,351.0,376.0,,,0.0,514.0,542.0,0.0,28.0,0.0,0.0,0.0,0.0,28.0,0.0,0.0,0.0,28.0,0.0,0.0,0.0,0.0,0.0,"solar2_v,lipo2_v"
2020-10-13T07:00:00Z,27.0,27.0,,,0.815,1.198,,,,,,,,,,,4.111,4.108,4.113,,,,227.926,0.0,0.0,,,,,339.333,327.0,350.0,,,0.0,543.0,571.0,0.0,27.0,0.0,0.0,0.0,0.0,27.0,0.0,0.0,0.0,27.0,0.0,0.0,0.0,0.0,0.0,"solar2_v,lipo2_v"
2020-10-13T08:00:00Z,30.0,30.0,,,0.55,0.734,,,,,,,,,,,4.109,4.106,4.111,,,,229.567,0.0,0.0,,,,,320.867,318.0,327.0,,,0.0,572.0,601.0,0.0,30.0,0.0,0.0,0.0,0.0,30.0,0.0,0.0,0.0,30.0,0.0,0.0,0.0,0.0,0.0,"solar2_v,lipo2_v"
2020-10-13T09:00:00Z,28.0,28.0,,,0.121,0.524,,,,,,,,,,,4.107,4.105,4.11,,,,231.143,0.0,0.0,,,,,308.857,296.0,318.0,,,0.0,602.0,630.0,0.0,8.0,0.0,0.0,0.0,0.0,28.0,0.0,0.0,0.0,28.0,0.0,0.0,0.0,0.0,0.0,"solar2_v,lipo2_v"
2020-10-13T10:00:00Z,26.0,26.0,,,0.0,0.0,,,,,,,,,,,4.105,4.105,4.106,,,,233.423,0.0,0.0,,,,,290.577,288.0,295.0,,,0.0,631.0,660.0,0.0,0.0,0.0,0.0,0.0,0.0,26.0,0.0,0.0,0.0,26.0,0.0,0.0,0.0,0.0,0.0,"solar2_v,lipo2_v"
2020-10-13T11:00:00Z,29.0,29.0,,,0.0,0.0,,,,,,,,,,,4.104,4.103,4.105,,,,233.276,0.0,0.0,,,,,291.241,289.0,293.0,,,0.0,661.0,689.0,0.0,0.0,0.0,0.0,0.0,0.0,29.0,0.0,0.0,0.0,29.0,0.0,0.0,0.0,0.0,0.0,"solar2_v,lipo2_v"
2020-10-13T12:00:00Z,30.0,30.0,,,0.0,0.0,,,,,,,,,,,4.103,4.1,4.105,,,,233.367,0.0,0.0,,,,,289.067,286.0,291.0,,,0.0,690.0,719.0,0.0,0.0,0.0,0.0,0.0,0.0,30.0,0.0,0.0,0.0,30.0,0.0,0.0,0.0,0.0,0.0,"solar2_v,lipo2_v"
2020-10-13T13:00:00Z,29.0,29.0,,,0.0,0.0,,,,,,,,,,,4.101,4.098,4.103,,,,233.517,0.0,0.0,,,,,286.207,286.0,287.0,,,0.0,720.0,748.0,0.0,0.0,0.0,0.0,0.0,0.0,29.0,0.0,0.0,0.0,29.0,0.0,0.0,0.0,0.0,0.0,"solar2_v,lipo2_v"
2020-10-13T14:00:00Z,29.0,29.0,,,0.0,0.0,,,,,,,,,,,4.098,4.095,4.1,,,,233.448,0.0,0.0,,,,,286.586,286.0,287.0,,,0.0,749.0,777.0,0.0,0.0,0.0,0.0,0.0,0.0,29.0,0.0,0.0,0.0,29.0,0.0,0.0,0.0,0.0,0.0,"solar2_v,lipo2_v"
2020-10-13T15:00:00Z,30.0,30.0,,,0.0,0.0,,,,,,,,,,,4.097,4.093,4.1,,,,233.4,0.0,0.0,,,,,286.533,286.0,287.0,,,0.0,778.0,807.0,0.0,0.0,0.0,0.0,0.0,0.0,30.0,0.0,0.0,0.0,30.0,0.0,0.0,0.0,0.0,0.0,"solar2_v,lipo2_v"
2020-10-13T16:00:00Z,29.0,29.0,,,0.0,0.0,,,,,,,,,,,4.095,4.093,4.097,,,,233.276,0.0,0.0,,,,,289.448,287.0,291.0,,,0.0,808.0,836.0,0.0,0.0,0.0,0.0,0.0,0.0,29.0,0.0,0.0,0.0,29.0,0.0,0.0,0.0,0.0,0.0,"solar2_v,lipo2_v"
2020-10-13T17:00:00Z,29.0,29.0,,,0.0,0.0,,,,,,,,,,,4.093,4.09,4.097,,,,233.379,0.0,0.0,,,,,286.103,279.0,291.0,,,0.0,837.0,866.0,0.0,0.0,0.0,0.0,0.0,0.0,29.0,0.0,0.0,0.0,29.0,0.0,0.0,0.0,0.0,0.0,"solar2_v,lipo2_v"
2020-10-13T18:00:00Z,29.0,29.0,,,0.0,0.0,,,,,,,,,,,4.092,4.09,4.093,,,,233.759,0.0,0.0,,,,,280.345,277.0,284.0,,,0.0,867.0,895.0,0.0,0.0,0.0,0.0,0.0,0.0,29.0,0.0,0.0,0.0,29.0,0.0,0.0,0.0,0.0,0.0,"solar2_v,lipo2_v"
2020-10-13T19:00:00Z,30.0,30.0,,,0.0,0.0,,,,,,,,,,,4.092,4.09,4.093,,,,233.633,0.0,0.0,,,,,283.833,282.0,286.0,,,0.0,896.0,925.0,0.0,0.0,0.0,0.0,0.0,0.0,30.0,0.0,0.0,0.0,30.0,0.0,0.0,0.0,0.0,0.0,"solar2_v,lipo2_v"
2020-10-13T20:00:00Z,29.0,29.0,,,0.0,0.0,,,,,,,,,,,4.091,4.088,4.093,,,,233.552,0.0,0.0,,,,,284.655,281.0,286.0,,,0.0,926.0,954.0,0.0,0.0,0.0,0.0,0.0,0.0,29.0,0.0,0.0,0.0,29.0,0.0,0.0,0.0,0.0,0.0,"solar2_v,lipo2_v"
2020-10-13T21:00:00Z,30.0,30.0,,,0.0,0.0,,,,,,,,,,,4.088,4.087,4.09,,,,234.8,0.0,0.0,,,,,274.033,272.0,281.0,,,0.0,955.0,984.0,0.0,0.0,0.0,0.0,0.0,0.0,30.0,0.0,0.0,0.0,30.0,0.0,0.0,0.0,0.0,0.0,"solar2_v,lipo2_v"
2020-10-13T22:00:00Z,29.0,29.0,,,0.0,0.0,,,,,,,,,,,4.087,4.085,4.09,,,,234.724,0.0,0.0,,,,,273.345,272.0,274.0,,,0.0,985.0,1013.0,0.0,0.0,0.0,0.0,0.0,0.0,29.0,0.0,0.0,0.0,29.0,0.0,0.0,0.0,0.0,0.0,"solar2_v,lipo2_v"
2020-10-13T23:00:00Z,30.0,30.0,,,0.0,0.0,,,,,,,,,,,4.087,4.085,4.088,,,,234.633,0.0,0.0,,,,,274.1,273.0,276.0,,,0.0,1014.0,1043.0,0.0,0.0,0.0,0.0,0.0,0.0,30.0,0.0,0.0,0.0,30.0,0.0,0.0,0.0,0.0,0.0,"solar2_v,lipo2_v"
2020-10-14T00:00:00Z,28.0,28.0,,,0.479,0.802,,,,,,,,,,,4.085,4.083,4.087,,,,233.786,0.0,0.0,,,,,282.75,277.0,291.0,,,0.0,1044.0,1072.0,0.0,23.0,0.0,0.0,0.0,0.0,28.0,0.0,0.0,0.0,28.0,0.0,0.0,0.0,0.0,0.0,"solar2_v,lipo2_v"
2020-10-14T01:00:00Z,29.0,29.0,,,0.563,0.962,,,,,,,,,,,4.084,4.082,4.085,,,,233.0,0.0,0.0,,,,,291.828,289.0,295.0,,,0.0,1073.0,1101.0,0.0,29.0,0.0,0.0,0.0,0.0,29.0,0.0,0.0,0.0,29.0,0.0,0.0,0.0,0.0,0.0,"solar2_v,lipo2_v"
2020-10-14T02:00:00Z,29.0,29.0,,,0.49,0.916,,,,,,,,,,,4.083,4.082,4.085,,,,233.345,0.0,0.0,,,,,291.138,283.0,298.0,,,0.0,1102.0,1131.0,0.0,23.0,0.0,0.0,0.0,0.0,29.0,0.0,0.0,0.0,29.0,0.0,0.0,0.0,0.0,0.0,"solar2_v,lipo2_v"
2020-10-14T03:00:00Z,29.0,29.0,,,0.715,1.095,,,,,,,,,,,4.082,4.082,4.083,,,,233.172,0.0,0.0,,,,,289.0,285.0,295.0,,,0.0,1132.0,1160.0,0.0,28.0,0.0,0.0,0.0,0.0,29.0,0.0,0.0,0.0,29.0,0.0,0.0,0.0,0.0,0.0,"solar2_v,lipo2_v"
2020-10-14T04:00:00Z,28.0,28.0,,,1.018,1.415,,,,,,,,,,,4.082,4.082,4.083,,,,233.0,0.0,0.0,,,,,292.5,284.0,301.0,,,0.0,1161.0,1190.0,0.0,28.0,0.0,0.0,0.0,0.0,28.0,0.0,0.0,0.0,28.0,0.0,0.0,0.0,0.0,0.0,"solar2_v,lipo2_v"
2020-10-14T05:00:00Z,29.0,29.0,,,0.845,1.313,,,,,,,,,,,4.082,4.08,4.082,,,,232.379,0.0,0.0,,,,,299.241,295.0,301.0,,,0.0,1191.0,1219.0,0.0,29.0,0.0,0.0,0.0,0.0,29.0,0.0,0.0,0.0,29.0,0.0,0.0,0.0,0.0,0.0,"solar2_v,lipo2_v"
2020-10-14T06:00:00Z,29.0,29.0,,,0.112,0.434,,,,,,,,,,,4.081,4.08,4.082,,,,234.0,0.0,0.0,,,,,281.345,275.0,294.0,,,0.0,1220.0,1249.0,0.0,8.0,0.0,0.0,0.0,0.0,29.0,0.0,0.0,0.0,29.0,0.0,0.0,0.0,0.0,0.0,"solar2_v,lipo2_v"
2020-10-14T07:00:00Z,27.0,27.0,,,0.0,0.0,,,,,,,,,,,4.08,4.08,4.08,,,,235.037,0.0,0.0,,,,,273.0,272.0,275.0,,,0.0,1250.0,1278.0,0.0,0.0,0.0,0.0,0.0,0.0,27.0,0.0,0.0,0.0,27.0,0.0,0.0,0.0,0.0,0.0,"solar2_v,lipo2_v"
2020-10-14T08:00:00Z,30.0,30.0,,,0.021,0.324,,,,,,,,,,,4.08,4.078,4.08,,,,235.467,0.0,0.0,,,,,272.8,272.0,274.0,,,0.0,1279.0,1308.0,0.0,2.0,0.0,0.0,0.0,0.0,30.0,0.0,0.0,0.0,30.0,0.0,0.0,0.0,0.0,0.0,"solar2_v,lipo2_v"
2020-10-14T09:00:00Z,29.0,29.0,,,0.0,0.0,,,,,,,,,,,4.079,4.078,4.08,,,,234.621,0.0,0.0,,,,,274.0,274.0,274.0,,,0.0,1309.0,1337.0,0.0,0.0,0.0,0.0,0.0,0.0,29.0,0.0,0.0,0.0,29.0,0.0,0.0,0.0,0.0,0.0,"solar2_v,lipo2_v"
2020-10-14T10:00:00Z,29.0,29.0,,,0.0,0.0,,,,,,,,,,,4.078,4.075,4.08,,,,234.793,0.0,0.0,,,,,274.034,274.0,275.0,,,0.0,1338.0,1366.0,0.0,0.0,0.0,0.0,0.0,0.0,29.0,0.0,0.0,0.0,29.0,0.0,0.0,0.0,0.0,0.0,"solar2_v,lipo2_v"
2020-10-14T11:00:00Z,29.0,29.0,,,0.0,0.0,,,,,,,,,,,4.077,4.075,4.078,,,,234.862,0.0,0.0,,,,,274.0,274.0,274.0,,,0.0,1368.0,1396.0,0.0,0.0,0.0,0.0,0.0,0.0,29.0,0.0,0.0,0.0,29.0,0.0,0.0,0.0,0.0,0.0,"solar2_v,lipo2_v"
2020-10-14T12:00:00Z,28.0,28.0,,,0.0,0.0,,,,,,,,,,,4.077,4.075,4.078,,,,234.643,0.0,0.0,,,,,274.107,273.0,276.0,,,0.0,1397.0,1424.0,0.0,0.0,0.0,0.0,0.0,0.0,28.0,0.0,0.0,0.0,28.0,0.0,0.0,0.0,0.0,0.0,"solar2_v,lipo2_v"
2020-10-14T13:00:00Z,29.0,29.0,,,0.0,0.0,,,,,,,,,,,4.076,4.073,4.078,,,,234.621,0.0,0.0,,,,,278.207,277.0,280.0,,,0.0,1427.0,1455.0,0.0,0.0,0.0,0.0,0.0,0.0,29.0,0.0,0.0,0.0,29.0,0.0,0.0,0.0,0.0,0.0,"solar2_v,lipo2_v"
2020-10-14T14:00:00Z,28.0,28.0,,,0.0,0.0,,,,,,,,,,,4.075,4.073,4.077,,,,234.036,0.0,0.0,,,,,278.0,277.0,279.0,,,0.0,1456.0,1484.0,0.0,0.0,0.0,0.0,0.0,0.0,28.0,0.0,0.0,0.0,28.0,0.0,0.0,0.0,0.0,0.0,"solar2_v,lipo2_v"
2020-10-14T15:00:00Z,30.0,30.0,,,0.0,0.0,,,,,,,,,,,4.073,4.069,4.075,,,,234.367,0.0,0.0,,,,,277.133,275.0,279.0,,,0.0,1485.0,1514.0,0.0,0.0,0.0,0.0,0.0,0.0,30.0,0.0,0.0,0.0,30.0,0.0,0.0,0.0,0.0,0.0,"solar2_v,lipo2_v"
2020-10-14T16:00:00Z,29.0,29.0,,,0.0,0.0,,,,,,,,,,,4.073,4.07,4.075,,,,234.552,0.0,0.0,,,,,276.931,276.0,278.0,,,0.0,1515.0,1543.0,0.0,0.0,0.0,0.0,0.0,0.0,29.0,0.0,0.0,0.0,29.0,0.0,0.0,0.0,0.0,0.0,"solar2_v,lipo2_v"
2020-10-14T17:00:00Z,30.0,30.0,,,0.0,0.0,,,,,,,,,,,4.072,4.07,4.073,,,,234.067,0.0,0.0,,,,,281.067,277.0,283.0,,,0.0,1544.0,1573.0,0.0,0.0,0.0,0.0,0.0,0.0,30.0,0.0,0.0,0.0,30.0,0.0,0.0,0.0,0.0,0.0,"solar2_v,lipo2_v"
2020-10-14T18:00:00Z,29.0,29.0,,,0.0,0.0,,,,,,,,,,,4.072,4.07,4.073,,,,233.69,0.0,0.0,,,,,283.621,280.0,286.0,,,0.0,1574.0,1602.0,0.0,0.0,0.0,0.0,0.0,0.0,29.0,0.0,0.0,0.0,29.0,0.0,0.0,0.0,0.0,0.0,"solar2_v,lipo2_v"
2020-10-14T19:00:00Z,30.0,30.0,,,0.0,0.0,,,,,,,,,,,4.072,4.069,4.073,,,,233.733,0.0,0.0,,,,,282.233,280.0,284.0,,,0.0,1603.0,1632.0,0.0,0.0,0.0,0.0,0.0,0.0,30.0,0.0,0.0,0.0,30.0,0.0,0.0,0.0,0.0,0.0,"solar2_v,lipo2_v"
2020-10-14T20:00:00Z,29.0,29.0,,,0.0,0.0,,,,,,,,,,,4.07,4.069,4.072,,,,233.931,0.0,0.0,,,,,280.138,279.0,281.0,,,0.0,1633.0,1661.0,0.0,0.0,0.0,0.0,0.0,0.0,29.0,0.0,0.0,0.0,29.0,0.0,0.0,0.0,0.0,0.0,"solar2_v,lipo2_v"
2020-10-14T21:00:00Z,29.0,29.0,,,0.0,0.0,,,,,,,,,,,4.068,4.067,4.07,,,,234.172,0.0,0.0,,,,,277.931,277.0,280.0,,,0.0,1662.0,1690.0,0.0,0.0,0.0,0.0,0.0,0.0,29.0,0.0,0.0,0.0,29.0,0.0,0.0,0.0,0.0,0.0,"solar2_v,lipo2_v"
2020-10-14T22:00:00Z,29.0,29.0,,,0.0,0.0,,,,,,,,,,,4.067,4.065,4.069,,,,234.586,0.0,0.0,,,,,277.862,277.0,279.0,,,0.0,1691.0,1720.0,0.0,0.0,0.0,0.0,0.0,0.0,29.0,0.0,0.0,0.0,29.0,0.0,0.0,0.0,0.0,0.0,"solar2_v,lipo2_v"
2020-10-14T23:00:00Z,29.0,29.0,,,0.095,0.506,,,,,,,,,,,4.067,4.064,4.069,,,,234.069,0.0,0.0,,,,,281.0,277.0,287.0,,,0.0,1721.0,1749.0,0.0,6.0,0.0,0.0,0.0,0.0,29.0,0.0,0.0,0.0,29.0,0.0,0.0,0.0,0.0,0.0,"solar2_v,lipo2_v"
2020-10-15T00:00:00Z,30.0,30.0,,,0.541,0.867,,,,,,,,,,,4.066,4.064,4.069,,,,232.8,0.0,0.0,,,,,293.7,287.0,299.0,,,0.0,1750.0,1779.0,0.0,29.0,0.0,0.0,0.0,0.0,30.0,0.0,0.0,0.0,30.0,0.0,0.0,0.0,0.0,0.0,"solar2_v,lipo2_v"
2020-10-15T01:00:00Z,27.0,27.0,,,1.008,1.494,,,,,,,,,,,4.067,4.065,4.069,,,,231.481,0.0,0.0,,,,,308.333,294.0,330.0,,,0.0,1780.0,1808.0,0.0,27.0,0.0,0.0,0.0,0.0,27.0,0.0,0.0,0.0,27.0,0.0,0.0,0.0,0.0,0.0,"solar2_v,lipo2_v"
2020-10-15T02:00:00Z,29.0,29.0,,,1.269,1.731,,,,,,,,,,,4.067,4.065,4.069,,,,227.759,0.0,0.0,,,,,339.379,331.0,350.0,,,0.0,1809.0,1838.0,0.0,29.0,0.0,0.0,0.0,0.0,29.0,0.0,0.0,0.0,29.0,0.0,0.0,0.0,0.0,0.0,"solar2_v,lipo2_v"
2020-10-15T03:00:00Z,29.0,29.0,,,1.15,1.704,,,,,,,,,,,4.067,4.065,4.07,,,,227.448,0.0,0.0,,,,,343.483,331.0,353.0,,,0.0,1839.0,1867.0,0.0,29.0,0.0,0.0,0.0,0.0,29.0,0.0,0.0,0.0,29.0,0.0,0.0,0.0,0.0,0.0,"solar2_v,lipo2_v"
2020-10-15T04:00:00Z,29.0,29.0,,,1.058,1.64,,,,,,,,,,,4.066,4.064,4.067,,,,225.724,0.0,0.0,,,,,362.207,342.0,377.0,,,0.0,1868.0,1897.0,0.0,29.0,0.0,0.0,0.0,0.0,29.0,0.0,0.0,0.0,29.0,0.0,0.0,0.0,0.0,0.0,"solar2_v,lipo2_v"
2020-10-15T05:00:00Z,29.0,29.0,,,1.037,1.899,,,,,,,,,,,4.064,4.06,4.067,,,,225.276,0.0,0.0,,,,,368.483,343.0,380.0,,,0.0,1898.0,1926.0,0.0,29.0,0.0,0.0,0.0,0.0,29.0,0.0,0.0,0.0,29.0,0.0,0.0,0.0,0.0,0.0,"solar2_v,lipo2_v"
2020-10-15T06:00:00Z,27.0,27.0,,,1.053,1.487,,,,,,,,,,,4.063,4.06,4.064,,,,226.148,0.0,0.0,,,,,360.148,344.0,367.0,,,0.0,1927.0,1955.0,0.0,27.0,0.0,0.0,0.0,0.0,27.0,0.0,0.0,0.0,27.0,0.0,0.0,0.0,0.0,0.0,"solar2_v,lipo2_v"
2020-10-15T07:00:00Z,27.0,27.0,,,0.777,1.184,,,,,,,,,,,4.062,4.06,4.064,,,,224.63,0.0,0.0,,,,,372.963,335.0,394.0,,,0.0,1956.0,1985.0,0.0,26.0,0.0,0.0,0.0,0.0,27.0,0.0,0.0,0.0,27.0,0.0,0.0,0.0,0.0,0.0,"solar2_v,lipo2_v"
2020-10-15T08:00:00Z,29.0,29.0,,,0.448,0.813,,,,,,,,,,,4.059,4.055,4.062,,,,230.586,0.0,0.0,,,,,313.207,301.0,334.0,,,0.0,1986.0,2014.0,0.0,25.0,0.0,0.0,0.0,0.0,29.0,0.0,0.0,0.0,29.0,0.0,0.0,0.0,0.0,0.0,"solar2_v,lipo2_v"
2020-10-15T09:00:00Z,28.0,28.0,,,0.158,0.811,,,,,,,,,,,4.057,4.055,4.06,,,,231.643,0.0,0.0,,,,,303.929,301.0,307.0,,,0.0,2015.0,2044.0,0.0,7.0,0.0,0.0,0.0,0.0,28.0,0.0,0.0,0.0,28.0,0.0,0.0,0.0,0.0,0.0,"solar2_v,lipo2_v"
2020-10-15T10:00:00Z,28.0,28.0,,,0.0,0.0,,,,,,,,,,,4.057,4.055,4.059,,,,232.393,0.0,0.0,,,,,299.929,297.0,301.0,,,0.0,2045.0,2073.0,0.0,0.0,0.0,0.0,0.0,0.0,28.0,0.0,0.0,0.0,28.0,0.0,0.0,0.0,0.0,0.0,"solar2_v,lipo2_v"
2020-10-15T11:00:00Z,30.0,30.0,,,0.0,0.0,,,,,,,,,,,4.056,4.054,4.057,,,,233.167,0.0,0.0,,,,,293.4,287.0,299.0,,,0.0,2074.0,2103.0,0.0,0.0,0.0,0.0,0.0,0.0,30.0,0.0,0.0,0.0,30.0,0.0,0.0,0.0,0.0,0.0,"solar2_v,lipo2_v"
2020-10-15T12:00:00Z,26.0,26.0,,,0.0,0.0,,,,,,,,,,,4.055,4.052,4.057,,,,233.269,0.0,0.0,,,,,285.385,282.0,287.0,,,0.0,2104.0,2132.0,0.0,0.0,0.0,0.0,0.0,0.0,26.0,0.0,0.0,0.0,26.0,0.0,0.0,0.0,0.0,0.0,"solar2_v,lipo2_v"
2020-10-15T13:00:00Z,29.0,29.0,,,0.0,0.0,,,,,,,,,,,4.053,4.052,4.054,,,,233.897,0.0,0.0,,,,,280.276,275.0,285.0,,,0.0,2133.0,2161.0,0.0,0.0,0.0,0.0,0.0,0.0,29.0,0.0,0.0,0.0,29.0,0.0,0.0,0.0,0.0,0.0,"solar2_v,lipo2_v"
2020-10-15T14:00:00Z,29.0,29.0,,,0.0,0.0,,,,,,,,,,,4.053,4.052,4.055,,,,234.552,0.0,0.0,,,,,275.966,275.0,277.0,,,0.0,2162.0,2191.0,0.0,0.0,0.0,0.0,0.0,0.0,29.0,0.0,0.0,0.0,29.0,0.0,0.0,0.0,0.0,0.0,"solar2_v,lipo2_v"
2020-10-15T15:00:00Z,28.0,28.0,,,0.0,0.0,,,,,,,,,,,4.052,4.05,4.054,,,,234.25,0.0,0.0,,,,,278.036,276.0,279.0,,,0.0,2193.0,2220.0,0.0,0.0,0.0,0.0,0.0,0.0,28.0,0.0,0.0,0.0,28.0,0.0,0.0,0.0,0.0,0.0,"solar2_v,lipo2_v"
2020-10-15T16:00:00Z,30.0,30.0,,,0.0,0.0,,,,,,,,,,,4.053,4.052,4.054,,,,234.233,0.0,0.0,,,,,278.9,277.0,281.0,,,0.0,2221.0,2250.0,0.0,0.0,0.0,0.0,0.0,0.0,30.0,0.0,0.0,0.0,30.0,0.0,0.0,0.0,0.0,0.0,"solar2_v,lipo2_v"
2020-10-15T17:00:00Z,29.0,29.0,,,0.0,0.0,,,,,,,,,,,4.051,4.05,4.052,,,,233.966,0.0,0.0,,,,,281.069,281.0,282.0,,,0.0,2251.0,2279.0,0.0,0.0,0.0,0.0,0.0,0.0,29.0,0.0,0.0,0.0,29.0,0.0,0.0,0.0,0.0,0.0,"solar2_v,lipo2_v"
2020-10-15T18:00:00Z,30.0,30.0,,,0.0,0.0,,,,,,,,,,,4.051,4.049,4.054,,,,234.167,0.0,0.0,,,,,280.667,280.0,282.0,,,0.0,2280.0,2309.0,0.0,0.0,0.0,0.0,0.0,0.0,30.0,0.0,0.0,0.0,30.0,0.0,0.0,0.0,0.0,0.0,"solar2_v,lipo2_v"
2020-10-15T19:00:00Z,29.0,29.0,,,0.0,0.0,,,,,,,,,,,4.051,4.049,4.052,,,,234.172,0.0,0.0,,,,,278.103,276.0,280.0,,,0.0,2310.0,2338.0,0.0,0.0,0.0,0.0,0.0,0.0,29.0,0.0,0.0,0.0,29.0,0.0,0.0,0.0,0.0,0.0,"solar2_v,lipo2_v"
2020-10-15T20:00:00Z,30.0,30.0,,,0.0,0.0,,,,,,,,,,,4.05,4.049,4.052,,,,234.8,0.0,0.0,,,,,274.6,274.0,276.0,,,0.0,2339.0,2368.0,0.0,0.0,0.0,0.0,0.0,0.0,30.0,0.0,0.0,0.0,30.0,0.0,0.0,0.0,0.0,0.0,"solar2_v,lipo2_v"
2020-10-15T21:00:00Z,29.0,29.0,,,0.0,0.0,,,,,,,,,,,4.049,4.047,4.052,,,,235.0,0.0,0.0,,,,,273.966,273.0,274.0,,,0.0,2369.0,2397.0,0.0,0.0,0.0,0.0,0.0,0.0,29.0,0.0,0.0,0.0,29.0,0.0,0.0,0.0,0.0,0.0,"solar2_v,lipo2_v"
2020-10-15T22:00:00Z,30.0,30.0,,,0.0,0.0,,,,,,,,,,,4.049,4.047,4.05,,,,234.933,0.0,0.0,,,,,275.467,274.0,277.0,,,0.0,2398.0,2427.0,0.0,0.0,0.0,0.0,0.0,0.0,30.0,0.0,0.0,0.0,30.0,0.0,0.0,0.0,0.0,0.0,"solar2_v,lipo2_v"
2020-10-15T23:00:00Z,29.0,29.0,,,0.069,0.341,,,,,,,,,,,4.048,4.045,4.05,,,,234.207,0.0,0.0,,,,,279.897,277.0,286.0,,,0.0,2428.0,2456.0,0.0,6.0,0.0,0.0,0.0,0.0,29.0,0.0,0.0,0.0,29.0,0.0,0.0,0.0,0.0,0.0,"solar2_v,lipo2_v"
2020-10-16T00:00:00Z,30.0,30.0,,,0.243,0.444,,,,,,,,,,,4.048,4.045,4.05,,,,233.533,0.0,0.0,,,,,286.567,286.0,287.0,,,0.0,2457.0,2486.0,0.0,19.0,0.0,0.0,0.0,0.0,30.0,0.0,0.0,0.0,30.0,0.0,0.0,0.0,0.0,0.0,"solar2_v,lipo2_v"
2020-10-16T01:00:00Z,28.0,28.0,,,0.634,0.882,,,,,,,,,,,4.048,4.045,4.05,,,,233.393,0.0,0.0,,,,,292.214,287.0,301.0,,,0.0,2487.0,2515.0,0.0,28.0,0.0,0.0,0.0,0.0,28.0,0.0,0.0,0.0,28.0,0.0,0.0,0.0,0.0,0.0,"solar2_v,lipo2_v"
2020-10-16T02:00:00Z,24.0,24.0,,,0.921,1.067,,,,,,,,,,,4.049,4.047,4.05,,,,231.458,0.0,0.0,,,,,308.792,301.0,314.0,,,0.0,2516.0,2544.0,0.0,24.0,0.0,0.0,0.0,0.0,24.0,0.0,0.0,0.0,24.0,0.0,0.0,0.0,0.0,0.0,"solar2_v,lipo2_v"
2020-10-16T03:00:00Z,30.0,30.0,,,1.278,1.863,,,,,,,,,,,4.048,4.047,4.05,,,,229.6,0.0,0.0,,,,,323.9,313.0,336.0,,,0.0,2545.0,2574.0,0.0,30.0,0.0,0.0,0.0,0.0,30.0,0.0,0.0,0.0,30.0,0.0,0.0,0.0,0.0,0.0,"solar2_v,lipo2_v"
2020-10-16T04:00:00Z,28.0,28.0,,,1.089,1.759,,,,,,,,,,,4.048,4.045,4.05,,,,230.036,0.0,0.0,,,,,323.5,313.0,330.0,,,0.0,2575.0,2603.0,0.0,28.0,0.0,0.0,0.0,0.0,28.0,0.0,0.0,0.0,28.0,0.0,0.0,0.0,0.0,0.0,"solar2_v,lipo2_v"
2020-10-16T05:00:00Z,30.0,30.0,,,1.226,1.694,,,,,,,,,,,4.047,4.045,4.049,,,,230.6,0.0,0.0,,,,,316.9,306.0,326.0,,,0.0,2604.0,2633.0,0.0,30.0,0.0,0.0,0.0,0.0,30.0,0.0,0.0,0.0,30.0,0.0,0.0,0.0,0.0,0.0,"solar2_v,lipo2_v"
2020-10-16T06:00:00Z,28.0,28.0,,,1.05,1.4,,,,,,,,,,,4.047,4.045,4.049,,,,229.536,0.0,0.0,,,,,322.536,315.0,327.0,,,0.0,2634.0,2662.0,0.0,27.0,0.0,0.0,0.0,0.0,28.0,0.0,0.0,0.0,28.0,0.0,0.0,0.0,0.0,0.0,"solar2_v,lipo2_v"
2020-10-16T07:00:00Z,28.0,28.0,,,0.451,1.215,,,,,,,,,,,4.046,4.044,4.049,,,,230.643,0.0,0.0,,,,,314.857,279.0,327.0,,,0.0,2663.0,2692.0,0.0,20.0,0.0,0.0,0.0,0.0,28.0,0.0,0.0,0.0,28.0,0.0,0.0,0.0,0.0,0.0,"solar2_v,lipo2_v"
2020-10-16T08:00:00Z,29.0,29.0,,,0.318,0.497,,,,,,,,,,,4.043,4.04,4.044,,,,234.793,0.0,0.0,,,,,276.138,274.0,278.0,,,0.0,2693.0,2721.0,0.0,23.0,0.0,0.0,0.0,0.0,29.0,0.0,0.0,0.0,29.0,0.0,0.0,0.0,0.0,0.0,"solar2_v,lipo2_v"
2020-10-16T09:00:00Z,28.0,28.0,,,0.0,0.0,,,,,,,,,,,4.042,4.04,4.045,,,,234.321,0.0,0.0,,,,,277.643,277.0,279.0,,,0.0,2722.0,2750.0,0.0,0.0,0.0,0.0,0.0,0.0,28.0,0.0,0.0,0.0,28.0,0.0,0.0,0.0,0.0,0.0,"solar2_v,lipo2_v"
2020-10-16T10:00:00Z,29.0,29.0,,,0.0,0.0,,,,,,,,,,,4.042,4.039,4.044,,,,234.345,0.0,0.0,,,,,277.379,275.0,279.0,,,0.0,2751.0,2780.0,0.0,0.0,0.0,0.0,0.0,0.0,29.0,0.0,0.0,0.0,29.0,0.0,0.0,0.0,0.0,0.0,"solar2_v,lipo2_v"
2020-10-16T11:00:00Z,28.0,28.0,,,0.0,0.0,,,,,,,,,,,4.041,4.037,4.042,,,,234.607,0.0,0.0,,,,,274.571,274.0,279.0,,,0.0,2782.0,2809.0,0.0,0.0,0.0,0.0,0.0,0.0,28.0,0.0,0.0,0.0,28.0,0.0,0.0,0.0,0.0,0.0,"solar2_v,lipo2_v"
2020-10-16T12:00:00Z,30.0,30.0,,,0.0,0.0,,,,,,,,,,,4.04,4.037,4.042,,,,234.6,0.0,0.0,,,,,275.167,274.0,279.0,,,0.0,2810.0,2839.0,0.0,0.0,0.0,0.0,0.0,0.0,30.0,0.0,0.0,0.0,30.0,0.0,0.0,0.0,0.0,0.0,"solar2_v,lipo2_v"
2020-10-16T13:00:00Z,28.0,28.0,,,0.0,0.0,,,,,,,,,,,4.04,4.037,4.044,,,,234.643,0.0,0.0,,,,,274.571,274.0,275.0,,,0.0,2840.0,2868.0,0.0,0.0,0.0,0.0,0.0,0.0,28.0,0.0,0.0,0.0,28.0,0.0,0.0,0.0,0.0,0.0,"solar2_v,lipo2_v"
2020-10-16T14:00:00Z,28.0,28.0,,,0.0,0.0,,,,,,,,,,,4.04,4.037,4.042,,,,234.679,0.0,0.0,,,,,274.571,274.0,275.0,,,0.0,2869.0,2897.0,0.0,0.0,0.0,0.0,0.0,0.0,28.0,0.0,0.0,0.0,28.0,0.0,0.0,0.0,0.0,0.0,"solar2_v,lipo2_v"
2020-10-16T15:00:00Z,29.0,29.0,,,0.0,0.0,,,,,,,,,,,4.039,4.037,4.04,,,,235.069,0.0,0.0,,,,,275.138,273.0,278.0,,,0.0,2898.0,2927.0,0.0,0.0,0.0,0.0,0.0,0.0,29.0,0.0,0.0,0.0,29.0,0.0,0.0,0.0,0.0,0.0,"solar2_v,lipo2_v"
2020-10-16T16:00:00Z,29.0,29.0,,,0.0,0.0,,,,,,,,,,,4.038,4.036,4.04,,,,235.207,0.0,0.0,,,,,273.897,273.0,274.0,,,0.0,2928.0,2956.0,0.0,0.0,0.0,0.0,0.0,0.0,29.0,0.0,0.0,0.0,29.0,0.0,0.0,0.0,0.0,0.0,"solar2_v,lipo2_v"
2020-10-16T17:00:00Z,30.0,30.0,,,0.0,0.0,,,,,,,,,,,4.038,4.036,4.04,,,,234.8,0.0,0.0,,,,,274.3,274.0,276.0,,,0.0,2957.0,2986.0,0.0,0.0,0.0,0.0,0.0,0.0,30.0,0.0,0.0,0.0,30.0,0.0,0.0,0.0,0.0,0.0,"solar2_v,lipo2_v"
2020-10-16T18:00:00Z,29.0,29.0,,,0.0,0.0,,,,,,,,,,,4.037,4.036,4.039,,,,234.724,0.0,0.0,,,,,274.414,274.0,276.0,,,0.0,2987.0,3015.0,0.0,0.0,0.0,0.0,0.0,0.0,29.0,0.0,0.0,0.0,29.0,0.0,0.0,0.0,0.0,0.0,"solar2_v,lipo2_v"
2020-10-16T19:00:00Z,30.0,30.0,,,0.0,0.0,,,,,,,,,,,4.037,4.036,4.039,,,,234.433,0.0,0.0,,,,,276.767,275.0,278.0,,,0.0,3016.0,3045.0,0.0,0.0,0.0,0.0,0.0,0.0,30.0,0.0,0.0,0.0,30.0,0.0,0.0,0.0,0.0,0.0,"solar2_v,lipo2_v"
2020-10-16T20:00:00Z,29.0,29.0,,,0.0,0.0,,,,,,,,,,,4.037,4.036,4.039,,,,234.586,0.0,0.0,,,,,278.138,277.0,281.0,,,0.0,3046.0,3074.0,0.0,0.0,0.0,0.0,0.0,0.0,29.0,0.0,0.0,0.0,29.0,0.0,0.0,0.0,0.0,0.0,"solar2_v,lipo2_v"
2020-10-16T21:00:00Z,30.0,30.0,,,0.0,0.0,,,,,,,,,,,4.037,4.036,4.039,,,,234.167,0.0,0.0,,,,,278.467,275.0,281.0,,,0.0,3075.0,3104.0,0.0,0.0,0.0,0.0,0.0,0.0,30.0,0.0,0.0,0.0,30.0,0.0,0.0,0.0,0.0,0.0,"solar2_v,lipo2_v"
2020-10-16T22:00:00Z,29.0,29.0,,,0.0,0.0,,,,,,,,,,,4.036,4.034,4.039,,,,234.862,0.0,0.0,,,,,274.276,273.0,276.0,,,0.0,3105.0,3133.0,0.0,0.0,0.0,0.0,0.0,0.0,29.0,0.0,0.0,0.0,29.0,0.0,0.0,0.0,0.0,0.0,"solar2_v,lipo2_v"
2020-10-16T23:00:00Z,30.0,30.0,,,0.0,0.0,,,,,,,,,,,4.036,4.034,4.037,,,,235.933,0.0,0.0,,,,,269.6,268.0,273.0,,,0.0,3134.0,3163.0,0.0,0.0,0.0,0.0,0.0,0.0,30.0,0.0,0.0,0.0,30.0,0.0,0.0,0.0,0.0,0.0,"solar2_v,lipo2_v"
2020-10-17T00:00:00Z,29.0,29.0,,,0.238,0.474,,,,,,,,,,,4.036,4.032,4.037,,,,235.793,0.0,0.0,,,,,269.793,267.0,272.0,,,0.0,3164.0,3192.0,0.0,16.0,0.0,0.0,0.0,0.0,29.0,0.0,0.0,0.0,29.0,0.0,0.0,0.0,0.0,0.0,"solar2_v,lipo2_v"
2020-10-17T01:00:00Z,30.0,30.0,,,0.692,0.971,,,,,,,,,,,4.035,4.032,4.037,,,,234.733,0.0,0.0,,,,,277.8,272.0,287.0,,,0.0,3193.0,3222.0,0.0,30.0,0.0,0.0,0.0,0.0,30.0,0.0,0.0,0.0,30.0,0.0,0.0,0.0,0.0,0.0,"solar2_v,lipo2_v"
2020-10-17T02:00:00Z,27.0,27.0,,,1.331,1.709,,,,,,,,,,,4.036,4.034,4.037,,,,232.556,0.0,0.0,,,,,300.074,287.0,315.0,,,0.0,3223.0,3251.0,0.0,27.0,0.0,0.0,0.0,0.0,27.0,0.0,0.0,0.0,27.0,0.0,0.0,0.0,0.0,0.0,"solar2_v,lipo2_v"
2020-10-17T03:00:00Z,29.0,29.0,,,1.672,1.907,,,,,,,,,,,4.037,4.034,4.039,,,,227.828,0.0,0.0,,,,,340.0,316.0,353.0,,,0.0,3252.0,3280.0,0.0,29.0,0.0,0.0,0.0,0.0,29.0,0.0,0.0,0.0,29.0,0.0,0.0,0.0,0.0,0.0,"solar2_v,lipo2_v"
2020-10-17T04:00:00Z,30.0,30.0,,,1.499,1.743,,,,,,,,,,,4.037,4.034,4.039,,,,227.7,0.0,0.0,,,,,343.367,335.0,349.0,,,0.0,3281.0,3310.0,0.0,30.0,0.0,0.0,0.0,0.0,30.0,0.0,0.0,0.0,30.0,0.0,0.0,0.0,0.0,0.0,"solar2_v,lipo2_v"
2020-10-17T05:00:00Z,29.0,29.0,,,1.664,1.927,,,,,,,,,,,4.037,4.036,4.039,,,,226.759,0.0,0.0,,,,,356.414,340.0,367.0,,,0.0,3311.0,3339.0,0.0,29.0,0.0,0.0,0.0,0.0,29.0,0.0,0.0,0.0,29.0,0.0,0.0,0.0,0.0,0.0,"solar2_v,lipo2_v"
2020-10-17T06:00:00Z,30.0,30.0,,,1.069,1.428,,,,,,,,,,,4.038,4.037,4.04,,,,227.133,0.0,0.0,,,,,352.333,350.0,354.0,,,0.0,3340.0,3369.0,0.0,30.0,0.0,0.0,0.0,0.0,30.0,0.0,0.0,0.0,30.0,0.0,0.0,0.0,0.0,0.0,"solar2_v,lipo2_v"
2020-10-17T07:00:00Z,27.0,27.0,,,0.727,1.184,,,,,,,,,,,4.038,4.036,4.039,,,,228.222,0.0,0.0,,,,,336.222,329.0,350.0,,,0.0,3370.0,3396.0,0.0,27.0,0.0,0.0,0.0,0.0,27.0,0.0,0.0,0.0,27.0,0.0,0.0,0.0,0.0,0.0,"solar2_v,lipo2_v"
2020-10-17T08:00:00Z,30.0,30.0,,,0.219,0.811,,,,,,,,,,,4.036,4.034,4.039,,,,232.467,0.0,0.0,,,,,298.7,284.0,327.0,,,0.0,3399.0,3428.0,0.0,12.0,0.0,0.0,0.0,0.0,30.0,0.0,0.0,0.0,30.0,0.0,0.0,0.0,0.0,0.0,"solar2_v,lipo2_v"
2020-10-17T09:00:00Z,28.0,28.0,,,0.0,0.0,,,,,,,,,,,4.034,4.032,4.036,,,,234.679,0.0,0.0,,,,,280.679,279.0,283.0,,,0.0,3429.0,3457.0,0.0,0.0,0.0,0.0,0.0,0.0,28.0,0.0,0.0,0.0,28.0,0.0,0.0,0.0,0.0,0.0,"solar2_v,lipo2_v"
2020-10-17T10:00:00Z,28.0,28.0,,,0.0,0.0,,,,,,,,,,,4.034,4.032,4.036,,,,234.821,0.0,0.0,,,,,276.75,275.0,281.0,,,0.0,3458.0,3487.0,0.0,0.0,0.0,0.0,0.0,0.0,28.0,0.0,0.0,0.0,28.0,0.0,0.0,0.0,0.0,0.0,"solar2_v,lipo2_v"
2020-10-17T11:00:00Z,29.0,29.0,,,0.0,0.0,,,,,,,,,,,4.033,4.032,4.036,,,,234.759,0.0,0.0,,,,,275.759,275.0,276.0,,,0.0,3488.0,3516.0,0.0,0.0,0.0,0.0,0.0,0.0,29.0,0.0,0.0,0.0,29.0,0.0,0.0,0.0,0.0,0.0,"solar2_v,lipo2_v"
2020-10-17T12:00:00Z,28.0,28.0,,,0.0,0.0,,,,,,,,,,,4.033,4.032,4.036,,,,234.929,0.0,0.0,,,,,278.75,275.0,282.0,,,0.0,3517.0,3545.0,0.0,0.0,0.0,0.0,0.0,0.0,28.0,0.0,0.0,0.0,28.0,0.0,0.0,0.0,0.0,0.0,"solar2_v,lipo2_v"
2020-10-17T13:00:00Z,30.0,30.0,,,0.0,0.0,,,,,,,,,,,4.033,4.031,4.036,,,,234.533,0.0,0.0,,,,,280.033,279.0,281.0,,,0.0,3546.0,3575.0,0.0,0.0,0.0,0.0,0.0,0.0,30.0,0.0,0.0,0.0,30.0,0.0,0.0,0.0,0.0,0.0,"solar2_v,lipo2_v"
2020-10-17T14:00:00Z,27.0,27.0,,,0.0,0.0,,,,,,,,,,,4.033,4.031,4.036,,,,234.148,0.0,0.0,,,,,281.852,281.0,287.0,,,0.0,3576.0,3604.0,0.0,0.0,0.0,0.0,0.0,0.0,27.0,0.0,0.0,0.0,27.0,0.0,0.0,0.0,0.0,0.0,"solar2_v,lipo2_v"
2020-10-17T15:00:00Z,30.0,30.0,,,0.0,0.0,,,,,,,,,,,4.033,4.032,4.034,,,,234.4,0.0,0.0,,,,,280.433,274.0,288.0,,,0.0,3605.0,3634.0,0.0,0.0,0.0,0.0,0.0,0.0,30.0,0.0,0.0,0.0,30.0,0.0,0.0,0.0,0.0,0.0,"solar2_v,lipo2_v"
2020-10-17T16:00:00Z,29.0,29.0,,,0.0,0.0,,,,,,,,,,,4.032,4.031,4.034,,,,235.31,0.0,0.0,,,,,273.828,273.0,274.0,,,0.0,3635.0,3663.0,0.0,0.0,0.0,0.0,0.0,0.0,29.0,0.0,0.0,0.0,29.0,0.0,0.0,0.0,0.0,0.0,"solar2_v,lipo2_v"
2020-10-17T17:00:00Z,30.0,30.0,,,0.0,0.0,,,,,,,,,,,4.032,4.031,4.034,,,,234.967,0.0,0.0,,,,,275.4,273.0,279.0,,,0.0,3664.0,3693.0,0.0,0.0,0.0,0.0,0.0,0.0,30.0,0.0,0.0,0.0,30.0,0.0,0.0,0.0,0.0,0.0,"solar2_v,lipo2_v"
2020-10-17T18:00:00Z,29.0,29.0,,,0.0,0.0,,,,,,,,,,,4.032,4.031,4.034,,,,234.759,0.0,0.0,,,,,277.793,277.0,280.0,,,0.0,3694.0,3722.0,0.0,0.0,0.0,0.0,0.0,0.0,29.0,0.0,0.0,0.0,29.0,0.0,0.0,0.0,0.0,0.0,"solar2_v,lipo2_v"
2020-10-17T19:00:00Z,30.0,30.0,,,0.0,0.0,,,,,,,,,,,4.032,4.031,4.032,,,,234.633,0.0,0.0,,,,,278.8,277.0,280.0,,,0.0,3723.0,3752.0,0.0,0.0,0.0,0.0,0.0,0.0,30.0,0.0,0.0,0.0,30.0,0.0,0.0,0.0,0.0,0.0,"solar2_v,lipo2_v"
2020-10-17T20:00:00Z,29.0,29.0,,,0.0,0.0,,,,,,,,,,,4.031,4.031,4.032,,,,234.586,0.0,0.0,,,,,278.517,278.0,280.0,,,0.0,3753.0,3781.0,0.0,0.0,0.0,0.0,0.0,0.0,29.0,0.0,0.0,0.0,29.0,0.0,0.0,0.0,0.0,0.0,"solar2_v,lipo2_v"
2020-10-17T21:00:00Z,30.0,30.0,,,0.0,0.0,,,,,,,,,,,4.031,4.029,4.032,,,,234.7,0.0,0.0,,,,,278.0,273.0,281.0,,,0.0,3782.0,3811.0,0.0,0.0,0.0,0.0,0.0,0.0,30.0,0.0,0.0,0.0,30.0,0.0,0.0,0.0,0.0,0.0,"solar2_v,lipo2_v"
2020-10-17T22:00:00Z,29.0,29.0,,,0.0,0.0,,,,,,,,,,,4.031,4.029,4.032,,,,236.69,0.0,0.0,,,,,264.655,263.0,272.0,,,0.0,3812.0,3840.0,0.0,0.0,0.0,0.0,0.0,0.0,29.0,0.0,0.0,0.0,29.0,0.0,0.0,0.0,0.0,0.0,"solar2_v,lipo2_v"
2020-10-17T23:00:00Z,30.0,30.0,,,0.0,0.0,,,,,,,,,,,4.03,4.029,4.031,,,,236.167,0.0,0.0,,,,,265.167,263.0,268.0,,,0.0,3841.0,3870.0,0.0,0.0,0.0,0.0,0.0,0.0,30.0,0.0,0.0,0.0,30.0,0.0,0.0,0.0,0.0,0.0,"solar2_v,lipo2_v"
2020-10-18T00:00:00Z,29.0,29.0,,,0.036,0.38,,,,,,,,,,,4.031,4.029,4.032,,,,235.552,0.0,0.0,,,,,271.655,269.0,274.0,,,0.0,3871.0,3899.0,0.0,3.0,0.0,0.0,0.0,0.0,29.0,0.0,0.0,0.0,29.0,0.0,0.0,0.0,0.0,0.0,"solar2_v,lipo2_v"
2020-10-18T01:00:00Z,29.0,29.0,,,0.786,1.22,,,,,,,,,,,4.031,4.029,4.032,,,,233.966,0.0,0.0,,,,,284.586,274.0,301.0,,,0.0,3900.0,3929.0,0.0,29.0,0.0,0.0,0.0,0.0,29.0,0.0,0.0,0.0,29.0,0.0,0.0,0.0,0.0,0.0,"solar2_v,lipo2_v"
2020-10-18T02:00:00Z,28.0,28.0,,,1.422,1.895,,,,,,,,,,,4.031,4.029,4.032,,,,229.964,0.0,0.0,,,,,322.929,301.0,343.0,,,0.0,3930.0,3958.0,0.0,28.0,0.0,0.0,0.0,0.0,28.0,0.0,0.0,0.0,28.0,0.0,0.0,0.0,0.0,0.0,"solar2_v,lipo2_v"
2020-10-18T03:00:00Z,29.0,29.0,,,1.379,1.731,,,,,,,,,,,4.031,4.031,4.032,,,,228.241,0.0,0.0,,,,,330.897,327.0,340.0,,,0.0,3959.0,3987.0,0.0,29.0,0.0,0.0,0.0,0.0,29.0,0.0,0.0,0.0,29.0,0.0,0.0,0.0,0.0,0.0,"solar2_v,lipo2_v"
2020-10-18T04:00:00Z,30.0,30.0,,,1.397,1.881,,,,,,,,,,,4.031,4.029,4.032,,,,228.133,0.0,0.0,,,,,338.133,332.0,341.0,,,0.0,3988.0,4017.0,0.0,30.0,0.0,0.0,0.0,0.0,30.0,0.0,0.0,0.0,30.0,0.0,0.0,0.0,0.0,0.0,"solar2_v,lipo2_v"
2020-10-18T05:00:00Z,29.0,29.0,,,1.255,1.369,,,,,,,,,,,4.031,4.029,4.032,,,,228.345,0.0,0.0,,,,,333.138,330.0,338.0,,,0.0,4018.0,4046.0,0.0,29.0,0.0,0.0,0.0,0.0,29.0,0.0,0.0,0.0,29.0,0.0,0.0,0.0,0.0,0.0,"solar2_v,lipo2_v"
2020-10-18T06:00:00Z,30.0,30.0,,,0.827,1.098,,,,,,,,,,,4.03,4.029,4.031,,,,229.867,0.0,0.0,,,,,320.833,314.0,330.0,,,0.0,4047.0,4076.0,0.0,30.0,0.0,0.0,0.0,0.0,30.0,0.0,0.0,0.0,30.0,0.0,0.0,0.0,0.0,0.0,"solar2_v,lipo2_v"
2020-10-18T07:00:00Z,29.0,29.0,,,0.591,0.708,,,,,,,,,,,4.03,4.029,4.032,,,,231.759,0.0,0.0,,,,,306.759,301.0,314.0,,,0.0,4077.0,4105.0,0.0,29.0,0.0,0.0,0.0,0.0,29.0,0.0,0.0,0.0,29.0,0.0,0.0,0.0,0.0,0.0,"solar2_v,lipo2_v"
2020-10-18T08:00:00Z,30.0,30.0,,,0.415,0.523,,,,,,,,,,,4.029,4.029,4.031,,,,232.633,0.0,0.0,,,,,300.1,297.0,301.0,,,0.0,4106.0,4135.0,0.0,29.0,0.0,0.0,0.0,0.0,30.0,0.0,0.0,0.0,30.0,0.0,0.0,0.0,0.0,0.0,"solar2_v,lipo2_v"
2020-10-18T09:00:00Z,29.0,29.0,,,0.0,0.0,,,,,,,,,,,4.029,4.029,4.031,,,,233.103,0.0,0.0,,,,,292.034,287.0,297.0,,,0.0,4136.0,4164.0,0.0,0.0,0.0,0.0,0.0,0.0,29.0,0.0,0.0,0.0,29.0,0.0,0.0,0.0,0.0,0.0,"solar2_v,lipo2_v"
2020-10-18T10:00:00Z,30.0,30.0,,,0.0,0.0,,,,,,,,,,,4.029,4.029,4.031,,,,233.833,0.0,0.0,,,,,284.233,281.0,287.0,,,0.0,4165.0,4194.0,0.0,0.0,0.0,0.0,0.0,0.0,30.0,0.0,0.0,0.0,30.0,0.0,0.0,0.0,0.0,0.0,"solar2_v,lipo2_v"
2020-10-18T11:00:00Z,29.0,29.0,,,0.0,0.0,,,,,,,,,,,4.029,4.027,4.029,,,,234.517,0.0,0.0,,,,,279.448,277.0,281.0,,,0.0,4195.0,4223.0,0.0,0.0,0.0,0.0,0.0,0.0,29.0,0.0,0.0,0.0,29.0,0.0,0.0,0.0,0.0,0.0,"solar2_v,lipo2_v"
2020-10-18T12:00:00Z,30.0,30.0,,,0.0,0.0,,,,,,,,,,,4.029,4.027,4.031,,,,234.233,0.0,0.0,,,,,278.7,277.0,280.0,,,0.0,4224.0,4253.0,0.0,0.0,0.0,0.0,0.0,0.0,30.0,0.0,0.0,0.0,30.0,0.0,0.0,0.0,0.0,0.0,"solar2_v,lipo2_v"
2020-10-18T13:00:00Z,29.0,29.0,,,0.0,0.0,,,,,,,,,,,4.029,4.027,4.029,,,,234.345,0.0,0.0,,,,,280.897,280.0,283.0,,,0.0,4254.0,4282.0,0.0,0.0,0.0,0.0,0.0,0.0,29.0,0.0,0.0,0.0,29.0,0.0,0.0,0.0,0.0,0.0,"solar2_v,lipo2_v"
2020-10-18T14:00:00Z,30.0,30.0,,,0.0,0.0,,,,,,,,,,,4.029,4.027,4.029,,,,234.0,0.0,0.0,,,,,284.433,282.0,286.0,,,0.0,4283.0,4312.0,0.0,0.0,0.0,0.0,0.0,0.0,30.0,0.0,0.0,0.0,30.0,0.0,0.0,0.0,0.0,0.0,"solar2_v,lipo2_v"
2020-10-18T15:00:00Z,29.0,29.0,,,0.0,0.0,,,,,,,,,,,4.029,4.027,4.029,,,,234.0,0.0,0.0,,,,,281.759,281.0,284.0,,,0.0,4313.0,4341.0,0.0,0.0,0.0,0.0,0.0,0.0,29.0,0.0,0.0,0.0,29.0,0.0,0.0,0.0,0.0,0.0,"solar2_v,lipo2_v"
2020-10-18T16:00:00Z,30.0,30.0,,,0.0,0.0,,,,,,,,,,,4.029,4.027,4.029,,,,234.067,0.0,0.0,,,,,283.0,280.0,285.0,,,0.0,4342.0,4371.0,0.0,0.0,0.0,0.0,0.0,0.0,30.0,0.0,0.0,0.0,30.0,0.0,0.0,0.0,0.0,0.0,"solar2_v,lipo2_v"
2020-10-18T17:00:00Z,29.0,29.0,,,0.0,0.0,,,,,,,,,,,4.029,4.027,4.029,,,,233.862,0.0,0.0,,,,,285.448,283.0,286.0,,,0.0,4372.0,4400.0,0.0,0.0,0.0,0.0,0.0,0.0,29.0,0.0,0.0,0.0,29.0,0.0,0.0,0.0,0.0,0.0,"solar2_v,lipo2_v"
2020-10-18T18:00:00Z,29.0,29.0,,,0.0,0.0,,,,,,,,,,,4.029,4.027,4.031,,,,234.621,0.0,0.0,,,,,281.276,280.0,283.0,,,0.0,4401.0,4430.0,0.0,0.0,0.0,0.0,0.0,0.0,29.0,0.0,0.0,0.0,29.0,0.0,0.0,0.0,0.0,0.0,"solar2_v,lipo2_v"
2020-10-18T19:00:00Z,29.0,29.0,,,0.0,0.0,,,,,,,,,,,4.029,4.027,4.029,,,,233.759,0.0,0.0,,,,,285.448,281.0,287.0,,,0.0,4431.0,4459.0,0.0,0.0,0.0,0.0,0.0,0.0,29.0,0.0,0.0,0.0,29.0,0.0,0.0,0.0,0.0,0.0,"solar2_v,lipo2_v"
2020-10-18T20:00:00Z,30.0,30.0,,,0.0,0.0,,,,,,,,,,,4.028,4.027,4.029,,,,234.1,0.0,0.0,,,,,286.367,286.0,287.0,,,0.0,4460.0,4489.0,0.0,0.0,0.0,0.0,0.0,0.0,30.0,0.0,0.0,0.0,30.0,0.0,0.0,0.0,0.0,0.0,"solar2_v,lipo2_v"
2020-10-18T21:00:00Z,29.0,29.0,,,0.0,0.0,,,,,,,,,,,4.028,4.027,4.029,,,,234.0,0.0,0.0,,,,,286.0,286.0,286.0,,,0.0,4490.0,4518.0,0.0,0.0,0.0,0.0,0.0,0.0,29.0,0.0,0.0,0.0,29.0,0.0,0.0,0.0,0.0,0.0,"solar2_v,lipo2_v"
2020-10-18T22:00:00Z,30.0,30.0,,,0.0,0.0,,,,,,,,,,,4.028,4.027,4.029,,,,234.133,0.0,0.0,,,,,286.3,286.0,287.0,,,0.0,4519.0,4548.0,0.0,0.0,0.0,0.0,0.0,0.0,30.0,0.0,0.0,0.0,30.0,0.0,0.0,0.0,0.0,0.0,"solar2_v,lipo2_v"
2020-10-18T23:00:00Z,29.0,29.0,,,0.145,0.446,,,,,,,,,,,4.027,4.027,4.029,,,,234.034,0.0,0.0,,,,,286.586,286.0,288.0,,,0.0,4549.0,4577.0,0.0,11.0,0.0,0.0,0.0,0.0,29.0,0.0,0.0,0.0,29.0,0.0,0.0,0.0,0.0,0.0,"solar2_v,lipo2_v"
2020-10-19T00:00:00Z,29.0,29.0,,,0.813,1.075,,,,,,,,,,,4.028,4.027,4.029,,,,232.207,0.0,0.0,,,,,301.517,288.0,315.0,,,0.0,4578.0,4606.0,0.0,29.0,0.0,0.0,0.0,0.0,29.0,0.0,0.0,0.0,29.0,0.0,0.0,0.0,0.0,0.0,"solar2_v,lipo2_v"
2020-10-19T01:00:00Z,30.0,30.0,,,1.05,1.33,,,,,,,,,,,4.028,4.027,4.029,,,,229.067,0.0,0.0,,,,,327.467,315.0,340.0,,,0.0,4607.0,4636.0,0.0,30.0,0.0,0.0,0.0,0.0,30.0,0.0,0.0,0.0,30.0,0.0,0.0,0.0,0.0,0.0,"solar2_v,lipo2_v"
2020-10-19T02:00:00Z,29.0,29.0,,,1.359,1.523,,,,,,,,,,,4.029,4.027,4.031,,,,227.69,0.0,0.0,,,,,343.897,339.0,351.0,,,0.0,4637.0,4665.0,0.0,29.0,0.0,0.0,0.0,0.0,29.0,0.0,0.0,0.0,29.0,0.0,0.0,0.0,0.0,0.0,"solar2_v,lipo2_v"
2020-10-19T03:00:00Z,30.0,30.0,,,1.281,1.781,,,,,,,,,,,4.029,4.027,4.029,,,,225.9,0.0,0.0,,,,,360.233,349.0,373.0,,,0.0,4666.0,4695.0,0.0,30.0,0.0,0.0,0.0,0.0,30.0,0.0,0.0,0.0,30.0,0.0,0.0,0.0,0.0,0.0,"solar2_v,lipo2_v"
2020-10-19T04:00:00Z,28.0,28.0,,,1.425,1.876,,,,,,,,,,,4.029,4.027,4.029,,,,224.679,0.0,0.0,,,,,372.464,354.0,383.0,,,0.0,4696.0,4724.0,0.0,28.0,0.0,0.0,0.0,0.0,28.0,0.0,0.0,0.0,28.0,0.0,0.0,0.0,0.0,0.0,"solar2_v,lipo2_v"
2020-10-19T05:00:00Z,30.0,30.0,,,1.306,1.669,,,,,,,,,,,4.028,4.027,4.029,,,,225.4,0.0,0.0,,,,,365.0,355.0,380.0,,,0.0,4725.0,4754.0,0.0,30.0,0.0,0.0,0.0,0.0,30.0,0.0,0.0,0.0,30.0,0.0,0.0,0.0,0.0,0.0,"solar2_v,lipo2_v"
2020-10-19T06:00:00Z,29.0,29.0,,,1.294,1.951,,,,,,,,,,,4.029,4.027,4.029,,,,225.207,0.0,0.0,,,,,366.345,355.0,389.0,,,0.0,4755.0,4783.0,0.0,29.0,0.0,0.0,0.0,0.0,29.0,0.0,0.0,0.0,29.0,0.0,0.0,0.0,0.0,0.0,"solar2_v,lipo2_v"
2020-10-19T07:00:00Z,23.0,23.0,,,0.956,1.338,,,,,,,,,,,4.028,4.027,4.029,,,,226.087,0.0,0.0,,,,,360.652,341.0,381.0,,,0.0,4784.0,4813.0,0.0,23.0,0.0,0.0,0.0,0.0,23.0,0.0,0.0,0.0,23.0,0.0,0.0,0.0,0.0,0.0,"solar2_v,lipo2_v"
2020-10-19T08:00:00Z,29.0,29.0,,,0.664,1.044,,,,,,,,,,,4.028,4.027,4.029,,,,228.379,0.0,0.0,,,,,340.517,340.0,343.0,,,0.0,4814.0,4842.0,0.0,29.0,0.0,0.0,0.0,0.0,29.0,0.0,0.0,0.0,29.0,0.0,0.0,0.0,0.0,0.0,"solar2_v,lipo2_v"
2020-10-19T09:00:00Z,28.0,28.0,,,0.302,0.579,,,,,,,,,,,4.027,4.027,4.029,,,,228.929,0.0,0.0,,,,,334.857,327.0,340.0,,,0.0,4843.0,4871.0,0.0,17.0,0.0,0.0,0.0,0.0,28.0,0.0,0.0,0.0,28.0,0.0,0.0,0.0,0.0,0.0,"solar2_v,lipo2_v"
2020-10-19T10:00:00Z,29.0,29.0,,,0.0,0.0,,,,,,,,,,,4.027,4.027,4.029,,,,229.621,0.0,0.0,,,,,322.345,314.0,327.0,,,0.0,4872.0,4900.0,0.0,0.0,0.0,0.0,0.0,0.0,29.0,0.0,0.0,0.0,29.0,0.0,0.0,0.0,0.0,0.0,"solar2_v,lipo2_v"
2020-10-19T11:00:00Z,29.0,29.0,,,0.0,0.0,,,,,,,,,,,4.027,4.026,4.027,,,,231.276,0.0,0.0,,,,,313.483,313.0,314.0,,,0.0,4902.0,4930.0,0.0,0.0,0.0,0.0,0.0,0.0,29.0,0.0,0.0,0.0,29.0,0.0,0.0,0.0,0.0,0.0,"solar2_v,lipo2_v"
2020-10-19T12:00:00Z,29.0,29.0,,,0.0,0.0,,,,,,,,,,,4.027,4.026,4.029,,,,231.759,0.0,0.0,,,,,311.621,308.0,313.0,,,0.0,4931.0,4960.0,0.0,0.0,0.0,0.0,0.0,0.0,29.0,0.0,0.0,0.0,29.0,0.0,0.0,0.0,0.0,0.0,"solar2_v,lipo2_v"
2020-10-19T13:00:00Z,29.0,29.0,,,0.0,0.0,,,,,,,,,,,4.027,4.026,4.027,,,,232.0,0.0,0.0,,,,,304.793,302.0,307.0,,,0.0,4961.0,4989.0,0.0,0.0,0.0,0.0,0.0,0.0,29.0,0.0,0.0,0.0,29.0,0.0,0.0,0.0,0.0,0.0,"solar2_v,lipo2_v"
2020-10-19T14:00:00Z,26.0,26.0,,,0.0,0.0,,,,,,,,,,,4.027,4.026,4.027,,,,231.692,0.0,0.0,,,,,312.154,306.0,318.0,,,0.0,4990.0,5019.0,0.0,0.0,0.0,0.0,0.0,0.0,26.0,0.0,0.0,0.0,26.0,0.0,0.0,0.0,0.0,0.0,"solar2_v,lipo2_v"
2020-10-19T15:00:00Z,29.0,29.0,,,0.0,0.0,,,,,,,,,,,4.027,4.024,4.027,,,,231.241,0.0,0.0,,,,,312.862,308.0,316.0,,,0.0,5020.0,5048.0,0.0,0.0,0.0,0.0,0.0,0.0,29.0,0.0,0.0,0.0,29.0,0.0,0.0,0.0,0.0,0.0,"solar2_v,lipo2_v"
2020-10-19T16:00:00Z,30.0,30.0,,,0.0,0.0,,,,,,,,,,,4.027,4.026,4.027,,,,232.133,0.0,0.0,,,,,305.067,301.0,307.0,,,0.0,5049.0,5078.0,0.0,0.0,0.0,0.0,0.0,0.0,30.0,0.0,0.0,0.0,30.0,0.0,0.0,0.0,0.0,0.0,"solar2_v,lipo2_v"
2020-10-19T17:00:00Z,29.0,29.0,,,0.0,0.0,,,,,,,,,,,4.026,4.026,4.027,,,,235.034,0.0,0.0,,,,,277.69,261.0,304.0,,,0.0,5079.0,5107.0,0.0,0.0,0.0,0.0,0.0,0.0,29.0,0.0,0.0,0.0,29.0,0.0,0.0,0.0,0.0,0.0,"solar2_v,lipo2_v"
2020-10-19T18:00:00Z,30.0,30.0,,,0.0,0.0,,,,,,,,,,,4.025,4.024,4.027,,,,236.667,0.0,0.0,,,,,265.5,262.0,271.0,,,0.0,5108.0,5137.0,0.0,0.0,0.0,0.0,0.0,0.0,30.0,0.0,0.0,0.0,30.0,0.0,0.0,0.0,0.0,0.0,"solar2_v,lipo2_v"
2020-10-19T19:00:00Z,29.0,29.0,,,0.0,0.0,,,,,,,,,,,4.025,4.024,4.026,,,,235.276,0.0,0.0,,,,,274.828,272.0,280.0,,,0.0,5138.0,5166.0,0.0,0.0,0.0,0.0,0.0,0.0,29.0,0.0,0.0,0.0,29.0,0.0,0.0,0.0,0.0,0.0,"solar2_v,lipo2_v"
2020-10-19T20:00:00Z,29.0,29.0,,,0.0,0.0,,,,,,,,,,,4.026,4.024,4.027,,,,234.276,0.0,0.0,,,,,280.345,279.0,281.0,,,0.0,5167.0,5195.0,0.0,0.0,0.0,0.0,0.0,0.0,29.0,0.0,0.0,0.0,29.0,0.0,0.0,0.0,0.0,0.0,"solar2_v,lipo2_v"
2020-10-19T21:00:00Z,30.0,30.0,,,0.0,0.0,,,,,,,,,,,4.025,4.022,4.026,,,,234.767,0.0,0.0,,,,,278.967,276.0,281.0,,,0.0,5196.0,5225.0,0.0,0.0,0.0,0.0,0.0,0.0,30.0,0.0,0.0,0.0,30.0,0.0,0.0,0.0,0.0,0.0,"solar2_v,lipo2_v"
2020-10-19T22:00:00Z,29.0,29.0,,,0.0,0.0,,,,,,,,,,,4.025,4.022,4.026,,,,235.586,0.0,0.0,,,,,274.448,274.0,276.0,,,0.0,5226.0,5254.0,0.0,0.0,0.0,0.0,0.0,0.0,29.0,0.0,0.0,0.0,29.0,0.0,0.0,0.0,0.0,0.0,"solar2_v,lipo2_v"
2020-10-19T23:00:00Z,30.0,30.0,,,0.239,0.667,,,,,,,,,,,4.024,4.022,4.027,,,,234.767,0.0,0.0,,,,,278.433,274.0,287.0,,,0.0,5255.0,5284.0,0.0,15.0,0.0,0.0,0.0,0.0,30.0,0.0,0.0,0.0,30.0,0.0,0.0,0.0,0.0,0.0,"solar2_v,lipo2_v"
2020-10-20T00:00:00Z,29.0,29.0,,,0.745,0.833,,,,,,,,,,,4.025,4.021,4.026,,,,232.621,0.0,0.0,,,,,298.172,288.0,305.0,,,0.0,5285.0,5313.0,0.0,29.0,0.0,0.0,0.0,0.0,29.0,0.0,0.0,0.0,29.0,0.0,0.0,0.0,0.0,0.0,"solar2_v,lipo2_v"
2020-10-20T01:00:00Z,30.0,30.0,,,0.892,1.116,,,,,,,,,,,4.025,4.024,4.027,,,,230.367,0.0,0.0,,,,,317.967,306.0,331.0,,,0.0,5314.0,5343.0,0.0,30.0,0.0,0.0,0.0,0.0,30.0,0.0,0.0,0.0,30.0,0.0,0.0,0.0,0.0,0.0,"solar2_v,lipo2_v"
2020-10-20T02:00:00Z,29.0,29.0,,,1.062,1.43,,,,,,,,,,,4.026,4.024,4.027,,,,227.034,0.0,0.0,,,,,346.138,334.0,361.0,,,0.0,5344.0,5372.0,0.0,29.0,0.0,0.0,0.0,0.0,29.0,0.0,0.0,0.0,29.0,0.0,0.0,0.0,0.0,0.0,"solar2_v,lipo2_v"
2020-10-20T03:00:00Z,30.0,30.0,,,1.024,1.364,,,,,,,,,,,4.026,4.024,4.027,,,,226.267,0.0,0.0,,,,,357.967,354.0,364.0,,,0.0,5373.0,5402.0,0.0,30.0,0.0,0.0,0.0,0.0,30.0,0.0,0.0,0.0,30.0,0.0,0.0,0.0,0.0,0.0,"solar2_v,lipo2_v"
2020-10-20T04:00:00Z,28.0,28.0,,,1.227,1.651,,,,,,,,,,,4.026,4.024,4.026,,,,224.786,0.0,0.0,,,,,371.214,360.0,378.0,,,0.0,5403.0,5431.0,0.0,28.0,0.0,0.0,0.0,0.0,28.0,0.0,0.0,0.0,28.0,0.0,0.0,0.0,0.0,0.0,"solar2_v,lipo2_v"
2020-10-20T05:00:00Z,30.0,30.0,,,1.144,1.712,,,,,,,,,,,4.025,4.022,4.026,,,,225.5,0.0,0.0,,,,,367.933,361.0,375.0,,,0.0,5432.0,5461.0,0.0,30.0,0.0,0.0,0.0,0.0,30.0,0.0,0.0,0.0,30.0,0.0,0.0,0.0,0.0,0.0,"solar2_v,lipo2_v"
2020-10-20T06:00:00Z,28.0,28.0,,,1.063,1.549,,,,,,,,,,,4.025,4.022,4.026,,,,225.321,0.0,0.0,,,,,365.893,356.0,380.0,,,0.0,5462.0,5490.0,0.0,28.0,0.0,0.0,0.0,0.0,28.0,0.0,0.0,0.0,28.0,0.0,0.0,0.0,0.0,0.0,"solar2_v,lipo2_v"
2020-10-20T07:00:00Z,23.0,23.0,,,0.918,1.115,,,,,,,,,,,4.024,4.022,4.026,,,,226.261,0.0,0.0,,,,,355.217,354.0,360.0,,,0.0,5491.0,5519.0,0.0,23.0,0.0,0.0,0.0,0.0,23.0,0.0,0.0,0.0,23.0,0.0,0.0,0.0,0.0,0.0,"solar2_v,lipo2_v"
2020-10-20T08:00:00Z,30.0,30.0,,,0.661,0.944,,,,,,,,,,,4.023,4.021,4.024,,,,227.333,0.0,0.0,,,,,351.067,344.0,358.0,,,0.0,5520.0,5549.0,0.0,30.0,0.0,0.0,0.0,0.0,30.0,0.0,0.0,0.0,30.0,0.0,0.0,0.0,0.0,0.0,"solar2_v,lipo2_v"
2020-10-20T09:00:00Z,27.0,27.0,,,0.366,0.682,,,,,,,,,,,4.023,4.021,4.024,,,,228.0,0.0,0.0,,,,,341.111,333.0,345.0,,,0.0,5550.0,5578.0,0.0,17.0,0.0,0.0,0.0,0.0,27.0,0.0,0.0,0.0,27.0,0.0,0.0,0.0,0.0,0.0,"solar2_v,lipo2_v"
2020-10-20T10:00:00Z,26.0,26.0,,,0.0,0.0,,,,,,,,,,,4.022,4.021,4.024,,,,229.231,0.0,0.0,,,,,325.577,321.0,333.0,,,0.0,5579.0,5607.0,0.0,0.0,0.0,0.0,0.0,0.0,26.0,0.0,0.0,0.0,26.0,0.0,0.0,0.0,0.0,0.0,"solar2_v,lipo2_v"
2020-10-20T11:00:00Z,30.0,30.0,,,0.0,0.0,,,,,,,,,,,4.021,4.019,4.022,,,,230.5,0.0,0.0,,,,,318.233,316.0,321.0,,,0.0,5608.0,5637.0,0.0,0.0,0.0,0.0,0.0,0.0,30.0,0.0,0.0,0.0,30.0,0.0,0.0,0.0,0.0,0.0,"solar2_v,lipo2_v"
2020-10-20T12:00:00Z,29.0,29.0,,,0.0,0.0,,,,,,,,,,,4.021,4.017,4.022,,,,231.621,0.0,0.0,,,,,309.172,306.0,316.0,,,0.0,5638.0,5666.0,0.0,0.0,0.0,0.0,0.0,0.0,29.0,0.0,0.0,0.0,29.0,0.0,0.0,0.0,0.0,0.0,"solar2_v,lipo2_v"
2020-10-20T13:00:00Z,26.0,26.0,,,0.0,0.0,,,,,,,,,,,4.021,4.019,4.022,,,,231.423,0.0,0.0,,,,,312.654,306.0,316.0,,,0.0,5667.0,5696.0,0.0,0.0,0.0,0.0,0.0,0.0,26.0,0.0,0.0,0.0,26.0,0.0,0.0,0.0,0.0,0.0,"solar2_v,lipo2_v"
2020-10-20T14:00:00Z,26.0,26.0,,,0.0,0.0,,,,,,,,,,,4.02,4.017,4.022,,,,231.5,0.0,0.0,,,,,309.269,303.0,315.0,,,0.0,5697.0,5724.0,0.0,0.0,0.0,0.0,0.0,0.0,26.0,0.0,0.0,0.0,26.0,0.0,0.0,0.0,0.0,0.0,"solar2_v,lipo2_v"
2020-10-20T15:00:00Z,29.0,29.0,,,0.0,0.0,,,,,,,,,,,4.019,4.017,4.021,,,,231.483,0.0,0.0,,,,,309.517,307.0,313.0,,,0.0,5727.0,5755.0,0.0,0.0,0.0,0.0,0.0,0.0,29.0,0.0,0.0,0.0,29.0,0.0,0.0,0.0,0.0,0.0,"solar2_v,lipo2_v"
2020-10-20T16:00:00Z,29.0,29.0,,,0.0,0.0,,,,,,,,,,,4.018,4.017,4.021,,,,231.414,0.0,0.0,,,,,311.172,305.0,313.0,,,0.0,5756.0,5784.0,0.0,0.0,0.0,0.0,0.0,0.0,29.0,0.0,0.0,0.0,29.0,0.0,0.0,0.0,0.0,0.0,"solar2_v,lipo2_v"
2020-10-20T17:00:00Z,28.0,28.0,,,0.0,0.0,,,,,,,,,,,4.017,4.014,4.019,,,,231.857,0.0,0.0,,,,,304.286,302.0,308.0,,,0.0,5785.0,5813.0,0.0,0.0,0.0,0.0,0.0,0.0,28.0,0.0,0.0,0.0,28.0,0.0,0.0,0.0,0.0,0.0,"solar2_v,lipo2_v"
2020-10-20T18:00:00Z,30.0,30.0,,,0.0,0.0,,,,,,,,,,,4.017,4.016,4.019,,,,232.467,0.0,0.0,,,,,301.033,300.0,302.0,,,0.0,5814.0,5843.0,0.0,0.0,0.0,0.0,0.0,0.0,30.0,0.0,0.0,0.0,30.0,0.0,0.0,0.0,0.0,0.0,"solar2_v,lipo2_v"
2020-10-20T19:00:00Z,29.0,29.0,,,0.0,0.0,,,,,,,,,,,4.017,4.014,4.019,,,,232.759,0.0,0.0,,,,,298.793,295.0,301.0,,,0.0,5844.0,5872.0,0.0,0.0,0.0,0.0,0.0,0.0,29.0,0.0,0.0,0.0,29.0,0.0,0.0,0.0,0.0,0.0,"solar2_v,lipo2_v"
2020-10-20T20:00:00Z,30.0,30.0,,,0.0,0.0,,,,,,,,,,,4.015,4.014,4.017,,,,233.1,0.0,0.0,,,,,293.667,291.0,296.0,,,0.0,5873.0,5902.0,0.0,0.0,0.0,0.0,0.0,0.0,30.0,0.0,0.0,0.0,30.0,0.0,0.0,0.0,0.0,0.0,"solar2_v,lipo2_v"
2020-10-20T21:00:00Z,29.0,29.0,,,0.0,0.0,,,,,,,,,,,4.016,4.012,4.017,,,,233.379,0.0,0.0,,,,,291.517,290.0,293.0,,,0.0,5903.0,5931.0,0.0,0.0,0.0,0.0,0.0,0.0,29.0,0.0,0.0,0.0,29.0,0.0,0.0,0.0,0.0,0.0,"solar2_v,lipo2_v"
2020-10-20T22:00:00Z,30.0,30.0,,,0.0,0.0,,,,,,,,,,,4.014,4.011,4.016,,,,233.467,0.0,0.0,,,,,291.5,289.0,294.0,,,0.0,5932.0,5961.0,0.0,0.0,0.0,0.0,0.0,0.0,30.0,0.0,0.0,0.0,30.0,0.0,0.0,0.0,0.0,0.0,"solar2_v,lipo2_v"
2020-10-20T23:00:00Z,29.0,29.0,,,0.069,0.436,,,,,,,,,,,4.014,4.011,4.016,,,,233.345,0.0,0.0,,,,,291.966,289.0,298.0,,,0.0,5962.0,5990.0,0.0,5.0,0.0,0.0,0.0,0.0,29.0,0.0,0.0,0.0,29.0,0.0,0.0,0.0,0.0,0.0,"solar2_v,lipo2_v"
2020-10-21T00:00:00Z,30.0,30.0,,,0.682,1.048,,,,,,,,,,,4.013,4.011,4.016,,,,232.0,0.0,0.0,,,,,304.2,299.0,313.0,,,0.0,5991.0,6020.0,0.0,30.0,0.0,0.0,0.0,0.0,30.0,0.0,0.0,0.0,30.0,0.0,0.0,0.0,0.0,0.0,"solar2_v,lipo2_v"
2020-10-21T01:00:00Z,29.0,29.0,,,0.962,1.274,,,,,,,,,,,4.014,4.011,4.016,,,,230.069,0.0,0.0,,,,,317.724,313.0,326.0,,,0.0,6021.0,6049.0,0.0,29.0,0.0,0.0,0.0,0.0,29.0,0.0,0.0,0.0,29.0,0.0,0.0,0.0,0.0,0.0,"solar2_v,lipo2_v"
2020-10-21T02:00:00Z,30.0,30.0,,,1.025,1.495,,,,,,,,,,,4.014,4.012,4.017,,,,229.267,0.0,0.0,,,,,327.833,325.0,335.0,,,0.0,6050.0,6079.0,0.0,30.0,0.0,0.0,0.0,0.0,30.0,0.0,0.0,0.0,30.0,0.0,0.0,0.0,0.0,0.0,"solar2_v,lipo2_v"
2020-10-21T03:00:00Z,29.0,29.0,,,1.163,1.564,,,,,,,,,,,4.014,4.012,4.017,,,,227.862,0.0,0.0,,,,,341.448,327.0,353.0,,,0.0,6080.0,6108.0,0.0,29.0,0.0,0.0,0.0,0.0,29.0,0.0,0.0,0.0,29.0,0.0,0.0,0.0,0.0,0.0,"solar2_v,lipo2_v"
2020-10-21T04:00:00Z,29.0,29.0,,,1.194,1.731,,,,,,,,,,,4.013,4.011,4.016,,,,226.207,0.0,0.0,,,,,358.621,349.0,367.0,,,0.0,6109.0,6137.0,0.0,29.0,0.0,0.0,0.0,0.0,29.0,0.0,0.0,0.0,29.0,0.0,0.0,0.0,0.0,0.0,"solar2_v,lipo2_v"
2020-10-21T05:00:00Z,29.0,29.0,,,1.068,1.317,,,,,,,,,,,4.013,4.011,4.016,,,,225.448,0.0,0.0,,,,,365.034,358.0,368.0,,,0.0,6139.0,6167.0,0.0,29.0,0.0,0.0,0.0,0.0,29.0,0.0,0.0,0.0,29.0,0.0,0.0,0.0,0.0,0.0,"solar2_v,lipo2_v"
2020-10-21T06:00:00Z,26.0,26.0,,,0.892,1.384,,,,,,,,,,,4.012,4.011,4.014,,,,226.808,0.0,0.0,,,,,355.654,345.0,366.0,,,0.0,6168.0,6195.0,0.0,26.0,0.0,0.0,0.0,0.0,26.0,0.0,0.0,0.0,26.0,0.0,0.0,0.0,0.0,0.0,"solar2_v,lipo2_v"
2020-10-21T07:00:00Z,24.0,24.0,,,0.353,0.89,,,,,,,,,,,4.011,4.007,4.012,,,,228.458,0.0,0.0,,,,,335.792,326.0,345.0,,,0.0,6197.0,6226.0,0.0,13.0,0.0,0.0,0.0,0.0,24.0,0.0,0.0,0.0,24.0,0.0,0.0,0.0,0.0,0.0,"solar2_v,lipo2_v"
2020-10-21T08:00:00Z,29.0,29.0,,,0.0,0.0,,,,,,,,,,,4.01,4.007,4.012,,,,230.345,0.0,0.0,,,,,317.448,313.0,326.0,,,0.0,6227.0,6255.0,0.0,0.0,0.0,0.0,0.0,0.0,29.0,0.0,0.0,0.0,29.0,0.0,0.0,0.0,0.0,0.0,"solar2_v,lipo2_v"
2020-10-21T09:00:00Z,30.0,30.0,,,0.0,0.0,,,,,,,,,,,4.01,4.007,4.011,,,,233.2,0.0,0.0,,,,,295.567,292.0,310.0,,,0.0,6256.0,6285.0,0.0,0.0,0.0,0.0,0.0,0.0,30.0,0.0,0.0,0.0,30.0,0.0,0.0,0.0,0.0,0.0,"solar2_v,lipo2_v"
2020-10-21T10:00:00Z,29.0,29.0,,,0.0,0.0,,,,,,,,,,,4.009,4.007,4.011,,,,233.207,0.0,0.0,,,,,295.759,293.0,298.0,,,0.0,6286.0,6314.0,0.0,0.0,0.0,0.0,0.0,0.0,29.0,0.0,0.0,0.0,29.0,0.0,0.0,0.0,0.0,0.0,"solar2_v,lipo2_v"
2020-10-21T11:00:00Z,30.0,30.0,,,0.0,0.0,,,,,,,,,,,4.008,4.007,4.009,,,,233.2,0.0,0.0,,,,,291.833,287.0,298.0,,,0.0,6315.0,6344.0,0.0,0.0,0.0,0.0,0.0,0.0,30.0,0.0,0.0,0.0,30.0,0.0,0.0,0.0,0.0,0.0,"solar2_v,lipo2_v"
2020-10-21T12:00:00Z,29.0,29.0,,,0.0,0.0,,,,,,,,,,,4.007,4.006,4.007,,,,232.931,0.0,0.0,,,,,298.448,292.0,301.0,,,0.0,6345.0,6373.0,0.0,0.0,0.0,0.0,0.0,0.0,29.0,0.0,0.0,0.0,29.0,0.0,0.0,0.0,0.0,0.0,"solar2_v,lipo2_v"
2020-10-21T13:00:00Z,30.0,30.0,,,0.0,0.0,,,,,,,,,,,4.007,4.006,4.007,,,,232.833,0.0,0.0,,,,,296.433,291.0,300.0,,,0.0,6374.0,6403.0,0.0,0.0,0.0,0.0,0.0,0.0,30.0,0.0,0.0,0.0,30.0,0.0,0.0,0.0,0.0,0.0,"solar2_v,lipo2_v"
2020-10-21T14:00:00Z,24.0,24.0,,,0.0,0.0,,,,,,,,,,,4.006,4.003,4.007,,,,233.417,0.0,0.0,,,,,292.792,291.0,299.0,,,0.0,6405.0,6432.0,0.0,0.0,0.0,0.0,0.0,0.0,24.0,0.0,0.0,0.0,24.0,0.0,0.0,0.0,0.0,0.0,"solar2_v,lipo2_v"
2020-10-21T15:00:00Z,29.0,29.0,,,0.0,0.0,,,,,,,,,,,4.006,4.004,4.007,,,,232.759,0.0,0.0,,,,,299.414,296.0,301.0,,,0.0,6433.0,6461.0,0.0,0.0,0.0,0.0,0.0,0.0,29.0,0.0,0.0,0.0,29.0,0.0,0.0,0.0,0.0,0.0,"solar2_v,lipo2_v"
2020-10-21T16:00:00Z,30.0,30.0,,,0.0,0.0,,,,,,,,,,,4.004,4.003,4.006,,,,232.6,0.0,0.0,,,,,299.567,298.0,300.0,,,0.0,6462.0,6491.0,0.0,0.0,0.0,0.0,0.0,0.0,30.0,0.0,0.0,0.0,30.0,0.0,0.0,0.0,0.0,0.0,"solar2_v,lipo2_v"
2020-10-21T17:00:00Z,29.0,29.0,,,0.0,0.0,,,,,,,,,,,4.004,4.003,4.006,,,,232.621,0.0,0.0,,,,,300.931,300.0,301.0,,,0.0,6492.0,6520.0,0.0,0.0,0.0,0.0,0.0,0.0,29.0,0.0,0.0,0.0,29.0,0.0,0.0,0.0,0.0,0.0,"solar2_v,lipo2_v"
2020-10-21T18:00:00Z,30.0,30.0,,,0.0,0.0,,,,,,,,,,,4.003,4.001,4.004,,,,233.067,0.0,0.0,,,,,298.533,296.0,301.0,,,0.0,6521.0,6550.0,0.0,0.0,0.0,0.0,0.0,0.0,30.0,0.0,0.0,0.0,30.0,0.0,0.0,0.0,0.0,0.0,"solar2_v,lipo2_v"
2020-10-21T19:00:00Z,29.0,29.0,,,0.0,0.0,,,,,,,,,,,4.003,4.001,4.004,,,,233.138,0.0,0.0,,,,,295.966,295.0,297.0,,,0.0,6551.0,6579.0,0.0,0.0,0.0,0.0,0.0,0.0,29.0,0.0,0.0,0.0,29.0,0.0,0.0,0.0,0.0,0.0,"solar2_v,lipo2_v"
2020-10-21T20:00:00Z,30.0,30.0,,,0.0,0.0,,,,,,,,,,,4.002,4.001,4.003,,,,233.033,0.0,0.0,,,,,293.7,293.0,295.0,,,0.0,6580.0,6609.0,0.0,0.0,0.0,0.0,0.0,0.0,30.0,0.0,0.0,0.0,30.0,0.0,0.0,0.0,0.0,0.0,"solar2_v,lipo2_v"
2020-10-21T21:00:00Z,29.0,29.0,,,0.0,0.0,,,,,,,,,,,4.001,3.999,4.003,,,,233.207,0.0,0.0,,,,,291.172,291.0,293.0,,,0.0,6610.0,6638.0,0.0,0.0,0.0,0.0,0.0,0.0,29.0,0.0,0.0,0.0,29.0,0.0,0.0,0.0,0.0,0.0,"solar2_v,lipo2_v"
2020-10-21T22:00:00Z,30.0,30.0,,,0.0,0.0,,,,,,,,,,,4.001,3.999,4.003,,,,233.467,0.0,0.0,,,,,289.8,289.0,291.0,,,0.0,6639.0,6668.0,0.0,0.0,0.0,0.0,0.0,0.0,30.0,0.0,0.0,0.0,30.0,0.0,0.0,0.0,0.0,0.0,"solar2_v,lipo2_v"
2020-10-21T23:00:00Z,29.0,29.0,,,0.065,0.475,,,,,,,,,,,4.0,3.999,4.001,,,,233.621,0.0,0.0,,,,,287.621,286.0,292.0,,,0.0,6669.0,6697.0,0.0,5.0,0.0,0.0,0.0,0.0,29.0,0.0,0.0,0.0,29.0,0.0,0.0,0.0,0.0,0.0,"solar2_v,lipo2_v"
2020-10-22T00:00:00Z,30.0,30.0,,,0.593,0.867,,,,,,,,,,,3.999,3.998,4.001,,,,232.567,0.0,0.0,,,,,300.833,291.0,307.0,,,0.0,6698.0,6727.0,0.0,30.0,0.0,0.0,0.0,0.0,30.0,0.0,0.0,0.0,30.0,0.0,0.0,0.0,0.0,0.0,"solar2_v,lipo2_v"
2020-10-22T01:00:00Z,29.0,29.0,,,0.694,0.857,,,,,,,,,,,3.999,3.999,4.001,,,,231.069,0.0,0.0,,,,,311.483,304.0,326.0,,,0.0,6728.0,6756.0,0.0,29.0,0.0,0.0,0.0,0.0,29.0,0.0,0.0,0.0,29.0,0.0,0.0,0.0,0.0,0.0,"solar2_v,lipo2_v"
2020-10-22T02:00:00Z,30.0,30.0,,,0.882,1.166,,,,,,,,,,,3.999,3.998,4.001,,,,227.4,0.0,0.0,,,,,343.567,327.0,362.0,,,0.0,6757.0,6786.0,0.0,30.0,0.0,0.0,0.0,0.0,30.0,0.0,0.0,0.0,30.0,0.0,0.0,0.0,0.0,0.0,"solar2_v,lipo2_v"
2020-10-22T03:00:00Z,29.0,29.0,,,1.234,1.553,,,,,,,,,,,3.999,3.999,4.001,,,,224.69,0.0,0.0,,,,,372.793,365.0,379.0,,,0.0,6787.0,6815.0,0.0,29.0,0.0,0.0,0.0,0.0,29.0,0.0,0.0,0.0,29.0,0.0,0.0,0.0,0.0,0.0,"solar2_v,lipo2_v"
2020-10-22T04:00:00Z,28.0,28.0,,,1.03,1.285,,,,,,,,,,,3.999,3.998,3.999,,,,224.786,0.0,0.0,,,,,373.214,367.0,379.0,,,0.0,6816.0,6844.0,0.0,28.0,0.0,0.0,0.0,0.0,28.0,0.0,0.0,0.0,28.0,0.0,0.0,0.0,0.0,0.0,"solar2_v,lipo2_v"
2020-10-22T05:00:00Z,28.0,28.0,,,1.172,1.541,,,,,,,,,,,3.998,3.996,3.999,,,,225.5,0.0,0.0,,,,,367.571,363.0,374.0,,,0.0,6845.0,6874.0,0.0,28.0,0.0,0.0,0.0,0.0,28.0,0.0,0.0,0.0,28.0,0.0,0.0,0.0,0.0,0.0,"solar2_v,lipo2_v"
2020-10-22T06:00:00Z,28.0,28.0,,,1.072,1.441,,,,,,,,,,,3.998,3.996,3.999,,,,225.143,0.0,0.0,,,,,367.857,358.0,380.0,,,0.0,6875.0,6903.0,0.0,28.0,0.0,0.0,0.0,0.0,28.0,0.0,0.0,0.0,28.0,0.0,0.0,0.0,0.0,0.0,"solar2_v,lipo2_v"
2020-10-22T07:00:00Z,27.0,27.0,,,1.011,1.417,,,,,,,,,,,3.997,3.994,3.998,,,,224.852,0.0,0.0,,,,,374.074,366.0,380.0,,,0.0,6904.0,6933.0,0.0,27.0,0.0,0.0,0.0,0.0,27.0,0.0,0.0,0.0,27.0,0.0,0.0,0.0,0.0,0.0,"solar2_v,lipo2_v"
2020-10-22T08:00:00Z,28.0,28.0,,,0.932,1.028,,,,,,,,,,,3.995,3.994,3.998,,,,225.964,0.0,0.0,,,,,367.357,367.0,369.0,,,0.0,6935.0,6962.0,0.0,28.0,0.0,0.0,0.0,0.0,28.0,0.0,0.0,0.0,28.0,0.0,0.0,0.0,0.0,0.0,"solar2_v,lipo2_v"
2020-10-22T09:00:00Z,29.0,29.0,,,0.115,0.693,,,,,,,,,,,3.995,3.994,3.996,,,,227.379,0.0,0.0,,,,,351.241,340.0,367.0,,,0.0,6963.0,6992.0,0.0,7.0,0.0,0.0,0.0,0.0,29.0,0.0,0.0,0.0,29.0,0.0,0.0,0.0,0.0,0.0,"solar2_v,lipo2_v"
2020-10-22T10:00:00Z,26.0,26.0,,,0.0,0.0,,,,,,,,,,,3.993,3.991,3.996,,,,228.385,0.0,0.0,,,,,332.615,326.0,340.0,,,0.0,6993.0,7021.0,0.0,0.0,0.0,0.0,0.0,0.0,26.0,0.0,0.0,0.0,26.0,0.0,0.0,0.0,0.0,0.0,"solar2_v,lipo2_v"
2020-10-22T11:00:00Z,29.0,29.0,,,0.0,0.0,,,,,,,,,,,3.991,3.989,3.993,,,,229.828,0.0,0.0,,,,,321.793,318.0,326.0,,,0.0,7022.0,7050.0,0.0,0.0,0.0,0.0,0.0,0.0,29.0,0.0,0.0,0.0,29.0,0.0,0.0,0.0,0.0,0.0,"solar2_v,lipo2_v"
2020-10-22T12:00:00Z,26.0,26.0,,,0.0,0.0,,,,,,,,,,,3.99,3.988,3.993,,,,230.0,0.0,0.0,,,,,317.923,316.0,321.0,,,0.0,7051.0,7080.0,0.0,0.0,0.0,0.0,0.0,0.0,26.0,0.0,0.0,0.0,26.0,0.0,0.0,0.0,0.0,0.0,"solar2_v,lipo2_v"
2020-10-22T13:00:00Z,29.0,29.0,,,0.0,0.0,,,,,,,,,,,3.988,3.986,3.991,,,,230.759,0.0,0.0,,,,,314.69,314.0,316.0,,,0.0,7081.0,7109.0,0.0,0.0,0.0,0.0,0.0,0.0,29.0,0.0,0.0,0.0,29.0,0.0,0.0,0.0,0.0,0.0,"solar2_v,lipo2_v"
2020-10-22T14:00:00Z,22.0,22.0,,,0.0,0.0,,,,,,,,,,,3.986,3.983,3.988,,,,229.545,0.0,0.0,,,,,323.409,315.0,327.0,,,0.0,7110.0,7138.0,0.0,0.0,0.0,0.0,0.0,0.0,22.0,0.0,0.0,0.0,22.0,0.0,0.0,0.0,0.0,0.0,"solar2_v,lipo2_v"
2020-10-22T15:00:00Z,26.0,26.0,,,0.0,0.0,,,,,,,,,,,3.983,3.981,3.986,,,,233.731,0.0,0.0,,,,,288.346,270.0,326.0,,,0.0,7139.0,7167.0,0.0,0.0,0.0,0.0,0.0,0.0,26.0,0.0,0.0,0.0,26.0,0.0,0.0,0.0,0.0,0.0,"solar2_v,lipo2_v"
2020-10-22T16:00:00Z,29.0,29.0,,,0.0,0.0,,,,,,,,,,,3.982,3.979,3.984,,,,235.621,0.0,0.0,,,,,270.793,267.0,273.0,,,0.0,7168.0,7196.0,0.0,0.0,0.0,0.0,0.0,0.0,29.0,0.0,0.0,0.0,29.0,0.0,0.0,0.0,0.0,0.0,"solar2_v,lipo2_v"
2020-10-22T17:00:00Z,30.0,30.0,,,0.0,0.0,,,,,,,,,,,3.981,3.978,3.983,,,,234.4,0.0,0.0,,,,,275.9,274.0,278.0,,,0.0,7197.0,7226.0,0.0,0.0,0.0,0.0,0.0,0.0,30.0,0.0,0.0,0.0,30.0,0.0,0.0,0.0,0.0,0.0,"solar2_v,lipo2_v"
2020-10-22T18:00:00Z,28.0,28.0,,,0.0,0.0,,,,,,,,,,,3.979,3.978,3.981,,,,234.0,0.0,0.0,,,,,282.714,278.0,286.0,,,0.0,7227.0,7255.0,0.0,0.0,0.0,0.0,0.0,0.0,28.0,0.0,0.0,0.0,28.0,0.0,0.0,0.0,0.0,0.0,"solar2_v,lipo2_v"
2020-10-22T19:00:00Z,29.0,29.0,,,0.0,0.0,,,,,,,,,,,3.978,3.978,3.979,,,,233.724,0.0,0.0,,,,,285.483,283.0,287.0,,,0.0,7256.0,7284.0,0.0,0.0,0.0,0.0,0.0,0.0,29.0,0.0,0.0,0.0,29.0,0.0,0.0,0.0,0.0,0.0,"solar2_v,lipo2_v"
2020-10-22T20:00:00Z,29.0,29.0,,,0.0,0.0,,,,,,,,,,,3.978,3.976,3.979,,,,233.207,0.0,0.0,,,,,288.138,287.0,290.0,,,0.0,7286.0,7314.0,0.0,0.0,0.0,0.0,0.0,0.0,29.0,0.0,0.0,0.0,29.0,0.0,0.0,0.0,0.0,0.0,"solar2_v,lipo2_v"
2020-10-22T21:00:00Z,30.0,30.0,,,0.0,0.0,,,,,,,,,,,3.977,3.976,3.978,,,,233.5,0.0,0.0,,,,,287.867,287.0,289.0,,,0.0,7315.0,7344.0,0.0,0.0,0.0,0.0,0.0,0.0,30.0,0.0,0.0,0.0,30.0,0.0,0.0,0.0,0.0,0.0,"solar2_v,lipo2_v"
2020-10-22T22:00:00Z,29.0,29.0,,,0.0,0.0,,,,,,,,,,,3.976,3.976,3.978,,,,233.276,0.0,0.0,,,,,287.276,286.0,289.0,,,0.0,7345.0,7373.0,0.0,0.0,0.0,0.0,0.0,0.0,29.0,0.0,0.0,0.0,29.0,0.0,0.0,0.0,0.0,0.0,"solar2_v,lipo2_v"
2020-10-22T23:00:00Z,29.0,29.0,,,0.057,0.339,,,,,,,,,,,3.976,3.974,3.976,,,,233.345,0.0,0.0,,,,,287.483,287.0,290.0,,,0.0,7374.0,7402.0,0.0,5.0,0.0,0.0,0.0,0.0,29.0,0.0,0.0,0.0,29.0,0.0,0.0,0.0,0.0,0.0,"solar2_v,lipo2_v"
2020-10-23T00:00:00Z,30.0,30.0,,,0.625,1.261,,,,,,,,,,,3.976,3.974,3.976,,,,233.033,0.0,0.0,,,,,297.4,290.0,306.0,,,0.0,7403.0,7432.0,0.0,30.0,0.0,0.0,0.0,0.0,30.0,0.0,0.0,0.0,30.0,0.0,0.0,0.0,0.0,0.0,"solar2_v,lipo2_v"
2020-10-23T01:00:00Z,29.0,29.0,,,0.87,1.062,,,,,,,,,,,3.976,3.974,3.976,,,,230.793,0.0,0.0,,,,,313.448,307.0,318.0,,,0.0,7433.0,7461.0,0.0,29.0,0.0,0.0,0.0,0.0,29.0,0.0,0.0,0.0,29.0,0.0,0.0,0.0,0.0,0.0,"solar2_v,lipo2_v"
2020-10-23T02:00:00Z,30.0,30.0,,,1.295,1.643,,,,,,,,,,,3.975,3.974,3.976,,,,227.633,0.0,0.0,,,,,344.0,320.0,360.0,,,0.0,7462.0,7491.0,0.0,30.0,0.0,0.0,0.0,0.0,30.0,0.0,0.0,0.0,30.0,0.0,0.0,0.0,0.0,0.0,"solar2_v,lipo2_v"
2020-10-23T03:00:00Z,29.0,29.0,,,1.209,1.653,,,,,,,,,,,3.975,3.974,3.976,,,,225.655,0.0,0.0,,,,,361.241,353.0,370.0,,,0.0,7492.0,7520.0,0.0,29.0,0.0,0.0,0.0,0.0,29.0,0.0,0.0,0.0,29.0,0.0,0.0,0.0,0.0,0.0,"solar2_v,lipo2_v"
2020-10-23T04:00:00Z,27.0,27.0,,,1.33,1.617,,,,,,,,,,,3.975,3.974,3.976,,,,226.037,0.0,0.0,,,,,356.556,353.0,369.0,,,0.0,7521.0,7550.0,0.0,27.0,0.0,0.0,0.0,0.0,27.0,0.0,0.0,0.0,27.0,0.0,0.0,0.0,0.0,0.0,"solar2_v,lipo2_v"
2020-10-23T05:00:00Z,29.0,29.0,,,1.304,1.832,,,,,,,,,,,3.974,3.973,3.976,,,,224.897,0.0,0.0,,,,,369.897,365.0,379.0,,,0.0,7551.0,7579.0,0.0,29.0,0.0,0.0,0.0,0.0,29.0,0.0,0.0,0.0,29.0,0.0,0.0,0.0,0.0,0.0,"solar2_v,lipo2_v"
2020-10-23T06:00:00Z,28.0,28.0,,,1.017,1.553,,,,,,,,,,,3.974,3.973,3.974,,,,225.286,0.0,0.0,,,,,367.786,357.0,376.0,,,0.0,7580.0,7607.0,0.0,28.0,0.0,0.0,0.0,0.0,28.0,0.0,0.0,0.0,28.0,0.0,0.0,0.0,0.0,0.0,"solar2_v,lipo2_v"
2020-10-23T07:00:00Z,25.0,25.0,,,0.632,1.313,,,,,,,,,,,3.973,3.97,3.974,,,,226.56,0.0,0.0,,,,,351.92,338.0,367.0,,,0.0,7612.0,7638.0,0.0,25.0,0.0,0.0,0.0,0.0,25.0,0.0,0.0,0.0,25.0,0.0,0.0,0.0,0.0,0.0,"solar2_v,lipo2_v"
2020-10-23T08:00:00Z,29.0,29.0,,,0.509,0.654,,,,,,,,,,,3.971,3.97,3.973,,,,228.276,0.0,0.0,,,,,337.448,334.0,340.0,,,0.0,7639.0,7667.0,0.0,28.0,0.0,0.0,0.0,0.0,29.0,0.0,0.0,0.0,29.0,0.0,0.0,0.0,0.0,0.0,"solar2_v,lipo2_v"
2020-10-23T09:00:00Z,28.0,28.0,,,0.045,0.323,,,,,,,,,,,3.969,3.966,3.971,,,,228.964,0.0,0.0,,,,,327.786,326.0,332.0,,,0.0,7668.0,7697.0,0.0,4.0,0.0,0.0,0.0,0.0,28.0,0.0,0.0,0.0,28.0,0.0,0.0,0.0,0.0,0.0,"solar2_v,lipo2_v"
2020-10-23T10:00:00Z,27.0,27.0,,,0.0,0.0,,,,,,,,,,,3.967,3.965,3.97,,,,229.778,0.0,0.0,,,,,320.407,314.0,326.0,,,0.0,7698.0,7726.0,0.0,0.0,0.0,0.0,0.0,0.0,27.0,0.0,0.0,0.0,27.0,0.0,0.0,0.0,0.0,0.0,"solar2_v,lipo2_v"
2020-10-23T11:00:00Z,29.0,29.0,,,0.0,0.0,,,,,,,,,,,3.966,3.965,3.968,,,,231.276,0.0,0.0,,,,,312.724,310.0,314.0,,,0.0,7727.0,7756.0,0.0,0.0,0.0,0.0,0.0,0.0,29.0,0.0,0.0,0.0,29.0,0.0,0.0,0.0,0.0,0.0,"solar2_v,lipo2_v"
2020-10-23T12:00:00Z,29.0,29.0,,,0.0,0.0,,,,,,,,,,,3.964,3.96,3.966,,,,232.034,0.0,0.0,,,,,304.483,301.0,311.0,,,0.0,7757.0,7785.0,0.0,0.0,0.0,0.0,0.0,0.0,29.0,0.0,0.0,0.0,29.0,0.0,0.0,0.0,0.0,0.0,"solar2_v,lipo2_v"
2020-10-23T13:00:00Z,30.0,30.0,,,0.0,0.0,,,,,,,,,,,3.962,3.96,3.965,,,,231.9,0.0,0.0,,,,,302.633,301.0,306.0,,,0.0,7786.0,7815.0,0.0,0.0,0.0,0.0,0.0,0.0,30.0,0.0,0.0,0.0,30.0,0.0,0.0,0.0,0.0,0.0,"solar2_v,lipo2_v"
2020-10-23T14:00:00Z,29.0,29.0,,,0.0,0.0,,,,,,,,,,,3.96,3.958,3.961,,,,232.034,0.0,0.0,,,,,304.897,303.0,306.0,,,0.0,7816.0,7844.0,0.0,0.0,0.0,0.0,0.0,0.0,29.0,0.0,0.0,0.0,29.0,0.0,0.0,0.0,0.0,0.0,"solar2_v,lipo2_v"
2020-10-23T15:00:00Z,29.0,29.0,,,0.0,0.0,,,,,,,,,,,3.959,3.956,3.96,,,,232.379,0.0,0.0,,,,,300.655,299.0,304.0,,,0.0,7845.0,7873.0,0.0,0.0,0.0,0.0,0.0,0.0,29.0,0.0,0.0,0.0,29.0,0.0,0.0,0.0,0.0,0.0,"solar2_v,lipo2_v"
2020-10-23T16:00:00Z,30.0,30.0,,,0.0,0.0,,,,,,,,,,,3.957,3.955,3.96,,,,232.633,0.0,0.0,,,,,300.0,300.0,300.0,,,0.0,7874.0,7903.0,0.0,0.0,0.0,0.0,0.0,0.0,30.0,0.0,0.0,0.0,30.0,0.0,0.0,0.0,0.0,0.0,"solar2_v,lipo2_v"
2020-10-23T17:00:00Z,29.0,29.0,,,0.0,0.0,,,,,,,,,,,3.956,3.955,3.958,,,,232.379,0.0,0.0,,,,,300.345,300.0,301.0,,,0.0,7904.0,7932.0,0.0,0.0,0.0,0.0,0.0,0.0,29.0,0.0,0.0,0.0,29.0,0.0,0.0,0.0,0.0,0.0,"solar2_v,lipo2_v"
2020-10-23T18:00:00Z,30.0,30.0,,,0.0,0.0,,,,,,,,,,,3.954,3.95,3.956,,,,232.4,0.0,0.0,,,,,300.867,300.0,301.0,,,0.0,7933.0,7962.0,0.0,0.0,0.0,0.0,0.0,0.0,30.0,0.0,0.0,0.0,30.0,0.0,0.0,0.0,0.0,0.0,"solar2_v,lipo2_v"
2020-10-23T19:00:00Z,29.0,29.0,,,0.0,0.0,,,,,,,,,,,3.952,3.95,3.955,,,,232.655,0.0,0.0,,,,,300.172,300.0,301.0,,,0.0,7963.0,7991.0,0.0,0.0,0.0,0.0,0.0,0.0,29.0,0.0,0.0,0.0,29.0,0.0,0.0,0.0,0.0,0.0,"solar2_v,lipo2_v"
2020-10-23T20:00:00Z,30.0,30.0,,,0.0,0.0,,,,,,,,,,,3.95,3.948,3.953,,,,232.533,0.0,0.0,,,,,299.1,298.0,300.0,,,0.0,7992.0,8021.0,0.0,0.0,0.0,0.0,0.0,0.0,30.0,0.0,0.0,0.0,30.0,0.0,0.0,0.0,0.0,0.0,"solar2_v,lipo2_v"
2020-10-23T21:00:00Z,29.0,29.0,,,0.0,0.0,,,,,,,,,,,3.949,3.948,3.951,,,,232.552,0.0,0.0,,,,,297.379,296.0,300.0,,,0.0,8022.0,8050.0,0.0,0.0,0.0,0.0,0.0,0.0,29.0,0.0,0.0,0.0,29.0,0.0,0.0,0.0,0.0,0.0,"solar2_v,lipo2_v"
2020-10-23T22:00:00Z,30.0,30.0,,,0.0,0.0,,,,,,,,,,,3.947,3.946,3.95,,,,232.567,0.0,0.0,,,,,298.0,297.0,299.0,,,0.0,8051.0,8080.0,0.0,0.0,0.0,0.0,0.0,0.0,30.0,0.0,0.0,0.0,30.0,0.0,0.0,0.0,0.0,0.0,"solar2_v,lipo2_v"
2020-10-23T23:00:00Z,29.0,29.0,,,0.038,0.383,,,,,,,,,,,3.946,3.945,3.948,,,,232.862,0.0,0.0,,,,,294.966,294.0,296.0,,,0.0,8081.0,8109.0,0.0,3.0,0.0,0.0,0.0,0.0,29.0,0.0,0.0,0.0,29.0,0.0,0.0,0.0,0.0,0.0,"solar2_v,lipo2_v"
2020-10-24T00:00:00Z,27.0,27.0,,,0.57,0.866,,,,,,,,,,,3.944,3.94,3.946,,,,232.148,0.0,0.0,,,,,301.111,296.0,307.0,,,0.0,8110.0,8138.0,0.0,27.0,0.0,0.0,0.0,0.0,27.0,0.0,0.0,0.0,27.0,0.0,0.0,0.0,0.0,0.0,"solar2_v,lipo2_v"
2020-10-24T01:00:00Z,28.0,28.0,,,1.122,1.3,,,,,,,,,,,3.942,3.94,3.945,,,,229.75,0.0,0.0,,,,,321.714,309.0,340.0,,,0.0,8139.0,8168.0,0.0,28.0,0.0,0.0,0.0,0.0,28.0,0.0,0.0,0.0,28.0,0.0,0.0,0.0,0.0,0.0,"solar2_v,lipo2_v"
2020-10-24T02:00:00Z,29.0,29.0,,,1.142,1.474,,,,,,,,,,,3.942,3.94,3.945,,,,226.414,0.0,0.0,,,,,356.655,340.0,368.0,,,0.0,8169.0,8197.0,0.0,29.0,0.0,0.0,0.0,0.0,29.0,0.0,0.0,0.0,29.0,0.0,0.0,0.0,0.0,0.0,"solar2_v,lipo2_v"
2020-10-24T03:00:00Z,29.0,29.0,,,1.144,1.613,,,,,,,,,,,3.941,3.94,3.943,,,,224.966,0.0,0.0,,,,,372.31,357.0,382.0,,,0.0,8198.0,8226.0,0.0,29.0,0.0,0.0,0.0,0.0,29.0,0.0,0.0,0.0,29.0,0.0,0.0,0.0,0.0,0.0,"solar2_v,lipo2_v"
2020-10-24T04:00:00Z,30.0,30.0,,,1.359,1.958,,,,,,,,,,,3.939,3.935,3.941,,,,224.933,0.0,0.0,,,,,369.3,355.0,381.0,,,0.0,8227.0,8256.0,0.0,30.0,0.0,0.0,0.0,0.0,30.0,0.0,0.0,0.0,30.0,0.0,0.0,0.0,0.0,0.0,"solar2_v,lipo2_v"
2020-10-24T05:00:00Z,29.0,29.0,,,1.472,1.789,,,,,,,,,,,3.938,3.935,3.94,,,,224.483,0.0,0.0,,,,,376.31,369.0,384.0,,,0.0,8257.0,8285.0,0.0,29.0,0.0,0.0,0.0,0.0,29.0,0.0,0.0,0.0,29.0,0.0,0.0,0.0,0.0,0.0,"solar2_v,lipo2_v"
2020-10-24T06:00:00Z,30.0,30.0,,,1.296,1.679,,,,,,,,,,,3.937,3.935,3.938,,,,224.433,0.0,0.0,,,,,373.333,368.0,380.0,,,0.0,8286.0,8315.0,0.0,30.0,0.0,0.0,0.0,0.0,30.0,0.0,0.0,0.0,30.0,0.0,0.0,0.0,0.0,0.0,"solar2_v,lipo2_v"
2020-10-24T07:00:00Z,29.0,29.0,,,0.994,1.336,,,,,,,,,,,3.934,3.932,3.937,,,,225.724,0.0,0.0,,,,,360.0,356.0,367.0,,,0.0,8316.0,8344.0,0.0,29.0,0.0,0.0,0.0,0.0,29.0,0.0,0.0,0.0,29.0,0.0,0.0,0.0,0.0,0.0,"solar2_v,lipo2_v"
2020-10-24T08:00:00Z,30.0,30.0,,,0.421,0.839,,,,,,,,,,,3.931,3.928,3.933,,,,227.233,0.0,0.0,,,,,344.667,330.0,356.0,,,0.0,8345.0,8374.0,0.0,25.0,0.0,0.0,0.0,0.0,30.0,0.0,0.0,0.0,30.0,0.0,0.0,0.0,0.0,0.0,"solar2_v,lipo2_v"
2020-10-24T09:00:00Z,29.0,29.0,,,0.0,0.0,,,,,,,,,,,3.929,3.927,3.932,,,,229.379,0.0,0.0,,,,,322.897,318.0,329.0,,,0.0,8375.0,8403.0,0.0,0.0,0.0,0.0,0.0,0.0,29.0,0.0,0.0,0.0,29.0,0.0,0.0,0.0,0.0,0.0,"solar2_v,lipo2_v"
2020-10-24T10:00:00Z,30.0,30.0,,,0.0,0.0,,,,,,,,,,,3.926,3.923,3.928,,,,230.833,0.0,0.0,,,,,308.9,301.0,318.0,,,0.0,8404.0,8433.0,0.0,0.0,0.0,0.0,0.0,0.0,30.0,0.0,0.0,0.0,30.0,0.0,0.0,0.0,0.0,0.0,"solar2_v,lipo2_v"
2020-10-24T11:00:00Z,29.0,29.0,,,0.0,0.0,,,,,,,,,,,3.924,3.923,3.927,,,,232.345,0.0,0.0,,,,,300.724,300.0,301.0,,,0.0,8434.0,8462.0,0.0,0.0,0.0,0.0,0.0,0.0,29.0,0.0,0.0,0.0,29.0,0.0,0.0,0.0,0.0,0.0,"solar2_v,lipo2_v"
2020-10-24T12:00:00Z,30.0,30.0,,,0.0,0.0,,,,,,,,,,,3.923,3.923,3.925,,,,232.5,0.0,0.0,,,,,299.0,296.0,300.0,,,0.0,8463.0,8492.0,0.0,0.0,0.0,0.0,0.0,0.0,30.0,0.0,0.0,0.0,30.0,0.0,0.0,0.0,0.0,0.0,"solar2_v,lipo2_v"
2020-10-24T13:00:00Z,29.0,29.0,,,0.0,0.0,,,,,,,,,,,3.922,3.922,3.923,,,,232.966,0.0,0.0,,,,,292.552,291.0,296.0,,,0.0,8493.0,8521.0,0.0,0.0,0.0,0.0,0.0,0.0,29.0,0.0,0.0,0.0,29.0,0.0,0.0,0.0,0.0,0.0,"solar2_v,lipo2_v"
2020-10-24T14:00:00Z,27.0,27.0,,,0.0,0.0,,,,,,,,,,,3.922,3.922,3.923,,,,232.852,0.0,0.0,,,,,292.926,291.0,295.0,,,0.0,8522.0,8550.0,0.0,0.0,0.0,0.0,0.0,0.0,27.0,0.0,0.0,0.0,27.0,0.0,0.0,0.0,0.0,0.0,"solar2_v,lipo2_v"
2020-10-24T15:00:00Z,30.0,30.0,,,0.0,0.0,,,,,,,,,,,3.922,3.92,3.922,,,,232.633,0.0,0.0,,,,,294.233,293.0,297.0,,,0.0,8551.0,8580.0,0.0,0.0,0.0,0.0,0.0,0.0,30.0,0.0,0.0,0.0,30.0,0.0,0.0,0.0,0.0,0.0,"solar2_v,lipo2_v"
2020-10-24T16:00:00Z,29.0,29.0,,,0.0,0.0,,,,,,,,,,,3.92,3.918,3.922,,,,232.586,0.0,0.0,,,,,299.31,298.0,300.0,,,0.0,8581.0,8609.0,0.0,0.0,0.0,0.0,0.0,0.0,29.0,0.0,0.0,0.0,29.0,0.0,0.0,0.0,0.0,0.0,"solar2_v,lipo2_v"
2020-10-24T17:00:00Z,29.0,29.0,,,0.0,0.0,,,,,,,,,,,3.919,3.917,3.92,,,,232.103,0.0,0.0,,,,,299.172,297.0,301.0,,,0.0,8610.0,8639.0,0.0,0.0,0.0,0.0,0.0,0.0,29.0,0.0,0.0,0.0,29.0,0.0,0.0,0.0,0.0,0.0,"solar2_v,lipo2_v"
2020-10-24T18:00:00Z,29.0,29.0,,,0.0,0.0,,,,,,,,,,,3.917,3.915,3.92,,,,232.862,0.0,0.0,,,,,295.862,293.0,298.0,,,0.0,8640.0,8668.0,0.0,0.0,0.0,0.0,0.0,0.0,29.0,0.0,0.0,0.0,29.0,0.0,0.0,0.0,0.0,0.0,"solar2_v,lipo2_v"
2020-10-24T19:00:00Z,29.0,29.0,,,0.0,0.0,,,,,,,,,,,3.916,3.913,3.918,,,,232.897,0.0,0.0,,,,,293.759,293.0,295.0,,,0.0,8669.0,8697.0,0.0,0.0,0.0,0.0,0.0,0.0,29.0,0.0,0.0,0.0,29.0,0.0,0.0,0.0,0.0,0.0,"solar2_v,lipo2_v"
2020-10-24T20:00:00Z,30.0,30.0,,,0.0,0.0,,,,,,,,,,,3.915,3.912,3.917,,,,232.7,0.0,0.0,,,,,295.267,295.0,296.0,,,0.0,8698.0,8727.0,0.0,0.0,0.0,0.0,0.0,0.0,30.0,0.0,0.0,0.0,30.0,0.0,0.0,0.0,0.0,0.0,"solar2_v,lipo2_v"
2020-10-24T21:00:00Z,29.0,29.0,,,0.0,0.0,,,,,,,,,,,3.914,3.912,3.917,,,,232.897,0.0,0.0,,,,,292.31,291.0,295.0,,,0.0,8728.0,8756.0,0.0,0.0,0.0,0.0,0.0,0.0,29.0,0.0,0.0,0.0,29.0,0.0,0.0,0.0,0.0,0.0,"solar2_v,lipo2_v"
2020-10-24T22:00:00Z,30.0,30.0,,,0.0,0.0,,,,,,,,,,,3.912,3.908,3.913,,,,233.133,0.0,0.0,,,,,289.233,287.0,291.0,,,0.0,8757.0,8786.0,0.0,0.0,0.0,0.0,0.0,0.0,30.0,0.0,0.0,0.0,30.0,0.0,0.0,0.0,0.0,0.0,"solar2_v,lipo2_v"
2020-10-24T23:00:00Z,29.0,29.0,,,0.11,0.485,,,,,,,,,,,3.91,3.908,3.913,,,,233.241,0.0,0.0,,,,,289.448,287.0,296.0,,,0.0,8787.0,8815.0,0.0,8.0,0.0,0.0,0.0,0.0,29.0,0.0,0.0,0.0,29.0,0.0,0.0,0.0,0.0,0.0,"solar2_v,lipo2_v"
2020-10-25T00:00:00Z,30.0,30.0,,,0.626,0.8,,,,,,,,,,,3.909,3.908,3.912,,,,231.6,0.0,0.0,,,,,307.3,298.0,314.0,,,0.0,8816.0,8845.0,0.0,30.0,0.0,0.0,0.0,0.0,30.0,0.0,0.0,0.0,30.0,0.0,0.0,0.0,0.0,0.0,"solar2_v,lipo2_v"
2020-10-25T01:00:00Z,29.0,29.0,,,1.172,1.463,,,,,,,,,,,3.91,3.908,3.913,,,,228.931,0.0,0.0,,,,,330.655,314.0,345.0,,,0.0,8846.0,8874.0,0.0,29.0,0.0,0.0,0.0,0.0,29.0,0.0,0.0,0.0,29.0,0.0,0.0,0.0,0.0,0.0,"solar2_v,lipo2_v"
2020-10-25T02:00:00Z,30.0,30.0,,,0.884,1.705,,,,,,,,,,,3.909,3.907,3.912,,,,228.067,0.0,0.0,,,,,338.467,296.0,356.0,,,0.0,8875.0,8904.0,0.0,25.0,0.0,0.0,0.0,0.0,30.0,0.0,0.0,0.0,30.0,0.0,0.0,0.0,0.0,0.0,"solar2_v,lipo2_v"
2020-10-25T03:00:00Z,27.0,27.0,,,1.14,1.841,,,,,,,,,,,3.905,3.904,3.907,,,,232.741,0.0,0.0,,,,,293.0,283.0,319.0,,,0.0,8905.0,8933.0,0.0,27.0,0.0,0.0,0.0,0.0,27.0,0.0,0.0,0.0,27.0,0.0,0.0,0.0,0.0,0.0,"solar2_v,lipo2_v"
2020-10-25T04:00:00Z,29.0,29.0,,,1.224,1.649,,,,,,,,,,,3.907,3.905,3.91,,,,227.552,0.0,0.0,,,,,341.586,324.0,356.0,,,0.0,8934.0,8962.0,0.0,29.0,0.0,0.0,0.0,0.0,29.0,0.0,0.0,0.0,29.0,0.0,0.0,0.0,0.0,0.0,"solar2_v,lipo2_v"
2020-10-25T05:00:00Z,30.0,30.0,,,1.234,1.705,,,,,,,,,,,3.907,3.905,3.91,,,,226.767,0.0,0.0,,,,,350.3,340.0,369.0,,,0.0,8963.0,8992.0,0.0,30.0,0.0,0.0,0.0,0.0,30.0,0.0,0.0,0.0,30.0,0.0,0.0,0.0,0.0,0.0,"solar2_v,lipo2_v"
2020-10-25T06:00:00Z,29.0,29.0,,,0.999,1.39,,,,,,,,,,,3.906,3.904,3.908,,,,226.862,0.0,0.0,,,,,346.655,335.0,367.0,,,0.0,8993.0,9021.0,0.0,29.0,0.0,0.0,0.0,0.0,29.0,0.0,0.0,0.0,29.0,0.0,0.0,0.0,0.0,0.0,"solar2_v,lipo2_v"
2020-10-25T07:00:00Z,30.0,30.0,,,1.029,1.563,,,,,,,,,,,3.905,3.902,3.907,,,,226.533,0.0,0.0,,,,,350.167,332.0,355.0,,,0.0,9022.0,9051.0,0.0,29.0,0.0,0.0,0.0,0.0,30.0,0.0,0.0,0.0,30.0,0.0,0.0,0.0,0.0,0.0,"solar2_v,lipo2_v"
2020-10-25T08:00:00Z,29.0,29.0,,,0.167,0.508,,,,,,,,,,,3.902,3.9,3.904,,,,230.69,0.0,0.0,,,,,311.207,303.0,329.0,,,0.0,9052.0,9080.0,0.0,12.0,0.0,0.0,0.0,0.0,29.0,0.0,0.0,0.0,29.0,0.0,0.0,0.0,0.0,0.0,"solar2_v,lipo2_v"
2020-10-25T09:00:00Z,30.0,30.0,,,0.384,0.708,,,,,,,,,,,3.901,3.9,3.902,,,,231.667,0.0,0.0,,,,,306.333,302.0,311.0,,,0.0,9081.0,9110.0,0.0,21.0,0.0,0.0,0.0,0.0,30.0,0.0,0.0,0.0,30.0,0.0,0.0,0.0,0.0,0.0,"solar2_v,lipo2_v"
2020-10-25T10:00:00Z,26.0,26.0,,,0.0,0.0,,,,,,,,,,,3.9,3.899,3.902,,,,232.423,0.0,0.0,,,,,299.962,298.0,302.0,,,0.0,9111.0,9138.0,0.0,0.0,0.0,0.0,0.0,0.0,26.0,0.0,0.0,0.0,26.0,0.0,0.0,0.0,0.0,0.0,"solar2_v,lipo2_v"
2020-10-25T11:00:00Z,30.0,30.0,,,0.0,0.0,,,,,,,,,,,3.899,3.897,3.9,,,,232.2,0.0,0.0,,,,,300.167,300.0,301.0,,,0.0,9140.0,9169.0,0.0,0.0,0.0,0.0,0.0,0.0,30.0,0.0,0.0,0.0,30.0,0.0,0.0,0.0,0.0,0.0,"solar2_v,lipo2_v"
2020-10-25T12:00:00Z,27.0,27.0,,,0.0,0.0,,,,,,,,,,,3.899,3.897,3.9,,,,232.63,0.0,0.0,,,,,299.593,297.0,301.0,,,0.0,9170.0,9198.0,0.0,0.0,0.0,0.0,0.0,0.0,27.0,0.0,0.0,0.0,27.0,0.0,0.0,0.0,0.0,0.0,"solar2_v,lipo2_v"
2020-10-25T13:00:00Z,29.0,29.0,,,0.0,0.0,,,,,,,,,,,3.897,3.895,3.899,,,,232.241,0.0,0.0,,,,,300.724,300.0,301.0,,,0.0,9199.0,9227.0,0.0,0.0,0.0,0.0,0.0,0.0,29.0,0.0,0.0,0.0,29.0,0.0,0.0,0.0,0.0,0.0,"solar2_v,lipo2_v"
2020-10-25T14:00:00Z,27.0,27.0,,,0.0,0.0,,,,,,,,,,,3.896,3.895,3.897,,,,232.704,0.0,0.0,,,,,300.296,297.0,301.0,,,0.0,9228.0,9257.0,0.0,0.0,0.0,0.0,0.0,0.0,27.0,0.0,0.0,0.0,27.0,0.0,0.0,0.0,0.0,0.0,"solar2_v,lipo2_v"
2020-10-25T15:00:00Z,29.0,29.0,,,0.0,0.0,,,,,,,,,,,3.895,3.894,3.897,,,,233.0,0.0,0.0,,,,,291.517,287.0,297.0,,,0.0,9258.0,9286.0,0.0,0.0,0.0,0.0,0.0,0.0,29.0,0.0,0.0,0.0,29.0,0.0,0.0,0.0,0.0,0.0,"solar2_v,lipo2_v"
2020-10-25T16:00:00Z,30.0,30.0,,,0.0,0.0,,,,,,,,,,,3.895,3.894,3.897,,,,233.1,0.0,0.0,,,,,291.7,290.0,294.0,,,0.0,9287.0,9316.0,0.0,0.0,0.0,0.0,0.0,0.0,30.0,0.0,0.0,0.0,30.0,0.0,0.0,0.0,0.0,0.0,"solar2_v,lipo2_v"
2020-10-25T17:00:00Z,29.0,29.0,,,0.0,0.0,,,,,,,,,,,3.894,3.894,3.895,,,,233.241,0.0,0.0,,,,,288.655,287.0,292.0,,,0.0,9317.0,9345.0,0.0,0.0,0.0,0.0,0.0,0.0,29.0,0.0,0.0,0.0,29.0,0.0,0.0,0.0,0.0,0.0,"solar2_v,lipo2_v"
2020-10-25T18:00:00Z,30.0,30.0,,,0.0,0.0,,,,,,,,,,,3.894,3.892,3.895,,,,233.533,0.0,0.0,,,,,286.6,286.0,287.0,,,0.0,9346.0,9375.0,0.0,0.0,0.0,0.0,0.0,0.0,30.0,0.0,0.0,0.0,30.0,0.0,0.0,0.0,0.0,0.0,"solar2_v,lipo2_v"
2020-10-25T19:00:00Z,29.0,29.0,,,0.0,0.0,,,,,,,,,,,3.893,3.892,3.894,,,,233.69,0.0,0.0,,,,,286.345,286.0,287.0,,,0.0,9376.0,9404.0,0.0,0.0,0.0,0.0,0.0,0.0,29.0,0.0,0.0,0.0,29.0,0.0,0.0,0.0,0.0,0.0,"solar2_v,lipo2_v"
2020-10-25T20:00:00Z,29.0,29.0,,,0.0,0.0,,,,,,,,,,,3.893,3.89,3.894,,,,233.69,0.0,0.0,,,,,286.103,285.0,287.0,,,0.0,9405.0,9433.0,0.0,0.0,0.0,0.0,0.0,0.0,29.0,0.0,0.0,0.0,29.0,0.0,0.0,0.0,0.0,0.0,"solar2_v,lipo2_v"
2020-10-25T21:00:00Z,30.0,30.0,,,0.0,0.0,,,,,,,,,,,3.892,3.89,3.894,,,,233.433,0.0,0.0,,,,,287.333,287.0,288.0,,,0.0,9434.0,9463.0,0.0,0.0,0.0,0.0,0.0,0.0,30.0,0.0,0.0,0.0,30.0,0.0,0.0,0.0,0.0,0.0,"solar2_v,lipo2_v"
2020-10-25T22:00:00Z,29.0,29.0,,,0.0,0.0,,,,,,,,,,,3.89,3.887,3.892,,,,233.828,0.0,0.0,,,,,283.345,281.0,287.0,,,0.0,9464.0,9492.0,0.0,0.0,0.0,0.0,0.0,0.0,29.0,0.0,0.0,0.0,29.0,0.0,0.0,0.0,0.0,0.0,"solar2_v,lipo2_v"
2020-10-25T23:00:00Z,30.0,30.0,,,0.126,0.488,,,,,,,,,,,3.889,3.887,3.892,,,,233.867,0.0,0.0,,,,,284.767,282.0,290.0,,,0.0,9493.0,9522.0,0.0,10.0,0.0,0.0,0.0,0.0,30.0,0.0,0.0,0.0,30.0,0.0,0.0,0.0,0.0,0.0,"solar2_v,lipo2_v"
2020-10-26T00:00:00Z,29.0,29.0,,,0.54,0.718,,,,,,,,,,,3.89,3.887,3.892,,,,232.483,0.0,0.0,,,,,300.034,292.0,307.0,,,0.0,9523.0,9551.0,0.0,29.0,0.0,0.0,0.0,0.0,29.0,0.0,0.0,0.0,29.0,0.0,0.0,0.0,0.0,0.0,"solar2_v,lipo2_v"
2020-10-26T01:00:00Z,30.0,30.0,,,0.825,0.971,,,,,,,,,,,3.892,3.889,3.894,,,,230.033,0.0,0.0,,,,,319.467,308.0,336.0,,,0.0,9552.0,9581.0,0.0,30.0,0.0,0.0,0.0,0.0,30.0,0.0,0.0,0.0,30.0,0.0,0.0,0.0,0.0,0.0,"solar2_v,lipo2_v"
2020-10-26T02:00:00Z,29.0,29.0,,,1.038,1.121,,,,,,,,,,,3.893,3.89,3.894,,,,226.759,0.0,0.0,,,,,355.379,339.0,370.0,,,0.0,9582.0,9610.0,0.0,29.0,0.0,0.0,0.0,0.0,29.0,0.0,0.0,0.0,29.0,0.0,0.0,0.0,0.0,0.0,"solar2_v,lipo2_v"
2020-10-26T03:00:00Z,30.0,30.0,,,1.123,1.49,,,,,,,,,,,3.894,3.892,3.895,,,,224.867,0.0,0.0,,,,,376.4,371.0,382.0,,,0.0,9611.0,9640.0,0.0,30.0,0.0,0.0,0.0,0.0,30.0,0.0,0.0,0.0,30.0,0.0,0.0,0.0,0.0,0.0,"solar2_v,lipo2_v"
2020-10-26T04:00:00Z,28.0,28.0,,,1.075,1.699,,,,,,,,,,,3.892,3.89,3.894,,,,225.714,0.0,0.0,,,,,368.964,366.0,373.0,,,0.0,9641.0,9669.0,0.0,28.0,0.0,0.0,0.0,0.0,28.0,0.0,0.0,0.0,28.0,0.0,0.0,0.0,0.0,0.0,"solar2_v,lipo2_v"
2020-10-26T05:00:00Z,30.0,30.0,,,1.178,1.887,,,,,,,,,,,3.892,3.89,3.894,,,,225.0,0.0,0.0,,,,,371.367,359.0,383.0,,,0.0,9670.0,9699.0,0.0,30.0,0.0,0.0,0.0,0.0,30.0,0.0,0.0,0.0,30.0,0.0,0.0,0.0,0.0,0.0,"solar2_v,lipo2_v"
2020-10-26T06:00:00Z,29.0,29.0,,,1.327,1.766,,,,,,,,,,,3.892,3.889,3.894,,,,223.897,0.0,0.0,,,,,388.103,374.0,407.0,,,0.0,9700.0,9728.0,0.0,29.0,0.0,0.0,0.0,0.0,29.0,0.0,0.0,0.0,29.0,0.0,0.0,0.0,0.0,0.0,"solar2_v,lipo2_v"
2020-10-26T07:00:00Z,29.0,29.0,,,0.714,1.185,,,,,,,,,,,3.891,3.889,3.894,,,,225.724,0.0,0.0,,,,,366.241,345.0,407.0,,,0.0,9729.0,9758.0,0.0,29.0,0.0,0.0,0.0,0.0,29.0,0.0,0.0,0.0,29.0,0.0,0.0,0.0,0.0,0.0,"solar2_v,lipo2_v"
2020-10-26T08:00:00Z,29.0,29.0,,,1.144,1.472,,,,,,,,,,,3.89,3.887,3.892,,,,227.0,0.0,0.0,,,,,355.138,343.0,365.0,,,0.0,9759.0,9787.0,0.0,29.0,0.0,0.0,0.0,0.0,29.0,0.0,0.0,0.0,29.0,0.0,0.0,0.0,0.0,0.0,"solar2_v,lipo2_v"
2020-10-26T09:00:00Z,27.0,27.0,,,0.464,0.995,,,,,,,,,,,3.89,3.889,3.892,,,,227.185,0.0,0.0,,,,,349.111,333.0,356.0,,,0.0,9788.0,9816.0,0.0,18.0,0.0,0.0,0.0,0.0,27.0,0.0,0.0,0.0,27.0,0.0,0.0,0.0,0.0,0.0,"solar2_v,lipo2_v"
2020-10-26T10:00:00Z,30.0,30.0,,,0.0,0.0,,,,,,,,,,,3.888,3.885,3.89,,,,229.4,0.0,0.0,,,,,325.033,318.0,332.0,,,0.0,9817.0,9846.0,0.0,0.0,0.0,0.0,0.0,0.0,30.0,0.0,0.0,0.0,30.0,0.0,0.0,0.0,0.0,0.0,"solar2_v,lipo2_v"
2020-10-26T11:00:00Z,29.0,29.0,,,0.0,0.0,,,,,,,,,,,3.886,3.884,3.889,,,,231.379,0.0,0.0,,,,,314.172,313.0,318.0,,,0.0,9847.0,9875.0,0.0,0.0,0.0,0.0,0.0,0.0,29.0,0.0,0.0,0.0,29.0,0.0,0.0,0.0,0.0,0.0,"solar2_v,lipo2_v"
2020-10-26T12:00:00Z,29.0,29.0,,,0.0,0.0,,,,,,,,,,,3.885,3.884,3.887,,,,231.345,0.0,0.0,,,,,309.655,307.0,313.0,,,0.0,9876.0,9904.0,0.0,0.0,0.0,0.0,0.0,0.0,29.0,0.0,0.0,0.0,29.0,0.0,0.0,0.0,0.0,0.0,"solar2_v,lipo2_v"
2020-10-26T13:00:00Z,28.0,28.0,,,0.0,0.0,,,,,,,,,,,3.884,3.88,3.887,,,,231.036,0.0,0.0,,,,,309.714,306.0,313.0,,,0.0,9906.0,9933.0,0.0,0.0,0.0,0.0,0.0,0.0,28.0,0.0,0.0,0.0,28.0,0.0,0.0,0.0,0.0,0.0,"solar2_v,lipo2_v"
2020-10-26T14:00:00Z,26.0,26.0,,,0.0,0.0,,,,,,,,,,,3.884,3.88,3.885,,,,230.962,0.0,0.0,,,,,311.923,308.0,314.0,,,0.0,9935.0,9964.0,0.0,0.0,0.0,0.0,0.0,0.0,26.0,0.0,0.0,0.0,26.0,0.0,0.0,0.0,0.0,0.0,"solar2_v,lipo2_v"
2020-10-26T15:00:00Z,29.0,29.0,,,0.0,0.0,,,,,,,,,,,3.883,3.88,3.885,,,,230.931,0.0,0.0,,,,,312.69,309.0,314.0,,,0.0,9965.0,9993.0,0.0,0.0,0.0,0.0,0.0,0.0,29.0,0.0,0.0,0.0,29.0,0.0,0.0,0.0,0.0,0.0,"solar2_v,lipo2_v"
2020-10-26T16:00:00Z,30.0,30.0,,,0.0,0.0,,,,,,,,,,,3.883,3.88,3.885,,,,231.133,0.0,0.0,,,,,310.833,307.0,314.0,,,0.0,9994.0,10023.0,0.0,0.0,0.0,0.0,0.0,0.0,30.0,0.0,0.0,0.0,30.0,0.0,0.0,0.0,0.0,0.0,"solar2_v,lipo2_v"
2020-10-26T17:00:00Z,28.0,28.0,,,0.0,0.0,,,,,,,,,,,3.883,3.88,3.885,,,,231.75,0.0,0.0,,,,,306.821,302.0,314.0,,,0.0,10024.0,10051.0,0.0,0.0,0.0,0.0,0.0,0.0,28.0,0.0,0.0,0.0,28.0,0.0,0.0,0.0,0.0,0.0,"solar2_v,lipo2_v"
2020-10-26T18:00:00Z,30.0,30.0,,,0.0,0.0,,,,,,,,,,,3.881,3.879,3.884,,,,232.167,0.0,0.0,,,,,301.033,301.0,302.0,,,0.0,10052.0,10081.0,0.0,0.0,0.0,0.0,0.0,0.0,30.0,0.0,0.0,0.0,30.0,0.0,0.0,0.0,0.0,0.0,"solar2_v,lipo2_v"
2020-10-26T19:00:00Z,29.0,29.0,,,0.0,0.0,,,,,,,,,,,3.88,3.879,3.882,,,,232.103,0.0,0.0,,,,,300.103,299.0,301.0,,,0.0,10082.0,10110.0,0.0,0.0,0.0,0.0,0.0,0.0,29.0,0.0,0.0,0.0,29.0,0.0,0.0,0.0,0.0,0.0,"solar2_v,lipo2_v"
2020-10-26T20:00:00Z,30.0,30.0,,,0.0,0.0,,,,,,,,,,,3.88,3.877,3.88,,,,232.9,0.0,0.0,,,,,297.333,293.0,300.0,,,0.0,10111.0,10140.0,0.0,0.0,0.0,0.0,0.0,0.0,30.0,0.0,0.0,0.0,30.0,0.0,0.0,0.0,0.0,0.0,"solar2_v,lipo2_v"
2020-10-26T21:00:00Z,29.0,29.0,,,0.0,0.0,,,,,,,,,,,3.879,3.877,3.88,,,,233.31,0.0,0.0,,,,,289.828,287.0,293.0,,,0.0,10141.0,10169.0,0.0,0.0,0.0,0.0,0.0,0.0,29.0,0.0,0.0,0.0,29.0,0.0,0.0,0.0,0.0,0.0,"solar2_v,lipo2_v"
2020-10-26T22:00:00Z,29.0,29.0,,,0.0,0.0,,,,,,,,,,,3.878,3.875,3.88,,,,234.0,0.0,0.0,,,,,286.483,286.0,287.0,,,0.0,10170.0,10198.0,0.0,0.0,0.0,0.0,0.0,0.0,29.0,0.0,0.0,0.0,29.0,0.0,0.0,0.0,0.0,0.0,"solar2_v,lipo2_v"
2020-10-26T23:00:00Z,30.0,30.0,,,0.155,0.524,,,,,,,,,,,3.877,3.875,3.879,,,,233.533,0.0,0.0,,,,,286.833,286.0,291.0,,,0.0,10199.0,10228.0,0.0,11.0,0.0,0.0,0.0,0.0,30.0,0.0,0.0,0.0,30.0,0.0,0.0,0.0,0.0,0.0,"solar2_v,lipo2_v"
2020-10-27T00:00:00Z,29.0,29.0,,,0.733,0.872,,,,,,,,,,,3.878,3.875,3.879,,,,232.483,0.0,0.0,,,,,299.172,291.0,307.0,,,0.0,10229.0,10257.0,0.0,29.0,0.0,0.0,0.0,0.0,29.0,0.0,0.0,0.0,29.0,0.0,0.0,0.0,0.0,0.0,"solar2_v,lipo2_v"
2020-10-27T01:00:00Z,30.0,30.0,,,0.816,0.962,,,,,,,,,,,3.878,3.875,3.88,,,,230.3,0.0,0.0,,,,,316.0,307.0,329.0,,,0.0,10258.0,10287.0,0.0,30.0,0.0,0.0,0.0,0.0,30.0,0.0,0.0,0.0,30.0,0.0,0.0,0.0,0.0,0.0,"solar2_v,lipo2_v"
2020-10-27T02:00:00Z,29.0,29.0,,,1.083,1.407,,,,,,,,,,,3.88,3.879,3.882,,,,226.897,0.0,0.0,,,,,352.966,331.0,367.0,,,0.0,10288.0,10316.0,0.0,29.0,0.0,0.0,0.0,0.0,29.0,0.0,0.0,0.0,29.0,0.0,0.0,0.0,0.0,0.0,"solar2_v,lipo2_v"
2020-10-27T03:00:00Z,28.0,28.0,,,1.236,1.668,,,,,,,,,,,3.882,3.879,3.884,,,,226.0,0.0,0.0,,,,,362.571,357.0,367.0,,,0.0,10317.0,10346.0,0.0,28.0,0.0,0.0,0.0,0.0,28.0,0.0,0.0,0.0,28.0,0.0,0.0,0.0,0.0,0.0,"solar2_v,lipo2_v"
2020-10-27T04:00:00Z,28.0,28.0,,,1.485,1.736,,,,,,,,,,,3.882,3.88,3.884,,,,225.929,0.0,0.0,,,,,366.571,364.0,368.0,,,0.0,10347.0,10375.0,0.0,28.0,0.0,0.0,0.0,0.0,28.0,0.0,0.0,0.0,28.0,0.0,0.0,0.0,0.0,0.0,"solar2_v,lipo2_v"
2020-10-27T05:00:00Z,30.0,30.0,,,1.358,1.704,,,,,,,,,,,3.881,3.88,3.884,,,,226.167,0.0,0.0,,,,,361.933,354.0,369.0,,,0.0,10376.0,10405.0,0.0,30.0,0.0,0.0,0.0,0.0,30.0,0.0,0.0,0.0,30.0,0.0,0.0,0.0,0.0,0.0,"solar2_v,lipo2_v"
2020-10-27T06:00:00Z,27.0,27.0,,,1.321,1.481,,,,,,,,,,,3.88,3.879,3.882,,,,226.889,0.0,0.0,,,,,353.111,351.0,354.0,,,0.0,10406.0,10434.0,0.0,27.0,0.0,0.0,0.0,0.0,27.0,0.0,0.0,0.0,27.0,0.0,0.0,0.0,0.0,0.0,"solar2_v,lipo2_v"
2020-10-27T07:00:00Z,29.0,29.0,,,1.264,1.408,,,,,,,,,,,3.88,3.879,3.882,,,,226.31,0.0,0.0,,,,,354.138,348.0,358.0,,,0.0,10435.0,10464.0,0.0,29.0,0.0,0.0,0.0,0.0,29.0,0.0,0.0,0.0,29.0,0.0,0.0,0.0,0.0,0.0,"solar2_v,lipo2_v"
2020-10-27T08:00:00Z,29.0,29.0,,,0.725,1.048,,,,,,,,,,,3.879,3.877,3.882,,,,228.069,0.0,0.0,,,,,341.586,333.0,347.0,,,0.0,10465.0,10493.0,0.0,29.0,0.0,0.0,0.0,0.0,29.0,0.0,0.0,0.0,29.0,0.0,0.0,0.0,0.0,0.0,"solar2_v,lipo2_v"
2020-10-27T09:00:00Z,6.0,6.0,,,0.43,0.474,,,,,,,,,,,3.879,3.879,3.88,,,,229.333,0.0,0.0,,,,,330.333,329.0,332.0,,,0.0,10494.0,10499.0,0.0,6.0,0.0,0.0,0.0,0.0,6.0,0.0,0.0,0.0,6.0,0.0,0.0,0.0,0.0,0.0,"solar2_v,lipo2_v"
2020-10-28T02:00:00Z,7.0,7.0,,,1.057,1.116,,,,,,,,,,,3.851,3.851,3.852,,,,228.714,0.0,0.0,,,,,326.143,326.0,327.0,,,0.0,10928.0,10934.0,0.0,7.0,0.0,0.0,0.0,0.0,7.0,0.0,0.0,0.0,7.0,0.0,0.0,0.0,0.0,0.0,"solar2_v,lipo2_v"
2020-10-28T03:00:00Z,9.0,9.0,,,1.109,1.18,,,,,,,,,,,3.852,3.851,3.854,,,,228.444,0.0,0.0,,,,,326.778,326.0,327.0,,,0.0,10935.0,10943.0,0.0,9.0,0.0,0.0,0.0,0.0,9.0,0.0,0.0,0.0,9.0,0.0,0.0,0.0,0.0,0.0,"solar2_v,lipo2_v"
2020-10-28T09:00:00Z,26.0,26.0,,,0.26,0.569,,,,,,,,,,,3.839,3.838,3.841,,,,229.615,0.0,0.0,,,,,320.654,317.0,327.0,,,0.0,11086.0,11111.0,0.0,15.0,0.0,0.0,0.0,0.0,26.0,0.0,0.0,0.0,26.0,0.0,0.0,0.0,0.0,0.0,"solar2_v,lipo2_v"
2020-10-28T10:00:00Z,29.0,29.0,,,0.0,0.0,,,,,,,,,,,3.839,3.838,3.841,,,,231.414,0.0,0.0,,,,,308.103,301.0,316.0,,,0.0,11112.0,11140.0,0.0,0.0,0.0,0.0,0.0,0.0,29.0,0.0,0.0,0.0,29.0,0.0,0.0,0.0,0.0,0.0,"solar2_v,lipo2_v"
2020-10-28T11:00:00Z,30.0,30.0,,,0.0,0.0,,,,,,,,,,,3.839,3.838,3.841,,,,231.633,0.0,0.0,,,,,302.7,301.0,306.0,,,0.0,11141.0,11170.0,0.0,0.0,0.0,0.0,0.0,0.0,30.0,0.0,0.0,0.0,30.0,0.0,0.0,0.0,0.0,0.0,"solar2_v,lipo2_v"
2020-10-28T12:00:00Z,28.0,28.0,,,0.0,0.0,,,,,,,,,,,3.838,3.836,3.841,,,,232.214,0.0,0.0,,,,,300.893,300.0,301.0,,,0.0,11171.0,11199.0,0.0,0.0,0.0,0.0,0.0,0.0,28.0,0.0,0.0,0.0,28.0,0.0,0.0,0.0,0.0,0.0,"solar2_v,lipo2_v"
2020-10-28T13:00:00Z,30.0,30.0,,,0.0,0.0,,,,,,,,,,,3.837,3.836,3.839,,,,232.9,0.0,0.0,,,,,295.633,294.0,300.0,,,0.0,11200.0,11229.0,0.0,0.0,0.0,0.0,0.0,0.0,30.0,0.0,0.0,0.0,30.0,0.0,0.0,0.0,0.0,0.0,"solar2_v,lipo2_v"
2020-10-28T14:00:00Z,26.0,26.0,,,0.0,0.0,,,,,,,,,,,3.837,3.833,3.838,,,,232.615,0.0,0.0,,,,,297.154,290.0,301.0,,,0.0,11230.0,11258.0,0.0,0.0,0.0,0.0,0.0,0.0,26.0,0.0,0.0,0.0,26.0,0.0,0.0,0.0,0.0,0.0,"solar2_v,lipo2_v"
2020-10-28T15:00:00Z,30.0,30.0,,,0.0,0.0,,,,,,,,,,,3.836,3.833,3.838,,,,233.433,0.0,0.0,,,,,287.7,287.0,290.0,,,0.0,11259.0,11288.0,0.0,0.0,0.0,0.0,0.0,0.0,30.0,0.0,0.0,0.0,30.0,0.0,0.0,0.0,0.0,0.0,"solar2_v,lipo2_v"
2020-10-28T16:00:00Z,29.0,29.0,,,0.0,0.0,,,,,,,,,,,3.835,3.833,3.838,,,,233.069,0.0,0.0,,,,,288.862,288.0,290.0,,,0.0,11289.0,11317.0,0.0,0.0,0.0,0.0,0.0,0.0,29.0,0.0,0.0,0.0,29.0,0.0,0.0,0.0,0.0,0.0,"solar2_v,lipo2_v"
2020-10-28T17:00:00Z,30.0,30.0,,,0.0,0.0,,,,,,,,,,,3.835,3.833,3.838,,,,233.433,0.0,0.0,,,,,287.633,286.0,290.0,,,0.0,11318.0,11347.0,0.0,0.0,0.0,0.0,0.0,0.0,30.0,0.0,0.0,0.0,30.0,0.0,0.0,0.0,0.0,0.0,"solar2_v,lipo2_v"
2020-10-28T18:00:00Z,25.0,25.0,,,0.0,0.0,,,,,,,,,,,3.834,3.833,3.836,,,,233.68,0.0,0.0,,,,,286.28,286.0,287.0,,,0.0,11348.0,11375.0,0.0,0.0,0.0,0.0,0.0,0.0,25.0,0.0,0.0,0.0,25.0,0.0,0.0,0.0,0.0,0.0,"solar2_v,lipo2_v"
2020-10-28T19:00:00Z,30.0,30.0,,,0.0,0.0,,,,,,,,,,,3.833,3.831,3.834,,,,233.467,0.0,0.0,,,,,286.4,286.0,287.0,,,0.0,11376.0,11405.0,0.0,0.0,0.0,0.0,0.0,0.0,30.0,0.0,0.0,0.0,30.0,0.0,0.0,0.0,0.0,0.0,"solar2_v,lipo2_v"
2020-10-28T20:00:00Z,29.0,29.0,,,0.0,0.0,,,,,,,,,,,3.833,3.829,3.834,,,,233.655,0.0,0.0,,,,,285.931,285.0,287.0,,,0.0,11406.0,11434.0,0.0,0.0,0.0,0.0,0.0,0.0,29.0,0.0,0.0,0.0,29.0,0.0,0.0,0.0,0.0,0.0,"solar2_v,lipo2_v"
2020-10-28T21:00:00Z,30.0,30.0,,,0.0,0.0,,,,,,,,,,,3.832,3.829,3.833,,,,233.633,0.0,0.0,,,,,285.467,284.0,286.0,,,0.0,11435.0,11464.0,0.0,0.0,0.0,0.0,0.0,0.0,30.0,0.0,0.0,0.0,30.0,0.0,0.0,0.0,0.0,0.0,"solar2_v,lipo2_v"
2020-10-28T22:00:00Z,29.0,29.0,,,0.0,0.0,,,,,,,,,,,3.831,3.829,3.834,,,,233.586,0.0,0.0,,,,,285.862,285.0,286.0,,,0.0,11465.0,11493.0,0.0,0.0,0.0,0.0,0.0,0.0,29.0,0.0,0.0,0.0,29.0,0.0,0.0,0.0,0.0,0.0,"solar2_v,lipo2_v"
2020-10-28T23:00:00Z,30.0,30.0,,,0.062,0.433,,,,,,,,,,,3.83,3.829,3.833,,,,233.567,0.0,0.0,,,,,288.0,286.0,293.0,,,0.0,11494.0,11523.0,0.0,5.0,0.0,0.0,0.0,0.0,30.0,0.0,0.0,0.0,30.0,0.0,0.0,0.0,0.0,0.0,"solar2_v,lipo2_v"
2020-10-29T00:00:00Z,29.0,29.0,,,0.698,1.344,,,,,,,,,,,3.831,3.829,3.833,,,,231.931,0.0,0.0,,,,,302.517,293.0,317.0,,,0.0,11524.0,11552.0,0.0,29.0,0.0,0.0,0.0,0.0,29.0,0.0,0.0,0.0,29.0,0.0,0.0,0.0,0.0,0.0,"solar2_v,lipo2_v"
2020-10-29T01:00:00Z,30.0,30.0,,,1.11,1.385,,,,,,,,,,,3.833,3.831,3.834,,,,228.433,0.0,0.0,,,,,332.333,320.0,347.0,,,0.0,11553.0,11582.0,0.0,30.0,0.0,0.0,0.0,0.0,30.0,0.0,0.0,0.0,30.0,0.0,0.0,0.0,0.0,0.0,"solar2_v,lipo2_v"
2020-10-29T02:00:00Z,29.0,29.0,,,1.103,1.407,,,,,,,,,,,3.833,3.831,3.834,,,,227.034,0.0,0.0,,,,,349.241,344.0,353.0,,,0.0,11583.0,11611.0,0.0,29.0,0.0,0.0,0.0,0.0,29.0,0.0,0.0,0.0,29.0,0.0,0.0,0.0,0.0,0.0,"solar2_v,lipo2_v"
2020-10-29T03:00:00Z,29.0,29.0,,,1.294,1.904,,,,,,,,,,,3.833,3.831,3.836,,,,225.207,0.0,0.0,,,,,372.483,347.0,387.0,,,0.0,11612.0,11640.0,0.0,29.0,0.0,0.0,0.0,0.0,29.0,0.0,0.0,0.0,29.0,0.0,0.0,0.0,0.0,0.0,"solar2_v,lipo2_v"
2020-10-29T04:00:00Z,30.0,30.0,,,1.121,1.713,,,,,,,,,,,3.833,3.829,3.834,,,,224.3,0.0,0.0,,,,,374.667,367.0,380.0,,,0.0,11641.0,11670.0,0.0,30.0,0.0,0.0,0.0,0.0,30.0,0.0,0.0,0.0,30.0,0.0,0.0,0.0,0.0,0.0,"solar2_v,lipo2_v"
2020-10-29T05:00:00Z,29.0,29.0,,,1.262,1.643,,,,,,,,,,,3.832,3.831,3.834,,,,223.759,0.0,0.0,,,,,380.793,371.0,388.0,,,0.0,11671.0,11699.0,0.0,29.0,0.0,0.0,0.0,0.0,29.0,0.0,0.0,0.0,29.0,0.0,0.0,0.0,0.0,0.0,"solar2_v,lipo2_v"
2020-10-29T06:00:00Z,30.0,30.0,,,0.847,1.323,,,,,,,,,,,3.831,3.828,3.834,,,,226.3,0.0,0.0,,,,,356.0,323.0,378.0,,,0.0,11700.0,11729.0,0.0,30.0,0.0,0.0,0.0,0.0,30.0,0.0,0.0,0.0,30.0,0.0,0.0,0.0,0.0,0.0,"solar2_v,lipo2_v"
2020-10-29T07:00:00Z,29.0,29.0,,,0.204,0.69,,,,,,,,,,,3.828,3.826,3.831,,,,231.138,0.0,0.0,,,,,308.276,300.0,320.0,,,0.0,11730.0,11758.0,0.0,13.0,0.0,0.0,0.0,0.0,29.0,0.0,0.0,0.0,29.0,0.0,0.0,0.0,0.0,0.0,"solar2_v,lipo2_v"
2020-10-29T08:00:00Z,30.0,30.0,,,0.138,0.367,,,,,,,,,,,3.827,3.824,3.829,,,,232.467,0.0,0.0,,,,,300.533,300.0,301.0,,,0.0,11759.0,11788.0,0.0,12.0,0.0,0.0,0.0,0.0,30.0,0.0,0.0,0.0,30.0,0.0,0.0,0.0,0.0,0.0,"solar2_v,lipo2_v"
2020-10-29T09:00:00Z,29.0,29.0,,,0.095,0.36,,,,,,,,,,,3.826,3.824,3.828,,,,232.448,0.0,0.0,,,,,300.31,299.0,301.0,,,0.0,11789.0,11817.0,0.0,8.0,0.0,0.0,0.0,0.0,29.0,0.0,0.0,0.0,29.0,0.0,0.0,0.0,0.0,0.0,"solar2_v,lipo2_v"
2020-10-29T10:00:00Z,30.0,30.0,,,0.0,0.0,,,,,,,,,,,3.825,3.823,3.828,,,,232.6,0.0,0.0,,,,,296.533,295.0,299.0,,,0.0,11818.0,11847.0,0.0,0.0,0.0,0.0,0.0,0.0,30.0,0.0,0.0,0.0,30.0,0.0,0.0,0.0,0.0,0.0,"solar2_v,lipo2_v"
2020-10-29T11:00:00Z,29.0,29.0,,,0.0,0.0,,,,,,,,,,,3.824,3.823,3.826,,,,233.172,0.0,0.0,,,,,291.793,289.0,295.0,,,0.0,11848.0,11876.0,0.0,0.0,0.0,0.0,0.0,0.0,29.0,0.0,0.0,0.0,29.0,0.0,0.0,0.0,0.0,0.0,"solar2_v,lipo2_v"
2020-10-29T12:00:00Z,30.0,30.0,,,0.0,0.0,,,,,,,,,,,3.824,3.823,3.826,,,,233.467,0.0,0.0,,,,,286.067,283.0,289.0,,,0.0,11877.0,11906.0,0.0,0.0,0.0,0.0,0.0,0.0,30.0,0.0,0.0,0.0,30.0,0.0,0.0,0.0,0.0,0.0,"solar2_v,lipo2_v"
2020-10-29T13:00:00Z,29.0,29.0,,,0.0,0.0,,,,,,,,,,,3.823,3.821,3.826,,,,233.897,0.0,0.0,,,,,283.828,281.0,286.0,,,0.0,11907.0,11935.0,0.0,0.0,0.0,0.0,0.0,0.0,29.0,0.0,0.0,0.0,29.0,0.0,0.0,0.0,0.0,0.0,"solar2_v,lipo2_v"
2020-10-29T14:00:00Z,30.0,30.0,,,0.0,0.0,,,,,,,,,,,3.823,3.821,3.824,,,,233.6,0.0,0.0,,,,,281.7,281.0,283.0,,,0.0,11936.0,11965.0,0.0,0.0,0.0,0.0,0.0,0.0,30.0,0.0,0.0,0.0,30.0,0.0,0.0,0.0,0.0,0.0,"solar2_v,lipo2_v"
2020-10-29T15:00:00Z,29.0,29.0,,,0.0,0.0,,,,,,,,,,,3.822,3.821,3.824,,,,234.207,0.0,0.0,,,,,280.69,279.0,283.0,,,0.0,11966.0,11994.0,0.0,0.0,0.0,0.0,0.0,0.0,29.0,0.0,0.0,0.0,29.0,0.0,0.0,0.0,0.0,0.0,"solar2_v,lipo2_v"
2020-10-29T16:00:00Z,30.0,30.0,,,0.0,0.0,,,,,,,,,,,3.822,3.819,3.823,,,,233.867,0.0,0.0,,,,,282.8,281.0,284.0,,,0.0,11995.0,12024.0,0.0,0.0,0.0,0.0,0.0,0.0,30.0,0.0,0.0,0.0,30.0,0.0,0.0,0.0,0.0,0.0,"solar2_v,lipo2_v"
2020-10-29T17:00:00Z,29.0,29.0,,,0.0,0.0,,,,,,,,,,,3.821,3.819,3.824,,,,233.759,0.0,0.0,,,,,282.621,281.0,285.0,,,0.0,12025.0,12053.0,0.0,0.0,0.0,0.0,0.0,0.0,29.0,0.0,0.0,0.0,29.0,0.0,0.0,0.0,0.0,0.0,"solar2_v,lipo2_v"
2020-10-29T18:00:00Z,29.0,29.0,,,0.0,0.0,,,,,,,,,,,3.821,3.818,3.823,,,,233.759,0.0,0.0,,,,,281.517,281.0,284.0,,,0.0,12054.0,12082.0,0.0,0.0,0.0,0.0,0.0,0.0,29.0,0.0,0.0,0.0,29.0,0.0,0.0,0.0,0.0,0.0,"solar2_v,lipo2_v"
2020-10-29T19:00:00Z,30.0,30.0,,,0.0,0.0,,,,,,,,,,,3.821,3.819,3.823,,,,233.6,0.0,0.0,,,,,286.2,284.0,287.0,,,0.0,12083.0,12112.0,0.0,0.0,0.0,0.0,0.0,0.0,30.0,0.0,0.0,0.0,30.0,0.0,0.0,0.0,0.0,0.0,"solar2_v,lipo2_v"
2020-10-29T20:00:00Z,29.0,29.0,,,0.0,0.0,,,,,,,,,,,3.82,3.818,3.821,,,,233.586,0.0,0.0,,,,,284.966,283.0,286.0,,,0.0,12113.0,12141.0,0.0,0.0,0.0,0.0,0.0,0.0,29.0,0.0,0.0,0.0,29.0,0.0,0.0,0.0,0.0,0.0,"solar2_v,lipo2_v"
2020-10-29T21:00:00Z,30.0,30.0,,,0.0,0.0,,,,,,,,,,,3.82,3.818,3.821,,,,233.867,0.0,0.0,,,,,281.467,280.0,285.0,,,0.0,12142.0,12171.0,0.0,0.0,0.0,0.0,0.0,0.0,30.0,0.0,0.0,0.0,30.0,0.0,0.0,0.0,0.0,0.0,"solar2_v,lipo2_v"
2020-10-29T22:00:00Z,29.0,29.0,,,0.0,0.0,,,,,,,,,,,3.819,3.818,3.821,,,,234.414,0.0,0.0,,,,,277.0,275.0,280.0,,,0.0,12172.0,12200.0,0.0,0.0,0.0,0.0,0.0,0.0,29.0,0.0,0.0,0.0,29.0,0.0,0.0,0.0,0.0,0.0,"solar2_v,lipo2_v"
2020-10-29T23:00:00Z,30.0,30.0,,,0.142,0.513,,,,,,,,,,,3.819,3.818,3.821,,,,233.833,0.0,0.0,,,,,281.1,275.0,290.0,,,0.0,12201.0,12230.0,0.0,10.0,0.0,0.0,0.0,0.0,30.0,0.0,0.0,0.0,30.0,0.0,0.0,0.0,0.0,0.0,"solar2_v,lipo2_v"
2020-10-30T00:00:00Z,29.0,29.0,,,0.546,0.943,,,,,,,,,,,3.819,3.818,3.819,,,,232.379,0.0,0.0,,,,,299.793,291.0,302.0,,,0.0,12231.0,12259.0,0.0,29.0,0.0,0.0,0.0,0.0,29.0,0.0,0.0,0.0,29.0,0.0,0.0,0.0,0.0,0.0,"solar2_v,lipo2_v"
2020-10-30T01:00:00Z,30.0,30.0,,,0.861,1.399,,,,,,,,,,,3.819,3.818,3.821,,,,230.067,0.0,0.0,,,,,319.4,303.0,328.0,,,0.0,12260.0,12289.0,0.0,30.0,0.0,0.0,0.0,0.0,30.0,0.0,0.0,0.0,30.0,0.0,0.0,0.0,0.0,0.0,"solar2_v,lipo2_v"
2020-10-30T02:00:00Z,29.0,29.0,,,1.147,1.69,,,,,,,,,,,3.82,3.819,3.821,,,,228.0,0.0,0.0,,,,,341.448,327.0,354.0,,,0.0,12290.0,12318.0,0.0,29.0,0.0,0.0,0.0,0.0,29.0,0.0,0.0,0.0,29.0,0.0,0.0,0.0,0.0,0.0,"solar2_v,lipo2_v"
2020-10-30T03:00:00Z,30.0,30.0,,,1.187,1.74,,,,,,,,,,,3.821,3.819,3.823,,,,225.733,0.0,0.0,,,,,367.9,345.0,382.0,,,0.0,12319.0,12348.0,0.0,30.0,0.0,0.0,0.0,0.0,30.0,0.0,0.0,0.0,30.0,0.0,0.0,0.0,0.0,0.0,"solar2_v,lipo2_v"
2020-10-30T04:00:00Z,29.0,29.0,,,1.172,1.546,,,,,,,,,,,3.82,3.819,3.823,,,,225.31,0.0,0.0,,,,,371.655,365.0,378.0,,,0.0,12349.0,12377.0,0.0,29.0,0.0,0.0,0.0,0.0,29.0,0.0,0.0,0.0,29.0,0.0,0.0,0.0,0.0,0.0,"solar2_v,lipo2_v"
2020-10-30T05:00:00Z,25.0,25.0,,,0.822,1.389,,,,,,,,,,,3.819,3.818,3.821,,,,226.68,0.0,0.0,,,,,359.24,354.0,367.0,,,0.0,12378.0,12406.0,0.0,25.0,0.0,0.0,0.0,0.0,25.0,0.0,0.0,0.0,25.0,0.0,0.0,0.0,0.0,0.0,"solar2_v,lipo2_v"
2020-10-30T06:00:00Z,29.0,29.0,,,0.859,1.405,,,,,,,,,,,3.819,3.818,3.823,,,,225.828,0.0,0.0,,,,,368.621,353.0,380.0,,,0.0,12407.0,12435.0,0.0,29.0,0.0,0.0,0.0,0.0,29.0,0.0,0.0,0.0,29.0,0.0,0.0,0.0,0.0,0.0,"solar2_v,lipo2_v"
2020-10-30T07:00:00Z,25.0,25.0,,,0.309,0.766,,,,,,,,,,,3.819,3.818,3.821,,,,227.72,0.0,0.0,,,,,343.64,340.0,352.0,,,0.0,12436.0,12465.0,0.0,17.0,0.0,0.0,0.0,0.0,25.0,0.0,0.0,0.0,25.0,0.0,0.0,0.0,0.0,0.0,"solar2_v,lipo2_v"
2020-10-30T08:00:00Z,29.0,29.0,,,0.871,1.408,,,,,,,,,,,3.819,3.818,3.821,,,,226.241,0.0,0.0,,,,,361.828,342.0,373.0,,,0.0,12466.0,12494.0,0.0,29.0,0.0,0.0,0.0,0.0,29.0,0.0,0.0,0.0,29.0,0.0,0.0,0.0,0.0,0.0,"solar2_v,lipo2_v"
2020-10-30T09:00:00Z,29.0,29.0,,,0.0,0.0,,,,,,,,,,,3.818,3.818,3.821,,,,231.138,0.0,0.0,,,,,313.207,300.0,355.0,,,0.0,12495.0,12524.0,0.0,0.0,0.0,0.0,0.0,0.0,29.0,0.0,0.0,0.0,29.0,0.0,0.0,0.0,0.0,0.0,"solar2_v,lipo2_v"
2020-10-30T10:00:00Z,28.0,28.0,,,0.0,0.0,,,,,,,,,,,3.817,3.816,3.818,,,,232.321,0.0,0.0,,,,,300.786,300.0,301.0,,,0.0,12525.0,12553.0,0.0,0.0,0.0,0.0,0.0,0.0,28.0,0.0,0.0,0.0,28.0,0.0,0.0,0.0,0.0,0.0,"solar2_v,lipo2_v"
2020-10-30T11:00:00Z,29.0,29.0,,,0.0,0.0,,,,,,,,,,,3.817,3.816,3.818,,,,231.655,0.0,0.0,,,,,307.448,301.0,314.0,,,0.0,12554.0,12582.0,0.0,0.0,0.0,0.0,0.0,0.0,29.0,0.0,0.0,0.0,29.0,0.0,0.0,0.0,0.0,0.0,"solar2_v,lipo2_v"
2020-10-30T12:00:00Z,28.0,28.0,,,0.0,0.0,,,,,,,,,,,3.817,3.816,3.818,,,,231.929,0.0,0.0,,,,,306.714,300.0,314.0,,,0.0,12583.0,12612.0,0.0,0.0,0.0,0.0,0.0,0.0,28.0,0.0,0.0,0.0,28.0,0.0,0.0,0.0,0.0,0.0,"solar2_v,lipo2_v"
2020-10-30T13:00:00Z,29.0,29.0,,,0.0,0.0,,,,,,,,,,,3.816,3.816,3.818,,,,233.207,0.0,0.0,,,,,293.172,291.0,297.0,,,0.0,12613.0,12641.0,0.0,0.0,0.0,0.0,0.0,0.0,29.0,0.0,0.0,0.0,29.0,0.0,0.0,0.0,0.0,0.0,"solar2_v,lipo2_v"
2020-10-30T14:00:00Z,30.0,30.0,,,0.0,0.0,,,,,,,,,,,3.816,3.816,3.816,,,,232.867,0.0,0.0,,,,,297.4,296.0,301.0,,,0.0,12642.0,12671.0,0.0,0.0,0.0,0.0,0.0,0.0,30.0,0.0,0.0,0.0,30.0,0.0,0.0,0.0,0.0,0.0,"solar2_v,lipo2_v"
2020-10-30T15:00:00Z,29.0,29.0,,,0.0,0.0,,,,,,,,,,,3.816,3.814,3.816,,,,232.862,0.0,0.0,,,,,300.931,300.0,301.0,,,0.0,12672.0,12700.0,0.0,0.0,0.0,0.0,0.0,0.0,29.0,0.0,0.0,0.0,29.0,0.0,0.0,0.0,0.0,0.0,"solar2_v,lipo2_v"
2020-10-30T16:00:00Z,30.0,30.0,,,0.0,0.0,,,,,,,,,,,3.815,3.814,3.816,,,,232.6,0.0,0.0,,,,,300.567,300.0,301.0,,,0.0,12701.0,12730.0,0.0,0.0,0.0,0.0,0.0,0.0,30.0,0.0,0.0,0.0,30.0,0.0,0.0,0.0,0.0,0.0,"solar2_v,lipo2_v"
2020-10-30T17:00:00Z,29.0,29.0,,,0.0,0.0,,,,,,,,,,,3.815,3.814,3.816,,,,232.897,0.0,0.0,,,,,301.0,301.0,301.0,,,0.0,12731.0,12759.0,0.0,0.0,0.0,0.0,0.0,0.0,29.0,0.0,0.0,0.0,29.0,0.0,0.0,0.0,0.0,0.0,"solar2_v,lipo2_v"
2020-10-30T18:00:00Z,29.0,29.0,,,0.0,0.0,,,,,,,,,,,3.815,3.813,3.816,,,,232.897,0.0,0.0,,,,,299.655,295.0,301.0,,,0.0,12760.0,12788.0,0.0,0.0,0.0,0.0,0.0,0.0,29.0,0.0,0.0,0.0,29.0,0.0,0.0,0.0,0.0,0.0,"solar2_v,lipo2_v"
2020-10-30T19:00:00Z,30.0,30.0,,,0.0,0.0,,,,,,,,,,,3.814,3.813,3.816,,,,233.367,0.0,0.0,,,,,294.167,293.0,295.0,,,0.0,12789.0,12818.0,0.0,0.0,0.0,0.0,0.0,0.0,30.0,0.0,0.0,0.0,30.0,0.0,0.0,0.0,0.0,0.0,"solar2_v,lipo2_v"
2020-10-30T20:00:00Z,29.0,29.0,,,0.0,0.0,,,,,,,,,,,3.814,3.813,3.816,,,,232.862,0.0,0.0,,,,,295.414,294.0,296.0,,,0.0,12819.0,12847.0,0.0,0.0,0.0,0.0,0.0,0.0,29.0,0.0,0.0,0.0,29.0,0.0,0.0,0.0,0.0,0.0,"solar2_v,lipo2_v"
2020-10-30T21:00:00Z,30.0,30.0,,,0.0,0.0,,,,,,,,,,,3.813,3.811,3.814,,,,233.1,0.0,0.0,,,,,295.7,295.0,296.0,,,0.0,12848.0,12877.0,0.0,0.0,0.0,0.0,0.0,0.0,30.0,0.0,0.0,0.0,30.0,0.0,0.0,0.0,0.0,0.0,"solar2_v,lipo2_v"
2020-10-30T22:00:00Z,29.0,29.0,,,0.0,0.0,,,,,,,,,,,3.812,3.809,3.814,,,,233.172,0.0,0.0,,,,,294.448,293.0,296.0,,,0.0,12878.0,12906.0,0.0,0.0,0.0,0.0,0.0,0.0,29.0,0.0,0.0,0.0,29.0,0.0,0.0,0.0,0.0,0.0,"solar2_v,lipo2_v"
2020-10-30T23:00:00Z,30.0,30.0,,,0.221,0.577,,,,,,,,,,,3.811,3.809,3.813,,,,232.633,0.0,0.0,,,,,299.7,295.0,306.0,,,0.0,12907.0,12936.0,0.0,14.0,0.0,0.0,0.0,0.0,30.0,0.0,0.0,0.0,30.0,0.0,0.0,0.0,0.0,0.0,"solar2_v,lipo2_v"
2020-10-31T00:00:00Z,29.0,29.0,,,0.548,0.769,,,,,,,,,,,3.811,3.808,3.813,,,,231.448,0.0,0.0,,,,,312.138,306.0,314.0,,,0.0,12937.0,12965.0,0.0,29.0,0.0,0.0,0.0,0.0,29.0,0.0,0.0,0.0,29.0,0.0,0.0,0.0,0.0,0.0,"solar2_v,lipo2_v"
2020-10-31T01:00:00Z,30.0,30.0,,,0.925,1.441,,,,,,,,,,,3.812,3.809,3.814,,,,229.467,0.0,0.0,,,,,326.267,316.0,340.0,,,0.0,12966.0,12995.0,0.0,30.0,0.0,0.0,0.0,0.0,30.0,0.0,0.0,0.0,30.0,0.0,0.0,0.0,0.0,0.0,"solar2_v,lipo2_v"
2020-10-31T02:00:00Z,29.0,29.0,,,1.314,1.627,,,,,,,,,,,3.812,3.811,3.814,,,,226.69,0.0,0.0,,,,,361.862,341.0,374.0,,,0.0,12996.0,13024.0,0.0,29.0,0.0,0.0,0.0,0.0,29.0,0.0,0.0,0.0,29.0,0.0,0.0,0.0,0.0,0.0,"solar2_v,lipo2_v"
2020-10-31T03:00:00Z,30.0,30.0,,,1.069,1.694,,,,,,,,,,,3.812,3.811,3.813,,,,226.733,0.0,0.0,,,,,361.767,350.0,374.0,,,0.0,13025.0,13054.0,0.0,30.0,0.0,0.0,0.0,0.0,30.0,0.0,0.0,0.0,30.0,0.0,0.0,0.0,0.0,0.0,"solar2_v,lipo2_v"
2020-10-31T04:00:00Z,29.0,29.0,,,1.178,1.638,,,,,,,,,,,3.811,3.809,3.814,,,,226.345,0.0,0.0,,,,,365.897,353.0,379.0,,,0.0,13055.0,13083.0,0.0,29.0,0.0,0.0,0.0,0.0,29.0,0.0,0.0,0.0,29.0,0.0,0.0,0.0,0.0,0.0,"solar2_v,lipo2_v"
2020-10-31T05:00:00Z,30.0,30.0,,,1.141,1.53,,,,,,,,,,,3.811,3.809,3.814,,,,225.0,0.0,0.0,,,,,378.067,373.0,384.0,,,0.0,13084.0,13113.0,0.0,30.0,0.0,0.0,0.0,0.0,30.0,0.0,0.0,0.0,30.0,0.0,0.0,0.0,0.0,0.0,"solar2_v,lipo2_v"
2020-10-31T06:00:00Z,29.0,29.0,,,1.298,1.75,,,,,,,,,,,3.812,3.809,3.814,,,,224.138,0.0,0.0,,,,,386.483,380.0,396.0,,,0.0,13114.0,13142.0,0.0,29.0,0.0,0.0,0.0,0.0,29.0,0.0,0.0,0.0,29.0,0.0,0.0,0.0,0.0,0.0,"solar2_v,lipo2_v"
2020-10-31T07:00:00Z,30.0,30.0,,,0.846,1.381,,,,,,,,,,,3.811,3.809,3.813,,,,225.167,0.0,0.0,,,,,376.067,354.0,394.0,,,0.0,13143.0,13172.0,0.0,30.0,0.0,0.0,0.0,0.0,30.0,0.0,0.0,0.0,30.0,0.0,0.0,0.0,0.0,0.0,"solar2_v,lipo2_v"
2020-10-31T08:00:00Z,29.0,29.0,,,0.766,0.997,,,,,,,,,,,3.809,3.808,3.811,,,,227.034,0.0,0.0,,,,,359.69,352.0,367.0,,,0.0,13173.0,13201.0,0.0,29.0,0.0,0.0,0.0,0.0,29.0,0.0,0.0,0.0,29.0,0.0,0.0,0.0,0.0,0.0,"solar2_v,lipo2_v"
2020-10-31T09:00:00Z,30.0,30.0,,,0.319,0.638,,,,,,,,,,,3.808,3.806,3.809,,,,227.833,0.0,0.0,,,,,349.633,309.0,362.0,,,0.0,13202.0,13231.0,0.0,19.0,0.0,0.0,0.0,0.0,30.0,0.0,0.0,0.0,30.0,0.0,0.0,0.0,0.0,0.0,"solar2_v,lipo2_v"
2020-10-31T10:00:00Z,28.0,28.0,,,0.0,0.0,,,,,,,,,,,3.805,3.801,3.808,,,,234.036,0.0,0.0,,,,,286.0,273.0,302.0,,,0.0,13232.0,13260.0,0.0,0.0,0.0,0.0,0.0,0.0,28.0,0.0,0.0,0.0,28.0,0.0,0.0,0.0,0.0,0.0,"solar2_v,lipo2_v"
2020-10-31T11:00:00Z,30.0,30.0,,,0.0,0.0,,,,,,,,,,,3.802,3.8,3.805,,,,236.733,0.0,0.0,,,,,263.4,261.0,272.0,,,0.0,13261.0,13290.0,0.0,0.0,0.0,0.0,0.0,0.0,30.0,0.0,0.0,0.0,30.0,0.0,0.0,0.0,0.0,0.0,"solar2_v,lipo2_v"
2020-10-31T12:00:00Z,29.0,29.0,,,0.0,0.0,,,,,,,,,,,3.802,3.8,3.803,,,,236.448,0.0,0.0,,,,,268.0,262.0,273.0,,,0.0,13291.0,13319.0,0.0,0.0,0.0,0.0,0.0,0.0,29.0,0.0,0.0,0.0,29.0,0.0,0.0,0.0,0.0,0.0,"solar2_v,lipo2_v"
2020-10-31T13:00:00Z,29.0,29.0,,,0.0,0.0,,,,,,,,,,,3.801,3.8,3.803,,,,235.172,0.0,0.0,,,,,274.759,273.0,278.0,,,0.0,13320.0,13348.0,0.0,0.0,0.0,0.0,0.0,0.0,29.0,0.0,0.0,0.0,29.0,0.0,0.0,0.0,0.0,0.0,"solar2_v,lipo2_v"
2020-10-31T14:00:00Z,30.0,30.0,,,0.0,0.0,,,,,,,,,,,3.8,3.798,3.801,,,,234.633,0.0,0.0,,,,,278.367,277.0,280.0,,,0.0,13349.0,13378.0,0.0,0.0,0.0,0.0,0.0,0.0,30.0,0.0,0.0,0.0,30.0,0.0,0.0,0.0,0.0,0.0,"solar2_v,lipo2_v"
2020-10-31T15:00:00Z,29.0,29.0,,,0.0,0.0,,,,,,,,,,,3.799,3.796,3.801,,,,234.0,0.0,0.0,,,,,283.276,280.0,286.0,,,0.0,13379.0,13407.0,0.0,0.0,0.0,0.0,0.0,0.0,29.0,0.0,0.0,0.0,29.0,0.0,0.0,0.0,0.0,0.0,"solar2_v,lipo2_v"
2020-10-31T16:00:00Z,30.0,30.0,,,0.0,0.0,,,,,,,,,,,3.798,3.796,3.8,,,,233.967,0.0,0.0,,,,,287.6,284.0,294.0,,,0.0,13408.0,13437.0,0.0,0.0,0.0,0.0,0.0,0.0,30.0,0.0,0.0,0.0,30.0,0.0,0.0,0.0,0.0,0.0,"solar2_v,lipo2_v"
2020-10-31T17:00:00Z,29.0,29.0,,,0.0,0.0,,,,,,,,,,,3.798,3.796,3.8,,,,233.517,0.0,0.0,,,,,290.172,285.0,296.0,,,0.0,13438.0,13466.0,0.0,0.0,0.0,0.0,0.0,0.0,29.0,0.0,0.0,0.0,29.0,0.0,0.0,0.0,0.0,0.0,"solar2_v,lipo2_v"
2020-10-31T18:00:00Z,30.0,30.0,,,0.0,0.0,,,,,,,,,,,3.796,3.795,3.798,,,,234.4,0.0,0.0,,,,,281.167,280.0,284.0,,,0.0,13467.0,13496.0,0.0,0.0,0.0,0.0,0.0,0.0,30.0,0.0,0.0,0.0,30.0,0.0,0.0,0.0,0.0,0.0,"solar2_v,lipo2_v"
2020-10-31T19:00:00Z,29.0,29.0,,,0.0,0.0,,,,,,,,,,,3.796,3.793,3.798,,,,233.517,0.0,0.0,,,,,284.207,281.0,286.0,,,0.0,13497.0,13525.0,0.0,0.0,0.0,0.0,0.0,0.0,29.0,0.0,0.0,0.0,29.0,0.0,0.0,0.0,0.0,0.0,"solar2_v,lipo2_v"
2020-10-31T20:00:00Z,30.0,30.0,,,0.0,0.0,,,,,,,,,,,3.795,3.793,3.798,,,,234.1,0.0,0.0,,,,,284.467,281.0,286.0,,,0.0,13526.0,13555.0,0.0,0.0,0.0,0.0,0.0,0.0,30.0,0.0,0.0,0.0,30.0,0.0,0.0,0.0,0.0,0.0,"solar2_v,lipo2_v"
2020-10-31T21:00:00Z,29.0,29.0,,,0.0,0.0,,,,,,,,,,,3.794,3.793,3.795,,,,234.069,0.0,0.0,,,,,281.724,277.0,286.0,,,0.0,13556.0,13584.0,0.0,0.0,0.0,0.0,0.0,0.0,29.0,0.0,0.0,0.0,29.0,0.0,0.0,0.0,0.0,0.0,"solar2_v,lipo2_v"
2020-10-31T22:00:00Z,30.0,30.0,,,0.0,0.0,,,,,,,,,,,3.793,3.791,3.795,,,,234.633,0.0,0.0,,,,,279.067,277.0,281.0,,,0.0,13585.0,13614.0,0.0,0.0,0.0,0.0,0.0,0.0,30.0,0.0,0.0,0.0,30.0,0.0,0.0,0.0,0.0,0.0,"solar2_v,lipo2_v"
2020-10-31T23:00:00Z,29.0,29.0,,,0.066,0.419,,,,,,,,,,,3.792,3.79,3.795,,,,233.724,0.0,0.0,,,,,285.241,281.0,287.0,,,0.0,13615.0,13643.0,0.0,5.0,0.0,0.0,0.0,0.0,29.0,0.0,0.0,0.0,29.0,0.0,0.0,0.0,0.0,0.0,"solar2_v,lipo2_v"
2020-11-01T00:00:00Z,30.0,30.0,,,0.493,0.936,,,,,,,,,,,3.791,3.79,3.791,,,,233.3,0.0,0.0,,,,,294.2,287.0,301.0,,,0.0,13644.0,13673.0,0.0,30.0,0.0,0.0,0.0,0.0,30.0,0.0,0.0,0.0,30.0,0.0,0.0,0.0,0.0,0.0,"solar2_v,lipo2_v"
2020-11-01T01:00:00Z,29.0,29.0,,,1.047,1.285,,,,,,,,,,,3.791,3.79,3.793,,,,230.483,0.0,0.0,,,,,316.483,301.0,334.0,,,0.0,13674.0,13702.0,0.0,29.0,0.0,0.0,0.0,0.0,29.0,0.0,0.0,0.0,29.0,0.0,0.0,0.0,0.0,0.0,"solar2_v,lipo2_v"
2020-11-01T02:00:00Z,29.0,29.0,,,1.121,1.641,,,,,,,,,,,3.791,3.79,3.793,,,,227.862,0.0,0.0,,,,,347.379,336.0,355.0,,,0.0,13703.0,13731.0,0.0,29.0,0.0,0.0,0.0,0.0,29.0,0.0,0.0,0.0,29.0,0.0,0.0,0.0,0.0,0.0,"solar2_v,lipo2_v"
2020-11-01T03:00:00Z,30.0,30.0,,,0.917,1.548,,,,,,,,,,,3.791,3.79,3.791,,,,226.7,0.0,0.0,,,,,359.3,350.0,369.0,,,0.0,13732.0,13761.0,0.0,30.0,0.0,0.0,0.0,0.0,30.0,0.0,0.0,0.0,30.0,0.0,0.0,0.0,0.0,0.0,"solar2_v,lipo2_v"
2020-11-01T04:00:00Z,28.0,28.0,,,1.108,1.625,,,,,,,,,,,3.791,3.79,3.791,,,,225.464,0.0,0.0,,,,,371.214,367.0,377.0,,,0.0,13762.0,13790.0,0.0,28.0,0.0,0.0,0.0,0.0,28.0,0.0,0.0,0.0,28.0,0.0,0.0,0.0,0.0,0.0,"solar2_v,lipo2_v"
2020-11-01T05:00:00Z,30.0,30.0,,,1.002,1.477,,,,,,,,,,,3.79,3.788,3.79,,,,225.933,0.0,0.0,,,,,370.8,366.0,380.0,,,0.0,13791.0,13820.0,0.0,30.0,0.0,0.0,0.0,0.0,30.0,0.0,0.0,0.0,30.0,0.0,0.0,0.0,0.0,0.0,"solar2_v,lipo2_v"
2020-11-01T06:00:00Z,29.0,29.0,,,0.91,1.704,,,,,,,,,,,3.789,3.786,3.79,,,,225.241,0.0,0.0,,,,,372.172,354.0,391.0,,,0.0,13821.0,13849.0,0.0,29.0,0.0,0.0,0.0,0.0,29.0,0.0,0.0,0.0,29.0,0.0,0.0,0.0,0.0,0.0,"solar2_v,lipo2_v"
2020-11-01T07:00:00Z,30.0,30.0,,,0.605,1.415,,,,,,,,,,,3.788,3.786,3.79,,,,227.133,0.0,0.0,,,,,352.333,340.0,367.0,,,0.0,13850.0,13879.0,0.0,27.0,0.0,0.0,0.0,0.0,30.0,0.0,0.0,0.0,30.0,0.0,0.0,0.0,0.0,0.0,"solar2_v,lipo2_v"
2020-11-01T08:00:00Z,29.0,29.0,,,0.637,1.01,,,,,,,,,,,3.786,3.783,3.788,,,,227.276,0.0,0.0,,,,,351.31,345.0,356.0,,,0.0,13880.0,13908.0,0.0,28.0,0.0,0.0,0.0,0.0,29.0,0.0,0.0,0.0,29.0,0.0,0.0,0.0,0.0,0.0,"solar2_v,lipo2_v"
2020-11-01T09:00:00Z,30.0,30.0,,,0.083,0.551,,,,,,,,,,,3.785,3.783,3.788,,,,228.067,0.0,0.0,,,,,343.0,334.0,355.0,,,0.0,13909.0,13938.0,0.0,6.0,0.0,0.0,0.0,0.0,30.0,0.0,0.0,0.0,30.0,0.0,0.0,0.0,0.0,0.0,"solar2_v,lipo2_v"
2020-11-01T10:00:00Z,28.0,28.0,,,0.0,0.0,,,,,,,,,,,3.783,3.78,3.785,,,,228.929,0.0,0.0,,,,,327.964,325.0,334.0,,,0.0,13939.0,13967.0,0.0,0.0,0.0,0.0,0.0,0.0,28.0,0.0,0.0,0.0,28.0,0.0,0.0,0.0,0.0,0.0,"solar2_v,lipo2_v"
2020-11-01T11:00:00Z,30.0,30.0,,,0.0,0.0,,,,,,,,,,,3.782,3.781,3.783,,,,230.1,0.0,0.0,,,,,318.067,314.0,325.0,,,0.0,13968.0,13997.0,0.0,0.0,0.0,0.0,0.0,0.0,30.0,0.0,0.0,0.0,30.0,0.0,0.0,0.0,0.0,0.0,"solar2_v,lipo2_v"
2020-11-01T12:00:00Z,28.0,28.0,,,0.0,0.0,,,,,,,,,,,3.781,3.778,3.783,,,,231.714,0.0,0.0,,,,,308.643,303.0,314.0,,,0.0,13998.0,14026.0,0.0,0.0,0.0,0.0,0.0,0.0,28.0,0.0,0.0,0.0,28.0,0.0,0.0,0.0,0.0,0.0,"solar2_v,lipo2_v"
2020-11-01T13:00:00Z,29.0,29.0,,,0.0,0.0,,,,,,,,,,,3.779,3.776,3.783,,,,231.759,0.0,0.0,,,,,308.0,303.0,314.0,,,0.0,14027.0,14055.0,0.0,0.0,0.0,0.0,0.0,0.0,29.0,0.0,0.0,0.0,29.0,0.0,0.0,0.0,0.0,0.0,"solar2_v,lipo2_v"
2020-11-01T14:00:00Z,30.0,30.0,,,0.0,0.0,,,,,,,,,,,3.777,3.775,3.78,,,,232.4,0.0,0.0,,,,,301.367,301.0,303.0,,,0.0,14056.0,14085.0,0.0,0.0,0.0,0.0,0.0,0.0,30.0,0.0,0.0,0.0,30.0,0.0,0.0,0.0,0.0,0.0,"solar2_v,lipo2_v"
2020-11-01T15:00:00Z,29.0,29.0,,,0.0,0.0,,,,,,,,,,,3.775,3.772,3.778,,,,232.966,0.0,0.0,,,,,296.276,286.0,302.0,,,0.0,14086.0,14114.0,0.0,0.0,0.0,0.0,0.0,0.0,29.0,0.0,0.0,0.0,29.0,0.0,0.0,0.0,0.0,0.0,"solar2_v,lipo2_v"
2020-11-01T16:00:00Z,30.0,30.0,,,0.0,0.0,,,,,,,,,,,3.774,3.772,3.775,,,,234.9,0.0,0.0,,,,,277.233,273.0,286.0,,,0.0,14115.0,14144.0,0.0,0.0,0.0,0.0,0.0,0.0,30.0,0.0,0.0,0.0,30.0,0.0,0.0,0.0,0.0,0.0,"solar2_v,lipo2_v"
2020-11-01T17:00:00Z,29.0,29.0,,,0.0,0.0,,,,,,,,,,,3.772,3.77,3.773,,,,235.207,0.0,0.0,,,,,274.69,273.0,280.0,,,0.0,14145.0,14173.0,0.0,0.0,0.0,0.0,0.0,0.0,29.0,0.0,0.0,0.0,29.0,0.0,0.0,0.0,0.0,0.0,"solar2_v,lipo2_v"
2020-11-01T18:00:00Z,30.0,30.0,,,0.0,0.0,,,,,,,,,,,3.771,3.768,3.772,,,,234.267,0.0,0.0,,,,,282.4,279.0,286.0,,,0.0,14174.0,14203.0,0.0,0.0,0.0,0.0,0.0,0.0,30.0,0.0,0.0,0.0,30.0,0.0,0.0,0.0,0.0,0.0,"solar2_v,lipo2_v"
2020-11-01T19:00:00Z,29.0,29.0,,,0.0,0.0,,,,,,,,,,,3.769,3.768,3.772,,,,233.655,0.0,0.0,,,,,287.69,286.0,289.0,,,0.0,14204.0,14232.0,0.0,0.0,0.0,0.0,0.0,0.0,29.0,0.0,0.0,0.0,29.0,0.0,0.0,0.0,0.0,0.0,"solar2_v,lipo2_v"
2020-11-01T20:00:00Z,29.0,29.0,,,0.0,0.0,,,,,,,,,,,3.768,3.767,3.77,,,,233.517,0.0,0.0,,,,,288.0,287.0,289.0,,,0.0,14233.0,14262.0,0.0,0.0,0.0,0.0,0.0,0.0,29.0,0.0,0.0,0.0,29.0,0.0,0.0,0.0,0.0,0.0,"solar2_v,lipo2_v"
2020-11-01T21:00:00Z,29.0,29.0,,,0.0,0.0,,,,,,,,,,,3.767,3.765,3.768,,,,234.034,0.0,0.0,,,,,287.586,286.0,290.0,,,0.0,14263.0,14291.0,0.0,0.0,0.0,0.0,0.0,0.0,29.0,0.0,0.0,0.0,29.0,0.0,0.0,0.0,0.0,0.0,"solar2_v,lipo2_v"
2020-11-01T22:00:00Z,30.0,30.0,,,0.0,0.0,,,,,,,,,,,3.766,3.765,3.767,,,,234.033,0.0,0.0,,,,,286.4,286.0,287.0,,,0.0,14292.0,14321.0,0.0,0.0,0.0,0.0,0.0,0.0,30.0,0.0,0.0,0.0,30.0,0.0,0.0,0.0,0.0,0.0,"solar2_v,lipo2_v"
2020-11-01T23:00:00Z,29.0,29.0,,,0.09,0.426,,,,,,,,,,,3.765,3.763,3.767,,,,233.379,0.0,0.0,,,,,289.414,287.0,294.0,,,0.0,14322.0,14350.0,0.0,7.0,0.0,0.0,0.0,0.0,29.0,0.0,0.0,0.0,29.0,0.0,0.0,0.0,0.0,0.0,"solar2_v,lipo2_v"
2020-11-02T00:00:00Z,30.0,30.0,,,0.606,0.864,,,,,,,,,,,3.765,3.763,3.765,,,,232.667,0.0,0.0,,,,,300.0,294.0,306.0,,,0.0,14351.0,14380.0,0.0,30.0,0.0,0.0,0.0,0.0,30.0,0.0,0.0,0.0,30.0,0.0,0.0,0.0,0.0,0.0,"solar2_v,lipo2_v"
2020-11-02T01:00:00Z,28.0,28.0,,,0.943,1.407,,,,,,,,,,,3.764,3.763,3.765,,,,230.786,0.0,0.0,,,,,315.143,306.0,326.0,,,0.0,14381.0,14409.0,0.0,28.0,0.0,0.0,0.0,0.0,28.0,0.0,0.0,0.0,28.0,0.0,0.0,0.0,0.0,0.0,"solar2_v,lipo2_v"
2020-11-02T02:00:00Z,30.0,30.0,,,1.161,1.563,,,,,,,,,,,3.763,3.763,3.763,,,,227.833,0.0,0.0,,,,,343.833,326.0,354.0,,,0.0,14410.0,14439.0,0.0,30.0,0.0,0.0,0.0,0.0,30.0,0.0,0.0,0.0,30.0,0.0,0.0,0.0,0.0,0.0,"solar2_v,lipo2_v"
2020-11-02T03:00:00Z,29.0,29.0,,,0.849,1.285,,,,,,,,,,,3.763,3.762,3.763,,,,228.552,0.0,0.0,,,,,336.103,330.0,346.0,,,0.0,14440.0,14468.0,0.0,29.0,0.0,0.0,0.0,0.0,29.0,0.0,0.0,0.0,29.0,0.0,0.0,0.0,0.0,0.0,"solar2_v,lipo2_v"
2020-11-02T04:00:00Z,29.0,29.0,,,0.915,1.285,,,,,,,,,,,3.762,3.76,3.763,,,,227.414,0.0,0.0,,,,,352.069,341.0,362.0,,,0.0,14469.0,14497.0,0.0,29.0,0.0,0.0,0.0,0.0,29.0,0.0,0.0,0.0,29.0,0.0,0.0,0.0,0.0,0.0,"solar2_v,lipo2_v"
2020-11-02T05:00:00Z,30.0,30.0,,,1.135,1.218,,,,,,,,,,,3.762,3.76,3.763,,,,225.567,0.0,0.0,,,,,373.867,364.0,379.0,,,0.0,14498.0,14527.0,0.0,30.0,0.0,0.0,0.0,0.0,30.0,0.0,0.0,0.0,30.0,0.0,0.0,0.0,0.0,0.0,"solar2_v,lipo2_v"
2020-11-02T06:00:00Z,29.0,29.0,,,1.04,1.082,,,,,,,,,,,3.761,3.76,3.762,,,,225.379,0.0,0.0,,,,,369.069,367.0,372.0,,,0.0,14528.0,14556.0,0.0,29.0,0.0,0.0,0.0,0.0,29.0,0.0,0.0,0.0,29.0,0.0,0.0,0.0,0.0,0.0,"solar2_v,lipo2_v"
2020-11-02T07:00:00Z,30.0,30.0,,,1.202,1.358,,,,,,,,,,,3.759,3.757,3.762,,,,226.567,0.0,0.0,,,,,356.2,349.0,367.0,,,0.0,14557.0,14586.0,0.0,30.0,0.0,0.0,0.0,0.0,30.0,0.0,0.0,0.0,30.0,0.0,0.0,0.0,0.0,0.0,"solar2_v,lipo2_v"
2020-11-02T08:00:00Z,29.0,29.0,,,0.63,0.971,,,,,,,,,,,3.757,3.755,3.76,,,,227.966,0.0,0.0,,,,,339.379,327.0,349.0,,,0.0,14587.0,14615.0,0.0,29.0,0.0,0.0,0.0,0.0,29.0,0.0,0.0,0.0,29.0,0.0,0.0,0.0,0.0,0.0,"solar2_v,lipo2_v"
2020-11-02T09:00:00Z,30.0,30.0,,,0.022,0.339,,,,,,,,,,,3.755,3.752,3.757,,,,229.333,0.0,0.0,,,,,324.633,321.0,327.0,,,0.0,14616.0,14645.0,0.0,2.0,0.0,0.0,0.0,0.0,30.0,0.0,0.0,0.0,30.0,0.0,0.0,0.0,0.0,0.0,"solar2_v,lipo2_v"
2020-11-02T10:00:00Z,29.0,29.0,,,0.0,0.0,,,,,,,,,,,3.752,3.75,3.755,,,,230.897,0.0,0.0,,,,,311.828,306.0,320.0,,,0.0,14646.0,14674.0,0.0,0.0,0.0,0.0,0.0,0.0,29.0,0.0,0.0,0.0,29.0,0.0,0.0,0.0,0.0,0.0,"solar2_v,lipo2_v"
2020-11-02T11:00:00Z,30.0,30.0,,,0.0,0.0,,,,,,,,,,,3.751,3.748,3.753,,,,231.833,0.0,0.0,,,,,305.167,303.0,307.0,,,0.0,14675.0,14704.0,0.0,0.0,0.0,0.0,0.0,0.0,30.0,0.0,0.0,0.0,30.0,0.0,0.0,0.0,0.0,0.0,"solar2_v,lipo2_v"
2020-11-02T12:00:00Z,29.0,29.0,,,0.0,0.0,,,,,,,,,,,3.749,3.747,3.752,,,,231.862,0.0,0.0,,,,,302.241,301.0,305.0,,,0.0,14705.0,14733.0,0.0,0.0,0.0,0.0,0.0,0.0,29.0,0.0,0.0,0.0,29.0,0.0,0.0,0.0,0.0,0.0,"solar2_v,lipo2_v"
2020-11-02T13:00:00Z,30.0,30.0,,,0.0,0.0,,,,,,,,,,,3.748,3.745,3.75,,,,232.767,0.0,0.0,,,,,297.967,296.0,301.0,,,0.0,14734.0,14763.0,0.0,0.0,0.0,0.0,0.0,0.0,30.0,0.0,0.0,0.0,30.0,0.0,0.0,0.0,0.0,0.0,"solar2_v,lipo2_v"
2020-11-02T14:00:00Z,29.0,29.0,,,0.0,0.0,,,,,,,,,,,3.746,3.743,3.748,,,,232.793,0.0,0.0,,,,,295.345,294.0,297.0,,,0.0,14764.0,14792.0,0.0,0.0,0.0,0.0,0.0,0.0,29.0,0.0,0.0,0.0,29.0,0.0,0.0,0.0,0.0,0.0,"solar2_v,lipo2_v"
2020-11-02T15:00:00Z,29.0,29.0,,,0.0,0.0,,,,,,,,,,,3.744,3.742,3.747,,,,232.655,0.0,0.0,,,,,298.448,296.0,300.0,,,0.0,14793.0,14821.0,0.0,0.0,0.0,0.0,0.0,0.0,29.0,0.0,0.0,0.0,29.0,0.0,0.0,0.0,0.0,0.0,"solar2_v,lipo2_v"
2020-11-02T16:00:00Z,30.0,30.0,,,0.0,0.0,,,,,,,,,,,3.742,3.742,3.745,,,,232.933,0.0,0.0,,,,,295.4,291.0,300.0,,,0.0,14822.0,14851.0,0.0,0.0,0.0,0.0,0.0,0.0,30.0,0.0,0.0,0.0,30.0,0.0,0.0,0.0,0.0,0.0,"solar2_v,lipo2_v"
2020-11-02T17:00:00Z,29.0,29.0,,,0.0,0.0,,,,,,,,,,,3.741,3.74,3.743,,,,233.138,0.0,0.0,,,,,290.207,289.0,291.0,,,0.0,14852.0,14880.0,0.0,0.0,0.0,0.0,0.0,0.0,29.0,0.0,0.0,0.0,29.0,0.0,0.0,0.0,0.0,0.0,"solar2_v,lipo2_v"
2020-11-02T18:00:00Z,30.0,30.0,,,0.0,0.0,,,,,,,,,,,3.739,3.737,3.74,,,,233.1,0.0,0.0,,,,,292.333,290.0,295.0,,,0.0,14881.0,14910.0,0.0,0.0,0.0,0.0,0.0,0.0,30.0,0.0,0.0,0.0,30.0,0.0,0.0,0.0,0.0,0.0,"solar2_v,lipo2_v"
2020-11-02T19:00:00Z,29.0,29.0,,,0.0,0.0,,,,,,,,,,,3.737,3.735,3.739,,,,232.586,0.0,0.0,,,,,294.793,293.0,296.0,,,0.0,14911.0,14939.0,0.0,0.0,0.0,0.0,0.0,0.0,29.0,0.0,0.0,0.0,29.0,0.0,0.0,0.0,0.0,0.0,"solar2_v,lipo2_v"
2020-11-02T20:00:00Z,30.0,30.0,,,0.0,0.0,,,,,,,,,,,3.736,3.734,3.739,,,,233.333,0.0,0.0,,,,,291.867,290.0,294.0,,,0.0,14940.0,14969.0,0.0,0.0,0.0,0.0,0.0,0.0,30.0,0.0,0.0,0.0,30.0,0.0,0.0,0.0,0.0,0.0,"solar2_v,lipo2_v"
2020-11-02T21:00:00Z,29.0,29.0,,,0.0,0.0,,,,,,,,,,,3.735,3.732,3.737,,,,233.069,0.0,0.0,,,,,290.345,289.0,291.0,,,0.0,14970.0,14998.0,0.0,0.0,0.0,0.0,0.0,0.0,29.0,0.0,0.0,0.0,29.0,0.0,0.0,0.0,0.0,0.0,"solar2_v,lipo2_v"
2020-11-02T22:00:00Z,30.0,30.0,,,0.0,0.0,,,,,,,,,,,3.733,3.73,3.735,,,,233.267,0.0,0.0,,,,,287.3,287.0,289.0,,,0.0,14999.0,15028.0,0.0,0.0,0.0,0.0,0.0,0.0,30.0,0.0,0.0,0.0,30.0,0.0,0.0,0.0,0.0,0.0,"solar2_v,lipo2_v"
2020-11-02T23:00:00Z,29.0,29.0,,,0.088,0.482,,,,,,,,,,,3.731,3.729,3.732,,,,233.172,0.0,0.0,,,,,292.103,287.0,299.0,,,0.0,15029.0,15057.0,0.0,6.0,0.0,0.0,0.0,0.0,29.0,0.0,0.0,0.0,29.0,0.0,0.0,0.0,0.0,0.0,"solar2_v,lipo2_v"
2020-11-03T00:00:00Z,30.0,30.0,,,0.658,1.044,,,,,,,,,,,3.73,3.727,3.732,,,,231.533,0.0,0.0,,,,,306.233,300.0,314.0,,,0.0,15058.0,15087.0,0.0,30.0,0.0,0.0,0.0,0.0,30.0,0.0,0.0,0.0,30.0,0.0,0.0,0.0,0.0,0.0,"solar2_v,lipo2_v"
2020-11-03T01:00:00Z,29.0,29.0,,,0.898,1.259,,,,,,,,,,,3.728,3.724,3.73,,,,230.0,0.0,0.0,,,,,316.655,313.0,325.0,,,0.0,15088.0,15116.0,0.0,29.0,0.0,0.0,0.0,0.0,29.0,0.0,0.0,0.0,29.0,0.0,0.0,0.0,0.0,0.0,"solar2_v,lipo2_v"
2020-11-03T02:00:00Z,29.0,29.0,,,1.083,1.52,,,,,,,,,,,3.726,3.725,3.729,,,,228.103,0.0,0.0,,,,,335.759,326.0,352.0,,,0.0,15117.0,15145.0,0.0,29.0,0.0,0.0,0.0,0.0,29.0,0.0,0.0,0.0,29.0,0.0,0.0,0.0,0.0,0.0,"solar2_v,lipo2_v"
2020-11-03T03:00:00Z,30.0,30.0,,,1.171,1.545,,,,,,,,,,,3.725,3.722,3.729,,,,226.233,0.0,0.0,,,,,359.6,353.0,367.0,,,0.0,15146.0,15175.0,0.0,30.0,0.0,0.0,0.0,0.0,30.0,0.0,0.0,0.0,30.0,0.0,0.0,0.0,0.0,0.0,"solar2_v,lipo2_v"
2020-11-03T04:00:00Z,29.0,29.0,,,1.162,1.6,,,,,,,,,,,3.723,3.719,3.725,,,,226.345,0.0,0.0,,,,,360.103,354.0,369.0,,,0.0,15176.0,15204.0,0.0,29.0,0.0,0.0,0.0,0.0,29.0,0.0,0.0,0.0,29.0,0.0,0.0,0.0,0.0,0.0,"solar2_v,lipo2_v"
2020-11-03T05:00:00Z,30.0,30.0,,,1.087,1.341,,,,,,,,,,,3.721,3.719,3.722,,,,226.333,0.0,0.0,,,,,360.367,353.0,367.0,,,0.0,15205.0,15234.0,0.0,30.0,0.0,0.0,0.0,0.0,30.0,0.0,0.0,0.0,30.0,0.0,0.0,0.0,0.0,0.0,"solar2_v,lipo2_v"
2020-11-03T06:00:00Z,29.0,29.0,,,0.944,1.418,,,,,,,,,,,3.72,3.719,3.722,,,,226.69,0.0,0.0,,,,,359.034,353.0,376.0,,,0.0,15235.0,15263.0,0.0,29.0,0.0,0.0,0.0,0.0,29.0,0.0,0.0,0.0,29.0,0.0,0.0,0.0,0.0,0.0,"solar2_v,lipo2_v"
2020-11-03T07:00:00Z,30.0,30.0,,,0.802,2.064,,,,,,,,,,,3.718,3.715,3.72,,,,225.567,0.0,0.0,,,,,366.1,345.0,393.0,,,0.0,15264.0,15293.0,0.0,30.0,0.0,0.0,0.0,0.0,30.0,0.0,0.0,0.0,30.0,0.0,0.0,0.0,0.0,0.0,"solar2_v,lipo2_v"
2020-11-03T08:00:00Z,29.0,29.0,,,0.809,1.18,,,,,,,,,,,3.716,3.714,3.717,,,,227.379,0.0,0.0,,,,,350.241,344.0,354.0,,,0.0,15294.0,15322.0,0.0,29.0,0.0,0.0,0.0,0.0,29.0,0.0,0.0,0.0,29.0,0.0,0.0,0.0,0.0,0.0,"solar2_v,lipo2_v"
2020-11-03T09:00:00Z,30.0,30.0,,,0.174,0.575,,,,,,,,,,,3.714,3.712,3.717,,,,227.867,0.0,0.0,,,,,342.267,335.0,353.0,,,0.0,15323.0,15352.0,0.0,13.0,0.0,0.0,0.0,0.0,30.0,0.0,0.0,0.0,30.0,0.0,0.0,0.0,0.0,0.0,"solar2_v,lipo2_v"
2020-11-03T10:00:00Z,29.0,29.0,,,0.0,0.0,,,,,,,,,,,3.713,3.712,3.714,,,,229.172,0.0,0.0,,,,,326.448,321.0,334.0,,,0.0,15353.0,15381.0,0.0,0.0,0.0,0.0,0.0,0.0,29.0,0.0,0.0,0.0,29.0,0.0,0.0,0.0,0.0,0.0,"solar2_v,lipo2_v"
2020-11-03T11:00:00Z,30.0,30.0,,,0.0,0.0,,,,,,,,,,,3.712,3.712,3.712,,,,230.133,0.0,0.0,,,,,317.867,316.0,320.0,,,0.0,15382.0,15411.0,0.0,0.0,0.0,0.0,0.0,0.0,30.0,0.0,0.0,0.0,30.0,0.0,0.0,0.0,0.0,0.0,"solar2_v,lipo2_v"
2020-11-03T12:00:00Z,29.0,29.0,,,0.0,0.0,,,,,,,,,,,3.711,3.71,3.712,,,,230.966,0.0,0.0,,,,,313.276,306.0,317.0,,,0.0,15412.0,15440.0,0.0,0.0,0.0,0.0,0.0,0.0,29.0,0.0,0.0,0.0,29.0,0.0,0.0,0.0,0.0,0.0,"solar2_v,lipo2_v"
2020-11-03T13:00:00Z,30.0,30.0,,,0.0,0.0,,,,,,,,,,,3.71,3.71,3.71,,,,232.233,0.0,0.0,,,,,302.6,301.0,306.0,,,0.0,15441.0,15470.0,0.0,0.0,0.0,0.0,0.0,0.0,30.0,0.0,0.0,0.0,30.0,0.0,0.0,0.0,0.0,0.0,"solar2_v,lipo2_v"
2020-11-03T14:00:00Z,29.0,29.0,,,0.0,0.0,,,,,,,,,,,3.71,3.709,3.71,,,,232.448,0.0,0.0,,,,,300.414,300.0,301.0,,,0.0,15471.0,15499.0,0.0,0.0,0.0,0.0,0.0,0.0,29.0,0.0,0.0,0.0,29.0,0.0,0.0,0.0,0.0,0.0,"solar2_v,lipo2_v"
2020-11-03T15:00:00Z,29.0,29.0,,,0.0,0.0,,,,,,,,,,,3.709,3.707,3.71,,,,232.448,0.0,0.0,,,,,300.414,298.0,302.0,,,0.0,15500.0,15528.0,0.0,0.0,0.0,0.0,0.0,0.0,29.0,0.0,0.0,0.0,29.0,0.0,0.0,0.0,0.0,0.0,"solar2_v,lipo2_v"
2020-11-03T16:00:00Z,30.0,30.0,,,0.0,0.0,,,,,,,,,,,3.707,3.704,3.709,,,,232.4,0.0,0.0,,,,,300.167,297.0,301.0,,,0.0,15529.0,15558.0,0.0,0.0,0.0,0.0,0.0,0.0,30.0,0.0,0.0,0.0,30.0,0.0,0.0,0.0,0.0,0.0,"solar2_v,lipo2_v"
2020-11-03T17:00:00Z,29.0,29.0,,,0.0,0.0,,,,,,,,,,,3.704,3.702,3.706,,,,232.0,0.0,0.0,,,,,299.621,298.0,301.0,,,0.0,15559.0,15587.0,0.0,0.0,0.0,0.0,0.0,0.0,29.0,0.0,0.0,0.0,29.0,0.0,0.0,0.0,0.0,0.0,"solar2_v,lipo2_v"
2020-11-03T18:00:00Z,30.0,30.0,,,0.0,0.0,,,,,,,,,,,3.702,3.699,3.704,,,,232.8,0.0,0.0,,,,,295.433,294.0,298.0,,,0.0,15588.0,15617.0,0.0,0.0,0.0,0.0,0.0,0.0,30.0,0.0,0.0,0.0,30.0,0.0,0.0,0.0,0.0,0.0,"solar2_v,lipo2_v"
2020-11-03T19:00:00Z,29.0,29.0,,,0.0,0.0,,,,,,,,,,,3.699,3.696,3.702,,,,233.172,0.0,0.0,,,,,292.655,291.0,296.0,,,0.0,15618.0,15646.0,0.0,0.0,0.0,0.0,0.0,0.0,29.0,0.0,0.0,0.0,29.0,0.0,0.0,0.0,0.0,0.0,"solar2_v,lipo2_v"
2020-11-03T20:00:00Z,26.0,26.0,,,0.0,0.0,,,,,,,,,,,3.697,3.692,3.701,,,,233.269,0.0,0.0,,,,,289.769,288.0,291.0,,,0.0,15647.0,15676.0,0.0,0.0,0.0,0.0,0.0,0.0,26.0,0.0,0.0,0.0,26.0,0.0,0.0,0.0,0.0,0.0,"solar2_v,lipo2_v"
2020-11-03T21:00:00Z,29.0,29.0,,,0.0,0.0,,,,,,,,,,,3.692,3.686,3.697,,,,233.448,0.0,0.0,,,,,288.862,288.0,290.0,,,0.0,15677.0,15705.0,0.0,0.0,0.0,0.0,0.0,0.0,29.0,0.0,0.0,0.0,29.0,0.0,0.0,0.0,0.0,0.0,"solar2_v,lipo2_v"
2020-11-03T22:00:00Z,30.0,30.0,,,0.0,0.0,,,,,,,,,,,3.688,3.684,3.691,,,,233.0,0.0,0.0,,,,,290.7,289.0,292.0,,,0.0,15706.0,15735.0,0.0,0.0,0.0,0.0,0.0,0.0,30.0,0.0,0.0,0.0,30.0,0.0,0.0,0.0,0.0,0.0,"solar2_v,lipo2_v"
2020-11-03T23:00:00Z,29.0,29.0,,,0.049,0.367,,,,,,,,,,,3.685,3.682,3.687,,,,233.0,0.0,0.0,,,,,293.414,290.0,300.0,,,0.0,15736.0,15764.0,0.0,4.0,0.0,0.0,0.0,0.0,29.0,0.0,0.0,0.0,29.0,0.0,0.0,0.0,0.0,0.0,"solar2_v,lipo2_v"
2020-11-04T00:00:00Z,30.0,30.0,,,0.43,0.908,,,,,,,,,,,3.683,3.681,3.686,,,,232.033,0.0,0.0,,,,,304.067,300.0,313.0,,,0.0,15765.0,15794.0,0.0,23.0,0.0,0.0,0.0,0.0,30.0,0.0,0.0,0.0,30.0,0.0,0.0,0.0,0.0,0.0,"solar2_v,lipo2_v"
2020-11-04T01:00:00Z,29.0,29.0,,,0.692,1.075,,,,,,,,,,,3.682,3.681,3.684,,,,230.724,0.0,0.0,,,,,313.897,313.0,316.0,,,0.0,15795.0,15823.0,0.0,29.0,0.0,0.0,0.0,0.0,29.0,0.0,0.0,0.0,29.0,0.0,0.0,0.0,0.0,0.0,"solar2_v,lipo2_v"
2020-11-04T02:00:00Z,26.0,26.0,,,1.141,1.563,,,,,,,,,,,3.681,3.677,3.682,,,,227.385,0.0,0.0,,,,,343.308,320.0,355.0,,,0.0,15824.0,15853.0,0.0,26.0,0.0,0.0,0.0,0.0,26.0,0.0,0.0,0.0,26.0,0.0,0.0,0.0,0.0,0.0,"solar2_v,lipo2_v"
2020-11-04T03:00:00Z,29.0,29.0,,,1.191,1.923,,,,,,,,,,,3.679,3.679,3.681,,,,226.966,0.0,0.0,,,,,352.586,340.0,372.0,,,0.0,15854.0,15882.0,0.0,29.0,0.0,0.0,0.0,0.0,29.0,0.0,0.0,0.0,29.0,0.0,0.0,0.0,0.0,0.0,"solar2_v,lipo2_v"
2020-11-04T04:00:00Z,30.0,30.0,,,0.934,1.728,,,,,,,,,,,3.678,3.676,3.681,,,,226.633,0.0,0.0,,,,,354.4,328.0,369.0,,,0.0,15883.0,15912.0,0.0,30.0,0.0,0.0,0.0,0.0,30.0,0.0,0.0,0.0,30.0,0.0,0.0,0.0,0.0,0.0,"solar2_v,lipo2_v"
2020-11-04T05:00:00Z,29.0,29.0,,,1.187,1.741,,,,,,,,,,,3.676,3.674,3.679,,,,227.621,0.0,0.0,,,,,343.0,327.0,373.0,,,0.0,15913.0,15941.0,0.0,29.0,0.0,0.0,0.0,0.0,29.0,0.0,0.0,0.0,29.0,0.0,0.0,0.0,0.0,0.0,"solar2_v,lipo2_v"
2020-11-04T06:00:00Z,29.0,29.0,,,1.239,1.622,,,,,,,,,,,3.674,3.671,3.676,,,,224.31,0.0,0.0,,,,,381.069,374.0,388.0,,,0.0,15942.0,15970.0,0.0,29.0,0.0,0.0,0.0,0.0,29.0,0.0,0.0,0.0,29.0,0.0,0.0,0.0,0.0,0.0,"solar2_v,lipo2_v"
2020-11-04T07:00:00Z,30.0,30.0,,,0.835,1.494,,,,,,,,,,,3.672,3.669,3.676,,,,228.467,0.0,0.0,,,,,330.933,314.0,380.0,,,0.0,15971.0,16000.0,0.0,30.0,0.0,0.0,0.0,0.0,30.0,0.0,0.0,0.0,30.0,0.0,0.0,0.0,0.0,0.0,"solar2_v,lipo2_v"
2020-11-04T08:00:00Z,29.0,29.0,,,0.344,0.795,,,,,,,,,,,3.669,3.668,3.671,,,,229.345,0.0,0.0,,,,,325.897,321.0,327.0,,,0.0,16001.0,16029.0,0.0,18.0,0.0,0.0,0.0,0.0,29.0,0.0,0.0,0.0,29.0,0.0,0.0,0.0,0.0,0.0,"solar2_v,lipo2_v"
2020-11-04T09:00:00Z,30.0,30.0,,,0.0,0.0,,,,,,,,,,,3.668,3.666,3.669,,,,230.067,0.0,0.0,,,,,319.733,315.0,326.0,,,0.0,16030.0,16059.0,0.0,0.0,0.0,0.0,0.0,0.0,30.0,0.0,0.0,0.0,30.0,0.0,0.0,0.0,0.0,0.0,"solar2_v,lipo2_v"
2020-11-04T10:00:00Z,29.0,29.0,,,0.0,0.0,,,,,,,,,,,3.666,3.663,3.668,,,,230.966,0.0,0.0,,,,,312.724,309.0,315.0,,,0.0,16060.0,16088.0,0.0,0.0,0.0,0.0,0.0,0.0,29.0,0.0,0.0,0.0,29.0,0.0,0.0,0.0,0.0,0.0,"solar2_v,lipo2_v"
2020-11-04T11:00:00Z,30.0,30.0,,,0.0,0.0,,,,,,,,,,,3.664,3.661,3.666,,,,231.5,0.0,0.0,,,,,306.367,305.0,309.0,,,0.0,16089.0,16118.0,0.0,0.0,0.0,0.0,0.0,0.0,30.0,0.0,0.0,0.0,30.0,0.0,0.0,0.0,0.0,0.0,"solar2_v,lipo2_v"
2020-11-04T12:00:00Z,29.0,29.0,,,0.0,0.0,,,,,,,,,,,3.663,3.661,3.664,,,,231.828,0.0,0.0,,,,,302.655,301.0,305.0,,,0.0,16119.0,16147.0,0.0,0.0,0.0,0.0,0.0,0.0,29.0,0.0,0.0,0.0,29.0,0.0,0.0,0.0,0.0,0.0,"solar2_v,lipo2_v"
2020-11-04T13:00:00Z,30.0,30.0,,,0.0,0.0,,,,,,,,,,,3.661,3.659,3.663,,,,232.233,0.0,0.0,,,,,300.567,300.0,301.0,,,0.0,16148.0,16177.0,0.0,0.0,0.0,0.0,0.0,0.0,30.0,0.0,0.0,0.0,30.0,0.0,0.0,0.0,0.0,0.0,"solar2_v,lipo2_v"
2020-11-04T14:00:00Z,29.0,29.0,,,0.0,0.0,,,,,,,,,,,3.659,3.659,3.661,,,,232.621,0.0,0.0,,,,,300.069,300.0,301.0,,,0.0,16178.0,16206.0,0.0,0.0,0.0,0.0,0.0,0.0,29.0,0.0,0.0,0.0,29.0,0.0,0.0,0.0,0.0,0.0,"solar2_v,lipo2_v"
2020-11-04T15:00:00Z,30.0,30.0,,,0.0,0.0,,,,,,,,,,,3.659,3.658,3.659,,,,232.567,0.0,0.0,,,,,298.3,296.0,301.0,,,0.0,16207.0,16236.0,0.0,0.0,0.0,0.0,0.0,0.0,30.0,0.0,0.0,0.0,30.0,0.0,0.0,0.0,0.0,0.0,"solar2_v,lipo2_v"
2020-11-04T16:00:00Z,29.0,29.0,,,0.0,0.0,,,,,,,,,,,3.658,3.658,3.659,,,,232.724,0.0,0.0,,,,,297.103,294.0,301.0,,,0.0,16237.0,16265.0,0.0,0.0,0.0,0.0,0.0,0.0,29.0,0.0,0.0,0.0,29.0,0.0,0.0,0.0,0.0,0.0,"solar2_v,lipo2_v"
2020-11-04T17:00:00Z,26.0,26.0,,,0.0,0.0,,,,,,,,,,,3.658,3.656,3.659,,,,233.0,0.0,0.0,,,,,293.154,290.0,295.0,,,0.0,16266.0,16295.0,0.0,0.0,0.0,0.0,0.0,0.0,26.0,0.0,0.0,0.0,26.0,0.0,0.0,0.0,0.0,0.0,"solar2_v,lipo2_v"
2020-11-04T18:00:00Z,29.0,29.0,,,0.0,0.0,,,,,,,,,,,3.658,3.656,3.658,,,,233.0,0.0,0.0,,,,,292.103,291.0,294.0,,,0.0,16296.0,16324.0,0.0,0.0,0.0,0.0,0.0,0.0,29.0,0.0,0.0,0.0,29.0,0.0,0.0,0.0,0.0,0.0,"solar2_v,lipo2_v"
2020-11-04T19:00:00Z,30.0,30.0,,,0.0,0.0,,,,,,,,,,,3.656,3.654,3.658,,,,233.2,0.0,0.0,,,,,290.433,289.0,291.0,,,0.0,16325.0,16354.0,0.0,0.0,0.0,0.0,0.0,0.0,30.0,0.0,0.0,0.0,30.0,0.0,0.0,0.0,0.0,0.0,"solar2_v,lipo2_v"
2020-11-04T20:00:00Z,29.0,29.0,,,0.0,0.0,,,,,,,,,,,3.655,3.651,3.656,,,,233.414,0.0,0.0,,,,,287.207,285.0,289.0,,,0.0,16355.0,16383.0,0.0,0.0,0.0,0.0,0.0,0.0,29.0,0.0,0.0,0.0,29.0,0.0,0.0,0.0,0.0,0.0,"solar2_v,lipo2_v"
2020-11-04T21:00:00Z,30.0,30.0,,,0.0,0.0,,,,,,,,,,,3.653,3.649,3.654,,,,233.433,0.0,0.0,,,,,284.267,281.0,286.0,,,0.0,16384.0,16413.0,0.0,0.0,0.0,0.0,0.0,0.0,30.0,0.0,0.0,0.0,30.0,0.0,0.0,0.0,0.0,0.0,"solar2_v,lipo2_v"
2020-11-04T22:00:00Z,29.0,29.0,,,0.0,0.0,,,,,,,,,,,3.651,3.649,3.654,,,,233.724,0.0,0.0,,,,,281.483,281.0,283.0,,,0.0,16414.0,16442.0,0.0,0.0,0.0,0.0,0.0,0.0,29.0,0.0,0.0,0.0,29.0,0.0,0.0,0.0,0.0,0.0,"solar2_v,lipo2_v"
2020-11-04T23:00:00Z,29.0,29.0,,,0.168,0.436,,,,,,,,,,,3.65,3.648,3.653,,,,233.448,0.0,0.0,,,,,286.414,282.0,294.0,,,0.0,16443.0,16471.0,0.0,13.0,0.0,0.0,0.0,0.0,29.0,0.0,0.0,0.0,29.0,0.0,0.0,0.0,0.0,0.0,"solar2_v,lipo2_v"
2020-11-05T00:00:00Z,30.0,30.0,,,0.545,0.839,,,,,,,,,,,3.648,3.646,3.651,,,,232.067,0.0,0.0,,,,,300.833,295.0,312.0,,,0.0,16472.0,16501.0,0.0,29.0,0.0,0.0,0.0,0.0,30.0,0.0,0.0,0.0,30.0,0.0,0.0,0.0,0.0,0.0,"solar2_v,lipo2_v"
2020-11-05T01:00:00Z,29.0,29.0,,,0.823,1.123,,,,,,,,,,,3.646,3.643,3.649,,,,229.31,0.0,0.0,,,,,323.655,313.0,339.0,,,0.0,16502.0,16530.0,0.0,29.0,0.0,0.0,0.0,0.0,29.0,0.0,0.0,0.0,29.0,0.0,0.0,0.0,0.0,0.0,"solar2_v,lipo2_v"
2020-11-05T02:00:00Z,30.0,30.0,,,1.079,1.312,,,,,,,,,,,3.645,3.643,3.648,,,,226.733,0.0,0.0,,,,,354.233,340.0,367.0,,,0.0,16531.0,16560.0,0.0,30.0,0.0,0.0,0.0,0.0,30.0,0.0,0.0,0.0,30.0,0.0,0.0,0.0,0.0,0.0,"solar2_v,lipo2_v"
2020-11-05T03:00:00Z,29.0,29.0,,,1.157,1.469,,,,,,,,,,,3.644,3.643,3.646,,,,225.345,0.0,0.0,,,,,369.931,356.0,379.0,,,0.0,16561.0,16589.0,0.0,29.0,0.0,0.0,0.0,0.0,29.0,0.0,0.0,0.0,29.0,0.0,0.0,0.0,0.0,0.0,"solar2_v,lipo2_v"
2020-11-05T04:00:00Z,30.0,30.0,,,1.274,1.566,,,,,,,,,,,3.643,3.641,3.644,,,,224.0,0.0,0.0,,,,,379.4,378.0,380.0,,,0.0,16590.0,16619.0,0.0,30.0,0.0,0.0,0.0,0.0,30.0,0.0,0.0,0.0,30.0,0.0,0.0,0.0,0.0,0.0,"solar2_v,lipo2_v"
2020-11-05T05:00:00Z,29.0,29.0,,,1.206,1.51,,,,,,,,,,,3.642,3.641,3.643,,,,223.862,0.0,0.0,,,,,380.483,379.0,383.0,,,0.0,16620.0,16648.0,0.0,29.0,0.0,0.0,0.0,0.0,29.0,0.0,0.0,0.0,29.0,0.0,0.0,0.0,0.0,0.0,"solar2_v,lipo2_v"
2020-11-05T06:00:00Z,30.0,30.0,,,1.149,1.745,,,,,,,,,,,3.641,3.64,3.643,,,,223.567,0.0,0.0,,,,,390.633,382.0,403.0,,,0.0,16649.0,16678.0,0.0,30.0,0.0,0.0,0.0,0.0,30.0,0.0,0.0,0.0,30.0,0.0,0.0,0.0,0.0,0.0,"solar2_v,lipo2_v"
2020-11-05T07:00:00Z,29.0,29.0,,,0.633,0.892,,,,,,,,,,,3.639,3.636,3.641,,,,225.759,0.0,0.0,,,,,365.31,358.0,382.0,,,0.0,16679.0,16707.0,0.0,29.0,0.0,0.0,0.0,0.0,29.0,0.0,0.0,0.0,29.0,0.0,0.0,0.0,0.0,0.0,"solar2_v,lipo2_v"
2020-11-05T08:00:00Z,30.0,30.0,,,0.639,0.911,,,,,,,,,,,3.637,3.633,3.64,,,,226.667,0.0,0.0,,,,,357.467,353.0,365.0,,,0.0,16708.0,16737.0,0.0,30.0,0.0,0.0,0.0,0.0,30.0,0.0,0.0,0.0,30.0,0.0,0.0,0.0,0.0,0.0,"solar2_v,lipo2_v"
2020-11-05T09:00:00Z,29.0,29.0,,,0.013,0.365,,,,,,,,,,,3.635,3.633,3.636,,,,227.621,0.0,0.0,,,,,345.138,340.0,354.0,,,0.0,16738.0,16766.0,0.0,1.0,0.0,0.0,0.0,0.0,29.0,0.0,0.0,0.0,29.0,0.0,0.0,0.0,0.0,0.0,"solar2_v,lipo2_v"
2020-11-05T10:00:00Z,30.0,30.0,,,0.0,0.0,,,,,,,,,,,3.633,3.631,3.636,,,,228.4,0.0,0.0,,,,,335.267,327.0,340.0,,,0.0,16767.0,16796.0,0.0,0.0,0.0,0.0,0.0,0.0,30.0,0.0,0.0,0.0,30.0,0.0,0.0,0.0,0.0,0.0,"solar2_v,lipo2_v"
2020-11-05T11:00:00Z,29.0,29.0,,,0.0,0.0,,,,,,,,,,,3.632,3.63,3.635,,,,229.483,0.0,0.0,,,,,322.69,320.0,327.0,,,0.0,16797.0,16825.0,0.0,0.0,0.0,0.0,0.0,0.0,29.0,0.0,0.0,0.0,29.0,0.0,0.0,0.0,0.0,0.0,"solar2_v,lipo2_v"
2020-11-05T12:00:00Z,30.0,30.0,,,0.0,0.0,,,,,,,,,,,3.63,3.628,3.631,,,,229.567,0.0,0.0,,,,,320.733,319.0,322.0,,,0.0,16826.0,16855.0,0.0,0.0,0.0,0.0,0.0,0.0,30.0,0.0,0.0,0.0,30.0,0.0,0.0,0.0,0.0,0.0,"solar2_v,lipo2_v"
2020-11-05T13:00:00Z,29.0,29.0,,,0.0,0.0,,,,,,,,,,,3.629,3.626,3.631,,,,229.897,0.0,0.0,,,,,318.103,316.0,321.0,,,0.0,16856.0,16884.0,0.0,0.0,0.0,0.0,0.0,0.0,29.0,0.0,0.0,0.0,29.0,0.0,0.0,0.0,0.0,0.0,"solar2_v,lipo2_v"
2020-11-05T14:00:00Z,29.0,29.0,,,0.0,0.0,,,,,,,,,,,3.627,3.625,3.628,,,,230.241,0.0,0.0,,,,,314.931,314.0,316.0,,,0.0,16885.0,16913.0,0.0,0.0,0.0,0.0,0.0,0.0,29.0,0.0,0.0,0.0,29.0,0.0,0.0,0.0,0.0,0.0,"solar2_v,lipo2_v"
2020-11-05T15:00:00Z,30.0,30.0,,,0.0,0.0,,,,,,,,,,,3.625,3.623,3.628,,,,230.767,0.0,0.0,,,,,313.733,312.0,315.0,,,0.0,16914.0,16943.0,0.0,0.0,0.0,0.0,0.0,0.0,30.0,0.0,0.0,0.0,30.0,0.0,0.0,0.0,0.0,0.0,"solar2_v,lipo2_v"
2020-11-05T16:00:00Z,29.0,29.0,,,0.0,0.0,,,,,,,,,,,3.624,3.621,3.626,,,,231.276,0.0,0.0,,,,,308.207,306.0,311.0,,,0.0,16944.0,16972.0,0.0,0.0,0.0,0.0,0.0,0.0,29.0,0.0,0.0,0.0,29.0,0.0,0.0,0.0,0.0,0.0,"solar2_v,lipo2_v"
2020-11-05T17:00:00Z,30.0,30.0,,,0.0,0.0,,,,,,,,,,,3.622,3.618,3.625,,,,231.633,0.0,0.0,,,,,302.367,301.0,306.0,,,0.0,16973.0,17002.0,0.0,0.0,0.0,0.0,0.0,0.0,30.0,0.0,0.0,0.0,30.0,0.0,0.0,0.0,0.0,0.0,"solar2_v,lipo2_v"
2020-11-05T18:00:00Z,29.0,29.0,,,0.0,0.0,,,,,,,,,,,3.62,3.618,3.623,,,,232.138,0.0,0.0,,,,,301.0,301.0,301.0,,,0.0,17003.0,17031.0,0.0,0.0,0.0,0.0,0.0,0.0,29.0,0.0,0.0,0.0,29.0,0.0,0.0,0.0,0.0,0.0,"solar2_v,lipo2_v"
2020-11-05T19:00:00Z,30.0,30.0,,,0.0,0.0,,,,,,,,,,,3.618,3.616,3.62,,,,232.133,0.0,0.0,,,,,300.833,300.0,301.0,,,0.0,17032.0,17061.0,0.0,0.0,0.0,0.0,0.0,0.0,30.0,0.0,0.0,0.0,30.0,0.0,0.0,0.0,0.0,0.0,"solar2_v,lipo2_v"
2020-11-05T20:00:00Z,29.0,29.0,,,0.0,0.0,,,,,,,,,,,3.616,3.613,3.618,,,,232.034,0.0,0.0,,,,,301.0,301.0,301.0,,,0.0,17062.0,17090.0,0.0,0.0,0.0,0.0,0.0,0.0,29.0,0.0,0.0,0.0,29.0,0.0,0.0,0.0,0.0,0.0,"solar2_v,lipo2_v"
2020-11-05T21:00:00Z,29.0,29.0,,,0.0,0.0,,,,,,,,,,,3.615,3.611,3.616,,,,232.034,0.0,0.0,,,,,300.966,300.0,301.0,,,0.0,17091.0,17119.0,0.0,0.0,0.0,0.0,0.0,0.0,29.0,0.0,0.0,0.0,29.0,0.0,0.0,0.0,0.0,0.0,"solar2_v,lipo2_v"
2020-11-05T22:00:00Z,30.0,30.0,,,0.0,0.0,,,,,,,,,,,3.613,3.611,3.616,,,,232.5,0.0,0.0,,,,,300.167,300.0,301.0,,,0.0,17120.0,17149.0,0.0,0.0,0.0,0.0,0.0,0.0,30.0,0.0,0.0,0.0,30.0,0.0,0.0,0.0,0.0,0.0,"solar2_v,lipo2_v"
2020-11-05T23:00:00Z,29.0,29.0,,,0.078,0.4,,,,,,,,,,,3.611,3.61,3.613,,,,232.379,0.0,0.0,,,,,300.655,300.0,301.0,,,0.0,17150.0,17178.0,0.0,6.0,0.0,0.0,0.0,0.0,29.0,0.0,0.0,0.0,29.0,0.0,0.0,0.0,0.0,0.0,"solar2_v,lipo2_v"
2020-11-06T00:00:00Z,30.0,30.0,,,0.331,0.441,,,,,,,,,,,3.611,3.61,3.613,,,,231.667,0.0,0.0,,,,,304.867,301.0,307.0,,,0.0,17179.0,17208.0,0.0,23.0,0.0,0.0,0.0,0.0,30.0,0.0,0.0,0.0,30.0,0.0,0.0,0.0,0.0,0.0,"solar2_v,lipo2_v"
2020-11-06T01:00:00Z,29.0,29.0,,,0.578,0.764,,,,,,,,,,,3.609,3.608,3.611,,,,231.379,0.0,0.0,,,,,309.828,306.0,315.0,,,0.0,17209.0,17237.0,0.0,29.0,0.0,0.0,0.0,0.0,29.0,0.0,0.0,0.0,29.0,0.0,0.0,0.0,0.0,0.0,"solar2_v,lipo2_v"
2020-11-06T02:00:00Z,30.0,30.0,,,0.976,1.271,,,,,,,,,,,3.608,3.607,3.608,,,,229.333,0.0,0.0,,,,,324.567,316.0,331.0,,,0.0,17238.0,17267.0,0.0,30.0,0.0,0.0,0.0,0.0,30.0,0.0,0.0,0.0,30.0,0.0,0.0,0.0,0.0,0.0,"solar2_v,lipo2_v"
2020-11-06T03:00:00Z,29.0,29.0,,,1.398,1.669,,,,,,,,,,,3.607,3.607,3.608,,,,227.655,0.0,0.0,,,,,341.793,332.0,353.0,,,0.0,17268.0,17296.0,0.0,29.0,0.0,0.0,0.0,0.0,29.0,0.0,0.0,0.0,29.0,0.0,0.0,0.0,0.0,0.0,"solar2_v,lipo2_v"
2020-11-06T04:00:00Z,30.0,30.0,,,1.477,1.728,,,,,,,,,,,3.607,3.605,3.608,,,,226.533,0.0,0.0,,,,,355.3,354.0,358.0,,,0.0,17297.0,17326.0,0.0,30.0,0.0,0.0,0.0,0.0,30.0,0.0,0.0,0.0,30.0,0.0,0.0,0.0,0.0,0.0,"solar2_v,lipo2_v"
2020-11-06T05:00:00Z,29.0,29.0,,,1.334,1.574,,,,,,,,,,,3.607,3.605,3.607,,,,226.448,0.0,0.0,,,,,358.034,353.0,365.0,,,0.0,17327.0,17355.0,0.0,29.0,0.0,0.0,0.0,0.0,29.0,0.0,0.0,0.0,29.0,0.0,0.0,0.0,0.0,0.0,"solar2_v,lipo2_v"
2020-11-06T06:00:00Z,30.0,30.0,,,1.308,1.389,,,,,,,,,,,3.606,3.605,3.607,,,,226.8,0.0,0.0,,,,,355.667,353.0,359.0,,,0.0,17356.0,17385.0,0.0,30.0,0.0,0.0,0.0,0.0,30.0,0.0,0.0,0.0,30.0,0.0,0.0,0.0,0.0,0.0,"solar2_v,lipo2_v"
2020-11-06T07:00:00Z,29.0,29.0,,,0.93,1.136,,,,,,,,,,,3.605,3.605,3.607,,,,227.069,0.0,0.0,,,,,351.621,345.0,358.0,,,0.0,17386.0,17414.0,0.0,29.0,0.0,0.0,0.0,0.0,29.0,0.0,0.0,0.0,29.0,0.0,0.0,0.0,0.0,0.0,"solar2_v,lipo2_v"
2020-11-06T08:00:00Z,30.0,30.0,,,0.686,0.844,,,,,,,,,,,3.604,3.603,3.605,,,,227.367,0.0,0.0,,,,,344.433,343.0,346.0,,,0.0,17415.0,17444.0,0.0,30.0,0.0,0.0,0.0,0.0,30.0,0.0,0.0,0.0,30.0,0.0,0.0,0.0,0.0,0.0,"solar2_v,lipo2_v"
2020-11-06T09:00:00Z,29.0,29.0,,,0.239,0.493,,,,,,,,,,,3.603,3.602,3.603,,,,228.517,0.0,0.0,,,,,331.586,323.0,343.0,,,0.0,17445.0,17473.0,0.0,16.0,0.0,0.0,0.0,0.0,29.0,0.0,0.0,0.0,29.0,0.0,0.0,0.0,0.0,0.0,"solar2_v,lipo2_v"
2020-11-06T10:00:00Z,29.0,29.0,,,0.0,0.0,,,,,,,,,,,3.602,3.6,3.603,,,,229.897,0.0,0.0,,,,,317.138,314.0,323.0,,,0.0,17474.0,17502.0,0.0,0.0,0.0,0.0,0.0,0.0,29.0,0.0,0.0,0.0,29.0,0.0,0.0,0.0,0.0,0.0,"solar2_v,lipo2_v"
2020-11-06T11:00:00Z,30.0,30.0,,,0.0,0.0,,,,,,,,,,,3.601,3.598,3.603,,,,231.3,0.0,0.0,,,,,308.233,300.0,314.0,,,0.0,17503.0,17532.0,0.0,0.0,0.0,0.0,0.0,0.0,30.0,0.0,0.0,0.0,30.0,0.0,0.0,0.0,0.0,0.0,"solar2_v,lipo2_v"
2020-11-06T12:00:00Z,29.0,29.0,,,0.0,0.0,,,,,,,,,,,3.599,3.597,3.602,,,,232.586,0.0,0.0,,,,,298.448,295.0,300.0,,,0.0,17533.0,17561.0,0.0,0.0,0.0,0.0,0.0,0.0,29.0,0.0,0.0,0.0,29.0,0.0,0.0,0.0,0.0,0.0,"solar2_v,lipo2_v"
2020-11-06T13:00:00Z,30.0,30.0,,,0.0,0.0,,,,,,,,,,,3.597,3.595,3.598,,,,233.033,0.0,0.0,,,,,294.133,291.0,298.0,,,0.0,17562.0,17591.0,0.0,0.0,0.0,0.0,0.0,0.0,30.0,0.0,0.0,0.0,30.0,0.0,0.0,0.0,0.0,0.0,"solar2_v,lipo2_v"
2020-11-06T14:00:00Z,29.0,29.0,,,0.0,0.0,,,,,,,,,,,3.595,3.592,3.597,,,,233.31,0.0,0.0,,,,,289.241,287.0,294.0,,,0.0,17592.0,17620.0,0.0,0.0,0.0,0.0,0.0,0.0,29.0,0.0,0.0,0.0,29.0,0.0,0.0,0.0,0.0,0.0,"solar2_v,lipo2_v"
2020-11-06T15:00:00Z,29.0,29.0,,,0.0,0.0,,,,,,,,,,,3.593,3.588,3.597,,,,233.276,0.0,0.0,,,,,286.897,286.0,287.0,,,0.0,17621.0,17650.0,0.0,0.0,0.0,0.0,0.0,0.0,29.0,0.0,0.0,0.0,29.0,0.0,0.0,0.0,0.0,0.0,"solar2_v,lipo2_v"
2020-11-06T16:00:00Z,29.0,29.0,,,0.0,0.0,,,,,,,,,,,3.591,3.59,3.593,,,,233.276,0.0,0.0,,,,,286.517,286.0,287.0,,,0.0,17651.0,17679.0,0.0,0.0,0.0,0.0,0.0,0.0,29.0,0.0,0.0,0.0,29.0,0.0,0.0,0.0,0.0,0.0,"solar2_v,lipo2_v"
2020-11-06T17:00:00Z,30.0,30.0,,,0.0,0.0,,,,,,,,,,,3.589,3.588,3.59,,,,233.7,0.0,0.0,,,,,284.533,282.0,286.0,,,0.0,17680.0,17709.0,0.0,0.0,0.0,0.0,0.0,0.0,30.0,0.0,0.0,0.0,30.0,0.0,0.0,0.0,0.0,0.0,"solar2_v,lipo2_v"
2020-11-06T18:00:00Z,29.0,29.0,,,0.0,0.0,,,,,,,,,,,3.589,3.587,3.59,,,,233.379,0.0,0.0,,,,,281.966,281.0,284.0,,,0.0,17710.0,17738.0,0.0,0.0,0.0,0.0,0.0,0.0,29.0,0.0,0.0,0.0,29.0,0.0,0.0,0.0,0.0,0.0,"solar2_v,lipo2_v"
2020-11-06T19:00:00Z,30.0,30.0,,,0.0,0.0,,,,,,,,,,,3.587,3.585,3.588,,,,233.667,0.0,0.0,,,,,281.6,281.0,283.0,,,0.0,17739.0,17768.0,0.0,0.0,0.0,0.0,0.0,0.0,30.0,0.0,0.0,0.0,30.0,0.0,0.0,0.0,0.0,0.0,"solar2_v,lipo2_v"
2020-11-06T20:00:00Z,29.0,29.0,,,0.0,0.0,,,,,,,,,,,3.585,3.582,3.587,,,,233.69,0.0,0.0,,,,,283.103,281.0,285.0,,,0.0,17769.0,17797.0,0.0,0.0,0.0,0.0,0.0,0.0,29.0,0.0,0.0,0.0,29.0,0.0,0.0,0.0,0.0,0.0,"solar2_v,lipo2_v"
2020-11-06T21:00:00Z,30.0,30.0,,,0.0,0.0,,,,,,,,,,,3.584,3.583,3.585,,,,233.533,0.0,0.0,,,,,281.6,281.0,283.0,,,0.0,17798.0,17827.0,0.0,0.0,0.0,0.0,0.0,0.0,30.0,0.0,0.0,0.0,30.0,0.0,0.0,0.0,0.0,0.0,"solar2_v,lipo2_v"
2020-11-06T22:00:00Z,29.0,29.0,,,0.0,0.0,,,,,,,,,,,3.583,3.582,3.585,,,,234.069,0.0,0.0,,,,,279.759,278.0,281.0,,,0.0,17828.0,17856.0,0.0,0.0,0.0,0.0,0.0,0.0,29.0,0.0,0.0,0.0,29.0,0.0,0.0,0.0,0.0,0.0,"solar2_v,lipo2_v"
2020-11-06T23:00:00Z,30.0,30.0,,,0.033,0.339,,,,,,,,,,,3.582,3.582,3.583,,,,233.667,0.0,0.0,,,,,283.0,277.0,289.0,,,0.0,17857.0,17886.0,0.0,3.0,0.0,0.0,0.0,0.0,30.0,0.0,0.0,0.0,30.0,0.0,0.0,0.0,0.0,0.0,"solar2_v,lipo2_v"
2020-11-07T00:00:00Z,29.0,29.0,,,0.467,0.88,,,,,,,,,,,3.582,3.58,3.583,,,,232.448,0.0,0.0,,,,,297.793,290.0,309.0,,,0.0,17887.0,17915.0,0.0,29.0,0.0,0.0,0.0,0.0,29.0,0.0,0.0,0.0,29.0,0.0,0.0,0.0,0.0,0.0,"solar2_v,lipo2_v"
2020-11-07T01:00:00Z,30.0,30.0,,,0.791,0.916,,,,,,,,,,,3.581,3.58,3.582,,,,229.033,0.0,0.0,,,,,325.7,313.0,344.0,,,0.0,17916.0,17945.0,0.0,30.0,0.0,0.0,0.0,0.0,30.0,0.0,0.0,0.0,30.0,0.0,0.0,0.0,0.0,0.0,"solar2_v,lipo2_v"
2020-11-07T02:00:00Z,29.0,29.0,,,0.988,1.18,,,,,,,,,,,3.581,3.58,3.582,,,,225.759,0.0,0.0,,,,,362.655,346.0,376.0,,,0.0,17946.0,17974.0,0.0,29.0,0.0,0.0,0.0,0.0,29.0,0.0,0.0,0.0,29.0,0.0,0.0,0.0,0.0,0.0,"solar2_v,lipo2_v"
2020-11-07T03:00:00Z,29.0,29.0,,,1.035,1.464,,,,,,,,,,,3.58,3.578,3.582,,,,226.448,0.0,0.0,,,,,359.517,350.0,369.0,,,0.0,17975.0,18003.0,0.0,29.0,0.0,0.0,0.0,0.0,29.0,0.0,0.0,0.0,29.0,0.0,0.0,0.0,0.0,0.0,"solar2_v,lipo2_v"
2020-11-07T04:00:00Z,30.0,30.0,,,1.134,1.566,,,,,,,,,,,3.578,3.577,3.58,,,,226.367,0.0,0.0,,,,,360.333,349.0,373.0,,,0.0,18004.0,18033.0,0.0,30.0,0.0,0.0,0.0,0.0,30.0,0.0,0.0,0.0,30.0,0.0,0.0,0.0,0.0,0.0,"solar2_v,lipo2_v"
2020-11-07T05:00:00Z,29.0,29.0,,,1.165,1.381,,,,,,,,,,,3.578,3.577,3.58,,,,224.31,0.0,0.0,,,,,379.138,374.0,381.0,,,0.0,18034.0,18062.0,0.0,29.0,0.0,0.0,0.0,0.0,29.0,0.0,0.0,0.0,29.0,0.0,0.0,0.0,0.0,0.0,"solar2_v,lipo2_v"
2020-11-07T06:00:00Z,30.0,30.0,,,1.188,1.54,,,,,,,,,,,3.578,3.577,3.578,,,,223.833,0.0,0.0,,,,,386.133,379.0,394.0,,,0.0,18063.0,18092.0,0.0,30.0,0.0,0.0,0.0,0.0,30.0,0.0,0.0,0.0,30.0,0.0,0.0,0.0,0.0,0.0,"solar2_v,lipo2_v"
2020-11-07T07:00:00Z,29.0,29.0,,,0.588,0.854,,,,,,,,,,,3.577,3.577,3.578,,,,228.793,0.0,0.0,,,,,332.483,317.0,380.0,,,0.0,18093.0,18121.0,0.0,29.0,0.0,0.0,0.0,0.0,29.0,0.0,0.0,0.0,29.0,0.0,0.0,0.0,0.0,0.0,"solar2_v,lipo2_v"
2020-11-07T08:00:00Z,30.0,30.0,,,0.676,0.892,,,,,,,,,,,3.576,3.574,3.577,,,,228.133,0.0,0.0,,,,,338.533,327.0,344.0,,,0.0,18122.0,18151.0,0.0,30.0,0.0,0.0,0.0,0.0,30.0,0.0,0.0,0.0,30.0,0.0,0.0,0.0,0.0,0.0,"solar2_v,lipo2_v"
2020-11-07T09:00:00Z,29.0,29.0,,,0.241,0.505,,,,,,,,,,,3.575,3.574,3.577,,,,228.621,0.0,0.0,,,,,330.793,323.0,340.0,,,0.0,18152.0,18180.0,0.0,17.0,0.0,0.0,0.0,0.0,29.0,0.0,0.0,0.0,29.0,0.0,0.0,0.0,0.0,0.0,"solar2_v,lipo2_v"
2020-11-07T10:00:00Z,30.0,30.0,,,0.0,0.0,,,,,,,,,,,3.573,3.57,3.575,,,,231.033,0.0,0.0,,,,,314.233,308.0,322.0,,,0.0,18181.0,18210.0,0.0,0.0,0.0,0.0,0.0,0.0,30.0,0.0,0.0,0.0,30.0,0.0,0.0,0.0,0.0,0.0,"solar2_v,lipo2_v"
2020-11-07T11:00:00Z,29.0,29.0,,,0.0,0.0,,,,,,,,,,,3.571,3.569,3.574,,,,231.655,0.0,0.0,,,,,304.448,301.0,308.0,,,0.0,18211.0,18239.0,0.0,0.0,0.0,0.0,0.0,0.0,29.0,0.0,0.0,0.0,29.0,0.0,0.0,0.0,0.0,0.0,"solar2_v,lipo2_v"
2020-11-07T12:00:00Z,30.0,30.0,,,0.0,0.0,,,,,,,,,,,3.57,3.567,3.572,,,,231.967,0.0,0.0,,,,,302.133,301.0,304.0,,,0.0,18240.0,18269.0,0.0,0.0,0.0,0.0,0.0,0.0,30.0,0.0,0.0,0.0,30.0,0.0,0.0,0.0,0.0,0.0,"solar2_v,lipo2_v"
2020-11-07T13:00:00Z,29.0,29.0,,,0.0,0.0,,,,,,,,,,,3.569,3.567,3.57,,,,231.931,0.0,0.0,,,,,301.241,301.0,302.0,,,0.0,18270.0,18298.0,0.0,0.0,0.0,0.0,0.0,0.0,29.0,0.0,0.0,0.0,29.0,0.0,0.0,0.0,0.0,0.0,"solar2_v,lipo2_v"
2020-11-07T14:00:00Z,29.0,29.0,,,0.0,0.0,,,,,,,,,,,3.567,3.565,3.569,,,,232.345,0.0,0.0,,,,,301.276,301.0,304.0,,,0.0,18299.0,18327.0,0.0,0.0,0.0,0.0,0.0,0.0,29.0,0.0,0.0,0.0,29.0,0.0,0.0,0.0,0.0,0.0,"solar2_v,lipo2_v"
2020-11-07T15:00:00Z,30.0,30.0,,,0.0,0.0,,,,,,,,,,,3.565,3.562,3.567,,,,231.567,0.0,0.0,,,,,303.967,301.0,306.0,,,0.0,18328.0,18357.0,0.0,0.0,0.0,0.0,0.0,0.0,30.0,0.0,0.0,0.0,30.0,0.0,0.0,0.0,0.0,0.0,"solar2_v,lipo2_v"
2020-11-07T16:00:00Z,29.0,29.0,,,0.0,0.0,,,,,,,,,,,3.564,3.562,3.565,,,,231.862,0.0,0.0,,,,,302.483,301.0,305.0,,,0.0,18358.0,18386.0,0.0,0.0,0.0,0.0,0.0,0.0,29.0,0.0,0.0,0.0,29.0,0.0,0.0,0.0,0.0,0.0,"solar2_v,lipo2_v"
2020-11-07T17:00:00Z,30.0,30.0,,,0.0,0.0,,,,,,,,,,,3.563,3.562,3.565,,,,232.067,0.0,0.0,,,,,301.867,301.0,305.0,,,0.0,18387.0,18416.0,0.0,0.0,0.0,0.0,0.0,0.0,30.0,0.0,0.0,0.0,30.0,0.0,0.0,0.0,0.0,0.0,"solar2_v,lipo2_v"
2020-11-07T18:00:00Z,29.0,29.0,,,0.0,0.0,,,,,,,,,,,3.562,3.56,3.564,,,,232.172,0.0,0.0,,,,,301.828,301.0,304.0,,,0.0,18417.0,18445.0,0.0,0.0,0.0,0.0,0.0,0.0,29.0,0.0,0.0,0.0,29.0,0.0,0.0,0.0,0.0,0.0,"solar2_v,lipo2_v"
2020-11-07T19:00:00Z,29.0,29.0,,,0.0,0.0,,,,,,,,,,,3.561,3.559,3.564,,,,232.414,0.0,0.0,,,,,300.103,281.0,307.0,,,0.0,18446.0,18475.0,0.0,0.0,0.0,0.0,0.0,0.0,29.0,0.0,0.0,0.0,29.0,0.0,0.0,0.0,0.0,0.0,"solar2_v,lipo2_v"
2020-11-07T20:00:00Z,29.0,29.0,,,0.0,0.0,,,,,,,,,,,3.559,3.557,3.56,,,,234.483,0.0,0.0,,,,,276.828,274.0,283.0,,,0.0,18476.0,18504.0,0.0,0.0,0.0,0.0,0.0,0.0,29.0,0.0,0.0,0.0,29.0,0.0,0.0,0.0,0.0,0.0,"solar2_v,lipo2_v"
2020-11-07T21:00:00Z,29.0,29.0,,,0.0,0.0,,,,,,,,,,,3.557,3.555,3.559,,,,233.517,0.0,0.0,,,,,281.069,279.0,283.0,,,0.0,18505.0,18533.0,0.0,0.0,0.0,0.0,0.0,0.0,29.0,0.0,0.0,0.0,29.0,0.0,0.0,0.0,0.0,0.0,"solar2_v,lipo2_v"
2020-11-07T22:00:00Z,30.0,30.0,,,0.0,0.0,,,,,,,,,,,3.555,3.554,3.557,,,,233.9,0.0,0.0,,,,,280.967,278.0,283.0,,,0.0,18534.0,18563.0,0.0,0.0,0.0,0.0,0.0,0.0,30.0,0.0,0.0,0.0,30.0,0.0,0.0,0.0,0.0,0.0,"solar2_v,lipo2_v"
2020-11-07T23:00:00Z,29.0,29.0,,,0.259,0.549,,,,,,,,,,,3.555,3.554,3.557,,,,233.897,0.0,0.0,,,,,283.69,278.0,291.0,,,0.0,18564.0,18592.0,0.0,17.0,0.0,0.0,0.0,0.0,29.0,0.0,0.0,0.0,29.0,0.0,0.0,0.0,0.0,0.0,"solar2_v,lipo2_v"
2020-11-08T00:00:00Z,30.0,30.0,,,0.569,0.708,,,,,,,,,,,3.554,3.554,3.555,,,,232.933,0.0,0.0,,,,,295.833,291.0,301.0,,,0.0,18593.0,18622.0,0.0,30.0,0.0,0.0,0.0,0.0,30.0,0.0,0.0,0.0,30.0,0.0,0.0,0.0,0.0,0.0,"solar2_v,lipo2_v"
2020-11-08T01:00:00Z,29.0,29.0,,,0.859,1.239,,,,,,,,,,,3.554,3.554,3.555,,,,231.345,0.0,0.0,,,,,306.172,301.0,313.0,,,0.0,18623.0,18651.0,0.0,29.0,0.0,0.0,0.0,0.0,29.0,0.0,0.0,0.0,29.0,0.0,0.0,0.0,0.0,0.0,"solar2_v,lipo2_v"
2020-11-08T02:00:00Z,30.0,30.0,,,1.267,1.436,,,,,,,,,,,3.554,3.552,3.554,,,,229.567,0.0,0.0,,,,,322.667,313.0,330.0,,,0.0,18652.0,18681.0,0.0,30.0,0.0,0.0,0.0,0.0,30.0,0.0,0.0,0.0,30.0,0.0,0.0,0.0,0.0,0.0,"solar2_v,lipo2_v"
2020-11-08T03:00:00Z,29.0,29.0,,,1.062,1.418,,,,,,,,,,,3.553,3.552,3.554,,,,228.172,0.0,0.0,,,,,336.517,327.0,346.0,,,0.0,18682.0,18710.0,0.0,29.0,0.0,0.0,0.0,0.0,29.0,0.0,0.0,0.0,29.0,0.0,0.0,0.0,0.0,0.0,"solar2_v,lipo2_v"
2020-11-08T04:00:00Z,30.0,30.0,,,0.993,1.472,,,,,,,,,,,3.552,3.552,3.554,,,,226.8,0.0,0.0,,,,,353.1,347.0,357.0,,,0.0,18711.0,18740.0,0.0,30.0,0.0,0.0,0.0,0.0,30.0,0.0,0.0,0.0,30.0,0.0,0.0,0.0,0.0,0.0,"solar2_v,lipo2_v"
2020-11-08T05:00:00Z,29.0,29.0,,,1.167,1.531,,,,,,,,,,,3.552,3.55,3.552,,,,226.069,0.0,0.0,,,,,363.345,355.0,367.0,,,0.0,18741.0,18769.0,0.0,29.0,0.0,0.0,0.0,0.0,29.0,0.0,0.0,0.0,29.0,0.0,0.0,0.0,0.0,0.0,"solar2_v,lipo2_v"
2020-11-08T06:00:00Z,30.0,30.0,,,0.917,1.649,,,,,,,,,,,3.551,3.55,3.552,,,,225.833,0.0,0.0,,,,,365.4,348.0,380.0,,,0.0,18770.0,18799.0,0.0,30.0,0.0,0.0,0.0,0.0,30.0,0.0,0.0,0.0,30.0,0.0,0.0,0.0,0.0,0.0,"solar2_v,lipo2_v"
2020-11-08T07:00:00Z,29.0,29.0,,,0.563,0.811,,,,,,,,,,,3.55,3.549,3.55,,,,227.172,0.0,0.0,,,,,350.862,341.0,367.0,,,0.0,18800.0,18828.0,0.0,29.0,0.0,0.0,0.0,0.0,29.0,0.0,0.0,0.0,29.0,0.0,0.0,0.0,0.0,0.0,"solar2_v,lipo2_v"
2020-11-08T08:00:00Z,30.0,30.0,,,0.548,0.866,,,,,,,,,,,3.549,3.547,3.55,,,,227.733,0.0,0.0,,,,,342.467,340.0,345.0,,,0.0,18829.0,18858.0,0.0,28.0,0.0,0.0,0.0,0.0,30.0,0.0,0.0,0.0,30.0,0.0,0.0,0.0,0.0,0.0,"solar2_v,lipo2_v"
2020-11-08T09:00:00Z,29.0,29.0,,,0.47,0.551,,,,,,,,,,,3.548,3.545,3.55,,,,227.966,0.0,0.0,,,,,337.793,334.0,342.0,,,0.0,18859.0,18887.0,0.0,29.0,0.0,0.0,0.0,0.0,29.0,0.0,0.0,0.0,29.0,0.0,0.0,0.0,0.0,0.0,"solar2_v,lipo2_v"
2020-11-08T10:00:00Z,30.0,30.0,,,0.0,0.0,,,,,,,,,,,3.546,3.544,3.547,,,,229.667,0.0,0.0,,,,,322.067,306.0,334.0,,,0.0,18888.0,18917.0,0.0,0.0,0.0,0.0,0.0,0.0,30.0,0.0,0.0,0.0,30.0,0.0,0.0,0.0,0.0,0.0,"solar2_v,lipo2_v"
2020-11-08T11:00:00Z,29.0,29.0,,,0.0,0.0,,,,,,,,,,,3.544,3.542,3.547,,,,232.69,0.0,0.0,,,,,293.897,291.0,302.0,,,0.0,18918.0,18946.0,0.0,0.0,0.0,0.0,0.0,0.0,29.0,0.0,0.0,0.0,29.0,0.0,0.0,0.0,0.0,0.0,"solar2_v,lipo2_v"
2020-11-08T12:00:00Z,29.0,29.0,,,0.0,0.0,,,,,,,,,,,3.542,3.539,3.544,,,,232.897,0.0,0.0,,,,,294.828,292.0,299.0,,,0.0,18947.0,18975.0,0.0,0.0,0.0,0.0,0.0,0.0,29.0,0.0,0.0,0.0,29.0,0.0,0.0,0.0,0.0,0.0,"solar2_v,lipo2_v"
2020-11-08T13:00:00Z,30.0,30.0,,,0.0,0.0,,,,,,,,,,,3.541,3.539,3.542,,,,232.633,0.0,0.0,,,,,297.9,296.0,300.0,,,0.0,18976.0,19005.0,0.0,0.0,0.0,0.0,0.0,0.0,30.0,0.0,0.0,0.0,30.0,0.0,0.0,0.0,0.0,0.0,"solar2_v,lipo2_v"
2020-11-08T14:00:00Z,29.0,29.0,,,0.0,0.0,,,,,,,,,,,3.539,3.536,3.542,,,,232.862,0.0,0.0,,,,,294.172,292.0,297.0,,,0.0,19006.0,19034.0,0.0,0.0,0.0,0.0,0.0,0.0,29.0,0.0,0.0,0.0,29.0,0.0,0.0,0.0,0.0,0.0,"solar2_v,lipo2_v"
2020-11-08T15:00:00Z,30.0,30.0,,,0.0,0.0,,,,,,,,,,,3.537,3.536,3.539,,,,233.233,0.0,0.0,,,,,291.2,290.0,292.0,,,0.0,19035.0,19064.0,0.0,0.0,0.0,0.0,0.0,0.0,30.0,0.0,0.0,0.0,30.0,0.0,0.0,0.0,0.0,0.0,"solar2_v,lipo2_v"
2020-11-08T16:00:00Z,29.0,29.0,,,0.0,0.0,,,,,,,,,,,3.536,3.534,3.539,,,,233.379,0.0,0.0,,,,,287.552,286.0,290.0,,,0.0,19065.0,19093.0,0.0,0.0,0.0,0.0,0.0,0.0,29.0,0.0,0.0,0.0,29.0,0.0,0.0,0.0,0.0,0.0,"solar2_v,lipo2_v"
2020-11-08T17:00:00Z,30.0,30.0,,,0.0,0.0,,,,,,,,,,,3.535,3.531,3.537,,,,233.733,0.0,0.0,,,,,285.633,284.0,287.0,,,0.0,19094.0,19123.0,0.0,0.0,0.0,0.0,0.0,0.0,30.0,0.0,0.0,0.0,30.0,0.0,0.0,0.0,0.0,0.0,"solar2_v,lipo2_v"
2020-11-08T18:00:00Z,29.0,29.0,,,0.0,0.0,,,,,,,,,,,3.533,3.532,3.536,,,,233.586,0.0,0.0,,,,,283.0,281.0,286.0,,,0.0,19124.0,19152.0,0.0,0.0,0.0,0.0,0.0,0.0,29.0,0.0,0.0,0.0,29.0,0.0,0.0,0.0,0.0,0.0,"solar2_v,lipo2_v"
2020-11-08T19:00:00Z,30.0,30.0,,,0.0,0.0,,,,,,,,,,,3.531,3.531,3.534,,,,233.7,0.0,0.0,,,,,279.367,276.0,281.0,,,0.0,19153.0,19182.0,0.0,0.0,0.0,0.0,0.0,0.0,30.0,0.0,0.0,0.0,30.0,0.0,0.0,0.0,0.0,0.0,"solar2_v,lipo2_v"
2020-11-08T20:00:00Z,29.0,29.0,,,0.0,0.0,,,,,,,,,,,3.53,3.527,3.532,,,,234.138,0.0,0.0,,,,,274.828,274.0,277.0,,,0.0,19183.0,19211.0,0.0,0.0,0.0,0.0,0.0,0.0,29.0,0.0,0.0,0.0,29.0,0.0,0.0,0.0,0.0,0.0,"solar2_v,lipo2_v"
2020-11-08T21:00:00Z,30.0,30.0,,,0.0,0.0,,,,,,,,,,,3.528,3.527,3.531,,,,234.267,0.0,0.0,,,,,274.167,274.0,275.0,,,0.0,19212.0,19241.0,0.0,0.0,0.0,0.0,0.0,0.0,30.0,0.0,0.0,0.0,30.0,0.0,0.0,0.0,0.0,0.0,"solar2_v,lipo2_v"
2020-11-08T22:00:00Z,29.0,29.0,,,0.0,0.0,,,,,,,,,,,3.527,3.526,3.529,,,,234.207,0.0,0.0,,,,,274.0,274.0,274.0,,,0.0,19242.0,19270.0,0.0,0.0,0.0,0.0,0.0,0.0,29.0,0.0,0.0,0.0,29.0,0.0,0.0,0.0,0.0,0.0,"solar2_v,lipo2_v"
2020-11-08T23:00:00Z,30.0,30.0,,,0.0,0.0,,,,,,,,,,,3.527,3.526,3.531,,,,234.267,0.0,0.0,,,,,277.8,274.0,281.0,,,0.0,19271.0,19300.0,0.0,0.0,0.0,0.0,0.0,0.0,30.0,0.0,0.0,0.0,30.0,0.0,0.0,0.0,0.0,0.0,"solar2_v,lipo2_v"
2020-11-09T00:00:00Z,29.0,29.0,,,0.634,1.034,,,,,,,,,,,3.526,3.526,3.527,,,,233.138,0.0,0.0,,,,,290.414,281.0,301.0,,,0.0,19301.0,19329.0,0.0,27.0,0.0,0.0,0.0,0.0,29.0,0.0,0.0,0.0,29.0,0.0,0.0,0.0,0.0,0.0,"solar2_v,lipo2_v"
2020-11-09T01:00:00Z,28.0,28.0,,,1.006,1.182,,,,,,,,,,,3.526,3.524,3.529,,,,229.75,0.0,0.0,,,,,316.929,302.0,330.0,,,0.0,19330.0,19358.0,0.0,28.0,0.0,0.0,0.0,0.0,28.0,0.0,0.0,0.0,28.0,0.0,0.0,0.0,0.0,0.0,"solar2_v,lipo2_v"
2020-11-09T02:00:00Z,29.0,29.0,,,1.211,1.52,,,,,,,,,,,3.526,3.524,3.527,,,,227.586,0.0,0.0,,,,,342.103,332.0,353.0,,,0.0,19359.0,19387.0,0.0,29.0,0.0,0.0,0.0,0.0,29.0,0.0,0.0,0.0,29.0,0.0,0.0,0.0,0.0,0.0,"solar2_v,lipo2_v"
2020-11-09T03:00:00Z,30.0,30.0,,,1.116,1.485,,,,,,,,,,,3.526,3.524,3.527,,,,227.667,0.0,0.0,,,,,343.3,334.0,348.0,,,0.0,19388.0,19417.0,0.0,30.0,0.0,0.0,0.0,0.0,30.0,0.0,0.0,0.0,30.0,0.0,0.0,0.0,0.0,0.0,"solar2_v,lipo2_v"
2020-11-09T04:00:00Z,29.0,29.0,,,1.321,1.653,,,,,,,,,,,3.525,3.524,3.526,,,,226.931,0.0,0.0,,,,,349.0,343.0,359.0,,,0.0,19418.0,19446.0,0.0,29.0,0.0,0.0,0.0,0.0,29.0,0.0,0.0,0.0,29.0,0.0,0.0,0.0,0.0,0.0,"solar2_v,lipo2_v"
2020-11-09T05:00:00Z,30.0,30.0,,,1.185,1.415,,,,,,,,,,,3.525,3.524,3.526,,,,226.967,0.0,0.0,,,,,354.567,340.0,362.0,,,0.0,19447.0,19476.0,0.0,30.0,0.0,0.0,0.0,0.0,30.0,0.0,0.0,0.0,30.0,0.0,0.0,0.0,0.0,0.0,"solar2_v,lipo2_v"
2020-11-09T06:00:00Z,29.0,29.0,,,1.302,1.39,,,,,,,,,,,3.524,3.522,3.526,,,,227.724,0.0,0.0,,,,,342.897,338.0,346.0,,,0.0,19477.0,19505.0,0.0,29.0,0.0,0.0,0.0,0.0,29.0,0.0,0.0,0.0,29.0,0.0,0.0,0.0,0.0,0.0,"solar2_v,lipo2_v"
2020-11-09T07:00:00Z,30.0,30.0,,,1.116,1.477,,,,,,,,,,,3.523,3.521,3.526,,,,227.9,0.0,0.0,,,,,341.033,339.0,345.0,,,0.0,19506.0,19535.0,0.0,30.0,0.0,0.0,0.0,0.0,30.0,0.0,0.0,0.0,30.0,0.0,0.0,0.0,0.0,0.0,"solar2_v,lipo2_v"
2020-11-09T08:00:00Z,29.0,29.0,,,0.222,0.643,,,,,,,,,,,3.523,3.521,3.524,,,,229.172,0.0,0.0,,,,,323.828,314.0,339.0,,,0.0,19536.0,19564.0,0.0,15.0,0.0,0.0,0.0,0.0,29.0,0.0,0.0,0.0,29.0,0.0,0.0,0.0,0.0,0.0,"solar2_v,lipo2_v"
2020-11-09T09:00:00Z,30.0,30.0,,,0.0,0.0,,,,,,,,,,,3.521,3.519,3.524,,,,229.567,0.0,0.0,,,,,318.767,315.0,321.0,,,0.0,19565.0,19594.0,0.0,0.0,0.0,0.0,0.0,0.0,30.0,0.0,0.0,0.0,30.0,0.0,0.0,0.0,0.0,0.0,"solar2_v,lipo2_v"
2020-11-09T10:00:00Z,29.0,29.0,,,0.0,0.0,,,,,,,,,,,3.52,3.519,3.522,,,,230.621,0.0,0.0,,,,,313.207,311.0,314.0,,,0.0,19595.0,19623.0,0.0,0.0,0.0,0.0,0.0,0.0,29.0,0.0,0.0,0.0,29.0,0.0,0.0,0.0,0.0,0.0,"solar2_v,lipo2_v"
2020-11-09T11:00:00Z,29.0,29.0,,,0.0,0.0,,,,,,,,,,,3.52,3.519,3.521,,,,231.448,0.0,0.0,,,,,305.931,301.0,312.0,,,0.0,19624.0,19652.0,0.0,0.0,0.0,0.0,0.0,0.0,29.0,0.0,0.0,0.0,29.0,0.0,0.0,0.0,0.0,0.0,"solar2_v,lipo2_v"
2020-11-09T12:00:00Z,30.0,30.0,,,0.0,0.0,,,,,,,,,,,3.519,3.517,3.521,,,,231.8,0.0,0.0,,,,,301.6,301.0,304.0,,,0.0,19653.0,19682.0,0.0,0.0,0.0,0.0,0.0,0.0,30.0,0.0,0.0,0.0,30.0,0.0,0.0,0.0,0.0,0.0,"solar2_v,lipo2_v"
2020-11-09T13:00:00Z,29.0,29.0,,,0.0,0.0,,,,,,,,,,,3.517,3.514,3.519,,,,232.586,0.0,0.0,,,,,295.172,291.0,304.0,,,0.0,19683.0,19711.0,0.0,0.0,0.0,0.0,0.0,0.0,29.0,0.0,0.0,0.0,29.0,0.0,0.0,0.0,0.0,0.0,"solar2_v,lipo2_v"
2020-11-09T14:00:00Z,30.0,30.0,,,0.0,0.0,,,,,,,,,,,3.517,3.514,3.519,,,,232.133,0.0,0.0,,,,,299.833,297.0,301.0,,,0.0,19712.0,19741.0,0.0,0.0,0.0,0.0,0.0,0.0,30.0,0.0,0.0,0.0,30.0,0.0,0.0,0.0,0.0,0.0,"solar2_v,lipo2_v"
2020-11-09T15:00:00Z,29.0,29.0,,,0.0,0.0,,,,,,,,,,,3.516,3.514,3.519,,,,232.759,0.0,0.0,,,,,299.414,297.0,301.0,,,0.0,19742.0,19770.0,0.0,0.0,0.0,0.0,0.0,0.0,29.0,0.0,0.0,0.0,29.0,0.0,0.0,0.0,0.0,0.0,"solar2_v,lipo2_v"
2020-11-09T16:00:00Z,30.0,30.0,,,0.0,0.0,,,,,,,,,,,3.516,3.512,3.517,,,,231.633,0.0,0.0,,,,,302.1,301.0,304.0,,,0.0,19771.0,19800.0,0.0,0.0,0.0,0.0,0.0,0.0,30.0,0.0,0.0,0.0,30.0,0.0,0.0,0.0,0.0,0.0,"solar2_v,lipo2_v"
2020-11-09T17:00:00Z,29.0,29.0,,,0.0,0.0,,,,,,,,,,,3.515,3.512,3.516,,,,232.0,0.0,0.0,,,,,301.241,301.0,304.0,,,0.0,19801.0,19829.0,0.0,0.0,0.0,0.0,0.0,0.0,29.0,0.0,0.0,0.0,29.0,0.0,0.0,0.0,0.0,0.0,"solar2_v,lipo2_v"
2020-11-09T18:00:00Z,30.0,30.0,,,0.0,0.0,,,,,,,,,,,3.513,3.511,3.516,,,,232.267,0.0,0.0,,,,,298.933,295.0,301.0,,,0.0,19830.0,19859.0,0.0,0.0,0.0,0.0,0.0,0.0,30.0,0.0,0.0,0.0,30.0,0.0,0.0,0.0,0.0,0.0,"solar2_v,lipo2_v"
2020-11-09T19:00:00Z,29.0,29.0,,,0.0,0.0,,,,,,,,,,,3.512,3.511,3.514,,,,233.0,0.0,0.0,,,,,292.897,291.0,295.0,,,0.0,19860.0,19888.0,0.0,0.0,0.0,0.0,0.0,0.0,29.0,0.0,0.0,0.0,29.0,0.0,0.0,0.0,0.0,0.0,"solar2_v,lipo2_v"
2020-11-09T20:00:00Z,30.0,30.0,,,0.0,0.0,,,,,,,,,,,3.511,3.509,3.512,,,,233.133,0.0,0.0,,,,,289.933,288.0,291.0,,,0.0,19889.0,19918.0,0.0,0.0,0.0,0.0,0.0,0.0,30.0,0.0,0.0,0.0,30.0,0.0,0.0,0.0,0.0,0.0,"solar2_v,lipo2_v"
2020-11-09T21:00:00Z,29.0,29.0,,,0.0,0.0,,,,,,,,,,,3.511,3.509,3.512,,,,233.138,0.0,0.0,,,,,286.828,286.0,289.0,,,0.0,19919.0,19947.0,0.0,0.0,0.0,0.0,0.0,0.0,29.0,0.0,0.0,0.0,29.0,0.0,0.0,0.0,0.0,0.0,"solar2_v,lipo2_v"
2020-11-09T22:00:00Z,29.0,29.0,,,0.0,0.0,,,,,,,,,,,3.51,3.508,3.511,,,,233.828,0.0,0.0,,,,,283.724,280.0,286.0,,,0.0,19948.0,19976.0,0.0,0.0,0.0,0.0,0.0,0.0,29.0,0.0,0.0,0.0,29.0,0.0,0.0,0.0,0.0,0.0,"solar2_v,lipo2_v"
2020-11-09T23:00:00Z,30.0,30.0,,,0.083,0.459,,,,,,,,,,,3.509,3.506,3.511,,,,233.6,0.0,0.0,,,,,282.433,279.0,286.0,,,0.0,19977.0,20006.0,0.0,6.0,0.0,0.0,0.0,0.0,30.0,0.0,0.0,0.0,30.0,0.0,0.0,0.0,0.0,0.0,"solar2_v,lipo2_v"
2020-11-10T00:00:00Z,26.0,26.0,,,0.649,1.051,,,,,,,,,,,3.508,3.506,3.509,,,,233.308,0.0,0.0,,,,,290.885,286.0,298.0,,,0.0,20007.0,20035.0,0.0,26.0,0.0,0.0,0.0,0.0,26.0,0.0,0.0,0.0,26.0,0.0,0.0,0.0,0.0,0.0,"solar2_v,lipo2_v"
2020-11-10T01:00:00Z,30.0,30.0,,,0.909,1.272,,,,,,,,,,,3.508,3.506,3.509,,,,231.767,0.0,0.0,,,,,303.8,300.0,318.0,,,0.0,20036.0,20065.0,0.0,30.0,0.0,0.0,0.0,0.0,30.0,0.0,0.0,0.0,30.0,0.0,0.0,0.0,0.0,0.0,"solar2_v,lipo2_v"
2020-11-10T02:00:00Z,29.0,29.0,,,1.231,1.654,,,,,,,,,,,3.508,3.506,3.509,,,,228.31,0.0,0.0,,,,,333.31,320.0,343.0,,,0.0,20066.0,20094.0,0.0,29.0,0.0,0.0,0.0,0.0,29.0,0.0,0.0,0.0,29.0,0.0,0.0,0.0,0.0,0.0,"solar2_v,lipo2_v"
2020-11-10T03:00:00Z,30.0,30.0,,,1.461,1.63,,,,,,,,,,,3.508,3.506,3.509,,,,228.233,0.0,0.0,,,,,336.633,332.0,340.0,,,0.0,20095.0,20124.0,0.0,30.0,0.0,0.0,0.0,0.0,30.0,0.0,0.0,0.0,30.0,0.0,0.0,0.0,0.0,0.0,"solar2_v,lipo2_v"
2020-11-10T04:00:00Z,29.0,29.0,,,1.622,1.704,,,,,,,,,,,3.507,3.504,3.509,,,,227.103,0.0,0.0,,,,,350.345,340.0,354.0,,,0.0,20125.0,20153.0,0.0,29.0,0.0,0.0,0.0,0.0,29.0,0.0,0.0,0.0,29.0,0.0,0.0,0.0,0.0,0.0,"solar2_v,lipo2_v"
2020-11-10T05:00:00Z,30.0,30.0,,,1.622,1.687,,,,,,,,,,,3.505,3.504,3.508,,,,227.333,0.0,0.0,,,,,347.6,344.0,354.0,,,0.0,20154.0,20183.0,0.0,30.0,0.0,0.0,0.0,0.0,30.0,0.0,0.0,0.0,30.0,0.0,0.0,0.0,0.0,0.0,"solar2_v,lipo2_v"
2020-11-10T06:00:00Z,29.0,29.0,,,1.46,1.546,,,,,,,,,,,3.504,3.503,3.506,,,,227.759,0.0,0.0,,,,,343.172,335.0,348.0,,,0.0,20184.0,20212.0,0.0,29.0,0.0,0.0,0.0,0.0,29.0,0.0,0.0,0.0,29.0,0.0,0.0,0.0,0.0,0.0,"solar2_v,lipo2_v"
2020-11-10T07:00:00Z,30.0,30.0,,,1.022,1.244,,,,,,,,,,,3.503,3.503,3.504,,,,229.067,0.0,0.0,,,,,325.333,319.0,335.0,,,0.0,20213.0,20242.0,0.0,30.0,0.0,0.0,0.0,0.0,30.0,0.0,0.0,0.0,30.0,0.0,0.0,0.0,0.0,0.0,"solar2_v,lipo2_v"
2020-11-10T08:00:00Z,29.0,29.0,,,0.64,0.838,,,,,,,,,,,3.503,3.501,3.504,,,,230.724,0.0,0.0,,,,,312.621,306.0,318.0,,,0.0,20243.0,20271.0,0.0,29.0,0.0,0.0,0.0,0.0,29.0,0.0,0.0,0.0,29.0,0.0,0.0,0.0,0.0,0.0,"solar2_v,lipo2_v"
2020-11-10T09:00:00Z,30.0,30.0,,,0.147,0.472,,,,,,,,,,,3.502,3.501,3.503,,,,231.8,0.0,0.0,,,,,302.367,300.0,306.0,,,0.0,20272.0,20301.0,0.0,11.0,0.0,0.0,0.0,0.0,30.0,0.0,0.0,0.0,30.0,0.0,0.0,0.0,0.0,0.0,"solar2_v,lipo2_v"
2020-11-10T10:00:00Z,29.0,29.0,,,0.0,0.0,,,,,,,,,,,3.501,3.501,3.503,,,,232.414,0.0,0.0,,,,,299.69,298.0,301.0,,,0.0,20302.0,20330.0,0.0,0.0,0.0,0.0,0.0,0.0,29.0,0.0,0.0,0.0,29.0,0.0,0.0,0.0,0.0,0.0,"solar2_v,lipo2_v"
2020-11-10T11:00:00Z,30.0,30.0,,,0.0,0.0,,,,,,,,,,,3.501,3.499,3.501,,,,232.367,0.0,0.0,,,,,296.667,294.0,300.0,,,0.0,20331.0,20360.0,0.0,0.0,0.0,0.0,0.0,0.0,30.0,0.0,0.0,0.0,30.0,0.0,0.0,0.0,0.0,0.0,"solar2_v,lipo2_v"
2020-11-10T12:00:00Z,29.0,29.0,,,0.0,0.0,,,,,,,,,,,3.5,3.499,3.501,,,,232.586,0.0,0.0,,,,,294.931,293.0,296.0,,,0.0,20361.0,20389.0,0.0,0.0,0.0,0.0,0.0,0.0,29.0,0.0,0.0,0.0,29.0,0.0,0.0,0.0,0.0,0.0,"solar2_v,lipo2_v"
2020-11-10T13:00:00Z,29.0,29.0,,,0.0,0.0,,,,,,,,,,,3.5,3.499,3.501,,,,232.586,0.0,0.0,,,,,295.0,293.0,297.0,,,0.0,20390.0,20418.0,0.0,0.0,0.0,0.0,0.0,0.0,29.0,0.0,0.0,0.0,29.0,0.0,0.0,0.0,0.0,0.0,"solar2_v,lipo2_v"
2020-11-10T14:00:00Z,30.0,30.0,,,0.0,0.0,,,,,,,,,,,3.499,3.499,3.501,,,,232.9,0.0,0.0,,,,,294.1,293.0,296.0,,,0.0,20419.0,20448.0,0.0,0.0,0.0,0.0,0.0,0.0,30.0,0.0,0.0,0.0,30.0,0.0,0.0,0.0,0.0,0.0,"solar2_v,lipo2_v"
2020-11-10T15:00:00Z,29.0,29.0,,,0.0,0.0,,,,,,,,,,,3.499,3.498,3.499,,,,233.103,0.0,0.0,,,,,288.172,286.0,296.0,,,0.0,20449.0,20477.0,0.0,0.0,0.0,0.0,0.0,0.0,29.0,0.0,0.0,0.0,29.0,0.0,0.0,0.0,0.0,0.0,"solar2_v,lipo2_v"
2020-11-10T16:00:00Z,30.0,30.0,,,0.0,0.0,,,,,,,,,,,3.498,3.496,3.499,,,,233.267,0.0,0.0,,,,,285.633,278.0,288.0,,,0.0,20478.0,20507.0,0.0,0.0,0.0,0.0,0.0,0.0,30.0,0.0,0.0,0.0,30.0,0.0,0.0,0.0,0.0,0.0,"solar2_v,lipo2_v"
2020-11-10T17:00:00Z,29.0,29.0,,,0.0,0.0,,,,,,,,,,,3.497,3.494,3.498,,,,234.241,0.0,0.0,,,,,274.448,273.0,278.0,,,0.0,20508.0,20536.0,0.0,0.0,0.0,0.0,0.0,0.0,29.0,0.0,0.0,0.0,29.0,0.0,0.0,0.0,0.0,0.0,"solar2_v,lipo2_v"
2020-11-10T18:00:00Z,30.0,30.0,,,0.0,0.0,,,,,,,,,,,3.497,3.494,3.498,,,,234.533,0.0,0.0,,,,,273.567,273.0,274.0,,,0.0,20537.0,20566.0,0.0,0.0,0.0,0.0,0.0,0.0,30.0,0.0,0.0,0.0,30.0,0.0,0.0,0.0,0.0,0.0,"solar2_v,lipo2_v"
2020-11-10T19:00:00Z,29.0,29.0,,,0.0,0.0,,,,,,,,,,,3.495,3.493,3.498,,,,234.862,0.0,0.0,,,,,273.241,273.0,274.0,,,0.0,20567.0,20595.0,0.0,0.0,0.0,0.0,0.0,0.0,29.0,0.0,0.0,0.0,29.0,0.0,0.0,0.0,0.0,0.0,"solar2_v,lipo2_v"
2020-11-10T20:00:00Z,30.0,30.0,,,0.0,0.0,,,,,,,,,,,3.494,3.493,3.496,,,,235.133,0.0,0.0,,,,,268.933,261.0,274.0,,,0.0,20596.0,20625.0,0.0,0.0,0.0,0.0,0.0,0.0,30.0,0.0,0.0,0.0,30.0,0.0,0.0,0.0,0.0,0.0,"solar2_v,lipo2_v"
2020-11-10T21:00:00Z,29.0,29.0,,,0.0,0.0,,,,,,,,,,,3.493,3.491,3.496,,,,235.552,0.0,0.0,,,,,264.034,261.0,266.0,,,0.0,20626.0,20654.0,0.0,0.0,0.0,0.0,0.0,0.0,29.0,0.0,0.0,0.0,29.0,0.0,0.0,0.0,0.0,0.0,"solar2_v,lipo2_v"
2020-11-10T22:00:00Z,30.0,30.0,,,0.0,0.0,,,,,,,,,,,3.492,3.489,3.494,,,,235.7,0.0,0.0,,,,,266.7,265.0,267.0,,,0.0,20655.0,20684.0,0.0,0.0,0.0,0.0,0.0,0.0,30.0,0.0,0.0,0.0,30.0,0.0,0.0,0.0,0.0,0.0,"solar2_v,lipo2_v"
2020-11-10T23:00:00Z,29.0,29.0,,,0.011,0.319,,,,,,,,,,,3.49,3.489,3.493,,,,235.586,0.0,0.0,,,,,269.586,266.0,274.0,,,0.0,20685.0,20713.0,0.0,1.0,0.0,0.0,0.0,0.0,29.0,0.0,0.0,0.0,29.0,0.0,0.0,0.0,0.0,0.0,"solar2_v,lipo2_v"
2020-11-11T00:00:00Z,30.0,30.0,,,0.564,0.744,,,,,,,,,,,3.489,3.486,3.491,,,,233.867,0.0,0.0,,,,,280.7,274.0,286.0,,,0.0,20714.0,20743.0,0.0,30.0,0.0,0.0,0.0,0.0,30.0,0.0,0.0,0.0,30.0,0.0,0.0,0.0,0.0,0.0,"solar2_v,lipo2_v"
2020-11-11T01:00:00Z,29.0,29.0,,,0.798,1.146,,,,,,,,,,,3.488,3.486,3.489,,,,232.862,0.0,0.0,,,,,291.862,286.0,300.0,,,0.0,20744.0,20772.0,0.0,29.0,0.0,0.0,0.0,0.0,29.0,0.0,0.0,0.0,29.0,0.0,0.0,0.0,0.0,0.0,"solar2_v,lipo2_v"
2020-11-11T02:00:00Z,30.0,30.0,,,0.954,1.43,,,,,,,,,,,3.486,3.484,3.488,,,,232.267,0.0,0.0,,,,,299.0,295.0,304.0,,,0.0,20773.0,20802.0,0.0,30.0,0.0,0.0,0.0,0.0,30.0,0.0,0.0,0.0,30.0,0.0,0.0,0.0,0.0,0.0,"solar2_v,lipo2_v"
2020-11-11T03:00:00Z,29.0,29.0,,,1.159,1.779,,,,,,,,,,,3.484,3.483,3.488,,,,231.345,0.0,0.0,,,,,305.379,301.0,320.0,,,0.0,20803.0,20831.0,0.0,29.0,0.0,0.0,0.0,0.0,29.0,0.0,0.0,0.0,29.0,0.0,0.0,0.0,0.0,0.0,"solar2_v,lipo2_v"
2020-11-11T04:00:00Z,29.0,29.0,,,1.441,1.725,,,,,,,,,,,3.482,3.479,3.484,,,,228.345,0.0,0.0,,,,,331.483,323.0,340.0,,,0.0,20832.0,20860.0,0.0,29.0,0.0,0.0,0.0,0.0,29.0,0.0,0.0,0.0,29.0,0.0,0.0,0.0,0.0,0.0,"solar2_v,lipo2_v"
2020-11-11T05:00:00Z,30.0,30.0,,,1.437,1.653,,,,,,,,,,,3.479,3.476,3.481,,,,228.633,0.0,0.0,,,,,327.7,327.0,330.0,,,0.0,20861.0,20890.0,0.0,30.0,0.0,0.0,0.0,0.0,30.0,0.0,0.0,0.0,30.0,0.0,0.0,0.0,0.0,0.0,"solar2_v,lipo2_v"
2020-11-11T06:00:00Z,29.0,29.0,,,1.543,1.756,,,,,,,,,,,3.477,3.475,3.479,,,,228.0,0.0,0.0,,,,,335.345,330.0,346.0,,,0.0,20891.0,20919.0,0.0,29.0,0.0,0.0,0.0,0.0,29.0,0.0,0.0,0.0,29.0,0.0,0.0,0.0,0.0,0.0,"solar2_v,lipo2_v"
2020-11-11T07:00:00Z,30.0,30.0,,,1.017,1.741,,,,,,,,,,,3.474,3.473,3.476,,,,227.567,0.0,0.0,,,,,342.7,329.0,353.0,,,0.0,20920.0,20949.0,0.0,30.0,0.0,0.0,0.0,0.0,30.0,0.0,0.0,0.0,30.0,0.0,0.0,0.0,0.0,0.0,"solar2_v,lipo2_v"
2020-11-11T08:00:00Z,29.0,29.0,,,0.334,0.664,,,,,,,,,,,3.472,3.471,3.473,,,,230.069,0.0,0.0,,,,,317.655,311.0,327.0,,,0.0,20950.0,20978.0,0.0,20.0,0.0,0.0,0.0,0.0,29.0,0.0,0.0,0.0,29.0,0.0,0.0,0.0,0.0,0.0,"solar2_v,lipo2_v"
2020-11-11T09:00:00Z,30.0,30.0,,,0.087,0.451,,,,,,,,,,,3.469,3.466,3.471,,,,231.2,0.0,0.0,,,,,307.8,302.0,312.0,,,0.0,20979.0,21008.0,0.0,7.0,0.0,0.0,0.0,0.0,30.0,0.0,0.0,0.0,30.0,0.0,0.0,0.0,0.0,0.0,"solar2_v,lipo2_v"
2020-11-11T10:00:00Z,29.0,29.0,,,0.0,0.0,,,,,,,,,,,3.465,3.461,3.468,,,,231.966,0.0,0.0,,,,,300.172,298.0,302.0,,,0.0,21009.0,21037.0,0.0,0.0,0.0,0.0,0.0,0.0,29.0,0.0,0.0,0.0,29.0,0.0,0.0,0.0,0.0,0.0,"solar2_v,lipo2_v"
2020-11-11T11:00:00Z,30.0,30.0,,,0.0,0.0,,,,,,,,,,,3.461,3.458,3.465,,,,232.667,0.0,0.0,,,,,296.267,295.0,299.0,,,0.0,21038.0,21067.0,0.0,0.0,0.0,0.0,0.0,0.0,30.0,0.0,0.0,0.0,30.0,0.0,0.0,0.0,0.0,0.0,"solar2_v,lipo2_v"
2020-11-11T12:00:00Z,29.0,29.0,,,0.0,0.0,,,,,,,,,,,3.456,3.455,3.458,,,,233.103,0.0,0.0,,,,,292.379,290.0,295.0,,,0.0,21068.0,21096.0,0.0,0.0,0.0,0.0,0.0,0.0,29.0,0.0,0.0,0.0,29.0,0.0,0.0,0.0,0.0,0.0,"solar2_v,lipo2_v"
2020-11-11T13:00:00Z,30.0,30.0,,,0.0,0.0,,,,,,,,,,,3.453,3.45,3.456,,,,232.967,0.0,0.0,,,,,291.8,290.0,294.0,,,0.0,21097.0,21126.0,0.0,0.0,0.0,0.0,0.0,0.0,30.0,0.0,0.0,0.0,30.0,0.0,0.0,0.0,0.0,0.0,"solar2_v,lipo2_v"
2020-11-11T14:00:00Z,29.0,29.0,,,0.0,0.0,,,,,,,,,,,3.449,3.448,3.451,,,,233.103,0.0,0.0,,,,,292.069,291.0,295.0,,,0.0,21127.0,21155.0,0.0,0.0,0.0,0.0,0.0,0.0,29.0,0.0,0.0,0.0,29.0,0.0,0.0,0.0,0.0,0.0,"solar2_v,lipo2_v"
2020-11-11T15:00:00Z,27.0,27.0,,,0.0,0.0,,,,,,,,,,,3.447,3.446,3.448,,,,233.222,0.0,0.0,,,,,288.593,286.0,293.0,,,0.0,21156.0,21184.0,0.0,0.0,0.0,0.0,0.0,0.0,27.0,0.0,0.0,0.0,27.0,0.0,0.0,0.0,0.0,0.0,"solar2_v,lipo2_v"
2020-11-11T16:00:00Z,30.0,30.0,,,0.0,0.0,,,,,,,,,,,3.444,3.442,3.446,,,,233.567,0.0,0.0,,,,,285.967,285.0,287.0,,,0.0,21185.0,21214.0,0.0,0.0,0.0,0.0,0.0,0.0,30.0,0.0,0.0,0.0,30.0,0.0,0.0,0.0,0.0,0.0,"solar2_v,lipo2_v"
2020-11-11T17:00:00Z,29.0,29.0,,,0.0,0.0,,,,,,,,,,,3.441,3.437,3.445,,,,233.621,0.0,0.0,,,,,282.207,280.0,285.0,,,0.0,21215.0,21243.0,0.0,0.0,0.0,0.0,0.0,0.0,29.0,0.0,0.0,0.0,29.0,0.0,0.0,0.0,0.0,0.0,"solar2_v,lipo2_v"
2020-11-11T18:00:00Z,30.0,30.0,,,0.0,0.0,,,,,,,,,,,3.435,3.432,3.438,,,,233.6,0.0,0.0,,,,,279.133,278.0,281.0,,,0.0,21244.0,21273.0,0.0,0.0,0.0,0.0,0.0,0.0,30.0,0.0,0.0,0.0,30.0,0.0,0.0,0.0,0.0,0.0,"solar2_v,lipo2_v"
2020-11-11T19:00:00Z,29.0,29.0,,,0.0,0.0,,,,,,,,,,,3.429,3.427,3.433,,,,233.724,0.0,0.0,,,,,277.103,275.0,279.0,,,0.0,21274.0,21302.0,0.0,0.0,0.0,0.0,0.0,0.0,29.0,0.0,0.0,0.0,29.0,0.0,0.0,0.0,0.0,0.0,"solar2_v,lipo2_v"
2020-11-11T20:00:00Z,30.0,30.0,,,0.0,0.0,,,,,,,,,,,3.424,3.42,3.427,,,,234.367,0.0,0.0,,,,,274.9,274.0,275.0,,,0.0,21303.0,21332.0,0.0,0.0,0.0,0.0,0.0,0.0,30.0,0.0,0.0,0.0,30.0,0.0,0.0,0.0,0.0,0.0,"solar2_v,lipo2_v"
2020-11-11T21:00:00Z,11.0,11.0,,,0.0,0.0,,,,,,,,,,,3.42,3.42,3.422,,,,234.364,0.0,0.0,,,,,274.0,274.0,274.0,,,0.0,21333.0,21343.0,0.0,0.0,0.0,0.0,0.0,0.0,11.0,0.0,0.0,0.0,11.0,0.0,0.0,0.0,0.0,0.0,"solar2_v,lipo2_v"
2020-11-20T15:00:00Z,14.0,14.0,,,0.0,0.0,,,,,,,,,,,4.13,4.126,4.131,,,,231.714,0.0,0.0,,,,,304.429,301.0,314.0,,,0.0,1.0,14.0,0.0,0.0,0.0,0.0,0.0,0.0,14.0,0.0,0.0,0.0,14.0,0.0,0.0,0.0,0.0,0.0,"solar2_v,lipo2_v"
2020-11-20T16:00:00Z,29.0,29.0,,,0.0,0.0,,,,,,,,,,,4.128,4.125,4.131,,,,233.31,0.0,0.0,,,,,289.069,270.0,301.0,,,0.0,9.0,37.0,0.0,0.0,0.0,0.0,0.0,0.0,29.0,0.0,0.0,0.0,29.0,0.0,0.0,0.0,0.0,0.0,"solar2_v,lipo2_v"
2020-11-20T17:00:00Z,30.0,30.0,,,0.0,0.0,,,,,,,,,,,4.126,4.123,4.128,,,,234.067,0.0,0.0,,,,,281.8,274.0,288.0,,,0.0,38.0,67.0,0.0,0.0,0.0,0.0,0.0,0.0,30.0,0.0,0.0,0.0,30.0,0.0,0.0,0.0,0.0,0.0,"solar2_v,lipo2_v"
2020-11-20T18:00:00Z,29.0,29.0,,,0.0,0.0,,,,,,,,,,,4.123,4.12,4.126,,,,233.828,0.0,0.0,,,,,281.448,274.0,287.0,,,0.0,68.0,96.0,0.0,0.0,0.0,0.0,0.0,0.0,29.0,0.0,0.0,0.0,29.0,0.0,0.0,0.0,0.0,0.0,"solar2_v,lipo2_v"
2020-11-20T19:00:00Z,30.0,30.0,,,0.0,0.0,,,,,,,,,,,4.12,4.116,4.125,,,,233.867,0.0,0.0,,,,,282.2,274.0,288.0,,,0.0,97.0,126.0,0.0,0.0,0.0,0.0,0.0,0.0,30.0,0.0,0.0,0.0,30.0,0.0,0.0,0.0,0.0,0.0,"solar2_v,lipo2_v"
2020-11-20T20:00:00Z,29.0,29.0,,,0.0,0.0,,,,,,,,,,,4.118,4.116,4.12,,,,233.897,0.0,0.0,,,,,281.655,274.0,287.0,,,0.0,127.0,155.0,0.0,0.0,0.0,0.0,0.0,0.0,29.0,0.0,0.0,0.0,29.0,0.0,0.0,0.0,0.0,0.0,"solar2_v,lipo2_v"
2020-11-20T21:00:00Z,30.0,30.0,,,0.0,0.0,,,,,,,,,,,4.115,4.113,4.118,,,,233.633,0.0,0.0,,,,,281.967,274.0,287.0,,,0.0,156.0,185.0,0.0,0.0,0.0,0.0,0.0,0.0,30.0,0.0,0.0,0.0,30.0,0.0,0.0,0.0,0.0,0.0,"solar2_v,lipo2_v"
2020-11-20T22:00:00Z,29.0,29.0,,,0.0,0.0,,,,,,,,,,,4.113,4.111,4.115,,,,233.793,0.0,0.0,,,,,282.862,273.0,292.0,,,0.0,186.0,214.0,0.0,0.0,0.0,0.0,0.0,0.0,29.0,0.0,0.0,0.0,29.0,0.0,0.0,0.0,0.0,0.0,"solar2_v,lipo2_v"
2020-11-20T23:00:00Z,30.0,30.0,,,0.068,0.536,,,,,,,,,,,4.112,4.11,4.115,,,,232.667,0.0,0.0,,,,,298.2,293.0,308.0,,,0.0,215.0,244.0,0.0,4.0,0.0,0.0,0.0,0.0,30.0,0.0,0.0,0.0,30.0,0.0,0.0,0.0,0.0,0.0,"solar2_v,lipo2_v"
2020-11-21T00:00:00Z,29.0,29.0,,,0.593,0.82,,,,,,,,,,,4.111,4.11,4.115,,,,230.448,0.0,0.0,,,,,316.655,311.0,322.0,,,0.0,245.0,273.0,0.0,29.0,0.0,0.0,0.0,0.0,29.0,0.0,0.0,0.0,29.0,0.0,0.0,0.0,0.0,0.0,"solar2_v,lipo2_v"
2020-11-21T01:00:00Z,30.0,30.0,,,0.721,1.271,,,,,,,,,,,4.11,4.108,4.113,,,,228.7,0.0,0.0,,,,,333.4,321.0,346.0,,,0.0,274.0,303.0,0.0,30.0,0.0,0.0,0.0,0.0,30.0,0.0,0.0,0.0,30.0,0.0,0.0,0.0,0.0,0.0,"solar2_v,lipo2_v"
2020-11-21T02:00:00Z,29.0,29.0,,,0.969,1.467,,,,,,,,,,,4.111,4.108,4.113,,,,225.655,0.0,0.0,,,,,367.0,348.0,384.0,,,0.0,304.0,332.0,0.0,29.0,0.0,0.0,0.0,0.0,29.0,0.0,0.0,0.0,29.0,0.0,0.0,0.0,0.0,0.0,"solar2_v,lipo2_v"
2020-11-21T03:00:00Z,30.0,30.0,,,0.928,1.292,,,,,,,,,,,4.11,4.106,4.111,,,,223.767,0.0,0.0,,,,,386.2,379.0,394.0,,,0.0,333.0,362.0,0.0,30.0,0.0,0.0,0.0,0.0,30.0,0.0,0.0,0.0,30.0,0.0,0.0,0.0,0.0,0.0,"solar2_v,lipo2_v"
2020-11-21T04:00:00Z,29.0,29.0,,,0.756,0.979,,,,,,,,,,,4.107,4.106,4.11,,,,224.828,0.0,0.0,,,,,372.345,367.0,378.0,,,0.0,363.0,391.0,0.0,29.0,0.0,0.0,0.0,0.0,29.0,0.0,0.0,0.0,29.0,0.0,0.0,0.0,0.0,0.0,"solar2_v,lipo2_v"
2020-11-21T05:00:00Z,30.0,30.0,,,1.099,1.259,,,,,,,,,,,4.106,4.106,4.108,,,,224.467,0.0,0.0,,,,,378.7,368.0,392.0,,,0.0,392.0,421.0,0.0,30.0,0.0,0.0,0.0,0.0,30.0,0.0,0.0,0.0,30.0,0.0,0.0,0.0,0.0,0.0,"solar2_v,lipo2_v"
2020-11-21T06:00:00Z,29.0,29.0,,,0.815,1.271,,,,,,,,,,,4.105,4.105,4.106,,,,224.862,0.0,0.0,,,,,376.448,368.0,390.0,,,0.0,422.0,450.0,0.0,29.0,0.0,0.0,0.0,0.0,29.0,0.0,0.0,0.0,29.0,0.0,0.0,0.0,0.0,0.0,"solar2_v,lipo2_v"
2020-11-21T07:00:00Z,29.0,29.0,,,0.533,1.602,,,,,,,,,,,4.104,4.102,4.106,,,,225.655,0.0,0.0,,,,,366.31,316.0,389.0,,,0.0,451.0,479.0,0.0,16.0,0.0,0.0,0.0,0.0,29.0,0.0,0.0,0.0,29.0,0.0,0.0,0.0,0.0,0.0,"solar2_v,lipo2_v"
2020-11-21T08:00:00Z,30.0,30.0,,,0.0,0.0,,,,,,,,,,,4.1,4.097,4.103,,,,232.0,0.0,0.0,,,,,302.367,299.0,314.0,,,0.0,480.0,509.0,0.0,0.0,0.0,0.0,0.0,0.0,30.0,0.0,0.0,0.0,30.0,0.0,0.0,0.0,0.0,0.0,"solar2_v,lipo2_v"
2020-11-21T09:00:00Z,29.0,29.0,,,0.0,0.0,,,,,,,,,,,4.098,4.097,4.1,,,,232.552,0.0,0.0,,,,,299.172,298.0,301.0,,,0.0,510.0,538.0,0.0,0.0,0.0,0.0,0.0,0.0,29.0,0.0,0.0,0.0,29.0,0.0,0.0,0.0,0.0,0.0,"solar2_v,lipo2_v"
2020-11-21T10:00:00Z,30.0,30.0,,,0.0,0.0,,,,,,,,,,,4.096,4.093,4.098,,,,232.133,0.0,0.0,,,,,300.433,300.0,301.0,,,0.0,539.0,568.0,0.0,0.0,0.0,0.0,0.0,0.0,30.0,0.0,0.0,0.0,30.0,0.0,0.0,0.0,0.0,0.0,"solar2_v,lipo2_v"
2020-11-21T11:00:00Z,29.0,29.0,,,0.0,0.0,,,,,,,,,,,4.094,4.092,4.097,,,,231.828,0.0,0.0,,,,,301.276,300.0,303.0,,,0.0,569.0,597.0,0.0,0.0,0.0,0.0,0.0,0.0,29.0,0.0,0.0,0.0,29.0,0.0,0.0,0.0,0.0,0.0,"solar2_v,lipo2_v"
2020-11-21T12:00:00Z,30.0,30.0,,,0.0,0.0,,,,,,,,,,,4.093,4.092,4.097,,,,231.733,0.0,0.0,,,,,301.067,301.0,302.0,,,0.0,598.0,627.0,0.0,0.0,0.0,0.0,0.0,0.0,30.0,0.0,0.0,0.0,30.0,0.0,0.0,0.0,0.0,0.0,"solar2_v,lipo2_v"
2020-11-21T13:00:00Z,29.0,29.0,,,0.0,0.0,,,,,,,,,,,4.093,4.09,4.095,,,,232.414,0.0,0.0,,,,,300.379,300.0,301.0,,,0.0,628.0,656.0,0.0,0.0,0.0,0.0,0.0,0.0,29.0,0.0,0.0,0.0,29.0,0.0,0.0,0.0,0.0,0.0,"solar2_v,lipo2_v"
2020-11-21T14:00:00Z,30.0,30.0,,,0.0,0.0,,,,,,,,,,,4.091,4.088,4.092,,,,232.8,0.0,0.0,,,,,299.067,298.0,300.0,,,0.0,657.0,686.0,0.0,0.0,0.0,0.0,0.0,0.0,30.0,0.0,0.0,0.0,30.0,0.0,0.0,0.0,0.0,0.0,"solar2_v,lipo2_v"
2020-11-21T15:00:00Z,28.0,28.0,,,0.0,0.0,,,,,,,,,,,4.09,4.087,4.092,,,,232.643,0.0,0.0,,,,,300.071,298.0,301.0,,,0.0,687.0,715.0,0.0,0.0,0.0,0.0,0.0,0.0,28.0,0.0,0.0,0.0,28.0,0.0,0.0,0.0,0.0,0.0,"solar2_v,lipo2_v"
2020-11-21T16:00:00Z,30.0,30.0,,,0.0,0.0,,,,,,,,,,,4.088,4.087,4.09,,,,232.267,0.0,0.0,,,,,301.1,301.0,302.0,,,0.0,716.0,745.0,0.0,0.0,0.0,0.0,0.0,0.0,30.0,0.0,0.0,0.0,30.0,0.0,0.0,0.0,0.0,0.0,"solar2_v,lipo2_v"
2020-11-21T17:00:00Z,29.0,29.0,,,0.0,0.0,,,,,,,,,,,4.088,4.085,4.09,,,,232.655,0.0,0.0,,,,,299.517,296.0,303.0,,,0.0,746.0,774.0,0.0,0.0,0.0,0.0,0.0,0.0,29.0,0.0,0.0,0.0,29.0,0.0,0.0,0.0,0.0,0.0,"solar2_v,lipo2_v"
2020-11-21T18:00:00Z,30.0,30.0,,,0.0,0.0,,,,,,,,,,,4.086,4.085,4.088,,,,232.9,0.0,0.0,,,,,296.0,296.0,296.0,,,0.0,775.0,804.0,0.0,0.0,0.0,0.0,0.0,0.0,30.0,0.0,0.0,0.0,30.0,0.0,0.0,0.0,0.0,0.0,"solar2_v,lipo2_v"
2020-11-21T19:00:00Z,29.0,29.0,,,0.0,0.0,,,,,,,,,,,4.085,4.083,4.087,,,,232.793,0.0,0.0,,,,,293.897,287.0,297.0,,,0.0,805.0,833.0,0.0,0.0,0.0,0.0,0.0,0.0,29.0,0.0,0.0,0.0,29.0,0.0,0.0,0.0,0.0,0.0,"solar2_v,lipo2_v"
2020-11-21T20:00:00Z,30.0,30.0,,,0.0,0.0,,,,,,,,,,,4.084,4.082,4.085,,,,233.233,0.0,0.0,,,,,288.6,287.0,290.0,,,0.0,834.0,863.0,0.0,0.0,0.0,0.0,0.0,0.0,30.0,0.0,0.0,0.0,30.0,0.0,0.0,0.0,0.0,0.0,"solar2_v,lipo2_v"
2020-11-21T21:00:00Z,29.0,29.0,,,0.0,0.0,,,,,,,,,,,4.083,4.082,4.083,,,,233.31,0.0,0.0,,,,,285.241,281.0,287.0,,,0.0,864.0,892.0,0.0,0.0,0.0,0.0,0.0,0.0,29.0,0.0,0.0,0.0,29.0,0.0,0.0,0.0,0.0,0.0,"solar2_v,lipo2_v"
2020-11-21T22:00:00Z,29.0,29.0,,,0.0,0.0,,,,,,,,,,,4.082,4.08,4.082,,,,234.448,0.0,0.0,,,,,278.448,277.0,281.0,,,0.0,893.0,921.0,0.0,0.0,0.0,0.0,0.0,0.0,29.0,0.0,0.0,0.0,29.0,0.0,0.0,0.0,0.0,0.0,"solar2_v,lipo2_v"
2020-11-21T23:00:00Z,30.0,30.0,,,0.109,0.392,,,,,,,,,,,4.081,4.08,4.082,,,,234.3,0.0,0.0,,,,,279.667,275.0,287.0,,,0.0,922.0,951.0,0.0,9.0,0.0,0.0,0.0,0.0,30.0,0.0,0.0,0.0,30.0,0.0,0.0,0.0,0.0,0.0,"solar2_v,lipo2_v"
2020-11-22T00:00:00Z,29.0,29.0,,,0.422,0.52,,,,,,,,,,,4.082,4.08,4.082,,,,232.966,0.0,0.0,,,,,294.31,287.0,301.0,,,0.0,952.0,980.0,0.0,29.0,0.0,0.0,0.0,0.0,29.0,0.0,0.0,0.0,29.0,0.0,0.0,0.0,0.0,0.0,"solar2_v,lipo2_v"
2020-11-22T01:00:00Z,30.0,30.0,,,0.693,0.979,,,,,,,,,,,4.082,4.08,4.082,,,,230.733,0.0,0.0,,,,,314.733,301.0,335.0,,,0.0,981.0,1010.0,0.0,28.0,0.0,0.0,0.0,0.0,30.0,0.0,0.0,0.0,30.0,0.0,0.0,0.0,0.0,0.0,"solar2_v,lipo2_v"
2020-11-22T02:00:00Z,29.0,29.0,,,1.076,1.399,,,,,,,,,,,4.082,4.08,4.082,,,,226.862,0.0,0.0,,,,,353.345,338.0,367.0,,,0.0,1011.0,1039.0,0.0,29.0,0.0,0.0,0.0,0.0,29.0,0.0,0.0,0.0,29.0,0.0,0.0,0.0,0.0,0.0,"solar2_v,lipo2_v"
2020-11-22T03:00:00Z,30.0,30.0,,,1.132,1.523,,,,,,,,,,,4.082,4.08,4.083,,,,226.233,0.0,0.0,,,,,362.333,354.0,367.0,,,0.0,1040.0,1069.0,0.0,30.0,0.0,0.0,0.0,0.0,30.0,0.0,0.0,0.0,30.0,0.0,0.0,0.0,0.0,0.0,"solar2_v,lipo2_v"
2020-11-22T04:00:00Z,29.0,29.0,,,0.963,1.479,,,,,,,,,,,4.082,4.08,4.082,,,,226.207,0.0,0.0,,,,,361.931,356.0,367.0,,,0.0,1070.0,1098.0,0.0,29.0,0.0,0.0,0.0,0.0,29.0,0.0,0.0,0.0,29.0,0.0,0.0,0.0,0.0,0.0,"solar2_v,lipo2_v"
2020-11-22T05:00:00Z,30.0,30.0,,,0.783,1.22,,,,,,,,,,,4.081,4.08,4.082,,,,226.567,0.0,0.0,,,,,359.367,353.0,367.0,,,0.0,1099.0,1128.0,0.0,30.0,0.0,0.0,0.0,0.0,30.0,0.0,0.0,0.0,30.0,0.0,0.0,0.0,0.0,0.0,"solar2_v,lipo2_v"
2020-11-22T06:00:00Z,29.0,29.0,,,0.911,1.22,,,,,,,,,,,4.08,4.08,4.082,,,,224.034,0.0,0.0,,,,,383.862,367.0,396.0,,,0.0,1129.0,1157.0,0.0,29.0,0.0,0.0,0.0,0.0,29.0,0.0,0.0,0.0,29.0,0.0,0.0,0.0,0.0,0.0,"solar2_v,lipo2_v"
2020-11-22T07:00:00Z,30.0,30.0,,,1.097,1.353,,,,,,,,,,,4.08,4.08,4.082,,,,222.6,0.0,0.0,,,,,396.9,380.0,404.0,,,0.0,1158.0,1187.0,0.0,30.0,0.0,0.0,0.0,0.0,30.0,0.0,0.0,0.0,30.0,0.0,0.0,0.0,0.0,0.0,"solar2_v,lipo2_v"
2020-11-22T08:00:00Z,29.0,29.0,,,0.726,1.025,,,,,,,,,,,4.079,4.077,4.08,,,,225.517,0.0,0.0,,,,,370.069,357.0,380.0,,,0.0,1188.0,1216.0,0.0,29.0,0.0,0.0,0.0,0.0,29.0,0.0,0.0,0.0,29.0,0.0,0.0,0.0,0.0,0.0,"solar2_v,lipo2_v"
2020-11-22T09:00:00Z,30.0,30.0,,,0.225,0.521,,,,,,,,,,,4.078,4.077,4.08,,,,227.9,0.0,0.0,,,,,343.6,327.0,356.0,,,0.0,1217.0,1246.0,0.0,15.0,0.0,0.0,0.0,0.0,30.0,0.0,0.0,0.0,30.0,0.0,0.0,0.0,0.0,0.0,"solar2_v,lipo2_v"
2020-11-22T10:00:00Z,29.0,29.0,,,0.0,0.0,,,,,,,,,,,4.076,4.073,4.078,,,,230.483,0.0,0.0,,,,,320.345,316.0,327.0,,,0.0,1247.0,1275.0,0.0,0.0,0.0,0.0,0.0,0.0,29.0,0.0,0.0,0.0,29.0,0.0,0.0,0.0,0.0,0.0,"solar2_v,lipo2_v"
2020-11-22T11:00:00Z,30.0,30.0,,,0.0,0.0,,,,,,,,,,,4.077,4.075,4.078,,,,230.067,0.0,0.0,,,,,318.0,315.0,321.0,,,0.0,1276.0,1305.0,0.0,0.0,0.0,0.0,0.0,0.0,30.0,0.0,0.0,0.0,30.0,0.0,0.0,0.0,0.0,0.0,"solar2_v,lipo2_v"
2020-11-22T12:00:00Z,29.0,29.0,,,0.0,0.0,,,,,,,,,,,4.075,4.073,4.078,,,,230.966,0.0,0.0,,,,,314.103,314.0,315.0,,,0.0,1306.0,1334.0,0.0,0.0,0.0,0.0,0.0,0.0,29.0,0.0,0.0,0.0,29.0,0.0,0.0,0.0,0.0,0.0,"solar2_v,lipo2_v"
2020-11-22T13:00:00Z,29.0,29.0,,,0.0,0.0,,,,,,,,,,,4.073,4.072,4.075,,,,230.241,0.0,0.0,,,,,314.586,313.0,316.0,,,0.0,1335.0,1363.0,0.0,0.0,0.0,0.0,0.0,0.0,29.0,0.0,0.0,0.0,29.0,0.0,0.0,0.0,0.0,0.0,"solar2_v,lipo2_v"
2020-11-22T14:00:00Z,30.0,30.0,,,0.0,0.0,,,,,,,,,,,4.073,4.07,4.075,,,,231.033,0.0,0.0,,,,,314.433,314.0,315.0,,,0.0,1364.0,1393.0,0.0,0.0,0.0,0.0,0.0,0.0,30.0,0.0,0.0,0.0,30.0,0.0,0.0,0.0,0.0,0.0,"solar2_v,lipo2_v"
2020-11-22T15:00:00Z,29.0,29.0,,,0.0,0.0,,,,,,,,,,,4.072,4.07,4.075,,,,231.31,0.0,0.0,,,,,307.586,302.0,314.0,,,0.0,1394.0,1422.0,0.0,0.0,0.0,0.0,0.0,0.0,29.0,0.0,0.0,0.0,29.0,0.0,0.0,0.0,0.0,0.0,"solar2_v,lipo2_v"
2020-11-22T16:00:00Z,30.0,30.0,,,0.0,0.0,,,,,,,,,,,4.071,4.069,4.073,,,,232.133,0.0,0.0,,,,,301.9,301.0,303.0,,,0.0,1423.0,1452.0,0.0,0.0,0.0,0.0,0.0,0.0,30.0,0.0,0.0,0.0,30.0,0.0,0.0,0.0,0.0,0.0,"solar2_v,lipo2_v"
2020-11-22T17:00:00Z,29.0,29.0,,,0.0,0.0,,,,,,,,,,,4.07,4.067,4.073,,,,232.379,0.0,0.0,,,,,300.655,300.0,301.0,,,0.0,1453.0,1481.0,0.0,0.0,0.0,0.0,0.0,0.0,29.0,0.0,0.0,0.0,29.0,0.0,0.0,0.0,0.0,0.0,"solar2_v,lipo2_v"
2020-11-22T18:00:00Z,30.0,30.0,,,0.0,0.0,,,,,,,,,,,4.069,4.065,4.07,,,,232.267,0.0,0.0,,,,,300.333,299.0,301.0,,,0.0,1482.0,1511.0,0.0,0.0,0.0,0.0,0.0,0.0,30.0,0.0,0.0,0.0,30.0,0.0,0.0,0.0,0.0,0.0,"solar2_v,lipo2_v"
2020-11-22T19:00:00Z,29.0,29.0,,,0.0,0.0,,,,,,,,,,,4.068,4.065,4.07,,,,232.828,0.0,0.0,,,,,299.483,298.0,301.0,,,0.0,1512.0,1540.0,0.0,0.0,0.0,0.0,0.0,0.0,29.0,0.0,0.0,0.0,29.0,0.0,0.0,0.0,0.0,0.0,"solar2_v,lipo2_v"
2020-11-22T20:00:00Z,28.0,28.0,,,0.0,0.0,,,,,,,,,,,4.067,4.065,4.07,,,,232.821,0.0,0.0,,,,,300.036,300.0,301.0,,,0.0,1541.0,1570.0,0.0,0.0,0.0,0.0,0.0,0.0,28.0,0.0,0.0,0.0,28.0,0.0,0.0,0.0,0.0,0.0,"solar2_v,lipo2_v"
2020-11-22T21:00:00Z,29.0,29.0,,,0.0,0.0,,,,,,,,,,,4.066,4.064,4.069,,,,232.759,0.0,0.0,,,,,297.552,295.0,301.0,,,0.0,1571.0,1599.0,0.0,0.0,0.0,0.0,0.0,0.0,29.0,0.0,0.0,0.0,29.0,0.0,0.0,0.0,0.0,0.0,"solar2_v,lipo2_v"
2020-11-22T22:00:00Z,30.0,30.0,,,0.0,0.0,,,,,,,,,,,4.066,4.064,4.067,,,,233.233,0.0,0.0,,,,,293.733,291.0,296.0,,,0.0,1600.0,1629.0,0.0,0.0,0.0,0.0,0.0,0.0,30.0,0.0,0.0,0.0,30.0,0.0,0.0,0.0,0.0,0.0,"solar2_v,lipo2_v"
2020-11-22T23:00:00Z,29.0,29.0,,,0.0,0.0,,,,,,,,,,,4.064,4.062,4.065,,,,232.931,0.0,0.0,,,,,293.034,291.0,294.0,,,0.0,1630.0,1658.0,0.0,0.0,0.0,0.0,0.0,0.0,29.0,0.0,0.0,0.0,29.0,0.0,0.0,0.0,0.0,0.0,"solar2_v,lipo2_v"
2020-11-23T00:00:00Z,30.0,30.0,,,0.33,0.534,,,,,,,,,,,4.063,4.06,4.065,,,,232.233,0.0,0.0,,,,,299.667,294.0,307.0,,,0.0,1659.0,1688.0,0.0,23.0,0.0,0.0,0.0,0.0,30.0,0.0,0.0,0.0,30.0,0.0,0.0,0.0,0.0,0.0,"solar2_v,lipo2_v"
2020-11-23T01:00:00Z,29.0,29.0,,,0.688,0.954,,,,,,,,,,,4.064,4.06,4.067,,,,230.379,0.0,0.0,,,,,320.345,308.0,336.0,,,0.0,1689.0,1717.0,0.0,29.0,0.0,0.0,0.0,0.0,29.0,0.0,0.0,0.0,29.0,0.0,0.0,0.0,0.0,0.0,"solar2_v,lipo2_v"
2020-11-23T02:00:00Z,30.0,30.0,,,0.863,0.889,,,,,,,,,,,4.065,4.064,4.065,,,,226.767,0.0,0.0,,,,,356.567,340.0,371.0,,,0.0,1718.0,1747.0,0.0,30.0,0.0,0.0,0.0,0.0,30.0,0.0,0.0,0.0,30.0,0.0,0.0,0.0,0.0,0.0,"solar2_v,lipo2_v"
2020-11-23T03:00:00Z,29.0,29.0,,,1.011,1.522,,,,,,,,,,,4.064,4.062,4.067,,,,224.207,0.0,0.0,,,,,382.069,372.0,392.0,,,0.0,1748.0,1776.0,0.0,29.0,0.0,0.0,0.0,0.0,29.0,0.0,0.0,0.0,29.0,0.0,0.0,0.0,0.0,0.0,"solar2_v,lipo2_v"
2020-11-23T04:00:00Z,30.0,30.0,,,0.857,1.254,,,,,,,,,,,4.064,4.062,4.065,,,,224.767,0.0,0.0,,,,,379.033,373.0,390.0,,,0.0,1777.0,1806.0,0.0,30.0,0.0,0.0,0.0,0.0,30.0,0.0,0.0,0.0,30.0,0.0,0.0,0.0,0.0,0.0,"solar2_v,lipo2_v"
2020-11-23T05:00:00Z,29.0,29.0,,,0.796,0.943,,,,,,,,,,,4.063,4.062,4.065,,,,224.828,0.0,0.0,,,,,375.379,370.0,383.0,,,0.0,1807.0,1835.0,0.0,29.0,0.0,0.0,0.0,0.0,29.0,0.0,0.0,0.0,29.0,0.0,0.0,0.0,0.0,0.0,"solar2_v,lipo2_v"
2020-11-23T06:00:00Z,30.0,30.0,,,0.757,0.948,,,,,,,,,,,4.063,4.062,4.065,,,,223.533,0.0,0.0,,,,,388.633,383.0,394.0,,,0.0,1836.0,1865.0,0.0,30.0,0.0,0.0,0.0,0.0,30.0,0.0,0.0,0.0,30.0,0.0,0.0,0.0,0.0,0.0,"solar2_v,lipo2_v"
2020-11-23T07:00:00Z,29.0,29.0,,,0.979,1.413,,,,,,,,,,,4.063,4.06,4.065,,,,223.31,0.0,0.0,,,,,389.414,374.0,401.0,,,0.0,1866.0,1894.0,0.0,29.0,0.0,0.0,0.0,0.0,29.0,0.0,0.0,0.0,29.0,0.0,0.0,0.0,0.0,0.0,"solar2_v,lipo2_v"
2020-11-23T08:00:00Z,30.0,30.0,,,0.325,1.482,,,,,,,,,,,4.06,4.057,4.064,,,,227.2,0.0,0.0,,,,,351.767,340.0,374.0,,,0.0,1895.0,1924.0,0.0,16.0,0.0,0.0,0.0,0.0,30.0,0.0,0.0,0.0,30.0,0.0,0.0,0.0,0.0,0.0,"solar2_v,lipo2_v"
2020-11-23T09:00:00Z,29.0,29.0,,,0.0,0.0,,,,,,,,,,,4.058,4.055,4.06,,,,228.448,0.0,0.0,,,,,332.724,321.0,340.0,,,0.0,1925.0,1953.0,0.0,0.0,0.0,0.0,0.0,0.0,29.0,0.0,0.0,0.0,29.0,0.0,0.0,0.0,0.0,0.0,"solar2_v,lipo2_v"
2020-11-23T10:00:00Z,30.0,30.0,,,0.0,0.0,,,,,,,,,,,4.056,4.054,4.057,,,,229.7,0.0,0.0,,,,,319.1,316.0,321.0,,,0.0,1954.0,1983.0,0.0,0.0,0.0,0.0,0.0,0.0,30.0,0.0,0.0,0.0,30.0,0.0,0.0,0.0,0.0,0.0,"solar2_v,lipo2_v"
2020-11-23T11:00:00Z,29.0,29.0,,,0.0,0.0,,,,,,,,,,,4.057,4.054,4.059,,,,230.207,0.0,0.0,,,,,319.034,317.0,320.0,,,0.0,1984.0,2012.0,0.0,0.0,0.0,0.0,0.0,0.0,29.0,0.0,0.0,0.0,29.0,0.0,0.0,0.0,0.0,0.0,"solar2_v,lipo2_v"
2020-11-23T12:00:00Z,28.0,28.0,,,0.0,0.0,,,,,,,,,,,4.057,4.054,4.059,,,,229.643,0.0,0.0,,,,,320.286,318.0,321.0,,,0.0,2013.0,2040.0,0.0,0.0,0.0,0.0,0.0,0.0,28.0,0.0,0.0,0.0,28.0,0.0,0.0,0.0,0.0,0.0,"solar2_v,lipo2_v"
2020-11-23T13:00:00Z,30.0,30.0,,,0.0,0.0,,,,,,,,,,,4.055,4.054,4.057,,,,230.367,0.0,0.0,,,,,315.433,312.0,319.0,,,0.0,2042.0,2071.0,0.0,0.0,0.0,0.0,0.0,0.0,30.0,0.0,0.0,0.0,30.0,0.0,0.0,0.0,0.0,0.0,"solar2_v,lipo2_v"
2020-11-23T14:00:00Z,29.0,29.0,,,0.0,0.0,,,,,,,,,,,4.054,4.052,4.055,,,,231.759,0.0,0.0,,,,,303.828,301.0,311.0,,,0.0,2072.0,2100.0,0.0,0.0,0.0,0.0,0.0,0.0,29.0,0.0,0.0,0.0,29.0,0.0,0.0,0.0,0.0,0.0,"solar2_v,lipo2_v"
2020-11-23T15:00:00Z,30.0,30.0,,,0.0,0.0,,,,,,,,,,,4.054,4.052,4.055,,,,231.5,0.0,0.0,,,,,309.4,304.0,314.0,,,0.0,2101.0,2130.0,0.0,0.0,0.0,0.0,0.0,0.0,30.0,0.0,0.0,0.0,30.0,0.0,0.0,0.0,0.0,0.0,"solar2_v,lipo2_v"
2020-11-23T16:00:00Z,29.0,29.0,,,0.0,0.0,,,,,,,,,,,4.053,4.052,4.055,,,,231.759,0.0,0.0,,,,,303.552,301.0,309.0,,,0.0,2131.0,2159.0,0.0,0.0,0.0,0.0,0.0,0.0,29.0,0.0,0.0,0.0,29.0,0.0,0.0,0.0,0.0,0.0,"solar2_v,lipo2_v"
2020-11-23T17:00:00Z,30.0,30.0,,,0.0,0.0,,,,,,,,,,,4.053,4.052,4.054,,,,232.233,0.0,0.0,,,,,299.967,296.0,301.0,,,0.0,2160.0,2189.0,0.0,0.0,0.0,0.0,0.0,0.0,30.0,0.0,0.0,0.0,30.0,0.0,0.0,0.0,0.0,0.0,"solar2_v,lipo2_v"
2020-11-23T18:00:00Z,29.0,29.0,,,0.0,0.0,,,,,,,,,,,4.052,4.05,4.054,,,,232.172,0.0,0.0,,,,,300.207,296.0,303.0,,,0.0,2190.0,2218.0,0.0,0.0,0.0,0.0,0.0,0.0,29.0,0.0,0.0,0.0,29.0,0.0,0.0,0.0,0.0,0.0,"solar2_v,lipo2_v"
2020-11-23T19:00:00Z,30.0,30.0,,,0.0,0.0,,,,,,,,,,,4.052,4.05,4.054,,,,232.333,0.0,0.0,,,,,299.5,296.0,301.0,,,0.0,2219.0,2248.0,0.0,0.0,0.0,0.0,0.0,0.0,30.0,0.0,0.0,0.0,30.0,0.0,0.0,0.0,0.0,0.0,"solar2_v,lipo2_v"
2020-11-23T20:00:00Z,29.0,29.0,,,0.0,0.0,,,,,,,,,,,4.051,4.049,4.052,,,,232.69,0.0,0.0,,,,,296.345,293.0,300.0,,,0.0,2249.0,2277.0,0.0,0.0,0.0,0.0,0.0,0.0,29.0,0.0,0.0,0.0,29.0,0.0,0.0,0.0,0.0,0.0,"solar2_v,lipo2_v"
2020-11-23T21:00:00Z,30.0,30.0,,,0.0,0.0,,,,,,,,,,,4.05,4.049,4.054,,,,233.267,0.0,0.0,,,,,288.9,281.0,299.0,,,0.0,2278.0,2307.0,0.0,0.0,0.0,0.0,0.0,0.0,30.0,0.0,0.0,0.0,30.0,0.0,0.0,0.0,0.0,0.0,"solar2_v,lipo2_v"
2020-11-23T22:00:00Z,29.0,29.0,,,0.0,0.0,,,,,,,,,,,4.049,4.047,4.05,,,,233.793,0.0,0.0,,,,,279.483,278.0,281.0,,,0.0,2308.0,2336.0,0.0,0.0,0.0,0.0,0.0,0.0,29.0,0.0,0.0,0.0,29.0,0.0,0.0,0.0,0.0,0.0,"solar2_v,lipo2_v"
2020-11-23T23:00:00Z,30.0,30.0,,,0.022,0.339,,,,,,,,,,,4.049,4.045,4.052,,,,233.467,0.0,0.0,,,,,284.0,279.0,287.0,,,0.0,2337.0,2366.0,0.0,2.0,0.0,0.0,0.0,0.0,30.0,0.0,0.0,0.0,30.0,0.0,0.0,0.0,0.0,0.0,"solar2_v,lipo2_v"
2020-11-24T00:00:00Z,29.0,29.0,,,0.465,0.656,,,,,,,,,,,4.049,4.047,4.052,,,,232.621,0.0,0.0,,,,,296.379,288.0,303.0,,,0.0,2367.0,2395.0,0.0,28.0,0.0,0.0,0.0,0.0,29.0,0.0,0.0,0.0,29.0,0.0,0.0,0.0,0.0,0.0,"solar2_v,lipo2_v"
2020-11-24T01:00:00Z,30.0,30.0,,,0.694,0.851,,,,,,,,,,,4.05,4.047,4.052,,,,230.533,0.0,0.0,,,,,315.933,304.0,327.0,,,0.0,2396.0,2425.0,0.0,30.0,0.0,0.0,0.0,0.0,30.0,0.0,0.0,0.0,30.0,0.0,0.0,0.0,0.0,0.0,"solar2_v,lipo2_v"
2020-11-24T02:00:00Z,29.0,29.0,,,0.965,1.164,,,,,,,,,,,4.05,4.049,4.052,,,,227.655,0.0,0.0,,,,,343.034,329.0,355.0,,,0.0,2426.0,2454.0,0.0,29.0,0.0,0.0,0.0,0.0,29.0,0.0,0.0,0.0,29.0,0.0,0.0,0.0,0.0,0.0,"solar2_v,lipo2_v"
2020-11-24T03:00:00Z,29.0,29.0,,,0.962,1.338,,,,,,,,,,,4.051,4.05,4.052,,,,225.931,0.0,0.0,,,,,361.897,353.0,367.0,,,0.0,2455.0,2483.0,0.0,29.0,0.0,0.0,0.0,0.0,29.0,0.0,0.0,0.0,29.0,0.0,0.0,0.0,0.0,0.0,"solar2_v,lipo2_v"
2020-11-24T04:00:00Z,30.0,30.0,,,1.256,1.668,,,,,,,,,,,4.051,4.05,4.052,,,,225.667,0.0,0.0,,,,,368.9,367.0,374.0,,,0.0,2484.0,2513.0,0.0,30.0,0.0,0.0,0.0,0.0,30.0,0.0,0.0,0.0,30.0,0.0,0.0,0.0,0.0,0.0,"solar2_v,lipo2_v"
2020-11-24T05:00:00Z,25.0,25.0,,,1.458,1.686,,,,,,,,,,,4.051,4.049,4.052,,,,225.36,0.0,0.0,,,,,374.24,367.0,379.0,,,0.0,2514.0,2542.0,0.0,25.0,0.0,0.0,0.0,0.0,25.0,0.0,0.0,0.0,25.0,0.0,0.0,0.0,0.0,0.0,"solar2_v,lipo2_v"
2020-11-24T06:00:00Z,29.0,29.0,,,1.245,1.549,,,,,,,,,,,4.05,4.049,4.052,,,,225.517,0.0,0.0,,,,,368.897,359.0,379.0,,,0.0,2543.0,2572.0,0.0,29.0,0.0,0.0,0.0,0.0,29.0,0.0,0.0,0.0,29.0,0.0,0.0,0.0,0.0,0.0,"solar2_v,lipo2_v"
2020-11-24T07:00:00Z,29.0,29.0,,,0.915,1.7,,,,,,,,,,,4.05,4.049,4.052,,,,226.793,0.0,0.0,,,,,358.103,352.0,374.0,,,0.0,2573.0,2601.0,0.0,29.0,0.0,0.0,0.0,0.0,29.0,0.0,0.0,0.0,29.0,0.0,0.0,0.0,0.0,0.0,"solar2_v,lipo2_v"
2020-11-24T08:00:00Z,30.0,30.0,,,0.667,0.957,,,,,,,,,,,4.049,4.045,4.05,,,,227.8,0.0,0.0,,,,,343.667,338.0,353.0,,,0.0,2602.0,2631.0,0.0,30.0,0.0,0.0,0.0,0.0,30.0,0.0,0.0,0.0,30.0,0.0,0.0,0.0,0.0,0.0,"solar2_v,lipo2_v"
2020-11-24T09:00:00Z,29.0,29.0,,,0.143,0.485,,,,,,,,,,,4.048,4.045,4.05,,,,228.586,0.0,0.0,,,,,330.414,329.0,336.0,,,0.0,2632.0,2660.0,0.0,10.0,0.0,0.0,0.0,0.0,29.0,0.0,0.0,0.0,29.0,0.0,0.0,0.0,0.0,0.0,"solar2_v,lipo2_v"
2020-11-24T10:00:00Z,30.0,30.0,,,0.0,0.0,,,,,,,,,,,4.047,4.045,4.049,,,,229.433,0.0,0.0,,,,,323.833,321.0,328.0,,,0.0,2661.0,2690.0,0.0,0.0,0.0,0.0,0.0,0.0,30.0,0.0,0.0,0.0,30.0,0.0,0.0,0.0,0.0,0.0,"solar2_v,lipo2_v"
2020-11-24T11:00:00Z,29.0,29.0,,,0.0,0.0,,,,,,,,,,,4.046,4.044,4.049,,,,229.897,0.0,0.0,,,,,319.828,316.0,322.0,,,0.0,2691.0,2719.0,0.0,0.0,0.0,0.0,0.0,0.0,29.0,0.0,0.0,0.0,29.0,0.0,0.0,0.0,0.0,0.0,"solar2_v,lipo2_v"
2020-11-24T12:00:00Z,30.0,30.0,,,0.0,0.0,,,,,,,,,,,4.045,4.044,4.047,,,,230.267,0.0,0.0,,,,,317.0,316.0,319.0,,,0.0,2720.0,2749.0,0.0,0.0,0.0,0.0,0.0,0.0,30.0,0.0,0.0,0.0,30.0,0.0,0.0,0.0,0.0,0.0,"solar2_v,lipo2_v"
2020-11-24T13:00:00Z,29.0,29.0,,,0.0,0.0,,,,,,,,,,,4.045,4.042,4.047,,,,230.966,0.0,0.0,,,,,312.586,307.0,316.0,,,0.0,2750.0,2778.0,0.0,0.0,0.0,0.0,0.0,0.0,29.0,0.0,0.0,0.0,29.0,0.0,0.0,0.0,0.0,0.0,"solar2_v,lipo2_v"
2020-11-24T14:00:00Z,30.0,30.0,,,0.0,0.0,,,,,,,,,,,4.044,4.042,4.047,,,,231.333,0.0,0.0,,,,,305.767,304.0,308.0,,,0.0,2779.0,2808.0,0.0,0.0,0.0,0.0,0.0,0.0,30.0,0.0,0.0,0.0,30.0,0.0,0.0,0.0,0.0,0.0,"solar2_v,lipo2_v"
2020-11-24T15:00:00Z,29.0,29.0,,,0.0,0.0,,,,,,,,,,,4.044,4.042,4.045,,,,231.862,0.0,0.0,,,,,302.655,301.0,306.0,,,0.0,2809.0,2837.0,0.0,0.0,0.0,0.0,0.0,0.0,29.0,0.0,0.0,0.0,29.0,0.0,0.0,0.0,0.0,0.0,"solar2_v,lipo2_v"
2020-11-24T16:00:00Z,30.0,30.0,,,0.0,0.0,,,,,,,,,,,4.043,4.04,4.045,,,,231.667,0.0,0.0,,,,,302.867,301.0,305.0,,,0.0,2838.0,2867.0,0.0,0.0,0.0,0.0,0.0,0.0,30.0,0.0,0.0,0.0,30.0,0.0,0.0,0.0,0.0,0.0,"solar2_v,lipo2_v"
2020-11-24T17:00:00Z,27.0,27.0,,,0.0,0.0,,,,,,,,,,,4.043,4.04,4.044,,,,232.63,0.0,0.0,,,,,300.963,300.0,301.0,,,0.0,2868.0,2896.0,0.0,0.0,0.0,0.0,0.0,0.0,27.0,0.0,0.0,0.0,27.0,0.0,0.0,0.0,0.0,0.0,"solar2_v,lipo2_v"
2020-11-24T18:00:00Z,30.0,30.0,,,0.0,0.0,,,,,,,,,,,4.042,4.04,4.045,,,,232.567,0.0,0.0,,,,,300.1,299.0,301.0,,,0.0,2897.0,2926.0,0.0,0.0,0.0,0.0,0.0,0.0,30.0,0.0,0.0,0.0,30.0,0.0,0.0,0.0,0.0,0.0,"solar2_v,lipo2_v"
2020-11-24T19:00:00Z,29.0,29.0,,,0.0,0.0,,,,,,,,,,,4.042,4.039,4.045,,,,232.621,0.0,0.0,,,,,300.138,299.0,301.0,,,0.0,2927.0,2955.0,0.0,0.0,0.0,0.0,0.0,0.0,29.0,0.0,0.0,0.0,29.0,0.0,0.0,0.0,0.0,0.0,"solar2_v,lipo2_v"
2020-11-24T20:00:00Z,30.0,30.0,,,0.0,0.0,,,,,,,,,,,4.041,4.039,4.044,,,,232.567,0.0,0.0,,,,,299.567,297.0,301.0,,,0.0,2956.0,2985.0,0.0,0.0,0.0,0.0,0.0,0.0,30.0,0.0,0.0,0.0,30.0,0.0,0.0,0.0,0.0,0.0,"solar2_v,lipo2_v"
2020-11-24T21:00:00Z,29.0,29.0,,,0.0,0.0,,,,,,,,,,,4.041,4.039,4.044,,,,232.759,0.0,0.0,,,,,294.655,291.0,300.0,,,0.0,2986.0,3014.0,0.0,0.0,0.0,0.0,0.0,0.0,29.0,0.0,0.0,0.0,29.0,0.0,0.0,0.0,0.0,0.0,"solar2_v,lipo2_v"
2020-11-24T22:00:00Z,30.0,30.0,,,0.0,0.0,,,,,,,,,,,4.04,4.037,4.044,,,,233.067,0.0,0.0,,,,,289.067,288.0,291.0,,,0.0,3015.0,3044.0,0.0,0.0,0.0,0.0,0.0,0.0,30.0,0.0,0.0,0.0,30.0,0.0,0.0,0.0,0.0,0.0,"solar2_v,lipo2_v"
2020-11-24T23:00:00Z,29.0,29.0,,,0.048,0.369,,,,,,,,,,,4.039,4.039,4.04,,,,233.241,0.0,0.0,,,,,288.931,287.0,291.0,,,0.0,3045.0,3073.0,0.0,4.0,0.0,0.0,0.0,0.0,29.0,0.0,0.0,0.0,29.0,0.0,0.0,0.0,0.0,0.0,"solar2_v,lipo2_v"
2020-11-25T00:00:00Z,29.0,29.0,,,0.526,0.662,,,,,,,,,,,4.04,4.037,4.042,,,,232.517,0.0,0.0,,,,,296.207,290.0,301.0,,,0.0,3074.0,3102.0,0.0,29.0,0.0,0.0,0.0,0.0,29.0,0.0,0.0,0.0,29.0,0.0,0.0,0.0,0.0,0.0,"solar2_v,lipo2_v"
2020-11-25T01:00:00Z,25.0,25.0,,,0.754,0.966,,,,,,,,,,,4.04,4.039,4.042,,,,230.76,0.0,0.0,,,,,310.68,301.0,320.0,,,0.0,3103.0,3131.0,0.0,25.0,0.0,0.0,0.0,0.0,25.0,0.0,0.0,0.0,25.0,0.0,0.0,0.0,0.0,0.0,"solar2_v,lipo2_v"
2020-11-25T02:00:00Z,30.0,30.0,,,0.866,1.013,,,,,,,,,,,4.04,4.039,4.044,,,,227.8,0.0,0.0,,,,,340.567,319.0,364.0,,,0.0,3132.0,3161.0,0.0,30.0,0.0,0.0,0.0,0.0,30.0,0.0,0.0,0.0,30.0,0.0,0.0,0.0,0.0,0.0,"solar2_v,lipo2_v"
2020-11-25T03:00:00Z,29.0,29.0,,,0.915,1.079,,,,,,,,,,,4.043,4.04,4.045,,,,225.586,0.0,0.0,,,,,366.552,365.0,367.0,,,0.0,3162.0,3190.0,0.0,29.0,0.0,0.0,0.0,0.0,29.0,0.0,0.0,0.0,29.0,0.0,0.0,0.0,0.0,0.0,"solar2_v,lipo2_v"
2020-11-25T04:00:00Z,30.0,30.0,,,1.184,1.413,,,,,,,,,,,4.042,4.039,4.044,,,,225.767,0.0,0.0,,,,,366.233,358.0,373.0,,,0.0,3191.0,3220.0,0.0,30.0,0.0,0.0,0.0,0.0,30.0,0.0,0.0,0.0,30.0,0.0,0.0,0.0,0.0,0.0,"solar2_v,lipo2_v"
2020-11-25T05:00:00Z,29.0,29.0,,,1.33,1.428,,,,,,,,,,,4.041,4.039,4.044,,,,224.966,0.0,0.0,,,,,371.931,369.0,375.0,,,0.0,3221.0,3249.0,0.0,29.0,0.0,0.0,0.0,0.0,29.0,0.0,0.0,0.0,29.0,0.0,0.0,0.0,0.0,0.0,"solar2_v,lipo2_v"
2020-11-25T06:00:00Z,30.0,30.0,,,0.987,1.443,,,,,,,,,,,4.04,4.039,4.042,,,,225.667,0.0,0.0,,,,,368.0,359.0,378.0,,,0.0,3250.0,3279.0,0.0,30.0,0.0,0.0,0.0,0.0,30.0,0.0,0.0,0.0,30.0,0.0,0.0,0.0,0.0,0.0,"solar2_v,lipo2_v"
2020-11-25T07:00:00Z,29.0,29.0,,,1.133,1.472,,,,,,,,,,,4.041,4.039,4.042,,,,224.586,0.0,0.0,,,,,379.172,370.0,383.0,,,0.0,3280.0,3308.0,0.0,29.0,0.0,0.0,0.0,0.0,29.0,0.0,0.0,0.0,29.0,0.0,0.0,0.0,0.0,0.0,"solar2_v,lipo2_v"
2020-11-25T08:00:00Z,29.0,29.0,,,0.664,0.921,,,,,,,,,,,4.04,4.039,4.044,,,,226.621,0.0,0.0,,,,,356.724,352.0,368.0,,,0.0,3309.0,3337.0,0.0,29.0,0.0,0.0,0.0,0.0,29.0,0.0,0.0,0.0,29.0,0.0,0.0,0.0,0.0,0.0,"solar2_v,lipo2_v"
2020-11-25T09:00:00Z,30.0,30.0,,,0.131,0.526,,,,,,,,,,,4.038,4.036,4.04,,,,228.533,0.0,0.0,,,,,336.767,325.0,351.0,,,0.0,3338.0,3367.0,0.0,9.0,0.0,0.0,0.0,0.0,30.0,0.0,0.0,0.0,30.0,0.0,0.0,0.0,0.0,0.0,"solar2_v,lipo2_v"
2020-11-25T10:00:00Z,29.0,29.0,,,0.0,0.0,,,,,,,,,,,4.037,4.036,4.04,,,,230.103,0.0,0.0,,,,,316.828,315.0,323.0,,,0.0,3368.0,3396.0,0.0,0.0,0.0,0.0,0.0,0.0,29.0,0.0,0.0,0.0,29.0,0.0,0.0,0.0,0.0,0.0,"solar2_v,lipo2_v"
2020-11-25T11:00:00Z,30.0,30.0,,,0.0,0.0,,,,,,,,,,,4.037,4.034,4.039,,,,230.767,0.0,0.0,,,,,313.6,313.0,315.0,,,0.0,3397.0,3426.0,0.0,0.0,0.0,0.0,0.0,0.0,30.0,0.0,0.0,0.0,30.0,0.0,0.0,0.0,0.0,0.0,"solar2_v,lipo2_v"
2020-11-25T12:00:00Z,29.0,29.0,,,0.0,0.0,,,,,,,,,,,4.037,4.036,4.039,,,,231.138,0.0,0.0,,,,,313.414,312.0,314.0,,,0.0,3427.0,3455.0,0.0,0.0,0.0,0.0,0.0,0.0,29.0,0.0,0.0,0.0,29.0,0.0,0.0,0.0,0.0,0.0,"solar2_v,lipo2_v"
2020-11-25T13:00:00Z,30.0,30.0,,,0.0,0.0,,,,,,,,,,,4.036,4.034,4.039,,,,231.7,0.0,0.0,,,,,307.3,306.0,311.0,,,0.0,3456.0,3485.0,0.0,0.0,0.0,0.0,0.0,0.0,30.0,0.0,0.0,0.0,30.0,0.0,0.0,0.0,0.0,0.0,"solar2_v,lipo2_v"
2020-11-25T14:00:00Z,29.0,29.0,,,0.0,0.0,,,,,,,,,,,4.036,4.034,4.037,,,,231.69,0.0,0.0,,,,,305.966,304.0,307.0,,,0.0,3486.0,3514.0,0.0,0.0,0.0,0.0,0.0,0.0,29.0,0.0,0.0,0.0,29.0,0.0,0.0,0.0,0.0,0.0,"solar2_v,lipo2_v"
2020-11-25T15:00:00Z,30.0,30.0,,,0.0,0.0,,,,,,,,,,,4.036,4.034,4.037,,,,231.533,0.0,0.0,,,,,305.367,303.0,307.0,,,0.0,3515.0,3544.0,0.0,0.0,0.0,0.0,0.0,0.0,30.0,0.0,0.0,0.0,30.0,0.0,0.0,0.0,0.0,0.0,"solar2_v,lipo2_v"
2020-11-25T16:00:00Z,29.0,29.0,,,0.0,0.0,,,,,,,,,,,4.036,4.034,4.037,,,,231.517,0.0,0.0,,,,,305.31,304.0,306.0,,,0.0,3545.0,3573.0,0.0,0.0,0.0,0.0,0.0,0.0,29.0,0.0,0.0,0.0,29.0,0.0,0.0,0.0,0.0,0.0,"solar2_v,lipo2_v"
2020-11-25T17:00:00Z,29.0,29.0,,,0.0,0.0,,,,,,,,,,,4.035,4.032,4.036,,,,231.724,0.0,0.0,,,,,301.862,301.0,304.0,,,0.0,3574.0,3602.0,0.0,0.0,0.0,0.0,0.0,0.0,29.0,0.0,0.0,0.0,29.0,0.0,0.0,0.0,0.0,0.0,"solar2_v,lipo2_v"
2020-11-25T18:00:00Z,30.0,30.0,,,0.0,0.0,,,,,,,,,,,4.035,4.034,4.037,,,,231.967,0.0,0.0,,,,,301.0,301.0,301.0,,,0.0,3603.0,3632.0,0.0,0.0,0.0,0.0,0.0,0.0,30.0,0.0,0.0,0.0,30.0,0.0,0.0,0.0,0.0,0.0,"solar2_v,lipo2_v"
2020-11-25T19:00:00Z,29.0,29.0,,,0.0,0.0,,,,,,,,,,,4.035,4.034,4.037,,,,232.138,0.0,0.0,,,,,300.828,300.0,301.0,,,0.0,3633.0,3661.0,0.0,0.0,0.0,0.0,0.0,0.0,29.0,0.0,0.0,0.0,29.0,0.0,0.0,0.0,0.0,0.0,"solar2_v,lipo2_v"
2020-11-25T20:00:00Z,30.0,30.0,,,0.0,0.0,,,,,,,,,,,4.034,4.032,4.036,,,,232.733,0.0,0.0,,,,,296.3,293.0,301.0,,,0.0,3662.0,3691.0,0.0,0.0,0.0,0.0,0.0,0.0,30.0,0.0,0.0,0.0,30.0,0.0,0.0,0.0,0.0,0.0,"solar2_v,lipo2_v"
2020-11-25T21:00:00Z,29.0,29.0,,,0.0,0.0,,,,,,,,,,,4.034,4.032,4.036,,,,232.828,0.0,0.0,,,,,293.172,291.0,295.0,,,0.0,3692.0,3720.0,0.0,0.0,0.0,0.0,0.0,0.0,29.0,0.0,0.0,0.0,29.0,0.0,0.0,0.0,0.0,0.0,"solar2_v,lipo2_v"
2020-11-25T22:00:00Z,30.0,30.0,,,0.0,0.0,,,,,,,,,,,4.033,4.031,4.034,,,,233.067,0.0,0.0,,,,,292.067,291.0,293.0,,,0.0,3721.0,3750.0,0.0,0.0,0.0,0.0,0.0,0.0,30.0,0.0,0.0,0.0,30.0,0.0,0.0,0.0,0.0,0.0,"solar2_v,lipo2_v"
2020-11-25T23:00:00Z,29.0,29.0,,,0.061,0.516,,,,,,,,,,,4.033,4.032,4.034,,,,232.448,0.0,0.0,,,,,295.621,293.0,300.0,,,0.0,3751.0,3779.0,0.0,4.0,0.0,0.0,0.0,0.0,29.0,0.0,0.0,0.0,29.0,0.0,0.0,0.0,0.0,0.0,"solar2_v,lipo2_v"
2020-11-26T00:00:00Z,30.0,30.0,,,0.411,0.675,,,,,,,,,,,4.033,4.031,4.036,,,,231.8,0.0,0.0,,,,,303.233,300.0,306.0,,,0.0,3780.0,3809.0,0.0,21.0,0.0,0.0,0.0,0.0,30.0,0.0,0.0,0.0,30.0,0.0,0.0,0.0,0.0,0.0,"solar2_v,lipo2_v"
2020-11-26T01:00:00Z,29.0,29.0,,,0.781,1.441,,,,,,,,,,,4.032,4.031,4.036,,,,231.586,0.0,0.0,,,,,306.862,300.0,325.0,,,0.0,3810.0,3838.0,0.0,25.0,0.0,0.0,0.0,0.0,29.0,0.0,0.0,0.0,29.0,0.0,0.0,0.0,0.0,0.0,"solar2_v,lipo2_v"
2020-11-26T02:00:00Z,30.0,30.0,,,1.252,1.458,,,,,,,,,,,4.033,4.031,4.036,,,,228.667,0.0,0.0,,,,,329.933,325.0,336.0,,,0.0,3839.0,3868.0,0.0,30.0,0.0,0.0,0.0,0.0,30.0,0.0,0.0,0.0,30.0,0.0,0.0,0.0,0.0,0.0,"solar2_v,lipo2_v"
2020-11-26T03:00:00Z,29.0,29.0,,,1.38,1.586,,,,,,,,,,,4.033,4.031,4.034,,,,227.345,0.0,0.0,,,,,345.828,332.0,367.0,,,0.0,3869.0,3897.0,0.0,29.0,0.0,0.0,0.0,0.0,29.0,0.0,0.0,0.0,29.0,0.0,0.0,0.0,0.0,0.0,"solar2_v,lipo2_v"
2020-11-26T04:00:00Z,30.0,30.0,,,1.265,1.661,,,,,,,,,,,4.034,4.032,4.036,,,,226.133,0.0,0.0,,,,,362.167,358.0,367.0,,,0.0,3898.0,3927.0,0.0,30.0,0.0,0.0,0.0,0.0,30.0,0.0,0.0,0.0,30.0,0.0,0.0,0.0,0.0,0.0,"solar2_v,lipo2_v"
2020-11-26T05:00:00Z,29.0,29.0,,,1.289,1.704,,,,,,,,,,,4.035,4.032,4.037,,,,225.621,0.0,0.0,,,,,366.103,360.0,371.0,,,0.0,3928.0,3956.0,0.0,29.0,0.0,0.0,0.0,0.0,29.0,0.0,0.0,0.0,29.0,0.0,0.0,0.0,0.0,0.0,"solar2_v,lipo2_v"
2020-11-26T06:00:00Z,30.0,30.0,,,1.242,1.835,,,,,,,,,,,4.035,4.034,4.036,,,,224.633,0.0,0.0,,,,,373.267,367.0,382.0,,,0.0,3957.0,3986.0,0.0,30.0,0.0,0.0,0.0,0.0,30.0,0.0,0.0,0.0,30.0,0.0,0.0,0.0,0.0,0.0,"solar2_v,lipo2_v"
2020-11-26T07:00:00Z,29.0,29.0,,,1.364,1.892,,,,,,,,,,,4.036,4.034,4.037,,,,224.069,0.0,0.0,,,,,383.241,373.0,392.0,,,0.0,3987.0,4015.0,0.0,29.0,0.0,0.0,0.0,0.0,29.0,0.0,0.0,0.0,29.0,0.0,0.0,0.0,0.0,0.0,"solar2_v,lipo2_v"
2020-11-26T08:00:00Z,30.0,30.0,,,0.535,0.641,,,,,,,,,,,4.034,4.032,4.036,,,,227.2,0.0,0.0,,,,,353.3,340.0,369.0,,,0.0,4016.0,4045.0,0.0,30.0,0.0,0.0,0.0,0.0,30.0,0.0,0.0,0.0,30.0,0.0,0.0,0.0,0.0,0.0,"solar2_v,lipo2_v"
2020-11-26T09:00:00Z,29.0,29.0,,,0.135,0.551,,,,,,,,,,,4.032,4.031,4.034,,,,228.724,0.0,0.0,,,,,331.414,323.0,340.0,,,0.0,4046.0,4074.0,0.0,8.0,0.0,0.0,0.0,0.0,29.0,0.0,0.0,0.0,29.0,0.0,0.0,0.0,0.0,0.0,"solar2_v,lipo2_v"
2020-11-26T10:00:00Z,29.0,29.0,,,0.0,0.0,,,,,,,,,,,4.032,4.031,4.034,,,,230.448,0.0,0.0,,,,,315.586,314.0,322.0,,,0.0,4075.0,4103.0,0.0,0.0,0.0,0.0,0.0,0.0,29.0,0.0,0.0,0.0,29.0,0.0,0.0,0.0,0.0,0.0,"solar2_v,lipo2_v"
2020-11-26T11:00:00Z,30.0,30.0,,,0.0,0.0,,,,,,,,,,,4.032,4.031,4.034,,,,230.6,0.0,0.0,,,,,313.933,313.0,314.0,,,0.0,4104.0,4133.0,0.0,0.0,0.0,0.0,0.0,0.0,30.0,0.0,0.0,0.0,30.0,0.0,0.0,0.0,0.0,0.0,"solar2_v,lipo2_v"
2020-11-26T12:00:00Z,29.0,29.0,,,0.0,0.0,,,,,,,,,,,4.032,4.029,4.036,,,,231.069,0.0,0.0,,,,,312.931,310.0,314.0,,,0.0,4134.0,4162.0,0.0,0.0,0.0,0.0,0.0,0.0,29.0,0.0,0.0,0.0,29.0,0.0,0.0,0.0,0.0,0.0,"solar2_v,lipo2_v"
2020-11-26T13:00:00Z,30.0,30.0,,,0.0,0.0,,,,,,,,,,,4.032,4.031,4.034,,,,231.3,0.0,0.0,,,,,310.833,307.0,314.0,,,0.0,4163.0,4192.0,0.0,0.0,0.0,0.0,0.0,0.0,30.0,0.0,0.0,0.0,30.0,0.0,0.0,0.0,0.0,0.0,"solar2_v,lipo2_v"
2020-11-26T14:00:00Z,29.0,29.0,,,0.0,0.0,,,,,,,,,,,4.032,4.031,4.032,,,,231.0,0.0,0.0,,,,,312.103,305.0,314.0,,,0.0,4193.0,4221.0,0.0,0.0,0.0,0.0,0.0,0.0,29.0,0.0,0.0,0.0,29.0,0.0,0.0,0.0,0.0,0.0,"solar2_v,lipo2_v"
2020-11-26T15:00:00Z,30.0,30.0,,,0.0,0.0,,,,,,,,,,,4.031,4.029,4.032,,,,231.533,0.0,0.0,,,,,302.467,301.0,304.0,,,0.0,4222.0,4251.0,0.0,0.0,0.0,0.0,0.0,0.0,30.0,0.0,0.0,0.0,30.0,0.0,0.0,0.0,0.0,0.0,"solar2_v,lipo2_v"
2020-11-26T16:00:00Z,29.0,29.0,,,0.0,0.0,,,,,,,,,,,4.031,4.031,4.032,,,,232.345,0.0,0.0,,,,,300.793,300.0,302.0,,,0.0,4252.0,4280.0,0.0,0.0,0.0,0.0,0.0,0.0,29.0,0.0,0.0,0.0,29.0,0.0,0.0,0.0,0.0,0.0,"solar2_v,lipo2_v"
2020-11-26T17:00:00Z,30.0,30.0,,,0.0,0.0,,,,,,,,,,,4.031,4.029,4.032,,,,232.767,0.0,0.0,,,,,296.567,295.0,300.0,,,0.0,4281.0,4310.0,0.0,0.0,0.0,0.0,0.0,0.0,30.0,0.0,0.0,0.0,30.0,0.0,0.0,0.0,0.0,0.0,"solar2_v,lipo2_v"
2020-11-26T18:00:00Z,29.0,29.0,,,0.0,0.0,,,,,,,,,,,4.031,4.029,4.032,,,,232.862,0.0,0.0,,,,,294.552,292.0,296.0,,,0.0,4311.0,4339.0,0.0,0.0,0.0,0.0,0.0,0.0,29.0,0.0,0.0,0.0,29.0,0.0,0.0,0.0,0.0,0.0,"solar2_v,lipo2_v"
2020-11-26T19:00:00Z,30.0,30.0,,,0.0,0.0,,,,,,,,,,,4.03,4.029,4.032,,,,233.1,0.0,0.0,,,,,291.0,290.0,292.0,,,0.0,4340.0,4369.0,0.0,0.0,0.0,0.0,0.0,0.0,30.0,0.0,0.0,0.0,30.0,0.0,0.0,0.0,0.0,0.0,"solar2_v,lipo2_v"
2020-11-26T20:00:00Z,29.0,29.0,,,0.0,0.0,,,,,,,,,,,4.03,4.027,4.031,,,,233.172,0.0,0.0,,,,,289.621,289.0,291.0,,,0.0,4370.0,4398.0,0.0,0.0,0.0,0.0,0.0,0.0,29.0,0.0,0.0,0.0,29.0,0.0,0.0,0.0,0.0,0.0,"solar2_v,lipo2_v"
2020-11-26T21:00:00Z,30.0,30.0,,,0.0,0.0,,,,,,,,,,,4.03,4.029,4.032,,,,233.367,0.0,0.0,,,,,288.1,287.0,290.0,,,0.0,4399.0,4428.0,0.0,0.0,0.0,0.0,0.0,0.0,30.0,0.0,0.0,0.0,30.0,0.0,0.0,0.0,0.0,0.0,"solar2_v,lipo2_v"
2020-11-26T22:00:00Z,29.0,29.0,,,0.0,0.0,,,,,,,,,,,4.03,4.029,4.031,,,,233.586,0.0,0.0,,,,,286.414,286.0,287.0,,,0.0,4429.0,4457.0,0.0,0.0,0.0,0.0,0.0,0.0,29.0,0.0,0.0,0.0,29.0,0.0,0.0,0.0,0.0,0.0,"solar2_v,lipo2_v"
2020-11-26T23:00:00Z,27.0,27.0,,,0.051,0.367,,,,,,,,,,,4.03,4.029,4.031,,,,233.519,0.0,0.0,,,,,285.926,284.0,288.0,,,0.0,4458.0,4486.0,0.0,4.0,0.0,0.0,0.0,0.0,27.0,0.0,0.0,0.0,27.0,0.0,0.0,0.0,0.0,0.0,"solar2_v,lipo2_v"
2020-11-27T00:00:00Z,29.0,29.0,,,0.572,0.761,,,,,,,,,,,4.03,4.029,4.031,,,,232.724,0.0,0.0,,,,,296.103,288.0,304.0,,,0.0,4487.0,4515.0,0.0,29.0,0.0,0.0,0.0,0.0,29.0,0.0,0.0,0.0,29.0,0.0,0.0,0.0,0.0,0.0,"solar2_v,lipo2_v"
2020-11-27T01:00:00Z,30.0,30.0,,,0.795,0.957,,,,,,,,,,,4.03,4.029,4.031,,,,230.867,0.0,0.0,,,,,311.767,304.0,323.0,,,0.0,4516.0,4545.0,0.0,30.0,0.0,0.0,0.0,0.0,30.0,0.0,0.0,0.0,30.0,0.0,0.0,0.0,0.0,0.0,"solar2_v,lipo2_v"
2020-11-27T02:00:00Z,29.0,29.0,,,0.903,1.012,,,,,,,,,,,4.03,4.029,4.031,,,,228.241,0.0,0.0,,,,,335.931,325.0,353.0,,,0.0,4546.0,4574.0,0.0,29.0,0.0,0.0,0.0,0.0,29.0,0.0,0.0,0.0,29.0,0.0,0.0,0.0,0.0,0.0,"solar2_v,lipo2_v"
2020-11-27T03:00:00Z,30.0,30.0,,,0.934,1.023,,,,,,,,,,,4.031,4.029,4.032,,,,226.1,0.0,0.0,,,,,363.267,353.0,367.0,,,0.0,4575.0,4604.0,0.0,30.0,0.0,0.0,0.0,0.0,30.0,0.0,0.0,0.0,30.0,0.0,0.0,0.0,0.0,0.0,"solar2_v,lipo2_v"
2020-11-27T04:00:00Z,29.0,29.0,,,0.805,0.908,,,,,,,,,,,4.031,4.029,4.032,,,,226.207,0.0,0.0,,,,,356.655,355.0,362.0,,,0.0,4605.0,4633.0,0.0,29.0,0.0,0.0,0.0,0.0,29.0,0.0,0.0,0.0,29.0,0.0,0.0,0.0,0.0,0.0,"solar2_v,lipo2_v"
2020-11-27T05:00:00Z,30.0,30.0,,,1.063,1.233,,,,,,,,,,,4.03,4.029,4.034,,,,226.533,0.0,0.0,,,,,361.3,356.0,366.0,,,0.0,4634.0,4663.0,0.0,30.0,0.0,0.0,0.0,0.0,30.0,0.0,0.0,0.0,30.0,0.0,0.0,0.0,0.0,0.0,"solar2_v,lipo2_v"
2020-11-27T06:00:00Z,29.0,29.0,,,1.053,1.19,,,,,,,,,,,4.03,4.029,4.031,,,,226.931,0.0,0.0,,,,,354.483,353.0,357.0,,,0.0,4664.0,4692.0,0.0,29.0,0.0,0.0,0.0,0.0,29.0,0.0,0.0,0.0,29.0,0.0,0.0,0.0,0.0,0.0,"solar2_v,lipo2_v"
2020-11-27T07:00:00Z,28.0,28.0,,,0.905,1.048,,,,,,,,,,,4.03,4.029,4.031,,,,227.286,0.0,0.0,,,,,352.714,345.0,355.0,,,0.0,4693.0,4722.0,0.0,28.0,0.0,0.0,0.0,0.0,28.0,0.0,0.0,0.0,28.0,0.0,0.0,0.0,0.0,0.0,"solar2_v,lipo2_v"
2020-11-27T08:00:00Z,29.0,29.0,,,0.596,0.785,,,,,,,,,,,4.03,4.029,4.031,,,,227.966,0.0,0.0,,,,,340.172,333.0,343.0,,,0.0,4723.0,4751.0,0.0,29.0,0.0,0.0,0.0,0.0,29.0,0.0,0.0,0.0,29.0,0.0,0.0,0.0,0.0,0.0,"solar2_v,lipo2_v"
2020-11-27T09:00:00Z,30.0,30.0,,,0.12,0.341,,,,,,,,,,,4.029,4.029,4.031,,,,228.8,0.0,0.0,,,,,328.767,326.0,332.0,,,0.0,4752.0,4781.0,0.0,11.0,0.0,0.0,0.0,0.0,30.0,0.0,0.0,0.0,30.0,0.0,0.0,0.0,0.0,0.0,"solar2_v,lipo2_v"
2020-11-27T10:00:00Z,29.0,29.0,,,0.0,0.0,,,,,,,,,,,4.029,4.027,4.031,,,,229.862,0.0,0.0,,,,,318.448,315.0,326.0,,,0.0,4782.0,4810.0,0.0,0.0,0.0,0.0,0.0,0.0,29.0,0.0,0.0,0.0,29.0,0.0,0.0,0.0,0.0,0.0,"solar2_v,lipo2_v"
2020-11-27T11:00:00Z,30.0,30.0,,,0.0,0.0,,,,,,,,,,,4.029,4.027,4.029,,,,230.333,0.0,0.0,,,,,314.367,314.0,315.0,,,0.0,4811.0,4840.0,0.0,0.0,0.0,0.0,0.0,0.0,30.0,0.0,0.0,0.0,30.0,0.0,0.0,0.0,0.0,0.0,"solar2_v,lipo2_v"
2020-11-27T12:00:00Z,29.0,29.0,,,0.0,0.0,,,,,,,,,,,4.029,4.027,4.029,,,,231.069,0.0,0.0,,,,,313.931,313.0,314.0,,,0.0,4841.0,4869.0,0.0,0.0,0.0,0.0,0.0,0.0,29.0,0.0,0.0,0.0,29.0,0.0,0.0,0.0,0.0,0.0,"solar2_v,lipo2_v"
2020-11-27T13:00:00Z,30.0,30.0,,,0.0,0.0,,,,,,,,,,,4.028,4.027,4.029,,,,231.2,0.0,0.0,,,,,309.6,306.0,313.0,,,0.0,4870.0,4899.0,0.0,0.0,0.0,0.0,0.0,0.0,30.0,0.0,0.0,0.0,30.0,0.0,0.0,0.0,0.0,0.0,"solar2_v,lipo2_v"
2020-11-27T14:00:00Z,29.0,29.0,,,0.0,0.0,,,,,,,,,,,4.028,4.027,4.029,,,,231.31,0.0,0.0,,,,,306.138,305.0,307.0,,,0.0,4900.0,4928.0,0.0,0.0,0.0,0.0,0.0,0.0,29.0,0.0,0.0,0.0,29.0,0.0,0.0,0.0,0.0,0.0,"solar2_v,lipo2_v"
2020-11-27T15:00:00Z,29.0,29.0,,,0.0,0.0,,,,,,,,,,,4.028,4.027,4.029,,,,231.379,0.0,0.0,,,,,308.552,306.0,312.0,,,0.0,4929.0,4957.0,0.0,0.0,0.0,0.0,0.0,0.0,29.0,0.0,0.0,0.0,29.0,0.0,0.0,0.0,0.0,0.0,"solar2_v,lipo2_v"
2020-11-27T16:00:00Z,30.0,30.0,,,0.005,0.16,,,,,,,,,,,4.027,4.027,4.029,,,,236.433,662.567,19877.0,,,,,304.414,301.0,307.0,,,11.043,4958.0,4987.0,0.0,1.0,0.0,0.0,0.0,0.0,29.0,0.0,0.0,0.0,30.0,1.0,0.0,0.0,0.0,0.0,"solar2_v,lipo2_v"
2020-11-27T17:00:00Z,29.0,29.0,,,0.0,0.0,,,,,,,,,,,4.027,4.026,4.029,,,,232.103,0.0,0.0,,,,,301.172,300.0,303.0,,,0.0,4988.0,5016.0,0.0,0.0,0.0,0.0,0.0,0.0,29.0,0.0,0.0,0.0,29.0,0.0,0.0,0.0,0.0,0.0,"solar2_v,lipo2_v"
2020-11-27T18:00:00Z,30.0,30.0,,,0.0,0.0,,,,,,,,,,,4.027,4.026,4.027,,,,232.533,0.0,0.0,,,,,296.533,294.0,300.0,,,0.0,5017.0,5046.0,0.0,0.0,0.0,0.0,0.0,0.0,30.0,0.0,0.0,0.0,30.0,0.0,0.0,0.0,0.0,0.0,"solar2_v,lipo2_v"
2020-11-27T19:00:00Z,29.0,29.0,,,0.0,0.0,,,,,,,,,,,4.027,4.026,4.029,,,,232.828,0.0,0.0,,,,,292.655,291.0,294.0,,,0.0,5047.0,5075.0,0.0,0.0,0.0,0.0,0.0,0.0,29.0,0.0,0.0,0.0,29.0,0.0,0.0,0.0,0.0,0.0,"solar2_v,lipo2_v"
2020-11-27T20:00:00Z,30.0,30.0,,,0.0,0.0,,,,,,,,,,,4.027,4.027,4.027,,,,233.2,0.0,0.0,,,,,289.633,286.0,293.0,,,0.0,5076.0,5105.0,0.0,0.0,0.0,0.0,0.0,0.0,30.0,0.0,0.0,0.0,30.0,0.0,0.0,0.0,0.0,0.0,"solar2_v,lipo2_v"
2020-11-27T21:00:00Z,29.0,29.0,,,0.0,0.0,,,,,,,,,,,4.027,4.026,4.027,,,,233.828,0.0,0.0,,,,,282.103,279.0,286.0,,,0.0,5106.0,5134.0,0.0,0.0,0.0,0.0,0.0,0.0,29.0,0.0,0.0,0.0,29.0,0.0,0.0,0.0,0.0,0.0,"solar2_v,lipo2_v"
2020-11-27T22:00:00Z,30.0,30.0,,,0.0,0.0,,,,,,,,,,,4.027,4.026,4.027,,,,234.0,0.0,0.0,,,,,278.5,277.0,280.0,,,0.0,5135.0,5164.0,0.0,0.0,0.0,0.0,0.0,0.0,30.0,0.0,0.0,0.0,30.0,0.0,0.0,0.0,0.0,0.0,"solar2_v,lipo2_v"
2020-11-27T23:00:00Z,29.0,29.0,,,0.037,0.367,,,,,,,,,,,4.027,4.024,4.027,,,,234.172,0.0,0.0,,,,,278.793,277.0,286.0,,,0.0,5165.0,5193.0,0.0,3.0,0.0,0.0,0.0,0.0,29.0,0.0,0.0,0.0,29.0,0.0,0.0,0.0,0.0,0.0,"solar2_v,lipo2_v"
2020-11-28T00:00:00Z,30.0,30.0,,,0.435,0.579,,,,,,,,,,,4.027,4.026,4.027,,,,233.233,0.0,0.0,,,,,290.6,286.0,299.0,,,0.0,5194.0,5223.0,0.0,30.0,0.0,0.0,0.0,0.0,30.0,0.0,0.0,0.0,30.0,0.0,0.0,0.0,0.0,0.0,"solar2_v,lipo2_v"
2020-11-28T01:00:00Z,29.0,29.0,,,0.719,0.869,,,,,,,,,,,4.026,4.026,4.027,,,,230.828,0.0,0.0,,,,,309.379,300.0,326.0,,,0.0,5224.0,5252.0,0.0,29.0,0.0,0.0,0.0,0.0,29.0,0.0,0.0,0.0,29.0,0.0,0.0,0.0,0.0,0.0,"solar2_v,lipo2_v"
2020-11-28T02:00:00Z,30.0,30.0,,,0.936,1.166,,,,,,,,,,,4.027,4.026,4.029,,,,227.667,0.0,0.0,,,,,343.833,326.0,354.0,,,0.0,5253.0,5282.0,0.0,30.0,0.0,0.0,0.0,0.0,30.0,0.0,0.0,0.0,30.0,0.0,0.0,0.0,0.0,0.0,"solar2_v,lipo2_v"
2020-11-28T03:00:00Z,29.0,29.0,,,1.202,1.381,,,,,,,,,,,4.027,4.026,4.029,,,,225.931,0.0,0.0,,,,,358.828,354.0,365.0,,,0.0,5283.0,5311.0,0.0,29.0,0.0,0.0,0.0,0.0,29.0,0.0,0.0,0.0,29.0,0.0,0.0,0.0,0.0,0.0,"solar2_v,lipo2_v"
2020-11-28T04:00:00Z,30.0,30.0,,,0.947,1.092,,,,,,,,,,,4.027,4.026,4.027,,,,227.667,0.0,0.0,,,,,347.3,343.0,354.0,,,0.0,5312.0,5341.0,0.0,30.0,0.0,0.0,0.0,0.0,30.0,0.0,0.0,0.0,30.0,0.0,0.0,0.0,0.0,0.0,"solar2_v,lipo2_v"
2020-11-28T05:00:00Z,29.0,29.0,,,1.263,1.436,,,,,,,,,,,4.027,4.026,4.029,,,,226.724,0.0,0.0,,,,,359.793,348.0,367.0,,,0.0,5342.0,5370.0,0.0,29.0,0.0,0.0,0.0,0.0,29.0,0.0,0.0,0.0,29.0,0.0,0.0,0.0,0.0,0.0,"solar2_v,lipo2_v"
2020-11-28T06:00:00Z,29.0,29.0,,,1.298,1.548,,,,,,,,,,,4.027,4.026,4.027,,,,225.069,0.0,0.0,,,,,374.379,367.0,381.0,,,0.0,5371.0,5399.0,0.0,29.0,0.0,0.0,0.0,0.0,29.0,0.0,0.0,0.0,29.0,0.0,0.0,0.0,0.0,0.0,"solar2_v,lipo2_v"
2020-11-28T07:00:00Z,30.0,30.0,,,1.193,1.704,,,,,,,,,,,4.027,4.026,4.027,,,,225.433,0.0,0.0,,,,,367.567,362.0,379.0,,,0.0,5400.0,5429.0,0.0,30.0,0.0,0.0,0.0,0.0,30.0,0.0,0.0,0.0,30.0,0.0,0.0,0.0,0.0,0.0,"solar2_v,lipo2_v"
2020-11-28T08:00:00Z,29.0,29.0,,,0.808,1.22,,,,,,,,,,,4.027,4.026,4.027,,,,226.724,0.0,0.0,,,,,357.241,348.0,367.0,,,0.0,5430.0,5458.0,0.0,29.0,0.0,0.0,0.0,0.0,29.0,0.0,0.0,0.0,29.0,0.0,0.0,0.0,0.0,0.0,"solar2_v,lipo2_v"
2020-11-28T09:00:00Z,30.0,30.0,,,0.183,0.577,,,,,,,,,,,4.027,4.026,4.027,,,,228.1,0.0,0.0,,,,,336.8,328.0,347.0,,,0.0,5459.0,5488.0,0.0,13.0,0.0,0.0,0.0,0.0,30.0,0.0,0.0,0.0,30.0,0.0,0.0,0.0,0.0,0.0,"solar2_v,lipo2_v"
2020-11-28T10:00:00Z,29.0,29.0,,,0.0,0.0,,,,,,,,,,,4.026,4.026,4.027,,,,228.931,0.0,0.0,,,,,326.379,325.0,328.0,,,0.0,5489.0,5517.0,0.0,0.0,0.0,0.0,0.0,0.0,29.0,0.0,0.0,0.0,29.0,0.0,0.0,0.0,0.0,0.0,"solar2_v,lipo2_v"
2020-11-28T11:00:00Z,30.0,30.0,,,0.0,0.0,,,,,,,,,,,4.026,4.024,4.027,,,,228.833,0.0,0.0,,,,,326.7,326.0,327.0,,,0.0,5518.0,5547.0,0.0,0.0,0.0,0.0,0.0,0.0,30.0,0.0,0.0,0.0,30.0,0.0,0.0,0.0,0.0,0.0,"solar2_v,lipo2_v"
2020-11-28T12:00:00Z,29.0,29.0,,,0.0,0.0,,,,,,,,,,,4.026,4.024,4.027,,,,229.276,0.0,0.0,,,,,323.586,319.0,326.0,,,0.0,5548.0,5576.0,0.0,0.0,0.0,0.0,0.0,0.0,29.0,0.0,0.0,0.0,29.0,0.0,0.0,0.0,0.0,0.0,"solar2_v,lipo2_v"
2020-11-28T13:00:00Z,30.0,30.0,,,0.0,0.0,,,,,,,,,,,4.026,4.024,4.027,,,,230.567,0.0,0.0,,,,,314.3,312.0,318.0,,,0.0,5577.0,5606.0,0.0,0.0,0.0,0.0,0.0,0.0,30.0,0.0,0.0,0.0,30.0,0.0,0.0,0.0,0.0,0.0,"solar2_v,lipo2_v"
2020-11-28T14:00:00Z,28.0,28.0,,,0.0,0.0,,,,,,,,,,,4.025,4.022,4.026,,,,230.643,0.0,0.0,,,,,312.929,312.0,314.0,,,0.0,5607.0,5635.0,0.0,0.0,0.0,0.0,0.0,0.0,28.0,0.0,0.0,0.0,28.0,0.0,0.0,0.0,0.0,0.0,"solar2_v,lipo2_v"
2020-11-28T15:00:00Z,29.0,29.0,,,0.0,0.0,,,,,,,,,,,4.025,4.022,4.026,,,,231.31,0.0,0.0,,,,,307.724,306.0,311.0,,,0.0,5636.0,5664.0,0.0,0.0,0.0,0.0,0.0,0.0,29.0,0.0,0.0,0.0,29.0,0.0,0.0,0.0,0.0,0.0,"solar2_v,lipo2_v"
2020-11-28T16:00:00Z,30.0,30.0,,,0.0,0.0,,,,,,,,,,,4.025,4.022,4.026,,,,231.267,0.0,0.0,,,,,306.667,305.0,310.0,,,0.0,5665.0,5694.0,0.0,0.0,0.0,0.0,0.0,0.0,30.0,0.0,0.0,0.0,30.0,0.0,0.0,0.0,0.0,0.0,"solar2_v,lipo2_v"
2020-11-28T17:00:00Z,29.0,29.0,,,0.0,0.0,,,,,,,,,,,4.024,4.021,4.026,,,,231.448,0.0,0.0,,,,,306.448,304.0,309.0,,,0.0,5695.0,5723.0,0.0,0.0,0.0,0.0,0.0,0.0,29.0,0.0,0.0,0.0,29.0,0.0,0.0,0.0,0.0,0.0,"solar2_v,lipo2_v"
2020-11-28T18:00:00Z,30.0,30.0,,,0.0,0.0,,,,,,,,,,,4.024,4.022,4.026,,,,231.7,0.0,0.0,,,,,304.633,303.0,307.0,,,0.0,5724.0,5753.0,0.0,0.0,0.0,0.0,0.0,0.0,30.0,0.0,0.0,0.0,30.0,0.0,0.0,0.0,0.0,0.0,"solar2_v,lipo2_v"
2020-11-28T19:00:00Z,29.0,29.0,,,0.0,0.0,,,,,,,,,,,4.024,4.022,4.026,,,,232.138,0.0,0.0,,,,,302.172,301.0,305.0,,,0.0,5754.0,5782.0,0.0,0.0,0.0,0.0,0.0,0.0,29.0,0.0,0.0,0.0,29.0,0.0,0.0,0.0,0.0,0.0,"solar2_v,lipo2_v"
2020-11-28T20:00:00Z,30.0,30.0,,,0.0,0.0,,,,,,,,,,,4.024,4.022,4.026,,,,232.133,0.0,0.0,,,,,300.967,300.0,301.0,,,0.0,5783.0,5812.0,0.0,0.0,0.0,0.0,0.0,0.0,30.0,0.0,0.0,0.0,30.0,0.0,0.0,0.0,0.0,0.0,"solar2_v,lipo2_v"
2020-11-28T21:00:00Z,29.0,29.0,,,0.0,0.0,,,,,,,,,,,4.023,4.021,4.026,,,,233.0,0.0,0.0,,,,,294.966,286.0,301.0,,,0.0,5813.0,5841.0,0.0,0.0,0.0,0.0,0.0,0.0,29.0,0.0,0.0,0.0,29.0,0.0,0.0,0.0,0.0,0.0,"solar2_v,lipo2_v"
2020-11-28T22:00:00Z,30.0,30.0,,,0.0,0.0,,,,,,,,,,,4.022,4.021,4.024,,,,234.167,0.0,0.0,,,,,281.533,277.0,287.0,,,0.0,5842.0,5871.0,0.0,0.0,0.0,0.0,0.0,0.0,30.0,0.0,0.0,0.0,30.0,0.0,0.0,0.0,0.0,0.0,"solar2_v,lipo2_v"
2020-11-28T23:00:00Z,29.0,29.0,,,0.0,0.0,,,,,,,,,,,4.022,4.019,4.024,,,,233.621,0.0,0.0,,,,,280.655,276.0,283.0,,,0.0,5872.0,5900.0,0.0,0.0,0.0,0.0,0.0,0.0,29.0,0.0,0.0,0.0,29.0,0.0,0.0,0.0,0.0,0.0,"solar2_v,lipo2_v"
2020-11-29T00:00:00Z,30.0,30.0,,,0.144,0.498,,,,,,,,,,,4.022,4.019,4.024,,,,234.0,0.0,0.0,,,,,280.7,276.0,287.0,,,0.0,5901.0,5930.0,0.0,11.0,0.0,0.0,0.0,0.0,30.0,0.0,0.0,0.0,30.0,0.0,0.0,0.0,0.0,0.0,"solar2_v,lipo2_v"
2020-11-29T01:00:00Z,29.0,29.0,,,0.929,1.364,,,,,,,,,,,4.021,4.019,4.024,,,,232.621,0.0,0.0,,,,,299.207,287.0,314.0,,,0.0,5931.0,5959.0,0.0,29.0,0.0,0.0,0.0,0.0,29.0,0.0,0.0,0.0,29.0,0.0,0.0,0.0,0.0,0.0,"solar2_v,lipo2_v"
2020-11-29T02:00:00Z,30.0,30.0,,,1.304,1.586,,,,,,,,,,,4.021,4.019,4.024,,,,230.467,0.0,0.0,,,,,318.333,314.0,326.0,,,0.0,5960.0,5989.0,0.0,30.0,0.0,0.0,0.0,0.0,30.0,0.0,0.0,0.0,30.0,0.0,0.0,0.0,0.0,0.0,"solar2_v,lipo2_v"
2020-11-29T03:00:00Z,29.0,29.0,,,1.154,1.504,,,,,,,,,,,4.021,4.019,4.024,,,,229.414,0.0,0.0,,,,,323.0,318.0,327.0,,,0.0,5990.0,6018.0,0.0,29.0,0.0,0.0,0.0,0.0,29.0,0.0,0.0,0.0,29.0,0.0,0.0,0.0,0.0,0.0,"solar2_v,lipo2_v"
2020-11-29T04:00:00Z,29.0,29.0,,,1.364,1.453,,,,,,,,,,,4.019,4.016,4.021,,,,228.345,0.0,0.0,,,,,329.345,325.0,333.0,,,0.0,6019.0,6047.0,0.0,29.0,0.0,0.0,0.0,0.0,29.0,0.0,0.0,0.0,29.0,0.0,0.0,0.0,0.0,0.0,"solar2_v,lipo2_v"
2020-11-29T05:00:00Z,30.0,30.0,,,1.145,1.431,,,,,,,,,,,4.019,4.017,4.021,,,,228.867,0.0,0.0,,,,,326.733,325.0,329.0,,,0.0,6048.0,6077.0,0.0,30.0,0.0,0.0,0.0,0.0,30.0,0.0,0.0,0.0,30.0,0.0,0.0,0.0,0.0,0.0,"solar2_v,lipo2_v"
2020-11-29T06:00:00Z,29.0,29.0,,,1.386,1.571,,,,,,,,,,,4.019,4.017,4.021,,,,228.379,0.0,0.0,,,,,336.966,328.0,341.0,,,0.0,6078.0,6106.0,0.0,29.0,0.0,0.0,0.0,0.0,29.0,0.0,0.0,0.0,29.0,0.0,0.0,0.0,0.0,0.0,"solar2_v,lipo2_v"
2020-11-29T07:00:00Z,27.0,27.0,,,0.89,1.11,,,,,,,,,,,4.017,4.016,4.021,,,,229.333,0.0,0.0,,,,,322.296,318.0,334.0,,,0.0,6107.0,6135.0,0.0,27.0,0.0,0.0,0.0,0.0,27.0,0.0,0.0,0.0,27.0,0.0,0.0,0.0,0.0,0.0,"solar2_v,lipo2_v"
2020-11-29T08:00:00Z,13.0,13.0,,,0.447,0.69,,,,,,,,,,,4.017,4.014,4.019,,,,229.769,0.0,0.0,,,,,317.769,316.0,321.0,,,0.0,6136.0,6160.0,0.0,12.0,0.0,0.0,0.0,0.0,13.0,0.0,0.0,0.0,13.0,0.0,0.0,0.0,0.0,0.0,"solar2_v,lipo2_v"
2020-11-29T09:00:00Z,16.0,16.0,,,0.0,0.0,,,,,,,,,,,4.013,4.011,4.014,,,,231.125,0.0,0.0,,,,,313.0,311.0,314.0,,,0.0,6165.0,6188.0,0.0,0.0,0.0,0.0,0.0,0.0,16.0,0.0,0.0,0.0,16.0,0.0,0.0,0.0,0.0,0.0,"solar2_v,lipo2_v"
2020-11-29T10:00:00Z,12.0,12.0,,,0.0,0.0,,,,,,,,,,,4.011,4.009,4.012,,,,231.667,0.0,0.0,,,,,306.0,304.0,309.0,,,0.0,6194.0,6211.0,0.0,0.0,0.0,0.0,0.0,0.0,12.0,0.0,0.0,0.0,12.0,0.0,0.0,0.0,0.0,0.0,"solar2_v,lipo2_v"
2020-11-29T11:00:00Z,27.0,27.0,,,0.0,0.0,,,,,,,,,,,4.009,4.007,4.011,,,,232.963,0.0,0.0,,,,,289.593,278.0,306.0,,,0.0,6220.0,6246.0,0.0,0.0,0.0,0.0,0.0,0.0,27.0,0.0,0.0,0.0,27.0,0.0,0.0,0.0,0.0,0.0,"solar2_v,lipo2_v"
2020-11-29T12:00:00Z,30.0,30.0,,,0.0,0.0,,,,,,,,,,,4.008,4.006,4.011,,,,233.5,0.0,0.0,,,,,283.033,278.0,287.0,,,0.0,6247.0,6276.0,0.0,0.0,0.0,0.0,0.0,0.0,30.0,0.0,0.0,0.0,30.0,0.0,0.0,0.0,0.0,0.0,"solar2_v,lipo2_v"
2020-11-29T13:00:00Z,29.0,29.0,,,0.0,0.0,,,,,,,,,,,4.008,4.006,4.011,,,,233.448,0.0,0.0,,,,,286.862,286.0,288.0,,,0.0,6277.0,6305.0,0.0,0.0,0.0,0.0,0.0,0.0,29.0,0.0,0.0,0.0,29.0,0.0,0.0,0.0,0.0,0.0,"solar2_v,lipo2_v"
2020-11-29T14:00:00Z,30.0,30.0,,,0.0,0.0,,,,,,,,,,,4.007,4.006,4.009,,,,233.267,0.0,0.0,,,,,289.833,287.0,294.0,,,0.0,6306.0,6335.0,0.0,0.0,0.0,0.0,0.0,0.0,30.0,0.0,0.0,0.0,30.0,0.0,0.0,0.0,0.0,0.0,"solar2_v,lipo2_v"
2020-11-29T15:00:00Z,29.0,29.0,,,0.0,0.0,,,,,,,,,,,4.006,4.004,4.007,,,,232.655,0.0,0.0,,,,,293.552,291.0,296.0,,,0.0,6336.0,6364.0,0.0,0.0,0.0,0.0,0.0,0.0,29.0,0.0,0.0,0.0,29.0,0.0,0.0,0.0,0.0,0.0,"solar2_v,lipo2_v"
2020-11-29T16:00:00Z,30.0,30.0,,,0.0,0.0,,,,,,,,,,,4.006,4.004,4.009,,,,233.233,0.0,0.0,,,,,290.367,289.0,291.0,,,0.0,6365.0,6394.0,0.0,0.0,0.0,0.0,0.0,0.0,30.0,0.0,0.0,0.0,30.0,0.0,0.0,0.0,0.0,0.0,"solar2_v,lipo2_v"
2020-11-29T17:00:00Z,29.0,29.0,,,0.0,0.0,,,,,,,,,,,4.005,4.003,4.006,,,,233.034,0.0,0.0,,,,,290.138,289.0,291.0,,,0.0,6395.0,6423.0,0.0,0.0,0.0,0.0,0.0,0.0,29.0,0.0,0.0,0.0,29.0,0.0,0.0,0.0,0.0,0.0,"solar2_v,lipo2_v"
2020-11-29T18:00:00Z,30.0,30.0,,,0.0,0.0,,,,,,,,,,,4.004,4.001,4.006,,,,233.333,0.0,0.0,,,,,288.2,287.0,290.0,,,0.0,6424.0,6453.0,0.0,0.0,0.0,0.0,0.0,0.0,30.0,0.0,0.0,0.0,30.0,0.0,0.0,0.0,0.0,0.0,"solar2_v,lipo2_v"
2020-11-29T19:00:00Z,29.0,29.0,,,0.0,0.0,,,,,,,,,,,4.004,4.003,4.006,,,,233.069,0.0,0.0,,,,,288.931,287.0,291.0,,,0.0,6454.0,6482.0,0.0,0.0,0.0,0.0,0.0,0.0,29.0,0.0,0.0,0.0,29.0,0.0,0.0,0.0,0.0,0.0,"solar2_v,lipo2_v"
2020-11-29T20:00:00Z,30.0,30.0,,,0.0,0.0,,,,,,,,,,,4.003,4.001,4.004,,,,233.433,0.0,0.0,,,,,286.967,286.0,288.0,,,0.0,6483.0,6512.0,0.0,0.0,0.0,0.0,0.0,0.0,30.0,0.0,0.0,0.0,30.0,0.0,0.0,0.0,0.0,0.0,"solar2_v,lipo2_v"
2020-11-29T21:00:00Z,29.0,29.0,,,0.0,0.0,,,,,,,,,,,4.002,3.999,4.003,,,,233.724,0.0,0.0,,,,,281.034,277.0,286.0,,,0.0,6513.0,6541.0,0.0,0.0,0.0,0.0,0.0,0.0,29.0,0.0,0.0,0.0,29.0,0.0,0.0,0.0,0.0,0.0,"solar2_v,lipo2_v"
2020-11-29T22:00:00Z,30.0,30.0,,,0.0,0.0,,,,,,,,,,,4.001,3.999,4.003,,,,234.3,0.0,0.0,,,,,276.267,275.0,277.0,,,0.0,6542.0,6571.0,0.0,0.0,0.0,0.0,0.0,0.0,30.0,0.0,0.0,0.0,30.0,0.0,0.0,0.0,0.0,0.0,"solar2_v,lipo2_v"
2020-11-29T23:00:00Z,29.0,29.0,,,0.0,0.0,,,,,,,,,,,4.001,3.999,4.003,,,,234.31,0.0,0.0,,,,,277.69,276.0,279.0,,,0.0,6572.0,6600.0,0.0,0.0,0.0,0.0,0.0,0.0,29.0,0.0,0.0,0.0,29.0,0.0,0.0,0.0,0.0,0.0,"solar2_v,lipo2_v"
2020-11-30T00:00:00Z,29.0,29.0,,,0.393,0.544,,,,,,,,,,,4.001,3.999,4.003,,,,233.517,0.0,0.0,,,,,286.931,280.0,291.0,,,0.0,6601.0,6629.0,0.0,26.0,0.0,0.0,0.0,0.0,29.0,0.0,0.0,0.0,29.0,0.0,0.0,0.0,0.0,0.0,"solar2_v,lipo2_v"
2020-11-30T01:00:00Z,30.0,30.0,,,0.835,1.033,,,,,,,,,,,4.0,3.999,4.001,,,,231.9,0.0,0.0,,,,,300.567,291.0,314.0,,,0.0,6630.0,6659.0,0.0,30.0,0.0,0.0,0.0,0.0,30.0,0.0,0.0,0.0,30.0,0.0,0.0,0.0,0.0,0.0,"solar2_v,lipo2_v"
2020-11-30T02:00:00Z,29.0,29.0,,,1.214,1.526,,,,,,,,,,,4.0,3.999,4.003,,,,229.172,0.0,0.0,,,,,323.897,314.0,331.0,,,0.0,6660.0,6688.0,0.0,29.0,0.0,0.0,0.0,0.0,29.0,0.0,0.0,0.0,29.0,0.0,0.0,0.0,0.0,0.0,"solar2_v,lipo2_v"
2020-11-30T03:00:00Z,30.0,30.0,,,1.076,1.382,,,,,,,,,,,4.0,3.998,4.001,,,,228.267,0.0,0.0,,,,,335.367,328.0,340.0,,,0.0,6689.0,6718.0,0.0,30.0,0.0,0.0,0.0,0.0,30.0,0.0,0.0,0.0,30.0,0.0,0.0,0.0,0.0,0.0,"solar2_v,lipo2_v"
2020-11-30T04:00:00Z,29.0,29.0,,,1.157,1.267,,,,,,,,,,,3.999,3.998,4.001,,,,228.448,0.0,0.0,,,,,336.828,328.0,340.0,,,0.0,6719.0,6747.0,0.0,29.0,0.0,0.0,0.0,0.0,29.0,0.0,0.0,0.0,29.0,0.0,0.0,0.0,0.0,0.0,"solar2_v,lipo2_v"
2020-11-30T05:00:00Z,26.0,26.0,,,1.109,1.336,,,,,,,,,,,3.998,3.996,4.001,,,,227.654,0.0,0.0,,,,,345.346,340.0,350.0,,,0.0,6748.0,6776.0,0.0,26.0,0.0,0.0,0.0,0.0,26.0,0.0,0.0,0.0,26.0,0.0,0.0,0.0,0.0,0.0,"solar2_v,lipo2_v"
2020-11-30T06:00:00Z,30.0,30.0,,,1.156,1.417,,,,,,,,,,,3.998,3.996,3.999,,,,226.8,0.0,0.0,,,,,353.867,350.0,358.0,,,0.0,6777.0,6806.0,0.0,30.0,0.0,0.0,0.0,0.0,30.0,0.0,0.0,0.0,30.0,0.0,0.0,0.0,0.0,0.0,"solar2_v,lipo2_v"
2020-11-30T07:00:00Z,29.0,29.0,,,0.945,1.038,,,,,,,,,,,3.998,3.996,3.999,,,,227.828,0.0,0.0,,,,,346.034,343.0,353.0,,,0.0,6807.0,6835.0,0.0,29.0,0.0,0.0,0.0,0.0,29.0,0.0,0.0,0.0,29.0,0.0,0.0,0.0,0.0,0.0,"solar2_v,lipo2_v"
2020-11-30T08:00:00Z,30.0,30.0,,,0.741,0.926,,,,,,,,,,,3.996,3.994,3.998,,,,228.167,0.0,0.0,,,,,341.2,335.0,345.0,,,0.0,6836.0,6865.0,0.0,30.0,0.0,0.0,0.0,0.0,30.0,0.0,0.0,0.0,30.0,0.0,0.0,0.0,0.0,0.0,"solar2_v,lipo2_v"
2020-11-30T09:00:00Z,29.0,29.0,,,0.165,0.523,,,,,,,,,,,3.995,3.991,3.996,,,,228.966,0.0,0.0,,,,,327.759,321.0,335.0,,,0.0,6866.0,6894.0,0.0,12.0,0.0,0.0,0.0,0.0,29.0,0.0,0.0,0.0,29.0,0.0,0.0,0.0,0.0,0.0,"solar2_v,lipo2_v"
2020-11-30T10:00:00Z,29.0,29.0,,,0.0,0.0,,,,,,,,,,,3.993,3.991,3.996,,,,230.724,0.0,0.0,,,,,313.759,311.0,319.0,,,0.0,6895.0,6923.0,0.0,0.0,0.0,0.0,0.0,0.0,29.0,0.0,0.0,0.0,29.0,0.0,0.0,0.0,0.0,0.0,"solar2_v,lipo2_v"
2020-11-30T11:00:00Z,30.0,30.0,,,0.0,0.0,,,,,,,,,,,3.993,3.991,3.996,,,,232.267,0.0,0.0,,,,,297.333,274.0,310.0,,,0.0,6924.0,6953.0,0.0,0.0,0.0,0.0,0.0,0.0,30.0,0.0,0.0,0.0,30.0,0.0,0.0,0.0,0.0,0.0,"solar2_v,lipo2_v"
2020-11-30T12:00:00Z,29.0,29.0,,,0.0,0.0,,,,,,,,,,,3.99,3.988,3.994,,,,235.414,0.0,0.0,,,,,269.897,268.0,274.0,,,0.0,6954.0,6982.0,0.0,0.0,0.0,0.0,0.0,0.0,29.0,0.0,0.0,0.0,29.0,0.0,0.0,0.0,0.0,0.0,"solar2_v,lipo2_v"
2020-11-30T13:00:00Z,29.0,29.0,,,0.0,0.0,,,,,,,,,,,3.989,3.986,3.993,,,,234.69,0.0,0.0,,,,,272.586,269.0,274.0,,,0.0,6983.0,7012.0,0.0,0.0,0.0,0.0,0.0,0.0,29.0,0.0,0.0,0.0,29.0,0.0,0.0,0.0,0.0,0.0,"solar2_v,lipo2_v"
2020-11-30T14:00:00Z,28.0,28.0,,,0.0,0.0,,,,,,,,,,,3.988,3.984,3.989,,,,234.107,0.0,0.0,,,,,275.75,273.0,280.0,,,0.0,7013.0,7041.0,0.0,0.0,0.0,0.0,0.0,0.0,28.0,0.0,0.0,0.0,28.0,0.0,0.0,0.0,0.0,0.0,"solar2_v,lipo2_v"
2020-11-30T15:00:00Z,30.0,30.0,,,0.0,0.0,,,,,,,,,,,3.987,3.984,3.989,,,,233.933,0.0,0.0,,,,,281.467,281.0,283.0,,,0.0,7042.0,7071.0,0.0,0.0,0.0,0.0,0.0,0.0,30.0,0.0,0.0,0.0,30.0,0.0,0.0,0.0,0.0,0.0,"solar2_v,lipo2_v"
2020-11-30T16:00:00Z,29.0,29.0,,,0.0,0.0,,,,,,,,,,,3.986,3.983,3.988,,,,233.552,0.0,0.0,,,,,282.724,281.0,286.0,,,0.0,7072.0,7100.0,0.0,0.0,0.0,0.0,0.0,0.0,29.0,0.0,0.0,0.0,29.0,0.0,0.0,0.0,0.0,0.0,"solar2_v,lipo2_v"
2020-11-30T17:00:00Z,29.0,29.0,,,0.0,0.0,,,,,,,,,,,3.985,3.983,3.988,,,,233.172,0.0,0.0,,,,,287.655,287.0,289.0,,,0.0,7101.0,7129.0,0.0,0.0,0.0,0.0,0.0,0.0,29.0,0.0,0.0,0.0,29.0,0.0,0.0,0.0,0.0,0.0,"solar2_v,lipo2_v"
2020-11-30T18:00:00Z,30.0,30.0,,,0.0,0.0,,,,,,,,,,,3.983,3.981,3.986,,,,233.5,0.0,0.0,,,,,285.967,284.0,288.0,,,0.0,7130.0,7159.0,0.0,0.0,0.0,0.0,0.0,0.0,30.0,0.0,0.0,0.0,30.0,0.0,0.0,0.0,0.0,0.0,"solar2_v,lipo2_v"
2020-11-30T19:00:00Z,29.0,29.0,,,0.0,0.0,,,,,,,,,,,3.983,3.981,3.984,,,,233.517,0.0,0.0,,,,,286.138,285.0,287.0,,,0.0,7160.0,7188.0,0.0,0.0,0.0,0.0,0.0,0.0,29.0,0.0,0.0,0.0,29.0,0.0,0.0,0.0,0.0,0.0,"solar2_v,lipo2_v"
2020-11-30T20:00:00Z,30.0,30.0,,,0.0,0.0,,,,,,,,,,,3.982,3.979,3.984,,,,233.767,0.0,0.0,,,,,285.333,284.0,286.0,,,0.0,7189.0,7218.0,0.0,0.0,0.0,0.0,0.0,0.0,30.0,0.0,0.0,0.0,30.0,0.0,0.0,0.0,0.0,0.0,"solar2_v,lipo2_v"
2020-11-30T21:00:00Z,29.0,29.0,,,0.0,0.0,,,,,,,,,,,3.981,3.979,3.983,,,,233.69,0.0,0.0,,,,,285.069,281.0,287.0,,,0.0,7219.0,7247.0,0.0,0.0,0.0,0.0,0.0,0.0,29.0,0.0,0.0,0.0,29.0,0.0,0.0,0.0,0.0,0.0,"solar2_v,lipo2_v"
2020-11-30T22:00:00Z,30.0,30.0,,,0.0,0.0,,,,,,,,,,,3.979,3.978,3.981,,,,233.9,0.0,0.0,,,,,280.367,276.0,283.0,,,0.0,7248.0,7277.0,0.0,0.0,0.0,0.0,0.0,0.0,30.0,0.0,0.0,0.0,30.0,0.0,0.0,0.0,0.0,0.0,"solar2_v,lipo2_v"
2020-11-30T23:00:00Z,29.0,29.0,,,0.0,0.0,,,,,,,,,,,3.978,3.978,3.979,,,,234.138,0.0,0.0,,,,,276.621,276.0,279.0,,,0.0,7278.0,7306.0,0.0,0.0,0.0,0.0,0.0,0.0,29.0,0.0,0.0,0.0,29.0,0.0,0.0,0.0,0.0,0.0,"solar2_v,lipo2_v"
2020-12-01T00:00:00Z,30.0,30.0,,,0.352,0.603,,,,,,,,,,,3.978,3.976,3.979,,,,233.733,0.0,0.0,,,,,285.9,280.0,290.0,,,0.0,7307.0,7336.0,0.0,26.0,0.0,0.0,0.0,0.0,30.0,0.0,0.0,0.0,30.0,0.0,0.0,0.0,0.0,0.0,"solar2_v,lipo2_v"
2020-12-01T01:00:00Z,29.0,29.0,,,0.855,1.153,,,,,,,,,,,3.977,3.976,3.979,,,,232.207,0.0,0.0,,,,,300.966,291.0,314.0,,,0.0,7337.0,7365.0,0.0,29.0,0.0,0.0,0.0,0.0,29.0,0.0,0.0,0.0,29.0,0.0,0.0,0.0,0.0,0.0,"solar2_v,lipo2_v"
2020-12-01T02:00:00Z,30.0,30.0,,,1.271,1.52,,,,,,,,,,,3.977,3.976,3.979,,,,229.467,0.0,0.0,,,,,324.3,313.0,339.0,,,0.0,7366.0,7395.0,0.0,30.0,0.0,0.0,0.0,0.0,30.0,0.0,0.0,0.0,30.0,0.0,0.0,0.0,0.0,0.0,"solar2_v,lipo2_v"
2020-12-01T03:00:00Z,29.0,29.0,,,1.442,1.641,,,,,,,,,,,3.976,3.976,3.978,,,,228.034,0.0,0.0,,,,,339.172,336.0,345.0,,,0.0,7396.0,7424.0,0.0,29.0,0.0,0.0,0.0,0.0,29.0,0.0,0.0,0.0,29.0,0.0,0.0,0.0,0.0,0.0,"solar2_v,lipo2_v"
2020-12-01T04:00:00Z,30.0,30.0,,,1.529,1.695,,,,,,,,,,,3.976,3.974,3.978,,,,227.333,0.0,0.0,,,,,349.733,346.0,353.0,,,0.0,7425.0,7454.0,0.0,30.0,0.0,0.0,0.0,0.0,30.0,0.0,0.0,0.0,30.0,0.0,0.0,0.0,0.0,0.0,"solar2_v,lipo2_v"
2020-12-01T05:00:00Z,29.0,29.0,,,1.422,1.73,,,,,,,,,,,3.976,3.976,3.976,,,,226.552,0.0,0.0,,,,,354.931,350.0,364.0,,,0.0,7455.0,7483.0,0.0,29.0,0.0,0.0,0.0,0.0,29.0,0.0,0.0,0.0,29.0,0.0,0.0,0.0,0.0,0.0,"solar2_v,lipo2_v"
2020-12-01T06:00:00Z,29.0,29.0,,,1.038,1.602,,,,,,,,,,,3.975,3.974,3.976,,,,227.138,0.0,0.0,,,,,353.103,340.0,367.0,,,0.0,7484.0,7512.0,0.0,29.0,0.0,0.0,0.0,0.0,29.0,0.0,0.0,0.0,29.0,0.0,0.0,0.0,0.0,0.0,"solar2_v,lipo2_v"
2020-12-01T07:00:00Z,30.0,30.0,,,1.182,1.417,,,,,,,,,,,3.974,3.974,3.976,,,,226.967,0.0,0.0,,,,,350.767,344.0,356.0,,,0.0,7513.0,7542.0,0.0,30.0,0.0,0.0,0.0,0.0,30.0,0.0,0.0,0.0,30.0,0.0,0.0,0.0,0.0,0.0,"solar2_v,lipo2_v"
2020-12-01T08:00:00Z,29.0,29.0,,,0.766,1.061,,,,,,,,,,,3.974,3.973,3.974,,,,227.759,0.0,0.0,,,,,343.483,334.0,349.0,,,0.0,7543.0,7571.0,0.0,29.0,0.0,0.0,0.0,0.0,29.0,0.0,0.0,0.0,29.0,0.0,0.0,0.0,0.0,0.0,"solar2_v,lipo2_v"
2020-12-01T09:00:00Z,29.0,29.0,,,0.514,0.787,,,,,,,,,,,3.973,3.971,3.974,,,,228.448,0.0,0.0,,,,,330.517,327.0,334.0,,,0.0,7572.0,7600.0,0.0,26.0,0.0,0.0,0.0,0.0,29.0,0.0,0.0,0.0,29.0,0.0,0.0,0.0,0.0,0.0,"solar2_v,lipo2_v"
2020-12-01T10:00:00Z,30.0,30.0,,,0.0,0.0,,,,,,,,,,,3.972,3.97,3.974,,,,230.4,0.0,0.0,,,,,317.367,313.0,326.0,,,0.0,7601.0,7630.0,0.0,0.0,0.0,0.0,0.0,0.0,30.0,0.0,0.0,0.0,30.0,0.0,0.0,0.0,0.0,0.0,"solar2_v,lipo2_v"
2020-12-01T11:00:00Z,29.0,29.0,,,0.0,0.0,,,,,,,,,,,3.971,3.968,3.973,,,,231.379,0.0,0.0,,,,,312.621,310.0,314.0,,,0.0,7631.0,7659.0,0.0,0.0,0.0,0.0,0.0,0.0,29.0,0.0,0.0,0.0,29.0,0.0,0.0,0.0,0.0,0.0,"solar2_v,lipo2_v"
2020-12-01T12:00:00Z,30.0,30.0,,,0.0,0.0,,,,,,,,,,,3.969,3.966,3.971,,,,230.967,0.0,0.0,,,,,309.967,307.0,312.0,,,0.0,7660.0,7689.0,0.0,0.0,0.0,0.0,0.0,0.0,30.0,0.0,0.0,0.0,30.0,0.0,0.0,0.0,0.0,0.0,"solar2_v,lipo2_v"
2020-12-01T13:00:00Z,29.0,29.0,,,0.0,0.0,,,,,,,,,,,3.967,3.965,3.968,,,,231.448,0.0,0.0,,,,,304.448,302.0,307.0,,,0.0,7690.0,7718.0,0.0,0.0,0.0,0.0,0.0,0.0,29.0,0.0,0.0,0.0,29.0,0.0,0.0,0.0,0.0,0.0,"solar2_v,lipo2_v"
2020-12-01T14:00:00Z,30.0,30.0,,,0.0,0.0,,,,,,,,,,,3.965,3.963,3.966,,,,231.4,0.0,0.0,,,,,303.9,303.0,305.0,,,0.0,7719.0,7748.0,0.0,0.0,0.0,0.0,0.0,0.0,30.0,0.0,0.0,0.0,30.0,0.0,0.0,0.0,0.0,0.0,"solar2_v,lipo2_v"
2020-12-01T15:00:00Z,29.0,29.0,,,0.0,0.0,,,,,,,,,,,3.964,3.961,3.966,,,,231.552,0.0,0.0,,,,,304.931,303.0,306.0,,,0.0,7749.0,7777.0,0.0,0.0,0.0,0.0,0.0,0.0,29.0,0.0,0.0,0.0,29.0,0.0,0.0,0.0,0.0,0.0,"solar2_v,lipo2_v"
2020-12-01T16:00:00Z,28.0,28.0,,,0.0,0.0,,,,,,,,,,,3.961,3.96,3.963,,,,232.357,0.0,0.0,,,,,301.0,298.0,303.0,,,0.0,7778.0,7807.0,0.0,0.0,0.0,0.0,0.0,0.0,28.0,0.0,0.0,0.0,28.0,0.0,0.0,0.0,0.0,0.0,"solar2_v,lipo2_v"
2020-12-01T17:00:00Z,29.0,29.0,,,0.0,0.0,,,,,,,,,,,3.96,3.956,3.961,,,,232.483,0.0,0.0,,,,,298.759,296.0,300.0,,,0.0,7808.0,7836.0,0.0,0.0,0.0,0.0,0.0,0.0,29.0,0.0,0.0,0.0,29.0,0.0,0.0,0.0,0.0,0.0,"solar2_v,lipo2_v"
2020-12-01T18:00:00Z,30.0,30.0,,,0.0,0.0,,,,,,,,,,,3.958,3.956,3.961,,,,232.667,0.0,0.0,,,,,297.767,296.0,300.0,,,0.0,7837.0,7866.0,0.0,0.0,0.0,0.0,0.0,0.0,30.0,0.0,0.0,0.0,30.0,0.0,0.0,0.0,0.0,0.0,"solar2_v,lipo2_v"
2020-12-01T19:00:00Z,29.0,29.0,,,0.0,0.0,,,,,,,,,,,3.956,3.953,3.958,,,,232.621,0.0,0.0,,,,,295.793,294.0,297.0,,,0.0,7867.0,7895.0,0.0,0.0,0.0,0.0,0.0,0.0,29.0,0.0,0.0,0.0,29.0,0.0,0.0,0.0,0.0,0.0,"solar2_v,lipo2_v"
2020-12-01T20:00:00Z,29.0,29.0,,,0.0,0.0,,,,,,,,,,,3.955,3.953,3.956,,,,232.862,0.0,0.0,,,,,293.793,290.0,298.0,,,0.0,7896.0,7924.0,0.0,0.0,0.0,0.0,0.0,0.0,29.0,0.0,0.0,0.0,29.0,0.0,0.0,0.0,0.0,0.0,"solar2_v,lipo2_v"
2020-12-01T21:00:00Z,30.0,30.0,,,0.0,0.0,,,,,,,,,,,3.953,3.95,3.955,,,,233.233,0.0,0.0,,,,,289.2,286.0,291.0,,,0.0,7925.0,7954.0,0.0,0.0,0.0,0.0,0.0,0.0,30.0,0.0,0.0,0.0,30.0,0.0,0.0,0.0,0.0,0.0,"solar2_v,lipo2_v"
2020-12-01T22:00:00Z,29.0,29.0,,,0.0,0.0,,,,,,,,,,,3.951,3.95,3.953,,,,233.655,0.0,0.0,,,,,284.828,282.0,286.0,,,0.0,7955.0,7983.0,0.0,0.0,0.0,0.0,0.0,0.0,29.0,0.0,0.0,0.0,29.0,0.0,0.0,0.0,0.0,0.0,"solar2_v,lipo2_v"
2020-12-01T23:00:00Z,30.0,30.0,,,0.021,0.324,,,,,,,,,,,3.95,3.948,3.951,,,,233.367,0.0,0.0,,,,,284.967,282.0,288.0,,,0.0,7984.0,8013.0,0.0,2.0,0.0,0.0,0.0,0.0,30.0,0.0,0.0,0.0,30.0,0.0,0.0,0.0,0.0,0.0,"solar2_v,lipo2_v"
2020-12-02T00:00:00Z,29.0,29.0,,,0.459,0.706,,,,,,,,,,,3.949,3.946,3.951,,,,232.655,0.0,0.0,,,,,296.966,289.0,301.0,,,0.0,8014.0,8042.0,0.0,27.0,0.0,0.0,0.0,0.0,29.0,0.0,0.0,0.0,29.0,0.0,0.0,0.0,0.0,0.0,"solar2_v,lipo2_v"
2020-12-02T01:00:00Z,30.0,30.0,,,0.675,0.944,,,,,,,,,,,3.947,3.946,3.95,,,,230.833,0.0,0.0,,,,,308.667,301.0,315.0,,,0.0,8043.0,8072.0,0.0,30.0,0.0,0.0,0.0,0.0,30.0,0.0,0.0,0.0,30.0,0.0,0.0,0.0,0.0,0.0,"solar2_v,lipo2_v"
2020-12-02T02:00:00Z,29.0,29.0,,,0.798,1.049,,,,,,,,,,,3.947,3.946,3.95,,,,228.379,0.0,0.0,,,,,332.862,315.0,353.0,,,0.0,8073.0,8101.0,0.0,29.0,0.0,0.0,0.0,0.0,29.0,0.0,0.0,0.0,29.0,0.0,0.0,0.0,0.0,0.0,"solar2_v,lipo2_v"
2020-12-02T03:00:00Z,30.0,30.0,,,0.787,0.971,,,,,,,,,,,3.947,3.946,3.948,,,,226.167,0.0,0.0,,,,,356.567,353.0,360.0,,,0.0,8102.0,8131.0,0.0,30.0,0.0,0.0,0.0,0.0,30.0,0.0,0.0,0.0,30.0,0.0,0.0,0.0,0.0,0.0,"solar2_v,lipo2_v"
2020-12-02T04:00:00Z,29.0,29.0,,,0.751,1.023,,,,,,,,,,,3.945,3.943,3.946,,,,226.828,0.0,0.0,,,,,355.172,354.0,358.0,,,0.0,8132.0,8160.0,0.0,29.0,0.0,0.0,0.0,0.0,29.0,0.0,0.0,0.0,29.0,0.0,0.0,0.0,0.0,0.0,"solar2_v,lipo2_v"
2020-12-02T05:00:00Z,30.0,30.0,,,0.845,1.338,,,,,,,,,,,3.945,3.943,3.946,,,,226.667,0.0,0.0,,,,,364.6,357.0,369.0,,,0.0,8161.0,8190.0,0.0,30.0,0.0,0.0,0.0,0.0,30.0,0.0,0.0,0.0,30.0,0.0,0.0,0.0,0.0,0.0,"solar2_v,lipo2_v"
2020-12-02T06:00:00Z,29.0,29.0,,,0.798,1.021,,,,,,,,,,,3.944,3.941,3.945,,,,225.379,0.0,0.0,,,,,372.379,367.0,383.0,,,0.0,8191.0,8219.0,0.0,29.0,0.0,0.0,0.0,0.0,29.0,0.0,0.0,0.0,29.0,0.0,0.0,0.0,0.0,0.0,"solar2_v,lipo2_v"
2020-12-02T07:00:00Z,30.0,30.0,,,0.987,1.645,,,,,,,,,,,3.943,3.941,3.945,,,,224.3,0.0,0.0,,,,,380.767,369.0,388.0,,,0.0,8220.0,8249.0,0.0,30.0,0.0,0.0,0.0,0.0,30.0,0.0,0.0,0.0,30.0,0.0,0.0,0.0,0.0,0.0,"solar2_v,lipo2_v"
2020-12-02T08:00:00Z,29.0,29.0,,,0.727,1.321,,,,,,,,,,,3.94,3.937,3.943,,,,226.69,0.0,0.0,,,,,358.069,345.0,377.0,,,0.0,8250.0,8278.0,0.0,29.0,0.0,0.0,0.0,0.0,29.0,0.0,0.0,0.0,29.0,0.0,0.0,0.0,0.0,0.0,"solar2_v,lipo2_v"
2020-12-02T09:00:00Z,30.0,30.0,,,0.241,0.6,,,,,,,,,,,3.937,3.935,3.94,,,,228.8,0.0,0.0,,,,,336.3,327.0,344.0,,,0.0,8279.0,8308.0,0.0,18.0,0.0,0.0,0.0,0.0,30.0,0.0,0.0,0.0,30.0,0.0,0.0,0.0,0.0,0.0,"solar2_v,lipo2_v"
2020-12-02T10:00:00Z,29.0,29.0,,,0.0,0.0,,,,,,,,,,,3.935,3.933,3.937,,,,230.138,0.0,0.0,,,,,319.897,314.0,327.0,,,0.0,8309.0,8337.0,0.0,0.0,0.0,0.0,0.0,0.0,29.0,0.0,0.0,0.0,29.0,0.0,0.0,0.0,0.0,0.0,"solar2_v,lipo2_v"
2020-12-02T11:00:00Z,30.0,30.0,,,0.0,0.0,,,,,,,,,,,3.933,3.932,3.935,,,,230.433,0.0,0.0,,,,,314.967,314.0,316.0,,,0.0,8338.0,8367.0,0.0,0.0,0.0,0.0,0.0,0.0,30.0,0.0,0.0,0.0,30.0,0.0,0.0,0.0,0.0,0.0,"solar2_v,lipo2_v"
2020-12-02T12:00:00Z,29.0,29.0,,,0.0,0.0,,,,,,,,,,,3.932,3.93,3.933,,,,230.69,0.0,0.0,,,,,314.034,314.0,315.0,,,0.0,8368.0,8396.0,0.0,0.0,0.0,0.0,0.0,0.0,29.0,0.0,0.0,0.0,29.0,0.0,0.0,0.0,0.0,0.0,"solar2_v,lipo2_v"
2020-12-02T13:00:00Z,30.0,30.0,,,0.0,0.0,,,,,,,,,,,3.93,3.927,3.932,,,,231.2,0.0,0.0,,,,,313.333,312.0,314.0,,,0.0,8397.0,8426.0,0.0,0.0,0.0,0.0,0.0,0.0,30.0,0.0,0.0,0.0,30.0,0.0,0.0,0.0,0.0,0.0,"solar2_v,lipo2_v"
2020-12-02T14:00:00Z,29.0,29.0,,,0.0,0.0,,,,,,,,,,,3.928,3.927,3.93,,,,231.724,0.0,0.0,,,,,308.724,303.0,313.0,,,0.0,8427.0,8455.0,0.0,0.0,0.0,0.0,0.0,0.0,29.0,0.0,0.0,0.0,29.0,0.0,0.0,0.0,0.0,0.0,"solar2_v,lipo2_v"
2020-12-02T15:00:00Z,29.0,29.0,,,0.0,0.0,,,,,,,,,,,3.927,3.925,3.928,,,,232.517,0.0,0.0,,,,,300.655,300.0,302.0,,,0.0,8456.0,8484.0,0.0,0.0,0.0,0.0,0.0,0.0,29.0,0.0,0.0,0.0,29.0,0.0,0.0,0.0,0.0,0.0,"solar2_v,lipo2_v"
2020-12-02T16:00:00Z,30.0,30.0,,,0.0,0.0,,,,,,,,,,,3.925,3.923,3.927,,,,233.1,0.0,0.0,,,,,296.333,289.0,300.0,,,0.0,8485.0,8514.0,0.0,0.0,0.0,0.0,0.0,0.0,30.0,0.0,0.0,0.0,30.0,0.0,0.0,0.0,0.0,0.0,"solar2_v,lipo2_v"
2020-12-02T17:00:00Z,29.0,29.0,,,0.0,0.0,,,,,,,,,,,3.923,3.923,3.925,,,,234.0,0.0,0.0,,,,,286.31,285.0,289.0,,,0.0,8515.0,8543.0,0.0,0.0,0.0,0.0,0.0,0.0,29.0,0.0,0.0,0.0,29.0,0.0,0.0,0.0,0.0,0.0,"solar2_v,lipo2_v"
2020-12-02T18:00:00Z,30.0,30.0,,,0.0,0.0,,,,,,,,,,,3.923,3.922,3.923,,,,234.433,0.0,0.0,,,,,281.4,279.0,284.0,,,0.0,8544.0,8573.0,0.0,0.0,0.0,0.0,0.0,0.0,30.0,0.0,0.0,0.0,30.0,0.0,0.0,0.0,0.0,0.0,"solar2_v,lipo2_v"
2020-12-02T19:00:00Z,29.0,29.0,,,0.0,0.0,,,,,,,,,,,3.922,3.922,3.923,,,,234.276,0.0,0.0,,,,,277.103,274.0,280.0,,,0.0,8574.0,8602.0,0.0,0.0,0.0,0.0,0.0,0.0,29.0,0.0,0.0,0.0,29.0,0.0,0.0,0.0,0.0,0.0,"solar2_v,lipo2_v"
2020-12-02T20:00:00Z,30.0,30.0,,,0.0,0.0,,,,,,,,,,,3.922,3.92,3.922,,,,235.333,0.0,0.0,,,,,273.733,273.0,274.0,,,0.0,8603.0,8632.0,0.0,0.0,0.0,0.0,0.0,0.0,30.0,0.0,0.0,0.0,30.0,0.0,0.0,0.0,0.0,0.0,"solar2_v,lipo2_v"
2020-12-02T21:00:00Z,29.0,29.0,,,0.0,0.0,,,,,,,,,,,3.921,3.918,3.922,,,,235.586,0.0,0.0,,,,,271.69,269.0,273.0,,,0.0,8633.0,8661.0,0.0,0.0,0.0,0.0,0.0,0.0,29.0,0.0,0.0,0.0,29.0,0.0,0.0,0.0,0.0,0.0,"solar2_v,lipo2_v"
2020-12-02T22:00:00Z,30.0,30.0,,,0.0,0.0,,,,,,,,,,,3.919,3.917,3.922,,,,236.267,0.0,0.0,,,,,267.5,266.0,269.0,,,0.0,8662.0,8691.0,0.0,0.0,0.0,0.0,0.0,0.0,30.0,0.0,0.0,0.0,30.0,0.0,0.0,0.0,0.0,0.0,"solar2_v,lipo2_v"
2020-12-02T23:00:00Z,29.0,29.0,,,0.0,0.0,,,,,,,,,,,3.919,3.917,3.92,,,,236.414,0.0,0.0,,,,,266.31,264.0,270.0,,,0.0,8692.0,8720.0,0.0,0.0,0.0,0.0,0.0,0.0,29.0,0.0,0.0,0.0,29.0,0.0,0.0,0.0,0.0,0.0,"solar2_v,lipo2_v"
2020-12-03T00:00:00Z,29.0,29.0,,,0.168,0.419,,,,,,,,,,,3.918,3.917,3.92,,,,235.207,0.0,0.0,,,,,274.034,270.0,280.0,,,0.0,8721.0,8750.0,0.0,13.0,0.0,0.0,0.0,0.0,29.0,0.0,0.0,0.0,29.0,0.0,0.0,0.0,0.0,0.0,"solar2_v,lipo2_v"
2020-12-03T01:00:00Z,27.0,27.0,,,0.588,0.762,,,,,,,,,,,3.917,3.915,3.918,,,,232.963,0.0,0.0,,,,,293.926,281.0,314.0,,,0.0,8751.0,8779.0,0.0,27.0,0.0,0.0,0.0,0.0,27.0,0.0,0.0,0.0,27.0,0.0,0.0,0.0,0.0,0.0,"solar2_v,lipo2_v"
2020-12-03T02:00:00Z,21.0,21.0,,,0.913,1.1,,,,,,,,,,,3.917,3.915,3.92,,,,228.619,0.0,0.0,,,,,331.762,314.0,350.0,,,0.0,8780.0,8807.0,0.0,21.0,0.0,0.0,0.0,0.0,21.0,0.0,0.0,0.0,21.0,0.0,0.0,0.0,0.0,0.0,"solar2_v,lipo2_v"
2020-12-03T03:00:00Z,15.0,15.0,,,0.798,0.862,,,,,,,,,,,3.915,3.913,3.917,,,,227.133,0.0,0.0,,,,,353.667,353.0,354.0,,,0.0,8815.0,8834.0,0.0,15.0,0.0,0.0,0.0,0.0,15.0,0.0,0.0,0.0,15.0,0.0,0.0,0.0,0.0,0.0,"solar2_v,lipo2_v"
2020-12-03T04:00:00Z,23.0,23.0,,,0.753,0.77,,,,,,,,,,,3.912,3.91,3.913,,,,227.217,0.0,0.0,,,,,352.478,351.0,354.0,,,0.0,8836.0,8863.0,0.0,23.0,0.0,0.0,0.0,0.0,23.0,0.0,0.0,0.0,23.0,0.0,0.0,0.0,0.0,0.0,"solar2_v,lipo2_v"
2020-12-03T05:00:00Z,19.0,19.0,,,0.841,0.959,,,,,,,,,,,3.908,3.907,3.91,,,,226.895,0.0,0.0,,,,,356.316,354.0,361.0,,,0.0,8865.0,8891.0,0.0,19.0,0.0,0.0,0.0,0.0,19.0,0.0,0.0,0.0,19.0,0.0,0.0,0.0,0.0,0.0,"solar2_v,lipo2_v"
2020-12-03T06:00:00Z,26.0,26.0,,,0.978,1.08,,,,,,,,,,,3.908,3.905,3.91,,,,226.038,0.0,0.0,,,,,366.962,366.0,368.0,,,0.0,8894.0,8920.0,0.0,26.0,0.0,0.0,0.0,0.0,26.0,0.0,0.0,0.0,26.0,0.0,0.0,0.0,0.0,0.0,"solar2_v,lipo2_v"
2020-12-03T07:00:00Z,29.0,29.0,,,0.953,1.258,,,,,,,,,,,3.907,3.904,3.91,,,,226.172,0.0,0.0,,,,,366.586,356.0,374.0,,,0.0,8921.0,8949.0,0.0,29.0,0.0,0.0,0.0,0.0,29.0,0.0,0.0,0.0,29.0,0.0,0.0,0.0,0.0,0.0,"solar2_v,lipo2_v"
2020-12-03T08:00:00Z,28.0,28.0,,,0.494,0.629,,,,,,,,,,,3.905,3.904,3.907,,,,227.179,0.0,0.0,,,,,352.607,345.0,367.0,,,0.0,8950.0,8978.0,0.0,28.0,0.0,0.0,0.0,0.0,28.0,0.0,0.0,0.0,28.0,0.0,0.0,0.0,0.0,0.0,"solar2_v,lipo2_v"
2020-12-03T09:00:00Z,23.0,23.0,,,0.074,0.367,,,,,,,,,,,3.902,3.9,3.905,,,,228.565,0.0,0.0,,,,,336.217,327.0,348.0,,,0.0,8979.0,9006.0,0.0,5.0,0.0,0.0,0.0,0.0,23.0,0.0,0.0,0.0,23.0,0.0,0.0,0.0,0.0,0.0,"solar2_v,lipo2_v"
2020-12-03T10:00:00Z,29.0,29.0,,,0.0,0.0,,,,,,,,,,,3.9,3.899,3.9,,,,229.517,0.0,0.0,,,,,324.724,321.0,327.0,,,0.0,9007.0,9036.0,0.0,0.0,0.0,0.0,0.0,0.0,29.0,0.0,0.0,0.0,29.0,0.0,0.0,0.0,0.0,0.0,"solar2_v,lipo2_v"
2020-12-03T11:00:00Z,29.0,29.0,,,0.0,0.0,,,,,,,,,,,3.899,3.897,3.902,,,,231.345,0.0,0.0,,,,,309.655,301.0,320.0,,,0.0,9037.0,9065.0,0.0,0.0,0.0,0.0,0.0,0.0,29.0,0.0,0.0,0.0,29.0,0.0,0.0,0.0,0.0,0.0,"solar2_v,lipo2_v"
2020-12-03T12:00:00Z,30.0,30.0,,,0.0,0.0,,,,,,,,,,,3.898,3.895,3.899,,,,232.2,0.0,0.0,,,,,302.867,300.0,305.0,,,0.0,9066.0,9095.0,0.0,0.0,0.0,0.0,0.0,0.0,30.0,0.0,0.0,0.0,30.0,0.0,0.0,0.0,0.0,0.0,"solar2_v,lipo2_v"
2020-12-03T13:00:00Z,29.0,29.0,,,0.0,0.0,,,,,,,,,,,3.897,3.895,3.899,,,,232.276,0.0,0.0,,,,,301.207,300.0,303.0,,,0.0,9096.0,9124.0,0.0,0.0,0.0,0.0,0.0,0.0,29.0,0.0,0.0,0.0,29.0,0.0,0.0,0.0,0.0,0.0,"solar2_v,lipo2_v"
2020-12-03T14:00:00Z,28.0,28.0,,,0.0,0.0,,,,,,,,,,,3.896,3.895,3.899,,,,232.571,0.0,0.0,,,,,299.0,295.0,301.0,,,0.0,9125.0,9153.0,0.0,0.0,0.0,0.0,0.0,0.0,28.0,0.0,0.0,0.0,28.0,0.0,0.0,0.0,0.0,0.0,"solar2_v,lipo2_v"
2020-12-03T15:00:00Z,30.0,30.0,,,0.0,0.0,,,,,,,,,,,3.895,3.894,3.897,,,,233.467,0.0,0.0,,,,,290.667,287.0,294.0,,,0.0,9154.0,9183.0,0.0,0.0,0.0,0.0,0.0,0.0,30.0,0.0,0.0,0.0,30.0,0.0,0.0,0.0,0.0,0.0,"solar2_v,lipo2_v"
2020-12-03T16:00:00Z,29.0,29.0,,,0.0,0.0,,,,,,,,,,,3.894,3.894,3.895,,,,234.0,0.0,0.0,,,,,284.172,281.0,287.0,,,0.0,9184.0,9212.0,0.0,0.0,0.0,0.0,0.0,0.0,29.0,0.0,0.0,0.0,29.0,0.0,0.0,0.0,0.0,0.0,"solar2_v,lipo2_v"
2020-12-03T17:00:00Z,30.0,30.0,,,0.0,0.0,,,,,,,,,,,3.894,3.892,3.895,,,,234.833,0.0,0.0,,,,,277.067,274.0,281.0,,,0.0,9213.0,9242.0,0.0,0.0,0.0,0.0,0.0,0.0,30.0,0.0,0.0,0.0,30.0,0.0,0.0,0.0,0.0,0.0,"solar2_v,lipo2_v"
2020-12-03T18:00:00Z,29.0,29.0,,,0.0,0.0,,,,,,,,,,,3.892,3.89,3.894,,,,235.172,0.0,0.0,,,,,273.069,271.0,274.0,,,0.0,9243.0,9271.0,0.0,0.0,0.0,0.0,0.0,0.0,29.0,0.0,0.0,0.0,29.0,0.0,0.0,0.0,0.0,0.0,"solar2_v,lipo2_v"
2020-12-03T19:00:00Z,30.0,30.0,,,0.0,0.0,,,,,,,,,,,3.892,3.889,3.894,,,,236.167,0.0,0.0,,,,,268.567,267.0,271.0,,,0.0,9272.0,9301.0,0.0,0.0,0.0,0.0,0.0,0.0,30.0,0.0,0.0,0.0,30.0,0.0,0.0,0.0,0.0,0.0,"solar2_v,lipo2_v"
2020-12-03T20:00:00Z,29.0,29.0,,,0.0,0.0,,,,,,,,,,,3.891,3.889,3.894,,,,236.345,0.0,0.0,,,,,263.724,261.0,267.0,,,0.0,9302.0,9330.0,0.0,0.0,0.0,0.0,0.0,0.0,29.0,0.0,0.0,0.0,29.0,0.0,0.0,0.0,0.0,0.0,"solar2_v,lipo2_v"
2020-12-03T21:00:00Z,30.0,30.0,,,0.0,0.0,,,,,,,,,,,3.89,3.887,3.892,,,,236.833,0.0,0.0,,,,,260.8,260.0,261.0,,,0.0,9331.0,9360.0,0.0,0.0,0.0,0.0,0.0,0.0,30.0,0.0,0.0,0.0,30.0,0.0,0.0,0.0,0.0,0.0,"solar2_v,lipo2_v"
2020-12-03T22:00:00Z,29.0,29.0,,,0.0,0.0,,,,,,,,,,,3.889,3.885,3.89,,,,237.345,0.0,0.0,,,,,257.448,254.0,261.0,,,0.0,9361.0,9389.0,0.0,0.0,0.0,0.0,0.0,0.0,29.0,0.0,0.0,0.0,29.0,0.0,0.0,0.0,0.0,0.0,"solar2_v,lipo2_v"
2020-12-03T23:00:00Z,30.0,30.0,,,0.0,0.0,,,,,,,,,,,3.888,3.885,3.889,,,,237.667,0.0,0.0,,,,,256.0,253.0,260.0,,,0.0,9390.0,9419.0,0.0,0.0,0.0,0.0,0.0,0.0,30.0,0.0,0.0,0.0,30.0,0.0,0.0,0.0,0.0,0.0,"solar2_v,lipo2_v"
2020-12-04T00:00:00Z,29.0,29.0,,,0.3,0.487,,,,,,,,,,,3.887,3.884,3.889,,,,236.207,0.0,0.0,,,,,265.172,260.0,271.0,,,0.0,9420.0,9448.0,0.0,21.0,0.0,0.0,0.0,0.0,29.0,0.0,0.0,0.0,29.0,0.0,0.0,0.0,0.0,0.0,"solar2_v,lipo2_v"
2020-12-04T01:00:00Z,30.0,30.0,,,0.599,0.715,,,,,,,,,,,3.888,3.887,3.89,,,,234.2,0.0,0.0,,,,,282.133,272.0,298.0,,,0.0,9449.0,9478.0,0.0,30.0,0.0,0.0,0.0,0.0,30.0,0.0,0.0,0.0,30.0,0.0,0.0,0.0,0.0,0.0,"solar2_v,lipo2_v"
2020-12-04T02:00:00Z,29.0,29.0,,,0.919,1.138,,,,,,,,,,,3.89,3.887,3.892,,,,229.724,0.0,0.0,,,,,319.621,300.0,330.0,,,0.0,9479.0,9507.0,0.0,29.0,0.0,0.0,0.0,0.0,29.0,0.0,0.0,0.0,29.0,0.0,0.0,0.0,0.0,0.0,"solar2_v,lipo2_v"
2020-12-04T03:00:00Z,30.0,30.0,,,0.802,0.893,,,,,,,,,,,3.89,3.889,3.892,,,,228.133,0.0,0.0,,,,,337.633,330.0,340.0,,,0.0,9508.0,9537.0,0.0,30.0,0.0,0.0,0.0,0.0,30.0,0.0,0.0,0.0,30.0,0.0,0.0,0.0,0.0,0.0,"solar2_v,lipo2_v"
2020-12-04T04:00:00Z,29.0,29.0,,,0.69,0.72,,,,,,,,,,,3.89,3.889,3.892,,,,228.69,0.0,0.0,,,,,335.828,334.0,338.0,,,0.0,9538.0,9566.0,0.0,29.0,0.0,0.0,0.0,0.0,29.0,0.0,0.0,0.0,29.0,0.0,0.0,0.0,0.0,0.0,"solar2_v,lipo2_v"
2020-12-04T05:00:00Z,30.0,30.0,,,0.753,0.813,,,,,,,,,,,3.89,3.889,3.892,,,,228.033,0.0,0.0,,,,,343.533,338.0,350.0,,,0.0,9567.0,9596.0,0.0,30.0,0.0,0.0,0.0,0.0,30.0,0.0,0.0,0.0,30.0,0.0,0.0,0.0,0.0,0.0,"solar2_v,lipo2_v"
2020-12-04T06:00:00Z,29.0,29.0,,,0.933,1.082,,,,,,,,,,,3.891,3.889,3.892,,,,225.966,0.0,0.0,,,,,361.793,350.0,368.0,,,0.0,9597.0,9625.0,0.0,29.0,0.0,0.0,0.0,0.0,29.0,0.0,0.0,0.0,29.0,0.0,0.0,0.0,0.0,0.0,"solar2_v,lipo2_v"
2020-12-04T07:00:00Z,29.0,29.0,,,1.016,1.233,,,,,,,,,,,3.892,3.89,3.894,,,,225.552,0.0,0.0,,,,,370.138,367.0,374.0,,,0.0,9626.0,9654.0,0.0,29.0,0.0,0.0,0.0,0.0,29.0,0.0,0.0,0.0,29.0,0.0,0.0,0.0,0.0,0.0,"solar2_v,lipo2_v"
2020-12-04T08:00:00Z,30.0,30.0,,,0.634,1.34,,,,,,,,,,,3.89,3.889,3.892,,,,227.1,0.0,0.0,,,,,351.367,340.0,369.0,,,0.0,9655.0,9684.0,0.0,30.0,0.0,0.0,0.0,0.0,30.0,0.0,0.0,0.0,30.0,0.0,0.0,0.0,0.0,0.0,"solar2_v,lipo2_v"
2020-12-04T09:00:00Z,29.0,29.0,,,0.174,0.439,,,,,,,,,,,3.889,3.887,3.89,,,,228.69,0.0,0.0,,,,,332.31,326.0,340.0,,,0.0,9685.0,9713.0,0.0,13.0,0.0,0.0,0.0,0.0,29.0,0.0,0.0,0.0,29.0,0.0,0.0,0.0,0.0,0.0,"solar2_v,lipo2_v"
2020-12-04T10:00:00Z,30.0,30.0,,,0.0,0.0,,,,,,,,,,,3.887,3.885,3.889,,,,230.4,0.0,0.0,,,,,317.467,313.0,326.0,,,0.0,9714.0,9743.0,0.0,0.0,0.0,0.0,0.0,0.0,30.0,0.0,0.0,0.0,30.0,0.0,0.0,0.0,0.0,0.0,"solar2_v,lipo2_v"
2020-12-04T11:00:00Z,29.0,29.0,,,0.0,0.0,,,,,,,,,,,3.886,3.884,3.889,,,,231.172,0.0,0.0,,,,,312.379,311.0,313.0,,,0.0,9744.0,9772.0,0.0,0.0,0.0,0.0,0.0,0.0,29.0,0.0,0.0,0.0,29.0,0.0,0.0,0.0,0.0,0.0,"solar2_v,lipo2_v"
2020-12-04T12:00:00Z,30.0,30.0,,,0.0,0.0,,,,,,,,,,,3.886,3.884,3.887,,,,232.367,0.0,0.0,,,,,301.833,300.0,311.0,,,0.0,9773.0,9802.0,0.0,0.0,0.0,0.0,0.0,0.0,30.0,0.0,0.0,0.0,30.0,0.0,0.0,0.0,0.0,0.0,"solar2_v,lipo2_v"
2020-12-04T13:00:00Z,29.0,29.0,,,0.0,0.0,,,,,,,,,,,3.885,3.882,3.887,,,,233.069,0.0,0.0,,,,,295.379,292.0,301.0,,,0.0,9803.0,9831.0,0.0,0.0,0.0,0.0,0.0,0.0,29.0,0.0,0.0,0.0,29.0,0.0,0.0,0.0,0.0,0.0,"solar2_v,lipo2_v"
2020-12-04T14:00:00Z,30.0,30.0,,,0.0,0.0,,,,,,,,,,,3.884,3.88,3.887,,,,233.133,0.0,0.0,,,,,292.3,291.0,294.0,,,0.0,9832.0,9861.0,0.0,0.0,0.0,0.0,0.0,0.0,30.0,0.0,0.0,0.0,30.0,0.0,0.0,0.0,0.0,0.0,"solar2_v,lipo2_v"
2020-12-04T15:00:00Z,29.0,29.0,,,0.0,0.0,,,,,,,,,,,3.883,3.88,3.885,,,,233.034,0.0,0.0,,,,,290.241,287.0,293.0,,,0.0,9862.0,9890.0,0.0,0.0,0.0,0.0,0.0,0.0,29.0,0.0,0.0,0.0,29.0,0.0,0.0,0.0,0.0,0.0,"solar2_v,lipo2_v"
2020-12-04T16:00:00Z,30.0,30.0,,,0.0,0.0,,,,,,,,,,,3.881,3.879,3.884,,,,233.933,0.0,0.0,,,,,282.3,278.0,287.0,,,0.0,9891.0,9920.0,0.0,0.0,0.0,0.0,0.0,0.0,30.0,0.0,0.0,0.0,30.0,0.0,0.0,0.0,0.0,0.0,"solar2_v,lipo2_v"
2020-12-04T17:00:00Z,29.0,29.0,,,0.0,0.0,,,,,,,,,,,3.881,3.877,3.884,,,,234.621,0.0,0.0,,,,,275.966,275.0,277.0,,,0.0,9921.0,9949.0,0.0,0.0,0.0,0.0,0.0,0.0,29.0,0.0,0.0,0.0,29.0,0.0,0.0,0.0,0.0,0.0,"solar2_v,lipo2_v"
2020-12-04T18:00:00Z,30.0,30.0,,,0.0,0.0,,,,,,,,,,,3.88,3.877,3.882,,,,235.067,0.0,0.0,,,,,273.3,272.0,275.0,,,0.0,9950.0,9979.0,0.0,0.0,0.0,0.0,0.0,0.0,30.0,0.0,0.0,0.0,30.0,0.0,0.0,0.0,0.0,0.0,"solar2_v,lipo2_v"
2020-12-04T19:00:00Z,29.0,29.0,,,0.0,0.0,,,,,,,,,,,3.88,3.877,3.882,,,,235.828,0.0,0.0,,,,,269.586,267.0,272.0,,,0.0,9980.0,10008.0,0.0,0.0,0.0,0.0,0.0,0.0,29.0,0.0,0.0,0.0,29.0,0.0,0.0,0.0,0.0,0.0,"solar2_v,lipo2_v"
2020-12-04T20:00:00Z,30.0,30.0,,,0.0,0.0,,,,,,,,,,,3.879,3.877,3.88,,,,236.233,0.0,0.0,,,,,265.767,264.0,267.0,,,0.0,10009.0,10038.0,0.0,0.0,0.0,0.0,0.0,0.0,30.0,0.0,0.0,0.0,30.0,0.0,0.0,0.0,0.0,0.0,"solar2_v,lipo2_v"
2020-12-04T21:00:00Z,29.0,29.0,,,0.0,0.0,,,,,,,,,,,3.877,3.875,3.879,,,,236.621,0.0,0.0,,,,,262.552,262.0,264.0,,,0.0,10039.0,10067.0,0.0,0.0,0.0,0.0,0.0,0.0,29.0,0.0,0.0,0.0,29.0,0.0,0.0,0.0,0.0,0.0,"solar2_v,lipo2_v"
2020-12-04T22:00:00Z,29.0,29.0,,,0.0,0.0,,,,,,,,,,,3.878,3.875,3.88,,,,236.828,0.0,0.0,,,,,261.586,261.0,262.0,,,0.0,10068.0,10096.0,0.0,0.0,0.0,0.0,0.0,0.0,29.0,0.0,0.0,0.0,29.0,0.0,0.0,0.0,0.0,0.0,"solar2_v,lipo2_v"
2020-12-04T23:00:00Z,30.0,30.0,,,0.0,0.0,,,,,,,,,,,3.877,3.874,3.879,,,,236.467,0.0,0.0,,,,,263.8,261.0,270.0,,,0.0,10097.0,10126.0,0.0,0.0,0.0,0.0,0.0,0.0,30.0,0.0,0.0,0.0,30.0,0.0,0.0,0.0,0.0,0.0,"solar2_v,lipo2_v"
2020-12-05T00:00:00Z,29.0,29.0,,,0.295,0.479,,,,,,,,,,,3.878,3.877,3.879,,,,235.207,0.0,0.0,,,,,274.379,271.0,280.0,,,0.0,10127.0,10155.0,0.0,21.0,0.0,0.0,0.0,0.0,29.0,0.0,0.0,0.0,29.0,0.0,0.0,0.0,0.0,0.0,"solar2_v,lipo2_v"
2020-12-05T01:00:00Z,30.0,30.0,,,0.622,0.769,,,,,,,,,,,3.878,3.877,3.88,,,,233.233,0.0,0.0,,,,,294.7,281.0,314.0,,,0.0,10156.0,10185.0,0.0,30.0,0.0,0.0,0.0,0.0,30.0,0.0,0.0,0.0,30.0,0.0,0.0,0.0,0.0,0.0,"solar2_v,lipo2_v"
2020-12-05T02:00:00Z,29.0,29.0,,,0.925,1.077,,,,,,,,,,,3.88,3.877,3.884,,,,229.379,0.0,0.0,,,,,329.828,314.0,341.0,,,0.0,10186.0,10214.0,0.0,29.0,0.0,0.0,0.0,0.0,29.0,0.0,0.0,0.0,29.0,0.0,0.0,0.0,0.0,0.0,"solar2_v,lipo2_v"
2020-12-05T03:00:00Z,30.0,30.0,,,0.901,0.926,,,,,,,,,,,3.882,3.88,3.884,,,,227.733,0.0,0.0,,,,,345.033,341.0,347.0,,,0.0,10215.0,10244.0,0.0,30.0,0.0,0.0,0.0,0.0,30.0,0.0,0.0,0.0,30.0,0.0,0.0,0.0,0.0,0.0,"solar2_v,lipo2_v"
2020-12-05T04:00:00Z,29.0,29.0,,,0.832,0.897,,,,,,,,,,,3.882,3.879,3.884,,,,228.345,0.0,0.0,,,,,341.966,340.0,346.0,,,0.0,10245.0,10273.0,0.0,29.0,0.0,0.0,0.0,0.0,29.0,0.0,0.0,0.0,29.0,0.0,0.0,0.0,0.0,0.0,"solar2_v,lipo2_v"
2020-12-05T05:00:00Z,30.0,30.0,,,0.826,0.916,,,,,,,,,,,3.883,3.88,3.884,,,,227.933,0.0,0.0,,,,,347.867,342.0,354.0,,,0.0,10274.0,10303.0,0.0,30.0,0.0,0.0,0.0,0.0,30.0,0.0,0.0,0.0,30.0,0.0,0.0,0.0,0.0,0.0,"solar2_v,lipo2_v"
2020-12-05T06:00:00Z,29.0,29.0,,,0.945,1.326,,,,,,,,,,,3.883,3.88,3.885,,,,227.241,0.0,0.0,,,,,361.31,354.0,368.0,,,0.0,10304.0,10332.0,0.0,29.0,0.0,0.0,0.0,0.0,29.0,0.0,0.0,0.0,29.0,0.0,0.0,0.0,0.0,0.0,"solar2_v,lipo2_v"
2020-12-05T07:00:00Z,30.0,30.0,,,1.026,1.489,,,,,,,,,,,3.883,3.88,3.885,,,,226.233,0.0,0.0,,,,,364.933,353.0,377.0,,,0.0,10333.0,10362.0,0.0,30.0,0.0,0.0,0.0,0.0,30.0,0.0,0.0,0.0,30.0,0.0,0.0,0.0,0.0,0.0,"solar2_v,lipo2_v"
2020-12-05T08:00:00Z,29.0,29.0,,,0.574,1.121,,,,,,,,,,,3.881,3.879,3.884,,,,228.0,0.0,0.0,,,,,346.103,333.0,353.0,,,0.0,10363.0,10391.0,0.0,26.0,0.0,0.0,0.0,0.0,29.0,0.0,0.0,0.0,29.0,0.0,0.0,0.0,0.0,0.0,"solar2_v,lipo2_v"
2020-12-05T09:00:00Z,30.0,30.0,,,0.187,0.577,,,,,,,,,,,3.88,3.877,3.882,,,,229.5,0.0,0.0,,,,,328.6,323.0,333.0,,,0.0,10392.0,10421.0,0.0,12.0,0.0,0.0,0.0,0.0,30.0,0.0,0.0,0.0,30.0,0.0,0.0,0.0,0.0,0.0,"solar2_v,lipo2_v"
2020-12-05T10:00:00Z,29.0,29.0,,,0.0,0.0,,,,,,,,,,,3.879,3.877,3.88,,,,230.724,0.0,0.0,,,,,316.517,313.0,322.0,,,0.0,10422.0,10450.0,0.0,0.0,0.0,0.0,0.0,0.0,29.0,0.0,0.0,0.0,29.0,0.0,0.0,0.0,0.0,0.0,"solar2_v,lipo2_v"
2020-12-05T11:00:00Z,30.0,30.0,,,0.0,0.0,,,,,,,,,,,3.878,3.875,3.88,,,,231.3,0.0,0.0,,,,,309.6,307.0,313.0,,,0.0,10451.0,10480.0,0.0,0.0,0.0,0.0,0.0,0.0,30.0,0.0,0.0,0.0,30.0,0.0,0.0,0.0,0.0,0.0,"solar2_v,lipo2_v"
2020-12-05T12:00:00Z,27.0,27.0,,,0.0,0.0,,,,,,,,,,,3.878,3.875,3.88,,,,231.963,0.0,0.0,,,,,306.296,306.0,308.0,,,0.0,10481.0,10509.0,0.0,0.0,0.0,0.0,0.0,0.0,27.0,0.0,0.0,0.0,27.0,0.0,0.0,0.0,0.0,0.0,"solar2_v,lipo2_v"
2020-12-05T13:00:00Z,28.0,28.0,,,0.0,0.0,,,,,,,,,,,3.876,3.874,3.879,,,,232.107,0.0,0.0,,,,,304.929,301.0,307.0,,,0.0,10510.0,10538.0,0.0,0.0,0.0,0.0,0.0,0.0,28.0,0.0,0.0,0.0,28.0,0.0,0.0,0.0,0.0,0.0,"solar2_v,lipo2_v"
2020-12-05T14:00:00Z,29.0,29.0,,,0.0,0.0,,,,,,,,,,,3.875,3.874,3.877,,,,232.793,0.0,0.0,,,,,298.034,293.0,301.0,,,0.0,10539.0,10567.0,0.0,0.0,0.0,0.0,0.0,0.0,29.0,0.0,0.0,0.0,29.0,0.0,0.0,0.0,0.0,0.0,"solar2_v,lipo2_v"
2020-12-05T15:00:00Z,29.0,29.0,,,0.0,0.0,,,,,,,,,,,3.874,3.872,3.875,,,,233.448,0.0,0.0,,,,,290.414,289.0,293.0,,,0.0,10568.0,10596.0,0.0,0.0,0.0,0.0,0.0,0.0,29.0,0.0,0.0,0.0,29.0,0.0,0.0,0.0,0.0,0.0,"solar2_v,lipo2_v"
2020-12-05T16:00:00Z,30.0,30.0,,,0.0,0.0,,,,,,,,,,,3.874,3.872,3.875,,,,233.567,0.0,0.0,,,,,286.967,286.0,288.0,,,0.0,10597.0,10626.0,0.0,0.0,0.0,0.0,0.0,0.0,30.0,0.0,0.0,0.0,30.0,0.0,0.0,0.0,0.0,0.0,"solar2_v,lipo2_v"
2020-12-05T17:00:00Z,29.0,29.0,,,0.0,0.0,,,,,,,,,,,3.873,3.872,3.874,,,,234.276,0.0,0.0,,,,,282.241,280.0,286.0,,,0.0,10627.0,10655.0,0.0,0.0,0.0,0.0,0.0,0.0,29.0,0.0,0.0,0.0,29.0,0.0,0.0,0.0,0.0,0.0,"solar2_v,lipo2_v"
2020-12-05T18:00:00Z,30.0,30.0,,,0.0,0.0,,,,,,,,,,,3.872,3.871,3.874,,,,234.8,0.0,0.0,,,,,277.167,275.0,280.0,,,0.0,10656.0,10685.0,0.0,0.0,0.0,0.0,0.0,0.0,30.0,0.0,0.0,0.0,30.0,0.0,0.0,0.0,0.0,0.0,"solar2_v,lipo2_v"
2020-12-05T19:00:00Z,29.0,29.0,,,0.0,0.0,,,,,,,,,,,3.872,3.871,3.874,,,,235.069,0.0,0.0,,,,,276.724,276.0,277.0,,,0.0,10686.0,10714.0,0.0,0.0,0.0,0.0,0.0,0.0,29.0,0.0,0.0,0.0,29.0,0.0,0.0,0.0,0.0,0.0,"solar2_v,lipo2_v"
2020-12-05T20:00:00Z,30.0,30.0,,,0.0,0.0,,,,,,,,,,,3.872,3.871,3.874,,,,234.9,0.0,0.0,,,,,274.133,273.0,277.0,,,0.0,10715.0,10744.0,0.0,0.0,0.0,0.0,0.0,0.0,30.0,0.0,0.0,0.0,30.0,0.0,0.0,0.0,0.0,0.0,"solar2_v,lipo2_v"
2020-12-05T21:00:00Z,29.0,29.0,,,0.0,0.0,,,,,,,,,,,3.872,3.871,3.872,,,,235.586,0.0,0.0,,,,,273.483,273.0,274.0,,,0.0,10745.0,10773.0,0.0,0.0,0.0,0.0,0.0,0.0,29.0,0.0,0.0,0.0,29.0,0.0,0.0,0.0,0.0,0.0,"solar2_v,lipo2_v"
2020-12-05T22:00:00Z,30.0,30.0,,,0.0,0.0,,,,,,,,,,,3.871,3.871,3.872,,,,236.267,0.0,0.0,,,,,268.833,265.0,273.0,,,0.0,10774.0,10803.0,0.0,0.0,0.0,0.0,0.0,0.0,30.0,0.0,0.0,0.0,30.0,0.0,0.0,0.0,0.0,0.0,"solar2_v,lipo2_v"
2020-12-05T23:00:00Z,29.0,29.0,,,0.0,0.0,,,,,,,,,,,3.871,3.871,3.872,,,,236.138,0.0,0.0,,,,,266.379,264.0,269.0,,,0.0,10804.0,10832.0,0.0,0.0,0.0,0.0,0.0,0.0,29.0,0.0,0.0,0.0,29.0,0.0,0.0,0.0,0.0,0.0,"solar2_v,lipo2_v"
2020-12-06T00:00:00Z,30.0,30.0,,,0.15,0.416,,,,,,,,,,,3.871,3.871,3.872,,,,235.3,0.0,0.0,,,,,272.2,269.0,276.0,,,0.0,10833.0,10862.0,0.0,13.0,0.0,0.0,0.0,0.0,30.0,0.0,0.0,0.0,30.0,0.0,0.0,0.0,0.0,0.0,"solar2_v,lipo2_v"
2020-12-06T01:00:00Z,29.0,29.0,,,0.574,0.734,,,,,,,,,,,3.871,3.871,3.872,,,,233.31,0.0,0.0,,,,,291.276,277.0,309.0,,,0.0,10863.0,10891.0,0.0,29.0,0.0,0.0,0.0,0.0,29.0,0.0,0.0,0.0,29.0,0.0,0.0,0.0,0.0,0.0,"solar2_v,lipo2_v"
2020-12-06T02:00:00Z,30.0,30.0,,,0.877,1.107,,,,,,,,,,,3.872,3.871,3.874,,,,229.033,0.0,0.0,,,,,328.2,312.0,340.0,,,0.0,10892.0,10921.0,0.0,30.0,0.0,0.0,0.0,0.0,30.0,0.0,0.0,0.0,30.0,0.0,0.0,0.0,0.0,0.0,"solar2_v,lipo2_v"
2020-12-06T03:00:00Z,27.0,27.0,,,0.779,0.828,,,,,,,,,,,3.873,3.871,3.874,,,,227.741,0.0,0.0,,,,,345.37,340.0,349.0,,,0.0,10922.0,10950.0,0.0,27.0,0.0,0.0,0.0,0.0,27.0,0.0,0.0,0.0,27.0,0.0,0.0,0.0,0.0,0.0,"solar2_v,lipo2_v"
2020-12-06T04:00:00Z,29.0,29.0,,,0.663,0.716,,,,,,,,,,,3.873,3.871,3.874,,,,227.828,0.0,0.0,,,,,344.172,342.0,346.0,,,0.0,10951.0,10979.0,0.0,29.0,0.0,0.0,0.0,0.0,29.0,0.0,0.0,0.0,29.0,0.0,0.0,0.0,0.0,0.0,"solar2_v,lipo2_v"
2020-12-06T05:00:00Z,30.0,30.0,,,0.768,1.118,,,,,,,,,,,3.873,3.872,3.875,,,,227.2,0.0,0.0,,,,,354.333,345.0,366.0,,,0.0,10980.0,11009.0,0.0,30.0,0.0,0.0,0.0,0.0,30.0,0.0,0.0,0.0,30.0,0.0,0.0,0.0,0.0,0.0,"solar2_v,lipo2_v"
2020-12-06T06:00:00Z,29.0,29.0,,,1.167,1.561,,,,,,,,,,,3.874,3.872,3.875,,,,226.31,0.0,0.0,,,,,366.897,366.0,369.0,,,0.0,11010.0,11038.0,0.0,29.0,0.0,0.0,0.0,0.0,29.0,0.0,0.0,0.0,29.0,0.0,0.0,0.0,0.0,0.0,"solar2_v,lipo2_v"
2020-12-06T07:00:00Z,30.0,30.0,,,1.135,1.467,,,,,,,,,,,3.873,3.872,3.875,,,,224.7,0.0,0.0,,,,,375.7,367.0,380.0,,,0.0,11039.0,11068.0,0.0,30.0,0.0,0.0,0.0,0.0,30.0,0.0,0.0,0.0,30.0,0.0,0.0,0.0,0.0,0.0,"solar2_v,lipo2_v"
2020-12-06T08:00:00Z,27.0,27.0,,,0.518,0.659,,,,,,,,,,,3.873,3.871,3.875,,,,227.667,0.0,0.0,,,,,352.852,342.0,369.0,,,0.0,11069.0,11097.0,0.0,27.0,0.0,0.0,0.0,0.0,27.0,0.0,0.0,0.0,27.0,0.0,0.0,0.0,0.0,0.0,"solar2_v,lipo2_v"
2020-12-06T09:00:00Z,30.0,30.0,,,0.202,0.369,,,,,,,,,,,3.872,3.871,3.872,,,,228.567,0.0,0.0,,,,,336.767,329.0,341.0,,,0.0,11098.0,11127.0,0.0,16.0,0.0,0.0,0.0,0.0,30.0,0.0,0.0,0.0,30.0,0.0,0.0,0.0,0.0,0.0,"solar2_v,lipo2_v"
2020-12-06T10:00:00Z,29.0,29.0,,,0.0,0.0,,,,,,,,,,,3.871,3.871,3.872,,,,229.586,0.0,0.0,,,,,325.793,322.0,328.0,,,0.0,11128.0,11156.0,0.0,0.0,0.0,0.0,0.0,0.0,29.0,0.0,0.0,0.0,29.0,0.0,0.0,0.0,0.0,0.0,"solar2_v,lipo2_v"
2020-12-06T11:00:00Z,30.0,30.0,,,0.0,0.0,,,,,,,,,,,3.871,3.869,3.871,,,,230.033,0.0,0.0,,,,,317.833,314.0,322.0,,,0.0,11157.0,11186.0,0.0,0.0,0.0,0.0,0.0,0.0,30.0,0.0,0.0,0.0,30.0,0.0,0.0,0.0,0.0,0.0,"solar2_v,lipo2_v"
2020-12-06T12:00:00Z,29.0,29.0,,,0.0,0.0,,,,,,,,,,,3.87,3.869,3.871,,,,230.724,0.0,0.0,,,,,313.483,308.0,316.0,,,0.0,11187.0,11215.0,0.0,0.0,0.0,0.0,0.0,0.0,29.0,0.0,0.0,0.0,29.0,0.0,0.0,0.0,0.0,0.0,"solar2_v,lipo2_v"
2020-12-06T13:00:00Z,30.0,30.0,,,0.0,0.0,,,,,,,,,,,3.87,3.869,3.871,,,,232.267,0.0,0.0,,,,,302.433,301.0,307.0,,,0.0,11216.0,11245.0,0.0,0.0,0.0,0.0,0.0,0.0,30.0,0.0,0.0,0.0,30.0,0.0,0.0,0.0,0.0,0.0,"solar2_v,lipo2_v"
2020-12-06T14:00:00Z,29.0,29.0,,,0.0,0.0,,,,,,,,,,,3.869,3.869,3.871,,,,232.552,0.0,0.0,,,,,300.586,300.0,301.0,,,0.0,11246.0,11274.0,0.0,0.0,0.0,0.0,0.0,0.0,29.0,0.0,0.0,0.0,29.0,0.0,0.0,0.0,0.0,0.0,"solar2_v,lipo2_v"
2020-12-06T15:00:00Z,30.0,30.0,,,0.0,0.0,,,,,,,,,,,3.869,3.867,3.869,,,,232.667,0.0,0.0,,,,,299.667,297.0,300.0,,,0.0,11275.0,11304.0,0.0,0.0,0.0,0.0,0.0,0.0,30.0,0.0,0.0,0.0,30.0,0.0,0.0,0.0,0.0,0.0,"solar2_v,lipo2_v"
2020-12-06T16:00:00Z,29.0,29.0,,,0.0,0.0,,,,,,,,,,,3.869,3.867,3.869,,,,233.207,0.0,0.0,,,,,296.69,294.0,299.0,,,0.0,11305.0,11333.0,0.0,0.0,0.0,0.0,0.0,0.0,29.0,0.0,0.0,0.0,29.0,0.0,0.0,0.0,0.0,0.0,"solar2_v,lipo2_v"
2020-12-06T17:00:00Z,30.0,30.0,,,0.0,0.0,,,,,,,,,,,3.868,3.867,3.869,,,,233.067,0.0,0.0,,,,,295.167,293.0,296.0,,,0.0,11334.0,11363.0,0.0,0.0,0.0,0.0,0.0,0.0,30.0,0.0,0.0,0.0,30.0,0.0,0.0,0.0,0.0,0.0,"solar2_v,lipo2_v"
2020-12-06T18:00:00Z,29.0,29.0,,,0.0,0.0,,,,,,,,,,,3.868,3.866,3.869,,,,233.103,0.0,0.0,,,,,292.931,291.0,295.0,,,0.0,11364.0,11392.0,0.0,0.0,0.0,0.0,0.0,0.0,29.0,0.0,0.0,0.0,29.0,0.0,0.0,0.0,0.0,0.0,"solar2_v,lipo2_v"
2020-12-06T19:00:00Z,29.0,29.0,,,0.0,0.0,,,,,,,,,,,3.867,3.866,3.869,,,,233.552,0.0,0.0,,,,,288.138,286.0,292.0,,,0.0,11393.0,11421.0,0.0,0.0,0.0,0.0,0.0,0.0,29.0,0.0,0.0,0.0,29.0,0.0,0.0,0.0,0.0,0.0,"solar2_v,lipo2_v"
2020-12-06T20:00:00Z,30.0,30.0,,,0.0,0.0,,,,,,,,,,,3.867,3.866,3.869,,,,234.4,0.0,0.0,,,,,283.467,279.0,286.0,,,0.0,11422.0,11451.0,0.0,0.0,0.0,0.0,0.0,0.0,30.0,0.0,0.0,0.0,30.0,0.0,0.0,0.0,0.0,0.0,"solar2_v,lipo2_v"
2020-12-06T21:00:00Z,29.0,29.0,,,0.0,0.0,,,,,,,,,,,3.867,3.866,3.867,,,,234.552,0.0,0.0,,,,,277.138,277.0,278.0,,,0.0,11452.0,11480.0,0.0,0.0,0.0,0.0,0.0,0.0,29.0,0.0,0.0,0.0,29.0,0.0,0.0,0.0,0.0,0.0,"solar2_v,lipo2_v"
2020-12-06T22:00:00Z,30.0,30.0,,,0.0,0.0,,,,,,,,,,,3.867,3.866,3.867,,,,234.5,0.0,0.0,,,,,277.067,276.0,278.0,,,0.0,11481.0,11510.0,0.0,0.0,0.0,0.0,0.0,0.0,30.0,0.0,0.0,0.0,30.0,0.0,0.0,0.0,0.0,0.0,"solar2_v,lipo2_v"
2020-12-06T23:00:00Z,29.0,29.0,,,0.011,0.323,,,,,,,,,,,3.866,3.864,3.867,,,,234.276,0.0,0.0,,,,,277.414,276.0,280.0,,,0.0,11511.0,11539.0,0.0,1.0,0.0,0.0,0.0,0.0,29.0,0.0,0.0,0.0,29.0,0.0,0.0,0.0,0.0,0.0,"solar2_v,lipo2_v"
2020-12-07T00:00:00Z,30.0,30.0,,,0.481,0.775,,,,,,,,,,,3.866,3.864,3.867,,,,233.633,0.0,0.0,,,,,285.767,280.0,296.0,,,0.0,11540.0,11569.0,0.0,30.0,0.0,0.0,0.0,0.0,30.0,0.0,0.0,0.0,30.0,0.0,0.0,0.0,0.0,0.0,"solar2_v,lipo2_v"
2020-12-07T01:00:00Z,29.0,29.0,,,0.857,0.992,,,,,,,,,,,3.866,3.866,3.867,,,,232.276,0.0,0.0,,,,,301.759,296.0,314.0,,,0.0,11570.0,11598.0,0.0,29.0,0.0,0.0,0.0,0.0,29.0,0.0,0.0,0.0,29.0,0.0,0.0,0.0,0.0,0.0,"solar2_v,lipo2_v"
2020-12-07T02:00:00Z,30.0,30.0,,,1.196,1.426,,,,,,,,,,,3.867,3.864,3.869,,,,229.0,0.0,0.0,,,,,326.433,315.0,334.0,,,0.0,11599.0,11628.0,0.0,30.0,0.0,0.0,0.0,0.0,30.0,0.0,0.0,0.0,30.0,0.0,0.0,0.0,0.0,0.0,"solar2_v,lipo2_v"
2020-12-07T03:00:00Z,29.0,29.0,,,1.235,1.43,,,,,,,,,,,3.867,3.866,3.869,,,,228.655,0.0,0.0,,,,,335.552,331.0,340.0,,,0.0,11629.0,11657.0,0.0,29.0,0.0,0.0,0.0,0.0,29.0,0.0,0.0,0.0,29.0,0.0,0.0,0.0,0.0,0.0,"solar2_v,lipo2_v"
2020-12-07T04:00:00Z,30.0,30.0,,,1.373,1.522,,,,,,,,,,,3.867,3.866,3.869,,,,228.433,0.0,0.0,,,,,341.367,335.0,349.0,,,0.0,11658.0,11687.0,0.0,30.0,0.0,0.0,0.0,0.0,30.0,0.0,0.0,0.0,30.0,0.0,0.0,0.0,0.0,0.0,"solar2_v,lipo2_v"
2020-12-07T05:00:00Z,29.0,29.0,,,1.395,1.587,,,,,,,,,,,3.867,3.864,3.867,,,,227.483,0.0,0.0,,,,,352.586,349.0,355.0,,,0.0,11688.0,11716.0,0.0,29.0,0.0,0.0,0.0,0.0,29.0,0.0,0.0,0.0,29.0,0.0,0.0,0.0,0.0,0.0,"solar2_v,lipo2_v"
2020-12-07T06:00:00Z,30.0,30.0,,,1.176,1.282,,,,,,,,,,,3.866,3.862,3.867,,,,228.2,0.0,0.0,,,,,344.467,340.0,350.0,,,0.0,11717.0,11746.0,0.0,30.0,0.0,0.0,0.0,0.0,30.0,0.0,0.0,0.0,30.0,0.0,0.0,0.0,0.0,0.0,"solar2_v,lipo2_v"
2020-12-07T07:00:00Z,29.0,29.0,,,1.051,1.284,,,,,,,,,,,3.864,3.862,3.866,,,,227.552,0.0,0.0,,,,,347.483,340.0,353.0,,,0.0,11747.0,11775.0,0.0,29.0,0.0,0.0,0.0,0.0,29.0,0.0,0.0,0.0,29.0,0.0,0.0,0.0,0.0,0.0,"solar2_v,lipo2_v"
2020-12-07T08:00:00Z,29.0,29.0,,,0.753,0.964,,,,,,,,,,,3.864,3.862,3.866,,,,228.448,0.0,0.0,,,,,337.897,334.0,340.0,,,0.0,11776.0,11804.0,0.0,29.0,0.0,0.0,0.0,0.0,29.0,0.0,0.0,0.0,29.0,0.0,0.0,0.0,0.0,0.0,"solar2_v,lipo2_v"
2020-12-07T09:00:00Z,30.0,30.0,,,0.321,0.633,,,,,,,,,,,3.863,3.861,3.866,,,,228.9,0.0,0.0,,,,,328.7,326.0,337.0,,,0.0,11805.0,11834.0,0.0,18.0,0.0,0.0,0.0,0.0,30.0,0.0,0.0,0.0,30.0,0.0,0.0,0.0,0.0,0.0,"solar2_v,lipo2_v"
2020-12-07T10:00:00Z,29.0,29.0,,,0.0,0.0,,,,,,,,,,,3.861,3.859,3.862,,,,229.483,0.0,0.0,,,,,322.103,316.0,326.0,,,0.0,11835.0,11863.0,0.0,0.0,0.0,0.0,0.0,0.0,29.0,0.0,0.0,0.0,29.0,0.0,0.0,0.0,0.0,0.0,"solar2_v,lipo2_v"
2020-12-07T11:00:00Z,23.0,23.0,,,0.0,0.0,,,,,,,,,,,3.86,3.857,3.862,,,,231.13,0.0,0.0,,,,,313.652,311.0,316.0,,,0.0,11864.0,11892.0,0.0,0.0,0.0,0.0,0.0,0.0,23.0,0.0,0.0,0.0,23.0,0.0,0.0,0.0,0.0,0.0,"solar2_v,lipo2_v"
2020-12-07T12:00:00Z,29.0,29.0,,,0.0,0.0,,,,,,,,,,,3.858,3.857,3.859,,,,231.448,0.0,0.0,,,,,306.345,304.0,311.0,,,0.0,11893.0,11921.0,0.0,0.0,0.0,0.0,0.0,0.0,29.0,0.0,0.0,0.0,29.0,0.0,0.0,0.0,0.0,0.0,"solar2_v,lipo2_v"
2020-12-07T13:00:00Z,29.0,29.0,,,0.0,0.0,,,,,,,,,,,3.857,3.854,3.861,,,,232.138,0.0,0.0,,,,,301.724,300.0,306.0,,,0.0,11922.0,11950.0,0.0,0.0,0.0,0.0,0.0,0.0,29.0,0.0,0.0,0.0,29.0,0.0,0.0,0.0,0.0,0.0,"solar2_v,lipo2_v"
2020-12-07T14:00:00Z,30.0,30.0,,,0.0,0.0,,,,,,,,,,,3.856,3.854,3.857,,,,232.933,0.0,0.0,,,,,298.0,294.0,300.0,,,0.0,11951.0,11980.0,0.0,0.0,0.0,0.0,0.0,0.0,30.0,0.0,0.0,0.0,30.0,0.0,0.0,0.0,0.0,0.0,"solar2_v,lipo2_v"
2020-12-07T15:00:00Z,29.0,29.0,,,0.0,0.0,,,,,,,,,,,3.856,3.854,3.857,,,,233.172,0.0,0.0,,,,,292.552,290.0,294.0,,,0.0,11981.0,12009.0,0.0,0.0,0.0,0.0,0.0,0.0,29.0,0.0,0.0,0.0,29.0,0.0,0.0,0.0,0.0,0.0,"solar2_v,lipo2_v"
2020-12-07T16:00:00Z,30.0,30.0,,,0.0,0.0,,,,,,,,,,,3.855,3.852,3.857,,,,233.533,0.0,0.0,,,,,287.633,287.0,290.0,,,0.0,12010.0,12039.0,0.0,0.0,0.0,0.0,0.0,0.0,30.0,0.0,0.0,0.0,30.0,0.0,0.0,0.0,0.0,0.0,"solar2_v,lipo2_v"
2020-12-07T17:00:00Z,29.0,29.0,,,0.0,0.0,,,,,,,,,,,3.854,3.852,3.857,,,,233.759,0.0,0.0,,,,,285.345,283.0,287.0,,,0.0,12040.0,12068.0,0.0,0.0,0.0,0.0,0.0,0.0,29.0,0.0,0.0,0.0,29.0,0.0,0.0,0.0,0.0,0.0,"solar2_v,lipo2_v"
2020-12-07T18:00:00Z,27.0,27.0,,,0.0,0.0,,,,,,,,,,,3.852,3.851,3.854,,,,234.148,0.0,0.0,,,,,281.222,279.0,286.0,,,0.0,12069.0,12097.0,0.0,0.0,0.0,0.0,0.0,0.0,27.0,0.0,0.0,0.0,27.0,0.0,0.0,0.0,0.0,0.0,"solar2_v,lipo2_v"
2020-12-07T19:00:00Z,29.0,29.0,,,0.0,0.0,,,,,,,,,,,3.851,3.849,3.852,,,,234.483,0.0,0.0,,,,,277.897,277.0,279.0,,,0.0,12098.0,12126.0,0.0,0.0,0.0,0.0,0.0,0.0,29.0,0.0,0.0,0.0,29.0,0.0,0.0,0.0,0.0,0.0,"solar2_v,lipo2_v"
2020-12-07T20:00:00Z,30.0,30.0,,,0.0,0.0,,,,,,,,,,,3.851,3.849,3.852,,,,234.8,0.0,0.0,,,,,275.367,273.0,277.0,,,0.0,12127.0,12156.0,0.0,0.0,0.0,0.0,0.0,0.0,30.0,0.0,0.0,0.0,30.0,0.0,0.0,0.0,0.0,0.0,"solar2_v,lipo2_v"
2020-12-07T21:00:00Z,29.0,29.0,,,0.0,0.0,,,,,,,,,,,3.85,3.849,3.852,,,,234.966,0.0,0.0,,,,,274.0,274.0,274.0,,,0.0,12157.0,12185.0,0.0,0.0,0.0,0.0,0.0,0.0,29.0,0.0,0.0,0.0,29.0,0.0,0.0,0.0,0.0,0.0,"solar2_v,lipo2_v"
2020-12-07T22:00:00Z,30.0,30.0,,,0.0,0.0,,,,,,,,,,,3.85,3.847,3.852,,,,235.2,0.0,0.0,,,,,273.6,273.0,274.0,,,0.0,12186.0,12215.0,0.0,0.0,0.0,0.0,0.0,0.0,30.0,0.0,0.0,0.0,30.0,0.0,0.0,0.0,0.0,0.0,"solar2_v,lipo2_v"
2020-12-07T23:00:00Z,29.0,29.0,,,0.0,0.0,,,,,,,,,,,3.849,3.847,3.851,,,,235.345,0.0,0.0,,,,,273.241,273.0,274.0,,,0.0,12216.0,12244.0,0.0,0.0,0.0,0.0,0.0,0.0,29.0,0.0,0.0,0.0,29.0,0.0,0.0,0.0,0.0,0.0,"solar2_v,lipo2_v"
2020-12-08T00:00:00Z,30.0,30.0,,,0.21,0.395,,,,,,,,,,,3.848,3.846,3.851,,,,234.267,0.0,0.0,,,,,279.333,274.0,286.0,,,0.0,12245.0,12274.0,0.0,17.0,0.0,0.0,0.0,0.0,30.0,0.0,0.0,0.0,30.0,0.0,0.0,0.0,0.0,0.0,"solar2_v,lipo2_v"
2020-12-08T01:00:00Z,27.0,27.0,,,0.526,0.746,,,,,,,,,,,3.848,3.846,3.851,,,,232.704,0.0,0.0,,,,,295.148,286.0,311.0,,,0.0,12275.0,12303.0,0.0,27.0,0.0,0.0,0.0,0.0,27.0,0.0,0.0,0.0,27.0,0.0,0.0,0.0,0.0,0.0,"solar2_v,lipo2_v"
2020-12-08T02:00:00Z,29.0,29.0,,,0.873,0.977,,,,,,,,,,,3.85,3.847,3.852,,,,229.103,0.0,0.0,,,,,326.759,313.0,342.0,,,0.0,12304.0,12332.0,0.0,29.0,0.0,0.0,0.0,0.0,29.0,0.0,0.0,0.0,29.0,0.0,0.0,0.0,0.0,0.0,"solar2_v,lipo2_v"
2020-12-08T03:00:00Z,29.0,29.0,,,0.905,1.003,,,,,,,,,,,3.851,3.849,3.852,,,,227.69,0.0,0.0,,,,,345.379,343.0,348.0,,,0.0,12333.0,12361.0,0.0,29.0,0.0,0.0,0.0,0.0,29.0,0.0,0.0,0.0,29.0,0.0,0.0,0.0,0.0,0.0,"solar2_v,lipo2_v"
2020-12-08T04:00:00Z,30.0,30.0,,,1.001,1.31,,,,,,,,,,,3.85,3.849,3.852,,,,227.733,0.0,0.0,,,,,348.9,343.0,355.0,,,0.0,12362.0,12391.0,0.0,30.0,0.0,0.0,0.0,0.0,30.0,0.0,0.0,0.0,30.0,0.0,0.0,0.0,0.0,0.0,"solar2_v,lipo2_v"
2020-12-08T05:00:00Z,29.0,29.0,,,1.435,1.651,,,,,,,,,,,3.851,3.849,3.852,,,,226.655,0.0,0.0,,,,,361.241,355.0,367.0,,,0.0,12392.0,12420.0,0.0,29.0,0.0,0.0,0.0,0.0,29.0,0.0,0.0,0.0,29.0,0.0,0.0,0.0,0.0,0.0,"solar2_v,lipo2_v"
2020-12-08T06:00:00Z,30.0,30.0,,,1.432,1.569,,,,,,,,,,,3.851,3.849,3.852,,,,226.6,0.0,0.0,,,,,362.4,356.0,367.0,,,0.0,12421.0,12450.0,0.0,30.0,0.0,0.0,0.0,0.0,30.0,0.0,0.0,0.0,30.0,0.0,0.0,0.0,0.0,0.0,"solar2_v,lipo2_v"
2020-12-08T07:00:00Z,29.0,29.0,,,1.168,1.441,,,,,,,,,,,3.85,3.847,3.851,,,,227.103,0.0,0.0,,,,,352.345,345.0,355.0,,,0.0,12451.0,12479.0,0.0,29.0,0.0,0.0,0.0,0.0,29.0,0.0,0.0,0.0,29.0,0.0,0.0,0.0,0.0,0.0,"solar2_v,lipo2_v"
2020-12-08T08:00:00Z,30.0,30.0,,,0.705,0.928,,,,,,,,,,,3.848,3.846,3.851,,,,228.667,0.0,0.0,,,,,336.1,328.0,345.0,,,0.0,12480.0,12509.0,0.0,30.0,0.0,0.0,0.0,0.0,30.0,0.0,0.0,0.0,30.0,0.0,0.0,0.0,0.0,0.0,"solar2_v,lipo2_v"
2020-12-08T09:00:00Z,29.0,29.0,,,0.28,0.452,,,,,,,,,,,3.847,3.844,3.849,,,,229.621,0.0,0.0,,,,,323.828,318.0,328.0,,,0.0,12510.0,12538.0,0.0,21.0,0.0,0.0,0.0,0.0,29.0,0.0,0.0,0.0,29.0,0.0,0.0,0.0,0.0,0.0,"solar2_v,lipo2_v"
2020-12-08T10:00:00Z,30.0,30.0,,,0.0,0.0,,,,,,,,,,,3.846,3.844,3.847,,,,230.867,0.0,0.0,,,,,313.533,311.0,317.0,,,0.0,12539.0,12568.0,0.0,0.0,0.0,0.0,0.0,0.0,30.0,0.0,0.0,0.0,30.0,0.0,0.0,0.0,0.0,0.0,"solar2_v,lipo2_v"
2020-12-08T11:00:00Z,29.0,29.0,,,0.0,0.0,,,,,,,,,,,3.844,3.842,3.846,,,,231.379,0.0,0.0,,,,,308.138,304.0,311.0,,,0.0,12569.0,12597.0,0.0,0.0,0.0,0.0,0.0,0.0,29.0,0.0,0.0,0.0,29.0,0.0,0.0,0.0,0.0,0.0,"solar2_v,lipo2_v"
2020-12-08T12:00:00Z,30.0,30.0,,,0.0,0.0,,,,,,,,,,,3.844,3.842,3.846,,,,231.9,0.0,0.0,,,,,302.1,301.0,304.0,,,0.0,12598.0,12627.0,0.0,0.0,0.0,0.0,0.0,0.0,30.0,0.0,0.0,0.0,30.0,0.0,0.0,0.0,0.0,0.0,"solar2_v,lipo2_v"
2020-12-08T13:00:00Z,29.0,29.0,,,0.0,0.0,,,,,,,,,,,3.843,3.841,3.846,,,,232.552,0.0,0.0,,,,,300.966,300.0,301.0,,,0.0,12628.0,12656.0,0.0,0.0,0.0,0.0,0.0,0.0,29.0,0.0,0.0,0.0,29.0,0.0,0.0,0.0,0.0,0.0,"solar2_v,lipo2_v"
2020-12-08T14:00:00Z,30.0,30.0,,,0.0,0.0,,,,,,,,,,,3.842,3.841,3.846,,,,232.667,0.0,0.0,,,,,300.233,300.0,301.0,,,0.0,12657.0,12686.0,0.0,0.0,0.0,0.0,0.0,0.0,30.0,0.0,0.0,0.0,30.0,0.0,0.0,0.0,0.0,0.0,"solar2_v,lipo2_v"
2020-12-08T15:00:00Z,29.0,29.0,,,0.0,0.0,,,,,,,,,,,3.842,3.841,3.844,,,,232.897,0.0,0.0,,,,,297.793,296.0,300.0,,,0.0,12687.0,12715.0,0.0,0.0,0.0,0.0,0.0,0.0,29.0,0.0,0.0,0.0,29.0,0.0,0.0,0.0,0.0,0.0,"solar2_v,lipo2_v"
2020-12-08T16:00:00Z,29.0,29.0,,,0.0,0.0,,,,,,,,,,,3.841,3.841,3.842,,,,233.379,0.0,0.0,,,,,292.172,290.0,296.0,,,0.0,12716.0,12744.0,0.0,0.0,0.0,0.0,0.0,0.0,29.0,0.0,0.0,0.0,29.0,0.0,0.0,0.0,0.0,0.0,"solar2_v,lipo2_v"
2020-12-08T17:00:00Z,30.0,30.0,,,0.0,0.0,,,,,,,,,,,3.841,3.839,3.842,,,,233.4,0.0,0.0,,,,,288.167,287.0,290.0,,,0.0,12745.0,12774.0,0.0,0.0,0.0,0.0,0.0,0.0,30.0,0.0,0.0,0.0,30.0,0.0,0.0,0.0,0.0,0.0,"solar2_v,lipo2_v"
2020-12-08T18:00:00Z,29.0,29.0,,,0.0,0.0,,,,,,,,,,,3.84,3.839,3.842,,,,233.448,0.0,0.0,,,,,286.483,284.0,289.0,,,0.0,12775.0,12803.0,0.0,0.0,0.0,0.0,0.0,0.0,29.0,0.0,0.0,0.0,29.0,0.0,0.0,0.0,0.0,0.0,"solar2_v,lipo2_v"
2020-12-08T19:00:00Z,30.0,30.0,,,0.0,0.0,,,,,,,,,,,3.839,3.838,3.841,,,,234.167,0.0,0.0,,,,,283.033,282.0,285.0,,,0.0,12804.0,12833.0,0.0,0.0,0.0,0.0,0.0,0.0,30.0,0.0,0.0,0.0,30.0,0.0,0.0,0.0,0.0,0.0,"solar2_v,lipo2_v"
2020-12-08T20:00:00Z,29.0,29.0,,,0.0,0.0,,,,,,,,,,,3.839,3.838,3.841,,,,234.0,0.0,0.0,,,,,281.931,280.0,284.0,,,0.0,12834.0,12862.0,0.0,0.0,0.0,0.0,0.0,0.0,29.0,0.0,0.0,0.0,29.0,0.0,0.0,0.0,0.0,0.0,"solar2_v,lipo2_v"
2020-12-08T21:00:00Z,30.0,30.0,,,0.0,0.0,,,,,,,,,,,3.839,3.836,3.841,,,,234.267,0.0,0.0,,,,,278.733,277.0,281.0,,,0.0,12863.0,12892.0,0.0,0.0,0.0,0.0,0.0,0.0,30.0,0.0,0.0,0.0,30.0,0.0,0.0,0.0,0.0,0.0,"solar2_v,lipo2_v"
2020-12-08T22:00:00Z,29.0,29.0,,,0.0,0.0,,,,,,,,,,,3.838,3.836,3.839,,,,234.828,0.0,0.0,,,,,276.862,276.0,277.0,,,0.0,12893.0,12921.0,0.0,0.0,0.0,0.0,0.0,0.0,29.0,0.0,0.0,0.0,29.0,0.0,0.0,0.0,0.0,0.0,"solar2_v,lipo2_v"
2020-12-08T23:00:00Z,28.0,28.0,,,0.0,0.0,,,,,,,,,,,3.837,3.834,3.841,,,,234.571,0.0,0.0,,,,,278.036,277.0,281.0,,,0.0,12922.0,12950.0,0.0,0.0,0.0,0.0,0.0,0.0,28.0,0.0,0.0,0.0,28.0,0.0,0.0,0.0,0.0,0.0,"solar2_v,lipo2_v"
2020-12-09T00:00:00Z,30.0,30.0,,,0.297,0.524,,,,,,,,,,,3.837,3.834,3.838,,,,234.033,0.0,0.0,,,,,284.367,281.0,288.0,,,0.0,12951.0,12980.0,0.0,21.0,0.0,0.0,0.0,0.0,30.0,0.0,0.0,0.0,30.0,0.0,0.0,0.0,0.0,0.0,"solar2_v,lipo2_v"
2020-12-09T01:00:00Z,29.0,29.0,,,0.801,0.944,,,,,,,,,,,3.836,3.834,3.839,,,,232.517,0.0,0.0,,,,,296.586,288.0,303.0,,,0.0,12981.0,13009.0,0.0,29.0,0.0,0.0,0.0,0.0,29.0,0.0,0.0,0.0,29.0,0.0,0.0,0.0,0.0,0.0,"solar2_v,lipo2_v"
2020-12-09T02:00:00Z,30.0,30.0,,,1.21,1.431,,,,,,,,,,,3.836,3.834,3.838,,,,230.1,0.0,0.0,,,,,319.2,302.0,327.0,,,0.0,13010.0,13039.0,0.0,30.0,0.0,0.0,0.0,0.0,30.0,0.0,0.0,0.0,30.0,0.0,0.0,0.0,0.0,0.0,"solar2_v,lipo2_v"
2020-12-09T03:00:00Z,29.0,29.0,,,1.42,1.513,,,,,,,,,,,3.837,3.834,3.839,,,,228.586,0.0,0.0,,,,,329.724,326.0,333.0,,,0.0,13040.0,13068.0,0.0,29.0,0.0,0.0,0.0,0.0,29.0,0.0,0.0,0.0,29.0,0.0,0.0,0.0,0.0,0.0,"solar2_v,lipo2_v"
2020-12-09T04:00:00Z,30.0,30.0,,,1.386,1.474,,,,,,,,,,,3.836,3.834,3.838,,,,228.533,0.0,0.0,,,,,338.633,333.0,342.0,,,0.0,13069.0,13098.0,0.0,30.0,0.0,0.0,0.0,0.0,30.0,0.0,0.0,0.0,30.0,0.0,0.0,0.0,0.0,0.0,"solar2_v,lipo2_v"
2020-12-09T05:00:00Z,29.0,29.0,,,1.381,1.518,,,,,,,,,,,3.837,3.834,3.839,,,,228.0,0.0,0.0,,,,,348.517,344.0,352.0,,,0.0,13099.0,13127.0,0.0,29.0,0.0,0.0,0.0,0.0,29.0,0.0,0.0,0.0,29.0,0.0,0.0,0.0,0.0,0.0,"solar2_v,lipo2_v"
2020-12-09T06:00:00Z,30.0,30.0,,,1.06,1.338,,,,,,,,,,,3.835,3.833,3.838,,,,227.967,0.0,0.0,,,,,344.067,339.0,351.0,,,0.0,13128.0,13157.0,0.0,30.0,0.0,0.0,0.0,0.0,30.0,0.0,0.0,0.0,30.0,0.0,0.0,0.0,0.0,0.0,"solar2_v,lipo2_v"
2020-12-09T07:00:00Z,29.0,29.0,,,0.881,0.954,,,,,,,,,,,3.835,3.833,3.838,,,,228.276,0.0,0.0,,,,,339.966,338.0,341.0,,,0.0,13158.0,13186.0,0.0,29.0,0.0,0.0,0.0,0.0,29.0,0.0,0.0,0.0,29.0,0.0,0.0,0.0,0.0,0.0,"solar2_v,lipo2_v"
2020-12-09T08:00:00Z,30.0,30.0,,,0.646,0.697,,,,,,,,,,,3.834,3.831,3.836,,,,228.767,0.0,0.0,,,,,330.233,328.0,336.0,,,0.0,13187.0,13216.0,0.0,30.0,0.0,0.0,0.0,0.0,30.0,0.0,0.0,0.0,30.0,0.0,0.0,0.0,0.0,0.0,"solar2_v,lipo2_v"
2020-12-09T09:00:00Z,29.0,29.0,,,0.237,0.534,,,,,,,,,,,3.834,3.831,3.836,,,,229.483,0.0,0.0,,,,,325.966,323.0,329.0,,,0.0,13217.0,13245.0,0.0,16.0,0.0,0.0,0.0,0.0,29.0,0.0,0.0,0.0,29.0,0.0,0.0,0.0,0.0,0.0,"solar2_v,lipo2_v"
2020-12-09T10:00:00Z,29.0,29.0,,,0.0,0.0,,,,,,,,,,,3.833,3.831,3.834,,,,230.414,0.0,0.0,,,,,319.552,314.0,325.0,,,0.0,13246.0,13275.0,0.0,0.0,0.0,0.0,0.0,0.0,29.0,0.0,0.0,0.0,29.0,0.0,0.0,0.0,0.0,0.0,"solar2_v,lipo2_v"
2020-12-09T11:00:00Z,29.0,29.0,,,0.0,0.0,,,,,,,,,,,3.831,3.829,3.833,,,,231.207,0.0,0.0,,,,,313.138,313.0,314.0,,,0.0,13276.0,13304.0,0.0,0.0,0.0,0.0,0.0,0.0,29.0,0.0,0.0,0.0,29.0,0.0,0.0,0.0,0.0,0.0,"solar2_v,lipo2_v"
2020-12-09T12:00:00Z,29.0,29.0,,,0.0,0.0,,,,,,,,,,,3.83,3.829,3.833,,,,230.793,0.0,0.0,,,,,313.517,313.0,314.0,,,0.0,13305.0,13333.0,0.0,0.0,0.0,0.0,0.0,0.0,29.0,0.0,0.0,0.0,29.0,0.0,0.0,0.0,0.0,0.0,"solar2_v,lipo2_v"
2020-12-09T13:00:00Z,30.0,30.0,,,0.0,0.0,,,,,,,,,,,3.83,3.828,3.833,,,,231.4,0.0,0.0,,,,,309.7,307.0,314.0,,,0.0,13334.0,13363.0,0.0,0.0,0.0,0.0,0.0,0.0,30.0,0.0,0.0,0.0,30.0,0.0,0.0,0.0,0.0,0.0,"solar2_v,lipo2_v"
2020-12-09T14:00:00Z,29.0,29.0,,,0.0,0.0,,,,,,,,,,,3.829,3.826,3.831,,,,231.69,0.0,0.0,,,,,304.586,301.0,311.0,,,0.0,13364.0,13392.0,0.0,0.0,0.0,0.0,0.0,0.0,29.0,0.0,0.0,0.0,29.0,0.0,0.0,0.0,0.0,0.0,"solar2_v,lipo2_v"
2020-12-09T15:00:00Z,30.0,30.0,,,0.0,0.0,,,,,,,,,,,3.828,3.826,3.831,,,,232.8,0.0,0.0,,,,,299.167,296.0,301.0,,,0.0,13393.0,13422.0,0.0,0.0,0.0,0.0,0.0,0.0,30.0,0.0,0.0,0.0,30.0,0.0,0.0,0.0,0.0,0.0,"solar2_v,lipo2_v"
2020-12-09T16:00:00Z,29.0,29.0,,,0.0,0.0,,,,,,,,,,,3.827,3.826,3.829,,,,232.897,0.0,0.0,,,,,294.483,291.0,296.0,,,0.0,13423.0,13451.0,0.0,0.0,0.0,0.0,0.0,0.0,29.0,0.0,0.0,0.0,29.0,0.0,0.0,0.0,0.0,0.0,"solar2_v,lipo2_v"
2020-12-09T17:00:00Z,30.0,30.0,,,0.0,0.0,,,,,,,,,,,3.826,3.824,3.828,,,,233.267,0.0,0.0,,,,,288.267,286.0,291.0,,,0.0,13452.0,13481.0,0.0,0.0,0.0,0.0,0.0,0.0,30.0,0.0,0.0,0.0,30.0,0.0,0.0,0.0,0.0,0.0,"solar2_v,lipo2_v"
2020-12-09T18:00:00Z,29.0,29.0,,,0.0,0.0,,,,,,,,,,,3.825,3.823,3.828,,,,233.69,0.0,0.0,,,,,284.621,281.0,287.0,,,0.0,13482.0,13510.0,0.0,0.0,0.0,0.0,0.0,0.0,29.0,0.0,0.0,0.0,29.0,0.0,0.0,0.0,0.0,0.0,"solar2_v,lipo2_v"
2020-12-09T19:00:00Z,30.0,30.0,,,0.0,0.0,,,,,,,,,,,3.824,3.823,3.826,,,,234.733,0.0,0.0,,,,,276.7,275.0,280.0,,,0.0,13511.0,13540.0,0.0,0.0,0.0,0.0,0.0,0.0,30.0,0.0,0.0,0.0,30.0,0.0,0.0,0.0,0.0,0.0,"solar2_v,lipo2_v"
2020-12-09T20:00:00Z,29.0,29.0,,,0.0,0.0,,,,,,,,,,,3.823,3.821,3.824,,,,234.621,0.0,0.0,,,,,274.103,274.0,275.0,,,0.0,13541.0,13569.0,0.0,0.0,0.0,0.0,0.0,0.0,29.0,0.0,0.0,0.0,29.0,0.0,0.0,0.0,0.0,0.0,"solar2_v,lipo2_v"
2020-12-09T21:00:00Z,30.0,30.0,,,0.0,0.0,,,,,,,,,,,3.822,3.821,3.824,,,,235.1,0.0,0.0,,,,,275.0,274.0,277.0,,,0.0,13570.0,13599.0,0.0,0.0,0.0,0.0,0.0,0.0,30.0,0.0,0.0,0.0,30.0,0.0,0.0,0.0,0.0,0.0,"solar2_v,lipo2_v"
2020-12-09T22:00:00Z,29.0,29.0,,,0.0,0.0,,,,,,,,,,,3.821,3.819,3.823,,,,234.759,0.0,0.0,,,,,276.345,275.0,277.0,,,0.0,13600.0,13628.0,0.0,0.0,0.0,0.0,0.0,0.0,29.0,0.0,0.0,0.0,29.0,0.0,0.0,0.0,0.0,0.0,"solar2_v,lipo2_v"
2020-12-09T23:00:00Z,30.0,30.0,,,0.0,0.0,,,,,,,,,,,3.822,3.821,3.824,,,,234.133,0.0,0.0,,,,,279.733,277.0,284.0,,,0.0,13629.0,13658.0,0.0,0.0,0.0,0.0,0.0,0.0,30.0,0.0,0.0,0.0,30.0,0.0,0.0,0.0,0.0,0.0,"solar2_v,lipo2_v"
2020-12-10T00:00:00Z,29.0,29.0,,,0.363,0.628,,,,,,,,,,,3.821,3.819,3.823,,,,233.552,0.0,0.0,,,,,287.586,283.0,292.0,,,0.0,13659.0,13687.0,0.0,20.0,0.0,0.0,0.0,0.0,29.0,0.0,0.0,0.0,29.0,0.0,0.0,0.0,0.0,0.0,"solar2_v,lipo2_v"
2020-12-10T01:00:00Z,30.0,30.0,,,0.721,1.195,,,,,,,,,,,3.821,3.819,3.823,,,,232.6,0.0,0.0,,,,,297.733,291.0,314.0,,,0.0,13688.0,13717.0,0.0,30.0,0.0,0.0,0.0,0.0,30.0,0.0,0.0,0.0,30.0,0.0,0.0,0.0,0.0,0.0,"solar2_v,lipo2_v"
2020-12-10T02:00:00Z,29.0,29.0,,,1.192,1.677,,,,,,,,,,,3.823,3.821,3.824,,,,228.069,0.0,0.0,,,,,337.379,316.0,352.0,,,0.0,13718.0,13746.0,0.0,29.0,0.0,0.0,0.0,0.0,29.0,0.0,0.0,0.0,29.0,0.0,0.0,0.0,0.0,0.0,"solar2_v,lipo2_v"
2020-12-10T03:00:00Z,29.0,29.0,,,1.271,1.554,,,,,,,,,,,3.822,3.821,3.824,,,,227.897,0.0,0.0,,,,,346.138,340.0,354.0,,,0.0,13747.0,13775.0,0.0,29.0,0.0,0.0,0.0,0.0,29.0,0.0,0.0,0.0,29.0,0.0,0.0,0.0,0.0,0.0,"solar2_v,lipo2_v"
2020-12-10T07:00:00Z,26.0,26.0,,,0.315,0.784,,,,,,,,,,,3.808,3.806,3.809,,,,233.654,0.0,0.0,,,,,285.0,276.0,313.0,,,0.0,13852.0,13877.0,0.0,13.0,0.0,0.0,0.0,0.0,26.0,0.0,0.0,0.0,26.0,0.0,0.0,0.0,0.0,0.0,"solar2_v,lipo2_v"
2020-12-10T08:00:00Z,30.0,30.0,,,0.583,0.682,,,,,,,,,,,3.807,3.806,3.809,,,,232.633,0.0,0.0,,,,,297.133,289.0,301.0,,,0.0,13878.0,13907.0,0.0,30.0,0.0,0.0,0.0,0.0,30.0,0.0,0.0,0.0,30.0,0.0,0.0,0.0,0.0,0.0,"solar2_v,lipo2_v"
2020-12-10T09:00:00Z,29.0,29.0,,,0.302,0.605,,,,,,,,,,,3.808,3.805,3.809,,,,231.931,0.0,0.0,,,,,301.621,300.0,303.0,,,0.0,13908.0,13936.0,0.0,19.0,0.0,0.0,0.0,0.0,29.0,0.0,0.0,0.0,29.0,0.0,0.0,0.0,0.0,0.0,"solar2_v,lipo2_v"
2020-12-10T10:00:00Z,30.0,30.0,,,0.0,0.0,,,,,,,,,,,3.806,3.805,3.808,,,,232.533,0.0,0.0,,,,,298.933,296.0,300.0,,,0.0,13937.0,13966.0,0.0,0.0,0.0,0.0,0.0,0.0,30.0,0.0,0.0,0.0,30.0,0.0,0.0,0.0,0.0,0.0,"solar2_v,lipo2_v"
2020-12-10T11:00:00Z,29.0,29.0,,,0.0,0.0,,,,,,,,,,,3.806,3.805,3.808,,,,232.448,0.0,0.0,,,,,300.621,299.0,302.0,,,0.0,13967.0,13995.0,0.0,0.0,0.0,0.0,0.0,0.0,29.0,0.0,0.0,0.0,29.0,0.0,0.0,0.0,0.0,0.0,"solar2_v,lipo2_v"
2020-12-10T12:00:00Z,30.0,30.0,,,0.0,0.0,,,,,,,,,,,3.806,3.805,3.808,,,,232.533,0.0,0.0,,,,,300.267,300.0,301.0,,,0.0,13996.0,14025.0,0.0,0.0,0.0,0.0,0.0,0.0,30.0,0.0,0.0,0.0,30.0,0.0,0.0,0.0,0.0,0.0,"solar2_v,lipo2_v"
2020-12-10T13:00:00Z,29.0,29.0,,,0.0,0.0,,,,,,,,,,,3.805,3.803,3.808,,,,232.069,0.0,0.0,,,,,301.034,301.0,302.0,,,0.0,14026.0,14054.0,0.0,0.0,0.0,0.0,0.0,0.0,29.0,0.0,0.0,0.0,29.0,0.0,0.0,0.0,0.0,0.0,"solar2_v,lipo2_v"
2020-12-10T14:00:00Z,30.0,30.0,,,0.0,0.0,,,,,,,,,,,3.805,3.803,3.806,,,,232.733,0.0,0.0,,,,,298.967,296.0,301.0,,,0.0,14055.0,14084.0,0.0,0.0,0.0,0.0,0.0,0.0,30.0,0.0,0.0,0.0,30.0,0.0,0.0,0.0,0.0,0.0,"solar2_v,lipo2_v"
2020-12-10T15:00:00Z,29.0,29.0,,,0.0,0.0,,,,,,,,,,,3.804,3.801,3.806,,,,232.586,0.0,0.0,,,,,298.655,287.0,301.0,,,0.0,14085.0,14113.0,0.0,0.0,0.0,0.0,0.0,0.0,29.0,0.0,0.0,0.0,29.0,0.0,0.0,0.0,0.0,0.0,"solar2_v,lipo2_v"
2020-12-10T16:00:00Z,30.0,30.0,,,0.0,0.0,,,,,,,,,,,3.803,3.8,3.805,,,,234.233,0.0,0.0,,,,,278.433,275.0,286.0,,,0.0,14114.0,14143.0,0.0,0.0,0.0,0.0,0.0,0.0,30.0,0.0,0.0,0.0,30.0,0.0,0.0,0.0,0.0,0.0,"solar2_v,lipo2_v"
2020-12-10T17:00:00Z,28.0,28.0,,,0.0,0.0,,,,,,,,,,,3.803,3.801,3.805,,,,234.107,0.0,0.0,,,,,278.5,277.0,281.0,,,0.0,14144.0,14172.0,0.0,0.0,0.0,0.0,0.0,0.0,28.0,0.0,0.0,0.0,28.0,0.0,0.0,0.0,0.0,0.0,"solar2_v,lipo2_v"
2020-12-10T18:00:00Z,29.0,29.0,,,0.0,0.0,,,,,,,,,,,3.801,3.8,3.803,,,,234.448,0.0,0.0,,,,,279.897,277.0,281.0,,,0.0,14173.0,14201.0,0.0,0.0,0.0,0.0,0.0,0.0,29.0,0.0,0.0,0.0,29.0,0.0,0.0,0.0,0.0,0.0,"solar2_v,lipo2_v"
2020-12-10T19:00:00Z,30.0,30.0,,,0.0,0.0,,,,,,,,,,,3.801,3.8,3.803,,,,233.967,0.0,0.0,,,,,280.4,280.0,281.0,,,0.0,14202.0,14231.0,0.0,0.0,0.0,0.0,0.0,0.0,30.0,0.0,0.0,0.0,30.0,0.0,0.0,0.0,0.0,0.0,"solar2_v,lipo2_v"
2020-12-10T20:00:00Z,29.0,29.0,,,0.0,0.0,,,,,,,,,,,3.8,3.798,3.801,,,,233.966,0.0,0.0,,,,,281.655,281.0,284.0,,,0.0,14232.0,14260.0,0.0,0.0,0.0,0.0,0.0,0.0,29.0,0.0,0.0,0.0,29.0,0.0,0.0,0.0,0.0,0.0,"solar2_v,lipo2_v"
2020-12-10T21:00:00Z,30.0,30.0,,,0.0,0.0,,,,,,,,,,,3.799,3.798,3.801,,,,233.733,0.0,0.0,,,,,280.933,280.0,281.0,,,0.0,14261.0,14290.0,0.0,0.0,0.0,0.0,0.0,0.0,30.0,0.0,0.0,0.0,30.0,0.0,0.0,0.0,0.0,0.0,"solar2_v,lipo2_v"
2020-12-10T22:00:00Z,29.0,29.0,,,0.0,0.0,,,,,,,,,,,3.798,3.796,3.8,,,,234.276,0.0,0.0,,,,,279.966,278.0,281.0,,,0.0,14291.0,14319.0,0.0,0.0,0.0,0.0,0.0,0.0,29.0,0.0,0.0,0.0,29.0,0.0,0.0,0.0,0.0,0.0,"solar2_v,lipo2_v"
2020-12-10T23:00:00Z,30.0,30.0,,,0.0,0.0,,,,,,,,,,,3.797,3.795,3.8,,,,233.967,0.0,0.0,,,,,281.567,280.0,283.0,,,0.0,14320.0,14349.0,0.0,0.0,0.0,0.0,0.0,0.0,30.0,0.0,0.0,0.0,30.0,0.0,0.0,0.0,0.0,0.0,"solar2_v,lipo2_v"
2020-12-11T00:00:00Z,29.0,29.0,,,0.454,0.918,,,,,,,,,,,3.797,3.795,3.798,,,,233.345,0.0,0.0,,,,,290.207,284.0,300.0,,,0.0,14350.0,14378.0,0.0,21.0,0.0,0.0,0.0,0.0,29.0,0.0,0.0,0.0,29.0,0.0,0.0,0.0,0.0,0.0,"solar2_v,lipo2_v"
2020-12-11T01:00:00Z,30.0,30.0,,,0.615,1.023,,,,,,,,,,,3.796,3.795,3.8,,,,232.067,0.0,0.0,,,,,301.233,300.0,306.0,,,0.0,14379.0,14408.0,0.0,30.0,0.0,0.0,0.0,0.0,30.0,0.0,0.0,0.0,30.0,0.0,0.0,0.0,0.0,0.0,"solar2_v,lipo2_v"
2020-12-11T02:00:00Z,29.0,29.0,,,1.093,1.307,,,,,,,,,,,3.796,3.795,3.798,,,,229.862,0.0,0.0,,,,,319.931,308.0,326.0,,,0.0,14409.0,14437.0,0.0,29.0,0.0,0.0,0.0,0.0,29.0,0.0,0.0,0.0,29.0,0.0,0.0,0.0,0.0,0.0,"solar2_v,lipo2_v"
2020-12-11T03:00:00Z,30.0,30.0,,,1.128,1.572,,,,,,,,,,,3.796,3.793,3.798,,,,229.1,0.0,0.0,,,,,327.367,325.0,332.0,,,0.0,14438.0,14467.0,0.0,30.0,0.0,0.0,0.0,0.0,30.0,0.0,0.0,0.0,30.0,0.0,0.0,0.0,0.0,0.0,"solar2_v,lipo2_v"
2020-12-11T04:00:00Z,29.0,29.0,,,1.354,1.627,,,,,,,,,,,3.796,3.795,3.798,,,,228.379,0.0,0.0,,,,,340.31,330.0,344.0,,,0.0,14468.0,14496.0,0.0,29.0,0.0,0.0,0.0,0.0,29.0,0.0,0.0,0.0,29.0,0.0,0.0,0.0,0.0,0.0,"solar2_v,lipo2_v"
2020-12-11T05:00:00Z,30.0,30.0,,,1.259,1.499,,,,,,,,,,,3.796,3.795,3.798,,,,227.9,0.0,0.0,,,,,346.467,343.0,352.0,,,0.0,14497.0,14526.0,0.0,30.0,0.0,0.0,0.0,0.0,30.0,0.0,0.0,0.0,30.0,0.0,0.0,0.0,0.0,0.0,"solar2_v,lipo2_v"
2020-12-11T06:00:00Z,29.0,29.0,,,1.015,1.567,,,,,,,,,,,3.795,3.793,3.796,,,,227.207,0.0,0.0,,,,,352.172,341.0,355.0,,,0.0,14527.0,14555.0,0.0,28.0,0.0,0.0,0.0,0.0,29.0,0.0,0.0,0.0,29.0,0.0,0.0,0.0,0.0,0.0,"solar2_v,lipo2_v"
2020-12-11T07:00:00Z,30.0,30.0,,,0.0,0.0,,,,,,,,,,,3.794,3.791,3.795,,,,229.267,0.0,0.0,,,,,324.933,316.0,340.0,,,0.0,14556.0,14585.0,0.0,0.0,0.0,0.0,0.0,0.0,30.0,0.0,0.0,0.0,30.0,0.0,0.0,0.0,0.0,0.0,"solar2_v,lipo2_v"
2020-12-11T08:00:00Z,29.0,29.0,,,0.365,0.551,,,,,,,,,,,3.793,3.791,3.795,,,,230.966,0.0,0.0,,,,,312.517,311.0,316.0,,,0.0,14586.0,14614.0,0.0,23.0,0.0,0.0,0.0,0.0,29.0,0.0,0.0,0.0,29.0,0.0,0.0,0.0,0.0,0.0,"solar2_v,lipo2_v"
2020-12-11T09:00:00Z,29.0,29.0,,,0.267,0.549,,,,,,,,,,,3.791,3.791,3.793,,,,230.586,0.0,0.0,,,,,313.69,313.0,314.0,,,0.0,14615.0,14643.0,0.0,16.0,0.0,0.0,0.0,0.0,29.0,0.0,0.0,0.0,29.0,0.0,0.0,0.0,0.0,0.0,"solar2_v,lipo2_v"
2020-12-11T10:00:00Z,30.0,30.0,,,0.0,0.0,,,,,,,,,,,3.791,3.79,3.793,,,,231.733,0.0,0.0,,,,,304.467,301.0,313.0,,,0.0,14644.0,14673.0,0.0,0.0,0.0,0.0,0.0,0.0,30.0,0.0,0.0,0.0,30.0,0.0,0.0,0.0,0.0,0.0,"solar2_v,lipo2_v"
2020-12-11T11:00:00Z,29.0,29.0,,,0.0,0.0,,,,,,,,,,,3.79,3.79,3.791,,,,232.483,0.0,0.0,,,,,300.345,298.0,301.0,,,0.0,14674.0,14702.0,0.0,0.0,0.0,0.0,0.0,0.0,29.0,0.0,0.0,0.0,29.0,0.0,0.0,0.0,0.0,0.0,"solar2_v,lipo2_v"
2020-12-11T12:00:00Z,30.0,30.0,,,0.0,0.0,,,,,,,,,,,3.79,3.788,3.79,,,,233.067,0.0,0.0,,,,,297.667,296.0,299.0,,,0.0,14703.0,14732.0,0.0,0.0,0.0,0.0,0.0,0.0,30.0,0.0,0.0,0.0,30.0,0.0,0.0,0.0,0.0,0.0,"solar2_v,lipo2_v"
2020-12-11T13:00:00Z,26.0,26.0,,,0.0,0.0,,,,,,,,,,,3.788,3.786,3.79,,,,232.808,0.0,0.0,,,,,298.308,296.0,300.0,,,0.0,14733.0,14761.0,0.0,0.0,0.0,0.0,0.0,0.0,26.0,0.0,0.0,0.0,26.0,0.0,0.0,0.0,0.0,0.0,"solar2_v,lipo2_v"
2020-12-11T14:00:00Z,30.0,30.0,,,0.0,0.0,,,,,,,,,,,3.787,3.785,3.79,,,,232.733,0.0,0.0,,,,,299.967,296.0,301.0,,,0.0,14762.0,14791.0,0.0,0.0,0.0,0.0,0.0,0.0,30.0,0.0,0.0,0.0,30.0,0.0,0.0,0.0,0.0,0.0,"solar2_v,lipo2_v"
2020-12-11T15:00:00Z,29.0,29.0,,,0.0,0.0,,,,,,,,,,,3.786,3.785,3.788,,,,232.517,0.0,0.0,,,,,300.517,300.0,301.0,,,0.0,14792.0,14820.0,0.0,0.0,0.0,0.0,0.0,0.0,29.0,0.0,0.0,0.0,29.0,0.0,0.0,0.0,0.0,0.0,"solar2_v,lipo2_v"
2020-12-11T16:00:00Z,29.0,29.0,,,0.0,0.0,,,,,,,,,,,3.785,3.781,3.788,,,,232.586,0.0,0.0,,,,,298.621,294.0,301.0,,,0.0,14821.0,14849.0,0.0,0.0,0.0,0.0,0.0,0.0,29.0,0.0,0.0,0.0,29.0,0.0,0.0,0.0,0.0,0.0,"solar2_v,lipo2_v"
2020-12-11T17:00:00Z,30.0,30.0,,,0.0,0.0,,,,,,,,,,,3.784,3.781,3.786,,,,232.6,0.0,0.0,,,,,298.133,296.0,300.0,,,0.0,14850.0,14879.0,0.0,0.0,0.0,0.0,0.0,0.0,30.0,0.0,0.0,0.0,30.0,0.0,0.0,0.0,0.0,0.0,"solar2_v,lipo2_v"
2020-12-11T18:00:00Z,29.0,29.0,,,0.0,0.0,,,,,,,,,,,3.784,3.781,3.785,,,,232.966,0.0,0.0,,,,,292.276,291.0,296.0,,,0.0,14880.0,14908.0,0.0,0.0,0.0,0.0,0.0,0.0,29.0,0.0,0.0,0.0,29.0,0.0,0.0,0.0,0.0,0.0,"solar2_v,lipo2_v"
2020-12-11T19:00:00Z,30.0,30.0,,,0.0,0.0,,,,,,,,,,,3.781,3.78,3.783,,,,233.333,0.0,0.0,,,,,291.833,290.0,295.0,,,0.0,14909.0,14938.0,0.0,0.0,0.0,0.0,0.0,0.0,30.0,0.0,0.0,0.0,30.0,0.0,0.0,0.0,0.0,0.0,"solar2_v,lipo2_v"
2020-12-11T20:00:00Z,29.0,29.0,,,0.0,0.0,,,,,,,,,,,3.78,3.778,3.783,,,,233.207,0.0,0.0,,,,,294.931,293.0,296.0,,,0.0,14939.0,14967.0,0.0,0.0,0.0,0.0,0.0,0.0,29.0,0.0,0.0,0.0,29.0,0.0,0.0,0.0,0.0,0.0,"solar2_v,lipo2_v"
2020-12-11T21:00:00Z,30.0,30.0,,,0.0,0.0,,,,,,,,,,,3.777,3.775,3.78,,,,233.1,0.0,0.0,,,,,294.667,292.0,296.0,,,0.0,14968.0,14997.0,0.0,0.0,0.0,0.0,0.0,0.0,30.0,0.0,0.0,0.0,30.0,0.0,0.0,0.0,0.0,0.0,"solar2_v,lipo2_v"
2020-12-11T22:00:00Z,29.0,29.0,,,0.0,0.0,,,,,,,,,,,3.776,3.775,3.78,,,,233.138,0.0,0.0,,,,,292.034,291.0,294.0,,,0.0,14998.0,15026.0,0.0,0.0,0.0,0.0,0.0,0.0,29.0,0.0,0.0,0.0,29.0,0.0,0.0,0.0,0.0,0.0,"solar2_v,lipo2_v"
2020-12-11T23:00:00Z,30.0,30.0,,,0.0,0.0,,,,,,,,,,,3.775,3.773,3.776,,,,232.9,0.0,0.0,,,,,295.3,291.0,300.0,,,0.0,15027.0,15056.0,0.0,0.0,0.0,0.0,0.0,0.0,30.0,0.0,0.0,0.0,30.0,0.0,0.0,0.0,0.0,0.0,"solar2_v,lipo2_v"
2020-12-12T00:00:00Z,29.0,29.0,,,0.5,0.8,,,,,,,,,,,3.773,3.772,3.775,,,,232.0,0.0,0.0,,,,,304.724,300.0,313.0,,,0.0,15057.0,15085.0,0.0,28.0,0.0,0.0,0.0,0.0,29.0,0.0,0.0,0.0,29.0,0.0,0.0,0.0,0.0,0.0,"solar2_v,lipo2_v"
2020-12-12T01:00:00Z,30.0,30.0,,,0.611,0.98,,,,,,,,,,,3.772,3.77,3.773,,,,231.167,0.0,0.0,,,,,312.4,311.0,314.0,,,0.0,15086.0,15115.0,0.0,30.0,0.0,0.0,0.0,0.0,30.0,0.0,0.0,0.0,30.0,0.0,0.0,0.0,0.0,0.0,"solar2_v,lipo2_v"
2020-12-12T02:00:00Z,29.0,29.0,,,1.039,1.23,,,,,,,,,,,3.77,3.768,3.772,,,,228.621,0.0,0.0,,,,,335.138,316.0,347.0,,,0.0,15116.0,15144.0,0.0,29.0,0.0,0.0,0.0,0.0,29.0,0.0,0.0,0.0,29.0,0.0,0.0,0.0,0.0,0.0,"solar2_v,lipo2_v"
2020-12-12T03:00:00Z,30.0,30.0,,,1.066,1.369,,,,,,,,,,,3.77,3.768,3.772,,,,227.4,0.0,0.0,,,,,353.767,344.0,365.0,,,0.0,15145.0,15174.0,0.0,30.0,0.0,0.0,0.0,0.0,30.0,0.0,0.0,0.0,30.0,0.0,0.0,0.0,0.0,0.0,"solar2_v,lipo2_v"
2020-12-12T04:00:00Z,29.0,29.0,,,1.169,1.572,,,,,,,,,,,3.768,3.767,3.77,,,,226.552,0.0,0.0,,,,,364.034,354.0,369.0,,,0.0,15175.0,15203.0,0.0,29.0,0.0,0.0,0.0,0.0,29.0,0.0,0.0,0.0,29.0,0.0,0.0,0.0,0.0,0.0,"solar2_v,lipo2_v"
2020-12-12T05:00:00Z,30.0,30.0,,,0.709,1.228,,,,,,,,,,,3.768,3.765,3.77,,,,227.167,0.0,0.0,,,,,357.833,341.0,370.0,,,0.0,15204.0,15233.0,0.0,25.0,0.0,0.0,0.0,0.0,30.0,0.0,0.0,0.0,30.0,0.0,0.0,0.0,0.0,0.0,"solar2_v,lipo2_v"
2020-12-12T06:00:00Z,29.0,29.0,,,0.762,0.943,,,,,,,,,,,3.766,3.765,3.768,,,,227.793,0.0,0.0,,,,,344.621,340.0,353.0,,,0.0,15234.0,15262.0,0.0,29.0,0.0,0.0,0.0,0.0,29.0,0.0,0.0,0.0,29.0,0.0,0.0,0.0,0.0,0.0,"solar2_v,lipo2_v"
2020-12-12T07:00:00Z,30.0,30.0,,,1.007,1.308,,,,,,,,,,,3.765,3.765,3.765,,,,228.033,0.0,0.0,,,,,347.567,340.0,354.0,,,0.0,15263.0,15292.0,0.0,30.0,0.0,0.0,0.0,0.0,30.0,0.0,0.0,0.0,30.0,0.0,0.0,0.0,0.0,0.0,"solar2_v,lipo2_v"
2020-12-12T08:00:00Z,29.0,29.0,,,0.696,0.872,,,,,,,,,,,3.764,3.763,3.765,,,,227.759,0.0,0.0,,,,,345.276,335.0,353.0,,,0.0,15293.0,15321.0,0.0,29.0,0.0,0.0,0.0,0.0,29.0,0.0,0.0,0.0,29.0,0.0,0.0,0.0,0.0,0.0,"solar2_v,lipo2_v"
2020-12-12T09:00:00Z,29.0,29.0,,,0.35,0.556,,,,,,,,,,,3.763,3.762,3.765,,,,228.483,0.0,0.0,,,,,328.897,325.0,335.0,,,0.0,15322.0,15350.0,0.0,23.0,0.0,0.0,0.0,0.0,29.0,0.0,0.0,0.0,29.0,0.0,0.0,0.0,0.0,0.0,"solar2_v,lipo2_v"
2020-12-12T10:00:00Z,30.0,30.0,,,0.0,0.0,,,,,,,,,,,3.763,3.762,3.763,,,,230.233,0.0,0.0,,,,,316.567,313.0,325.0,,,0.0,15351.0,15380.0,0.0,0.0,0.0,0.0,0.0,0.0,30.0,0.0,0.0,0.0,30.0,0.0,0.0,0.0,0.0,0.0,"solar2_v,lipo2_v"
2020-12-12T11:00:00Z,29.0,29.0,,,0.0,0.0,,,,,,,,,,,3.762,3.76,3.763,,,,231.241,0.0,0.0,,,,,308.828,306.0,313.0,,,0.0,15381.0,15409.0,0.0,0.0,0.0,0.0,0.0,0.0,29.0,0.0,0.0,0.0,29.0,0.0,0.0,0.0,0.0,0.0,"solar2_v,lipo2_v"
2020-12-12T12:00:00Z,30.0,30.0,,,0.0,0.0,,,,,,,,,,,3.761,3.758,3.762,,,,231.333,0.0,0.0,,,,,306.267,304.0,309.0,,,0.0,15410.0,15439.0,0.0,0.0,0.0,0.0,0.0,0.0,30.0,0.0,0.0,0.0,30.0,0.0,0.0,0.0,0.0,0.0,"solar2_v,lipo2_v"
2020-12-12T13:00:00Z,28.0,28.0,,,0.0,0.0,,,,,,,,,,,3.759,3.757,3.762,,,,231.679,0.0,0.0,,,,,303.643,301.0,306.0,,,0.0,15440.0,15468.0,0.0,0.0,0.0,0.0,0.0,0.0,28.0,0.0,0.0,0.0,28.0,0.0,0.0,0.0,0.0,0.0,"solar2_v,lipo2_v"
2020-12-12T14:00:00Z,30.0,30.0,,,0.0,0.0,,,,,,,,,,,3.757,3.755,3.758,,,,232.2,0.0,0.0,,,,,300.733,300.0,301.0,,,0.0,15469.0,15498.0,0.0,0.0,0.0,0.0,0.0,0.0,30.0,0.0,0.0,0.0,30.0,0.0,0.0,0.0,0.0,0.0,"solar2_v,lipo2_v"
2020-12-12T15:00:00Z,29.0,29.0,,,0.0,0.0,,,,,,,,,,,3.755,3.753,3.757,,,,232.31,0.0,0.0,,,,,300.31,299.0,301.0,,,0.0,15499.0,15527.0,0.0,0.0,0.0,0.0,0.0,0.0,29.0,0.0,0.0,0.0,29.0,0.0,0.0,0.0,0.0,0.0,"solar2_v,lipo2_v"
2020-12-12T16:00:00Z,30.0,30.0,,,0.0,0.0,,,,,,,,,,,3.753,3.75,3.755,,,,232.033,0.0,0.0,,,,,300.633,300.0,302.0,,,0.0,15528.0,15557.0,0.0,0.0,0.0,0.0,0.0,0.0,30.0,0.0,0.0,0.0,30.0,0.0,0.0,0.0,0.0,0.0,"solar2_v,lipo2_v"
2020-12-12T17:00:00Z,29.0,29.0,,,0.0,0.0,,,,,,,,,,,3.751,3.748,3.753,,,,232.724,0.0,0.0,,,,,295.379,292.0,300.0,,,0.0,15558.0,15586.0,0.0,0.0,0.0,0.0,0.0,0.0,29.0,0.0,0.0,0.0,29.0,0.0,0.0,0.0,0.0,0.0,"solar2_v,lipo2_v"
2020-12-12T18:00:00Z,30.0,30.0,,,0.0,0.0,,,,,,,,,,,3.749,3.748,3.75,,,,233.0,0.0,0.0,,,,,291.933,291.0,293.0,,,0.0,15587.0,15616.0,0.0,0.0,0.0,0.0,0.0,0.0,30.0,0.0,0.0,0.0,30.0,0.0,0.0,0.0,0.0,0.0,"solar2_v,lipo2_v"
2020-12-12T19:00:00Z,29.0,29.0,,,0.0,0.0,,,,,,,,,,,3.748,3.745,3.75,,,,233.069,0.0,0.0,,,,,290.931,290.0,292.0,,,0.0,15617.0,15645.0,0.0,0.0,0.0,0.0,0.0,0.0,29.0,0.0,0.0,0.0,29.0,0.0,0.0,0.0,0.0,0.0,"solar2_v,lipo2_v"
2020-12-12T20:00:00Z,30.0,30.0,,,0.0,0.0,,,,,,,,,,,3.745,3.742,3.748,,,,232.967,0.0,0.0,,,,,288.3,286.0,291.0,,,0.0,15646.0,15675.0,0.0,0.0,0.0,0.0,0.0,0.0,30.0,0.0,0.0,0.0,30.0,0.0,0.0,0.0,0.0,0.0,"solar2_v,lipo2_v"
2020-12-12T21:00:00Z,29.0,29.0,,,0.0,0.0,,,,,,,,,,,3.744,3.742,3.747,,,,233.276,0.0,0.0,,,,,286.0,286.0,286.0,,,0.0,15676.0,15704.0,0.0,0.0,0.0,0.0,0.0,0.0,29.0,0.0,0.0,0.0,29.0,0.0,0.0,0.0,0.0,0.0,"solar2_v,lipo2_v"
2020-12-12T22:00:00Z,29.0,29.0,,,0.0,0.0,,,,,,,,,,,3.742,3.74,3.745,,,,233.31,0.0,0.0,,,,,286.345,286.0,287.0,,,0.0,15705.0,15733.0,0.0,0.0,0.0,0.0,0.0,0.0,29.0,0.0,0.0,0.0,29.0,0.0,0.0,0.0,0.0,0.0,"solar2_v,lipo2_v"
2020-12-12T23:00:00Z,30.0,30.0,,,0.0,0.0,,,,,,,,,,,3.74,3.737,3.742,,,,232.933,0.0,0.0,,,,,289.067,287.0,293.0,,,0.0,15734.0,15763.0,0.0,0.0,0.0,0.0,0.0,0.0,30.0,0.0,0.0,0.0,30.0,0.0,0.0,0.0,0.0,0.0,"solar2_v,lipo2_v"
2020-12-13T00:00:00Z,29.0,29.0,,,0.467,0.931,,,,,,,,,,,3.738,3.737,3.74,,,,231.966,0.0,0.0,,,,,298.897,292.0,306.0,,,0.0,15764.0,15792.0,0.0,23.0,0.0,0.0,0.0,0.0,29.0,0.0,0.0,0.0,29.0,0.0,0.0,0.0,0.0,0.0,"solar2_v,lipo2_v"
2020-12-13T01:00:00Z,30.0,30.0,,,0.806,1.077,,,,,,,,,,,3.737,3.735,3.74,,,,230.367,0.0,0.0,,,,,312.467,306.0,324.0,,,0.0,15793.0,15822.0,0.0,30.0,0.0,0.0,0.0,0.0,30.0,0.0,0.0,0.0,30.0,0.0,0.0,0.0,0.0,0.0,"solar2_v,lipo2_v"
2020-12-13T02:00:00Z,29.0,29.0,,,0.543,0.79,,,,,,,,,,,3.735,3.734,3.737,,,,229.862,0.0,0.0,,,,,316.069,314.0,322.0,,,0.0,15823.0,15851.0,0.0,29.0,0.0,0.0,0.0,0.0,29.0,0.0,0.0,0.0,29.0,0.0,0.0,0.0,0.0,0.0,"solar2_v,lipo2_v"
2020-12-13T03:00:00Z,30.0,30.0,,,1.074,1.6,,,,,,,,,,,3.734,3.732,3.735,,,,228.067,0.0,0.0,,,,,337.133,317.0,354.0,,,0.0,15852.0,15881.0,0.0,30.0,0.0,0.0,0.0,0.0,30.0,0.0,0.0,0.0,30.0,0.0,0.0,0.0,0.0,0.0,"solar2_v,lipo2_v"
2020-12-13T04:00:00Z,29.0,29.0,,,1.152,1.651,,,,,,,,,,,3.733,3.732,3.734,,,,226.793,0.0,0.0,,,,,357.621,353.0,365.0,,,0.0,15882.0,15910.0,0.0,29.0,0.0,0.0,0.0,0.0,29.0,0.0,0.0,0.0,29.0,0.0,0.0,0.0,0.0,0.0,"solar2_v,lipo2_v"
2020-12-13T05:00:00Z,29.0,29.0,,,0.792,1.292,,,,,,,,,,,3.73,3.727,3.732,,,,228.103,0.0,0.0,,,,,338.931,327.0,352.0,,,0.0,15911.0,15939.0,0.0,29.0,0.0,0.0,0.0,0.0,29.0,0.0,0.0,0.0,29.0,0.0,0.0,0.0,0.0,0.0,"solar2_v,lipo2_v"
2020-12-13T06:00:00Z,30.0,30.0,,,0.405,1.336,,,,,,,,,,,3.729,3.725,3.73,,,,228.267,0.0,0.0,,,,,334.133,325.0,343.0,,,0.0,15940.0,15969.0,0.0,17.0,0.0,0.0,0.0,0.0,30.0,0.0,0.0,0.0,30.0,0.0,0.0,0.0,0.0,0.0,"solar2_v,lipo2_v"
2020-12-13T07:00:00Z,29.0,29.0,,,0.445,0.633,,,,,,,,,,,3.727,3.724,3.729,,,,229.172,0.0,0.0,,,,,323.828,321.0,326.0,,,0.0,15970.0,15998.0,0.0,24.0,0.0,0.0,0.0,0.0,29.0,0.0,0.0,0.0,29.0,0.0,0.0,0.0,0.0,0.0,"solar2_v,lipo2_v"
2020-12-13T08:00:00Z,30.0,30.0,,,0.666,0.692,,,,,,,,,,,3.723,3.72,3.725,,,,229.2,0.0,0.0,,,,,325.0,322.0,327.0,,,0.0,15999.0,16028.0,0.0,30.0,0.0,0.0,0.0,0.0,30.0,0.0,0.0,0.0,30.0,0.0,0.0,0.0,0.0,0.0,"solar2_v,lipo2_v"
2020-12-13T09:00:00Z,29.0,29.0,,,0.285,0.634,,,,,,,,,,,3.721,3.719,3.724,,,,229.586,0.0,0.0,,,,,322.69,314.0,327.0,,,0.0,16029.0,16057.0,0.0,18.0,0.0,0.0,0.0,0.0,29.0,0.0,0.0,0.0,29.0,0.0,0.0,0.0,0.0,0.0,"solar2_v,lipo2_v"
2020-12-13T10:00:00Z,30.0,30.0,,,0.0,0.0,,,,,,,,,,,3.719,3.717,3.72,,,,230.5,0.0,0.0,,,,,311.033,306.0,314.0,,,0.0,16058.0,16087.0,0.0,0.0,0.0,0.0,0.0,0.0,30.0,0.0,0.0,0.0,30.0,0.0,0.0,0.0,0.0,0.0,"solar2_v,lipo2_v"
2020-12-13T11:00:00Z,29.0,29.0,,,0.0,0.0,,,,,,,,,,,3.716,3.715,3.719,,,,231.655,0.0,0.0,,,,,301.793,301.0,305.0,,,0.0,16088.0,16116.0,0.0,0.0,0.0,0.0,0.0,0.0,29.0,0.0,0.0,0.0,29.0,0.0,0.0,0.0,0.0,0.0,"solar2_v,lipo2_v"
2020-12-13T12:00:00Z,30.0,30.0,,,0.0,0.0,,,,,,,,,,,3.715,3.714,3.717,,,,232.067,0.0,0.0,,,,,299.967,299.0,301.0,,,0.0,16117.0,16146.0,0.0,0.0,0.0,0.0,0.0,0.0,30.0,0.0,0.0,0.0,30.0,0.0,0.0,0.0,0.0,0.0,"solar2_v,lipo2_v"
2020-12-13T13:00:00Z,29.0,29.0,,,0.0,0.0,,,,,,,,,,,3.714,3.712,3.714,,,,232.138,0.0,0.0,,,,,298.69,297.0,300.0,,,0.0,16147.0,16175.0,0.0,0.0,0.0,0.0,0.0,0.0,29.0,0.0,0.0,0.0,29.0,0.0,0.0,0.0,0.0,0.0,"solar2_v,lipo2_v"
2020-12-13T14:00:00Z,30.0,30.0,,,0.0,0.0,,,,,,,,,,,3.712,3.71,3.714,,,,232.233,0.0,0.0,,,,,300.4,300.0,301.0,,,0.0,16176.0,16205.0,0.0,0.0,0.0,0.0,0.0,0.0,30.0,0.0,0.0,0.0,30.0,0.0,0.0,0.0,0.0,0.0,"solar2_v,lipo2_v"
2020-12-13T15:00:00Z,29.0,29.0,,,0.0,0.0,,,,,,,,,,,3.711,3.71,3.712,,,,232.241,0.0,0.0,,,,,298.345,294.0,301.0,,,0.0,16206.0,16234.0,0.0,0.0,0.0,0.0,0.0,0.0,29.0,0.0,0.0,0.0,29.0,0.0,0.0,0.0,0.0,0.0,"solar2_v,lipo2_v"
2020-12-13T16:00:00Z,29.0,29.0,,,0.0,0.0,,,,,,,,,,,3.71,3.709,3.712,,,,232.138,0.0,0.0,,,,,296.862,295.0,299.0,,,0.0,16235.0,16263.0,0.0,0.0,0.0,0.0,0.0,0.0,29.0,0.0,0.0,0.0,29.0,0.0,0.0,0.0,0.0,0.0,"solar2_v,lipo2_v"
2020-12-13T17:00:00Z,29.0,29.0,,,0.0,0.0,,,,,,,,,,,3.709,3.707,3.71,,,,232.724,0.0,0.0,,,,,295.897,295.0,297.0,,,0.0,16264.0,16293.0,0.0,0.0,0.0,0.0,0.0,0.0,29.0,0.0,0.0,0.0,29.0,0.0,0.0,0.0,0.0,0.0,"solar2_v,lipo2_v"
2020-12-13T18:00:00Z,29.0,29.0,,,0.0,0.0,,,,,,,,,,,3.707,3.704,3.707,,,,232.517,0.0,0.0,,,,,294.31,290.0,297.0,,,0.0,16294.0,16322.0,0.0,0.0,0.0,0.0,0.0,0.0,29.0,0.0,0.0,0.0,29.0,0.0,0.0,0.0,0.0,0.0,"solar2_v,lipo2_v"
2020-12-13T19:00:00Z,30.0,30.0,,,0.0,0.0,,,,,,,,,,,3.705,3.702,3.707,,,,233.333,0.0,0.0,,,,,288.167,286.0,291.0,,,0.0,16323.0,16352.0,0.0,0.0,0.0,0.0,0.0,0.0,30.0,0.0,0.0,0.0,30.0,0.0,0.0,0.0,0.0,0.0,"solar2_v,lipo2_v"
2020-12-13T20:00:00Z,29.0,29.0,,,0.0,0.0,,,,,,,,,,,3.703,3.699,3.706,,,,233.069,0.0,0.0,,,,,288.103,287.0,290.0,,,0.0,16353.0,16381.0,0.0,0.0,0.0,0.0,0.0,0.0,29.0,0.0,0.0,0.0,29.0,0.0,0.0,0.0,0.0,0.0,"solar2_v,lipo2_v"
2020-12-13T21:00:00Z,29.0,29.0,,,0.0,0.0,,,,,,,,,,,3.701,3.699,3.704,,,,233.69,0.0,0.0,,,,,284.345,282.0,286.0,,,0.0,16382.0,16410.0,0.0,0.0,0.0,0.0,0.0,0.0,29.0,0.0,0.0,0.0,29.0,0.0,0.0,0.0,0.0,0.0,"solar2_v,lipo2_v"
2020-12-13T22:00:00Z,30.0,30.0,,,0.0,0.0,,,,,,,,,,,3.699,3.694,3.701,,,,233.367,0.0,0.0,,,,,285.467,284.0,286.0,,,0.0,16411.0,16440.0,0.0,0.0,0.0,0.0,0.0,0.0,30.0,0.0,0.0,0.0,30.0,0.0,0.0,0.0,0.0,0.0,"solar2_v,lipo2_v"
2020-12-13T23:00:00Z,29.0,29.0,,,0.0,0.0,,,,,,,,,,,3.694,3.691,3.697,,,,233.517,0.0,0.0,,,,,285.655,285.0,287.0,,,0.0,16441.0,16469.0,0.0,0.0,0.0,0.0,0.0,0.0,29.0,0.0,0.0,0.0,29.0,0.0,0.0,0.0,0.0,0.0,"solar2_v,lipo2_v"
2020-12-14T00:00:00Z,30.0,30.0,,,0.302,0.472,,,,,,,,,,,3.689,3.684,3.694,,,,232.933,0.0,0.0,,,,,292.567,287.0,301.0,,,0.0,16470.0,16499.0,0.0,22.0,0.0,0.0,0.0,0.0,30.0,0.0,0.0,0.0,30.0,0.0,0.0,0.0,0.0,0.0,"solar2_v,lipo2_v"
2020-12-14T01:00:00Z,29.0,29.0,,,0.607,0.738,,,,,,,,,,,3.685,3.682,3.689,,,,230.966,0.0,0.0,,,,,309.345,301.0,323.0,,,0.0,16500.0,16528.0,0.0,29.0,0.0,0.0,0.0,0.0,29.0,0.0,0.0,0.0,29.0,0.0,0.0,0.0,0.0,0.0,"solar2_v,lipo2_v"
2020-12-14T02:00:00Z,30.0,30.0,,,0.917,1.112,,,,,,,,,,,3.684,3.681,3.687,,,,227.5,0.0,0.0,,,,,343.1,325.0,354.0,,,0.0,16529.0,16558.0,0.0,30.0,0.0,0.0,0.0,0.0,30.0,0.0,0.0,0.0,30.0,0.0,0.0,0.0,0.0,0.0,"solar2_v,lipo2_v"
2020-12-14T03:00:00Z,29.0,29.0,,,0.942,1.135,,,,,,,,,,,3.683,3.681,3.684,,,,226.517,0.0,0.0,,,,,359.172,354.0,366.0,,,0.0,16559.0,16587.0,0.0,29.0,0.0,0.0,0.0,0.0,29.0,0.0,0.0,0.0,29.0,0.0,0.0,0.0,0.0,0.0,"solar2_v,lipo2_v"
2020-12-14T04:00:00Z,30.0,30.0,,,0.947,1.185,,,,,,,,,,,3.681,3.679,3.682,,,,226.633,0.0,0.0,,,,,357.4,353.0,364.0,,,0.0,16588.0,16617.0,0.0,30.0,0.0,0.0,0.0,0.0,30.0,0.0,0.0,0.0,30.0,0.0,0.0,0.0,0.0,0.0,"solar2_v,lipo2_v"
2020-12-14T05:00:00Z,29.0,29.0,,,1.056,1.284,,,,,,,,,,,3.68,3.679,3.681,,,,225.931,0.0,0.0,,,,,364.448,354.0,372.0,,,0.0,16618.0,16646.0,0.0,29.0,0.0,0.0,0.0,0.0,29.0,0.0,0.0,0.0,29.0,0.0,0.0,0.0,0.0,0.0,"solar2_v,lipo2_v"
2020-12-14T06:00:00Z,30.0,30.0,,,0.9,1.525,,,,,,,,,,,3.677,3.674,3.679,,,,225.067,0.0,0.0,,,,,369.8,359.0,378.0,,,0.0,16647.0,16676.0,0.0,30.0,0.0,0.0,0.0,0.0,30.0,0.0,0.0,0.0,30.0,0.0,0.0,0.0,0.0,0.0,"solar2_v,lipo2_v"
2020-12-14T07:00:00Z,29.0,29.0,,,0.589,1.138,,,,,,,,,,,3.675,3.673,3.677,,,,226.517,0.0,0.0,,,,,357.0,340.0,368.0,,,0.0,16677.0,16705.0,0.0,29.0,0.0,0.0,0.0,0.0,29.0,0.0,0.0,0.0,29.0,0.0,0.0,0.0,0.0,0.0,"solar2_v,lipo2_v"
2020-12-14T08:00:00Z,30.0,30.0,,,0.4,0.654,,,,,,,,,,,3.673,3.671,3.676,,,,228.433,0.0,0.0,,,,,329.633,321.0,337.0,,,0.0,16706.0,16735.0,0.0,26.0,0.0,0.0,0.0,0.0,30.0,0.0,0.0,0.0,30.0,0.0,0.0,0.0,0.0,0.0,"solar2_v,lipo2_v"
2020-12-14T09:00:00Z,29.0,29.0,,,0.0,0.0,,,,,,,,,,,3.671,3.668,3.674,,,,230.621,0.0,0.0,,,,,312.655,308.0,319.0,,,0.0,16736.0,16764.0,0.0,0.0,0.0,0.0,0.0,0.0,29.0,0.0,0.0,0.0,29.0,0.0,0.0,0.0,0.0,0.0,"solar2_v,lipo2_v"
2020-12-14T10:00:00Z,30.0,30.0,,,0.0,0.0,,,,,,,,,,,3.669,3.666,3.673,,,,230.633,0.0,0.0,,,,,312.867,311.0,314.0,,,0.0,16765.0,16794.0,0.0,0.0,0.0,0.0,0.0,0.0,30.0,0.0,0.0,0.0,30.0,0.0,0.0,0.0,0.0,0.0,"solar2_v,lipo2_v"
2020-12-14T11:00:00Z,23.0,23.0,,,0.0,0.0,,,,,,,,,,,3.666,3.664,3.669,,,,230.957,0.0,0.0,,,,,310.087,307.0,314.0,,,0.0,16795.0,16817.0,0.0,0.0,0.0,0.0,0.0,0.0,23.0,0.0,0.0,0.0,23.0,0.0,0.0,0.0,0.0,0.0,"solar2_v,lipo2_v"
2020-12-15T08:00:00Z,9.0,9.0,,,0.52,0.564,,,,,,,,,,,3.635,3.633,3.636,,,,229.222,0.0,0.0,,,,,323.333,321.0,326.0,,,0.0,17434.0,17442.0,0.0,9.0,0.0,0.0,0.0,0.0,9.0,0.0,0.0,0.0,9.0,0.0,0.0,0.0,0.0,0.0,"solar2_v,lipo2_v"
2020-12-15T09:00:00Z,29.0,29.0,,,0.265,0.474,,,,,,,,,,,3.634,3.633,3.636,,,,230.103,0.0,0.0,,,,,317.517,315.0,321.0,,,0.0,17443.0,17471.0,0.0,19.0,0.0,0.0,0.0,0.0,29.0,0.0,0.0,0.0,29.0,0.0,0.0,0.0,0.0,0.0,"solar2_v,lipo2_v"
2020-12-15T10:00:00Z,30.0,30.0,,,0.0,0.0,,,,,,,,,,,3.633,3.631,3.635,,,,230.467,0.0,0.0,,,,,313.167,307.0,318.0,,,0.0,17472.0,17501.0,0.0,0.0,0.0,0.0,0.0,0.0,30.0,0.0,0.0,0.0,30.0,0.0,0.0,0.0,0.0,0.0,"solar2_v,lipo2_v"
2020-12-15T11:00:00Z,29.0,29.0,,,0.0,0.0,,,,,,,,,,,3.631,3.63,3.633,,,,231.31,0.0,0.0,,,,,308.379,301.0,313.0,,,0.0,17502.0,17530.0,0.0,0.0,0.0,0.0,0.0,0.0,29.0,0.0,0.0,0.0,29.0,0.0,0.0,0.0,0.0,0.0,"solar2_v,lipo2_v"
2020-12-15T12:00:00Z,30.0,30.0,,,0.0,0.0,,,,,,,,,,,3.63,3.628,3.631,,,,231.833,0.0,0.0,,,,,301.833,301.0,304.0,,,0.0,17531.0,17560.0,0.0,0.0,0.0,0.0,0.0,0.0,30.0,0.0,0.0,0.0,30.0,0.0,0.0,0.0,0.0,0.0,"solar2_v,lipo2_v"
2020-12-15T13:00:00Z,29.0,29.0,,,0.0,0.0,,,,,,,,,,,3.628,3.626,3.63,,,,231.828,0.0,0.0,,,,,301.345,301.0,303.0,,,0.0,17561.0,17589.0,0.0,0.0,0.0,0.0,0.0,0.0,29.0,0.0,0.0,0.0,29.0,0.0,0.0,0.0,0.0,0.0,"solar2_v,lipo2_v"
2020-12-15T14:00:00Z,30.0,30.0,,,0.0,0.0,,,,,,,,,,,3.627,3.625,3.628,,,,231.7,0.0,0.0,,,,,304.6,303.0,306.0,,,0.0,17590.0,17619.0,0.0,0.0,0.0,0.0,0.0,0.0,30.0,0.0,0.0,0.0,30.0,0.0,0.0,0.0,0.0,0.0,"solar2_v,lipo2_v"
2020-12-15T15:00:00Z,29.0,29.0,,,0.0,0.0,,,,,,,,,,,3.625,3.623,3.626,,,,231.483,0.0,0.0,,,,,306.552,305.0,308.0,,,0.0,17620.0,17648.0,0.0,0.0,0.0,0.0,0.0,0.0,29.0,0.0,0.0,0.0,29.0,0.0,0.0,0.0,0.0,0.0,"solar2_v,lipo2_v"
2020-12-15T16:00:00Z,29.0,29.0,,,0.0,0.0,,,,,,,,,,,3.624,3.62,3.626,,,,232.207,0.0,0.0,,,,,300.207,297.0,306.0,,,0.0,17649.0,17677.0,0.0,0.0,0.0,0.0,0.0,0.0,29.0,0.0,0.0,0.0,29.0,0.0,0.0,0.0,0.0,0.0,"solar2_v,lipo2_v"
2020-12-15T17:00:00Z,30.0,30.0,,,0.0,0.0,,,,,,,,,,,3.621,3.618,3.626,,,,232.567,0.0,0.0,,,,,297.7,294.0,300.0,,,0.0,17678.0,17707.0,0.0,0.0,0.0,0.0,0.0,0.0,30.0,0.0,0.0,0.0,30.0,0.0,0.0,0.0,0.0,0.0,"solar2_v,lipo2_v"
2020-12-15T18:00:00Z,29.0,29.0,,,0.0,0.0,,,,,,,,,,,3.619,3.616,3.621,,,,232.931,0.0,0.0,,,,,293.207,290.0,296.0,,,0.0,17708.0,17736.0,0.0,0.0,0.0,0.0,0.0,0.0,29.0,0.0,0.0,0.0,29.0,0.0,0.0,0.0,0.0,0.0,"solar2_v,lipo2_v"
2020-12-15T19:00:00Z,30.0,30.0,,,0.0,0.0,,,,,,,,,,,3.617,3.615,3.62,,,,233.3,0.0,0.0,,,,,287.167,287.0,289.0,,,0.0,17737.0,17766.0,0.0,0.0,0.0,0.0,0.0,0.0,30.0,0.0,0.0,0.0,30.0,0.0,0.0,0.0,0.0,0.0,"solar2_v,lipo2_v"
2020-12-15T20:00:00Z,29.0,29.0,,,0.0,0.0,,,,,,,,,,,3.616,3.615,3.618,,,,233.103,0.0,0.0,,,,,286.69,286.0,287.0,,,0.0,17767.0,17795.0,0.0,0.0,0.0,0.0,0.0,0.0,29.0,0.0,0.0,0.0,29.0,0.0,0.0,0.0,0.0,0.0,"solar2_v,lipo2_v"
2020-12-15T21:00:00Z,30.0,30.0,,,0.0,0.0,,,,,,,,,,,3.614,3.611,3.616,,,,233.433,0.0,0.0,,,,,283.033,279.0,286.0,,,0.0,17796.0,17825.0,0.0,0.0,0.0,0.0,0.0,0.0,30.0,0.0,0.0,0.0,30.0,0.0,0.0,0.0,0.0,0.0,"solar2_v,lipo2_v"
2020-12-15T22:00:00Z,29.0,29.0,,,0.0,0.0,,,,,,,,,,,3.612,3.61,3.615,,,,233.966,0.0,0.0,,,,,278.276,277.0,280.0,,,0.0,17826.0,17854.0,0.0,0.0,0.0,0.0,0.0,0.0,29.0,0.0,0.0,0.0,29.0,0.0,0.0,0.0,0.0,0.0,"solar2_v,lipo2_v"
2020-12-15T23:00:00Z,30.0,30.0,,,0.0,0.0,,,,,,,,,,,3.611,3.608,3.613,,,,233.733,0.0,0.0,,,,,280.433,277.0,286.0,,,0.0,17855.0,17884.0,0.0,0.0,0.0,0.0,0.0,0.0,30.0,0.0,0.0,0.0,30.0,0.0,0.0,0.0,0.0,0.0,"solar2_v,lipo2_v"
2020-12-16T00:00:00Z,29.0,29.0,,,0.0,0.0,,,,,,,,,,,3.61,3.608,3.611,,,,233.345,0.0,0.0,,,,,287.862,286.0,291.0,,,0.0,17885.0,17913.0,0.0,0.0,0.0,0.0,0.0,0.0,29.0,0.0,0.0,0.0,29.0,0.0,0.0,0.0,0.0,0.0,"solar2_v,lipo2_v"
2020-12-16T01:00:00Z,30.0,30.0,,,0.364,0.846,,,,,,,,,,,3.609,3.607,3.61,,,,232.1,0.0,0.0,,,,,299.733,291.0,314.0,,,0.0,17914.0,17943.0,0.0,21.0,0.0,0.0,0.0,0.0,30.0,0.0,0.0,0.0,30.0,0.0,0.0,0.0,0.0,0.0,"solar2_v,lipo2_v"
2020-12-16T02:00:00Z,29.0,29.0,,,0.914,1.169,,,,,,,,,,,3.609,3.608,3.61,,,,228.103,0.0,0.0,,,,,336.379,316.0,353.0,,,0.0,17944.0,17972.0,0.0,29.0,0.0,0.0,0.0,0.0,29.0,0.0,0.0,0.0,29.0,0.0,0.0,0.0,0.0,0.0,"solar2_v,lipo2_v"
2020-12-16T03:00:00Z,30.0,30.0,,,0.89,0.974,,,,,,,,,,,3.609,3.608,3.61,,,,226.133,0.0,0.0,,,,,359.767,354.0,367.0,,,0.0,17973.0,18002.0,0.0,30.0,0.0,0.0,0.0,0.0,30.0,0.0,0.0,0.0,30.0,0.0,0.0,0.0,0.0,0.0,"solar2_v,lipo2_v"
2020-12-16T04:00:00Z,19.0,19.0,,,0.818,0.864,,,,,,,,,,,3.608,3.607,3.61,,,,226.421,0.0,0.0,,,,,356.632,355.0,359.0,,,0.0,18003.0,18021.0,0.0,19.0,0.0,0.0,0.0,0.0,19.0,0.0,0.0,0.0,19.0,0.0,0.0,0.0,0.0,0.0,"solar2_v,lipo2_v"
2020-12-16T09:00:00Z,11.0,11.0,,,0.349,0.523,,,,,,,,,,,3.578,3.577,3.58,,,,229.0,0.0,0.0,,,,,321.182,316.0,326.0,,,0.0,18143.0,18153.0,0.0,9.0,0.0,0.0,0.0,0.0,11.0,0.0,0.0,0.0,11.0,0.0,0.0,0.0,0.0,0.0,"solar2_v,lipo2_v"
2020-12-16T10:00:00Z,30.0,30.0,,,0.0,0.0,,,,,,,,,,,3.578,3.577,3.578,,,,231.933,0.0,0.0,,,,,305.233,298.0,316.0,,,0.0,18154.0,18183.0,0.0,0.0,0.0,0.0,0.0,0.0,30.0,0.0,0.0,0.0,30.0,0.0,0.0,0.0,0.0,0.0,"solar2_v,lipo2_v"
2020-12-16T11:00:00Z,29.0,29.0,,,0.0,0.0,,,,,,,,,,,3.577,3.575,3.578,,,,232.655,0.0,0.0,,,,,294.552,292.0,299.0,,,0.0,18184.0,18212.0,0.0,0.0,0.0,0.0,0.0,0.0,29.0,0.0,0.0,0.0,29.0,0.0,0.0,0.0,0.0,0.0,"solar2_v,lipo2_v"
2020-12-16T12:00:00Z,30.0,30.0,,,0.0,0.0,,,,,,,,,,,3.576,3.575,3.577,,,,232.767,0.0,0.0,,,,,290.667,288.0,295.0,,,0.0,18213.0,18242.0,0.0,0.0,0.0,0.0,0.0,0.0,30.0,0.0,0.0,0.0,30.0,0.0,0.0,0.0,0.0,0.0,"solar2_v,lipo2_v"
2020-12-16T13:00:00Z,29.0,29.0,,,0.0,0.0,,,,,,,,,,,3.575,3.574,3.577,,,,232.655,0.0,0.0,,,,,290.276,290.0,291.0,,,0.0,18243.0,18271.0,0.0,0.0,0.0,0.0,0.0,0.0,29.0,0.0,0.0,0.0,29.0,0.0,0.0,0.0,0.0,0.0,"solar2_v,lipo2_v"
2020-12-16T14:00:00Z,29.0,29.0,,,0.0,0.0,,,,,,,,,,,3.574,3.572,3.575,,,,232.655,0.0,0.0,,,,,293.621,291.0,297.0,,,0.0,18272.0,18300.0,0.0,0.0,0.0,0.0,0.0,0.0,29.0,0.0,0.0,0.0,29.0,0.0,0.0,0.0,0.0,0.0,"solar2_v,lipo2_v"
2020-12-16T15:00:00Z,30.0,30.0,,,0.0,0.0,,,,,,,,,,,3.573,3.57,3.575,,,,232.4,0.0,0.0,,,,,296.333,294.0,298.0,,,0.0,18301.0,18330.0,0.0,0.0,0.0,0.0,0.0,0.0,30.0,0.0,0.0,0.0,30.0,0.0,0.0,0.0,0.0,0.0,"solar2_v,lipo2_v"
2020-12-16T16:00:00Z,29.0,29.0,,,0.0,0.0,,,,,,,,,,,3.572,3.57,3.574,,,,232.31,0.0,0.0,,,,,297.759,293.0,300.0,,,0.0,18331.0,18359.0,0.0,0.0,0.0,0.0,0.0,0.0,29.0,0.0,0.0,0.0,29.0,0.0,0.0,0.0,0.0,0.0,"solar2_v,lipo2_v"
2020-12-16T17:00:00Z,30.0,30.0,,,0.0,0.0,,,,,,,,,,,3.57,3.569,3.572,,,,232.967,0.0,0.0,,,,,291.967,291.0,294.0,,,0.0,18360.0,18389.0,0.0,0.0,0.0,0.0,0.0,0.0,30.0,0.0,0.0,0.0,30.0,0.0,0.0,0.0,0.0,0.0,"solar2_v,lipo2_v"
2020-12-16T18:00:00Z,29.0,29.0,,,0.0,0.0,,,,,,,,,,,3.569,3.567,3.57,,,,232.966,0.0,0.0,,,,,291.655,289.0,294.0,,,0.0,18390.0,18418.0,0.0,0.0,0.0,0.0,0.0,0.0,29.0,0.0,0.0,0.0,29.0,0.0,0.0,0.0,0.0,0.0,"solar2_v,lipo2_v"
2020-12-16T19:00:00Z,30.0,30.0,,,0.0,0.0,,,,,,,,,,,3.567,3.565,3.57,,,,233.033,0.0,0.0,,,,,289.267,288.0,291.0,,,0.0,18419.0,18448.0,0.0,0.0,0.0,0.0,0.0,0.0,30.0,0.0,0.0,0.0,30.0,0.0,0.0,0.0,0.0,0.0,"solar2_v,lipo2_v"
2020-12-16T20:00:00Z,29.0,29.0,,,0.0,0.0,,,,,,,,,,,3.566,3.564,3.569,,,,233.414,0.0,0.0,,,,,287.276,286.0,290.0,,,0.0,18449.0,18477.0,0.0,0.0,0.0,0.0,0.0,0.0,29.0,0.0,0.0,0.0,29.0,0.0,0.0,0.0,0.0,0.0,"solar2_v,lipo2_v"
2020-12-16T21:00:00Z,27.0,27.0,,,0.0,0.0,,,,,,,,,,,3.564,3.562,3.567,,,,233.111,0.0,0.0,,,,,286.037,286.0,287.0,,,0.0,18478.0,18507.0,0.0,0.0,0.0,0.0,0.0,0.0,27.0,0.0,0.0,0.0,27.0,0.0,0.0,0.0,0.0,0.0,"solar2_v,lipo2_v"
2020-12-16T22:00:00Z,29.0,29.0,,,0.0,0.0,,,,,,,,,,,3.564,3.562,3.565,,,,233.207,0.0,0.0,,,,,284.172,282.0,286.0,,,0.0,18508.0,18536.0,0.0,0.0,0.0,0.0,0.0,0.0,29.0,0.0,0.0,0.0,29.0,0.0,0.0,0.0,0.0,0.0,"solar2_v,lipo2_v"
2020-12-16T23:00:00Z,30.0,30.0,,,0.0,0.0,,,,,,,,,,,3.562,3.559,3.564,,,,233.333,0.0,0.0,,,,,284.133,282.0,287.0,,,0.0,18537.0,18566.0,0.0,0.0,0.0,0.0,0.0,0.0,30.0,0.0,0.0,0.0,30.0,0.0,0.0,0.0,0.0,0.0,"solar2_v,lipo2_v"
2020-12-17T00:00:00Z,29.0,29.0,,,0.279,0.656,,,,,,,,,,,3.561,3.56,3.564,,,,232.931,0.0,0.0,,,,,290.759,287.0,300.0,,,0.0,18567.0,18595.0,0.0,17.0,0.0,0.0,0.0,0.0,29.0,0.0,0.0,0.0,29.0,0.0,0.0,0.0,0.0,0.0,"solar2_v,lipo2_v"
2020-12-17T01:00:00Z,30.0,30.0,,,0.619,0.759,,,,,,,,,,,3.56,3.559,3.562,,,,231.433,0.0,0.0,,,,,308.033,300.0,316.0,,,0.0,18596.0,18625.0,0.0,30.0,0.0,0.0,0.0,0.0,30.0,0.0,0.0,0.0,30.0,0.0,0.0,0.0,0.0,0.0,"solar2_v,lipo2_v"
2020-12-17T02:00:00Z,29.0,29.0,,,0.934,1.03,,,,,,,,,,,3.56,3.559,3.562,,,,228.207,0.0,0.0,,,,,336.103,317.0,350.0,,,0.0,18626.0,18654.0,0.0,29.0,0.0,0.0,0.0,0.0,29.0,0.0,0.0,0.0,29.0,0.0,0.0,0.0,0.0,0.0,"solar2_v,lipo2_v"
2020-12-17T03:00:00Z,30.0,30.0,,,0.978,1.159,,,,,,,,,,,3.559,3.557,3.56,,,,226.833,0.0,0.0,,,,,352.433,342.0,360.0,,,0.0,18655.0,18684.0,0.0,30.0,0.0,0.0,0.0,0.0,30.0,0.0,0.0,0.0,30.0,0.0,0.0,0.0,0.0,0.0,"solar2_v,lipo2_v"
2020-12-17T04:00:00Z,29.0,29.0,,,0.772,1.013,,,,,,,,,,,3.558,3.555,3.56,,,,227.034,0.0,0.0,,,,,350.931,344.0,354.0,,,0.0,18685.0,18713.0,0.0,29.0,0.0,0.0,0.0,0.0,29.0,0.0,0.0,0.0,29.0,0.0,0.0,0.0,0.0,0.0,"solar2_v,lipo2_v"
2020-12-17T05:00:00Z,30.0,30.0,,,0.971,1.325,,,,,,,,,,,3.557,3.555,3.559,,,,226.533,0.0,0.0,,,,,354.7,350.0,359.0,,,0.0,18714.0,18743.0,0.0,30.0,0.0,0.0,0.0,0.0,30.0,0.0,0.0,0.0,30.0,0.0,0.0,0.0,0.0,0.0,"solar2_v,lipo2_v"
2020-12-17T06:00:00Z,29.0,29.0,,,0.806,1.467,,,,,,,,,,,3.556,3.555,3.559,,,,226.724,0.0,0.0,,,,,353.897,350.0,357.0,,,0.0,18744.0,18772.0,0.0,29.0,0.0,0.0,0.0,0.0,29.0,0.0,0.0,0.0,29.0,0.0,0.0,0.0,0.0,0.0,"solar2_v,lipo2_v"
2020-12-17T07:00:00Z,29.0,29.0,,,0.888,1.194,,,,,,,,,,,3.555,3.554,3.557,,,,226.241,0.0,0.0,,,,,357.862,353.0,367.0,,,0.0,18773.0,18801.0,0.0,29.0,0.0,0.0,0.0,0.0,29.0,0.0,0.0,0.0,29.0,0.0,0.0,0.0,0.0,0.0,"solar2_v,lipo2_v"
2020-12-17T08:00:00Z,30.0,30.0,,,0.736,1.285,,,,,,,,,,,3.554,3.554,3.555,,,,225.933,0.0,0.0,,,,,361.0,353.0,367.0,,,0.0,18802.0,18831.0,0.0,30.0,0.0,0.0,0.0,0.0,30.0,0.0,0.0,0.0,30.0,0.0,0.0,0.0,0.0,0.0,"solar2_v,lipo2_v"
2020-12-17T09:00:00Z,29.0,29.0,,,0.328,0.649,,,,,,,,,,,3.554,3.552,3.554,,,,227.966,0.0,0.0,,,,,337.241,327.0,352.0,,,0.0,18832.0,18860.0,0.0,20.0,0.0,0.0,0.0,0.0,29.0,0.0,0.0,0.0,29.0,0.0,0.0,0.0,0.0,0.0,"solar2_v,lipo2_v"
2020-12-17T10:00:00Z,30.0,30.0,,,0.0,0.0,,,,,,,,,,,3.553,3.552,3.554,,,,229.067,0.0,0.0,,,,,322.667,316.0,327.0,,,0.0,18861.0,18890.0,0.0,0.0,0.0,0.0,0.0,0.0,30.0,0.0,0.0,0.0,30.0,0.0,0.0,0.0,0.0,0.0,"solar2_v,lipo2_v"
2020-12-17T11:00:00Z,29.0,29.0,,,0.0,0.0,,,,,,,,,,,3.552,3.55,3.554,,,,230.448,0.0,0.0,,,,,315.241,314.0,316.0,,,0.0,18891.0,18919.0,0.0,0.0,0.0,0.0,0.0,0.0,29.0,0.0,0.0,0.0,29.0,0.0,0.0,0.0,0.0,0.0,"solar2_v,lipo2_v"
2020-12-17T12:00:00Z,30.0,30.0,,,0.0,0.0,,,,,,,,,,,3.552,3.55,3.552,,,,230.533,0.0,0.0,,,,,313.7,312.0,316.0,,,0.0,18920.0,18949.0,0.0,0.0,0.0,0.0,0.0,0.0,30.0,0.0,0.0,0.0,30.0,0.0,0.0,0.0,0.0,0.0,"solar2_v,lipo2_v"
2020-12-17T13:00:00Z,29.0,29.0,,,0.0,0.0,,,,,,,,,,,3.55,3.55,3.552,,,,231.103,0.0,0.0,,,,,308.483,305.0,313.0,,,0.0,18950.0,18978.0,0.0,0.0,0.0,0.0,0.0,0.0,29.0,0.0,0.0,0.0,29.0,0.0,0.0,0.0,0.0,0.0,"solar2_v,lipo2_v"
2020-12-17T14:00:00Z,30.0,30.0,,,0.0,0.0,,,,,,,,,,,3.55,3.547,3.552,,,,231.067,0.0,0.0,,,,,311.367,306.0,314.0,,,0.0,18979.0,19008.0,0.0,0.0,0.0,0.0,0.0,0.0,30.0,0.0,0.0,0.0,30.0,0.0,0.0,0.0,0.0,0.0,"solar2_v,lipo2_v"
2020-12-17T15:00:00Z,29.0,29.0,,,0.0,0.0,,,,,,,,,,,3.549,3.547,3.55,,,,230.655,0.0,0.0,,,,,309.828,304.0,314.0,,,0.0,19009.0,19037.0,0.0,0.0,0.0,0.0,0.0,0.0,29.0,0.0,0.0,0.0,29.0,0.0,0.0,0.0,0.0,0.0,"solar2_v,lipo2_v"
2020-12-17T16:00:00Z,30.0,30.0,,,0.0,0.0,,,,,,,,,,,3.547,3.545,3.55,,,,232.033,0.0,0.0,,,,,301.233,300.0,304.0,,,0.0,19038.0,19067.0,0.0,0.0,0.0,0.0,0.0,0.0,30.0,0.0,0.0,0.0,30.0,0.0,0.0,0.0,0.0,0.0,"solar2_v,lipo2_v"
2020-12-17T17:00:00Z,29.0,29.0,,,0.0,0.0,,,,,,,,,,,3.545,3.544,3.549,,,,232.655,0.0,0.0,,,,,298.793,295.0,301.0,,,0.0,19068.0,19096.0,0.0,0.0,0.0,0.0,0.0,0.0,29.0,0.0,0.0,0.0,29.0,0.0,0.0,0.0,0.0,0.0,"solar2_v,lipo2_v"
2020-12-17T18:00:00Z,30.0,30.0,,,0.0,0.0,,,,,,,,,,,3.544,3.541,3.545,,,,233.033,0.0,0.0,,,,,291.433,288.0,295.0,,,0.0,19097.0,19126.0,0.0,0.0,0.0,0.0,0.0,0.0,30.0,0.0,0.0,0.0,30.0,0.0,0.0,0.0,0.0,0.0,"solar2_v,lipo2_v"
2020-12-17T19:00:00Z,29.0,29.0,,,0.0,0.0,,,,,,,,,,,3.542,3.539,3.544,,,,233.0,0.0,0.0,,,,,288.517,287.0,291.0,,,0.0,19127.0,19155.0,0.0,0.0,0.0,0.0,0.0,0.0,29.0,0.0,0.0,0.0,29.0,0.0,0.0,0.0,0.0,0.0,"solar2_v,lipo2_v"
2020-12-17T20:00:00Z,29.0,29.0,,,0.0,0.0,,,,,,,,,,,3.541,3.539,3.542,,,,233.483,0.0,0.0,,,,,286.379,285.0,287.0,,,0.0,19156.0,19184.0,0.0,0.0,0.0,0.0,0.0,0.0,29.0,0.0,0.0,0.0,29.0,0.0,0.0,0.0,0.0,0.0,"solar2_v,lipo2_v"
2020-12-17T21:00:00Z,30.0,30.0,,,0.0,0.0,,,,,,,,,,,3.538,3.537,3.541,,,,233.7,0.0,0.0,,,,,280.267,279.0,284.0,,,0.0,19185.0,19214.0,0.0,0.0,0.0,0.0,0.0,0.0,30.0,0.0,0.0,0.0,30.0,0.0,0.0,0.0,0.0,0.0,"solar2_v,lipo2_v"
2020-12-17T22:00:00Z,29.0,29.0,,,0.0,0.0,,,,,,,,,,,3.538,3.536,3.539,,,,234.034,0.0,0.0,,,,,276.862,276.0,278.0,,,0.0,19215.0,19243.0,0.0,0.0,0.0,0.0,0.0,0.0,29.0,0.0,0.0,0.0,29.0,0.0,0.0,0.0,0.0,0.0,"solar2_v,lipo2_v"
2020-12-17T23:00:00Z,30.0,30.0,,,0.0,0.0,,,,,,,,,,,3.536,3.534,3.537,,,,234.1,0.0,0.0,,,,,277.967,275.0,283.0,,,0.0,19244.0,19273.0,0.0,0.0,0.0,0.0,0.0,0.0,30.0,0.0,0.0,0.0,30.0,0.0,0.0,0.0,0.0,0.0,"solar2_v,lipo2_v"
2020-12-18T00:00:00Z,29.0,29.0,,,0.408,0.68,,,,,,,,,,,3.536,3.534,3.537,,,,232.897,0.0,0.0,,,,,291.0,283.0,301.0,,,0.0,19274.0,19302.0,0.0,21.0,0.0,0.0,0.0,0.0,29.0,0.0,0.0,0.0,29.0,0.0,0.0,0.0,0.0,0.0,"solar2_v,lipo2_v"
2020-12-18T01:00:00Z,30.0,30.0,,,0.752,0.884,,,,,,,,,,,3.535,3.532,3.536,,,,230.833,0.0,0.0,,,,,310.1,301.0,321.0,,,0.0,19303.0,19332.0,0.0,30.0,0.0,0.0,0.0,0.0,30.0,0.0,0.0,0.0,30.0,0.0,0.0,0.0,0.0,0.0,"solar2_v,lipo2_v"
2020-12-18T02:00:00Z,29.0,29.0,,,1.053,1.3,,,,,,,,,,,3.535,3.532,3.537,,,,228.034,0.0,0.0,,,,,339.207,322.0,353.0,,,0.0,19333.0,19361.0,0.0,29.0,0.0,0.0,0.0,0.0,29.0,0.0,0.0,0.0,29.0,0.0,0.0,0.0,0.0,0.0,"solar2_v,lipo2_v"
2020-12-18T03:00:00Z,30.0,30.0,,,1.03,1.218,,,,,,,,,,,3.534,3.532,3.536,,,,226.667,0.0,0.0,,,,,353.733,353.0,354.0,,,0.0,19362.0,19391.0,0.0,30.0,0.0,0.0,0.0,0.0,30.0,0.0,0.0,0.0,30.0,0.0,0.0,0.0,0.0,0.0,"solar2_v,lipo2_v"
2020-12-18T04:00:00Z,29.0,29.0,,,1.137,1.233,,,,,,,,,,,3.534,3.532,3.536,,,,227.138,0.0,0.0,,,,,352.862,350.0,354.0,,,0.0,19392.0,19420.0,0.0,29.0,0.0,0.0,0.0,0.0,29.0,0.0,0.0,0.0,29.0,0.0,0.0,0.0,0.0,0.0,"solar2_v,lipo2_v"
2020-12-18T05:00:00Z,30.0,30.0,,,1.07,1.326,,,,,,,,,,,3.533,3.531,3.534,,,,227.133,0.0,0.0,,,,,350.167,346.0,354.0,,,0.0,19421.0,19450.0,0.0,30.0,0.0,0.0,0.0,0.0,30.0,0.0,0.0,0.0,30.0,0.0,0.0,0.0,0.0,0.0,"solar2_v,lipo2_v"
2020-12-18T06:00:00Z,29.0,29.0,,,0.977,1.271,,,,,,,,,,,3.532,3.531,3.534,,,,227.207,0.0,0.0,,,,,350.345,342.0,354.0,,,0.0,19451.0,19479.0,0.0,29.0,0.0,0.0,0.0,0.0,29.0,0.0,0.0,0.0,29.0,0.0,0.0,0.0,0.0,0.0,"solar2_v,lipo2_v"
2020-12-18T07:00:00Z,30.0,30.0,,,0.483,1.048,,,,,,,,,,,3.532,3.531,3.534,,,,227.8,0.0,0.0,,,,,340.667,334.0,354.0,,,0.0,19480.0,19509.0,0.0,28.0,0.0,0.0,0.0,0.0,30.0,0.0,0.0,0.0,30.0,0.0,0.0,0.0,0.0,0.0,"solar2_v,lipo2_v"
2020-12-18T08:00:00Z,29.0,29.0,,,0.584,0.944,,,,,,,,,,,3.531,3.529,3.532,,,,227.517,0.0,0.0,,,,,343.655,340.0,350.0,,,0.0,19510.0,19538.0,0.0,25.0,0.0,0.0,0.0,0.0,29.0,0.0,0.0,0.0,29.0,0.0,0.0,0.0,0.0,0.0,"solar2_v,lipo2_v"
2020-12-18T09:00:00Z,30.0,30.0,,,0.0,0.0,,,,,,,,,,,3.53,3.529,3.531,,,,228.4,0.0,0.0,,,,,331.3,325.0,340.0,,,0.0,19539.0,19568.0,0.0,0.0,0.0,0.0,0.0,0.0,30.0,0.0,0.0,0.0,30.0,0.0,0.0,0.0,0.0,0.0,"solar2_v,lipo2_v"
2020-12-18T10:00:00Z,29.0,29.0,,,0.0,0.0,,,,,,,,,,,3.529,3.527,3.531,,,,229.621,0.0,0.0,,,,,319.241,314.0,325.0,,,0.0,19569.0,19597.0,0.0,0.0,0.0,0.0,0.0,0.0,29.0,0.0,0.0,0.0,29.0,0.0,0.0,0.0,0.0,0.0,"solar2_v,lipo2_v"
2020-12-18T11:00:00Z,29.0,29.0,,,0.0,0.0,,,,,,,,,,,3.528,3.524,3.529,,,,230.793,0.0,0.0,,,,,312.862,311.0,314.0,,,0.0,19598.0,19626.0,0.0,0.0,0.0,0.0,0.0,0.0,29.0,0.0,0.0,0.0,29.0,0.0,0.0,0.0,0.0,0.0,"solar2_v,lipo2_v"
2020-12-18T12:00:00Z,30.0,30.0,,,0.0,0.0,,,,,,,,,,,3.527,3.526,3.529,,,,231.0,0.0,0.0,,,,,310.567,307.0,313.0,,,0.0,19627.0,19656.0,0.0,0.0,0.0,0.0,0.0,0.0,30.0,0.0,0.0,0.0,30.0,0.0,0.0,0.0,0.0,0.0,"solar2_v,lipo2_v"
2020-12-18T13:00:00Z,29.0,29.0,,,0.0,0.0,,,,,,,,,,,3.526,3.524,3.527,,,,231.414,0.0,0.0,,,,,305.207,304.0,306.0,,,0.0,19657.0,19685.0,0.0,0.0,0.0,0.0,0.0,0.0,29.0,0.0,0.0,0.0,29.0,0.0,0.0,0.0,0.0,0.0,"solar2_v,lipo2_v"
2020-12-18T14:00:00Z,30.0,30.0,,,0.0,0.0,,,,,,,,,,,3.526,3.524,3.527,,,,231.567,0.0,0.0,,,,,301.733,301.0,305.0,,,0.0,19686.0,19715.0,0.0,0.0,0.0,0.0,0.0,0.0,30.0,0.0,0.0,0.0,30.0,0.0,0.0,0.0,0.0,0.0,"solar2_v,lipo2_v"
2020-12-18T15:00:00Z,29.0,29.0,,,0.0,0.0,,,,,,,,,,,3.525,3.522,3.527,,,,232.552,0.0,0.0,,,,,298.862,296.0,301.0,,,0.0,19716.0,19744.0,0.0,0.0,0.0,0.0,0.0,0.0,29.0,0.0,0.0,0.0,29.0,0.0,0.0,0.0,0.0,0.0,"solar2_v,lipo2_v"
2020-12-18T16:00:00Z,30.0,30.0,,,0.0,0.0,,,,,,,,,,,3.523,3.522,3.524,,,,232.667,0.0,0.0,,,,,293.3,291.0,296.0,,,0.0,19745.0,19774.0,0.0,0.0,0.0,0.0,0.0,0.0,30.0,0.0,0.0,0.0,30.0,0.0,0.0,0.0,0.0,0.0,"solar2_v,lipo2_v"
2020-12-18T17:00:00Z,29.0,29.0,,,0.0,0.0,,,,,,,,,,,3.522,3.521,3.524,,,,233.0,0.0,0.0,,,,,287.655,286.0,290.0,,,0.0,19775.0,19803.0,0.0,0.0,0.0,0.0,0.0,0.0,29.0,0.0,0.0,0.0,29.0,0.0,0.0,0.0,0.0,0.0,"solar2_v,lipo2_v"
2020-12-18T18:00:00Z,30.0,30.0,,,0.0,0.0,,,,,,,,,,,3.522,3.519,3.524,,,,233.3,0.0,0.0,,,,,286.0,286.0,286.0,,,0.0,19804.0,19833.0,0.0,0.0,0.0,0.0,0.0,0.0,30.0,0.0,0.0,0.0,30.0,0.0,0.0,0.0,0.0,0.0,"solar2_v,lipo2_v"
2020-12-18T19:00:00Z,29.0,29.0,,,0.0,0.0,,,,,,,,,,,3.521,3.519,3.522,,,,233.621,0.0,0.0,,,,,283.0,281.0,286.0,,,0.0,19834.0,19862.0,0.0,0.0,0.0,0.0,0.0,0.0,29.0,0.0,0.0,0.0,29.0,0.0,0.0,0.0,0.0,0.0,"solar2_v,lipo2_v"
2020-12-18T20:00:00Z,29.0,29.0,,,0.0,0.0,,,,,,,,,,,3.52,3.519,3.521,,,,233.793,0.0,0.0,,,,,278.931,277.0,281.0,,,0.0,19863.0,19891.0,0.0,0.0,0.0,0.0,0.0,0.0,29.0,0.0,0.0,0.0,29.0,0.0,0.0,0.0,0.0,0.0,"solar2_v,lipo2_v"
2020-12-18T21:00:00Z,30.0,30.0,,,0.0,0.0,,,,,,,,,,,3.52,3.517,3.521,,,,233.767,0.0,0.0,,,,,277.433,276.0,279.0,,,0.0,19892.0,19921.0,0.0,0.0,0.0,0.0,0.0,0.0,30.0,0.0,0.0,0.0,30.0,0.0,0.0,0.0,0.0,0.0,"solar2_v,lipo2_v"
2020-12-18T22:00:00Z,29.0,29.0,,,0.0,0.0,,,,,,,,,,,3.518,3.516,3.521,,,,234.207,0.0,0.0,,,,,275.655,275.0,277.0,,,0.0,19922.0,19950.0,0.0,0.0,0.0,0.0,0.0,0.0,29.0,0.0,0.0,0.0,29.0,0.0,0.0,0.0,0.0,0.0,"solar2_v,lipo2_v"
2020-12-18T23:00:00Z,30.0,30.0,,,0.0,0.0,,,,,,,,,,,3.517,3.516,3.519,,,,234.367,0.0,0.0,,,,,276.167,275.0,278.0,,,0.0,19951.0,19980.0,0.0,0.0,0.0,0.0,0.0,0.0,30.0,0.0,0.0,0.0,30.0,0.0,0.0,0.0,0.0,0.0,"solar2_v,lipo2_v"
2020-12-19T00:00:00Z,29.0,29.0,,,0.19,0.408,,,,,,,,,,,3.516,3.514,3.519,,,,233.483,0.0,0.0,,,,,281.759,278.0,286.0,,,0.0,19981.0,20009.0,0.0,16.0,0.0,0.0,0.0,0.0,29.0,0.0,0.0,0.0,29.0,0.0,0.0,0.0,0.0,0.0,"solar2_v,lipo2_v"
2020-12-19T01:00:00Z,30.0,30.0,,,0.583,0.921,,,,,,,,,,,3.516,3.514,3.517,,,,232.833,0.0,0.0,,,,,292.467,286.0,300.0,,,0.0,20010.0,20039.0,0.0,30.0,0.0,0.0,0.0,0.0,30.0,0.0,0.0,0.0,30.0,0.0,0.0,0.0,0.0,0.0,"solar2_v,lipo2_v"
2020-12-19T02:00:00Z,29.0,29.0,,,0.958,1.064,,,,,,,,,,,3.516,3.514,3.519,,,,230.138,0.0,0.0,,,,,315.172,301.0,327.0,,,0.0,20040.0,20068.0,0.0,29.0,0.0,0.0,0.0,0.0,29.0,0.0,0.0,0.0,29.0,0.0,0.0,0.0,0.0,0.0,"solar2_v,lipo2_v"
2020-12-19T03:00:00Z,30.0,30.0,,,1.197,1.338,,,,,,,,,,,3.516,3.514,3.517,,,,227.867,0.0,0.0,,,,,337.2,327.0,343.0,,,0.0,20069.0,20098.0,0.0,30.0,0.0,0.0,0.0,0.0,30.0,0.0,0.0,0.0,30.0,0.0,0.0,0.0,0.0,0.0,"solar2_v,lipo2_v"
2020-12-19T04:00:00Z,29.0,29.0,,,1.37,1.436,,,,,,,,,,,3.516,3.512,3.519,,,,227.069,0.0,0.0,,,,,347.138,344.0,350.0,,,0.0,20099.0,20127.0,0.0,29.0,0.0,0.0,0.0,0.0,29.0,0.0,0.0,0.0,29.0,0.0,0.0,0.0,0.0,0.0,"solar2_v,lipo2_v"
2020-12-19T05:00:00Z,30.0,30.0,,,1.366,1.499,,,,,,,,,,,3.515,3.512,3.517,,,,227.133,0.0,0.0,,,,,351.633,349.0,354.0,,,0.0,20128.0,20157.0,0.0,30.0,0.0,0.0,0.0,0.0,30.0,0.0,0.0,0.0,30.0,0.0,0.0,0.0,0.0,0.0,"solar2_v,lipo2_v"
2020-12-19T06:00:00Z,29.0,29.0,,,1.186,1.312,,,,,,,,,,,3.515,3.514,3.517,,,,227.103,0.0,0.0,,,,,352.414,350.0,354.0,,,0.0,20158.0,20186.0,0.0,29.0,0.0,0.0,0.0,0.0,29.0,0.0,0.0,0.0,29.0,0.0,0.0,0.0,0.0,0.0,"solar2_v,lipo2_v"
2020-12-19T07:00:00Z,30.0,30.0,,,0.758,1.141,,,,,,,,,,,3.514,3.511,3.517,,,,227.667,0.0,0.0,,,,,346.7,336.0,354.0,,,0.0,20187.0,20216.0,0.0,30.0,0.0,0.0,0.0,0.0,30.0,0.0,0.0,0.0,30.0,0.0,0.0,0.0,0.0,0.0,"solar2_v,lipo2_v"
2020-12-19T08:00:00Z,29.0,29.0,,,0.411,0.638,,,,,,,,,,,3.513,3.511,3.516,,,,228.724,0.0,0.0,,,,,333.31,327.0,340.0,,,0.0,20217.0,20245.0,0.0,22.0,0.0,0.0,0.0,0.0,29.0,0.0,0.0,0.0,29.0,0.0,0.0,0.0,0.0,0.0,"solar2_v,lipo2_v"
2020-12-19T09:00:00Z,30.0,30.0,,,0.265,0.531,,,,,,,,,,,3.512,3.511,3.516,,,,228.933,0.0,0.0,,,,,326.4,322.0,328.0,,,0.0,20246.0,20275.0,0.0,18.0,0.0,0.0,0.0,0.0,30.0,0.0,0.0,0.0,30.0,0.0,0.0,0.0,0.0,0.0,"solar2_v,lipo2_v"
2020-12-19T10:00:00Z,29.0,29.0,,,0.0,0.0,,,,,,,,,,,3.511,3.509,3.512,,,,230.345,0.0,0.0,,,,,318.69,313.0,326.0,,,0.0,20276.0,20304.0,0.0,0.0,0.0,0.0,0.0,0.0,29.0,0.0,0.0,0.0,29.0,0.0,0.0,0.0,0.0,0.0,"solar2_v,lipo2_v"
2020-12-19T11:00:00Z,30.0,30.0,,,0.0,0.0,,,,,,,,,,,3.509,3.508,3.512,,,,231.4,0.0,0.0,,,,,307.3,302.0,313.0,,,0.0,20305.0,20334.0,0.0,0.0,0.0,0.0,0.0,0.0,30.0,0.0,0.0,0.0,30.0,0.0,0.0,0.0,0.0,0.0,"solar2_v,lipo2_v"
2020-12-19T12:00:00Z,29.0,29.0,,,0.0,0.0,,,,,,,,,,,3.509,3.506,3.511,,,,232.0,0.0,0.0,,,,,300.069,298.0,302.0,,,0.0,20335.0,20363.0,0.0,0.0,0.0,0.0,0.0,0.0,29.0,0.0,0.0,0.0,29.0,0.0,0.0,0.0,0.0,0.0,"solar2_v,lipo2_v"
2020-12-19T13:00:00Z,29.0,29.0,,,0.0,0.0,,,,,,,,,,,3.508,3.506,3.509,,,,232.379,0.0,0.0,,,,,294.621,291.0,298.0,,,0.0,20364.0,20392.0,0.0,0.0,0.0,0.0,0.0,0.0,29.0,0.0,0.0,0.0,29.0,0.0,0.0,0.0,0.0,0.0,"solar2_v,lipo2_v"
2020-12-19T14:00:00Z,30.0,30.0,,,0.0,0.0,,,,,,,,,,,3.507,3.504,3.508,,,,233.1,0.0,0.0,,,,,289.2,288.0,291.0,,,0.0,20393.0,20422.0,0.0,0.0,0.0,0.0,0.0,0.0,30.0,0.0,0.0,0.0,30.0,0.0,0.0,0.0,0.0,0.0,"solar2_v,lipo2_v"
2020-12-19T15:00:00Z,29.0,29.0,,,0.0,0.0,,,,,,,,,,,3.506,3.504,3.508,,,,233.345,0.0,0.0,,,,,286.759,286.0,288.0,,,0.0,20423.0,20451.0,0.0,0.0,0.0,0.0,0.0,0.0,29.0,0.0,0.0,0.0,29.0,0.0,0.0,0.0,0.0,0.0,"solar2_v,lipo2_v"
2020-12-19T16:00:00Z,30.0,30.0,,,0.0,0.0,,,,,,,,,,,3.505,3.503,3.506,,,,233.5,0.0,0.0,,,,,282.533,281.0,285.0,,,0.0,20452.0,20481.0,0.0,0.0,0.0,0.0,0.0,0.0,30.0,0.0,0.0,0.0,30.0,0.0,0.0,0.0,0.0,0.0,"solar2_v,lipo2_v"
2020-12-19T17:00:00Z,29.0,29.0,,,0.0,0.0,,,,,,,,,,,3.504,3.503,3.506,,,,233.966,0.0,0.0,,,,,279.414,277.0,281.0,,,0.0,20482.0,20510.0,0.0,0.0,0.0,0.0,0.0,0.0,29.0,0.0,0.0,0.0,29.0,0.0,0.0,0.0,0.0,0.0,"solar2_v,lipo2_v"
2020-12-19T18:00:00Z,30.0,30.0,,,0.0,0.0,,,,,,,,,,,3.504,3.503,3.506,,,,234.233,0.0,0.0,,,,,276.933,276.0,278.0,,,0.0,20511.0,20540.0,0.0,0.0,0.0,0.0,0.0,0.0,30.0,0.0,0.0,0.0,30.0,0.0,0.0,0.0,0.0,0.0,"solar2_v,lipo2_v"
2020-12-19T19:00:00Z,29.0,29.0,,,0.0,0.0,,,,,,,,,,,3.503,3.501,3.504,,,,234.586,0.0,0.0,,,,,274.517,274.0,277.0,,,0.0,20541.0,20569.0,0.0,0.0,0.0,0.0,0.0,0.0,29.0,0.0,0.0,0.0,29.0,0.0,0.0,0.0,0.0,0.0,"solar2_v,lipo2_v"
2020-12-19T20:00:00Z,30.0,30.0,,,0.0,0.0,,,,,,,,,,,3.502,3.501,3.503,,,,234.867,0.0,0.0,,,,,273.167,272.0,274.0,,,0.0,20570.0,20599.0,0.0,0.0,0.0,0.0,0.0,0.0,30.0,0.0,0.0,0.0,30.0,0.0,0.0,0.0,0.0,0.0,"solar2_v,lipo2_v"
2020-12-19T21:00:00Z,29.0,29.0,,,0.0,0.0,,,,,,,,,,,3.501,3.501,3.503,,,,235.103,0.0,0.0,,,,,271.483,270.0,273.0,,,0.0,20600.0,20628.0,0.0,0.0,0.0,0.0,0.0,0.0,29.0,0.0,0.0,0.0,29.0,0.0,0.0,0.0,0.0,0.0,"solar2_v,lipo2_v"
2020-12-19T22:00:00Z,30.0,30.0,,,0.0,0.0,,,,,,,,,,,3.501,3.499,3.501,,,,235.0,0.0,0.0,,,,,268.533,267.0,271.0,,,0.0,20629.0,20658.0,0.0,0.0,0.0,0.0,0.0,0.0,30.0,0.0,0.0,0.0,30.0,0.0,0.0,0.0,0.0,0.0,"solar2_v,lipo2_v"
2020-12-19T23:00:00Z,29.0,29.0,,,0.0,0.0,,,,,,,,,,,3.501,3.499,3.501,,,,234.724,0.0,0.0,,,,,272.0,269.0,274.0,,,0.0,20659.0,20687.0,0.0,0.0,0.0,0.0,0.0,0.0,29.0,0.0,0.0,0.0,29.0,0.0,0.0,0.0,0.0,0.0,"solar2_v,lipo2_v"
2020-12-20T00:00:00Z,30.0,30.0,,,0.515,0.659,,,,,,,,,,,3.5,3.499,3.501,,,,233.867,0.0,0.0,,,,,277.8,274.0,284.0,,,0.0,20688.0,20717.0,0.0,30.0,0.0,0.0,0.0,0.0,30.0,0.0,0.0,0.0,30.0,0.0,0.0,0.0,0.0,0.0,"solar2_v,lipo2_v"
2020-12-20T01:00:00Z,29.0,29.0,,,0.842,1.015,,,,,,,,,,,3.5,3.499,3.501,,,,233.207,0.0,0.0,,,,,291.724,286.0,300.0,,,0.0,20718.0,20746.0,0.0,29.0,0.0,0.0,0.0,0.0,29.0,0.0,0.0,0.0,29.0,0.0,0.0,0.0,0.0,0.0,"solar2_v,lipo2_v"
2020-12-20T02:00:00Z,30.0,30.0,,,1.161,1.548,,,,,,,,,,,3.5,3.499,3.501,,,,230.733,0.0,0.0,,,,,311.4,299.0,329.0,,,0.0,20747.0,20776.0,0.0,30.0,0.0,0.0,0.0,0.0,30.0,0.0,0.0,0.0,30.0,0.0,0.0,0.0,0.0,0.0,"solar2_v,lipo2_v"
2020-12-20T03:00:00Z,29.0,29.0,,,1.068,1.171,,,,,,,,,,,3.499,3.499,3.501,,,,228.345,0.0,0.0,,,,,327.31,326.0,329.0,,,0.0,20777.0,20805.0,0.0,29.0,0.0,0.0,0.0,0.0,29.0,0.0,0.0,0.0,29.0,0.0,0.0,0.0,0.0,0.0,"solar2_v,lipo2_v"
2020-12-20T04:00:00Z,30.0,30.0,,,1.266,1.469,,,,,,,,,,,3.499,3.499,3.499,,,,228.067,0.0,0.0,,,,,333.233,329.0,339.0,,,0.0,20806.0,20835.0,0.0,30.0,0.0,0.0,0.0,0.0,30.0,0.0,0.0,0.0,30.0,0.0,0.0,0.0,0.0,0.0,"solar2_v,lipo2_v"
2020-12-20T05:00:00Z,29.0,29.0,,,1.225,1.476,,,,,,,,,,,3.499,3.498,3.499,,,,228.172,0.0,0.0,,,,,336.345,330.0,340.0,,,0.0,20836.0,20864.0,0.0,29.0,0.0,0.0,0.0,0.0,29.0,0.0,0.0,0.0,29.0,0.0,0.0,0.0,0.0,0.0,"solar2_v,lipo2_v"
2020-12-20T06:00:00Z,29.0,29.0,,,1.057,1.126,,,,,,,,,,,3.498,3.496,3.499,,,,228.655,0.0,0.0,,,,,327.897,326.0,331.0,,,0.0,20865.0,20893.0,0.0,29.0,0.0,0.0,0.0,0.0,29.0,0.0,0.0,0.0,29.0,0.0,0.0,0.0,0.0,0.0,"solar2_v,lipo2_v"
2020-12-20T07:00:00Z,30.0,30.0,,,0.95,1.057,,,,,,,,,,,3.497,3.496,3.498,,,,228.7,0.0,0.0,,,,,326.7,326.0,327.0,,,0.0,20894.0,20923.0,0.0,30.0,0.0,0.0,0.0,0.0,30.0,0.0,0.0,0.0,30.0,0.0,0.0,0.0,0.0,0.0,"solar2_v,lipo2_v"
2020-12-20T08:00:00Z,29.0,29.0,,,0.678,0.82,,,,,,,,,,,3.496,3.494,3.498,,,,228.931,0.0,0.0,,,,,324.31,321.0,326.0,,,0.0,20924.0,20952.0,0.0,29.0,0.0,0.0,0.0,0.0,29.0,0.0,0.0,0.0,29.0,0.0,0.0,0.0,0.0,0.0,"solar2_v,lipo2_v"
2020-12-20T09:00:00Z,30.0,30.0,,,0.308,0.582,,,,,,,,,,,3.494,3.493,3.496,,,,230.667,0.0,0.0,,,,,313.833,304.0,321.0,,,0.0,20953.0,20982.0,0.0,19.0,0.0,0.0,0.0,0.0,30.0,0.0,0.0,0.0,30.0,0.0,0.0,0.0,0.0,0.0,"solar2_v,lipo2_v"
2020-12-20T10:00:00Z,29.0,29.0,,,0.0,0.0,,,,,,,,,,,3.493,3.489,3.496,,,,232.103,0.0,0.0,,,,,298.138,293.0,303.0,,,0.0,20983.0,21011.0,0.0,0.0,0.0,0.0,0.0,0.0,29.0,0.0,0.0,0.0,29.0,0.0,0.0,0.0,0.0,0.0,"solar2_v,lipo2_v"
2020-12-20T11:00:00Z,30.0,30.0,,,0.0,0.0,,,,,,,,,,,3.49,3.486,3.493,,,,233.333,0.0,0.0,,,,,289.3,287.0,293.0,,,0.0,21012.0,21041.0,0.0,0.0,0.0,0.0,0.0,0.0,30.0,0.0,0.0,0.0,30.0,0.0,0.0,0.0,0.0,0.0,"solar2_v,lipo2_v"
2020-12-20T12:00:00Z,29.0,29.0,,,0.0,0.0,,,,,,,,,,,3.488,3.486,3.491,,,,233.414,0.0,0.0,,,,,284.724,281.0,287.0,,,0.0,21042.0,21070.0,0.0,0.0,0.0,0.0,0.0,0.0,29.0,0.0,0.0,0.0,29.0,0.0,0.0,0.0,0.0,0.0,"solar2_v,lipo2_v"
2020-12-20T13:00:00Z,30.0,30.0,,,0.0,0.0,,,,,,,,,,,3.486,3.483,3.489,,,,233.8,0.0,0.0,,,,,277.033,274.0,281.0,,,0.0,21071.0,21100.0,0.0,0.0,0.0,0.0,0.0,0.0,30.0,0.0,0.0,0.0,30.0,0.0,0.0,0.0,0.0,0.0,"solar2_v,lipo2_v"
2020-12-20T14:00:00Z,29.0,29.0,,,0.0,0.0,,,,,,,,,,,3.483,3.479,3.486,,,,234.31,0.0,0.0,,,,,273.586,273.0,274.0,,,0.0,21101.0,21129.0,0.0,0.0,0.0,0.0,0.0,0.0,29.0,0.0,0.0,0.0,29.0,0.0,0.0,0.0,0.0,0.0,"solar2_v,lipo2_v"
2020-12-20T15:00:00Z,30.0,30.0,,,0.0,0.0,,,,,,,,,,,3.481,3.479,3.484,,,,235.067,0.0,0.0,,,,,273.0,272.0,274.0,,,0.0,21130.0,21159.0,0.0,0.0,0.0,0.0,0.0,0.0,30.0,0.0,0.0,0.0,30.0,0.0,0.0,0.0,0.0,0.0,"solar2_v,lipo2_v"
2020-12-20T16:00:00Z,29.0,29.0,,,0.0,0.0,,,,,,,,,,,3.478,3.476,3.481,,,,235.276,0.0,0.0,,,,,271.69,270.0,273.0,,,0.0,21160.0,21188.0,0.0,0.0,0.0,0.0,0.0,0.0,29.0,0.0,0.0,0.0,29.0,0.0,0.0,0.0,0.0,0.0,"solar2_v,lipo2_v"
2020-12-20T17:00:00Z,30.0,30.0,,,0.0,0.0,,,,,,,,,,,3.476,3.475,3.478,,,,235.5,0.0,0.0,,,,,268.133,267.0,270.0,,,0.0,21189.0,21218.0,0.0,0.0,0.0,0.0,0.0,0.0,30.0,0.0,0.0,0.0,30.0,0.0,0.0,0.0,0.0,0.0,"solar2_v,lipo2_v"
2020-12-20T18:00:00Z,29.0,29.0,,,0.0,0.0,,,,,,,,,,,3.473,3.471,3.475,,,,235.552,0.0,0.0,,,,,264.793,263.0,267.0,,,0.0,21219.0,21247.0,0.0,0.0,0.0,0.0,0.0,0.0,29.0,0.0,0.0,0.0,29.0,0.0,0.0,0.0,0.0,0.0,"solar2_v,lipo2_v"
2020-12-20T19:00:00Z,30.0,30.0,,,0.0,0.0,,,,,,,,,,,3.471,3.47,3.473,,,,236.1,0.0,0.0,,,,,262.467,261.0,265.0,,,0.0,21248.0,21277.0,0.0,0.0,0.0,0.0,0.0,0.0,30.0,0.0,0.0,0.0,30.0,0.0,0.0,0.0,0.0,0.0,"solar2_v,lipo2_v"
2020-12-20T20:00:00Z,29.0,29.0,,,0.0,0.0,,,,,,,,,,,3.468,3.465,3.471,,,,236.69,0.0,0.0,,,,,261.103,261.0,262.0,,,0.0,21278.0,21306.0,0.0,0.0,0.0,0.0,0.0,0.0,29.0,0.0,0.0,0.0,29.0,0.0,0.0,0.0,0.0,0.0,"solar2_v,lipo2_v"
2020-12-20T21:00:00Z,30.0,30.0,,,0.0,0.0,,,,,,,,,,,3.464,3.461,3.466,,,,236.367,0.0,0.0,,,,,261.0,261.0,261.0,,,0.0,21307.0,21336.0,0.0,0.0,0.0,0.0,0.0,0.0,30.0,0.0,0.0,0.0,30.0,0.0,0.0,0.0,0.0,0.0,"solar2_v,lipo2_v"
2020-12-20T22:00:00Z,29.0,29.0,,,0.0,0.0,,,,,,,,,,,3.459,3.456,3.461,,,,236.345,0.0,0.0,,,,,260.655,259.0,261.0,,,0.0,21337.0,21365.0,0.0,0.0,0.0,0.0,0.0,0.0,29.0,0.0,0.0,0.0,29.0,0.0,0.0,0.0,0.0,0.0,"solar2_v,lipo2_v"
2020-12-20T23:00:00Z,29.0,29.0,,,0.035,0.352,,,,,,,,,,,3.454,3.451,3.456,,,,236.724,0.0,0.0,,,,,259.138,257.0,261.0,,,0.0,21366.0,21394.0,0.0,3.0,0.0,0.0,0.0,0.0,29.0,0.0,0.0,0.0,29.0,0.0,0.0,0.0,0.0,0.0,"solar2_v,lipo2_v"
2020-12-21T00:00:00Z,30.0,30.0,,,0.429,0.472,,,,,,,,,,,3.451,3.448,3.453,,,,235.3,0.0,0.0,,,,,266.233,262.0,273.0,,,0.0,21395.0,21424.0,0.0,30.0,0.0,0.0,0.0,0.0,30.0,0.0,0.0,0.0,30.0,0.0,0.0,0.0,0.0,0.0,"solar2_v,lipo2_v"
2020-12-21T01:00:00Z,29.0,29.0,,,0.537,0.656,,,,,,,,,,,3.448,3.446,3.45,,,,234.207,0.0,0.0,,,,,280.172,273.0,294.0,,,0.0,21425.0,21453.0,0.0,29.0,0.0,0.0,0.0,0.0,29.0,0.0,0.0,0.0,29.0,0.0,0.0,0.0,0.0,0.0,"solar2_v,lipo2_v"
2020-12-21T02:00:00Z,30.0,30.0,,,0.913,1.2,,,,,,,,,,,3.446,3.445,3.448,,,,230.2,0.0,0.0,,,,,315.633,296.0,327.0,,,0.0,21454.0,21483.0,0.0,30.0,0.0,0.0,0.0,0.0,30.0,0.0,0.0,0.0,30.0,0.0,0.0,0.0,0.0,0.0,"solar2_v,lipo2_v"
2020-12-21T03:00:00Z,29.0,29.0,,,0.875,0.993,,,,,,,,,,,3.444,3.442,3.446,,,,228.552,0.0,0.0,,,,,328.345,326.0,333.0,,,0.0,21484.0,21512.0,0.0,29.0,0.0,0.0,0.0,0.0,29.0,0.0,0.0,0.0,29.0,0.0,0.0,0.0,0.0,0.0,"solar2_v,lipo2_v"
2020-12-21T04:00:00Z,30.0,30.0,,,0.832,0.905,,,,,,,,,,,3.44,3.437,3.443,,,,228.3,0.0,0.0,,,,,328.633,327.0,331.0,,,0.0,21513.0,21542.0,0.0,30.0,0.0,0.0,0.0,0.0,30.0,0.0,0.0,0.0,30.0,0.0,0.0,0.0,0.0,0.0,"solar2_v,lipo2_v"
2020-12-21T05:00:00Z,29.0,29.0,,,0.918,1.021,,,,,,,,,,,3.434,3.432,3.438,,,,227.931,0.0,0.0,,,,,336.552,331.0,341.0,,,0.0,21543.0,21571.0,0.0,29.0,0.0,0.0,0.0,0.0,29.0,0.0,0.0,0.0,29.0,0.0,0.0,0.0,0.0,0.0,"solar2_v,lipo2_v"
2020-12-21T06:00:00Z,30.0,30.0,,,1.023,1.302,,,,,,,,,,,3.429,3.427,3.433,,,,227.467,0.0,0.0,,,,,346.533,341.0,353.0,,,0.0,21572.0,21601.0,0.0,30.0,0.0,0.0,0.0,0.0,30.0,0.0,0.0,0.0,30.0,0.0,0.0,0.0,0.0,0.0,"solar2_v,lipo2_v"
2020-12-21T07:00:00Z,29.0,29.0,,,1.165,1.307,,,,,,,,,,,3.424,3.42,3.427,,,,226.414,0.0,0.0,,,,,360.621,354.0,367.0,,,0.0,21602.0,21630.0,0.0,29.0,0.0,0.0,0.0,0.0,29.0,0.0,0.0,0.0,29.0,0.0,0.0,0.0,0.0,0.0,"solar2_v,lipo2_v"
2020-12-21T08:00:00Z,30.0,30.0,,,0.651,0.954,,,,,,,,,,,3.419,3.417,3.422,,,,227.667,0.0,0.0,,,,,343.167,333.0,353.0,,,0.0,21631.0,21660.0,0.0,30.0,0.0,0.0,0.0,0.0,30.0,0.0,0.0,0.0,30.0,0.0,0.0,0.0,0.0,0.0,"solar2_v,lipo2_v"
2020-12-21T09:00:00Z,29.0,29.0,,,0.194,0.469,,,,,,,,,,,3.415,3.412,3.417,,,,229.034,0.0,0.0,,,,,324.897,315.0,331.0,,,0.0,21661.0,21689.0,0.0,15.0,0.0,0.0,0.0,0.0,29.0,0.0,0.0,0.0,29.0,0.0,0.0,0.0,0.0,0.0,"solar2_v,lipo2_v"
2020-12-21T10:00:00Z,30.0,30.0,,,0.0,0.0,,,,,,,,,,,3.41,3.405,3.413,,,,231.4,0.0,0.0,,,,,304.767,300.0,314.0,,,0.0,21690.0,21719.0,0.0,0.0,0.0,0.0,0.0,0.0,30.0,0.0,0.0,0.0,30.0,0.0,0.0,0.0,0.0,0.0,"solar2_v,lipo2_v"
2020-12-21T11:00:00Z,29.0,29.0,,,0.0,0.0,,,,,,,,,,,3.403,3.4,3.407,,,,232.793,0.0,0.0,,,,,293.0,289.0,300.0,,,0.0,21720.0,21748.0,0.0,0.0,0.0,0.0,0.0,0.0,29.0,0.0,0.0,0.0,29.0,0.0,0.0,0.0,0.0,0.0,"solar2_v,lipo2_v"
2020-12-21T12:00:00Z,30.0,30.0,,,0.0,0.0,,,,,,,,,,,3.398,3.395,3.4,,,,233.167,0.0,0.0,,,,,287.133,286.0,289.0,,,0.0,21749.0,21778.0,0.0,0.0,0.0,0.0,0.0,0.0,30.0,0.0,0.0,0.0,30.0,0.0,0.0,0.0,0.0,0.0,"solar2_v,lipo2_v"
2020-12-21T13:00:00Z,29.0,29.0,,,0.0,0.0,,,,,,,,,,,3.395,3.394,3.395,,,,233.448,0.0,0.0,,,,,284.69,283.0,286.0,,,0.0,21779.0,21807.0,0.0,0.0,0.0,0.0,0.0,0.0,29.0,0.0,0.0,0.0,29.0,0.0,0.0,0.0,0.0,0.0,"solar2_v,lipo2_v"
2020-12-21T14:00:00Z,29.0,29.0,,,0.0,0.0,,,,,,,,,,,3.392,3.387,3.394,,,,233.586,0.0,0.0,,,,,282.931,281.0,285.0,,,0.0,21808.0,21836.0,0.0,0.0,0.0,0.0,0.0,0.0,29.0,0.0,0.0,0.0,29.0,0.0,0.0,0.0,0.0,0.0,"solar2_v,lipo2_v"
2020-12-21T15:00:00Z,30.0,30.0,,,0.0,0.0,,,,,,,,,,,3.386,3.382,3.389,,,,233.833,0.0,0.0,,,,,279.733,278.0,281.0,,,0.0,21837.0,21866.0,0.0,0.0,0.0,0.0,0.0,0.0,30.0,0.0,0.0,0.0,30.0,0.0,0.0,0.0,0.0,0.0,"solar2_v,lipo2_v"
2020-12-21T16:00:00Z,29.0,29.0,,,0.0,0.0,,,,,,,,,,,3.379,3.376,3.384,,,,233.69,0.0,0.0,,,,,278.345,275.0,280.0,,,0.0,21867.0,21895.0,0.0,0.0,0.0,0.0,0.0,0.0,29.0,0.0,0.0,0.0,29.0,0.0,0.0,0.0,0.0,0.0,"solar2_v,lipo2_v"
2020-12-21T17:00:00Z,30.0,30.0,,,0.0,0.0,,,,,,,,,,,3.373,3.369,3.376,,,,233.9,0.0,0.0,,,,,275.633,274.0,277.0,,,0.0,21896.0,21925.0,0.0,0.0,0.0,0.0,0.0,0.0,30.0,0.0,0.0,0.0,30.0,0.0,0.0,0.0,0.0,0.0,"solar2_v,lipo2_v"
2020-12-21T18:00:00Z,29.0,29.0,,,0.0,0.0,,,,,,,,,,,3.368,3.366,3.371,,,,234.621,0.0,0.0,,,,,274.207,273.0,275.0,,,0.0,21926.0,21954.0,0.0,0.0,0.0,0.0,0.0,0.0,29.0,0.0,0.0,0.0,29.0,0.0,0.0,0.0,0.0,0.0,"solar2_v,lipo2_v"
2020-12-21T19:00:00Z,30.0,30.0,,,0.0,0.0,,,,,,,,,,,3.363,3.359,3.366,,,,234.7,0.0,0.0,,,,,272.2,266.0,274.0,,,0.0,21955.0,21984.0,0.0,0.0,0.0,0.0,0.0,0.0,30.0,0.0,0.0,0.0,30.0,0.0,0.0,0.0,0.0,0.0,"solar2_v,lipo2_v"
2020-12-21T20:00:00Z,29.0,29.0,,,0.0,0.0,,,,,,,,,,,3.355,3.351,3.359,,,,236.138,0.0,0.0,,,,,262.172,259.0,266.0,,,0.0,21985.0,22013.0,0.0,0.0,0.0,0.0,0.0,0.0,29.0,0.0,0.0,0.0,29.0,0.0,0.0,0.0,0.0,0.0,"solar2_v,lipo2_v"
2020-12-21T21:00:00Z,30.0,30.0,,,0.0,0.0,,,,,,,,,,,3.347,3.343,3.351,,,,237.267,0.0,0.0,,,,,250.7,238.0,263.0,,,0.0,22014.0,22043.0,0.0,0.0,0.0,0.0,0.0,0.0,30.0,0.0,0.0,0.0,30.0,0.0,0.0,0.0,0.0,0.0,"solar2_v,lipo2_v"
2020-12-21T22:00:00Z,29.0,29.0,,,0.0,0.0,,,,,,,,,,,3.342,3.341,3.344,,,,236.448,0.0,0.0,,,,,247.931,243.0,252.0,,,0.0,22044.0,22072.0,0.0,0.0,0.0,0.0,0.0,0.0,29.0,0.0,0.0,0.0,29.0,0.0,0.0,0.0,0.0,0.0,"solar2_v,lipo2_v"
2020-12-21T23:00:00Z,30.0,30.0,,,0.0,0.0,,,,,,,,,,,3.338,3.334,3.341,,,,235.4,0.0,0.0,,,,,251.533,247.0,260.0,,,0.0,22073.0,22102.0,0.0,0.0,0.0,0.0,0.0,0.0,30.0,0.0,0.0,0.0,30.0,0.0,0.0,0.0,0.0,0.0,"solar2_v,lipo2_v"
2020-12-22T00:00:00Z,29.0,29.0,,,0.329,0.706,,,,,,,,,,,3.33,3.324,3.334,,,,232.448,0.0,0.0,,,,,260.552,248.0,273.0,,,0.0,22103.0,22131.0,0.0,17.0,0.0,0.0,0.0,0.0,29.0,0.0,0.0,0.0,29.0,0.0,0.0,0.0,0.0,0.0,"solar2_v,lipo2_v"
2020-12-22T01:00:00Z,30.0,30.0,,,0.939,1.103,,,,,,,,,,,3.32,3.316,3.324,,,,228.167,0.0,0.0,,,,,279.767,273.0,288.0,,,0.0,22132.0,22161.0,0.0,30.0,0.0,0.0,0.0,0.0,30.0,0.0,0.0,0.0,30.0,0.0,0.0,0.0,0.0,0.0,"solar2_v,lipo2_v"
2020-12-22T02:00:00Z,29.0,29.0,,,1.186,1.282,,,,,,,,,,,3.312,3.308,3.316,,,,225.103,0.0,0.0,,,,,295.414,289.0,301.0,,,0.0,22162.0,22190.0,0.0,29.0,0.0,0.0,0.0,0.0,29.0,0.0,0.0,0.0,29.0,0.0,0.0,0.0,0.0,0.0,"solar2_v,lipo2_v"
2020-12-22T03:00:00Z,30.0,30.0,,,1.348,1.42,,,,,,,,,,,3.303,3.298,3.308,,,,221.3,0.0,0.0,,,,,310.567,301.0,314.0,,,0.0,22191.0,22220.0,0.0,30.0,0.0,0.0,0.0,0.0,30.0,0.0,0.0,0.0,30.0,0.0,0.0,0.0,0.0,0.0,"solar2_v,lipo2_v"
2020-12-22T04:00:00Z,29.0,29.0,,,1.47,1.587,,,,,,,,,,,3.294,3.29,3.298,,,,218.414,0.0,0.0,,,,,323.517,314.0,330.0,,,0.0,22221.0,22249.0,0.0,29.0,0.0,0.0,0.0,0.0,29.0,0.0,0.0,0.0,29.0,0.0,0.0,0.0,0.0,0.0,"solar2_v,lipo2_v"
2020-12-22T05:00:00Z,29.0,29.0,,,1.487,1.625,,,,,,,,,,,3.288,3.285,3.29,,,,216.552,0.0,0.0,,,,,326.586,325.0,327.0,,,0.0,22250.0,22278.0,0.0,29.0,0.0,0.0,0.0,0.0,29.0,0.0,0.0,0.0,29.0,0.0,0.0,0.0,0.0,0.0,"solar2_v,lipo2_v"
2020-12-22T06:00:00Z,30.0,30.0,,,1.098,1.395,,,,,,,,,,,3.281,3.275,3.286,,,,215.633,0.0,0.0,,,,,321.1,316.0,327.0,,,0.0,22279.0,22308.0,0.0,30.0,0.0,0.0,0.0,0.0,30.0,0.0,0.0,0.0,30.0,0.0,0.0,0.0,0.0,0.0,"solar2_v,lipo2_v"
2020-12-22T07:00:00Z,29.0,29.0,,,1.054,1.128,,,,,,,,,,,3.271,3.265,3.277,,,,214.138,0.0,0.0,,,,,317.379,314.0,319.0,,,0.0,22309.0,22337.0,0.0,29.0,0.0,0.0,0.0,0.0,29.0,0.0,0.0,0.0,29.0,0.0,0.0,0.0,0.0,0.0,"solar2_v,lipo2_v"
2020-12-22T08:00:00Z,30.0,30.0,,,0.66,0.839,,,,,,,,,,,3.261,3.257,3.267,,,,212.967,0.0,0.0,,,,,311.8,305.0,314.0,,,0.0,22338.0,22367.0,0.0,30.0,0.0,0.0,0.0,0.0,30.0,0.0,0.0,0.0,30.0,0.0,0.0,0.0,0.0,0.0,"solar2_v,lipo2_v"
2020-12-22T09:00:00Z,29.0,29.0,,,0.094,0.452,,,,,,,,,,,3.25,3.245,3.257,,,,211.828,0.0,0.0,,,,,297.103,273.0,304.0,,,0.0,22368.0,22396.0,0.0,7.0,0.0,0.0,0.0,0.0,29.0,0.0,0.0,0.0,29.0,0.0,0.0,0.0,0.0,0.0,"solar2_v,lipo2_v"
2020-12-22T10:00:00Z,30.0,30.0,,,0.0,0.0,,,,,,,,,,,3.239,3.235,3.245,,,,213.5,0.0,0.0,,,,,270.5,265.0,275.0,,,0.0,22397.0,22426.0,0.0,0.0,0.0,0.0,0.0,0.0,30.0,0.0,0.0,0.0,30.0,0.0,0.0,0.0,0.0,0.0,"solar2_v,lipo2_v"
2020-12-22T11:00:00Z,29.0,29.0,,,0.0,0.0,,,,,,,,,,,3.232,3.227,3.235,,,,210.586,0.0,0.0,,,,,276.138,275.0,277.0,,,0.0,22427.0,22455.0,0.0,0.0,0.0,0.0,0.0,0.0,29.0,0.0,0.0,0.0,29.0,0.0,0.0,0.0,0.0,0.0,"solar2_v,lipo2_v"
2020-12-22T12:00:00Z,30.0,30.0,,,0.0,0.0,,,,,,,,,,,3.219,3.214,3.227,,,,208.433,0.0,0.0,,,,,277.5,275.0,280.0,,,0.0,22456.0,22485.0,0.0,0.0,0.0,0.0,0.0,0.0,30.0,0.0,0.0,0.0,30.0,0.0,0.0,0.0,0.0,0.0,"solar2_v,lipo2_v"
2020-12-22T13:00:00Z,29.0,29.0,,,0.0,0.0,,,,,,,,,,,3.208,3.201,3.214,,,,206.276,0.0,0.0,,,,,275.655,275.0,277.0,,,0.0,2.0,22506.0,0.0,0.0,0.0,0.0,0.0,0.0,29.0,0.0,0.0,0.0,29.0,0.0,0.0,0.0,0.0,0.0,"solar2_v,lipo2_v"
2020-12-22T14:00:00Z,29.0,29.0,,,0.0,0.0,,,,,,,,,,,3.193,3.186,3.201,,,,203.552,0.0,0.0,,,,,276.552,274.0,277.0,,,0.0,10.0,38.0,0.0,0.0,0.0,0.0,0.0,0.0,29.0,0.0,0.0,0.0,29.0,0.0,0.0,0.0,0.0,0.0,"solar2_v,lipo2_v"
2020-12-22T15:00:00Z,30.0,30.0,,,0.0,0.0,,,,,,,,,,,3.182,3.178,3.186,,,,201.2,0.0,0.0,,,,,274.2,273.0,276.0,,,0.0,39.0,68.0,0.0,0.0,0.0,0.0,0.0,0.0,30.0,0.0,0.0,0.0,30.0,0.0,0.0,0.0,0.0,0.0,"solar2_v,lipo2_v"
2020-12-22T16:00:00Z,29.0,29.0,,,0.0,0.0,,,,,,,,,,,3.171,3.164,3.179,,,,198.828,0.0,0.0,,,,,272.276,269.0,274.0,,,0.0,69.0,97.0,0.0,0.0,0.0,0.0,0.0,0.0,29.0,0.0,0.0,0.0,29.0,0.0,0.0,0.0,0.0,0.0,"solar2_v,lipo2_v"
2020-12-22T17:00:00Z,30.0,30.0,,,0.0,0.0,,,,,,,,,,,3.143,3.128,3.164,,,,190.5,0.0,0.0,,,,,264.0,261.0,269.0,,,0.0,1.0,109.0,0.0,0.0,0.0,0.0,0.0,0.0,30.0,0.0,0.0,0.0,30.0,0.0,0.0,0.0,0.0,0.0,"solar2_v,lipo2_v"
2020-12-22T18:00:00Z,29.0,29.0,,,0.0,0.0,,,,,,,,,,,3.115,3.103,3.128,,,,184.655,0.0,0.0,,,,,250.655,246.0,261.0,,,0.0,1.0,1.0,0.0,0.0,0.0,0.0,0.0,0.0,29.0,0.0,0.0,0.0,29.0,0.0,0.0,0.0,0.0,0.0,"solar2_v,lipo2_v"
2020-12-22T19:00:00Z,29.0,29.0,,,0.0,0.0,,,,,,,,,,,3.089,3.079,3.102,,,,181.069,0.0,0.0,,,,,246.655,245.0,247.0,,,0.0,1.0,1.0,0.0,0.0,0.0,0.0,0.0,0.0,29.0,0.0,0.0,0.0,29.0,0.0,0.0,0.0,0.0,0.0,"solar2_v,lipo2_v"
2020-12-22T20:00:00Z,29.0,29.0,,,0.0,0.0,,,,,,,,,,,3.065,3.052,3.079,,,,175.517,0.0,0.0,,,,,247.483,247.0,249.0,,,0.0,1.0,1.0,0.0,0.0,0.0,0.0,0.0,0.0,29.0,0.0,0.0,0.0,29.0,0.0,0.0,0.0,0.0,0.0,"solar2_v,lipo2_v"
2020-12-22T21:00:00Z,29.0,29.0,,,0.0,0.0,,,,,,,,,,,3.036,3.024,3.05,,,,169.31,0.0,0.0,,,,,249.069,247.0,252.0,,,0.0,1.0,1.0,0.0,0.0,0.0,0.0,0.0,0.0,29.0,0.0,0.0,0.0,29.0,0.0,0.0,0.0,0.0,0.0,"solar2_v,lipo2_v"
2020-12-22T22:00:00Z,30.0,30.0,,,0.0,0.0,,,,,,,,,,,3.005,2.986,3.024,,,,161.867,0.0,0.0,,,,,308.8,251.0,586.0,,,0.0,1.0,1.0,0.0,0.0,0.0,0.0,0.0,0.0,30.0,0.0,0.0,0.0,30.0,0.0,0.0,0.0,0.0,0.0,"solar2_v,lipo2_v"
2020-12-22T23:00:00Z,29.0,29.0,,,0.0,0.0,,,,,,,,,,,2.966,2.947,2.983,,,,155.0,0.0,0.0,,,,,581.276,577.0,585.0,,,0.0,1.0,1.0,0.0,0.0,0.0,0.0,0.0,0.0,29.0,0.0,0.0,0.0,29.0,0.0,0.0,0.0,0.0,0.0,"solar2_v,lipo2_v"
2020-12-23T00:00:00Z,20.0,20.0,,,0.0,0.0,,,,,,,,,,,2.93,2.915,2.945,,,,155.0,0.0,0.0,,,,,574.7,572.0,578.0,,,0.0,1.0,1.0,0.0,0.0,0.0,0.0,0.0,0.0,20.0,0.0,0.0,0.0,20.0,0.0,0.0,0.0,0.0,0.0,"solar2_v,lipo2_v"
