ts_utc,n_samples,n_out_of_range,solar_v_avg,solar_v_max,solar2_v_avg,solar2_v_max,solar3_v_avg,solar3_v_max,battery_v_avg,battery_v_min,battery_v_max,battery2_v_min,battery2_v_max,lipo_v_avg,lipo_v_min,lipo_v_max,lipo2_v_avg,lipo2_v_min,lipo2_v_max,current_a_avg,current_a_chA_avg,current_a_chB_avg,current2_a_avg,power_w_avg,power_w_max,load_v_avg,load1_v_avg,load2_v_avg,wind_v_avg,temp_deci_c_avg,temp_deci_c_min,temp_deci_c_max,voltage_adc_avg,digital_adc_avg,energy_wh,boot_count_min,boot_count_max,solar_v_n_oor,solar2_v_n_oor,solar3_v_n_oor,battery_v_n_oor,battery2_v_n_oor,lipo_v_n_oor,lipo2_v_n_oor,current_a_n_oor,current_a_chA_n_oor,current_a_chB_n_oor,current2_a_n_oor,power_w_n_oor,load_v_n_oor,load1_v_n_oor,load2_v_n_oor,temp_c_n_oor,scaled_channels
2021-02-09T15:00:00Z,16.0,16.0,,,0.0,0.0,,,,,,,,,,,3.504,2.549,3.809,,,,239.312,0.0,0.0,,,,,320.5,296.0,334.0,,,0.0,1.0,20.0,0.0,0.0,0.0,0.0,0.0,0.0,16.0,0.0,0.0,0.0,16.0,0.0,0.0,0.0,0.0,0.0,"solar2_v,lipo2_v"
2021-02-09T16:00:00Z,21.0,21.0,,,0.0,0.0,,,,,,,,,,,4.007,3.93,4.067,,,,228.81,0.0,0.0,,,,,329.476,327.0,336.0,,,0.0,29.0,49.0,0.0,0.0,0.0,0.0,0.0,0.0,21.0,0.0,0.0,0.0,21.0,0.0,0.0,0.0,0.0,0.0,"solar2_v,lipo2_v"
2021-02-09T17:00:00Z,29.0,29.0,,,0.0,0.0,,,,,,,,,,,4.113,4.069,4.139,,,,234.103,0.0,0.0,,,,,327.517,326.0,329.0,,,0.0,50.0,78.0,0.0,0.0,0.0,0.0,0.0,0.0,29.0,0.0,0.0,0.0,29.0,0.0,0.0,0.0,0.0,0.0,"solar2_v,lipo2_v"
2021-02-09T18:00:00Z,30.0,30.0,,,0.0,0.0,,,,,,,,,,,4.152,4.139,4.164,,,,228.0,0.0,0.0,,,,,322.5,318.0,326.0,,,0.0,79.0,108.0,0.0,0.0,0.0,0.0,0.0,0.0,30.0,0.0,0.0,0.0,30.0,0.0,0.0,0.0,0.0,0.0,"solar2_v,lipo2_v"
2021-02-09T19:00:00Z,29.0,29.0,,,0.0,0.0,,,,,,,,,,,4.177,4.166,4.184,,,,239.276,0.0,0.0,,,,,317.103,314.0,320.0,,,0.0,109.0,137.0,0.0,0.0,0.0,0.0,0.0,0.0,29.0,0.0,0.0,0.0,29.0,0.0,0.0,0.0,0.0,0.0,"solar2_v,lipo2_v"
2021-02-09T20:00:00Z,30.0,30.0,,,0.0,0.0,,,,,,,,,,,4.174,4.158,4.187,,,,232.0,0.0,0.0,,,,,313.8,313.0,315.0,,,0.0,138.0,167.0,0.0,0.0,0.0,0.0,0.0,0.0,30.0,0.0,0.0,0.0,30.0,0.0,0.0,0.0,0.0,0.0,"solar2_v,lipo2_v"
2021-02-09T21:00:00Z,29.0,29.0,,,0.0,0.0,,,,,,,,,,,4.154,4.148,4.158,,,,234.966,0.0,0.0,,,,,311.0,308.0,313.0,,,0.0,168.0,196.0,0.0,0.0,0.0,0.0,0.0,0.0,29.0,0.0,0.0,0.0,29.0,0.0,0.0,0.0,0.0,0.0,"solar2_v,lipo2_v"
2021-02-09T22:00:00Z,30.0,30.0,,,0.0,0.0,,,,,,,,,,,4.147,4.144,4.149,,,,236.7,0.0,0.0,,,,,311.167,307.0,313.0,,,0.0,197.0,226.0,0.0,0.0,0.0,0.0,0.0,0.0,30.0,0.0,0.0,0.0,30.0,0.0,0.0,0.0,0.0,0.0,"solar2_v,lipo2_v"
2021-02-09T23:00:00Z,29.0,29.0,,,0.0,0.0,,,,,,,,,,,4.143,4.141,4.146,,,,231.586,0.0,0.0,,,,,312.241,306.0,314.0,,,0.0,227.0,255.0,0.0,0.0,0.0,0.0,0.0,0.0,29.0,0.0,0.0,0.0,29.0,0.0,0.0,0.0,0.0,0.0,"solar2_v,lipo2_v"
2021-02-10T00:00:00Z,30.0,30.0,,,0.0,0.0,,,,,,,,,,,4.142,4.141,4.143,,,,234.933,0.0,0.0,,,,,311.633,307.0,314.0,,,0.0,256.0,285.0,0.0,0.0,0.0,0.0,0.0,0.0,30.0,0.0,0.0,0.0,30.0,0.0,0.0,0.0,0.0,0.0,"solar2_v,lipo2_v"
2021-02-10T01:00:00Z,28.0,28.0,,,0.717,1.071,,,,,,,,,,,4.133,4.13,4.141,,,,232.214,0.0,0.0,,,,,306.536,301.0,314.0,,,0.0,286.0,314.0,0.0,24.0,0.0,0.0,0.0,0.0,28.0,0.0,0.0,0.0,28.0,0.0,0.0,0.0,0.0,0.0,"solar2_v,lipo2_v"
2021-02-10T02:00:00Z,29.0,29.0,,,1.277,1.579,,,,,,,,,,,4.13,4.128,4.131,,,,228.759,0.0,0.0,,,,,330.207,313.0,347.0,,,0.0,315.0,343.0,0.0,29.0,0.0,0.0,0.0,0.0,29.0,0.0,0.0,0.0,29.0,0.0,0.0,0.0,0.0,0.0,"solar2_v,lipo2_v"
2021-02-10T03:00:00Z,30.0,30.0,,,1.29,1.758,,,,,,,,,,,4.129,4.126,4.131,,,,227.7,0.0,0.0,,,,,339.733,329.0,354.0,,,0.0,344.0,373.0,0.0,30.0,0.0,0.0,0.0,0.0,30.0,0.0,0.0,0.0,30.0,0.0,0.0,0.0,0.0,0.0,"solar2_v,lipo2_v"
2021-02-10T04:00:00Z,29.0,29.0,,,1.252,1.697,,,,,,,,,,,4.126,4.123,4.128,,,,225.724,0.0,0.0,,,,,364.31,354.0,377.0,,,0.0,374.0,402.0,0.0,29.0,0.0,0.0,0.0,0.0,29.0,0.0,0.0,0.0,29.0,0.0,0.0,0.0,0.0,0.0,"solar2_v,lipo2_v"
2021-02-10T05:00:00Z,30.0,30.0,,,1.29,1.617,,,,,,,,,,,4.125,4.12,4.128,,,,225.267,0.0,0.0,,,,,371.533,362.0,379.0,,,0.0,403.0,432.0,0.0,30.0,0.0,0.0,0.0,0.0,30.0,0.0,0.0,0.0,30.0,0.0,0.0,0.0,0.0,0.0,"solar2_v,lipo2_v"
2021-02-10T06:00:00Z,29.0,29.0,,,1.376,1.784,,,,,,,,,,,4.122,4.12,4.125,,,,225.586,0.0,0.0,,,,,366.517,355.0,383.0,,,0.0,433.0,461.0,0.0,29.0,0.0,0.0,0.0,0.0,29.0,0.0,0.0,0.0,29.0,0.0,0.0,0.0,0.0,0.0,"solar2_v,lipo2_v"
2021-02-10T07:00:00Z,30.0,30.0,,,0.746,1.459,,,,,,,,,,,4.12,4.116,4.125,,,,225.4,0.0,0.0,,,,,367.933,343.0,392.0,,,0.0,462.0,491.0,0.0,30.0,0.0,0.0,0.0,0.0,30.0,0.0,0.0,0.0,30.0,0.0,0.0,0.0,0.0,0.0,"solar2_v,lipo2_v"
2021-02-10T08:00:00Z,28.0,28.0,,,0.6,1.187,,,,,,,,,,,4.117,4.115,4.12,,,,227.929,0.0,0.0,,,,,341.321,340.0,345.0,,,0.0,492.0,520.0,0.0,28.0,0.0,0.0,0.0,0.0,28.0,0.0,0.0,0.0,28.0,0.0,0.0,0.0,0.0,0.0,"solar2_v,lipo2_v"
2021-02-10T09:00:00Z,30.0,30.0,,,0.055,0.524,,,,,,,,,,,4.115,4.111,4.116,,,,228.8,0.0,0.0,,,,,330.9,318.0,345.0,,,0.0,521.0,550.0,0.0,4.0,0.0,0.0,0.0,0.0,30.0,0.0,0.0,0.0,30.0,0.0,0.0,0.0,0.0,0.0,"solar2_v,lipo2_v"
2021-02-10T10:00:00Z,29.0,29.0,,,0.0,0.0,,,,,,,,,,,4.112,4.11,4.115,,,,230.759,0.0,0.0,,,,,312.172,305.0,317.0,,,0.0,551.0,579.0,0.0,0.0,0.0,0.0,0.0,0.0,29.0,0.0,0.0,0.0,29.0,0.0,0.0,0.0,0.0,0.0,"solar2_v,lipo2_v"
2021-02-10T11:00:00Z,29.0,29.0,,,0.0,0.0,,,,,,,,,,,4.111,4.108,4.113,,,,232.241,0.0,0.0,,,,,301.103,299.0,304.0,,,0.0,580.0,608.0,0.0,0.0,0.0,0.0,0.0,0.0,29.0,0.0,0.0,0.0,29.0,0.0,0.0,0.0,0.0,0.0,"solar2_v,lipo2_v"
2021-02-10T12:00:00Z,30.0,30.0,,,0.0,0.0,,,,,,,,,,,4.109,4.108,4.111,,,,232.9,0.0,0.0,,,,,295.8,291.0,300.0,,,0.0,609.0,638.0,0.0,0.0,0.0,0.0,0.0,0.0,30.0,0.0,0.0,0.0,30.0,0.0,0.0,0.0,0.0,0.0,"solar2_v,lipo2_v"
2021-02-10T13:00:00Z,29.0,29.0,,,0.0,0.0,,,,,,,,,,,4.106,4.105,4.108,,,,233.172,0.0,0.0,,,,,291.828,291.0,293.0,,,0.0,639.0,667.0,0.0,0.0,0.0,0.0,0.0,0.0,29.0,0.0,0.0,0.0,29.0,0.0,0.0,0.0,0.0,0.0,"solar2_v,lipo2_v"
2021-02-10T14:00:00Z,30.0,30.0,,,0.0,0.0,,,,,,,,,,,4.106,4.105,4.108,,,,233.167,0.0,0.0,,,,,288.667,286.0,293.0,,,0.0,668.0,697.0,0.0,0.0,0.0,0.0,0.0,0.0,30.0,0.0,0.0,0.0,30.0,0.0,0.0,0.0,0.0,0.0,"solar2_v,lipo2_v"
2021-02-10T15:00:00Z,29.0,29.0,,,0.0,0.0,,,,,,,,,,,4.105,4.103,4.106,,,,233.621,0.0,0.0,,,,,285.034,283.0,287.0,,,0.0,698.0,726.0,0.0,0.0,0.0,0.0,0.0,0.0,29.0,0.0,0.0,0.0,29.0,0.0,0.0,0.0,0.0,0.0,"solar2_v,lipo2_v"
2021-02-10T16:00:00Z,30.0,30.0,,,0.0,0.0,,,,,,,,,,,4.105,4.103,4.105,,,,233.233,0.0,0.0,,,,,286.833,283.0,290.0,,,0.0,727.0,756.0,0.0,0.0,0.0,0.0,0.0,0.0,30.0,0.0,0.0,0.0,30.0,0.0,0.0,0.0,0.0,0.0,"solar2_v,lipo2_v"
2021-02-10T17:00:00Z,29.0,29.0,,,0.0,0.0,,,,,,,,,,,4.104,4.102,4.105,,,,233.724,0.0,0.0,,,,,281.828,281.0,285.0,,,0.0,757.0,785.0,0.0,0.0,0.0,0.0,0.0,0.0,29.0,0.0,0.0,0.0,29.0,0.0,0.0,0.0,0.0,0.0,"solar2_v,lipo2_v"
2021-02-10T18:00:00Z,30.0,30.0,,,0.0,0.0,,,,,,,,,,,4.102,4.1,4.105,,,,233.567,0.0,0.0,,,,,282.5,281.0,284.0,,,0.0,786.0,815.0,0.0,0.0,0.0,0.0,0.0,0.0,30.0,0.0,0.0,0.0,30.0,0.0,0.0,0.0,0.0,0.0,"solar2_v,lipo2_v"
2021-02-10T19:00:00Z,29.0,29.0,,,0.0,0.0,,,,,,,,,,,4.1,4.098,4.102,,,,233.862,0.0,0.0,,,,,279.276,277.0,282.0,,,0.0,816.0,844.0,0.0,0.0,0.0,0.0,0.0,0.0,29.0,0.0,0.0,0.0,29.0,0.0,0.0,0.0,0.0,0.0,"solar2_v,lipo2_v"
2021-02-10T20:00:00Z,30.0,30.0,,,0.0,0.0,,,,,,,,,,,4.098,4.095,4.102,,,,234.233,0.0,0.0,,,,,279.533,278.0,281.0,,,0.0,845.0,874.0,0.0,0.0,0.0,0.0,0.0,0.0,30.0,0.0,0.0,0.0,30.0,0.0,0.0,0.0,0.0,0.0,"solar2_v,lipo2_v"
2021-02-10T21:00:00Z,29.0,29.0,,,0.0,0.0,,,,,,,,,,,4.097,4.095,4.1,,,,234.034,0.0,0.0,,,,,276.586,275.0,278.0,,,0.0,875.0,903.0,0.0,0.0,0.0,0.0,0.0,0.0,29.0,0.0,0.0,0.0,29.0,0.0,0.0,0.0,0.0,0.0,"solar2_v,lipo2_v"
2021-02-10T22:00:00Z,28.0,28.0,,,0.0,0.0,,,,,,,,,,,4.097,4.095,4.098,,,,234.036,0.0,0.0,,,,,276.536,275.0,277.0,,,0.0,904.0,932.0,0.0,0.0,0.0,0.0,0.0,0.0,28.0,0.0,0.0,0.0,28.0,0.0,0.0,0.0,0.0,0.0,"solar2_v,lipo2_v"
2021-02-10T23:00:00Z,30.0,30.0,,,0.0,0.0,,,,,,,,,,,4.094,4.092,4.097,,,,233.7,0.0,0.0,,,,,277.533,277.0,278.0,,,0.0,933.0,962.0,0.0,0.0,0.0,0.0,0.0,0.0,30.0,0.0,0.0,0.0,30.0,0.0,0.0,0.0,0.0,0.0,"solar2_v,lipo2_v"
2021-02-11T00:00:00Z,29.0,29.0,,,0.336,0.551,,,,,,,,,,,4.094,4.092,4.097,,,,233.241,0.0,0.0,,,,,284.552,279.0,291.0,,,0.0,963.0,991.0,0.0,22.0,0.0,0.0,0.0,0.0,29.0,0.0,0.0,0.0,29.0,0.0,0.0,0.0,0.0,0.0,"solar2_v,lipo2_v"
2021-02-11T01:00:00Z,30.0,30.0,,,0.808,1.41,,,,,,,,,,,4.094,4.092,4.097,,,,232.433,0.0,0.0,,,,,297.6,290.0,316.0,,,0.0,992.0,1021.0,0.0,30.0,0.0,0.0,0.0,0.0,30.0,0.0,0.0,0.0,30.0,0.0,0.0,0.0,0.0,0.0,"solar2_v,lipo2_v"
2021-02-11T02:00:00Z,29.0,29.0,,,1.357,1.791,,,,,,,,,,,4.093,4.09,4.095,,,,228.103,0.0,0.0,,,,,335.138,316.0,358.0,,,0.0,1022.0,1050.0,0.0,29.0,0.0,0.0,0.0,0.0,29.0,0.0,0.0,0.0,29.0,0.0,0.0,0.0,0.0,0.0,"solar2_v,lipo2_v"
2021-02-11T03:00:00Z,30.0,30.0,,,1.198,1.809,,,,,,,,,,,4.093,4.09,4.095,,,,228.0,0.0,0.0,,,,,338.5,327.0,355.0,,,0.0,1051.0,1080.0,0.0,30.0,0.0,0.0,0.0,0.0,30.0,0.0,0.0,0.0,30.0,0.0,0.0,0.0,0.0,0.0,"solar2_v,lipo2_v"
2021-02-11T04:00:00Z,29.0,29.0,,,0.638,1.441,,,,,,,,,,,4.091,4.088,4.093,,,,228.793,0.0,0.0,,,,,331.931,313.0,350.0,,,0.0,1081.0,1109.0,0.0,25.0,0.0,0.0,0.0,0.0,29.0,0.0,0.0,0.0,29.0,0.0,0.0,0.0,0.0,0.0,"solar2_v,lipo2_v"
2021-02-11T05:00:00Z,30.0,30.0,,,1.019,1.358,,,,,,,,,,,4.089,4.087,4.092,,,,229.433,0.0,0.0,,,,,321.333,313.0,327.0,,,0.0,1110.0,1139.0,0.0,30.0,0.0,0.0,0.0,0.0,30.0,0.0,0.0,0.0,30.0,0.0,0.0,0.0,0.0,0.0,"solar2_v,lipo2_v"
2021-02-11T06:00:00Z,29.0,29.0,,,0.671,1.302,,,,,,,,,,,4.087,4.085,4.09,,,,230.345,0.0,0.0,,,,,317.379,312.0,326.0,,,0.0,1140.0,1168.0,0.0,28.0,0.0,0.0,0.0,0.0,29.0,0.0,0.0,0.0,29.0,0.0,0.0,0.0,0.0,0.0,"solar2_v,lipo2_v"
2021-02-11T07:00:00Z,29.0,29.0,,,1.082,1.546,,,,,,,,,,,4.086,4.085,4.088,,,,228.724,0.0,0.0,,,,,326.345,317.0,329.0,,,0.0,1169.0,1197.0,0.0,29.0,0.0,0.0,0.0,0.0,29.0,0.0,0.0,0.0,29.0,0.0,0.0,0.0,0.0,0.0,"solar2_v,lipo2_v"
2021-02-11T08:00:00Z,30.0,30.0,,,0.451,0.588,,,,,,,,,,,4.085,4.083,4.087,,,,231.033,0.0,0.0,,,,,310.133,302.0,323.0,,,0.0,1198.0,1227.0,0.0,30.0,0.0,0.0,0.0,0.0,30.0,0.0,0.0,0.0,30.0,0.0,0.0,0.0,0.0,0.0,"solar2_v,lipo2_v"
2021-02-11T09:00:00Z,29.0,29.0,,,0.524,0.656,,,,,,,,,,,4.084,4.082,4.085,,,,231.793,0.0,0.0,,,,,304.241,301.0,306.0,,,0.0,1228.0,1256.0,0.0,29.0,0.0,0.0,0.0,0.0,29.0,0.0,0.0,0.0,29.0,0.0,0.0,0.0,0.0,0.0,"solar2_v,lipo2_v"
2021-02-11T10:00:00Z,30.0,30.0,,,0.0,0.0,,,,,,,,,,,4.083,4.082,4.083,,,,232.633,0.0,0.0,,,,,296.4,291.0,301.0,,,0.0,1257.0,1286.0,0.0,0.0,0.0,0.0,0.0,0.0,30.0,0.0,0.0,0.0,30.0,0.0,0.0,0.0,0.0,0.0,"solar2_v,lipo2_v"
2021-02-11T11:00:00Z,29.0,29.0,,,0.0,0.0,,,,,,,,,,,4.082,4.082,4.083,,,,232.862,0.0,0.0,,,,,289.241,287.0,291.0,,,0.0,1287.0,1315.0,0.0,0.0,0.0,0.0,0.0,0.0,29.0,0.0,0.0,0.0,29.0,0.0,0.0,0.0,0.0,0.0,"solar2_v,lipo2_v"
2021-02-11T12:00:00Z,30.0,30.0,,,0.0,0.0,,,,,,,,,,,4.081,4.08,4.082,,,,233.167,0.0,0.0,,,,,286.167,284.0,287.0,,,0.0,1316.0,1345.0,0.0,0.0,0.0,0.0,0.0,0.0,30.0,0.0,0.0,0.0,30.0,0.0,0.0,0.0,0.0,0.0,"solar2_v,lipo2_v"
2021-02-11T13:00:00Z,29.0,29.0,,,0.0,0.0,,,,,,,,,,,4.081,4.08,4.082,,,,233.345,0.0,0.0,,,,,285.828,282.0,287.0,,,0.0,1346.0,1374.0,0.0,0.0,0.0,0.0,0.0,0.0,29.0,0.0,0.0,0.0,29.0,0.0,0.0,0.0,0.0,0.0,"solar2_v,lipo2_v"
2021-02-11T14:00:00Z,30.0,30.0,,,0.0,0.0,,,,,,,,,,,4.08,4.08,4.08,,,,233.767,0.0,0.0,,,,,280.7,278.0,281.0,,,0.0,1375.0,1404.0,0.0,0.0,0.0,0.0,0.0,0.0,30.0,0.0,0.0,0.0,30.0,0.0,0.0,0.0,0.0,0.0,"solar2_v,lipo2_v"
2021-02-11T15:00:00Z,29.0,29.0,,,0.0,0.0,,,,,,,,,,,4.08,4.08,4.08,,,,233.759,0.0,0.0,,,,,277.517,276.0,279.0,,,0.0,1405.0,1433.0,0.0,0.0,0.0,0.0,0.0,0.0,29.0,0.0,0.0,0.0,29.0,0.0,0.0,0.0,0.0,0.0,"solar2_v,lipo2_v"
2021-02-11T16:00:00Z,28.0,28.0,,,0.0,0.0,,,,,,,,,,,4.079,4.078,4.08,,,,234.607,0.0,0.0,,,,,274.179,273.0,276.0,,,0.0,1434.0,1462.0,0.0,0.0,0.0,0.0,0.0,0.0,28.0,0.0,0.0,0.0,28.0,0.0,0.0,0.0,0.0,0.0,"solar2_v,lipo2_v"
2021-02-11T17:00:00Z,30.0,30.0,,,0.0,0.0,,,,,,,,,,,4.079,4.077,4.08,,,,234.7,0.0,0.0,,,,,273.067,270.0,274.0,,,0.0,1463.0,1492.0,0.0,0.0,0.0,0.0,0.0,0.0,30.0,0.0,0.0,0.0,30.0,0.0,0.0,0.0,0.0,0.0,"solar2_v,lipo2_v"
2021-02-11T18:00:00Z,29.0,29.0,,,0.0,0.0,,,,,,,,,,,4.078,4.078,4.08,,,,234.655,0.0,0.0,,,,,271.655,270.0,273.0,,,0.0,1493.0,1521.0,0.0,0.0,0.0,0.0,0.0,0.0,29.0,0.0,0.0,0.0,29.0,0.0,0.0,0.0,0.0,0.0,"solar2_v,lipo2_v"
2021-02-11T19:00:00Z,30.0,30.0,,,0.0,0.0,,,,,,,,,,,4.077,4.075,4.078,,,,235.067,0.0,0.0,,,,,271.3,269.0,273.0,,,0.0,1522.0,1551.0,0.0,0.0,0.0,0.0,0.0,0.0,30.0,0.0,0.0,0.0,30.0,0.0,0.0,0.0,0.0,0.0,"solar2_v,lipo2_v"
2021-02-11T20:00:00Z,29.0,29.0,,,0.0,0.0,,,,,,,,,,,4.077,4.075,4.078,,,,234.966,0.0,0.0,,,,,272.103,270.0,274.0,,,0.0,1552.0,1580.0,0.0,0.0,0.0,0.0,0.0,0.0,29.0,0.0,0.0,0.0,29.0,0.0,0.0,0.0,0.0,0.0,"solar2_v,lipo2_v"
2021-02-13T07:00:00Z,11.0,11.0,,,0.997,1.42,,,,,,,,,,,4.017,4.014,4.019,,,,226.909,0.0,0.0,,,,,348.091,340.0,353.0,,,0.0,2425.0,2435.0,0.0,11.0,0.0,0.0,0.0,0.0,11.0,0.0,0.0,0.0,11.0,0.0,0.0,0.0,0.0,0.0,"solar2_v,lipo2_v"
2021-02-13T08:00:00Z,30.0,30.0,,,0.829,1.277,,,,,,,,,,,4.018,4.016,4.019,,,,228.167,0.0,0.0,,,,,333.533,327.0,340.0,,,0.0,2436.0,2465.0,0.0,30.0,0.0,0.0,0.0,0.0,30.0,0.0,0.0,0.0,30.0,0.0,0.0,0.0,0.0,0.0,"solar2_v,lipo2_v"
2021-02-13T09:00:00Z,29.0,29.0,,,0.567,0.785,,,,,,,,,,,4.018,4.016,4.021,,,,229.862,0.0,0.0,,,,,316.483,306.0,329.0,,,0.0,2466.0,2494.0,0.0,29.0,0.0,0.0,0.0,0.0,29.0,0.0,0.0,0.0,29.0,0.0,0.0,0.0,0.0,0.0,"solar2_v,lipo2_v"
2021-02-13T10:00:00Z,30.0,30.0,,,0.033,0.346,,,,,,,,,,,4.017,4.016,4.019,,,,232.467,0.0,0.0,,,,,295.667,286.0,304.0,,,0.0,2495.0,2524.0,0.0,3.0,0.0,0.0,0.0,0.0,30.0,0.0,0.0,0.0,30.0,0.0,0.0,0.0,0.0,0.0,"solar2_v,lipo2_v"
2021-02-13T11:00:00Z,29.0,29.0,,,0.0,0.0,,,,,,,,,,,4.016,4.014,4.019,,,,233.966,0.0,0.0,,,,,278.172,274.0,286.0,,,0.0,2525.0,2553.0,0.0,0.0,0.0,0.0,0.0,0.0,29.0,0.0,0.0,0.0,29.0,0.0,0.0,0.0,0.0,0.0,"solar2_v,lipo2_v"
2021-02-13T12:00:00Z,30.0,30.0,,,0.0,0.0,,,,,,,,,,,4.016,4.012,4.017,,,,234.733,0.0,0.0,,,,,272.9,270.0,274.0,,,0.0,2554.0,2583.0,0.0,0.0,0.0,0.0,0.0,0.0,30.0,0.0,0.0,0.0,30.0,0.0,0.0,0.0,0.0,0.0,"solar2_v,lipo2_v"
2021-02-13T13:00:00Z,29.0,29.0,,,0.0,0.0,,,,,,,,,,,4.014,4.012,4.016,,,,235.724,0.0,0.0,,,,,268.31,267.0,270.0,,,0.0,2584.0,2612.0,0.0,0.0,0.0,0.0,0.0,0.0,29.0,0.0,0.0,0.0,29.0,0.0,0.0,0.0,0.0,0.0,"solar2_v,lipo2_v"
2021-02-13T14:00:00Z,30.0,30.0,,,0.0,0.0,,,,,,,,,,,4.014,4.011,4.016,,,,236.033,0.0,0.0,,,,,263.533,261.0,267.0,,,0.0,2613.0,2642.0,0.0,0.0,0.0,0.0,0.0,0.0,30.0,0.0,0.0,0.0,30.0,0.0,0.0,0.0,0.0,0.0,"solar2_v,lipo2_v"
2021-02-13T15:00:00Z,29.0,29.0,,,0.0,0.0,,,,,,,,,,,4.014,4.011,4.016,,,,236.31,0.0,0.0,,,,,261.034,261.0,262.0,,,0.0,2643.0,2671.0,0.0,0.0,0.0,0.0,0.0,0.0,29.0,0.0,0.0,0.0,29.0,0.0,0.0,0.0,0.0,0.0,"solar2_v,lipo2_v"
2021-02-13T16:00:00Z,30.0,30.0,,,0.0,0.0,,,,,,,,,,,4.013,4.011,4.016,,,,236.233,0.0,0.0,,,,,261.0,261.0,261.0,,,0.0,2672.0,2701.0,0.0,0.0,0.0,0.0,0.0,0.0,30.0,0.0,0.0,0.0,30.0,0.0,0.0,0.0,0.0,0.0,"solar2_v,lipo2_v"
2021-02-13T17:00:00Z,29.0,29.0,,,0.0,0.0,,,,,,,,,,,4.012,4.009,4.014,,,,236.517,0.0,0.0,,,,,261.0,261.0,261.0,,,0.0,2702.0,2730.0,0.0,0.0,0.0,0.0,0.0,0.0,29.0,0.0,0.0,0.0,29.0,0.0,0.0,0.0,0.0,0.0,"solar2_v,lipo2_v"
2021-02-13T18:00:00Z,30.0,30.0,,,0.0,0.0,,,,,,,,,,,4.012,4.011,4.014,,,,236.8,0.0,0.0,,,,,260.4,260.0,261.0,,,0.0,2731.0,2760.0,0.0,0.0,0.0,0.0,0.0,0.0,30.0,0.0,0.0,0.0,30.0,0.0,0.0,0.0,0.0,0.0,"solar2_v,lipo2_v"
2021-02-13T19:00:00Z,29.0,29.0,,,0.0,0.0,,,,,,,,,,,4.012,4.011,4.014,,,,237.138,0.0,0.0,,,,,256.31,253.0,260.0,,,0.0,2761.0,2789.0,0.0,0.0,0.0,0.0,0.0,0.0,29.0,0.0,0.0,0.0,29.0,0.0,0.0,0.0,0.0,0.0,"solar2_v,lipo2_v"
2021-02-13T20:00:00Z,29.0,29.0,,,0.0,0.0,,,,,,,,,,,4.011,4.009,4.012,,,,237.172,0.0,0.0,,,,,252.69,252.0,257.0,,,0.0,2790.0,2818.0,0.0,0.0,0.0,0.0,0.0,0.0,29.0,0.0,0.0,0.0,29.0,0.0,0.0,0.0,0.0,0.0,"solar2_v,lipo2_v"
2021-02-13T21:00:00Z,30.0,30.0,,,0.0,0.0,,,,,,,,,,,4.011,4.009,4.012,,,,237.467,0.0,0.0,,,,,255.133,254.0,258.0,,,0.0,2819.0,2848.0,0.0,0.0,0.0,0.0,0.0,0.0,30.0,0.0,0.0,0.0,30.0,0.0,0.0,0.0,0.0,0.0,"solar2_v,lipo2_v"
2021-02-13T22:00:00Z,29.0,29.0,,,0.0,0.0,,,,,,,,,,,4.01,4.007,4.012,,,,237.034,0.0,0.0,,,,,258.414,257.0,260.0,,,0.0,2849.0,2877.0,0.0,0.0,0.0,0.0,0.0,0.0,29.0,0.0,0.0,0.0,29.0,0.0,0.0,0.0,0.0,0.0,"solar2_v,lipo2_v"
2021-02-13T23:00:00Z,30.0,30.0,,,0.0,0.0,,,,,,,,,,,4.01,4.009,4.011,,,,237.0,0.0,0.0,,,,,260.0,259.0,261.0,,,0.0,2878.0,2907.0,0.0,0.0,0.0,0.0,0.0,0.0,30.0,0.0,0.0,0.0,30.0,0.0,0.0,0.0,0.0,0.0,"solar2_v,lipo2_v"
2021-02-14T00:00:00Z,29.0,29.0,,,0.334,0.551,,,,,,,,,,,4.01,4.007,4.011,,,,235.655,0.0,0.0,,,,,264.586,261.0,273.0,,,0.0,2908.0,2936.0,0.0,23.0,0.0,0.0,0.0,0.0,29.0,0.0,0.0,0.0,29.0,0.0,0.0,0.0,0.0,0.0,"solar2_v,lipo2_v"
2021-02-14T01:00:00Z,30.0,30.0,,,0.794,1.223,,,,,,,,,,,4.01,4.007,4.012,,,,233.833,0.0,0.0,,,,,279.333,273.0,289.0,,,0.0,2937.0,2966.0,0.0,30.0,0.0,0.0,0.0,0.0,30.0,0.0,0.0,0.0,30.0,0.0,0.0,0.0,0.0,0.0,"solar2_v,lipo2_v"
2021-02-14T02:00:00Z,29.0,29.0,,,1.086,1.344,,,,,,,,,,,4.01,4.007,4.011,,,,232.276,0.0,0.0,,,,,298.897,289.0,301.0,,,0.0,2967.0,2995.0,0.0,29.0,0.0,0.0,0.0,0.0,29.0,0.0,0.0,0.0,29.0,0.0,0.0,0.0,0.0,0.0,"solar2_v,lipo2_v"
2021-02-14T03:00:00Z,29.0,29.0,,,1.261,1.627,,,,,,,,,,,4.009,4.007,4.012,,,,229.345,0.0,0.0,,,,,324.034,301.0,345.0,,,0.0,2996.0,3025.0,0.0,29.0,0.0,0.0,0.0,0.0,29.0,0.0,0.0,0.0,29.0,0.0,0.0,0.0,0.0,0.0,"solar2_v,lipo2_v"
2021-02-14T04:00:00Z,29.0,29.0,,,1.525,1.704,,,,,,,,,,,4.01,4.009,4.011,,,,227.345,0.0,0.0,,,,,348.0,340.0,354.0,,,0.0,3026.0,3054.0,0.0,29.0,0.0,0.0,0.0,0.0,29.0,0.0,0.0,0.0,29.0,0.0,0.0,0.0,0.0,0.0,"solar2_v,lipo2_v"
2021-02-14T05:00:00Z,30.0,30.0,,,1.295,1.682,,,,,,,,,,,4.009,4.007,4.012,,,,228.067,0.0,0.0,,,,,339.033,326.0,354.0,,,0.0,3055.0,3084.0,0.0,30.0,0.0,0.0,0.0,0.0,30.0,0.0,0.0,0.0,30.0,0.0,0.0,0.0,0.0,0.0,"solar2_v,lipo2_v"
2021-02-14T06:00:00Z,29.0,29.0,,,1.395,1.686,,,,,,,,,,,4.008,4.007,4.011,,,,226.828,0.0,0.0,,,,,351.31,339.0,365.0,,,0.0,3085.0,3113.0,0.0,29.0,0.0,0.0,0.0,0.0,29.0,0.0,0.0,0.0,29.0,0.0,0.0,0.0,0.0,0.0,"solar2_v,lipo2_v"
2021-02-14T07:00:00Z,29.0,29.0,,,0.765,1.208,,,,,,,,,,,4.007,4.006,4.011,,,,228.517,0.0,0.0,,,,,330.931,316.0,355.0,,,0.0,3114.0,3142.0,0.0,29.0,0.0,0.0,0.0,0.0,29.0,0.0,0.0,0.0,29.0,0.0,0.0,0.0,0.0,0.0,"solar2_v,lipo2_v"
2021-02-14T08:00:00Z,30.0,30.0,,,0.975,1.153,,,,,,,,,,,4.006,4.006,4.007,,,,227.9,0.0,0.0,,,,,338.1,324.0,349.0,,,0.0,3143.0,3172.0,0.0,30.0,0.0,0.0,0.0,0.0,30.0,0.0,0.0,0.0,30.0,0.0,0.0,0.0,0.0,0.0,"solar2_v,lipo2_v"
2021-02-14T09:00:00Z,29.0,29.0,,,0.577,0.777,,,,,,,,,,,4.006,4.004,4.009,,,,230.655,0.0,0.0,,,,,312.0,300.0,323.0,,,0.0,3173.0,3201.0,0.0,29.0,0.0,0.0,0.0,0.0,29.0,0.0,0.0,0.0,29.0,0.0,0.0,0.0,0.0,0.0,"solar2_v,lipo2_v"
2021-02-14T10:00:00Z,30.0,30.0,,,0.049,0.367,,,,,,,,,,,4.004,4.003,4.006,,,,233.333,0.0,0.0,,,,,287.967,277.0,298.0,,,0.0,3202.0,3231.0,0.0,4.0,0.0,0.0,0.0,0.0,30.0,0.0,0.0,0.0,30.0,0.0,0.0,0.0,0.0,0.0,"solar2_v,lipo2_v"
2021-02-14T11:00:00Z,29.0,29.0,,,0.0,0.0,,,,,,,,,,,4.004,4.001,4.006,,,,234.552,0.0,0.0,,,,,272.793,269.0,277.0,,,0.0,3232.0,3260.0,0.0,0.0,0.0,0.0,0.0,0.0,29.0,0.0,0.0,0.0,29.0,0.0,0.0,0.0,0.0,0.0,"solar2_v,lipo2_v"
2021-02-14T12:00:00Z,30.0,30.0,,,0.0,0.0,,,,,,,,,,,4.003,4.001,4.004,,,,236.1,0.0,0.0,,,,,265.8,264.0,268.0,,,0.0,3261.0,3290.0,0.0,0.0,0.0,0.0,0.0,0.0,30.0,0.0,0.0,0.0,30.0,0.0,0.0,0.0,0.0,0.0,"solar2_v,lipo2_v"
2021-02-14T13:00:00Z,29.0,29.0,,,0.0,0.0,,,,,,,,,,,4.002,4.001,4.003,,,,235.586,0.0,0.0,,,,,262.897,262.0,264.0,,,0.0,3291.0,3319.0,0.0,0.0,0.0,0.0,0.0,0.0,29.0,0.0,0.0,0.0,29.0,0.0,0.0,0.0,0.0,0.0,"solar2_v,lipo2_v"
2021-02-14T14:00:00Z,30.0,30.0,,,0.0,0.0,,,,,,,,,,,4.002,4.001,4.003,,,,236.233,0.0,0.0,,,,,261.867,261.0,262.0,,,0.0,3320.0,3349.0,0.0,0.0,0.0,0.0,0.0,0.0,30.0,0.0,0.0,0.0,30.0,0.0,0.0,0.0,0.0,0.0,"solar2_v,lipo2_v"
2021-02-14T15:00:00Z,29.0,29.0,,,0.0,0.0,,,,,,,,,,,4.001,3.999,4.003,,,,236.276,0.0,0.0,,,,,261.0,261.0,261.0,,,0.0,3350.0,3378.0,0.0,0.0,0.0,0.0,0.0,0.0,29.0,0.0,0.0,0.0,29.0,0.0,0.0,0.0,0.0,0.0,"solar2_v,lipo2_v"
2021-02-14T16:00:00Z,30.0,30.0,,,0.0,0.0,,,,,,,,,,,4.001,3.999,4.003,,,,236.133,0.0,0.0,,,,,261.567,261.0,262.0,,,0.0,3379.0,3408.0,0.0,0.0,0.0,0.0,0.0,0.0,30.0,0.0,0.0,0.0,30.0,0.0,0.0,0.0,0.0,0.0,"solar2_v,lipo2_v"
2021-02-14T17:00:00Z,29.0,29.0,,,0.0,0.0,,,,,,,,,,,4.0,3.999,4.003,,,,236.172,0.0,0.0,,,,,260.966,260.0,261.0,,,0.0,3409.0,3437.0,0.0,0.0,0.0,0.0,0.0,0.0,29.0,0.0,0.0,0.0,29.0,0.0,0.0,0.0,0.0,0.0,"solar2_v,lipo2_v"
2021-02-14T18:00:00Z,30.0,30.0,,,0.0,0.0,,,,,,,,,,,4.0,3.998,4.001,,,,236.733,0.0,0.0,,,,,259.533,255.0,261.0,,,0.0,3438.0,3467.0,0.0,0.0,0.0,0.0,0.0,0.0,30.0,0.0,0.0,0.0,30.0,0.0,0.0,0.0,0.0,0.0,"solar2_v,lipo2_v"
2021-02-14T19:00:00Z,29.0,29.0,,,0.0,0.0,,,,,,,,,,,3.999,3.998,4.001,,,,237.448,0.0,0.0,,,,,251.483,250.0,254.0,,,0.0,3468.0,3496.0,0.0,0.0,0.0,0.0,0.0,0.0,29.0,0.0,0.0,0.0,29.0,0.0,0.0,0.0,0.0,0.0,"solar2_v,lipo2_v"
2021-02-14T20:00:00Z,29.0,29.0,,,0.0,0.0,,,,,,,,,,,3.999,3.998,3.999,,,,237.172,0.0,0.0,,,,,251.034,250.0,252.0,,,0.0,3497.0,3525.0,0.0,0.0,0.0,0.0,0.0,0.0,29.0,0.0,0.0,0.0,29.0,0.0,0.0,0.0,0.0,0.0,"solar2_v,lipo2_v"
2021-02-14T21:00:00Z,30.0,30.0,,,0.0,0.0,,,,,,,,,,,3.998,3.996,3.999,,,,237.6,0.0,0.0,,,,,250.333,249.0,251.0,,,0.0,3526.0,3555.0,0.0,0.0,0.0,0.0,0.0,0.0,30.0,0.0,0.0,0.0,30.0,0.0,0.0,0.0,0.0,0.0,"solar2_v,lipo2_v"
2021-02-14T22:00:00Z,29.0,29.0,,,0.0,0.0,,,,,,,,,,,3.998,3.996,3.999,,,,237.621,0.0,0.0,,,,,248.586,248.0,250.0,,,0.0,3556.0,3584.0,0.0,0.0,0.0,0.0,0.0,0.0,29.0,0.0,0.0,0.0,29.0,0.0,0.0,0.0,0.0,0.0,"solar2_v,lipo2_v"
2021-02-14T23:00:00Z,30.0,30.0,,,0.0,0.0,,,,,,,,,,,3.997,3.994,3.998,,,,238.067,0.0,0.0,,,,,249.833,248.0,257.0,,,0.0,3585.0,3614.0,0.0,0.0,0.0,0.0,0.0,0.0,30.0,0.0,0.0,0.0,30.0,0.0,0.0,0.0,0.0,0.0,"solar2_v,lipo2_v"
2021-02-15T00:00:00Z,29.0,29.0,,,0.387,0.795,,,,,,,,,,,3.996,3.994,3.998,,,,236.31,0.0,0.0,,,,,262.621,258.0,269.0,,,0.0,3615.0,3643.0,0.0,25.0,0.0,0.0,0.0,0.0,29.0,0.0,0.0,0.0,29.0,0.0,0.0,0.0,0.0,0.0,"solar2_v,lipo2_v"
2021-02-15T01:00:00Z,30.0,30.0,,,0.842,1.189,,,,,,,,,,,3.996,3.994,3.999,,,,233.5,0.0,0.0,,,,,281.033,272.0,287.0,,,0.0,3644.0,3673.0,0.0,30.0,0.0,0.0,0.0,0.0,30.0,0.0,0.0,0.0,30.0,0.0,0.0,0.0,0.0,0.0,"solar2_v,lipo2_v"
2021-02-15T02:00:00Z,29.0,29.0,,,1.208,1.692,,,,,,,,,,,3.996,3.994,3.998,,,,231.759,0.0,0.0,,,,,303.0,287.0,329.0,,,0.0,3674.0,3702.0,0.0,29.0,0.0,0.0,0.0,0.0,29.0,0.0,0.0,0.0,29.0,0.0,0.0,0.0,0.0,0.0,"solar2_v,lipo2_v"
2021-02-15T03:00:00Z,30.0,30.0,,,1.331,1.54,,,,,,,,,,,3.996,3.993,3.998,,,,227.633,0.0,0.0,,,,,340.8,328.0,354.0,,,0.0,3703.0,3732.0,0.0,30.0,0.0,0.0,0.0,0.0,30.0,0.0,0.0,0.0,30.0,0.0,0.0,0.0,0.0,0.0,"solar2_v,lipo2_v"
2021-02-15T04:00:00Z,29.0,29.0,,,1.399,1.7,,,,,,,,,,,3.996,3.994,3.998,,,,226.759,0.0,0.0,,,,,350.931,344.0,357.0,,,0.0,3733.0,3761.0,0.0,29.0,0.0,0.0,0.0,0.0,29.0,0.0,0.0,0.0,29.0,0.0,0.0,0.0,0.0,0.0,"solar2_v,lipo2_v"
2021-02-15T05:00:00Z,30.0,30.0,,,1.379,1.684,,,,,,,,,,,3.995,3.993,3.998,,,,226.7,0.0,0.0,,,,,352.233,348.0,356.0,,,0.0,3762.0,3791.0,0.0,30.0,0.0,0.0,0.0,0.0,30.0,0.0,0.0,0.0,30.0,0.0,0.0,0.0,0.0,0.0,"solar2_v,lipo2_v"
2021-02-15T06:00:00Z,29.0,29.0,,,1.237,1.561,,,,,,,,,,,3.994,3.993,3.996,,,,226.759,0.0,0.0,,,,,353.0,339.0,366.0,,,0.0,3792.0,3820.0,0.0,29.0,0.0,0.0,0.0,0.0,29.0,0.0,0.0,0.0,29.0,0.0,0.0,0.0,0.0,0.0,"solar2_v,lipo2_v"
2021-02-15T07:00:00Z,29.0,29.0,,,1.205,1.458,,,,,,,,,,,3.994,3.991,3.996,,,,225.897,0.0,0.0,,,,,361.069,353.0,367.0,,,0.0,3821.0,3849.0,0.0,29.0,0.0,0.0,0.0,0.0,29.0,0.0,0.0,0.0,29.0,0.0,0.0,0.0,0.0,0.0,"solar2_v,lipo2_v"
2021-02-15T08:00:00Z,30.0,30.0,,,1.025,1.246,,,,,,,,,,,3.992,3.989,3.994,,,,227.267,0.0,0.0,,,,,345.2,327.0,363.0,,,0.0,3850.0,3879.0,0.0,30.0,0.0,0.0,0.0,0.0,30.0,0.0,0.0,0.0,30.0,0.0,0.0,0.0,0.0,0.0,"solar2_v,lipo2_v"
2021-02-15T09:00:00Z,28.0,28.0,,,0.613,0.836,,,,,,,,,,,3.99,3.988,3.993,,,,230.893,0.0,0.0,,,,,312.964,300.0,326.0,,,0.0,3880.0,3908.0,0.0,28.0,0.0,0.0,0.0,0.0,28.0,0.0,0.0,0.0,28.0,0.0,0.0,0.0,0.0,0.0,"solar2_v,lipo2_v"
2021-02-15T10:00:00Z,30.0,30.0,,,0.033,0.341,,,,,,,,,,,3.989,3.986,3.991,,,,233.267,0.0,0.0,,,,,289.0,280.0,300.0,,,0.0,3909.0,3938.0,0.0,3.0,0.0,0.0,0.0,0.0,30.0,0.0,0.0,0.0,30.0,0.0,0.0,0.0,0.0,0.0,"solar2_v,lipo2_v"
2021-02-15T11:00:00Z,29.0,29.0,,,0.0,0.0,,,,,,,,,,,3.987,3.986,3.989,,,,234.448,0.0,0.0,,,,,274.759,273.0,279.0,,,0.0,3939.0,3967.0,0.0,0.0,0.0,0.0,0.0,0.0,29.0,0.0,0.0,0.0,29.0,0.0,0.0,0.0,0.0,0.0,"solar2_v,lipo2_v"
2021-02-15T12:00:00Z,30.0,30.0,,,0.0,0.0,,,,,,,,,,,3.985,3.983,3.988,,,,235.3,0.0,0.0,,,,,269.0,266.0,273.0,,,0.0,3968.0,3997.0,0.0,0.0,0.0,0.0,0.0,0.0,30.0,0.0,0.0,0.0,30.0,0.0,0.0,0.0,0.0,0.0,"solar2_v,lipo2_v"
2021-02-15T13:00:00Z,28.0,28.0,,,0.0,0.0,,,,,,,,,,,3.984,3.983,3.986,,,,235.679,0.0,0.0,,,,,263.179,261.0,266.0,,,0.0,3998.0,4026.0,0.0,0.0,0.0,0.0,0.0,0.0,28.0,0.0,0.0,0.0,28.0,0.0,0.0,0.0,0.0,0.0,"solar2_v,lipo2_v"
2021-02-15T14:00:00Z,30.0,30.0,,,0.0,0.0,,,,,,,,,,,3.984,3.983,3.986,,,,236.367,0.0,0.0,,,,,261.167,261.0,262.0,,,0.0,4027.0,4056.0,0.0,0.0,0.0,0.0,0.0,0.0,30.0,0.0,0.0,0.0,30.0,0.0,0.0,0.0,0.0,0.0,"solar2_v,lipo2_v"
2021-02-15T15:00:00Z,29.0,29.0,,,0.0,0.0,,,,,,,,,,,3.983,3.981,3.984,,,,236.483,0.0,0.0,,,,,260.966,260.0,261.0,,,0.0,4057.0,4085.0,0.0,0.0,0.0,0.0,0.0,0.0,29.0,0.0,0.0,0.0,29.0,0.0,0.0,0.0,0.0,0.0,"solar2_v,lipo2_v"
2021-02-15T16:00:00Z,30.0,30.0,,,0.0,0.0,,,,,,,,,,,3.982,3.979,3.984,,,,236.733,0.0,0.0,,,,,260.967,260.0,261.0,,,0.0,4086.0,4115.0,0.0,0.0,0.0,0.0,0.0,0.0,30.0,0.0,0.0,0.0,30.0,0.0,0.0,0.0,0.0,0.0,"solar2_v,lipo2_v"
2021-02-15T17:00:00Z,29.0,29.0,,,0.0,0.0,,,,,,,,,,,3.981,3.979,3.983,,,,237.172,0.0,0.0,,,,,260.0,259.0,261.0,,,0.0,4116.0,4144.0,0.0,0.0,0.0,0.0,0.0,0.0,29.0,0.0,0.0,0.0,29.0,0.0,0.0,0.0,0.0,0.0,"solar2_v,lipo2_v"
2021-02-15T18:00:00Z,29.0,29.0,,,0.0,0.0,,,,,,,,,,,3.98,3.979,3.983,,,,236.759,0.0,0.0,,,,,259.586,257.0,261.0,,,0.0,4145.0,4173.0,0.0,0.0,0.0,0.0,0.0,0.0,29.0,0.0,0.0,0.0,29.0,0.0,0.0,0.0,0.0,0.0,"solar2_v,lipo2_v"
2021-02-15T19:00:00Z,30.0,30.0,,,0.0,0.0,,,,,,,,,,,3.979,3.978,3.981,,,,237.6,0.0,0.0,,,,,252.533,250.0,257.0,,,0.0,4174.0,4203.0,0.0,0.0,0.0,0.0,0.0,0.0,30.0,0.0,0.0,0.0,30.0,0.0,0.0,0.0,0.0,0.0,"solar2_v,lipo2_v"
2021-02-15T20:00:00Z,29.0,29.0,,,0.0,0.0,,,,,,,,,,,3.978,3.976,3.979,,,,237.379,0.0,0.0,,,,,249.103,248.0,250.0,,,0.0,4204.0,4232.0,0.0,0.0,0.0,0.0,0.0,0.0,29.0,0.0,0.0,0.0,29.0,0.0,0.0,0.0,0.0,0.0,"solar2_v,lipo2_v"
2021-02-15T21:00:00Z,30.0,30.0,,,0.0,0.0,,,,,,,,,,,3.978,3.976,3.979,,,,237.933,0.0,0.0,,,,,248.7,248.0,249.0,,,0.0,4233.0,4262.0,0.0,0.0,0.0,0.0,0.0,0.0,30.0,0.0,0.0,0.0,30.0,0.0,0.0,0.0,0.0,0.0,"solar2_v,lipo2_v"
2021-02-15T22:00:00Z,29.0,29.0,,,0.0,0.0,,,,,,,,,,,3.977,3.976,3.978,,,,238.241,0.0,0.0,,,,,247.138,247.0,248.0,,,0.0,4263.0,4291.0,0.0,0.0,0.0,0.0,0.0,0.0,29.0,0.0,0.0,0.0,29.0,0.0,0.0,0.0,0.0,0.0,"solar2_v,lipo2_v"
2021-02-15T23:00:00Z,30.0,30.0,,,0.0,0.0,,,,,,,,,,,3.976,3.976,3.976,,,,237.9,0.0,0.0,,,,,247.133,247.0,249.0,,,0.0,4292.0,4321.0,0.0,0.0,0.0,0.0,0.0,0.0,30.0,0.0,0.0,0.0,30.0,0.0,0.0,0.0,0.0,0.0,"solar2_v,lipo2_v"
2021-02-16T00:00:00Z,29.0,29.0,,,0.437,0.687,,,,,,,,,,,3.976,3.974,3.976,,,,236.448,0.0,0.0,,,,,259.552,250.0,268.0,,,0.0,4322.0,4350.0,0.0,25.0,0.0,0.0,0.0,0.0,29.0,0.0,0.0,0.0,29.0,0.0,0.0,0.0,0.0,0.0,"solar2_v,lipo2_v"
2021-02-16T01:00:00Z,30.0,30.0,,,0.816,1.031,,,,,,,,,,,3.976,3.974,3.976,,,,234.133,0.0,0.0,,,,,277.867,269.0,288.0,,,0.0,4351.0,4380.0,0.0,30.0,0.0,0.0,0.0,0.0,30.0,0.0,0.0,0.0,30.0,0.0,0.0,0.0,0.0,0.0,"solar2_v,lipo2_v"
2021-02-16T02:00:00Z,29.0,29.0,,,1.12,1.277,,,,,,,,,,,3.975,3.974,3.976,,,,231.207,0.0,0.0,,,,,308.276,290.0,326.0,,,0.0,4381.0,4409.0,0.0,29.0,0.0,0.0,0.0,0.0,29.0,0.0,0.0,0.0,29.0,0.0,0.0,0.0,0.0,0.0,"solar2_v,lipo2_v"
2021-02-16T03:00:00Z,30.0,30.0,,,1.212,1.338,,,,,,,,,,,3.976,3.976,3.978,,,,227.633,0.0,0.0,,,,,342.9,327.0,354.0,,,0.0,4410.0,4439.0,0.0,30.0,0.0,0.0,0.0,0.0,30.0,0.0,0.0,0.0,30.0,0.0,0.0,0.0,0.0,0.0,"solar2_v,lipo2_v"
2021-02-16T04:00:00Z,29.0,29.0,,,1.288,1.494,,,,,,,,,,,3.975,3.974,3.976,,,,226.414,0.0,0.0,,,,,356.862,350.0,366.0,,,0.0,4440.0,4468.0,0.0,29.0,0.0,0.0,0.0,0.0,29.0,0.0,0.0,0.0,29.0,0.0,0.0,0.0,0.0,0.0,"solar2_v,lipo2_v"
2021-02-16T05:00:00Z,30.0,30.0,,,1.405,1.648,,,,,,,,,,,3.975,3.974,3.976,,,,225.633,0.0,0.0,,,,,365.867,358.0,373.0,,,0.0,4469.0,4498.0,0.0,30.0,0.0,0.0,0.0,0.0,30.0,0.0,0.0,0.0,30.0,0.0,0.0,0.0,0.0,0.0,"solar2_v,lipo2_v"
2021-02-16T06:00:00Z,29.0,29.0,,,1.218,1.474,,,,,,,,,,,3.975,3.974,3.976,,,,225.241,0.0,0.0,,,,,367.172,354.0,374.0,,,0.0,4499.0,4527.0,0.0,29.0,0.0,0.0,0.0,0.0,29.0,0.0,0.0,0.0,29.0,0.0,0.0,0.0,0.0,0.0,"solar2_v,lipo2_v"
2021-02-16T07:00:00Z,30.0,30.0,,,1.182,1.467,,,,,,,,,,,3.974,3.973,3.974,,,,226.133,0.0,0.0,,,,,360.0,344.0,380.0,,,0.0,4528.0,4557.0,0.0,30.0,0.0,0.0,0.0,0.0,30.0,0.0,0.0,0.0,30.0,0.0,0.0,0.0,0.0,0.0,"solar2_v,lipo2_v"
2021-02-16T08:00:00Z,29.0,29.0,,,0.997,1.259,,,,,,,,,,,3.973,3.973,3.974,,,,227.759,0.0,0.0,,,,,340.0,327.0,352.0,,,0.0,4558.0,4586.0,0.0,29.0,0.0,0.0,0.0,0.0,29.0,0.0,0.0,0.0,29.0,0.0,0.0,0.0,0.0,0.0,"solar2_v,lipo2_v"
2021-02-16T09:00:00Z,29.0,29.0,,,0.601,0.866,,,,,,,,,,,3.973,3.971,3.974,,,,230.759,0.0,0.0,,,,,311.862,300.0,326.0,,,0.0,4587.0,4615.0,0.0,29.0,0.0,0.0,0.0,0.0,29.0,0.0,0.0,0.0,29.0,0.0,0.0,0.0,0.0,0.0,"solar2_v,lipo2_v"
2021-02-16T10:00:00Z,30.0,30.0,,,0.022,0.334,,,,,,,,,,,3.971,3.968,3.973,,,,232.933,0.0,0.0,,,,,288.9,281.0,300.0,,,0.0,4616.0,4645.0,0.0,2.0,0.0,0.0,0.0,0.0,30.0,0.0,0.0,0.0,30.0,0.0,0.0,0.0,0.0,0.0,"solar2_v,lipo2_v"
2021-02-16T11:00:00Z,29.0,29.0,,,0.0,0.0,,,,,,,,,,,3.97,3.968,3.971,,,,234.276,0.0,0.0,,,,,275.31,273.0,280.0,,,0.0,4646.0,4674.0,0.0,0.0,0.0,0.0,0.0,0.0,29.0,0.0,0.0,0.0,29.0,0.0,0.0,0.0,0.0,0.0,"solar2_v,lipo2_v"
2021-02-16T12:00:00Z,30.0,30.0,,,0.0,0.0,,,,,,,,,,,3.967,3.965,3.971,,,,235.533,0.0,0.0,,,,,269.833,267.0,273.0,,,0.0,4675.0,4704.0,0.0,0.0,0.0,0.0,0.0,0.0,30.0,0.0,0.0,0.0,30.0,0.0,0.0,0.0,0.0,0.0,"solar2_v,lipo2_v"
2021-02-16T13:00:00Z,29.0,29.0,,,0.0,0.0,,,,,,,,,,,3.966,3.963,3.968,,,,236.276,0.0,0.0,,,,,264.276,262.0,267.0,,,0.0,4705.0,4733.0,0.0,0.0,0.0,0.0,0.0,0.0,29.0,0.0,0.0,0.0,29.0,0.0,0.0,0.0,0.0,0.0,"solar2_v,lipo2_v"
2021-02-16T14:00:00Z,30.0,30.0,,,0.0,0.0,,,,,,,,,,,3.964,3.961,3.966,,,,236.9,0.0,0.0,,,,,261.133,261.0,262.0,,,0.0,4734.0,4763.0,0.0,0.0,0.0,0.0,0.0,0.0,30.0,0.0,0.0,0.0,30.0,0.0,0.0,0.0,0.0,0.0,"solar2_v,lipo2_v"
2021-02-16T15:00:00Z,29.0,29.0,,,0.0,0.0,,,,,,,,,,,3.962,3.96,3.965,,,,236.586,0.0,0.0,,,,,261.414,261.0,262.0,,,0.0,4764.0,4792.0,0.0,0.0,0.0,0.0,0.0,0.0,29.0,0.0,0.0,0.0,29.0,0.0,0.0,0.0,0.0,0.0,"solar2_v,lipo2_v"
2021-02-16T16:00:00Z,30.0,30.0,,,0.0,0.0,,,,,,,,,,,3.961,3.96,3.963,,,,236.567,0.0,0.0,,,,,261.267,261.0,262.0,,,0.0,4793.0,4822.0,0.0,0.0,0.0,0.0,0.0,0.0,30.0,0.0,0.0,0.0,30.0,0.0,0.0,0.0,0.0,0.0,"solar2_v,lipo2_v"
2021-02-16T17:00:00Z,29.0,29.0,,,0.0,0.0,,,,,,,,,,,3.959,3.956,3.961,,,,236.862,0.0,0.0,,,,,261.0,261.0,261.0,,,0.0,4823.0,4851.0,0.0,0.0,0.0,0.0,0.0,0.0,29.0,0.0,0.0,0.0,29.0,0.0,0.0,0.0,0.0,0.0,"solar2_v,lipo2_v"
2021-02-16T18:00:00Z,30.0,30.0,,,0.0,0.0,,,,,,,,,,,3.957,3.956,3.96,,,,236.867,0.0,0.0,,,,,260.567,259.0,261.0,,,0.0,4852.0,4881.0,0.0,0.0,0.0,0.0,0.0,0.0,30.0,0.0,0.0,0.0,30.0,0.0,0.0,0.0,0.0,0.0,"solar2_v,lipo2_v"
2021-02-16T19:00:00Z,29.0,29.0,,,0.0,0.0,,,,,,,,,,,3.956,3.953,3.958,,,,236.862,0.0,0.0,,,,,260.69,260.0,261.0,,,0.0,4882.0,4910.0,0.0,0.0,0.0,0.0,0.0,0.0,29.0,0.0,0.0,0.0,29.0,0.0,0.0,0.0,0.0,0.0,"solar2_v,lipo2_v"
2021-02-16T20:00:00Z,30.0,30.0,,,0.0,0.0,,,,,,,,,,,3.954,3.953,3.956,,,,237.233,0.0,0.0,,,,,257.867,257.0,260.0,,,0.0,4911.0,4940.0,0.0,0.0,0.0,0.0,0.0,0.0,30.0,0.0,0.0,0.0,30.0,0.0,0.0,0.0,0.0,0.0,"solar2_v,lipo2_v"
2021-02-16T21:00:00Z,29.0,29.0,,,0.0,0.0,,,,,,,,,,,3.953,3.951,3.956,,,,237.483,0.0,0.0,,,,,253.345,251.0,258.0,,,0.0,4941.0,4969.0,0.0,0.0,0.0,0.0,0.0,0.0,29.0,0.0,0.0,0.0,29.0,0.0,0.0,0.0,0.0,0.0,"solar2_v,lipo2_v"
2021-02-16T22:00:00Z,29.0,29.0,,,0.0,0.0,,,,,,,,,,,3.951,3.948,3.953,,,,237.448,0.0,0.0,,,,,250.655,248.0,252.0,,,0.0,4970.0,4998.0,0.0,0.0,0.0,0.0,0.0,0.0,29.0,0.0,0.0,0.0,29.0,0.0,0.0,0.0,0.0,0.0,"solar2_v,lipo2_v"
2021-02-16T23:00:00Z,30.0,30.0,,,0.0,0.0,,,,,,,,,,,3.95,3.948,3.951,,,,238.033,0.0,0.0,,,,,247.767,247.0,249.0,,,0.0,4999.0,5028.0,0.0,0.0,0.0,0.0,0.0,0.0,30.0,0.0,0.0,0.0,30.0,0.0,0.0,0.0,0.0,0.0,"solar2_v,lipo2_v"
2021-02-17T00:00:00Z,29.0,29.0,,,0.36,0.657,,,,,,,,,,,3.949,3.948,3.951,,,,236.862,0.0,0.0,,,,,257.897,250.0,264.0,,,0.0,5029.0,5057.0,0.0,23.0,0.0,0.0,0.0,0.0,29.0,0.0,0.0,0.0,29.0,0.0,0.0,0.0,0.0,0.0,"solar2_v,lipo2_v"
2021-02-17T01:00:00Z,29.0,29.0,,,0.75,1.077,,,,,,,,,,,3.948,3.946,3.95,,,,234.379,0.0,0.0,,,,,276.828,265.0,290.0,,,0.0,5058.0,5086.0,0.0,29.0,0.0,0.0,0.0,0.0,29.0,0.0,0.0,0.0,29.0,0.0,0.0,0.0,0.0,0.0,"solar2_v,lipo2_v"
2021-02-17T02:00:00Z,30.0,30.0,,,1.041,1.166,,,,,,,,,,,3.948,3.946,3.95,,,,230.267,0.0,0.0,,,,,313.433,291.0,337.0,,,0.0,5087.0,5116.0,0.0,30.0,0.0,0.0,0.0,0.0,30.0,0.0,0.0,0.0,30.0,0.0,0.0,0.0,0.0,0.0,"solar2_v,lipo2_v"
2021-02-17T03:00:00Z,29.0,29.0,,,1.173,1.415,,,,,,,,,,,3.948,3.946,3.95,,,,226.828,0.0,0.0,,,,,351.517,340.0,367.0,,,0.0,5117.0,5145.0,0.0,29.0,0.0,0.0,0.0,0.0,29.0,0.0,0.0,0.0,29.0,0.0,0.0,0.0,0.0,0.0,"solar2_v,lipo2_v"
2021-02-17T04:00:00Z,30.0,30.0,,,1.123,1.23,,,,,,,,,,,3.948,3.946,3.95,,,,225.133,0.0,0.0,,,,,367.0,367.0,367.0,,,0.0,5146.0,5175.0,0.0,30.0,0.0,0.0,0.0,0.0,30.0,0.0,0.0,0.0,30.0,0.0,0.0,0.0,0.0,0.0,"solar2_v,lipo2_v"
2021-02-17T05:00:00Z,29.0,29.0,,,1.034,1.084,,,,,,,,,,,3.947,3.946,3.948,,,,225.759,0.0,0.0,,,,,366.483,364.0,369.0,,,0.0,5176.0,5204.0,0.0,29.0,0.0,0.0,0.0,0.0,29.0,0.0,0.0,0.0,29.0,0.0,0.0,0.0,0.0,0.0,"solar2_v,lipo2_v"
2021-02-17T06:00:00Z,30.0,30.0,,,1.035,1.126,,,,,,,,,,,3.946,3.943,3.948,,,,224.567,0.0,0.0,,,,,377.767,369.0,390.0,,,0.0,5205.0,5234.0,0.0,30.0,0.0,0.0,0.0,0.0,30.0,0.0,0.0,0.0,30.0,0.0,0.0,0.0,0.0,0.0,"solar2_v,lipo2_v"
2021-02-17T07:00:00Z,29.0,29.0,,,1.089,1.269,,,,,,,,,,,3.946,3.945,3.948,,,,223.241,0.0,0.0,,,,,388.241,380.0,393.0,,,0.0,5235.0,5263.0,0.0,29.0,0.0,0.0,0.0,0.0,29.0,0.0,0.0,0.0,29.0,0.0,0.0,0.0,0.0,0.0,"solar2_v,lipo2_v"
2021-02-17T08:00:00Z,29.0,29.0,,,0.889,0.987,,,,,,,,,,,3.944,3.941,3.946,,,,224.966,0.0,0.0,,,,,368.621,350.0,380.0,,,0.0,5264.0,5292.0,0.0,29.0,0.0,0.0,0.0,0.0,29.0,0.0,0.0,0.0,29.0,0.0,0.0,0.0,0.0,0.0,"solar2_v,lipo2_v"
2021-02-17T09:00:00Z,30.0,30.0,,,0.578,0.851,,,,,,,,,,,3.941,3.938,3.943,,,,228.433,0.0,0.0,,,,,334.767,320.0,349.0,,,0.0,5293.0,5322.0,0.0,28.0,0.0,0.0,0.0,0.0,30.0,0.0,0.0,0.0,30.0,0.0,0.0,0.0,0.0,0.0,"solar2_v,lipo2_v"
2021-02-17T10:00:00Z,29.0,29.0,,,0.0,0.0,,,,,,,,,,,3.938,3.935,3.94,,,,231.276,0.0,0.0,,,,,306.517,296.0,319.0,,,0.0,5323.0,5351.0,0.0,0.0,0.0,0.0,0.0,0.0,29.0,0.0,0.0,0.0,29.0,0.0,0.0,0.0,0.0,0.0,"solar2_v,lipo2_v"
2021-02-17T11:00:00Z,30.0,30.0,,,0.0,0.0,,,,,,,,,,,3.934,3.932,3.937,,,,233.333,0.0,0.0,,,,,289.767,286.0,296.0,,,0.0,5352.0,5381.0,0.0,0.0,0.0,0.0,0.0,0.0,30.0,0.0,0.0,0.0,30.0,0.0,0.0,0.0,0.0,0.0,"solar2_v,lipo2_v"
2021-02-17T12:00:00Z,29.0,29.0,,,0.0,0.0,,,,,,,,,,,3.933,3.93,3.935,,,,234.655,0.0,0.0,,,,,280.207,277.0,286.0,,,0.0,5382.0,5410.0,0.0,0.0,0.0,0.0,0.0,0.0,29.0,0.0,0.0,0.0,29.0,0.0,0.0,0.0,0.0,0.0,"solar2_v,lipo2_v"
2021-02-17T13:00:00Z,30.0,30.0,,,0.0,0.0,,,,,,,,,,,3.931,3.93,3.933,,,,235.133,0.0,0.0,,,,,274.7,274.0,277.0,,,0.0,5411.0,5440.0,0.0,0.0,0.0,0.0,0.0,0.0,30.0,0.0,0.0,0.0,30.0,0.0,0.0,0.0,0.0,0.0,"solar2_v,lipo2_v"
2021-02-17T14:00:00Z,28.0,28.0,,,0.0,0.0,,,,,,,,,,,3.929,3.927,3.932,,,,235.071,0.0,0.0,,,,,273.893,273.0,274.0,,,0.0,5441.0,5469.0,0.0,0.0,0.0,0.0,0.0,0.0,28.0,0.0,0.0,0.0,28.0,0.0,0.0,0.0,0.0,0.0,"solar2_v,lipo2_v"
2021-02-17T15:00:00Z,30.0,30.0,,,0.0,0.0,,,,,,,,,,,3.928,3.927,3.93,,,,235.1,0.0,0.0,,,,,273.967,273.0,274.0,,,0.0,5470.0,5499.0,0.0,0.0,0.0,0.0,0.0,0.0,30.0,0.0,0.0,0.0,30.0,0.0,0.0,0.0,0.0,0.0,"solar2_v,lipo2_v"
2021-02-17T16:00:00Z,28.0,28.0,,,0.0,0.0,,,,,,,,,,,3.927,3.925,3.928,,,,235.929,0.0,0.0,,,,,270.607,268.0,274.0,,,0.0,5500.0,5528.0,0.0,0.0,0.0,0.0,0.0,0.0,28.0,0.0,0.0,0.0,28.0,0.0,0.0,0.0,0.0,0.0,"solar2_v,lipo2_v"
2021-02-17T17:00:00Z,29.0,29.0,,,0.0,0.0,,,,,,,,,,,3.925,3.923,3.927,,,,236.069,0.0,0.0,,,,,267.207,265.0,269.0,,,0.0,5529.0,5557.0,0.0,0.0,0.0,0.0,0.0,0.0,29.0,0.0,0.0,0.0,29.0,0.0,0.0,0.0,0.0,0.0,"solar2_v,lipo2_v"
2021-02-17T18:00:00Z,30.0,30.0,,,0.0,0.0,,,,,,,,,,,3.924,3.923,3.925,,,,236.433,0.0,0.0,,,,,263.033,261.0,266.0,,,0.0,5558.0,5587.0,0.0,0.0,0.0,0.0,0.0,0.0,30.0,0.0,0.0,0.0,30.0,0.0,0.0,0.0,0.0,0.0,"solar2_v,lipo2_v"
2021-02-17T19:00:00Z,29.0,29.0,,,0.0,0.0,,,,,,,,,,,3.923,3.922,3.925,,,,237.207,0.0,0.0,,,,,261.103,261.0,262.0,,,0.0,5588.0,5616.0,0.0,0.0,0.0,0.0,0.0,0.0,29.0,0.0,0.0,0.0,29.0,0.0,0.0,0.0,0.0,0.0,"solar2_v,lipo2_v"
2021-02-17T20:00:00Z,30.0,30.0,,,0.0,0.0,,,,,,,,,,,3.923,3.922,3.925,,,,237.333,0.0,0.0,,,,,261.0,261.0,261.0,,,0.0,5617.0,5646.0,0.0,0.0,0.0,0.0,0.0,0.0,30.0,0.0,0.0,0.0,30.0,0.0,0.0,0.0,0.0,0.0,"solar2_v,lipo2_v"
2021-02-17T21:00:00Z,29.0,29.0,,,0.0,0.0,,,,,,,,,,,3.922,3.922,3.923,,,,237.345,0.0,0.0,,,,,258.966,255.0,261.0,,,0.0,5647.0,5675.0,0.0,0.0,0.0,0.0,0.0,0.0,29.0,0.0,0.0,0.0,29.0,0.0,0.0,0.0,0.0,0.0,"solar2_v,lipo2_v"
2021-02-17T22:00:00Z,30.0,30.0,,,0.0,0.0,,,,,,,,,,,3.922,3.92,3.922,,,,237.667,0.0,0.0,,,,,255.333,253.0,257.0,,,0.0,5676.0,5705.0,0.0,0.0,0.0,0.0,0.0,0.0,30.0,0.0,0.0,0.0,30.0,0.0,0.0,0.0,0.0,0.0,"solar2_v,lipo2_v"
2021-02-17T23:00:00Z,29.0,29.0,,,0.0,0.0,,,,,,,,,,,3.921,3.92,3.922,,,,237.759,0.0,0.0,,,,,255.621,253.0,258.0,,,0.0,5706.0,5734.0,0.0,0.0,0.0,0.0,0.0,0.0,29.0,0.0,0.0,0.0,29.0,0.0,0.0,0.0,0.0,0.0,"solar2_v,lipo2_v"
2021-02-18T00:00:00Z,30.0,30.0,,,0.364,0.611,,,,,,,,,,,3.921,3.918,3.922,,,,236.833,0.0,0.0,,,,,263.5,258.0,273.0,,,0.0,5735.0,5764.0,0.0,24.0,0.0,0.0,0.0,0.0,30.0,0.0,0.0,0.0,30.0,0.0,0.0,0.0,0.0,0.0,"solar2_v,lipo2_v"
2021-02-18T01:00:00Z,29.0,29.0,,,0.714,0.821,,,,,,,,,,,3.921,3.92,3.922,,,,234.172,0.0,0.0,,,,,280.034,273.0,290.0,,,0.0,5765.0,5793.0,0.0,29.0,0.0,0.0,0.0,0.0,29.0,0.0,0.0,0.0,29.0,0.0,0.0,0.0,0.0,0.0,"solar2_v,lipo2_v"
2021-02-18T02:00:00Z,30.0,30.0,,,0.958,1.097,,,,,,,,,,,3.921,3.92,3.922,,,,231.1,0.0,0.0,,,,,309.333,291.0,336.0,,,0.0,5794.0,5823.0,0.0,30.0,0.0,0.0,0.0,0.0,30.0,0.0,0.0,0.0,30.0,0.0,0.0,0.0,0.0,0.0,"solar2_v,lipo2_v"
2021-02-18T03:00:00Z,29.0,29.0,,,1.246,1.448,,,,,,,,,,,3.922,3.92,3.922,,,,227.138,0.0,0.0,,,,,348.379,340.0,359.0,,,0.0,5824.0,5852.0,0.0,29.0,0.0,0.0,0.0,0.0,29.0,0.0,0.0,0.0,29.0,0.0,0.0,0.0,0.0,0.0,"solar2_v,lipo2_v"
2021-02-18T04:00:00Z,30.0,30.0,,,1.368,1.641,,,,,,,,,,,3.921,3.92,3.922,,,,226.933,0.0,0.0,,,,,352.3,345.0,358.0,,,0.0,5853.0,5882.0,0.0,30.0,0.0,0.0,0.0,0.0,30.0,0.0,0.0,0.0,30.0,0.0,0.0,0.0,0.0,0.0,"solar2_v,lipo2_v"
2021-02-18T05:00:00Z,29.0,29.0,,,1.296,1.761,,,,,,,,,,,3.92,3.918,3.922,,,,226.724,0.0,0.0,,,,,358.207,350.0,367.0,,,0.0,5883.0,5911.0,0.0,29.0,0.0,0.0,0.0,0.0,29.0,0.0,0.0,0.0,29.0,0.0,0.0,0.0,0.0,0.0,"solar2_v,lipo2_v"
2021-02-18T06:00:00Z,30.0,30.0,,,1.301,1.54,,,,,,,,,,,3.921,3.92,3.922,,,,226.267,0.0,0.0,,,,,368.0,353.0,377.0,,,0.0,5912.0,5941.0,0.0,30.0,0.0,0.0,0.0,0.0,30.0,0.0,0.0,0.0,30.0,0.0,0.0,0.0,0.0,0.0,"solar2_v,lipo2_v"
2021-02-18T07:00:00Z,29.0,29.0,,,1.167,1.408,,,,,,,,,,,3.92,3.918,3.922,,,,224.483,0.0,0.0,,,,,379.724,377.0,383.0,,,0.0,5942.0,5970.0,0.0,29.0,0.0,0.0,0.0,0.0,29.0,0.0,0.0,0.0,29.0,0.0,0.0,0.0,0.0,0.0,"solar2_v,lipo2_v"
2021-02-18T08:00:00Z,28.0,28.0,,,0.89,1.036,,,,,,,,,,,3.918,3.915,3.92,,,,226.679,0.0,0.0,,,,,361.536,350.0,378.0,,,0.0,5971.0,5999.0,0.0,28.0,0.0,0.0,0.0,0.0,28.0,0.0,0.0,0.0,28.0,0.0,0.0,0.0,0.0,0.0,"solar2_v,lipo2_v"
2021-02-18T09:00:00Z,30.0,30.0,,,0.465,0.733,,,,,,,,,,,3.916,3.913,3.918,,,,228.533,0.0,0.0,,,,,335.067,327.0,349.0,,,0.0,6000.0,6029.0,0.0,27.0,0.0,0.0,0.0,0.0,30.0,0.0,0.0,0.0,30.0,0.0,0.0,0.0,0.0,0.0,"solar2_v,lipo2_v"
2021-02-18T10:00:00Z,29.0,29.0,,,0.0,0.0,,,,,,,,,,,3.915,3.913,3.917,,,,229.897,0.0,0.0,,,,,318.517,306.0,327.0,,,0.0,6030.0,6058.0,0.0,0.0,0.0,0.0,0.0,0.0,29.0,0.0,0.0,0.0,29.0,0.0,0.0,0.0,0.0,0.0,"solar2_v,lipo2_v"
2021-02-18T11:00:00Z,30.0,30.0,,,0.0,0.0,,,,,,,,,,,3.912,3.908,3.915,,,,232.267,0.0,0.0,,,,,299.2,294.0,305.0,,,0.0,6059.0,6088.0,0.0,0.0,0.0,0.0,0.0,0.0,30.0,0.0,0.0,0.0,30.0,0.0,0.0,0.0,0.0,0.0,"solar2_v,lipo2_v"
2021-02-18T12:00:00Z,28.0,28.0,,,0.0,0.0,,,,,,,,,,,3.909,3.907,3.91,,,,233.179,0.0,0.0,,,,,290.964,288.0,294.0,,,0.0,6090.0,6117.0,0.0,0.0,0.0,0.0,0.0,0.0,28.0,0.0,0.0,0.0,28.0,0.0,0.0,0.0,0.0,0.0,"solar2_v,lipo2_v"
2021-02-18T13:00:00Z,30.0,30.0,,,0.0,0.0,,,,,,,,,,,3.908,3.905,3.91,,,,233.533,0.0,0.0,,,,,286.633,286.0,287.0,,,0.0,6118.0,6147.0,0.0,0.0,0.0,0.0,0.0,0.0,30.0,0.0,0.0,0.0,30.0,0.0,0.0,0.0,0.0,0.0,"solar2_v,lipo2_v"
2021-02-18T14:00:00Z,29.0,29.0,,,0.0,0.0,,,,,,,,,,,3.907,3.905,3.908,,,,233.552,0.0,0.0,,,,,286.379,286.0,287.0,,,0.0,6148.0,6176.0,0.0,0.0,0.0,0.0,0.0,0.0,29.0,0.0,0.0,0.0,29.0,0.0,0.0,0.0,0.0,0.0,"solar2_v,lipo2_v"
2021-02-18T15:00:00Z,30.0,30.0,,,0.0,0.0,,,,,,,,,,,3.906,3.905,3.908,,,,233.633,0.0,0.0,,,,,286.7,286.0,287.0,,,0.0,6177.0,6206.0,0.0,0.0,0.0,0.0,0.0,0.0,30.0,0.0,0.0,0.0,30.0,0.0,0.0,0.0,0.0,0.0,"solar2_v,lipo2_v"
2021-02-18T16:00:00Z,29.0,29.0,,,0.0,0.0,,,,,,,,,,,3.905,3.904,3.907,,,,233.793,0.0,0.0,,,,,285.207,281.0,288.0,,,0.0,6207.0,6235.0,0.0,0.0,0.0,0.0,0.0,0.0,29.0,0.0,0.0,0.0,29.0,0.0,0.0,0.0,0.0,0.0,"solar2_v,lipo2_v"
2021-02-18T17:00:00Z,28.0,28.0,,,0.0,0.0,,,,,,,,,,,3.904,3.902,3.905,,,,234.821,0.0,0.0,,,,,279.071,277.0,281.0,,,0.0,6236.0,6264.0,0.0,0.0,0.0,0.0,0.0,0.0,28.0,0.0,0.0,0.0,28.0,0.0,0.0,0.0,0.0,0.0,"solar2_v,lipo2_v"
2021-02-18T18:00:00Z,30.0,30.0,,,0.0,0.0,,,,,,,,,,,3.902,3.9,3.905,,,,234.667,0.0,0.0,,,,,275.8,273.0,279.0,,,0.0,6265.0,6294.0,0.0,0.0,0.0,0.0,0.0,0.0,30.0,0.0,0.0,0.0,30.0,0.0,0.0,0.0,0.0,0.0,"solar2_v,lipo2_v"
2021-02-18T19:00:00Z,29.0,29.0,,,0.0,0.0,,,,,,,,,,,3.902,3.9,3.904,,,,235.828,0.0,0.0,,,,,270.138,267.0,273.0,,,0.0,6295.0,6323.0,0.0,0.0,0.0,0.0,0.0,0.0,29.0,0.0,0.0,0.0,29.0,0.0,0.0,0.0,0.0,0.0,"solar2_v,lipo2_v"
2021-02-18T20:00:00Z,26.0,26.0,,,0.0,0.0,,,,,,,,,,,3.901,3.899,3.902,,,,236.577,0.0,0.0,,,,,263.731,261.0,267.0,,,0.0,6324.0,6353.0,0.0,0.0,0.0,0.0,0.0,0.0,26.0,0.0,0.0,0.0,26.0,0.0,0.0,0.0,0.0,0.0,"solar2_v,lipo2_v"
2021-02-18T21:00:00Z,29.0,29.0,,,0.0,0.0,,,,,,,,,,,3.899,3.897,3.9,,,,237.034,0.0,0.0,,,,,259.379,255.0,261.0,,,0.0,6354.0,6382.0,0.0,0.0,0.0,0.0,0.0,0.0,29.0,0.0,0.0,0.0,29.0,0.0,0.0,0.0,0.0,0.0,"solar2_v,lipo2_v"
2021-02-18T22:00:00Z,30.0,30.0,,,0.0,0.0,,,,,,,,,,,3.898,3.895,3.9,,,,238.067,0.0,0.0,,,,,251.967,251.0,255.0,,,0.0,6383.0,6412.0,0.0,0.0,0.0,0.0,0.0,0.0,30.0,0.0,0.0,0.0,30.0,0.0,0.0,0.0,0.0,0.0,"solar2_v,lipo2_v"
2021-02-18T23:00:00Z,29.0,29.0,,,0.0,0.0,,,,,,,,,,,3.897,3.895,3.899,,,,238.034,0.0,0.0,,,,,250.276,249.0,252.0,,,0.0,6413.0,6441.0,0.0,0.0,0.0,0.0,0.0,0.0,29.0,0.0,0.0,0.0,29.0,0.0,0.0,0.0,0.0,0.0,"solar2_v,lipo2_v"
2021-02-19T00:00:00Z,30.0,30.0,,,0.384,0.523,,,,,,,,,,,3.898,3.895,3.899,,,,236.567,0.0,0.0,,,,,264.167,252.0,274.0,,,0.0,6442.0,6471.0,0.0,26.0,0.0,0.0,0.0,0.0,30.0,0.0,0.0,0.0,30.0,0.0,0.0,0.0,0.0,0.0,"solar2_v,lipo2_v"
2021-02-19T01:00:00Z,28.0,28.0,,,0.638,0.761,,,,,,,,,,,3.899,3.897,3.9,,,,233.75,0.0,0.0,,,,,286.25,274.0,301.0,,,0.0,6472.0,6500.0,0.0,28.0,0.0,0.0,0.0,0.0,28.0,0.0,0.0,0.0,28.0,0.0,0.0,0.0,0.0,0.0,"solar2_v,lipo2_v"
2021-02-19T02:00:00Z,30.0,30.0,,,0.857,0.954,,,,,,,,,,,3.899,3.897,3.902,,,,229.633,0.0,0.0,,,,,322.233,301.0,345.0,,,0.0,6501.0,6530.0,0.0,30.0,0.0,0.0,0.0,0.0,30.0,0.0,0.0,0.0,30.0,0.0,0.0,0.0,0.0,0.0,"solar2_v,lipo2_v"
2021-02-19T03:00:00Z,29.0,29.0,,,0.999,1.075,,,,,,,,,,,3.9,3.899,3.902,,,,226.379,0.0,0.0,,,,,360.414,346.0,369.0,,,0.0,6531.0,6559.0,0.0,29.0,0.0,0.0,0.0,0.0,29.0,0.0,0.0,0.0,29.0,0.0,0.0,0.0,0.0,0.0,"solar2_v,lipo2_v"
2021-02-19T04:00:00Z,29.0,29.0,,,1.121,1.194,,,,,,,,,,,3.9,3.899,3.902,,,,225.172,0.0,0.0,,,,,371.034,369.0,373.0,,,0.0,6560.0,6588.0,0.0,29.0,0.0,0.0,0.0,0.0,29.0,0.0,0.0,0.0,29.0,0.0,0.0,0.0,0.0,0.0,"solar2_v,lipo2_v"
2021-02-19T05:00:00Z,30.0,30.0,,,1.136,1.238,,,,,,,,,,,3.9,3.899,3.902,,,,224.967,0.0,0.0,,,,,368.733,367.0,371.0,,,0.0,6589.0,6618.0,0.0,30.0,0.0,0.0,0.0,0.0,30.0,0.0,0.0,0.0,30.0,0.0,0.0,0.0,0.0,0.0,"solar2_v,lipo2_v"
2021-02-19T06:00:00Z,29.0,29.0,,,1.202,1.392,,,,,,,,,,,3.9,3.899,3.902,,,,224.552,0.0,0.0,,,,,379.31,368.0,387.0,,,0.0,6619.0,6647.0,0.0,29.0,0.0,0.0,0.0,0.0,29.0,0.0,0.0,0.0,29.0,0.0,0.0,0.0,0.0,0.0,"solar2_v,lipo2_v"
2021-02-19T07:00:00Z,30.0,30.0,,,0.996,1.377,,,,,,,,,,,3.9,3.899,3.902,,,,224.633,0.0,0.0,,,,,378.833,357.0,393.0,,,0.0,6648.0,6677.0,0.0,30.0,0.0,0.0,0.0,0.0,30.0,0.0,0.0,0.0,30.0,0.0,0.0,0.0,0.0,0.0,"solar2_v,lipo2_v"
2021-02-19T08:00:00Z,29.0,29.0,,,0.889,1.364,,,,,,,,,,,3.899,3.895,3.9,,,,226.034,0.0,0.0,,,,,367.034,342.0,386.0,,,0.0,6678.0,6706.0,0.0,29.0,0.0,0.0,0.0,0.0,29.0,0.0,0.0,0.0,29.0,0.0,0.0,0.0,0.0,0.0,"solar2_v,lipo2_v"
2021-02-19T09:00:00Z,30.0,30.0,,,0.5,1.023,,,,,,,,,,,3.896,3.895,3.899,,,,228.933,0.0,0.0,,,,,331.167,316.0,341.0,,,0.0,6707.0,6736.0,0.0,28.0,0.0,0.0,0.0,0.0,30.0,0.0,0.0,0.0,30.0,0.0,0.0,0.0,0.0,0.0,"solar2_v,lipo2_v"
2021-02-19T10:00:00Z,29.0,29.0,,,0.0,0.0,,,,,,,,,,,3.895,3.894,3.895,,,,231.483,0.0,0.0,,,,,308.172,302.0,315.0,,,0.0,6737.0,6765.0,0.0,0.0,0.0,0.0,0.0,0.0,29.0,0.0,0.0,0.0,29.0,0.0,0.0,0.0,0.0,0.0,"solar2_v,lipo2_v"
2021-02-19T11:00:00Z,30.0,30.0,,,0.0,0.0,,,,,,,,,,,3.894,3.892,3.895,,,,232.667,0.0,0.0,,,,,299.567,295.0,301.0,,,0.0,6766.0,6795.0,0.0,0.0,0.0,0.0,0.0,0.0,30.0,0.0,0.0,0.0,30.0,0.0,0.0,0.0,0.0,0.0,"solar2_v,lipo2_v"
2021-02-19T12:00:00Z,29.0,29.0,,,0.0,0.0,,,,,,,,,,,3.894,3.892,3.894,,,,232.966,0.0,0.0,,,,,291.414,288.0,295.0,,,0.0,6796.0,6824.0,0.0,0.0,0.0,0.0,0.0,0.0,29.0,0.0,0.0,0.0,29.0,0.0,0.0,0.0,0.0,0.0,"solar2_v,lipo2_v"
2021-02-19T13:00:00Z,29.0,29.0,,,0.0,0.0,,,,,,,,,,,3.893,3.89,3.894,,,,233.414,0.0,0.0,,,,,286.379,286.0,287.0,,,0.0,6825.0,6853.0,0.0,0.0,0.0,0.0,0.0,0.0,29.0,0.0,0.0,0.0,29.0,0.0,0.0,0.0,0.0,0.0,"solar2_v,lipo2_v"
2021-02-19T14:00:00Z,30.0,30.0,,,0.0,0.0,,,,,,,,,,,3.891,3.89,3.894,,,,234.067,0.0,0.0,,,,,284.633,283.0,286.0,,,0.0,6854.0,6883.0,0.0,0.0,0.0,0.0,0.0,0.0,30.0,0.0,0.0,0.0,30.0,0.0,0.0,0.0,0.0,0.0,"solar2_v,lipo2_v"
2021-02-19T15:00:00Z,29.0,29.0,,,0.0,0.0,,,,,,,,,,,3.891,3.889,3.892,,,,233.862,0.0,0.0,,,,,285.448,283.0,286.0,,,0.0,6884.0,6912.0,0.0,0.0,0.0,0.0,0.0,0.0,29.0,0.0,0.0,0.0,29.0,0.0,0.0,0.0,0.0,0.0,"solar2_v,lipo2_v"
2021-02-19T16:00:00Z,30.0,30.0,,,0.0,0.0,,,,,,,,,,,3.889,3.887,3.892,,,,234.5,0.0,0.0,,,,,278.6,276.0,282.0,,,0.0,6913.0,6942.0,0.0,0.0,0.0,0.0,0.0,0.0,30.0,0.0,0.0,0.0,30.0,0.0,0.0,0.0,0.0,0.0,"solar2_v,lipo2_v"
2021-02-19T17:00:00Z,29.0,29.0,,,0.0,0.0,,,,,,,,,,,3.889,3.887,3.89,,,,234.724,0.0,0.0,,,,,274.345,274.0,275.0,,,0.0,6943.0,6971.0,0.0,0.0,0.0,0.0,0.0,0.0,29.0,0.0,0.0,0.0,29.0,0.0,0.0,0.0,0.0,0.0,"solar2_v,lipo2_v"
2021-02-19T18:00:00Z,30.0,30.0,,,0.0,0.0,,,,,,,,,,,3.888,3.885,3.89,,,,234.967,0.0,0.0,,,,,272.967,271.0,274.0,,,0.0,6972.0,7001.0,0.0,0.0,0.0,0.0,0.0,0.0,30.0,0.0,0.0,0.0,30.0,0.0,0.0,0.0,0.0,0.0,"solar2_v,lipo2_v"
2021-02-19T19:00:00Z,29.0,29.0,,,0.0,0.0,,,,,,,,,,,3.886,3.884,3.889,,,,235.862,0.0,0.0,,,,,268.897,267.0,272.0,,,0.0,7002.0,7030.0,0.0,0.0,0.0,0.0,0.0,0.0,29.0,0.0,0.0,0.0,29.0,0.0,0.0,0.0,0.0,0.0,"solar2_v,lipo2_v"
2021-02-19T20:00:00Z,30.0,30.0,,,0.0,0.0,,,,,,,,,,,3.885,3.882,3.889,,,,236.333,0.0,0.0,,,,,264.967,262.0,268.0,,,0.0,7031.0,7060.0,0.0,0.0,0.0,0.0,0.0,0.0,30.0,0.0,0.0,0.0,30.0,0.0,0.0,0.0,0.0,0.0,"solar2_v,lipo2_v"
2021-02-19T21:00:00Z,29.0,29.0,,,0.0,0.0,,,,,,,,,,,3.883,3.882,3.885,,,,236.897,0.0,0.0,,,,,261.276,261.0,262.0,,,0.0,7061.0,7089.0,0.0,0.0,0.0,0.0,0.0,0.0,29.0,0.0,0.0,0.0,29.0,0.0,0.0,0.0,0.0,0.0,"solar2_v,lipo2_v"
2021-02-19T22:00:00Z,29.0,29.0,,,0.0,0.0,,,,,,,,,,,3.882,3.88,3.885,,,,237.31,0.0,0.0,,,,,260.517,260.0,261.0,,,0.0,7090.0,7118.0,0.0,0.0,0.0,0.0,0.0,0.0,29.0,0.0,0.0,0.0,29.0,0.0,0.0,0.0,0.0,0.0,"solar2_v,lipo2_v"
2021-02-19T23:00:00Z,30.0,30.0,,,0.0,0.0,,,,,,,,,,,3.882,3.88,3.884,,,,237.167,0.0,0.0,,,,,259.067,257.0,261.0,,,0.0,7119.0,7148.0,0.0,0.0,0.0,0.0,0.0,0.0,30.0,0.0,0.0,0.0,30.0,0.0,0.0,0.0,0.0,0.0,"solar2_v,lipo2_v"
2021-02-20T00:00:00Z,29.0,29.0,,,0.417,0.556,,,,,,,,,,,3.882,3.88,3.885,,,,235.931,0.0,0.0,,,,,267.172,261.0,274.0,,,0.0,7149.0,7177.0,0.0,26.0,0.0,0.0,0.0,0.0,29.0,0.0,0.0,0.0,29.0,0.0,0.0,0.0,0.0,0.0,"solar2_v,lipo2_v"
2021-02-20T01:00:00Z,30.0,30.0,,,0.701,0.805,,,,,,,,,,,3.883,3.88,3.885,,,,233.533,0.0,0.0,,,,,286.267,274.0,301.0,,,0.0,7178.0,7207.0,0.0,30.0,0.0,0.0,0.0,0.0,30.0,0.0,0.0,0.0,30.0,0.0,0.0,0.0,0.0,0.0,"solar2_v,lipo2_v"
2021-02-20T02:00:00Z,29.0,29.0,,,0.897,0.966,,,,,,,,,,,3.885,3.882,3.887,,,,230.0,0.0,0.0,,,,,320.103,301.0,340.0,,,0.0,7208.0,7236.0,0.0,29.0,0.0,0.0,0.0,0.0,29.0,0.0,0.0,0.0,29.0,0.0,0.0,0.0,0.0,0.0,"solar2_v,lipo2_v"
2021-02-20T03:00:00Z,30.0,30.0,,,0.974,0.997,,,,,,,,,,,3.888,3.885,3.889,,,,226.2,0.0,0.0,,,,,358.7,341.0,370.0,,,0.0,7237.0,7266.0,0.0,30.0,0.0,0.0,0.0,0.0,30.0,0.0,0.0,0.0,30.0,0.0,0.0,0.0,0.0,0.0,"solar2_v,lipo2_v"
2021-02-20T04:00:00Z,29.0,29.0,,,0.916,0.98,,,,,,,,,,,3.89,3.887,3.892,,,,224.828,0.0,0.0,,,,,374.069,370.0,378.0,,,0.0,7267.0,7295.0,0.0,29.0,0.0,0.0,0.0,0.0,29.0,0.0,0.0,0.0,29.0,0.0,0.0,0.0,0.0,0.0,"solar2_v,lipo2_v"
2021-02-20T05:00:00Z,30.0,30.0,,,0.892,0.946,,,,,,,,,,,3.89,3.887,3.892,,,,225.067,0.0,0.0,,,,,369.767,369.0,374.0,,,0.0,7296.0,7325.0,0.0,30.0,0.0,0.0,0.0,0.0,30.0,0.0,0.0,0.0,30.0,0.0,0.0,0.0,0.0,0.0,"solar2_v,lipo2_v"
2021-02-20T06:00:00Z,29.0,29.0,,,1.027,1.231,,,,,,,,,,,3.89,3.889,3.892,,,,224.103,0.0,0.0,,,,,381.724,374.0,394.0,,,0.0,7326.0,7354.0,0.0,29.0,0.0,0.0,0.0,0.0,29.0,0.0,0.0,0.0,29.0,0.0,0.0,0.0,0.0,0.0,"solar2_v,lipo2_v"
2021-02-20T07:00:00Z,30.0,30.0,,,1.119,1.418,,,,,,,,,,,3.891,3.889,3.892,,,,223.333,0.0,0.0,,,,,396.033,387.0,404.0,,,0.0,7355.0,7384.0,0.0,30.0,0.0,0.0,0.0,0.0,30.0,0.0,0.0,0.0,30.0,0.0,0.0,0.0,0.0,0.0,"solar2_v,lipo2_v"
2021-02-20T08:00:00Z,29.0,29.0,,,0.855,0.934,,,,,,,,,,,3.89,3.887,3.892,,,,225.241,0.0,0.0,,,,,368.862,353.0,386.0,,,0.0,7385.0,7413.0,0.0,29.0,0.0,0.0,0.0,0.0,29.0,0.0,0.0,0.0,29.0,0.0,0.0,0.0,0.0,0.0,"solar2_v,lipo2_v"
2021-02-20T09:00:00Z,30.0,30.0,,,0.514,0.718,,,,,,,,,,,3.888,3.887,3.89,,,,228.4,0.0,0.0,,,,,334.967,326.0,351.0,,,0.0,7414.0,7443.0,0.0,30.0,0.0,0.0,0.0,0.0,30.0,0.0,0.0,0.0,30.0,0.0,0.0,0.0,0.0,0.0,"solar2_v,lipo2_v"
2021-02-20T10:00:00Z,29.0,29.0,,,0.0,0.0,,,,,,,,,,,3.887,3.884,3.889,,,,230.759,0.0,0.0,,,,,315.793,304.0,326.0,,,0.0,7444.0,7472.0,0.0,0.0,0.0,0.0,0.0,0.0,29.0,0.0,0.0,0.0,29.0,0.0,0.0,0.0,0.0,0.0,"solar2_v,lipo2_v"
2021-02-20T11:00:00Z,30.0,30.0,,,0.0,0.0,,,,,,,,,,,3.885,3.882,3.887,,,,232.867,0.0,0.0,,,,,299.267,295.0,303.0,,,0.0,7473.0,7502.0,0.0,0.0,0.0,0.0,0.0,0.0,30.0,0.0,0.0,0.0,30.0,0.0,0.0,0.0,0.0,0.0,"solar2_v,lipo2_v"
2021-02-20T12:00:00Z,29.0,29.0,,,0.0,0.0,,,,,,,,,,,3.883,3.882,3.885,,,,233.241,0.0,0.0,,,,,290.138,288.0,295.0,,,0.0,7503.0,7531.0,0.0,0.0,0.0,0.0,0.0,0.0,29.0,0.0,0.0,0.0,29.0,0.0,0.0,0.0,0.0,0.0,"solar2_v,lipo2_v"
2021-02-20T13:00:00Z,29.0,29.0,,,0.0,0.0,,,,,,,,,,,3.882,3.88,3.884,,,,233.655,0.0,0.0,,,,,286.31,283.0,288.0,,,0.0,7532.0,7560.0,0.0,0.0,0.0,0.0,0.0,0.0,29.0,0.0,0.0,0.0,29.0,0.0,0.0,0.0,0.0,0.0,"solar2_v,lipo2_v"
2021-02-20T14:00:00Z,30.0,30.0,,,0.0,0.0,,,,,,,,,,,3.881,3.879,3.882,,,,233.633,0.0,0.0,,,,,281.3,280.0,283.0,,,0.0,7561.0,7590.0,0.0,0.0,0.0,0.0,0.0,0.0,30.0,0.0,0.0,0.0,30.0,0.0,0.0,0.0,0.0,0.0,"solar2_v,lipo2_v"
2021-02-20T15:00:00Z,29.0,29.0,,,0.0,0.0,,,,,,,,,,,3.88,3.879,3.884,,,,234.138,0.0,0.0,,,,,277.897,273.0,283.0,,,0.0,7591.0,7619.0,0.0,0.0,0.0,0.0,0.0,0.0,29.0,0.0,0.0,0.0,29.0,0.0,0.0,0.0,0.0,0.0,"solar2_v,lipo2_v"
2021-02-20T16:00:00Z,30.0,30.0,,,0.0,0.0,,,,,,,,,,,3.879,3.877,3.882,,,,235.267,0.0,0.0,,,,,272.467,270.0,273.0,,,0.0,7620.0,7649.0,0.0,0.0,0.0,0.0,0.0,0.0,30.0,0.0,0.0,0.0,30.0,0.0,0.0,0.0,0.0,0.0,"solar2_v,lipo2_v"
2021-02-20T17:00:00Z,29.0,29.0,,,0.0,0.0,,,,,,,,,,,3.879,3.877,3.88,,,,236.069,0.0,0.0,,,,,270.207,268.0,272.0,,,0.0,7650.0,7678.0,0.0,0.0,0.0,0.0,0.0,0.0,29.0,0.0,0.0,0.0,29.0,0.0,0.0,0.0,0.0,0.0,"solar2_v,lipo2_v"
2021-02-20T18:00:00Z,30.0,30.0,,,0.0,0.0,,,,,,,,,,,3.878,3.877,3.88,,,,236.0,0.0,0.0,,,,,265.9,265.0,268.0,,,0.0,7679.0,7708.0,0.0,0.0,0.0,0.0,0.0,0.0,30.0,0.0,0.0,0.0,30.0,0.0,0.0,0.0,0.0,0.0,"solar2_v,lipo2_v"
2021-02-20T19:00:00Z,29.0,29.0,,,0.0,0.0,,,,,,,,,,,3.878,3.875,3.879,,,,236.069,0.0,0.0,,,,,265.897,264.0,267.0,,,0.0,7709.0,7737.0,0.0,0.0,0.0,0.0,0.0,0.0,29.0,0.0,0.0,0.0,29.0,0.0,0.0,0.0,0.0,0.0,"solar2_v,lipo2_v"
2021-02-20T20:00:00Z,30.0,30.0,,,0.0,0.0,,,,,,,,,,,3.877,3.875,3.879,,,,236.233,0.0,0.0,,,,,262.767,262.0,265.0,,,0.0,7738.0,7767.0,0.0,0.0,0.0,0.0,0.0,0.0,30.0,0.0,0.0,0.0,30.0,0.0,0.0,0.0,0.0,0.0,"solar2_v,lipo2_v"
2021-02-20T21:00:00Z,29.0,29.0,,,0.0,0.0,,,,,,,,,,,3.876,3.875,3.879,,,,237.172,0.0,0.0,,,,,260.759,259.0,262.0,,,0.0,7768.0,7796.0,0.0,0.0,0.0,0.0,0.0,0.0,29.0,0.0,0.0,0.0,29.0,0.0,0.0,0.0,0.0,0.0,"solar2_v,lipo2_v"
2021-02-20T22:00:00Z,30.0,30.0,,,0.0,0.0,,,,,,,,,,,3.876,3.874,3.877,,,,237.367,0.0,0.0,,,,,257.5,254.0,260.0,,,0.0,7797.0,7826.0,0.0,0.0,0.0,0.0,0.0,0.0,30.0,0.0,0.0,0.0,30.0,0.0,0.0,0.0,0.0,0.0,"solar2_v,lipo2_v"
2021-02-20T23:00:00Z,29.0,29.0,,,0.0,0.0,,,,,,,,,,,3.875,3.874,3.877,,,,237.862,0.0,0.0,,,,,254.586,252.0,261.0,,,0.0,7827.0,7855.0,0.0,0.0,0.0,0.0,0.0,0.0,29.0,0.0,0.0,0.0,29.0,0.0,0.0,0.0,0.0,0.0,"solar2_v,lipo2_v"
2021-02-21T00:00:00Z,30.0,30.0,,,0.498,0.656,,,,,,,,,,,3.875,3.874,3.877,,,,235.567,0.0,0.0,,,,,268.0,261.0,274.0,,,0.0,7856.0,7885.0,0.0,30.0,0.0,0.0,0.0,0.0,30.0,0.0,0.0,0.0,30.0,0.0,0.0,0.0,0.0,0.0,"solar2_v,lipo2_v"
2021-02-21T01:00:00Z,29.0,29.0,,,0.714,0.864,,,,,,,,,,,3.876,3.874,3.877,,,,233.931,0.0,0.0,,,,,283.483,274.0,296.0,,,0.0,7886.0,7914.0,0.0,29.0,0.0,0.0,0.0,0.0,29.0,0.0,0.0,0.0,29.0,0.0,0.0,0.0,0.0,0.0,"solar2_v,lipo2_v"
2021-02-21T02:00:00Z,29.0,29.0,,,1.038,1.295,,,,,,,,,,,3.878,3.875,3.88,,,,230.379,0.0,0.0,,,,,316.172,297.0,334.0,,,0.0,7915.0,7943.0,0.0,29.0,0.0,0.0,0.0,0.0,29.0,0.0,0.0,0.0,29.0,0.0,0.0,0.0,0.0,0.0,"solar2_v,lipo2_v"
2021-02-21T03:00:00Z,30.0,30.0,,,1.294,1.433,,,,,,,,,,,3.88,3.877,3.882,,,,227.067,0.0,0.0,,,,,350.467,335.0,355.0,,,0.0,7944.0,7973.0,0.0,30.0,0.0,0.0,0.0,0.0,30.0,0.0,0.0,0.0,30.0,0.0,0.0,0.0,0.0,0.0,"solar2_v,lipo2_v"
2021-02-21T04:00:00Z,29.0,29.0,,,1.359,1.625,,,,,,,,,,,3.88,3.879,3.882,,,,225.828,0.0,0.0,,,,,361.276,354.0,367.0,,,0.0,7974.0,8002.0,0.0,29.0,0.0,0.0,0.0,0.0,29.0,0.0,0.0,0.0,29.0,0.0,0.0,0.0,0.0,0.0,"solar2_v,lipo2_v"
2021-02-21T05:00:00Z,30.0,30.0,,,1.361,1.635,,,,,,,,,,,3.88,3.879,3.882,,,,226.767,0.0,0.0,,,,,358.067,353.0,367.0,,,0.0,8003.0,8032.0,0.0,30.0,0.0,0.0,0.0,0.0,30.0,0.0,0.0,0.0,30.0,0.0,0.0,0.0,0.0,0.0,"solar2_v,lipo2_v"
2021-02-21T06:00:00Z,29.0,29.0,,,1.498,1.735,,,,,,,,,,,3.882,3.88,3.884,,,,224.897,0.0,0.0,,,,,375.103,367.0,384.0,,,0.0,8033.0,8061.0,0.0,29.0,0.0,0.0,0.0,0.0,29.0,0.0,0.0,0.0,29.0,0.0,0.0,0.0,0.0,0.0,"solar2_v,lipo2_v"
2021-02-21T07:00:00Z,29.0,29.0,,,1.372,2.051,,,,,,,,,,,3.882,3.88,3.884,,,,224.034,0.0,0.0,,,,,381.793,371.0,391.0,,,0.0,8062.0,8091.0,0.0,29.0,0.0,0.0,0.0,0.0,29.0,0.0,0.0,0.0,29.0,0.0,0.0,0.0,0.0,0.0,"solar2_v,lipo2_v"
2021-02-21T08:00:00Z,29.0,29.0,,,0.947,1.121,,,,,,,,,,,3.881,3.879,3.884,,,,226.172,0.0,0.0,,,,,363.552,354.0,373.0,,,0.0,8092.0,8120.0,0.0,29.0,0.0,0.0,0.0,0.0,29.0,0.0,0.0,0.0,29.0,0.0,0.0,0.0,0.0,0.0,"solar2_v,lipo2_v"
2021-02-21T09:00:00Z,30.0,30.0,,,0.388,0.759,,,,,,,,,,,3.879,3.877,3.88,,,,229.033,0.0,0.0,,,,,331.133,313.0,353.0,,,0.0,8121.0,8150.0,0.0,18.0,0.0,0.0,0.0,0.0,30.0,0.0,0.0,0.0,30.0,0.0,0.0,0.0,0.0,0.0,"solar2_v,lipo2_v"
2021-02-21T10:00:00Z,29.0,29.0,,,0.0,0.0,,,,,,,,,,,3.877,3.875,3.879,,,,231.828,0.0,0.0,,,,,303.586,296.0,313.0,,,0.0,8151.0,8179.0,0.0,0.0,0.0,0.0,0.0,0.0,29.0,0.0,0.0,0.0,29.0,0.0,0.0,0.0,0.0,0.0,"solar2_v,lipo2_v"
2021-02-21T11:00:00Z,30.0,30.0,,,0.0,0.0,,,,,,,,,,,3.875,3.874,3.877,,,,233.4,0.0,0.0,,,,,289.967,286.0,296.0,,,0.0,8180.0,8209.0,0.0,0.0,0.0,0.0,0.0,0.0,30.0,0.0,0.0,0.0,30.0,0.0,0.0,0.0,0.0,0.0,"solar2_v,lipo2_v"
2021-02-21T12:00:00Z,29.0,29.0,,,0.0,0.0,,,,,,,,,,,3.874,3.874,3.875,,,,234.103,0.0,0.0,,,,,282.828,281.0,286.0,,,0.0,8210.0,8238.0,0.0,0.0,0.0,0.0,0.0,0.0,29.0,0.0,0.0,0.0,29.0,0.0,0.0,0.0,0.0,0.0,"solar2_v,lipo2_v"
2021-02-21T13:00:00Z,30.0,30.0,,,0.0,0.0,,,,,,,,,,,3.874,3.872,3.877,,,,233.967,0.0,0.0,,,,,280.167,278.0,281.0,,,0.0,8239.0,8268.0,0.0,0.0,0.0,0.0,0.0,0.0,30.0,0.0,0.0,0.0,30.0,0.0,0.0,0.0,0.0,0.0,"solar2_v,lipo2_v"
2021-02-21T14:00:00Z,29.0,29.0,,,0.0,0.0,,,,,,,,,,,3.874,3.872,3.875,,,,234.586,0.0,0.0,,,,,275.586,274.0,277.0,,,0.0,8269.0,8297.0,0.0,0.0,0.0,0.0,0.0,0.0,29.0,0.0,0.0,0.0,29.0,0.0,0.0,0.0,0.0,0.0,"solar2_v,lipo2_v"
2021-02-21T15:00:00Z,29.0,29.0,,,0.0,0.0,,,,,,,,,,,3.873,3.871,3.874,,,,234.448,0.0,0.0,,,,,275.069,274.0,276.0,,,0.0,8298.0,8326.0,0.0,0.0,0.0,0.0,0.0,0.0,29.0,0.0,0.0,0.0,29.0,0.0,0.0,0.0,0.0,0.0,"solar2_v,lipo2_v"
2021-02-21T16:00:00Z,30.0,30.0,,,0.0,0.0,,,,,,,,,,,3.872,3.871,3.874,,,,235.233,0.0,0.0,,,,,273.067,272.0,274.0,,,0.0,8327.0,8356.0,0.0,0.0,0.0,0.0,0.0,0.0,30.0,0.0,0.0,0.0,30.0,0.0,0.0,0.0,0.0,0.0,"solar2_v,lipo2_v"
2021-02-21T17:00:00Z,29.0,29.0,,,0.0,0.0,,,,,,,,,,,3.871,3.871,3.872,,,,235.621,0.0,0.0,,,,,269.793,266.0,273.0,,,0.0,8357.0,8385.0,0.0,0.0,0.0,0.0,0.0,0.0,29.0,0.0,0.0,0.0,29.0,0.0,0.0,0.0,0.0,0.0,"solar2_v,lipo2_v"
2021-02-21T18:00:00Z,30.0,30.0,,,0.0,0.0,,,,,,,,,,,3.871,3.871,3.872,,,,235.967,0.0,0.0,,,,,262.833,262.0,265.0,,,0.0,8386.0,8415.0,0.0,0.0,0.0,0.0,0.0,0.0,30.0,0.0,0.0,0.0,30.0,0.0,0.0,0.0,0.0,0.0,"solar2_v,lipo2_v"
2021-02-21T19:00:00Z,29.0,29.0,,,0.0,0.0,,,,,,,,,,,3.871,3.869,3.872,,,,236.931,0.0,0.0,,,,,261.103,261.0,262.0,,,0.0,8416.0,8444.0,0.0,0.0,0.0,0.0,0.0,0.0,29.0,0.0,0.0,0.0,29.0,0.0,0.0,0.0,0.0,0.0,"solar2_v,lipo2_v"
2021-02-21T20:00:00Z,30.0,30.0,,,0.0,0.0,,,,,,,,,,,3.871,3.871,3.872,,,,237.267,0.0,0.0,,,,,258.167,253.0,261.0,,,0.0,8445.0,8474.0,0.0,0.0,0.0,0.0,0.0,0.0,30.0,0.0,0.0,0.0,30.0,0.0,0.0,0.0,0.0,0.0,"solar2_v,lipo2_v"
2021-02-21T21:00:00Z,29.0,29.0,,,0.0,0.0,,,,,,,,,,,3.871,3.869,3.871,,,,237.966,0.0,0.0,,,,,251.172,249.0,253.0,,,0.0,8475.0,8503.0,0.0,0.0,0.0,0.0,0.0,0.0,29.0,0.0,0.0,0.0,29.0,0.0,0.0,0.0,0.0,0.0,"solar2_v,lipo2_v"
2021-02-21T22:00:00Z,30.0,30.0,,,0.0,0.0,,,,,,,,,,,3.871,3.869,3.871,,,,238.067,0.0,0.0,,,,,249.933,249.0,251.0,,,0.0,8504.0,8533.0,0.0,0.0,0.0,0.0,0.0,0.0,30.0,0.0,0.0,0.0,30.0,0.0,0.0,0.0,0.0,0.0,"solar2_v,lipo2_v"
2021-02-21T23:00:00Z,29.0,29.0,,,0.0,0.0,,,,,,,,,,,3.871,3.869,3.871,,,,237.897,0.0,0.0,,,,,250.69,249.0,253.0,,,0.0,8534.0,8562.0,0.0,0.0,0.0,0.0,0.0,0.0,29.0,0.0,0.0,0.0,29.0,0.0,0.0,0.0,0.0,0.0,"solar2_v,lipo2_v"
2021-02-22T00:00:00Z,30.0,30.0,,,0.422,0.585,,,,,,,,,,,3.871,3.871,3.871,,,,236.867,0.0,0.0,,,,,263.2,254.0,269.0,,,0.0,8563.0,8592.0,0.0,28.0,0.0,0.0,0.0,0.0,30.0,0.0,0.0,0.0,30.0,0.0,0.0,0.0,0.0,0.0,"solar2_v,lipo2_v"
2021-02-22T01:00:00Z,29.0,29.0,,,0.815,1.135,,,,,,,,,,,3.871,3.871,3.872,,,,233.966,0.0,0.0,,,,,284.034,270.0,300.0,,,0.0,8593.0,8621.0,0.0,29.0,0.0,0.0,0.0,0.0,29.0,0.0,0.0,0.0,29.0,0.0,0.0,0.0,0.0,0.0,"solar2_v,lipo2_v"
2021-02-22T02:00:00Z,29.0,29.0,,,1.07,1.235,,,,,,,,,,,3.872,3.871,3.872,,,,230.207,0.0,0.0,,,,,317.31,301.0,340.0,,,0.0,8622.0,8650.0,0.0,29.0,0.0,0.0,0.0,0.0,29.0,0.0,0.0,0.0,29.0,0.0,0.0,0.0,0.0,0.0,"solar2_v,lipo2_v"
2021-02-22T03:00:00Z,29.0,29.0,,,1.096,1.138,,,,,,,,,,,3.873,3.872,3.874,,,,227.207,0.0,0.0,,,,,351.69,342.0,357.0,,,0.0,8652.0,8680.0,0.0,29.0,0.0,0.0,0.0,0.0,29.0,0.0,0.0,0.0,29.0,0.0,0.0,0.0,0.0,0.0,"solar2_v,lipo2_v"
2021-02-22T04:00:00Z,29.0,29.0,,,1.187,1.454,,,,,,,,,,,3.874,3.872,3.875,,,,225.966,0.0,0.0,,,,,363.897,354.0,369.0,,,0.0,8681.0,8709.0,0.0,29.0,0.0,0.0,0.0,0.0,29.0,0.0,0.0,0.0,29.0,0.0,0.0,0.0,0.0,0.0,"solar2_v,lipo2_v"
2021-02-22T05:00:00Z,30.0,30.0,,,1.256,1.522,,,,,,,,,,,3.873,3.871,3.875,,,,225.867,0.0,0.0,,,,,370.333,367.0,379.0,,,0.0,8710.0,8739.0,0.0,30.0,0.0,0.0,0.0,0.0,30.0,0.0,0.0,0.0,30.0,0.0,0.0,0.0,0.0,0.0,"solar2_v,lipo2_v"
2021-02-22T06:00:00Z,29.0,29.0,,,1.362,1.69,,,,,,,,,,,3.874,3.872,3.877,,,,223.655,0.0,0.0,,,,,387.724,373.0,399.0,,,0.0,8740.0,8768.0,0.0,29.0,0.0,0.0,0.0,0.0,29.0,0.0,0.0,0.0,29.0,0.0,0.0,0.0,0.0,0.0,"solar2_v,lipo2_v"
2021-02-22T07:00:00Z,30.0,30.0,,,1.3,2.235,,,,,,,,,,,3.875,3.874,3.877,,,,223.967,0.0,0.0,,,,,383.967,366.0,395.0,,,0.0,8769.0,8798.0,0.0,30.0,0.0,0.0,0.0,0.0,30.0,0.0,0.0,0.0,30.0,0.0,0.0,0.0,0.0,0.0,"solar2_v,lipo2_v"
2021-02-22T08:00:00Z,29.0,29.0,,,0.942,1.138,,,,,,,,,,,3.872,3.871,3.874,,,,227.828,0.0,0.0,,,,,344.966,326.0,366.0,,,0.0,8799.0,8827.0,0.0,29.0,0.0,0.0,0.0,0.0,29.0,0.0,0.0,0.0,29.0,0.0,0.0,0.0,0.0,0.0,"solar2_v,lipo2_v"
2021-02-22T09:00:00Z,30.0,30.0,,,0.397,0.602,,,,,,,,,,,3.871,3.869,3.872,,,,231.3,0.0,0.0,,,,,310.167,300.0,326.0,,,0.0,8828.0,8857.0,0.0,23.0,0.0,0.0,0.0,0.0,30.0,0.0,0.0,0.0,30.0,0.0,0.0,0.0,0.0,0.0,"solar2_v,lipo2_v"
2021-02-22T10:00:00Z,29.0,29.0,,,0.0,0.0,,,,,,,,,,,3.871,3.869,3.871,,,,233.276,0.0,0.0,,,,,289.931,282.0,300.0,,,0.0,8858.0,8886.0,0.0,0.0,0.0,0.0,0.0,0.0,29.0,0.0,0.0,0.0,29.0,0.0,0.0,0.0,0.0,0.0,"solar2_v,lipo2_v"
2021-02-22T11:00:00Z,30.0,30.0,,,0.0,0.0,,,,,,,,,,,3.869,3.869,3.871,,,,234.567,0.0,0.0,,,,,275.4,274.0,281.0,,,0.0,8887.0,8916.0,0.0,0.0,0.0,0.0,0.0,0.0,30.0,0.0,0.0,0.0,30.0,0.0,0.0,0.0,0.0,0.0,"solar2_v,lipo2_v"
2021-02-22T12:00:00Z,29.0,29.0,,,0.0,0.0,,,,,,,,,,,3.869,3.869,3.869,,,,235.517,0.0,0.0,,,,,271.759,268.0,274.0,,,0.0,8917.0,8945.0,0.0,0.0,0.0,0.0,0.0,0.0,29.0,0.0,0.0,0.0,29.0,0.0,0.0,0.0,0.0,0.0,"solar2_v,lipo2_v"
2021-02-22T13:00:00Z,29.0,29.0,,,0.0,0.0,,,,,,,,,,,3.869,3.867,3.869,,,,236.207,0.0,0.0,,,,,267.0,266.0,268.0,,,0.0,8946.0,8974.0,0.0,0.0,0.0,0.0,0.0,0.0,29.0,0.0,0.0,0.0,29.0,0.0,0.0,0.0,0.0,0.0,"solar2_v,lipo2_v"
2021-02-22T14:00:00Z,30.0,30.0,,,0.0,0.0,,,,,,,,,,,3.869,3.867,3.869,,,,236.4,0.0,0.0,,,,,263.933,263.0,266.0,,,0.0,8975.0,9004.0,0.0,0.0,0.0,0.0,0.0,0.0,30.0,0.0,0.0,0.0,30.0,0.0,0.0,0.0,0.0,0.0,"solar2_v,lipo2_v"
2021-02-22T15:00:00Z,29.0,29.0,,,0.0,0.0,,,,,,,,,,,3.868,3.867,3.869,,,,236.552,0.0,0.0,,,,,262.0,262.0,262.0,,,0.0,9005.0,9033.0,0.0,0.0,0.0,0.0,0.0,0.0,29.0,0.0,0.0,0.0,29.0,0.0,0.0,0.0,0.0,0.0,"solar2_v,lipo2_v"
2021-02-22T16:00:00Z,30.0,30.0,,,0.0,0.0,,,,,,,,,,,3.868,3.867,3.869,,,,236.167,0.0,0.0,,,,,263.0,262.0,264.0,,,0.0,9034.0,9063.0,0.0,0.0,0.0,0.0,0.0,0.0,30.0,0.0,0.0,0.0,30.0,0.0,0.0,0.0,0.0,0.0,"solar2_v,lipo2_v"
2021-02-22T17:00:00Z,29.0,29.0,,,0.0,0.0,,,,,,,,,,,3.868,3.866,3.869,,,,236.862,0.0,0.0,,,,,261.034,260.0,262.0,,,0.0,9064.0,9092.0,0.0,0.0,0.0,0.0,0.0,0.0,29.0,0.0,0.0,0.0,29.0,0.0,0.0,0.0,0.0,0.0,"solar2_v,lipo2_v"
2021-02-22T18:00:00Z,30.0,30.0,,,0.0,0.0,,,,,,,,,,,3.867,3.866,3.869,,,,236.4,0.0,0.0,,,,,261.233,261.0,262.0,,,0.0,9093.0,9122.0,0.0,0.0,0.0,0.0,0.0,0.0,30.0,0.0,0.0,0.0,30.0,0.0,0.0,0.0,0.0,0.0,"solar2_v,lipo2_v"
2021-02-22T19:00:00Z,29.0,29.0,,,0.0,0.0,,,,,,,,,,,3.867,3.864,3.869,,,,237.069,0.0,0.0,,,,,260.828,260.0,261.0,,,0.0,9123.0,9151.0,0.0,0.0,0.0,0.0,0.0,0.0,29.0,0.0,0.0,0.0,29.0,0.0,0.0,0.0,0.0,0.0,"solar2_v,lipo2_v"
2021-02-22T20:00:00Z,30.0,30.0,,,0.0,0.0,,,,,,,,,,,3.866,3.864,3.867,,,,237.133,0.0,0.0,,,,,259.033,258.0,260.0,,,0.0,9152.0,9181.0,0.0,0.0,0.0,0.0,0.0,0.0,30.0,0.0,0.0,0.0,30.0,0.0,0.0,0.0,0.0,0.0,"solar2_v,lipo2_v"
2021-02-22T21:00:00Z,29.0,29.0,,,0.0,0.0,,,,,,,,,,,3.866,3.864,3.867,,,,237.483,0.0,0.0,,,,,258.759,254.0,261.0,,,0.0,9182.0,9210.0,0.0,0.0,0.0,0.0,0.0,0.0,29.0,0.0,0.0,0.0,29.0,0.0,0.0,0.0,0.0,0.0,"solar2_v,lipo2_v"
2021-02-22T22:00:00Z,29.0,29.0,,,0.0,0.0,,,,,,,,,,,3.866,3.864,3.867,,,,237.966,0.0,0.0,,,,,252.552,251.0,254.0,,,0.0,9211.0,9239.0,0.0,0.0,0.0,0.0,0.0,0.0,29.0,0.0,0.0,0.0,29.0,0.0,0.0,0.0,0.0,0.0,"solar2_v,lipo2_v"
2021-02-22T23:00:00Z,30.0,30.0,,,0.0,0.0,,,,,,,,,,,3.865,3.862,3.867,,,,237.733,0.0,0.0,,,,,253.5,250.0,260.0,,,0.0,9240.0,9269.0,0.0,0.0,0.0,0.0,0.0,0.0,30.0,0.0,0.0,0.0,30.0,0.0,0.0,0.0,0.0,0.0,"solar2_v,lipo2_v"
2021-02-23T00:00:00Z,29.0,29.0,,,0.44,0.603,,,,,,,,,,,3.866,3.864,3.867,,,,236.069,0.0,0.0,,,,,267.276,261.0,274.0,,,0.0,9270.0,9298.0,0.0,27.0,0.0,0.0,0.0,0.0,29.0,0.0,0.0,0.0,29.0,0.0,0.0,0.0,0.0,0.0,"solar2_v,lipo2_v"
2021-02-23T01:00:00Z,28.0,28.0,,,0.847,1.213,,,,,,,,,,,3.866,3.862,3.867,,,,233.25,0.0,0.0,,,,,287.929,274.0,306.0,,,0.0,9299.0,9326.0,0.0,28.0,0.0,0.0,0.0,0.0,28.0,0.0,0.0,0.0,28.0,0.0,0.0,0.0,0.0,0.0,"solar2_v,lipo2_v"
2021-02-23T02:00:00Z,22.0,22.0,,,0.967,1.115,,,,,,,,,,,3.867,3.864,3.867,,,,229.455,0.0,0.0,,,,,322.091,310.0,335.0,,,0.0,9328.0,9356.0,0.0,22.0,0.0,0.0,0.0,0.0,22.0,0.0,0.0,0.0,22.0,0.0,0.0,0.0,0.0,0.0,"solar2_v,lipo2_v"
2021-02-23T03:00:00Z,28.0,28.0,,,1.133,1.448,,,,,,,,,,,3.866,3.864,3.867,,,,227.143,0.0,0.0,,,,,348.214,331.0,364.0,,,0.0,9357.0,9385.0,0.0,28.0,0.0,0.0,0.0,0.0,28.0,0.0,0.0,0.0,28.0,0.0,0.0,0.0,0.0,0.0,"solar2_v,lipo2_v"
2021-02-23T04:00:00Z,28.0,28.0,,,1.26,1.517,,,,,,,,,,,3.866,3.866,3.867,,,,226.179,0.0,0.0,,,,,360.464,343.0,369.0,,,0.0,9386.0,9414.0,0.0,28.0,0.0,0.0,0.0,0.0,28.0,0.0,0.0,0.0,28.0,0.0,0.0,0.0,0.0,0.0,"solar2_v,lipo2_v"
2021-02-23T05:00:00Z,28.0,28.0,,,1.295,1.44,,,,,,,,,,,3.866,3.864,3.867,,,,225.214,0.0,0.0,,,,,371.821,367.0,379.0,,,0.0,9415.0,9443.0,0.0,28.0,0.0,0.0,0.0,0.0,28.0,0.0,0.0,0.0,28.0,0.0,0.0,0.0,0.0,0.0,"solar2_v,lipo2_v"
2021-02-23T06:00:00Z,29.0,29.0,,,1.197,1.641,,,,,,,,,,,3.866,3.864,3.867,,,,224.138,0.0,0.0,,,,,384.138,380.0,391.0,,,0.0,9444.0,9472.0,0.0,29.0,0.0,0.0,0.0,0.0,29.0,0.0,0.0,0.0,29.0,0.0,0.0,0.0,0.0,0.0,"solar2_v,lipo2_v"
2021-02-23T07:00:00Z,21.0,21.0,,,1.184,1.651,,,,,,,,,,,3.866,3.864,3.867,,,,223.238,0.0,0.0,,,,,391.19,380.0,399.0,,,0.0,9473.0,9500.0,0.0,21.0,0.0,0.0,0.0,0.0,21.0,0.0,0.0,0.0,21.0,0.0,0.0,0.0,0.0,0.0,"solar2_v,lipo2_v"
2021-02-23T08:00:00Z,26.0,26.0,,,0.88,1.069,,,,,,,,,,,3.864,3.861,3.866,,,,226.385,0.0,0.0,,,,,359.269,343.0,380.0,,,0.0,9501.0,9529.0,0.0,26.0,0.0,0.0,0.0,0.0,26.0,0.0,0.0,0.0,26.0,0.0,0.0,0.0,0.0,0.0,"solar2_v,lipo2_v"
2021-02-23T09:00:00Z,29.0,29.0,,,0.537,0.711,,,,,,,,,,,3.861,3.859,3.864,,,,229.31,0.0,0.0,,,,,324.828,312.0,341.0,,,0.0,9530.0,9558.0,0.0,29.0,0.0,0.0,0.0,0.0,29.0,0.0,0.0,0.0,29.0,0.0,0.0,0.0,0.0,0.0,"solar2_v,lipo2_v"
2021-02-23T10:00:00Z,28.0,28.0,,,0.035,0.341,,,,,,,,,,,3.858,3.856,3.861,,,,232.321,0.0,0.0,,,,,299.536,291.0,310.0,,,0.0,9559.0,9586.0,0.0,3.0,0.0,0.0,0.0,0.0,28.0,0.0,0.0,0.0,28.0,0.0,0.0,0.0,0.0,0.0,"solar2_v,lipo2_v"
2021-02-23T11:00:00Z,26.0,26.0,,,0.0,0.0,,,,,,,,,,,3.857,3.854,3.859,,,,233.308,0.0,0.0,,,,,286.423,283.0,291.0,,,0.0,9588.0,9616.0,0.0,0.0,0.0,0.0,0.0,0.0,26.0,0.0,0.0,0.0,26.0,0.0,0.0,0.0,0.0,0.0,"solar2_v,lipo2_v"
2021-02-23T12:00:00Z,22.0,22.0,,,0.0,0.0,,,,,,,,,,,3.855,3.854,3.856,,,,234.045,0.0,0.0,,,,,280.273,277.0,282.0,,,0.0,9617.0,9645.0,0.0,0.0,0.0,0.0,0.0,0.0,22.0,0.0,0.0,0.0,22.0,0.0,0.0,0.0,0.0,0.0,"solar2_v,lipo2_v"
2021-02-23T13:00:00Z,22.0,22.0,,,0.0,0.0,,,,,,,,,,,3.854,3.852,3.856,,,,234.227,0.0,0.0,,,,,274.909,274.0,276.0,,,0.0,9646.0,9674.0,0.0,0.0,0.0,0.0,0.0,0.0,22.0,0.0,0.0,0.0,22.0,0.0,0.0,0.0,0.0,0.0,"solar2_v,lipo2_v"
2021-02-23T14:00:00Z,27.0,27.0,,,0.0,0.0,,,,,,,,,,,3.853,3.851,3.854,,,,235.111,0.0,0.0,,,,,273.333,273.0,274.0,,,0.0,9675.0,9703.0,0.0,0.0,0.0,0.0,0.0,0.0,27.0,0.0,0.0,0.0,27.0,0.0,0.0,0.0,0.0,0.0,"solar2_v,lipo2_v"
2021-02-23T15:00:00Z,25.0,25.0,,,0.0,0.0,,,,,,,,,,,3.852,3.851,3.854,,,,235.96,0.0,0.0,,,,,271.2,269.0,273.0,,,0.0,9705.0,9732.0,0.0,0.0,0.0,0.0,0.0,0.0,25.0,0.0,0.0,0.0,25.0,0.0,0.0,0.0,0.0,0.0,"solar2_v,lipo2_v"
2021-02-23T16:00:00Z,28.0,28.0,,,0.0,0.0,,,,,,,,,,,3.851,3.849,3.852,,,,235.786,0.0,0.0,,,,,268.143,267.0,270.0,,,0.0,9733.0,9761.0,0.0,0.0,0.0,0.0,0.0,0.0,28.0,0.0,0.0,0.0,28.0,0.0,0.0,0.0,0.0,0.0,"solar2_v,lipo2_v"
2021-02-23T17:00:00Z,29.0,29.0,,,0.0,0.0,,,,,,,,,,,3.851,3.849,3.852,,,,236.241,0.0,0.0,,,,,266.517,265.0,268.0,,,0.0,9762.0,9790.0,0.0,0.0,0.0,0.0,0.0,0.0,29.0,0.0,0.0,0.0,29.0,0.0,0.0,0.0,0.0,0.0,"solar2_v,lipo2_v"
2021-02-23T18:00:00Z,30.0,30.0,,,0.0,0.0,,,,,,,,,,,3.851,3.849,3.852,,,,235.967,0.0,0.0,,,,,268.967,266.0,270.0,,,0.0,9791.0,9820.0,0.0,0.0,0.0,0.0,0.0,0.0,30.0,0.0,0.0,0.0,30.0,0.0,0.0,0.0,0.0,0.0,"solar2_v,lipo2_v"
2021-02-23T19:00:00Z,29.0,29.0,,,0.0,0.0,,,,,,,,,,,3.85,3.847,3.851,,,,236.069,0.0,0.0,,,,,269.276,267.0,271.0,,,0.0,9821.0,9849.0,0.0,0.0,0.0,0.0,0.0,0.0,29.0,0.0,0.0,0.0,29.0,0.0,0.0,0.0,0.0,0.0,"solar2_v,lipo2_v"
2021-02-23T20:00:00Z,30.0,30.0,,,0.0,0.0,,,,,,,,,,,3.849,3.847,3.851,,,,235.8,0.0,0.0,,,,,268.233,267.0,271.0,,,0.0,9850.0,9879.0,0.0,0.0,0.0,0.0,0.0,0.0,30.0,0.0,0.0,0.0,30.0,0.0,0.0,0.0,0.0,0.0,"solar2_v,lipo2_v"
2021-02-23T21:00:00Z,29.0,29.0,,,0.0,0.0,,,,,,,,,,,3.848,3.847,3.851,,,,235.862,0.0,0.0,,,,,268.138,267.0,271.0,,,0.0,9880.0,9908.0,0.0,0.0,0.0,0.0,0.0,0.0,29.0,0.0,0.0,0.0,29.0,0.0,0.0,0.0,0.0,0.0,"solar2_v,lipo2_v"
2021-02-23T22:00:00Z,30.0,30.0,,,0.0,0.0,,,,,,,,,,,3.848,3.846,3.849,,,,236.4,0.0,0.0,,,,,266.167,264.0,268.0,,,0.0,9909.0,9938.0,0.0,0.0,0.0,0.0,0.0,0.0,30.0,0.0,0.0,0.0,30.0,0.0,0.0,0.0,0.0,0.0,"solar2_v,lipo2_v"
2021-02-23T23:00:00Z,29.0,29.0,,,0.0,0.0,,,,,,,,,,,3.847,3.846,3.849,,,,236.552,0.0,0.0,,,,,266.034,265.0,268.0,,,0.0,9939.0,9967.0,0.0,0.0,0.0,0.0,0.0,0.0,29.0,0.0,0.0,0.0,29.0,0.0,0.0,0.0,0.0,0.0,"solar2_v,lipo2_v"
2021-02-24T00:00:00Z,28.0,28.0,,,0.455,0.813,,,,,,,,,,,3.847,3.846,3.849,,,,234.893,0.0,0.0,,,,,275.25,268.0,283.0,,,0.0,9968.0,9995.0,0.0,25.0,0.0,0.0,0.0,0.0,28.0,0.0,0.0,0.0,28.0,0.0,0.0,0.0,0.0,0.0,"solar2_v,lipo2_v"
2021-02-24T01:00:00Z,29.0,29.0,,,0.919,1.207,,,,,,,,,,,3.847,3.846,3.849,,,,232.69,0.0,0.0,,,,,295.828,286.0,311.0,,,0.0,9997.0,10025.0,0.0,29.0,0.0,0.0,0.0,0.0,29.0,0.0,0.0,0.0,29.0,0.0,0.0,0.0,0.0,0.0,"solar2_v,lipo2_v"
2021-02-24T02:00:00Z,29.0,29.0,,,1.218,1.564,,,,,,,,,,,3.848,3.846,3.851,,,,229.069,0.0,0.0,,,,,324.724,313.0,340.0,,,0.0,10026.0,10054.0,0.0,29.0,0.0,0.0,0.0,0.0,29.0,0.0,0.0,0.0,29.0,0.0,0.0,0.0,0.0,0.0,"solar2_v,lipo2_v"
2021-02-24T03:00:00Z,30.0,30.0,,,1.273,1.548,,,,,,,,,,,3.849,3.847,3.851,,,,226.7,0.0,0.0,,,,,355.233,336.0,368.0,,,0.0,10055.0,10084.0,0.0,30.0,0.0,0.0,0.0,0.0,30.0,0.0,0.0,0.0,30.0,0.0,0.0,0.0,0.0,0.0,"solar2_v,lipo2_v"
2021-02-24T04:00:00Z,29.0,29.0,,,1.38,1.586,,,,,,,,,,,3.849,3.847,3.852,,,,226.0,0.0,0.0,,,,,363.69,346.0,379.0,,,0.0,10085.0,10113.0,0.0,29.0,0.0,0.0,0.0,0.0,29.0,0.0,0.0,0.0,29.0,0.0,0.0,0.0,0.0,0.0,"solar2_v,lipo2_v"
2021-02-24T05:00:00Z,29.0,29.0,,,1.399,1.746,,,,,,,,,,,3.848,3.846,3.851,,,,227.0,0.0,0.0,,,,,355.241,340.0,369.0,,,0.0,10114.0,10142.0,0.0,29.0,0.0,0.0,0.0,0.0,29.0,0.0,0.0,0.0,29.0,0.0,0.0,0.0,0.0,0.0,"solar2_v,lipo2_v"
2021-02-24T06:00:00Z,30.0,30.0,,,1.286,1.536,,,,,,,,,,,3.849,3.847,3.851,,,,224.267,0.0,0.0,,,,,378.7,372.0,380.0,,,0.0,10143.0,10172.0,0.0,30.0,0.0,0.0,0.0,0.0,30.0,0.0,0.0,0.0,30.0,0.0,0.0,0.0,0.0,0.0,"solar2_v,lipo2_v"
2021-02-24T07:00:00Z,29.0,29.0,,,1.283,2.061,,,,,,,,,,,3.849,3.847,3.852,,,,223.69,0.0,0.0,,,,,388.828,378.0,401.0,,,0.0,10173.0,10201.0,0.0,29.0,0.0,0.0,0.0,0.0,29.0,0.0,0.0,0.0,29.0,0.0,0.0,0.0,0.0,0.0,"solar2_v,lipo2_v"
2021-02-24T08:00:00Z,30.0,30.0,,,0.932,1.156,,,,,,,,,,,3.847,3.846,3.851,,,,226.367,0.0,0.0,,,,,360.267,340.0,377.0,,,0.0,10202.0,10231.0,0.0,30.0,0.0,0.0,0.0,0.0,30.0,0.0,0.0,0.0,30.0,0.0,0.0,0.0,0.0,0.0,"solar2_v,lipo2_v"
2021-02-24T09:00:00Z,29.0,29.0,,,0.535,0.733,,,,,,,,,,,3.845,3.844,3.847,,,,229.31,0.0,0.0,,,,,323.207,314.0,338.0,,,0.0,10232.0,10260.0,0.0,29.0,0.0,0.0,0.0,0.0,29.0,0.0,0.0,0.0,29.0,0.0,0.0,0.0,0.0,0.0,"solar2_v,lipo2_v"
2021-02-24T10:00:00Z,29.0,29.0,,,0.046,0.341,,,,,,,,,,,3.844,3.842,3.846,,,,232.034,0.0,0.0,,,,,301.862,290.0,314.0,,,0.0,10261.0,10289.0,0.0,4.0,0.0,0.0,0.0,0.0,29.0,0.0,0.0,0.0,29.0,0.0,0.0,0.0,0.0,0.0,"solar2_v,lipo2_v"
2021-02-24T11:00:00Z,30.0,30.0,,,0.0,0.0,,,,,,,,,,,3.842,3.841,3.846,,,,233.9,0.0,0.0,,,,,284.067,279.0,289.0,,,0.0,10290.0,10319.0,0.0,0.0,0.0,0.0,0.0,0.0,30.0,0.0,0.0,0.0,30.0,0.0,0.0,0.0,0.0,0.0,"solar2_v,lipo2_v"
2021-02-24T12:00:00Z,29.0,29.0,,,0.0,0.0,,,,,,,,,,,3.842,3.841,3.844,,,,234.621,0.0,0.0,,,,,275.69,274.0,279.0,,,0.0,10320.0,10348.0,0.0,0.0,0.0,0.0,0.0,0.0,29.0,0.0,0.0,0.0,29.0,0.0,0.0,0.0,0.0,0.0,"solar2_v,lipo2_v"
2021-02-24T13:00:00Z,30.0,30.0,,,0.0,0.0,,,,,,,,,,,3.841,3.841,3.842,,,,234.867,0.0,0.0,,,,,274.3,274.0,276.0,,,0.0,10349.0,10378.0,0.0,0.0,0.0,0.0,0.0,0.0,30.0,0.0,0.0,0.0,30.0,0.0,0.0,0.0,0.0,0.0,"solar2_v,lipo2_v"
2021-02-24T14:00:00Z,29.0,29.0,,,0.0,0.0,,,,,,,,,,,3.841,3.839,3.842,,,,234.414,0.0,0.0,,,,,275.31,274.0,277.0,,,0.0,10379.0,10407.0,0.0,0.0,0.0,0.0,0.0,0.0,29.0,0.0,0.0,0.0,29.0,0.0,0.0,0.0,0.0,0.0,"solar2_v,lipo2_v"
2021-02-24T15:00:00Z,30.0,30.0,,,0.0,0.0,,,,,,,,,,,3.841,3.839,3.842,,,,234.533,0.0,0.0,,,,,279.033,277.0,281.0,,,0.0,10408.0,10437.0,0.0,0.0,0.0,0.0,0.0,0.0,30.0,0.0,0.0,0.0,30.0,0.0,0.0,0.0,0.0,0.0,"solar2_v,lipo2_v"
2021-02-24T16:00:00Z,29.0,29.0,,,0.0,0.0,,,,,,,,,,,3.84,3.838,3.841,,,,234.655,0.0,0.0,,,,,275.586,274.0,277.0,,,0.0,10438.0,10466.0,0.0,0.0,0.0,0.0,0.0,0.0,29.0,0.0,0.0,0.0,29.0,0.0,0.0,0.0,0.0,0.0,"solar2_v,lipo2_v"
2021-02-24T17:00:00Z,29.0,29.0,,,0.0,0.0,,,,,,,,,,,3.84,3.838,3.841,,,,234.586,0.0,0.0,,,,,277.207,276.0,279.0,,,0.0,10467.0,10495.0,0.0,0.0,0.0,0.0,0.0,0.0,29.0,0.0,0.0,0.0,29.0,0.0,0.0,0.0,0.0,0.0,"solar2_v,lipo2_v"
2021-02-24T18:00:00Z,30.0,30.0,,,0.0,0.0,,,,,,,,,,,3.839,3.836,3.839,,,,234.567,0.0,0.0,,,,,275.6,274.0,278.0,,,0.0,10496.0,10525.0,0.0,0.0,0.0,0.0,0.0,0.0,30.0,0.0,0.0,0.0,30.0,0.0,0.0,0.0,0.0,0.0,"solar2_v,lipo2_v"
2021-02-24T19:00:00Z,29.0,29.0,,,0.0,0.0,,,,,,,,,,,3.839,3.838,3.839,,,,235.034,0.0,0.0,,,,,271.793,269.0,274.0,,,0.0,10526.0,10554.0,0.0,0.0,0.0,0.0,0.0,0.0,29.0,0.0,0.0,0.0,29.0,0.0,0.0,0.0,0.0,0.0,"solar2_v,lipo2_v"
2021-02-24T20:00:00Z,30.0,30.0,,,0.0,0.0,,,,,,,,,,,3.837,3.834,3.839,,,,235.933,0.0,0.0,,,,,267.7,267.0,269.0,,,0.0,10555.0,10584.0,0.0,0.0,0.0,0.0,0.0,0.0,30.0,0.0,0.0,0.0,30.0,0.0,0.0,0.0,0.0,0.0,"solar2_v,lipo2_v"
2021-02-24T21:00:00Z,29.0,29.0,,,0.0,0.0,,,,,,,,,,,3.837,3.834,3.839,,,,236.207,0.0,0.0,,,,,264.138,262.0,267.0,,,0.0,10585.0,10613.0,0.0,0.0,0.0,0.0,0.0,0.0,29.0,0.0,0.0,0.0,29.0,0.0,0.0,0.0,0.0,0.0,"solar2_v,lipo2_v"
2021-02-24T22:00:00Z,30.0,30.0,,,0.0,0.0,,,,,,,,,,,3.836,3.834,3.838,,,,236.733,0.0,0.0,,,,,262.067,262.0,263.0,,,0.0,10614.0,10643.0,0.0,0.0,0.0,0.0,0.0,0.0,30.0,0.0,0.0,0.0,30.0,0.0,0.0,0.0,0.0,0.0,"solar2_v,lipo2_v"
2021-02-24T23:00:00Z,29.0,29.0,,,0.0,0.0,,,,,,,,,,,3.836,3.834,3.838,,,,236.621,0.0,0.0,,,,,262.724,261.0,267.0,,,0.0,10644.0,10672.0,0.0,0.0,0.0,0.0,0.0,0.0,29.0,0.0,0.0,0.0,29.0,0.0,0.0,0.0,0.0,0.0,"solar2_v,lipo2_v"
2021-02-25T00:00:00Z,30.0,30.0,,,0.469,0.628,,,,,,,,,,,3.836,3.834,3.838,,,,234.733,0.0,0.0,,,,,276.267,267.0,286.0,,,0.0,10673.0,10702.0,0.0,29.0,0.0,0.0,0.0,0.0,30.0,0.0,0.0,0.0,30.0,0.0,0.0,0.0,0.0,0.0,"solar2_v,lipo2_v"
2021-02-25T01:00:00Z,29.0,29.0,,,0.765,0.874,,,,,,,,,,,3.837,3.834,3.839,,,,232.931,0.0,0.0,,,,,296.586,286.0,308.0,,,0.0,10703.0,10731.0,0.0,29.0,0.0,0.0,0.0,0.0,29.0,0.0,0.0,0.0,29.0,0.0,0.0,0.0,0.0,0.0,"solar2_v,lipo2_v"
2021-02-25T02:00:00Z,29.0,29.0,,,0.994,1.582,,,,,,,,,,,3.838,3.836,3.839,,,,228.897,0.0,0.0,,,,,327.138,310.0,342.0,,,0.0,10732.0,10760.0,0.0,29.0,0.0,0.0,0.0,0.0,29.0,0.0,0.0,0.0,29.0,0.0,0.0,0.0,0.0,0.0,"solar2_v,lipo2_v"
2021-02-25T03:00:00Z,30.0,30.0,,,1.275,1.625,,,,,,,,,,,3.838,3.836,3.839,,,,227.333,0.0,0.0,,,,,349.6,335.0,367.0,,,0.0,10761.0,10790.0,0.0,30.0,0.0,0.0,0.0,0.0,30.0,0.0,0.0,0.0,30.0,0.0,0.0,0.0,0.0,0.0,"solar2_v,lipo2_v"
2021-02-25T04:00:00Z,29.0,29.0,,,1.409,1.694,,,,,,,,,,,3.838,3.836,3.839,,,,225.621,0.0,0.0,,,,,366.966,365.0,370.0,,,0.0,10791.0,10819.0,0.0,29.0,0.0,0.0,0.0,0.0,29.0,0.0,0.0,0.0,29.0,0.0,0.0,0.0,0.0,0.0,"solar2_v,lipo2_v"
2021-02-25T05:00:00Z,30.0,30.0,,,1.404,1.654,,,,,,,,,,,3.837,3.836,3.839,,,,226.533,0.0,0.0,,,,,362.567,355.0,369.0,,,0.0,10820.0,10849.0,0.0,30.0,0.0,0.0,0.0,0.0,30.0,0.0,0.0,0.0,30.0,0.0,0.0,0.0,0.0,0.0,"solar2_v,lipo2_v"
2021-02-25T06:00:00Z,29.0,29.0,,,1.339,1.718,,,,,,,,,,,3.838,3.838,3.839,,,,224.724,0.0,0.0,,,,,378.345,368.0,394.0,,,0.0,10850.0,10878.0,0.0,29.0,0.0,0.0,0.0,0.0,29.0,0.0,0.0,0.0,29.0,0.0,0.0,0.0,0.0,0.0,"solar2_v,lipo2_v"
2021-02-25T07:00:00Z,29.0,29.0,,,1.188,1.564,,,,,,,,,,,3.839,3.836,3.841,,,,223.759,0.0,0.0,,,,,387.828,382.0,394.0,,,0.0,10879.0,10907.0,0.0,29.0,0.0,0.0,0.0,0.0,29.0,0.0,0.0,0.0,29.0,0.0,0.0,0.0,0.0,0.0,"solar2_v,lipo2_v"
2021-02-25T08:00:00Z,30.0,30.0,,,1.002,1.284,,,,,,,,,,,3.838,3.836,3.841,,,,225.6,0.0,0.0,,,,,373.0,362.0,380.0,,,0.0,10908.0,10937.0,0.0,30.0,0.0,0.0,0.0,0.0,30.0,0.0,0.0,0.0,30.0,0.0,0.0,0.0,0.0,0.0,"solar2_v,lipo2_v"
2021-02-25T09:00:00Z,29.0,29.0,,,0.606,0.811,,,,,,,,,,,3.835,3.833,3.838,,,,227.793,0.0,0.0,,,,,350.621,335.0,362.0,,,0.0,10938.0,10966.0,0.0,29.0,0.0,0.0,0.0,0.0,29.0,0.0,0.0,0.0,29.0,0.0,0.0,0.0,0.0,0.0,"solar2_v,lipo2_v"
2021-02-25T10:00:00Z,30.0,30.0,,,0.046,0.36,,,,,,,,,,,3.833,3.831,3.836,,,,230.033,0.0,0.0,,,,,319.4,304.0,335.0,,,0.0,10967.0,10996.0,0.0,4.0,0.0,0.0,0.0,0.0,30.0,0.0,0.0,0.0,30.0,0.0,0.0,0.0,0.0,0.0,"solar2_v,lipo2_v"
2021-02-25T11:00:00Z,29.0,29.0,,,0.0,0.0,,,,,,,,,,,3.831,3.829,3.833,,,,232.759,0.0,0.0,,,,,297.172,292.0,303.0,,,0.0,10997.0,11025.0,0.0,0.0,0.0,0.0,0.0,0.0,29.0,0.0,0.0,0.0,29.0,0.0,0.0,0.0,0.0,0.0,"solar2_v,lipo2_v"
2021-02-25T12:00:00Z,30.0,30.0,,,0.0,0.0,,,,,,,,,,,3.83,3.828,3.833,,,,233.667,0.0,0.0,,,,,285.867,279.0,291.0,,,0.0,11026.0,11055.0,0.0,0.0,0.0,0.0,0.0,0.0,30.0,0.0,0.0,0.0,30.0,0.0,0.0,0.0,0.0,0.0,"solar2_v,lipo2_v"
2021-02-25T13:00:00Z,29.0,29.0,,,0.0,0.0,,,,,,,,,,,3.828,3.826,3.829,,,,234.345,0.0,0.0,,,,,276.517,275.0,279.0,,,0.0,11056.0,11084.0,0.0,0.0,0.0,0.0,0.0,0.0,29.0,0.0,0.0,0.0,29.0,0.0,0.0,0.0,0.0,0.0,"solar2_v,lipo2_v"
2021-02-25T14:00:00Z,27.0,27.0,,,0.0,0.0,,,,,,,,,,,3.828,3.826,3.829,,,,234.852,0.0,0.0,,,,,274.889,273.0,277.0,,,0.0,11085.0,11113.0,0.0,0.0,0.0,0.0,0.0,0.0,27.0,0.0,0.0,0.0,27.0,0.0,0.0,0.0,0.0,0.0,"solar2_v,lipo2_v"
2021-02-25T15:00:00Z,30.0,30.0,,,0.0,0.0,,,,,,,,,,,3.826,3.824,3.828,,,,235.033,0.0,0.0,,,,,273.467,273.0,275.0,,,0.0,11114.0,11143.0,0.0,0.0,0.0,0.0,0.0,0.0,30.0,0.0,0.0,0.0,30.0,0.0,0.0,0.0,0.0,0.0,"solar2_v,lipo2_v"
2021-02-25T16:00:00Z,29.0,29.0,,,0.0,0.0,,,,,,,,,,,3.826,3.823,3.828,,,,234.483,0.0,0.0,,,,,274.69,274.0,277.0,,,0.0,11144.0,11172.0,0.0,0.0,0.0,0.0,0.0,0.0,29.0,0.0,0.0,0.0,29.0,0.0,0.0,0.0,0.0,0.0,"solar2_v,lipo2_v"
2021-02-25T17:00:00Z,30.0,30.0,,,0.0,0.0,,,,,,,,,,,3.825,3.823,3.828,,,,234.167,0.0,0.0,,,,,277.367,276.0,280.0,,,0.0,11173.0,11202.0,0.0,0.0,0.0,0.0,0.0,0.0,30.0,0.0,0.0,0.0,30.0,0.0,0.0,0.0,0.0,0.0,"solar2_v,lipo2_v"
2021-02-25T18:00:00Z,29.0,29.0,,,0.0,0.0,,,,,,,,,,,3.825,3.824,3.826,,,,233.621,0.0,0.0,,,,,280.586,279.0,281.0,,,0.0,11203.0,11231.0,0.0,0.0,0.0,0.0,0.0,0.0,29.0,0.0,0.0,0.0,29.0,0.0,0.0,0.0,0.0,0.0,"solar2_v,lipo2_v"
2021-02-25T19:00:00Z,29.0,29.0,,,0.0,0.0,,,,,,,,,,,3.825,3.823,3.826,,,,234.138,0.0,0.0,,,,,281.379,280.0,283.0,,,0.0,11232.0,11260.0,0.0,0.0,0.0,0.0,0.0,0.0,29.0,0.0,0.0,0.0,29.0,0.0,0.0,0.0,0.0,0.0,"solar2_v,lipo2_v"
2021-02-25T20:00:00Z,30.0,30.0,,,0.0,0.0,,,,,,,,,,,3.824,3.821,3.826,,,,234.3,0.0,0.0,,,,,279.867,277.0,283.0,,,0.0,11261.0,11290.0,0.0,0.0,0.0,0.0,0.0,0.0,30.0,0.0,0.0,0.0,30.0,0.0,0.0,0.0,0.0,0.0,"solar2_v,lipo2_v"
2021-02-25T21:00:00Z,29.0,29.0,,,0.0,0.0,,,,,,,,,,,3.824,3.823,3.826,,,,234.759,0.0,0.0,,,,,277.31,277.0,279.0,,,0.0,11291.0,11319.0,0.0,0.0,0.0,0.0,0.0,0.0,29.0,0.0,0.0,0.0,29.0,0.0,0.0,0.0,0.0,0.0,"solar2_v,lipo2_v"
2021-02-25T22:00:00Z,30.0,30.0,,,0.0,0.0,,,,,,,,,,,3.823,3.821,3.824,,,,234.767,0.0,0.0,,,,,274.633,273.0,277.0,,,0.0,11320.0,11349.0,0.0,0.0,0.0,0.0,0.0,0.0,30.0,0.0,0.0,0.0,30.0,0.0,0.0,0.0,0.0,0.0,"solar2_v,lipo2_v"
2021-02-25T23:00:00Z,29.0,29.0,,,0.0,0.0,,,,,,,,,,,3.822,3.821,3.824,,,,234.448,0.0,0.0,,,,,276.103,274.0,280.0,,,0.0,11350.0,11378.0,0.0,0.0,0.0,0.0,0.0,0.0,29.0,0.0,0.0,0.0,29.0,0.0,0.0,0.0,0.0,0.0,"solar2_v,lipo2_v"
2021-02-26T00:00:00Z,30.0,30.0,,,0.413,0.756,,,,,,,,,,,3.822,3.821,3.824,,,,233.667,0.0,0.0,,,,,285.7,280.0,295.0,,,0.0,11379.0,11408.0,0.0,22.0,0.0,0.0,0.0,0.0,30.0,0.0,0.0,0.0,30.0,0.0,0.0,0.0,0.0,0.0,"solar2_v,lipo2_v"
2021-02-26T01:00:00Z,29.0,29.0,,,0.904,1.321,,,,,,,,,,,3.822,3.821,3.824,,,,232.483,0.0,0.0,,,,,300.621,295.0,314.0,,,0.0,11409.0,11437.0,0.0,29.0,0.0,0.0,0.0,0.0,29.0,0.0,0.0,0.0,29.0,0.0,0.0,0.0,0.0,0.0,"solar2_v,lipo2_v"
2021-02-26T02:00:00Z,30.0,30.0,,,1.247,1.6,,,,,,,,,,,3.823,3.819,3.824,,,,228.767,0.0,0.0,,,,,330.233,315.0,349.0,,,0.0,11438.0,11467.0,0.0,30.0,0.0,0.0,0.0,0.0,30.0,0.0,0.0,0.0,30.0,0.0,0.0,0.0,0.0,0.0,"solar2_v,lipo2_v"
2021-02-26T03:00:00Z,29.0,29.0,,,1.316,1.751,,,,,,,,,,,3.824,3.821,3.826,,,,226.138,0.0,0.0,,,,,363.621,353.0,378.0,,,0.0,11468.0,11496.0,0.0,29.0,0.0,0.0,0.0,0.0,29.0,0.0,0.0,0.0,29.0,0.0,0.0,0.0,0.0,0.0,"solar2_v,lipo2_v"
2021-02-26T04:00:00Z,30.0,30.0,,,1.323,1.836,,,,,,,,,,,3.824,3.823,3.826,,,,226.3,0.0,0.0,,,,,363.2,354.0,373.0,,,0.0,11497.0,11526.0,0.0,30.0,0.0,0.0,0.0,0.0,30.0,0.0,0.0,0.0,30.0,0.0,0.0,0.0,0.0,0.0,"solar2_v,lipo2_v"
2021-02-26T05:00:00Z,29.0,29.0,,,1.193,1.558,,,,,,,,,,,3.824,3.823,3.826,,,,226.0,0.0,0.0,,,,,366.345,351.0,377.0,,,0.0,11527.0,11555.0,0.0,29.0,0.0,0.0,0.0,0.0,29.0,0.0,0.0,0.0,29.0,0.0,0.0,0.0,0.0,0.0,"solar2_v,lipo2_v"
2021-02-26T06:00:00Z,29.0,29.0,,,1.199,1.574,,,,,,,,,,,3.824,3.823,3.826,,,,223.966,0.0,0.0,,,,,385.069,367.0,394.0,,,0.0,11556.0,11584.0,0.0,29.0,0.0,0.0,0.0,0.0,29.0,0.0,0.0,0.0,29.0,0.0,0.0,0.0,0.0,0.0,"solar2_v,lipo2_v"
2021-02-26T07:00:00Z,30.0,30.0,,,1.16,2.028,,,,,,,,,,,3.825,3.824,3.826,,,,223.7,0.0,0.0,,,,,390.933,379.0,403.0,,,0.0,11585.0,11614.0,0.0,30.0,0.0,0.0,0.0,0.0,30.0,0.0,0.0,0.0,30.0,0.0,0.0,0.0,0.0,0.0,"solar2_v,lipo2_v"
2021-02-26T08:00:00Z,29.0,29.0,,,0.922,1.225,,,,,,,,,,,3.824,3.823,3.826,,,,225.793,0.0,0.0,,,,,366.966,353.0,377.0,,,0.0,11615.0,11643.0,0.0,29.0,0.0,0.0,0.0,0.0,29.0,0.0,0.0,0.0,29.0,0.0,0.0,0.0,0.0,0.0,"solar2_v,lipo2_v"
2021-02-26T09:00:00Z,30.0,30.0,,,0.567,0.759,,,,,,,,,,,3.823,3.821,3.824,,,,228.067,0.0,0.0,,,,,339.6,327.0,353.0,,,0.0,11644.0,11673.0,0.0,30.0,0.0,0.0,0.0,0.0,30.0,0.0,0.0,0.0,30.0,0.0,0.0,0.0,0.0,0.0,"solar2_v,lipo2_v"
2021-02-26T10:00:00Z,29.0,29.0,,,0.047,0.359,,,,,,,,,,,3.822,3.821,3.824,,,,229.862,0.0,0.0,,,,,321.034,314.0,327.0,,,0.0,11674.0,11702.0,0.0,4.0,0.0,0.0,0.0,0.0,29.0,0.0,0.0,0.0,29.0,0.0,0.0,0.0,0.0,0.0,"solar2_v,lipo2_v"
2021-02-26T11:00:00Z,30.0,30.0,,,0.0,0.0,,,,,,,,,,,3.82,3.819,3.823,,,,232.0,0.0,0.0,,,,,303.0,298.0,314.0,,,0.0,11703.0,11732.0,0.0,0.0,0.0,0.0,0.0,0.0,30.0,0.0,0.0,0.0,30.0,0.0,0.0,0.0,0.0,0.0,"solar2_v,lipo2_v"
2021-02-26T12:00:00Z,28.0,28.0,,,0.0,0.0,,,,,,,,,,,3.819,3.818,3.821,,,,233.071,0.0,0.0,,,,,295.25,291.0,299.0,,,0.0,11733.0,11761.0,0.0,0.0,0.0,0.0,0.0,0.0,28.0,0.0,0.0,0.0,28.0,0.0,0.0,0.0,0.0,0.0,"solar2_v,lipo2_v"
2021-02-26T13:00:00Z,27.0,27.0,,,0.0,0.0,,,,,,,,,,,3.818,3.818,3.819,,,,233.407,0.0,0.0,,,,,287.667,287.0,291.0,,,0.0,11762.0,11790.0,0.0,0.0,0.0,0.0,0.0,0.0,27.0,0.0,0.0,0.0,27.0,0.0,0.0,0.0,0.0,0.0,"solar2_v,lipo2_v"
2021-02-26T14:00:00Z,29.0,29.0,,,0.0,0.0,,,,,,,,,,,3.818,3.818,3.819,,,,233.0,0.0,0.0,,,,,291.172,288.0,295.0,,,0.0,11791.0,11819.0,0.0,0.0,0.0,0.0,0.0,0.0,29.0,0.0,0.0,0.0,29.0,0.0,0.0,0.0,0.0,0.0,"solar2_v,lipo2_v"
2021-02-26T15:00:00Z,30.0,30.0,,,0.0,0.0,,,,,,,,,,,3.818,3.818,3.819,,,,233.233,0.0,0.0,,,,,289.3,287.0,291.0,,,0.0,11820.0,11849.0,0.0,0.0,0.0,0.0,0.0,0.0,30.0,0.0,0.0,0.0,30.0,0.0,0.0,0.0,0.0,0.0,"solar2_v,lipo2_v"
2021-02-26T16:00:00Z,29.0,29.0,,,0.0,0.0,,,,,,,,,,,3.818,3.818,3.819,,,,233.207,0.0,0.0,,,,,290.793,290.0,291.0,,,0.0,11850.0,11878.0,0.0,0.0,0.0,0.0,0.0,0.0,29.0,0.0,0.0,0.0,29.0,0.0,0.0,0.0,0.0,0.0,"solar2_v,lipo2_v"
2021-02-26T17:00:00Z,29.0,29.0,,,0.0,0.0,,,,,,,,,,,3.818,3.818,3.818,,,,233.379,0.0,0.0,,,,,288.379,287.0,291.0,,,0.0,11879.0,11907.0,0.0,0.0,0.0,0.0,0.0,0.0,29.0,0.0,0.0,0.0,29.0,0.0,0.0,0.0,0.0,0.0,"solar2_v,lipo2_v"
2021-02-26T18:00:00Z,30.0,30.0,,,0.0,0.0,,,,,,,,,,,3.818,3.816,3.818,,,,233.533,0.0,0.0,,,,,290.4,289.0,291.0,,,0.0,11908.0,11937.0,0.0,0.0,0.0,0.0,0.0,0.0,30.0,0.0,0.0,0.0,30.0,0.0,0.0,0.0,0.0,0.0,"solar2_v,lipo2_v"
2021-02-26T19:00:00Z,29.0,29.0,,,0.0,0.0,,,,,,,,,,,3.818,3.816,3.818,,,,233.31,0.0,0.0,,,,,290.69,289.0,292.0,,,0.0,11938.0,11966.0,0.0,0.0,0.0,0.0,0.0,0.0,29.0,0.0,0.0,0.0,29.0,0.0,0.0,0.0,0.0,0.0,"solar2_v,lipo2_v"
2021-02-26T20:00:00Z,30.0,30.0,,,0.0,0.0,,,,,,,,,,,3.816,3.816,3.818,,,,233.367,0.0,0.0,,,,,287.333,286.0,290.0,,,0.0,11967.0,11996.0,0.0,0.0,0.0,0.0,0.0,0.0,30.0,0.0,0.0,0.0,30.0,0.0,0.0,0.0,0.0,0.0,"solar2_v,lipo2_v"
2021-02-26T21:00:00Z,29.0,29.0,,,0.0,0.0,,,,,,,,,,,3.816,3.816,3.818,,,,233.862,0.0,0.0,,,,,285.931,284.0,287.0,,,0.0,11997.0,12025.0,0.0,0.0,0.0,0.0,0.0,0.0,29.0,0.0,0.0,0.0,29.0,0.0,0.0,0.0,0.0,0.0,"solar2_v,lipo2_v"
2021-02-26T22:00:00Z,30.0,30.0,,,0.0,0.0,,,,,,,,,,,3.816,3.814,3.816,,,,233.767,0.0,0.0,,,,,282.167,281.0,284.0,,,0.0,12026.0,12055.0,0.0,0.0,0.0,0.0,0.0,0.0,30.0,0.0,0.0,0.0,30.0,0.0,0.0,0.0,0.0,0.0,"solar2_v,lipo2_v"
2021-02-26T23:00:00Z,29.0,29.0,,,0.0,0.0,,,,,,,,,,,3.816,3.814,3.816,,,,234.0,0.0,0.0,,,,,281.69,281.0,285.0,,,0.0,12056.0,12084.0,0.0,0.0,0.0,0.0,0.0,0.0,29.0,0.0,0.0,0.0,29.0,0.0,0.0,0.0,0.0,0.0,"solar2_v,lipo2_v"
2021-02-27T00:00:00Z,29.0,29.0,,,0.434,0.792,,,,,,,,,,,3.815,3.814,3.816,,,,233.345,0.0,0.0,,,,,290.414,285.0,300.0,,,0.0,12085.0,12113.0,0.0,22.0,0.0,0.0,0.0,0.0,29.0,0.0,0.0,0.0,29.0,0.0,0.0,0.0,0.0,0.0,"solar2_v,lipo2_v"
2021-02-27T01:00:00Z,30.0,30.0,,,0.851,1.336,,,,,,,,,,,3.815,3.813,3.816,,,,231.767,0.0,0.0,,,,,305.8,300.0,316.0,,,0.0,12114.0,12143.0,0.0,30.0,0.0,0.0,0.0,0.0,30.0,0.0,0.0,0.0,30.0,0.0,0.0,0.0,0.0,0.0,"solar2_v,lipo2_v"
2021-02-27T02:00:00Z,29.0,29.0,,,1.169,1.627,,,,,,,,,,,3.816,3.814,3.816,,,,229.517,0.0,0.0,,,,,327.207,314.0,349.0,,,0.0,12144.0,12172.0,0.0,29.0,0.0,0.0,0.0,0.0,29.0,0.0,0.0,0.0,29.0,0.0,0.0,0.0,0.0,0.0,"solar2_v,lipo2_v"
2021-02-27T03:00:00Z,30.0,30.0,,,1.256,1.599,,,,,,,,,,,3.816,3.816,3.818,,,,226.333,0.0,0.0,,,,,363.133,352.0,379.0,,,0.0,12173.0,12202.0,0.0,30.0,0.0,0.0,0.0,0.0,30.0,0.0,0.0,0.0,30.0,0.0,0.0,0.0,0.0,0.0,"solar2_v,lipo2_v"
2021-02-27T04:00:00Z,29.0,29.0,,,1.229,1.584,,,,,,,,,,,3.817,3.816,3.818,,,,225.103,0.0,0.0,,,,,373.207,367.0,380.0,,,0.0,12203.0,12231.0,0.0,29.0,0.0,0.0,0.0,0.0,29.0,0.0,0.0,0.0,29.0,0.0,0.0,0.0,0.0,0.0,"solar2_v,lipo2_v"
2021-02-27T05:00:00Z,30.0,30.0,,,1.188,1.69,,,,,,,,,,,3.816,3.816,3.818,,,,225.467,0.0,0.0,,,,,370.767,360.0,380.0,,,0.0,12232.0,12261.0,0.0,30.0,0.0,0.0,0.0,0.0,30.0,0.0,0.0,0.0,30.0,0.0,0.0,0.0,0.0,0.0,"solar2_v,lipo2_v"
2021-02-27T06:00:00Z,29.0,29.0,,,1.229,1.485,,,,,,,,,,,3.816,3.816,3.818,,,,224.69,0.0,0.0,,,,,377.0,362.0,395.0,,,0.0,12262.0,12290.0,0.0,29.0,0.0,0.0,0.0,0.0,29.0,0.0,0.0,0.0,29.0,0.0,0.0,0.0,0.0,0.0,"solar2_v,lipo2_v"
2021-02-27T07:00:00Z,29.0,29.0,,,1.039,1.479,,,,,,,,,,,3.816,3.816,3.818,,,,224.069,0.0,0.0,,,,,380.862,379.0,389.0,,,0.0,12291.0,12319.0,0.0,29.0,0.0,0.0,0.0,0.0,29.0,0.0,0.0,0.0,29.0,0.0,0.0,0.0,0.0,0.0,"solar2_v,lipo2_v"
2021-02-27T08:00:00Z,30.0,30.0,,,0.915,1.139,,,,,,,,,,,3.816,3.816,3.818,,,,225.9,0.0,0.0,,,,,369.967,357.0,380.0,,,0.0,12320.0,12349.0,0.0,30.0,0.0,0.0,0.0,0.0,30.0,0.0,0.0,0.0,30.0,0.0,0.0,0.0,0.0,0.0,"solar2_v,lipo2_v"
2021-02-27T09:00:00Z,29.0,29.0,,,0.545,0.746,,,,,,,,,,,3.816,3.814,3.816,,,,227.724,0.0,0.0,,,,,345.828,335.0,356.0,,,0.0,12350.0,12378.0,0.0,29.0,0.0,0.0,0.0,0.0,29.0,0.0,0.0,0.0,29.0,0.0,0.0,0.0,0.0,0.0,"solar2_v,lipo2_v"
2021-02-27T10:00:00Z,30.0,30.0,,,0.034,0.341,,,,,,,,,,,3.814,3.814,3.816,,,,229.867,0.0,0.0,,,,,322.167,313.0,334.0,,,0.0,12379.0,12408.0,0.0,3.0,0.0,0.0,0.0,0.0,30.0,0.0,0.0,0.0,30.0,0.0,0.0,0.0,0.0,0.0,"solar2_v,lipo2_v"
2021-02-27T11:00:00Z,29.0,29.0,,,0.0,0.0,,,,,,,,,,,3.814,3.813,3.816,,,,231.931,0.0,0.0,,,,,304.966,301.0,313.0,,,0.0,12409.0,12437.0,0.0,0.0,0.0,0.0,0.0,0.0,29.0,0.0,0.0,0.0,29.0,0.0,0.0,0.0,0.0,0.0,"solar2_v,lipo2_v"
2021-02-27T12:00:00Z,30.0,30.0,,,0.0,0.0,,,,,,,,,,,3.812,3.811,3.814,,,,233.033,0.0,0.0,,,,,294.9,290.0,301.0,,,0.0,12438.0,12467.0,0.0,0.0,0.0,0.0,0.0,0.0,30.0,0.0,0.0,0.0,30.0,0.0,0.0,0.0,0.0,0.0,"solar2_v,lipo2_v"
2021-02-27T13:00:00Z,29.0,29.0,,,0.0,0.0,,,,,,,,,,,3.812,3.809,3.813,,,,233.448,0.0,0.0,,,,,288.207,287.0,290.0,,,0.0,12468.0,12496.0,0.0,0.0,0.0,0.0,0.0,0.0,29.0,0.0,0.0,0.0,29.0,0.0,0.0,0.0,0.0,0.0,"solar2_v,lipo2_v"
2021-02-27T14:00:00Z,29.0,29.0,,,0.0,0.0,,,,,,,,,,,3.811,3.809,3.813,,,,233.586,0.0,0.0,,,,,287.862,286.0,290.0,,,0.0,12497.0,12525.0,0.0,0.0,0.0,0.0,0.0,0.0,29.0,0.0,0.0,0.0,29.0,0.0,0.0,0.0,0.0,0.0,"solar2_v,lipo2_v"
2021-02-27T15:00:00Z,30.0,30.0,,,0.0,0.0,,,,,,,,,,,3.81,3.808,3.813,,,,233.233,0.0,0.0,,,,,288.1,287.0,290.0,,,0.0,12526.0,12555.0,0.0,0.0,0.0,0.0,0.0,0.0,30.0,0.0,0.0,0.0,30.0,0.0,0.0,0.0,0.0,0.0,"solar2_v,lipo2_v"
2021-02-27T16:00:00Z,29.0,29.0,,,0.0,0.0,,,,,,,,,,,3.809,3.806,3.811,,,,233.621,0.0,0.0,,,,,286.552,284.0,287.0,,,0.0,12556.0,12584.0,0.0,0.0,0.0,0.0,0.0,0.0,29.0,0.0,0.0,0.0,29.0,0.0,0.0,0.0,0.0,0.0,"solar2_v,lipo2_v"
2021-02-27T17:00:00Z,30.0,30.0,,,0.0,0.0,,,,,,,,,,,3.808,3.806,3.809,,,,234.033,0.0,0.0,,,,,281.367,280.0,283.0,,,0.0,12585.0,12614.0,0.0,0.0,0.0,0.0,0.0,0.0,30.0,0.0,0.0,0.0,30.0,0.0,0.0,0.0,0.0,0.0,"solar2_v,lipo2_v"
2021-02-27T18:00:00Z,29.0,29.0,,,0.0,0.0,,,,,,,,,,,3.807,3.805,3.809,,,,234.138,0.0,0.0,,,,,277.724,274.0,281.0,,,0.0,12615.0,12643.0,0.0,0.0,0.0,0.0,0.0,0.0,29.0,0.0,0.0,0.0,29.0,0.0,0.0,0.0,0.0,0.0,"solar2_v,lipo2_v"
2021-02-27T19:00:00Z,30.0,30.0,,,0.0,0.0,,,,,,,,,,,3.807,3.805,3.808,,,,234.7,0.0,0.0,,,,,274.833,274.0,277.0,,,0.0,12644.0,12673.0,0.0,0.0,0.0,0.0,0.0,0.0,30.0,0.0,0.0,0.0,30.0,0.0,0.0,0.0,0.0,0.0,"solar2_v,lipo2_v"
2021-02-27T20:00:00Z,29.0,29.0,,,0.0,0.0,,,,,,,,,,,3.805,3.803,3.808,,,,234.862,0.0,0.0,,,,,274.276,274.0,275.0,,,0.0,12674.0,12702.0,0.0,0.0,0.0,0.0,0.0,0.0,29.0,0.0,0.0,0.0,29.0,0.0,0.0,0.0,0.0,0.0,"solar2_v,lipo2_v"
2021-02-27T21:00:00Z,30.0,30.0,,,0.0,0.0,,,,,,,,,,,3.805,3.803,3.806,,,,234.667,0.0,0.0,,,,,274.8,274.0,276.0,,,0.0,12703.0,12732.0,0.0,0.0,0.0,0.0,0.0,0.0,30.0,0.0,0.0,0.0,30.0,0.0,0.0,0.0,0.0,0.0,"solar2_v,lipo2_v"
2021-02-27T22:00:00Z,29.0,29.0,,,0.0,0.0,,,,,,,,,,,3.804,3.8,3.808,,,,235.207,0.0,0.0,,,,,273.966,273.0,274.0,,,0.0,12733.0,12761.0,0.0,0.0,0.0,0.0,0.0,0.0,29.0,0.0,0.0,0.0,29.0,0.0,0.0,0.0,0.0,0.0,"solar2_v,lipo2_v"
2021-02-27T23:00:00Z,26.0,26.0,,,0.0,0.0,,,,,,,,,,,3.803,3.801,3.806,,,,235.0,0.0,0.0,,,,,274.577,273.0,278.0,,,0.0,12762.0,12790.0,0.0,0.0,0.0,0.0,0.0,0.0,26.0,0.0,0.0,0.0,26.0,0.0,0.0,0.0,0.0,0.0,"solar2_v,lipo2_v"
2021-02-28T00:00:00Z,30.0,30.0,,,0.43,0.995,,,,,,,,,,,3.802,3.8,3.803,,,,233.6,0.0,0.0,,,,,286.7,278.0,300.0,,,0.0,12791.0,12820.0,0.0,24.0,0.0,0.0,0.0,0.0,30.0,0.0,0.0,0.0,30.0,0.0,0.0,0.0,0.0,0.0,"solar2_v,lipo2_v"
2021-02-28T01:00:00Z,29.0,29.0,,,0.749,1.021,,,,,,,,,,,3.803,3.801,3.805,,,,230.621,0.0,0.0,,,,,314.207,301.0,327.0,,,0.0,12821.0,12849.0,0.0,29.0,0.0,0.0,0.0,0.0,29.0,0.0,0.0,0.0,29.0,0.0,0.0,0.0,0.0,0.0,"solar2_v,lipo2_v"
2021-02-28T02:00:00Z,30.0,30.0,,,0.931,1.284,,,,,,,,,,,3.803,3.801,3.806,,,,227.5,0.0,0.0,,,,,345.167,327.0,366.0,,,0.0,12850.0,12879.0,0.0,30.0,0.0,0.0,0.0,0.0,30.0,0.0,0.0,0.0,30.0,0.0,0.0,0.0,0.0,0.0,"solar2_v,lipo2_v"
2021-02-28T03:00:00Z,29.0,29.0,,,1.129,1.574,,,,,,,,,,,3.804,3.801,3.806,,,,225.621,0.0,0.0,,,,,368.69,363.0,380.0,,,0.0,12880.0,12908.0,0.0,29.0,0.0,0.0,0.0,0.0,29.0,0.0,0.0,0.0,29.0,0.0,0.0,0.0,0.0,0.0,"solar2_v,lipo2_v"
2021-02-28T04:00:00Z,30.0,30.0,,,1.12,1.525,,,,,,,,,,,3.804,3.801,3.808,,,,224.967,0.0,0.0,,,,,375.6,360.0,394.0,,,0.0,12909.0,12938.0,0.0,30.0,0.0,0.0,0.0,0.0,30.0,0.0,0.0,0.0,30.0,0.0,0.0,0.0,0.0,0.0,"solar2_v,lipo2_v"
2021-02-28T05:00:00Z,29.0,29.0,,,1.174,1.52,,,,,,,,,,,3.802,3.8,3.805,,,,225.448,0.0,0.0,,,,,371.379,354.0,404.0,,,0.0,12939.0,12967.0,0.0,29.0,0.0,0.0,0.0,0.0,29.0,0.0,0.0,0.0,29.0,0.0,0.0,0.0,0.0,0.0,"solar2_v,lipo2_v"
2021-02-28T06:00:00Z,30.0,30.0,,,1.143,2.174,,,,,,,,,,,3.803,3.801,3.805,,,,223.233,0.0,0.0,,,,,398.067,381.0,407.0,,,0.0,12968.0,12997.0,0.0,30.0,0.0,0.0,0.0,0.0,30.0,0.0,0.0,0.0,30.0,0.0,0.0,0.0,0.0,0.0,"solar2_v,lipo2_v"
2021-02-28T07:00:00Z,29.0,29.0,,,1.259,1.641,,,,,,,,,,,3.802,3.8,3.805,,,,223.414,0.0,0.0,,,,,397.724,387.0,407.0,,,0.0,12998.0,13026.0,0.0,29.0,0.0,0.0,0.0,0.0,29.0,0.0,0.0,0.0,29.0,0.0,0.0,0.0,0.0,0.0,"solar2_v,lipo2_v"
2021-02-28T08:00:00Z,29.0,29.0,,,0.7,1.128,,,,,,,,,,,3.802,3.8,3.805,,,,224.483,0.0,0.0,,,,,377.655,355.0,394.0,,,0.0,13027.0,13055.0,0.0,29.0,0.0,0.0,0.0,0.0,29.0,0.0,0.0,0.0,29.0,0.0,0.0,0.0,0.0,0.0,"solar2_v,lipo2_v"
2021-02-28T09:00:00Z,30.0,30.0,,,0.56,0.713,,,,,,,,,,,3.8,3.798,3.801,,,,227.667,0.0,0.0,,,,,346.7,335.0,354.0,,,0.0,13056.0,13085.0,0.0,30.0,0.0,0.0,0.0,0.0,30.0,0.0,0.0,0.0,30.0,0.0,0.0,0.0,0.0,0.0,"solar2_v,lipo2_v"
2021-02-28T10:00:00Z,29.0,29.0,,,0.024,0.354,,,,,,,,,,,3.799,3.796,3.801,,,,229.793,0.0,0.0,,,,,324.103,315.0,334.0,,,0.0,13086.0,13114.0,0.0,2.0,0.0,0.0,0.0,0.0,29.0,0.0,0.0,0.0,29.0,0.0,0.0,0.0,0.0,0.0,"solar2_v,lipo2_v"
2021-02-28T11:00:00Z,30.0,30.0,,,0.0,0.0,,,,,,,,,,,3.797,3.795,3.798,,,,231.5,0.0,0.0,,,,,308.933,301.0,314.0,,,0.0,13115.0,13144.0,0.0,0.0,0.0,0.0,0.0,0.0,30.0,0.0,0.0,0.0,30.0,0.0,0.0,0.0,0.0,0.0,"solar2_v,lipo2_v"
2021-02-28T12:00:00Z,29.0,29.0,,,0.0,0.0,,,,,,,,,,,3.795,3.793,3.798,,,,232.517,0.0,0.0,,,,,299.345,296.0,301.0,,,0.0,13145.0,13173.0,0.0,0.0,0.0,0.0,0.0,0.0,29.0,0.0,0.0,0.0,29.0,0.0,0.0,0.0,0.0,0.0,"solar2_v,lipo2_v"
2021-02-28T13:00:00Z,30.0,30.0,,,0.0,0.0,,,,,,,,,,,3.794,3.793,3.795,,,,233.067,0.0,0.0,,,,,293.267,291.0,296.0,,,0.0,13174.0,13203.0,0.0,0.0,0.0,0.0,0.0,0.0,30.0,0.0,0.0,0.0,30.0,0.0,0.0,0.0,0.0,0.0,"solar2_v,lipo2_v"
2021-02-28T14:00:00Z,29.0,29.0,,,0.0,0.0,,,,,,,,,,,3.793,3.791,3.795,,,,233.517,0.0,0.0,,,,,288.207,287.0,291.0,,,0.0,13204.0,13232.0,0.0,0.0,0.0,0.0,0.0,0.0,29.0,0.0,0.0,0.0,29.0,0.0,0.0,0.0,0.0,0.0,"solar2_v,lipo2_v"
2021-02-28T15:00:00Z,29.0,29.0,,,0.0,0.0,,,,,,,,,,,3.791,3.79,3.793,,,,233.276,0.0,0.0,,,,,287.862,286.0,291.0,,,0.0,13233.0,13261.0,0.0,0.0,0.0,0.0,0.0,0.0,29.0,0.0,0.0,0.0,29.0,0.0,0.0,0.0,0.0,0.0,"solar2_v,lipo2_v"
2021-02-28T16:00:00Z,30.0,30.0,,,0.0,0.0,,,,,,,,,,,3.79,3.79,3.791,,,,233.433,0.0,0.0,,,,,286.2,284.0,287.0,,,0.0,13262.0,13291.0,0.0,0.0,0.0,0.0,0.0,0.0,30.0,0.0,0.0,0.0,30.0,0.0,0.0,0.0,0.0,0.0,"solar2_v,lipo2_v"
2021-02-28T17:00:00Z,29.0,29.0,,,0.0,0.0,,,,,,,,,,,3.79,3.79,3.791,,,,233.966,0.0,0.0,,,,,281.724,280.0,286.0,,,0.0,13292.0,13320.0,0.0,0.0,0.0,0.0,0.0,0.0,29.0,0.0,0.0,0.0,29.0,0.0,0.0,0.0,0.0,0.0,"solar2_v,lipo2_v"
2021-02-28T18:00:00Z,30.0,30.0,,,0.0,0.0,,,,,,,,,,,3.79,3.788,3.791,,,,234.0,0.0,0.0,,,,,281.1,280.0,282.0,,,0.0,13321.0,13350.0,0.0,0.0,0.0,0.0,0.0,0.0,30.0,0.0,0.0,0.0,30.0,0.0,0.0,0.0,0.0,0.0,"solar2_v,lipo2_v"
2021-02-28T19:00:00Z,29.0,29.0,,,0.0,0.0,,,,,,,,,,,3.789,3.788,3.79,,,,234.069,0.0,0.0,,,,,278.759,276.0,281.0,,,0.0,13351.0,13379.0,0.0,0.0,0.0,0.0,0.0,0.0,29.0,0.0,0.0,0.0,29.0,0.0,0.0,0.0,0.0,0.0,"solar2_v,lipo2_v"
2021-02-28T20:00:00Z,30.0,30.0,,,0.0,0.0,,,,,,,,,,,3.788,3.785,3.79,,,,234.633,0.0,0.0,,,,,275.267,274.0,276.0,,,0.0,13380.0,13409.0,0.0,0.0,0.0,0.0,0.0,0.0,30.0,0.0,0.0,0.0,30.0,0.0,0.0,0.0,0.0,0.0,"solar2_v,lipo2_v"
2021-02-28T21:00:00Z,29.0,29.0,,,0.0,0.0,,,,,,,,,,,3.787,3.786,3.788,,,,234.517,0.0,0.0,,,,,276.552,276.0,277.0,,,0.0,13410.0,13438.0,0.0,0.0,0.0,0.0,0.0,0.0,29.0,0.0,0.0,0.0,29.0,0.0,0.0,0.0,0.0,0.0,"solar2_v,lipo2_v"
2021-02-28T22:00:00Z,30.0,30.0,,,0.0,0.0,,,,,,,,,,,3.786,3.785,3.788,,,,234.633,0.0,0.0,,,,,276.033,275.0,277.0,,,0.0,13439.0,13468.0,0.0,0.0,0.0,0.0,0.0,0.0,30.0,0.0,0.0,0.0,30.0,0.0,0.0,0.0,0.0,0.0,"solar2_v,lipo2_v"
2021-02-28T23:00:00Z,29.0,29.0,,,0.011,0.319,,,,,,,,,,,3.786,3.785,3.786,,,,234.483,0.0,0.0,,,,,276.379,275.0,281.0,,,0.0,13469.0,13497.0,0.0,1.0,0.0,0.0,0.0,0.0,29.0,0.0,0.0,0.0,29.0,0.0,0.0,0.0,0.0,0.0,"solar2_v,lipo2_v"
2021-03-01T00:00:00Z,29.0,29.0,,,0.474,0.569,,,,,,,,,,,3.785,3.783,3.786,,,,233.0,0.0,0.0,,,,,294.897,282.0,304.0,,,0.0,13498.0,13526.0,0.0,29.0,0.0,0.0,0.0,0.0,29.0,0.0,0.0,0.0,29.0,0.0,0.0,0.0,0.0,0.0,"solar2_v,lipo2_v"
2021-03-01T01:00:00Z,30.0,30.0,,,0.704,1.148,,,,,,,,,,,3.784,3.781,3.786,,,,230.733,0.0,0.0,,,,,316.067,305.0,322.0,,,0.0,13527.0,13556.0,0.0,30.0,0.0,0.0,0.0,0.0,30.0,0.0,0.0,0.0,30.0,0.0,0.0,0.0,0.0,0.0,"solar2_v,lipo2_v"
2021-03-01T02:00:00Z,29.0,29.0,,,1.333,1.554,,,,,,,,,,,3.784,3.781,3.786,,,,227.69,0.0,0.0,,,,,345.724,323.0,375.0,,,0.0,13557.0,13585.0,0.0,29.0,0.0,0.0,0.0,0.0,29.0,0.0,0.0,0.0,29.0,0.0,0.0,0.0,0.0,0.0,"solar2_v,lipo2_v"
2021-03-01T03:00:00Z,21.0,21.0,,,1.141,1.602,,,,,,,,,,,3.781,3.778,3.785,,,,223.714,0.0,0.0,,,,,387.762,379.0,394.0,,,0.0,13586.0,13613.0,0.0,21.0,0.0,0.0,0.0,0.0,21.0,0.0,0.0,0.0,21.0,0.0,0.0,0.0,0.0,0.0,"solar2_v,lipo2_v"
2021-03-01T04:00:00Z,29.0,29.0,,,1.0,1.282,,,,,,,,,,,3.779,3.776,3.781,,,,223.483,0.0,0.0,,,,,393.241,388.0,399.0,,,0.0,13614.0,13642.0,0.0,29.0,0.0,0.0,0.0,0.0,29.0,0.0,0.0,0.0,29.0,0.0,0.0,0.0,0.0,0.0,"solar2_v,lipo2_v"
2021-03-01T05:00:00Z,30.0,30.0,,,1.079,1.403,,,,,,,,,,,3.778,3.776,3.781,,,,223.467,0.0,0.0,,,,,395.433,386.0,404.0,,,0.0,13643.0,13672.0,0.0,30.0,0.0,0.0,0.0,0.0,30.0,0.0,0.0,0.0,30.0,0.0,0.0,0.0,0.0,0.0,"solar2_v,lipo2_v"
2021-03-01T06:00:00Z,29.0,29.0,,,1.482,2.173,,,,,,,,,,,3.777,3.775,3.78,,,,221.414,0.0,0.0,,,,,419.931,400.0,433.0,,,0.0,13673.0,13701.0,0.0,29.0,0.0,0.0,0.0,0.0,29.0,0.0,0.0,0.0,29.0,0.0,0.0,0.0,0.0,0.0,"solar2_v,lipo2_v"
2021-03-01T07:00:00Z,30.0,30.0,,,0.869,1.362,,,,,,,,,,,3.776,3.773,3.778,,,,222.467,0.0,0.0,,,,,407.033,390.0,427.0,,,0.0,13702.0,13731.0,0.0,30.0,0.0,0.0,0.0,0.0,30.0,0.0,0.0,0.0,30.0,0.0,0.0,0.0,0.0,0.0,"solar2_v,lipo2_v"
2021-03-01T08:00:00Z,29.0,29.0,,,0.685,0.772,,,,,,,,,,,3.775,3.773,3.776,,,,224.897,0.0,0.0,,,,,377.103,367.0,389.0,,,0.0,13732.0,13760.0,0.0,29.0,0.0,0.0,0.0,0.0,29.0,0.0,0.0,0.0,29.0,0.0,0.0,0.0,0.0,0.0,"solar2_v,lipo2_v"
2021-03-01T09:00:00Z,30.0,30.0,,,0.477,0.579,,,,,,,,,,,3.772,3.77,3.775,,,,227.767,0.0,0.0,,,,,347.033,333.0,364.0,,,0.0,13761.0,13790.0,0.0,30.0,0.0,0.0,0.0,0.0,30.0,0.0,0.0,0.0,30.0,0.0,0.0,0.0,0.0,0.0,"solar2_v,lipo2_v"
2021-03-01T10:00:00Z,29.0,29.0,,,0.0,0.0,,,,,,,,,,,3.771,3.768,3.773,,,,229.828,0.0,0.0,,,,,321.138,313.0,332.0,,,0.0,13791.0,13819.0,0.0,0.0,0.0,0.0,0.0,0.0,29.0,0.0,0.0,0.0,29.0,0.0,0.0,0.0,0.0,0.0,"solar2_v,lipo2_v"
2021-03-01T11:00:00Z,30.0,30.0,,,0.0,0.0,,,,,,,,,,,3.769,3.768,3.77,,,,231.733,0.0,0.0,,,,,305.167,301.0,313.0,,,0.0,13820.0,13849.0,0.0,0.0,0.0,0.0,0.0,0.0,30.0,0.0,0.0,0.0,30.0,0.0,0.0,0.0,0.0,0.0,"solar2_v,lipo2_v"
2021-03-01T12:00:00Z,29.0,29.0,,,0.0,0.0,,,,,,,,,,,3.768,3.767,3.77,,,,232.655,0.0,0.0,,,,,300.759,300.0,301.0,,,0.0,13850.0,13878.0,0.0,0.0,0.0,0.0,0.0,0.0,29.0,0.0,0.0,0.0,29.0,0.0,0.0,0.0,0.0,0.0,"solar2_v,lipo2_v"
2021-03-01T13:00:00Z,29.0,29.0,,,0.0,0.0,,,,,,,,,,,3.767,3.765,3.768,,,,232.897,0.0,0.0,,,,,296.345,294.0,299.0,,,0.0,13879.0,13907.0,0.0,0.0,0.0,0.0,0.0,0.0,29.0,0.0,0.0,0.0,29.0,0.0,0.0,0.0,0.0,0.0,"solar2_v,lipo2_v"
2021-03-01T14:00:00Z,30.0,30.0,,,0.0,0.0,,,,,,,,,,,3.765,3.765,3.767,,,,233.2,0.0,0.0,,,,,291.0,288.0,294.0,,,0.0,13908.0,13937.0,0.0,0.0,0.0,0.0,0.0,0.0,30.0,0.0,0.0,0.0,30.0,0.0,0.0,0.0,0.0,0.0,"solar2_v,lipo2_v"
2021-03-01T15:00:00Z,29.0,29.0,,,0.0,0.0,,,,,,,,,,,3.765,3.763,3.765,,,,233.241,0.0,0.0,,,,,292.483,288.0,296.0,,,0.0,13938.0,13966.0,0.0,0.0,0.0,0.0,0.0,0.0,29.0,0.0,0.0,0.0,29.0,0.0,0.0,0.0,0.0,0.0,"solar2_v,lipo2_v"
2021-03-01T16:00:00Z,30.0,30.0,,,0.0,0.0,,,,,,,,,,,3.763,3.763,3.763,,,,233.367,0.0,0.0,,,,,288.3,287.0,291.0,,,0.0,13967.0,13996.0,0.0,0.0,0.0,0.0,0.0,0.0,30.0,0.0,0.0,0.0,30.0,0.0,0.0,0.0,0.0,0.0,"solar2_v,lipo2_v"
2021-03-01T17:00:00Z,29.0,29.0,,,0.0,0.0,,,,,,,,,,,3.763,3.762,3.763,,,,233.345,0.0,0.0,,,,,288.276,287.0,291.0,,,0.0,13997.0,14025.0,0.0,0.0,0.0,0.0,0.0,0.0,29.0,0.0,0.0,0.0,29.0,0.0,0.0,0.0,0.0,0.0,"solar2_v,lipo2_v"
2021-03-01T18:00:00Z,30.0,30.0,,,0.0,0.0,,,,,,,,,,,3.763,3.76,3.763,,,,233.667,0.0,0.0,,,,,286.2,285.0,287.0,,,0.0,14026.0,14055.0,0.0,0.0,0.0,0.0,0.0,0.0,30.0,0.0,0.0,0.0,30.0,0.0,0.0,0.0,0.0,0.0,"solar2_v,lipo2_v"
2021-03-01T19:00:00Z,29.0,29.0,,,0.0,0.0,,,,,,,,,,,3.762,3.76,3.763,,,,234.0,0.0,0.0,,,,,283.448,281.0,286.0,,,0.0,14056.0,14084.0,0.0,0.0,0.0,0.0,0.0,0.0,29.0,0.0,0.0,0.0,29.0,0.0,0.0,0.0,0.0,0.0,"solar2_v,lipo2_v"
2021-03-01T20:00:00Z,30.0,30.0,,,0.0,0.0,,,,,,,,,,,3.761,3.758,3.762,,,,234.333,0.0,0.0,,,,,280.733,279.0,282.0,,,0.0,14085.0,14114.0,0.0,0.0,0.0,0.0,0.0,0.0,30.0,0.0,0.0,0.0,30.0,0.0,0.0,0.0,0.0,0.0,"solar2_v,lipo2_v"
2021-03-01T21:00:00Z,29.0,29.0,,,0.0,0.0,,,,,,,,,,,3.759,3.757,3.76,,,,234.414,0.0,0.0,,,,,281.0,278.0,284.0,,,0.0,14115.0,14143.0,0.0,0.0,0.0,0.0,0.0,0.0,29.0,0.0,0.0,0.0,29.0,0.0,0.0,0.0,0.0,0.0,"solar2_v,lipo2_v"
2021-03-01T22:00:00Z,29.0,29.0,,,0.0,0.0,,,,,,,,,,,3.758,3.757,3.76,,,,234.379,0.0,0.0,,,,,278.034,277.0,280.0,,,0.0,14144.0,14172.0,0.0,0.0,0.0,0.0,0.0,0.0,29.0,0.0,0.0,0.0,29.0,0.0,0.0,0.0,0.0,0.0,"solar2_v,lipo2_v"
2021-03-01T23:00:00Z,30.0,30.0,,,0.0,0.0,,,,,,,,,,,3.756,3.755,3.758,,,,234.533,0.0,0.0,,,,,278.133,277.0,282.0,,,0.0,14173.0,14202.0,0.0,0.0,0.0,0.0,0.0,0.0,30.0,0.0,0.0,0.0,30.0,0.0,0.0,0.0,0.0,0.0,"solar2_v,lipo2_v"
2021-03-02T00:00:00Z,29.0,29.0,,,0.525,0.767,,,,,,,,,,,3.754,3.753,3.755,,,,233.172,0.0,0.0,,,,,293.724,283.0,305.0,,,0.0,14203.0,14231.0,0.0,28.0,0.0,0.0,0.0,0.0,29.0,0.0,0.0,0.0,29.0,0.0,0.0,0.0,0.0,0.0,"solar2_v,lipo2_v"
2021-03-02T01:00:00Z,30.0,30.0,,,0.98,1.197,,,,,,,,,,,3.753,3.752,3.755,,,,230.367,0.0,0.0,,,,,315.833,306.0,319.0,,,0.0,14232.0,14261.0,0.0,30.0,0.0,0.0,0.0,0.0,30.0,0.0,0.0,0.0,30.0,0.0,0.0,0.0,0.0,0.0,"solar2_v,lipo2_v"
2021-03-02T02:00:00Z,29.0,29.0,,,1.228,1.389,,,,,,,,,,,3.751,3.748,3.753,,,,228.897,0.0,0.0,,,,,334.552,319.0,355.0,,,0.0,14262.0,14290.0,0.0,29.0,0.0,0.0,0.0,0.0,29.0,0.0,0.0,0.0,29.0,0.0,0.0,0.0,0.0,0.0,"solar2_v,lipo2_v"
2021-03-02T03:00:00Z,30.0,30.0,,,1.19,1.463,,,,,,,,,,,3.75,3.748,3.752,,,,224.833,0.0,0.0,,,,,373.333,356.0,384.0,,,0.0,14291.0,14320.0,0.0,30.0,0.0,0.0,0.0,0.0,30.0,0.0,0.0,0.0,30.0,0.0,0.0,0.0,0.0,0.0,"solar2_v,lipo2_v"
2021-03-02T04:00:00Z,29.0,29.0,,,1.1,1.577,,,,,,,,,,,3.748,3.747,3.75,,,,224.379,0.0,0.0,,,,,378.655,367.0,387.0,,,0.0,14321.0,14349.0,0.0,29.0,0.0,0.0,0.0,0.0,29.0,0.0,0.0,0.0,29.0,0.0,0.0,0.0,0.0,0.0,"solar2_v,lipo2_v"
2021-03-02T05:00:00Z,29.0,29.0,,,1.084,1.422,,,,,,,,,,,3.748,3.747,3.75,,,,223.069,0.0,0.0,,,,,398.655,382.0,406.0,,,0.0,14350.0,14378.0,0.0,29.0,0.0,0.0,0.0,0.0,29.0,0.0,0.0,0.0,29.0,0.0,0.0,0.0,0.0,0.0,"solar2_v,lipo2_v"
2021-03-02T06:00:00Z,30.0,30.0,,,1.247,2.322,,,,,,,,,,,3.746,3.745,3.747,,,,222.8,0.0,0.0,,,,,404.733,394.0,420.0,,,0.0,14379.0,14408.0,0.0,30.0,0.0,0.0,0.0,0.0,30.0,0.0,0.0,0.0,30.0,0.0,0.0,0.0,0.0,0.0,"solar2_v,lipo2_v"
2021-03-02T07:00:00Z,29.0,29.0,,,1.08,1.495,,,,,,,,,,,3.744,3.742,3.747,,,,224.069,0.0,0.0,,,,,382.931,374.0,408.0,,,0.0,14409.0,14437.0,0.0,29.0,0.0,0.0,0.0,0.0,29.0,0.0,0.0,0.0,29.0,0.0,0.0,0.0,0.0,0.0,"solar2_v,lipo2_v"
2021-03-02T08:00:00Z,30.0,30.0,,,0.773,1.02,,,,,,,,,,,3.742,3.74,3.743,,,,225.833,0.0,0.0,,,,,370.7,355.0,383.0,,,0.0,14438.0,14467.0,0.0,30.0,0.0,0.0,0.0,0.0,30.0,0.0,0.0,0.0,30.0,0.0,0.0,0.0,0.0,0.0,"solar2_v,lipo2_v"
2021-03-02T09:00:00Z,29.0,29.0,,,0.575,0.921,,,,,,,,,,,3.74,3.737,3.742,,,,227.759,0.0,0.0,,,,,348.517,340.0,355.0,,,0.0,14468.0,14496.0,0.0,29.0,0.0,0.0,0.0,0.0,29.0,0.0,0.0,0.0,29.0,0.0,0.0,0.0,0.0,0.0,"solar2_v,lipo2_v"
2021-03-02T10:00:00Z,30.0,30.0,,,0.034,0.356,,,,,,,,,,,3.738,3.735,3.74,,,,229.7,0.0,0.0,,,,,322.967,313.0,339.0,,,0.0,14497.0,14526.0,0.0,3.0,0.0,0.0,0.0,0.0,30.0,0.0,0.0,0.0,30.0,0.0,0.0,0.0,0.0,0.0,"solar2_v,lipo2_v"
2021-03-02T11:00:00Z,29.0,29.0,,,0.0,0.0,,,,,,,,,,,3.736,3.735,3.739,,,,231.724,0.0,0.0,,,,,305.655,301.0,313.0,,,0.0,14527.0,14555.0,0.0,0.0,0.0,0.0,0.0,0.0,29.0,0.0,0.0,0.0,29.0,0.0,0.0,0.0,0.0,0.0,"solar2_v,lipo2_v"
2021-03-02T12:00:00Z,29.0,29.0,,,0.0,0.0,,,,,,,,,,,3.734,3.732,3.735,,,,232.655,0.0,0.0,,,,,299.828,297.0,301.0,,,0.0,14556.0,14584.0,0.0,0.0,0.0,0.0,0.0,0.0,29.0,0.0,0.0,0.0,29.0,0.0,0.0,0.0,0.0,0.0,"solar2_v,lipo2_v"
2021-03-02T13:00:00Z,30.0,30.0,,,0.0,0.0,,,,,,,,,,,3.733,3.73,3.735,,,,232.9,0.0,0.0,,,,,296.467,295.0,298.0,,,0.0,14585.0,14614.0,0.0,0.0,0.0,0.0,0.0,0.0,30.0,0.0,0.0,0.0,30.0,0.0,0.0,0.0,0.0,0.0,"solar2_v,lipo2_v"
2021-03-02T14:00:00Z,29.0,29.0,,,0.0,0.0,,,,,,,,,,,3.731,3.73,3.734,,,,232.586,0.0,0.0,,,,,295.517,294.0,298.0,,,0.0,14615.0,14643.0,0.0,0.0,0.0,0.0,0.0,0.0,29.0,0.0,0.0,0.0,29.0,0.0,0.0,0.0,0.0,0.0,"solar2_v,lipo2_v"
2021-03-02T15:00:00Z,28.0,28.0,,,0.0,0.0,,,,,,,,,,,3.729,3.725,3.732,,,,233.071,0.0,0.0,,,,,296.286,294.0,300.0,,,0.0,14644.0,14672.0,0.0,0.0,0.0,0.0,0.0,0.0,28.0,0.0,0.0,0.0,28.0,0.0,0.0,0.0,0.0,0.0,"solar2_v,lipo2_v"
2021-03-02T16:00:00Z,30.0,30.0,,,0.0,0.0,,,,,,,,,,,3.726,3.722,3.729,,,,233.267,0.0,0.0,,,,,291.833,290.0,296.0,,,0.0,14673.0,14702.0,0.0,0.0,0.0,0.0,0.0,0.0,30.0,0.0,0.0,0.0,30.0,0.0,0.0,0.0,0.0,0.0,"solar2_v,lipo2_v"
2021-03-02T17:00:00Z,29.0,29.0,,,0.0,0.0,,,,,,,,,,,3.724,3.722,3.727,,,,233.483,0.0,0.0,,,,,287.276,286.0,290.0,,,0.0,14703.0,14731.0,0.0,0.0,0.0,0.0,0.0,0.0,29.0,0.0,0.0,0.0,29.0,0.0,0.0,0.0,0.0,0.0,"solar2_v,lipo2_v"
2021-03-02T18:00:00Z,30.0,30.0,,,0.0,0.0,,,,,,,,,,,3.722,3.72,3.725,,,,233.867,0.0,0.0,,,,,286.0,286.0,286.0,,,0.0,14732.0,14761.0,0.0,0.0,0.0,0.0,0.0,0.0,30.0,0.0,0.0,0.0,30.0,0.0,0.0,0.0,0.0,0.0,"solar2_v,lipo2_v"
2021-03-02T19:00:00Z,29.0,29.0,,,0.0,0.0,,,,,,,,,,,3.72,3.715,3.722,,,,233.862,0.0,0.0,,,,,283.172,280.0,286.0,,,0.0,14762.0,14790.0,0.0,0.0,0.0,0.0,0.0,0.0,29.0,0.0,0.0,0.0,29.0,0.0,0.0,0.0,0.0,0.0,"solar2_v,lipo2_v"
2021-03-02T20:00:00Z,30.0,30.0,,,0.0,0.0,,,,,,,,,,,3.718,3.715,3.72,,,,234.233,0.0,0.0,,,,,278.867,278.0,280.0,,,0.0,14791.0,14820.0,0.0,0.0,0.0,0.0,0.0,0.0,30.0,0.0,0.0,0.0,30.0,0.0,0.0,0.0,0.0,0.0,"solar2_v,lipo2_v"
2021-03-02T21:00:00Z,29.0,29.0,,,0.0,0.0,,,,,,,,,,,3.716,3.714,3.717,,,,234.793,0.0,0.0,,,,,275.069,274.0,277.0,,,0.0,14821.0,14849.0,0.0,0.0,0.0,0.0,0.0,0.0,29.0,0.0,0.0,0.0,29.0,0.0,0.0,0.0,0.0,0.0,"solar2_v,lipo2_v"
2021-03-02T22:00:00Z,29.0,29.0,,,0.0,0.0,,,,,,,,,,,3.714,3.714,3.715,,,,234.897,0.0,0.0,,,,,274.0,274.0,274.0,,,0.0,14850.0,14878.0,0.0,0.0,0.0,0.0,0.0,0.0,29.0,0.0,0.0,0.0,29.0,0.0,0.0,0.0,0.0,0.0,"solar2_v,lipo2_v"
2021-03-02T23:00:00Z,30.0,30.0,,,0.034,0.346,,,,,,,,,,,3.713,3.712,3.715,,,,235.0,0.0,0.0,,,,,274.4,273.0,279.0,,,0.0,14879.0,14908.0,0.0,3.0,0.0,0.0,0.0,0.0,30.0,0.0,0.0,0.0,30.0,0.0,0.0,0.0,0.0,0.0,"solar2_v,lipo2_v"
2021-03-03T00:00:00Z,29.0,29.0,,,0.487,0.58,,,,,,,,,,,3.712,3.712,3.712,,,,233.345,0.0,0.0,,,,,290.448,281.0,300.0,,,0.0,14909.0,14937.0,0.0,29.0,0.0,0.0,0.0,0.0,29.0,0.0,0.0,0.0,29.0,0.0,0.0,0.0,0.0,0.0,"solar2_v,lipo2_v"
2021-03-03T01:00:00Z,30.0,30.0,,,0.691,0.792,,,,,,,,,,,3.711,3.71,3.712,,,,231.1,0.0,0.0,,,,,312.4,300.0,327.0,,,0.0,14938.0,14967.0,0.0,30.0,0.0,0.0,0.0,0.0,30.0,0.0,0.0,0.0,30.0,0.0,0.0,0.0,0.0,0.0,"solar2_v,lipo2_v"
2021-03-03T02:00:00Z,29.0,29.0,,,0.839,0.987,,,,,,,,,,,3.71,3.71,3.712,,,,227.552,0.0,0.0,,,,,342.862,327.0,361.0,,,0.0,14968.0,14996.0,0.0,29.0,0.0,0.0,0.0,0.0,29.0,0.0,0.0,0.0,29.0,0.0,0.0,0.0,0.0,0.0,"solar2_v,lipo2_v"
2021-03-03T03:00:00Z,30.0,30.0,,,0.89,0.925,,,,,,,,,,,3.71,3.71,3.712,,,,224.7,0.0,0.0,,,,,374.0,365.0,384.0,,,0.0,14997.0,15026.0,0.0,30.0,0.0,0.0,0.0,0.0,30.0,0.0,0.0,0.0,30.0,0.0,0.0,0.0,0.0,0.0,"solar2_v,lipo2_v"
2021-03-03T04:00:00Z,29.0,29.0,,,0.958,1.277,,,,,,,,,,,3.71,3.709,3.71,,,,223.517,0.0,0.0,,,,,391.034,384.0,394.0,,,0.0,15027.0,15055.0,0.0,29.0,0.0,0.0,0.0,0.0,29.0,0.0,0.0,0.0,29.0,0.0,0.0,0.0,0.0,0.0,"solar2_v,lipo2_v"
2021-03-03T05:00:00Z,28.0,28.0,,,0.914,1.525,,,,,,,,,,,3.71,3.709,3.71,,,,222.929,0.0,0.0,,,,,403.464,394.0,407.0,,,0.0,15056.0,15084.0,0.0,28.0,0.0,0.0,0.0,0.0,28.0,0.0,0.0,0.0,28.0,0.0,0.0,0.0,0.0,0.0,"solar2_v,lipo2_v"
2021-03-03T06:00:00Z,29.0,29.0,,,0.944,1.264,,,,,,,,,,,3.707,3.706,3.709,,,,224.517,0.0,0.0,,,,,382.414,378.0,393.0,,,0.0,15085.0,15113.0,0.0,29.0,0.0,0.0,0.0,0.0,29.0,0.0,0.0,0.0,29.0,0.0,0.0,0.0,0.0,0.0,"solar2_v,lipo2_v"
2021-03-03T07:00:00Z,30.0,30.0,,,0.888,1.023,,,,,,,,,,,3.706,3.704,3.707,,,,224.7,0.0,0.0,,,,,375.5,369.0,379.0,,,0.0,15114.0,15143.0,0.0,30.0,0.0,0.0,0.0,0.0,30.0,0.0,0.0,0.0,30.0,0.0,0.0,0.0,0.0,0.0,"solar2_v,lipo2_v"
2021-03-03T08:00:00Z,29.0,29.0,,,0.77,1.016,,,,,,,,,,,3.704,3.702,3.706,,,,225.0,0.0,0.0,,,,,373.655,367.0,380.0,,,0.0,15144.0,15172.0,0.0,29.0,0.0,0.0,0.0,0.0,29.0,0.0,0.0,0.0,29.0,0.0,0.0,0.0,0.0,0.0,"solar2_v,lipo2_v"
2021-03-03T09:00:00Z,30.0,30.0,,,0.673,0.93,,,,,,,,,,,3.701,3.699,3.702,,,,225.867,0.0,0.0,,,,,363.933,353.0,369.0,,,0.0,15173.0,15202.0,0.0,30.0,0.0,0.0,0.0,0.0,30.0,0.0,0.0,0.0,30.0,0.0,0.0,0.0,0.0,0.0,"solar2_v,lipo2_v"
2021-03-03T10:00:00Z,29.0,29.0,,,0.034,0.347,,,,,,,,,,,3.698,3.694,3.701,,,,228.414,0.0,0.0,,,,,336.448,322.0,353.0,,,0.0,15203.0,15231.0,0.0,3.0,0.0,0.0,0.0,0.0,29.0,0.0,0.0,0.0,29.0,0.0,0.0,0.0,0.0,0.0,"solar2_v,lipo2_v"
2021-03-03T11:00:00Z,29.0,29.0,,,0.0,0.0,,,,,,,,,,,3.693,3.687,3.697,,,,230.69,0.0,0.0,,,,,313.31,307.0,321.0,,,0.0,15232.0,15260.0,0.0,0.0,0.0,0.0,0.0,0.0,29.0,0.0,0.0,0.0,29.0,0.0,0.0,0.0,0.0,0.0,"solar2_v,lipo2_v"
2021-03-03T12:00:00Z,30.0,30.0,,,0.0,0.0,,,,,,,,,,,3.687,3.684,3.692,,,,231.833,0.0,0.0,,,,,301.567,300.0,306.0,,,0.0,15261.0,15290.0,0.0,0.0,0.0,0.0,0.0,0.0,30.0,0.0,0.0,0.0,30.0,0.0,0.0,0.0,0.0,0.0,"solar2_v,lipo2_v"
2021-03-03T13:00:00Z,29.0,29.0,,,0.0,0.0,,,,,,,,,,,3.684,3.682,3.687,,,,232.862,0.0,0.0,,,,,298.0,296.0,300.0,,,0.0,15291.0,15319.0,0.0,0.0,0.0,0.0,0.0,0.0,29.0,0.0,0.0,0.0,29.0,0.0,0.0,0.0,0.0,0.0,"solar2_v,lipo2_v"
2021-03-03T14:00:00Z,30.0,30.0,,,0.0,0.0,,,,,,,,,,,3.682,3.681,3.684,,,,232.967,0.0,0.0,,,,,297.633,296.0,300.0,,,0.0,15320.0,15349.0,0.0,0.0,0.0,0.0,0.0,0.0,30.0,0.0,0.0,0.0,30.0,0.0,0.0,0.0,0.0,0.0,"solar2_v,lipo2_v"
2021-03-03T15:00:00Z,29.0,29.0,,,0.0,0.0,,,,,,,,,,,3.681,3.681,3.682,,,,232.759,0.0,0.0,,,,,297.69,291.0,301.0,,,0.0,15350.0,15378.0,0.0,0.0,0.0,0.0,0.0,0.0,29.0,0.0,0.0,0.0,29.0,0.0,0.0,0.0,0.0,0.0,"solar2_v,lipo2_v"
2021-03-03T16:00:00Z,29.0,29.0,,,0.0,0.0,,,,,,,,,,,3.679,3.677,3.681,,,,233.379,0.0,0.0,,,,,290.931,289.0,293.0,,,0.0,15379.0,15407.0,0.0,0.0,0.0,0.0,0.0,0.0,29.0,0.0,0.0,0.0,29.0,0.0,0.0,0.0,0.0,0.0,"solar2_v,lipo2_v"
2021-03-03T17:00:00Z,30.0,30.0,,,0.0,0.0,,,,,,,,,,,3.677,3.676,3.679,,,,233.133,0.0,0.0,,,,,290.933,289.0,293.0,,,0.0,15408.0,15437.0,0.0,0.0,0.0,0.0,0.0,0.0,30.0,0.0,0.0,0.0,30.0,0.0,0.0,0.0,0.0,0.0,"solar2_v,lipo2_v"
2021-03-03T18:00:00Z,29.0,29.0,,,0.0,0.0,,,,,,,,,,,3.675,3.673,3.677,,,,233.448,0.0,0.0,,,,,287.241,286.0,290.0,,,0.0,15438.0,15466.0,0.0,0.0,0.0,0.0,0.0,0.0,29.0,0.0,0.0,0.0,29.0,0.0,0.0,0.0,0.0,0.0,"solar2_v,lipo2_v"
2021-03-03T19:00:00Z,30.0,30.0,,,0.0,0.0,,,,,,,,,,,3.674,3.671,3.674,,,,233.767,0.0,0.0,,,,,285.2,283.0,286.0,,,0.0,15467.0,15496.0,0.0,0.0,0.0,0.0,0.0,0.0,30.0,0.0,0.0,0.0,30.0,0.0,0.0,0.0,0.0,0.0,"solar2_v,lipo2_v"
2021-03-03T20:00:00Z,29.0,29.0,,,0.0,0.0,,,,,,,,,,,3.672,3.669,3.674,,,,234.103,0.0,0.0,,,,,280.655,279.0,284.0,,,0.0,15497.0,15525.0,0.0,0.0,0.0,0.0,0.0,0.0,29.0,0.0,0.0,0.0,29.0,0.0,0.0,0.0,0.0,0.0,"solar2_v,lipo2_v"
2021-03-03T21:00:00Z,30.0,30.0,,,0.0,0.0,,,,,,,,,,,3.67,3.668,3.673,,,,233.933,0.0,0.0,,,,,277.933,275.0,280.0,,,0.0,15526.0,15555.0,0.0,0.0,0.0,0.0,0.0,0.0,30.0,0.0,0.0,0.0,30.0,0.0,0.0,0.0,0.0,0.0,"solar2_v,lipo2_v"
2021-03-03T22:00:00Z,29.0,29.0,,,0.0,0.0,,,,,,,,,,,3.668,3.666,3.669,,,,235.241,0.0,0.0,,,,,274.31,274.0,276.0,,,0.0,15556.0,15584.0,0.0,0.0,0.0,0.0,0.0,0.0,29.0,0.0,0.0,0.0,29.0,0.0,0.0,0.0,0.0,0.0,"solar2_v,lipo2_v"
2021-03-03T23:00:00Z,29.0,29.0,,,0.011,0.324,,,,,,,,,,,3.666,3.664,3.668,,,,235.0,0.0,0.0,,,,,274.931,274.0,279.0,,,0.0,15585.0,15613.0,0.0,1.0,0.0,0.0,0.0,0.0,29.0,0.0,0.0,0.0,29.0,0.0,0.0,0.0,0.0,0.0,"solar2_v,lipo2_v"
2021-03-04T00:00:00Z,30.0,30.0,,,0.587,0.915,,,,,,,,,,,3.664,3.663,3.666,,,,233.433,0.0,0.0,,,,,288.9,280.0,301.0,,,0.0,15614.0,15643.0,0.0,30.0,0.0,0.0,0.0,0.0,30.0,0.0,0.0,0.0,30.0,0.0,0.0,0.0,0.0,0.0,"solar2_v,lipo2_v"
2021-03-04T01:00:00Z,29.0,29.0,,,0.93,1.069,,,,,,,,,,,3.664,3.663,3.666,,,,229.966,0.0,0.0,,,,,321.276,301.0,338.0,,,0.0,15644.0,15672.0,0.0,29.0,0.0,0.0,0.0,0.0,29.0,0.0,0.0,0.0,29.0,0.0,0.0,0.0,0.0,0.0,"solar2_v,lipo2_v"
2021-03-04T02:00:00Z,30.0,30.0,,,0.894,1.049,,,,,,,,,,,3.663,3.661,3.664,,,,227.633,0.0,0.0,,,,,351.5,339.0,368.0,,,0.0,15673.0,15702.0,0.0,30.0,0.0,0.0,0.0,0.0,30.0,0.0,0.0,0.0,30.0,0.0,0.0,0.0,0.0,0.0,"solar2_v,lipo2_v"
2021-03-04T03:00:00Z,29.0,29.0,,,0.897,1.048,,,,,,,,,,,3.662,3.661,3.664,,,,224.517,0.0,0.0,,,,,380.966,369.0,392.0,,,0.0,15703.0,15731.0,0.0,29.0,0.0,0.0,0.0,0.0,29.0,0.0,0.0,0.0,29.0,0.0,0.0,0.0,0.0,0.0,"solar2_v,lipo2_v"
2021-03-04T04:00:00Z,30.0,30.0,,,0.871,0.977,,,,,,,,,,,3.661,3.659,3.663,,,,223.4,0.0,0.0,,,,,399.433,393.0,407.0,,,0.0,15732.0,15761.0,0.0,30.0,0.0,0.0,0.0,0.0,30.0,0.0,0.0,0.0,30.0,0.0,0.0,0.0,0.0,0.0,"solar2_v,lipo2_v"
2021-03-04T05:00:00Z,29.0,29.0,,,0.818,0.98,,,,,,,,,,,3.66,3.659,3.661,,,,222.69,0.0,0.0,,,,,408.034,406.0,411.0,,,0.0,15762.0,15790.0,0.0,29.0,0.0,0.0,0.0,0.0,29.0,0.0,0.0,0.0,29.0,0.0,0.0,0.0,0.0,0.0,"solar2_v,lipo2_v"
2021-03-04T06:00:00Z,29.0,29.0,,,0.979,1.722,,,,,,,,,,,3.659,3.659,3.661,,,,221.414,0.0,0.0,,,,,419.103,412.0,428.0,,,0.0,15791.0,15819.0,0.0,29.0,0.0,0.0,0.0,0.0,29.0,0.0,0.0,0.0,29.0,0.0,0.0,0.0,0.0,0.0,"solar2_v,lipo2_v"
2021-03-04T07:00:00Z,30.0,30.0,,,0.77,0.91,,,,,,,,,,,3.659,3.658,3.659,,,,221.967,0.0,0.0,,,,,411.567,399.0,428.0,,,0.0,15820.0,15849.0,0.0,30.0,0.0,0.0,0.0,0.0,30.0,0.0,0.0,0.0,30.0,0.0,0.0,0.0,0.0,0.0,"solar2_v,lipo2_v"
2021-03-04T08:00:00Z,29.0,29.0,,,0.698,0.767,,,,,,,,,,,3.658,3.656,3.658,,,,223.759,0.0,0.0,,,,,384.966,374.0,398.0,,,0.0,15850.0,15878.0,0.0,29.0,0.0,0.0,0.0,0.0,29.0,0.0,0.0,0.0,29.0,0.0,0.0,0.0,0.0,0.0,"solar2_v,lipo2_v"
2021-03-04T09:00:00Z,30.0,30.0,,,0.468,0.602,,,,,,,,,,,3.656,3.654,3.658,,,,226.867,0.0,0.0,,,,,357.7,345.0,371.0,,,0.0,15879.0,15908.0,0.0,30.0,0.0,0.0,0.0,0.0,30.0,0.0,0.0,0.0,30.0,0.0,0.0,0.0,0.0,0.0,"solar2_v,lipo2_v"
2021-03-04T10:00:00Z,29.0,29.0,,,0.033,0.324,,,,,,,,,,,3.654,3.653,3.656,,,,229.034,0.0,0.0,,,,,333.828,326.0,345.0,,,0.0,15909.0,15937.0,0.0,3.0,0.0,0.0,0.0,0.0,29.0,0.0,0.0,0.0,29.0,0.0,0.0,0.0,0.0,0.0,"solar2_v,lipo2_v"
2021-03-04T11:00:00Z,30.0,30.0,,,0.0,0.0,,,,,,,,,,,3.653,3.651,3.654,,,,230.067,0.0,0.0,,,,,317.7,313.0,325.0,,,0.0,15938.0,15967.0,0.0,0.0,0.0,0.0,0.0,0.0,30.0,0.0,0.0,0.0,30.0,0.0,0.0,0.0,0.0,0.0,"solar2_v,lipo2_v"
2021-03-04T12:00:00Z,29.0,29.0,,,0.0,0.0,,,,,,,,,,,3.65,3.648,3.653,,,,231.345,0.0,0.0,,,,,306.862,301.0,314.0,,,0.0,15968.0,15996.0,0.0,0.0,0.0,0.0,0.0,0.0,29.0,0.0,0.0,0.0,29.0,0.0,0.0,0.0,0.0,0.0,"solar2_v,lipo2_v"
2021-03-04T13:00:00Z,29.0,29.0,,,0.0,0.0,,,,,,,,,,,3.648,3.646,3.649,,,,232.517,0.0,0.0,,,,,300.759,300.0,301.0,,,0.0,15997.0,16025.0,0.0,0.0,0.0,0.0,0.0,0.0,29.0,0.0,0.0,0.0,29.0,0.0,0.0,0.0,0.0,0.0,"solar2_v,lipo2_v"
2021-03-04T14:00:00Z,29.0,29.0,,,0.0,0.0,,,,,,,,,,,3.646,3.644,3.648,,,,232.448,0.0,0.0,,,,,298.034,296.0,300.0,,,0.0,16026.0,16055.0,0.0,0.0,0.0,0.0,0.0,0.0,29.0,0.0,0.0,0.0,29.0,0.0,0.0,0.0,0.0,0.0,"solar2_v,lipo2_v"
2021-03-04T15:00:00Z,29.0,29.0,,,0.0,0.0,,,,,,,,,,,3.643,3.641,3.644,,,,233.103,0.0,0.0,,,,,293.759,291.0,297.0,,,0.0,16056.0,16084.0,0.0,0.0,0.0,0.0,0.0,0.0,29.0,0.0,0.0,0.0,29.0,0.0,0.0,0.0,0.0,0.0,"solar2_v,lipo2_v"
2021-03-04T16:00:00Z,29.0,29.0,,,0.0,0.0,,,,,,,,,,,3.642,3.64,3.643,,,,233.034,0.0,0.0,,,,,290.414,287.0,293.0,,,0.0,16085.0,16113.0,0.0,0.0,0.0,0.0,0.0,0.0,29.0,0.0,0.0,0.0,29.0,0.0,0.0,0.0,0.0,0.0,"solar2_v,lipo2_v"
2021-03-04T17:00:00Z,30.0,30.0,,,0.0,0.0,,,,,,,,,,,3.64,3.636,3.641,,,,233.667,0.0,0.0,,,,,284.867,281.0,287.0,,,0.0,16114.0,16143.0,0.0,0.0,0.0,0.0,0.0,0.0,30.0,0.0,0.0,0.0,30.0,0.0,0.0,0.0,0.0,0.0,"solar2_v,lipo2_v"
2021-03-04T18:00:00Z,29.0,29.0,,,0.0,0.0,,,,,,,,,,,3.638,3.636,3.64,,,,234.276,0.0,0.0,,,,,280.759,280.0,283.0,,,0.0,16144.0,16172.0,0.0,0.0,0.0,0.0,0.0,0.0,29.0,0.0,0.0,0.0,29.0,0.0,0.0,0.0,0.0,0.0,"solar2_v,lipo2_v"
2021-03-04T19:00:00Z,30.0,30.0,,,0.0,0.0,,,,,,,,,,,3.636,3.635,3.638,,,,234.167,0.0,0.0,,,,,277.933,276.0,282.0,,,0.0,16173.0,16202.0,0.0,0.0,0.0,0.0,0.0,0.0,30.0,0.0,0.0,0.0,30.0,0.0,0.0,0.0,0.0,0.0,"solar2_v,lipo2_v"
2021-03-04T20:00:00Z,29.0,29.0,,,0.0,0.0,,,,,,,,,,,3.635,3.633,3.636,,,,234.862,0.0,0.0,,,,,275.966,274.0,278.0,,,0.0,16203.0,16231.0,0.0,0.0,0.0,0.0,0.0,0.0,29.0,0.0,0.0,0.0,29.0,0.0,0.0,0.0,0.0,0.0,"solar2_v,lipo2_v"
2021-03-04T21:00:00Z,30.0,30.0,,,0.0,0.0,,,,,,,,,,,3.633,3.631,3.635,,,,235.033,0.0,0.0,,,,,272.467,270.0,274.0,,,0.0,16232.0,16261.0,0.0,0.0,0.0,0.0,0.0,0.0,30.0,0.0,0.0,0.0,30.0,0.0,0.0,0.0,0.0,0.0,"solar2_v,lipo2_v"
2021-03-04T22:00:00Z,29.0,29.0,,,0.0,0.0,,,,,,,,,,,3.632,3.63,3.633,,,,235.31,0.0,0.0,,,,,270.207,268.0,272.0,,,0.0,16262.0,16290.0,0.0,0.0,0.0,0.0,0.0,0.0,29.0,0.0,0.0,0.0,29.0,0.0,0.0,0.0,0.0,0.0,"solar2_v,lipo2_v"
2021-03-04T23:00:00Z,30.0,30.0,,,0.047,0.377,,,,,,,,,,,3.63,3.63,3.631,,,,235.633,0.0,0.0,,,,,268.967,267.0,274.0,,,0.0,16291.0,16320.0,0.0,4.0,0.0,0.0,0.0,0.0,30.0,0.0,0.0,0.0,30.0,0.0,0.0,0.0,0.0,0.0,"solar2_v,lipo2_v"
2021-03-05T00:00:00Z,29.0,29.0,,,0.5,0.557,,,,,,,,,,,3.63,3.628,3.631,,,,233.793,0.0,0.0,,,,,287.862,275.0,301.0,,,0.0,16321.0,16349.0,0.0,29.0,0.0,0.0,0.0,0.0,29.0,0.0,0.0,0.0,29.0,0.0,0.0,0.0,0.0,0.0,"solar2_v,lipo2_v"
2021-03-05T01:00:00Z,29.0,29.0,,,0.619,0.661,,,,,,,,,,,3.628,3.626,3.63,,,,230.241,0.0,0.0,,,,,315.345,301.0,330.0,,,0.0,16350.0,16378.0,0.0,29.0,0.0,0.0,0.0,0.0,29.0,0.0,0.0,0.0,29.0,0.0,0.0,0.0,0.0,0.0,"solar2_v,lipo2_v"
2021-03-05T02:00:00Z,17.0,17.0,,,0.697,0.734,,,,,,,,,,,3.628,3.626,3.63,,,,227.882,0.0,0.0,,,,,341.294,331.0,352.0,,,0.0,16379.0,16395.0,0.0,17.0,0.0,0.0,0.0,0.0,17.0,0.0,0.0,0.0,17.0,0.0,0.0,0.0,0.0,0.0,"solar2_v,lipo2_v"
2021-03-05T11:00:00Z,29.0,29.0,,,0.0,0.0,,,,,,,,,,,3.498,3.496,3.499,,,,231.828,0.0,0.0,,,,,303.0,299.0,320.0,,,0.0,16527.0,16555.0,0.0,0.0,0.0,0.0,0.0,0.0,29.0,0.0,0.0,0.0,29.0,0.0,0.0,0.0,0.0,0.0,"solar2_v,lipo2_v"
2021-03-05T12:00:00Z,29.0,29.0,,,0.0,0.0,,,,,,,,,,,3.498,3.496,3.499,,,,232.931,0.0,0.0,,,,,295.897,293.0,299.0,,,0.0,16556.0,16584.0,0.0,0.0,0.0,0.0,0.0,0.0,29.0,0.0,0.0,0.0,29.0,0.0,0.0,0.0,0.0,0.0,"solar2_v,lipo2_v"
2021-03-05T13:00:00Z,22.0,22.0,,,0.0,0.0,,,,,,,,,,,3.497,3.496,3.498,,,,233.455,0.0,0.0,,,,,290.773,289.0,293.0,,,0.0,16585.0,16613.0,0.0,0.0,0.0,0.0,0.0,0.0,22.0,0.0,0.0,0.0,22.0,0.0,0.0,0.0,0.0,0.0,"solar2_v,lipo2_v"
2021-03-05T14:00:00Z,29.0,29.0,,,0.0,0.0,,,,,,,,,,,3.496,3.494,3.498,,,,233.345,0.0,0.0,,,,,287.448,286.0,290.0,,,0.0,16614.0,16643.0,0.0,0.0,0.0,0.0,0.0,0.0,29.0,0.0,0.0,0.0,29.0,0.0,0.0,0.0,0.0,0.0,"solar2_v,lipo2_v"
2021-03-05T15:00:00Z,29.0,29.0,,,0.0,0.0,,,,,,,,,,,3.494,3.493,3.496,,,,233.586,0.0,0.0,,,,,286.414,286.0,287.0,,,0.0,16644.0,16672.0,0.0,0.0,0.0,0.0,0.0,0.0,29.0,0.0,0.0,0.0,29.0,0.0,0.0,0.0,0.0,0.0,"solar2_v,lipo2_v"
2021-03-05T16:00:00Z,30.0,30.0,,,0.0,0.0,,,,,,,,,,,3.493,3.491,3.494,,,,233.667,0.0,0.0,,,,,286.5,286.0,288.0,,,0.0,16673.0,16702.0,0.0,0.0,0.0,0.0,0.0,0.0,30.0,0.0,0.0,0.0,30.0,0.0,0.0,0.0,0.0,0.0,"solar2_v,lipo2_v"
2021-03-05T17:00:00Z,29.0,29.0,,,0.0,0.0,,,,,,,,,,,3.491,3.488,3.493,,,,233.517,0.0,0.0,,,,,282.69,279.0,287.0,,,0.0,16703.0,16731.0,0.0,0.0,0.0,0.0,0.0,0.0,29.0,0.0,0.0,0.0,29.0,0.0,0.0,0.0,0.0,0.0,"solar2_v,lipo2_v"
2021-03-05T18:00:00Z,29.0,29.0,,,0.0,0.0,,,,,,,,,,,3.488,3.486,3.491,,,,233.793,0.0,0.0,,,,,281.586,280.0,283.0,,,0.0,16732.0,16760.0,0.0,0.0,0.0,0.0,0.0,0.0,29.0,0.0,0.0,0.0,29.0,0.0,0.0,0.0,0.0,0.0,"solar2_v,lipo2_v"
2021-03-05T19:00:00Z,30.0,30.0,,,0.0,0.0,,,,,,,,,,,3.486,3.484,3.489,,,,234.1,0.0,0.0,,,,,278.533,276.0,281.0,,,0.0,16761.0,16790.0,0.0,0.0,0.0,0.0,0.0,0.0,30.0,0.0,0.0,0.0,30.0,0.0,0.0,0.0,0.0,0.0,"solar2_v,lipo2_v"
2021-03-05T20:00:00Z,29.0,29.0,,,0.0,0.0,,,,,,,,,,,3.484,3.481,3.486,,,,234.138,0.0,0.0,,,,,276.276,275.0,277.0,,,0.0,16791.0,16819.0,0.0,0.0,0.0,0.0,0.0,0.0,29.0,0.0,0.0,0.0,29.0,0.0,0.0,0.0,0.0,0.0,"solar2_v,lipo2_v"
2021-03-05T21:00:00Z,30.0,30.0,,,0.0,0.0,,,,,,,,,,,3.482,3.481,3.484,,,,234.267,0.0,0.0,,,,,275.433,274.0,277.0,,,0.0,16820.0,16849.0,0.0,0.0,0.0,0.0,0.0,0.0,30.0,0.0,0.0,0.0,30.0,0.0,0.0,0.0,0.0,0.0,"solar2_v,lipo2_v"
2021-03-05T22:00:00Z,29.0,29.0,,,0.0,0.0,,,,,,,,,,,3.479,3.476,3.483,,,,234.655,0.0,0.0,,,,,273.655,273.0,274.0,,,0.0,16850.0,16878.0,0.0,0.0,0.0,0.0,0.0,0.0,29.0,0.0,0.0,0.0,29.0,0.0,0.0,0.0,0.0,0.0,"solar2_v,lipo2_v"
2021-03-05T23:00:00Z,30.0,30.0,,,0.046,0.365,,,,,,,,,,,3.477,3.475,3.478,,,,235.2,0.0,0.0,,,,,273.633,273.0,277.0,,,0.0,16879.0,16908.0,0.0,4.0,0.0,0.0,0.0,0.0,30.0,0.0,0.0,0.0,30.0,0.0,0.0,0.0,0.0,0.0,"solar2_v,lipo2_v"
2021-03-06T00:00:00Z,29.0,29.0,,,0.518,0.611,,,,,,,,,,,3.475,3.473,3.476,,,,233.138,0.0,0.0,,,,,293.069,279.0,301.0,,,0.0,16909.0,16937.0,0.0,29.0,0.0,0.0,0.0,0.0,29.0,0.0,0.0,0.0,29.0,0.0,0.0,0.0,0.0,0.0,"solar2_v,lipo2_v"
2021-03-06T01:00:00Z,30.0,30.0,,,0.693,0.761,,,,,,,,,,,3.473,3.471,3.475,,,,230.433,0.0,0.0,,,,,316.0,301.0,327.0,,,0.0,16938.0,16967.0,0.0,30.0,0.0,0.0,0.0,0.0,30.0,0.0,0.0,0.0,30.0,0.0,0.0,0.0,0.0,0.0,"solar2_v,lipo2_v"
2021-03-06T02:00:00Z,29.0,29.0,,,0.814,0.875,,,,,,,,,,,3.471,3.47,3.473,,,,227.517,0.0,0.0,,,,,345.31,328.0,361.0,,,0.0,16968.0,16996.0,0.0,29.0,0.0,0.0,0.0,0.0,29.0,0.0,0.0,0.0,29.0,0.0,0.0,0.0,0.0,0.0,"solar2_v,lipo2_v"
2021-03-06T03:00:00Z,29.0,29.0,,,0.913,0.998,,,,,,,,,,,3.468,3.466,3.47,,,,225.0,0.0,0.0,,,,,373.931,364.0,386.0,,,0.0,16997.0,17025.0,0.0,29.0,0.0,0.0,0.0,0.0,29.0,0.0,0.0,0.0,29.0,0.0,0.0,0.0,0.0,0.0,"solar2_v,lipo2_v"
2021-03-06T04:00:00Z,30.0,30.0,,,0.848,0.923,,,,,,,,,,,3.464,3.461,3.466,,,,223.4,0.0,0.0,,,,,392.733,386.0,399.0,,,0.0,17026.0,17055.0,0.0,30.0,0.0,0.0,0.0,0.0,30.0,0.0,0.0,0.0,30.0,0.0,0.0,0.0,0.0,0.0,"solar2_v,lipo2_v"
2021-03-06T05:00:00Z,28.0,28.0,,,0.835,0.902,,,,,,,,,,,3.459,3.456,3.461,,,,222.5,0.0,0.0,,,,,405.429,399.0,410.0,,,0.0,17056.0,17084.0,0.0,28.0,0.0,0.0,0.0,0.0,28.0,0.0,0.0,0.0,28.0,0.0,0.0,0.0,0.0,0.0,"solar2_v,lipo2_v"
2021-03-06T06:00:00Z,30.0,30.0,,,0.878,1.313,,,,,,,,,,,3.455,3.451,3.456,,,,221.667,0.0,0.0,,,,,412.5,407.0,420.0,,,0.0,17085.0,17114.0,0.0,30.0,0.0,0.0,0.0,0.0,30.0,0.0,0.0,0.0,30.0,0.0,0.0,0.0,0.0,0.0,"solar2_v,lipo2_v"
2021-03-06T07:00:00Z,29.0,29.0,,,0.774,0.925,,,,,,,,,,,3.451,3.448,3.453,,,,222.448,0.0,0.0,,,,,406.931,395.0,415.0,,,0.0,17115.0,17143.0,0.0,29.0,0.0,0.0,0.0,0.0,29.0,0.0,0.0,0.0,29.0,0.0,0.0,0.0,0.0,0.0,"solar2_v,lipo2_v"
2021-03-06T08:00:00Z,29.0,29.0,,,0.69,0.759,,,,,,,,,,,3.448,3.446,3.448,,,,224.069,0.0,0.0,,,,,381.31,371.0,394.0,,,0.0,17144.0,17172.0,0.0,29.0,0.0,0.0,0.0,0.0,29.0,0.0,0.0,0.0,29.0,0.0,0.0,0.0,0.0,0.0,"solar2_v,lipo2_v"
2021-03-06T09:00:00Z,30.0,30.0,,,0.483,0.602,,,,,,,,,,,3.446,3.445,3.448,,,,226.667,0.0,0.0,,,,,359.7,346.0,370.0,,,0.0,17173.0,17202.0,0.0,30.0,0.0,0.0,0.0,0.0,30.0,0.0,0.0,0.0,30.0,0.0,0.0,0.0,0.0,0.0,"solar2_v,lipo2_v"
2021-03-06T10:00:00Z,29.0,29.0,,,0.011,0.324,,,,,,,,,,,3.443,3.44,3.445,,,,228.966,0.0,0.0,,,,,330.828,322.0,344.0,,,0.0,17203.0,17231.0,0.0,1.0,0.0,0.0,0.0,0.0,29.0,0.0,0.0,0.0,29.0,0.0,0.0,0.0,0.0,0.0,"solar2_v,lipo2_v"
2021-03-06T11:00:00Z,30.0,30.0,,,0.0,0.0,,,,,,,,,,,3.437,3.432,3.44,,,,230.233,0.0,0.0,,,,,315.833,313.0,321.0,,,0.0,17232.0,17261.0,0.0,0.0,0.0,0.0,0.0,0.0,30.0,0.0,0.0,0.0,30.0,0.0,0.0,0.0,0.0,0.0,"solar2_v,lipo2_v"
2021-03-06T12:00:00Z,29.0,29.0,,,0.0,0.0,,,,,,,,,,,3.431,3.428,3.435,,,,231.552,0.0,0.0,,,,,307.172,302.0,313.0,,,0.0,17262.0,17290.0,0.0,0.0,0.0,0.0,0.0,0.0,29.0,0.0,0.0,0.0,29.0,0.0,0.0,0.0,0.0,0.0,"solar2_v,lipo2_v"
2021-03-06T13:00:00Z,30.0,30.0,,,0.0,0.0,,,,,,,,,,,3.426,3.423,3.43,,,,231.8,0.0,0.0,,,,,301.0,301.0,301.0,,,0.0,17291.0,17320.0,0.0,0.0,0.0,0.0,0.0,0.0,30.0,0.0,0.0,0.0,30.0,0.0,0.0,0.0,0.0,0.0,"solar2_v,lipo2_v"
2021-03-06T14:00:00Z,29.0,29.0,,,0.0,0.0,,,,,,,,,,,3.421,3.418,3.423,,,,232.138,0.0,0.0,,,,,300.966,300.0,301.0,,,0.0,17321.0,17349.0,0.0,0.0,0.0,0.0,0.0,0.0,29.0,0.0,0.0,0.0,29.0,0.0,0.0,0.0,0.0,0.0,"solar2_v,lipo2_v"
2021-03-06T15:00:00Z,29.0,29.0,,,0.0,0.0,,,,,,,,,,,3.416,3.413,3.418,,,,232.379,0.0,0.0,,,,,300.207,299.0,301.0,,,0.0,17350.0,17378.0,0.0,0.0,0.0,0.0,0.0,0.0,29.0,0.0,0.0,0.0,29.0,0.0,0.0,0.0,0.0,0.0,"solar2_v,lipo2_v"
2021-03-06T16:00:00Z,30.0,30.0,,,0.0,0.0,,,,,,,,,,,3.41,3.407,3.413,,,,232.533,0.0,0.0,,,,,300.2,298.0,301.0,,,0.0,17379.0,17408.0,0.0,0.0,0.0,0.0,0.0,0.0,30.0,0.0,0.0,0.0,30.0,0.0,0.0,0.0,0.0,0.0,"solar2_v,lipo2_v"
2021-03-06T17:00:00Z,29.0,29.0,,,0.0,0.0,,,,,,,,,,,3.403,3.4,3.407,,,,232.621,0.0,0.0,,,,,295.724,294.0,297.0,,,0.0,17409.0,17437.0,0.0,0.0,0.0,0.0,0.0,0.0,29.0,0.0,0.0,0.0,29.0,0.0,0.0,0.0,0.0,0.0,"solar2_v,lipo2_v"
2021-03-06T18:00:00Z,30.0,30.0,,,0.0,0.0,,,,,,,,,,,3.398,3.395,3.402,,,,232.933,0.0,0.0,,,,,292.4,290.0,296.0,,,0.0,17438.0,17467.0,0.0,0.0,0.0,0.0,0.0,0.0,30.0,0.0,0.0,0.0,30.0,0.0,0.0,0.0,0.0,0.0,"solar2_v,lipo2_v"
2021-03-06T19:00:00Z,29.0,29.0,,,0.0,0.0,,,,,,,,,,,3.394,3.394,3.395,,,,233.621,0.0,0.0,,,,,286.241,284.0,289.0,,,0.0,17468.0,17496.0,0.0,0.0,0.0,0.0,0.0,0.0,29.0,0.0,0.0,0.0,29.0,0.0,0.0,0.0,0.0,0.0,"solar2_v,lipo2_v"
2021-03-06T20:00:00Z,30.0,30.0,,,0.0,0.0,,,,,,,,,,,3.391,3.387,3.394,,,,233.9,0.0,0.0,,,,,283.767,281.0,286.0,,,0.0,17497.0,17526.0,0.0,0.0,0.0,0.0,0.0,0.0,30.0,0.0,0.0,0.0,30.0,0.0,0.0,0.0,0.0,0.0,"solar2_v,lipo2_v"
2021-03-06T21:00:00Z,29.0,29.0,,,0.0,0.0,,,,,,,,,,,3.384,3.38,3.389,,,,233.828,0.0,0.0,,,,,279.897,279.0,281.0,,,0.0,17527.0,17555.0,0.0,0.0,0.0,0.0,0.0,0.0,29.0,0.0,0.0,0.0,29.0,0.0,0.0,0.0,0.0,0.0,"solar2_v,lipo2_v"
2021-03-06T22:00:00Z,29.0,29.0,,,0.0,0.0,,,,,,,,,,,3.377,3.372,3.38,,,,234.31,0.0,0.0,,,,,276.966,275.0,279.0,,,0.0,17556.0,17584.0,0.0,0.0,0.0,0.0,0.0,0.0,29.0,0.0,0.0,0.0,29.0,0.0,0.0,0.0,0.0,0.0,"solar2_v,lipo2_v"
2021-03-06T23:00:00Z,30.0,30.0,,,0.034,0.354,,,,,,,,,,,3.37,3.367,3.374,,,,234.4,0.0,0.0,,,,,278.933,277.0,286.0,,,0.0,17585.0,17614.0,0.0,3.0,0.0,0.0,0.0,0.0,30.0,0.0,0.0,0.0,30.0,0.0,0.0,0.0,0.0,0.0,"solar2_v,lipo2_v"
2021-03-07T00:00:00Z,29.0,29.0,,,0.534,0.656,,,,,,,,,,,3.365,3.359,3.369,,,,232.586,0.0,0.0,,,,,295.828,286.0,303.0,,,0.0,17615.0,17643.0,0.0,29.0,0.0,0.0,0.0,0.0,29.0,0.0,0.0,0.0,29.0,0.0,0.0,0.0,0.0,0.0,"solar2_v,lipo2_v"
2021-03-07T01:00:00Z,29.0,29.0,,,0.728,0.815,,,,,,,,,,,3.357,3.352,3.362,,,,230.069,0.0,0.0,,,,,317.483,304.0,331.0,,,0.0,17644.0,17672.0,0.0,29.0,0.0,0.0,0.0,0.0,29.0,0.0,0.0,0.0,29.0,0.0,0.0,0.0,0.0,0.0,"solar2_v,lipo2_v"
2021-03-07T02:00:00Z,30.0,30.0,,,0.816,0.869,,,,,,,,,,,3.349,3.344,3.354,,,,225.967,0.0,0.0,,,,,350.467,333.0,367.0,,,0.0,17673.0,17702.0,0.0,30.0,0.0,0.0,0.0,0.0,30.0,0.0,0.0,0.0,30.0,0.0,0.0,0.0,0.0,0.0,"solar2_v,lipo2_v"
2021-03-07T03:00:00Z,29.0,29.0,,,0.844,0.957,,,,,,,,,,,3.343,3.341,3.346,,,,221.931,0.0,0.0,,,,,377.448,367.0,388.0,,,0.0,17703.0,17731.0,0.0,29.0,0.0,0.0,0.0,0.0,29.0,0.0,0.0,0.0,29.0,0.0,0.0,0.0,0.0,0.0,"solar2_v,lipo2_v"
2021-03-07T04:00:00Z,30.0,30.0,,,0.832,1.051,,,,,,,,,,,3.339,3.333,3.341,,,,218.233,0.0,0.0,,,,,396.967,389.0,405.0,,,0.0,17732.0,17761.0,0.0,30.0,0.0,0.0,0.0,0.0,30.0,0.0,0.0,0.0,30.0,0.0,0.0,0.0,0.0,0.0,"solar2_v,lipo2_v"
2021-03-07T05:00:00Z,29.0,29.0,,,0.858,1.321,,,,,,,,,,,3.33,3.324,3.334,,,,216.207,0.0,0.0,,,,,407.552,406.0,410.0,,,0.0,17762.0,17790.0,0.0,29.0,0.0,0.0,0.0,0.0,29.0,0.0,0.0,0.0,29.0,0.0,0.0,0.0,0.0,0.0,"solar2_v,lipo2_v"
2021-03-07T06:00:00Z,30.0,30.0,,,0.869,1.323,,,,,,,,,,,3.321,3.316,3.326,,,,214.633,0.0,0.0,,,,,407.167,394.0,412.0,,,0.0,17791.0,17820.0,0.0,30.0,0.0,0.0,0.0,0.0,30.0,0.0,0.0,0.0,30.0,0.0,0.0,0.0,0.0,0.0,"solar2_v,lipo2_v"
2021-03-07T07:00:00Z,29.0,29.0,,,0.769,0.856,,,,,,,,,,,3.313,3.308,3.316,,,,215.31,0.0,0.0,,,,,392.69,380.0,399.0,,,0.0,17821.0,17849.0,0.0,29.0,0.0,0.0,0.0,0.0,29.0,0.0,0.0,0.0,29.0,0.0,0.0,0.0,0.0,0.0,"solar2_v,lipo2_v"
2021-03-07T08:00:00Z,29.0,29.0,,,0.746,0.811,,,,,,,,,,,3.305,3.298,3.31,,,,216.897,0.0,0.0,,,,,369.414,358.0,380.0,,,0.0,17850.0,17878.0,0.0,29.0,0.0,0.0,0.0,0.0,29.0,0.0,0.0,0.0,29.0,0.0,0.0,0.0,0.0,0.0,"solar2_v,lipo2_v"
2021-03-07T09:00:00Z,30.0,30.0,,,0.501,0.636,,,,,,,,,,,3.295,3.29,3.3,,,,217.5,0.0,0.0,,,,,347.367,335.0,358.0,,,0.0,17879.0,17908.0,0.0,30.0,0.0,0.0,0.0,0.0,30.0,0.0,0.0,0.0,30.0,0.0,0.0,0.0,0.0,0.0,"solar2_v,lipo2_v"
2021-03-07T10:00:00Z,29.0,29.0,,,0.034,0.341,,,,,,,,,,,3.287,3.283,3.29,,,,217.552,0.0,0.0,,,,,321.862,314.0,333.0,,,0.0,17909.0,17937.0,0.0,3.0,0.0,0.0,0.0,0.0,29.0,0.0,0.0,0.0,29.0,0.0,0.0,0.0,0.0,0.0,"solar2_v,lipo2_v"
2021-03-07T11:00:00Z,30.0,30.0,,,0.0,0.0,,,,,,,,,,,3.28,3.273,3.285,,,,217.2,0.0,0.0,,,,,306.533,301.0,314.0,,,0.0,17938.0,17967.0,0.0,0.0,0.0,0.0,0.0,0.0,30.0,0.0,0.0,0.0,30.0,0.0,0.0,0.0,0.0,0.0,"solar2_v,lipo2_v"
2021-03-07T12:00:00Z,29.0,29.0,,,0.0,0.0,,,,,,,,,,,3.268,3.263,3.273,,,,216.724,0.0,0.0,,,,,298.552,296.0,301.0,,,0.0,17968.0,17996.0,0.0,0.0,0.0,0.0,0.0,0.0,29.0,0.0,0.0,0.0,29.0,0.0,0.0,0.0,0.0,0.0,"solar2_v,lipo2_v"
2021-03-07T13:00:00Z,30.0,30.0,,,0.0,0.0,,,,,,,,,,,3.258,3.253,3.263,,,,214.533,0.0,0.0,,,,,295.933,295.0,297.0,,,0.0,17997.0,18026.0,0.0,0.0,0.0,0.0,0.0,0.0,30.0,0.0,0.0,0.0,30.0,0.0,0.0,0.0,0.0,0.0,"solar2_v,lipo2_v"
2021-03-07T14:00:00Z,29.0,29.0,,,0.0,0.0,,,,,,,,,,,3.247,3.24,3.255,,,,212.828,0.0,0.0,,,,,293.172,291.0,296.0,,,0.0,18027.0,18055.0,0.0,0.0,0.0,0.0,0.0,0.0,29.0,0.0,0.0,0.0,29.0,0.0,0.0,0.0,0.0,0.0,"solar2_v,lipo2_v"
2021-03-07T15:00:00Z,29.0,29.0,,,0.0,0.0,,,,,,,,,,,3.237,3.235,3.242,,,,210.414,0.0,0.0,,,,,295.759,293.0,300.0,,,0.0,18056.0,18084.0,0.0,0.0,0.0,0.0,0.0,0.0,29.0,0.0,0.0,0.0,29.0,0.0,0.0,0.0,0.0,0.0,"solar2_v,lipo2_v"
2021-03-07T16:00:00Z,30.0,30.0,,,0.0,0.0,,,,,,,,,,,3.229,3.222,3.234,,,,207.833,0.0,0.0,,,,,297.167,295.0,300.0,,,0.0,18085.0,18114.0,0.0,0.0,0.0,0.0,0.0,0.0,30.0,0.0,0.0,0.0,30.0,0.0,0.0,0.0,0.0,0.0,"solar2_v,lipo2_v"
2021-03-07T17:00:00Z,29.0,29.0,,,0.0,0.0,,,,,,,,,,,3.215,3.209,3.22,,,,206.586,0.0,0.0,,,,,292.379,287.0,296.0,,,0.0,18115.0,18143.0,0.0,0.0,0.0,0.0,0.0,0.0,29.0,0.0,0.0,0.0,29.0,0.0,0.0,0.0,0.0,0.0,"solar2_v,lipo2_v"
2021-03-07T18:00:00Z,30.0,30.0,,,0.0,0.0,,,,,,,,,,,3.202,3.194,3.209,,,,204.6,0.0,0.0,,,,,286.567,285.0,288.0,,,0.0,18144.0,18173.0,0.0,0.0,0.0,0.0,0.0,0.0,30.0,0.0,0.0,0.0,30.0,0.0,0.0,0.0,0.0,0.0,"solar2_v,lipo2_v"
2021-03-07T19:00:00Z,29.0,29.0,,,0.0,0.0,,,,,,,,,,,3.188,3.184,3.194,,,,202.586,0.0,0.0,,,,,281.138,278.0,285.0,,,0.0,18174.0,18202.0,0.0,0.0,0.0,0.0,0.0,0.0,29.0,0.0,0.0,0.0,29.0,0.0,0.0,0.0,0.0,0.0,"solar2_v,lipo2_v"
2021-03-07T20:00:00Z,30.0,30.0,,,0.0,0.0,,,,,,,,,,,3.179,3.173,3.184,,,,199.8,0.0,0.0,,,,,280.067,277.0,281.0,,,0.0,18203.0,18232.0,0.0,0.0,0.0,0.0,0.0,0.0,30.0,0.0,0.0,0.0,30.0,0.0,0.0,0.0,0.0,0.0,"solar2_v,lipo2_v"
2021-03-07T21:00:00Z,29.0,29.0,,,0.0,0.0,,,,,,,,,,,3.155,3.135,3.173,,,,193.172,0.0,0.0,,,,,274.828,273.0,277.0,,,0.0,1.0,18248.0,0.0,0.0,0.0,0.0,0.0,0.0,29.0,0.0,0.0,0.0,29.0,0.0,0.0,0.0,0.0,0.0,"solar2_v,lipo2_v"
2021-03-07T22:00:00Z,29.0,29.0,,,0.0,0.0,,,,,,,,,,,3.126,3.116,3.133,,,,184.276,0.0,0.0,,,,,271.828,270.0,273.0,,,0.0,1.0,1.0,0.0,0.0,0.0,0.0,0.0,0.0,29.0,0.0,0.0,0.0,29.0,0.0,0.0,0.0,0.0,0.0,"solar2_v,lipo2_v"
2021-03-07T23:00:00Z,29.0,29.0,,,0.0,0.0,,,,,,,,,,,3.103,3.09,3.113,,,,181.0,0.0,0.0,,,,,270.31,268.0,273.0,,,0.0,1.0,1.0,0.0,0.0,0.0,0.0,0.0,0.0,29.0,0.0,0.0,0.0,29.0,0.0,0.0,0.0,0.0,0.0,"solar2_v,lipo2_v"
2021-03-08T00:00:00Z,29.0,29.0,,,0.372,0.649,,,,,,,,,,,3.079,3.069,3.088,,,,175.379,0.0,0.0,,,,,280.414,273.0,290.0,,,0.0,1.0,1.0,0.0,22.0,0.0,0.0,0.0,0.0,29.0,0.0,0.0,0.0,29.0,0.0,0.0,0.0,0.0,0.0,"solar2_v,lipo2_v"
2021-03-08T01:00:00Z,30.0,30.0,,,0.695,0.767,,,,,,,,,,,3.052,3.036,3.067,,,,165.633,0.0,0.0,,,,,312.333,291.0,330.0,,,0.0,1.0,1.0,0.0,30.0,0.0,0.0,0.0,0.0,30.0,0.0,0.0,0.0,30.0,0.0,0.0,0.0,0.0,0.0,"solar2_v,lipo2_v"
2021-03-08T02:00:00Z,29.0,29.0,,,0.802,0.897,,,,,,,,,,,3.022,3.006,3.034,,,,157.586,0.0,0.0,,,,,564.862,332.0,659.0,,,0.0,1.0,1.0,0.0,29.0,0.0,0.0,0.0,0.0,29.0,0.0,0.0,0.0,29.0,0.0,0.0,0.0,0.0,0.0,"solar2_v,lipo2_v"
2021-03-08T03:00:00Z,29.0,29.0,,,0.779,0.91,,,,,,,,,,,2.986,2.97,3.006,,,,155.103,0.0,0.0,,,,,668.241,659.0,672.0,,,0.0,1.0,1.0,0.0,29.0,0.0,0.0,0.0,0.0,29.0,0.0,0.0,0.0,29.0,0.0,0.0,0.0,0.0,0.0,"solar2_v,lipo2_v"
2021-03-08T04:00:00Z,29.0,29.0,,,0.801,0.841,,,,,,,,,,,2.944,2.92,2.966,,,,155.0,0.0,0.0,,,,,672.0,672.0,672.0,,,0.0,1.0,1.0,0.0,29.0,0.0,0.0,0.0,0.0,29.0,0.0,0.0,0.0,29.0,0.0,0.0,0.0,0.0,0.0,"solar2_v,lipo2_v"
2021-03-08T05:00:00Z,3.0,3.0,,,0.813,0.815,,,,,,,,,,,2.918,2.917,2.92,,,,155.0,0.0,0.0,,,,,672.0,672.0,672.0,,,0.0,1.0,1.0,0.0,3.0,0.0,0.0,0.0,0.0,3.0,0.0,0.0,0.0,3.0,0.0,0.0,0.0,0.0,0.0,"solar2_v,lipo2_v"
2021-04-07T21:00:00Z,20.0,20.0,,,0.0,0.0,,,,,,,,,,,3.548,2.574,3.795,,,,232.75,0.0,0.0,,,,,328.45,301.0,340.0,,,0.0,1.0,20.0,0.0,0.0,0.0,0.0,0.0,0.0,20.0,0.0,0.0,0.0,20.0,0.0,0.0,0.0,0.0,0.0,"solar2_v,lipo2_v"
2021-04-07T22:00:00Z,30.0,30.0,,,0.0,0.0,,,,,,,,,,,3.96,3.808,4.06,,,,226.067,0.0,0.0,,,,,340.6,340.0,342.0,,,0.0,21.0,50.0,0.0,0.0,0.0,0.0,0.0,0.0,30.0,0.0,0.0,0.0,30.0,0.0,0.0,0.0,0.0,0.0,"solar2_v,lipo2_v"
2021-04-07T23:00:00Z,29.0,29.0,,,0.0,0.0,,,,,,,,,,,4.112,4.065,4.136,,,,231.966,0.0,0.0,,,,,337.966,334.0,340.0,,,0.0,51.0,79.0,0.0,0.0,0.0,0.0,0.0,0.0,29.0,0.0,0.0,0.0,29.0,0.0,0.0,0.0,0.0,0.0,"solar2_v,lipo2_v"
2021-04-08T00:00:00Z,30.0,30.0,,,0.0,0.0,,,,,,,,,,,4.152,4.138,4.166,,,,239.633,0.0,0.0,,,,,330.767,328.0,334.0,,,0.0,80.0,109.0,0.0,0.0,0.0,0.0,0.0,0.0,30.0,0.0,0.0,0.0,30.0,0.0,0.0,0.0,0.0,0.0,"solar2_v,lipo2_v"
2021-04-08T01:00:00Z,29.0,29.0,,,0.0,0.0,,,,,,,,,,,4.178,4.168,4.186,,,,230.552,0.0,0.0,,,,,326.828,326.0,328.0,,,0.0,110.0,138.0,0.0,0.0,0.0,0.0,0.0,0.0,29.0,0.0,0.0,0.0,29.0,0.0,0.0,0.0,0.0,0.0,"solar2_v,lipo2_v"
2021-04-08T02:00:00Z,30.0,30.0,,,0.0,0.0,,,,,,,,,,,4.171,4.158,4.187,,,,231.933,0.0,0.0,,,,,322.867,320.0,326.0,,,0.0,139.0,168.0,0.0,0.0,0.0,0.0,0.0,0.0,30.0,0.0,0.0,0.0,30.0,0.0,0.0,0.0,0.0,0.0,"solar2_v,lipo2_v"
2021-04-08T03:00:00Z,29.0,29.0,,,0.0,0.0,,,,,,,,,,,4.152,4.146,4.158,,,,238.172,0.0,0.0,,,,,318.552,318.0,319.0,,,0.0,169.0,197.0,0.0,0.0,0.0,0.0,0.0,0.0,29.0,0.0,0.0,0.0,29.0,0.0,0.0,0.0,0.0,0.0,"solar2_v,lipo2_v"
2021-04-08T04:00:00Z,30.0,30.0,,,0.0,0.0,,,,,,,,,,,4.144,4.141,4.146,,,,232.533,0.0,0.0,,,,,319.067,318.0,320.0,,,0.0,198.0,227.0,0.0,0.0,0.0,0.0,0.0,0.0,30.0,0.0,0.0,0.0,30.0,0.0,0.0,0.0,0.0,0.0,"solar2_v,lipo2_v"
2021-04-08T05:00:00Z,29.0,29.0,,,0.0,0.0,,,,,,,,,,,4.141,4.138,4.144,,,,240.586,0.0,0.0,,,,,318.517,318.0,320.0,,,0.0,228.0,256.0,0.0,0.0,0.0,0.0,0.0,0.0,29.0,0.0,0.0,0.0,29.0,0.0,0.0,0.0,0.0,0.0,"solar2_v,lipo2_v"
2021-04-08T06:00:00Z,30.0,30.0,,,0.0,0.0,,,,,,,,,,,4.139,4.138,4.141,,,,242.767,0.0,0.0,,,,,319.067,318.0,320.0,,,0.0,257.0,286.0,0.0,0.0,0.0,0.0,0.0,0.0,30.0,0.0,0.0,0.0,30.0,0.0,0.0,0.0,0.0,0.0,"solar2_v,lipo2_v"
2021-04-08T07:00:00Z,28.0,28.0,,,0.0,0.0,,,,,,,,,,,4.136,4.131,4.141,,,,240.857,0.0,0.0,,,,,315.893,307.0,318.0,,,0.0,287.0,315.0,0.0,0.0,0.0,0.0,0.0,0.0,28.0,0.0,0.0,0.0,28.0,0.0,0.0,0.0,0.0,0.0,"solar2_v,lipo2_v"
2021-04-08T08:00:00Z,29.0,29.0,,,0.0,0.0,,,,,,,,,,,4.13,4.126,4.131,,,,231.241,0.0,0.0,,,,,312.31,308.0,314.0,,,0.0,316.0,345.0,0.0,0.0,0.0,0.0,0.0,0.0,29.0,0.0,0.0,0.0,29.0,0.0,0.0,0.0,0.0,0.0,"solar2_v,lipo2_v"
2021-04-08T09:00:00Z,29.0,29.0,,,0.0,0.0,,,,,,,,,,,4.128,4.125,4.13,,,,229.897,0.0,0.0,,,,,313.034,311.0,314.0,,,0.0,346.0,374.0,0.0,0.0,0.0,0.0,0.0,0.0,29.0,0.0,0.0,0.0,29.0,0.0,0.0,0.0,0.0,0.0,"solar2_v,lipo2_v"
2021-04-08T10:00:00Z,29.0,29.0,,,0.0,0.0,,,,,,,,,,,4.125,4.123,4.126,,,,230.793,0.0,0.0,,,,,309.897,307.0,312.0,,,0.0,375.0,403.0,0.0,0.0,0.0,0.0,0.0,0.0,29.0,0.0,0.0,0.0,29.0,0.0,0.0,0.0,0.0,0.0,"solar2_v,lipo2_v"
2021-04-08T11:00:00Z,30.0,30.0,,,0.0,0.0,,,,,,,,,,,4.122,4.12,4.125,,,,230.967,0.0,0.0,,,,,311.7,311.0,313.0,,,0.0,404.0,433.0,0.0,0.0,0.0,0.0,0.0,0.0,30.0,0.0,0.0,0.0,30.0,0.0,0.0,0.0,0.0,0.0,"solar2_v,lipo2_v"
2021-04-08T12:00:00Z,28.0,28.0,,,0.0,0.0,,,,,,,,,,,4.12,4.118,4.123,,,,230.964,0.0,0.0,,,,,312.964,312.0,313.0,,,0.0,434.0,462.0,0.0,0.0,0.0,0.0,0.0,0.0,28.0,0.0,0.0,0.0,28.0,0.0,0.0,0.0,0.0,0.0,"solar2_v,lipo2_v"
2021-04-08T13:00:00Z,28.0,28.0,,,0.0,0.0,,,,,,,,,,,4.117,4.115,4.12,,,,230.857,0.0,0.0,,,,,313.036,313.0,314.0,,,0.0,463.0,491.0,0.0,0.0,0.0,0.0,0.0,0.0,28.0,0.0,0.0,0.0,28.0,0.0,0.0,0.0,0.0,0.0,"solar2_v,lipo2_v"
2021-04-08T14:00:00Z,26.0,26.0,,,0.0,0.0,,,,,,,,,,,4.115,4.113,4.116,,,,230.538,0.0,0.0,,,,,313.308,313.0,314.0,,,0.0,494.0,521.0,0.0,0.0,0.0,0.0,0.0,0.0,26.0,0.0,0.0,0.0,26.0,0.0,0.0,0.0,0.0,0.0,"solar2_v,lipo2_v"
2021-04-08T15:00:00Z,27.0,27.0,,,0.0,0.0,,,,,,,,,,,4.111,4.108,4.115,,,,231.407,0.0,0.0,,,,,310.704,308.0,314.0,,,0.0,522.0,550.0,0.0,0.0,0.0,0.0,0.0,0.0,27.0,0.0,0.0,0.0,27.0,0.0,0.0,0.0,0.0,0.0,"solar2_v,lipo2_v"
2021-04-08T16:00:00Z,29.0,29.0,,,0.0,0.0,,,,,,,,,,,4.11,4.106,4.113,,,,232.345,0.0,0.0,,,,,307.759,307.0,309.0,,,0.0,551.0,579.0,0.0,0.0,0.0,0.0,0.0,0.0,29.0,0.0,0.0,0.0,29.0,0.0,0.0,0.0,0.0,0.0,"solar2_v,lipo2_v"
2021-04-08T17:00:00Z,30.0,30.0,,,0.0,0.0,,,,,,,,,,,4.108,4.106,4.11,,,,233.633,0.0,0.0,,,,,306.567,306.0,307.0,,,0.0,580.0,609.0,0.0,0.0,0.0,0.0,0.0,0.0,30.0,0.0,0.0,0.0,30.0,0.0,0.0,0.0,0.0,0.0,"solar2_v,lipo2_v"
2021-04-08T18:00:00Z,29.0,29.0,,,0.0,0.0,,,,,,,,,,,4.106,4.106,4.108,,,,232.414,0.0,0.0,,,,,306.0,306.0,306.0,,,0.0,610.0,638.0,0.0,0.0,0.0,0.0,0.0,0.0,29.0,0.0,0.0,0.0,29.0,0.0,0.0,0.0,0.0,0.0,"solar2_v,lipo2_v"
2021-04-08T19:00:00Z,30.0,30.0,,,0.0,0.0,,,,,,,,,,,4.106,4.105,4.106,,,,230.7,0.0,0.0,,,,,305.867,305.0,306.0,,,0.0,639.0,668.0,0.0,0.0,0.0,0.0,0.0,0.0,30.0,0.0,0.0,0.0,30.0,0.0,0.0,0.0,0.0,0.0,"solar2_v,lipo2_v"
2021-04-08T20:00:00Z,29.0,29.0,,,0.0,0.0,,,,,,,,,,,4.105,4.105,4.106,,,,232.655,0.0,0.0,,,,,305.517,305.0,306.0,,,0.0,669.0,697.0,0.0,0.0,0.0,0.0,0.0,0.0,29.0,0.0,0.0,0.0,29.0,0.0,0.0,0.0,0.0,0.0,"solar2_v,lipo2_v"
2021-04-08T21:00:00Z,29.0,29.0,,,0.0,0.0,,,,,,,,,,,4.105,4.103,4.106,,,,233.655,0.0,0.0,,,,,305.034,304.0,306.0,,,0.0,698.0,726.0,0.0,0.0,0.0,0.0,0.0,0.0,29.0,0.0,0.0,0.0,29.0,0.0,0.0,0.0,0.0,0.0,"solar2_v,lipo2_v"
2021-04-08T22:00:00Z,30.0,30.0,,,0.0,0.0,,,,,,,,,,,4.104,4.102,4.105,,,,231.133,0.0,0.0,,,,,304.067,303.0,305.0,,,0.0,727.0,756.0,0.0,0.0,0.0,0.0,0.0,0.0,30.0,0.0,0.0,0.0,30.0,0.0,0.0,0.0,0.0,0.0,"solar2_v,lipo2_v"
2021-04-08T23:00:00Z,29.0,29.0,,,0.0,0.0,,,,,,,,,,,4.103,4.1,4.105,,,,232.379,0.0,0.0,,,,,303.897,303.0,304.0,,,0.0,757.0,785.0,0.0,0.0,0.0,0.0,0.0,0.0,29.0,0.0,0.0,0.0,29.0,0.0,0.0,0.0,0.0,0.0,"solar2_v,lipo2_v"
2021-04-09T00:00:00Z,30.0,30.0,,,0.0,0.0,,,,,,,,,,,4.101,4.098,4.103,,,,231.033,0.0,0.0,,,,,305.167,304.0,306.0,,,0.0,786.0,815.0,0.0,0.0,0.0,0.0,0.0,0.0,30.0,0.0,0.0,0.0,30.0,0.0,0.0,0.0,0.0,0.0,"solar2_v,lipo2_v"
2021-04-09T01:00:00Z,29.0,29.0,,,0.0,0.0,,,,,,,,,,,4.1,4.095,4.103,,,,231.138,0.0,0.0,,,,,306.103,306.0,307.0,,,0.0,816.0,844.0,0.0,0.0,0.0,0.0,0.0,0.0,29.0,0.0,0.0,0.0,29.0,0.0,0.0,0.0,0.0,0.0,"solar2_v,lipo2_v"
2021-04-09T02:00:00Z,30.0,30.0,,,0.0,0.0,,,,,,,,,,,4.098,4.095,4.102,,,,230.733,0.0,0.0,,,,,307.8,306.0,310.0,,,0.0,845.0,874.0,0.0,0.0,0.0,0.0,0.0,0.0,30.0,0.0,0.0,0.0,30.0,0.0,0.0,0.0,0.0,0.0,"solar2_v,lipo2_v"
2021-04-09T03:00:00Z,29.0,29.0,,,0.0,0.0,,,,,,,,,,,4.097,4.093,4.098,,,,229.448,0.0,0.0,,,,,310.862,310.0,312.0,,,0.0,875.0,903.0,0.0,0.0,0.0,0.0,0.0,0.0,29.0,0.0,0.0,0.0,29.0,0.0,0.0,0.0,0.0,0.0,"solar2_v,lipo2_v"
2021-04-09T04:00:00Z,28.0,28.0,,,0.0,0.0,,,,,,,,,,,4.095,4.092,4.098,,,,229.857,0.0,0.0,,,,,312.464,311.0,314.0,,,0.0,904.0,932.0,0.0,0.0,0.0,0.0,0.0,0.0,28.0,0.0,0.0,0.0,28.0,0.0,0.0,0.0,0.0,0.0,"solar2_v,lipo2_v"
2021-04-09T05:00:00Z,30.0,30.0,,,0.0,0.0,,,,,,,,,,,4.093,4.09,4.095,,,,229.267,0.0,0.0,,,,,312.0,311.0,313.0,,,0.0,933.0,962.0,0.0,0.0,0.0,0.0,0.0,0.0,30.0,0.0,0.0,0.0,30.0,0.0,0.0,0.0,0.0,0.0,"solar2_v,lipo2_v"
2021-04-09T06:00:00Z,29.0,29.0,,,0.0,0.0,,,,,,,,,,,4.092,4.09,4.093,,,,231.276,0.0,0.0,,,,,312.897,312.0,313.0,,,0.0,963.0,991.0,0.0,0.0,0.0,0.0,0.0,0.0,29.0,0.0,0.0,0.0,29.0,0.0,0.0,0.0,0.0,0.0,"solar2_v,lipo2_v"
2021-04-09T07:00:00Z,30.0,30.0,,,0.0,0.0,,,,,,,,,,,4.091,4.09,4.093,,,,231.967,0.0,0.0,,,,,312.5,312.0,313.0,,,0.0,992.0,1021.0,0.0,0.0,0.0,0.0,0.0,0.0,30.0,0.0,0.0,0.0,30.0,0.0,0.0,0.0,0.0,0.0,"solar2_v,lipo2_v"
2021-04-09T08:00:00Z,29.0,29.0,,,0.0,0.0,,,,,,,,,,,4.089,4.088,4.092,,,,232.759,0.0,0.0,,,,,313.034,313.0,314.0,,,0.0,1022.0,1050.0,0.0,0.0,0.0,0.0,0.0,0.0,29.0,0.0,0.0,0.0,29.0,0.0,0.0,0.0,0.0,0.0,"solar2_v,lipo2_v"
2021-04-09T09:00:00Z,30.0,30.0,,,0.0,0.0,,,,,,,,,,,4.088,4.087,4.09,,,,233.0,0.0,0.0,,,,,313.0,313.0,313.0,,,0.0,1051.0,1080.0,0.0,0.0,0.0,0.0,0.0,0.0,30.0,0.0,0.0,0.0,30.0,0.0,0.0,0.0,0.0,0.0,"solar2_v,lipo2_v"
2021-04-09T10:00:00Z,29.0,29.0,,,0.0,0.0,,,,,,,,,,,4.088,4.087,4.09,,,,231.862,0.0,0.0,,,,,312.966,312.0,313.0,,,0.0,1081.0,1109.0,0.0,0.0,0.0,0.0,0.0,0.0,29.0,0.0,0.0,0.0,29.0,0.0,0.0,0.0,0.0,0.0,"solar2_v,lipo2_v"
2021-04-09T11:00:00Z,29.0,29.0,,,0.0,0.0,,,,,,,,,,,4.086,4.085,4.087,,,,231.379,0.0,0.0,,,,,312.276,311.0,313.0,,,0.0,1110.0,1139.0,0.0,0.0,0.0,0.0,0.0,0.0,29.0,0.0,0.0,0.0,29.0,0.0,0.0,0.0,0.0,0.0,"solar2_v,lipo2_v"
2021-04-09T12:00:00Z,29.0,29.0,,,0.0,0.0,,,,,,,,,,,4.085,4.083,4.087,,,,230.966,0.0,0.0,,,,,312.621,312.0,313.0,,,0.0,1140.0,1168.0,0.0,0.0,0.0,0.0,0.0,0.0,29.0,0.0,0.0,0.0,29.0,0.0,0.0,0.0,0.0,0.0,"solar2_v,lipo2_v"
2021-04-09T13:00:00Z,26.0,26.0,,,0.0,0.0,,,,,,,,,,,4.083,4.082,4.085,,,,231.615,0.0,0.0,,,,,313.115,313.0,314.0,,,0.0,1169.0,1197.0,0.0,0.0,0.0,0.0,0.0,0.0,26.0,0.0,0.0,0.0,26.0,0.0,0.0,0.0,0.0,0.0,"solar2_v,lipo2_v"
2021-04-09T14:00:00Z,28.0,28.0,,,0.0,0.0,,,,,,,,,,,4.082,4.08,4.083,,,,232.5,0.0,0.0,,,,,294.821,285.0,314.0,,,0.0,1198.0,1226.0,0.0,0.0,0.0,0.0,0.0,0.0,28.0,0.0,0.0,0.0,28.0,0.0,0.0,0.0,0.0,0.0,"solar2_v,lipo2_v"
2021-04-09T15:00:00Z,29.0,29.0,,,0.0,0.0,,,,,,,,,,,4.081,4.08,4.082,,,,233.69,0.0,0.0,,,,,287.31,280.0,296.0,,,0.0,1227.0,1255.0,0.0,0.0,0.0,0.0,0.0,0.0,29.0,0.0,0.0,0.0,29.0,0.0,0.0,0.0,0.0,0.0,"solar2_v,lipo2_v"
2021-04-09T16:00:00Z,30.0,30.0,,,0.0,0.0,,,,,,,,,,,4.08,4.08,4.082,,,,231.833,0.0,0.0,,,,,300.067,297.0,301.0,,,0.0,1256.0,1285.0,0.0,0.0,0.0,0.0,0.0,0.0,30.0,0.0,0.0,0.0,30.0,0.0,0.0,0.0,0.0,0.0,"solar2_v,lipo2_v"
2021-04-09T17:00:00Z,29.0,29.0,,,0.0,0.0,,,,,,,,,,,4.08,4.08,4.082,,,,231.621,0.0,0.0,,,,,301.0,301.0,301.0,,,0.0,1286.0,1314.0,0.0,0.0,0.0,0.0,0.0,0.0,29.0,0.0,0.0,0.0,29.0,0.0,0.0,0.0,0.0,0.0,"solar2_v,lipo2_v"
2021-04-09T18:00:00Z,30.0,30.0,,,0.0,0.0,,,,,,,,,,,4.08,4.078,4.08,,,,230.367,0.0,0.0,,,,,301.0,301.0,301.0,,,0.0,1315.0,1344.0,0.0,0.0,0.0,0.0,0.0,0.0,30.0,0.0,0.0,0.0,30.0,0.0,0.0,0.0,0.0,0.0,"solar2_v,lipo2_v"
2021-04-09T19:00:00Z,29.0,29.0,,,0.0,0.0,,,,,,,,,,,4.079,4.078,4.08,,,,232.207,0.0,0.0,,,,,301.0,301.0,301.0,,,0.0,1345.0,1373.0,0.0,0.0,0.0,0.0,0.0,0.0,29.0,0.0,0.0,0.0,29.0,0.0,0.0,0.0,0.0,0.0,"solar2_v,lipo2_v"
2021-04-09T20:00:00Z,30.0,30.0,,,0.0,0.0,,,,,,,,,,,4.079,4.078,4.08,,,,231.8,0.0,0.0,,,,,301.0,301.0,301.0,,,0.0,1374.0,1403.0,0.0,0.0,0.0,0.0,0.0,0.0,30.0,0.0,0.0,0.0,30.0,0.0,0.0,0.0,0.0,0.0,"solar2_v,lipo2_v"
2021-04-09T21:00:00Z,29.0,29.0,,,0.0,0.0,,,,,,,,,,,4.078,4.078,4.08,,,,231.724,0.0,0.0,,,,,301.0,301.0,301.0,,,0.0,1404.0,1432.0,0.0,0.0,0.0,0.0,0.0,0.0,29.0,0.0,0.0,0.0,29.0,0.0,0.0,0.0,0.0,0.0,"solar2_v,lipo2_v"
2021-04-09T22:00:00Z,30.0,30.0,,,0.0,0.0,,,,,,,,,,,4.078,4.075,4.078,,,,231.733,0.0,0.0,,,,,301.0,301.0,301.0,,,0.0,1433.0,1462.0,0.0,0.0,0.0,0.0,0.0,0.0,30.0,0.0,0.0,0.0,30.0,0.0,0.0,0.0,0.0,0.0,"solar2_v,lipo2_v"
2021-04-09T23:00:00Z,29.0,29.0,,,0.0,0.0,,,,,,,,,,,4.077,4.075,4.078,,,,231.138,0.0,0.0,,,,,301.0,301.0,301.0,,,0.0,1463.0,1491.0,0.0,0.0,0.0,0.0,0.0,0.0,29.0,0.0,0.0,0.0,29.0,0.0,0.0,0.0,0.0,0.0,"solar2_v,lipo2_v"
2021-04-10T00:00:00Z,29.0,29.0,,,0.0,0.0,,,,,,,,,,,4.077,4.075,4.078,,,,231.517,0.0,0.0,,,,,302.655,301.0,304.0,,,0.0,1492.0,1520.0,0.0,0.0,0.0,0.0,0.0,0.0,29.0,0.0,0.0,0.0,29.0,0.0,0.0,0.0,0.0,0.0,"solar2_v,lipo2_v"
2021-04-10T01:00:00Z,30.0,30.0,,,0.0,0.0,,,,,,,,,,,4.076,4.073,4.078,,,,231.533,0.0,0.0,,,,,304.867,304.0,306.0,,,0.0,1521.0,1550.0,0.0,0.0,0.0,0.0,0.0,0.0,30.0,0.0,0.0,0.0,30.0,0.0,0.0,0.0,0.0,0.0,"solar2_v,lipo2_v"
2021-04-10T02:00:00Z,29.0,29.0,,,0.0,0.0,,,,,,,,,,,4.074,4.073,4.077,,,,232.966,0.0,0.0,,,,,297.931,286.0,306.0,,,0.0,1551.0,1579.0,0.0,0.0,0.0,0.0,0.0,0.0,29.0,0.0,0.0,0.0,29.0,0.0,0.0,0.0,0.0,0.0,"solar2_v,lipo2_v"
2021-04-10T03:00:00Z,30.0,30.0,,,0.0,0.0,,,,,,,,,,,4.073,4.07,4.075,,,,233.9,0.0,0.0,,,,,284.233,280.0,292.0,,,0.0,1580.0,1609.0,0.0,0.0,0.0,0.0,0.0,0.0,30.0,0.0,0.0,0.0,30.0,0.0,0.0,0.0,0.0,0.0,"solar2_v,lipo2_v"
2021-04-10T04:00:00Z,29.0,29.0,,,0.0,0.0,,,,,,,,,,,4.073,4.072,4.075,,,,232.862,0.0,0.0,,,,,299.448,293.0,302.0,,,0.0,1610.0,1638.0,0.0,0.0,0.0,0.0,0.0,0.0,29.0,0.0,0.0,0.0,29.0,0.0,0.0,0.0,0.0,0.0,"solar2_v,lipo2_v"
2021-04-10T05:00:00Z,29.0,29.0,,,0.0,0.0,,,,,,,,,,,4.073,4.072,4.073,,,,231.172,0.0,0.0,,,,,304.862,302.0,308.0,,,0.0,1639.0,1667.0,0.0,0.0,0.0,0.0,0.0,0.0,29.0,0.0,0.0,0.0,29.0,0.0,0.0,0.0,0.0,0.0,"solar2_v,lipo2_v"
2021-04-10T06:00:00Z,30.0,30.0,,,0.0,0.0,,,,,,,,,,,4.071,4.069,4.073,,,,230.367,0.0,0.0,,,,,309.533,307.0,312.0,,,0.0,1668.0,1697.0,0.0,0.0,0.0,0.0,0.0,0.0,30.0,0.0,0.0,0.0,30.0,0.0,0.0,0.0,0.0,0.0,"solar2_v,lipo2_v"
2021-04-10T07:00:00Z,28.0,28.0,,,0.0,0.0,,,,,,,,,,,4.07,4.067,4.072,,,,230.75,0.0,0.0,,,,,312.107,311.0,313.0,,,0.0,1698.0,1726.0,0.0,0.0,0.0,0.0,0.0,0.0,28.0,0.0,0.0,0.0,28.0,0.0,0.0,0.0,0.0,0.0,"solar2_v,lipo2_v"
2021-04-10T08:00:00Z,29.0,29.0,,,0.0,0.0,,,,,,,,,,,4.069,4.067,4.072,,,,230.621,0.0,0.0,,,,,309.621,298.0,313.0,,,0.0,1727.0,1755.0,0.0,0.0,0.0,0.0,0.0,0.0,29.0,0.0,0.0,0.0,29.0,0.0,0.0,0.0,0.0,0.0,"solar2_v,lipo2_v"
2021-04-10T09:00:00Z,30.0,30.0,,,0.0,0.0,,,,,,,,,,,4.067,4.064,4.07,,,,232.833,0.0,0.0,,,,,288.1,281.0,296.0,,,0.0,1756.0,1785.0,0.0,0.0,0.0,0.0,0.0,0.0,30.0,0.0,0.0,0.0,30.0,0.0,0.0,0.0,0.0,0.0,"solar2_v,lipo2_v"
2021-04-10T10:00:00Z,29.0,29.0,,,0.0,0.0,,,,,,,,,,,4.065,4.065,4.067,,,,233.172,0.0,0.0,,,,,280.655,277.0,288.0,,,0.0,1786.0,1814.0,0.0,0.0,0.0,0.0,0.0,0.0,29.0,0.0,0.0,0.0,29.0,0.0,0.0,0.0,0.0,0.0,"solar2_v,lipo2_v"
2021-04-10T11:00:00Z,28.0,28.0,,,0.0,0.0,,,,,,,,,,,4.065,4.062,4.067,,,,233.036,0.0,0.0,,,,,288.786,278.0,296.0,,,0.0,1815.0,1843.0,0.0,0.0,0.0,0.0,0.0,0.0,28.0,0.0,0.0,0.0,28.0,0.0,0.0,0.0,0.0,0.0,"solar2_v,lipo2_v"
2021-04-10T12:00:00Z,29.0,29.0,,,0.0,0.0,,,,,,,,,,,4.064,4.062,4.065,,,,234.586,0.0,0.0,,,,,274.655,273.0,277.0,,,0.0,1844.0,1872.0,0.0,0.0,0.0,0.0,0.0,0.0,29.0,0.0,0.0,0.0,29.0,0.0,0.0,0.0,0.0,0.0,"solar2_v,lipo2_v"
2021-04-10T13:00:00Z,30.0,30.0,,,0.0,0.0,,,,,,,,,,,4.064,4.062,4.065,,,,233.367,0.0,0.0,,,,,283.767,273.0,291.0,,,0.0,1873.0,1902.0,0.0,0.0,0.0,0.0,0.0,0.0,30.0,0.0,0.0,0.0,30.0,0.0,0.0,0.0,0.0,0.0,"solar2_v,lipo2_v"
2021-04-10T14:00:00Z,27.0,27.0,,,0.0,0.0,,,,,,,,,,,4.063,4.06,4.064,,,,232.37,0.0,0.0,,,,,295.519,292.0,299.0,,,0.0,1903.0,1931.0,0.0,0.0,0.0,0.0,0.0,0.0,27.0,0.0,0.0,0.0,27.0,0.0,0.0,0.0,0.0,0.0,"solar2_v,lipo2_v"
2021-04-10T15:00:00Z,29.0,29.0,,,0.0,0.0,,,,,,,,,,,4.063,4.06,4.064,,,,231.517,0.0,0.0,,,,,300.241,299.0,301.0,,,0.0,1932.0,1960.0,0.0,0.0,0.0,0.0,0.0,0.0,29.0,0.0,0.0,0.0,29.0,0.0,0.0,0.0,0.0,0.0,"solar2_v,lipo2_v"
2021-04-10T16:00:00Z,30.0,30.0,,,0.0,0.0,,,,,,,,,,,4.062,4.06,4.065,,,,232.2,0.0,0.0,,,,,301.0,301.0,301.0,,,0.0,1961.0,1990.0,0.0,0.0,0.0,0.0,0.0,0.0,30.0,0.0,0.0,0.0,30.0,0.0,0.0,0.0,0.0,0.0,"solar2_v,lipo2_v"
2021-04-10T17:00:00Z,29.0,29.0,,,0.0,0.0,,,,,,,,,,,4.061,4.06,4.062,,,,232.207,0.0,0.0,,,,,300.966,300.0,301.0,,,0.0,1991.0,2019.0,0.0,0.0,0.0,0.0,0.0,0.0,29.0,0.0,0.0,0.0,29.0,0.0,0.0,0.0,0.0,0.0,"solar2_v,lipo2_v"
2021-04-10T18:00:00Z,30.0,30.0,,,0.0,0.0,,,,,,,,,,,4.06,4.059,4.062,,,,231.667,0.0,0.0,,,,,301.0,301.0,301.0,,,0.0,2020.0,2049.0,0.0,0.0,0.0,0.0,0.0,0.0,30.0,0.0,0.0,0.0,30.0,0.0,0.0,0.0,0.0,0.0,"solar2_v,lipo2_v"
2021-04-10T19:00:00Z,29.0,29.0,,,0.0,0.0,,,,,,,,,,,4.059,4.059,4.062,,,,232.0,0.0,0.0,,,,,300.966,300.0,301.0,,,0.0,2050.0,2078.0,0.0,0.0,0.0,0.0,0.0,0.0,29.0,0.0,0.0,0.0,29.0,0.0,0.0,0.0,0.0,0.0,"solar2_v,lipo2_v"
2021-04-10T20:00:00Z,29.0,29.0,,,0.0,0.0,,,,,,,,,,,4.059,4.055,4.06,,,,231.793,0.0,0.0,,,,,300.897,300.0,301.0,,,0.0,2079.0,2107.0,0.0,0.0,0.0,0.0,0.0,0.0,29.0,0.0,0.0,0.0,29.0,0.0,0.0,0.0,0.0,0.0,"solar2_v,lipo2_v"
2021-04-10T21:00:00Z,30.0,30.0,,,0.0,0.0,,,,,,,,,,,4.059,4.057,4.06,,,,232.0,0.0,0.0,,,,,300.967,300.0,301.0,,,0.0,2108.0,2137.0,0.0,0.0,0.0,0.0,0.0,0.0,30.0,0.0,0.0,0.0,30.0,0.0,0.0,0.0,0.0,0.0,"solar2_v,lipo2_v"
2021-04-10T22:00:00Z,29.0,29.0,,,0.0,0.0,,,,,,,,,,,4.058,4.055,4.06,,,,231.655,0.0,0.0,,,,,301.0,301.0,301.0,,,0.0,2138.0,2166.0,0.0,0.0,0.0,0.0,0.0,0.0,29.0,0.0,0.0,0.0,29.0,0.0,0.0,0.0,0.0,0.0,"solar2_v,lipo2_v"
2021-04-10T23:00:00Z,30.0,30.0,,,0.0,0.0,,,,,,,,,,,4.057,4.055,4.059,,,,232.2,0.0,0.0,,,,,300.967,300.0,301.0,,,0.0,2167.0,2196.0,0.0,0.0,0.0,0.0,0.0,0.0,30.0,0.0,0.0,0.0,30.0,0.0,0.0,0.0,0.0,0.0,"solar2_v,lipo2_v"
2021-04-11T00:00:00Z,29.0,29.0,,,0.0,0.0,,,,,,,,,,,4.057,4.054,4.06,,,,231.862,0.0,0.0,,,,,301.0,301.0,301.0,,,0.0,2197.0,2225.0,0.0,0.0,0.0,0.0,0.0,0.0,29.0,0.0,0.0,0.0,29.0,0.0,0.0,0.0,0.0,0.0,"solar2_v,lipo2_v"
2021-04-11T01:00:00Z,30.0,30.0,,,0.0,0.0,,,,,,,,,,,4.056,4.055,4.059,,,,231.6,0.0,0.0,,,,,301.567,301.0,303.0,,,0.0,2226.0,2255.0,0.0,0.0,0.0,0.0,0.0,0.0,30.0,0.0,0.0,0.0,30.0,0.0,0.0,0.0,0.0,0.0,"solar2_v,lipo2_v"
2021-04-11T02:00:00Z,29.0,29.0,,,0.0,0.0,,,,,,,,,,,4.055,4.054,4.057,,,,232.138,0.0,0.0,,,,,294.862,286.0,304.0,,,0.0,2256.0,2284.0,0.0,0.0,0.0,0.0,0.0,0.0,29.0,0.0,0.0,0.0,29.0,0.0,0.0,0.0,0.0,0.0,"solar2_v,lipo2_v"
2021-04-11T03:00:00Z,30.0,30.0,,,0.0,0.0,,,,,,,,,,,4.055,4.054,4.057,,,,233.467,0.0,0.0,,,,,282.833,281.0,286.0,,,0.0,2285.0,2314.0,0.0,0.0,0.0,0.0,0.0,0.0,30.0,0.0,0.0,0.0,30.0,0.0,0.0,0.0,0.0,0.0,"solar2_v,lipo2_v"
2021-04-11T04:00:00Z,29.0,29.0,,,0.0,0.0,,,,,,,,,,,4.054,4.052,4.055,,,,233.724,0.0,0.0,,,,,281.483,279.0,283.0,,,0.0,2315.0,2343.0,0.0,0.0,0.0,0.0,0.0,0.0,29.0,0.0,0.0,0.0,29.0,0.0,0.0,0.0,0.0,0.0,"solar2_v,lipo2_v"
2021-04-11T05:00:00Z,29.0,29.0,,,0.0,0.0,,,,,,,,,,,4.053,4.052,4.055,,,,233.793,0.0,0.0,,,,,278.931,277.0,281.0,,,0.0,2344.0,2372.0,0.0,0.0,0.0,0.0,0.0,0.0,29.0,0.0,0.0,0.0,29.0,0.0,0.0,0.0,0.0,0.0,"solar2_v,lipo2_v"
2021-04-11T06:00:00Z,29.0,29.0,,,0.0,0.0,,,,,,,,,,,4.052,4.05,4.054,,,,233.517,0.0,0.0,,,,,282.276,277.0,293.0,,,0.0,2373.0,2402.0,0.0,0.0,0.0,0.0,0.0,0.0,29.0,0.0,0.0,0.0,29.0,0.0,0.0,0.0,0.0,0.0,"solar2_v,lipo2_v"
2021-04-11T07:00:00Z,27.0,27.0,,,0.0,0.0,,,,,,,,,,,4.052,4.05,4.054,,,,232.444,0.0,0.0,,,,,298.185,294.0,301.0,,,0.0,2403.0,2431.0,0.0,0.0,0.0,0.0,0.0,0.0,27.0,0.0,0.0,0.0,27.0,0.0,0.0,0.0,0.0,0.0,"solar2_v,lipo2_v"
2021-04-11T08:00:00Z,29.0,29.0,,,0.0,0.0,,,,,,,,,,,4.052,4.05,4.054,,,,232.172,0.0,0.0,,,,,300.966,300.0,301.0,,,0.0,2432.0,2460.0,0.0,0.0,0.0,0.0,0.0,0.0,29.0,0.0,0.0,0.0,29.0,0.0,0.0,0.0,0.0,0.0,"solar2_v,lipo2_v"
2021-04-11T09:00:00Z,29.0,29.0,,,0.0,0.0,,,,,,,,,,,4.051,4.049,4.052,,,,232.517,0.0,0.0,,,,,293.759,286.0,302.0,,,0.0,2461.0,2489.0,0.0,0.0,0.0,0.0,0.0,0.0,29.0,0.0,0.0,0.0,29.0,0.0,0.0,0.0,0.0,0.0,"solar2_v,lipo2_v"
2021-04-11T10:00:00Z,30.0,30.0,,,0.0,0.0,,,,,,,,,,,4.051,4.049,4.052,,,,233.433,0.0,0.0,,,,,288.033,280.0,297.0,,,0.0,2490.0,2519.0,0.0,0.0,0.0,0.0,0.0,0.0,30.0,0.0,0.0,0.0,30.0,0.0,0.0,0.0,0.0,0.0,"solar2_v,lipo2_v"
2021-04-11T11:00:00Z,29.0,29.0,,,0.0,0.0,,,,,,,,,,,4.051,4.049,4.052,,,,232.172,0.0,0.0,,,,,300.172,297.0,301.0,,,0.0,2520.0,2548.0,0.0,0.0,0.0,0.0,0.0,0.0,29.0,0.0,0.0,0.0,29.0,0.0,0.0,0.0,0.0,0.0,"solar2_v,lipo2_v"
2021-04-11T12:00:00Z,29.0,29.0,,,0.0,0.0,,,,,,,,,,,4.051,4.05,4.052,,,,232.276,0.0,0.0,,,,,301.0,301.0,301.0,,,0.0,2549.0,2577.0,0.0,0.0,0.0,0.0,0.0,0.0,29.0,0.0,0.0,0.0,29.0,0.0,0.0,0.0,0.0,0.0,"solar2_v,lipo2_v"
2021-04-11T13:00:00Z,28.0,28.0,,,0.0,0.0,,,,,,,,,,,4.05,4.049,4.052,,,,231.857,0.0,0.0,,,,,301.143,301.0,302.0,,,0.0,2578.0,2607.0,0.0,0.0,0.0,0.0,0.0,0.0,28.0,0.0,0.0,0.0,28.0,0.0,0.0,0.0,0.0,0.0,"solar2_v,lipo2_v"
2021-04-11T14:00:00Z,27.0,27.0,,,0.0,0.0,,,,,,,,,,,4.05,4.047,4.052,,,,231.519,0.0,0.0,,,,,302.556,302.0,304.0,,,0.0,2608.0,2636.0,0.0,0.0,0.0,0.0,0.0,0.0,27.0,0.0,0.0,0.0,27.0,0.0,0.0,0.0,0.0,0.0,"solar2_v,lipo2_v"
2021-04-11T15:00:00Z,29.0,29.0,,,0.0,0.0,,,,,,,,,,,4.049,4.047,4.05,,,,231.552,0.0,0.0,,,,,303.448,303.0,304.0,,,0.0,2637.0,2665.0,0.0,0.0,0.0,0.0,0.0,0.0,29.0,0.0,0.0,0.0,29.0,0.0,0.0,0.0,0.0,0.0,"solar2_v,lipo2_v"
2021-04-11T16:00:00Z,30.0,30.0,,,0.0,0.0,,,,,,,,,,,4.049,4.047,4.05,,,,231.433,0.0,0.0,,,,,304.167,304.0,305.0,,,0.0,2666.0,2695.0,0.0,0.0,0.0,0.0,0.0,0.0,30.0,0.0,0.0,0.0,30.0,0.0,0.0,0.0,0.0,0.0,"solar2_v,lipo2_v"
2021-04-11T17:00:00Z,29.0,29.0,,,0.0,0.0,,,,,,,,,,,4.048,4.047,4.05,,,,231.448,0.0,0.0,,,,,304.69,304.0,305.0,,,0.0,2696.0,2724.0,0.0,0.0,0.0,0.0,0.0,0.0,29.0,0.0,0.0,0.0,29.0,0.0,0.0,0.0,0.0,0.0,"solar2_v,lipo2_v"
2021-04-11T18:00:00Z,29.0,29.0,,,0.0,0.0,,,,,,,,,,,4.048,4.045,4.05,,,,231.586,0.0,0.0,,,,,305.0,305.0,305.0,,,0.0,2725.0,2753.0,0.0,0.0,0.0,0.0,0.0,0.0,29.0,0.0,0.0,0.0,29.0,0.0,0.0,0.0,0.0,0.0,"solar2_v,lipo2_v"
2021-04-11T19:00:00Z,30.0,30.0,,,0.0,0.0,,,,,,,,,,,4.048,4.045,4.05,,,,231.567,0.0,0.0,,,,,305.067,305.0,306.0,,,0.0,2754.0,2783.0,0.0,0.0,0.0,0.0,0.0,0.0,30.0,0.0,0.0,0.0,30.0,0.0,0.0,0.0,0.0,0.0,"solar2_v,lipo2_v"
2021-04-11T20:00:00Z,29.0,29.0,,,0.0,0.0,,,,,,,,,,,4.048,4.045,4.049,,,,231.172,0.0,0.0,,,,,305.379,305.0,306.0,,,0.0,2784.0,2812.0,0.0,0.0,0.0,0.0,0.0,0.0,29.0,0.0,0.0,0.0,29.0,0.0,0.0,0.0,0.0,0.0,"solar2_v,lipo2_v"
2021-04-11T21:00:00Z,30.0,30.0,,,0.0,0.0,,,,,,,,,,,4.048,4.047,4.049,,,,231.3,0.0,0.0,,,,,305.9,305.0,306.0,,,0.0,2813.0,2842.0,0.0,0.0,0.0,0.0,0.0,0.0,30.0,0.0,0.0,0.0,30.0,0.0,0.0,0.0,0.0,0.0,"solar2_v,lipo2_v"
2021-04-11T22:00:00Z,29.0,29.0,,,0.0,0.0,,,,,,,,,,,4.047,4.044,4.049,,,,231.586,0.0,0.0,,,,,305.69,305.0,306.0,,,0.0,2843.0,2871.0,0.0,0.0,0.0,0.0,0.0,0.0,29.0,0.0,0.0,0.0,29.0,0.0,0.0,0.0,0.0,0.0,"solar2_v,lipo2_v"
2021-04-11T23:00:00Z,30.0,30.0,,,0.0,0.0,,,,,,,,,,,4.046,4.042,4.049,,,,231.7,0.0,0.0,,,,,304.067,303.0,305.0,,,0.0,2872.0,2901.0,0.0,0.0,0.0,0.0,0.0,0.0,30.0,0.0,0.0,0.0,30.0,0.0,0.0,0.0,0.0,0.0,"solar2_v,lipo2_v"
2021-04-12T00:00:00Z,29.0,29.0,,,0.0,0.0,,,,,,,,,,,4.045,4.042,4.047,,,,231.552,0.0,0.0,,,,,304.414,304.0,305.0,,,0.0,2902.0,2930.0,0.0,0.0,0.0,0.0,0.0,0.0,29.0,0.0,0.0,0.0,29.0,0.0,0.0,0.0,0.0,0.0,"solar2_v,lipo2_v"
2021-04-12T01:00:00Z,30.0,30.0,,,0.0,0.0,,,,,,,,,,,4.045,4.042,4.047,,,,231.633,0.0,0.0,,,,,304.867,304.0,306.0,,,0.0,2931.0,2960.0,0.0,0.0,0.0,0.0,0.0,0.0,30.0,0.0,0.0,0.0,30.0,0.0,0.0,0.0,0.0,0.0,"solar2_v,lipo2_v"
2021-04-12T02:00:00Z,29.0,29.0,,,0.0,0.0,,,,,,,,,,,4.045,4.044,4.047,,,,231.276,0.0,0.0,,,,,305.69,305.0,306.0,,,0.0,2961.0,2989.0,0.0,0.0,0.0,0.0,0.0,0.0,29.0,0.0,0.0,0.0,29.0,0.0,0.0,0.0,0.0,0.0,"solar2_v,lipo2_v"
2021-04-12T03:00:00Z,30.0,30.0,,,0.0,0.0,,,,,,,,,,,4.043,4.04,4.045,,,,231.5,0.0,0.0,,,,,306.333,306.0,308.0,,,0.0,2990.0,3019.0,0.0,0.0,0.0,0.0,0.0,0.0,30.0,0.0,0.0,0.0,30.0,0.0,0.0,0.0,0.0,0.0,"solar2_v,lipo2_v"
2021-04-12T04:00:00Z,29.0,29.0,,,0.0,0.0,,,,,,,,,,,4.042,4.04,4.045,,,,230.759,0.0,0.0,,,,,308.69,307.0,312.0,,,0.0,3020.0,3048.0,0.0,0.0,0.0,0.0,0.0,0.0,29.0,0.0,0.0,0.0,29.0,0.0,0.0,0.0,0.0,0.0,"solar2_v,lipo2_v"
2021-04-12T05:00:00Z,29.0,29.0,,,0.0,0.0,,,,,,,,,,,4.041,4.039,4.044,,,,230.966,0.0,0.0,,,,,308.172,307.0,309.0,,,0.0,3049.0,3077.0,0.0,0.0,0.0,0.0,0.0,0.0,29.0,0.0,0.0,0.0,29.0,0.0,0.0,0.0,0.0,0.0,"solar2_v,lipo2_v"
2021-04-12T06:00:00Z,29.0,29.0,,,0.0,0.0,,,,,,,,,,,4.041,4.04,4.044,,,,231.172,0.0,0.0,,,,,308.448,307.0,312.0,,,0.0,3078.0,3107.0,0.0,0.0,0.0,0.0,0.0,0.0,29.0,0.0,0.0,0.0,29.0,0.0,0.0,0.0,0.0,0.0,"solar2_v,lipo2_v"
2021-04-12T07:00:00Z,29.0,29.0,,,0.0,0.0,,,,,,,,,,,4.04,4.039,4.044,,,,231.276,0.0,0.0,,,,,306.241,306.0,307.0,,,0.0,3108.0,3136.0,0.0,0.0,0.0,0.0,0.0,0.0,29.0,0.0,0.0,0.0,29.0,0.0,0.0,0.0,0.0,0.0,"solar2_v,lipo2_v"
2021-04-12T08:00:00Z,29.0,29.0,,,0.0,0.0,,,,,,,,,,,4.04,4.037,4.042,,,,231.31,0.0,0.0,,,,,306.31,306.0,307.0,,,0.0,3137.0,3165.0,0.0,0.0,0.0,0.0,0.0,0.0,29.0,0.0,0.0,0.0,29.0,0.0,0.0,0.0,0.0,0.0,"solar2_v,lipo2_v"
2021-04-12T09:00:00Z,30.0,30.0,,,0.0,0.0,,,,,,,,,,,4.04,4.039,4.044,,,,231.4,0.0,0.0,,,,,305.633,302.0,308.0,,,0.0,3166.0,3195.0,0.0,0.0,0.0,0.0,0.0,0.0,30.0,0.0,0.0,0.0,30.0,0.0,0.0,0.0,0.0,0.0,"solar2_v,lipo2_v"
2021-04-12T10:00:00Z,29.0,29.0,,,0.0,0.0,,,,,,,,,,,4.039,4.037,4.04,,,,231.862,0.0,0.0,,,,,301.069,301.0,302.0,,,0.0,3196.0,3224.0,0.0,0.0,0.0,0.0,0.0,0.0,29.0,0.0,0.0,0.0,29.0,0.0,0.0,0.0,0.0,0.0,"solar2_v,lipo2_v"
2021-04-12T11:00:00Z,29.0,29.0,,,0.0,0.0,,,,,,,,,,,4.039,4.037,4.042,,,,231.931,0.0,0.0,,,,,301.379,301.0,302.0,,,0.0,3225.0,3253.0,0.0,0.0,0.0,0.0,0.0,0.0,29.0,0.0,0.0,0.0,29.0,0.0,0.0,0.0,0.0,0.0,"solar2_v,lipo2_v"
2021-04-12T12:00:00Z,27.0,27.0,,,0.0,0.0,,,,,,,,,,,4.039,4.037,4.04,,,,231.407,0.0,0.0,,,,,301.815,301.0,306.0,,,0.0,3254.0,3282.0,0.0,0.0,0.0,0.0,0.0,0.0,27.0,0.0,0.0,0.0,27.0,0.0,0.0,0.0,0.0,0.0,"solar2_v,lipo2_v"
2021-04-12T13:00:00Z,30.0,30.0,,,0.0,0.0,,,,,,,,,,,4.039,4.037,4.04,,,,231.9,0.0,0.0,,,,,300.967,300.0,301.0,,,0.0,3283.0,3312.0,0.0,0.0,0.0,0.0,0.0,0.0,30.0,0.0,0.0,0.0,30.0,0.0,0.0,0.0,0.0,0.0,"solar2_v,lipo2_v"
2021-04-12T14:00:00Z,28.0,28.0,,,0.0,0.0,,,,,,,,,,,4.038,4.034,4.039,,,,232.179,0.0,0.0,,,,,300.393,300.0,301.0,,,0.0,3313.0,3341.0,0.0,0.0,0.0,0.0,0.0,0.0,28.0,0.0,0.0,0.0,28.0,0.0,0.0,0.0,0.0,0.0,"solar2_v,lipo2_v"
2021-04-12T15:00:00Z,29.0,29.0,,,0.0,0.0,,,,,,,,,,,4.037,4.036,4.039,,,,232.552,0.0,0.0,,,,,298.621,297.0,300.0,,,0.0,3342.0,3370.0,0.0,0.0,0.0,0.0,0.0,0.0,29.0,0.0,0.0,0.0,29.0,0.0,0.0,0.0,0.0,0.0,"solar2_v,lipo2_v"
2021-04-12T16:00:00Z,30.0,30.0,,,0.0,0.0,,,,,,,,,,,4.037,4.036,4.039,,,,232.333,0.0,0.0,,,,,297.433,296.0,299.0,,,0.0,3371.0,3400.0,0.0,0.0,0.0,0.0,0.0,0.0,30.0,0.0,0.0,0.0,30.0,0.0,0.0,0.0,0.0,0.0,"solar2_v,lipo2_v"
2021-04-12T17:00:00Z,29.0,29.0,,,0.0,0.0,,,,,,,,,,,4.037,4.036,4.039,,,,232.276,0.0,0.0,,,,,300.069,299.0,301.0,,,0.0,3401.0,3429.0,0.0,0.0,0.0,0.0,0.0,0.0,29.0,0.0,0.0,0.0,29.0,0.0,0.0,0.0,0.0,0.0,"solar2_v,lipo2_v"
2021-04-12T18:00:00Z,30.0,30.0,,,0.0,0.0,,,,,,,,,,,4.037,4.034,4.039,,,,231.8,0.0,0.0,,,,,300.733,300.0,301.0,,,0.0,3430.0,3459.0,0.0,0.0,0.0,0.0,0.0,0.0,30.0,0.0,0.0,0.0,30.0,0.0,0.0,0.0,0.0,0.0,"solar2_v,lipo2_v"
2021-04-12T19:00:00Z,29.0,29.0,,,0.0,0.0,,,,,,,,,,,4.036,4.034,4.039,,,,232.552,0.0,0.0,,,,,301.0,301.0,301.0,,,0.0,3460.0,3488.0,0.0,0.0,0.0,0.0,0.0,0.0,29.0,0.0,0.0,0.0,29.0,0.0,0.0,0.0,0.0,0.0,"solar2_v,lipo2_v"
2021-04-12T20:00:00Z,30.0,30.0,,,0.0,0.0,,,,,,,,,,,4.036,4.034,4.039,,,,232.0,0.0,0.0,,,,,301.0,301.0,301.0,,,0.0,3489.0,3518.0,0.0,0.0,0.0,0.0,0.0,0.0,30.0,0.0,0.0,0.0,30.0,0.0,0.0,0.0,0.0,0.0,"solar2_v,lipo2_v"
2021-04-12T21:00:00Z,29.0,29.0,,,0.0,0.0,,,,,,,,,,,4.036,4.034,4.037,,,,231.31,0.0,0.0,,,,,301.0,301.0,301.0,,,0.0,3519.0,3547.0,0.0,0.0,0.0,0.0,0.0,0.0,29.0,0.0,0.0,0.0,29.0,0.0,0.0,0.0,0.0,0.0,"solar2_v,lipo2_v"
2021-04-12T22:00:00Z,30.0,30.0,,,0.0,0.0,,,,,,,,,,,4.036,4.034,4.037,,,,231.767,0.0,0.0,,,,,301.0,301.0,301.0,,,0.0,3548.0,3577.0,0.0,0.0,0.0,0.0,0.0,0.0,30.0,0.0,0.0,0.0,30.0,0.0,0.0,0.0,0.0,0.0,"solar2_v,lipo2_v"
2021-04-12T23:00:00Z,29.0,29.0,,,0.0,0.0,,,,,,,,,,,4.035,4.032,4.037,,,,232.034,0.0,0.0,,,,,301.034,301.0,302.0,,,0.0,3578.0,3606.0,0.0,0.0,0.0,0.0,0.0,0.0,29.0,0.0,0.0,0.0,29.0,0.0,0.0,0.0,0.0,0.0,"solar2_v,lipo2_v"
2021-04-13T00:00:00Z,29.0,29.0,,,0.0,0.0,,,,,,,,,,,4.036,4.034,4.037,,,,231.448,0.0,0.0,,,,,303.103,301.0,305.0,,,0.0,3607.0,3635.0,0.0,0.0,0.0,0.0,0.0,0.0,29.0,0.0,0.0,0.0,29.0,0.0,0.0,0.0,0.0,0.0,"solar2_v,lipo2_v"
2021-04-13T01:00:00Z,30.0,30.0,,,0.0,0.0,,,,,,,,,,,4.035,4.032,4.037,,,,231.133,0.0,0.0,,,,,305.933,305.0,306.0,,,0.0,3636.0,3665.0,0.0,0.0,0.0,0.0,0.0,0.0,30.0,0.0,0.0,0.0,30.0,0.0,0.0,0.0,0.0,0.0,"solar2_v,lipo2_v"
2021-04-13T02:00:00Z,29.0,29.0,,,0.0,0.0,,,,,,,,,,,4.035,4.034,4.036,,,,231.172,0.0,0.0,,,,,306.966,306.0,308.0,,,0.0,3666.0,3694.0,0.0,0.0,0.0,0.0,0.0,0.0,29.0,0.0,0.0,0.0,29.0,0.0,0.0,0.0,0.0,0.0,"solar2_v,lipo2_v"
2021-04-13T03:00:00Z,30.0,30.0,,,0.0,0.0,,,,,,,,,,,4.035,4.034,4.037,,,,230.967,0.0,0.0,,,,,307.267,306.0,308.0,,,0.0,3695.0,3724.0,0.0,0.0,0.0,0.0,0.0,0.0,30.0,0.0,0.0,0.0,30.0,0.0,0.0,0.0,0.0,0.0,"solar2_v,lipo2_v"
2021-04-13T04:00:00Z,29.0,29.0,,,0.0,0.0,,,,,,,,,,,4.035,4.032,4.037,,,,231.241,0.0,0.0,,,,,307.759,307.0,308.0,,,0.0,3725.0,3753.0,0.0,0.0,0.0,0.0,0.0,0.0,29.0,0.0,0.0,0.0,29.0,0.0,0.0,0.0,0.0,0.0,"solar2_v,lipo2_v"
2021-04-13T05:00:00Z,30.0,30.0,,,0.0,0.0,,,,,,,,,,,4.034,4.032,4.036,,,,230.833,0.0,0.0,,,,,310.167,308.0,311.0,,,0.0,3754.0,3783.0,0.0,0.0,0.0,0.0,0.0,0.0,30.0,0.0,0.0,0.0,30.0,0.0,0.0,0.0,0.0,0.0,"solar2_v,lipo2_v"
2021-04-13T06:00:00Z,29.0,29.0,,,0.0,0.0,,,,,,,,,,,4.035,4.032,4.037,,,,231.0,0.0,0.0,,,,,309.793,309.0,311.0,,,0.0,3784.0,3812.0,0.0,0.0,0.0,0.0,0.0,0.0,29.0,0.0,0.0,0.0,29.0,0.0,0.0,0.0,0.0,0.0,"solar2_v,lipo2_v"
2021-04-13T07:00:00Z,30.0,30.0,,,0.0,0.0,,,,,,,,,,,4.034,4.032,4.036,,,,230.833,0.0,0.0,,,,,311.733,311.0,313.0,,,0.0,3813.0,3842.0,0.0,0.0,0.0,0.0,0.0,0.0,30.0,0.0,0.0,0.0,30.0,0.0,0.0,0.0,0.0,0.0,"solar2_v,lipo2_v"
2021-04-13T08:00:00Z,29.0,29.0,,,0.0,0.0,,,,,,,,,,,4.034,4.032,4.036,,,,230.793,0.0,0.0,,,,,312.0,311.0,313.0,,,0.0,3843.0,3871.0,0.0,0.0,0.0,0.0,0.0,0.0,29.0,0.0,0.0,0.0,29.0,0.0,0.0,0.0,0.0,0.0,"solar2_v,lipo2_v"
2021-04-13T09:00:00Z,30.0,30.0,,,0.0,0.0,,,,,,,,,,,4.033,4.032,4.036,,,,231.233,0.0,0.0,,,,,308.833,301.0,312.0,,,0.0,3872.0,3901.0,0.0,0.0,0.0,0.0,0.0,0.0,30.0,0.0,0.0,0.0,30.0,0.0,0.0,0.0,0.0,0.0,"solar2_v,lipo2_v"
2021-04-13T10:00:00Z,29.0,29.0,,,0.0,0.0,,,,,,,,,,,4.034,4.031,4.036,,,,232.724,0.0,0.0,,,,,291.724,286.0,305.0,,,0.0,3902.0,3930.0,0.0,0.0,0.0,0.0,0.0,0.0,29.0,0.0,0.0,0.0,29.0,0.0,0.0,0.0,0.0,0.0,"solar2_v,lipo2_v"
2021-04-13T11:00:00Z,28.0,28.0,,,0.0,0.0,,,,,,,,,,,4.032,4.031,4.034,,,,233.821,0.0,0.0,,,,,279.75,274.0,286.0,,,0.0,3931.0,3959.0,0.0,0.0,0.0,0.0,0.0,0.0,28.0,0.0,0.0,0.0,28.0,0.0,0.0,0.0,0.0,0.0,"solar2_v,lipo2_v"
2021-04-13T12:00:00Z,27.0,27.0,,,0.0,0.0,,,,,,,,,,,4.032,4.031,4.034,,,,233.259,0.0,0.0,,,,,289.074,274.0,297.0,,,0.0,3960.0,3988.0,0.0,0.0,0.0,0.0,0.0,0.0,27.0,0.0,0.0,0.0,27.0,0.0,0.0,0.0,0.0,0.0,"solar2_v,lipo2_v"
2021-04-13T13:00:00Z,26.0,26.0,,,0.0,0.0,,,,,,,,,,,4.032,4.029,4.032,,,,232.231,0.0,0.0,,,,,300.5,298.0,301.0,,,0.0,3989.0,4017.0,0.0,0.0,0.0,0.0,0.0,0.0,26.0,0.0,0.0,0.0,26.0,0.0,0.0,0.0,0.0,0.0,"solar2_v,lipo2_v"
2021-04-13T14:00:00Z,28.0,28.0,,,0.0,0.0,,,,,,,,,,,4.032,4.032,4.036,,,,231.786,0.0,0.0,,,,,301.036,301.0,302.0,,,0.0,4018.0,4046.0,0.0,0.0,0.0,0.0,0.0,0.0,28.0,0.0,0.0,0.0,28.0,0.0,0.0,0.0,0.0,0.0,"solar2_v,lipo2_v"
2021-04-13T15:00:00Z,29.0,29.0,,,0.0,0.0,,,,,,,,,,,4.032,4.031,4.032,,,,233.31,0.0,0.0,,,,,284.759,278.0,298.0,,,0.0,4047.0,4075.0,0.0,0.0,0.0,0.0,0.0,0.0,29.0,0.0,0.0,0.0,29.0,0.0,0.0,0.0,0.0,0.0,"solar2_v,lipo2_v"
2021-04-13T16:00:00Z,30.0,30.0,,,0.0,0.0,,,,,,,,,,,4.031,4.029,4.032,,,,233.1,0.0,0.0,,,,,290.5,277.0,298.0,,,0.0,4076.0,4105.0,0.0,0.0,0.0,0.0,0.0,0.0,30.0,0.0,0.0,0.0,30.0,0.0,0.0,0.0,0.0,0.0,"solar2_v,lipo2_v"
2021-04-13T17:00:00Z,28.0,28.0,,,0.0,0.0,,,,,,,,,,,4.031,4.029,4.032,,,,232.536,0.0,0.0,,,,,299.893,299.0,300.0,,,0.0,4106.0,4134.0,0.0,0.0,0.0,0.0,0.0,0.0,28.0,0.0,0.0,0.0,28.0,0.0,0.0,0.0,0.0,0.0,"solar2_v,lipo2_v"
2021-04-13T18:00:00Z,30.0,30.0,,,0.0,0.0,,,,,,,,,,,4.031,4.029,4.031,,,,232.233,0.0,0.0,,,,,300.6,300.0,301.0,,,0.0,4135.0,4164.0,0.0,0.0,0.0,0.0,0.0,0.0,30.0,0.0,0.0,0.0,30.0,0.0,0.0,0.0,0.0,0.0,"solar2_v,lipo2_v"
2021-04-13T19:00:00Z,29.0,29.0,,,0.0,0.0,,,,,,,,,,,4.031,4.029,4.032,,,,232.034,0.0,0.0,,,,,300.759,300.0,301.0,,,0.0,4165.0,4193.0,0.0,0.0,0.0,0.0,0.0,0.0,29.0,0.0,0.0,0.0,29.0,0.0,0.0,0.0,0.0,0.0,"solar2_v,lipo2_v"
2021-04-13T20:00:00Z,30.0,30.0,,,0.0,0.0,,,,,,,,,,,4.031,4.029,4.032,,,,232.033,0.0,0.0,,,,,300.8,300.0,301.0,,,0.0,4194.0,4223.0,0.0,0.0,0.0,0.0,0.0,0.0,30.0,0.0,0.0,0.0,30.0,0.0,0.0,0.0,0.0,0.0,"solar2_v,lipo2_v"
2021-04-13T21:00:00Z,29.0,29.0,,,0.0,0.0,,,,,,,,,,,4.03,4.029,4.031,,,,231.966,0.0,0.0,,,,,300.931,300.0,301.0,,,0.0,4224.0,4252.0,0.0,0.0,0.0,0.0,0.0,0.0,29.0,0.0,0.0,0.0,29.0,0.0,0.0,0.0,0.0,0.0,"solar2_v,lipo2_v"
2021-04-13T22:00:00Z,30.0,30.0,,,0.0,0.0,,,,,,,,,,,4.031,4.029,4.032,,,,232.067,0.0,0.0,,,,,300.967,300.0,301.0,,,0.0,4253.0,4282.0,0.0,0.0,0.0,0.0,0.0,0.0,30.0,0.0,0.0,0.0,30.0,0.0,0.0,0.0,0.0,0.0,"solar2_v,lipo2_v"
2021-04-13T23:00:00Z,29.0,29.0,,,0.0,0.0,,,,,,,,,,,4.031,4.029,4.032,,,,232.103,0.0,0.0,,,,,300.966,300.0,301.0,,,0.0,4283.0,4311.0,0.0,0.0,0.0,0.0,0.0,0.0,29.0,0.0,0.0,0.0,29.0,0.0,0.0,0.0,0.0,0.0,"solar2_v,lipo2_v"
2021-04-14T00:00:00Z,30.0,30.0,,,0.0,0.0,,,,,,,,,,,4.031,4.029,4.032,,,,232.133,0.0,0.0,,,,,301.0,301.0,301.0,,,0.0,4312.0,4341.0,0.0,0.0,0.0,0.0,0.0,0.0,30.0,0.0,0.0,0.0,30.0,0.0,0.0,0.0,0.0,0.0,"solar2_v,lipo2_v"
2021-04-14T01:00:00Z,29.0,29.0,,,0.0,0.0,,,,,,,,,,,4.03,4.029,4.032,,,,231.483,0.0,0.0,,,,,301.759,301.0,303.0,,,0.0,4342.0,4370.0,0.0,0.0,0.0,0.0,0.0,0.0,29.0,0.0,0.0,0.0,29.0,0.0,0.0,0.0,0.0,0.0,"solar2_v,lipo2_v"
2021-04-14T02:00:00Z,29.0,29.0,,,0.0,0.0,,,,,,,,,,,4.03,4.029,4.032,,,,231.517,0.0,0.0,,,,,303.552,303.0,304.0,,,0.0,4371.0,4399.0,0.0,0.0,0.0,0.0,0.0,0.0,29.0,0.0,0.0,0.0,29.0,0.0,0.0,0.0,0.0,0.0,"solar2_v,lipo2_v"
2021-04-14T03:00:00Z,30.0,30.0,,,0.0,0.0,,,,,,,,,,,4.03,4.029,4.031,,,,231.633,0.0,0.0,,,,,304.0,303.0,305.0,,,0.0,4400.0,4429.0,0.0,0.0,0.0,0.0,0.0,0.0,30.0,0.0,0.0,0.0,30.0,0.0,0.0,0.0,0.0,0.0,"solar2_v,lipo2_v"
2021-04-14T04:00:00Z,29.0,29.0,,,0.0,0.0,,,,,,,,,,,4.029,4.029,4.031,,,,231.241,0.0,0.0,,,,,306.069,305.0,307.0,,,0.0,4430.0,4458.0,0.0,0.0,0.0,0.0,0.0,0.0,29.0,0.0,0.0,0.0,29.0,0.0,0.0,0.0,0.0,0.0,"solar2_v,lipo2_v"
2021-04-14T05:00:00Z,30.0,30.0,,,0.0,0.0,,,,,,,,,,,4.03,4.029,4.032,,,,231.633,0.0,0.0,,,,,308.267,307.0,312.0,,,0.0,4459.0,4488.0,0.0,0.0,0.0,0.0,0.0,0.0,30.0,0.0,0.0,0.0,30.0,0.0,0.0,0.0,0.0,0.0,"solar2_v,lipo2_v"
2021-04-14T06:00:00Z,29.0,29.0,,,0.0,0.0,,,,,,,,,,,4.03,4.029,4.032,,,,231.448,0.0,0.0,,,,,309.0,308.0,310.0,,,0.0,4489.0,4517.0,0.0,0.0,0.0,0.0,0.0,0.0,29.0,0.0,0.0,0.0,29.0,0.0,0.0,0.0,0.0,0.0,"solar2_v,lipo2_v"
2021-04-14T07:00:00Z,29.0,29.0,,,0.0,0.0,,,,,,,,,,,4.029,4.029,4.031,,,,231.483,0.0,0.0,,,,,309.483,308.0,311.0,,,0.0,4518.0,4546.0,0.0,0.0,0.0,0.0,0.0,0.0,29.0,0.0,0.0,0.0,29.0,0.0,0.0,0.0,0.0,0.0,"solar2_v,lipo2_v"
2021-04-14T08:00:00Z,30.0,30.0,,,0.0,0.0,,,,,,,,,,,4.029,4.029,4.031,,,,231.233,0.0,0.0,,,,,310.133,309.0,312.0,,,0.0,4547.0,4576.0,0.0,0.0,0.0,0.0,0.0,0.0,30.0,0.0,0.0,0.0,30.0,0.0,0.0,0.0,0.0,0.0,"solar2_v,lipo2_v"
2021-04-14T09:00:00Z,29.0,29.0,,,0.0,0.0,,,,,,,,,,,4.029,4.027,4.031,,,,230.931,0.0,0.0,,,,,311.345,310.0,313.0,,,0.0,4577.0,4605.0,0.0,0.0,0.0,0.0,0.0,0.0,29.0,0.0,0.0,0.0,29.0,0.0,0.0,0.0,0.0,0.0,"solar2_v,lipo2_v"
2021-04-14T10:00:00Z,29.0,29.0,,,0.0,0.0,,,,,,,,,,,4.029,4.029,4.029,,,,230.897,0.0,0.0,,,,,309.897,309.0,312.0,,,0.0,4606.0,4634.0,0.0,0.0,0.0,0.0,0.0,0.0,29.0,0.0,0.0,0.0,29.0,0.0,0.0,0.0,0.0,0.0,"solar2_v,lipo2_v"
2021-04-14T11:00:00Z,29.0,29.0,,,0.0,0.0,,,,,,,,,,,4.029,4.027,4.029,,,,231.069,0.0,0.0,,,,,309.207,308.0,311.0,,,0.0,4635.0,4663.0,0.0,0.0,0.0,0.0,0.0,0.0,29.0,0.0,0.0,0.0,29.0,0.0,0.0,0.0,0.0,0.0,"solar2_v,lipo2_v"
2021-04-14T12:00:00Z,30.0,30.0,,,0.0,0.0,,,,,,,,,,,4.028,4.027,4.029,,,,230.733,0.0,0.0,,,,,308.567,308.0,310.0,,,0.0,4664.0,4693.0,0.0,0.0,0.0,0.0,0.0,0.0,30.0,0.0,0.0,0.0,30.0,0.0,0.0,0.0,0.0,0.0,"solar2_v,lipo2_v"
2021-04-14T13:00:00Z,29.0,29.0,,,0.0,0.0,,,,,,,,,,,4.028,4.027,4.029,,,,230.828,0.0,0.0,,,,,309.172,308.0,311.0,,,0.0,4694.0,4722.0,0.0,0.0,0.0,0.0,0.0,0.0,29.0,0.0,0.0,0.0,29.0,0.0,0.0,0.0,0.0,0.0,"solar2_v,lipo2_v"
2021-04-14T14:00:00Z,28.0,28.0,,,0.0,0.0,,,,,,,,,,,4.027,4.027,4.029,,,,230.679,0.0,0.0,,,,,310.357,303.0,312.0,,,0.0,4723.0,4751.0,0.0,0.0,0.0,0.0,0.0,0.0,28.0,0.0,0.0,0.0,28.0,0.0,0.0,0.0,0.0,0.0,"solar2_v,lipo2_v"
2021-04-14T15:00:00Z,28.0,28.0,,,0.0,0.0,,,,,,,,,,,4.027,4.026,4.029,,,,233.107,0.0,0.0,,,,,287.643,281.0,301.0,,,0.0,4752.0,4780.0,0.0,0.0,0.0,0.0,0.0,0.0,28.0,0.0,0.0,0.0,28.0,0.0,0.0,0.0,0.0,0.0,"solar2_v,lipo2_v"
2021-04-14T16:00:00Z,29.0,29.0,,,0.0,0.0,,,,,,,,,,,4.027,4.027,4.029,,,,232.31,0.0,0.0,,,,,297.586,288.0,301.0,,,0.0,4781.0,4810.0,0.0,0.0,0.0,0.0,0.0,0.0,29.0,0.0,0.0,0.0,29.0,0.0,0.0,0.0,0.0,0.0,"solar2_v,lipo2_v"
2021-04-14T17:00:00Z,29.0,29.0,,,0.0,0.0,,,,,,,,,,,4.027,4.027,4.029,,,,231.793,0.0,0.0,,,,,301.0,301.0,301.0,,,0.0,4811.0,4839.0,0.0,0.0,0.0,0.0,0.0,0.0,29.0,0.0,0.0,0.0,29.0,0.0,0.0,0.0,0.0,0.0,"solar2_v,lipo2_v"
2021-04-14T18:00:00Z,29.0,29.0,,,0.0,0.0,,,,,,,,,,,4.027,4.027,4.027,,,,231.897,0.0,0.0,,,,,301.0,301.0,301.0,,,0.0,4840.0,4868.0,0.0,0.0,0.0,0.0,0.0,0.0,29.0,0.0,0.0,0.0,29.0,0.0,0.0,0.0,0.0,0.0,"solar2_v,lipo2_v"
2021-04-14T19:00:00Z,30.0,30.0,,,0.0,0.0,,,,,,,,,,,4.027,4.027,4.027,,,,232.233,0.0,0.0,,,,,301.0,301.0,301.0,,,0.0,4869.0,4898.0,0.0,0.0,0.0,0.0,0.0,0.0,30.0,0.0,0.0,0.0,30.0,0.0,0.0,0.0,0.0,0.0,"solar2_v,lipo2_v"
2021-04-14T20:00:00Z,29.0,29.0,,,0.0,0.0,,,,,,,,,,,4.027,4.027,4.027,,,,231.69,0.0,0.0,,,,,301.0,301.0,301.0,,,0.0,4899.0,4927.0,0.0,0.0,0.0,0.0,0.0,0.0,29.0,0.0,0.0,0.0,29.0,0.0,0.0,0.0,0.0,0.0,"solar2_v,lipo2_v"
2021-04-14T21:00:00Z,30.0,30.0,,,0.0,0.0,,,,,,,,,,,4.027,4.026,4.027,,,,231.7,0.0,0.0,,,,,301.0,301.0,301.0,,,0.0,4928.0,4957.0,0.0,0.0,0.0,0.0,0.0,0.0,30.0,0.0,0.0,0.0,30.0,0.0,0.0,0.0,0.0,0.0,"solar2_v,lipo2_v"
2021-04-14T22:00:00Z,29.0,29.0,,,0.0,0.0,,,,,,,,,,,4.027,4.026,4.027,,,,231.552,0.0,0.0,,,,,301.0,301.0,301.0,,,0.0,4958.0,4986.0,0.0,0.0,0.0,0.0,0.0,0.0,29.0,0.0,0.0,0.0,29.0,0.0,0.0,0.0,0.0,0.0,"solar2_v,lipo2_v"
2021-04-14T23:00:00Z,30.0,30.0,,,0.0,0.0,,,,,,,,,,,4.027,4.027,4.027,,,,231.9,0.0,0.0,,,,,301.0,301.0,301.0,,,0.0,4987.0,5016.0,0.0,0.0,0.0,0.0,0.0,0.0,30.0,0.0,0.0,0.0,30.0,0.0,0.0,0.0,0.0,0.0,"solar2_v,lipo2_v"
2021-04-15T00:00:00Z,29.0,29.0,,,0.0,0.0,,,,,,,,,,,4.027,4.027,4.027,,,,231.552,0.0,0.0,,,,,301.345,301.0,303.0,,,0.0,5017.0,5045.0,0.0,0.0,0.0,0.0,0.0,0.0,29.0,0.0,0.0,0.0,29.0,0.0,0.0,0.0,0.0,0.0,"solar2_v,lipo2_v"
2021-04-15T01:00:00Z,29.0,29.0,,,0.0,0.0,,,,,,,,,,,4.027,4.026,4.027,,,,231.241,0.0,0.0,,,,,304.069,302.0,306.0,,,0.0,5046.0,5075.0,0.0,0.0,0.0,0.0,0.0,0.0,29.0,0.0,0.0,0.0,29.0,0.0,0.0,0.0,0.0,0.0,"solar2_v,lipo2_v"
2021-04-15T02:00:00Z,29.0,29.0,,,0.0,0.0,,,,,,,,,,,4.027,4.026,4.027,,,,231.345,0.0,0.0,,,,,305.655,305.0,306.0,,,0.0,5076.0,5104.0,0.0,0.0,0.0,0.0,0.0,0.0,29.0,0.0,0.0,0.0,29.0,0.0,0.0,0.0,0.0,0.0,"solar2_v,lipo2_v"
2021-04-15T03:00:00Z,30.0,30.0,,,0.0,0.0,,,,,,,,,,,4.027,4.026,4.027,,,,231.0,0.0,0.0,,,,,304.333,304.0,305.0,,,0.0,5105.0,5134.0,0.0,0.0,0.0,0.0,0.0,0.0,30.0,0.0,0.0,0.0,30.0,0.0,0.0,0.0,0.0,0.0,"solar2_v,lipo2_v"
2021-04-15T04:00:00Z,29.0,29.0,,,0.0,0.0,,,,,,,,,,,4.027,4.026,4.027,,,,231.069,0.0,0.0,,,,,306.103,305.0,307.0,,,0.0,5135.0,5163.0,0.0,0.0,0.0,0.0,0.0,0.0,29.0,0.0,0.0,0.0,29.0,0.0,0.0,0.0,0.0,0.0,"solar2_v,lipo2_v"
2021-04-15T05:00:00Z,30.0,30.0,,,0.0,0.0,,,,,,,,,,,4.027,4.026,4.027,,,,230.667,0.0,0.0,,,,,307.967,307.0,309.0,,,0.0,5164.0,5193.0,0.0,0.0,0.0,0.0,0.0,0.0,30.0,0.0,0.0,0.0,30.0,0.0,0.0,0.0,0.0,0.0,"solar2_v,lipo2_v"
2021-04-15T06:00:00Z,29.0,29.0,,,0.0,0.0,,,,,,,,,,,4.026,4.026,4.027,,,,230.724,0.0,0.0,,,,,309.966,305.0,311.0,,,0.0,5194.0,5222.0,0.0,0.0,0.0,0.0,0.0,0.0,29.0,0.0,0.0,0.0,29.0,0.0,0.0,0.0,0.0,0.0,"solar2_v,lipo2_v"
2021-04-15T07:00:00Z,30.0,30.0,,,0.0,0.0,,,,,,,,,,,4.026,4.026,4.027,,,,233.333,0.0,0.0,,,,,288.633,282.0,302.0,,,0.0,5223.0,5252.0,0.0,0.0,0.0,0.0,0.0,0.0,30.0,0.0,0.0,0.0,30.0,0.0,0.0,0.0,0.0,0.0,"solar2_v,lipo2_v"
2021-04-15T08:00:00Z,29.0,29.0,,,0.0,0.0,,,,,,,,,,,4.026,4.024,4.027,,,,233.966,0.0,0.0,,,,,278.207,276.0,281.0,,,0.0,5253.0,5281.0,0.0,0.0,0.0,0.0,0.0,0.0,29.0,0.0,0.0,0.0,29.0,0.0,0.0,0.0,0.0,0.0,"solar2_v,lipo2_v"
2021-04-15T09:00:00Z,29.0,29.0,,,0.0,0.0,,,,,,,,,,,4.026,4.024,4.026,,,,234.103,0.0,0.0,,,,,274.69,273.0,279.0,,,0.0,5282.0,5310.0,0.0,0.0,0.0,0.0,0.0,0.0,29.0,0.0,0.0,0.0,29.0,0.0,0.0,0.0,0.0,0.0,"solar2_v,lipo2_v"
2021-04-15T10:00:00Z,30.0,30.0,,,0.0,0.0,,,,,,,,,,,4.026,4.024,4.027,,,,233.033,0.0,0.0,,,,,289.6,280.0,296.0,,,0.0,5311.0,5340.0,0.0,0.0,0.0,0.0,0.0,0.0,30.0,0.0,0.0,0.0,30.0,0.0,0.0,0.0,0.0,0.0,"solar2_v,lipo2_v"
2021-04-15T11:00:00Z,29.0,29.0,,,0.0,0.0,,,,,,,,,,,4.026,4.026,4.027,,,,232.414,0.0,0.0,,,,,298.966,296.0,301.0,,,0.0,5341.0,5369.0,0.0,0.0,0.0,0.0,0.0,0.0,29.0,0.0,0.0,0.0,29.0,0.0,0.0,0.0,0.0,0.0,"solar2_v,lipo2_v"
2021-04-15T12:00:00Z,30.0,30.0,,,0.0,0.0,,,,,,,,,,,4.026,4.026,4.027,,,,232.067,0.0,0.0,,,,,300.967,300.0,301.0,,,0.0,5370.0,5399.0,0.0,0.0,0.0,0.0,0.0,0.0,30.0,0.0,0.0,0.0,30.0,0.0,0.0,0.0,0.0,0.0,"solar2_v,lipo2_v"
2021-04-15T13:00:00Z,29.0,29.0,,,0.0,0.0,,,,,,,,,,,4.026,4.026,4.027,,,,231.724,0.0,0.0,,,,,301.724,301.0,303.0,,,0.0,5400.0,5428.0,0.0,0.0,0.0,0.0,0.0,0.0,29.0,0.0,0.0,0.0,29.0,0.0,0.0,0.0,0.0,0.0,"solar2_v,lipo2_v"
2021-04-15T14:00:00Z,28.0,28.0,,,0.0,0.0,,,,,,,,,,,4.026,4.024,4.027,,,,231.643,0.0,0.0,,,,,303.357,303.0,304.0,,,0.0,5429.0,5457.0,0.0,0.0,0.0,0.0,0.0,0.0,28.0,0.0,0.0,0.0,28.0,0.0,0.0,0.0,0.0,0.0,"solar2_v,lipo2_v"
2021-04-15T15:00:00Z,28.0,28.0,,,0.0,0.0,,,,,,,,,,,4.026,4.024,4.026,,,,231.536,0.0,0.0,,,,,303.893,303.0,305.0,,,0.0,5458.0,5486.0,0.0,0.0,0.0,0.0,0.0,0.0,28.0,0.0,0.0,0.0,28.0,0.0,0.0,0.0,0.0,0.0,"solar2_v,lipo2_v"
2021-04-15T16:00:00Z,30.0,30.0,,,0.0,0.0,,,,,,,,,,,4.026,4.024,4.027,,,,231.567,0.0,0.0,,,,,304.767,304.0,305.0,,,0.0,5487.0,5516.0,0.0,0.0,0.0,0.0,0.0,0.0,30.0,0.0,0.0,0.0,30.0,0.0,0.0,0.0,0.0,0.0,"solar2_v,lipo2_v"
2021-04-15T17:00:00Z,29.0,29.0,,,0.0,0.0,,,,,,,,,,,4.026,4.024,4.027,,,,231.586,0.0,0.0,,,,,305.724,305.0,306.0,,,0.0,5517.0,5545.0,0.0,0.0,0.0,0.0,0.0,0.0,29.0,0.0,0.0,0.0,29.0,0.0,0.0,0.0,0.0,0.0,"solar2_v,lipo2_v"
2021-04-15T18:00:00Z,29.0,29.0,,,0.0,0.0,,,,,,,,,,,4.026,4.024,4.027,,,,231.517,0.0,0.0,,,,,304.931,303.0,306.0,,,0.0,5546.0,5574.0,0.0,0.0,0.0,0.0,0.0,0.0,29.0,0.0,0.0,0.0,29.0,0.0,0.0,0.0,0.0,0.0,"solar2_v,lipo2_v"
2021-04-15T19:00:00Z,30.0,30.0,,,0.0,0.0,,,,,,,,,,,4.026,4.024,4.027,,,,231.7,0.0,0.0,,,,,302.567,302.0,303.0,,,0.0,5575.0,5604.0,0.0,0.0,0.0,0.0,0.0,0.0,30.0,0.0,0.0,0.0,30.0,0.0,0.0,0.0,0.0,0.0,"solar2_v,lipo2_v"
2021-04-15T20:00:00Z,29.0,29.0,,,0.0,0.0,,,,,,,,,,,4.025,4.024,4.026,,,,231.759,0.0,0.0,,,,,301.138,301.0,302.0,,,0.0,5605.0,5633.0,0.0,0.0,0.0,0.0,0.0,0.0,29.0,0.0,0.0,0.0,29.0,0.0,0.0,0.0,0.0,0.0,"solar2_v,lipo2_v"
2021-04-15T21:00:00Z,30.0,30.0,,,0.0,0.0,,,,,,,,,,,4.025,4.022,4.026,,,,231.867,0.0,0.0,,,,,301.0,301.0,301.0,,,0.0,5634.0,5663.0,0.0,0.0,0.0,0.0,0.0,0.0,30.0,0.0,0.0,0.0,30.0,0.0,0.0,0.0,0.0,0.0,"solar2_v,lipo2_v"
2021-04-15T22:00:00Z,29.0,29.0,,,0.0,0.0,,,,,,,,,,,4.025,4.024,4.026,,,,231.586,0.0,0.0,,,,,301.0,301.0,301.0,,,0.0,5664.0,5692.0,0.0,0.0,0.0,0.0,0.0,0.0,29.0,0.0,0.0,0.0,29.0,0.0,0.0,0.0,0.0,0.0,"solar2_v,lipo2_v"
2021-04-15T23:00:00Z,30.0,30.0,,,0.0,0.0,,,,,,,,,,,4.024,4.022,4.026,,,,232.0,0.0,0.0,,,,,301.0,301.0,301.0,,,0.0,5693.0,5722.0,0.0,0.0,0.0,0.0,0.0,0.0,30.0,0.0,0.0,0.0,30.0,0.0,0.0,0.0,0.0,0.0,"solar2_v,lipo2_v"
2021-04-16T00:00:00Z,29.0,29.0,,,0.0,0.0,,,,,,,,,,,4.024,4.022,4.026,,,,232.241,0.0,0.0,,,,,301.0,301.0,301.0,,,0.0,5723.0,5751.0,0.0,0.0,0.0,0.0,0.0,0.0,29.0,0.0,0.0,0.0,29.0,0.0,0.0,0.0,0.0,0.0,"solar2_v,lipo2_v"
2021-04-16T01:00:00Z,30.0,30.0,,,0.0,0.0,,,,,,,,,,,4.024,4.022,4.026,,,,232.1,0.0,0.0,,,,,301.0,301.0,301.0,,,0.0,5752.0,5781.0,0.0,0.0,0.0,0.0,0.0,0.0,30.0,0.0,0.0,0.0,30.0,0.0,0.0,0.0,0.0,0.0,"solar2_v,lipo2_v"
2021-04-16T02:00:00Z,29.0,29.0,,,0.0,0.0,,,,,,,,,,,4.024,4.022,4.026,,,,231.966,0.0,0.0,,,,,301.276,301.0,302.0,,,0.0,5782.0,5810.0,0.0,0.0,0.0,0.0,0.0,0.0,29.0,0.0,0.0,0.0,29.0,0.0,0.0,0.0,0.0,0.0,"solar2_v,lipo2_v"
2021-04-16T03:00:00Z,29.0,29.0,,,0.0,0.0,,,,,,,,,,,4.024,4.022,4.026,,,,231.517,0.0,0.0,,,,,303.69,302.0,304.0,,,0.0,5811.0,5839.0,0.0,0.0,0.0,0.0,0.0,0.0,29.0,0.0,0.0,0.0,29.0,0.0,0.0,0.0,0.0,0.0,"solar2_v,lipo2_v"
2021-04-16T04:00:00Z,29.0,29.0,,,0.0,0.0,,,,,,,,,,,4.023,4.021,4.026,,,,231.586,0.0,0.0,,,,,305.552,304.0,307.0,,,0.0,5840.0,5868.0,0.0,0.0,0.0,0.0,0.0,0.0,29.0,0.0,0.0,0.0,29.0,0.0,0.0,0.0,0.0,0.0,"solar2_v,lipo2_v"
2021-04-16T05:00:00Z,30.0,30.0,,,0.0,0.0,,,,,,,,,,,4.023,4.021,4.026,,,,231.567,0.0,0.0,,,,,306.0,306.0,306.0,,,0.0,5869.0,5898.0,0.0,0.0,0.0,0.0,0.0,0.0,30.0,0.0,0.0,0.0,30.0,0.0,0.0,0.0,0.0,0.0,"solar2_v,lipo2_v"
2021-04-16T06:00:00Z,29.0,29.0,,,0.0,0.0,,,,,,,,,,,4.023,4.022,4.026,,,,231.517,0.0,0.0,,,,,307.103,306.0,310.0,,,0.0,5899.0,5927.0,0.0,0.0,0.0,0.0,0.0,0.0,29.0,0.0,0.0,0.0,29.0,0.0,0.0,0.0,0.0,0.0,"solar2_v,lipo2_v"
2021-04-16T07:00:00Z,30.0,30.0,,,0.0,0.0,,,,,,,,,,,4.022,4.017,4.024,,,,230.967,0.0,0.0,,,,,311.6,309.0,313.0,,,0.0,5928.0,5957.0,0.0,0.0,0.0,0.0,0.0,0.0,30.0,0.0,0.0,0.0,30.0,0.0,0.0,0.0,0.0,0.0,"solar2_v,lipo2_v"
2021-04-16T08:00:00Z,29.0,29.0,,,0.0,0.0,,,,,,,,,,,4.022,4.019,4.024,,,,231.414,0.0,0.0,,,,,311.276,309.0,313.0,,,0.0,5958.0,5986.0,0.0,0.0,0.0,0.0,0.0,0.0,29.0,0.0,0.0,0.0,29.0,0.0,0.0,0.0,0.0,0.0,"solar2_v,lipo2_v"
2021-04-16T09:00:00Z,28.0,28.0,,,0.0,0.0,,,,,,,,,,,4.022,4.019,4.024,,,,231.25,0.0,0.0,,,,,310.5,309.0,314.0,,,0.0,5987.0,6015.0,0.0,0.0,0.0,0.0,0.0,0.0,28.0,0.0,0.0,0.0,28.0,0.0,0.0,0.0,0.0,0.0,"solar2_v,lipo2_v"
2021-04-16T10:00:00Z,29.0,29.0,,,0.0,0.0,,,,,,,,,,,4.021,4.019,4.022,,,,231.414,0.0,0.0,,,,,308.517,308.0,310.0,,,0.0,6016.0,6044.0,0.0,0.0,0.0,0.0,0.0,0.0,29.0,0.0,0.0,0.0,29.0,0.0,0.0,0.0,0.0,0.0,"solar2_v,lipo2_v"
2021-04-16T11:00:00Z,30.0,30.0,,,0.0,0.0,,,,,,,,,,,4.02,4.017,4.022,,,,231.433,0.0,0.0,,,,,308.2,307.0,310.0,,,0.0,6045.0,6074.0,0.0,0.0,0.0,0.0,0.0,0.0,30.0,0.0,0.0,0.0,30.0,0.0,0.0,0.0,0.0,0.0,"solar2_v,lipo2_v"
2021-04-16T12:00:00Z,29.0,29.0,,,0.0,0.0,,,,,,,,,,,4.02,4.017,4.022,,,,231.586,0.0,0.0,,,,,307.0,306.0,308.0,,,0.0,6075.0,6103.0,0.0,0.0,0.0,0.0,0.0,0.0,29.0,0.0,0.0,0.0,29.0,0.0,0.0,0.0,0.0,0.0,"solar2_v,lipo2_v"
2021-04-16T13:00:00Z,16.0,16.0,,,0.0,0.0,,,,,,,,,,,4.019,4.016,4.022,,,,231.438,0.0,0.0,,,,,311.0,308.0,313.0,,,0.0,6104.0,6131.0,0.0,0.0,0.0,0.0,0.0,0.0,16.0,0.0,0.0,0.0,16.0,0.0,0.0,0.0,0.0,0.0,"solar2_v,lipo2_v"
2021-04-16T14:00:00Z,15.0,15.0,,,0.0,0.0,,,,,,,,,,,4.017,4.014,4.019,,,,230.867,0.0,0.0,,,,,313.0,312.0,314.0,,,0.0,6133.0,6158.0,0.0,0.0,0.0,0.0,0.0,0.0,15.0,0.0,0.0,0.0,15.0,0.0,0.0,0.0,0.0,0.0,"solar2_v,lipo2_v"
2021-04-16T15:00:00Z,20.0,20.0,,,0.0,0.0,,,,,,,,,,,4.016,4.014,4.019,,,,230.8,0.0,0.0,,,,,313.0,313.0,313.0,,,0.0,6161.0,6188.0,0.0,0.0,0.0,0.0,0.0,0.0,20.0,0.0,0.0,0.0,20.0,0.0,0.0,0.0,0.0,0.0,"solar2_v,lipo2_v"
2021-04-16T16:00:00Z,29.0,29.0,,,0.0,0.0,,,,,,,,,,,4.016,4.012,4.019,,,,230.966,0.0,0.0,,,,,310.69,308.0,313.0,,,0.0,6189.0,6217.0,0.0,0.0,0.0,0.0,0.0,0.0,29.0,0.0,0.0,0.0,29.0,0.0,0.0,0.0,0.0,0.0,"solar2_v,lipo2_v"
2021-04-16T17:00:00Z,29.0,29.0,,,0.0,0.0,,,,,,,,,,,4.016,4.014,4.019,,,,231.621,0.0,0.0,,,,,306.655,306.0,308.0,,,0.0,6218.0,6246.0,0.0,0.0,0.0,0.0,0.0,0.0,29.0,0.0,0.0,0.0,29.0,0.0,0.0,0.0,0.0,0.0,"solar2_v,lipo2_v"
2021-04-16T18:00:00Z,30.0,30.0,,,0.0,0.0,,,,,,,,,,,4.015,4.012,4.019,,,,231.433,0.0,0.0,,,,,304.633,304.0,306.0,,,0.0,6247.0,6276.0,0.0,0.0,0.0,0.0,0.0,0.0,30.0,0.0,0.0,0.0,30.0,0.0,0.0,0.0,0.0,0.0,"solar2_v,lipo2_v"
2021-04-16T19:00:00Z,29.0,29.0,,,0.0,0.0,,,,,,,,,,,4.015,4.012,4.017,,,,232.0,0.0,0.0,,,,,303.034,302.0,304.0,,,0.0,6277.0,6305.0,0.0,0.0,0.0,0.0,0.0,0.0,29.0,0.0,0.0,0.0,29.0,0.0,0.0,0.0,0.0,0.0,"solar2_v,lipo2_v"
2021-04-16T20:00:00Z,30.0,30.0,,,0.0,0.0,,,,,,,,,,,4.015,4.012,4.017,,,,231.767,0.0,0.0,,,,,302.2,302.0,303.0,,,0.0,6306.0,6335.0,0.0,0.0,0.0,0.0,0.0,0.0,30.0,0.0,0.0,0.0,30.0,0.0,0.0,0.0,0.0,0.0,"solar2_v,lipo2_v"
2021-04-16T21:00:00Z,29.0,29.0,,,0.0,0.0,,,,,,,,,,,4.014,4.011,4.019,,,,231.828,0.0,0.0,,,,,301.483,301.0,302.0,,,0.0,6336.0,6364.0,0.0,0.0,0.0,0.0,0.0,0.0,29.0,0.0,0.0,0.0,29.0,0.0,0.0,0.0,0.0,0.0,"solar2_v,lipo2_v"
2021-04-16T22:00:00Z,30.0,30.0,,,0.0,0.0,,,,,,,,,,,4.013,4.012,4.016,,,,232.0,0.0,0.0,,,,,301.0,301.0,301.0,,,0.0,6365.0,6394.0,0.0,0.0,0.0,0.0,0.0,0.0,30.0,0.0,0.0,0.0,30.0,0.0,0.0,0.0,0.0,0.0,"solar2_v,lipo2_v"
2021-04-16T23:00:00Z,29.0,29.0,,,0.0,0.0,,,,,,,,,,,4.012,4.011,4.014,,,,231.655,0.0,0.0,,,,,301.759,301.0,303.0,,,0.0,6395.0,6423.0,0.0,0.0,0.0,0.0,0.0,0.0,29.0,0.0,0.0,0.0,29.0,0.0,0.0,0.0,0.0,0.0,"solar2_v,lipo2_v"
2021-04-17T00:00:00Z,30.0,30.0,,,0.0,0.0,,,,,,,,,,,4.012,4.011,4.014,,,,231.567,0.0,0.0,,,,,304.433,303.0,306.0,,,0.0,6424.0,6453.0,0.0,0.0,0.0,0.0,0.0,0.0,30.0,0.0,0.0,0.0,30.0,0.0,0.0,0.0,0.0,0.0,"solar2_v,lipo2_v"
2021-04-17T01:00:00Z,29.0,29.0,,,0.0,0.0,,,,,,,,,,,4.012,4.011,4.014,,,,231.414,0.0,0.0,,,,,306.828,306.0,308.0,,,0.0,6454.0,6482.0,0.0,0.0,0.0,0.0,0.0,0.0,29.0,0.0,0.0,0.0,29.0,0.0,0.0,0.0,0.0,0.0,"solar2_v,lipo2_v"
2021-04-17T02:00:00Z,29.0,29.0,,,0.0,0.0,,,,,,,,,,,4.012,4.012,4.014,,,,231.241,0.0,0.0,,,,,310.103,308.0,311.0,,,0.0,6483.0,6511.0,0.0,0.0,0.0,0.0,0.0,0.0,29.0,0.0,0.0,0.0,29.0,0.0,0.0,0.0,0.0,0.0,"solar2_v,lipo2_v"
2021-04-17T03:00:00Z,30.0,30.0,,,0.0,0.0,,,,,,,,,,,4.012,4.011,4.014,,,,231.5,0.0,0.0,,,,,311.433,310.0,312.0,,,0.0,6512.0,6541.0,0.0,0.0,0.0,0.0,0.0,0.0,30.0,0.0,0.0,0.0,30.0,0.0,0.0,0.0,0.0,0.0,"solar2_v,lipo2_v"
2021-04-17T04:00:00Z,28.0,28.0,,,0.0,0.0,,,,,,,,,,,4.011,4.009,4.012,,,,230.786,0.0,0.0,,,,,311.536,311.0,313.0,,,0.0,6542.0,6570.0,0.0,0.0,0.0,0.0,0.0,0.0,28.0,0.0,0.0,0.0,28.0,0.0,0.0,0.0,0.0,0.0,"solar2_v,lipo2_v"
2021-04-17T05:00:00Z,29.0,29.0,,,0.0,0.0,,,,,,,,,,,4.011,4.009,4.014,,,,231.034,0.0,0.0,,,,,311.379,311.0,313.0,,,0.0,6571.0,6600.0,0.0,0.0,0.0,0.0,0.0,0.0,29.0,0.0,0.0,0.0,29.0,0.0,0.0,0.0,0.0,0.0,"solar2_v,lipo2_v"
2021-04-17T06:00:00Z,29.0,29.0,,,0.0,0.0,,,,,,,,,,,4.011,4.009,4.014,,,,231.448,0.0,0.0,,,,,311.655,311.0,313.0,,,0.0,6601.0,6629.0,0.0,0.0,0.0,0.0,0.0,0.0,29.0,0.0,0.0,0.0,29.0,0.0,0.0,0.0,0.0,0.0,"solar2_v,lipo2_v"
2021-04-17T07:00:00Z,29.0,29.0,,,0.0,0.0,,,,,,,,,,,4.01,4.009,4.012,,,,231.207,0.0,0.0,,,,,311.862,303.0,313.0,,,0.0,6630.0,6658.0,0.0,0.0,0.0,0.0,0.0,0.0,29.0,0.0,0.0,0.0,29.0,0.0,0.0,0.0,0.0,0.0,"solar2_v,lipo2_v"
2021-04-17T08:00:00Z,30.0,30.0,,,0.015,0.441,,,,,,,,,,,4.009,4.001,4.011,,,,233.0,0.0,0.0,,,,,290.133,286.0,301.0,,,0.0,6659.0,6688.0,0.0,1.0,0.0,0.0,0.0,0.0,30.0,0.0,0.0,0.0,30.0,0.0,0.0,0.0,0.0,0.0,"solar2_v,lipo2_v"
2021-04-17T09:00:00Z,29.0,29.0,,,0.607,1.043,,,,,,,,,,,4.001,3.999,4.003,,,,228.759,0.0,0.0,,,,,333.172,301.0,341.0,,,0.0,6689.0,6717.0,0.0,29.0,0.0,0.0,0.0,0.0,29.0,0.0,0.0,0.0,29.0,0.0,0.0,0.0,0.0,0.0,"solar2_v,lipo2_v"
2021-04-17T10:00:00Z,30.0,30.0,,,0.257,0.554,,,,,,,,,,,4.0,3.999,4.001,,,,229.6,0.0,0.0,,,,,322.833,314.0,330.0,,,0.0,6718.0,6747.0,0.0,17.0,0.0,0.0,0.0,0.0,30.0,0.0,0.0,0.0,30.0,0.0,0.0,0.0,0.0,0.0,"solar2_v,lipo2_v"
2021-04-17T11:00:00Z,29.0,29.0,,,0.0,0.0,,,,,,,,,,,4.0,3.999,4.001,,,,231.103,0.0,0.0,,,,,311.897,308.0,314.0,,,0.0,6748.0,6776.0,0.0,0.0,0.0,0.0,0.0,0.0,29.0,0.0,0.0,0.0,29.0,0.0,0.0,0.0,0.0,0.0,"solar2_v,lipo2_v"
2021-04-17T12:00:00Z,30.0,30.0,,,0.0,0.0,,,,,,,,,,,3.999,3.998,4.001,,,,231.533,0.0,0.0,,,,,306.8,306.0,309.0,,,0.0,6777.0,6806.0,0.0,0.0,0.0,0.0,0.0,0.0,30.0,0.0,0.0,0.0,30.0,0.0,0.0,0.0,0.0,0.0,"solar2_v,lipo2_v"
2021-04-17T13:00:00Z,19.0,19.0,,,0.0,0.0,,,,,,,,,,,3.999,3.998,3.999,,,,231.368,0.0,0.0,,,,,307.474,306.0,309.0,,,0.0,6807.0,6833.0,0.0,0.0,0.0,0.0,0.0,0.0,19.0,0.0,0.0,0.0,19.0,0.0,0.0,0.0,0.0,0.0,"solar2_v,lipo2_v"
2021-04-17T14:00:00Z,16.0,16.0,,,0.0,0.0,,,,,,,,,,,3.998,3.996,3.999,,,,232.188,0.0,0.0,,,,,302.0,301.0,306.0,,,0.0,6836.0,6861.0,0.0,0.0,0.0,0.0,0.0,0.0,16.0,0.0,0.0,0.0,16.0,0.0,0.0,0.0,0.0,0.0,"solar2_v,lipo2_v"
2021-04-17T15:00:00Z,23.0,23.0,,,0.0,0.0,,,,,,,,,,,3.995,3.993,3.998,,,,232.043,0.0,0.0,,,,,301.609,301.0,303.0,,,0.0,6863.0,6891.0,0.0,0.0,0.0,0.0,0.0,0.0,23.0,0.0,0.0,0.0,23.0,0.0,0.0,0.0,0.0,0.0,"solar2_v,lipo2_v"
2021-04-17T16:00:00Z,29.0,29.0,,,0.0,0.0,,,,,,,,,,,3.995,3.993,3.998,,,,232.276,0.0,0.0,,,,,298.138,295.0,301.0,,,0.0,6892.0,6920.0,0.0,0.0,0.0,0.0,0.0,0.0,29.0,0.0,0.0,0.0,29.0,0.0,0.0,0.0,0.0,0.0,"solar2_v,lipo2_v"
2021-04-17T17:00:00Z,29.0,29.0,,,0.0,0.0,,,,,,,,,,,3.994,3.993,3.996,,,,232.655,0.0,0.0,,,,,296.552,295.0,298.0,,,0.0,6921.0,6949.0,0.0,0.0,0.0,0.0,0.0,0.0,29.0,0.0,0.0,0.0,29.0,0.0,0.0,0.0,0.0,0.0,"solar2_v,lipo2_v"
2021-04-17T18:00:00Z,30.0,30.0,,,0.0,0.0,,,,,,,,,,,3.993,3.991,3.994,,,,232.9,0.0,0.0,,,,,294.3,293.0,296.0,,,0.0,6950.0,6979.0,0.0,0.0,0.0,0.0,0.0,0.0,30.0,0.0,0.0,0.0,30.0,0.0,0.0,0.0,0.0,0.0,"solar2_v,lipo2_v"
2021-04-17T19:00:00Z,29.0,29.0,,,0.0,0.0,,,,,,,,,,,3.993,3.991,3.996,,,,233.034,0.0,0.0,,,,,292.483,291.0,294.0,,,0.0,6980.0,7008.0,0.0,0.0,0.0,0.0,0.0,0.0,29.0,0.0,0.0,0.0,29.0,0.0,0.0,0.0,0.0,0.0,"solar2_v,lipo2_v"
2021-04-17T20:00:00Z,30.0,30.0,,,0.0,0.0,,,,,,,,,,,3.993,3.991,3.994,,,,233.033,0.0,0.0,,,,,292.667,291.0,295.0,,,0.0,7009.0,7038.0,0.0,0.0,0.0,0.0,0.0,0.0,30.0,0.0,0.0,0.0,30.0,0.0,0.0,0.0,0.0,0.0,"solar2_v,lipo2_v"
2021-04-17T21:00:00Z,29.0,29.0,,,0.0,0.0,,,,,,,,,,,3.991,3.988,3.993,,,,232.931,0.0,0.0,,,,,291.621,291.0,294.0,,,0.0,7039.0,7067.0,0.0,0.0,0.0,0.0,0.0,0.0,29.0,0.0,0.0,0.0,29.0,0.0,0.0,0.0,0.0,0.0,"solar2_v,lipo2_v"
2021-04-17T22:00:00Z,30.0,30.0,,,0.0,0.0,,,,,,,,,,,3.991,3.988,3.993,,,,233.367,0.0,0.0,,,,,289.667,283.0,293.0,,,0.0,7068.0,7097.0,0.0,0.0,0.0,0.0,0.0,0.0,30.0,0.0,0.0,0.0,30.0,0.0,0.0,0.0,0.0,0.0,"solar2_v,lipo2_v"
2021-04-17T23:00:00Z,29.0,29.0,,,0.231,0.602,,,,,,,,,,,3.989,3.986,3.993,,,,233.448,0.0,0.0,,,,,287.724,285.0,290.0,,,0.0,7098.0,7126.0,0.0,18.0,0.0,0.0,0.0,0.0,29.0,0.0,0.0,0.0,29.0,0.0,0.0,0.0,0.0,0.0,"solar2_v,lipo2_v"
2021-04-18T00:00:00Z,29.0,29.0,,,0.954,1.507,,,,,,,,,,,3.988,3.986,3.991,,,,231.931,0.0,0.0,,,,,304.207,290.0,317.0,,,0.0,7127.0,7155.0,0.0,29.0,0.0,0.0,0.0,0.0,29.0,0.0,0.0,0.0,29.0,0.0,0.0,0.0,0.0,0.0,"solar2_v,lipo2_v"
2021-04-18T01:00:00Z,30.0,30.0,,,1.145,2.333,,,,,,,,,,,3.987,3.984,3.989,,,,231.067,0.0,0.0,,,,,307.8,304.0,314.0,,,0.0,7156.0,7185.0,0.0,30.0,0.0,0.0,0.0,0.0,30.0,0.0,0.0,0.0,30.0,0.0,0.0,0.0,0.0,0.0,"solar2_v,lipo2_v"
2021-04-18T02:00:00Z,29.0,29.0,,,2.526,4.264,,,,,,,,,,,3.988,3.986,3.989,,,,226.552,0.0,0.0,,,,,353.862,314.0,397.0,,,0.0,7186.0,7214.0,0.0,29.0,0.0,0.0,0.0,0.0,29.0,0.0,0.0,0.0,29.0,0.0,0.0,0.0,0.0,0.0,"solar2_v,lipo2_v"
2021-04-18T03:00:00Z,30.0,30.0,,,1.917,4.579,,,,,,,,,,,3.992,3.988,3.994,,,,226.167,0.0,0.0,,,,,360.167,352.0,371.0,,,0.0,7215.0,7244.0,0.0,30.0,0.0,0.0,0.0,0.0,30.0,0.0,0.0,0.0,30.0,0.0,0.0,0.0,0.0,0.0,"solar2_v,lipo2_v"
2021-04-18T04:00:00Z,29.0,29.0,,,1.088,2.014,,,,,,,,,,,3.989,3.986,3.994,,,,228.517,0.0,0.0,,,,,333.069,302.0,350.0,,,0.0,7245.0,7273.0,0.0,29.0,0.0,0.0,0.0,0.0,29.0,0.0,0.0,0.0,29.0,0.0,0.0,0.0,0.0,0.0,"solar2_v,lipo2_v"
2021-04-18T05:00:00Z,27.0,27.0,,,1.713,2.361,,,,,,,,,,,3.987,3.986,3.989,,,,231.519,0.0,0.0,,,,,307.296,295.0,321.0,,,0.0,7274.0,7302.0,0.0,27.0,0.0,0.0,0.0,0.0,27.0,0.0,0.0,0.0,27.0,0.0,0.0,0.0,0.0,0.0,"solar2_v,lipo2_v"
2021-04-18T06:00:00Z,28.0,28.0,,,3.262,5.008,,,,,,,,,,,3.988,3.986,3.991,,,,225.536,0.0,0.0,,,,,366.0,323.0,445.0,,,0.0,7303.0,7331.0,0.0,28.0,0.0,0.0,0.0,0.0,28.0,0.0,0.0,0.0,28.0,0.0,0.0,0.0,0.0,0.0,"solar2_v,lipo2_v"
2021-04-18T07:00:00Z,29.0,29.0,,,3.582,4.588,,,,,,,,,,,3.991,3.989,3.993,,,,218.828,0.0,0.0,,,,,441.724,399.0,457.0,,,0.0,7332.0,7361.0,0.0,29.0,0.0,0.0,0.0,0.0,29.0,0.0,0.0,0.0,29.0,0.0,0.0,0.0,0.0,0.0,"solar2_v,lipo2_v"
2021-04-18T08:00:00Z,29.0,29.0,,,1.679,2.196,,,,,,,,,,,3.991,3.988,3.993,,,,225.966,0.0,0.0,,,,,366.828,347.0,394.0,,,0.0,7362.0,7390.0,0.0,29.0,0.0,0.0,0.0,0.0,29.0,0.0,0.0,0.0,29.0,0.0,0.0,0.0,0.0,0.0,"solar2_v,lipo2_v"
2021-04-18T09:00:00Z,26.0,26.0,,,0.808,1.177,,,,,,,,,,,3.986,3.984,3.989,,,,228.577,0.0,0.0,,,,,332.577,326.0,345.0,,,0.0,7391.0,7419.0,0.0,26.0,0.0,0.0,0.0,0.0,26.0,0.0,0.0,0.0,26.0,0.0,0.0,0.0,0.0,0.0,"solar2_v,lipo2_v"
2021-04-18T10:00:00Z,30.0,30.0,,,0.136,0.505,,,,,,,,,,,3.985,3.983,3.986,,,,230.433,0.0,0.0,,,,,317.167,311.0,326.0,,,0.0,7420.0,7449.0,0.0,10.0,0.0,0.0,0.0,0.0,30.0,0.0,0.0,0.0,30.0,0.0,0.0,0.0,0.0,0.0,"solar2_v,lipo2_v"
2021-04-18T11:00:00Z,29.0,29.0,,,0.0,0.0,,,,,,,,,,,3.984,3.981,3.986,,,,231.793,0.0,0.0,,,,,302.828,301.0,309.0,,,0.0,7450.0,7478.0,0.0,0.0,0.0,0.0,0.0,0.0,29.0,0.0,0.0,0.0,29.0,0.0,0.0,0.0,0.0,0.0,"solar2_v,lipo2_v"
2021-04-18T12:00:00Z,28.0,28.0,,,0.0,0.0,,,,,,,,,,,3.983,3.981,3.984,,,,232.179,0.0,0.0,,,,,300.786,300.0,301.0,,,0.0,7479.0,7507.0,0.0,0.0,0.0,0.0,0.0,0.0,28.0,0.0,0.0,0.0,28.0,0.0,0.0,0.0,0.0,0.0,"solar2_v,lipo2_v"
2021-04-18T13:00:00Z,18.0,18.0,,,0.0,0.0,,,,,,,,,,,3.981,3.979,3.983,,,,232.167,0.0,0.0,,,,,299.833,299.0,300.0,,,0.0,7508.0,7535.0,0.0,0.0,0.0,0.0,0.0,0.0,18.0,0.0,0.0,0.0,18.0,0.0,0.0,0.0,0.0,0.0,"solar2_v,lipo2_v"
2021-04-18T14:00:00Z,14.0,14.0,,,0.0,0.0,,,,,,,,,,,3.979,3.978,3.981,,,,232.5,0.0,0.0,,,,,298.143,295.0,300.0,,,0.0,7536.0,7563.0,0.0,0.0,0.0,0.0,0.0,0.0,14.0,0.0,0.0,0.0,14.0,0.0,0.0,0.0,0.0,0.0,"solar2_v,lipo2_v"
2021-04-18T15:00:00Z,22.0,22.0,,,0.0,0.0,,,,,,,,,,,3.978,3.976,3.979,,,,232.955,0.0,0.0,,,,,295.0,293.0,296.0,,,0.0,7565.0,7592.0,0.0,0.0,0.0,0.0,0.0,0.0,22.0,0.0,0.0,0.0,22.0,0.0,0.0,0.0,0.0,0.0,"solar2_v,lipo2_v"
2021-04-18T16:00:00Z,30.0,30.0,,,0.0,0.0,,,,,,,,,,,3.978,3.976,3.978,,,,233.133,0.0,0.0,,,,,293.6,291.0,296.0,,,0.0,7593.0,7622.0,0.0,0.0,0.0,0.0,0.0,0.0,30.0,0.0,0.0,0.0,30.0,0.0,0.0,0.0,0.0,0.0,"solar2_v,lipo2_v"
2021-04-18T17:00:00Z,29.0,29.0,,,0.0,0.0,,,,,,,,,,,3.977,3.976,3.978,,,,233.241,0.0,0.0,,,,,290.345,287.0,292.0,,,0.0,7623.0,7651.0,0.0,0.0,0.0,0.0,0.0,0.0,29.0,0.0,0.0,0.0,29.0,0.0,0.0,0.0,0.0,0.0,"solar2_v,lipo2_v"
2021-04-18T18:00:00Z,30.0,30.0,,,0.0,0.0,,,,,,,,,,,3.976,3.976,3.978,,,,233.267,0.0,0.0,,,,,287.233,287.0,288.0,,,0.0,7652.0,7681.0,0.0,0.0,0.0,0.0,0.0,0.0,30.0,0.0,0.0,0.0,30.0,0.0,0.0,0.0,0.0,0.0,"solar2_v,lipo2_v"
2021-04-18T19:00:00Z,29.0,29.0,,,0.0,0.0,,,,,,,,,,,3.976,3.974,3.976,,,,233.379,0.0,0.0,,,,,287.31,287.0,288.0,,,0.0,7682.0,7710.0,0.0,0.0,0.0,0.0,0.0,0.0,29.0,0.0,0.0,0.0,29.0,0.0,0.0,0.0,0.0,0.0,"solar2_v,lipo2_v"
2021-04-18T20:00:00Z,30.0,30.0,,,0.0,0.0,,,,,,,,,,,3.975,3.974,3.976,,,,233.467,0.0,0.0,,,,,285.3,281.0,287.0,,,0.0,7711.0,7740.0,0.0,0.0,0.0,0.0,0.0,0.0,30.0,0.0,0.0,0.0,30.0,0.0,0.0,0.0,0.0,0.0,"solar2_v,lipo2_v"
2021-04-18T21:00:00Z,29.0,29.0,,,0.0,0.0,,,,,,,,,,,3.974,3.974,3.976,,,,233.759,0.0,0.0,,,,,281.0,281.0,281.0,,,0.0,7741.0,7769.0,0.0,0.0,0.0,0.0,0.0,0.0,29.0,0.0,0.0,0.0,29.0,0.0,0.0,0.0,0.0,0.0,"solar2_v,lipo2_v"
2021-04-18T22:00:00Z,30.0,30.0,,,0.0,0.0,,,,,,,,,,,3.974,3.974,3.976,,,,233.733,0.0,0.0,,,,,279.833,279.0,281.0,,,0.0,7770.0,7799.0,0.0,0.0,0.0,0.0,0.0,0.0,30.0,0.0,0.0,0.0,30.0,0.0,0.0,0.0,0.0,0.0,"solar2_v,lipo2_v"
2021-04-18T23:00:00Z,29.0,29.0,,,0.58,1.63,,,,,,,,,,,3.974,3.974,3.974,,,,233.172,0.0,0.0,,,,,290.276,280.0,317.0,,,0.0,7800.0,7828.0,0.0,20.0,0.0,0.0,0.0,0.0,29.0,0.0,0.0,0.0,29.0,0.0,0.0,0.0,0.0,0.0,"solar2_v,lipo2_v"
2021-04-19T00:00:00Z,29.0,29.0,,,1.815,2.533,,,,,,,,,,,3.974,3.974,3.976,,,,227.345,0.0,0.0,,,,,347.31,321.0,372.0,,,0.0,7829.0,7857.0,0.0,29.0,0.0,0.0,0.0,0.0,29.0,0.0,0.0,0.0,29.0,0.0,0.0,0.0,0.0,0.0,"solar2_v,lipo2_v"
2021-04-19T01:00:00Z,30.0,30.0,,,2.863,4.103,,,,,,,,,,,3.974,3.974,3.976,,,,223.8,0.0,0.0,,,,,385.833,372.0,414.0,,,0.0,7858.0,7887.0,0.0,30.0,0.0,0.0,0.0,0.0,30.0,0.0,0.0,0.0,30.0,0.0,0.0,0.0,0.0,0.0,"solar2_v,lipo2_v"
2021-04-19T02:00:00Z,29.0,29.0,,,3.788,5.057,,,,,,,,,,,3.974,3.974,3.976,,,,219.793,0.0,0.0,,,,,435.828,406.0,461.0,,,0.0,7888.0,7916.0,0.0,29.0,0.0,0.0,0.0,0.0,29.0,0.0,0.0,0.0,29.0,0.0,0.0,0.0,0.0,0.0,"solar2_v,lipo2_v"
2021-04-19T03:00:00Z,30.0,30.0,,,4.761,5.115,,,,,,,,,,,3.974,3.974,3.976,,,,218.067,0.0,0.0,,,,,455.9,439.0,470.0,,,0.0,7917.0,7946.0,0.0,30.0,0.0,0.0,0.0,0.0,30.0,0.0,0.0,0.0,30.0,0.0,0.0,0.0,0.0,0.0,"solar2_v,lipo2_v"
2021-04-19T04:00:00Z,29.0,29.0,,,4.909,5.139,,,,,,,,,,,3.974,3.974,3.976,,,,214.414,0.0,0.0,,,,,491.172,472.0,501.0,,,0.0,7947.0,7975.0,0.0,29.0,0.0,0.0,0.0,0.0,29.0,0.0,0.0,0.0,29.0,0.0,0.0,0.0,0.0,0.0,"solar2_v,lipo2_v"
2021-04-19T05:00:00Z,30.0,30.0,,,4.568,5.21,,,,,,,,,,,3.974,3.973,3.974,,,,214.933,0.0,0.0,,,,,484.7,457.0,500.0,,,0.0,7976.0,8005.0,0.0,30.0,0.0,0.0,0.0,0.0,30.0,0.0,0.0,0.0,30.0,0.0,0.0,0.0,0.0,0.0,"solar2_v,lipo2_v"
2021-04-19T06:00:00Z,29.0,29.0,,,3.3,5.174,,,,,,,,,,,3.971,3.97,3.974,,,,220.276,0.0,0.0,,,,,429.517,399.0,460.0,,,0.0,8006.0,8034.0,0.0,29.0,0.0,0.0,0.0,0.0,29.0,0.0,0.0,0.0,29.0,0.0,0.0,0.0,0.0,0.0,"solar2_v,lipo2_v"
2021-04-19T07:00:00Z,30.0,30.0,,,1.945,5.139,,,,,,,,,,,3.971,3.97,3.973,,,,221.767,0.0,0.0,,,,,404.1,380.0,451.0,,,0.0,8035.0,8064.0,0.0,30.0,0.0,0.0,0.0,0.0,30.0,0.0,0.0,0.0,30.0,0.0,0.0,0.0,0.0,0.0,"solar2_v,lipo2_v"
2021-04-19T08:00:00Z,29.0,29.0,,,1.623,2.289,,,,,,,,,,,3.962,3.948,3.971,,,,226.31,0.0,0.0,,,,,358.897,344.0,380.0,,,0.0,8065.0,8093.0,0.0,29.0,0.0,0.0,0.0,0.0,29.0,0.0,0.0,0.0,29.0,0.0,0.0,0.0,0.0,0.0,"solar2_v,lipo2_v"
2021-04-19T09:00:00Z,29.0,29.0,,,0.559,1.704,,,,,,,,,,,3.943,3.935,3.951,,,,229.862,0.0,0.0,,,,,322.448,301.0,345.0,,,0.0,8094.0,8122.0,0.0,18.0,0.0,0.0,0.0,0.0,29.0,0.0,0.0,0.0,29.0,0.0,0.0,0.0,0.0,0.0,"solar2_v,lipo2_v"
2021-04-19T10:00:00Z,30.0,30.0,,,0.0,0.0,,,,,,,,,,,3.935,3.933,3.938,,,,232.6,0.0,0.0,,,,,295.433,292.0,301.0,,,0.0,8123.0,8152.0,0.0,0.0,0.0,0.0,0.0,0.0,30.0,0.0,0.0,0.0,30.0,0.0,0.0,0.0,0.0,0.0,"solar2_v,lipo2_v"
2021-04-19T11:00:00Z,28.0,28.0,,,0.0,0.0,,,,,,,,,,,3.933,3.932,3.935,,,,232.679,0.0,0.0,,,,,294.071,293.0,296.0,,,0.0,8153.0,8181.0,0.0,0.0,0.0,0.0,0.0,0.0,28.0,0.0,0.0,0.0,28.0,0.0,0.0,0.0,0.0,0.0,"solar2_v,lipo2_v"
2021-04-19T12:00:00Z,30.0,30.0,,,0.0,0.0,,,,,,,,,,,3.932,3.93,3.933,,,,233.033,0.0,0.0,,,,,292.567,291.0,295.0,,,0.0,8182.0,8211.0,0.0,0.0,0.0,0.0,0.0,0.0,30.0,0.0,0.0,0.0,30.0,0.0,0.0,0.0,0.0,0.0,"solar2_v,lipo2_v"
2021-04-19T13:00:00Z,29.0,29.0,,,0.0,0.0,,,,,,,,,,,3.931,3.93,3.933,,,,233.172,0.0,0.0,,,,,294.069,291.0,296.0,,,0.0,8212.0,8240.0,0.0,0.0,0.0,0.0,0.0,0.0,29.0,0.0,0.0,0.0,29.0,0.0,0.0,0.0,0.0,0.0,"solar2_v,lipo2_v"
2021-04-19T14:00:00Z,30.0,30.0,,,0.0,0.0,,,,,,,,,,,3.929,3.928,3.932,,,,233.1,0.0,0.0,,,,,290.0,288.0,291.0,,,0.0,8241.0,8270.0,0.0,0.0,0.0,0.0,0.0,0.0,30.0,0.0,0.0,0.0,30.0,0.0,0.0,0.0,0.0,0.0,"solar2_v,lipo2_v"
2021-04-19T15:00:00Z,29.0,29.0,,,0.0,0.0,,,,,,,,,,,3.928,3.925,3.932,,,,233.31,0.0,0.0,,,,,287.828,287.0,290.0,,,0.0,8271.0,8299.0,0.0,0.0,0.0,0.0,0.0,0.0,29.0,0.0,0.0,0.0,29.0,0.0,0.0,0.0,0.0,0.0,"solar2_v,lipo2_v"
2021-04-19T16:00:00Z,29.0,29.0,,,0.0,0.0,,,,,,,,,,,3.927,3.925,3.93,,,,233.103,0.0,0.0,,,,,290.862,290.0,292.0,,,0.0,8300.0,8328.0,0.0,0.0,0.0,0.0,0.0,0.0,29.0,0.0,0.0,0.0,29.0,0.0,0.0,0.0,0.0,0.0,"solar2_v,lipo2_v"
2021-04-19T17:00:00Z,30.0,30.0,,,0.0,0.0,,,,,,,,,,,3.926,3.923,3.927,,,,232.933,0.0,0.0,,,,,287.5,286.0,290.0,,,0.0,8329.0,8358.0,0.0,0.0,0.0,0.0,0.0,0.0,30.0,0.0,0.0,0.0,30.0,0.0,0.0,0.0,0.0,0.0,"solar2_v,lipo2_v"
2021-04-19T18:00:00Z,29.0,29.0,,,0.0,0.0,,,,,,,,,,,3.924,3.922,3.927,,,,233.103,0.0,0.0,,,,,284.517,281.0,286.0,,,0.0,8359.0,8387.0,0.0,0.0,0.0,0.0,0.0,0.0,29.0,0.0,0.0,0.0,29.0,0.0,0.0,0.0,0.0,0.0,"solar2_v,lipo2_v"
2021-04-19T19:00:00Z,30.0,30.0,,,0.0,0.0,,,,,,,,,,,3.923,3.922,3.927,,,,233.467,0.0,0.0,,,,,280.667,280.0,282.0,,,0.0,8388.0,8417.0,0.0,0.0,0.0,0.0,0.0,0.0,30.0,0.0,0.0,0.0,30.0,0.0,0.0,0.0,0.0,0.0,"solar2_v,lipo2_v"
2021-04-19T20:00:00Z,29.0,29.0,,,0.0,0.0,,,,,,,,,,,3.923,3.922,3.923,,,,233.966,0.0,0.0,,,,,281.207,281.0,283.0,,,0.0,8418.0,8446.0,0.0,0.0,0.0,0.0,0.0,0.0,29.0,0.0,0.0,0.0,29.0,0.0,0.0,0.0,0.0,0.0,"solar2_v,lipo2_v"
2021-04-19T21:00:00Z,30.0,30.0,,,0.0,0.0,,,,,,,,,,,3.922,3.922,3.923,,,,233.6,0.0,0.0,,,,,281.0,281.0,281.0,,,0.0,8447.0,8476.0,0.0,0.0,0.0,0.0,0.0,0.0,30.0,0.0,0.0,0.0,30.0,0.0,0.0,0.0,0.0,0.0,"solar2_v,lipo2_v"
2021-04-19T22:00:00Z,29.0,29.0,,,0.0,0.0,,,,,,,,,,,3.922,3.92,3.922,,,,233.483,0.0,0.0,,,,,281.448,281.0,283.0,,,0.0,8477.0,8505.0,0.0,0.0,0.0,0.0,0.0,0.0,29.0,0.0,0.0,0.0,29.0,0.0,0.0,0.0,0.0,0.0,"solar2_v,lipo2_v"
2021-04-19T23:00:00Z,30.0,30.0,,,0.651,2.055,,,,,,,,,,,3.921,3.918,3.922,,,,232.567,0.0,0.0,,,,,294.1,283.0,327.0,,,0.0,8506.0,8535.0,0.0,19.0,0.0,0.0,0.0,0.0,30.0,0.0,0.0,0.0,30.0,0.0,0.0,0.0,0.0,0.0,"solar2_v,lipo2_v"
2021-04-20T00:00:00Z,29.0,29.0,,,2.437,4.224,,,,,,,,,,,3.922,3.92,3.922,,,,226.448,0.0,0.0,,,,,358.897,328.0,391.0,,,0.0,8536.0,8564.0,0.0,29.0,0.0,0.0,0.0,0.0,29.0,0.0,0.0,0.0,29.0,0.0,0.0,0.0,0.0,0.0,"solar2_v,lipo2_v"
2021-04-20T01:00:00Z,30.0,30.0,,,3.334,4.283,,,,,,,,,,,3.922,3.922,3.923,,,,222.633,0.0,0.0,,,,,400.133,388.0,426.0,,,0.0,8565.0,8594.0,0.0,30.0,0.0,0.0,0.0,0.0,30.0,0.0,0.0,0.0,30.0,0.0,0.0,0.0,0.0,0.0,"solar2_v,lipo2_v"
2021-04-20T02:00:00Z,29.0,29.0,,,3.799,5.018,,,,,,,,,,,3.921,3.918,3.923,,,,220.759,0.0,0.0,,,,,421.276,388.0,446.0,,,0.0,8595.0,8623.0,0.0,29.0,0.0,0.0,0.0,0.0,29.0,0.0,0.0,0.0,29.0,0.0,0.0,0.0,0.0,0.0,"solar2_v,lipo2_v"
2021-04-20T03:00:00Z,29.0,29.0,,,3.476,5.125,,,,,,,,,,,3.919,3.918,3.92,,,,219.483,0.0,0.0,,,,,431.655,412.0,447.0,,,0.0,8624.0,8652.0,0.0,29.0,0.0,0.0,0.0,0.0,29.0,0.0,0.0,0.0,29.0,0.0,0.0,0.0,0.0,0.0,"solar2_v,lipo2_v"
2021-04-20T04:00:00Z,30.0,30.0,,,2.686,4.964,,,,,,,,,,,3.916,3.913,3.918,,,,222.033,0.0,0.0,,,,,406.067,396.0,427.0,,,0.0,8653.0,8682.0,0.0,30.0,0.0,0.0,0.0,0.0,30.0,0.0,0.0,0.0,30.0,0.0,0.0,0.0,0.0,0.0,"solar2_v,lipo2_v"
2021-04-20T05:00:00Z,29.0,29.0,,,2.956,3.914,,,,,,,,,,,3.914,3.91,3.917,,,,221.379,0.0,0.0,,,,,417.345,400.0,427.0,,,0.0,8683.0,8711.0,0.0,29.0,0.0,0.0,0.0,0.0,29.0,0.0,0.0,0.0,29.0,0.0,0.0,0.0,0.0,0.0,"solar2_v,lipo2_v"
2021-04-20T06:00:00Z,30.0,30.0,,,3.617,4.441,,,,,,,,,,,3.913,3.91,3.915,,,,221.4,0.0,0.0,,,,,415.3,408.0,422.0,,,0.0,8712.0,8741.0,0.0,30.0,0.0,0.0,0.0,0.0,30.0,0.0,0.0,0.0,30.0,0.0,0.0,0.0,0.0,0.0,"solar2_v,lipo2_v"
2021-04-20T07:00:00Z,29.0,29.0,,,2.533,3.017,,,,,,,,,,,3.91,3.908,3.913,,,,223.103,0.0,0.0,,,,,396.759,385.0,407.0,,,0.0,8742.0,8770.0,0.0,29.0,0.0,0.0,0.0,0.0,29.0,0.0,0.0,0.0,29.0,0.0,0.0,0.0,0.0,0.0,"solar2_v,lipo2_v"
2021-04-20T08:00:00Z,30.0,30.0,,,1.344,1.889,,,,,,,,,,,3.908,3.907,3.91,,,,225.1,0.0,0.0,,,,,375.8,360.0,385.0,,,0.0,8771.0,8800.0,0.0,30.0,0.0,0.0,0.0,0.0,30.0,0.0,0.0,0.0,30.0,0.0,0.0,0.0,0.0,0.0,"solar2_v,lipo2_v"
2021-04-20T09:00:00Z,29.0,29.0,,,0.527,0.913,,,,,,,,,,,3.905,3.902,3.907,,,,227.793,0.0,0.0,,,,,348.931,335.0,357.0,,,0.0,8801.0,8829.0,0.0,29.0,0.0,0.0,0.0,0.0,29.0,0.0,0.0,0.0,29.0,0.0,0.0,0.0,0.0,0.0,"solar2_v,lipo2_v"
2021-04-20T10:00:00Z,30.0,30.0,,,0.057,0.498,,,,,,,,,,,3.902,3.9,3.904,,,,229.667,0.0,0.0,,,,,320.2,298.0,334.0,,,0.0,8830.0,8859.0,0.0,4.0,0.0,0.0,0.0,0.0,30.0,0.0,0.0,0.0,30.0,0.0,0.0,0.0,0.0,0.0,"solar2_v,lipo2_v"
2021-04-20T11:00:00Z,28.0,28.0,,,0.0,0.0,,,,,,,,,,,3.9,3.899,3.902,,,,233.179,0.0,0.0,,,,,292.929,289.0,296.0,,,0.0,8860.0,8888.0,0.0,0.0,0.0,0.0,0.0,0.0,28.0,0.0,0.0,0.0,28.0,0.0,0.0,0.0,0.0,0.0,"solar2_v,lipo2_v"
2021-04-20T12:00:00Z,29.0,29.0,,,0.0,0.0,,,,,,,,,,,3.899,3.897,3.9,,,,232.483,0.0,0.0,,,,,299.103,297.0,301.0,,,0.0,8889.0,8917.0,0.0,0.0,0.0,0.0,0.0,0.0,29.0,0.0,0.0,0.0,29.0,0.0,0.0,0.0,0.0,0.0,"solar2_v,lipo2_v"
2021-04-20T13:00:00Z,30.0,30.0,,,0.0,0.0,,,,,,,,,,,3.899,3.897,3.902,,,,231.6,0.0,0.0,,,,,304.233,301.0,306.0,,,0.0,8918.0,8947.0,0.0,0.0,0.0,0.0,0.0,0.0,30.0,0.0,0.0,0.0,30.0,0.0,0.0,0.0,0.0,0.0,"solar2_v,lipo2_v"
2021-04-20T14:00:00Z,29.0,29.0,,,0.0,0.0,,,,,,,,,,,3.897,3.895,3.899,,,,232.172,0.0,0.0,,,,,301.621,301.0,303.0,,,0.0,8948.0,8976.0,0.0,0.0,0.0,0.0,0.0,0.0,29.0,0.0,0.0,0.0,29.0,0.0,0.0,0.0,0.0,0.0,"solar2_v,lipo2_v"
2021-04-20T15:00:00Z,30.0,30.0,,,0.0,0.0,,,,,,,,,,,3.896,3.895,3.897,,,,232.233,0.0,0.0,,,,,300.967,300.0,301.0,,,0.0,8977.0,9006.0,0.0,0.0,0.0,0.0,0.0,0.0,30.0,0.0,0.0,0.0,30.0,0.0,0.0,0.0,0.0,0.0,"solar2_v,lipo2_v"
2021-04-20T16:00:00Z,29.0,29.0,,,0.0,0.0,,,,,,,,,,,3.895,3.894,3.895,,,,232.414,0.0,0.0,,,,,300.31,300.0,301.0,,,0.0,9007.0,9035.0,0.0,0.0,0.0,0.0,0.0,0.0,29.0,0.0,0.0,0.0,29.0,0.0,0.0,0.0,0.0,0.0,"solar2_v,lipo2_v"
2021-04-20T17:00:00Z,29.0,29.0,,,0.0,0.0,,,,,,,,,,,3.894,3.894,3.895,,,,232.621,0.0,0.0,,,,,299.276,298.0,300.0,,,0.0,9036.0,9064.0,0.0,0.0,0.0,0.0,0.0,0.0,29.0,0.0,0.0,0.0,29.0,0.0,0.0,0.0,0.0,0.0,"solar2_v,lipo2_v"
2021-04-20T18:00:00Z,30.0,30.0,,,0.0,0.0,,,,,,,,,,,3.894,3.89,3.895,,,,232.867,0.0,0.0,,,,,297.767,296.0,300.0,,,0.0,9065.0,9094.0,0.0,0.0,0.0,0.0,0.0,0.0,30.0,0.0,0.0,0.0,30.0,0.0,0.0,0.0,0.0,0.0,"solar2_v,lipo2_v"
2021-04-20T19:00:00Z,29.0,29.0,,,0.0,0.0,,,,,,,,,,,3.893,3.89,3.894,,,,232.931,0.0,0.0,,,,,295.517,295.0,297.0,,,0.0,9095.0,9123.0,0.0,0.0,0.0,0.0,0.0,0.0,29.0,0.0,0.0,0.0,29.0,0.0,0.0,0.0,0.0,0.0,"solar2_v,lipo2_v"
2021-04-20T20:00:00Z,30.0,30.0,,,0.0,0.0,,,,,,,,,,,3.89,3.889,3.894,,,,232.933,0.0,0.0,,,,,294.633,294.0,295.0,,,0.0,9124.0,9153.0,0.0,0.0,0.0,0.0,0.0,0.0,30.0,0.0,0.0,0.0,30.0,0.0,0.0,0.0,0.0,0.0,"solar2_v,lipo2_v"
2021-04-20T21:00:00Z,29.0,29.0,,,0.0,0.0,,,,,,,,,,,3.889,3.887,3.892,,,,233.138,0.0,0.0,,,,,294.379,293.0,295.0,,,0.0,9154.0,9182.0,0.0,0.0,0.0,0.0,0.0,0.0,29.0,0.0,0.0,0.0,29.0,0.0,0.0,0.0,0.0,0.0,"solar2_v,lipo2_v"
2021-04-20T22:00:00Z,29.0,29.0,,,0.0,0.0,,,,,,,,,,,3.887,3.885,3.889,,,,233.207,0.0,0.0,,,,,291.69,291.0,293.0,,,0.0,9183.0,9211.0,0.0,0.0,0.0,0.0,0.0,0.0,29.0,0.0,0.0,0.0,29.0,0.0,0.0,0.0,0.0,0.0,"solar2_v,lipo2_v"
2021-04-20T23:00:00Z,29.0,29.0,,,0.125,0.4,,,,,,,,,,,3.886,3.884,3.889,,,,232.862,0.0,0.0,,,,,295.207,291.0,300.0,,,0.0,9212.0,9241.0,0.0,10.0,0.0,0.0,0.0,0.0,29.0,0.0,0.0,0.0,29.0,0.0,0.0,0.0,0.0,0.0,"solar2_v,lipo2_v"
2021-04-21T00:00:00Z,29.0,29.0,,,0.591,0.826,,,,,,,,,,,3.885,3.884,3.889,,,,231.862,0.0,0.0,,,,,301.241,300.0,306.0,,,0.0,9242.0,9270.0,0.0,29.0,0.0,0.0,0.0,0.0,29.0,0.0,0.0,0.0,29.0,0.0,0.0,0.0,0.0,0.0,"solar2_v,lipo2_v"
2021-04-21T01:00:00Z,30.0,30.0,,,1.553,2.397,,,,,,,,,,,3.884,3.882,3.885,,,,229.733,0.0,0.0,,,,,319.1,306.0,335.0,,,0.0,9271.0,9300.0,0.0,30.0,0.0,0.0,0.0,0.0,30.0,0.0,0.0,0.0,30.0,0.0,0.0,0.0,0.0,0.0,"solar2_v,lipo2_v"
2021-04-21T02:00:00Z,29.0,29.0,,,2.59,3.609,,,,,,,,,,,3.885,3.882,3.887,,,,227.379,0.0,0.0,,,,,346.31,336.0,355.0,,,0.0,9301.0,9329.0,0.0,29.0,0.0,0.0,0.0,0.0,29.0,0.0,0.0,0.0,29.0,0.0,0.0,0.0,0.0,0.0,"solar2_v,lipo2_v"
2021-04-21T03:00:00Z,30.0,30.0,,,3.095,4.511,,,,,,,,,,,3.885,3.882,3.887,,,,224.367,0.0,0.0,,,,,381.267,357.0,414.0,,,0.0,9330.0,9359.0,0.0,30.0,0.0,0.0,0.0,0.0,30.0,0.0,0.0,0.0,30.0,0.0,0.0,0.0,0.0,0.0,"solar2_v,lipo2_v"
2021-04-21T04:00:00Z,29.0,29.0,,,2.895,5.174,,,,,,,,,,,3.885,3.882,3.887,,,,223.621,0.0,0.0,,,,,383.655,373.0,411.0,,,0.0,9360.0,9388.0,0.0,29.0,0.0,0.0,0.0,0.0,29.0,0.0,0.0,0.0,29.0,0.0,0.0,0.0,0.0,0.0,"solar2_v,lipo2_v"
2021-04-21T05:00:00Z,29.0,29.0,,,3.49,5.349,,,,,,,,,,,3.884,3.88,3.887,,,,220.483,0.0,0.0,,,,,428.103,406.0,458.0,,,0.0,9389.0,9417.0,0.0,29.0,0.0,0.0,0.0,0.0,29.0,0.0,0.0,0.0,29.0,0.0,0.0,0.0,0.0,0.0,"solar2_v,lipo2_v"
2021-04-21T06:00:00Z,30.0,30.0,,,2.348,4.998,,,,,,,,,,,3.88,3.877,3.884,,,,223.067,0.0,0.0,,,,,397.367,372.0,438.0,,,0.0,9418.0,9447.0,0.0,30.0,0.0,0.0,0.0,0.0,30.0,0.0,0.0,0.0,30.0,0.0,0.0,0.0,0.0,0.0,"solar2_v,lipo2_v"
2021-04-21T07:00:00Z,29.0,29.0,,,0.989,1.536,,,,,,,,,,,3.876,3.874,3.879,,,,227.069,0.0,0.0,,,,,353.172,343.0,369.0,,,0.0,9448.0,9476.0,0.0,29.0,0.0,0.0,0.0,0.0,29.0,0.0,0.0,0.0,29.0,0.0,0.0,0.0,0.0,0.0,"solar2_v,lipo2_v"
2021-04-21T08:00:00Z,30.0,30.0,,,0.794,0.902,,,,,,,,,,,3.873,3.871,3.875,,,,228.0,0.0,0.0,,,,,341.3,340.0,344.0,,,0.0,9477.0,9506.0,0.0,30.0,0.0,0.0,0.0,0.0,30.0,0.0,0.0,0.0,30.0,0.0,0.0,0.0,0.0,0.0,"solar2_v,lipo2_v"
2021-04-21T09:00:00Z,25.0,25.0,,,0.513,0.777,,,,,,,,,,,3.871,3.869,3.872,,,,228.16,0.0,0.0,,,,,337.88,327.0,343.0,,,0.0,9507.0,9535.0,0.0,24.0,0.0,0.0,0.0,0.0,25.0,0.0,0.0,0.0,25.0,0.0,0.0,0.0,0.0,0.0,"solar2_v,lipo2_v"
2021-04-21T10:00:00Z,30.0,30.0,,,0.0,0.0,,,,,,,,,,,3.869,3.869,3.871,,,,230.367,0.0,0.0,,,,,317.6,313.0,327.0,,,0.0,9536.0,9565.0,0.0,0.0,0.0,0.0,0.0,0.0,30.0,0.0,0.0,0.0,30.0,0.0,0.0,0.0,0.0,0.0,"solar2_v,lipo2_v"
2021-04-21T11:00:00Z,29.0,29.0,,,0.0,0.0,,,,,,,,,,,3.868,3.867,3.869,,,,231.034,0.0,0.0,,,,,310.517,309.0,313.0,,,0.0,9566.0,9594.0,0.0,0.0,0.0,0.0,0.0,0.0,29.0,0.0,0.0,0.0,29.0,0.0,0.0,0.0,0.0,0.0,"solar2_v,lipo2_v"
2021-04-21T12:00:00Z,29.0,29.0,,,0.0,0.0,,,,,,,,,,,3.867,3.866,3.869,,,,231.517,0.0,0.0,,,,,306.828,306.0,309.0,,,0.0,9595.0,9623.0,0.0,0.0,0.0,0.0,0.0,0.0,29.0,0.0,0.0,0.0,29.0,0.0,0.0,0.0,0.0,0.0,"solar2_v,lipo2_v"
2021-04-21T13:00:00Z,30.0,30.0,,,0.0,0.0,,,,,,,,,,,3.866,3.864,3.867,,,,231.533,0.0,0.0,,,,,305.367,303.0,307.0,,,0.0,9624.0,9653.0,0.0,0.0,0.0,0.0,0.0,0.0,30.0,0.0,0.0,0.0,30.0,0.0,0.0,0.0,0.0,0.0,"solar2_v,lipo2_v"
2021-04-21T14:00:00Z,28.0,28.0,,,0.0,0.0,,,,,,,,,,,3.864,3.862,3.866,,,,232.143,0.0,0.0,,,,,301.214,301.0,303.0,,,0.0,9654.0,9682.0,0.0,0.0,0.0,0.0,0.0,0.0,28.0,0.0,0.0,0.0,28.0,0.0,0.0,0.0,0.0,0.0,"solar2_v,lipo2_v"
2021-04-21T15:00:00Z,29.0,29.0,,,0.0,0.0,,,,,,,,,,,3.862,3.861,3.866,,,,232.138,0.0,0.0,,,,,301.0,301.0,301.0,,,0.0,9683.0,9711.0,0.0,0.0,0.0,0.0,0.0,0.0,29.0,0.0,0.0,0.0,29.0,0.0,0.0,0.0,0.0,0.0,"solar2_v,lipo2_v"
2021-04-21T16:00:00Z,30.0,30.0,,,0.0,0.0,,,,,,,,,,,3.861,3.859,3.862,,,,232.533,0.0,0.0,,,,,299.0,297.0,301.0,,,0.0,9712.0,9741.0,0.0,0.0,0.0,0.0,0.0,0.0,30.0,0.0,0.0,0.0,30.0,0.0,0.0,0.0,0.0,0.0,"solar2_v,lipo2_v"
2021-04-21T17:00:00Z,29.0,29.0,,,0.0,0.0,,,,,,,,,,,3.859,3.857,3.862,,,,232.448,0.0,0.0,,,,,299.483,297.0,300.0,,,0.0,9742.0,9770.0,0.0,0.0,0.0,0.0,0.0,0.0,29.0,0.0,0.0,0.0,29.0,0.0,0.0,0.0,0.0,0.0,"solar2_v,lipo2_v"
2021-04-21T18:00:00Z,30.0,30.0,,,0.0,0.0,,,,,,,,,,,3.857,3.854,3.861,,,,232.667,0.0,0.0,,,,,295.7,294.0,297.0,,,0.0,9771.0,9800.0,0.0,0.0,0.0,0.0,0.0,0.0,30.0,0.0,0.0,0.0,30.0,0.0,0.0,0.0,0.0,0.0,"solar2_v,lipo2_v"
2021-04-21T19:00:00Z,29.0,29.0,,,0.0,0.0,,,,,,,,,,,3.856,3.852,3.859,,,,233.0,0.0,0.0,,,,,293.897,293.0,296.0,,,0.0,9801.0,9829.0,0.0,0.0,0.0,0.0,0.0,0.0,29.0,0.0,0.0,0.0,29.0,0.0,0.0,0.0,0.0,0.0,"solar2_v,lipo2_v"
2021-04-21T20:00:00Z,30.0,30.0,,,0.0,0.0,,,,,,,,,,,3.854,3.852,3.857,,,,232.733,0.0,0.0,,,,,295.1,288.0,296.0,,,0.0,9830.0,9859.0,0.0,0.0,0.0,0.0,0.0,0.0,30.0,0.0,0.0,0.0,30.0,0.0,0.0,0.0,0.0,0.0,"solar2_v,lipo2_v"
2021-04-21T21:00:00Z,29.0,29.0,,,0.0,0.0,,,,,,,,,,,3.859,3.846,3.869,,,,235.552,0.0,0.0,,,,,267.241,260.0,286.0,,,0.0,9860.0,9888.0,0.0,0.0,0.0,0.0,0.0,0.0,29.0,0.0,0.0,0.0,29.0,0.0,0.0,0.0,0.0,0.0,"solar2_v,lipo2_v"
2021-04-21T22:00:00Z,30.0,30.0,,,0.0,0.0,,,,,,,,,,,3.869,3.869,3.871,,,,236.767,0.0,0.0,,,,,259.967,259.0,261.0,,,0.0,9889.0,9918.0,0.0,0.0,0.0,0.0,0.0,0.0,30.0,0.0,0.0,0.0,30.0,0.0,0.0,0.0,0.0,0.0,"solar2_v,lipo2_v"
2021-04-21T23:00:00Z,29.0,29.0,,,0.0,0.0,,,,,,,,,,,3.869,3.869,3.871,,,,236.793,0.0,0.0,,,,,260.586,260.0,261.0,,,0.0,9919.0,9947.0,0.0,0.0,0.0,0.0,0.0,0.0,29.0,0.0,0.0,0.0,29.0,0.0,0.0,0.0,0.0,0.0,"solar2_v,lipo2_v"
2021-04-22T00:00:00Z,29.0,29.0,,,0.342,0.761,,,,,,,,,,,3.869,3.869,3.871,,,,235.724,0.0,0.0,,,,,264.103,261.0,273.0,,,0.0,9948.0,9976.0,0.0,19.0,0.0,0.0,0.0,0.0,29.0,0.0,0.0,0.0,29.0,0.0,0.0,0.0,0.0,0.0,"solar2_v,lipo2_v"
2021-04-22T01:00:00Z,30.0,30.0,,,1.355,2.148,,,,,,,,,,,3.869,3.867,3.871,,,,232.967,0.0,0.0,,,,,286.4,273.0,303.0,,,0.0,9977.0,10006.0,0.0,30.0,0.0,0.0,0.0,0.0,30.0,0.0,0.0,0.0,30.0,0.0,0.0,0.0,0.0,0.0,"solar2_v,lipo2_v"
2021-04-22T02:00:00Z,29.0,29.0,,,3.001,4.339,,,,,,,,,,,3.87,3.869,3.871,,,,229.103,0.0,0.0,,,,,327.207,304.0,354.0,,,0.0,10007.0,10035.0,0.0,29.0,0.0,0.0,0.0,0.0,29.0,0.0,0.0,0.0,29.0,0.0,0.0,0.0,0.0,0.0,"solar2_v,lipo2_v"
2021-04-22T03:00:00Z,30.0,30.0,,,3.286,5.312,,,,,,,,,,,3.87,3.869,3.871,,,,227.4,0.0,0.0,,,,,346.833,329.0,366.0,,,0.0,10036.0,10065.0,0.0,30.0,0.0,0.0,0.0,0.0,30.0,0.0,0.0,0.0,30.0,0.0,0.0,0.0,0.0,0.0,"solar2_v,lipo2_v"
2021-04-22T04:00:00Z,29.0,29.0,,,3.156,5.235,,,,,,,,,,,3.871,3.869,3.871,,,,226.103,0.0,0.0,,,,,366.966,353.0,382.0,,,0.0,10066.0,10094.0,0.0,29.0,0.0,0.0,0.0,0.0,29.0,0.0,0.0,0.0,29.0,0.0,0.0,0.0,0.0,0.0,"solar2_v,lipo2_v"
2021-04-22T05:00:00Z,30.0,30.0,,,2.829,4.772,,,,,,,,,,,3.87,3.869,3.871,,,,225.5,0.0,0.0,,,,,368.533,354.0,387.0,,,0.0,10095.0,10124.0,0.0,30.0,0.0,0.0,0.0,0.0,30.0,0.0,0.0,0.0,30.0,0.0,0.0,0.0,0.0,0.0,"solar2_v,lipo2_v"
2021-04-22T06:00:00Z,29.0,29.0,,,3.493,5.228,,,,,,,,,,,3.871,3.871,3.872,,,,221.793,0.0,0.0,,,,,411.276,394.0,424.0,,,0.0,10125.0,10153.0,0.0,29.0,0.0,0.0,0.0,0.0,29.0,0.0,0.0,0.0,29.0,0.0,0.0,0.0,0.0,0.0,"solar2_v,lipo2_v"
2021-04-22T07:00:00Z,29.0,29.0,,,2.209,3.909,,,,,,,,,,,3.87,3.869,3.871,,,,224.379,0.0,0.0,,,,,380.586,355.0,403.0,,,0.0,10154.0,10182.0,0.0,29.0,0.0,0.0,0.0,0.0,29.0,0.0,0.0,0.0,29.0,0.0,0.0,0.0,0.0,0.0,"solar2_v,lipo2_v"
2021-04-22T08:00:00Z,30.0,30.0,,,1.085,1.526,,,,,,,,,,,3.869,3.869,3.869,,,,227.4,0.0,0.0,,,,,347.4,327.0,354.0,,,0.0,10183.0,10212.0,0.0,30.0,0.0,0.0,0.0,0.0,30.0,0.0,0.0,0.0,30.0,0.0,0.0,0.0,0.0,0.0,"solar2_v,lipo2_v"
2021-04-22T09:00:00Z,29.0,29.0,,,1.178,1.477,,,,,,,,,,,3.868,3.867,3.869,,,,228.586,0.0,0.0,,,,,325.828,320.0,329.0,,,0.0,10213.0,10241.0,0.0,29.0,0.0,0.0,0.0,0.0,29.0,0.0,0.0,0.0,29.0,0.0,0.0,0.0,0.0,0.0,"solar2_v,lipo2_v"
2021-04-22T10:00:00Z,30.0,30.0,,,0.099,0.736,,,,,,,,,,,3.867,3.864,3.869,,,,230.267,0.0,0.0,,,,,315.933,305.0,329.0,,,0.0,10242.0,10271.0,0.0,7.0,0.0,0.0,0.0,0.0,30.0,0.0,0.0,0.0,30.0,0.0,0.0,0.0,0.0,0.0,"solar2_v,lipo2_v"
2021-04-22T11:00:00Z,29.0,29.0,,,0.0,0.0,,,,,,,,,,,3.866,3.864,3.867,,,,231.966,0.0,0.0,,,,,301.483,300.0,305.0,,,0.0,10272.0,10300.0,0.0,0.0,0.0,0.0,0.0,0.0,29.0,0.0,0.0,0.0,29.0,0.0,0.0,0.0,0.0,0.0,"solar2_v,lipo2_v"
2021-04-22T12:00:00Z,30.0,30.0,,,0.0,0.0,,,,,,,,,,,3.866,3.864,3.867,,,,232.633,0.0,0.0,,,,,298.333,296.0,300.0,,,0.0,10301.0,10330.0,0.0,0.0,0.0,0.0,0.0,0.0,30.0,0.0,0.0,0.0,30.0,0.0,0.0,0.0,0.0,0.0,"solar2_v,lipo2_v"
2021-04-22T13:00:00Z,29.0,29.0,,,0.0,0.0,,,,,,,,,,,3.865,3.862,3.867,,,,232.897,0.0,0.0,,,,,295.828,295.0,297.0,,,0.0,10331.0,10359.0,0.0,0.0,0.0,0.0,0.0,0.0,29.0,0.0,0.0,0.0,29.0,0.0,0.0,0.0,0.0,0.0,"solar2_v,lipo2_v"
2021-04-22T14:00:00Z,29.0,29.0,,,0.0,0.0,,,,,,,,,,,3.864,3.862,3.866,,,,232.517,0.0,0.0,,,,,298.966,297.0,300.0,,,0.0,10360.0,10388.0,0.0,0.0,0.0,0.0,0.0,0.0,29.0,0.0,0.0,0.0,29.0,0.0,0.0,0.0,0.0,0.0,"solar2_v,lipo2_v"
2021-04-22T15:00:00Z,30.0,30.0,,,0.0,0.0,,,,,,,,,,,3.864,3.862,3.866,,,,232.8,0.0,0.0,,,,,297.7,296.0,299.0,,,0.0,10389.0,10418.0,0.0,0.0,0.0,0.0,0.0,0.0,30.0,0.0,0.0,0.0,30.0,0.0,0.0,0.0,0.0,0.0,"solar2_v,lipo2_v"
2021-04-22T16:00:00Z,29.0,29.0,,,0.0,0.0,,,,,,,,,,,3.863,3.861,3.866,,,,233.103,0.0,0.0,,,,,294.207,293.0,296.0,,,0.0,10419.0,10447.0,0.0,0.0,0.0,0.0,0.0,0.0,29.0,0.0,0.0,0.0,29.0,0.0,0.0,0.0,0.0,0.0,"solar2_v,lipo2_v"
2021-04-22T17:00:00Z,30.0,30.0,,,0.0,0.0,,,,,,,,,,,3.862,3.861,3.866,,,,233.633,0.0,0.0,,,,,281.7,277.0,293.0,,,0.0,10448.0,10477.0,0.0,0.0,0.0,0.0,0.0,0.0,30.0,0.0,0.0,0.0,30.0,0.0,0.0,0.0,0.0,0.0,"solar2_v,lipo2_v"
2021-04-22T18:00:00Z,29.0,29.0,,,0.0,0.0,,,,,,,,,,,3.861,3.857,3.862,,,,233.621,0.0,0.0,,,,,283.483,280.0,286.0,,,0.0,10478.0,10506.0,0.0,0.0,0.0,0.0,0.0,0.0,29.0,0.0,0.0,0.0,29.0,0.0,0.0,0.0,0.0,0.0,"solar2_v,lipo2_v"
2021-04-22T19:00:00Z,30.0,30.0,,,0.0,0.0,,,,,,,,,,,3.859,3.856,3.861,,,,233.6,0.0,0.0,,,,,283.267,281.0,286.0,,,0.0,10507.0,10536.0,0.0,0.0,0.0,0.0,0.0,0.0,30.0,0.0,0.0,0.0,30.0,0.0,0.0,0.0,0.0,0.0,"solar2_v,lipo2_v"
2021-04-22T20:00:00Z,29.0,29.0,,,0.0,0.0,,,,,,,,,,,3.858,3.854,3.861,,,,233.897,0.0,0.0,,,,,279.31,277.0,281.0,,,0.0,10537.0,10565.0,0.0,0.0,0.0,0.0,0.0,0.0,29.0,0.0,0.0,0.0,29.0,0.0,0.0,0.0,0.0,0.0,"solar2_v,lipo2_v"
2021-04-22T21:00:00Z,30.0,30.0,,,0.0,0.0,,,,,,,,,,,3.858,3.854,3.861,,,,234.5,0.0,0.0,,,,,274.667,273.0,277.0,,,0.0,10566.0,10595.0,0.0,0.0,0.0,0.0,0.0,0.0,30.0,0.0,0.0,0.0,30.0,0.0,0.0,0.0,0.0,0.0,"solar2_v,lipo2_v"
2021-04-22T22:00:00Z,29.0,29.0,,,0.0,0.0,,,,,,,,,,,3.857,3.854,3.859,,,,234.483,0.0,0.0,,,,,273.828,273.0,277.0,,,0.0,10596.0,10624.0,0.0,0.0,0.0,0.0,0.0,0.0,29.0,0.0,0.0,0.0,29.0,0.0,0.0,0.0,0.0,0.0,"solar2_v,lipo2_v"
2021-04-22T23:00:00Z,29.0,29.0,,,0.637,1.746,,,,,,,,,,,3.857,3.854,3.861,,,,233.172,0.0,0.0,,,,,291.414,277.0,327.0,,,0.0,10625.0,10653.0,0.0,20.0,0.0,0.0,0.0,0.0,29.0,0.0,0.0,0.0,29.0,0.0,0.0,0.0,0.0,0.0,"solar2_v,lipo2_v"
2021-04-23T00:00:00Z,30.0,30.0,,,1.749,2.637,,,,,,,,,,,3.861,3.859,3.862,,,,227.667,0.0,0.0,,,,,342.467,327.0,367.0,,,0.0,10654.0,10683.0,0.0,30.0,0.0,0.0,0.0,0.0,30.0,0.0,0.0,0.0,30.0,0.0,0.0,0.0,0.0,0.0,"solar2_v,lipo2_v"
2021-04-23T01:00:00Z,29.0,29.0,,,2.401,3.455,,,,,,,,,,,3.862,3.861,3.866,,,,225.241,0.0,0.0,,,,,368.966,352.0,386.0,,,0.0,10684.0,10712.0,0.0,29.0,0.0,0.0,0.0,0.0,29.0,0.0,0.0,0.0,29.0,0.0,0.0,0.0,0.0,0.0,"solar2_v,lipo2_v"
2021-04-23T02:00:00Z,30.0,30.0,,,3.358,5.269,,,,,,,,,,,3.862,3.859,3.864,,,,225.0,0.0,0.0,,,,,374.133,353.0,439.0,,,0.0,10713.0,10742.0,0.0,30.0,0.0,0.0,0.0,0.0,30.0,0.0,0.0,0.0,30.0,0.0,0.0,0.0,0.0,0.0,"solar2_v,lipo2_v"
2021-04-23T03:00:00Z,28.0,28.0,,,4.875,5.203,,,,,,,,,,,3.865,3.862,3.867,,,,216.821,0.0,0.0,,,,,467.357,446.0,477.0,,,0.0,10743.0,10771.0,0.0,28.0,0.0,0.0,0.0,0.0,28.0,0.0,0.0,0.0,28.0,0.0,0.0,0.0,0.0,0.0,"solar2_v,lipo2_v"
2021-04-23T04:00:00Z,30.0,30.0,,,4.05,5.266,,,,,,,,,,,3.861,3.857,3.866,,,,218.667,0.0,0.0,,,,,448.4,407.0,482.0,,,0.0,10772.0,10801.0,0.0,30.0,0.0,0.0,0.0,0.0,30.0,0.0,0.0,0.0,30.0,0.0,0.0,0.0,0.0,0.0,"solar2_v,lipo2_v"
2021-04-23T05:00:00Z,29.0,29.0,,,4.009,5.248,,,,,,,,,,,3.858,3.852,3.861,,,,215.483,0.0,0.0,,,,,479.828,411.0,512.0,,,0.0,10802.0,10830.0,0.0,29.0,0.0,0.0,0.0,0.0,29.0,0.0,0.0,0.0,29.0,0.0,0.0,0.0,0.0,0.0,"solar2_v,lipo2_v"
2021-04-23T06:00:00Z,29.0,29.0,,,2.406,5.279,,,,,,,,,,,3.847,3.844,3.851,,,,222.828,0.0,0.0,,,,,393.241,370.0,423.0,,,0.0,10831.0,10859.0,0.0,29.0,0.0,0.0,0.0,0.0,29.0,0.0,0.0,0.0,29.0,0.0,0.0,0.0,0.0,0.0,"solar2_v,lipo2_v"
2021-04-23T07:00:00Z,30.0,30.0,,,1.207,2.939,,,,,,,,,,,3.843,3.842,3.846,,,,225.433,0.0,0.0,,,,,365.067,332.0,386.0,,,0.0,10860.0,10889.0,0.0,30.0,0.0,0.0,0.0,0.0,30.0,0.0,0.0,0.0,30.0,0.0,0.0,0.0,0.0,0.0,"solar2_v,lipo2_v"
2021-04-23T08:00:00Z,29.0,29.0,,,0.326,0.907,,,,,,,,,,,3.841,3.839,3.842,,,,229.586,0.0,0.0,,,,,319.414,314.0,330.0,,,0.0,10890.0,10918.0,0.0,17.0,0.0,0.0,0.0,0.0,29.0,0.0,0.0,0.0,29.0,0.0,0.0,0.0,0.0,0.0,"solar2_v,lipo2_v"
2021-04-23T09:00:00Z,30.0,30.0,,,0.0,0.0,,,,,,,,,,,3.839,3.834,3.841,,,,231.9,0.0,0.0,,,,,300.633,282.0,317.0,,,0.0,10919.0,10948.0,0.0,0.0,0.0,0.0,0.0,0.0,30.0,0.0,0.0,0.0,30.0,0.0,0.0,0.0,0.0,0.0,"solar2_v,lipo2_v"
2021-04-23T10:00:00Z,29.0,29.0,,,0.0,0.0,,,,,,,,,,,3.834,3.831,3.836,,,,233.966,0.0,0.0,,,,,276.759,274.0,281.0,,,0.0,10949.0,10977.0,0.0,0.0,0.0,0.0,0.0,0.0,29.0,0.0,0.0,0.0,29.0,0.0,0.0,0.0,0.0,0.0,"solar2_v,lipo2_v"
2021-04-23T11:00:00Z,29.0,29.0,,,0.0,0.0,,,,,,,,,,,3.832,3.829,3.834,,,,233.276,0.0,0.0,,,,,286.379,280.0,289.0,,,0.0,10978.0,11006.0,0.0,0.0,0.0,0.0,0.0,0.0,29.0,0.0,0.0,0.0,29.0,0.0,0.0,0.0,0.0,0.0,"solar2_v,lipo2_v"
2021-04-23T12:00:00Z,30.0,30.0,,,0.0,0.0,,,,,,,,,,,3.831,3.829,3.834,,,,233.6,0.0,0.0,,,,,281.2,277.0,285.0,,,0.0,11007.0,11036.0,0.0,0.0,0.0,0.0,0.0,0.0,30.0,0.0,0.0,0.0,30.0,0.0,0.0,0.0,0.0,0.0,"solar2_v,lipo2_v"
2021-04-23T13:00:00Z,29.0,29.0,,,0.0,0.0,,,,,,,,,,,3.829,3.826,3.833,,,,234.448,0.0,0.0,,,,,274.586,274.0,276.0,,,0.0,11037.0,11065.0,0.0,0.0,0.0,0.0,0.0,0.0,29.0,0.0,0.0,0.0,29.0,0.0,0.0,0.0,0.0,0.0,"solar2_v,lipo2_v"
2021-04-23T14:00:00Z,30.0,30.0,,,0.0,0.0,,,,,,,,,,,3.829,3.828,3.831,,,,234.367,0.0,0.0,,,,,277.133,274.0,280.0,,,0.0,11066.0,11095.0,0.0,0.0,0.0,0.0,0.0,0.0,30.0,0.0,0.0,0.0,30.0,0.0,0.0,0.0,0.0,0.0,"solar2_v,lipo2_v"
2021-04-23T15:00:00Z,29.0,29.0,,,0.0,0.0,,,,,,,,,,,3.828,3.826,3.831,,,,233.793,0.0,0.0,,,,,280.207,278.0,281.0,,,0.0,11096.0,11124.0,0.0,0.0,0.0,0.0,0.0,0.0,29.0,0.0,0.0,0.0,29.0,0.0,0.0,0.0,0.0,0.0,"solar2_v,lipo2_v"
2021-04-23T16:00:00Z,29.0,29.0,,,0.0,0.0,,,,,,,,,,,3.828,3.824,3.829,,,,233.793,0.0,0.0,,,,,280.0,278.0,281.0,,,0.0,11125.0,11153.0,0.0,0.0,0.0,0.0,0.0,0.0,29.0,0.0,0.0,0.0,29.0,0.0,0.0,0.0,0.0,0.0,"solar2_v,lipo2_v"
2021-04-23T17:00:00Z,30.0,30.0,,,0.0,0.0,,,,,,,,,,,3.827,3.824,3.829,,,,233.833,0.0,0.0,,,,,280.067,279.0,281.0,,,0.0,11154.0,11183.0,0.0,0.0,0.0,0.0,0.0,0.0,30.0,0.0,0.0,0.0,30.0,0.0,0.0,0.0,0.0,0.0,"solar2_v,lipo2_v"
2021-04-23T18:00:00Z,29.0,29.0,,,0.0,0.0,,,,,,,,,,,3.826,3.824,3.828,,,,233.931,0.0,0.0,,,,,280.897,280.0,282.0,,,0.0,11184.0,11212.0,0.0,0.0,0.0,0.0,0.0,0.0,29.0,0.0,0.0,0.0,29.0,0.0,0.0,0.0,0.0,0.0,"solar2_v,lipo2_v"
2021-04-23T19:00:00Z,30.0,30.0,,,0.0,0.0,,,,,,,,,,,3.825,3.824,3.826,,,,234.0,0.0,0.0,,,,,280.067,277.0,282.0,,,0.0,11213.0,11242.0,0.0,0.0,0.0,0.0,0.0,0.0,30.0,0.0,0.0,0.0,30.0,0.0,0.0,0.0,0.0,0.0,"solar2_v,lipo2_v"
2021-04-23T20:00:00Z,29.0,29.0,,,0.0,0.0,,,,,,,,,,,3.824,3.823,3.826,,,,234.103,0.0,0.0,,,,,276.172,274.0,277.0,,,0.0,11243.0,11271.0,0.0,0.0,0.0,0.0,0.0,0.0,29.0,0.0,0.0,0.0,29.0,0.0,0.0,0.0,0.0,0.0,"solar2_v,lipo2_v"
2021-04-23T21:00:00Z,30.0,30.0,,,0.0,0.0,,,,,,,,,,,3.823,3.821,3.824,,,,234.267,0.0,0.0,,,,,274.967,274.0,278.0,,,0.0,11272.0,11301.0,0.0,0.0,0.0,0.0,0.0,0.0,30.0,0.0,0.0,0.0,30.0,0.0,0.0,0.0,0.0,0.0,"solar2_v,lipo2_v"
2021-04-23T22:00:00Z,29.0,29.0,,,0.0,0.0,,,,,,,,,,,3.822,3.819,3.824,,,,234.414,0.0,0.0,,,,,276.483,275.0,279.0,,,0.0,11302.0,11330.0,0.0,0.0,0.0,0.0,0.0,0.0,29.0,0.0,0.0,0.0,29.0,0.0,0.0,0.0,0.0,0.0,"solar2_v,lipo2_v"
2021-04-23T23:00:00Z,30.0,30.0,,,0.949,2.471,,,,,,,,,,,3.822,3.819,3.824,,,,232.4,0.0,0.0,,,,,295.7,277.0,330.0,,,0.0,11331.0,11360.0,0.0,26.0,0.0,0.0,0.0,0.0,30.0,0.0,0.0,0.0,30.0,0.0,0.0,0.0,0.0,0.0,"solar2_v,lipo2_v"
2021-04-24T00:00:00Z,29.0,29.0,,,2.614,3.777,,,,,,,,,,,3.825,3.823,3.828,,,,225.828,0.0,0.0,,,,,367.483,335.0,397.0,,,0.0,11361.0,11389.0,0.0,29.0,0.0,0.0,0.0,0.0,29.0,0.0,0.0,0.0,29.0,0.0,0.0,0.0,0.0,0.0,"solar2_v,lipo2_v"
2021-04-24T01:00:00Z,29.0,29.0,,,3.86,4.669,,,,,,,,,,,3.826,3.824,3.828,,,,220.207,0.0,0.0,,,,,423.828,400.0,442.0,,,0.0,11390.0,11418.0,0.0,29.0,0.0,0.0,0.0,0.0,29.0,0.0,0.0,0.0,29.0,0.0,0.0,0.0,0.0,0.0,"solar2_v,lipo2_v"
2021-04-24T02:00:00Z,30.0,30.0,,,4.182,5.326,,,,,,,,,,,3.824,3.821,3.828,,,,218.867,0.0,0.0,,,,,442.233,419.0,473.0,,,0.0,11419.0,11448.0,0.0,30.0,0.0,0.0,0.0,0.0,30.0,0.0,0.0,0.0,30.0,0.0,0.0,0.0,0.0,0.0,"solar2_v,lipo2_v"
2021-04-24T03:00:00Z,29.0,29.0,,,4.158,5.403,,,,,,,,,,,3.82,3.818,3.823,,,,217.241,0.0,0.0,,,,,462.621,438.0,484.0,,,0.0,11449.0,11477.0,0.0,29.0,0.0,0.0,0.0,0.0,29.0,0.0,0.0,0.0,29.0,0.0,0.0,0.0,0.0,0.0,"solar2_v,lipo2_v"
2021-04-24T04:00:00Z,29.0,29.0,,,4.702,5.507,,,,,,,,,,,3.816,3.813,3.818,,,,215.655,0.0,0.0,,,,,474.897,433.0,502.0,,,0.0,11478.0,11506.0,0.0,29.0,0.0,0.0,0.0,0.0,29.0,0.0,0.0,0.0,29.0,0.0,0.0,0.0,0.0,0.0,"solar2_v,lipo2_v"
2021-04-24T05:00:00Z,30.0,30.0,,,4.691,5.454,,,,,,,,,,,3.802,3.791,3.813,,,,214.067,0.0,0.0,,,,,494.7,473.0,516.0,,,0.0,11507.0,11536.0,0.0,30.0,0.0,0.0,0.0,0.0,30.0,0.0,0.0,0.0,30.0,0.0,0.0,0.0,0.0,0.0,"solar2_v,lipo2_v"
2021-04-24T06:00:00Z,29.0,29.0,,,2.214,5.134,,,,,,,,,,,3.791,3.79,3.793,,,,219.966,0.0,0.0,,,,,427.655,373.0,516.0,,,0.0,11537.0,11565.0,0.0,29.0,0.0,0.0,0.0,0.0,29.0,0.0,0.0,0.0,29.0,0.0,0.0,0.0,0.0,0.0,"solar2_v,lipo2_v"
2021-04-24T07:00:00Z,30.0,30.0,,,1.624,2.294,,,,,,,,,,,3.79,3.788,3.79,,,,223.267,0.0,0.0,,,,,393.833,380.0,398.0,,,0.0,11566.0,11595.0,0.0,30.0,0.0,0.0,0.0,0.0,30.0,0.0,0.0,0.0,30.0,0.0,0.0,0.0,0.0,0.0,"solar2_v,lipo2_v"
2021-04-24T08:00:00Z,29.0,29.0,,,1.138,1.758,,,,,,,,,,,3.788,3.786,3.79,,,,224.345,0.0,0.0,,,,,375.207,360.0,393.0,,,0.0,11596.0,11624.0,0.0,29.0,0.0,0.0,0.0,0.0,29.0,0.0,0.0,0.0,29.0,0.0,0.0,0.0,0.0,0.0,"solar2_v,lipo2_v"
2021-04-24T09:00:00Z,29.0,29.0,,,0.552,0.864,,,,,,,,,,,3.786,3.785,3.788,,,,227.69,0.0,0.0,,,,,343.966,330.0,363.0,,,0.0,11625.0,11653.0,0.0,25.0,0.0,0.0,0.0,0.0,29.0,0.0,0.0,0.0,29.0,0.0,0.0,0.0,0.0,0.0,"solar2_v,lipo2_v"
2021-04-24T10:00:00Z,30.0,30.0,,,0.0,0.0,,,,,,,,,,,3.784,3.78,3.786,,,,229.833,0.0,0.0,,,,,320.933,315.0,328.0,,,0.0,11654.0,11683.0,0.0,0.0,0.0,0.0,0.0,0.0,30.0,0.0,0.0,0.0,30.0,0.0,0.0,0.0,0.0,0.0,"solar2_v,lipo2_v"
2021-04-24T11:00:00Z,29.0,29.0,,,0.0,0.0,,,,,,,,,,,3.78,3.776,3.783,,,,230.414,0.0,0.0,,,,,313.241,306.0,315.0,,,0.0,11684.0,11712.0,0.0,0.0,0.0,0.0,0.0,0.0,29.0,0.0,0.0,0.0,29.0,0.0,0.0,0.0,0.0,0.0,"solar2_v,lipo2_v"
2021-04-24T12:00:00Z,30.0,30.0,,,0.0,0.0,,,,,,,,,,,3.76,3.649,3.778,,,,232.2,0.0,0.0,,,,,298.6,295.0,304.0,,,0.0,11713.0,11742.0,0.0,0.0,0.0,0.0,0.0,0.0,30.0,0.0,0.0,0.0,30.0,0.0,0.0,0.0,0.0,0.0,"solar2_v,lipo2_v"
2021-04-24T13:00:00Z,29.0,29.0,,,0.0,0.0,,,,,,,,,,,3.766,3.753,3.776,,,,232.655,0.0,0.0,,,,,296.0,294.0,298.0,,,0.0,11743.0,11771.0,0.0,0.0,0.0,0.0,0.0,0.0,29.0,0.0,0.0,0.0,29.0,0.0,0.0,0.0,0.0,0.0,"solar2_v,lipo2_v"
2021-04-24T14:00:00Z,30.0,30.0,,,0.0,0.0,,,,,,,,,,,3.76,3.748,3.768,,,,232.6,0.0,0.0,,,,,296.467,293.0,300.0,,,0.0,11772.0,11801.0,0.0,0.0,0.0,0.0,0.0,0.0,30.0,0.0,0.0,0.0,30.0,0.0,0.0,0.0,0.0,0.0,"solar2_v,lipo2_v"
2021-04-24T15:00:00Z,29.0,29.0,,,0.0,0.0,,,,,,,,,,,3.773,3.763,3.783,,,,233.0,0.0,0.0,,,,,289.379,287.0,293.0,,,0.0,11802.0,11830.0,0.0,0.0,0.0,0.0,0.0,0.0,29.0,0.0,0.0,0.0,29.0,0.0,0.0,0.0,0.0,0.0,"solar2_v,lipo2_v"
2021-04-24T16:00:00Z,28.0,28.0,,,0.0,0.0,,,,,,,,,,,3.777,3.768,3.783,,,,233.536,0.0,0.0,,,,,286.429,286.0,287.0,,,0.0,11831.0,11859.0,0.0,0.0,0.0,0.0,0.0,0.0,28.0,0.0,0.0,0.0,28.0,0.0,0.0,0.0,0.0,0.0,"solar2_v,lipo2_v"
2021-04-24T17:00:00Z,30.0,30.0,,,0.0,0.0,,,,,,,,,,,3.777,3.772,3.781,,,,233.333,0.0,0.0,,,,,286.0,286.0,286.0,,,0.0,11860.0,11889.0,0.0,0.0,0.0,0.0,0.0,0.0,30.0,0.0,0.0,0.0,30.0,0.0,0.0,0.0,0.0,0.0,"solar2_v,lipo2_v"
2021-04-24T18:00:00Z,29.0,29.0,,,0.0,0.0,,,,,,,,,,,3.773,3.77,3.776,,,,233.276,0.0,0.0,,,,,285.759,284.0,286.0,,,0.0,11890.0,11918.0,0.0,0.0,0.0,0.0,0.0,0.0,29.0,0.0,0.0,0.0,29.0,0.0,0.0,0.0,0.0,0.0,"solar2_v,lipo2_v"
2021-04-24T19:00:00Z,30.0,30.0,,,0.0,0.0,,,,,,,,,,,3.779,3.775,3.785,,,,233.367,0.0,0.0,,,,,281.467,280.0,284.0,,,0.0,11919.0,11948.0,0.0,0.0,0.0,0.0,0.0,0.0,30.0,0.0,0.0,0.0,30.0,0.0,0.0,0.0,0.0,0.0,"solar2_v,lipo2_v"
2021-04-24T20:00:00Z,29.0,29.0,,,0.0,0.0,,,,,,,,,,,3.779,3.773,3.783,,,,233.69,0.0,0.0,,,,,278.276,277.0,280.0,,,0.0,11949.0,11977.0,0.0,0.0,0.0,0.0,0.0,0.0,29.0,0.0,0.0,0.0,29.0,0.0,0.0,0.0,0.0,0.0,"solar2_v,lipo2_v"
2021-04-24T21:00:00Z,29.0,29.0,,,0.0,0.0,,,,,,,,,,,3.774,3.772,3.776,,,,234.0,0.0,0.0,,,,,277.0,277.0,277.0,,,0.0,11978.0,12006.0,0.0,0.0,0.0,0.0,0.0,0.0,29.0,0.0,0.0,0.0,29.0,0.0,0.0,0.0,0.0,0.0,"solar2_v,lipo2_v"
2021-04-24T22:00:00Z,30.0,30.0,,,0.0,0.0,,,,,,,,,,,3.773,3.768,3.775,,,,233.867,0.0,0.0,,,,,277.333,276.0,280.0,,,0.0,12007.0,12036.0,0.0,0.0,0.0,0.0,0.0,0.0,30.0,0.0,0.0,0.0,30.0,0.0,0.0,0.0,0.0,0.0,"solar2_v,lipo2_v"
2021-04-24T23:00:00Z,29.0,29.0,,,1.016,2.376,,,,,,,,,,,3.775,3.77,3.79,,,,231.655,0.0,0.0,,,,,302.172,281.0,338.0,,,0.0,12037.0,12065.0,0.0,26.0,0.0,0.0,0.0,0.0,29.0,0.0,0.0,0.0,29.0,0.0,0.0,0.0,0.0,0.0,"solar2_v,lipo2_v"
2021-04-25T00:00:00Z,30.0,30.0,,,2.937,4.355,,,,,,,,,,,3.786,3.773,3.8,,,,224.9,0.0,0.0,,,,,374.967,340.0,407.0,,,0.0,12066.0,12095.0,0.0,30.0,0.0,0.0,0.0,0.0,30.0,0.0,0.0,0.0,30.0,0.0,0.0,0.0,0.0,0.0,"solar2_v,lipo2_v"
2021-04-25T01:00:00Z,29.0,29.0,,,4.089,4.962,,,,,,,,,,,3.805,3.786,3.819,,,,220.069,0.0,0.0,,,,,426.103,407.0,451.0,,,0.0,12096.0,12124.0,0.0,29.0,0.0,0.0,0.0,0.0,29.0,0.0,0.0,0.0,29.0,0.0,0.0,0.0,0.0,0.0,"solar2_v,lipo2_v"
2021-04-25T02:00:00Z,28.0,28.0,,,4.755,5.023,,,,,,,,,,,3.781,3.755,3.801,,,,216.643,0.0,0.0,,,,,471.286,449.0,487.0,,,0.0,12125.0,12153.0,0.0,28.0,0.0,0.0,0.0,0.0,28.0,0.0,0.0,0.0,28.0,0.0,0.0,0.0,0.0,0.0,"solar2_v,lipo2_v"
2021-04-25T03:00:00Z,30.0,30.0,,,4.442,5.42,,,,,,,,,,,3.79,3.783,3.793,,,,215.7,0.0,0.0,,,,,480.033,472.0,489.0,,,0.0,12154.0,12183.0,0.0,30.0,0.0,0.0,0.0,0.0,30.0,0.0,0.0,0.0,30.0,0.0,0.0,0.0,0.0,0.0,"solar2_v,lipo2_v"
2021-04-25T04:00:00Z,29.0,29.0,,,4.717,5.271,,,,,,,,,,,3.787,3.763,3.795,,,,214.655,0.0,0.0,,,,,487.897,473.0,503.0,,,0.0,12184.0,12212.0,0.0,29.0,0.0,0.0,0.0,0.0,29.0,0.0,0.0,0.0,29.0,0.0,0.0,0.0,0.0,0.0,"solar2_v,lipo2_v"
2021-04-25T05:00:00Z,30.0,30.0,,,3.601,5.43,,,,,,,,,,,3.826,3.763,3.859,,,,217.567,0.0,0.0,,,,,452.967,411.0,491.0,,,0.0,12213.0,12242.0,0.0,30.0,0.0,0.0,0.0,0.0,30.0,0.0,0.0,0.0,30.0,0.0,0.0,0.0,0.0,0.0,"solar2_v,lipo2_v"
2021-04-25T06:00:00Z,29.0,29.0,,,2.015,5.059,,,,,,,,,,,3.864,3.861,3.869,,,,220.379,0.0,0.0,,,,,422.724,404.0,473.0,,,0.0,12243.0,12271.0,0.0,29.0,0.0,0.0,0.0,0.0,29.0,0.0,0.0,0.0,29.0,0.0,0.0,0.0,0.0,0.0,"solar2_v,lipo2_v"
2021-04-25T07:00:00Z,30.0,30.0,,,1.356,1.686,,,,,,,,,,,3.862,3.861,3.864,,,,222.933,0.0,0.0,,,,,395.333,386.0,403.0,,,0.0,12272.0,12301.0,0.0,30.0,0.0,0.0,0.0,0.0,30.0,0.0,0.0,0.0,30.0,0.0,0.0,0.0,0.0,0.0,"solar2_v,lipo2_v"
2021-04-25T08:00:00Z,29.0,29.0,,,0.958,1.064,,,,,,,,,,,3.861,3.861,3.862,,,,223.448,0.0,0.0,,,,,385.724,380.0,394.0,,,0.0,12302.0,12330.0,0.0,29.0,0.0,0.0,0.0,0.0,29.0,0.0,0.0,0.0,29.0,0.0,0.0,0.0,0.0,0.0,"solar2_v,lipo2_v"
2021-04-25T09:00:00Z,29.0,29.0,,,0.619,0.861,,,,,,,,,,,3.863,3.861,3.866,,,,226.207,0.0,0.0,,,,,358.276,347.0,379.0,,,0.0,12331.0,12359.0,0.0,29.0,0.0,0.0,0.0,0.0,29.0,0.0,0.0,0.0,29.0,0.0,0.0,0.0,0.0,0.0,"solar2_v,lipo2_v"
2021-04-25T10:00:00Z,30.0,30.0,,,0.081,0.418,,,,,,,,,,,3.865,3.862,3.866,,,,228.267,0.0,0.0,,,,,333.2,323.0,345.0,,,0.0,12360.0,12389.0,0.0,7.0,0.0,0.0,0.0,0.0,30.0,0.0,0.0,0.0,30.0,0.0,0.0,0.0,0.0,0.0,"solar2_v,lipo2_v"
2021-04-25T11:00:00Z,29.0,29.0,,,0.0,0.0,,,,,,,,,,,3.864,3.862,3.866,,,,230.207,0.0,0.0,,,,,317.103,314.0,322.0,,,0.0,12390.0,12418.0,0.0,0.0,0.0,0.0,0.0,0.0,29.0,0.0,0.0,0.0,29.0,0.0,0.0,0.0,0.0,0.0,"solar2_v,lipo2_v"
2021-04-25T12:00:00Z,23.0,23.0,,,0.0,0.0,,,,,,,,,,,3.862,3.859,3.864,,,,230.739,0.0,0.0,,,,,309.261,300.0,314.0,,,0.0,12419.0,12447.0,0.0,0.0,0.0,0.0,0.0,0.0,23.0,0.0,0.0,0.0,23.0,0.0,0.0,0.0,0.0,0.0,"solar2_v,lipo2_v"
2021-04-25T13:00:00Z,27.0,27.0,,,0.0,0.0,,,,,,,,,,,3.86,3.856,3.862,,,,232.222,0.0,0.0,,,,,298.815,296.0,301.0,,,0.0,12448.0,12476.0,0.0,0.0,0.0,0.0,0.0,0.0,27.0,0.0,0.0,0.0,27.0,0.0,0.0,0.0,0.0,0.0,"solar2_v,lipo2_v"
2021-04-25T14:00:00Z,29.0,29.0,,,0.0,0.0,,,,,,,,,,,3.86,3.857,3.861,,,,232.379,0.0,0.0,,,,,298.586,296.0,300.0,,,0.0,12477.0,12505.0,0.0,0.0,0.0,0.0,0.0,0.0,29.0,0.0,0.0,0.0,29.0,0.0,0.0,0.0,0.0,0.0,"solar2_v,lipo2_v"
2021-04-25T15:00:00Z,29.0,29.0,,,0.0,0.0,,,,,,,,,,,3.858,3.856,3.861,,,,232.517,0.0,0.0,,,,,296.414,294.0,299.0,,,0.0,12506.0,12534.0,0.0,0.0,0.0,0.0,0.0,0.0,29.0,0.0,0.0,0.0,29.0,0.0,0.0,0.0,0.0,0.0,"solar2_v,lipo2_v"
2021-04-25T16:00:00Z,30.0,30.0,,,0.0,0.0,,,,,,,,,,,3.857,3.856,3.861,,,,232.8,0.0,0.0,,,,,293.733,289.0,298.0,,,0.0,12535.0,12564.0,0.0,0.0,0.0,0.0,0.0,0.0,30.0,0.0,0.0,0.0,30.0,0.0,0.0,0.0,0.0,0.0,"solar2_v,lipo2_v"
2021-04-25T17:00:00Z,29.0,29.0,,,0.0,0.0,,,,,,,,,,,3.856,3.854,3.857,,,,233.241,0.0,0.0,,,,,288.276,287.0,290.0,,,0.0,12565.0,12593.0,0.0,0.0,0.0,0.0,0.0,0.0,29.0,0.0,0.0,0.0,29.0,0.0,0.0,0.0,0.0,0.0,"solar2_v,lipo2_v"
2021-04-25T18:00:00Z,29.0,29.0,,,0.0,0.0,,,,,,,,,,,3.856,3.854,3.857,,,,233.103,0.0,0.0,,,,,289.448,288.0,290.0,,,0.0,12594.0,12622.0,0.0,0.0,0.0,0.0,0.0,0.0,29.0,0.0,0.0,0.0,29.0,0.0,0.0,0.0,0.0,0.0,"solar2_v,lipo2_v"
2021-04-25T19:00:00Z,29.0,29.0,,,0.0,0.0,,,,,,,,,,,3.855,3.851,3.857,,,,233.103,0.0,0.0,,,,,288.241,287.0,289.0,,,0.0,12623.0,12651.0,0.0,0.0,0.0,0.0,0.0,0.0,29.0,0.0,0.0,0.0,29.0,0.0,0.0,0.0,0.0,0.0,"solar2_v,lipo2_v"
2021-04-25T20:00:00Z,30.0,30.0,,,0.0,0.0,,,,,,,,,,,3.855,3.854,3.856,,,,233.2,0.0,0.0,,,,,286.733,286.0,287.0,,,0.0,12652.0,12681.0,0.0,0.0,0.0,0.0,0.0,0.0,30.0,0.0,0.0,0.0,30.0,0.0,0.0,0.0,0.0,0.0,"solar2_v,lipo2_v"
2021-04-25T21:00:00Z,29.0,29.0,,,0.0,0.0,,,,,,,,,,,3.854,3.852,3.856,,,,233.31,0.0,0.0,,,,,286.862,286.0,287.0,,,0.0,12682.0,12710.0,0.0,0.0,0.0,0.0,0.0,0.0,29.0,0.0,0.0,0.0,29.0,0.0,0.0,0.0,0.0,0.0,"solar2_v,lipo2_v"
2021-04-25T22:00:00Z,29.0,29.0,,,0.0,0.0,,,,,,,,,,,3.853,3.852,3.854,,,,233.69,0.0,0.0,,,,,286.0,286.0,286.0,,,0.0,12711.0,12739.0,0.0,0.0,0.0,0.0,0.0,0.0,29.0,0.0,0.0,0.0,29.0,0.0,0.0,0.0,0.0,0.0,"solar2_v,lipo2_v"
2021-04-25T23:00:00Z,30.0,30.0,,,0.701,2.076,,,,,,,,,,,3.853,3.851,3.854,,,,232.1,0.0,0.0,,,,,298.2,286.0,327.0,,,0.0,12740.0,12769.0,0.0,20.0,0.0,0.0,0.0,0.0,30.0,0.0,0.0,0.0,30.0,0.0,0.0,0.0,0.0,0.0,"solar2_v,lipo2_v"
2021-04-26T00:00:00Z,29.0,29.0,,,3.019,4.334,,,,,,,,,,,3.855,3.852,3.859,,,,225.586,0.0,0.0,,,,,364.103,329.0,385.0,,,0.0,12770.0,12798.0,0.0,29.0,0.0,0.0,0.0,0.0,29.0,0.0,0.0,0.0,29.0,0.0,0.0,0.0,0.0,0.0,"solar2_v,lipo2_v"
2021-04-26T01:00:00Z,29.0,29.0,,,3.609,4.798,,,,,,,,,,,3.86,3.857,3.864,,,,221.241,0.0,0.0,,,,,415.586,389.0,439.0,,,0.0,12799.0,12827.0,0.0,29.0,0.0,0.0,0.0,0.0,29.0,0.0,0.0,0.0,29.0,0.0,0.0,0.0,0.0,0.0,"solar2_v,lipo2_v"
2021-04-26T02:00:00Z,30.0,30.0,,,4.352,5.22,,,,,,,,,,,3.864,3.861,3.866,,,,218.167,0.0,0.0,,,,,450.033,433.0,473.0,,,0.0,12828.0,12857.0,0.0,30.0,0.0,0.0,0.0,0.0,30.0,0.0,0.0,0.0,30.0,0.0,0.0,0.0,0.0,0.0,"solar2_v,lipo2_v"
2021-04-26T03:00:00Z,29.0,29.0,,,4.283,5.392,,,,,,,,,,,3.864,3.861,3.866,,,,216.448,0.0,0.0,,,,,467.586,412.0,500.0,,,0.0,12858.0,12886.0,0.0,29.0,0.0,0.0,0.0,0.0,29.0,0.0,0.0,0.0,29.0,0.0,0.0,0.0,0.0,0.0,"solar2_v,lipo2_v"
2021-04-26T04:00:00Z,29.0,29.0,,,4.524,5.261,,,,,,,,,,,3.863,3.862,3.866,,,,216.241,0.0,0.0,,,,,475.862,440.0,499.0,,,0.0,12887.0,12915.0,0.0,29.0,0.0,0.0,0.0,0.0,29.0,0.0,0.0,0.0,29.0,0.0,0.0,0.0,0.0,0.0,"solar2_v,lipo2_v"
2021-04-26T05:00:00Z,30.0,30.0,,,3.901,5.339,,,,,,,,,,,3.862,3.861,3.864,,,,215.967,0.0,0.0,,,,,472.6,440.0,506.0,,,0.0,12916.0,12945.0,0.0,30.0,0.0,0.0,0.0,0.0,30.0,0.0,0.0,0.0,30.0,0.0,0.0,0.0,0.0,0.0,"solar2_v,lipo2_v"
2021-04-26T06:00:00Z,29.0,29.0,,,1.351,3.226,,,,,,,,,,,3.861,3.859,3.862,,,,221.241,0.0,0.0,,,,,411.517,395.0,438.0,,,0.0,12946.0,12974.0,0.0,29.0,0.0,0.0,0.0,0.0,29.0,0.0,0.0,0.0,29.0,0.0,0.0,0.0,0.0,0.0,"solar2_v,lipo2_v"
2021-04-26T07:00:00Z,29.0,29.0,,,1.181,1.526,,,,,,,,,,,3.859,3.857,3.861,,,,222.862,0.0,0.0,,,,,397.655,394.0,401.0,,,0.0,12975.0,13003.0,0.0,29.0,0.0,0.0,0.0,0.0,29.0,0.0,0.0,0.0,29.0,0.0,0.0,0.0,0.0,0.0,"solar2_v,lipo2_v"
2021-04-26T08:00:00Z,30.0,30.0,,,1.181,1.259,,,,,,,,,,,3.857,3.854,3.861,,,,223.8,0.0,0.0,,,,,384.267,378.0,394.0,,,0.0,13004.0,13033.0,0.0,30.0,0.0,0.0,0.0,0.0,30.0,0.0,0.0,0.0,30.0,0.0,0.0,0.0,0.0,0.0,"solar2_v,lipo2_v"
2021-04-26T09:00:00Z,29.0,29.0,,,0.928,1.205,,,,,,,,,,,3.856,3.854,3.859,,,,226.345,0.0,0.0,,,,,361.793,344.0,377.0,,,0.0,13034.0,13062.0,0.0,29.0,0.0,0.0,0.0,0.0,29.0,0.0,0.0,0.0,29.0,0.0,0.0,0.0,0.0,0.0,"solar2_v,lipo2_v"
2021-04-26T10:00:00Z,29.0,29.0,,,0.245,0.6,,,,,,,,,,,3.853,3.852,3.854,,,,228.655,0.0,0.0,,,,,334.103,327.0,344.0,,,0.0,13063.0,13091.0,0.0,15.0,0.0,0.0,0.0,0.0,29.0,0.0,0.0,0.0,29.0,0.0,0.0,0.0,0.0,0.0,"solar2_v,lipo2_v"
2021-04-26T11:00:00Z,30.0,30.0,,,0.0,0.0,,,,,,,,,,,3.852,3.849,3.854,,,,229.9,0.0,0.0,,,,,321.9,317.0,327.0,,,0.0,13092.0,13121.0,0.0,0.0,0.0,0.0,0.0,0.0,30.0,0.0,0.0,0.0,30.0,0.0,0.0,0.0,0.0,0.0,"solar2_v,lipo2_v"
2021-04-26T12:00:00Z,29.0,29.0,,,0.0,0.0,,,,,,,,,,,3.851,3.849,3.852,,,,230.207,0.0,0.0,,,,,315.345,314.0,317.0,,,0.0,13122.0,13150.0,0.0,0.0,0.0,0.0,0.0,0.0,29.0,0.0,0.0,0.0,29.0,0.0,0.0,0.0,0.0,0.0,"solar2_v,lipo2_v"
2021-04-26T13:00:00Z,29.0,29.0,,,0.0,0.0,,,,,,,,,,,3.85,3.847,3.851,,,,230.552,0.0,0.0,,,,,313.552,311.0,314.0,,,0.0,13151.0,13179.0,0.0,0.0,0.0,0.0,0.0,0.0,29.0,0.0,0.0,0.0,29.0,0.0,0.0,0.0,0.0,0.0,"solar2_v,lipo2_v"
2021-04-26T14:00:00Z,28.0,28.0,,,0.0,0.0,,,,,,,,,,,3.848,3.846,3.851,,,,230.75,0.0,0.0,,,,,310.964,309.0,312.0,,,0.0,13180.0,13208.0,0.0,0.0,0.0,0.0,0.0,0.0,28.0,0.0,0.0,0.0,28.0,0.0,0.0,0.0,0.0,0.0,"solar2_v,lipo2_v"
2021-04-26T15:00:00Z,30.0,30.0,,,0.0,0.0,,,,,,,,,,,3.847,3.846,3.849,,,,231.033,0.0,0.0,,,,,306.367,304.0,309.0,,,0.0,13209.0,13238.0,0.0,0.0,0.0,0.0,0.0,0.0,30.0,0.0,0.0,0.0,30.0,0.0,0.0,0.0,0.0,0.0,"solar2_v,lipo2_v"
2021-04-26T16:00:00Z,29.0,29.0,,,0.0,0.0,,,,,,,,,,,3.847,3.846,3.849,,,,231.379,0.0,0.0,,,,,302.966,301.0,304.0,,,0.0,13239.0,13267.0,0.0,0.0,0.0,0.0,0.0,0.0,29.0,0.0,0.0,0.0,29.0,0.0,0.0,0.0,0.0,0.0,"solar2_v,lipo2_v"
2021-04-26T17:00:00Z,29.0,29.0,,,0.0,0.0,,,,,,,,,,,3.846,3.844,3.847,,,,231.759,0.0,0.0,,,,,300.966,300.0,301.0,,,0.0,13268.0,13296.0,0.0,0.0,0.0,0.0,0.0,0.0,29.0,0.0,0.0,0.0,29.0,0.0,0.0,0.0,0.0,0.0,"solar2_v,lipo2_v"
2021-04-26T18:00:00Z,30.0,30.0,,,0.0,0.0,,,,,,,,,,,3.845,3.844,3.847,,,,231.733,0.0,0.0,,,,,301.0,301.0,301.0,,,0.0,13297.0,13326.0,0.0,0.0,0.0,0.0,0.0,0.0,30.0,0.0,0.0,0.0,30.0,0.0,0.0,0.0,0.0,0.0,"solar2_v,lipo2_v"
2021-04-26T19:00:00Z,29.0,29.0,,,0.0,0.0,,,,,,,,,,,3.844,3.842,3.846,,,,231.966,0.0,0.0,,,,,300.207,300.0,301.0,,,0.0,13327.0,13355.0,0.0,0.0,0.0,0.0,0.0,0.0,29.0,0.0,0.0,0.0,29.0,0.0,0.0,0.0,0.0,0.0,"solar2_v,lipo2_v"
2021-04-26T20:00:00Z,29.0,29.0,,,0.0,0.0,,,,,,,,,,,3.843,3.841,3.846,,,,232.379,0.0,0.0,,,,,299.966,299.0,301.0,,,0.0,13356.0,13384.0,0.0,0.0,0.0,0.0,0.0,0.0,29.0,0.0,0.0,0.0,29.0,0.0,0.0,0.0,0.0,0.0,"solar2_v,lipo2_v"
2021-04-26T21:00:00Z,30.0,30.0,,,0.0,0.0,,,,,,,,,,,3.843,3.842,3.846,,,,232.2,0.0,0.0,,,,,298.667,297.0,300.0,,,0.0,13385.0,13414.0,0.0,0.0,0.0,0.0,0.0,0.0,30.0,0.0,0.0,0.0,30.0,0.0,0.0,0.0,0.0,0.0,"solar2_v,lipo2_v"
2021-04-26T22:00:00Z,29.0,29.0,,,0.0,0.0,,,,,,,,,,,3.842,3.841,3.844,,,,232.448,0.0,0.0,,,,,299.31,297.0,300.0,,,0.0,13415.0,13443.0,0.0,0.0,0.0,0.0,0.0,0.0,29.0,0.0,0.0,0.0,29.0,0.0,0.0,0.0,0.0,0.0,"solar2_v,lipo2_v"
2021-04-26T23:00:00Z,29.0,29.0,,,0.142,0.547,,,,,,,,,,,3.817,3.669,3.842,,,,233.517,0.0,0.0,,,,,285.793,274.0,296.0,,,0.0,13444.0,13472.0,0.0,10.0,0.0,0.0,0.0,0.0,29.0,0.0,0.0,0.0,29.0,0.0,0.0,0.0,0.0,0.0,"solar2_v,lipo2_v"
2021-04-27T00:00:00Z,30.0,30.0,,,1.074,2.071,,,,,,,,,,,3.754,3.71,3.79,,,,233.467,0.0,0.0,,,,,284.633,274.0,300.0,,,0.0,13473.0,13502.0,0.0,30.0,0.0,0.0,0.0,0.0,30.0,0.0,0.0,0.0,30.0,0.0,0.0,0.0,0.0,0.0,"solar2_v,lipo2_v"
2021-04-27T01:00:00Z,29.0,29.0,,,2.316,4.318,,,,,,,,,,,3.808,3.79,3.826,,,,229.828,0.0,0.0,,,,,321.517,299.0,354.0,,,0.0,13503.0,13531.0,0.0,29.0,0.0,0.0,0.0,0.0,29.0,0.0,0.0,0.0,29.0,0.0,0.0,0.0,0.0,0.0,"solar2_v,lipo2_v"
2021-04-27T02:00:00Z,29.0,29.0,,,3.647,5.048,,,,,,,,,,,3.831,3.809,3.839,,,,224.103,0.0,0.0,,,,,382.897,354.0,402.0,,,0.0,13532.0,13560.0,0.0,29.0,0.0,0.0,0.0,0.0,29.0,0.0,0.0,0.0,29.0,0.0,0.0,0.0,0.0,0.0,"solar2_v,lipo2_v"
2021-04-27T03:00:00Z,30.0,30.0,,,3.991,5.061,,,,,,,,,,,3.839,3.834,3.841,,,,222.1,0.0,0.0,,,,,406.533,381.0,433.0,,,0.0,13561.0,13590.0,0.0,30.0,0.0,0.0,0.0,0.0,30.0,0.0,0.0,0.0,30.0,0.0,0.0,0.0,0.0,0.0,"solar2_v,lipo2_v"
2021-04-27T04:00:00Z,29.0,29.0,,,4.954,5.175,,,,,,,,,,,3.841,3.839,3.844,,,,218.207,0.0,0.0,,,,,455.724,419.0,484.0,,,0.0,13591.0,13619.0,0.0,29.0,0.0,0.0,0.0,0.0,29.0,0.0,0.0,0.0,29.0,0.0,0.0,0.0,0.0,0.0,"solar2_v,lipo2_v"
2021-04-27T05:00:00Z,29.0,29.0,,,4.188,5.18,,,,,,,,,,,3.841,3.839,3.842,,,,218.517,0.0,0.0,,,,,445.655,410.0,477.0,,,0.0,13620.0,13648.0,0.0,29.0,0.0,0.0,0.0,0.0,29.0,0.0,0.0,0.0,29.0,0.0,0.0,0.0,0.0,0.0,"solar2_v,lipo2_v"
2021-04-27T06:00:00Z,30.0,30.0,,,2.869,3.619,,,,,,,,,,,3.841,3.841,3.842,,,,222.167,0.0,0.0,,,,,405.667,400.0,409.0,,,0.0,13649.0,13678.0,0.0,30.0,0.0,0.0,0.0,0.0,30.0,0.0,0.0,0.0,30.0,0.0,0.0,0.0,0.0,0.0,"solar2_v,lipo2_v"
2021-04-27T07:00:00Z,29.0,29.0,,,1.958,2.233,,,,,,,,,,,3.841,3.839,3.842,,,,222.69,0.0,0.0,,,,,396.448,390.0,400.0,,,0.0,13679.0,13707.0,0.0,29.0,0.0,0.0,0.0,0.0,29.0,0.0,0.0,0.0,29.0,0.0,0.0,0.0,0.0,0.0,"solar2_v,lipo2_v"
2021-04-27T08:00:00Z,29.0,29.0,,,1.147,1.615,,,,,,,,,,,3.84,3.839,3.841,,,,225.345,0.0,0.0,,,,,369.103,360.0,388.0,,,0.0,13708.0,13736.0,0.0,29.0,0.0,0.0,0.0,0.0,29.0,0.0,0.0,0.0,29.0,0.0,0.0,0.0,0.0,0.0,"solar2_v,lipo2_v"
2021-04-27T09:00:00Z,30.0,30.0,,,0.678,0.916,,,,,,,,,,,3.839,3.836,3.841,,,,227.3,0.0,0.0,,,,,352.3,340.0,366.0,,,0.0,13737.0,13766.0,0.0,29.0,0.0,0.0,0.0,0.0,30.0,0.0,0.0,0.0,30.0,0.0,0.0,0.0,0.0,0.0,"solar2_v,lipo2_v"
2021-04-27T10:00:00Z,29.0,29.0,,,0.0,0.0,,,,,,,,,,,3.837,3.834,3.838,,,,228.621,0.0,0.0,,,,,330.655,326.0,340.0,,,0.0,13767.0,13795.0,0.0,0.0,0.0,0.0,0.0,0.0,29.0,0.0,0.0,0.0,29.0,0.0,0.0,0.0,0.0,0.0,"solar2_v,lipo2_v"
2021-04-27T11:00:00Z,29.0,29.0,,,0.0,0.0,,,,,,,,,,,3.836,3.833,3.838,,,,229.862,0.0,0.0,,,,,319.276,314.0,326.0,,,0.0,13796.0,13824.0,0.0,0.0,0.0,0.0,0.0,0.0,29.0,0.0,0.0,0.0,29.0,0.0,0.0,0.0,0.0,0.0,"solar2_v,lipo2_v"
2021-04-27T12:00:00Z,30.0,30.0,,,0.0,0.0,,,,,,,,,,,3.834,3.831,3.836,,,,230.5,0.0,0.0,,,,,312.167,310.0,314.0,,,0.0,13825.0,13854.0,0.0,0.0,0.0,0.0,0.0,0.0,30.0,0.0,0.0,0.0,30.0,0.0,0.0,0.0,0.0,0.0,"solar2_v,lipo2_v"
2021-04-27T13:00:00Z,29.0,29.0,,,0.0,0.0,,,,,,,,,,,3.834,3.833,3.836,,,,231.414,0.0,0.0,,,,,306.793,305.0,312.0,,,0.0,13855.0,13883.0,0.0,0.0,0.0,0.0,0.0,0.0,29.0,0.0,0.0,0.0,29.0,0.0,0.0,0.0,0.0,0.0,"solar2_v,lipo2_v"
2021-04-27T14:00:00Z,30.0,30.0,,,0.0,0.0,,,,,,,,,,,3.833,3.831,3.834,,,,231.267,0.0,0.0,,,,,308.0,303.0,313.0,,,0.0,13884.0,13913.0,0.0,0.0,0.0,0.0,0.0,0.0,30.0,0.0,0.0,0.0,30.0,0.0,0.0,0.0,0.0,0.0,"solar2_v,lipo2_v"
2021-04-27T15:00:00Z,29.0,29.0,,,0.0,0.0,,,,,,,,,,,3.832,3.829,3.834,,,,231.586,0.0,0.0,,,,,301.172,301.0,302.0,,,0.0,13914.0,13942.0,0.0,0.0,0.0,0.0,0.0,0.0,29.0,0.0,0.0,0.0,29.0,0.0,0.0,0.0,0.0,0.0,"solar2_v,lipo2_v"
2021-04-27T16:00:00Z,29.0,29.0,,,0.0,0.0,,,,,,,,,,,3.831,3.829,3.833,,,,231.655,0.0,0.0,,,,,301.0,301.0,301.0,,,0.0,13943.0,13971.0,0.0,0.0,0.0,0.0,0.0,0.0,29.0,0.0,0.0,0.0,29.0,0.0,0.0,0.0,0.0,0.0,"solar2_v,lipo2_v"
2021-04-27T17:00:00Z,30.0,30.0,,,0.0,0.0,,,,,,,,,,,3.83,3.828,3.833,,,,231.733,0.0,0.0,,,,,301.0,301.0,301.0,,,0.0,13972.0,14001.0,0.0,0.0,0.0,0.0,0.0,0.0,30.0,0.0,0.0,0.0,30.0,0.0,0.0,0.0,0.0,0.0,"solar2_v,lipo2_v"
2021-04-27T18:00:00Z,29.0,29.0,,,0.0,0.0,,,,,,,,,,,3.829,3.828,3.831,,,,232.0,0.0,0.0,,,,,300.586,300.0,301.0,,,0.0,14002.0,14030.0,0.0,0.0,0.0,0.0,0.0,0.0,29.0,0.0,0.0,0.0,29.0,0.0,0.0,0.0,0.0,0.0,"solar2_v,lipo2_v"
2021-04-27T19:00:00Z,29.0,29.0,,,0.0,0.0,,,,,,,,,,,3.828,3.828,3.831,,,,231.897,0.0,0.0,,,,,300.414,298.0,301.0,,,0.0,14031.0,14059.0,0.0,0.0,0.0,0.0,0.0,0.0,29.0,0.0,0.0,0.0,29.0,0.0,0.0,0.0,0.0,0.0,"solar2_v,lipo2_v"
2021-04-27T20:00:00Z,30.0,30.0,,,0.0,0.0,,,,,,,,,,,3.828,3.826,3.829,,,,232.967,0.0,0.0,,,,,295.0,294.0,297.0,,,0.0,14060.0,14089.0,0.0,0.0,0.0,0.0,0.0,0.0,30.0,0.0,0.0,0.0,30.0,0.0,0.0,0.0,0.0,0.0,"solar2_v,lipo2_v"
2021-04-27T21:00:00Z,29.0,29.0,,,0.0,0.0,,,,,,,,,,,3.826,3.823,3.828,,,,232.759,0.0,0.0,,,,,293.0,292.0,294.0,,,0.0,14090.0,14118.0,0.0,0.0,0.0,0.0,0.0,0.0,29.0,0.0,0.0,0.0,29.0,0.0,0.0,0.0,0.0,0.0,"solar2_v,lipo2_v"
2021-04-27T22:00:00Z,29.0,29.0,,,0.0,0.0,,,,,,,,,,,3.825,3.823,3.828,,,,232.966,0.0,0.0,,,,,291.552,291.0,293.0,,,0.0,14119.0,14147.0,0.0,0.0,0.0,0.0,0.0,0.0,29.0,0.0,0.0,0.0,29.0,0.0,0.0,0.0,0.0,0.0,"solar2_v,lipo2_v"
2021-04-27T23:00:00Z,30.0,30.0,,,0.767,1.428,,,,,,,,,,,3.825,3.823,3.826,,,,231.467,0.0,0.0,,,,,304.0,293.0,316.0,,,0.0,14148.0,14177.0,0.0,29.0,0.0,0.0,0.0,0.0,30.0,0.0,0.0,0.0,30.0,0.0,0.0,0.0,0.0,0.0,"solar2_v,lipo2_v"
2021-04-28T00:00:00Z,29.0,29.0,,,2.583,3.821,,,,,,,,,,,3.826,3.824,3.828,,,,227.724,0.0,0.0,,,,,341.897,318.0,367.0,,,0.0,14178.0,14206.0,0.0,29.0,0.0,0.0,0.0,0.0,29.0,0.0,0.0,0.0,29.0,0.0,0.0,0.0,0.0,0.0,"solar2_v,lipo2_v"
2021-04-28T01:00:00Z,29.0,29.0,,,3.803,4.879,,,,,,,,,,,3.827,3.824,3.829,,,,223.621,0.0,0.0,,,,,381.069,367.0,396.0,,,0.0,14207.0,14235.0,0.0,29.0,0.0,0.0,0.0,0.0,29.0,0.0,0.0,0.0,29.0,0.0,0.0,0.0,0.0,0.0,"solar2_v,lipo2_v"
2021-04-28T02:00:00Z,30.0,30.0,,,4.106,4.993,,,,,,,,,,,3.828,3.826,3.829,,,,221.367,0.0,0.0,,,,,415.333,394.0,433.0,,,0.0,14236.0,14265.0,0.0,30.0,0.0,0.0,0.0,0.0,30.0,0.0,0.0,0.0,30.0,0.0,0.0,0.0,0.0,0.0,"solar2_v,lipo2_v"
2021-04-28T03:00:00Z,29.0,29.0,,,3.302,5.22,,,,,,,,,,,3.829,3.828,3.831,,,,221.724,0.0,0.0,,,,,407.448,388.0,433.0,,,0.0,14266.0,14294.0,0.0,29.0,0.0,0.0,0.0,0.0,29.0,0.0,0.0,0.0,29.0,0.0,0.0,0.0,0.0,0.0,"solar2_v,lipo2_v"
2021-04-28T04:00:00Z,29.0,29.0,,,4.35,5.244,,,,,,,,,,,3.828,3.826,3.831,,,,220.655,0.0,0.0,,,,,421.483,384.0,447.0,,,0.0,14295.0,14323.0,0.0,29.0,0.0,0.0,0.0,0.0,29.0,0.0,0.0,0.0,29.0,0.0,0.0,0.0,0.0,0.0,"solar2_v,lipo2_v"
2021-04-28T05:00:00Z,30.0,30.0,,,3.354,5.192,,,,,,,,,,,3.828,3.826,3.829,,,,219.867,0.0,0.0,,,,,428.6,393.0,459.0,,,0.0,14324.0,14353.0,0.0,30.0,0.0,0.0,0.0,0.0,30.0,0.0,0.0,0.0,30.0,0.0,0.0,0.0,0.0,0.0,"solar2_v,lipo2_v"
2021-04-28T06:00:00Z,20.0,20.0,,,2.202,2.925,,,,,,,,,,,3.827,3.823,3.828,,,,223.0,0.0,0.0,,,,,394.15,381.0,403.0,,,0.0,14354.0,14381.0,0.0,20.0,0.0,0.0,0.0,0.0,20.0,0.0,0.0,0.0,20.0,0.0,0.0,0.0,0.0,0.0,"solar2_v,lipo2_v"
2021-04-28T07:00:00Z,30.0,30.0,,,1.829,2.174,,,,,,,,,,,3.825,3.823,3.826,,,,223.3,0.0,0.0,,,,,384.667,374.0,392.0,,,0.0,14382.0,14411.0,0.0,30.0,0.0,0.0,0.0,0.0,30.0,0.0,0.0,0.0,30.0,0.0,0.0,0.0,0.0,0.0,"solar2_v,lipo2_v"
2021-04-28T08:00:00Z,29.0,29.0,,,1.185,1.538,,,,,,,,,,,3.825,3.823,3.826,,,,225.931,0.0,0.0,,,,,363.621,349.0,374.0,,,0.0,14412.0,14440.0,0.0,29.0,0.0,0.0,0.0,0.0,29.0,0.0,0.0,0.0,29.0,0.0,0.0,0.0,0.0,0.0,"solar2_v,lipo2_v"
2021-04-28T09:00:00Z,29.0,29.0,,,0.495,0.802,,,,,,,,,,,3.822,3.821,3.824,,,,228.069,0.0,0.0,,,,,335.931,326.0,348.0,,,0.0,14441.0,14469.0,0.0,27.0,0.0,0.0,0.0,0.0,29.0,0.0,0.0,0.0,29.0,0.0,0.0,0.0,0.0,0.0,"solar2_v,lipo2_v"
2021-04-28T10:00:00Z,30.0,30.0,,,0.0,0.0,,,,,,,,,,,3.821,3.819,3.823,,,,229.8,0.0,0.0,,,,,319.633,315.0,327.0,,,0.0,14470.0,14499.0,0.0,0.0,0.0,0.0,0.0,0.0,30.0,0.0,0.0,0.0,30.0,0.0,0.0,0.0,0.0,0.0,"solar2_v,lipo2_v"
2021-04-28T11:00:00Z,29.0,29.0,,,0.0,0.0,,,,,,,,,,,3.82,3.819,3.821,,,,230.448,0.0,0.0,,,,,313.379,311.0,315.0,,,0.0,14500.0,14528.0,0.0,0.0,0.0,0.0,0.0,0.0,29.0,0.0,0.0,0.0,29.0,0.0,0.0,0.0,0.0,0.0,"solar2_v,lipo2_v"
2021-04-28T12:00:00Z,29.0,29.0,,,0.0,0.0,,,,,,,,,,,3.819,3.818,3.819,,,,230.931,0.0,0.0,,,,,306.897,304.0,311.0,,,0.0,14529.0,14557.0,0.0,0.0,0.0,0.0,0.0,0.0,29.0,0.0,0.0,0.0,29.0,0.0,0.0,0.0,0.0,0.0,"solar2_v,lipo2_v"
2021-04-28T13:00:00Z,30.0,30.0,,,0.0,0.0,,,,,,,,,,,3.818,3.818,3.819,,,,231.5,0.0,0.0,,,,,302.3,301.0,304.0,,,0.0,14558.0,14587.0,0.0,0.0,0.0,0.0,0.0,0.0,30.0,0.0,0.0,0.0,30.0,0.0,0.0,0.0,0.0,0.0,"solar2_v,lipo2_v"
2021-04-28T14:00:00Z,29.0,29.0,,,0.0,0.0,,,,,,,,,,,3.818,3.816,3.819,,,,231.793,0.0,0.0,,,,,300.966,300.0,301.0,,,0.0,14588.0,14616.0,0.0,0.0,0.0,0.0,0.0,0.0,29.0,0.0,0.0,0.0,29.0,0.0,0.0,0.0,0.0,0.0,"solar2_v,lipo2_v"
2021-04-28T15:00:00Z,29.0,29.0,,,0.0,0.0,,,,,,,,,,,3.818,3.816,3.819,,,,231.966,0.0,0.0,,,,,299.966,299.0,301.0,,,0.0,14617.0,14645.0,0.0,0.0,0.0,0.0,0.0,0.0,29.0,0.0,0.0,0.0,29.0,0.0,0.0,0.0,0.0,0.0,"solar2_v,lipo2_v"
2021-04-28T16:00:00Z,27.0,27.0,,,0.0,0.0,,,,,,,,,,,3.817,3.816,3.818,,,,232.148,0.0,0.0,,,,,299.111,297.0,301.0,,,0.0,14646.0,14674.0,0.0,0.0,0.0,0.0,0.0,0.0,27.0,0.0,0.0,0.0,27.0,0.0,0.0,0.0,0.0,0.0,"solar2_v,lipo2_v"
2021-04-28T17:00:00Z,24.0,24.0,,,0.0,0.0,,,,,,,,,,,3.816,3.814,3.816,,,,232.042,0.0,0.0,,,,,296.417,293.0,301.0,,,0.0,14675.0,14702.0,0.0,0.0,0.0,0.0,0.0,0.0,24.0,0.0,0.0,0.0,24.0,0.0,0.0,0.0,0.0,0.0,"solar2_v,lipo2_v"
2021-04-28T18:00:00Z,29.0,29.0,,,0.0,0.0,,,,,,,,,,,3.816,3.814,3.816,,,,232.966,0.0,0.0,,,,,291.862,291.0,294.0,,,0.0,14703.0,14731.0,0.0,0.0,0.0,0.0,0.0,0.0,29.0,0.0,0.0,0.0,29.0,0.0,0.0,0.0,0.0,0.0,"solar2_v,lipo2_v"
2021-04-28T19:00:00Z,30.0,30.0,,,0.0,0.0,,,,,,,,,,,3.815,3.814,3.816,,,,232.867,0.0,0.0,,,,,291.133,290.0,292.0,,,0.0,14732.0,14761.0,0.0,0.0,0.0,0.0,0.0,0.0,30.0,0.0,0.0,0.0,30.0,0.0,0.0,0.0,0.0,0.0,"solar2_v,lipo2_v"
2021-04-28T20:00:00Z,29.0,29.0,,,0.0,0.0,,,,,,,,,,,3.815,3.814,3.816,,,,232.69,0.0,0.0,,,,,293.897,291.0,296.0,,,0.0,14762.0,14790.0,0.0,0.0,0.0,0.0,0.0,0.0,29.0,0.0,0.0,0.0,29.0,0.0,0.0,0.0,0.0,0.0,"solar2_v,lipo2_v"
2021-04-28T21:00:00Z,29.0,29.0,,,0.0,0.0,,,,,,,,,,,3.815,3.813,3.816,,,,232.517,0.0,0.0,,,,,296.069,295.0,297.0,,,0.0,14791.0,14819.0,0.0,0.0,0.0,0.0,0.0,0.0,29.0,0.0,0.0,0.0,29.0,0.0,0.0,0.0,0.0,0.0,"solar2_v,lipo2_v"
2021-04-28T22:00:00Z,30.0,30.0,,,0.0,0.0,,,,,,,,,,,3.814,3.813,3.816,,,,232.233,0.0,0.0,,,,,298.167,296.0,300.0,,,0.0,14820.0,14849.0,0.0,0.0,0.0,0.0,0.0,0.0,30.0,0.0,0.0,0.0,30.0,0.0,0.0,0.0,0.0,0.0,"solar2_v,lipo2_v"
2021-04-28T23:00:00Z,29.0,29.0,,,0.418,1.102,,,,,,,,,,,3.814,3.813,3.814,,,,231.621,0.0,0.0,,,,,302.724,301.0,311.0,,,0.0,14850.0,14878.0,0.0,22.0,0.0,0.0,0.0,0.0,29.0,0.0,0.0,0.0,29.0,0.0,0.0,0.0,0.0,0.0,"solar2_v,lipo2_v"
2021-04-29T00:00:00Z,30.0,30.0,,,2.66,4.142,,,,,,,,,,,3.814,3.813,3.816,,,,227.733,0.0,0.0,,,,,344.333,313.0,367.0,,,0.0,14879.0,14908.0,0.0,30.0,0.0,0.0,0.0,0.0,30.0,0.0,0.0,0.0,30.0,0.0,0.0,0.0,0.0,0.0,"solar2_v,lipo2_v"
2021-04-29T01:00:00Z,29.0,29.0,,,3.351,4.864,,,,,,,,,,,3.816,3.814,3.816,,,,223.172,0.0,0.0,,,,,394.69,366.0,420.0,,,0.0,14909.0,14937.0,0.0,29.0,0.0,0.0,0.0,0.0,29.0,0.0,0.0,0.0,29.0,0.0,0.0,0.0,0.0,0.0,"solar2_v,lipo2_v"
2021-04-29T02:00:00Z,29.0,29.0,,,4.234,5.205,,,,,,,,,,,3.816,3.814,3.818,,,,219.552,0.0,0.0,,,,,432.517,420.0,448.0,,,0.0,14938.0,14966.0,0.0,29.0,0.0,0.0,0.0,0.0,29.0,0.0,0.0,0.0,29.0,0.0,0.0,0.0,0.0,0.0,"solar2_v,lipo2_v"
2021-04-29T03:00:00Z,30.0,30.0,,,4.972,5.084,,,,,,,,,,,3.773,3.658,3.816,,,,216.267,0.0,0.0,,,,,472.7,449.0,490.0,,,0.0,14967.0,14996.0,0.0,30.0,0.0,0.0,0.0,0.0,30.0,0.0,0.0,0.0,30.0,0.0,0.0,0.0,0.0,0.0,"solar2_v,lipo2_v"
2021-04-29T04:00:00Z,29.0,29.0,,,4.959,5.171,,,,,,,,,,,3.71,3.654,3.734,,,,214.207,0.0,0.0,,,,,490.897,482.0,511.0,,,0.0,14997.0,15025.0,0.0,29.0,0.0,0.0,0.0,0.0,29.0,0.0,0.0,0.0,29.0,0.0,0.0,0.0,0.0,0.0,"solar2_v,lipo2_v"
2021-04-29T05:00:00Z,29.0,29.0,,,3.466,5.089,,,,,,,,,,,3.702,3.628,3.735,,,,216.828,0.0,0.0,,,,,466.586,403.0,517.0,,,0.0,15026.0,15054.0,0.0,29.0,0.0,0.0,0.0,0.0,29.0,0.0,0.0,0.0,29.0,0.0,0.0,0.0,0.0,0.0,"solar2_v,lipo2_v"
2021-04-29T06:00:00Z,30.0,30.0,,,2.112,3.066,,,,,,,,,,,3.743,3.709,3.793,,,,223.233,0.0,0.0,,,,,393.067,380.0,406.0,,,0.0,15055.0,15084.0,0.0,30.0,0.0,0.0,0.0,0.0,30.0,0.0,0.0,0.0,30.0,0.0,0.0,0.0,0.0,0.0,"solar2_v,lipo2_v"
2021-04-29T07:00:00Z,20.0,20.0,,,1.448,1.799,,,,,,,,,,,3.737,3.709,3.773,,,,224.65,0.0,0.0,,,,,371.25,367.0,381.0,,,0.0,15085.0,15104.0,0.0,20.0,0.0,0.0,0.0,0.0,20.0,0.0,0.0,0.0,20.0,0.0,0.0,0.0,0.0,0.0,"solar2_v,lipo2_v"
2021-04-30T08:00:00Z,10.0,10.0,,,1.009,1.074,,,,,,,,,,,3.57,3.569,3.572,,,,225.6,0.0,0.0,,,,,363.6,357.0,367.0,,,0.0,15767.0,15776.0,0.0,10.0,0.0,0.0,0.0,0.0,10.0,0.0,0.0,0.0,10.0,0.0,0.0,0.0,0.0,0.0,"solar2_v,lipo2_v"
2021-04-30T09:00:00Z,30.0,30.0,,,0.768,0.903,,,,,,,,,,,3.568,3.56,3.572,,,,227.433,0.0,0.0,,,,,348.867,341.0,355.0,,,0.0,15777.0,15806.0,0.0,30.0,0.0,0.0,0.0,0.0,30.0,0.0,0.0,0.0,30.0,0.0,0.0,0.0,0.0,0.0,"solar2_v,lipo2_v"
2021-04-30T10:00:00Z,29.0,29.0,,,0.191,0.59,,,,,,,,,,,3.475,3.428,3.56,,,,228.448,0.0,0.0,,,,,331.276,324.0,340.0,,,0.0,15807.0,15835.0,0.0,12.0,0.0,0.0,0.0,0.0,29.0,0.0,0.0,0.0,29.0,0.0,0.0,0.0,0.0,0.0,"solar2_v,lipo2_v"
2021-04-30T11:00:00Z,29.0,29.0,,,0.0,0.0,,,,,,,,,,,3.47,3.445,3.489,,,,229.828,0.0,0.0,,,,,316.828,313.0,323.0,,,0.0,15836.0,15864.0,0.0,0.0,0.0,0.0,0.0,0.0,29.0,0.0,0.0,0.0,29.0,0.0,0.0,0.0,0.0,0.0,"solar2_v,lipo2_v"
2021-04-30T12:00:00Z,30.0,30.0,,,0.0,0.0,,,,,,,,,,,3.465,3.446,3.484,,,,230.967,0.0,0.0,,,,,311.5,307.0,314.0,,,0.0,15865.0,15894.0,0.0,0.0,0.0,0.0,0.0,0.0,30.0,0.0,0.0,0.0,30.0,0.0,0.0,0.0,0.0,0.0,"solar2_v,lipo2_v"
2021-04-30T13:00:00Z,29.0,29.0,,,0.0,0.0,,,,,,,,,,,3.478,3.455,3.489,,,,231.172,0.0,0.0,,,,,304.759,303.0,307.0,,,0.0,15895.0,15923.0,0.0,0.0,0.0,0.0,0.0,0.0,29.0,0.0,0.0,0.0,29.0,0.0,0.0,0.0,0.0,0.0,"solar2_v,lipo2_v"
2021-04-30T14:00:00Z,29.0,29.0,,,0.0,0.0,,,,,,,,,,,3.48,3.47,3.486,,,,231.759,0.0,0.0,,,,,301.103,301.0,302.0,,,0.0,15924.0,15952.0,0.0,0.0,0.0,0.0,0.0,0.0,29.0,0.0,0.0,0.0,29.0,0.0,0.0,0.0,0.0,0.0,"solar2_v,lipo2_v"
2021-04-30T15:00:00Z,30.0,30.0,,,0.0,0.0,,,,,,,,,,,3.472,3.451,3.498,,,,231.9,0.0,0.0,,,,,300.9,300.0,301.0,,,0.0,15953.0,15982.0,0.0,0.0,0.0,0.0,0.0,0.0,30.0,0.0,0.0,0.0,30.0,0.0,0.0,0.0,0.0,0.0,"solar2_v,lipo2_v"
2021-04-30T16:00:00Z,29.0,29.0,,,0.0,0.0,,,,,,,,,,,3.508,3.496,3.524,,,,232.207,0.0,0.0,,,,,300.379,300.0,301.0,,,0.0,15983.0,16011.0,0.0,0.0,0.0,0.0,0.0,0.0,29.0,0.0,0.0,0.0,29.0,0.0,0.0,0.0,0.0,0.0,"solar2_v,lipo2_v"
2021-04-30T17:00:00Z,30.0,30.0,,,0.0,0.0,,,,,,,,,,,3.526,3.521,3.529,,,,232.6,0.0,0.0,,,,,298.667,296.0,300.0,,,0.0,16012.0,16041.0,0.0,0.0,0.0,0.0,0.0,0.0,30.0,0.0,0.0,0.0,30.0,0.0,0.0,0.0,0.0,0.0,"solar2_v,lipo2_v"
2021-04-30T18:00:00Z,29.0,29.0,,,0.0,0.0,,,,,,,,,,,3.527,3.522,3.531,,,,232.207,0.0,0.0,,,,,296.345,296.0,297.0,,,0.0,16042.0,16070.0,0.0,0.0,0.0,0.0,0.0,0.0,29.0,0.0,0.0,0.0,29.0,0.0,0.0,0.0,0.0,0.0,"solar2_v,lipo2_v"
2021-04-30T19:00:00Z,29.0,29.0,,,0.0,0.0,,,,,,,,,,,3.529,3.524,3.534,,,,232.862,0.0,0.0,,,,,293.966,293.0,296.0,,,0.0,16071.0,16099.0,0.0,0.0,0.0,0.0,0.0,0.0,29.0,0.0,0.0,0.0,29.0,0.0,0.0,0.0,0.0,0.0,"solar2_v,lipo2_v"
2021-04-30T20:00:00Z,30.0,30.0,,,0.0,0.0,,,,,,,,,,,3.543,3.534,3.547,,,,233.1,0.0,0.0,,,,,291.667,291.0,293.0,,,0.0,16100.0,16129.0,0.0,0.0,0.0,0.0,0.0,0.0,30.0,0.0,0.0,0.0,30.0,0.0,0.0,0.0,0.0,0.0,"solar2_v,lipo2_v"
2021-04-30T21:00:00Z,28.0,28.0,,,0.0,0.0,,,,,,,,,,,3.549,3.547,3.55,,,,233.179,0.0,0.0,,,,,291.071,290.0,292.0,,,0.0,16130.0,16157.0,0.0,0.0,0.0,0.0,0.0,0.0,28.0,0.0,0.0,0.0,28.0,0.0,0.0,0.0,0.0,0.0,"solar2_v,lipo2_v"
2021-04-30T22:00:00Z,26.0,26.0,,,0.0,0.0,,,,,,,,,,,3.55,3.549,3.552,,,,232.615,0.0,0.0,,,,,289.385,289.0,291.0,,,0.0,16162.0,16187.0,0.0,0.0,0.0,0.0,0.0,0.0,26.0,0.0,0.0,0.0,26.0,0.0,0.0,0.0,0.0,0.0,"solar2_v,lipo2_v"
2021-04-30T23:00:00Z,26.0,26.0,,,1.077,2.135,,,,,,,,,,,3.551,3.549,3.552,,,,230.462,0.0,0.0,,,,,312.115,293.0,340.0,,,0.0,16192.0,16217.0,0.0,23.0,0.0,0.0,0.0,0.0,26.0,0.0,0.0,0.0,26.0,0.0,0.0,0.0,0.0,0.0,"solar2_v,lipo2_v"
2021-05-01T00:00:00Z,29.0,29.0,,,3.125,4.721,,,,,,,,,,,3.549,3.539,3.552,,,,226.448,0.0,0.0,,,,,359.138,340.0,370.0,,,0.0,16218.0,16246.0,0.0,29.0,0.0,0.0,0.0,0.0,29.0,0.0,0.0,0.0,29.0,0.0,0.0,0.0,0.0,0.0,"solar2_v,lipo2_v"
2021-05-01T01:00:00Z,30.0,30.0,,,4.632,5.072,,,,,,,,,,,3.508,3.438,3.542,,,,223.067,0.0,0.0,,,,,395.533,374.0,420.0,,,0.0,16247.0,16276.0,0.0,30.0,0.0,0.0,0.0,0.0,30.0,0.0,0.0,0.0,30.0,0.0,0.0,0.0,0.0,0.0,"solar2_v,lipo2_v"
2021-05-01T02:00:00Z,29.0,29.0,,,4.364,5.297,,,,,,,,,,,3.519,3.491,3.529,,,,218.931,0.0,0.0,,,,,440.138,423.0,449.0,,,0.0,16277.0,16305.0,0.0,29.0,0.0,0.0,0.0,0.0,29.0,0.0,0.0,0.0,29.0,0.0,0.0,0.0,0.0,0.0,"solar2_v,lipo2_v"
2021-05-01T03:00:00Z,29.0,29.0,,,3.757,5.462,,,,,,,,,,,3.519,3.516,3.521,,,,219.31,0.0,0.0,,,,,438.931,423.0,449.0,,,0.0,16306.0,16334.0,0.0,29.0,0.0,0.0,0.0,0.0,29.0,0.0,0.0,0.0,29.0,0.0,0.0,0.0,0.0,0.0,"solar2_v,lipo2_v"
2021-05-01T04:00:00Z,30.0,30.0,,,2.796,5.279,,,,,,,,,,,3.518,3.511,3.526,,,,220.6,0.0,0.0,,,,,423.733,396.0,446.0,,,0.0,16335.0,16364.0,0.0,30.0,0.0,0.0,0.0,0.0,30.0,0.0,0.0,0.0,30.0,0.0,0.0,0.0,0.0,0.0,"solar2_v,lipo2_v"
2021-05-01T05:00:00Z,29.0,29.0,,,2.633,5.215,,,,,,,,,,,3.536,3.522,3.541,,,,221.724,0.0,0.0,,,,,412.517,384.0,460.0,,,0.0,16365.0,16393.0,0.0,29.0,0.0,0.0,0.0,0.0,29.0,0.0,0.0,0.0,29.0,0.0,0.0,0.0,0.0,0.0,"solar2_v,lipo2_v"
2021-05-01T06:00:00Z,30.0,30.0,,,1.728,2.912,,,,,,,,,,,3.535,3.534,3.537,,,,223.2,0.0,0.0,,,,,390.633,384.0,394.0,,,0.0,16394.0,16423.0,0.0,30.0,0.0,0.0,0.0,0.0,30.0,0.0,0.0,0.0,30.0,0.0,0.0,0.0,0.0,0.0,"solar2_v,lipo2_v"
2021-05-01T07:00:00Z,29.0,29.0,,,1.244,1.456,,,,,,,,,,,3.533,3.531,3.536,,,,223.655,0.0,0.0,,,,,381.103,379.0,386.0,,,0.0,16424.0,16452.0,0.0,29.0,0.0,0.0,0.0,0.0,29.0,0.0,0.0,0.0,29.0,0.0,0.0,0.0,0.0,0.0,"solar2_v,lipo2_v"
2021-05-01T08:00:00Z,29.0,29.0,,,0.993,1.559,,,,,,,,,,,3.533,3.529,3.539,,,,224.862,0.0,0.0,,,,,369.138,354.0,379.0,,,0.0,16453.0,16481.0,0.0,29.0,0.0,0.0,0.0,0.0,29.0,0.0,0.0,0.0,29.0,0.0,0.0,0.0,0.0,0.0,"solar2_v,lipo2_v"
2021-05-01T09:00:00Z,30.0,30.0,,,0.535,0.731,,,,,,,,,,,3.535,3.532,3.539,,,,227.667,0.0,0.0,,,,,347.667,339.0,354.0,,,0.0,16482.0,16511.0,0.0,30.0,0.0,0.0,0.0,0.0,30.0,0.0,0.0,0.0,30.0,0.0,0.0,0.0,0.0,0.0,"solar2_v,lipo2_v"
2021-05-01T10:00:00Z,29.0,29.0,,,0.0,0.0,,,,,,,,,,,3.538,3.527,3.542,,,,228.966,0.0,0.0,,,,,326.897,320.0,337.0,,,0.0,16512.0,16540.0,0.0,0.0,0.0,0.0,0.0,0.0,29.0,0.0,0.0,0.0,29.0,0.0,0.0,0.0,0.0,0.0,"solar2_v,lipo2_v"
2021-05-01T11:00:00Z,29.0,29.0,,,0.0,0.0,,,,,,,,,,,3.508,3.479,3.527,,,,229.966,0.0,0.0,,,,,315.414,314.0,320.0,,,0.0,16541.0,16569.0,0.0,0.0,0.0,0.0,0.0,0.0,29.0,0.0,0.0,0.0,29.0,0.0,0.0,0.0,0.0,0.0,"solar2_v,lipo2_v"
2021-05-01T12:00:00Z,30.0,30.0,,,0.0,0.0,,,,,,,,,,,3.464,3.448,3.478,,,,230.933,0.0,0.0,,,,,312.067,309.0,314.0,,,0.0,16570.0,16599.0,0.0,0.0,0.0,0.0,0.0,0.0,30.0,0.0,0.0,0.0,30.0,0.0,0.0,0.0,0.0,0.0,"solar2_v,lipo2_v"
2021-05-01T13:00:00Z,29.0,29.0,,,0.0,0.0,,,,,,,,,,,3.456,3.45,3.461,,,,230.793,0.0,0.0,,,,,306.69,303.0,309.0,,,0.0,16600.0,16628.0,0.0,0.0,0.0,0.0,0.0,0.0,29.0,0.0,0.0,0.0,29.0,0.0,0.0,0.0,0.0,0.0,"solar2_v,lipo2_v"
2021-05-01T14:00:00Z,29.0,29.0,,,0.0,0.0,,,,,,,,,,,3.459,3.446,3.473,,,,231.552,0.0,0.0,,,,,301.897,301.0,304.0,,,0.0,16629.0,16657.0,0.0,0.0,0.0,0.0,0.0,0.0,29.0,0.0,0.0,0.0,29.0,0.0,0.0,0.0,0.0,0.0,"solar2_v,lipo2_v"
2021-05-01T15:00:00Z,30.0,30.0,,,0.0,0.0,,,,,,,,,,,3.484,3.47,3.489,,,,231.667,0.0,0.0,,,,,301.0,301.0,301.0,,,0.0,16658.0,16687.0,0.0,0.0,0.0,0.0,0.0,0.0,30.0,0.0,0.0,0.0,30.0,0.0,0.0,0.0,0.0,0.0,"solar2_v,lipo2_v"
2021-05-01T16:00:00Z,29.0,29.0,,,0.0,0.0,,,,,,,,,,,3.492,3.484,3.499,,,,232.0,0.0,0.0,,,,,300.552,300.0,301.0,,,0.0,16688.0,16716.0,0.0,0.0,0.0,0.0,0.0,0.0,29.0,0.0,0.0,0.0,29.0,0.0,0.0,0.0,0.0,0.0,"solar2_v,lipo2_v"
2021-05-01T17:00:00Z,29.0,29.0,,,0.0,0.0,,,,,,,,,,,3.501,3.499,3.503,,,,231.793,0.0,0.0,,,,,299.414,298.0,300.0,,,0.0,16717.0,16745.0,0.0,0.0,0.0,0.0,0.0,0.0,29.0,0.0,0.0,0.0,29.0,0.0,0.0,0.0,0.0,0.0,"solar2_v,lipo2_v"
2021-05-01T18:00:00Z,30.0,30.0,,,0.0,0.0,,,,,,,,,,,3.504,3.501,3.506,,,,232.333,0.0,0.0,,,,,296.867,296.0,299.0,,,0.0,16746.0,16775.0,0.0,0.0,0.0,0.0,0.0,0.0,30.0,0.0,0.0,0.0,30.0,0.0,0.0,0.0,0.0,0.0,"solar2_v,lipo2_v"
2021-05-01T19:00:00Z,29.0,29.0,,,0.0,0.0,,,,,,,,,,,3.504,3.503,3.506,,,,232.276,0.0,0.0,,,,,296.966,296.0,298.0,,,0.0,16776.0,16804.0,0.0,0.0,0.0,0.0,0.0,0.0,29.0,0.0,0.0,0.0,29.0,0.0,0.0,0.0,0.0,0.0,"solar2_v,lipo2_v"
2021-05-01T20:00:00Z,29.0,29.0,,,0.0,0.0,,,,,,,,,,,3.504,3.503,3.506,,,,232.655,0.0,0.0,,,,,296.0,295.0,297.0,,,0.0,16805.0,16833.0,0.0,0.0,0.0,0.0,0.0,0.0,29.0,0.0,0.0,0.0,29.0,0.0,0.0,0.0,0.0,0.0,"solar2_v,lipo2_v"
2021-05-01T21:00:00Z,30.0,30.0,,,0.0,0.0,,,,,,,,,,,3.504,3.503,3.506,,,,232.8,0.0,0.0,,,,,295.333,295.0,296.0,,,0.0,16834.0,16863.0,0.0,0.0,0.0,0.0,0.0,0.0,30.0,0.0,0.0,0.0,30.0,0.0,0.0,0.0,0.0,0.0,"solar2_v,lipo2_v"
2021-05-01T22:00:00Z,29.0,29.0,,,0.0,0.0,,,,,,,,,,,3.503,3.501,3.504,,,,232.793,0.0,0.0,,,,,294.379,293.0,296.0,,,0.0,16864.0,16892.0,0.0,0.0,0.0,0.0,0.0,0.0,29.0,0.0,0.0,0.0,29.0,0.0,0.0,0.0,0.0,0.0,"solar2_v,lipo2_v"
2021-05-01T23:00:00Z,29.0,29.0,,,1.059,2.309,,,,,,,,,,,3.503,3.501,3.504,,,,230.759,0.0,0.0,,,,,312.69,294.0,346.0,,,0.0,16893.0,16921.0,0.0,22.0,0.0,0.0,0.0,0.0,29.0,0.0,0.0,0.0,29.0,0.0,0.0,0.0,0.0,0.0,"solar2_v,lipo2_v"
2021-05-02T00:00:00Z,30.0,30.0,,,3.284,4.232,,,,,,,,,,,3.504,3.503,3.506,,,,225.433,0.0,0.0,,,,,365.0,346.0,384.0,,,0.0,16922.0,16951.0,0.0,30.0,0.0,0.0,0.0,0.0,30.0,0.0,0.0,0.0,30.0,0.0,0.0,0.0,0.0,0.0,"solar2_v,lipo2_v"
2021-05-02T01:00:00Z,29.0,29.0,,,4.356,5.089,,,,,,,,,,,3.506,3.499,3.511,,,,221.414,0.0,0.0,,,,,407.483,388.0,429.0,,,0.0,16952.0,16980.0,0.0,29.0,0.0,0.0,0.0,0.0,29.0,0.0,0.0,0.0,29.0,0.0,0.0,0.0,0.0,0.0,"solar2_v,lipo2_v"
2021-05-02T02:00:00Z,30.0,30.0,,,4.422,5.085,,,,,,,,,,,3.479,3.437,3.509,,,,218.167,0.0,0.0,,,,,451.667,429.0,486.0,,,0.0,16981.0,17010.0,0.0,30.0,0.0,0.0,0.0,0.0,30.0,0.0,0.0,0.0,30.0,0.0,0.0,0.0,0.0,0.0,"solar2_v,lipo2_v"
2021-05-02T03:00:00Z,29.0,29.0,,,5.048,5.141,,,,,,,,,,,3.497,3.491,3.499,,,,214.0,0.0,0.0,,,,,494.586,487.0,506.0,,,0.0,17011.0,17039.0,0.0,29.0,0.0,0.0,0.0,0.0,29.0,0.0,0.0,0.0,29.0,0.0,0.0,0.0,0.0,0.0,"solar2_v,lipo2_v"
2021-05-02T04:00:00Z,29.0,29.0,,,4.416,5.377,,,,,,,,,,,3.489,3.484,3.501,,,,215.655,0.0,0.0,,,,,475.931,438.0,501.0,,,0.0,17040.0,17068.0,0.0,29.0,0.0,0.0,0.0,0.0,29.0,0.0,0.0,0.0,29.0,0.0,0.0,0.0,0.0,0.0,"solar2_v,lipo2_v"
2021-05-02T05:00:00Z,30.0,30.0,,,2.264,5.489,,,,,,,,,,,3.503,3.499,3.506,,,,221.4,0.0,0.0,,,,,409.267,397.0,439.0,,,0.0,17069.0,17098.0,0.0,30.0,0.0,0.0,0.0,0.0,30.0,0.0,0.0,0.0,30.0,0.0,0.0,0.0,0.0,0.0,"solar2_v,lipo2_v"
2021-05-02T06:00:00Z,28.0,28.0,,,1.644,2.404,,,,,,,,,,,3.502,3.501,3.504,,,,222.429,0.0,0.0,,,,,402.714,398.0,407.0,,,0.0,17099.0,17127.0,0.0,28.0,0.0,0.0,0.0,0.0,28.0,0.0,0.0,0.0,28.0,0.0,0.0,0.0,0.0,0.0,"solar2_v,lipo2_v"
2021-05-02T07:00:00Z,29.0,29.0,,,1.448,2.043,,,,,,,,,,,3.501,3.501,3.503,,,,223.345,0.0,0.0,,,,,389.966,384.0,395.0,,,0.0,17128.0,17156.0,0.0,29.0,0.0,0.0,0.0,0.0,29.0,0.0,0.0,0.0,29.0,0.0,0.0,0.0,0.0,0.0,"solar2_v,lipo2_v"
2021-05-02T08:00:00Z,29.0,29.0,,,1.011,1.197,,,,,,,,,,,3.502,3.501,3.503,,,,224.793,0.0,0.0,,,,,372.483,367.0,384.0,,,0.0,17157.0,17185.0,0.0,29.0,0.0,0.0,0.0,0.0,29.0,0.0,0.0,0.0,29.0,0.0,0.0,0.0,0.0,0.0,"solar2_v,lipo2_v"
2021-05-02T09:00:00Z,30.0,30.0,,,0.686,0.838,,,,,,,,,,,3.462,3.43,3.501,,,,227.067,0.0,0.0,,,,,351.667,342.0,367.0,,,0.0,17186.0,17215.0,0.0,30.0,0.0,0.0,0.0,0.0,30.0,0.0,0.0,0.0,30.0,0.0,0.0,0.0,0.0,0.0,"solar2_v,lipo2_v"
2021-05-02T10:00:00Z,29.0,29.0,,,0.143,0.524,,,,,,,,,,,3.441,3.428,3.461,,,,228.483,0.0,0.0,,,,,331.034,325.0,341.0,,,0.0,17216.0,17244.0,0.0,10.0,0.0,0.0,0.0,0.0,29.0,0.0,0.0,0.0,29.0,0.0,0.0,0.0,0.0,0.0,"solar2_v,lipo2_v"
2021-05-02T11:00:00Z,29.0,29.0,,,0.0,0.0,,,,,,,,,,,3.482,3.448,3.499,,,,229.931,0.0,0.0,,,,,319.103,316.0,325.0,,,0.0,17245.0,17273.0,0.0,0.0,0.0,0.0,0.0,0.0,29.0,0.0,0.0,0.0,29.0,0.0,0.0,0.0,0.0,0.0,"solar2_v,lipo2_v"
2021-05-02T12:00:00Z,30.0,30.0,,,0.0,0.0,,,,,,,,,,,3.501,3.499,3.503,,,,230.133,0.0,0.0,,,,,314.3,313.0,315.0,,,0.0,17274.0,17303.0,0.0,0.0,0.0,0.0,0.0,0.0,30.0,0.0,0.0,0.0,30.0,0.0,0.0,0.0,0.0,0.0,"solar2_v,lipo2_v"
2021-05-02T13:00:00Z,29.0,29.0,,,0.0,0.0,,,,,,,,,,,3.505,3.503,3.508,,,,230.483,0.0,0.0,,,,,311.414,309.0,314.0,,,0.0,17304.0,17332.0,0.0,0.0,0.0,0.0,0.0,0.0,29.0,0.0,0.0,0.0,29.0,0.0,0.0,0.0,0.0,0.0,"solar2_v,lipo2_v"
2021-05-02T14:00:00Z,29.0,29.0,,,0.0,0.0,,,,,,,,,,,3.507,3.506,3.509,,,,230.931,0.0,0.0,,,,,307.034,306.0,309.0,,,0.0,17333.0,17361.0,0.0,0.0,0.0,0.0,0.0,0.0,29.0,0.0,0.0,0.0,29.0,0.0,0.0,0.0,0.0,0.0,"solar2_v,lipo2_v"
2021-05-02T15:00:00Z,30.0,30.0,,,0.0,0.0,,,,,,,,,,,3.508,3.504,3.509,,,,230.967,0.0,0.0,,,,,304.6,304.0,306.0,,,0.0,17362.0,17391.0,0.0,0.0,0.0,0.0,0.0,0.0,30.0,0.0,0.0,0.0,30.0,0.0,0.0,0.0,0.0,0.0,"solar2_v,lipo2_v"
2021-05-02T16:00:00Z,29.0,29.0,,,0.0,0.0,,,,,,,,,,,3.508,3.506,3.509,,,,231.379,0.0,0.0,,,,,302.0,301.0,303.0,,,0.0,17392.0,17420.0,0.0,0.0,0.0,0.0,0.0,0.0,29.0,0.0,0.0,0.0,29.0,0.0,0.0,0.0,0.0,0.0,"solar2_v,lipo2_v"
2021-05-02T17:00:00Z,30.0,30.0,,,0.0,0.0,,,,,,,,,,,3.508,3.506,3.511,,,,231.7,0.0,0.0,,,,,301.0,301.0,301.0,,,0.0,17421.0,17450.0,0.0,0.0,0.0,0.0,0.0,0.0,30.0,0.0,0.0,0.0,30.0,0.0,0.0,0.0,0.0,0.0,"solar2_v,lipo2_v"
2021-05-02T18:00:00Z,29.0,29.0,,,0.0,0.0,,,,,,,,,,,3.508,3.506,3.509,,,,231.448,0.0,0.0,,,,,300.931,300.0,301.0,,,0.0,17451.0,17479.0,0.0,0.0,0.0,0.0,0.0,0.0,29.0,0.0,0.0,0.0,29.0,0.0,0.0,0.0,0.0,0.0,"solar2_v,lipo2_v"
2021-05-02T19:00:00Z,29.0,29.0,,,0.0,0.0,,,,,,,,,,,3.507,3.506,3.509,,,,231.862,0.0,0.0,,,,,301.0,301.0,301.0,,,0.0,17480.0,17508.0,0.0,0.0,0.0,0.0,0.0,0.0,29.0,0.0,0.0,0.0,29.0,0.0,0.0,0.0,0.0,0.0,"solar2_v,lipo2_v"
2021-05-02T20:00:00Z,30.0,30.0,,,0.0,0.0,,,,,,,,,,,3.507,3.506,3.508,,,,231.7,0.0,0.0,,,,,301.0,301.0,301.0,,,0.0,17509.0,17538.0,0.0,0.0,0.0,0.0,0.0,0.0,30.0,0.0,0.0,0.0,30.0,0.0,0.0,0.0,0.0,0.0,"solar2_v,lipo2_v"
2021-05-02T21:00:00Z,29.0,29.0,,,0.0,0.0,,,,,,,,,,,3.506,3.504,3.508,,,,231.897,0.0,0.0,,,,,299.759,298.0,301.0,,,0.0,17539.0,17567.0,0.0,0.0,0.0,0.0,0.0,0.0,29.0,0.0,0.0,0.0,29.0,0.0,0.0,0.0,0.0,0.0,"solar2_v,lipo2_v"
2021-05-02T22:00:00Z,30.0,30.0,,,0.0,0.0,,,,,,,,,,,3.505,3.503,3.506,,,,232.0,0.0,0.0,,,,,297.733,296.0,299.0,,,0.0,17568.0,17597.0,0.0,0.0,0.0,0.0,0.0,0.0,30.0,0.0,0.0,0.0,30.0,0.0,0.0,0.0,0.0,0.0,"solar2_v,lipo2_v"
2021-05-02T23:00:00Z,29.0,29.0,,,0.583,1.449,,,,,,,,,,,3.504,3.503,3.506,,,,231.034,0.0,0.0,,,,,306.172,299.0,316.0,,,0.0,17598.0,17626.0,0.0,21.0,0.0,0.0,0.0,0.0,29.0,0.0,0.0,0.0,29.0,0.0,0.0,0.0,0.0,0.0,"solar2_v,lipo2_v"
2021-05-03T00:00:00Z,29.0,29.0,,,1.606,3.247,,,,,,,,,,,3.503,3.501,3.504,,,,229.276,0.0,0.0,,,,,324.276,314.0,343.0,,,0.0,17627.0,17655.0,0.0,29.0,0.0,0.0,0.0,0.0,29.0,0.0,0.0,0.0,29.0,0.0,0.0,0.0,0.0,0.0,"solar2_v,lipo2_v"
2021-05-03T01:00:00Z,30.0,30.0,,,4.047,4.884,,,,,,,,,,,3.503,3.499,3.506,,,,224.0,0.0,0.0,,,,,382.133,345.0,423.0,,,0.0,17656.0,17685.0,0.0,30.0,0.0,0.0,0.0,0.0,30.0,0.0,0.0,0.0,30.0,0.0,0.0,0.0,0.0,0.0,"solar2_v,lipo2_v"
2021-05-03T02:00:00Z,29.0,29.0,,,4.825,5.116,,,,,,,,,,,3.46,3.418,3.501,,,,219.31,0.0,0.0,,,,,435.276,420.0,447.0,,,0.0,17686.0,17714.0,0.0,29.0,0.0,0.0,0.0,0.0,29.0,0.0,0.0,0.0,29.0,0.0,0.0,0.0,0.0,0.0,"solar2_v,lipo2_v"
2021-05-03T03:00:00Z,29.0,29.0,,,4.792,5.32,,,,,,,,,,,3.435,3.402,3.494,,,,217.0,0.0,0.0,,,,,463.379,441.0,491.0,,,0.0,17715.0,17743.0,0.0,29.0,0.0,0.0,0.0,0.0,29.0,0.0,0.0,0.0,29.0,0.0,0.0,0.0,0.0,0.0,"solar2_v,lipo2_v"
2021-05-03T04:00:00Z,30.0,30.0,,,3.947,5.297,,,,,,,,,,,3.45,3.417,3.475,,,,218.767,0.0,0.0,,,,,442.533,419.0,473.0,,,0.0,17744.0,17773.0,0.0,30.0,0.0,0.0,0.0,0.0,30.0,0.0,0.0,0.0,30.0,0.0,0.0,0.0,0.0,0.0,"solar2_v,lipo2_v"
2021-05-03T05:00:00Z,29.0,29.0,,,2.484,4.751,,,,,,,,,,,3.474,3.471,3.476,,,,220.828,0.0,0.0,,,,,418.621,402.0,436.0,,,0.0,17774.0,17802.0,0.0,29.0,0.0,0.0,0.0,0.0,29.0,0.0,0.0,0.0,29.0,0.0,0.0,0.0,0.0,0.0,"solar2_v,lipo2_v"
2021-05-03T06:00:00Z,30.0,30.0,,,1.731,2.315,,,,,,,,,,,3.473,3.471,3.475,,,,222.733,0.0,0.0,,,,,401.433,399.0,406.0,,,0.0,17803.0,17832.0,0.0,30.0,0.0,0.0,0.0,0.0,30.0,0.0,0.0,0.0,30.0,0.0,0.0,0.0,0.0,0.0,"solar2_v,lipo2_v"
2021-05-03T07:00:00Z,29.0,29.0,,,1.58,2.212,,,,,,,,,,,3.472,3.468,3.475,,,,223.207,0.0,0.0,,,,,397.172,386.0,404.0,,,0.0,17833.0,17861.0,0.0,29.0,0.0,0.0,0.0,0.0,29.0,0.0,0.0,0.0,29.0,0.0,0.0,0.0,0.0,0.0,"solar2_v,lipo2_v"
2021-05-03T08:00:00Z,29.0,29.0,,,0.964,1.171,,,,,,,,,,,3.474,3.47,3.479,,,,224.138,0.0,0.0,,,,,376.345,369.0,384.0,,,0.0,17862.0,17890.0,0.0,29.0,0.0,0.0,0.0,0.0,29.0,0.0,0.0,0.0,29.0,0.0,0.0,0.0,0.0,0.0,"solar2_v,lipo2_v"
2021-05-03T09:00:00Z,30.0,30.0,,,0.615,0.769,,,,,,,,,,,3.482,3.476,3.484,,,,226.133,0.0,0.0,,,,,361.067,353.0,368.0,,,0.0,17891.0,17920.0,0.0,30.0,0.0,0.0,0.0,0.0,30.0,0.0,0.0,0.0,30.0,0.0,0.0,0.0,0.0,0.0,"solar2_v,lipo2_v"
2021-05-03T10:00:00Z,29.0,29.0,,,0.107,0.446,,,,,,,,,,,3.482,3.481,3.484,,,,227.621,0.0,0.0,,,,,342.655,332.0,354.0,,,0.0,17921.0,17949.0,0.0,8.0,0.0,0.0,0.0,0.0,29.0,0.0,0.0,0.0,29.0,0.0,0.0,0.0,0.0,0.0,"solar2_v,lipo2_v"
2021-05-03T11:00:00Z,29.0,29.0,,,0.0,0.0,,,,,,,,,,,3.479,3.476,3.483,,,,228.69,0.0,0.0,,,,,326.034,321.0,331.0,,,0.0,17950.0,17978.0,0.0,0.0,0.0,0.0,0.0,0.0,29.0,0.0,0.0,0.0,29.0,0.0,0.0,0.0,0.0,0.0,"solar2_v,lipo2_v"
2021-05-03T12:00:00Z,29.0,29.0,,,0.0,0.0,,,,,,,,,,,3.475,3.473,3.479,,,,229.759,0.0,0.0,,,,,316.276,314.0,321.0,,,0.0,17979.0,18008.0,0.0,0.0,0.0,0.0,0.0,0.0,29.0,0.0,0.0,0.0,29.0,0.0,0.0,0.0,0.0,0.0,"solar2_v,lipo2_v"
2021-05-03T13:00:00Z,29.0,29.0,,,0.0,0.0,,,,,,,,,,,3.467,3.463,3.473,,,,230.828,0.0,0.0,,,,,311.793,307.0,314.0,,,0.0,18009.0,18037.0,0.0,0.0,0.0,0.0,0.0,0.0,29.0,0.0,0.0,0.0,29.0,0.0,0.0,0.0,0.0,0.0,"solar2_v,lipo2_v"
2021-05-03T14:00:00Z,29.0,29.0,,,0.0,0.0,,,,,,,,,,,3.456,3.448,3.465,,,,231.172,0.0,0.0,,,,,303.759,301.0,307.0,,,0.0,18038.0,18066.0,0.0,0.0,0.0,0.0,0.0,0.0,29.0,0.0,0.0,0.0,29.0,0.0,0.0,0.0,0.0,0.0,"solar2_v,lipo2_v"
2021-05-03T15:00:00Z,30.0,30.0,,,0.0,0.0,,,,,,,,,,,3.447,3.446,3.448,,,,231.833,0.0,0.0,,,,,300.933,300.0,301.0,,,0.0,18067.0,18096.0,0.0,0.0,0.0,0.0,0.0,0.0,30.0,0.0,0.0,0.0,30.0,0.0,0.0,0.0,0.0,0.0,"solar2_v,lipo2_v"
2021-05-03T16:00:00Z,28.0,28.0,,,0.0,0.0,,,,,,,,,,,3.446,3.445,3.448,,,,231.929,0.0,0.0,,,,,299.821,299.0,301.0,,,0.0,18097.0,18125.0,0.0,0.0,0.0,0.0,0.0,0.0,28.0,0.0,0.0,0.0,28.0,0.0,0.0,0.0,0.0,0.0,"solar2_v,lipo2_v"
2021-05-03T17:00:00Z,30.0,30.0,,,0.0,0.0,,,,,,,,,,,3.441,3.43,3.446,,,,232.433,0.0,0.0,,,,,295.767,293.0,300.0,,,0.0,18126.0,18155.0,0.0,0.0,0.0,0.0,0.0,0.0,30.0,0.0,0.0,0.0,30.0,0.0,0.0,0.0,0.0,0.0,"solar2_v,lipo2_v"
2021-05-03T18:00:00Z,29.0,29.0,,,0.0,0.0,,,,,,,,,,,3.43,3.425,3.433,,,,232.552,0.0,0.0,,,,,292.828,292.0,294.0,,,0.0,18156.0,18184.0,0.0,0.0,0.0,0.0,0.0,0.0,29.0,0.0,0.0,0.0,29.0,0.0,0.0,0.0,0.0,0.0,"solar2_v,lipo2_v"
2021-05-03T19:00:00Z,29.0,29.0,,,0.0,0.0,,,,,,,,,,,3.428,3.423,3.432,,,,232.586,0.0,0.0,,,,,293.276,292.0,294.0,,,0.0,18185.0,18213.0,0.0,0.0,0.0,0.0,0.0,0.0,29.0,0.0,0.0,0.0,29.0,0.0,0.0,0.0,0.0,0.0,"solar2_v,lipo2_v"
2021-05-03T20:00:00Z,30.0,30.0,,,0.0,0.0,,,,,,,,,,,3.423,3.42,3.427,,,,232.7,0.0,0.0,,,,,290.8,289.0,293.0,,,0.0,18214.0,18243.0,0.0,0.0,0.0,0.0,0.0,0.0,30.0,0.0,0.0,0.0,30.0,0.0,0.0,0.0,0.0,0.0,"solar2_v,lipo2_v"
2021-05-03T21:00:00Z,29.0,29.0,,,0.0,0.0,,,,,,,,,,,3.42,3.412,3.427,,,,232.897,0.0,0.0,,,,,288.724,287.0,289.0,,,0.0,18244.0,18272.0,0.0,0.0,0.0,0.0,0.0,0.0,29.0,0.0,0.0,0.0,29.0,0.0,0.0,0.0,0.0,0.0,"solar2_v,lipo2_v"
2021-05-03T22:00:00Z,30.0,30.0,,,0.0,0.0,,,,,,,,,,,3.416,3.407,3.422,,,,233.2,0.0,0.0,,,,,286.8,286.0,288.0,,,0.0,18273.0,18302.0,0.0,0.0,0.0,0.0,0.0,0.0,30.0,0.0,0.0,0.0,30.0,0.0,0.0,0.0,0.0,0.0,"solar2_v,lipo2_v"
2021-05-03T23:00:00Z,29.0,29.0,,,0.95,2.186,,,,,,,,,,,3.414,3.41,3.418,,,,230.931,0.0,0.0,,,,,309.621,287.0,349.0,,,0.0,18303.0,18331.0,0.0,21.0,0.0,0.0,0.0,0.0,29.0,0.0,0.0,0.0,29.0,0.0,0.0,0.0,0.0,0.0,"solar2_v,lipo2_v"
2021-05-04T00:00:00Z,29.0,29.0,,,3.336,4.487,,,,,,,,,,,3.455,3.413,3.47,,,,223.276,0.0,0.0,,,,,389.586,351.0,420.0,,,0.0,18332.0,18360.0,0.0,29.0,0.0,0.0,0.0,0.0,29.0,0.0,0.0,0.0,29.0,0.0,0.0,0.0,0.0,0.0,"solar2_v,lipo2_v"
2021-05-04T01:00:00Z,30.0,30.0,,,4.434,4.839,,,,,,,,,,,3.469,3.466,3.471,,,,219.1,0.0,0.0,,,,,437.6,420.0,457.0,,,0.0,18361.0,18390.0,0.0,30.0,0.0,0.0,0.0,0.0,30.0,0.0,0.0,0.0,30.0,0.0,0.0,0.0,0.0,0.0,"solar2_v,lipo2_v"
2021-05-04T02:00:00Z,29.0,29.0,,,3.205,5.271,,,,,,,,,,,3.461,3.456,3.468,,,,219.655,0.0,0.0,,,,,432.448,401.0,465.0,,,0.0,18391.0,18419.0,0.0,29.0,0.0,0.0,0.0,0.0,29.0,0.0,0.0,0.0,29.0,0.0,0.0,0.0,0.0,0.0,"solar2_v,lipo2_v"
2021-05-04T03:00:00Z,30.0,30.0,,,4.737,5.384,,,,,,,,,,,3.435,3.405,3.46,,,,217.233,0.0,0.0,,,,,458.633,402.0,487.0,,,0.0,18420.0,18449.0,0.0,30.0,0.0,0.0,0.0,0.0,30.0,0.0,0.0,0.0,30.0,0.0,0.0,0.0,0.0,0.0,"solar2_v,lipo2_v"
2021-05-04T04:00:00Z,29.0,29.0,,,3.927,5.071,,,,,,,,,,,3.402,3.394,3.413,,,,218.483,0.0,0.0,,,,,444.379,416.0,474.0,,,0.0,18450.0,18478.0,0.0,29.0,0.0,0.0,0.0,0.0,29.0,0.0,0.0,0.0,29.0,0.0,0.0,0.0,0.0,0.0,"solar2_v,lipo2_v"
2021-05-04T05:00:00Z,29.0,29.0,,,2.318,3.134,,,,,,,,,,,3.399,3.397,3.402,,,,221.172,0.0,0.0,,,,,415.345,413.0,419.0,,,0.0,18479.0,18507.0,0.0,29.0,0.0,0.0,0.0,0.0,29.0,0.0,0.0,0.0,29.0,0.0,0.0,0.0,0.0,0.0,"solar2_v,lipo2_v"
2021-05-04T06:00:00Z,30.0,30.0,,,2.187,3.129,,,,,,,,,,,3.398,3.392,3.402,,,,221.167,0.0,0.0,,,,,414.467,407.0,422.0,,,0.0,18508.0,18537.0,0.0,30.0,0.0,0.0,0.0,0.0,30.0,0.0,0.0,0.0,30.0,0.0,0.0,0.0,0.0,0.0,"solar2_v,lipo2_v"
2021-05-04T07:00:00Z,29.0,29.0,,,1.936,2.576,,,,,,,,,,,3.373,3.311,3.397,,,,223.345,0.0,0.0,,,,,389.69,368.0,408.0,,,0.0,18538.0,18566.0,0.0,29.0,0.0,0.0,0.0,0.0,29.0,0.0,0.0,0.0,29.0,0.0,0.0,0.0,0.0,0.0,"solar2_v,lipo2_v"
2021-05-04T08:00:00Z,30.0,30.0,,,1.146,1.471,,,,,,,,,,,3.349,3.341,3.352,,,,224.2,0.0,0.0,,,,,378.8,374.0,380.0,,,0.0,18567.0,18596.0,0.0,30.0,0.0,0.0,0.0,0.0,30.0,0.0,0.0,0.0,30.0,0.0,0.0,0.0,0.0,0.0,"solar2_v,lipo2_v"
2021-05-04T09:00:00Z,29.0,29.0,,,0.702,0.903,,,,,,,,,,,3.342,3.334,3.356,,,,225.897,0.0,0.0,,,,,361.552,354.0,373.0,,,0.0,18597.0,18625.0,0.0,29.0,0.0,0.0,0.0,0.0,29.0,0.0,0.0,0.0,29.0,0.0,0.0,0.0,0.0,0.0,"solar2_v,lipo2_v"
2021-05-04T10:00:00Z,29.0,29.0,,,0.04,0.419,,,,,,,,,,,3.341,3.331,3.351,,,,227.759,0.0,0.0,,,,,343.69,336.0,353.0,,,0.0,18626.0,18654.0,0.0,3.0,0.0,0.0,0.0,0.0,29.0,0.0,0.0,0.0,29.0,0.0,0.0,0.0,0.0,0.0,"solar2_v,lipo2_v"
2021-05-04T11:00:00Z,30.0,30.0,,,0.0,0.0,,,,,,,,,,,3.34,3.321,3.351,,,,228.5,0.0,0.0,,,,,328.967,326.0,335.0,,,0.0,18655.0,18684.0,0.0,0.0,0.0,0.0,0.0,0.0,30.0,0.0,0.0,0.0,30.0,0.0,0.0,0.0,0.0,0.0,"solar2_v,lipo2_v"
2021-05-04T12:00:00Z,29.0,29.0,,,0.0,0.0,,,,,,,,,,,3.345,3.338,3.352,,,,229.138,0.0,0.0,,,,,322.897,320.0,326.0,,,0.0,18685.0,18713.0,0.0,0.0,0.0,0.0,0.0,0.0,29.0,0.0,0.0,0.0,29.0,0.0,0.0,0.0,0.0,0.0,"solar2_v,lipo2_v"
2021-05-04T13:00:00Z,29.0,29.0,,,0.0,0.0,,,,,,,,,,,3.344,3.334,3.352,,,,229.379,0.0,0.0,,,,,316.172,314.0,320.0,,,0.0,18714.0,18742.0,0.0,0.0,0.0,0.0,0.0,0.0,29.0,0.0,0.0,0.0,29.0,0.0,0.0,0.0,0.0,0.0,"solar2_v,lipo2_v"
2021-05-04T14:00:00Z,30.0,30.0,,,0.0,0.0,,,,,,,,,,,3.341,3.338,3.347,,,,230.433,0.0,0.0,,,,,313.8,313.0,314.0,,,0.0,18743.0,18772.0,0.0,0.0,0.0,0.0,0.0,0.0,30.0,0.0,0.0,0.0,30.0,0.0,0.0,0.0,0.0,0.0,"solar2_v,lipo2_v"
2021-05-04T15:00:00Z,29.0,29.0,,,0.0,0.0,,,,,,,,,,,3.332,3.321,3.341,,,,230.621,0.0,0.0,,,,,312.276,309.0,314.0,,,0.0,18773.0,18801.0,0.0,0.0,0.0,0.0,0.0,0.0,29.0,0.0,0.0,0.0,29.0,0.0,0.0,0.0,0.0,0.0,"solar2_v,lipo2_v"
2021-05-04T16:00:00Z,30.0,30.0,,,0.0,0.0,,,,,,,,,,,3.334,3.323,3.341,,,,231.167,0.0,0.0,,,,,305.3,302.0,309.0,,,0.0,18802.0,18831.0,0.0,0.0,0.0,0.0,0.0,0.0,30.0,0.0,0.0,0.0,30.0,0.0,0.0,0.0,0.0,0.0,"solar2_v,lipo2_v"
2021-05-04T17:00:00Z,22.0,22.0,,,0.0,0.0,,,,,,,,,,,3.323,3.314,3.328,,,,231.682,0.0,0.0,,,,,301.409,301.0,303.0,,,0.0,18832.0,18853.0,0.0,0.0,0.0,0.0,0.0,0.0,22.0,0.0,0.0,0.0,22.0,0.0,0.0,0.0,0.0,0.0,"solar2_v,lipo2_v"
2021-07-13T09:00:00Z,23.0,23.0,,,0.0,0.0,,,,,,,,,,,3.375,2.027,3.673,,,,225.13,0.0,0.0,,,,,346.217,327.0,352.0,,,0.0,1.0,27.0,0.0,0.0,0.0,0.0,0.0,0.0,23.0,0.0,0.0,0.0,23.0,0.0,0.0,0.0,0.0,0.0,"solar2_v,lipo2_v"
2021-07-13T10:00:00Z,28.0,28.0,,,0.0,0.0,,,,,,,,,,,3.823,3.686,3.895,,,,226.607,0.0,0.0,,,,,349.357,346.0,352.0,,,0.0,28.0,55.0,0.0,0.0,0.0,0.0,0.0,0.0,28.0,0.0,0.0,0.0,28.0,0.0,0.0,0.0,0.0,0.0,"solar2_v,lipo2_v"
2021-07-13T11:00:00Z,28.0,28.0,,,0.0,0.0,,,,,,,,,,,3.923,3.899,3.941,,,,226.643,0.0,0.0,,,,,333.75,326.0,348.0,,,0.0,56.0,84.0,0.0,0.0,0.0,0.0,0.0,0.0,28.0,0.0,0.0,0.0,28.0,0.0,0.0,0.0,0.0,0.0,"solar2_v,lipo2_v"
2021-07-13T12:00:00Z,28.0,28.0,,,0.0,0.0,,,,,,,,,,,3.963,3.935,3.974,,,,230.464,0.0,0.0,,,,,319.25,315.0,327.0,,,0.0,85.0,112.0,0.0,0.0,0.0,0.0,0.0,0.0,28.0,0.0,0.0,0.0,28.0,0.0,0.0,0.0,0.0,0.0,"solar2_v,lipo2_v"
2021-07-13T13:00:00Z,29.0,29.0,,,0.0,0.0,,,,,,,,,,,3.981,3.974,3.988,,,,231.759,0.0,0.0,,,,,312.483,309.0,314.0,,,0.0,113.0,141.0,0.0,0.0,0.0,0.0,0.0,0.0,29.0,0.0,0.0,0.0,29.0,0.0,0.0,0.0,0.0,0.0,"solar2_v,lipo2_v"
2021-07-13T14:00:00Z,23.0,23.0,,,0.0,0.0,,,,,,,,,,,3.97,3.953,3.988,,,,230.087,0.0,0.0,,,,,305.304,301.0,310.0,,,0.0,142.0,169.0,0.0,0.0,0.0,0.0,0.0,0.0,23.0,0.0,0.0,0.0,23.0,0.0,0.0,0.0,0.0,0.0,"solar2_v,lipo2_v"
2021-07-13T15:00:00Z,28.0,28.0,,,0.0,0.0,,,,,,,,,,,3.954,3.948,3.96,,,,230.929,0.0,0.0,,,,,303.429,302.0,307.0,,,0.0,170.0,197.0,0.0,0.0,0.0,0.0,0.0,0.0,28.0,0.0,0.0,0.0,28.0,0.0,0.0,0.0,0.0,0.0,"solar2_v,lipo2_v"
2021-07-13T16:00:00Z,27.0,27.0,,,0.0,0.0,,,,,,,,,,,3.956,3.946,3.97,,,,230.111,0.0,0.0,,,,,312.222,307.0,314.0,,,0.0,198.0,225.0,0.0,0.0,0.0,0.0,0.0,0.0,27.0,0.0,0.0,0.0,27.0,0.0,0.0,0.0,0.0,0.0,"solar2_v,lipo2_v"
2021-07-13T17:00:00Z,29.0,29.0,,,0.0,0.0,,,,,,,,,,,3.967,3.963,3.97,,,,230.103,0.0,0.0,,,,,315.103,314.0,316.0,,,0.0,226.0,254.0,0.0,0.0,0.0,0.0,0.0,0.0,29.0,0.0,0.0,0.0,29.0,0.0,0.0,0.0,0.0,0.0,"solar2_v,lipo2_v"
2021-07-13T18:00:00Z,29.0,29.0,,,0.0,0.0,,,,,,,,,,,4.123,3.97,4.131,,,,230.586,0.0,0.0,,,,,314.793,314.0,318.0,,,0.0,255.0,283.0,0.0,0.0,0.0,0.0,0.0,0.0,29.0,0.0,0.0,0.0,29.0,0.0,0.0,0.0,0.0,0.0,"solar2_v,lipo2_v"
2021-07-13T19:00:00Z,28.0,28.0,,,0.0,0.0,,,,,,,,,,,4.121,4.118,4.126,,,,231.929,0.0,0.0,,,,,302.5,296.0,314.0,,,0.0,284.0,311.0,0.0,0.0,0.0,0.0,0.0,0.0,28.0,0.0,0.0,0.0,28.0,0.0,0.0,0.0,0.0,0.0,"solar2_v,lipo2_v"
2021-07-13T20:00:00Z,29.0,29.0,,,0.0,0.0,,,,,,,,,,,4.117,4.116,4.12,,,,231.517,0.0,0.0,,,,,302.69,297.0,307.0,,,0.0,312.0,340.0,0.0,0.0,0.0,0.0,0.0,0.0,29.0,0.0,0.0,0.0,29.0,0.0,0.0,0.0,0.0,0.0,"solar2_v,lipo2_v"
2021-07-13T21:00:00Z,27.0,27.0,,,0.0,0.0,,,,,,,,,,,4.113,4.11,4.116,,,,231.37,0.0,0.0,,,,,310.333,307.0,313.0,,,0.0,341.0,368.0,0.0,0.0,0.0,0.0,0.0,0.0,27.0,0.0,0.0,0.0,27.0,0.0,0.0,0.0,0.0,0.0,"solar2_v,lipo2_v"
2021-07-13T22:00:00Z,29.0,29.0,,,0.0,0.0,,,,,,,,,,,4.107,4.103,4.113,,,,232.655,0.0,0.0,,,,,293.483,273.0,314.0,,,0.0,369.0,397.0,0.0,0.0,0.0,0.0,0.0,0.0,29.0,0.0,0.0,0.0,29.0,0.0,0.0,0.0,0.0,0.0,"solar2_v,lipo2_v"
2021-07-13T23:00:00Z,29.0,29.0,,,0.107,0.447,,,,,,,,,,,4.103,4.1,4.105,,,,234.966,0.0,0.0,,,,,270.621,268.0,273.0,,,0.0,398.0,426.0,0.0,8.0,0.0,0.0,0.0,0.0,29.0,0.0,0.0,0.0,29.0,0.0,0.0,0.0,0.0,0.0,"solar2_v,lipo2_v"
2021-07-14T00:00:00Z,28.0,28.0,,,0.922,1.653,,,,,,,,,,,4.1,4.095,4.103,,,,234.071,0.0,0.0,,,,,279.143,273.0,293.0,,,0.0,427.0,454.0,0.0,28.0,0.0,0.0,0.0,0.0,28.0,0.0,0.0,0.0,28.0,0.0,0.0,0.0,0.0,0.0,"solar2_v,lipo2_v"
2021-07-14T01:00:00Z,29.0,29.0,,,2.447,3.739,,,,,,,,,,,4.093,4.092,4.097,,,,230.586,0.0,0.0,,,,,316.621,295.0,347.0,,,0.0,455.0,483.0,0.0,29.0,0.0,0.0,0.0,0.0,29.0,0.0,0.0,0.0,29.0,0.0,0.0,0.0,0.0,0.0,"solar2_v,lipo2_v"
2021-07-14T02:00:00Z,28.0,28.0,,,3.706,5.03,,,,,,,,,,,4.094,4.092,4.095,,,,225.107,0.0,0.0,,,,,368.143,350.0,380.0,,,0.0,484.0,511.0,0.0,28.0,0.0,0.0,0.0,0.0,28.0,0.0,0.0,0.0,28.0,0.0,0.0,0.0,0.0,0.0,"solar2_v,lipo2_v"
2021-07-14T03:00:00Z,27.0,27.0,,,2.063,2.753,,,,,,,,,,,4.09,4.087,4.095,,,,227.037,0.0,0.0,,,,,351.63,342.0,367.0,,,0.0,512.0,540.0,0.0,27.0,0.0,0.0,0.0,0.0,27.0,0.0,0.0,0.0,27.0,0.0,0.0,0.0,0.0,0.0,"solar2_v,lipo2_v"
2021-07-14T04:00:00Z,26.0,26.0,,,2.871,3.442,,,,,,,,,,,4.088,4.085,4.09,,,,225.538,0.0,0.0,,,,,367.462,354.0,383.0,,,0.0,541.0,569.0,0.0,26.0,0.0,0.0,0.0,0.0,26.0,0.0,0.0,0.0,26.0,0.0,0.0,0.0,0.0,0.0,"solar2_v,lipo2_v"
2021-07-14T05:00:00Z,26.0,26.0,,,2.275,2.87,,,,,,,,,,,4.087,4.085,4.088,,,,225.654,0.0,0.0,,,,,364.346,354.0,369.0,,,0.0,570.0,596.0,0.0,26.0,0.0,0.0,0.0,0.0,26.0,0.0,0.0,0.0,26.0,0.0,0.0,0.0,0.0,0.0,"solar2_v,lipo2_v"
2021-07-14T06:00:00Z,27.0,27.0,,,2.378,2.717,,,,,,,,,,,4.085,4.083,4.087,,,,225.259,0.0,0.0,,,,,371.185,355.0,383.0,,,0.0,598.0,626.0,0.0,27.0,0.0,0.0,0.0,0.0,27.0,0.0,0.0,0.0,27.0,0.0,0.0,0.0,0.0,0.0,"solar2_v,lipo2_v"
2021-07-14T07:00:00Z,27.0,27.0,,,1.769,2.202,,,,,,,,,,,4.083,4.082,4.085,,,,225.815,0.0,0.0,,,,,365.222,352.0,379.0,,,0.0,629.0,655.0,0.0,27.0,0.0,0.0,0.0,0.0,27.0,0.0,0.0,0.0,27.0,0.0,0.0,0.0,0.0,0.0,"solar2_v,lipo2_v"
2021-07-14T08:00:00Z,27.0,27.0,,,0.796,1.467,,,,,,,,,,,4.081,4.08,4.082,,,,228.37,0.0,0.0,,,,,337.519,316.0,352.0,,,0.0,656.0,683.0,0.0,23.0,0.0,0.0,0.0,0.0,27.0,0.0,0.0,0.0,27.0,0.0,0.0,0.0,0.0,0.0,"solar2_v,lipo2_v"
2021-07-14T09:00:00Z,28.0,28.0,,,0.117,0.339,,,,,,,,,,,4.079,4.078,4.08,,,,233.286,0.0,0.0,,,,,287.607,281.0,314.0,,,0.0,684.0,711.0,0.0,10.0,0.0,0.0,0.0,0.0,28.0,0.0,0.0,0.0,28.0,0.0,0.0,0.0,0.0,0.0,"solar2_v,lipo2_v"
2021-07-14T10:00:00Z,27.0,27.0,,,0.0,0.0,,,,,,,,,,,4.078,4.075,4.078,,,,233.556,0.0,0.0,,,,,287.148,281.0,292.0,,,0.0,712.0,740.0,0.0,0.0,0.0,0.0,0.0,0.0,27.0,0.0,0.0,0.0,27.0,0.0,0.0,0.0,0.0,0.0,"solar2_v,lipo2_v"
2021-07-14T11:00:00Z,29.0,29.0,,,0.0,0.0,,,,,,,,,,,4.076,4.075,4.078,,,,233.138,0.0,0.0,,,,,290.0,288.0,293.0,,,0.0,741.0,769.0,0.0,0.0,0.0,0.0,0.0,0.0,29.0,0.0,0.0,0.0,29.0,0.0,0.0,0.0,0.0,0.0,"solar2_v,lipo2_v"
2021-07-14T12:00:00Z,24.0,24.0,,,0.0,0.0,,,,,,,,,,,4.074,4.07,4.075,,,,233.042,0.0,0.0,,,,,290.417,289.0,295.0,,,0.0,770.0,797.0,0.0,0.0,0.0,0.0,0.0,0.0,24.0,0.0,0.0,0.0,24.0,0.0,0.0,0.0,0.0,0.0,"solar2_v,lipo2_v"
2021-07-14T13:00:00Z,26.0,26.0,,,0.0,0.0,,,,,,,,,,,4.072,4.069,4.075,,,,233.731,0.0,0.0,,,,,286.808,286.0,289.0,,,0.0,798.0,824.0,0.0,0.0,0.0,0.0,0.0,0.0,26.0,0.0,0.0,0.0,26.0,0.0,0.0,0.0,0.0,0.0,"solar2_v,lipo2_v"
2021-07-14T14:00:00Z,16.0,16.0,,,0.0,0.0,,,,,,,,,,,4.07,4.069,4.072,,,,233.312,0.0,0.0,,,,,286.812,286.0,287.0,,,0.0,826.0,844.0,0.0,0.0,0.0,0.0,0.0,0.0,16.0,0.0,0.0,0.0,16.0,0.0,0.0,0.0,0.0,0.0,"solar2_v,lipo2_v"
2021-07-14T15:00:00Z,28.0,28.0,,,0.0,0.0,,,,,,,,,,,4.062,4.059,4.064,,,,233.393,0.0,0.0,,,,,286.679,282.0,301.0,,,0.0,850.0,877.0,0.0,0.0,0.0,0.0,0.0,0.0,28.0,0.0,0.0,0.0,28.0,0.0,0.0,0.0,0.0,0.0,"solar2_v,lipo2_v"
2021-07-14T16:00:00Z,28.0,28.0,,,0.0,0.0,,,,,,,,,,,4.06,4.059,4.062,,,,234.214,0.0,0.0,,,,,283.071,281.0,286.0,,,0.0,878.0,906.0,0.0,0.0,0.0,0.0,0.0,0.0,28.0,0.0,0.0,0.0,28.0,0.0,0.0,0.0,0.0,0.0,"solar2_v,lipo2_v"
2021-07-14T17:00:00Z,28.0,28.0,,,0.0,0.0,,,,,,,,,,,4.06,4.057,4.06,,,,234.214,0.0,0.0,,,,,280.964,279.0,284.0,,,0.0,907.0,934.0,0.0,0.0,0.0,0.0,0.0,0.0,28.0,0.0,0.0,0.0,28.0,0.0,0.0,0.0,0.0,0.0,"solar2_v,lipo2_v"
2021-07-14T18:00:00Z,29.0,29.0,,,0.0,0.0,,,,,,,,,,,4.059,4.057,4.06,,,,234.034,0.0,0.0,,,,,280.655,274.0,283.0,,,0.0,935.0,963.0,0.0,0.0,0.0,0.0,0.0,0.0,29.0,0.0,0.0,0.0,29.0,0.0,0.0,0.0,0.0,0.0,"solar2_v,lipo2_v"
2021-07-14T19:00:00Z,29.0,29.0,,,0.0,0.0,,,,,,,,,,,4.057,4.055,4.059,,,,235.241,0.0,0.0,,,,,271.034,267.0,274.0,,,0.0,964.0,992.0,0.0,0.0,0.0,0.0,0.0,0.0,29.0,0.0,0.0,0.0,29.0,0.0,0.0,0.0,0.0,0.0,"solar2_v,lipo2_v"
2021-07-14T20:00:00Z,29.0,29.0,,,0.0,0.0,,,,,,,,,,,4.055,4.052,4.059,,,,236.414,0.0,0.0,,,,,265.655,264.0,267.0,,,0.0,993.0,1021.0,0.0,0.0,0.0,0.0,0.0,0.0,29.0,0.0,0.0,0.0,29.0,0.0,0.0,0.0,0.0,0.0,"solar2_v,lipo2_v"
2021-07-14T21:00:00Z,28.0,28.0,,,0.0,0.0,,,,,,,,,,,4.054,4.052,4.055,,,,235.964,0.0,0.0,,,,,269.214,267.0,272.0,,,0.0,1022.0,1049.0,0.0,0.0,0.0,0.0,0.0,0.0,28.0,0.0,0.0,0.0,28.0,0.0,0.0,0.0,0.0,0.0,"solar2_v,lipo2_v"
2021-07-14T22:00:00Z,29.0,29.0,,,0.0,0.0,,,,,,,,,,,4.054,4.052,4.055,,,,235.828,0.0,0.0,,,,,271.138,268.0,273.0,,,0.0,1050.0,1078.0,0.0,0.0,0.0,0.0,0.0,0.0,29.0,0.0,0.0,0.0,29.0,0.0,0.0,0.0,0.0,0.0,"solar2_v,lipo2_v"
2021-07-14T23:00:00Z,29.0,29.0,,,0.27,0.811,,,,,,,,,,,4.052,4.05,4.054,,,,235.207,0.0,0.0,,,,,273.379,269.0,278.0,,,0.0,1079.0,1107.0,0.0,14.0,0.0,0.0,0.0,0.0,29.0,0.0,0.0,0.0,29.0,0.0,0.0,0.0,0.0,0.0,"solar2_v,lipo2_v"
2021-07-15T00:00:00Z,28.0,28.0,,,1.068,1.294,,,,,,,,,,,4.052,4.05,4.054,,,,233.357,0.0,0.0,,,,,290.429,280.0,297.0,,,0.0,1108.0,1135.0,0.0,28.0,0.0,0.0,0.0,0.0,28.0,0.0,0.0,0.0,28.0,0.0,0.0,0.0,0.0,0.0,"solar2_v,lipo2_v"
2021-07-15T01:00:00Z,29.0,29.0,,,1.694,3.867,,,,,,,,,,,4.052,4.05,4.054,,,,232.034,0.0,0.0,,,,,307.172,296.0,332.0,,,0.0,1136.0,1164.0,0.0,29.0,0.0,0.0,0.0,0.0,29.0,0.0,0.0,0.0,29.0,0.0,0.0,0.0,0.0,0.0,"solar2_v,lipo2_v"
2021-07-15T02:00:00Z,29.0,29.0,,,3.21,4.636,,,,,,,,,,,4.053,4.05,4.054,,,,227.379,0.0,0.0,,,,,348.172,333.0,367.0,,,0.0,1165.0,1193.0,0.0,29.0,0.0,0.0,0.0,0.0,29.0,0.0,0.0,0.0,29.0,0.0,0.0,0.0,0.0,0.0,"solar2_v,lipo2_v"
2021-07-15T03:00:00Z,26.0,26.0,,,3.37,3.862,,,,,,,,,,,4.052,4.052,4.054,,,,226.769,0.0,0.0,,,,,353.615,340.0,367.0,,,0.0,1194.0,1220.0,0.0,26.0,0.0,0.0,0.0,0.0,26.0,0.0,0.0,0.0,26.0,0.0,0.0,0.0,0.0,0.0,"solar2_v,lipo2_v"
2021-07-15T04:00:00Z,29.0,29.0,,,3.071,3.658,,,,,,,,,,,4.052,4.05,4.054,,,,224.966,0.0,0.0,,,,,371.828,367.0,379.0,,,0.0,1221.0,1249.0,0.0,29.0,0.0,0.0,0.0,0.0,29.0,0.0,0.0,0.0,29.0,0.0,0.0,0.0,0.0,0.0,"solar2_v,lipo2_v"
2021-07-15T05:00:00Z,28.0,28.0,,,2.79,3.709,,,,,,,,,,,4.051,4.05,4.052,,,,225.536,0.0,0.0,,,,,368.036,362.0,383.0,,,0.0,1250.0,1278.0,0.0,28.0,0.0,0.0,0.0,0.0,28.0,0.0,0.0,0.0,28.0,0.0,0.0,0.0,0.0,0.0,"solar2_v,lipo2_v"
2021-07-15T06:00:00Z,28.0,28.0,,,1.847,3.57,,,,,,,,,,,4.05,4.045,4.052,,,,226.071,0.0,0.0,,,,,365.286,340.0,392.0,,,0.0,1279.0,1306.0,0.0,28.0,0.0,0.0,0.0,0.0,28.0,0.0,0.0,0.0,28.0,0.0,0.0,0.0,0.0,0.0,"solar2_v,lipo2_v"
2021-07-15T07:00:00Z,29.0,29.0,,,1.03,1.59,,,,,,,,,,,4.048,4.045,4.05,,,,230.552,0.0,0.0,,,,,316.31,300.0,340.0,,,0.0,1307.0,1335.0,0.0,29.0,0.0,0.0,0.0,0.0,29.0,0.0,0.0,0.0,29.0,0.0,0.0,0.0,0.0,0.0,"solar2_v,lipo2_v"
2021-07-15T08:00:00Z,28.0,28.0,,,0.767,1.784,,,,,,,,,,,4.046,4.045,4.049,,,,231.5,0.0,0.0,,,,,309.821,273.0,325.0,,,0.0,1336.0,1364.0,0.0,16.0,0.0,0.0,0.0,0.0,28.0,0.0,0.0,0.0,28.0,0.0,0.0,0.0,0.0,0.0,"solar2_v,lipo2_v"
2021-07-15T09:00:00Z,28.0,28.0,,,0.0,0.0,,,,,,,,,,,4.044,4.04,4.047,,,,236.571,0.0,0.0,,,,,264.571,261.0,272.0,,,0.0,1365.0,1392.0,0.0,0.0,0.0,0.0,0.0,0.0,28.0,0.0,0.0,0.0,28.0,0.0,0.0,0.0,0.0,0.0,"solar2_v,lipo2_v"
2021-07-15T10:00:00Z,29.0,29.0,,,0.0,0.0,,,,,,,,,,,4.043,4.04,4.045,,,,236.828,0.0,0.0,,,,,261.414,261.0,262.0,,,0.0,1393.0,1421.0,0.0,0.0,0.0,0.0,0.0,0.0,29.0,0.0,0.0,0.0,29.0,0.0,0.0,0.0,0.0,0.0,"solar2_v,lipo2_v"
2021-07-15T11:00:00Z,29.0,29.0,,,0.0,0.0,,,,,,,,,,,4.042,4.037,4.045,,,,236.31,0.0,0.0,,,,,263.379,262.0,264.0,,,0.0,1422.0,1450.0,0.0,0.0,0.0,0.0,0.0,0.0,29.0,0.0,0.0,0.0,29.0,0.0,0.0,0.0,0.0,0.0,"solar2_v,lipo2_v"
2021-07-15T12:00:00Z,28.0,28.0,,,0.0,0.0,,,,,,,,,,,4.041,4.039,4.042,,,,236.464,0.0,0.0,,,,,263.321,262.0,265.0,,,0.0,1451.0,1478.0,0.0,0.0,0.0,0.0,0.0,0.0,28.0,0.0,0.0,0.0,28.0,0.0,0.0,0.0,0.0,0.0,"solar2_v,lipo2_v"
2021-07-15T13:00:00Z,27.0,27.0,,,0.0,0.0,,,,,,,,,,,4.04,4.037,4.042,,,,235.704,0.0,0.0,,,,,266.111,265.0,267.0,,,0.0,1479.0,1505.0,0.0,0.0,0.0,0.0,0.0,0.0,27.0,0.0,0.0,0.0,27.0,0.0,0.0,0.0,0.0,0.0,"solar2_v,lipo2_v"
2021-07-15T14:00:00Z,26.0,26.0,,,0.0,0.0,,,,,,,,,,,4.038,4.037,4.04,,,,236.654,0.0,0.0,,,,,263.115,262.0,267.0,,,0.0,1507.0,1535.0,0.0,0.0,0.0,0.0,0.0,0.0,26.0,0.0,0.0,0.0,26.0,0.0,0.0,0.0,0.0,0.0,"solar2_v,lipo2_v"
2021-07-15T15:00:00Z,27.0,27.0,,,0.0,0.0,,,,,,,,,,,4.037,4.034,4.039,,,,237.148,0.0,0.0,,,,,261.0,261.0,261.0,,,0.0,1536.0,1563.0,0.0,0.0,0.0,0.0,0.0,0.0,27.0,0.0,0.0,0.0,27.0,0.0,0.0,0.0,0.0,0.0,"solar2_v,lipo2_v"
2021-07-15T16:00:00Z,26.0,26.0,,,0.0,0.0,,,,,,,,,,,4.037,4.034,4.039,,,,237.231,0.0,0.0,,,,,261.077,260.0,263.0,,,0.0,1564.0,1591.0,0.0,0.0,0.0,0.0,0.0,0.0,26.0,0.0,0.0,0.0,26.0,0.0,0.0,0.0,0.0,0.0,"solar2_v,lipo2_v"
2021-07-15T17:00:00Z,16.0,16.0,,,0.0,0.0,,,,,,,,,,,4.035,4.032,4.037,,,,236.562,0.0,0.0,,,,,264.188,262.0,267.0,,,0.0,1592.0,1615.0,0.0,0.0,0.0,0.0,0.0,0.0,16.0,0.0,0.0,0.0,16.0,0.0,0.0,0.0,0.0,0.0,"solar2_v,lipo2_v"
2021-07-15T18:00:00Z,25.0,25.0,,,0.0,0.0,,,,,,,,,,,4.034,4.032,4.036,,,,236.88,0.0,0.0,,,,,261.08,261.0,262.0,,,0.0,1623.0,1647.0,0.0,0.0,0.0,0.0,0.0,0.0,25.0,0.0,0.0,0.0,25.0,0.0,0.0,0.0,0.0,0.0,"solar2_v,lipo2_v"
2021-07-15T19:00:00Z,29.0,29.0,,,0.0,0.0,,,,,,,,,,,4.033,4.032,4.036,,,,237.31,0.0,0.0,,,,,260.966,260.0,261.0,,,0.0,1648.0,1676.0,0.0,0.0,0.0,0.0,0.0,0.0,29.0,0.0,0.0,0.0,29.0,0.0,0.0,0.0,0.0,0.0,"solar2_v,lipo2_v"
2021-07-15T20:00:00Z,28.0,28.0,,,0.0,0.0,,,,,,,,,,,4.033,4.031,4.034,,,,237.071,0.0,0.0,,,,,261.857,261.0,262.0,,,0.0,1677.0,1704.0,0.0,0.0,0.0,0.0,0.0,0.0,28.0,0.0,0.0,0.0,28.0,0.0,0.0,0.0,0.0,0.0,"solar2_v,lipo2_v"
2021-07-15T21:00:00Z,29.0,29.0,,,0.0,0.0,,,,,,,,,,,4.032,4.031,4.034,,,,237.069,0.0,0.0,,,,,262.0,262.0,262.0,,,0.0,1705.0,1733.0,0.0,0.0,0.0,0.0,0.0,0.0,29.0,0.0,0.0,0.0,29.0,0.0,0.0,0.0,0.0,0.0,"solar2_v,lipo2_v"
2021-07-15T22:00:00Z,28.0,28.0,,,0.0,0.0,,,,,,,,,,,4.032,4.031,4.034,,,,236.964,0.0,0.0,,,,,262.071,262.0,263.0,,,0.0,1734.0,1761.0,0.0,0.0,0.0,0.0,0.0,0.0,28.0,0.0,0.0,0.0,28.0,0.0,0.0,0.0,0.0,0.0,"solar2_v,lipo2_v"
2021-07-15T23:00:00Z,29.0,29.0,,,0.994,2.443,,,,,,,,,,,4.032,4.029,4.034,,,,234.793,0.0,0.0,,,,,278.448,263.0,307.0,,,0.0,1762.0,1790.0,0.0,25.0,0.0,0.0,0.0,0.0,29.0,0.0,0.0,0.0,29.0,0.0,0.0,0.0,0.0,0.0,"solar2_v,lipo2_v"
2021-07-16T00:00:00Z,28.0,28.0,,,3.564,4.634,,,,,,,,,,,4.033,4.032,4.036,,,,227.964,0.0,0.0,,,,,340.643,312.0,367.0,,,0.0,1791.0,1818.0,0.0,28.0,0.0,0.0,0.0,0.0,28.0,0.0,0.0,0.0,28.0,0.0,0.0,0.0,0.0,0.0,"solar2_v,lipo2_v"
2021-07-16T01:00:00Z,29.0,29.0,,,3.952,5.018,,,,,,,,,,,4.033,4.031,4.036,,,,223.517,0.0,0.0,,,,,387.345,367.0,423.0,,,0.0,1819.0,1847.0,0.0,29.0,0.0,0.0,0.0,0.0,29.0,0.0,0.0,0.0,29.0,0.0,0.0,0.0,0.0,0.0,"solar2_v,lipo2_v"
2021-07-16T02:00:00Z,29.0,29.0,,,3.942,4.928,,,,,,,,,,,4.034,4.032,4.037,,,,222.034,0.0,0.0,,,,,411.172,388.0,433.0,,,0.0,1848.0,1876.0,0.0,29.0,0.0,0.0,0.0,0.0,29.0,0.0,0.0,0.0,29.0,0.0,0.0,0.0,0.0,0.0,"solar2_v,lipo2_v"
2021-07-16T03:00:00Z,28.0,28.0,,,3.115,3.716,,,,,,,,,,,4.032,4.031,4.034,,,,224.857,0.0,0.0,,,,,374.214,366.0,388.0,,,0.0,1877.0,1904.0,0.0,28.0,0.0,0.0,0.0,0.0,28.0,0.0,0.0,0.0,28.0,0.0,0.0,0.0,0.0,0.0,"solar2_v,lipo2_v"
2021-07-16T04:00:00Z,29.0,29.0,,,3.089,3.499,,,,,,,,,,,4.032,4.031,4.032,,,,224.897,0.0,0.0,,,,,370.862,367.0,379.0,,,0.0,1905.0,1933.0,0.0,29.0,0.0,0.0,0.0,0.0,29.0,0.0,0.0,0.0,29.0,0.0,0.0,0.0,0.0,0.0,"solar2_v,lipo2_v"
2021-07-16T05:00:00Z,27.0,27.0,,,3.221,3.667,,,,,,,,,,,4.032,4.031,4.032,,,,224.259,0.0,0.0,,,,,376.037,373.0,379.0,,,0.0,1934.0,1962.0,0.0,27.0,0.0,0.0,0.0,0.0,27.0,0.0,0.0,0.0,27.0,0.0,0.0,0.0,0.0,0.0,"solar2_v,lipo2_v"
2021-07-16T06:00:00Z,28.0,28.0,,,2.925,3.575,,,,,,,,,,,4.032,4.031,4.034,,,,223.464,0.0,0.0,,,,,389.5,379.0,396.0,,,0.0,1963.0,1990.0,0.0,28.0,0.0,0.0,0.0,0.0,28.0,0.0,0.0,0.0,28.0,0.0,0.0,0.0,0.0,0.0,"solar2_v,lipo2_v"
2021-07-16T07:00:00Z,28.0,28.0,,,1.973,2.468,,,,,,,,,,,4.031,4.031,4.032,,,,225.036,0.0,0.0,,,,,377.5,371.0,387.0,,,0.0,1991.0,2019.0,0.0,28.0,0.0,0.0,0.0,0.0,28.0,0.0,0.0,0.0,28.0,0.0,0.0,0.0,0.0,0.0,"solar2_v,lipo2_v"
2021-07-16T08:00:00Z,27.0,27.0,,,1.094,1.81,,,,,,,,,,,4.031,4.029,4.032,,,,226.074,0.0,0.0,,,,,366.444,357.0,379.0,,,0.0,2020.0,2047.0,0.0,27.0,0.0,0.0,0.0,0.0,27.0,0.0,0.0,0.0,27.0,0.0,0.0,0.0,0.0,0.0,"solar2_v,lipo2_v"
2021-07-16T09:00:00Z,29.0,29.0,,,0.777,1.235,,,,,,,,,,,4.03,4.029,4.031,,,,227.655,0.0,0.0,,,,,354.31,342.0,364.0,,,0.0,2048.0,2076.0,0.0,29.0,0.0,0.0,0.0,0.0,29.0,0.0,0.0,0.0,29.0,0.0,0.0,0.0,0.0,0.0,"solar2_v,lipo2_v"
2021-07-16T10:00:00Z,29.0,29.0,,,0.393,0.882,,,,,,,,,,,4.029,4.027,4.031,,,,228.552,0.0,0.0,,,,,339.103,330.0,345.0,,,0.0,2077.0,2105.0,0.0,19.0,0.0,0.0,0.0,0.0,29.0,0.0,0.0,0.0,29.0,0.0,0.0,0.0,0.0,0.0,"solar2_v,lipo2_v"
2021-07-16T11:00:00Z,27.0,27.0,,,0.0,0.0,,,,,,,,,,,4.029,4.029,4.031,,,,230.185,0.0,0.0,,,,,322.667,316.0,328.0,,,0.0,2106.0,2134.0,0.0,0.0,0.0,0.0,0.0,0.0,27.0,0.0,0.0,0.0,27.0,0.0,0.0,0.0,0.0,0.0,"solar2_v,lipo2_v"
2021-07-16T12:00:00Z,27.0,27.0,,,0.0,0.0,,,,,,,,,,,4.029,4.027,4.029,,,,231.148,0.0,0.0,,,,,314.37,313.0,316.0,,,0.0,2135.0,2162.0,0.0,0.0,0.0,0.0,0.0,0.0,27.0,0.0,0.0,0.0,27.0,0.0,0.0,0.0,0.0,0.0,"solar2_v,lipo2_v"
2021-07-16T13:00:00Z,29.0,29.0,,,0.0,0.0,,,,,,,,,,,4.028,4.027,4.029,,,,231.207,0.0,0.0,,,,,312.621,310.0,314.0,,,0.0,2163.0,2191.0,0.0,0.0,0.0,0.0,0.0,0.0,29.0,0.0,0.0,0.0,29.0,0.0,0.0,0.0,0.0,0.0,"solar2_v,lipo2_v"
2021-07-16T14:00:00Z,27.0,27.0,,,0.0,0.0,,,,,,,,,,,4.027,4.027,4.029,,,,231.815,0.0,0.0,,,,,307.333,302.0,313.0,,,0.0,2192.0,2219.0,0.0,0.0,0.0,0.0,0.0,0.0,27.0,0.0,0.0,0.0,27.0,0.0,0.0,0.0,0.0,0.0,"solar2_v,lipo2_v"
2021-07-16T15:00:00Z,29.0,29.0,,,0.0,0.0,,,,,,,,,,,4.027,4.026,4.029,,,,232.483,0.0,0.0,,,,,301.241,301.0,302.0,,,0.0,2220.0,2248.0,0.0,0.0,0.0,0.0,0.0,0.0,29.0,0.0,0.0,0.0,29.0,0.0,0.0,0.0,0.0,0.0,"solar2_v,lipo2_v"
2021-07-16T16:00:00Z,28.0,28.0,,,0.0,0.0,,,,,,,,,,,4.027,4.027,4.029,,,,232.143,0.0,0.0,,,,,301.0,301.0,301.0,,,0.0,2249.0,2276.0,0.0,0.0,0.0,0.0,0.0,0.0,28.0,0.0,0.0,0.0,28.0,0.0,0.0,0.0,0.0,0.0,"solar2_v,lipo2_v"
2021-07-16T17:00:00Z,28.0,28.0,,,0.0,0.0,,,,,,,,,,,4.027,4.026,4.027,,,,232.821,0.0,0.0,,,,,300.357,297.0,301.0,,,0.0,2277.0,2305.0,0.0,0.0,0.0,0.0,0.0,0.0,28.0,0.0,0.0,0.0,28.0,0.0,0.0,0.0,0.0,0.0,"solar2_v,lipo2_v"
2021-07-16T18:00:00Z,29.0,29.0,,,0.0,0.0,,,,,,,,,,,4.027,4.026,4.027,,,,233.103,0.0,0.0,,,,,294.448,291.0,296.0,,,0.0,2306.0,2334.0,0.0,0.0,0.0,0.0,0.0,0.0,29.0,0.0,0.0,0.0,29.0,0.0,0.0,0.0,0.0,0.0,"solar2_v,lipo2_v"
2021-07-16T19:00:00Z,28.0,28.0,,,0.0,0.0,,,,,,,,,,,4.027,4.026,4.027,,,,233.179,0.0,0.0,,,,,290.321,290.0,292.0,,,0.0,2335.0,2362.0,0.0,0.0,0.0,0.0,0.0,0.0,28.0,0.0,0.0,0.0,28.0,0.0,0.0,0.0,0.0,0.0,"solar2_v,lipo2_v"
2021-07-16T20:00:00Z,29.0,29.0,,,0.0,0.0,,,,,,,,,,,4.027,4.026,4.027,,,,233.621,0.0,0.0,,,,,288.207,286.0,290.0,,,0.0,2363.0,2391.0,0.0,0.0,0.0,0.0,0.0,0.0,29.0,0.0,0.0,0.0,29.0,0.0,0.0,0.0,0.0,0.0,"solar2_v,lipo2_v"
2021-07-16T21:00:00Z,29.0,29.0,,,0.0,0.0,,,,,,,,,,,4.026,4.026,4.027,,,,234.138,0.0,0.0,,,,,284.103,282.0,286.0,,,0.0,2392.0,2420.0,0.0,0.0,0.0,0.0,0.0,0.0,29.0,0.0,0.0,0.0,29.0,0.0,0.0,0.0,0.0,0.0,"solar2_v,lipo2_v"
2021-07-16T22:00:00Z,28.0,28.0,,,0.0,0.0,,,,,,,,,,,4.026,4.024,4.027,,,,234.214,0.0,0.0,,,,,280.429,279.0,282.0,,,0.0,2421.0,2448.0,0.0,0.0,0.0,0.0,0.0,0.0,28.0,0.0,0.0,0.0,28.0,0.0,0.0,0.0,0.0,0.0,"solar2_v,lipo2_v"
2021-07-16T23:00:00Z,29.0,29.0,,,0.763,2.832,,,,,,,,,,,4.026,4.024,4.027,,,,233.276,0.0,0.0,,,,,290.379,281.0,315.0,,,0.0,2449.0,2477.0,0.0,22.0,0.0,0.0,0.0,0.0,29.0,0.0,0.0,0.0,29.0,0.0,0.0,0.0,0.0,0.0,"solar2_v,lipo2_v"
2021-07-17T00:00:00Z,28.0,28.0,,,3.778,4.588,,,,,,,,,,,4.027,4.026,4.027,,,,226.821,0.0,0.0,,,,,357.321,320.0,387.0,,,0.0,2478.0,2505.0,0.0,28.0,0.0,0.0,0.0,0.0,28.0,0.0,0.0,0.0,28.0,0.0,0.0,0.0,0.0,0.0,"solar2_v,lipo2_v"
2021-07-17T01:00:00Z,28.0,28.0,,,4.426,5.023,,,,,,,,,,,4.027,4.026,4.027,,,,222.571,0.0,0.0,,,,,405.179,390.0,429.0,,,0.0,2506.0,2534.0,0.0,28.0,0.0,0.0,0.0,0.0,28.0,0.0,0.0,0.0,28.0,0.0,0.0,0.0,0.0,0.0,"solar2_v,lipo2_v"
2021-07-17T02:00:00Z,29.0,29.0,,,4.316,5.095,,,,,,,,,,,4.027,4.027,4.027,,,,218.828,0.0,0.0,,,,,447.517,423.0,472.0,,,0.0,2535.0,2563.0,0.0,29.0,0.0,0.0,0.0,0.0,29.0,0.0,0.0,0.0,29.0,0.0,0.0,0.0,0.0,0.0,"solar2_v,lipo2_v"
2021-07-17T03:00:00Z,28.0,28.0,,,1.652,2.307,,,,,,,,,,,4.027,4.026,4.027,,,,224.643,0.0,0.0,,,,,384.036,374.0,420.0,,,0.0,2564.0,2591.0,0.0,28.0,0.0,0.0,0.0,0.0,28.0,0.0,0.0,0.0,28.0,0.0,0.0,0.0,0.0,0.0,"solar2_v,lipo2_v"
2021-07-17T04:00:00Z,29.0,29.0,,,1.674,2.574,,,,,,,,,,,4.027,4.026,4.027,,,,225.276,0.0,0.0,,,,,370.172,367.0,377.0,,,0.0,2592.0,2620.0,0.0,29.0,0.0,0.0,0.0,0.0,29.0,0.0,0.0,0.0,29.0,0.0,0.0,0.0,0.0,0.0,"solar2_v,lipo2_v"
2021-07-17T05:00:00Z,29.0,29.0,,,1.344,1.745,,,,,,,,,,,4.026,4.024,4.027,,,,225.345,0.0,0.0,,,,,369.069,360.0,376.0,,,0.0,2621.0,2649.0,0.0,29.0,0.0,0.0,0.0,0.0,29.0,0.0,0.0,0.0,29.0,0.0,0.0,0.0,0.0,0.0,"solar2_v,lipo2_v"
2021-07-17T06:00:00Z,28.0,28.0,,,1.531,2.284,,,,,,,,,,,4.026,4.026,4.027,,,,225.75,0.0,0.0,,,,,370.679,367.0,374.0,,,0.0,2650.0,2677.0,0.0,28.0,0.0,0.0,0.0,0.0,28.0,0.0,0.0,0.0,28.0,0.0,0.0,0.0,0.0,0.0,"solar2_v,lipo2_v"
2021-07-17T07:00:00Z,29.0,29.0,,,1.313,1.705,,,,,,,,,,,4.026,4.024,4.027,,,,225.655,0.0,0.0,,,,,369.345,367.0,374.0,,,0.0,2678.0,2706.0,0.0,29.0,0.0,0.0,0.0,0.0,29.0,0.0,0.0,0.0,29.0,0.0,0.0,0.0,0.0,0.0,"solar2_v,lipo2_v"
2021-07-17T08:00:00Z,29.0,29.0,,,1.041,1.504,,,,,,,,,,,4.026,4.024,4.027,,,,226.966,0.0,0.0,,,,,357.724,350.0,369.0,,,0.0,2707.0,2735.0,0.0,29.0,0.0,0.0,0.0,0.0,29.0,0.0,0.0,0.0,29.0,0.0,0.0,0.0,0.0,0.0,"solar2_v,lipo2_v"
2021-07-17T09:00:00Z,24.0,24.0,,,0.795,1.284,,,,,,,,,,,4.025,4.022,4.026,,,,227.042,0.0,0.0,,,,,355.458,350.0,366.0,,,0.0,2736.0,2762.0,0.0,24.0,0.0,0.0,0.0,0.0,24.0,0.0,0.0,0.0,24.0,0.0,0.0,0.0,0.0,0.0,"solar2_v,lipo2_v"
2021-07-17T10:00:00Z,25.0,25.0,,,0.253,0.539,,,,,,,,,,,4.024,4.021,4.026,,,,228.36,0.0,0.0,,,,,340.64,334.0,350.0,,,0.0,2766.0,2791.0,0.0,16.0,0.0,0.0,0.0,0.0,25.0,0.0,0.0,0.0,25.0,0.0,0.0,0.0,0.0,0.0,"solar2_v,lipo2_v"
2021-07-17T11:00:00Z,29.0,29.0,,,0.0,0.0,,,,,,,,,,,4.023,4.021,4.024,,,,229.276,0.0,0.0,,,,,327.069,323.0,333.0,,,0.0,2792.0,2820.0,0.0,0.0,0.0,0.0,0.0,0.0,29.0,0.0,0.0,0.0,29.0,0.0,0.0,0.0,0.0,0.0,"solar2_v,lipo2_v"
2021-07-17T12:00:00Z,28.0,28.0,,,0.0,0.0,,,,,,,,,,,4.021,4.019,4.024,,,,230.393,0.0,0.0,,,,,319.679,316.0,322.0,,,0.0,2821.0,2848.0,0.0,0.0,0.0,0.0,0.0,0.0,28.0,0.0,0.0,0.0,28.0,0.0,0.0,0.0,0.0,0.0,"solar2_v,lipo2_v"
2021-07-17T13:00:00Z,25.0,25.0,,,0.0,0.0,,,,,,,,,,,4.019,4.017,4.022,,,,231.28,0.0,0.0,,,,,312.48,304.0,316.0,,,0.0,2850.0,2876.0,0.0,0.0,0.0,0.0,0.0,0.0,25.0,0.0,0.0,0.0,25.0,0.0,0.0,0.0,0.0,0.0,"solar2_v,lipo2_v"
2021-07-17T14:00:00Z,27.0,27.0,,,0.0,0.0,,,,,,,,,,,4.018,4.017,4.021,,,,232.222,0.0,0.0,,,,,301.481,301.0,303.0,,,0.0,2877.0,2905.0,0.0,0.0,0.0,0.0,0.0,0.0,27.0,0.0,0.0,0.0,27.0,0.0,0.0,0.0,0.0,0.0,"solar2_v,lipo2_v"
2021-07-17T15:00:00Z,26.0,26.0,,,0.0,0.0,,,,,,,,,,,4.017,4.016,4.019,,,,232.385,0.0,0.0,,,,,301.0,301.0,301.0,,,0.0,2907.0,2933.0,0.0,0.0,0.0,0.0,0.0,0.0,26.0,0.0,0.0,0.0,26.0,0.0,0.0,0.0,0.0,0.0,"solar2_v,lipo2_v"
2021-07-17T16:00:00Z,28.0,28.0,,,0.0,0.0,,,,,,,,,,,4.017,4.014,4.019,,,,232.964,0.0,0.0,,,,,300.607,300.0,301.0,,,0.0,2934.0,2962.0,0.0,0.0,0.0,0.0,0.0,0.0,28.0,0.0,0.0,0.0,28.0,0.0,0.0,0.0,0.0,0.0,"solar2_v,lipo2_v"
2021-07-17T17:00:00Z,29.0,29.0,,,0.0,0.0,,,,,,,,,,,4.015,4.012,4.019,,,,234.103,0.0,0.0,,,,,284.241,274.0,300.0,,,0.0,2963.0,2991.0,0.0,0.0,0.0,0.0,0.0,0.0,29.0,0.0,0.0,0.0,29.0,0.0,0.0,0.0,0.0,0.0,"solar2_v,lipo2_v"
2021-07-17T18:00:00Z,28.0,28.0,,,0.0,0.0,,,,,,,,,,,4.014,4.012,4.016,,,,234.857,0.0,0.0,,,,,276.893,275.0,280.0,,,0.0,2992.0,3019.0,0.0,0.0,0.0,0.0,0.0,0.0,28.0,0.0,0.0,0.0,28.0,0.0,0.0,0.0,0.0,0.0,"solar2_v,lipo2_v"
2021-07-17T19:00:00Z,29.0,29.0,,,0.0,0.0,,,,,,,,,,,4.013,4.011,4.016,,,,234.345,0.0,0.0,,,,,280.931,280.0,283.0,,,0.0,3020.0,3048.0,0.0,0.0,0.0,0.0,0.0,0.0,29.0,0.0,0.0,0.0,29.0,0.0,0.0,0.0,0.0,0.0,"solar2_v,lipo2_v"
2021-07-17T20:00:00Z,28.0,28.0,,,0.0,0.0,,,,,,,,,,,4.013,4.012,4.016,,,,233.964,0.0,0.0,,,,,284.679,283.0,286.0,,,0.0,3049.0,3076.0,0.0,0.0,0.0,0.0,0.0,0.0,28.0,0.0,0.0,0.0,28.0,0.0,0.0,0.0,0.0,0.0,"solar2_v,lipo2_v"
2021-07-17T21:00:00Z,29.0,29.0,,,0.0,0.0,,,,,,,,,,,4.012,4.011,4.014,,,,233.586,0.0,0.0,,,,,286.586,286.0,287.0,,,0.0,3077.0,3105.0,0.0,0.0,0.0,0.0,0.0,0.0,29.0,0.0,0.0,0.0,29.0,0.0,0.0,0.0,0.0,0.0,"solar2_v,lipo2_v"
2021-07-17T22:00:00Z,29.0,29.0,,,0.0,0.0,,,,,,,,,,,4.012,4.009,4.014,,,,233.793,0.0,0.0,,,,,287.0,287.0,287.0,,,0.0,3106.0,3134.0,0.0,0.0,0.0,0.0,0.0,0.0,29.0,0.0,0.0,0.0,29.0,0.0,0.0,0.0,0.0,0.0,"solar2_v,lipo2_v"
2021-07-17T23:00:00Z,27.0,27.0,,,0.879,2.063,,,,,,,,,,,4.011,4.009,4.012,,,,232.185,0.0,0.0,,,,,301.0,287.0,321.0,,,0.0,3135.0,3162.0,0.0,22.0,0.0,0.0,0.0,0.0,27.0,0.0,0.0,0.0,27.0,0.0,0.0,0.0,0.0,0.0,"solar2_v,lipo2_v"
2021-07-18T00:00:00Z,29.0,29.0,,,1.982,4.782,,,,,,,,,,,4.012,4.009,4.012,,,,228.69,0.0,0.0,,,,,333.207,314.0,380.0,,,0.0,3163.0,3191.0,0.0,29.0,0.0,0.0,0.0,0.0,29.0,0.0,0.0,0.0,29.0,0.0,0.0,0.0,0.0,0.0,"solar2_v,lipo2_v"
2021-07-18T01:00:00Z,29.0,29.0,,,3.058,5.116,,,,,,,,,,,4.012,4.011,4.014,,,,225.793,0.0,0.0,,,,,364.414,347.0,392.0,,,0.0,3192.0,3220.0,0.0,29.0,0.0,0.0,0.0,0.0,29.0,0.0,0.0,0.0,29.0,0.0,0.0,0.0,0.0,0.0,"solar2_v,lipo2_v"
2021-07-18T02:00:00Z,28.0,28.0,,,3.687,5.351,,,,,,,,,,,4.012,4.011,4.012,,,,223.786,0.0,0.0,,,,,392.429,367.0,407.0,,,0.0,3221.0,3248.0,0.0,28.0,0.0,0.0,0.0,0.0,28.0,0.0,0.0,0.0,28.0,0.0,0.0,0.0,0.0,0.0,"solar2_v,lipo2_v"
2021-07-18T03:00:00Z,29.0,29.0,,,2.293,3.104,,,,,,,,,,,4.011,4.009,4.012,,,,224.931,0.0,0.0,,,,,373.552,367.0,398.0,,,0.0,3249.0,3277.0,0.0,29.0,0.0,0.0,0.0,0.0,29.0,0.0,0.0,0.0,29.0,0.0,0.0,0.0,0.0,0.0,"solar2_v,lipo2_v"
2021-07-18T04:00:00Z,28.0,28.0,,,2.786,3.558,,,,,,,,,,,4.01,4.007,4.011,,,,224.143,0.0,0.0,,,,,379.143,367.0,391.0,,,0.0,3278.0,3305.0,0.0,28.0,0.0,0.0,0.0,0.0,28.0,0.0,0.0,0.0,28.0,0.0,0.0,0.0,0.0,0.0,"solar2_v,lipo2_v"
2021-07-18T05:00:00Z,29.0,29.0,,,2.357,3.188,,,,,,,,,,,4.01,4.007,4.012,,,,224.517,0.0,0.0,,,,,378.655,366.0,393.0,,,0.0,3306.0,3334.0,0.0,29.0,0.0,0.0,0.0,0.0,29.0,0.0,0.0,0.0,29.0,0.0,0.0,0.0,0.0,0.0,"solar2_v,lipo2_v"
2021-07-18T06:00:00Z,28.0,28.0,,,2.056,3.106,,,,,,,,,,,4.008,4.006,4.011,,,,225.857,0.0,0.0,,,,,364.607,357.0,369.0,,,0.0,3335.0,3363.0,0.0,28.0,0.0,0.0,0.0,0.0,28.0,0.0,0.0,0.0,28.0,0.0,0.0,0.0,0.0,0.0,"solar2_v,lipo2_v"
2021-07-18T07:00:00Z,26.0,26.0,,,1.235,2.174,,,,,,,,,,,4.006,4.006,4.007,,,,227.231,0.0,0.0,,,,,350.731,345.0,359.0,,,0.0,3364.0,3391.0,0.0,26.0,0.0,0.0,0.0,0.0,26.0,0.0,0.0,0.0,26.0,0.0,0.0,0.0,0.0,0.0,"solar2_v,lipo2_v"
2021-07-18T08:00:00Z,29.0,29.0,,,0.48,0.682,,,,,,,,,,,4.005,4.004,4.007,,,,229.655,0.0,0.0,,,,,324.586,310.0,343.0,,,0.0,3392.0,3420.0,0.0,27.0,0.0,0.0,0.0,0.0,29.0,0.0,0.0,0.0,29.0,0.0,0.0,0.0,0.0,0.0,"solar2_v,lipo2_v"
2021-07-18T09:00:00Z,28.0,28.0,,,0.237,0.454,,,,,,,,,,,4.004,4.001,4.006,,,,232.0,0.0,0.0,,,,,307.214,302.0,312.0,,,0.0,3421.0,3448.0,0.0,16.0,0.0,0.0,0.0,0.0,28.0,0.0,0.0,0.0,28.0,0.0,0.0,0.0,0.0,0.0,"solar2_v,lipo2_v"
2021-07-18T10:00:00Z,29.0,29.0,,,0.0,0.0,,,,,,,,,,,4.002,3.999,4.004,,,,234.793,0.0,0.0,,,,,277.172,261.0,301.0,,,0.0,3449.0,3477.0,0.0,0.0,0.0,0.0,0.0,0.0,29.0,0.0,0.0,0.0,29.0,0.0,0.0,0.0,0.0,0.0,"solar2_v,lipo2_v"
2021-07-18T11:00:00Z,16.0,16.0,,,0.0,0.0,,,,,,,,,,,4.0,3.999,4.001,,,,236.438,0.0,0.0,,,,,267.375,261.0,274.0,,,0.0,3478.0,3498.0,0.0,0.0,0.0,0.0,0.0,0.0,16.0,0.0,0.0,0.0,16.0,0.0,0.0,0.0,0.0,0.0,"solar2_v,lipo2_v"
2021-07-18T12:00:00Z,12.0,12.0,,,0.0,0.0,,,,,,,,,,,3.998,3.998,3.999,,,,234.5,0.0,0.0,,,,,275.25,274.0,276.0,,,0.0,3505.0,3530.0,0.0,0.0,0.0,0.0,0.0,0.0,12.0,0.0,0.0,0.0,12.0,0.0,0.0,0.0,0.0,0.0,"solar2_v,lipo2_v"
2021-07-18T13:00:00Z,26.0,26.0,,,0.0,0.0,,,,,,,,,,,3.998,3.996,3.999,,,,234.423,0.0,0.0,,,,,276.692,275.0,277.0,,,0.0,3532.0,3560.0,0.0,0.0,0.0,0.0,0.0,0.0,26.0,0.0,0.0,0.0,26.0,0.0,0.0,0.0,0.0,0.0,"solar2_v,lipo2_v"
2021-07-18T14:00:00Z,26.0,26.0,,,0.0,0.0,,,,,,,,,,,3.997,3.994,3.999,,,,235.538,0.0,0.0,,,,,272.654,271.0,274.0,,,0.0,3561.0,3588.0,0.0,0.0,0.0,0.0,0.0,0.0,26.0,0.0,0.0,0.0,26.0,0.0,0.0,0.0,0.0,0.0,"solar2_v,lipo2_v"
2021-07-18T15:00:00Z,25.0,25.0,,,0.0,0.0,,,,,,,,,,,3.995,3.993,3.998,,,,234.68,0.0,0.0,,,,,274.6,273.0,277.0,,,0.0,3589.0,3616.0,0.0,0.0,0.0,0.0,0.0,0.0,25.0,0.0,0.0,0.0,25.0,0.0,0.0,0.0,0.0,0.0,"solar2_v,lipo2_v"
2021-07-18T16:00:00Z,29.0,29.0,,,0.0,0.0,,,,,,,,,,,3.994,3.993,3.996,,,,234.724,0.0,0.0,,,,,276.966,276.0,277.0,,,0.0,3617.0,3645.0,0.0,0.0,0.0,0.0,0.0,0.0,29.0,0.0,0.0,0.0,29.0,0.0,0.0,0.0,0.0,0.0,"solar2_v,lipo2_v"
2021-07-18T17:00:00Z,29.0,29.0,,,0.0,0.0,,,,,,,,,,,3.993,3.989,3.994,,,,234.621,0.0,0.0,,,,,276.586,275.0,277.0,,,0.0,3646.0,3674.0,0.0,0.0,0.0,0.0,0.0,0.0,29.0,0.0,0.0,0.0,29.0,0.0,0.0,0.0,0.0,0.0,"solar2_v,lipo2_v"
2021-07-18T18:00:00Z,28.0,28.0,,,0.0,0.0,,,,,,,,,,,3.99,3.988,3.993,,,,235.179,0.0,0.0,,,,,274.5,274.0,276.0,,,0.0,3675.0,3702.0,0.0,0.0,0.0,0.0,0.0,0.0,28.0,0.0,0.0,0.0,28.0,0.0,0.0,0.0,0.0,0.0,"solar2_v,lipo2_v"
2021-07-18T19:00:00Z,29.0,29.0,,,0.0,0.0,,,,,,,,,,,3.989,3.986,3.991,,,,235.0,0.0,0.0,,,,,274.793,274.0,277.0,,,0.0,3703.0,3731.0,0.0,0.0,0.0,0.0,0.0,0.0,29.0,0.0,0.0,0.0,29.0,0.0,0.0,0.0,0.0,0.0,"solar2_v,lipo2_v"
2021-07-18T20:00:00Z,28.0,28.0,,,0.0,0.0,,,,,,,,,,,3.987,3.986,3.989,,,,235.357,0.0,0.0,,,,,273.857,273.0,274.0,,,0.0,3732.0,3759.0,0.0,0.0,0.0,0.0,0.0,0.0,28.0,0.0,0.0,0.0,28.0,0.0,0.0,0.0,0.0,0.0,"solar2_v,lipo2_v"
2021-07-18T21:00:00Z,29.0,29.0,,,0.0,0.0,,,,,,,,,,,3.986,3.983,3.988,,,,235.31,0.0,0.0,,,,,273.655,272.0,277.0,,,0.0,3760.0,3788.0,0.0,0.0,0.0,0.0,0.0,0.0,29.0,0.0,0.0,0.0,29.0,0.0,0.0,0.0,0.0,0.0,"solar2_v,lipo2_v"
2021-07-18T22:00:00Z,29.0,29.0,,,0.0,0.0,,,,,,,,,,,3.984,3.983,3.986,,,,234.862,0.0,0.0,,,,,276.379,276.0,277.0,,,0.0,3789.0,3817.0,0.0,0.0,0.0,0.0,0.0,0.0,29.0,0.0,0.0,0.0,29.0,0.0,0.0,0.0,0.0,0.0,"solar2_v,lipo2_v"
2021-07-18T23:00:00Z,28.0,28.0,,,0.331,0.669,,,,,,,,,,,3.983,3.981,3.984,,,,234.5,0.0,0.0,,,,,278.107,276.0,281.0,,,0.0,3818.0,3845.0,0.0,18.0,0.0,0.0,0.0,0.0,28.0,0.0,0.0,0.0,28.0,0.0,0.0,0.0,0.0,0.0,"solar2_v,lipo2_v"
2021-07-19T00:00:00Z,29.0,29.0,,,1.223,1.935,,,,,,,,,,,3.981,3.979,3.983,,,,232.828,0.0,0.0,,,,,293.862,282.0,308.0,,,0.0,3846.0,3874.0,0.0,29.0,0.0,0.0,0.0,0.0,29.0,0.0,0.0,0.0,29.0,0.0,0.0,0.0,0.0,0.0,"solar2_v,lipo2_v"
2021-07-19T01:00:00Z,28.0,28.0,,,2.28,2.894,,,,,,,,,,,3.981,3.979,3.983,,,,229.571,0.0,0.0,,,,,322.607,313.0,328.0,,,0.0,3875.0,3902.0,0.0,28.0,0.0,0.0,0.0,0.0,28.0,0.0,0.0,0.0,28.0,0.0,0.0,0.0,0.0,0.0,"solar2_v,lipo2_v"
2021-07-19T02:00:00Z,28.0,28.0,,,2.487,4.931,,,,,,,,,,,3.981,3.979,3.984,,,,228.071,0.0,0.0,,,,,342.964,324.0,364.0,,,0.0,3903.0,3931.0,0.0,28.0,0.0,0.0,0.0,0.0,28.0,0.0,0.0,0.0,28.0,0.0,0.0,0.0,0.0,0.0,"solar2_v,lipo2_v"
2021-07-19T03:00:00Z,25.0,25.0,,,2.8,3.785,,,,,,,,,,,3.979,3.978,3.981,,,,225.96,0.0,0.0,,,,,361.2,330.0,379.0,,,0.0,3932.0,3959.0,0.0,25.0,0.0,0.0,0.0,0.0,25.0,0.0,0.0,0.0,25.0,0.0,0.0,0.0,0.0,0.0,"solar2_v,lipo2_v"
2021-07-19T04:00:00Z,26.0,26.0,,,2.897,3.631,,,,,,,,,,,3.978,3.978,3.979,,,,224.462,0.0,0.0,,,,,380.269,373.0,387.0,,,0.0,3960.0,3988.0,0.0,26.0,0.0,0.0,0.0,0.0,26.0,0.0,0.0,0.0,26.0,0.0,0.0,0.0,0.0,0.0,"solar2_v,lipo2_v"
2021-07-19T05:00:00Z,27.0,27.0,,,2.017,2.914,,,,,,,,,,,3.977,3.976,3.979,,,,224.556,0.0,0.0,,,,,377.889,371.0,384.0,,,0.0,3989.0,4016.0,0.0,27.0,0.0,0.0,0.0,0.0,27.0,0.0,0.0,0.0,27.0,0.0,0.0,0.0,0.0,0.0,"solar2_v,lipo2_v"
2021-07-19T06:00:00Z,28.0,28.0,,,1.886,3.068,,,,,,,,,,,3.976,3.974,3.978,,,,225.036,0.0,0.0,,,,,374.286,358.0,389.0,,,0.0,4017.0,4045.0,0.0,28.0,0.0,0.0,0.0,0.0,28.0,0.0,0.0,0.0,28.0,0.0,0.0,0.0,0.0,0.0,"solar2_v,lipo2_v"
2021-07-19T07:00:00Z,26.0,26.0,,,1.314,3.227,,,,,,,,,,,3.974,3.974,3.976,,,,229.346,0.0,0.0,,,,,325.692,306.0,354.0,,,0.0,4046.0,4073.0,0.0,26.0,0.0,0.0,0.0,0.0,26.0,0.0,0.0,0.0,26.0,0.0,0.0,0.0,0.0,0.0,"solar2_v,lipo2_v"
2021-07-19T08:00:00Z,28.0,28.0,,,0.702,1.794,,,,,,,,,,,3.974,3.971,3.974,,,,230.714,0.0,0.0,,,,,319.393,255.0,348.0,,,0.0,4074.0,4102.0,0.0,15.0,0.0,0.0,0.0,0.0,28.0,0.0,0.0,0.0,28.0,0.0,0.0,0.0,0.0,0.0,"solar2_v,lipo2_v"
2021-07-19T09:00:00Z,27.0,27.0,,,0.0,0.0,,,,,,,,,,,3.97,3.966,3.973,,,,238.63,0.0,0.0,,,,,247.296,247.0,252.0,,,0.0,4103.0,4130.0,0.0,0.0,0.0,0.0,0.0,0.0,27.0,0.0,0.0,0.0,27.0,0.0,0.0,0.0,0.0,0.0,"solar2_v,lipo2_v"
2021-07-19T10:00:00Z,27.0,27.0,,,0.0,0.0,,,,,,,,,,,3.966,3.961,3.968,,,,238.0,0.0,0.0,,,,,248.815,247.0,255.0,,,0.0,4131.0,4158.0,0.0,0.0,0.0,0.0,0.0,0.0,27.0,0.0,0.0,0.0,27.0,0.0,0.0,0.0,0.0,0.0,"solar2_v,lipo2_v"
2021-07-19T11:00:00Z,28.0,28.0,,,0.0,0.0,,,,,,,,,,,3.965,3.961,3.968,,,,237.643,0.0,0.0,,,,,259.75,255.0,261.0,,,0.0,4159.0,4187.0,0.0,0.0,0.0,0.0,0.0,0.0,28.0,0.0,0.0,0.0,28.0,0.0,0.0,0.0,0.0,0.0,"solar2_v,lipo2_v"
2021-07-19T12:00:00Z,26.0,26.0,,,0.0,0.0,,,,,,,,,,,3.962,3.958,3.965,,,,237.308,0.0,0.0,,,,,261.385,261.0,262.0,,,0.0,4188.0,4216.0,0.0,0.0,0.0,0.0,0.0,0.0,26.0,0.0,0.0,0.0,26.0,0.0,0.0,0.0,0.0,0.0,"solar2_v,lipo2_v"
2021-07-19T13:00:00Z,27.0,27.0,,,0.0,0.0,,,,,,,,,,,3.96,3.958,3.963,,,,236.63,0.0,0.0,,,,,265.111,262.0,269.0,,,0.0,4217.0,4244.0,0.0,0.0,0.0,0.0,0.0,0.0,27.0,0.0,0.0,0.0,27.0,0.0,0.0,0.0,0.0,0.0,"solar2_v,lipo2_v"
2021-07-19T14:00:00Z,25.0,25.0,,,0.0,0.0,,,,,,,,,,,3.955,3.951,3.96,,,,237.12,0.0,0.0,,,,,262.12,259.0,268.0,,,0.0,4245.0,4272.0,0.0,0.0,0.0,0.0,0.0,0.0,25.0,0.0,0.0,0.0,25.0,0.0,0.0,0.0,0.0,0.0,"solar2_v,lipo2_v"
2021-07-19T15:00:00Z,25.0,25.0,,,0.0,0.0,,,,,,,,,,,3.953,3.95,3.955,,,,238.08,0.0,0.0,,,,,254.36,253.0,259.0,,,0.0,4273.0,4299.0,0.0,0.0,0.0,0.0,0.0,0.0,25.0,0.0,0.0,0.0,25.0,0.0,0.0,0.0,0.0,0.0,"solar2_v,lipo2_v"
2021-07-19T16:00:00Z,29.0,29.0,,,0.0,0.0,,,,,,,,,,,3.951,3.948,3.953,,,,237.483,0.0,0.0,,,,,260.31,257.0,262.0,,,0.0,4301.0,4329.0,0.0,0.0,0.0,0.0,0.0,0.0,29.0,0.0,0.0,0.0,29.0,0.0,0.0,0.0,0.0,0.0,"solar2_v,lipo2_v"
2021-07-19T17:00:00Z,27.0,27.0,,,0.0,0.0,,,,,,,,,,,3.949,3.948,3.951,,,,236.222,0.0,0.0,,,,,265.704,262.0,272.0,,,0.0,4330.0,4357.0,0.0,0.0,0.0,0.0,0.0,0.0,27.0,0.0,0.0,0.0,27.0,0.0,0.0,0.0,0.0,0.0,"solar2_v,lipo2_v"
2021-07-19T18:00:00Z,29.0,29.0,,,0.0,0.0,,,,,,,,,,,3.946,3.945,3.948,,,,235.552,0.0,0.0,,,,,272.586,271.0,273.0,,,0.0,4358.0,4386.0,0.0,0.0,0.0,0.0,0.0,0.0,29.0,0.0,0.0,0.0,29.0,0.0,0.0,0.0,0.0,0.0,"solar2_v,lipo2_v"
2021-07-19T19:00:00Z,28.0,28.0,,,0.0,0.0,,,,,,,,,,,3.945,3.943,3.948,,,,236.036,0.0,0.0,,,,,269.643,269.0,271.0,,,0.0,4387.0,4414.0,0.0,0.0,0.0,0.0,0.0,0.0,28.0,0.0,0.0,0.0,28.0,0.0,0.0,0.0,0.0,0.0,"solar2_v,lipo2_v"
2021-07-19T20:00:00Z,29.0,29.0,,,0.0,0.0,,,,,,,,,,,3.942,3.94,3.945,,,,236.138,0.0,0.0,,,,,270.69,270.0,272.0,,,0.0,4415.0,4443.0,0.0,0.0,0.0,0.0,0.0,0.0,29.0,0.0,0.0,0.0,29.0,0.0,0.0,0.0,0.0,0.0,"solar2_v,lipo2_v"
2021-07-19T21:00:00Z,29.0,29.0,,,0.0,0.0,,,,,,,,,,,3.94,3.937,3.941,,,,235.931,0.0,0.0,,,,,268.793,268.0,271.0,,,0.0,4444.0,4472.0,0.0,0.0,0.0,0.0,0.0,0.0,29.0,0.0,0.0,0.0,29.0,0.0,0.0,0.0,0.0,0.0,"solar2_v,lipo2_v"
2021-07-19T22:00:00Z,28.0,28.0,,,0.0,0.0,,,,,,,,,,,3.937,3.933,3.94,,,,236.107,0.0,0.0,,,,,267.429,267.0,269.0,,,0.0,4473.0,4500.0,0.0,0.0,0.0,0.0,0.0,0.0,28.0,0.0,0.0,0.0,28.0,0.0,0.0,0.0,0.0,0.0,"solar2_v,lipo2_v"
2021-07-19T23:00:00Z,29.0,29.0,,,0.406,0.77,,,,,,,,,,,3.934,3.932,3.937,,,,234.724,0.0,0.0,,,,,276.034,270.0,286.0,,,0.0,4501.0,4529.0,0.0,23.0,0.0,0.0,0.0,0.0,29.0,0.0,0.0,0.0,29.0,0.0,0.0,0.0,0.0,0.0,"solar2_v,lipo2_v"
2021-07-20T00:00:00Z,28.0,28.0,,,1.355,2.137,,,,,,,,,,,3.933,3.932,3.935,,,,232.286,0.0,0.0,,,,,300.5,287.0,316.0,,,0.0,4530.0,4557.0,0.0,28.0,0.0,0.0,0.0,0.0,28.0,0.0,0.0,0.0,28.0,0.0,0.0,0.0,0.0,0.0,"solar2_v,lipo2_v"
2021-07-20T01:00:00Z,29.0,29.0,,,3.981,4.943,,,,,,,,,,,3.934,3.932,3.937,,,,224.586,0.0,0.0,,,,,379.034,317.0,410.0,,,0.0,4558.0,4586.0,0.0,29.0,0.0,0.0,0.0,0.0,29.0,0.0,0.0,0.0,29.0,0.0,0.0,0.0,0.0,0.0,"solar2_v,lipo2_v"
2021-07-20T02:00:00Z,27.0,27.0,,,4.089,5.377,,,,,,,,,,,3.933,3.932,3.935,,,,221.556,0.0,0.0,,,,,412.037,382.0,433.0,,,0.0,4587.0,4614.0,0.0,27.0,0.0,0.0,0.0,0.0,27.0,0.0,0.0,0.0,27.0,0.0,0.0,0.0,0.0,0.0,"solar2_v,lipo2_v"
2021-07-20T03:00:00Z,28.0,28.0,,,1.863,2.783,,,,,,,,,,,3.931,3.928,3.935,,,,224.286,0.0,0.0,,,,,381.607,367.0,420.0,,,0.0,4615.0,4643.0,0.0,28.0,0.0,0.0,0.0,0.0,28.0,0.0,0.0,0.0,28.0,0.0,0.0,0.0,0.0,0.0,"solar2_v,lipo2_v"
2021-07-20T04:00:00Z,28.0,28.0,,,2.014,3.509,,,,,,,,,,,3.928,3.927,3.93,,,,226.357,0.0,0.0,,,,,358.429,345.0,367.0,,,0.0,4644.0,4672.0,0.0,28.0,0.0,0.0,0.0,0.0,28.0,0.0,0.0,0.0,28.0,0.0,0.0,0.0,0.0,0.0,"solar2_v,lipo2_v"
2021-07-20T05:00:00Z,25.0,25.0,,,2.099,3.46,,,,,,,,,,,3.925,3.923,3.928,,,,226.88,0.0,0.0,,,,,350.96,327.0,367.0,,,0.0,4674.0,4700.0,0.0,25.0,0.0,0.0,0.0,0.0,25.0,0.0,0.0,0.0,25.0,0.0,0.0,0.0,0.0,0.0,"solar2_v,lipo2_v"
2021-07-20T06:00:00Z,27.0,27.0,,,1.105,2.11,,,,,,,,,,,3.923,3.922,3.925,,,,231.667,0.0,0.0,,,,,307.0,296.0,340.0,,,0.0,4701.0,4729.0,0.0,27.0,0.0,0.0,0.0,0.0,27.0,0.0,0.0,0.0,27.0,0.0,0.0,0.0,0.0,0.0,"solar2_v,lipo2_v"
2021-07-20T07:00:00Z,26.0,26.0,,,1.21,1.786,,,,,,,,,,,3.922,3.92,3.923,,,,233.308,0.0,0.0,,,,,289.692,276.0,301.0,,,0.0,4730.0,4757.0,0.0,26.0,0.0,0.0,0.0,0.0,26.0,0.0,0.0,0.0,26.0,0.0,0.0,0.0,0.0,0.0,"solar2_v,lipo2_v"
2021-07-20T08:00:00Z,29.0,29.0,,,1.511,2.02,,,,,,,,,,,3.92,3.918,3.922,,,,231.069,0.0,0.0,,,,,310.897,302.0,314.0,,,0.0,4758.0,4786.0,0.0,29.0,0.0,0.0,0.0,0.0,29.0,0.0,0.0,0.0,29.0,0.0,0.0,0.0,0.0,0.0,"solar2_v,lipo2_v"
2021-07-20T09:00:00Z,26.0,26.0,,,1.057,1.361,,,,,,,,,,,3.92,3.918,3.922,,,,231.269,0.0,0.0,,,,,312.692,309.0,314.0,,,0.0,4787.0,4815.0,0.0,26.0,0.0,0.0,0.0,0.0,26.0,0.0,0.0,0.0,26.0,0.0,0.0,0.0,0.0,0.0,"solar2_v,lipo2_v"
2021-07-20T10:00:00Z,27.0,27.0,,,0.424,0.708,,,,,,,,,,,3.918,3.915,3.92,,,,232.0,0.0,0.0,,,,,303.815,301.0,311.0,,,0.0,4816.0,4843.0,0.0,21.0,0.0,0.0,0.0,0.0,27.0,0.0,0.0,0.0,27.0,0.0,0.0,0.0,0.0,0.0,"solar2_v,lipo2_v"
2021-07-20T11:00:00Z,29.0,29.0,,,0.0,0.0,,,,,,,,,,,3.916,3.913,3.918,,,,233.103,0.0,0.0,,,,,293.483,288.0,300.0,,,0.0,4844.0,4872.0,0.0,0.0,0.0,0.0,0.0,0.0,29.0,0.0,0.0,0.0,29.0,0.0,0.0,0.0,0.0,0.0,"solar2_v,lipo2_v"
2021-07-20T12:00:00Z,26.0,26.0,,,0.0,0.0,,,,,,,,,,,3.913,3.91,3.915,,,,233.885,0.0,0.0,,,,,286.423,286.0,287.0,,,0.0,4873.0,4900.0,0.0,0.0,0.0,0.0,0.0,0.0,26.0,0.0,0.0,0.0,26.0,0.0,0.0,0.0,0.0,0.0,"solar2_v,lipo2_v"
2021-07-20T13:00:00Z,26.0,26.0,,,0.0,0.0,,,,,,,,,,,3.909,3.907,3.912,,,,233.423,0.0,0.0,,,,,286.731,286.0,288.0,,,0.0,4901.0,4927.0,0.0,0.0,0.0,0.0,0.0,0.0,26.0,0.0,0.0,0.0,26.0,0.0,0.0,0.0,0.0,0.0,"solar2_v,lipo2_v"
2021-07-20T14:00:00Z,27.0,27.0,,,0.0,0.0,,,,,,,,,,,3.907,3.905,3.91,,,,233.222,0.0,0.0,,,,,286.889,286.0,287.0,,,0.0,4929.0,4957.0,0.0,0.0,0.0,0.0,0.0,0.0,27.0,0.0,0.0,0.0,27.0,0.0,0.0,0.0,0.0,0.0,"solar2_v,lipo2_v"
2021-07-20T15:00:00Z,27.0,27.0,,,0.0,0.0,,,,,,,,,,,3.905,3.902,3.907,,,,233.407,0.0,0.0,,,,,286.519,286.0,287.0,,,0.0,4958.0,4985.0,0.0,0.0,0.0,0.0,0.0,0.0,27.0,0.0,0.0,0.0,27.0,0.0,0.0,0.0,0.0,0.0,"solar2_v,lipo2_v"
2021-07-20T16:00:00Z,28.0,28.0,,,0.0,0.0,,,,,,,,,,,3.904,3.902,3.905,,,,233.679,0.0,0.0,,,,,285.214,284.0,286.0,,,0.0,4986.0,5014.0,0.0,0.0,0.0,0.0,0.0,0.0,28.0,0.0,0.0,0.0,28.0,0.0,0.0,0.0,0.0,0.0,"solar2_v,lipo2_v"
2021-07-20T17:00:00Z,29.0,29.0,,,0.0,0.0,,,,,,,,,,,3.902,3.9,3.904,,,,233.552,0.0,0.0,,,,,282.862,280.0,286.0,,,0.0,5015.0,5043.0,0.0,0.0,0.0,0.0,0.0,0.0,29.0,0.0,0.0,0.0,29.0,0.0,0.0,0.0,0.0,0.0,"solar2_v,lipo2_v"
2021-07-20T18:00:00Z,28.0,28.0,,,0.0,0.0,,,,,,,,,,,3.901,3.899,3.902,,,,234.036,0.0,0.0,,,,,280.786,280.0,281.0,,,0.0,5044.0,5071.0,0.0,0.0,0.0,0.0,0.0,0.0,28.0,0.0,0.0,0.0,28.0,0.0,0.0,0.0,0.0,0.0,"solar2_v,lipo2_v"
2021-07-20T19:00:00Z,29.0,29.0,,,0.0,0.0,,,,,,,,,,,3.899,3.897,3.9,,,,234.241,0.0,0.0,,,,,278.483,276.0,281.0,,,0.0,5072.0,5100.0,0.0,0.0,0.0,0.0,0.0,0.0,29.0,0.0,0.0,0.0,29.0,0.0,0.0,0.0,0.0,0.0,"solar2_v,lipo2_v"
2021-07-20T20:00:00Z,28.0,28.0,,,0.0,0.0,,,,,,,,,,,3.898,3.895,3.899,,,,234.607,0.0,0.0,,,,,276.5,275.0,277.0,,,0.0,5101.0,5128.0,0.0,0.0,0.0,0.0,0.0,0.0,28.0,0.0,0.0,0.0,28.0,0.0,0.0,0.0,0.0,0.0,"solar2_v,lipo2_v"
2021-07-20T21:00:00Z,29.0,29.0,,,0.0,0.0,,,,,,,,,,,3.897,3.894,3.899,,,,234.207,0.0,0.0,,,,,277.138,275.0,279.0,,,0.0,5129.0,5157.0,0.0,0.0,0.0,0.0,0.0,0.0,29.0,0.0,0.0,0.0,29.0,0.0,0.0,0.0,0.0,0.0,"solar2_v,lipo2_v"
2021-07-20T22:00:00Z,28.0,28.0,,,0.0,0.0,,,,,,,,,,,3.895,3.894,3.897,,,,234.321,0.0,0.0,,,,,279.393,278.0,280.0,,,0.0,5158.0,5185.0,0.0,0.0,0.0,0.0,0.0,0.0,28.0,0.0,0.0,0.0,28.0,0.0,0.0,0.0,0.0,0.0,"solar2_v,lipo2_v"
2021-07-20T23:00:00Z,29.0,29.0,,,0.465,1.863,,,,,,,,,,,3.894,3.894,3.897,,,,233.172,0.0,0.0,,,,,288.103,278.0,301.0,,,0.0,5186.0,5214.0,0.0,15.0,0.0,0.0,0.0,0.0,29.0,0.0,0.0,0.0,29.0,0.0,0.0,0.0,0.0,0.0,"solar2_v,lipo2_v"
2021-07-21T00:00:00Z,28.0,28.0,,,1.766,4.483,,,,,,,,,,,3.894,3.894,3.895,,,,231.107,0.0,0.0,,,,,312.107,300.0,354.0,,,0.0,5215.0,5242.0,0.0,28.0,0.0,0.0,0.0,0.0,28.0,0.0,0.0,0.0,28.0,0.0,0.0,0.0,0.0,0.0,"solar2_v,lipo2_v"
2021-07-21T01:00:00Z,29.0,29.0,,,2.467,4.849,,,,,,,,,,,3.894,3.892,3.895,,,,226.621,0.0,0.0,,,,,352.483,345.0,361.0,,,0.0,5243.0,5271.0,0.0,29.0,0.0,0.0,0.0,0.0,29.0,0.0,0.0,0.0,29.0,0.0,0.0,0.0,0.0,0.0,"solar2_v,lipo2_v"
2021-07-21T02:00:00Z,28.0,28.0,,,3.649,5.22,,,,,,,,,,,3.895,3.894,3.895,,,,223.393,0.0,0.0,,,,,393.429,355.0,420.0,,,0.0,5272.0,5299.0,0.0,28.0,0.0,0.0,0.0,0.0,28.0,0.0,0.0,0.0,28.0,0.0,0.0,0.0,0.0,0.0,"solar2_v,lipo2_v"
2021-07-21T03:00:00Z,29.0,29.0,,,1.288,2.704,,,,,,,,,,,3.892,3.889,3.895,,,,229.31,0.0,0.0,,,,,325.69,283.0,420.0,,,0.0,5300.0,5328.0,0.0,27.0,0.0,0.0,0.0,0.0,29.0,0.0,0.0,0.0,29.0,0.0,0.0,0.0,0.0,0.0,"solar2_v,lipo2_v"
2021-07-21T04:00:00Z,28.0,28.0,,,2.565,3.17,,,,,,,,,,,3.89,3.889,3.892,,,,230.821,0.0,0.0,,,,,311.714,300.0,326.0,,,0.0,5329.0,5356.0,0.0,28.0,0.0,0.0,0.0,0.0,28.0,0.0,0.0,0.0,28.0,0.0,0.0,0.0,0.0,0.0,"solar2_v,lipo2_v"
2021-07-21T05:00:00Z,29.0,29.0,,,3.11,4.021,,,,,,,,,,,3.891,3.889,3.892,,,,226.103,0.0,0.0,,,,,356.655,327.0,369.0,,,0.0,5357.0,5385.0,0.0,29.0,0.0,0.0,0.0,0.0,29.0,0.0,0.0,0.0,29.0,0.0,0.0,0.0,0.0,0.0,"solar2_v,lipo2_v"
2021-07-21T06:00:00Z,22.0,22.0,,,2.006,3.332,,,,,,,,,,,3.89,3.889,3.892,,,,225.636,0.0,0.0,,,,,362.591,354.0,372.0,,,0.0,5386.0,5412.0,0.0,22.0,0.0,0.0,0.0,0.0,22.0,0.0,0.0,0.0,22.0,0.0,0.0,0.0,0.0,0.0,"solar2_v,lipo2_v"
2021-07-21T07:00:00Z,17.0,17.0,,,2.258,3.124,,,,,,,,,,,3.888,3.887,3.89,,,,226.353,0.0,0.0,,,,,354.412,344.0,367.0,,,0.0,5413.0,5440.0,0.0,17.0,0.0,0.0,0.0,0.0,17.0,0.0,0.0,0.0,17.0,0.0,0.0,0.0,0.0,0.0,"solar2_v,lipo2_v"
2021-07-21T08:00:00Z,26.0,26.0,,,1.497,1.863,,,,,,,,,,,3.887,3.885,3.889,,,,228.346,0.0,0.0,,,,,337.0,328.0,343.0,,,0.0,5441.0,5469.0,0.0,26.0,0.0,0.0,0.0,0.0,26.0,0.0,0.0,0.0,26.0,0.0,0.0,0.0,0.0,0.0,"solar2_v,lipo2_v"
2021-07-21T09:00:00Z,28.0,28.0,,,0.767,0.944,,,,,,,,,,,3.885,3.882,3.887,,,,229.5,0.0,0.0,,,,,323.214,315.0,331.0,,,0.0,5470.0,5497.0,0.0,28.0,0.0,0.0,0.0,0.0,28.0,0.0,0.0,0.0,28.0,0.0,0.0,0.0,0.0,0.0,"solar2_v,lipo2_v"
2021-07-21T10:00:00Z,28.0,28.0,,,0.115,0.541,,,,,,,,,,,3.882,3.88,3.884,,,,231.536,0.0,0.0,,,,,306.714,301.0,314.0,,,0.0,5498.0,5526.0,0.0,7.0,0.0,0.0,0.0,0.0,28.0,0.0,0.0,0.0,28.0,0.0,0.0,0.0,0.0,0.0,"solar2_v,lipo2_v"
2021-07-21T11:00:00Z,28.0,28.0,,,0.0,0.0,,,,,,,,,,,3.881,3.879,3.884,,,,232.607,0.0,0.0,,,,,299.75,297.0,301.0,,,0.0,5527.0,5554.0,0.0,0.0,0.0,0.0,0.0,0.0,28.0,0.0,0.0,0.0,28.0,0.0,0.0,0.0,0.0,0.0,"solar2_v,lipo2_v"
2021-07-21T12:00:00Z,27.0,27.0,,,0.0,0.0,,,,,,,,,,,3.88,3.877,3.882,,,,232.926,0.0,0.0,,,,,296.074,296.0,297.0,,,0.0,5555.0,5583.0,0.0,0.0,0.0,0.0,0.0,0.0,27.0,0.0,0.0,0.0,27.0,0.0,0.0,0.0,0.0,0.0,"solar2_v,lipo2_v"
2021-07-21T13:00:00Z,23.0,23.0,,,0.0,0.0,,,,,,,,,,,3.879,3.877,3.88,,,,232.783,0.0,0.0,,,,,295.391,294.0,297.0,,,0.0,5584.0,5611.0,0.0,0.0,0.0,0.0,0.0,0.0,23.0,0.0,0.0,0.0,23.0,0.0,0.0,0.0,0.0,0.0,"solar2_v,lipo2_v"
2021-07-21T14:00:00Z,20.0,20.0,,,0.0,0.0,,,,,,,,,,,3.878,3.875,3.879,,,,233.15,0.0,0.0,,,,,291.4,289.0,296.0,,,0.0,5613.0,5639.0,0.0,0.0,0.0,0.0,0.0,0.0,20.0,0.0,0.0,0.0,20.0,0.0,0.0,0.0,0.0,0.0,"solar2_v,lipo2_v"
2021-07-21T15:00:00Z,26.0,26.0,,,0.0,0.0,,,,,,,,,,,3.876,3.875,3.879,,,,233.077,0.0,0.0,,,,,289.346,288.0,291.0,,,0.0,5640.0,5668.0,0.0,0.0,0.0,0.0,0.0,0.0,26.0,0.0,0.0,0.0,26.0,0.0,0.0,0.0,0.0,0.0,"solar2_v,lipo2_v"
2021-07-21T16:00:00Z,28.0,28.0,,,0.0,0.0,,,,,,,,,,,3.875,3.874,3.877,,,,233.179,0.0,0.0,,,,,289.25,288.0,290.0,,,0.0,5670.0,5697.0,0.0,0.0,0.0,0.0,0.0,0.0,28.0,0.0,0.0,0.0,28.0,0.0,0.0,0.0,0.0,0.0,"solar2_v,lipo2_v"
2021-07-21T17:00:00Z,28.0,28.0,,,0.0,0.0,,,,,,,,,,,3.875,3.872,3.877,,,,233.179,0.0,0.0,,,,,287.536,286.0,289.0,,,0.0,5698.0,5725.0,0.0,0.0,0.0,0.0,0.0,0.0,28.0,0.0,0.0,0.0,28.0,0.0,0.0,0.0,0.0,0.0,"solar2_v,lipo2_v"
2021-07-21T18:00:00Z,29.0,29.0,,,0.0,0.0,,,,,,,,,,,3.875,3.872,3.877,,,,233.483,0.0,0.0,,,,,286.069,286.0,287.0,,,0.0,5726.0,5754.0,0.0,0.0,0.0,0.0,0.0,0.0,29.0,0.0,0.0,0.0,29.0,0.0,0.0,0.0,0.0,0.0,"solar2_v,lipo2_v"
2021-07-21T19:00:00Z,28.0,28.0,,,0.0,0.0,,,,,,,,,,,3.874,3.871,3.875,,,,233.464,0.0,0.0,,,,,286.0,286.0,286.0,,,0.0,5755.0,5782.0,0.0,0.0,0.0,0.0,0.0,0.0,28.0,0.0,0.0,0.0,28.0,0.0,0.0,0.0,0.0,0.0,"solar2_v,lipo2_v"
2021-07-21T20:00:00Z,28.0,28.0,,,0.0,0.0,,,,,,,,,,,3.873,3.872,3.875,,,,233.143,0.0,0.0,,,,,286.0,286.0,286.0,,,0.0,5783.0,5811.0,0.0,0.0,0.0,0.0,0.0,0.0,28.0,0.0,0.0,0.0,28.0,0.0,0.0,0.0,0.0,0.0,"solar2_v,lipo2_v"
2021-07-21T21:00:00Z,28.0,28.0,,,0.0,0.0,,,,,,,,,,,3.873,3.871,3.874,,,,233.607,0.0,0.0,,,,,283.071,281.0,286.0,,,0.0,5812.0,5839.0,0.0,0.0,0.0,0.0,0.0,0.0,28.0,0.0,0.0,0.0,28.0,0.0,0.0,0.0,0.0,0.0,"solar2_v,lipo2_v"
2021-07-21T22:00:00Z,29.0,29.0,,,0.0,0.0,,,,,,,,,,,3.872,3.871,3.874,,,,233.897,0.0,0.0,,,,,282.828,281.0,286.0,,,0.0,5840.0,5868.0,0.0,0.0,0.0,0.0,0.0,0.0,29.0,0.0,0.0,0.0,29.0,0.0,0.0,0.0,0.0,0.0,"solar2_v,lipo2_v"
2021-07-21T23:00:00Z,25.0,25.0,,,0.081,0.495,,,,,,,,,,,3.872,3.871,3.874,,,,233.44,0.0,0.0,,,,,286.76,283.0,290.0,,,0.0,5869.0,5896.0,0.0,5.0,0.0,0.0,0.0,0.0,25.0,0.0,0.0,0.0,25.0,0.0,0.0,0.0,0.0,0.0,"solar2_v,lipo2_v"
2021-07-22T00:00:00Z,29.0,29.0,,,0.0,0.0,,,,,,,,,,,3.871,3.871,3.874,,,,236.862,0.0,0.0,,,,,261.655,247.0,282.0,,,0.0,5897.0,5925.0,0.0,0.0,0.0,0.0,0.0,0.0,29.0,0.0,0.0,0.0,29.0,0.0,0.0,0.0,0.0,0.0,"solar2_v,lipo2_v"
2021-07-22T01:00:00Z,26.0,26.0,,,0.212,0.68,,,,,,,,,,,3.87,3.869,3.871,,,,238.731,0.0,0.0,,,,,246.962,246.0,247.0,,,0.0,5926.0,5953.0,0.0,13.0,0.0,0.0,0.0,0.0,26.0,0.0,0.0,0.0,26.0,0.0,0.0,0.0,0.0,0.0,"solar2_v,lipo2_v"
2021-07-22T02:00:00Z,27.0,27.0,,,2.58,4.483,,,,,,,,,,,3.871,3.869,3.872,,,,234.222,0.0,0.0,,,,,283.852,248.0,309.0,,,0.0,5954.0,5982.0,0.0,27.0,0.0,0.0,0.0,0.0,27.0,0.0,0.0,0.0,27.0,0.0,0.0,0.0,0.0,0.0,"solar2_v,lipo2_v"
2021-07-22T03:00:00Z,24.0,24.0,,,1.6,2.271,,,,,,,,,,,3.871,3.869,3.871,,,,233.417,0.0,0.0,,,,,285.833,281.0,294.0,,,0.0,5983.0,6010.0,0.0,24.0,0.0,0.0,0.0,0.0,24.0,0.0,0.0,0.0,24.0,0.0,0.0,0.0,0.0,0.0,"solar2_v,lipo2_v"
2021-07-22T04:00:00Z,27.0,27.0,,,2.122,2.699,,,,,,,,,,,3.871,3.869,3.871,,,,231.778,0.0,0.0,,,,,303.259,286.0,314.0,,,0.0,6011.0,6039.0,0.0,27.0,0.0,0.0,0.0,0.0,27.0,0.0,0.0,0.0,27.0,0.0,0.0,0.0,0.0,0.0,"solar2_v,lipo2_v"
2021-07-22T05:00:00Z,24.0,24.0,,,1.791,2.13,,,,,,,,,,,3.871,3.869,3.871,,,,230.833,0.0,0.0,,,,,316.167,313.0,323.0,,,0.0,6040.0,6067.0,0.0,24.0,0.0,0.0,0.0,0.0,24.0,0.0,0.0,0.0,24.0,0.0,0.0,0.0,0.0,0.0,"solar2_v,lipo2_v"
2021-07-22T06:00:00Z,26.0,26.0,,,2.305,2.816,,,,,,,,,,,3.871,3.869,3.872,,,,228.808,0.0,0.0,,,,,329.192,322.0,342.0,,,0.0,6068.0,6094.0,0.0,26.0,0.0,0.0,0.0,0.0,26.0,0.0,0.0,0.0,26.0,0.0,0.0,0.0,0.0,0.0,"solar2_v,lipo2_v"
2021-07-22T07:00:00Z,25.0,25.0,,,2.528,3.25,,,,,,,,,,,3.871,3.871,3.872,,,,226.84,0.0,0.0,,,,,352.6,342.0,364.0,,,0.0,6096.0,6124.0,0.0,25.0,0.0,0.0,0.0,0.0,25.0,0.0,0.0,0.0,25.0,0.0,0.0,0.0,0.0,0.0,"solar2_v,lipo2_v"
2021-07-22T08:00:00Z,24.0,24.0,,,1.593,2.478,,,,,,,,,,,3.871,3.869,3.871,,,,227.5,0.0,0.0,,,,,345.125,333.0,355.0,,,0.0,6125.0,6152.0,0.0,24.0,0.0,0.0,0.0,0.0,24.0,0.0,0.0,0.0,24.0,0.0,0.0,0.0,0.0,0.0,"solar2_v,lipo2_v"
2021-07-22T09:00:00Z,26.0,26.0,,,1.005,1.235,,,,,,,,,,,3.871,3.869,3.872,,,,229.269,0.0,0.0,,,,,331.269,327.0,333.0,,,0.0,6153.0,6180.0,0.0,26.0,0.0,0.0,0.0,0.0,26.0,0.0,0.0,0.0,26.0,0.0,0.0,0.0,0.0,0.0,"solar2_v,lipo2_v"
2021-07-22T10:00:00Z,27.0,27.0,,,0.372,0.78,,,,,,,,,,,3.87,3.869,3.871,,,,229.889,0.0,0.0,,,,,321.519,315.0,327.0,,,0.0,6181.0,6209.0,0.0,20.0,0.0,0.0,0.0,0.0,27.0,0.0,0.0,0.0,27.0,0.0,0.0,0.0,0.0,0.0,"solar2_v,lipo2_v"
2021-07-22T11:00:00Z,24.0,24.0,,,0.0,0.0,,,,,,,,,,,3.869,3.869,3.871,,,,231.208,0.0,0.0,,,,,309.167,306.0,314.0,,,0.0,6210.0,6237.0,0.0,0.0,0.0,0.0,0.0,0.0,24.0,0.0,0.0,0.0,24.0,0.0,0.0,0.0,0.0,0.0,"solar2_v,lipo2_v"
2021-07-22T12:00:00Z,25.0,25.0,,,0.0,0.0,,,,,,,,,,,3.869,3.867,3.869,,,,231.8,0.0,0.0,,,,,305.48,304.0,306.0,,,0.0,6238.0,6266.0,0.0,0.0,0.0,0.0,0.0,0.0,25.0,0.0,0.0,0.0,25.0,0.0,0.0,0.0,0.0,0.0,"solar2_v,lipo2_v"
2021-07-22T13:00:00Z,24.0,24.0,,,0.0,0.0,,,,,,,,,,,3.869,3.867,3.869,,,,232.125,0.0,0.0,,,,,301.167,300.0,303.0,,,0.0,6268.0,6294.0,0.0,0.0,0.0,0.0,0.0,0.0,24.0,0.0,0.0,0.0,24.0,0.0,0.0,0.0,0.0,0.0,"solar2_v,lipo2_v"
2021-07-22T14:00:00Z,26.0,26.0,,,0.0,0.0,,,,,,,,,,,3.868,3.867,3.869,,,,232.885,0.0,0.0,,,,,296.462,293.0,300.0,,,0.0,6295.0,6322.0,0.0,0.0,0.0,0.0,0.0,0.0,26.0,0.0,0.0,0.0,26.0,0.0,0.0,0.0,0.0,0.0,"solar2_v,lipo2_v"
2021-07-22T15:00:00Z,27.0,27.0,,,0.0,0.0,,,,,,,,,,,3.867,3.866,3.867,,,,233.074,0.0,0.0,,,,,290.296,288.0,292.0,,,0.0,6324.0,6351.0,0.0,0.0,0.0,0.0,0.0,0.0,27.0,0.0,0.0,0.0,27.0,0.0,0.0,0.0,0.0,0.0,"solar2_v,lipo2_v"
2021-07-22T16:00:00Z,25.0,25.0,,,0.0,0.0,,,,,,,,,,,3.866,3.864,3.867,,,,233.12,0.0,0.0,,,,,290.96,290.0,291.0,,,0.0,6353.0,6379.0,0.0,0.0,0.0,0.0,0.0,0.0,25.0,0.0,0.0,0.0,25.0,0.0,0.0,0.0,0.0,0.0,"solar2_v,lipo2_v"
2021-07-22T17:00:00Z,29.0,29.0,,,0.0,0.0,,,,,,,,,,,3.866,3.864,3.867,,,,233.207,0.0,0.0,,,,,290.103,289.0,291.0,,,0.0,6380.0,6408.0,0.0,0.0,0.0,0.0,0.0,0.0,29.0,0.0,0.0,0.0,29.0,0.0,0.0,0.0,0.0,0.0,"solar2_v,lipo2_v"
2021-07-22T18:00:00Z,29.0,29.0,,,0.0,0.0,,,,,,,,,,,3.865,3.862,3.866,,,,233.207,0.0,0.0,,,,,288.655,288.0,289.0,,,0.0,6409.0,6437.0,0.0,0.0,0.0,0.0,0.0,0.0,29.0,0.0,0.0,0.0,29.0,0.0,0.0,0.0,0.0,0.0,"solar2_v,lipo2_v"
2021-07-22T19:00:00Z,28.0,28.0,,,0.0,0.0,,,,,,,,,,,3.862,3.861,3.864,,,,233.143,0.0,0.0,,,,,289.607,289.0,290.0,,,0.0,6438.0,6465.0,0.0,0.0,0.0,0.0,0.0,0.0,28.0,0.0,0.0,0.0,28.0,0.0,0.0,0.0,0.0,0.0,"solar2_v,lipo2_v"
2021-07-22T20:00:00Z,28.0,28.0,,,0.0,0.0,,,,,,,,,,,3.862,3.859,3.864,,,,233.393,0.0,0.0,,,,,288.5,286.0,290.0,,,0.0,6466.0,6493.0,0.0,0.0,0.0,0.0,0.0,0.0,28.0,0.0,0.0,0.0,28.0,0.0,0.0,0.0,0.0,0.0,"solar2_v,lipo2_v"
2021-07-22T21:00:00Z,29.0,29.0,,,0.0,0.0,,,,,,,,,,,3.861,3.857,3.862,,,,233.31,0.0,0.0,,,,,286.0,285.0,287.0,,,0.0,6494.0,6522.0,0.0,0.0,0.0,0.0,0.0,0.0,29.0,0.0,0.0,0.0,29.0,0.0,0.0,0.0,0.0,0.0,"solar2_v,lipo2_v"
2021-07-22T22:00:00Z,29.0,29.0,,,0.0,0.0,,,,,,,,,,,3.861,3.857,3.862,,,,233.172,0.0,0.0,,,,,285.517,284.0,286.0,,,0.0,6523.0,6551.0,0.0,0.0,0.0,0.0,0.0,0.0,29.0,0.0,0.0,0.0,29.0,0.0,0.0,0.0,0.0,0.0,"solar2_v,lipo2_v"
2021-07-22T23:00:00Z,28.0,28.0,,,0.273,0.713,,,,,,,,,,,3.86,3.859,3.862,,,,233.25,0.0,0.0,,,,,289.107,286.0,296.0,,,0.0,6552.0,6579.0,0.0,15.0,0.0,0.0,0.0,0.0,28.0,0.0,0.0,0.0,28.0,0.0,0.0,0.0,0.0,0.0,"solar2_v,lipo2_v"
2021-07-23T00:00:00Z,29.0,29.0,,,0.796,0.957,,,,,,,,,,,3.86,3.857,3.862,,,,232.31,0.0,0.0,,,,,300.448,296.0,301.0,,,0.0,6580.0,6608.0,0.0,29.0,0.0,0.0,0.0,0.0,29.0,0.0,0.0,0.0,29.0,0.0,0.0,0.0,0.0,0.0,"solar2_v,lipo2_v"
2021-07-23T01:00:00Z,27.0,27.0,,,2.102,4.575,,,,,,,,,,,3.86,3.857,3.861,,,,229.778,0.0,0.0,,,,,322.926,301.0,354.0,,,0.0,6609.0,6636.0,0.0,27.0,0.0,0.0,0.0,0.0,27.0,0.0,0.0,0.0,27.0,0.0,0.0,0.0,0.0,0.0,"solar2_v,lipo2_v"
2021-07-23T02:00:00Z,28.0,28.0,,,2.737,4.847,,,,,,,,,,,3.861,3.859,3.862,,,,226.429,0.0,0.0,,,,,356.964,346.0,369.0,,,0.0,6637.0,6665.0,0.0,28.0,0.0,0.0,0.0,0.0,28.0,0.0,0.0,0.0,28.0,0.0,0.0,0.0,0.0,0.0,"solar2_v,lipo2_v"
2021-07-23T03:00:00Z,27.0,27.0,,,2.118,3.699,,,,,,,,,,,3.86,3.856,3.862,,,,226.556,0.0,0.0,,,,,354.148,280.0,374.0,,,0.0,6666.0,6693.0,0.0,23.0,0.0,0.0,0.0,0.0,27.0,0.0,0.0,0.0,27.0,0.0,0.0,0.0,0.0,0.0,"solar2_v,lipo2_v"
2021-07-23T04:00:00Z,24.0,24.0,,,2.067,4.036,,,,,,,,,,,3.855,3.854,3.857,,,,233.208,0.0,0.0,,,,,289.25,272.0,334.0,,,0.0,6694.0,6721.0,0.0,24.0,0.0,0.0,0.0,0.0,24.0,0.0,0.0,0.0,24.0,0.0,0.0,0.0,0.0,0.0,"solar2_v,lipo2_v"
2021-07-23T05:00:00Z,24.0,24.0,,,1.134,3.804,,,,,,,,,,,3.854,3.852,3.857,,,,231.333,0.0,0.0,,,,,309.458,257.0,353.0,,,0.0,6722.0,6750.0,0.0,10.0,0.0,0.0,0.0,0.0,24.0,0.0,0.0,0.0,24.0,0.0,0.0,0.0,0.0,0.0,"solar2_v,lipo2_v"
2021-07-23T06:00:00Z,25.0,25.0,,,0.0,0.0,,,,,,,,,,,3.851,3.847,3.854,,,,237.28,0.0,0.0,,,,,259.6,254.0,263.0,,,0.0,6751.0,6778.0,0.0,0.0,0.0,0.0,0.0,0.0,25.0,0.0,0.0,0.0,25.0,0.0,0.0,0.0,0.0,0.0,"solar2_v,lipo2_v"
2021-07-23T07:00:00Z,28.0,28.0,,,0.525,0.602,,,,,,,,,,,3.85,3.849,3.852,,,,235.679,0.0,0.0,,,,,269.821,264.0,273.0,,,0.0,6779.0,6807.0,0.0,28.0,0.0,0.0,0.0,0.0,28.0,0.0,0.0,0.0,28.0,0.0,0.0,0.0,0.0,0.0,"solar2_v,lipo2_v"
2021-07-23T08:00:00Z,23.0,23.0,,,0.607,0.68,,,,,,,,,,,3.849,3.847,3.852,,,,234.304,0.0,0.0,,,,,275.565,273.0,280.0,,,0.0,6808.0,6835.0,0.0,23.0,0.0,0.0,0.0,0.0,23.0,0.0,0.0,0.0,23.0,0.0,0.0,0.0,0.0,0.0,"solar2_v,lipo2_v"
2021-07-23T09:00:00Z,26.0,26.0,,,0.541,0.743,,,,,,,,,,,3.848,3.847,3.851,,,,234.0,0.0,0.0,,,,,282.231,279.0,286.0,,,0.0,6837.0,6863.0,0.0,26.0,0.0,0.0,0.0,0.0,26.0,0.0,0.0,0.0,26.0,0.0,0.0,0.0,0.0,0.0,"solar2_v,lipo2_v"
2021-07-23T10:00:00Z,27.0,27.0,,,0.189,0.356,,,,,,,,,,,3.848,3.847,3.851,,,,234.519,0.0,0.0,,,,,283.593,281.0,286.0,,,0.0,6864.0,6892.0,0.0,15.0,0.0,0.0,0.0,0.0,27.0,0.0,0.0,0.0,27.0,0.0,0.0,0.0,0.0,0.0,"solar2_v,lipo2_v"
2021-07-23T11:00:00Z,26.0,26.0,,,0.0,0.0,,,,,,,,,,,3.847,3.846,3.849,,,,234.115,0.0,0.0,,,,,280.923,280.0,284.0,,,0.0,6893.0,6920.0,0.0,0.0,0.0,0.0,0.0,0.0,26.0,0.0,0.0,0.0,26.0,0.0,0.0,0.0,0.0,0.0,"solar2_v,lipo2_v"
2021-07-23T12:00:00Z,29.0,29.0,,,0.0,0.0,,,,,,,,,,,3.846,3.846,3.847,,,,234.172,0.0,0.0,,,,,281.586,281.0,283.0,,,0.0,6921.0,6949.0,0.0,0.0,0.0,0.0,0.0,0.0,29.0,0.0,0.0,0.0,29.0,0.0,0.0,0.0,0.0,0.0,"solar2_v,lipo2_v"
2021-07-23T13:00:00Z,24.0,24.0,,,0.0,0.0,,,,,,,,,,,3.845,3.844,3.846,,,,234.25,0.0,0.0,,,,,281.417,281.0,283.0,,,0.0,6950.0,6977.0,0.0,0.0,0.0,0.0,0.0,0.0,24.0,0.0,0.0,0.0,24.0,0.0,0.0,0.0,0.0,0.0,"solar2_v,lipo2_v"
2021-07-23T14:00:00Z,25.0,25.0,,,0.0,0.0,,,,,,,,,,,3.844,3.842,3.844,,,,234.36,0.0,0.0,,,,,284.28,281.0,287.0,,,0.0,6978.0,7005.0,0.0,0.0,0.0,0.0,0.0,0.0,25.0,0.0,0.0,0.0,25.0,0.0,0.0,0.0,0.0,0.0,"solar2_v,lipo2_v"
2021-07-23T15:00:00Z,20.0,20.0,,,0.0,0.0,,,,,,,,,,,3.844,3.842,3.846,,,,233.75,0.0,0.0,,,,,287.1,287.0,288.0,,,0.0,7006.0,7032.0,0.0,0.0,0.0,0.0,0.0,0.0,20.0,0.0,0.0,0.0,20.0,0.0,0.0,0.0,0.0,0.0,"solar2_v,lipo2_v"
2021-07-23T16:00:00Z,29.0,29.0,,,0.0,0.0,,,,,,,,,,,3.842,3.841,3.844,,,,233.862,0.0,0.0,,,,,286.828,286.0,287.0,,,0.0,7034.0,7062.0,0.0,0.0,0.0,0.0,0.0,0.0,29.0,0.0,0.0,0.0,29.0,0.0,0.0,0.0,0.0,0.0,"solar2_v,lipo2_v"
2021-07-23T17:00:00Z,28.0,28.0,,,0.0,0.0,,,,,,,,,,,3.842,3.841,3.844,,,,233.357,0.0,0.0,,,,,287.5,287.0,288.0,,,0.0,7063.0,7090.0,0.0,0.0,0.0,0.0,0.0,0.0,28.0,0.0,0.0,0.0,28.0,0.0,0.0,0.0,0.0,0.0,"solar2_v,lipo2_v"
2021-07-23T18:00:00Z,29.0,29.0,,,0.0,0.0,,,,,,,,,,,3.841,3.839,3.842,,,,233.655,0.0,0.0,,,,,286.966,286.0,287.0,,,0.0,7091.0,7119.0,0.0,0.0,0.0,0.0,0.0,0.0,29.0,0.0,0.0,0.0,29.0,0.0,0.0,0.0,0.0,0.0,"solar2_v,lipo2_v"
2021-07-23T19:00:00Z,29.0,29.0,,,0.0,0.0,,,,,,,,,,,3.84,3.839,3.841,,,,233.862,0.0,0.0,,,,,286.828,286.0,287.0,,,0.0,7120.0,7148.0,0.0,0.0,0.0,0.0,0.0,0.0,29.0,0.0,0.0,0.0,29.0,0.0,0.0,0.0,0.0,0.0,"solar2_v,lipo2_v"
2021-07-23T20:00:00Z,28.0,28.0,,,0.0,0.0,,,,,,,,,,,3.839,3.834,3.841,,,,233.714,0.0,0.0,,,,,286.714,286.0,287.0,,,0.0,7149.0,7176.0,0.0,0.0,0.0,0.0,0.0,0.0,28.0,0.0,0.0,0.0,28.0,0.0,0.0,0.0,0.0,0.0,"solar2_v,lipo2_v"
2021-07-23T21:00:00Z,29.0,29.0,,,0.0,0.0,,,,,,,,,,,3.838,3.836,3.839,,,,233.759,0.0,0.0,,,,,286.586,286.0,287.0,,,0.0,7177.0,7205.0,0.0,0.0,0.0,0.0,0.0,0.0,29.0,0.0,0.0,0.0,29.0,0.0,0.0,0.0,0.0,0.0,"solar2_v,lipo2_v"
2021-07-23T22:00:00Z,28.0,28.0,,,0.0,0.0,,,,,,,,,,,3.837,3.833,3.838,,,,234.0,0.0,0.0,,,,,286.857,286.0,287.0,,,0.0,7206.0,7233.0,0.0,0.0,0.0,0.0,0.0,0.0,28.0,0.0,0.0,0.0,28.0,0.0,0.0,0.0,0.0,0.0,"solar2_v,lipo2_v"
2021-07-23T23:00:00Z,29.0,29.0,,,0.235,0.797,,,,,,,,,,,3.837,3.836,3.838,,,,233.655,0.0,0.0,,,,,289.621,287.0,297.0,,,0.0,7234.0,7262.0,0.0,13.0,0.0,0.0,0.0,0.0,29.0,0.0,0.0,0.0,29.0,0.0,0.0,0.0,0.0,0.0,"solar2_v,lipo2_v"
2021-07-24T00:00:00Z,29.0,29.0,,,2.816,4.372,,,,,,,,,,,3.837,3.834,3.839,,,,229.069,0.0,0.0,,,,,333.828,298.0,372.0,,,0.0,7263.0,7291.0,0.0,29.0,0.0,0.0,0.0,0.0,29.0,0.0,0.0,0.0,29.0,0.0,0.0,0.0,0.0,0.0,"solar2_v,lipo2_v"
2021-07-24T01:00:00Z,28.0,28.0,,,3.472,5.231,,,,,,,,,,,3.839,3.836,3.841,,,,223.214,0.0,0.0,,,,,392.714,374.0,407.0,,,0.0,7292.0,7319.0,0.0,28.0,0.0,0.0,0.0,0.0,28.0,0.0,0.0,0.0,28.0,0.0,0.0,0.0,0.0,0.0,"solar2_v,lipo2_v"
2021-07-24T02:00:00Z,16.0,16.0,,,3.36,5.31,,,,,,,,,,,3.839,3.836,3.841,,,,222.25,0.0,0.0,,,,,408.0,394.0,415.0,,,0.0,7320.0,7346.0,0.0,16.0,0.0,0.0,0.0,0.0,16.0,0.0,0.0,0.0,16.0,0.0,0.0,0.0,0.0,0.0,"solar2_v,lipo2_v"
2021-07-24T03:00:00Z,29.0,29.0,,,2.841,4.139,,,,,,,,,,,3.837,3.834,3.839,,,,223.931,0.0,0.0,,,,,379.552,367.0,399.0,,,0.0,7347.0,7375.0,0.0,29.0,0.0,0.0,0.0,0.0,29.0,0.0,0.0,0.0,29.0,0.0,0.0,0.0,0.0,0.0,"solar2_v,lipo2_v"
2021-07-24T04:00:00Z,27.0,27.0,,,2.745,3.704,,,,,,,,,,,3.836,3.834,3.838,,,,224.148,0.0,0.0,,,,,382.037,376.0,387.0,,,0.0,7376.0,7403.0,0.0,27.0,0.0,0.0,0.0,0.0,27.0,0.0,0.0,0.0,27.0,0.0,0.0,0.0,0.0,0.0,"solar2_v,lipo2_v"
2021-07-24T05:00:00Z,26.0,26.0,,,3.164,3.901,,,,,,,,,,,3.835,3.833,3.838,,,,224.038,0.0,0.0,,,,,383.192,377.0,394.0,,,0.0,7404.0,7432.0,0.0,26.0,0.0,0.0,0.0,0.0,26.0,0.0,0.0,0.0,26.0,0.0,0.0,0.0,0.0,0.0,"solar2_v,lipo2_v"
2021-07-24T06:00:00Z,22.0,22.0,,,3.033,3.709,,,,,,,,,,,3.832,3.829,3.836,,,,224.409,0.0,0.0,,,,,379.409,373.0,387.0,,,0.0,7433.0,7460.0,0.0,22.0,0.0,0.0,0.0,0.0,22.0,0.0,0.0,0.0,22.0,0.0,0.0,0.0,0.0,0.0,"solar2_v,lipo2_v"
2021-07-24T07:00:00Z,24.0,24.0,,,2.176,3.488,,,,,,,,,,,3.831,3.829,3.834,,,,225.0,0.0,0.0,,,,,369.958,355.0,382.0,,,0.0,7461.0,7488.0,0.0,24.0,0.0,0.0,0.0,0.0,24.0,0.0,0.0,0.0,24.0,0.0,0.0,0.0,0.0,0.0,"solar2_v,lipo2_v"
2021-07-24T08:00:00Z,28.0,28.0,,,1.224,1.861,,,,,,,,,,,3.829,3.826,3.833,,,,227.071,0.0,0.0,,,,,354.714,348.0,365.0,,,0.0,7489.0,7517.0,0.0,28.0,0.0,0.0,0.0,0.0,28.0,0.0,0.0,0.0,28.0,0.0,0.0,0.0,0.0,0.0,"solar2_v,lipo2_v"
2021-07-24T09:00:00Z,28.0,28.0,,,0.819,1.259,,,,,,,,,,,3.828,3.826,3.829,,,,227.857,0.0,0.0,,,,,342.5,335.0,348.0,,,0.0,7518.0,7545.0,0.0,28.0,0.0,0.0,0.0,0.0,28.0,0.0,0.0,0.0,28.0,0.0,0.0,0.0,0.0,0.0,"solar2_v,lipo2_v"
2021-07-24T10:00:00Z,27.0,27.0,,,0.289,0.579,,,,,,,,,,,3.826,3.824,3.828,,,,228.63,0.0,0.0,,,,,328.259,323.0,335.0,,,0.0,7546.0,7574.0,0.0,17.0,0.0,0.0,0.0,0.0,27.0,0.0,0.0,0.0,27.0,0.0,0.0,0.0,0.0,0.0,"solar2_v,lipo2_v"
2021-07-24T11:00:00Z,26.0,26.0,,,0.0,0.0,,,,,,,,,,,3.824,3.823,3.826,,,,230.769,0.0,0.0,,,,,316.923,314.0,322.0,,,0.0,7575.0,7602.0,0.0,0.0,0.0,0.0,0.0,0.0,26.0,0.0,0.0,0.0,26.0,0.0,0.0,0.0,0.0,0.0,"solar2_v,lipo2_v"
2021-07-24T12:00:00Z,18.0,18.0,,,0.0,0.0,,,,,,,,,,,3.822,3.821,3.824,,,,231.278,0.0,0.0,,,,,312.667,309.0,314.0,,,0.0,7603.0,7631.0,0.0,0.0,0.0,0.0,0.0,0.0,18.0,0.0,0.0,0.0,18.0,0.0,0.0,0.0,0.0,0.0,"solar2_v,lipo2_v"
2021-07-24T13:00:00Z,26.0,26.0,,,0.0,0.0,,,,,,,,,,,3.82,3.819,3.823,,,,232.0,0.0,0.0,,,,,305.038,292.0,309.0,,,0.0,7632.0,7659.0,0.0,0.0,0.0,0.0,0.0,0.0,26.0,0.0,0.0,0.0,26.0,0.0,0.0,0.0,0.0,0.0,"solar2_v,lipo2_v"
2021-07-24T14:00:00Z,24.0,24.0,,,0.0,0.0,,,,,,,,,,,3.819,3.818,3.821,,,,232.042,0.0,0.0,,,,,301.083,300.0,303.0,,,0.0,7660.0,7687.0,0.0,0.0,0.0,0.0,0.0,0.0,24.0,0.0,0.0,0.0,24.0,0.0,0.0,0.0,0.0,0.0,"solar2_v,lipo2_v"
2021-07-24T15:00:00Z,23.0,23.0,,,0.0,0.0,,,,,,,,,,,3.818,3.818,3.819,,,,232.565,0.0,0.0,,,,,301.0,301.0,301.0,,,0.0,7688.0,7715.0,0.0,0.0,0.0,0.0,0.0,0.0,23.0,0.0,0.0,0.0,23.0,0.0,0.0,0.0,0.0,0.0,"solar2_v,lipo2_v"
2021-07-24T16:00:00Z,27.0,27.0,,,0.0,0.0,,,,,,,,,,,3.818,3.816,3.819,,,,232.593,0.0,0.0,,,,,300.815,300.0,301.0,,,0.0,7716.0,7744.0,0.0,0.0,0.0,0.0,0.0,0.0,27.0,0.0,0.0,0.0,27.0,0.0,0.0,0.0,0.0,0.0,"solar2_v,lipo2_v"
2021-07-24T17:00:00Z,28.0,28.0,,,0.0,0.0,,,,,,,,,,,3.817,3.816,3.818,,,,233.071,0.0,0.0,,,,,298.143,296.0,300.0,,,0.0,7745.0,7772.0,0.0,0.0,0.0,0.0,0.0,0.0,28.0,0.0,0.0,0.0,28.0,0.0,0.0,0.0,0.0,0.0,"solar2_v,lipo2_v"
2021-07-24T18:00:00Z,29.0,29.0,,,0.0,0.0,,,,,,,,,,,3.816,3.816,3.818,,,,233.103,0.0,0.0,,,,,292.138,290.0,295.0,,,0.0,7773.0,7801.0,0.0,0.0,0.0,0.0,0.0,0.0,29.0,0.0,0.0,0.0,29.0,0.0,0.0,0.0,0.0,0.0,"solar2_v,lipo2_v"
2021-07-24T19:00:00Z,29.0,29.0,,,0.0,0.0,,,,,,,,,,,3.816,3.814,3.816,,,,233.414,0.0,0.0,,,,,289.241,288.0,291.0,,,0.0,7802.0,7830.0,0.0,0.0,0.0,0.0,0.0,0.0,29.0,0.0,0.0,0.0,29.0,0.0,0.0,0.0,0.0,0.0,"solar2_v,lipo2_v"
2021-07-24T20:00:00Z,28.0,28.0,,,0.0,0.0,,,,,,,,,,,3.815,3.814,3.816,,,,235.964,0.0,0.0,,,,,270.321,260.0,289.0,,,0.0,7831.0,7858.0,0.0,0.0,0.0,0.0,0.0,0.0,28.0,0.0,0.0,0.0,28.0,0.0,0.0,0.0,0.0,0.0,"solar2_v,lipo2_v"
2021-07-24T21:00:00Z,29.0,29.0,,,0.0,0.0,,,,,,,,,,,3.814,3.813,3.816,,,,237.655,0.0,0.0,,,,,260.966,260.0,261.0,,,0.0,7859.0,7887.0,0.0,0.0,0.0,0.0,0.0,0.0,29.0,0.0,0.0,0.0,29.0,0.0,0.0,0.0,0.0,0.0,"solar2_v,lipo2_v"
2021-07-24T22:00:00Z,29.0,29.0,,,0.0,0.0,,,,,,,,,,,3.813,3.811,3.814,,,,237.552,0.0,0.0,,,,,261.0,261.0,261.0,,,0.0,7888.0,7916.0,0.0,0.0,0.0,0.0,0.0,0.0,29.0,0.0,0.0,0.0,29.0,0.0,0.0,0.0,0.0,0.0,"solar2_v,lipo2_v"
2021-07-24T23:00:00Z,28.0,28.0,,,0.163,0.864,,,,,,,,,,,3.811,3.809,3.814,,,,236.786,0.0,0.0,,,,,262.786,261.0,269.0,,,0.0,7917.0,7944.0,0.0,8.0,0.0,0.0,0.0,0.0,28.0,0.0,0.0,0.0,28.0,0.0,0.0,0.0,0.0,0.0,"solar2_v,lipo2_v"
2021-07-25T00:00:00Z,29.0,29.0,,,1.09,2.028,,,,,,,,,,,3.81,3.808,3.813,,,,234.828,0.0,0.0,,,,,276.552,271.0,285.0,,,0.0,7945.0,7973.0,0.0,29.0,0.0,0.0,0.0,0.0,29.0,0.0,0.0,0.0,29.0,0.0,0.0,0.0,0.0,0.0,"solar2_v,lipo2_v"
2021-07-25T01:00:00Z,28.0,28.0,,,2.975,4.652,,,,,,,,,,,3.811,3.809,3.813,,,,230.286,0.0,0.0,,,,,316.036,286.0,330.0,,,0.0,7974.0,8001.0,0.0,28.0,0.0,0.0,0.0,0.0,28.0,0.0,0.0,0.0,28.0,0.0,0.0,0.0,0.0,0.0,"solar2_v,lipo2_v"
2021-07-25T02:00:00Z,24.0,24.0,,,3.322,5.154,,,,,,,,,,,3.811,3.809,3.813,,,,226.667,0.0,0.0,,,,,352.542,325.0,374.0,,,0.0,8002.0,8028.0,0.0,24.0,0.0,0.0,0.0,0.0,24.0,0.0,0.0,0.0,24.0,0.0,0.0,0.0,0.0,0.0,"solar2_v,lipo2_v"
2021-07-25T03:00:00Z,25.0,25.0,,,2.883,4.495,,,,,,,,,,,3.811,3.809,3.813,,,,226.2,0.0,0.0,,,,,359.6,335.0,377.0,,,0.0,8030.0,8058.0,0.0,25.0,0.0,0.0,0.0,0.0,25.0,0.0,0.0,0.0,25.0,0.0,0.0,0.0,0.0,0.0,"solar2_v,lipo2_v"
2021-07-25T04:00:00Z,24.0,24.0,,,2.501,4.277,,,,,,,,,,,3.809,3.808,3.811,,,,226.167,0.0,0.0,,,,,356.542,335.0,367.0,,,0.0,8059.0,8086.0,0.0,24.0,0.0,0.0,0.0,0.0,24.0,0.0,0.0,0.0,24.0,0.0,0.0,0.0,0.0,0.0,"solar2_v,lipo2_v"
2021-07-25T05:00:00Z,25.0,25.0,,,2.73,3.721,,,,,,,,,,,3.807,3.805,3.809,,,,228.88,0.0,0.0,,,,,331.44,314.0,355.0,,,0.0,8087.0,8113.0,0.0,25.0,0.0,0.0,0.0,0.0,25.0,0.0,0.0,0.0,25.0,0.0,0.0,0.0,0.0,0.0,"solar2_v,lipo2_v"
2021-07-25T06:00:00Z,28.0,28.0,,,2.222,3.437,,,,,,,,,,,3.806,3.805,3.809,,,,226.321,0.0,0.0,,,,,360.071,348.0,376.0,,,0.0,8115.0,8143.0,0.0,28.0,0.0,0.0,0.0,0.0,28.0,0.0,0.0,0.0,28.0,0.0,0.0,0.0,0.0,0.0,"solar2_v,lipo2_v"
2021-07-25T07:00:00Z,26.0,26.0,,,1.467,2.161,,,,,,,,,,,3.805,3.801,3.808,,,,225.654,0.0,0.0,,,,,363.885,358.0,374.0,,,0.0,8144.0,8171.0,0.0,26.0,0.0,0.0,0.0,0.0,26.0,0.0,0.0,0.0,26.0,0.0,0.0,0.0,0.0,0.0,"solar2_v,lipo2_v"
2021-07-25T08:00:00Z,26.0,26.0,,,1.093,1.861,,,,,,,,,,,3.803,3.801,3.805,,,,227.154,0.0,0.0,,,,,351.038,346.0,359.0,,,0.0,8172.0,8200.0,0.0,26.0,0.0,0.0,0.0,0.0,26.0,0.0,0.0,0.0,26.0,0.0,0.0,0.0,0.0,0.0,"solar2_v,lipo2_v"
2021-07-25T09:00:00Z,23.0,23.0,,,0.716,1.184,,,,,,,,,,,3.801,3.798,3.803,,,,228.13,0.0,0.0,,,,,340.913,335.0,348.0,,,0.0,8202.0,8228.0,0.0,22.0,0.0,0.0,0.0,0.0,23.0,0.0,0.0,0.0,23.0,0.0,0.0,0.0,0.0,0.0,"solar2_v,lipo2_v"
2021-07-25T10:00:00Z,26.0,26.0,,,0.183,0.72,,,,,,,,,,,3.799,3.796,3.8,,,,229.462,0.0,0.0,,,,,325.154,314.0,340.0,,,0.0,8229.0,8256.0,0.0,9.0,0.0,0.0,0.0,0.0,26.0,0.0,0.0,0.0,26.0,0.0,0.0,0.0,0.0,0.0,"solar2_v,lipo2_v"
2021-07-25T11:00:00Z,29.0,29.0,,,0.0,0.0,,,,,,,,,,,3.796,3.795,3.798,,,,232.931,0.0,0.0,,,,,296.897,274.0,314.0,,,0.0,8257.0,8285.0,0.0,0.0,0.0,0.0,0.0,0.0,29.0,0.0,0.0,0.0,29.0,0.0,0.0,0.0,0.0,0.0,"solar2_v,lipo2_v"
2021-07-25T12:00:00Z,23.0,23.0,,,0.0,0.0,,,,,,,,,,,3.794,3.793,3.795,,,,235.522,0.0,0.0,,,,,273.739,273.0,274.0,,,0.0,8286.0,8313.0,0.0,0.0,0.0,0.0,0.0,0.0,23.0,0.0,0.0,0.0,23.0,0.0,0.0,0.0,0.0,0.0,"solar2_v,lipo2_v"
2021-07-25T13:00:00Z,23.0,23.0,,,0.0,0.0,,,,,,,,,,,3.792,3.791,3.793,,,,234.913,0.0,0.0,,,,,277.478,275.0,281.0,,,0.0,8317.0,8341.0,0.0,0.0,0.0,0.0,0.0,0.0,23.0,0.0,0.0,0.0,23.0,0.0,0.0,0.0,0.0,0.0,"solar2_v,lipo2_v"
2021-07-25T14:00:00Z,28.0,28.0,,,0.0,0.0,,,,,,,,,,,3.791,3.79,3.793,,,,234.179,0.0,0.0,,,,,284.893,282.0,286.0,,,0.0,8342.0,8370.0,0.0,0.0,0.0,0.0,0.0,0.0,28.0,0.0,0.0,0.0,28.0,0.0,0.0,0.0,0.0,0.0,"solar2_v,lipo2_v"
2021-07-25T15:00:00Z,26.0,26.0,,,0.0,0.0,,,,,,,,,,,3.79,3.788,3.79,,,,234.231,0.0,0.0,,,,,285.346,281.0,287.0,,,0.0,8372.0,8398.0,0.0,0.0,0.0,0.0,0.0,0.0,26.0,0.0,0.0,0.0,26.0,0.0,0.0,0.0,0.0,0.0,"solar2_v,lipo2_v"
2021-07-25T16:00:00Z,26.0,26.0,,,0.0,0.0,,,,,,,,,,,3.788,3.785,3.79,,,,234.192,0.0,0.0,,,,,281.192,280.0,283.0,,,0.0,8399.0,8426.0,0.0,0.0,0.0,0.0,0.0,0.0,26.0,0.0,0.0,0.0,26.0,0.0,0.0,0.0,0.0,0.0,"solar2_v,lipo2_v"
2021-07-25T17:00:00Z,29.0,29.0,,,0.0,0.0,,,,,,,,,,,3.786,3.783,3.788,,,,234.414,0.0,0.0,,,,,280.966,280.0,282.0,,,0.0,8427.0,8455.0,0.0,0.0,0.0,0.0,0.0,0.0,29.0,0.0,0.0,0.0,29.0,0.0,0.0,0.0,0.0,0.0,"solar2_v,lipo2_v"
2021-07-25T18:00:00Z,28.0,28.0,,,0.0,0.0,,,,,,,,,,,3.784,3.781,3.786,,,,234.214,0.0,0.0,,,,,280.321,279.0,281.0,,,0.0,8456.0,8483.0,0.0,0.0,0.0,0.0,0.0,0.0,28.0,0.0,0.0,0.0,28.0,0.0,0.0,0.0,0.0,0.0,"solar2_v,lipo2_v"
2021-07-25T19:00:00Z,29.0,29.0,,,0.0,0.0,,,,,,,,,,,3.782,3.78,3.783,,,,234.483,0.0,0.0,,,,,280.379,278.0,282.0,,,0.0,8484.0,8512.0,0.0,0.0,0.0,0.0,0.0,0.0,29.0,0.0,0.0,0.0,29.0,0.0,0.0,0.0,0.0,0.0,"solar2_v,lipo2_v"
2021-07-25T20:00:00Z,29.0,29.0,,,0.0,0.0,,,,,,,,,,,3.78,3.778,3.783,,,,234.897,0.0,0.0,,,,,277.034,277.0,278.0,,,0.0,8513.0,8541.0,0.0,0.0,0.0,0.0,0.0,0.0,29.0,0.0,0.0,0.0,29.0,0.0,0.0,0.0,0.0,0.0,"solar2_v,lipo2_v"
2021-07-25T21:00:00Z,28.0,28.0,,,0.0,0.0,,,,,,,,,,,3.778,3.776,3.781,,,,234.429,0.0,0.0,,,,,276.821,276.0,277.0,,,0.0,8542.0,8569.0,0.0,0.0,0.0,0.0,0.0,0.0,28.0,0.0,0.0,0.0,28.0,0.0,0.0,0.0,0.0,0.0,"solar2_v,lipo2_v"
2021-07-25T22:00:00Z,29.0,29.0,,,0.0,0.0,,,,,,,,,,,3.776,3.773,3.778,,,,235.0,0.0,0.0,,,,,274.448,274.0,276.0,,,0.0,8570.0,8598.0,0.0,0.0,0.0,0.0,0.0,0.0,29.0,0.0,0.0,0.0,29.0,0.0,0.0,0.0,0.0,0.0,"solar2_v,lipo2_v"
2021-07-25T23:00:00Z,29.0,29.0,,,0.819,2.145,,,,,,,,,,,3.773,3.772,3.775,,,,233.897,0.0,0.0,,,,,287.793,274.0,301.0,,,0.0,8599.0,8627.0,0.0,24.0,0.0,0.0,0.0,0.0,29.0,0.0,0.0,0.0,29.0,0.0,0.0,0.0,0.0,0.0,"solar2_v,lipo2_v"
2021-07-26T00:00:00Z,28.0,28.0,,,3.272,4.772,,,,,,,,,,,3.772,3.77,3.773,,,,228.679,0.0,0.0,,,,,335.536,300.0,379.0,,,0.0,8628.0,8655.0,0.0,28.0,0.0,0.0,0.0,0.0,28.0,0.0,0.0,0.0,28.0,0.0,0.0,0.0,0.0,0.0,"solar2_v,lipo2_v"
2021-07-26T01:00:00Z,29.0,29.0,,,4.454,5.01,,,,,,,,,,,3.771,3.768,3.773,,,,222.724,0.0,0.0,,,,,400.172,379.0,426.0,,,0.0,8656.0,8684.0,0.0,29.0,0.0,0.0,0.0,0.0,29.0,0.0,0.0,0.0,29.0,0.0,0.0,0.0,0.0,0.0,"solar2_v,lipo2_v"
2021-07-26T02:00:00Z,27.0,27.0,,,3.906,5.349,,,,,,,,,,,3.769,3.767,3.77,,,,220.778,0.0,0.0,,,,,422.667,407.0,432.0,,,0.0,8685.0,8712.0,0.0,27.0,0.0,0.0,0.0,0.0,27.0,0.0,0.0,0.0,27.0,0.0,0.0,0.0,0.0,0.0,"solar2_v,lipo2_v"
2021-07-26T03:00:00Z,26.0,26.0,,,3.006,5.192,,,,,,,,,,,3.766,3.765,3.768,,,,223.154,0.0,0.0,,,,,390.923,367.0,427.0,,,0.0,8713.0,8741.0,0.0,26.0,0.0,0.0,0.0,0.0,26.0,0.0,0.0,0.0,26.0,0.0,0.0,0.0,0.0,0.0,"solar2_v,lipo2_v"
2021-07-26T04:00:00Z,27.0,27.0,,,2.535,4.59,,,,,,,,,,,3.764,3.763,3.765,,,,223.37,0.0,0.0,,,,,390.37,376.0,411.0,,,0.0,8742.0,8769.0,0.0,27.0,0.0,0.0,0.0,0.0,27.0,0.0,0.0,0.0,27.0,0.0,0.0,0.0,0.0,0.0,"solar2_v,lipo2_v"
2021-07-26T05:00:00Z,22.0,22.0,,,2.502,3.498,,,,,,,,,,,3.762,3.762,3.763,,,,224.409,0.0,0.0,,,,,375.545,367.0,393.0,,,0.0,8771.0,8797.0,0.0,22.0,0.0,0.0,0.0,0.0,22.0,0.0,0.0,0.0,22.0,0.0,0.0,0.0,0.0,0.0,"solar2_v,lipo2_v"
2021-07-26T06:00:00Z,26.0,26.0,,,2.002,2.814,,,,,,,,,,,3.761,3.758,3.762,,,,223.808,0.0,0.0,,,,,383.615,379.0,393.0,,,0.0,8798.0,8824.0,0.0,26.0,0.0,0.0,0.0,0.0,26.0,0.0,0.0,0.0,26.0,0.0,0.0,0.0,0.0,0.0,"solar2_v,lipo2_v"
2021-07-26T07:00:00Z,27.0,27.0,,,1.478,2.204,,,,,,,,,,,3.758,3.755,3.76,,,,225.111,0.0,0.0,,,,,370.37,367.0,374.0,,,0.0,8826.0,8854.0,0.0,27.0,0.0,0.0,0.0,0.0,27.0,0.0,0.0,0.0,27.0,0.0,0.0,0.0,0.0,0.0,"solar2_v,lipo2_v"
2021-07-26T08:00:00Z,23.0,23.0,,,1.321,1.881,,,,,,,,,,,3.754,3.75,3.757,,,,225.304,0.0,0.0,,,,,366.826,359.0,369.0,,,0.0,8855.0,8882.0,0.0,23.0,0.0,0.0,0.0,0.0,23.0,0.0,0.0,0.0,23.0,0.0,0.0,0.0,0.0,0.0,"solar2_v,lipo2_v"
2021-07-26T09:00:00Z,29.0,29.0,,,0.9,1.18,,,,,,,,,,,3.749,3.748,3.752,,,,227.31,0.0,0.0,,,,,351.655,347.0,357.0,,,0.0,8883.0,8911.0,0.0,29.0,0.0,0.0,0.0,0.0,29.0,0.0,0.0,0.0,29.0,0.0,0.0,0.0,0.0,0.0,"solar2_v,lipo2_v"
2021-07-26T10:00:00Z,27.0,27.0,,,0.287,0.971,,,,,,,,,,,3.747,3.747,3.75,,,,228.519,0.0,0.0,,,,,335.926,327.0,346.0,,,0.0,8912.0,8939.0,0.0,15.0,0.0,0.0,0.0,0.0,27.0,0.0,0.0,0.0,27.0,0.0,0.0,0.0,0.0,0.0,"solar2_v,lipo2_v"
2021-07-26T11:00:00Z,27.0,27.0,,,0.0,0.0,,,,,,,,,,,3.743,3.742,3.747,,,,230.111,0.0,0.0,,,,,322.148,316.0,327.0,,,0.0,8940.0,8968.0,0.0,0.0,0.0,0.0,0.0,0.0,27.0,0.0,0.0,0.0,27.0,0.0,0.0,0.0,0.0,0.0,"solar2_v,lipo2_v"
2021-07-26T12:00:00Z,25.0,25.0,,,0.0,0.0,,,,,,,,,,,3.74,3.739,3.742,,,,231.48,0.0,0.0,,,,,314.28,313.0,316.0,,,0.0,8969.0,8996.0,0.0,0.0,0.0,0.0,0.0,0.0,25.0,0.0,0.0,0.0,25.0,0.0,0.0,0.0,0.0,0.0,"solar2_v,lipo2_v"
2021-07-26T13:00:00Z,27.0,27.0,,,0.0,0.0,,,,,,,,,,,3.737,3.734,3.739,,,,231.778,0.0,0.0,,,,,304.074,278.0,312.0,,,0.0,8997.0,9024.0,0.0,0.0,0.0,0.0,0.0,0.0,27.0,0.0,0.0,0.0,27.0,0.0,0.0,0.0,0.0,0.0,"solar2_v,lipo2_v"
2021-07-26T14:00:00Z,26.0,26.0,,,0.0,0.0,,,,,,,,,,,3.734,3.732,3.737,,,,232.192,0.0,0.0,,,,,304.538,303.0,306.0,,,0.0,9025.0,9052.0,0.0,0.0,0.0,0.0,0.0,0.0,26.0,0.0,0.0,0.0,26.0,0.0,0.0,0.0,0.0,0.0,"solar2_v,lipo2_v"
2021-07-26T15:00:00Z,27.0,27.0,,,0.0,0.0,,,,,,,,,,,3.73,3.727,3.734,,,,232.296,0.0,0.0,,,,,302.0,301.0,304.0,,,0.0,9053.0,9081.0,0.0,0.0,0.0,0.0,0.0,0.0,27.0,0.0,0.0,0.0,27.0,0.0,0.0,0.0,0.0,0.0,"solar2_v,lipo2_v"
2021-07-26T16:00:00Z,28.0,28.0,,,0.0,0.0,,,,,,,,,,,3.726,3.722,3.729,,,,232.571,0.0,0.0,,,,,300.679,300.0,301.0,,,0.0,9082.0,9109.0,0.0,0.0,0.0,0.0,0.0,0.0,28.0,0.0,0.0,0.0,28.0,0.0,0.0,0.0,0.0,0.0,"solar2_v,lipo2_v"
2021-07-26T17:00:00Z,29.0,29.0,,,0.0,0.0,,,,,,,,,,,3.723,3.72,3.727,,,,232.966,0.0,0.0,,,,,299.793,299.0,300.0,,,0.0,9110.0,9138.0,0.0,0.0,0.0,0.0,0.0,0.0,29.0,0.0,0.0,0.0,29.0,0.0,0.0,0.0,0.0,0.0,"solar2_v,lipo2_v"
2021-07-26T18:00:00Z,15.0,15.0,,,0.0,0.0,,,,,,,,,,,3.719,3.717,3.722,,,,232.533,0.0,0.0,,,,,299.6,299.0,300.0,,,0.0,9139.0,9160.0,0.0,0.0,0.0,0.0,0.0,0.0,15.0,0.0,0.0,0.0,15.0,0.0,0.0,0.0,0.0,0.0,"solar2_v,lipo2_v"
2021-07-26T19:00:00Z,4.0,4.0,,,0.0,0.0,,,,,,,,,,,3.712,3.712,3.712,,,,233.5,0.0,0.0,,,,,289.75,289.0,291.0,,,0.0,9189.0,9192.0,0.0,0.0,0.0,0.0,0.0,0.0,4.0,0.0,0.0,0.0,4.0,0.0,0.0,0.0,0.0,0.0,"solar2_v,lipo2_v"
2021-07-26T20:00:00Z,28.0,28.0,,,0.0,0.0,,,,,,,,,,,3.71,3.71,3.712,,,,233.5,0.0,0.0,,,,,286.607,286.0,288.0,,,0.0,9193.0,9220.0,0.0,0.0,0.0,0.0,0.0,0.0,28.0,0.0,0.0,0.0,28.0,0.0,0.0,0.0,0.0,0.0,"solar2_v,lipo2_v"
2021-07-26T21:00:00Z,29.0,29.0,,,0.0,0.0,,,,,,,,,,,3.709,3.707,3.71,,,,233.931,0.0,0.0,,,,,285.414,284.0,286.0,,,0.0,9221.0,9249.0,0.0,0.0,0.0,0.0,0.0,0.0,29.0,0.0,0.0,0.0,29.0,0.0,0.0,0.0,0.0,0.0,"solar2_v,lipo2_v"
2021-07-26T22:00:00Z,29.0,29.0,,,0.0,0.0,,,,,,,,,,,3.706,3.704,3.709,,,,234.034,0.0,0.0,,,,,284.069,282.0,286.0,,,0.0,9250.0,9278.0,0.0,0.0,0.0,0.0,0.0,0.0,29.0,0.0,0.0,0.0,29.0,0.0,0.0,0.0,0.0,0.0,"solar2_v,lipo2_v"
2021-07-26T23:00:00Z,28.0,28.0,,,0.985,2.783,,,,,,,,,,,3.703,3.701,3.704,,,,232.643,0.0,0.0,,,,,298.786,284.0,322.0,,,0.0,9279.0,9306.0,0.0,23.0,0.0,0.0,0.0,0.0,28.0,0.0,0.0,0.0,28.0,0.0,0.0,0.0,0.0,0.0,"solar2_v,lipo2_v"
2021-07-27T00:00:00Z,29.0,29.0,,,1.584,4.495,,,,,,,,,,,3.7,3.696,3.704,,,,229.931,0.0,0.0,,,,,320.931,313.0,334.0,,,0.0,9307.0,9335.0,0.0,29.0,0.0,0.0,0.0,0.0,29.0,0.0,0.0,0.0,29.0,0.0,0.0,0.0,0.0,0.0,"solar2_v,lipo2_v"
2021-07-27T01:00:00Z,26.0,26.0,,,3.088,5.203,,,,,,,,,,,3.695,3.691,3.701,,,,225.692,0.0,0.0,,,,,367.154,345.0,382.0,,,0.0,9336.0,9363.0,0.0,26.0,0.0,0.0,0.0,0.0,26.0,0.0,0.0,0.0,26.0,0.0,0.0,0.0,0.0,0.0,"solar2_v,lipo2_v"
2021-07-27T02:00:00Z,25.0,25.0,,,3.807,5.313,,,,,,,,,,,3.688,3.684,3.694,,,,222.68,0.0,0.0,,,,,399.56,379.0,420.0,,,0.0,9364.0,9391.0,0.0,25.0,0.0,0.0,0.0,0.0,25.0,0.0,0.0,0.0,25.0,0.0,0.0,0.0,0.0,0.0,"solar2_v,lipo2_v"
2021-07-27T03:00:00Z,27.0,27.0,,,3.677,5.38,,,,,,,,,,,3.684,3.682,3.687,,,,222.704,0.0,0.0,,,,,402.222,393.0,411.0,,,0.0,9392.0,9420.0,0.0,27.0,0.0,0.0,0.0,0.0,27.0,0.0,0.0,0.0,27.0,0.0,0.0,0.0,0.0,0.0,"solar2_v,lipo2_v"
2021-07-27T04:00:00Z,29.0,29.0,,,2.877,5.256,,,,,,,,,,,3.682,3.679,3.682,,,,221.828,0.0,0.0,,,,,407.759,381.0,438.0,,,0.0,9421.0,9449.0,0.0,29.0,0.0,0.0,0.0,0.0,29.0,0.0,0.0,0.0,29.0,0.0,0.0,0.0,0.0,0.0,"solar2_v,lipo2_v"
2021-07-27T05:00:00Z,28.0,28.0,,,2.313,3.304,,,,,,,,,,,3.678,3.674,3.681,,,,224.714,0.0,0.0,,,,,376.679,369.0,383.0,,,0.0,9450.0,9477.0,0.0,28.0,0.0,0.0,0.0,0.0,28.0,0.0,0.0,0.0,28.0,0.0,0.0,0.0,0.0,0.0,"solar2_v,lipo2_v"
2021-07-27T06:00:00Z,26.0,26.0,,,0.657,2.738,,,,,,,,,,,3.673,3.669,3.676,,,,229.231,0.0,0.0,,,,,329.654,285.0,380.0,,,0.0,9479.0,9506.0,0.0,18.0,0.0,0.0,0.0,0.0,26.0,0.0,0.0,0.0,26.0,0.0,0.0,0.0,0.0,0.0,"solar2_v,lipo2_v"
2021-07-27T07:00:00Z,27.0,27.0,,,0.376,0.564,,,,,,,,,,,3.668,3.664,3.671,,,,235.296,0.0,0.0,,,,,273.815,272.0,281.0,,,0.0,9507.0,9534.0,0.0,23.0,0.0,0.0,0.0,0.0,27.0,0.0,0.0,0.0,27.0,0.0,0.0,0.0,0.0,0.0,"solar2_v,lipo2_v"
2021-07-27T08:00:00Z,25.0,25.0,,,0.353,0.375,,,,,,,,,,,3.664,3.661,3.666,,,,235.28,0.0,0.0,,,,,273.84,272.0,276.0,,,0.0,9535.0,9562.0,0.0,25.0,0.0,0.0,0.0,0.0,25.0,0.0,0.0,0.0,25.0,0.0,0.0,0.0,0.0,0.0,"solar2_v,lipo2_v"
2021-07-27T09:00:00Z,24.0,24.0,,,0.233,0.352,,,,,,,,,,,3.661,3.659,3.663,,,,234.125,0.0,0.0,,,,,282.542,276.0,287.0,,,0.0,9563.0,9591.0,0.0,16.0,0.0,0.0,0.0,0.0,24.0,0.0,0.0,0.0,24.0,0.0,0.0,0.0,0.0,0.0,"solar2_v,lipo2_v"
2021-07-27T10:00:00Z,25.0,25.0,,,0.103,0.326,,,,,,,,,,,3.659,3.658,3.661,,,,233.52,0.0,0.0,,,,,288.4,287.0,291.0,,,0.0,9592.0,9619.0,0.0,8.0,0.0,0.0,0.0,0.0,25.0,0.0,0.0,0.0,25.0,0.0,0.0,0.0,0.0,0.0,"solar2_v,lipo2_v"
2021-07-27T11:00:00Z,25.0,25.0,,,0.0,0.0,,,,,,,,,,,3.658,3.656,3.659,,,,233.4,0.0,0.0,,,,,291.08,291.0,292.0,,,0.0,9621.0,9647.0,0.0,0.0,0.0,0.0,0.0,0.0,25.0,0.0,0.0,0.0,25.0,0.0,0.0,0.0,0.0,0.0,"solar2_v,lipo2_v"
2021-07-27T12:00:00Z,27.0,27.0,,,0.0,0.0,,,,,,,,,,,3.656,3.653,3.658,,,,233.556,0.0,0.0,,,,,287.889,287.0,291.0,,,0.0,9649.0,9676.0,0.0,0.0,0.0,0.0,0.0,0.0,27.0,0.0,0.0,0.0,27.0,0.0,0.0,0.0,0.0,0.0,"solar2_v,lipo2_v"
2021-07-27T13:00:00Z,25.0,25.0,,,0.0,0.0,,,,,,,,,,,3.652,3.649,3.654,,,,233.6,0.0,0.0,,,,,286.96,286.0,287.0,,,0.0,9678.0,9704.0,0.0,0.0,0.0,0.0,0.0,0.0,25.0,0.0,0.0,0.0,25.0,0.0,0.0,0.0,0.0,0.0,"solar2_v,lipo2_v"
2021-07-27T14:00:00Z,24.0,24.0,,,0.0,0.0,,,,,,,,,,,3.649,3.646,3.651,,,,233.583,0.0,0.0,,,,,287.167,287.0,288.0,,,0.0,9705.0,9732.0,0.0,0.0,0.0,0.0,0.0,0.0,24.0,0.0,0.0,0.0,24.0,0.0,0.0,0.0,0.0,0.0,"solar2_v,lipo2_v"
2021-07-27T15:00:00Z,17.0,17.0,,,0.0,0.0,,,,,,,,,,,3.644,3.641,3.646,,,,233.412,0.0,0.0,,,,,288.706,287.0,292.0,,,0.0,9733.0,9760.0,0.0,0.0,0.0,0.0,0.0,0.0,17.0,0.0,0.0,0.0,17.0,0.0,0.0,0.0,0.0,0.0,"solar2_v,lipo2_v"
2021-07-27T16:00:00Z,13.0,13.0,,,0.0,0.0,,,,,,,,,,,3.638,3.635,3.641,,,,233.154,0.0,0.0,,,,,288.923,287.0,291.0,,,0.0,9762.0,9786.0,0.0,0.0,0.0,0.0,0.0,0.0,13.0,0.0,0.0,0.0,13.0,0.0,0.0,0.0,0.0,0.0,"solar2_v,lipo2_v"
2021-07-27T17:00:00Z,8.0,8.0,,,0.0,0.0,,,,,,,,,,,3.629,3.628,3.633,,,,233.875,0.0,0.0,,,,,290.0,287.0,294.0,,,0.0,9790.0,9814.0,0.0,0.0,0.0,0.0,0.0,0.0,8.0,0.0,0.0,0.0,8.0,0.0,0.0,0.0,0.0,0.0,"solar2_v,lipo2_v"
2021-07-27T18:00:00Z,24.0,24.0,,,0.0,0.0,,,,,,,,,,,3.625,3.621,3.628,,,,234.333,0.0,0.0,,,,,285.667,283.0,287.0,,,0.0,9815.0,9843.0,0.0,0.0,0.0,0.0,0.0,0.0,24.0,0.0,0.0,0.0,24.0,0.0,0.0,0.0,0.0,0.0,"solar2_v,lipo2_v"
2021-07-27T19:00:00Z,19.0,19.0,,,0.0,0.0,,,,,,,,,,,3.619,3.615,3.623,,,,234.684,0.0,0.0,,,,,282.421,281.0,284.0,,,0.0,9844.0,9871.0,0.0,0.0,0.0,0.0,0.0,0.0,19.0,0.0,0.0,0.0,19.0,0.0,0.0,0.0,0.0,0.0,"solar2_v,lipo2_v"
2021-07-27T20:00:00Z,26.0,26.0,,,0.0,0.0,,,,,,,,,,,3.615,3.613,3.616,,,,235.038,0.0,0.0,,,,,277.962,277.0,280.0,,,0.0,9872.0,9899.0,0.0,0.0,0.0,0.0,0.0,0.0,26.0,0.0,0.0,0.0,26.0,0.0,0.0,0.0,0.0,0.0,"solar2_v,lipo2_v"
2021-07-27T21:00:00Z,27.0,27.0,,,0.0,0.0,,,,,,,,,,,3.613,3.61,3.615,,,,235.111,0.0,0.0,,,,,279.519,278.0,280.0,,,0.0,9900.0,9927.0,0.0,0.0,0.0,0.0,0.0,0.0,27.0,0.0,0.0,0.0,27.0,0.0,0.0,0.0,0.0,0.0,"solar2_v,lipo2_v"
2021-07-27T22:00:00Z,29.0,29.0,,,0.0,0.0,,,,,,,,,,,3.61,3.608,3.611,,,,234.966,0.0,0.0,,,,,277.034,276.0,278.0,,,0.0,9928.0,9956.0,0.0,0.0,0.0,0.0,0.0,0.0,29.0,0.0,0.0,0.0,29.0,0.0,0.0,0.0,0.0,0.0,"solar2_v,lipo2_v"
2021-07-27T23:00:00Z,27.0,27.0,,,0.259,0.661,,,,,,,,,,,3.608,3.607,3.61,,,,235.037,0.0,0.0,,,,,282.074,276.0,288.0,,,0.0,9957.0,9985.0,0.0,15.0,0.0,0.0,0.0,0.0,27.0,0.0,0.0,0.0,27.0,0.0,0.0,0.0,0.0,0.0,"solar2_v,lipo2_v"
2021-07-28T00:00:00Z,26.0,26.0,,,2.023,4.569,,,,,,,,,,,3.607,3.607,3.608,,,,230.692,0.0,0.0,,,,,322.885,289.0,364.0,,,0.0,9986.0,10013.0,0.0,26.0,0.0,0.0,0.0,0.0,26.0,0.0,0.0,0.0,26.0,0.0,0.0,0.0,0.0,0.0,"solar2_v,lipo2_v"
2021-07-28T01:00:00Z,27.0,27.0,,,3.257,4.746,,,,,,,,,,,3.607,3.605,3.607,,,,224.963,0.0,0.0,,,,,383.667,366.0,407.0,,,0.0,10014.0,10042.0,0.0,27.0,0.0,0.0,0.0,0.0,27.0,0.0,0.0,0.0,27.0,0.0,0.0,0.0,0.0,0.0,"solar2_v,lipo2_v"
2021-07-28T02:00:00Z,27.0,27.0,,,2.269,3.221,,,,,,,,,,,3.605,3.605,3.607,,,,225.333,0.0,0.0,,,,,371.148,353.0,385.0,,,0.0,10044.0,10070.0,0.0,27.0,0.0,0.0,0.0,0.0,27.0,0.0,0.0,0.0,27.0,0.0,0.0,0.0,0.0,0.0,"solar2_v,lipo2_v"
2021-07-28T03:00:00Z,24.0,24.0,,,2.216,4.275,,,,,,,,,,,3.604,3.603,3.605,,,,228.0,0.0,0.0,,,,,346.833,335.0,354.0,,,0.0,10071.0,10098.0,0.0,24.0,0.0,0.0,0.0,0.0,24.0,0.0,0.0,0.0,24.0,0.0,0.0,0.0,0.0,0.0,"solar2_v,lipo2_v"
2021-07-28T04:00:00Z,25.0,25.0,,,2.828,5.251,,,,,,,,,,,3.602,3.6,3.603,,,,225.84,0.0,0.0,,,,,365.4,340.0,376.0,,,0.0,10099.0,10127.0,0.0,25.0,0.0,0.0,0.0,0.0,25.0,0.0,0.0,0.0,25.0,0.0,0.0,0.0,0.0,0.0,"solar2_v,lipo2_v"
2021-07-28T05:00:00Z,25.0,25.0,,,2.416,3.488,,,,,,,,,,,3.599,3.597,3.602,,,,229.56,0.0,0.0,,,,,325.6,305.0,343.0,,,0.0,10129.0,10155.0,0.0,25.0,0.0,0.0,0.0,0.0,25.0,0.0,0.0,0.0,25.0,0.0,0.0,0.0,0.0,0.0,"solar2_v,lipo2_v"
2021-07-28T06:00:00Z,26.0,26.0,,,2.542,3.289,,,,,,,,,,,3.596,3.592,3.598,,,,230.269,0.0,0.0,,,,,320.769,305.0,335.0,,,0.0,10156.0,10183.0,0.0,26.0,0.0,0.0,0.0,0.0,26.0,0.0,0.0,0.0,26.0,0.0,0.0,0.0,0.0,0.0,"solar2_v,lipo2_v"
2021-07-28T07:00:00Z,29.0,29.0,,,1.291,1.943,,,,,,,,,,,3.592,3.59,3.595,,,,230.31,0.0,0.0,,,,,324.345,319.0,335.0,,,0.0,10184.0,10212.0,0.0,29.0,0.0,0.0,0.0,0.0,29.0,0.0,0.0,0.0,29.0,0.0,0.0,0.0,0.0,0.0,"solar2_v,lipo2_v"
2021-07-28T08:00:00Z,26.0,26.0,,,1.372,1.8,,,,,,,,,,,3.589,3.587,3.59,,,,228.692,0.0,0.0,,,,,336.0,327.0,340.0,,,0.0,10213.0,10240.0,0.0,26.0,0.0,0.0,0.0,0.0,26.0,0.0,0.0,0.0,26.0,0.0,0.0,0.0,0.0,0.0,"solar2_v,lipo2_v"
2021-07-28T09:00:00Z,26.0,26.0,,,0.831,1.002,,,,,,,,,,,3.587,3.585,3.59,,,,229.923,0.0,0.0,,,,,324.731,322.0,327.0,,,0.0,10241.0,10268.0,0.0,26.0,0.0,0.0,0.0,0.0,26.0,0.0,0.0,0.0,26.0,0.0,0.0,0.0,0.0,0.0,"solar2_v,lipo2_v"
2021-07-28T10:00:00Z,27.0,27.0,,,0.235,0.628,,,,,,,,,,,3.583,3.58,3.587,,,,231.333,0.0,0.0,,,,,316.0,308.0,321.0,,,0.0,10270.0,10297.0,0.0,13.0,0.0,0.0,0.0,0.0,27.0,0.0,0.0,0.0,27.0,0.0,0.0,0.0,0.0,0.0,"solar2_v,lipo2_v"
2021-07-28T11:00:00Z,26.0,26.0,,,0.0,0.0,,,,,,,,,,,3.581,3.58,3.583,,,,233.115,0.0,0.0,,,,,296.346,293.0,307.0,,,0.0,10298.0,10326.0,0.0,0.0,0.0,0.0,0.0,0.0,26.0,0.0,0.0,0.0,26.0,0.0,0.0,0.0,0.0,0.0,"solar2_v,lipo2_v"
2021-07-28T12:00:00Z,26.0,26.0,,,0.0,0.0,,,,,,,,,,,3.579,3.578,3.58,,,,233.038,0.0,0.0,,,,,294.269,293.0,295.0,,,0.0,10327.0,10354.0,0.0,0.0,0.0,0.0,0.0,0.0,26.0,0.0,0.0,0.0,26.0,0.0,0.0,0.0,0.0,0.0,"solar2_v,lipo2_v"
2021-07-28T13:00:00Z,23.0,23.0,,,0.0,0.0,,,,,,,,,,,3.577,3.577,3.578,,,,233.391,0.0,0.0,,,,,292.783,291.0,295.0,,,0.0,10355.0,10382.0,0.0,0.0,0.0,0.0,0.0,0.0,23.0,0.0,0.0,0.0,23.0,0.0,0.0,0.0,0.0,0.0,"solar2_v,lipo2_v"
2021-07-28T14:00:00Z,29.0,29.0,,,0.0,0.0,,,,,,,,,,,3.576,3.574,3.577,,,,233.414,0.0,0.0,,,,,289.862,288.0,293.0,,,0.0,10383.0,10411.0,0.0,0.0,0.0,0.0,0.0,0.0,29.0,0.0,0.0,0.0,29.0,0.0,0.0,0.0,0.0,0.0,"solar2_v,lipo2_v"
2021-07-28T15:00:00Z,28.0,28.0,,,0.0,0.0,,,,,,,,,,,3.574,3.572,3.575,,,,233.321,0.0,0.0,,,,,292.286,291.0,294.0,,,0.0,10412.0,10439.0,0.0,0.0,0.0,0.0,0.0,0.0,28.0,0.0,0.0,0.0,28.0,0.0,0.0,0.0,0.0,0.0,"solar2_v,lipo2_v"
2021-07-28T16:00:00Z,26.0,26.0,,,0.0,0.0,,,,,,,,,,,3.571,3.57,3.574,,,,233.654,0.0,0.0,,,,,289.538,288.0,291.0,,,0.0,10440.0,10468.0,0.0,0.0,0.0,0.0,0.0,0.0,26.0,0.0,0.0,0.0,26.0,0.0,0.0,0.0,0.0,0.0,"solar2_v,lipo2_v"
2021-07-28T17:00:00Z,28.0,28.0,,,0.0,0.0,,,,,,,,,,,3.569,3.565,3.57,,,,233.607,0.0,0.0,,,,,287.857,287.0,290.0,,,0.0,10469.0,10496.0,0.0,0.0,0.0,0.0,0.0,0.0,28.0,0.0,0.0,0.0,28.0,0.0,0.0,0.0,0.0,0.0,"solar2_v,lipo2_v"
2021-07-28T18:00:00Z,29.0,29.0,,,0.0,0.0,,,,,,,,,,,3.566,3.564,3.569,,,,234.103,0.0,0.0,,,,,286.586,286.0,287.0,,,0.0,10497.0,10525.0,0.0,0.0,0.0,0.0,0.0,0.0,29.0,0.0,0.0,0.0,29.0,0.0,0.0,0.0,0.0,0.0,"solar2_v,lipo2_v"
2021-07-28T19:00:00Z,28.0,28.0,,,0.0,0.0,,,,,,,,,,,3.564,3.562,3.567,,,,234.107,0.0,0.0,,,,,286.607,286.0,287.0,,,0.0,10526.0,10553.0,0.0,0.0,0.0,0.0,0.0,0.0,28.0,0.0,0.0,0.0,28.0,0.0,0.0,0.0,0.0,0.0,"solar2_v,lipo2_v"
2021-07-28T20:00:00Z,29.0,29.0,,,0.0,0.0,,,,,,,,,,,3.562,3.559,3.564,,,,233.966,0.0,0.0,,,,,287.828,287.0,288.0,,,0.0,10554.0,10582.0,0.0,0.0,0.0,0.0,0.0,0.0,29.0,0.0,0.0,0.0,29.0,0.0,0.0,0.0,0.0,0.0,"solar2_v,lipo2_v"
2021-07-28T21:00:00Z,28.0,28.0,,,0.0,0.0,,,,,,,,,,,3.56,3.559,3.562,,,,234.286,0.0,0.0,,,,,286.821,286.0,287.0,,,0.0,10583.0,10610.0,0.0,0.0,0.0,0.0,0.0,0.0,28.0,0.0,0.0,0.0,28.0,0.0,0.0,0.0,0.0,0.0,"solar2_v,lipo2_v"
2021-07-28T22:00:00Z,29.0,29.0,,,0.0,0.0,,,,,,,,,,,3.557,3.555,3.56,,,,233.828,0.0,0.0,,,,,286.655,286.0,287.0,,,0.0,10611.0,10639.0,0.0,0.0,0.0,0.0,0.0,0.0,29.0,0.0,0.0,0.0,29.0,0.0,0.0,0.0,0.0,0.0,"solar2_v,lipo2_v"
2021-07-28T23:00:00Z,28.0,28.0,,,0.364,0.661,,,,,,,,,,,3.555,3.554,3.557,,,,233.75,0.0,0.0,,,,,290.321,287.0,292.0,,,0.0,10640.0,10667.0,0.0,24.0,0.0,0.0,0.0,0.0,28.0,0.0,0.0,0.0,28.0,0.0,0.0,0.0,0.0,0.0,"solar2_v,lipo2_v"
2021-07-29T00:00:00Z,29.0,29.0,,,0.868,2.202,,,,,,,,,,,3.554,3.552,3.555,,,,233.0,0.0,0.0,,,,,300.0,293.0,305.0,,,0.0,10668.0,10696.0,0.0,29.0,0.0,0.0,0.0,0.0,29.0,0.0,0.0,0.0,29.0,0.0,0.0,0.0,0.0,0.0,"solar2_v,lipo2_v"
2021-07-29T01:00:00Z,28.0,28.0,,,2.511,4.831,,,,,,,,,,,3.554,3.552,3.554,,,,229.571,0.0,0.0,,,,,332.607,307.0,380.0,,,0.0,10697.0,10724.0,0.0,28.0,0.0,0.0,0.0,0.0,28.0,0.0,0.0,0.0,28.0,0.0,0.0,0.0,0.0,0.0,"solar2_v,lipo2_v"
2021-07-29T02:00:00Z,29.0,29.0,,,3.282,4.788,,,,,,,,,,,3.553,3.552,3.554,,,,224.966,0.0,0.0,,,,,375.345,368.0,394.0,,,0.0,10725.0,10753.0,0.0,29.0,0.0,0.0,0.0,0.0,29.0,0.0,0.0,0.0,29.0,0.0,0.0,0.0,0.0,0.0,"solar2_v,lipo2_v"
2021-07-29T03:00:00Z,27.0,27.0,,,2.693,5.264,,,,,,,,,,,3.552,3.55,3.552,,,,224.333,0.0,0.0,,,,,385.074,362.0,408.0,,,0.0,10754.0,10781.0,0.0,27.0,0.0,0.0,0.0,0.0,27.0,0.0,0.0,0.0,27.0,0.0,0.0,0.0,0.0,0.0,"solar2_v,lipo2_v"
2021-07-29T04:00:00Z,29.0,29.0,,,3.005,5.226,,,,,,,,,,,3.55,3.549,3.552,,,,224.379,0.0,0.0,,,,,388.069,377.0,407.0,,,0.0,10782.0,10810.0,0.0,29.0,0.0,0.0,0.0,0.0,29.0,0.0,0.0,0.0,29.0,0.0,0.0,0.0,0.0,0.0,"solar2_v,lipo2_v"
2021-07-29T05:00:00Z,27.0,27.0,,,2.052,3.652,,,,,,,,,,,3.548,3.545,3.55,,,,225.185,0.0,0.0,,,,,373.074,340.0,394.0,,,0.0,10811.0,10838.0,0.0,27.0,0.0,0.0,0.0,0.0,27.0,0.0,0.0,0.0,27.0,0.0,0.0,0.0,0.0,0.0,"solar2_v,lipo2_v"
2021-07-29T06:00:00Z,27.0,27.0,,,0.782,1.192,,,,,,,,,,,3.543,3.539,3.547,,,,233.111,0.0,0.0,,,,,295.889,286.0,335.0,,,0.0,10839.0,10866.0,0.0,25.0,0.0,0.0,0.0,0.0,27.0,0.0,0.0,0.0,27.0,0.0,0.0,0.0,0.0,0.0,"solar2_v,lipo2_v"
2021-07-29T07:00:00Z,26.0,26.0,,,0.58,0.943,,,,,,,,,,,3.538,3.536,3.541,,,,233.538,0.0,0.0,,,,,288.231,286.0,291.0,,,0.0,10867.0,10895.0,0.0,26.0,0.0,0.0,0.0,0.0,26.0,0.0,0.0,0.0,26.0,0.0,0.0,0.0,0.0,0.0,"solar2_v,lipo2_v"
2021-07-29T08:00:00Z,23.0,23.0,,,0.34,0.661,,,,,,,,,,,3.536,3.532,3.537,,,,235.957,0.0,0.0,,,,,272.391,267.0,287.0,,,0.0,10896.0,10922.0,0.0,18.0,0.0,0.0,0.0,0.0,23.0,0.0,0.0,0.0,23.0,0.0,0.0,0.0,0.0,0.0,"solar2_v,lipo2_v"
2021-07-29T09:00:00Z,23.0,23.0,,,0.0,0.0,,,,,,,,,,,3.531,3.529,3.534,,,,236.957,0.0,0.0,,,,,265.783,265.0,267.0,,,0.0,10924.0,10950.0,0.0,0.0,0.0,0.0,0.0,0.0,23.0,0.0,0.0,0.0,23.0,0.0,0.0,0.0,0.0,0.0,"solar2_v,lipo2_v"
2021-07-29T10:00:00Z,10.0,10.0,,,0.0,0.0,,,,,,,,,,,3.528,3.527,3.529,,,,236.5,0.0,0.0,,,,,267.1,267.0,268.0,,,0.0,10951.0,10968.0,0.0,0.0,0.0,0.0,0.0,0.0,10.0,0.0,0.0,0.0,10.0,0.0,0.0,0.0,0.0,0.0,"solar2_v,lipo2_v"
2021-07-29T11:00:00Z,16.0,16.0,,,0.0,0.0,,,,,,,,,,,3.525,3.524,3.526,,,,237.25,0.0,0.0,,,,,266.625,266.0,267.0,,,0.0,10983.0,11004.0,0.0,0.0,0.0,0.0,0.0,0.0,16.0,0.0,0.0,0.0,16.0,0.0,0.0,0.0,0.0,0.0,"solar2_v,lipo2_v"
2021-07-29T12:00:00Z,24.0,24.0,,,0.0,0.0,,,,,,,,,,,3.523,3.521,3.524,,,,236.583,0.0,0.0,,,,,268.583,267.0,273.0,,,0.0,11006.0,11032.0,0.0,0.0,0.0,0.0,0.0,0.0,24.0,0.0,0.0,0.0,24.0,0.0,0.0,0.0,0.0,0.0,"solar2_v,lipo2_v"
2021-07-29T13:00:00Z,22.0,22.0,,,0.0,0.0,,,,,,,,,,,3.52,3.519,3.522,,,,236.727,0.0,0.0,,,,,268.818,267.0,271.0,,,0.0,11033.0,11060.0,0.0,0.0,0.0,0.0,0.0,0.0,22.0,0.0,0.0,0.0,22.0,0.0,0.0,0.0,0.0,0.0,"solar2_v,lipo2_v"
2021-07-29T14:00:00Z,24.0,24.0,,,0.0,0.0,,,,,,,,,,,3.519,3.516,3.521,,,,236.25,0.0,0.0,,,,,272.125,268.0,273.0,,,0.0,11061.0,11086.0,0.0,0.0,0.0,0.0,0.0,0.0,24.0,0.0,0.0,0.0,24.0,0.0,0.0,0.0,0.0,0.0,"solar2_v,lipo2_v"
2021-07-29T15:00:00Z,24.0,24.0,,,0.0,0.0,,,,,,,,,,,3.517,3.514,3.519,,,,236.333,0.0,0.0,,,,,272.417,271.0,273.0,,,0.0,11089.0,11117.0,0.0,0.0,0.0,0.0,0.0,0.0,24.0,0.0,0.0,0.0,24.0,0.0,0.0,0.0,0.0,0.0,"solar2_v,lipo2_v"
2021-07-29T16:00:00Z,27.0,27.0,,,0.0,0.0,,,,,,,,,,,3.515,3.512,3.517,,,,236.519,0.0,0.0,,,,,271.0,270.0,272.0,,,0.0,11118.0,11145.0,0.0,0.0,0.0,0.0,0.0,0.0,27.0,0.0,0.0,0.0,27.0,0.0,0.0,0.0,0.0,0.0,"solar2_v,lipo2_v"
2021-07-29T17:00:00Z,28.0,28.0,,,0.0,0.0,,,,,,,,,,,3.514,3.511,3.516,,,,236.571,0.0,0.0,,,,,269.714,269.0,271.0,,,0.0,11146.0,11174.0,0.0,0.0,0.0,0.0,0.0,0.0,28.0,0.0,0.0,0.0,28.0,0.0,0.0,0.0,0.0,0.0,"solar2_v,lipo2_v"
2021-07-29T18:00:00Z,29.0,29.0,,,0.0,0.0,,,,,,,,,,,3.512,3.511,3.516,,,,236.552,0.0,0.0,,,,,270.379,270.0,271.0,,,0.0,11175.0,11203.0,0.0,0.0,0.0,0.0,0.0,0.0,29.0,0.0,0.0,0.0,29.0,0.0,0.0,0.0,0.0,0.0,"solar2_v,lipo2_v"
2021-07-29T19:00:00Z,28.0,28.0,,,0.0,0.0,,,,,,,,,,,3.511,3.509,3.512,,,,236.393,0.0,0.0,,,,,269.643,268.0,272.0,,,0.0,11204.0,11231.0,0.0,0.0,0.0,0.0,0.0,0.0,28.0,0.0,0.0,0.0,28.0,0.0,0.0,0.0,0.0,0.0,"solar2_v,lipo2_v"
2021-07-29T20:00:00Z,27.0,27.0,,,0.0,0.0,,,,,,,,,,,3.51,3.508,3.512,,,,236.481,0.0,0.0,,,,,270.63,268.0,273.0,,,0.0,11232.0,11260.0,0.0,0.0,0.0,0.0,0.0,0.0,27.0,0.0,0.0,0.0,27.0,0.0,0.0,0.0,0.0,0.0,"solar2_v,lipo2_v"
2021-07-29T21:00:00Z,28.0,28.0,,,0.0,0.0,,,,,,,,,,,3.509,3.508,3.511,,,,235.821,0.0,0.0,,,,,273.357,273.0,274.0,,,0.0,11261.0,11288.0,0.0,0.0,0.0,0.0,0.0,0.0,28.0,0.0,0.0,0.0,28.0,0.0,0.0,0.0,0.0,0.0,"solar2_v,lipo2_v"
2021-07-29T22:00:00Z,29.0,29.0,,,0.0,0.0,,,,,,,,,,,3.508,3.506,3.509,,,,236.414,0.0,0.0,,,,,273.034,272.0,274.0,,,0.0,11289.0,11317.0,0.0,0.0,0.0,0.0,0.0,0.0,29.0,0.0,0.0,0.0,29.0,0.0,0.0,0.0,0.0,0.0,"solar2_v,lipo2_v"
2021-07-29T23:00:00Z,27.0,27.0,,,0.769,1.569,,,,,,,,,,,3.505,3.504,3.508,,,,234.333,0.0,0.0,,,,,285.444,274.0,302.0,,,0.0,11318.0,11345.0,0.0,24.0,0.0,0.0,0.0,0.0,27.0,0.0,0.0,0.0,27.0,0.0,0.0,0.0,0.0,0.0,"solar2_v,lipo2_v"
2021-07-30T00:00:00Z,28.0,28.0,,,2.668,4.244,,,,,,,,,,,3.505,3.504,3.506,,,,229.393,0.0,0.0,,,,,330.143,305.0,364.0,,,0.0,11346.0,11374.0,0.0,28.0,0.0,0.0,0.0,0.0,28.0,0.0,0.0,0.0,28.0,0.0,0.0,0.0,0.0,0.0,"solar2_v,lipo2_v"
2021-07-30T01:00:00Z,29.0,29.0,,,4.031,4.998,,,,,,,,,,,3.505,3.503,3.506,,,,224.172,0.0,0.0,,,,,386.138,366.0,418.0,,,0.0,11375.0,11403.0,0.0,29.0,0.0,0.0,0.0,0.0,29.0,0.0,0.0,0.0,29.0,0.0,0.0,0.0,0.0,0.0,"solar2_v,lipo2_v"
2021-07-30T02:00:00Z,24.0,24.0,,,4.35,4.998,,,,,,,,,,,3.505,3.503,3.506,,,,222.125,0.0,0.0,,,,,416.0,404.0,426.0,,,0.0,11404.0,11431.0,0.0,24.0,0.0,0.0,0.0,0.0,24.0,0.0,0.0,0.0,24.0,0.0,0.0,0.0,0.0,0.0,"solar2_v,lipo2_v"
2021-07-30T03:00:00Z,24.0,24.0,,,4.385,5.269,,,,,,,,,,,3.505,3.503,3.506,,,,219.542,0.0,0.0,,,,,440.458,412.0,465.0,,,0.0,11432.0,11459.0,0.0,24.0,0.0,0.0,0.0,0.0,24.0,0.0,0.0,0.0,24.0,0.0,0.0,0.0,0.0,0.0,"solar2_v,lipo2_v"
2021-07-30T04:00:00Z,26.0,26.0,,,2.503,5.164,,,,,,,,,,,3.502,3.501,3.504,,,,222.269,0.0,0.0,,,,,409.231,380.0,458.0,,,0.0,11460.0,11487.0,0.0,26.0,0.0,0.0,0.0,0.0,26.0,0.0,0.0,0.0,26.0,0.0,0.0,0.0,0.0,0.0,"solar2_v,lipo2_v"
2021-07-30T05:00:00Z,23.0,23.0,,,2.867,3.199,,,,,,,,,,,3.501,3.501,3.501,,,,224.783,0.0,0.0,,,,,378.826,374.0,381.0,,,0.0,11488.0,11516.0,0.0,23.0,0.0,0.0,0.0,0.0,23.0,0.0,0.0,0.0,23.0,0.0,0.0,0.0,0.0,0.0,"solar2_v,lipo2_v"
2021-07-30T06:00:00Z,26.0,26.0,,,2.67,3.311,,,,,,,,,,,3.501,3.499,3.501,,,,224.923,0.0,0.0,,,,,379.269,372.0,390.0,,,0.0,11517.0,11544.0,0.0,26.0,0.0,0.0,0.0,0.0,26.0,0.0,0.0,0.0,26.0,0.0,0.0,0.0,0.0,0.0,"solar2_v,lipo2_v"
2021-07-30T07:00:00Z,24.0,24.0,,,2.376,2.832,,,,,,,,,,,3.499,3.499,3.501,,,,224.708,0.0,0.0,,,,,377.667,367.0,390.0,,,0.0,11545.0,11572.0,0.0,24.0,0.0,0.0,0.0,0.0,24.0,0.0,0.0,0.0,24.0,0.0,0.0,0.0,0.0,0.0,"solar2_v,lipo2_v"
2021-07-30T08:00:00Z,24.0,24.0,,,1.624,1.955,,,,,,,,,,,3.499,3.498,3.499,,,,226.0,0.0,0.0,,,,,360.792,353.0,372.0,,,0.0,11574.0,11600.0,0.0,24.0,0.0,0.0,0.0,0.0,24.0,0.0,0.0,0.0,24.0,0.0,0.0,0.0,0.0,0.0,"solar2_v,lipo2_v"
2021-07-30T09:00:00Z,24.0,24.0,,,0.984,1.236,,,,,,,,,,,3.497,3.496,3.499,,,,227.833,0.0,0.0,,,,,345.167,340.0,350.0,,,0.0,11602.0,11629.0,0.0,24.0,0.0,0.0,0.0,0.0,24.0,0.0,0.0,0.0,24.0,0.0,0.0,0.0,0.0,0.0,"solar2_v,lipo2_v"
2021-07-30T10:00:00Z,22.0,22.0,,,0.29,0.605,,,,,,,,,,,3.494,3.491,3.496,,,,229.455,0.0,0.0,,,,,329.136,323.0,339.0,,,0.0,11630.0,11656.0,0.0,13.0,0.0,0.0,0.0,0.0,22.0,0.0,0.0,0.0,22.0,0.0,0.0,0.0,0.0,0.0,"solar2_v,lipo2_v"
2021-07-30T11:00:00Z,18.0,18.0,,,0.0,0.0,,,,,,,,,,,3.492,3.489,3.494,,,,231.167,0.0,0.0,,,,,316.278,312.0,321.0,,,0.0,11660.0,11685.0,0.0,0.0,0.0,0.0,0.0,0.0,18.0,0.0,0.0,0.0,18.0,0.0,0.0,0.0,0.0,0.0,"solar2_v,lipo2_v"
2021-07-30T12:00:00Z,15.0,15.0,,,0.0,0.0,,,,,,,,,,,3.488,3.486,3.491,,,,232.2,0.0,0.0,,,,,308.267,304.0,311.0,,,0.0,11686.0,11714.0,0.0,0.0,0.0,0.0,0.0,0.0,15.0,0.0,0.0,0.0,15.0,0.0,0.0,0.0,0.0,0.0,"solar2_v,lipo2_v"
2021-07-30T13:00:00Z,21.0,21.0,,,0.0,0.0,,,,,,,,,,,3.482,3.479,3.486,,,,232.619,0.0,0.0,,,,,301.905,301.0,304.0,,,0.0,11715.0,11742.0,0.0,0.0,0.0,0.0,0.0,0.0,21.0,0.0,0.0,0.0,21.0,0.0,0.0,0.0,0.0,0.0,"solar2_v,lipo2_v"
2021-07-30T14:00:00Z,20.0,20.0,,,0.0,0.0,,,,,,,,,,,3.477,3.473,3.479,,,,232.65,0.0,0.0,,,,,300.3,300.0,301.0,,,0.0,11743.0,11770.0,0.0,0.0,0.0,0.0,0.0,0.0,20.0,0.0,0.0,0.0,20.0,0.0,0.0,0.0,0.0,0.0,"solar2_v,lipo2_v"
2021-07-30T15:00:00Z,20.0,20.0,,,0.0,0.0,,,,,,,,,,,3.472,3.47,3.475,,,,233.0,0.0,0.0,,,,,299.05,296.0,300.0,,,0.0,11771.0,11796.0,0.0,0.0,0.0,0.0,0.0,0.0,20.0,0.0,0.0,0.0,20.0,0.0,0.0,0.0,0.0,0.0,"solar2_v,lipo2_v"
2021-07-30T16:00:00Z,26.0,26.0,,,0.0,0.0,,,,,,,,,,,3.465,3.461,3.47,,,,233.346,0.0,0.0,,,,,291.885,290.0,295.0,,,0.0,11800.0,11827.0,0.0,0.0,0.0,0.0,0.0,0.0,26.0,0.0,0.0,0.0,26.0,0.0,0.0,0.0,0.0,0.0,"solar2_v,lipo2_v"
2021-07-30T17:00:00Z,27.0,27.0,,,0.0,0.0,,,,,,,,,,,3.458,3.455,3.461,,,,233.556,0.0,0.0,,,,,289.0,288.0,290.0,,,0.0,11828.0,11855.0,0.0,0.0,0.0,0.0,0.0,0.0,27.0,0.0,0.0,0.0,27.0,0.0,0.0,0.0,0.0,0.0,"solar2_v,lipo2_v"
2021-07-30T18:00:00Z,29.0,29.0,,,0.0,0.0,,,,,,,,,,,3.45,3.446,3.453,,,,233.483,0.0,0.0,,,,,287.483,287.0,288.0,,,0.0,11856.0,11884.0,0.0,0.0,0.0,0.0,0.0,0.0,29.0,0.0,0.0,0.0,29.0,0.0,0.0,0.0,0.0,0.0,"solar2_v,lipo2_v"
2021-07-30T19:00:00Z,28.0,28.0,,,0.0,0.0,,,,,,,,,,,3.445,3.442,3.446,,,,233.679,0.0,0.0,,,,,287.0,287.0,287.0,,,0.0,11885.0,11912.0,0.0,0.0,0.0,0.0,0.0,0.0,28.0,0.0,0.0,0.0,28.0,0.0,0.0,0.0,0.0,0.0,"solar2_v,lipo2_v"
2021-07-30T20:00:00Z,28.0,28.0,,,0.0,0.0,,,,,,,,,,,3.437,3.432,3.442,,,,233.786,0.0,0.0,,,,,286.286,286.0,287.0,,,0.0,11913.0,11941.0,0.0,0.0,0.0,0.0,0.0,0.0,28.0,0.0,0.0,0.0,28.0,0.0,0.0,0.0,0.0,0.0,"solar2_v,lipo2_v"
2021-07-30T21:00:00Z,28.0,28.0,,,0.0,0.0,,,,,,,,,,,3.428,3.423,3.433,,,,234.286,0.0,0.0,,,,,283.607,281.0,286.0,,,0.0,11942.0,11969.0,0.0,0.0,0.0,0.0,0.0,0.0,28.0,0.0,0.0,0.0,28.0,0.0,0.0,0.0,0.0,0.0,"solar2_v,lipo2_v"
2021-07-30T22:00:00Z,28.0,28.0,,,0.0,0.0,,,,,,,,,,,3.417,3.41,3.423,,,,234.143,0.0,0.0,,,,,284.893,281.0,287.0,,,0.0,11970.0,11998.0,0.0,0.0,0.0,0.0,0.0,0.0,28.0,0.0,0.0,0.0,28.0,0.0,0.0,0.0,0.0,0.0,"solar2_v,lipo2_v"
2021-07-30T23:00:00Z,28.0,28.0,,,0.638,1.179,,,,,,,,,,,3.406,3.4,3.41,,,,233.0,0.0,0.0,,,,,293.857,286.0,301.0,,,0.0,11999.0,12026.0,0.0,24.0,0.0,0.0,0.0,0.0,28.0,0.0,0.0,0.0,28.0,0.0,0.0,0.0,0.0,0.0,"solar2_v,lipo2_v"
2021-07-31T00:00:00Z,29.0,29.0,,,2.614,4.59,,,,,,,,,,,3.396,3.394,3.402,,,,229.241,0.0,0.0,,,,,332.793,301.0,367.0,,,0.0,12027.0,12055.0,0.0,29.0,0.0,0.0,0.0,0.0,29.0,0.0,0.0,0.0,29.0,0.0,0.0,0.0,0.0,0.0,"solar2_v,lipo2_v"
2021-07-31T01:00:00Z,28.0,28.0,,,3.24,5.08,,,,,,,,,,,3.39,3.384,3.394,,,,224.679,0.0,0.0,,,,,374.821,367.0,384.0,,,0.0,12056.0,12083.0,0.0,28.0,0.0,0.0,0.0,0.0,28.0,0.0,0.0,0.0,28.0,0.0,0.0,0.0,0.0,0.0,"solar2_v,lipo2_v"
2021-07-31T02:00:00Z,28.0,28.0,,,3.476,5.29,,,,,,,,,,,3.378,3.372,3.384,,,,222.536,0.0,0.0,,,,,406.429,389.0,422.0,,,0.0,12084.0,12112.0,0.0,28.0,0.0,0.0,0.0,0.0,28.0,0.0,0.0,0.0,28.0,0.0,0.0,0.0,0.0,0.0,"solar2_v,lipo2_v"
2021-07-31T03:00:00Z,26.0,26.0,,,3.384,5.43,,,,,,,,,,,3.367,3.356,3.372,,,,223.077,0.0,0.0,,,,,401.615,384.0,419.0,,,0.0,12113.0,12139.0,0.0,26.0,0.0,0.0,0.0,0.0,26.0,0.0,0.0,0.0,26.0,0.0,0.0,0.0,0.0,0.0,"solar2_v,lipo2_v"
2021-07-31T04:00:00Z,20.0,20.0,,,2.389,5.471,,,,,,,,,,,3.345,3.341,3.354,,,,220.2,0.0,0.0,,,,,402.2,379.0,430.0,,,0.0,12140.0,12165.0,0.0,20.0,0.0,0.0,0.0,0.0,20.0,0.0,0.0,0.0,20.0,0.0,0.0,0.0,0.0,0.0,"solar2_v,lipo2_v"
2021-07-31T05:00:00Z,19.0,19.0,,,2.144,2.929,,,,,,,,,,,3.331,3.316,3.339,,,,220.263,0.0,0.0,,,,,376.842,371.0,380.0,,,0.0,12168.0,12194.0,0.0,19.0,0.0,0.0,0.0,0.0,19.0,0.0,0.0,0.0,19.0,0.0,0.0,0.0,0.0,0.0,"solar2_v,lipo2_v"
2021-07-31T06:00:00Z,26.0,26.0,,,1.644,2.307,,,,,,,,,,,3.308,3.3,3.316,,,,217.269,0.0,0.0,,,,,373.5,368.0,380.0,,,0.0,12195.0,12223.0,0.0,26.0,0.0,0.0,0.0,0.0,26.0,0.0,0.0,0.0,26.0,0.0,0.0,0.0,0.0,0.0,"solar2_v,lipo2_v"
2021-07-31T07:00:00Z,24.0,24.0,,,1.338,1.887,,,,,,,,,,,3.292,3.288,3.298,,,,214.667,0.0,0.0,,,,,368.833,367.0,371.0,,,0.0,12224.0,12250.0,0.0,24.0,0.0,0.0,0.0,0.0,24.0,0.0,0.0,0.0,24.0,0.0,0.0,0.0,0.0,0.0,"solar2_v,lipo2_v"
2021-07-31T08:00:00Z,23.0,23.0,,,1.118,1.559,,,,,,,,,,,3.277,3.267,3.288,,,,211.565,0.0,0.0,,,,,369.304,364.0,373.0,,,0.0,12252.0,12279.0,0.0,23.0,0.0,0.0,0.0,0.0,23.0,0.0,0.0,0.0,23.0,0.0,0.0,0.0,0.0,0.0,"solar2_v,lipo2_v"
2021-07-31T09:00:00Z,27.0,27.0,,,0.697,0.995,,,,,,,,,,,3.258,3.247,3.267,,,,208.852,0.0,0.0,,,,,354.963,350.0,365.0,,,0.0,12280.0,12308.0,0.0,27.0,0.0,0.0,0.0,0.0,27.0,0.0,0.0,0.0,27.0,0.0,0.0,0.0,0.0,0.0,"solar2_v,lipo2_v"
2021-07-31T10:00:00Z,28.0,28.0,,,0.229,0.644,,,,,,,,,,,3.239,3.232,3.247,,,,207.357,0.0,0.0,,,,,335.571,326.0,349.0,,,0.0,12309.0,12336.0,0.0,13.0,0.0,0.0,0.0,0.0,28.0,0.0,0.0,0.0,28.0,0.0,0.0,0.0,0.0,0.0,"solar2_v,lipo2_v"
2021-07-31T11:00:00Z,28.0,28.0,,,0.0,0.0,,,,,,,,,,,3.221,3.209,3.23,,,,204.607,0.0,0.0,,,,,323.036,319.0,327.0,,,0.0,12337.0,12365.0,0.0,0.0,0.0,0.0,0.0,0.0,28.0,0.0,0.0,0.0,28.0,0.0,0.0,0.0,0.0,0.0,"solar2_v,lipo2_v"
2021-07-31T12:00:00Z,26.0,26.0,,,0.0,0.0,,,,,,,,,,,3.196,3.171,3.209,,,,200.885,0.0,0.0,,,,,315.269,312.0,320.0,,,0.0,1.0,12378.0,0.0,0.0,0.0,0.0,0.0,0.0,26.0,0.0,0.0,0.0,26.0,0.0,0.0,0.0,0.0,0.0,"solar2_v,lipo2_v"
2021-07-31T13:00:00Z,20.0,20.0,,,0.0,0.0,,,,,,,,,,,3.159,3.133,3.184,,,,189.15,0.0,0.0,,,,,303.95,301.0,311.0,,,0.0,1.0,23.0,0.0,0.0,0.0,0.0,0.0,0.0,20.0,0.0,0.0,0.0,20.0,0.0,0.0,0.0,0.0,0.0,"solar2_v,lipo2_v"
2021-07-31T14:00:00Z,21.0,21.0,,,0.0,0.0,,,,,,,,,,,3.115,3.095,3.131,,,,178.857,0.0,0.0,,,,,297.905,295.0,300.0,,,0.0,1.0,1.0,0.0,0.0,0.0,0.0,0.0,0.0,21.0,0.0,0.0,0.0,21.0,0.0,0.0,0.0,0.0,0.0,"solar2_v,lipo2_v"
2021-07-31T15:00:00Z,27.0,27.0,,,0.0,0.0,,,,,,,,,,,3.075,3.055,3.095,,,,172.889,0.0,0.0,,,,,292.444,291.0,296.0,,,0.0,1.0,1.0,0.0,0.0,0.0,0.0,0.0,0.0,27.0,0.0,0.0,0.0,27.0,0.0,0.0,0.0,0.0,0.0,"solar2_v,lipo2_v"
2021-07-31T16:00:00Z,27.0,27.0,,,0.0,0.0,,,,,,,,,,,3.032,3.009,3.055,,,,162.963,0.0,0.0,,,,,329.63,291.0,612.0,,,0.0,1.0,1.0,0.0,0.0,0.0,0.0,0.0,0.0,27.0,0.0,0.0,0.0,27.0,0.0,0.0,0.0,0.0,0.0,"solar2_v,lipo2_v"
2021-07-31T17:00:00Z,29.0,29.0,,,0.0,0.0,,,,,,,,,,,2.981,2.95,3.009,,,,155.0,0.0,0.0,,,,,610.345,605.0,613.0,,,0.0,1.0,1.0,0.0,0.0,0.0,0.0,0.0,0.0,29.0,0.0,0.0,0.0,29.0,0.0,0.0,0.0,0.0,0.0,"solar2_v,lipo2_v"
2021-07-31T18:00:00Z,14.0,14.0,,,0.0,0.0,,,,,,,,,,,2.931,2.915,2.948,,,,155.0,0.0,0.0,,,,,598.857,593.0,605.0,,,0.0,1.0,1.0,0.0,0.0,0.0,0.0,0.0,0.0,14.0,0.0,0.0,0.0,14.0,0.0,0.0,0.0,0.0,0.0,"solar2_v,lipo2_v"
2021-09-22T00:00:00Z,7.0,7.0,,,0.0,0.0,,,,,,,,,,,3.201,2.499,3.646,,,,235.571,0.0,0.0,,,,,333.286,330.0,342.0,,,0.0,1.0,8.0,0.0,0.0,0.0,0.0,0.0,0.0,7.0,0.0,0.0,0.0,7.0,0.0,0.0,0.0,0.0,0.0,"solar2_v,lipo2_v"
2021-09-22T01:00:00Z,26.0,26.0,,,0.0,0.0,,,,,,,,,,,3.858,3.712,4.003,,,,250.192,0.0,0.0,,,,,315.577,302.0,329.0,,,0.0,10.0,36.0,0.0,0.0,0.0,0.0,0.0,0.0,26.0,0.0,0.0,0.0,26.0,0.0,0.0,0.0,0.0,0.0,"solar2_v,lipo2_v"
2021-09-22T02:00:00Z,24.0,24.0,,,0.0,0.0,,,,,,,,,,,4.076,4.014,4.118,,,,239.5,0.0,0.0,,,,,301.083,299.0,304.0,,,0.0,38.0,64.0,0.0,0.0,0.0,0.0,0.0,0.0,24.0,0.0,0.0,0.0,24.0,0.0,0.0,0.0,0.0,0.0,"solar2_v,lipo2_v"
2021-09-22T03:00:00Z,28.0,28.0,,,0.0,0.0,,,,,,,,,,,4.137,4.121,4.151,,,,241.071,0.0,0.0,,,,,293.643,290.0,299.0,,,0.0,65.0,93.0,0.0,0.0,0.0,0.0,0.0,0.0,28.0,0.0,0.0,0.0,28.0,0.0,0.0,0.0,0.0,0.0,"solar2_v,lipo2_v"
2021-09-22T04:00:00Z,28.0,28.0,,,0.0,0.0,,,,,,,,,,,4.162,4.149,4.172,,,,239.321,0.0,0.0,,,,,297.071,289.0,302.0,,,0.0,94.0,121.0,0.0,0.0,0.0,0.0,0.0,0.0,28.0,0.0,0.0,0.0,28.0,0.0,0.0,0.0,0.0,0.0,"solar2_v,lipo2_v"
2021-09-22T05:00:00Z,29.0,29.0,,,0.0,0.0,,,,,,,,,,,4.181,4.171,4.186,,,,241.586,0.0,0.0,,,,,305.0,302.0,308.0,,,0.0,122.0,150.0,0.0,0.0,0.0,0.0,0.0,0.0,29.0,0.0,0.0,0.0,29.0,0.0,0.0,0.0,0.0,0.0,"solar2_v,lipo2_v"
2021-09-22T06:00:00Z,27.0,27.0,,,0.0,0.0,,,,,,,,,,,4.155,4.146,4.166,,,,237.111,0.0,0.0,,,,,306.074,305.0,309.0,,,0.0,151.0,178.0,0.0,0.0,0.0,0.0,0.0,0.0,27.0,0.0,0.0,0.0,27.0,0.0,0.0,0.0,0.0,0.0,"solar2_v,lipo2_v"
2021-09-22T07:00:00Z,25.0,25.0,,,0.0,0.0,,,,,,,,,,,4.141,4.138,4.146,,,,239.8,0.0,0.0,,,,,306.88,306.0,308.0,,,0.0,179.0,207.0,0.0,0.0,0.0,0.0,0.0,0.0,25.0,0.0,0.0,0.0,25.0,0.0,0.0,0.0,0.0,0.0,"solar2_v,lipo2_v"
2021-09-22T08:00:00Z,26.0,26.0,,,0.0,0.0,,,,,,,,,,,4.137,4.135,4.139,,,,250.769,0.0,0.0,,,,,308.385,307.0,310.0,,,0.0,208.0,235.0,0.0,0.0,0.0,0.0,0.0,0.0,26.0,0.0,0.0,0.0,26.0,0.0,0.0,0.0,0.0,0.0,"solar2_v,lipo2_v"
2021-09-22T09:00:00Z,29.0,29.0,,,0.0,0.0,,,,,,,,,,,4.135,4.133,4.136,,,,248.345,0.0,0.0,,,,,305.724,297.0,310.0,,,0.0,236.0,264.0,0.0,0.0,0.0,0.0,0.0,0.0,29.0,0.0,0.0,0.0,29.0,0.0,0.0,0.0,0.0,0.0,"solar2_v,lipo2_v"
2021-09-22T10:00:00Z,29.0,29.0,,,0.0,0.0,,,,,,,,,,,4.133,4.125,4.135,,,,252.862,0.0,0.0,,,,,288.414,286.0,296.0,,,0.0,265.0,293.0,0.0,0.0,0.0,0.0,0.0,0.0,29.0,0.0,0.0,0.0,29.0,0.0,0.0,0.0,0.0,0.0,"solar2_v,lipo2_v"
2021-09-22T11:00:00Z,26.0,26.0,,,0.0,0.0,,,,,,,,,,,4.123,4.12,4.126,,,,233.0,0.0,0.0,,,,,293.5,290.0,296.0,,,0.0,294.0,321.0,0.0,0.0,0.0,0.0,0.0,0.0,26.0,0.0,0.0,0.0,26.0,0.0,0.0,0.0,0.0,0.0,"solar2_v,lipo2_v"
2021-09-22T12:00:00Z,27.0,27.0,,,0.0,0.0,,,,,,,,,,,4.117,4.115,4.12,,,,233.111,0.0,0.0,,,,,292.37,290.0,296.0,,,0.0,322.0,350.0,0.0,0.0,0.0,0.0,0.0,0.0,27.0,0.0,0.0,0.0,27.0,0.0,0.0,0.0,0.0,0.0,"solar2_v,lipo2_v"
2021-09-22T13:00:00Z,27.0,27.0,,,0.0,0.0,,,,,,,,,,,4.113,4.11,4.116,,,,232.815,0.0,0.0,,,,,296.222,296.0,298.0,,,0.0,351.0,378.0,0.0,0.0,0.0,0.0,0.0,0.0,27.0,0.0,0.0,0.0,27.0,0.0,0.0,0.0,0.0,0.0,"solar2_v,lipo2_v"
2021-09-22T14:00:00Z,29.0,29.0,,,0.0,0.0,,,,,,,,,,,4.109,4.105,4.111,,,,233.586,0.0,0.0,,,,,289.31,275.0,298.0,,,0.0,379.0,407.0,0.0,0.0,0.0,0.0,0.0,0.0,29.0,0.0,0.0,0.0,29.0,0.0,0.0,0.0,0.0,0.0,"solar2_v,lipo2_v"
2021-09-22T15:00:00Z,28.0,28.0,,,0.0,0.0,,,,,,,,,,,4.106,4.103,4.106,,,,235.107,0.0,0.0,,,,,273.464,273.0,274.0,,,0.0,408.0,435.0,0.0,0.0,0.0,0.0,0.0,0.0,28.0,0.0,0.0,0.0,28.0,0.0,0.0,0.0,0.0,0.0,"solar2_v,lipo2_v"
2021-09-22T16:00:00Z,29.0,29.0,,,0.0,0.0,,,,,,,,,,,4.105,4.103,4.106,,,,234.759,0.0,0.0,,,,,273.793,273.0,274.0,,,0.0,436.0,464.0,0.0,0.0,0.0,0.0,0.0,0.0,29.0,0.0,0.0,0.0,29.0,0.0,0.0,0.0,0.0,0.0,"solar2_v,lipo2_v"
2021-09-22T17:00:00Z,28.0,28.0,,,0.0,0.0,,,,,,,,,,,4.102,4.098,4.105,,,,234.714,0.0,0.0,,,,,274.0,274.0,274.0,,,0.0,465.0,493.0,0.0,0.0,0.0,0.0,0.0,0.0,28.0,0.0,0.0,0.0,28.0,0.0,0.0,0.0,0.0,0.0,"solar2_v,lipo2_v"
2021-09-22T18:00:00Z,27.0,27.0,,,0.0,0.0,,,,,,,,,,,4.099,4.095,4.102,,,,234.37,0.0,0.0,,,,,274.037,274.0,275.0,,,0.0,494.0,521.0,0.0,0.0,0.0,0.0,0.0,0.0,27.0,0.0,0.0,0.0,27.0,0.0,0.0,0.0,0.0,0.0,"solar2_v,lipo2_v"
2021-09-22T19:00:00Z,27.0,27.0,,,0.0,0.0,,,,,,,,,,,4.095,4.092,4.097,,,,234.889,0.0,0.0,,,,,274.037,274.0,275.0,,,0.0,522.0,548.0,0.0,0.0,0.0,0.0,0.0,0.0,27.0,0.0,0.0,0.0,27.0,0.0,0.0,0.0,0.0,0.0,"solar2_v,lipo2_v"
2021-09-22T20:00:00Z,27.0,27.0,,,0.0,0.0,,,,,,,,,,,4.092,4.09,4.093,,,,234.778,0.0,0.0,,,,,273.704,273.0,274.0,,,0.0,551.0,578.0,0.0,0.0,0.0,0.0,0.0,0.0,27.0,0.0,0.0,0.0,27.0,0.0,0.0,0.0,0.0,0.0,"solar2_v,lipo2_v"
2021-09-22T21:00:00Z,21.0,21.0,,,0.0,0.0,,,,,,,,,,,4.09,4.088,4.092,,,,234.571,0.0,0.0,,,,,275.048,274.0,277.0,,,0.0,580.0,606.0,0.0,0.0,0.0,0.0,0.0,0.0,21.0,0.0,0.0,0.0,21.0,0.0,0.0,0.0,0.0,0.0,"solar2_v,lipo2_v"
2021-09-22T22:00:00Z,11.0,11.0,,,0.0,0.0,,,,,,,,,,,4.084,4.082,4.087,,,,234.182,0.0,0.0,,,,,275.545,274.0,278.0,,,0.0,610.0,630.0,0.0,0.0,0.0,0.0,0.0,0.0,11.0,0.0,0.0,0.0,11.0,0.0,0.0,0.0,0.0,0.0,"solar2_v,lipo2_v"
2021-09-22T23:00:00Z,13.0,13.0,,,0.673,1.094,,,,,,,,,,,4.081,4.08,4.082,,,,233.385,0.0,0.0,,,,,286.385,282.0,293.0,,,0.0,645.0,660.0,0.0,13.0,0.0,0.0,0.0,0.0,13.0,0.0,0.0,0.0,13.0,0.0,0.0,0.0,0.0,0.0,"solar2_v,lipo2_v"
2021-09-23T00:00:00Z,22.0,22.0,,,1.514,2.727,,,,,,,,,,,4.08,4.08,4.082,,,,230.773,0.0,0.0,,,,,309.364,263.0,321.0,,,0.0,663.0,688.0,0.0,22.0,0.0,0.0,0.0,0.0,22.0,0.0,0.0,0.0,22.0,0.0,0.0,0.0,0.0,0.0,"solar2_v,lipo2_v"
2021-09-23T01:00:00Z,23.0,23.0,,,1.814,2.673,,,,,,,,,,,4.08,4.078,4.082,,,,229.783,0.0,0.0,,,,,308.435,214.0,340.0,,,0.0,690.0,717.0,0.0,23.0,0.0,0.0,0.0,0.0,23.0,0.0,0.0,0.0,23.0,0.0,0.0,0.0,0.0,0.0,"solar2_v,lipo2_v"
2021-09-23T02:00:00Z,20.0,20.0,,,2.513,3.873,,,,,,,,,,,4.079,4.078,4.08,,,,227.0,0.0,0.0,,,,,347.15,335.0,378.0,,,0.0,718.0,745.0,0.0,20.0,0.0,0.0,0.0,0.0,20.0,0.0,0.0,0.0,20.0,0.0,0.0,0.0,0.0,0.0,"solar2_v,lipo2_v"
2021-09-23T03:00:00Z,25.0,25.0,,,3.855,5.531,,,,,,,,,,,4.079,4.078,4.08,,,,221.88,0.0,0.0,,,,,410.84,382.0,436.0,,,0.0,746.0,773.0,0.0,25.0,0.0,0.0,0.0,0.0,25.0,0.0,0.0,0.0,25.0,0.0,0.0,0.0,0.0,0.0,"solar2_v,lipo2_v"
2021-09-23T04:00:00Z,29.0,29.0,,,3.405,5.364,,,,,,,,,,,4.078,4.077,4.08,,,,220.241,0.0,0.0,,,,,431.172,407.0,462.0,,,0.0,774.0,802.0,0.0,29.0,0.0,0.0,0.0,0.0,29.0,0.0,0.0,0.0,29.0,0.0,0.0,0.0,0.0,0.0,"solar2_v,lipo2_v"
2021-09-23T05:00:00Z,29.0,29.0,,,2.66,5.495,,,,,,,,,,,4.076,4.073,4.078,,,,223.0,0.0,0.0,,,,,396.621,378.0,414.0,,,0.0,803.0,831.0,0.0,29.0,0.0,0.0,0.0,0.0,29.0,0.0,0.0,0.0,29.0,0.0,0.0,0.0,0.0,0.0,"solar2_v,lipo2_v"
2021-09-23T06:00:00Z,28.0,28.0,,,2.976,5.22,,,,,,,,,,,4.075,4.073,4.078,,,,222.571,0.0,0.0,,,,,405.714,367.0,449.0,,,0.0,832.0,859.0,0.0,28.0,0.0,0.0,0.0,0.0,28.0,0.0,0.0,0.0,28.0,0.0,0.0,0.0,0.0,0.0,"solar2_v,lipo2_v"
2021-09-23T07:00:00Z,28.0,28.0,,,2.545,5.195,,,,,,,,,,,4.073,4.072,4.077,,,,222.321,0.0,0.0,,,,,407.321,384.0,433.0,,,0.0,861.0,888.0,0.0,28.0,0.0,0.0,0.0,0.0,28.0,0.0,0.0,0.0,28.0,0.0,0.0,0.0,0.0,0.0,"solar2_v,lipo2_v"
2021-09-23T08:00:00Z,26.0,26.0,,,0.983,1.679,,,,,,,,,,,4.069,4.067,4.073,,,,226.654,0.0,0.0,,,,,352.5,338.0,383.0,,,0.0,889.0,916.0,0.0,26.0,0.0,0.0,0.0,0.0,26.0,0.0,0.0,0.0,26.0,0.0,0.0,0.0,0.0,0.0,"solar2_v,lipo2_v"
2021-09-23T09:00:00Z,28.0,28.0,,,0.232,0.733,,,,,,,,,,,4.066,4.064,4.067,,,,228.929,0.0,0.0,,,,,327.357,321.0,336.0,,,0.0,917.0,945.0,0.0,12.0,0.0,0.0,0.0,0.0,28.0,0.0,0.0,0.0,28.0,0.0,0.0,0.0,0.0,0.0,"solar2_v,lipo2_v"
2021-09-23T10:00:00Z,28.0,28.0,,,0.0,0.0,,,,,,,,,,,4.065,4.064,4.067,,,,230.036,0.0,0.0,,,,,317.893,314.0,321.0,,,0.0,946.0,973.0,0.0,0.0,0.0,0.0,0.0,0.0,28.0,0.0,0.0,0.0,28.0,0.0,0.0,0.0,0.0,0.0,"solar2_v,lipo2_v"
2021-09-23T11:00:00Z,29.0,29.0,,,0.0,0.0,,,,,,,,,,,4.063,4.059,4.065,,,,231.414,0.0,0.0,,,,,308.448,301.0,314.0,,,0.0,974.0,1002.0,0.0,0.0,0.0,0.0,0.0,0.0,29.0,0.0,0.0,0.0,29.0,0.0,0.0,0.0,0.0,0.0,"solar2_v,lipo2_v"
2021-09-23T12:00:00Z,29.0,29.0,,,0.0,0.0,,,,,,,,,,,4.06,4.059,4.062,,,,232.966,0.0,0.0,,,,,291.207,287.0,301.0,,,0.0,1003.0,1031.0,0.0,0.0,0.0,0.0,0.0,0.0,29.0,0.0,0.0,0.0,29.0,0.0,0.0,0.0,0.0,0.0,"solar2_v,lipo2_v"
2021-09-23T13:00:00Z,25.0,25.0,,,0.0,0.0,,,,,,,,,,,4.058,4.055,4.06,,,,233.6,0.0,0.0,,,,,284.0,281.0,287.0,,,0.0,1032.0,1059.0,0.0,0.0,0.0,0.0,0.0,0.0,25.0,0.0,0.0,0.0,25.0,0.0,0.0,0.0,0.0,0.0,"solar2_v,lipo2_v"
2021-09-23T14:00:00Z,28.0,28.0,,,0.0,0.0,,,,,,,,,,,4.056,4.054,4.057,,,,233.714,0.0,0.0,,,,,281.0,281.0,281.0,,,0.0,1060.0,1088.0,0.0,0.0,0.0,0.0,0.0,0.0,28.0,0.0,0.0,0.0,28.0,0.0,0.0,0.0,0.0,0.0,"solar2_v,lipo2_v"
2021-09-23T15:00:00Z,28.0,28.0,,,0.0,0.0,,,,,,,,,,,4.055,4.054,4.057,,,,233.429,0.0,0.0,,,,,284.357,281.0,286.0,,,0.0,1089.0,1116.0,0.0,0.0,0.0,0.0,0.0,0.0,28.0,0.0,0.0,0.0,28.0,0.0,0.0,0.0,0.0,0.0,"solar2_v,lipo2_v"
2021-09-23T16:00:00Z,29.0,29.0,,,0.0,0.0,,,,,,,,,,,4.054,4.052,4.055,,,,233.552,0.0,0.0,,,,,284.931,282.0,286.0,,,0.0,1117.0,1145.0,0.0,0.0,0.0,0.0,0.0,0.0,29.0,0.0,0.0,0.0,29.0,0.0,0.0,0.0,0.0,0.0,"solar2_v,lipo2_v"
2021-09-23T17:00:00Z,29.0,29.0,,,0.0,0.0,,,,,,,,,,,4.054,4.052,4.055,,,,233.828,0.0,0.0,,,,,283.379,282.0,284.0,,,0.0,1146.0,1174.0,0.0,0.0,0.0,0.0,0.0,0.0,29.0,0.0,0.0,0.0,29.0,0.0,0.0,0.0,0.0,0.0,"solar2_v,lipo2_v"
2021-09-23T18:00:00Z,26.0,26.0,,,0.0,0.0,,,,,,,,,,,4.053,4.05,4.054,,,,233.231,0.0,0.0,,,,,286.654,285.0,289.0,,,0.0,1175.0,1202.0,0.0,0.0,0.0,0.0,0.0,0.0,26.0,0.0,0.0,0.0,26.0,0.0,0.0,0.0,0.0,0.0,"solar2_v,lipo2_v"
2021-09-23T19:00:00Z,12.0,12.0,,,0.0,0.0,,,,,,,,,,,4.051,4.049,4.052,,,,233.0,0.0,0.0,,,,,288.5,287.0,291.0,,,0.0,1203.0,1229.0,0.0,0.0,0.0,0.0,0.0,0.0,12.0,0.0,0.0,0.0,12.0,0.0,0.0,0.0,0.0,0.0,"solar2_v,lipo2_v"
2021-09-23T20:00:00Z,28.0,28.0,,,0.0,0.0,,,,,,,,,,,4.05,4.049,4.052,,,,233.857,0.0,0.0,,,,,284.071,281.0,287.0,,,0.0,1230.0,1257.0,0.0,0.0,0.0,0.0,0.0,0.0,28.0,0.0,0.0,0.0,28.0,0.0,0.0,0.0,0.0,0.0,"solar2_v,lipo2_v"
2021-09-23T21:00:00Z,29.0,29.0,,,0.0,0.0,,,,,,,,,,,4.049,4.045,4.05,,,,234.0,0.0,0.0,,,,,280.034,279.0,281.0,,,0.0,1258.0,1286.0,0.0,0.0,0.0,0.0,0.0,0.0,29.0,0.0,0.0,0.0,29.0,0.0,0.0,0.0,0.0,0.0,"solar2_v,lipo2_v"
2021-09-23T22:00:00Z,29.0,29.0,,,0.0,0.0,,,,,,,,,,,4.048,4.047,4.05,,,,234.069,0.0,0.0,,,,,280.586,280.0,284.0,,,0.0,1287.0,1315.0,0.0,0.0,0.0,0.0,0.0,0.0,29.0,0.0,0.0,0.0,29.0,0.0,0.0,0.0,0.0,0.0,"solar2_v,lipo2_v"
2021-09-23T23:00:00Z,28.0,28.0,,,0.504,0.961,,,,,,,,,,,4.048,4.044,4.05,,,,232.964,0.0,0.0,,,,,290.321,283.0,300.0,,,0.0,1316.0,1343.0,0.0,23.0,0.0,0.0,0.0,0.0,28.0,0.0,0.0,0.0,28.0,0.0,0.0,0.0,0.0,0.0,"solar2_v,lipo2_v"
2021-09-24T00:00:00Z,29.0,29.0,,,1.376,1.912,,,,,,,,,,,4.047,4.045,4.05,,,,230.345,0.0,0.0,,,,,253.966,211.0,310.0,,,0.0,1344.0,1372.0,0.0,29.0,0.0,0.0,0.0,0.0,29.0,0.0,0.0,0.0,29.0,0.0,0.0,0.0,0.0,0.0,"solar2_v,lipo2_v"
2021-09-24T01:00:00Z,24.0,24.0,,,2.153,3.841,,,,,,,,,,,4.048,4.045,4.049,,,,226.958,0.0,0.0,,,,,268.333,213.0,365.0,,,0.0,1373.0,1399.0,0.0,24.0,0.0,0.0,0.0,0.0,24.0,0.0,0.0,0.0,24.0,0.0,0.0,0.0,0.0,0.0,"solar2_v,lipo2_v"
2021-09-24T02:00:00Z,21.0,21.0,,,3.175,4.223,,,,,,,,,,,4.047,4.045,4.049,,,,223.619,0.0,0.0,,,,,390.476,371.0,409.0,,,0.0,1400.0,1427.0,0.0,21.0,0.0,0.0,0.0,0.0,21.0,0.0,0.0,0.0,21.0,0.0,0.0,0.0,0.0,0.0,"solar2_v,lipo2_v"
2021-09-24T03:00:00Z,26.0,26.0,,,3.639,5.22,,,,,,,,,,,4.048,4.047,4.05,,,,222.462,0.0,0.0,,,,,408.154,389.0,424.0,,,0.0,1428.0,1456.0,0.0,26.0,0.0,0.0,0.0,0.0,26.0,0.0,0.0,0.0,26.0,0.0,0.0,0.0,0.0,0.0,"solar2_v,lipo2_v"
2021-09-24T04:00:00Z,28.0,28.0,,,4.184,5.387,,,,,,,,,,,4.049,4.047,4.052,,,,217.714,0.0,0.0,,,,,460.107,428.0,487.0,,,0.0,1457.0,1484.0,0.0,28.0,0.0,0.0,0.0,0.0,28.0,0.0,0.0,0.0,28.0,0.0,0.0,0.0,0.0,0.0,"solar2_v,lipo2_v"
2021-09-24T05:00:00Z,29.0,29.0,,,2.73,5.351,,,,,,,,,,,4.046,4.044,4.05,,,,221.138,0.0,0.0,,,,,418.207,360.0,457.0,,,0.0,1485.0,1513.0,0.0,29.0,0.0,0.0,0.0,0.0,29.0,0.0,0.0,0.0,29.0,0.0,0.0,0.0,0.0,0.0,"solar2_v,lipo2_v"
2021-09-24T06:00:00Z,29.0,29.0,,,1.366,2.368,,,,,,,,,,,4.041,4.039,4.045,,,,231.69,0.0,0.0,,,,,305.69,286.0,354.0,,,0.0,1514.0,1542.0,0.0,29.0,0.0,0.0,0.0,0.0,29.0,0.0,0.0,0.0,29.0,0.0,0.0,0.0,0.0,0.0,"solar2_v,lipo2_v"
2021-09-24T07:00:00Z,26.0,26.0,,,0.659,1.162,,,,,,,,,,,4.038,4.037,4.04,,,,234.269,0.0,0.0,,,,,281.154,278.0,286.0,,,0.0,1543.0,1570.0,0.0,26.0,0.0,0.0,0.0,0.0,26.0,0.0,0.0,0.0,26.0,0.0,0.0,0.0,0.0,0.0,"solar2_v,lipo2_v"
2021-09-24T08:00:00Z,26.0,26.0,,,0.091,0.365,,,,,,,,,,,4.038,4.036,4.039,,,,233.923,0.0,0.0,,,,,277.923,277.0,280.0,,,0.0,1571.0,1599.0,0.0,7.0,0.0,0.0,0.0,0.0,26.0,0.0,0.0,0.0,26.0,0.0,0.0,0.0,0.0,0.0,"solar2_v,lipo2_v"
2021-09-24T09:00:00Z,27.0,27.0,,,0.0,0.0,,,,,,,,,,,4.037,4.036,4.039,,,,234.444,0.0,0.0,,,,,278.0,274.0,281.0,,,0.0,1600.0,1627.0,0.0,0.0,0.0,0.0,0.0,0.0,27.0,0.0,0.0,0.0,27.0,0.0,0.0,0.0,0.0,0.0,"solar2_v,lipo2_v"
2021-09-24T10:00:00Z,29.0,29.0,,,0.0,0.0,,,,,,,,,,,4.036,4.034,4.037,,,,234.828,0.0,0.0,,,,,273.966,273.0,274.0,,,0.0,1628.0,1656.0,0.0,0.0,0.0,0.0,0.0,0.0,29.0,0.0,0.0,0.0,29.0,0.0,0.0,0.0,0.0,0.0,"solar2_v,lipo2_v"
2021-09-24T11:00:00Z,29.0,29.0,,,0.0,0.0,,,,,,,,,,,4.036,4.032,4.037,,,,235.345,0.0,0.0,,,,,273.724,273.0,274.0,,,0.0,1657.0,1685.0,0.0,0.0,0.0,0.0,0.0,0.0,29.0,0.0,0.0,0.0,29.0,0.0,0.0,0.0,0.0,0.0,"solar2_v,lipo2_v"
2021-09-24T12:00:00Z,25.0,25.0,,,0.0,0.0,,,,,,,,,,,4.035,4.032,4.037,,,,235.08,0.0,0.0,,,,,274.12,274.0,276.0,,,0.0,1686.0,1713.0,0.0,0.0,0.0,0.0,0.0,0.0,25.0,0.0,0.0,0.0,25.0,0.0,0.0,0.0,0.0,0.0,"solar2_v,lipo2_v"
2021-09-24T13:00:00Z,24.0,24.0,,,0.0,0.0,,,,,,,,,,,4.034,4.032,4.036,,,,234.375,0.0,0.0,,,,,274.042,274.0,275.0,,,0.0,1714.0,1741.0,0.0,0.0,0.0,0.0,0.0,0.0,24.0,0.0,0.0,0.0,24.0,0.0,0.0,0.0,0.0,0.0,"solar2_v,lipo2_v"
2021-09-24T14:00:00Z,29.0,29.0,,,0.0,0.0,,,,,,,,,,,4.033,4.031,4.036,,,,234.448,0.0,0.0,,,,,276.0,274.0,277.0,,,0.0,1742.0,1770.0,0.0,0.0,0.0,0.0,0.0,0.0,29.0,0.0,0.0,0.0,29.0,0.0,0.0,0.0,0.0,0.0,"solar2_v,lipo2_v"
2021-09-24T15:00:00Z,29.0,29.0,,,0.0,0.0,,,,,,,,,,,4.033,4.031,4.034,,,,234.172,0.0,0.0,,,,,278.172,276.0,281.0,,,0.0,1771.0,1799.0,0.0,0.0,0.0,0.0,0.0,0.0,29.0,0.0,0.0,0.0,29.0,0.0,0.0,0.0,0.0,0.0,"solar2_v,lipo2_v"
2021-09-24T16:00:00Z,28.0,28.0,,,0.0,0.0,,,,,,,,,,,4.032,4.031,4.034,,,,234.571,0.0,0.0,,,,,279.036,278.0,281.0,,,0.0,1800.0,1827.0,0.0,0.0,0.0,0.0,0.0,0.0,28.0,0.0,0.0,0.0,28.0,0.0,0.0,0.0,0.0,0.0,"solar2_v,lipo2_v"
2021-09-24T17:00:00Z,29.0,29.0,,,0.0,0.0,,,,,,,,,,,4.032,4.031,4.034,,,,234.517,0.0,0.0,,,,,277.31,276.0,278.0,,,0.0,1828.0,1856.0,0.0,0.0,0.0,0.0,0.0,0.0,29.0,0.0,0.0,0.0,29.0,0.0,0.0,0.0,0.0,0.0,"solar2_v,lipo2_v"
2021-09-24T18:00:00Z,29.0,29.0,,,0.0,0.0,,,,,,,,,,,4.032,4.031,4.034,,,,235.034,0.0,0.0,,,,,275.172,275.0,276.0,,,0.0,1857.0,1885.0,0.0,0.0,0.0,0.0,0.0,0.0,29.0,0.0,0.0,0.0,29.0,0.0,0.0,0.0,0.0,0.0,"solar2_v,lipo2_v"
2021-09-24T19:00:00Z,27.0,27.0,,,0.0,0.0,,,,,,,,,,,4.031,4.029,4.032,,,,234.778,0.0,0.0,,,,,275.0,274.0,277.0,,,0.0,1886.0,1912.0,0.0,0.0,0.0,0.0,0.0,0.0,27.0,0.0,0.0,0.0,27.0,0.0,0.0,0.0,0.0,0.0,"solar2_v,lipo2_v"
2021-09-24T20:00:00Z,29.0,29.0,,,0.0,0.0,,,,,,,,,,,4.031,4.029,4.032,,,,234.586,0.0,0.0,,,,,274.552,274.0,277.0,,,0.0,1914.0,1942.0,0.0,0.0,0.0,0.0,0.0,0.0,29.0,0.0,0.0,0.0,29.0,0.0,0.0,0.0,0.0,0.0,"solar2_v,lipo2_v"
2021-09-24T21:00:00Z,28.0,28.0,,,0.0,0.0,,,,,,,,,,,4.03,4.029,4.031,,,,235.036,0.0,0.0,,,,,274.0,274.0,274.0,,,0.0,1943.0,1970.0,0.0,0.0,0.0,0.0,0.0,0.0,28.0,0.0,0.0,0.0,28.0,0.0,0.0,0.0,0.0,0.0,"solar2_v,lipo2_v"
2021-09-24T22:00:00Z,29.0,29.0,,,0.0,0.0,,,,,,,,,,,4.03,4.029,4.031,,,,235.31,0.0,0.0,,,,,274.31,274.0,275.0,,,0.0,1971.0,1999.0,0.0,0.0,0.0,0.0,0.0,0.0,29.0,0.0,0.0,0.0,29.0,0.0,0.0,0.0,0.0,0.0,"solar2_v,lipo2_v"
2021-09-24T23:00:00Z,28.0,28.0,,,0.278,0.629,,,,,,,,,,,4.029,4.027,4.031,,,,234.179,0.0,0.0,,,,,281.0,275.0,287.0,,,0.0,2000.0,2027.0,0.0,17.0,0.0,0.0,0.0,0.0,28.0,0.0,0.0,0.0,28.0,0.0,0.0,0.0,0.0,0.0,"solar2_v,lipo2_v"
2021-09-25T00:00:00Z,29.0,29.0,,,1.03,1.828,,,,,,,,,,,4.029,4.029,4.031,,,,231.966,0.0,0.0,,,,,236.448,209.0,291.0,,,0.0,2028.0,2056.0,0.0,29.0,0.0,0.0,0.0,0.0,29.0,0.0,0.0,0.0,29.0,0.0,0.0,0.0,0.0,0.0,"solar2_v,lipo2_v"
2021-09-25T01:00:00Z,29.0,29.0,,,3.936,4.78,,,,,,,,,,,4.031,4.029,4.034,,,,224.172,0.0,0.0,,,,,375.552,212.0,428.0,,,0.0,2057.0,2085.0,0.0,29.0,0.0,0.0,0.0,0.0,29.0,0.0,0.0,0.0,29.0,0.0,0.0,0.0,0.0,0.0,"solar2_v,lipo2_v"
2021-09-25T02:00:00Z,28.0,28.0,,,4.662,5.28,,,,,,,,,,,4.032,4.031,4.036,,,,218.75,0.0,0.0,,,,,445.679,433.0,457.0,,,0.0,2086.0,2113.0,0.0,28.0,0.0,0.0,0.0,0.0,28.0,0.0,0.0,0.0,28.0,0.0,0.0,0.0,0.0,0.0,"solar2_v,lipo2_v"
2021-09-25T03:00:00Z,29.0,29.0,,,3.994,5.413,,,,,,,,,,,4.032,4.031,4.032,,,,219.0,0.0,0.0,,,,,446.724,425.0,473.0,,,0.0,2114.0,2142.0,0.0,29.0,0.0,0.0,0.0,0.0,29.0,0.0,0.0,0.0,29.0,0.0,0.0,0.0,0.0,0.0,"solar2_v,lipo2_v"
2021-09-25T04:00:00Z,29.0,29.0,,,3.191,5.326,,,,,,,,,,,4.031,4.029,4.034,,,,220.552,0.0,0.0,,,,,429.241,374.0,477.0,,,0.0,2143.0,2171.0,0.0,29.0,0.0,0.0,0.0,0.0,29.0,0.0,0.0,0.0,29.0,0.0,0.0,0.0,0.0,0.0,"solar2_v,lipo2_v"
2021-09-25T05:00:00Z,28.0,28.0,,,2.202,4.569,,,,,,,,,,,4.029,4.027,4.031,,,,225.571,0.0,0.0,,,,,367.786,353.0,387.0,,,0.0,2172.0,2199.0,0.0,28.0,0.0,0.0,0.0,0.0,28.0,0.0,0.0,0.0,28.0,0.0,0.0,0.0,0.0,0.0,"solar2_v,lipo2_v"
2021-09-25T06:00:00Z,29.0,29.0,,,2.615,5.364,,,,,,,,,,,4.029,4.029,4.031,,,,223.069,0.0,0.0,,,,,400.586,346.0,442.0,,,0.0,2200.0,2228.0,0.0,29.0,0.0,0.0,0.0,0.0,29.0,0.0,0.0,0.0,29.0,0.0,0.0,0.0,0.0,0.0,"solar2_v,lipo2_v"
2021-09-25T07:00:00Z,27.0,27.0,,,0.477,1.149,,,,,,,,,,,4.027,4.027,4.029,,,,231.963,0.0,0.0,,,,,300.185,281.0,342.0,,,0.0,2229.0,2256.0,0.0,26.0,0.0,0.0,0.0,0.0,27.0,0.0,0.0,0.0,27.0,0.0,0.0,0.0,0.0,0.0,"solar2_v,lipo2_v"
2021-09-25T08:00:00Z,27.0,27.0,,,0.0,0.0,,,,,,,,,,,4.027,4.027,4.027,,,,234.185,0.0,0.0,,,,,278.852,277.0,281.0,,,0.0,2257.0,2285.0,0.0,0.0,0.0,0.0,0.0,0.0,27.0,0.0,0.0,0.0,27.0,0.0,0.0,0.0,0.0,0.0,"solar2_v,lipo2_v"
2021-09-25T09:00:00Z,23.0,23.0,,,0.0,0.0,,,,,,,,,,,4.027,4.026,4.027,,,,234.13,0.0,0.0,,,,,281.043,280.0,286.0,,,0.0,2286.0,2313.0,0.0,0.0,0.0,0.0,0.0,0.0,23.0,0.0,0.0,0.0,23.0,0.0,0.0,0.0,0.0,0.0,"solar2_v,lipo2_v"
2021-09-25T10:00:00Z,28.0,28.0,,,0.0,0.0,,,,,,,,,,,4.027,4.026,4.027,,,,234.321,0.0,0.0,,,,,277.893,275.0,280.0,,,0.0,2314.0,2342.0,0.0,0.0,0.0,0.0,0.0,0.0,28.0,0.0,0.0,0.0,28.0,0.0,0.0,0.0,0.0,0.0,"solar2_v,lipo2_v"
2021-09-25T11:00:00Z,27.0,27.0,,,0.0,0.0,,,,,,,,,,,4.027,4.024,4.027,,,,234.519,0.0,0.0,,,,,275.815,275.0,277.0,,,0.0,2343.0,2371.0,0.0,0.0,0.0,0.0,0.0,0.0,27.0,0.0,0.0,0.0,27.0,0.0,0.0,0.0,0.0,0.0,"solar2_v,lipo2_v"
2021-09-25T12:00:00Z,25.0,25.0,,,0.0,0.0,,,,,,,,,,,4.026,4.026,4.027,,,,234.28,0.0,0.0,,,,,277.72,276.0,286.0,,,0.0,2372.0,2398.0,0.0,0.0,0.0,0.0,0.0,0.0,25.0,0.0,0.0,0.0,25.0,0.0,0.0,0.0,0.0,0.0,"solar2_v,lipo2_v"
2021-09-25T13:00:00Z,27.0,27.0,,,0.0,0.0,,,,,,,,,,,4.026,4.024,4.027,,,,234.852,0.0,0.0,,,,,273.259,265.0,281.0,,,0.0,2399.0,2427.0,0.0,0.0,0.0,0.0,0.0,0.0,27.0,0.0,0.0,0.0,27.0,0.0,0.0,0.0,0.0,0.0,"solar2_v,lipo2_v"
2021-09-25T14:00:00Z,25.0,25.0,,,0.0,0.0,,,,,,,,,,,4.026,4.024,4.027,,,,236.08,0.0,0.0,,,,,266.2,264.0,268.0,,,0.0,2428.0,2455.0,0.0,0.0,0.0,0.0,0.0,0.0,25.0,0.0,0.0,0.0,25.0,0.0,0.0,0.0,0.0,0.0,"solar2_v,lipo2_v"
2021-09-25T15:00:00Z,28.0,28.0,,,0.0,0.0,,,,,,,,,,,4.025,4.024,4.026,,,,236.607,0.0,0.0,,,,,263.857,263.0,267.0,,,0.0,2456.0,2483.0,0.0,0.0,0.0,0.0,0.0,0.0,28.0,0.0,0.0,0.0,28.0,0.0,0.0,0.0,0.0,0.0,"solar2_v,lipo2_v"
2021-09-25T16:00:00Z,28.0,28.0,,,0.0,0.0,,,,,,,,,,,4.023,4.022,4.024,,,,236.036,0.0,0.0,,,,,265.643,262.0,274.0,,,0.0,2484.0,2511.0,0.0,0.0,0.0,0.0,0.0,0.0,28.0,0.0,0.0,0.0,28.0,0.0,0.0,0.0,0.0,0.0,"solar2_v,lipo2_v"
2021-09-25T17:00:00Z,28.0,28.0,,,0.0,0.0,,,,,,,,,,,4.023,4.022,4.026,,,,236.571,0.0,0.0,,,,,263.536,262.0,267.0,,,0.0,2512.0,2540.0,0.0,0.0,0.0,0.0,0.0,0.0,28.0,0.0,0.0,0.0,28.0,0.0,0.0,0.0,0.0,0.0,"solar2_v,lipo2_v"
2021-09-25T18:00:00Z,27.0,27.0,,,0.0,0.0,,,,,,,,,,,4.022,4.021,4.024,,,,236.444,0.0,0.0,,,,,267.519,266.0,272.0,,,0.0,2541.0,2569.0,0.0,0.0,0.0,0.0,0.0,0.0,27.0,0.0,0.0,0.0,27.0,0.0,0.0,0.0,0.0,0.0,"solar2_v,lipo2_v"
2021-09-25T19:00:00Z,28.0,28.0,,,0.0,0.0,,,,,,,,,,,4.022,4.021,4.024,,,,236.286,0.0,0.0,,,,,267.036,267.0,268.0,,,0.0,2570.0,2597.0,0.0,0.0,0.0,0.0,0.0,0.0,28.0,0.0,0.0,0.0,28.0,0.0,0.0,0.0,0.0,0.0,"solar2_v,lipo2_v"
2021-09-25T20:00:00Z,29.0,29.0,,,0.0,0.0,,,,,,,,,,,4.021,4.019,4.024,,,,236.31,0.0,0.0,,,,,267.345,267.0,269.0,,,0.0,2598.0,2626.0,0.0,0.0,0.0,0.0,0.0,0.0,29.0,0.0,0.0,0.0,29.0,0.0,0.0,0.0,0.0,0.0,"solar2_v,lipo2_v"
2021-09-25T21:00:00Z,19.0,19.0,,,0.0,0.0,,,,,,,,,,,4.021,4.019,4.024,,,,236.421,0.0,0.0,,,,,267.211,266.0,269.0,,,0.0,2627.0,2654.0,0.0,0.0,0.0,0.0,0.0,0.0,19.0,0.0,0.0,0.0,19.0,0.0,0.0,0.0,0.0,0.0,"solar2_v,lipo2_v"
2021-09-25T22:00:00Z,28.0,28.0,,,0.0,0.0,,,,,,,,,,,4.02,4.017,4.022,,,,236.393,0.0,0.0,,,,,267.179,267.0,268.0,,,0.0,2655.0,2682.0,0.0,0.0,0.0,0.0,0.0,0.0,28.0,0.0,0.0,0.0,28.0,0.0,0.0,0.0,0.0,0.0,"solar2_v,lipo2_v"
2021-09-25T23:00:00Z,29.0,29.0,,,0.413,0.869,,,,,,,,,,,4.02,4.017,4.021,,,,235.103,0.0,0.0,,,,,274.655,268.0,282.0,,,0.0,2683.0,2711.0,0.0,19.0,0.0,0.0,0.0,0.0,29.0,0.0,0.0,0.0,29.0,0.0,0.0,0.0,0.0,0.0,"solar2_v,lipo2_v"
2021-09-26T00:00:00Z,29.0,29.0,,,1.837,2.806,,,,,,,,,,,4.021,4.019,4.022,,,,231.172,0.0,0.0,,,,,265.345,210.0,314.0,,,0.0,2712.0,2740.0,0.0,29.0,0.0,0.0,0.0,0.0,29.0,0.0,0.0,0.0,29.0,0.0,0.0,0.0,0.0,0.0,"solar2_v,lipo2_v"
2021-09-26T01:00:00Z,27.0,27.0,,,2.864,4.252,,,,,,,,,,,4.021,4.019,4.022,,,,226.593,0.0,0.0,,,,,329.259,213.0,380.0,,,0.0,2741.0,2768.0,0.0,27.0,0.0,0.0,0.0,0.0,27.0,0.0,0.0,0.0,27.0,0.0,0.0,0.0,0.0,0.0,"solar2_v,lipo2_v"
2021-09-26T02:00:00Z,29.0,29.0,,,3.227,4.916,,,,,,,,,,,4.021,4.019,4.024,,,,226.034,0.0,0.0,,,,,364.966,340.0,407.0,,,0.0,2769.0,2797.0,0.0,29.0,0.0,0.0,0.0,0.0,29.0,0.0,0.0,0.0,29.0,0.0,0.0,0.0,0.0,0.0,"solar2_v,lipo2_v"
2021-09-26T03:00:00Z,28.0,28.0,,,3.372,5.257,,,,,,,,,,,4.023,4.021,4.026,,,,220.679,0.0,0.0,,,,,423.0,407.0,439.0,,,0.0,2798.0,2825.0,0.0,28.0,0.0,0.0,0.0,0.0,28.0,0.0,0.0,0.0,28.0,0.0,0.0,0.0,0.0,0.0,"solar2_v,lipo2_v"
2021-09-26T04:00:00Z,29.0,29.0,,,3.134,5.399,,,,,,,,,,,4.021,4.019,4.024,,,,222.552,0.0,0.0,,,,,401.069,379.0,433.0,,,0.0,2826.0,2854.0,0.0,29.0,0.0,0.0,0.0,0.0,29.0,0.0,0.0,0.0,29.0,0.0,0.0,0.0,0.0,0.0,"solar2_v,lipo2_v"
2021-09-26T05:00:00Z,29.0,29.0,,,3.211,5.43,,,,,,,,,,,4.022,4.019,4.026,,,,220.69,0.0,0.0,,,,,423.793,379.0,460.0,,,0.0,2855.0,2883.0,0.0,29.0,0.0,0.0,0.0,0.0,29.0,0.0,0.0,0.0,29.0,0.0,0.0,0.0,0.0,0.0,"solar2_v,lipo2_v"
2021-09-26T06:00:00Z,28.0,28.0,,,1.2,5.13,,,,,,,,,,,4.021,4.019,4.024,,,,225.929,0.0,0.0,,,,,360.643,321.0,425.0,,,0.0,2884.0,2912.0,0.0,25.0,0.0,0.0,0.0,0.0,28.0,0.0,0.0,0.0,28.0,0.0,0.0,0.0,0.0,0.0,"solar2_v,lipo2_v"
2021-09-26T07:00:00Z,28.0,28.0,,,0.352,0.454,,,,,,,,,,,4.016,4.014,4.019,,,,233.0,0.0,0.0,,,,,293.429,288.0,315.0,,,0.0,2913.0,2940.0,0.0,24.0,0.0,0.0,0.0,0.0,28.0,0.0,0.0,0.0,28.0,0.0,0.0,0.0,0.0,0.0,"solar2_v,lipo2_v"
2021-09-26T08:00:00Z,29.0,29.0,,,0.023,0.341,,,,,,,,,,,4.015,4.012,4.017,,,,234.379,0.0,0.0,,,,,282.655,278.0,289.0,,,0.0,2941.0,2969.0,0.0,2.0,0.0,0.0,0.0,0.0,29.0,0.0,0.0,0.0,29.0,0.0,0.0,0.0,0.0,0.0,"solar2_v,lipo2_v"
2021-09-26T09:00:00Z,26.0,26.0,,,0.0,0.0,,,,,,,,,,,4.013,4.012,4.016,,,,234.385,0.0,0.0,,,,,282.423,279.0,286.0,,,0.0,2970.0,2997.0,0.0,0.0,0.0,0.0,0.0,0.0,26.0,0.0,0.0,0.0,26.0,0.0,0.0,0.0,0.0,0.0,"solar2_v,lipo2_v"
2021-09-26T10:00:00Z,27.0,27.0,,,0.0,0.0,,,,,,,,,,,4.013,4.011,4.016,,,,233.741,0.0,0.0,,,,,285.852,284.0,287.0,,,0.0,2998.0,3026.0,0.0,0.0,0.0,0.0,0.0,0.0,27.0,0.0,0.0,0.0,27.0,0.0,0.0,0.0,0.0,0.0,"solar2_v,lipo2_v"
2021-09-26T11:00:00Z,26.0,26.0,,,0.0,0.0,,,,,,,,,,,4.012,4.011,4.014,,,,234.231,0.0,0.0,,,,,283.077,281.0,286.0,,,0.0,3027.0,3055.0,0.0,0.0,0.0,0.0,0.0,0.0,26.0,0.0,0.0,0.0,26.0,0.0,0.0,0.0,0.0,0.0,"solar2_v,lipo2_v"
2021-09-26T12:00:00Z,26.0,26.0,,,0.0,0.0,,,,,,,,,,,4.011,4.011,4.012,,,,234.462,0.0,0.0,,,,,281.115,280.0,283.0,,,0.0,3056.0,3083.0,0.0,0.0,0.0,0.0,0.0,0.0,26.0,0.0,0.0,0.0,26.0,0.0,0.0,0.0,0.0,0.0,"solar2_v,lipo2_v"
2021-09-26T13:00:00Z,29.0,29.0,,,0.0,0.0,,,,,,,,,,,4.011,4.009,4.012,,,,234.345,0.0,0.0,,,,,277.828,277.0,280.0,,,0.0,3084.0,3112.0,0.0,0.0,0.0,0.0,0.0,0.0,29.0,0.0,0.0,0.0,29.0,0.0,0.0,0.0,0.0,0.0,"solar2_v,lipo2_v"
2021-09-26T14:00:00Z,27.0,27.0,,,0.0,0.0,,,,,,,,,,,4.009,4.007,4.012,,,,234.593,0.0,0.0,,,,,276.778,276.0,277.0,,,0.0,3113.0,3140.0,0.0,0.0,0.0,0.0,0.0,0.0,27.0,0.0,0.0,0.0,27.0,0.0,0.0,0.0,0.0,0.0,"solar2_v,lipo2_v"
2021-09-26T15:00:00Z,26.0,26.0,,,0.0,0.0,,,,,,,,,,,4.008,4.007,4.009,,,,234.462,0.0,0.0,,,,,277.231,277.0,280.0,,,0.0,3141.0,3169.0,0.0,0.0,0.0,0.0,0.0,0.0,26.0,0.0,0.0,0.0,26.0,0.0,0.0,0.0,0.0,0.0,"solar2_v,lipo2_v"
2021-09-26T16:00:00Z,15.0,15.0,,,0.0,0.0,,,,,,,,,,,4.007,4.006,4.009,,,,234.0,0.0,0.0,,,,,280.933,280.0,282.0,,,0.0,3170.0,3189.0,0.0,0.0,0.0,0.0,0.0,0.0,15.0,0.0,0.0,0.0,15.0,0.0,0.0,0.0,0.0,0.0,"solar2_v,lipo2_v"
2021-09-26T17:00:00Z,22.0,22.0,,,0.0,0.0,,,,,,,,,,,4.005,4.003,4.006,,,,234.273,0.0,0.0,,,,,277.545,276.0,281.0,,,0.0,3203.0,3224.0,0.0,0.0,0.0,0.0,0.0,0.0,22.0,0.0,0.0,0.0,22.0,0.0,0.0,0.0,0.0,0.0,"solar2_v,lipo2_v"
2021-09-26T18:00:00Z,26.0,26.0,,,0.0,0.0,,,,,,,,,,,4.004,4.003,4.006,,,,234.846,0.0,0.0,,,,,274.769,274.0,277.0,,,0.0,3225.0,3252.0,0.0,0.0,0.0,0.0,0.0,0.0,26.0,0.0,0.0,0.0,26.0,0.0,0.0,0.0,0.0,0.0,"solar2_v,lipo2_v"
2021-09-26T19:00:00Z,29.0,29.0,,,0.0,0.0,,,,,,,,,,,4.003,4.001,4.004,,,,235.103,0.0,0.0,,,,,273.862,273.0,274.0,,,0.0,3253.0,3281.0,0.0,0.0,0.0,0.0,0.0,0.0,29.0,0.0,0.0,0.0,29.0,0.0,0.0,0.0,0.0,0.0,"solar2_v,lipo2_v"
2021-09-26T20:00:00Z,28.0,28.0,,,0.0,0.0,,,,,,,,,,,4.002,3.999,4.004,,,,235.536,0.0,0.0,,,,,272.357,270.0,274.0,,,0.0,3282.0,3309.0,0.0,0.0,0.0,0.0,0.0,0.0,28.0,0.0,0.0,0.0,28.0,0.0,0.0,0.0,0.0,0.0,"solar2_v,lipo2_v"
2021-09-26T21:00:00Z,28.0,28.0,,,0.0,0.0,,,,,,,,,,,4.001,3.999,4.003,,,,236.071,0.0,0.0,,,,,269.214,268.0,270.0,,,0.0,3310.0,3337.0,0.0,0.0,0.0,0.0,0.0,0.0,28.0,0.0,0.0,0.0,28.0,0.0,0.0,0.0,0.0,0.0,"solar2_v,lipo2_v"
2021-09-26T22:00:00Z,29.0,29.0,,,0.0,0.0,,,,,,,,,,,4.0,3.999,4.001,,,,235.897,0.0,0.0,,,,,268.966,268.0,271.0,,,0.0,3338.0,3366.0,0.0,0.0,0.0,0.0,0.0,0.0,29.0,0.0,0.0,0.0,29.0,0.0,0.0,0.0,0.0,0.0,"solar2_v,lipo2_v"
2021-09-26T23:00:00Z,29.0,29.0,,,0.534,2.674,,,,,,,,,,,3.999,3.998,4.001,,,,234.724,0.0,0.0,,,,,278.862,272.0,296.0,,,0.0,3367.0,3395.0,0.0,23.0,0.0,0.0,0.0,0.0,29.0,0.0,0.0,0.0,29.0,0.0,0.0,0.0,0.0,0.0,"solar2_v,lipo2_v"
2021-09-27T00:00:00Z,28.0,28.0,,,1.829,3.829,,,,,,,,,,,4.0,3.999,4.001,,,,227.464,0.0,0.0,,,,,331.321,214.0,367.0,,,0.0,3396.0,3423.0,0.0,28.0,0.0,0.0,0.0,0.0,28.0,0.0,0.0,0.0,28.0,0.0,0.0,0.0,0.0,0.0,"solar2_v,lipo2_v"
2021-09-27T01:00:00Z,27.0,27.0,,,3.701,4.598,,,,,,,,,,,4.0,3.999,4.001,,,,223.741,0.0,0.0,,,,,388.037,346.0,433.0,,,0.0,3424.0,3451.0,0.0,27.0,0.0,0.0,0.0,0.0,27.0,0.0,0.0,0.0,27.0,0.0,0.0,0.0,0.0,0.0,"solar2_v,lipo2_v"
2021-09-27T02:00:00Z,24.0,24.0,,,4.836,5.151,,,,,,,,,,,4.0,3.999,4.001,,,,219.0,0.0,0.0,,,,,445.5,433.0,462.0,,,0.0,3452.0,3478.0,0.0,24.0,0.0,0.0,0.0,0.0,24.0,0.0,0.0,0.0,24.0,0.0,0.0,0.0,0.0,0.0,"solar2_v,lipo2_v"
2021-09-27T03:00:00Z,21.0,21.0,,,4.711,5.441,,,,,,,,,,,3.999,3.999,3.999,,,,218.952,0.0,0.0,,,,,445.0,422.0,472.0,,,0.0,3480.0,3507.0,0.0,21.0,0.0,0.0,0.0,0.0,21.0,0.0,0.0,0.0,21.0,0.0,0.0,0.0,0.0,0.0,"solar2_v,lipo2_v"
2021-09-27T04:00:00Z,27.0,27.0,,,4.845,5.453,,,,,,,,,,,3.999,3.998,3.999,,,,215.963,0.0,0.0,,,,,481.556,467.0,491.0,,,0.0,3508.0,3536.0,0.0,27.0,0.0,0.0,0.0,0.0,27.0,0.0,0.0,0.0,27.0,0.0,0.0,0.0,0.0,0.0,"solar2_v,lipo2_v"
2021-09-27T05:00:00Z,28.0,28.0,,,4.564,5.395,,,,,,,,,,,3.998,3.996,3.999,,,,214.893,0.0,0.0,,,,,488.5,459.0,507.0,,,0.0,3537.0,3564.0,0.0,28.0,0.0,0.0,0.0,0.0,28.0,0.0,0.0,0.0,28.0,0.0,0.0,0.0,0.0,0.0,"solar2_v,lipo2_v"
2021-09-27T06:00:00Z,27.0,27.0,,,4.231,5.172,,,,,,,,,,,3.996,3.993,3.999,,,,215.519,0.0,0.0,,,,,485.444,423.0,512.0,,,0.0,3565.0,3592.0,0.0,27.0,0.0,0.0,0.0,0.0,27.0,0.0,0.0,0.0,27.0,0.0,0.0,0.0,0.0,0.0,"solar2_v,lipo2_v"
2021-09-27T07:00:00Z,26.0,26.0,,,3.781,5.123,,,,,,,,,,,3.993,3.991,3.994,,,,219.846,0.0,0.0,,,,,435.346,395.0,471.0,,,0.0,3594.0,3621.0,0.0,26.0,0.0,0.0,0.0,0.0,26.0,0.0,0.0,0.0,26.0,0.0,0.0,0.0,0.0,0.0,"solar2_v,lipo2_v"
2021-09-27T08:00:00Z,27.0,27.0,,,3.206,4.831,,,,,,,,,,,3.992,3.988,3.994,,,,221.556,0.0,0.0,,,,,419.556,381.0,462.0,,,0.0,3622.0,3650.0,0.0,27.0,0.0,0.0,0.0,0.0,27.0,0.0,0.0,0.0,27.0,0.0,0.0,0.0,0.0,0.0,"solar2_v,lipo2_v"
2021-09-27T09:00:00Z,29.0,29.0,,,1.484,3.306,,,,,,,,,,,3.988,3.986,3.991,,,,224.207,0.0,0.0,,,,,384.69,362.0,394.0,,,0.0,3651.0,3679.0,0.0,26.0,0.0,0.0,0.0,0.0,29.0,0.0,0.0,0.0,29.0,0.0,0.0,0.0,0.0,0.0,"solar2_v,lipo2_v"
2021-09-27T10:00:00Z,27.0,27.0,,,0.0,0.0,,,,,,,,,,,3.984,3.981,3.988,,,,228.593,0.0,0.0,,,,,331.519,319.0,355.0,,,0.0,3680.0,3707.0,0.0,0.0,0.0,0.0,0.0,0.0,27.0,0.0,0.0,0.0,27.0,0.0,0.0,0.0,0.0,0.0,"solar2_v,lipo2_v"
2021-09-27T11:00:00Z,29.0,29.0,,,0.0,0.0,,,,,,,,,,,3.982,3.979,3.984,,,,230.759,0.0,0.0,,,,,314.793,312.0,319.0,,,0.0,3708.0,3736.0,0.0,0.0,0.0,0.0,0.0,0.0,29.0,0.0,0.0,0.0,29.0,0.0,0.0,0.0,0.0,0.0,"solar2_v,lipo2_v"
2021-09-27T12:00:00Z,28.0,28.0,,,0.0,0.0,,,,,,,,,,,3.979,3.976,3.981,,,,231.679,0.0,0.0,,,,,306.429,304.0,312.0,,,0.0,3737.0,3764.0,0.0,0.0,0.0,0.0,0.0,0.0,28.0,0.0,0.0,0.0,28.0,0.0,0.0,0.0,0.0,0.0,"solar2_v,lipo2_v"
2021-09-27T13:00:00Z,26.0,26.0,,,0.0,0.0,,,,,,,,,,,3.978,3.976,3.979,,,,232.077,0.0,0.0,,,,,301.808,301.0,306.0,,,0.0,3766.0,3793.0,0.0,0.0,0.0,0.0,0.0,0.0,26.0,0.0,0.0,0.0,26.0,0.0,0.0,0.0,0.0,0.0,"solar2_v,lipo2_v"
2021-09-27T14:00:00Z,28.0,28.0,,,0.0,0.0,,,,,,,,,,,3.976,3.976,3.978,,,,232.25,0.0,0.0,,,,,301.0,301.0,301.0,,,0.0,3794.0,3822.0,0.0,0.0,0.0,0.0,0.0,0.0,28.0,0.0,0.0,0.0,28.0,0.0,0.0,0.0,0.0,0.0,"solar2_v,lipo2_v"
2021-09-27T15:00:00Z,28.0,28.0,,,0.0,0.0,,,,,,,,,,,3.976,3.974,3.976,,,,232.357,0.0,0.0,,,,,301.0,301.0,301.0,,,0.0,3823.0,3850.0,0.0,0.0,0.0,0.0,0.0,0.0,28.0,0.0,0.0,0.0,28.0,0.0,0.0,0.0,0.0,0.0,"solar2_v,lipo2_v"
2021-09-27T16:00:00Z,29.0,29.0,,,0.0,0.0,,,,,,,,,,,3.975,3.974,3.976,,,,232.517,0.0,0.0,,,,,298.897,296.0,301.0,,,0.0,3851.0,3879.0,0.0,0.0,0.0,0.0,0.0,0.0,29.0,0.0,0.0,0.0,29.0,0.0,0.0,0.0,0.0,0.0,"solar2_v,lipo2_v"
2021-09-27T17:00:00Z,29.0,29.0,,,0.0,0.0,,,,,,,,,,,3.974,3.973,3.974,,,,232.966,0.0,0.0,,,,,296.31,296.0,298.0,,,0.0,3880.0,3908.0,0.0,0.0,0.0,0.0,0.0,0.0,29.0,0.0,0.0,0.0,29.0,0.0,0.0,0.0,0.0,0.0,"solar2_v,lipo2_v"
2021-09-27T18:00:00Z,28.0,28.0,,,0.0,0.0,,,,,,,,,,,3.973,3.973,3.974,,,,233.214,0.0,0.0,,,,,294.571,292.0,296.0,,,0.0,3909.0,3936.0,0.0,0.0,0.0,0.0,0.0,0.0,28.0,0.0,0.0,0.0,28.0,0.0,0.0,0.0,0.0,0.0,"solar2_v,lipo2_v"
2021-09-27T19:00:00Z,29.0,29.0,,,0.0,0.0,,,,,,,,,,,3.973,3.97,3.974,,,,233.276,0.0,0.0,,,,,291.828,291.0,293.0,,,0.0,3937.0,3965.0,0.0,0.0,0.0,0.0,0.0,0.0,29.0,0.0,0.0,0.0,29.0,0.0,0.0,0.0,0.0,0.0,"solar2_v,lipo2_v"
2021-09-27T20:00:00Z,28.0,28.0,,,0.0,0.0,,,,,,,,,,,3.97,3.968,3.971,,,,233.071,0.0,0.0,,,,,289.75,288.0,291.0,,,0.0,3966.0,3993.0,0.0,0.0,0.0,0.0,0.0,0.0,28.0,0.0,0.0,0.0,28.0,0.0,0.0,0.0,0.0,0.0,"solar2_v,lipo2_v"
2021-09-27T21:00:00Z,29.0,29.0,,,0.0,0.0,,,,,,,,,,,3.967,3.965,3.97,,,,233.31,0.0,0.0,,,,,287.828,287.0,289.0,,,0.0,3994.0,4022.0,0.0,0.0,0.0,0.0,0.0,0.0,29.0,0.0,0.0,0.0,29.0,0.0,0.0,0.0,0.0,0.0,"solar2_v,lipo2_v"
2021-09-27T22:00:00Z,29.0,29.0,,,0.0,0.0,,,,,,,,,,,3.964,3.961,3.968,,,,233.379,0.0,0.0,,,,,286.724,286.0,287.0,,,0.0,4023.0,4051.0,0.0,0.0,0.0,0.0,0.0,0.0,29.0,0.0,0.0,0.0,29.0,0.0,0.0,0.0,0.0,0.0,"solar2_v,lipo2_v"
2021-09-27T23:00:00Z,27.0,27.0,,,0.317,0.872,,,,,,,,,,,3.961,3.958,3.963,,,,233.148,0.0,0.0,,,,,292.63,287.0,300.0,,,0.0,4052.0,4079.0,0.0,17.0,0.0,0.0,0.0,0.0,27.0,0.0,0.0,0.0,27.0,0.0,0.0,0.0,0.0,0.0,"solar2_v,lipo2_v"
2021-09-28T00:00:00Z,27.0,27.0,,,2.102,3.122,,,,,,,,,,,3.96,3.958,3.961,,,,228.481,0.0,0.0,,,,,336.704,301.0,364.0,,,0.0,4080.0,4107.0,0.0,27.0,0.0,0.0,0.0,0.0,27.0,0.0,0.0,0.0,27.0,0.0,0.0,0.0,0.0,0.0,"solar2_v,lipo2_v"
2021-09-28T01:00:00Z,22.0,22.0,,,3.69,4.616,,,,,,,,,,,3.958,3.955,3.96,,,,222.5,0.0,0.0,,,,,400.091,366.0,433.0,,,0.0,4109.0,4135.0,0.0,22.0,0.0,0.0,0.0,0.0,22.0,0.0,0.0,0.0,22.0,0.0,0.0,0.0,0.0,0.0,"solar2_v,lipo2_v"
2021-09-28T02:00:00Z,25.0,25.0,,,3.483,5.103,,,,,,,,,,,3.955,3.951,3.958,,,,220.08,0.0,0.0,,,,,427.28,418.0,434.0,,,0.0,4136.0,4163.0,0.0,25.0,0.0,0.0,0.0,0.0,25.0,0.0,0.0,0.0,25.0,0.0,0.0,0.0,0.0,0.0,"solar2_v,lipo2_v"
2021-09-28T03:00:00Z,28.0,28.0,,,4.289,5.18,,,,,,,,,,,3.953,3.951,3.955,,,,218.857,0.0,0.0,,,,,446.286,423.0,465.0,,,0.0,4164.0,4192.0,0.0,28.0,0.0,0.0,0.0,0.0,28.0,0.0,0.0,0.0,28.0,0.0,0.0,0.0,0.0,0.0,"solar2_v,lipo2_v"
2021-09-28T04:00:00Z,29.0,29.0,,,4.636,5.469,,,,,,,,,,,3.952,3.95,3.955,,,,215.828,0.0,0.0,,,,,480.483,461.0,505.0,,,0.0,4193.0,4221.0,0.0,29.0,0.0,0.0,0.0,0.0,29.0,0.0,0.0,0.0,29.0,0.0,0.0,0.0,0.0,0.0,"solar2_v,lipo2_v"
2021-09-28T05:00:00Z,28.0,28.0,,,2.527,5.307,,,,,,,,,,,3.949,3.946,3.953,,,,219.893,0.0,0.0,,,,,431.607,379.0,494.0,,,0.0,4222.0,4249.0,0.0,28.0,0.0,0.0,0.0,0.0,28.0,0.0,0.0,0.0,28.0,0.0,0.0,0.0,0.0,0.0,"solar2_v,lipo2_v"
2021-09-28T06:00:00Z,29.0,29.0,,,2.976,5.148,,,,,,,,,,,3.946,3.945,3.948,,,,221.414,0.0,0.0,,,,,416.828,388.0,450.0,,,0.0,4250.0,4278.0,0.0,29.0,0.0,0.0,0.0,0.0,29.0,0.0,0.0,0.0,29.0,0.0,0.0,0.0,0.0,0.0,"solar2_v,lipo2_v"
2021-09-28T07:00:00Z,28.0,28.0,,,1.144,4.37,,,,,,,,,,,3.943,3.94,3.946,,,,224.929,0.0,0.0,,,,,374.857,321.0,444.0,,,0.0,4279.0,4306.0,0.0,28.0,0.0,0.0,0.0,0.0,28.0,0.0,0.0,0.0,28.0,0.0,0.0,0.0,0.0,0.0,"solar2_v,lipo2_v"
2021-09-28T08:00:00Z,26.0,26.0,,,0.521,0.977,,,,,,,,,,,3.937,3.933,3.941,,,,229.423,0.0,0.0,,,,,325.615,321.0,327.0,,,0.0,4307.0,4334.0,0.0,21.0,0.0,0.0,0.0,0.0,26.0,0.0,0.0,0.0,26.0,0.0,0.0,0.0,0.0,0.0,"solar2_v,lipo2_v"
2021-09-28T09:00:00Z,29.0,29.0,,,0.05,0.587,,,,,,,,,,,3.933,3.93,3.937,,,,230.483,0.0,0.0,,,,,316.621,309.0,326.0,,,0.0,4335.0,4363.0,0.0,3.0,0.0,0.0,0.0,0.0,29.0,0.0,0.0,0.0,29.0,0.0,0.0,0.0,0.0,0.0,"solar2_v,lipo2_v"
2021-09-28T10:00:00Z,29.0,29.0,,,0.0,0.0,,,,,,,,,,,3.929,3.927,3.932,,,,231.966,0.0,0.0,,,,,305.448,302.0,310.0,,,0.0,4364.0,4392.0,0.0,0.0,0.0,0.0,0.0,0.0,29.0,0.0,0.0,0.0,29.0,0.0,0.0,0.0,0.0,0.0,"solar2_v,lipo2_v"
2021-09-28T11:00:00Z,28.0,28.0,,,0.0,0.0,,,,,,,,,,,3.926,3.923,3.928,,,,232.75,0.0,0.0,,,,,296.0,290.0,302.0,,,0.0,4393.0,4420.0,0.0,0.0,0.0,0.0,0.0,0.0,28.0,0.0,0.0,0.0,28.0,0.0,0.0,0.0,0.0,0.0,"solar2_v,lipo2_v"
2021-09-28T12:00:00Z,27.0,27.0,,,0.0,0.0,,,,,,,,,,,3.924,3.923,3.925,,,,232.778,0.0,0.0,,,,,300.037,298.0,301.0,,,0.0,4421.0,4448.0,0.0,0.0,0.0,0.0,0.0,0.0,27.0,0.0,0.0,0.0,27.0,0.0,0.0,0.0,0.0,0.0,"solar2_v,lipo2_v"
2021-09-28T13:00:00Z,27.0,27.0,,,0.0,0.0,,,,,,,,,,,3.923,3.922,3.923,,,,232.704,0.0,0.0,,,,,299.852,298.0,301.0,,,0.0,4450.0,4477.0,0.0,0.0,0.0,0.0,0.0,0.0,27.0,0.0,0.0,0.0,27.0,0.0,0.0,0.0,0.0,0.0,"solar2_v,lipo2_v"
2021-09-28T14:00:00Z,28.0,28.0,,,0.0,0.0,,,,,,,,,,,3.922,3.92,3.923,,,,232.429,0.0,0.0,,,,,299.643,297.0,301.0,,,0.0,4478.0,4506.0,0.0,0.0,0.0,0.0,0.0,0.0,28.0,0.0,0.0,0.0,28.0,0.0,0.0,0.0,0.0,0.0,"solar2_v,lipo2_v"
2021-09-28T15:00:00Z,28.0,28.0,,,0.0,0.0,,,,,,,,,,,3.921,3.92,3.922,,,,233.286,0.0,0.0,,,,,292.607,287.0,298.0,,,0.0,4507.0,4534.0,0.0,0.0,0.0,0.0,0.0,0.0,28.0,0.0,0.0,0.0,28.0,0.0,0.0,0.0,0.0,0.0,"solar2_v,lipo2_v"
2021-09-28T16:00:00Z,29.0,29.0,,,0.0,0.0,,,,,,,,,,,3.919,3.915,3.92,,,,233.31,0.0,0.0,,,,,286.966,286.0,287.0,,,0.0,4535.0,4563.0,0.0,0.0,0.0,0.0,0.0,0.0,29.0,0.0,0.0,0.0,29.0,0.0,0.0,0.0,0.0,0.0,"solar2_v,lipo2_v"
2021-09-28T17:00:00Z,29.0,29.0,,,0.0,0.0,,,,,,,,,,,3.917,3.913,3.92,,,,233.276,0.0,0.0,,,,,288.552,287.0,291.0,,,0.0,4564.0,4592.0,0.0,0.0,0.0,0.0,0.0,0.0,29.0,0.0,0.0,0.0,29.0,0.0,0.0,0.0,0.0,0.0,"solar2_v,lipo2_v"
2021-09-28T18:00:00Z,29.0,29.0,,,0.0,0.0,,,,,,,,,,,3.915,3.913,3.918,,,,233.172,0.0,0.0,,,,,289.483,287.0,291.0,,,0.0,4593.0,4621.0,0.0,0.0,0.0,0.0,0.0,0.0,29.0,0.0,0.0,0.0,29.0,0.0,0.0,0.0,0.0,0.0,"solar2_v,lipo2_v"
2021-09-28T19:00:00Z,28.0,28.0,,,0.0,0.0,,,,,,,,,,,3.914,3.912,3.915,,,,233.429,0.0,0.0,,,,,288.107,286.0,291.0,,,0.0,4622.0,4649.0,0.0,0.0,0.0,0.0,0.0,0.0,28.0,0.0,0.0,0.0,28.0,0.0,0.0,0.0,0.0,0.0,"solar2_v,lipo2_v"
2021-09-28T20:00:00Z,29.0,29.0,,,0.0,0.0,,,,,,,,,,,3.912,3.908,3.913,,,,233.276,0.0,0.0,,,,,291.414,287.0,294.0,,,0.0,4650.0,4678.0,0.0,0.0,0.0,0.0,0.0,0.0,29.0,0.0,0.0,0.0,29.0,0.0,0.0,0.0,0.0,0.0,"solar2_v,lipo2_v"
2021-09-28T21:00:00Z,28.0,28.0,,,0.0,0.0,,,,,,,,,,,3.909,3.907,3.91,,,,233.179,0.0,0.0,,,,,286.929,286.0,288.0,,,0.0,4679.0,4706.0,0.0,0.0,0.0,0.0,0.0,0.0,28.0,0.0,0.0,0.0,28.0,0.0,0.0,0.0,0.0,0.0,"solar2_v,lipo2_v"
2021-09-28T22:00:00Z,27.0,27.0,,,0.0,0.0,,,,,,,,,,,3.906,3.904,3.907,,,,233.815,0.0,0.0,,,,,286.481,286.0,288.0,,,0.0,4708.0,4734.0,0.0,0.0,0.0,0.0,0.0,0.0,27.0,0.0,0.0,0.0,27.0,0.0,0.0,0.0,0.0,0.0,"solar2_v,lipo2_v"
2021-09-28T23:00:00Z,29.0,29.0,,,0.0,0.0,,,,,,,,,,,3.904,3.904,3.905,,,,233.069,0.0,0.0,,,,,289.069,286.0,294.0,,,0.0,4735.0,4763.0,0.0,0.0,0.0,0.0,0.0,0.0,29.0,0.0,0.0,0.0,29.0,0.0,0.0,0.0,0.0,0.0,"solar2_v,lipo2_v"
2021-09-29T00:00:00Z,28.0,28.0,,,1.129,2.824,,,,,,,,,,,3.904,3.902,3.905,,,,230.964,0.0,0.0,,,,,278.714,211.0,330.0,,,0.0,4764.0,4791.0,0.0,28.0,0.0,0.0,0.0,0.0,28.0,0.0,0.0,0.0,28.0,0.0,0.0,0.0,0.0,0.0,"solar2_v,lipo2_v"
2021-09-29T01:00:00Z,26.0,26.0,,,3.284,4.421,,,,,,,,,,,3.905,3.902,3.907,,,,224.346,0.0,0.0,,,,,380.423,340.0,413.0,,,0.0,4792.0,4820.0,0.0,26.0,0.0,0.0,0.0,0.0,26.0,0.0,0.0,0.0,26.0,0.0,0.0,0.0,0.0,0.0,"solar2_v,lipo2_v"
2021-09-29T02:00:00Z,25.0,25.0,,,4.836,5.074,,,,,,,,,,,3.907,3.905,3.908,,,,218.04,0.0,0.0,,,,,455.64,420.0,483.0,,,0.0,4821.0,4848.0,0.0,25.0,0.0,0.0,0.0,0.0,25.0,0.0,0.0,0.0,25.0,0.0,0.0,0.0,0.0,0.0,"solar2_v,lipo2_v"
2021-09-29T03:00:00Z,27.0,27.0,,,3.574,5.175,,,,,,,,,,,3.905,3.904,3.907,,,,218.852,0.0,0.0,,,,,445.222,396.0,488.0,,,0.0,4850.0,4876.0,0.0,27.0,0.0,0.0,0.0,0.0,27.0,0.0,0.0,0.0,27.0,0.0,0.0,0.0,0.0,0.0,"solar2_v,lipo2_v"
2021-09-29T04:00:00Z,29.0,29.0,,,2.827,5.071,,,,,,,,,,,3.903,3.9,3.907,,,,220.793,0.0,0.0,,,,,421.586,382.0,464.0,,,0.0,4877.0,4905.0,0.0,29.0,0.0,0.0,0.0,0.0,29.0,0.0,0.0,0.0,29.0,0.0,0.0,0.0,0.0,0.0,"solar2_v,lipo2_v"
2021-09-29T05:00:00Z,28.0,28.0,,,2.855,5.331,,,,,,,,,,,3.901,3.899,3.904,,,,222.893,0.0,0.0,,,,,398.25,354.0,460.0,,,0.0,4906.0,4933.0,0.0,28.0,0.0,0.0,0.0,0.0,28.0,0.0,0.0,0.0,28.0,0.0,0.0,0.0,0.0,0.0,"solar2_v,lipo2_v"
2021-09-29T06:00:00Z,29.0,29.0,,,3.509,5.003,,,,,,,,,,,3.9,3.897,3.904,,,,221.172,0.0,0.0,,,,,416.931,394.0,452.0,,,0.0,4934.0,4962.0,0.0,29.0,0.0,0.0,0.0,0.0,29.0,0.0,0.0,0.0,29.0,0.0,0.0,0.0,0.0,0.0,"solar2_v,lipo2_v"
2021-09-29T07:00:00Z,28.0,28.0,,,3.019,4.754,,,,,,,,,,,3.9,3.897,3.904,,,,220.714,0.0,0.0,,,,,426.321,408.0,453.0,,,0.0,4963.0,4990.0,0.0,28.0,0.0,0.0,0.0,0.0,28.0,0.0,0.0,0.0,28.0,0.0,0.0,0.0,0.0,0.0,"solar2_v,lipo2_v"
2021-09-29T08:00:00Z,29.0,29.0,,,1.862,3.932,,,,,,,,,,,3.897,3.895,3.899,,,,223.793,0.0,0.0,,,,,385.69,367.0,412.0,,,0.0,4991.0,5019.0,0.0,29.0,0.0,0.0,0.0,0.0,29.0,0.0,0.0,0.0,29.0,0.0,0.0,0.0,0.0,0.0,"solar2_v,lipo2_v"
2021-09-29T09:00:00Z,29.0,29.0,,,0.056,0.446,,,,,,,,,,,3.894,3.892,3.897,,,,229.379,0.0,0.0,,,,,328.621,311.0,367.0,,,0.0,5020.0,5048.0,0.0,4.0,0.0,0.0,0.0,0.0,29.0,0.0,0.0,0.0,29.0,0.0,0.0,0.0,0.0,0.0,"solar2_v,lipo2_v"
2021-09-29T10:00:00Z,20.0,20.0,,,0.0,0.0,,,,,,,,,,,3.892,3.89,3.894,,,,231.5,0.0,0.0,,,,,310.1,306.0,313.0,,,0.0,5049.0,5075.0,0.0,0.0,0.0,0.0,0.0,0.0,20.0,0.0,0.0,0.0,20.0,0.0,0.0,0.0,0.0,0.0,"solar2_v,lipo2_v"
2021-09-29T11:00:00Z,5.0,5.0,,,0.0,0.0,,,,,,,,,,,3.889,3.887,3.89,,,,232.4,0.0,0.0,,,,,305.0,301.0,306.0,,,0.0,5076.0,5091.0,0.0,0.0,0.0,0.0,0.0,0.0,5.0,0.0,0.0,0.0,5.0,0.0,0.0,0.0,0.0,0.0,"solar2_v,lipo2_v"
2021-09-29T12:00:00Z,14.0,14.0,,,0.0,0.0,,,,,,,,,,,3.885,3.884,3.885,,,,233.286,0.0,0.0,,,,,294.571,292.0,298.0,,,0.0,5116.0,5129.0,0.0,0.0,0.0,0.0,0.0,0.0,14.0,0.0,0.0,0.0,14.0,0.0,0.0,0.0,0.0,0.0,"solar2_v,lipo2_v"
2021-09-29T13:00:00Z,28.0,28.0,,,0.0,0.0,,,,,,,,,,,3.885,3.882,3.887,,,,233.25,0.0,0.0,,,,,291.214,290.0,293.0,,,0.0,5130.0,5157.0,0.0,0.0,0.0,0.0,0.0,0.0,28.0,0.0,0.0,0.0,28.0,0.0,0.0,0.0,0.0,0.0,"solar2_v,lipo2_v"
2021-09-29T14:00:00Z,28.0,28.0,,,0.0,0.0,,,,,,,,,,,3.883,3.88,3.885,,,,233.071,0.0,0.0,,,,,292.179,291.0,294.0,,,0.0,5159.0,5186.0,0.0,0.0,0.0,0.0,0.0,0.0,28.0,0.0,0.0,0.0,28.0,0.0,0.0,0.0,0.0,0.0,"solar2_v,lipo2_v"
2021-09-29T15:00:00Z,29.0,29.0,,,0.0,0.0,,,,,,,,,,,3.882,3.88,3.884,,,,232.552,0.0,0.0,,,,,296.241,294.0,300.0,,,0.0,5187.0,5215.0,0.0,0.0,0.0,0.0,0.0,0.0,29.0,0.0,0.0,0.0,29.0,0.0,0.0,0.0,0.0,0.0,"solar2_v,lipo2_v"
2021-09-29T16:00:00Z,29.0,29.0,,,0.0,0.0,,,,,,,,,,,3.882,3.88,3.884,,,,232.897,0.0,0.0,,,,,297.345,296.0,300.0,,,0.0,5216.0,5244.0,0.0,0.0,0.0,0.0,0.0,0.0,29.0,0.0,0.0,0.0,29.0,0.0,0.0,0.0,0.0,0.0,"solar2_v,lipo2_v"
2021-09-29T17:00:00Z,28.0,28.0,,,0.0,0.0,,,,,,,,,,,3.88,3.879,3.884,,,,233.0,0.0,0.0,,,,,295.25,294.0,296.0,,,0.0,5245.0,5272.0,0.0,0.0,0.0,0.0,0.0,0.0,28.0,0.0,0.0,0.0,28.0,0.0,0.0,0.0,0.0,0.0,"solar2_v,lipo2_v"
2021-09-29T18:00:00Z,29.0,29.0,,,0.0,0.0,,,,,,,,,,,3.879,3.877,3.882,,,,234.0,0.0,0.0,,,,,281.172,274.0,294.0,,,0.0,5273.0,5301.0,0.0,0.0,0.0,0.0,0.0,0.0,29.0,0.0,0.0,0.0,29.0,0.0,0.0,0.0,0.0,0.0,"solar2_v,lipo2_v"
2021-09-29T19:00:00Z,28.0,28.0,,,0.0,0.0,,,,,,,,,,,3.878,3.875,3.879,,,,235.25,0.0,0.0,,,,,273.357,273.0,274.0,,,0.0,5302.0,5329.0,0.0,0.0,0.0,0.0,0.0,0.0,28.0,0.0,0.0,0.0,28.0,0.0,0.0,0.0,0.0,0.0,"solar2_v,lipo2_v"
2021-09-29T20:00:00Z,29.0,29.0,,,0.0,0.0,,,,,,,,,,,3.876,3.874,3.88,,,,235.276,0.0,0.0,,,,,272.759,271.0,274.0,,,0.0,5330.0,5358.0,0.0,0.0,0.0,0.0,0.0,0.0,29.0,0.0,0.0,0.0,29.0,0.0,0.0,0.0,0.0,0.0,"solar2_v,lipo2_v"
2021-09-29T21:00:00Z,29.0,29.0,,,0.0,0.0,,,,,,,,,,,3.876,3.874,3.877,,,,235.276,0.0,0.0,,,,,273.414,273.0,274.0,,,0.0,5359.0,5387.0,0.0,0.0,0.0,0.0,0.0,0.0,29.0,0.0,0.0,0.0,29.0,0.0,0.0,0.0,0.0,0.0,"solar2_v,lipo2_v"
2021-09-29T22:00:00Z,28.0,28.0,,,0.0,0.0,,,,,,,,,,,3.875,3.874,3.877,,,,234.893,0.0,0.0,,,,,274.036,273.0,275.0,,,0.0,5388.0,5415.0,0.0,0.0,0.0,0.0,0.0,0.0,28.0,0.0,0.0,0.0,28.0,0.0,0.0,0.0,0.0,0.0,"solar2_v,lipo2_v"
2021-09-29T23:00:00Z,28.0,28.0,,,0.0,0.0,,,,,,,,,,,3.874,3.874,3.875,,,,235.679,0.0,0.0,,,,,271.5,268.0,274.0,,,0.0,5416.0,5444.0,0.0,0.0,0.0,0.0,0.0,0.0,28.0,0.0,0.0,0.0,28.0,0.0,0.0,0.0,0.0,0.0,"solar2_v,lipo2_v"
2021-09-30T00:00:00Z,13.0,13.0,,,0.0,0.0,,,,,,,,,,,3.872,3.871,3.874,,,,235.385,0.0,0.0,,,,,272.077,270.0,274.0,,,0.0,5446.0,5471.0,0.0,0.0,0.0,0.0,0.0,0.0,13.0,0.0,0.0,0.0,13.0,0.0,0.0,0.0,0.0,0.0,"solar2_v,lipo2_v"
2021-09-30T01:00:00Z,21.0,21.0,,,0.773,2.238,,,,,,,,,,,3.871,3.871,3.872,,,,235.095,0.0,0.0,,,,,276.857,270.0,290.0,,,0.0,5472.0,5499.0,0.0,16.0,0.0,0.0,0.0,0.0,21.0,0.0,0.0,0.0,21.0,0.0,0.0,0.0,0.0,0.0,"solar2_v,lipo2_v"
2021-09-30T02:00:00Z,25.0,25.0,,,3.869,5.153,,,,,,,,,,,3.876,3.871,3.88,,,,225.56,0.0,0.0,,,,,355.48,220.0,413.0,,,0.0,5500.0,5528.0,0.0,25.0,0.0,0.0,0.0,0.0,25.0,0.0,0.0,0.0,25.0,0.0,0.0,0.0,0.0,0.0,"solar2_v,lipo2_v"
2021-09-30T03:00:00Z,28.0,28.0,,,2.691,3.586,,,,,,,,,,,3.876,3.874,3.879,,,,226.893,0.0,0.0,,,,,352.25,340.0,393.0,,,0.0,5529.0,5556.0,0.0,28.0,0.0,0.0,0.0,0.0,28.0,0.0,0.0,0.0,28.0,0.0,0.0,0.0,0.0,0.0,"solar2_v,lipo2_v"
2021-09-30T04:00:00Z,29.0,29.0,,,2.597,2.966,,,,,,,,,,,3.875,3.874,3.877,,,,227.586,0.0,0.0,,,,,347.103,343.0,350.0,,,0.0,5557.0,5585.0,0.0,29.0,0.0,0.0,0.0,0.0,29.0,0.0,0.0,0.0,29.0,0.0,0.0,0.0,0.0,0.0,"solar2_v,lipo2_v"
2021-09-30T05:00:00Z,28.0,28.0,,,2.133,2.543,,,,,,,,,,,3.874,3.874,3.875,,,,227.964,0.0,0.0,,,,,341.5,335.0,346.0,,,0.0,5586.0,5613.0,0.0,28.0,0.0,0.0,0.0,0.0,28.0,0.0,0.0,0.0,28.0,0.0,0.0,0.0,0.0,0.0,"solar2_v,lipo2_v"
2021-09-30T06:00:00Z,29.0,29.0,,,3.034,4.196,,,,,,,,,,,3.875,3.872,3.877,,,,225.207,0.0,0.0,,,,,371.31,342.0,383.0,,,0.0,5614.0,5642.0,0.0,29.0,0.0,0.0,0.0,0.0,29.0,0.0,0.0,0.0,29.0,0.0,0.0,0.0,0.0,0.0,"solar2_v,lipo2_v"
2021-09-30T07:00:00Z,27.0,27.0,,,3.197,4.474,,,,,,,,,,,3.876,3.874,3.879,,,,222.778,0.0,0.0,,,,,398.148,368.0,443.0,,,0.0,5643.0,5670.0,0.0,27.0,0.0,0.0,0.0,0.0,27.0,0.0,0.0,0.0,27.0,0.0,0.0,0.0,0.0,0.0,"solar2_v,lipo2_v"
2021-09-30T08:00:00Z,28.0,28.0,,,2.41,4.042,,,,,,,,,,,3.876,3.874,3.879,,,,224.25,0.0,0.0,,,,,390.857,356.0,420.0,,,0.0,5671.0,5699.0,0.0,28.0,0.0,0.0,0.0,0.0,28.0,0.0,0.0,0.0,28.0,0.0,0.0,0.0,0.0,0.0,"solar2_v,lipo2_v"
2021-09-30T09:00:00Z,28.0,28.0,,,0.758,1.548,,,,,,,,,,,3.874,3.872,3.875,,,,227.679,0.0,0.0,,,,,342.286,321.0,359.0,,,0.0,5700.0,5727.0,0.0,25.0,0.0,0.0,0.0,0.0,28.0,0.0,0.0,0.0,28.0,0.0,0.0,0.0,0.0,0.0,"solar2_v,lipo2_v"
2021-09-30T10:00:00Z,29.0,29.0,,,0.011,0.326,,,,,,,,,,,3.872,3.871,3.874,,,,231.828,0.0,0.0,,,,,307.621,301.0,319.0,,,0.0,5728.0,5756.0,0.0,1.0,0.0,0.0,0.0,0.0,29.0,0.0,0.0,0.0,29.0,0.0,0.0,0.0,0.0,0.0,"solar2_v,lipo2_v"
2021-09-30T11:00:00Z,29.0,29.0,,,0.0,0.0,,,,,,,,,,,3.871,3.871,3.872,,,,233.034,0.0,0.0,,,,,298.207,295.0,301.0,,,0.0,5757.0,5785.0,0.0,0.0,0.0,0.0,0.0,0.0,29.0,0.0,0.0,0.0,29.0,0.0,0.0,0.0,0.0,0.0,"solar2_v,lipo2_v"
2021-09-30T12:00:00Z,29.0,29.0,,,0.0,0.0,,,,,,,,,,,3.871,3.871,3.872,,,,233.138,0.0,0.0,,,,,291.931,291.0,294.0,,,0.0,5786.0,5814.0,0.0,0.0,0.0,0.0,0.0,0.0,29.0,0.0,0.0,0.0,29.0,0.0,0.0,0.0,0.0,0.0,"solar2_v,lipo2_v"
2021-09-30T13:00:00Z,28.0,28.0,,,0.0,0.0,,,,,,,,,,,3.871,3.869,3.871,,,,233.107,0.0,0.0,,,,,290.786,290.0,291.0,,,0.0,5815.0,5842.0,0.0,0.0,0.0,0.0,0.0,0.0,28.0,0.0,0.0,0.0,28.0,0.0,0.0,0.0,0.0,0.0,"solar2_v,lipo2_v"
2021-09-30T14:00:00Z,29.0,29.0,,,0.0,0.0,,,,,,,,,,,3.871,3.869,3.871,,,,233.241,0.0,0.0,,,,,292.276,290.0,294.0,,,0.0,5843.0,5871.0,0.0,0.0,0.0,0.0,0.0,0.0,29.0,0.0,0.0,0.0,29.0,0.0,0.0,0.0,0.0,0.0,"solar2_v,lipo2_v"
2021-09-30T15:00:00Z,28.0,28.0,,,0.0,0.0,,,,,,,,,,,3.869,3.867,3.871,,,,233.286,0.0,0.0,,,,,291.036,289.0,293.0,,,0.0,5872.0,5899.0,0.0,0.0,0.0,0.0,0.0,0.0,28.0,0.0,0.0,0.0,28.0,0.0,0.0,0.0,0.0,0.0,"solar2_v,lipo2_v"
2021-09-30T16:00:00Z,29.0,29.0,,,0.0,0.0,,,,,,,,,,,3.869,3.869,3.869,,,,233.345,0.0,0.0,,,,,288.31,287.0,290.0,,,0.0,5900.0,5928.0,0.0,0.0,0.0,0.0,0.0,0.0,29.0,0.0,0.0,0.0,29.0,0.0,0.0,0.0,0.0,0.0,"solar2_v,lipo2_v"
2021-09-30T17:00:00Z,29.0,29.0,,,0.0,0.0,,,,,,,,,,,3.869,3.867,3.869,,,,233.345,0.0,0.0,,,,,286.621,286.0,287.0,,,0.0,5929.0,5957.0,0.0,0.0,0.0,0.0,0.0,0.0,29.0,0.0,0.0,0.0,29.0,0.0,0.0,0.0,0.0,0.0,"solar2_v,lipo2_v"
2021-09-30T18:00:00Z,28.0,28.0,,,0.0,0.0,,,,,,,,,,,3.869,3.867,3.869,,,,234.0,0.0,0.0,,,,,284.571,282.0,286.0,,,0.0,5958.0,5985.0,0.0,0.0,0.0,0.0,0.0,0.0,28.0,0.0,0.0,0.0,28.0,0.0,0.0,0.0,0.0,0.0,"solar2_v,lipo2_v"
2021-09-30T19:00:00Z,29.0,29.0,,,0.0,0.0,,,,,,,,,,,3.868,3.867,3.869,,,,233.931,0.0,0.0,,,,,282.31,281.0,284.0,,,0.0,5986.0,6014.0,0.0,0.0,0.0,0.0,0.0,0.0,29.0,0.0,0.0,0.0,29.0,0.0,0.0,0.0,0.0,0.0,"solar2_v,lipo2_v"
2021-09-30T20:00:00Z,28.0,28.0,,,0.0,0.0,,,,,,,,,,,3.867,3.866,3.867,,,,233.786,0.0,0.0,,,,,281.0,281.0,281.0,,,0.0,6015.0,6042.0,0.0,0.0,0.0,0.0,0.0,0.0,28.0,0.0,0.0,0.0,28.0,0.0,0.0,0.0,0.0,0.0,"solar2_v,lipo2_v"
2021-09-30T21:00:00Z,29.0,29.0,,,0.0,0.0,,,,,,,,,,,3.867,3.864,3.869,,,,234.414,0.0,0.0,,,,,280.276,279.0,281.0,,,0.0,6043.0,6071.0,0.0,0.0,0.0,0.0,0.0,0.0,29.0,0.0,0.0,0.0,29.0,0.0,0.0,0.0,0.0,0.0,"solar2_v,lipo2_v"
2021-09-30T22:00:00Z,28.0,28.0,,,0.0,0.0,,,,,,,,,,,3.866,3.866,3.867,,,,234.25,0.0,0.0,,,,,281.071,279.0,286.0,,,0.0,6072.0,6099.0,0.0,0.0,0.0,0.0,0.0,0.0,28.0,0.0,0.0,0.0,28.0,0.0,0.0,0.0,0.0,0.0,"solar2_v,lipo2_v"
2021-09-30T23:00:00Z,28.0,28.0,,,0.155,0.708,,,,,,,,,,,3.865,3.864,3.867,,,,233.5,0.0,0.0,,,,,290.0,286.0,296.0,,,0.0,6100.0,6128.0,0.0,9.0,0.0,0.0,0.0,0.0,28.0,0.0,0.0,0.0,28.0,0.0,0.0,0.0,0.0,0.0,"solar2_v,lipo2_v"
2021-10-01T00:00:00Z,28.0,28.0,,,1.821,3.078,,,,,,,,,,,3.866,3.864,3.867,,,,230.071,0.0,0.0,,,,,299.786,218.0,350.0,,,0.0,6129.0,6156.0,0.0,28.0,0.0,0.0,0.0,0.0,28.0,0.0,0.0,0.0,28.0,0.0,0.0,0.0,0.0,0.0,"solar2_v,lipo2_v"
2021-10-01T01:00:00Z,27.0,27.0,,,2.337,4.195,,,,,,,,,,,3.867,3.866,3.869,,,,226.296,0.0,0.0,,,,,358.519,340.0,380.0,,,0.0,6157.0,6185.0,0.0,27.0,0.0,0.0,0.0,0.0,27.0,0.0,0.0,0.0,27.0,0.0,0.0,0.0,0.0,0.0,"solar2_v,lipo2_v"
2021-10-01T02:00:00Z,23.0,23.0,,,3.835,4.992,,,,,,,,,,,3.868,3.866,3.869,,,,222.652,0.0,0.0,,,,,396.696,351.0,442.0,,,0.0,6186.0,6213.0,0.0,23.0,0.0,0.0,0.0,0.0,23.0,0.0,0.0,0.0,23.0,0.0,0.0,0.0,0.0,0.0,"solar2_v,lipo2_v"
2021-10-01T03:00:00Z,28.0,28.0,,,3.827,4.979,,,,,,,,,,,3.868,3.867,3.869,,,,218.571,0.0,0.0,,,,,445.857,433.0,462.0,,,0.0,6214.0,6242.0,0.0,28.0,0.0,0.0,0.0,0.0,28.0,0.0,0.0,0.0,28.0,0.0,0.0,0.0,0.0,0.0,"solar2_v,lipo2_v"
2021-10-01T04:00:00Z,28.0,28.0,,,3.496,5.2,,,,,,,,,,,3.868,3.867,3.869,,,,219.821,0.0,0.0,,,,,434.429,387.0,467.0,,,0.0,6243.0,6270.0,0.0,28.0,0.0,0.0,0.0,0.0,28.0,0.0,0.0,0.0,28.0,0.0,0.0,0.0,0.0,0.0,"solar2_v,lipo2_v"
2021-10-01T05:00:00Z,27.0,27.0,,,1.579,2.235,,,,,,,,,,,3.865,3.862,3.867,,,,228.111,0.0,0.0,,,,,339.667,316.0,382.0,,,0.0,6271.0,6299.0,0.0,27.0,0.0,0.0,0.0,0.0,27.0,0.0,0.0,0.0,27.0,0.0,0.0,0.0,0.0,0.0,"solar2_v,lipo2_v"
2021-10-01T06:00:00Z,29.0,29.0,,,2.85,5.174,,,,,,,,,,,3.864,3.862,3.866,,,,226.621,0.0,0.0,,,,,355.345,325.0,374.0,,,0.0,6300.0,6328.0,0.0,29.0,0.0,0.0,0.0,0.0,29.0,0.0,0.0,0.0,29.0,0.0,0.0,0.0,0.0,0.0,"solar2_v,lipo2_v"
2021-10-01T07:00:00Z,28.0,28.0,,,0.571,1.387,,,,,,,,,,,3.862,3.861,3.864,,,,228.321,0.0,0.0,,,,,335.75,321.0,355.0,,,0.0,6329.0,6356.0,0.0,22.0,0.0,0.0,0.0,0.0,28.0,0.0,0.0,0.0,28.0,0.0,0.0,0.0,0.0,0.0,"solar2_v,lipo2_v"
2021-10-01T08:00:00Z,29.0,29.0,,,0.145,0.424,,,,,,,,,,,3.86,3.857,3.862,,,,232.0,0.0,0.0,,,,,304.931,295.0,321.0,,,0.0,6357.0,6385.0,0.0,11.0,0.0,0.0,0.0,0.0,29.0,0.0,0.0,0.0,29.0,0.0,0.0,0.0,0.0,0.0,"solar2_v,lipo2_v"
2021-10-01T09:00:00Z,28.0,28.0,,,0.312,0.472,,,,,,,,,,,3.857,3.854,3.861,,,,233.214,0.0,0.0,,,,,293.071,291.0,296.0,,,0.0,6386.0,6413.0,0.0,21.0,0.0,0.0,0.0,0.0,28.0,0.0,0.0,0.0,28.0,0.0,0.0,0.0,0.0,0.0,"solar2_v,lipo2_v"
2021-10-01T10:00:00Z,29.0,29.0,,,0.0,0.0,,,,,,,,,,,3.856,3.854,3.857,,,,233.31,0.0,0.0,,,,,291.207,289.0,293.0,,,0.0,6414.0,6442.0,0.0,0.0,0.0,0.0,0.0,0.0,29.0,0.0,0.0,0.0,29.0,0.0,0.0,0.0,0.0,0.0,"solar2_v,lipo2_v"
2021-10-01T11:00:00Z,28.0,28.0,,,0.0,0.0,,,,,,,,,,,3.855,3.854,3.856,,,,233.286,0.0,0.0,,,,,290.0,289.0,291.0,,,0.0,6443.0,6471.0,0.0,0.0,0.0,0.0,0.0,0.0,28.0,0.0,0.0,0.0,28.0,0.0,0.0,0.0,0.0,0.0,"solar2_v,lipo2_v"
2021-10-01T12:00:00Z,27.0,27.0,,,0.0,0.0,,,,,,,,,,,3.854,3.852,3.856,,,,233.185,0.0,0.0,,,,,289.185,286.0,293.0,,,0.0,6472.0,6499.0,0.0,0.0,0.0,0.0,0.0,0.0,27.0,0.0,0.0,0.0,27.0,0.0,0.0,0.0,0.0,0.0,"solar2_v,lipo2_v"
2021-10-01T13:00:00Z,27.0,27.0,,,0.0,0.0,,,,,,,,,,,3.852,3.851,3.854,,,,234.333,0.0,0.0,,,,,279.519,276.0,286.0,,,0.0,6500.0,6528.0,0.0,0.0,0.0,0.0,0.0,0.0,27.0,0.0,0.0,0.0,27.0,0.0,0.0,0.0,0.0,0.0,"solar2_v,lipo2_v"
2021-10-01T14:00:00Z,28.0,28.0,,,0.0,0.0,,,,,,,,,,,3.851,3.849,3.852,,,,234.5,0.0,0.0,,,,,278.536,276.0,281.0,,,0.0,6529.0,6557.0,0.0,0.0,0.0,0.0,0.0,0.0,28.0,0.0,0.0,0.0,28.0,0.0,0.0,0.0,0.0,0.0,"solar2_v,lipo2_v"
2021-10-01T15:00:00Z,28.0,28.0,,,0.0,0.0,,,,,,,,,,,3.85,3.847,3.852,,,,235.143,0.0,0.0,,,,,275.321,268.0,285.0,,,0.0,6558.0,6585.0,0.0,0.0,0.0,0.0,0.0,0.0,28.0,0.0,0.0,0.0,28.0,0.0,0.0,0.0,0.0,0.0,"solar2_v,lipo2_v"
2021-10-01T16:00:00Z,28.0,28.0,,,0.0,0.0,,,,,,,,,,,3.847,3.846,3.849,,,,235.714,0.0,0.0,,,,,268.25,267.0,272.0,,,0.0,6586.0,6614.0,0.0,0.0,0.0,0.0,0.0,0.0,28.0,0.0,0.0,0.0,28.0,0.0,0.0,0.0,0.0,0.0,"solar2_v,lipo2_v"
2021-10-01T17:00:00Z,28.0,28.0,,,0.0,0.0,,,,,,,,,,,3.847,3.846,3.849,,,,235.607,0.0,0.0,,,,,269.464,267.0,272.0,,,0.0,6615.0,6642.0,0.0,0.0,0.0,0.0,0.0,0.0,28.0,0.0,0.0,0.0,28.0,0.0,0.0,0.0,0.0,0.0,"solar2_v,lipo2_v"
2021-10-01T18:00:00Z,29.0,29.0,,,0.0,0.0,,,,,,,,,,,3.847,3.846,3.847,,,,236.172,0.0,0.0,,,,,269.172,268.0,271.0,,,0.0,6643.0,6671.0,0.0,0.0,0.0,0.0,0.0,0.0,29.0,0.0,0.0,0.0,29.0,0.0,0.0,0.0,0.0,0.0,"solar2_v,lipo2_v"
2021-10-01T19:00:00Z,28.0,28.0,,,0.0,0.0,,,,,,,,,,,3.846,3.844,3.847,,,,236.036,0.0,0.0,,,,,269.429,268.0,270.0,,,0.0,6672.0,6699.0,0.0,0.0,0.0,0.0,0.0,0.0,28.0,0.0,0.0,0.0,28.0,0.0,0.0,0.0,0.0,0.0,"solar2_v,lipo2_v"
2021-10-01T20:00:00Z,29.0,29.0,,,0.0,0.0,,,,,,,,,,,3.844,3.842,3.847,,,,236.241,0.0,0.0,,,,,267.379,267.0,269.0,,,0.0,6700.0,6728.0,0.0,0.0,0.0,0.0,0.0,0.0,29.0,0.0,0.0,0.0,29.0,0.0,0.0,0.0,0.0,0.0,"solar2_v,lipo2_v"
2021-10-01T21:00:00Z,29.0,29.0,,,0.0,0.0,,,,,,,,,,,3.844,3.842,3.846,,,,236.655,0.0,0.0,,,,,266.276,265.0,267.0,,,0.0,6729.0,6757.0,0.0,0.0,0.0,0.0,0.0,0.0,29.0,0.0,0.0,0.0,29.0,0.0,0.0,0.0,0.0,0.0,"solar2_v,lipo2_v"
2021-10-01T22:00:00Z,28.0,28.0,,,0.0,0.0,,,,,,,,,,,3.843,3.841,3.844,,,,236.821,0.0,0.0,,,,,263.821,263.0,266.0,,,0.0,6758.0,6785.0,0.0,0.0,0.0,0.0,0.0,0.0,28.0,0.0,0.0,0.0,28.0,0.0,0.0,0.0,0.0,0.0,"solar2_v,lipo2_v"
2021-10-01T23:00:00Z,29.0,29.0,,,0.551,2.046,,,,,,,,,,,3.842,3.841,3.844,,,,234.931,0.0,0.0,,,,,275.966,266.0,293.0,,,0.0,6786.0,6814.0,0.0,21.0,0.0,0.0,0.0,0.0,29.0,0.0,0.0,0.0,29.0,0.0,0.0,0.0,0.0,0.0,"solar2_v,lipo2_v"
2021-10-02T00:00:00Z,28.0,28.0,,,1.651,3.055,,,,,,,,,,,3.843,3.841,3.846,,,,230.679,0.0,0.0,,,,,306.071,236.0,327.0,,,0.0,6815.0,6842.0,0.0,28.0,0.0,0.0,0.0,0.0,28.0,0.0,0.0,0.0,28.0,0.0,0.0,0.0,0.0,0.0,"solar2_v,lipo2_v"
2021-10-02T01:00:00Z,28.0,28.0,,,1.928,4.374,,,,,,,,,,,3.842,3.841,3.844,,,,229.429,0.0,0.0,,,,,313.143,215.0,343.0,,,0.0,6844.0,6871.0,0.0,28.0,0.0,0.0,0.0,0.0,28.0,0.0,0.0,0.0,28.0,0.0,0.0,0.0,0.0,0.0,"solar2_v,lipo2_v"
2021-10-02T02:00:00Z,28.0,28.0,,,1.817,4.059,,,,,,,,,,,3.842,3.841,3.844,,,,228.071,0.0,0.0,,,,,341.464,307.0,358.0,,,0.0,6872.0,6899.0,0.0,25.0,0.0,0.0,0.0,0.0,28.0,0.0,0.0,0.0,28.0,0.0,0.0,0.0,0.0,0.0,"solar2_v,lipo2_v"
2021-10-02T03:00:00Z,27.0,27.0,,,0.384,0.715,,,,,,,,,,,3.84,3.838,3.841,,,,234.556,0.0,0.0,,,,,279.111,274.0,301.0,,,0.0,6900.0,6928.0,0.0,20.0,0.0,0.0,0.0,0.0,27.0,0.0,0.0,0.0,27.0,0.0,0.0,0.0,0.0,0.0,"solar2_v,lipo2_v"
2021-10-02T04:00:00Z,26.0,26.0,,,0.891,1.289,,,,,,,,,,,3.838,3.836,3.839,,,,234.077,0.0,0.0,,,,,284.038,276.0,288.0,,,0.0,6929.0,6956.0,0.0,26.0,0.0,0.0,0.0,0.0,26.0,0.0,0.0,0.0,26.0,0.0,0.0,0.0,0.0,0.0,"solar2_v,lipo2_v"
2021-10-02T05:00:00Z,25.0,25.0,,,1.125,1.53,,,,,,,,,,,3.837,3.834,3.839,,,,233.32,0.0,0.0,,,,,276.52,229.0,299.0,,,0.0,6957.0,6984.0,0.0,25.0,0.0,0.0,0.0,0.0,25.0,0.0,0.0,0.0,25.0,0.0,0.0,0.0,0.0,0.0,"solar2_v,lipo2_v"
2021-10-02T06:00:00Z,16.0,16.0,,,1.395,1.772,,,,,,,,,,,3.835,3.834,3.838,,,,231.312,0.0,0.0,,,,,297.625,237.0,317.0,,,0.0,6985.0,7011.0,0.0,16.0,0.0,0.0,0.0,0.0,16.0,0.0,0.0,0.0,16.0,0.0,0.0,0.0,0.0,0.0,"solar2_v,lipo2_v"
2021-10-02T07:00:00Z,29.0,29.0,,,1.077,1.364,,,,,,,,,,,3.835,3.833,3.838,,,,230.966,0.0,0.0,,,,,313.103,309.0,316.0,,,0.0,7012.0,7040.0,0.0,29.0,0.0,0.0,0.0,0.0,29.0,0.0,0.0,0.0,29.0,0.0,0.0,0.0,0.0,0.0,"solar2_v,lipo2_v"
2021-10-02T08:00:00Z,29.0,29.0,,,0.587,0.813,,,,,,,,,,,3.834,3.829,3.836,,,,231.793,0.0,0.0,,,,,303.759,301.0,311.0,,,0.0,7041.0,7069.0,0.0,29.0,0.0,0.0,0.0,0.0,29.0,0.0,0.0,0.0,29.0,0.0,0.0,0.0,0.0,0.0,"solar2_v,lipo2_v"
2021-10-02T09:00:00Z,28.0,28.0,,,0.292,0.541,,,,,,,,,,,3.833,3.829,3.836,,,,233.0,0.0,0.0,,,,,292.964,274.0,304.0,,,0.0,7070.0,7097.0,0.0,21.0,0.0,0.0,0.0,0.0,28.0,0.0,0.0,0.0,28.0,0.0,0.0,0.0,0.0,0.0,"solar2_v,lipo2_v"
2021-10-02T10:00:00Z,28.0,28.0,,,0.0,0.0,,,,,,,,,,,3.83,3.828,3.834,,,,235.321,0.0,0.0,,,,,271.464,265.0,274.0,,,0.0,7098.0,7126.0,0.0,0.0,0.0,0.0,0.0,0.0,28.0,0.0,0.0,0.0,28.0,0.0,0.0,0.0,0.0,0.0,"solar2_v,lipo2_v"
2021-10-02T11:00:00Z,26.0,26.0,,,0.0,0.0,,,,,,,,,,,3.828,3.824,3.829,,,,237.154,0.0,0.0,,,,,261.615,261.0,263.0,,,0.0,7127.0,7154.0,0.0,0.0,0.0,0.0,0.0,0.0,26.0,0.0,0.0,0.0,26.0,0.0,0.0,0.0,0.0,0.0,"solar2_v,lipo2_v"
2021-10-02T12:00:00Z,29.0,29.0,,,0.0,0.0,,,,,,,,,,,3.826,3.823,3.829,,,,237.069,0.0,0.0,,,,,261.0,261.0,261.0,,,0.0,7155.0,7183.0,0.0,0.0,0.0,0.0,0.0,0.0,29.0,0.0,0.0,0.0,29.0,0.0,0.0,0.0,0.0,0.0,"solar2_v,lipo2_v"
2021-10-02T13:00:00Z,27.0,27.0,,,0.0,0.0,,,,,,,,,,,3.824,3.823,3.826,,,,237.148,0.0,0.0,,,,,261.667,261.0,262.0,,,0.0,7184.0,7211.0,0.0,0.0,0.0,0.0,0.0,0.0,27.0,0.0,0.0,0.0,27.0,0.0,0.0,0.0,0.0,0.0,"solar2_v,lipo2_v"
2021-10-02T14:00:00Z,29.0,29.0,,,0.0,0.0,,,,,,,,,,,3.823,3.823,3.826,,,,237.034,0.0,0.0,,,,,261.621,261.0,263.0,,,0.0,7212.0,7240.0,0.0,0.0,0.0,0.0,0.0,0.0,29.0,0.0,0.0,0.0,29.0,0.0,0.0,0.0,0.0,0.0,"solar2_v,lipo2_v"
2021-10-02T15:00:00Z,28.0,28.0,,,0.0,0.0,,,,,,,,,,,3.823,3.821,3.824,,,,237.679,0.0,0.0,,,,,260.964,260.0,261.0,,,0.0,7242.0,7269.0,0.0,0.0,0.0,0.0,0.0,0.0,28.0,0.0,0.0,0.0,28.0,0.0,0.0,0.0,0.0,0.0,"solar2_v,lipo2_v"
2021-10-02T16:00:00Z,28.0,28.0,,,0.0,0.0,,,,,,,,,,,3.822,3.821,3.824,,,,237.429,0.0,0.0,,,,,261.357,261.0,262.0,,,0.0,7270.0,7297.0,0.0,0.0,0.0,0.0,0.0,0.0,28.0,0.0,0.0,0.0,28.0,0.0,0.0,0.0,0.0,0.0,"solar2_v,lipo2_v"
2021-10-02T17:00:00Z,27.0,27.0,,,0.0,0.0,,,,,,,,,,,3.82,3.819,3.823,,,,237.148,0.0,0.0,,,,,261.444,261.0,263.0,,,0.0,7299.0,7326.0,0.0,0.0,0.0,0.0,0.0,0.0,27.0,0.0,0.0,0.0,27.0,0.0,0.0,0.0,0.0,0.0,"solar2_v,lipo2_v"
2021-10-02T18:00:00Z,29.0,29.0,,,0.0,0.0,,,,,,,,,,,3.819,3.818,3.821,,,,237.345,0.0,0.0,,,,,261.034,261.0,262.0,,,0.0,7327.0,7355.0,0.0,0.0,0.0,0.0,0.0,0.0,29.0,0.0,0.0,0.0,29.0,0.0,0.0,0.0,0.0,0.0,"solar2_v,lipo2_v"
2021-10-02T19:00:00Z,28.0,28.0,,,0.0,0.0,,,,,,,,,,,3.818,3.818,3.819,,,,237.107,0.0,0.0,,,,,261.821,261.0,262.0,,,0.0,7356.0,7383.0,0.0,0.0,0.0,0.0,0.0,0.0,28.0,0.0,0.0,0.0,28.0,0.0,0.0,0.0,0.0,0.0,"solar2_v,lipo2_v"
2021-10-02T20:00:00Z,29.0,29.0,,,0.0,0.0,,,,,,,,,,,3.818,3.818,3.819,,,,237.172,0.0,0.0,,,,,262.207,261.0,263.0,,,0.0,7384.0,7412.0,0.0,0.0,0.0,0.0,0.0,0.0,29.0,0.0,0.0,0.0,29.0,0.0,0.0,0.0,0.0,0.0,"solar2_v,lipo2_v"
2021-10-02T21:00:00Z,28.0,28.0,,,0.0,0.0,,,,,,,,,,,3.818,3.816,3.818,,,,237.214,0.0,0.0,,,,,262.786,262.0,264.0,,,0.0,7413.0,7440.0,0.0,0.0,0.0,0.0,0.0,0.0,28.0,0.0,0.0,0.0,28.0,0.0,0.0,0.0,0.0,0.0,"solar2_v,lipo2_v"
2021-10-02T22:00:00Z,29.0,29.0,,,0.0,0.0,,,,,,,,,,,3.817,3.816,3.818,,,,237.276,0.0,0.0,,,,,261.448,261.0,262.0,,,0.0,7441.0,7469.0,0.0,0.0,0.0,0.0,0.0,0.0,29.0,0.0,0.0,0.0,29.0,0.0,0.0,0.0,0.0,0.0,"solar2_v,lipo2_v"
2021-10-02T23:00:00Z,29.0,29.0,,,0.442,0.741,,,,,,,,,,,3.816,3.816,3.818,,,,236.276,0.0,0.0,,,,,269.207,262.0,277.0,,,0.0,7470.0,7498.0,0.0,24.0,0.0,0.0,0.0,0.0,29.0,0.0,0.0,0.0,29.0,0.0,0.0,0.0,0.0,0.0,"solar2_v,lipo2_v"
2021-10-03T00:00:00Z,28.0,28.0,,,2.218,3.65,,,,,,,,,,,3.817,3.816,3.818,,,,231.357,0.0,0.0,,,,,285.0,218.0,326.0,,,0.0,7499.0,7526.0,0.0,28.0,0.0,0.0,0.0,0.0,28.0,0.0,0.0,0.0,28.0,0.0,0.0,0.0,0.0,0.0,"solar2_v,lipo2_v"
2021-10-03T01:00:00Z,28.0,28.0,,,2.671,4.608,,,,,,,,,,,3.817,3.816,3.818,,,,226.857,0.0,0.0,,,,,342.821,218.0,362.0,,,0.0,7527.0,7555.0,0.0,28.0,0.0,0.0,0.0,0.0,28.0,0.0,0.0,0.0,28.0,0.0,0.0,0.0,0.0,0.0,"solar2_v,lipo2_v"
2021-10-03T02:00:00Z,28.0,28.0,,,1.911,2.755,,,,,,,,,,,3.817,3.816,3.818,,,,228.179,0.0,0.0,,,,,333.893,327.0,355.0,,,0.0,7556.0,7583.0,0.0,28.0,0.0,0.0,0.0,0.0,28.0,0.0,0.0,0.0,28.0,0.0,0.0,0.0,0.0,0.0,"solar2_v,lipo2_v"
2021-10-03T03:00:00Z,29.0,29.0,,,1.51,1.922,,,,,,,,,,,3.816,3.816,3.816,,,,229.103,0.0,0.0,,,,,325.931,323.0,328.0,,,0.0,7584.0,7612.0,0.0,29.0,0.0,0.0,0.0,0.0,29.0,0.0,0.0,0.0,29.0,0.0,0.0,0.0,0.0,0.0,"solar2_v,lipo2_v"
2021-10-03T04:00:00Z,28.0,28.0,,,1.92,2.407,,,,,,,,,,,3.816,3.816,3.816,,,,228.429,0.0,0.0,,,,,337.071,327.0,346.0,,,0.0,7613.0,7640.0,0.0,28.0,0.0,0.0,0.0,0.0,28.0,0.0,0.0,0.0,28.0,0.0,0.0,0.0,0.0,0.0,"solar2_v,lipo2_v"
2021-10-03T05:00:00Z,29.0,29.0,,,1.805,2.468,,,,,,,,,,,3.816,3.814,3.816,,,,228.655,0.0,0.0,,,,,332.138,325.0,343.0,,,0.0,7641.0,7669.0,0.0,29.0,0.0,0.0,0.0,0.0,29.0,0.0,0.0,0.0,29.0,0.0,0.0,0.0,0.0,0.0,"solar2_v,lipo2_v"
2021-10-03T06:00:00Z,28.0,28.0,,,2.511,2.816,,,,,,,,,,,3.816,3.816,3.816,,,,226.75,0.0,0.0,,,,,354.786,345.0,364.0,,,0.0,7670.0,7698.0,0.0,28.0,0.0,0.0,0.0,0.0,28.0,0.0,0.0,0.0,28.0,0.0,0.0,0.0,0.0,0.0,"solar2_v,lipo2_v"
2021-10-03T07:00:00Z,28.0,28.0,,,1.509,1.946,,,,,,,,,,,3.815,3.814,3.816,,,,228.536,0.0,0.0,,,,,334.536,323.0,353.0,,,0.0,7699.0,7726.0,0.0,28.0,0.0,0.0,0.0,0.0,28.0,0.0,0.0,0.0,28.0,0.0,0.0,0.0,0.0,0.0,"solar2_v,lipo2_v"
2021-10-03T08:00:00Z,29.0,29.0,,,1.09,1.21,,,,,,,,,,,3.814,3.813,3.814,,,,229.862,0.0,0.0,,,,,322.276,321.0,324.0,,,0.0,7727.0,7755.0,0.0,29.0,0.0,0.0,0.0,0.0,29.0,0.0,0.0,0.0,29.0,0.0,0.0,0.0,0.0,0.0,"solar2_v,lipo2_v"
2021-10-03T09:00:00Z,29.0,29.0,,,0.657,0.869,,,,,,,,,,,3.813,3.811,3.814,,,,230.69,0.0,0.0,,,,,316.897,313.0,321.0,,,0.0,7756.0,7784.0,0.0,29.0,0.0,0.0,0.0,0.0,29.0,0.0,0.0,0.0,29.0,0.0,0.0,0.0,0.0,0.0,"solar2_v,lipo2_v"
2021-10-03T10:00:00Z,28.0,28.0,,,0.0,0.0,,,,,,,,,,,3.812,3.809,3.814,,,,232.286,0.0,0.0,,,,,303.607,301.0,312.0,,,0.0,7785.0,7812.0,0.0,0.0,0.0,0.0,0.0,0.0,28.0,0.0,0.0,0.0,28.0,0.0,0.0,0.0,0.0,0.0,"solar2_v,lipo2_v"
2021-10-03T11:00:00Z,28.0,28.0,,,0.0,0.0,,,,,,,,,,,3.81,3.808,3.811,,,,232.821,0.0,0.0,,,,,300.036,297.0,301.0,,,0.0,7813.0,7841.0,0.0,0.0,0.0,0.0,0.0,0.0,28.0,0.0,0.0,0.0,28.0,0.0,0.0,0.0,0.0,0.0,"solar2_v,lipo2_v"
2021-10-03T12:00:00Z,28.0,28.0,,,0.0,0.0,,,,,,,,,,,3.809,3.808,3.811,,,,233.0,0.0,0.0,,,,,294.571,292.0,297.0,,,0.0,7842.0,7869.0,0.0,0.0,0.0,0.0,0.0,0.0,28.0,0.0,0.0,0.0,28.0,0.0,0.0,0.0,0.0,0.0,"solar2_v,lipo2_v"
2021-10-03T13:00:00Z,29.0,29.0,,,0.0,0.0,,,,,,,,,,,3.807,3.805,3.809,,,,233.414,0.0,0.0,,,,,288.724,283.0,293.0,,,0.0,7870.0,7898.0,0.0,0.0,0.0,0.0,0.0,0.0,29.0,0.0,0.0,0.0,29.0,0.0,0.0,0.0,0.0,0.0,"solar2_v,lipo2_v"
2021-10-03T14:00:00Z,28.0,28.0,,,0.0,0.0,,,,,,,,,,,3.806,3.803,3.808,,,,234.214,0.0,0.0,,,,,280.893,280.0,282.0,,,0.0,7899.0,7927.0,0.0,0.0,0.0,0.0,0.0,0.0,28.0,0.0,0.0,0.0,28.0,0.0,0.0,0.0,0.0,0.0,"solar2_v,lipo2_v"
2021-10-03T15:00:00Z,28.0,28.0,,,0.0,0.0,,,,,,,,,,,3.803,3.801,3.806,,,,234.107,0.0,0.0,,,,,282.75,281.0,285.0,,,0.0,7928.0,7955.0,0.0,0.0,0.0,0.0,0.0,0.0,28.0,0.0,0.0,0.0,28.0,0.0,0.0,0.0,0.0,0.0,"solar2_v,lipo2_v"
2021-10-03T16:00:00Z,29.0,29.0,,,0.0,0.0,,,,,,,,,,,3.801,3.8,3.801,,,,234.241,0.0,0.0,,,,,282.0,281.0,283.0,,,0.0,7956.0,7984.0,0.0,0.0,0.0,0.0,0.0,0.0,29.0,0.0,0.0,0.0,29.0,0.0,0.0,0.0,0.0,0.0,"solar2_v,lipo2_v"
2021-10-03T17:00:00Z,28.0,28.0,,,0.0,0.0,,,,,,,,,,,3.8,3.798,3.803,,,,234.25,0.0,0.0,,,,,280.714,279.0,282.0,,,0.0,7985.0,8012.0,0.0,0.0,0.0,0.0,0.0,0.0,28.0,0.0,0.0,0.0,28.0,0.0,0.0,0.0,0.0,0.0,"solar2_v,lipo2_v"
2021-10-03T18:00:00Z,29.0,29.0,,,0.0,0.0,,,,,,,,,,,3.799,3.796,3.8,,,,234.552,0.0,0.0,,,,,277.552,277.0,279.0,,,0.0,8013.0,8041.0,0.0,0.0,0.0,0.0,0.0,0.0,29.0,0.0,0.0,0.0,29.0,0.0,0.0,0.0,0.0,0.0,"solar2_v,lipo2_v"
2021-10-03T19:00:00Z,28.0,28.0,,,0.0,0.0,,,,,,,,,,,3.797,3.796,3.8,,,,234.607,0.0,0.0,,,,,276.929,276.0,277.0,,,0.0,8042.0,8069.0,0.0,0.0,0.0,0.0,0.0,0.0,28.0,0.0,0.0,0.0,28.0,0.0,0.0,0.0,0.0,0.0,"solar2_v,lipo2_v"
2021-10-03T20:00:00Z,29.0,29.0,,,0.0,0.0,,,,,,,,,,,3.795,3.793,3.798,,,,234.793,0.0,0.0,,,,,275.931,275.0,277.0,,,0.0,8070.0,8098.0,0.0,0.0,0.0,0.0,0.0,0.0,29.0,0.0,0.0,0.0,29.0,0.0,0.0,0.0,0.0,0.0,"solar2_v,lipo2_v"
2021-10-03T21:00:00Z,29.0,29.0,,,0.0,0.0,,,,,,,,,,,3.794,3.793,3.796,,,,235.138,0.0,0.0,,,,,275.207,274.0,276.0,,,0.0,8099.0,8127.0,0.0,0.0,0.0,0.0,0.0,0.0,29.0,0.0,0.0,0.0,29.0,0.0,0.0,0.0,0.0,0.0,"solar2_v,lipo2_v"
2021-10-03T22:00:00Z,28.0,28.0,,,0.0,0.0,,,,,,,,,,,3.793,3.791,3.795,,,,235.679,0.0,0.0,,,,,273.893,273.0,274.0,,,0.0,8128.0,8155.0,0.0,0.0,0.0,0.0,0.0,0.0,28.0,0.0,0.0,0.0,28.0,0.0,0.0,0.0,0.0,0.0,"solar2_v,lipo2_v"
2021-10-03T23:00:00Z,29.0,29.0,,,0.306,0.656,,,,,,,,,,,3.792,3.791,3.795,,,,234.552,0.0,0.0,,,,,279.586,274.0,291.0,,,0.0,8156.0,8184.0,0.0,18.0,0.0,0.0,0.0,0.0,29.0,0.0,0.0,0.0,29.0,0.0,0.0,0.0,0.0,0.0,"solar2_v,lipo2_v"
2021-10-04T00:00:00Z,28.0,28.0,,,0.843,1.187,,,,,,,,,,,3.791,3.79,3.793,,,,232.893,0.0,0.0,,,,,299.429,292.0,306.0,,,0.0,8185.0,8212.0,0.0,28.0,0.0,0.0,0.0,0.0,28.0,0.0,0.0,0.0,28.0,0.0,0.0,0.0,0.0,0.0,"solar2_v,lipo2_v"
2021-10-04T01:00:00Z,24.0,24.0,,,1.554,1.858,,,,,,,,,,,3.79,3.79,3.791,,,,230.542,0.0,0.0,,,,,318.875,308.0,327.0,,,0.0,8213.0,8240.0,0.0,24.0,0.0,0.0,0.0,0.0,24.0,0.0,0.0,0.0,24.0,0.0,0.0,0.0,0.0,0.0,"solar2_v,lipo2_v"
2021-10-04T02:00:00Z,23.0,23.0,,,1.578,1.93,,,,,,,,,,,3.79,3.788,3.791,,,,229.174,0.0,0.0,,,,,323.565,288.0,327.0,,,0.0,8241.0,8266.0,0.0,23.0,0.0,0.0,0.0,0.0,23.0,0.0,0.0,0.0,23.0,0.0,0.0,0.0,0.0,0.0,"solar2_v,lipo2_v"
2021-10-04T03:00:00Z,19.0,19.0,,,2.07,2.361,,,,,,,,,,,3.788,3.786,3.79,,,,227.842,0.0,0.0,,,,,341.684,330.0,352.0,,,0.0,8270.0,8296.0,0.0,19.0,0.0,0.0,0.0,0.0,19.0,0.0,0.0,0.0,19.0,0.0,0.0,0.0,0.0,0.0,"solar2_v,lipo2_v"
2021-10-04T04:00:00Z,18.0,18.0,,,1.44,1.804,,,,,,,,,,,3.785,3.783,3.786,,,,228.333,0.0,0.0,,,,,339.5,335.0,346.0,,,0.0,8300.0,8322.0,0.0,18.0,0.0,0.0,0.0,0.0,18.0,0.0,0.0,0.0,18.0,0.0,0.0,0.0,0.0,0.0,"solar2_v,lipo2_v"
2021-10-04T05:00:00Z,22.0,22.0,,,1.927,2.555,,,,,,,,,,,3.781,3.78,3.783,,,,227.5,0.0,0.0,,,,,346.909,340.0,353.0,,,0.0,8325.0,8352.0,0.0,22.0,0.0,0.0,0.0,0.0,22.0,0.0,0.0,0.0,22.0,0.0,0.0,0.0,0.0,0.0,"solar2_v,lipo2_v"
2021-10-04T06:00:00Z,29.0,29.0,,,2.392,4.49,,,,,,,,,,,3.778,3.776,3.781,,,,225.207,0.0,0.0,,,,,370.31,354.0,406.0,,,0.0,8353.0,8381.0,0.0,29.0,0.0,0.0,0.0,0.0,29.0,0.0,0.0,0.0,29.0,0.0,0.0,0.0,0.0,0.0,"solar2_v,lipo2_v"
2021-10-04T07:00:00Z,28.0,28.0,,,1.927,3.062,,,,,,,,,,,3.777,3.775,3.78,,,,224.357,0.0,0.0,,,,,382.75,362.0,407.0,,,0.0,8382.0,8409.0,0.0,28.0,0.0,0.0,0.0,0.0,28.0,0.0,0.0,0.0,28.0,0.0,0.0,0.0,0.0,0.0,"solar2_v,lipo2_v"
2021-10-04T08:00:00Z,29.0,29.0,,,1.543,2.017,,,,,,,,,,,3.774,3.772,3.776,,,,226.655,0.0,0.0,,,,,355.138,346.0,367.0,,,0.0,8410.0,8438.0,0.0,29.0,0.0,0.0,0.0,0.0,29.0,0.0,0.0,0.0,29.0,0.0,0.0,0.0,0.0,0.0,"solar2_v,lipo2_v"
2021-10-04T09:00:00Z,29.0,29.0,,,0.605,1.012,,,,,,,,,,,3.772,3.77,3.775,,,,228.966,0.0,0.0,,,,,333.0,323.0,345.0,,,0.0,8439.0,8467.0,0.0,24.0,0.0,0.0,0.0,0.0,29.0,0.0,0.0,0.0,29.0,0.0,0.0,0.0,0.0,0.0,"solar2_v,lipo2_v"
2021-10-04T10:00:00Z,28.0,28.0,,,0.0,0.0,,,,,,,,,,,3.769,3.767,3.77,,,,231.286,0.0,0.0,,,,,315.214,312.0,321.0,,,0.0,8468.0,8495.0,0.0,0.0,0.0,0.0,0.0,0.0,28.0,0.0,0.0,0.0,28.0,0.0,0.0,0.0,0.0,0.0,"solar2_v,lipo2_v"
2021-10-04T11:00:00Z,29.0,29.0,,,0.0,0.0,,,,,,,,,,,3.768,3.767,3.768,,,,232.0,0.0,0.0,,,,,303.69,260.0,312.0,,,0.0,8496.0,8524.0,0.0,0.0,0.0,0.0,0.0,0.0,29.0,0.0,0.0,0.0,29.0,0.0,0.0,0.0,0.0,0.0,"solar2_v,lipo2_v"
2021-10-04T12:00:00Z,28.0,28.0,,,0.0,0.0,,,,,,,,,,,3.766,3.765,3.767,,,,232.429,0.0,0.0,,,,,297.821,262.0,304.0,,,0.0,8525.0,8552.0,0.0,0.0,0.0,0.0,0.0,0.0,28.0,0.0,0.0,0.0,28.0,0.0,0.0,0.0,0.0,0.0,"solar2_v,lipo2_v"
2021-10-04T13:00:00Z,29.0,29.0,,,0.0,0.0,,,,,,,,,,,3.764,3.763,3.765,,,,235.276,0.0,0.0,,,,,274.966,273.0,280.0,,,0.0,8553.0,8581.0,0.0,0.0,0.0,0.0,0.0,0.0,29.0,0.0,0.0,0.0,29.0,0.0,0.0,0.0,0.0,0.0,"solar2_v,lipo2_v"
2021-10-04T14:00:00Z,27.0,27.0,,,0.0,0.0,,,,,,,,,,,3.763,3.762,3.763,,,,235.815,0.0,0.0,,,,,273.519,271.0,274.0,,,0.0,8582.0,8609.0,0.0,0.0,0.0,0.0,0.0,0.0,27.0,0.0,0.0,0.0,27.0,0.0,0.0,0.0,0.0,0.0,"solar2_v,lipo2_v"
2021-10-04T15:00:00Z,29.0,29.0,,,0.0,0.0,,,,,,,,,,,3.76,3.757,3.762,,,,236.483,0.0,0.0,,,,,267.448,267.0,271.0,,,0.0,8610.0,8638.0,0.0,0.0,0.0,0.0,0.0,0.0,29.0,0.0,0.0,0.0,29.0,0.0,0.0,0.0,0.0,0.0,"solar2_v,lipo2_v"
2021-10-04T16:00:00Z,29.0,29.0,,,0.0,0.0,,,,,,,,,,,3.758,3.755,3.76,,,,236.034,0.0,0.0,,,,,270.517,268.0,273.0,,,0.0,8639.0,8667.0,0.0,0.0,0.0,0.0,0.0,0.0,29.0,0.0,0.0,0.0,29.0,0.0,0.0,0.0,0.0,0.0,"solar2_v,lipo2_v"
2021-10-04T17:00:00Z,5.0,5.0,,,0.0,0.0,,,,,,,,,,,3.756,3.755,3.757,,,,236.0,0.0,0.0,,,,,273.0,273.0,273.0,,,0.0,8668.0,8672.0,0.0,0.0,0.0,0.0,0.0,0.0,5.0,0.0,0.0,0.0,5.0,0.0,0.0,0.0,0.0,0.0,"solar2_v,lipo2_v"
2021-10-04T18:00:00Z,17.0,17.0,,,0.0,0.0,,,,,,,,,,,3.741,3.739,3.747,,,,235.118,0.0,0.0,,,,,274.353,273.0,277.0,,,0.0,8694.0,8720.0,0.0,0.0,0.0,0.0,0.0,0.0,17.0,0.0,0.0,0.0,17.0,0.0,0.0,0.0,0.0,0.0,"solar2_v,lipo2_v"
2021-10-04T19:00:00Z,29.0,29.0,,,0.0,0.0,,,,,,,,,,,3.738,3.735,3.74,,,,235.621,0.0,0.0,,,,,273.966,273.0,274.0,,,0.0,8721.0,8749.0,0.0,0.0,0.0,0.0,0.0,0.0,29.0,0.0,0.0,0.0,29.0,0.0,0.0,0.0,0.0,0.0,"solar2_v,lipo2_v"
2021-10-04T20:00:00Z,28.0,28.0,,,0.0,0.0,,,,,,,,,,,3.735,3.734,3.737,,,,236.107,0.0,0.0,,,,,274.0,274.0,274.0,,,0.0,8750.0,8777.0,0.0,0.0,0.0,0.0,0.0,0.0,28.0,0.0,0.0,0.0,28.0,0.0,0.0,0.0,0.0,0.0,"solar2_v,lipo2_v"
2021-10-04T21:00:00Z,29.0,29.0,,,0.0,0.0,,,,,,,,,,,3.733,3.729,3.735,,,,236.138,0.0,0.0,,,,,273.828,273.0,274.0,,,0.0,8778.0,8806.0,0.0,0.0,0.0,0.0,0.0,0.0,29.0,0.0,0.0,0.0,29.0,0.0,0.0,0.0,0.0,0.0,"solar2_v,lipo2_v"
2021-10-04T22:00:00Z,28.0,28.0,,,0.0,0.0,,,,,,,,,,,3.729,3.725,3.732,,,,236.429,0.0,0.0,,,,,272.786,272.0,273.0,,,0.0,8807.0,8834.0,0.0,0.0,0.0,0.0,0.0,0.0,28.0,0.0,0.0,0.0,28.0,0.0,0.0,0.0,0.0,0.0,"solar2_v,lipo2_v"
2021-10-04T23:00:00Z,29.0,29.0,,,0.522,2.191,,,,,,,,,,,3.725,3.722,3.729,,,,235.172,0.0,0.0,,,,,276.655,221.0,298.0,,,0.0,8835.0,8863.0,0.0,18.0,0.0,0.0,0.0,0.0,29.0,0.0,0.0,0.0,29.0,0.0,0.0,0.0,0.0,0.0,"solar2_v,lipo2_v"
2021-10-05T00:00:00Z,27.0,27.0,,,2.495,3.357,,,,,,,,,,,3.723,3.722,3.725,,,,228.519,0.0,0.0,,,,,336.963,270.0,364.0,,,0.0,8864.0,8891.0,0.0,27.0,0.0,0.0,0.0,0.0,27.0,0.0,0.0,0.0,27.0,0.0,0.0,0.0,0.0,0.0,"solar2_v,lipo2_v"
2021-10-05T01:00:00Z,11.0,11.0,,,2.424,3.332,,,,,,,,,,,3.72,3.717,3.724,,,,225.818,0.0,0.0,,,,,361.909,343.0,369.0,,,0.0,8892.0,8908.0,0.0,11.0,0.0,0.0,0.0,0.0,11.0,0.0,0.0,0.0,11.0,0.0,0.0,0.0,0.0,0.0,"solar2_v,lipo2_v"
2021-10-05T02:00:00Z,1.0,1.0,,,2.801,2.801,,,,,,,,,,,3.714,3.714,3.714,,,,225.0,0.0,0.0,,,,,365.0,365.0,365.0,,,0.0,8919.0,8919.0,0.0,1.0,0.0,0.0,0.0,0.0,1.0,0.0,0.0,0.0,1.0,0.0,0.0,0.0,0.0,0.0,"solar2_v,lipo2_v"
2021-10-05T03:00:00Z,21.0,21.0,,,3.063,4.959,,,,,,,,,,,3.711,3.71,3.712,,,,221.143,0.0,0.0,,,,,423.667,394.0,460.0,,,0.0,8953.0,8973.0,0.0,21.0,0.0,0.0,0.0,0.0,21.0,0.0,0.0,0.0,21.0,0.0,0.0,0.0,0.0,0.0,"solar2_v,lipo2_v"
2021-10-05T04:00:00Z,28.0,28.0,,,2.555,4.503,,,,,,,,,,,3.709,3.709,3.71,,,,224.607,0.0,0.0,,,,,387.429,364.0,408.0,,,0.0,8974.0,9001.0,0.0,28.0,0.0,0.0,0.0,0.0,28.0,0.0,0.0,0.0,28.0,0.0,0.0,0.0,0.0,0.0,"solar2_v,lipo2_v"
2021-10-05T05:00:00Z,29.0,29.0,,,1.881,4.905,,,,,,,,,,,3.707,3.704,3.709,,,,225.103,0.0,0.0,,,,,377.586,337.0,420.0,,,0.0,9002.0,9030.0,0.0,29.0,0.0,0.0,0.0,0.0,29.0,0.0,0.0,0.0,29.0,0.0,0.0,0.0,0.0,0.0,"solar2_v,lipo2_v"
2021-10-05T06:00:00Z,28.0,28.0,,,1.941,3.112,,,,,,,,,,,3.703,3.701,3.706,,,,227.286,0.0,0.0,,,,,354.75,338.0,374.0,,,0.0,9031.0,9058.0,0.0,28.0,0.0,0.0,0.0,0.0,28.0,0.0,0.0,0.0,28.0,0.0,0.0,0.0,0.0,0.0,"solar2_v,lipo2_v"
2021-10-05T07:00:00Z,29.0,29.0,,,2.761,4.511,,,,,,,,,,,3.701,3.697,3.704,,,,223.759,0.0,0.0,,,,,395.345,354.0,433.0,,,0.0,9059.0,9087.0,0.0,29.0,0.0,0.0,0.0,0.0,29.0,0.0,0.0,0.0,29.0,0.0,0.0,0.0,0.0,0.0,"solar2_v,lipo2_v"
2021-10-05T08:00:00Z,28.0,28.0,,,2.542,3.435,,,,,,,,,,,3.696,3.687,3.702,,,,221.714,0.0,0.0,,,,,424.179,404.0,433.0,,,0.0,9088.0,9115.0,0.0,28.0,0.0,0.0,0.0,0.0,28.0,0.0,0.0,0.0,28.0,0.0,0.0,0.0,0.0,0.0,"solar2_v,lipo2_v"
2021-10-05T09:00:00Z,29.0,29.0,,,0.687,1.699,,,,,,,,,,,3.686,3.682,3.696,,,,227.0,0.0,0.0,,,,,356.414,318.0,399.0,,,0.0,9116.0,9144.0,0.0,20.0,0.0,0.0,0.0,0.0,29.0,0.0,0.0,0.0,29.0,0.0,0.0,0.0,0.0,0.0,"solar2_v,lipo2_v"
2021-10-05T10:00:00Z,29.0,29.0,,,0.0,0.0,,,,,,,,,,,3.681,3.677,3.684,,,,233.724,0.0,0.0,,,,,287.759,273.0,316.0,,,0.0,9145.0,9173.0,0.0,0.0,0.0,0.0,0.0,0.0,29.0,0.0,0.0,0.0,29.0,0.0,0.0,0.0,0.0,0.0,"solar2_v,lipo2_v"
2021-10-05T11:00:00Z,26.0,26.0,,,0.0,0.0,,,,,,,,,,,3.677,3.673,3.679,,,,236.885,0.0,0.0,,,,,264.346,261.0,273.0,,,0.0,9174.0,9201.0,0.0,0.0,0.0,0.0,0.0,0.0,26.0,0.0,0.0,0.0,26.0,0.0,0.0,0.0,0.0,0.0,"solar2_v,lipo2_v"
2021-10-05T12:00:00Z,28.0,28.0,,,0.0,0.0,,,,,,,,,,,3.672,3.669,3.674,,,,237.536,0.0,0.0,,,,,262.0,261.0,264.0,,,0.0,9202.0,9229.0,0.0,0.0,0.0,0.0,0.0,0.0,28.0,0.0,0.0,0.0,28.0,0.0,0.0,0.0,0.0,0.0,"solar2_v,lipo2_v"
2021-10-05T13:00:00Z,28.0,28.0,,,0.0,0.0,,,,,,,,,,,3.669,3.664,3.674,,,,236.857,0.0,0.0,,,,,266.607,263.0,270.0,,,0.0,9230.0,9258.0,0.0,0.0,0.0,0.0,0.0,0.0,28.0,0.0,0.0,0.0,28.0,0.0,0.0,0.0,0.0,0.0,"solar2_v,lipo2_v"
2021-10-05T14:00:00Z,29.0,29.0,,,0.0,0.0,,,,,,,,,,,3.666,3.663,3.669,,,,236.724,0.0,0.0,,,,,269.0,268.0,270.0,,,0.0,9259.0,9287.0,0.0,0.0,0.0,0.0,0.0,0.0,29.0,0.0,0.0,0.0,29.0,0.0,0.0,0.0,0.0,0.0,"solar2_v,lipo2_v"
2021-10-05T15:00:00Z,28.0,28.0,,,0.0,0.0,,,,,,,,,,,3.663,3.659,3.666,,,,236.893,0.0,0.0,,,,,268.036,267.0,269.0,,,0.0,9288.0,9315.0,0.0,0.0,0.0,0.0,0.0,0.0,28.0,0.0,0.0,0.0,28.0,0.0,0.0,0.0,0.0,0.0,"solar2_v,lipo2_v"
2021-10-05T16:00:00Z,29.0,29.0,,,0.0,0.0,,,,,,,,,,,3.659,3.659,3.661,,,,236.862,0.0,0.0,,,,,268.207,267.0,272.0,,,0.0,9316.0,9344.0,0.0,0.0,0.0,0.0,0.0,0.0,29.0,0.0,0.0,0.0,29.0,0.0,0.0,0.0,0.0,0.0,"solar2_v,lipo2_v"
2021-10-05T17:00:00Z,28.0,28.0,,,0.0,0.0,,,,,,,,,,,3.658,3.658,3.659,,,,236.571,0.0,0.0,,,,,269.571,267.0,272.0,,,0.0,9345.0,9372.0,0.0,0.0,0.0,0.0,0.0,0.0,28.0,0.0,0.0,0.0,28.0,0.0,0.0,0.0,0.0,0.0,"solar2_v,lipo2_v"
2021-10-05T18:00:00Z,29.0,29.0,,,0.0,0.0,,,,,,,,,,,3.657,3.656,3.658,,,,236.552,0.0,0.0,,,,,270.276,270.0,271.0,,,0.0,9373.0,9401.0,0.0,0.0,0.0,0.0,0.0,0.0,29.0,0.0,0.0,0.0,29.0,0.0,0.0,0.0,0.0,0.0,"solar2_v,lipo2_v"
2021-10-05T19:00:00Z,28.0,28.0,,,0.0,0.0,,,,,,,,,,,3.654,3.651,3.656,,,,236.5,0.0,0.0,,,,,271.179,270.0,272.0,,,0.0,9402.0,9429.0,0.0,0.0,0.0,0.0,0.0,0.0,28.0,0.0,0.0,0.0,28.0,0.0,0.0,0.0,0.0,0.0,"solar2_v,lipo2_v"
2021-10-05T20:00:00Z,29.0,29.0,,,0.0,0.0,,,,,,,,,,,3.652,3.649,3.653,,,,236.345,0.0,0.0,,,,,272.0,272.0,272.0,,,0.0,9430.0,9458.0,0.0,0.0,0.0,0.0,0.0,0.0,29.0,0.0,0.0,0.0,29.0,0.0,0.0,0.0,0.0,0.0,"solar2_v,lipo2_v"
2021-10-05T21:00:00Z,28.0,28.0,,,0.0,0.0,,,,,,,,,,,3.648,3.644,3.651,,,,236.143,0.0,0.0,,,,,272.107,272.0,273.0,,,0.0,9459.0,9486.0,0.0,0.0,0.0,0.0,0.0,0.0,28.0,0.0,0.0,0.0,28.0,0.0,0.0,0.0,0.0,0.0,"solar2_v,lipo2_v"
2021-10-05T22:00:00Z,29.0,29.0,,,0.0,0.0,,,,,,,,,,,3.644,3.643,3.646,,,,236.517,0.0,0.0,,,,,271.552,270.0,272.0,,,0.0,9487.0,9515.0,0.0,0.0,0.0,0.0,0.0,0.0,29.0,0.0,0.0,0.0,29.0,0.0,0.0,0.0,0.0,0.0,"solar2_v,lipo2_v"
2021-10-05T23:00:00Z,28.0,28.0,,,0.056,0.419,,,,,,,,,,,3.641,3.636,3.644,,,,235.929,0.0,0.0,,,,,273.214,272.0,274.0,,,0.0,9516.0,9543.0,0.0,4.0,0.0,0.0,0.0,0.0,28.0,0.0,0.0,0.0,28.0,0.0,0.0,0.0,0.0,0.0,"solar2_v,lipo2_v"
2021-10-06T00:00:00Z,29.0,29.0,,,0.622,0.851,,,,,,,,,,,3.638,3.635,3.641,,,,235.0,0.0,0.0,,,,,280.862,274.0,288.0,,,0.0,9544.0,9572.0,0.0,29.0,0.0,0.0,0.0,0.0,29.0,0.0,0.0,0.0,29.0,0.0,0.0,0.0,0.0,0.0,"solar2_v,lipo2_v"
2021-10-06T01:00:00Z,25.0,25.0,,,1.34,2.242,,,,,,,,,,,3.636,3.633,3.638,,,,232.96,0.0,0.0,,,,,283.44,215.0,314.0,,,0.0,9573.0,9600.0,0.0,25.0,0.0,0.0,0.0,0.0,25.0,0.0,0.0,0.0,25.0,0.0,0.0,0.0,0.0,0.0,"solar2_v,lipo2_v"
2021-10-06T02:00:00Z,28.0,28.0,,,2.061,2.407,,,,,,,,,,,3.634,3.631,3.636,,,,230.429,0.0,0.0,,,,,281.714,215.0,325.0,,,0.0,9601.0,9628.0,0.0,28.0,0.0,0.0,0.0,0.0,28.0,0.0,0.0,0.0,28.0,0.0,0.0,0.0,0.0,0.0,"solar2_v,lipo2_v"
2021-10-06T03:00:00Z,29.0,29.0,,,1.513,1.743,,,,,,,,,,,3.631,3.63,3.633,,,,230.207,0.0,0.0,,,,,321.0,321.0,321.0,,,0.0,9629.0,9657.0,0.0,29.0,0.0,0.0,0.0,0.0,29.0,0.0,0.0,0.0,29.0,0.0,0.0,0.0,0.0,0.0,"solar2_v,lipo2_v"
2021-10-06T04:00:00Z,29.0,29.0,,,1.72,2.064,,,,,,,,,,,3.63,3.628,3.631,,,,229.724,0.0,0.0,,,,,310.724,216.0,332.0,,,0.0,9658.0,9686.0,0.0,29.0,0.0,0.0,0.0,0.0,29.0,0.0,0.0,0.0,29.0,0.0,0.0,0.0,0.0,0.0,"solar2_v,lipo2_v"
2021-10-06T05:00:00Z,28.0,28.0,,,1.38,1.827,,,,,,,,,,,3.627,3.625,3.63,,,,230.107,0.0,0.0,,,,,324.75,316.0,332.0,,,0.0,9687.0,9714.0,0.0,28.0,0.0,0.0,0.0,0.0,28.0,0.0,0.0,0.0,28.0,0.0,0.0,0.0,0.0,0.0,"solar2_v,lipo2_v"
2021-10-06T06:00:00Z,29.0,29.0,,,1.346,1.705,,,,,,,,,,,3.625,3.621,3.628,,,,230.655,0.0,0.0,,,,,316.966,313.0,321.0,,,0.0,9715.0,9743.0,0.0,29.0,0.0,0.0,0.0,0.0,29.0,0.0,0.0,0.0,29.0,0.0,0.0,0.0,0.0,0.0,"solar2_v,lipo2_v"
2021-10-06T07:00:00Z,27.0,27.0,,,1.094,1.417,,,,,,,,,,,3.621,3.618,3.625,,,,231.111,0.0,0.0,,,,,316.556,311.0,321.0,,,0.0,9744.0,9771.0,0.0,27.0,0.0,0.0,0.0,0.0,27.0,0.0,0.0,0.0,27.0,0.0,0.0,0.0,0.0,0.0,"solar2_v,lipo2_v"
2021-10-06T08:00:00Z,29.0,29.0,,,0.723,0.89,,,,,,,,,,,3.617,3.615,3.62,,,,232.793,0.0,0.0,,,,,289.034,213.0,310.0,,,0.0,9772.0,9800.0,0.0,29.0,0.0,0.0,0.0,0.0,29.0,0.0,0.0,0.0,29.0,0.0,0.0,0.0,0.0,0.0,"solar2_v,lipo2_v"
2021-10-06T09:00:00Z,28.0,28.0,,,0.128,0.472,,,,,,,,,,,3.614,3.611,3.616,,,,233.607,0.0,0.0,,,,,274.107,213.0,296.0,,,0.0,9801.0,9828.0,0.0,9.0,0.0,0.0,0.0,0.0,28.0,0.0,0.0,0.0,28.0,0.0,0.0,0.0,0.0,0.0,"solar2_v,lipo2_v"
2021-10-06T10:00:00Z,27.0,27.0,,,0.0,0.0,,,,,,,,,,,3.611,3.608,3.613,,,,234.889,0.0,0.0,,,,,281.074,279.0,283.0,,,0.0,9830.0,9857.0,0.0,0.0,0.0,0.0,0.0,0.0,27.0,0.0,0.0,0.0,27.0,0.0,0.0,0.0,0.0,0.0,"solar2_v,lipo2_v"
2021-10-06T11:00:00Z,28.0,28.0,,,0.0,0.0,,,,,,,,,,,3.609,3.607,3.611,,,,234.714,0.0,0.0,,,,,280.893,278.0,286.0,,,0.0,9858.0,9885.0,0.0,0.0,0.0,0.0,0.0,0.0,28.0,0.0,0.0,0.0,28.0,0.0,0.0,0.0,0.0,0.0,"solar2_v,lipo2_v"
2021-10-06T12:00:00Z,27.0,27.0,,,0.0,0.0,,,,,,,,,,,3.607,3.607,3.608,,,,234.519,0.0,0.0,,,,,286.074,286.0,287.0,,,0.0,9887.0,9914.0,0.0,0.0,0.0,0.0,0.0,0.0,27.0,0.0,0.0,0.0,27.0,0.0,0.0,0.0,0.0,0.0,"solar2_v,lipo2_v"
2021-10-06T13:00:00Z,29.0,29.0,,,0.0,0.0,,,,,,,,,,,3.606,3.605,3.607,,,,234.517,0.0,0.0,,,,,285.655,284.0,287.0,,,0.0,9915.0,9943.0,0.0,0.0,0.0,0.0,0.0,0.0,29.0,0.0,0.0,0.0,29.0,0.0,0.0,0.0,0.0,0.0,"solar2_v,lipo2_v"
2021-10-06T14:00:00Z,28.0,28.0,,,0.0,0.0,,,,,,,,,,,3.604,3.603,3.605,,,,234.393,0.0,0.0,,,,,285.357,283.0,286.0,,,0.0,9944.0,9971.0,0.0,0.0,0.0,0.0,0.0,0.0,28.0,0.0,0.0,0.0,28.0,0.0,0.0,0.0,0.0,0.0,"solar2_v,lipo2_v"
2021-10-06T15:00:00Z,29.0,29.0,,,0.0,0.0,,,,,,,,,,,3.602,3.598,3.603,,,,234.759,0.0,0.0,,,,,284.0,283.0,286.0,,,0.0,9972.0,10000.0,0.0,0.0,0.0,0.0,0.0,0.0,29.0,0.0,0.0,0.0,29.0,0.0,0.0,0.0,0.0,0.0,"solar2_v,lipo2_v"
2021-10-06T16:00:00Z,27.0,27.0,,,0.0,0.0,,,,,,,,,,,3.599,3.597,3.602,,,,234.889,0.0,0.0,,,,,285.037,284.0,286.0,,,0.0,10001.0,10028.0,0.0,0.0,0.0,0.0,0.0,0.0,27.0,0.0,0.0,0.0,27.0,0.0,0.0,0.0,0.0,0.0,"solar2_v,lipo2_v"
2021-10-06T17:00:00Z,28.0,28.0,,,0.0,0.0,,,,,,,,,,,3.596,3.592,3.598,,,,234.357,0.0,0.0,,,,,285.571,284.0,286.0,,,0.0,10029.0,10057.0,0.0,0.0,0.0,0.0,0.0,0.0,28.0,0.0,0.0,0.0,28.0,0.0,0.0,0.0,0.0,0.0,"solar2_v,lipo2_v"
2021-10-06T18:00:00Z,28.0,28.0,,,0.0,0.0,,,,,,,,,,,3.592,3.588,3.595,,,,234.893,0.0,0.0,,,,,281.714,280.0,286.0,,,0.0,10058.0,10085.0,0.0,0.0,0.0,0.0,0.0,0.0,28.0,0.0,0.0,0.0,28.0,0.0,0.0,0.0,0.0,0.0,"solar2_v,lipo2_v"
2021-10-06T19:00:00Z,29.0,29.0,,,0.0,0.0,,,,,,,,,,,3.59,3.588,3.593,,,,235.241,0.0,0.0,,,,,279.552,277.0,281.0,,,0.0,10086.0,10114.0,0.0,0.0,0.0,0.0,0.0,0.0,29.0,0.0,0.0,0.0,29.0,0.0,0.0,0.0,0.0,0.0,"solar2_v,lipo2_v"
2021-10-06T20:00:00Z,27.0,27.0,,,0.0,0.0,,,,,,,,,,,3.587,3.585,3.59,,,,235.556,0.0,0.0,,,,,274.37,274.0,277.0,,,0.0,10115.0,10142.0,0.0,0.0,0.0,0.0,0.0,0.0,27.0,0.0,0.0,0.0,27.0,0.0,0.0,0.0,0.0,0.0,"solar2_v,lipo2_v"
2021-10-06T21:00:00Z,29.0,29.0,,,0.0,0.0,,,,,,,,,,,3.584,3.583,3.587,,,,235.966,0.0,0.0,,,,,274.172,274.0,275.0,,,0.0,10143.0,10171.0,0.0,0.0,0.0,0.0,0.0,0.0,29.0,0.0,0.0,0.0,29.0,0.0,0.0,0.0,0.0,0.0,"solar2_v,lipo2_v"
2021-10-06T22:00:00Z,28.0,28.0,,,0.0,0.0,,,,,,,,,,,3.582,3.58,3.583,,,,235.429,0.0,0.0,,,,,276.0,274.0,280.0,,,0.0,10172.0,10199.0,0.0,0.0,0.0,0.0,0.0,0.0,28.0,0.0,0.0,0.0,28.0,0.0,0.0,0.0,0.0,0.0,"solar2_v,lipo2_v"
2021-10-06T23:00:00Z,29.0,29.0,,,0.366,0.734,,,,,,,,,,,3.58,3.578,3.582,,,,234.897,0.0,0.0,,,,,284.586,279.0,292.0,,,0.0,10200.0,10228.0,0.0,20.0,0.0,0.0,0.0,0.0,29.0,0.0,0.0,0.0,29.0,0.0,0.0,0.0,0.0,0.0,"solar2_v,lipo2_v"
2021-10-07T00:00:00Z,29.0,29.0,,,1.773,2.543,,,,,,,,,,,3.579,3.578,3.58,,,,231.103,0.0,0.0,,,,,272.379,218.0,325.0,,,0.0,10229.0,10257.0,0.0,29.0,0.0,0.0,0.0,0.0,29.0,0.0,0.0,0.0,29.0,0.0,0.0,0.0,0.0,0.0,"solar2_v,lipo2_v"
2021-10-07T01:00:00Z,26.0,26.0,,,2.566,3.36,,,,,,,,,,,3.578,3.577,3.578,,,,228.538,0.0,0.0,,,,,315.577,222.0,368.0,,,0.0,10258.0,10284.0,0.0,26.0,0.0,0.0,0.0,0.0,26.0,0.0,0.0,0.0,26.0,0.0,0.0,0.0,0.0,0.0,"solar2_v,lipo2_v"
2021-10-07T02:00:00Z,24.0,24.0,,,2.569,3.883,,,,,,,,,,,3.578,3.577,3.578,,,,224.0,0.0,0.0,,,,,382.583,354.0,401.0,,,0.0,10286.0,10312.0,0.0,24.0,0.0,0.0,0.0,0.0,24.0,0.0,0.0,0.0,24.0,0.0,0.0,0.0,0.0,0.0,"solar2_v,lipo2_v"
2021-10-07T03:00:00Z,28.0,28.0,,,1.444,4.014,,,,,,,,,,,3.574,3.572,3.577,,,,232.036,0.0,0.0,,,,,306.964,291.0,335.0,,,0.0,10315.0,10342.0,0.0,28.0,0.0,0.0,0.0,0.0,28.0,0.0,0.0,0.0,28.0,0.0,0.0,0.0,0.0,0.0,"solar2_v,lipo2_v"
2021-10-07T04:00:00Z,28.0,28.0,,,2.517,4.118,,,,,,,,,,,3.571,3.569,3.574,,,,227.143,0.0,0.0,,,,,356.357,331.0,374.0,,,0.0,10343.0,10370.0,0.0,28.0,0.0,0.0,0.0,0.0,28.0,0.0,0.0,0.0,28.0,0.0,0.0,0.0,0.0,0.0,"solar2_v,lipo2_v"
2021-10-07T05:00:00Z,29.0,29.0,,,1.738,4.798,,,,,,,,,,,3.569,3.565,3.57,,,,230.034,0.0,0.0,,,,,321.655,238.0,367.0,,,0.0,10371.0,10399.0,0.0,27.0,0.0,0.0,0.0,0.0,29.0,0.0,0.0,0.0,29.0,0.0,0.0,0.0,0.0,0.0,"solar2_v,lipo2_v"
2021-10-07T06:00:00Z,28.0,28.0,,,3.043,4.741,,,,,,,,,,,3.566,3.564,3.569,,,,226.071,0.0,0.0,,,,,366.429,320.0,386.0,,,0.0,10400.0,10427.0,0.0,28.0,0.0,0.0,0.0,0.0,28.0,0.0,0.0,0.0,28.0,0.0,0.0,0.0,0.0,0.0,"solar2_v,lipo2_v"
2021-10-07T07:00:00Z,29.0,29.0,,,2.638,4.062,,,,,,,,,,,3.563,3.56,3.565,,,,225.034,0.0,0.0,,,,,373.414,367.0,381.0,,,0.0,10428.0,10456.0,0.0,29.0,0.0,0.0,0.0,0.0,29.0,0.0,0.0,0.0,29.0,0.0,0.0,0.0,0.0,0.0,"solar2_v,lipo2_v"
2021-10-07T08:00:00Z,28.0,28.0,,,2.016,2.622,,,,,,,,,,,3.56,3.559,3.562,,,,226.429,0.0,0.0,,,,,364.571,356.0,370.0,,,0.0,10457.0,10484.0,0.0,28.0,0.0,0.0,0.0,0.0,28.0,0.0,0.0,0.0,28.0,0.0,0.0,0.0,0.0,0.0,"solar2_v,lipo2_v"
2021-10-07T09:00:00Z,29.0,29.0,,,0.371,1.205,,,,,,,,,,,3.558,3.555,3.56,,,,229.69,0.0,0.0,,,,,329.793,316.0,354.0,,,0.0,10485.0,10513.0,0.0,16.0,0.0,0.0,0.0,0.0,29.0,0.0,0.0,0.0,29.0,0.0,0.0,0.0,0.0,0.0,"solar2_v,lipo2_v"
2021-10-07T10:00:00Z,28.0,28.0,,,0.0,0.0,,,,,,,,,,,3.555,3.554,3.557,,,,232.536,0.0,0.0,,,,,293.75,254.0,315.0,,,0.0,10514.0,10541.0,0.0,0.0,0.0,0.0,0.0,0.0,28.0,0.0,0.0,0.0,28.0,0.0,0.0,0.0,0.0,0.0,"solar2_v,lipo2_v"
2021-10-07T11:00:00Z,29.0,29.0,,,0.0,0.0,,,,,,,,,,,3.554,3.552,3.555,,,,233.966,0.0,0.0,,,,,267.483,211.0,291.0,,,0.0,10542.0,10570.0,0.0,0.0,0.0,0.0,0.0,0.0,29.0,0.0,0.0,0.0,29.0,0.0,0.0,0.0,0.0,0.0,"solar2_v,lipo2_v"
2021-10-07T12:00:00Z,29.0,29.0,,,0.0,0.0,,,,,,,,,,,3.552,3.552,3.554,,,,237.345,0.0,0.0,,,,,263.172,261.0,265.0,,,0.0,10571.0,10599.0,0.0,0.0,0.0,0.0,0.0,0.0,29.0,0.0,0.0,0.0,29.0,0.0,0.0,0.0,0.0,0.0,"solar2_v,lipo2_v"
2021-10-07T13:00:00Z,26.0,26.0,,,0.0,0.0,,,,,,,,,,,3.551,3.55,3.552,,,,236.962,0.0,0.0,,,,,266.192,264.0,268.0,,,0.0,10600.0,10627.0,0.0,0.0,0.0,0.0,0.0,0.0,26.0,0.0,0.0,0.0,26.0,0.0,0.0,0.0,0.0,0.0,"solar2_v,lipo2_v"
2021-10-07T14:00:00Z,29.0,29.0,,,0.0,0.0,,,,,,,,,,,3.549,3.545,3.552,,,,236.345,0.0,0.0,,,,,270.379,268.0,272.0,,,0.0,10628.0,10656.0,0.0,0.0,0.0,0.0,0.0,0.0,29.0,0.0,0.0,0.0,29.0,0.0,0.0,0.0,0.0,0.0,"solar2_v,lipo2_v"
2021-10-07T15:00:00Z,28.0,28.0,,,0.0,0.0,,,,,,,,,,,3.547,3.544,3.55,,,,236.429,0.0,0.0,,,,,272.179,271.0,273.0,,,0.0,10657.0,10684.0,0.0,0.0,0.0,0.0,0.0,0.0,28.0,0.0,0.0,0.0,28.0,0.0,0.0,0.0,0.0,0.0,"solar2_v,lipo2_v"
2021-10-07T16:00:00Z,29.0,29.0,,,0.0,0.0,,,,,,,,,,,3.544,3.542,3.547,,,,236.103,0.0,0.0,,,,,272.552,272.0,274.0,,,0.0,10685.0,10713.0,0.0,0.0,0.0,0.0,0.0,0.0,29.0,0.0,0.0,0.0,29.0,0.0,0.0,0.0,0.0,0.0,"solar2_v,lipo2_v"
2021-10-07T17:00:00Z,29.0,29.0,,,0.0,0.0,,,,,,,,,,,3.54,3.537,3.542,,,,236.517,0.0,0.0,,,,,271.586,270.0,272.0,,,0.0,10714.0,10742.0,0.0,0.0,0.0,0.0,0.0,0.0,29.0,0.0,0.0,0.0,29.0,0.0,0.0,0.0,0.0,0.0,"solar2_v,lipo2_v"
2021-10-07T18:00:00Z,28.0,28.0,,,0.0,0.0,,,,,,,,,,,3.537,3.536,3.542,,,,236.714,0.0,0.0,,,,,270.25,268.0,272.0,,,0.0,10743.0,10770.0,0.0,0.0,0.0,0.0,0.0,0.0,28.0,0.0,0.0,0.0,28.0,0.0,0.0,0.0,0.0,0.0,"solar2_v,lipo2_v"
2021-10-07T19:00:00Z,28.0,28.0,,,0.0,0.0,,,,,,,,,,,3.535,3.532,3.536,,,,236.571,0.0,0.0,,,,,270.321,269.0,273.0,,,0.0,10771.0,10799.0,0.0,0.0,0.0,0.0,0.0,0.0,28.0,0.0,0.0,0.0,28.0,0.0,0.0,0.0,0.0,0.0,"solar2_v,lipo2_v"
2021-10-07T20:00:00Z,28.0,28.0,,,0.0,0.0,,,,,,,,,,,3.532,3.531,3.534,,,,236.643,0.0,0.0,,,,,271.964,271.0,272.0,,,0.0,10800.0,10827.0,0.0,0.0,0.0,0.0,0.0,0.0,28.0,0.0,0.0,0.0,28.0,0.0,0.0,0.0,0.0,0.0,"solar2_v,lipo2_v"
2021-10-07T21:00:00Z,22.0,22.0,,,0.0,0.0,,,,,,,,,,,3.53,3.527,3.532,,,,236.409,0.0,0.0,,,,,272.136,271.0,273.0,,,0.0,10828.0,10855.0,0.0,0.0,0.0,0.0,0.0,0.0,22.0,0.0,0.0,0.0,22.0,0.0,0.0,0.0,0.0,0.0,"solar2_v,lipo2_v"
2021-10-07T22:00:00Z,15.0,15.0,,,0.0,0.0,,,,,,,,,,,3.526,3.524,3.527,,,,236.8,0.0,0.0,,,,,268.333,267.0,272.0,,,0.0,10856.0,10882.0,0.0,0.0,0.0,0.0,0.0,0.0,15.0,0.0,0.0,0.0,15.0,0.0,0.0,0.0,0.0,0.0,"solar2_v,lipo2_v"
2021-10-07T23:00:00Z,29.0,29.0,,,0.585,1.036,,,,,,,,,,,3.525,3.524,3.527,,,,235.862,0.0,0.0,,,,,277.034,268.0,288.0,,,0.0,10883.0,10911.0,0.0,24.0,0.0,0.0,0.0,0.0,29.0,0.0,0.0,0.0,29.0,0.0,0.0,0.0,0.0,0.0,"solar2_v,lipo2_v"
2021-10-08T00:00:00Z,28.0,28.0,,,1.975,3.431,,,,,,,,,,,3.525,3.524,3.526,,,,231.786,0.0,0.0,,,,,271.786,215.0,331.0,,,0.0,10912.0,10939.0,0.0,28.0,0.0,0.0,0.0,0.0,28.0,0.0,0.0,0.0,28.0,0.0,0.0,0.0,0.0,0.0,"solar2_v,lipo2_v"
2021-10-08T01:00:00Z,27.0,27.0,,,2.767,4.385,,,,,,,,,,,3.526,3.524,3.527,,,,225.704,0.0,0.0,,,,,369.407,315.0,407.0,,,0.0,10940.0,10968.0,0.0,27.0,0.0,0.0,0.0,0.0,27.0,0.0,0.0,0.0,27.0,0.0,0.0,0.0,0.0,0.0,"solar2_v,lipo2_v"
2021-10-08T02:00:00Z,26.0,26.0,,,2.098,3.854,,,,,,,,,,,3.525,3.524,3.526,,,,224.538,0.0,0.0,,,,,380.808,340.0,427.0,,,0.0,10969.0,10996.0,0.0,26.0,0.0,0.0,0.0,0.0,26.0,0.0,0.0,0.0,26.0,0.0,0.0,0.0,0.0,0.0,"solar2_v,lipo2_v"
2021-10-08T03:00:00Z,29.0,29.0,,,3.183,5.254,,,,,,,,,,,3.524,3.522,3.526,,,,225.276,0.0,0.0,,,,,374.621,340.0,429.0,,,0.0,10997.0,11025.0,0.0,29.0,0.0,0.0,0.0,0.0,29.0,0.0,0.0,0.0,29.0,0.0,0.0,0.0,0.0,0.0,"solar2_v,lipo2_v"
2021-10-08T04:00:00Z,28.0,28.0,,,3.707,5.326,,,,,,,,,,,3.524,3.522,3.526,,,,221.393,0.0,0.0,,,,,427.214,407.0,446.0,,,0.0,11026.0,11053.0,0.0,28.0,0.0,0.0,0.0,0.0,28.0,0.0,0.0,0.0,28.0,0.0,0.0,0.0,0.0,0.0,"solar2_v,lipo2_v"
2021-10-08T05:00:00Z,29.0,29.0,,,2.883,5.09,,,,,,,,,,,3.522,3.519,3.524,,,,221.655,0.0,0.0,,,,,418.276,379.0,439.0,,,0.0,11054.0,11082.0,0.0,29.0,0.0,0.0,0.0,0.0,29.0,0.0,0.0,0.0,29.0,0.0,0.0,0.0,0.0,0.0,"solar2_v,lipo2_v"
2021-10-08T06:00:00Z,28.0,28.0,,,2.932,3.737,,,,,,,,,,,3.521,3.517,3.522,,,,223.536,0.0,0.0,,,,,396.821,380.0,407.0,,,0.0,11083.0,11110.0,0.0,28.0,0.0,0.0,0.0,0.0,28.0,0.0,0.0,0.0,28.0,0.0,0.0,0.0,0.0,0.0,"solar2_v,lipo2_v"
2021-10-08T07:00:00Z,29.0,29.0,,,2.915,4.091,,,,,,,,,,,3.518,3.516,3.521,,,,225.517,0.0,0.0,,,,,372.655,367.0,380.0,,,0.0,11111.0,11139.0,0.0,29.0,0.0,0.0,0.0,0.0,29.0,0.0,0.0,0.0,29.0,0.0,0.0,0.0,0.0,0.0,"solar2_v,lipo2_v"
2021-10-08T08:00:00Z,28.0,28.0,,,2.072,3.022,,,,,,,,,,,3.517,3.516,3.519,,,,225.321,0.0,0.0,,,,,371.607,355.0,380.0,,,0.0,11140.0,11167.0,0.0,28.0,0.0,0.0,0.0,0.0,28.0,0.0,0.0,0.0,28.0,0.0,0.0,0.0,0.0,0.0,"solar2_v,lipo2_v"
2021-10-08T09:00:00Z,29.0,29.0,,,0.883,1.589,,,,,,,,,,,3.515,3.511,3.519,,,,228.655,0.0,0.0,,,,,340.034,325.0,354.0,,,0.0,11168.0,11196.0,0.0,29.0,0.0,0.0,0.0,0.0,29.0,0.0,0.0,0.0,29.0,0.0,0.0,0.0,0.0,0.0,"solar2_v,lipo2_v"
2021-10-08T10:00:00Z,29.0,29.0,,,0.024,0.367,,,,,,,,,,,3.512,3.511,3.516,,,,231.172,0.0,0.0,,,,,316.621,314.0,324.0,,,0.0,11197.0,11225.0,0.0,2.0,0.0,0.0,0.0,0.0,29.0,0.0,0.0,0.0,29.0,0.0,0.0,0.0,0.0,0.0,"solar2_v,lipo2_v"
2021-10-08T11:00:00Z,28.0,28.0,,,0.0,0.0,,,,,,,,,,,3.511,3.509,3.514,,,,232.071,0.0,0.0,,,,,311.964,307.0,314.0,,,0.0,11226.0,11253.0,0.0,0.0,0.0,0.0,0.0,0.0,28.0,0.0,0.0,0.0,28.0,0.0,0.0,0.0,0.0,0.0,"solar2_v,lipo2_v"
2021-10-08T12:00:00Z,29.0,29.0,,,0.0,0.0,,,,,,,,,,,3.509,3.508,3.511,,,,232.759,0.0,0.0,,,,,302.828,301.0,306.0,,,0.0,11254.0,11282.0,0.0,0.0,0.0,0.0,0.0,0.0,29.0,0.0,0.0,0.0,29.0,0.0,0.0,0.0,0.0,0.0,"solar2_v,lipo2_v"
2021-10-08T13:00:00Z,28.0,28.0,,,0.0,0.0,,,,,,,,,,,3.507,3.504,3.509,,,,233.071,0.0,0.0,,,,,301.0,301.0,301.0,,,0.0,11283.0,11311.0,0.0,0.0,0.0,0.0,0.0,0.0,28.0,0.0,0.0,0.0,28.0,0.0,0.0,0.0,0.0,0.0,"solar2_v,lipo2_v"
2021-10-08T14:00:00Z,28.0,28.0,,,0.0,0.0,,,,,,,,,,,3.505,3.503,3.508,,,,232.929,0.0,0.0,,,,,300.107,299.0,301.0,,,0.0,11312.0,11339.0,0.0,0.0,0.0,0.0,0.0,0.0,28.0,0.0,0.0,0.0,28.0,0.0,0.0,0.0,0.0,0.0,"solar2_v,lipo2_v"
2021-10-08T15:00:00Z,29.0,29.0,,,0.0,0.0,,,,,,,,,,,3.505,3.503,3.506,,,,233.276,0.0,0.0,,,,,296.379,295.0,298.0,,,0.0,11340.0,11368.0,0.0,0.0,0.0,0.0,0.0,0.0,29.0,0.0,0.0,0.0,29.0,0.0,0.0,0.0,0.0,0.0,"solar2_v,lipo2_v"
2021-10-08T16:00:00Z,29.0,29.0,,,0.0,0.0,,,,,,,,,,,3.504,3.503,3.506,,,,233.276,0.0,0.0,,,,,293.966,292.0,296.0,,,0.0,11369.0,11397.0,0.0,0.0,0.0,0.0,0.0,0.0,29.0,0.0,0.0,0.0,29.0,0.0,0.0,0.0,0.0,0.0,"solar2_v,lipo2_v"
2021-10-08T17:00:00Z,28.0,28.0,,,0.0,0.0,,,,,,,,,,,3.502,3.501,3.504,,,,233.25,0.0,0.0,,,,,290.321,289.0,292.0,,,0.0,11398.0,11425.0,0.0,0.0,0.0,0.0,0.0,0.0,28.0,0.0,0.0,0.0,28.0,0.0,0.0,0.0,0.0,0.0,"solar2_v,lipo2_v"
2021-10-08T18:00:00Z,29.0,29.0,,,0.0,0.0,,,,,,,,,,,3.501,3.501,3.503,,,,233.862,0.0,0.0,,,,,289.172,289.0,290.0,,,0.0,11426.0,11454.0,0.0,0.0,0.0,0.0,0.0,0.0,29.0,0.0,0.0,0.0,29.0,0.0,0.0,0.0,0.0,0.0,"solar2_v,lipo2_v"
2021-10-08T19:00:00Z,29.0,29.0,,,0.0,0.0,,,,,,,,,,,3.501,3.499,3.501,,,,234.103,0.0,0.0,,,,,288.138,287.0,290.0,,,0.0,11455.0,11483.0,0.0,0.0,0.0,0.0,0.0,0.0,29.0,0.0,0.0,0.0,29.0,0.0,0.0,0.0,0.0,0.0,"solar2_v,lipo2_v"
2021-10-08T20:00:00Z,28.0,28.0,,,0.0,0.0,,,,,,,,,,,3.499,3.499,3.501,,,,234.321,0.0,0.0,,,,,286.25,286.0,287.0,,,0.0,11484.0,11511.0,0.0,0.0,0.0,0.0,0.0,0.0,28.0,0.0,0.0,0.0,28.0,0.0,0.0,0.0,0.0,0.0,"solar2_v,lipo2_v"
2021-10-08T21:00:00Z,27.0,27.0,,,0.0,0.0,,,,,,,,,,,3.499,3.498,3.499,,,,234.185,0.0,0.0,,,,,285.926,285.0,286.0,,,0.0,11512.0,11540.0,0.0,0.0,0.0,0.0,0.0,0.0,27.0,0.0,0.0,0.0,27.0,0.0,0.0,0.0,0.0,0.0,"solar2_v,lipo2_v"
2021-10-08T22:00:00Z,29.0,29.0,,,0.0,0.0,,,,,,,,,,,3.499,3.498,3.499,,,,234.552,0.0,0.0,,,,,284.69,283.0,286.0,,,0.0,11541.0,11569.0,0.0,0.0,0.0,0.0,0.0,0.0,29.0,0.0,0.0,0.0,29.0,0.0,0.0,0.0,0.0,0.0,"solar2_v,lipo2_v"
2021-10-08T23:00:00Z,28.0,28.0,,,0.384,0.839,,,,,,,,,,,3.497,3.496,3.499,,,,234.25,0.0,0.0,,,,,288.393,284.0,296.0,,,0.0,11570.0,11597.0,0.0,20.0,0.0,0.0,0.0,0.0,28.0,0.0,0.0,0.0,28.0,0.0,0.0,0.0,0.0,0.0,"solar2_v,lipo2_v"
2021-10-09T00:00:00Z,29.0,29.0,,,1.191,1.8,,,,,,,,,,,3.495,3.493,3.498,,,,232.414,0.0,0.0,,,,,286.552,213.0,314.0,,,0.0,11598.0,11626.0,0.0,29.0,0.0,0.0,0.0,0.0,29.0,0.0,0.0,0.0,29.0,0.0,0.0,0.0,0.0,0.0,"solar2_v,lipo2_v"
2021-10-09T01:00:00Z,28.0,28.0,,,1.745,3.316,,,,,,,,,,,3.493,3.491,3.494,,,,229.393,0.0,0.0,,,,,261.393,213.0,340.0,,,0.0,11627.0,11654.0,0.0,28.0,0.0,0.0,0.0,0.0,28.0,0.0,0.0,0.0,28.0,0.0,0.0,0.0,0.0,0.0,"solar2_v,lipo2_v"
2021-10-09T02:00:00Z,29.0,29.0,,,2.414,5.395,,,,,,,,,,,3.491,3.489,3.494,,,,227.69,0.0,0.0,,,,,348.379,332.0,380.0,,,0.0,11655.0,11683.0,0.0,29.0,0.0,0.0,0.0,0.0,29.0,0.0,0.0,0.0,29.0,0.0,0.0,0.0,0.0,0.0,"solar2_v,lipo2_v"
2021-10-09T03:00:00Z,28.0,28.0,,,2.994,5.392,,,,,,,,,,,3.488,3.484,3.491,,,,223.571,0.0,0.0,,,,,395.0,367.0,414.0,,,0.0,11684.0,11711.0,0.0,28.0,0.0,0.0,0.0,0.0,28.0,0.0,0.0,0.0,28.0,0.0,0.0,0.0,0.0,0.0,"solar2_v,lipo2_v"
2021-10-09T04:00:00Z,29.0,29.0,,,2.757,4.984,,,,,,,,,,,3.483,3.478,3.486,,,,224.138,0.0,0.0,,,,,384.103,373.0,397.0,,,0.0,11712.0,11740.0,0.0,29.0,0.0,0.0,0.0,0.0,29.0,0.0,0.0,0.0,29.0,0.0,0.0,0.0,0.0,0.0,"solar2_v,lipo2_v"
2021-10-09T05:00:00Z,28.0,28.0,,,2.823,5.266,,,,,,,,,,,3.478,3.476,3.481,,,,222.393,0.0,0.0,,,,,407.857,379.0,429.0,,,0.0,11741.0,11768.0,0.0,28.0,0.0,0.0,0.0,0.0,28.0,0.0,0.0,0.0,28.0,0.0,0.0,0.0,0.0,0.0,"solar2_v,lipo2_v"
2021-10-09T06:00:00Z,29.0,29.0,,,2.687,5.121,,,,,,,,,,,3.474,3.471,3.476,,,,223.276,0.0,0.0,,,,,392.552,367.0,423.0,,,0.0,11769.0,11797.0,0.0,29.0,0.0,0.0,0.0,0.0,29.0,0.0,0.0,0.0,29.0,0.0,0.0,0.0,0.0,0.0,"solar2_v,lipo2_v"
2021-10-09T07:00:00Z,28.0,28.0,,,0.535,1.075,,,,,,,,,,,3.468,3.465,3.471,,,,231.214,0.0,0.0,,,,,308.857,279.0,367.0,,,0.0,11798.0,11826.0,0.0,27.0,0.0,0.0,0.0,0.0,28.0,0.0,0.0,0.0,28.0,0.0,0.0,0.0,0.0,0.0,"solar2_v,lipo2_v"
2021-10-09T08:00:00Z,27.0,27.0,,,0.717,0.893,,,,,,,,,,,3.46,3.453,3.465,,,,233.556,0.0,0.0,,,,,288.148,278.0,296.0,,,0.0,11827.0,11854.0,0.0,27.0,0.0,0.0,0.0,0.0,27.0,0.0,0.0,0.0,27.0,0.0,0.0,0.0,0.0,0.0,"solar2_v,lipo2_v"
2021-10-09T09:00:00Z,29.0,29.0,,,0.4,0.687,,,,,,,,,,,3.451,3.448,3.455,,,,233.379,0.0,0.0,,,,,296.931,292.0,300.0,,,0.0,11855.0,11883.0,0.0,21.0,0.0,0.0,0.0,0.0,29.0,0.0,0.0,0.0,29.0,0.0,0.0,0.0,0.0,0.0,"solar2_v,lipo2_v"
2021-10-09T10:00:00Z,29.0,29.0,,,0.0,0.0,,,,,,,,,,,3.446,3.443,3.448,,,,233.345,0.0,0.0,,,,,289.034,287.0,291.0,,,0.0,11884.0,11912.0,0.0,0.0,0.0,0.0,0.0,0.0,29.0,0.0,0.0,0.0,29.0,0.0,0.0,0.0,0.0,0.0,"solar2_v,lipo2_v"
2021-10-09T11:00:00Z,28.0,28.0,,,0.0,0.0,,,,,,,,,,,3.44,3.435,3.445,,,,234.214,0.0,0.0,,,,,281.107,278.0,287.0,,,0.0,11913.0,11940.0,0.0,0.0,0.0,0.0,0.0,0.0,28.0,0.0,0.0,0.0,28.0,0.0,0.0,0.0,0.0,0.0,"solar2_v,lipo2_v"
2021-10-09T12:00:00Z,29.0,29.0,,,0.0,0.0,,,,,,,,,,,3.43,3.425,3.435,,,,234.276,0.0,0.0,,,,,280.828,278.0,284.0,,,0.0,11941.0,11969.0,0.0,0.0,0.0,0.0,0.0,0.0,29.0,0.0,0.0,0.0,29.0,0.0,0.0,0.0,0.0,0.0,"solar2_v,lipo2_v"
2021-10-09T13:00:00Z,28.0,28.0,,,0.0,0.0,,,,,,,,,,,3.422,3.418,3.427,,,,234.036,0.0,0.0,,,,,286.107,282.0,288.0,,,0.0,11970.0,11997.0,0.0,0.0,0.0,0.0,0.0,0.0,28.0,0.0,0.0,0.0,28.0,0.0,0.0,0.0,0.0,0.0,"solar2_v,lipo2_v"
2021-10-09T14:00:00Z,29.0,29.0,,,0.0,0.0,,,,,,,,,,,3.413,3.405,3.418,,,,233.621,0.0,0.0,,,,,288.517,288.0,290.0,,,0.0,11998.0,12026.0,0.0,0.0,0.0,0.0,0.0,0.0,29.0,0.0,0.0,0.0,29.0,0.0,0.0,0.0,0.0,0.0,"solar2_v,lipo2_v"
2021-10-09T15:00:00Z,29.0,29.0,,,0.0,0.0,,,,,,,,,,,3.403,3.397,3.407,,,,233.31,0.0,0.0,,,,,288.931,288.0,289.0,,,0.0,12027.0,12055.0,0.0,0.0,0.0,0.0,0.0,0.0,29.0,0.0,0.0,0.0,29.0,0.0,0.0,0.0,0.0,0.0,"solar2_v,lipo2_v"
2021-10-09T16:00:00Z,27.0,27.0,,,0.0,0.0,,,,,,,,,,,3.395,3.394,3.399,,,,233.407,0.0,0.0,,,,,287.778,287.0,289.0,,,0.0,12056.0,12084.0,0.0,0.0,0.0,0.0,0.0,0.0,27.0,0.0,0.0,0.0,27.0,0.0,0.0,0.0,0.0,0.0,"solar2_v,lipo2_v"
2021-10-09T17:00:00Z,28.0,28.0,,,0.0,0.0,,,,,,,,,,,3.389,3.384,3.394,,,,233.643,0.0,0.0,,,,,287.0,287.0,287.0,,,0.0,12085.0,12112.0,0.0,0.0,0.0,0.0,0.0,0.0,28.0,0.0,0.0,0.0,28.0,0.0,0.0,0.0,0.0,0.0,"solar2_v,lipo2_v"
2021-10-09T18:00:00Z,29.0,29.0,,,0.0,0.0,,,,,,,,,,,3.377,3.372,3.384,,,,233.897,0.0,0.0,,,,,286.31,286.0,287.0,,,0.0,12113.0,12141.0,0.0,0.0,0.0,0.0,0.0,0.0,29.0,0.0,0.0,0.0,29.0,0.0,0.0,0.0,0.0,0.0,"solar2_v,lipo2_v"
2021-10-09T19:00:00Z,28.0,28.0,,,0.0,0.0,,,,,,,,,,,3.368,3.364,3.372,,,,234.143,0.0,0.0,,,,,285.214,284.0,286.0,,,0.0,12142.0,12169.0,0.0,0.0,0.0,0.0,0.0,0.0,28.0,0.0,0.0,0.0,28.0,0.0,0.0,0.0,0.0,0.0,"solar2_v,lipo2_v"
2021-10-09T20:00:00Z,29.0,29.0,,,0.0,0.0,,,,,,,,,,,3.356,3.349,3.362,,,,234.138,0.0,0.0,,,,,282.345,281.0,284.0,,,0.0,12170.0,12198.0,0.0,0.0,0.0,0.0,0.0,0.0,29.0,0.0,0.0,0.0,29.0,0.0,0.0,0.0,0.0,0.0,"solar2_v,lipo2_v"
2021-10-09T21:00:00Z,28.0,28.0,,,0.0,0.0,,,,,,,,,,,3.344,3.339,3.351,,,,233.643,0.0,0.0,,,,,279.5,277.0,281.0,,,0.0,12199.0,12226.0,0.0,0.0,0.0,0.0,0.0,0.0,28.0,0.0,0.0,0.0,28.0,0.0,0.0,0.0,0.0,0.0,"solar2_v,lipo2_v"
2021-10-09T22:00:00Z,28.0,28.0,,,0.0,0.0,,,,,,,,,,,3.333,3.324,3.341,,,,231.679,0.0,0.0,,,,,277.214,277.0,279.0,,,0.0,12227.0,12255.0,0.0,0.0,0.0,0.0,0.0,0.0,28.0,0.0,0.0,0.0,28.0,0.0,0.0,0.0,0.0,0.0,"solar2_v,lipo2_v"
2021-10-09T23:00:00Z,29.0,29.0,,,0.32,0.7,,,,,,,,,,,3.317,3.31,3.324,,,,228.103,0.0,0.0,,,,,281.448,227.0,289.0,,,0.0,12256.0,12284.0,0.0,18.0,0.0,0.0,0.0,0.0,29.0,0.0,0.0,0.0,29.0,0.0,0.0,0.0,0.0,0.0,"solar2_v,lipo2_v"
2021-10-10T00:00:00Z,28.0,28.0,,,1.263,1.889,,,,,,,,,,,3.301,3.293,3.31,,,,222.857,0.0,0.0,,,,,273.0,208.0,317.0,,,0.0,12285.0,12312.0,0.0,28.0,0.0,0.0,0.0,0.0,28.0,0.0,0.0,0.0,28.0,0.0,0.0,0.0,0.0,0.0,"solar2_v,lipo2_v"
2021-10-10T01:00:00Z,29.0,29.0,,,3.413,5.12,,,,,,,,,,,3.287,3.28,3.293,,,,212.621,0.0,0.0,,,,,368.172,259.0,416.0,,,0.0,12313.0,12341.0,0.0,29.0,0.0,0.0,0.0,0.0,29.0,0.0,0.0,0.0,29.0,0.0,0.0,0.0,0.0,0.0,"solar2_v,lipo2_v"
2021-10-10T02:00:00Z,27.0,27.0,,,3.481,5.449,,,,,,,,,,,3.272,3.263,3.281,,,,205.556,0.0,0.0,,,,,413.444,407.0,423.0,,,0.0,12342.0,12369.0,0.0,27.0,0.0,0.0,0.0,0.0,27.0,0.0,0.0,0.0,27.0,0.0,0.0,0.0,0.0,0.0,"solar2_v,lipo2_v"
2021-10-10T03:00:00Z,29.0,29.0,,,3.107,5.599,,,,,,,,,,,3.256,3.247,3.263,,,,202.897,0.0,0.0,,,,,413.034,382.0,432.0,,,0.0,12370.0,12398.0,0.0,29.0,0.0,0.0,0.0,0.0,29.0,0.0,0.0,0.0,29.0,0.0,0.0,0.0,0.0,0.0,"solar2_v,lipo2_v"
2021-10-10T04:00:00Z,29.0,29.0,,,4.023,5.423,,,,,,,,,,,3.238,3.232,3.245,,,,195.034,0.0,0.0,,,,,449.931,431.0,473.0,,,0.0,12399.0,12427.0,0.0,29.0,0.0,0.0,0.0,0.0,29.0,0.0,0.0,0.0,29.0,0.0,0.0,0.0,0.0,0.0,"solar2_v,lipo2_v"
2021-10-10T05:00:00Z,28.0,28.0,,,2.524,5.754,,,,,,,,,,,3.22,3.187,3.23,,,,194.321,0.0,0.0,,,,,411.107,356.0,461.0,,,0.0,1.0,12446.0,0.0,28.0,0.0,0.0,0.0,0.0,28.0,0.0,0.0,0.0,28.0,0.0,0.0,0.0,0.0,0.0,"solar2_v,lipo2_v"
2021-10-10T06:00:00Z,29.0,29.0,,,3.371,5.444,,,,,,,,,,,3.192,3.159,3.211,,,,185.034,0.0,0.0,,,,,414.207,379.0,452.0,,,0.0,1.0,25.0,0.0,29.0,0.0,0.0,0.0,0.0,29.0,0.0,0.0,0.0,29.0,0.0,0.0,0.0,0.0,0.0,"solar2_v,lipo2_v"
2021-10-10T07:00:00Z,28.0,28.0,,,1.921,4.36,,,,,,,,,,,3.154,3.138,3.166,,,,179.179,0.0,0.0,,,,,363.464,327.0,398.0,,,0.0,1.0,1.0,0.0,24.0,0.0,0.0,0.0,0.0,28.0,0.0,0.0,0.0,28.0,0.0,0.0,0.0,0.0,0.0,"solar2_v,lipo2_v"
2021-10-10T08:00:00Z,27.0,27.0,,,0.469,1.3,,,,,,,,,,,3.124,3.103,3.138,,,,178.556,0.0,0.0,,,,,311.148,292.0,325.0,,,0.0,1.0,1.0,0.0,16.0,0.0,0.0,0.0,0.0,27.0,0.0,0.0,0.0,27.0,0.0,0.0,0.0,0.0,0.0,"solar2_v,lipo2_v"
2021-10-10T09:00:00Z,29.0,29.0,,,0.0,0.0,,,,,,,,,,,3.083,3.062,3.103,,,,176.172,0.0,0.0,,,,,272.517,267.0,288.0,,,0.0,1.0,1.0,0.0,0.0,0.0,0.0,0.0,0.0,29.0,0.0,0.0,0.0,29.0,0.0,0.0,0.0,0.0,0.0,"solar2_v,lipo2_v"
2021-10-10T10:00:00Z,28.0,28.0,,,0.0,0.0,,,,,,,,,,,3.04,3.021,3.062,,,,165.786,0.0,0.0,,,,,284.429,275.0,296.0,,,0.0,1.0,1.0,0.0,0.0,0.0,0.0,0.0,0.0,28.0,0.0,0.0,0.0,28.0,0.0,0.0,0.0,0.0,0.0,"solar2_v,lipo2_v"
2021-10-10T11:00:00Z,28.0,28.0,,,0.0,0.0,,,,,,,,,,,2.99,2.961,3.017,,,,155.25,0.0,0.0,,,,,597.143,296.0,613.0,,,0.0,1.0,1.0,0.0,0.0,0.0,0.0,0.0,0.0,28.0,0.0,0.0,0.0,28.0,0.0,0.0,0.0,0.0,0.0,"solar2_v,lipo2_v"
2021-10-10T12:00:00Z,12.0,12.0,,,0.0,0.0,,,,,,,,,,,2.94,2.923,2.956,,,,155.0,0.0,0.0,,,,,597.0,593.0,601.0,,,0.0,1.0,1.0,0.0,0.0,0.0,0.0,0.0,0.0,12.0,0.0,0.0,0.0,12.0,0.0,0.0,0.0,0.0,0.0,"solar2_v,lipo2_v"
2021-10-27T10:00:00Z,26.0,26.0,,,0.0,0.0,,,,,,,,,,,3.643,2.575,3.895,,,,229.154,0.0,0.0,,,,,326.077,301.0,333.0,,,0.0,1.0,26.0,0.0,0.0,0.0,0.0,0.0,0.0,26.0,0.0,0.0,0.0,26.0,0.0,0.0,0.0,0.0,0.0,"solar2_v,lipo2_v"
2021-10-27T11:00:00Z,28.0,28.0,,,0.0,0.0,,,,,,,,,,,4.02,3.912,4.093,,,,233.786,0.0,0.0,,,,,329.5,327.0,333.0,,,0.0,27.0,55.0,0.0,0.0,0.0,0.0,0.0,0.0,28.0,0.0,0.0,0.0,28.0,0.0,0.0,0.0,0.0,0.0,"solar2_v,lipo2_v"
2021-10-27T12:00:00Z,27.0,27.0,,,0.0,0.0,,,,,,,,,,,4.124,4.093,4.138,,,,231.963,0.0,0.0,,,,,325.148,321.0,327.0,,,0.0,56.0,83.0,0.0,0.0,0.0,0.0,0.0,0.0,27.0,0.0,0.0,0.0,27.0,0.0,0.0,0.0,0.0,0.0,"solar2_v,lipo2_v"
2021-10-27T13:00:00Z,28.0,28.0,,,0.0,0.0,,,,,,,,,,,4.153,4.138,4.166,,,,237.0,0.0,0.0,,,,,320.357,318.0,321.0,,,0.0,84.0,111.0,0.0,0.0,0.0,0.0,0.0,0.0,28.0,0.0,0.0,0.0,28.0,0.0,0.0,0.0,0.0,0.0,"solar2_v,lipo2_v"
2021-10-27T14:00:00Z,27.0,27.0,,,0.0,0.0,,,,,,,,,,,4.179,4.166,4.186,,,,240.852,0.0,0.0,,,,,315.148,314.0,318.0,,,0.0,112.0,140.0,0.0,0.0,0.0,0.0,0.0,0.0,27.0,0.0,0.0,0.0,27.0,0.0,0.0,0.0,0.0,0.0,"solar2_v,lipo2_v"
2021-10-27T15:00:00Z,28.0,28.0,,,0.0,0.0,,,,,,,,,,,4.164,4.151,4.187,,,,242.036,0.0,0.0,,,,,312.679,311.0,314.0,,,0.0,141.0,168.0,0.0,0.0,0.0,0.0,0.0,0.0,28.0,0.0,0.0,0.0,28.0,0.0,0.0,0.0,0.0,0.0,"solar2_v,lipo2_v"
2021-10-27T16:00:00Z,29.0,29.0,,,0.0,0.0,,,,,,,,,,,4.144,4.139,4.151,,,,232.069,0.0,0.0,,,,,309.276,307.0,311.0,,,0.0,169.0,197.0,0.0,0.0,0.0,0.0,0.0,0.0,29.0,0.0,0.0,0.0,29.0,0.0,0.0,0.0,0.0,0.0,"solar2_v,lipo2_v"
2021-10-27T17:00:00Z,29.0,29.0,,,0.0,0.0,,,,,,,,,,,4.138,4.136,4.139,,,,229.483,0.0,0.0,,,,,306.448,306.0,308.0,,,0.0,198.0,226.0,0.0,0.0,0.0,0.0,0.0,0.0,29.0,0.0,0.0,0.0,29.0,0.0,0.0,0.0,0.0,0.0,"solar2_v,lipo2_v"
2021-10-27T18:00:00Z,28.0,28.0,,,0.0,0.0,,,,,,,,,,,4.135,4.135,4.138,,,,242.25,0.0,0.0,,,,,306.0,306.0,306.0,,,0.0,227.0,254.0,0.0,0.0,0.0,0.0,0.0,0.0,28.0,0.0,0.0,0.0,28.0,0.0,0.0,0.0,0.0,0.0,"solar2_v,lipo2_v"
2021-10-27T19:00:00Z,29.0,29.0,,,0.0,0.0,,,,,,,,,,,4.134,4.133,4.135,,,,235.207,0.0,0.0,,,,,305.862,305.0,306.0,,,0.0,255.0,283.0,0.0,0.0,0.0,0.0,0.0,0.0,29.0,0.0,0.0,0.0,29.0,0.0,0.0,0.0,0.0,0.0,"solar2_v,lipo2_v"
2021-10-27T20:00:00Z,28.0,28.0,,,0.0,0.0,,,,,,,,,,,4.133,4.133,4.135,,,,243.036,0.0,0.0,,,,,305.286,304.0,306.0,,,0.0,284.0,311.0,0.0,0.0,0.0,0.0,0.0,0.0,28.0,0.0,0.0,0.0,28.0,0.0,0.0,0.0,0.0,0.0,"solar2_v,lipo2_v"
2021-10-27T21:00:00Z,29.0,29.0,,,0.0,0.0,,,,,,,,,,,4.133,4.131,4.133,,,,238.207,0.0,0.0,,,,,304.897,304.0,305.0,,,0.0,312.0,340.0,0.0,0.0,0.0,0.0,0.0,0.0,29.0,0.0,0.0,0.0,29.0,0.0,0.0,0.0,0.0,0.0,"solar2_v,lipo2_v"
2021-10-27T22:00:00Z,28.0,28.0,,,0.0,0.0,,,,,,,,,,,4.132,4.131,4.133,,,,237.429,0.0,0.0,,,,,304.893,304.0,306.0,,,0.0,341.0,368.0,0.0,0.0,0.0,0.0,0.0,0.0,28.0,0.0,0.0,0.0,28.0,0.0,0.0,0.0,0.0,0.0,"solar2_v,lipo2_v"
2021-10-27T23:00:00Z,29.0,29.0,,,0.0,0.0,,,,,,,,,,,4.131,4.13,4.133,,,,240.345,0.0,0.0,,,,,305.276,305.0,306.0,,,0.0,369.0,397.0,0.0,0.0,0.0,0.0,0.0,0.0,29.0,0.0,0.0,0.0,29.0,0.0,0.0,0.0,0.0,0.0,"solar2_v,lipo2_v"
2021-10-28T00:00:00Z,27.0,27.0,,,0.233,0.554,,,,,,,,,,,4.124,4.113,4.131,,,,229.963,0.0,0.0,,,,,307.889,306.0,314.0,,,0.0,398.0,425.0,0.0,12.0,0.0,0.0,0.0,0.0,27.0,0.0,0.0,0.0,27.0,0.0,0.0,0.0,0.0,0.0,"solar2_v,lipo2_v"
2021-10-28T01:00:00Z,25.0,25.0,,,0.665,0.747,,,,,,,,,,,4.113,4.111,4.115,,,,230.08,0.0,0.0,,,,,322.6,315.0,327.0,,,0.0,427.0,453.0,0.0,25.0,0.0,0.0,0.0,0.0,25.0,0.0,0.0,0.0,25.0,0.0,0.0,0.0,0.0,0.0,"solar2_v,lipo2_v"
2021-10-28T02:00:00Z,29.0,29.0,,,1.39,3.294,,,,,,,,,,,4.11,4.106,4.113,,,,227.483,0.0,0.0,,,,,343.241,327.0,379.0,,,0.0,454.0,482.0,0.0,29.0,0.0,0.0,0.0,0.0,29.0,0.0,0.0,0.0,29.0,0.0,0.0,0.0,0.0,0.0,"solar2_v,lipo2_v"
2021-10-28T03:00:00Z,28.0,28.0,,,3.45,3.965,,,,,,,,,,,4.108,4.106,4.11,,,,222.643,0.0,0.0,,,,,399.357,380.0,414.0,,,0.0,483.0,510.0,0.0,28.0,0.0,0.0,0.0,0.0,28.0,0.0,0.0,0.0,28.0,0.0,0.0,0.0,0.0,0.0,"solar2_v,lipo2_v"
2021-10-28T04:00:00Z,29.0,29.0,,,2.883,4.956,,,,,,,,,,,4.106,4.105,4.108,,,,221.655,0.0,0.0,,,,,404.345,380.0,421.0,,,0.0,511.0,539.0,0.0,29.0,0.0,0.0,0.0,0.0,29.0,0.0,0.0,0.0,29.0,0.0,0.0,0.0,0.0,0.0,"solar2_v,lipo2_v"
2021-10-28T05:00:00Z,28.0,28.0,,,0.478,0.897,,,,,,,,,,,4.104,4.102,4.106,,,,226.393,0.0,0.0,,,,,355.857,338.0,380.0,,,0.0,540.0,567.0,0.0,20.0,0.0,0.0,0.0,0.0,28.0,0.0,0.0,0.0,28.0,0.0,0.0,0.0,0.0,0.0,"solar2_v,lipo2_v"
2021-10-28T06:00:00Z,29.0,29.0,,,0.234,0.679,,,,,,,,,,,4.101,4.098,4.105,,,,228.276,0.0,0.0,,,,,332.172,328.0,339.0,,,0.0,568.0,596.0,0.0,15.0,0.0,0.0,0.0,0.0,29.0,0.0,0.0,0.0,29.0,0.0,0.0,0.0,0.0,0.0,"solar2_v,lipo2_v"
2021-10-28T07:00:00Z,29.0,29.0,,,0.332,0.47,,,,,,,,,,,4.098,4.095,4.1,,,,228.724,0.0,0.0,,,,,327.724,327.0,329.0,,,0.0,597.0,625.0,0.0,26.0,0.0,0.0,0.0,0.0,29.0,0.0,0.0,0.0,29.0,0.0,0.0,0.0,0.0,0.0,"solar2_v,lipo2_v"
2021-10-28T08:00:00Z,28.0,28.0,,,0.037,0.364,,,,,,,,,,,4.095,4.092,4.098,,,,229.357,0.0,0.0,,,,,326.143,323.0,328.0,,,0.0,626.0,653.0,0.0,3.0,0.0,0.0,0.0,0.0,28.0,0.0,0.0,0.0,28.0,0.0,0.0,0.0,0.0,0.0,"solar2_v,lipo2_v"
2021-10-28T09:00:00Z,29.0,29.0,,,0.0,0.0,,,,,,,,,,,4.092,4.09,4.095,,,,230.379,0.0,0.0,,,,,320.483,318.0,323.0,,,0.0,654.0,682.0,0.0,0.0,0.0,0.0,0.0,0.0,29.0,0.0,0.0,0.0,29.0,0.0,0.0,0.0,0.0,0.0,"solar2_v,lipo2_v"
2021-10-28T10:00:00Z,28.0,28.0,,,0.0,0.0,,,,,,,,,,,4.09,4.087,4.092,,,,230.393,0.0,0.0,,,,,316.643,314.0,318.0,,,0.0,683.0,710.0,0.0,0.0,0.0,0.0,0.0,0.0,28.0,0.0,0.0,0.0,28.0,0.0,0.0,0.0,0.0,0.0,"solar2_v,lipo2_v"
2021-10-28T11:00:00Z,29.0,29.0,,,0.0,0.0,,,,,,,,,,,4.088,4.085,4.092,,,,231.552,0.0,0.0,,,,,307.069,303.0,314.0,,,0.0,711.0,739.0,0.0,0.0,0.0,0.0,0.0,0.0,29.0,0.0,0.0,0.0,29.0,0.0,0.0,0.0,0.0,0.0,"solar2_v,lipo2_v"
2021-10-28T12:00:00Z,27.0,27.0,,,0.0,0.0,,,,,,,,,,,4.085,4.082,4.087,,,,232.444,0.0,0.0,,,,,300.889,300.0,302.0,,,0.0,740.0,768.0,0.0,0.0,0.0,0.0,0.0,0.0,27.0,0.0,0.0,0.0,27.0,0.0,0.0,0.0,0.0,0.0,"solar2_v,lipo2_v"
2021-10-28T13:00:00Z,27.0,27.0,,,0.0,0.0,,,,,,,,,,,4.083,4.082,4.087,,,,232.778,0.0,0.0,,,,,296.333,295.0,299.0,,,0.0,769.0,796.0,0.0,0.0,0.0,0.0,0.0,0.0,27.0,0.0,0.0,0.0,27.0,0.0,0.0,0.0,0.0,0.0,"solar2_v,lipo2_v"
2021-10-28T14:00:00Z,29.0,29.0,,,0.0,0.0,,,,,,,,,,,4.082,4.08,4.083,,,,233.207,0.0,0.0,,,,,292.103,290.0,295.0,,,0.0,797.0,825.0,0.0,0.0,0.0,0.0,0.0,0.0,29.0,0.0,0.0,0.0,29.0,0.0,0.0,0.0,0.0,0.0,"solar2_v,lipo2_v"
2021-10-28T15:00:00Z,29.0,29.0,,,0.0,0.0,,,,,,,,,,,4.081,4.08,4.082,,,,233.379,0.0,0.0,,,,,287.793,287.0,289.0,,,0.0,826.0,854.0,0.0,0.0,0.0,0.0,0.0,0.0,29.0,0.0,0.0,0.0,29.0,0.0,0.0,0.0,0.0,0.0,"solar2_v,lipo2_v"
2021-10-28T16:00:00Z,26.0,26.0,,,0.0,0.0,,,,,,,,,,,4.08,4.077,4.082,,,,233.192,0.0,0.0,,,,,287.692,286.0,293.0,,,0.0,855.0,882.0,0.0,0.0,0.0,0.0,0.0,0.0,26.0,0.0,0.0,0.0,26.0,0.0,0.0,0.0,0.0,0.0,"solar2_v,lipo2_v"
2021-10-28T17:00:00Z,28.0,28.0,,,0.0,0.0,,,,,,,,,,,4.078,4.077,4.08,,,,233.429,0.0,0.0,,,,,286.393,286.0,287.0,,,0.0,883.0,910.0,0.0,0.0,0.0,0.0,0.0,0.0,28.0,0.0,0.0,0.0,28.0,0.0,0.0,0.0,0.0,0.0,"solar2_v,lipo2_v"
2021-10-28T18:00:00Z,28.0,28.0,,,0.0,0.0,,,,,,,,,,,4.077,4.073,4.078,,,,233.143,0.0,0.0,,,,,286.0,285.0,287.0,,,0.0,911.0,939.0,0.0,0.0,0.0,0.0,0.0,0.0,28.0,0.0,0.0,0.0,28.0,0.0,0.0,0.0,0.0,0.0,"solar2_v,lipo2_v"
2021-10-28T19:00:00Z,29.0,29.0,,,0.0,0.0,,,,,,,,,,,4.075,4.072,4.077,,,,233.379,0.0,0.0,,,,,285.724,283.0,287.0,,,0.0,940.0,968.0,0.0,0.0,0.0,0.0,0.0,0.0,29.0,0.0,0.0,0.0,29.0,0.0,0.0,0.0,0.0,0.0,"solar2_v,lipo2_v"
2021-10-28T20:00:00Z,28.0,28.0,,,0.0,0.0,,,,,,,,,,,4.073,4.07,4.075,,,,233.25,0.0,0.0,,,,,287.214,286.0,290.0,,,0.0,969.0,996.0,0.0,0.0,0.0,0.0,0.0,0.0,28.0,0.0,0.0,0.0,28.0,0.0,0.0,0.0,0.0,0.0,"solar2_v,lipo2_v"
2021-10-28T21:00:00Z,29.0,29.0,,,0.0,0.0,,,,,,,,,,,4.071,4.069,4.072,,,,233.414,0.0,0.0,,,,,285.69,284.0,286.0,,,0.0,997.0,1025.0,0.0,0.0,0.0,0.0,0.0,0.0,29.0,0.0,0.0,0.0,29.0,0.0,0.0,0.0,0.0,0.0,"solar2_v,lipo2_v"
2021-10-28T22:00:00Z,28.0,28.0,,,0.0,0.0,,,,,,,,,,,4.068,4.065,4.072,,,,233.679,0.0,0.0,,,,,284.179,282.0,286.0,,,0.0,1026.0,1053.0,0.0,0.0,0.0,0.0,0.0,0.0,28.0,0.0,0.0,0.0,28.0,0.0,0.0,0.0,0.0,0.0,"solar2_v,lipo2_v"
2021-10-28T23:00:00Z,29.0,29.0,,,0.476,1.758,,,,,,,,,,,4.066,4.065,4.067,,,,233.0,0.0,0.0,,,,,293.172,286.0,314.0,,,0.0,1054.0,1082.0,0.0,18.0,0.0,0.0,0.0,0.0,29.0,0.0,0.0,0.0,29.0,0.0,0.0,0.0,0.0,0.0,"solar2_v,lipo2_v"
2021-10-29T00:00:00Z,29.0,29.0,,,1.983,3.38,,,,,,,,,,,4.068,4.065,4.07,,,,226.655,0.0,0.0,,,,,355.655,320.0,379.0,,,0.0,1083.0,1111.0,0.0,29.0,0.0,0.0,0.0,0.0,29.0,0.0,0.0,0.0,29.0,0.0,0.0,0.0,0.0,0.0,"solar2_v,lipo2_v"
2021-10-29T01:00:00Z,27.0,27.0,,,2.972,4.405,,,,,,,,,,,4.07,4.067,4.072,,,,223.37,0.0,0.0,,,,,393.63,375.0,423.0,,,0.0,1112.0,1139.0,0.0,27.0,0.0,0.0,0.0,0.0,27.0,0.0,0.0,0.0,27.0,0.0,0.0,0.0,0.0,0.0,"solar2_v,lipo2_v"
2021-10-29T02:00:00Z,29.0,29.0,,,4.106,5.023,,,,,,,,,,,4.07,4.069,4.072,,,,218.621,0.0,0.0,,,,,445.0,425.0,467.0,,,0.0,1140.0,1168.0,0.0,29.0,0.0,0.0,0.0,0.0,29.0,0.0,0.0,0.0,29.0,0.0,0.0,0.0,0.0,0.0,"solar2_v,lipo2_v"
2021-10-29T03:00:00Z,29.0,29.0,,,4.457,5.256,,,,,,,,,,,4.068,4.065,4.072,,,,219.069,0.0,0.0,,,,,445.897,423.0,463.0,,,0.0,1169.0,1197.0,0.0,29.0,0.0,0.0,0.0,0.0,29.0,0.0,0.0,0.0,29.0,0.0,0.0,0.0,0.0,0.0,"solar2_v,lipo2_v"
2021-10-29T04:00:00Z,28.0,28.0,,,4.647,5.116,,,,,,,,,,,4.066,4.065,4.069,,,,217.75,0.0,0.0,,,,,455.786,436.0,468.0,,,0.0,1198.0,1225.0,0.0,28.0,0.0,0.0,0.0,0.0,28.0,0.0,0.0,0.0,28.0,0.0,0.0,0.0,0.0,0.0,"solar2_v,lipo2_v"
2021-10-29T05:00:00Z,29.0,29.0,,,4.622,5.108,,,,,,,,,,,4.066,4.064,4.069,,,,217.31,0.0,0.0,,,,,467.828,460.0,482.0,,,0.0,1226.0,1254.0,0.0,29.0,0.0,0.0,0.0,0.0,29.0,0.0,0.0,0.0,29.0,0.0,0.0,0.0,0.0,0.0,"solar2_v,lipo2_v"
2021-10-29T06:00:00Z,29.0,29.0,,,4.466,5.126,,,,,,,,,,,4.064,4.062,4.065,,,,217.138,0.0,0.0,,,,,468.862,447.0,484.0,,,0.0,1255.0,1283.0,0.0,29.0,0.0,0.0,0.0,0.0,29.0,0.0,0.0,0.0,29.0,0.0,0.0,0.0,0.0,0.0,"solar2_v,lipo2_v"
2021-10-29T07:00:00Z,28.0,28.0,,,3.09,5.079,,,,,,,,,,,4.06,4.057,4.064,,,,223.571,0.0,0.0,,,,,393.071,367.0,435.0,,,0.0,1284.0,1311.0,0.0,28.0,0.0,0.0,0.0,0.0,28.0,0.0,0.0,0.0,28.0,0.0,0.0,0.0,0.0,0.0,"solar2_v,lipo2_v"
2021-10-29T08:00:00Z,29.0,29.0,,,1.4,2.197,,,,,,,,,,,4.057,4.055,4.06,,,,226.724,0.0,0.0,,,,,352.379,335.0,376.0,,,0.0,1312.0,1340.0,0.0,29.0,0.0,0.0,0.0,0.0,29.0,0.0,0.0,0.0,29.0,0.0,0.0,0.0,0.0,0.0,"solar2_v,lipo2_v"
2021-10-29T09:00:00Z,29.0,29.0,,,0.544,1.021,,,,,,,,,,,4.055,4.052,4.057,,,,229.069,0.0,0.0,,,,,329.0,318.0,335.0,,,0.0,1341.0,1369.0,0.0,22.0,0.0,0.0,0.0,0.0,29.0,0.0,0.0,0.0,29.0,0.0,0.0,0.0,0.0,0.0,"solar2_v,lipo2_v"
2021-10-29T10:00:00Z,29.0,29.0,,,0.0,0.0,,,,,,,,,,,4.054,4.052,4.055,,,,231.414,0.0,0.0,,,,,310.759,301.0,317.0,,,0.0,1370.0,1398.0,0.0,0.0,0.0,0.0,0.0,0.0,29.0,0.0,0.0,0.0,29.0,0.0,0.0,0.0,0.0,0.0,"solar2_v,lipo2_v"
2021-10-29T11:00:00Z,28.0,28.0,,,0.0,0.0,,,,,,,,,,,4.053,4.05,4.054,,,,232.536,0.0,0.0,,,,,298.393,285.0,301.0,,,0.0,1399.0,1426.0,0.0,0.0,0.0,0.0,0.0,0.0,28.0,0.0,0.0,0.0,28.0,0.0,0.0,0.0,0.0,0.0,"solar2_v,lipo2_v"
2021-10-29T12:00:00Z,29.0,29.0,,,0.0,0.0,,,,,,,,,,,4.052,4.05,4.052,,,,234.138,0.0,0.0,,,,,279.069,276.0,283.0,,,0.0,1427.0,1455.0,0.0,0.0,0.0,0.0,0.0,0.0,29.0,0.0,0.0,0.0,29.0,0.0,0.0,0.0,0.0,0.0,"solar2_v,lipo2_v"
2021-10-29T13:00:00Z,29.0,29.0,,,0.0,0.0,,,,,,,,,,,4.05,4.049,4.052,,,,233.517,0.0,0.0,,,,,285.724,282.0,288.0,,,0.0,1456.0,1484.0,0.0,0.0,0.0,0.0,0.0,0.0,29.0,0.0,0.0,0.0,29.0,0.0,0.0,0.0,0.0,0.0,"solar2_v,lipo2_v"
2021-10-29T14:00:00Z,29.0,29.0,,,0.0,0.0,,,,,,,,,,,4.05,4.045,4.052,,,,233.862,0.0,0.0,,,,,280.241,275.0,289.0,,,0.0,1485.0,1513.0,0.0,0.0,0.0,0.0,0.0,0.0,29.0,0.0,0.0,0.0,29.0,0.0,0.0,0.0,0.0,0.0,"solar2_v,lipo2_v"
2021-10-29T15:00:00Z,28.0,28.0,,,0.0,0.0,,,,,,,,,,,4.049,4.045,4.05,,,,233.893,0.0,0.0,,,,,280.893,277.0,283.0,,,0.0,1514.0,1541.0,0.0,0.0,0.0,0.0,0.0,0.0,28.0,0.0,0.0,0.0,28.0,0.0,0.0,0.0,0.0,0.0,"solar2_v,lipo2_v"
2021-10-29T16:00:00Z,29.0,29.0,,,0.0,0.0,,,,,,,,,,,4.048,4.045,4.05,,,,233.862,0.0,0.0,,,,,281.207,281.0,282.0,,,0.0,1542.0,1570.0,0.0,0.0,0.0,0.0,0.0,0.0,29.0,0.0,0.0,0.0,29.0,0.0,0.0,0.0,0.0,0.0,"solar2_v,lipo2_v"
2021-10-29T17:00:00Z,29.0,29.0,,,0.0,0.0,,,,,,,,,,,4.046,4.044,4.049,,,,234.034,0.0,0.0,,,,,280.862,280.0,281.0,,,0.0,1571.0,1599.0,0.0,0.0,0.0,0.0,0.0,0.0,29.0,0.0,0.0,0.0,29.0,0.0,0.0,0.0,0.0,0.0,"solar2_v,lipo2_v"
2021-10-29T18:00:00Z,29.0,29.0,,,0.0,0.0,,,,,,,,,,,4.045,4.042,4.047,,,,233.828,0.0,0.0,,,,,280.621,279.0,282.0,,,0.0,1600.0,1628.0,0.0,0.0,0.0,0.0,0.0,0.0,29.0,0.0,0.0,0.0,29.0,0.0,0.0,0.0,0.0,0.0,"solar2_v,lipo2_v"
2021-10-29T19:00:00Z,28.0,28.0,,,0.0,0.0,,,,,,,,,,,4.044,4.04,4.045,,,,234.286,0.0,0.0,,,,,276.321,274.0,279.0,,,0.0,1629.0,1656.0,0.0,0.0,0.0,0.0,0.0,0.0,28.0,0.0,0.0,0.0,28.0,0.0,0.0,0.0,0.0,0.0,"solar2_v,lipo2_v"
2021-10-29T20:00:00Z,28.0,28.0,,,0.0,0.0,,,,,,,,,,,4.043,4.04,4.045,,,,234.179,0.0,0.0,,,,,275.071,274.0,276.0,,,0.0,1657.0,1685.0,0.0,0.0,0.0,0.0,0.0,0.0,28.0,0.0,0.0,0.0,28.0,0.0,0.0,0.0,0.0,0.0,"solar2_v,lipo2_v"
2021-10-29T21:00:00Z,28.0,28.0,,,0.0,0.0,,,,,,,,,,,4.042,4.04,4.044,,,,234.071,0.0,0.0,,,,,276.5,275.0,277.0,,,0.0,1686.0,1713.0,0.0,0.0,0.0,0.0,0.0,0.0,28.0,0.0,0.0,0.0,28.0,0.0,0.0,0.0,0.0,0.0,"solar2_v,lipo2_v"
2021-10-29T22:00:00Z,29.0,29.0,,,0.0,0.0,,,,,,,,,,,4.041,4.039,4.044,,,,234.586,0.0,0.0,,,,,274.276,274.0,276.0,,,0.0,1714.0,1742.0,0.0,0.0,0.0,0.0,0.0,0.0,29.0,0.0,0.0,0.0,29.0,0.0,0.0,0.0,0.0,0.0,"solar2_v,lipo2_v"
2021-10-29T23:00:00Z,29.0,29.0,,,0.754,2.017,,,,,,,,,,,4.04,4.039,4.044,,,,233.276,0.0,0.0,,,,,287.759,274.0,317.0,,,0.0,1743.0,1771.0,0.0,22.0,0.0,0.0,0.0,0.0,29.0,0.0,0.0,0.0,29.0,0.0,0.0,0.0,0.0,0.0,"solar2_v,lipo2_v"
2021-10-30T00:00:00Z,28.0,28.0,,,2.048,4.234,,,,,,,,,,,4.042,4.04,4.045,,,,228.036,0.0,0.0,,,,,336.179,321.0,353.0,,,0.0,1772.0,1799.0,0.0,28.0,0.0,0.0,0.0,0.0,28.0,0.0,0.0,0.0,28.0,0.0,0.0,0.0,0.0,0.0,"solar2_v,lipo2_v"
2021-10-30T01:00:00Z,29.0,29.0,,,3.19,4.777,,,,,,,,,,,4.044,4.042,4.047,,,,223.862,0.0,0.0,,,,,381.724,354.0,417.0,,,0.0,1800.0,1828.0,0.0,29.0,0.0,0.0,0.0,0.0,29.0,0.0,0.0,0.0,29.0,0.0,0.0,0.0,0.0,0.0,"solar2_v,lipo2_v"
2021-10-30T02:00:00Z,29.0,29.0,,,4.577,4.99,,,,,,,,,,,4.047,4.044,4.05,,,,218.414,0.0,0.0,,,,,452.448,419.0,470.0,,,0.0,1829.0,1857.0,0.0,29.0,0.0,0.0,0.0,0.0,29.0,0.0,0.0,0.0,29.0,0.0,0.0,0.0,0.0,0.0,"solar2_v,lipo2_v"
2021-10-30T03:00:00Z,26.0,26.0,,,4.877,5.164,,,,,,,,,,,4.046,4.044,4.047,,,,217.231,0.0,0.0,,,,,466.154,459.0,481.0,,,0.0,1858.0,1885.0,0.0,26.0,0.0,0.0,0.0,0.0,26.0,0.0,0.0,0.0,26.0,0.0,0.0,0.0,0.0,0.0,"solar2_v,lipo2_v"
2021-10-30T04:00:00Z,28.0,28.0,,,4.631,5.544,,,,,,,,,,,4.046,4.044,4.049,,,,216.786,0.0,0.0,,,,,468.5,426.0,487.0,,,0.0,1886.0,1914.0,0.0,28.0,0.0,0.0,0.0,0.0,28.0,0.0,0.0,0.0,28.0,0.0,0.0,0.0,0.0,0.0,"solar2_v,lipo2_v"
2021-10-30T05:00:00Z,28.0,28.0,,,3.829,5.443,,,,,,,,,,,4.043,4.039,4.045,,,,221.25,0.0,0.0,,,,,418.714,394.0,459.0,,,0.0,1915.0,1942.0,0.0,28.0,0.0,0.0,0.0,0.0,28.0,0.0,0.0,0.0,28.0,0.0,0.0,0.0,0.0,0.0,"solar2_v,lipo2_v"
2021-10-30T06:00:00Z,29.0,29.0,,,2.96,5.249,,,,,,,,,,,4.042,4.039,4.044,,,,220.448,0.0,0.0,,,,,428.0,380.0,461.0,,,0.0,1943.0,1971.0,0.0,29.0,0.0,0.0,0.0,0.0,29.0,0.0,0.0,0.0,29.0,0.0,0.0,0.0,0.0,0.0,"solar2_v,lipo2_v"
2021-10-30T07:00:00Z,20.0,20.0,,,0.951,5.121,,,,,,,,,,,4.039,4.034,4.044,,,,226.65,0.0,0.0,,,,,356.25,301.0,433.0,,,0.0,1972.0,1998.0,0.0,20.0,0.0,0.0,0.0,0.0,20.0,0.0,0.0,0.0,20.0,0.0,0.0,0.0,0.0,0.0,"solar2_v,lipo2_v"
2021-10-30T08:00:00Z,19.0,19.0,,,1.191,1.891,,,,,,,,,,,4.036,4.034,4.037,,,,228.684,0.0,0.0,,,,,335.421,308.0,345.0,,,0.0,1999.0,2026.0,0.0,19.0,0.0,0.0,0.0,0.0,19.0,0.0,0.0,0.0,19.0,0.0,0.0,0.0,0.0,0.0,"solar2_v,lipo2_v"
2021-10-30T09:00:00Z,29.0,29.0,,,0.448,0.734,,,,,,,,,,,4.036,4.034,4.039,,,,228.759,0.0,0.0,,,,,328.621,321.0,337.0,,,0.0,2027.0,2055.0,0.0,22.0,0.0,0.0,0.0,0.0,29.0,0.0,0.0,0.0,29.0,0.0,0.0,0.0,0.0,0.0,"solar2_v,lipo2_v"
2021-10-30T10:00:00Z,29.0,29.0,,,0.0,0.0,,,,,,,,,,,4.035,4.032,4.037,,,,230.931,0.0,0.0,,,,,313.759,309.0,320.0,,,0.0,2056.0,2084.0,0.0,0.0,0.0,0.0,0.0,0.0,29.0,0.0,0.0,0.0,29.0,0.0,0.0,0.0,0.0,0.0,"solar2_v,lipo2_v"
2021-10-30T11:00:00Z,28.0,28.0,,,0.0,0.0,,,,,,,,,,,4.034,4.032,4.036,,,,232.107,0.0,0.0,,,,,303.821,301.0,308.0,,,0.0,2085.0,2112.0,0.0,0.0,0.0,0.0,0.0,0.0,28.0,0.0,0.0,0.0,28.0,0.0,0.0,0.0,0.0,0.0,"solar2_v,lipo2_v"
2021-10-30T12:00:00Z,29.0,29.0,,,0.0,0.0,,,,,,,,,,,4.033,4.031,4.034,,,,232.379,0.0,0.0,,,,,300.586,300.0,301.0,,,0.0,2113.0,2141.0,0.0,0.0,0.0,0.0,0.0,0.0,29.0,0.0,0.0,0.0,29.0,0.0,0.0,0.0,0.0,0.0,"solar2_v,lipo2_v"
2021-10-30T13:00:00Z,25.0,25.0,,,0.0,0.0,,,,,,,,,,,4.032,4.031,4.034,,,,232.96,0.0,0.0,,,,,298.24,296.0,300.0,,,0.0,2142.0,2168.0,0.0,0.0,0.0,0.0,0.0,0.0,25.0,0.0,0.0,0.0,25.0,0.0,0.0,0.0,0.0,0.0,"solar2_v,lipo2_v"
2021-10-30T14:00:00Z,29.0,29.0,,,0.0,0.0,,,,,,,,,,,4.032,4.031,4.034,,,,233.103,0.0,0.0,,,,,293.414,291.0,296.0,,,0.0,2170.0,2198.0,0.0,0.0,0.0,0.0,0.0,0.0,29.0,0.0,0.0,0.0,29.0,0.0,0.0,0.0,0.0,0.0,"solar2_v,lipo2_v"
2021-10-30T15:00:00Z,27.0,27.0,,,0.0,0.0,,,,,,,,,,,4.031,4.029,4.032,,,,233.148,0.0,0.0,,,,,290.704,289.0,293.0,,,0.0,2199.0,2226.0,0.0,0.0,0.0,0.0,0.0,0.0,27.0,0.0,0.0,0.0,27.0,0.0,0.0,0.0,0.0,0.0,"solar2_v,lipo2_v"
2021-10-30T16:00:00Z,29.0,29.0,,,0.0,0.0,,,,,,,,,,,4.031,4.029,4.032,,,,233.172,0.0,0.0,,,,,288.448,287.0,290.0,,,0.0,2227.0,2255.0,0.0,0.0,0.0,0.0,0.0,0.0,29.0,0.0,0.0,0.0,29.0,0.0,0.0,0.0,0.0,0.0,"solar2_v,lipo2_v"
2021-10-30T17:00:00Z,29.0,29.0,,,0.0,0.0,,,,,,,,,,,4.03,4.029,4.031,,,,233.276,0.0,0.0,,,,,287.0,287.0,287.0,,,0.0,2256.0,2284.0,0.0,0.0,0.0,0.0,0.0,0.0,29.0,0.0,0.0,0.0,29.0,0.0,0.0,0.0,0.0,0.0,"solar2_v,lipo2_v"
2021-10-30T18:00:00Z,28.0,28.0,,,0.0,0.0,,,,,,,,,,,4.03,4.029,4.032,,,,233.679,0.0,0.0,,,,,284.857,283.0,287.0,,,0.0,2285.0,2312.0,0.0,0.0,0.0,0.0,0.0,0.0,28.0,0.0,0.0,0.0,28.0,0.0,0.0,0.0,0.0,0.0,"solar2_v,lipo2_v"
2021-10-30T19:00:00Z,29.0,29.0,,,0.0,0.0,,,,,,,,,,,4.029,4.029,4.031,,,,234.207,0.0,0.0,,,,,281.103,280.0,284.0,,,0.0,2313.0,2341.0,0.0,0.0,0.0,0.0,0.0,0.0,29.0,0.0,0.0,0.0,29.0,0.0,0.0,0.0,0.0,0.0,"solar2_v,lipo2_v"
2021-10-30T20:00:00Z,29.0,29.0,,,0.0,0.0,,,,,,,,,,,4.029,4.027,4.031,,,,233.931,0.0,0.0,,,,,280.138,279.0,281.0,,,0.0,2342.0,2370.0,0.0,0.0,0.0,0.0,0.0,0.0,29.0,0.0,0.0,0.0,29.0,0.0,0.0,0.0,0.0,0.0,"solar2_v,lipo2_v"
2021-10-30T21:00:00Z,28.0,28.0,,,0.0,0.0,,,,,,,,,,,4.029,4.027,4.031,,,,233.964,0.0,0.0,,,,,280.286,277.0,281.0,,,0.0,2371.0,2398.0,0.0,0.0,0.0,0.0,0.0,0.0,28.0,0.0,0.0,0.0,28.0,0.0,0.0,0.0,0.0,0.0,"solar2_v,lipo2_v"
2021-10-30T22:00:00Z,29.0,29.0,,,0.0,0.0,,,,,,,,,,,4.029,4.027,4.031,,,,234.345,0.0,0.0,,,,,276.345,275.0,278.0,,,0.0,2399.0,2427.0,0.0,0.0,0.0,0.0,0.0,0.0,29.0,0.0,0.0,0.0,29.0,0.0,0.0,0.0,0.0,0.0,"solar2_v,lipo2_v"
2021-10-30T23:00:00Z,28.0,28.0,,,0.64,1.912,,,,,,,,,,,4.029,4.027,4.029,,,,233.5,0.0,0.0,,,,,287.857,276.0,316.0,,,0.0,2428.0,2455.0,0.0,18.0,0.0,0.0,0.0,0.0,28.0,0.0,0.0,0.0,28.0,0.0,0.0,0.0,0.0,0.0,"solar2_v,lipo2_v"
2021-10-31T00:00:00Z,28.0,28.0,,,2.131,3.427,,,,,,,,,,,4.03,4.029,4.031,,,,227.679,0.0,0.0,,,,,345.964,321.0,367.0,,,0.0,2456.0,2484.0,0.0,28.0,0.0,0.0,0.0,0.0,28.0,0.0,0.0,0.0,28.0,0.0,0.0,0.0,0.0,0.0,"solar2_v,lipo2_v"
2021-10-31T01:00:00Z,29.0,29.0,,,2.81,4.444,,,,,,,,,,,4.03,4.029,4.032,,,,224.724,0.0,0.0,,,,,378.448,367.0,413.0,,,0.0,2485.0,2513.0,0.0,29.0,0.0,0.0,0.0,0.0,29.0,0.0,0.0,0.0,29.0,0.0,0.0,0.0,0.0,0.0,"solar2_v,lipo2_v"
2021-10-31T02:00:00Z,28.0,28.0,,,4.096,5.197,,,,,,,,,,,4.031,4.029,4.032,,,,219.571,0.0,0.0,,,,,435.464,420.0,446.0,,,0.0,2514.0,2541.0,0.0,28.0,0.0,0.0,0.0,0.0,28.0,0.0,0.0,0.0,28.0,0.0,0.0,0.0,0.0,0.0,"solar2_v,lipo2_v"
2021-10-31T03:00:00Z,29.0,29.0,,,4.9,5.139,,,,,,,,,,,4.031,4.029,4.032,,,,217.759,0.0,0.0,,,,,458.931,436.0,473.0,,,0.0,2542.0,2570.0,0.0,29.0,0.0,0.0,0.0,0.0,29.0,0.0,0.0,0.0,29.0,0.0,0.0,0.0,0.0,0.0,"solar2_v,lipo2_v"
2021-10-31T04:00:00Z,29.0,29.0,,,4.508,5.223,,,,,,,,,,,4.031,4.029,4.032,,,,218.759,0.0,0.0,,,,,446.241,423.0,460.0,,,0.0,2571.0,2599.0,0.0,29.0,0.0,0.0,0.0,0.0,29.0,0.0,0.0,0.0,29.0,0.0,0.0,0.0,0.0,0.0,"solar2_v,lipo2_v"
2021-10-31T05:00:00Z,27.0,27.0,,,4.549,5.238,,,,,,,,,,,4.03,4.029,4.031,,,,220.741,0.0,0.0,,,,,423.185,407.0,438.0,,,0.0,2600.0,2627.0,0.0,27.0,0.0,0.0,0.0,0.0,27.0,0.0,0.0,0.0,27.0,0.0,0.0,0.0,0.0,0.0,"solar2_v,lipo2_v"
2021-10-31T06:00:00Z,29.0,29.0,,,4.595,5.156,,,,,,,,,,,4.03,4.029,4.031,,,,219.172,0.0,0.0,,,,,446.172,428.0,458.0,,,0.0,2628.0,2656.0,0.0,29.0,0.0,0.0,0.0,0.0,29.0,0.0,0.0,0.0,29.0,0.0,0.0,0.0,0.0,0.0,"solar2_v,lipo2_v"
2021-10-31T07:00:00Z,28.0,28.0,,,2.81,4.989,,,,,,,,,,,4.028,4.027,4.029,,,,222.464,0.0,0.0,,,,,404.214,369.0,446.0,,,0.0,2657.0,2684.0,0.0,28.0,0.0,0.0,0.0,0.0,28.0,0.0,0.0,0.0,28.0,0.0,0.0,0.0,0.0,0.0,"solar2_v,lipo2_v"
2021-10-31T08:00:00Z,28.0,28.0,,,0.845,2.125,,,,,,,,,,,4.027,4.027,4.029,,,,227.071,0.0,0.0,,,,,346.786,330.0,369.0,,,0.0,2685.0,2713.0,0.0,28.0,0.0,0.0,0.0,0.0,28.0,0.0,0.0,0.0,28.0,0.0,0.0,0.0,0.0,0.0,"solar2_v,lipo2_v"
2021-10-31T09:00:00Z,29.0,29.0,,,0.121,0.472,,,,,,,,,,,4.027,4.026,4.027,,,,229.414,0.0,0.0,,,,,324.207,318.0,329.0,,,0.0,2714.0,2742.0,0.0,9.0,0.0,0.0,0.0,0.0,29.0,0.0,0.0,0.0,29.0,0.0,0.0,0.0,0.0,0.0,"solar2_v,lipo2_v"
2021-10-31T10:00:00Z,28.0,28.0,,,0.0,0.0,,,,,,,,,,,4.027,4.026,4.027,,,,231.107,0.0,0.0,,,,,312.964,307.0,317.0,,,0.0,2743.0,2770.0,0.0,0.0,0.0,0.0,0.0,0.0,28.0,0.0,0.0,0.0,28.0,0.0,0.0,0.0,0.0,0.0,"solar2_v,lipo2_v"
2021-10-31T11:00:00Z,29.0,29.0,,,0.0,0.0,,,,,,,,,,,4.027,4.026,4.027,,,,231.862,0.0,0.0,,,,,303.724,301.0,307.0,,,0.0,2771.0,2799.0,0.0,0.0,0.0,0.0,0.0,0.0,29.0,0.0,0.0,0.0,29.0,0.0,0.0,0.0,0.0,0.0,"solar2_v,lipo2_v"
2021-10-31T12:00:00Z,23.0,23.0,,,0.0,0.0,,,,,,,,,,,4.026,4.026,4.027,,,,232.304,0.0,0.0,,,,,300.217,298.0,301.0,,,0.0,2800.0,2827.0,0.0,0.0,0.0,0.0,0.0,0.0,23.0,0.0,0.0,0.0,23.0,0.0,0.0,0.0,0.0,0.0,"solar2_v,lipo2_v"
2021-10-31T13:00:00Z,29.0,29.0,,,0.0,0.0,,,,,,,,,,,4.026,4.024,4.027,,,,232.759,0.0,0.0,,,,,295.621,294.0,297.0,,,0.0,2828.0,2856.0,0.0,0.0,0.0,0.0,0.0,0.0,29.0,0.0,0.0,0.0,29.0,0.0,0.0,0.0,0.0,0.0,"solar2_v,lipo2_v"
2021-10-31T14:00:00Z,29.0,29.0,,,0.0,0.0,,,,,,,,,,,4.026,4.024,4.027,,,,233.034,0.0,0.0,,,,,292.862,291.0,294.0,,,0.0,2857.0,2885.0,0.0,0.0,0.0,0.0,0.0,0.0,29.0,0.0,0.0,0.0,29.0,0.0,0.0,0.0,0.0,0.0,"solar2_v,lipo2_v"
2021-10-31T15:00:00Z,28.0,28.0,,,0.0,0.0,,,,,,,,,,,4.025,4.022,4.026,,,,233.071,0.0,0.0,,,,,290.571,289.0,291.0,,,0.0,2886.0,2913.0,0.0,0.0,0.0,0.0,0.0,0.0,28.0,0.0,0.0,0.0,28.0,0.0,0.0,0.0,0.0,0.0,"solar2_v,lipo2_v"
2021-10-31T16:00:00Z,29.0,29.0,,,0.0,0.0,,,,,,,,,,,4.024,4.022,4.026,,,,233.207,0.0,0.0,,,,,287.448,287.0,289.0,,,0.0,2914.0,2942.0,0.0,0.0,0.0,0.0,0.0,0.0,29.0,0.0,0.0,0.0,29.0,0.0,0.0,0.0,0.0,0.0,"solar2_v,lipo2_v"
2021-10-31T17:00:00Z,29.0,29.0,,,0.0,0.0,,,,,,,,,,,4.024,4.022,4.026,,,,233.379,0.0,0.0,,,,,286.345,285.0,287.0,,,0.0,2943.0,2971.0,0.0,0.0,0.0,0.0,0.0,0.0,29.0,0.0,0.0,0.0,29.0,0.0,0.0,0.0,0.0,0.0,"solar2_v,lipo2_v"
2021-10-31T18:00:00Z,28.0,28.0,,,0.0,0.0,,,,,,,,,,,4.024,4.021,4.026,,,,233.643,0.0,0.0,,,,,283.786,282.0,286.0,,,0.0,2972.0,2999.0,0.0,0.0,0.0,0.0,0.0,0.0,28.0,0.0,0.0,0.0,28.0,0.0,0.0,0.0,0.0,0.0,"solar2_v,lipo2_v"
2021-10-31T19:00:00Z,29.0,29.0,,,0.0,0.0,,,,,,,,,,,4.023,4.021,4.026,,,,233.655,0.0,0.0,,,,,281.103,280.0,282.0,,,0.0,3000.0,3028.0,0.0,0.0,0.0,0.0,0.0,0.0,29.0,0.0,0.0,0.0,29.0,0.0,0.0,0.0,0.0,0.0,"solar2_v,lipo2_v"
2021-10-31T20:00:00Z,29.0,29.0,,,0.0,0.0,,,,,,,,,,,4.022,4.021,4.024,,,,234.069,0.0,0.0,,,,,279.724,278.0,281.0,,,0.0,3029.0,3057.0,0.0,0.0,0.0,0.0,0.0,0.0,29.0,0.0,0.0,0.0,29.0,0.0,0.0,0.0,0.0,0.0,"solar2_v,lipo2_v"
2021-10-31T21:00:00Z,29.0,29.0,,,0.0,0.0,,,,,,,,,,,4.022,4.021,4.024,,,,233.897,0.0,0.0,,,,,278.276,277.0,280.0,,,0.0,3058.0,3086.0,0.0,0.0,0.0,0.0,0.0,0.0,29.0,0.0,0.0,0.0,29.0,0.0,0.0,0.0,0.0,0.0,"solar2_v,lipo2_v"
2021-10-31T22:00:00Z,26.0,26.0,,,0.0,0.0,,,,,,,,,,,4.021,4.019,4.022,,,,233.962,0.0,0.0,,,,,277.269,276.0,281.0,,,0.0,3087.0,3114.0,0.0,0.0,0.0,0.0,0.0,0.0,26.0,0.0,0.0,0.0,26.0,0.0,0.0,0.0,0.0,0.0,"solar2_v,lipo2_v"
2021-10-31T23:00:00Z,29.0,29.0,,,0.696,1.982,,,,,,,,,,,4.021,4.019,4.022,,,,232.793,0.0,0.0,,,,,292.276,277.0,327.0,,,0.0,3115.0,3143.0,0.0,22.0,0.0,0.0,0.0,0.0,29.0,0.0,0.0,0.0,29.0,0.0,0.0,0.0,0.0,0.0,"solar2_v,lipo2_v"
2021-11-01T00:00:00Z,28.0,28.0,,,2.004,3.501,,,,,,,,,,,4.022,4.021,4.024,,,,227.071,0.0,0.0,,,,,349.714,330.0,368.0,,,0.0,3144.0,3171.0,0.0,28.0,0.0,0.0,0.0,0.0,28.0,0.0,0.0,0.0,28.0,0.0,0.0,0.0,0.0,0.0,"solar2_v,lipo2_v"
2021-11-01T01:00:00Z,16.0,16.0,,,3.288,4.328,,,,,,,,,,,4.023,4.021,4.024,,,,222.75,0.0,0.0,,,,,398.875,370.0,435.0,,,0.0,3172.0,3199.0,0.0,16.0,0.0,0.0,0.0,0.0,16.0,0.0,0.0,0.0,16.0,0.0,0.0,0.0,0.0,0.0,"solar2_v,lipo2_v"
2021-11-01T02:00:00Z,22.0,22.0,,,3.551,4.992,,,,,,,,,,,4.023,4.022,4.024,,,,220.0,0.0,0.0,,,,,433.409,407.0,455.0,,,0.0,3201.0,3227.0,0.0,22.0,0.0,0.0,0.0,0.0,22.0,0.0,0.0,0.0,22.0,0.0,0.0,0.0,0.0,0.0,"solar2_v,lipo2_v"
2021-11-01T03:00:00Z,26.0,26.0,,,4.113,5.184,,,,,,,,,,,4.023,4.021,4.026,,,,219.5,0.0,0.0,,,,,439.692,410.0,463.0,,,0.0,3228.0,3255.0,0.0,26.0,0.0,0.0,0.0,0.0,26.0,0.0,0.0,0.0,26.0,0.0,0.0,0.0,0.0,0.0,"solar2_v,lipo2_v"
2021-11-01T04:00:00Z,29.0,29.0,,,3.834,5.349,,,,,,,,,,,4.023,4.021,4.026,,,,219.172,0.0,0.0,,,,,442.69,407.0,466.0,,,0.0,3256.0,3284.0,0.0,29.0,0.0,0.0,0.0,0.0,29.0,0.0,0.0,0.0,29.0,0.0,0.0,0.0,0.0,0.0,"solar2_v,lipo2_v"
2021-11-01T05:00:00Z,29.0,29.0,,,4.591,5.167,,,,,,,,,,,4.024,4.021,4.026,,,,216.759,0.0,0.0,,,,,473.103,447.0,487.0,,,0.0,3285.0,3313.0,0.0,29.0,0.0,0.0,0.0,0.0,29.0,0.0,0.0,0.0,29.0,0.0,0.0,0.0,0.0,0.0,"solar2_v,lipo2_v"
2021-11-01T06:00:00Z,28.0,28.0,,,4.392,5.246,,,,,,,,,,,4.022,4.021,4.024,,,,219.893,0.0,0.0,,,,,435.929,406.0,456.0,,,0.0,3314.0,3341.0,0.0,28.0,0.0,0.0,0.0,0.0,28.0,0.0,0.0,0.0,28.0,0.0,0.0,0.0,0.0,0.0,"solar2_v,lipo2_v"
2021-11-01T07:00:00Z,28.0,28.0,,,2.586,4.907,,,,,,,,,,,4.02,4.017,4.024,,,,221.857,0.0,0.0,,,,,418.964,369.0,470.0,,,0.0,3342.0,3370.0,0.0,28.0,0.0,0.0,0.0,0.0,28.0,0.0,0.0,0.0,28.0,0.0,0.0,0.0,0.0,0.0,"solar2_v,lipo2_v"
2021-11-01T08:00:00Z,26.0,26.0,,,1.417,2.02,,,,,,,,,,,4.017,4.016,4.019,,,,226.577,0.0,0.0,,,,,358.231,323.0,367.0,,,0.0,3371.0,3398.0,0.0,26.0,0.0,0.0,0.0,0.0,26.0,0.0,0.0,0.0,26.0,0.0,0.0,0.0,0.0,0.0,"solar2_v,lipo2_v"
2021-11-01T09:00:00Z,29.0,29.0,,,0.436,0.695,,,,,,,,,,,4.016,4.014,4.019,,,,230.345,0.0,0.0,,,,,317.414,312.0,322.0,,,0.0,3399.0,3427.0,0.0,23.0,0.0,0.0,0.0,0.0,29.0,0.0,0.0,0.0,29.0,0.0,0.0,0.0,0.0,0.0,"solar2_v,lipo2_v"
2021-11-01T10:00:00Z,29.0,29.0,,,0.0,0.0,,,,,,,,,,,4.014,4.012,4.017,,,,230.586,0.0,0.0,,,,,315.448,313.0,319.0,,,0.0,3428.0,3456.0,0.0,0.0,0.0,0.0,0.0,0.0,29.0,0.0,0.0,0.0,29.0,0.0,0.0,0.0,0.0,0.0,"solar2_v,lipo2_v"
2021-11-01T11:00:00Z,28.0,28.0,,,0.0,0.0,,,,,,,,,,,4.013,4.011,4.016,,,,231.143,0.0,0.0,,,,,313.929,313.0,314.0,,,0.0,3457.0,3484.0,0.0,0.0,0.0,0.0,0.0,0.0,28.0,0.0,0.0,0.0,28.0,0.0,0.0,0.0,0.0,0.0,"solar2_v,lipo2_v"
2021-11-01T12:00:00Z,29.0,29.0,,,0.0,0.0,,,,,,,,,,,4.013,4.012,4.016,,,,231.552,0.0,0.0,,,,,305.966,303.0,313.0,,,0.0,3485.0,3513.0,0.0,0.0,0.0,0.0,0.0,0.0,29.0,0.0,0.0,0.0,29.0,0.0,0.0,0.0,0.0,0.0,"solar2_v,lipo2_v"
2021-11-01T13:00:00Z,29.0,29.0,,,0.0,0.0,,,,,,,,,,,4.012,4.011,4.014,,,,232.138,0.0,0.0,,,,,302.552,301.0,304.0,,,0.0,3514.0,3542.0,0.0,0.0,0.0,0.0,0.0,0.0,29.0,0.0,0.0,0.0,29.0,0.0,0.0,0.0,0.0,0.0,"solar2_v,lipo2_v"
2021-11-01T14:00:00Z,28.0,28.0,,,0.0,0.0,,,,,,,,,,,4.01,4.007,4.012,,,,232.393,0.0,0.0,,,,,300.643,300.0,301.0,,,0.0,3543.0,3570.0,0.0,0.0,0.0,0.0,0.0,0.0,28.0,0.0,0.0,0.0,28.0,0.0,0.0,0.0,0.0,0.0,"solar2_v,lipo2_v"
2021-11-01T15:00:00Z,29.0,29.0,,,0.0,0.0,,,,,,,,,,,4.01,4.007,4.012,,,,233.069,0.0,0.0,,,,,296.655,296.0,300.0,,,0.0,3571.0,3599.0,0.0,0.0,0.0,0.0,0.0,0.0,29.0,0.0,0.0,0.0,29.0,0.0,0.0,0.0,0.0,0.0,"solar2_v,lipo2_v"
2021-11-01T16:00:00Z,27.0,27.0,,,0.0,0.0,,,,,,,,,,,4.008,4.007,4.011,,,,233.074,0.0,0.0,,,,,295.778,295.0,296.0,,,0.0,3600.0,3627.0,0.0,0.0,0.0,0.0,0.0,0.0,27.0,0.0,0.0,0.0,27.0,0.0,0.0,0.0,0.0,0.0,"solar2_v,lipo2_v"
2021-11-01T17:00:00Z,20.0,20.0,,,0.0,0.0,,,,,,,,,,,4.005,4.003,4.009,,,,233.0,0.0,0.0,,,,,295.6,292.0,300.0,,,0.0,3628.0,3655.0,0.0,0.0,0.0,0.0,0.0,0.0,20.0,0.0,0.0,0.0,20.0,0.0,0.0,0.0,0.0,0.0,"solar2_v,lipo2_v"
2021-11-01T18:00:00Z,20.0,20.0,,,0.0,0.0,,,,,,,,,,,4.004,4.003,4.006,,,,233.1,0.0,0.0,,,,,290.5,289.0,293.0,,,0.0,3656.0,3682.0,0.0,0.0,0.0,0.0,0.0,0.0,20.0,0.0,0.0,0.0,20.0,0.0,0.0,0.0,0.0,0.0,"solar2_v,lipo2_v"
2021-11-01T19:00:00Z,19.0,19.0,,,0.0,0.0,,,,,,,,,,,4.001,3.999,4.003,,,,233.211,0.0,0.0,,,,,288.0,286.0,291.0,,,0.0,3684.0,3711.0,0.0,0.0,0.0,0.0,0.0,0.0,19.0,0.0,0.0,0.0,19.0,0.0,0.0,0.0,0.0,0.0,"solar2_v,lipo2_v"
2021-11-01T20:00:00Z,28.0,28.0,,,0.0,0.0,,,,,,,,,,,4.0,3.999,4.001,,,,233.821,0.0,0.0,,,,,281.964,281.0,286.0,,,0.0,3712.0,3740.0,0.0,0.0,0.0,0.0,0.0,0.0,28.0,0.0,0.0,0.0,28.0,0.0,0.0,0.0,0.0,0.0,"solar2_v,lipo2_v"
2021-11-01T21:00:00Z,27.0,27.0,,,0.0,0.0,,,,,,,,,,,3.999,3.999,4.001,,,,233.519,0.0,0.0,,,,,279.667,277.0,281.0,,,0.0,3741.0,3769.0,0.0,0.0,0.0,0.0,0.0,0.0,27.0,0.0,0.0,0.0,27.0,0.0,0.0,0.0,0.0,0.0,"solar2_v,lipo2_v"
2021-11-01T22:00:00Z,27.0,27.0,,,0.0,0.0,,,,,,,,,,,3.998,3.998,3.999,,,,234.074,0.0,0.0,,,,,277.0,276.0,279.0,,,0.0,3770.0,3797.0,0.0,0.0,0.0,0.0,0.0,0.0,27.0,0.0,0.0,0.0,27.0,0.0,0.0,0.0,0.0,0.0,"solar2_v,lipo2_v"
2021-11-01T23:00:00Z,23.0,23.0,,,0.142,0.575,,,,,,,,,,,3.996,3.994,3.998,,,,233.478,0.0,0.0,,,,,284.087,280.0,289.0,,,0.0,3799.0,3825.0,0.0,7.0,0.0,0.0,0.0,0.0,23.0,0.0,0.0,0.0,23.0,0.0,0.0,0.0,0.0,0.0,"solar2_v,lipo2_v"
2021-11-02T00:00:00Z,26.0,26.0,,,1.696,2.998,,,,,,,,,,,3.995,3.993,3.998,,,,230.346,0.0,0.0,,,,,318.846,291.0,355.0,,,0.0,3826.0,3854.0,0.0,26.0,0.0,0.0,0.0,0.0,26.0,0.0,0.0,0.0,26.0,0.0,0.0,0.0,0.0,0.0,"solar2_v,lipo2_v"
2021-11-02T01:00:00Z,15.0,15.0,,,3.708,4.365,,,,,,,,,,,3.995,3.991,3.996,,,,223.333,0.0,0.0,,,,,396.533,358.0,442.0,,,0.0,3855.0,3882.0,0.0,15.0,0.0,0.0,0.0,0.0,15.0,0.0,0.0,0.0,15.0,0.0,0.0,0.0,0.0,0.0,"solar2_v,lipo2_v"
2021-11-02T02:00:00Z,8.0,8.0,,,4.648,4.948,,,,,,,,,,,3.994,3.993,3.996,,,,217.125,0.0,0.0,,,,,463.875,444.0,477.0,,,0.0,3884.0,3901.0,0.0,8.0,0.0,0.0,0.0,0.0,8.0,0.0,0.0,0.0,8.0,0.0,0.0,0.0,0.0,0.0,"solar2_v,lipo2_v"
2021-11-02T03:00:00Z,6.0,6.0,,,5.136,5.253,,,,,,,,,,,3.99,3.988,3.991,,,,215.833,0.0,0.0,,,,,473.167,462.0,479.0,,,0.0,3916.0,3935.0,0.0,6.0,0.0,0.0,0.0,0.0,6.0,0.0,0.0,0.0,6.0,0.0,0.0,0.0,0.0,0.0,"solar2_v,lipo2_v"
2021-11-02T04:00:00Z,29.0,29.0,,,5.038,5.141,,,,,,,,,,,3.988,3.984,3.989,,,,215.828,0.0,0.0,,,,,477.379,461.0,487.0,,,0.0,3936.0,3964.0,0.0,29.0,0.0,0.0,0.0,0.0,29.0,0.0,0.0,0.0,29.0,0.0,0.0,0.0,0.0,0.0,"solar2_v,lipo2_v"
2021-11-02T05:00:00Z,29.0,29.0,,,4.212,5.138,,,,,,,,,,,3.986,3.984,3.988,,,,215.552,0.0,0.0,,,,,478.517,458.0,487.0,,,0.0,3965.0,3993.0,0.0,29.0,0.0,0.0,0.0,0.0,29.0,0.0,0.0,0.0,29.0,0.0,0.0,0.0,0.0,0.0,"solar2_v,lipo2_v"
2021-11-02T06:00:00Z,27.0,27.0,,,4.278,5.236,,,,,,,,,,,3.983,3.981,3.986,,,,219.519,0.0,0.0,,,,,440.519,428.0,453.0,,,0.0,3994.0,4021.0,0.0,27.0,0.0,0.0,0.0,0.0,27.0,0.0,0.0,0.0,27.0,0.0,0.0,0.0,0.0,0.0,"solar2_v,lipo2_v"
2021-11-02T07:00:00Z,25.0,25.0,,,2.655,5.139,,,,,,,,,,,3.98,3.978,3.983,,,,221.12,0.0,0.0,,,,,419.56,380.0,457.0,,,0.0,4022.0,4050.0,0.0,25.0,0.0,0.0,0.0,0.0,25.0,0.0,0.0,0.0,25.0,0.0,0.0,0.0,0.0,0.0,"solar2_v,lipo2_v"
2021-11-02T08:00:00Z,29.0,29.0,,,1.111,1.607,,,,,,,,,,,3.978,3.976,3.979,,,,226.0,0.0,0.0,,,,,363.069,349.0,380.0,,,0.0,4051.0,4079.0,0.0,29.0,0.0,0.0,0.0,0.0,29.0,0.0,0.0,0.0,29.0,0.0,0.0,0.0,0.0,0.0,"solar2_v,lipo2_v"
2021-11-02T09:00:00Z,29.0,29.0,,,0.409,0.656,,,,,,,,,,,3.976,3.974,3.976,,,,228.345,0.0,0.0,,,,,335.931,327.0,348.0,,,0.0,4080.0,4108.0,0.0,24.0,0.0,0.0,0.0,0.0,29.0,0.0,0.0,0.0,29.0,0.0,0.0,0.0,0.0,0.0,"solar2_v,lipo2_v"
2021-11-02T10:00:00Z,25.0,25.0,,,0.0,0.0,,,,,,,,,,,3.974,3.974,3.976,,,,230.08,0.0,0.0,,,,,319.4,314.0,327.0,,,0.0,4109.0,4136.0,0.0,0.0,0.0,0.0,0.0,0.0,25.0,0.0,0.0,0.0,25.0,0.0,0.0,0.0,0.0,0.0,"solar2_v,lipo2_v"
2021-11-02T11:00:00Z,25.0,25.0,,,0.0,0.0,,,,,,,,,,,3.973,3.973,3.974,,,,230.92,0.0,0.0,,,,,312.6,310.0,314.0,,,0.0,4138.0,4164.0,0.0,0.0,0.0,0.0,0.0,0.0,25.0,0.0,0.0,0.0,25.0,0.0,0.0,0.0,0.0,0.0,"solar2_v,lipo2_v"
2021-11-02T12:00:00Z,29.0,29.0,,,0.0,0.0,,,,,,,,,,,3.972,3.97,3.973,,,,231.379,0.0,0.0,,,,,307.31,306.0,310.0,,,0.0,4165.0,4193.0,0.0,0.0,0.0,0.0,0.0,0.0,29.0,0.0,0.0,0.0,29.0,0.0,0.0,0.0,0.0,0.0,"solar2_v,lipo2_v"
2021-11-02T13:00:00Z,29.0,29.0,,,0.0,0.0,,,,,,,,,,,3.97,3.966,3.971,,,,231.897,0.0,0.0,,,,,304.276,301.0,308.0,,,0.0,4194.0,4222.0,0.0,0.0,0.0,0.0,0.0,0.0,29.0,0.0,0.0,0.0,29.0,0.0,0.0,0.0,0.0,0.0,"solar2_v,lipo2_v"
2021-11-02T14:00:00Z,28.0,28.0,,,0.0,0.0,,,,,,,,,,,3.967,3.965,3.97,,,,232.214,0.0,0.0,,,,,300.786,300.0,301.0,,,0.0,4223.0,4251.0,0.0,0.0,0.0,0.0,0.0,0.0,28.0,0.0,0.0,0.0,28.0,0.0,0.0,0.0,0.0,0.0,"solar2_v,lipo2_v"
2021-11-02T15:00:00Z,24.0,24.0,,,0.0,0.0,,,,,,,,,,,3.962,3.96,3.968,,,,232.25,0.0,0.0,,,,,299.792,297.0,301.0,,,0.0,4252.0,4279.0,0.0,0.0,0.0,0.0,0.0,0.0,24.0,0.0,0.0,0.0,24.0,0.0,0.0,0.0,0.0,0.0,"solar2_v,lipo2_v"
2021-11-02T16:00:00Z,29.0,29.0,,,0.0,0.0,,,,,,,,,,,3.958,3.955,3.961,,,,232.517,0.0,0.0,,,,,297.414,296.0,300.0,,,0.0,4280.0,4308.0,0.0,0.0,0.0,0.0,0.0,0.0,29.0,0.0,0.0,0.0,29.0,0.0,0.0,0.0,0.0,0.0,"solar2_v,lipo2_v"
2021-11-02T17:00:00Z,27.0,27.0,,,0.0,0.0,,,,,,,,,,,3.956,3.953,3.958,,,,232.963,0.0,0.0,,,,,294.333,292.0,297.0,,,0.0,4309.0,4336.0,0.0,0.0,0.0,0.0,0.0,0.0,27.0,0.0,0.0,0.0,27.0,0.0,0.0,0.0,0.0,0.0,"solar2_v,lipo2_v"
2021-11-02T18:00:00Z,29.0,29.0,,,0.0,0.0,,,,,,,,,,,3.954,3.951,3.956,,,,233.207,0.0,0.0,,,,,289.966,288.0,292.0,,,0.0,4337.0,4365.0,0.0,0.0,0.0,0.0,0.0,0.0,29.0,0.0,0.0,0.0,29.0,0.0,0.0,0.0,0.0,0.0,"solar2_v,lipo2_v"
2021-11-02T19:00:00Z,29.0,29.0,,,0.0,0.0,,,,,,,,,,,3.952,3.95,3.955,,,,233.172,0.0,0.0,,,,,287.276,287.0,289.0,,,0.0,4366.0,4394.0,0.0,0.0,0.0,0.0,0.0,0.0,29.0,0.0,0.0,0.0,29.0,0.0,0.0,0.0,0.0,0.0,"solar2_v,lipo2_v"
2021-11-02T20:00:00Z,29.0,29.0,,,0.0,0.0,,,,,,,,,,,3.949,3.946,3.951,,,,233.379,0.0,0.0,,,,,286.724,286.0,287.0,,,0.0,4395.0,4423.0,0.0,0.0,0.0,0.0,0.0,0.0,29.0,0.0,0.0,0.0,29.0,0.0,0.0,0.0,0.0,0.0,"solar2_v,lipo2_v"
2021-11-02T21:00:00Z,28.0,28.0,,,0.0,0.0,,,,,,,,,,,3.947,3.945,3.95,,,,233.429,0.0,0.0,,,,,282.857,281.0,286.0,,,0.0,4424.0,4451.0,0.0,0.0,0.0,0.0,0.0,0.0,28.0,0.0,0.0,0.0,28.0,0.0,0.0,0.0,0.0,0.0,"solar2_v,lipo2_v"
2021-11-02T22:00:00Z,29.0,29.0,,,0.0,0.0,,,,,,,,,,,3.945,3.943,3.946,,,,233.793,0.0,0.0,,,,,281.034,281.0,282.0,,,0.0,4452.0,4480.0,0.0,0.0,0.0,0.0,0.0,0.0,29.0,0.0,0.0,0.0,29.0,0.0,0.0,0.0,0.0,0.0,"solar2_v,lipo2_v"
2021-11-02T23:00:00Z,28.0,28.0,,,0.725,2.151,,,,,,,,,,,3.943,3.941,3.945,,,,232.536,0.0,0.0,,,,,295.857,281.0,327.0,,,0.0,4481.0,4509.0,0.0,22.0,0.0,0.0,0.0,0.0,28.0,0.0,0.0,0.0,28.0,0.0,0.0,0.0,0.0,0.0,"solar2_v,lipo2_v"
2021-11-03T00:00:00Z,27.0,27.0,,,2.147,3.475,,,,,,,,,,,3.944,3.941,3.945,,,,225.926,0.0,0.0,,,,,361.815,312.0,390.0,,,0.0,4510.0,4537.0,0.0,27.0,0.0,0.0,0.0,0.0,27.0,0.0,0.0,0.0,27.0,0.0,0.0,0.0,0.0,0.0,"solar2_v,lipo2_v"
2021-11-03T01:00:00Z,23.0,23.0,,,3.22,4.859,,,,,,,,,,,3.943,3.94,3.945,,,,222.391,0.0,0.0,,,,,406.261,390.0,437.0,,,0.0,4539.0,4565.0,0.0,23.0,0.0,0.0,0.0,0.0,23.0,0.0,0.0,0.0,23.0,0.0,0.0,0.0,0.0,0.0,"solar2_v,lipo2_v"
2021-11-03T02:00:00Z,25.0,25.0,,,4.573,4.888,,,,,,,,,,,3.941,3.94,3.945,,,,216.92,0.0,0.0,,,,,468.88,441.0,487.0,,,0.0,4566.0,4594.0,0.0,25.0,0.0,0.0,0.0,0.0,25.0,0.0,0.0,0.0,25.0,0.0,0.0,0.0,0.0,0.0,"solar2_v,lipo2_v"
2021-11-03T03:00:00Z,27.0,27.0,,,4.931,5.062,,,,,,,,,,,3.94,3.938,3.943,,,,216.481,0.0,0.0,,,,,470.778,460.0,477.0,,,0.0,4595.0,4622.0,0.0,27.0,0.0,0.0,0.0,0.0,27.0,0.0,0.0,0.0,27.0,0.0,0.0,0.0,0.0,0.0,"solar2_v,lipo2_v"
2021-11-03T04:00:00Z,29.0,29.0,,,4.889,4.962,,,,,,,,,,,3.937,3.935,3.94,,,,216.069,0.0,0.0,,,,,479.759,460.0,487.0,,,0.0,4623.0,4651.0,0.0,29.0,0.0,0.0,0.0,0.0,29.0,0.0,0.0,0.0,29.0,0.0,0.0,0.0,0.0,0.0,"solar2_v,lipo2_v"
2021-11-03T05:00:00Z,29.0,29.0,,,4.684,5.287,,,,,,,,,,,3.935,3.932,3.938,,,,216.655,0.0,0.0,,,,,470.207,455.0,488.0,,,0.0,4652.0,4680.0,0.0,29.0,0.0,0.0,0.0,0.0,29.0,0.0,0.0,0.0,29.0,0.0,0.0,0.0,0.0,0.0,"solar2_v,lipo2_v"
2021-11-03T06:00:00Z,29.0,29.0,,,4.225,5.011,,,,,,,,,,,3.932,3.93,3.935,,,,217.759,0.0,0.0,,,,,460.69,458.0,467.0,,,0.0,4681.0,4709.0,0.0,29.0,0.0,0.0,0.0,0.0,29.0,0.0,0.0,0.0,29.0,0.0,0.0,0.0,0.0,0.0,"solar2_v,lipo2_v"
2021-11-03T07:00:00Z,28.0,28.0,,,2.451,4.833,,,,,,,,,,,3.93,3.927,3.933,,,,221.321,0.0,0.0,,,,,417.679,379.0,467.0,,,0.0,4710.0,4737.0,0.0,28.0,0.0,0.0,0.0,0.0,28.0,0.0,0.0,0.0,28.0,0.0,0.0,0.0,0.0,0.0,"solar2_v,lipo2_v"
2021-11-03T08:00:00Z,29.0,29.0,,,1.273,1.863,,,,,,,,,,,3.925,3.923,3.927,,,,225.897,0.0,0.0,,,,,370.483,353.0,380.0,,,0.0,4738.0,4766.0,0.0,29.0,0.0,0.0,0.0,0.0,29.0,0.0,0.0,0.0,29.0,0.0,0.0,0.0,0.0,0.0,"solar2_v,lipo2_v"
2021-11-03T09:00:00Z,29.0,29.0,,,0.309,0.459,,,,,,,,,,,3.923,3.922,3.925,,,,228.0,0.0,0.0,,,,,341.034,330.0,352.0,,,0.0,4767.0,4795.0,0.0,23.0,0.0,0.0,0.0,0.0,29.0,0.0,0.0,0.0,29.0,0.0,0.0,0.0,0.0,0.0,"solar2_v,lipo2_v"
2021-11-03T10:00:00Z,22.0,22.0,,,0.0,0.0,,,,,,,,,,,3.922,3.922,3.923,,,,229.227,0.0,0.0,,,,,325.318,320.0,330.0,,,0.0,4796.0,4818.0,0.0,0.0,0.0,0.0,0.0,0.0,22.0,0.0,0.0,0.0,22.0,0.0,0.0,0.0,0.0,0.0,"solar2_v,lipo2_v"
2021-11-03T11:00:00Z,25.0,25.0,,,0.0,0.0,,,,,,,,,,,3.92,3.918,3.922,,,,230.52,0.0,0.0,,,,,314.96,313.0,321.0,,,0.0,4824.0,4851.0,0.0,0.0,0.0,0.0,0.0,0.0,25.0,0.0,0.0,0.0,25.0,0.0,0.0,0.0,0.0,0.0,"solar2_v,lipo2_v"
2021-11-03T12:00:00Z,29.0,29.0,,,0.0,0.0,,,,,,,,,,,3.917,3.915,3.92,,,,230.966,0.0,0.0,,,,,311.793,307.0,314.0,,,0.0,4852.0,4880.0,0.0,0.0,0.0,0.0,0.0,0.0,29.0,0.0,0.0,0.0,29.0,0.0,0.0,0.0,0.0,0.0,"solar2_v,lipo2_v"
2021-11-03T13:00:00Z,28.0,28.0,,,0.0,0.0,,,,,,,,,,,3.915,3.913,3.918,,,,231.679,0.0,0.0,,,,,306.071,305.0,307.0,,,0.0,4881.0,4908.0,0.0,0.0,0.0,0.0,0.0,0.0,28.0,0.0,0.0,0.0,28.0,0.0,0.0,0.0,0.0,0.0,"solar2_v,lipo2_v"
2021-11-03T14:00:00Z,29.0,29.0,,,0.0,0.0,,,,,,,,,,,3.913,3.91,3.915,,,,231.621,0.0,0.0,,,,,306.034,306.0,307.0,,,0.0,4909.0,4937.0,0.0,0.0,0.0,0.0,0.0,0.0,29.0,0.0,0.0,0.0,29.0,0.0,0.0,0.0,0.0,0.0,"solar2_v,lipo2_v"
2021-11-03T15:00:00Z,29.0,29.0,,,0.0,0.0,,,,,,,,,,,3.912,3.908,3.913,,,,231.862,0.0,0.0,,,,,304.103,301.0,306.0,,,0.0,4938.0,4966.0,0.0,0.0,0.0,0.0,0.0,0.0,29.0,0.0,0.0,0.0,29.0,0.0,0.0,0.0,0.0,0.0,"solar2_v,lipo2_v"
2021-11-03T16:00:00Z,28.0,28.0,,,0.0,0.0,,,,,,,,,,,3.909,3.907,3.912,,,,233.25,0.0,0.0,,,,,289.5,275.0,301.0,,,0.0,4967.0,4994.0,0.0,0.0,0.0,0.0,0.0,0.0,28.0,0.0,0.0,0.0,28.0,0.0,0.0,0.0,0.0,0.0,"solar2_v,lipo2_v"
2021-11-03T17:00:00Z,27.0,27.0,,,0.0,0.0,,,,,,,,,,,3.907,3.905,3.908,,,,234.148,0.0,0.0,,,,,278.148,275.0,284.0,,,0.0,4995.0,5023.0,0.0,0.0,0.0,0.0,0.0,0.0,27.0,0.0,0.0,0.0,27.0,0.0,0.0,0.0,0.0,0.0,"solar2_v,lipo2_v"
2021-11-03T18:00:00Z,29.0,29.0,,,0.0,0.0,,,,,,,,,,,3.905,3.904,3.907,,,,234.034,0.0,0.0,,,,,278.345,277.0,280.0,,,0.0,5024.0,5052.0,0.0,0.0,0.0,0.0,0.0,0.0,29.0,0.0,0.0,0.0,29.0,0.0,0.0,0.0,0.0,0.0,"solar2_v,lipo2_v"
2021-11-03T19:00:00Z,28.0,28.0,,,0.0,0.0,,,,,,,,,,,3.904,3.9,3.907,,,,233.929,0.0,0.0,,,,,280.393,279.0,281.0,,,0.0,5053.0,5080.0,0.0,0.0,0.0,0.0,0.0,0.0,28.0,0.0,0.0,0.0,28.0,0.0,0.0,0.0,0.0,0.0,"solar2_v,lipo2_v"
2021-11-03T20:00:00Z,29.0,29.0,,,0.0,0.0,,,,,,,,,,,3.901,3.899,3.902,,,,234.069,0.0,0.0,,,,,281.414,281.0,284.0,,,0.0,5081.0,5109.0,0.0,0.0,0.0,0.0,0.0,0.0,29.0,0.0,0.0,0.0,29.0,0.0,0.0,0.0,0.0,0.0,"solar2_v,lipo2_v"
2021-11-03T21:00:00Z,29.0,29.0,,,0.0,0.0,,,,,,,,,,,3.899,3.897,3.902,,,,233.897,0.0,0.0,,,,,280.69,278.0,283.0,,,0.0,5110.0,5138.0,0.0,0.0,0.0,0.0,0.0,0.0,29.0,0.0,0.0,0.0,29.0,0.0,0.0,0.0,0.0,0.0,"solar2_v,lipo2_v"
2021-11-03T22:00:00Z,28.0,28.0,,,0.0,0.0,,,,,,,,,,,3.898,3.897,3.9,,,,234.179,0.0,0.0,,,,,277.679,277.0,279.0,,,0.0,5139.0,5166.0,0.0,0.0,0.0,0.0,0.0,0.0,28.0,0.0,0.0,0.0,28.0,0.0,0.0,0.0,0.0,0.0,"solar2_v,lipo2_v"
2021-11-03T23:00:00Z,29.0,29.0,,,0.741,2.255,,,,,,,,,,,3.898,3.895,3.899,,,,232.724,0.0,0.0,,,,,292.69,279.0,334.0,,,0.0,5167.0,5195.0,0.0,20.0,0.0,0.0,0.0,0.0,29.0,0.0,0.0,0.0,29.0,0.0,0.0,0.0,0.0,0.0,"solar2_v,lipo2_v"
2021-11-04T00:00:00Z,27.0,27.0,,,2.662,4.459,,,,,,,,,,,3.9,3.897,3.902,,,,226.222,0.0,0.0,,,,,363.0,340.0,383.0,,,0.0,5196.0,5223.0,0.0,27.0,0.0,0.0,0.0,0.0,27.0,0.0,0.0,0.0,27.0,0.0,0.0,0.0,0.0,0.0,"solar2_v,lipo2_v"
2021-11-04T01:00:00Z,29.0,29.0,,,3.913,4.995,,,,,,,,,,,3.901,3.899,3.904,,,,223.138,0.0,0.0,,,,,395.207,380.0,423.0,,,0.0,5224.0,5252.0,0.0,29.0,0.0,0.0,0.0,0.0,29.0,0.0,0.0,0.0,29.0,0.0,0.0,0.0,0.0,0.0,"solar2_v,lipo2_v"
2021-11-04T02:00:00Z,29.0,29.0,,,4.725,5.194,,,,,,,,,,,3.902,3.9,3.904,,,,219.172,0.0,0.0,,,,,438.379,427.0,453.0,,,0.0,5253.0,5281.0,0.0,29.0,0.0,0.0,0.0,0.0,29.0,0.0,0.0,0.0,29.0,0.0,0.0,0.0,0.0,0.0,"solar2_v,lipo2_v"
2021-11-04T03:00:00Z,28.0,28.0,,,4.803,5.346,,,,,,,,,,,3.901,3.9,3.904,,,,219.071,0.0,0.0,,,,,446.464,433.0,460.0,,,0.0,5282.0,5309.0,0.0,28.0,0.0,0.0,0.0,0.0,28.0,0.0,0.0,0.0,28.0,0.0,0.0,0.0,0.0,0.0,"solar2_v,lipo2_v"
2021-11-04T04:00:00Z,29.0,29.0,,,4.537,5.431,,,,,,,,,,,3.899,3.897,3.902,,,,219.138,0.0,0.0,,,,,439.414,421.0,456.0,,,0.0,5310.0,5338.0,0.0,29.0,0.0,0.0,0.0,0.0,29.0,0.0,0.0,0.0,29.0,0.0,0.0,0.0,0.0,0.0,"solar2_v,lipo2_v"
2021-11-04T05:00:00Z,29.0,29.0,,,3.498,5.405,,,,,,,,,,,3.897,3.895,3.899,,,,223.241,0.0,0.0,,,,,396.655,378.0,425.0,,,0.0,5339.0,5367.0,0.0,29.0,0.0,0.0,0.0,0.0,29.0,0.0,0.0,0.0,29.0,0.0,0.0,0.0,0.0,0.0,"solar2_v,lipo2_v"
2021-11-04T06:00:00Z,28.0,28.0,,,4.955,5.167,,,,,,,,,,,3.897,3.895,3.899,,,,219.393,0.0,0.0,,,,,438.857,420.0,460.0,,,0.0,5368.0,5395.0,0.0,28.0,0.0,0.0,0.0,0.0,28.0,0.0,0.0,0.0,28.0,0.0,0.0,0.0,0.0,0.0,"solar2_v,lipo2_v"
2021-11-04T07:00:00Z,29.0,29.0,,,2.544,5.136,,,,,,,,,,,3.895,3.894,3.899,,,,222.793,0.0,0.0,,,,,395.862,356.0,450.0,,,0.0,5396.0,5424.0,0.0,29.0,0.0,0.0,0.0,0.0,29.0,0.0,0.0,0.0,29.0,0.0,0.0,0.0,0.0,0.0,"solar2_v,lipo2_v"
2021-11-04T08:00:00Z,29.0,29.0,,,1.254,1.772,,,,,,,,,,,3.894,3.892,3.894,,,,226.724,0.0,0.0,,,,,353.345,343.0,357.0,,,0.0,5425.0,5453.0,0.0,29.0,0.0,0.0,0.0,0.0,29.0,0.0,0.0,0.0,29.0,0.0,0.0,0.0,0.0,0.0,"solar2_v,lipo2_v"
2021-11-04T09:00:00Z,29.0,29.0,,,0.598,0.851,,,,,,,,,,,3.892,3.89,3.894,,,,228.241,0.0,0.0,,,,,334.517,328.0,342.0,,,0.0,5454.0,5482.0,0.0,29.0,0.0,0.0,0.0,0.0,29.0,0.0,0.0,0.0,29.0,0.0,0.0,0.0,0.0,0.0,"solar2_v,lipo2_v"
2021-11-04T10:00:00Z,28.0,28.0,,,0.012,0.349,,,,,,,,,,,3.89,3.887,3.892,,,,229.821,0.0,0.0,,,,,321.107,315.0,327.0,,,0.0,5483.0,5510.0,0.0,1.0,0.0,0.0,0.0,0.0,28.0,0.0,0.0,0.0,28.0,0.0,0.0,0.0,0.0,0.0,"solar2_v,lipo2_v"
2021-11-04T11:00:00Z,29.0,29.0,,,0.0,0.0,,,,,,,,,,,3.888,3.885,3.89,,,,231.172,0.0,0.0,,,,,312.103,308.0,314.0,,,0.0,5511.0,5539.0,0.0,0.0,0.0,0.0,0.0,0.0,29.0,0.0,0.0,0.0,29.0,0.0,0.0,0.0,0.0,0.0,"solar2_v,lipo2_v"
2021-11-04T12:00:00Z,28.0,28.0,,,0.0,0.0,,,,,,,,,,,3.887,3.885,3.889,,,,231.357,0.0,0.0,,,,,304.179,301.0,307.0,,,0.0,5540.0,5568.0,0.0,0.0,0.0,0.0,0.0,0.0,28.0,0.0,0.0,0.0,28.0,0.0,0.0,0.0,0.0,0.0,"solar2_v,lipo2_v"
2021-11-04T13:00:00Z,27.0,27.0,,,0.0,0.0,,,,,,,,,,,3.886,3.884,3.889,,,,232.037,0.0,0.0,,,,,300.778,300.0,301.0,,,0.0,5569.0,5597.0,0.0,0.0,0.0,0.0,0.0,0.0,27.0,0.0,0.0,0.0,27.0,0.0,0.0,0.0,0.0,0.0,"solar2_v,lipo2_v"
2021-11-04T14:00:00Z,28.0,28.0,,,0.0,0.0,,,,,,,,,,,3.884,3.882,3.887,,,,232.429,0.0,0.0,,,,,297.464,296.0,300.0,,,0.0,5598.0,5625.0,0.0,0.0,0.0,0.0,0.0,0.0,28.0,0.0,0.0,0.0,28.0,0.0,0.0,0.0,0.0,0.0,"solar2_v,lipo2_v"
2021-11-04T15:00:00Z,29.0,29.0,,,0.0,0.0,,,,,,,,,,,3.883,3.88,3.885,,,,232.828,0.0,0.0,,,,,293.931,293.0,296.0,,,0.0,5626.0,5654.0,0.0,0.0,0.0,0.0,0.0,0.0,29.0,0.0,0.0,0.0,29.0,0.0,0.0,0.0,0.0,0.0,"solar2_v,lipo2_v"
2021-11-04T16:00:00Z,29.0,29.0,,,0.0,0.0,,,,,,,,,,,3.882,3.88,3.885,,,,233.103,0.0,0.0,,,,,292.241,291.0,294.0,,,0.0,5655.0,5683.0,0.0,0.0,0.0,0.0,0.0,0.0,29.0,0.0,0.0,0.0,29.0,0.0,0.0,0.0,0.0,0.0,"solar2_v,lipo2_v"
2021-11-04T17:00:00Z,29.0,29.0,,,0.0,0.0,,,,,,,,,,,3.88,3.879,3.884,,,,233.276,0.0,0.0,,,,,288.759,287.0,291.0,,,0.0,5684.0,5712.0,0.0,0.0,0.0,0.0,0.0,0.0,29.0,0.0,0.0,0.0,29.0,0.0,0.0,0.0,0.0,0.0,"solar2_v,lipo2_v"
2021-11-04T18:00:00Z,28.0,28.0,,,0.0,0.0,,,,,,,,,,,3.88,3.879,3.88,,,,233.25,0.0,0.0,,,,,286.893,286.0,287.0,,,0.0,5713.0,5740.0,0.0,0.0,0.0,0.0,0.0,0.0,28.0,0.0,0.0,0.0,28.0,0.0,0.0,0.0,0.0,0.0,"solar2_v,lipo2_v"
2021-11-04T19:00:00Z,29.0,29.0,,,0.0,0.0,,,,,,,,,,,3.879,3.877,3.882,,,,233.379,0.0,0.0,,,,,286.069,286.0,287.0,,,0.0,5741.0,5769.0,0.0,0.0,0.0,0.0,0.0,0.0,29.0,0.0,0.0,0.0,29.0,0.0,0.0,0.0,0.0,0.0,"solar2_v,lipo2_v"
2021-11-04T20:00:00Z,29.0,29.0,,,0.0,0.0,,,,,,,,,,,3.879,3.877,3.88,,,,233.276,0.0,0.0,,,,,285.793,284.0,286.0,,,0.0,5770.0,5798.0,0.0,0.0,0.0,0.0,0.0,0.0,29.0,0.0,0.0,0.0,29.0,0.0,0.0,0.0,0.0,0.0,"solar2_v,lipo2_v"
2021-11-04T21:00:00Z,23.0,23.0,,,0.0,0.0,,,,,,,,,,,3.877,3.875,3.879,,,,233.652,0.0,0.0,,,,,284.652,283.0,287.0,,,0.0,5799.0,5826.0,0.0,0.0,0.0,0.0,0.0,0.0,23.0,0.0,0.0,0.0,23.0,0.0,0.0,0.0,0.0,0.0,"solar2_v,lipo2_v"
2021-11-04T22:00:00Z,16.0,16.0,,,0.0,0.0,,,,,,,,,,,3.876,3.874,3.877,,,,233.688,0.0,0.0,,,,,286.75,286.0,287.0,,,0.0,5828.0,5853.0,0.0,0.0,0.0,0.0,0.0,0.0,16.0,0.0,0.0,0.0,16.0,0.0,0.0,0.0,0.0,0.0,"solar2_v,lipo2_v"
2021-11-04T23:00:00Z,28.0,28.0,,,0.229,0.916,,,,,,,,,,,3.875,3.874,3.877,,,,233.179,0.0,0.0,,,,,288.143,286.0,299.0,,,0.0,5854.0,5881.0,0.0,11.0,0.0,0.0,0.0,0.0,28.0,0.0,0.0,0.0,28.0,0.0,0.0,0.0,0.0,0.0,"solar2_v,lipo2_v"
2021-11-05T00:00:00Z,29.0,29.0,,,1.69,3.517,,,,,,,,,,,3.876,3.874,3.879,,,,229.724,0.0,0.0,,,,,306.897,270.0,354.0,,,0.0,5882.0,5910.0,0.0,29.0,0.0,0.0,0.0,0.0,29.0,0.0,0.0,0.0,29.0,0.0,0.0,0.0,0.0,0.0,"solar2_v,lipo2_v"
2021-11-05T01:00:00Z,25.0,25.0,,,3.229,4.774,,,,,,,,,,,3.879,3.877,3.88,,,,225.12,0.0,0.0,,,,,372.4,355.0,403.0,,,0.0,5911.0,5938.0,0.0,25.0,0.0,0.0,0.0,0.0,25.0,0.0,0.0,0.0,25.0,0.0,0.0,0.0,0.0,0.0,"solar2_v,lipo2_v"
2021-11-05T02:00:00Z,27.0,27.0,,,4.33,4.933,,,,,,,,,,,3.884,3.88,3.887,,,,218.222,0.0,0.0,,,,,447.037,407.0,472.0,,,0.0,5939.0,5967.0,0.0,27.0,0.0,0.0,0.0,0.0,27.0,0.0,0.0,0.0,27.0,0.0,0.0,0.0,0.0,0.0,"solar2_v,lipo2_v"
2021-11-05T03:00:00Z,28.0,28.0,,,4.347,4.962,,,,,,,,,,,3.884,3.882,3.887,,,,216.286,0.0,0.0,,,,,473.786,438.0,481.0,,,0.0,5968.0,5995.0,0.0,28.0,0.0,0.0,0.0,0.0,28.0,0.0,0.0,0.0,28.0,0.0,0.0,0.0,0.0,0.0,"solar2_v,lipo2_v"
2021-11-05T04:00:00Z,29.0,29.0,,,3.856,5.153,,,,,,,,,,,3.881,3.88,3.884,,,,220.345,0.0,0.0,,,,,429.517,408.0,446.0,,,0.0,5996.0,6024.0,0.0,29.0,0.0,0.0,0.0,0.0,29.0,0.0,0.0,0.0,29.0,0.0,0.0,0.0,0.0,0.0,"solar2_v,lipo2_v"
2021-11-05T05:00:00Z,29.0,29.0,,,3.136,5.01,,,,,,,,,,,3.88,3.877,3.882,,,,221.897,0.0,0.0,,,,,406.828,363.0,457.0,,,0.0,6025.0,6053.0,0.0,29.0,0.0,0.0,0.0,0.0,29.0,0.0,0.0,0.0,29.0,0.0,0.0,0.0,0.0,0.0,"solar2_v,lipo2_v"
2021-11-05T06:00:00Z,28.0,28.0,,,3.202,5.11,,,,,,,,,,,3.878,3.877,3.879,,,,223.964,0.0,0.0,,,,,384.0,367.0,411.0,,,0.0,6054.0,6081.0,0.0,28.0,0.0,0.0,0.0,0.0,28.0,0.0,0.0,0.0,28.0,0.0,0.0,0.0,0.0,0.0,"solar2_v,lipo2_v"
2021-11-05T07:00:00Z,28.0,28.0,,,3.137,4.697,,,,,,,,,,,3.877,3.874,3.879,,,,224.143,0.0,0.0,,,,,384.643,366.0,398.0,,,0.0,6082.0,6110.0,0.0,28.0,0.0,0.0,0.0,0.0,28.0,0.0,0.0,0.0,28.0,0.0,0.0,0.0,0.0,0.0,"solar2_v,lipo2_v"
2021-11-05T08:00:00Z,28.0,28.0,,,1.487,2.235,,,,,,,,,,,3.875,3.874,3.877,,,,226.75,0.0,0.0,,,,,354.464,344.0,366.0,,,0.0,6111.0,6138.0,0.0,28.0,0.0,0.0,0.0,0.0,28.0,0.0,0.0,0.0,28.0,0.0,0.0,0.0,0.0,0.0,"solar2_v,lipo2_v"
2021-11-05T09:00:00Z,29.0,29.0,,,0.495,0.892,,,,,,,,,,,3.874,3.872,3.875,,,,228.414,0.0,0.0,,,,,333.207,326.0,343.0,,,0.0,6139.0,6167.0,0.0,25.0,0.0,0.0,0.0,0.0,29.0,0.0,0.0,0.0,29.0,0.0,0.0,0.0,0.0,0.0,"solar2_v,lipo2_v"
2021-11-05T10:00:00Z,27.0,27.0,,,0.0,0.0,,,,,,,,,,,3.872,3.871,3.874,,,,230.259,0.0,0.0,,,,,316.593,312.0,326.0,,,0.0,6168.0,6196.0,0.0,0.0,0.0,0.0,0.0,0.0,27.0,0.0,0.0,0.0,27.0,0.0,0.0,0.0,0.0,0.0,"solar2_v,lipo2_v"
2021-11-05T11:00:00Z,23.0,23.0,,,0.0,0.0,,,,,,,,,,,3.871,3.871,3.872,,,,230.913,0.0,0.0,,,,,308.348,306.0,311.0,,,0.0,6197.0,6224.0,0.0,0.0,0.0,0.0,0.0,0.0,23.0,0.0,0.0,0.0,23.0,0.0,0.0,0.0,0.0,0.0,"solar2_v,lipo2_v"
2021-11-05T12:00:00Z,22.0,22.0,,,0.0,0.0,,,,,,,,,,,3.871,3.871,3.872,,,,231.727,0.0,0.0,,,,,303.273,301.0,306.0,,,0.0,6225.0,6252.0,0.0,0.0,0.0,0.0,0.0,0.0,22.0,0.0,0.0,0.0,22.0,0.0,0.0,0.0,0.0,0.0,"solar2_v,lipo2_v"
2021-11-05T13:00:00Z,22.0,22.0,,,0.0,0.0,,,,,,,,,,,3.87,3.869,3.871,,,,232.409,0.0,0.0,,,,,299.909,297.0,301.0,,,0.0,6253.0,6280.0,0.0,0.0,0.0,0.0,0.0,0.0,22.0,0.0,0.0,0.0,22.0,0.0,0.0,0.0,0.0,0.0,"solar2_v,lipo2_v"
2021-11-05T14:00:00Z,21.0,21.0,,,0.0,0.0,,,,,,,,,,,3.869,3.869,3.871,,,,232.905,0.0,0.0,,,,,292.905,291.0,296.0,,,0.0,6282.0,6309.0,0.0,0.0,0.0,0.0,0.0,0.0,21.0,0.0,0.0,0.0,21.0,0.0,0.0,0.0,0.0,0.0,"solar2_v,lipo2_v"
2021-11-05T15:00:00Z,24.0,24.0,,,0.0,0.0,,,,,,,,,,,3.869,3.867,3.869,,,,233.292,0.0,0.0,,,,,289.333,286.0,292.0,,,0.0,6310.0,6337.0,0.0,0.0,0.0,0.0,0.0,0.0,24.0,0.0,0.0,0.0,24.0,0.0,0.0,0.0,0.0,0.0,"solar2_v,lipo2_v"
2021-11-05T16:00:00Z,27.0,27.0,,,0.0,0.0,,,,,,,,,,,3.869,3.869,3.869,,,,233.111,0.0,0.0,,,,,286.889,284.0,288.0,,,0.0,6338.0,6366.0,0.0,0.0,0.0,0.0,0.0,0.0,27.0,0.0,0.0,0.0,27.0,0.0,0.0,0.0,0.0,0.0,"solar2_v,lipo2_v"
2021-11-05T17:00:00Z,28.0,28.0,,,0.0,0.0,,,,,,,,,,,3.868,3.867,3.869,,,,233.429,0.0,0.0,,,,,286.464,286.0,287.0,,,0.0,6367.0,6394.0,0.0,0.0,0.0,0.0,0.0,0.0,28.0,0.0,0.0,0.0,28.0,0.0,0.0,0.0,0.0,0.0,"solar2_v,lipo2_v"
2021-11-05T18:00:00Z,29.0,29.0,,,0.0,0.0,,,,,,,,,,,3.868,3.867,3.869,,,,233.414,0.0,0.0,,,,,284.931,282.0,286.0,,,0.0,6395.0,6423.0,0.0,0.0,0.0,0.0,0.0,0.0,29.0,0.0,0.0,0.0,29.0,0.0,0.0,0.0,0.0,0.0,"solar2_v,lipo2_v"
2021-11-05T19:00:00Z,29.0,29.0,,,0.0,0.0,,,,,,,,,,,3.867,3.866,3.869,,,,233.448,0.0,0.0,,,,,281.414,280.0,284.0,,,0.0,6424.0,6452.0,0.0,0.0,0.0,0.0,0.0,0.0,29.0,0.0,0.0,0.0,29.0,0.0,0.0,0.0,0.0,0.0,"solar2_v,lipo2_v"
2021-11-05T20:00:00Z,28.0,28.0,,,0.0,0.0,,,,,,,,,,,3.867,3.866,3.867,,,,233.75,0.0,0.0,,,,,279.071,277.0,280.0,,,0.0,6453.0,6480.0,0.0,0.0,0.0,0.0,0.0,0.0,28.0,0.0,0.0,0.0,28.0,0.0,0.0,0.0,0.0,0.0,"solar2_v,lipo2_v"
2021-11-05T21:00:00Z,29.0,29.0,,,0.0,0.0,,,,,,,,,,,3.865,3.864,3.867,,,,234.103,0.0,0.0,,,,,277.034,277.0,278.0,,,0.0,6481.0,6509.0,0.0,0.0,0.0,0.0,0.0,0.0,29.0,0.0,0.0,0.0,29.0,0.0,0.0,0.0,0.0,0.0,"solar2_v,lipo2_v"
2021-11-05T22:00:00Z,28.0,28.0,,,0.0,0.0,,,,,,,,,,,3.864,3.862,3.866,,,,233.821,0.0,0.0,,,,,276.179,274.0,278.0,,,0.0,6510.0,6537.0,0.0,0.0,0.0,0.0,0.0,0.0,28.0,0.0,0.0,0.0,28.0,0.0,0.0,0.0,0.0,0.0,"solar2_v,lipo2_v"
2021-11-05T23:00:00Z,29.0,29.0,,,0.529,1.914,,,,,,,,,,,3.864,3.862,3.866,,,,233.586,0.0,0.0,,,,,285.931,274.0,316.0,,,0.0,6538.0,6566.0,0.0,17.0,0.0,0.0,0.0,0.0,29.0,0.0,0.0,0.0,29.0,0.0,0.0,0.0,0.0,0.0,"solar2_v,lipo2_v"
2021-11-06T00:00:00Z,29.0,29.0,,,2.717,4.188,,,,,,,,,,,3.866,3.862,3.867,,,,226.276,0.0,0.0,,,,,352.379,311.0,367.0,,,0.0,6567.0,6595.0,0.0,29.0,0.0,0.0,0.0,0.0,29.0,0.0,0.0,0.0,29.0,0.0,0.0,0.0,0.0,0.0,"solar2_v,lipo2_v"
2021-11-06T01:00:00Z,27.0,27.0,,,3.699,4.747,,,,,,,,,,,3.867,3.866,3.869,,,,224.185,0.0,0.0,,,,,383.185,366.0,419.0,,,0.0,6596.0,6623.0,0.0,27.0,0.0,0.0,0.0,0.0,27.0,0.0,0.0,0.0,27.0,0.0,0.0,0.0,0.0,0.0,"solar2_v,lipo2_v"
2021-11-06T02:00:00Z,28.0,28.0,,,4.496,4.854,,,,,,,,,,,3.869,3.867,3.869,,,,218.107,0.0,0.0,,,,,453.893,420.0,479.0,,,0.0,6624.0,6652.0,0.0,28.0,0.0,0.0,0.0,0.0,28.0,0.0,0.0,0.0,28.0,0.0,0.0,0.0,0.0,0.0,"solar2_v,lipo2_v"
2021-11-06T03:00:00Z,26.0,26.0,,,4.93,5.031,,,,,,,,,,,3.869,3.867,3.869,,,,215.423,0.0,0.0,,,,,486.115,481.0,487.0,,,0.0,6653.0,6680.0,0.0,26.0,0.0,0.0,0.0,0.0,26.0,0.0,0.0,0.0,26.0,0.0,0.0,0.0,0.0,0.0,"solar2_v,lipo2_v"
2021-11-06T04:00:00Z,28.0,28.0,,,4.772,5.123,,,,,,,,,,,3.867,3.866,3.869,,,,216.607,0.0,0.0,,,,,469.643,459.0,480.0,,,0.0,6681.0,6709.0,0.0,28.0,0.0,0.0,0.0,0.0,28.0,0.0,0.0,0.0,28.0,0.0,0.0,0.0,0.0,0.0,"solar2_v,lipo2_v"
2021-11-06T05:00:00Z,26.0,26.0,,,4.405,5.049,,,,,,,,,,,3.866,3.864,3.867,,,,216.269,0.0,0.0,,,,,474.0,460.0,486.0,,,0.0,6710.0,6737.0,0.0,26.0,0.0,0.0,0.0,0.0,26.0,0.0,0.0,0.0,26.0,0.0,0.0,0.0,0.0,0.0,"solar2_v,lipo2_v"
2021-11-06T06:00:00Z,24.0,24.0,,,4.2,5.128,,,,,,,,,,,3.865,3.862,3.867,,,,217.167,0.0,0.0,,,,,464.208,436.0,487.0,,,0.0,6738.0,6765.0,0.0,24.0,0.0,0.0,0.0,0.0,24.0,0.0,0.0,0.0,24.0,0.0,0.0,0.0,0.0,0.0,"solar2_v,lipo2_v"
2021-11-06T07:00:00Z,27.0,27.0,,,2.34,4.851,,,,,,,,,,,3.862,3.857,3.866,,,,221.889,0.0,0.0,,,,,410.111,374.0,473.0,,,0.0,6766.0,6794.0,0.0,27.0,0.0,0.0,0.0,0.0,27.0,0.0,0.0,0.0,27.0,0.0,0.0,0.0,0.0,0.0,"solar2_v,lipo2_v"
2021-11-06T08:00:00Z,27.0,27.0,,,1.013,1.218,,,,,,,,,,,3.858,3.856,3.861,,,,226.074,0.0,0.0,,,,,361.741,354.0,372.0,,,0.0,6795.0,6822.0,0.0,27.0,0.0,0.0,0.0,0.0,27.0,0.0,0.0,0.0,27.0,0.0,0.0,0.0,0.0,0.0,"solar2_v,lipo2_v"
2021-11-06T09:00:00Z,25.0,25.0,,,0.567,0.943,,,,,,,,,,,3.855,3.854,3.857,,,,227.56,0.0,0.0,,,,,343.28,330.0,353.0,,,0.0,6824.0,6851.0,0.0,19.0,0.0,0.0,0.0,0.0,25.0,0.0,0.0,0.0,25.0,0.0,0.0,0.0,0.0,0.0,"solar2_v,lipo2_v"
2021-11-06T10:00:00Z,27.0,27.0,,,0.0,0.0,,,,,,,,,,,3.854,3.852,3.856,,,,229.333,0.0,0.0,,,,,323.074,313.0,329.0,,,0.0,6852.0,6879.0,0.0,0.0,0.0,0.0,0.0,0.0,27.0,0.0,0.0,0.0,27.0,0.0,0.0,0.0,0.0,0.0,"solar2_v,lipo2_v"
2021-11-06T11:00:00Z,27.0,27.0,,,0.0,0.0,,,,,,,,,,,3.852,3.851,3.854,,,,230.481,0.0,0.0,,,,,312.63,284.0,315.0,,,0.0,6880.0,6907.0,0.0,0.0,0.0,0.0,0.0,0.0,27.0,0.0,0.0,0.0,27.0,0.0,0.0,0.0,0.0,0.0,"solar2_v,lipo2_v"
2021-11-06T12:00:00Z,24.0,24.0,,,0.0,0.0,,,,,,,,,,,3.85,3.847,3.852,,,,231.208,0.0,0.0,,,,,308.708,306.0,312.0,,,0.0,6909.0,6936.0,0.0,0.0,0.0,0.0,0.0,0.0,24.0,0.0,0.0,0.0,24.0,0.0,0.0,0.0,0.0,0.0,"solar2_v,lipo2_v"
2021-11-06T13:00:00Z,23.0,23.0,,,0.0,0.0,,,,,,,,,,,3.848,3.847,3.851,,,,231.783,0.0,0.0,,,,,291.0,246.0,306.0,,,0.0,6937.0,6963.0,0.0,0.0,0.0,0.0,0.0,0.0,23.0,0.0,0.0,0.0,23.0,0.0,0.0,0.0,0.0,0.0,"solar2_v,lipo2_v"
2021-11-06T14:00:00Z,25.0,25.0,,,0.0,0.0,,,,,,,,,,,3.846,3.844,3.849,,,,231.84,0.0,0.0,,,,,300.96,287.0,307.0,,,0.0,6965.0,6992.0,0.0,0.0,0.0,0.0,0.0,0.0,25.0,0.0,0.0,0.0,25.0,0.0,0.0,0.0,0.0,0.0,"solar2_v,lipo2_v"
2021-11-06T15:00:00Z,27.0,27.0,,,0.0,0.0,,,,,,,,,,,3.845,3.842,3.847,,,,232.074,0.0,0.0,,,,,299.778,296.0,301.0,,,0.0,6993.0,7021.0,0.0,0.0,0.0,0.0,0.0,0.0,27.0,0.0,0.0,0.0,27.0,0.0,0.0,0.0,0.0,0.0,"solar2_v,lipo2_v"
2021-11-06T16:00:00Z,25.0,25.0,,,0.0,0.0,,,,,,,,,,,3.843,3.841,3.846,,,,232.88,0.0,0.0,,,,,294.52,293.0,296.0,,,0.0,7022.0,7049.0,0.0,0.0,0.0,0.0,0.0,0.0,25.0,0.0,0.0,0.0,25.0,0.0,0.0,0.0,0.0,0.0,"solar2_v,lipo2_v"
2021-11-06T17:00:00Z,28.0,28.0,,,0.0,0.0,,,,,,,,,,,3.841,3.839,3.844,,,,233.071,0.0,0.0,,,,,291.821,290.0,297.0,,,0.0,7050.0,7077.0,0.0,0.0,0.0,0.0,0.0,0.0,28.0,0.0,0.0,0.0,28.0,0.0,0.0,0.0,0.0,0.0,"solar2_v,lipo2_v"
2021-11-06T18:00:00Z,29.0,29.0,,,0.0,0.0,,,,,,,,,,,3.841,3.839,3.842,,,,232.828,0.0,0.0,,,,,292.103,290.0,294.0,,,0.0,7078.0,7106.0,0.0,0.0,0.0,0.0,0.0,0.0,29.0,0.0,0.0,0.0,29.0,0.0,0.0,0.0,0.0,0.0,"solar2_v,lipo2_v"
2021-11-06T19:00:00Z,29.0,29.0,,,0.0,0.0,,,,,,,,,,,3.84,3.838,3.841,,,,232.931,0.0,0.0,,,,,291.241,289.0,293.0,,,0.0,7107.0,7135.0,0.0,0.0,0.0,0.0,0.0,0.0,29.0,0.0,0.0,0.0,29.0,0.0,0.0,0.0,0.0,0.0,"solar2_v,lipo2_v"
2021-11-06T20:00:00Z,28.0,28.0,,,0.0,0.0,,,,,,,,,,,3.839,3.838,3.841,,,,233.107,0.0,0.0,,,,,288.607,288.0,290.0,,,0.0,7136.0,7163.0,0.0,0.0,0.0,0.0,0.0,0.0,28.0,0.0,0.0,0.0,28.0,0.0,0.0,0.0,0.0,0.0,"solar2_v,lipo2_v"
2021-11-06T21:00:00Z,29.0,29.0,,,0.0,0.0,,,,,,,,,,,3.837,3.834,3.839,,,,233.379,0.0,0.0,,,,,283.069,246.0,288.0,,,0.0,7164.0,7192.0,0.0,0.0,0.0,0.0,0.0,0.0,29.0,0.0,0.0,0.0,29.0,0.0,0.0,0.0,0.0,0.0,"solar2_v,lipo2_v"
2021-11-06T22:00:00Z,27.0,27.0,,,0.0,0.0,,,,,,,,,,,3.837,3.836,3.838,,,,233.444,0.0,0.0,,,,,254.963,245.0,262.0,,,0.0,7193.0,7220.0,0.0,0.0,0.0,0.0,0.0,0.0,27.0,0.0,0.0,0.0,27.0,0.0,0.0,0.0,0.0,0.0,"solar2_v,lipo2_v"
2021-11-06T23:00:00Z,29.0,29.0,,,0.695,1.794,,,,,,,,,,,3.835,3.833,3.836,,,,232.069,0.0,0.0,,,,,260.931,226.0,321.0,,,0.0,7221.0,7249.0,0.0,24.0,0.0,0.0,0.0,0.0,29.0,0.0,0.0,0.0,29.0,0.0,0.0,0.0,0.0,0.0,"solar2_v,lipo2_v"
2021-11-07T00:00:00Z,28.0,28.0,,,2.159,3.936,,,,,,,,,,,3.837,3.836,3.839,,,,227.286,0.0,0.0,,,,,333.071,257.0,366.0,,,0.0,7250.0,7277.0,0.0,28.0,0.0,0.0,0.0,0.0,28.0,0.0,0.0,0.0,28.0,0.0,0.0,0.0,0.0,0.0,"solar2_v,lipo2_v"
2021-11-07T01:00:00Z,26.0,26.0,,,2.33,4.693,,,,,,,,,,,3.836,3.834,3.839,,,,227.115,0.0,0.0,,,,,345.462,326.0,379.0,,,0.0,7278.0,7306.0,0.0,26.0,0.0,0.0,0.0,0.0,26.0,0.0,0.0,0.0,26.0,0.0,0.0,0.0,0.0,0.0,"solar2_v,lipo2_v"
2021-11-07T02:00:00Z,29.0,29.0,,,4.257,5.048,,,,,,,,,,,3.838,3.834,3.841,,,,220.379,0.0,0.0,,,,,422.966,382.0,447.0,,,0.0,7307.0,7335.0,0.0,29.0,0.0,0.0,0.0,0.0,29.0,0.0,0.0,0.0,29.0,0.0,0.0,0.0,0.0,0.0,"solar2_v,lipo2_v"
2021-11-07T03:00:00Z,28.0,28.0,,,4.102,5.308,,,,,,,,,,,3.836,3.834,3.839,,,,221.75,0.0,0.0,,,,,411.357,385.0,435.0,,,0.0,7336.0,7363.0,0.0,28.0,0.0,0.0,0.0,0.0,28.0,0.0,0.0,0.0,28.0,0.0,0.0,0.0,0.0,0.0,"solar2_v,lipo2_v"
2021-11-07T04:00:00Z,29.0,29.0,,,4.542,5.171,,,,,,,,,,,3.837,3.836,3.838,,,,217.828,0.0,0.0,,,,,464.793,439.0,473.0,,,0.0,7364.0,7392.0,0.0,29.0,0.0,0.0,0.0,0.0,29.0,0.0,0.0,0.0,29.0,0.0,0.0,0.0,0.0,0.0,"solar2_v,lipo2_v"
2021-11-07T05:00:00Z,28.0,28.0,,,3.821,5.323,,,,,,,,,,,3.836,3.834,3.839,,,,219.214,0.0,0.0,,,,,439.821,413.0,462.0,,,0.0,7393.0,7420.0,0.0,28.0,0.0,0.0,0.0,0.0,28.0,0.0,0.0,0.0,28.0,0.0,0.0,0.0,0.0,0.0,"solar2_v,lipo2_v"
2021-11-07T06:00:00Z,27.0,27.0,,,1.823,3.412,,,,,,,,,,,3.833,3.829,3.836,,,,224.333,0.0,0.0,,,,,377.222,354.0,428.0,,,0.0,7421.0,7449.0,0.0,27.0,0.0,0.0,0.0,0.0,27.0,0.0,0.0,0.0,27.0,0.0,0.0,0.0,0.0,0.0,"solar2_v,lipo2_v"
2021-11-07T07:00:00Z,29.0,29.0,,,1.644,2.719,,,,,,,,,,,3.83,3.828,3.833,,,,226.897,0.0,0.0,,,,,351.414,340.0,367.0,,,0.0,7450.0,7478.0,0.0,29.0,0.0,0.0,0.0,0.0,29.0,0.0,0.0,0.0,29.0,0.0,0.0,0.0,0.0,0.0,"solar2_v,lipo2_v"
2021-11-07T08:00:00Z,28.0,28.0,,,1.021,1.287,,,,,,,,,,,3.828,3.826,3.829,,,,228.321,0.0,0.0,,,,,334.429,328.0,340.0,,,0.0,7479.0,7506.0,0.0,28.0,0.0,0.0,0.0,0.0,28.0,0.0,0.0,0.0,28.0,0.0,0.0,0.0,0.0,0.0,"solar2_v,lipo2_v"
2021-11-07T09:00:00Z,29.0,29.0,,,0.55,0.706,,,,,,,,,,,3.826,3.824,3.828,,,,228.345,0.0,0.0,,,,,326.931,323.0,329.0,,,0.0,7507.0,7535.0,0.0,28.0,0.0,0.0,0.0,0.0,29.0,0.0,0.0,0.0,29.0,0.0,0.0,0.0,0.0,0.0,"solar2_v,lipo2_v"
2021-11-07T10:00:00Z,29.0,29.0,,,0.0,0.0,,,,,,,,,,,3.825,3.823,3.828,,,,230.138,0.0,0.0,,,,,312.621,296.0,322.0,,,0.0,7536.0,7564.0,0.0,0.0,0.0,0.0,0.0,0.0,29.0,0.0,0.0,0.0,29.0,0.0,0.0,0.0,0.0,0.0,"solar2_v,lipo2_v"
2021-11-07T11:00:00Z,28.0,28.0,,,0.0,0.0,,,,,,,,,,,3.823,3.821,3.824,,,,231.571,0.0,0.0,,,,,293.929,246.0,306.0,,,0.0,7565.0,7592.0,0.0,0.0,0.0,0.0,0.0,0.0,28.0,0.0,0.0,0.0,28.0,0.0,0.0,0.0,0.0,0.0,"solar2_v,lipo2_v"
2021-11-07T12:00:00Z,27.0,27.0,,,0.0,0.0,,,,,,,,,,,3.822,3.819,3.824,,,,232.148,0.0,0.0,,,,,257.185,245.0,274.0,,,0.0,7593.0,7621.0,0.0,0.0,0.0,0.0,0.0,0.0,27.0,0.0,0.0,0.0,27.0,0.0,0.0,0.0,0.0,0.0,"solar2_v,lipo2_v"
2021-11-07T13:00:00Z,26.0,26.0,,,0.0,0.0,,,,,,,,,,,3.821,3.819,3.823,,,,232.269,0.0,0.0,,,,,262.385,255.0,289.0,,,0.0,7622.0,7649.0,0.0,0.0,0.0,0.0,0.0,0.0,26.0,0.0,0.0,0.0,26.0,0.0,0.0,0.0,0.0,0.0,"solar2_v,lipo2_v"
2021-11-07T14:00:00Z,26.0,26.0,,,0.0,0.0,,,,,,,,,,,3.819,3.818,3.821,,,,231.962,0.0,0.0,,,,,283.038,263.0,297.0,,,0.0,7650.0,7677.0,0.0,0.0,0.0,0.0,0.0,0.0,26.0,0.0,0.0,0.0,26.0,0.0,0.0,0.0,0.0,0.0,"solar2_v,lipo2_v"
2021-11-07T15:00:00Z,28.0,28.0,,,0.0,0.0,,,,,,,,,,,3.818,3.818,3.819,,,,232.571,0.0,0.0,,,,,295.143,293.0,296.0,,,0.0,7678.0,7706.0,0.0,0.0,0.0,0.0,0.0,0.0,28.0,0.0,0.0,0.0,28.0,0.0,0.0,0.0,0.0,0.0,"solar2_v,lipo2_v"
2021-11-07T16:00:00Z,25.0,25.0,,,0.0,0.0,,,,,,,,,,,3.818,3.818,3.818,,,,232.72,0.0,0.0,,,,,294.44,293.0,296.0,,,0.0,7707.0,7734.0,0.0,0.0,0.0,0.0,0.0,0.0,25.0,0.0,0.0,0.0,25.0,0.0,0.0,0.0,0.0,0.0,"solar2_v,lipo2_v"
2021-11-07T17:00:00Z,13.0,13.0,,,0.0,0.0,,,,,,,,,,,3.817,3.816,3.818,,,,232.615,0.0,0.0,,,,,294.923,294.0,297.0,,,0.0,7736.0,7753.0,0.0,0.0,0.0,0.0,0.0,0.0,13.0,0.0,0.0,0.0,13.0,0.0,0.0,0.0,0.0,0.0,"solar2_v,lipo2_v"
2021-11-07T18:00:00Z,23.0,23.0,,,0.0,0.0,,,,,,,,,,,3.816,3.816,3.816,,,,232.957,0.0,0.0,,,,,292.087,290.0,295.0,,,0.0,7767.0,7789.0,0.0,0.0,0.0,0.0,0.0,0.0,23.0,0.0,0.0,0.0,23.0,0.0,0.0,0.0,0.0,0.0,"solar2_v,lipo2_v"
2021-11-07T19:00:00Z,29.0,29.0,,,0.0,0.0,,,,,,,,,,,3.816,3.814,3.816,,,,233.138,0.0,0.0,,,,,288.793,287.0,290.0,,,0.0,7790.0,7818.0,0.0,0.0,0.0,0.0,0.0,0.0,29.0,0.0,0.0,0.0,29.0,0.0,0.0,0.0,0.0,0.0,"solar2_v,lipo2_v"
2021-11-07T20:00:00Z,28.0,28.0,,,0.0,0.0,,,,,,,,,,,3.815,3.814,3.816,,,,233.179,0.0,0.0,,,,,287.0,287.0,287.0,,,0.0,7819.0,7846.0,0.0,0.0,0.0,0.0,0.0,0.0,28.0,0.0,0.0,0.0,28.0,0.0,0.0,0.0,0.0,0.0,"solar2_v,lipo2_v"
2021-11-07T21:00:00Z,29.0,29.0,,,0.0,0.0,,,,,,,,,,,3.814,3.814,3.816,,,,233.31,0.0,0.0,,,,,286.414,286.0,287.0,,,0.0,7847.0,7875.0,0.0,0.0,0.0,0.0,0.0,0.0,29.0,0.0,0.0,0.0,29.0,0.0,0.0,0.0,0.0,0.0,"solar2_v,lipo2_v"
2021-11-07T22:00:00Z,29.0,29.0,,,0.0,0.0,,,,,,,,,,,3.814,3.811,3.814,,,,233.414,0.0,0.0,,,,,286.241,286.0,287.0,,,0.0,7876.0,7904.0,0.0,0.0,0.0,0.0,0.0,0.0,29.0,0.0,0.0,0.0,29.0,0.0,0.0,0.0,0.0,0.0,"solar2_v,lipo2_v"
2021-11-07T23:00:00Z,28.0,28.0,,,0.617,1.615,,,,,,,,,,,3.813,3.811,3.814,,,,232.286,0.0,0.0,,,,,298.25,287.0,317.0,,,0.0,7905.0,7932.0,0.0,24.0,0.0,0.0,0.0,0.0,28.0,0.0,0.0,0.0,28.0,0.0,0.0,0.0,0.0,0.0,"solar2_v,lipo2_v"
2021-11-08T00:00:00Z,29.0,29.0,,,1.993,3.268,,,,,,,,,,,3.813,3.811,3.814,,,,227.414,0.0,0.0,,,,,335.966,271.0,358.0,,,0.0,7933.0,7961.0,0.0,29.0,0.0,0.0,0.0,0.0,29.0,0.0,0.0,0.0,29.0,0.0,0.0,0.0,0.0,0.0,"solar2_v,lipo2_v"
2021-11-08T01:00:00Z,26.0,26.0,,,3.563,4.656,,,,,,,,,,,3.814,3.811,3.816,,,,223.192,0.0,0.0,,,,,389.808,333.0,424.0,,,0.0,7962.0,7989.0,0.0,26.0,0.0,0.0,0.0,0.0,26.0,0.0,0.0,0.0,26.0,0.0,0.0,0.0,0.0,0.0,"solar2_v,lipo2_v"
2021-11-08T02:00:00Z,22.0,22.0,,,4.716,5.438,,,,,,,,,,,3.815,3.814,3.816,,,,219.0,0.0,0.0,,,,,433.545,412.0,446.0,,,0.0,7990.0,8017.0,0.0,22.0,0.0,0.0,0.0,0.0,22.0,0.0,0.0,0.0,22.0,0.0,0.0,0.0,0.0,0.0,"solar2_v,lipo2_v"
2021-11-08T03:00:00Z,29.0,29.0,,,5.037,5.38,,,,,,,,,,,3.814,3.814,3.816,,,,218.655,0.0,0.0,,,,,443.448,419.0,460.0,,,0.0,8018.0,8046.0,0.0,29.0,0.0,0.0,0.0,0.0,29.0,0.0,0.0,0.0,29.0,0.0,0.0,0.0,0.0,0.0,"solar2_v,lipo2_v"
2021-11-08T04:00:00Z,27.0,27.0,,,4.936,5.464,,,,,,,,,,,3.814,3.813,3.816,,,,218.63,0.0,0.0,,,,,439.185,427.0,451.0,,,0.0,8047.0,8074.0,0.0,27.0,0.0,0.0,0.0,0.0,27.0,0.0,0.0,0.0,27.0,0.0,0.0,0.0,0.0,0.0,"solar2_v,lipo2_v"
2021-11-08T05:00:00Z,29.0,29.0,,,4.578,5.22,,,,,,,,,,,3.814,3.811,3.816,,,,218.034,0.0,0.0,,,,,452.483,446.0,462.0,,,0.0,8075.0,8103.0,0.0,29.0,0.0,0.0,0.0,0.0,29.0,0.0,0.0,0.0,29.0,0.0,0.0,0.0,0.0,0.0,"solar2_v,lipo2_v"
2021-11-08T06:00:00Z,28.0,28.0,,,4.938,5.23,,,,,,,,,,,3.813,3.811,3.814,,,,217.893,0.0,0.0,,,,,453.5,441.0,464.0,,,0.0,8104.0,8132.0,0.0,28.0,0.0,0.0,0.0,0.0,28.0,0.0,0.0,0.0,28.0,0.0,0.0,0.0,0.0,0.0,"solar2_v,lipo2_v"
2021-11-08T07:00:00Z,27.0,27.0,,,1.573,4.418,,,,,,,,,,,3.81,3.806,3.813,,,,223.407,0.0,0.0,,,,,391.296,357.0,450.0,,,0.0,8133.0,8160.0,0.0,27.0,0.0,0.0,0.0,0.0,27.0,0.0,0.0,0.0,27.0,0.0,0.0,0.0,0.0,0.0,"solar2_v,lipo2_v"
2021-11-08T08:00:00Z,28.0,28.0,,,0.555,0.752,,,,,,,,,,,3.807,3.805,3.809,,,,227.071,0.0,0.0,,,,,350.536,344.0,356.0,,,0.0,8161.0,8189.0,0.0,28.0,0.0,0.0,0.0,0.0,28.0,0.0,0.0,0.0,28.0,0.0,0.0,0.0,0.0,0.0,"solar2_v,lipo2_v"
2021-11-08T09:00:00Z,28.0,28.0,,,0.159,0.413,,,,,,,,,,,3.805,3.803,3.808,,,,228.357,0.0,0.0,,,,,338.893,332.0,344.0,,,0.0,8190.0,8217.0,0.0,12.0,0.0,0.0,0.0,0.0,28.0,0.0,0.0,0.0,28.0,0.0,0.0,0.0,0.0,0.0,"solar2_v,lipo2_v"
2021-11-08T10:00:00Z,29.0,29.0,,,0.0,0.0,,,,,,,,,,,3.803,3.801,3.805,,,,229.0,0.0,0.0,,,,,326.172,322.0,331.0,,,0.0,8218.0,8246.0,0.0,0.0,0.0,0.0,0.0,0.0,29.0,0.0,0.0,0.0,29.0,0.0,0.0,0.0,0.0,0.0,"solar2_v,lipo2_v"
2021-11-08T11:00:00Z,26.0,26.0,,,0.0,0.0,,,,,,,,,,,3.801,3.798,3.803,,,,229.962,0.0,0.0,,,,,317.038,313.0,325.0,,,0.0,8247.0,8274.0,0.0,0.0,0.0,0.0,0.0,0.0,26.0,0.0,0.0,0.0,26.0,0.0,0.0,0.0,0.0,0.0,"solar2_v,lipo2_v"
2021-11-08T12:00:00Z,27.0,27.0,,,0.0,0.0,,,,,,,,,,,3.798,3.796,3.8,,,,231.074,0.0,0.0,,,,,300.37,272.0,314.0,,,0.0,8275.0,8303.0,0.0,0.0,0.0,0.0,0.0,0.0,27.0,0.0,0.0,0.0,27.0,0.0,0.0,0.0,0.0,0.0,"solar2_v,lipo2_v"
2021-11-08T13:00:00Z,27.0,27.0,,,0.0,0.0,,,,,,,,,,,3.796,3.795,3.798,,,,231.519,0.0,0.0,,,,,302.074,300.0,305.0,,,0.0,8304.0,8331.0,0.0,0.0,0.0,0.0,0.0,0.0,27.0,0.0,0.0,0.0,27.0,0.0,0.0,0.0,0.0,0.0,"solar2_v,lipo2_v"
2021-11-08T14:00:00Z,28.0,28.0,,,0.0,0.0,,,,,,,,,,,3.794,3.793,3.795,,,,232.107,0.0,0.0,,,,,300.214,299.0,301.0,,,0.0,8332.0,8359.0,0.0,0.0,0.0,0.0,0.0,0.0,28.0,0.0,0.0,0.0,28.0,0.0,0.0,0.0,0.0,0.0,"solar2_v,lipo2_v"
2021-11-08T15:00:00Z,29.0,29.0,,,0.0,0.0,,,,,,,,,,,3.793,3.791,3.795,,,,232.448,0.0,0.0,,,,,299.103,298.0,300.0,,,0.0,8360.0,8388.0,0.0,0.0,0.0,0.0,0.0,0.0,29.0,0.0,0.0,0.0,29.0,0.0,0.0,0.0,0.0,0.0,"solar2_v,lipo2_v"
2021-11-08T16:00:00Z,29.0,29.0,,,0.0,0.0,,,,,,,,,,,3.791,3.79,3.793,,,,232.862,0.0,0.0,,,,,295.207,293.0,297.0,,,0.0,8389.0,8417.0,0.0,0.0,0.0,0.0,0.0,0.0,29.0,0.0,0.0,0.0,29.0,0.0,0.0,0.0,0.0,0.0,"solar2_v,lipo2_v"
2021-11-08T17:00:00Z,28.0,28.0,,,0.0,0.0,,,,,,,,,,,3.791,3.79,3.791,,,,232.964,0.0,0.0,,,,,292.679,292.0,293.0,,,0.0,8418.0,8445.0,0.0,0.0,0.0,0.0,0.0,0.0,28.0,0.0,0.0,0.0,28.0,0.0,0.0,0.0,0.0,0.0,"solar2_v,lipo2_v"
2021-11-08T18:00:00Z,28.0,28.0,,,0.0,0.0,,,,,,,,,,,3.79,3.788,3.791,,,,232.821,0.0,0.0,,,,,293.321,291.0,295.0,,,0.0,8446.0,8474.0,0.0,0.0,0.0,0.0,0.0,0.0,28.0,0.0,0.0,0.0,28.0,0.0,0.0,0.0,0.0,0.0,"solar2_v,lipo2_v"
2021-11-08T19:00:00Z,28.0,28.0,,,0.0,0.0,,,,,,,,,,,3.788,3.786,3.79,,,,233.0,0.0,0.0,,,,,290.429,289.0,293.0,,,0.0,8475.0,8502.0,0.0,0.0,0.0,0.0,0.0,0.0,28.0,0.0,0.0,0.0,28.0,0.0,0.0,0.0,0.0,0.0,"solar2_v,lipo2_v"
2021-11-08T20:00:00Z,29.0,29.0,,,0.0,0.0,,,,,,,,,,,3.786,3.783,3.788,,,,233.345,0.0,0.0,,,,,288.0,286.0,289.0,,,0.0,8503.0,8531.0,0.0,0.0,0.0,0.0,0.0,0.0,29.0,0.0,0.0,0.0,29.0,0.0,0.0,0.0,0.0,0.0,"solar2_v,lipo2_v"
2021-11-08T21:00:00Z,28.0,28.0,,,0.0,0.0,,,,,,,,,,,3.783,3.781,3.785,,,,233.036,0.0,0.0,,,,,283.464,281.0,286.0,,,0.0,8532.0,8559.0,0.0,0.0,0.0,0.0,0.0,0.0,28.0,0.0,0.0,0.0,28.0,0.0,0.0,0.0,0.0,0.0,"solar2_v,lipo2_v"
2021-11-08T22:00:00Z,29.0,29.0,,,0.0,0.0,,,,,,,,,,,3.781,3.78,3.783,,,,233.586,0.0,0.0,,,,,279.931,273.0,281.0,,,0.0,8560.0,8588.0,0.0,0.0,0.0,0.0,0.0,0.0,29.0,0.0,0.0,0.0,29.0,0.0,0.0,0.0,0.0,0.0,"solar2_v,lipo2_v"
2021-11-08T23:00:00Z,29.0,29.0,,,0.43,1.571,,,,,,,,,,,3.779,3.776,3.781,,,,233.034,0.0,0.0,,,,,290.414,282.0,303.0,,,0.0,8589.0,8617.0,0.0,20.0,0.0,0.0,0.0,0.0,29.0,0.0,0.0,0.0,29.0,0.0,0.0,0.0,0.0,0.0,"solar2_v,lipo2_v"
2021-11-09T00:00:00Z,28.0,28.0,,,1.506,2.474,,,,,,,,,,,3.777,3.776,3.78,,,,228.75,0.0,0.0,,,,,317.286,282.0,353.0,,,0.0,8618.0,8645.0,0.0,28.0,0.0,0.0,0.0,0.0,28.0,0.0,0.0,0.0,28.0,0.0,0.0,0.0,0.0,0.0,"solar2_v,lipo2_v"
2021-11-09T01:00:00Z,17.0,17.0,,,2.084,4.806,,,,,,,,,,,3.771,3.768,3.776,,,,226.882,0.0,0.0,,,,,340.529,324.0,362.0,,,0.0,8646.0,8667.0,0.0,17.0,0.0,0.0,0.0,0.0,17.0,0.0,0.0,0.0,17.0,0.0,0.0,0.0,0.0,0.0,"solar2_v,lipo2_v"
2021-11-09T02:00:00Z,19.0,19.0,,,1.754,2.251,,,,,,,,,,,3.766,3.763,3.768,,,,226.737,0.0,0.0,,,,,350.947,341.0,357.0,,,0.0,8672.0,8698.0,0.0,19.0,0.0,0.0,0.0,0.0,19.0,0.0,0.0,0.0,19.0,0.0,0.0,0.0,0.0,0.0,"solar2_v,lipo2_v"
2021-11-09T03:00:00Z,23.0,23.0,,,1.544,1.82,,,,,,,,,,,3.764,3.763,3.765,,,,227.522,0.0,0.0,,,,,342.435,340.0,347.0,,,0.0,8699.0,8726.0,0.0,23.0,0.0,0.0,0.0,0.0,23.0,0.0,0.0,0.0,23.0,0.0,0.0,0.0,0.0,0.0,"solar2_v,lipo2_v"
2021-11-09T04:00:00Z,25.0,25.0,,,1.779,2.432,,,,,,,,,,,3.763,3.762,3.763,,,,227.8,0.0,0.0,,,,,331.64,301.0,345.0,,,0.0,8727.0,8755.0,0.0,25.0,0.0,0.0,0.0,0.0,25.0,0.0,0.0,0.0,25.0,0.0,0.0,0.0,0.0,0.0,"solar2_v,lipo2_v"
2021-11-09T05:00:00Z,26.0,26.0,,,2.628,4.428,,,,,,,,,,,3.762,3.76,3.763,,,,225.692,0.0,0.0,,,,,357.962,306.0,372.0,,,0.0,8756.0,8783.0,0.0,26.0,0.0,0.0,0.0,0.0,26.0,0.0,0.0,0.0,26.0,0.0,0.0,0.0,0.0,0.0,"solar2_v,lipo2_v"
2021-11-09T06:00:00Z,29.0,29.0,,,1.891,2.276,,,,,,,,,,,3.76,3.757,3.762,,,,226.276,0.0,0.0,,,,,356.138,350.0,363.0,,,0.0,8784.0,8812.0,0.0,29.0,0.0,0.0,0.0,0.0,29.0,0.0,0.0,0.0,29.0,0.0,0.0,0.0,0.0,0.0,"solar2_v,lipo2_v"
2021-11-09T07:00:00Z,28.0,28.0,,,1.569,1.705,,,,,,,,,,,3.757,3.755,3.76,,,,226.536,0.0,0.0,,,,,348.821,346.0,352.0,,,0.0,8813.0,8840.0,0.0,28.0,0.0,0.0,0.0,0.0,28.0,0.0,0.0,0.0,28.0,0.0,0.0,0.0,0.0,0.0,"solar2_v,lipo2_v"
2021-11-09T08:00:00Z,28.0,28.0,,,1.384,1.713,,,,,,,,,,,3.753,3.75,3.757,,,,227.071,0.0,0.0,,,,,349.643,341.0,354.0,,,0.0,8841.0,8869.0,0.0,28.0,0.0,0.0,0.0,0.0,28.0,0.0,0.0,0.0,28.0,0.0,0.0,0.0,0.0,0.0,"solar2_v,lipo2_v"
2021-11-09T09:00:00Z,28.0,28.0,,,0.458,0.743,,,,,,,,,,,3.75,3.748,3.753,,,,228.357,0.0,0.0,,,,,331.429,324.0,340.0,,,0.0,8870.0,8897.0,0.0,23.0,0.0,0.0,0.0,0.0,28.0,0.0,0.0,0.0,28.0,0.0,0.0,0.0,0.0,0.0,"solar2_v,lipo2_v"
2021-11-09T10:00:00Z,29.0,29.0,,,0.0,0.0,,,,,,,,,,,3.747,3.743,3.75,,,,230.207,0.0,0.0,,,,,315.793,314.0,323.0,,,0.0,8898.0,8926.0,0.0,0.0,0.0,0.0,0.0,0.0,29.0,0.0,0.0,0.0,29.0,0.0,0.0,0.0,0.0,0.0,"solar2_v,lipo2_v"
2021-11-09T11:00:00Z,28.0,28.0,,,0.0,0.0,,,,,,,,,,,3.743,3.74,3.745,,,,230.786,0.0,0.0,,,,,312.714,307.0,314.0,,,0.0,8927.0,8954.0,0.0,0.0,0.0,0.0,0.0,0.0,28.0,0.0,0.0,0.0,28.0,0.0,0.0,0.0,0.0,0.0,"solar2_v,lipo2_v"
2021-11-09T12:00:00Z,26.0,26.0,,,0.0,0.0,,,,,,,,,,,3.741,3.739,3.743,,,,231.385,0.0,0.0,,,,,302.962,301.0,306.0,,,0.0,8955.0,8983.0,0.0,0.0,0.0,0.0,0.0,0.0,26.0,0.0,0.0,0.0,26.0,0.0,0.0,0.0,0.0,0.0,"solar2_v,lipo2_v"
2021-11-09T13:00:00Z,25.0,25.0,,,0.0,0.0,,,,,,,,,,,3.738,3.737,3.74,,,,232.2,0.0,0.0,,,,,301.0,301.0,301.0,,,0.0,8984.0,9011.0,0.0,0.0,0.0,0.0,0.0,0.0,25.0,0.0,0.0,0.0,25.0,0.0,0.0,0.0,0.0,0.0,"solar2_v,lipo2_v"
2021-11-09T14:00:00Z,26.0,26.0,,,0.0,0.0,,,,,,,,,,,3.735,3.734,3.737,,,,231.962,0.0,0.0,,,,,301.577,301.0,303.0,,,0.0,9012.0,9038.0,0.0,0.0,0.0,0.0,0.0,0.0,26.0,0.0,0.0,0.0,26.0,0.0,0.0,0.0,0.0,0.0,"solar2_v,lipo2_v"
2021-11-09T15:00:00Z,29.0,29.0,,,0.0,0.0,,,,,,,,,,,3.732,3.73,3.735,,,,231.966,0.0,0.0,,,,,300.241,298.0,302.0,,,0.0,9040.0,9068.0,0.0,0.0,0.0,0.0,0.0,0.0,29.0,0.0,0.0,0.0,29.0,0.0,0.0,0.0,0.0,0.0,"solar2_v,lipo2_v"
2021-11-09T16:00:00Z,29.0,29.0,,,0.0,0.0,,,,,,,,,,,3.73,3.727,3.732,,,,232.31,0.0,0.0,,,,,297.862,291.0,300.0,,,0.0,9069.0,9097.0,0.0,0.0,0.0,0.0,0.0,0.0,29.0,0.0,0.0,0.0,29.0,0.0,0.0,0.0,0.0,0.0,"solar2_v,lipo2_v"
2021-11-09T17:00:00Z,28.0,28.0,,,0.0,0.0,,,,,,,,,,,3.726,3.724,3.729,,,,233.071,0.0,0.0,,,,,292.286,289.0,295.0,,,0.0,9098.0,9125.0,0.0,0.0,0.0,0.0,0.0,0.0,28.0,0.0,0.0,0.0,28.0,0.0,0.0,0.0,0.0,0.0,"solar2_v,lipo2_v"
2021-11-09T18:00:00Z,29.0,29.0,,,0.0,0.0,,,,,,,,,,,3.723,3.72,3.727,,,,233.172,0.0,0.0,,,,,291.448,290.0,294.0,,,0.0,9126.0,9154.0,0.0,0.0,0.0,0.0,0.0,0.0,29.0,0.0,0.0,0.0,29.0,0.0,0.0,0.0,0.0,0.0,"solar2_v,lipo2_v"
2021-11-09T19:00:00Z,28.0,28.0,,,0.0,0.0,,,,,,,,,,,3.719,3.715,3.722,,,,233.0,0.0,0.0,,,,,288.143,287.0,289.0,,,0.0,9155.0,9182.0,0.0,0.0,0.0,0.0,0.0,0.0,28.0,0.0,0.0,0.0,28.0,0.0,0.0,0.0,0.0,0.0,"solar2_v,lipo2_v"
2021-11-09T20:00:00Z,29.0,29.0,,,0.0,0.0,,,,,,,,,,,3.716,3.714,3.719,,,,233.241,0.0,0.0,,,,,286.483,286.0,287.0,,,0.0,9183.0,9211.0,0.0,0.0,0.0,0.0,0.0,0.0,29.0,0.0,0.0,0.0,29.0,0.0,0.0,0.0,0.0,0.0,"solar2_v,lipo2_v"
2021-11-09T21:00:00Z,28.0,28.0,,,0.0,0.0,,,,,,,,,,,3.713,3.712,3.715,,,,233.643,0.0,0.0,,,,,263.929,252.0,286.0,,,0.0,9212.0,9239.0,0.0,0.0,0.0,0.0,0.0,0.0,28.0,0.0,0.0,0.0,28.0,0.0,0.0,0.0,0.0,0.0,"solar2_v,lipo2_v"
2021-11-09T22:00:00Z,29.0,29.0,,,0.0,0.0,,,,,,,,,,,3.711,3.71,3.712,,,,233.759,0.0,0.0,,,,,273.448,272.0,277.0,,,0.0,9240.0,9268.0,0.0,0.0,0.0,0.0,0.0,0.0,29.0,0.0,0.0,0.0,29.0,0.0,0.0,0.0,0.0,0.0,"solar2_v,lipo2_v"
2021-11-09T23:00:00Z,28.0,28.0,,,0.153,0.39,,,,,,,,,,,3.71,3.707,3.71,,,,233.393,0.0,0.0,,,,,275.679,273.0,281.0,,,0.0,9269.0,9296.0,0.0,12.0,0.0,0.0,0.0,0.0,28.0,0.0,0.0,0.0,28.0,0.0,0.0,0.0,0.0,0.0,"solar2_v,lipo2_v"
2021-11-10T00:00:00Z,27.0,27.0,,,0.676,1.094,,,,,,,,,,,3.707,3.706,3.709,,,,232.741,0.0,0.0,,,,,287.741,280.0,301.0,,,0.0,9297.0,9325.0,0.0,27.0,0.0,0.0,0.0,0.0,27.0,0.0,0.0,0.0,27.0,0.0,0.0,0.0,0.0,0.0,"solar2_v,lipo2_v"
2021-11-10T01:00:00Z,24.0,24.0,,,2.009,2.689,,,,,,,,,,,3.704,3.702,3.706,,,,229.083,0.0,0.0,,,,,305.458,279.0,343.0,,,0.0,9327.0,9353.0,0.0,24.0,0.0,0.0,0.0,0.0,24.0,0.0,0.0,0.0,24.0,0.0,0.0,0.0,0.0,0.0,"solar2_v,lipo2_v"
2021-11-10T02:00:00Z,26.0,26.0,,,3.64,4.638,,,,,,,,,,,3.7,3.697,3.702,,,,224.346,0.0,0.0,,,,,370.846,328.0,421.0,,,0.0,9354.0,9381.0,0.0,26.0,0.0,0.0,0.0,0.0,26.0,0.0,0.0,0.0,26.0,0.0,0.0,0.0,0.0,0.0,"solar2_v,lipo2_v"
2021-11-10T03:00:00Z,26.0,26.0,,,3.341,5.351,,,,,,,,,,,3.699,3.696,3.701,,,,221.192,0.0,0.0,,,,,412.923,389.0,433.0,,,0.0,9382.0,9409.0,0.0,26.0,0.0,0.0,0.0,0.0,26.0,0.0,0.0,0.0,26.0,0.0,0.0,0.0,0.0,0.0,"solar2_v,lipo2_v"
2021-11-10T04:00:00Z,29.0,29.0,,,2.885,4.582,,,,,,,,,,,3.693,3.686,3.701,,,,222.517,0.0,0.0,,,,,396.276,369.0,439.0,,,0.0,9410.0,9438.0,0.0,29.0,0.0,0.0,0.0,0.0,29.0,0.0,0.0,0.0,29.0,0.0,0.0,0.0,0.0,0.0,"solar2_v,lipo2_v"
2021-11-10T05:00:00Z,28.0,28.0,,,3.07,3.642,,,,,,,,,,,3.684,3.682,3.687,,,,223.786,0.0,0.0,,,,,385.0,374.0,393.0,,,0.0,9439.0,9467.0,0.0,28.0,0.0,0.0,0.0,0.0,28.0,0.0,0.0,0.0,28.0,0.0,0.0,0.0,0.0,0.0,"solar2_v,lipo2_v"
2021-11-10T06:00:00Z,28.0,28.0,,,3.099,4.944,,,,,,,,,,,3.682,3.681,3.684,,,,221.893,0.0,0.0,,,,,407.429,377.0,445.0,,,0.0,9468.0,9495.0,0.0,28.0,0.0,0.0,0.0,0.0,28.0,0.0,0.0,0.0,28.0,0.0,0.0,0.0,0.0,0.0,"solar2_v,lipo2_v"
2021-11-10T07:00:00Z,29.0,29.0,,,1.431,2.061,,,,,,,,,,,3.68,3.679,3.682,,,,223.931,0.0,0.0,,,,,384.379,366.0,436.0,,,0.0,9496.0,9524.0,0.0,29.0,0.0,0.0,0.0,0.0,29.0,0.0,0.0,0.0,29.0,0.0,0.0,0.0,0.0,0.0,"solar2_v,lipo2_v"
2021-11-10T08:00:00Z,27.0,27.0,,,1.203,1.822,,,,,,,,,,,3.676,3.673,3.679,,,,225.667,0.0,0.0,,,,,365.815,355.0,370.0,,,0.0,9525.0,9551.0,0.0,27.0,0.0,0.0,0.0,0.0,27.0,0.0,0.0,0.0,27.0,0.0,0.0,0.0,0.0,0.0,"solar2_v,lipo2_v"
2021-11-10T09:00:00Z,28.0,28.0,,,0.215,0.652,,,,,,,,,,,3.672,3.669,3.674,,,,227.821,0.0,0.0,,,,,340.536,330.0,354.0,,,0.0,9553.0,9581.0,0.0,12.0,0.0,0.0,0.0,0.0,28.0,0.0,0.0,0.0,28.0,0.0,0.0,0.0,0.0,0.0,"solar2_v,lipo2_v"
2021-11-10T10:00:00Z,27.0,27.0,,,0.0,0.0,,,,,,,,,,,3.668,3.666,3.671,,,,228.926,0.0,0.0,,,,,324.926,320.0,329.0,,,0.0,9582.0,9609.0,0.0,0.0,0.0,0.0,0.0,0.0,27.0,0.0,0.0,0.0,27.0,0.0,0.0,0.0,0.0,0.0,"solar2_v,lipo2_v"
2021-11-10T11:00:00Z,29.0,29.0,,,0.0,0.0,,,,,,,,,,,3.664,3.663,3.668,,,,229.966,0.0,0.0,,,,,315.931,314.0,320.0,,,0.0,9610.0,9638.0,0.0,0.0,0.0,0.0,0.0,0.0,29.0,0.0,0.0,0.0,29.0,0.0,0.0,0.0,0.0,0.0,"solar2_v,lipo2_v"
2021-11-10T12:00:00Z,22.0,22.0,,,0.0,0.0,,,,,,,,,,,3.661,3.659,3.663,,,,230.636,0.0,0.0,,,,,313.273,311.0,315.0,,,0.0,9639.0,9666.0,0.0,0.0,0.0,0.0,0.0,0.0,22.0,0.0,0.0,0.0,22.0,0.0,0.0,0.0,0.0,0.0,"solar2_v,lipo2_v"
2021-11-10T13:00:00Z,7.0,7.0,,,0.0,0.0,,,,,,,,,,,3.658,3.656,3.659,,,,231.0,0.0,0.0,,,,,309.0,306.0,311.0,,,0.0,9667.0,9693.0,0.0,0.0,0.0,0.0,0.0,0.0,7.0,0.0,0.0,0.0,7.0,0.0,0.0,0.0,0.0,0.0,"solar2_v,lipo2_v"
2021-11-10T14:00:00Z,27.0,27.0,,,0.0,0.0,,,,,,,,,,,3.656,3.654,3.658,,,,232.0,0.0,0.0,,,,,301.074,300.0,304.0,,,0.0,9694.0,9721.0,0.0,0.0,0.0,0.0,0.0,0.0,27.0,0.0,0.0,0.0,27.0,0.0,0.0,0.0,0.0,0.0,"solar2_v,lipo2_v"
2021-11-10T15:00:00Z,29.0,29.0,,,0.0,0.0,,,,,,,,,,,3.654,3.651,3.656,,,,232.345,0.0,0.0,,,,,298.414,291.0,300.0,,,0.0,9722.0,9750.0,0.0,0.0,0.0,0.0,0.0,0.0,29.0,0.0,0.0,0.0,29.0,0.0,0.0,0.0,0.0,0.0,"solar2_v,lipo2_v"
2021-11-10T16:00:00Z,28.0,28.0,,,0.0,0.0,,,,,,,,,,,3.65,3.648,3.653,,,,233.071,0.0,0.0,,,,,290.214,287.0,296.0,,,0.0,9751.0,9778.0,0.0,0.0,0.0,0.0,0.0,0.0,28.0,0.0,0.0,0.0,28.0,0.0,0.0,0.0,0.0,0.0,"solar2_v,lipo2_v"
2021-11-10T17:00:00Z,29.0,29.0,,,0.0,0.0,,,,,,,,,,,3.647,3.644,3.649,,,,232.276,0.0,0.0,,,,,299.483,296.0,301.0,,,0.0,9779.0,9807.0,0.0,0.0,0.0,0.0,0.0,0.0,29.0,0.0,0.0,0.0,29.0,0.0,0.0,0.0,0.0,0.0,"solar2_v,lipo2_v"
2021-11-10T18:00:00Z,28.0,28.0,,,0.0,0.0,,,,,,,,,,,3.643,3.641,3.646,,,,232.5,0.0,0.0,,,,,298.214,296.0,300.0,,,0.0,9808.0,9835.0,0.0,0.0,0.0,0.0,0.0,0.0,28.0,0.0,0.0,0.0,28.0,0.0,0.0,0.0,0.0,0.0,"solar2_v,lipo2_v"
2021-11-10T19:00:00Z,29.0,29.0,,,0.0,0.0,,,,,,,,,,,3.64,3.638,3.643,,,,232.793,0.0,0.0,,,,,294.345,294.0,296.0,,,0.0,9836.0,9864.0,0.0,0.0,0.0,0.0,0.0,0.0,29.0,0.0,0.0,0.0,29.0,0.0,0.0,0.0,0.0,0.0,"solar2_v,lipo2_v"
2021-11-10T20:00:00Z,29.0,29.0,,,0.0,0.0,,,,,,,,,,,3.637,3.636,3.64,,,,233.034,0.0,0.0,,,,,291.276,290.0,293.0,,,0.0,9865.0,9893.0,0.0,0.0,0.0,0.0,0.0,0.0,29.0,0.0,0.0,0.0,29.0,0.0,0.0,0.0,0.0,0.0,"solar2_v,lipo2_v"
2021-11-10T21:00:00Z,28.0,28.0,,,0.0,0.0,,,,,,,,,,,3.635,3.633,3.636,,,,233.25,0.0,0.0,,,,,287.571,286.0,290.0,,,0.0,9894.0,9921.0,0.0,0.0,0.0,0.0,0.0,0.0,28.0,0.0,0.0,0.0,28.0,0.0,0.0,0.0,0.0,0.0,"solar2_v,lipo2_v"
2021-11-10T22:00:00Z,29.0,29.0,,,0.0,0.0,,,,,,,,,,,3.632,3.63,3.635,,,,233.586,0.0,0.0,,,,,281.345,275.0,286.0,,,0.0,9922.0,9950.0,0.0,0.0,0.0,0.0,0.0,0.0,29.0,0.0,0.0,0.0,29.0,0.0,0.0,0.0,0.0,0.0,"solar2_v,lipo2_v"
2021-11-10T23:00:00Z,28.0,28.0,,,0.319,0.785,,,,,,,,,,,3.63,3.628,3.631,,,,233.5,0.0,0.0,,,,,283.714,277.0,293.0,,,0.0,9951.0,9978.0,0.0,17.0,0.0,0.0,0.0,0.0,28.0,0.0,0.0,0.0,28.0,0.0,0.0,0.0,0.0,0.0,"solar2_v,lipo2_v"
2021-11-11T00:00:00Z,29.0,29.0,,,1.661,3.268,,,,,,,,,,,3.628,3.626,3.63,,,,230.31,0.0,0.0,,,,,311.552,289.0,354.0,,,0.0,9979.0,10007.0,0.0,29.0,0.0,0.0,0.0,0.0,29.0,0.0,0.0,0.0,29.0,0.0,0.0,0.0,0.0,0.0,"solar2_v,lipo2_v"
2021-11-11T01:00:00Z,29.0,29.0,,,2.71,4.337,,,,,,,,,,,3.627,3.625,3.63,,,,224.379,0.0,0.0,,,,,375.138,359.0,394.0,,,0.0,10008.0,10036.0,0.0,29.0,0.0,0.0,0.0,0.0,29.0,0.0,0.0,0.0,29.0,0.0,0.0,0.0,0.0,0.0,"solar2_v,lipo2_v"
2021-11-11T02:00:00Z,29.0,29.0,,,2.576,3.729,,,,,,,,,,,3.625,3.623,3.626,,,,225.379,0.0,0.0,,,,,369.379,361.0,376.0,,,0.0,10037.0,10065.0,0.0,29.0,0.0,0.0,0.0,0.0,29.0,0.0,0.0,0.0,29.0,0.0,0.0,0.0,0.0,0.0,"solar2_v,lipo2_v"
2021-11-11T03:00:00Z,28.0,28.0,,,2.002,3.391,,,,,,,,,,,3.621,3.62,3.623,,,,225.321,0.0,0.0,,,,,365.964,341.0,379.0,,,0.0,10066.0,10093.0,0.0,28.0,0.0,0.0,0.0,0.0,28.0,0.0,0.0,0.0,28.0,0.0,0.0,0.0,0.0,0.0,"solar2_v,lipo2_v"
2021-11-11T04:00:00Z,27.0,27.0,,,1.272,3.416,,,,,,,,,,,3.618,3.615,3.62,,,,227.667,0.0,0.0,,,,,340.407,334.0,353.0,,,0.0,10094.0,10122.0,0.0,27.0,0.0,0.0,0.0,0.0,27.0,0.0,0.0,0.0,27.0,0.0,0.0,0.0,0.0,0.0,"solar2_v,lipo2_v"
2021-11-11T05:00:00Z,27.0,27.0,,,1.901,3.406,,,,,,,,,,,3.614,3.611,3.616,,,,227.333,0.0,0.0,,,,,343.778,334.0,365.0,,,0.0,10123.0,10150.0,0.0,27.0,0.0,0.0,0.0,0.0,27.0,0.0,0.0,0.0,27.0,0.0,0.0,0.0,0.0,0.0,"solar2_v,lipo2_v"
2021-11-11T06:00:00Z,24.0,24.0,,,2.15,2.578,,,,,,,,,,,3.61,3.608,3.613,,,,226.083,0.0,0.0,,,,,359.208,353.0,366.0,,,0.0,10151.0,10179.0,0.0,24.0,0.0,0.0,0.0,0.0,24.0,0.0,0.0,0.0,24.0,0.0,0.0,0.0,0.0,0.0,"solar2_v,lipo2_v"
2021-11-11T07:00:00Z,26.0,26.0,,,1.138,2.064,,,,,,,,,,,3.608,3.607,3.61,,,,228.385,0.0,0.0,,,,,335.962,327.0,355.0,,,0.0,10181.0,10207.0,0.0,26.0,0.0,0.0,0.0,0.0,26.0,0.0,0.0,0.0,26.0,0.0,0.0,0.0,0.0,0.0,"solar2_v,lipo2_v"
2021-11-11T08:00:00Z,29.0,29.0,,,0.615,0.944,,,,,,,,,,,3.607,3.605,3.608,,,,230.345,0.0,0.0,,,,,312.793,301.0,327.0,,,0.0,10208.0,10236.0,0.0,28.0,0.0,0.0,0.0,0.0,29.0,0.0,0.0,0.0,29.0,0.0,0.0,0.0,0.0,0.0,"solar2_v,lipo2_v"
2021-11-11T09:00:00Z,29.0,29.0,,,0.231,0.577,,,,,,,,,,,3.605,3.605,3.607,,,,232.621,0.0,0.0,,,,,297.414,294.0,301.0,,,0.0,10237.0,10265.0,0.0,15.0,0.0,0.0,0.0,0.0,29.0,0.0,0.0,0.0,29.0,0.0,0.0,0.0,0.0,0.0,"solar2_v,lipo2_v"
2021-11-11T10:00:00Z,28.0,28.0,,,0.0,0.0,,,,,,,,,,,3.604,3.603,3.605,,,,232.929,0.0,0.0,,,,,292.714,292.0,294.0,,,0.0,10266.0,10293.0,0.0,0.0,0.0,0.0,0.0,0.0,28.0,0.0,0.0,0.0,28.0,0.0,0.0,0.0,0.0,0.0,"solar2_v,lipo2_v"
2021-11-11T11:00:00Z,28.0,28.0,,,0.0,0.0,,,,,,,,,,,3.602,3.6,3.603,,,,233.357,0.0,0.0,,,,,284.821,280.0,293.0,,,0.0,10294.0,10322.0,0.0,0.0,0.0,0.0,0.0,0.0,28.0,0.0,0.0,0.0,28.0,0.0,0.0,0.0,0.0,0.0,"solar2_v,lipo2_v"
2021-11-11T12:00:00Z,25.0,25.0,,,0.0,0.0,,,,,,,,,,,3.599,3.593,3.602,,,,233.36,0.0,0.0,,,,,284.92,281.0,293.0,,,0.0,10323.0,10349.0,0.0,0.0,0.0,0.0,0.0,0.0,25.0,0.0,0.0,0.0,25.0,0.0,0.0,0.0,0.0,0.0,"solar2_v,lipo2_v"
2021-11-11T13:00:00Z,26.0,26.0,,,0.0,0.0,,,,,,,,,,,3.593,3.59,3.595,,,,233.115,0.0,0.0,,,,,286.077,285.0,287.0,,,0.0,10351.0,10378.0,0.0,0.0,0.0,0.0,0.0,0.0,26.0,0.0,0.0,0.0,26.0,0.0,0.0,0.0,0.0,0.0,"solar2_v,lipo2_v"
2021-11-11T14:00:00Z,26.0,26.0,,,0.0,0.0,,,,,,,,,,,3.59,3.587,3.592,,,,233.5,0.0,0.0,,,,,281.462,279.0,285.0,,,0.0,10379.0,10405.0,0.0,0.0,0.0,0.0,0.0,0.0,26.0,0.0,0.0,0.0,26.0,0.0,0.0,0.0,0.0,0.0,"solar2_v,lipo2_v"
2021-11-11T15:00:00Z,29.0,29.0,,,0.0,0.0,,,,,,,,,,,3.587,3.585,3.588,,,,233.828,0.0,0.0,,,,,280.448,280.0,281.0,,,0.0,10407.0,10435.0,0.0,0.0,0.0,0.0,0.0,0.0,29.0,0.0,0.0,0.0,29.0,0.0,0.0,0.0,0.0,0.0,"solar2_v,lipo2_v"
2021-11-11T16:00:00Z,28.0,28.0,,,0.0,0.0,,,,,,,,,,,3.584,3.583,3.587,,,,233.893,0.0,0.0,,,,,278.464,277.0,281.0,,,0.0,10436.0,10463.0,0.0,0.0,0.0,0.0,0.0,0.0,28.0,0.0,0.0,0.0,28.0,0.0,0.0,0.0,0.0,0.0,"solar2_v,lipo2_v"
2021-11-11T17:00:00Z,29.0,29.0,,,0.0,0.0,,,,,,,,,,,3.583,3.582,3.585,,,,234.31,0.0,0.0,,,,,275.414,273.0,277.0,,,0.0,10464.0,10492.0,0.0,0.0,0.0,0.0,0.0,0.0,29.0,0.0,0.0,0.0,29.0,0.0,0.0,0.0,0.0,0.0,"solar2_v,lipo2_v"
2021-11-11T18:00:00Z,29.0,29.0,,,0.0,0.0,,,,,,,,,,,3.58,3.578,3.583,,,,234.379,0.0,0.0,,,,,273.897,273.0,274.0,,,0.0,10493.0,10521.0,0.0,0.0,0.0,0.0,0.0,0.0,29.0,0.0,0.0,0.0,29.0,0.0,0.0,0.0,0.0,0.0,"solar2_v,lipo2_v"
2021-11-11T19:00:00Z,28.0,28.0,,,0.0,0.0,,,,,,,,,,,3.579,3.578,3.58,,,,234.429,0.0,0.0,,,,,274.0,274.0,274.0,,,0.0,10522.0,10549.0,0.0,0.0,0.0,0.0,0.0,0.0,28.0,0.0,0.0,0.0,28.0,0.0,0.0,0.0,0.0,0.0,"solar2_v,lipo2_v"
2021-11-11T20:00:00Z,29.0,29.0,,,0.0,0.0,,,,,,,,,,,3.578,3.577,3.578,,,,234.552,0.0,0.0,,,,,274.0,274.0,274.0,,,0.0,10550.0,10578.0,0.0,0.0,0.0,0.0,0.0,0.0,29.0,0.0,0.0,0.0,29.0,0.0,0.0,0.0,0.0,0.0,"solar2_v,lipo2_v"
2021-11-11T21:00:00Z,28.0,28.0,,,0.0,0.0,,,,,,,,,,,3.576,3.575,3.577,,,,234.607,0.0,0.0,,,,,274.0,274.0,274.0,,,0.0,10579.0,10606.0,0.0,0.0,0.0,0.0,0.0,0.0,28.0,0.0,0.0,0.0,28.0,0.0,0.0,0.0,0.0,0.0,"solar2_v,lipo2_v"
2021-11-11T22:00:00Z,29.0,29.0,,,0.0,0.0,,,,,,,,,,,3.575,3.572,3.577,,,,234.414,0.0,0.0,,,,,274.0,274.0,274.0,,,0.0,10607.0,10635.0,0.0,0.0,0.0,0.0,0.0,0.0,29.0,0.0,0.0,0.0,29.0,0.0,0.0,0.0,0.0,0.0,"solar2_v,lipo2_v"
2021-11-11T23:00:00Z,29.0,29.0,,,0.307,0.91,,,,,,,,,,,3.573,3.57,3.574,,,,234.172,0.0,0.0,,,,,278.69,274.0,291.0,,,0.0,10636.0,10664.0,0.0,16.0,0.0,0.0,0.0,0.0,29.0,0.0,0.0,0.0,29.0,0.0,0.0,0.0,0.0,0.0,"solar2_v,lipo2_v"
2021-11-12T00:00:00Z,28.0,28.0,,,1.369,1.74,,,,,,,,,,,3.571,3.569,3.574,,,,230.893,0.0,0.0,,,,,309.214,293.0,314.0,,,0.0,10665.0,10692.0,0.0,28.0,0.0,0.0,0.0,0.0,28.0,0.0,0.0,0.0,28.0,0.0,0.0,0.0,0.0,0.0,"solar2_v,lipo2_v"
2021-11-12T01:00:00Z,27.0,27.0,,,2.782,3.57,,,,,,,,,,,3.569,3.565,3.57,,,,227.519,0.0,0.0,,,,,336.667,300.0,367.0,,,0.0,10693.0,10721.0,0.0,27.0,0.0,0.0,0.0,0.0,27.0,0.0,0.0,0.0,27.0,0.0,0.0,0.0,0.0,0.0,"solar2_v,lipo2_v"
2021-11-12T02:00:00Z,22.0,22.0,,,3.748,4.918,,,,,,,,,,,3.568,3.565,3.57,,,,221.864,0.0,0.0,,,,,406.773,373.0,433.0,,,0.0,10722.0,10749.0,0.0,22.0,0.0,0.0,0.0,0.0,22.0,0.0,0.0,0.0,22.0,0.0,0.0,0.0,0.0,0.0,"solar2_v,lipo2_v"
2021-11-12T03:00:00Z,27.0,27.0,,,2.99,5.195,,,,,,,,,,,3.565,3.562,3.569,,,,222.407,0.0,0.0,,,,,399.556,379.0,435.0,,,0.0,10751.0,10778.0,0.0,27.0,0.0,0.0,0.0,0.0,27.0,0.0,0.0,0.0,27.0,0.0,0.0,0.0,0.0,0.0,"solar2_v,lipo2_v"
2021-11-12T04:00:00Z,28.0,28.0,,,4.239,5.062,,,,,,,,,,,3.564,3.562,3.565,,,,218.036,0.0,0.0,,,,,451.321,433.0,467.0,,,0.0,10779.0,10806.0,0.0,28.0,0.0,0.0,0.0,0.0,28.0,0.0,0.0,0.0,28.0,0.0,0.0,0.0,0.0,0.0,"solar2_v,lipo2_v"
2021-11-12T05:00:00Z,27.0,27.0,,,3.389,5.297,,,,,,,,,,,3.562,3.559,3.564,,,,221.0,0.0,0.0,,,,,420.667,393.0,437.0,,,0.0,10807.0,10835.0,0.0,27.0,0.0,0.0,0.0,0.0,27.0,0.0,0.0,0.0,27.0,0.0,0.0,0.0,0.0,0.0,"solar2_v,lipo2_v"
2021-11-12T06:00:00Z,29.0,29.0,,,2.928,5.192,,,,,,,,,,,3.559,3.557,3.56,,,,222.517,0.0,0.0,,,,,404.483,384.0,457.0,,,0.0,10836.0,10864.0,0.0,29.0,0.0,0.0,0.0,0.0,29.0,0.0,0.0,0.0,29.0,0.0,0.0,0.0,0.0,0.0,"solar2_v,lipo2_v"
2021-11-12T07:00:00Z,28.0,28.0,,,1.85,4.387,,,,,,,,,,,3.557,3.555,3.559,,,,222.071,0.0,0.0,,,,,404.107,356.0,460.0,,,0.0,10865.0,10892.0,0.0,28.0,0.0,0.0,0.0,0.0,28.0,0.0,0.0,0.0,28.0,0.0,0.0,0.0,0.0,0.0,"solar2_v,lipo2_v"
2021-11-12T08:00:00Z,28.0,28.0,,,0.711,1.258,,,,,,,,,,,3.554,3.554,3.555,,,,227.393,0.0,0.0,,,,,344.0,340.0,355.0,,,0.0,10893.0,10921.0,0.0,28.0,0.0,0.0,0.0,0.0,28.0,0.0,0.0,0.0,28.0,0.0,0.0,0.0,0.0,0.0,"solar2_v,lipo2_v"
2021-11-12T09:00:00Z,29.0,29.0,,,0.418,0.713,,,,,,,,,,,3.553,3.552,3.554,,,,228.345,0.0,0.0,,,,,335.414,327.0,341.0,,,0.0,10922.0,10950.0,0.0,27.0,0.0,0.0,0.0,0.0,29.0,0.0,0.0,0.0,29.0,0.0,0.0,0.0,0.0,0.0,"solar2_v,lipo2_v"
2021-11-12T10:00:00Z,27.0,27.0,,,0.0,0.0,,,,,,,,,,,3.552,3.55,3.552,,,,229.778,0.0,0.0,,,,,320.222,314.0,327.0,,,0.0,10951.0,10978.0,0.0,0.0,0.0,0.0,0.0,0.0,27.0,0.0,0.0,0.0,27.0,0.0,0.0,0.0,0.0,0.0,"solar2_v,lipo2_v"
2021-11-12T11:00:00Z,29.0,29.0,,,0.0,0.0,,,,,,,,,,,3.55,3.549,3.552,,,,231.207,0.0,0.0,,,,,309.586,306.0,314.0,,,0.0,10979.0,11007.0,0.0,0.0,0.0,0.0,0.0,0.0,29.0,0.0,0.0,0.0,29.0,0.0,0.0,0.0,0.0,0.0,"solar2_v,lipo2_v"
2021-11-12T12:00:00Z,28.0,28.0,,,0.0,0.0,,,,,,,,,,,3.549,3.547,3.55,,,,231.643,0.0,0.0,,,,,303.786,300.0,306.0,,,0.0,11008.0,11036.0,0.0,0.0,0.0,0.0,0.0,0.0,28.0,0.0,0.0,0.0,28.0,0.0,0.0,0.0,0.0,0.0,"solar2_v,lipo2_v"
2021-11-12T13:00:00Z,26.0,26.0,,,0.0,0.0,,,,,,,,,,,3.546,3.544,3.547,,,,232.308,0.0,0.0,,,,,300.846,300.0,301.0,,,0.0,11037.0,11063.0,0.0,0.0,0.0,0.0,0.0,0.0,26.0,0.0,0.0,0.0,26.0,0.0,0.0,0.0,0.0,0.0,"solar2_v,lipo2_v"
2021-11-12T14:00:00Z,26.0,26.0,,,0.0,0.0,,,,,,,,,,,3.542,3.539,3.544,,,,232.5,0.0,0.0,,,,,298.538,295.0,301.0,,,0.0,11065.0,11092.0,0.0,0.0,0.0,0.0,0.0,0.0,26.0,0.0,0.0,0.0,26.0,0.0,0.0,0.0,0.0,0.0,"solar2_v,lipo2_v"
2021-11-12T15:00:00Z,29.0,29.0,,,0.0,0.0,,,,,,,,,,,3.539,3.536,3.541,,,,233.069,0.0,0.0,,,,,281.966,268.0,291.0,,,0.0,11093.0,11121.0,0.0,0.0,0.0,0.0,0.0,0.0,29.0,0.0,0.0,0.0,29.0,0.0,0.0,0.0,0.0,0.0,"solar2_v,lipo2_v"
2021-11-12T16:00:00Z,29.0,29.0,,,0.0,0.0,,,,,,,,,,,3.536,3.534,3.539,,,,233.138,0.0,0.0,,,,,285.034,258.0,290.0,,,0.0,11122.0,11150.0,0.0,0.0,0.0,0.0,0.0,0.0,29.0,0.0,0.0,0.0,29.0,0.0,0.0,0.0,0.0,0.0,"solar2_v,lipo2_v"
2021-11-12T17:00:00Z,29.0,29.0,,,0.0,0.0,,,,,,,,,,,3.534,3.532,3.536,,,,233.241,0.0,0.0,,,,,271.621,246.0,286.0,,,0.0,11151.0,11179.0,0.0,0.0,0.0,0.0,0.0,0.0,29.0,0.0,0.0,0.0,29.0,0.0,0.0,0.0,0.0,0.0,"solar2_v,lipo2_v"
2021-11-12T18:00:00Z,28.0,28.0,,,0.0,0.0,,,,,,,,,,,3.531,3.531,3.534,,,,233.179,0.0,0.0,,,,,275.679,258.0,285.0,,,0.0,11180.0,11207.0,0.0,0.0,0.0,0.0,0.0,0.0,28.0,0.0,0.0,0.0,28.0,0.0,0.0,0.0,0.0,0.0,"solar2_v,lipo2_v"
2021-11-12T19:00:00Z,29.0,29.0,,,0.0,0.0,,,,,,,,,,,3.53,3.527,3.531,,,,233.69,0.0,0.0,,,,,259.207,257.0,262.0,,,0.0,11208.0,11236.0,0.0,0.0,0.0,0.0,0.0,0.0,29.0,0.0,0.0,0.0,29.0,0.0,0.0,0.0,0.0,0.0,"solar2_v,lipo2_v"
2021-11-12T20:00:00Z,28.0,28.0,,,0.0,0.0,,,,,,,,,,,3.528,3.526,3.529,,,,233.607,0.0,0.0,,,,,257.964,254.0,259.0,,,0.0,11237.0,11264.0,0.0,0.0,0.0,0.0,0.0,0.0,28.0,0.0,0.0,0.0,28.0,0.0,0.0,0.0,0.0,0.0,"solar2_v,lipo2_v"
2021-11-12T21:00:00Z,29.0,29.0,,,0.0,0.0,,,,,,,,,,,3.526,3.524,3.527,,,,233.379,0.0,0.0,,,,,253.621,244.0,267.0,,,0.0,11265.0,11293.0,0.0,0.0,0.0,0.0,0.0,0.0,29.0,0.0,0.0,0.0,29.0,0.0,0.0,0.0,0.0,0.0,"solar2_v,lipo2_v"
2021-11-12T22:00:00Z,29.0,29.0,,,0.0,0.0,,,,,,,,,,,3.525,3.524,3.527,,,,233.448,0.0,0.0,,,,,249.793,244.0,258.0,,,0.0,11294.0,11322.0,0.0,0.0,0.0,0.0,0.0,0.0,29.0,0.0,0.0,0.0,29.0,0.0,0.0,0.0,0.0,0.0,"solar2_v,lipo2_v"
2021-11-12T23:00:00Z,28.0,28.0,,,0.255,0.731,,,,,,,,,,,3.524,3.522,3.526,,,,233.357,0.0,0.0,,,,,245.821,237.0,258.0,,,0.0,11323.0,11350.0,0.0,13.0,0.0,0.0,0.0,0.0,28.0,0.0,0.0,0.0,28.0,0.0,0.0,0.0,0.0,0.0,"solar2_v,lipo2_v"
2021-11-13T00:00:00Z,29.0,29.0,,,1.232,3.539,,,,,,,,,,,3.523,3.521,3.524,,,,231.586,0.0,0.0,,,,,279.034,233.0,326.0,,,0.0,11351.0,11379.0,0.0,29.0,0.0,0.0,0.0,0.0,29.0,0.0,0.0,0.0,29.0,0.0,0.0,0.0,0.0,0.0,"solar2_v,lipo2_v"
2021-11-13T01:00:00Z,28.0,28.0,,,2.143,2.609,,,,,,,,,,,3.523,3.521,3.524,,,,228.393,0.0,0.0,,,,,336.5,328.0,342.0,,,0.0,11380.0,11407.0,0.0,28.0,0.0,0.0,0.0,0.0,28.0,0.0,0.0,0.0,28.0,0.0,0.0,0.0,0.0,0.0,"solar2_v,lipo2_v"
2021-11-13T02:00:00Z,29.0,29.0,,,3.372,4.364,,,,,,,,,,,3.522,3.519,3.524,,,,226.69,0.0,0.0,,,,,351.069,335.0,362.0,,,0.0,11408.0,11436.0,0.0,29.0,0.0,0.0,0.0,0.0,29.0,0.0,0.0,0.0,29.0,0.0,0.0,0.0,0.0,0.0,"solar2_v,lipo2_v"
2021-11-13T03:00:00Z,26.0,26.0,,,3.24,4.278,,,,,,,,,,,3.521,3.519,3.522,,,,225.769,0.0,0.0,,,,,362.923,352.0,368.0,,,0.0,11437.0,11465.0,0.0,26.0,0.0,0.0,0.0,0.0,26.0,0.0,0.0,0.0,26.0,0.0,0.0,0.0,0.0,0.0,"solar2_v,lipo2_v"
2021-11-13T04:00:00Z,28.0,28.0,,,3.769,4.874,,,,,,,,,,,3.521,3.517,3.522,,,,224.214,0.0,0.0,,,,,380.679,371.0,388.0,,,0.0,11466.0,11493.0,0.0,28.0,0.0,0.0,0.0,0.0,28.0,0.0,0.0,0.0,28.0,0.0,0.0,0.0,0.0,0.0,"solar2_v,lipo2_v"
2021-11-13T05:00:00Z,29.0,29.0,,,3.897,5.064,,,,,,,,,,,3.519,3.517,3.521,,,,223.724,0.0,0.0,,,,,386.276,376.0,397.0,,,0.0,11494.0,11522.0,0.0,29.0,0.0,0.0,0.0,0.0,29.0,0.0,0.0,0.0,29.0,0.0,0.0,0.0,0.0,0.0,"solar2_v,lipo2_v"
2021-11-13T06:00:00Z,27.0,27.0,,,3.712,5.115,,,,,,,,,,,3.517,3.516,3.519,,,,223.333,0.0,0.0,,,,,391.444,381.0,420.0,,,0.0,11523.0,11550.0,0.0,27.0,0.0,0.0,0.0,0.0,27.0,0.0,0.0,0.0,27.0,0.0,0.0,0.0,0.0,0.0,"solar2_v,lipo2_v"
2021-11-13T07:00:00Z,19.0,19.0,,,1.856,4.339,,,,,,,,,,,3.515,3.512,3.517,,,,224.211,0.0,0.0,,,,,378.526,348.0,423.0,,,0.0,11551.0,11576.0,0.0,19.0,0.0,0.0,0.0,0.0,19.0,0.0,0.0,0.0,19.0,0.0,0.0,0.0,0.0,0.0,"solar2_v,lipo2_v"
2021-11-13T08:00:00Z,7.0,7.0,,,1.167,1.274,,,,,,,,,,,3.511,3.509,3.512,,,,226.857,0.0,0.0,,,,,346.857,343.0,353.0,,,0.0,11580.0,11605.0,0.0,7.0,0.0,0.0,0.0,0.0,7.0,0.0,0.0,0.0,7.0,0.0,0.0,0.0,0.0,0.0,"solar2_v,lipo2_v"
2021-11-13T09:00:00Z,28.0,28.0,,,0.648,0.948,,,,,,,,,,,3.509,3.506,3.511,,,,228.393,0.0,0.0,,,,,332.964,326.0,342.0,,,0.0,11606.0,11633.0,0.0,27.0,0.0,0.0,0.0,0.0,28.0,0.0,0.0,0.0,28.0,0.0,0.0,0.0,0.0,0.0,"solar2_v,lipo2_v"
2021-11-13T10:00:00Z,29.0,29.0,,,0.0,0.0,,,,,,,,,,,3.506,3.504,3.508,,,,229.828,0.0,0.0,,,,,317.69,313.0,326.0,,,0.0,11634.0,11662.0,0.0,0.0,0.0,0.0,0.0,0.0,29.0,0.0,0.0,0.0,29.0,0.0,0.0,0.0,0.0,0.0,"solar2_v,lipo2_v"
2021-11-13T11:00:00Z,28.0,28.0,,,0.0,0.0,,,,,,,,,,,3.504,3.503,3.504,,,,231.286,0.0,0.0,,,,,308.464,306.0,313.0,,,0.0,11663.0,11690.0,0.0,0.0,0.0,0.0,0.0,0.0,28.0,0.0,0.0,0.0,28.0,0.0,0.0,0.0,0.0,0.0,"solar2_v,lipo2_v"
2021-11-13T12:00:00Z,29.0,29.0,,,0.0,0.0,,,,,,,,,,,3.503,3.501,3.504,,,,231.655,0.0,0.0,,,,,304.483,301.0,306.0,,,0.0,11691.0,11719.0,0.0,0.0,0.0,0.0,0.0,0.0,29.0,0.0,0.0,0.0,29.0,0.0,0.0,0.0,0.0,0.0,"solar2_v,lipo2_v"
2021-11-13T13:00:00Z,24.0,24.0,,,0.0,0.0,,,,,,,,,,,3.501,3.501,3.503,,,,231.875,0.0,0.0,,,,,301.125,301.0,303.0,,,0.0,11720.0,11747.0,0.0,0.0,0.0,0.0,0.0,0.0,24.0,0.0,0.0,0.0,24.0,0.0,0.0,0.0,0.0,0.0,"solar2_v,lipo2_v"
2021-11-13T14:00:00Z,27.0,27.0,,,0.0,0.0,,,,,,,,,,,3.5,3.499,3.501,,,,232.259,0.0,0.0,,,,,300.667,300.0,301.0,,,0.0,11748.0,11775.0,0.0,0.0,0.0,0.0,0.0,0.0,27.0,0.0,0.0,0.0,27.0,0.0,0.0,0.0,0.0,0.0,"solar2_v,lipo2_v"
2021-11-13T15:00:00Z,29.0,29.0,,,0.0,0.0,,,,,,,,,,,3.499,3.499,3.501,,,,232.655,0.0,0.0,,,,,295.414,287.0,300.0,,,0.0,11776.0,11804.0,0.0,0.0,0.0,0.0,0.0,0.0,29.0,0.0,0.0,0.0,29.0,0.0,0.0,0.0,0.0,0.0,"solar2_v,lipo2_v"
2021-11-13T16:00:00Z,29.0,29.0,,,0.0,0.0,,,,,,,,,,,3.499,3.498,3.499,,,,233.379,0.0,0.0,,,,,288.759,287.0,290.0,,,0.0,11805.0,11833.0,0.0,0.0,0.0,0.0,0.0,0.0,29.0,0.0,0.0,0.0,29.0,0.0,0.0,0.0,0.0,0.0,"solar2_v,lipo2_v"
2021-11-13T17:00:00Z,28.0,28.0,,,0.0,0.0,,,,,,,,,,,3.498,3.496,3.499,,,,233.143,0.0,0.0,,,,,288.107,287.0,289.0,,,0.0,11834.0,11861.0,0.0,0.0,0.0,0.0,0.0,0.0,28.0,0.0,0.0,0.0,28.0,0.0,0.0,0.0,0.0,0.0,"solar2_v,lipo2_v"
2021-11-13T18:00:00Z,29.0,29.0,,,0.0,0.0,,,,,,,,,,,3.496,3.494,3.498,,,,233.069,0.0,0.0,,,,,287.069,287.0,288.0,,,0.0,11862.0,11890.0,0.0,0.0,0.0,0.0,0.0,0.0,29.0,0.0,0.0,0.0,29.0,0.0,0.0,0.0,0.0,0.0,"solar2_v,lipo2_v"
2021-11-13T19:00:00Z,29.0,29.0,,,0.0,0.0,,,,,,,,,,,3.494,3.491,3.496,,,,233.276,0.0,0.0,,,,,285.207,272.0,288.0,,,0.0,11891.0,11919.0,0.0,0.0,0.0,0.0,0.0,0.0,29.0,0.0,0.0,0.0,29.0,0.0,0.0,0.0,0.0,0.0,"solar2_v,lipo2_v"
2021-11-13T20:00:00Z,28.0,28.0,,,0.0,0.0,,,,,,,,,,,3.491,3.489,3.493,,,,233.357,0.0,0.0,,,,,282.286,272.0,286.0,,,0.0,11920.0,11947.0,0.0,0.0,0.0,0.0,0.0,0.0,28.0,0.0,0.0,0.0,28.0,0.0,0.0,0.0,0.0,0.0,"solar2_v,lipo2_v"
2021-11-13T21:00:00Z,29.0,29.0,,,0.0,0.0,,,,,,,,,,,3.488,3.486,3.491,,,,233.379,0.0,0.0,,,,,280.172,277.0,282.0,,,0.0,11948.0,11976.0,0.0,0.0,0.0,0.0,0.0,0.0,29.0,0.0,0.0,0.0,29.0,0.0,0.0,0.0,0.0,0.0,"solar2_v,lipo2_v"
2021-11-13T22:00:00Z,29.0,29.0,,,0.0,0.0,,,,,,,,,,,3.485,3.484,3.488,,,,233.448,0.0,0.0,,,,,280.276,276.0,284.0,,,0.0,11977.0,12005.0,0.0,0.0,0.0,0.0,0.0,0.0,29.0,0.0,0.0,0.0,29.0,0.0,0.0,0.0,0.0,0.0,"solar2_v,lipo2_v"
2021-11-13T23:00:00Z,28.0,28.0,,,0.359,0.984,,,,,,,,,,,3.482,3.479,3.484,,,,233.143,0.0,0.0,,,,,285.464,277.0,299.0,,,0.0,12006.0,12033.0,0.0,19.0,0.0,0.0,0.0,0.0,28.0,0.0,0.0,0.0,28.0,0.0,0.0,0.0,0.0,0.0,"solar2_v,lipo2_v"
2021-11-14T00:00:00Z,29.0,29.0,,,0.885,1.231,,,,,,,,,,,3.478,3.476,3.481,,,,231.966,0.0,0.0,,,,,301.31,297.0,309.0,,,0.0,12034.0,12062.0,0.0,29.0,0.0,0.0,0.0,0.0,29.0,0.0,0.0,0.0,29.0,0.0,0.0,0.0,0.0,0.0,"solar2_v,lipo2_v"
2021-11-14T01:00:00Z,29.0,29.0,,,1.712,3.542,,,,,,,,,,,3.475,3.473,3.476,,,,230.069,0.0,0.0,,,,,319.069,311.0,340.0,,,0.0,12063.0,12091.0,0.0,29.0,0.0,0.0,0.0,0.0,29.0,0.0,0.0,0.0,29.0,0.0,0.0,0.0,0.0,0.0,"solar2_v,lipo2_v"
2021-11-14T02:00:00Z,28.0,28.0,,,2.592,3.98,,,,,,,,,,,3.471,3.466,3.473,,,,226.786,0.0,0.0,,,,,352.464,343.0,355.0,,,0.0,12092.0,12119.0,0.0,28.0,0.0,0.0,0.0,0.0,28.0,0.0,0.0,0.0,28.0,0.0,0.0,0.0,0.0,0.0,"solar2_v,lipo2_v"
2021-11-14T03:00:00Z,29.0,29.0,,,1.874,2.081,,,,,,,,,,,3.464,3.46,3.468,,,,227.862,0.0,0.0,,,,,339.517,337.0,342.0,,,0.0,12120.0,12148.0,0.0,29.0,0.0,0.0,0.0,0.0,29.0,0.0,0.0,0.0,29.0,0.0,0.0,0.0,0.0,0.0,"solar2_v,lipo2_v"
2021-11-14T04:00:00Z,28.0,28.0,,,1.718,2.074,,,,,,,,,,,3.456,3.451,3.46,,,,228.429,0.0,0.0,,,,,335.857,327.0,340.0,,,0.0,12149.0,12176.0,0.0,28.0,0.0,0.0,0.0,0.0,28.0,0.0,0.0,0.0,28.0,0.0,0.0,0.0,0.0,0.0,"solar2_v,lipo2_v"
2021-11-14T05:00:00Z,26.0,26.0,,,0.89,1.244,,,,,,,,,,,3.449,3.446,3.453,,,,231.192,0.0,0.0,,,,,307.923,293.0,327.0,,,0.0,12177.0,12205.0,0.0,26.0,0.0,0.0,0.0,0.0,26.0,0.0,0.0,0.0,26.0,0.0,0.0,0.0,0.0,0.0,"solar2_v,lipo2_v"
2021-11-14T06:00:00Z,29.0,29.0,,,0.902,1.082,,,,,,,,,,,3.445,3.442,3.446,,,,233.345,0.0,0.0,,,,,286.621,283.0,292.0,,,0.0,12206.0,12234.0,0.0,29.0,0.0,0.0,0.0,0.0,29.0,0.0,0.0,0.0,29.0,0.0,0.0,0.0,0.0,0.0,"solar2_v,lipo2_v"
2021-11-14T07:00:00Z,28.0,28.0,,,0.911,1.33,,,,,,,,,,,3.437,3.433,3.442,,,,232.643,0.0,0.0,,,,,296.179,289.0,300.0,,,0.0,12235.0,12262.0,0.0,28.0,0.0,0.0,0.0,0.0,28.0,0.0,0.0,0.0,28.0,0.0,0.0,0.0,0.0,0.0,"solar2_v,lipo2_v"
2021-11-14T08:00:00Z,29.0,29.0,,,0.833,0.918,,,,,,,,,,,3.428,3.42,3.433,,,,232.655,0.0,0.0,,,,,297.793,294.0,300.0,,,0.0,12263.0,12291.0,0.0,29.0,0.0,0.0,0.0,0.0,29.0,0.0,0.0,0.0,29.0,0.0,0.0,0.0,0.0,0.0,"solar2_v,lipo2_v"
2021-11-14T09:00:00Z,29.0,29.0,,,0.355,0.823,,,,,,,,,,,3.419,3.413,3.425,,,,232.759,0.0,0.0,,,,,294.138,288.0,300.0,,,0.0,12292.0,12320.0,0.0,19.0,0.0,0.0,0.0,0.0,29.0,0.0,0.0,0.0,29.0,0.0,0.0,0.0,0.0,0.0,"solar2_v,lipo2_v"
2021-11-14T10:00:00Z,29.0,29.0,,,0.0,0.0,,,,,,,,,,,3.409,3.404,3.415,,,,233.379,0.0,0.0,,,,,283.276,280.0,288.0,,,0.0,12321.0,12349.0,0.0,0.0,0.0,0.0,0.0,0.0,29.0,0.0,0.0,0.0,29.0,0.0,0.0,0.0,0.0,0.0,"solar2_v,lipo2_v"
2021-11-14T11:00:00Z,27.0,27.0,,,0.0,0.0,,,,,,,,,,,3.398,3.395,3.404,,,,233.889,0.0,0.0,,,,,278.741,278.0,279.0,,,0.0,12350.0,12377.0,0.0,0.0,0.0,0.0,0.0,0.0,27.0,0.0,0.0,0.0,27.0,0.0,0.0,0.0,0.0,0.0,"solar2_v,lipo2_v"
2021-11-14T12:00:00Z,27.0,27.0,,,0.0,0.0,,,,,,,,,,,3.392,3.385,3.395,,,,233.481,0.0,0.0,,,,,279.704,279.0,281.0,,,0.0,12378.0,12406.0,0.0,0.0,0.0,0.0,0.0,0.0,27.0,0.0,0.0,0.0,27.0,0.0,0.0,0.0,0.0,0.0,"solar2_v,lipo2_v"
2021-11-14T13:00:00Z,28.0,28.0,,,0.0,0.0,,,,,,,,,,,3.379,3.372,3.385,,,,233.679,0.0,0.0,,,,,277.571,277.0,279.0,,,0.0,12407.0,12434.0,0.0,0.0,0.0,0.0,0.0,0.0,28.0,0.0,0.0,0.0,28.0,0.0,0.0,0.0,0.0,0.0,"solar2_v,lipo2_v"
2021-11-14T14:00:00Z,28.0,28.0,,,0.0,0.0,,,,,,,,,,,3.368,3.364,3.372,,,,234.0,0.0,0.0,,,,,278.464,278.0,279.0,,,0.0,12435.0,12463.0,0.0,0.0,0.0,0.0,0.0,0.0,28.0,0.0,0.0,0.0,28.0,0.0,0.0,0.0,0.0,0.0,"solar2_v,lipo2_v"
2021-11-14T15:00:00Z,27.0,27.0,,,0.0,0.0,,,,,,,,,,,3.357,3.352,3.362,,,,233.444,0.0,0.0,,,,,278.222,277.0,279.0,,,0.0,12464.0,12491.0,0.0,0.0,0.0,0.0,0.0,0.0,27.0,0.0,0.0,0.0,27.0,0.0,0.0,0.0,0.0,0.0,"solar2_v,lipo2_v"
2021-11-14T16:00:00Z,29.0,29.0,,,0.0,0.0,,,,,,,,,,,3.345,3.341,3.351,,,,233.414,0.0,0.0,,,,,278.069,277.0,281.0,,,0.0,12492.0,12520.0,0.0,0.0,0.0,0.0,0.0,0.0,29.0,0.0,0.0,0.0,29.0,0.0,0.0,0.0,0.0,0.0,"solar2_v,lipo2_v"
2021-11-14T17:00:00Z,29.0,29.0,,,0.0,0.0,,,,,,,,,,,3.336,3.326,3.341,,,,231.172,0.0,0.0,,,,,279.586,278.0,281.0,,,0.0,12521.0,12549.0,0.0,0.0,0.0,0.0,0.0,0.0,29.0,0.0,0.0,0.0,29.0,0.0,0.0,0.0,0.0,0.0,"solar2_v,lipo2_v"
2021-11-14T18:00:00Z,28.0,28.0,,,0.0,0.0,,,,,,,,,,,3.322,3.314,3.329,,,,228.75,0.0,0.0,,,,,276.643,269.0,279.0,,,0.0,12550.0,12577.0,0.0,0.0,0.0,0.0,0.0,0.0,28.0,0.0,0.0,0.0,28.0,0.0,0.0,0.0,0.0,0.0,"solar2_v,lipo2_v"
2021-11-14T19:00:00Z,29.0,29.0,,,0.0,0.0,,,,,,,,,,,3.309,3.301,3.316,,,,227.586,0.0,0.0,,,,,271.69,266.0,274.0,,,0.0,12578.0,12606.0,0.0,0.0,0.0,0.0,0.0,0.0,29.0,0.0,0.0,0.0,29.0,0.0,0.0,0.0,0.0,0.0,"solar2_v,lipo2_v"
2021-11-14T20:00:00Z,29.0,29.0,,,0.0,0.0,,,,,,,,,,,3.293,3.288,3.301,,,,224.655,0.0,0.0,,,,,270.724,267.0,273.0,,,0.0,12607.0,12635.0,0.0,0.0,0.0,0.0,0.0,0.0,29.0,0.0,0.0,0.0,29.0,0.0,0.0,0.0,0.0,0.0,"solar2_v,lipo2_v"
2021-11-14T21:00:00Z,29.0,29.0,,,0.0,0.0,,,,,,,,,,,3.281,3.273,3.288,,,,222.31,0.0,0.0,,,,,265.276,263.0,267.0,,,0.0,12636.0,12664.0,0.0,0.0,0.0,0.0,0.0,0.0,29.0,0.0,0.0,0.0,29.0,0.0,0.0,0.0,0.0,0.0,"solar2_v,lipo2_v"
2021-11-14T22:00:00Z,28.0,28.0,,,0.0,0.0,,,,,,,,,,,3.264,3.258,3.272,,,,219.679,0.0,0.0,,,,,262.571,262.0,264.0,,,0.0,12665.0,12692.0,0.0,0.0,0.0,0.0,0.0,0.0,28.0,0.0,0.0,0.0,28.0,0.0,0.0,0.0,0.0,0.0,"solar2_v,lipo2_v"
2021-11-14T23:00:00Z,29.0,29.0,,,0.375,1.389,,,,,,,,,,,3.249,3.239,3.258,,,,215.69,0.0,0.0,,,,,270.448,264.0,282.0,,,0.0,12693.0,12721.0,0.0,14.0,0.0,0.0,0.0,0.0,29.0,0.0,0.0,0.0,29.0,0.0,0.0,0.0,0.0,0.0,"solar2_v,lipo2_v"
2021-11-15T00:00:00Z,29.0,29.0,,,1.532,2.95,,,,,,,,,,,3.234,3.227,3.24,,,,207.966,0.0,0.0,,,,,304.862,286.0,322.0,,,0.0,12722.0,12750.0,0.0,29.0,0.0,0.0,0.0,0.0,29.0,0.0,0.0,0.0,29.0,0.0,0.0,0.0,0.0,0.0,"solar2_v,lipo2_v"
2021-11-15T01:00:00Z,27.0,27.0,,,2.873,4.784,,,,,,,,,,,3.212,3.184,3.227,,,,198.333,0.0,0.0,,,,,353.593,301.0,406.0,,,0.0,1.0,12760.0,0.0,27.0,0.0,0.0,0.0,0.0,27.0,0.0,0.0,0.0,27.0,0.0,0.0,0.0,0.0,0.0,"solar2_v,lipo2_v"
2021-11-15T02:00:00Z,25.0,25.0,,,4.29,5.471,,,,,,,,,,,3.174,3.154,3.197,,,,179.56,0.0,0.0,,,,,424.48,401.0,453.0,,,0.0,1.0,30.0,0.0,25.0,0.0,0.0,0.0,0.0,25.0,0.0,0.0,0.0,25.0,0.0,0.0,0.0,0.0,0.0,"solar2_v,lipo2_v"
2021-11-15T03:00:00Z,28.0,28.0,,,2.671,4.034,,,,,,,,,,,3.138,3.128,3.153,,,,175.321,0.0,0.0,,,,,367.179,345.0,406.0,,,0.0,1.0,1.0,0.0,28.0,0.0,0.0,0.0,0.0,28.0,0.0,0.0,0.0,28.0,0.0,0.0,0.0,0.0,0.0,"solar2_v,lipo2_v"
2021-11-15T04:00:00Z,29.0,29.0,,,2.602,4.308,,,,,,,,,,,3.107,3.088,3.126,,,,170.0,0.0,0.0,,,,,356.241,313.0,367.0,,,0.0,1.0,1.0,0.0,27.0,0.0,0.0,0.0,0.0,29.0,0.0,0.0,0.0,29.0,0.0,0.0,0.0,0.0,0.0,"solar2_v,lipo2_v"
2021-11-15T05:00:00Z,28.0,28.0,,,1.531,3.468,,,,,,,,,,,3.07,3.052,3.085,,,,172.321,0.0,0.0,,,,,280.5,274.0,301.0,,,0.0,1.0,1.0,0.0,28.0,0.0,0.0,0.0,0.0,28.0,0.0,0.0,0.0,28.0,0.0,0.0,0.0,0.0,0.0,"solar2_v,lipo2_v"
2021-11-15T06:00:00Z,29.0,29.0,,,2.267,4.485,,,,,,,,,,,3.03,3.003,3.05,,,,158.793,0.0,0.0,,,,,502.0,301.0,647.0,,,0.0,1.0,1.0,0.0,29.0,0.0,0.0,0.0,0.0,29.0,0.0,0.0,0.0,29.0,0.0,0.0,0.0,0.0,0.0,"solar2_v,lipo2_v"
2021-11-15T07:00:00Z,28.0,28.0,,,1.9,4.065,,,,,,,,,,,2.971,2.942,3.001,,,,155.0,0.0,0.0,,,,,642.607,633.0,645.0,,,0.0,1.0,1.0,0.0,27.0,0.0,0.0,0.0,0.0,28.0,0.0,0.0,0.0,28.0,0.0,0.0,0.0,0.0,0.0,"solar2_v,lipo2_v"
2021-11-15T08:00:00Z,3.0,3.0,,,0.0,0.0,,,,,,,,,,,2.936,2.932,2.94,,,,155.0,0.0,0.0,,,,,629.0,626.0,632.0,,,0.0,1.0,1.0,0.0,0.0,0.0,0.0,0.0,0.0,3.0,0.0,0.0,0.0,3.0,0.0,0.0,0.0,0.0,0.0,"solar2_v,lipo2_v"
2021-11-20T07:00:00Z,1.0,1.0,,,0.832,0.832,,,,,,,,,,,,,,,,,1996.8,17039.0,17039.0,,,,,,,,,,9.466,,,0.0,1.0,0.0,0.0,0.0,0.0,0.0,0.0,0.0,0.0,1.0,1.0,0.0,0.0,0.0,0.0,"solar2_v,lipo2_v"
