ts_utc,n_samples,n_out_of_range,solar_v_avg,solar_v_max,solar2_v_avg,solar2_v_max,solar3_v_avg,solar3_v_max,battery_v_avg,battery_v_min,battery_v_max,battery2_v_min,battery2_v_max,lipo_v_avg,lipo_v_min,lipo_v_max,lipo2_v_avg,lipo2_v_min,lipo2_v_max,current_a_avg,current_a_chA_avg,current_a_chB_avg,current2_a_avg,power_w_avg,power_w_max,load_v_avg,load1_v_avg,load2_v_avg,wind_v_avg,temp_deci_c_avg,temp_deci_c_min,temp_deci_c_max,voltage_adc_avg,digital_adc_avg,energy_wh,boot_count_min,boot_count_max,solar_v_n_oor,solar2_v_n_oor,solar3_v_n_oor,battery_v_n_oor,battery2_v_n_oor,lipo_v_n_oor,lipo2_v_n_oor,current_a_n_oor,current_a_chA_n_oor,current_a_chB_n_oor,current2_a_n_oor,power_w_n_oor,load_v_n_oor,load1_v_n_oor,load2_v_n_oor,temp_c_n_oor,scaled_channels
2022-03-05T03:00:00Z,18.0,18.0,,,0.0,0.0,,,,,,,,,,,3.494,2.433,3.79,,,,224.389,0.0,0.0,,,,,365.389,355.0,393.0,,,0.0,1.0,18.0,0.0,0.0,0.0,0.0,0.0,0.0,18.0,0.0,0.0,0.0,18.0,0.0,0.0,0.0,0.0,0.0,"solar2_v,lipo2_v"
2022-03-05T04:00:00Z,29.0,29.0,,,0.0,0.0,,,,,,,,,,,3.944,3.8,4.029,,,,236.69,0.0,0.0,,,,,349.862,345.0,355.0,,,0.0,19.0,47.0,0.0,0.0,0.0,0.0,0.0,0.0,29.0,0.0,0.0,0.0,29.0,0.0,0.0,0.0,0.0,0.0,"solar2_v,lipo2_v"
2022-03-05T05:00:00Z,28.0,28.0,,,0.0,0.0,,,,,,,,,,,4.092,4.032,4.13,,,,235.929,0.0,0.0,,,,,319.214,300.0,344.0,,,0.0,48.0,75.0,0.0,0.0,0.0,0.0,0.0,0.0,28.0,0.0,0.0,0.0,28.0,0.0,0.0,0.0,0.0,0.0,"solar2_v,lipo2_v"
2022-03-05T06:00:00Z,29.0,29.0,,,0.0,0.0,,,,,,,,,,,4.139,4.128,4.153,,,,244.138,0.0,0.0,,,,,291.379,286.0,299.0,,,0.0,76.0,104.0,0.0,0.0,0.0,0.0,0.0,0.0,29.0,0.0,0.0,0.0,29.0,0.0,0.0,0.0,0.0,0.0,"solar2_v,lipo2_v"
2022-03-05T07:00:00Z,29.0,29.0,,,0.0,0.0,,,,,,,,,,,4.163,4.153,4.171,,,,244.931,0.0,0.0,,,,,279.966,275.0,286.0,,,0.0,105.0,133.0,0.0,0.0,0.0,0.0,0.0,0.0,29.0,0.0,0.0,0.0,29.0,0.0,0.0,0.0,0.0,0.0,"solar2_v,lipo2_v"
2022-03-05T08:00:00Z,29.0,29.0,,,0.0,0.0,,,,,,,,,,,4.168,4.144,4.182,,,,235.276,0.0,0.0,,,,,275.379,274.0,277.0,,,0.0,134.0,162.0,0.0,0.0,0.0,0.0,0.0,0.0,29.0,0.0,0.0,0.0,29.0,0.0,0.0,0.0,0.0,0.0,"solar2_v,lipo2_v"
2022-03-05T09:00:00Z,28.0,28.0,,,0.0,0.0,,,,,,,,,,,4.137,4.133,4.144,,,,237.75,0.0,0.0,,,,,274.929,274.0,276.0,,,0.0,163.0,190.0,0.0,0.0,0.0,0.0,0.0,0.0,28.0,0.0,0.0,0.0,28.0,0.0,0.0,0.0,0.0,0.0,"solar2_v,lipo2_v"
2022-03-05T10:00:00Z,29.0,29.0,,,0.0,0.0,,,,,,,,,,,4.132,4.128,4.133,,,,241.793,0.0,0.0,,,,,287.414,275.0,299.0,,,0.0,191.0,219.0,0.0,0.0,0.0,0.0,0.0,0.0,29.0,0.0,0.0,0.0,29.0,0.0,0.0,0.0,0.0,0.0,"solar2_v,lipo2_v"
2022-03-05T11:00:00Z,28.0,28.0,,,0.0,0.0,,,,,,,,,,,4.127,4.125,4.131,,,,238.143,0.0,0.0,,,,,301.357,300.0,303.0,,,0.0,220.0,248.0,0.0,0.0,0.0,0.0,0.0,0.0,28.0,0.0,0.0,0.0,28.0,0.0,0.0,0.0,0.0,0.0,"solar2_v,lipo2_v"
2022-03-05T12:00:00Z,27.0,27.0,,,0.0,0.0,,,,,,,,,,,4.123,4.12,4.126,,,,243.852,0.0,0.0,,,,,299.667,287.0,306.0,,,0.0,249.0,276.0,0.0,0.0,0.0,0.0,0.0,0.0,27.0,0.0,0.0,0.0,27.0,0.0,0.0,0.0,0.0,0.0,"solar2_v,lipo2_v"
2022-03-05T13:00:00Z,28.0,28.0,,,0.0,0.0,,,,,,,,,,,4.12,4.118,4.123,,,,235.5,0.0,0.0,,,,,280.464,277.0,286.0,,,0.0,277.0,305.0,0.0,0.0,0.0,0.0,0.0,0.0,28.0,0.0,0.0,0.0,28.0,0.0,0.0,0.0,0.0,0.0,"solar2_v,lipo2_v"
2022-03-05T14:00:00Z,25.0,25.0,,,0.0,0.0,,,,,,,,,,,4.117,4.113,4.12,,,,236.72,0.0,0.0,,,,,275.84,274.0,277.0,,,0.0,306.0,334.0,0.0,0.0,0.0,0.0,0.0,0.0,25.0,0.0,0.0,0.0,25.0,0.0,0.0,0.0,0.0,0.0,"solar2_v,lipo2_v"
2022-03-05T15:00:00Z,28.0,28.0,,,0.0,0.0,,,,,,,,,,,4.116,4.113,4.118,,,,238.75,0.0,0.0,,,,,274.179,274.0,275.0,,,0.0,335.0,362.0,0.0,0.0,0.0,0.0,0.0,0.0,28.0,0.0,0.0,0.0,28.0,0.0,0.0,0.0,0.0,0.0,"solar2_v,lipo2_v"
2022-03-05T16:00:00Z,29.0,29.0,,,0.0,0.0,,,,,,,,,,,4.115,4.113,4.116,,,,240.31,0.0,0.0,,,,,274.0,274.0,274.0,,,0.0,363.0,391.0,0.0,0.0,0.0,0.0,0.0,0.0,29.0,0.0,0.0,0.0,29.0,0.0,0.0,0.0,0.0,0.0,"solar2_v,lipo2_v"
2022-03-05T17:00:00Z,26.0,26.0,,,0.0,0.0,,,,,,,,,,,4.114,4.111,4.116,,,,243.885,0.0,0.0,,,,,283.885,274.0,294.0,,,0.0,392.0,419.0,0.0,0.0,0.0,0.0,0.0,0.0,26.0,0.0,0.0,0.0,26.0,0.0,0.0,0.0,0.0,0.0,"solar2_v,lipo2_v"
2022-03-05T18:00:00Z,27.0,27.0,,,0.0,0.0,,,,,,,,,,,4.113,4.111,4.115,,,,237.704,0.0,0.0,,,,,298.741,295.0,301.0,,,0.0,420.0,447.0,0.0,0.0,0.0,0.0,0.0,0.0,27.0,0.0,0.0,0.0,27.0,0.0,0.0,0.0,0.0,0.0,"solar2_v,lipo2_v"
2022-03-05T19:00:00Z,26.0,26.0,,,0.0,0.0,,,,,,,,,,,4.112,4.11,4.115,,,,235.654,0.0,0.0,,,,,301.0,301.0,301.0,,,0.0,449.0,476.0,0.0,0.0,0.0,0.0,0.0,0.0,26.0,0.0,0.0,0.0,26.0,0.0,0.0,0.0,0.0,0.0,"solar2_v,lipo2_v"
2022-03-05T20:00:00Z,29.0,29.0,,,0.0,0.0,,,,,,,,,,,4.111,4.11,4.113,,,,237.276,0.0,0.0,,,,,300.966,300.0,301.0,,,0.0,477.0,505.0,0.0,0.0,0.0,0.0,0.0,0.0,29.0,0.0,0.0,0.0,29.0,0.0,0.0,0.0,0.0,0.0,"solar2_v,lipo2_v"
2022-03-05T21:00:00Z,29.0,29.0,,,0.0,0.0,,,,,,,,,,,4.11,4.106,4.113,,,,241.103,0.0,0.0,,,,,301.0,301.0,301.0,,,0.0,506.0,534.0,0.0,0.0,0.0,0.0,0.0,0.0,29.0,0.0,0.0,0.0,29.0,0.0,0.0,0.0,0.0,0.0,"solar2_v,lipo2_v"
2022-03-05T22:00:00Z,28.0,28.0,,,0.0,0.0,,,,,,,,,,,4.109,4.106,4.111,,,,240.893,0.0,0.0,,,,,301.036,301.0,302.0,,,0.0,535.0,562.0,0.0,0.0,0.0,0.0,0.0,0.0,28.0,0.0,0.0,0.0,28.0,0.0,0.0,0.0,0.0,0.0,"solar2_v,lipo2_v"
2022-03-05T23:00:00Z,29.0,29.0,,,0.0,0.0,,,,,,,,,,,4.108,4.106,4.111,,,,237.517,0.0,0.0,,,,,301.621,301.0,302.0,,,0.0,563.0,591.0,0.0,0.0,0.0,0.0,0.0,0.0,29.0,0.0,0.0,0.0,29.0,0.0,0.0,0.0,0.0,0.0,"solar2_v,lipo2_v"
2022-03-06T00:00:00Z,29.0,29.0,,,0.0,0.0,,,,,,,,,,,4.107,4.106,4.11,,,,244.448,0.0,0.0,,,,,302.655,302.0,304.0,,,0.0,592.0,620.0,0.0,0.0,0.0,0.0,0.0,0.0,29.0,0.0,0.0,0.0,29.0,0.0,0.0,0.0,0.0,0.0,"solar2_v,lipo2_v"
2022-03-06T01:00:00Z,28.0,28.0,,,0.0,0.0,,,,,,,,,,,4.107,4.106,4.108,,,,242.25,0.0,0.0,,,,,304.464,303.0,306.0,,,0.0,621.0,648.0,0.0,0.0,0.0,0.0,0.0,0.0,28.0,0.0,0.0,0.0,28.0,0.0,0.0,0.0,0.0,0.0,"solar2_v,lipo2_v"
2022-03-06T02:00:00Z,29.0,29.0,,,3.613,5.079,,,,,,,,,,,4.095,4.088,4.108,,,,227.207,0.0,0.0,,,,,407.655,306.0,487.0,,,0.0,649.0,677.0,0.0,21.0,0.0,0.0,0.0,0.0,29.0,0.0,0.0,0.0,29.0,0.0,0.0,0.0,0.0,0.0,"solar2_v,lipo2_v"
2022-03-06T03:00:00Z,29.0,29.0,,,4.971,5.113,,,,,,,,,,,4.091,4.09,4.093,,,,215.276,0.0,0.0,,,,,490.276,473.0,501.0,,,0.0,678.0,706.0,0.0,29.0,0.0,0.0,0.0,0.0,29.0,0.0,0.0,0.0,29.0,0.0,0.0,0.0,0.0,0.0,"solar2_v,lipo2_v"
2022-03-06T04:00:00Z,28.0,28.0,,,4.887,5.064,,,,,,,,,,,4.088,4.085,4.09,,,,216.393,0.0,0.0,,,,,485.107,464.0,502.0,,,0.0,707.0,734.0,0.0,28.0,0.0,0.0,0.0,0.0,28.0,0.0,0.0,0.0,28.0,0.0,0.0,0.0,0.0,0.0,"solar2_v,lipo2_v"
2022-03-06T05:00:00Z,29.0,29.0,,,4.911,5.02,,,,,,,,,,,4.085,4.083,4.087,,,,217.724,0.0,0.0,,,,,475.552,455.0,492.0,,,0.0,735.0,763.0,0.0,29.0,0.0,0.0,0.0,0.0,29.0,0.0,0.0,0.0,29.0,0.0,0.0,0.0,0.0,0.0,"solar2_v,lipo2_v"
2022-03-06T06:00:00Z,29.0,29.0,,,4.197,4.877,,,,,,,,,,,4.084,4.082,4.087,,,,216.517,0.0,0.0,,,,,469.552,446.0,487.0,,,0.0,764.0,792.0,0.0,29.0,0.0,0.0,0.0,0.0,29.0,0.0,0.0,0.0,29.0,0.0,0.0,0.0,0.0,0.0,"solar2_v,lipo2_v"
2022-03-06T07:00:00Z,29.0,29.0,,,2.415,4.236,,,,,,,,,,,4.082,4.08,4.083,,,,220.552,0.0,0.0,,,,,421.517,394.0,460.0,,,0.0,793.0,821.0,0.0,29.0,0.0,0.0,0.0,0.0,29.0,0.0,0.0,0.0,29.0,0.0,0.0,0.0,0.0,0.0,"solar2_v,lipo2_v"
2022-03-06T08:00:00Z,29.0,29.0,,,0.886,1.026,,,,,,,,,,,4.08,4.078,4.082,,,,225.793,0.0,0.0,,,,,378.621,363.0,393.0,,,0.0,822.0,850.0,0.0,29.0,0.0,0.0,0.0,0.0,29.0,0.0,0.0,0.0,29.0,0.0,0.0,0.0,0.0,0.0,"solar2_v,lipo2_v"
2022-03-06T09:00:00Z,28.0,28.0,,,0.541,0.708,,,,,,,,,,,4.077,4.075,4.078,,,,227.536,0.0,0.0,,,,,351.393,337.0,362.0,,,0.0,851.0,878.0,0.0,28.0,0.0,0.0,0.0,0.0,28.0,0.0,0.0,0.0,28.0,0.0,0.0,0.0,0.0,0.0,"solar2_v,lipo2_v"
2022-03-06T10:00:00Z,29.0,29.0,,,0.0,0.0,,,,,,,,,,,4.074,4.07,4.077,,,,227.034,0.0,0.0,,,,,322.345,314.0,334.0,,,0.0,879.0,907.0,0.0,0.0,0.0,0.0,0.0,0.0,29.0,0.0,0.0,0.0,29.0,0.0,0.0,0.0,0.0,0.0,"solar2_v,lipo2_v"
2022-03-06T11:00:00Z,29.0,29.0,,,0.0,0.0,,,,,,,,,,,4.071,4.069,4.073,,,,234.379,0.0,0.0,,,,,311.586,307.0,314.0,,,0.0,908.0,936.0,0.0,0.0,0.0,0.0,0.0,0.0,29.0,0.0,0.0,0.0,29.0,0.0,0.0,0.0,0.0,0.0,"solar2_v,lipo2_v"
2022-03-06T12:00:00Z,29.0,29.0,,,0.0,0.0,,,,,,,,,,,4.069,4.067,4.072,,,,230.69,0.0,0.0,,,,,304.448,301.0,307.0,,,0.0,937.0,965.0,0.0,0.0,0.0,0.0,0.0,0.0,29.0,0.0,0.0,0.0,29.0,0.0,0.0,0.0,0.0,0.0,"solar2_v,lipo2_v"
2022-03-06T13:00:00Z,27.0,27.0,,,0.0,0.0,,,,,,,,,,,4.067,4.065,4.069,,,,232.667,0.0,0.0,,,,,301.074,301.0,302.0,,,0.0,966.0,993.0,0.0,0.0,0.0,0.0,0.0,0.0,27.0,0.0,0.0,0.0,27.0,0.0,0.0,0.0,0.0,0.0,"solar2_v,lipo2_v"
2022-03-06T14:00:00Z,29.0,29.0,,,0.0,0.0,,,,,,,,,,,4.065,4.062,4.067,,,,232.207,0.0,0.0,,,,,300.345,299.0,301.0,,,0.0,994.0,1022.0,0.0,0.0,0.0,0.0,0.0,0.0,29.0,0.0,0.0,0.0,29.0,0.0,0.0,0.0,0.0,0.0,"solar2_v,lipo2_v"
2022-03-06T15:00:00Z,28.0,28.0,,,0.0,0.0,,,,,,,,,,,4.062,4.06,4.065,,,,235.679,0.0,0.0,,,,,297.5,296.0,301.0,,,0.0,1023.0,1051.0,0.0,0.0,0.0,0.0,0.0,0.0,28.0,0.0,0.0,0.0,28.0,0.0,0.0,0.0,0.0,0.0,"solar2_v,lipo2_v"
2022-03-06T16:00:00Z,29.0,29.0,,,0.0,0.0,,,,,,,,,,,4.06,4.059,4.062,,,,234.138,0.0,0.0,,,,,293.138,291.0,296.0,,,0.0,1052.0,1080.0,0.0,0.0,0.0,0.0,0.0,0.0,29.0,0.0,0.0,0.0,29.0,0.0,0.0,0.0,0.0,0.0,"solar2_v,lipo2_v"
2022-03-06T17:00:00Z,28.0,28.0,,,0.0,0.0,,,,,,,,,,,4.059,4.057,4.062,,,,234.25,0.0,0.0,,,,,289.857,289.0,291.0,,,0.0,1081.0,1108.0,0.0,0.0,0.0,0.0,0.0,0.0,28.0,0.0,0.0,0.0,28.0,0.0,0.0,0.0,0.0,0.0,"solar2_v,lipo2_v"
2022-03-06T18:00:00Z,29.0,29.0,,,0.0,0.0,,,,,,,,,,,4.057,4.055,4.059,,,,231.724,0.0,0.0,,,,,290.034,289.0,291.0,,,0.0,1109.0,1137.0,0.0,0.0,0.0,0.0,0.0,0.0,29.0,0.0,0.0,0.0,29.0,0.0,0.0,0.0,0.0,0.0,"solar2_v,lipo2_v"
2022-03-06T19:00:00Z,29.0,29.0,,,0.0,0.0,,,,,,,,,,,4.056,4.054,4.059,,,,233.034,0.0,0.0,,,,,288.552,287.0,290.0,,,0.0,1138.0,1166.0,0.0,0.0,0.0,0.0,0.0,0.0,29.0,0.0,0.0,0.0,29.0,0.0,0.0,0.0,0.0,0.0,"solar2_v,lipo2_v"
2022-03-06T20:00:00Z,28.0,28.0,,,0.0,0.0,,,,,,,,,,,4.054,4.052,4.055,,,,231.5,0.0,0.0,,,,,286.393,286.0,287.0,,,0.0,1167.0,1194.0,0.0,0.0,0.0,0.0,0.0,0.0,28.0,0.0,0.0,0.0,28.0,0.0,0.0,0.0,0.0,0.0,"solar2_v,lipo2_v"
2022-03-06T21:00:00Z,29.0,29.0,,,0.0,0.0,,,,,,,,,,,4.053,4.052,4.055,,,,235.276,0.0,0.0,,,,,283.793,282.0,286.0,,,0.0,1195.0,1223.0,0.0,0.0,0.0,0.0,0.0,0.0,29.0,0.0,0.0,0.0,29.0,0.0,0.0,0.0,0.0,0.0,"solar2_v,lipo2_v"
2022-03-06T22:00:00Z,28.0,28.0,,,0.0,0.0,,,,,,,,,,,4.052,4.05,4.054,,,,234.929,0.0,0.0,,,,,284.321,282.0,286.0,,,0.0,1224.0,1251.0,0.0,0.0,0.0,0.0,0.0,0.0,28.0,0.0,0.0,0.0,28.0,0.0,0.0,0.0,0.0,0.0,"solar2_v,lipo2_v"
2022-03-06T23:00:00Z,29.0,29.0,,,0.062,0.388,,,,,,,,,,,4.05,4.049,4.052,,,,235.276,0.0,0.0,,,,,284.793,282.0,288.0,,,0.0,1252.0,1280.0,0.0,5.0,0.0,0.0,0.0,0.0,29.0,0.0,0.0,0.0,29.0,0.0,0.0,0.0,0.0,0.0,"solar2_v,lipo2_v"
2022-03-07T00:00:00Z,29.0,29.0,,,0.873,2.166,,,,,,,,,,,4.05,4.047,4.052,,,,230.207,0.0,0.0,,,,,294.138,212.0,351.0,,,0.0,1281.0,1309.0,0.0,29.0,0.0,0.0,0.0,0.0,29.0,0.0,0.0,0.0,29.0,0.0,0.0,0.0,0.0,0.0,"solar2_v,lipo2_v"
2022-03-07T01:00:00Z,28.0,28.0,,,3.213,4.511,,,,,,,,,,,4.052,4.049,4.054,,,,222.964,0.0,0.0,,,,,403.607,349.0,463.0,,,0.0,1310.0,1337.0,0.0,28.0,0.0,0.0,0.0,0.0,28.0,0.0,0.0,0.0,28.0,0.0,0.0,0.0,0.0,0.0,"solar2_v,lipo2_v"
2022-03-07T02:00:00Z,29.0,29.0,,,4.769,4.982,,,,,,,,,,,4.053,4.052,4.054,,,,214.621,0.0,0.0,,,,,486.034,473.0,499.0,,,0.0,1338.0,1366.0,0.0,29.0,0.0,0.0,0.0,0.0,29.0,0.0,0.0,0.0,29.0,0.0,0.0,0.0,0.0,0.0,"solar2_v,lipo2_v"
2022-03-07T03:00:00Z,29.0,29.0,,,4.963,5.09,,,,,,,,,,,4.053,4.052,4.054,,,,215.172,0.0,0.0,,,,,491.931,485.0,503.0,,,0.0,1367.0,1395.0,0.0,29.0,0.0,0.0,0.0,0.0,29.0,0.0,0.0,0.0,29.0,0.0,0.0,0.0,0.0,0.0,"solar2_v,lipo2_v"
2022-03-07T04:00:00Z,29.0,29.0,,,3.78,5.067,,,,,,,,,,,4.051,4.049,4.052,,,,215.552,0.0,0.0,,,,,472.483,399.0,496.0,,,0.0,1396.0,1424.0,0.0,29.0,0.0,0.0,0.0,0.0,29.0,0.0,0.0,0.0,29.0,0.0,0.0,0.0,0.0,0.0,"solar2_v,lipo2_v"
2022-03-07T05:00:00Z,28.0,28.0,,,3.44,5.113,,,,,,,,,,,4.048,4.045,4.05,,,,221.643,0.0,0.0,,,,,420.25,386.0,460.0,,,0.0,1425.0,1452.0,0.0,28.0,0.0,0.0,0.0,0.0,28.0,0.0,0.0,0.0,28.0,0.0,0.0,0.0,0.0,0.0,"solar2_v,lipo2_v"
2022-03-07T06:00:00Z,29.0,29.0,,,3.771,4.866,,,,,,,,,,,4.047,4.045,4.049,,,,223.379,0.0,0.0,,,,,433.621,424.0,446.0,,,0.0,1453.0,1481.0,0.0,29.0,0.0,0.0,0.0,0.0,29.0,0.0,0.0,0.0,29.0,0.0,0.0,0.0,0.0,0.0,"solar2_v,lipo2_v"
2022-03-07T07:00:00Z,29.0,29.0,,,2.138,3.736,,,,,,,,,,,4.045,4.042,4.047,,,,222.207,0.0,0.0,,,,,406.241,391.0,425.0,,,0.0,1482.0,1510.0,0.0,29.0,0.0,0.0,0.0,0.0,29.0,0.0,0.0,0.0,29.0,0.0,0.0,0.0,0.0,0.0,"solar2_v,lipo2_v"
2022-03-07T08:00:00Z,28.0,28.0,,,0.876,1.005,,,,,,,,,,,4.042,4.039,4.044,,,,226.464,0.0,0.0,,,,,370.821,355.0,389.0,,,0.0,1511.0,1538.0,0.0,28.0,0.0,0.0,0.0,0.0,28.0,0.0,0.0,0.0,28.0,0.0,0.0,0.0,0.0,0.0,"solar2_v,lipo2_v"
2022-03-07T09:00:00Z,28.0,28.0,,,0.377,0.679,,,,,,,,,,,4.038,4.036,4.04,,,,228.357,0.0,0.0,,,,,339.929,310.0,355.0,,,0.0,1539.0,1567.0,0.0,23.0,0.0,0.0,0.0,0.0,28.0,0.0,0.0,0.0,28.0,0.0,0.0,0.0,0.0,0.0,"solar2_v,lipo2_v"
2022-03-07T10:00:00Z,29.0,29.0,,,0.0,0.0,,,,,,,,,,,4.036,4.032,4.037,,,,229.931,0.0,0.0,,,,,309.793,217.0,327.0,,,0.0,1568.0,1596.0,0.0,0.0,0.0,0.0,0.0,0.0,29.0,0.0,0.0,0.0,29.0,0.0,0.0,0.0,0.0,0.0,"solar2_v,lipo2_v"
2022-03-07T11:00:00Z,28.0,28.0,,,0.0,0.0,,,,,,,,,,,4.033,4.031,4.037,,,,230.75,0.0,0.0,,,,,305.071,261.0,313.0,,,0.0,1597.0,1624.0,0.0,0.0,0.0,0.0,0.0,0.0,28.0,0.0,0.0,0.0,28.0,0.0,0.0,0.0,0.0,0.0,"solar2_v,lipo2_v"
2022-03-07T12:00:00Z,29.0,29.0,,,0.0,0.0,,,,,,,,,,,4.032,4.031,4.034,,,,231.379,0.0,0.0,,,,,285.69,208.0,302.0,,,0.0,1625.0,1653.0,0.0,0.0,0.0,0.0,0.0,0.0,29.0,0.0,0.0,0.0,29.0,0.0,0.0,0.0,0.0,0.0,"solar2_v,lipo2_v"
2022-03-07T13:00:00Z,29.0,29.0,,,0.0,0.0,,,,,,,,,,,4.03,4.029,4.032,,,,231.034,0.0,0.0,,,,,295.138,241.0,301.0,,,0.0,1654.0,1682.0,0.0,0.0,0.0,0.0,0.0,0.0,29.0,0.0,0.0,0.0,29.0,0.0,0.0,0.0,0.0,0.0,"solar2_v,lipo2_v"
2022-03-07T14:00:00Z,29.0,29.0,,,0.0,0.0,,,,,,,,,,,4.029,4.029,4.031,,,,231.759,0.0,0.0,,,,,282.828,203.0,299.0,,,0.0,1683.0,1711.0,0.0,0.0,0.0,0.0,0.0,0.0,29.0,0.0,0.0,0.0,29.0,0.0,0.0,0.0,0.0,0.0,"solar2_v,lipo2_v"
2022-03-07T15:00:00Z,28.0,28.0,,,0.0,0.0,,,,,,,,,,,4.028,4.027,4.029,,,,233.714,0.0,0.0,,,,,266.536,203.0,289.0,,,0.0,1712.0,1739.0,0.0,0.0,0.0,0.0,0.0,0.0,28.0,0.0,0.0,0.0,28.0,0.0,0.0,0.0,0.0,0.0,"solar2_v,lipo2_v"
2022-03-07T16:00:00Z,29.0,29.0,,,0.0,0.0,,,,,,,,,,,4.027,4.027,4.029,,,,233.586,0.0,0.0,,,,,272.138,192.0,286.0,,,0.0,1740.0,1768.0,0.0,0.0,0.0,0.0,0.0,0.0,29.0,0.0,0.0,0.0,29.0,0.0,0.0,0.0,0.0,0.0,"solar2_v,lipo2_v"
2022-03-07T17:00:00Z,29.0,29.0,,,0.0,0.0,,,,,,,,,,,4.027,4.026,4.027,,,,234.828,0.0,0.0,,,,,280.759,280.0,282.0,,,0.0,1769.0,1797.0,0.0,0.0,0.0,0.0,0.0,0.0,29.0,0.0,0.0,0.0,29.0,0.0,0.0,0.0,0.0,0.0,"solar2_v,lipo2_v"
2022-03-07T18:00:00Z,29.0,29.0,,,0.0,0.0,,,,,,,,,,,4.026,4.024,4.027,,,,233.207,0.0,0.0,,,,,279.0,277.0,281.0,,,0.0,1798.0,1826.0,0.0,0.0,0.0,0.0,0.0,0.0,29.0,0.0,0.0,0.0,29.0,0.0,0.0,0.0,0.0,0.0,"solar2_v,lipo2_v"
2022-03-07T19:00:00Z,28.0,28.0,,,0.0,0.0,,,,,,,,,,,4.025,4.022,4.027,,,,237.036,0.0,0.0,,,,,276.964,276.0,278.0,,,0.0,1827.0,1854.0,0.0,0.0,0.0,0.0,0.0,0.0,28.0,0.0,0.0,0.0,28.0,0.0,0.0,0.0,0.0,0.0,"solar2_v,lipo2_v"
2022-03-07T20:00:00Z,29.0,29.0,,,0.0,0.0,,,,,,,,,,,4.025,4.022,4.027,,,,233.138,0.0,0.0,,,,,276.069,275.0,277.0,,,0.0,1855.0,1883.0,0.0,0.0,0.0,0.0,0.0,0.0,29.0,0.0,0.0,0.0,29.0,0.0,0.0,0.0,0.0,0.0,"solar2_v,lipo2_v"
2022-03-07T21:00:00Z,29.0,29.0,,,0.0,0.0,,,,,,,,,,,4.024,4.021,4.026,,,,236.345,0.0,0.0,,,,,274.103,274.0,275.0,,,0.0,1884.0,1912.0,0.0,0.0,0.0,0.0,0.0,0.0,29.0,0.0,0.0,0.0,29.0,0.0,0.0,0.0,0.0,0.0,"solar2_v,lipo2_v"
2022-03-07T22:00:00Z,28.0,28.0,,,0.0,0.0,,,,,,,,,,,4.022,4.021,4.024,,,,231.714,0.0,0.0,,,,,274.0,274.0,274.0,,,0.0,1913.0,1940.0,0.0,0.0,0.0,0.0,0.0,0.0,28.0,0.0,0.0,0.0,28.0,0.0,0.0,0.0,0.0,0.0,"solar2_v,lipo2_v"
2022-03-07T23:00:00Z,29.0,29.0,,,0.0,0.0,,,,,,,,,,,4.021,4.019,4.024,,,,236.448,0.0,0.0,,,,,274.172,274.0,276.0,,,0.0,1941.0,1969.0,0.0,0.0,0.0,0.0,0.0,0.0,29.0,0.0,0.0,0.0,29.0,0.0,0.0,0.0,0.0,0.0,"solar2_v,lipo2_v"
2022-03-08T00:00:00Z,29.0,29.0,,,1.216,3.145,,,,,,,,,,,4.023,4.019,4.027,,,,228.552,0.0,0.0,,,,,337.69,276.0,404.0,,,0.0,1970.0,1998.0,0.0,25.0,0.0,0.0,0.0,0.0,29.0,0.0,0.0,0.0,29.0,0.0,0.0,0.0,0.0,0.0,"solar2_v,lipo2_v"
2022-03-08T01:00:00Z,28.0,28.0,,,3.499,4.721,,,,,,,,,,,4.026,4.024,4.027,,,,221.75,0.0,0.0,,,,,420.464,329.0,482.0,,,0.0,1999.0,2026.0,0.0,28.0,0.0,0.0,0.0,0.0,28.0,0.0,0.0,0.0,28.0,0.0,0.0,0.0,0.0,0.0,"solar2_v,lipo2_v"
2022-03-08T02:00:00Z,29.0,29.0,,,4.652,4.857,,,,,,,,,,,4.027,4.026,4.029,,,,211.414,0.0,0.0,,,,,523.69,487.0,540.0,,,0.0,2027.0,2055.0,0.0,29.0,0.0,0.0,0.0,0.0,29.0,0.0,0.0,0.0,29.0,0.0,0.0,0.0,0.0,0.0,"solar2_v,lipo2_v"
2022-03-08T03:00:00Z,29.0,29.0,,,4.892,4.998,,,,,,,,,,,4.027,4.026,4.027,,,,211.724,0.0,0.0,,,,,525.207,509.0,542.0,,,0.0,2056.0,2084.0,0.0,29.0,0.0,0.0,0.0,0.0,29.0,0.0,0.0,0.0,29.0,0.0,0.0,0.0,0.0,0.0,"solar2_v,lipo2_v"
2022-03-08T04:00:00Z,29.0,29.0,,,4.896,5.021,,,,,,,,,,,4.026,4.024,4.027,,,,212.414,0.0,0.0,,,,,517.931,508.0,532.0,,,0.0,2085.0,2113.0,0.0,29.0,0.0,0.0,0.0,0.0,29.0,0.0,0.0,0.0,29.0,0.0,0.0,0.0,0.0,0.0,"solar2_v,lipo2_v"
2022-03-08T05:00:00Z,28.0,28.0,,,4.852,5.01,,,,,,,,,,,4.025,4.024,4.026,,,,214.821,0.0,0.0,,,,,515.786,499.0,526.0,,,0.0,2114.0,2141.0,0.0,28.0,0.0,0.0,0.0,0.0,28.0,0.0,0.0,0.0,28.0,0.0,0.0,0.0,0.0,0.0,"solar2_v,lipo2_v"
2022-03-08T06:00:00Z,29.0,29.0,,,4.55,4.852,,,,,,,,,,,4.024,4.021,4.026,,,,216.69,0.0,0.0,,,,,474.034,433.0,526.0,,,0.0,2142.0,2170.0,0.0,29.0,0.0,0.0,0.0,0.0,29.0,0.0,0.0,0.0,29.0,0.0,0.0,0.0,0.0,0.0,"solar2_v,lipo2_v"
2022-03-08T07:00:00Z,29.0,29.0,,,2.212,3.778,,,,,,,,,,,4.019,4.016,4.022,,,,222.379,0.0,0.0,,,,,354.483,226.0,433.0,,,0.0,2171.0,2199.0,0.0,29.0,0.0,0.0,0.0,0.0,29.0,0.0,0.0,0.0,29.0,0.0,0.0,0.0,0.0,0.0,"solar2_v,lipo2_v"
2022-03-08T08:00:00Z,28.0,28.0,,,0.711,0.944,,,,,,,,,,,4.019,4.016,4.021,,,,226.75,0.0,0.0,,,,,346.679,213.0,380.0,,,0.0,2200.0,2227.0,0.0,28.0,0.0,0.0,0.0,0.0,28.0,0.0,0.0,0.0,28.0,0.0,0.0,0.0,0.0,0.0,"solar2_v,lipo2_v"
2022-03-08T09:00:00Z,29.0,29.0,,,0.414,0.551,,,,,,,,,,,4.019,4.017,4.021,,,,227.138,0.0,0.0,,,,,315.966,212.0,353.0,,,0.0,2228.0,2256.0,0.0,29.0,0.0,0.0,0.0,0.0,29.0,0.0,0.0,0.0,29.0,0.0,0.0,0.0,0.0,0.0,"solar2_v,lipo2_v"
2022-03-08T10:00:00Z,28.0,28.0,,,0.036,0.347,,,,,,,,,,,4.016,4.014,4.019,,,,228.429,0.0,0.0,,,,,299.357,194.0,334.0,,,0.0,2257.0,2284.0,0.0,3.0,0.0,0.0,0.0,0.0,28.0,0.0,0.0,0.0,28.0,0.0,0.0,0.0,0.0,0.0,"solar2_v,lipo2_v"
2022-03-08T11:00:00Z,29.0,29.0,,,0.0,0.0,,,,,,,,,,,4.017,4.016,4.019,,,,229.172,0.0,0.0,,,,,224.724,192.0,278.0,,,0.0,2285.0,2313.0,0.0,0.0,0.0,0.0,0.0,0.0,29.0,0.0,0.0,0.0,29.0,0.0,0.0,0.0,0.0,0.0,"solar2_v,lipo2_v"
2022-03-08T12:00:00Z,23.0,23.0,,,0.0,0.0,,,,,,,,,,,4.018,4.016,4.021,,,,231.826,0.0,0.0,,,,,283.826,213.0,314.0,,,0.0,2314.0,2341.0,0.0,0.0,0.0,0.0,0.0,0.0,23.0,0.0,0.0,0.0,23.0,0.0,0.0,0.0,0.0,0.0,"solar2_v,lipo2_v"
2022-03-08T13:00:00Z,5.0,5.0,,,0.0,0.0,,,,,,,,,,,4.018,4.017,4.019,,,,233.0,0.0,0.0,,,,,302.0,292.0,305.0,,,0.0,2343.0,2365.0,0.0,0.0,0.0,0.0,0.0,0.0,5.0,0.0,0.0,0.0,5.0,0.0,0.0,0.0,0.0,0.0,"solar2_v,lipo2_v"
2022-03-08T14:00:00Z,7.0,7.0,,,0.0,0.0,,,,,,,,,,,4.015,4.014,4.017,,,,231.429,0.0,0.0,,,,,271.571,232.0,301.0,,,0.0,2388.0,2394.0,0.0,0.0,0.0,0.0,0.0,0.0,7.0,0.0,0.0,0.0,7.0,0.0,0.0,0.0,0.0,0.0,"solar2_v,lipo2_v"
2022-03-08T15:00:00Z,29.0,29.0,,,0.0,0.0,,,,,,,,,,,4.015,4.012,4.017,,,,231.448,0.0,0.0,,,,,298.586,294.0,300.0,,,0.0,2395.0,2423.0,0.0,0.0,0.0,0.0,0.0,0.0,29.0,0.0,0.0,0.0,29.0,0.0,0.0,0.0,0.0,0.0,"solar2_v,lipo2_v"
2022-03-08T16:00:00Z,29.0,29.0,,,0.0,0.0,,,,,,,,,,,4.015,4.011,4.019,,,,231.655,0.0,0.0,,,,,295.0,294.0,296.0,,,0.0,2424.0,2452.0,0.0,0.0,0.0,0.0,0.0,0.0,29.0,0.0,0.0,0.0,29.0,0.0,0.0,0.0,0.0,0.0,"solar2_v,lipo2_v"
2022-03-08T17:00:00Z,28.0,28.0,,,0.0,0.0,,,,,,,,,,,4.015,4.012,4.017,,,,232.571,0.0,0.0,,,,,291.679,287.0,295.0,,,0.0,2453.0,2480.0,0.0,0.0,0.0,0.0,0.0,0.0,28.0,0.0,0.0,0.0,28.0,0.0,0.0,0.0,0.0,0.0,"solar2_v,lipo2_v"
2022-03-08T18:00:00Z,29.0,29.0,,,0.0,0.0,,,,,,,,,,,4.014,4.012,4.016,,,,235.621,0.0,0.0,,,,,285.069,281.0,287.0,,,0.0,2481.0,2509.0,0.0,0.0,0.0,0.0,0.0,0.0,29.0,0.0,0.0,0.0,29.0,0.0,0.0,0.0,0.0,0.0,"solar2_v,lipo2_v"
2022-03-08T19:00:00Z,29.0,29.0,,,0.0,0.0,,,,,,,,,,,4.013,4.011,4.016,,,,237.0,0.0,0.0,,,,,279.448,277.0,282.0,,,0.0,2510.0,2538.0,0.0,0.0,0.0,0.0,0.0,0.0,29.0,0.0,0.0,0.0,29.0,0.0,0.0,0.0,0.0,0.0,"solar2_v,lipo2_v"
2022-03-08T20:00:00Z,28.0,28.0,,,0.0,0.0,,,,,,,,,,,4.012,4.011,4.014,,,,237.321,0.0,0.0,,,,,275.214,274.0,277.0,,,0.0,2539.0,2566.0,0.0,0.0,0.0,0.0,0.0,0.0,28.0,0.0,0.0,0.0,28.0,0.0,0.0,0.0,0.0,0.0,"solar2_v,lipo2_v"
2022-03-08T21:00:00Z,29.0,29.0,,,0.0,0.0,,,,,,,,,,,4.012,4.011,4.014,,,,235.276,0.0,0.0,,,,,274.0,274.0,274.0,,,0.0,2567.0,2595.0,0.0,0.0,0.0,0.0,0.0,0.0,29.0,0.0,0.0,0.0,29.0,0.0,0.0,0.0,0.0,0.0,"solar2_v,lipo2_v"
2022-03-08T22:00:00Z,29.0,29.0,,,0.0,0.0,,,,,,,,,,,4.012,4.011,4.014,,,,235.345,0.0,0.0,,,,,273.966,273.0,274.0,,,0.0,2596.0,2624.0,0.0,0.0,0.0,0.0,0.0,0.0,29.0,0.0,0.0,0.0,29.0,0.0,0.0,0.0,0.0,0.0,"solar2_v,lipo2_v"
2022-03-08T23:00:00Z,28.0,28.0,,,0.117,0.393,,,,,,,,,,,4.012,4.009,4.014,,,,232.643,0.0,0.0,,,,,276.893,274.0,286.0,,,0.0,2625.0,2652.0,0.0,9.0,0.0,0.0,0.0,0.0,28.0,0.0,0.0,0.0,28.0,0.0,0.0,0.0,0.0,0.0,"solar2_v,lipo2_v"
2022-03-09T00:00:00Z,29.0,29.0,,,0.968,1.851,,,,,,,,,,,4.012,4.011,4.016,,,,232.931,0.0,0.0,,,,,291.034,224.0,341.0,,,0.0,2653.0,2681.0,0.0,29.0,0.0,0.0,0.0,0.0,29.0,0.0,0.0,0.0,29.0,0.0,0.0,0.0,0.0,0.0,"solar2_v,lipo2_v"
2022-03-09T01:00:00Z,29.0,29.0,,,2.729,3.867,,,,,,,,,,,4.014,4.012,4.017,,,,224.241,0.0,0.0,,,,,332.414,205.0,399.0,,,0.0,2682.0,2710.0,0.0,29.0,0.0,0.0,0.0,0.0,29.0,0.0,0.0,0.0,29.0,0.0,0.0,0.0,0.0,0.0,"solar2_v,lipo2_v"
2022-03-09T02:00:00Z,28.0,28.0,,,4.216,4.695,,,,,,,,,,,4.016,4.012,4.019,,,,219.571,0.0,0.0,,,,,383.0,213.0,473.0,,,0.0,2711.0,2738.0,0.0,28.0,0.0,0.0,0.0,0.0,28.0,0.0,0.0,0.0,28.0,0.0,0.0,0.0,0.0,0.0,"solar2_v,lipo2_v"
2022-03-09T03:00:00Z,29.0,29.0,,,4.455,4.826,,,,,,,,,,,4.016,4.014,4.019,,,,216.69,0.0,0.0,,,,,464.897,456.0,472.0,,,0.0,2739.0,2767.0,0.0,29.0,0.0,0.0,0.0,0.0,29.0,0.0,0.0,0.0,29.0,0.0,0.0,0.0,0.0,0.0,"solar2_v,lipo2_v"
2022-03-09T04:00:00Z,29.0,29.0,,,3.087,5.01,,,,,,,,,,,4.016,4.012,4.017,,,,220.379,0.0,0.0,,,,,403.103,207.0,460.0,,,0.0,2768.0,2796.0,0.0,29.0,0.0,0.0,0.0,0.0,29.0,0.0,0.0,0.0,29.0,0.0,0.0,0.0,0.0,0.0,"solar2_v,lipo2_v"
2022-03-09T05:00:00Z,28.0,28.0,,,3.149,4.959,,,,,,,,,,,4.015,4.012,4.017,,,,222.286,0.0,0.0,,,,,346.786,210.0,429.0,,,0.0,2797.0,2824.0,0.0,28.0,0.0,0.0,0.0,0.0,28.0,0.0,0.0,0.0,28.0,0.0,0.0,0.0,0.0,0.0,"solar2_v,lipo2_v"
2022-03-09T06:00:00Z,29.0,29.0,,,3.303,4.797,,,,,,,,,,,4.014,4.011,4.017,,,,219.966,0.0,0.0,,,,,423.31,404.0,447.0,,,0.0,2825.0,2853.0,0.0,29.0,0.0,0.0,0.0,0.0,29.0,0.0,0.0,0.0,29.0,0.0,0.0,0.0,0.0,0.0,"solar2_v,lipo2_v"
2022-03-09T07:00:00Z,29.0,29.0,,,1.627,3.488,,,,,,,,,,,4.012,4.011,4.014,,,,222.828,0.0,0.0,,,,,391.069,364.0,405.0,,,0.0,2854.0,2882.0,0.0,29.0,0.0,0.0,0.0,0.0,29.0,0.0,0.0,0.0,29.0,0.0,0.0,0.0,0.0,0.0,"solar2_v,lipo2_v"
2022-03-09T08:00:00Z,28.0,28.0,,,0.645,1.405,,,,,,,,,,,4.011,4.007,4.014,,,,226.036,0.0,0.0,,,,,354.464,243.0,375.0,,,0.0,2883.0,2910.0,0.0,25.0,0.0,0.0,0.0,0.0,28.0,0.0,0.0,0.0,28.0,0.0,0.0,0.0,0.0,0.0,"solar2_v,lipo2_v"
2022-03-09T09:00:00Z,29.0,29.0,,,0.205,0.592,,,,,,,,,,,4.01,4.009,4.011,,,,229.69,0.0,0.0,,,,,306.172,218.0,330.0,,,0.0,2911.0,2939.0,0.0,13.0,0.0,0.0,0.0,0.0,29.0,0.0,0.0,0.0,29.0,0.0,0.0,0.0,0.0,0.0,"solar2_v,lipo2_v"
2022-03-09T10:00:00Z,29.0,29.0,,,0.025,0.38,,,,,,,,,,,4.009,4.006,4.011,,,,229.828,0.0,0.0,,,,,300.138,220.0,313.0,,,0.0,2940.0,2968.0,0.0,2.0,0.0,0.0,0.0,0.0,29.0,0.0,0.0,0.0,29.0,0.0,0.0,0.0,0.0,0.0,"solar2_v,lipo2_v"
2022-03-09T11:00:00Z,28.0,28.0,,,0.0,0.0,,,,,,,,,,,4.008,4.006,4.011,,,,230.214,0.0,0.0,,,,,302.286,301.0,306.0,,,0.0,2969.0,2996.0,0.0,0.0,0.0,0.0,0.0,0.0,28.0,0.0,0.0,0.0,28.0,0.0,0.0,0.0,0.0,0.0,"solar2_v,lipo2_v"
2022-03-09T12:00:00Z,29.0,29.0,,,0.0,0.0,,,,,,,,,,,4.007,4.004,4.009,,,,231.517,0.0,0.0,,,,,296.759,292.0,301.0,,,0.0,2997.0,3025.0,0.0,0.0,0.0,0.0,0.0,0.0,29.0,0.0,0.0,0.0,29.0,0.0,0.0,0.0,0.0,0.0,"solar2_v,lipo2_v"
2022-03-09T13:00:00Z,27.0,27.0,,,0.0,0.0,,,,,,,,,,,4.006,4.006,4.007,,,,231.074,0.0,0.0,,,,,288.963,287.0,292.0,,,0.0,3026.0,3054.0,0.0,0.0,0.0,0.0,0.0,0.0,27.0,0.0,0.0,0.0,27.0,0.0,0.0,0.0,0.0,0.0,"solar2_v,lipo2_v"
2022-03-09T14:00:00Z,27.0,27.0,,,0.0,0.0,,,,,,,,,,,4.006,4.004,4.007,,,,231.963,0.0,0.0,,,,,285.37,282.0,287.0,,,0.0,3055.0,3082.0,0.0,0.0,0.0,0.0,0.0,0.0,27.0,0.0,0.0,0.0,27.0,0.0,0.0,0.0,0.0,0.0,"solar2_v,lipo2_v"
2022-03-09T15:00:00Z,29.0,29.0,,,0.0,0.0,,,,,,,,,,,4.005,4.004,4.007,,,,233.31,0.0,0.0,,,,,279.103,277.0,281.0,,,0.0,3083.0,3111.0,0.0,0.0,0.0,0.0,0.0,0.0,29.0,0.0,0.0,0.0,29.0,0.0,0.0,0.0,0.0,0.0,"solar2_v,lipo2_v"
2022-03-09T16:00:00Z,29.0,29.0,,,0.0,0.0,,,,,,,,,,,4.004,4.003,4.006,,,,234.931,0.0,0.0,,,,,276.414,275.0,279.0,,,0.0,3112.0,3140.0,0.0,0.0,0.0,0.0,0.0,0.0,29.0,0.0,0.0,0.0,29.0,0.0,0.0,0.0,0.0,0.0,"solar2_v,lipo2_v"
2022-03-09T17:00:00Z,28.0,28.0,,,0.0,0.0,,,,,,,,,,,4.003,4.001,4.004,,,,233.679,0.0,0.0,,,,,275.143,273.0,278.0,,,0.0,3141.0,3168.0,0.0,0.0,0.0,0.0,0.0,0.0,28.0,0.0,0.0,0.0,28.0,0.0,0.0,0.0,0.0,0.0,"solar2_v,lipo2_v"
2022-03-09T18:00:00Z,29.0,29.0,,,0.0,0.0,,,,,,,,,,,4.003,4.001,4.004,,,,235.517,0.0,0.0,,,,,272.862,272.0,274.0,,,0.0,3169.0,3197.0,0.0,0.0,0.0,0.0,0.0,0.0,29.0,0.0,0.0,0.0,29.0,0.0,0.0,0.0,0.0,0.0,"solar2_v,lipo2_v"
2022-03-09T19:00:00Z,29.0,29.0,,,0.0,0.0,,,,,,,,,,,4.002,4.001,4.003,,,,231.586,0.0,0.0,,,,,270.862,270.0,272.0,,,0.0,3198.0,3226.0,0.0,0.0,0.0,0.0,0.0,0.0,29.0,0.0,0.0,0.0,29.0,0.0,0.0,0.0,0.0,0.0,"solar2_v,lipo2_v"
2022-03-09T20:00:00Z,28.0,28.0,,,0.0,0.0,,,,,,,,,,,4.002,3.999,4.004,,,,235.357,0.0,0.0,,,,,269.107,268.0,270.0,,,0.0,3227.0,3254.0,0.0,0.0,0.0,0.0,0.0,0.0,28.0,0.0,0.0,0.0,28.0,0.0,0.0,0.0,0.0,0.0,"solar2_v,lipo2_v"
2022-03-09T21:00:00Z,29.0,29.0,,,0.0,0.0,,,,,,,,,,,4.001,3.999,4.003,,,,238.069,0.0,0.0,,,,,267.345,267.0,268.0,,,0.0,3255.0,3283.0,0.0,0.0,0.0,0.0,0.0,0.0,29.0,0.0,0.0,0.0,29.0,0.0,0.0,0.0,0.0,0.0,"solar2_v,lipo2_v"
2022-03-09T22:00:00Z,29.0,29.0,,,0.0,0.0,,,,,,,,,,,4.001,3.999,4.001,,,,235.655,0.0,0.0,,,,,265.724,265.0,267.0,,,0.0,3284.0,3312.0,0.0,0.0,0.0,0.0,0.0,0.0,29.0,0.0,0.0,0.0,29.0,0.0,0.0,0.0,0.0,0.0,"solar2_v,lipo2_v"
2022-03-09T23:00:00Z,28.0,28.0,,,0.037,0.36,,,,,,,,,,,4.0,3.999,4.001,,,,234.25,0.0,0.0,,,,,265.679,264.0,273.0,,,0.0,3313.0,3340.0,0.0,3.0,0.0,0.0,0.0,0.0,28.0,0.0,0.0,0.0,28.0,0.0,0.0,0.0,0.0,0.0,"solar2_v,lipo2_v"
2022-03-10T00:00:00Z,29.0,29.0,,,0.995,1.861,,,,,,,,,,,4.0,3.999,4.003,,,,231.69,0.0,0.0,,,,,283.759,216.0,314.0,,,0.0,3341.0,3369.0,0.0,29.0,0.0,0.0,0.0,0.0,29.0,0.0,0.0,0.0,29.0,0.0,0.0,0.0,0.0,0.0,"solar2_v,lipo2_v"
2022-03-10T01:00:00Z,29.0,29.0,,,2.12,4.346,,,,,,,,,,,4.002,4.001,4.003,,,,225.897,0.0,0.0,,,,,260.414,202.0,399.0,,,0.0,3370.0,3398.0,0.0,29.0,0.0,0.0,0.0,0.0,29.0,0.0,0.0,0.0,29.0,0.0,0.0,0.0,0.0,0.0,"solar2_v,lipo2_v"
2022-03-10T02:00:00Z,28.0,28.0,,,3.745,4.697,,,,,,,,,,,4.004,4.001,4.006,,,,220.857,0.0,0.0,,,,,308.964,211.0,442.0,,,0.0,3399.0,3426.0,0.0,28.0,0.0,0.0,0.0,0.0,28.0,0.0,0.0,0.0,28.0,0.0,0.0,0.0,0.0,0.0,"solar2_v,lipo2_v"
2022-03-10T03:00:00Z,29.0,29.0,,,4.288,4.951,,,,,,,,,,,4.004,4.003,4.006,,,,219.034,0.0,0.0,,,,,360.034,211.0,467.0,,,0.0,3427.0,3455.0,0.0,29.0,0.0,0.0,0.0,0.0,29.0,0.0,0.0,0.0,29.0,0.0,0.0,0.0,0.0,0.0,"solar2_v,lipo2_v"
2022-03-10T04:00:00Z,29.0,29.0,,,4.188,4.928,,,,,,,,,,,4.003,4.001,4.004,,,,219.966,0.0,0.0,,,,,428.931,415.0,453.0,,,0.0,3456.0,3484.0,0.0,29.0,0.0,0.0,0.0,0.0,29.0,0.0,0.0,0.0,29.0,0.0,0.0,0.0,0.0,0.0,"solar2_v,lipo2_v"
2022-03-10T05:00:00Z,28.0,28.0,,,2.084,4.779,,,,,,,,,,,4.001,3.999,4.003,,,,224.464,0.0,0.0,,,,,354.179,215.0,413.0,,,0.0,3485.0,3512.0,0.0,28.0,0.0,0.0,0.0,0.0,28.0,0.0,0.0,0.0,28.0,0.0,0.0,0.0,0.0,0.0,"solar2_v,lipo2_v"
2022-03-10T06:00:00Z,29.0,29.0,,,1.67,2.543,,,,,,,,,,,4.0,3.999,4.001,,,,227.862,0.0,0.0,,,,,298.931,217.0,357.0,,,0.0,3513.0,3541.0,0.0,29.0,0.0,0.0,0.0,0.0,29.0,0.0,0.0,0.0,29.0,0.0,0.0,0.0,0.0,0.0,"solar2_v,lipo2_v"
2022-03-10T07:00:00Z,29.0,29.0,,,1.512,2.148,,,,,,,,,,,4.0,3.999,4.001,,,,228.241,0.0,0.0,,,,,354.241,353.0,356.0,,,0.0,3542.0,3570.0,0.0,29.0,0.0,0.0,0.0,0.0,29.0,0.0,0.0,0.0,29.0,0.0,0.0,0.0,0.0,0.0,"solar2_v,lipo2_v"
2022-03-10T08:00:00Z,28.0,28.0,,,0.958,1.203,,,,,,,,,,,3.999,3.998,4.001,,,,228.036,0.0,0.0,,,,,349.786,344.0,354.0,,,0.0,3571.0,3598.0,0.0,28.0,0.0,0.0,0.0,0.0,28.0,0.0,0.0,0.0,28.0,0.0,0.0,0.0,0.0,0.0,"solar2_v,lipo2_v"
2022-03-10T09:00:00Z,28.0,28.0,,,0.463,0.866,,,,,,,,,,,3.998,3.996,3.999,,,,227.607,0.0,0.0,,,,,322.464,279.0,340.0,,,0.0,3599.0,3627.0,0.0,25.0,0.0,0.0,0.0,0.0,28.0,0.0,0.0,0.0,28.0,0.0,0.0,0.0,0.0,0.0,"solar2_v,lipo2_v"
2022-03-10T10:00:00Z,29.0,29.0,,,0.0,0.0,,,,,,,,,,,3.997,3.993,3.998,,,,230.724,0.0,0.0,,,,,285.103,194.0,315.0,,,0.0,3628.0,3656.0,0.0,0.0,0.0,0.0,0.0,0.0,29.0,0.0,0.0,0.0,29.0,0.0,0.0,0.0,0.0,0.0,"solar2_v,lipo2_v"
2022-03-10T11:00:00Z,28.0,28.0,,,0.0,0.0,,,,,,,,,,,3.996,3.994,3.998,,,,234.357,0.0,0.0,,,,,281.679,240.0,299.0,,,0.0,3657.0,3684.0,0.0,0.0,0.0,0.0,0.0,0.0,28.0,0.0,0.0,0.0,28.0,0.0,0.0,0.0,0.0,0.0,"solar2_v,lipo2_v"
2022-03-10T12:00:00Z,27.0,27.0,,,0.0,0.0,,,,,,,,,,,3.994,3.993,3.996,,,,232.222,0.0,0.0,,,,,288.333,286.0,291.0,,,0.0,3685.0,3713.0,0.0,0.0,0.0,0.0,0.0,0.0,27.0,0.0,0.0,0.0,27.0,0.0,0.0,0.0,0.0,0.0,"solar2_v,lipo2_v"
2022-03-10T13:00:00Z,28.0,28.0,,,0.0,0.0,,,,,,,,,,,3.994,3.991,3.996,,,,232.179,0.0,0.0,,,,,261.321,203.0,287.0,,,0.0,3714.0,3742.0,0.0,0.0,0.0,0.0,0.0,0.0,28.0,0.0,0.0,0.0,28.0,0.0,0.0,0.0,0.0,0.0,"solar2_v,lipo2_v"
2022-03-10T14:00:00Z,28.0,28.0,,,0.0,0.0,,,,,,,,,,,3.992,3.989,3.993,,,,232.179,0.0,0.0,,,,,230.964,209.0,263.0,,,0.0,3743.0,3770.0,0.0,0.0,0.0,0.0,0.0,0.0,28.0,0.0,0.0,0.0,28.0,0.0,0.0,0.0,0.0,0.0,"solar2_v,lipo2_v"
2022-03-10T15:00:00Z,29.0,29.0,,,0.0,0.0,,,,,,,,,,,3.991,3.988,3.993,,,,234.621,0.0,0.0,,,,,242.034,207.0,266.0,,,0.0,3771.0,3799.0,0.0,0.0,0.0,0.0,0.0,0.0,29.0,0.0,0.0,0.0,29.0,0.0,0.0,0.0,0.0,0.0,"solar2_v,lipo2_v"
2022-03-10T16:00:00Z,29.0,29.0,,,0.0,0.0,,,,,,,,,,,3.99,3.988,3.993,,,,233.793,0.0,0.0,,,,,273.69,254.0,276.0,,,0.0,3800.0,3828.0,0.0,0.0,0.0,0.0,0.0,0.0,29.0,0.0,0.0,0.0,29.0,0.0,0.0,0.0,0.0,0.0,"solar2_v,lipo2_v"
2022-03-10T17:00:00Z,28.0,28.0,,,0.0,0.0,,,,,,,,,,,3.989,3.986,3.991,,,,233.786,0.0,0.0,,,,,275.893,275.0,278.0,,,0.0,3829.0,3856.0,0.0,0.0,0.0,0.0,0.0,0.0,28.0,0.0,0.0,0.0,28.0,0.0,0.0,0.0,0.0,0.0,"solar2_v,lipo2_v"
2022-03-10T18:00:00Z,29.0,29.0,,,0.0,0.0,,,,,,,,,,,3.987,3.984,3.989,,,,233.069,0.0,0.0,,,,,275.034,274.0,278.0,,,0.0,3857.0,3885.0,0.0,0.0,0.0,0.0,0.0,0.0,29.0,0.0,0.0,0.0,29.0,0.0,0.0,0.0,0.0,0.0,"solar2_v,lipo2_v"
2022-03-10T19:00:00Z,29.0,29.0,,,0.0,0.0,,,,,,,,,,,3.987,3.984,3.989,,,,234.552,0.0,0.0,,,,,267.828,230.0,274.0,,,0.0,3886.0,3914.0,0.0,0.0,0.0,0.0,0.0,0.0,29.0,0.0,0.0,0.0,29.0,0.0,0.0,0.0,0.0,0.0,"solar2_v,lipo2_v"
2022-03-10T20:00:00Z,28.0,28.0,,,0.0,0.0,,,,,,,,,,,3.986,3.984,3.988,,,,235.071,0.0,0.0,,,,,263.429,258.0,271.0,,,0.0,3915.0,3942.0,0.0,0.0,0.0,0.0,0.0,0.0,28.0,0.0,0.0,0.0,28.0,0.0,0.0,0.0,0.0,0.0,"solar2_v,lipo2_v"
2022-03-10T21:00:00Z,29.0,29.0,,,0.0,0.0,,,,,,,,,,,3.984,3.983,3.986,,,,236.828,0.0,0.0,,,,,260.828,252.0,273.0,,,0.0,3943.0,3971.0,0.0,0.0,0.0,0.0,0.0,0.0,29.0,0.0,0.0,0.0,29.0,0.0,0.0,0.0,0.0,0.0,"solar2_v,lipo2_v"
2022-03-10T22:00:00Z,29.0,29.0,,,0.0,0.0,,,,,,,,,,,3.983,3.981,3.986,,,,239.31,0.0,0.0,,,,,271.517,267.0,273.0,,,0.0,3972.0,4000.0,0.0,0.0,0.0,0.0,0.0,0.0,29.0,0.0,0.0,0.0,29.0,0.0,0.0,0.0,0.0,0.0,"solar2_v,lipo2_v"
2022-03-10T23:00:00Z,28.0,28.0,,,0.079,0.418,,,,,,,,,,,3.982,3.981,3.984,,,,238.357,0.0,0.0,,,,,273.893,272.0,277.0,,,0.0,4001.0,4028.0,0.0,6.0,0.0,0.0,0.0,0.0,28.0,0.0,0.0,0.0,28.0,0.0,0.0,0.0,0.0,0.0,"solar2_v,lipo2_v"
2022-03-11T00:00:00Z,29.0,29.0,,,0.953,1.69,,,,,,,,,,,3.982,3.979,3.984,,,,233.276,0.0,0.0,,,,,283.966,205.0,360.0,,,0.0,4029.0,4057.0,0.0,29.0,0.0,0.0,0.0,0.0,29.0,0.0,0.0,0.0,29.0,0.0,0.0,0.0,0.0,0.0,"solar2_v,lipo2_v"
2022-03-11T01:00:00Z,28.0,28.0,,,2.902,4.224,,,,,,,,,,,3.983,3.981,3.986,,,,224.5,0.0,0.0,,,,,350.679,210.0,465.0,,,0.0,4058.0,4086.0,0.0,28.0,0.0,0.0,0.0,0.0,28.0,0.0,0.0,0.0,28.0,0.0,0.0,0.0,0.0,0.0,"solar2_v,lipo2_v"
2022-03-11T02:00:00Z,28.0,28.0,,,4.153,4.608,,,,,,,,,,,3.985,3.983,3.986,,,,215.0,0.0,0.0,,,,,504.107,473.0,513.0,,,0.0,4087.0,4114.0,0.0,28.0,0.0,0.0,0.0,0.0,28.0,0.0,0.0,0.0,28.0,0.0,0.0,0.0,0.0,0.0,"solar2_v,lipo2_v"
2022-03-11T03:00:00Z,29.0,29.0,,,3.936,4.774,,,,,,,,,,,3.985,3.983,3.986,,,,213.724,0.0,0.0,,,,,514.31,501.0,526.0,,,0.0,4115.0,4143.0,0.0,29.0,0.0,0.0,0.0,0.0,29.0,0.0,0.0,0.0,29.0,0.0,0.0,0.0,0.0,0.0,"solar2_v,lipo2_v"
2022-03-11T04:00:00Z,29.0,29.0,,,4.488,4.708,,,,,,,,,,,3.985,3.983,3.986,,,,211.552,0.0,0.0,,,,,515.069,501.0,528.0,,,0.0,4144.0,4172.0,0.0,29.0,0.0,0.0,0.0,0.0,29.0,0.0,0.0,0.0,29.0,0.0,0.0,0.0,0.0,0.0,"solar2_v,lipo2_v"
2022-03-11T05:00:00Z,28.0,28.0,,,4.295,4.79,,,,,,,,,,,3.984,3.983,3.986,,,,214.536,0.0,0.0,,,,,507.036,482.0,530.0,,,0.0,4173.0,4200.0,0.0,28.0,0.0,0.0,0.0,0.0,28.0,0.0,0.0,0.0,28.0,0.0,0.0,0.0,0.0,0.0,"solar2_v,lipo2_v"
2022-03-11T06:00:00Z,29.0,29.0,,,4.223,4.636,,,,,,,,,,,3.981,3.979,3.984,,,,215.69,0.0,0.0,,,,,473.483,437.0,487.0,,,0.0,4201.0,4229.0,0.0,29.0,0.0,0.0,0.0,0.0,29.0,0.0,0.0,0.0,29.0,0.0,0.0,0.0,0.0,0.0,"solar2_v,lipo2_v"
2022-03-11T07:00:00Z,29.0,29.0,,,1.966,3.703,,,,,,,,,,,3.979,3.978,3.981,,,,224.207,0.0,0.0,,,,,410.759,269.0,435.0,,,0.0,4230.0,4258.0,0.0,29.0,0.0,0.0,0.0,0.0,29.0,0.0,0.0,0.0,29.0,0.0,0.0,0.0,0.0,0.0,"solar2_v,lipo2_v"
2022-03-11T08:00:00Z,27.0,27.0,,,0.692,0.898,,,,,,,,,,,3.977,3.976,3.979,,,,224.148,0.0,0.0,,,,,262.148,184.0,399.0,,,0.0,4259.0,4286.0,0.0,27.0,0.0,0.0,0.0,0.0,27.0,0.0,0.0,0.0,27.0,0.0,0.0,0.0,0.0,0.0,"solar2_v,lipo2_v"
2022-03-11T09:00:00Z,10.0,10.0,,,0.414,0.844,,,,,,,,,,,3.976,3.974,3.978,,,,229.5,0.0,0.0,,,,,261.4,185.0,354.0,,,0.0,4288.0,4303.0,0.0,7.0,0.0,0.0,0.0,0.0,10.0,0.0,0.0,0.0,10.0,0.0,0.0,0.0,0.0,0.0,"solar2_v,lipo2_v"
2022-03-11T10:00:00Z,6.0,6.0,,,0.0,0.0,,,,,,,,,,,3.973,3.973,3.973,,,,238.167,0.0,0.0,,,,,323.333,321.0,326.0,,,0.0,4335.0,4340.0,0.0,0.0,0.0,0.0,0.0,0.0,6.0,0.0,0.0,0.0,6.0,0.0,0.0,0.0,0.0,0.0,"solar2_v,lipo2_v"
2022-03-11T11:00:00Z,28.0,28.0,,,0.0,0.0,,,,,,,,,,,3.972,3.97,3.973,,,,232.036,0.0,0.0,,,,,306.893,231.0,321.0,,,0.0,4341.0,4368.0,0.0,0.0,0.0,0.0,0.0,0.0,28.0,0.0,0.0,0.0,28.0,0.0,0.0,0.0,0.0,0.0,"solar2_v,lipo2_v"
2022-03-11T12:00:00Z,29.0,29.0,,,0.0,0.0,,,,,,,,,,,3.971,3.97,3.973,,,,231.241,0.0,0.0,,,,,296.517,244.0,301.0,,,0.0,4369.0,4397.0,0.0,0.0,0.0,0.0,0.0,0.0,29.0,0.0,0.0,0.0,29.0,0.0,0.0,0.0,0.0,0.0,"solar2_v,lipo2_v"
2022-03-11T13:00:00Z,29.0,29.0,,,0.0,0.0,,,,,,,,,,,3.969,3.966,3.971,,,,235.793,0.0,0.0,,,,,293.862,292.0,296.0,,,0.0,4398.0,4426.0,0.0,0.0,0.0,0.0,0.0,0.0,29.0,0.0,0.0,0.0,29.0,0.0,0.0,0.0,0.0,0.0,"solar2_v,lipo2_v"
2022-03-11T14:00:00Z,28.0,28.0,,,0.0,0.0,,,,,,,,,,,3.968,3.965,3.97,,,,231.857,0.0,0.0,,,,,291.964,288.0,294.0,,,0.0,4427.0,4455.0,0.0,0.0,0.0,0.0,0.0,0.0,28.0,0.0,0.0,0.0,28.0,0.0,0.0,0.0,0.0,0.0,"solar2_v,lipo2_v"
2022-03-11T15:00:00Z,28.0,28.0,,,0.0,0.0,,,,,,,,,,,3.966,3.965,3.968,,,,232.321,0.0,0.0,,,,,243.429,206.0,291.0,,,0.0,4456.0,4483.0,0.0,0.0,0.0,0.0,0.0,0.0,28.0,0.0,0.0,0.0,28.0,0.0,0.0,0.0,0.0,0.0,"solar2_v,lipo2_v"
2022-03-11T16:00:00Z,29.0,29.0,,,0.0,0.0,,,,,,,,,,,3.964,3.961,3.966,,,,232.793,0.0,0.0,,,,,236.069,208.0,282.0,,,0.0,4484.0,4512.0,0.0,0.0,0.0,0.0,0.0,0.0,29.0,0.0,0.0,0.0,29.0,0.0,0.0,0.0,0.0,0.0,"solar2_v,lipo2_v"
2022-03-11T17:00:00Z,29.0,29.0,,,0.0,0.0,,,,,,,,,,,3.961,3.96,3.965,,,,233.0,0.0,0.0,,,,,249.793,207.0,286.0,,,0.0,4513.0,4541.0,0.0,0.0,0.0,0.0,0.0,0.0,29.0,0.0,0.0,0.0,29.0,0.0,0.0,0.0,0.0,0.0,"solar2_v,lipo2_v"
2022-03-11T18:00:00Z,28.0,28.0,,,0.0,0.0,,,,,,,,,,,3.959,3.958,3.961,,,,233.607,0.0,0.0,,,,,281.679,279.0,285.0,,,0.0,4542.0,4569.0,0.0,0.0,0.0,0.0,0.0,0.0,28.0,0.0,0.0,0.0,28.0,0.0,0.0,0.0,0.0,0.0,"solar2_v,lipo2_v"
2022-03-11T19:00:00Z,29.0,29.0,,,0.0,0.0,,,,,,,,,,,3.957,3.955,3.96,,,,234.621,0.0,0.0,,,,,278.759,277.0,281.0,,,0.0,4570.0,4598.0,0.0,0.0,0.0,0.0,0.0,0.0,29.0,0.0,0.0,0.0,29.0,0.0,0.0,0.0,0.0,0.0,"solar2_v,lipo2_v"
2022-03-11T20:00:00Z,29.0,29.0,,,0.0,0.0,,,,,,,,,,,3.955,3.951,3.958,,,,235.345,0.0,0.0,,,,,283.586,281.0,287.0,,,0.0,4599.0,4627.0,0.0,0.0,0.0,0.0,0.0,0.0,29.0,0.0,0.0,0.0,29.0,0.0,0.0,0.0,0.0,0.0,"solar2_v,lipo2_v"
2022-03-11T21:00:00Z,28.0,28.0,,,0.0,0.0,,,,,,,,,,,3.953,3.95,3.955,,,,236.036,0.0,0.0,,,,,286.429,286.0,287.0,,,0.0,4628.0,4655.0,0.0,0.0,0.0,0.0,0.0,0.0,28.0,0.0,0.0,0.0,28.0,0.0,0.0,0.0,0.0,0.0,"solar2_v,lipo2_v"
2022-03-11T22:00:00Z,29.0,29.0,,,0.0,0.0,,,,,,,,,,,3.951,3.95,3.953,,,,233.517,0.0,0.0,,,,,286.69,286.0,287.0,,,0.0,4656.0,4684.0,0.0,0.0,0.0,0.0,0.0,0.0,29.0,0.0,0.0,0.0,29.0,0.0,0.0,0.0,0.0,0.0,"solar2_v,lipo2_v"
2022-03-11T23:00:00Z,29.0,29.0,,,0.034,0.339,,,,,,,,,,,3.949,3.946,3.951,,,,237.103,0.0,0.0,,,,,286.966,273.0,293.0,,,0.0,4685.0,4713.0,0.0,3.0,0.0,0.0,0.0,0.0,29.0,0.0,0.0,0.0,29.0,0.0,0.0,0.0,0.0,0.0,"solar2_v,lipo2_v"
2022-03-12T00:00:00Z,28.0,28.0,,,0.798,1.338,,,,,,,,,,,3.948,3.946,3.95,,,,232.786,0.0,0.0,,,,,307.357,257.0,335.0,,,0.0,4714.0,4741.0,0.0,28.0,0.0,0.0,0.0,0.0,28.0,0.0,0.0,0.0,28.0,0.0,0.0,0.0,0.0,0.0,"solar2_v,lipo2_v"
2022-03-12T01:00:00Z,29.0,29.0,,,1.341,1.51,,,,,,,,,,,3.947,3.945,3.95,,,,231.345,0.0,0.0,,,,,322.414,286.0,339.0,,,0.0,4742.0,4770.0,0.0,29.0,0.0,0.0,0.0,0.0,29.0,0.0,0.0,0.0,29.0,0.0,0.0,0.0,0.0,0.0,"solar2_v,lipo2_v"
2022-03-12T02:00:00Z,29.0,29.0,,,2.559,4.936,,,,,,,,,,,3.946,3.945,3.948,,,,227.0,0.0,0.0,,,,,318.069,206.0,389.0,,,0.0,4771.0,4799.0,0.0,29.0,0.0,0.0,0.0,0.0,29.0,0.0,0.0,0.0,29.0,0.0,0.0,0.0,0.0,0.0,"solar2_v,lipo2_v"
2022-03-12T03:00:00Z,28.0,28.0,,,4.17,4.957,,,,,,,,,,,3.946,3.946,3.948,,,,218.607,0.0,0.0,,,,,380.929,207.0,463.0,,,0.0,4800.0,4827.0,0.0,28.0,0.0,0.0,0.0,0.0,28.0,0.0,0.0,0.0,28.0,0.0,0.0,0.0,0.0,0.0,"solar2_v,lipo2_v"
2022-03-12T04:00:00Z,29.0,29.0,,,3.115,5.043,,,,,,,,,,,3.944,3.941,3.946,,,,222.103,0.0,0.0,,,,,389.172,238.0,433.0,,,0.0,4828.0,4856.0,0.0,29.0,0.0,0.0,0.0,0.0,29.0,0.0,0.0,0.0,29.0,0.0,0.0,0.0,0.0,0.0,"solar2_v,lipo2_v"
2022-03-12T05:00:00Z,29.0,29.0,,,3.232,4.846,,,,,,,,,,,3.942,3.94,3.943,,,,221.759,0.0,0.0,,,,,376.552,235.0,427.0,,,0.0,4857.0,4885.0,0.0,29.0,0.0,0.0,0.0,0.0,29.0,0.0,0.0,0.0,29.0,0.0,0.0,0.0,0.0,0.0,"solar2_v,lipo2_v"
2022-03-12T06:00:00Z,28.0,28.0,,,0.834,1.777,,,,,,,,,,,3.938,3.935,3.941,,,,226.143,0.0,0.0,,,,,352.357,256.0,380.0,,,0.0,4886.0,4913.0,0.0,28.0,0.0,0.0,0.0,0.0,28.0,0.0,0.0,0.0,28.0,0.0,0.0,0.0,0.0,0.0,"solar2_v,lipo2_v"
2022-03-12T07:00:00Z,29.0,29.0,,,0.517,0.761,,,,,,,,,,,3.934,3.93,3.938,,,,231.655,0.0,0.0,,,,,315.862,301.0,345.0,,,0.0,4914.0,4942.0,0.0,25.0,0.0,0.0,0.0,0.0,29.0,0.0,0.0,0.0,29.0,0.0,0.0,0.0,0.0,0.0,"solar2_v,lipo2_v"
2022-03-12T08:00:00Z,29.0,29.0,,,0.319,0.798,,,,,,,,,,,3.929,3.927,3.933,,,,234.0,0.0,0.0,,,,,260.759,207.0,301.0,,,0.0,4943.0,4971.0,0.0,20.0,0.0,0.0,0.0,0.0,29.0,0.0,0.0,0.0,29.0,0.0,0.0,0.0,0.0,0.0,"solar2_v,lipo2_v"
2022-03-12T09:00:00Z,28.0,28.0,,,0.265,0.523,,,,,,,,,,,3.927,3.925,3.928,,,,234.0,0.0,0.0,,,,,275.857,267.0,285.0,,,0.0,4972.0,4999.0,0.0,17.0,0.0,0.0,0.0,0.0,28.0,0.0,0.0,0.0,28.0,0.0,0.0,0.0,0.0,0.0,"solar2_v,lipo2_v"
2022-03-12T10:00:00Z,28.0,28.0,,,0.0,0.0,,,,,,,,,,,3.925,3.923,3.925,,,,233.071,0.0,0.0,,,,,277.464,271.0,282.0,,,0.0,5000.0,5028.0,0.0,0.0,0.0,0.0,0.0,0.0,28.0,0.0,0.0,0.0,28.0,0.0,0.0,0.0,0.0,0.0,"solar2_v,lipo2_v"
2022-03-12T11:00:00Z,29.0,29.0,,,0.0,0.0,,,,,,,,,,,3.923,3.923,3.925,,,,233.207,0.0,0.0,,,,,280.793,280.0,282.0,,,0.0,5029.0,5057.0,0.0,0.0,0.0,0.0,0.0,0.0,29.0,0.0,0.0,0.0,29.0,0.0,0.0,0.0,0.0,0.0,"solar2_v,lipo2_v"
2022-03-12T12:00:00Z,25.0,25.0,,,0.0,0.0,,,,,,,,,,,3.922,3.922,3.923,,,,233.28,0.0,0.0,,,,,278.44,276.0,282.0,,,0.0,5058.0,5085.0,0.0,0.0,0.0,0.0,0.0,0.0,25.0,0.0,0.0,0.0,25.0,0.0,0.0,0.0,0.0,0.0,"solar2_v,lipo2_v"
2022-03-12T13:00:00Z,29.0,29.0,,,0.0,0.0,,,,,,,,,,,3.922,3.92,3.922,,,,233.552,0.0,0.0,,,,,276.759,276.0,277.0,,,0.0,5086.0,5114.0,0.0,0.0,0.0,0.0,0.0,0.0,29.0,0.0,0.0,0.0,29.0,0.0,0.0,0.0,0.0,0.0,"solar2_v,lipo2_v"
2022-03-12T14:00:00Z,29.0,29.0,,,0.0,0.0,,,,,,,,,,,3.92,3.918,3.922,,,,233.069,0.0,0.0,,,,,277.0,276.0,278.0,,,0.0,5115.0,5143.0,0.0,0.0,0.0,0.0,0.0,0.0,29.0,0.0,0.0,0.0,29.0,0.0,0.0,0.0,0.0,0.0,"solar2_v,lipo2_v"
2022-03-12T15:00:00Z,29.0,29.0,,,0.0,0.0,,,,,,,,,,,3.919,3.917,3.92,,,,233.448,0.0,0.0,,,,,276.207,274.0,277.0,,,0.0,5144.0,5172.0,0.0,0.0,0.0,0.0,0.0,0.0,29.0,0.0,0.0,0.0,29.0,0.0,0.0,0.0,0.0,0.0,"solar2_v,lipo2_v"
2022-03-12T16:00:00Z,28.0,28.0,,,0.0,0.0,,,,,,,,,,,3.917,3.915,3.918,,,,233.5,0.0,0.0,,,,,274.464,273.0,276.0,,,0.0,5173.0,5200.0,0.0,0.0,0.0,0.0,0.0,0.0,28.0,0.0,0.0,0.0,28.0,0.0,0.0,0.0,0.0,0.0,"solar2_v,lipo2_v"
2022-03-12T17:00:00Z,29.0,29.0,,,0.0,0.0,,,,,,,,,,,3.916,3.913,3.917,,,,233.31,0.0,0.0,,,,,275.345,274.0,277.0,,,0.0,5201.0,5229.0,0.0,0.0,0.0,0.0,0.0,0.0,29.0,0.0,0.0,0.0,29.0,0.0,0.0,0.0,0.0,0.0,"solar2_v,lipo2_v"
2022-03-12T18:00:00Z,29.0,29.0,,,0.0,0.0,,,,,,,,,,,3.914,3.912,3.917,,,,233.379,0.0,0.0,,,,,276.345,275.0,278.0,,,0.0,5230.0,5258.0,0.0,0.0,0.0,0.0,0.0,0.0,29.0,0.0,0.0,0.0,29.0,0.0,0.0,0.0,0.0,0.0,"solar2_v,lipo2_v"
2022-03-12T19:00:00Z,28.0,28.0,,,0.0,0.0,,,,,,,,,,,3.911,3.908,3.913,,,,233.536,0.0,0.0,,,,,274.643,273.0,277.0,,,0.0,5259.0,5286.0,0.0,0.0,0.0,0.0,0.0,0.0,28.0,0.0,0.0,0.0,28.0,0.0,0.0,0.0,0.0,0.0,"solar2_v,lipo2_v"
2022-03-12T20:00:00Z,29.0,29.0,,,0.0,0.0,,,,,,,,,,,3.908,3.907,3.912,,,,233.966,0.0,0.0,,,,,273.069,272.0,276.0,,,0.0,5287.0,5315.0,0.0,0.0,0.0,0.0,0.0,0.0,29.0,0.0,0.0,0.0,29.0,0.0,0.0,0.0,0.0,0.0,"solar2_v,lipo2_v"
2022-03-12T21:00:00Z,28.0,28.0,,,0.0,0.0,,,,,,,,,,,3.907,3.905,3.908,,,,233.893,0.0,0.0,,,,,272.893,272.0,273.0,,,0.0,5316.0,5344.0,0.0,0.0,0.0,0.0,0.0,0.0,28.0,0.0,0.0,0.0,28.0,0.0,0.0,0.0,0.0,0.0,"solar2_v,lipo2_v"
2022-03-12T22:00:00Z,28.0,28.0,,,0.0,0.0,,,,,,,,,,,3.905,3.904,3.907,,,,234.321,0.0,0.0,,,,,273.036,273.0,274.0,,,0.0,5345.0,5372.0,0.0,0.0,0.0,0.0,0.0,0.0,28.0,0.0,0.0,0.0,28.0,0.0,0.0,0.0,0.0,0.0,"solar2_v,lipo2_v"
2022-03-12T23:00:00Z,29.0,29.0,,,0.0,0.0,,,,,,,,,,,3.904,3.902,3.905,,,,234.103,0.0,0.0,,,,,274.517,267.0,282.0,,,0.0,5373.0,5401.0,0.0,0.0,0.0,0.0,0.0,0.0,29.0,0.0,0.0,0.0,29.0,0.0,0.0,0.0,0.0,0.0,"solar2_v,lipo2_v"
2022-03-13T00:00:00Z,25.0,25.0,,,1.412,2.971,,,,,,,,,,,3.905,3.902,3.907,,,,227.32,0.0,0.0,,,,,310.88,221.0,419.0,,,0.0,5402.0,5429.0,0.0,25.0,0.0,0.0,0.0,0.0,25.0,0.0,0.0,0.0,25.0,0.0,0.0,0.0,0.0,0.0,"solar2_v,lipo2_v"
2022-03-13T01:00:00Z,29.0,29.0,,,3.301,4.631,,,,,,,,,,,3.907,3.905,3.91,,,,217.0,0.0,0.0,,,,,437.379,222.0,528.0,,,0.0,5430.0,5458.0,0.0,29.0,0.0,0.0,0.0,0.0,29.0,0.0,0.0,0.0,29.0,0.0,0.0,0.0,0.0,0.0,"solar2_v,lipo2_v"
2022-03-13T02:00:00Z,29.0,29.0,,,4.105,4.774,,,,,,,,,,,3.91,3.907,3.912,,,,210.724,0.0,0.0,,,,,532.172,519.0,549.0,,,0.0,5459.0,5487.0,0.0,29.0,0.0,0.0,0.0,0.0,29.0,0.0,0.0,0.0,29.0,0.0,0.0,0.0,0.0,0.0,"solar2_v,lipo2_v"
2022-03-13T03:00:00Z,28.0,28.0,,,4.124,4.956,,,,,,,,,,,3.907,3.904,3.91,,,,214.179,0.0,0.0,,,,,501.643,457.0,521.0,,,0.0,5488.0,5515.0,0.0,28.0,0.0,0.0,0.0,0.0,28.0,0.0,0.0,0.0,28.0,0.0,0.0,0.0,0.0,0.0,"solar2_v,lipo2_v"
2022-03-13T04:00:00Z,27.0,27.0,,,1.414,3.837,,,,,,,,,,,3.902,3.9,3.907,,,,224.481,0.0,0.0,,,,,320.593,213.0,442.0,,,0.0,5516.0,5544.0,0.0,27.0,0.0,0.0,0.0,0.0,27.0,0.0,0.0,0.0,27.0,0.0,0.0,0.0,0.0,0.0,"solar2_v,lipo2_v"
2022-03-13T05:00:00Z,29.0,29.0,,,2.447,5.331,,,,,,,,,,,3.899,3.895,3.9,,,,225.69,0.0,0.0,,,,,354.414,191.0,430.0,,,0.0,5545.0,5573.0,0.0,29.0,0.0,0.0,0.0,0.0,29.0,0.0,0.0,0.0,29.0,0.0,0.0,0.0,0.0,0.0,"solar2_v,lipo2_v"
2022-03-13T06:00:00Z,28.0,28.0,,,4.117,5.103,,,,,,,,,,,3.899,3.897,3.902,,,,220.536,0.0,0.0,,,,,274.679,204.0,422.0,,,0.0,5574.0,5601.0,0.0,28.0,0.0,0.0,0.0,0.0,28.0,0.0,0.0,0.0,28.0,0.0,0.0,0.0,0.0,0.0,"solar2_v,lipo2_v"
2022-03-13T07:00:00Z,29.0,29.0,,,1.323,4.634,,,,,,,,,,,3.897,3.895,3.9,,,,225.862,0.0,0.0,,,,,317.207,229.0,415.0,,,0.0,5602.0,5630.0,0.0,29.0,0.0,0.0,0.0,0.0,29.0,0.0,0.0,0.0,29.0,0.0,0.0,0.0,0.0,0.0,"solar2_v,lipo2_v"
2022-03-13T08:00:00Z,29.0,29.0,,,0.604,0.944,,,,,,,,,,,3.895,3.894,3.895,,,,226.793,0.0,0.0,,,,,355.69,351.0,363.0,,,0.0,5631.0,5659.0,0.0,29.0,0.0,0.0,0.0,0.0,29.0,0.0,0.0,0.0,29.0,0.0,0.0,0.0,0.0,0.0,"solar2_v,lipo2_v"
2022-03-13T09:00:00Z,28.0,28.0,,,0.274,0.456,,,,,,,,,,,3.894,3.892,3.895,,,,228.0,0.0,0.0,,,,,341.679,334.0,350.0,,,0.0,5660.0,5687.0,0.0,20.0,0.0,0.0,0.0,0.0,28.0,0.0,0.0,0.0,28.0,0.0,0.0,0.0,0.0,0.0,"solar2_v,lipo2_v"
2022-03-13T10:00:00Z,29.0,29.0,,,0.0,0.0,,,,,,,,,,,3.891,3.889,3.892,,,,229.138,0.0,0.0,,,,,321.655,314.0,333.0,,,0.0,5688.0,5716.0,0.0,0.0,0.0,0.0,0.0,0.0,29.0,0.0,0.0,0.0,29.0,0.0,0.0,0.0,0.0,0.0,"solar2_v,lipo2_v"
2022-03-13T11:00:00Z,29.0,29.0,,,0.0,0.0,,,,,,,,,,,3.889,3.887,3.892,,,,230.552,0.0,0.0,,,,,310.586,307.0,314.0,,,0.0,5717.0,5745.0,0.0,0.0,0.0,0.0,0.0,0.0,29.0,0.0,0.0,0.0,29.0,0.0,0.0,0.0,0.0,0.0,"solar2_v,lipo2_v"
2022-03-13T12:00:00Z,28.0,28.0,,,0.0,0.0,,,,,,,,,,,3.886,3.884,3.889,,,,231.107,0.0,0.0,,,,,303.643,301.0,306.0,,,0.0,5746.0,5773.0,0.0,0.0,0.0,0.0,0.0,0.0,28.0,0.0,0.0,0.0,28.0,0.0,0.0,0.0,0.0,0.0,"solar2_v,lipo2_v"
2022-03-13T13:00:00Z,29.0,29.0,,,0.0,0.0,,,,,,,,,,,3.884,3.882,3.887,,,,229.897,0.0,0.0,,,,,300.793,300.0,301.0,,,0.0,5774.0,5802.0,0.0,0.0,0.0,0.0,0.0,0.0,29.0,0.0,0.0,0.0,29.0,0.0,0.0,0.0,0.0,0.0,"solar2_v,lipo2_v"
2022-03-13T14:00:00Z,29.0,29.0,,,0.0,0.0,,,,,,,,,,,3.882,3.88,3.885,,,,231.586,0.0,0.0,,,,,298.759,298.0,300.0,,,0.0,5803.0,5831.0,0.0,0.0,0.0,0.0,0.0,0.0,29.0,0.0,0.0,0.0,29.0,0.0,0.0,0.0,0.0,0.0,"solar2_v,lipo2_v"
2022-03-13T15:00:00Z,28.0,28.0,,,0.0,0.0,,,,,,,,,,,3.881,3.879,3.884,,,,231.929,0.0,0.0,,,,,296.036,295.0,297.0,,,0.0,5832.0,5859.0,0.0,0.0,0.0,0.0,0.0,0.0,28.0,0.0,0.0,0.0,28.0,0.0,0.0,0.0,0.0,0.0,"solar2_v,lipo2_v"
2022-03-13T16:00:00Z,29.0,29.0,,,0.0,0.0,,,,,,,,,,,3.879,3.877,3.882,,,,232.517,0.0,0.0,,,,,293.759,292.0,295.0,,,0.0,5860.0,5888.0,0.0,0.0,0.0,0.0,0.0,0.0,29.0,0.0,0.0,0.0,29.0,0.0,0.0,0.0,0.0,0.0,"solar2_v,lipo2_v"
2022-03-13T17:00:00Z,29.0,29.0,,,0.0,0.0,,,,,,,,,,,3.879,3.877,3.88,,,,232.966,0.0,0.0,,,,,290.138,288.0,291.0,,,0.0,5889.0,5917.0,0.0,0.0,0.0,0.0,0.0,0.0,29.0,0.0,0.0,0.0,29.0,0.0,0.0,0.0,0.0,0.0,"solar2_v,lipo2_v"
2022-03-13T18:00:00Z,29.0,29.0,,,0.0,0.0,,,,,,,,,,,3.877,3.875,3.879,,,,233.103,0.0,0.0,,,,,287.897,287.0,288.0,,,0.0,5918.0,5946.0,0.0,0.0,0.0,0.0,0.0,0.0,29.0,0.0,0.0,0.0,29.0,0.0,0.0,0.0,0.0,0.0,"solar2_v,lipo2_v"
2022-03-13T19:00:00Z,28.0,28.0,,,0.0,0.0,,,,,,,,,,,3.876,3.874,3.879,,,,233.286,0.0,0.0,,,,,286.643,286.0,287.0,,,0.0,5947.0,5974.0,0.0,0.0,0.0,0.0,0.0,0.0,28.0,0.0,0.0,0.0,28.0,0.0,0.0,0.0,0.0,0.0,"solar2_v,lipo2_v"
2022-03-13T20:00:00Z,29.0,29.0,,,0.0,0.0,,,,,,,,,,,3.875,3.874,3.877,,,,233.034,0.0,0.0,,,,,286.897,286.0,287.0,,,0.0,5975.0,6003.0,0.0,0.0,0.0,0.0,0.0,0.0,29.0,0.0,0.0,0.0,29.0,0.0,0.0,0.0,0.0,0.0,"solar2_v,lipo2_v"
2022-03-13T21:00:00Z,29.0,29.0,,,0.0,0.0,,,,,,,,,,,3.874,3.872,3.875,,,,232.862,0.0,0.0,,,,,287.172,287.0,288.0,,,0.0,6004.0,6032.0,0.0,0.0,0.0,0.0,0.0,0.0,29.0,0.0,0.0,0.0,29.0,0.0,0.0,0.0,0.0,0.0,"solar2_v,lipo2_v"
2022-03-13T22:00:00Z,28.0,28.0,,,0.0,0.0,,,,,,,,,,,3.873,3.872,3.874,,,,232.714,0.0,0.0,,,,,287.0,287.0,287.0,,,0.0,6033.0,6060.0,0.0,0.0,0.0,0.0,0.0,0.0,28.0,0.0,0.0,0.0,28.0,0.0,0.0,0.0,0.0,0.0,"solar2_v,lipo2_v"
2022-03-13T23:00:00Z,29.0,29.0,,,0.072,0.392,,,,,,,,,,,3.872,3.871,3.874,,,,233.31,0.0,0.0,,,,,288.897,286.0,295.0,,,0.0,6061.0,6089.0,0.0,6.0,0.0,0.0,0.0,0.0,29.0,0.0,0.0,0.0,29.0,0.0,0.0,0.0,0.0,0.0,"solar2_v,lipo2_v"
2022-03-14T00:00:00Z,29.0,29.0,,,1.683,3.393,,,,,,,,,,,3.873,3.871,3.875,,,,229.448,0.0,0.0,,,,,310.103,206.0,385.0,,,0.0,6090.0,6118.0,0.0,29.0,0.0,0.0,0.0,0.0,29.0,0.0,0.0,0.0,29.0,0.0,0.0,0.0,0.0,0.0,"solar2_v,lipo2_v"
2022-03-14T01:00:00Z,27.0,27.0,,,2.572,4.733,,,,,,,,,,,3.876,3.875,3.879,,,,222.815,0.0,0.0,,,,,322.519,238.0,410.0,,,0.0,6119.0,6146.0,0.0,27.0,0.0,0.0,0.0,0.0,27.0,0.0,0.0,0.0,27.0,0.0,0.0,0.0,0.0,0.0,"solar2_v,lipo2_v"
2022-03-14T02:00:00Z,29.0,29.0,,,3.572,5.179,,,,,,,,,,,3.875,3.872,3.879,,,,225.897,0.0,0.0,,,,,365.966,252.0,459.0,,,0.0,6147.0,6175.0,0.0,29.0,0.0,0.0,0.0,0.0,29.0,0.0,0.0,0.0,29.0,0.0,0.0,0.0,0.0,0.0,"solar2_v,lipo2_v"
2022-03-14T03:00:00Z,20.0,20.0,,,4.257,5.0,,,,,,,,,,,3.879,3.877,3.88,,,,213.65,0.0,0.0,,,,,466.95,327.0,496.0,,,0.0,6176.0,6203.0,0.0,20.0,0.0,0.0,0.0,0.0,20.0,0.0,0.0,0.0,20.0,0.0,0.0,0.0,0.0,0.0,"solar2_v,lipo2_v"
2022-03-14T04:00:00Z,1.0,1.0,,,1.636,1.636,,,,,,,,,,,3.874,3.874,3.874,,,,222.0,0.0,0.0,,,,,353.0,353.0,353.0,,,0.0,6216.0,6216.0,0.0,1.0,0.0,0.0,0.0,0.0,1.0,0.0,0.0,0.0,1.0,0.0,0.0,0.0,0.0,0.0,"solar2_v,lipo2_v"
2022-03-14T05:00:00Z,28.0,28.0,,,4.258,5.2,,,,,,,,,,,3.878,3.875,3.88,,,,214.893,0.0,0.0,,,,,480.0,445.0,507.0,,,0.0,6231.0,6258.0,0.0,28.0,0.0,0.0,0.0,0.0,28.0,0.0,0.0,0.0,28.0,0.0,0.0,0.0,0.0,0.0,"solar2_v,lipo2_v"
2022-03-14T06:00:00Z,28.0,28.0,,,3.948,5.011,,,,,,,,,,,3.877,3.875,3.879,,,,217.75,0.0,0.0,,,,,444.679,420.0,463.0,,,0.0,6259.0,6286.0,0.0,28.0,0.0,0.0,0.0,0.0,28.0,0.0,0.0,0.0,28.0,0.0,0.0,0.0,0.0,0.0,"solar2_v,lipo2_v"
2022-03-14T07:00:00Z,29.0,29.0,,,1.748,4.392,,,,,,,,,,,3.875,3.874,3.879,,,,224.655,0.0,0.0,,,,,398.655,365.0,430.0,,,0.0,6287.0,6315.0,0.0,29.0,0.0,0.0,0.0,0.0,29.0,0.0,0.0,0.0,29.0,0.0,0.0,0.0,0.0,0.0,"solar2_v,lipo2_v"
2022-03-14T08:00:00Z,29.0,29.0,,,0.724,0.916,,,,,,,,,,,3.873,3.872,3.875,,,,228.69,0.0,0.0,,,,,323.931,199.0,381.0,,,0.0,6316.0,6344.0,0.0,29.0,0.0,0.0,0.0,0.0,29.0,0.0,0.0,0.0,29.0,0.0,0.0,0.0,0.0,0.0,"solar2_v,lipo2_v"
2022-03-14T09:00:00Z,28.0,28.0,,,0.136,0.575,,,,,,,,,,,3.871,3.871,3.872,,,,229.429,0.0,0.0,,,,,340.107,328.0,353.0,,,0.0,6345.0,6372.0,0.0,8.0,0.0,0.0,0.0,0.0,28.0,0.0,0.0,0.0,28.0,0.0,0.0,0.0,0.0,0.0,"solar2_v,lipo2_v"
2022-03-14T10:00:00Z,29.0,29.0,,,0.0,0.0,,,,,,,,,,,3.871,3.869,3.871,,,,231.552,0.0,0.0,,,,,323.621,316.0,327.0,,,0.0,6373.0,6401.0,0.0,0.0,0.0,0.0,0.0,0.0,29.0,0.0,0.0,0.0,29.0,0.0,0.0,0.0,0.0,0.0,"solar2_v,lipo2_v"
2022-03-14T11:00:00Z,29.0,29.0,,,0.0,0.0,,,,,,,,,,,3.87,3.869,3.871,,,,230.828,0.0,0.0,,,,,311.966,306.0,315.0,,,0.0,6402.0,6430.0,0.0,0.0,0.0,0.0,0.0,0.0,29.0,0.0,0.0,0.0,29.0,0.0,0.0,0.0,0.0,0.0,"solar2_v,lipo2_v"
2022-03-14T12:00:00Z,28.0,28.0,,,0.0,0.0,,,,,,,,,,,3.869,3.869,3.871,,,,229.857,0.0,0.0,,,,,304.679,301.0,307.0,,,0.0,6431.0,6458.0,0.0,0.0,0.0,0.0,0.0,0.0,28.0,0.0,0.0,0.0,28.0,0.0,0.0,0.0,0.0,0.0,"solar2_v,lipo2_v"
2022-03-14T13:00:00Z,29.0,29.0,,,0.0,0.0,,,,,,,,,,,3.869,3.867,3.869,,,,231.897,0.0,0.0,,,,,301.069,301.0,302.0,,,0.0,6459.0,6487.0,0.0,0.0,0.0,0.0,0.0,0.0,29.0,0.0,0.0,0.0,29.0,0.0,0.0,0.0,0.0,0.0,"solar2_v,lipo2_v"
2022-03-14T14:00:00Z,28.0,28.0,,,0.0,0.0,,,,,,,,,,,3.868,3.867,3.869,,,,231.464,0.0,0.0,,,,,300.393,300.0,301.0,,,0.0,6488.0,6515.0,0.0,0.0,0.0,0.0,0.0,0.0,28.0,0.0,0.0,0.0,28.0,0.0,0.0,0.0,0.0,0.0,"solar2_v,lipo2_v"
2022-03-14T15:00:00Z,29.0,29.0,,,0.0,0.0,,,,,,,,,,,3.868,3.867,3.869,,,,232.483,0.0,0.0,,,,,297.448,296.0,300.0,,,0.0,6516.0,6544.0,0.0,0.0,0.0,0.0,0.0,0.0,29.0,0.0,0.0,0.0,29.0,0.0,0.0,0.0,0.0,0.0,"solar2_v,lipo2_v"
2022-03-14T16:00:00Z,29.0,29.0,,,0.0,0.0,,,,,,,,,,,3.867,3.866,3.869,,,,232.069,0.0,0.0,,,,,296.138,294.0,297.0,,,0.0,6545.0,6573.0,0.0,0.0,0.0,0.0,0.0,0.0,29.0,0.0,0.0,0.0,29.0,0.0,0.0,0.0,0.0,0.0,"solar2_v,lipo2_v"
2022-03-14T17:00:00Z,28.0,28.0,,,0.0,0.0,,,,,,,,,,,3.867,3.866,3.869,,,,232.571,0.0,0.0,,,,,291.464,291.0,294.0,,,0.0,6574.0,6601.0,0.0,0.0,0.0,0.0,0.0,0.0,28.0,0.0,0.0,0.0,28.0,0.0,0.0,0.0,0.0,0.0,"solar2_v,lipo2_v"
2022-03-14T18:00:00Z,29.0,29.0,,,0.0,0.0,,,,,,,,,,,3.866,3.864,3.867,,,,232.828,0.0,0.0,,,,,287.931,287.0,291.0,,,0.0,6602.0,6630.0,0.0,0.0,0.0,0.0,0.0,0.0,29.0,0.0,0.0,0.0,29.0,0.0,0.0,0.0,0.0,0.0,"solar2_v,lipo2_v"
2022-03-14T19:00:00Z,29.0,29.0,,,0.0,0.0,,,,,,,,,,,3.865,3.862,3.867,,,,232.793,0.0,0.0,,,,,287.379,287.0,288.0,,,0.0,6631.0,6659.0,0.0,0.0,0.0,0.0,0.0,0.0,29.0,0.0,0.0,0.0,29.0,0.0,0.0,0.0,0.0,0.0,"solar2_v,lipo2_v"
2022-03-14T20:00:00Z,28.0,28.0,,,0.0,0.0,,,,,,,,,,,3.865,3.862,3.867,,,,232.821,0.0,0.0,,,,,287.25,286.0,288.0,,,0.0,6660.0,6687.0,0.0,0.0,0.0,0.0,0.0,0.0,28.0,0.0,0.0,0.0,28.0,0.0,0.0,0.0,0.0,0.0,"solar2_v,lipo2_v"
2022-03-14T21:00:00Z,29.0,29.0,,,0.0,0.0,,,,,,,,,,,3.864,3.862,3.866,,,,233.172,0.0,0.0,,,,,287.241,287.0,288.0,,,0.0,6688.0,6716.0,0.0,0.0,0.0,0.0,0.0,0.0,29.0,0.0,0.0,0.0,29.0,0.0,0.0,0.0,0.0,0.0,"solar2_v,lipo2_v"
2022-03-14T22:00:00Z,28.0,28.0,,,0.0,0.0,,,,,,,,,,,3.863,3.861,3.866,,,,233.286,0.0,0.0,,,,,286.107,285.0,287.0,,,0.0,6717.0,6744.0,0.0,0.0,0.0,0.0,0.0,0.0,28.0,0.0,0.0,0.0,28.0,0.0,0.0,0.0,0.0,0.0,"solar2_v,lipo2_v"
2022-03-14T23:00:00Z,29.0,29.0,,,0.089,0.424,,,,,,,,,,,3.863,3.861,3.866,,,,233.034,0.0,0.0,,,,,287.483,285.0,294.0,,,0.0,6745.0,6773.0,0.0,7.0,0.0,0.0,0.0,0.0,29.0,0.0,0.0,0.0,29.0,0.0,0.0,0.0,0.0,0.0,"solar2_v,lipo2_v"
2022-03-15T00:00:00Z,29.0,29.0,,,0.87,1.285,,,,,,,,,,,3.863,3.862,3.866,,,,230.345,0.0,0.0,,,,,319.655,294.0,344.0,,,0.0,6774.0,6802.0,0.0,29.0,0.0,0.0,0.0,0.0,29.0,0.0,0.0,0.0,29.0,0.0,0.0,0.0,0.0,0.0,"solar2_v,lipo2_v"
2022-03-15T01:00:00Z,28.0,28.0,,,3.191,4.482,,,,,,,,,,,3.866,3.862,3.869,,,,225.429,0.0,0.0,,,,,352.5,226.0,443.0,,,0.0,6803.0,6830.0,0.0,28.0,0.0,0.0,0.0,0.0,28.0,0.0,0.0,0.0,28.0,0.0,0.0,0.0,0.0,0.0,"solar2_v,lipo2_v"
2022-03-15T02:00:00Z,29.0,29.0,,,4.74,4.982,,,,,,,,,,,3.869,3.867,3.869,,,,218.276,0.0,0.0,,,,,449.0,424.0,465.0,,,0.0,6831.0,6859.0,0.0,29.0,0.0,0.0,0.0,0.0,29.0,0.0,0.0,0.0,29.0,0.0,0.0,0.0,0.0,0.0,"solar2_v,lipo2_v"
2022-03-15T03:00:00Z,29.0,29.0,,,4.642,4.967,,,,,,,,,,,3.869,3.869,3.871,,,,213.552,0.0,0.0,,,,,506.31,471.0,533.0,,,0.0,6860.0,6888.0,0.0,29.0,0.0,0.0,0.0,0.0,29.0,0.0,0.0,0.0,29.0,0.0,0.0,0.0,0.0,0.0,"solar2_v,lipo2_v"
2022-03-15T04:00:00Z,28.0,28.0,,,4.729,4.948,,,,,,,,,,,3.869,3.869,3.871,,,,210.75,0.0,0.0,,,,,521.036,509.0,535.0,,,0.0,6889.0,6916.0,0.0,28.0,0.0,0.0,0.0,0.0,28.0,0.0,0.0,0.0,28.0,0.0,0.0,0.0,0.0,0.0,"solar2_v,lipo2_v"
2022-03-15T05:00:00Z,29.0,29.0,,,3.722,5.049,,,,,,,,,,,3.869,3.867,3.869,,,,217.379,0.0,0.0,,,,,444.138,290.0,513.0,,,0.0,6917.0,6945.0,0.0,29.0,0.0,0.0,0.0,0.0,29.0,0.0,0.0,0.0,29.0,0.0,0.0,0.0,0.0,0.0,"solar2_v,lipo2_v"
2022-03-15T06:00:00Z,28.0,28.0,,,3.625,4.872,,,,,,,,,,,3.867,3.866,3.869,,,,221.607,0.0,0.0,,,,,410.536,330.0,440.0,,,0.0,6946.0,6973.0,0.0,28.0,0.0,0.0,0.0,0.0,28.0,0.0,0.0,0.0,28.0,0.0,0.0,0.0,0.0,0.0,"solar2_v,lipo2_v"
2022-03-15T07:00:00Z,29.0,29.0,,,2.301,4.383,,,,,,,,,,,3.866,3.864,3.867,,,,220.414,0.0,0.0,,,,,412.345,351.0,447.0,,,0.0,6974.0,7002.0,0.0,29.0,0.0,0.0,0.0,0.0,29.0,0.0,0.0,0.0,29.0,0.0,0.0,0.0,0.0,0.0,"solar2_v,lipo2_v"
2022-03-15T08:00:00Z,29.0,29.0,,,0.752,1.028,,,,,,,,,,,3.863,3.861,3.866,,,,229.172,0.0,0.0,,,,,340.034,260.0,385.0,,,0.0,7003.0,7031.0,0.0,29.0,0.0,0.0,0.0,0.0,29.0,0.0,0.0,0.0,29.0,0.0,0.0,0.0,0.0,0.0,"solar2_v,lipo2_v"
2022-03-15T09:00:00Z,28.0,28.0,,,0.384,0.552,,,,,,,,,,,3.861,3.859,3.864,,,,227.857,0.0,0.0,,,,,341.571,329.0,353.0,,,0.0,7032.0,7059.0,0.0,23.0,0.0,0.0,0.0,0.0,28.0,0.0,0.0,0.0,28.0,0.0,0.0,0.0,0.0,0.0,"solar2_v,lipo2_v"
2022-03-15T10:00:00Z,29.0,29.0,,,0.023,0.341,,,,,,,,,,,3.858,3.854,3.862,,,,230.552,0.0,0.0,,,,,321.448,316.0,328.0,,,0.0,7060.0,7088.0,0.0,2.0,0.0,0.0,0.0,0.0,29.0,0.0,0.0,0.0,29.0,0.0,0.0,0.0,0.0,0.0,"solar2_v,lipo2_v"
2022-03-15T11:00:00Z,29.0,29.0,,,0.0,0.0,,,,,,,,,,,3.856,3.854,3.859,,,,231.0,0.0,0.0,,,,,310.966,306.0,316.0,,,0.0,7089.0,7117.0,0.0,0.0,0.0,0.0,0.0,0.0,29.0,0.0,0.0,0.0,29.0,0.0,0.0,0.0,0.0,0.0,"solar2_v,lipo2_v"
2022-03-15T12:00:00Z,28.0,28.0,,,0.0,0.0,,,,,,,,,,,3.855,3.852,3.857,,,,230.393,0.0,0.0,,,,,304.929,303.0,306.0,,,0.0,7118.0,7145.0,0.0,0.0,0.0,0.0,0.0,0.0,28.0,0.0,0.0,0.0,28.0,0.0,0.0,0.0,0.0,0.0,"solar2_v,lipo2_v"
2022-03-15T13:00:00Z,29.0,29.0,,,0.0,0.0,,,,,,,,,,,3.853,3.852,3.856,,,,232.0,0.0,0.0,,,,,300.897,300.0,303.0,,,0.0,7146.0,7174.0,0.0,0.0,0.0,0.0,0.0,0.0,29.0,0.0,0.0,0.0,29.0,0.0,0.0,0.0,0.0,0.0,"solar2_v,lipo2_v"
2022-03-15T14:00:00Z,28.0,28.0,,,0.0,0.0,,,,,,,,,,,3.852,3.851,3.854,,,,231.679,0.0,0.0,,,,,299.714,297.0,301.0,,,0.0,7175.0,7203.0,0.0,0.0,0.0,0.0,0.0,0.0,28.0,0.0,0.0,0.0,28.0,0.0,0.0,0.0,0.0,0.0,"solar2_v,lipo2_v"
2022-03-15T15:00:00Z,27.0,27.0,,,0.0,0.0,,,,,,,,,,,3.851,3.849,3.854,,,,232.037,0.0,0.0,,,,,294.37,292.0,298.0,,,0.0,7204.0,7231.0,0.0,0.0,0.0,0.0,0.0,0.0,27.0,0.0,0.0,0.0,27.0,0.0,0.0,0.0,0.0,0.0,"solar2_v,lipo2_v"
2022-03-15T16:00:00Z,29.0,29.0,,,0.0,0.0,,,,,,,,,,,3.85,3.847,3.851,,,,232.862,0.0,0.0,,,,,292.414,291.0,293.0,,,0.0,7232.0,7260.0,0.0,0.0,0.0,0.0,0.0,0.0,29.0,0.0,0.0,0.0,29.0,0.0,0.0,0.0,0.0,0.0,"solar2_v,lipo2_v"
2022-03-15T17:00:00Z,28.0,28.0,,,0.0,0.0,,,,,,,,,,,3.849,3.847,3.851,,,,232.929,0.0,0.0,,,,,291.536,289.0,294.0,,,0.0,7261.0,7288.0,0.0,0.0,0.0,0.0,0.0,0.0,28.0,0.0,0.0,0.0,28.0,0.0,0.0,0.0,0.0,0.0,"solar2_v,lipo2_v"
2022-03-15T18:00:00Z,29.0,29.0,,,0.0,0.0,,,,,,,,,,,3.848,3.847,3.849,,,,233.448,0.0,0.0,,,,,288.207,287.0,290.0,,,0.0,7289.0,7317.0,0.0,0.0,0.0,0.0,0.0,0.0,29.0,0.0,0.0,0.0,29.0,0.0,0.0,0.0,0.0,0.0,"solar2_v,lipo2_v"
2022-03-15T19:00:00Z,29.0,29.0,,,0.0,0.0,,,,,,,,,,,3.847,3.846,3.847,,,,233.414,0.0,0.0,,,,,289.345,288.0,291.0,,,0.0,7318.0,7346.0,0.0,0.0,0.0,0.0,0.0,0.0,29.0,0.0,0.0,0.0,29.0,0.0,0.0,0.0,0.0,0.0,"solar2_v,lipo2_v"
2022-03-15T20:00:00Z,28.0,28.0,,,0.0,0.0,,,,,,,,,,,3.847,3.846,3.849,,,,233.036,0.0,0.0,,,,,290.107,289.0,291.0,,,0.0,7347.0,7374.0,0.0,0.0,0.0,0.0,0.0,0.0,28.0,0.0,0.0,0.0,28.0,0.0,0.0,0.0,0.0,0.0,"solar2_v,lipo2_v"
2022-03-15T21:00:00Z,28.0,28.0,,,0.0,0.0,,,,,,,,,,,3.846,3.844,3.847,,,,233.036,0.0,0.0,,,,,287.643,286.0,291.0,,,0.0,7375.0,7403.0,0.0,0.0,0.0,0.0,0.0,0.0,28.0,0.0,0.0,0.0,28.0,0.0,0.0,0.0,0.0,0.0,"solar2_v,lipo2_v"
2022-03-15T22:00:00Z,29.0,29.0,,,0.0,0.0,,,,,,,,,,,3.845,3.844,3.847,,,,233.414,0.0,0.0,,,,,284.862,282.0,286.0,,,0.0,7404.0,7432.0,0.0,0.0,0.0,0.0,0.0,0.0,29.0,0.0,0.0,0.0,29.0,0.0,0.0,0.0,0.0,0.0,"solar2_v,lipo2_v"
2022-03-15T23:00:00Z,28.0,28.0,,,0.104,0.424,,,,,,,,,,,3.843,3.842,3.847,,,,233.464,0.0,0.0,,,,,284.929,282.0,289.0,,,0.0,7433.0,7460.0,0.0,8.0,0.0,0.0,0.0,0.0,28.0,0.0,0.0,0.0,28.0,0.0,0.0,0.0,0.0,0.0,"solar2_v,lipo2_v"
2022-03-16T00:00:00Z,29.0,29.0,,,1.364,2.581,,,,,,,,,,,3.844,3.842,3.847,,,,229.897,0.0,0.0,,,,,306.724,224.0,361.0,,,0.0,7461.0,7489.0,0.0,29.0,0.0,0.0,0.0,0.0,29.0,0.0,0.0,0.0,29.0,0.0,0.0,0.0,0.0,0.0,"solar2_v,lipo2_v"
2022-03-16T01:00:00Z,28.0,28.0,,,3.42,4.339,,,,,,,,,,,3.846,3.842,3.849,,,,225.179,0.0,0.0,,,,,326.643,206.0,423.0,,,0.0,7490.0,7517.0,0.0,28.0,0.0,0.0,0.0,0.0,28.0,0.0,0.0,0.0,28.0,0.0,0.0,0.0,0.0,0.0,"solar2_v,lipo2_v"
2022-03-16T02:00:00Z,29.0,29.0,,,4.125,4.91,,,,,,,,,,,3.848,3.847,3.851,,,,221.586,0.0,0.0,,,,,435.724,311.0,459.0,,,0.0,7518.0,7546.0,0.0,29.0,0.0,0.0,0.0,0.0,29.0,0.0,0.0,0.0,29.0,0.0,0.0,0.0,0.0,0.0,"solar2_v,lipo2_v"
2022-03-16T03:00:00Z,29.0,29.0,,,4.444,4.915,,,,,,,,,,,3.849,3.847,3.851,,,,215.862,0.0,0.0,,,,,470.931,447.0,500.0,,,0.0,7547.0,7575.0,0.0,29.0,0.0,0.0,0.0,0.0,29.0,0.0,0.0,0.0,29.0,0.0,0.0,0.0,0.0,0.0,"solar2_v,lipo2_v"
2022-03-16T04:00:00Z,28.0,28.0,,,4.222,5.052,,,,,,,,,,,3.848,3.846,3.851,,,,218.25,0.0,0.0,,,,,476.143,460.0,490.0,,,0.0,7576.0,7603.0,0.0,28.0,0.0,0.0,0.0,0.0,28.0,0.0,0.0,0.0,28.0,0.0,0.0,0.0,0.0,0.0,"solar2_v,lipo2_v"
2022-03-16T05:00:00Z,28.0,28.0,,,3.838,5.351,,,,,,,,,,,3.845,3.844,3.847,,,,221.5,0.0,0.0,,,,,421.964,376.0,452.0,,,0.0,7604.0,7632.0,0.0,28.0,0.0,0.0,0.0,0.0,28.0,0.0,0.0,0.0,28.0,0.0,0.0,0.0,0.0,0.0,"solar2_v,lipo2_v"
2022-03-16T06:00:00Z,28.0,28.0,,,2.696,4.877,,,,,,,,,,,3.844,3.842,3.847,,,,224.643,0.0,0.0,,,,,407.786,366.0,459.0,,,0.0,7633.0,7660.0,0.0,28.0,0.0,0.0,0.0,0.0,28.0,0.0,0.0,0.0,28.0,0.0,0.0,0.0,0.0,0.0,"solar2_v,lipo2_v"
2022-03-16T07:00:00Z,29.0,29.0,,,1.431,3.271,,,,,,,,,,,3.842,3.841,3.844,,,,225.034,0.0,0.0,,,,,367.448,355.0,374.0,,,0.0,7661.0,7689.0,0.0,29.0,0.0,0.0,0.0,0.0,29.0,0.0,0.0,0.0,29.0,0.0,0.0,0.0,0.0,0.0,"solar2_v,lipo2_v"
2022-03-16T08:00:00Z,29.0,29.0,,,0.792,1.023,,,,,,,,,,,3.84,3.839,3.842,,,,228.586,0.0,0.0,,,,,350.759,345.0,367.0,,,0.0,7690.0,7718.0,0.0,29.0,0.0,0.0,0.0,0.0,29.0,0.0,0.0,0.0,29.0,0.0,0.0,0.0,0.0,0.0,"solar2_v,lipo2_v"
2022-03-16T09:00:00Z,28.0,28.0,,,0.376,0.579,,,,,,,,,,,3.839,3.836,3.841,,,,230.143,0.0,0.0,,,,,330.857,320.0,343.0,,,0.0,7719.0,7746.0,0.0,24.0,0.0,0.0,0.0,0.0,28.0,0.0,0.0,0.0,28.0,0.0,0.0,0.0,0.0,0.0,"solar2_v,lipo2_v"
2022-03-16T10:00:00Z,28.0,28.0,,,0.047,0.339,,,,,,,,,,,3.837,3.834,3.839,,,,232.821,0.0,0.0,,,,,315.679,313.0,320.0,,,0.0,7747.0,7775.0,0.0,4.0,0.0,0.0,0.0,0.0,28.0,0.0,0.0,0.0,28.0,0.0,0.0,0.0,0.0,0.0,"solar2_v,lipo2_v"
2022-03-16T11:00:00Z,28.0,28.0,,,0.0,0.0,,,,,,,,,,,3.836,3.834,3.838,,,,231.0,0.0,0.0,,,,,307.286,301.0,313.0,,,0.0,7776.0,7804.0,0.0,0.0,0.0,0.0,0.0,0.0,28.0,0.0,0.0,0.0,28.0,0.0,0.0,0.0,0.0,0.0,"solar2_v,lipo2_v"
2022-03-16T12:00:00Z,28.0,28.0,,,0.0,0.0,,,,,,,,,,,3.835,3.833,3.838,,,,232.143,0.0,0.0,,,,,300.75,300.0,301.0,,,0.0,7805.0,7832.0,0.0,0.0,0.0,0.0,0.0,0.0,28.0,0.0,0.0,0.0,28.0,0.0,0.0,0.0,0.0,0.0,"solar2_v,lipo2_v"
2022-03-16T13:00:00Z,29.0,29.0,,,0.0,0.0,,,,,,,,,,,3.833,3.831,3.836,,,,232.069,0.0,0.0,,,,,297.552,295.0,300.0,,,0.0,7833.0,7861.0,0.0,0.0,0.0,0.0,0.0,0.0,29.0,0.0,0.0,0.0,29.0,0.0,0.0,0.0,0.0,0.0,"solar2_v,lipo2_v"
2022-03-16T14:00:00Z,28.0,28.0,,,0.0,0.0,,,,,,,,,,,3.832,3.829,3.834,,,,233.25,0.0,0.0,,,,,291.857,290.0,294.0,,,0.0,7862.0,7889.0,0.0,0.0,0.0,0.0,0.0,0.0,28.0,0.0,0.0,0.0,28.0,0.0,0.0,0.0,0.0,0.0,"solar2_v,lipo2_v"
2022-03-16T15:00:00Z,29.0,29.0,,,0.0,0.0,,,,,,,,,,,3.831,3.829,3.834,,,,232.931,0.0,0.0,,,,,288.31,287.0,290.0,,,0.0,7890.0,7918.0,0.0,0.0,0.0,0.0,0.0,0.0,29.0,0.0,0.0,0.0,29.0,0.0,0.0,0.0,0.0,0.0,"solar2_v,lipo2_v"
2022-03-16T16:00:00Z,29.0,29.0,,,0.0,0.0,,,,,,,,,,,3.829,3.826,3.833,,,,233.759,0.0,0.0,,,,,286.621,286.0,287.0,,,0.0,7919.0,7947.0,0.0,0.0,0.0,0.0,0.0,0.0,29.0,0.0,0.0,0.0,29.0,0.0,0.0,0.0,0.0,0.0,"solar2_v,lipo2_v"
2022-03-16T17:00:00Z,28.0,28.0,,,0.0,0.0,,,,,,,,,,,3.828,3.826,3.829,,,,233.107,0.0,0.0,,,,,285.929,285.0,286.0,,,0.0,7948.0,7975.0,0.0,0.0,0.0,0.0,0.0,0.0,28.0,0.0,0.0,0.0,28.0,0.0,0.0,0.0,0.0,0.0,"solar2_v,lipo2_v"
2022-03-16T18:00:00Z,29.0,29.0,,,0.0,0.0,,,,,,,,,,,3.827,3.826,3.829,,,,233.931,0.0,0.0,,,,,282.759,277.0,286.0,,,0.0,7976.0,8004.0,0.0,0.0,0.0,0.0,0.0,0.0,29.0,0.0,0.0,0.0,29.0,0.0,0.0,0.0,0.0,0.0,"solar2_v,lipo2_v"
2022-03-16T19:00:00Z,29.0,29.0,,,0.0,0.0,,,,,,,,,,,3.826,3.824,3.828,,,,233.586,0.0,0.0,,,,,277.241,277.0,278.0,,,0.0,8005.0,8033.0,0.0,0.0,0.0,0.0,0.0,0.0,29.0,0.0,0.0,0.0,29.0,0.0,0.0,0.0,0.0,0.0,"solar2_v,lipo2_v"
2022-03-16T20:00:00Z,28.0,28.0,,,0.0,0.0,,,,,,,,,,,3.825,3.821,3.828,,,,233.286,0.0,0.0,,,,,278.143,277.0,280.0,,,0.0,8034.0,8061.0,0.0,0.0,0.0,0.0,0.0,0.0,28.0,0.0,0.0,0.0,28.0,0.0,0.0,0.0,0.0,0.0,"solar2_v,lipo2_v"
2022-03-16T21:00:00Z,29.0,29.0,,,0.0,0.0,,,,,,,,,,,3.824,3.821,3.826,,,,233.793,0.0,0.0,,,,,275.793,275.0,277.0,,,0.0,8062.0,8090.0,0.0,0.0,0.0,0.0,0.0,0.0,29.0,0.0,0.0,0.0,29.0,0.0,0.0,0.0,0.0,0.0,"solar2_v,lipo2_v"
2022-03-16T22:00:00Z,19.0,19.0,,,0.0,0.0,,,,,,,,,,,3.822,3.819,3.824,,,,233.737,0.0,0.0,,,,,276.053,275.0,277.0,,,0.0,8091.0,8118.0,0.0,0.0,0.0,0.0,0.0,0.0,19.0,0.0,0.0,0.0,19.0,0.0,0.0,0.0,0.0,0.0,"solar2_v,lipo2_v"
2022-03-16T23:00:00Z,2.0,2.0,,,0.0,0.0,,,,,,,,,,,3.82,3.819,3.821,,,,233.0,0.0,0.0,,,,,279.5,277.0,282.0,,,0.0,8119.0,8138.0,0.0,0.0,0.0,0.0,0.0,0.0,2.0,0.0,0.0,0.0,2.0,0.0,0.0,0.0,0.0,0.0,"solar2_v,lipo2_v"
2022-03-17T00:00:00Z,17.0,17.0,,,1.634,2.141,,,,,,,,,,,3.819,3.818,3.821,,,,227.059,0.0,0.0,,,,,343.176,327.0,354.0,,,0.0,8156.0,8172.0,0.0,17.0,0.0,0.0,0.0,0.0,17.0,0.0,0.0,0.0,17.0,0.0,0.0,0.0,0.0,0.0,"solar2_v,lipo2_v"
2022-03-17T01:00:00Z,28.0,28.0,,,2.574,4.124,,,,,,,,,,,3.82,3.819,3.823,,,,226.607,0.0,0.0,,,,,358.857,305.0,394.0,,,0.0,8173.0,8200.0,0.0,28.0,0.0,0.0,0.0,0.0,28.0,0.0,0.0,0.0,28.0,0.0,0.0,0.0,0.0,0.0,"solar2_v,lipo2_v"
2022-03-17T02:00:00Z,29.0,29.0,,,3.915,4.928,,,,,,,,,,,3.823,3.821,3.824,,,,224.0,0.0,0.0,,,,,307.966,210.0,433.0,,,0.0,8201.0,8229.0,0.0,29.0,0.0,0.0,0.0,0.0,29.0,0.0,0.0,0.0,29.0,0.0,0.0,0.0,0.0,0.0,"solar2_v,lipo2_v"
2022-03-17T03:00:00Z,29.0,29.0,,,4.206,5.01,,,,,,,,,,,3.823,3.821,3.826,,,,221.724,0.0,0.0,,,,,436.414,259.0,463.0,,,0.0,8230.0,8258.0,0.0,29.0,0.0,0.0,0.0,0.0,29.0,0.0,0.0,0.0,29.0,0.0,0.0,0.0,0.0,0.0,"solar2_v,lipo2_v"
2022-03-17T04:00:00Z,28.0,28.0,,,4.299,5.126,,,,,,,,,,,3.822,3.821,3.824,,,,216.857,0.0,0.0,,,,,426.5,253.0,475.0,,,0.0,8259.0,8286.0,0.0,28.0,0.0,0.0,0.0,0.0,28.0,0.0,0.0,0.0,28.0,0.0,0.0,0.0,0.0,0.0,"solar2_v,lipo2_v"
2022-03-17T05:00:00Z,29.0,29.0,,,3.829,5.077,,,,,,,,,,,3.821,3.821,3.823,,,,220.862,0.0,0.0,,,,,442.586,405.0,473.0,,,0.0,8287.0,8315.0,0.0,29.0,0.0,0.0,0.0,0.0,29.0,0.0,0.0,0.0,29.0,0.0,0.0,0.0,0.0,0.0,"solar2_v,lipo2_v"
2022-03-17T06:00:00Z,29.0,29.0,,,2.703,4.757,,,,,,,,,,,3.819,3.818,3.821,,,,223.034,0.0,0.0,,,,,379.759,269.0,410.0,,,0.0,8316.0,8344.0,0.0,29.0,0.0,0.0,0.0,0.0,29.0,0.0,0.0,0.0,29.0,0.0,0.0,0.0,0.0,0.0,"solar2_v,lipo2_v"
2022-03-17T07:00:00Z,28.0,28.0,,,1.907,2.93,,,,,,,,,,,3.819,3.818,3.819,,,,225.036,0.0,0.0,,,,,387.5,336.0,397.0,,,0.0,8345.0,8372.0,0.0,28.0,0.0,0.0,0.0,0.0,28.0,0.0,0.0,0.0,28.0,0.0,0.0,0.0,0.0,0.0,"solar2_v,lipo2_v"
2022-03-17T08:00:00Z,29.0,29.0,,,1.014,1.238,,,,,,,,,,,3.818,3.818,3.819,,,,226.31,0.0,0.0,,,,,364.517,353.0,374.0,,,0.0,8373.0,8401.0,0.0,29.0,0.0,0.0,0.0,0.0,29.0,0.0,0.0,0.0,29.0,0.0,0.0,0.0,0.0,0.0,"solar2_v,lipo2_v"
2022-03-17T09:00:00Z,28.0,28.0,,,0.462,0.708,,,,,,,,,,,3.817,3.816,3.819,,,,228.679,0.0,0.0,,,,,343.393,333.0,352.0,,,0.0,8402.0,8429.0,0.0,25.0,0.0,0.0,0.0,0.0,28.0,0.0,0.0,0.0,28.0,0.0,0.0,0.0,0.0,0.0,"solar2_v,lipo2_v"
2022-03-17T10:00:00Z,29.0,29.0,,,0.0,0.0,,,,,,,,,,,3.816,3.816,3.818,,,,229.828,0.0,0.0,,,,,323.828,314.0,332.0,,,0.0,8430.0,8458.0,0.0,0.0,0.0,0.0,0.0,0.0,29.0,0.0,0.0,0.0,29.0,0.0,0.0,0.0,0.0,0.0,"solar2_v,lipo2_v"
2022-03-17T11:00:00Z,29.0,29.0,,,0.0,0.0,,,,,,,,,,,3.816,3.814,3.816,,,,232.31,0.0,0.0,,,,,310.172,305.0,314.0,,,0.0,8459.0,8487.0,0.0,0.0,0.0,0.0,0.0,0.0,29.0,0.0,0.0,0.0,29.0,0.0,0.0,0.0,0.0,0.0,"solar2_v,lipo2_v"
2022-03-17T12:00:00Z,28.0,28.0,,,0.0,0.0,,,,,,,,,,,3.815,3.813,3.816,,,,232.786,0.0,0.0,,,,,301.286,300.0,304.0,,,0.0,8488.0,8515.0,0.0,0.0,0.0,0.0,0.0,0.0,28.0,0.0,0.0,0.0,28.0,0.0,0.0,0.0,0.0,0.0,"solar2_v,lipo2_v"
2022-03-17T13:00:00Z,29.0,29.0,,,0.0,0.0,,,,,,,,,,,3.814,3.813,3.816,,,,232.897,0.0,0.0,,,,,298.931,296.0,300.0,,,0.0,8516.0,8544.0,0.0,0.0,0.0,0.0,0.0,0.0,29.0,0.0,0.0,0.0,29.0,0.0,0.0,0.0,0.0,0.0,"solar2_v,lipo2_v"
2022-03-17T14:00:00Z,29.0,29.0,,,0.0,0.0,,,,,,,,,,,3.813,3.811,3.814,,,,232.31,0.0,0.0,,,,,295.345,293.0,296.0,,,0.0,8545.0,8573.0,0.0,0.0,0.0,0.0,0.0,0.0,29.0,0.0,0.0,0.0,29.0,0.0,0.0,0.0,0.0,0.0,"solar2_v,lipo2_v"
2022-03-17T15:00:00Z,28.0,28.0,,,0.0,0.0,,,,,,,,,,,3.812,3.811,3.814,,,,233.643,0.0,0.0,,,,,291.786,291.0,293.0,,,0.0,8574.0,8601.0,0.0,0.0,0.0,0.0,0.0,0.0,28.0,0.0,0.0,0.0,28.0,0.0,0.0,0.0,0.0,0.0,"solar2_v,lipo2_v"
2022-03-17T16:00:00Z,29.0,29.0,,,0.0,0.0,,,,,,,,,,,3.811,3.809,3.813,,,,232.897,0.0,0.0,,,,,290.0,288.0,291.0,,,0.0,8602.0,8630.0,0.0,0.0,0.0,0.0,0.0,0.0,29.0,0.0,0.0,0.0,29.0,0.0,0.0,0.0,0.0,0.0,"solar2_v,lipo2_v"
2022-03-17T17:00:00Z,29.0,29.0,,,0.0,0.0,,,,,,,,,,,3.809,3.806,3.811,,,,233.586,0.0,0.0,,,,,286.759,286.0,288.0,,,0.0,8631.0,8659.0,0.0,0.0,0.0,0.0,0.0,0.0,29.0,0.0,0.0,0.0,29.0,0.0,0.0,0.0,0.0,0.0,"solar2_v,lipo2_v"
2022-03-17T18:00:00Z,28.0,28.0,,,0.0,0.0,,,,,,,,,,,3.808,3.806,3.811,,,,233.75,0.0,0.0,,,,,286.571,286.0,287.0,,,0.0,8660.0,8687.0,0.0,0.0,0.0,0.0,0.0,0.0,28.0,0.0,0.0,0.0,28.0,0.0,0.0,0.0,0.0,0.0,"solar2_v,lipo2_v"
2022-03-17T19:00:00Z,29.0,29.0,,,0.0,0.0,,,,,,,,,,,3.807,3.803,3.808,,,,233.931,0.0,0.0,,,,,286.138,286.0,287.0,,,0.0,8688.0,8716.0,0.0,0.0,0.0,0.0,0.0,0.0,29.0,0.0,0.0,0.0,29.0,0.0,0.0,0.0,0.0,0.0,"solar2_v,lipo2_v"
2022-03-17T20:00:00Z,28.0,28.0,,,0.0,0.0,,,,,,,,,,,3.805,3.801,3.808,,,,233.179,0.0,0.0,,,,,285.464,284.0,286.0,,,0.0,8717.0,8745.0,0.0,0.0,0.0,0.0,0.0,0.0,28.0,0.0,0.0,0.0,28.0,0.0,0.0,0.0,0.0,0.0,"solar2_v,lipo2_v"
2022-03-17T21:00:00Z,28.0,28.0,,,0.0,0.0,,,,,,,,,,,3.804,3.803,3.806,,,,234.393,0.0,0.0,,,,,286.0,285.0,287.0,,,0.0,8746.0,8773.0,0.0,0.0,0.0,0.0,0.0,0.0,28.0,0.0,0.0,0.0,28.0,0.0,0.0,0.0,0.0,0.0,"solar2_v,lipo2_v"
2022-03-17T22:00:00Z,29.0,29.0,,,0.0,0.0,,,,,,,,,,,3.803,3.801,3.805,,,,233.414,0.0,0.0,,,,,281.793,281.0,285.0,,,0.0,8774.0,8802.0,0.0,0.0,0.0,0.0,0.0,0.0,29.0,0.0,0.0,0.0,29.0,0.0,0.0,0.0,0.0,0.0,"solar2_v,lipo2_v"
2022-03-17T23:00:00Z,28.0,28.0,,,0.095,0.449,,,,,,,,,,,3.802,3.8,3.805,,,,233.25,0.0,0.0,,,,,284.464,281.0,292.0,,,0.0,8803.0,8830.0,0.0,7.0,0.0,0.0,0.0,0.0,28.0,0.0,0.0,0.0,28.0,0.0,0.0,0.0,0.0,0.0,"solar2_v,lipo2_v"
2022-03-18T00:00:00Z,28.0,28.0,,,1.198,2.242,,,,,,,,,,,3.803,3.801,3.806,,,,228.857,0.0,0.0,,,,,325.679,293.0,359.0,,,0.0,8831.0,8859.0,0.0,28.0,0.0,0.0,0.0,0.0,28.0,0.0,0.0,0.0,28.0,0.0,0.0,0.0,0.0,0.0,"solar2_v,lipo2_v"
2022-03-18T01:00:00Z,29.0,29.0,,,3.199,3.824,,,,,,,,,,,3.804,3.801,3.806,,,,224.379,0.0,0.0,,,,,321.897,195.0,416.0,,,0.0,8860.0,8888.0,0.0,29.0,0.0,0.0,0.0,0.0,29.0,0.0,0.0,0.0,29.0,0.0,0.0,0.0,0.0,0.0,"solar2_v,lipo2_v"
2022-03-18T02:00:00Z,28.0,28.0,,,3.074,4.418,,,,,,,,,,,3.805,3.803,3.806,,,,224.964,0.0,0.0,,,,,350.75,208.0,433.0,,,0.0,8889.0,8916.0,0.0,28.0,0.0,0.0,0.0,0.0,28.0,0.0,0.0,0.0,28.0,0.0,0.0,0.0,0.0,0.0,"solar2_v,lipo2_v"
2022-03-18T03:00:00Z,29.0,29.0,,,3.666,4.698,,,,,,,,,,,3.807,3.805,3.809,,,,216.172,0.0,0.0,,,,,461.655,279.0,502.0,,,0.0,8917.0,8945.0,0.0,29.0,0.0,0.0,0.0,0.0,29.0,0.0,0.0,0.0,29.0,0.0,0.0,0.0,0.0,0.0,"solar2_v,lipo2_v"
2022-03-18T04:00:00Z,29.0,29.0,,,3.551,4.734,,,,,,,,,,,3.806,3.801,3.808,,,,220.483,0.0,0.0,,,,,455.966,447.0,462.0,,,0.0,8946.0,8974.0,0.0,29.0,0.0,0.0,0.0,0.0,29.0,0.0,0.0,0.0,29.0,0.0,0.0,0.0,0.0,0.0,"solar2_v,lipo2_v"
2022-03-18T05:00:00Z,28.0,28.0,,,3.453,5.074,,,,,,,,,,,3.803,3.801,3.806,,,,223.25,0.0,0.0,,,,,345.964,236.0,446.0,,,0.0,8975.0,9002.0,0.0,28.0,0.0,0.0,0.0,0.0,28.0,0.0,0.0,0.0,28.0,0.0,0.0,0.0,0.0,0.0,"solar2_v,lipo2_v"
2022-03-18T06:00:00Z,29.0,29.0,,,3.929,4.803,,,,,,,,,,,3.802,3.8,3.805,,,,223.207,0.0,0.0,,,,,351.862,219.0,394.0,,,0.0,9003.0,9031.0,0.0,29.0,0.0,0.0,0.0,0.0,29.0,0.0,0.0,0.0,29.0,0.0,0.0,0.0,0.0,0.0,"solar2_v,lipo2_v"
2022-03-18T07:00:00Z,29.0,29.0,,,1.865,3.65,,,,,,,,,,,3.801,3.8,3.803,,,,224.931,0.0,0.0,,,,,373.69,267.0,391.0,,,0.0,9032.0,9060.0,0.0,29.0,0.0,0.0,0.0,0.0,29.0,0.0,0.0,0.0,29.0,0.0,0.0,0.0,0.0,0.0,"solar2_v,lipo2_v"
2022-03-18T08:00:00Z,29.0,29.0,,,0.686,0.834,,,,,,,,,,,3.799,3.796,3.8,,,,229.345,0.0,0.0,,,,,356.138,349.0,367.0,,,0.0,9061.0,9089.0,0.0,29.0,0.0,0.0,0.0,0.0,29.0,0.0,0.0,0.0,29.0,0.0,0.0,0.0,0.0,0.0,"solar2_v,lipo2_v"
2022-03-18T09:00:00Z,28.0,28.0,,,0.294,0.524,,,,,,,,,,,3.796,3.795,3.798,,,,227.607,0.0,0.0,,,,,338.536,332.0,348.0,,,0.0,9090.0,9117.0,0.0,19.0,0.0,0.0,0.0,0.0,28.0,0.0,0.0,0.0,28.0,0.0,0.0,0.0,0.0,0.0,"solar2_v,lipo2_v"
2022-03-18T10:00:00Z,29.0,29.0,,,0.0,0.0,,,,,,,,,,,3.795,3.793,3.796,,,,231.241,0.0,0.0,,,,,322.621,314.0,331.0,,,0.0,9118.0,9146.0,0.0,0.0,0.0,0.0,0.0,0.0,29.0,0.0,0.0,0.0,29.0,0.0,0.0,0.0,0.0,0.0,"solar2_v,lipo2_v"
2022-03-18T11:00:00Z,29.0,29.0,,,0.0,0.0,,,,,,,,,,,3.793,3.791,3.796,,,,231.966,0.0,0.0,,,,,310.621,305.0,314.0,,,0.0,9147.0,9175.0,0.0,0.0,0.0,0.0,0.0,0.0,29.0,0.0,0.0,0.0,29.0,0.0,0.0,0.0,0.0,0.0,"solar2_v,lipo2_v"
2022-03-18T12:00:00Z,28.0,28.0,,,0.0,0.0,,,,,,,,,,,3.792,3.791,3.793,,,,231.786,0.0,0.0,,,,,301.929,301.0,306.0,,,0.0,9176.0,9203.0,0.0,0.0,0.0,0.0,0.0,0.0,28.0,0.0,0.0,0.0,28.0,0.0,0.0,0.0,0.0,0.0,"solar2_v,lipo2_v"
2022-03-18T13:00:00Z,29.0,29.0,,,0.0,0.0,,,,,,,,,,,3.791,3.79,3.793,,,,232.345,0.0,0.0,,,,,300.414,300.0,301.0,,,0.0,9204.0,9232.0,0.0,0.0,0.0,0.0,0.0,0.0,29.0,0.0,0.0,0.0,29.0,0.0,0.0,0.0,0.0,0.0,"solar2_v,lipo2_v"
2022-03-18T14:00:00Z,28.0,28.0,,,0.0,0.0,,,,,,,,,,,3.791,3.79,3.791,,,,231.571,0.0,0.0,,,,,300.857,300.0,301.0,,,0.0,9233.0,9261.0,0.0,0.0,0.0,0.0,0.0,0.0,28.0,0.0,0.0,0.0,28.0,0.0,0.0,0.0,0.0,0.0,"solar2_v,lipo2_v"
2022-03-18T15:00:00Z,28.0,28.0,,,0.0,0.0,,,,,,,,,,,3.79,3.788,3.79,,,,232.393,0.0,0.0,,,,,297.214,295.0,300.0,,,0.0,9262.0,9289.0,0.0,0.0,0.0,0.0,0.0,0.0,28.0,0.0,0.0,0.0,28.0,0.0,0.0,0.0,0.0,0.0,"solar2_v,lipo2_v"
2022-03-18T16:00:00Z,29.0,29.0,,,0.0,0.0,,,,,,,,,,,3.789,3.788,3.79,,,,231.345,0.0,0.0,,,,,298.759,296.0,301.0,,,0.0,9290.0,9318.0,0.0,0.0,0.0,0.0,0.0,0.0,29.0,0.0,0.0,0.0,29.0,0.0,0.0,0.0,0.0,0.0,"solar2_v,lipo2_v"
2022-03-18T17:00:00Z,29.0,29.0,,,0.0,0.0,,,,,,,,,,,3.788,3.786,3.79,,,,231.276,0.0,0.0,,,,,300.621,300.0,301.0,,,0.0,9319.0,9347.0,0.0,0.0,0.0,0.0,0.0,0.0,29.0,0.0,0.0,0.0,29.0,0.0,0.0,0.0,0.0,0.0,"solar2_v,lipo2_v"
2022-03-18T18:00:00Z,29.0,29.0,,,0.0,0.0,,,,,,,,,,,3.786,3.785,3.788,,,,232.0,0.0,0.0,,,,,296.586,293.0,300.0,,,0.0,9348.0,9376.0,0.0,0.0,0.0,0.0,0.0,0.0,29.0,0.0,0.0,0.0,29.0,0.0,0.0,0.0,0.0,0.0,"solar2_v,lipo2_v"
2022-03-18T19:00:00Z,28.0,28.0,,,0.0,0.0,,,,,,,,,,,3.785,3.783,3.786,,,,232.964,0.0,0.0,,,,,292.786,291.0,294.0,,,0.0,9377.0,9404.0,0.0,0.0,0.0,0.0,0.0,0.0,28.0,0.0,0.0,0.0,28.0,0.0,0.0,0.0,0.0,0.0,"solar2_v,lipo2_v"
2022-03-18T20:00:00Z,29.0,29.0,,,0.0,0.0,,,,,,,,,,,3.783,3.781,3.785,,,,234.448,0.0,0.0,,,,,286.862,284.0,291.0,,,0.0,9405.0,9433.0,0.0,0.0,0.0,0.0,0.0,0.0,29.0,0.0,0.0,0.0,29.0,0.0,0.0,0.0,0.0,0.0,"solar2_v,lipo2_v"
2022-03-18T21:00:00Z,29.0,29.0,,,0.0,0.0,,,,,,,,,,,3.781,3.778,3.781,,,,233.862,0.0,0.0,,,,,282.172,281.0,284.0,,,0.0,9434.0,9462.0,0.0,0.0,0.0,0.0,0.0,0.0,29.0,0.0,0.0,0.0,29.0,0.0,0.0,0.0,0.0,0.0,"solar2_v,lipo2_v"
2022-03-18T22:00:00Z,28.0,28.0,,,0.0,0.0,,,,,,,,,,,3.778,3.776,3.78,,,,234.464,0.0,0.0,,,,,280.821,280.0,281.0,,,0.0,9463.0,9490.0,0.0,0.0,0.0,0.0,0.0,0.0,28.0,0.0,0.0,0.0,28.0,0.0,0.0,0.0,0.0,0.0,"solar2_v,lipo2_v"
2022-03-18T23:00:00Z,29.0,29.0,,,0.012,0.341,,,,,,,,,,,3.776,3.773,3.778,,,,234.724,0.0,0.0,,,,,283.586,280.0,287.0,,,0.0,9491.0,9519.0,0.0,1.0,0.0,0.0,0.0,0.0,29.0,0.0,0.0,0.0,29.0,0.0,0.0,0.0,0.0,0.0,"solar2_v,lipo2_v"
2022-03-19T00:00:00Z,29.0,29.0,,,0.904,2.702,,,,,,,,,,,3.775,3.773,3.776,,,,231.034,0.0,0.0,,,,,307.586,287.0,357.0,,,0.0,9520.0,9548.0,0.0,29.0,0.0,0.0,0.0,0.0,29.0,0.0,0.0,0.0,29.0,0.0,0.0,0.0,0.0,0.0,"solar2_v,lipo2_v"
2022-03-19T01:00:00Z,28.0,28.0,,,3.807,4.477,,,,,,,,,,,3.777,3.775,3.78,,,,220.607,0.0,0.0,,,,,374.071,212.0,483.0,,,0.0,9549.0,9576.0,0.0,28.0,0.0,0.0,0.0,0.0,28.0,0.0,0.0,0.0,28.0,0.0,0.0,0.0,0.0,0.0,"solar2_v,lipo2_v"
2022-03-19T02:00:00Z,29.0,29.0,,,4.56,4.852,,,,,,,,,,,3.777,3.775,3.78,,,,215.655,0.0,0.0,,,,,491.621,483.0,499.0,,,0.0,9577.0,9605.0,0.0,29.0,0.0,0.0,0.0,0.0,29.0,0.0,0.0,0.0,29.0,0.0,0.0,0.0,0.0,0.0,"solar2_v,lipo2_v"
2022-03-19T03:00:00Z,28.0,28.0,,,4.757,4.866,,,,,,,,,,,3.775,3.773,3.778,,,,213.714,0.0,0.0,,,,,505.643,499.0,526.0,,,0.0,9606.0,9633.0,0.0,28.0,0.0,0.0,0.0,0.0,28.0,0.0,0.0,0.0,28.0,0.0,0.0,0.0,0.0,0.0,"solar2_v,lipo2_v"
2022-03-19T04:00:00Z,29.0,29.0,,,4.889,4.985,,,,,,,,,,,3.774,3.772,3.776,,,,212.448,0.0,0.0,,,,,509.31,500.0,526.0,,,0.0,9634.0,9662.0,0.0,29.0,0.0,0.0,0.0,0.0,29.0,0.0,0.0,0.0,29.0,0.0,0.0,0.0,0.0,0.0,"solar2_v,lipo2_v"
2022-03-19T05:00:00Z,29.0,29.0,,,4.818,4.92,,,,,,,,,,,3.771,3.768,3.773,,,,213.069,0.0,0.0,,,,,501.897,482.0,513.0,,,0.0,9663.0,9691.0,0.0,29.0,0.0,0.0,0.0,0.0,29.0,0.0,0.0,0.0,29.0,0.0,0.0,0.0,0.0,0.0,"solar2_v,lipo2_v"
2022-03-19T06:00:00Z,28.0,28.0,,,4.163,4.713,,,,,,,,,,,3.768,3.767,3.77,,,,218.786,0.0,0.0,,,,,448.607,420.0,475.0,,,0.0,9692.0,9719.0,0.0,28.0,0.0,0.0,0.0,0.0,28.0,0.0,0.0,0.0,28.0,0.0,0.0,0.0,0.0,0.0,"solar2_v,lipo2_v"
2022-03-19T07:00:00Z,29.0,29.0,,,2.027,3.888,,,,,,,,,,,3.766,3.765,3.768,,,,222.828,0.0,0.0,,,,,342.586,239.0,416.0,,,0.0,9720.0,9748.0,0.0,29.0,0.0,0.0,0.0,0.0,29.0,0.0,0.0,0.0,29.0,0.0,0.0,0.0,0.0,0.0,"solar2_v,lipo2_v"
2022-03-19T08:00:00Z,29.0,29.0,,,0.581,0.749,,,,,,,,,,,3.764,3.763,3.767,,,,227.034,0.0,0.0,,,,,356.207,276.0,380.0,,,0.0,9749.0,9777.0,0.0,29.0,0.0,0.0,0.0,0.0,29.0,0.0,0.0,0.0,29.0,0.0,0.0,0.0,0.0,0.0,"solar2_v,lipo2_v"
2022-03-19T09:00:00Z,28.0,28.0,,,0.366,0.457,,,,,,,,,,,3.763,3.763,3.763,,,,228.393,0.0,0.0,,,,,345.607,335.0,354.0,,,0.0,9778.0,9805.0,0.0,26.0,0.0,0.0,0.0,0.0,28.0,0.0,0.0,0.0,28.0,0.0,0.0,0.0,0.0,0.0,"solar2_v,lipo2_v"
2022-03-19T10:00:00Z,29.0,29.0,,,0.0,0.0,,,,,,,,,,,3.762,3.76,3.763,,,,229.552,0.0,0.0,,,,,323.655,314.0,335.0,,,0.0,9806.0,9834.0,0.0,0.0,0.0,0.0,0.0,0.0,29.0,0.0,0.0,0.0,29.0,0.0,0.0,0.0,0.0,0.0,"solar2_v,lipo2_v"
2022-03-19T11:00:00Z,29.0,29.0,,,0.0,0.0,,,,,,,,,,,3.759,3.755,3.762,,,,230.759,0.0,0.0,,,,,306.172,301.0,314.0,,,0.0,9835.0,9863.0,0.0,0.0,0.0,0.0,0.0,0.0,29.0,0.0,0.0,0.0,29.0,0.0,0.0,0.0,0.0,0.0,"solar2_v,lipo2_v"
2022-03-19T12:00:00Z,28.0,28.0,,,0.0,0.0,,,,,,,,,,,3.756,3.753,3.758,,,,231.464,0.0,0.0,,,,,301.0,301.0,301.0,,,0.0,9864.0,9891.0,0.0,0.0,0.0,0.0,0.0,0.0,28.0,0.0,0.0,0.0,28.0,0.0,0.0,0.0,0.0,0.0,"solar2_v,lipo2_v"
2022-03-19T13:00:00Z,29.0,29.0,,,0.0,0.0,,,,,,,,,,,3.753,3.748,3.755,,,,232.207,0.0,0.0,,,,,300.0,299.0,301.0,,,0.0,9892.0,9920.0,0.0,0.0,0.0,0.0,0.0,0.0,29.0,0.0,0.0,0.0,29.0,0.0,0.0,0.0,0.0,0.0,"solar2_v,lipo2_v"
2022-03-19T14:00:00Z,29.0,29.0,,,0.0,0.0,,,,,,,,,,,3.75,3.748,3.752,,,,232.034,0.0,0.0,,,,,298.897,296.0,300.0,,,0.0,9921.0,9949.0,0.0,0.0,0.0,0.0,0.0,0.0,29.0,0.0,0.0,0.0,29.0,0.0,0.0,0.0,0.0,0.0,"solar2_v,lipo2_v"
2022-03-19T15:00:00Z,27.0,27.0,,,0.0,0.0,,,,,,,,,,,3.747,3.745,3.748,,,,231.815,0.0,0.0,,,,,297.148,295.0,300.0,,,0.0,9950.0,9977.0,0.0,0.0,0.0,0.0,0.0,0.0,27.0,0.0,0.0,0.0,27.0,0.0,0.0,0.0,0.0,0.0,"solar2_v,lipo2_v"
2022-03-19T16:00:00Z,29.0,29.0,,,0.0,0.0,,,,,,,,,,,3.744,3.742,3.747,,,,232.724,0.0,0.0,,,,,292.931,291.0,295.0,,,0.0,9978.0,10006.0,0.0,0.0,0.0,0.0,0.0,0.0,29.0,0.0,0.0,0.0,29.0,0.0,0.0,0.0,0.0,0.0,"solar2_v,lipo2_v"
2022-03-19T17:00:00Z,21.0,21.0,,,0.0,0.0,,,,,,,,,,,3.741,3.737,3.743,,,,232.81,0.0,0.0,,,,,294.857,291.0,296.0,,,0.0,10007.0,10033.0,0.0,0.0,0.0,0.0,0.0,0.0,21.0,0.0,0.0,0.0,21.0,0.0,0.0,0.0,0.0,0.0,"solar2_v,lipo2_v"
2022-03-19T18:00:00Z,1.0,1.0,,,0.0,0.0,,,,,,,,,,,3.737,3.737,3.737,,,,233.0,0.0,0.0,,,,,290.0,290.0,290.0,,,0.0,10041.0,10041.0,0.0,0.0,0.0,0.0,0.0,0.0,1.0,0.0,0.0,0.0,1.0,0.0,0.0,0.0,0.0,0.0,"solar2_v,lipo2_v"
2022-03-19T19:00:00Z,25.0,25.0,,,0.0,0.0,,,,,,,,,,,3.733,3.73,3.735,,,,233.0,0.0,0.0,,,,,287.56,287.0,291.0,,,0.0,10064.0,10088.0,0.0,0.0,0.0,0.0,0.0,0.0,25.0,0.0,0.0,0.0,25.0,0.0,0.0,0.0,0.0,0.0,"solar2_v,lipo2_v"
2022-03-19T20:00:00Z,29.0,29.0,,,0.0,0.0,,,,,,,,,,,3.729,3.727,3.732,,,,233.207,0.0,0.0,,,,,287.241,287.0,288.0,,,0.0,10089.0,10117.0,0.0,0.0,0.0,0.0,0.0,0.0,29.0,0.0,0.0,0.0,29.0,0.0,0.0,0.0,0.0,0.0,"solar2_v,lipo2_v"
2022-03-19T21:00:00Z,29.0,29.0,,,0.0,0.0,,,,,,,,,,,3.727,3.725,3.729,,,,233.483,0.0,0.0,,,,,288.172,287.0,289.0,,,0.0,10118.0,10146.0,0.0,0.0,0.0,0.0,0.0,0.0,29.0,0.0,0.0,0.0,29.0,0.0,0.0,0.0,0.0,0.0,"solar2_v,lipo2_v"
2022-03-19T22:00:00Z,28.0,28.0,,,0.0,0.0,,,,,,,,,,,3.724,3.72,3.727,,,,233.643,0.0,0.0,,,,,286.929,286.0,288.0,,,0.0,10147.0,10174.0,0.0,0.0,0.0,0.0,0.0,0.0,28.0,0.0,0.0,0.0,28.0,0.0,0.0,0.0,0.0,0.0,"solar2_v,lipo2_v"
2022-03-19T23:00:00Z,29.0,29.0,,,0.19,0.575,,,,,,,,,,,3.72,3.717,3.722,,,,232.793,0.0,0.0,,,,,292.31,286.0,301.0,,,0.0,10175.0,10203.0,0.0,13.0,0.0,0.0,0.0,0.0,29.0,0.0,0.0,0.0,29.0,0.0,0.0,0.0,0.0,0.0,"solar2_v,lipo2_v"
2022-03-20T00:00:00Z,28.0,28.0,,,1.455,2.66,,,,,,,,,,,3.718,3.717,3.72,,,,226.214,0.0,0.0,,,,,320.393,219.0,393.0,,,0.0,10204.0,10231.0,0.0,28.0,0.0,0.0,0.0,0.0,28.0,0.0,0.0,0.0,28.0,0.0,0.0,0.0,0.0,0.0,"solar2_v,lipo2_v"
2022-03-20T01:00:00Z,29.0,29.0,,,2.297,3.383,,,,,,,,,,,3.718,3.715,3.72,,,,223.931,0.0,0.0,,,,,289.483,195.0,433.0,,,0.0,10232.0,10260.0,0.0,29.0,0.0,0.0,0.0,0.0,29.0,0.0,0.0,0.0,29.0,0.0,0.0,0.0,0.0,0.0,"solar2_v,lipo2_v"
2022-03-20T02:00:00Z,29.0,29.0,,,2.488,4.751,,,,,,,,,,,3.715,3.714,3.717,,,,226.621,0.0,0.0,,,,,358.103,265.0,408.0,,,0.0,10261.0,10289.0,0.0,29.0,0.0,0.0,0.0,0.0,29.0,0.0,0.0,0.0,29.0,0.0,0.0,0.0,0.0,0.0,"solar2_v,lipo2_v"
2022-03-20T03:00:00Z,28.0,28.0,,,3.076,5.115,,,,,,,,,,,3.713,3.712,3.715,,,,223.536,0.0,0.0,,,,,383.143,270.0,409.0,,,0.0,10290.0,10317.0,0.0,28.0,0.0,0.0,0.0,0.0,28.0,0.0,0.0,0.0,28.0,0.0,0.0,0.0,0.0,0.0,"solar2_v,lipo2_v"
2022-03-20T04:00:00Z,29.0,29.0,,,2.784,4.255,,,,,,,,,,,3.711,3.71,3.712,,,,222.138,0.0,0.0,,,,,385.414,308.0,446.0,,,0.0,10318.0,10346.0,0.0,29.0,0.0,0.0,0.0,0.0,29.0,0.0,0.0,0.0,29.0,0.0,0.0,0.0,0.0,0.0,"solar2_v,lipo2_v"
2022-03-20T05:00:00Z,29.0,29.0,,,2.593,4.695,,,,,,,,,,,3.71,3.709,3.712,,,,224.0,0.0,0.0,,,,,367.966,312.0,395.0,,,0.0,10347.0,10375.0,0.0,29.0,0.0,0.0,0.0,0.0,29.0,0.0,0.0,0.0,29.0,0.0,0.0,0.0,0.0,0.0,"solar2_v,lipo2_v"
2022-03-20T06:00:00Z,29.0,29.0,,,2.112,4.646,,,,,,,,,,,3.709,3.706,3.71,,,,226.241,0.0,0.0,,,,,367.448,316.0,380.0,,,0.0,10376.0,10404.0,0.0,29.0,0.0,0.0,0.0,0.0,29.0,0.0,0.0,0.0,29.0,0.0,0.0,0.0,0.0,0.0,"solar2_v,lipo2_v"
2022-03-20T07:00:00Z,28.0,28.0,,,1.151,1.545,,,,,,,,,,,3.707,3.704,3.709,,,,227.286,0.0,0.0,,,,,358.714,354.0,375.0,,,0.0,10405.0,10432.0,0.0,28.0,0.0,0.0,0.0,0.0,28.0,0.0,0.0,0.0,28.0,0.0,0.0,0.0,0.0,0.0,"solar2_v,lipo2_v"
2022-03-20T08:00:00Z,29.0,29.0,,,0.784,1.231,,,,,,,,,,,3.704,3.701,3.707,,,,227.655,0.0,0.0,,,,,350.138,341.0,361.0,,,0.0,10433.0,10461.0,0.0,29.0,0.0,0.0,0.0,0.0,29.0,0.0,0.0,0.0,29.0,0.0,0.0,0.0,0.0,0.0,"solar2_v,lipo2_v"
2022-03-20T09:00:00Z,29.0,29.0,,,0.167,0.479,,,,,,,,,,,3.699,3.696,3.702,,,,228.966,0.0,0.0,,,,,332.862,327.0,342.0,,,0.0,10462.0,10490.0,0.0,13.0,0.0,0.0,0.0,0.0,29.0,0.0,0.0,0.0,29.0,0.0,0.0,0.0,0.0,0.0,"solar2_v,lipo2_v"
2022-03-20T10:00:00Z,28.0,28.0,,,0.0,0.0,,,,,,,,,,,3.694,3.687,3.699,,,,229.607,0.0,0.0,,,,,319.571,315.0,327.0,,,0.0,10491.0,10518.0,0.0,0.0,0.0,0.0,0.0,0.0,28.0,0.0,0.0,0.0,28.0,0.0,0.0,0.0,0.0,0.0,"solar2_v,lipo2_v"
2022-03-20T11:00:00Z,29.0,29.0,,,0.0,0.0,,,,,,,,,,,3.686,3.684,3.692,,,,230.241,0.0,0.0,,,,,313.586,312.0,315.0,,,0.0,10519.0,10547.0,0.0,0.0,0.0,0.0,0.0,0.0,29.0,0.0,0.0,0.0,29.0,0.0,0.0,0.0,0.0,0.0,"solar2_v,lipo2_v"
2022-03-20T12:00:00Z,29.0,29.0,,,0.0,0.0,,,,,,,,,,,3.683,3.681,3.686,,,,231.276,0.0,0.0,,,,,307.69,306.0,311.0,,,0.0,10548.0,10576.0,0.0,0.0,0.0,0.0,0.0,0.0,29.0,0.0,0.0,0.0,29.0,0.0,0.0,0.0,0.0,0.0,"solar2_v,lipo2_v"
2022-03-20T13:00:00Z,28.0,28.0,,,0.0,0.0,,,,,,,,,,,3.681,3.679,3.682,,,,231.25,0.0,0.0,,,,,304.321,302.0,306.0,,,0.0,10577.0,10604.0,0.0,0.0,0.0,0.0,0.0,0.0,28.0,0.0,0.0,0.0,28.0,0.0,0.0,0.0,0.0,0.0,"solar2_v,lipo2_v"
2022-03-20T14:00:00Z,29.0,29.0,,,0.0,0.0,,,,,,,,,,,3.678,3.676,3.681,,,,232.034,0.0,0.0,,,,,300.862,300.0,302.0,,,0.0,10605.0,10633.0,0.0,0.0,0.0,0.0,0.0,0.0,29.0,0.0,0.0,0.0,29.0,0.0,0.0,0.0,0.0,0.0,"solar2_v,lipo2_v"
2022-03-20T15:00:00Z,29.0,29.0,,,0.0,0.0,,,,,,,,,,,3.675,3.671,3.677,,,,232.379,0.0,0.0,,,,,297.828,296.0,300.0,,,0.0,10634.0,10662.0,0.0,0.0,0.0,0.0,0.0,0.0,29.0,0.0,0.0,0.0,29.0,0.0,0.0,0.0,0.0,0.0,"solar2_v,lipo2_v"
2022-03-20T16:00:00Z,28.0,28.0,,,0.0,0.0,,,,,,,,,,,3.671,3.669,3.674,,,,232.643,0.0,0.0,,,,,294.071,293.0,297.0,,,0.0,10663.0,10690.0,0.0,0.0,0.0,0.0,0.0,0.0,28.0,0.0,0.0,0.0,28.0,0.0,0.0,0.0,0.0,0.0,"solar2_v,lipo2_v"
2022-03-20T17:00:00Z,29.0,29.0,,,0.0,0.0,,,,,,,,,,,3.669,3.664,3.671,,,,233.0,0.0,0.0,,,,,292.448,291.0,294.0,,,0.0,10691.0,10719.0,0.0,0.0,0.0,0.0,0.0,0.0,29.0,0.0,0.0,0.0,29.0,0.0,0.0,0.0,0.0,0.0,"solar2_v,lipo2_v"
2022-03-20T18:00:00Z,29.0,29.0,,,0.0,0.0,,,,,,,,,,,3.664,3.661,3.666,,,,233.138,0.0,0.0,,,,,293.172,291.0,295.0,,,0.0,10720.0,10748.0,0.0,0.0,0.0,0.0,0.0,0.0,29.0,0.0,0.0,0.0,29.0,0.0,0.0,0.0,0.0,0.0,"solar2_v,lipo2_v"
2022-03-20T19:00:00Z,28.0,28.0,,,0.0,0.0,,,,,,,,,,,3.662,3.659,3.663,,,,234.714,0.0,0.0,,,,,290.429,287.0,294.0,,,0.0,10749.0,10776.0,0.0,0.0,0.0,0.0,0.0,0.0,28.0,0.0,0.0,0.0,28.0,0.0,0.0,0.0,0.0,0.0,"solar2_v,lipo2_v"
2022-03-20T20:00:00Z,29.0,29.0,,,0.0,0.0,,,,,,,,,,,3.659,3.659,3.661,,,,233.69,0.0,0.0,,,,,290.138,287.0,292.0,,,0.0,10777.0,10805.0,0.0,0.0,0.0,0.0,0.0,0.0,29.0,0.0,0.0,0.0,29.0,0.0,0.0,0.0,0.0,0.0,"solar2_v,lipo2_v"
2022-03-20T21:00:00Z,29.0,29.0,,,0.0,0.0,,,,,,,,,,,3.658,3.658,3.659,,,,234.345,0.0,0.0,,,,,288.034,286.0,291.0,,,0.0,10806.0,10834.0,0.0,0.0,0.0,0.0,0.0,0.0,29.0,0.0,0.0,0.0,29.0,0.0,0.0,0.0,0.0,0.0,"solar2_v,lipo2_v"
2022-03-20T22:00:00Z,28.0,28.0,,,0.0,0.0,,,,,,,,,,,3.658,3.656,3.659,,,,234.214,0.0,0.0,,,,,286.5,286.0,287.0,,,0.0,10835.0,10862.0,0.0,0.0,0.0,0.0,0.0,0.0,28.0,0.0,0.0,0.0,28.0,0.0,0.0,0.0,0.0,0.0,"solar2_v,lipo2_v"
2022-03-20T23:00:00Z,29.0,29.0,,,0.068,0.339,,,,,,,,,,,3.656,3.654,3.658,,,,233.034,0.0,0.0,,,,,288.276,286.0,296.0,,,0.0,10863.0,10891.0,0.0,6.0,0.0,0.0,0.0,0.0,29.0,0.0,0.0,0.0,29.0,0.0,0.0,0.0,0.0,0.0,"solar2_v,lipo2_v"
2022-03-21T00:00:00Z,28.0,28.0,,,2.086,3.882,,,,,,,,,,,3.654,3.653,3.656,,,,227.321,0.0,0.0,,,,,331.571,193.0,411.0,,,0.0,10892.0,10919.0,0.0,27.0,0.0,0.0,0.0,0.0,28.0,0.0,0.0,0.0,28.0,0.0,0.0,0.0,0.0,0.0,"solar2_v,lipo2_v"
2022-03-21T01:00:00Z,29.0,29.0,,,3.027,4.91,,,,,,,,,,,3.654,3.651,3.656,,,,221.483,0.0,0.0,,,,,385.586,249.0,473.0,,,0.0,10920.0,10948.0,0.0,29.0,0.0,0.0,0.0,0.0,29.0,0.0,0.0,0.0,29.0,0.0,0.0,0.0,0.0,0.0,"solar2_v,lipo2_v"
2022-03-21T02:00:00Z,29.0,29.0,,,3.169,5.113,,,,,,,,,,,3.651,3.648,3.653,,,,222.655,0.0,0.0,,,,,401.241,262.0,451.0,,,0.0,10949.0,10977.0,0.0,29.0,0.0,0.0,0.0,0.0,29.0,0.0,0.0,0.0,29.0,0.0,0.0,0.0,0.0,0.0,"solar2_v,lipo2_v"
2022-03-21T03:00:00Z,28.0,28.0,,,2.885,5.385,,,,,,,,,,,3.647,3.643,3.649,,,,224.429,0.0,0.0,,,,,309.0,210.0,406.0,,,0.0,10978.0,11005.0,0.0,28.0,0.0,0.0,0.0,0.0,28.0,0.0,0.0,0.0,28.0,0.0,0.0,0.0,0.0,0.0,"solar2_v,lipo2_v"
2022-03-21T04:00:00Z,29.0,29.0,,,3.47,5.43,,,,,,,,,,,3.643,3.641,3.646,,,,224.414,0.0,0.0,,,,,285.586,227.0,394.0,,,0.0,11006.0,11034.0,0.0,29.0,0.0,0.0,0.0,0.0,29.0,0.0,0.0,0.0,29.0,0.0,0.0,0.0,0.0,0.0,"solar2_v,lipo2_v"
2022-03-21T05:00:00Z,29.0,29.0,,,4.772,5.272,,,,,,,,,,,3.642,3.64,3.644,,,,216.897,0.0,0.0,,,,,435.138,291.0,472.0,,,0.0,11035.0,11063.0,0.0,29.0,0.0,0.0,0.0,0.0,29.0,0.0,0.0,0.0,29.0,0.0,0.0,0.0,0.0,0.0,"solar2_v,lipo2_v"
2022-03-21T06:00:00Z,24.0,24.0,,,4.089,5.077,,,,,,,,,,,3.639,3.636,3.641,,,,221.167,0.0,0.0,,,,,438.167,407.0,462.0,,,0.0,11064.0,11087.0,0.0,24.0,0.0,0.0,0.0,0.0,24.0,0.0,0.0,0.0,24.0,0.0,0.0,0.0,0.0,0.0,"solar2_v,lipo2_v"
2022-03-21T07:00:00Z,29.0,29.0,,,2.308,4.603,,,,,,,,,,,3.636,3.635,3.638,,,,223.241,0.0,0.0,,,,,394.414,274.0,413.0,,,0.0,11092.0,11120.0,0.0,29.0,0.0,0.0,0.0,0.0,29.0,0.0,0.0,0.0,29.0,0.0,0.0,0.0,0.0,0.0,"solar2_v,lipo2_v"
2022-03-21T08:00:00Z,29.0,29.0,,,0.764,1.556,,,,,,,,,,,3.633,3.631,3.636,,,,228.31,0.0,0.0,,,,,345.034,240.0,380.0,,,0.0,11121.0,11149.0,0.0,29.0,0.0,0.0,0.0,0.0,29.0,0.0,0.0,0.0,29.0,0.0,0.0,0.0,0.0,0.0,"solar2_v,lipo2_v"
2022-03-21T09:00:00Z,28.0,28.0,,,0.514,0.547,,,,,,,,,,,3.631,3.63,3.633,,,,230.393,0.0,0.0,,,,,342.0,335.0,347.0,,,0.0,11150.0,11177.0,0.0,28.0,0.0,0.0,0.0,0.0,28.0,0.0,0.0,0.0,28.0,0.0,0.0,0.0,0.0,0.0,"solar2_v,lipo2_v"
2022-03-21T10:00:00Z,29.0,29.0,,,0.09,0.418,,,,,,,,,,,3.628,3.623,3.63,,,,232.207,0.0,0.0,,,,,322.034,313.0,332.0,,,0.0,11178.0,11206.0,0.0,7.0,0.0,0.0,0.0,0.0,29.0,0.0,0.0,0.0,29.0,0.0,0.0,0.0,0.0,0.0,"solar2_v,lipo2_v"
2022-03-21T11:00:00Z,29.0,29.0,,,0.0,0.0,,,,,,,,,,,3.625,3.623,3.626,,,,230.379,0.0,0.0,,,,,305.724,302.0,313.0,,,0.0,11207.0,11235.0,0.0,0.0,0.0,0.0,0.0,0.0,29.0,0.0,0.0,0.0,29.0,0.0,0.0,0.0,0.0,0.0,"solar2_v,lipo2_v"
2022-03-21T12:00:00Z,28.0,28.0,,,0.0,0.0,,,,,,,,,,,3.622,3.62,3.625,,,,231.107,0.0,0.0,,,,,301.071,301.0,302.0,,,0.0,11236.0,11263.0,0.0,0.0,0.0,0.0,0.0,0.0,28.0,0.0,0.0,0.0,28.0,0.0,0.0,0.0,0.0,0.0,"solar2_v,lipo2_v"
2022-03-21T13:00:00Z,29.0,29.0,,,0.0,0.0,,,,,,,,,,,3.619,3.616,3.621,,,,231.241,0.0,0.0,,,,,302.345,301.0,305.0,,,0.0,11264.0,11292.0,0.0,0.0,0.0,0.0,0.0,0.0,29.0,0.0,0.0,0.0,29.0,0.0,0.0,0.0,0.0,0.0,"solar2_v,lipo2_v"
2022-03-21T14:00:00Z,29.0,29.0,,,0.0,0.0,,,,,,,,,,,3.616,3.613,3.618,,,,233.103,0.0,0.0,,,,,289.621,274.0,301.0,,,0.0,11293.0,11321.0,0.0,0.0,0.0,0.0,0.0,0.0,29.0,0.0,0.0,0.0,29.0,0.0,0.0,0.0,0.0,0.0,"solar2_v,lipo2_v"
2022-03-21T15:00:00Z,28.0,28.0,,,0.0,0.0,,,,,,,,,,,3.613,3.61,3.615,,,,234.071,0.0,0.0,,,,,278.5,274.0,282.0,,,0.0,11322.0,11349.0,0.0,0.0,0.0,0.0,0.0,0.0,28.0,0.0,0.0,0.0,28.0,0.0,0.0,0.0,0.0,0.0,"solar2_v,lipo2_v"
2022-03-21T16:00:00Z,29.0,29.0,,,0.0,0.0,,,,,,,,,,,3.61,3.608,3.611,,,,233.207,0.0,0.0,,,,,285.69,282.0,287.0,,,0.0,11350.0,11378.0,0.0,0.0,0.0,0.0,0.0,0.0,29.0,0.0,0.0,0.0,29.0,0.0,0.0,0.0,0.0,0.0,"solar2_v,lipo2_v"
2022-03-21T17:00:00Z,29.0,29.0,,,0.0,0.0,,,,,,,,,,,3.609,3.607,3.61,,,,233.345,0.0,0.0,,,,,286.966,286.0,287.0,,,0.0,11379.0,11407.0,0.0,0.0,0.0,0.0,0.0,0.0,29.0,0.0,0.0,0.0,29.0,0.0,0.0,0.0,0.0,0.0,"solar2_v,lipo2_v"
2022-03-21T18:00:00Z,28.0,28.0,,,0.0,0.0,,,,,,,,,,,3.607,3.605,3.608,,,,233.214,0.0,0.0,,,,,286.607,286.0,287.0,,,0.0,11408.0,11435.0,0.0,0.0,0.0,0.0,0.0,0.0,28.0,0.0,0.0,0.0,28.0,0.0,0.0,0.0,0.0,0.0,"solar2_v,lipo2_v"
2022-03-21T19:00:00Z,29.0,29.0,,,0.0,0.0,,,,,,,,,,,3.606,3.605,3.607,,,,233.31,0.0,0.0,,,,,285.483,284.0,286.0,,,0.0,11436.0,11464.0,0.0,0.0,0.0,0.0,0.0,0.0,29.0,0.0,0.0,0.0,29.0,0.0,0.0,0.0,0.0,0.0,"solar2_v,lipo2_v"
2022-03-21T20:00:00Z,28.0,28.0,,,0.0,0.0,,,,,,,,,,,3.605,3.603,3.605,,,,233.571,0.0,0.0,,,,,282.786,282.0,284.0,,,0.0,11465.0,11492.0,0.0,0.0,0.0,0.0,0.0,0.0,28.0,0.0,0.0,0.0,28.0,0.0,0.0,0.0,0.0,0.0,"solar2_v,lipo2_v"
2022-03-21T21:00:00Z,29.0,29.0,,,0.0,0.0,,,,,,,,,,,3.603,3.602,3.605,,,,233.379,0.0,0.0,,,,,281.103,280.0,283.0,,,0.0,11493.0,11521.0,0.0,0.0,0.0,0.0,0.0,0.0,29.0,0.0,0.0,0.0,29.0,0.0,0.0,0.0,0.0,0.0,"solar2_v,lipo2_v"
2022-03-21T22:00:00Z,29.0,29.0,,,0.0,0.0,,,,,,,,,,,3.601,3.598,3.603,,,,233.897,0.0,0.0,,,,,280.862,280.0,281.0,,,0.0,11522.0,11550.0,0.0,0.0,0.0,0.0,0.0,0.0,29.0,0.0,0.0,0.0,29.0,0.0,0.0,0.0,0.0,0.0,"solar2_v,lipo2_v"
2022-03-21T23:00:00Z,28.0,28.0,,,0.092,0.419,,,,,,,,,,,3.598,3.597,3.602,,,,233.393,0.0,0.0,,,,,286.214,282.0,291.0,,,0.0,11551.0,11578.0,0.0,7.0,0.0,0.0,0.0,0.0,28.0,0.0,0.0,0.0,28.0,0.0,0.0,0.0,0.0,0.0,"solar2_v,lipo2_v"
2022-03-22T00:00:00Z,26.0,26.0,,,0.864,1.444,,,,,,,,,,,3.597,3.595,3.598,,,,231.577,0.0,0.0,,,,,305.962,292.0,320.0,,,0.0,11579.0,11607.0,0.0,26.0,0.0,0.0,0.0,0.0,26.0,0.0,0.0,0.0,26.0,0.0,0.0,0.0,0.0,0.0,"solar2_v,lipo2_v"
2022-03-22T01:00:00Z,29.0,29.0,,,2.312,3.952,,,,,,,,,,,3.595,3.592,3.598,,,,225.69,0.0,0.0,,,,,336.828,218.0,389.0,,,0.0,11608.0,11636.0,0.0,29.0,0.0,0.0,0.0,0.0,29.0,0.0,0.0,0.0,29.0,0.0,0.0,0.0,0.0,0.0,"solar2_v,lipo2_v"
2022-03-22T02:00:00Z,28.0,28.0,,,2.179,4.907,,,,,,,,,,,3.593,3.59,3.597,,,,225.964,0.0,0.0,,,,,341.25,267.0,379.0,,,0.0,11637.0,11664.0,0.0,28.0,0.0,0.0,0.0,0.0,28.0,0.0,0.0,0.0,28.0,0.0,0.0,0.0,0.0,0.0,"solar2_v,lipo2_v"
2022-03-22T03:00:00Z,29.0,29.0,,,2.017,4.178,,,,,,,,,,,3.59,3.588,3.592,,,,227.621,0.0,0.0,,,,,343.103,330.0,367.0,,,0.0,11665.0,11693.0,0.0,29.0,0.0,0.0,0.0,0.0,29.0,0.0,0.0,0.0,29.0,0.0,0.0,0.0,0.0,0.0,"solar2_v,lipo2_v"
2022-03-22T04:00:00Z,29.0,29.0,,,3.328,5.289,,,,,,,,,,,3.588,3.587,3.59,,,,220.655,0.0,0.0,,,,,364.828,219.0,467.0,,,0.0,11694.0,11722.0,0.0,29.0,0.0,0.0,0.0,0.0,29.0,0.0,0.0,0.0,29.0,0.0,0.0,0.0,0.0,0.0,"solar2_v,lipo2_v"
2022-03-22T05:00:00Z,28.0,28.0,,,1.858,5.256,,,,,,,,,,,3.586,3.583,3.588,,,,224.393,0.0,0.0,,,,,314.679,214.0,438.0,,,0.0,11723.0,11750.0,0.0,28.0,0.0,0.0,0.0,0.0,28.0,0.0,0.0,0.0,28.0,0.0,0.0,0.0,0.0,0.0,"solar2_v,lipo2_v"
2022-03-22T06:00:00Z,29.0,29.0,,,3.083,5.338,,,,,,,,,,,3.583,3.582,3.585,,,,224.793,0.0,0.0,,,,,338.172,226.0,386.0,,,0.0,11751.0,11779.0,0.0,29.0,0.0,0.0,0.0,0.0,29.0,0.0,0.0,0.0,29.0,0.0,0.0,0.0,0.0,0.0,"solar2_v,lipo2_v"
2022-03-22T07:00:00Z,29.0,29.0,,,2.367,4.613,,,,,,,,,,,3.582,3.58,3.583,,,,223.207,0.0,0.0,,,,,272.0,222.0,379.0,,,0.0,11780.0,11808.0,0.0,29.0,0.0,0.0,0.0,0.0,29.0,0.0,0.0,0.0,29.0,0.0,0.0,0.0,0.0,0.0,"solar2_v,lipo2_v"
2022-03-22T08:00:00Z,29.0,29.0,,,0.628,1.074,,,,,,,,,,,3.58,3.578,3.582,,,,227.966,0.0,0.0,,,,,346.276,340.0,354.0,,,0.0,11809.0,11837.0,0.0,29.0,0.0,0.0,0.0,0.0,29.0,0.0,0.0,0.0,29.0,0.0,0.0,0.0,0.0,0.0,"solar2_v,lipo2_v"
2022-03-22T09:00:00Z,28.0,28.0,,,0.139,0.552,,,,,,,,,,,3.578,3.577,3.58,,,,229.0,0.0,0.0,,,,,328.679,317.0,340.0,,,0.0,11838.0,11865.0,0.0,9.0,0.0,0.0,0.0,0.0,28.0,0.0,0.0,0.0,28.0,0.0,0.0,0.0,0.0,0.0,"solar2_v,lipo2_v"
2022-03-22T10:00:00Z,29.0,29.0,,,0.0,0.0,,,,,,,,,,,3.576,3.574,3.578,,,,230.345,0.0,0.0,,,,,314.069,311.0,317.0,,,0.0,11866.0,11894.0,0.0,0.0,0.0,0.0,0.0,0.0,29.0,0.0,0.0,0.0,29.0,0.0,0.0,0.0,0.0,0.0,"solar2_v,lipo2_v"
2022-03-22T11:00:00Z,28.0,28.0,,,0.0,0.0,,,,,,,,,,,3.574,3.572,3.575,,,,230.75,0.0,0.0,,,,,305.393,302.0,310.0,,,0.0,11895.0,11923.0,0.0,0.0,0.0,0.0,0.0,0.0,28.0,0.0,0.0,0.0,28.0,0.0,0.0,0.0,0.0,0.0,"solar2_v,lipo2_v"
2022-03-22T12:00:00Z,26.0,26.0,,,0.0,0.0,,,,,,,,,,,3.572,3.569,3.574,,,,231.346,0.0,0.0,,,,,300.615,299.0,302.0,,,0.0,11924.0,11951.0,0.0,0.0,0.0,0.0,0.0,0.0,26.0,0.0,0.0,0.0,26.0,0.0,0.0,0.0,0.0,0.0,"solar2_v,lipo2_v"
2022-03-22T13:00:00Z,8.0,8.0,,,0.0,0.0,,,,,,,,,,,3.568,3.565,3.57,,,,230.375,0.0,0.0,,,,,300.0,300.0,300.0,,,0.0,11953.0,11970.0,0.0,0.0,0.0,0.0,0.0,0.0,8.0,0.0,0.0,0.0,8.0,0.0,0.0,0.0,0.0,0.0,"solar2_v,lipo2_v"
2022-03-22T14:00:00Z,14.0,14.0,,,0.0,0.0,,,,,,,,,,,3.562,3.56,3.562,,,,232.929,0.0,0.0,,,,,293.286,291.0,296.0,,,0.0,11992.0,12005.0,0.0,0.0,0.0,0.0,0.0,0.0,14.0,0.0,0.0,0.0,14.0,0.0,0.0,0.0,0.0,0.0,"solar2_v,lipo2_v"
2022-03-22T15:00:00Z,29.0,29.0,,,0.0,0.0,,,,,,,,,,,3.56,3.557,3.562,,,,233.103,0.0,0.0,,,,,290.276,288.0,291.0,,,0.0,12006.0,12034.0,0.0,0.0,0.0,0.0,0.0,0.0,29.0,0.0,0.0,0.0,29.0,0.0,0.0,0.0,0.0,0.0,"solar2_v,lipo2_v"
2022-03-22T16:00:00Z,29.0,29.0,,,0.0,0.0,,,,,,,,,,,3.558,3.555,3.56,,,,233.276,0.0,0.0,,,,,286.966,286.0,288.0,,,0.0,12035.0,12063.0,0.0,0.0,0.0,0.0,0.0,0.0,29.0,0.0,0.0,0.0,29.0,0.0,0.0,0.0,0.0,0.0,"solar2_v,lipo2_v"
2022-03-22T17:00:00Z,28.0,28.0,,,0.0,0.0,,,,,,,,,,,3.556,3.555,3.559,,,,233.357,0.0,0.0,,,,,286.0,286.0,286.0,,,0.0,12064.0,12091.0,0.0,0.0,0.0,0.0,0.0,0.0,28.0,0.0,0.0,0.0,28.0,0.0,0.0,0.0,0.0,0.0,"solar2_v,lipo2_v"
2022-03-22T18:00:00Z,29.0,29.0,,,0.0,0.0,,,,,,,,,,,3.554,3.554,3.555,,,,233.414,0.0,0.0,,,,,286.241,286.0,287.0,,,0.0,12092.0,12120.0,0.0,0.0,0.0,0.0,0.0,0.0,29.0,0.0,0.0,0.0,29.0,0.0,0.0,0.0,0.0,0.0,"solar2_v,lipo2_v"
2022-03-22T19:00:00Z,29.0,29.0,,,0.0,0.0,,,,,,,,,,,3.554,3.552,3.554,,,,233.414,0.0,0.0,,,,,286.0,286.0,286.0,,,0.0,12121.0,12149.0,0.0,0.0,0.0,0.0,0.0,0.0,29.0,0.0,0.0,0.0,29.0,0.0,0.0,0.0,0.0,0.0,"solar2_v,lipo2_v"
2022-03-22T20:00:00Z,28.0,28.0,,,0.0,0.0,,,,,,,,,,,3.552,3.552,3.554,,,,233.893,0.0,0.0,,,,,283.893,283.0,285.0,,,0.0,12150.0,12177.0,0.0,0.0,0.0,0.0,0.0,0.0,28.0,0.0,0.0,0.0,28.0,0.0,0.0,0.0,0.0,0.0,"solar2_v,lipo2_v"
2022-03-22T21:00:00Z,29.0,29.0,,,0.0,0.0,,,,,,,,,,,3.552,3.55,3.552,,,,233.966,0.0,0.0,,,,,281.069,279.0,284.0,,,0.0,12178.0,12206.0,0.0,0.0,0.0,0.0,0.0,0.0,29.0,0.0,0.0,0.0,29.0,0.0,0.0,0.0,0.0,0.0,"solar2_v,lipo2_v"
2022-03-22T22:00:00Z,29.0,29.0,,,0.0,0.0,,,,,,,,,,,3.551,3.549,3.552,,,,234.103,0.0,0.0,,,,,281.0,279.0,282.0,,,0.0,12207.0,12235.0,0.0,0.0,0.0,0.0,0.0,0.0,29.0,0.0,0.0,0.0,29.0,0.0,0.0,0.0,0.0,0.0,"solar2_v,lipo2_v"
2022-03-22T23:00:00Z,28.0,28.0,,,0.0,0.0,,,,,,,,,,,3.549,3.547,3.55,,,,234.321,0.0,0.0,,,,,282.821,281.0,286.0,,,0.0,12236.0,12263.0,0.0,0.0,0.0,0.0,0.0,0.0,28.0,0.0,0.0,0.0,28.0,0.0,0.0,0.0,0.0,0.0,"solar2_v,lipo2_v"
2022-03-23T00:00:00Z,29.0,29.0,,,1.607,3.726,,,,,,,,,,,3.549,3.547,3.55,,,,228.31,0.0,0.0,,,,,290.034,208.0,380.0,,,0.0,12264.0,12292.0,0.0,24.0,0.0,0.0,0.0,0.0,29.0,0.0,0.0,0.0,29.0,0.0,0.0,0.0,0.0,0.0,"solar2_v,lipo2_v"
2022-03-23T01:00:00Z,28.0,28.0,,,3.037,4.749,,,,,,,,,,,3.549,3.547,3.55,,,,217.536,0.0,0.0,,,,,419.321,215.0,473.0,,,0.0,12293.0,12320.0,0.0,28.0,0.0,0.0,0.0,0.0,28.0,0.0,0.0,0.0,28.0,0.0,0.0,0.0,0.0,0.0,"solar2_v,lipo2_v"
2022-03-23T02:00:00Z,29.0,29.0,,,3.466,5.125,,,,,,,,,,,3.546,3.544,3.549,,,,219.621,0.0,0.0,,,,,378.586,228.0,483.0,,,0.0,12321.0,12349.0,0.0,29.0,0.0,0.0,0.0,0.0,29.0,0.0,0.0,0.0,29.0,0.0,0.0,0.0,0.0,0.0,"solar2_v,lipo2_v"
2022-03-23T03:00:00Z,29.0,29.0,,,4.725,4.948,,,,,,,,,,,3.545,3.544,3.547,,,,212.172,0.0,0.0,,,,,523.31,484.0,546.0,,,0.0,12350.0,12378.0,0.0,29.0,0.0,0.0,0.0,0.0,29.0,0.0,0.0,0.0,29.0,0.0,0.0,0.0,0.0,0.0,"solar2_v,lipo2_v"
2022-03-23T04:00:00Z,28.0,28.0,,,3.936,5.223,,,,,,,,,,,3.542,3.539,3.544,,,,216.107,0.0,0.0,,,,,488.321,441.0,541.0,,,0.0,12379.0,12406.0,0.0,28.0,0.0,0.0,0.0,0.0,28.0,0.0,0.0,0.0,28.0,0.0,0.0,0.0,0.0,0.0,"solar2_v,lipo2_v"
2022-03-23T05:00:00Z,29.0,29.0,,,4.352,5.108,,,,,,,,,,,3.538,3.536,3.541,,,,216.172,0.0,0.0,,,,,479.552,460.0,493.0,,,0.0,12407.0,12435.0,0.0,29.0,0.0,0.0,0.0,0.0,29.0,0.0,0.0,0.0,29.0,0.0,0.0,0.0,0.0,0.0,"solar2_v,lipo2_v"
2022-03-23T06:00:00Z,29.0,29.0,,,3.539,4.949,,,,,,,,,,,3.536,3.534,3.539,,,,221.448,0.0,0.0,,,,,443.31,413.0,485.0,,,0.0,12436.0,12464.0,0.0,29.0,0.0,0.0,0.0,0.0,29.0,0.0,0.0,0.0,29.0,0.0,0.0,0.0,0.0,0.0,"solar2_v,lipo2_v"
2022-03-23T07:00:00Z,28.0,28.0,,,1.512,4.569,,,,,,,,,,,3.533,3.531,3.536,,,,225.786,0.0,0.0,,,,,382.5,272.0,433.0,,,0.0,12465.0,12492.0,0.0,28.0,0.0,0.0,0.0,0.0,28.0,0.0,0.0,0.0,28.0,0.0,0.0,0.0,0.0,0.0,"solar2_v,lipo2_v"
2022-03-23T08:00:00Z,29.0,29.0,,,0.906,1.331,,,,,,,,,,,3.531,3.529,3.532,,,,223.621,0.0,0.0,,,,,357.103,310.0,380.0,,,0.0,12493.0,12521.0,0.0,29.0,0.0,0.0,0.0,0.0,29.0,0.0,0.0,0.0,29.0,0.0,0.0,0.0,0.0,0.0,"solar2_v,lipo2_v"
2022-03-23T09:00:00Z,28.0,28.0,,,0.077,0.397,,,,,,,,,,,3.527,3.526,3.531,,,,228.536,0.0,0.0,,,,,329.25,238.0,354.0,,,0.0,12522.0,12549.0,0.0,6.0,0.0,0.0,0.0,0.0,28.0,0.0,0.0,0.0,28.0,0.0,0.0,0.0,0.0,0.0,"solar2_v,lipo2_v"
2022-03-23T10:00:00Z,29.0,29.0,,,0.0,0.0,,,,,,,,,,,3.525,3.524,3.527,,,,229.931,0.0,0.0,,,,,323.517,318.0,330.0,,,0.0,12550.0,12578.0,0.0,0.0,0.0,0.0,0.0,0.0,29.0,0.0,0.0,0.0,29.0,0.0,0.0,0.0,0.0,0.0,"solar2_v,lipo2_v"
2022-03-23T11:00:00Z,29.0,29.0,,,0.0,0.0,,,,,,,,,,,3.524,3.521,3.526,,,,231.517,0.0,0.0,,,,,313.793,309.0,317.0,,,0.0,12579.0,12607.0,0.0,0.0,0.0,0.0,0.0,0.0,29.0,0.0,0.0,0.0,29.0,0.0,0.0,0.0,0.0,0.0,"solar2_v,lipo2_v"
2022-03-23T12:00:00Z,28.0,28.0,,,0.0,0.0,,,,,,,,,,,3.522,3.521,3.524,,,,232.143,0.0,0.0,,,,,305.464,303.0,309.0,,,0.0,12608.0,12635.0,0.0,0.0,0.0,0.0,0.0,0.0,28.0,0.0,0.0,0.0,28.0,0.0,0.0,0.0,0.0,0.0,"solar2_v,lipo2_v"
2022-03-23T13:00:00Z,29.0,29.0,,,0.0,0.0,,,,,,,,,,,3.52,3.517,3.522,,,,230.414,0.0,0.0,,,,,301.241,301.0,303.0,,,0.0,12636.0,12664.0,0.0,0.0,0.0,0.0,0.0,0.0,29.0,0.0,0.0,0.0,29.0,0.0,0.0,0.0,0.0,0.0,"solar2_v,lipo2_v"
2022-03-23T14:00:00Z,29.0,29.0,,,0.0,0.0,,,,,,,,,,,3.519,3.516,3.521,,,,232.483,0.0,0.0,,,,,300.586,300.0,301.0,,,0.0,12665.0,12693.0,0.0,0.0,0.0,0.0,0.0,0.0,29.0,0.0,0.0,0.0,29.0,0.0,0.0,0.0,0.0,0.0,"solar2_v,lipo2_v"
2022-03-23T15:00:00Z,28.0,28.0,,,0.0,0.0,,,,,,,,,,,3.517,3.516,3.519,,,,233.464,0.0,0.0,,,,,300.071,299.0,301.0,,,0.0,12694.0,12721.0,0.0,0.0,0.0,0.0,0.0,0.0,28.0,0.0,0.0,0.0,28.0,0.0,0.0,0.0,0.0,0.0,"solar2_v,lipo2_v"
2022-03-23T16:00:00Z,29.0,29.0,,,0.0,0.0,,,,,,,,,,,3.516,3.514,3.519,,,,232.448,0.0,0.0,,,,,297.207,295.0,300.0,,,0.0,12722.0,12750.0,0.0,0.0,0.0,0.0,0.0,0.0,29.0,0.0,0.0,0.0,29.0,0.0,0.0,0.0,0.0,0.0,"solar2_v,lipo2_v"
2022-03-23T17:00:00Z,29.0,29.0,,,0.0,0.0,,,,,,,,,,,3.514,3.512,3.516,,,,230.897,0.0,0.0,,,,,293.69,292.0,295.0,,,0.0,12751.0,12779.0,0.0,0.0,0.0,0.0,0.0,0.0,29.0,0.0,0.0,0.0,29.0,0.0,0.0,0.0,0.0,0.0,"solar2_v,lipo2_v"
2022-03-23T18:00:00Z,29.0,29.0,,,0.0,0.0,,,,,,,,,,,3.512,3.511,3.514,,,,233.414,0.0,0.0,,,,,291.069,291.0,292.0,,,0.0,12780.0,12808.0,0.0,0.0,0.0,0.0,0.0,0.0,29.0,0.0,0.0,0.0,29.0,0.0,0.0,0.0,0.0,0.0,"solar2_v,lipo2_v"
2022-03-23T19:00:00Z,28.0,28.0,,,0.0,0.0,,,,,,,,,,,3.511,3.509,3.512,,,,233.679,0.0,0.0,,,,,290.429,288.0,292.0,,,0.0,12809.0,12836.0,0.0,0.0,0.0,0.0,0.0,0.0,28.0,0.0,0.0,0.0,28.0,0.0,0.0,0.0,0.0,0.0,"solar2_v,lipo2_v"
2022-03-23T20:00:00Z,29.0,29.0,,,0.0,0.0,,,,,,,,,,,3.509,3.508,3.512,,,,235.621,0.0,0.0,,,,,289.172,287.0,291.0,,,0.0,12837.0,12865.0,0.0,0.0,0.0,0.0,0.0,0.0,29.0,0.0,0.0,0.0,29.0,0.0,0.0,0.0,0.0,0.0,"solar2_v,lipo2_v"
2022-03-23T21:00:00Z,28.0,28.0,,,0.0,0.0,,,,,,,,,,,3.509,3.508,3.509,,,,236.5,0.0,0.0,,,,,288.786,287.0,292.0,,,0.0,12866.0,12893.0,0.0,0.0,0.0,0.0,0.0,0.0,28.0,0.0,0.0,0.0,28.0,0.0,0.0,0.0,0.0,0.0,"solar2_v,lipo2_v"
2022-03-23T22:00:00Z,29.0,29.0,,,0.0,0.0,,,,,,,,,,,3.508,3.506,3.509,,,,234.276,0.0,0.0,,,,,288.897,288.0,290.0,,,0.0,12894.0,12922.0,0.0,0.0,0.0,0.0,0.0,0.0,29.0,0.0,0.0,0.0,29.0,0.0,0.0,0.0,0.0,0.0,"solar2_v,lipo2_v"
2022-03-23T23:00:00Z,29.0,29.0,,,0.124,0.483,,,,,,,,,,,3.507,3.504,3.509,,,,234.138,0.0,0.0,,,,,292.862,288.0,302.0,,,0.0,12923.0,12951.0,0.0,9.0,0.0,0.0,0.0,0.0,29.0,0.0,0.0,0.0,29.0,0.0,0.0,0.0,0.0,0.0,"solar2_v,lipo2_v"
2022-03-24T00:00:00Z,28.0,28.0,,,2.317,3.908,,,,,,,,,,,3.507,3.506,3.509,,,,228.464,0.0,0.0,,,,,344.679,218.0,469.0,,,0.0,12952.0,12979.0,0.0,28.0,0.0,0.0,0.0,0.0,28.0,0.0,0.0,0.0,28.0,0.0,0.0,0.0,0.0,0.0,"solar2_v,lipo2_v"
2022-03-24T01:00:00Z,29.0,29.0,,,1.945,4.957,,,,,,,,,,,3.508,3.504,3.509,,,,224.586,0.0,0.0,,,,,382.897,207.0,470.0,,,0.0,12980.0,13008.0,0.0,29.0,0.0,0.0,0.0,0.0,29.0,0.0,0.0,0.0,29.0,0.0,0.0,0.0,0.0,0.0,"solar2_v,lipo2_v"
2022-03-24T02:00:00Z,29.0,29.0,,,2.805,5.213,,,,,,,,,,,3.506,3.504,3.508,,,,222.241,0.0,0.0,,,,,334.966,200.0,441.0,,,0.0,13009.0,13037.0,0.0,29.0,0.0,0.0,0.0,0.0,29.0,0.0,0.0,0.0,29.0,0.0,0.0,0.0,0.0,0.0,"solar2_v,lipo2_v"
2022-03-24T03:00:00Z,28.0,28.0,,,2.993,5.285,,,,,,,,,,,3.505,3.504,3.508,,,,221.179,0.0,0.0,,,,,386.964,305.0,425.0,,,0.0,13038.0,13065.0,0.0,28.0,0.0,0.0,0.0,0.0,28.0,0.0,0.0,0.0,28.0,0.0,0.0,0.0,0.0,0.0,"solar2_v,lipo2_v"
2022-03-24T04:00:00Z,29.0,29.0,,,3.281,5.331,,,,,,,,,,,3.504,3.503,3.506,,,,224.034,0.0,0.0,,,,,404.483,301.0,442.0,,,0.0,13066.0,13094.0,0.0,29.0,0.0,0.0,0.0,0.0,29.0,0.0,0.0,0.0,29.0,0.0,0.0,0.0,0.0,0.0,"solar2_v,lipo2_v"
2022-03-24T05:00:00Z,29.0,29.0,,,4.491,5.328,,,,,,,,,,,3.504,3.503,3.506,,,,219.897,0.0,0.0,,,,,406.828,238.0,490.0,,,0.0,13095.0,13123.0,0.0,29.0,0.0,0.0,0.0,0.0,29.0,0.0,0.0,0.0,29.0,0.0,0.0,0.0,0.0,0.0,"solar2_v,lipo2_v"
2022-03-24T06:00:00Z,28.0,28.0,,,4.803,4.997,,,,,,,,,,,3.503,3.501,3.504,,,,220.25,0.0,0.0,,,,,460.5,433.0,479.0,,,0.0,13124.0,13151.0,0.0,28.0,0.0,0.0,0.0,0.0,28.0,0.0,0.0,0.0,28.0,0.0,0.0,0.0,0.0,0.0,"solar2_v,lipo2_v"
2022-03-24T07:00:00Z,29.0,29.0,,,2.141,4.472,,,,,,,,,,,3.501,3.501,3.503,,,,222.897,0.0,0.0,,,,,380.069,211.0,433.0,,,0.0,13152.0,13180.0,0.0,29.0,0.0,0.0,0.0,0.0,29.0,0.0,0.0,0.0,29.0,0.0,0.0,0.0,0.0,0.0,"solar2_v,lipo2_v"
2022-03-24T08:00:00Z,29.0,29.0,,,0.421,0.511,,,,,,,,,,,3.501,3.499,3.501,,,,226.448,0.0,0.0,,,,,349.31,204.0,380.0,,,0.0,13181.0,13209.0,0.0,29.0,0.0,0.0,0.0,0.0,29.0,0.0,0.0,0.0,29.0,0.0,0.0,0.0,0.0,0.0,"solar2_v,lipo2_v"
2022-03-24T09:00:00Z,28.0,28.0,,,0.094,0.341,,,,,,,,,,,3.499,3.499,3.501,,,,228.036,0.0,0.0,,,,,347.571,341.0,354.0,,,0.0,13210.0,13237.0,0.0,8.0,0.0,0.0,0.0,0.0,28.0,0.0,0.0,0.0,28.0,0.0,0.0,0.0,0.0,0.0,"solar2_v,lipo2_v"
2022-03-24T10:00:00Z,29.0,29.0,,,0.0,0.0,,,,,,,,,,,3.499,3.498,3.499,,,,229.0,0.0,0.0,,,,,328.586,321.0,340.0,,,0.0,13238.0,13266.0,0.0,0.0,0.0,0.0,0.0,0.0,29.0,0.0,0.0,0.0,29.0,0.0,0.0,0.0,0.0,0.0,"solar2_v,lipo2_v"
2022-03-24T11:00:00Z,29.0,29.0,,,0.0,0.0,,,,,,,,,,,3.498,3.496,3.499,,,,230.31,0.0,0.0,,,,,314.966,312.0,320.0,,,0.0,13267.0,13295.0,0.0,0.0,0.0,0.0,0.0,0.0,29.0,0.0,0.0,0.0,29.0,0.0,0.0,0.0,0.0,0.0,"solar2_v,lipo2_v"
2022-03-24T12:00:00Z,28.0,28.0,,,0.0,0.0,,,,,,,,,,,3.497,3.494,3.498,,,,231.821,0.0,0.0,,,,,308.321,304.0,312.0,,,0.0,13296.0,13323.0,0.0,0.0,0.0,0.0,0.0,0.0,28.0,0.0,0.0,0.0,28.0,0.0,0.0,0.0,0.0,0.0,"solar2_v,lipo2_v"
2022-03-24T13:00:00Z,29.0,29.0,,,0.0,0.0,,,,,,,,,,,3.494,3.491,3.496,,,,232.621,0.0,0.0,,,,,301.931,301.0,304.0,,,0.0,13324.0,13352.0,0.0,0.0,0.0,0.0,0.0,0.0,29.0,0.0,0.0,0.0,29.0,0.0,0.0,0.0,0.0,0.0,"solar2_v,lipo2_v"
2022-03-24T14:00:00Z,29.0,29.0,,,0.0,0.0,,,,,,,,,,,3.492,3.489,3.496,,,,231.724,0.0,0.0,,,,,301.0,301.0,301.0,,,0.0,13353.0,13381.0,0.0,0.0,0.0,0.0,0.0,0.0,29.0,0.0,0.0,0.0,29.0,0.0,0.0,0.0,0.0,0.0,"solar2_v,lipo2_v"
2022-03-24T15:00:00Z,28.0,28.0,,,0.0,0.0,,,,,,,,,,,3.49,3.488,3.493,,,,231.714,0.0,0.0,,,,,300.571,300.0,301.0,,,0.0,13382.0,13409.0,0.0,0.0,0.0,0.0,0.0,0.0,28.0,0.0,0.0,0.0,28.0,0.0,0.0,0.0,0.0,0.0,"solar2_v,lipo2_v"
2022-03-24T16:00:00Z,29.0,29.0,,,0.0,0.0,,,,,,,,,,,3.488,3.484,3.491,,,,232.276,0.0,0.0,,,,,299.0,297.0,300.0,,,0.0,13410.0,13438.0,0.0,0.0,0.0,0.0,0.0,0.0,29.0,0.0,0.0,0.0,29.0,0.0,0.0,0.0,0.0,0.0,"solar2_v,lipo2_v"
2022-03-24T17:00:00Z,29.0,29.0,,,0.0,0.0,,,,,,,,,,,3.485,3.484,3.488,,,,232.552,0.0,0.0,,,,,294.897,292.0,298.0,,,0.0,13439.0,13467.0,0.0,0.0,0.0,0.0,0.0,0.0,29.0,0.0,0.0,0.0,29.0,0.0,0.0,0.0,0.0,0.0,"solar2_v,lipo2_v"
2022-03-24T18:00:00Z,28.0,28.0,,,0.0,0.0,,,,,,,,,,,3.482,3.479,3.484,,,,233.143,0.0,0.0,,,,,290.75,290.0,292.0,,,0.0,13468.0,13495.0,0.0,0.0,0.0,0.0,0.0,0.0,28.0,0.0,0.0,0.0,28.0,0.0,0.0,0.0,0.0,0.0,"solar2_v,lipo2_v"
2022-03-24T19:00:00Z,29.0,29.0,,,0.0,0.0,,,,,,,,,,,3.479,3.478,3.481,,,,231.931,0.0,0.0,,,,,287.345,286.0,289.0,,,0.0,13496.0,13524.0,0.0,0.0,0.0,0.0,0.0,0.0,29.0,0.0,0.0,0.0,29.0,0.0,0.0,0.0,0.0,0.0,"solar2_v,lipo2_v"
2022-03-24T20:00:00Z,29.0,29.0,,,0.0,0.0,,,,,,,,,,,3.477,3.475,3.478,,,,234.172,0.0,0.0,,,,,286.172,286.0,287.0,,,0.0,13525.0,13553.0,0.0,0.0,0.0,0.0,0.0,0.0,29.0,0.0,0.0,0.0,29.0,0.0,0.0,0.0,0.0,0.0,"solar2_v,lipo2_v"
2022-03-24T21:00:00Z,28.0,28.0,,,0.0,0.0,,,,,,,,,,,3.475,3.473,3.476,,,,233.107,0.0,0.0,,,,,286.0,286.0,286.0,,,0.0,13554.0,13581.0,0.0,0.0,0.0,0.0,0.0,0.0,28.0,0.0,0.0,0.0,28.0,0.0,0.0,0.0,0.0,0.0,"solar2_v,lipo2_v"
2022-03-24T22:00:00Z,29.0,29.0,,,0.0,0.0,,,,,,,,,,,3.472,3.47,3.475,,,,232.621,0.0,0.0,,,,,286.034,286.0,287.0,,,0.0,13582.0,13610.0,0.0,0.0,0.0,0.0,0.0,0.0,29.0,0.0,0.0,0.0,29.0,0.0,0.0,0.0,0.0,0.0,"solar2_v,lipo2_v"
2022-03-24T23:00:00Z,29.0,29.0,,,0.0,0.0,,,,,,,,,,,3.468,3.465,3.471,,,,231.586,0.0,0.0,,,,,288.103,286.0,293.0,,,0.0,13611.0,13639.0,0.0,0.0,0.0,0.0,0.0,0.0,29.0,0.0,0.0,0.0,29.0,0.0,0.0,0.0,0.0,0.0,"solar2_v,lipo2_v"
2022-03-25T00:00:00Z,28.0,28.0,,,2.506,3.978,,,,,,,,,,,3.463,3.46,3.466,,,,224.643,0.0,0.0,,,,,349.393,220.0,472.0,,,0.0,13640.0,13667.0,0.0,27.0,0.0,0.0,0.0,0.0,28.0,0.0,0.0,0.0,28.0,0.0,0.0,0.0,0.0,0.0,"solar2_v,lipo2_v"
2022-03-25T01:00:00Z,29.0,29.0,,,3.425,4.798,,,,,,,,,,,3.456,3.453,3.46,,,,217.552,0.0,0.0,,,,,469.379,391.0,496.0,,,0.0,13668.0,13696.0,0.0,29.0,0.0,0.0,0.0,0.0,29.0,0.0,0.0,0.0,29.0,0.0,0.0,0.0,0.0,0.0,"solar2_v,lipo2_v"
2022-03-25T02:00:00Z,28.0,28.0,,,4.541,4.949,,,,,,,,,,,3.45,3.448,3.453,,,,213.464,0.0,0.0,,,,,499.857,487.0,513.0,,,0.0,13697.0,13724.0,0.0,28.0,0.0,0.0,0.0,0.0,28.0,0.0,0.0,0.0,28.0,0.0,0.0,0.0,0.0,0.0,"solar2_v,lipo2_v"
2022-03-25T03:00:00Z,29.0,29.0,,,4.947,5.057,,,,,,,,,,,3.446,3.445,3.448,,,,212.034,0.0,0.0,,,,,521.034,496.0,540.0,,,0.0,13725.0,13753.0,0.0,29.0,0.0,0.0,0.0,0.0,29.0,0.0,0.0,0.0,29.0,0.0,0.0,0.0,0.0,0.0,"solar2_v,lipo2_v"
2022-03-25T04:00:00Z,29.0,29.0,,,4.347,5.32,,,,,,,,,,,3.441,3.435,3.445,,,,214.517,0.0,0.0,,,,,500.69,489.0,519.0,,,0.0,13754.0,13782.0,0.0,29.0,0.0,0.0,0.0,0.0,29.0,0.0,0.0,0.0,29.0,0.0,0.0,0.0,0.0,0.0,"solar2_v,lipo2_v"
2022-03-25T05:00:00Z,28.0,28.0,,,4.951,5.069,,,,,,,,,,,3.432,3.425,3.437,,,,214.071,0.0,0.0,,,,,505.893,480.0,526.0,,,0.0,13783.0,13810.0,0.0,28.0,0.0,0.0,0.0,0.0,28.0,0.0,0.0,0.0,28.0,0.0,0.0,0.0,0.0,0.0,"solar2_v,lipo2_v"
2022-03-25T06:00:00Z,29.0,29.0,,,4.795,4.993,,,,,,,,,,,3.424,3.42,3.428,,,,218.897,0.0,0.0,,,,,469.483,447.0,481.0,,,0.0,13811.0,13839.0,0.0,29.0,0.0,0.0,0.0,0.0,29.0,0.0,0.0,0.0,29.0,0.0,0.0,0.0,0.0,0.0,"solar2_v,lipo2_v"
2022-03-25T07:00:00Z,26.0,26.0,,,2.27,4.449,,,,,,,,,,,3.417,3.413,3.422,,,,222.346,0.0,0.0,,,,,380.885,200.0,452.0,,,0.0,13840.0,13866.0,0.0,26.0,0.0,0.0,0.0,0.0,26.0,0.0,0.0,0.0,26.0,0.0,0.0,0.0,0.0,0.0,"solar2_v,lipo2_v"
2022-03-25T08:00:00Z,13.0,13.0,,,0.459,0.549,,,,,,,,,,,3.406,3.4,3.41,,,,227.769,0.0,0.0,,,,,293.692,187.0,367.0,,,0.0,13868.0,13884.0,0.0,13.0,0.0,0.0,0.0,0.0,13.0,0.0,0.0,0.0,13.0,0.0,0.0,0.0,0.0,0.0,"solar2_v,lipo2_v"
2022-03-25T09:00:00Z,6.0,6.0,,,0.0,0.0,,,,,,,,,,,3.378,3.377,3.379,,,,222.5,0.0,0.0,,,,,344.5,341.0,348.0,,,0.0,13916.0,13921.0,0.0,0.0,0.0,0.0,0.0,0.0,6.0,0.0,0.0,0.0,6.0,0.0,0.0,0.0,0.0,0.0,"solar2_v,lipo2_v"
2022-03-25T10:00:00Z,29.0,29.0,,,0.0,0.0,,,,,,,,,,,3.372,3.367,3.376,,,,229.207,0.0,0.0,,,,,329.241,321.0,340.0,,,0.0,13922.0,13950.0,0.0,0.0,0.0,0.0,0.0,0.0,29.0,0.0,0.0,0.0,29.0,0.0,0.0,0.0,0.0,0.0,"solar2_v,lipo2_v"
2022-03-25T11:00:00Z,28.0,28.0,,,0.0,0.0,,,,,,,,,,,3.363,3.357,3.367,,,,233.286,0.0,0.0,,,,,315.071,313.0,320.0,,,0.0,13951.0,13978.0,0.0,0.0,0.0,0.0,0.0,0.0,28.0,0.0,0.0,0.0,28.0,0.0,0.0,0.0,0.0,0.0,"solar2_v,lipo2_v"
2022-03-25T12:00:00Z,29.0,29.0,,,0.0,0.0,,,,,,,,,,,3.351,3.344,3.357,,,,230.31,0.0,0.0,,,,,307.931,303.0,313.0,,,0.0,13979.0,14007.0,0.0,0.0,0.0,0.0,0.0,0.0,29.0,0.0,0.0,0.0,29.0,0.0,0.0,0.0,0.0,0.0,"solar2_v,lipo2_v"
2022-03-25T13:00:00Z,29.0,29.0,,,0.0,0.0,,,,,,,,,,,3.342,3.339,3.346,,,,235.069,0.0,0.0,,,,,302.448,301.0,305.0,,,0.0,14008.0,14036.0,0.0,0.0,0.0,0.0,0.0,0.0,29.0,0.0,0.0,0.0,29.0,0.0,0.0,0.0,0.0,0.0,"solar2_v,lipo2_v"
2022-03-25T14:00:00Z,28.0,28.0,,,0.0,0.0,,,,,,,,,,,3.332,3.324,3.339,,,,230.464,0.0,0.0,,,,,300.964,300.0,301.0,,,0.0,14037.0,14064.0,0.0,0.0,0.0,0.0,0.0,0.0,28.0,0.0,0.0,0.0,28.0,0.0,0.0,0.0,0.0,0.0,"solar2_v,lipo2_v"
2022-03-25T15:00:00Z,29.0,29.0,,,0.0,0.0,,,,,,,,,,,3.318,3.311,3.324,,,,230.793,0.0,0.0,,,,,299.31,297.0,301.0,,,0.0,14065.0,14093.0,0.0,0.0,0.0,0.0,0.0,0.0,29.0,0.0,0.0,0.0,29.0,0.0,0.0,0.0,0.0,0.0,"solar2_v,lipo2_v"
2022-03-25T16:00:00Z,29.0,29.0,,,0.0,0.0,,,,,,,,,,,3.304,3.295,3.313,,,,223.552,0.0,0.0,,,,,295.724,294.0,298.0,,,0.0,14094.0,14122.0,0.0,0.0,0.0,0.0,0.0,0.0,29.0,0.0,0.0,0.0,29.0,0.0,0.0,0.0,0.0,0.0,"solar2_v,lipo2_v"
2022-03-25T17:00:00Z,28.0,28.0,,,0.0,0.0,,,,,,,,,,,3.29,3.288,3.295,,,,227.536,0.0,0.0,,,,,292.429,291.0,294.0,,,0.0,14123.0,14150.0,0.0,0.0,0.0,0.0,0.0,0.0,28.0,0.0,0.0,0.0,28.0,0.0,0.0,0.0,0.0,0.0,"solar2_v,lipo2_v"
2022-03-25T18:00:00Z,29.0,29.0,,,0.0,0.0,,,,,,,,,,,3.281,3.273,3.288,,,,224.379,0.0,0.0,,,,,288.862,287.0,291.0,,,0.0,14151.0,14179.0,0.0,0.0,0.0,0.0,0.0,0.0,29.0,0.0,0.0,0.0,29.0,0.0,0.0,0.0,0.0,0.0,"solar2_v,lipo2_v"
2022-03-25T19:00:00Z,29.0,29.0,,,0.0,0.0,,,,,,,,,,,3.264,3.258,3.272,,,,218.138,0.0,0.0,,,,,286.31,286.0,287.0,,,0.0,14180.0,14208.0,0.0,0.0,0.0,0.0,0.0,0.0,29.0,0.0,0.0,0.0,29.0,0.0,0.0,0.0,0.0,0.0,"solar2_v,lipo2_v"
2022-03-25T20:00:00Z,28.0,28.0,,,0.0,0.0,,,,,,,,,,,3.248,3.239,3.258,,,,217.0,0.0,0.0,,,,,285.143,283.0,286.0,,,0.0,14209.0,14236.0,0.0,0.0,0.0,0.0,0.0,0.0,28.0,0.0,0.0,0.0,28.0,0.0,0.0,0.0,0.0,0.0,"solar2_v,lipo2_v"
2022-03-25T21:00:00Z,29.0,29.0,,,0.0,0.0,,,,,,,,,,,3.233,3.225,3.239,,,,214.862,0.0,0.0,,,,,283.69,282.0,287.0,,,0.0,14237.0,14265.0,0.0,0.0,0.0,0.0,0.0,0.0,29.0,0.0,0.0,0.0,29.0,0.0,0.0,0.0,0.0,0.0,"solar2_v,lipo2_v"
2022-03-25T22:00:00Z,29.0,29.0,,,0.0,0.0,,,,,,,,,,,3.213,3.182,3.225,,,,210.379,0.0,0.0,,,,,282.931,275.0,286.0,,,0.0,1.0,14277.0,0.0,0.0,0.0,0.0,0.0,0.0,29.0,0.0,0.0,0.0,29.0,0.0,0.0,0.0,0.0,0.0,"solar2_v,lipo2_v"
2022-03-25T23:00:00Z,28.0,28.0,,,0.049,0.367,,,,,,,,,,,3.194,3.184,3.206,,,,207.5,0.0,0.0,,,,,287.714,286.0,290.0,,,0.0,18.0,45.0,0.0,4.0,0.0,0.0,0.0,0.0,28.0,0.0,0.0,0.0,28.0,0.0,0.0,0.0,0.0,0.0,"solar2_v,lipo2_v"
2022-03-26T00:00:00Z,29.0,29.0,,,0.87,2.939,,,,,,,,,,,3.176,3.135,3.184,,,,194.862,0.0,0.0,,,,,321.793,291.0,348.0,,,0.0,1.0,73.0,0.0,28.0,0.0,0.0,0.0,0.0,29.0,0.0,0.0,0.0,29.0,0.0,0.0,0.0,0.0,0.0,"solar2_v,lipo2_v"
2022-03-26T01:00:00Z,28.0,28.0,,,1.661,5.039,,,,,,,,,,,3.133,3.121,3.146,,,,178.679,0.0,0.0,,,,,327.321,210.0,367.0,,,0.0,1.0,1.0,0.0,28.0,0.0,0.0,0.0,0.0,28.0,0.0,0.0,0.0,28.0,0.0,0.0,0.0,0.0,0.0,"solar2_v,lipo2_v"
2022-03-26T02:00:00Z,29.0,29.0,,,3.723,5.105,,,,,,,,,,,3.101,3.08,3.12,,,,167.793,0.0,0.0,,,,,412.241,167.0,774.0,,,0.0,1.0,1.0,0.0,29.0,0.0,0.0,0.0,0.0,29.0,0.0,0.0,0.0,29.0,0.0,0.0,0.0,0.0,0.0,"solar2_v,lipo2_v"
2022-03-26T03:00:00Z,27.0,27.0,,,4.901,5.23,,,,,,,,,,,3.061,3.042,3.079,,,,158.593,0.0,0.0,,,,,793.889,767.0,806.0,,,0.0,1.0,1.0,0.0,27.0,0.0,0.0,0.0,0.0,27.0,0.0,0.0,0.0,27.0,0.0,0.0,0.0,0.0,0.0,"solar2_v,lipo2_v"
2022-03-26T04:00:00Z,28.0,28.0,,,3.608,5.779,,,,,,,,,,,3.019,2.996,3.039,,,,156.714,0.0,0.0,,,,,753.607,717.0,800.0,,,0.0,1.0,1.0,0.0,28.0,0.0,0.0,0.0,0.0,28.0,0.0,0.0,0.0,28.0,0.0,0.0,0.0,0.0,0.0,"solar2_v,lipo2_v"
2022-03-26T05:00:00Z,28.0,28.0,,,3.245,5.899,,,,,,,,,,,2.969,2.933,2.994,,,,155.321,0.0,0.0,,,,,705.75,577.0,745.0,,,0.0,1.0,1.0,0.0,28.0,0.0,0.0,0.0,0.0,28.0,0.0,0.0,0.0,28.0,0.0,0.0,0.0,0.0,0.0,"solar2_v,lipo2_v"
2022-03-26T06:00:00Z,3.0,3.0,,,5.178,5.251,,,,,,,,,,,2.926,2.922,2.93,,,,155.0,0.0,0.0,,,,,732.333,728.0,737.0,,,0.0,1.0,1.0,0.0,3.0,0.0,0.0,0.0,0.0,3.0,0.0,0.0,0.0,3.0,0.0,0.0,0.0,0.0,0.0,"solar2_v,lipo2_v"
2022-08-28T22:00:00Z,14.0,14.0,,,0.0,0.0,,,,,,,,,,,3.421,2.76,3.679,,,,232.286,0.0,0.0,,,,,317.643,300.0,326.0,,,0.0,1.0,14.0,0.0,0.0,0.0,0.0,0.0,0.0,14.0,0.0,0.0,0.0,14.0,0.0,0.0,0.0,0.0,0.0,"solar2_v,lipo2_v"
2022-08-28T23:00:00Z,29.0,29.0,,,0.0,0.0,,,,,,,,,,,3.814,3.554,3.932,,,,227.172,0.0,0.0,,,,,318.034,314.0,325.0,,,0.0,15.0,43.0,0.0,0.0,0.0,0.0,0.0,0.0,29.0,0.0,0.0,0.0,29.0,0.0,0.0,0.0,0.0,0.0,"solar2_v,lipo2_v"
2022-08-29T00:00:00Z,29.0,29.0,,,0.0,0.0,,,,,,,,,,,4.053,3.927,4.105,,,,229.034,0.0,0.0,,,,,316.414,313.0,321.0,,,0.0,44.0,72.0,0.0,0.0,0.0,0.0,0.0,0.0,29.0,0.0,0.0,0.0,29.0,0.0,0.0,0.0,0.0,0.0,"solar2_v,lipo2_v"
2022-08-29T01:00:00Z,28.0,28.0,,,0.0,0.0,,,,,,,,,,,4.098,4.036,4.151,,,,229.214,0.0,0.0,,,,,322.607,321.0,324.0,,,0.0,73.0,100.0,0.0,0.0,0.0,0.0,0.0,0.0,28.0,0.0,0.0,0.0,28.0,0.0,0.0,0.0,0.0,0.0,"solar2_v,lipo2_v"
2022-08-29T02:00:00Z,29.0,29.0,,,0.0,0.0,,,,,,,,,,,4.163,4.148,4.172,,,,229.207,0.0,0.0,,,,,323.103,321.0,324.0,,,0.0,101.0,129.0,0.0,0.0,0.0,0.0,0.0,0.0,29.0,0.0,0.0,0.0,29.0,0.0,0.0,0.0,0.0,0.0,"solar2_v,lipo2_v"
2022-08-29T03:00:00Z,29.0,29.0,,,0.0,0.0,,,,,,,,,,,4.159,4.136,4.179,,,,229.483,0.0,0.0,,,,,321.793,321.0,323.0,,,0.0,130.0,158.0,0.0,0.0,0.0,0.0,0.0,0.0,29.0,0.0,0.0,0.0,29.0,0.0,0.0,0.0,0.0,0.0,"solar2_v,lipo2_v"
2022-08-29T04:00:00Z,28.0,28.0,,,0.0,0.0,,,,,,,,,,,4.136,4.133,4.139,,,,229.929,0.0,0.0,,,,,321.5,321.0,322.0,,,0.0,159.0,186.0,0.0,0.0,0.0,0.0,0.0,0.0,28.0,0.0,0.0,0.0,28.0,0.0,0.0,0.0,0.0,0.0,"solar2_v,lipo2_v"
2022-08-29T05:00:00Z,29.0,29.0,,,0.0,0.0,,,,,,,,,,,4.133,4.131,4.135,,,,231.172,0.0,0.0,,,,,322.759,322.0,324.0,,,0.0,187.0,215.0,0.0,0.0,0.0,0.0,0.0,0.0,29.0,0.0,0.0,0.0,29.0,0.0,0.0,0.0,0.0,0.0,"solar2_v,lipo2_v"
2022-08-29T06:00:00Z,29.0,29.0,,,0.0,0.0,,,,,,,,,,,4.13,4.128,4.133,,,,230.207,0.0,0.0,,,,,324.69,324.0,325.0,,,0.0,216.0,244.0,0.0,0.0,0.0,0.0,0.0,0.0,29.0,0.0,0.0,0.0,29.0,0.0,0.0,0.0,0.0,0.0,"solar2_v,lipo2_v"
2022-08-29T07:00:00Z,29.0,29.0,,,0.0,0.0,,,,,,,,,,,4.127,4.125,4.13,,,,229.724,0.0,0.0,,,,,325.552,325.0,326.0,,,0.0,245.0,273.0,0.0,0.0,0.0,0.0,0.0,0.0,29.0,0.0,0.0,0.0,29.0,0.0,0.0,0.0,0.0,0.0,"solar2_v,lipo2_v"
2022-08-29T08:00:00Z,28.0,28.0,,,0.0,0.0,,,,,,,,,,,4.125,4.123,4.128,,,,230.25,0.0,0.0,,,,,326.0,326.0,326.0,,,0.0,274.0,301.0,0.0,0.0,0.0,0.0,0.0,0.0,28.0,0.0,0.0,0.0,28.0,0.0,0.0,0.0,0.0,0.0,"solar2_v,lipo2_v"
2022-08-29T09:00:00Z,29.0,29.0,,,0.0,0.0,,,,,,,,,,,4.122,4.12,4.125,,,,229.517,0.0,0.0,,,,,326.069,326.0,327.0,,,0.0,302.0,330.0,0.0,0.0,0.0,0.0,0.0,0.0,29.0,0.0,0.0,0.0,29.0,0.0,0.0,0.0,0.0,0.0,"solar2_v,lipo2_v"
2022-08-29T10:00:00Z,29.0,29.0,,,0.0,0.0,,,,,,,,,,,4.12,4.118,4.123,,,,229.759,0.0,0.0,,,,,326.069,326.0,327.0,,,0.0,331.0,359.0,0.0,0.0,0.0,0.0,0.0,0.0,29.0,0.0,0.0,0.0,29.0,0.0,0.0,0.0,0.0,0.0,"solar2_v,lipo2_v"
2022-08-29T11:00:00Z,29.0,29.0,,,0.0,0.0,,,,,,,,,,,4.118,4.106,4.121,,,,229.31,0.0,0.0,,,,,325.897,323.0,327.0,,,0.0,360.0,388.0,0.0,0.0,0.0,0.0,0.0,0.0,29.0,0.0,0.0,0.0,29.0,0.0,0.0,0.0,0.0,0.0,"solar2_v,lipo2_v"
2022-08-29T12:00:00Z,29.0,29.0,,,0.0,0.0,,,,,,,,,,,3.886,3.582,4.09,,,,230.276,0.0,0.0,,,,,311.586,306.0,321.0,,,0.0,389.0,417.0,0.0,0.0,0.0,0.0,0.0,0.0,29.0,0.0,0.0,0.0,29.0,0.0,0.0,0.0,0.0,0.0,"solar2_v,lipo2_v"
2022-08-29T13:00:00Z,28.0,28.0,,,0.0,0.0,,,,,,,,,,,4.07,4.032,4.092,,,,232.107,0.0,0.0,,,,,302.786,300.0,306.0,,,0.0,418.0,446.0,0.0,0.0,0.0,0.0,0.0,0.0,28.0,0.0,0.0,0.0,28.0,0.0,0.0,0.0,0.0,0.0,"solar2_v,lipo2_v"
2022-08-29T14:00:00Z,29.0,29.0,,,0.0,0.0,,,,,,,,,,,4.09,4.082,4.098,,,,232.862,0.0,0.0,,,,,300.241,299.0,301.0,,,0.0,447.0,475.0,0.0,0.0,0.0,0.0,0.0,0.0,29.0,0.0,0.0,0.0,29.0,0.0,0.0,0.0,0.0,0.0,"solar2_v,lipo2_v"
2022-08-29T15:00:00Z,28.0,28.0,,,0.0,0.0,,,,,,,,,,,4.098,4.095,4.1,,,,233.107,0.0,0.0,,,,,296.643,295.0,300.0,,,0.0,476.0,504.0,0.0,0.0,0.0,0.0,0.0,0.0,28.0,0.0,0.0,0.0,28.0,0.0,0.0,0.0,0.0,0.0,"solar2_v,lipo2_v"
2022-08-29T16:00:00Z,29.0,29.0,,,0.0,0.0,,,,,,,,,,,4.099,4.095,4.102,,,,233.207,0.0,0.0,,,,,293.966,293.0,295.0,,,0.0,505.0,533.0,0.0,0.0,0.0,0.0,0.0,0.0,29.0,0.0,0.0,0.0,29.0,0.0,0.0,0.0,0.0,0.0,"solar2_v,lipo2_v"
2022-08-29T17:00:00Z,28.0,28.0,,,0.0,0.0,,,,,,,,,,,4.1,4.098,4.102,,,,233.179,0.0,0.0,,,,,291.821,291.0,293.0,,,0.0,534.0,562.0,0.0,0.0,0.0,0.0,0.0,0.0,28.0,0.0,0.0,0.0,28.0,0.0,0.0,0.0,0.0,0.0,"solar2_v,lipo2_v"
2022-08-29T18:00:00Z,27.0,27.0,,,0.0,0.0,,,,,,,,,,,4.099,4.095,4.102,,,,233.407,0.0,0.0,,,,,290.37,289.0,291.0,,,0.0,563.0,591.0,0.0,0.0,0.0,0.0,0.0,0.0,27.0,0.0,0.0,0.0,27.0,0.0,0.0,0.0,0.0,0.0,"solar2_v,lipo2_v"
2022-08-29T19:00:00Z,28.0,28.0,,,0.0,0.0,,,,,,,,,,,4.097,4.095,4.098,,,,233.179,0.0,0.0,,,,,290.679,289.0,292.0,,,0.0,592.0,620.0,0.0,0.0,0.0,0.0,0.0,0.0,28.0,0.0,0.0,0.0,28.0,0.0,0.0,0.0,0.0,0.0,"solar2_v,lipo2_v"
2022-08-29T20:00:00Z,30.0,30.0,,,0.0,0.0,,,,,,,,,,,4.094,4.092,4.097,,,,233.333,0.0,0.0,,,,,288.1,287.0,290.0,,,0.0,621.0,650.0,0.0,0.0,0.0,0.0,0.0,0.0,30.0,0.0,0.0,0.0,30.0,0.0,0.0,0.0,0.0,0.0,"solar2_v,lipo2_v"
2022-08-29T21:00:00Z,29.0,29.0,,,0.0,0.0,,,,,,,,,,,4.092,4.09,4.095,,,,233.69,0.0,0.0,,,,,286.621,286.0,287.0,,,0.0,651.0,679.0,0.0,0.0,0.0,0.0,0.0,0.0,29.0,0.0,0.0,0.0,29.0,0.0,0.0,0.0,0.0,0.0,"solar2_v,lipo2_v"
2022-08-29T22:00:00Z,28.0,28.0,,,0.0,0.0,,,,,,,,,,,4.091,4.088,4.093,,,,234.214,0.0,0.0,,,,,285.786,285.0,286.0,,,0.0,680.0,708.0,0.0,0.0,0.0,0.0,0.0,0.0,28.0,0.0,0.0,0.0,28.0,0.0,0.0,0.0,0.0,0.0,"solar2_v,lipo2_v"
2022-08-29T23:00:00Z,27.0,27.0,,,0.514,2.105,,,,,,,,,,,4.09,4.088,4.092,,,,233.185,0.0,0.0,,,,,290.704,286.0,314.0,,,0.0,709.0,735.0,0.0,11.0,0.0,0.0,0.0,0.0,27.0,0.0,0.0,0.0,27.0,0.0,0.0,0.0,0.0,0.0,"solar2_v,lipo2_v"
2022-08-30T00:00:00Z,26.0,26.0,,,3.522,4.497,,,,,,,,,,,4.091,4.088,4.093,,,,227.423,0.0,0.0,,,,,351.192,324.0,380.0,,,0.0,738.0,764.0,0.0,26.0,0.0,0.0,0.0,0.0,26.0,0.0,0.0,0.0,26.0,0.0,0.0,0.0,0.0,0.0,"solar2_v,lipo2_v"
2022-08-30T01:00:00Z,29.0,29.0,,,3.609,5.087,,,,,,,,,,,4.09,4.088,4.092,,,,223.034,0.0,0.0,,,,,398.828,383.0,418.0,,,0.0,766.0,794.0,0.0,29.0,0.0,0.0,0.0,0.0,29.0,0.0,0.0,0.0,29.0,0.0,0.0,0.0,0.0,0.0,"solar2_v,lipo2_v"
2022-08-30T02:00:00Z,28.0,28.0,,,4.679,5.174,,,,,,,,,,,4.09,4.087,4.092,,,,219.214,0.0,0.0,,,,,438.821,413.0,455.0,,,0.0,795.0,823.0,0.0,28.0,0.0,0.0,0.0,0.0,28.0,0.0,0.0,0.0,28.0,0.0,0.0,0.0,0.0,0.0,"solar2_v,lipo2_v"
2022-08-30T03:00:00Z,29.0,29.0,,,4.717,5.146,,,,,,,,,,,4.088,4.085,4.09,,,,218.655,0.0,0.0,,,,,449.034,434.0,459.0,,,0.0,824.0,852.0,0.0,29.0,0.0,0.0,0.0,0.0,29.0,0.0,0.0,0.0,29.0,0.0,0.0,0.0,0.0,0.0,"solar2_v,lipo2_v"
2022-08-30T04:00:00Z,29.0,29.0,,,3.925,5.215,,,,,,,,,,,4.086,4.085,4.088,,,,217.724,0.0,0.0,,,,,459.103,441.0,482.0,,,0.0,853.0,881.0,0.0,29.0,0.0,0.0,0.0,0.0,29.0,0.0,0.0,0.0,29.0,0.0,0.0,0.0,0.0,0.0,"solar2_v,lipo2_v"
2022-08-30T05:00:00Z,29.0,29.0,,,4.729,5.346,,,,,,,,,,,4.084,4.082,4.087,,,,215.241,0.0,0.0,,,,,484.069,472.0,501.0,,,0.0,882.0,910.0,0.0,29.0,0.0,0.0,0.0,0.0,29.0,0.0,0.0,0.0,29.0,0.0,0.0,0.0,0.0,0.0,"solar2_v,lipo2_v"
2022-08-30T06:00:00Z,29.0,29.0,,,3.661,5.467,,,,,,,,,,,4.079,4.069,4.083,,,,220.138,0.0,0.0,,,,,433.0,387.0,482.0,,,0.0,911.0,939.0,0.0,29.0,0.0,0.0,0.0,0.0,29.0,0.0,0.0,0.0,29.0,0.0,0.0,0.0,0.0,0.0,"solar2_v,lipo2_v"
2022-08-30T07:00:00Z,29.0,29.0,,,2.764,4.998,,,,,,,,,,,4.066,4.059,4.072,,,,220.552,0.0,0.0,,,,,428.103,369.0,466.0,,,0.0,940.0,968.0,0.0,26.0,0.0,0.0,0.0,0.0,29.0,0.0,0.0,0.0,29.0,0.0,0.0,0.0,0.0,0.0,"solar2_v,lipo2_v"
2022-08-30T08:00:00Z,30.0,30.0,,,0.0,0.0,,,,,,,,,,,4.064,4.021,4.078,,,,232.433,0.0,0.0,,,,,298.333,274.0,364.0,,,0.0,969.0,998.0,0.0,0.0,0.0,0.0,0.0,0.0,30.0,0.0,0.0,0.0,30.0,0.0,0.0,0.0,0.0,0.0,"solar2_v,lipo2_v"
2022-08-30T09:00:00Z,29.0,29.0,,,0.442,0.631,,,,,,,,,,,4.07,4.069,4.072,,,,233.586,0.0,0.0,,,,,290.862,274.0,306.0,,,0.0,999.0,1027.0,0.0,28.0,0.0,0.0,0.0,0.0,29.0,0.0,0.0,0.0,29.0,0.0,0.0,0.0,0.0,0.0,"solar2_v,lipo2_v"
2022-08-30T10:00:00Z,28.0,28.0,,,0.116,0.524,,,,,,,,,,,4.07,4.067,4.072,,,,231.786,0.0,0.0,,,,,307.786,306.0,311.0,,,0.0,1028.0,1056.0,0.0,7.0,0.0,0.0,0.0,0.0,28.0,0.0,0.0,0.0,28.0,0.0,0.0,0.0,0.0,0.0,"solar2_v,lipo2_v"
2022-08-30T11:00:00Z,23.0,23.0,,,0.0,0.0,,,,,,,,,,,4.069,4.065,4.07,,,,232.13,0.0,0.0,,,,,306.043,304.0,307.0,,,0.0,1057.0,1080.0,0.0,0.0,0.0,0.0,0.0,0.0,23.0,0.0,0.0,0.0,23.0,0.0,0.0,0.0,0.0,0.0,"solar2_v,lipo2_v"
2022-08-31T12:00:00Z,27.0,27.0,,,0.0,0.0,,,,,,,,,,,3.999,3.999,4.001,,,,234.889,0.0,0.0,,,,,277.037,274.0,285.0,,,0.0,1723.0,1750.0,0.0,0.0,0.0,0.0,0.0,0.0,27.0,0.0,0.0,0.0,27.0,0.0,0.0,0.0,0.0,0.0,"solar2_v,lipo2_v"
2022-08-31T13:00:00Z,29.0,29.0,,,0.0,0.0,,,,,,,,,,,4.0,3.999,4.003,,,,235.828,0.0,0.0,,,,,273.448,272.0,274.0,,,0.0,1751.0,1779.0,0.0,0.0,0.0,0.0,0.0,0.0,29.0,0.0,0.0,0.0,29.0,0.0,0.0,0.0,0.0,0.0,"solar2_v,lipo2_v"
2022-08-31T14:00:00Z,30.0,30.0,,,0.0,0.0,,,,,,,,,,,4.0,3.999,4.003,,,,235.967,0.0,0.0,,,,,272.933,271.0,274.0,,,0.0,1780.0,1809.0,0.0,0.0,0.0,0.0,0.0,0.0,30.0,0.0,0.0,0.0,30.0,0.0,0.0,0.0,0.0,0.0,"solar2_v,lipo2_v"
2022-08-31T15:00:00Z,30.0,30.0,,,0.0,0.0,,,,,,,,,,,4.001,3.999,4.003,,,,235.367,0.0,0.0,,,,,274.967,273.0,280.0,,,0.0,1810.0,1839.0,0.0,0.0,0.0,0.0,0.0,0.0,30.0,0.0,0.0,0.0,30.0,0.0,0.0,0.0,0.0,0.0,"solar2_v,lipo2_v"
2022-08-31T16:00:00Z,29.0,29.0,,,0.0,0.0,,,,,,,,,,,4.001,3.999,4.003,,,,234.483,0.0,0.0,,,,,280.655,280.0,281.0,,,0.0,1840.0,1868.0,0.0,0.0,0.0,0.0,0.0,0.0,29.0,0.0,0.0,0.0,29.0,0.0,0.0,0.0,0.0,0.0,"solar2_v,lipo2_v"
2022-08-31T17:00:00Z,30.0,30.0,,,0.0,0.0,,,,,,,,,,,4.001,3.999,4.003,,,,234.833,0.0,0.0,,,,,279.7,278.0,281.0,,,0.0,1869.0,1898.0,0.0,0.0,0.0,0.0,0.0,0.0,30.0,0.0,0.0,0.0,30.0,0.0,0.0,0.0,0.0,0.0,"solar2_v,lipo2_v"
2022-08-31T18:00:00Z,30.0,30.0,,,0.0,0.0,,,,,,,,,,,4.001,3.999,4.003,,,,235.467,0.0,0.0,,,,,276.133,274.0,278.0,,,0.0,1899.0,1928.0,0.0,0.0,0.0,0.0,0.0,0.0,30.0,0.0,0.0,0.0,30.0,0.0,0.0,0.0,0.0,0.0,"solar2_v,lipo2_v"
2022-08-31T19:00:00Z,29.0,29.0,,,0.0,0.0,,,,,,,,,,,4.0,3.999,4.001,,,,235.379,0.0,0.0,,,,,274.966,274.0,276.0,,,0.0,1929.0,1957.0,0.0,0.0,0.0,0.0,0.0,0.0,29.0,0.0,0.0,0.0,29.0,0.0,0.0,0.0,0.0,0.0,"solar2_v,lipo2_v"
2022-08-31T20:00:00Z,30.0,30.0,,,0.0,0.0,,,,,,,,,,,4.0,3.999,4.001,,,,235.4,0.0,0.0,,,,,274.833,274.0,275.0,,,0.0,1958.0,1987.0,0.0,0.0,0.0,0.0,0.0,0.0,30.0,0.0,0.0,0.0,30.0,0.0,0.0,0.0,0.0,0.0,"solar2_v,lipo2_v"
2022-08-31T21:00:00Z,29.0,29.0,,,0.0,0.0,,,,,,,,,,,3.999,3.998,4.001,,,,235.483,0.0,0.0,,,,,274.31,274.0,275.0,,,0.0,1988.0,2016.0,0.0,0.0,0.0,0.0,0.0,0.0,29.0,0.0,0.0,0.0,29.0,0.0,0.0,0.0,0.0,0.0,"solar2_v,lipo2_v"
2022-08-31T22:00:00Z,29.0,29.0,,,0.0,0.0,,,,,,,,,,,3.999,3.999,4.001,,,,235.379,0.0,0.0,,,,,275.759,274.0,277.0,,,0.0,2017.0,2046.0,0.0,0.0,0.0,0.0,0.0,0.0,29.0,0.0,0.0,0.0,29.0,0.0,0.0,0.0,0.0,0.0,"solar2_v,lipo2_v"
2022-08-31T23:00:00Z,30.0,30.0,,,0.556,1.782,,,,,,,,,,,3.999,3.999,4.001,,,,234.367,0.0,0.0,,,,,284.3,274.0,301.0,,,0.0,2047.0,2076.0,0.0,19.0,0.0,0.0,0.0,0.0,30.0,0.0,0.0,0.0,30.0,0.0,0.0,0.0,0.0,0.0,"solar2_v,lipo2_v"
2022-09-01T00:00:00Z,29.0,29.0,,,3.01,4.087,,,,,,,,,,,4.0,3.999,4.001,,,,228.759,0.0,0.0,,,,,338.69,304.0,371.0,,,0.0,2077.0,2105.0,0.0,29.0,0.0,0.0,0.0,0.0,29.0,0.0,0.0,0.0,29.0,0.0,0.0,0.0,0.0,0.0,"solar2_v,lipo2_v"
2022-09-01T01:00:00Z,30.0,30.0,,,4.535,4.772,,,,,,,,,,,4.001,3.999,4.003,,,,223.267,0.0,0.0,,,,,402.033,374.0,428.0,,,0.0,2106.0,2135.0,0.0,30.0,0.0,0.0,0.0,0.0,30.0,0.0,0.0,0.0,30.0,0.0,0.0,0.0,0.0,0.0,"solar2_v,lipo2_v"
2022-09-01T02:00:00Z,28.0,28.0,,,3.357,5.169,,,,,,,,,,,4.0,3.999,4.003,,,,222.25,0.0,0.0,,,,,410.607,387.0,429.0,,,0.0,2136.0,2164.0,0.0,28.0,0.0,0.0,0.0,0.0,28.0,0.0,0.0,0.0,28.0,0.0,0.0,0.0,0.0,0.0,"solar2_v,lipo2_v"
2022-09-01T03:00:00Z,29.0,29.0,,,3.35,5.134,,,,,,,,,,,4.0,3.999,4.001,,,,222.345,0.0,0.0,,,,,410.31,367.0,455.0,,,0.0,2165.0,2193.0,0.0,29.0,0.0,0.0,0.0,0.0,29.0,0.0,0.0,0.0,29.0,0.0,0.0,0.0,0.0,0.0,"solar2_v,lipo2_v"
2022-09-01T04:00:00Z,29.0,29.0,,,1.941,5.172,,,,,,,,,,,3.999,3.999,4.001,,,,223.931,0.0,0.0,,,,,386.207,367.0,437.0,,,0.0,2194.0,2223.0,0.0,29.0,0.0,0.0,0.0,0.0,29.0,0.0,0.0,0.0,29.0,0.0,0.0,0.0,0.0,0.0,"solar2_v,lipo2_v"
2022-09-01T05:00:00Z,29.0,29.0,,,2.549,5.036,,,,,,,,,,,3.999,3.999,4.001,,,,224.276,0.0,0.0,,,,,387.966,367.0,408.0,,,0.0,2224.0,2252.0,0.0,29.0,0.0,0.0,0.0,0.0,29.0,0.0,0.0,0.0,29.0,0.0,0.0,0.0,0.0,0.0,"solar2_v,lipo2_v"
2022-09-01T06:00:00Z,18.0,18.0,,,2.943,4.902,,,,,,,,,,,3.999,3.999,3.999,,,,222.889,0.0,0.0,,,,,406.667,386.0,419.0,,,0.0,2253.0,2270.0,0.0,18.0,0.0,0.0,0.0,0.0,18.0,0.0,0.0,0.0,18.0,0.0,0.0,0.0,0.0,0.0,"solar2_v,lipo2_v"
2022-09-01T08:00:00Z,11.0,11.0,,,0.929,1.012,,,,,,,,,,,3.996,3.994,3.998,,,,223.545,0.0,0.0,,,,,384.091,379.0,394.0,,,0.0,2328.0,2338.0,0.0,11.0,0.0,0.0,0.0,0.0,11.0,0.0,0.0,0.0,11.0,0.0,0.0,0.0,0.0,0.0,"solar2_v,lipo2_v"
2022-09-01T09:00:00Z,30.0,30.0,,,0.509,0.856,,,,,,,,,,,3.994,3.991,3.996,,,,227.033,0.0,0.0,,,,,355.733,340.0,379.0,,,0.0,2339.0,2368.0,0.0,30.0,0.0,0.0,0.0,0.0,30.0,0.0,0.0,0.0,30.0,0.0,0.0,0.0,0.0,0.0,"solar2_v,lipo2_v"
2022-09-01T10:00:00Z,29.0,29.0,,,0.068,0.457,,,,,,,,,,,3.993,3.991,3.996,,,,229.103,0.0,0.0,,,,,331.379,326.0,340.0,,,0.0,2369.0,2397.0,0.0,5.0,0.0,0.0,0.0,0.0,29.0,0.0,0.0,0.0,29.0,0.0,0.0,0.0,0.0,0.0,"solar2_v,lipo2_v"
2022-09-01T11:00:00Z,30.0,30.0,,,0.0,0.0,,,,,,,,,,,3.992,3.988,3.994,,,,229.867,0.0,0.0,,,,,324.1,322.0,327.0,,,0.0,2398.0,2427.0,0.0,0.0,0.0,0.0,0.0,0.0,30.0,0.0,0.0,0.0,30.0,0.0,0.0,0.0,0.0,0.0,"solar2_v,lipo2_v"
2022-09-01T12:00:00Z,30.0,30.0,,,0.0,0.0,,,,,,,,,,,3.991,3.989,3.994,,,,229.633,0.0,0.0,,,,,324.567,316.0,327.0,,,0.0,2428.0,2457.0,0.0,0.0,0.0,0.0,0.0,0.0,30.0,0.0,0.0,0.0,30.0,0.0,0.0,0.0,0.0,0.0,"solar2_v,lipo2_v"
2022-09-01T13:00:00Z,29.0,29.0,,,0.0,0.0,,,,,,,,,,,3.989,3.986,3.993,,,,231.793,0.0,0.0,,,,,306.828,302.0,315.0,,,0.0,2458.0,2486.0,0.0,0.0,0.0,0.0,0.0,0.0,29.0,0.0,0.0,0.0,29.0,0.0,0.0,0.0,0.0,0.0,"solar2_v,lipo2_v"
2022-09-01T14:00:00Z,28.0,28.0,,,0.0,0.0,,,,,,,,,,,3.988,3.986,3.991,,,,232.179,0.0,0.0,,,,,302.429,301.0,303.0,,,0.0,2487.0,2516.0,0.0,0.0,0.0,0.0,0.0,0.0,28.0,0.0,0.0,0.0,28.0,0.0,0.0,0.0,0.0,0.0,"solar2_v,lipo2_v"
2022-09-01T15:00:00Z,29.0,29.0,,,0.0,0.0,,,,,,,,,,,3.988,3.986,3.991,,,,232.552,0.0,0.0,,,,,300.966,300.0,301.0,,,0.0,2517.0,2545.0,0.0,0.0,0.0,0.0,0.0,0.0,29.0,0.0,0.0,0.0,29.0,0.0,0.0,0.0,0.0,0.0,"solar2_v,lipo2_v"
2022-09-01T16:00:00Z,30.0,30.0,,,0.0,0.0,,,,,,,,,,,3.987,3.986,3.989,,,,232.8,0.0,0.0,,,,,300.967,300.0,301.0,,,0.0,2546.0,2575.0,0.0,0.0,0.0,0.0,0.0,0.0,30.0,0.0,0.0,0.0,30.0,0.0,0.0,0.0,0.0,0.0,"solar2_v,lipo2_v"
2022-09-01T17:00:00Z,30.0,30.0,,,0.0,0.0,,,,,,,,,,,3.986,3.984,3.989,,,,233.167,0.0,0.0,,,,,298.767,295.0,301.0,,,0.0,2576.0,2605.0,0.0,0.0,0.0,0.0,0.0,0.0,30.0,0.0,0.0,0.0,30.0,0.0,0.0,0.0,0.0,0.0,"solar2_v,lipo2_v"
2022-09-01T18:00:00Z,28.0,28.0,,,0.0,0.0,,,,,,,,,,,3.985,3.984,3.988,,,,233.036,0.0,0.0,,,,,295.607,294.0,296.0,,,0.0,2606.0,2634.0,0.0,0.0,0.0,0.0,0.0,0.0,28.0,0.0,0.0,0.0,28.0,0.0,0.0,0.0,0.0,0.0,"solar2_v,lipo2_v"
2022-09-01T19:00:00Z,30.0,30.0,,,0.0,0.0,,,,,,,,,,,3.984,3.983,3.986,,,,233.333,0.0,0.0,,,,,293.567,292.0,295.0,,,0.0,2635.0,2664.0,0.0,0.0,0.0,0.0,0.0,0.0,30.0,0.0,0.0,0.0,30.0,0.0,0.0,0.0,0.0,0.0,"solar2_v,lipo2_v"
2022-09-01T20:00:00Z,29.0,29.0,,,0.0,0.0,,,,,,,,,,,3.983,3.983,3.984,,,,233.517,0.0,0.0,,,,,288.931,288.0,292.0,,,0.0,2665.0,2693.0,0.0,0.0,0.0,0.0,0.0,0.0,29.0,0.0,0.0,0.0,29.0,0.0,0.0,0.0,0.0,0.0,"solar2_v,lipo2_v"
2022-09-01T21:00:00Z,29.0,29.0,,,0.0,0.0,,,,,,,,,,,3.983,3.981,3.986,,,,233.414,0.0,0.0,,,,,289.552,287.0,293.0,,,0.0,2694.0,2723.0,0.0,0.0,0.0,0.0,0.0,0.0,29.0,0.0,0.0,0.0,29.0,0.0,0.0,0.0,0.0,0.0,"solar2_v,lipo2_v"
2022-09-01T22:00:00Z,30.0,30.0,,,0.0,0.0,,,,,,,,,,,3.983,3.979,3.984,,,,233.533,0.0,0.0,,,,,292.9,292.0,293.0,,,0.0,2724.0,2753.0,0.0,0.0,0.0,0.0,0.0,0.0,30.0,0.0,0.0,0.0,30.0,0.0,0.0,0.0,0.0,0.0,"solar2_v,lipo2_v"
2022-09-01T23:00:00Z,29.0,29.0,,,0.551,1.5,,,,,,,,,,,3.981,3.979,3.984,,,,232.897,0.0,0.0,,,,,301.345,293.0,317.0,,,0.0,2754.0,2782.0,0.0,18.0,0.0,0.0,0.0,0.0,29.0,0.0,0.0,0.0,29.0,0.0,0.0,0.0,0.0,0.0,"solar2_v,lipo2_v"
2022-09-02T00:00:00Z,29.0,29.0,,,2.614,4.077,,,,,,,,,,,3.981,3.979,3.983,,,,228.862,0.0,0.0,,,,,343.241,321.0,368.0,,,0.0,2783.0,2811.0,0.0,29.0,0.0,0.0,0.0,0.0,29.0,0.0,0.0,0.0,29.0,0.0,0.0,0.0,0.0,0.0,"solar2_v,lipo2_v"
2022-09-02T01:00:00Z,29.0,29.0,,,3.862,5.01,,,,,,,,,,,3.981,3.979,3.983,,,,224.414,0.0,0.0,,,,,390.69,367.0,420.0,,,0.0,2812.0,2840.0,0.0,29.0,0.0,0.0,0.0,0.0,29.0,0.0,0.0,0.0,29.0,0.0,0.0,0.0,0.0,0.0,"solar2_v,lipo2_v"
2022-09-02T02:00:00Z,30.0,30.0,,,3.296,5.179,,,,,,,,,,,3.981,3.978,3.983,,,,223.133,0.0,0.0,,,,,404.033,365.0,433.0,,,0.0,2841.0,2870.0,0.0,30.0,0.0,0.0,0.0,0.0,30.0,0.0,0.0,0.0,30.0,0.0,0.0,0.0,0.0,0.0,"solar2_v,lipo2_v"
2022-09-02T03:00:00Z,29.0,29.0,,,4.731,5.082,,,,,,,,,,,3.979,3.978,3.981,,,,221.0,0.0,0.0,,,,,425.69,371.0,452.0,,,0.0,2871.0,2899.0,0.0,29.0,0.0,0.0,0.0,0.0,29.0,0.0,0.0,0.0,29.0,0.0,0.0,0.0,0.0,0.0,"solar2_v,lipo2_v"
2022-09-02T04:00:00Z,29.0,29.0,,,4.266,5.343,,,,,,,,,,,3.979,3.978,3.981,,,,218.69,0.0,0.0,,,,,452.966,420.0,486.0,,,0.0,2900.0,2928.0,0.0,29.0,0.0,0.0,0.0,0.0,29.0,0.0,0.0,0.0,29.0,0.0,0.0,0.0,0.0,0.0,"solar2_v,lipo2_v"
2022-09-02T05:00:00Z,30.0,30.0,,,3.454,5.32,,,,,,,,,,,3.978,3.976,3.981,,,,219.733,0.0,0.0,,,,,444.0,407.0,482.0,,,0.0,2929.0,2958.0,0.0,30.0,0.0,0.0,0.0,0.0,30.0,0.0,0.0,0.0,30.0,0.0,0.0,0.0,0.0,0.0,"solar2_v,lipo2_v"
2022-09-02T06:00:00Z,29.0,29.0,,,3.92,5.143,,,,,,,,,,,3.978,3.976,3.979,,,,216.828,0.0,0.0,,,,,476.448,434.0,495.0,,,0.0,2959.0,2987.0,0.0,29.0,0.0,0.0,0.0,0.0,29.0,0.0,0.0,0.0,29.0,0.0,0.0,0.0,0.0,0.0,"solar2_v,lipo2_v"
2022-09-02T07:00:00Z,30.0,30.0,,,3.125,5.098,,,,,,,,,,,3.977,3.974,3.979,,,,221.067,0.0,0.0,,,,,435.2,406.0,465.0,,,0.0,2988.0,3017.0,0.0,30.0,0.0,0.0,0.0,0.0,30.0,0.0,0.0,0.0,30.0,0.0,0.0,0.0,0.0,0.0,"solar2_v,lipo2_v"
2022-09-02T08:00:00Z,29.0,29.0,,,1.024,4.009,,,,,,,,,,,3.976,3.974,3.976,,,,226.034,0.0,0.0,,,,,371.414,349.0,402.0,,,0.0,3018.0,3046.0,0.0,29.0,0.0,0.0,0.0,0.0,29.0,0.0,0.0,0.0,29.0,0.0,0.0,0.0,0.0,0.0,"solar2_v,lipo2_v"
2022-09-02T09:00:00Z,30.0,30.0,,,0.46,0.665,,,,,,,,,,,3.974,3.974,3.976,,,,228.933,0.0,0.0,,,,,336.867,327.0,347.0,,,0.0,3047.0,3076.0,0.0,26.0,0.0,0.0,0.0,0.0,30.0,0.0,0.0,0.0,30.0,0.0,0.0,0.0,0.0,0.0,"solar2_v,lipo2_v"
2022-09-02T10:00:00Z,30.0,30.0,,,0.0,0.0,,,,,,,,,,,3.974,3.973,3.974,,,,230.433,0.0,0.0,,,,,325.533,324.0,327.0,,,0.0,3077.0,3106.0,0.0,0.0,0.0,0.0,0.0,0.0,30.0,0.0,0.0,0.0,30.0,0.0,0.0,0.0,0.0,0.0,"solar2_v,lipo2_v"
2022-09-02T11:00:00Z,29.0,29.0,,,0.0,0.0,,,,,,,,,,,3.973,3.973,3.974,,,,231.862,0.0,0.0,,,,,311.828,303.0,324.0,,,0.0,3107.0,3135.0,0.0,0.0,0.0,0.0,0.0,0.0,29.0,0.0,0.0,0.0,29.0,0.0,0.0,0.0,0.0,0.0,"solar2_v,lipo2_v"
2022-09-02T12:00:00Z,30.0,30.0,,,0.0,0.0,,,,,,,,,,,3.972,3.97,3.973,,,,233.633,0.0,0.0,,,,,292.2,287.0,302.0,,,0.0,3136.0,3165.0,0.0,0.0,0.0,0.0,0.0,0.0,30.0,0.0,0.0,0.0,30.0,0.0,0.0,0.0,0.0,0.0,"solar2_v,lipo2_v"
2022-09-02T13:00:00Z,28.0,28.0,,,0.0,0.0,,,,,,,,,,,3.969,3.968,3.97,,,,234.321,0.0,0.0,,,,,285.964,285.0,287.0,,,0.0,3166.0,3194.0,0.0,0.0,0.0,0.0,0.0,0.0,28.0,0.0,0.0,0.0,28.0,0.0,0.0,0.0,0.0,0.0,"solar2_v,lipo2_v"
2022-09-02T14:00:00Z,29.0,29.0,,,0.0,0.0,,,,,,,,,,,3.968,3.965,3.971,,,,234.0,0.0,0.0,,,,,287.0,286.0,288.0,,,0.0,3195.0,3223.0,0.0,0.0,0.0,0.0,0.0,0.0,29.0,0.0,0.0,0.0,29.0,0.0,0.0,0.0,0.0,0.0,"solar2_v,lipo2_v"
2022-09-02T15:00:00Z,29.0,29.0,,,0.0,0.0,,,,,,,,,,,3.967,3.965,3.97,,,,234.207,0.0,0.0,,,,,287.034,286.0,288.0,,,0.0,3226.0,3254.0,0.0,0.0,0.0,0.0,0.0,0.0,29.0,0.0,0.0,0.0,29.0,0.0,0.0,0.0,0.0,0.0,"solar2_v,lipo2_v"
2022-09-02T16:00:00Z,29.0,29.0,,,0.0,0.0,,,,,,,,,,,3.966,3.963,3.968,,,,234.448,0.0,0.0,,,,,287.034,287.0,288.0,,,0.0,3255.0,3283.0,0.0,0.0,0.0,0.0,0.0,0.0,29.0,0.0,0.0,0.0,29.0,0.0,0.0,0.0,0.0,0.0,"solar2_v,lipo2_v"
2022-09-02T17:00:00Z,30.0,30.0,,,0.0,0.0,,,,,,,,,,,3.964,3.961,3.968,,,,234.833,0.0,0.0,,,,,284.6,281.0,287.0,,,0.0,3284.0,3313.0,0.0,0.0,0.0,0.0,0.0,0.0,30.0,0.0,0.0,0.0,30.0,0.0,0.0,0.0,0.0,0.0,"solar2_v,lipo2_v"
2022-09-02T18:00:00Z,29.0,29.0,,,0.0,0.0,,,,,,,,,,,3.963,3.96,3.966,,,,234.931,0.0,0.0,,,,,279.517,276.0,281.0,,,0.0,3314.0,3342.0,0.0,0.0,0.0,0.0,0.0,0.0,29.0,0.0,0.0,0.0,29.0,0.0,0.0,0.0,0.0,0.0,"solar2_v,lipo2_v"
2022-09-02T19:00:00Z,30.0,30.0,,,0.0,0.0,,,,,,,,,,,3.961,3.96,3.963,,,,235.867,0.0,0.0,,,,,274.533,274.0,276.0,,,0.0,3343.0,3372.0,0.0,0.0,0.0,0.0,0.0,0.0,30.0,0.0,0.0,0.0,30.0,0.0,0.0,0.0,0.0,0.0,"solar2_v,lipo2_v"
2022-09-02T20:00:00Z,29.0,29.0,,,0.0,0.0,,,,,,,,,,,3.959,3.956,3.963,,,,236.103,0.0,0.0,,,,,274.069,273.0,276.0,,,0.0,3373.0,3402.0,0.0,0.0,0.0,0.0,0.0,0.0,29.0,0.0,0.0,0.0,29.0,0.0,0.0,0.0,0.0,0.0,"solar2_v,lipo2_v"
2022-09-02T21:00:00Z,28.0,28.0,,,0.0,0.0,,,,,,,,,,,3.957,3.956,3.96,,,,235.964,0.0,0.0,,,,,274.0,274.0,274.0,,,0.0,3403.0,3431.0,0.0,0.0,0.0,0.0,0.0,0.0,28.0,0.0,0.0,0.0,28.0,0.0,0.0,0.0,0.0,0.0,"solar2_v,lipo2_v"
2022-09-02T22:00:00Z,30.0,30.0,,,0.0,0.0,,,,,,,,,,,3.956,3.953,3.958,,,,236.3,0.0,0.0,,,,,273.933,273.0,274.0,,,0.0,3432.0,3461.0,0.0,0.0,0.0,0.0,0.0,0.0,30.0,0.0,0.0,0.0,30.0,0.0,0.0,0.0,0.0,0.0,"solar2_v,lipo2_v"
2022-09-02T23:00:00Z,29.0,29.0,,,0.425,1.034,,,,,,,,,,,3.954,3.953,3.958,,,,235.207,0.0,0.0,,,,,282.241,274.0,293.0,,,0.0,3462.0,3490.0,0.0,19.0,0.0,0.0,0.0,0.0,29.0,0.0,0.0,0.0,29.0,0.0,0.0,0.0,0.0,0.0,"solar2_v,lipo2_v"
2022-09-03T00:00:00Z,29.0,29.0,,,1.87,2.963,,,,,,,,,,,3.954,3.953,3.955,,,,231.138,0.0,0.0,,,,,316.897,295.0,340.0,,,0.0,3491.0,3519.0,0.0,29.0,0.0,0.0,0.0,0.0,29.0,0.0,0.0,0.0,29.0,0.0,0.0,0.0,0.0,0.0,"solar2_v,lipo2_v"
2022-09-03T01:00:00Z,29.0,29.0,,,3.638,4.829,,,,,,,,,,,3.954,3.951,3.956,,,,226.207,0.0,0.0,,,,,370.241,342.0,390.0,,,0.0,3520.0,3548.0,0.0,29.0,0.0,0.0,0.0,0.0,29.0,0.0,0.0,0.0,29.0,0.0,0.0,0.0,0.0,0.0,"solar2_v,lipo2_v"
2022-09-03T02:00:00Z,29.0,29.0,,,4.236,4.913,,,,,,,,,,,3.954,3.953,3.955,,,,223.759,0.0,0.0,,,,,397.345,384.0,406.0,,,0.0,3549.0,3577.0,0.0,29.0,0.0,0.0,0.0,0.0,29.0,0.0,0.0,0.0,29.0,0.0,0.0,0.0,0.0,0.0,"solar2_v,lipo2_v"
2022-09-03T03:00:00Z,30.0,30.0,,,4.771,5.103,,,,,,,,,,,3.953,3.951,3.955,,,,222.933,0.0,0.0,,,,,406.0,393.0,433.0,,,0.0,3578.0,3607.0,0.0,30.0,0.0,0.0,0.0,0.0,30.0,0.0,0.0,0.0,30.0,0.0,0.0,0.0,0.0,0.0,"solar2_v,lipo2_v"
2022-09-03T04:00:00Z,30.0,30.0,,,4.471,5.138,,,,,,,,,,,3.953,3.951,3.955,,,,218.9,0.0,0.0,,,,,446.6,433.0,463.0,,,0.0,3608.0,3637.0,0.0,30.0,0.0,0.0,0.0,0.0,30.0,0.0,0.0,0.0,30.0,0.0,0.0,0.0,0.0,0.0,"solar2_v,lipo2_v"
2022-09-03T05:00:00Z,29.0,29.0,,,4.166,5.002,,,,,,,,,,,3.952,3.95,3.953,,,,218.552,0.0,0.0,,,,,455.621,428.0,473.0,,,0.0,3638.0,3666.0,0.0,29.0,0.0,0.0,0.0,0.0,29.0,0.0,0.0,0.0,29.0,0.0,0.0,0.0,0.0,0.0,"solar2_v,lipo2_v"
2022-09-03T06:00:00Z,30.0,30.0,,,3.054,5.21,,,,,,,,,,,3.95,3.948,3.951,,,,223.4,0.0,0.0,,,,,408.267,397.0,423.0,,,0.0,3667.0,3696.0,0.0,30.0,0.0,0.0,0.0,0.0,30.0,0.0,0.0,0.0,30.0,0.0,0.0,0.0,0.0,0.0,"solar2_v,lipo2_v"
2022-09-03T07:00:00Z,30.0,30.0,,,3.825,5.134,,,,,,,,,,,3.95,3.948,3.951,,,,219.633,0.0,0.0,,,,,450.333,425.0,479.0,,,0.0,3697.0,3726.0,0.0,30.0,0.0,0.0,0.0,0.0,30.0,0.0,0.0,0.0,30.0,0.0,0.0,0.0,0.0,0.0,"solar2_v,lipo2_v"
2022-09-03T08:00:00Z,29.0,29.0,,,3.34,4.792,,,,,,,,,,,3.949,3.948,3.951,,,,218.621,0.0,0.0,,,,,455.655,408.0,473.0,,,0.0,3727.0,3755.0,0.0,29.0,0.0,0.0,0.0,0.0,29.0,0.0,0.0,0.0,29.0,0.0,0.0,0.0,0.0,0.0,"solar2_v,lipo2_v"
2022-09-03T09:00:00Z,30.0,30.0,,,0.322,0.785,,,,,,,,,,,3.946,3.943,3.948,,,,226.933,0.0,0.0,,,,,360.067,308.0,406.0,,,0.0,3756.0,3785.0,0.0,18.0,0.0,0.0,0.0,0.0,30.0,0.0,0.0,0.0,30.0,0.0,0.0,0.0,0.0,0.0,"solar2_v,lipo2_v"
2022-09-03T10:00:00Z,29.0,29.0,,,0.0,0.0,,,,,,,,,,,3.919,3.89,3.945,,,,235.724,0.0,0.0,,,,,275.724,267.0,302.0,,,0.0,3786.0,3814.0,0.0,0.0,0.0,0.0,0.0,0.0,29.0,0.0,0.0,0.0,29.0,0.0,0.0,0.0,0.0,0.0,"solar2_v,lipo2_v"
2022-09-03T11:00:00Z,30.0,30.0,,,0.0,0.0,,,,,,,,,,,3.912,3.89,3.92,,,,236.3,0.0,0.0,,,,,270.867,266.0,274.0,,,0.0,3815.0,3844.0,0.0,0.0,0.0,0.0,0.0,0.0,30.0,0.0,0.0,0.0,30.0,0.0,0.0,0.0,0.0,0.0,"solar2_v,lipo2_v"
2022-09-03T12:00:00Z,30.0,30.0,,,0.0,0.0,,,,,,,,,,,3.921,3.918,3.923,,,,235.7,0.0,0.0,,,,,274.7,274.0,276.0,,,0.0,3845.0,3874.0,0.0,0.0,0.0,0.0,0.0,0.0,30.0,0.0,0.0,0.0,30.0,0.0,0.0,0.0,0.0,0.0,"solar2_v,lipo2_v"
2022-09-03T13:00:00Z,29.0,29.0,,,0.0,0.0,,,,,,,,,,,3.922,3.922,3.923,,,,235.034,0.0,0.0,,,,,282.621,277.0,286.0,,,0.0,3875.0,3903.0,0.0,0.0,0.0,0.0,0.0,0.0,29.0,0.0,0.0,0.0,29.0,0.0,0.0,0.0,0.0,0.0,"solar2_v,lipo2_v"
2022-09-03T14:00:00Z,30.0,30.0,,,0.0,0.0,,,,,,,,,,,3.922,3.922,3.923,,,,234.533,0.0,0.0,,,,,286.767,286.0,287.0,,,0.0,3904.0,3933.0,0.0,0.0,0.0,0.0,0.0,0.0,30.0,0.0,0.0,0.0,30.0,0.0,0.0,0.0,0.0,0.0,"solar2_v,lipo2_v"
2022-09-03T15:00:00Z,29.0,29.0,,,0.0,0.0,,,,,,,,,,,3.922,3.92,3.922,,,,233.897,0.0,0.0,,,,,289.172,287.0,291.0,,,0.0,3934.0,3962.0,0.0,0.0,0.0,0.0,0.0,0.0,29.0,0.0,0.0,0.0,29.0,0.0,0.0,0.0,0.0,0.0,"solar2_v,lipo2_v"
2022-09-03T16:00:00Z,30.0,30.0,,,0.0,0.0,,,,,,,,,,,3.921,3.92,3.922,,,,233.7,0.0,0.0,,,,,290.867,290.0,291.0,,,0.0,3963.0,3992.0,0.0,0.0,0.0,0.0,0.0,0.0,30.0,0.0,0.0,0.0,30.0,0.0,0.0,0.0,0.0,0.0,"solar2_v,lipo2_v"
2022-09-03T17:00:00Z,29.0,29.0,,,0.0,0.0,,,,,,,,,,,3.92,3.918,3.922,,,,233.931,0.0,0.0,,,,,289.414,289.0,290.0,,,0.0,3993.0,4021.0,0.0,0.0,0.0,0.0,0.0,0.0,29.0,0.0,0.0,0.0,29.0,0.0,0.0,0.0,0.0,0.0,"solar2_v,lipo2_v"
2022-09-03T18:00:00Z,30.0,30.0,,,0.0,0.0,,,,,,,,,,,3.919,3.917,3.92,,,,234.067,0.0,0.0,,,,,288.9,288.0,290.0,,,0.0,4022.0,4051.0,0.0,0.0,0.0,0.0,0.0,0.0,30.0,0.0,0.0,0.0,30.0,0.0,0.0,0.0,0.0,0.0,"solar2_v,lipo2_v"
2022-09-03T19:00:00Z,29.0,29.0,,,0.0,0.0,,,,,,,,,,,3.918,3.917,3.92,,,,233.897,0.0,0.0,,,,,289.276,288.0,291.0,,,0.0,4052.0,4080.0,0.0,0.0,0.0,0.0,0.0,0.0,29.0,0.0,0.0,0.0,29.0,0.0,0.0,0.0,0.0,0.0,"solar2_v,lipo2_v"
2022-09-03T20:00:00Z,30.0,30.0,,,0.0,0.0,,,,,,,,,,,3.918,3.913,3.92,,,,234.2,0.0,0.0,,,,,287.067,286.0,288.0,,,0.0,4081.0,4110.0,0.0,0.0,0.0,0.0,0.0,0.0,30.0,0.0,0.0,0.0,30.0,0.0,0.0,0.0,0.0,0.0,"solar2_v,lipo2_v"
2022-09-03T21:00:00Z,29.0,29.0,,,0.0,0.0,,,,,,,,,,,3.917,3.913,3.918,,,,234.552,0.0,0.0,,,,,286.069,285.0,287.0,,,0.0,4111.0,4139.0,0.0,0.0,0.0,0.0,0.0,0.0,29.0,0.0,0.0,0.0,29.0,0.0,0.0,0.0,0.0,0.0,"solar2_v,lipo2_v"
2022-09-03T22:00:00Z,30.0,30.0,,,0.0,0.0,,,,,,,,,,,3.915,3.912,3.917,,,,234.267,0.0,0.0,,,,,286.933,286.0,287.0,,,0.0,4140.0,4169.0,0.0,0.0,0.0,0.0,0.0,0.0,30.0,0.0,0.0,0.0,30.0,0.0,0.0,0.0,0.0,0.0,"solar2_v,lipo2_v"
2022-09-03T23:00:00Z,30.0,30.0,,,0.571,2.474,,,,,,,,,,,3.915,3.913,3.917,,,,233.5,0.0,0.0,,,,,294.667,287.0,303.0,,,0.0,4170.0,4199.0,0.0,21.0,0.0,0.0,0.0,0.0,30.0,0.0,0.0,0.0,30.0,0.0,0.0,0.0,0.0,0.0,"solar2_v,lipo2_v"
2022-09-04T00:00:00Z,29.0,29.0,,,2.981,4.574,,,,,,,,,,,3.917,3.915,3.918,,,,229.345,0.0,0.0,,,,,335.655,307.0,374.0,,,0.0,4200.0,4228.0,0.0,29.0,0.0,0.0,0.0,0.0,29.0,0.0,0.0,0.0,29.0,0.0,0.0,0.0,0.0,0.0,"solar2_v,lipo2_v"
2022-09-04T01:00:00Z,30.0,30.0,,,3.657,5.052,,,,,,,,,,,3.918,3.917,3.92,,,,224.4,0.0,0.0,,,,,390.0,375.0,406.0,,,0.0,4229.0,4258.0,0.0,30.0,0.0,0.0,0.0,0.0,30.0,0.0,0.0,0.0,30.0,0.0,0.0,0.0,0.0,0.0,"solar2_v,lipo2_v"
2022-09-04T02:00:00Z,29.0,29.0,,,3.388,5.011,,,,,,,,,,,3.919,3.917,3.92,,,,222.483,0.0,0.0,,,,,415.138,393.0,438.0,,,0.0,4259.0,4287.0,0.0,29.0,0.0,0.0,0.0,0.0,29.0,0.0,0.0,0.0,29.0,0.0,0.0,0.0,0.0,0.0,"solar2_v,lipo2_v"
2022-09-04T03:00:00Z,30.0,30.0,,,3.024,5.436,,,,,,,,,,,3.917,3.915,3.918,,,,224.633,0.0,0.0,,,,,383.3,366.0,406.0,,,0.0,4288.0,4317.0,0.0,30.0,0.0,0.0,0.0,0.0,30.0,0.0,0.0,0.0,30.0,0.0,0.0,0.0,0.0,0.0,"solar2_v,lipo2_v"
2022-09-04T04:00:00Z,30.0,30.0,,,3.503,5.272,,,,,,,,,,,3.916,3.915,3.918,,,,223.333,0.0,0.0,,,,,403.067,389.0,434.0,,,0.0,4318.0,4347.0,0.0,30.0,0.0,0.0,0.0,0.0,30.0,0.0,0.0,0.0,30.0,0.0,0.0,0.0,0.0,0.0,"solar2_v,lipo2_v"
2022-09-04T05:00:00Z,29.0,29.0,,,4.653,5.274,,,,,,,,,,,3.916,3.913,3.918,,,,220.207,0.0,0.0,,,,,437.172,397.0,470.0,,,0.0,4348.0,4376.0,0.0,29.0,0.0,0.0,0.0,0.0,29.0,0.0,0.0,0.0,29.0,0.0,0.0,0.0,0.0,0.0,"solar2_v,lipo2_v"
2022-09-04T06:00:00Z,30.0,30.0,,,4.063,5.192,,,,,,,,,,,3.917,3.913,3.92,,,,219.733,0.0,0.0,,,,,442.933,405.0,477.0,,,0.0,4377.0,4406.0,0.0,30.0,0.0,0.0,0.0,0.0,30.0,0.0,0.0,0.0,30.0,0.0,0.0,0.0,0.0,0.0,"solar2_v,lipo2_v"
2022-09-04T07:00:00Z,30.0,30.0,,,3.49,5.213,,,,,,,,,,,3.914,3.912,3.917,,,,223.733,0.0,0.0,,,,,398.833,364.0,433.0,,,0.0,4407.0,4436.0,0.0,30.0,0.0,0.0,0.0,0.0,30.0,0.0,0.0,0.0,30.0,0.0,0.0,0.0,0.0,0.0,"solar2_v,lipo2_v"
2022-09-04T08:00:00Z,29.0,29.0,,,1.998,4.693,,,,,,,,,,,3.913,3.912,3.917,,,,226.586,0.0,0.0,,,,,371.414,341.0,419.0,,,0.0,4437.0,4465.0,0.0,29.0,0.0,0.0,0.0,0.0,29.0,0.0,0.0,0.0,29.0,0.0,0.0,0.0,0.0,0.0,"solar2_v,lipo2_v"
2022-09-04T09:00:00Z,30.0,30.0,,,0.766,1.046,,,,,,,,,,,3.911,3.908,3.913,,,,229.133,0.0,0.0,,,,,335.167,330.0,340.0,,,0.0,4466.0,4495.0,0.0,30.0,0.0,0.0,0.0,0.0,30.0,0.0,0.0,0.0,30.0,0.0,0.0,0.0,0.0,0.0,"solar2_v,lipo2_v"
2022-09-04T10:00:00Z,29.0,29.0,,,0.044,0.488,,,,,,,,,,,3.909,3.907,3.913,,,,232.172,0.0,0.0,,,,,309.103,282.0,330.0,,,0.0,4496.0,4524.0,0.0,3.0,0.0,0.0,0.0,0.0,29.0,0.0,0.0,0.0,29.0,0.0,0.0,0.0,0.0,0.0,"solar2_v,lipo2_v"
2022-09-04T11:00:00Z,30.0,30.0,,,0.0,0.0,,,,,,,,,,,3.905,3.902,3.908,,,,234.3,0.0,0.0,,,,,287.367,279.0,299.0,,,0.0,4525.0,4554.0,0.0,0.0,0.0,0.0,0.0,0.0,30.0,0.0,0.0,0.0,30.0,0.0,0.0,0.0,0.0,0.0,"solar2_v,lipo2_v"
2022-09-04T12:00:00Z,28.0,28.0,,,0.0,0.0,,,,,,,,,,,3.903,3.9,3.905,,,,233.036,0.0,0.0,,,,,300.821,295.0,306.0,,,0.0,4555.0,4583.0,0.0,0.0,0.0,0.0,0.0,0.0,28.0,0.0,0.0,0.0,28.0,0.0,0.0,0.0,0.0,0.0,"solar2_v,lipo2_v"
2022-09-04T13:00:00Z,30.0,30.0,,,0.0,0.0,,,,,,,,,,,3.9,3.897,3.902,,,,233.933,0.0,0.0,,,,,287.733,281.0,301.0,,,0.0,4584.0,4613.0,0.0,0.0,0.0,0.0,0.0,0.0,30.0,0.0,0.0,0.0,30.0,0.0,0.0,0.0,0.0,0.0,"solar2_v,lipo2_v"
2022-09-04T14:00:00Z,29.0,29.0,,,0.0,0.0,,,,,,,,,,,3.898,3.897,3.9,,,,234.69,0.0,0.0,,,,,284.931,281.0,286.0,,,0.0,4614.0,4642.0,0.0,0.0,0.0,0.0,0.0,0.0,29.0,0.0,0.0,0.0,29.0,0.0,0.0,0.0,0.0,0.0,"solar2_v,lipo2_v"
2022-09-04T15:00:00Z,29.0,29.0,,,0.0,0.0,,,,,,,,,,,3.897,3.895,3.9,,,,233.655,0.0,0.0,,,,,289.103,286.0,292.0,,,0.0,4643.0,4671.0,0.0,0.0,0.0,0.0,0.0,0.0,29.0,0.0,0.0,0.0,29.0,0.0,0.0,0.0,0.0,0.0,"solar2_v,lipo2_v"
2022-09-04T16:00:00Z,29.0,29.0,,,0.0,0.0,,,,,,,,,,,3.896,3.894,3.899,,,,233.897,0.0,0.0,,,,,288.379,287.0,292.0,,,0.0,4672.0,4700.0,0.0,0.0,0.0,0.0,0.0,0.0,29.0,0.0,0.0,0.0,29.0,0.0,0.0,0.0,0.0,0.0,"solar2_v,lipo2_v"
2022-09-04T17:00:00Z,30.0,30.0,,,0.0,0.0,,,,,,,,,,,3.896,3.895,3.897,,,,234.3,0.0,0.0,,,,,287.467,286.0,290.0,,,0.0,4701.0,4730.0,0.0,0.0,0.0,0.0,0.0,0.0,30.0,0.0,0.0,0.0,30.0,0.0,0.0,0.0,0.0,0.0,"solar2_v,lipo2_v"
2022-09-04T18:00:00Z,30.0,30.0,,,0.0,0.0,,,,,,,,,,,3.895,3.894,3.897,,,,234.667,0.0,0.0,,,,,283.533,277.0,289.0,,,0.0,4731.0,4760.0,0.0,0.0,0.0,0.0,0.0,0.0,30.0,0.0,0.0,0.0,30.0,0.0,0.0,0.0,0.0,0.0,"solar2_v,lipo2_v"
2022-09-04T19:00:00Z,29.0,29.0,,,0.0,0.0,,,,,,,,,,,3.894,3.894,3.895,,,,235.69,0.0,0.0,,,,,276.448,276.0,277.0,,,0.0,4761.0,4789.0,0.0,0.0,0.0,0.0,0.0,0.0,29.0,0.0,0.0,0.0,29.0,0.0,0.0,0.0,0.0,0.0,"solar2_v,lipo2_v"
2022-09-04T20:00:00Z,30.0,30.0,,,0.0,0.0,,,,,,,,,,,3.894,3.892,3.895,,,,235.4,0.0,0.0,,,,,276.467,275.0,277.0,,,0.0,4790.0,4819.0,0.0,0.0,0.0,0.0,0.0,0.0,30.0,0.0,0.0,0.0,30.0,0.0,0.0,0.0,0.0,0.0,"solar2_v,lipo2_v"
2022-09-04T21:00:00Z,29.0,29.0,,,0.0,0.0,,,,,,,,,,,3.893,3.892,3.894,,,,235.517,0.0,0.0,,,,,276.793,276.0,278.0,,,0.0,4820.0,4848.0,0.0,0.0,0.0,0.0,0.0,0.0,29.0,0.0,0.0,0.0,29.0,0.0,0.0,0.0,0.0,0.0,"solar2_v,lipo2_v"
2022-09-04T22:00:00Z,30.0,30.0,,,0.0,0.0,,,,,,,,,,,3.893,3.89,3.894,,,,235.4,0.0,0.0,,,,,276.0,274.0,277.0,,,0.0,4849.0,4878.0,0.0,0.0,0.0,0.0,0.0,0.0,30.0,0.0,0.0,0.0,30.0,0.0,0.0,0.0,0.0,0.0,"solar2_v,lipo2_v"
2022-09-04T23:00:00Z,30.0,30.0,,,0.594,1.269,,,,,,,,,,,3.892,3.89,3.894,,,,234.733,0.0,0.0,,,,,282.433,274.0,294.0,,,0.0,4879.0,4908.0,0.0,21.0,0.0,0.0,0.0,0.0,30.0,0.0,0.0,0.0,30.0,0.0,0.0,0.0,0.0,0.0,"solar2_v,lipo2_v"
2022-09-05T00:00:00Z,29.0,29.0,,,1.069,1.356,,,,,,,,,,,3.892,3.89,3.894,,,,232.759,0.0,0.0,,,,,301.103,295.0,307.0,,,0.0,4909.0,4937.0,0.0,29.0,0.0,0.0,0.0,0.0,29.0,0.0,0.0,0.0,29.0,0.0,0.0,0.0,0.0,0.0,"solar2_v,lipo2_v"
2022-09-05T01:00:00Z,30.0,30.0,,,2.276,4.275,,,,,,,,,,,3.892,3.89,3.894,,,,230.533,0.0,0.0,,,,,323.467,307.0,354.0,,,0.0,4938.0,4967.0,0.0,30.0,0.0,0.0,0.0,0.0,30.0,0.0,0.0,0.0,30.0,0.0,0.0,0.0,0.0,0.0,"solar2_v,lipo2_v"
2022-09-05T02:00:00Z,30.0,30.0,,,4.09,5.003,,,,,,,,,,,3.894,3.892,3.894,,,,224.9,0.0,0.0,,,,,378.4,355.0,391.0,,,0.0,4968.0,4997.0,0.0,30.0,0.0,0.0,0.0,0.0,30.0,0.0,0.0,0.0,30.0,0.0,0.0,0.0,0.0,0.0,"solar2_v,lipo2_v"
2022-09-05T03:00:00Z,29.0,29.0,,,3.083,5.213,,,,,,,,,,,3.893,3.89,3.894,,,,226.207,0.0,0.0,,,,,368.897,356.0,384.0,,,0.0,4998.0,5026.0,0.0,29.0,0.0,0.0,0.0,0.0,29.0,0.0,0.0,0.0,29.0,0.0,0.0,0.0,0.0,0.0,"solar2_v,lipo2_v"
2022-09-05T04:00:00Z,30.0,30.0,,,3.415,5.484,,,,,,,,,,,3.892,3.89,3.894,,,,225.067,0.0,0.0,,,,,380.033,360.0,423.0,,,0.0,5027.0,5056.0,0.0,30.0,0.0,0.0,0.0,0.0,30.0,0.0,0.0,0.0,30.0,0.0,0.0,0.0,0.0,0.0,"solar2_v,lipo2_v"
2022-09-05T05:00:00Z,30.0,30.0,,,3.729,5.382,,,,,,,,,,,3.892,3.889,3.894,,,,222.0,0.0,0.0,,,,,417.433,404.0,445.0,,,0.0,5057.0,5086.0,0.0,30.0,0.0,0.0,0.0,0.0,30.0,0.0,0.0,0.0,30.0,0.0,0.0,0.0,0.0,0.0,"solar2_v,lipo2_v"
2022-09-05T06:00:00Z,29.0,29.0,,,4.372,5.259,,,,,,,,,,,3.893,3.892,3.894,,,,219.379,0.0,0.0,,,,,446.552,412.0,472.0,,,0.0,5087.0,5115.0,0.0,29.0,0.0,0.0,0.0,0.0,29.0,0.0,0.0,0.0,29.0,0.0,0.0,0.0,0.0,0.0,"solar2_v,lipo2_v"
2022-09-05T07:00:00Z,29.0,29.0,,,2.634,5.077,,,,,,,,,,,3.891,3.889,3.894,,,,223.448,0.0,0.0,,,,,406.241,380.0,460.0,,,0.0,5116.0,5145.0,0.0,29.0,0.0,0.0,0.0,0.0,29.0,0.0,0.0,0.0,29.0,0.0,0.0,0.0,0.0,0.0,"solar2_v,lipo2_v"
2022-09-05T08:00:00Z,29.0,29.0,,,2.055,4.72,,,,,,,,,,,3.889,3.887,3.892,,,,224.414,0.0,0.0,,,,,387.483,371.0,407.0,,,0.0,5146.0,5174.0,0.0,29.0,0.0,0.0,0.0,0.0,29.0,0.0,0.0,0.0,29.0,0.0,0.0,0.0,0.0,0.0,"solar2_v,lipo2_v"
2022-09-05T09:00:00Z,30.0,30.0,,,0.619,1.271,,,,,,,,,,,3.888,3.885,3.89,,,,228.067,0.0,0.0,,,,,349.4,326.0,369.0,,,0.0,5175.0,5204.0,0.0,21.0,0.0,0.0,0.0,0.0,30.0,0.0,0.0,0.0,30.0,0.0,0.0,0.0,0.0,0.0,"solar2_v,lipo2_v"
2022-09-05T10:00:00Z,30.0,30.0,,,0.0,0.0,,,,,,,,,,,3.884,3.88,3.887,,,,231.867,0.0,0.0,,,,,309.533,300.0,325.0,,,0.0,5205.0,5234.0,0.0,0.0,0.0,0.0,0.0,0.0,30.0,0.0,0.0,0.0,30.0,0.0,0.0,0.0,0.0,0.0,"solar2_v,lipo2_v"
2022-09-05T11:00:00Z,29.0,29.0,,,0.0,0.0,,,,,,,,,,,3.881,3.879,3.884,,,,233.517,0.0,0.0,,,,,292.414,291.0,300.0,,,0.0,5235.0,5263.0,0.0,0.0,0.0,0.0,0.0,0.0,29.0,0.0,0.0,0.0,29.0,0.0,0.0,0.0,0.0,0.0,"solar2_v,lipo2_v"
2022-09-05T12:00:00Z,30.0,30.0,,,0.0,0.0,,,,,,,,,,,3.88,3.879,3.882,,,,233.6,0.0,0.0,,,,,290.433,287.0,291.0,,,0.0,5264.0,5293.0,0.0,0.0,0.0,0.0,0.0,0.0,30.0,0.0,0.0,0.0,30.0,0.0,0.0,0.0,0.0,0.0,"solar2_v,lipo2_v"
2022-09-05T13:00:00Z,29.0,29.0,,,0.0,0.0,,,,,,,,,,,3.88,3.879,3.882,,,,233.793,0.0,0.0,,,,,289.897,287.0,293.0,,,0.0,5294.0,5322.0,0.0,0.0,0.0,0.0,0.0,0.0,29.0,0.0,0.0,0.0,29.0,0.0,0.0,0.0,0.0,0.0,"solar2_v,lipo2_v"
2022-09-05T14:00:00Z,30.0,30.0,,,0.0,0.0,,,,,,,,,,,3.88,3.879,3.882,,,,234.2,0.0,0.0,,,,,288.5,287.0,293.0,,,0.0,5323.0,5352.0,0.0,0.0,0.0,0.0,0.0,0.0,30.0,0.0,0.0,0.0,30.0,0.0,0.0,0.0,0.0,0.0,"solar2_v,lipo2_v"
2022-09-05T15:00:00Z,30.0,30.0,,,0.0,0.0,,,,,,,,,,,3.879,3.877,3.88,,,,233.4,0.0,0.0,,,,,291.767,291.0,293.0,,,0.0,5353.0,5382.0,0.0,0.0,0.0,0.0,0.0,0.0,30.0,0.0,0.0,0.0,30.0,0.0,0.0,0.0,0.0,0.0,"solar2_v,lipo2_v"
2022-09-05T16:00:00Z,29.0,29.0,,,0.0,0.0,,,,,,,,,,,3.878,3.877,3.879,,,,233.414,0.0,0.0,,,,,289.759,288.0,291.0,,,0.0,5383.0,5411.0,0.0,0.0,0.0,0.0,0.0,0.0,29.0,0.0,0.0,0.0,29.0,0.0,0.0,0.0,0.0,0.0,"solar2_v,lipo2_v"
2022-09-05T17:00:00Z,30.0,30.0,,,0.0,0.0,,,,,,,,,,,3.877,3.875,3.879,,,,234.2,0.0,0.0,,,,,288.3,287.0,290.0,,,0.0,5412.0,5441.0,0.0,0.0,0.0,0.0,0.0,0.0,30.0,0.0,0.0,0.0,30.0,0.0,0.0,0.0,0.0,0.0,"solar2_v,lipo2_v"
2022-09-05T18:00:00Z,30.0,30.0,,,0.0,0.0,,,,,,,,,,,3.877,3.875,3.879,,,,234.2,0.0,0.0,,,,,286.967,286.0,287.0,,,0.0,5442.0,5471.0,0.0,0.0,0.0,0.0,0.0,0.0,30.0,0.0,0.0,0.0,30.0,0.0,0.0,0.0,0.0,0.0,"solar2_v,lipo2_v"
2022-09-05T19:00:00Z,29.0,29.0,,,0.0,0.0,,,,,,,,,,,3.875,3.872,3.879,,,,234.172,0.0,0.0,,,,,285.897,285.0,287.0,,,0.0,5472.0,5500.0,0.0,0.0,0.0,0.0,0.0,0.0,29.0,0.0,0.0,0.0,29.0,0.0,0.0,0.0,0.0,0.0,"solar2_v,lipo2_v"
2022-09-05T20:00:00Z,30.0,30.0,,,0.0,0.0,,,,,,,,,,,3.874,3.872,3.875,,,,234.667,0.0,0.0,,,,,285.0,283.0,286.0,,,0.0,5501.0,5530.0,0.0,0.0,0.0,0.0,0.0,0.0,30.0,0.0,0.0,0.0,30.0,0.0,0.0,0.0,0.0,0.0,"solar2_v,lipo2_v"
2022-09-05T21:00:00Z,29.0,29.0,,,0.0,0.0,,,,,,,,,,,3.874,3.872,3.875,,,,235.103,0.0,0.0,,,,,281.0,279.0,283.0,,,0.0,5531.0,5559.0,0.0,0.0,0.0,0.0,0.0,0.0,29.0,0.0,0.0,0.0,29.0,0.0,0.0,0.0,0.0,0.0,"solar2_v,lipo2_v"
2022-09-05T22:00:00Z,30.0,30.0,,,0.0,0.0,,,,,,,,,,,3.873,3.872,3.874,,,,235.167,0.0,0.0,,,,,279.8,279.0,281.0,,,0.0,5560.0,5589.0,0.0,0.0,0.0,0.0,0.0,0.0,30.0,0.0,0.0,0.0,30.0,0.0,0.0,0.0,0.0,0.0,"solar2_v,lipo2_v"
2022-09-05T23:00:00Z,30.0,30.0,,,0.382,0.698,,,,,,,,,,,3.873,3.871,3.874,,,,234.4,0.0,0.0,,,,,286.1,280.0,293.0,,,0.0,5590.0,5619.0,0.0,21.0,0.0,0.0,0.0,0.0,30.0,0.0,0.0,0.0,30.0,0.0,0.0,0.0,0.0,0.0,"solar2_v,lipo2_v"
2022-09-06T00:00:00Z,29.0,29.0,,,0.88,1.321,,,,,,,,,,,3.874,3.872,3.875,,,,232.931,0.0,0.0,,,,,299.069,293.0,305.0,,,0.0,5620.0,5648.0,0.0,29.0,0.0,0.0,0.0,0.0,29.0,0.0,0.0,0.0,29.0,0.0,0.0,0.0,0.0,0.0,"solar2_v,lipo2_v"
2022-09-06T01:00:00Z,30.0,30.0,,,2.501,3.539,,,,,,,,,,,3.874,3.872,3.877,,,,229.967,0.0,0.0,,,,,328.033,305.0,353.0,,,0.0,5649.0,5678.0,0.0,30.0,0.0,0.0,0.0,0.0,30.0,0.0,0.0,0.0,30.0,0.0,0.0,0.0,0.0,0.0,"solar2_v,lipo2_v"
2022-09-06T02:00:00Z,29.0,29.0,,,2.895,3.964,,,,,,,,,,,3.876,3.874,3.877,,,,228.414,0.0,0.0,,,,,350.621,346.0,355.0,,,0.0,5679.0,5707.0,0.0,29.0,0.0,0.0,0.0,0.0,29.0,0.0,0.0,0.0,29.0,0.0,0.0,0.0,0.0,0.0,"solar2_v,lipo2_v"
2022-09-06T03:00:00Z,30.0,30.0,,,4.257,4.974,,,,,,,,,,,3.876,3.874,3.879,,,,224.767,0.0,0.0,,,,,391.4,355.0,431.0,,,0.0,5708.0,5737.0,0.0,30.0,0.0,0.0,0.0,0.0,30.0,0.0,0.0,0.0,30.0,0.0,0.0,0.0,0.0,0.0,"solar2_v,lipo2_v"
2022-09-06T04:00:00Z,30.0,30.0,,,3.795,4.939,,,,,,,,,,,3.877,3.874,3.88,,,,222.133,0.0,0.0,,,,,420.0,406.0,433.0,,,0.0,5738.0,5767.0,0.0,30.0,0.0,0.0,0.0,0.0,30.0,0.0,0.0,0.0,30.0,0.0,0.0,0.0,0.0,0.0,"solar2_v,lipo2_v"
2022-09-06T05:00:00Z,29.0,29.0,,,2.284,5.13,,,,,,,,,,,3.875,3.874,3.877,,,,225.828,0.0,0.0,,,,,373.069,359.0,400.0,,,0.0,5768.0,5796.0,0.0,29.0,0.0,0.0,0.0,0.0,29.0,0.0,0.0,0.0,29.0,0.0,0.0,0.0,0.0,0.0,"solar2_v,lipo2_v"
2022-09-06T06:00:00Z,28.0,28.0,,,2.473,3.491,,,,,,,,,,,3.874,3.872,3.877,,,,226.571,0.0,0.0,,,,,370.429,362.0,379.0,,,0.0,5797.0,5824.0,0.0,28.0,0.0,0.0,0.0,0.0,28.0,0.0,0.0,0.0,28.0,0.0,0.0,0.0,0.0,0.0,"solar2_v,lipo2_v"
2022-09-06T07:00:00Z,30.0,30.0,,,2.231,4.326,,,,,,,,,,,3.873,3.872,3.875,,,,225.9,0.0,0.0,,,,,371.633,361.0,378.0,,,0.0,5825.0,5854.0,0.0,30.0,0.0,0.0,0.0,0.0,30.0,0.0,0.0,0.0,30.0,0.0,0.0,0.0,0.0,0.0,"solar2_v,lipo2_v"
2022-09-06T08:00:00Z,29.0,29.0,,,1.133,3.611,,,,,,,,,,,3.872,3.871,3.874,,,,228.448,0.0,0.0,,,,,343.69,320.0,357.0,,,0.0,5855.0,5883.0,0.0,29.0,0.0,0.0,0.0,0.0,29.0,0.0,0.0,0.0,29.0,0.0,0.0,0.0,0.0,0.0,"solar2_v,lipo2_v"
2022-09-06T09:00:00Z,30.0,30.0,,,0.703,1.267,,,,,,,,,,,3.871,3.869,3.871,,,,231.833,0.0,0.0,,,,,308.6,299.0,316.0,,,0.0,5884.0,5913.0,0.0,25.0,0.0,0.0,0.0,0.0,30.0,0.0,0.0,0.0,30.0,0.0,0.0,0.0,0.0,0.0,"solar2_v,lipo2_v"
2022-09-06T10:00:00Z,30.0,30.0,,,0.0,0.0,,,,,,,,,,,3.87,3.869,3.871,,,,233.767,0.0,0.0,,,,,290.233,281.0,297.0,,,0.0,5914.0,5943.0,0.0,0.0,0.0,0.0,0.0,0.0,30.0,0.0,0.0,0.0,30.0,0.0,0.0,0.0,0.0,0.0,"solar2_v,lipo2_v"
2022-09-06T11:00:00Z,29.0,29.0,,,0.0,0.0,,,,,,,,,,,3.801,3.636,3.871,,,,236.276,0.0,0.0,,,,,270.828,262.0,281.0,,,0.0,5944.0,5972.0,0.0,0.0,0.0,0.0,0.0,0.0,29.0,0.0,0.0,0.0,29.0,0.0,0.0,0.0,0.0,0.0,"solar2_v,lipo2_v"
2022-09-06T12:00:00Z,30.0,30.0,,,0.0,0.0,,,,,,,,,,,3.85,3.842,3.854,,,,238.033,0.0,0.0,,,,,261.267,261.0,262.0,,,0.0,5973.0,6002.0,0.0,0.0,0.0,0.0,0.0,0.0,30.0,0.0,0.0,0.0,30.0,0.0,0.0,0.0,0.0,0.0,"solar2_v,lipo2_v"
2022-09-06T13:00:00Z,30.0,30.0,,,0.0,0.0,,,,,,,,,,,3.846,3.842,3.851,,,,238.5,0.0,0.0,,,,,260.933,260.0,261.0,,,0.0,6003.0,6032.0,0.0,0.0,0.0,0.0,0.0,0.0,30.0,0.0,0.0,0.0,30.0,0.0,0.0,0.0,0.0,0.0,"solar2_v,lipo2_v"
2022-09-06T14:00:00Z,29.0,29.0,,,0.0,0.0,,,,,,,,,,,3.842,3.841,3.846,,,,238.31,0.0,0.0,,,,,261.966,261.0,264.0,,,0.0,6033.0,6061.0,0.0,0.0,0.0,0.0,0.0,0.0,29.0,0.0,0.0,0.0,29.0,0.0,0.0,0.0,0.0,0.0,"solar2_v,lipo2_v"
2022-09-06T15:00:00Z,29.0,29.0,,,0.0,0.0,,,,,,,,,,,3.839,3.836,3.841,,,,238.345,0.0,0.0,,,,,266.448,263.0,269.0,,,0.0,6062.0,6090.0,0.0,0.0,0.0,0.0,0.0,0.0,29.0,0.0,0.0,0.0,29.0,0.0,0.0,0.0,0.0,0.0,"solar2_v,lipo2_v"
2022-09-06T16:00:00Z,29.0,29.0,,,0.0,0.0,,,,,,,,,,,3.836,3.834,3.839,,,,238.138,0.0,0.0,,,,,268.862,268.0,269.0,,,0.0,6091.0,6119.0,0.0,0.0,0.0,0.0,0.0,0.0,29.0,0.0,0.0,0.0,29.0,0.0,0.0,0.0,0.0,0.0,"solar2_v,lipo2_v"
2022-09-06T17:00:00Z,29.0,29.0,,,0.0,0.0,,,,,,,,,,,3.829,3.826,3.836,,,,238.448,0.0,0.0,,,,,267.621,267.0,268.0,,,0.0,6120.0,6148.0,0.0,0.0,0.0,0.0,0.0,0.0,29.0,0.0,0.0,0.0,29.0,0.0,0.0,0.0,0.0,0.0,"solar2_v,lipo2_v"
2022-09-06T18:00:00Z,29.0,29.0,,,0.0,0.0,,,,,,,,,,,3.826,3.824,3.829,,,,238.345,0.0,0.0,,,,,266.966,266.0,268.0,,,0.0,6149.0,6177.0,0.0,0.0,0.0,0.0,0.0,0.0,29.0,0.0,0.0,0.0,29.0,0.0,0.0,0.0,0.0,0.0,"solar2_v,lipo2_v"
2022-09-06T19:00:00Z,30.0,30.0,,,0.0,0.0,,,,,,,,,,,3.823,3.821,3.826,,,,238.067,0.0,0.0,,,,,271.667,268.0,273.0,,,0.0,6178.0,6207.0,0.0,0.0,0.0,0.0,0.0,0.0,30.0,0.0,0.0,0.0,30.0,0.0,0.0,0.0,0.0,0.0,"solar2_v,lipo2_v"
2022-09-06T20:00:00Z,25.0,25.0,,,0.0,0.0,,,,,,,,,,,3.822,3.819,3.824,,,,238.0,0.0,0.0,,,,,273.2,272.0,275.0,,,0.0,6208.0,6236.0,0.0,0.0,0.0,0.0,0.0,0.0,25.0,0.0,0.0,0.0,25.0,0.0,0.0,0.0,0.0,0.0,"solar2_v,lipo2_v"
2022-09-06T21:00:00Z,29.0,29.0,,,0.0,0.0,,,,,,,,,,,3.819,3.818,3.821,,,,237.655,0.0,0.0,,,,,273.759,273.0,274.0,,,0.0,6237.0,6265.0,0.0,0.0,0.0,0.0,0.0,0.0,29.0,0.0,0.0,0.0,29.0,0.0,0.0,0.0,0.0,0.0,"solar2_v,lipo2_v"
2022-09-06T22:00:00Z,30.0,30.0,,,0.0,0.0,,,,,,,,,,,3.816,3.814,3.818,,,,237.233,0.0,0.0,,,,,274.0,274.0,274.0,,,0.0,6266.0,6295.0,0.0,0.0,0.0,0.0,0.0,0.0,30.0,0.0,0.0,0.0,30.0,0.0,0.0,0.0,0.0,0.0,"solar2_v,lipo2_v"
2022-09-06T23:00:00Z,29.0,29.0,,,0.117,0.365,,,,,,,,,,,3.813,3.808,3.816,,,,236.862,0.0,0.0,,,,,274.828,274.0,278.0,,,0.0,6296.0,6324.0,0.0,10.0,0.0,0.0,0.0,0.0,29.0,0.0,0.0,0.0,29.0,0.0,0.0,0.0,0.0,0.0,"solar2_v,lipo2_v"
2022-09-07T00:00:00Z,29.0,29.0,,,0.444,0.708,,,,,,,,,,,3.811,3.808,3.813,,,,236.276,0.0,0.0,,,,,279.276,276.0,281.0,,,0.0,6325.0,6353.0,0.0,29.0,0.0,0.0,0.0,0.0,29.0,0.0,0.0,0.0,29.0,0.0,0.0,0.0,0.0,0.0,"solar2_v,lipo2_v"
2022-09-07T01:00:00Z,28.0,28.0,,,1.185,1.666,,,,,,,,,,,3.807,3.803,3.809,,,,235.036,0.0,0.0,,,,,286.071,277.0,294.0,,,0.0,6355.0,6382.0,0.0,28.0,0.0,0.0,0.0,0.0,28.0,0.0,0.0,0.0,28.0,0.0,0.0,0.0,0.0,0.0,"solar2_v,lipo2_v"
2022-09-07T02:00:00Z,30.0,30.0,,,1.63,2.804,,,,,,,,,,,3.808,3.801,3.811,,,,233.067,0.0,0.0,,,,,301.733,291.0,315.0,,,0.0,6383.0,6412.0,0.0,30.0,0.0,0.0,0.0,0.0,30.0,0.0,0.0,0.0,30.0,0.0,0.0,0.0,0.0,0.0,"solar2_v,lipo2_v"
2022-09-07T03:00:00Z,30.0,30.0,,,2.176,3.593,,,,,,,,,,,3.803,3.798,3.808,,,,231.2,0.0,0.0,,,,,321.633,314.0,336.0,,,0.0,6413.0,6442.0,0.0,30.0,0.0,0.0,0.0,0.0,30.0,0.0,0.0,0.0,30.0,0.0,0.0,0.0,0.0,0.0,"solar2_v,lipo2_v"
2022-09-07T04:00:00Z,29.0,29.0,,,2.63,4.118,,,,,,,,,,,3.801,3.8,3.805,,,,230.69,0.0,0.0,,,,,322.241,317.0,327.0,,,0.0,6443.0,6471.0,0.0,29.0,0.0,0.0,0.0,0.0,29.0,0.0,0.0,0.0,29.0,0.0,0.0,0.0,0.0,0.0,"solar2_v,lipo2_v"
2022-09-07T05:00:00Z,30.0,30.0,,,0.577,1.303,,,,,,,,,,,3.802,3.8,3.805,,,,234.633,0.0,0.0,,,,,288.767,275.0,316.0,,,0.0,6472.0,6501.0,0.0,23.0,0.0,0.0,0.0,0.0,30.0,0.0,0.0,0.0,30.0,0.0,0.0,0.0,0.0,0.0,"solar2_v,lipo2_v"
2022-09-07T06:00:00Z,30.0,30.0,,,1.624,3.701,,,,,,,,,,,3.8,3.798,3.801,,,,235.367,0.0,0.0,,,,,281.133,274.0,301.0,,,0.0,6502.0,6531.0,0.0,29.0,0.0,0.0,0.0,0.0,30.0,0.0,0.0,0.0,30.0,0.0,0.0,0.0,0.0,0.0,"solar2_v,lipo2_v"
2022-09-07T07:00:00Z,29.0,29.0,,,1.466,4.38,,,,,,,,,,,3.801,3.798,3.803,,,,233.207,0.0,0.0,,,,,296.103,289.0,304.0,,,0.0,6532.0,6560.0,0.0,29.0,0.0,0.0,0.0,0.0,29.0,0.0,0.0,0.0,29.0,0.0,0.0,0.0,0.0,0.0,"solar2_v,lipo2_v"
2022-09-07T08:00:00Z,30.0,30.0,,,0.896,1.987,,,,,,,,,,,3.8,3.796,3.803,,,,233.7,0.0,0.0,,,,,293.733,289.0,301.0,,,0.0,6561.0,6590.0,0.0,30.0,0.0,0.0,0.0,0.0,30.0,0.0,0.0,0.0,30.0,0.0,0.0,0.0,0.0,0.0,"solar2_v,lipo2_v"
2022-09-07T09:00:00Z,30.0,30.0,,,0.94,1.215,,,,,,,,,,,3.801,3.8,3.805,,,,233.167,0.0,0.0,,,,,299.0,293.0,301.0,,,0.0,6591.0,6620.0,0.0,30.0,0.0,0.0,0.0,0.0,30.0,0.0,0.0,0.0,30.0,0.0,0.0,0.0,0.0,0.0,"solar2_v,lipo2_v"
2022-09-07T10:00:00Z,29.0,29.0,,,0.185,0.718,,,,,,,,,,,3.801,3.798,3.803,,,,233.724,0.0,0.0,,,,,292.621,286.0,301.0,,,0.0,6621.0,6649.0,0.0,11.0,0.0,0.0,0.0,0.0,29.0,0.0,0.0,0.0,29.0,0.0,0.0,0.0,0.0,0.0,"solar2_v,lipo2_v"
2022-09-07T11:00:00Z,29.0,29.0,,,0.0,0.0,,,,,,,,,,,3.8,3.798,3.803,,,,235.207,0.0,0.0,,,,,282.276,278.0,286.0,,,0.0,6650.0,6678.0,0.0,0.0,0.0,0.0,0.0,0.0,29.0,0.0,0.0,0.0,29.0,0.0,0.0,0.0,0.0,0.0,"solar2_v,lipo2_v"
2022-09-07T12:00:00Z,28.0,28.0,,,0.0,0.0,,,,,,,,,,,3.798,3.795,3.801,,,,236.036,0.0,0.0,,,,,277.143,277.0,278.0,,,0.0,6679.0,6707.0,0.0,0.0,0.0,0.0,0.0,0.0,28.0,0.0,0.0,0.0,28.0,0.0,0.0,0.0,0.0,0.0,"solar2_v,lipo2_v"
2022-09-07T13:00:00Z,29.0,29.0,,,0.0,0.0,,,,,,,,,,,3.797,3.796,3.798,,,,235.897,0.0,0.0,,,,,276.793,276.0,277.0,,,0.0,6708.0,6736.0,0.0,0.0,0.0,0.0,0.0,0.0,29.0,0.0,0.0,0.0,29.0,0.0,0.0,0.0,0.0,0.0,"solar2_v,lipo2_v"
2022-09-07T14:00:00Z,29.0,29.0,,,0.0,0.0,,,,,,,,,,,3.796,3.793,3.798,,,,235.69,0.0,0.0,,,,,276.103,275.0,277.0,,,0.0,6737.0,6765.0,0.0,0.0,0.0,0.0,0.0,0.0,29.0,0.0,0.0,0.0,29.0,0.0,0.0,0.0,0.0,0.0,"solar2_v,lipo2_v"
2022-09-07T15:00:00Z,29.0,29.0,,,0.0,0.0,,,,,,,,,,,3.796,3.795,3.798,,,,235.379,0.0,0.0,,,,,280.69,277.0,284.0,,,0.0,6767.0,6795.0,0.0,0.0,0.0,0.0,0.0,0.0,29.0,0.0,0.0,0.0,29.0,0.0,0.0,0.0,0.0,0.0,"solar2_v,lipo2_v"
2022-09-07T16:00:00Z,28.0,28.0,,,0.0,0.0,,,,,,,,,,,3.794,3.79,3.796,,,,235.321,0.0,0.0,,,,,280.643,277.0,283.0,,,0.0,6796.0,6824.0,0.0,0.0,0.0,0.0,0.0,0.0,28.0,0.0,0.0,0.0,28.0,0.0,0.0,0.0,0.0,0.0,"solar2_v,lipo2_v"
2022-09-07T17:00:00Z,28.0,28.0,,,0.0,0.0,,,,,,,,,,,3.794,3.791,3.796,,,,235.964,0.0,0.0,,,,,274.821,274.0,277.0,,,0.0,6825.0,6853.0,0.0,0.0,0.0,0.0,0.0,0.0,28.0,0.0,0.0,0.0,28.0,0.0,0.0,0.0,0.0,0.0,"solar2_v,lipo2_v"
2022-09-07T18:00:00Z,30.0,30.0,,,0.0,0.0,,,,,,,,,,,3.793,3.791,3.796,,,,236.233,0.0,0.0,,,,,274.567,273.0,277.0,,,0.0,6854.0,6883.0,0.0,0.0,0.0,0.0,0.0,0.0,30.0,0.0,0.0,0.0,30.0,0.0,0.0,0.0,0.0,0.0,"solar2_v,lipo2_v"
2022-09-07T19:00:00Z,29.0,29.0,,,0.0,0.0,,,,,,,,,,,3.791,3.79,3.793,,,,235.69,0.0,0.0,,,,,276.276,276.0,277.0,,,0.0,6884.0,6912.0,0.0,0.0,0.0,0.0,0.0,0.0,29.0,0.0,0.0,0.0,29.0,0.0,0.0,0.0,0.0,0.0,"solar2_v,lipo2_v"
2022-09-07T20:00:00Z,30.0,30.0,,,0.0,0.0,,,,,,,,,,,3.79,3.788,3.793,,,,236.0,0.0,0.0,,,,,274.333,274.0,276.0,,,0.0,6913.0,6942.0,0.0,0.0,0.0,0.0,0.0,0.0,30.0,0.0,0.0,0.0,30.0,0.0,0.0,0.0,0.0,0.0,"solar2_v,lipo2_v"
2022-09-07T21:00:00Z,29.0,29.0,,,0.0,0.0,,,,,,,,,,,3.79,3.788,3.793,,,,236.103,0.0,0.0,,,,,275.759,274.0,277.0,,,0.0,6943.0,6971.0,0.0,0.0,0.0,0.0,0.0,0.0,29.0,0.0,0.0,0.0,29.0,0.0,0.0,0.0,0.0,0.0,"solar2_v,lipo2_v"
2022-09-07T22:00:00Z,30.0,30.0,,,0.0,0.0,,,,,,,,,,,3.791,3.79,3.791,,,,236.133,0.0,0.0,,,,,274.833,273.0,277.0,,,0.0,6972.0,7001.0,0.0,0.0,0.0,0.0,0.0,0.0,30.0,0.0,0.0,0.0,30.0,0.0,0.0,0.0,0.0,0.0,"solar2_v,lipo2_v"
2022-09-07T23:00:00Z,28.0,28.0,,,0.289,0.656,,,,,,,,,,,3.79,3.79,3.791,,,,237.857,0.0,0.0,,,,,263.786,261.0,273.0,,,0.0,7002.0,7029.0,0.0,18.0,0.0,0.0,0.0,0.0,28.0,0.0,0.0,0.0,28.0,0.0,0.0,0.0,0.0,0.0,"solar2_v,lipo2_v"
2022-09-08T00:00:00Z,18.0,18.0,,,1.145,1.289,,,,,,,,,,,3.788,3.785,3.79,,,,236.5,0.0,0.0,,,,,272.222,265.0,274.0,,,0.0,7031.0,7054.0,0.0,18.0,0.0,0.0,0.0,0.0,18.0,0.0,0.0,0.0,18.0,0.0,0.0,0.0,0.0,0.0,"solar2_v,lipo2_v"
2022-09-08T01:00:00Z,29.0,29.0,,,2.338,4.741,,,,,,,,,,,3.785,3.78,3.788,,,,232.655,0.0,0.0,,,,,301.034,281.0,313.0,,,0.0,7059.0,7087.0,0.0,29.0,0.0,0.0,0.0,0.0,29.0,0.0,0.0,0.0,29.0,0.0,0.0,0.0,0.0,0.0,"solar2_v,lipo2_v"
2022-09-08T02:00:00Z,21.0,21.0,,,2.791,4.979,,,,,,,,,,,3.785,3.781,3.788,,,,230.762,0.0,0.0,,,,,318.381,313.0,340.0,,,0.0,7088.0,7116.0,0.0,21.0,0.0,0.0,0.0,0.0,21.0,0.0,0.0,0.0,21.0,0.0,0.0,0.0,0.0,0.0,"solar2_v,lipo2_v"
2022-09-08T03:00:00Z,29.0,29.0,,,4.087,5.402,,,,,,,,,,,3.787,3.785,3.79,,,,224.586,0.0,0.0,,,,,386.069,348.0,412.0,,,0.0,7117.0,7145.0,0.0,29.0,0.0,0.0,0.0,0.0,29.0,0.0,0.0,0.0,29.0,0.0,0.0,0.0,0.0,0.0,"solar2_v,lipo2_v"
2022-09-08T04:00:00Z,30.0,30.0,,,4.074,5.174,,,,,,,,,,,3.787,3.783,3.79,,,,224.767,0.0,0.0,,,,,381.567,367.0,394.0,,,0.0,7146.0,7175.0,0.0,30.0,0.0,0.0,0.0,0.0,30.0,0.0,0.0,0.0,30.0,0.0,0.0,0.0,0.0,0.0,"solar2_v,lipo2_v"
2022-09-08T05:00:00Z,29.0,29.0,,,3.692,5.298,,,,,,,,,,,3.787,3.78,3.791,,,,225.034,0.0,0.0,,,,,381.034,357.0,418.0,,,0.0,7176.0,7204.0,0.0,29.0,0.0,0.0,0.0,0.0,29.0,0.0,0.0,0.0,29.0,0.0,0.0,0.0,0.0,0.0,"solar2_v,lipo2_v"
2022-09-08T06:00:00Z,20.0,20.0,,,3.742,5.256,,,,,,,,,,,3.789,3.786,3.791,,,,221.8,0.0,0.0,,,,,416.6,376.0,433.0,,,0.0,7205.0,7226.0,0.0,20.0,0.0,0.0,0.0,0.0,20.0,0.0,0.0,0.0,20.0,0.0,0.0,0.0,0.0,0.0,"solar2_v,lipo2_v"
2022-09-08T07:00:00Z,3.0,3.0,,,0.905,0.918,,,,,,,,,,,3.787,3.786,3.788,,,,229.0,0.0,0.0,,,,,327.0,327.0,327.0,,,0.0,7251.0,7253.0,0.0,3.0,0.0,0.0,0.0,0.0,3.0,0.0,0.0,0.0,3.0,0.0,0.0,0.0,0.0,0.0,"solar2_v,lipo2_v"
2022-09-08T10:00:00Z,4.0,4.0,,,0.0,0.0,,,,,,,,,,,3.788,3.786,3.788,,,,232.25,0.0,0.0,,,,,309.0,307.0,311.0,,,0.0,7337.0,7340.0,0.0,0.0,0.0,0.0,0.0,0.0,4.0,0.0,0.0,0.0,4.0,0.0,0.0,0.0,0.0,0.0,"solar2_v,lipo2_v"
2022-09-08T11:00:00Z,27.0,27.0,,,0.0,0.0,,,,,,,,,,,3.788,3.786,3.79,,,,233.037,0.0,0.0,,,,,300.889,300.0,303.0,,,0.0,7349.0,7376.0,0.0,0.0,0.0,0.0,0.0,0.0,27.0,0.0,0.0,0.0,27.0,0.0,0.0,0.0,0.0,0.0,"solar2_v,lipo2_v"
2022-09-08T12:00:00Z,27.0,27.0,,,0.0,0.0,,,,,,,,,,,3.787,3.786,3.79,,,,233.111,0.0,0.0,,,,,300.556,300.0,301.0,,,0.0,7377.0,7405.0,0.0,0.0,0.0,0.0,0.0,0.0,27.0,0.0,0.0,0.0,27.0,0.0,0.0,0.0,0.0,0.0,"solar2_v,lipo2_v"
2022-09-08T13:00:00Z,29.0,29.0,,,0.0,0.0,,,,,,,,,,,3.788,3.786,3.79,,,,232.759,0.0,0.0,,,,,300.828,300.0,302.0,,,0.0,7406.0,7434.0,0.0,0.0,0.0,0.0,0.0,0.0,29.0,0.0,0.0,0.0,29.0,0.0,0.0,0.0,0.0,0.0,"solar2_v,lipo2_v"
2022-09-08T14:00:00Z,1.0,1.0,,,0.0,0.0,,,,,,,,,,,3.786,3.786,3.786,,,,233.0,0.0,0.0,,,,,299.0,299.0,299.0,,,0.0,7445.0,7445.0,0.0,0.0,0.0,0.0,0.0,0.0,1.0,0.0,0.0,0.0,1.0,0.0,0.0,0.0,0.0,0.0,"solar2_v,lipo2_v"
2022-09-08T15:00:00Z,3.0,3.0,,,0.0,0.0,,,,,,,,,,,3.787,3.786,3.788,,,,233.667,0.0,0.0,,,,,298.0,297.0,299.0,,,0.0,7489.0,7491.0,0.0,0.0,0.0,0.0,0.0,0.0,3.0,0.0,0.0,0.0,3.0,0.0,0.0,0.0,0.0,0.0,"solar2_v,lipo2_v"
2022-09-08T16:00:00Z,26.0,26.0,,,0.0,0.0,,,,,,,,,,,3.785,3.783,3.786,,,,233.808,0.0,0.0,,,,,290.115,287.0,296.0,,,0.0,7492.0,7519.0,0.0,0.0,0.0,0.0,0.0,0.0,26.0,0.0,0.0,0.0,26.0,0.0,0.0,0.0,0.0,0.0,"solar2_v,lipo2_v"
2022-09-08T17:00:00Z,17.0,17.0,,,0.0,0.0,,,,,,,,,,,3.783,3.781,3.785,,,,234.706,0.0,0.0,,,,,286.235,286.0,288.0,,,0.0,7521.0,7549.0,0.0,0.0,0.0,0.0,0.0,0.0,17.0,0.0,0.0,0.0,17.0,0.0,0.0,0.0,0.0,0.0,"solar2_v,lipo2_v"
2022-09-08T18:00:00Z,29.0,29.0,,,0.0,0.0,,,,,,,,,,,3.783,3.781,3.785,,,,234.69,0.0,0.0,,,,,284.621,281.0,286.0,,,0.0,7550.0,7578.0,0.0,0.0,0.0,0.0,0.0,0.0,29.0,0.0,0.0,0.0,29.0,0.0,0.0,0.0,0.0,0.0,"solar2_v,lipo2_v"
2022-09-08T19:00:00Z,29.0,29.0,,,0.0,0.0,,,,,,,,,,,3.783,3.781,3.785,,,,235.345,0.0,0.0,,,,,278.276,277.0,281.0,,,0.0,7579.0,7607.0,0.0,0.0,0.0,0.0,0.0,0.0,29.0,0.0,0.0,0.0,29.0,0.0,0.0,0.0,0.0,0.0,"solar2_v,lipo2_v"
2022-09-08T20:00:00Z,19.0,19.0,,,0.0,0.0,,,,,,,,,,,3.781,3.778,3.783,,,,235.263,0.0,0.0,,,,,277.053,277.0,278.0,,,0.0,7608.0,7626.0,0.0,0.0,0.0,0.0,0.0,0.0,19.0,0.0,0.0,0.0,19.0,0.0,0.0,0.0,0.0,0.0,"solar2_v,lipo2_v"
2022-09-08T22:00:00Z,13.0,13.0,,,0.0,0.0,,,,,,,,,,,3.778,3.775,3.781,,,,235.385,0.0,0.0,,,,,274.769,274.0,275.0,,,0.0,7682.0,7694.0,0.0,0.0,0.0,0.0,0.0,0.0,13.0,0.0,0.0,0.0,13.0,0.0,0.0,0.0,0.0,0.0,"solar2_v,lipo2_v"
2022-09-08T23:00:00Z,21.0,21.0,,,0.638,1.587,,,,,,,,,,,3.778,3.776,3.781,,,,234.286,0.0,0.0,,,,,288.095,274.0,303.0,,,0.0,7695.0,7716.0,0.0,17.0,0.0,0.0,0.0,0.0,21.0,0.0,0.0,0.0,21.0,0.0,0.0,0.0,0.0,0.0,"solar2_v,lipo2_v"
2022-09-09T00:00:00Z,8.0,8.0,,,4.0,4.511,,,,,,,,,,,3.781,3.78,3.781,,,,226.625,0.0,0.0,,,,,370.25,367.0,374.0,,,0.0,7744.0,7751.0,0.0,8.0,0.0,0.0,0.0,0.0,8.0,0.0,0.0,0.0,8.0,0.0,0.0,0.0,0.0,0.0,"solar2_v,lipo2_v"
2022-09-09T01:00:00Z,28.0,28.0,,,3.884,5.118,,,,,,,,,,,3.776,3.768,3.783,,,,224.786,0.0,0.0,,,,,388.5,371.0,405.0,,,0.0,7752.0,7780.0,0.0,28.0,0.0,0.0,0.0,0.0,28.0,0.0,0.0,0.0,28.0,0.0,0.0,0.0,0.0,0.0,"solar2_v,lipo2_v"
2022-09-09T02:00:00Z,13.0,13.0,,,3.338,5.22,,,,,,,,,,,3.764,3.762,3.767,,,,224.154,0.0,0.0,,,,,396.769,385.0,406.0,,,0.0,7781.0,7794.0,0.0,13.0,0.0,0.0,0.0,0.0,13.0,0.0,0.0,0.0,13.0,0.0,0.0,0.0,0.0,0.0,"solar2_v,lipo2_v"
2022-09-09T03:00:00Z,13.0,13.0,,,2.727,4.698,,,,,,,,,,,3.761,3.758,3.763,,,,227.846,0.0,0.0,,,,,352.692,344.0,357.0,,,0.0,7826.0,7838.0,0.0,13.0,0.0,0.0,0.0,0.0,13.0,0.0,0.0,0.0,13.0,0.0,0.0,0.0,0.0,0.0,"solar2_v,lipo2_v"
2022-09-09T04:00:00Z,29.0,29.0,,,2.699,5.481,,,,,,,,,,,3.762,3.758,3.763,,,,227.207,0.0,0.0,,,,,365.241,354.0,386.0,,,0.0,7839.0,7867.0,0.0,29.0,0.0,0.0,0.0,0.0,29.0,0.0,0.0,0.0,29.0,0.0,0.0,0.0,0.0,0.0,"solar2_v,lipo2_v"
2022-09-09T05:00:00Z,3.0,3.0,,,1.794,2.232,,,,,,,,,,,3.762,3.76,3.763,,,,227.667,0.0,0.0,,,,,352.667,352.0,353.0,,,0.0,7870.0,7872.0,0.0,3.0,0.0,0.0,0.0,0.0,3.0,0.0,0.0,0.0,3.0,0.0,0.0,0.0,0.0,0.0,"solar2_v,lipo2_v"
2022-09-09T06:00:00Z,17.0,17.0,,,2.112,4.77,,,,,,,,,,,3.758,3.757,3.76,,,,226.0,0.0,0.0,,,,,375.824,366.0,384.0,,,0.0,7909.0,7925.0,0.0,17.0,0.0,0.0,0.0,0.0,17.0,0.0,0.0,0.0,17.0,0.0,0.0,0.0,0.0,0.0,"solar2_v,lipo2_v"
2022-09-09T07:00:00Z,29.0,29.0,,,2.179,5.041,,,,,,,,,,,3.763,3.757,3.772,,,,224.069,0.0,0.0,,,,,396.759,367.0,423.0,,,0.0,7926.0,7954.0,0.0,29.0,0.0,0.0,0.0,0.0,29.0,0.0,0.0,0.0,29.0,0.0,0.0,0.0,0.0,0.0,"solar2_v,lipo2_v"
2022-09-09T08:00:00Z,29.0,29.0,,,1.155,3.75,,,,,,,,,,,3.771,3.767,3.775,,,,228.241,0.0,0.0,,,,,350.759,340.0,380.0,,,0.0,7955.0,7983.0,0.0,29.0,0.0,0.0,0.0,0.0,29.0,0.0,0.0,0.0,29.0,0.0,0.0,0.0,0.0,0.0,"solar2_v,lipo2_v"
2022-09-09T09:00:00Z,28.0,28.0,,,0.485,2.207,,,,,,,,,,,3.772,3.767,3.776,,,,227.893,0.0,0.0,,,,,353.714,332.0,382.0,,,0.0,7984.0,8012.0,0.0,19.0,0.0,0.0,0.0,0.0,28.0,0.0,0.0,0.0,28.0,0.0,0.0,0.0,0.0,0.0,"solar2_v,lipo2_v"
2022-09-09T10:00:00Z,29.0,29.0,,,0.0,0.0,,,,,,,,,,,3.767,3.765,3.772,,,,230.0,0.0,0.0,,,,,325.172,322.0,331.0,,,0.0,8013.0,8041.0,0.0,0.0,0.0,0.0,0.0,0.0,29.0,0.0,0.0,0.0,29.0,0.0,0.0,0.0,0.0,0.0,"solar2_v,lipo2_v"
2022-09-09T11:00:00Z,2.0,2.0,,,0.0,0.0,,,,,,,,,,,3.765,3.765,3.765,,,,230.0,0.0,0.0,,,,,321.0,321.0,321.0,,,0.0,8042.0,8043.0,0.0,0.0,0.0,0.0,0.0,0.0,2.0,0.0,0.0,0.0,2.0,0.0,0.0,0.0,0.0,0.0,"solar2_v,lipo2_v"
2022-09-09T13:00:00Z,17.0,17.0,,,0.0,0.0,,,,,,,,,,,3.763,3.763,3.765,,,,232.647,0.0,0.0,,,,,304.294,303.0,306.0,,,0.0,8111.0,8127.0,0.0,0.0,0.0,0.0,0.0,0.0,17.0,0.0,0.0,0.0,17.0,0.0,0.0,0.0,0.0,0.0,"solar2_v,lipo2_v"
2022-09-09T14:00:00Z,23.0,23.0,,,0.0,0.0,,,,,,,,,,,3.764,3.763,3.767,,,,232.522,0.0,0.0,,,,,302.043,301.0,303.0,,,0.0,8128.0,8152.0,0.0,0.0,0.0,0.0,0.0,0.0,23.0,0.0,0.0,0.0,23.0,0.0,0.0,0.0,0.0,0.0,"solar2_v,lipo2_v"
2022-09-09T15:00:00Z,3.0,3.0,,,0.0,0.0,,,,,,,,,,,3.766,3.765,3.767,,,,232.667,0.0,0.0,,,,,301.0,301.0,301.0,,,0.0,8165.0,8167.0,0.0,0.0,0.0,0.0,0.0,0.0,3.0,0.0,0.0,0.0,3.0,0.0,0.0,0.0,0.0,0.0,"solar2_v,lipo2_v"
2022-09-09T16:00:00Z,16.0,16.0,,,0.0,0.0,,,,,,,,,,,3.76,3.757,3.763,,,,233.375,0.0,0.0,,,,,298.438,297.0,300.0,,,0.0,8190.0,8205.0,0.0,0.0,0.0,0.0,0.0,0.0,16.0,0.0,0.0,0.0,16.0,0.0,0.0,0.0,0.0,0.0,"solar2_v,lipo2_v"
2022-09-09T17:00:00Z,7.0,7.0,,,0.0,0.0,,,,,,,,,,,3.759,3.758,3.762,,,,234.429,0.0,0.0,,,,,287.0,285.0,289.0,,,0.0,8236.0,8242.0,0.0,0.0,0.0,0.0,0.0,0.0,7.0,0.0,0.0,0.0,7.0,0.0,0.0,0.0,0.0,0.0,"solar2_v,lipo2_v"
2022-09-09T18:00:00Z,26.0,26.0,,,0.0,0.0,,,,,,,,,,,3.758,3.755,3.76,,,,235.115,0.0,0.0,,,,,279.769,277.0,284.0,,,0.0,8243.0,8271.0,0.0,0.0,0.0,0.0,0.0,0.0,26.0,0.0,0.0,0.0,26.0,0.0,0.0,0.0,0.0,0.0,"solar2_v,lipo2_v"
2022-09-09T19:00:00Z,29.0,29.0,,,0.0,0.0,,,,,,,,,,,3.757,3.755,3.758,,,,235.414,0.0,0.0,,,,,277.103,277.0,278.0,,,0.0,8272.0,8300.0,0.0,0.0,0.0,0.0,0.0,0.0,29.0,0.0,0.0,0.0,29.0,0.0,0.0,0.0,0.0,0.0,"solar2_v,lipo2_v"
2022-09-09T20:00:00Z,29.0,29.0,,,0.0,0.0,,,,,,,,,,,3.762,3.758,3.763,,,,235.276,0.0,0.0,,,,,277.0,276.0,278.0,,,0.0,8301.0,8330.0,0.0,0.0,0.0,0.0,0.0,0.0,29.0,0.0,0.0,0.0,29.0,0.0,0.0,0.0,0.0,0.0,"solar2_v,lipo2_v"
2022-09-09T21:00:00Z,29.0,29.0,,,0.0,0.0,,,,,,,,,,,3.762,3.762,3.763,,,,234.379,0.0,0.0,,,,,280.483,277.0,281.0,,,0.0,8331.0,8359.0,0.0,0.0,0.0,0.0,0.0,0.0,29.0,0.0,0.0,0.0,29.0,0.0,0.0,0.0,0.0,0.0,"solar2_v,lipo2_v"
2022-09-09T22:00:00Z,3.0,3.0,,,0.0,0.0,,,,,,,,,,,3.763,3.762,3.763,,,,234.0,0.0,0.0,,,,,281.0,281.0,281.0,,,0.0,8360.0,8362.0,0.0,0.0,0.0,0.0,0.0,0.0,3.0,0.0,0.0,0.0,3.0,0.0,0.0,0.0,0.0,0.0,"solar2_v,lipo2_v"
2022-09-09T23:00:00Z,6.0,6.0,,,1.037,1.886,,,,,,,,,,,3.763,3.763,3.765,,,,233.167,0.0,0.0,,,,,297.167,291.0,303.0,,,0.0,8409.0,8416.0,0.0,6.0,0.0,0.0,0.0,0.0,6.0,0.0,0.0,0.0,6.0,0.0,0.0,0.0,0.0,0.0,"solar2_v,lipo2_v"
2022-09-10T00:00:00Z,28.0,28.0,,,2.848,4.144,,,,,,,,,,,3.765,3.763,3.767,,,,228.929,0.0,0.0,,,,,336.464,305.0,367.0,,,0.0,8417.0,8445.0,0.0,28.0,0.0,0.0,0.0,0.0,28.0,0.0,0.0,0.0,28.0,0.0,0.0,0.0,0.0,0.0,"solar2_v,lipo2_v"
2022-09-10T01:00:00Z,28.0,28.0,,,4.22,4.744,,,,,,,,,,,3.767,3.765,3.768,,,,224.25,0.0,0.0,,,,,390.179,367.0,420.0,,,0.0,8446.0,8474.0,0.0,28.0,0.0,0.0,0.0,0.0,28.0,0.0,0.0,0.0,28.0,0.0,0.0,0.0,0.0,0.0,"solar2_v,lipo2_v"
2022-09-10T02:00:00Z,12.0,12.0,,,2.384,4.879,,,,,,,,,,,3.768,3.767,3.768,,,,224.917,0.0,0.0,,,,,388.75,366.0,405.0,,,0.0,8475.0,8487.0,0.0,12.0,0.0,0.0,0.0,0.0,12.0,0.0,0.0,0.0,12.0,0.0,0.0,0.0,0.0,0.0,"solar2_v,lipo2_v"
2022-09-10T05:00:00Z,4.0,4.0,,,4.656,4.861,,,,,,,,,,,3.775,3.772,3.776,,,,217.25,0.0,0.0,,,,,472.0,472.0,472.0,,,0.0,8577.0,8580.0,0.0,4.0,0.0,0.0,0.0,0.0,4.0,0.0,0.0,0.0,4.0,0.0,0.0,0.0,0.0,0.0,"solar2_v,lipo2_v"
2022-09-10T06:00:00Z,6.0,6.0,,,4.694,4.72,,,,,,,,,,,3.777,3.775,3.778,,,,217.0,0.0,0.0,,,,,477.833,473.0,482.0,,,0.0,8612.0,8617.0,0.0,6.0,0.0,0.0,0.0,0.0,6.0,0.0,0.0,0.0,6.0,0.0,0.0,0.0,0.0,0.0,"solar2_v,lipo2_v"
2022-09-10T07:00:00Z,17.0,17.0,,,4.634,4.772,,,,,,,,,,,3.778,3.775,3.781,,,,217.588,0.0,0.0,,,,,474.824,462.0,486.0,,,0.0,8618.0,8646.0,0.0,17.0,0.0,0.0,0.0,0.0,17.0,0.0,0.0,0.0,17.0,0.0,0.0,0.0,0.0,0.0,"solar2_v,lipo2_v"
2022-09-10T08:00:00Z,29.0,29.0,,,1.602,4.811,,,,,,,,,,,3.777,3.773,3.78,,,,224.483,0.0,0.0,,,,,389.345,340.0,460.0,,,0.0,8647.0,8675.0,0.0,29.0,0.0,0.0,0.0,0.0,29.0,0.0,0.0,0.0,29.0,0.0,0.0,0.0,0.0,0.0,"solar2_v,lipo2_v"
2022-09-10T09:00:00Z,7.0,7.0,,,0.581,0.654,,,,,,,,,,,3.776,3.775,3.778,,,,229.0,0.0,0.0,,,,,336.143,330.0,340.0,,,0.0,8676.0,8682.0,0.0,7.0,0.0,0.0,0.0,0.0,7.0,0.0,0.0,0.0,7.0,0.0,0.0,0.0,0.0,0.0,"solar2_v,lipo2_v"
2022-09-10T10:00:00Z,4.0,4.0,,,0.0,0.0,,,,,,,,,,,3.774,3.773,3.775,,,,231.25,0.0,0.0,,,,,320.25,319.0,321.0,,,0.0,8730.0,8733.0,0.0,0.0,0.0,0.0,0.0,0.0,4.0,0.0,0.0,0.0,4.0,0.0,0.0,0.0,0.0,0.0,"solar2_v,lipo2_v"
2022-09-10T11:00:00Z,16.0,16.0,,,0.0,0.0,,,,,,,,,,,3.772,3.768,3.773,,,,231.062,0.0,0.0,,,,,315.312,314.0,318.0,,,0.0,8734.0,8751.0,0.0,0.0,0.0,0.0,0.0,0.0,16.0,0.0,0.0,0.0,16.0,0.0,0.0,0.0,0.0,0.0,"solar2_v,lipo2_v"
2022-09-10T12:00:00Z,12.0,12.0,,,0.0,0.0,,,,,,,,,,,3.77,3.768,3.772,,,,232.5,0.0,0.0,,,,,304.0,302.0,306.0,,,0.0,8778.0,8790.0,0.0,0.0,0.0,0.0,0.0,0.0,12.0,0.0,0.0,0.0,12.0,0.0,0.0,0.0,0.0,0.0,"solar2_v,lipo2_v"
2022-09-10T13:00:00Z,27.0,27.0,,,0.0,0.0,,,,,,,,,,,3.769,3.767,3.772,,,,232.704,0.0,0.0,,,,,301.259,301.0,303.0,,,0.0,8791.0,8819.0,0.0,0.0,0.0,0.0,0.0,0.0,27.0,0.0,0.0,0.0,27.0,0.0,0.0,0.0,0.0,0.0,"solar2_v,lipo2_v"
2022-09-10T14:00:00Z,27.0,27.0,,,0.0,0.0,,,,,,,,,,,3.767,3.765,3.772,,,,232.926,0.0,0.0,,,,,301.407,301.0,302.0,,,0.0,8820.0,8848.0,0.0,0.0,0.0,0.0,0.0,0.0,27.0,0.0,0.0,0.0,27.0,0.0,0.0,0.0,0.0,0.0,"solar2_v,lipo2_v"
2022-09-10T15:00:00Z,7.0,7.0,,,0.0,0.0,,,,,,,,,,,3.767,3.765,3.767,,,,233.0,0.0,0.0,,,,,301.571,301.0,303.0,,,0.0,8849.0,8868.0,0.0,0.0,0.0,0.0,0.0,0.0,7.0,0.0,0.0,0.0,7.0,0.0,0.0,0.0,0.0,0.0,"solar2_v,lipo2_v"
2022-09-10T18:00:00Z,18.0,18.0,,,0.0,0.0,,,,,,,,,,,3.765,3.763,3.77,,,,236.278,0.0,0.0,,,,,274.111,273.0,277.0,,,0.0,8939.0,8961.0,0.0,0.0,0.0,0.0,0.0,0.0,18.0,0.0,0.0,0.0,18.0,0.0,0.0,0.0,0.0,0.0,"solar2_v,lipo2_v"
2022-09-10T22:00:00Z,28.0,28.0,,,0.0,0.0,,,,,,,,,,,3.716,3.712,3.72,,,,235.964,0.0,0.0,,,,,271.75,269.0,273.0,,,0.0,9050.0,9078.0,0.0,0.0,0.0,0.0,0.0,0.0,28.0,0.0,0.0,0.0,28.0,0.0,0.0,0.0,0.0,0.0,"solar2_v,lipo2_v"
2022-09-10T23:00:00Z,29.0,29.0,,,0.676,2.527,,,,,,,,,,,3.719,3.714,3.727,,,,234.448,0.0,0.0,,,,,281.862,273.0,300.0,,,0.0,9079.0,9107.0,0.0,21.0,0.0,0.0,0.0,0.0,29.0,0.0,0.0,0.0,29.0,0.0,0.0,0.0,0.0,0.0,"solar2_v,lipo2_v"
2022-09-11T00:00:00Z,10.0,10.0,,,2.829,3.193,,,,,,,,,,,3.726,3.72,3.73,,,,230.5,0.0,0.0,,,,,314.0,302.0,332.0,,,0.0,9108.0,9117.0,0.0,10.0,0.0,0.0,0.0,0.0,10.0,0.0,0.0,0.0,10.0,0.0,0.0,0.0,0.0,0.0,"solar2_v,lipo2_v"
2022-09-11T01:00:00Z,18.0,18.0,,,4.681,4.831,,,,,,,,,,,3.712,3.709,3.72,,,,223.389,0.0,0.0,,,,,394.556,381.0,410.0,,,0.0,9140.0,9157.0,0.0,18.0,0.0,0.0,0.0,0.0,18.0,0.0,0.0,0.0,18.0,0.0,0.0,0.0,0.0,0.0,"solar2_v,lipo2_v"
2022-09-11T03:00:00Z,10.0,10.0,,,3.746,5.279,,,,,,,,,,,3.71,3.709,3.712,,,,222.1,0.0,0.0,,,,,414.6,407.0,432.0,,,0.0,9209.0,9222.0,0.0,10.0,0.0,0.0,0.0,0.0,10.0,0.0,0.0,0.0,10.0,0.0,0.0,0.0,0.0,0.0,"solar2_v,lipo2_v"
2022-09-11T04:00:00Z,5.0,5.0,,,4.91,5.298,,,,,,,,,,,3.71,3.709,3.712,,,,221.8,0.0,0.0,,,,,420.4,418.0,424.0,,,0.0,9223.0,9227.0,0.0,5.0,0.0,0.0,0.0,0.0,5.0,0.0,0.0,0.0,5.0,0.0,0.0,0.0,0.0,0.0,"solar2_v,lipo2_v"
2022-09-11T13:00:00Z,1.0,1.0,,,0.0,0.0,,,,,,,,,,,3.743,3.743,3.743,,,,235.0,0.0,0.0,,,,,273.0,273.0,273.0,,,0.0,9506.0,9506.0,0.0,0.0,0.0,0.0,0.0,0.0,1.0,0.0,0.0,0.0,1.0,0.0,0.0,0.0,0.0,0.0,"solar2_v,lipo2_v"
2022-09-11T14:00:00Z,29.0,29.0,,,0.0,0.0,,,,,,,,,,,3.751,3.745,3.758,,,,236.345,0.0,0.0,,,,,272.552,272.0,274.0,,,0.0,9508.0,9536.0,0.0,0.0,0.0,0.0,0.0,0.0,29.0,0.0,0.0,0.0,29.0,0.0,0.0,0.0,0.0,0.0,"solar2_v,lipo2_v"
2022-09-11T15:00:00Z,29.0,29.0,,,0.0,0.0,,,,,,,,,,,3.754,3.748,3.757,,,,235.379,0.0,0.0,,,,,274.552,273.0,277.0,,,0.0,9537.0,9566.0,0.0,0.0,0.0,0.0,0.0,0.0,29.0,0.0,0.0,0.0,29.0,0.0,0.0,0.0,0.0,0.0,"solar2_v,lipo2_v"
2022-09-11T16:00:00Z,7.0,7.0,,,0.0,0.0,,,,,,,,,,,3.749,3.747,3.753,,,,235.286,0.0,0.0,,,,,276.286,275.0,277.0,,,0.0,9567.0,9594.0,0.0,0.0,0.0,0.0,0.0,0.0,7.0,0.0,0.0,0.0,7.0,0.0,0.0,0.0,0.0,0.0,"solar2_v,lipo2_v"
2022-09-11T17:00:00Z,27.0,27.0,,,0.0,0.0,,,,,,,,,,,3.747,3.742,3.752,,,,235.741,0.0,0.0,,,,,273.185,273.0,274.0,,,0.0,9595.0,9623.0,0.0,0.0,0.0,0.0,0.0,0.0,27.0,0.0,0.0,0.0,27.0,0.0,0.0,0.0,0.0,0.0,"solar2_v,lipo2_v"
2022-09-11T18:00:00Z,1.0,1.0,,,0.0,0.0,,,,,,,,,,,3.75,3.75,3.75,,,,235.0,0.0,0.0,,,,,273.0,273.0,273.0,,,0.0,9624.0,9624.0,0.0,0.0,0.0,0.0,0.0,0.0,1.0,0.0,0.0,0.0,1.0,0.0,0.0,0.0,0.0,0.0,"solar2_v,lipo2_v"
2022-09-12T06:00:00Z,25.0,25.0,,,2.704,5.12,,,,,,,,,,,3.716,3.712,3.72,,,,228.08,0.0,0.0,,,,,350.12,319.0,394.0,,,0.0,9970.0,9995.0,0.0,25.0,0.0,0.0,0.0,0.0,25.0,0.0,0.0,0.0,25.0,0.0,0.0,0.0,0.0,0.0,"solar2_v,lipo2_v"
2022-09-12T07:00:00Z,3.0,3.0,,,2.614,2.911,,,,,,,,,,,3.715,3.714,3.715,,,,226.667,0.0,0.0,,,,,361.0,359.0,364.0,,,0.0,9996.0,9998.0,0.0,3.0,0.0,0.0,0.0,0.0,3.0,0.0,0.0,0.0,3.0,0.0,0.0,0.0,0.0,0.0,"solar2_v,lipo2_v"
2022-09-12T11:00:00Z,15.0,15.0,,,0.0,0.0,,,,,,,,,,,3.707,3.704,3.709,,,,235.333,0.0,0.0,,,,,274.067,273.0,275.0,,,0.0,10119.0,10133.0,0.0,0.0,0.0,0.0,0.0,0.0,15.0,0.0,0.0,0.0,15.0,0.0,0.0,0.0,0.0,0.0,"solar2_v,lipo2_v"
2022-09-12T13:00:00Z,11.0,11.0,,,0.0,0.0,,,,,,,,,,,3.702,3.697,3.706,,,,235.0,0.0,0.0,,,,,274.455,274.0,276.0,,,0.0,10185.0,10196.0,0.0,0.0,0.0,0.0,0.0,0.0,11.0,0.0,0.0,0.0,11.0,0.0,0.0,0.0,0.0,0.0,"solar2_v,lipo2_v"
2022-09-12T14:00:00Z,28.0,28.0,,,0.0,0.0,,,,,,,,,,,3.702,3.696,3.706,,,,235.464,0.0,0.0,,,,,274.143,274.0,275.0,,,0.0,10197.0,10225.0,0.0,0.0,0.0,0.0,0.0,0.0,28.0,0.0,0.0,0.0,28.0,0.0,0.0,0.0,0.0,0.0,"solar2_v,lipo2_v"
2022-09-12T15:00:00Z,23.0,23.0,,,0.0,0.0,,,,,,,,,,,3.7,3.694,3.706,,,,235.304,0.0,0.0,,,,,274.0,274.0,274.0,,,0.0,10226.0,10254.0,0.0,0.0,0.0,0.0,0.0,0.0,23.0,0.0,0.0,0.0,23.0,0.0,0.0,0.0,0.0,0.0,"solar2_v,lipo2_v"
2022-09-12T16:00:00Z,14.0,14.0,,,0.0,0.0,,,,,,,,,,,3.695,3.687,3.704,,,,235.214,0.0,0.0,,,,,273.929,273.0,274.0,,,0.0,10255.0,10283.0,0.0,0.0,0.0,0.0,0.0,0.0,14.0,0.0,0.0,0.0,14.0,0.0,0.0,0.0,0.0,0.0,"solar2_v,lipo2_v"
2022-09-12T17:00:00Z,29.0,29.0,,,0.0,0.0,,,,,,,,,,,3.687,3.682,3.697,,,,235.517,0.0,0.0,,,,,273.897,273.0,274.0,,,0.0,10284.0,10312.0,0.0,0.0,0.0,0.0,0.0,0.0,29.0,0.0,0.0,0.0,29.0,0.0,0.0,0.0,0.0,0.0,"solar2_v,lipo2_v"
2022-09-12T18:00:00Z,28.0,28.0,,,0.0,0.0,,,,,,,,,,,3.683,3.679,3.694,,,,235.107,0.0,0.0,,,,,275.5,274.0,280.0,,,0.0,10313.0,10341.0,0.0,0.0,0.0,0.0,0.0,0.0,28.0,0.0,0.0,0.0,28.0,0.0,0.0,0.0,0.0,0.0,"solar2_v,lipo2_v"
2022-09-12T19:00:00Z,24.0,24.0,,,0.0,0.0,,,,,,,,,,,3.678,3.674,3.682,,,,234.375,0.0,0.0,,,,,279.458,276.0,285.0,,,0.0,10342.0,10370.0,0.0,0.0,0.0,0.0,0.0,0.0,24.0,0.0,0.0,0.0,24.0,0.0,0.0,0.0,0.0,0.0,"solar2_v,lipo2_v"
2022-09-12T20:00:00Z,29.0,29.0,,,0.0,0.0,,,,,,,,,,,3.677,3.674,3.679,,,,235.241,0.0,0.0,,,,,275.103,274.0,277.0,,,0.0,10371.0,10399.0,0.0,0.0,0.0,0.0,0.0,0.0,29.0,0.0,0.0,0.0,29.0,0.0,0.0,0.0,0.0,0.0,"solar2_v,lipo2_v"
2022-09-12T21:00:00Z,29.0,29.0,,,0.0,0.0,,,,,,,,,,,3.676,3.669,3.681,,,,235.483,0.0,0.0,,,,,273.931,273.0,274.0,,,0.0,10400.0,10428.0,0.0,0.0,0.0,0.0,0.0,0.0,29.0,0.0,0.0,0.0,29.0,0.0,0.0,0.0,0.0,0.0,"solar2_v,lipo2_v"
2022-09-12T22:00:00Z,2.0,2.0,,,0.0,0.0,,,,,,,,,,,3.673,3.673,3.673,,,,235.5,0.0,0.0,,,,,274.0,274.0,274.0,,,0.0,10429.0,10430.0,0.0,0.0,0.0,0.0,0.0,0.0,2.0,0.0,0.0,0.0,2.0,0.0,0.0,0.0,0.0,0.0,"solar2_v,lipo2_v"
2022-09-13T06:00:00Z,11.0,11.0,,,4.912,5.034,,,,,,,,,,,3.629,3.623,3.635,,,,217.182,0.0,0.0,,,,,466.364,462.0,473.0,,,0.0,10676.0,10686.0,0.0,11.0,0.0,0.0,0.0,0.0,11.0,0.0,0.0,0.0,11.0,0.0,0.0,0.0,0.0,0.0,"solar2_v,lipo2_v"
2022-09-13T07:00:00Z,19.0,19.0,,,4.574,5.015,,,,,,,,,,,3.631,3.628,3.633,,,,217.211,0.0,0.0,,,,,469.368,450.0,473.0,,,0.0,10687.0,10709.0,0.0,19.0,0.0,0.0,0.0,0.0,19.0,0.0,0.0,0.0,19.0,0.0,0.0,0.0,0.0,0.0,"solar2_v,lipo2_v"
2022-09-13T17:00:00Z,3.0,3.0,,,0.0,0.0,,,,,,,,,,,3.629,3.628,3.63,,,,233.0,0.0,0.0,,,,,290.667,290.0,292.0,,,0.0,10974.0,10977.0,0.0,0.0,0.0,0.0,0.0,0.0,3.0,0.0,0.0,0.0,3.0,0.0,0.0,0.0,0.0,0.0,"solar2_v,lipo2_v"
2022-09-13T18:00:00Z,17.0,17.0,,,0.0,0.0,,,,,,,,,,,3.623,3.621,3.626,,,,233.176,0.0,0.0,,,,,287.588,287.0,289.0,,,0.0,11010.0,11028.0,0.0,0.0,0.0,0.0,0.0,0.0,17.0,0.0,0.0,0.0,17.0,0.0,0.0,0.0,0.0,0.0,"solar2_v,lipo2_v"
2022-09-13T19:00:00Z,1.0,1.0,,,0.0,0.0,,,,,,,,,,,3.62,3.62,3.62,,,,234.0,0.0,0.0,,,,,289.0,289.0,289.0,,,0.0,11030.0,11030.0,0.0,0.0,0.0,0.0,0.0,0.0,1.0,0.0,0.0,0.0,1.0,0.0,0.0,0.0,0.0,0.0,"solar2_v,lipo2_v"
2022-09-14T00:00:00Z,11.0,11.0,,,4.051,4.757,,,,,,,,,,,3.607,3.605,3.608,,,,227.091,0.0,0.0,,,,,349.182,333.0,364.0,,,0.0,11188.0,11200.0,0.0,11.0,0.0,0.0,0.0,0.0,11.0,0.0,0.0,0.0,11.0,0.0,0.0,0.0,0.0,0.0,"solar2_v,lipo2_v"
2022-09-14T06:00:00Z,1.0,1.0,,,2.164,2.164,,,,,,,,,,,3.592,3.592,3.592,,,,233.0,0.0,0.0,,,,,287.0,287.0,287.0,,,0.0,11363.0,11363.0,0.0,1.0,0.0,0.0,0.0,0.0,1.0,0.0,0.0,0.0,1.0,0.0,0.0,0.0,0.0,0.0,"solar2_v,lipo2_v"
2022-09-14T09:00:00Z,24.0,24.0,,,0.945,4.342,,,,,,,,,,,3.583,3.577,3.588,,,,227.167,0.0,0.0,,,,,349.25,286.0,420.0,,,0.0,11431.0,11457.0,0.0,14.0,0.0,0.0,0.0,0.0,24.0,0.0,0.0,0.0,24.0,0.0,0.0,0.0,0.0,0.0,"solar2_v,lipo2_v"
2022-09-14T10:00:00Z,29.0,29.0,,,0.052,0.419,,,,,,,,,,,3.579,3.575,3.583,,,,234.207,0.0,0.0,,,,,283.345,280.0,287.0,,,0.0,11458.0,11486.0,0.0,4.0,0.0,0.0,0.0,0.0,29.0,0.0,0.0,0.0,29.0,0.0,0.0,0.0,0.0,0.0,"solar2_v,lipo2_v"
2022-09-14T11:00:00Z,29.0,29.0,,,0.0,0.0,,,,,,,,,,,3.58,3.578,3.585,,,,234.69,0.0,0.0,,,,,280.069,276.0,286.0,,,0.0,11487.0,11515.0,0.0,0.0,0.0,0.0,0.0,0.0,29.0,0.0,0.0,0.0,29.0,0.0,0.0,0.0,0.0,0.0,"solar2_v,lipo2_v"
2022-09-14T12:00:00Z,27.0,27.0,,,0.0,0.0,,,,,,,,,,,3.583,3.58,3.587,,,,234.778,0.0,0.0,,,,,276.407,274.0,281.0,,,0.0,11517.0,11544.0,0.0,0.0,0.0,0.0,0.0,0.0,27.0,0.0,0.0,0.0,27.0,0.0,0.0,0.0,0.0,0.0,"solar2_v,lipo2_v"
2022-09-14T13:00:00Z,20.0,20.0,,,0.0,0.0,,,,,,,,,,,3.584,3.582,3.587,,,,234.25,0.0,0.0,,,,,283.0,281.0,286.0,,,0.0,11545.0,11565.0,0.0,0.0,0.0,0.0,0.0,0.0,20.0,0.0,0.0,0.0,20.0,0.0,0.0,0.0,0.0,0.0,"solar2_v,lipo2_v"
2022-09-14T15:00:00Z,19.0,19.0,,,0.0,0.0,,,,,,,,,,,3.58,3.578,3.583,,,,234.474,0.0,0.0,,,,,284.316,282.0,286.0,,,0.0,11611.0,11630.0,0.0,0.0,0.0,0.0,0.0,0.0,19.0,0.0,0.0,0.0,19.0,0.0,0.0,0.0,0.0,0.0,"solar2_v,lipo2_v"
2022-09-15T08:00:00Z,14.0,14.0,,,1.283,1.407,,,,,,,,,,,3.51,3.504,3.519,,,,228.214,0.0,0.0,,,,,342.714,340.0,349.0,,,0.0,12099.0,12116.0,0.0,14.0,0.0,0.0,0.0,0.0,14.0,0.0,0.0,0.0,14.0,0.0,0.0,0.0,0.0,0.0,"solar2_v,lipo2_v"
2022-09-15T09:00:00Z,5.0,5.0,,,1.424,1.554,,,,,,,,,,,3.508,3.504,3.512,,,,228.6,0.0,0.0,,,,,339.8,339.0,340.0,,,0.0,12117.0,12121.0,0.0,5.0,0.0,0.0,0.0,0.0,5.0,0.0,0.0,0.0,5.0,0.0,0.0,0.0,0.0,0.0,"solar2_v,lipo2_v"
2022-09-15T13:00:00Z,27.0,27.0,,,0.0,0.0,,,,,,,,,,,3.496,3.493,3.501,,,,232.963,0.0,0.0,,,,,299.333,298.0,301.0,,,0.0,12232.0,12259.0,0.0,0.0,0.0,0.0,0.0,0.0,27.0,0.0,0.0,0.0,27.0,0.0,0.0,0.0,0.0,0.0,"solar2_v,lipo2_v"
2022-09-15T14:00:00Z,16.0,16.0,,,0.0,0.0,,,,,,,,,,,3.492,3.484,3.496,,,,232.875,0.0,0.0,,,,,298.75,296.0,301.0,,,0.0,12261.0,12282.0,0.0,0.0,0.0,0.0,0.0,0.0,16.0,0.0,0.0,0.0,16.0,0.0,0.0,0.0,0.0,0.0,"solar2_v,lipo2_v"
2022-09-15T15:00:00Z,1.0,1.0,,,0.0,0.0,,,,,,,,,,,3.494,3.494,3.494,,,,235.0,0.0,0.0,,,,,294.0,294.0,294.0,,,0.0,12311.0,12311.0,0.0,0.0,0.0,0.0,0.0,0.0,1.0,0.0,0.0,0.0,1.0,0.0,0.0,0.0,0.0,0.0,"solar2_v,lipo2_v"
2022-09-15T16:00:00Z,24.0,24.0,,,0.0,0.0,,,,,,,,,,,3.492,3.488,3.494,,,,233.042,0.0,0.0,,,,,295.875,294.0,300.0,,,0.0,12322.0,12345.0,0.0,0.0,0.0,0.0,0.0,0.0,24.0,0.0,0.0,0.0,24.0,0.0,0.0,0.0,0.0,0.0,"solar2_v,lipo2_v"
2022-09-15T17:00:00Z,29.0,29.0,,,0.0,0.0,,,,,,,,,,,3.488,3.481,3.493,,,,233.31,0.0,0.0,,,,,293.897,293.0,295.0,,,0.0,12346.0,12374.0,0.0,0.0,0.0,0.0,0.0,0.0,29.0,0.0,0.0,0.0,29.0,0.0,0.0,0.0,0.0,0.0,"solar2_v,lipo2_v"
2022-09-15T18:00:00Z,30.0,30.0,,,0.0,0.0,,,,,,,,,,,3.486,3.481,3.494,,,,233.133,0.0,0.0,,,,,291.3,290.0,293.0,,,0.0,12375.0,12404.0,0.0,0.0,0.0,0.0,0.0,0.0,30.0,0.0,0.0,0.0,30.0,0.0,0.0,0.0,0.0,0.0,"solar2_v,lipo2_v"
2022-09-15T19:00:00Z,29.0,29.0,,,0.0,0.0,,,,,,,,,,,3.486,3.481,3.493,,,,233.552,0.0,0.0,,,,,288.655,287.0,290.0,,,0.0,12405.0,12433.0,0.0,0.0,0.0,0.0,0.0,0.0,29.0,0.0,0.0,0.0,29.0,0.0,0.0,0.0,0.0,0.0,"solar2_v,lipo2_v"
2022-09-15T20:00:00Z,29.0,29.0,,,0.0,0.0,,,,,,,,,,,3.485,3.479,3.491,,,,233.586,0.0,0.0,,,,,286.172,286.0,287.0,,,0.0,12434.0,12462.0,0.0,0.0,0.0,0.0,0.0,0.0,29.0,0.0,0.0,0.0,29.0,0.0,0.0,0.0,0.0,0.0,"solar2_v,lipo2_v"
2022-09-15T21:00:00Z,28.0,28.0,,,0.0,0.0,,,,,,,,,,,3.485,3.481,3.489,,,,234.393,0.0,0.0,,,,,285.25,284.0,286.0,,,0.0,12463.0,12491.0,0.0,0.0,0.0,0.0,0.0,0.0,28.0,0.0,0.0,0.0,28.0,0.0,0.0,0.0,0.0,0.0,"solar2_v,lipo2_v"
2022-09-15T22:00:00Z,29.0,29.0,,,0.0,0.0,,,,,,,,,,,3.484,3.479,3.489,,,,234.172,0.0,0.0,,,,,283.448,282.0,285.0,,,0.0,12492.0,12520.0,0.0,0.0,0.0,0.0,0.0,0.0,29.0,0.0,0.0,0.0,29.0,0.0,0.0,0.0,0.0,0.0,"solar2_v,lipo2_v"
2022-09-15T23:00:00Z,30.0,30.0,,,0.323,0.761,,,,,,,,,,,3.486,3.479,3.493,,,,233.667,0.0,0.0,,,,,289.267,284.0,297.0,,,0.0,12521.0,12550.0,0.0,16.0,0.0,0.0,0.0,0.0,30.0,0.0,0.0,0.0,30.0,0.0,0.0,0.0,0.0,0.0,"solar2_v,lipo2_v"
2022-09-16T00:00:00Z,29.0,29.0,,,1.324,3.066,,,,,,,,,,,3.487,3.478,3.493,,,,231.862,0.0,0.0,,,,,308.103,298.0,321.0,,,0.0,12551.0,12579.0,0.0,29.0,0.0,0.0,0.0,0.0,29.0,0.0,0.0,0.0,29.0,0.0,0.0,0.0,0.0,0.0,"solar2_v,lipo2_v"
2022-09-16T01:00:00Z,29.0,29.0,,,2.127,5.036,,,,,,,,,,,3.485,3.475,3.493,,,,228.862,0.0,0.0,,,,,335.759,321.0,367.0,,,0.0,12580.0,12608.0,0.0,29.0,0.0,0.0,0.0,0.0,29.0,0.0,0.0,0.0,29.0,0.0,0.0,0.0,0.0,0.0,"solar2_v,lipo2_v"
2022-09-16T02:00:00Z,29.0,29.0,,,3.732,5.18,,,,,,,,,,,3.489,3.481,3.496,,,,225.241,0.0,0.0,,,,,372.931,367.0,380.0,,,0.0,12609.0,12637.0,0.0,29.0,0.0,0.0,0.0,0.0,29.0,0.0,0.0,0.0,29.0,0.0,0.0,0.0,0.0,0.0,"solar2_v,lipo2_v"
2022-09-16T03:00:00Z,30.0,30.0,,,3.798,5.075,,,,,,,,,,,3.486,3.475,3.494,,,,224.033,0.0,0.0,,,,,383.833,373.0,404.0,,,0.0,12638.0,12667.0,0.0,30.0,0.0,0.0,0.0,0.0,30.0,0.0,0.0,0.0,30.0,0.0,0.0,0.0,0.0,0.0,"solar2_v,lipo2_v"
2022-09-16T04:00:00Z,29.0,29.0,,,3.71,5.346,,,,,,,,,,,3.489,3.483,3.494,,,,223.103,0.0,0.0,,,,,402.862,384.0,424.0,,,0.0,12668.0,12696.0,0.0,29.0,0.0,0.0,0.0,0.0,29.0,0.0,0.0,0.0,29.0,0.0,0.0,0.0,0.0,0.0,"solar2_v,lipo2_v"
2022-09-16T05:00:00Z,29.0,29.0,,,2.761,5.279,,,,,,,,,,,3.488,3.483,3.494,,,,222.207,0.0,0.0,,,,,405.897,330.0,449.0,,,0.0,12697.0,12725.0,0.0,29.0,0.0,0.0,0.0,0.0,29.0,0.0,0.0,0.0,29.0,0.0,0.0,0.0,0.0,0.0,"solar2_v,lipo2_v"
2022-09-16T06:00:00Z,29.0,29.0,,,2.241,5.341,,,,,,,,,,,3.486,3.481,3.491,,,,228.517,0.0,0.0,,,,,336.621,302.0,371.0,,,0.0,12726.0,12754.0,0.0,29.0,0.0,0.0,0.0,0.0,29.0,0.0,0.0,0.0,29.0,0.0,0.0,0.0,0.0,0.0,"solar2_v,lipo2_v"
2022-09-16T07:00:00Z,30.0,30.0,,,1.13,5.323,,,,,,,,,,,3.483,3.47,3.488,,,,229.433,0.0,0.0,,,,,332.267,302.0,370.0,,,0.0,12755.0,12784.0,0.0,30.0,0.0,0.0,0.0,0.0,30.0,0.0,0.0,0.0,30.0,0.0,0.0,0.0,0.0,0.0,"solar2_v,lipo2_v"
2022-09-16T08:00:00Z,29.0,29.0,,,0.416,0.577,,,,,,,,,,,3.479,3.47,3.484,,,,232.207,0.0,0.0,,,,,301.172,301.0,302.0,,,0.0,12785.0,12813.0,0.0,23.0,0.0,0.0,0.0,0.0,29.0,0.0,0.0,0.0,29.0,0.0,0.0,0.0,0.0,0.0,"solar2_v,lipo2_v"
2022-09-16T09:00:00Z,29.0,29.0,,,0.0,0.0,,,,,,,,,,,3.477,3.471,3.483,,,,232.414,0.0,0.0,,,,,301.0,301.0,301.0,,,0.0,12814.0,12842.0,0.0,0.0,0.0,0.0,0.0,0.0,29.0,0.0,0.0,0.0,29.0,0.0,0.0,0.0,0.0,0.0,"solar2_v,lipo2_v"
2022-09-16T10:00:00Z,29.0,29.0,,,0.0,0.0,,,,,,,,,,,3.476,3.466,3.481,,,,233.138,0.0,0.0,,,,,293.207,274.0,301.0,,,0.0,12843.0,12871.0,0.0,0.0,0.0,0.0,0.0,0.0,29.0,0.0,0.0,0.0,29.0,0.0,0.0,0.0,0.0,0.0,"solar2_v,lipo2_v"
2022-09-16T11:00:00Z,29.0,29.0,,,0.0,0.0,,,,,,,,,,,3.473,3.463,3.478,,,,235.379,0.0,0.0,,,,,273.621,273.0,274.0,,,0.0,12872.0,12900.0,0.0,0.0,0.0,0.0,0.0,0.0,29.0,0.0,0.0,0.0,29.0,0.0,0.0,0.0,0.0,0.0,"solar2_v,lipo2_v"
2022-09-16T12:00:00Z,29.0,29.0,,,0.0,0.0,,,,,,,,,,,3.472,3.47,3.475,,,,235.241,0.0,0.0,,,,,274.103,273.0,275.0,,,0.0,12901.0,12929.0,0.0,0.0,0.0,0.0,0.0,0.0,29.0,0.0,0.0,0.0,29.0,0.0,0.0,0.0,0.0,0.0,"solar2_v,lipo2_v"
2022-09-16T13:00:00Z,28.0,28.0,,,0.0,0.0,,,,,,,,,,,3.471,3.47,3.473,,,,234.893,0.0,0.0,,,,,278.179,275.0,281.0,,,0.0,12930.0,12958.0,0.0,0.0,0.0,0.0,0.0,0.0,28.0,0.0,0.0,0.0,28.0,0.0,0.0,0.0,0.0,0.0,"solar2_v,lipo2_v"
2022-09-16T14:00:00Z,30.0,30.0,,,0.0,0.0,,,,,,,,,,,3.47,3.466,3.473,,,,234.667,0.0,0.0,,,,,281.0,281.0,281.0,,,0.0,12959.0,12988.0,0.0,0.0,0.0,0.0,0.0,0.0,30.0,0.0,0.0,0.0,30.0,0.0,0.0,0.0,0.0,0.0,"solar2_v,lipo2_v"
2022-09-16T15:00:00Z,29.0,29.0,,,0.0,0.0,,,,,,,,,,,3.468,3.463,3.471,,,,234.586,0.0,0.0,,,,,282.759,281.0,285.0,,,0.0,12989.0,13017.0,0.0,0.0,0.0,0.0,0.0,0.0,29.0,0.0,0.0,0.0,29.0,0.0,0.0,0.0,0.0,0.0,"solar2_v,lipo2_v"
2022-09-16T16:00:00Z,28.0,28.0,,,0.0,0.0,,,,,,,,,,,3.466,3.461,3.47,,,,234.357,0.0,0.0,,,,,285.25,283.0,287.0,,,0.0,13018.0,13046.0,0.0,0.0,0.0,0.0,0.0,0.0,28.0,0.0,0.0,0.0,28.0,0.0,0.0,0.0,0.0,0.0,"solar2_v,lipo2_v"
2022-09-16T17:00:00Z,29.0,29.0,,,0.0,0.0,,,,,,,,,,,3.465,3.46,3.468,,,,234.207,0.0,0.0,,,,,284.069,282.0,286.0,,,0.0,13047.0,13075.0,0.0,0.0,0.0,0.0,0.0,0.0,29.0,0.0,0.0,0.0,29.0,0.0,0.0,0.0,0.0,0.0,"solar2_v,lipo2_v"
2022-09-16T18:00:00Z,30.0,30.0,,,0.0,0.0,,,,,,,,,,,3.464,3.46,3.468,,,,234.667,0.0,0.0,,,,,282.167,281.0,284.0,,,0.0,13076.0,13105.0,0.0,0.0,0.0,0.0,0.0,0.0,30.0,0.0,0.0,0.0,30.0,0.0,0.0,0.0,0.0,0.0,"solar2_v,lipo2_v"
2022-09-16T19:00:00Z,29.0,29.0,,,0.0,0.0,,,,,,,,,,,3.462,3.458,3.468,,,,234.759,0.0,0.0,,,,,279.586,277.0,281.0,,,0.0,13106.0,13134.0,0.0,0.0,0.0,0.0,0.0,0.0,29.0,0.0,0.0,0.0,29.0,0.0,0.0,0.0,0.0,0.0,"solar2_v,lipo2_v"
2022-09-16T20:00:00Z,29.0,29.0,,,0.0,0.0,,,,,,,,,,,3.453,3.446,3.463,,,,235.448,0.0,0.0,,,,,276.966,275.0,279.0,,,0.0,13135.0,13163.0,0.0,0.0,0.0,0.0,0.0,0.0,29.0,0.0,0.0,0.0,29.0,0.0,0.0,0.0,0.0,0.0,"solar2_v,lipo2_v"
2022-09-16T21:00:00Z,29.0,29.0,,,0.0,0.0,,,,,,,,,,,3.449,3.446,3.461,,,,235.552,0.0,0.0,,,,,275.931,274.0,277.0,,,0.0,13164.0,13192.0,0.0,0.0,0.0,0.0,0.0,0.0,29.0,0.0,0.0,0.0,29.0,0.0,0.0,0.0,0.0,0.0,"solar2_v,lipo2_v"
2022-09-16T22:00:00Z,29.0,29.0,,,0.0,0.0,,,,,,,,,,,3.454,3.446,3.46,,,,235.31,0.0,0.0,,,,,277.069,276.0,278.0,,,0.0,13193.0,13221.0,0.0,0.0,0.0,0.0,0.0,0.0,29.0,0.0,0.0,0.0,29.0,0.0,0.0,0.0,0.0,0.0,"solar2_v,lipo2_v"
2022-09-16T23:00:00Z,29.0,29.0,,,0.445,1.353,,,,,,,,,,,3.447,3.446,3.451,,,,234.138,0.0,0.0,,,,,285.31,278.0,296.0,,,0.0,13222.0,13250.0,0.0,20.0,0.0,0.0,0.0,0.0,29.0,0.0,0.0,0.0,29.0,0.0,0.0,0.0,0.0,0.0,"solar2_v,lipo2_v"
2022-09-17T00:00:00Z,28.0,28.0,,,2.651,4.78,,,,,,,,,,,3.449,3.446,3.455,,,,230.214,0.0,0.0,,,,,322.107,297.0,359.0,,,0.0,13251.0,13279.0,0.0,28.0,0.0,0.0,0.0,0.0,28.0,0.0,0.0,0.0,28.0,0.0,0.0,0.0,0.0,0.0,"solar2_v,lipo2_v"
2022-09-17T01:00:00Z,30.0,30.0,,,3.727,5.09,,,,,,,,,,,3.451,3.446,3.456,,,,225.167,0.0,0.0,,,,,371.6,355.0,399.0,,,0.0,13280.0,13309.0,0.0,30.0,0.0,0.0,0.0,0.0,30.0,0.0,0.0,0.0,30.0,0.0,0.0,0.0,0.0,0.0,"solar2_v,lipo2_v"
2022-09-17T02:00:00Z,29.0,29.0,,,3.912,5.185,,,,,,,,,,,3.452,3.45,3.456,,,,222.862,0.0,0.0,,,,,407.517,398.0,420.0,,,0.0,13310.0,13338.0,0.0,29.0,0.0,0.0,0.0,0.0,29.0,0.0,0.0,0.0,29.0,0.0,0.0,0.0,0.0,0.0,"solar2_v,lipo2_v"
2022-09-17T03:00:00Z,29.0,29.0,,,3.323,5.271,,,,,,,,,,,3.452,3.45,3.456,,,,221.379,0.0,0.0,,,,,414.552,399.0,434.0,,,0.0,13339.0,13367.0,0.0,29.0,0.0,0.0,0.0,0.0,29.0,0.0,0.0,0.0,29.0,0.0,0.0,0.0,0.0,0.0,"solar2_v,lipo2_v"
2022-09-17T04:00:00Z,29.0,29.0,,,3.631,5.282,,,,,,,,,,,3.453,3.45,3.456,,,,219.897,0.0,0.0,,,,,432.138,413.0,449.0,,,0.0,13368.0,13396.0,0.0,29.0,0.0,0.0,0.0,0.0,29.0,0.0,0.0,0.0,29.0,0.0,0.0,0.0,0.0,0.0,"solar2_v,lipo2_v"
2022-09-17T05:00:00Z,29.0,29.0,,,4.209,5.321,,,,,,,,,,,3.451,3.448,3.455,,,,219.759,0.0,0.0,,,,,436.034,417.0,447.0,,,0.0,13397.0,13425.0,0.0,29.0,0.0,0.0,0.0,0.0,29.0,0.0,0.0,0.0,29.0,0.0,0.0,0.0,0.0,0.0,"solar2_v,lipo2_v"
2022-09-17T06:00:00Z,30.0,30.0,,,4.238,5.267,,,,,,,,,,,3.451,3.448,3.455,,,,217.7,0.0,0.0,,,,,458.733,433.0,473.0,,,0.0,13426.0,13455.0,0.0,30.0,0.0,0.0,0.0,0.0,30.0,0.0,0.0,0.0,30.0,0.0,0.0,0.0,0.0,0.0,"solar2_v,lipo2_v"
2022-09-17T07:00:00Z,29.0,29.0,,,2.809,4.8,,,,,,,,,,,3.456,3.45,3.463,,,,221.621,0.0,0.0,,,,,412.655,381.0,459.0,,,0.0,13456.0,13484.0,0.0,29.0,0.0,0.0,0.0,0.0,29.0,0.0,0.0,0.0,29.0,0.0,0.0,0.0,0.0,0.0,"solar2_v,lipo2_v"
2022-09-17T08:00:00Z,29.0,29.0,,,2.189,3.727,,,,,,,,,,,3.457,3.451,3.465,,,,224.828,0.0,0.0,,,,,382.31,353.0,411.0,,,0.0,13485.0,13513.0,0.0,29.0,0.0,0.0,0.0,0.0,29.0,0.0,0.0,0.0,29.0,0.0,0.0,0.0,0.0,0.0,"solar2_v,lipo2_v"
2022-09-17T09:00:00Z,29.0,29.0,,,0.983,3.007,,,,,,,,,,,3.459,3.456,3.463,,,,227.517,0.0,0.0,,,,,347.241,316.0,380.0,,,0.0,13514.0,13542.0,0.0,25.0,0.0,0.0,0.0,0.0,29.0,0.0,0.0,0.0,29.0,0.0,0.0,0.0,0.0,0.0,"solar2_v,lipo2_v"
2022-09-17T10:00:00Z,30.0,30.0,,,0.0,0.0,,,,,,,,,,,3.455,3.451,3.461,,,,231.167,0.0,0.0,,,,,311.833,306.0,316.0,,,0.0,13543.0,13572.0,0.0,0.0,0.0,0.0,0.0,0.0,30.0,0.0,0.0,0.0,30.0,0.0,0.0,0.0,0.0,0.0,"solar2_v,lipo2_v"
2022-09-17T11:00:00Z,29.0,29.0,,,0.0,0.0,,,,,,,,,,,3.452,3.448,3.456,,,,232.138,0.0,0.0,,,,,307.69,306.0,310.0,,,0.0,13573.0,13601.0,0.0,0.0,0.0,0.0,0.0,0.0,29.0,0.0,0.0,0.0,29.0,0.0,0.0,0.0,0.0,0.0,"solar2_v,lipo2_v"
2022-09-17T12:00:00Z,29.0,29.0,,,0.0,0.0,,,,,,,,,,,3.455,3.45,3.46,,,,231.931,0.0,0.0,,,,,306.069,303.0,309.0,,,0.0,13602.0,13630.0,0.0,0.0,0.0,0.0,0.0,0.0,29.0,0.0,0.0,0.0,29.0,0.0,0.0,0.0,0.0,0.0,"solar2_v,lipo2_v"
2022-09-17T13:00:00Z,29.0,29.0,,,0.0,0.0,,,,,,,,,,,3.452,3.448,3.458,,,,231.966,0.0,0.0,,,,,305.69,302.0,311.0,,,0.0,13631.0,13659.0,0.0,0.0,0.0,0.0,0.0,0.0,29.0,0.0,0.0,0.0,29.0,0.0,0.0,0.0,0.0,0.0,"solar2_v,lipo2_v"
2022-09-17T14:00:00Z,29.0,29.0,,,0.0,0.0,,,,,,,,,,,3.45,3.448,3.455,,,,231.862,0.0,0.0,,,,,307.69,306.0,311.0,,,0.0,13660.0,13688.0,0.0,0.0,0.0,0.0,0.0,0.0,29.0,0.0,0.0,0.0,29.0,0.0,0.0,0.0,0.0,0.0,"solar2_v,lipo2_v"
2022-09-17T15:00:00Z,30.0,30.0,,,0.0,0.0,,,,,,,,,,,3.448,3.446,3.451,,,,232.133,0.0,0.0,,,,,304.0,300.0,309.0,,,0.0,13689.0,13718.0,0.0,0.0,0.0,0.0,0.0,0.0,30.0,0.0,0.0,0.0,30.0,0.0,0.0,0.0,0.0,0.0,"solar2_v,lipo2_v"
2022-09-17T16:00:00Z,29.0,29.0,,,0.0,0.0,,,,,,,,,,,3.447,3.446,3.448,,,,232.759,0.0,0.0,,,,,299.069,296.0,300.0,,,0.0,13719.0,13747.0,0.0,0.0,0.0,0.0,0.0,0.0,29.0,0.0,0.0,0.0,29.0,0.0,0.0,0.0,0.0,0.0,"solar2_v,lipo2_v"
2022-09-17T17:00:00Z,29.0,29.0,,,0.0,0.0,,,,,,,,,,,3.446,3.445,3.448,,,,233.276,0.0,0.0,,,,,294.31,291.0,296.0,,,0.0,13748.0,13776.0,0.0,0.0,0.0,0.0,0.0,0.0,29.0,0.0,0.0,0.0,29.0,0.0,0.0,0.0,0.0,0.0,"solar2_v,lipo2_v"
2022-09-17T18:00:00Z,29.0,29.0,,,0.0,0.0,,,,,,,,,,,3.447,3.445,3.448,,,,233.345,0.0,0.0,,,,,292.034,291.0,293.0,,,0.0,13777.0,13805.0,0.0,0.0,0.0,0.0,0.0,0.0,29.0,0.0,0.0,0.0,29.0,0.0,0.0,0.0,0.0,0.0,"solar2_v,lipo2_v"
2022-09-17T19:00:00Z,29.0,29.0,,,0.0,0.0,,,,,,,,,,,3.446,3.443,3.448,,,,233.586,0.0,0.0,,,,,290.586,290.0,291.0,,,0.0,13806.0,13834.0,0.0,0.0,0.0,0.0,0.0,0.0,29.0,0.0,0.0,0.0,29.0,0.0,0.0,0.0,0.0,0.0,"solar2_v,lipo2_v"
2022-09-17T20:00:00Z,30.0,30.0,,,0.0,0.0,,,,,,,,,,,3.448,3.446,3.45,,,,233.233,0.0,0.0,,,,,289.333,287.0,291.0,,,0.0,13835.0,13864.0,0.0,0.0,0.0,0.0,0.0,0.0,30.0,0.0,0.0,0.0,30.0,0.0,0.0,0.0,0.0,0.0,"solar2_v,lipo2_v"
2022-09-17T21:00:00Z,29.0,29.0,,,0.0,0.0,,,,,,,,,,,3.448,3.446,3.451,,,,233.483,0.0,0.0,,,,,287.069,287.0,288.0,,,0.0,13865.0,13893.0,0.0,0.0,0.0,0.0,0.0,0.0,29.0,0.0,0.0,0.0,29.0,0.0,0.0,0.0,0.0,0.0,"solar2_v,lipo2_v"
2022-09-17T22:00:00Z,29.0,29.0,,,0.0,0.0,,,,,,,,,,,3.448,3.446,3.45,,,,233.517,0.0,0.0,,,,,286.966,286.0,287.0,,,0.0,13894.0,13922.0,0.0,0.0,0.0,0.0,0.0,0.0,29.0,0.0,0.0,0.0,29.0,0.0,0.0,0.0,0.0,0.0,"solar2_v,lipo2_v"
2022-09-17T23:00:00Z,29.0,29.0,,,0.293,1.1,,,,,,,,,,,3.447,3.446,3.45,,,,233.345,0.0,0.0,,,,,289.931,287.0,300.0,,,0.0,13923.0,13951.0,0.0,15.0,0.0,0.0,0.0,0.0,29.0,0.0,0.0,0.0,29.0,0.0,0.0,0.0,0.0,0.0,"solar2_v,lipo2_v"
2022-09-18T00:00:00Z,29.0,29.0,,,2.223,4.416,,,,,,,,,,,3.448,3.446,3.45,,,,229.483,0.0,0.0,,,,,325.862,301.0,367.0,,,0.0,13952.0,13980.0,0.0,29.0,0.0,0.0,0.0,0.0,29.0,0.0,0.0,0.0,29.0,0.0,0.0,0.0,0.0,0.0,"solar2_v,lipo2_v"
2022-09-18T01:00:00Z,30.0,30.0,,,3.646,4.774,,,,,,,,,,,3.447,3.446,3.45,,,,224.067,0.0,0.0,,,,,381.4,369.0,390.0,,,0.0,13981.0,14010.0,0.0,30.0,0.0,0.0,0.0,0.0,30.0,0.0,0.0,0.0,30.0,0.0,0.0,0.0,0.0,0.0,"solar2_v,lipo2_v"
2022-09-18T02:00:00Z,29.0,29.0,,,3.466,5.125,,,,,,,,,,,3.447,3.446,3.448,,,,223.276,0.0,0.0,,,,,400.448,387.0,420.0,,,0.0,14011.0,14039.0,0.0,29.0,0.0,0.0,0.0,0.0,29.0,0.0,0.0,0.0,29.0,0.0,0.0,0.0,0.0,0.0,"solar2_v,lipo2_v"
2022-09-18T03:00:00Z,29.0,29.0,,,3.652,5.246,,,,,,,,,,,3.446,3.446,3.448,,,,222.138,0.0,0.0,,,,,408.724,387.0,433.0,,,0.0,14040.0,14068.0,0.0,29.0,0.0,0.0,0.0,0.0,29.0,0.0,0.0,0.0,29.0,0.0,0.0,0.0,0.0,0.0,"solar2_v,lipo2_v"
2022-09-18T04:00:00Z,29.0,29.0,,,4.178,5.034,,,,,,,,,,,3.446,3.445,3.448,,,,222.759,0.0,0.0,,,,,407.621,399.0,418.0,,,0.0,14069.0,14097.0,0.0,29.0,0.0,0.0,0.0,0.0,29.0,0.0,0.0,0.0,29.0,0.0,0.0,0.0,0.0,0.0,"solar2_v,lipo2_v"
2022-09-18T05:00:00Z,30.0,30.0,,,4.182,5.113,,,,,,,,,,,3.442,3.435,3.446,,,,220.867,0.0,0.0,,,,,428.7,419.0,436.0,,,0.0,14098.0,14127.0,0.0,30.0,0.0,0.0,0.0,0.0,30.0,0.0,0.0,0.0,30.0,0.0,0.0,0.0,0.0,0.0,"solar2_v,lipo2_v"
2022-09-18T06:00:00Z,29.0,29.0,,,3.387,4.703,,,,,,,,,,,3.433,3.428,3.438,,,,220.862,0.0,0.0,,,,,421.31,407.0,436.0,,,0.0,14128.0,14156.0,0.0,29.0,0.0,0.0,0.0,0.0,29.0,0.0,0.0,0.0,29.0,0.0,0.0,0.0,0.0,0.0,"solar2_v,lipo2_v"
2022-09-18T07:00:00Z,28.0,28.0,,,2.087,3.311,,,,,,,,,,,3.43,3.425,3.433,,,,224.643,0.0,0.0,,,,,381.25,367.0,411.0,,,0.0,14157.0,14184.0,0.0,28.0,0.0,0.0,0.0,0.0,28.0,0.0,0.0,0.0,28.0,0.0,0.0,0.0,0.0,0.0,"solar2_v,lipo2_v"
2022-09-18T08:00:00Z,19.0,19.0,,,1.852,2.474,,,,,,,,,,,3.429,3.425,3.433,,,,225.579,0.0,0.0,,,,,369.579,367.0,376.0,,,0.0,14186.0,14212.0,0.0,19.0,0.0,0.0,0.0,0.0,19.0,0.0,0.0,0.0,19.0,0.0,0.0,0.0,0.0,0.0,"solar2_v,lipo2_v"
2022-09-18T09:00:00Z,28.0,28.0,,,0.082,0.628,,,,,,,,,,,3.43,3.427,3.433,,,,231.857,0.0,0.0,,,,,304.536,267.0,356.0,,,0.0,14215.0,14242.0,0.0,4.0,0.0,0.0,0.0,0.0,28.0,0.0,0.0,0.0,28.0,0.0,0.0,0.0,0.0,0.0,"solar2_v,lipo2_v"
2022-09-18T10:00:00Z,29.0,29.0,,,0.0,0.0,,,,,,,,,,,3.408,3.39,3.432,,,,236.172,0.0,0.0,,,,,266.0,264.0,268.0,,,0.0,14243.0,14271.0,0.0,0.0,0.0,0.0,0.0,0.0,29.0,0.0,0.0,0.0,29.0,0.0,0.0,0.0,0.0,0.0,"solar2_v,lipo2_v"
2022-09-18T11:00:00Z,30.0,30.0,,,0.0,0.0,,,,,,,,,,,3.398,3.374,3.412,,,,235.4,0.0,0.0,,,,,272.2,268.0,274.0,,,0.0,14272.0,14301.0,0.0,0.0,0.0,0.0,0.0,0.0,30.0,0.0,0.0,0.0,30.0,0.0,0.0,0.0,0.0,0.0,"solar2_v,lipo2_v"
2022-09-18T12:00:00Z,29.0,29.0,,,0.0,0.0,,,,,,,,,,,3.414,3.405,3.418,,,,234.621,0.0,0.0,,,,,276.621,274.0,282.0,,,0.0,14302.0,14330.0,0.0,0.0,0.0,0.0,0.0,0.0,29.0,0.0,0.0,0.0,29.0,0.0,0.0,0.0,0.0,0.0,"solar2_v,lipo2_v"
2022-09-18T13:00:00Z,29.0,29.0,,,0.0,0.0,,,,,,,,,,,3.418,3.402,3.425,,,,235.862,0.0,0.0,,,,,268.586,266.0,274.0,,,0.0,14331.0,14359.0,0.0,0.0,0.0,0.0,0.0,0.0,29.0,0.0,0.0,0.0,29.0,0.0,0.0,0.0,0.0,0.0,"solar2_v,lipo2_v"
2022-09-18T14:00:00Z,25.0,25.0,,,0.0,0.0,,,,,,,,,,,3.421,3.418,3.423,,,,235.64,0.0,0.0,,,,,272.72,269.0,274.0,,,0.0,14360.0,14384.0,0.0,0.0,0.0,0.0,0.0,0.0,25.0,0.0,0.0,0.0,25.0,0.0,0.0,0.0,0.0,0.0,"solar2_v,lipo2_v"
2022-09-18T15:00:00Z,29.0,29.0,,,0.0,0.0,,,,,,,,,,,3.418,3.415,3.423,,,,235.414,0.0,0.0,,,,,273.966,273.0,274.0,,,0.0,14389.0,14418.0,0.0,0.0,0.0,0.0,0.0,0.0,29.0,0.0,0.0,0.0,29.0,0.0,0.0,0.0,0.0,0.0,"solar2_v,lipo2_v"
2022-09-18T17:00:00Z,22.0,22.0,,,0.0,0.0,,,,,,,,,,,3.403,3.399,3.407,,,,235.682,0.0,0.0,,,,,274.0,274.0,274.0,,,0.0,14455.0,14476.0,0.0,0.0,0.0,0.0,0.0,0.0,22.0,0.0,0.0,0.0,22.0,0.0,0.0,0.0,0.0,0.0,"solar2_v,lipo2_v"
2022-09-18T18:00:00Z,29.0,29.0,,,0.0,0.0,,,,,,,,,,,3.403,3.399,3.41,,,,235.276,0.0,0.0,,,,,274.0,274.0,274.0,,,0.0,14477.0,14505.0,0.0,0.0,0.0,0.0,0.0,0.0,29.0,0.0,0.0,0.0,29.0,0.0,0.0,0.0,0.0,0.0,"solar2_v,lipo2_v"
2022-09-18T19:00:00Z,29.0,29.0,,,0.0,0.0,,,,,,,,,,,3.401,3.397,3.405,,,,235.138,0.0,0.0,,,,,274.103,274.0,275.0,,,0.0,14506.0,14534.0,0.0,0.0,0.0,0.0,0.0,0.0,29.0,0.0,0.0,0.0,29.0,0.0,0.0,0.0,0.0,0.0,"solar2_v,lipo2_v"
2022-09-18T20:00:00Z,30.0,30.0,,,0.0,0.0,,,,,,,,,,,3.397,3.395,3.402,,,,235.267,0.0,0.0,,,,,274.0,274.0,274.0,,,0.0,14535.0,14564.0,0.0,0.0,0.0,0.0,0.0,0.0,30.0,0.0,0.0,0.0,30.0,0.0,0.0,0.0,0.0,0.0,"solar2_v,lipo2_v"
2022-09-18T21:00:00Z,29.0,29.0,,,0.0,0.0,,,,,,,,,,,3.394,3.392,3.397,,,,235.517,0.0,0.0,,,,,273.69,273.0,274.0,,,0.0,14565.0,14593.0,0.0,0.0,0.0,0.0,0.0,0.0,29.0,0.0,0.0,0.0,29.0,0.0,0.0,0.0,0.0,0.0,"solar2_v,lipo2_v"
2022-09-18T22:00:00Z,29.0,29.0,,,0.0,0.0,,,,,,,,,,,3.39,3.385,3.394,,,,236.207,0.0,0.0,,,,,271.655,270.0,273.0,,,0.0,14594.0,14622.0,0.0,0.0,0.0,0.0,0.0,0.0,29.0,0.0,0.0,0.0,29.0,0.0,0.0,0.0,0.0,0.0,"solar2_v,lipo2_v"
2022-09-18T23:00:00Z,29.0,29.0,,,0.239,0.944,,,,,,,,,,,3.385,3.38,3.392,,,,235.552,0.0,0.0,,,,,274.138,272.0,277.0,,,0.0,14623.0,14651.0,0.0,13.0,0.0,0.0,0.0,0.0,29.0,0.0,0.0,0.0,29.0,0.0,0.0,0.0,0.0,0.0,"solar2_v,lipo2_v"
2022-09-19T00:00:00Z,29.0,29.0,,,1.615,4.838,,,,,,,,,,,3.379,3.374,3.384,,,,232.069,0.0,0.0,,,,,303.759,286.0,332.0,,,0.0,14652.0,14680.0,0.0,29.0,0.0,0.0,0.0,0.0,29.0,0.0,0.0,0.0,29.0,0.0,0.0,0.0,0.0,0.0,"solar2_v,lipo2_v"
2022-09-19T01:00:00Z,30.0,30.0,,,2.96,5.064,,,,,,,,,,,3.374,3.369,3.379,,,,227.967,0.0,0.0,,,,,342.5,325.0,385.0,,,0.0,14681.0,14710.0,0.0,30.0,0.0,0.0,0.0,0.0,30.0,0.0,0.0,0.0,30.0,0.0,0.0,0.0,0.0,0.0,"solar2_v,lipo2_v"
2022-09-19T02:00:00Z,29.0,29.0,,,3.312,5.244,,,,,,,,,,,3.368,3.366,3.372,,,,224.862,0.0,0.0,,,,,378.483,366.0,405.0,,,0.0,14711.0,14739.0,0.0,29.0,0.0,0.0,0.0,0.0,29.0,0.0,0.0,0.0,29.0,0.0,0.0,0.0,0.0,0.0,"solar2_v,lipo2_v"
2022-09-19T03:00:00Z,29.0,29.0,,,2.572,5.338,,,,,,,,,,,3.365,3.361,3.367,,,,223.655,0.0,0.0,,,,,387.586,354.0,418.0,,,0.0,14740.0,14768.0,0.0,29.0,0.0,0.0,0.0,0.0,29.0,0.0,0.0,0.0,29.0,0.0,0.0,0.0,0.0,0.0,"solar2_v,lipo2_v"
2022-09-19T04:00:00Z,29.0,29.0,,,3.87,5.267,,,,,,,,,,,3.36,3.356,3.364,,,,222.793,0.0,0.0,,,,,399.034,343.0,437.0,,,0.0,14769.0,14797.0,0.0,29.0,0.0,0.0,0.0,0.0,29.0,0.0,0.0,0.0,29.0,0.0,0.0,0.0,0.0,0.0,"solar2_v,lipo2_v"
2022-09-19T05:00:00Z,30.0,30.0,,,3.874,5.505,,,,,,,,,,,3.352,3.344,3.357,,,,221.767,0.0,0.0,,,,,411.033,377.0,452.0,,,0.0,14798.0,14827.0,0.0,30.0,0.0,0.0,0.0,0.0,30.0,0.0,0.0,0.0,30.0,0.0,0.0,0.0,0.0,0.0,"solar2_v,lipo2_v"
2022-09-19T06:00:00Z,29.0,29.0,,,3.783,5.23,,,,,,,,,,,3.338,3.326,3.346,,,,220.931,0.0,0.0,,,,,423.931,408.0,433.0,,,0.0,14828.0,14856.0,0.0,29.0,0.0,0.0,0.0,0.0,29.0,0.0,0.0,0.0,29.0,0.0,0.0,0.0,0.0,0.0,"solar2_v,lipo2_v"
2022-09-19T07:00:00Z,29.0,29.0,,,2.715,5.256,,,,,,,,,,,3.332,3.324,3.339,,,,222.655,0.0,0.0,,,,,403.483,373.0,446.0,,,0.0,14857.0,14885.0,0.0,29.0,0.0,0.0,0.0,0.0,29.0,0.0,0.0,0.0,29.0,0.0,0.0,0.0,0.0,0.0,"solar2_v,lipo2_v"
2022-09-19T08:00:00Z,30.0,30.0,,,0.752,1.295,,,,,,,,,,,3.326,3.319,3.333,,,,228.567,0.0,0.0,,,,,337.2,327.0,367.0,,,0.0,14886.0,14915.0,0.0,29.0,0.0,0.0,0.0,0.0,30.0,0.0,0.0,0.0,30.0,0.0,0.0,0.0,0.0,0.0,"solar2_v,lipo2_v"
2022-09-19T09:00:00Z,29.0,29.0,,,0.0,0.0,,,,,,,,,,,3.319,3.314,3.324,,,,232.931,0.0,0.0,,,,,296.31,271.0,327.0,,,0.0,14916.0,14944.0,0.0,0.0,0.0,0.0,0.0,0.0,29.0,0.0,0.0,0.0,29.0,0.0,0.0,0.0,0.0,0.0,"solar2_v,lipo2_v"
2022-09-19T10:00:00Z,29.0,29.0,,,0.0,0.0,,,,,,,,,,,3.312,3.306,3.319,,,,235.69,0.0,0.0,,,,,273.241,270.0,277.0,,,0.0,14945.0,14973.0,0.0,0.0,0.0,0.0,0.0,0.0,29.0,0.0,0.0,0.0,29.0,0.0,0.0,0.0,0.0,0.0,"solar2_v,lipo2_v"
2022-09-19T11:00:00Z,29.0,29.0,,,0.0,0.0,,,,,,,,,,,3.305,3.296,3.31,,,,235.379,0.0,0.0,,,,,275.862,267.0,279.0,,,0.0,14974.0,15002.0,0.0,0.0,0.0,0.0,0.0,0.0,29.0,0.0,0.0,0.0,29.0,0.0,0.0,0.0,0.0,0.0,"solar2_v,lipo2_v"
2022-09-19T12:00:00Z,30.0,30.0,,,0.0,0.0,,,,,,,,,,,3.297,3.29,3.305,,,,237.3,0.0,0.0,,,,,263.433,262.0,267.0,,,0.0,15003.0,15032.0,0.0,0.0,0.0,0.0,0.0,0.0,30.0,0.0,0.0,0.0,30.0,0.0,0.0,0.0,0.0,0.0,"solar2_v,lipo2_v"
2022-09-19T13:00:00Z,29.0,29.0,,,0.0,0.0,,,,,,,,,,,3.289,3.286,3.291,,,,237.655,0.0,0.0,,,,,261.828,261.0,263.0,,,0.0,15033.0,15061.0,0.0,0.0,0.0,0.0,0.0,0.0,29.0,0.0,0.0,0.0,29.0,0.0,0.0,0.0,0.0,0.0,"solar2_v,lipo2_v"
2022-09-19T14:00:00Z,29.0,29.0,,,0.0,0.0,,,,,,,,,,,3.286,3.281,3.288,,,,237.759,0.0,0.0,,,,,262.241,261.0,265.0,,,0.0,15062.0,15090.0,0.0,0.0,0.0,0.0,0.0,0.0,29.0,0.0,0.0,0.0,29.0,0.0,0.0,0.0,0.0,0.0,"solar2_v,lipo2_v"
2022-09-19T15:00:00Z,29.0,29.0,,,0.0,0.0,,,,,,,,,,,3.277,3.273,3.283,,,,237.414,0.0,0.0,,,,,264.207,262.0,267.0,,,0.0,15091.0,15119.0,0.0,0.0,0.0,0.0,0.0,0.0,29.0,0.0,0.0,0.0,29.0,0.0,0.0,0.0,0.0,0.0,"solar2_v,lipo2_v"
2022-09-19T16:00:00Z,30.0,30.0,,,0.0,0.0,,,,,,,,,,,3.268,3.262,3.273,,,,236.3,0.0,0.0,,,,,267.967,267.0,269.0,,,0.0,15120.0,15149.0,0.0,0.0,0.0,0.0,0.0,0.0,30.0,0.0,0.0,0.0,30.0,0.0,0.0,0.0,0.0,0.0,"solar2_v,lipo2_v"
2022-09-19T17:00:00Z,29.0,29.0,,,0.0,0.0,,,,,,,,,,,3.26,3.255,3.263,,,,234.621,0.0,0.0,,,,,269.828,269.0,272.0,,,0.0,15150.0,15178.0,0.0,0.0,0.0,0.0,0.0,0.0,29.0,0.0,0.0,0.0,29.0,0.0,0.0,0.0,0.0,0.0,"solar2_v,lipo2_v"
2022-09-19T18:00:00Z,29.0,29.0,,,0.0,0.0,,,,,,,,,,,3.251,3.245,3.257,,,,233.069,0.0,0.0,,,,,272.448,272.0,274.0,,,0.0,15179.0,15207.0,0.0,0.0,0.0,0.0,0.0,0.0,29.0,0.0,0.0,0.0,29.0,0.0,0.0,0.0,0.0,0.0,"solar2_v,lipo2_v"
2022-09-19T19:00:00Z,29.0,29.0,,,0.0,0.0,,,,,,,,,,,3.241,3.235,3.245,,,,231.172,0.0,0.0,,,,,273.69,273.0,274.0,,,0.0,15208.0,15236.0,0.0,0.0,0.0,0.0,0.0,0.0,29.0,0.0,0.0,0.0,29.0,0.0,0.0,0.0,0.0,0.0,"solar2_v,lipo2_v"
2022-09-19T20:00:00Z,30.0,30.0,,,0.0,0.0,,,,,,,,,,,3.234,3.23,3.237,,,,229.9,0.0,0.0,,,,,272.567,272.0,274.0,,,0.0,15237.0,15266.0,0.0,0.0,0.0,0.0,0.0,0.0,30.0,0.0,0.0,0.0,30.0,0.0,0.0,0.0,0.0,0.0,"solar2_v,lipo2_v"
2022-09-19T21:00:00Z,29.0,29.0,,,0.0,0.0,,,,,,,,,,,3.225,3.22,3.232,,,,227.862,0.0,0.0,,,,,272.31,271.0,273.0,,,0.0,15267.0,15295.0,0.0,0.0,0.0,0.0,0.0,0.0,29.0,0.0,0.0,0.0,29.0,0.0,0.0,0.0,0.0,0.0,"solar2_v,lipo2_v"
2022-09-19T22:00:00Z,29.0,29.0,,,0.0,0.0,,,,,,,,,,,3.213,3.209,3.219,,,,225.414,0.0,0.0,,,,,272.379,271.0,274.0,,,0.0,15296.0,15324.0,0.0,0.0,0.0,0.0,0.0,0.0,29.0,0.0,0.0,0.0,29.0,0.0,0.0,0.0,0.0,0.0,"solar2_v,lipo2_v"
2022-09-19T23:00:00Z,29.0,29.0,,,0.504,1.048,,,,,,,,,,,3.203,3.194,3.209,,,,222.552,0.0,0.0,,,,,276.0,272.0,286.0,,,0.0,15325.0,15353.0,0.0,22.0,0.0,0.0,0.0,0.0,29.0,0.0,0.0,0.0,29.0,0.0,0.0,0.0,0.0,0.0,"solar2_v,lipo2_v"
2022-09-20T00:00:00Z,29.0,29.0,,,1.504,2.543,,,,,,,,,,,3.19,3.184,3.197,,,,217.621,0.0,0.0,,,,,298.069,284.0,313.0,,,0.0,15354.0,15382.0,0.0,29.0,0.0,0.0,0.0,0.0,29.0,0.0,0.0,0.0,29.0,0.0,0.0,0.0,0.0,0.0,"solar2_v,lipo2_v"
2022-09-20T01:00:00Z,30.0,30.0,,,2.864,5.349,,,,,,,,,,,3.18,3.174,3.184,,,,210.967,0.0,0.0,,,,,327.4,311.0,342.0,,,0.0,15383.0,15412.0,0.0,30.0,0.0,0.0,0.0,0.0,30.0,0.0,0.0,0.0,30.0,0.0,0.0,0.0,0.0,0.0,"solar2_v,lipo2_v"
2022-09-20T02:00:00Z,29.0,29.0,,,2.335,5.277,,,,,,,,,,,3.167,3.159,3.174,,,,207.862,0.0,0.0,,,,,335.655,326.0,354.0,,,0.0,15413.0,15441.0,0.0,29.0,0.0,0.0,0.0,0.0,29.0,0.0,0.0,0.0,29.0,0.0,0.0,0.0,0.0,0.0,"solar2_v,lipo2_v"
2022-09-20T03:00:00Z,29.0,29.0,,,2.465,5.605,,,,,,,,,,,3.157,3.151,3.163,,,,206.931,0.0,0.0,,,,,321.724,281.0,345.0,,,0.0,15442.0,15470.0,0.0,29.0,0.0,0.0,0.0,0.0,29.0,0.0,0.0,0.0,29.0,0.0,0.0,0.0,0.0,0.0,"solar2_v,lipo2_v"
2022-09-20T04:00:00Z,29.0,29.0,,,4.13,5.507,,,,,,,,,,,3.139,3.133,3.149,,,,200.103,0.0,0.0,,,,,358.31,327.0,399.0,,,0.0,15471.0,15499.0,0.0,29.0,0.0,0.0,0.0,0.0,29.0,0.0,0.0,0.0,29.0,0.0,0.0,0.0,0.0,0.0,"solar2_v,lipo2_v"
2022-09-20T05:00:00Z,30.0,30.0,,,2.617,5.351,,,,,,,,,,,3.13,3.128,3.133,,,,196.1,0.0,0.0,,,,,366.567,340.0,407.0,,,0.0,15500.0,15529.0,0.0,30.0,0.0,0.0,0.0,0.0,30.0,0.0,0.0,0.0,30.0,0.0,0.0,0.0,0.0,0.0,"solar2_v,lipo2_v"
2022-09-20T06:00:00Z,26.0,26.0,,,1.697,5.148,,,,,,,,,,,3.122,3.115,3.13,,,,196.231,0.0,0.0,,,,,341.808,302.0,367.0,,,0.0,15530.0,15558.0,0.0,26.0,0.0,0.0,0.0,0.0,26.0,0.0,0.0,0.0,26.0,0.0,0.0,0.0,0.0,0.0,"solar2_v,lipo2_v"
2022-09-20T07:00:00Z,29.0,29.0,,,1.447,3.122,,,,,,,,,,,3.105,3.097,3.115,,,,196.862,0.0,0.0,,,,,309.345,297.0,321.0,,,0.0,15559.0,15587.0,0.0,29.0,0.0,0.0,0.0,0.0,29.0,0.0,0.0,0.0,29.0,0.0,0.0,0.0,0.0,0.0,"solar2_v,lipo2_v"
2022-09-20T08:00:00Z,29.0,29.0,,,1.575,3.05,,,,,,,,,,,3.072,3.055,3.098,,,,181.31,0.0,0.0,,,,,321.759,315.0,326.0,,,0.0,1.0,15592.0,0.0,29.0,0.0,0.0,0.0,0.0,29.0,0.0,0.0,0.0,29.0,0.0,0.0,0.0,0.0,0.0,"solar2_v,lipo2_v"
2022-09-20T09:00:00Z,29.0,29.0,,,1.109,3.75,,,,,,,,,,,3.041,3.027,3.055,,,,174.379,0.0,0.0,,,,,324.862,306.0,344.0,,,0.0,1.0,1.0,0.0,27.0,0.0,0.0,0.0,0.0,29.0,0.0,0.0,0.0,29.0,0.0,0.0,0.0,0.0,0.0,"solar2_v,lipo2_v"
2022-09-20T10:00:00Z,29.0,29.0,,,0.0,0.0,,,,,,,,,,,3.014,2.998,3.026,,,,173.276,0.0,0.0,,,,,299.586,296.0,305.0,,,0.0,1.0,1.0,0.0,0.0,0.0,0.0,0.0,0.0,29.0,0.0,0.0,0.0,29.0,0.0,0.0,0.0,0.0,0.0,"solar2_v,lipo2_v"
2022-09-20T11:00:00Z,29.0,29.0,,,0.0,0.0,,,,,,,,,,,2.981,2.97,2.998,,,,167.31,0.0,0.0,,,,,295.828,290.0,298.0,,,0.0,1.0,1.0,0.0,0.0,0.0,0.0,0.0,0.0,29.0,0.0,0.0,0.0,29.0,0.0,0.0,0.0,0.0,0.0,"solar2_v,lipo2_v"
2022-09-20T12:00:00Z,29.0,29.0,,,0.0,0.0,,,,,,,,,,,2.946,2.925,2.966,,,,160.241,0.0,0.0,,,,,370.172,276.0,602.0,,,0.0,1.0,1.0,0.0,0.0,0.0,0.0,0.0,0.0,29.0,0.0,0.0,0.0,29.0,0.0,0.0,0.0,0.0,0.0,"solar2_v,lipo2_v"
2022-09-20T13:00:00Z,29.0,29.0,,,0.0,0.0,,,,,,,,,,,2.904,2.879,2.922,,,,155.0,0.0,0.0,,,,,598.31,593.0,601.0,,,0.0,1.0,1.0,0.0,0.0,0.0,0.0,0.0,0.0,29.0,0.0,0.0,0.0,29.0,0.0,0.0,0.0,0.0,0.0,"solar2_v,lipo2_v"
2022-09-20T14:00:00Z,21.0,21.0,,,0.0,0.0,,,,,,,,,,,2.85,2.819,2.876,,,,155.0,0.0,0.0,,,,,591.381,587.0,593.0,,,0.0,1.0,1.0,0.0,0.0,0.0,0.0,0.0,0.0,21.0,0.0,0.0,0.0,21.0,0.0,0.0,0.0,0.0,0.0,"solar2_v,lipo2_v"
2022-10-16T00:00:00Z,14.0,14.0,,,,,,,,,,,,,,,3.445,1.98,3.753,,,,234.071,0.0,0.0,,,,,307.786,287.0,318.0,,,0.0,1.0,14.0,0.0,0.0,0.0,0.0,0.0,0.0,14.0,0.0,0.0,0.0,14.0,0.0,0.0,0.0,0.0,0.0,"solar2_v,lipo2_v"
2022-10-16T01:00:00Z,29.0,29.0,,,,,,,,,,,,,,,3.897,3.765,4.001,,,,229.621,0.0,0.0,,,,,319.586,317.0,321.0,,,0.0,15.0,43.0,0.0,0.0,0.0,0.0,0.0,0.0,29.0,0.0,0.0,0.0,29.0,0.0,0.0,0.0,0.0,0.0,"solar2_v,lipo2_v"
2022-10-16T02:00:00Z,30.0,30.0,,,,,,,,,,,,,,,4.063,4.006,4.12,,,,228.833,0.0,0.0,,,,,313.633,300.0,318.0,,,0.0,44.0,73.0,0.0,0.0,0.0,0.0,0.0,0.0,30.0,0.0,0.0,0.0,30.0,0.0,0.0,0.0,0.0,0.0,"solar2_v,lipo2_v"
2022-10-16T03:00:00Z,29.0,29.0,,,,,,,,,,,,,,,4.083,4.044,4.135,,,,238.103,0.0,0.0,,,,,286.0,278.0,299.0,,,0.0,74.0,102.0,0.0,0.0,0.0,0.0,0.0,0.0,29.0,0.0,0.0,0.0,29.0,0.0,0.0,0.0,0.0,0.0,"solar2_v,lipo2_v"
2022-10-16T04:00:00Z,27.0,27.0,,,,,,,,,,,,,,,4.089,4.04,4.144,,,,236.556,0.0,0.0,,,,,298.704,289.0,308.0,,,0.0,103.0,131.0,0.0,0.0,0.0,0.0,0.0,0.0,27.0,0.0,0.0,0.0,27.0,0.0,0.0,0.0,0.0,0.0,"solar2_v,lipo2_v"
2022-10-16T05:00:00Z,29.0,29.0,,,,,,,,,,,,,,,4.117,4.082,4.161,,,,233.138,0.0,0.0,,,,,305.655,291.0,313.0,,,0.0,132.0,160.0,0.0,0.0,0.0,0.0,0.0,0.0,29.0,0.0,0.0,0.0,29.0,0.0,0.0,0.0,0.0,0.0,"solar2_v,lipo2_v"
2022-10-16T06:00:00Z,29.0,29.0,,,,,,,,,,,,,,,4.08,4.077,4.082,,,,237.034,0.0,0.0,,,,,271.655,264.0,287.0,,,0.0,161.0,189.0,0.0,0.0,0.0,0.0,0.0,0.0,29.0,0.0,0.0,0.0,29.0,0.0,0.0,0.0,0.0,0.0,"solar2_v,lipo2_v"
2022-10-16T07:00:00Z,29.0,29.0,,,,,,,,,,,,,,,4.077,4.073,4.08,,,,237.379,0.0,0.0,,,,,286.414,274.0,294.0,,,0.0,190.0,218.0,0.0,0.0,0.0,0.0,0.0,0.0,29.0,0.0,0.0,0.0,29.0,0.0,0.0,0.0,0.0,0.0,"solar2_v,lipo2_v"
2022-10-16T08:00:00Z,30.0,30.0,,,,,,,,,,,,,,,4.073,4.07,4.077,,,,236.933,0.0,0.0,,,,,296.8,294.0,299.0,,,0.0,219.0,248.0,0.0,0.0,0.0,0.0,0.0,0.0,30.0,0.0,0.0,0.0,30.0,0.0,0.0,0.0,0.0,0.0,"solar2_v,lipo2_v"
2022-10-16T09:00:00Z,29.0,29.0,,,,,,,,,,,,,,,4.071,4.067,4.075,,,,233.069,0.0,0.0,,,,,299.586,298.0,300.0,,,0.0,249.0,277.0,0.0,0.0,0.0,0.0,0.0,0.0,29.0,0.0,0.0,0.0,29.0,0.0,0.0,0.0,0.0,0.0,"solar2_v,lipo2_v"
2022-10-16T10:00:00Z,29.0,29.0,,,,,,,,,,,,,,,4.068,4.065,4.072,,,,234.759,0.0,0.0,,,,,300.0,300.0,300.0,,,0.0,278.0,306.0,0.0,0.0,0.0,0.0,0.0,0.0,29.0,0.0,0.0,0.0,29.0,0.0,0.0,0.0,0.0,0.0,"solar2_v,lipo2_v"
2022-10-16T11:00:00Z,29.0,29.0,,,,,,,,,,,,,,,4.067,4.064,4.072,,,,235.034,0.0,0.0,,,,,300.0,300.0,300.0,,,0.0,307.0,335.0,0.0,0.0,0.0,0.0,0.0,0.0,29.0,0.0,0.0,0.0,29.0,0.0,0.0,0.0,0.0,0.0,"solar2_v,lipo2_v"
2022-10-16T12:00:00Z,30.0,30.0,,,,,,,,,,,,,,,4.066,4.064,4.07,,,,235.8,0.0,0.0,,,,,300.0,300.0,300.0,,,0.0,336.0,365.0,0.0,0.0,0.0,0.0,0.0,0.0,30.0,0.0,0.0,0.0,30.0,0.0,0.0,0.0,0.0,0.0,"solar2_v,lipo2_v"
2022-10-16T13:00:00Z,29.0,29.0,,,,,,,,,,,,,,,4.062,4.052,4.069,,,,232.241,0.0,0.0,,,,,300.345,300.0,301.0,,,0.0,366.0,394.0,0.0,0.0,0.0,0.0,0.0,0.0,29.0,0.0,0.0,0.0,29.0,0.0,0.0,0.0,0.0,0.0,"solar2_v,lipo2_v"
2022-10-16T14:00:00Z,29.0,29.0,,,,,,,,,,,,,,,4.053,4.052,4.055,,,,232.069,0.0,0.0,,,,,302.655,301.0,304.0,,,0.0,395.0,423.0,0.0,0.0,0.0,0.0,0.0,0.0,29.0,0.0,0.0,0.0,29.0,0.0,0.0,0.0,0.0,0.0,"solar2_v,lipo2_v"
2022-10-16T15:00:00Z,29.0,29.0,,,,,,,,,,,,,,,4.052,4.049,4.054,,,,232.483,0.0,0.0,,,,,301.0,301.0,301.0,,,0.0,424.0,452.0,0.0,0.0,0.0,0.0,0.0,0.0,29.0,0.0,0.0,0.0,29.0,0.0,0.0,0.0,0.0,0.0,"solar2_v,lipo2_v"
2022-10-16T16:00:00Z,30.0,30.0,,,,,,,,,,,,,,,4.051,4.049,4.054,,,,232.733,0.0,0.0,,,,,301.0,301.0,301.0,,,0.0,453.0,482.0,0.0,0.0,0.0,0.0,0.0,0.0,30.0,0.0,0.0,0.0,30.0,0.0,0.0,0.0,0.0,0.0,"solar2_v,lipo2_v"
2022-10-16T17:00:00Z,29.0,29.0,,,,,,,,,,,,,,,4.05,4.047,4.054,,,,232.345,0.0,0.0,,,,,301.0,301.0,301.0,,,0.0,483.0,511.0,0.0,0.0,0.0,0.0,0.0,0.0,29.0,0.0,0.0,0.0,29.0,0.0,0.0,0.0,0.0,0.0,"solar2_v,lipo2_v"
2022-10-16T18:00:00Z,28.0,28.0,,,,,,,,,,,,,,,4.05,4.045,4.052,,,,232.786,0.0,0.0,,,,,301.0,301.0,301.0,,,0.0,512.0,540.0,0.0,0.0,0.0,0.0,0.0,0.0,28.0,0.0,0.0,0.0,28.0,0.0,0.0,0.0,0.0,0.0,"solar2_v,lipo2_v"
2022-10-16T19:00:00Z,29.0,29.0,,,,,,,,,,,,,,,4.049,4.045,4.052,,,,232.724,0.0,0.0,,,,,300.207,299.0,301.0,,,0.0,541.0,569.0,0.0,0.0,0.0,0.0,0.0,0.0,29.0,0.0,0.0,0.0,29.0,0.0,0.0,0.0,0.0,0.0,"solar2_v,lipo2_v"
2022-10-16T20:00:00Z,29.0,29.0,,,,,,,,,,,,,,,4.048,4.045,4.05,,,,233.034,0.0,0.0,,,,,298.552,297.0,300.0,,,0.0,570.0,598.0,0.0,0.0,0.0,0.0,0.0,0.0,29.0,0.0,0.0,0.0,29.0,0.0,0.0,0.0,0.0,0.0,"solar2_v,lipo2_v"
2022-10-16T21:00:00Z,30.0,30.0,,,,,,,,,,,,,,,4.047,4.044,4.05,,,,233.033,0.0,0.0,,,,,296.533,296.0,298.0,,,0.0,599.0,628.0,0.0,0.0,0.0,0.0,0.0,0.0,30.0,0.0,0.0,0.0,30.0,0.0,0.0,0.0,0.0,0.0,"solar2_v,lipo2_v"
2022-10-16T22:00:00Z,29.0,29.0,,,,,,,,,,,,,,,4.046,4.044,4.05,,,,233.414,0.0,0.0,,,,,296.0,296.0,296.0,,,0.0,629.0,657.0,0.0,0.0,0.0,0.0,0.0,0.0,29.0,0.0,0.0,0.0,29.0,0.0,0.0,0.0,0.0,0.0,"solar2_v,lipo2_v"
2022-10-16T23:00:00Z,29.0,29.0,,,,,,,,,,,,,,,4.045,4.042,4.05,,,,233.241,0.0,0.0,,,,,296.0,296.0,296.0,,,0.0,658.0,686.0,0.0,0.0,0.0,0.0,0.0,0.0,29.0,0.0,0.0,0.0,29.0,0.0,0.0,0.0,0.0,0.0,"solar2_v,lipo2_v"
2022-10-17T00:00:00Z,29.0,29.0,,,,,,,,,,,,,,,4.044,4.04,4.049,,,,232.931,0.0,0.0,,,,,298.655,296.0,301.0,,,0.0,687.0,715.0,0.0,0.0,0.0,0.0,0.0,0.0,29.0,0.0,0.0,0.0,29.0,0.0,0.0,0.0,0.0,0.0,"solar2_v,lipo2_v"
2022-10-17T01:00:00Z,26.0,26.0,,,,,,,,,,,,,,,4.044,4.04,4.047,,,,232.462,0.0,0.0,,,,,300.846,300.0,301.0,,,0.0,716.0,741.0,0.0,0.0,0.0,0.0,0.0,0.0,26.0,0.0,0.0,0.0,26.0,0.0,0.0,0.0,0.0,0.0,"solar2_v,lipo2_v"
2022-10-17T02:00:00Z,25.0,25.0,,,,,,,,,,,,,,,4.044,4.04,4.047,,,,232.12,0.0,0.0,,,,,302.44,301.0,303.0,,,0.0,750.0,774.0,0.0,0.0,0.0,0.0,0.0,0.0,25.0,0.0,0.0,0.0,25.0,0.0,0.0,0.0,0.0,0.0,"solar2_v,lipo2_v"
2022-10-17T03:00:00Z,29.0,29.0,,,,,,,,,,,,,,,4.043,4.04,4.047,,,,231.931,0.0,0.0,,,,,305.31,303.0,306.0,,,0.0,775.0,803.0,0.0,0.0,0.0,0.0,0.0,0.0,29.0,0.0,0.0,0.0,29.0,0.0,0.0,0.0,0.0,0.0,"solar2_v,lipo2_v"
2022-10-17T04:00:00Z,29.0,29.0,,,,,,,,,,,,,,,4.042,4.04,4.045,,,,231.793,0.0,0.0,,,,,307.172,306.0,309.0,,,0.0,804.0,832.0,0.0,0.0,0.0,0.0,0.0,0.0,29.0,0.0,0.0,0.0,29.0,0.0,0.0,0.0,0.0,0.0,"solar2_v,lipo2_v"
2022-10-17T05:00:00Z,30.0,30.0,,,,,,,,,,,,,,,4.041,4.039,4.045,,,,231.967,0.0,0.0,,,,,307.7,307.0,310.0,,,0.0,833.0,862.0,0.0,0.0,0.0,0.0,0.0,0.0,30.0,0.0,0.0,0.0,30.0,0.0,0.0,0.0,0.0,0.0,"solar2_v,lipo2_v"
2022-10-17T06:00:00Z,29.0,29.0,,,,,,,,,,,,,,,4.04,4.039,4.044,,,,232.138,0.0,0.0,,,,,307.931,307.0,309.0,,,0.0,863.0,891.0,0.0,0.0,0.0,0.0,0.0,0.0,29.0,0.0,0.0,0.0,29.0,0.0,0.0,0.0,0.0,0.0,"solar2_v,lipo2_v"
2022-10-17T07:00:00Z,29.0,29.0,,,,,,,,,,,,,,,4.041,4.037,4.044,,,,231.828,0.0,0.0,,,,,307.828,307.0,309.0,,,0.0,892.0,920.0,0.0,0.0,0.0,0.0,0.0,0.0,29.0,0.0,0.0,0.0,29.0,0.0,0.0,0.0,0.0,0.0,"solar2_v,lipo2_v"
2022-10-17T08:00:00Z,29.0,29.0,,,,,,,,,,,,,,,4.041,4.037,4.045,,,,232.897,0.0,0.0,,,,,297.862,281.0,307.0,,,0.0,921.0,949.0,0.0,0.0,0.0,0.0,0.0,0.0,29.0,0.0,0.0,0.0,29.0,0.0,0.0,0.0,0.0,0.0,"solar2_v,lipo2_v"
2022-10-17T09:00:00Z,30.0,30.0,,,,,,,,,,,,,,,4.039,4.036,4.042,,,,235.267,0.0,0.0,,,,,273.667,267.0,281.0,,,0.0,950.0,979.0,0.0,0.0,0.0,0.0,0.0,0.0,30.0,0.0,0.0,0.0,30.0,0.0,0.0,0.0,0.0,0.0,"solar2_v,lipo2_v"
2022-10-17T10:00:00Z,29.0,29.0,,,,,,,,,,,,,,,4.038,4.034,4.042,,,,235.483,0.0,0.0,,,,,272.448,266.0,282.0,,,0.0,980.0,1008.0,0.0,0.0,0.0,0.0,0.0,0.0,29.0,0.0,0.0,0.0,29.0,0.0,0.0,0.0,0.0,0.0,"solar2_v,lipo2_v"
2022-10-17T11:00:00Z,29.0,29.0,,,,,,,,,,,,,,,4.038,4.036,4.042,,,,233.552,0.0,0.0,,,,,288.069,283.0,291.0,,,0.0,1009.0,1037.0,0.0,0.0,0.0,0.0,0.0,0.0,29.0,0.0,0.0,0.0,29.0,0.0,0.0,0.0,0.0,0.0,"solar2_v,lipo2_v"
2022-10-17T12:00:00Z,29.0,29.0,,,,,,,,,,,,,,,4.039,4.036,4.044,,,,232.966,0.0,0.0,,,,,291.931,272.0,298.0,,,0.0,1038.0,1066.0,0.0,0.0,0.0,0.0,0.0,0.0,29.0,0.0,0.0,0.0,29.0,0.0,0.0,0.0,0.0,0.0,"solar2_v,lipo2_v"
2022-10-17T13:00:00Z,29.0,29.0,,,,,,,,,,,,,,,4.039,4.036,4.042,,,,232.724,0.0,0.0,,,,,293.241,272.0,300.0,,,0.0,1067.0,1095.0,0.0,0.0,0.0,0.0,0.0,0.0,29.0,0.0,0.0,0.0,29.0,0.0,0.0,0.0,0.0,0.0,"solar2_v,lipo2_v"
2022-10-17T14:00:00Z,30.0,30.0,,,,,,,,,,,,,,,4.038,4.036,4.042,,,,232.7,0.0,0.0,,,,,271.667,252.0,300.0,,,0.0,1096.0,1125.0,0.0,0.0,0.0,0.0,0.0,0.0,30.0,0.0,0.0,0.0,30.0,0.0,0.0,0.0,0.0,0.0,"solar2_v,lipo2_v"
2022-10-17T15:00:00Z,29.0,29.0,,,,,,,,,,,,,,,4.037,4.034,4.04,,,,232.586,0.0,0.0,,,,,270.138,259.0,286.0,,,0.0,1126.0,1154.0,0.0,0.0,0.0,0.0,0.0,0.0,29.0,0.0,0.0,0.0,29.0,0.0,0.0,0.0,0.0,0.0,"solar2_v,lipo2_v"
2022-10-17T16:00:00Z,29.0,29.0,,,,,,,,,,,,,,,4.036,4.034,4.039,,,,232.621,0.0,0.0,,,,,268.69,254.0,284.0,,,0.0,1155.0,1183.0,0.0,0.0,0.0,0.0,0.0,0.0,29.0,0.0,0.0,0.0,29.0,0.0,0.0,0.0,0.0,0.0,"solar2_v,lipo2_v"
2022-10-17T17:00:00Z,29.0,29.0,,,,,,,,,,,,,,,4.036,4.032,4.039,,,,232.414,0.0,0.0,,,,,274.448,255.0,300.0,,,0.0,1184.0,1212.0,0.0,0.0,0.0,0.0,0.0,0.0,29.0,0.0,0.0,0.0,29.0,0.0,0.0,0.0,0.0,0.0,"solar2_v,lipo2_v"
2022-10-17T18:00:00Z,30.0,30.0,,,,,,,,,,,,,,,4.036,4.034,4.039,,,,232.367,0.0,0.0,,,,,300.633,300.0,301.0,,,0.0,1213.0,1242.0,0.0,0.0,0.0,0.0,0.0,0.0,30.0,0.0,0.0,0.0,30.0,0.0,0.0,0.0,0.0,0.0,"solar2_v,lipo2_v"
2022-10-17T19:00:00Z,29.0,29.0,,,,,,,,,,,,,,,4.036,4.034,4.039,,,,232.207,0.0,0.0,,,,,301.0,301.0,301.0,,,0.0,1243.0,1271.0,0.0,0.0,0.0,0.0,0.0,0.0,29.0,0.0,0.0,0.0,29.0,0.0,0.0,0.0,0.0,0.0,"solar2_v,lipo2_v"
2022-10-17T20:00:00Z,29.0,29.0,,,,,,,,,,,,,,,4.034,4.032,4.037,,,,232.517,0.0,0.0,,,,,301.0,301.0,301.0,,,0.0,1272.0,1300.0,0.0,0.0,0.0,0.0,0.0,0.0,29.0,0.0,0.0,0.0,29.0,0.0,0.0,0.0,0.0,0.0,"solar2_v,lipo2_v"
2022-10-17T21:00:00Z,29.0,29.0,,,,,,,,,,,,,,,4.035,4.032,4.039,,,,232.759,0.0,0.0,,,,,300.793,300.0,301.0,,,0.0,1301.0,1329.0,0.0,0.0,0.0,0.0,0.0,0.0,29.0,0.0,0.0,0.0,29.0,0.0,0.0,0.0,0.0,0.0,"solar2_v,lipo2_v"
2022-10-17T22:00:00Z,30.0,30.0,,,,,,,,,,,,,,,4.034,4.032,4.037,,,,232.833,0.0,0.0,,,,,300.233,300.0,301.0,,,0.0,1330.0,1359.0,0.0,0.0,0.0,0.0,0.0,0.0,30.0,0.0,0.0,0.0,30.0,0.0,0.0,0.0,0.0,0.0,"solar2_v,lipo2_v"
2022-10-17T23:00:00Z,29.0,29.0,,,,,,,,,,,,,,,4.035,4.032,4.039,,,,232.897,0.0,0.0,,,,,300.241,300.0,301.0,,,0.0,1360.0,1388.0,0.0,0.0,0.0,0.0,0.0,0.0,29.0,0.0,0.0,0.0,29.0,0.0,0.0,0.0,0.0,0.0,"solar2_v,lipo2_v"
2022-10-18T00:00:00Z,29.0,29.0,,,,,,,,,,,,,,,4.035,4.032,4.039,,,,232.483,0.0,0.0,,,,,300.931,300.0,301.0,,,0.0,1389.0,1417.0,0.0,0.0,0.0,0.0,0.0,0.0,29.0,0.0,0.0,0.0,29.0,0.0,0.0,0.0,0.0,0.0,"solar2_v,lipo2_v"
2022-10-18T01:00:00Z,29.0,29.0,,,,,,,,,,,,,,,4.034,4.032,4.037,,,,232.138,0.0,0.0,,,,,301.241,301.0,303.0,,,0.0,1418.0,1446.0,0.0,0.0,0.0,0.0,0.0,0.0,29.0,0.0,0.0,0.0,29.0,0.0,0.0,0.0,0.0,0.0,"solar2_v,lipo2_v"
2022-10-18T02:00:00Z,30.0,30.0,,,,,,,,,,,,,,,4.033,4.031,4.036,,,,231.7,0.0,0.0,,,,,305.033,303.0,307.0,,,0.0,1447.0,1476.0,0.0,0.0,0.0,0.0,0.0,0.0,30.0,0.0,0.0,0.0,30.0,0.0,0.0,0.0,0.0,0.0,"solar2_v,lipo2_v"
2022-10-18T03:00:00Z,29.0,29.0,,,,,,,,,,,,,,,4.033,4.031,4.036,,,,231.621,0.0,0.0,,,,,308.172,306.0,310.0,,,0.0,1477.0,1505.0,0.0,0.0,0.0,0.0,0.0,0.0,29.0,0.0,0.0,0.0,29.0,0.0,0.0,0.0,0.0,0.0,"solar2_v,lipo2_v"
2022-10-18T04:00:00Z,29.0,29.0,,,,,,,,,,,,,,,4.032,4.031,4.036,,,,231.931,0.0,0.0,,,,,308.966,298.0,313.0,,,0.0,1506.0,1534.0,0.0,0.0,0.0,0.0,0.0,0.0,29.0,0.0,0.0,0.0,29.0,0.0,0.0,0.0,0.0,0.0,"solar2_v,lipo2_v"
2022-10-18T05:00:00Z,29.0,29.0,,,,,,,,,,,,,,,4.032,4.029,4.036,,,,234.069,0.0,0.0,,,,,283.655,274.0,296.0,,,0.0,1535.0,1563.0,0.0,0.0,0.0,0.0,0.0,0.0,29.0,0.0,0.0,0.0,29.0,0.0,0.0,0.0,0.0,0.0,"solar2_v,lipo2_v"
2022-10-18T06:00:00Z,30.0,30.0,,,,,,,,,,,,,,,4.031,4.029,4.034,,,,233.967,0.0,0.0,,,,,283.0,273.0,295.0,,,0.0,1564.0,1593.0,0.0,0.0,0.0,0.0,0.0,0.0,30.0,0.0,0.0,0.0,30.0,0.0,0.0,0.0,0.0,0.0,"solar2_v,lipo2_v"
2022-10-18T07:00:00Z,29.0,29.0,,,,,,,,,,,,,,,4.031,4.029,4.032,,,,232.276,0.0,0.0,,,,,294.379,273.0,301.0,,,0.0,1594.0,1622.0,0.0,0.0,0.0,0.0,0.0,0.0,29.0,0.0,0.0,0.0,29.0,0.0,0.0,0.0,0.0,0.0,"solar2_v,lipo2_v"
2022-10-18T08:00:00Z,29.0,29.0,,,,,,,,,,,,,,,4.03,4.029,4.032,,,,232.207,0.0,0.0,,,,,292.276,286.0,300.0,,,0.0,1623.0,1651.0,0.0,0.0,0.0,0.0,0.0,0.0,29.0,0.0,0.0,0.0,29.0,0.0,0.0,0.0,0.0,0.0,"solar2_v,lipo2_v"
2022-10-18T09:00:00Z,29.0,29.0,,,,,,,,,,,,,,,4.03,4.029,4.032,,,,232.069,0.0,0.0,,,,,301.276,298.0,304.0,,,0.0,1652.0,1680.0,0.0,0.0,0.0,0.0,0.0,0.0,29.0,0.0,0.0,0.0,29.0,0.0,0.0,0.0,0.0,0.0,"solar2_v,lipo2_v"
2022-10-18T10:00:00Z,30.0,30.0,,,,,,,,,,,,,,,4.03,4.029,4.032,,,,233.667,0.0,0.0,,,,,283.8,274.0,299.0,,,0.0,1681.0,1710.0,0.0,0.0,0.0,0.0,0.0,0.0,30.0,0.0,0.0,0.0,30.0,0.0,0.0,0.0,0.0,0.0,"solar2_v,lipo2_v"
2022-10-18T11:00:00Z,29.0,29.0,,,,,,,,,,,,,,,4.03,4.029,4.032,,,,233.345,0.0,0.0,,,,,293.931,287.0,300.0,,,0.0,1711.0,1739.0,0.0,0.0,0.0,0.0,0.0,0.0,29.0,0.0,0.0,0.0,29.0,0.0,0.0,0.0,0.0,0.0,"solar2_v,lipo2_v"
2022-10-18T12:00:00Z,24.0,24.0,,,,,,,,,,,,,,,4.03,4.029,4.032,,,,232.625,0.0,0.0,,,,,300.542,300.0,301.0,,,0.0,1740.0,1766.0,0.0,0.0,0.0,0.0,0.0,0.0,24.0,0.0,0.0,0.0,24.0,0.0,0.0,0.0,0.0,0.0,"solar2_v,lipo2_v"
2022-10-18T13:00:00Z,6.0,6.0,,,,,,,,,,,,,,,4.03,4.029,4.032,,,,231.667,0.0,0.0,,,,,301.5,301.0,303.0,,,0.0,1768.0,1786.0,0.0,0.0,0.0,0.0,0.0,0.0,6.0,0.0,0.0,0.0,6.0,0.0,0.0,0.0,0.0,0.0,"solar2_v,lipo2_v"
2022-10-18T14:00:00Z,29.0,29.0,,,,,,,,,,,,,,,4.029,4.027,4.031,,,,231.828,0.0,0.0,,,,,301.414,300.0,306.0,,,0.0,1795.0,1823.0,0.0,0.0,0.0,0.0,0.0,0.0,29.0,0.0,0.0,0.0,29.0,0.0,0.0,0.0,0.0,0.0,"solar2_v,lipo2_v"
2022-10-18T15:00:00Z,29.0,29.0,,,,,,,,,,,,,,,4.029,4.027,4.032,,,,232.414,0.0,0.0,,,,,301.0,301.0,301.0,,,0.0,1824.0,1852.0,0.0,0.0,0.0,0.0,0.0,0.0,29.0,0.0,0.0,0.0,29.0,0.0,0.0,0.0,0.0,0.0,"solar2_v,lipo2_v"
2022-10-18T16:00:00Z,30.0,30.0,,,,,,,,,,,,,,,4.029,4.027,4.032,,,,232.033,0.0,0.0,,,,,301.533,301.0,302.0,,,0.0,1853.0,1882.0,0.0,0.0,0.0,0.0,0.0,0.0,30.0,0.0,0.0,0.0,30.0,0.0,0.0,0.0,0.0,0.0,"solar2_v,lipo2_v"
2022-10-18T17:00:00Z,29.0,29.0,,,,,,,,,,,,,,,4.029,4.027,4.031,,,,232.138,0.0,0.0,,,,,301.31,301.0,302.0,,,0.0,1883.0,1911.0,0.0,0.0,0.0,0.0,0.0,0.0,29.0,0.0,0.0,0.0,29.0,0.0,0.0,0.0,0.0,0.0,"solar2_v,lipo2_v"
2022-10-18T18:00:00Z,29.0,29.0,,,,,,,,,,,,,,,4.028,4.027,4.029,,,,232.414,0.0,0.0,,,,,300.138,300.0,301.0,,,0.0,1912.0,1940.0,0.0,0.0,0.0,0.0,0.0,0.0,29.0,0.0,0.0,0.0,29.0,0.0,0.0,0.0,0.0,0.0,"solar2_v,lipo2_v"
2022-10-18T19:00:00Z,29.0,29.0,,,,,,,,,,,,,,,4.028,4.027,4.029,,,,232.345,0.0,0.0,,,,,300.0,300.0,300.0,,,0.0,1941.0,1969.0,0.0,0.0,0.0,0.0,0.0,0.0,29.0,0.0,0.0,0.0,29.0,0.0,0.0,0.0,0.0,0.0,"solar2_v,lipo2_v"
2022-10-18T20:00:00Z,28.0,28.0,,,,,,,,,,,,,,,4.028,4.027,4.029,,,,232.321,0.0,0.0,,,,,300.0,300.0,300.0,,,0.0,1970.0,1998.0,0.0,0.0,0.0,0.0,0.0,0.0,28.0,0.0,0.0,0.0,28.0,0.0,0.0,0.0,0.0,0.0,"solar2_v,lipo2_v"
2022-10-18T21:00:00Z,30.0,30.0,,,,,,,,,,,,,,,4.028,4.027,4.029,,,,232.567,0.0,0.0,,,,,300.0,300.0,300.0,,,0.0,1999.0,2028.0,0.0,0.0,0.0,0.0,0.0,0.0,30.0,0.0,0.0,0.0,30.0,0.0,0.0,0.0,0.0,0.0,"solar2_v,lipo2_v"
2022-10-18T22:00:00Z,29.0,29.0,,,,,,,,,,,,,,,4.028,4.027,4.029,,,,232.621,0.0,0.0,,,,,300.0,300.0,300.0,,,0.0,2029.0,2057.0,0.0,0.0,0.0,0.0,0.0,0.0,29.0,0.0,0.0,0.0,29.0,0.0,0.0,0.0,0.0,0.0,"solar2_v,lipo2_v"
2022-10-18T23:00:00Z,29.0,29.0,,,,,,,,,,,,,,,4.027,4.027,4.029,,,,232.379,0.0,0.0,,,,,300.0,300.0,300.0,,,0.0,2058.0,2086.0,0.0,0.0,0.0,0.0,0.0,0.0,29.0,0.0,0.0,0.0,29.0,0.0,0.0,0.0,0.0,0.0,"solar2_v,lipo2_v"
2022-10-19T00:00:00Z,29.0,29.0,,,,,,,,,,,,,,,4.028,4.026,4.029,,,,232.207,0.0,0.0,,,,,300.0,300.0,300.0,,,0.0,2087.0,2115.0,0.0,0.0,0.0,0.0,0.0,0.0,29.0,0.0,0.0,0.0,29.0,0.0,0.0,0.0,0.0,0.0,"solar2_v,lipo2_v"
2022-10-19T01:00:00Z,30.0,30.0,,,,,,,,,,,,,,,4.027,4.027,4.029,,,,232.0,0.0,0.0,,,,,300.0,300.0,300.0,,,0.0,2116.0,2145.0,0.0,0.0,0.0,0.0,0.0,0.0,30.0,0.0,0.0,0.0,30.0,0.0,0.0,0.0,0.0,0.0,"solar2_v,lipo2_v"
2022-10-19T02:00:00Z,29.0,29.0,,,,,,,,,,,,,,,4.027,4.026,4.029,,,,232.69,0.0,0.0,,,,,300.0,300.0,300.0,,,0.0,2146.0,2174.0,0.0,0.0,0.0,0.0,0.0,0.0,29.0,0.0,0.0,0.0,29.0,0.0,0.0,0.0,0.0,0.0,"solar2_v,lipo2_v"
2022-10-19T03:00:00Z,29.0,29.0,,,,,,,,,,,,,,,4.027,4.026,4.027,,,,232.276,0.0,0.0,,,,,300.0,300.0,300.0,,,0.0,2175.0,2203.0,0.0,0.0,0.0,0.0,0.0,0.0,29.0,0.0,0.0,0.0,29.0,0.0,0.0,0.0,0.0,0.0,"solar2_v,lipo2_v"
2022-10-19T04:00:00Z,29.0,29.0,,,,,,,,,,,,,,,4.027,4.026,4.029,,,,232.31,0.0,0.0,,,,,300.0,300.0,300.0,,,0.0,2204.0,2232.0,0.0,0.0,0.0,0.0,0.0,0.0,29.0,0.0,0.0,0.0,29.0,0.0,0.0,0.0,0.0,0.0,"solar2_v,lipo2_v"
2022-10-19T05:00:00Z,29.0,29.0,,,,,,,,,,,,,,,4.027,4.026,4.029,,,,232.414,0.0,0.0,,,,,300.379,300.0,301.0,,,0.0,2233.0,2262.0,0.0,0.0,0.0,0.0,0.0,0.0,29.0,0.0,0.0,0.0,29.0,0.0,0.0,0.0,0.0,0.0,"solar2_v,lipo2_v"
2022-10-19T06:00:00Z,29.0,29.0,,,,,,,,,,,,,,,4.027,4.026,4.027,,,,231.966,0.0,0.0,,,,,301.31,301.0,303.0,,,0.0,2263.0,2291.0,0.0,0.0,0.0,0.0,0.0,0.0,29.0,0.0,0.0,0.0,29.0,0.0,0.0,0.0,0.0,0.0,"solar2_v,lipo2_v"
2022-10-19T07:00:00Z,29.0,29.0,,,,,,,,,,,,,,,4.027,4.026,4.027,,,,231.966,0.0,0.0,,,,,301.621,300.0,303.0,,,0.0,2292.0,2320.0,0.0,0.0,0.0,0.0,0.0,0.0,29.0,0.0,0.0,0.0,29.0,0.0,0.0,0.0,0.0,0.0,"solar2_v,lipo2_v"
2022-10-19T08:00:00Z,29.0,29.0,,,,,,,,,,,,,,,4.026,4.024,4.029,,,,232.138,0.0,0.0,,,,,302.138,299.0,306.0,,,0.0,2321.0,2349.0,0.0,0.0,0.0,0.0,0.0,0.0,29.0,0.0,0.0,0.0,29.0,0.0,0.0,0.0,0.0,0.0,"solar2_v,lipo2_v"
2022-10-19T09:00:00Z,29.0,29.0,,,,,,,,,,,,,,,4.026,4.024,4.027,,,,232.276,0.0,0.0,,,,,305.414,304.0,306.0,,,0.0,2350.0,2378.0,0.0,0.0,0.0,0.0,0.0,0.0,29.0,0.0,0.0,0.0,29.0,0.0,0.0,0.0,0.0,0.0,"solar2_v,lipo2_v"
2022-10-19T10:00:00Z,30.0,30.0,,,,,,,,,,,,,,,4.026,4.024,4.027,,,,232.133,0.0,0.0,,,,,305.667,305.0,306.0,,,0.0,2379.0,2408.0,0.0,0.0,0.0,0.0,0.0,0.0,30.0,0.0,0.0,0.0,30.0,0.0,0.0,0.0,0.0,0.0,"solar2_v,lipo2_v"
2022-10-19T11:00:00Z,29.0,29.0,,,,,,,,,,,,,,,4.026,4.024,4.027,,,,232.345,0.0,0.0,,,,,305.586,305.0,306.0,,,0.0,2409.0,2437.0,0.0,0.0,0.0,0.0,0.0,0.0,29.0,0.0,0.0,0.0,29.0,0.0,0.0,0.0,0.0,0.0,"solar2_v,lipo2_v"
2022-10-19T12:00:00Z,29.0,29.0,,,,,,,,,,,,,,,4.026,4.022,4.027,,,,232.241,0.0,0.0,,,,,305.931,305.0,306.0,,,0.0,2438.0,2466.0,0.0,0.0,0.0,0.0,0.0,0.0,29.0,0.0,0.0,0.0,29.0,0.0,0.0,0.0,0.0,0.0,"solar2_v,lipo2_v"
2022-10-19T13:00:00Z,29.0,29.0,,,,,,,,,,,,,,,4.026,4.024,4.027,,,,232.414,0.0,0.0,,,,,306.276,306.0,307.0,,,0.0,2467.0,2495.0,0.0,0.0,0.0,0.0,0.0,0.0,29.0,0.0,0.0,0.0,29.0,0.0,0.0,0.0,0.0,0.0,"solar2_v,lipo2_v"
2022-10-19T14:00:00Z,30.0,30.0,,,,,,,,,,,,,,,4.024,4.022,4.027,,,,232.0,0.0,0.0,,,,,306.0,306.0,306.0,,,0.0,2496.0,2525.0,0.0,0.0,0.0,0.0,0.0,0.0,30.0,0.0,0.0,0.0,30.0,0.0,0.0,0.0,0.0,0.0,"solar2_v,lipo2_v"
2022-10-19T15:00:00Z,29.0,29.0,,,,,,,,,,,,,,,4.025,4.022,4.027,,,,233.517,0.0,0.0,,,,,289.31,274.0,306.0,,,0.0,2526.0,2554.0,0.0,0.0,0.0,0.0,0.0,0.0,29.0,0.0,0.0,0.0,29.0,0.0,0.0,0.0,0.0,0.0,"solar2_v,lipo2_v"
2022-10-19T16:00:00Z,29.0,29.0,,,,,,,,,,,,,,,4.023,4.021,4.026,,,,235.828,0.0,0.0,,,,,272.276,269.0,274.0,,,0.0,2555.0,2583.0,0.0,0.0,0.0,0.0,0.0,0.0,29.0,0.0,0.0,0.0,29.0,0.0,0.0,0.0,0.0,0.0,"solar2_v,lipo2_v"
2022-10-19T17:00:00Z,29.0,29.0,,,,,,,,,,,,,,,4.023,4.019,4.026,,,,236.897,0.0,0.0,,,,,264.241,261.0,272.0,,,0.0,2584.0,2612.0,0.0,0.0,0.0,0.0,0.0,0.0,29.0,0.0,0.0,0.0,29.0,0.0,0.0,0.0,0.0,0.0,"solar2_v,lipo2_v"
2022-10-19T18:00:00Z,30.0,30.0,,,,,,,,,,,,,,,4.022,4.019,4.026,,,,236.233,0.0,0.0,,,,,269.333,261.0,281.0,,,0.0,2613.0,2642.0,0.0,0.0,0.0,0.0,0.0,0.0,30.0,0.0,0.0,0.0,30.0,0.0,0.0,0.0,0.0,0.0,"solar2_v,lipo2_v"
2022-10-19T19:00:00Z,29.0,29.0,,,,,,,,,,,,,,,4.022,4.017,4.026,,,,233.897,0.0,0.0,,,,,286.931,281.0,291.0,,,0.0,2643.0,2671.0,0.0,0.0,0.0,0.0,0.0,0.0,29.0,0.0,0.0,0.0,29.0,0.0,0.0,0.0,0.0,0.0,"solar2_v,lipo2_v"
2022-10-19T20:00:00Z,29.0,29.0,,,,,,,,,,,,,,,4.021,4.017,4.024,,,,233.172,0.0,0.0,,,,,293.517,284.0,296.0,,,0.0,2672.0,2700.0,0.0,0.0,0.0,0.0,0.0,0.0,29.0,0.0,0.0,0.0,29.0,0.0,0.0,0.0,0.0,0.0,"solar2_v,lipo2_v"
2022-10-19T21:00:00Z,29.0,29.0,,,,,,,,,,,,,,,4.021,4.016,4.024,,,,232.897,0.0,0.0,,,,,298.034,296.0,300.0,,,0.0,2701.0,2729.0,0.0,0.0,0.0,0.0,0.0,0.0,29.0,0.0,0.0,0.0,29.0,0.0,0.0,0.0,0.0,0.0,"solar2_v,lipo2_v"
2022-10-19T22:00:00Z,29.0,29.0,,,,,,,,,,,,,,,4.019,4.016,4.022,,,,233.483,0.0,0.0,,,,,287.897,271.0,300.0,,,0.0,2730.0,2758.0,0.0,0.0,0.0,0.0,0.0,0.0,29.0,0.0,0.0,0.0,29.0,0.0,0.0,0.0,0.0,0.0,"solar2_v,lipo2_v"
2022-10-19T23:00:00Z,30.0,30.0,,,,,,,,,,,,,,,4.017,4.014,4.022,,,,235.367,0.0,0.0,,,,,271.267,267.0,282.0,,,0.0,2759.0,2788.0,0.0,0.0,0.0,0.0,0.0,0.0,30.0,0.0,0.0,0.0,30.0,0.0,0.0,0.0,0.0,0.0,"solar2_v,lipo2_v"
2022-10-20T00:00:00Z,29.0,29.0,,,,,,,,,,,,,,,4.018,4.016,4.021,,,,234.138,0.0,0.0,,,,,282.862,258.0,292.0,,,0.0,2789.0,2817.0,0.0,0.0,0.0,0.0,0.0,0.0,29.0,0.0,0.0,0.0,29.0,0.0,0.0,0.0,0.0,0.0,"solar2_v,lipo2_v"
2022-10-20T01:00:00Z,29.0,29.0,,,,,,,,,,,,,,,4.017,4.014,4.021,,,,233.207,0.0,0.0,,,,,291.621,284.0,296.0,,,0.0,2818.0,2846.0,0.0,0.0,0.0,0.0,0.0,0.0,29.0,0.0,0.0,0.0,29.0,0.0,0.0,0.0,0.0,0.0,"solar2_v,lipo2_v"
2022-10-20T02:00:00Z,29.0,29.0,,,,,,,,,,,,,,,4.016,4.014,4.021,,,,233.448,0.0,0.0,,,,,297.586,295.0,300.0,,,0.0,2847.0,2875.0,0.0,0.0,0.0,0.0,0.0,0.0,29.0,0.0,0.0,0.0,29.0,0.0,0.0,0.0,0.0,0.0,"solar2_v,lipo2_v"
2022-10-20T03:00:00Z,30.0,30.0,,,,,,,,,,,,,,,4.016,4.014,4.021,,,,232.7,0.0,0.0,,,,,300.6,300.0,301.0,,,0.0,2876.0,2905.0,0.0,0.0,0.0,0.0,0.0,0.0,30.0,0.0,0.0,0.0,30.0,0.0,0.0,0.0,0.0,0.0,"solar2_v,lipo2_v"
2022-10-20T04:00:00Z,29.0,29.0,,,,,,,,,,,,,,,4.016,4.014,4.021,,,,232.966,0.0,0.0,,,,,299.69,297.0,300.0,,,0.0,2906.0,2934.0,0.0,0.0,0.0,0.0,0.0,0.0,29.0,0.0,0.0,0.0,29.0,0.0,0.0,0.0,0.0,0.0,"solar2_v,lipo2_v"
2022-10-20T05:00:00Z,29.0,29.0,,,,,,,,,,,,,,,4.015,4.012,4.019,,,,233.069,0.0,0.0,,,,,299.931,299.0,300.0,,,0.0,2935.0,2963.0,0.0,0.0,0.0,0.0,0.0,0.0,29.0,0.0,0.0,0.0,29.0,0.0,0.0,0.0,0.0,0.0,"solar2_v,lipo2_v"
2022-10-20T06:00:00Z,29.0,29.0,,,,,,,,,,,,,,,4.014,4.011,4.019,,,,233.241,0.0,0.0,,,,,298.966,296.0,300.0,,,0.0,2964.0,2992.0,0.0,0.0,0.0,0.0,0.0,0.0,29.0,0.0,0.0,0.0,29.0,0.0,0.0,0.0,0.0,0.0,"solar2_v,lipo2_v"
2022-10-20T07:00:00Z,30.0,30.0,,,,,,,,,,,,,,,4.014,4.011,4.019,,,,232.633,0.0,0.0,,,,,299.267,297.0,300.0,,,0.0,2993.0,3022.0,0.0,0.0,0.0,0.0,0.0,0.0,30.0,0.0,0.0,0.0,30.0,0.0,0.0,0.0,0.0,0.0,"solar2_v,lipo2_v"
2022-10-20T08:00:00Z,29.0,29.0,,,,,,,,,,,,,,,4.013,4.011,4.017,,,,233.138,0.0,0.0,,,,,291.138,281.0,297.0,,,0.0,3023.0,3051.0,0.0,0.0,0.0,0.0,0.0,0.0,29.0,0.0,0.0,0.0,29.0,0.0,0.0,0.0,0.0,0.0,"solar2_v,lipo2_v"
2022-10-20T09:00:00Z,29.0,29.0,,,,,,,,,,,,,,,4.012,4.009,4.016,,,,232.897,0.0,0.0,,,,,286.621,279.0,295.0,,,0.0,3052.0,3080.0,0.0,0.0,0.0,0.0,0.0,0.0,29.0,0.0,0.0,0.0,29.0,0.0,0.0,0.0,0.0,0.0,"solar2_v,lipo2_v"
2022-10-20T10:00:00Z,29.0,29.0,,,,,,,,,,,,,,,4.012,4.009,4.016,,,,232.828,0.0,0.0,,,,,288.034,286.0,292.0,,,0.0,3081.0,3109.0,0.0,0.0,0.0,0.0,0.0,0.0,29.0,0.0,0.0,0.0,29.0,0.0,0.0,0.0,0.0,0.0,"solar2_v,lipo2_v"
2022-10-20T11:00:00Z,29.0,29.0,,,,,,,,,,,,,,,4.012,4.009,4.016,,,,232.586,0.0,0.0,,,,,285.586,283.0,286.0,,,0.0,3110.0,3138.0,0.0,0.0,0.0,0.0,0.0,0.0,29.0,0.0,0.0,0.0,29.0,0.0,0.0,0.0,0.0,0.0,"solar2_v,lipo2_v"
2022-10-20T12:00:00Z,30.0,30.0,,,,,,,,,,,,,,,4.01,4.007,4.014,,,,232.6,0.0,0.0,,,,,288.9,286.0,291.0,,,0.0,3139.0,3168.0,0.0,0.0,0.0,0.0,0.0,0.0,30.0,0.0,0.0,0.0,30.0,0.0,0.0,0.0,0.0,0.0,"solar2_v,lipo2_v"
2022-10-20T13:00:00Z,29.0,29.0,,,,,,,,,,,,,,,4.01,4.007,4.014,,,,232.724,0.0,0.0,,,,,290.828,288.0,294.0,,,0.0,3169.0,3197.0,0.0,0.0,0.0,0.0,0.0,0.0,29.0,0.0,0.0,0.0,29.0,0.0,0.0,0.0,0.0,0.0,"solar2_v,lipo2_v"
2022-10-20T14:00:00Z,28.0,28.0,,,,,,,,,,,,,,,4.008,4.006,4.012,,,,232.857,0.0,0.0,,,,,300.536,288.0,301.0,,,0.0,3198.0,3226.0,0.0,0.0,0.0,0.0,0.0,0.0,28.0,0.0,0.0,0.0,28.0,0.0,0.0,0.0,0.0,0.0,"solar2_v,lipo2_v"
2022-10-20T15:00:00Z,29.0,29.0,,,,,,,,,,,,,,,4.008,4.006,4.011,,,,232.862,0.0,0.0,,,,,300.379,300.0,301.0,,,0.0,3227.0,3255.0,0.0,0.0,0.0,0.0,0.0,0.0,29.0,0.0,0.0,0.0,29.0,0.0,0.0,0.0,0.0,0.0,"solar2_v,lipo2_v"
2022-10-20T16:00:00Z,30.0,30.0,,,,,,,,,,,,,,,4.007,4.004,4.011,,,,233.2,0.0,0.0,,,,,300.033,300.0,301.0,,,0.0,3256.0,3285.0,0.0,0.0,0.0,0.0,0.0,0.0,30.0,0.0,0.0,0.0,30.0,0.0,0.0,0.0,0.0,0.0,"solar2_v,lipo2_v"
2022-10-20T17:00:00Z,29.0,29.0,,,,,,,,,,,,,,,4.007,4.004,4.011,,,,233.172,0.0,0.0,,,,,299.586,299.0,300.0,,,0.0,3286.0,3314.0,0.0,0.0,0.0,0.0,0.0,0.0,29.0,0.0,0.0,0.0,29.0,0.0,0.0,0.0,0.0,0.0,"solar2_v,lipo2_v"
2022-10-20T18:00:00Z,29.0,29.0,,,,,,,,,,,,,,,4.005,4.003,4.007,,,,233.069,0.0,0.0,,,,,298.862,298.0,300.0,,,0.0,3315.0,3343.0,0.0,0.0,0.0,0.0,0.0,0.0,29.0,0.0,0.0,0.0,29.0,0.0,0.0,0.0,0.0,0.0,"solar2_v,lipo2_v"
2022-10-20T19:00:00Z,29.0,29.0,,,,,,,,,,,,,,,4.005,4.003,4.009,,,,233.448,0.0,0.0,,,,,298.483,298.0,299.0,,,0.0,3344.0,3372.0,0.0,0.0,0.0,0.0,0.0,0.0,29.0,0.0,0.0,0.0,29.0,0.0,0.0,0.0,0.0,0.0,"solar2_v,lipo2_v"
2022-10-20T20:00:00Z,29.0,29.0,,,,,,,,,,,,,,,4.005,4.003,4.007,,,,232.862,0.0,0.0,,,,,298.172,297.0,299.0,,,0.0,3373.0,3401.0,0.0,0.0,0.0,0.0,0.0,0.0,29.0,0.0,0.0,0.0,29.0,0.0,0.0,0.0,0.0,0.0,"solar2_v,lipo2_v"
2022-10-20T21:00:00Z,30.0,30.0,,,,,,,,,,,,,,,4.004,4.001,4.007,,,,233.067,0.0,0.0,,,,,298.067,297.0,299.0,,,0.0,3402.0,3431.0,0.0,0.0,0.0,0.0,0.0,0.0,30.0,0.0,0.0,0.0,30.0,0.0,0.0,0.0,0.0,0.0,"solar2_v,lipo2_v"
2022-10-20T22:00:00Z,29.0,29.0,,,,,,,,,,,,,,,4.004,4.001,4.007,,,,232.966,0.0,0.0,,,,,298.241,297.0,299.0,,,0.0,3432.0,3460.0,0.0,0.0,0.0,0.0,0.0,0.0,29.0,0.0,0.0,0.0,29.0,0.0,0.0,0.0,0.0,0.0,"solar2_v,lipo2_v"
2022-10-20T23:00:00Z,29.0,29.0,,,,,,,,,,,,,,,4.002,3.999,4.006,,,,233.069,0.0,0.0,,,,,300.0,299.0,301.0,,,0.0,3461.0,3489.0,0.0,0.0,0.0,0.0,0.0,0.0,29.0,0.0,0.0,0.0,29.0,0.0,0.0,0.0,0.0,0.0,"solar2_v,lipo2_v"
2022-10-21T00:00:00Z,29.0,29.0,,,,,,,,,,,,,,,4.002,3.999,4.004,,,,232.69,0.0,0.0,,,,,301.0,301.0,301.0,,,0.0,3490.0,3518.0,0.0,0.0,0.0,0.0,0.0,0.0,29.0,0.0,0.0,0.0,29.0,0.0,0.0,0.0,0.0,0.0,"solar2_v,lipo2_v"
2022-10-21T01:00:00Z,30.0,30.0,,,,,,,,,,,,,,,4.0,3.999,4.003,,,,232.633,0.0,0.0,,,,,302.267,301.0,304.0,,,0.0,3519.0,3548.0,0.0,0.0,0.0,0.0,0.0,0.0,30.0,0.0,0.0,0.0,30.0,0.0,0.0,0.0,0.0,0.0,"solar2_v,lipo2_v"
2022-10-21T02:00:00Z,29.0,29.0,,,,,,,,,,,,,,,4.0,3.999,4.003,,,,232.0,0.0,0.0,,,,,305.69,304.0,307.0,,,0.0,3549.0,3577.0,0.0,0.0,0.0,0.0,0.0,0.0,29.0,0.0,0.0,0.0,29.0,0.0,0.0,0.0,0.0,0.0,"solar2_v,lipo2_v"
2022-10-21T03:00:00Z,29.0,29.0,,,,,,,,,,,,,,,3.999,3.998,4.001,,,,232.034,0.0,0.0,,,,,307.103,306.0,308.0,,,0.0,3578.0,3606.0,0.0,0.0,0.0,0.0,0.0,0.0,29.0,0.0,0.0,0.0,29.0,0.0,0.0,0.0,0.0,0.0,"solar2_v,lipo2_v"
2022-10-21T04:00:00Z,29.0,29.0,,,,,,,,,,,,,,,4.0,3.998,4.001,,,,231.862,0.0,0.0,,,,,310.586,308.0,313.0,,,0.0,3607.0,3635.0,0.0,0.0,0.0,0.0,0.0,0.0,29.0,0.0,0.0,0.0,29.0,0.0,0.0,0.0,0.0,0.0,"solar2_v,lipo2_v"
2022-10-21T05:00:00Z,30.0,30.0,,,,,,,,,,,,,,,3.999,3.998,4.001,,,,231.933,0.0,0.0,,,,,312.0,305.0,314.0,,,0.0,3636.0,3665.0,0.0,0.0,0.0,0.0,0.0,0.0,30.0,0.0,0.0,0.0,30.0,0.0,0.0,0.0,0.0,0.0,"solar2_v,lipo2_v"
2022-10-21T06:00:00Z,19.0,19.0,,,,,,,,,,,,,,,3.998,3.994,3.999,,,,231.526,0.0,0.0,,,,,313.526,313.0,314.0,,,0.0,3666.0,3693.0,0.0,0.0,0.0,0.0,0.0,0.0,19.0,0.0,0.0,0.0,19.0,0.0,0.0,0.0,0.0,0.0,"solar2_v,lipo2_v"
2022-10-21T07:00:00Z,25.0,25.0,,,,,,,,,,,,,,,3.996,3.993,3.998,,,,231.72,0.0,0.0,,,,,313.36,313.0,314.0,,,0.0,3697.0,3721.0,0.0,0.0,0.0,0.0,0.0,0.0,25.0,0.0,0.0,0.0,25.0,0.0,0.0,0.0,0.0,0.0,"solar2_v,lipo2_v"
2022-10-21T08:00:00Z,26.0,26.0,,,,,,,,,,,,,,,3.995,3.993,3.999,,,,231.423,0.0,0.0,,,,,312.923,312.0,314.0,,,0.0,3722.0,3750.0,0.0,0.0,0.0,0.0,0.0,0.0,26.0,0.0,0.0,0.0,26.0,0.0,0.0,0.0,0.0,0.0,"solar2_v,lipo2_v"
2022-10-21T09:00:00Z,29.0,29.0,,,,,,,,,,,,,,,3.993,3.989,3.996,,,,231.897,0.0,0.0,,,,,310.655,309.0,312.0,,,0.0,3751.0,3780.0,0.0,0.0,0.0,0.0,0.0,0.0,29.0,0.0,0.0,0.0,29.0,0.0,0.0,0.0,0.0,0.0,"solar2_v,lipo2_v"
2022-10-21T10:00:00Z,29.0,29.0,,,,,,,,,,,,,,,3.992,3.988,3.996,,,,232.0,0.0,0.0,,,,,308.31,307.0,310.0,,,0.0,3781.0,3809.0,0.0,0.0,0.0,0.0,0.0,0.0,29.0,0.0,0.0,0.0,29.0,0.0,0.0,0.0,0.0,0.0,"solar2_v,lipo2_v"
2022-10-21T11:00:00Z,29.0,29.0,,,,,,,,,,,,,,,3.991,3.988,3.996,,,,232.103,0.0,0.0,,,,,307.862,307.0,309.0,,,0.0,3810.0,3838.0,0.0,0.0,0.0,0.0,0.0,0.0,29.0,0.0,0.0,0.0,29.0,0.0,0.0,0.0,0.0,0.0,"solar2_v,lipo2_v"
2022-10-21T12:00:00Z,29.0,29.0,,,,,,,,,,,,,,,3.989,3.986,3.993,,,,232.483,0.0,0.0,,,,,307.241,307.0,308.0,,,0.0,3839.0,3867.0,0.0,0.0,0.0,0.0,0.0,0.0,29.0,0.0,0.0,0.0,29.0,0.0,0.0,0.0,0.0,0.0,"solar2_v,lipo2_v"
2022-10-21T13:00:00Z,29.0,29.0,,,,,,,,,,,,,,,3.987,3.984,3.993,,,,231.931,0.0,0.0,,,,,306.586,306.0,307.0,,,0.0,3868.0,3896.0,0.0,0.0,0.0,0.0,0.0,0.0,29.0,0.0,0.0,0.0,29.0,0.0,0.0,0.0,0.0,0.0,"solar2_v,lipo2_v"
2022-10-21T14:00:00Z,30.0,30.0,,,,,,,,,,,,,,,3.987,3.984,3.991,,,,231.9,0.0,0.0,,,,,306.067,306.0,307.0,,,0.0,3897.0,3926.0,0.0,0.0,0.0,0.0,0.0,0.0,30.0,0.0,0.0,0.0,30.0,0.0,0.0,0.0,0.0,0.0,"solar2_v,lipo2_v"
2022-10-21T15:00:00Z,29.0,29.0,,,,,,,,,,,,,,,3.985,3.983,3.989,,,,232.0,0.0,0.0,,,,,306.241,306.0,307.0,,,0.0,3927.0,3955.0,0.0,0.0,0.0,0.0,0.0,0.0,29.0,0.0,0.0,0.0,29.0,0.0,0.0,0.0,0.0,0.0,"solar2_v,lipo2_v"
2022-10-21T16:00:00Z,29.0,29.0,,,,,,,,,,,,,,,3.984,3.981,3.988,,,,232.034,0.0,0.0,,,,,306.828,306.0,307.0,,,0.0,3956.0,3984.0,0.0,0.0,0.0,0.0,0.0,0.0,29.0,0.0,0.0,0.0,29.0,0.0,0.0,0.0,0.0,0.0,"solar2_v,lipo2_v"
2022-10-21T17:00:00Z,29.0,29.0,,,,,,,,,,,,,,,3.982,3.979,3.988,,,,232.0,0.0,0.0,,,,,307.034,306.0,308.0,,,0.0,3985.0,4013.0,0.0,0.0,0.0,0.0,0.0,0.0,29.0,0.0,0.0,0.0,29.0,0.0,0.0,0.0,0.0,0.0,"solar2_v,lipo2_v"
2022-10-21T18:00:00Z,30.0,30.0,,,,,,,,,,,,,,,3.981,3.979,3.984,,,,232.267,0.0,0.0,,,,,305.5,304.0,306.0,,,0.0,4014.0,4043.0,0.0,0.0,0.0,0.0,0.0,0.0,30.0,0.0,0.0,0.0,30.0,0.0,0.0,0.0,0.0,0.0,"solar2_v,lipo2_v"
2022-10-21T19:00:00Z,29.0,29.0,,,,,,,,,,,,,,,3.98,3.978,3.983,,,,232.31,0.0,0.0,,,,,302.655,301.0,304.0,,,0.0,4044.0,4072.0,0.0,0.0,0.0,0.0,0.0,0.0,29.0,0.0,0.0,0.0,29.0,0.0,0.0,0.0,0.0,0.0,"solar2_v,lipo2_v"
2022-10-21T20:00:00Z,29.0,29.0,,,,,,,,,,,,,,,3.978,3.976,3.981,,,,232.483,0.0,0.0,,,,,301.034,301.0,302.0,,,0.0,4073.0,4101.0,0.0,0.0,0.0,0.0,0.0,0.0,29.0,0.0,0.0,0.0,29.0,0.0,0.0,0.0,0.0,0.0,"solar2_v,lipo2_v"
2022-10-21T21:00:00Z,29.0,29.0,,,,,,,,,,,,,,,3.977,3.976,3.978,,,,232.345,0.0,0.0,,,,,301.0,301.0,301.0,,,0.0,4102.0,4130.0,0.0,0.0,0.0,0.0,0.0,0.0,29.0,0.0,0.0,0.0,29.0,0.0,0.0,0.0,0.0,0.0,"solar2_v,lipo2_v"
2022-10-21T22:00:00Z,28.0,28.0,,,,,,,,,,,,,,,3.976,3.974,3.979,,,,232.5,0.0,0.0,,,,,300.964,300.0,301.0,,,0.0,4131.0,4159.0,0.0,0.0,0.0,0.0,0.0,0.0,28.0,0.0,0.0,0.0,28.0,0.0,0.0,0.0,0.0,0.0,"solar2_v,lipo2_v"
2022-10-21T23:00:00Z,30.0,30.0,,,,,,,,,,,,,,,3.975,3.974,3.978,,,,232.867,0.0,0.0,,,,,300.967,300.0,301.0,,,0.0,4160.0,4189.0,0.0,0.0,0.0,0.0,0.0,0.0,30.0,0.0,0.0,0.0,30.0,0.0,0.0,0.0,0.0,0.0,"solar2_v,lipo2_v"
2022-10-22T00:00:00Z,29.0,29.0,,,,,,,,,,,,,,,3.974,3.974,3.976,,,,232.621,0.0,0.0,,,,,301.0,301.0,301.0,,,0.0,4190.0,4218.0,0.0,0.0,0.0,0.0,0.0,0.0,29.0,0.0,0.0,0.0,29.0,0.0,0.0,0.0,0.0,0.0,"solar2_v,lipo2_v"
2022-10-22T01:00:00Z,28.0,28.0,,,,,,,,,,,,,,,3.975,3.974,3.976,,,,232.321,0.0,0.0,,,,,302.179,301.0,304.0,,,0.0,4219.0,4247.0,0.0,0.0,0.0,0.0,0.0,0.0,28.0,0.0,0.0,0.0,28.0,0.0,0.0,0.0,0.0,0.0,"solar2_v,lipo2_v"
2022-10-22T02:00:00Z,29.0,29.0,,,,,,,,,,,,,,,3.974,3.971,3.974,,,,232.172,0.0,0.0,,,,,305.31,303.0,306.0,,,0.0,4248.0,4276.0,0.0,0.0,0.0,0.0,0.0,0.0,29.0,0.0,0.0,0.0,29.0,0.0,0.0,0.0,0.0,0.0,"solar2_v,lipo2_v"
2022-10-22T03:00:00Z,29.0,29.0,,,,,,,,,,,,,,,3.973,3.971,3.974,,,,232.345,0.0,0.0,,,,,307.345,306.0,310.0,,,0.0,4277.0,4305.0,0.0,0.0,0.0,0.0,0.0,0.0,29.0,0.0,0.0,0.0,29.0,0.0,0.0,0.0,0.0,0.0,"solar2_v,lipo2_v"
2022-10-22T04:00:00Z,32.0,32.0,,,,,,,,,,,,,,,3.972,3.97,3.974,,,,246.213,1332.562,15009.0,,,,,293.276,275.0,310.0,,,23.69,4306.0,4335.0,0.0,0.0,0.0,0.0,0.0,0.0,29.0,0.0,0.0,0.0,32.0,3.0,0.0,0.0,0.0,0.0,"solar2_v,lipo2_v"
2022-10-22T05:00:00Z,29.0,29.0,,,,,,,,,,,,,,,3.97,3.966,3.973,,,,233.552,0.0,0.0,,,,,258.379,235.0,280.0,,,0.0,4336.0,4364.0,0.0,0.0,0.0,0.0,0.0,0.0,29.0,0.0,0.0,0.0,29.0,0.0,0.0,0.0,0.0,0.0,"solar2_v,lipo2_v"
2022-10-22T06:00:00Z,29.0,29.0,,,,,,,,,,,,,,,3.968,3.966,3.971,,,,233.138,0.0,0.0,,,,,275.793,235.0,301.0,,,0.0,4365.0,4393.0,0.0,0.0,0.0,0.0,0.0,0.0,29.0,0.0,0.0,0.0,29.0,0.0,0.0,0.0,0.0,0.0,"solar2_v,lipo2_v"
2022-10-22T07:00:00Z,29.0,29.0,,,,,,,,,,,,,,,3.967,3.963,3.971,,,,232.931,0.0,0.0,,,,,256.379,232.0,301.0,,,0.0,4394.0,4422.0,0.0,0.0,0.0,0.0,0.0,0.0,29.0,0.0,0.0,0.0,29.0,0.0,0.0,0.0,0.0,0.0,"solar2_v,lipo2_v"
2022-10-22T08:00:00Z,30.0,30.0,,,,,,,,,,,,,,,3.965,3.961,3.968,,,,234.267,0.0,0.0,,,,,280.367,272.0,287.0,,,0.0,4423.0,4452.0,0.0,0.0,0.0,0.0,0.0,0.0,30.0,0.0,0.0,0.0,30.0,0.0,0.0,0.0,0.0,0.0,"solar2_v,lipo2_v"
2022-10-22T09:00:00Z,29.0,29.0,,,,,,,,,,,,,,,3.963,3.96,3.966,,,,235.621,0.0,0.0,,,,,270.517,256.0,277.0,,,0.0,4453.0,4481.0,0.0,0.0,0.0,0.0,0.0,0.0,29.0,0.0,0.0,0.0,29.0,0.0,0.0,0.0,0.0,0.0,"solar2_v,lipo2_v"
2022-10-22T10:00:00Z,29.0,29.0,,,,,,,,,,,,,,,3.961,3.958,3.965,,,,234.034,0.0,0.0,,,,,281.034,247.0,291.0,,,0.0,4482.0,4510.0,0.0,0.0,0.0,0.0,0.0,0.0,29.0,0.0,0.0,0.0,29.0,0.0,0.0,0.0,0.0,0.0,"solar2_v,lipo2_v"
2022-10-22T11:00:00Z,29.0,29.0,,,,,,,,,,,,,,,3.959,3.956,3.961,,,,233.241,0.0,0.0,,,,,283.552,239.0,296.0,,,0.0,4511.0,4539.0,0.0,0.0,0.0,0.0,0.0,0.0,29.0,0.0,0.0,0.0,29.0,0.0,0.0,0.0,0.0,0.0,"solar2_v,lipo2_v"
2022-10-22T12:00:00Z,30.0,30.0,,,,,,,,,,,,,,,3.958,3.955,3.961,,,,233.2,0.0,0.0,,,,,269.233,238.0,300.0,,,0.0,4540.0,4569.0,0.0,0.0,0.0,0.0,0.0,0.0,30.0,0.0,0.0,0.0,30.0,0.0,0.0,0.0,0.0,0.0,"solar2_v,lipo2_v"
2022-10-22T13:00:00Z,29.0,29.0,,,,,,,,,,,,,,,3.956,3.953,3.96,,,,232.828,0.0,0.0,,,,,284.966,258.0,301.0,,,0.0,4570.0,4598.0,0.0,0.0,0.0,0.0,0.0,0.0,29.0,0.0,0.0,0.0,29.0,0.0,0.0,0.0,0.0,0.0,"solar2_v,lipo2_v"
2022-10-22T14:00:00Z,29.0,29.0,,,,,,,,,,,,,,,3.954,3.951,3.956,,,,232.483,0.0,0.0,,,,,295.207,284.0,301.0,,,0.0,4599.0,4627.0,0.0,0.0,0.0,0.0,0.0,0.0,29.0,0.0,0.0,0.0,29.0,0.0,0.0,0.0,0.0,0.0,"solar2_v,lipo2_v"
2022-10-22T15:00:00Z,29.0,29.0,,,,,,,,,,,,,,,3.953,3.95,3.958,,,,232.69,0.0,0.0,,,,,301.0,301.0,301.0,,,0.0,4628.0,4656.0,0.0,0.0,0.0,0.0,0.0,0.0,29.0,0.0,0.0,0.0,29.0,0.0,0.0,0.0,0.0,0.0,"solar2_v,lipo2_v"
2022-10-22T16:00:00Z,29.0,29.0,,,,,,,,,,,,,,,3.952,3.95,3.953,,,,232.241,0.0,0.0,,,,,301.0,301.0,301.0,,,0.0,4657.0,4685.0,0.0,0.0,0.0,0.0,0.0,0.0,29.0,0.0,0.0,0.0,29.0,0.0,0.0,0.0,0.0,0.0,"solar2_v,lipo2_v"
2022-10-22T17:00:00Z,30.0,30.0,,,,,,,,,,,,,,,3.951,3.948,3.955,,,,232.767,0.0,0.0,,,,,301.0,301.0,301.0,,,0.0,4686.0,4715.0,0.0,0.0,0.0,0.0,0.0,0.0,30.0,0.0,0.0,0.0,30.0,0.0,0.0,0.0,0.0,0.0,"solar2_v,lipo2_v"
2022-10-22T18:00:00Z,29.0,29.0,,,,,,,,,,,,,,,3.949,3.946,3.953,,,,232.793,0.0,0.0,,,,,300.414,300.0,301.0,,,0.0,4716.0,4744.0,0.0,0.0,0.0,0.0,0.0,0.0,29.0,0.0,0.0,0.0,29.0,0.0,0.0,0.0,0.0,0.0,"solar2_v,lipo2_v"
2022-10-22T19:00:00Z,29.0,29.0,,,,,,,,,,,,,,,3.947,3.945,3.95,,,,233.034,0.0,0.0,,,,,300.138,300.0,301.0,,,0.0,4745.0,4773.0,0.0,0.0,0.0,0.0,0.0,0.0,29.0,0.0,0.0,0.0,29.0,0.0,0.0,0.0,0.0,0.0,"solar2_v,lipo2_v"
2022-10-22T20:00:00Z,29.0,29.0,,,,,,,,,,,,,,,3.946,3.943,3.948,,,,232.655,0.0,0.0,,,,,300.034,300.0,301.0,,,0.0,4774.0,4802.0,0.0,0.0,0.0,0.0,0.0,0.0,29.0,0.0,0.0,0.0,29.0,0.0,0.0,0.0,0.0,0.0,"solar2_v,lipo2_v"
2022-10-22T21:00:00Z,29.0,29.0,,,,,,,,,,,,,,,3.945,3.941,3.946,,,,233.241,0.0,0.0,,,,,300.0,300.0,300.0,,,0.0,4803.0,4831.0,0.0,0.0,0.0,0.0,0.0,0.0,29.0,0.0,0.0,0.0,29.0,0.0,0.0,0.0,0.0,0.0,"solar2_v,lipo2_v"
2022-10-22T22:00:00Z,30.0,30.0,,,,,,,,,,,,,,,3.943,3.94,3.946,,,,232.833,0.0,0.0,,,,,299.667,299.0,300.0,,,0.0,4832.0,4861.0,0.0,0.0,0.0,0.0,0.0,0.0,30.0,0.0,0.0,0.0,30.0,0.0,0.0,0.0,0.0,0.0,"solar2_v,lipo2_v"
2022-10-22T23:00:00Z,29.0,29.0,,,,,,,,,,,,,,,3.942,3.938,3.945,,,,232.966,0.0,0.0,,,,,299.793,299.0,300.0,,,0.0,4862.0,4890.0,0.0,0.0,0.0,0.0,0.0,0.0,29.0,0.0,0.0,0.0,29.0,0.0,0.0,0.0,0.0,0.0,"solar2_v,lipo2_v"
2022-10-23T00:00:00Z,29.0,29.0,,,,,,,,,,,,,,,3.94,3.937,3.943,,,,232.448,0.0,0.0,,,,,300.448,300.0,301.0,,,0.0,4891.0,4919.0,0.0,0.0,0.0,0.0,0.0,0.0,29.0,0.0,0.0,0.0,29.0,0.0,0.0,0.0,0.0,0.0,"solar2_v,lipo2_v"
2022-10-23T01:00:00Z,29.0,29.0,,,,,,,,,,,,,,,3.939,3.937,3.943,,,,232.448,0.0,0.0,,,,,301.0,301.0,301.0,,,0.0,4920.0,4948.0,0.0,0.0,0.0,0.0,0.0,0.0,29.0,0.0,0.0,0.0,29.0,0.0,0.0,0.0,0.0,0.0,"solar2_v,lipo2_v"
2022-10-23T02:00:00Z,30.0,30.0,,,,,,,,,,,,,,,3.935,3.933,3.94,,,,234.267,0.0,0.0,,,,,279.667,264.0,301.0,,,0.0,4949.0,4978.0,0.0,0.0,0.0,0.0,0.0,0.0,30.0,0.0,0.0,0.0,30.0,0.0,0.0,0.0,0.0,0.0,"solar2_v,lipo2_v"
2022-10-23T03:00:00Z,29.0,29.0,,,,,,,,,,,,,,,3.934,3.932,3.937,,,,235.966,0.0,0.0,,,,,266.586,253.0,273.0,,,0.0,4979.0,5007.0,0.0,0.0,0.0,0.0,0.0,0.0,29.0,0.0,0.0,0.0,29.0,0.0,0.0,0.0,0.0,0.0,"solar2_v,lipo2_v"
2022-10-23T04:00:00Z,29.0,29.0,,,,,,,,,,,,,,,3.933,3.928,3.937,,,,235.655,0.0,0.0,,,,,271.655,259.0,273.0,,,0.0,5008.0,5036.0,0.0,0.0,0.0,0.0,0.0,0.0,29.0,0.0,0.0,0.0,29.0,0.0,0.0,0.0,0.0,0.0,"solar2_v,lipo2_v"
2022-10-23T05:00:00Z,29.0,29.0,,,,,,,,,,,,,,,3.929,3.925,3.933,,,,236.0,0.0,0.0,,,,,244.897,231.0,268.0,,,0.0,5037.0,5065.0,0.0,0.0,0.0,0.0,0.0,0.0,29.0,0.0,0.0,0.0,29.0,0.0,0.0,0.0,0.0,0.0,"solar2_v,lipo2_v"
2022-10-23T06:00:00Z,29.0,29.0,,,,,,,,,,,,,,,3.93,3.927,3.933,,,,235.069,0.0,0.0,,,,,279.034,243.0,291.0,,,0.0,5066.0,5094.0,0.0,0.0,0.0,0.0,0.0,0.0,29.0,0.0,0.0,0.0,29.0,0.0,0.0,0.0,0.0,0.0,"solar2_v,lipo2_v"
2022-10-23T07:00:00Z,18.0,18.0,,,,,,,,,,,,,,,3.928,3.927,3.93,,,,232.944,0.0,0.0,,,,,290.667,274.0,299.0,,,0.0,5095.0,5122.0,0.0,0.0,0.0,0.0,0.0,0.0,18.0,0.0,0.0,0.0,18.0,0.0,0.0,0.0,0.0,0.0,"solar2_v,lipo2_v"
2022-10-23T08:00:00Z,13.0,13.0,,,,,,,,,,,,,,,3.925,3.923,3.927,,,,232.846,0.0,0.0,,,,,298.538,297.0,300.0,,,0.0,5138.0,5150.0,0.0,0.0,0.0,0.0,0.0,0.0,13.0,0.0,0.0,0.0,13.0,0.0,0.0,0.0,0.0,0.0,"solar2_v,lipo2_v"
2022-10-23T09:00:00Z,29.0,29.0,,,,,,,,,,,,,,,3.924,3.923,3.927,,,,233.0,0.0,0.0,,,,,297.552,297.0,298.0,,,0.0,5151.0,5179.0,0.0,0.0,0.0,0.0,0.0,0.0,29.0,0.0,0.0,0.0,29.0,0.0,0.0,0.0,0.0,0.0,"solar2_v,lipo2_v"
2022-10-23T10:00:00Z,30.0,30.0,,,,,,,,,,,,,,,3.924,3.923,3.927,,,,233.167,0.0,0.0,,,,,298.6,297.0,299.0,,,0.0,5180.0,5209.0,0.0,0.0,0.0,0.0,0.0,0.0,30.0,0.0,0.0,0.0,30.0,0.0,0.0,0.0,0.0,0.0,"solar2_v,lipo2_v"
2022-10-23T11:00:00Z,29.0,29.0,,,,,,,,,,,,,,,3.923,3.922,3.925,,,,232.793,0.0,0.0,,,,,299.862,299.0,300.0,,,0.0,5210.0,5238.0,0.0,0.0,0.0,0.0,0.0,0.0,29.0,0.0,0.0,0.0,29.0,0.0,0.0,0.0,0.0,0.0,"solar2_v,lipo2_v"
2022-10-23T12:00:00Z,29.0,29.0,,,,,,,,,,,,,,,3.923,3.922,3.925,,,,232.483,0.0,0.0,,,,,300.0,300.0,300.0,,,0.0,5239.0,5267.0,0.0,0.0,0.0,0.0,0.0,0.0,29.0,0.0,0.0,0.0,29.0,0.0,0.0,0.0,0.0,0.0,"solar2_v,lipo2_v"
2022-10-23T13:00:00Z,29.0,29.0,,,,,,,,,,,,,,,3.922,3.922,3.923,,,,232.793,0.0,0.0,,,,,300.138,300.0,301.0,,,0.0,5268.0,5296.0,0.0,0.0,0.0,0.0,0.0,0.0,29.0,0.0,0.0,0.0,29.0,0.0,0.0,0.0,0.0,0.0,"solar2_v,lipo2_v"
2022-10-23T14:00:00Z,29.0,29.0,,,,,,,,,,,,,,,3.922,3.922,3.923,,,,232.828,0.0,0.0,,,,,300.966,300.0,301.0,,,0.0,5297.0,5325.0,0.0,0.0,0.0,0.0,0.0,0.0,29.0,0.0,0.0,0.0,29.0,0.0,0.0,0.0,0.0,0.0,"solar2_v,lipo2_v"
2022-10-23T15:00:00Z,30.0,30.0,,,,,,,,,,,,,,,3.921,3.92,3.922,,,,232.7,0.0,0.0,,,,,301.0,301.0,301.0,,,0.0,5326.0,5355.0,0.0,0.0,0.0,0.0,0.0,0.0,30.0,0.0,0.0,0.0,30.0,0.0,0.0,0.0,0.0,0.0,"solar2_v,lipo2_v"
2022-10-23T16:00:00Z,29.0,29.0,,,,,,,,,,,,,,,3.921,3.92,3.922,,,,232.759,0.0,0.0,,,,,299.897,296.0,301.0,,,0.0,5356.0,5384.0,0.0,0.0,0.0,0.0,0.0,0.0,29.0,0.0,0.0,0.0,29.0,0.0,0.0,0.0,0.0,0.0,"solar2_v,lipo2_v"
2022-10-23T17:00:00Z,29.0,29.0,,,,,,,,,,,,,,,3.92,3.917,3.922,,,,232.207,0.0,0.0,,,,,299.828,297.0,300.0,,,0.0,5385.0,5413.0,0.0,0.0,0.0,0.0,0.0,0.0,29.0,0.0,0.0,0.0,29.0,0.0,0.0,0.0,0.0,0.0,"solar2_v,lipo2_v"
2022-10-23T18:00:00Z,29.0,29.0,,,,,,,,,,,,,,,3.919,3.917,3.922,,,,232.483,0.0,0.0,,,,,299.793,299.0,300.0,,,0.0,5414.0,5442.0,0.0,0.0,0.0,0.0,0.0,0.0,29.0,0.0,0.0,0.0,29.0,0.0,0.0,0.0,0.0,0.0,"solar2_v,lipo2_v"
2022-10-23T19:00:00Z,30.0,30.0,,,,,,,,,,,,,,,3.918,3.917,3.92,,,,232.833,0.0,0.0,,,,,296.9,295.0,300.0,,,0.0,5443.0,5472.0,0.0,0.0,0.0,0.0,0.0,0.0,30.0,0.0,0.0,0.0,30.0,0.0,0.0,0.0,0.0,0.0,"solar2_v,lipo2_v"
2022-10-23T20:00:00Z,29.0,29.0,,,,,,,,,,,,,,,3.917,3.913,3.92,,,,233.103,0.0,0.0,,,,,292.931,291.0,296.0,,,0.0,5473.0,5501.0,0.0,0.0,0.0,0.0,0.0,0.0,29.0,0.0,0.0,0.0,29.0,0.0,0.0,0.0,0.0,0.0,"solar2_v,lipo2_v"
2022-10-23T21:00:00Z,29.0,29.0,,,,,,,,,,,,,,,3.915,3.912,3.918,,,,232.966,0.0,0.0,,,,,291.448,290.0,293.0,,,0.0,5502.0,5530.0,0.0,0.0,0.0,0.0,0.0,0.0,29.0,0.0,0.0,0.0,29.0,0.0,0.0,0.0,0.0,0.0,"solar2_v,lipo2_v"
2022-10-23T22:00:00Z,29.0,29.0,,,,,,,,,,,,,,,3.913,3.908,3.917,,,,232.966,0.0,0.0,,,,,291.172,289.0,294.0,,,0.0,5531.0,5559.0,0.0,0.0,0.0,0.0,0.0,0.0,29.0,0.0,0.0,0.0,29.0,0.0,0.0,0.0,0.0,0.0,"solar2_v,lipo2_v"
2022-10-23T23:00:00Z,28.0,28.0,,,,,,,,,,,,,,,3.912,3.908,3.915,,,,233.179,0.0,0.0,,,,,292.107,290.0,294.0,,,0.0,5560.0,5588.0,0.0,0.0,0.0,0.0,0.0,0.0,28.0,0.0,0.0,0.0,28.0,0.0,0.0,0.0,0.0,0.0,"solar2_v,lipo2_v"
2022-10-24T00:00:00Z,30.0,30.0,,,,,,,,,,,,,,,3.911,3.908,3.915,,,,232.833,0.0,0.0,,,,,292.567,291.0,294.0,,,0.0,5589.0,5618.0,0.0,0.0,0.0,0.0,0.0,0.0,30.0,0.0,0.0,0.0,30.0,0.0,0.0,0.0,0.0,0.0,"solar2_v,lipo2_v"
2022-10-24T01:00:00Z,29.0,29.0,,,,,,,,,,,,,,,3.91,3.907,3.915,,,,232.448,0.0,0.0,,,,,293.0,291.0,296.0,,,0.0,5619.0,5647.0,0.0,0.0,0.0,0.0,0.0,0.0,29.0,0.0,0.0,0.0,29.0,0.0,0.0,0.0,0.0,0.0,"solar2_v,lipo2_v"
2022-10-24T02:00:00Z,29.0,29.0,,,,,,,,,,,,,,,3.909,3.907,3.912,,,,232.483,0.0,0.0,,,,,295.69,285.0,303.0,,,0.0,5648.0,5676.0,0.0,0.0,0.0,0.0,0.0,0.0,29.0,0.0,0.0,0.0,29.0,0.0,0.0,0.0,0.0,0.0,"solar2_v,lipo2_v"
2022-10-24T03:00:00Z,29.0,29.0,,,,,,,,,,,,,,,3.907,3.905,3.912,,,,232.276,0.0,0.0,,,,,302.931,302.0,304.0,,,0.0,5677.0,5705.0,0.0,0.0,0.0,0.0,0.0,0.0,29.0,0.0,0.0,0.0,29.0,0.0,0.0,0.0,0.0,0.0,"solar2_v,lipo2_v"
2022-10-24T04:00:00Z,30.0,30.0,,,,,,,,,,,,,,,3.907,3.905,3.912,,,,232.533,0.0,0.0,,,,,304.3,303.0,306.0,,,0.0,5706.0,5735.0,0.0,0.0,0.0,0.0,0.0,0.0,30.0,0.0,0.0,0.0,30.0,0.0,0.0,0.0,0.0,0.0,"solar2_v,lipo2_v"
2022-10-24T05:00:00Z,29.0,29.0,,,,,,,,,,,,,,,3.907,3.904,3.91,,,,231.897,0.0,0.0,,,,,306.069,305.0,307.0,,,0.0,5736.0,5764.0,0.0,0.0,0.0,0.0,0.0,0.0,29.0,0.0,0.0,0.0,29.0,0.0,0.0,0.0,0.0,0.0,"solar2_v,lipo2_v"
2022-10-24T06:00:00Z,29.0,29.0,,,,,,,,,,,,,,,3.905,3.904,3.908,,,,232.241,0.0,0.0,,,,,306.0,306.0,306.0,,,0.0,5765.0,5793.0,0.0,0.0,0.0,0.0,0.0,0.0,29.0,0.0,0.0,0.0,29.0,0.0,0.0,0.0,0.0,0.0,"solar2_v,lipo2_v"
2022-10-24T07:00:00Z,29.0,29.0,,,,,,,,,,,,,,,3.905,3.902,3.908,,,,232.0,0.0,0.0,,,,,306.034,305.0,307.0,,,0.0,5794.0,5822.0,0.0,0.0,0.0,0.0,0.0,0.0,29.0,0.0,0.0,0.0,29.0,0.0,0.0,0.0,0.0,0.0,"solar2_v,lipo2_v"
2022-10-24T08:00:00Z,29.0,29.0,,,,,,,,,,,,,,,3.903,3.9,3.907,,,,232.138,0.0,0.0,,,,,305.31,305.0,306.0,,,0.0,5823.0,5851.0,0.0,0.0,0.0,0.0,0.0,0.0,29.0,0.0,0.0,0.0,29.0,0.0,0.0,0.0,0.0,0.0,"solar2_v,lipo2_v"
2022-10-24T09:00:00Z,30.0,30.0,,,,,,,,,,,,,,,3.902,3.9,3.905,,,,232.267,0.0,0.0,,,,,304.367,304.0,305.0,,,0.0,5852.0,5881.0,0.0,0.0,0.0,0.0,0.0,0.0,30.0,0.0,0.0,0.0,30.0,0.0,0.0,0.0,0.0,0.0,"solar2_v,lipo2_v"
2022-10-24T10:00:00Z,28.0,28.0,,,,,,,,,,,,,,,3.9,3.899,3.904,,,,232.393,0.0,0.0,,,,,303.643,303.0,304.0,,,0.0,5882.0,5910.0,0.0,0.0,0.0,0.0,0.0,0.0,28.0,0.0,0.0,0.0,28.0,0.0,0.0,0.0,0.0,0.0,"solar2_v,lipo2_v"
2022-10-24T11:00:00Z,29.0,29.0,,,,,,,,,,,,,,,3.901,3.899,3.904,,,,232.31,0.0,0.0,,,,,303.379,303.0,304.0,,,0.0,5911.0,5939.0,0.0,0.0,0.0,0.0,0.0,0.0,29.0,0.0,0.0,0.0,29.0,0.0,0.0,0.0,0.0,0.0,"solar2_v,lipo2_v"
2022-10-24T12:00:00Z,29.0,29.0,,,,,,,,,,,,,,,3.9,3.899,3.902,,,,232.724,0.0,0.0,,,,,303.069,303.0,304.0,,,0.0,5940.0,5968.0,0.0,0.0,0.0,0.0,0.0,0.0,29.0,0.0,0.0,0.0,29.0,0.0,0.0,0.0,0.0,0.0,"solar2_v,lipo2_v"
2022-10-24T13:00:00Z,29.0,29.0,,,,,,,,,,,,,,,3.899,3.895,3.902,,,,232.138,0.0,0.0,,,,,303.069,302.0,304.0,,,0.0,5969.0,5998.0,0.0,0.0,0.0,0.0,0.0,0.0,29.0,0.0,0.0,0.0,29.0,0.0,0.0,0.0,0.0,0.0,"solar2_v,lipo2_v"
2022-10-24T14:00:00Z,29.0,29.0,,,,,,,,,,,,,,,3.898,3.895,3.9,,,,232.724,0.0,0.0,,,,,303.276,303.0,304.0,,,0.0,5999.0,6027.0,0.0,0.0,0.0,0.0,0.0,0.0,29.0,0.0,0.0,0.0,29.0,0.0,0.0,0.0,0.0,0.0,"solar2_v,lipo2_v"
2022-10-24T15:00:00Z,29.0,29.0,,,,,,,,,,,,,,,3.896,3.895,3.899,,,,232.724,0.0,0.0,,,,,303.034,303.0,304.0,,,0.0,6028.0,6056.0,0.0,0.0,0.0,0.0,0.0,0.0,29.0,0.0,0.0,0.0,29.0,0.0,0.0,0.0,0.0,0.0,"solar2_v,lipo2_v"
2022-10-24T16:00:00Z,29.0,29.0,,,,,,,,,,,,,,,3.897,3.895,3.9,,,,232.586,0.0,0.0,,,,,303.207,303.0,304.0,,,0.0,6057.0,6085.0,0.0,0.0,0.0,0.0,0.0,0.0,29.0,0.0,0.0,0.0,29.0,0.0,0.0,0.0,0.0,0.0,"solar2_v,lipo2_v"
2022-10-24T17:00:00Z,30.0,30.0,,,,,,,,,,,,,,,3.896,3.894,3.899,,,,232.767,0.0,0.0,,,,,303.433,303.0,304.0,,,0.0,6086.0,6115.0,0.0,0.0,0.0,0.0,0.0,0.0,30.0,0.0,0.0,0.0,30.0,0.0,0.0,0.0,0.0,0.0,"solar2_v,lipo2_v"
2022-10-24T18:00:00Z,29.0,29.0,,,,,,,,,,,,,,,3.896,3.894,3.899,,,,232.448,0.0,0.0,,,,,302.655,301.0,304.0,,,0.0,6116.0,6144.0,0.0,0.0,0.0,0.0,0.0,0.0,29.0,0.0,0.0,0.0,29.0,0.0,0.0,0.0,0.0,0.0,"solar2_v,lipo2_v"
2022-10-24T19:00:00Z,29.0,29.0,,,,,,,,,,,,,,,3.895,3.892,3.897,,,,232.793,0.0,0.0,,,,,301.0,301.0,301.0,,,0.0,6145.0,6173.0,0.0,0.0,0.0,0.0,0.0,0.0,29.0,0.0,0.0,0.0,29.0,0.0,0.0,0.0,0.0,0.0,"solar2_v,lipo2_v"
2022-10-24T20:00:00Z,29.0,29.0,,,,,,,,,,,,,,,3.895,3.894,3.897,,,,233.034,0.0,0.0,,,,,301.0,301.0,301.0,,,0.0,6174.0,6202.0,0.0,0.0,0.0,0.0,0.0,0.0,29.0,0.0,0.0,0.0,29.0,0.0,0.0,0.0,0.0,0.0,"solar2_v,lipo2_v"
2022-10-24T21:00:00Z,30.0,30.0,,,,,,,,,,,,,,,3.894,3.89,3.897,,,,233.167,0.0,0.0,,,,,300.7,300.0,301.0,,,0.0,6203.0,6232.0,0.0,0.0,0.0,0.0,0.0,0.0,30.0,0.0,0.0,0.0,30.0,0.0,0.0,0.0,0.0,0.0,"solar2_v,lipo2_v"
2022-10-24T22:00:00Z,29.0,29.0,,,,,,,,,,,,,,,3.892,3.889,3.895,,,,232.931,0.0,0.0,,,,,300.034,300.0,301.0,,,0.0,6233.0,6261.0,0.0,0.0,0.0,0.0,0.0,0.0,29.0,0.0,0.0,0.0,29.0,0.0,0.0,0.0,0.0,0.0,"solar2_v,lipo2_v"
2022-10-24T23:00:00Z,29.0,29.0,,,,,,,,,,,,,,,3.891,3.887,3.894,,,,234.655,0.0,0.0,,,,,273.724,245.0,300.0,,,0.0,6262.0,6290.0,0.0,0.0,0.0,0.0,0.0,0.0,29.0,0.0,0.0,0.0,29.0,0.0,0.0,0.0,0.0,0.0,"solar2_v,lipo2_v"
2022-10-25T00:00:00Z,29.0,29.0,,,,,,,,,,,,,,,3.891,3.889,3.894,,,,234.586,0.0,0.0,,,,,283.69,273.0,290.0,,,0.0,6291.0,6319.0,0.0,0.0,0.0,0.0,0.0,0.0,29.0,0.0,0.0,0.0,29.0,0.0,0.0,0.0,0.0,0.0,"solar2_v,lipo2_v"
2022-10-25T01:00:00Z,29.0,29.0,,,,,,,,,,,,,,,3.89,3.885,3.894,,,,233.552,0.0,0.0,,,,,292.655,290.0,295.0,,,0.0,6320.0,6348.0,0.0,0.0,0.0,0.0,0.0,0.0,29.0,0.0,0.0,0.0,29.0,0.0,0.0,0.0,0.0,0.0,"solar2_v,lipo2_v"
2022-10-25T02:00:00Z,30.0,30.0,,,,,,,,,,,,,,,3.89,3.887,3.894,,,,233.167,0.0,0.0,,,,,299.0,295.0,301.0,,,0.0,6349.0,6378.0,0.0,0.0,0.0,0.0,0.0,0.0,30.0,0.0,0.0,0.0,30.0,0.0,0.0,0.0,0.0,0.0,"solar2_v,lipo2_v"
2022-10-25T03:00:00Z,26.0,26.0,,,,,,,,,,,,,,,3.89,3.885,3.892,,,,232.885,0.0,0.0,,,,,297.077,265.0,302.0,,,0.0,6379.0,6404.0,0.0,0.0,0.0,0.0,0.0,0.0,26.0,0.0,0.0,0.0,26.0,0.0,0.0,0.0,0.0,0.0,"solar2_v,lipo2_v"
2022-10-25T04:00:00Z,4.0,4.0,,,,,,,,,,,,,,,3.888,3.887,3.89,,,,232.0,0.0,0.0,,,,,305.25,304.0,306.0,,,0.0,6408.0,6415.0,0.0,0.0,0.0,0.0,0.0,0.0,4.0,0.0,0.0,0.0,4.0,0.0,0.0,0.0,0.0,0.0,"solar2_v,lipo2_v"
2022-10-25T05:00:00Z,29.0,29.0,,,,,,,,,,,,,,,3.886,3.882,3.889,,,,232.103,0.0,0.0,,,,,304.862,303.0,310.0,,,0.0,6435.0,6463.0,0.0,0.0,0.0,0.0,0.0,0.0,29.0,0.0,0.0,0.0,29.0,0.0,0.0,0.0,0.0,0.0,"solar2_v,lipo2_v"
2022-10-25T06:00:00Z,29.0,29.0,,,,,,,,,,,,,,,3.886,3.882,3.89,,,,232.207,0.0,0.0,,,,,302.724,302.0,303.0,,,0.0,6464.0,6492.0,0.0,0.0,0.0,0.0,0.0,0.0,29.0,0.0,0.0,0.0,29.0,0.0,0.0,0.0,0.0,0.0,"solar2_v,lipo2_v"
2022-10-25T07:00:00Z,29.0,29.0,,,,,,,,,,,,,,,3.885,3.882,3.889,,,,232.621,0.0,0.0,,,,,302.31,302.0,303.0,,,0.0,6493.0,6521.0,0.0,0.0,0.0,0.0,0.0,0.0,29.0,0.0,0.0,0.0,29.0,0.0,0.0,0.0,0.0,0.0,"solar2_v,lipo2_v"
2022-10-25T08:00:00Z,29.0,29.0,,,,,,,,,,,,,,,3.884,3.88,3.889,,,,232.345,0.0,0.0,,,,,301.483,301.0,302.0,,,0.0,6522.0,6550.0,0.0,0.0,0.0,0.0,0.0,0.0,29.0,0.0,0.0,0.0,29.0,0.0,0.0,0.0,0.0,0.0,"solar2_v,lipo2_v"
2022-10-25T09:00:00Z,29.0,29.0,,,,,,,,,,,,,,,3.884,3.88,3.889,,,,232.448,0.0,0.0,,,,,301.379,301.0,302.0,,,0.0,6551.0,6579.0,0.0,0.0,0.0,0.0,0.0,0.0,29.0,0.0,0.0,0.0,29.0,0.0,0.0,0.0,0.0,0.0,"solar2_v,lipo2_v"
2022-10-25T10:00:00Z,30.0,30.0,,,,,,,,,,,,,,,3.884,3.88,3.887,,,,232.5,0.0,0.0,,,,,301.867,301.0,303.0,,,0.0,6580.0,6609.0,0.0,0.0,0.0,0.0,0.0,0.0,30.0,0.0,0.0,0.0,30.0,0.0,0.0,0.0,0.0,0.0,"solar2_v,lipo2_v"
2022-10-25T11:00:00Z,29.0,29.0,,,,,,,,,,,,,,,3.884,3.88,3.887,,,,232.517,0.0,0.0,,,,,301.586,301.0,302.0,,,0.0,6610.0,6638.0,0.0,0.0,0.0,0.0,0.0,0.0,29.0,0.0,0.0,0.0,29.0,0.0,0.0,0.0,0.0,0.0,"solar2_v,lipo2_v"
2022-10-25T12:00:00Z,29.0,29.0,,,,,,,,,,,,,,,3.883,3.88,3.887,,,,233.0,0.0,0.0,,,,,301.034,301.0,302.0,,,0.0,6639.0,6667.0,0.0,0.0,0.0,0.0,0.0,0.0,29.0,0.0,0.0,0.0,29.0,0.0,0.0,0.0,0.0,0.0,"solar2_v,lipo2_v"
2022-10-25T13:00:00Z,29.0,29.0,,,,,,,,,,,,,,,3.882,3.879,3.887,,,,232.138,0.0,0.0,,,,,301.0,301.0,301.0,,,0.0,6668.0,6696.0,0.0,0.0,0.0,0.0,0.0,0.0,29.0,0.0,0.0,0.0,29.0,0.0,0.0,0.0,0.0,0.0,"solar2_v,lipo2_v"
2022-10-25T14:00:00Z,29.0,29.0,,,,,,,,,,,,,,,3.881,3.879,3.885,,,,232.655,0.0,0.0,,,,,301.0,301.0,301.0,,,0.0,6697.0,6725.0,0.0,0.0,0.0,0.0,0.0,0.0,29.0,0.0,0.0,0.0,29.0,0.0,0.0,0.0,0.0,0.0,"solar2_v,lipo2_v"
2022-10-25T15:00:00Z,30.0,30.0,,,,,,,,,,,,,,,3.881,3.879,3.884,,,,232.533,0.0,0.0,,,,,301.0,301.0,301.0,,,0.0,6726.0,6755.0,0.0,0.0,0.0,0.0,0.0,0.0,30.0,0.0,0.0,0.0,30.0,0.0,0.0,0.0,0.0,0.0,"solar2_v,lipo2_v"
2022-10-25T16:00:00Z,29.0,29.0,,,,,,,,,,,,,,,3.88,3.877,3.884,,,,232.828,0.0,0.0,,,,,300.241,300.0,301.0,,,0.0,6756.0,6784.0,0.0,0.0,0.0,0.0,0.0,0.0,29.0,0.0,0.0,0.0,29.0,0.0,0.0,0.0,0.0,0.0,"solar2_v,lipo2_v"
2022-10-25T17:00:00Z,29.0,29.0,,,,,,,,,,,,,,,3.879,3.877,3.882,,,,232.897,0.0,0.0,,,,,300.0,300.0,300.0,,,0.0,6785.0,6813.0,0.0,0.0,0.0,0.0,0.0,0.0,29.0,0.0,0.0,0.0,29.0,0.0,0.0,0.0,0.0,0.0,"solar2_v,lipo2_v"
2022-10-25T18:00:00Z,29.0,29.0,,,,,,,,,,,,,,,3.879,3.877,3.882,,,,232.828,0.0,0.0,,,,,299.862,299.0,300.0,,,0.0,6814.0,6842.0,0.0,0.0,0.0,0.0,0.0,0.0,29.0,0.0,0.0,0.0,29.0,0.0,0.0,0.0,0.0,0.0,"solar2_v,lipo2_v"
2022-10-25T19:00:00Z,30.0,30.0,,,,,,,,,,,,,,,3.878,3.875,3.882,,,,233.267,0.0,0.0,,,,,299.233,298.0,300.0,,,0.0,6843.0,6872.0,0.0,0.0,0.0,0.0,0.0,0.0,30.0,0.0,0.0,0.0,30.0,0.0,0.0,0.0,0.0,0.0,"solar2_v,lipo2_v"
2022-10-25T20:00:00Z,29.0,29.0,,,,,,,,,,,,,,,3.877,3.875,3.88,,,,232.621,0.0,0.0,,,,,297.966,296.0,299.0,,,0.0,6873.0,6901.0,0.0,0.0,0.0,0.0,0.0,0.0,29.0,0.0,0.0,0.0,29.0,0.0,0.0,0.0,0.0,0.0,"solar2_v,lipo2_v"
2022-10-25T21:00:00Z,29.0,29.0,,,,,,,,,,,,,,,3.877,3.875,3.88,,,,233.069,0.0,0.0,,,,,297.034,296.0,298.0,,,0.0,6902.0,6930.0,0.0,0.0,0.0,0.0,0.0,0.0,29.0,0.0,0.0,0.0,29.0,0.0,0.0,0.0,0.0,0.0,"solar2_v,lipo2_v"
2022-10-25T22:00:00Z,29.0,29.0,,,,,,,,,,,,,,,3.877,3.875,3.88,,,,233.276,0.0,0.0,,,,,296.931,296.0,298.0,,,0.0,6931.0,6959.0,0.0,0.0,0.0,0.0,0.0,0.0,29.0,0.0,0.0,0.0,29.0,0.0,0.0,0.0,0.0,0.0,"solar2_v,lipo2_v"
2022-10-25T23:00:00Z,30.0,30.0,,,,,,,,,,,,,,,3.877,3.874,3.88,,,,233.167,0.0,0.0,,,,,297.767,297.0,299.0,,,0.0,6960.0,6989.0,0.0,0.0,0.0,0.0,0.0,0.0,30.0,0.0,0.0,0.0,30.0,0.0,0.0,0.0,0.0,0.0,"solar2_v,lipo2_v"
2022-10-26T00:00:00Z,29.0,29.0,,,,,,,,,,,,,,,3.877,3.874,3.88,,,,232.966,0.0,0.0,,,,,299.552,298.0,300.0,,,0.0,6990.0,7018.0,0.0,0.0,0.0,0.0,0.0,0.0,29.0,0.0,0.0,0.0,29.0,0.0,0.0,0.0,0.0,0.0,"solar2_v,lipo2_v"
2022-10-26T01:00:00Z,29.0,29.0,,,,,,,,,,,,,,,3.876,3.874,3.879,,,,233.0,0.0,0.0,,,,,300.0,300.0,300.0,,,0.0,7019.0,7047.0,0.0,0.0,0.0,0.0,0.0,0.0,29.0,0.0,0.0,0.0,29.0,0.0,0.0,0.0,0.0,0.0,"solar2_v,lipo2_v"
2022-10-26T02:00:00Z,29.0,29.0,,,,,,,,,,,,,,,3.876,3.874,3.88,,,,232.345,0.0,0.0,,,,,300.621,300.0,301.0,,,0.0,7048.0,7076.0,0.0,0.0,0.0,0.0,0.0,0.0,29.0,0.0,0.0,0.0,29.0,0.0,0.0,0.0,0.0,0.0,"solar2_v,lipo2_v"
2022-10-26T03:00:00Z,29.0,29.0,,,,,,,,,,,,,,,3.877,3.874,3.88,,,,232.724,0.0,0.0,,,,,302.103,301.0,304.0,,,0.0,7077.0,7105.0,0.0,0.0,0.0,0.0,0.0,0.0,29.0,0.0,0.0,0.0,29.0,0.0,0.0,0.0,0.0,0.0,"solar2_v,lipo2_v"
2022-10-26T04:00:00Z,30.0,30.0,,,,,,,,,,,,,,,3.876,3.874,3.879,,,,232.267,0.0,0.0,,,,,299.233,288.0,304.0,,,0.0,7106.0,7135.0,0.0,0.0,0.0,0.0,0.0,0.0,30.0,0.0,0.0,0.0,30.0,0.0,0.0,0.0,0.0,0.0,"solar2_v,lipo2_v"
2022-10-26T05:00:00Z,28.0,28.0,,,,,,,,,,,,,,,3.876,3.874,3.879,,,,231.786,0.0,0.0,,,,,309.571,307.0,313.0,,,0.0,7137.0,7164.0,0.0,0.0,0.0,0.0,0.0,0.0,28.0,0.0,0.0,0.0,28.0,0.0,0.0,0.0,0.0,0.0,"solar2_v,lipo2_v"
2022-10-26T06:00:00Z,29.0,29.0,,,,,,,,,,,,,,,3.875,3.872,3.879,,,,232.138,0.0,0.0,,,,,307.69,306.0,310.0,,,0.0,7165.0,7193.0,0.0,0.0,0.0,0.0,0.0,0.0,29.0,0.0,0.0,0.0,29.0,0.0,0.0,0.0,0.0,0.0,"solar2_v,lipo2_v"
2022-10-26T07:00:00Z,29.0,29.0,,,,,,,,,,,,,,,3.875,3.872,3.879,,,,232.069,0.0,0.0,,,,,306.897,306.0,310.0,,,0.0,7194.0,7222.0,0.0,0.0,0.0,0.0,0.0,0.0,29.0,0.0,0.0,0.0,29.0,0.0,0.0,0.0,0.0,0.0,"solar2_v,lipo2_v"
2022-10-26T08:00:00Z,30.0,30.0,,,,,,,,,,,,,,,3.875,3.872,3.879,,,,232.067,0.0,0.0,,,,,305.9,305.0,306.0,,,0.0,7223.0,7252.0,0.0,0.0,0.0,0.0,0.0,0.0,30.0,0.0,0.0,0.0,30.0,0.0,0.0,0.0,0.0,0.0,"solar2_v,lipo2_v"
2022-10-26T09:00:00Z,29.0,29.0,,,,,,,,,,,,,,,3.875,3.872,3.877,,,,232.517,0.0,0.0,,,,,305.69,305.0,306.0,,,0.0,7253.0,7281.0,0.0,0.0,0.0,0.0,0.0,0.0,29.0,0.0,0.0,0.0,29.0,0.0,0.0,0.0,0.0,0.0,"solar2_v,lipo2_v"
2022-10-26T10:00:00Z,29.0,29.0,,,,,,,,,,,,,,,3.874,3.872,3.877,,,,232.621,0.0,0.0,,,,,304.517,304.0,305.0,,,0.0,7282.0,7310.0,0.0,0.0,0.0,0.0,0.0,0.0,29.0,0.0,0.0,0.0,29.0,0.0,0.0,0.0,0.0,0.0,"solar2_v,lipo2_v"
2022-10-26T11:00:00Z,29.0,29.0,,,,,,,,,,,,,,,3.873,3.872,3.875,,,,232.621,0.0,0.0,,,,,303.931,303.0,305.0,,,0.0,7311.0,7339.0,0.0,0.0,0.0,0.0,0.0,0.0,29.0,0.0,0.0,0.0,29.0,0.0,0.0,0.0,0.0,0.0,"solar2_v,lipo2_v"
2022-10-26T12:00:00Z,29.0,29.0,,,,,,,,,,,,,,,3.873,3.871,3.877,,,,232.621,0.0,0.0,,,,,303.724,303.0,304.0,,,0.0,7340.0,7368.0,0.0,0.0,0.0,0.0,0.0,0.0,29.0,0.0,0.0,0.0,29.0,0.0,0.0,0.0,0.0,0.0,"solar2_v,lipo2_v"
2022-10-26T13:00:00Z,30.0,30.0,,,,,,,,,,,,,,,3.873,3.871,3.875,,,,233.8,0.0,0.0,,,,,276.533,243.0,304.0,,,0.0,7369.0,7398.0,0.0,0.0,0.0,0.0,0.0,0.0,30.0,0.0,0.0,0.0,30.0,0.0,0.0,0.0,0.0,0.0,"solar2_v,lipo2_v"
2022-10-26T14:00:00Z,29.0,29.0,,,,,,,,,,,,,,,3.872,3.871,3.874,,,,236.31,0.0,0.0,,,,,258.931,244.0,270.0,,,0.0,7399.0,7427.0,0.0,0.0,0.0,0.0,0.0,0.0,29.0,0.0,0.0,0.0,29.0,0.0,0.0,0.0,0.0,0.0,"solar2_v,lipo2_v"
2022-10-26T15:00:00Z,29.0,29.0,,,,,,,,,,,,,,,3.872,3.869,3.874,,,,234.793,0.0,0.0,,,,,256.483,220.0,288.0,,,0.0,7428.0,7456.0,0.0,0.0,0.0,0.0,0.0,0.0,29.0,0.0,0.0,0.0,29.0,0.0,0.0,0.0,0.0,0.0,"solar2_v,lipo2_v"
2022-10-26T16:00:00Z,29.0,29.0,,,,,,,,,,,,,,,3.872,3.871,3.874,,,,233.448,0.0,0.0,,,,,249.586,238.0,289.0,,,0.0,7457.0,7485.0,0.0,0.0,0.0,0.0,0.0,0.0,29.0,0.0,0.0,0.0,29.0,0.0,0.0,0.0,0.0,0.0,"solar2_v,lipo2_v"
2022-10-26T17:00:00Z,29.0,29.0,,,,,,,,,,,,,,,3.871,3.871,3.874,,,,233.207,0.0,0.0,,,,,266.621,245.0,300.0,,,0.0,7486.0,7514.0,0.0,0.0,0.0,0.0,0.0,0.0,29.0,0.0,0.0,0.0,29.0,0.0,0.0,0.0,0.0,0.0,"solar2_v,lipo2_v"
2022-10-26T18:00:00Z,29.0,29.0,,,,,,,,,,,,,,,3.871,3.869,3.872,,,,232.828,0.0,0.0,,,,,299.759,299.0,300.0,,,0.0,7516.0,7544.0,0.0,0.0,0.0,0.0,0.0,0.0,29.0,0.0,0.0,0.0,29.0,0.0,0.0,0.0,0.0,0.0,"solar2_v,lipo2_v"
2022-10-26T19:00:00Z,29.0,29.0,,,,,,,,,,,,,,,3.871,3.869,3.874,,,,232.897,0.0,0.0,,,,,299.241,299.0,300.0,,,0.0,7545.0,7573.0,0.0,0.0,0.0,0.0,0.0,0.0,29.0,0.0,0.0,0.0,29.0,0.0,0.0,0.0,0.0,0.0,"solar2_v,lipo2_v"
2022-10-26T20:00:00Z,27.0,27.0,,,,,,,,,,,,,,,3.871,3.869,3.872,,,,232.963,0.0,0.0,,,,,298.889,298.0,300.0,,,0.0,7574.0,7602.0,0.0,0.0,0.0,0.0,0.0,0.0,27.0,0.0,0.0,0.0,27.0,0.0,0.0,0.0,0.0,0.0,"solar2_v,lipo2_v"
2022-10-26T21:00:00Z,9.0,9.0,,,,,,,,,,,,,,,3.87,3.869,3.871,,,,233.0,0.0,0.0,,,,,299.889,299.0,301.0,,,0.0,7603.0,7618.0,0.0,0.0,0.0,0.0,0.0,0.0,9.0,0.0,0.0,0.0,9.0,0.0,0.0,0.0,0.0,0.0,"solar2_v,lipo2_v"
2022-10-26T22:00:00Z,24.0,24.0,,,,,,,,,,,,,,,3.869,3.869,3.871,,,,232.75,0.0,0.0,,,,,299.083,297.0,301.0,,,0.0,7632.0,7658.0,0.0,0.0,0.0,0.0,0.0,0.0,24.0,0.0,0.0,0.0,24.0,0.0,0.0,0.0,0.0,0.0,"solar2_v,lipo2_v"
2022-10-26T23:00:00Z,12.0,12.0,,,,,,,,,,,,,,,3.87,3.869,3.871,,,,233.0,0.0,0.0,,,,,298.25,298.0,299.0,,,0.0,7659.0,7670.0,0.0,0.0,0.0,0.0,0.0,0.0,12.0,0.0,0.0,0.0,12.0,0.0,0.0,0.0,0.0,0.0,"solar2_v,lipo2_v"
2022-10-27T00:00:00Z,26.0,26.0,,,,,,,,,,,,,,,3.87,3.867,3.871,,,,232.654,0.0,0.0,,,,,299.462,298.0,300.0,,,0.0,7691.0,7716.0,0.0,0.0,0.0,0.0,0.0,0.0,26.0,0.0,0.0,0.0,26.0,0.0,0.0,0.0,0.0,0.0,"solar2_v,lipo2_v"
2022-10-27T01:00:00Z,29.0,29.0,,,,,,,,,,,,,,,3.869,3.867,3.871,,,,232.517,0.0,0.0,,,,,300.31,291.0,301.0,,,0.0,7717.0,7745.0,0.0,0.0,0.0,0.0,0.0,0.0,29.0,0.0,0.0,0.0,29.0,0.0,0.0,0.0,0.0,0.0,"solar2_v,lipo2_v"
2022-10-27T02:00:00Z,30.0,30.0,,,,,,,,,,,,,,,3.869,3.867,3.871,,,,232.467,0.0,0.0,,,,,297.9,264.0,303.0,,,0.0,7746.0,7775.0,0.0,0.0,0.0,0.0,0.0,0.0,30.0,0.0,0.0,0.0,30.0,0.0,0.0,0.0,0.0,0.0,"solar2_v,lipo2_v"
2022-10-27T03:00:00Z,29.0,29.0,,,,,,,,,,,,,,,3.869,3.869,3.871,,,,232.172,0.0,0.0,,,,,303.379,302.0,305.0,,,0.0,7776.0,7804.0,0.0,0.0,0.0,0.0,0.0,0.0,29.0,0.0,0.0,0.0,29.0,0.0,0.0,0.0,0.0,0.0,"solar2_v,lipo2_v"
2022-10-27T04:00:00Z,29.0,29.0,,,,,,,,,,,,,,,3.869,3.867,3.871,,,,232.483,0.0,0.0,,,,,304.103,304.0,305.0,,,0.0,7805.0,7833.0,0.0,0.0,0.0,0.0,0.0,0.0,29.0,0.0,0.0,0.0,29.0,0.0,0.0,0.0,0.0,0.0,"solar2_v,lipo2_v"
2022-10-27T05:00:00Z,29.0,29.0,,,,,,,,,,,,,,,3.868,3.867,3.869,,,,232.31,0.0,0.0,,,,,302.621,302.0,304.0,,,0.0,7834.0,7862.0,0.0,0.0,0.0,0.0,0.0,0.0,29.0,0.0,0.0,0.0,29.0,0.0,0.0,0.0,0.0,0.0,"solar2_v,lipo2_v"
2022-10-27T06:00:00Z,29.0,29.0,,,,,,,,,,,,,,,3.868,3.867,3.869,,,,232.517,0.0,0.0,,,,,301.345,301.0,302.0,,,0.0,7863.0,7891.0,0.0,0.0,0.0,0.0,0.0,0.0,29.0,0.0,0.0,0.0,29.0,0.0,0.0,0.0,0.0,0.0,"solar2_v,lipo2_v"
2022-10-27T07:00:00Z,30.0,30.0,,,,,,,,,,,,,,,3.867,3.866,3.869,,,,232.367,0.0,0.0,,,,,301.067,301.0,302.0,,,0.0,7892.0,7921.0,0.0,0.0,0.0,0.0,0.0,0.0,30.0,0.0,0.0,0.0,30.0,0.0,0.0,0.0,0.0,0.0,"solar2_v,lipo2_v"
2022-10-27T08:00:00Z,29.0,29.0,,,,,,,,,,,,,,,3.867,3.866,3.869,,,,232.276,0.0,0.0,,,,,301.034,301.0,302.0,,,0.0,7922.0,7950.0,0.0,0.0,0.0,0.0,0.0,0.0,29.0,0.0,0.0,0.0,29.0,0.0,0.0,0.0,0.0,0.0,"solar2_v,lipo2_v"
2022-10-27T09:00:00Z,29.0,29.0,,,,,,,,,,,,,,,3.867,3.866,3.869,,,,232.276,0.0,0.0,,,,,301.034,301.0,302.0,,,0.0,7951.0,7979.0,0.0,0.0,0.0,0.0,0.0,0.0,29.0,0.0,0.0,0.0,29.0,0.0,0.0,0.0,0.0,0.0,"solar2_v,lipo2_v"
2022-10-27T10:00:00Z,29.0,29.0,,,,,,,,,,,,,,,3.867,3.866,3.869,,,,232.276,0.0,0.0,,,,,301.034,301.0,302.0,,,0.0,7980.0,8008.0,0.0,0.0,0.0,0.0,0.0,0.0,29.0,0.0,0.0,0.0,29.0,0.0,0.0,0.0,0.0,0.0,"solar2_v,lipo2_v"
2022-10-27T11:00:00Z,29.0,29.0,,,,,,,,,,,,,,,3.866,3.864,3.869,,,,232.724,0.0,0.0,,,,,301.0,301.0,301.0,,,0.0,8009.0,8037.0,0.0,0.0,0.0,0.0,0.0,0.0,29.0,0.0,0.0,0.0,29.0,0.0,0.0,0.0,0.0,0.0,"solar2_v,lipo2_v"
2022-10-27T12:00:00Z,30.0,30.0,,,,,,,,,,,,,,,3.866,3.862,3.867,,,,232.333,0.0,0.0,,,,,301.0,301.0,301.0,,,0.0,8038.0,8067.0,0.0,0.0,0.0,0.0,0.0,0.0,30.0,0.0,0.0,0.0,30.0,0.0,0.0,0.0,0.0,0.0,"solar2_v,lipo2_v"
2022-10-27T13:00:00Z,29.0,29.0,,,,,,,,,,,,,,,3.865,3.862,3.867,,,,232.517,0.0,0.0,,,,,301.0,301.0,301.0,,,0.0,8068.0,8096.0,0.0,0.0,0.0,0.0,0.0,0.0,29.0,0.0,0.0,0.0,29.0,0.0,0.0,0.0,0.0,0.0,"solar2_v,lipo2_v"
2022-10-27T14:00:00Z,29.0,29.0,,,,,,,,,,,,,,,3.864,3.862,3.867,,,,232.379,0.0,0.0,,,,,301.034,301.0,302.0,,,0.0,8097.0,8125.0,0.0,0.0,0.0,0.0,0.0,0.0,29.0,0.0,0.0,0.0,29.0,0.0,0.0,0.0,0.0,0.0,"solar2_v,lipo2_v"
2022-10-27T15:00:00Z,29.0,29.0,,,,,,,,,,,,,,,3.863,3.861,3.866,,,,234.69,0.0,0.0,,,,,273.552,249.0,301.0,,,0.0,8126.0,8154.0,0.0,0.0,0.0,0.0,0.0,0.0,29.0,0.0,0.0,0.0,29.0,0.0,0.0,0.0,0.0,0.0,"solar2_v,lipo2_v"
2022-10-27T16:00:00Z,30.0,30.0,,,,,,,,,,,,,,,3.862,3.859,3.864,,,,234.5,0.0,0.0,,,,,279.733,264.0,287.0,,,0.0,8155.0,8184.0,0.0,0.0,0.0,0.0,0.0,0.0,30.0,0.0,0.0,0.0,30.0,0.0,0.0,0.0,0.0,0.0,"solar2_v,lipo2_v"
2022-10-27T17:00:00Z,29.0,29.0,,,,,,,,,,,,,,,3.863,3.861,3.866,,,,233.517,0.0,0.0,,,,,250.379,245.0,260.0,,,0.0,8185.0,8213.0,0.0,0.0,0.0,0.0,0.0,0.0,29.0,0.0,0.0,0.0,29.0,0.0,0.0,0.0,0.0,0.0,"solar2_v,lipo2_v"
2022-10-27T18:00:00Z,29.0,29.0,,,,,,,,,,,,,,,3.862,3.859,3.866,,,,233.345,0.0,0.0,,,,,252.69,247.0,258.0,,,0.0,8214.0,8242.0,0.0,0.0,0.0,0.0,0.0,0.0,29.0,0.0,0.0,0.0,29.0,0.0,0.0,0.0,0.0,0.0,"solar2_v,lipo2_v"
2022-10-27T19:00:00Z,29.0,29.0,,,,,,,,,,,,,,,3.861,3.857,3.866,,,,233.862,0.0,0.0,,,,,255.207,250.0,258.0,,,0.0,8243.0,8271.0,0.0,0.0,0.0,0.0,0.0,0.0,29.0,0.0,0.0,0.0,29.0,0.0,0.0,0.0,0.0,0.0,"solar2_v,lipo2_v"
2022-10-27T20:00:00Z,29.0,29.0,,,,,,,,,,,,,,,3.861,3.857,3.864,,,,233.448,0.0,0.0,,,,,258.103,253.0,265.0,,,0.0,8272.0,8300.0,0.0,0.0,0.0,0.0,0.0,0.0,29.0,0.0,0.0,0.0,29.0,0.0,0.0,0.0,0.0,0.0,"solar2_v,lipo2_v"
2022-10-27T21:00:00Z,30.0,30.0,,,,,,,,,,,,,,,3.86,3.856,3.862,,,,233.533,0.0,0.0,,,,,265.633,260.0,272.0,,,0.0,8301.0,8330.0,0.0,0.0,0.0,0.0,0.0,0.0,30.0,0.0,0.0,0.0,30.0,0.0,0.0,0.0,0.0,0.0,"solar2_v,lipo2_v"
2022-10-27T22:00:00Z,27.0,27.0,,,,,,,,,,,,,,,3.859,3.856,3.862,,,,234.741,0.0,0.0,,,,,258.148,245.0,275.0,,,0.0,8331.0,8359.0,0.0,0.0,0.0,0.0,0.0,0.0,27.0,0.0,0.0,0.0,27.0,0.0,0.0,0.0,0.0,0.0,"solar2_v,lipo2_v"
2022-10-27T23:00:00Z,8.0,8.0,,,,,,,,,,,,,,,3.856,3.854,3.859,,,,236.25,0.0,0.0,,,,,256.5,245.0,265.0,,,0.0,8360.0,8377.0,0.0,0.0,0.0,0.0,0.0,0.0,8.0,0.0,0.0,0.0,8.0,0.0,0.0,0.0,0.0,0.0,"solar2_v,lipo2_v"
2022-10-28T00:00:00Z,20.0,20.0,,,,,,,,,,,,,,,3.854,3.852,3.857,,,,235.05,0.0,0.0,,,,,234.0,221.0,247.0,,,0.0,8395.0,8414.0,0.0,0.0,0.0,0.0,0.0,0.0,20.0,0.0,0.0,0.0,20.0,0.0,0.0,0.0,0.0,0.0,"solar2_v,lipo2_v"
2022-10-28T01:00:00Z,29.0,29.0,,,,,,,,,,,,,,,3.854,3.852,3.857,,,,233.897,0.0,0.0,,,,,245.483,233.0,257.0,,,0.0,8415.0,8443.0,0.0,0.0,0.0,0.0,0.0,0.0,29.0,0.0,0.0,0.0,29.0,0.0,0.0,0.0,0.0,0.0,"solar2_v,lipo2_v"
2022-10-28T02:00:00Z,29.0,29.0,,,,,,,,,,,,,,,3.854,3.851,3.857,,,,233.241,0.0,0.0,,,,,257.241,248.0,271.0,,,0.0,8444.0,8472.0,0.0,0.0,0.0,0.0,0.0,0.0,29.0,0.0,0.0,0.0,29.0,0.0,0.0,0.0,0.0,0.0,"solar2_v,lipo2_v"
2022-10-28T03:00:00Z,30.0,30.0,,,,,,,,,,,,,,,3.854,3.851,3.857,,,,232.9,0.0,0.0,,,,,263.133,259.0,267.0,,,0.0,8473.0,8502.0,0.0,0.0,0.0,0.0,0.0,0.0,30.0,0.0,0.0,0.0,30.0,0.0,0.0,0.0,0.0,0.0,"solar2_v,lipo2_v"
2022-10-28T04:00:00Z,29.0,29.0,,,,,,,,,,,,,,,3.854,3.851,3.859,,,,233.103,0.0,0.0,,,,,265.448,262.0,272.0,,,0.0,8503.0,8531.0,0.0,0.0,0.0,0.0,0.0,0.0,29.0,0.0,0.0,0.0,29.0,0.0,0.0,0.0,0.0,0.0,"solar2_v,lipo2_v"
2022-10-28T05:00:00Z,29.0,29.0,,,,,,,,,,,,,,,3.853,3.851,3.857,,,,232.828,0.0,0.0,,,,,265.621,262.0,269.0,,,0.0,8532.0,8560.0,0.0,0.0,0.0,0.0,0.0,0.0,29.0,0.0,0.0,0.0,29.0,0.0,0.0,0.0,0.0,0.0,"solar2_v,lipo2_v"
2022-10-28T06:00:00Z,29.0,29.0,,,,,,,,,,,,,,,3.853,3.851,3.856,,,,232.655,0.0,0.0,,,,,270.448,267.0,272.0,,,0.0,8561.0,8589.0,0.0,0.0,0.0,0.0,0.0,0.0,29.0,0.0,0.0,0.0,29.0,0.0,0.0,0.0,0.0,0.0,"solar2_v,lipo2_v"
2022-10-28T07:00:00Z,30.0,30.0,,,,,,,,,,,,,,,3.852,3.849,3.857,,,,232.567,0.0,0.0,,,,,267.867,264.0,272.0,,,0.0,8590.0,8619.0,0.0,0.0,0.0,0.0,0.0,0.0,30.0,0.0,0.0,0.0,30.0,0.0,0.0,0.0,0.0,0.0,"solar2_v,lipo2_v"
2022-10-28T08:00:00Z,29.0,29.0,,,,,,,,,,,,,,,3.852,3.849,3.854,,,,232.483,0.0,0.0,,,,,264.414,262.0,269.0,,,0.0,8620.0,8648.0,0.0,0.0,0.0,0.0,0.0,0.0,29.0,0.0,0.0,0.0,29.0,0.0,0.0,0.0,0.0,0.0,"solar2_v,lipo2_v"
2022-10-28T09:00:00Z,29.0,29.0,,,,,,,,,,,,,,,3.85,3.846,3.854,,,,232.793,0.0,0.0,,,,,264.241,261.0,268.0,,,0.0,8649.0,8677.0,0.0,0.0,0.0,0.0,0.0,0.0,29.0,0.0,0.0,0.0,29.0,0.0,0.0,0.0,0.0,0.0,"solar2_v,lipo2_v"
2022-10-28T10:00:00Z,29.0,29.0,,,,,,,,,,,,,,,3.85,3.847,3.852,,,,232.931,0.0,0.0,,,,,263.069,259.0,267.0,,,0.0,8678.0,8706.0,0.0,0.0,0.0,0.0,0.0,0.0,29.0,0.0,0.0,0.0,29.0,0.0,0.0,0.0,0.0,0.0,"solar2_v,lipo2_v"
2022-10-28T11:00:00Z,30.0,30.0,,,,,,,,,,,,,,,3.849,3.847,3.854,,,,232.633,0.0,0.0,,,,,261.5,259.0,264.0,,,0.0,8707.0,8736.0,0.0,0.0,0.0,0.0,0.0,0.0,30.0,0.0,0.0,0.0,30.0,0.0,0.0,0.0,0.0,0.0,"solar2_v,lipo2_v"
2022-10-28T12:00:00Z,29.0,29.0,,,,,,,,,,,,,,,3.849,3.846,3.852,,,,232.414,0.0,0.0,,,,,270.414,261.0,274.0,,,0.0,8737.0,8765.0,0.0,0.0,0.0,0.0,0.0,0.0,29.0,0.0,0.0,0.0,29.0,0.0,0.0,0.0,0.0,0.0,"solar2_v,lipo2_v"
2022-10-28T13:00:00Z,29.0,29.0,,,,,,,,,,,,,,,3.848,3.844,3.851,,,,232.448,0.0,0.0,,,,,271.517,267.0,277.0,,,0.0,8766.0,8794.0,0.0,0.0,0.0,0.0,0.0,0.0,29.0,0.0,0.0,0.0,29.0,0.0,0.0,0.0,0.0,0.0,"solar2_v,lipo2_v"
2022-10-28T14:00:00Z,29.0,29.0,,,,,,,,,,,,,,,3.848,3.846,3.852,,,,232.759,0.0,0.0,,,,,270.448,267.0,272.0,,,0.0,8795.0,8823.0,0.0,0.0,0.0,0.0,0.0,0.0,29.0,0.0,0.0,0.0,29.0,0.0,0.0,0.0,0.0,0.0,"solar2_v,lipo2_v"
2022-10-28T15:00:00Z,29.0,29.0,,,,,,,,,,,,,,,3.847,3.844,3.849,,,,232.414,0.0,0.0,,,,,269.448,267.0,272.0,,,0.0,8824.0,8852.0,0.0,0.0,0.0,0.0,0.0,0.0,29.0,0.0,0.0,0.0,29.0,0.0,0.0,0.0,0.0,0.0,"solar2_v,lipo2_v"
2022-10-28T16:00:00Z,30.0,30.0,,,,,,,,,,,,,,,3.846,3.844,3.849,,,,233.0,0.0,0.0,,,,,269.533,265.0,272.0,,,0.0,8853.0,8882.0,0.0,0.0,0.0,0.0,0.0,0.0,30.0,0.0,0.0,0.0,30.0,0.0,0.0,0.0,0.0,0.0,"solar2_v,lipo2_v"
2022-10-28T17:00:00Z,29.0,29.0,,,,,,,,,,,,,,,3.845,3.844,3.847,,,,233.138,0.0,0.0,,,,,263.448,261.0,270.0,,,0.0,8883.0,8911.0,0.0,0.0,0.0,0.0,0.0,0.0,29.0,0.0,0.0,0.0,29.0,0.0,0.0,0.0,0.0,0.0,"solar2_v,lipo2_v"
2022-10-28T18:00:00Z,29.0,29.0,,,,,,,,,,,,,,,3.844,3.842,3.849,,,,233.414,0.0,0.0,,,,,261.931,258.0,266.0,,,0.0,8912.0,8940.0,0.0,0.0,0.0,0.0,0.0,0.0,29.0,0.0,0.0,0.0,29.0,0.0,0.0,0.0,0.0,0.0,"solar2_v,lipo2_v"
2022-10-28T19:00:00Z,29.0,29.0,,,,,,,,,,,,,,,3.843,3.841,3.847,,,,233.0,0.0,0.0,,,,,261.241,259.0,264.0,,,0.0,8941.0,8969.0,0.0,0.0,0.0,0.0,0.0,0.0,29.0,0.0,0.0,0.0,29.0,0.0,0.0,0.0,0.0,0.0,"solar2_v,lipo2_v"
2022-10-28T20:00:00Z,30.0,30.0,,,,,,,,,,,,,,,3.844,3.841,3.847,,,,232.867,0.0,0.0,,,,,260.6,259.0,262.0,,,0.0,8970.0,8999.0,0.0,0.0,0.0,0.0,0.0,0.0,30.0,0.0,0.0,0.0,30.0,0.0,0.0,0.0,0.0,0.0,"solar2_v,lipo2_v"
2022-10-28T21:00:00Z,29.0,29.0,,,,,,,,,,,,,,,3.843,3.841,3.846,,,,233.138,0.0,0.0,,,,,260.034,258.0,262.0,,,0.0,9000.0,9028.0,0.0,0.0,0.0,0.0,0.0,0.0,29.0,0.0,0.0,0.0,29.0,0.0,0.0,0.0,0.0,0.0,"solar2_v,lipo2_v"
2022-10-28T22:00:00Z,29.0,29.0,,,,,,,,,,,,,,,3.842,3.841,3.846,,,,233.172,0.0,0.0,,,,,259.483,258.0,261.0,,,0.0,9029.0,9057.0,0.0,0.0,0.0,0.0,0.0,0.0,29.0,0.0,0.0,0.0,29.0,0.0,0.0,0.0,0.0,0.0,"solar2_v,lipo2_v"
2022-10-28T23:00:00Z,29.0,29.0,,,,,,,,,,,,,,,3.842,3.841,3.844,,,,232.621,0.0,0.0,,,,,258.448,258.0,260.0,,,0.0,9058.0,9086.0,0.0,0.0,0.0,0.0,0.0,0.0,29.0,0.0,0.0,0.0,29.0,0.0,0.0,0.0,0.0,0.0,"solar2_v,lipo2_v"
2022-10-29T00:00:00Z,29.0,29.0,,,,,,,,,,,,,,,3.841,3.838,3.844,,,,232.897,0.0,0.0,,,,,258.759,258.0,260.0,,,0.0,9087.0,9115.0,0.0,0.0,0.0,0.0,0.0,0.0,29.0,0.0,0.0,0.0,29.0,0.0,0.0,0.0,0.0,0.0,"solar2_v,lipo2_v"
2022-10-29T01:00:00Z,30.0,30.0,,,,,,,,,,,,,,,3.841,3.838,3.846,,,,232.533,0.0,0.0,,,,,260.033,258.0,264.0,,,0.0,9116.0,9145.0,0.0,0.0,0.0,0.0,0.0,0.0,30.0,0.0,0.0,0.0,30.0,0.0,0.0,0.0,0.0,0.0,"solar2_v,lipo2_v"
2022-10-29T02:00:00Z,29.0,29.0,,,,,,,,,,,,,,,3.841,3.839,3.844,,,,232.31,0.0,0.0,,,,,272.552,261.0,301.0,,,0.0,9146.0,9174.0,0.0,0.0,0.0,0.0,0.0,0.0,29.0,0.0,0.0,0.0,29.0,0.0,0.0,0.0,0.0,0.0,"solar2_v,lipo2_v"
2022-10-29T03:00:00Z,29.0,29.0,,,,,,,,,,,,,,,3.84,3.838,3.844,,,,232.207,0.0,0.0,,,,,294.897,273.0,304.0,,,0.0,9175.0,9203.0,0.0,0.0,0.0,0.0,0.0,0.0,29.0,0.0,0.0,0.0,29.0,0.0,0.0,0.0,0.0,0.0,"solar2_v,lipo2_v"
2022-10-29T04:00:00Z,29.0,29.0,,,,,,,,,,,,,,,3.84,3.838,3.842,,,,232.276,0.0,0.0,,,,,279.276,277.0,286.0,,,0.0,9204.0,9232.0,0.0,0.0,0.0,0.0,0.0,0.0,29.0,0.0,0.0,0.0,29.0,0.0,0.0,0.0,0.0,0.0,"solar2_v,lipo2_v"
2022-10-29T05:00:00Z,29.0,29.0,,,,,,,,,,,,,,,3.84,3.838,3.842,,,,231.621,0.0,0.0,,,,,273.103,267.0,279.0,,,0.0,9233.0,9261.0,0.0,0.0,0.0,0.0,0.0,0.0,29.0,0.0,0.0,0.0,29.0,0.0,0.0,0.0,0.0,0.0,"solar2_v,lipo2_v"
2022-10-29T06:00:00Z,30.0,30.0,,,,,,,,,,,,,,,3.839,3.836,3.841,,,,231.933,0.0,0.0,,,,,263.967,259.0,269.0,,,0.0,9262.0,9291.0,0.0,0.0,0.0,0.0,0.0,0.0,30.0,0.0,0.0,0.0,30.0,0.0,0.0,0.0,0.0,0.0,"solar2_v,lipo2_v"
2022-10-29T07:00:00Z,29.0,29.0,,,,,,,,,,,,,,,3.838,3.834,3.841,,,,232.103,0.0,0.0,,,,,260.172,258.0,263.0,,,0.0,9292.0,9320.0,0.0,0.0,0.0,0.0,0.0,0.0,29.0,0.0,0.0,0.0,29.0,0.0,0.0,0.0,0.0,0.0,"solar2_v,lipo2_v"
2022-10-29T08:00:00Z,29.0,29.0,,,,,,,,,,,,,,,3.837,3.834,3.839,,,,232.172,0.0,0.0,,,,,258.483,257.0,260.0,,,0.0,9321.0,9349.0,0.0,0.0,0.0,0.0,0.0,0.0,29.0,0.0,0.0,0.0,29.0,0.0,0.0,0.0,0.0,0.0,"solar2_v,lipo2_v"
2022-10-29T09:00:00Z,29.0,29.0,,,,,,,,,,,,,,,3.837,3.834,3.839,,,,232.138,0.0,0.0,,,,,257.828,257.0,259.0,,,0.0,9350.0,9378.0,0.0,0.0,0.0,0.0,0.0,0.0,29.0,0.0,0.0,0.0,29.0,0.0,0.0,0.0,0.0,0.0,"solar2_v,lipo2_v"
2022-10-29T10:00:00Z,30.0,30.0,,,,,,,,,,,,,,,3.837,3.834,3.839,,,,232.7,0.0,0.0,,,,,257.667,256.0,258.0,,,0.0,9379.0,9408.0,0.0,0.0,0.0,0.0,0.0,0.0,30.0,0.0,0.0,0.0,30.0,0.0,0.0,0.0,0.0,0.0,"solar2_v,lipo2_v"
2022-10-29T11:00:00Z,28.0,28.0,,,,,,,,,,,,,,,3.835,3.833,3.838,,,,232.393,0.0,0.0,,,,,257.464,256.0,258.0,,,0.0,9409.0,9437.0,0.0,0.0,0.0,0.0,0.0,0.0,28.0,0.0,0.0,0.0,28.0,0.0,0.0,0.0,0.0,0.0,"solar2_v,lipo2_v"
2022-10-29T12:00:00Z,29.0,29.0,,,,,,,,,,,,,,,3.834,3.833,3.839,,,,232.345,0.0,0.0,,,,,256.448,252.0,258.0,,,0.0,9438.0,9466.0,0.0,0.0,0.0,0.0,0.0,0.0,29.0,0.0,0.0,0.0,29.0,0.0,0.0,0.0,0.0,0.0,"solar2_v,lipo2_v"
2022-10-29T13:00:00Z,29.0,29.0,,,,,,,,,,,,,,,3.833,3.829,3.838,,,,232.517,0.0,0.0,,,,,256.034,253.0,257.0,,,0.0,9467.0,9495.0,0.0,0.0,0.0,0.0,0.0,0.0,29.0,0.0,0.0,0.0,29.0,0.0,0.0,0.0,0.0,0.0,"solar2_v,lipo2_v"
2022-10-29T14:00:00Z,30.0,30.0,,,,,,,,,,,,,,,3.833,3.829,3.836,,,,232.233,0.0,0.0,,,,,255.4,252.0,257.0,,,0.0,9496.0,9525.0,0.0,0.0,0.0,0.0,0.0,0.0,30.0,0.0,0.0,0.0,30.0,0.0,0.0,0.0,0.0,0.0,"solar2_v,lipo2_v"
2022-10-29T15:00:00Z,29.0,29.0,,,,,,,,,,,,,,,3.832,3.828,3.834,,,,232.241,0.0,0.0,,,,,255.586,253.0,257.0,,,0.0,9526.0,9554.0,0.0,0.0,0.0,0.0,0.0,0.0,29.0,0.0,0.0,0.0,29.0,0.0,0.0,0.0,0.0,0.0,"solar2_v,lipo2_v"
2022-10-29T16:00:00Z,29.0,29.0,,,,,,,,,,,,,,,3.832,3.828,3.836,,,,232.138,0.0,0.0,,,,,256.379,254.0,258.0,,,0.0,9555.0,9583.0,0.0,0.0,0.0,0.0,0.0,0.0,29.0,0.0,0.0,0.0,29.0,0.0,0.0,0.0,0.0,0.0,"solar2_v,lipo2_v"
2022-10-29T17:00:00Z,29.0,29.0,,,,,,,,,,,,,,,3.83,3.826,3.836,,,,231.966,0.0,0.0,,,,,255.448,252.0,257.0,,,0.0,9584.0,9612.0,0.0,0.0,0.0,0.0,0.0,0.0,29.0,0.0,0.0,0.0,29.0,0.0,0.0,0.0,0.0,0.0,"solar2_v,lipo2_v"
2022-10-29T18:00:00Z,29.0,29.0,,,,,,,,,,,,,,,3.829,3.828,3.833,,,,232.448,0.0,0.0,,,,,254.172,251.0,257.0,,,0.0,9613.0,9641.0,0.0,0.0,0.0,0.0,0.0,0.0,29.0,0.0,0.0,0.0,29.0,0.0,0.0,0.0,0.0,0.0,"solar2_v,lipo2_v"
2022-10-29T19:00:00Z,30.0,30.0,,,,,,,,,,,,,,,3.829,3.826,3.833,,,,232.467,0.0,0.0,,,,,255.4,252.0,257.0,,,0.0,9642.0,9671.0,0.0,0.0,0.0,0.0,0.0,0.0,30.0,0.0,0.0,0.0,30.0,0.0,0.0,0.0,0.0,0.0,"solar2_v,lipo2_v"
2022-10-29T20:00:00Z,29.0,29.0,,,,,,,,,,,,,,,3.828,3.826,3.831,,,,232.586,0.0,0.0,,,,,255.276,252.0,257.0,,,0.0,9672.0,9700.0,0.0,0.0,0.0,0.0,0.0,0.0,29.0,0.0,0.0,0.0,29.0,0.0,0.0,0.0,0.0,0.0,"solar2_v,lipo2_v"
2022-10-29T21:00:00Z,29.0,29.0,,,,,,,,,,,,,,,3.827,3.824,3.831,,,,233.276,0.0,0.0,,,,,255.138,252.0,257.0,,,0.0,9701.0,9729.0,0.0,0.0,0.0,0.0,0.0,0.0,29.0,0.0,0.0,0.0,29.0,0.0,0.0,0.0,0.0,0.0,"solar2_v,lipo2_v"
2022-10-29T22:00:00Z,29.0,29.0,,,,,,,,,,,,,,,3.827,3.824,3.829,,,,232.897,0.0,0.0,,,,,254.483,252.0,257.0,,,0.0,9730.0,9758.0,0.0,0.0,0.0,0.0,0.0,0.0,29.0,0.0,0.0,0.0,29.0,0.0,0.0,0.0,0.0,0.0,"solar2_v,lipo2_v"
2022-10-29T23:00:00Z,14.0,14.0,,,,,,,,,,,,,,,3.825,3.823,3.828,,,,232.857,0.0,0.0,,,,,254.286,253.0,256.0,,,0.0,9759.0,9780.0,0.0,0.0,0.0,0.0,0.0,0.0,14.0,0.0,0.0,0.0,14.0,0.0,0.0,0.0,0.0,0.0,"solar2_v,lipo2_v"
2022-10-30T00:00:00Z,15.0,15.0,,,,,,,,,,,,,,,3.823,3.821,3.826,,,,232.267,0.0,0.0,,,,,251.933,248.0,254.0,,,0.0,9800.0,9814.0,0.0,0.0,0.0,0.0,0.0,0.0,15.0,0.0,0.0,0.0,15.0,0.0,0.0,0.0,0.0,0.0,"solar2_v,lipo2_v"
2022-10-30T01:00:00Z,29.0,29.0,,,,,,,,,,,,,,,3.822,3.819,3.824,,,,232.103,0.0,0.0,,,,,251.241,248.0,255.0,,,0.0,9815.0,9843.0,0.0,0.0,0.0,0.0,0.0,0.0,29.0,0.0,0.0,0.0,29.0,0.0,0.0,0.0,0.0,0.0,"solar2_v,lipo2_v"
2022-10-30T02:00:00Z,29.0,29.0,,,,,,,,,,,,,,,3.822,3.819,3.826,,,,232.345,0.0,0.0,,,,,253.759,249.0,257.0,,,0.0,9844.0,9872.0,0.0,0.0,0.0,0.0,0.0,0.0,29.0,0.0,0.0,0.0,29.0,0.0,0.0,0.0,0.0,0.0,"solar2_v,lipo2_v"
2022-10-30T03:00:00Z,29.0,29.0,,,,,,,,,,,,,,,3.822,3.821,3.824,,,,232.793,0.0,0.0,,,,,256.69,252.0,262.0,,,0.0,9873.0,9901.0,0.0,0.0,0.0,0.0,0.0,0.0,29.0,0.0,0.0,0.0,29.0,0.0,0.0,0.0,0.0,0.0,"solar2_v,lipo2_v"
2022-10-30T04:00:00Z,29.0,29.0,,,,,,,,,,,,,,,3.82,3.818,3.824,,,,234.379,0.0,0.0,,,,,257.931,255.0,259.0,,,0.0,9902.0,9930.0,0.0,0.0,0.0,0.0,0.0,0.0,29.0,0.0,0.0,0.0,29.0,0.0,0.0,0.0,0.0,0.0,"solar2_v,lipo2_v"
2022-10-30T05:00:00Z,30.0,30.0,,,,,,,,,,,,,,,3.819,3.818,3.823,,,,235.167,0.0,0.0,,,,,244.967,240.0,252.0,,,0.0,9931.0,9960.0,0.0,0.0,0.0,0.0,0.0,0.0,30.0,0.0,0.0,0.0,30.0,0.0,0.0,0.0,0.0,0.0,"solar2_v,lipo2_v"
2022-10-30T06:00:00Z,29.0,29.0,,,,,,,,,,,,,,,3.819,3.818,3.821,,,,235.138,0.0,0.0,,,,,236.724,233.0,241.0,,,0.0,9961.0,9989.0,0.0,0.0,0.0,0.0,0.0,0.0,29.0,0.0,0.0,0.0,29.0,0.0,0.0,0.0,0.0,0.0,"solar2_v,lipo2_v"
2022-10-30T07:00:00Z,29.0,29.0,,,,,,,,,,,,,,,3.818,3.818,3.821,,,,235.0,0.0,0.0,,,,,230.172,220.0,238.0,,,0.0,9990.0,10018.0,0.0,0.0,0.0,0.0,0.0,0.0,29.0,0.0,0.0,0.0,29.0,0.0,0.0,0.0,0.0,0.0,"solar2_v,lipo2_v"
2022-10-30T08:00:00Z,29.0,29.0,,,,,,,,,,,,,,,3.818,3.818,3.821,,,,233.414,0.0,0.0,,,,,232.31,218.0,258.0,,,0.0,10019.0,10047.0,0.0,0.0,0.0,0.0,0.0,0.0,29.0,0.0,0.0,0.0,29.0,0.0,0.0,0.0,0.0,0.0,"solar2_v,lipo2_v"
2022-10-30T09:00:00Z,30.0,30.0,,,,,,,,,,,,,,,3.818,3.818,3.821,,,,233.167,0.0,0.0,,,,,246.833,237.0,255.0,,,0.0,10048.0,10077.0,0.0,0.0,0.0,0.0,0.0,0.0,30.0,0.0,0.0,0.0,30.0,0.0,0.0,0.0,0.0,0.0,"solar2_v,lipo2_v"
2022-10-30T10:00:00Z,29.0,29.0,,,,,,,,,,,,,,,3.818,3.816,3.821,,,,233.069,0.0,0.0,,,,,255.862,252.0,258.0,,,0.0,10078.0,10106.0,0.0,0.0,0.0,0.0,0.0,0.0,29.0,0.0,0.0,0.0,29.0,0.0,0.0,0.0,0.0,0.0,"solar2_v,lipo2_v"
2022-10-30T11:00:00Z,29.0,29.0,,,,,,,,,,,,,,,3.818,3.816,3.819,,,,232.655,0.0,0.0,,,,,257.69,255.0,261.0,,,0.0,10107.0,10135.0,0.0,0.0,0.0,0.0,0.0,0.0,29.0,0.0,0.0,0.0,29.0,0.0,0.0,0.0,0.0,0.0,"solar2_v,lipo2_v"
2022-10-30T12:00:00Z,28.0,28.0,,,,,,,,,,,,,,,3.818,3.816,3.821,,,,232.679,0.0,0.0,,,,,261.786,258.0,267.0,,,0.0,10136.0,10164.0,0.0,0.0,0.0,0.0,0.0,0.0,28.0,0.0,0.0,0.0,28.0,0.0,0.0,0.0,0.0,0.0,"solar2_v,lipo2_v"
2022-10-30T13:00:00Z,30.0,30.0,,,,,,,,,,,,,,,3.817,3.816,3.818,,,,232.4,0.0,0.0,,,,,264.1,261.0,268.0,,,0.0,10165.0,10194.0,0.0,0.0,0.0,0.0,0.0,0.0,30.0,0.0,0.0,0.0,30.0,0.0,0.0,0.0,0.0,0.0,"solar2_v,lipo2_v"
2022-10-30T14:00:00Z,29.0,29.0,,,,,,,,,,,,,,,3.817,3.816,3.818,,,,235.172,0.0,0.0,,,,,246.69,237.0,262.0,,,0.0,10195.0,10223.0,0.0,0.0,0.0,0.0,0.0,0.0,29.0,0.0,0.0,0.0,29.0,0.0,0.0,0.0,0.0,0.0,"solar2_v,lipo2_v"
2022-10-30T15:00:00Z,29.0,29.0,,,,,,,,,,,,,,,3.816,3.816,3.818,,,,236.207,0.0,0.0,,,,,245.793,238.0,251.0,,,0.0,10224.0,10252.0,0.0,0.0,0.0,0.0,0.0,0.0,29.0,0.0,0.0,0.0,29.0,0.0,0.0,0.0,0.0,0.0,"solar2_v,lipo2_v"
2022-10-30T16:00:00Z,29.0,29.0,,,,,,,,,,,,,,,3.816,3.814,3.818,,,,235.586,0.0,0.0,,,,,255.138,246.0,271.0,,,0.0,10253.0,10281.0,0.0,0.0,0.0,0.0,0.0,0.0,29.0,0.0,0.0,0.0,29.0,0.0,0.0,0.0,0.0,0.0,"solar2_v,lipo2_v"
2022-10-30T17:00:00Z,29.0,29.0,,,,,,,,,,,,,,,3.816,3.814,3.816,,,,233.655,0.0,0.0,,,,,259.276,245.0,286.0,,,0.0,10282.0,10310.0,0.0,0.0,0.0,0.0,0.0,0.0,29.0,0.0,0.0,0.0,29.0,0.0,0.0,0.0,0.0,0.0,"solar2_v,lipo2_v"
2022-10-30T18:00:00Z,30.0,30.0,,,,,,,,,,,,,,,3.816,3.814,3.818,,,,233.733,0.0,0.0,,,,,256.2,247.0,262.0,,,0.0,10311.0,10340.0,0.0,0.0,0.0,0.0,0.0,0.0,30.0,0.0,0.0,0.0,30.0,0.0,0.0,0.0,0.0,0.0,"solar2_v,lipo2_v"
2022-10-30T19:00:00Z,28.0,28.0,,,,,,,,,,,,,,,3.815,3.813,3.818,,,,233.107,0.0,0.0,,,,,257.786,245.0,272.0,,,0.0,10341.0,10368.0,0.0,0.0,0.0,0.0,0.0,0.0,28.0,0.0,0.0,0.0,28.0,0.0,0.0,0.0,0.0,0.0,"solar2_v,lipo2_v"
2022-10-30T20:00:00Z,29.0,29.0,,,,,,,,,,,,,,,3.814,3.811,3.816,,,,235.034,0.0,0.0,,,,,249.207,246.0,259.0,,,0.0,10369.0,10397.0,0.0,0.0,0.0,0.0,0.0,0.0,29.0,0.0,0.0,0.0,29.0,0.0,0.0,0.0,0.0,0.0,"solar2_v,lipo2_v"
2022-10-30T21:00:00Z,29.0,29.0,,,,,,,,,,,,,,,3.813,3.811,3.816,,,,234.862,0.0,0.0,,,,,256.172,245.0,278.0,,,0.0,10398.0,10426.0,0.0,0.0,0.0,0.0,0.0,0.0,29.0,0.0,0.0,0.0,29.0,0.0,0.0,0.0,0.0,0.0,"solar2_v,lipo2_v"
2022-10-30T22:00:00Z,27.0,27.0,,,,,,,,,,,,,,,3.814,3.811,3.816,,,,233.593,0.0,0.0,,,,,255.259,247.0,262.0,,,0.0,10427.0,10455.0,0.0,0.0,0.0,0.0,0.0,0.0,27.0,0.0,0.0,0.0,27.0,0.0,0.0,0.0,0.0,0.0,"solar2_v,lipo2_v"
2022-10-30T23:00:00Z,30.0,30.0,,,,,,,,,,,,,,,3.812,3.809,3.814,,,,235.133,0.0,0.0,,,,,252.333,241.0,267.0,,,0.0,10456.0,10485.0,0.0,0.0,0.0,0.0,0.0,0.0,30.0,0.0,0.0,0.0,30.0,0.0,0.0,0.0,0.0,0.0,"solar2_v,lipo2_v"
2022-10-31T00:00:00Z,29.0,29.0,,,,,,,,,,,,,,,3.812,3.809,3.814,,,,234.931,0.0,0.0,,,,,269.828,252.0,289.0,,,0.0,10486.0,10514.0,0.0,0.0,0.0,0.0,0.0,0.0,29.0,0.0,0.0,0.0,29.0,0.0,0.0,0.0,0.0,0.0,"solar2_v,lipo2_v"
2022-10-31T01:00:00Z,29.0,29.0,,,,,,,,,,,,,,,3.811,3.809,3.814,,,,232.966,0.0,0.0,,,,,265.172,251.0,289.0,,,0.0,10515.0,10543.0,0.0,0.0,0.0,0.0,0.0,0.0,29.0,0.0,0.0,0.0,29.0,0.0,0.0,0.0,0.0,0.0,"solar2_v,lipo2_v"
2022-10-31T02:00:00Z,29.0,29.0,,,,,,,,,,,,,,,3.811,3.808,3.814,,,,232.621,0.0,0.0,,,,,270.552,266.0,272.0,,,0.0,10544.0,10572.0,0.0,0.0,0.0,0.0,0.0,0.0,29.0,0.0,0.0,0.0,29.0,0.0,0.0,0.0,0.0,0.0,"solar2_v,lipo2_v"
2022-10-31T03:00:00Z,30.0,30.0,,,,,,,,,,,,,,,3.81,3.806,3.813,,,,232.333,0.0,0.0,,,,,277.267,271.0,286.0,,,0.0,10573.0,10602.0,0.0,0.0,0.0,0.0,0.0,0.0,30.0,0.0,0.0,0.0,30.0,0.0,0.0,0.0,0.0,0.0,"solar2_v,lipo2_v"
2022-10-31T04:00:00Z,29.0,29.0,,,,,,,,,,,,,,,3.81,3.806,3.813,,,,231.897,0.0,0.0,,,,,293.655,277.0,307.0,,,0.0,10603.0,10631.0,0.0,0.0,0.0,0.0,0.0,0.0,29.0,0.0,0.0,0.0,29.0,0.0,0.0,0.0,0.0,0.0,"solar2_v,lipo2_v"
2022-10-31T05:00:00Z,29.0,29.0,,,,,,,,,,,,,,,3.809,3.806,3.813,,,,231.552,0.0,0.0,,,,,303.276,300.0,306.0,,,0.0,10632.0,10660.0,0.0,0.0,0.0,0.0,0.0,0.0,29.0,0.0,0.0,0.0,29.0,0.0,0.0,0.0,0.0,0.0,"solar2_v,lipo2_v"
2022-10-31T06:00:00Z,29.0,29.0,,,,,,,,,,,,,,,3.809,3.805,3.811,,,,231.621,0.0,0.0,,,,,296.69,292.0,301.0,,,0.0,10661.0,10689.0,0.0,0.0,0.0,0.0,0.0,0.0,29.0,0.0,0.0,0.0,29.0,0.0,0.0,0.0,0.0,0.0,"solar2_v,lipo2_v"
2022-10-31T07:00:00Z,29.0,29.0,,,,,,,,,,,,,,,3.808,3.805,3.811,,,,231.483,0.0,0.0,,,,,292.793,290.0,299.0,,,0.0,10690.0,10718.0,0.0,0.0,0.0,0.0,0.0,0.0,29.0,0.0,0.0,0.0,29.0,0.0,0.0,0.0,0.0,0.0,"solar2_v,lipo2_v"
2022-10-31T08:00:00Z,30.0,30.0,,,,,,,,,,,,,,,3.807,3.803,3.809,,,,231.6,0.0,0.0,,,,,292.2,289.0,295.0,,,0.0,10719.0,10748.0,0.0,0.0,0.0,0.0,0.0,0.0,30.0,0.0,0.0,0.0,30.0,0.0,0.0,0.0,0.0,0.0,"solar2_v,lipo2_v"
2022-10-31T09:00:00Z,29.0,29.0,,,,,,,,,,,,,,,3.805,3.801,3.808,,,,231.793,0.0,0.0,,,,,291.793,289.0,296.0,,,0.0,10749.0,10777.0,0.0,0.0,0.0,0.0,0.0,0.0,29.0,0.0,0.0,0.0,29.0,0.0,0.0,0.0,0.0,0.0,"solar2_v,lipo2_v"
2022-10-31T10:00:00Z,29.0,29.0,,,,,,,,,,,,,,,3.804,3.801,3.808,,,,231.69,0.0,0.0,,,,,289.483,287.0,293.0,,,0.0,10778.0,10806.0,0.0,0.0,0.0,0.0,0.0,0.0,29.0,0.0,0.0,0.0,29.0,0.0,0.0,0.0,0.0,0.0,"solar2_v,lipo2_v"
2022-10-31T11:00:00Z,29.0,29.0,,,,,,,,,,,,,,,3.805,3.805,3.808,,,,231.793,0.0,0.0,,,,,289.034,286.0,293.0,,,0.0,10807.0,10835.0,0.0,0.0,0.0,0.0,0.0,0.0,29.0,0.0,0.0,0.0,29.0,0.0,0.0,0.0,0.0,0.0,"solar2_v,lipo2_v"
2022-10-31T12:00:00Z,30.0,30.0,,,,,,,,,,,,,,,3.805,3.803,3.808,,,,232.0,0.0,0.0,,,,,286.933,286.0,290.0,,,0.0,10836.0,10865.0,0.0,0.0,0.0,0.0,0.0,0.0,30.0,0.0,0.0,0.0,30.0,0.0,0.0,0.0,0.0,0.0,"solar2_v,lipo2_v"
2022-10-31T13:00:00Z,29.0,29.0,,,,,,,,,,,,,,,3.803,3.801,3.806,,,,231.586,0.0,0.0,,,,,286.552,286.0,289.0,,,0.0,10866.0,10894.0,0.0,0.0,0.0,0.0,0.0,0.0,29.0,0.0,0.0,0.0,29.0,0.0,0.0,0.0,0.0,0.0,"solar2_v,lipo2_v"
2022-10-31T14:00:00Z,29.0,29.0,,,,,,,,,,,,,,,3.802,3.801,3.805,,,,232.966,0.0,0.0,,,,,275.69,256.0,290.0,,,0.0,10895.0,10923.0,0.0,0.0,0.0,0.0,0.0,0.0,29.0,0.0,0.0,0.0,29.0,0.0,0.0,0.0,0.0,0.0,"solar2_v,lipo2_v"
2022-10-31T15:00:00Z,29.0,29.0,,,,,,,,,,,,,,,3.801,3.8,3.803,,,,235.069,0.0,0.0,,,,,252.517,247.0,258.0,,,0.0,10924.0,10952.0,0.0,0.0,0.0,0.0,0.0,0.0,29.0,0.0,0.0,0.0,29.0,0.0,0.0,0.0,0.0,0.0,"solar2_v,lipo2_v"
2022-10-31T16:00:00Z,30.0,30.0,,,,,,,,,,,,,,,3.8,3.798,3.803,,,,235.5,0.0,0.0,,,,,248.7,245.0,258.0,,,0.0,10953.0,10982.0,0.0,0.0,0.0,0.0,0.0,0.0,30.0,0.0,0.0,0.0,30.0,0.0,0.0,0.0,0.0,0.0,"solar2_v,lipo2_v"
2022-10-31T17:00:00Z,29.0,29.0,,,,,,,,,,,,,,,3.799,3.796,3.8,,,,235.069,0.0,0.0,,,,,246.655,236.0,258.0,,,0.0,10983.0,11011.0,0.0,0.0,0.0,0.0,0.0,0.0,29.0,0.0,0.0,0.0,29.0,0.0,0.0,0.0,0.0,0.0,"solar2_v,lipo2_v"
2022-10-31T18:00:00Z,20.0,20.0,,,,,,,,,,,,,,,3.797,3.796,3.798,,,,233.65,0.0,0.0,,,,,255.95,239.0,286.0,,,0.0,11012.0,11040.0,0.0,0.0,0.0,0.0,0.0,0.0,20.0,0.0,0.0,0.0,20.0,0.0,0.0,0.0,0.0,0.0,"solar2_v,lipo2_v"
2022-10-31T19:00:00Z,29.0,29.0,,,,,,,,,,,,,,,3.796,3.795,3.798,,,,233.276,0.0,0.0,,,,,269.966,261.0,282.0,,,0.0,11041.0,11069.0,0.0,0.0,0.0,0.0,0.0,0.0,29.0,0.0,0.0,0.0,29.0,0.0,0.0,0.0,0.0,0.0,"solar2_v,lipo2_v"
2022-10-31T20:00:00Z,29.0,29.0,,,,,,,,,,,,,,,3.796,3.795,3.798,,,,233.0,0.0,0.0,,,,,271.69,269.0,275.0,,,0.0,11070.0,11099.0,0.0,0.0,0.0,0.0,0.0,0.0,29.0,0.0,0.0,0.0,29.0,0.0,0.0,0.0,0.0,0.0,"solar2_v,lipo2_v"
2022-10-31T21:00:00Z,29.0,29.0,,,,,,,,,,,,,,,3.795,3.793,3.796,,,,232.655,0.0,0.0,,,,,273.103,267.0,286.0,,,0.0,11100.0,11128.0,0.0,0.0,0.0,0.0,0.0,0.0,29.0,0.0,0.0,0.0,29.0,0.0,0.0,0.0,0.0,0.0,"solar2_v,lipo2_v"
2022-10-31T22:00:00Z,29.0,29.0,,,,,,,,,,,,,,,3.795,3.793,3.796,,,,232.759,0.0,0.0,,,,,273.0,271.0,277.0,,,0.0,11129.0,11157.0,0.0,0.0,0.0,0.0,0.0,0.0,29.0,0.0,0.0,0.0,29.0,0.0,0.0,0.0,0.0,0.0,"solar2_v,lipo2_v"
2022-10-31T23:00:00Z,29.0,29.0,,,,,,,,,,,,,,,3.793,3.791,3.795,,,,232.793,0.0,0.0,,,,,271.345,268.0,272.0,,,0.0,11158.0,11186.0,0.0,0.0,0.0,0.0,0.0,0.0,29.0,0.0,0.0,0.0,29.0,0.0,0.0,0.0,0.0,0.0,"solar2_v,lipo2_v"
2022-11-01T00:00:00Z,29.0,29.0,,,,,,,,,,,,,,,3.792,3.791,3.795,,,,232.621,0.0,0.0,,,,,272.483,272.0,276.0,,,0.0,11187.0,11215.0,0.0,0.0,0.0,0.0,0.0,0.0,29.0,0.0,0.0,0.0,29.0,0.0,0.0,0.0,0.0,0.0,"solar2_v,lipo2_v"
2022-11-01T01:00:00Z,30.0,30.0,,,,,,,,,,,,,,,3.791,3.79,3.793,,,,232.1,0.0,0.0,,,,,275.067,272.0,279.0,,,0.0,11216.0,11245.0,0.0,0.0,0.0,0.0,0.0,0.0,30.0,0.0,0.0,0.0,30.0,0.0,0.0,0.0,0.0,0.0,"solar2_v,lipo2_v"
2022-11-01T02:00:00Z,29.0,29.0,,,,,,,,,,,,,,,3.79,3.79,3.791,,,,231.586,0.0,0.0,,,,,277.828,276.0,282.0,,,0.0,11246.0,11274.0,0.0,0.0,0.0,0.0,0.0,0.0,29.0,0.0,0.0,0.0,29.0,0.0,0.0,0.0,0.0,0.0,"solar2_v,lipo2_v"
2022-11-01T03:00:00Z,9.0,9.0,,,,,,,,,,,,,,,3.79,3.788,3.791,,,,231.556,0.0,0.0,,,,,283.0,280.0,289.0,,,0.0,11275.0,11298.0,0.0,0.0,0.0,0.0,0.0,0.0,9.0,0.0,0.0,0.0,9.0,0.0,0.0,0.0,0.0,0.0,"solar2_v,lipo2_v"
2022-11-01T04:00:00Z,8.0,8.0,,,,,,,,,,,,,,,3.785,3.783,3.788,,,,231.25,0.0,0.0,,,,,283.0,279.0,288.0,,,0.0,11302.0,11328.0,0.0,0.0,0.0,0.0,0.0,0.0,8.0,0.0,0.0,0.0,8.0,0.0,0.0,0.0,0.0,0.0,"solar2_v,lipo2_v"
2022-11-01T05:00:00Z,29.0,29.0,,,,,,,,,,,,,,,3.784,3.781,3.785,,,,231.655,0.0,0.0,,,,,277.0,273.0,281.0,,,0.0,11329.0,11357.0,0.0,0.0,0.0,0.0,0.0,0.0,29.0,0.0,0.0,0.0,29.0,0.0,0.0,0.0,0.0,0.0,"solar2_v,lipo2_v"
2022-11-01T06:00:00Z,30.0,30.0,,,,,,,,,,,,,,,3.782,3.781,3.785,,,,231.8,0.0,0.0,,,,,273.4,272.0,277.0,,,0.0,11358.0,11387.0,0.0,0.0,0.0,0.0,0.0,0.0,30.0,0.0,0.0,0.0,30.0,0.0,0.0,0.0,0.0,0.0,"solar2_v,lipo2_v"
2022-11-01T07:00:00Z,29.0,29.0,,,,,,,,,,,,,,,3.781,3.778,3.783,,,,231.724,0.0,0.0,,,,,272.448,272.0,274.0,,,0.0,11388.0,11416.0,0.0,0.0,0.0,0.0,0.0,0.0,29.0,0.0,0.0,0.0,29.0,0.0,0.0,0.0,0.0,0.0,"solar2_v,lipo2_v"
2022-11-01T08:00:00Z,29.0,29.0,,,,,,,,,,,,,,,3.779,3.775,3.781,,,,231.793,0.0,0.0,,,,,272.966,272.0,275.0,,,0.0,11417.0,11445.0,0.0,0.0,0.0,0.0,0.0,0.0,29.0,0.0,0.0,0.0,29.0,0.0,0.0,0.0,0.0,0.0,"solar2_v,lipo2_v"
2022-11-01T09:00:00Z,29.0,29.0,,,,,,,,,,,,,,,3.777,3.773,3.78,,,,231.276,0.0,0.0,,,,,272.241,272.0,274.0,,,0.0,11446.0,11474.0,0.0,0.0,0.0,0.0,0.0,0.0,29.0,0.0,0.0,0.0,29.0,0.0,0.0,0.0,0.0,0.0,"solar2_v,lipo2_v"
2022-11-01T10:00:00Z,30.0,30.0,,,,,,,,,,,,,,,3.775,3.773,3.778,,,,232.033,0.0,0.0,,,,,272.367,272.0,274.0,,,0.0,11475.0,11504.0,0.0,0.0,0.0,0.0,0.0,0.0,30.0,0.0,0.0,0.0,30.0,0.0,0.0,0.0,0.0,0.0,"solar2_v,lipo2_v"
2022-11-01T11:00:00Z,29.0,29.0,,,,,,,,,,,,,,,3.774,3.773,3.776,,,,231.793,0.0,0.0,,,,,271.966,271.0,272.0,,,0.0,11505.0,11533.0,0.0,0.0,0.0,0.0,0.0,0.0,29.0,0.0,0.0,0.0,29.0,0.0,0.0,0.0,0.0,0.0,"solar2_v,lipo2_v"
2022-11-01T12:00:00Z,29.0,29.0,,,,,,,,,,,,,,,3.773,3.772,3.775,,,,231.552,0.0,0.0,,,,,271.931,270.0,272.0,,,0.0,11534.0,11562.0,0.0,0.0,0.0,0.0,0.0,0.0,29.0,0.0,0.0,0.0,29.0,0.0,0.0,0.0,0.0,0.0,"solar2_v,lipo2_v"
2022-11-01T13:00:00Z,29.0,29.0,,,,,,,,,,,,,,,3.771,3.77,3.773,,,,232.034,0.0,0.0,,,,,271.966,271.0,272.0,,,0.0,11563.0,11591.0,0.0,0.0,0.0,0.0,0.0,0.0,29.0,0.0,0.0,0.0,29.0,0.0,0.0,0.0,0.0,0.0,"solar2_v,lipo2_v"
2022-11-01T14:00:00Z,29.0,29.0,,,,,,,,,,,,,,,3.769,3.768,3.77,,,,231.828,0.0,0.0,,,,,272.0,272.0,272.0,,,0.0,11592.0,11620.0,0.0,0.0,0.0,0.0,0.0,0.0,29.0,0.0,0.0,0.0,29.0,0.0,0.0,0.0,0.0,0.0,"solar2_v,lipo2_v"
2022-11-01T15:00:00Z,29.0,29.0,,,,,,,,,,,,,,,3.768,3.767,3.77,,,,232.034,0.0,0.0,,,,,272.034,272.0,273.0,,,0.0,11621.0,11650.0,0.0,0.0,0.0,0.0,0.0,0.0,29.0,0.0,0.0,0.0,29.0,0.0,0.0,0.0,0.0,0.0,"solar2_v,lipo2_v"
2022-11-01T16:00:00Z,29.0,29.0,,,,,,,,,,,,,,,3.767,3.765,3.768,,,,232.0,0.0,0.0,,,,,272.069,272.0,273.0,,,0.0,11651.0,11679.0,0.0,0.0,0.0,0.0,0.0,0.0,29.0,0.0,0.0,0.0,29.0,0.0,0.0,0.0,0.0,0.0,"solar2_v,lipo2_v"
2022-11-01T17:00:00Z,29.0,29.0,,,,,,,,,,,,,,,3.766,3.765,3.768,,,,232.0,0.0,0.0,,,,,271.586,270.0,272.0,,,0.0,11680.0,11708.0,0.0,0.0,0.0,0.0,0.0,0.0,29.0,0.0,0.0,0.0,29.0,0.0,0.0,0.0,0.0,0.0,"solar2_v,lipo2_v"
2022-11-01T18:00:00Z,29.0,29.0,,,,,,,,,,,,,,,3.765,3.763,3.767,,,,232.103,0.0,0.0,,,,,269.69,267.0,271.0,,,0.0,11709.0,11737.0,0.0,0.0,0.0,0.0,0.0,0.0,29.0,0.0,0.0,0.0,29.0,0.0,0.0,0.0,0.0,0.0,"solar2_v,lipo2_v"
2022-11-01T19:00:00Z,30.0,30.0,,,,,,,,,,,,,,,3.764,3.763,3.765,,,,231.9,0.0,0.0,,,,,267.667,265.0,271.0,,,0.0,11738.0,11767.0,0.0,0.0,0.0,0.0,0.0,0.0,30.0,0.0,0.0,0.0,30.0,0.0,0.0,0.0,0.0,0.0,"solar2_v,lipo2_v"
2022-11-01T20:00:00Z,29.0,29.0,,,,,,,,,,,,,,,3.763,3.763,3.765,,,,232.172,0.0,0.0,,,,,267.103,264.0,269.0,,,0.0,11768.0,11796.0,0.0,0.0,0.0,0.0,0.0,0.0,29.0,0.0,0.0,0.0,29.0,0.0,0.0,0.0,0.0,0.0,"solar2_v,lipo2_v"
2022-11-01T21:00:00Z,29.0,29.0,,,,,,,,,,,,,,,3.763,3.762,3.763,,,,232.276,0.0,0.0,,,,,266.069,263.0,268.0,,,0.0,11797.0,11825.0,0.0,0.0,0.0,0.0,0.0,0.0,29.0,0.0,0.0,0.0,29.0,0.0,0.0,0.0,0.0,0.0,"solar2_v,lipo2_v"
2022-11-01T22:00:00Z,29.0,29.0,,,,,,,,,,,,,,,3.762,3.76,3.763,,,,232.034,0.0,0.0,,,,,264.621,262.0,267.0,,,0.0,11826.0,11854.0,0.0,0.0,0.0,0.0,0.0,0.0,29.0,0.0,0.0,0.0,29.0,0.0,0.0,0.0,0.0,0.0,"solar2_v,lipo2_v"
2022-11-01T23:00:00Z,30.0,30.0,,,,,,,,,,,,,,,3.761,3.758,3.762,,,,232.533,0.0,0.0,,,,,264.167,262.0,266.0,,,0.0,11855.0,11884.0,0.0,0.0,0.0,0.0,0.0,0.0,30.0,0.0,0.0,0.0,30.0,0.0,0.0,0.0,0.0,0.0,"solar2_v,lipo2_v"
2022-11-02T00:00:00Z,29.0,29.0,,,,,,,,,,,,,,,3.759,3.757,3.762,,,,232.138,0.0,0.0,,,,,264.621,262.0,267.0,,,0.0,11885.0,11913.0,0.0,0.0,0.0,0.0,0.0,0.0,29.0,0.0,0.0,0.0,29.0,0.0,0.0,0.0,0.0,0.0,"solar2_v,lipo2_v"
2022-11-02T01:00:00Z,29.0,29.0,,,,,,,,,,,,,,,3.757,3.755,3.76,,,,232.207,0.0,0.0,,,,,265.966,264.0,268.0,,,0.0,11914.0,11942.0,0.0,0.0,0.0,0.0,0.0,0.0,29.0,0.0,0.0,0.0,29.0,0.0,0.0,0.0,0.0,0.0,"solar2_v,lipo2_v"
2022-11-02T02:00:00Z,29.0,29.0,,,,,,,,,,,,,,,3.756,3.753,3.757,,,,232.069,0.0,0.0,,,,,266.793,265.0,270.0,,,0.0,11943.0,11971.0,0.0,0.0,0.0,0.0,0.0,0.0,29.0,0.0,0.0,0.0,29.0,0.0,0.0,0.0,0.0,0.0,"solar2_v,lipo2_v"
2022-11-02T03:00:00Z,29.0,29.0,,,,,,,,,,,,,,,3.754,3.753,3.757,,,,231.931,0.0,0.0,,,,,270.448,267.0,272.0,,,0.0,11972.0,12000.0,0.0,0.0,0.0,0.0,0.0,0.0,29.0,0.0,0.0,0.0,29.0,0.0,0.0,0.0,0.0,0.0,"solar2_v,lipo2_v"
2022-11-02T04:00:00Z,29.0,29.0,,,,,,,,,,,,,,,3.751,3.748,3.755,,,,231.069,0.0,0.0,,,,,293.483,274.0,315.0,,,0.0,12001.0,12030.0,0.0,0.0,0.0,0.0,0.0,0.0,29.0,0.0,0.0,0.0,29.0,0.0,0.0,0.0,0.0,0.0,"solar2_v,lipo2_v"
2022-11-02T05:00:00Z,29.0,29.0,,,,,,,,,,,,,,,3.749,3.748,3.752,,,,231.172,0.0,0.0,,,,,314.0,314.0,314.0,,,0.0,12031.0,12059.0,0.0,0.0,0.0,0.0,0.0,0.0,29.0,0.0,0.0,0.0,29.0,0.0,0.0,0.0,0.0,0.0,"solar2_v,lipo2_v"
2022-11-02T06:00:00Z,29.0,29.0,,,,,,,,,,,,,,,3.748,3.745,3.75,,,,230.828,0.0,0.0,,,,,314.034,314.0,315.0,,,0.0,12060.0,12088.0,0.0,0.0,0.0,0.0,0.0,0.0,29.0,0.0,0.0,0.0,29.0,0.0,0.0,0.0,0.0,0.0,"solar2_v,lipo2_v"
2022-11-02T07:00:00Z,29.0,29.0,,,,,,,,,,,,,,,3.745,3.743,3.747,,,,231.241,0.0,0.0,,,,,314.103,314.0,315.0,,,0.0,12089.0,12117.0,0.0,0.0,0.0,0.0,0.0,0.0,29.0,0.0,0.0,0.0,29.0,0.0,0.0,0.0,0.0,0.0,"solar2_v,lipo2_v"
2022-11-02T08:00:00Z,29.0,29.0,,,,,,,,,,,,,,,3.743,3.742,3.745,,,,231.241,0.0,0.0,,,,,314.0,314.0,314.0,,,0.0,12118.0,12146.0,0.0,0.0,0.0,0.0,0.0,0.0,29.0,0.0,0.0,0.0,29.0,0.0,0.0,0.0,0.0,0.0,"solar2_v,lipo2_v"
2022-11-02T09:00:00Z,30.0,30.0,,,,,,,,,,,,,,,3.742,3.742,3.745,,,,231.4,0.0,0.0,,,,,313.967,313.0,314.0,,,0.0,12147.0,12176.0,0.0,0.0,0.0,0.0,0.0,0.0,30.0,0.0,0.0,0.0,30.0,0.0,0.0,0.0,0.0,0.0,"solar2_v,lipo2_v"
2022-11-02T10:00:00Z,29.0,29.0,,,,,,,,,,,,,,,3.741,3.739,3.743,,,,231.448,0.0,0.0,,,,,313.966,313.0,314.0,,,0.0,12177.0,12205.0,0.0,0.0,0.0,0.0,0.0,0.0,29.0,0.0,0.0,0.0,29.0,0.0,0.0,0.0,0.0,0.0,"solar2_v,lipo2_v"
2022-11-02T11:00:00Z,29.0,29.0,,,,,,,,,,,,,,,3.739,3.737,3.74,,,,231.276,0.0,0.0,,,,,313.621,313.0,314.0,,,0.0,12206.0,12234.0,0.0,0.0,0.0,0.0,0.0,0.0,29.0,0.0,0.0,0.0,29.0,0.0,0.0,0.0,0.0,0.0,"solar2_v,lipo2_v"
2022-11-02T12:00:00Z,29.0,29.0,,,,,,,,,,,,,,,3.737,3.735,3.739,,,,230.897,0.0,0.0,,,,,313.448,313.0,314.0,,,0.0,12235.0,12263.0,0.0,0.0,0.0,0.0,0.0,0.0,29.0,0.0,0.0,0.0,29.0,0.0,0.0,0.0,0.0,0.0,"solar2_v,lipo2_v"
2022-11-02T13:00:00Z,30.0,30.0,,,,,,,,,,,,,,,3.735,3.734,3.737,,,,232.867,0.0,0.0,,,,,285.9,250.0,314.0,,,0.0,12264.0,12293.0,0.0,0.0,0.0,0.0,0.0,0.0,30.0,0.0,0.0,0.0,30.0,0.0,0.0,0.0,0.0,0.0,"solar2_v,lipo2_v"
2022-11-02T14:00:00Z,29.0,29.0,,,,,,,,,,,,,,,3.734,3.73,3.735,,,,234.379,0.0,0.0,,,,,248.793,235.0,256.0,,,0.0,12294.0,12322.0,0.0,0.0,0.0,0.0,0.0,0.0,29.0,0.0,0.0,0.0,29.0,0.0,0.0,0.0,0.0,0.0,"solar2_v,lipo2_v"
2022-11-02T15:00:00Z,29.0,29.0,,,,,,,,,,,,,,,3.732,3.73,3.734,,,,232.621,0.0,0.0,,,,,254.207,238.0,267.0,,,0.0,12323.0,12351.0,0.0,0.0,0.0,0.0,0.0,0.0,29.0,0.0,0.0,0.0,29.0,0.0,0.0,0.0,0.0,0.0,"solar2_v,lipo2_v"
2022-11-02T16:00:00Z,29.0,29.0,,,,,,,,,,,,,,,3.73,3.729,3.732,,,,232.276,0.0,0.0,,,,,269.517,263.0,275.0,,,0.0,12352.0,12380.0,0.0,0.0,0.0,0.0,0.0,0.0,29.0,0.0,0.0,0.0,29.0,0.0,0.0,0.0,0.0,0.0,"solar2_v,lipo2_v"
2022-11-02T17:00:00Z,29.0,29.0,,,,,,,,,,,,,,,3.728,3.725,3.73,,,,232.069,0.0,0.0,,,,,273.759,272.0,276.0,,,0.0,12381.0,12409.0,0.0,0.0,0.0,0.0,0.0,0.0,29.0,0.0,0.0,0.0,29.0,0.0,0.0,0.0,0.0,0.0,"solar2_v,lipo2_v"
2022-11-02T18:00:00Z,30.0,30.0,,,,,,,,,,,,,,,3.725,3.724,3.727,,,,231.867,0.0,0.0,,,,,282.633,274.0,291.0,,,0.0,12410.0,12439.0,0.0,0.0,0.0,0.0,0.0,0.0,30.0,0.0,0.0,0.0,30.0,0.0,0.0,0.0,0.0,0.0,"solar2_v,lipo2_v"
2022-11-02T19:00:00Z,29.0,29.0,,,,,,,,,,,,,,,3.723,3.72,3.725,,,,231.276,0.0,0.0,,,,,283.552,277.0,290.0,,,0.0,12440.0,12468.0,0.0,0.0,0.0,0.0,0.0,0.0,29.0,0.0,0.0,0.0,29.0,0.0,0.0,0.0,0.0,0.0,"solar2_v,lipo2_v"
2022-11-02T20:00:00Z,29.0,29.0,,,,,,,,,,,,,,,3.721,3.719,3.724,,,,231.655,0.0,0.0,,,,,276.897,273.0,282.0,,,0.0,12469.0,12497.0,0.0,0.0,0.0,0.0,0.0,0.0,29.0,0.0,0.0,0.0,29.0,0.0,0.0,0.0,0.0,0.0,"solar2_v,lipo2_v"
2022-11-02T21:00:00Z,29.0,29.0,,,,,,,,,,,,,,,3.719,3.717,3.722,,,,232.172,0.0,0.0,,,,,273.207,271.0,277.0,,,0.0,12498.0,12526.0,0.0,0.0,0.0,0.0,0.0,0.0,29.0,0.0,0.0,0.0,29.0,0.0,0.0,0.0,0.0,0.0,"solar2_v,lipo2_v"
2022-11-02T22:00:00Z,30.0,30.0,,,,,,,,,,,,,,,3.717,3.714,3.719,,,,232.0,0.0,0.0,,,,,269.4,267.0,272.0,,,0.0,12527.0,12556.0,0.0,0.0,0.0,0.0,0.0,0.0,30.0,0.0,0.0,0.0,30.0,0.0,0.0,0.0,0.0,0.0,"solar2_v,lipo2_v"
2022-11-02T23:00:00Z,29.0,29.0,,,,,,,,,,,,,,,3.714,3.712,3.717,,,,232.207,0.0,0.0,,,,,266.034,262.0,269.0,,,0.0,12557.0,12585.0,0.0,0.0,0.0,0.0,0.0,0.0,29.0,0.0,0.0,0.0,29.0,0.0,0.0,0.0,0.0,0.0,"solar2_v,lipo2_v"
2022-11-03T00:00:00Z,29.0,29.0,,,,,,,,,,,,,,,3.713,3.712,3.715,,,,232.069,0.0,0.0,,,,,263.552,262.0,266.0,,,0.0,12586.0,12614.0,0.0,0.0,0.0,0.0,0.0,0.0,29.0,0.0,0.0,0.0,29.0,0.0,0.0,0.0,0.0,0.0,"solar2_v,lipo2_v"
2022-11-03T01:00:00Z,29.0,29.0,,,,,,,,,,,,,,,3.712,3.71,3.712,,,,231.793,0.0,0.0,,,,,264.069,262.0,267.0,,,0.0,12615.0,12643.0,0.0,0.0,0.0,0.0,0.0,0.0,29.0,0.0,0.0,0.0,29.0,0.0,0.0,0.0,0.0,0.0,"solar2_v,lipo2_v"
2022-11-03T02:00:00Z,29.0,29.0,,,,,,,,,,,,,,,3.711,3.71,3.712,,,,231.931,0.0,0.0,,,,,265.931,262.0,270.0,,,0.0,12644.0,12672.0,0.0,0.0,0.0,0.0,0.0,0.0,29.0,0.0,0.0,0.0,29.0,0.0,0.0,0.0,0.0,0.0,"solar2_v,lipo2_v"
2022-11-03T03:00:00Z,30.0,30.0,,,,,,,,,,,,,,,3.71,3.71,3.712,,,,232.0,0.0,0.0,,,,,269.6,267.0,272.0,,,0.0,12673.0,12702.0,0.0,0.0,0.0,0.0,0.0,0.0,30.0,0.0,0.0,0.0,30.0,0.0,0.0,0.0,0.0,0.0,"solar2_v,lipo2_v"
2022-11-03T04:00:00Z,14.0,14.0,,,,,,,,,,,,,,,3.709,3.707,3.71,,,,231.571,0.0,0.0,,,,,271.929,268.0,285.0,,,0.0,12703.0,12723.0,0.0,0.0,0.0,0.0,0.0,0.0,14.0,0.0,0.0,0.0,14.0,0.0,0.0,0.0,0.0,0.0,"solar2_v,lipo2_v"
2022-11-03T05:00:00Z,20.0,20.0,,,,,,,,,,,,,,,3.703,3.702,3.706,,,,231.35,0.0,0.0,,,,,271.85,269.0,273.0,,,0.0,12738.0,12757.0,0.0,0.0,0.0,0.0,0.0,0.0,20.0,0.0,0.0,0.0,20.0,0.0,0.0,0.0,0.0,0.0,"solar2_v,lipo2_v"
2022-11-03T06:00:00Z,30.0,30.0,,,,,,,,,,,,,,,3.701,3.699,3.702,,,,231.5,0.0,0.0,,,,,270.067,268.0,272.0,,,0.0,12758.0,12787.0,0.0,0.0,0.0,0.0,0.0,0.0,30.0,0.0,0.0,0.0,30.0,0.0,0.0,0.0,0.0,0.0,"solar2_v,lipo2_v"
2022-11-03T07:00:00Z,29.0,29.0,,,,,,,,,,,,,,,3.699,3.694,3.702,,,,231.448,0.0,0.0,,,,,268.897,267.0,271.0,,,0.0,12788.0,12816.0,0.0,0.0,0.0,0.0,0.0,0.0,29.0,0.0,0.0,0.0,29.0,0.0,0.0,0.0,0.0,0.0,"solar2_v,lipo2_v"
2022-11-03T08:00:00Z,29.0,29.0,,,,,,,,,,,,,,,3.696,3.687,3.699,,,,231.759,0.0,0.0,,,,,267.828,266.0,270.0,,,0.0,12817.0,12845.0,0.0,0.0,0.0,0.0,0.0,0.0,29.0,0.0,0.0,0.0,29.0,0.0,0.0,0.0,0.0,0.0,"solar2_v,lipo2_v"
2022-11-03T09:00:00Z,29.0,29.0,,,,,,,,,,,,,,,3.691,3.686,3.697,,,,231.966,0.0,0.0,,,,,267.862,266.0,271.0,,,0.0,12846.0,12874.0,0.0,0.0,0.0,0.0,0.0,0.0,29.0,0.0,0.0,0.0,29.0,0.0,0.0,0.0,0.0,0.0,"solar2_v,lipo2_v"
2022-11-03T10:00:00Z,30.0,30.0,,,,,,,,,,,,,,,3.686,3.682,3.691,,,,231.9,0.0,0.0,,,,,266.7,264.0,269.0,,,0.0,12875.0,12904.0,0.0,0.0,0.0,0.0,0.0,0.0,30.0,0.0,0.0,0.0,30.0,0.0,0.0,0.0,0.0,0.0,"solar2_v,lipo2_v"
2022-11-03T11:00:00Z,29.0,29.0,,,,,,,,,,,,,,,3.683,3.682,3.684,,,,232.138,0.0,0.0,,,,,266.034,264.0,267.0,,,0.0,12905.0,12933.0,0.0,0.0,0.0,0.0,0.0,0.0,29.0,0.0,0.0,0.0,29.0,0.0,0.0,0.0,0.0,0.0,"solar2_v,lipo2_v"
2022-11-03T12:00:00Z,29.0,29.0,,,,,,,,,,,,,,,3.682,3.681,3.682,,,,232.172,0.0,0.0,,,,,264.69,262.0,267.0,,,0.0,12934.0,12962.0,0.0,0.0,0.0,0.0,0.0,0.0,29.0,0.0,0.0,0.0,29.0,0.0,0.0,0.0,0.0,0.0,"solar2_v,lipo2_v"
2022-11-03T13:00:00Z,29.0,29.0,,,,,,,,,,,,,,,3.681,3.679,3.684,,,,232.103,0.0,0.0,,,,,264.31,262.0,267.0,,,0.0,12963.0,12991.0,0.0,0.0,0.0,0.0,0.0,0.0,29.0,0.0,0.0,0.0,29.0,0.0,0.0,0.0,0.0,0.0,"solar2_v,lipo2_v"
2022-11-03T14:00:00Z,29.0,29.0,,,,,,,,,,,,,,,3.678,3.677,3.681,,,,232.034,0.0,0.0,,,,,264.241,262.0,267.0,,,0.0,12992.0,13020.0,0.0,0.0,0.0,0.0,0.0,0.0,29.0,0.0,0.0,0.0,29.0,0.0,0.0,0.0,0.0,0.0,"solar2_v,lipo2_v"
2022-11-03T15:00:00Z,30.0,30.0,,,,,,,,,,,,,,,3.676,3.674,3.679,,,,231.867,0.0,0.0,,,,,266.1,262.0,268.0,,,0.0,13021.0,13050.0,0.0,0.0,0.0,0.0,0.0,0.0,30.0,0.0,0.0,0.0,30.0,0.0,0.0,0.0,0.0,0.0,"solar2_v,lipo2_v"
2022-11-03T16:00:00Z,29.0,29.0,,,,,,,,,,,,,,,3.675,3.671,3.676,,,,231.897,0.0,0.0,,,,,265.517,263.0,267.0,,,0.0,13051.0,13079.0,0.0,0.0,0.0,0.0,0.0,0.0,29.0,0.0,0.0,0.0,29.0,0.0,0.0,0.0,0.0,0.0,"solar2_v,lipo2_v"
2022-11-03T17:00:00Z,29.0,29.0,,,,,,,,,,,,,,,3.672,3.671,3.676,,,,232.138,0.0,0.0,,,,,262.966,261.0,267.0,,,0.0,13080.0,13108.0,0.0,0.0,0.0,0.0,0.0,0.0,29.0,0.0,0.0,0.0,29.0,0.0,0.0,0.0,0.0,0.0,"solar2_v,lipo2_v"
2022-11-03T18:00:00Z,29.0,29.0,,,,,,,,,,,,,,,3.67,3.668,3.673,,,,231.586,0.0,0.0,,,,,262.172,259.0,264.0,,,0.0,13109.0,13137.0,0.0,0.0,0.0,0.0,0.0,0.0,29.0,0.0,0.0,0.0,29.0,0.0,0.0,0.0,0.0,0.0,"solar2_v,lipo2_v"
2022-11-03T19:00:00Z,30.0,30.0,,,,,,,,,,,,,,,3.668,3.666,3.669,,,,232.767,0.0,0.0,,,,,260.533,259.0,262.0,,,0.0,13138.0,13167.0,0.0,0.0,0.0,0.0,0.0,0.0,30.0,0.0,0.0,0.0,30.0,0.0,0.0,0.0,0.0,0.0,"solar2_v,lipo2_v"
2022-11-03T20:00:00Z,29.0,29.0,,,,,,,,,,,,,,,3.665,3.663,3.668,,,,232.31,0.0,0.0,,,,,259.966,258.0,262.0,,,0.0,13168.0,13196.0,0.0,0.0,0.0,0.0,0.0,0.0,29.0,0.0,0.0,0.0,29.0,0.0,0.0,0.0,0.0,0.0,"solar2_v,lipo2_v"
2022-11-03T21:00:00Z,29.0,29.0,,,,,,,,,,,,,,,3.664,3.661,3.666,,,,232.172,0.0,0.0,,,,,259.621,258.0,262.0,,,0.0,13197.0,13225.0,0.0,0.0,0.0,0.0,0.0,0.0,29.0,0.0,0.0,0.0,29.0,0.0,0.0,0.0,0.0,0.0,"solar2_v,lipo2_v"
2022-11-03T22:00:00Z,29.0,29.0,,,,,,,,,,,,,,,3.662,3.659,3.664,,,,232.276,0.0,0.0,,,,,259.379,258.0,261.0,,,0.0,13226.0,13254.0,0.0,0.0,0.0,0.0,0.0,0.0,29.0,0.0,0.0,0.0,29.0,0.0,0.0,0.0,0.0,0.0,"solar2_v,lipo2_v"
2022-11-03T23:00:00Z,30.0,30.0,,,,,,,,,,,,,,,3.66,3.659,3.663,,,,232.3,0.0,0.0,,,,,258.767,258.0,260.0,,,0.0,13255.0,13284.0,0.0,0.0,0.0,0.0,0.0,0.0,30.0,0.0,0.0,0.0,30.0,0.0,0.0,0.0,0.0,0.0,"solar2_v,lipo2_v"
2022-11-04T00:00:00Z,29.0,29.0,,,,,,,,,,,,,,,3.659,3.658,3.659,,,,232.414,0.0,0.0,,,,,259.138,258.0,261.0,,,0.0,13285.0,13313.0,0.0,0.0,0.0,0.0,0.0,0.0,29.0,0.0,0.0,0.0,29.0,0.0,0.0,0.0,0.0,0.0,"solar2_v,lipo2_v"
2022-11-04T01:00:00Z,29.0,29.0,,,,,,,,,,,,,,,3.659,3.658,3.659,,,,232.207,0.0,0.0,,,,,259.103,258.0,262.0,,,0.0,13314.0,13342.0,0.0,0.0,0.0,0.0,0.0,0.0,29.0,0.0,0.0,0.0,29.0,0.0,0.0,0.0,0.0,0.0,"solar2_v,lipo2_v"
2022-11-04T02:00:00Z,29.0,29.0,,,,,,,,,,,,,,,3.658,3.658,3.659,,,,232.448,0.0,0.0,,,,,259.103,258.0,262.0,,,0.0,13343.0,13371.0,0.0,0.0,0.0,0.0,0.0,0.0,29.0,0.0,0.0,0.0,29.0,0.0,0.0,0.0,0.0,0.0,"solar2_v,lipo2_v"
2022-11-04T03:00:00Z,30.0,30.0,,,,,,,,,,,,,,,3.658,3.656,3.658,,,,232.033,0.0,0.0,,,,,260.467,258.0,262.0,,,0.0,13372.0,13401.0,0.0,0.0,0.0,0.0,0.0,0.0,30.0,0.0,0.0,0.0,30.0,0.0,0.0,0.0,0.0,0.0,"solar2_v,lipo2_v"
2022-11-04T04:00:00Z,29.0,29.0,,,,,,,,,,,,,,,3.656,3.654,3.658,,,,231.966,0.0,0.0,,,,,261.31,259.0,263.0,,,0.0,13402.0,13430.0,0.0,0.0,0.0,0.0,0.0,0.0,29.0,0.0,0.0,0.0,29.0,0.0,0.0,0.0,0.0,0.0,"solar2_v,lipo2_v"
2022-11-04T05:00:00Z,29.0,29.0,,,,,,,,,,,,,,,3.655,3.653,3.658,,,,231.793,0.0,0.0,,,,,261.414,259.0,264.0,,,0.0,13431.0,13459.0,0.0,0.0,0.0,0.0,0.0,0.0,29.0,0.0,0.0,0.0,29.0,0.0,0.0,0.0,0.0,0.0,"solar2_v,lipo2_v"
2022-11-04T06:00:00Z,29.0,29.0,,,,,,,,,,,,,,,3.654,3.651,3.656,,,,231.931,0.0,0.0,,,,,262.552,259.0,266.0,,,0.0,13460.0,13488.0,0.0,0.0,0.0,0.0,0.0,0.0,29.0,0.0,0.0,0.0,29.0,0.0,0.0,0.0,0.0,0.0,"solar2_v,lipo2_v"
2022-11-04T07:00:00Z,29.0,29.0,,,,,,,,,,,,,,,3.651,3.649,3.654,,,,232.414,0.0,0.0,,,,,262.69,260.0,265.0,,,0.0,13489.0,13517.0,0.0,0.0,0.0,0.0,0.0,0.0,29.0,0.0,0.0,0.0,29.0,0.0,0.0,0.0,0.0,0.0,"solar2_v,lipo2_v"
2022-11-04T08:00:00Z,30.0,30.0,,,,,,,,,,,,,,,3.649,3.646,3.651,,,,232.333,0.0,0.0,,,,,262.167,260.0,264.0,,,0.0,13518.0,13547.0,0.0,0.0,0.0,0.0,0.0,0.0,30.0,0.0,0.0,0.0,30.0,0.0,0.0,0.0,0.0,0.0,"solar2_v,lipo2_v"
2022-11-04T09:00:00Z,29.0,29.0,,,,,,,,,,,,,,,3.647,3.644,3.649,,,,232.207,0.0,0.0,,,,,260.828,259.0,262.0,,,0.0,13548.0,13576.0,0.0,0.0,0.0,0.0,0.0,0.0,29.0,0.0,0.0,0.0,29.0,0.0,0.0,0.0,0.0,0.0,"solar2_v,lipo2_v"
2022-11-04T10:00:00Z,29.0,29.0,,,,,,,,,,,,,,,3.644,3.643,3.648,,,,232.207,0.0,0.0,,,,,260.862,259.0,263.0,,,0.0,13577.0,13605.0,0.0,0.0,0.0,0.0,0.0,0.0,29.0,0.0,0.0,0.0,29.0,0.0,0.0,0.0,0.0,0.0,"solar2_v,lipo2_v"
2022-11-04T11:00:00Z,29.0,29.0,,,,,,,,,,,,,,,3.643,3.641,3.646,,,,232.069,0.0,0.0,,,,,260.724,259.0,262.0,,,0.0,13606.0,13634.0,0.0,0.0,0.0,0.0,0.0,0.0,29.0,0.0,0.0,0.0,29.0,0.0,0.0,0.0,0.0,0.0,"solar2_v,lipo2_v"
2022-11-04T12:00:00Z,30.0,30.0,,,,,,,,,,,,,,,3.642,3.64,3.643,,,,232.133,0.0,0.0,,,,,259.967,259.0,262.0,,,0.0,13635.0,13664.0,0.0,0.0,0.0,0.0,0.0,0.0,30.0,0.0,0.0,0.0,30.0,0.0,0.0,0.0,0.0,0.0,"solar2_v,lipo2_v"
2022-11-04T13:00:00Z,29.0,29.0,,,,,,,,,,,,,,,3.64,3.638,3.643,,,,232.138,0.0,0.0,,,,,260.31,259.0,262.0,,,0.0,13665.0,13693.0,0.0,0.0,0.0,0.0,0.0,0.0,29.0,0.0,0.0,0.0,29.0,0.0,0.0,0.0,0.0,0.0,"solar2_v,lipo2_v"
2022-11-04T14:00:00Z,29.0,29.0,,,,,,,,,,,,,,,3.637,3.636,3.638,,,,232.276,0.0,0.0,,,,,260.0,258.0,262.0,,,0.0,13694.0,13722.0,0.0,0.0,0.0,0.0,0.0,0.0,29.0,0.0,0.0,0.0,29.0,0.0,0.0,0.0,0.0,0.0,"solar2_v,lipo2_v"
2022-11-04T15:00:00Z,29.0,29.0,,,,,,,,,,,,,,,3.635,3.633,3.636,,,,231.931,0.0,0.0,,,,,258.724,258.0,261.0,,,0.0,13723.0,13751.0,0.0,0.0,0.0,0.0,0.0,0.0,29.0,0.0,0.0,0.0,29.0,0.0,0.0,0.0,0.0,0.0,"solar2_v,lipo2_v"
2022-11-04T16:00:00Z,30.0,30.0,,,,,,,,,,,,,,,3.634,3.631,3.635,,,,232.5,0.0,0.0,,,,,258.033,257.0,259.0,,,0.0,13752.0,13781.0,0.0,0.0,0.0,0.0,0.0,0.0,30.0,0.0,0.0,0.0,30.0,0.0,0.0,0.0,0.0,0.0,"solar2_v,lipo2_v"
2022-11-04T17:00:00Z,29.0,29.0,,,,,,,,,,,,,,,3.632,3.63,3.635,,,,232.241,0.0,0.0,,,,,258.172,258.0,259.0,,,0.0,13782.0,13810.0,0.0,0.0,0.0,0.0,0.0,0.0,29.0,0.0,0.0,0.0,29.0,0.0,0.0,0.0,0.0,0.0,"solar2_v,lipo2_v"
2022-11-04T18:00:00Z,29.0,29.0,,,,,,,,,,,,,,,3.63,3.628,3.631,,,,232.448,0.0,0.0,,,,,258.552,258.0,259.0,,,0.0,13811.0,13839.0,0.0,0.0,0.0,0.0,0.0,0.0,29.0,0.0,0.0,0.0,29.0,0.0,0.0,0.0,0.0,0.0,"solar2_v,lipo2_v"
2022-11-04T19:00:00Z,29.0,29.0,,,,,,,,,,,,,,,3.629,3.626,3.63,,,,232.724,0.0,0.0,,,,,258.207,258.0,259.0,,,0.0,13840.0,13868.0,0.0,0.0,0.0,0.0,0.0,0.0,29.0,0.0,0.0,0.0,29.0,0.0,0.0,0.0,0.0,0.0,"solar2_v,lipo2_v"
2022-11-04T20:00:00Z,30.0,30.0,,,,,,,,,,,,,,,3.627,3.625,3.63,,,,232.8,0.0,0.0,,,,,258.633,257.0,261.0,,,0.0,13869.0,13898.0,0.0,0.0,0.0,0.0,0.0,0.0,30.0,0.0,0.0,0.0,30.0,0.0,0.0,0.0,0.0,0.0,"solar2_v,lipo2_v"
2022-11-04T21:00:00Z,29.0,29.0,,,,,,,,,,,,,,,3.626,3.623,3.626,,,,232.897,0.0,0.0,,,,,262.276,258.0,266.0,,,0.0,13899.0,13927.0,0.0,0.0,0.0,0.0,0.0,0.0,29.0,0.0,0.0,0.0,29.0,0.0,0.0,0.0,0.0,0.0,"solar2_v,lipo2_v"
2022-11-04T22:00:00Z,29.0,29.0,,,,,,,,,,,,,,,3.623,3.621,3.625,,,,233.241,0.0,0.0,,,,,262.724,259.0,267.0,,,0.0,13928.0,13956.0,0.0,0.0,0.0,0.0,0.0,0.0,29.0,0.0,0.0,0.0,29.0,0.0,0.0,0.0,0.0,0.0,"solar2_v,lipo2_v"
2022-11-04T23:00:00Z,29.0,29.0,,,,,,,,,,,,,,,3.622,3.62,3.625,,,,232.828,0.0,0.0,,,,,258.448,258.0,259.0,,,0.0,13957.0,13985.0,0.0,0.0,0.0,0.0,0.0,0.0,29.0,0.0,0.0,0.0,29.0,0.0,0.0,0.0,0.0,0.0,"solar2_v,lipo2_v"
2022-11-05T00:00:00Z,29.0,29.0,,,,,,,,,,,,,,,3.619,3.618,3.621,,,,232.966,0.0,0.0,,,,,258.103,258.0,259.0,,,0.0,13986.0,14014.0,0.0,0.0,0.0,0.0,0.0,0.0,29.0,0.0,0.0,0.0,29.0,0.0,0.0,0.0,0.0,0.0,"solar2_v,lipo2_v"
2022-11-05T01:00:00Z,30.0,30.0,,,,,,,,,,,,,,,3.617,3.615,3.62,,,,232.433,0.0,0.0,,,,,257.467,256.0,258.0,,,0.0,14015.0,14044.0,0.0,0.0,0.0,0.0,0.0,0.0,30.0,0.0,0.0,0.0,30.0,0.0,0.0,0.0,0.0,0.0,"solar2_v,lipo2_v"
2022-11-05T02:00:00Z,29.0,29.0,,,,,,,,,,,,,,,3.615,3.611,3.618,,,,232.241,0.0,0.0,,,,,257.862,257.0,259.0,,,0.0,14045.0,14073.0,0.0,0.0,0.0,0.0,0.0,0.0,29.0,0.0,0.0,0.0,29.0,0.0,0.0,0.0,0.0,0.0,"solar2_v,lipo2_v"
2022-11-05T03:00:00Z,29.0,29.0,,,,,,,,,,,,,,,3.614,3.613,3.616,,,,231.724,0.0,0.0,,,,,258.207,257.0,260.0,,,0.0,14074.0,14102.0,0.0,0.0,0.0,0.0,0.0,0.0,29.0,0.0,0.0,0.0,29.0,0.0,0.0,0.0,0.0,0.0,"solar2_v,lipo2_v"
2022-11-05T04:00:00Z,29.0,29.0,,,,,,,,,,,,,,,3.612,3.61,3.615,,,,231.793,0.0,0.0,,,,,263.862,260.0,268.0,,,0.0,14103.0,14131.0,0.0,0.0,0.0,0.0,0.0,0.0,29.0,0.0,0.0,0.0,29.0,0.0,0.0,0.0,0.0,0.0,"solar2_v,lipo2_v"
2022-11-05T05:00:00Z,28.0,28.0,,,,,,,,,,,,,,,3.61,3.608,3.613,,,,231.179,0.0,0.0,,,,,267.25,262.0,272.0,,,0.0,14132.0,14160.0,0.0,0.0,0.0,0.0,0.0,0.0,28.0,0.0,0.0,0.0,28.0,0.0,0.0,0.0,0.0,0.0,"solar2_v,lipo2_v"
2022-11-05T06:00:00Z,18.0,18.0,,,,,,,,,,,,,,,3.609,3.607,3.61,,,,231.389,0.0,0.0,,,,,267.833,265.0,275.0,,,0.0,14161.0,14188.0,0.0,0.0,0.0,0.0,0.0,0.0,18.0,0.0,0.0,0.0,18.0,0.0,0.0,0.0,0.0,0.0,"solar2_v,lipo2_v"
2022-11-05T07:00:00Z,2.0,2.0,,,,,,,,,,,,,,,3.605,3.605,3.605,,,,229.5,0.0,0.0,,,,,273.0,273.0,273.0,,,0.0,14202.0,14207.0,0.0,0.0,0.0,0.0,0.0,0.0,2.0,0.0,0.0,0.0,2.0,0.0,0.0,0.0,0.0,0.0,"solar2_v,lipo2_v"
2022-11-05T08:00:00Z,14.0,14.0,,,,,,,,,,,,,,,3.603,3.602,3.605,,,,231.143,0.0,0.0,,,,,268.5,265.0,272.0,,,0.0,14222.0,14243.0,0.0,0.0,0.0,0.0,0.0,0.0,14.0,0.0,0.0,0.0,14.0,0.0,0.0,0.0,0.0,0.0,"solar2_v,lipo2_v"
2022-11-05T09:00:00Z,29.0,29.0,,,,,,,,,,,,,,,3.602,3.6,3.603,,,,231.621,0.0,0.0,,,,,265.172,262.0,269.0,,,0.0,14244.0,14272.0,0.0,0.0,0.0,0.0,0.0,0.0,29.0,0.0,0.0,0.0,29.0,0.0,0.0,0.0,0.0,0.0,"solar2_v,lipo2_v"
2022-11-05T10:00:00Z,29.0,29.0,,,,,,,,,,,,,,,3.6,3.598,3.602,,,,231.828,0.0,0.0,,,,,262.517,260.0,265.0,,,0.0,14273.0,14301.0,0.0,0.0,0.0,0.0,0.0,0.0,29.0,0.0,0.0,0.0,29.0,0.0,0.0,0.0,0.0,0.0,"solar2_v,lipo2_v"
2022-11-05T11:00:00Z,29.0,29.0,,,,,,,,,,,,,,,3.598,3.595,3.6,,,,231.966,0.0,0.0,,,,,261.069,259.0,264.0,,,0.0,14302.0,14330.0,0.0,0.0,0.0,0.0,0.0,0.0,29.0,0.0,0.0,0.0,29.0,0.0,0.0,0.0,0.0,0.0,"solar2_v,lipo2_v"
2022-11-05T12:00:00Z,30.0,30.0,,,,,,,,,,,,,,,3.597,3.595,3.598,,,,232.233,0.0,0.0,,,,,260.7,258.0,262.0,,,0.0,14331.0,14360.0,0.0,0.0,0.0,0.0,0.0,0.0,30.0,0.0,0.0,0.0,30.0,0.0,0.0,0.0,0.0,0.0,"solar2_v,lipo2_v"
2022-11-05T13:00:00Z,29.0,29.0,,,,,,,,,,,,,,,3.595,3.592,3.597,,,,232.069,0.0,0.0,,,,,261.241,259.0,262.0,,,0.0,14361.0,14389.0,0.0,0.0,0.0,0.0,0.0,0.0,29.0,0.0,0.0,0.0,29.0,0.0,0.0,0.0,0.0,0.0,"solar2_v,lipo2_v"
2022-11-05T14:00:00Z,29.0,29.0,,,,,,,,,,,,,,,3.593,3.59,3.595,,,,232.276,0.0,0.0,,,,,258.621,257.0,260.0,,,0.0,14390.0,14418.0,0.0,0.0,0.0,0.0,0.0,0.0,29.0,0.0,0.0,0.0,29.0,0.0,0.0,0.0,0.0,0.0,"solar2_v,lipo2_v"
2022-11-05T15:00:00Z,29.0,29.0,,,,,,,,,,,,,,,3.591,3.588,3.593,,,,232.103,0.0,0.0,,,,,257.724,257.0,258.0,,,0.0,14419.0,14447.0,0.0,0.0,0.0,0.0,0.0,0.0,29.0,0.0,0.0,0.0,29.0,0.0,0.0,0.0,0.0,0.0,"solar2_v,lipo2_v"
2022-11-05T16:00:00Z,29.0,29.0,,,,,,,,,,,,,,,3.589,3.587,3.592,,,,232.207,0.0,0.0,,,,,257.172,256.0,258.0,,,0.0,14448.0,14476.0,0.0,0.0,0.0,0.0,0.0,0.0,29.0,0.0,0.0,0.0,29.0,0.0,0.0,0.0,0.0,0.0,"solar2_v,lipo2_v"
2022-11-05T17:00:00Z,30.0,30.0,,,,,,,,,,,,,,,3.588,3.587,3.59,,,,232.0,0.0,0.0,,,,,256.933,255.0,258.0,,,0.0,14477.0,14506.0,0.0,0.0,0.0,0.0,0.0,0.0,30.0,0.0,0.0,0.0,30.0,0.0,0.0,0.0,0.0,0.0,"solar2_v,lipo2_v"
2022-11-05T18:00:00Z,29.0,29.0,,,,,,,,,,,,,,,3.587,3.585,3.588,,,,232.483,0.0,0.0,,,,,259.897,257.0,263.0,,,0.0,14507.0,14535.0,0.0,0.0,0.0,0.0,0.0,0.0,29.0,0.0,0.0,0.0,29.0,0.0,0.0,0.0,0.0,0.0,"solar2_v,lipo2_v"
2022-11-05T19:00:00Z,29.0,29.0,,,,,,,,,,,,,,,3.584,3.582,3.587,,,,232.241,0.0,0.0,,,,,262.897,259.0,266.0,,,0.0,14536.0,14564.0,0.0,0.0,0.0,0.0,0.0,0.0,29.0,0.0,0.0,0.0,29.0,0.0,0.0,0.0,0.0,0.0,"solar2_v,lipo2_v"
2022-11-05T20:00:00Z,29.0,29.0,,,,,,,,,,,,,,,3.582,3.582,3.585,,,,232.483,0.0,0.0,,,,,265.966,262.0,271.0,,,0.0,14565.0,14593.0,0.0,0.0,0.0,0.0,0.0,0.0,29.0,0.0,0.0,0.0,29.0,0.0,0.0,0.0,0.0,0.0,"solar2_v,lipo2_v"
2022-11-05T21:00:00Z,30.0,30.0,,,,,,,,,,,,,,,3.581,3.578,3.583,,,,232.533,0.0,0.0,,,,,264.8,262.0,270.0,,,0.0,14594.0,14623.0,0.0,0.0,0.0,0.0,0.0,0.0,30.0,0.0,0.0,0.0,30.0,0.0,0.0,0.0,0.0,0.0,"solar2_v,lipo2_v"
2022-11-05T22:00:00Z,29.0,29.0,,,,,,,,,,,,,,,3.581,3.578,3.583,,,,232.448,0.0,0.0,,,,,266.897,264.0,270.0,,,0.0,14624.0,14652.0,0.0,0.0,0.0,0.0,0.0,0.0,29.0,0.0,0.0,0.0,29.0,0.0,0.0,0.0,0.0,0.0,"solar2_v,lipo2_v"
2022-11-05T23:00:00Z,29.0,29.0,,,,,,,,,,,,,,,3.579,3.578,3.582,,,,232.621,0.0,0.0,,,,,266.793,264.0,270.0,,,0.0,14653.0,14681.0,0.0,0.0,0.0,0.0,0.0,0.0,29.0,0.0,0.0,0.0,29.0,0.0,0.0,0.0,0.0,0.0,"solar2_v,lipo2_v"
2022-11-06T00:00:00Z,29.0,29.0,,,,,,,,,,,,,,,3.579,3.578,3.58,,,,232.586,0.0,0.0,,,,,265.241,262.0,268.0,,,0.0,14682.0,14710.0,0.0,0.0,0.0,0.0,0.0,0.0,29.0,0.0,0.0,0.0,29.0,0.0,0.0,0.0,0.0,0.0,"solar2_v,lipo2_v"
2022-11-06T01:00:00Z,29.0,29.0,,,,,,,,,,,,,,,3.578,3.577,3.58,,,,232.517,0.0,0.0,,,,,261.862,260.0,265.0,,,0.0,14711.0,14739.0,0.0,0.0,0.0,0.0,0.0,0.0,29.0,0.0,0.0,0.0,29.0,0.0,0.0,0.0,0.0,0.0,"solar2_v,lipo2_v"
2022-11-06T02:00:00Z,30.0,30.0,,,,,,,,,,,,,,,3.577,3.575,3.578,,,,231.767,0.0,0.0,,,,,259.667,258.0,262.0,,,0.0,14740.0,14769.0,0.0,0.0,0.0,0.0,0.0,0.0,30.0,0.0,0.0,0.0,30.0,0.0,0.0,0.0,0.0,0.0,"solar2_v,lipo2_v"
2022-11-06T03:00:00Z,29.0,29.0,,,,,,,,,,,,,,,3.576,3.574,3.577,,,,231.793,0.0,0.0,,,,,258.966,258.0,260.0,,,0.0,14770.0,14798.0,0.0,0.0,0.0,0.0,0.0,0.0,29.0,0.0,0.0,0.0,29.0,0.0,0.0,0.0,0.0,0.0,"solar2_v,lipo2_v"
2022-11-06T04:00:00Z,29.0,29.0,,,,,,,,,,,,,,,3.575,3.574,3.577,,,,231.379,0.0,0.0,,,,,259.862,258.0,266.0,,,0.0,14799.0,14827.0,0.0,0.0,0.0,0.0,0.0,0.0,29.0,0.0,0.0,0.0,29.0,0.0,0.0,0.0,0.0,0.0,"solar2_v,lipo2_v"
2022-11-06T05:00:00Z,29.0,29.0,,,,,,,,,,,,,,,3.574,3.574,3.575,,,,231.069,0.0,0.0,,,,,261.138,258.0,265.0,,,0.0,14828.0,14856.0,0.0,0.0,0.0,0.0,0.0,0.0,29.0,0.0,0.0,0.0,29.0,0.0,0.0,0.0,0.0,0.0,"solar2_v,lipo2_v"
2022-11-06T06:00:00Z,30.0,30.0,,,,,,,,,,,,,,,3.572,3.57,3.574,,,,231.1,0.0,0.0,,,,,262.367,258.0,272.0,,,0.0,14857.0,14886.0,0.0,0.0,0.0,0.0,0.0,0.0,30.0,0.0,0.0,0.0,30.0,0.0,0.0,0.0,0.0,0.0,"solar2_v,lipo2_v"
2022-11-06T07:00:00Z,29.0,29.0,,,,,,,,,,,,,,,3.571,3.569,3.574,,,,231.103,0.0,0.0,,,,,266.069,263.0,267.0,,,0.0,14887.0,14915.0,0.0,0.0,0.0,0.0,0.0,0.0,29.0,0.0,0.0,0.0,29.0,0.0,0.0,0.0,0.0,0.0,"solar2_v,lipo2_v"
2022-11-06T08:00:00Z,29.0,29.0,,,,,,,,,,,,,,,3.569,3.567,3.57,,,,232.448,0.0,0.0,,,,,263.655,258.0,268.0,,,0.0,14916.0,14944.0,0.0,0.0,0.0,0.0,0.0,0.0,29.0,0.0,0.0,0.0,29.0,0.0,0.0,0.0,0.0,0.0,"solar2_v,lipo2_v"
2022-11-06T09:00:00Z,29.0,29.0,,,,,,,,,,,,,,,3.565,3.564,3.569,,,,234.448,0.0,0.0,,,,,257.034,251.0,273.0,,,0.0,14945.0,14973.0,0.0,0.0,0.0,0.0,0.0,0.0,29.0,0.0,0.0,0.0,29.0,0.0,0.0,0.0,0.0,0.0,"solar2_v,lipo2_v"
2022-11-06T10:00:00Z,29.0,29.0,,,,,,,,,,,,,,,3.564,3.562,3.565,,,,235.414,0.0,0.0,,,,,256.172,245.0,271.0,,,0.0,14974.0,15002.0,0.0,0.0,0.0,0.0,0.0,0.0,29.0,0.0,0.0,0.0,29.0,0.0,0.0,0.0,0.0,0.0,"solar2_v,lipo2_v"
2022-11-06T11:00:00Z,30.0,30.0,,,,,,,,,,,,,,,3.561,3.56,3.564,,,,236.133,0.0,0.0,,,,,264.3,262.0,267.0,,,0.0,15003.0,15032.0,0.0,0.0,0.0,0.0,0.0,0.0,30.0,0.0,0.0,0.0,30.0,0.0,0.0,0.0,0.0,0.0,"solar2_v,lipo2_v"
2022-11-06T12:00:00Z,29.0,29.0,,,,,,,,,,,,,,,3.56,3.559,3.562,,,,234.586,0.0,0.0,,,,,276.828,262.0,287.0,,,0.0,15033.0,15061.0,0.0,0.0,0.0,0.0,0.0,0.0,29.0,0.0,0.0,0.0,29.0,0.0,0.0,0.0,0.0,0.0,"solar2_v,lipo2_v"
2022-11-06T13:00:00Z,29.0,29.0,,,,,,,,,,,,,,,3.559,3.555,3.562,,,,233.759,0.0,0.0,,,,,261.897,247.0,286.0,,,0.0,15062.0,15090.0,0.0,0.0,0.0,0.0,0.0,0.0,29.0,0.0,0.0,0.0,29.0,0.0,0.0,0.0,0.0,0.0,"solar2_v,lipo2_v"
2022-11-06T14:00:00Z,29.0,29.0,,,,,,,,,,,,,,,3.557,3.555,3.559,,,,235.862,0.0,0.0,,,,,259.138,249.0,269.0,,,0.0,15091.0,15119.0,0.0,0.0,0.0,0.0,0.0,0.0,29.0,0.0,0.0,0.0,29.0,0.0,0.0,0.0,0.0,0.0,"solar2_v,lipo2_v"
2022-11-06T15:00:00Z,29.0,29.0,,,,,,,,,,,,,,,3.555,3.554,3.557,,,,235.897,0.0,0.0,,,,,255.069,241.0,266.0,,,0.0,15120.0,15148.0,0.0,0.0,0.0,0.0,0.0,0.0,29.0,0.0,0.0,0.0,29.0,0.0,0.0,0.0,0.0,0.0,"solar2_v,lipo2_v"
2022-11-06T16:00:00Z,30.0,30.0,,,,,,,,,,,,,,,3.554,3.554,3.555,,,,233.833,0.0,0.0,,,,,263.267,239.0,284.0,,,0.0,15149.0,15178.0,0.0,0.0,0.0,0.0,0.0,0.0,30.0,0.0,0.0,0.0,30.0,0.0,0.0,0.0,0.0,0.0,"solar2_v,lipo2_v"
2022-11-06T17:00:00Z,29.0,29.0,,,,,,,,,,,,,,,3.554,3.554,3.554,,,,233.034,0.0,0.0,,,,,281.931,267.0,293.0,,,0.0,15179.0,15207.0,0.0,0.0,0.0,0.0,0.0,0.0,29.0,0.0,0.0,0.0,29.0,0.0,0.0,0.0,0.0,0.0,"solar2_v,lipo2_v"
2022-11-06T18:00:00Z,29.0,29.0,,,,,,,,,,,,,,,3.553,3.552,3.554,,,,232.862,0.0,0.0,,,,,270.345,266.0,275.0,,,0.0,15208.0,15236.0,0.0,0.0,0.0,0.0,0.0,0.0,29.0,0.0,0.0,0.0,29.0,0.0,0.0,0.0,0.0,0.0,"solar2_v,lipo2_v"
2022-11-06T19:00:00Z,29.0,29.0,,,,,,,,,,,,,,,3.552,3.552,3.552,,,,232.621,0.0,0.0,,,,,281.276,272.0,291.0,,,0.0,15237.0,15265.0,0.0,0.0,0.0,0.0,0.0,0.0,29.0,0.0,0.0,0.0,29.0,0.0,0.0,0.0,0.0,0.0,"solar2_v,lipo2_v"
2022-11-06T20:00:00Z,30.0,30.0,,,,,,,,,,,,,,,3.552,3.55,3.552,,,,232.633,0.0,0.0,,,,,283.667,281.0,289.0,,,0.0,15266.0,15295.0,0.0,0.0,0.0,0.0,0.0,0.0,30.0,0.0,0.0,0.0,30.0,0.0,0.0,0.0,0.0,0.0,"solar2_v,lipo2_v"
2022-11-06T21:00:00Z,29.0,29.0,,,,,,,,,,,,,,,3.55,3.549,3.552,,,,232.448,0.0,0.0,,,,,286.172,284.0,288.0,,,0.0,15296.0,15324.0,0.0,0.0,0.0,0.0,0.0,0.0,29.0,0.0,0.0,0.0,29.0,0.0,0.0,0.0,0.0,0.0,"solar2_v,lipo2_v"
2022-11-06T22:00:00Z,29.0,29.0,,,,,,,,,,,,,,,3.55,3.549,3.55,,,,232.345,0.0,0.0,,,,,284.138,281.0,286.0,,,0.0,15325.0,15353.0,0.0,0.0,0.0,0.0,0.0,0.0,29.0,0.0,0.0,0.0,29.0,0.0,0.0,0.0,0.0,0.0,"solar2_v,lipo2_v"
2022-11-06T23:00:00Z,29.0,29.0,,,,,,,,,,,,,,,3.548,3.547,3.55,,,,232.724,0.0,0.0,,,,,280.724,279.0,284.0,,,0.0,15354.0,15382.0,0.0,0.0,0.0,0.0,0.0,0.0,29.0,0.0,0.0,0.0,29.0,0.0,0.0,0.0,0.0,0.0,"solar2_v,lipo2_v"
2022-11-07T00:00:00Z,29.0,29.0,,,,,,,,,,,,,,,3.546,3.544,3.547,,,,232.448,0.0,0.0,,,,,285.345,281.0,299.0,,,0.0,15383.0,15411.0,0.0,0.0,0.0,0.0,0.0,0.0,29.0,0.0,0.0,0.0,29.0,0.0,0.0,0.0,0.0,0.0,"solar2_v,lipo2_v"
2022-11-07T01:00:00Z,30.0,30.0,,,,,,,,,,,,,,,3.545,3.542,3.547,,,,232.7,0.0,0.0,,,,,288.433,281.0,301.0,,,0.0,15412.0,15441.0,0.0,0.0,0.0,0.0,0.0,0.0,30.0,0.0,0.0,0.0,30.0,0.0,0.0,0.0,0.0,0.0,"solar2_v,lipo2_v"
2022-11-07T02:00:00Z,29.0,29.0,,,,,,,,,,,,,,,3.544,3.542,3.545,,,,231.897,0.0,0.0,,,,,293.0,285.0,300.0,,,0.0,15442.0,15470.0,0.0,0.0,0.0,0.0,0.0,0.0,29.0,0.0,0.0,0.0,29.0,0.0,0.0,0.0,0.0,0.0,"solar2_v,lipo2_v"
2022-11-07T03:00:00Z,29.0,29.0,,,,,,,,,,,,,,,3.542,3.541,3.544,,,,232.172,0.0,0.0,,,,,287.586,285.0,299.0,,,0.0,15471.0,15499.0,0.0,0.0,0.0,0.0,0.0,0.0,29.0,0.0,0.0,0.0,29.0,0.0,0.0,0.0,0.0,0.0,"solar2_v,lipo2_v"
2022-11-07T04:00:00Z,28.0,28.0,,,,,,,,,,,,,,,3.541,3.537,3.542,,,,231.5,0.0,0.0,,,,,294.179,288.0,306.0,,,0.0,15500.0,15528.0,0.0,0.0,0.0,0.0,0.0,0.0,28.0,0.0,0.0,0.0,28.0,0.0,0.0,0.0,0.0,0.0,"solar2_v,lipo2_v"
2022-11-07T05:00:00Z,30.0,30.0,,,,,,,,,,,,,,,3.54,3.537,3.541,,,,231.2,0.0,0.0,,,,,287.067,283.0,293.0,,,0.0,15529.0,15558.0,0.0,0.0,0.0,0.0,0.0,0.0,30.0,0.0,0.0,0.0,30.0,0.0,0.0,0.0,0.0,0.0,"solar2_v,lipo2_v"
2022-11-07T06:00:00Z,29.0,29.0,,,,,,,,,,,,,,,3.538,3.536,3.541,,,,231.655,0.0,0.0,,,,,282.586,268.0,286.0,,,0.0,15559.0,15587.0,0.0,0.0,0.0,0.0,0.0,0.0,29.0,0.0,0.0,0.0,29.0,0.0,0.0,0.0,0.0,0.0,"solar2_v,lipo2_v"
2022-11-07T07:00:00Z,29.0,29.0,,,,,,,,,,,,,,,3.537,3.536,3.537,,,,234.448,0.0,0.0,,,,,268.448,259.0,276.0,,,0.0,15588.0,15616.0,0.0,0.0,0.0,0.0,0.0,0.0,29.0,0.0,0.0,0.0,29.0,0.0,0.0,0.0,0.0,0.0,"solar2_v,lipo2_v"
2022-11-07T08:00:00Z,28.0,28.0,,,,,,,,,,,,,,,3.535,3.532,3.537,,,,235.321,0.0,0.0,,,,,272.964,272.0,274.0,,,0.0,15617.0,15645.0,0.0,0.0,0.0,0.0,0.0,0.0,28.0,0.0,0.0,0.0,28.0,0.0,0.0,0.0,0.0,0.0,"solar2_v,lipo2_v"
2022-11-07T09:00:00Z,20.0,20.0,,,,,,,,,,,,,,,3.533,3.532,3.536,,,,235.4,0.0,0.0,,,,,255.6,246.0,273.0,,,0.0,15646.0,15673.0,0.0,0.0,0.0,0.0,0.0,0.0,20.0,0.0,0.0,0.0,20.0,0.0,0.0,0.0,0.0,0.0,"solar2_v,lipo2_v"
2022-11-07T10:00:00Z,29.0,29.0,,,,,,,,,,,,,,,3.533,3.531,3.536,,,,234.069,0.0,0.0,,,,,258.862,252.0,267.0,,,0.0,15674.0,15702.0,0.0,0.0,0.0,0.0,0.0,0.0,29.0,0.0,0.0,0.0,29.0,0.0,0.0,0.0,0.0,0.0,"solar2_v,lipo2_v"
2022-11-07T11:00:00Z,30.0,30.0,,,,,,,,,,,,,,,3.532,3.531,3.534,,,,233.067,0.0,0.0,,,,,262.167,257.0,272.0,,,0.0,15703.0,15732.0,0.0,0.0,0.0,0.0,0.0,0.0,30.0,0.0,0.0,0.0,30.0,0.0,0.0,0.0,0.0,0.0,"solar2_v,lipo2_v"
2022-11-07T12:00:00Z,29.0,29.0,,,,,,,,,,,,,,,3.532,3.531,3.534,,,,232.621,0.0,0.0,,,,,290.621,272.0,300.0,,,0.0,15733.0,15761.0,0.0,0.0,0.0,0.0,0.0,0.0,29.0,0.0,0.0,0.0,29.0,0.0,0.0,0.0,0.0,0.0,"solar2_v,lipo2_v"
2022-11-07T13:00:00Z,29.0,29.0,,,,,,,,,,,,,,,3.531,3.531,3.534,,,,232.379,0.0,0.0,,,,,284.759,274.0,301.0,,,0.0,15762.0,15790.0,0.0,0.0,0.0,0.0,0.0,0.0,29.0,0.0,0.0,0.0,29.0,0.0,0.0,0.0,0.0,0.0,"solar2_v,lipo2_v"
2022-11-07T14:00:00Z,29.0,29.0,,,,,,,,,,,,,,,3.531,3.529,3.532,,,,231.862,0.0,0.0,,,,,292.31,274.0,302.0,,,0.0,15791.0,15819.0,0.0,0.0,0.0,0.0,0.0,0.0,29.0,0.0,0.0,0.0,29.0,0.0,0.0,0.0,0.0,0.0,"solar2_v,lipo2_v"
2022-11-07T15:00:00Z,30.0,30.0,,,,,,,,,,,,,,,3.53,3.527,3.531,,,,232.367,0.0,0.0,,,,,302.367,302.0,303.0,,,0.0,15820.0,15849.0,0.0,0.0,0.0,0.0,0.0,0.0,30.0,0.0,0.0,0.0,30.0,0.0,0.0,0.0,0.0,0.0,"solar2_v,lipo2_v"
2022-11-07T16:00:00Z,28.0,28.0,,,,,,,,,,,,,,,3.528,3.527,3.529,,,,232.179,0.0,0.0,,,,,301.071,301.0,302.0,,,0.0,15851.0,15878.0,0.0,0.0,0.0,0.0,0.0,0.0,28.0,0.0,0.0,0.0,28.0,0.0,0.0,0.0,0.0,0.0,"solar2_v,lipo2_v"
2022-11-07T17:00:00Z,29.0,29.0,,,,,,,,,,,,,,,3.527,3.526,3.529,,,,232.103,0.0,0.0,,,,,301.0,301.0,301.0,,,0.0,15879.0,15907.0,0.0,0.0,0.0,0.0,0.0,0.0,29.0,0.0,0.0,0.0,29.0,0.0,0.0,0.0,0.0,0.0,"solar2_v,lipo2_v"
2022-11-07T18:00:00Z,29.0,29.0,,,,,,,,,,,,,,,3.527,3.526,3.529,,,,232.276,0.0,0.0,,,,,301.0,301.0,301.0,,,0.0,15908.0,15936.0,0.0,0.0,0.0,0.0,0.0,0.0,29.0,0.0,0.0,0.0,29.0,0.0,0.0,0.0,0.0,0.0,"solar2_v,lipo2_v"
2022-11-07T19:00:00Z,30.0,30.0,,,,,,,,,,,,,,,3.526,3.524,3.527,,,,232.667,0.0,0.0,,,,,301.0,301.0,301.0,,,0.0,15937.0,15966.0,0.0,0.0,0.0,0.0,0.0,0.0,30.0,0.0,0.0,0.0,30.0,0.0,0.0,0.0,0.0,0.0,"solar2_v,lipo2_v"
2022-11-07T20:00:00Z,29.0,29.0,,,,,,,,,,,,,,,3.525,3.524,3.526,,,,232.172,0.0,0.0,,,,,300.966,300.0,301.0,,,0.0,15967.0,15995.0,0.0,0.0,0.0,0.0,0.0,0.0,29.0,0.0,0.0,0.0,29.0,0.0,0.0,0.0,0.0,0.0,"solar2_v,lipo2_v"
2022-11-07T21:00:00Z,29.0,29.0,,,,,,,,,,,,,,,3.524,3.522,3.526,,,,232.448,0.0,0.0,,,,,300.793,300.0,301.0,,,0.0,15996.0,16024.0,0.0,0.0,0.0,0.0,0.0,0.0,29.0,0.0,0.0,0.0,29.0,0.0,0.0,0.0,0.0,0.0,"solar2_v,lipo2_v"
2022-11-07T22:00:00Z,29.0,29.0,,,,,,,,,,,,,,,3.524,3.522,3.526,,,,232.379,0.0,0.0,,,,,300.759,300.0,301.0,,,0.0,16025.0,16053.0,0.0,0.0,0.0,0.0,0.0,0.0,29.0,0.0,0.0,0.0,29.0,0.0,0.0,0.0,0.0,0.0,"solar2_v,lipo2_v"
2022-11-07T23:00:00Z,29.0,29.0,,,,,,,,,,,,,,,3.522,3.521,3.524,,,,232.31,0.0,0.0,,,,,300.931,300.0,301.0,,,0.0,16054.0,16083.0,0.0,0.0,0.0,0.0,0.0,0.0,29.0,0.0,0.0,0.0,29.0,0.0,0.0,0.0,0.0,0.0,"solar2_v,lipo2_v"
2022-11-08T00:00:00Z,29.0,29.0,,,,,,,,,,,,,,,3.522,3.519,3.524,,,,231.724,0.0,0.0,,,,,301.793,301.0,303.0,,,0.0,16084.0,16112.0,0.0,0.0,0.0,0.0,0.0,0.0,29.0,0.0,0.0,0.0,29.0,0.0,0.0,0.0,0.0,0.0,"solar2_v,lipo2_v"
2022-11-08T01:00:00Z,29.0,29.0,,,,,,,,,,,,,,,3.521,3.519,3.522,,,,231.655,0.0,0.0,,,,,301.414,291.0,306.0,,,0.0,16113.0,16141.0,0.0,0.0,0.0,0.0,0.0,0.0,29.0,0.0,0.0,0.0,29.0,0.0,0.0,0.0,0.0,0.0,"solar2_v,lipo2_v"
2022-11-08T02:00:00Z,29.0,29.0,,,,,,,,,,,,,,,3.52,3.519,3.522,,,,231.793,0.0,0.0,,,,,292.207,266.0,308.0,,,0.0,16142.0,16170.0,0.0,0.0,0.0,0.0,0.0,0.0,29.0,0.0,0.0,0.0,29.0,0.0,0.0,0.0,0.0,0.0,"solar2_v,lipo2_v"
2022-11-08T03:00:00Z,30.0,30.0,,,,,,,,,,,,,,,3.519,3.517,3.521,,,,233.767,0.0,0.0,,,,,278.5,273.0,282.0,,,0.0,16171.0,16200.0,0.0,0.0,0.0,0.0,0.0,0.0,30.0,0.0,0.0,0.0,30.0,0.0,0.0,0.0,0.0,0.0,"solar2_v,lipo2_v"
2022-11-08T04:00:00Z,29.0,29.0,,,,,,,,,,,,,,,3.518,3.516,3.521,,,,234.241,0.0,0.0,,,,,267.241,251.0,277.0,,,0.0,16201.0,16229.0,0.0,0.0,0.0,0.0,0.0,0.0,29.0,0.0,0.0,0.0,29.0,0.0,0.0,0.0,0.0,0.0,"solar2_v,lipo2_v"
2022-11-08T05:00:00Z,29.0,29.0,,,,,,,,,,,,,,,3.517,3.514,3.519,,,,232.759,0.0,0.0,,,,,271.828,247.0,301.0,,,0.0,16230.0,16258.0,0.0,0.0,0.0,0.0,0.0,0.0,29.0,0.0,0.0,0.0,29.0,0.0,0.0,0.0,0.0,0.0,"solar2_v,lipo2_v"
2022-11-08T06:00:00Z,29.0,29.0,,,,,,,,,,,,,,,3.517,3.516,3.519,,,,232.138,0.0,0.0,,,,,302.483,301.0,306.0,,,0.0,16259.0,16287.0,0.0,0.0,0.0,0.0,0.0,0.0,29.0,0.0,0.0,0.0,29.0,0.0,0.0,0.0,0.0,0.0,"solar2_v,lipo2_v"
2022-11-08T07:00:00Z,29.0,29.0,,,,,,,,,,,,,,,3.516,3.514,3.519,,,,231.966,0.0,0.0,,,,,306.621,305.0,308.0,,,0.0,16288.0,16316.0,0.0,0.0,0.0,0.0,0.0,0.0,29.0,0.0,0.0,0.0,29.0,0.0,0.0,0.0,0.0,0.0,"solar2_v,lipo2_v"
2022-11-08T08:00:00Z,30.0,30.0,,,,,,,,,,,,,,,3.514,3.512,3.516,,,,231.833,0.0,0.0,,,,,296.667,287.0,308.0,,,0.0,16317.0,16346.0,0.0,0.0,0.0,0.0,0.0,0.0,30.0,0.0,0.0,0.0,30.0,0.0,0.0,0.0,0.0,0.0,"solar2_v,lipo2_v"
2022-11-08T09:00:00Z,27.0,27.0,,,,,,,,,,,,,,,3.513,3.511,3.516,,,,231.519,0.0,0.0,,,,,296.963,286.0,308.0,,,0.0,16347.0,16375.0,0.0,0.0,0.0,0.0,0.0,0.0,27.0,0.0,0.0,0.0,27.0,0.0,0.0,0.0,0.0,0.0,"solar2_v,lipo2_v"
2022-11-08T10:00:00Z,29.0,29.0,,,,,,,,,,,,,,,3.511,3.509,3.514,,,,231.759,0.0,0.0,,,,,285.724,272.0,291.0,,,0.0,16376.0,16404.0,0.0,0.0,0.0,0.0,0.0,0.0,29.0,0.0,0.0,0.0,29.0,0.0,0.0,0.0,0.0,0.0,"solar2_v,lipo2_v"
2022-11-08T11:00:00Z,29.0,29.0,,,,,,,,,,,,,,,3.51,3.508,3.512,,,,234.448,0.0,0.0,,,,,276.828,270.0,286.0,,,0.0,16405.0,16433.0,0.0,0.0,0.0,0.0,0.0,0.0,29.0,0.0,0.0,0.0,29.0,0.0,0.0,0.0,0.0,0.0,"solar2_v,lipo2_v"
2022-11-08T12:00:00Z,29.0,29.0,,,,,,,,,,,,,,,3.509,3.506,3.511,,,,235.517,0.0,0.0,,,,,259.621,248.0,267.0,,,0.0,16434.0,16462.0,0.0,0.0,0.0,0.0,0.0,0.0,29.0,0.0,0.0,0.0,29.0,0.0,0.0,0.0,0.0,0.0,"solar2_v,lipo2_v"
2022-11-08T13:00:00Z,30.0,30.0,,,,,,,,,,,,,,,3.507,3.504,3.509,,,,235.9,0.0,0.0,,,,,263.4,248.0,267.0,,,0.0,16463.0,16492.0,0.0,0.0,0.0,0.0,0.0,0.0,30.0,0.0,0.0,0.0,30.0,0.0,0.0,0.0,0.0,0.0,"solar2_v,lipo2_v"
2022-11-08T14:00:00Z,29.0,29.0,,,,,,,,,,,,,,,3.507,3.504,3.509,,,,234.483,0.0,0.0,,,,,272.103,267.0,281.0,,,0.0,16493.0,16521.0,0.0,0.0,0.0,0.0,0.0,0.0,29.0,0.0,0.0,0.0,29.0,0.0,0.0,0.0,0.0,0.0,"solar2_v,lipo2_v"
2022-11-08T15:00:00Z,29.0,29.0,,,,,,,,,,,,,,,3.505,3.503,3.506,,,,233.448,0.0,0.0,,,,,286.31,257.0,294.0,,,0.0,16522.0,16550.0,0.0,0.0,0.0,0.0,0.0,0.0,29.0,0.0,0.0,0.0,29.0,0.0,0.0,0.0,0.0,0.0,"solar2_v,lipo2_v"
2022-11-08T16:00:00Z,29.0,29.0,,,,,,,,,,,,,,,3.504,3.503,3.506,,,,232.621,0.0,0.0,,,,,293.759,288.0,296.0,,,0.0,16551.0,16579.0,0.0,0.0,0.0,0.0,0.0,0.0,29.0,0.0,0.0,0.0,29.0,0.0,0.0,0.0,0.0,0.0,"solar2_v,lipo2_v"
2022-11-08T17:00:00Z,29.0,29.0,,,,,,,,,,,,,,,3.503,3.501,3.504,,,,232.655,0.0,0.0,,,,,297.621,296.0,299.0,,,0.0,16580.0,16608.0,0.0,0.0,0.0,0.0,0.0,0.0,29.0,0.0,0.0,0.0,29.0,0.0,0.0,0.0,0.0,0.0,"solar2_v,lipo2_v"
2022-11-08T18:00:00Z,30.0,30.0,,,,,,,,,,,,,,,3.503,3.501,3.504,,,,232.5,0.0,0.0,,,,,299.3,299.0,300.0,,,0.0,16609.0,16638.0,0.0,0.0,0.0,0.0,0.0,0.0,30.0,0.0,0.0,0.0,30.0,0.0,0.0,0.0,0.0,0.0,"solar2_v,lipo2_v"
2022-11-08T19:00:00Z,29.0,29.0,,,,,,,,,,,,,,,3.501,3.501,3.503,,,,232.724,0.0,0.0,,,,,299.897,299.0,300.0,,,0.0,16639.0,16667.0,0.0,0.0,0.0,0.0,0.0,0.0,29.0,0.0,0.0,0.0,29.0,0.0,0.0,0.0,0.0,0.0,"solar2_v,lipo2_v"
2022-11-08T20:00:00Z,29.0,29.0,,,,,,,,,,,,,,,3.501,3.499,3.503,,,,232.586,0.0,0.0,,,,,299.966,299.0,300.0,,,0.0,16668.0,16696.0,0.0,0.0,0.0,0.0,0.0,0.0,29.0,0.0,0.0,0.0,29.0,0.0,0.0,0.0,0.0,0.0,"solar2_v,lipo2_v"
2022-11-08T21:00:00Z,29.0,29.0,,,,,,,,,,,,,,,3.501,3.499,3.501,,,,232.414,0.0,0.0,,,,,299.897,299.0,300.0,,,0.0,16697.0,16725.0,0.0,0.0,0.0,0.0,0.0,0.0,29.0,0.0,0.0,0.0,29.0,0.0,0.0,0.0,0.0,0.0,"solar2_v,lipo2_v"
2022-11-08T22:00:00Z,30.0,30.0,,,,,,,,,,,,,,,3.499,3.499,3.501,,,,232.333,0.0,0.0,,,,,299.767,299.0,300.0,,,0.0,16726.0,16755.0,0.0,0.0,0.0,0.0,0.0,0.0,30.0,0.0,0.0,0.0,30.0,0.0,0.0,0.0,0.0,0.0,"solar2_v,lipo2_v"
2022-11-08T23:00:00Z,29.0,29.0,,,,,,,,,,,,,,,3.499,3.499,3.499,,,,232.655,0.0,0.0,,,,,299.828,299.0,300.0,,,0.0,16756.0,16784.0,0.0,0.0,0.0,0.0,0.0,0.0,29.0,0.0,0.0,0.0,29.0,0.0,0.0,0.0,0.0,0.0,"solar2_v,lipo2_v"
2022-11-09T00:00:00Z,28.0,28.0,,,,,,,,,,,,,,,3.498,3.496,3.499,,,,232.429,0.0,0.0,,,,,295.75,277.0,301.0,,,0.0,16785.0,16813.0,0.0,0.0,0.0,0.0,0.0,0.0,28.0,0.0,0.0,0.0,28.0,0.0,0.0,0.0,0.0,0.0,"solar2_v,lipo2_v"
2022-11-09T01:00:00Z,29.0,29.0,,,,,,,,,,,,,,,3.496,3.493,3.498,,,,234.931,0.0,0.0,,,,,270.345,257.0,277.0,,,0.0,16814.0,16842.0,0.0,0.0,0.0,0.0,0.0,0.0,29.0,0.0,0.0,0.0,29.0,0.0,0.0,0.0,0.0,0.0,"solar2_v,lipo2_v"
2022-11-09T02:00:00Z,29.0,29.0,,,,,,,,,,,,,,,3.494,3.491,3.496,,,,233.069,0.0,0.0,,,,,282.103,257.0,299.0,,,0.0,16843.0,16871.0,0.0,0.0,0.0,0.0,0.0,0.0,29.0,0.0,0.0,0.0,29.0,0.0,0.0,0.0,0.0,0.0,"solar2_v,lipo2_v"
2022-11-09T03:00:00Z,30.0,30.0,,,,,,,,,,,,,,,3.491,3.489,3.493,,,,232.1,0.0,0.0,,,,,300.567,296.0,301.0,,,0.0,16872.0,16901.0,0.0,0.0,0.0,0.0,0.0,0.0,30.0,0.0,0.0,0.0,30.0,0.0,0.0,0.0,0.0,0.0,"solar2_v,lipo2_v"
2022-11-09T04:00:00Z,29.0,29.0,,,,,,,,,,,,,,,3.488,3.484,3.491,,,,232.69,0.0,0.0,,,,,286.828,277.0,296.0,,,0.0,16902.0,16930.0,0.0,0.0,0.0,0.0,0.0,0.0,29.0,0.0,0.0,0.0,29.0,0.0,0.0,0.0,0.0,0.0,"solar2_v,lipo2_v"
2022-11-09T05:00:00Z,29.0,29.0,,,,,,,,,,,,,,,3.484,3.483,3.488,,,,233.828,0.0,0.0,,,,,280.862,272.0,286.0,,,0.0,16931.0,16959.0,0.0,0.0,0.0,0.0,0.0,0.0,29.0,0.0,0.0,0.0,29.0,0.0,0.0,0.0,0.0,0.0,"solar2_v,lipo2_v"
2022-11-09T06:00:00Z,29.0,29.0,,,,,,,,,,,,,,,3.48,3.478,3.483,,,,234.655,0.0,0.0,,,,,274.897,272.0,278.0,,,0.0,16960.0,16988.0,0.0,0.0,0.0,0.0,0.0,0.0,29.0,0.0,0.0,0.0,29.0,0.0,0.0,0.0,0.0,0.0,"solar2_v,lipo2_v"
2022-11-09T07:00:00Z,30.0,30.0,,,,,,,,,,,,,,,3.476,3.475,3.478,,,,234.633,0.0,0.0,,,,,273.733,273.0,274.0,,,0.0,16989.0,17018.0,0.0,0.0,0.0,0.0,0.0,0.0,30.0,0.0,0.0,0.0,30.0,0.0,0.0,0.0,0.0,0.0,"solar2_v,lipo2_v"
2022-11-09T08:00:00Z,29.0,29.0,,,,,,,,,,,,,,,3.474,3.471,3.475,,,,233.655,0.0,0.0,,,,,282.31,273.0,291.0,,,0.0,17019.0,17047.0,0.0,0.0,0.0,0.0,0.0,0.0,29.0,0.0,0.0,0.0,29.0,0.0,0.0,0.0,0.0,0.0,"solar2_v,lipo2_v"
2022-11-09T09:00:00Z,27.0,27.0,,,,,,,,,,,,,,,3.471,3.466,3.473,,,,232.593,0.0,0.0,,,,,295.519,291.0,300.0,,,0.0,17048.0,17076.0,0.0,0.0,0.0,0.0,0.0,0.0,27.0,0.0,0.0,0.0,27.0,0.0,0.0,0.0,0.0,0.0,"solar2_v,lipo2_v"
2022-11-09T10:00:00Z,6.0,6.0,,,,,,,,,,,,,,,3.461,3.45,3.468,,,,231.833,0.0,0.0,,,,,301.833,301.0,304.0,,,0.0,17077.0,17103.0,0.0,0.0,0.0,0.0,0.0,0.0,6.0,0.0,0.0,0.0,6.0,0.0,0.0,0.0,0.0,0.0,"solar2_v,lipo2_v"
2022-11-09T11:00:00Z,29.0,29.0,,,,,,,,,,,,,,,3.449,3.448,3.451,,,,232.034,0.0,0.0,,,,,300.69,300.0,301.0,,,0.0,17104.0,17132.0,0.0,0.0,0.0,0.0,0.0,0.0,29.0,0.0,0.0,0.0,29.0,0.0,0.0,0.0,0.0,0.0,"solar2_v,lipo2_v"
2022-11-09T12:00:00Z,29.0,29.0,,,,,,,,,,,,,,,3.447,3.446,3.448,,,,232.0,0.0,0.0,,,,,301.103,301.0,302.0,,,0.0,17133.0,17161.0,0.0,0.0,0.0,0.0,0.0,0.0,29.0,0.0,0.0,0.0,29.0,0.0,0.0,0.0,0.0,0.0,"solar2_v,lipo2_v"
2022-11-09T13:00:00Z,29.0,29.0,,,,,,,,,,,,,,,3.444,3.44,3.446,,,,232.0,0.0,0.0,,,,,303.69,301.0,306.0,,,0.0,17162.0,17190.0,0.0,0.0,0.0,0.0,0.0,0.0,29.0,0.0,0.0,0.0,29.0,0.0,0.0,0.0,0.0,0.0,"solar2_v,lipo2_v"
2022-11-09T14:00:00Z,29.0,29.0,,,,,,,,,,,,,,,3.438,3.435,3.443,,,,231.724,0.0,0.0,,,,,303.379,301.0,306.0,,,0.0,17191.0,17219.0,0.0,0.0,0.0,0.0,0.0,0.0,29.0,0.0,0.0,0.0,29.0,0.0,0.0,0.0,0.0,0.0,"solar2_v,lipo2_v"
2022-11-09T15:00:00Z,30.0,30.0,,,,,,,,,,,,,,,3.431,3.428,3.435,,,,231.533,0.0,0.0,,,,,302.833,301.0,305.0,,,0.0,17220.0,17249.0,0.0,0.0,0.0,0.0,0.0,0.0,30.0,0.0,0.0,0.0,30.0,0.0,0.0,0.0,0.0,0.0,"solar2_v,lipo2_v"
2022-11-09T16:00:00Z,29.0,29.0,,,,,,,,,,,,,,,3.425,3.422,3.428,,,,231.759,0.0,0.0,,,,,301.552,301.0,303.0,,,0.0,17250.0,17278.0,0.0,0.0,0.0,0.0,0.0,0.0,29.0,0.0,0.0,0.0,29.0,0.0,0.0,0.0,0.0,0.0,"solar2_v,lipo2_v"
2022-11-09T17:00:00Z,29.0,29.0,,,,,,,,,,,,,,,3.418,3.415,3.422,,,,232.0,0.0,0.0,,,,,300.655,300.0,301.0,,,0.0,17279.0,17307.0,0.0,0.0,0.0,0.0,0.0,0.0,29.0,0.0,0.0,0.0,29.0,0.0,0.0,0.0,0.0,0.0,"solar2_v,lipo2_v"
2022-11-09T18:00:00Z,29.0,29.0,,,,,,,,,,,,,,,3.413,3.409,3.417,,,,231.828,0.0,0.0,,,,,300.0,300.0,300.0,,,0.0,17308.0,17336.0,0.0,0.0,0.0,0.0,0.0,0.0,29.0,0.0,0.0,0.0,29.0,0.0,0.0,0.0,0.0,0.0,"solar2_v,lipo2_v"
2022-11-09T19:00:00Z,28.0,28.0,,,,,,,,,,,,,,,3.406,3.402,3.41,,,,232.143,0.0,0.0,,,,,300.036,300.0,301.0,,,0.0,17337.0,17365.0,0.0,0.0,0.0,0.0,0.0,0.0,28.0,0.0,0.0,0.0,28.0,0.0,0.0,0.0,0.0,0.0,"solar2_v,lipo2_v"
2022-11-09T20:00:00Z,30.0,30.0,,,,,,,,,,,,,,,3.397,3.395,3.4,,,,231.867,0.0,0.0,,,,,300.0,300.0,300.0,,,0.0,17366.0,17395.0,0.0,0.0,0.0,0.0,0.0,0.0,30.0,0.0,0.0,0.0,30.0,0.0,0.0,0.0,0.0,0.0,"solar2_v,lipo2_v"
2022-11-09T21:00:00Z,29.0,29.0,,,,,,,,,,,,,,,3.393,3.39,3.395,,,,232.172,0.0,0.0,,,,,300.0,300.0,300.0,,,0.0,17396.0,17424.0,0.0,0.0,0.0,0.0,0.0,0.0,29.0,0.0,0.0,0.0,29.0,0.0,0.0,0.0,0.0,0.0,"solar2_v,lipo2_v"
2022-11-09T22:00:00Z,29.0,29.0,,,,,,,,,,,,,,,3.386,3.382,3.39,,,,232.31,0.0,0.0,,,,,300.0,300.0,300.0,,,0.0,17425.0,17453.0,0.0,0.0,0.0,0.0,0.0,0.0,29.0,0.0,0.0,0.0,29.0,0.0,0.0,0.0,0.0,0.0,"solar2_v,lipo2_v"
2022-11-09T23:00:00Z,29.0,29.0,,,,,,,,,,,,,,,3.377,3.374,3.384,,,,231.828,0.0,0.0,,,,,300.103,300.0,301.0,,,0.0,17454.0,17482.0,0.0,0.0,0.0,0.0,0.0,0.0,29.0,0.0,0.0,0.0,29.0,0.0,0.0,0.0,0.0,0.0,"solar2_v,lipo2_v"
2022-11-10T00:00:00Z,30.0,30.0,,,,,,,,,,,,,,,3.37,3.367,3.376,,,,233.9,0.0,0.0,,,,,280.167,267.0,301.0,,,0.0,17483.0,17512.0,0.0,0.0,0.0,0.0,0.0,0.0,30.0,0.0,0.0,0.0,30.0,0.0,0.0,0.0,0.0,0.0,"solar2_v,lipo2_v"
2022-11-10T01:00:00Z,27.0,27.0,,,,,,,,,,,,,,,3.363,3.359,3.367,,,,234.519,0.0,0.0,,,,,268.519,259.0,277.0,,,0.0,17513.0,17541.0,0.0,0.0,0.0,0.0,0.0,0.0,27.0,0.0,0.0,0.0,27.0,0.0,0.0,0.0,0.0,0.0,"solar2_v,lipo2_v"
2022-11-10T02:00:00Z,29.0,29.0,,,,,,,,,,,,,,,3.355,3.351,3.361,,,,234.552,0.0,0.0,,,,,258.69,255.0,267.0,,,0.0,17542.0,17570.0,0.0,0.0,0.0,0.0,0.0,0.0,29.0,0.0,0.0,0.0,29.0,0.0,0.0,0.0,0.0,0.0,"solar2_v,lipo2_v"
2022-11-10T03:00:00Z,29.0,29.0,,,,,,,,,,,,,,,3.346,3.343,3.351,,,,233.862,0.0,0.0,,,,,257.966,256.0,260.0,,,0.0,17571.0,17599.0,0.0,0.0,0.0,0.0,0.0,0.0,29.0,0.0,0.0,0.0,29.0,0.0,0.0,0.0,0.0,0.0,"solar2_v,lipo2_v"
2022-11-10T04:00:00Z,30.0,30.0,,,,,,,,,,,,,,,3.341,3.338,3.343,,,,231.167,0.0,0.0,,,,,270.233,258.0,288.0,,,0.0,17600.0,17629.0,0.0,0.0,0.0,0.0,0.0,0.0,30.0,0.0,0.0,0.0,30.0,0.0,0.0,0.0,0.0,0.0,"solar2_v,lipo2_v"
2022-11-10T05:00:00Z,29.0,29.0,,,,,,,,,,,,,,,3.332,3.326,3.338,,,,228.103,0.0,0.0,,,,,300.0,288.0,302.0,,,0.0,17630.0,17658.0,0.0,0.0,0.0,0.0,0.0,0.0,29.0,0.0,0.0,0.0,29.0,0.0,0.0,0.0,0.0,0.0,"solar2_v,lipo2_v"
2022-11-10T06:00:00Z,29.0,29.0,,,,,,,,,,,,,,,3.321,3.318,3.326,,,,226.276,0.0,0.0,,,,,303.207,301.0,305.0,,,0.0,17659.0,17687.0,0.0,0.0,0.0,0.0,0.0,0.0,29.0,0.0,0.0,0.0,29.0,0.0,0.0,0.0,0.0,0.0,"solar2_v,lipo2_v"
2022-11-10T07:00:00Z,29.0,29.0,,,,,,,,,,,,,,,3.313,3.308,3.318,,,,224.069,0.0,0.0,,,,,306.414,306.0,307.0,,,0.0,17688.0,17716.0,0.0,0.0,0.0,0.0,0.0,0.0,29.0,0.0,0.0,0.0,29.0,0.0,0.0,0.0,0.0,0.0,"solar2_v,lipo2_v"
2022-11-10T08:00:00Z,29.0,29.0,,,,,,,,,,,,,,,3.302,3.296,3.308,,,,222.069,0.0,0.0,,,,,307.345,307.0,308.0,,,0.0,17717.0,17745.0,0.0,0.0,0.0,0.0,0.0,0.0,29.0,0.0,0.0,0.0,29.0,0.0,0.0,0.0,0.0,0.0,"solar2_v,lipo2_v"
2022-11-10T09:00:00Z,30.0,30.0,,,,,,,,,,,,,,,3.292,3.288,3.296,,,,220.167,0.0,0.0,,,,,307.8,307.0,308.0,,,0.0,17746.0,17775.0,0.0,0.0,0.0,0.0,0.0,0.0,30.0,0.0,0.0,0.0,30.0,0.0,0.0,0.0,0.0,0.0,"solar2_v,lipo2_v"
2022-11-10T10:00:00Z,29.0,29.0,,,,,,,,,,,,,,,3.285,3.28,3.288,,,,219.897,0.0,0.0,,,,,282.862,274.0,305.0,,,0.0,17776.0,17804.0,0.0,0.0,0.0,0.0,0.0,0.0,29.0,0.0,0.0,0.0,29.0,0.0,0.0,0.0,0.0,0.0,"solar2_v,lipo2_v"
2022-11-10T11:00:00Z,29.0,29.0,,,,,,,,,,,,,,,3.273,3.267,3.28,,,,219.241,0.0,0.0,,,,,270.655,258.0,277.0,,,0.0,17805.0,17833.0,0.0,0.0,0.0,0.0,0.0,0.0,29.0,0.0,0.0,0.0,29.0,0.0,0.0,0.0,0.0,0.0,"solar2_v,lipo2_v"
2022-11-10T12:00:00Z,28.0,28.0,,,,,,,,,,,,,,,3.262,3.255,3.267,,,,215.679,0.0,0.0,,,,,286.179,272.0,294.0,,,0.0,17834.0,17862.0,0.0,0.0,0.0,0.0,0.0,0.0,28.0,0.0,0.0,0.0,28.0,0.0,0.0,0.0,0.0,0.0,"solar2_v,lipo2_v"
2022-11-10T13:00:00Z,29.0,29.0,,,,,,,,,,,,,,,3.248,3.24,3.255,,,,212.207,0.0,0.0,,,,,297.724,294.0,300.0,,,0.0,17863.0,17891.0,0.0,0.0,0.0,0.0,0.0,0.0,29.0,0.0,0.0,0.0,29.0,0.0,0.0,0.0,0.0,0.0,"solar2_v,lipo2_v"
2022-11-10T14:00:00Z,30.0,30.0,,,,,,,,,,,,,,,3.236,3.232,3.24,,,,210.567,0.0,0.0,,,,,286.667,259.0,301.0,,,0.0,17892.0,17921.0,0.0,0.0,0.0,0.0,0.0,0.0,30.0,0.0,0.0,0.0,30.0,0.0,0.0,0.0,0.0,0.0,"solar2_v,lipo2_v"
2022-11-10T15:00:00Z,29.0,29.0,,,,,,,,,,,,,,,3.225,3.217,3.234,,,,209.241,0.0,0.0,,,,,275.207,259.0,286.0,,,0.0,17922.0,17950.0,0.0,0.0,0.0,0.0,0.0,0.0,29.0,0.0,0.0,0.0,29.0,0.0,0.0,0.0,0.0,0.0,"solar2_v,lipo2_v"
2022-11-10T16:00:00Z,29.0,29.0,,,,,,,,,,,,,,,3.209,3.202,3.215,,,,205.069,0.0,0.0,,,,,289.862,287.0,292.0,,,0.0,17951.0,17979.0,0.0,0.0,0.0,0.0,0.0,0.0,29.0,0.0,0.0,0.0,29.0,0.0,0.0,0.0,0.0,0.0,"solar2_v,lipo2_v"
2022-11-10T17:00:00Z,29.0,29.0,,,,,,,,,,,,,,,3.193,3.184,3.201,,,,201.931,0.0,0.0,,,,,293.034,292.0,294.0,,,0.0,17980.0,18008.0,0.0,0.0,0.0,0.0,0.0,0.0,29.0,0.0,0.0,0.0,29.0,0.0,0.0,0.0,0.0,0.0,"solar2_v,lipo2_v"
2022-11-10T18:00:00Z,29.0,29.0,,,,,,,,,,,,,,,3.177,3.153,3.186,,,,196.621,0.0,0.0,,,,,293.276,288.0,294.0,,,0.0,1.0,18021.0,0.0,0.0,0.0,0.0,0.0,0.0,29.0,0.0,0.0,0.0,29.0,0.0,0.0,0.0,0.0,0.0,"solar2_v,lipo2_v"
2022-11-10T19:00:00Z,29.0,29.0,,,,,,,,,,,,,,,3.144,3.131,3.173,,,,185.31,0.0,0.0,,,,,290.69,289.0,294.0,,,0.0,1.0,16.0,0.0,0.0,0.0,0.0,0.0,0.0,29.0,0.0,0.0,0.0,29.0,0.0,0.0,0.0,0.0,0.0,"solar2_v,lipo2_v"
2022-11-10T20:00:00Z,29.0,29.0,,,,,,,,,,,,,,,3.12,3.107,3.131,,,,180.483,0.0,0.0,,,,,289.31,289.0,290.0,,,0.0,1.0,1.0,0.0,0.0,0.0,0.0,0.0,0.0,29.0,0.0,0.0,0.0,29.0,0.0,0.0,0.0,0.0,0.0,"solar2_v,lipo2_v"
2022-11-10T21:00:00Z,29.0,29.0,,,,,,,,,,,,,,,3.092,3.079,3.105,,,,176.0,0.0,0.0,,,,,288.966,288.0,289.0,,,0.0,1.0,1.0,0.0,0.0,0.0,0.0,0.0,0.0,29.0,0.0,0.0,0.0,29.0,0.0,0.0,0.0,0.0,0.0,"solar2_v,lipo2_v"
2022-11-10T22:00:00Z,29.0,29.0,,,,,,,,,,,,,,,3.064,3.049,3.079,,,,169.793,0.0,0.0,,,,,290.31,289.0,292.0,,,0.0,1.0,1.0,0.0,0.0,0.0,0.0,0.0,0.0,29.0,0.0,0.0,0.0,29.0,0.0,0.0,0.0,0.0,0.0,"solar2_v,lipo2_v"
2022-11-10T23:00:00Z,29.0,29.0,,,,,,,,,,,,,,,3.03,3.016,3.047,,,,161.448,0.0,0.0,,,,,340.207,292.0,615.0,,,0.0,1.0,1.0,0.0,0.0,0.0,0.0,0.0,0.0,29.0,0.0,0.0,0.0,29.0,0.0,0.0,0.0,0.0,0.0,"solar2_v,lipo2_v"
2022-11-11T00:00:00Z,29.0,29.0,,,,,,,,,,,,,,,2.991,2.971,3.011,,,,155.103,0.0,0.0,,,,,613.345,598.0,618.0,,,0.0,1.0,1.0,0.0,0.0,0.0,0.0,0.0,0.0,29.0,0.0,0.0,0.0,29.0,0.0,0.0,0.0,0.0,0.0,"solar2_v,lipo2_v"
2022-11-11T01:00:00Z,29.0,29.0,,,,,,,,,,,,,,,2.945,2.918,2.971,,,,155.0,0.0,0.0,,,,,591.379,581.0,597.0,,,0.0,1.0,1.0,0.0,0.0,0.0,0.0,0.0,0.0,29.0,0.0,0.0,0.0,29.0,0.0,0.0,0.0,0.0,0.0,"solar2_v,lipo2_v"
2022-11-11T02:00:00Z,3.0,3.0,,,,,,,,,,,,,,,2.915,2.912,2.918,,,,155.0,0.0,0.0,,,,,582.667,581.0,584.0,,,0.0,1.0,1.0,0.0,0.0,0.0,0.0,0.0,0.0,3.0,0.0,0.0,0.0,3.0,0.0,0.0,0.0,0.0,0.0,"solar2_v,lipo2_v"
2022-11-14T00:00:00Z,12.0,12.0,,,,,,,,,,,,,,,3.428,2.569,3.727,,,,248.833,0.0,0.0,,,,,319.917,302.0,330.0,,,0.0,1.0,12.0,0.0,0.0,0.0,0.0,0.0,0.0,12.0,0.0,0.0,0.0,12.0,0.0,0.0,0.0,0.0,0.0,"solar2_v,lipo2_v"
2022-11-14T01:00:00Z,29.0,29.0,,,,,,,,,,,,,,,3.89,3.735,4.009,,,,241.207,0.0,0.0,,,,,331.034,329.0,333.0,,,0.0,13.0,41.0,0.0,0.0,0.0,0.0,0.0,0.0,29.0,0.0,0.0,0.0,29.0,0.0,0.0,0.0,0.0,0.0,"solar2_v,lipo2_v"
2022-11-14T02:00:00Z,29.0,29.0,,,,,,,,,,,,,,,4.08,4.012,4.131,,,,249.966,0.0,0.0,,,,,327.897,327.0,329.0,,,0.0,42.0,70.0,0.0,0.0,0.0,0.0,0.0,0.0,29.0,0.0,0.0,0.0,29.0,0.0,0.0,0.0,0.0,0.0,"solar2_v,lipo2_v"
2022-11-14T03:00:00Z,30.0,30.0,,,,,,,,,,,,,,,4.145,4.133,4.159,,,,236.067,0.0,0.0,,,,,326.1,325.0,327.0,,,0.0,71.0,100.0,0.0,0.0,0.0,0.0,0.0,0.0,30.0,0.0,0.0,0.0,30.0,0.0,0.0,0.0,0.0,0.0,"solar2_v,lipo2_v"
2022-11-14T04:00:00Z,29.0,29.0,,,,,,,,,,,,,,,4.174,4.161,4.186,,,,249.655,0.0,0.0,,,,,323.379,321.0,325.0,,,0.0,101.0,129.0,0.0,0.0,0.0,0.0,0.0,0.0,29.0,0.0,0.0,0.0,29.0,0.0,0.0,0.0,0.0,0.0,"solar2_v,lipo2_v"
2022-11-14T05:00:00Z,29.0,29.0,,,,,,,,,,,,,,,4.176,4.158,4.187,,,,236.862,0.0,0.0,,,,,319.345,316.0,321.0,,,0.0,130.0,158.0,0.0,0.0,0.0,0.0,0.0,0.0,29.0,0.0,0.0,0.0,29.0,0.0,0.0,0.0,0.0,0.0,"solar2_v,lipo2_v"
2022-11-14T06:00:00Z,29.0,29.0,,,,,,,,,,,,,,,4.148,4.141,4.158,,,,241.069,0.0,0.0,,,,,316.0,316.0,316.0,,,0.0,159.0,187.0,0.0,0.0,0.0,0.0,0.0,0.0,29.0,0.0,0.0,0.0,29.0,0.0,0.0,0.0,0.0,0.0,"solar2_v,lipo2_v"
2022-11-14T07:00:00Z,30.0,30.0,,,,,,,,,,,,,,,4.139,4.136,4.143,,,,242.267,0.0,0.0,,,,,315.567,315.0,316.0,,,0.0,188.0,217.0,0.0,0.0,0.0,0.0,0.0,0.0,30.0,0.0,0.0,0.0,30.0,0.0,0.0,0.0,0.0,0.0,"solar2_v,lipo2_v"
2022-11-14T08:00:00Z,29.0,29.0,,,,,,,,,,,,,,,4.135,4.133,4.136,,,,242.69,0.0,0.0,,,,,315.034,315.0,316.0,,,0.0,218.0,246.0,0.0,0.0,0.0,0.0,0.0,0.0,29.0,0.0,0.0,0.0,29.0,0.0,0.0,0.0,0.0,0.0,"solar2_v,lipo2_v"
2022-11-14T09:00:00Z,29.0,29.0,,,,,,,,,,,,,,,4.133,4.131,4.135,,,,236.31,0.0,0.0,,,,,315.034,315.0,316.0,,,0.0,247.0,275.0,0.0,0.0,0.0,0.0,0.0,0.0,29.0,0.0,0.0,0.0,29.0,0.0,0.0,0.0,0.0,0.0,"solar2_v,lipo2_v"
2022-11-14T10:00:00Z,29.0,29.0,,,,,,,,,,,,,,,4.132,4.131,4.133,,,,238.138,0.0,0.0,,,,,315.034,315.0,316.0,,,0.0,276.0,304.0,0.0,0.0,0.0,0.0,0.0,0.0,29.0,0.0,0.0,0.0,29.0,0.0,0.0,0.0,0.0,0.0,"solar2_v,lipo2_v"
2022-11-14T11:00:00Z,29.0,29.0,,,,,,,,,,,,,,,4.13,4.128,4.131,,,,245.379,0.0,0.0,,,,,315.0,315.0,315.0,,,0.0,305.0,333.0,0.0,0.0,0.0,0.0,0.0,0.0,29.0,0.0,0.0,0.0,29.0,0.0,0.0,0.0,0.0,0.0,"solar2_v,lipo2_v"
2022-11-14T12:00:00Z,30.0,30.0,,,,,,,,,,,,,,,4.128,4.126,4.131,,,,246.4,0.0,0.0,,,,,313.667,303.0,316.0,,,0.0,334.0,363.0,0.0,0.0,0.0,0.0,0.0,0.0,30.0,0.0,0.0,0.0,30.0,0.0,0.0,0.0,0.0,0.0,"solar2_v,lipo2_v"
2022-11-14T13:00:00Z,29.0,29.0,,,,,,,,,,,,,,,4.126,4.125,4.13,,,,255.0,0.0,0.0,,,,,292.828,286.0,301.0,,,0.0,364.0,392.0,0.0,0.0,0.0,0.0,0.0,0.0,29.0,0.0,0.0,0.0,29.0,0.0,0.0,0.0,0.0,0.0,"solar2_v,lipo2_v"
2022-11-14T14:00:00Z,29.0,29.0,,,,,,,,,,,,,,,4.125,4.121,4.128,,,,252.621,0.0,0.0,,,,,281.897,277.0,286.0,,,0.0,393.0,421.0,0.0,0.0,0.0,0.0,0.0,0.0,29.0,0.0,0.0,0.0,29.0,0.0,0.0,0.0,0.0,0.0,"solar2_v,lipo2_v"
2022-11-14T15:00:00Z,29.0,29.0,,,,,,,,,,,,,,,4.123,4.12,4.125,,,,243.0,0.0,0.0,,,,,291.345,278.0,300.0,,,0.0,422.0,450.0,0.0,0.0,0.0,0.0,0.0,0.0,29.0,0.0,0.0,0.0,29.0,0.0,0.0,0.0,0.0,0.0,"solar2_v,lipo2_v"
2022-11-14T16:00:00Z,30.0,30.0,,,,,,,,,,,,,,,4.122,4.12,4.125,,,,241.267,0.0,0.0,,,,,300.933,300.0,301.0,,,0.0,451.0,480.0,0.0,0.0,0.0,0.0,0.0,0.0,30.0,0.0,0.0,0.0,30.0,0.0,0.0,0.0,0.0,0.0,"solar2_v,lipo2_v"
2022-11-14T17:00:00Z,28.0,28.0,,,,,,,,,,,,,,,4.121,4.118,4.125,,,,255.714,0.0,0.0,,,,,303.393,303.0,305.0,,,0.0,482.0,509.0,0.0,0.0,0.0,0.0,0.0,0.0,28.0,0.0,0.0,0.0,28.0,0.0,0.0,0.0,0.0,0.0,"solar2_v,lipo2_v"
2022-11-14T18:00:00Z,29.0,29.0,,,,,,,,,,,,,,,4.12,4.116,4.121,,,,250.103,0.0,0.0,,,,,304.241,304.0,305.0,,,0.0,510.0,538.0,0.0,0.0,0.0,0.0,0.0,0.0,29.0,0.0,0.0,0.0,29.0,0.0,0.0,0.0,0.0,0.0,"solar2_v,lipo2_v"
2022-11-14T19:00:00Z,29.0,29.0,,,,,,,,,,,,,,,4.119,4.118,4.121,,,,240.069,0.0,0.0,,,,,305.138,305.0,306.0,,,0.0,539.0,567.0,0.0,0.0,0.0,0.0,0.0,0.0,29.0,0.0,0.0,0.0,29.0,0.0,0.0,0.0,0.0,0.0,"solar2_v,lipo2_v"
2022-11-14T20:00:00Z,29.0,29.0,,,,,,,,,,,,,,,4.119,4.115,4.121,,,,244.517,0.0,0.0,,,,,305.414,305.0,306.0,,,0.0,568.0,596.0,0.0,0.0,0.0,0.0,0.0,0.0,29.0,0.0,0.0,0.0,29.0,0.0,0.0,0.0,0.0,0.0,"solar2_v,lipo2_v"
2022-11-14T21:00:00Z,30.0,30.0,,,,,,,,,,,,,,,4.118,4.116,4.12,,,,247.433,0.0,0.0,,,,,305.267,305.0,306.0,,,0.0,597.0,626.0,0.0,0.0,0.0,0.0,0.0,0.0,30.0,0.0,0.0,0.0,30.0,0.0,0.0,0.0,0.0,0.0,"solar2_v,lipo2_v"
2022-11-14T22:00:00Z,29.0,29.0,,,,,,,,,,,,,,,4.117,4.115,4.118,,,,252.655,0.0,0.0,,,,,305.0,305.0,305.0,,,0.0,627.0,655.0,0.0,0.0,0.0,0.0,0.0,0.0,29.0,0.0,0.0,0.0,29.0,0.0,0.0,0.0,0.0,0.0,"solar2_v,lipo2_v"
2022-11-14T23:00:00Z,29.0,29.0,,,,,,,,,,,,,,,4.116,4.115,4.118,,,,249.483,0.0,0.0,,,,,305.862,305.0,307.0,,,0.0,656.0,684.0,0.0,0.0,0.0,0.0,0.0,0.0,29.0,0.0,0.0,0.0,29.0,0.0,0.0,0.0,0.0,0.0,"solar2_v,lipo2_v"
2022-11-15T00:00:00Z,29.0,29.0,,,,,,,,,,,,,,,4.116,4.113,4.118,,,,254.414,0.0,0.0,,,,,309.966,307.0,313.0,,,0.0,685.0,713.0,0.0,0.0,0.0,0.0,0.0,0.0,29.0,0.0,0.0,0.0,29.0,0.0,0.0,0.0,0.0,0.0,"solar2_v,lipo2_v"
2022-11-15T01:00:00Z,29.0,29.0,,,,,,,,,,,,,,,4.115,4.113,4.118,,,,249.379,0.0,0.0,,,,,313.103,313.0,314.0,,,0.0,714.0,743.0,0.0,0.0,0.0,0.0,0.0,0.0,29.0,0.0,0.0,0.0,29.0,0.0,0.0,0.0,0.0,0.0,"solar2_v,lipo2_v"
2022-11-15T02:00:00Z,29.0,29.0,,,,,,,,,,,,,,,4.115,4.113,4.118,,,,240.103,0.0,0.0,,,,,313.897,313.0,314.0,,,0.0,744.0,772.0,0.0,0.0,0.0,0.0,0.0,0.0,29.0,0.0,0.0,0.0,29.0,0.0,0.0,0.0,0.0,0.0,"solar2_v,lipo2_v"
2022-11-15T03:00:00Z,29.0,29.0,,,,,,,,,,,,,,,4.115,4.113,4.116,,,,242.241,0.0,0.0,,,,,314.517,314.0,316.0,,,0.0,773.0,801.0,0.0,0.0,0.0,0.0,0.0,0.0,29.0,0.0,0.0,0.0,29.0,0.0,0.0,0.0,0.0,0.0,"solar2_v,lipo2_v"
2022-11-15T04:00:00Z,29.0,29.0,,,,,,,,,,,,,,,4.115,4.113,4.116,,,,239.793,0.0,0.0,,,,,316.0,316.0,316.0,,,0.0,802.0,830.0,0.0,0.0,0.0,0.0,0.0,0.0,29.0,0.0,0.0,0.0,29.0,0.0,0.0,0.0,0.0,0.0,"solar2_v,lipo2_v"
2022-11-15T05:00:00Z,30.0,30.0,,,,,,,,,,,,,,,4.114,4.111,4.116,,,,235.367,0.0,0.0,,,,,316.3,316.0,317.0,,,0.0,831.0,860.0,0.0,0.0,0.0,0.0,0.0,0.0,30.0,0.0,0.0,0.0,30.0,0.0,0.0,0.0,0.0,0.0,"solar2_v,lipo2_v"
2022-11-15T06:00:00Z,28.0,28.0,,,,,,,,,,,,,,,4.113,4.111,4.115,,,,247.0,0.0,0.0,,,,,317.143,316.0,320.0,,,0.0,861.0,889.0,0.0,0.0,0.0,0.0,0.0,0.0,28.0,0.0,0.0,0.0,28.0,0.0,0.0,0.0,0.0,0.0,"solar2_v,lipo2_v"
2022-11-15T07:00:00Z,29.0,29.0,,,,,,,,,,,,,,,4.113,4.111,4.115,,,,245.483,0.0,0.0,,,,,316.0,316.0,316.0,,,0.0,890.0,918.0,0.0,0.0,0.0,0.0,0.0,0.0,29.0,0.0,0.0,0.0,29.0,0.0,0.0,0.0,0.0,0.0,"solar2_v,lipo2_v"
2022-11-15T08:00:00Z,29.0,29.0,,,,,,,,,,,,,,,4.112,4.111,4.115,,,,252.759,0.0,0.0,,,,,316.0,316.0,316.0,,,0.0,919.0,947.0,0.0,0.0,0.0,0.0,0.0,0.0,29.0,0.0,0.0,0.0,29.0,0.0,0.0,0.0,0.0,0.0,"solar2_v,lipo2_v"
2022-11-15T09:00:00Z,29.0,29.0,,,,,,,,,,,,,,,4.112,4.11,4.115,,,,255.621,0.0,0.0,,,,,316.0,316.0,316.0,,,0.0,948.0,976.0,0.0,0.0,0.0,0.0,0.0,0.0,29.0,0.0,0.0,0.0,29.0,0.0,0.0,0.0,0.0,0.0,"solar2_v,lipo2_v"
2022-11-15T10:00:00Z,29.0,29.0,,,,,,,,,,,,,,,4.112,4.11,4.115,,,,253.448,0.0,0.0,,,,,316.0,316.0,316.0,,,0.0,977.0,1005.0,0.0,0.0,0.0,0.0,0.0,0.0,29.0,0.0,0.0,0.0,29.0,0.0,0.0,0.0,0.0,0.0,"solar2_v,lipo2_v"
2022-11-15T11:00:00Z,30.0,30.0,,,,,,,,,,,,,,,4.111,4.108,4.113,,,,253.867,0.0,0.0,,,,,316.033,316.0,317.0,,,0.0,1006.0,1035.0,0.0,0.0,0.0,0.0,0.0,0.0,30.0,0.0,0.0,0.0,30.0,0.0,0.0,0.0,0.0,0.0,"solar2_v,lipo2_v"
2022-11-15T12:00:00Z,29.0,29.0,,,,,,,,,,,,,,,4.11,4.106,4.113,,,,243.207,0.0,0.0,,,,,316.103,316.0,317.0,,,0.0,1036.0,1064.0,0.0,0.0,0.0,0.0,0.0,0.0,29.0,0.0,0.0,0.0,29.0,0.0,0.0,0.0,0.0,0.0,"solar2_v,lipo2_v"
2022-11-15T13:00:00Z,29.0,29.0,,,,,,,,,,,,,,,4.11,4.108,4.111,,,,250.034,0.0,0.0,,,,,316.483,316.0,317.0,,,0.0,1065.0,1093.0,0.0,0.0,0.0,0.0,0.0,0.0,29.0,0.0,0.0,0.0,29.0,0.0,0.0,0.0,0.0,0.0,"solar2_v,lipo2_v"
2022-11-15T14:00:00Z,29.0,29.0,,,,,,,,,,,,,,,4.11,4.106,4.111,,,,244.103,0.0,0.0,,,,,316.448,316.0,317.0,,,0.0,1094.0,1122.0,0.0,0.0,0.0,0.0,0.0,0.0,29.0,0.0,0.0,0.0,29.0,0.0,0.0,0.0,0.0,0.0,"solar2_v,lipo2_v"
2022-11-15T15:00:00Z,30.0,30.0,,,,,,,,,,,,,,,4.107,4.098,4.111,,,,244.9,0.0,0.0,,,,,316.433,314.0,317.0,,,0.0,1123.0,1152.0,0.0,0.0,0.0,0.0,0.0,0.0,30.0,0.0,0.0,0.0,30.0,0.0,0.0,0.0,0.0,0.0,"solar2_v,lipo2_v"
2022-11-15T16:00:00Z,29.0,29.0,,,,,,,,,,,,,,,4.098,4.095,4.1,,,,231.483,0.0,0.0,,,,,313.724,313.0,314.0,,,0.0,1153.0,1181.0,0.0,0.0,0.0,0.0,0.0,0.0,29.0,0.0,0.0,0.0,29.0,0.0,0.0,0.0,0.0,0.0,"solar2_v,lipo2_v"
2022-11-15T17:00:00Z,29.0,29.0,,,,,,,,,,,,,,,4.097,4.093,4.1,,,,231.655,0.0,0.0,,,,,312.517,311.0,314.0,,,0.0,1182.0,1210.0,0.0,0.0,0.0,0.0,0.0,0.0,29.0,0.0,0.0,0.0,29.0,0.0,0.0,0.0,0.0,0.0,"solar2_v,lipo2_v"
2022-11-15T18:00:00Z,29.0,29.0,,,,,,,,,,,,,,,4.093,4.092,4.097,,,,232.552,0.0,0.0,,,,,296.724,281.0,311.0,,,0.0,1211.0,1239.0,0.0,0.0,0.0,0.0,0.0,0.0,29.0,0.0,0.0,0.0,29.0,0.0,0.0,0.0,0.0,0.0,"solar2_v,lipo2_v"
2022-11-15T19:00:00Z,30.0,30.0,,,,,,,,,,,,,,,4.091,4.088,4.093,,,,233.967,0.0,0.0,,,,,276.3,274.0,281.0,,,0.0,1240.0,1269.0,0.0,0.0,0.0,0.0,0.0,0.0,30.0,0.0,0.0,0.0,30.0,0.0,0.0,0.0,0.0,0.0,"solar2_v,lipo2_v"
2022-11-15T20:00:00Z,22.0,22.0,,,,,,,,,,,,,,,4.09,4.087,4.092,,,,233.455,0.0,0.0,,,,,287.682,275.0,299.0,,,0.0,1270.0,1297.0,0.0,0.0,0.0,0.0,0.0,0.0,22.0,0.0,0.0,0.0,22.0,0.0,0.0,0.0,0.0,0.0,"solar2_v,lipo2_v"
2022-11-15T21:00:00Z,6.0,6.0,,,,,,,,,,,,,,,4.087,4.085,4.087,,,,232.333,0.0,0.0,,,,,299.667,297.0,301.0,,,0.0,1298.0,1318.0,0.0,0.0,0.0,0.0,0.0,0.0,6.0,0.0,0.0,0.0,6.0,0.0,0.0,0.0,0.0,0.0,"solar2_v,lipo2_v"
2022-11-15T22:00:00Z,26.0,26.0,,,,,,,,,,,,,,,4.084,4.083,4.085,,,,232.731,0.0,0.0,,,,,300.192,300.0,301.0,,,0.0,1328.0,1353.0,0.0,0.0,0.0,0.0,0.0,0.0,26.0,0.0,0.0,0.0,26.0,0.0,0.0,0.0,0.0,0.0,"solar2_v,lipo2_v"
2022-11-15T23:00:00Z,29.0,29.0,,,,,,,,,,,,,,,4.083,4.082,4.085,,,,232.552,0.0,0.0,,,,,300.931,300.0,302.0,,,0.0,1354.0,1382.0,0.0,0.0,0.0,0.0,0.0,0.0,29.0,0.0,0.0,0.0,29.0,0.0,0.0,0.0,0.0,0.0,"solar2_v,lipo2_v"
2022-11-16T00:00:00Z,29.0,29.0,,,,,,,,,,,,,,,4.083,4.082,4.085,,,,231.862,0.0,0.0,,,,,307.138,302.0,313.0,,,0.0,1383.0,1411.0,0.0,0.0,0.0,0.0,0.0,0.0,29.0,0.0,0.0,0.0,29.0,0.0,0.0,0.0,0.0,0.0,"solar2_v,lipo2_v"
2022-11-16T01:00:00Z,29.0,29.0,,,,,,,,,,,,,,,4.083,4.082,4.083,,,,231.276,0.0,0.0,,,,,315.31,313.0,320.0,,,0.0,1412.0,1440.0,0.0,0.0,0.0,0.0,0.0,0.0,29.0,0.0,0.0,0.0,29.0,0.0,0.0,0.0,0.0,0.0,"solar2_v,lipo2_v"
2022-11-16T02:00:00Z,30.0,30.0,,,,,,,,,,,,,,,4.082,4.082,4.083,,,,228.467,0.0,0.0,,,,,335.4,321.0,372.0,,,0.0,1441.0,1470.0,0.0,0.0,0.0,0.0,0.0,0.0,30.0,0.0,0.0,0.0,30.0,0.0,0.0,0.0,0.0,0.0,"solar2_v,lipo2_v"
2022-11-16T03:00:00Z,29.0,29.0,,,,,,,,,,,,,,,4.083,4.082,4.085,,,,224.172,0.0,0.0,,,,,377.724,306.0,408.0,,,0.0,1471.0,1499.0,0.0,0.0,0.0,0.0,0.0,0.0,29.0,0.0,0.0,0.0,29.0,0.0,0.0,0.0,0.0,0.0,"solar2_v,lipo2_v"
2022-11-16T04:00:00Z,29.0,29.0,,,,,,,,,,,,,,,4.082,4.08,4.082,,,,226.793,0.0,0.0,,,,,355.241,313.0,385.0,,,0.0,1500.0,1528.0,0.0,0.0,0.0,0.0,0.0,0.0,29.0,0.0,0.0,0.0,29.0,0.0,0.0,0.0,0.0,0.0,"solar2_v,lipo2_v"
2022-11-16T05:00:00Z,29.0,29.0,,,,,,,,,,,,,,,4.081,4.08,4.082,,,,228.172,0.0,0.0,,,,,340.414,337.0,345.0,,,0.0,1529.0,1557.0,0.0,0.0,0.0,0.0,0.0,0.0,29.0,0.0,0.0,0.0,29.0,0.0,0.0,0.0,0.0,0.0,"solar2_v,lipo2_v"
2022-11-16T06:00:00Z,30.0,30.0,,,,,,,,,,,,,,,4.08,4.08,4.082,,,,228.7,0.0,0.0,,,,,332.2,327.0,338.0,,,0.0,1558.0,1587.0,0.0,0.0,0.0,0.0,0.0,0.0,30.0,0.0,0.0,0.0,30.0,0.0,0.0,0.0,0.0,0.0,"solar2_v,lipo2_v"
2022-11-16T07:00:00Z,29.0,29.0,,,,,,,,,,,,,,,4.08,4.078,4.08,,,,229.448,0.0,0.0,,,,,326.517,325.0,327.0,,,0.0,1588.0,1616.0,0.0,0.0,0.0,0.0,0.0,0.0,29.0,0.0,0.0,0.0,29.0,0.0,0.0,0.0,0.0,0.0,"solar2_v,lipo2_v"
2022-11-16T08:00:00Z,29.0,29.0,,,,,,,,,,,,,,,4.079,4.078,4.08,,,,229.931,0.0,0.0,,,,,323.069,321.0,325.0,,,0.0,1617.0,1645.0,0.0,0.0,0.0,0.0,0.0,0.0,29.0,0.0,0.0,0.0,29.0,0.0,0.0,0.0,0.0,0.0,"solar2_v,lipo2_v"
2022-11-16T09:00:00Z,29.0,29.0,,,,,,,,,,,,,,,4.078,4.077,4.08,,,,230.241,0.0,0.0,,,,,320.897,320.0,321.0,,,0.0,1646.0,1674.0,0.0,0.0,0.0,0.0,0.0,0.0,29.0,0.0,0.0,0.0,29.0,0.0,0.0,0.0,0.0,0.0,"solar2_v,lipo2_v"
2022-11-16T10:00:00Z,29.0,29.0,,,,,,,,,,,,,,,4.077,4.075,4.08,,,,230.379,0.0,0.0,,,,,318.724,317.0,320.0,,,0.0,1675.0,1703.0,0.0,0.0,0.0,0.0,0.0,0.0,29.0,0.0,0.0,0.0,29.0,0.0,0.0,0.0,0.0,0.0,"solar2_v,lipo2_v"
2022-11-16T11:00:00Z,30.0,30.0,,,,,,,,,,,,,,,4.077,4.075,4.078,,,,230.567,0.0,0.0,,,,,317.167,316.0,318.0,,,0.0,1704.0,1733.0,0.0,0.0,0.0,0.0,0.0,0.0,30.0,0.0,0.0,0.0,30.0,0.0,0.0,0.0,0.0,0.0,"solar2_v,lipo2_v"
2022-11-16T12:00:00Z,29.0,29.0,,,,,,,,,,,,,,,4.076,4.072,4.078,,,,230.207,0.0,0.0,,,,,316.103,316.0,317.0,,,0.0,1734.0,1762.0,0.0,0.0,0.0,0.0,0.0,0.0,29.0,0.0,0.0,0.0,29.0,0.0,0.0,0.0,0.0,0.0,"solar2_v,lipo2_v"
2022-11-16T13:00:00Z,29.0,29.0,,,,,,,,,,,,,,,4.075,4.072,4.077,,,,231.0,0.0,0.0,,,,,315.655,315.0,316.0,,,0.0,1763.0,1791.0,0.0,0.0,0.0,0.0,0.0,0.0,29.0,0.0,0.0,0.0,29.0,0.0,0.0,0.0,0.0,0.0,"solar2_v,lipo2_v"
2022-11-16T14:00:00Z,28.0,28.0,,,,,,,,,,,,,,,4.073,4.072,4.075,,,,230.857,0.0,0.0,,,,,315.0,315.0,315.0,,,0.0,1792.0,1820.0,0.0,0.0,0.0,0.0,0.0,0.0,28.0,0.0,0.0,0.0,28.0,0.0,0.0,0.0,0.0,0.0,"solar2_v,lipo2_v"
2022-11-16T15:00:00Z,30.0,30.0,,,,,,,,,,,,,,,4.072,4.069,4.073,,,,230.633,0.0,0.0,,,,,314.5,314.0,315.0,,,0.0,1821.0,1850.0,0.0,0.0,0.0,0.0,0.0,0.0,30.0,0.0,0.0,0.0,30.0,0.0,0.0,0.0,0.0,0.0,"solar2_v,lipo2_v"
2022-11-16T16:00:00Z,22.0,22.0,,,,,,,,,,,,,,,4.071,4.069,4.073,,,,230.773,0.0,0.0,,,,,314.364,314.0,315.0,,,0.0,1851.0,1879.0,0.0,0.0,0.0,0.0,0.0,0.0,22.0,0.0,0.0,0.0,22.0,0.0,0.0,0.0,0.0,0.0,"solar2_v,lipo2_v"
2022-11-16T17:00:00Z,29.0,29.0,,,,,,,,,,,,,,,4.07,4.069,4.072,,,,231.241,0.0,0.0,,,,,313.828,313.0,314.0,,,0.0,1880.0,1908.0,0.0,0.0,0.0,0.0,0.0,0.0,29.0,0.0,0.0,0.0,29.0,0.0,0.0,0.0,0.0,0.0,"solar2_v,lipo2_v"
2022-11-16T18:00:00Z,29.0,29.0,,,,,,,,,,,,,,,4.069,4.065,4.072,,,,231.586,0.0,0.0,,,,,312.862,312.0,314.0,,,0.0,1909.0,1937.0,0.0,0.0,0.0,0.0,0.0,0.0,29.0,0.0,0.0,0.0,29.0,0.0,0.0,0.0,0.0,0.0,"solar2_v,lipo2_v"
2022-11-16T19:00:00Z,29.0,29.0,,,,,,,,,,,,,,,4.068,4.067,4.07,,,,231.517,0.0,0.0,,,,,311.138,310.0,312.0,,,0.0,1938.0,1966.0,0.0,0.0,0.0,0.0,0.0,0.0,29.0,0.0,0.0,0.0,29.0,0.0,0.0,0.0,0.0,0.0,"solar2_v,lipo2_v"
2022-11-16T20:00:00Z,29.0,29.0,,,,,,,,,,,,,,,4.067,4.065,4.069,,,,231.207,0.0,0.0,,,,,310.414,309.0,311.0,,,0.0,1967.0,1995.0,0.0,0.0,0.0,0.0,0.0,0.0,29.0,0.0,0.0,0.0,29.0,0.0,0.0,0.0,0.0,0.0,"solar2_v,lipo2_v"
2022-11-16T21:00:00Z,30.0,30.0,,,,,,,,,,,,,,,4.066,4.064,4.069,,,,231.7,0.0,0.0,,,,,307.533,306.0,309.0,,,0.0,1996.0,2025.0,0.0,0.0,0.0,0.0,0.0,0.0,30.0,0.0,0.0,0.0,30.0,0.0,0.0,0.0,0.0,0.0,"solar2_v,lipo2_v"
2022-11-16T22:00:00Z,29.0,29.0,,,,,,,,,,,,,,,4.065,4.064,4.067,,,,231.724,0.0,0.0,,,,,306.138,306.0,307.0,,,0.0,2026.0,2054.0,0.0,0.0,0.0,0.0,0.0,0.0,29.0,0.0,0.0,0.0,29.0,0.0,0.0,0.0,0.0,0.0,"solar2_v,lipo2_v"
2022-11-16T23:00:00Z,29.0,29.0,,,,,,,,,,,,,,,4.065,4.062,4.067,,,,231.793,0.0,0.0,,,,,306.414,306.0,308.0,,,0.0,2055.0,2083.0,0.0,0.0,0.0,0.0,0.0,0.0,29.0,0.0,0.0,0.0,29.0,0.0,0.0,0.0,0.0,0.0,"solar2_v,lipo2_v"
2022-11-17T00:00:00Z,29.0,29.0,,,,,,,,,,,,,,,4.064,4.06,4.065,,,,231.379,0.0,0.0,,,,,312.759,308.0,314.0,,,0.0,2084.0,2112.0,0.0,0.0,0.0,0.0,0.0,0.0,29.0,0.0,0.0,0.0,29.0,0.0,0.0,0.0,0.0,0.0,"solar2_v,lipo2_v"
2022-11-17T01:00:00Z,30.0,30.0,,,,,,,,,,,,,,,4.063,4.06,4.065,,,,230.167,0.0,0.0,,,,,318.433,314.0,326.0,,,0.0,2113.0,2142.0,0.0,0.0,0.0,0.0,0.0,0.0,30.0,0.0,0.0,0.0,30.0,0.0,0.0,0.0,0.0,0.0,"solar2_v,lipo2_v"
2022-11-17T02:00:00Z,29.0,29.0,,,,,,,,,,,,,,,4.065,4.062,4.067,,,,225.931,0.0,0.0,,,,,330.552,252.0,460.0,,,0.0,2143.0,2171.0,0.0,0.0,0.0,0.0,0.0,0.0,29.0,0.0,0.0,0.0,29.0,0.0,0.0,0.0,0.0,0.0,"solar2_v,lipo2_v"
2022-11-17T03:00:00Z,29.0,29.0,,,,,,,,,,,,,,,4.066,4.064,4.07,,,,218.586,0.0,0.0,,,,,394.517,257.0,467.0,,,0.0,2172.0,2200.0,0.0,0.0,0.0,0.0,0.0,0.0,29.0,0.0,0.0,0.0,29.0,0.0,0.0,0.0,0.0,0.0,"solar2_v,lipo2_v"
2022-11-17T04:00:00Z,29.0,29.0,,,,,,,,,,,,,,,4.063,4.06,4.065,,,,225.379,0.0,0.0,,,,,366.241,292.0,433.0,,,0.0,2201.0,2229.0,0.0,0.0,0.0,0.0,0.0,0.0,29.0,0.0,0.0,0.0,29.0,0.0,0.0,0.0,0.0,0.0,"solar2_v,lipo2_v"
2022-11-17T05:00:00Z,29.0,29.0,,,,,,,,,,,,,,,4.061,4.059,4.064,,,,227.966,0.0,0.0,,,,,343.828,340.0,349.0,,,0.0,2230.0,2258.0,0.0,0.0,0.0,0.0,0.0,0.0,29.0,0.0,0.0,0.0,29.0,0.0,0.0,0.0,0.0,0.0,"solar2_v,lipo2_v"
2022-11-17T06:00:00Z,30.0,30.0,,,,,,,,,,,,,,,4.06,4.059,4.062,,,,228.567,0.0,0.0,,,,,310.933,286.0,340.0,,,0.0,2259.0,2288.0,0.0,0.0,0.0,0.0,0.0,0.0,30.0,0.0,0.0,0.0,30.0,0.0,0.0,0.0,0.0,0.0,"solar2_v,lipo2_v"
2022-11-17T07:00:00Z,29.0,29.0,,,,,,,,,,,,,,,4.06,4.057,4.062,,,,229.0,0.0,0.0,,,,,298.172,281.0,327.0,,,0.0,2289.0,2317.0,0.0,0.0,0.0,0.0,0.0,0.0,29.0,0.0,0.0,0.0,29.0,0.0,0.0,0.0,0.0,0.0,"solar2_v,lipo2_v"
2022-11-17T08:00:00Z,29.0,29.0,,,,,,,,,,,,,,,4.059,4.057,4.06,,,,230.207,0.0,0.0,,,,,323.207,321.0,327.0,,,0.0,2318.0,2346.0,0.0,0.0,0.0,0.0,0.0,0.0,29.0,0.0,0.0,0.0,29.0,0.0,0.0,0.0,0.0,0.0,"solar2_v,lipo2_v"
2022-11-17T09:00:00Z,29.0,29.0,,,,,,,,,,,,,,,4.058,4.057,4.059,,,,230.483,0.0,0.0,,,,,321.0,321.0,321.0,,,0.0,2347.0,2375.0,0.0,0.0,0.0,0.0,0.0,0.0,29.0,0.0,0.0,0.0,29.0,0.0,0.0,0.0,0.0,0.0,"solar2_v,lipo2_v"
2022-11-17T10:00:00Z,30.0,30.0,,,,,,,,,,,,,,,4.057,4.055,4.059,,,,230.4,0.0,0.0,,,,,319.767,319.0,321.0,,,0.0,2376.0,2405.0,0.0,0.0,0.0,0.0,0.0,0.0,30.0,0.0,0.0,0.0,30.0,0.0,0.0,0.0,0.0,0.0,"solar2_v,lipo2_v"
2022-11-17T11:00:00Z,29.0,29.0,,,,,,,,,,,,,,,4.056,4.054,4.057,,,,230.69,0.0,0.0,,,,,318.276,318.0,319.0,,,0.0,2406.0,2434.0,0.0,0.0,0.0,0.0,0.0,0.0,29.0,0.0,0.0,0.0,29.0,0.0,0.0,0.0,0.0,0.0,"solar2_v,lipo2_v"
2022-11-17T12:00:00Z,29.0,29.0,,,,,,,,,,,,,,,4.055,4.054,4.057,,,,231.379,0.0,0.0,,,,,307.379,259.0,318.0,,,0.0,2435.0,2463.0,0.0,0.0,0.0,0.0,0.0,0.0,29.0,0.0,0.0,0.0,29.0,0.0,0.0,0.0,0.0,0.0,"solar2_v,lipo2_v"
2022-11-17T13:00:00Z,29.0,29.0,,,,,,,,,,,,,,,4.054,4.052,4.055,,,,233.138,0.0,0.0,,,,,278.862,236.0,295.0,,,0.0,2464.0,2492.0,0.0,0.0,0.0,0.0,0.0,0.0,29.0,0.0,0.0,0.0,29.0,0.0,0.0,0.0,0.0,0.0,"solar2_v,lipo2_v"
2022-11-17T14:00:00Z,29.0,29.0,,,,,,,,,,,,,,,4.053,4.052,4.054,,,,232.897,0.0,0.0,,,,,287.069,274.0,301.0,,,0.0,2493.0,2521.0,0.0,0.0,0.0,0.0,0.0,0.0,29.0,0.0,0.0,0.0,29.0,0.0,0.0,0.0,0.0,0.0,"solar2_v,lipo2_v"
2022-11-17T15:00:00Z,30.0,30.0,,,,,,,,,,,,,,,4.052,4.05,4.054,,,,233.833,0.0,0.0,,,,,267.6,223.0,286.0,,,0.0,2522.0,2551.0,0.0,0.0,0.0,0.0,0.0,0.0,30.0,0.0,0.0,0.0,30.0,0.0,0.0,0.0,0.0,0.0,"solar2_v,lipo2_v"
2022-11-17T16:00:00Z,29.0,29.0,,,,,,,,,,,,,,,4.051,4.049,4.052,,,,234.379,0.0,0.0,,,,,266.828,231.0,277.0,,,0.0,2552.0,2580.0,0.0,0.0,0.0,0.0,0.0,0.0,29.0,0.0,0.0,0.0,29.0,0.0,0.0,0.0,0.0,0.0,"solar2_v,lipo2_v"
2022-11-17T17:00:00Z,29.0,29.0,,,,,,,,,,,,,,,4.05,4.049,4.052,,,,234.103,0.0,0.0,,,,,248.517,241.0,258.0,,,0.0,2581.0,2609.0,0.0,0.0,0.0,0.0,0.0,0.0,29.0,0.0,0.0,0.0,29.0,0.0,0.0,0.0,0.0,0.0,"solar2_v,lipo2_v"
2022-11-17T18:00:00Z,29.0,29.0,,,,,,,,,,,,,,,4.051,4.049,4.052,,,,232.862,0.0,0.0,,,,,243.034,221.0,294.0,,,0.0,2610.0,2638.0,0.0,0.0,0.0,0.0,0.0,0.0,29.0,0.0,0.0,0.0,29.0,0.0,0.0,0.0,0.0,0.0,"solar2_v,lipo2_v"
2022-11-17T19:00:00Z,30.0,30.0,,,,,,,,,,,,,,,4.05,4.049,4.052,,,,232.233,0.0,0.0,,,,,222.8,221.0,232.0,,,0.0,2639.0,2668.0,0.0,0.0,0.0,0.0,0.0,0.0,30.0,0.0,0.0,0.0,30.0,0.0,0.0,0.0,0.0,0.0,"solar2_v,lipo2_v"
2022-11-17T20:00:00Z,13.0,13.0,,,,,,,,,,,,,,,4.051,4.049,4.052,,,,232.462,0.0,0.0,,,,,238.385,228.0,256.0,,,0.0,2669.0,2683.0,0.0,0.0,0.0,0.0,0.0,0.0,13.0,0.0,0.0,0.0,13.0,0.0,0.0,0.0,0.0,0.0,"solar2_v,lipo2_v"
2022-11-17T21:00:00Z,24.0,24.0,,,,,,,,,,,,,,,4.048,4.047,4.049,,,,232.25,0.0,0.0,,,,,222.667,221.0,233.0,,,0.0,2701.0,2724.0,0.0,0.0,0.0,0.0,0.0,0.0,24.0,0.0,0.0,0.0,24.0,0.0,0.0,0.0,0.0,0.0,"solar2_v,lipo2_v"
2022-11-17T22:00:00Z,29.0,29.0,,,,,,,,,,,,,,,4.048,4.045,4.05,,,,232.138,0.0,0.0,,,,,221.207,221.0,222.0,,,0.0,2725.0,2753.0,0.0,0.0,0.0,0.0,0.0,0.0,29.0,0.0,0.0,0.0,29.0,0.0,0.0,0.0,0.0,0.0,"solar2_v,lipo2_v"
2022-11-17T23:00:00Z,30.0,30.0,,,,,,,,,,,,,,,4.048,4.045,4.049,,,,232.1,0.0,0.0,,,,,222.033,220.0,232.0,,,0.0,2754.0,2783.0,0.0,0.0,0.0,0.0,0.0,0.0,30.0,0.0,0.0,0.0,30.0,0.0,0.0,0.0,0.0,0.0,"solar2_v,lipo2_v"
2022-11-18T00:00:00Z,29.0,29.0,,,,,,,,,,,,,,,4.047,4.044,4.05,,,,231.552,0.0,0.0,,,,,236.207,225.0,248.0,,,0.0,2784.0,2812.0,0.0,0.0,0.0,0.0,0.0,0.0,29.0,0.0,0.0,0.0,29.0,0.0,0.0,0.0,0.0,0.0,"solar2_v,lipo2_v"
2022-11-18T01:00:00Z,29.0,29.0,,,,,,,,,,,,,,,4.047,4.045,4.049,,,,230.931,0.0,0.0,,,,,242.241,236.0,248.0,,,0.0,2813.0,2841.0,0.0,0.0,0.0,0.0,0.0,0.0,29.0,0.0,0.0,0.0,29.0,0.0,0.0,0.0,0.0,0.0,"solar2_v,lipo2_v"
2022-11-18T02:00:00Z,29.0,29.0,,,,,,,,,,,,,,,4.049,4.045,4.05,,,,228.414,0.0,0.0,,,,,275.724,239.0,356.0,,,0.0,2842.0,2870.0,0.0,0.0,0.0,0.0,0.0,0.0,29.0,0.0,0.0,0.0,29.0,0.0,0.0,0.0,0.0,0.0,"solar2_v,lipo2_v"
2022-11-18T03:00:00Z,30.0,30.0,,,,,,,,,,,,,,,4.049,4.047,4.05,,,,223.233,0.0,0.0,,,,,368.967,252.0,421.0,,,0.0,2871.0,2900.0,0.0,0.0,0.0,0.0,0.0,0.0,30.0,0.0,0.0,0.0,30.0,0.0,0.0,0.0,0.0,0.0,"solar2_v,lipo2_v"
2022-11-18T04:00:00Z,29.0,29.0,,,,,,,,,,,,,,,4.048,4.045,4.05,,,,226.207,0.0,0.0,,,,,364.138,325.0,411.0,,,0.0,2901.0,2929.0,0.0,0.0,0.0,0.0,0.0,0.0,29.0,0.0,0.0,0.0,29.0,0.0,0.0,0.0,0.0,0.0,"solar2_v,lipo2_v"
2022-11-18T05:00:00Z,29.0,29.0,,,,,,,,,,,,,,,4.046,4.044,4.049,,,,228.276,0.0,0.0,,,,,334.241,329.0,342.0,,,0.0,2930.0,2958.0,0.0,0.0,0.0,0.0,0.0,0.0,29.0,0.0,0.0,0.0,29.0,0.0,0.0,0.0,0.0,0.0,"solar2_v,lipo2_v"
2022-11-18T06:00:00Z,29.0,29.0,,,,,,,,,,,,,,,4.046,4.045,4.049,,,,229.103,0.0,0.0,,,,,327.103,327.0,328.0,,,0.0,2959.0,2987.0,0.0,0.0,0.0,0.0,0.0,0.0,29.0,0.0,0.0,0.0,29.0,0.0,0.0,0.0,0.0,0.0,"solar2_v,lipo2_v"
2022-11-18T07:00:00Z,29.0,29.0,,,,,,,,,,,,,,,4.045,4.044,4.047,,,,229.586,0.0,0.0,,,,,325.621,325.0,327.0,,,0.0,2988.0,3016.0,0.0,0.0,0.0,0.0,0.0,0.0,29.0,0.0,0.0,0.0,29.0,0.0,0.0,0.0,0.0,0.0,"solar2_v,lipo2_v"
2022-11-18T08:00:00Z,30.0,30.0,,,,,,,,,,,,,,,4.044,4.04,4.047,,,,229.867,0.0,0.0,,,,,322.367,321.0,324.0,,,0.0,3017.0,3046.0,0.0,0.0,0.0,0.0,0.0,0.0,30.0,0.0,0.0,0.0,30.0,0.0,0.0,0.0,0.0,0.0,"solar2_v,lipo2_v"
2022-11-18T09:00:00Z,29.0,29.0,,,,,,,,,,,,,,,4.043,4.042,4.045,,,,230.276,0.0,0.0,,,,,320.069,319.0,321.0,,,0.0,3047.0,3075.0,0.0,0.0,0.0,0.0,0.0,0.0,29.0,0.0,0.0,0.0,29.0,0.0,0.0,0.0,0.0,0.0,"solar2_v,lipo2_v"
2022-11-18T10:00:00Z,29.0,29.0,,,,,,,,,,,,,,,4.042,4.04,4.044,,,,230.379,0.0,0.0,,,,,317.103,316.0,319.0,,,0.0,3076.0,3104.0,0.0,0.0,0.0,0.0,0.0,0.0,29.0,0.0,0.0,0.0,29.0,0.0,0.0,0.0,0.0,0.0,"solar2_v,lipo2_v"
2022-11-18T11:00:00Z,29.0,29.0,,,,,,,,,,,,,,,4.042,4.04,4.044,,,,231.069,0.0,0.0,,,,,310.448,296.0,316.0,,,0.0,3105.0,3133.0,0.0,0.0,0.0,0.0,0.0,0.0,29.0,0.0,0.0,0.0,29.0,0.0,0.0,0.0,0.0,0.0,"solar2_v,lipo2_v"
2022-11-18T12:00:00Z,29.0,29.0,,,,,,,,,,,,,,,4.04,4.039,4.042,,,,233.552,0.0,0.0,,,,,288.31,283.0,296.0,,,0.0,3134.0,3162.0,0.0,0.0,0.0,0.0,0.0,0.0,29.0,0.0,0.0,0.0,29.0,0.0,0.0,0.0,0.0,0.0,"solar2_v,lipo2_v"
2022-11-18T13:00:00Z,30.0,30.0,,,,,,,,,,,,,,,4.039,4.039,4.042,,,,233.867,0.0,0.0,,,,,279.133,277.0,282.0,,,0.0,3163.0,3192.0,0.0,0.0,0.0,0.0,0.0,0.0,30.0,0.0,0.0,0.0,30.0,0.0,0.0,0.0,0.0,0.0,"solar2_v,lipo2_v"
2022-11-18T14:00:00Z,29.0,29.0,,,,,,,,,,,,,,,4.039,4.036,4.04,,,,234.172,0.0,0.0,,,,,277.793,274.0,287.0,,,0.0,3193.0,3221.0,0.0,0.0,0.0,0.0,0.0,0.0,29.0,0.0,0.0,0.0,29.0,0.0,0.0,0.0,0.0,0.0,"solar2_v,lipo2_v"
2022-11-18T15:00:00Z,29.0,29.0,,,,,,,,,,,,,,,4.039,4.037,4.04,,,,232.724,0.0,0.0,,,,,286.897,236.0,301.0,,,0.0,3222.0,3250.0,0.0,0.0,0.0,0.0,0.0,0.0,29.0,0.0,0.0,0.0,29.0,0.0,0.0,0.0,0.0,0.0,"solar2_v,lipo2_v"
2022-11-18T16:00:00Z,29.0,29.0,,,,,,,,,,,,,,,4.039,4.037,4.04,,,,232.241,0.0,0.0,,,,,237.103,232.0,272.0,,,0.0,3251.0,3279.0,0.0,0.0,0.0,0.0,0.0,0.0,29.0,0.0,0.0,0.0,29.0,0.0,0.0,0.0,0.0,0.0,"solar2_v,lipo2_v"
2022-11-18T17:00:00Z,30.0,30.0,,,,,,,,,,,,,,,4.039,4.037,4.04,,,,232.3,0.0,0.0,,,,,235.233,232.0,247.0,,,0.0,3280.0,3309.0,0.0,0.0,0.0,0.0,0.0,0.0,30.0,0.0,0.0,0.0,30.0,0.0,0.0,0.0,0.0,0.0,"solar2_v,lipo2_v"
2022-11-18T18:00:00Z,29.0,29.0,,,,,,,,,,,,,,,4.038,4.037,4.04,,,,232.138,0.0,0.0,,,,,242.0,233.0,250.0,,,0.0,3310.0,3338.0,0.0,0.0,0.0,0.0,0.0,0.0,29.0,0.0,0.0,0.0,29.0,0.0,0.0,0.0,0.0,0.0,"solar2_v,lipo2_v"
2022-11-18T19:00:00Z,29.0,29.0,,,,,,,,,,,,,,,4.038,4.037,4.04,,,,232.31,0.0,0.0,,,,,258.172,250.0,262.0,,,0.0,3339.0,3367.0,0.0,0.0,0.0,0.0,0.0,0.0,29.0,0.0,0.0,0.0,29.0,0.0,0.0,0.0,0.0,0.0,"solar2_v,lipo2_v"
2022-11-18T20:00:00Z,29.0,29.0,,,,,,,,,,,,,,,4.038,4.036,4.042,,,,231.897,0.0,0.0,,,,,262.586,260.0,268.0,,,0.0,3368.0,3396.0,0.0,0.0,0.0,0.0,0.0,0.0,29.0,0.0,0.0,0.0,29.0,0.0,0.0,0.0,0.0,0.0,"solar2_v,lipo2_v"
2022-11-18T21:00:00Z,28.0,28.0,,,,,,,,,,,,,,,4.038,4.037,4.039,,,,232.071,0.0,0.0,,,,,255.5,251.0,267.0,,,0.0,3397.0,3425.0,0.0,0.0,0.0,0.0,0.0,0.0,28.0,0.0,0.0,0.0,28.0,0.0,0.0,0.0,0.0,0.0,"solar2_v,lipo2_v"
2022-11-18T22:00:00Z,30.0,30.0,,,,,,,,,,,,,,,4.037,4.034,4.039,,,,232.1,0.0,0.0,,,,,252.033,250.0,255.0,,,0.0,3426.0,3455.0,0.0,0.0,0.0,0.0,0.0,0.0,30.0,0.0,0.0,0.0,30.0,0.0,0.0,0.0,0.0,0.0,"solar2_v,lipo2_v"
2022-11-18T23:00:00Z,29.0,29.0,,,,,,,,,,,,,,,4.037,4.036,4.039,,,,232.138,0.0,0.0,,,,,252.897,251.0,256.0,,,0.0,3456.0,3484.0,0.0,0.0,0.0,0.0,0.0,0.0,29.0,0.0,0.0,0.0,29.0,0.0,0.0,0.0,0.0,0.0,"solar2_v,lipo2_v"
2022-11-19T00:00:00Z,29.0,29.0,,,,,,,,,,,,,,,4.036,4.034,4.039,,,,231.793,0.0,0.0,,,,,251.069,247.0,254.0,,,0.0,3485.0,3513.0,0.0,0.0,0.0,0.0,0.0,0.0,29.0,0.0,0.0,0.0,29.0,0.0,0.0,0.0,0.0,0.0,"solar2_v,lipo2_v"
2022-11-19T01:00:00Z,29.0,29.0,,,,,,,,,,,,,,,4.036,4.034,4.039,,,,232.138,0.0,0.0,,,,,250.138,247.0,252.0,,,0.0,3514.0,3542.0,0.0,0.0,0.0,0.0,0.0,0.0,29.0,0.0,0.0,0.0,29.0,0.0,0.0,0.0,0.0,0.0,"solar2_v,lipo2_v"
2022-11-19T02:00:00Z,29.0,29.0,,,,,,,,,,,,,,,4.036,4.034,4.039,,,,231.793,0.0,0.0,,,,,247.379,245.0,252.0,,,0.0,3543.0,3571.0,0.0,0.0,0.0,0.0,0.0,0.0,29.0,0.0,0.0,0.0,29.0,0.0,0.0,0.0,0.0,0.0,"solar2_v,lipo2_v"
2022-11-19T03:00:00Z,30.0,30.0,,,,,,,,,,,,,,,4.036,4.034,4.037,,,,231.667,0.0,0.0,,,,,253.267,249.0,258.0,,,0.0,3572.0,3601.0,0.0,0.0,0.0,0.0,0.0,0.0,30.0,0.0,0.0,0.0,30.0,0.0,0.0,0.0,0.0,0.0,"solar2_v,lipo2_v"
2022-11-19T04:00:00Z,29.0,29.0,,,,,,,,,,,,,,,4.035,4.032,4.037,,,,231.483,0.0,0.0,,,,,260.621,257.0,274.0,,,0.0,3602.0,3630.0,0.0,0.0,0.0,0.0,0.0,0.0,29.0,0.0,0.0,0.0,29.0,0.0,0.0,0.0,0.0,0.0,"solar2_v,lipo2_v"
2022-11-19T05:00:00Z,29.0,29.0,,,,,,,,,,,,,,,4.035,4.034,4.037,,,,231.276,0.0,0.0,,,,,256.69,254.0,259.0,,,0.0,3631.0,3659.0,0.0,0.0,0.0,0.0,0.0,0.0,29.0,0.0,0.0,0.0,29.0,0.0,0.0,0.0,0.0,0.0,"solar2_v,lipo2_v"
2022-11-19T06:00:00Z,29.0,29.0,,,,,,,,,,,,,,,4.035,4.034,4.037,,,,231.0,0.0,0.0,,,,,258.345,254.0,262.0,,,0.0,3660.0,3688.0,0.0,0.0,0.0,0.0,0.0,0.0,29.0,0.0,0.0,0.0,29.0,0.0,0.0,0.0,0.0,0.0,"solar2_v,lipo2_v"
2022-11-19T07:00:00Z,30.0,30.0,,,,,,,,,,,,,,,4.035,4.032,4.037,,,,232.033,0.0,0.0,,,,,256.4,238.0,294.0,,,0.0,3689.0,3718.0,0.0,0.0,0.0,0.0,0.0,0.0,30.0,0.0,0.0,0.0,30.0,0.0,0.0,0.0,0.0,0.0,"solar2_v,lipo2_v"
2022-11-19T08:00:00Z,29.0,29.0,,,,,,,,,,,,,,,4.034,4.032,4.036,,,,233.759,0.0,0.0,,,,,226.276,218.0,238.0,,,0.0,3719.0,3747.0,0.0,0.0,0.0,0.0,0.0,0.0,29.0,0.0,0.0,0.0,29.0,0.0,0.0,0.0,0.0,0.0,"solar2_v,lipo2_v"
2022-11-19T09:00:00Z,29.0,29.0,,,,,,,,,,,,,,,4.033,4.032,4.036,,,,233.759,0.0,0.0,,,,,215.552,209.0,219.0,,,0.0,3748.0,3776.0,0.0,0.0,0.0,0.0,0.0,0.0,29.0,0.0,0.0,0.0,29.0,0.0,0.0,0.0,0.0,0.0,"solar2_v,lipo2_v"
2022-11-19T10:00:00Z,28.0,28.0,,,,,,,,,,,,,,,4.033,4.031,4.034,,,,232.607,0.0,0.0,,,,,216.036,209.0,225.0,,,0.0,3777.0,3805.0,0.0,0.0,0.0,0.0,0.0,0.0,28.0,0.0,0.0,0.0,28.0,0.0,0.0,0.0,0.0,0.0,"solar2_v,lipo2_v"
2022-11-19T11:00:00Z,27.0,27.0,,,,,,,,,,,,,,,4.032,4.031,4.034,,,,232.63,0.0,0.0,,,,,225.259,221.0,233.0,,,0.0,3806.0,3834.0,0.0,0.0,0.0,0.0,0.0,0.0,27.0,0.0,0.0,0.0,27.0,0.0,0.0,0.0,0.0,0.0,"solar2_v,lipo2_v"
2022-11-19T12:00:00Z,29.0,29.0,,,,,,,,,,,,,,,4.032,4.029,4.034,,,,232.379,0.0,0.0,,,,,234.552,226.0,242.0,,,0.0,3835.0,3863.0,0.0,0.0,0.0,0.0,0.0,0.0,29.0,0.0,0.0,0.0,29.0,0.0,0.0,0.0,0.0,0.0,"solar2_v,lipo2_v"
2022-11-19T13:00:00Z,30.0,30.0,,,,,,,,,,,,,,,4.032,4.031,4.034,,,,232.4,0.0,0.0,,,,,239.3,233.0,244.0,,,0.0,3864.0,3893.0,0.0,0.0,0.0,0.0,0.0,0.0,30.0,0.0,0.0,0.0,30.0,0.0,0.0,0.0,0.0,0.0,"solar2_v,lipo2_v"
2022-11-19T14:00:00Z,29.0,29.0,,,,,,,,,,,,,,,4.032,4.031,4.034,,,,234.172,0.0,0.0,,,,,228.448,221.0,240.0,,,0.0,3894.0,3922.0,0.0,0.0,0.0,0.0,0.0,0.0,29.0,0.0,0.0,0.0,29.0,0.0,0.0,0.0,0.0,0.0,"solar2_v,lipo2_v"
2022-11-19T15:00:00Z,29.0,29.0,,,,,,,,,,,,,,,4.031,4.029,4.032,,,,234.379,0.0,0.0,,,,,223.069,220.0,227.0,,,0.0,3923.0,3951.0,0.0,0.0,0.0,0.0,0.0,0.0,29.0,0.0,0.0,0.0,29.0,0.0,0.0,0.0,0.0,0.0,"solar2_v,lipo2_v"
2022-11-19T16:00:00Z,29.0,29.0,,,,,,,,,,,,,,,4.031,4.029,4.032,,,,234.966,0.0,0.0,,,,,226.793,222.0,232.0,,,0.0,3952.0,3980.0,0.0,0.0,0.0,0.0,0.0,0.0,29.0,0.0,0.0,0.0,29.0,0.0,0.0,0.0,0.0,0.0,"solar2_v,lipo2_v"
2022-11-19T17:00:00Z,30.0,30.0,,,,,,,,,,,,,,,4.031,4.029,4.032,,,,233.4,0.0,0.0,,,,,223.733,218.0,232.0,,,0.0,3981.0,4010.0,0.0,0.0,0.0,0.0,0.0,0.0,30.0,0.0,0.0,0.0,30.0,0.0,0.0,0.0,0.0,0.0,"solar2_v,lipo2_v"
2022-11-19T18:00:00Z,29.0,29.0,,,,,,,,,,,,,,,4.031,4.029,4.034,,,,233.0,0.0,0.0,,,,,227.414,222.0,234.0,,,0.0,4011.0,4039.0,0.0,0.0,0.0,0.0,0.0,0.0,29.0,0.0,0.0,0.0,29.0,0.0,0.0,0.0,0.0,0.0,"solar2_v,lipo2_v"
2022-11-19T19:00:00Z,29.0,29.0,,,,,,,,,,,,,,,4.031,4.029,4.032,,,,233.138,0.0,0.0,,,,,232.966,227.0,243.0,,,0.0,4040.0,4068.0,0.0,0.0,0.0,0.0,0.0,0.0,29.0,0.0,0.0,0.0,29.0,0.0,0.0,0.0,0.0,0.0,"solar2_v,lipo2_v"
2022-11-19T20:00:00Z,29.0,29.0,,,,,,,,,,,,,,,4.03,4.029,4.032,,,,233.034,0.0,0.0,,,,,237.448,231.0,258.0,,,0.0,4069.0,4097.0,0.0,0.0,0.0,0.0,0.0,0.0,29.0,0.0,0.0,0.0,29.0,0.0,0.0,0.0,0.0,0.0,"solar2_v,lipo2_v"
2022-11-19T21:00:00Z,12.0,12.0,,,,,,,,,,,,,,,4.03,4.029,4.032,,,,233.0,0.0,0.0,,,,,241.083,233.0,264.0,,,0.0,4098.0,4124.0,0.0,0.0,0.0,0.0,0.0,0.0,12.0,0.0,0.0,0.0,12.0,0.0,0.0,0.0,0.0,0.0,"solar2_v,lipo2_v"
2022-11-19T23:00:00Z,25.0,25.0,,,,,,,,,,,,,,,4.029,4.027,4.029,,,,232.72,0.0,0.0,,,,,234.56,231.0,242.0,,,0.0,4156.0,4180.0,0.0,0.0,0.0,0.0,0.0,0.0,25.0,0.0,0.0,0.0,25.0,0.0,0.0,0.0,0.0,0.0,"solar2_v,lipo2_v"
2022-11-20T00:00:00Z,29.0,29.0,,,,,,,,,,,,,,,4.029,4.027,4.029,,,,232.793,0.0,0.0,,,,,232.966,232.0,235.0,,,0.0,4181.0,4209.0,0.0,0.0,0.0,0.0,0.0,0.0,29.0,0.0,0.0,0.0,29.0,0.0,0.0,0.0,0.0,0.0,"solar2_v,lipo2_v"
2022-11-20T01:00:00Z,29.0,29.0,,,,,,,,,,,,,,,4.029,4.027,4.029,,,,232.483,0.0,0.0,,,,,234.897,233.0,239.0,,,0.0,4210.0,4238.0,0.0,0.0,0.0,0.0,0.0,0.0,29.0,0.0,0.0,0.0,29.0,0.0,0.0,0.0,0.0,0.0,"solar2_v,lipo2_v"
2022-11-20T02:00:00Z,29.0,29.0,,,,,,,,,,,,,,,4.029,4.027,4.029,,,,232.276,0.0,0.0,,,,,241.448,238.0,246.0,,,0.0,4239.0,4268.0,0.0,0.0,0.0,0.0,0.0,0.0,29.0,0.0,0.0,0.0,29.0,0.0,0.0,0.0,0.0,0.0,"solar2_v,lipo2_v"
2022-11-20T03:00:00Z,29.0,29.0,,,,,,,,,,,,,,,4.028,4.027,4.029,,,,232.517,0.0,0.0,,,,,242.483,235.0,246.0,,,0.0,4269.0,4297.0,0.0,0.0,0.0,0.0,0.0,0.0,29.0,0.0,0.0,0.0,29.0,0.0,0.0,0.0,0.0,0.0,"solar2_v,lipo2_v"
2022-11-20T04:00:00Z,29.0,29.0,,,,,,,,,,,,,,,4.027,4.027,4.029,,,,233.793,0.0,0.0,,,,,227.034,220.0,243.0,,,0.0,4298.0,4326.0,0.0,0.0,0.0,0.0,0.0,0.0,29.0,0.0,0.0,0.0,29.0,0.0,0.0,0.0,0.0,0.0,"solar2_v,lipo2_v"
2022-11-20T05:00:00Z,29.0,29.0,,,,,,,,,,,,,,,4.027,4.027,4.029,,,,234.034,0.0,0.0,,,,,221.172,220.0,224.0,,,0.0,4327.0,4355.0,0.0,0.0,0.0,0.0,0.0,0.0,29.0,0.0,0.0,0.0,29.0,0.0,0.0,0.0,0.0,0.0,"solar2_v,lipo2_v"
2022-11-20T06:00:00Z,29.0,29.0,,,,,,,,,,,,,,,4.028,4.027,4.029,,,,233.069,0.0,0.0,,,,,224.034,216.0,238.0,,,0.0,4356.0,4384.0,0.0,0.0,0.0,0.0,0.0,0.0,29.0,0.0,0.0,0.0,29.0,0.0,0.0,0.0,0.0,0.0,"solar2_v,lipo2_v"
2022-11-20T07:00:00Z,30.0,30.0,,,,,,,,,,,,,,,4.028,4.027,4.029,,,,232.4,0.0,0.0,,,,,234.067,232.0,241.0,,,0.0,4385.0,4414.0,0.0,0.0,0.0,0.0,0.0,0.0,30.0,0.0,0.0,0.0,30.0,0.0,0.0,0.0,0.0,0.0,"solar2_v,lipo2_v"
2022-11-20T08:00:00Z,28.0,28.0,,,,,,,,,,,,,,,4.027,4.027,4.029,,,,232.536,0.0,0.0,,,,,236.714,234.0,242.0,,,0.0,4415.0,4443.0,0.0,0.0,0.0,0.0,0.0,0.0,28.0,0.0,0.0,0.0,28.0,0.0,0.0,0.0,0.0,0.0,"solar2_v,lipo2_v"
2022-11-20T09:00:00Z,29.0,29.0,,,,,,,,,,,,,,,4.027,4.027,4.029,,,,232.517,0.0,0.0,,,,,239.103,233.0,243.0,,,0.0,4444.0,4472.0,0.0,0.0,0.0,0.0,0.0,0.0,29.0,0.0,0.0,0.0,29.0,0.0,0.0,0.0,0.0,0.0,"solar2_v,lipo2_v"
2022-11-20T10:00:00Z,29.0,29.0,,,,,,,,,,,,,,,4.027,4.026,4.029,,,,233.448,0.0,0.0,,,,,229.241,220.0,243.0,,,0.0,4473.0,4501.0,0.0,0.0,0.0,0.0,0.0,0.0,29.0,0.0,0.0,0.0,29.0,0.0,0.0,0.0,0.0,0.0,"solar2_v,lipo2_v"
2022-11-20T11:00:00Z,30.0,30.0,,,,,,,,,,,,,,,4.027,4.027,4.027,,,,233.233,0.0,0.0,,,,,223.867,218.0,232.0,,,0.0,4502.0,4531.0,0.0,0.0,0.0,0.0,0.0,0.0,30.0,0.0,0.0,0.0,30.0,0.0,0.0,0.0,0.0,0.0,"solar2_v,lipo2_v"
2022-11-20T12:00:00Z,29.0,29.0,,,,,,,,,,,,,,,4.027,4.026,4.027,,,,233.138,0.0,0.0,,,,,238.207,232.0,246.0,,,0.0,4532.0,4560.0,0.0,0.0,0.0,0.0,0.0,0.0,29.0,0.0,0.0,0.0,29.0,0.0,0.0,0.0,0.0,0.0,"solar2_v,lipo2_v"
2022-11-20T13:00:00Z,29.0,29.0,,,,,,,,,,,,,,,4.027,4.026,4.027,,,,232.897,0.0,0.0,,,,,240.69,237.0,245.0,,,0.0,4561.0,4589.0,0.0,0.0,0.0,0.0,0.0,0.0,29.0,0.0,0.0,0.0,29.0,0.0,0.0,0.0,0.0,0.0,"solar2_v,lipo2_v"
2022-11-20T14:00:00Z,29.0,29.0,,,,,,,,,,,,,,,4.027,4.024,4.027,,,,232.759,0.0,0.0,,,,,241.586,238.0,245.0,,,0.0,4590.0,4618.0,0.0,0.0,0.0,0.0,0.0,0.0,29.0,0.0,0.0,0.0,29.0,0.0,0.0,0.0,0.0,0.0,"solar2_v,lipo2_v"
2022-11-20T15:00:00Z,29.0,29.0,,,,,,,,,,,,,,,4.027,4.026,4.027,,,,232.724,0.0,0.0,,,,,242.931,238.0,246.0,,,0.0,4619.0,4647.0,0.0,0.0,0.0,0.0,0.0,0.0,29.0,0.0,0.0,0.0,29.0,0.0,0.0,0.0,0.0,0.0,"solar2_v,lipo2_v"
2022-11-20T16:00:00Z,30.0,30.0,,,,,,,,,,,,,,,4.027,4.026,4.027,,,,232.7,0.0,0.0,,,,,244.7,242.0,248.0,,,0.0,4648.0,4677.0,0.0,0.0,0.0,0.0,0.0,0.0,30.0,0.0,0.0,0.0,30.0,0.0,0.0,0.0,0.0,0.0,"solar2_v,lipo2_v"
2022-11-20T17:00:00Z,29.0,29.0,,,,,,,,,,,,,,,4.027,4.026,4.027,,,,232.448,0.0,0.0,,,,,244.586,242.0,246.0,,,0.0,4678.0,4706.0,0.0,0.0,0.0,0.0,0.0,0.0,29.0,0.0,0.0,0.0,29.0,0.0,0.0,0.0,0.0,0.0,"solar2_v,lipo2_v"
2022-11-20T18:00:00Z,29.0,29.0,,,,,,,,,,,,,,,4.027,4.026,4.027,,,,232.724,0.0,0.0,,,,,237.241,233.0,244.0,,,0.0,4707.0,4735.0,0.0,0.0,0.0,0.0,0.0,0.0,29.0,0.0,0.0,0.0,29.0,0.0,0.0,0.0,0.0,0.0,"solar2_v,lipo2_v"
2022-11-20T19:00:00Z,29.0,29.0,,,,,,,,,,,,,,,4.027,4.026,4.027,,,,232.897,0.0,0.0,,,,,234.759,233.0,238.0,,,0.0,4736.0,4764.0,0.0,0.0,0.0,0.0,0.0,0.0,29.0,0.0,0.0,0.0,29.0,0.0,0.0,0.0,0.0,0.0,"solar2_v,lipo2_v"
2022-11-20T20:00:00Z,29.0,29.0,,,,,,,,,,,,,,,4.026,4.026,4.027,,,,232.966,0.0,0.0,,,,,233.345,232.0,236.0,,,0.0,4765.0,4793.0,0.0,0.0,0.0,0.0,0.0,0.0,29.0,0.0,0.0,0.0,29.0,0.0,0.0,0.0,0.0,0.0,"solar2_v,lipo2_v"
2022-11-20T21:00:00Z,30.0,30.0,,,,,,,,,,,,,,,4.026,4.026,4.027,,,,232.9,0.0,0.0,,,,,232.433,231.0,233.0,,,0.0,4794.0,4823.0,0.0,0.0,0.0,0.0,0.0,0.0,30.0,0.0,0.0,0.0,30.0,0.0,0.0,0.0,0.0,0.0,"solar2_v,lipo2_v"
2022-11-20T22:00:00Z,29.0,29.0,,,,,,,,,,,,,,,4.026,4.024,4.027,,,,233.172,0.0,0.0,,,,,232.379,231.0,233.0,,,0.0,4824.0,4852.0,0.0,0.0,0.0,0.0,0.0,0.0,29.0,0.0,0.0,0.0,29.0,0.0,0.0,0.0,0.0,0.0,"solar2_v,lipo2_v"
2022-11-20T23:00:00Z,28.0,28.0,,,,,,,,,,,,,,,4.026,4.024,4.026,,,,233.071,0.0,0.0,,,,,231.857,229.0,233.0,,,0.0,4853.0,4881.0,0.0,0.0,0.0,0.0,0.0,0.0,28.0,0.0,0.0,0.0,28.0,0.0,0.0,0.0,0.0,0.0,"solar2_v,lipo2_v"
2022-11-21T00:00:00Z,29.0,29.0,,,,,,,,,,,,,,,4.025,4.024,4.026,,,,232.793,0.0,0.0,,,,,229.586,227.0,233.0,,,0.0,4882.0,4910.0,0.0,0.0,0.0,0.0,0.0,0.0,29.0,0.0,0.0,0.0,29.0,0.0,0.0,0.0,0.0,0.0,"solar2_v,lipo2_v"
2022-11-21T01:00:00Z,29.0,29.0,,,,,,,,,,,,,,,4.025,4.022,4.026,,,,232.552,0.0,0.0,,,,,228.379,226.0,231.0,,,0.0,4911.0,4939.0,0.0,0.0,0.0,0.0,0.0,0.0,29.0,0.0,0.0,0.0,29.0,0.0,0.0,0.0,0.0,0.0,"solar2_v,lipo2_v"
2022-11-21T02:00:00Z,30.0,30.0,,,,,,,,,,,,,,,4.024,4.022,4.026,,,,232.4,0.0,0.0,,,,,229.567,228.0,233.0,,,0.0,4940.0,4969.0,0.0,0.0,0.0,0.0,0.0,0.0,30.0,0.0,0.0,0.0,30.0,0.0,0.0,0.0,0.0,0.0,"solar2_v,lipo2_v"
2022-11-21T03:00:00Z,29.0,29.0,,,,,,,,,,,,,,,4.023,4.021,4.026,,,,232.276,0.0,0.0,,,,,233.103,231.0,238.0,,,0.0,4970.0,4998.0,0.0,0.0,0.0,0.0,0.0,0.0,29.0,0.0,0.0,0.0,29.0,0.0,0.0,0.0,0.0,0.0,"solar2_v,lipo2_v"
2022-11-21T04:00:00Z,29.0,29.0,,,,,,,,,,,,,,,4.023,4.021,4.026,,,,232.276,0.0,0.0,,,,,241.138,235.0,245.0,,,0.0,4999.0,5027.0,0.0,0.0,0.0,0.0,0.0,0.0,29.0,0.0,0.0,0.0,29.0,0.0,0.0,0.0,0.0,0.0,"solar2_v,lipo2_v"
2022-11-21T05:00:00Z,29.0,29.0,,,,,,,,,,,,,,,4.023,4.021,4.024,,,,232.241,0.0,0.0,,,,,245.0,240.0,247.0,,,0.0,5028.0,5056.0,0.0,0.0,0.0,0.0,0.0,0.0,29.0,0.0,0.0,0.0,29.0,0.0,0.0,0.0,0.0,0.0,"solar2_v,lipo2_v"
2022-11-21T06:00:00Z,29.0,29.0,,,,,,,,,,,,,,,4.022,4.017,4.026,,,,232.31,0.0,0.0,,,,,241.586,238.0,245.0,,,0.0,5057.0,5085.0,0.0,0.0,0.0,0.0,0.0,0.0,29.0,0.0,0.0,0.0,29.0,0.0,0.0,0.0,0.0,0.0,"solar2_v,lipo2_v"
2022-11-21T07:00:00Z,30.0,30.0,,,,,,,,,,,,,,,4.022,4.021,4.024,,,,232.3,0.0,0.0,,,,,239.4,238.0,242.0,,,0.0,5086.0,5115.0,0.0,0.0,0.0,0.0,0.0,0.0,30.0,0.0,0.0,0.0,30.0,0.0,0.0,0.0,0.0,0.0,"solar2_v,lipo2_v"
2022-11-21T08:00:00Z,29.0,29.0,,,,,,,,,,,,,,,4.022,4.021,4.024,,,,232.345,0.0,0.0,,,,,238.034,234.0,241.0,,,0.0,5116.0,5144.0,0.0,0.0,0.0,0.0,0.0,0.0,29.0,0.0,0.0,0.0,29.0,0.0,0.0,0.0,0.0,0.0,"solar2_v,lipo2_v"
2022-11-21T09:00:00Z,29.0,29.0,,,,,,,,,,,,,,,4.021,4.019,4.022,,,,232.483,0.0,0.0,,,,,234.414,233.0,238.0,,,0.0,5145.0,5173.0,0.0,0.0,0.0,0.0,0.0,0.0,29.0,0.0,0.0,0.0,29.0,0.0,0.0,0.0,0.0,0.0,"solar2_v,lipo2_v"
2022-11-21T10:00:00Z,29.0,29.0,,,,,,,,,,,,,,,4.02,4.019,4.021,,,,232.414,0.0,0.0,,,,,233.31,233.0,237.0,,,0.0,5174.0,5202.0,0.0,0.0,0.0,0.0,0.0,0.0,29.0,0.0,0.0,0.0,29.0,0.0,0.0,0.0,0.0,0.0,"solar2_v,lipo2_v"
2022-11-21T11:00:00Z,30.0,30.0,,,,,,,,,,,,,,,4.019,4.017,4.022,,,,232.7,0.0,0.0,,,,,232.867,231.0,234.0,,,0.0,5203.0,5232.0,0.0,0.0,0.0,0.0,0.0,0.0,30.0,0.0,0.0,0.0,30.0,0.0,0.0,0.0,0.0,0.0,"solar2_v,lipo2_v"
2022-11-21T12:00:00Z,29.0,29.0,,,,,,,,,,,,,,,4.019,4.017,4.021,,,,232.621,0.0,0.0,,,,,231.759,230.0,233.0,,,0.0,5233.0,5261.0,0.0,0.0,0.0,0.0,0.0,0.0,29.0,0.0,0.0,0.0,29.0,0.0,0.0,0.0,0.0,0.0,"solar2_v,lipo2_v"
2022-11-21T13:00:00Z,29.0,29.0,,,,,,,,,,,,,,,4.018,4.016,4.021,,,,232.483,0.0,0.0,,,,,230.69,229.0,233.0,,,0.0,5262.0,5290.0,0.0,0.0,0.0,0.0,0.0,0.0,29.0,0.0,0.0,0.0,29.0,0.0,0.0,0.0,0.0,0.0,"solar2_v,lipo2_v"
2022-11-21T14:00:00Z,29.0,29.0,,,,,,,,,,,,,,,4.017,4.014,4.019,,,,232.517,0.0,0.0,,,,,231.0,229.0,233.0,,,0.0,5291.0,5319.0,0.0,0.0,0.0,0.0,0.0,0.0,29.0,0.0,0.0,0.0,29.0,0.0,0.0,0.0,0.0,0.0,"solar2_v,lipo2_v"
2022-11-21T15:00:00Z,30.0,30.0,,,,,,,,,,,,,,,4.016,4.014,4.017,,,,232.4,0.0,0.0,,,,,232.233,229.0,233.0,,,0.0,5320.0,5349.0,0.0,0.0,0.0,0.0,0.0,0.0,30.0,0.0,0.0,0.0,30.0,0.0,0.0,0.0,0.0,0.0,"solar2_v,lipo2_v"
2022-11-21T16:00:00Z,29.0,29.0,,,,,,,,,,,,,,,4.016,4.012,4.017,,,,232.414,0.0,0.0,,,,,232.966,231.0,236.0,,,0.0,5350.0,5378.0,0.0,0.0,0.0,0.0,0.0,0.0,29.0,0.0,0.0,0.0,29.0,0.0,0.0,0.0,0.0,0.0,"solar2_v,lipo2_v"
2022-11-21T17:00:00Z,29.0,29.0,,,,,,,,,,,,,,,4.015,4.012,4.017,,,,232.31,0.0,0.0,,,,,238.931,234.0,244.0,,,0.0,5379.0,5407.0,0.0,0.0,0.0,0.0,0.0,0.0,29.0,0.0,0.0,0.0,29.0,0.0,0.0,0.0,0.0,0.0,"solar2_v,lipo2_v"
2022-11-21T18:00:00Z,29.0,29.0,,,,,,,,,,,,,,,4.014,4.012,4.016,,,,232.655,0.0,0.0,,,,,237.517,233.0,242.0,,,0.0,5408.0,5436.0,0.0,0.0,0.0,0.0,0.0,0.0,29.0,0.0,0.0,0.0,29.0,0.0,0.0,0.0,0.0,0.0,"solar2_v,lipo2_v"
2022-11-21T19:00:00Z,29.0,29.0,,,,,,,,,,,,,,,4.014,4.011,4.017,,,,232.517,0.0,0.0,,,,,233.069,233.0,234.0,,,0.0,5437.0,5465.0,0.0,0.0,0.0,0.0,0.0,0.0,29.0,0.0,0.0,0.0,29.0,0.0,0.0,0.0,0.0,0.0,"solar2_v,lipo2_v"
2022-11-21T20:00:00Z,30.0,30.0,,,,,,,,,,,,,,,4.012,4.009,4.014,,,,232.7,0.0,0.0,,,,,232.833,232.0,233.0,,,0.0,5466.0,5495.0,0.0,0.0,0.0,0.0,0.0,0.0,30.0,0.0,0.0,0.0,30.0,0.0,0.0,0.0,0.0,0.0,"solar2_v,lipo2_v"
2022-11-21T21:00:00Z,25.0,25.0,,,,,,,,,,,,,,,4.011,4.009,4.012,,,,232.8,0.0,0.0,,,,,231.48,229.0,233.0,,,0.0,5496.0,5523.0,0.0,0.0,0.0,0.0,0.0,0.0,25.0,0.0,0.0,0.0,25.0,0.0,0.0,0.0,0.0,0.0,"solar2_v,lipo2_v"
2022-11-21T22:00:00Z,3.0,3.0,,,,,,,,,,,,,,,4.008,4.007,4.009,,,,232.333,0.0,0.0,,,,,232.0,231.0,233.0,,,0.0,5524.0,5527.0,0.0,0.0,0.0,0.0,0.0,0.0,3.0,0.0,0.0,0.0,3.0,0.0,0.0,0.0,0.0,0.0,"solar2_v,lipo2_v"
2022-11-21T23:00:00Z,16.0,16.0,,,,,,,,,,,,,,,4.005,4.003,4.007,,,,232.688,0.0,0.0,,,,,233.375,232.0,238.0,,,0.0,5552.0,5578.0,0.0,0.0,0.0,0.0,0.0,0.0,16.0,0.0,0.0,0.0,16.0,0.0,0.0,0.0,0.0,0.0,"solar2_v,lipo2_v"
2022-11-22T00:00:00Z,29.0,29.0,,,,,,,,,,,,,,,4.005,4.003,4.007,,,,232.655,0.0,0.0,,,,,232.414,231.0,233.0,,,0.0,5579.0,5607.0,0.0,0.0,0.0,0.0,0.0,0.0,29.0,0.0,0.0,0.0,29.0,0.0,0.0,0.0,0.0,0.0,"solar2_v,lipo2_v"
2022-11-22T01:00:00Z,29.0,29.0,,,,,,,,,,,,,,,4.005,4.004,4.007,,,,232.828,0.0,0.0,,,,,231.862,230.0,233.0,,,0.0,5608.0,5636.0,0.0,0.0,0.0,0.0,0.0,0.0,29.0,0.0,0.0,0.0,29.0,0.0,0.0,0.0,0.0,0.0,"solar2_v,lipo2_v"
2022-11-22T02:00:00Z,29.0,29.0,,,,,,,,,,,,,,,4.004,4.003,4.006,,,,232.552,0.0,0.0,,,,,232.759,231.0,234.0,,,0.0,5637.0,5665.0,0.0,0.0,0.0,0.0,0.0,0.0,29.0,0.0,0.0,0.0,29.0,0.0,0.0,0.0,0.0,0.0,"solar2_v,lipo2_v"
2022-11-22T03:00:00Z,30.0,30.0,,,,,,,,,,,,,,,4.004,4.003,4.006,,,,231.733,0.0,0.0,,,,,260.367,234.0,326.0,,,0.0,5666.0,5695.0,0.0,0.0,0.0,0.0,0.0,0.0,30.0,0.0,0.0,0.0,30.0,0.0,0.0,0.0,0.0,0.0,"solar2_v,lipo2_v"
2022-11-22T04:00:00Z,29.0,29.0,,,,,,,,,,,,,,,4.004,4.003,4.006,,,,230.931,0.0,0.0,,,,,279.517,267.0,306.0,,,0.0,5696.0,5724.0,0.0,0.0,0.0,0.0,0.0,0.0,29.0,0.0,0.0,0.0,29.0,0.0,0.0,0.0,0.0,0.0,"solar2_v,lipo2_v"
2022-11-22T05:00:00Z,29.0,29.0,,,,,,,,,,,,,,,4.003,4.001,4.006,,,,231.724,0.0,0.0,,,,,275.69,273.0,279.0,,,0.0,5725.0,5753.0,0.0,0.0,0.0,0.0,0.0,0.0,29.0,0.0,0.0,0.0,29.0,0.0,0.0,0.0,0.0,0.0,"solar2_v,lipo2_v"
2022-11-22T06:00:00Z,28.0,28.0,,,,,,,,,,,,,,,4.003,4.001,4.004,,,,232.071,0.0,0.0,,,,,281.357,273.0,288.0,,,0.0,5754.0,5782.0,0.0,0.0,0.0,0.0,0.0,0.0,28.0,0.0,0.0,0.0,28.0,0.0,0.0,0.0,0.0,0.0,"solar2_v,lipo2_v"
2022-11-22T07:00:00Z,30.0,30.0,,,,,,,,,,,,,,,4.001,3.999,4.003,,,,232.533,0.0,0.0,,,,,295.1,286.0,300.0,,,0.0,5783.0,5812.0,0.0,0.0,0.0,0.0,0.0,0.0,30.0,0.0,0.0,0.0,30.0,0.0,0.0,0.0,0.0,0.0,"solar2_v,lipo2_v"
2022-11-22T08:00:00Z,29.0,29.0,,,,,,,,,,,,,,,4.001,3.999,4.001,,,,232.448,0.0,0.0,,,,,297.034,295.0,299.0,,,0.0,5813.0,5841.0,0.0,0.0,0.0,0.0,0.0,0.0,29.0,0.0,0.0,0.0,29.0,0.0,0.0,0.0,0.0,0.0,"solar2_v,lipo2_v"
2022-11-22T09:00:00Z,29.0,29.0,,,,,,,,,,,,,,,4.0,3.999,4.001,,,,232.517,0.0,0.0,,,,,295.517,294.0,298.0,,,0.0,5842.0,5870.0,0.0,0.0,0.0,0.0,0.0,0.0,29.0,0.0,0.0,0.0,29.0,0.0,0.0,0.0,0.0,0.0,"solar2_v,lipo2_v"
2022-11-22T10:00:00Z,28.0,28.0,,,,,,,,,,,,,,,4.0,3.998,4.001,,,,232.357,0.0,0.0,,,,,295.0,294.0,298.0,,,0.0,5871.0,5899.0,0.0,0.0,0.0,0.0,0.0,0.0,28.0,0.0,0.0,0.0,28.0,0.0,0.0,0.0,0.0,0.0,"solar2_v,lipo2_v"
2022-11-22T11:00:00Z,29.0,29.0,,,,,,,,,,,,,,,3.999,3.998,4.001,,,,232.483,0.0,0.0,,,,,293.621,292.0,295.0,,,0.0,5900.0,5928.0,0.0,0.0,0.0,0.0,0.0,0.0,29.0,0.0,0.0,0.0,29.0,0.0,0.0,0.0,0.0,0.0,"solar2_v,lipo2_v"
2022-11-22T12:00:00Z,29.0,29.0,,,,,,,,,,,,,,,3.998,3.994,3.999,,,,232.621,0.0,0.0,,,,,293.379,292.0,297.0,,,0.0,5929.0,5957.0,0.0,0.0,0.0,0.0,0.0,0.0,29.0,0.0,0.0,0.0,29.0,0.0,0.0,0.0,0.0,0.0,"solar2_v,lipo2_v"
2022-11-22T13:00:00Z,30.0,30.0,,,,,,,,,,,,,,,3.998,3.994,3.999,,,,232.733,0.0,0.0,,,,,291.667,291.0,293.0,,,0.0,5958.0,5987.0,0.0,0.0,0.0,0.0,0.0,0.0,30.0,0.0,0.0,0.0,30.0,0.0,0.0,0.0,0.0,0.0,"solar2_v,lipo2_v"
2022-11-22T14:00:00Z,29.0,29.0,,,,,,,,,,,,,,,3.996,3.994,3.998,,,,232.69,0.0,0.0,,,,,291.448,291.0,292.0,,,0.0,5988.0,6016.0,0.0,0.0,0.0,0.0,0.0,0.0,29.0,0.0,0.0,0.0,29.0,0.0,0.0,0.0,0.0,0.0,"solar2_v,lipo2_v"
2022-11-22T15:00:00Z,29.0,29.0,,,,,,,,,,,,,,,3.995,3.993,3.998,,,,232.621,0.0,0.0,,,,,292.034,291.0,293.0,,,0.0,6017.0,6045.0,0.0,0.0,0.0,0.0,0.0,0.0,29.0,0.0,0.0,0.0,29.0,0.0,0.0,0.0,0.0,0.0,"solar2_v,lipo2_v"
2022-11-22T16:00:00Z,29.0,29.0,,,,,,,,,,,,,,,3.994,3.993,3.996,,,,232.724,0.0,0.0,,,,,291.448,291.0,293.0,,,0.0,6046.0,6074.0,0.0,0.0,0.0,0.0,0.0,0.0,29.0,0.0,0.0,0.0,29.0,0.0,0.0,0.0,0.0,0.0,"solar2_v,lipo2_v"
2022-11-22T17:00:00Z,30.0,30.0,,,,,,,,,,,,,,,3.993,3.991,3.994,,,,232.733,0.0,0.0,,,,,290.9,290.0,292.0,,,0.0,6075.0,6104.0,0.0,0.0,0.0,0.0,0.0,0.0,30.0,0.0,0.0,0.0,30.0,0.0,0.0,0.0,0.0,0.0,"solar2_v,lipo2_v"
2022-11-22T18:00:00Z,29.0,29.0,,,,,,,,,,,,,,,3.992,3.988,3.994,,,,233.069,0.0,0.0,,,,,290.448,290.0,291.0,,,0.0,6105.0,6133.0,0.0,0.0,0.0,0.0,0.0,0.0,29.0,0.0,0.0,0.0,29.0,0.0,0.0,0.0,0.0,0.0,"solar2_v,lipo2_v"
2022-11-22T19:00:00Z,29.0,29.0,,,,,,,,,,,,,,,3.99,3.988,3.993,,,,232.966,0.0,0.0,,,,,290.793,290.0,291.0,,,0.0,6134.0,6162.0,0.0,0.0,0.0,0.0,0.0,0.0,29.0,0.0,0.0,0.0,29.0,0.0,0.0,0.0,0.0,0.0,"solar2_v,lipo2_v"
2022-11-22T20:00:00Z,29.0,29.0,,,,,,,,,,,,,,,3.988,3.986,3.991,,,,232.931,0.0,0.0,,,,,290.793,290.0,292.0,,,0.0,6163.0,6191.0,0.0,0.0,0.0,0.0,0.0,0.0,29.0,0.0,0.0,0.0,29.0,0.0,0.0,0.0,0.0,0.0,"solar2_v,lipo2_v"
2022-11-22T21:00:00Z,29.0,29.0,,,,,,,,,,,,,,,3.987,3.984,3.989,,,,232.828,0.0,0.0,,,,,290.276,289.0,291.0,,,0.0,6192.0,6220.0,0.0,0.0,0.0,0.0,0.0,0.0,29.0,0.0,0.0,0.0,29.0,0.0,0.0,0.0,0.0,0.0,"solar2_v,lipo2_v"
2022-11-22T22:00:00Z,30.0,30.0,,,,,,,,,,,,,,,3.985,3.981,3.986,,,,232.967,0.0,0.0,,,,,289.7,288.0,291.0,,,0.0,6221.0,6250.0,0.0,0.0,0.0,0.0,0.0,0.0,30.0,0.0,0.0,0.0,30.0,0.0,0.0,0.0,0.0,0.0,"solar2_v,lipo2_v"
2022-11-22T23:00:00Z,28.0,28.0,,,,,,,,,,,,,,,3.983,3.981,3.984,,,,233.0,0.0,0.0,,,,,287.679,287.0,290.0,,,0.0,6251.0,6279.0,0.0,0.0,0.0,0.0,0.0,0.0,28.0,0.0,0.0,0.0,28.0,0.0,0.0,0.0,0.0,0.0,"solar2_v,lipo2_v"
2022-11-23T00:00:00Z,29.0,29.0,,,,,,,,,,,,,,,3.982,3.981,3.984,,,,232.655,0.0,0.0,,,,,290.034,288.0,291.0,,,0.0,6280.0,6308.0,0.0,0.0,0.0,0.0,0.0,0.0,29.0,0.0,0.0,0.0,29.0,0.0,0.0,0.0,0.0,0.0,"solar2_v,lipo2_v"
2022-11-23T01:00:00Z,29.0,29.0,,,,,,,,,,,,,,,3.98,3.978,3.983,,,,232.414,0.0,0.0,,,,,291.862,291.0,294.0,,,0.0,6309.0,6337.0,0.0,0.0,0.0,0.0,0.0,0.0,29.0,0.0,0.0,0.0,29.0,0.0,0.0,0.0,0.0,0.0,"solar2_v,lipo2_v"
2022-11-23T02:00:00Z,28.0,28.0,,,,,,,,,,,,,,,3.979,3.978,3.981,,,,231.429,0.0,0.0,,,,,266.0,245.0,299.0,,,0.0,6338.0,6366.0,0.0,0.0,0.0,0.0,0.0,0.0,28.0,0.0,0.0,0.0,28.0,0.0,0.0,0.0,0.0,0.0,"solar2_v,lipo2_v"
2022-11-23T03:00:00Z,29.0,29.0,,,,,,,,,,,,,,,3.978,3.978,3.979,,,,231.31,0.0,0.0,,,,,247.31,234.0,254.0,,,0.0,6367.0,6395.0,0.0,0.0,0.0,0.0,0.0,0.0,29.0,0.0,0.0,0.0,29.0,0.0,0.0,0.0,0.0,0.0,"solar2_v,lipo2_v"
2022-11-23T04:00:00Z,30.0,30.0,,,,,,,,,,,,,,,3.977,3.976,3.978,,,,231.567,0.0,0.0,,,,,243.433,235.0,251.0,,,0.0,6396.0,6425.0,0.0,0.0,0.0,0.0,0.0,0.0,30.0,0.0,0.0,0.0,30.0,0.0,0.0,0.0,0.0,0.0,"solar2_v,lipo2_v"
2022-11-23T05:00:00Z,29.0,29.0,,,,,,,,,,,,,,,3.977,3.976,3.978,,,,230.586,0.0,0.0,,,,,240.207,237.0,247.0,,,0.0,6426.0,6454.0,0.0,0.0,0.0,0.0,0.0,0.0,29.0,0.0,0.0,0.0,29.0,0.0,0.0,0.0,0.0,0.0,"solar2_v,lipo2_v"
2022-11-23T06:00:00Z,29.0,29.0,,,,,,,,,,,,,,,3.976,3.974,3.978,,,,231.414,0.0,0.0,,,,,238.586,235.0,246.0,,,0.0,6455.0,6483.0,0.0,0.0,0.0,0.0,0.0,0.0,29.0,0.0,0.0,0.0,29.0,0.0,0.0,0.0,0.0,0.0,"solar2_v,lipo2_v"
2022-11-23T07:00:00Z,29.0,29.0,,,,,,,,,,,,,,,3.975,3.974,3.976,,,,231.862,0.0,0.0,,,,,245.379,238.0,267.0,,,0.0,6484.0,6512.0,0.0,0.0,0.0,0.0,0.0,0.0,29.0,0.0,0.0,0.0,29.0,0.0,0.0,0.0,0.0,0.0,"solar2_v,lipo2_v"
2022-11-23T08:00:00Z,29.0,29.0,,,,,,,,,,,,,,,3.974,3.974,3.974,,,,232.207,0.0,0.0,,,,,264.0,251.0,302.0,,,0.0,6513.0,6541.0,0.0,0.0,0.0,0.0,0.0,0.0,29.0,0.0,0.0,0.0,29.0,0.0,0.0,0.0,0.0,0.0,"solar2_v,lipo2_v"
2022-11-23T09:00:00Z,30.0,30.0,,,,,,,,,,,,,,,3.974,3.973,3.974,,,,232.133,0.0,0.0,,,,,259.967,250.0,272.0,,,0.0,6542.0,6571.0,0.0,0.0,0.0,0.0,0.0,0.0,30.0,0.0,0.0,0.0,30.0,0.0,0.0,0.0,0.0,0.0,"solar2_v,lipo2_v"
2022-11-23T10:00:00Z,29.0,29.0,,,,,,,,,,,,,,,3.973,3.971,3.974,,,,232.345,0.0,0.0,,,,,249.828,247.0,255.0,,,0.0,6572.0,6600.0,0.0,0.0,0.0,0.0,0.0,0.0,29.0,0.0,0.0,0.0,29.0,0.0,0.0,0.0,0.0,0.0,"solar2_v,lipo2_v"
2022-11-23T11:00:00Z,29.0,29.0,,,,,,,,,,,,,,,3.972,3.97,3.973,,,,232.897,0.0,0.0,,,,,246.966,245.0,249.0,,,0.0,6601.0,6629.0,0.0,0.0,0.0,0.0,0.0,0.0,29.0,0.0,0.0,0.0,29.0,0.0,0.0,0.0,0.0,0.0,"solar2_v,lipo2_v"
2022-11-23T12:00:00Z,29.0,29.0,,,,,,,,,,,,,,,3.97,3.968,3.973,,,,232.69,0.0,0.0,,,,,245.034,244.0,247.0,,,0.0,6630.0,6658.0,0.0,0.0,0.0,0.0,0.0,0.0,29.0,0.0,0.0,0.0,29.0,0.0,0.0,0.0,0.0,0.0,"solar2_v,lipo2_v"
2022-11-23T13:00:00Z,29.0,29.0,,,,,,,,,,,,,,,3.968,3.965,3.97,,,,232.655,0.0,0.0,,,,,244.966,243.0,246.0,,,0.0,6659.0,6687.0,0.0,0.0,0.0,0.0,0.0,0.0,29.0,0.0,0.0,0.0,29.0,0.0,0.0,0.0,0.0,0.0,"solar2_v,lipo2_v"
2022-11-23T14:00:00Z,30.0,30.0,,,,,,,,,,,,,,,3.967,3.965,3.968,,,,232.833,0.0,0.0,,,,,245.567,244.0,254.0,,,0.0,6688.0,6717.0,0.0,0.0,0.0,0.0,0.0,0.0,30.0,0.0,0.0,0.0,30.0,0.0,0.0,0.0,0.0,0.0,"solar2_v,lipo2_v"
2022-11-23T15:00:00Z,29.0,29.0,,,,,,,,,,,,,,,3.965,3.963,3.966,,,,232.621,0.0,0.0,,,,,244.793,242.0,250.0,,,0.0,6718.0,6746.0,0.0,0.0,0.0,0.0,0.0,0.0,29.0,0.0,0.0,0.0,29.0,0.0,0.0,0.0,0.0,0.0,"solar2_v,lipo2_v"
2022-11-23T16:00:00Z,28.0,28.0,,,,,,,,,,,,,,,3.963,3.96,3.965,,,,232.607,0.0,0.0,,,,,246.357,242.0,256.0,,,0.0,6747.0,6775.0,0.0,0.0,0.0,0.0,0.0,0.0,28.0,0.0,0.0,0.0,28.0,0.0,0.0,0.0,0.0,0.0,"solar2_v,lipo2_v"
2022-11-23T17:00:00Z,10.0,10.0,,,,,,,,,,,,,,,3.959,3.953,3.965,,,,232.5,0.0,0.0,,,,,245.7,243.0,257.0,,,0.0,6776.0,6802.0,0.0,0.0,0.0,0.0,0.0,0.0,10.0,0.0,0.0,0.0,10.0,0.0,0.0,0.0,0.0,0.0,"solar2_v,lipo2_v"
2022-11-23T18:00:00Z,24.0,24.0,,,,,,,,,,,,,,,3.952,3.95,3.955,,,,233.083,0.0,0.0,,,,,248.417,245.0,257.0,,,0.0,6803.0,6831.0,0.0,0.0,0.0,0.0,0.0,0.0,24.0,0.0,0.0,0.0,24.0,0.0,0.0,0.0,0.0,0.0,"solar2_v,lipo2_v"
2022-11-23T19:00:00Z,29.0,29.0,,,,,,,,,,,,,,,3.949,3.946,3.951,,,,233.103,0.0,0.0,,,,,245.897,244.0,247.0,,,0.0,6832.0,6860.0,0.0,0.0,0.0,0.0,0.0,0.0,29.0,0.0,0.0,0.0,29.0,0.0,0.0,0.0,0.0,0.0,"solar2_v,lipo2_v"
2022-11-23T20:00:00Z,27.0,27.0,,,,,,,,,,,,,,,3.947,3.945,3.95,,,,233.037,0.0,0.0,,,,,245.407,242.0,249.0,,,0.0,6861.0,6889.0,0.0,0.0,0.0,0.0,0.0,0.0,27.0,0.0,0.0,0.0,27.0,0.0,0.0,0.0,0.0,0.0,"solar2_v,lipo2_v"
2022-11-23T21:00:00Z,29.0,29.0,,,,,,,,,,,,,,,3.946,3.945,3.948,,,,233.345,0.0,0.0,,,,,246.31,245.0,250.0,,,0.0,6890.0,6918.0,0.0,0.0,0.0,0.0,0.0,0.0,29.0,0.0,0.0,0.0,29.0,0.0,0.0,0.0,0.0,0.0,"solar2_v,lipo2_v"
2022-11-23T22:00:00Z,15.0,15.0,,,,,,,,,,,,,,,3.945,3.943,3.946,,,,233.2,0.0,0.0,,,,,244.4,242.0,246.0,,,0.0,6919.0,6938.0,0.0,0.0,0.0,0.0,0.0,0.0,15.0,0.0,0.0,0.0,15.0,0.0,0.0,0.0,0.0,0.0,"solar2_v,lipo2_v"
2022-11-23T23:00:00Z,10.0,10.0,,,,,,,,,,,,,,,3.94,3.937,3.943,,,,233.2,0.0,0.0,,,,,243.1,242.0,244.0,,,0.0,6949.0,6973.0,0.0,0.0,0.0,0.0,0.0,0.0,10.0,0.0,0.0,0.0,10.0,0.0,0.0,0.0,0.0,0.0,"solar2_v,lipo2_v"
2022-11-24T00:00:00Z,29.0,29.0,,,,,,,,,,,,,,,3.937,3.935,3.938,,,,233.138,0.0,0.0,,,,,244.828,242.0,247.0,,,0.0,6974.0,7002.0,0.0,0.0,0.0,0.0,0.0,0.0,29.0,0.0,0.0,0.0,29.0,0.0,0.0,0.0,0.0,0.0,"solar2_v,lipo2_v"
2022-11-24T01:00:00Z,29.0,29.0,,,,,,,,,,,,,,,3.937,3.935,3.94,,,,232.655,0.0,0.0,,,,,238.897,234.0,245.0,,,0.0,7003.0,7031.0,0.0,0.0,0.0,0.0,0.0,0.0,29.0,0.0,0.0,0.0,29.0,0.0,0.0,0.0,0.0,0.0,"solar2_v,lipo2_v"
2022-11-24T02:00:00Z,30.0,30.0,,,,,,,,,,,,,,,3.937,3.935,3.941,,,,228.5,0.0,0.0,,,,,276.967,233.0,560.0,,,0.0,7032.0,7061.0,0.0,0.0,0.0,0.0,0.0,0.0,30.0,0.0,0.0,0.0,30.0,0.0,0.0,0.0,0.0,0.0,"solar2_v,lipo2_v"
2022-11-24T03:00:00Z,29.0,29.0,,,,,,,,,,,,,,,3.937,3.933,3.938,,,,226.655,0.0,0.0,,,,,343.517,300.0,407.0,,,0.0,7062.0,7090.0,0.0,0.0,0.0,0.0,0.0,0.0,29.0,0.0,0.0,0.0,29.0,0.0,0.0,0.0,0.0,0.0,"solar2_v,lipo2_v"
2022-11-24T04:00:00Z,29.0,29.0,,,,,,,,,,,,,,,3.934,3.932,3.937,,,,230.931,0.0,0.0,,,,,315.931,311.0,325.0,,,0.0,7091.0,7119.0,0.0,0.0,0.0,0.0,0.0,0.0,29.0,0.0,0.0,0.0,29.0,0.0,0.0,0.0,0.0,0.0,"solar2_v,lipo2_v"
2022-11-24T05:00:00Z,29.0,29.0,,,,,,,,,,,,,,,3.932,3.93,3.935,,,,231.966,0.0,0.0,,,,,306.621,303.0,311.0,,,0.0,7120.0,7148.0,0.0,0.0,0.0,0.0,0.0,0.0,29.0,0.0,0.0,0.0,29.0,0.0,0.0,0.0,0.0,0.0,"solar2_v,lipo2_v"
2022-11-24T06:00:00Z,29.0,29.0,,,,,,,,,,,,,,,3.93,3.928,3.933,,,,232.448,0.0,0.0,,,,,301.828,301.0,303.0,,,0.0,7149.0,7177.0,0.0,0.0,0.0,0.0,0.0,0.0,29.0,0.0,0.0,0.0,29.0,0.0,0.0,0.0,0.0,0.0,"solar2_v,lipo2_v"
2022-11-24T07:00:00Z,30.0,30.0,,,,,,,,,,,,,,,3.929,3.927,3.932,,,,232.467,0.0,0.0,,,,,301.3,301.0,302.0,,,0.0,7178.0,7207.0,0.0,0.0,0.0,0.0,0.0,0.0,30.0,0.0,0.0,0.0,30.0,0.0,0.0,0.0,0.0,0.0,"solar2_v,lipo2_v"
2022-11-24T08:00:00Z,29.0,29.0,,,,,,,,,,,,,,,3.928,3.927,3.93,,,,232.103,0.0,0.0,,,,,301.448,301.0,302.0,,,0.0,7208.0,7236.0,0.0,0.0,0.0,0.0,0.0,0.0,29.0,0.0,0.0,0.0,29.0,0.0,0.0,0.0,0.0,0.0,"solar2_v,lipo2_v"
2022-11-24T09:00:00Z,29.0,29.0,,,,,,,,,,,,,,,3.926,3.923,3.928,,,,232.241,0.0,0.0,,,,,301.0,301.0,301.0,,,0.0,7237.0,7265.0,0.0,0.0,0.0,0.0,0.0,0.0,29.0,0.0,0.0,0.0,29.0,0.0,0.0,0.0,0.0,0.0,"solar2_v,lipo2_v"
2022-11-24T10:00:00Z,29.0,29.0,,,,,,,,,,,,,,,3.925,3.925,3.927,,,,232.448,0.0,0.0,,,,,301.0,301.0,301.0,,,0.0,7266.0,7294.0,0.0,0.0,0.0,0.0,0.0,0.0,29.0,0.0,0.0,0.0,29.0,0.0,0.0,0.0,0.0,0.0,"solar2_v,lipo2_v"
2022-11-24T11:00:00Z,29.0,29.0,,,,,,,,,,,,,,,3.924,3.923,3.927,,,,232.379,0.0,0.0,,,,,300.966,300.0,301.0,,,0.0,7295.0,7323.0,0.0,0.0,0.0,0.0,0.0,0.0,29.0,0.0,0.0,0.0,29.0,0.0,0.0,0.0,0.0,0.0,"solar2_v,lipo2_v"
2022-11-24T12:00:00Z,30.0,30.0,,,,,,,,,,,,,,,3.923,3.923,3.925,,,,232.5,0.0,0.0,,,,,300.933,300.0,301.0,,,0.0,7324.0,7353.0,0.0,0.0,0.0,0.0,0.0,0.0,30.0,0.0,0.0,0.0,30.0,0.0,0.0,0.0,0.0,0.0,"solar2_v,lipo2_v"
2022-11-24T13:00:00Z,25.0,25.0,,,,,,,,,,,,,,,3.923,3.922,3.923,,,,232.8,0.0,0.0,,,,,301.0,301.0,301.0,,,0.0,7354.0,7381.0,0.0,0.0,0.0,0.0,0.0,0.0,25.0,0.0,0.0,0.0,25.0,0.0,0.0,0.0,0.0,0.0,"solar2_v,lipo2_v"
2022-11-24T14:00:00Z,28.0,28.0,,,,,,,,,,,,,,,3.922,3.922,3.923,,,,232.75,0.0,0.0,,,,,300.857,300.0,301.0,,,0.0,7382.0,7410.0,0.0,0.0,0.0,0.0,0.0,0.0,28.0,0.0,0.0,0.0,28.0,0.0,0.0,0.0,0.0,0.0,"solar2_v,lipo2_v"
2022-11-24T15:00:00Z,29.0,29.0,,,,,,,,,,,,,,,3.922,3.922,3.923,,,,232.448,0.0,0.0,,,,,300.897,300.0,301.0,,,0.0,7411.0,7439.0,0.0,0.0,0.0,0.0,0.0,0.0,29.0,0.0,0.0,0.0,29.0,0.0,0.0,0.0,0.0,0.0,"solar2_v,lipo2_v"
2022-11-24T16:00:00Z,29.0,29.0,,,,,,,,,,,,,,,3.922,3.92,3.922,,,,232.345,0.0,0.0,,,,,301.0,301.0,301.0,,,0.0,7440.0,7468.0,0.0,0.0,0.0,0.0,0.0,0.0,29.0,0.0,0.0,0.0,29.0,0.0,0.0,0.0,0.0,0.0,"solar2_v,lipo2_v"
2022-11-24T17:00:00Z,30.0,30.0,,,,,,,,,,,,,,,3.921,3.92,3.922,,,,232.667,0.0,0.0,,,,,300.633,300.0,301.0,,,0.0,7469.0,7498.0,0.0,0.0,0.0,0.0,0.0,0.0,30.0,0.0,0.0,0.0,30.0,0.0,0.0,0.0,0.0,0.0,"solar2_v,lipo2_v"
2022-11-24T18:00:00Z,29.0,29.0,,,,,,,,,,,,,,,3.921,3.917,3.922,,,,233.034,0.0,0.0,,,,,299.103,297.0,300.0,,,0.0,7499.0,7527.0,0.0,0.0,0.0,0.0,0.0,0.0,29.0,0.0,0.0,0.0,29.0,0.0,0.0,0.0,0.0,0.0,"solar2_v,lipo2_v"
2022-11-24T19:00:00Z,29.0,29.0,,,,,,,,,,,,,,,3.92,3.918,3.922,,,,233.069,0.0,0.0,,,,,296.414,296.0,298.0,,,0.0,7528.0,7556.0,0.0,0.0,0.0,0.0,0.0,0.0,29.0,0.0,0.0,0.0,29.0,0.0,0.0,0.0,0.0,0.0,"solar2_v,lipo2_v"
2022-11-24T20:00:00Z,29.0,29.0,,,,,,,,,,,,,,,3.919,3.917,3.92,,,,233.069,0.0,0.0,,,,,295.69,295.0,296.0,,,0.0,7557.0,7585.0,0.0,0.0,0.0,0.0,0.0,0.0,29.0,0.0,0.0,0.0,29.0,0.0,0.0,0.0,0.0,0.0,"solar2_v,lipo2_v"
2022-11-24T21:00:00Z,30.0,30.0,,,,,,,,,,,,,,,3.917,3.915,3.918,,,,232.967,0.0,0.0,,,,,294.567,294.0,295.0,,,0.0,7586.0,7615.0,0.0,0.0,0.0,0.0,0.0,0.0,30.0,0.0,0.0,0.0,30.0,0.0,0.0,0.0,0.0,0.0,"solar2_v,lipo2_v"
2022-11-24T22:00:00Z,29.0,29.0,,,,,,,,,,,,,,,3.917,3.913,3.918,,,,233.103,0.0,0.0,,,,,294.0,293.0,295.0,,,0.0,7616.0,7644.0,0.0,0.0,0.0,0.0,0.0,0.0,29.0,0.0,0.0,0.0,29.0,0.0,0.0,0.0,0.0,0.0,"solar2_v,lipo2_v"
2022-11-24T23:00:00Z,29.0,29.0,,,,,,,,,,,,,,,3.916,3.913,3.918,,,,233.0,0.0,0.0,,,,,296.241,295.0,299.0,,,0.0,7645.0,7673.0,0.0,0.0,0.0,0.0,0.0,0.0,29.0,0.0,0.0,0.0,29.0,0.0,0.0,0.0,0.0,0.0,"solar2_v,lipo2_v"
2022-11-25T00:00:00Z,29.0,29.0,,,,,,,,,,,,,,,3.915,3.913,3.918,,,,232.759,0.0,0.0,,,,,300.414,299.0,301.0,,,0.0,7674.0,7702.0,0.0,0.0,0.0,0.0,0.0,0.0,29.0,0.0,0.0,0.0,29.0,0.0,0.0,0.0,0.0,0.0,"solar2_v,lipo2_v"
2022-11-25T01:00:00Z,29.0,29.0,,,,,,,,,,,,,,,3.914,3.912,3.915,,,,231.931,0.0,0.0,,,,,303.793,301.0,308.0,,,0.0,7703.0,7731.0,0.0,0.0,0.0,0.0,0.0,0.0,29.0,0.0,0.0,0.0,29.0,0.0,0.0,0.0,0.0,0.0,"solar2_v,lipo2_v"
2022-11-25T02:00:00Z,30.0,30.0,,,,,,,,,,,,,,,3.916,3.913,3.918,,,,227.2,0.0,0.0,,,,,335.6,257.0,413.0,,,0.0,7732.0,7761.0,0.0,0.0,0.0,0.0,0.0,0.0,30.0,0.0,0.0,0.0,30.0,0.0,0.0,0.0,0.0,0.0,"solar2_v,lipo2_v"
2022-11-25T03:00:00Z,29.0,29.0,,,,,,,,,,,,,,,3.915,3.913,3.917,,,,225.897,0.0,0.0,,,,,364.345,338.0,406.0,,,0.0,7762.0,7790.0,0.0,0.0,0.0,0.0,0.0,0.0,29.0,0.0,0.0,0.0,29.0,0.0,0.0,0.0,0.0,0.0,"solar2_v,lipo2_v"
2022-11-25T04:00:00Z,29.0,29.0,,,,,,,,,,,,,,,3.913,3.91,3.915,,,,229.034,0.0,0.0,,,,,330.931,327.0,342.0,,,0.0,7791.0,7819.0,0.0,0.0,0.0,0.0,0.0,0.0,29.0,0.0,0.0,0.0,29.0,0.0,0.0,0.0,0.0,0.0,"solar2_v,lipo2_v"
2022-11-25T05:00:00Z,29.0,29.0,,,,,,,,,,,,,,,3.912,3.91,3.913,,,,230.241,0.0,0.0,,,,,321.103,316.0,327.0,,,0.0,7820.0,7848.0,0.0,0.0,0.0,0.0,0.0,0.0,29.0,0.0,0.0,0.0,29.0,0.0,0.0,0.0,0.0,0.0,"solar2_v,lipo2_v"
2022-11-25T06:00:00Z,29.0,29.0,,,,,,,,,,,,,,,3.91,3.907,3.912,,,,230.621,0.0,0.0,,,,,315.724,314.0,318.0,,,0.0,7849.0,7877.0,0.0,0.0,0.0,0.0,0.0,0.0,29.0,0.0,0.0,0.0,29.0,0.0,0.0,0.0,0.0,0.0,"solar2_v,lipo2_v"
2022-11-25T07:00:00Z,30.0,30.0,,,,,,,,,,,,,,,3.908,3.905,3.91,,,,231.567,0.0,0.0,,,,,313.033,311.0,314.0,,,0.0,7878.0,7907.0,0.0,0.0,0.0,0.0,0.0,0.0,30.0,0.0,0.0,0.0,30.0,0.0,0.0,0.0,0.0,0.0,"solar2_v,lipo2_v"
2022-11-25T08:00:00Z,28.0,28.0,,,,,,,,,,,,,,,3.906,3.905,3.907,,,,231.857,0.0,0.0,,,,,308.857,307.0,311.0,,,0.0,7908.0,7936.0,0.0,0.0,0.0,0.0,0.0,0.0,28.0,0.0,0.0,0.0,28.0,0.0,0.0,0.0,0.0,0.0,"solar2_v,lipo2_v"
2022-11-25T09:00:00Z,29.0,29.0,,,,,,,,,,,,,,,3.906,3.904,3.907,,,,231.828,0.0,0.0,,,,,306.448,306.0,308.0,,,0.0,7937.0,7965.0,0.0,0.0,0.0,0.0,0.0,0.0,29.0,0.0,0.0,0.0,29.0,0.0,0.0,0.0,0.0,0.0,"solar2_v,lipo2_v"
2022-11-25T10:00:00Z,29.0,29.0,,,,,,,,,,,,,,,3.905,3.904,3.907,,,,231.828,0.0,0.0,,,,,306.0,306.0,306.0,,,0.0,7966.0,7994.0,0.0,0.0,0.0,0.0,0.0,0.0,29.0,0.0,0.0,0.0,29.0,0.0,0.0,0.0,0.0,0.0,"solar2_v,lipo2_v"
2022-11-25T11:00:00Z,29.0,29.0,,,,,,,,,,,,,,,3.904,3.902,3.905,,,,231.793,0.0,0.0,,,,,304.586,304.0,306.0,,,0.0,7995.0,8023.0,0.0,0.0,0.0,0.0,0.0,0.0,29.0,0.0,0.0,0.0,29.0,0.0,0.0,0.0,0.0,0.0,"solar2_v,lipo2_v"
2022-11-25T12:00:00Z,29.0,29.0,,,,,,,,,,,,,,,3.903,3.9,3.904,,,,232.103,0.0,0.0,,,,,303.448,303.0,304.0,,,0.0,8024.0,8052.0,0.0,0.0,0.0,0.0,0.0,0.0,29.0,0.0,0.0,0.0,29.0,0.0,0.0,0.0,0.0,0.0,"solar2_v,lipo2_v"
2022-11-25T13:00:00Z,29.0,29.0,,,,,,,,,,,,,,,3.901,3.9,3.904,,,,232.103,0.0,0.0,,,,,302.483,302.0,303.0,,,0.0,8053.0,8081.0,0.0,0.0,0.0,0.0,0.0,0.0,29.0,0.0,0.0,0.0,29.0,0.0,0.0,0.0,0.0,0.0,"solar2_v,lipo2_v"
2022-11-25T14:00:00Z,30.0,30.0,,,,,,,,,,,,,,,3.901,3.899,3.902,,,,232.333,0.0,0.0,,,,,302.033,302.0,303.0,,,0.0,8082.0,8111.0,0.0,0.0,0.0,0.0,0.0,0.0,30.0,0.0,0.0,0.0,30.0,0.0,0.0,0.0,0.0,0.0,"solar2_v,lipo2_v"
2022-11-25T15:00:00Z,29.0,29.0,,,,,,,,,,,,,,,3.9,3.899,3.902,,,,232.103,0.0,0.0,,,,,303.517,303.0,304.0,,,0.0,8112.0,8140.0,0.0,0.0,0.0,0.0,0.0,0.0,29.0,0.0,0.0,0.0,29.0,0.0,0.0,0.0,0.0,0.0,"solar2_v,lipo2_v"
2022-11-25T16:00:00Z,29.0,29.0,,,,,,,,,,,,,,,3.899,3.897,3.9,,,,232.241,0.0,0.0,,,,,304.103,304.0,305.0,,,0.0,8141.0,8169.0,0.0,0.0,0.0,0.0,0.0,0.0,29.0,0.0,0.0,0.0,29.0,0.0,0.0,0.0,0.0,0.0,"solar2_v,lipo2_v"
2022-11-25T17:00:00Z,29.0,29.0,,,,,,,,,,,,,,,3.899,3.897,3.899,,,,231.931,0.0,0.0,,,,,302.31,301.0,304.0,,,0.0,8170.0,8198.0,0.0,0.0,0.0,0.0,0.0,0.0,29.0,0.0,0.0,0.0,29.0,0.0,0.0,0.0,0.0,0.0,"solar2_v,lipo2_v"
2022-11-25T18:00:00Z,30.0,30.0,,,,,,,,,,,,,,,3.898,3.897,3.899,,,,232.367,0.0,0.0,,,,,300.933,300.0,301.0,,,0.0,8199.0,8228.0,0.0,0.0,0.0,0.0,0.0,0.0,30.0,0.0,0.0,0.0,30.0,0.0,0.0,0.0,0.0,0.0,"solar2_v,lipo2_v"
2022-11-25T19:00:00Z,29.0,29.0,,,,,,,,,,,,,,,3.896,3.895,3.899,,,,232.517,0.0,0.0,,,,,299.241,296.0,301.0,,,0.0,8229.0,8257.0,0.0,0.0,0.0,0.0,0.0,0.0,29.0,0.0,0.0,0.0,29.0,0.0,0.0,0.0,0.0,0.0,"solar2_v,lipo2_v"
2022-11-25T20:00:00Z,29.0,29.0,,,,,,,,,,,,,,,3.896,3.895,3.897,,,,232.793,0.0,0.0,,,,,290.862,286.0,298.0,,,0.0,8258.0,8286.0,0.0,0.0,0.0,0.0,0.0,0.0,29.0,0.0,0.0,0.0,29.0,0.0,0.0,0.0,0.0,0.0,"solar2_v,lipo2_v"
2022-11-25T21:00:00Z,29.0,29.0,,,,,,,,,,,,,,,3.895,3.894,3.897,,,,232.966,0.0,0.0,,,,,286.724,285.0,291.0,,,0.0,8287.0,8315.0,0.0,0.0,0.0,0.0,0.0,0.0,29.0,0.0,0.0,0.0,29.0,0.0,0.0,0.0,0.0,0.0,"solar2_v,lipo2_v"
2022-11-25T22:00:00Z,18.0,18.0,,,,,,,,,,,,,,,3.895,3.894,3.897,,,,233.0,0.0,0.0,,,,,298.389,292.0,300.0,,,0.0,8316.0,8343.0,0.0,0.0,0.0,0.0,0.0,0.0,18.0,0.0,0.0,0.0,18.0,0.0,0.0,0.0,0.0,0.0,"solar2_v,lipo2_v"
2022-11-25T23:00:00Z,3.0,3.0,,,,,,,,,,,,,,,3.894,3.894,3.894,,,,232.0,0.0,0.0,,,,,300.0,300.0,300.0,,,0.0,8345.0,8354.0,0.0,0.0,0.0,0.0,0.0,0.0,3.0,0.0,0.0,0.0,3.0,0.0,0.0,0.0,0.0,0.0,"solar2_v,lipo2_v"
2022-11-26T00:00:00Z,24.0,24.0,,,,,,,,,,,,,,,3.892,3.89,3.894,,,,232.5,0.0,0.0,,,,,299.75,299.0,300.0,,,0.0,8376.0,8399.0,0.0,0.0,0.0,0.0,0.0,0.0,24.0,0.0,0.0,0.0,24.0,0.0,0.0,0.0,0.0,0.0,"solar2_v,lipo2_v"
2022-11-26T01:00:00Z,29.0,29.0,,,,,,,,,,,,,,,3.891,3.889,3.894,,,,232.724,0.0,0.0,,,,,297.621,294.0,300.0,,,0.0,8400.0,8428.0,0.0,0.0,0.0,0.0,0.0,0.0,29.0,0.0,0.0,0.0,29.0,0.0,0.0,0.0,0.0,0.0,"solar2_v,lipo2_v"
2022-11-26T02:00:00Z,29.0,29.0,,,,,,,,,,,,,,,3.893,3.89,3.895,,,,229.414,0.0,0.0,,,,,314.655,278.0,404.0,,,0.0,8429.0,8457.0,0.0,0.0,0.0,0.0,0.0,0.0,29.0,0.0,0.0,0.0,29.0,0.0,0.0,0.0,0.0,0.0,"solar2_v,lipo2_v"
2022-11-26T03:00:00Z,29.0,29.0,,,,,,,,,,,,,,,3.893,3.89,3.895,,,,225.483,0.0,0.0,,,,,392.207,345.0,726.0,,,0.0,8458.0,8486.0,0.0,0.0,0.0,0.0,0.0,0.0,29.0,0.0,0.0,0.0,29.0,0.0,0.0,0.0,0.0,0.0,"solar2_v,lipo2_v"
2022-11-26T04:00:00Z,29.0,29.0,,,,,,,,,,,,,,,3.892,3.89,3.894,,,,228.759,0.0,0.0,,,,,337.552,331.0,343.0,,,0.0,8487.0,8515.0,0.0,0.0,0.0,0.0,0.0,0.0,29.0,0.0,0.0,0.0,29.0,0.0,0.0,0.0,0.0,0.0,"solar2_v,lipo2_v"
2022-11-26T05:00:00Z,30.0,30.0,,,,,,,,,,,,,,,3.891,3.889,3.894,,,,229.433,0.0,0.0,,,,,327.367,307.0,332.0,,,0.0,8516.0,8545.0,0.0,0.0,0.0,0.0,0.0,0.0,30.0,0.0,0.0,0.0,30.0,0.0,0.0,0.0,0.0,0.0,"solar2_v,lipo2_v"
2022-11-26T06:00:00Z,29.0,29.0,,,,,,,,,,,,,,,3.89,3.889,3.892,,,,230.586,0.0,0.0,,,,,314.276,299.0,319.0,,,0.0,8546.0,8574.0,0.0,0.0,0.0,0.0,0.0,0.0,29.0,0.0,0.0,0.0,29.0,0.0,0.0,0.0,0.0,0.0,"solar2_v,lipo2_v"
2022-11-26T07:00:00Z,29.0,29.0,,,,,,,,,,,,,,,3.89,3.889,3.892,,,,231.414,0.0,0.0,,,,,295.828,274.0,314.0,,,0.0,8575.0,8603.0,0.0,0.0,0.0,0.0,0.0,0.0,29.0,0.0,0.0,0.0,29.0,0.0,0.0,0.0,0.0,0.0,"solar2_v,lipo2_v"
2022-11-26T08:00:00Z,29.0,29.0,,,,,,,,,,,,,,,3.889,3.887,3.892,,,,232.034,0.0,0.0,,,,,289.483,265.0,301.0,,,0.0,8604.0,8632.0,0.0,0.0,0.0,0.0,0.0,0.0,29.0,0.0,0.0,0.0,29.0,0.0,0.0,0.0,0.0,0.0,"solar2_v,lipo2_v"
2022-11-26T09:00:00Z,30.0,30.0,,,,,,,,,,,,,,,3.887,3.884,3.889,,,,233.5,0.0,0.0,,,,,269.0,242.0,291.0,,,0.0,8633.0,8662.0,0.0,0.0,0.0,0.0,0.0,0.0,30.0,0.0,0.0,0.0,30.0,0.0,0.0,0.0,0.0,0.0,"solar2_v,lipo2_v"
2022-11-26T10:00:00Z,29.0,29.0,,,,,,,,,,,,,,,3.885,3.882,3.889,,,,234.276,0.0,0.0,,,,,257.138,244.0,277.0,,,0.0,8663.0,8691.0,0.0,0.0,0.0,0.0,0.0,0.0,29.0,0.0,0.0,0.0,29.0,0.0,0.0,0.0,0.0,0.0,"solar2_v,lipo2_v"
2022-11-26T11:00:00Z,29.0,29.0,,,,,,,,,,,,,,,3.884,3.882,3.887,,,,234.483,0.0,0.0,,,,,267.172,252.0,273.0,,,0.0,8692.0,8720.0,0.0,0.0,0.0,0.0,0.0,0.0,29.0,0.0,0.0,0.0,29.0,0.0,0.0,0.0,0.0,0.0,"solar2_v,lipo2_v"
2022-11-26T12:00:00Z,29.0,29.0,,,,,,,,,,,,,,,3.883,3.88,3.885,,,,234.69,0.0,0.0,,,,,245.483,233.0,258.0,,,0.0,8721.0,8749.0,0.0,0.0,0.0,0.0,0.0,0.0,29.0,0.0,0.0,0.0,29.0,0.0,0.0,0.0,0.0,0.0,"solar2_v,lipo2_v"
2022-11-26T13:00:00Z,29.0,29.0,,,,,,,,,,,,,,,3.883,3.882,3.885,,,,234.0,0.0,0.0,,,,,253.759,231.0,263.0,,,0.0,8750.0,8778.0,0.0,0.0,0.0,0.0,0.0,0.0,29.0,0.0,0.0,0.0,29.0,0.0,0.0,0.0,0.0,0.0,"solar2_v,lipo2_v"
2022-11-26T14:00:00Z,30.0,30.0,,,,,,,,,,,,,,,3.883,3.882,3.887,,,,233.467,0.0,0.0,,,,,251.0,239.0,272.0,,,0.0,8779.0,8808.0,0.0,0.0,0.0,0.0,0.0,0.0,30.0,0.0,0.0,0.0,30.0,0.0,0.0,0.0,0.0,0.0,"solar2_v,lipo2_v"
2022-11-26T15:00:00Z,29.0,29.0,,,,,,,,,,,,,,,3.883,3.88,3.887,,,,233.172,0.0,0.0,,,,,248.655,233.0,258.0,,,0.0,8809.0,8837.0,0.0,0.0,0.0,0.0,0.0,0.0,29.0,0.0,0.0,0.0,29.0,0.0,0.0,0.0,0.0,0.0,"solar2_v,lipo2_v"
2022-11-26T16:00:00Z,29.0,29.0,,,,,,,,,,,,,,,3.883,3.88,3.885,,,,232.862,0.0,0.0,,,,,236.655,233.0,243.0,,,0.0,8838.0,8866.0,0.0,0.0,0.0,0.0,0.0,0.0,29.0,0.0,0.0,0.0,29.0,0.0,0.0,0.0,0.0,0.0,"solar2_v,lipo2_v"
2022-11-26T17:00:00Z,29.0,29.0,,,,,,,,,,,,,,,3.882,3.88,3.884,,,,232.897,0.0,0.0,,,,,241.0,234.0,245.0,,,0.0,8867.0,8895.0,0.0,0.0,0.0,0.0,0.0,0.0,29.0,0.0,0.0,0.0,29.0,0.0,0.0,0.0,0.0,0.0,"solar2_v,lipo2_v"
2022-11-26T18:00:00Z,29.0,29.0,,,,,,,,,,,,,,,3.881,3.879,3.884,,,,232.793,0.0,0.0,,,,,240.379,238.0,243.0,,,0.0,8896.0,8924.0,0.0,0.0,0.0,0.0,0.0,0.0,29.0,0.0,0.0,0.0,29.0,0.0,0.0,0.0,0.0,0.0,"solar2_v,lipo2_v"
2022-11-26T19:00:00Z,30.0,30.0,,,,,,,,,,,,,,,3.88,3.879,3.882,,,,232.9,0.0,0.0,,,,,237.6,234.0,240.0,,,0.0,8925.0,8954.0,0.0,0.0,0.0,0.0,0.0,0.0,30.0,0.0,0.0,0.0,30.0,0.0,0.0,0.0,0.0,0.0,"solar2_v,lipo2_v"
2022-11-26T20:00:00Z,29.0,29.0,,,,,,,,,,,,,,,3.88,3.879,3.882,,,,232.897,0.0,0.0,,,,,236.552,234.0,239.0,,,0.0,8955.0,8983.0,0.0,0.0,0.0,0.0,0.0,0.0,29.0,0.0,0.0,0.0,29.0,0.0,0.0,0.0,0.0,0.0,"solar2_v,lipo2_v"
2022-11-26T21:00:00Z,29.0,29.0,,,,,,,,,,,,,,,3.88,3.877,3.882,,,,233.034,0.0,0.0,,,,,236.621,234.0,240.0,,,0.0,8984.0,9012.0,0.0,0.0,0.0,0.0,0.0,0.0,29.0,0.0,0.0,0.0,29.0,0.0,0.0,0.0,0.0,0.0,"solar2_v,lipo2_v"
2022-11-26T22:00:00Z,29.0,29.0,,,,,,,,,,,,,,,3.879,3.879,3.882,,,,233.172,0.0,0.0,,,,,236.828,234.0,238.0,,,0.0,9013.0,9041.0,0.0,0.0,0.0,0.0,0.0,0.0,29.0,0.0,0.0,0.0,29.0,0.0,0.0,0.0,0.0,0.0,"solar2_v,lipo2_v"
2022-11-26T23:00:00Z,29.0,29.0,,,,,,,,,,,,,,,3.879,3.877,3.88,,,,233.172,0.0,0.0,,,,,235.172,233.0,238.0,,,0.0,9042.0,9071.0,0.0,0.0,0.0,0.0,0.0,0.0,29.0,0.0,0.0,0.0,29.0,0.0,0.0,0.0,0.0,0.0,"solar2_v,lipo2_v"
2022-11-27T00:00:00Z,28.0,28.0,,,,,,,,,,,,,,,3.879,3.877,3.88,,,,232.857,0.0,0.0,,,,,237.607,235.0,240.0,,,0.0,9072.0,9100.0,0.0,0.0,0.0,0.0,0.0,0.0,28.0,0.0,0.0,0.0,28.0,0.0,0.0,0.0,0.0,0.0,"solar2_v,lipo2_v"
2022-11-27T01:00:00Z,29.0,29.0,,,,,,,,,,,,,,,3.879,3.877,3.88,,,,232.345,0.0,0.0,,,,,251.034,240.0,263.0,,,0.0,9101.0,9129.0,0.0,0.0,0.0,0.0,0.0,0.0,29.0,0.0,0.0,0.0,29.0,0.0,0.0,0.0,0.0,0.0,"solar2_v,lipo2_v"
2022-11-27T02:00:00Z,29.0,29.0,,,,,,,,,,,,,,,3.879,3.877,3.88,,,,229.966,0.0,0.0,,,,,284.655,262.0,326.0,,,0.0,9130.0,9158.0,0.0,0.0,0.0,0.0,0.0,0.0,29.0,0.0,0.0,0.0,29.0,0.0,0.0,0.0,0.0,0.0,"solar2_v,lipo2_v"
2022-11-27T03:00:00Z,29.0,29.0,,,,,,,,,,,,,,,3.88,3.879,3.882,,,,228.759,0.0,0.0,,,,,275.414,267.0,287.0,,,0.0,9159.0,9187.0,0.0,0.0,0.0,0.0,0.0,0.0,29.0,0.0,0.0,0.0,29.0,0.0,0.0,0.0,0.0,0.0,"solar2_v,lipo2_v"
2022-11-27T04:00:00Z,30.0,30.0,,,,,,,,,,,,,,,3.88,3.879,3.882,,,,228.5,0.0,0.0,,,,,284.933,273.0,298.0,,,0.0,9188.0,9217.0,0.0,0.0,0.0,0.0,0.0,0.0,30.0,0.0,0.0,0.0,30.0,0.0,0.0,0.0,0.0,0.0,"solar2_v,lipo2_v"
2022-11-27T05:00:00Z,29.0,29.0,,,,,,,,,,,,,,,3.879,3.877,3.882,,,,229.552,0.0,0.0,,,,,285.379,271.0,314.0,,,0.0,9218.0,9246.0,0.0,0.0,0.0,0.0,0.0,0.0,29.0,0.0,0.0,0.0,29.0,0.0,0.0,0.0,0.0,0.0,"solar2_v,lipo2_v"
2022-11-27T06:00:00Z,29.0,29.0,,,,,,,,,,,,,,,3.878,3.877,3.879,,,,232.345,0.0,0.0,,,,,297.966,291.0,306.0,,,0.0,9247.0,9275.0,0.0,0.0,0.0,0.0,0.0,0.0,29.0,0.0,0.0,0.0,29.0,0.0,0.0,0.0,0.0,0.0,"solar2_v,lipo2_v"
2022-11-27T07:00:00Z,29.0,29.0,,,,,,,,,,,,,,,3.876,3.874,3.879,,,,232.931,0.0,0.0,,,,,293.414,290.0,300.0,,,0.0,9276.0,9304.0,0.0,0.0,0.0,0.0,0.0,0.0,29.0,0.0,0.0,0.0,29.0,0.0,0.0,0.0,0.0,0.0,"solar2_v,lipo2_v"
2022-11-27T08:00:00Z,29.0,29.0,,,,,,,,,,,,,,,3.876,3.875,3.877,,,,232.103,0.0,0.0,,,,,300.897,300.0,301.0,,,0.0,9305.0,9333.0,0.0,0.0,0.0,0.0,0.0,0.0,29.0,0.0,0.0,0.0,29.0,0.0,0.0,0.0,0.0,0.0,"solar2_v,lipo2_v"
2022-11-27T09:00:00Z,30.0,30.0,,,,,,,,,,,,,,,3.875,3.874,3.877,,,,232.133,0.0,0.0,,,,,301.033,301.0,302.0,,,0.0,9334.0,9363.0,0.0,0.0,0.0,0.0,0.0,0.0,30.0,0.0,0.0,0.0,30.0,0.0,0.0,0.0,0.0,0.0,"solar2_v,lipo2_v"
2022-11-27T10:00:00Z,29.0,29.0,,,,,,,,,,,,,,,3.875,3.874,3.877,,,,232.0,0.0,0.0,,,,,301.207,301.0,302.0,,,0.0,9364.0,9392.0,0.0,0.0,0.0,0.0,0.0,0.0,29.0,0.0,0.0,0.0,29.0,0.0,0.0,0.0,0.0,0.0,"solar2_v,lipo2_v"
2022-11-27T11:00:00Z,29.0,29.0,,,,,,,,,,,,,,,3.874,3.872,3.877,,,,232.241,0.0,0.0,,,,,301.69,301.0,302.0,,,0.0,9393.0,9421.0,0.0,0.0,0.0,0.0,0.0,0.0,29.0,0.0,0.0,0.0,29.0,0.0,0.0,0.0,0.0,0.0,"solar2_v,lipo2_v"
2022-11-27T12:00:00Z,29.0,29.0,,,,,,,,,,,,,,,3.875,3.874,3.877,,,,232.103,0.0,0.0,,,,,301.586,294.0,303.0,,,0.0,9422.0,9450.0,0.0,0.0,0.0,0.0,0.0,0.0,29.0,0.0,0.0,0.0,29.0,0.0,0.0,0.0,0.0,0.0,"solar2_v,lipo2_v"
2022-11-27T13:00:00Z,29.0,29.0,,,,,,,,,,,,,,,3.874,3.872,3.875,,,,234.0,0.0,0.0,,,,,284.552,258.0,291.0,,,0.0,9451.0,9479.0,0.0,0.0,0.0,0.0,0.0,0.0,29.0,0.0,0.0,0.0,29.0,0.0,0.0,0.0,0.0,0.0,"solar2_v,lipo2_v"
2022-11-27T14:00:00Z,30.0,30.0,,,,,,,,,,,,,,,3.873,3.872,3.875,,,,233.433,0.0,0.0,,,,,287.767,281.0,295.0,,,0.0,9480.0,9509.0,0.0,0.0,0.0,0.0,0.0,0.0,30.0,0.0,0.0,0.0,30.0,0.0,0.0,0.0,0.0,0.0,"solar2_v,lipo2_v"
2022-11-27T15:00:00Z,29.0,29.0,,,,,,,,,,,,,,,3.873,3.872,3.874,,,,233.034,0.0,0.0,,,,,292.483,272.0,300.0,,,0.0,9510.0,9538.0,0.0,0.0,0.0,0.0,0.0,0.0,29.0,0.0,0.0,0.0,29.0,0.0,0.0,0.0,0.0,0.0,"solar2_v,lipo2_v"
2022-11-27T16:00:00Z,29.0,29.0,,,,,,,,,,,,,,,3.873,3.871,3.874,,,,232.897,0.0,0.0,,,,,268.655,258.0,285.0,,,0.0,9539.0,9567.0,0.0,0.0,0.0,0.0,0.0,0.0,29.0,0.0,0.0,0.0,29.0,0.0,0.0,0.0,0.0,0.0,"solar2_v,lipo2_v"
2022-11-27T17:00:00Z,29.0,29.0,,,,,,,,,,,,,,,3.873,3.871,3.875,,,,233.069,0.0,0.0,,,,,261.621,258.0,268.0,,,0.0,9568.0,9596.0,0.0,0.0,0.0,0.0,0.0,0.0,29.0,0.0,0.0,0.0,29.0,0.0,0.0,0.0,0.0,0.0,"solar2_v,lipo2_v"
2022-11-27T18:00:00Z,30.0,30.0,,,,,,,,,,,,,,,3.872,3.871,3.874,,,,233.133,0.0,0.0,,,,,260.933,258.0,264.0,,,0.0,9597.0,9626.0,0.0,0.0,0.0,0.0,0.0,0.0,30.0,0.0,0.0,0.0,30.0,0.0,0.0,0.0,0.0,0.0,"solar2_v,lipo2_v"
2022-11-27T19:00:00Z,29.0,29.0,,,,,,,,,,,,,,,3.872,3.871,3.874,,,,233.138,0.0,0.0,,,,,261.724,259.0,264.0,,,0.0,9627.0,9655.0,0.0,0.0,0.0,0.0,0.0,0.0,29.0,0.0,0.0,0.0,29.0,0.0,0.0,0.0,0.0,0.0,"solar2_v,lipo2_v"
2022-11-27T20:00:00Z,29.0,29.0,,,,,,,,,,,,,,,3.872,3.871,3.874,,,,232.966,0.0,0.0,,,,,261.862,259.0,266.0,,,0.0,9656.0,9684.0,0.0,0.0,0.0,0.0,0.0,0.0,29.0,0.0,0.0,0.0,29.0,0.0,0.0,0.0,0.0,0.0,"solar2_v,lipo2_v"
2022-11-27T21:00:00Z,29.0,29.0,,,,,,,,,,,,,,,3.872,3.871,3.872,,,,232.897,0.0,0.0,,,,,259.621,257.0,263.0,,,0.0,9685.0,9713.0,0.0,0.0,0.0,0.0,0.0,0.0,29.0,0.0,0.0,0.0,29.0,0.0,0.0,0.0,0.0,0.0,"solar2_v,lipo2_v"
2022-11-27T22:00:00Z,26.0,26.0,,,,,,,,,,,,,,,3.871,3.871,3.872,,,,233.192,0.0,0.0,,,,,258.577,257.0,261.0,,,0.0,9717.0,9742.0,0.0,0.0,0.0,0.0,0.0,0.0,26.0,0.0,0.0,0.0,26.0,0.0,0.0,0.0,0.0,0.0,"solar2_v,lipo2_v"
2022-11-27T23:00:00Z,30.0,30.0,,,,,,,,,,,,,,,3.871,3.871,3.872,,,,233.1,0.0,0.0,,,,,259.3,257.0,263.0,,,0.0,9743.0,9772.0,0.0,0.0,0.0,0.0,0.0,0.0,30.0,0.0,0.0,0.0,30.0,0.0,0.0,0.0,0.0,0.0,"solar2_v,lipo2_v"
2022-11-28T00:00:00Z,29.0,29.0,,,,,,,,,,,,,,,3.871,3.871,3.872,,,,232.724,0.0,0.0,,,,,262.034,258.0,267.0,,,0.0,9773.0,9801.0,0.0,0.0,0.0,0.0,0.0,0.0,29.0,0.0,0.0,0.0,29.0,0.0,0.0,0.0,0.0,0.0,"solar2_v,lipo2_v"
2022-11-28T01:00:00Z,29.0,29.0,,,,,,,,,,,,,,,3.871,3.869,3.872,,,,232.379,0.0,0.0,,,,,268.241,259.0,286.0,,,0.0,9802.0,9830.0,0.0,0.0,0.0,0.0,0.0,0.0,29.0,0.0,0.0,0.0,29.0,0.0,0.0,0.0,0.0,0.0,"solar2_v,lipo2_v"
2022-11-28T02:00:00Z,29.0,29.0,,,,,,,,,,,,,,,3.871,3.871,3.872,,,,230.69,0.0,0.0,,,,,294.793,260.0,327.0,,,0.0,9831.0,9859.0,0.0,0.0,0.0,0.0,0.0,0.0,29.0,0.0,0.0,0.0,29.0,0.0,0.0,0.0,0.0,0.0,"solar2_v,lipo2_v"
2022-11-28T03:00:00Z,29.0,29.0,,,,,,,,,,,,,,,3.871,3.871,3.872,,,,229.0,0.0,0.0,,,,,293.31,261.0,336.0,,,0.0,9860.0,9888.0,0.0,0.0,0.0,0.0,0.0,0.0,29.0,0.0,0.0,0.0,29.0,0.0,0.0,0.0,0.0,0.0,"solar2_v,lipo2_v"
2022-11-28T04:00:00Z,30.0,30.0,,,,,,,,,,,,,,,3.871,3.871,3.872,,,,229.367,0.0,0.0,,,,,316.3,306.0,324.0,,,0.0,9889.0,9918.0,0.0,0.0,0.0,0.0,0.0,0.0,30.0,0.0,0.0,0.0,30.0,0.0,0.0,0.0,0.0,0.0,"solar2_v,lipo2_v"
2022-11-28T05:00:00Z,29.0,29.0,,,,,,,,,,,,,,,3.871,3.871,3.872,,,,230.414,0.0,0.0,,,,,265.931,255.0,297.0,,,0.0,9919.0,9947.0,0.0,0.0,0.0,0.0,0.0,0.0,29.0,0.0,0.0,0.0,29.0,0.0,0.0,0.0,0.0,0.0,"solar2_v,lipo2_v"
2022-11-28T06:00:00Z,29.0,29.0,,,,,,,,,,,,,,,3.871,3.869,3.871,,,,230.828,0.0,0.0,,,,,260.207,257.0,275.0,,,0.0,9948.0,9976.0,0.0,0.0,0.0,0.0,0.0,0.0,29.0,0.0,0.0,0.0,29.0,0.0,0.0,0.0,0.0,0.0,"solar2_v,lipo2_v"
2022-11-28T07:00:00Z,29.0,29.0,,,,,,,,,,,,,,,3.871,3.869,3.871,,,,231.138,0.0,0.0,,,,,257.276,250.0,274.0,,,0.0,9977.0,10005.0,0.0,0.0,0.0,0.0,0.0,0.0,29.0,0.0,0.0,0.0,29.0,0.0,0.0,0.0,0.0,0.0,"solar2_v,lipo2_v"
2022-11-28T08:00:00Z,30.0,30.0,,,,,,,,,,,,,,,3.87,3.869,3.871,,,,231.8,0.0,0.0,,,,,255.533,251.0,258.0,,,0.0,10006.0,10035.0,0.0,0.0,0.0,0.0,0.0,0.0,30.0,0.0,0.0,0.0,30.0,0.0,0.0,0.0,0.0,0.0,"solar2_v,lipo2_v"
2022-11-28T09:00:00Z,29.0,29.0,,,,,,,,,,,,,,,3.87,3.869,3.871,,,,231.552,0.0,0.0,,,,,255.586,252.0,258.0,,,0.0,10036.0,10064.0,0.0,0.0,0.0,0.0,0.0,0.0,29.0,0.0,0.0,0.0,29.0,0.0,0.0,0.0,0.0,0.0,"solar2_v,lipo2_v"
2022-11-28T10:00:00Z,29.0,29.0,,,,,,,,,,,,,,,3.869,3.867,3.871,,,,232.0,0.0,0.0,,,,,255.207,253.0,257.0,,,0.0,10065.0,10093.0,0.0,0.0,0.0,0.0,0.0,0.0,29.0,0.0,0.0,0.0,29.0,0.0,0.0,0.0,0.0,0.0,"solar2_v,lipo2_v"
2022-11-28T11:00:00Z,29.0,29.0,,,,,,,,,,,,,,,3.869,3.867,3.869,,,,232.241,0.0,0.0,,,,,253.552,251.0,257.0,,,0.0,10094.0,10122.0,0.0,0.0,0.0,0.0,0.0,0.0,29.0,0.0,0.0,0.0,29.0,0.0,0.0,0.0,0.0,0.0,"solar2_v,lipo2_v"
2022-11-28T12:00:00Z,30.0,30.0,,,,,,,,,,,,,,,3.869,3.867,3.869,,,,231.933,0.0,0.0,,,,,250.067,247.0,253.0,,,0.0,10123.0,10152.0,0.0,0.0,0.0,0.0,0.0,0.0,30.0,0.0,0.0,0.0,30.0,0.0,0.0,0.0,0.0,0.0,"solar2_v,lipo2_v"
2022-11-28T13:00:00Z,29.0,29.0,,,,,,,,,,,,,,,3.868,3.867,3.869,,,,231.621,0.0,0.0,,,,,249.241,247.0,253.0,,,0.0,10153.0,10181.0,0.0,0.0,0.0,0.0,0.0,0.0,29.0,0.0,0.0,0.0,29.0,0.0,0.0,0.0,0.0,0.0,"solar2_v,lipo2_v"
2022-11-28T14:00:00Z,29.0,29.0,,,,,,,,,,,,,,,3.868,3.867,3.869,,,,232.069,0.0,0.0,,,,,249.897,247.0,257.0,,,0.0,10182.0,10210.0,0.0,0.0,0.0,0.0,0.0,0.0,29.0,0.0,0.0,0.0,29.0,0.0,0.0,0.0,0.0,0.0,"solar2_v,lipo2_v"
2022-11-28T15:00:00Z,29.0,29.0,,,,,,,,,,,,,,,3.868,3.866,3.869,,,,232.034,0.0,0.0,,,,,250.207,246.0,256.0,,,0.0,10211.0,10239.0,0.0,0.0,0.0,0.0,0.0,0.0,29.0,0.0,0.0,0.0,29.0,0.0,0.0,0.0,0.0,0.0,"solar2_v,lipo2_v"
2022-11-28T16:00:00Z,29.0,29.0,,,,,,,,,,,,,,,3.867,3.864,3.869,,,,232.034,0.0,0.0,,,,,248.172,246.0,252.0,,,0.0,10240.0,10268.0,0.0,0.0,0.0,0.0,0.0,0.0,29.0,0.0,0.0,0.0,29.0,0.0,0.0,0.0,0.0,0.0,"solar2_v,lipo2_v"
2022-11-28T17:00:00Z,30.0,30.0,,,,,,,,,,,,,,,3.867,3.866,3.867,,,,232.0,0.0,0.0,,,,,245.7,244.0,247.0,,,0.0,10269.0,10298.0,0.0,0.0,0.0,0.0,0.0,0.0,30.0,0.0,0.0,0.0,30.0,0.0,0.0,0.0,0.0,0.0,"solar2_v,lipo2_v"
2022-11-28T18:00:00Z,29.0,29.0,,,,,,,,,,,,,,,3.866,3.864,3.867,,,,231.966,0.0,0.0,,,,,245.552,244.0,247.0,,,0.0,10299.0,10327.0,0.0,0.0,0.0,0.0,0.0,0.0,29.0,0.0,0.0,0.0,29.0,0.0,0.0,0.0,0.0,0.0,"solar2_v,lipo2_v"
2022-11-28T19:00:00Z,29.0,29.0,,,,,,,,,,,,,,,3.866,3.864,3.867,,,,232.207,0.0,0.0,,,,,245.586,244.0,246.0,,,0.0,10328.0,10356.0,0.0,0.0,0.0,0.0,0.0,0.0,29.0,0.0,0.0,0.0,29.0,0.0,0.0,0.0,0.0,0.0,"solar2_v,lipo2_v"
2022-11-28T20:00:00Z,29.0,29.0,,,,,,,,,,,,,,,3.865,3.862,3.867,,,,232.379,0.0,0.0,,,,,246.31,244.0,257.0,,,0.0,10357.0,10385.0,0.0,0.0,0.0,0.0,0.0,0.0,29.0,0.0,0.0,0.0,29.0,0.0,0.0,0.0,0.0,0.0,"solar2_v,lipo2_v"
2022-11-28T21:00:00Z,30.0,30.0,,,,,,,,,,,,,,,3.864,3.862,3.866,,,,232.5,0.0,0.0,,,,,253.933,246.0,267.0,,,0.0,10386.0,10415.0,0.0,0.0,0.0,0.0,0.0,0.0,30.0,0.0,0.0,0.0,30.0,0.0,0.0,0.0,0.0,0.0,"solar2_v,lipo2_v"
2022-11-28T22:00:00Z,21.0,21.0,,,,,,,,,,,,,,,3.863,3.861,3.866,,,,232.286,0.0,0.0,,,,,260.095,257.0,268.0,,,0.0,10416.0,10442.0,0.0,0.0,0.0,0.0,0.0,0.0,21.0,0.0,0.0,0.0,21.0,0.0,0.0,0.0,0.0,0.0,"solar2_v,lipo2_v"
2022-11-28T23:00:00Z,12.0,12.0,,,,,,,,,,,,,,,3.861,3.859,3.864,,,,232.333,0.0,0.0,,,,,266.0,259.0,272.0,,,0.0,10445.0,10470.0,0.0,0.0,0.0,0.0,0.0,0.0,12.0,0.0,0.0,0.0,12.0,0.0,0.0,0.0,0.0,0.0,"solar2_v,lipo2_v"
2022-11-29T00:00:00Z,30.0,30.0,,,,,,,,,,,,,,,3.861,3.859,3.862,,,,232.433,0.0,0.0,,,,,268.133,264.0,272.0,,,0.0,10471.0,10500.0,0.0,0.0,0.0,0.0,0.0,0.0,30.0,0.0,0.0,0.0,30.0,0.0,0.0,0.0,0.0,0.0,"solar2_v,lipo2_v"
2022-11-29T01:00:00Z,29.0,29.0,,,,,,,,,,,,,,,3.86,3.857,3.861,,,,232.448,0.0,0.0,,,,,268.966,263.0,272.0,,,0.0,10501.0,10529.0,0.0,0.0,0.0,0.0,0.0,0.0,29.0,0.0,0.0,0.0,29.0,0.0,0.0,0.0,0.0,0.0,"solar2_v,lipo2_v"
2022-11-29T02:00:00Z,29.0,29.0,,,,,,,,,,,,,,,3.86,3.857,3.862,,,,229.966,0.0,0.0,,,,,271.069,252.0,323.0,,,0.0,10530.0,10558.0,0.0,0.0,0.0,0.0,0.0,0.0,29.0,0.0,0.0,0.0,29.0,0.0,0.0,0.0,0.0,0.0,"solar2_v,lipo2_v"
2022-11-29T03:00:00Z,29.0,29.0,,,,,,,,,,,,,,,3.861,3.859,3.864,,,,228.31,0.0,0.0,,,,,332.966,285.0,354.0,,,0.0,10559.0,10587.0,0.0,0.0,0.0,0.0,0.0,0.0,29.0,0.0,0.0,0.0,29.0,0.0,0.0,0.0,0.0,0.0,"solar2_v,lipo2_v"
2022-11-29T04:00:00Z,30.0,30.0,,,,,,,,,,,,,,,3.861,3.859,3.862,,,,228.267,0.0,0.0,,,,,326.667,281.0,347.0,,,0.0,10588.0,10617.0,0.0,0.0,0.0,0.0,0.0,0.0,30.0,0.0,0.0,0.0,30.0,0.0,0.0,0.0,0.0,0.0,"solar2_v,lipo2_v"
2022-11-29T05:00:00Z,29.0,29.0,,,,,,,,,,,,,,,3.859,3.857,3.861,,,,229.414,0.0,0.0,,,,,279.069,267.0,311.0,,,0.0,10618.0,10646.0,0.0,0.0,0.0,0.0,0.0,0.0,29.0,0.0,0.0,0.0,29.0,0.0,0.0,0.0,0.0,0.0,"solar2_v,lipo2_v"
2022-11-29T06:00:00Z,29.0,29.0,,,,,,,,,,,,,,,3.858,3.856,3.861,,,,230.379,0.0,0.0,,,,,270.207,266.0,278.0,,,0.0,10647.0,10675.0,0.0,0.0,0.0,0.0,0.0,0.0,29.0,0.0,0.0,0.0,29.0,0.0,0.0,0.0,0.0,0.0,"solar2_v,lipo2_v"
2022-11-29T07:00:00Z,29.0,29.0,,,,,,,,,,,,,,,3.857,3.854,3.861,,,,230.414,0.0,0.0,,,,,317.241,277.0,326.0,,,0.0,10676.0,10704.0,0.0,0.0,0.0,0.0,0.0,0.0,29.0,0.0,0.0,0.0,29.0,0.0,0.0,0.0,0.0,0.0,"solar2_v,lipo2_v"
2022-11-29T08:00:00Z,30.0,30.0,,,,,,,,,,,,,,,3.856,3.854,3.857,,,,230.9,0.0,0.0,,,,,316.1,311.0,318.0,,,0.0,10705.0,10734.0,0.0,0.0,0.0,0.0,0.0,0.0,30.0,0.0,0.0,0.0,30.0,0.0,0.0,0.0,0.0,0.0,"solar2_v,lipo2_v"
2022-11-29T09:00:00Z,29.0,29.0,,,,,,,,,,,,,,,3.856,3.854,3.857,,,,231.103,0.0,0.0,,,,,315.241,314.0,317.0,,,0.0,10735.0,10763.0,0.0,0.0,0.0,0.0,0.0,0.0,29.0,0.0,0.0,0.0,29.0,0.0,0.0,0.0,0.0,0.0,"solar2_v,lipo2_v"
2022-11-29T10:00:00Z,29.0,29.0,,,,,,,,,,,,,,,3.854,3.852,3.856,,,,231.207,0.0,0.0,,,,,313.966,313.0,314.0,,,0.0,10764.0,10792.0,0.0,0.0,0.0,0.0,0.0,0.0,29.0,0.0,0.0,0.0,29.0,0.0,0.0,0.0,0.0,0.0,"solar2_v,lipo2_v"
2022-11-29T11:00:00Z,29.0,29.0,,,,,,,,,,,,,,,3.853,3.852,3.856,,,,231.414,0.0,0.0,,,,,313.31,313.0,314.0,,,0.0,10793.0,10821.0,0.0,0.0,0.0,0.0,0.0,0.0,29.0,0.0,0.0,0.0,29.0,0.0,0.0,0.0,0.0,0.0,"solar2_v,lipo2_v"
2022-11-29T12:00:00Z,29.0,29.0,,,,,,,,,,,,,,,3.853,3.851,3.854,,,,231.379,0.0,0.0,,,,,313.034,313.0,314.0,,,0.0,10822.0,10850.0,0.0,0.0,0.0,0.0,0.0,0.0,29.0,0.0,0.0,0.0,29.0,0.0,0.0,0.0,0.0,0.0,"solar2_v,lipo2_v"
2022-11-29T13:00:00Z,30.0,30.0,,,,,,,,,,,,,,,3.853,3.851,3.854,,,,231.267,0.0,0.0,,,,,313.033,313.0,314.0,,,0.0,10851.0,10880.0,0.0,0.0,0.0,0.0,0.0,0.0,30.0,0.0,0.0,0.0,30.0,0.0,0.0,0.0,0.0,0.0,"solar2_v,lipo2_v"
2022-11-29T14:00:00Z,29.0,29.0,,,,,,,,,,,,,,,3.852,3.851,3.854,,,,231.483,0.0,0.0,,,,,313.069,313.0,314.0,,,0.0,10881.0,10909.0,0.0,0.0,0.0,0.0,0.0,0.0,29.0,0.0,0.0,0.0,29.0,0.0,0.0,0.0,0.0,0.0,"solar2_v,lipo2_v"
2022-11-29T15:00:00Z,29.0,29.0,,,,,,,,,,,,,,,3.852,3.849,3.854,,,,231.69,0.0,0.0,,,,,313.0,313.0,313.0,,,0.0,10910.0,10938.0,0.0,0.0,0.0,0.0,0.0,0.0,29.0,0.0,0.0,0.0,29.0,0.0,0.0,0.0,0.0,0.0,"solar2_v,lipo2_v"
2022-11-29T16:00:00Z,29.0,29.0,,,,,,,,,,,,,,,3.85,3.849,3.852,,,,231.759,0.0,0.0,,,,,312.897,312.0,313.0,,,0.0,10939.0,10967.0,0.0,0.0,0.0,0.0,0.0,0.0,29.0,0.0,0.0,0.0,29.0,0.0,0.0,0.0,0.0,0.0,"solar2_v,lipo2_v"
2022-11-29T17:00:00Z,29.0,29.0,,,,,,,,,,,,,,,3.85,3.847,3.852,,,,232.31,0.0,0.0,,,,,292.517,271.0,313.0,,,0.0,10968.0,10996.0,0.0,0.0,0.0,0.0,0.0,0.0,29.0,0.0,0.0,0.0,29.0,0.0,0.0,0.0,0.0,0.0,"solar2_v,lipo2_v"
2022-11-29T18:00:00Z,29.0,29.0,,,,,,,,,,,,,,,3.848,3.847,3.851,,,,232.138,0.0,0.0,,,,,304.379,277.0,309.0,,,0.0,10997.0,11026.0,0.0,0.0,0.0,0.0,0.0,0.0,29.0,0.0,0.0,0.0,29.0,0.0,0.0,0.0,0.0,0.0,"solar2_v,lipo2_v"
2022-11-29T19:00:00Z,29.0,29.0,,,,,,,,,,,,,,,3.848,3.846,3.851,,,,232.172,0.0,0.0,,,,,303.793,286.0,307.0,,,0.0,11027.0,11055.0,0.0,0.0,0.0,0.0,0.0,0.0,29.0,0.0,0.0,0.0,29.0,0.0,0.0,0.0,0.0,0.0,"solar2_v,lipo2_v"
2022-11-29T20:00:00Z,29.0,29.0,,,,,,,,,,,,,,,3.847,3.846,3.849,,,,232.276,0.0,0.0,,,,,284.621,272.0,298.0,,,0.0,11056.0,11084.0,0.0,0.0,0.0,0.0,0.0,0.0,29.0,0.0,0.0,0.0,29.0,0.0,0.0,0.0,0.0,0.0,"solar2_v,lipo2_v"
2022-11-29T21:00:00Z,29.0,29.0,,,,,,,,,,,,,,,3.847,3.844,3.849,,,,232.207,0.0,0.0,,,,,270.103,259.0,285.0,,,0.0,11085.0,11113.0,0.0,0.0,0.0,0.0,0.0,0.0,29.0,0.0,0.0,0.0,29.0,0.0,0.0,0.0,0.0,0.0,"solar2_v,lipo2_v"
2022-11-29T22:00:00Z,30.0,30.0,,,,,,,,,,,,,,,3.846,3.844,3.847,,,,232.267,0.0,0.0,,,,,264.9,259.0,285.0,,,0.0,11114.0,11143.0,0.0,0.0,0.0,0.0,0.0,0.0,30.0,0.0,0.0,0.0,30.0,0.0,0.0,0.0,0.0,0.0,"solar2_v,lipo2_v"
2022-11-29T23:00:00Z,28.0,28.0,,,,,,,,,,,,,,,3.846,3.842,3.847,,,,232.357,0.0,0.0,,,,,280.0,266.0,291.0,,,0.0,11144.0,11172.0,0.0,0.0,0.0,0.0,0.0,0.0,28.0,0.0,0.0,0.0,28.0,0.0,0.0,0.0,0.0,0.0,"solar2_v,lipo2_v"
2022-11-30T00:00:00Z,29.0,29.0,,,,,,,,,,,,,,,3.844,3.842,3.846,,,,232.276,0.0,0.0,,,,,275.414,267.0,284.0,,,0.0,11173.0,11201.0,0.0,0.0,0.0,0.0,0.0,0.0,29.0,0.0,0.0,0.0,29.0,0.0,0.0,0.0,0.0,0.0,"solar2_v,lipo2_v"
2022-11-30T01:00:00Z,29.0,29.0,,,,,,,,,,,,,,,3.844,3.842,3.846,,,,232.0,0.0,0.0,,,,,269.655,262.0,277.0,,,0.0,11202.0,11230.0,0.0,0.0,0.0,0.0,0.0,0.0,29.0,0.0,0.0,0.0,29.0,0.0,0.0,0.0,0.0,0.0,"solar2_v,lipo2_v"
2022-11-30T02:00:00Z,29.0,29.0,,,,,,,,,,,,,,,3.844,3.842,3.846,,,,230.138,0.0,0.0,,,,,284.483,254.0,331.0,,,0.0,11231.0,11259.0,0.0,0.0,0.0,0.0,0.0,0.0,29.0,0.0,0.0,0.0,29.0,0.0,0.0,0.0,0.0,0.0,"solar2_v,lipo2_v"
2022-11-30T03:00:00Z,30.0,30.0,,,,,,,,,,,,,,,3.844,3.842,3.847,,,,228.7,0.0,0.0,,,,,290.833,271.0,335.0,,,0.0,11260.0,11289.0,0.0,0.0,0.0,0.0,0.0,0.0,30.0,0.0,0.0,0.0,30.0,0.0,0.0,0.0,0.0,0.0,"solar2_v,lipo2_v"
2022-11-30T04:00:00Z,29.0,29.0,,,,,,,,,,,,,,,3.843,3.842,3.846,,,,228.448,0.0,0.0,,,,,289.552,279.0,306.0,,,0.0,11290.0,11318.0,0.0,0.0,0.0,0.0,0.0,0.0,29.0,0.0,0.0,0.0,29.0,0.0,0.0,0.0,0.0,0.0,"solar2_v,lipo2_v"
2022-11-30T05:00:00Z,29.0,29.0,,,,,,,,,,,,,,,3.842,3.841,3.844,,,,229.138,0.0,0.0,,,,,276.379,267.0,302.0,,,0.0,11319.0,11347.0,0.0,0.0,0.0,0.0,0.0,0.0,29.0,0.0,0.0,0.0,29.0,0.0,0.0,0.0,0.0,0.0,"solar2_v,lipo2_v"
2022-11-30T06:00:00Z,29.0,29.0,,,,,,,,,,,,,,,3.842,3.841,3.844,,,,230.138,0.0,0.0,,,,,266.966,262.0,273.0,,,0.0,11348.0,11376.0,0.0,0.0,0.0,0.0,0.0,0.0,29.0,0.0,0.0,0.0,29.0,0.0,0.0,0.0,0.0,0.0,"solar2_v,lipo2_v"
2022-11-30T07:00:00Z,30.0,30.0,,,,,,,,,,,,,,,3.842,3.841,3.842,,,,230.633,0.0,0.0,,,,,269.733,262.0,294.0,,,0.0,11377.0,11406.0,0.0,0.0,0.0,0.0,0.0,0.0,30.0,0.0,0.0,0.0,30.0,0.0,0.0,0.0,0.0,0.0,"solar2_v,lipo2_v"
2022-11-30T08:00:00Z,29.0,29.0,,,,,,,,,,,,,,,3.841,3.841,3.842,,,,230.414,0.0,0.0,,,,,260.345,259.0,269.0,,,0.0,11407.0,11435.0,0.0,0.0,0.0,0.0,0.0,0.0,29.0,0.0,0.0,0.0,29.0,0.0,0.0,0.0,0.0,0.0,"solar2_v,lipo2_v"
2022-11-30T09:00:00Z,26.0,26.0,,,,,,,,,,,,,,,3.841,3.839,3.842,,,,231.385,0.0,0.0,,,,,260.923,259.0,265.0,,,0.0,11436.0,11464.0,0.0,0.0,0.0,0.0,0.0,0.0,26.0,0.0,0.0,0.0,26.0,0.0,0.0,0.0,0.0,0.0,"solar2_v,lipo2_v"
2022-11-30T10:00:00Z,29.0,29.0,,,,,,,,,,,,,,,3.841,3.838,3.842,,,,231.483,0.0,0.0,,,,,259.552,259.0,262.0,,,0.0,11465.0,11493.0,0.0,0.0,0.0,0.0,0.0,0.0,29.0,0.0,0.0,0.0,29.0,0.0,0.0,0.0,0.0,0.0,"solar2_v,lipo2_v"
2022-11-30T11:00:00Z,29.0,29.0,,,,,,,,,,,,,,,3.839,3.838,3.841,,,,231.276,0.0,0.0,,,,,258.966,258.0,260.0,,,0.0,11494.0,11522.0,0.0,0.0,0.0,0.0,0.0,0.0,29.0,0.0,0.0,0.0,29.0,0.0,0.0,0.0,0.0,0.0,"solar2_v,lipo2_v"
2022-11-30T12:00:00Z,30.0,30.0,,,,,,,,,,,,,,,3.839,3.838,3.841,,,,231.6,0.0,0.0,,,,,258.8,258.0,260.0,,,0.0,11523.0,11552.0,0.0,0.0,0.0,0.0,0.0,0.0,30.0,0.0,0.0,0.0,30.0,0.0,0.0,0.0,0.0,0.0,"solar2_v,lipo2_v"
2022-11-30T13:00:00Z,29.0,29.0,,,,,,,,,,,,,,,3.838,3.836,3.841,,,,231.621,0.0,0.0,,,,,258.379,257.0,259.0,,,0.0,11553.0,11581.0,0.0,0.0,0.0,0.0,0.0,0.0,29.0,0.0,0.0,0.0,29.0,0.0,0.0,0.0,0.0,0.0,"solar2_v,lipo2_v"
2022-11-30T14:00:00Z,29.0,29.0,,,,,,,,,,,,,,,3.838,3.834,3.839,,,,231.552,0.0,0.0,,,,,257.724,257.0,258.0,,,0.0,11582.0,11610.0,0.0,0.0,0.0,0.0,0.0,0.0,29.0,0.0,0.0,0.0,29.0,0.0,0.0,0.0,0.0,0.0,"solar2_v,lipo2_v"
2022-11-30T15:00:00Z,29.0,29.0,,,,,,,,,,,,,,,3.836,3.834,3.838,,,,231.828,0.0,0.0,,,,,254.828,244.0,259.0,,,0.0,11611.0,11639.0,0.0,0.0,0.0,0.0,0.0,0.0,29.0,0.0,0.0,0.0,29.0,0.0,0.0,0.0,0.0,0.0,"solar2_v,lipo2_v"
2022-11-30T16:00:00Z,29.0,29.0,,,,,,,,,,,,,,,3.835,3.833,3.836,,,,233.966,0.0,0.0,,,,,238.034,229.0,246.0,,,0.0,11640.0,11668.0,0.0,0.0,0.0,0.0,0.0,0.0,29.0,0.0,0.0,0.0,29.0,0.0,0.0,0.0,0.0,0.0,"solar2_v,lipo2_v"
2022-11-30T17:00:00Z,30.0,30.0,,,,,,,,,,,,,,,3.833,3.831,3.836,,,,234.933,0.0,0.0,,,,,233.333,229.0,243.0,,,0.0,11669.0,11698.0,0.0,0.0,0.0,0.0,0.0,0.0,30.0,0.0,0.0,0.0,30.0,0.0,0.0,0.0,0.0,0.0,"solar2_v,lipo2_v"
2022-11-30T18:00:00Z,29.0,29.0,,,,,,,,,,,,,,,3.833,3.831,3.834,,,,233.966,0.0,0.0,,,,,227.552,214.0,245.0,,,0.0,11699.0,11727.0,0.0,0.0,0.0,0.0,0.0,0.0,29.0,0.0,0.0,0.0,29.0,0.0,0.0,0.0,0.0,0.0,"solar2_v,lipo2_v"
2022-11-30T19:00:00Z,29.0,29.0,,,,,,,,,,,,,,,3.833,3.829,3.834,,,,232.862,0.0,0.0,,,,,242.828,238.0,250.0,,,0.0,11728.0,11756.0,0.0,0.0,0.0,0.0,0.0,0.0,29.0,0.0,0.0,0.0,29.0,0.0,0.0,0.0,0.0,0.0,"solar2_v,lipo2_v"
2022-11-30T20:00:00Z,29.0,29.0,,,,,,,,,,,,,,,3.832,3.829,3.834,,,,232.448,0.0,0.0,,,,,243.655,236.0,252.0,,,0.0,11757.0,11785.0,0.0,0.0,0.0,0.0,0.0,0.0,29.0,0.0,0.0,0.0,29.0,0.0,0.0,0.0,0.0,0.0,"solar2_v,lipo2_v"
2022-11-30T21:00:00Z,29.0,29.0,,,,,,,,,,,,,,,3.831,3.829,3.834,,,,232.241,0.0,0.0,,,,,245.448,242.0,247.0,,,0.0,11786.0,11814.0,0.0,0.0,0.0,0.0,0.0,0.0,29.0,0.0,0.0,0.0,29.0,0.0,0.0,0.0,0.0,0.0,"solar2_v,lipo2_v"
2022-11-30T22:00:00Z,30.0,30.0,,,,,,,,,,,,,,,3.83,3.828,3.831,,,,232.033,0.0,0.0,,,,,250.367,247.0,258.0,,,0.0,11815.0,11844.0,0.0,0.0,0.0,0.0,0.0,0.0,30.0,0.0,0.0,0.0,30.0,0.0,0.0,0.0,0.0,0.0,"solar2_v,lipo2_v"
2022-11-30T23:00:00Z,28.0,28.0,,,,,,,,,,,,,,,3.83,3.828,3.833,,,,232.214,0.0,0.0,,,,,246.643,244.0,256.0,,,0.0,11845.0,11873.0,0.0,0.0,0.0,0.0,0.0,0.0,28.0,0.0,0.0,0.0,28.0,0.0,0.0,0.0,0.0,0.0,"solar2_v,lipo2_v"
2022-12-01T00:00:00Z,29.0,29.0,,,,,,,,,,,,,,,3.829,3.828,3.831,,,,232.172,0.0,0.0,,,,,250.448,246.0,257.0,,,0.0,11874.0,11902.0,0.0,0.0,0.0,0.0,0.0,0.0,29.0,0.0,0.0,0.0,29.0,0.0,0.0,0.0,0.0,0.0,"solar2_v,lipo2_v"
2022-12-01T01:00:00Z,29.0,29.0,,,,,,,,,,,,,,,3.828,3.826,3.829,,,,232.207,0.0,0.0,,,,,250.138,244.0,259.0,,,0.0,11903.0,11931.0,0.0,0.0,0.0,0.0,0.0,0.0,29.0,0.0,0.0,0.0,29.0,0.0,0.0,0.0,0.0,0.0,"solar2_v,lipo2_v"
2022-12-01T02:00:00Z,29.0,29.0,,,,,,,,,,,,,,,3.828,3.826,3.829,,,,231.31,0.0,0.0,,,,,257.276,252.0,261.0,,,0.0,11932.0,11960.0,0.0,0.0,0.0,0.0,0.0,0.0,29.0,0.0,0.0,0.0,29.0,0.0,0.0,0.0,0.0,0.0,"solar2_v,lipo2_v"
2022-12-01T03:00:00Z,30.0,30.0,,,,,,,,,,,,,,,3.828,3.826,3.829,,,,230.7,0.0,0.0,,,,,262.233,259.0,270.0,,,0.0,11961.0,11990.0,0.0,0.0,0.0,0.0,0.0,0.0,30.0,0.0,0.0,0.0,30.0,0.0,0.0,0.0,0.0,0.0,"solar2_v,lipo2_v"
2022-12-01T04:00:00Z,28.0,28.0,,,,,,,,,,,,,,,3.828,3.826,3.829,,,,230.25,0.0,0.0,,,,,265.679,260.0,272.0,,,0.0,11991.0,12019.0,0.0,0.0,0.0,0.0,0.0,0.0,28.0,0.0,0.0,0.0,28.0,0.0,0.0,0.0,0.0,0.0,"solar2_v,lipo2_v"
2022-12-01T05:00:00Z,29.0,29.0,,,,,,,,,,,,,,,3.827,3.824,3.828,,,,230.034,0.0,0.0,,,,,259.034,255.0,266.0,,,0.0,12020.0,12048.0,0.0,0.0,0.0,0.0,0.0,0.0,29.0,0.0,0.0,0.0,29.0,0.0,0.0,0.0,0.0,0.0,"solar2_v,lipo2_v"
2022-12-01T06:00:00Z,29.0,29.0,,,,,,,,,,,,,,,3.826,3.824,3.828,,,,230.517,0.0,0.0,,,,,254.034,251.0,256.0,,,0.0,12049.0,12077.0,0.0,0.0,0.0,0.0,0.0,0.0,29.0,0.0,0.0,0.0,29.0,0.0,0.0,0.0,0.0,0.0,"solar2_v,lipo2_v"
2022-12-01T07:00:00Z,30.0,30.0,,,,,,,,,,,,,,,3.825,3.824,3.828,,,,230.7,0.0,0.0,,,,,252.8,251.0,256.0,,,0.0,12078.0,12107.0,0.0,0.0,0.0,0.0,0.0,0.0,30.0,0.0,0.0,0.0,30.0,0.0,0.0,0.0,0.0,0.0,"solar2_v,lipo2_v"
2022-12-01T08:00:00Z,29.0,29.0,,,,,,,,,,,,,,,3.824,3.823,3.828,,,,230.69,0.0,0.0,,,,,252.793,251.0,256.0,,,0.0,12108.0,12136.0,0.0,0.0,0.0,0.0,0.0,0.0,29.0,0.0,0.0,0.0,29.0,0.0,0.0,0.0,0.0,0.0,"solar2_v,lipo2_v"
2022-12-01T09:00:00Z,29.0,29.0,,,,,,,,,,,,,,,3.823,3.821,3.826,,,,231.276,0.0,0.0,,,,,251.207,249.0,252.0,,,0.0,12137.0,12165.0,0.0,0.0,0.0,0.0,0.0,0.0,29.0,0.0,0.0,0.0,29.0,0.0,0.0,0.0,0.0,0.0,"solar2_v,lipo2_v"
2022-12-01T10:00:00Z,27.0,27.0,,,,,,,,,,,,,,,3.822,3.821,3.824,,,,231.37,0.0,0.0,,,,,252.296,250.0,255.0,,,0.0,12166.0,12194.0,0.0,0.0,0.0,0.0,0.0,0.0,27.0,0.0,0.0,0.0,27.0,0.0,0.0,0.0,0.0,0.0,"solar2_v,lipo2_v"
2022-12-01T11:00:00Z,7.0,7.0,,,,,,,,,,,,,,,3.82,3.819,3.821,,,,230.857,0.0,0.0,,,,,250.571,246.0,255.0,,,0.0,12195.0,12221.0,0.0,0.0,0.0,0.0,0.0,0.0,7.0,0.0,0.0,0.0,7.0,0.0,0.0,0.0,0.0,0.0,"solar2_v,lipo2_v"
2022-12-01T12:00:00Z,29.0,29.0,,,,,,,,,,,,,,,3.82,3.818,3.821,,,,231.345,0.0,0.0,,,,,248.552,246.0,252.0,,,0.0,12222.0,12250.0,0.0,0.0,0.0,0.0,0.0,0.0,29.0,0.0,0.0,0.0,29.0,0.0,0.0,0.0,0.0,0.0,"solar2_v,lipo2_v"
2022-12-01T13:00:00Z,29.0,29.0,,,,,,,,,,,,,,,3.819,3.818,3.821,,,,231.241,0.0,0.0,,,,,249.207,247.0,254.0,,,0.0,12251.0,12279.0,0.0,0.0,0.0,0.0,0.0,0.0,29.0,0.0,0.0,0.0,29.0,0.0,0.0,0.0,0.0,0.0,"solar2_v,lipo2_v"
2022-12-01T14:00:00Z,30.0,30.0,,,,,,,,,,,,,,,3.819,3.818,3.821,,,,231.667,0.0,0.0,,,,,246.5,246.0,249.0,,,0.0,12280.0,12309.0,0.0,0.0,0.0,0.0,0.0,0.0,30.0,0.0,0.0,0.0,30.0,0.0,0.0,0.0,0.0,0.0,"solar2_v,lipo2_v"
2022-12-01T15:00:00Z,29.0,29.0,,,,,,,,,,,,,,,3.818,3.818,3.819,,,,231.069,0.0,0.0,,,,,245.759,244.0,247.0,,,0.0,12310.0,12338.0,0.0,0.0,0.0,0.0,0.0,0.0,29.0,0.0,0.0,0.0,29.0,0.0,0.0,0.0,0.0,0.0,"solar2_v,lipo2_v"
2022-12-01T16:00:00Z,29.0,29.0,,,,,,,,,,,,,,,3.818,3.818,3.819,,,,231.241,0.0,0.0,,,,,245.793,244.0,247.0,,,0.0,12339.0,12367.0,0.0,0.0,0.0,0.0,0.0,0.0,29.0,0.0,0.0,0.0,29.0,0.0,0.0,0.0,0.0,0.0,"solar2_v,lipo2_v"
2022-12-01T17:00:00Z,29.0,29.0,,,,,,,,,,,,,,,3.818,3.816,3.819,,,,231.69,0.0,0.0,,,,,245.828,245.0,246.0,,,0.0,12368.0,12396.0,0.0,0.0,0.0,0.0,0.0,0.0,29.0,0.0,0.0,0.0,29.0,0.0,0.0,0.0,0.0,0.0,"solar2_v,lipo2_v"
2022-12-01T18:00:00Z,30.0,30.0,,,,,,,,,,,,,,,3.818,3.816,3.818,,,,231.467,0.0,0.0,,,,,246.6,246.0,249.0,,,0.0,12397.0,12426.0,0.0,0.0,0.0,0.0,0.0,0.0,30.0,0.0,0.0,0.0,30.0,0.0,0.0,0.0,0.0,0.0,"solar2_v,lipo2_v"
2022-12-01T19:00:00Z,29.0,29.0,,,,,,,,,,,,,,,3.817,3.816,3.818,,,,231.586,0.0,0.0,,,,,246.862,246.0,249.0,,,0.0,12427.0,12455.0,0.0,0.0,0.0,0.0,0.0,0.0,29.0,0.0,0.0,0.0,29.0,0.0,0.0,0.0,0.0,0.0,"solar2_v,lipo2_v"
2022-12-01T20:00:00Z,29.0,29.0,,,,,,,,,,,,,,,3.816,3.816,3.818,,,,231.966,0.0,0.0,,,,,247.483,246.0,251.0,,,0.0,12456.0,12484.0,0.0,0.0,0.0,0.0,0.0,0.0,29.0,0.0,0.0,0.0,29.0,0.0,0.0,0.0,0.0,0.0,"solar2_v,lipo2_v"
2022-12-01T21:00:00Z,29.0,29.0,,,,,,,,,,,,,,,3.816,3.816,3.816,,,,231.828,0.0,0.0,,,,,248.034,247.0,252.0,,,0.0,12485.0,12513.0,0.0,0.0,0.0,0.0,0.0,0.0,29.0,0.0,0.0,0.0,29.0,0.0,0.0,0.0,0.0,0.0,"solar2_v,lipo2_v"
2022-12-01T22:00:00Z,29.0,29.0,,,,,,,,,,,,,,,3.816,3.814,3.818,,,,231.724,0.0,0.0,,,,,247.759,246.0,252.0,,,0.0,12514.0,12542.0,0.0,0.0,0.0,0.0,0.0,0.0,29.0,0.0,0.0,0.0,29.0,0.0,0.0,0.0,0.0,0.0,"solar2_v,lipo2_v"
2022-12-01T23:00:00Z,30.0,30.0,,,,,,,,,,,,,,,3.816,3.814,3.816,,,,231.767,0.0,0.0,,,,,248.267,247.0,252.0,,,0.0,12543.0,12572.0,0.0,0.0,0.0,0.0,0.0,0.0,30.0,0.0,0.0,0.0,30.0,0.0,0.0,0.0,0.0,0.0,"solar2_v,lipo2_v"
2022-12-02T00:00:00Z,29.0,29.0,,,,,,,,,,,,,,,3.816,3.814,3.816,,,,231.655,0.0,0.0,,,,,248.759,246.0,255.0,,,0.0,12573.0,12601.0,0.0,0.0,0.0,0.0,0.0,0.0,29.0,0.0,0.0,0.0,29.0,0.0,0.0,0.0,0.0,0.0,"solar2_v,lipo2_v"
2022-12-02T01:00:00Z,29.0,29.0,,,,,,,,,,,,,,,3.815,3.814,3.816,,,,231.207,0.0,0.0,,,,,248.552,245.0,257.0,,,0.0,12602.0,12630.0,0.0,0.0,0.0,0.0,0.0,0.0,29.0,0.0,0.0,0.0,29.0,0.0,0.0,0.0,0.0,0.0,"solar2_v,lipo2_v"
2022-12-02T02:00:00Z,29.0,29.0,,,,,,,,,,,,,,,3.814,3.814,3.816,,,,231.0,0.0,0.0,,,,,244.0,237.0,252.0,,,0.0,12631.0,12659.0,0.0,0.0,0.0,0.0,0.0,0.0,29.0,0.0,0.0,0.0,29.0,0.0,0.0,0.0,0.0,0.0,"solar2_v,lipo2_v"
2022-12-02T03:00:00Z,29.0,29.0,,,,,,,,,,,,,,,3.814,3.813,3.816,,,,230.276,0.0,0.0,,,,,248.0,236.0,263.0,,,0.0,12660.0,12688.0,0.0,0.0,0.0,0.0,0.0,0.0,29.0,0.0,0.0,0.0,29.0,0.0,0.0,0.0,0.0,0.0,"solar2_v,lipo2_v"
2022-12-02T04:00:00Z,30.0,30.0,,,,,,,,,,,,,,,3.814,3.814,3.816,,,,229.367,0.0,0.0,,,,,265.733,259.0,272.0,,,0.0,12689.0,12718.0,0.0,0.0,0.0,0.0,0.0,0.0,30.0,0.0,0.0,0.0,30.0,0.0,0.0,0.0,0.0,0.0,"solar2_v,lipo2_v"
2022-12-02T05:00:00Z,29.0,29.0,,,,,,,,,,,,,,,3.814,3.813,3.816,,,,230.379,0.0,0.0,,,,,262.828,259.0,269.0,,,0.0,12719.0,12747.0,0.0,0.0,0.0,0.0,0.0,0.0,29.0,0.0,0.0,0.0,29.0,0.0,0.0,0.0,0.0,0.0,"solar2_v,lipo2_v"
2022-12-02T06:00:00Z,29.0,29.0,,,,,,,,,,,,,,,3.813,3.811,3.814,,,,230.414,0.0,0.0,,,,,265.241,261.0,270.0,,,0.0,12748.0,12776.0,0.0,0.0,0.0,0.0,0.0,0.0,29.0,0.0,0.0,0.0,29.0,0.0,0.0,0.0,0.0,0.0,"solar2_v,lipo2_v"
2022-12-02T07:00:00Z,27.0,27.0,,,,,,,,,,,,,,,3.812,3.809,3.814,,,,230.926,0.0,0.0,,,,,262.222,259.0,270.0,,,0.0,12777.0,12805.0,0.0,0.0,0.0,0.0,0.0,0.0,27.0,0.0,0.0,0.0,27.0,0.0,0.0,0.0,0.0,0.0,"solar2_v,lipo2_v"
2022-12-02T08:00:00Z,30.0,30.0,,,,,,,,,,,,,,,3.811,3.808,3.813,,,,231.0,0.0,0.0,,,,,259.8,258.0,268.0,,,0.0,12806.0,12835.0,0.0,0.0,0.0,0.0,0.0,0.0,30.0,0.0,0.0,0.0,30.0,0.0,0.0,0.0,0.0,0.0,"solar2_v,lipo2_v"
2022-12-02T09:00:00Z,29.0,29.0,,,,,,,,,,,,,,,3.81,3.808,3.813,,,,231.207,0.0,0.0,,,,,257.793,257.0,259.0,,,0.0,12836.0,12864.0,0.0,0.0,0.0,0.0,0.0,0.0,29.0,0.0,0.0,0.0,29.0,0.0,0.0,0.0,0.0,0.0,"solar2_v,lipo2_v"
2022-12-02T10:00:00Z,29.0,29.0,,,,,,,,,,,,,,,3.809,3.808,3.811,,,,231.31,0.0,0.0,,,,,258.241,257.0,259.0,,,0.0,12865.0,12893.0,0.0,0.0,0.0,0.0,0.0,0.0,29.0,0.0,0.0,0.0,29.0,0.0,0.0,0.0,0.0,0.0,"solar2_v,lipo2_v"
2022-12-02T11:00:00Z,29.0,29.0,,,,,,,,,,,,,,,3.809,3.808,3.811,,,,231.483,0.0,0.0,,,,,257.31,255.0,259.0,,,0.0,12894.0,12922.0,0.0,0.0,0.0,0.0,0.0,0.0,29.0,0.0,0.0,0.0,29.0,0.0,0.0,0.0,0.0,0.0,"solar2_v,lipo2_v"
2022-12-02T12:00:00Z,29.0,29.0,,,,,,,,,,,,,,,3.808,3.806,3.809,,,,231.586,0.0,0.0,,,,,255.31,252.0,258.0,,,0.0,12923.0,12951.0,0.0,0.0,0.0,0.0,0.0,0.0,29.0,0.0,0.0,0.0,29.0,0.0,0.0,0.0,0.0,0.0,"solar2_v,lipo2_v"
2022-12-02T13:00:00Z,30.0,30.0,,,,,,,,,,,,,,,3.807,3.805,3.809,,,,231.567,0.0,0.0,,,,,252.967,251.0,255.0,,,0.0,12952.0,12981.0,0.0,0.0,0.0,0.0,0.0,0.0,30.0,0.0,0.0,0.0,30.0,0.0,0.0,0.0,0.0,0.0,"solar2_v,lipo2_v"
2022-12-02T14:00:00Z,29.0,29.0,,,,,,,,,,,,,,,3.805,3.803,3.808,,,,231.759,0.0,0.0,,,,,251.379,248.0,253.0,,,0.0,12982.0,13010.0,0.0,0.0,0.0,0.0,0.0,0.0,29.0,0.0,0.0,0.0,29.0,0.0,0.0,0.0,0.0,0.0,"solar2_v,lipo2_v"
2022-12-02T15:00:00Z,29.0,29.0,,,,,,,,,,,,,,,3.804,3.803,3.808,,,,231.655,0.0,0.0,,,,,249.759,247.0,253.0,,,0.0,13011.0,13039.0,0.0,0.0,0.0,0.0,0.0,0.0,29.0,0.0,0.0,0.0,29.0,0.0,0.0,0.0,0.0,0.0,"solar2_v,lipo2_v"
2022-12-02T16:00:00Z,29.0,29.0,,,,,,,,,,,,,,,3.803,3.801,3.805,,,,231.897,0.0,0.0,,,,,251.172,249.0,253.0,,,0.0,13040.0,13068.0,0.0,0.0,0.0,0.0,0.0,0.0,29.0,0.0,0.0,0.0,29.0,0.0,0.0,0.0,0.0,0.0,"solar2_v,lipo2_v"
2022-12-02T17:00:00Z,30.0,30.0,,,,,,,,,,,,,,,3.801,3.8,3.803,,,,231.567,0.0,0.0,,,,,251.467,249.0,254.0,,,0.0,13069.0,13098.0,0.0,0.0,0.0,0.0,0.0,0.0,30.0,0.0,0.0,0.0,30.0,0.0,0.0,0.0,0.0,0.0,"solar2_v,lipo2_v"
2022-12-02T18:00:00Z,29.0,29.0,,,,,,,,,,,,,,,3.801,3.8,3.803,,,,231.897,0.0,0.0,,,,,251.207,248.0,255.0,,,0.0,13099.0,13127.0,0.0,0.0,0.0,0.0,0.0,0.0,29.0,0.0,0.0,0.0,29.0,0.0,0.0,0.0,0.0,0.0,"solar2_v,lipo2_v"
2022-12-02T19:00:00Z,29.0,29.0,,,,,,,,,,,,,,,3.8,3.798,3.801,,,,232.103,0.0,0.0,,,,,250.172,248.0,253.0,,,0.0,13128.0,13156.0,0.0,0.0,0.0,0.0,0.0,0.0,29.0,0.0,0.0,0.0,29.0,0.0,0.0,0.0,0.0,0.0,"solar2_v,lipo2_v"
2022-12-02T20:00:00Z,29.0,29.0,,,,,,,,,,,,,,,3.798,3.796,3.801,,,,232.069,0.0,0.0,,,,,252.552,250.0,255.0,,,0.0,13157.0,13185.0,0.0,0.0,0.0,0.0,0.0,0.0,29.0,0.0,0.0,0.0,29.0,0.0,0.0,0.0,0.0,0.0,"solar2_v,lipo2_v"
2022-12-02T21:00:00Z,29.0,29.0,,,,,,,,,,,,,,,3.797,3.795,3.8,,,,232.103,0.0,0.0,,,,,252.172,250.0,254.0,,,0.0,13186.0,13214.0,0.0,0.0,0.0,0.0,0.0,0.0,29.0,0.0,0.0,0.0,29.0,0.0,0.0,0.0,0.0,0.0,"solar2_v,lipo2_v"
2022-12-02T22:00:00Z,30.0,30.0,,,,,,,,,,,,,,,3.795,3.795,3.796,,,,232.267,0.0,0.0,,,,,249.567,247.0,253.0,,,0.0,13215.0,13244.0,0.0,0.0,0.0,0.0,0.0,0.0,30.0,0.0,0.0,0.0,30.0,0.0,0.0,0.0,0.0,0.0,"solar2_v,lipo2_v"
2022-12-02T23:00:00Z,28.0,28.0,,,,,,,,,,,,,,,3.795,3.793,3.796,,,,232.107,0.0,0.0,,,,,247.107,246.0,250.0,,,0.0,13245.0,13273.0,0.0,0.0,0.0,0.0,0.0,0.0,28.0,0.0,0.0,0.0,28.0,0.0,0.0,0.0,0.0,0.0,"solar2_v,lipo2_v"
2022-12-03T00:00:00Z,29.0,29.0,,,,,,,,,,,,,,,3.795,3.793,3.796,,,,231.759,0.0,0.0,,,,,245.655,244.0,247.0,,,0.0,13274.0,13302.0,0.0,0.0,0.0,0.0,0.0,0.0,29.0,0.0,0.0,0.0,29.0,0.0,0.0,0.0,0.0,0.0,"solar2_v,lipo2_v"
2022-12-03T01:00:00Z,29.0,29.0,,,,,,,,,,,,,,,3.794,3.791,3.795,,,,231.448,0.0,0.0,,,,,242.897,239.0,246.0,,,0.0,13303.0,13331.0,0.0,0.0,0.0,0.0,0.0,0.0,29.0,0.0,0.0,0.0,29.0,0.0,0.0,0.0,0.0,0.0,"solar2_v,lipo2_v"
2022-12-03T02:00:00Z,29.0,29.0,,,,,,,,,,,,,,,3.792,3.791,3.795,,,,230.966,0.0,0.0,,,,,236.69,234.0,242.0,,,0.0,13332.0,13360.0,0.0,0.0,0.0,0.0,0.0,0.0,29.0,0.0,0.0,0.0,29.0,0.0,0.0,0.0,0.0,0.0,"solar2_v,lipo2_v"
2022-12-03T03:00:00Z,30.0,30.0,,,,,,,,,,,,,,,3.792,3.791,3.793,,,,230.767,0.0,0.0,,,,,234.967,233.0,238.0,,,0.0,13361.0,13390.0,0.0,0.0,0.0,0.0,0.0,0.0,30.0,0.0,0.0,0.0,30.0,0.0,0.0,0.0,0.0,0.0,"solar2_v,lipo2_v"
2022-12-03T04:00:00Z,29.0,29.0,,,,,,,,,,,,,,,3.791,3.79,3.791,,,,231.138,0.0,0.0,,,,,236.31,233.0,243.0,,,0.0,13391.0,13419.0,0.0,0.0,0.0,0.0,0.0,0.0,29.0,0.0,0.0,0.0,29.0,0.0,0.0,0.0,0.0,0.0,"solar2_v,lipo2_v"
2022-12-03T05:00:00Z,29.0,29.0,,,,,,,,,,,,,,,3.79,3.79,3.791,,,,230.621,0.0,0.0,,,,,232.517,230.0,235.0,,,0.0,13420.0,13448.0,0.0,0.0,0.0,0.0,0.0,0.0,29.0,0.0,0.0,0.0,29.0,0.0,0.0,0.0,0.0,0.0,"solar2_v,lipo2_v"
2022-12-03T06:00:00Z,29.0,29.0,,,,,,,,,,,,,,,3.79,3.788,3.79,,,,230.552,0.0,0.0,,,,,231.241,230.0,232.0,,,0.0,13449.0,13477.0,0.0,0.0,0.0,0.0,0.0,0.0,29.0,0.0,0.0,0.0,29.0,0.0,0.0,0.0,0.0,0.0,"solar2_v,lipo2_v"
2022-12-03T07:00:00Z,30.0,30.0,,,,,,,,,,,,,,,3.789,3.788,3.79,,,,230.967,0.0,0.0,,,,,231.033,229.0,233.0,,,0.0,13478.0,13507.0,0.0,0.0,0.0,0.0,0.0,0.0,30.0,0.0,0.0,0.0,30.0,0.0,0.0,0.0,0.0,0.0,"solar2_v,lipo2_v"
2022-12-03T08:00:00Z,29.0,29.0,,,,,,,,,,,,,,,3.788,3.786,3.79,,,,230.897,0.0,0.0,,,,,230.724,228.0,233.0,,,0.0,13508.0,13536.0,0.0,0.0,0.0,0.0,0.0,0.0,29.0,0.0,0.0,0.0,29.0,0.0,0.0,0.0,0.0,0.0,"solar2_v,lipo2_v"
2022-12-03T09:00:00Z,29.0,29.0,,,,,,,,,,,,,,,3.787,3.786,3.788,,,,231.207,0.0,0.0,,,,,231.483,230.0,233.0,,,0.0,13537.0,13565.0,0.0,0.0,0.0,0.0,0.0,0.0,29.0,0.0,0.0,0.0,29.0,0.0,0.0,0.0,0.0,0.0,"solar2_v,lipo2_v"
2022-12-03T10:00:00Z,29.0,29.0,,,,,,,,,,,,,,,3.785,3.781,3.788,,,,231.448,0.0,0.0,,,,,232.897,231.0,234.0,,,0.0,13566.0,13594.0,0.0,0.0,0.0,0.0,0.0,0.0,29.0,0.0,0.0,0.0,29.0,0.0,0.0,0.0,0.0,0.0,"solar2_v,lipo2_v"
2022-12-03T11:00:00Z,29.0,29.0,,,,,,,,,,,,,,,3.783,3.78,3.786,,,,231.552,0.0,0.0,,,,,232.759,231.0,234.0,,,0.0,13595.0,13623.0,0.0,0.0,0.0,0.0,0.0,0.0,29.0,0.0,0.0,0.0,29.0,0.0,0.0,0.0,0.0,0.0,"solar2_v,lipo2_v"
2022-12-03T12:00:00Z,30.0,30.0,,,,,,,,,,,,,,,3.781,3.778,3.785,,,,231.633,0.0,0.0,,,,,233.333,233.0,234.0,,,0.0,13624.0,13653.0,0.0,0.0,0.0,0.0,0.0,0.0,30.0,0.0,0.0,0.0,30.0,0.0,0.0,0.0,0.0,0.0,"solar2_v,lipo2_v"
2022-12-03T13:00:00Z,29.0,29.0,,,,,,,,,,,,,,,3.78,3.778,3.783,,,,232.069,0.0,0.0,,,,,236.931,234.0,238.0,,,0.0,13654.0,13682.0,0.0,0.0,0.0,0.0,0.0,0.0,29.0,0.0,0.0,0.0,29.0,0.0,0.0,0.0,0.0,0.0,"solar2_v,lipo2_v"
2022-12-03T14:00:00Z,29.0,29.0,,,,,,,,,,,,,,,3.778,3.775,3.781,,,,232.414,0.0,0.0,,,,,239.448,238.0,242.0,,,0.0,13683.0,13711.0,0.0,0.0,0.0,0.0,0.0,0.0,29.0,0.0,0.0,0.0,29.0,0.0,0.0,0.0,0.0,0.0,"solar2_v,lipo2_v"
2022-12-03T15:00:00Z,29.0,29.0,,,,,,,,,,,,,,,3.776,3.775,3.778,,,,232.103,0.0,0.0,,,,,242.69,240.0,246.0,,,0.0,13712.0,13740.0,0.0,0.0,0.0,0.0,0.0,0.0,29.0,0.0,0.0,0.0,29.0,0.0,0.0,0.0,0.0,0.0,"solar2_v,lipo2_v"
2022-12-03T16:00:00Z,30.0,30.0,,,,,,,,,,,,,,,3.774,3.773,3.776,,,,232.267,0.0,0.0,,,,,245.3,243.0,249.0,,,0.0,13741.0,13770.0,0.0,0.0,0.0,0.0,0.0,0.0,30.0,0.0,0.0,0.0,30.0,0.0,0.0,0.0,0.0,0.0,"solar2_v,lipo2_v"
2022-12-03T17:00:00Z,29.0,29.0,,,,,,,,,,,,,,,3.772,3.77,3.773,,,,232.172,0.0,0.0,,,,,249.103,246.0,252.0,,,0.0,13771.0,13799.0,0.0,0.0,0.0,0.0,0.0,0.0,29.0,0.0,0.0,0.0,29.0,0.0,0.0,0.0,0.0,0.0,"solar2_v,lipo2_v"
2022-12-03T18:00:00Z,29.0,29.0,,,,,,,,,,,,,,,3.772,3.768,3.773,,,,232.655,0.0,0.0,,,,,249.621,247.0,254.0,,,0.0,13800.0,13828.0,0.0,0.0,0.0,0.0,0.0,0.0,29.0,0.0,0.0,0.0,29.0,0.0,0.0,0.0,0.0,0.0,"solar2_v,lipo2_v"
2022-12-03T19:00:00Z,29.0,29.0,,,,,,,,,,,,,,,3.769,3.767,3.772,,,,232.552,0.0,0.0,,,,,247.897,247.0,252.0,,,0.0,13829.0,13857.0,0.0,0.0,0.0,0.0,0.0,0.0,29.0,0.0,0.0,0.0,29.0,0.0,0.0,0.0,0.0,0.0,"solar2_v,lipo2_v"
2022-12-03T20:00:00Z,29.0,29.0,,,,,,,,,,,,,,,3.768,3.767,3.77,,,,232.379,0.0,0.0,,,,,249.103,247.0,251.0,,,0.0,13858.0,13886.0,0.0,0.0,0.0,0.0,0.0,0.0,29.0,0.0,0.0,0.0,29.0,0.0,0.0,0.0,0.0,0.0,"solar2_v,lipo2_v"
2022-12-03T21:00:00Z,30.0,30.0,,,,,,,,,,,,,,,3.767,3.765,3.768,,,,232.533,0.0,0.0,,,,,248.2,247.0,251.0,,,0.0,13887.0,13916.0,0.0,0.0,0.0,0.0,0.0,0.0,30.0,0.0,0.0,0.0,30.0,0.0,0.0,0.0,0.0,0.0,"solar2_v,lipo2_v"
2022-12-03T22:00:00Z,29.0,29.0,,,,,,,,,,,,,,,3.766,3.765,3.767,,,,232.448,0.0,0.0,,,,,248.0,246.0,251.0,,,0.0,13917.0,13945.0,0.0,0.0,0.0,0.0,0.0,0.0,29.0,0.0,0.0,0.0,29.0,0.0,0.0,0.0,0.0,0.0,"solar2_v,lipo2_v"
2022-12-03T23:00:00Z,29.0,29.0,,,,,,,,,,,,,,,3.765,3.763,3.767,,,,232.448,0.0,0.0,,,,,246.69,245.0,248.0,,,0.0,13946.0,13974.0,0.0,0.0,0.0,0.0,0.0,0.0,29.0,0.0,0.0,0.0,29.0,0.0,0.0,0.0,0.0,0.0,"solar2_v,lipo2_v"
2022-12-04T00:00:00Z,29.0,29.0,,,,,,,,,,,,,,,3.764,3.763,3.765,,,,232.759,0.0,0.0,,,,,245.621,244.0,247.0,,,0.0,13975.0,14003.0,0.0,0.0,0.0,0.0,0.0,0.0,29.0,0.0,0.0,0.0,29.0,0.0,0.0,0.0,0.0,0.0,"solar2_v,lipo2_v"
2022-12-04T01:00:00Z,30.0,30.0,,,,,,,,,,,,,,,3.763,3.763,3.765,,,,232.267,0.0,0.0,,,,,243.7,241.0,246.0,,,0.0,14004.0,14033.0,0.0,0.0,0.0,0.0,0.0,0.0,30.0,0.0,0.0,0.0,30.0,0.0,0.0,0.0,0.0,0.0,"solar2_v,lipo2_v"
2022-12-04T02:00:00Z,29.0,29.0,,,,,,,,,,,,,,,3.763,3.762,3.763,,,,231.31,0.0,0.0,,,,,245.103,238.0,258.0,,,0.0,14034.0,14062.0,0.0,0.0,0.0,0.0,0.0,0.0,29.0,0.0,0.0,0.0,29.0,0.0,0.0,0.0,0.0,0.0,"solar2_v,lipo2_v"
2022-12-04T03:00:00Z,29.0,29.0,,,,,,,,,,,,,,,3.763,3.762,3.763,,,,231.034,0.0,0.0,,,,,257.586,255.0,262.0,,,0.0,14063.0,14091.0,0.0,0.0,0.0,0.0,0.0,0.0,29.0,0.0,0.0,0.0,29.0,0.0,0.0,0.0,0.0,0.0,"solar2_v,lipo2_v"
2022-12-04T04:00:00Z,28.0,28.0,,,,,,,,,,,,,,,3.762,3.758,3.763,,,,230.143,0.0,0.0,,,,,259.75,257.0,263.0,,,0.0,14092.0,14120.0,0.0,0.0,0.0,0.0,0.0,0.0,28.0,0.0,0.0,0.0,28.0,0.0,0.0,0.0,0.0,0.0,"solar2_v,lipo2_v"
2022-12-04T05:00:00Z,12.0,12.0,,,,,,,,,,,,,,,3.76,3.757,3.762,,,,230.75,0.0,0.0,,,,,253.417,249.0,257.0,,,0.0,14121.0,14145.0,0.0,0.0,0.0,0.0,0.0,0.0,12.0,0.0,0.0,0.0,12.0,0.0,0.0,0.0,0.0,0.0,"solar2_v,lipo2_v"
2022-12-04T06:00:00Z,4.0,4.0,,,,,,,,,,,,,,,3.755,3.753,3.757,,,,231.5,0.0,0.0,,,,,248.5,247.0,250.0,,,0.0,14148.0,14159.0,0.0,0.0,0.0,0.0,0.0,0.0,4.0,0.0,0.0,0.0,4.0,0.0,0.0,0.0,0.0,0.0,"solar2_v,lipo2_v"
2022-12-04T07:00:00Z,24.0,24.0,,,,,,,,,,,,,,,3.748,3.747,3.75,,,,231.417,0.0,0.0,,,,,254.25,251.0,257.0,,,0.0,14180.0,14203.0,0.0,0.0,0.0,0.0,0.0,0.0,24.0,0.0,0.0,0.0,24.0,0.0,0.0,0.0,0.0,0.0,"solar2_v,lipo2_v"
2022-12-04T08:00:00Z,29.0,29.0,,,,,,,,,,,,,,,3.748,3.745,3.75,,,,231.586,0.0,0.0,,,,,256.552,254.0,258.0,,,0.0,14204.0,14232.0,0.0,0.0,0.0,0.0,0.0,0.0,29.0,0.0,0.0,0.0,29.0,0.0,0.0,0.0,0.0,0.0,"solar2_v,lipo2_v"
2022-12-04T09:00:00Z,29.0,29.0,,,,,,,,,,,,,,,3.746,3.745,3.748,,,,231.621,0.0,0.0,,,,,255.862,253.0,258.0,,,0.0,14233.0,14261.0,0.0,0.0,0.0,0.0,0.0,0.0,29.0,0.0,0.0,0.0,29.0,0.0,0.0,0.0,0.0,0.0,"solar2_v,lipo2_v"
2022-12-04T10:00:00Z,30.0,30.0,,,,,,,,,,,,,,,3.744,3.742,3.745,,,,231.8,0.0,0.0,,,,,256.0,254.0,258.0,,,0.0,14262.0,14291.0,0.0,0.0,0.0,0.0,0.0,0.0,30.0,0.0,0.0,0.0,30.0,0.0,0.0,0.0,0.0,0.0,"solar2_v,lipo2_v"
2022-12-04T11:00:00Z,29.0,29.0,,,,,,,,,,,,,,,3.742,3.74,3.743,,,,232.172,0.0,0.0,,,,,254.724,252.0,258.0,,,0.0,14292.0,14320.0,0.0,0.0,0.0,0.0,0.0,0.0,29.0,0.0,0.0,0.0,29.0,0.0,0.0,0.0,0.0,0.0,"solar2_v,lipo2_v"
2022-12-04T12:00:00Z,29.0,29.0,,,,,,,,,,,,,,,3.741,3.74,3.742,,,,232.138,0.0,0.0,,,,,252.552,251.0,254.0,,,0.0,14321.0,14349.0,0.0,0.0,0.0,0.0,0.0,0.0,29.0,0.0,0.0,0.0,29.0,0.0,0.0,0.0,0.0,0.0,"solar2_v,lipo2_v"
2022-12-04T13:00:00Z,28.0,28.0,,,,,,,,,,,,,,,3.739,3.737,3.742,,,,232.75,0.0,0.0,,,,,246.429,233.0,254.0,,,0.0,14350.0,14378.0,0.0,0.0,0.0,0.0,0.0,0.0,28.0,0.0,0.0,0.0,28.0,0.0,0.0,0.0,0.0,0.0,"solar2_v,lipo2_v"
2022-12-04T14:00:00Z,30.0,30.0,,,,,,,,,,,,,,,3.737,3.735,3.739,,,,234.633,0.0,0.0,,,,,232.1,225.0,240.0,,,0.0,14379.0,14408.0,0.0,0.0,0.0,0.0,0.0,0.0,30.0,0.0,0.0,0.0,30.0,0.0,0.0,0.0,0.0,0.0,"solar2_v,lipo2_v"
2022-12-04T15:00:00Z,29.0,29.0,,,,,,,,,,,,,,,3.735,3.734,3.737,,,,235.414,0.0,0.0,,,,,227.931,224.0,232.0,,,0.0,14409.0,14437.0,0.0,0.0,0.0,0.0,0.0,0.0,29.0,0.0,0.0,0.0,29.0,0.0,0.0,0.0,0.0,0.0,"solar2_v,lipo2_v"
2022-12-04T16:00:00Z,29.0,29.0,,,,,,,,,,,,,,,3.734,3.732,3.735,,,,235.207,0.0,0.0,,,,,228.966,223.0,233.0,,,0.0,14438.0,14466.0,0.0,0.0,0.0,0.0,0.0,0.0,29.0,0.0,0.0,0.0,29.0,0.0,0.0,0.0,0.0,0.0,"solar2_v,lipo2_v"
2022-12-04T17:00:00Z,29.0,29.0,,,,,,,,,,,,,,,3.732,3.729,3.734,,,,233.138,0.0,0.0,,,,,226.621,217.0,244.0,,,0.0,14467.0,14495.0,0.0,0.0,0.0,0.0,0.0,0.0,29.0,0.0,0.0,0.0,29.0,0.0,0.0,0.0,0.0,0.0,"solar2_v,lipo2_v"
2022-12-04T18:00:00Z,29.0,29.0,,,,,,,,,,,,,,,3.73,3.729,3.732,,,,233.103,0.0,0.0,,,,,234.793,232.0,244.0,,,0.0,14496.0,14524.0,0.0,0.0,0.0,0.0,0.0,0.0,29.0,0.0,0.0,0.0,29.0,0.0,0.0,0.0,0.0,0.0,"solar2_v,lipo2_v"
2022-12-04T19:00:00Z,30.0,30.0,,,,,,,,,,,,,,,3.729,3.725,3.732,,,,232.967,0.0,0.0,,,,,233.0,231.0,235.0,,,0.0,14525.0,14554.0,0.0,0.0,0.0,0.0,0.0,0.0,30.0,0.0,0.0,0.0,30.0,0.0,0.0,0.0,0.0,0.0,"solar2_v,lipo2_v"
2022-12-04T20:00:00Z,29.0,29.0,,,,,,,,,,,,,,,3.726,3.724,3.729,,,,233.103,0.0,0.0,,,,,232.828,232.0,234.0,,,0.0,14555.0,14583.0,0.0,0.0,0.0,0.0,0.0,0.0,29.0,0.0,0.0,0.0,29.0,0.0,0.0,0.0,0.0,0.0,"solar2_v,lipo2_v"
2022-12-04T21:00:00Z,29.0,29.0,,,,,,,,,,,,,,,3.724,3.722,3.727,,,,233.138,0.0,0.0,,,,,232.517,230.0,233.0,,,0.0,14584.0,14612.0,0.0,0.0,0.0,0.0,0.0,0.0,29.0,0.0,0.0,0.0,29.0,0.0,0.0,0.0,0.0,0.0,"solar2_v,lipo2_v"
2022-12-04T22:00:00Z,29.0,29.0,,,,,,,,,,,,,,,3.722,3.72,3.724,,,,233.207,0.0,0.0,,,,,230.931,228.0,233.0,,,0.0,14613.0,14641.0,0.0,0.0,0.0,0.0,0.0,0.0,29.0,0.0,0.0,0.0,29.0,0.0,0.0,0.0,0.0,0.0,"solar2_v,lipo2_v"
2022-12-04T23:00:00Z,29.0,29.0,,,,,,,,,,,,,,,4.01,3.72,4.092,,,,242.414,0.0,0.0,,,,,254.759,164.0,307.0,,,0.0,14642.0,14670.0,0.0,0.0,0.0,0.0,0.0,0.0,29.0,0.0,0.0,0.0,29.0,0.0,0.0,0.0,0.0,0.0,"solar2_v,lipo2_v"
2022-12-05T00:00:00Z,30.0,30.0,,,,,,,,,,,,,,,4.132,4.1,4.151,,,,245.933,0.0,0.0,,,,,260.133,212.0,302.0,,,0.0,14671.0,14700.0,0.0,0.0,0.0,0.0,0.0,0.0,30.0,0.0,0.0,0.0,30.0,0.0,0.0,0.0,0.0,0.0,"solar2_v,lipo2_v"
2022-12-05T01:00:00Z,29.0,29.0,,,,,,,,,,,,,,,4.166,4.149,4.181,,,,246.241,0.0,0.0,,,,,255.655,211.0,296.0,,,0.0,14701.0,14729.0,0.0,0.0,0.0,0.0,0.0,0.0,29.0,0.0,0.0,0.0,29.0,0.0,0.0,0.0,0.0,0.0,"solar2_v,lipo2_v"
2022-12-05T02:00:00Z,29.0,29.0,,,,,,,,,,,,,,,4.185,4.179,4.189,,,,250.345,0.0,0.0,,,,,258.345,214.0,299.0,,,0.0,14730.0,14758.0,0.0,0.0,0.0,0.0,0.0,0.0,29.0,0.0,0.0,0.0,29.0,0.0,0.0,0.0,0.0,0.0,"solar2_v,lipo2_v"
2022-12-05T03:00:00Z,29.0,29.0,,,,,,,,,,,,,,,4.159,4.149,4.172,,,,248.966,0.0,0.0,,,,,254.241,209.0,288.0,,,0.0,14759.0,14787.0,0.0,0.0,0.0,0.0,0.0,0.0,29.0,0.0,0.0,0.0,29.0,0.0,0.0,0.0,0.0,0.0,"solar2_v,lipo2_v"
2022-12-05T04:00:00Z,30.0,30.0,,,,,,,,,,,,,,,4.144,4.139,4.149,,,,245.033,0.0,0.0,,,,,253.567,208.0,297.0,,,0.0,14788.0,14817.0,0.0,0.0,0.0,0.0,0.0,0.0,30.0,0.0,0.0,0.0,30.0,0.0,0.0,0.0,0.0,0.0,"solar2_v,lipo2_v"
2022-12-05T05:00:00Z,29.0,29.0,,,,,,,,,,,,,,,4.138,4.136,4.141,,,,240.759,0.0,0.0,,,,,245.655,203.0,277.0,,,0.0,14818.0,14846.0,0.0,0.0,0.0,0.0,0.0,0.0,29.0,0.0,0.0,0.0,29.0,0.0,0.0,0.0,0.0,0.0,"solar2_v,lipo2_v"
2022-12-05T06:00:00Z,29.0,29.0,,,,,,,,,,,,,,,4.135,4.135,4.136,,,,253.69,0.0,0.0,,,,,251.931,217.0,296.0,,,0.0,14847.0,14875.0,0.0,0.0,0.0,0.0,0.0,0.0,29.0,0.0,0.0,0.0,29.0,0.0,0.0,0.0,0.0,0.0,"solar2_v,lipo2_v"
2022-12-05T07:00:00Z,29.0,29.0,,,,,,,,,,,,,,,4.134,4.133,4.135,,,,242.138,0.0,0.0,,,,,246.586,194.0,299.0,,,0.0,14876.0,14904.0,0.0,0.0,0.0,0.0,0.0,0.0,29.0,0.0,0.0,0.0,29.0,0.0,0.0,0.0,0.0,0.0,"solar2_v,lipo2_v"
2022-12-05T08:00:00Z,29.0,29.0,,,,,,,,,,,,,,,4.133,4.131,4.133,,,,248.862,0.0,0.0,,,,,240.931,199.0,292.0,,,0.0,14905.0,14933.0,0.0,0.0,0.0,0.0,0.0,0.0,29.0,0.0,0.0,0.0,29.0,0.0,0.0,0.0,0.0,0.0,"solar2_v,lipo2_v"
2022-12-05T09:00:00Z,26.0,26.0,,,,,,,,,,,,,,,4.131,4.13,4.133,,,,231.846,0.0,0.0,,,,,239.692,196.0,297.0,,,0.0,14934.0,14963.0,0.0,0.0,0.0,0.0,0.0,0.0,26.0,0.0,0.0,0.0,26.0,0.0,0.0,0.0,0.0,0.0,"solar2_v,lipo2_v"
2022-12-05T10:00:00Z,29.0,29.0,,,,,,,,,,,,,,,4.131,4.13,4.133,,,,248.241,0.0,0.0,,,,,247.793,198.0,286.0,,,0.0,14964.0,14992.0,0.0,0.0,0.0,0.0,0.0,0.0,29.0,0.0,0.0,0.0,29.0,0.0,0.0,0.0,0.0,0.0,"solar2_v,lipo2_v"
2022-12-05T11:00:00Z,28.0,28.0,,,,,,,,,,,,,,,4.13,4.126,4.131,,,,255.036,0.0,0.0,,,,,244.643,203.0,297.0,,,0.0,14993.0,15021.0,0.0,0.0,0.0,0.0,0.0,0.0,28.0,0.0,0.0,0.0,28.0,0.0,0.0,0.0,0.0,0.0,"solar2_v,lipo2_v"
2022-12-05T12:00:00Z,29.0,29.0,,,,,,,,,,,,,,,4.128,4.126,4.13,,,,248.724,0.0,0.0,,,,,239.517,197.0,287.0,,,0.0,15022.0,15050.0,0.0,0.0,0.0,0.0,0.0,0.0,29.0,0.0,0.0,0.0,29.0,0.0,0.0,0.0,0.0,0.0,"solar2_v,lipo2_v"
2022-12-05T13:00:00Z,30.0,30.0,,,,,,,,,,,,,,,4.127,4.125,4.13,,,,243.433,0.0,0.0,,,,,238.067,194.0,298.0,,,0.0,15051.0,15080.0,0.0,0.0,0.0,0.0,0.0,0.0,30.0,0.0,0.0,0.0,30.0,0.0,0.0,0.0,0.0,0.0,"solar2_v,lipo2_v"
2022-12-05T14:00:00Z,29.0,29.0,,,,,,,,,,,,,,,4.126,4.125,4.128,,,,236.31,0.0,0.0,,,,,233.552,194.0,282.0,,,0.0,15081.0,15109.0,0.0,0.0,0.0,0.0,0.0,0.0,29.0,0.0,0.0,0.0,29.0,0.0,0.0,0.0,0.0,0.0,"solar2_v,lipo2_v"
2022-12-05T15:00:00Z,29.0,29.0,,,,,,,,,,,,,,,4.125,4.121,4.126,,,,246.172,0.0,0.0,,,,,236.828,194.0,300.0,,,0.0,15110.0,15138.0,0.0,0.0,0.0,0.0,0.0,0.0,29.0,0.0,0.0,0.0,29.0,0.0,0.0,0.0,0.0,0.0,"solar2_v,lipo2_v"
2022-12-05T16:00:00Z,29.0,29.0,,,,,,,,,,,,,,,4.125,4.121,4.126,,,,245.31,0.0,0.0,,,,,244.862,212.0,295.0,,,0.0,15139.0,15167.0,0.0,0.0,0.0,0.0,0.0,0.0,29.0,0.0,0.0,0.0,29.0,0.0,0.0,0.0,0.0,0.0,"solar2_v,lipo2_v"
2022-12-05T17:00:00Z,30.0,30.0,,,,,,,,,,,,,,,4.114,4.106,4.126,,,,237.033,0.0,0.0,,,,,244.333,213.0,301.0,,,0.0,15168.0,15197.0,0.0,0.0,0.0,0.0,0.0,0.0,30.0,0.0,0.0,0.0,30.0,0.0,0.0,0.0,0.0,0.0,"solar2_v,lipo2_v"
2022-12-05T18:00:00Z,29.0,29.0,,,,,,,,,,,,,,,4.107,4.106,4.11,,,,234.552,0.0,0.0,,,,,238.552,233.0,248.0,,,0.0,15198.0,15226.0,0.0,0.0,0.0,0.0,0.0,0.0,29.0,0.0,0.0,0.0,29.0,0.0,0.0,0.0,0.0,0.0,"solar2_v,lipo2_v"
2022-12-05T19:00:00Z,29.0,29.0,,,,,,,,,,,,,,,4.106,4.105,4.106,,,,235.207,0.0,0.0,,,,,236.793,234.0,239.0,,,0.0,15227.0,15255.0,0.0,0.0,0.0,0.0,0.0,0.0,29.0,0.0,0.0,0.0,29.0,0.0,0.0,0.0,0.0,0.0,"solar2_v,lipo2_v"
2022-12-05T20:00:00Z,29.0,29.0,,,,,,,,,,,,,,,4.105,4.105,4.106,,,,235.069,0.0,0.0,,,,,238.345,235.0,244.0,,,0.0,15256.0,15284.0,0.0,0.0,0.0,0.0,0.0,0.0,29.0,0.0,0.0,0.0,29.0,0.0,0.0,0.0,0.0,0.0,"solar2_v,lipo2_v"
2022-12-05T21:00:00Z,29.0,29.0,,,,,,,,,,,,,,,4.105,4.102,4.105,,,,233.759,0.0,0.0,,,,,238.207,231.0,245.0,,,0.0,15285.0,15313.0,0.0,0.0,0.0,0.0,0.0,0.0,29.0,0.0,0.0,0.0,29.0,0.0,0.0,0.0,0.0,0.0,"solar2_v,lipo2_v"
2022-12-05T22:00:00Z,30.0,30.0,,,,,,,,,,,,,,,4.104,4.102,4.105,,,,233.1,0.0,0.0,,,,,245.333,238.0,253.0,,,0.0,15314.0,15343.0,0.0,0.0,0.0,0.0,0.0,0.0,30.0,0.0,0.0,0.0,30.0,0.0,0.0,0.0,0.0,0.0,"solar2_v,lipo2_v"
2022-12-05T23:00:00Z,29.0,29.0,,,,,,,,,,,,,,,4.103,4.1,4.105,,,,233.172,0.0,0.0,,,,,256.793,250.0,264.0,,,0.0,15344.0,15372.0,0.0,0.0,0.0,0.0,0.0,0.0,29.0,0.0,0.0,0.0,29.0,0.0,0.0,0.0,0.0,0.0,"solar2_v,lipo2_v"
2022-12-06T00:00:00Z,29.0,29.0,,,,,,,,,,,,,,,4.101,4.098,4.105,,,,232.862,0.0,0.0,,,,,256.379,252.0,267.0,,,0.0,15373.0,15401.0,0.0,0.0,0.0,0.0,0.0,0.0,29.0,0.0,0.0,0.0,29.0,0.0,0.0,0.0,0.0,0.0,"solar2_v,lipo2_v"
2022-12-06T01:00:00Z,28.0,28.0,,,,,,,,,,,,,,,4.099,4.097,4.102,,,,232.321,0.0,0.0,,,,,257.571,255.0,263.0,,,0.0,15402.0,15430.0,0.0,0.0,0.0,0.0,0.0,0.0,28.0,0.0,0.0,0.0,28.0,0.0,0.0,0.0,0.0,0.0,"solar2_v,lipo2_v"
2022-12-06T02:00:00Z,30.0,30.0,,,,,,,,,,,,,,,4.098,4.097,4.1,,,,228.433,0.0,0.0,,,,,307.8,258.0,370.0,,,0.0,15431.0,15460.0,0.0,0.0,0.0,0.0,0.0,0.0,30.0,0.0,0.0,0.0,30.0,0.0,0.0,0.0,0.0,0.0,"solar2_v,lipo2_v"
2022-12-06T03:00:00Z,29.0,29.0,,,,,,,,,,,,,,,4.097,4.095,4.1,,,,229.0,0.0,0.0,,,,,284.828,262.0,356.0,,,0.0,15461.0,15489.0,0.0,0.0,0.0,0.0,0.0,0.0,29.0,0.0,0.0,0.0,29.0,0.0,0.0,0.0,0.0,0.0,"solar2_v,lipo2_v"
2022-12-06T04:00:00Z,29.0,29.0,,,,,,,,,,,,,,,4.096,4.092,4.098,,,,228.931,0.0,0.0,,,,,268.759,265.0,274.0,,,0.0,15490.0,15518.0,0.0,0.0,0.0,0.0,0.0,0.0,29.0,0.0,0.0,0.0,29.0,0.0,0.0,0.0,0.0,0.0,"solar2_v,lipo2_v"
2022-12-06T05:00:00Z,29.0,29.0,,,,,,,,,,,,,,,4.093,4.092,4.097,,,,229.862,0.0,0.0,,,,,282.448,269.0,306.0,,,0.0,15519.0,15547.0,0.0,0.0,0.0,0.0,0.0,0.0,29.0,0.0,0.0,0.0,29.0,0.0,0.0,0.0,0.0,0.0,"solar2_v,lipo2_v"
2022-12-06T06:00:00Z,28.0,28.0,,,,,,,,,,,,,,,4.092,4.09,4.093,,,,230.464,0.0,0.0,,,,,297.286,280.0,313.0,,,0.0,15548.0,15577.0,0.0,0.0,0.0,0.0,0.0,0.0,28.0,0.0,0.0,0.0,28.0,0.0,0.0,0.0,0.0,0.0,"solar2_v,lipo2_v"
2022-12-06T07:00:00Z,28.0,28.0,,,,,,,,,,,,,,,4.09,4.088,4.092,,,,230.536,0.0,0.0,,,,,275.536,270.0,285.0,,,0.0,15578.0,15605.0,0.0,0.0,0.0,0.0,0.0,0.0,28.0,0.0,0.0,0.0,28.0,0.0,0.0,0.0,0.0,0.0,"solar2_v,lipo2_v"
2022-12-06T08:00:00Z,10.0,10.0,,,,,,,,,,,,,,,4.088,4.087,4.088,,,,231.0,0.0,0.0,,,,,273.0,263.0,280.0,,,0.0,15607.0,15627.0,0.0,0.0,0.0,0.0,0.0,0.0,10.0,0.0,0.0,0.0,10.0,0.0,0.0,0.0,0.0,0.0,"solar2_v,lipo2_v"
2022-12-06T09:00:00Z,21.0,21.0,,,,,,,,,,,,,,,4.084,4.082,4.087,,,,231.143,0.0,0.0,,,,,288.667,261.0,313.0,,,0.0,15636.0,15661.0,0.0,0.0,0.0,0.0,0.0,0.0,21.0,0.0,0.0,0.0,21.0,0.0,0.0,0.0,0.0,0.0,"solar2_v,lipo2_v"
2022-12-06T10:00:00Z,30.0,30.0,,,,,,,,,,,,,,,4.083,4.082,4.085,,,,231.5,0.0,0.0,,,,,304.6,299.0,313.0,,,0.0,15662.0,15691.0,0.0,0.0,0.0,0.0,0.0,0.0,30.0,0.0,0.0,0.0,30.0,0.0,0.0,0.0,0.0,0.0,"solar2_v,lipo2_v"
2022-12-06T11:00:00Z,29.0,29.0,,,,,,,,,,,,,,,4.083,4.082,4.085,,,,231.31,0.0,0.0,,,,,302.862,295.0,312.0,,,0.0,15692.0,15720.0,0.0,0.0,0.0,0.0,0.0,0.0,29.0,0.0,0.0,0.0,29.0,0.0,0.0,0.0,0.0,0.0,"solar2_v,lipo2_v"
2022-12-06T12:00:00Z,29.0,29.0,,,,,,,,,,,,,,,4.082,4.082,4.083,,,,231.345,0.0,0.0,,,,,296.379,287.0,309.0,,,0.0,15721.0,15749.0,0.0,0.0,0.0,0.0,0.0,0.0,29.0,0.0,0.0,0.0,29.0,0.0,0.0,0.0,0.0,0.0,"solar2_v,lipo2_v"
2022-12-06T13:00:00Z,27.0,27.0,,,,,,,,,,,,,,,4.082,4.08,4.083,,,,231.889,0.0,0.0,,,,,292.815,285.0,300.0,,,0.0,15750.0,15778.0,0.0,0.0,0.0,0.0,0.0,0.0,27.0,0.0,0.0,0.0,27.0,0.0,0.0,0.0,0.0,0.0,"solar2_v,lipo2_v"
2022-12-06T14:00:00Z,30.0,30.0,,,,,,,,,,,,,,,4.081,4.08,4.082,,,,231.833,0.0,0.0,,,,,280.9,272.0,293.0,,,0.0,15779.0,15808.0,0.0,0.0,0.0,0.0,0.0,0.0,30.0,0.0,0.0,0.0,30.0,0.0,0.0,0.0,0.0,0.0,"solar2_v,lipo2_v"
2022-12-06T15:00:00Z,29.0,29.0,,,,,,,,,,,,,,,4.08,4.078,4.08,,,,231.793,0.0,0.0,,,,,273.31,267.0,281.0,,,0.0,15809.0,15837.0,0.0,0.0,0.0,0.0,0.0,0.0,29.0,0.0,0.0,0.0,29.0,0.0,0.0,0.0,0.0,0.0,"solar2_v,lipo2_v"
2022-12-06T16:00:00Z,27.0,27.0,,,,,,,,,,,,,,,4.08,4.078,4.08,,,,232.074,0.0,0.0,,,,,263.481,257.0,273.0,,,0.0,15838.0,15866.0,0.0,0.0,0.0,0.0,0.0,0.0,27.0,0.0,0.0,0.0,27.0,0.0,0.0,0.0,0.0,0.0,"solar2_v,lipo2_v"
2022-12-06T17:00:00Z,29.0,29.0,,,,,,,,,,,,,,,4.079,4.078,4.08,,,,232.207,0.0,0.0,,,,,277.345,258.0,306.0,,,0.0,15867.0,15895.0,0.0,0.0,0.0,0.0,0.0,0.0,29.0,0.0,0.0,0.0,29.0,0.0,0.0,0.0,0.0,0.0,"solar2_v,lipo2_v"
2022-12-06T18:00:00Z,29.0,29.0,,,,,,,,,,,,,,,4.078,4.078,4.08,,,,232.138,0.0,0.0,,,,,305.483,305.0,306.0,,,0.0,15896.0,15924.0,0.0,0.0,0.0,0.0,0.0,0.0,29.0,0.0,0.0,0.0,29.0,0.0,0.0,0.0,0.0,0.0,"solar2_v,lipo2_v"
2022-12-06T19:00:00Z,30.0,30.0,,,,,,,,,,,,,,,4.078,4.077,4.08,,,,232.333,0.0,0.0,,,,,303.9,303.0,305.0,,,0.0,15925.0,15954.0,0.0,0.0,0.0,0.0,0.0,0.0,30.0,0.0,0.0,0.0,30.0,0.0,0.0,0.0,0.0,0.0,"solar2_v,lipo2_v"
2022-12-06T20:00:00Z,29.0,29.0,,,,,,,,,,,,,,,4.077,4.073,4.078,,,,232.241,0.0,0.0,,,,,302.655,302.0,303.0,,,0.0,15955.0,15983.0,0.0,0.0,0.0,0.0,0.0,0.0,29.0,0.0,0.0,0.0,29.0,0.0,0.0,0.0,0.0,0.0,"solar2_v,lipo2_v"
2022-12-06T21:00:00Z,29.0,29.0,,,,,,,,,,,,,,,4.076,4.073,4.078,,,,232.276,0.0,0.0,,,,,301.69,301.0,303.0,,,0.0,15984.0,16012.0,0.0,0.0,0.0,0.0,0.0,0.0,29.0,0.0,0.0,0.0,29.0,0.0,0.0,0.0,0.0,0.0,"solar2_v,lipo2_v"
2022-12-06T22:00:00Z,29.0,29.0,,,,,,,,,,,,,,,4.076,4.073,4.078,,,,232.759,0.0,0.0,,,,,301.0,301.0,301.0,,,0.0,16013.0,16041.0,0.0,0.0,0.0,0.0,0.0,0.0,29.0,0.0,0.0,0.0,29.0,0.0,0.0,0.0,0.0,0.0,"solar2_v,lipo2_v"
2022-12-06T23:00:00Z,29.0,29.0,,,,,,,,,,,,,,,4.073,4.07,4.075,,,,232.69,0.0,0.0,,,,,301.0,301.0,301.0,,,0.0,16042.0,16070.0,0.0,0.0,0.0,0.0,0.0,0.0,29.0,0.0,0.0,0.0,29.0,0.0,0.0,0.0,0.0,0.0,"solar2_v,lipo2_v"
2022-12-07T00:00:00Z,30.0,30.0,,,,,,,,,,,,,,,4.073,4.07,4.075,,,,232.233,0.0,0.0,,,,,303.4,301.0,306.0,,,0.0,16071.0,16100.0,0.0,0.0,0.0,0.0,0.0,0.0,30.0,0.0,0.0,0.0,30.0,0.0,0.0,0.0,0.0,0.0,"solar2_v,lipo2_v"
2022-12-07T01:00:00Z,29.0,29.0,,,,,,,,,,,,,,,4.072,4.069,4.075,,,,231.931,0.0,0.0,,,,,308.0,306.0,313.0,,,0.0,16101.0,16129.0,0.0,0.0,0.0,0.0,0.0,0.0,29.0,0.0,0.0,0.0,29.0,0.0,0.0,0.0,0.0,0.0,"solar2_v,lipo2_v"
2022-12-07T02:00:00Z,26.0,26.0,,,,,,,,,,,,,,,4.071,4.07,4.073,,,,229.962,0.0,0.0,,,,,301.962,258.0,333.0,,,0.0,16130.0,16158.0,0.0,0.0,0.0,0.0,0.0,0.0,26.0,0.0,0.0,0.0,26.0,0.0,0.0,0.0,0.0,0.0,"solar2_v,lipo2_v"
2022-12-07T03:00:00Z,29.0,29.0,,,,,,,,,,,,,,,4.071,4.069,4.072,,,,229.586,0.0,0.0,,,,,281.759,264.0,292.0,,,0.0,16159.0,16187.0,0.0,0.0,0.0,0.0,0.0,0.0,29.0,0.0,0.0,0.0,29.0,0.0,0.0,0.0,0.0,0.0,"solar2_v,lipo2_v"
2022-12-07T04:00:00Z,30.0,30.0,,,,,,,,,,,,,,,4.07,4.067,4.072,,,,230.133,0.0,0.0,,,,,273.167,267.0,285.0,,,0.0,16188.0,16217.0,0.0,0.0,0.0,0.0,0.0,0.0,30.0,0.0,0.0,0.0,30.0,0.0,0.0,0.0,0.0,0.0,"solar2_v,lipo2_v"
2022-12-07T05:00:00Z,29.0,29.0,,,,,,,,,,,,,,,4.068,4.067,4.07,,,,230.379,0.0,0.0,,,,,277.517,272.0,286.0,,,0.0,16218.0,16246.0,0.0,0.0,0.0,0.0,0.0,0.0,29.0,0.0,0.0,0.0,29.0,0.0,0.0,0.0,0.0,0.0,"solar2_v,lipo2_v"
2022-12-07T06:00:00Z,29.0,29.0,,,,,,,,,,,,,,,4.068,4.065,4.07,,,,231.034,0.0,0.0,,,,,260.138,255.0,271.0,,,0.0,16247.0,16275.0,0.0,0.0,0.0,0.0,0.0,0.0,29.0,0.0,0.0,0.0,29.0,0.0,0.0,0.0,0.0,0.0,"solar2_v,lipo2_v"
2022-12-07T07:00:00Z,29.0,29.0,,,,,,,,,,,,,,,4.066,4.065,4.069,,,,230.828,0.0,0.0,,,,,263.483,253.0,280.0,,,0.0,16276.0,16304.0,0.0,0.0,0.0,0.0,0.0,0.0,29.0,0.0,0.0,0.0,29.0,0.0,0.0,0.0,0.0,0.0,"solar2_v,lipo2_v"
2022-12-07T08:00:00Z,29.0,29.0,,,,,,,,,,,,,,,4.065,4.062,4.067,,,,231.621,0.0,0.0,,,,,257.655,247.0,275.0,,,0.0,16305.0,16333.0,0.0,0.0,0.0,0.0,0.0,0.0,29.0,0.0,0.0,0.0,29.0,0.0,0.0,0.0,0.0,0.0,"solar2_v,lipo2_v"
2022-12-07T09:00:00Z,30.0,30.0,,,,,,,,,,,,,,,4.065,4.064,4.065,,,,231.433,0.0,0.0,,,,,249.4,247.0,254.0,,,0.0,16334.0,16363.0,0.0,0.0,0.0,0.0,0.0,0.0,30.0,0.0,0.0,0.0,30.0,0.0,0.0,0.0,0.0,0.0,"solar2_v,lipo2_v"
2022-12-07T10:00:00Z,29.0,29.0,,,,,,,,,,,,,,,4.063,4.06,4.065,,,,231.828,0.0,0.0,,,,,252.862,247.0,257.0,,,0.0,16364.0,16392.0,0.0,0.0,0.0,0.0,0.0,0.0,29.0,0.0,0.0,0.0,29.0,0.0,0.0,0.0,0.0,0.0,"solar2_v,lipo2_v"
2022-12-07T11:00:00Z,29.0,29.0,,,,,,,,,,,,,,,4.062,4.059,4.064,,,,232.034,0.0,0.0,,,,,247.276,246.0,249.0,,,0.0,16393.0,16421.0,0.0,0.0,0.0,0.0,0.0,0.0,29.0,0.0,0.0,0.0,29.0,0.0,0.0,0.0,0.0,0.0,"solar2_v,lipo2_v"
2022-12-07T12:00:00Z,29.0,29.0,,,,,,,,,,,,,,,4.061,4.059,4.064,,,,232.103,0.0,0.0,,,,,246.138,245.0,247.0,,,0.0,16422.0,16450.0,0.0,0.0,0.0,0.0,0.0,0.0,29.0,0.0,0.0,0.0,29.0,0.0,0.0,0.0,0.0,0.0,"solar2_v,lipo2_v"
2022-12-07T13:00:00Z,30.0,30.0,,,,,,,,,,,,,,,4.06,4.059,4.062,,,,232.033,0.0,0.0,,,,,245.167,244.0,247.0,,,0.0,16451.0,16480.0,0.0,0.0,0.0,0.0,0.0,0.0,30.0,0.0,0.0,0.0,30.0,0.0,0.0,0.0,0.0,0.0,"solar2_v,lipo2_v"
2022-12-07T14:00:00Z,29.0,29.0,,,,,,,,,,,,,,,4.06,4.057,4.062,,,,231.931,0.0,0.0,,,,,244.207,242.0,246.0,,,0.0,16481.0,16509.0,0.0,0.0,0.0,0.0,0.0,0.0,29.0,0.0,0.0,0.0,29.0,0.0,0.0,0.0,0.0,0.0,"solar2_v,lipo2_v"
2022-12-07T15:00:00Z,28.0,28.0,,,,,,,,,,,,,,,4.059,4.057,4.062,,,,231.893,0.0,0.0,,,,,243.929,242.0,246.0,,,0.0,16510.0,16538.0,0.0,0.0,0.0,0.0,0.0,0.0,28.0,0.0,0.0,0.0,28.0,0.0,0.0,0.0,0.0,0.0,"solar2_v,lipo2_v"
2022-12-07T16:00:00Z,29.0,29.0,,,,,,,,,,,,,,,4.059,4.055,4.06,,,,232.172,0.0,0.0,,,,,242.345,239.0,244.0,,,0.0,16539.0,16567.0,0.0,0.0,0.0,0.0,0.0,0.0,29.0,0.0,0.0,0.0,29.0,0.0,0.0,0.0,0.0,0.0,"solar2_v,lipo2_v"
2022-12-07T17:00:00Z,30.0,30.0,,,,,,,,,,,,,,,4.058,4.057,4.059,,,,232.133,0.0,0.0,,,,,241.867,239.0,245.0,,,0.0,16568.0,16597.0,0.0,0.0,0.0,0.0,0.0,0.0,30.0,0.0,0.0,0.0,30.0,0.0,0.0,0.0,0.0,0.0,"solar2_v,lipo2_v"
2022-12-07T18:00:00Z,29.0,29.0,,,,,,,,,,,,,,,4.057,4.054,4.06,,,,232.379,0.0,0.0,,,,,248.897,241.0,257.0,,,0.0,16598.0,16626.0,0.0,0.0,0.0,0.0,0.0,0.0,29.0,0.0,0.0,0.0,29.0,0.0,0.0,0.0,0.0,0.0,"solar2_v,lipo2_v"
2022-12-07T19:00:00Z,29.0,29.0,,,,,,,,,,,,,,,4.056,4.054,4.057,,,,232.31,0.0,0.0,,,,,250.379,247.0,254.0,,,0.0,16627.0,16655.0,0.0,0.0,0.0,0.0,0.0,0.0,29.0,0.0,0.0,0.0,29.0,0.0,0.0,0.0,0.0,0.0,"solar2_v,lipo2_v"
2022-12-07T20:00:00Z,29.0,29.0,,,,,,,,,,,,,,,4.056,4.054,4.059,,,,232.138,0.0,0.0,,,,,250.483,247.0,254.0,,,0.0,16656.0,16684.0,0.0,0.0,0.0,0.0,0.0,0.0,29.0,0.0,0.0,0.0,29.0,0.0,0.0,0.0,0.0,0.0,"solar2_v,lipo2_v"
2022-12-07T21:00:00Z,29.0,29.0,,,,,,,,,,,,,,,4.055,4.054,4.057,,,,232.793,0.0,0.0,,,,,248.621,247.0,252.0,,,0.0,16685.0,16713.0,0.0,0.0,0.0,0.0,0.0,0.0,29.0,0.0,0.0,0.0,29.0,0.0,0.0,0.0,0.0,0.0,"solar2_v,lipo2_v"
2022-12-07T22:00:00Z,30.0,30.0,,,,,,,,,,,,,,,4.055,4.054,4.057,,,,232.867,0.0,0.0,,,,,255.533,248.0,273.0,,,0.0,16714.0,16743.0,0.0,0.0,0.0,0.0,0.0,0.0,30.0,0.0,0.0,0.0,30.0,0.0,0.0,0.0,0.0,0.0,"solar2_v,lipo2_v"
2022-12-07T23:00:00Z,29.0,29.0,,,,,,,,,,,,,,,4.054,4.052,4.055,,,,232.241,0.0,0.0,,,,,256.655,253.0,266.0,,,0.0,16744.0,16772.0,0.0,0.0,0.0,0.0,0.0,0.0,29.0,0.0,0.0,0.0,29.0,0.0,0.0,0.0,0.0,0.0,"solar2_v,lipo2_v"
2022-12-08T00:00:00Z,29.0,29.0,,,,,,,,,,,,,,,4.054,4.052,4.055,,,,232.345,0.0,0.0,,,,,254.103,248.0,261.0,,,0.0,16773.0,16801.0,0.0,0.0,0.0,0.0,0.0,0.0,29.0,0.0,0.0,0.0,29.0,0.0,0.0,0.0,0.0,0.0,"solar2_v,lipo2_v"
2022-12-08T01:00:00Z,29.0,29.0,,,,,,,,,,,,,,,4.054,4.052,4.055,,,,231.793,0.0,0.0,,,,,256.655,248.0,272.0,,,0.0,16802.0,16830.0,0.0,0.0,0.0,0.0,0.0,0.0,29.0,0.0,0.0,0.0,29.0,0.0,0.0,0.0,0.0,0.0,"solar2_v,lipo2_v"
2022-12-08T02:00:00Z,30.0,30.0,,,,,,,,,,,,,,,4.053,4.052,4.055,,,,228.4,0.0,0.0,,,,,293.7,253.0,330.0,,,0.0,16831.0,16860.0,0.0,0.0,0.0,0.0,0.0,0.0,30.0,0.0,0.0,0.0,30.0,0.0,0.0,0.0,0.0,0.0,"solar2_v,lipo2_v"
2022-12-08T03:00:00Z,29.0,29.0,,,,,,,,,,,,,,,4.053,4.052,4.055,,,,228.793,0.0,0.0,,,,,292.552,267.0,352.0,,,0.0,16861.0,16889.0,0.0,0.0,0.0,0.0,0.0,0.0,29.0,0.0,0.0,0.0,29.0,0.0,0.0,0.0,0.0,0.0,"solar2_v,lipo2_v"
2022-12-08T04:00:00Z,29.0,29.0,,,,,,,,,,,,,,,4.053,4.052,4.054,,,,229.172,0.0,0.0,,,,,266.586,261.0,272.0,,,0.0,16890.0,16918.0,0.0,0.0,0.0,0.0,0.0,0.0,29.0,0.0,0.0,0.0,29.0,0.0,0.0,0.0,0.0,0.0,"solar2_v,lipo2_v"
2022-12-08T05:00:00Z,29.0,29.0,,,,,,,,,,,,,,,4.052,4.05,4.054,,,,229.724,0.0,0.0,,,,,308.483,267.0,330.0,,,0.0,16919.0,16947.0,0.0,0.0,0.0,0.0,0.0,0.0,29.0,0.0,0.0,0.0,29.0,0.0,0.0,0.0,0.0,0.0,"solar2_v,lipo2_v"
2022-12-08T06:00:00Z,29.0,29.0,,,,,,,,,,,,,,,4.051,4.05,4.054,,,,230.31,0.0,0.0,,,,,286.172,267.0,325.0,,,0.0,16948.0,16976.0,0.0,0.0,0.0,0.0,0.0,0.0,29.0,0.0,0.0,0.0,29.0,0.0,0.0,0.0,0.0,0.0,"solar2_v,lipo2_v"
2022-12-08T07:00:00Z,30.0,30.0,,,,,,,,,,,,,,,4.051,4.049,4.052,,,,230.667,0.0,0.0,,,,,289.167,271.0,322.0,,,0.0,16977.0,17006.0,0.0,0.0,0.0,0.0,0.0,0.0,30.0,0.0,0.0,0.0,30.0,0.0,0.0,0.0,0.0,0.0,"solar2_v,lipo2_v"
2022-12-08T08:00:00Z,29.0,29.0,,,,,,,,,,,,,,,4.05,4.047,4.052,,,,231.069,0.0,0.0,,,,,300.138,275.0,316.0,,,0.0,17007.0,17035.0,0.0,0.0,0.0,0.0,0.0,0.0,29.0,0.0,0.0,0.0,29.0,0.0,0.0,0.0,0.0,0.0,"solar2_v,lipo2_v"
2022-12-08T09:00:00Z,29.0,29.0,,,,,,,,,,,,,,,4.05,4.047,4.052,,,,231.345,0.0,0.0,,,,,306.379,299.0,312.0,,,0.0,17036.0,17064.0,0.0,0.0,0.0,0.0,0.0,0.0,29.0,0.0,0.0,0.0,29.0,0.0,0.0,0.0,0.0,0.0,"solar2_v,lipo2_v"
2022-12-08T10:00:00Z,29.0,29.0,,,,,,,,,,,,,,,4.05,4.049,4.052,,,,231.414,0.0,0.0,,,,,295.759,284.0,309.0,,,0.0,17065.0,17093.0,0.0,0.0,0.0,0.0,0.0,0.0,29.0,0.0,0.0,0.0,29.0,0.0,0.0,0.0,0.0,0.0,"solar2_v,lipo2_v"
2022-12-08T11:00:00Z,30.0,30.0,,,,,,,,,,,,,,,4.05,4.047,4.052,,,,231.633,0.0,0.0,,,,,276.133,274.0,282.0,,,0.0,17094.0,17123.0,0.0,0.0,0.0,0.0,0.0,0.0,30.0,0.0,0.0,0.0,30.0,0.0,0.0,0.0,0.0,0.0,"solar2_v,lipo2_v"
2022-12-08T12:00:00Z,29.0,29.0,,,,,,,,,,,,,,,4.048,4.047,4.05,,,,231.793,0.0,0.0,,,,,272.138,270.0,274.0,,,0.0,17124.0,17152.0,0.0,0.0,0.0,0.0,0.0,0.0,29.0,0.0,0.0,0.0,29.0,0.0,0.0,0.0,0.0,0.0,"solar2_v,lipo2_v"
2022-12-08T13:00:00Z,29.0,29.0,,,,,,,,,,,,,,,4.048,4.045,4.049,,,,231.724,0.0,0.0,,,,,270.448,267.0,272.0,,,0.0,17153.0,17181.0,0.0,0.0,0.0,0.0,0.0,0.0,29.0,0.0,0.0,0.0,29.0,0.0,0.0,0.0,0.0,0.0,"solar2_v,lipo2_v"
2022-12-08T14:00:00Z,22.0,22.0,,,,,,,,,,,,,,,4.047,4.044,4.049,,,,231.545,0.0,0.0,,,,,269.727,268.0,272.0,,,0.0,17182.0,17206.0,0.0,0.0,0.0,0.0,0.0,0.0,22.0,0.0,0.0,0.0,22.0,0.0,0.0,0.0,0.0,0.0,"solar2_v,lipo2_v"
2022-12-08T15:00:00Z,3.0,3.0,,,,,,,,,,,,,,,4.044,4.042,4.045,,,,231.667,0.0,0.0,,,,,267.0,267.0,267.0,,,0.0,17213.0,17229.0,0.0,0.0,0.0,0.0,0.0,0.0,3.0,0.0,0.0,0.0,3.0,0.0,0.0,0.0,0.0,0.0,"solar2_v,lipo2_v"
2022-12-08T16:00:00Z,23.0,23.0,,,,,,,,,,,,,,,4.042,4.04,4.045,,,,231.652,0.0,0.0,,,,,265.957,264.0,269.0,,,0.0,17242.0,17265.0,0.0,0.0,0.0,0.0,0.0,0.0,23.0,0.0,0.0,0.0,23.0,0.0,0.0,0.0,0.0,0.0,"solar2_v,lipo2_v"
2022-12-08T17:00:00Z,29.0,29.0,,,,,,,,,,,,,,,4.042,4.039,4.045,,,,231.586,0.0,0.0,,,,,265.586,263.0,269.0,,,0.0,17266.0,17294.0,0.0,0.0,0.0,0.0,0.0,0.0,29.0,0.0,0.0,0.0,29.0,0.0,0.0,0.0,0.0,0.0,"solar2_v,lipo2_v"
2022-12-08T18:00:00Z,29.0,29.0,,,,,,,,,,,,,,,4.043,4.04,4.045,,,,231.793,0.0,0.0,,,,,264.241,262.0,266.0,,,0.0,17295.0,17323.0,0.0,0.0,0.0,0.0,0.0,0.0,29.0,0.0,0.0,0.0,29.0,0.0,0.0,0.0,0.0,0.0,"solar2_v,lipo2_v"
2022-12-08T19:00:00Z,30.0,30.0,,,,,,,,,,,,,,,4.041,4.039,4.044,,,,231.767,0.0,0.0,,,,,275.433,264.0,299.0,,,0.0,17324.0,17353.0,0.0,0.0,0.0,0.0,0.0,0.0,30.0,0.0,0.0,0.0,30.0,0.0,0.0,0.0,0.0,0.0,"solar2_v,lipo2_v"
2022-12-08T20:00:00Z,29.0,29.0,,,,,,,,,,,,,,,4.04,4.037,4.045,,,,231.931,0.0,0.0,,,,,280.448,271.0,300.0,,,0.0,17354.0,17382.0,0.0,0.0,0.0,0.0,0.0,0.0,29.0,0.0,0.0,0.0,29.0,0.0,0.0,0.0,0.0,0.0,"solar2_v,lipo2_v"
2022-12-08T21:00:00Z,29.0,29.0,,,,,,,,,,,,,,,4.039,4.037,4.042,,,,232.138,0.0,0.0,,,,,304.448,300.0,306.0,,,0.0,17383.0,17411.0,0.0,0.0,0.0,0.0,0.0,0.0,29.0,0.0,0.0,0.0,29.0,0.0,0.0,0.0,0.0,0.0,"solar2_v,lipo2_v"
2022-12-08T22:00:00Z,29.0,29.0,,,,,,,,,,,,,,,4.039,4.037,4.042,,,,232.034,0.0,0.0,,,,,305.448,304.0,306.0,,,0.0,17412.0,17440.0,0.0,0.0,0.0,0.0,0.0,0.0,29.0,0.0,0.0,0.0,29.0,0.0,0.0,0.0,0.0,0.0,"solar2_v,lipo2_v"
2022-12-08T23:00:00Z,29.0,29.0,,,,,,,,,,,,,,,4.039,4.037,4.04,,,,232.172,0.0,0.0,,,,,304.172,304.0,305.0,,,0.0,17441.0,17469.0,0.0,0.0,0.0,0.0,0.0,0.0,29.0,0.0,0.0,0.0,29.0,0.0,0.0,0.0,0.0,0.0,"solar2_v,lipo2_v"
2022-12-09T00:00:00Z,28.0,28.0,,,,,,,,,,,,,,,4.039,4.037,4.04,,,,232.107,0.0,0.0,,,,,305.714,304.0,308.0,,,0.0,17472.0,17499.0,0.0,0.0,0.0,0.0,0.0,0.0,28.0,0.0,0.0,0.0,28.0,0.0,0.0,0.0,0.0,0.0,"solar2_v,lipo2_v"
2022-12-09T01:00:00Z,28.0,28.0,,,,,,,,,,,,,,,4.039,4.037,4.04,,,,231.929,0.0,0.0,,,,,312.607,308.0,316.0,,,0.0,17500.0,17528.0,0.0,0.0,0.0,0.0,0.0,0.0,28.0,0.0,0.0,0.0,28.0,0.0,0.0,0.0,0.0,0.0,"solar2_v,lipo2_v"
2022-12-09T02:00:00Z,29.0,29.0,,,,,,,,,,,,,,,4.038,4.036,4.04,,,,227.966,0.0,0.0,,,,,319.103,287.0,367.0,,,0.0,17529.0,17557.0,0.0,0.0,0.0,0.0,0.0,0.0,29.0,0.0,0.0,0.0,29.0,0.0,0.0,0.0,0.0,0.0,"solar2_v,lipo2_v"
2022-12-09T03:00:00Z,29.0,29.0,,,,,,,,,,,,,,,4.039,4.037,4.04,,,,228.517,0.0,0.0,,,,,289.655,276.0,322.0,,,0.0,17558.0,17586.0,0.0,0.0,0.0,0.0,0.0,0.0,29.0,0.0,0.0,0.0,29.0,0.0,0.0,0.0,0.0,0.0,"solar2_v,lipo2_v"
2022-12-09T04:00:00Z,30.0,30.0,,,,,,,,,,,,,,,4.038,4.037,4.04,,,,229.367,0.0,0.0,,,,,273.233,271.0,281.0,,,0.0,17587.0,17616.0,0.0,0.0,0.0,0.0,0.0,0.0,30.0,0.0,0.0,0.0,30.0,0.0,0.0,0.0,0.0,0.0,"solar2_v,lipo2_v"
2022-12-09T05:00:00Z,29.0,29.0,,,,,,,,,,,,,,,4.038,4.036,4.039,,,,230.034,0.0,0.0,,,,,285.517,272.0,326.0,,,0.0,17617.0,17645.0,0.0,0.0,0.0,0.0,0.0,0.0,29.0,0.0,0.0,0.0,29.0,0.0,0.0,0.0,0.0,0.0,"solar2_v,lipo2_v"
2022-12-09T06:00:00Z,29.0,29.0,,,,,,,,,,,,,,,4.037,4.036,4.039,,,,230.621,0.0,0.0,,,,,273.759,268.0,318.0,,,0.0,17646.0,17674.0,0.0,0.0,0.0,0.0,0.0,0.0,29.0,0.0,0.0,0.0,29.0,0.0,0.0,0.0,0.0,0.0,"solar2_v,lipo2_v"
2022-12-09T07:00:00Z,29.0,29.0,,,,,,,,,,,,,,,4.037,4.036,4.039,,,,231.0,0.0,0.0,,,,,307.31,271.0,316.0,,,0.0,17675.0,17703.0,0.0,0.0,0.0,0.0,0.0,0.0,29.0,0.0,0.0,0.0,29.0,0.0,0.0,0.0,0.0,0.0,"solar2_v,lipo2_v"
2022-12-09T08:00:00Z,27.0,27.0,,,,,,,,,,,,,,,4.037,4.036,4.039,,,,231.111,0.0,0.0,,,,,316.0,316.0,316.0,,,0.0,17705.0,17732.0,0.0,0.0,0.0,0.0,0.0,0.0,27.0,0.0,0.0,0.0,27.0,0.0,0.0,0.0,0.0,0.0,"solar2_v,lipo2_v"
2022-12-09T09:00:00Z,30.0,30.0,,,,,,,,,,,,,,,4.036,4.034,4.039,,,,230.933,0.0,0.0,,,,,315.833,315.0,316.0,,,0.0,17733.0,17762.0,0.0,0.0,0.0,0.0,0.0,0.0,30.0,0.0,0.0,0.0,30.0,0.0,0.0,0.0,0.0,0.0,"solar2_v,lipo2_v"
2022-12-09T10:00:00Z,28.0,28.0,,,,,,,,,,,,,,,4.037,4.036,4.039,,,,231.429,0.0,0.0,,,,,285.071,266.0,315.0,,,0.0,17763.0,17790.0,0.0,0.0,0.0,0.0,0.0,0.0,28.0,0.0,0.0,0.0,28.0,0.0,0.0,0.0,0.0,0.0,"solar2_v,lipo2_v"
2022-12-09T11:00:00Z,29.0,29.0,,,,,,,,,,,,,,,4.036,4.034,4.037,,,,231.379,0.0,0.0,,,,,264.414,260.0,269.0,,,0.0,17792.0,17820.0,0.0,0.0,0.0,0.0,0.0,0.0,29.0,0.0,0.0,0.0,29.0,0.0,0.0,0.0,0.0,0.0,"solar2_v,lipo2_v"
2022-12-09T12:00:00Z,29.0,29.0,,,,,,,,,,,,,,,4.035,4.034,4.037,,,,231.621,0.0,0.0,,,,,268.31,261.0,286.0,,,0.0,17821.0,17849.0,0.0,0.0,0.0,0.0,0.0,0.0,29.0,0.0,0.0,0.0,29.0,0.0,0.0,0.0,0.0,0.0,"solar2_v,lipo2_v"
2022-12-09T13:00:00Z,29.0,29.0,,,,,,,,,,,,,,,4.035,4.032,4.037,,,,231.793,0.0,0.0,,,,,264.897,259.0,277.0,,,0.0,17850.0,17878.0,0.0,0.0,0.0,0.0,0.0,0.0,29.0,0.0,0.0,0.0,29.0,0.0,0.0,0.0,0.0,0.0,"solar2_v,lipo2_v"
2022-12-09T14:00:00Z,30.0,30.0,,,,,,,,,,,,,,,4.035,4.032,4.037,,,,231.633,0.0,0.0,,,,,259.267,258.0,262.0,,,0.0,17879.0,17908.0,0.0,0.0,0.0,0.0,0.0,0.0,30.0,0.0,0.0,0.0,30.0,0.0,0.0,0.0,0.0,0.0,"solar2_v,lipo2_v"
2022-12-09T15:00:00Z,28.0,28.0,,,,,,,,,,,,,,,4.034,4.032,4.036,,,,231.5,0.0,0.0,,,,,259.214,258.0,264.0,,,0.0,17909.0,17937.0,0.0,0.0,0.0,0.0,0.0,0.0,28.0,0.0,0.0,0.0,28.0,0.0,0.0,0.0,0.0,0.0,"solar2_v,lipo2_v"
2022-12-09T16:00:00Z,29.0,29.0,,,,,,,,,,,,,,,4.033,4.032,4.036,,,,232.0,0.0,0.0,,,,,279.862,263.0,303.0,,,0.0,17938.0,17966.0,0.0,0.0,0.0,0.0,0.0,0.0,29.0,0.0,0.0,0.0,29.0,0.0,0.0,0.0,0.0,0.0,"solar2_v,lipo2_v"
2022-12-09T17:00:00Z,29.0,29.0,,,,,,,,,,,,,,,4.033,4.032,4.034,,,,231.931,0.0,0.0,,,,,298.448,273.0,310.0,,,0.0,17967.0,17995.0,0.0,0.0,0.0,0.0,0.0,0.0,29.0,0.0,0.0,0.0,29.0,0.0,0.0,0.0,0.0,0.0,"solar2_v,lipo2_v"
2022-12-09T18:00:00Z,30.0,30.0,,,,,,,,,,,,,,,4.032,4.031,4.034,,,,232.167,0.0,0.0,,,,,293.367,271.0,307.0,,,0.0,17996.0,18025.0,0.0,0.0,0.0,0.0,0.0,0.0,30.0,0.0,0.0,0.0,30.0,0.0,0.0,0.0,0.0,0.0,"solar2_v,lipo2_v"
2022-12-09T19:00:00Z,29.0,29.0,,,,,,,,,,,,,,,4.032,4.031,4.034,,,,232.31,0.0,0.0,,,,,304.034,291.0,306.0,,,0.0,18026.0,18054.0,0.0,0.0,0.0,0.0,0.0,0.0,29.0,0.0,0.0,0.0,29.0,0.0,0.0,0.0,0.0,0.0,"solar2_v,lipo2_v"
2022-12-09T20:00:00Z,29.0,29.0,,,,,,,,,,,,,,,4.032,4.031,4.034,,,,232.345,0.0,0.0,,,,,283.0,269.0,293.0,,,0.0,18055.0,18083.0,0.0,0.0,0.0,0.0,0.0,0.0,29.0,0.0,0.0,0.0,29.0,0.0,0.0,0.0,0.0,0.0,"solar2_v,lipo2_v"
2022-12-09T21:00:00Z,29.0,29.0,,,,,,,,,,,,,,,4.032,4.031,4.034,,,,232.414,0.0,0.0,,,,,270.621,260.0,299.0,,,0.0,18084.0,18112.0,0.0,0.0,0.0,0.0,0.0,0.0,29.0,0.0,0.0,0.0,29.0,0.0,0.0,0.0,0.0,0.0,"solar2_v,lipo2_v"
2022-12-09T22:00:00Z,30.0,30.0,,,,,,,,,,,,,,,4.031,4.029,4.032,,,,232.5,0.0,0.0,,,,,275.6,267.0,301.0,,,0.0,18113.0,18142.0,0.0,0.0,0.0,0.0,0.0,0.0,30.0,0.0,0.0,0.0,30.0,0.0,0.0,0.0,0.0,0.0,"solar2_v,lipo2_v"
2022-12-09T23:00:00Z,20.0,20.0,,,,,,,,,,,,,,,4.031,4.029,4.032,,,,232.5,0.0,0.0,,,,,269.25,264.0,286.0,,,0.0,18143.0,18171.0,0.0,0.0,0.0,0.0,0.0,0.0,20.0,0.0,0.0,0.0,20.0,0.0,0.0,0.0,0.0,0.0,"solar2_v,lipo2_v"
2022-12-10T00:00:00Z,29.0,29.0,,,,,,,,,,,,,,,4.031,4.029,4.032,,,,232.345,0.0,0.0,,,,,270.069,265.0,273.0,,,0.0,18172.0,18200.0,0.0,0.0,0.0,0.0,0.0,0.0,29.0,0.0,0.0,0.0,29.0,0.0,0.0,0.0,0.0,0.0,"solar2_v,lipo2_v"
2022-12-10T01:00:00Z,29.0,29.0,,,,,,,,,,,,,,,4.031,4.029,4.032,,,,231.862,0.0,0.0,,,,,268.655,262.0,275.0,,,0.0,18201.0,18229.0,0.0,0.0,0.0,0.0,0.0,0.0,29.0,0.0,0.0,0.0,29.0,0.0,0.0,0.0,0.0,0.0,"solar2_v,lipo2_v"
2022-12-10T02:00:00Z,29.0,29.0,,,,,,,,,,,,,,,4.031,4.029,4.032,,,,227.724,0.0,0.0,,,,,312.414,262.0,365.0,,,0.0,18230.0,18258.0,0.0,0.0,0.0,0.0,0.0,0.0,29.0,0.0,0.0,0.0,29.0,0.0,0.0,0.0,0.0,0.0,"solar2_v,lipo2_v"
2022-12-10T03:00:00Z,30.0,30.0,,,,,,,,,,,,,,,4.031,4.031,4.034,,,,227.833,0.0,0.0,,,,,307.5,286.0,353.0,,,0.0,18259.0,18288.0,0.0,0.0,0.0,0.0,0.0,0.0,30.0,0.0,0.0,0.0,30.0,0.0,0.0,0.0,0.0,0.0,"solar2_v,lipo2_v"
2022-12-10T04:00:00Z,29.0,29.0,,,,,,,,,,,,,,,4.031,4.031,4.032,,,,228.69,0.0,0.0,,,,,279.379,274.0,286.0,,,0.0,18289.0,18317.0,0.0,0.0,0.0,0.0,0.0,0.0,29.0,0.0,0.0,0.0,29.0,0.0,0.0,0.0,0.0,0.0,"solar2_v,lipo2_v"
2022-12-10T05:00:00Z,29.0,29.0,,,,,,,,,,,,,,,4.031,4.029,4.032,,,,229.448,0.0,0.0,,,,,301.0,281.0,332.0,,,0.0,18318.0,18346.0,0.0,0.0,0.0,0.0,0.0,0.0,29.0,0.0,0.0,0.0,29.0,0.0,0.0,0.0,0.0,0.0,"solar2_v,lipo2_v"
2022-12-10T06:00:00Z,29.0,29.0,,,,,,,,,,,,,,,4.03,4.029,4.032,,,,229.793,0.0,0.0,,,,,314.345,277.0,325.0,,,0.0,18347.0,18375.0,0.0,0.0,0.0,0.0,0.0,0.0,29.0,0.0,0.0,0.0,29.0,0.0,0.0,0.0,0.0,0.0,"solar2_v,lipo2_v"
2022-12-10T07:00:00Z,29.0,29.0,,,,,,,,,,,,,,,4.03,4.029,4.032,,,,230.793,0.0,0.0,,,,,285.345,265.0,320.0,,,0.0,18376.0,18404.0,0.0,0.0,0.0,0.0,0.0,0.0,29.0,0.0,0.0,0.0,29.0,0.0,0.0,0.0,0.0,0.0,"solar2_v,lipo2_v"
2022-12-10T08:00:00Z,29.0,29.0,,,,,,,,,,,,,,,4.03,4.029,4.031,,,,230.759,0.0,0.0,,,,,288.586,265.0,315.0,,,0.0,18405.0,18433.0,0.0,0.0,0.0,0.0,0.0,0.0,29.0,0.0,0.0,0.0,29.0,0.0,0.0,0.0,0.0,0.0,"solar2_v,lipo2_v"
2022-12-10T09:00:00Z,30.0,30.0,,,,,,,,,,,,,,,4.029,4.029,4.031,,,,232.8,0.0,0.0,,,,,283.467,250.0,314.0,,,0.0,18434.0,18463.0,0.0,0.0,0.0,0.0,0.0,0.0,30.0,0.0,0.0,0.0,30.0,0.0,0.0,0.0,0.0,0.0,"solar2_v,lipo2_v"
2022-12-10T10:00:00Z,29.0,29.0,,,,,,,,,,,,,,,4.029,4.027,4.029,,,,233.448,0.0,0.0,,,,,282.448,249.0,294.0,,,0.0,18464.0,18492.0,0.0,0.0,0.0,0.0,0.0,0.0,29.0,0.0,0.0,0.0,29.0,0.0,0.0,0.0,0.0,0.0,"solar2_v,lipo2_v"
2022-12-10T11:00:00Z,29.0,29.0,,,,,,,,,,,,,,,4.029,4.027,4.029,,,,232.276,0.0,0.0,,,,,249.172,233.0,259.0,,,0.0,18493.0,18521.0,0.0,0.0,0.0,0.0,0.0,0.0,29.0,0.0,0.0,0.0,29.0,0.0,0.0,0.0,0.0,0.0,"solar2_v,lipo2_v"
2022-12-10T12:00:00Z,29.0,29.0,,,,,,,,,,,,,,,4.029,4.027,4.029,,,,232.034,0.0,0.0,,,,,256.828,249.0,268.0,,,0.0,18522.0,18550.0,0.0,0.0,0.0,0.0,0.0,0.0,29.0,0.0,0.0,0.0,29.0,0.0,0.0,0.0,0.0,0.0,"solar2_v,lipo2_v"
2022-12-10T13:00:00Z,30.0,30.0,,,,,,,,,,,,,,,4.029,4.027,4.029,,,,232.167,0.0,0.0,,,,,264.2,258.0,272.0,,,0.0,18551.0,18580.0,0.0,0.0,0.0,0.0,0.0,0.0,30.0,0.0,0.0,0.0,30.0,0.0,0.0,0.0,0.0,0.0,"solar2_v,lipo2_v"
2022-12-10T14:00:00Z,29.0,29.0,,,,,,,,,,,,,,,4.028,4.027,4.029,,,,232.345,0.0,0.0,,,,,269.483,261.0,286.0,,,0.0,18581.0,18609.0,0.0,0.0,0.0,0.0,0.0,0.0,29.0,0.0,0.0,0.0,29.0,0.0,0.0,0.0,0.0,0.0,"solar2_v,lipo2_v"
2022-12-10T15:00:00Z,29.0,29.0,,,,,,,,,,,,,,,4.029,4.027,4.029,,,,231.655,0.0,0.0,,,,,300.414,276.0,306.0,,,0.0,18610.0,18638.0,0.0,0.0,0.0,0.0,0.0,0.0,29.0,0.0,0.0,0.0,29.0,0.0,0.0,0.0,0.0,0.0,"solar2_v,lipo2_v"
2022-12-10T16:00:00Z,29.0,29.0,,,,,,,,,,,,,,,4.028,4.027,4.029,,,,231.862,0.0,0.0,,,,,305.172,304.0,306.0,,,0.0,18639.0,18667.0,0.0,0.0,0.0,0.0,0.0,0.0,29.0,0.0,0.0,0.0,29.0,0.0,0.0,0.0,0.0,0.0,"solar2_v,lipo2_v"
2022-12-10T17:00:00Z,29.0,29.0,,,,,,,,,,,,,,,4.027,4.027,4.029,,,,232.034,0.0,0.0,,,,,302.586,301.0,304.0,,,0.0,18668.0,18696.0,0.0,0.0,0.0,0.0,0.0,0.0,29.0,0.0,0.0,0.0,29.0,0.0,0.0,0.0,0.0,0.0,"solar2_v,lipo2_v"
2022-12-10T18:00:00Z,30.0,30.0,,,,,,,,,,,,,,,4.028,4.027,4.029,,,,232.1,0.0,0.0,,,,,301.1,301.0,302.0,,,0.0,18697.0,18726.0,0.0,0.0,0.0,0.0,0.0,0.0,30.0,0.0,0.0,0.0,30.0,0.0,0.0,0.0,0.0,0.0,"solar2_v,lipo2_v"
2022-12-10T19:00:00Z,29.0,29.0,,,,,,,,,,,,,,,4.027,4.027,4.029,,,,232.241,0.0,0.0,,,,,301.0,301.0,301.0,,,0.0,18727.0,18755.0,0.0,0.0,0.0,0.0,0.0,0.0,29.0,0.0,0.0,0.0,29.0,0.0,0.0,0.0,0.0,0.0,"solar2_v,lipo2_v"
2022-12-10T20:00:00Z,29.0,29.0,,,,,,,,,,,,,,,4.027,4.027,4.029,,,,232.172,0.0,0.0,,,,,301.0,301.0,301.0,,,0.0,18756.0,18784.0,0.0,0.0,0.0,0.0,0.0,0.0,29.0,0.0,0.0,0.0,29.0,0.0,0.0,0.0,0.0,0.0,"solar2_v,lipo2_v"
2022-12-10T21:00:00Z,29.0,29.0,,,,,,,,,,,,,,,4.027,4.027,4.029,,,,232.483,0.0,0.0,,,,,300.931,300.0,301.0,,,0.0,18785.0,18813.0,0.0,0.0,0.0,0.0,0.0,0.0,29.0,0.0,0.0,0.0,29.0,0.0,0.0,0.0,0.0,0.0,"solar2_v,lipo2_v"
2022-12-10T22:00:00Z,17.0,17.0,,,,,,,,,,,,,,,4.027,4.027,4.027,,,,232.294,0.0,0.0,,,,,301.0,301.0,301.0,,,0.0,18814.0,18839.0,0.0,0.0,0.0,0.0,0.0,0.0,17.0,0.0,0.0,0.0,17.0,0.0,0.0,0.0,0.0,0.0,"solar2_v,lipo2_v"
2022-12-10T23:00:00Z,16.0,16.0,,,,,,,,,,,,,,,4.027,4.026,4.027,,,,232.562,0.0,0.0,,,,,300.938,300.0,301.0,,,0.0,18844.0,18869.0,0.0,0.0,0.0,0.0,0.0,0.0,16.0,0.0,0.0,0.0,16.0,0.0,0.0,0.0,0.0,0.0,"solar2_v,lipo2_v"
2022-12-11T00:00:00Z,29.0,29.0,,,,,,,,,,,,,,,4.027,4.026,4.027,,,,232.586,0.0,0.0,,,,,300.862,300.0,301.0,,,0.0,18870.0,18898.0,0.0,0.0,0.0,0.0,0.0,0.0,29.0,0.0,0.0,0.0,29.0,0.0,0.0,0.0,0.0,0.0,"solar2_v,lipo2_v"
2022-12-11T01:00:00Z,29.0,29.0,,,,,,,,,,,,,,,4.026,4.026,4.027,,,,232.0,0.0,0.0,,,,,305.207,301.0,313.0,,,0.0,18899.0,18927.0,0.0,0.0,0.0,0.0,0.0,0.0,29.0,0.0,0.0,0.0,29.0,0.0,0.0,0.0,0.0,0.0,"solar2_v,lipo2_v"
2022-12-11T02:00:00Z,30.0,30.0,,,,,,,,,,,,,,,4.026,4.026,4.027,,,,230.433,0.0,0.0,,,,,295.233,259.0,330.0,,,0.0,18928.0,18957.0,0.0,0.0,0.0,0.0,0.0,0.0,30.0,0.0,0.0,0.0,30.0,0.0,0.0,0.0,0.0,0.0,"solar2_v,lipo2_v"
2022-12-11T03:00:00Z,29.0,29.0,,,,,,,,,,,,,,,4.026,4.024,4.026,,,,231.759,0.0,0.0,,,,,296.379,254.0,316.0,,,0.0,18958.0,18986.0,0.0,0.0,0.0,0.0,0.0,0.0,29.0,0.0,0.0,0.0,29.0,0.0,0.0,0.0,0.0,0.0,"solar2_v,lipo2_v"
2022-12-11T04:00:00Z,29.0,29.0,,,,,,,,,,,,,,,4.026,4.024,4.027,,,,232.414,0.0,0.0,,,,,268.207,257.0,286.0,,,0.0,18987.0,19015.0,0.0,0.0,0.0,0.0,0.0,0.0,29.0,0.0,0.0,0.0,29.0,0.0,0.0,0.0,0.0,0.0,"solar2_v,lipo2_v"
2022-12-11T05:00:00Z,29.0,29.0,,,,,,,,,,,,,,,4.025,4.022,4.026,,,,232.966,0.0,0.0,,,,,287.621,256.0,300.0,,,0.0,19016.0,19044.0,0.0,0.0,0.0,0.0,0.0,0.0,29.0,0.0,0.0,0.0,29.0,0.0,0.0,0.0,0.0,0.0,"solar2_v,lipo2_v"
2022-12-11T06:00:00Z,29.0,29.0,,,,,,,,,,,,,,,4.025,4.024,4.026,,,,233.034,0.0,0.0,,,,,291.828,272.0,301.0,,,0.0,19045.0,19073.0,0.0,0.0,0.0,0.0,0.0,0.0,29.0,0.0,0.0,0.0,29.0,0.0,0.0,0.0,0.0,0.0,"solar2_v,lipo2_v"
2022-12-11T07:00:00Z,30.0,30.0,,,,,,,,,,,,,,,4.024,4.021,4.026,,,,233.7,0.0,0.0,,,,,270.2,251.0,288.0,,,0.0,19074.0,19103.0,0.0,0.0,0.0,0.0,0.0,0.0,30.0,0.0,0.0,0.0,30.0,0.0,0.0,0.0,0.0,0.0,"solar2_v,lipo2_v"
2022-12-11T08:00:00Z,29.0,29.0,,,,,,,,,,,,,,,4.024,4.022,4.026,,,,232.862,0.0,0.0,,,,,277.69,246.0,297.0,,,0.0,19104.0,19132.0,0.0,0.0,0.0,0.0,0.0,0.0,29.0,0.0,0.0,0.0,29.0,0.0,0.0,0.0,0.0,0.0,"solar2_v,lipo2_v"
2022-12-11T09:00:00Z,29.0,29.0,,,,,,,,,,,,,,,4.023,4.021,4.024,,,,232.414,0.0,0.0,,,,,280.897,272.0,291.0,,,0.0,19133.0,19161.0,0.0,0.0,0.0,0.0,0.0,0.0,29.0,0.0,0.0,0.0,29.0,0.0,0.0,0.0,0.0,0.0,"solar2_v,lipo2_v"
2022-12-11T10:00:00Z,29.0,29.0,,,,,,,,,,,,,,,4.023,4.021,4.024,,,,232.586,0.0,0.0,,,,,267.586,255.0,281.0,,,0.0,19162.0,19190.0,0.0,0.0,0.0,0.0,0.0,0.0,29.0,0.0,0.0,0.0,29.0,0.0,0.0,0.0,0.0,0.0,"solar2_v,lipo2_v"
2022-12-11T11:00:00Z,30.0,30.0,,,,,,,,,,,,,,,4.022,4.019,4.024,,,,232.7,0.0,0.0,,,,,247.967,245.0,257.0,,,0.0,19191.0,19220.0,0.0,0.0,0.0,0.0,0.0,0.0,30.0,0.0,0.0,0.0,30.0,0.0,0.0,0.0,0.0,0.0,"solar2_v,lipo2_v"
2022-12-11T12:00:00Z,28.0,28.0,,,,,,,,,,,,,,,4.022,4.021,4.024,,,,232.5,0.0,0.0,,,,,244.179,240.0,248.0,,,0.0,19221.0,19249.0,0.0,0.0,0.0,0.0,0.0,0.0,28.0,0.0,0.0,0.0,28.0,0.0,0.0,0.0,0.0,0.0,"solar2_v,lipo2_v"
2022-12-11T13:00:00Z,29.0,29.0,,,,,,,,,,,,,,,4.021,4.019,4.024,,,,232.241,0.0,0.0,,,,,245.966,242.0,251.0,,,0.0,19250.0,19278.0,0.0,0.0,0.0,0.0,0.0,0.0,29.0,0.0,0.0,0.0,29.0,0.0,0.0,0.0,0.0,0.0,"solar2_v,lipo2_v"
2022-12-11T14:00:00Z,29.0,29.0,,,,,,,,,,,,,,,4.02,4.019,4.022,,,,232.345,0.0,0.0,,,,,246.276,244.0,251.0,,,0.0,19279.0,19307.0,0.0,0.0,0.0,0.0,0.0,0.0,29.0,0.0,0.0,0.0,29.0,0.0,0.0,0.0,0.0,0.0,"solar2_v,lipo2_v"
2022-12-11T15:00:00Z,29.0,29.0,,,,,,,,,,,,,,,4.02,4.017,4.021,,,,232.276,0.0,0.0,,,,,246.069,244.0,248.0,,,0.0,19308.0,19336.0,0.0,0.0,0.0,0.0,0.0,0.0,29.0,0.0,0.0,0.0,29.0,0.0,0.0,0.0,0.0,0.0,"solar2_v,lipo2_v"
2022-12-11T16:00:00Z,30.0,30.0,,,,,,,,,,,,,,,4.019,4.017,4.022,,,,232.233,0.0,0.0,,,,,248.4,246.0,252.0,,,0.0,19337.0,19366.0,0.0,0.0,0.0,0.0,0.0,0.0,30.0,0.0,0.0,0.0,30.0,0.0,0.0,0.0,0.0,0.0,"solar2_v,lipo2_v"
2022-12-11T17:00:00Z,29.0,29.0,,,,,,,,,,,,,,,4.019,4.016,4.021,,,,232.69,0.0,0.0,,,,,253.621,249.0,258.0,,,0.0,19367.0,19395.0,0.0,0.0,0.0,0.0,0.0,0.0,29.0,0.0,0.0,0.0,29.0,0.0,0.0,0.0,0.0,0.0,"solar2_v,lipo2_v"
2022-12-11T18:00:00Z,29.0,29.0,,,,,,,,,,,,,,,4.018,4.016,4.021,,,,232.207,0.0,0.0,,,,,251.793,247.0,257.0,,,0.0,19396.0,19424.0,0.0,0.0,0.0,0.0,0.0,0.0,29.0,0.0,0.0,0.0,29.0,0.0,0.0,0.0,0.0,0.0,"solar2_v,lipo2_v"
2022-12-11T19:00:00Z,29.0,29.0,,,,,,,,,,,,,,,4.017,4.014,4.019,,,,232.345,0.0,0.0,,,,,248.621,246.0,252.0,,,0.0,19425.0,19453.0,0.0,0.0,0.0,0.0,0.0,0.0,29.0,0.0,0.0,0.0,29.0,0.0,0.0,0.0,0.0,0.0,"solar2_v,lipo2_v"
2022-12-11T20:00:00Z,29.0,29.0,,,,,,,,,,,,,,,4.016,4.014,4.019,,,,232.31,0.0,0.0,,,,,246.414,244.0,252.0,,,0.0,19454.0,19482.0,0.0,0.0,0.0,0.0,0.0,0.0,29.0,0.0,0.0,0.0,29.0,0.0,0.0,0.0,0.0,0.0,"solar2_v,lipo2_v"
2022-12-11T21:00:00Z,29.0,29.0,,,,,,,,,,,,,,,4.015,4.012,4.017,,,,232.586,0.0,0.0,,,,,244.931,243.0,246.0,,,0.0,19483.0,19511.0,0.0,0.0,0.0,0.0,0.0,0.0,29.0,0.0,0.0,0.0,29.0,0.0,0.0,0.0,0.0,0.0,"solar2_v,lipo2_v"
2022-12-11T22:00:00Z,30.0,30.0,,,,,,,,,,,,,,,4.014,4.011,4.017,,,,232.967,0.0,0.0,,,,,244.867,242.0,247.0,,,0.0,19512.0,19541.0,0.0,0.0,0.0,0.0,0.0,0.0,30.0,0.0,0.0,0.0,30.0,0.0,0.0,0.0,0.0,0.0,"solar2_v,lipo2_v"
2022-12-11T23:00:00Z,29.0,29.0,,,,,,,,,,,,,,,4.012,4.011,4.014,,,,232.931,0.0,0.0,,,,,244.448,241.0,246.0,,,0.0,19542.0,19570.0,0.0,0.0,0.0,0.0,0.0,0.0,29.0,0.0,0.0,0.0,29.0,0.0,0.0,0.0,0.0,0.0,"solar2_v,lipo2_v"
2022-12-12T00:00:00Z,29.0,29.0,,,,,,,,,,,,,,,4.012,4.011,4.014,,,,232.552,0.0,0.0,,,,,244.276,241.0,246.0,,,0.0,19571.0,19599.0,0.0,0.0,0.0,0.0,0.0,0.0,29.0,0.0,0.0,0.0,29.0,0.0,0.0,0.0,0.0,0.0,"solar2_v,lipo2_v"
2022-12-12T01:00:00Z,29.0,29.0,,,,,,,,,,,,,,,4.012,4.011,4.014,,,,232.069,0.0,0.0,,,,,255.138,246.0,266.0,,,0.0,19600.0,19628.0,0.0,0.0,0.0,0.0,0.0,0.0,29.0,0.0,0.0,0.0,29.0,0.0,0.0,0.0,0.0,0.0,"solar2_v,lipo2_v"
2022-12-12T02:00:00Z,30.0,30.0,,,,,,,,,,,,,,,4.012,4.011,4.014,,,,226.467,0.0,0.0,,,,,314.967,259.0,392.0,,,0.0,19629.0,19658.0,0.0,0.0,0.0,0.0,0.0,0.0,30.0,0.0,0.0,0.0,30.0,0.0,0.0,0.0,0.0,0.0,"solar2_v,lipo2_v"
2022-12-12T03:00:00Z,29.0,29.0,,,,,,,,,,,,,,,4.012,4.009,4.014,,,,228.448,0.0,0.0,,,,,329.034,291.0,348.0,,,0.0,19659.0,19687.0,0.0,0.0,0.0,0.0,0.0,0.0,29.0,0.0,0.0,0.0,29.0,0.0,0.0,0.0,0.0,0.0,"solar2_v,lipo2_v"
2022-12-12T04:00:00Z,29.0,29.0,,,,,,,,,,,,,,,4.012,4.011,4.012,,,,228.345,0.0,0.0,,,,,291.207,260.0,346.0,,,0.0,19688.0,19716.0,0.0,0.0,0.0,0.0,0.0,0.0,29.0,0.0,0.0,0.0,29.0,0.0,0.0,0.0,0.0,0.0,"solar2_v,lipo2_v"
2022-12-12T05:00:00Z,29.0,29.0,,,,,,,,,,,,,,,4.01,4.007,4.012,,,,229.759,0.0,0.0,,,,,272.517,260.0,313.0,,,0.0,19717.0,19745.0,0.0,0.0,0.0,0.0,0.0,0.0,29.0,0.0,0.0,0.0,29.0,0.0,0.0,0.0,0.0,0.0,"solar2_v,lipo2_v"
2022-12-12T06:00:00Z,29.0,29.0,,,,,,,,,,,,,,,4.009,4.007,4.012,,,,230.621,0.0,0.0,,,,,317.103,316.0,321.0,,,0.0,19746.0,19774.0,0.0,0.0,0.0,0.0,0.0,0.0,29.0,0.0,0.0,0.0,29.0,0.0,0.0,0.0,0.0,0.0,"solar2_v,lipo2_v"
2022-12-12T07:00:00Z,30.0,30.0,,,,,,,,,,,,,,,4.007,4.006,4.009,,,,230.7,0.0,0.0,,,,,311.1,291.0,316.0,,,0.0,19775.0,19804.0,0.0,0.0,0.0,0.0,0.0,0.0,30.0,0.0,0.0,0.0,30.0,0.0,0.0,0.0,0.0,0.0,"solar2_v,lipo2_v"
2022-12-12T08:00:00Z,29.0,29.0,,,,,,,,,,,,,,,4.007,4.006,4.009,,,,231.172,0.0,0.0,,,,,313.241,313.0,314.0,,,0.0,19805.0,19833.0,0.0,0.0,0.0,0.0,0.0,0.0,29.0,0.0,0.0,0.0,29.0,0.0,0.0,0.0,0.0,0.0,"solar2_v,lipo2_v"
2022-12-12T09:00:00Z,29.0,29.0,,,,,,,,,,,,,,,4.006,4.004,4.007,,,,231.276,0.0,0.0,,,,,302.655,272.0,313.0,,,0.0,19834.0,19862.0,0.0,0.0,0.0,0.0,0.0,0.0,29.0,0.0,0.0,0.0,29.0,0.0,0.0,0.0,0.0,0.0,"solar2_v,lipo2_v"
2022-12-12T10:00:00Z,29.0,29.0,,,,,,,,,,,,,,,4.005,4.003,4.007,,,,231.483,0.0,0.0,,,,,301.138,277.0,307.0,,,0.0,19863.0,19891.0,0.0,0.0,0.0,0.0,0.0,0.0,29.0,0.0,0.0,0.0,29.0,0.0,0.0,0.0,0.0,0.0,"solar2_v,lipo2_v"
2022-12-12T11:00:00Z,29.0,29.0,,,,,,,,,,,,,,,4.004,4.003,4.006,,,,231.793,0.0,0.0,,,,,302.0,301.0,305.0,,,0.0,19892.0,19921.0,0.0,0.0,0.0,0.0,0.0,0.0,29.0,0.0,0.0,0.0,29.0,0.0,0.0,0.0,0.0,0.0,"solar2_v,lipo2_v"
2022-12-12T12:00:00Z,29.0,29.0,,,,,,,,,,,,,,,4.004,4.001,4.004,,,,231.897,0.0,0.0,,,,,300.414,299.0,302.0,,,0.0,19922.0,19950.0,0.0,0.0,0.0,0.0,0.0,0.0,29.0,0.0,0.0,0.0,29.0,0.0,0.0,0.0,0.0,0.0,"solar2_v,lipo2_v"
2022-12-12T13:00:00Z,29.0,29.0,,,,,,,,,,,,,,,4.003,4.001,4.004,,,,232.138,0.0,0.0,,,,,299.621,293.0,303.0,,,0.0,19951.0,19979.0,0.0,0.0,0.0,0.0,0.0,0.0,29.0,0.0,0.0,0.0,29.0,0.0,0.0,0.0,0.0,0.0,"solar2_v,lipo2_v"
2022-12-12T14:00:00Z,29.0,29.0,,,,,,,,,,,,,,,4.002,4.001,4.004,,,,232.103,0.0,0.0,,,,,283.345,277.0,297.0,,,0.0,19980.0,20008.0,0.0,0.0,0.0,0.0,0.0,0.0,29.0,0.0,0.0,0.0,29.0,0.0,0.0,0.0,0.0,0.0,"solar2_v,lipo2_v"
2022-12-12T15:00:00Z,29.0,29.0,,,,,,,,,,,,,,,4.001,3.999,4.003,,,,231.966,0.0,0.0,,,,,276.724,272.0,288.0,,,0.0,20009.0,20037.0,0.0,0.0,0.0,0.0,0.0,0.0,29.0,0.0,0.0,0.0,29.0,0.0,0.0,0.0,0.0,0.0,"solar2_v,lipo2_v"
2022-12-12T16:00:00Z,30.0,30.0,,,,,,,,,,,,,,,4.0,3.999,4.003,,,,232.333,0.0,0.0,,,,,280.333,271.0,301.0,,,0.0,20038.0,20067.0,0.0,0.0,0.0,0.0,0.0,0.0,30.0,0.0,0.0,0.0,30.0,0.0,0.0,0.0,0.0,0.0,"solar2_v,lipo2_v"
2022-12-12T17:00:00Z,29.0,29.0,,,,,,,,,,,,,,,3.999,3.998,4.001,,,,232.345,0.0,0.0,,,,,294.207,274.0,301.0,,,0.0,20068.0,20096.0,0.0,0.0,0.0,0.0,0.0,0.0,29.0,0.0,0.0,0.0,29.0,0.0,0.0,0.0,0.0,0.0,"solar2_v,lipo2_v"
2022-12-12T18:00:00Z,29.0,29.0,,,,,,,,,,,,,,,3.999,3.998,3.999,,,,232.621,0.0,0.0,,,,,300.759,300.0,301.0,,,0.0,20097.0,20125.0,0.0,0.0,0.0,0.0,0.0,0.0,29.0,0.0,0.0,0.0,29.0,0.0,0.0,0.0,0.0,0.0,"solar2_v,lipo2_v"
2022-12-12T19:00:00Z,29.0,29.0,,,,,,,,,,,,,,,3.998,3.996,3.999,,,,232.724,0.0,0.0,,,,,290.966,266.0,301.0,,,0.0,20126.0,20154.0,0.0,0.0,0.0,0.0,0.0,0.0,29.0,0.0,0.0,0.0,29.0,0.0,0.0,0.0,0.0,0.0,"solar2_v,lipo2_v"
2022-12-12T20:00:00Z,30.0,30.0,,,,,,,,,,,,,,,3.997,3.994,3.999,,,,232.9,0.0,0.0,,,,,278.433,257.0,299.0,,,0.0,20155.0,20184.0,0.0,0.0,0.0,0.0,0.0,0.0,30.0,0.0,0.0,0.0,30.0,0.0,0.0,0.0,0.0,0.0,"solar2_v,lipo2_v"
2022-12-12T21:00:00Z,29.0,29.0,,,,,,,,,,,,,,,3.996,3.993,3.998,,,,232.793,0.0,0.0,,,,,297.172,296.0,298.0,,,0.0,20185.0,20213.0,0.0,0.0,0.0,0.0,0.0,0.0,29.0,0.0,0.0,0.0,29.0,0.0,0.0,0.0,0.0,0.0,"solar2_v,lipo2_v"
2022-12-12T22:00:00Z,29.0,29.0,,,,,,,,,,,,,,,3.994,3.993,3.996,,,,232.931,0.0,0.0,,,,,296.034,295.0,297.0,,,0.0,20214.0,20242.0,0.0,0.0,0.0,0.0,0.0,0.0,29.0,0.0,0.0,0.0,29.0,0.0,0.0,0.0,0.0,0.0,"solar2_v,lipo2_v"
2022-12-12T23:00:00Z,29.0,29.0,,,,,,,,,,,,,,,3.993,3.989,3.994,,,,233.0,0.0,0.0,,,,,295.448,295.0,296.0,,,0.0,20243.0,20271.0,0.0,0.0,0.0,0.0,0.0,0.0,29.0,0.0,0.0,0.0,29.0,0.0,0.0,0.0,0.0,0.0,"solar2_v,lipo2_v"
2022-12-13T00:00:00Z,29.0,29.0,,,,,,,,,,,,,,,3.991,3.988,3.994,,,,232.862,0.0,0.0,,,,,298.828,296.0,301.0,,,0.0,20272.0,20300.0,0.0,0.0,0.0,0.0,0.0,0.0,29.0,0.0,0.0,0.0,29.0,0.0,0.0,0.0,0.0,0.0,"solar2_v,lipo2_v"
2022-12-13T01:00:00Z,30.0,30.0,,,,,,,,,,,,,,,3.991,3.988,3.993,,,,232.167,0.0,0.0,,,,,303.633,301.0,313.0,,,0.0,20301.0,20330.0,0.0,0.0,0.0,0.0,0.0,0.0,30.0,0.0,0.0,0.0,30.0,0.0,0.0,0.0,0.0,0.0,"solar2_v,lipo2_v"
2022-12-13T02:00:00Z,29.0,29.0,,,,,,,,,,,,,,,3.992,3.991,3.994,,,,224.966,0.0,0.0,,,,,359.276,259.0,427.0,,,0.0,20331.0,20359.0,0.0,0.0,0.0,0.0,0.0,0.0,29.0,0.0,0.0,0.0,29.0,0.0,0.0,0.0,0.0,0.0,"solar2_v,lipo2_v"
2022-12-13T03:00:00Z,29.0,29.0,,,,,,,,,,,,,,,3.989,3.986,3.991,,,,226.724,0.0,0.0,,,,,351.207,311.0,417.0,,,0.0,20360.0,20388.0,0.0,0.0,0.0,0.0,0.0,0.0,29.0,0.0,0.0,0.0,29.0,0.0,0.0,0.0,0.0,0.0,"solar2_v,lipo2_v"
2022-12-13T04:00:00Z,29.0,29.0,,,,,,,,,,,,,,,3.988,3.986,3.991,,,,228.103,0.0,0.0,,,,,305.276,281.0,352.0,,,0.0,20389.0,20417.0,0.0,0.0,0.0,0.0,0.0,0.0,29.0,0.0,0.0,0.0,29.0,0.0,0.0,0.0,0.0,0.0,"solar2_v,lipo2_v"
2022-12-13T05:00:00Z,30.0,30.0,,,,,,,,,,,,,,,3.985,3.983,3.989,,,,229.567,0.0,0.0,,,,,316.867,292.0,330.0,,,0.0,20418.0,20447.0,0.0,0.0,0.0,0.0,0.0,0.0,30.0,0.0,0.0,0.0,30.0,0.0,0.0,0.0,0.0,0.0,"solar2_v,lipo2_v"
2022-12-13T06:00:00Z,29.0,29.0,,,,,,,,,,,,,,,3.984,3.981,3.986,,,,230.034,0.0,0.0,,,,,318.276,316.0,322.0,,,0.0,20448.0,20476.0,0.0,0.0,0.0,0.0,0.0,0.0,29.0,0.0,0.0,0.0,29.0,0.0,0.0,0.0,0.0,0.0,"solar2_v,lipo2_v"
2022-12-13T07:00:00Z,29.0,29.0,,,,,,,,,,,,,,,3.982,3.979,3.984,,,,231.034,0.0,0.0,,,,,313.586,301.0,316.0,,,0.0,20477.0,20505.0,0.0,0.0,0.0,0.0,0.0,0.0,29.0,0.0,0.0,0.0,29.0,0.0,0.0,0.0,0.0,0.0,"solar2_v,lipo2_v"
2022-12-13T08:00:00Z,29.0,29.0,,,,,,,,,,,,,,,3.98,3.978,3.983,,,,231.552,0.0,0.0,,,,,294.759,285.0,306.0,,,0.0,20506.0,20534.0,0.0,0.0,0.0,0.0,0.0,0.0,29.0,0.0,0.0,0.0,29.0,0.0,0.0,0.0,0.0,0.0,"solar2_v,lipo2_v"
2022-12-13T09:00:00Z,29.0,29.0,,,,,,,,,,,,,,,3.979,3.978,3.979,,,,231.724,0.0,0.0,,,,,297.69,287.0,306.0,,,0.0,20535.0,20563.0,0.0,0.0,0.0,0.0,0.0,0.0,29.0,0.0,0.0,0.0,29.0,0.0,0.0,0.0,0.0,0.0,"solar2_v,lipo2_v"
2022-12-13T10:00:00Z,18.0,18.0,,,,,,,,,,,,,,,3.978,3.974,3.979,,,,231.611,0.0,0.0,,,,,298.278,295.0,301.0,,,0.0,20564.0,20587.0,0.0,0.0,0.0,0.0,0.0,0.0,18.0,0.0,0.0,0.0,18.0,0.0,0.0,0.0,0.0,0.0,"solar2_v,lipo2_v"
2022-12-13T11:00:00Z,8.0,8.0,,,,,,,,,,,,,,,3.974,3.974,3.976,,,,232.125,0.0,0.0,,,,,297.875,296.0,299.0,,,0.0,20592.0,20618.0,0.0,0.0,0.0,0.0,0.0,0.0,8.0,0.0,0.0,0.0,8.0,0.0,0.0,0.0,0.0,0.0,"solar2_v,lipo2_v"
2022-12-13T12:00:00Z,30.0,30.0,,,,,,,,,,,,,,,3.974,3.973,3.974,,,,231.933,0.0,0.0,,,,,288.0,285.0,294.0,,,0.0,20619.0,20648.0,0.0,0.0,0.0,0.0,0.0,0.0,30.0,0.0,0.0,0.0,30.0,0.0,0.0,0.0,0.0,0.0,"solar2_v,lipo2_v"
2022-12-13T13:00:00Z,29.0,29.0,,,,,,,,,,,,,,,3.973,3.97,3.974,,,,232.207,0.0,0.0,,,,,282.241,272.0,289.0,,,0.0,20649.0,20677.0,0.0,0.0,0.0,0.0,0.0,0.0,29.0,0.0,0.0,0.0,29.0,0.0,0.0,0.0,0.0,0.0,"solar2_v,lipo2_v"
2022-12-13T14:00:00Z,28.0,28.0,,,,,,,,,,,,,,,3.972,3.97,3.973,,,,232.429,0.0,0.0,,,,,272.0,237.0,291.0,,,0.0,20678.0,20706.0,0.0,0.0,0.0,0.0,0.0,0.0,28.0,0.0,0.0,0.0,28.0,0.0,0.0,0.0,0.0,0.0,"solar2_v,lipo2_v"
2022-12-13T15:00:00Z,28.0,28.0,,,,,,,,,,,,,,,3.969,3.966,3.971,,,,234.5,0.0,0.0,,,,,265.036,235.0,277.0,,,0.0,20707.0,20735.0,0.0,0.0,0.0,0.0,0.0,0.0,28.0,0.0,0.0,0.0,28.0,0.0,0.0,0.0,0.0,0.0,"solar2_v,lipo2_v"
2022-12-13T16:00:00Z,29.0,29.0,,,,,,,,,,,,,,,3.967,3.966,3.971,,,,233.897,0.0,0.0,,,,,250.241,235.0,274.0,,,0.0,20736.0,20764.0,0.0,0.0,0.0,0.0,0.0,0.0,29.0,0.0,0.0,0.0,29.0,0.0,0.0,0.0,0.0,0.0,"solar2_v,lipo2_v"
2022-12-13T17:00:00Z,30.0,30.0,,,,,,,,,,,,,,,3.966,3.963,3.968,,,,233.133,0.0,0.0,,,,,249.467,238.0,257.0,,,0.0,20765.0,20794.0,0.0,0.0,0.0,0.0,0.0,0.0,30.0,0.0,0.0,0.0,30.0,0.0,0.0,0.0,0.0,0.0,"solar2_v,lipo2_v"
2022-12-13T18:00:00Z,29.0,29.0,,,,,,,,,,,,,,,3.964,3.961,3.966,,,,233.069,0.0,0.0,,,,,251.69,247.0,257.0,,,0.0,20795.0,20823.0,0.0,0.0,0.0,0.0,0.0,0.0,29.0,0.0,0.0,0.0,29.0,0.0,0.0,0.0,0.0,0.0,"solar2_v,lipo2_v"
2022-12-13T19:00:00Z,29.0,29.0,,,,,,,,,,,,,,,3.962,3.96,3.965,,,,233.069,0.0,0.0,,,,,247.345,245.0,252.0,,,0.0,20824.0,20852.0,0.0,0.0,0.0,0.0,0.0,0.0,29.0,0.0,0.0,0.0,29.0,0.0,0.0,0.0,0.0,0.0,"solar2_v,lipo2_v"
2022-12-13T20:00:00Z,29.0,29.0,,,,,,,,,,,,,,,3.961,3.96,3.963,,,,233.034,0.0,0.0,,,,,246.724,245.0,249.0,,,0.0,20853.0,20881.0,0.0,0.0,0.0,0.0,0.0,0.0,29.0,0.0,0.0,0.0,29.0,0.0,0.0,0.0,0.0,0.0,"solar2_v,lipo2_v"
2022-12-13T21:00:00Z,26.0,26.0,,,,,,,,,,,,,,,3.959,3.956,3.961,,,,233.038,0.0,0.0,,,,,245.308,244.0,247.0,,,0.0,20882.0,20911.0,0.0,0.0,0.0,0.0,0.0,0.0,26.0,0.0,0.0,0.0,26.0,0.0,0.0,0.0,0.0,0.0,"solar2_v,lipo2_v"
2022-12-13T22:00:00Z,29.0,29.0,,,,,,,,,,,,,,,3.957,3.956,3.96,,,,233.276,0.0,0.0,,,,,244.931,244.0,246.0,,,0.0,20912.0,20940.0,0.0,0.0,0.0,0.0,0.0,0.0,29.0,0.0,0.0,0.0,29.0,0.0,0.0,0.0,0.0,0.0,"solar2_v,lipo2_v"
2022-12-13T23:00:00Z,29.0,29.0,,,,,,,,,,,,,,,3.956,3.955,3.958,,,,233.138,0.0,0.0,,,,,244.586,243.0,246.0,,,0.0,20941.0,20969.0,0.0,0.0,0.0,0.0,0.0,0.0,29.0,0.0,0.0,0.0,29.0,0.0,0.0,0.0,0.0,0.0,"solar2_v,lipo2_v"
2022-12-14T00:00:00Z,29.0,29.0,,,,,,,,,,,,,,,3.954,3.951,3.956,,,,232.966,0.0,0.0,,,,,248.621,244.0,262.0,,,0.0,20970.0,20998.0,0.0,0.0,0.0,0.0,0.0,0.0,29.0,0.0,0.0,0.0,29.0,0.0,0.0,0.0,0.0,0.0,"solar2_v,lipo2_v"
2022-12-14T01:00:00Z,29.0,29.0,,,,,,,,,,,,,,,3.952,3.95,3.956,,,,232.379,0.0,0.0,,,,,257.828,254.0,267.0,,,0.0,20999.0,21027.0,0.0,0.0,0.0,0.0,0.0,0.0,29.0,0.0,0.0,0.0,29.0,0.0,0.0,0.0,0.0,0.0,"solar2_v,lipo2_v"
2022-12-14T02:00:00Z,30.0,30.0,,,,,,,,,,,,,,,3.952,3.948,3.953,,,,230.467,0.0,0.0,,,,,277.467,259.0,327.0,,,0.0,21028.0,21057.0,0.0,0.0,0.0,0.0,0.0,0.0,30.0,0.0,0.0,0.0,30.0,0.0,0.0,0.0,0.0,0.0,"solar2_v,lipo2_v"
2022-12-14T03:00:00Z,29.0,29.0,,,,,,,,,,,,,,,3.95,3.948,3.951,,,,231.414,0.0,0.0,,,,,273.586,262.0,289.0,,,0.0,21058.0,21086.0,0.0,0.0,0.0,0.0,0.0,0.0,29.0,0.0,0.0,0.0,29.0,0.0,0.0,0.0,0.0,0.0,"solar2_v,lipo2_v"
2022-12-14T04:00:00Z,29.0,29.0,,,,,,,,,,,,,,,3.949,3.946,3.95,,,,231.276,0.0,0.0,,,,,273.448,263.0,282.0,,,0.0,21087.0,21115.0,0.0,0.0,0.0,0.0,0.0,0.0,29.0,0.0,0.0,0.0,29.0,0.0,0.0,0.0,0.0,0.0,"solar2_v,lipo2_v"
2022-12-14T05:00:00Z,29.0,29.0,,,,,,,,,,,,,,,3.948,3.946,3.95,,,,231.345,0.0,0.0,,,,,272.931,263.0,282.0,,,0.0,21116.0,21144.0,0.0,0.0,0.0,0.0,0.0,0.0,29.0,0.0,0.0,0.0,29.0,0.0,0.0,0.0,0.0,0.0,"solar2_v,lipo2_v"
2022-12-14T06:00:00Z,29.0,29.0,,,,,,,,,,,,,,,3.946,3.945,3.948,,,,231.724,0.0,0.0,,,,,271.759,263.0,286.0,,,0.0,21145.0,21173.0,0.0,0.0,0.0,0.0,0.0,0.0,29.0,0.0,0.0,0.0,29.0,0.0,0.0,0.0,0.0,0.0,"solar2_v,lipo2_v"
2022-12-14T07:00:00Z,30.0,30.0,,,,,,,,,,,,,,,3.945,3.943,3.948,,,,231.7,0.0,0.0,,,,,271.467,264.0,285.0,,,0.0,21174.0,21203.0,0.0,0.0,0.0,0.0,0.0,0.0,30.0,0.0,0.0,0.0,30.0,0.0,0.0,0.0,0.0,0.0,"solar2_v,lipo2_v"
2022-12-14T08:00:00Z,29.0,29.0,,,,,,,,,,,,,,,3.944,3.941,3.946,,,,231.655,0.0,0.0,,,,,286.069,273.0,295.0,,,0.0,21204.0,21232.0,0.0,0.0,0.0,0.0,0.0,0.0,29.0,0.0,0.0,0.0,29.0,0.0,0.0,0.0,0.0,0.0,"solar2_v,lipo2_v"
2022-12-14T09:00:00Z,29.0,29.0,,,,,,,,,,,,,,,3.942,3.941,3.945,,,,232.172,0.0,0.0,,,,,276.517,271.0,285.0,,,0.0,21233.0,21261.0,0.0,0.0,0.0,0.0,0.0,0.0,29.0,0.0,0.0,0.0,29.0,0.0,0.0,0.0,0.0,0.0,"solar2_v,lipo2_v"
2022-12-14T10:00:00Z,29.0,29.0,,,,,,,,,,,,,,,3.941,3.938,3.943,,,,232.276,0.0,0.0,,,,,271.69,267.0,280.0,,,0.0,21262.0,21290.0,0.0,0.0,0.0,0.0,0.0,0.0,29.0,0.0,0.0,0.0,29.0,0.0,0.0,0.0,0.0,0.0,"solar2_v,lipo2_v"
2022-12-14T11:00:00Z,30.0,30.0,,,,,,,,,,,,,,,3.94,3.937,3.941,,,,232.167,0.0,0.0,,,,,279.433,271.0,286.0,,,0.0,21291.0,21320.0,0.0,0.0,0.0,0.0,0.0,0.0,30.0,0.0,0.0,0.0,30.0,0.0,0.0,0.0,0.0,0.0,"solar2_v,lipo2_v"
2022-12-14T12:00:00Z,29.0,29.0,,,,,,,,,,,,,,,3.938,3.935,3.94,,,,232.172,0.0,0.0,,,,,284.724,279.0,292.0,,,0.0,21321.0,21349.0,0.0,0.0,0.0,0.0,0.0,0.0,29.0,0.0,0.0,0.0,29.0,0.0,0.0,0.0,0.0,0.0,"solar2_v,lipo2_v"
2022-12-14T13:00:00Z,29.0,29.0,,,,,,,,,,,,,,,3.937,3.935,3.94,,,,232.241,0.0,0.0,,,,,285.828,283.0,288.0,,,0.0,21350.0,21378.0,0.0,0.0,0.0,0.0,0.0,0.0,29.0,0.0,0.0,0.0,29.0,0.0,0.0,0.0,0.0,0.0,"solar2_v,lipo2_v"
2022-12-14T14:00:00Z,29.0,29.0,,,,,,,,,,,,,,,3.936,3.933,3.938,,,,232.069,0.0,0.0,,,,,287.931,286.0,291.0,,,0.0,21379.0,21407.0,0.0,0.0,0.0,0.0,0.0,0.0,29.0,0.0,0.0,0.0,29.0,0.0,0.0,0.0,0.0,0.0,"solar2_v,lipo2_v"
2022-12-14T15:00:00Z,29.0,29.0,,,,,,,,,,,,,,,3.935,3.933,3.937,,,,232.172,0.0,0.0,,,,,288.655,286.0,291.0,,,0.0,21408.0,21436.0,0.0,0.0,0.0,0.0,0.0,0.0,29.0,0.0,0.0,0.0,29.0,0.0,0.0,0.0,0.0,0.0,"solar2_v,lipo2_v"
2022-12-14T16:00:00Z,30.0,30.0,,,,,,,,,,,,,,,3.933,3.932,3.935,,,,232.3,0.0,0.0,,,,,287.3,286.0,290.0,,,0.0,21437.0,21466.0,0.0,0.0,0.0,0.0,0.0,0.0,30.0,0.0,0.0,0.0,30.0,0.0,0.0,0.0,0.0,0.0,"solar2_v,lipo2_v"
2022-12-14T17:00:00Z,29.0,29.0,,,,,,,,,,,,,,,3.932,3.93,3.935,,,,232.448,0.0,0.0,,,,,286.69,284.0,291.0,,,0.0,21467.0,21495.0,0.0,0.0,0.0,0.0,0.0,0.0,29.0,0.0,0.0,0.0,29.0,0.0,0.0,0.0,0.0,0.0,"solar2_v,lipo2_v"
2022-12-14T18:00:00Z,29.0,29.0,,,,,,,,,,,,,,,3.93,3.928,3.932,,,,232.414,0.0,0.0,,,,,288.552,286.0,291.0,,,0.0,21496.0,21524.0,0.0,0.0,0.0,0.0,0.0,0.0,29.0,0.0,0.0,0.0,29.0,0.0,0.0,0.0,0.0,0.0,"solar2_v,lipo2_v"
2022-12-14T19:00:00Z,29.0,29.0,,,,,,,,,,,,,,,3.93,3.928,3.932,,,,232.448,0.0,0.0,,,,,286.759,285.0,289.0,,,0.0,21525.0,21553.0,0.0,0.0,0.0,0.0,0.0,0.0,29.0,0.0,0.0,0.0,29.0,0.0,0.0,0.0,0.0,0.0,"solar2_v,lipo2_v"
2022-12-14T20:00:00Z,29.0,29.0,,,,,,,,,,,,,,,3.928,3.927,3.932,,,,232.172,0.0,0.0,,,,,286.207,284.0,288.0,,,0.0,21554.0,21582.0,0.0,0.0,0.0,0.0,0.0,0.0,29.0,0.0,0.0,0.0,29.0,0.0,0.0,0.0,0.0,0.0,"solar2_v,lipo2_v"
2022-12-14T21:00:00Z,30.0,30.0,,,,,,,,,,,,,,,3.927,3.925,3.928,,,,232.267,0.0,0.0,,,,,289.533,286.0,293.0,,,0.0,21583.0,21612.0,0.0,0.0,0.0,0.0,0.0,0.0,30.0,0.0,0.0,0.0,30.0,0.0,0.0,0.0,0.0,0.0,"solar2_v,lipo2_v"
2022-12-14T22:00:00Z,29.0,29.0,,,,,,,,,,,,,,,3.926,3.925,3.927,,,,232.931,0.0,0.0,,,,,280.069,274.0,287.0,,,0.0,21613.0,21641.0,0.0,0.0,0.0,0.0,0.0,0.0,29.0,0.0,0.0,0.0,29.0,0.0,0.0,0.0,0.0,0.0,"solar2_v,lipo2_v"
2022-12-14T23:00:00Z,29.0,29.0,,,,,,,,,,,,,,,3.925,3.923,3.927,,,,232.69,0.0,0.0,,,,,285.379,275.0,292.0,,,0.0,21642.0,21670.0,0.0,0.0,0.0,0.0,0.0,0.0,29.0,0.0,0.0,0.0,29.0,0.0,0.0,0.0,0.0,0.0,"solar2_v,lipo2_v"
2022-12-15T00:00:00Z,29.0,29.0,,,,,,,,,,,,,,,3.924,3.923,3.925,,,,232.517,0.0,0.0,,,,,290.138,285.0,294.0,,,0.0,21671.0,21699.0,0.0,0.0,0.0,0.0,0.0,0.0,29.0,0.0,0.0,0.0,29.0,0.0,0.0,0.0,0.0,0.0,"solar2_v,lipo2_v"
2022-12-15T01:00:00Z,30.0,30.0,,,,,,,,,,,,,,,3.923,3.923,3.925,,,,231.667,0.0,0.0,,,,,297.067,293.0,306.0,,,0.0,21700.0,21729.0,0.0,0.0,0.0,0.0,0.0,0.0,30.0,0.0,0.0,0.0,30.0,0.0,0.0,0.0,0.0,0.0,"solar2_v,lipo2_v"
2022-12-15T02:00:00Z,29.0,29.0,,,,,,,,,,,,,,,3.925,3.923,3.927,,,,225.966,0.0,0.0,,,,,328.103,271.0,394.0,,,0.0,21730.0,21758.0,0.0,0.0,0.0,0.0,0.0,0.0,29.0,0.0,0.0,0.0,29.0,0.0,0.0,0.0,0.0,0.0,"solar2_v,lipo2_v"
2022-12-15T03:00:00Z,29.0,29.0,,,,,,,,,,,,,,,3.924,3.923,3.927,,,,227.793,0.0,0.0,,,,,321.69,288.0,380.0,,,0.0,21759.0,21787.0,0.0,0.0,0.0,0.0,0.0,0.0,29.0,0.0,0.0,0.0,29.0,0.0,0.0,0.0,0.0,0.0,"solar2_v,lipo2_v"
2022-12-15T04:00:00Z,29.0,29.0,,,,,,,,,,,,,,,3.923,3.922,3.923,,,,228.655,0.0,0.0,,,,,305.448,282.0,322.0,,,0.0,21788.0,21816.0,0.0,0.0,0.0,0.0,0.0,0.0,29.0,0.0,0.0,0.0,29.0,0.0,0.0,0.0,0.0,0.0,"solar2_v,lipo2_v"
2022-12-15T05:00:00Z,29.0,29.0,,,,,,,,,,,,,,,3.922,3.922,3.923,,,,230.0,0.0,0.0,,,,,301.414,278.0,326.0,,,0.0,21817.0,21845.0,0.0,0.0,0.0,0.0,0.0,0.0,29.0,0.0,0.0,0.0,29.0,0.0,0.0,0.0,0.0,0.0,"solar2_v,lipo2_v"
2022-12-15T06:00:00Z,30.0,30.0,,,,,,,,,,,,,,,3.922,3.922,3.923,,,,230.6,0.0,0.0,,,,,284.767,274.0,320.0,,,0.0,21846.0,21875.0,0.0,0.0,0.0,0.0,0.0,0.0,30.0,0.0,0.0,0.0,30.0,0.0,0.0,0.0,0.0,0.0,"solar2_v,lipo2_v"
2022-12-15T07:00:00Z,29.0,29.0,,,,,,,,,,,,,,,3.922,3.92,3.922,,,,230.759,0.0,0.0,,,,,282.931,277.0,289.0,,,0.0,21876.0,21904.0,0.0,0.0,0.0,0.0,0.0,0.0,29.0,0.0,0.0,0.0,29.0,0.0,0.0,0.0,0.0,0.0,"solar2_v,lipo2_v"
2022-12-15T08:00:00Z,29.0,29.0,,,,,,,,,,,,,,,3.921,3.92,3.922,,,,231.345,0.0,0.0,,,,,291.793,282.0,304.0,,,0.0,21905.0,21933.0,0.0,0.0,0.0,0.0,0.0,0.0,29.0,0.0,0.0,0.0,29.0,0.0,0.0,0.0,0.0,0.0,"solar2_v,lipo2_v"
2022-12-15T09:00:00Z,29.0,29.0,,,,,,,,,,,,,,,3.92,3.918,3.922,,,,231.103,0.0,0.0,,,,,304.931,285.0,313.0,,,0.0,21934.0,21962.0,0.0,0.0,0.0,0.0,0.0,0.0,29.0,0.0,0.0,0.0,29.0,0.0,0.0,0.0,0.0,0.0,"solar2_v,lipo2_v"
2022-12-15T10:00:00Z,16.0,16.0,,,,,,,,,,,,,,,3.919,3.918,3.92,,,,231.312,0.0,0.0,,,,,311.0,310.0,313.0,,,0.0,21963.0,21990.0,0.0,0.0,0.0,0.0,0.0,0.0,16.0,0.0,0.0,0.0,16.0,0.0,0.0,0.0,0.0,0.0,"solar2_v,lipo2_v"
2022-12-15T11:00:00Z,29.0,29.0,,,,,,,,,,,,,,,3.917,3.915,3.918,,,,231.724,0.0,0.0,,,,,305.276,294.0,313.0,,,0.0,21991.0,22019.0,0.0,0.0,0.0,0.0,0.0,0.0,29.0,0.0,0.0,0.0,29.0,0.0,0.0,0.0,0.0,0.0,"solar2_v,lipo2_v"
2022-12-15T12:00:00Z,29.0,29.0,,,,,,,,,,,,,,,3.915,3.913,3.917,,,,231.897,0.0,0.0,,,,,306.0,306.0,306.0,,,0.0,22020.0,22048.0,0.0,0.0,0.0,0.0,0.0,0.0,29.0,0.0,0.0,0.0,29.0,0.0,0.0,0.0,0.0,0.0,"solar2_v,lipo2_v"
2022-12-15T13:00:00Z,29.0,29.0,,,,,,,,,,,,,,,3.914,3.912,3.915,,,,232.0,0.0,0.0,,,,,305.966,305.0,306.0,,,0.0,22049.0,22078.0,0.0,0.0,0.0,0.0,0.0,0.0,29.0,0.0,0.0,0.0,29.0,0.0,0.0,0.0,0.0,0.0,"solar2_v,lipo2_v"
2022-12-15T14:00:00Z,29.0,29.0,,,,,,,,,,,,,,,3.913,3.912,3.915,,,,231.69,0.0,0.0,,,,,305.793,305.0,306.0,,,0.0,22079.0,22107.0,0.0,0.0,0.0,0.0,0.0,0.0,29.0,0.0,0.0,0.0,29.0,0.0,0.0,0.0,0.0,0.0,"solar2_v,lipo2_v"
2022-12-15T15:00:00Z,29.0,29.0,,,,,,,,,,,,,,,3.912,3.91,3.913,,,,231.621,0.0,0.0,,,,,305.897,305.0,306.0,,,0.0,22108.0,22136.0,0.0,0.0,0.0,0.0,0.0,0.0,29.0,0.0,0.0,0.0,29.0,0.0,0.0,0.0,0.0,0.0,"solar2_v,lipo2_v"
2022-12-15T16:00:00Z,29.0,29.0,,,,,,,,,,,,,,,3.911,3.907,3.912,,,,231.862,0.0,0.0,,,,,305.966,305.0,306.0,,,0.0,22137.0,22165.0,0.0,0.0,0.0,0.0,0.0,0.0,29.0,0.0,0.0,0.0,29.0,0.0,0.0,0.0,0.0,0.0,"solar2_v,lipo2_v"
2022-12-15T17:00:00Z,30.0,30.0,,,,,,,,,,,,,,,3.908,3.907,3.91,,,,231.867,0.0,0.0,,,,,305.867,305.0,306.0,,,0.0,22166.0,22195.0,0.0,0.0,0.0,0.0,0.0,0.0,30.0,0.0,0.0,0.0,30.0,0.0,0.0,0.0,0.0,0.0,"solar2_v,lipo2_v"
2022-12-15T18:00:00Z,28.0,28.0,,,,,,,,,,,,,,,3.908,3.907,3.91,,,,231.893,0.0,0.0,,,,,303.75,302.0,305.0,,,0.0,22196.0,22224.0,0.0,0.0,0.0,0.0,0.0,0.0,28.0,0.0,0.0,0.0,28.0,0.0,0.0,0.0,0.0,0.0,"solar2_v,lipo2_v"
2022-12-15T19:00:00Z,29.0,29.0,,,,,,,,,,,,,,,3.906,3.904,3.908,,,,232.793,0.0,0.0,,,,,282.172,247.0,302.0,,,0.0,22225.0,22253.0,0.0,0.0,0.0,0.0,0.0,0.0,29.0,0.0,0.0,0.0,29.0,0.0,0.0,0.0,0.0,0.0,"solar2_v,lipo2_v"
2022-12-15T20:00:00Z,29.0,29.0,,,,,,,,,,,,,,,3.905,3.904,3.907,,,,234.793,0.0,0.0,,,,,237.345,232.0,258.0,,,0.0,22254.0,22282.0,0.0,0.0,0.0,0.0,0.0,0.0,29.0,0.0,0.0,0.0,29.0,0.0,0.0,0.0,0.0,0.0,"solar2_v,lipo2_v"
2022-12-15T21:00:00Z,29.0,29.0,,,,,,,,,,,,,,,3.904,3.902,3.905,,,,234.966,0.0,0.0,,,,,233.621,225.0,253.0,,,0.0,22283.0,22311.0,0.0,0.0,0.0,0.0,0.0,0.0,29.0,0.0,0.0,0.0,29.0,0.0,0.0,0.0,0.0,0.0,"solar2_v,lipo2_v"
2022-12-15T22:00:00Z,30.0,30.0,,,,,,,,,,,,,,,3.902,3.9,3.904,,,,235.067,0.0,0.0,,,,,245.933,233.0,258.0,,,0.0,22312.0,22341.0,0.0,0.0,0.0,0.0,0.0,0.0,30.0,0.0,0.0,0.0,30.0,0.0,0.0,0.0,0.0,0.0,"solar2_v,lipo2_v"
2022-12-15T23:00:00Z,29.0,29.0,,,,,,,,,,,,,,,3.9,3.899,3.902,,,,234.724,0.0,0.0,,,,,263.069,244.0,273.0,,,0.0,22342.0,22370.0,0.0,0.0,0.0,0.0,0.0,0.0,29.0,0.0,0.0,0.0,29.0,0.0,0.0,0.0,0.0,0.0,"solar2_v,lipo2_v"
2022-12-16T00:00:00Z,29.0,29.0,,,,,,,,,,,,,,,3.9,3.899,3.902,,,,233.138,0.0,0.0,,,,,257.31,244.0,279.0,,,0.0,22371.0,22399.0,0.0,0.0,0.0,0.0,0.0,0.0,29.0,0.0,0.0,0.0,29.0,0.0,0.0,0.0,0.0,0.0,"solar2_v,lipo2_v"
2022-12-16T01:00:00Z,29.0,29.0,,,,,,,,,,,,,,,3.9,3.899,3.904,,,,232.621,0.0,0.0,,,,,250.345,245.0,258.0,,,0.0,22400.0,22428.0,0.0,0.0,0.0,0.0,0.0,0.0,29.0,0.0,0.0,0.0,29.0,0.0,0.0,0.0,0.0,0.0,"solar2_v,lipo2_v"
2022-12-16T02:00:00Z,29.0,29.0,,,,,,,,,,,,,,,3.901,3.899,3.904,,,,229.621,0.0,0.0,,,,,267.931,253.0,319.0,,,0.0,22429.0,22457.0,0.0,0.0,0.0,0.0,0.0,0.0,29.0,0.0,0.0,0.0,29.0,0.0,0.0,0.0,0.0,0.0,"solar2_v,lipo2_v"
2022-12-16T03:00:00Z,30.0,30.0,,,,,,,,,,,,,,,3.9,3.899,3.902,,,,229.3,0.0,0.0,,,,,259.167,253.0,272.0,,,0.0,22458.0,22487.0,0.0,0.0,0.0,0.0,0.0,0.0,30.0,0.0,0.0,0.0,30.0,0.0,0.0,0.0,0.0,0.0,"solar2_v,lipo2_v"
2022-12-16T04:00:00Z,29.0,29.0,,,,,,,,,,,,,,,3.9,3.899,3.902,,,,229.483,0.0,0.0,,,,,254.0,248.0,260.0,,,0.0,22488.0,22516.0,0.0,0.0,0.0,0.0,0.0,0.0,29.0,0.0,0.0,0.0,29.0,0.0,0.0,0.0,0.0,0.0,"solar2_v,lipo2_v"
2022-12-16T05:00:00Z,28.0,28.0,,,,,,,,,,,,,,,3.9,3.899,3.902,,,,230.179,0.0,0.0,,,,,269.393,253.0,306.0,,,0.0,22517.0,22544.0,0.0,0.0,0.0,0.0,0.0,0.0,28.0,0.0,0.0,0.0,28.0,0.0,0.0,0.0,0.0,0.0,"solar2_v,lipo2_v"
2022-12-16T06:00:00Z,29.0,29.0,,,,,,,,,,,,,,,3.899,3.897,3.9,,,,230.931,0.0,0.0,,,,,306.862,288.0,314.0,,,0.0,22546.0,22574.0,0.0,0.0,0.0,0.0,0.0,0.0,29.0,0.0,0.0,0.0,29.0,0.0,0.0,0.0,0.0,0.0,"solar2_v,lipo2_v"
2022-12-16T07:00:00Z,30.0,30.0,,,,,,,,,,,,,,,3.898,3.895,3.899,,,,231.2,0.0,0.0,,,,,313.0,313.0,313.0,,,0.0,22575.0,22604.0,0.0,0.0,0.0,0.0,0.0,0.0,30.0,0.0,0.0,0.0,30.0,0.0,0.0,0.0,0.0,0.0,"solar2_v,lipo2_v"
2022-12-16T08:00:00Z,29.0,29.0,,,,,,,,,,,,,,,3.897,3.895,3.899,,,,231.414,0.0,0.0,,,,,313.172,313.0,314.0,,,0.0,22605.0,22633.0,0.0,0.0,0.0,0.0,0.0,0.0,29.0,0.0,0.0,0.0,29.0,0.0,0.0,0.0,0.0,0.0,"solar2_v,lipo2_v"
2022-12-16T09:00:00Z,29.0,29.0,,,,,,,,,,,,,,,3.896,3.895,3.899,,,,231.483,0.0,0.0,,,,,311.379,310.0,313.0,,,0.0,22634.0,22662.0,0.0,0.0,0.0,0.0,0.0,0.0,29.0,0.0,0.0,0.0,29.0,0.0,0.0,0.0,0.0,0.0,"solar2_v,lipo2_v"
2022-12-16T10:00:00Z,29.0,29.0,,,,,,,,,,,,,,,3.895,3.894,3.897,,,,231.483,0.0,0.0,,,,,308.069,307.0,309.0,,,0.0,22663.0,22691.0,0.0,0.0,0.0,0.0,0.0,0.0,29.0,0.0,0.0,0.0,29.0,0.0,0.0,0.0,0.0,0.0,"solar2_v,lipo2_v"
2022-12-16T11:00:00Z,29.0,29.0,,,,,,,,,,,,,,,3.895,3.894,3.895,,,,231.586,0.0,0.0,,,,,306.862,306.0,308.0,,,0.0,22692.0,22720.0,0.0,0.0,0.0,0.0,0.0,0.0,29.0,0.0,0.0,0.0,29.0,0.0,0.0,0.0,0.0,0.0,"solar2_v,lipo2_v"
2022-12-16T12:00:00Z,30.0,30.0,,,,,,,,,,,,,,,3.894,3.894,3.895,,,,231.833,0.0,0.0,,,,,306.267,306.0,307.0,,,0.0,22721.0,22750.0,0.0,0.0,0.0,0.0,0.0,0.0,30.0,0.0,0.0,0.0,30.0,0.0,0.0,0.0,0.0,0.0,"solar2_v,lipo2_v"
2022-12-16T13:00:00Z,29.0,29.0,,,,,,,,,,,,,,,3.894,3.894,3.895,,,,231.655,0.0,0.0,,,,,306.0,306.0,306.0,,,0.0,22751.0,22779.0,0.0,0.0,0.0,0.0,0.0,0.0,29.0,0.0,0.0,0.0,29.0,0.0,0.0,0.0,0.0,0.0,"solar2_v,lipo2_v"
2022-12-16T14:00:00Z,29.0,29.0,,,,,,,,,,,,,,,3.894,3.892,3.895,,,,232.138,0.0,0.0,,,,,306.0,306.0,306.0,,,0.0,22780.0,22808.0,0.0,0.0,0.0,0.0,0.0,0.0,29.0,0.0,0.0,0.0,29.0,0.0,0.0,0.0,0.0,0.0,"solar2_v,lipo2_v"
2022-12-16T15:00:00Z,29.0,29.0,,,,,,,,,,,,,,,3.893,3.89,3.894,,,,231.724,0.0,0.0,,,,,306.0,306.0,306.0,,,0.0,22809.0,22837.0,0.0,0.0,0.0,0.0,0.0,0.0,29.0,0.0,0.0,0.0,29.0,0.0,0.0,0.0,0.0,0.0,"solar2_v,lipo2_v"
2022-12-16T16:00:00Z,30.0,30.0,,,,,,,,,,,,,,,3.892,3.89,3.894,,,,231.733,0.0,0.0,,,,,305.1,304.0,306.0,,,0.0,22838.0,22867.0,0.0,0.0,0.0,0.0,0.0,0.0,30.0,0.0,0.0,0.0,30.0,0.0,0.0,0.0,0.0,0.0,"solar2_v,lipo2_v"
2022-12-16T17:00:00Z,29.0,29.0,,,,,,,,,,,,,,,3.892,3.89,3.894,,,,232.069,0.0,0.0,,,,,302.759,302.0,304.0,,,0.0,22868.0,22896.0,0.0,0.0,0.0,0.0,0.0,0.0,29.0,0.0,0.0,0.0,29.0,0.0,0.0,0.0,0.0,0.0,"solar2_v,lipo2_v"
2022-12-16T18:00:00Z,29.0,29.0,,,,,,,,,,,,,,,3.891,3.889,3.892,,,,232.138,0.0,0.0,,,,,301.172,301.0,302.0,,,0.0,22897.0,22925.0,0.0,0.0,0.0,0.0,0.0,0.0,29.0,0.0,0.0,0.0,29.0,0.0,0.0,0.0,0.0,0.0,"solar2_v,lipo2_v"
2022-12-16T19:00:00Z,29.0,29.0,,,,,,,,,,,,,,,3.891,3.889,3.892,,,,232.069,0.0,0.0,,,,,301.0,301.0,301.0,,,0.0,22926.0,22954.0,0.0,0.0,0.0,0.0,0.0,0.0,29.0,0.0,0.0,0.0,29.0,0.0,0.0,0.0,0.0,0.0,"solar2_v,lipo2_v"
2022-12-16T20:00:00Z,30.0,30.0,,,,,,,,,,,,,,,3.89,3.889,3.892,,,,232.233,0.0,0.0,,,,,301.0,301.0,301.0,,,0.0,22955.0,22984.0,0.0,0.0,0.0,0.0,0.0,0.0,30.0,0.0,0.0,0.0,30.0,0.0,0.0,0.0,0.0,0.0,"solar2_v,lipo2_v"
2022-12-16T21:00:00Z,28.0,28.0,,,,,,,,,,,,,,,3.889,3.887,3.89,,,,232.357,0.0,0.0,,,,,301.0,301.0,301.0,,,0.0,22985.0,23013.0,0.0,0.0,0.0,0.0,0.0,0.0,28.0,0.0,0.0,0.0,28.0,0.0,0.0,0.0,0.0,0.0,"solar2_v,lipo2_v"
2022-12-16T22:00:00Z,29.0,29.0,,,,,,,,,,,,,,,3.888,3.885,3.89,,,,232.31,0.0,0.0,,,,,300.931,300.0,301.0,,,0.0,23014.0,23042.0,0.0,0.0,0.0,0.0,0.0,0.0,29.0,0.0,0.0,0.0,29.0,0.0,0.0,0.0,0.0,0.0,"solar2_v,lipo2_v"
2022-12-16T23:00:00Z,29.0,29.0,,,,,,,,,,,,,,,3.888,3.885,3.889,,,,232.172,0.0,0.0,,,,,300.793,300.0,301.0,,,0.0,23043.0,23071.0,0.0,0.0,0.0,0.0,0.0,0.0,29.0,0.0,0.0,0.0,29.0,0.0,0.0,0.0,0.0,0.0,"solar2_v,lipo2_v"
2022-12-17T00:00:00Z,29.0,29.0,,,,,,,,,,,,,,,3.887,3.884,3.889,,,,232.379,0.0,0.0,,,,,300.966,300.0,301.0,,,0.0,23072.0,23100.0,0.0,0.0,0.0,0.0,0.0,0.0,29.0,0.0,0.0,0.0,29.0,0.0,0.0,0.0,0.0,0.0,"solar2_v,lipo2_v"
2022-12-17T01:00:00Z,30.0,30.0,,,,,,,,,,,,,,,3.886,3.884,3.889,,,,232.367,0.0,0.0,,,,,301.0,301.0,301.0,,,0.0,23101.0,23130.0,0.0,0.0,0.0,0.0,0.0,0.0,30.0,0.0,0.0,0.0,30.0,0.0,0.0,0.0,0.0,0.0,"solar2_v,lipo2_v"
2022-12-17T02:00:00Z,29.0,29.0,,,,,,,,,,,,,,,3.885,3.882,3.887,,,,231.793,0.0,0.0,,,,,302.862,301.0,306.0,,,0.0,23131.0,23159.0,0.0,0.0,0.0,0.0,0.0,0.0,29.0,0.0,0.0,0.0,29.0,0.0,0.0,0.0,0.0,0.0,"solar2_v,lipo2_v"
2022-12-17T03:00:00Z,29.0,29.0,,,,,,,,,,,,,,,3.885,3.882,3.887,,,,231.414,0.0,0.0,,,,,308.31,306.0,311.0,,,0.0,23160.0,23188.0,0.0,0.0,0.0,0.0,0.0,0.0,29.0,0.0,0.0,0.0,29.0,0.0,0.0,0.0,0.0,0.0,"solar2_v,lipo2_v"
2022-12-17T04:00:00Z,29.0,29.0,,,,,,,,,,,,,,,3.885,3.884,3.887,,,,231.207,0.0,0.0,,,,,312.724,311.0,314.0,,,0.0,23189.0,23217.0,0.0,0.0,0.0,0.0,0.0,0.0,29.0,0.0,0.0,0.0,29.0,0.0,0.0,0.0,0.0,0.0,"solar2_v,lipo2_v"
2022-12-17T05:00:00Z,29.0,29.0,,,,,,,,,,,,,,,3.884,3.882,3.887,,,,231.069,0.0,0.0,,,,,313.0,301.0,314.0,,,0.0,23218.0,23246.0,0.0,0.0,0.0,0.0,0.0,0.0,29.0,0.0,0.0,0.0,29.0,0.0,0.0,0.0,0.0,0.0,"solar2_v,lipo2_v"
2022-12-17T06:00:00Z,30.0,30.0,,,,,,,,,,,,,,,3.883,3.88,3.885,,,,233.333,0.0,0.0,,,,,269.933,245.0,301.0,,,0.0,23247.0,23276.0,0.0,0.0,0.0,0.0,0.0,0.0,30.0,0.0,0.0,0.0,30.0,0.0,0.0,0.0,0.0,0.0,"solar2_v,lipo2_v"
2022-12-17T07:00:00Z,29.0,29.0,,,,,,,,,,,,,,,3.882,3.88,3.884,,,,233.414,0.0,0.0,,,,,285.414,282.0,287.0,,,0.0,23277.0,23305.0,0.0,0.0,0.0,0.0,0.0,0.0,29.0,0.0,0.0,0.0,29.0,0.0,0.0,0.0,0.0,0.0,"solar2_v,lipo2_v"
2022-12-17T08:00:00Z,29.0,29.0,,,,,,,,,,,,,,,3.881,3.879,3.884,,,,233.966,0.0,0.0,,,,,270.138,254.0,282.0,,,0.0,23306.0,23334.0,0.0,0.0,0.0,0.0,0.0,0.0,29.0,0.0,0.0,0.0,29.0,0.0,0.0,0.0,0.0,0.0,"solar2_v,lipo2_v"
2022-12-17T09:00:00Z,29.0,29.0,,,,,,,,,,,,,,,3.88,3.879,3.882,,,,234.241,0.0,0.0,,,,,253.793,245.0,274.0,,,0.0,23335.0,23363.0,0.0,0.0,0.0,0.0,0.0,0.0,29.0,0.0,0.0,0.0,29.0,0.0,0.0,0.0,0.0,0.0,"solar2_v,lipo2_v"
2022-12-17T10:00:00Z,30.0,30.0,,,,,,,,,,,,,,,3.88,3.877,3.88,,,,234.9,0.0,0.0,,,,,254.2,244.0,267.0,,,0.0,23364.0,23393.0,0.0,0.0,0.0,0.0,0.0,0.0,30.0,0.0,0.0,0.0,30.0,0.0,0.0,0.0,0.0,0.0,"solar2_v,lipo2_v"
2022-12-17T11:00:00Z,29.0,29.0,,,,,,,,,,,,,,,3.879,3.877,3.88,,,,234.897,0.0,0.0,,,,,258.414,238.0,272.0,,,0.0,23394.0,23422.0,0.0,0.0,0.0,0.0,0.0,0.0,29.0,0.0,0.0,0.0,29.0,0.0,0.0,0.0,0.0,0.0,"solar2_v,lipo2_v"
2022-12-17T12:00:00Z,29.0,29.0,,,,,,,,,,,,,,,3.879,3.877,3.88,,,,235.414,0.0,0.0,,,,,266.966,264.0,272.0,,,0.0,23423.0,23451.0,0.0,0.0,0.0,0.0,0.0,0.0,29.0,0.0,0.0,0.0,29.0,0.0,0.0,0.0,0.0,0.0,"solar2_v,lipo2_v"
2022-12-17T13:00:00Z,29.0,29.0,,,,,,,,,,,,,,,3.878,3.875,3.879,,,,236.207,0.0,0.0,,,,,263.517,263.0,265.0,,,0.0,23452.0,23480.0,0.0,0.0,0.0,0.0,0.0,0.0,29.0,0.0,0.0,0.0,29.0,0.0,0.0,0.0,0.0,0.0,"solar2_v,lipo2_v"
2022-12-17T14:00:00Z,29.0,29.0,,,,,,,,,,,,,,,3.877,3.875,3.879,,,,235.69,0.0,0.0,,,,,267.207,262.0,273.0,,,0.0,23481.0,23509.0,0.0,0.0,0.0,0.0,0.0,0.0,29.0,0.0,0.0,0.0,29.0,0.0,0.0,0.0,0.0,0.0,"solar2_v,lipo2_v"
2022-12-17T15:00:00Z,30.0,30.0,,,,,,,,,,,,,,,3.877,3.874,3.879,,,,234.6,0.0,0.0,,,,,273.267,273.0,275.0,,,0.0,23510.0,23539.0,0.0,0.0,0.0,0.0,0.0,0.0,30.0,0.0,0.0,0.0,30.0,0.0,0.0,0.0,0.0,0.0,"solar2_v,lipo2_v"
2022-12-17T16:00:00Z,29.0,29.0,,,,,,,,,,,,,,,3.877,3.875,3.879,,,,233.862,0.0,0.0,,,,,263.483,237.0,281.0,,,0.0,23540.0,23568.0,0.0,0.0,0.0,0.0,0.0,0.0,29.0,0.0,0.0,0.0,29.0,0.0,0.0,0.0,0.0,0.0,"solar2_v,lipo2_v"
2022-12-17T17:00:00Z,29.0,29.0,,,,,,,,,,,,,,,3.878,3.875,3.879,,,,233.207,0.0,0.0,,,,,241.379,238.0,245.0,,,0.0,23569.0,23597.0,0.0,0.0,0.0,0.0,0.0,0.0,29.0,0.0,0.0,0.0,29.0,0.0,0.0,0.0,0.0,0.0,"solar2_v,lipo2_v"
2022-12-17T18:00:00Z,29.0,29.0,,,,,,,,,,,,,,,3.877,3.875,3.879,,,,233.207,0.0,0.0,,,,,243.379,238.0,250.0,,,0.0,23598.0,23626.0,0.0,0.0,0.0,0.0,0.0,0.0,29.0,0.0,0.0,0.0,29.0,0.0,0.0,0.0,0.0,0.0,"solar2_v,lipo2_v"
2022-12-17T19:00:00Z,30.0,30.0,,,,,,,,,,,,,,,3.876,3.874,3.877,,,,232.967,0.0,0.0,,,,,245.333,244.0,247.0,,,0.0,23627.0,23656.0,0.0,0.0,0.0,0.0,0.0,0.0,30.0,0.0,0.0,0.0,30.0,0.0,0.0,0.0,0.0,0.0,"solar2_v,lipo2_v"
2022-12-17T20:00:00Z,29.0,29.0,,,,,,,,,,,,,,,3.876,3.874,3.879,,,,233.069,0.0,0.0,,,,,245.276,244.0,247.0,,,0.0,23657.0,23685.0,0.0,0.0,0.0,0.0,0.0,0.0,29.0,0.0,0.0,0.0,29.0,0.0,0.0,0.0,0.0,0.0,"solar2_v,lipo2_v"
2022-12-17T21:00:00Z,29.0,29.0,,,,,,,,,,,,,,,3.877,3.875,3.879,,,,233.0,0.0,0.0,,,,,246.655,245.0,250.0,,,0.0,23686.0,23714.0,0.0,0.0,0.0,0.0,0.0,0.0,29.0,0.0,0.0,0.0,29.0,0.0,0.0,0.0,0.0,0.0,"solar2_v,lipo2_v"
2022-12-17T22:00:00Z,29.0,29.0,,,,,,,,,,,,,,,3.875,3.874,3.877,,,,233.103,0.0,0.0,,,,,248.69,247.0,252.0,,,0.0,23715.0,23743.0,0.0,0.0,0.0,0.0,0.0,0.0,29.0,0.0,0.0,0.0,29.0,0.0,0.0,0.0,0.0,0.0,"solar2_v,lipo2_v"
2022-12-17T23:00:00Z,29.0,29.0,,,,,,,,,,,,,,,3.875,3.874,3.875,,,,233.069,0.0,0.0,,,,,247.483,246.0,252.0,,,0.0,23744.0,23773.0,0.0,0.0,0.0,0.0,0.0,0.0,29.0,0.0,0.0,0.0,29.0,0.0,0.0,0.0,0.0,0.0,"solar2_v,lipo2_v"
2022-12-18T00:00:00Z,29.0,29.0,,,,,,,,,,,,,,,3.875,3.872,3.877,,,,232.655,0.0,0.0,,,,,261.828,248.0,288.0,,,0.0,23774.0,23802.0,0.0,0.0,0.0,0.0,0.0,0.0,29.0,0.0,0.0,0.0,29.0,0.0,0.0,0.0,0.0,0.0,"solar2_v,lipo2_v"
2022-12-18T01:00:00Z,21.0,21.0,,,,,,,,,,,,,,,3.875,3.874,3.877,,,,232.19,0.0,0.0,,,,,266.095,261.0,271.0,,,0.0,23803.0,23824.0,0.0,0.0,0.0,0.0,0.0,0.0,21.0,0.0,0.0,0.0,21.0,0.0,0.0,0.0,0.0,0.0,"solar2_v,lipo2_v"
2022-12-18T02:00:00Z,26.0,26.0,,,,,,,,,,,,,,,3.878,3.875,3.88,,,,226.0,0.0,0.0,,,,,314.654,272.0,379.0,,,0.0,23834.0,23859.0,0.0,0.0,0.0,0.0,0.0,0.0,26.0,0.0,0.0,0.0,26.0,0.0,0.0,0.0,0.0,0.0,"solar2_v,lipo2_v"
2022-12-18T03:00:00Z,29.0,29.0,,,,,,,,,,,,,,,3.877,3.874,3.88,,,,229.069,0.0,0.0,,,,,316.483,291.0,356.0,,,0.0,23860.0,23888.0,0.0,0.0,0.0,0.0,0.0,0.0,29.0,0.0,0.0,0.0,29.0,0.0,0.0,0.0,0.0,0.0,"solar2_v,lipo2_v"
2022-12-18T04:00:00Z,30.0,30.0,,,,,,,,,,,,,,,3.874,3.872,3.877,,,,231.867,0.0,0.0,,,,,302.7,291.0,311.0,,,0.0,23889.0,23918.0,0.0,0.0,0.0,0.0,0.0,0.0,30.0,0.0,0.0,0.0,30.0,0.0,0.0,0.0,0.0,0.0,"solar2_v,lipo2_v"
2022-12-18T05:00:00Z,29.0,29.0,,,,,,,,,,,,,,,3.874,3.872,3.877,,,,231.103,0.0,0.0,,,,,311.828,311.0,313.0,,,0.0,23919.0,23947.0,0.0,0.0,0.0,0.0,0.0,0.0,29.0,0.0,0.0,0.0,29.0,0.0,0.0,0.0,0.0,0.0,"solar2_v,lipo2_v"
2022-12-18T06:00:00Z,29.0,29.0,,,,,,,,,,,,,,,3.874,3.872,3.875,,,,231.207,0.0,0.0,,,,,311.172,310.0,313.0,,,0.0,23948.0,23976.0,0.0,0.0,0.0,0.0,0.0,0.0,29.0,0.0,0.0,0.0,29.0,0.0,0.0,0.0,0.0,0.0,"solar2_v,lipo2_v"
2022-12-18T07:00:00Z,29.0,29.0,,,,,,,,,,,,,,,3.914,3.872,4.095,,,,231.897,0.0,0.0,,,,,306.828,235.0,319.0,,,0.0,2.0,23999.0,0.0,0.0,0.0,0.0,0.0,0.0,29.0,0.0,0.0,0.0,29.0,0.0,0.0,0.0,0.0,0.0,"solar2_v,lipo2_v"
2022-12-18T08:00:00Z,29.0,29.0,,,,,,,,,,,,,,,4.135,4.103,4.156,,,,232.931,0.0,0.0,,,,,266.069,226.0,296.0,,,0.0,8.0,36.0,0.0,0.0,0.0,0.0,0.0,0.0,29.0,0.0,0.0,0.0,29.0,0.0,0.0,0.0,0.0,0.0,"solar2_v,lipo2_v"
2022-12-18T09:00:00Z,30.0,30.0,,,,,,,,,,,,,,,4.172,4.156,4.184,,,,233.433,0.0,0.0,,,,,257.367,226.0,281.0,,,0.0,37.0,66.0,0.0,0.0,0.0,0.0,0.0,0.0,30.0,0.0,0.0,0.0,30.0,0.0,0.0,0.0,0.0,0.0,"solar2_v,lipo2_v"
2022-12-18T10:00:00Z,29.0,29.0,,,,,,,,,,,,,,,4.187,4.174,4.191,,,,240.517,0.0,0.0,,,,,270.379,247.0,301.0,,,0.0,67.0,95.0,0.0,0.0,0.0,0.0,0.0,0.0,29.0,0.0,0.0,0.0,29.0,0.0,0.0,0.0,0.0,0.0,"solar2_v,lipo2_v"
2022-12-18T11:00:00Z,29.0,29.0,,,,,,,,,,,,,,,4.161,4.153,4.171,,,,240.207,0.0,0.0,,,,,277.586,239.0,299.0,,,0.0,96.0,124.0,0.0,0.0,0.0,0.0,0.0,0.0,29.0,0.0,0.0,0.0,29.0,0.0,0.0,0.0,0.0,0.0,"solar2_v,lipo2_v"
2022-12-18T12:00:00Z,29.0,29.0,,,,,,,,,,,,,,,4.148,4.143,4.153,,,,239.655,0.0,0.0,,,,,293.31,283.0,301.0,,,0.0,125.0,153.0,0.0,0.0,0.0,0.0,0.0,0.0,29.0,0.0,0.0,0.0,29.0,0.0,0.0,0.0,0.0,0.0,"solar2_v,lipo2_v"
2022-12-18T13:00:00Z,29.0,29.0,,,,,,,,,,,,,,,4.141,4.138,4.144,,,,246.034,0.0,0.0,,,,,290.759,250.0,303.0,,,0.0,154.0,182.0,0.0,0.0,0.0,0.0,0.0,0.0,29.0,0.0,0.0,0.0,29.0,0.0,0.0,0.0,0.0,0.0,"solar2_v,lipo2_v"
2022-12-18T14:00:00Z,30.0,30.0,,,,,,,,,,,,,,,4.137,4.135,4.139,,,,244.333,0.0,0.0,,,,,256.267,215.0,286.0,,,0.0,183.0,212.0,0.0,0.0,0.0,0.0,0.0,0.0,30.0,0.0,0.0,0.0,30.0,0.0,0.0,0.0,0.0,0.0,"solar2_v,lipo2_v"
2022-12-18T15:00:00Z,29.0,29.0,,,,,,,,,,,,,,,4.136,4.135,4.138,,,,241.483,0.0,0.0,,,,,246.069,204.0,291.0,,,0.0,213.0,241.0,0.0,0.0,0.0,0.0,0.0,0.0,29.0,0.0,0.0,0.0,29.0,0.0,0.0,0.0,0.0,0.0,"solar2_v,lipo2_v"
2022-12-18T16:00:00Z,28.0,28.0,,,,,,,,,,,,,,,4.135,4.135,4.136,,,,238.786,0.0,0.0,,,,,276.143,238.0,301.0,,,0.0,242.0,270.0,0.0,0.0,0.0,0.0,0.0,0.0,28.0,0.0,0.0,0.0,28.0,0.0,0.0,0.0,0.0,0.0,"solar2_v,lipo2_v"
2022-12-18T17:00:00Z,29.0,29.0,,,,,,,,,,,,,,,4.134,4.133,4.135,,,,247.931,0.0,0.0,,,,,288.586,272.0,300.0,,,0.0,271.0,299.0,0.0,0.0,0.0,0.0,0.0,0.0,29.0,0.0,0.0,0.0,29.0,0.0,0.0,0.0,0.0,0.0,"solar2_v,lipo2_v"
2022-12-18T18:00:00Z,30.0,30.0,,,,,,,,,,,,,,,4.134,4.133,4.135,,,,235.467,0.0,0.0,,,,,283.833,270.0,300.0,,,0.0,300.0,329.0,0.0,0.0,0.0,0.0,0.0,0.0,30.0,0.0,0.0,0.0,30.0,0.0,0.0,0.0,0.0,0.0,"solar2_v,lipo2_v"
2022-12-18T19:00:00Z,27.0,27.0,,,,,,,,,,,,,,,4.133,4.131,4.133,,,,229.519,0.0,0.0,,,,,283.259,272.0,299.0,,,0.0,330.0,358.0,0.0,0.0,0.0,0.0,0.0,0.0,27.0,0.0,0.0,0.0,27.0,0.0,0.0,0.0,0.0,0.0,"solar2_v,lipo2_v"
2022-12-18T20:00:00Z,29.0,29.0,,,,,,,,,,,,,,,4.133,4.131,4.135,,,,239.414,0.0,0.0,,,,,280.862,267.0,296.0,,,0.0,359.0,387.0,0.0,0.0,0.0,0.0,0.0,0.0,29.0,0.0,0.0,0.0,29.0,0.0,0.0,0.0,0.0,0.0,"solar2_v,lipo2_v"
2022-12-18T21:00:00Z,29.0,29.0,,,,,,,,,,,,,,,4.132,4.131,4.133,,,,244.793,0.0,0.0,,,,,281.103,262.0,298.0,,,0.0,388.0,416.0,0.0,0.0,0.0,0.0,0.0,0.0,29.0,0.0,0.0,0.0,29.0,0.0,0.0,0.0,0.0,0.0,"solar2_v,lipo2_v"
2022-12-18T22:00:00Z,29.0,29.0,,,,,,,,,,,,,,,4.131,4.131,4.133,,,,248.897,0.0,0.0,,,,,280.586,267.0,297.0,,,0.0,417.0,445.0,0.0,0.0,0.0,0.0,0.0,0.0,29.0,0.0,0.0,0.0,29.0,0.0,0.0,0.0,0.0,0.0,"solar2_v,lipo2_v"
2022-12-18T23:00:00Z,30.0,30.0,,,,,,,,,,,,,,,4.131,4.13,4.133,,,,246.833,0.0,0.0,,,,,278.067,263.0,296.0,,,0.0,446.0,475.0,0.0,0.0,0.0,0.0,0.0,0.0,30.0,0.0,0.0,0.0,30.0,0.0,0.0,0.0,0.0,0.0,"solar2_v,lipo2_v"
2022-12-19T00:00:00Z,29.0,29.0,,,,,,,,,,,,,,,4.131,4.128,4.133,,,,242.897,0.0,0.0,,,,,278.621,261.0,296.0,,,0.0,476.0,504.0,0.0,0.0,0.0,0.0,0.0,0.0,29.0,0.0,0.0,0.0,29.0,0.0,0.0,0.0,0.0,0.0,"solar2_v,lipo2_v"
2022-12-19T01:00:00Z,29.0,29.0,,,,,,,,,,,,,,,4.13,4.13,4.131,,,,240.724,0.0,0.0,,,,,280.345,267.0,299.0,,,0.0,505.0,533.0,0.0,0.0,0.0,0.0,0.0,0.0,29.0,0.0,0.0,0.0,29.0,0.0,0.0,0.0,0.0,0.0,"solar2_v,lipo2_v"
2022-12-19T02:00:00Z,29.0,29.0,,,,,,,,,,,,,,,4.13,4.128,4.131,,,,245.621,0.0,0.0,,,,,285.483,269.0,301.0,,,0.0,534.0,562.0,0.0,0.0,0.0,0.0,0.0,0.0,29.0,0.0,0.0,0.0,29.0,0.0,0.0,0.0,0.0,0.0,"solar2_v,lipo2_v"
2022-12-19T03:00:00Z,30.0,30.0,,,,,,,,,,,,,,,4.129,4.126,4.131,,,,242.567,0.0,0.0,,,,,283.8,267.0,300.0,,,0.0,563.0,592.0,0.0,0.0,0.0,0.0,0.0,0.0,30.0,0.0,0.0,0.0,30.0,0.0,0.0,0.0,0.0,0.0,"solar2_v,lipo2_v"
2022-12-19T04:00:00Z,29.0,29.0,,,,,,,,,,,,,,,4.128,4.126,4.13,,,,243.69,0.0,0.0,,,,,285.345,268.0,301.0,,,0.0,593.0,621.0,0.0,0.0,0.0,0.0,0.0,0.0,29.0,0.0,0.0,0.0,29.0,0.0,0.0,0.0,0.0,0.0,"solar2_v,lipo2_v"
2022-12-19T05:00:00Z,29.0,29.0,,,,,,,,,,,,,,,4.127,4.125,4.128,,,,240.172,0.0,0.0,,,,,281.517,271.0,301.0,,,0.0,622.0,650.0,0.0,0.0,0.0,0.0,0.0,0.0,29.0,0.0,0.0,0.0,29.0,0.0,0.0,0.0,0.0,0.0,"solar2_v,lipo2_v"
2022-12-19T06:00:00Z,29.0,29.0,,,,,,,,,,,,,,,4.127,4.125,4.13,,,,241.828,0.0,0.0,,,,,281.448,262.0,301.0,,,0.0,651.0,679.0,0.0,0.0,0.0,0.0,0.0,0.0,29.0,0.0,0.0,0.0,29.0,0.0,0.0,0.0,0.0,0.0,"solar2_v,lipo2_v"
2022-12-19T07:00:00Z,27.0,27.0,,,,,,,,,,,,,,,4.126,4.123,4.128,,,,242.667,0.0,0.0,,,,,281.63,267.0,301.0,,,0.0,680.0,709.0,0.0,0.0,0.0,0.0,0.0,0.0,27.0,0.0,0.0,0.0,27.0,0.0,0.0,0.0,0.0,0.0,"solar2_v,lipo2_v"
2022-12-19T08:00:00Z,29.0,29.0,,,,,,,,,,,,,,,4.125,4.123,4.128,,,,242.828,0.0,0.0,,,,,286.931,270.0,301.0,,,0.0,710.0,738.0,0.0,0.0,0.0,0.0,0.0,0.0,29.0,0.0,0.0,0.0,29.0,0.0,0.0,0.0,0.0,0.0,"solar2_v,lipo2_v"
2022-12-19T09:00:00Z,29.0,29.0,,,,,,,,,,,,,,,4.125,4.123,4.126,,,,243.897,0.0,0.0,,,,,282.897,265.0,301.0,,,0.0,739.0,767.0,0.0,0.0,0.0,0.0,0.0,0.0,29.0,0.0,0.0,0.0,29.0,0.0,0.0,0.0,0.0,0.0,"solar2_v,lipo2_v"
2022-12-19T10:00:00Z,29.0,29.0,,,,,,,,,,,,,,,4.125,4.121,4.126,,,,239.655,0.0,0.0,,,,,284.69,269.0,301.0,,,0.0,768.0,796.0,0.0,0.0,0.0,0.0,0.0,0.0,29.0,0.0,0.0,0.0,29.0,0.0,0.0,0.0,0.0,0.0,"solar2_v,lipo2_v"
2022-12-19T11:00:00Z,26.0,26.0,,,,,,,,,,,,,,,4.125,4.121,4.126,,,,239.885,0.0,0.0,,,,,280.346,266.0,301.0,,,0.0,797.0,826.0,0.0,0.0,0.0,0.0,0.0,0.0,26.0,0.0,0.0,0.0,26.0,0.0,0.0,0.0,0.0,0.0,"solar2_v,lipo2_v"
2022-12-19T12:00:00Z,29.0,29.0,,,,,,,,,,,,,,,4.125,4.121,4.126,,,,238.552,0.0,0.0,,,,,283.897,266.0,300.0,,,0.0,827.0,855.0,0.0,0.0,0.0,0.0,0.0,0.0,29.0,0.0,0.0,0.0,29.0,0.0,0.0,0.0,0.0,0.0,"solar2_v,lipo2_v"
2022-12-19T13:00:00Z,29.0,29.0,,,,,,,,,,,,,,,4.124,4.121,4.126,,,,240.759,0.0,0.0,,,,,285.276,272.0,301.0,,,0.0,856.0,884.0,0.0,0.0,0.0,0.0,0.0,0.0,29.0,0.0,0.0,0.0,29.0,0.0,0.0,0.0,0.0,0.0,"solar2_v,lipo2_v"
2022-12-19T14:00:00Z,29.0,29.0,,,,,,,,,,,,,,,4.124,4.121,4.126,,,,249.034,0.0,0.0,,,,,288.931,276.0,302.0,,,0.0,885.0,913.0,0.0,0.0,0.0,0.0,0.0,0.0,29.0,0.0,0.0,0.0,29.0,0.0,0.0,0.0,0.0,0.0,"solar2_v,lipo2_v"
2022-12-19T15:00:00Z,29.0,29.0,,,,,,,,,,,,,,,4.124,4.121,4.125,,,,242.138,0.0,0.0,,,,,289.862,275.0,303.0,,,0.0,914.0,942.0,0.0,0.0,0.0,0.0,0.0,0.0,29.0,0.0,0.0,0.0,29.0,0.0,0.0,0.0,0.0,0.0,"solar2_v,lipo2_v"
2022-12-19T16:00:00Z,30.0,30.0,,,,,,,,,,,,,,,4.123,4.12,4.126,,,,240.8,0.0,0.0,,,,,287.4,273.0,300.0,,,0.0,943.0,972.0,0.0,0.0,0.0,0.0,0.0,0.0,30.0,0.0,0.0,0.0,30.0,0.0,0.0,0.0,0.0,0.0,"solar2_v,lipo2_v"
2022-12-19T17:00:00Z,29.0,29.0,,,,,,,,,,,,,,,4.122,4.12,4.125,,,,242.207,0.0,0.0,,,,,284.517,263.0,303.0,,,0.0,973.0,1001.0,0.0,0.0,0.0,0.0,0.0,0.0,29.0,0.0,0.0,0.0,29.0,0.0,0.0,0.0,0.0,0.0,"solar2_v,lipo2_v"
2022-12-19T18:00:00Z,29.0,29.0,,,,,,,,,,,,,,,4.121,4.118,4.125,,,,240.621,0.0,0.0,,,,,282.897,264.0,297.0,,,0.0,1002.0,1030.0,0.0,0.0,0.0,0.0,0.0,0.0,29.0,0.0,0.0,0.0,29.0,0.0,0.0,0.0,0.0,0.0,"solar2_v,lipo2_v"
2022-12-19T19:00:00Z,29.0,29.0,,,,,,,,,,,,,,,4.12,4.118,4.123,,,,240.793,0.0,0.0,,,,,281.793,260.0,303.0,,,0.0,1031.0,1059.0,0.0,0.0,0.0,0.0,0.0,0.0,29.0,0.0,0.0,0.0,29.0,0.0,0.0,0.0,0.0,0.0,"solar2_v,lipo2_v"
2022-12-19T20:00:00Z,30.0,30.0,,,,,,,,,,,,,,,4.12,4.118,4.123,,,,250.967,0.0,0.0,,,,,282.633,264.0,300.0,,,0.0,1060.0,1089.0,0.0,0.0,0.0,0.0,0.0,0.0,30.0,0.0,0.0,0.0,30.0,0.0,0.0,0.0,0.0,0.0,"solar2_v,lipo2_v"
2022-12-19T21:00:00Z,29.0,29.0,,,,,,,,,,,,,,,4.121,4.118,4.123,,,,241.345,0.0,0.0,,,,,276.379,260.0,294.0,,,0.0,1090.0,1118.0,0.0,0.0,0.0,0.0,0.0,0.0,29.0,0.0,0.0,0.0,29.0,0.0,0.0,0.0,0.0,0.0,"solar2_v,lipo2_v"
2022-12-19T22:00:00Z,29.0,29.0,,,,,,,,,,,,,,,4.12,4.118,4.123,,,,242.586,0.0,0.0,,,,,278.172,259.0,300.0,,,0.0,1119.0,1147.0,0.0,0.0,0.0,0.0,0.0,0.0,29.0,0.0,0.0,0.0,29.0,0.0,0.0,0.0,0.0,0.0,"solar2_v,lipo2_v"
2022-12-19T23:00:00Z,29.0,29.0,,,,,,,,,,,,,,,4.119,4.118,4.121,,,,244.586,0.0,0.0,,,,,276.931,262.0,285.0,,,0.0,1148.0,1176.0,0.0,0.0,0.0,0.0,0.0,0.0,29.0,0.0,0.0,0.0,29.0,0.0,0.0,0.0,0.0,0.0,"solar2_v,lipo2_v"
2022-12-20T00:00:00Z,25.0,25.0,,,,,,,,,,,,,,,4.12,4.118,4.121,,,,244.6,0.0,0.0,,,,,277.76,264.0,300.0,,,0.0,1177.0,1203.0,0.0,0.0,0.0,0.0,0.0,0.0,25.0,0.0,0.0,0.0,25.0,0.0,0.0,0.0,0.0,0.0,"solar2_v,lipo2_v"
2022-12-20T01:00:00Z,4.0,4.0,,,,,,,,,,,,,,,4.12,4.118,4.121,,,,241.25,0.0,0.0,,,,,277.0,272.0,290.0,,,0.0,1206.0,1221.0,0.0,0.0,0.0,0.0,0.0,0.0,4.0,0.0,0.0,0.0,4.0,0.0,0.0,0.0,0.0,0.0,"solar2_v,lipo2_v"
2022-12-20T02:00:00Z,20.0,20.0,,,,,,,,,,,,,,,4.118,4.115,4.12,,,,238.4,0.0,0.0,,,,,283.1,270.0,298.0,,,0.0,1241.0,1260.0,0.0,0.0,0.0,0.0,0.0,0.0,20.0,0.0,0.0,0.0,20.0,0.0,0.0,0.0,0.0,0.0,"solar2_v,lipo2_v"
2022-12-20T03:00:00Z,29.0,29.0,,,,,,,,,,,,,,,4.118,4.115,4.12,,,,240.586,0.0,0.0,,,,,285.483,267.0,303.0,,,0.0,1261.0,1289.0,0.0,0.0,0.0,0.0,0.0,0.0,29.0,0.0,0.0,0.0,29.0,0.0,0.0,0.0,0.0,0.0,"solar2_v,lipo2_v"
2022-12-20T04:00:00Z,29.0,29.0,,,,,,,,,,,,,,,4.118,4.116,4.121,,,,242.345,0.0,0.0,,,,,284.931,264.0,303.0,,,0.0,1290.0,1318.0,0.0,0.0,0.0,0.0,0.0,0.0,29.0,0.0,0.0,0.0,29.0,0.0,0.0,0.0,0.0,0.0,"solar2_v,lipo2_v"
2022-12-20T05:00:00Z,30.0,30.0,,,,,,,,,,,,,,,4.118,4.116,4.12,,,,239.367,0.0,0.0,,,,,269.467,242.0,289.0,,,0.0,1319.0,1348.0,0.0,0.0,0.0,0.0,0.0,0.0,30.0,0.0,0.0,0.0,30.0,0.0,0.0,0.0,0.0,0.0,"solar2_v,lipo2_v"
2022-12-20T06:00:00Z,29.0,29.0,,,,,,,,,,,,,,,4.118,4.116,4.121,,,,241.103,0.0,0.0,,,,,269.655,245.0,299.0,,,0.0,1349.0,1377.0,0.0,0.0,0.0,0.0,0.0,0.0,29.0,0.0,0.0,0.0,29.0,0.0,0.0,0.0,0.0,0.0,"solar2_v,lipo2_v"
2022-12-20T07:00:00Z,29.0,29.0,,,,,,,,,,,,,,,4.117,4.115,4.12,,,,244.586,0.0,0.0,,,,,269.103,245.0,292.0,,,0.0,1378.0,1406.0,0.0,0.0,0.0,0.0,0.0,0.0,29.0,0.0,0.0,0.0,29.0,0.0,0.0,0.0,0.0,0.0,"solar2_v,lipo2_v"
2022-12-20T08:00:00Z,29.0,29.0,,,,,,,,,,,,,,,4.116,4.115,4.118,,,,242.621,0.0,0.0,,,,,267.621,240.0,288.0,,,0.0,1407.0,1435.0,0.0,0.0,0.0,0.0,0.0,0.0,29.0,0.0,0.0,0.0,29.0,0.0,0.0,0.0,0.0,0.0,"solar2_v,lipo2_v"
2022-12-20T09:00:00Z,29.0,29.0,,,,,,,,,,,,,,,4.116,4.115,4.118,,,,244.793,0.0,0.0,,,,,271.0,245.0,300.0,,,0.0,1436.0,1464.0,0.0,0.0,0.0,0.0,0.0,0.0,29.0,0.0,0.0,0.0,29.0,0.0,0.0,0.0,0.0,0.0,"solar2_v,lipo2_v"
2022-12-20T10:00:00Z,30.0,30.0,,,,,,,,,,,,,,,4.116,4.113,4.118,,,,239.833,0.0,0.0,,,,,272.833,238.0,300.0,,,0.0,1465.0,1494.0,0.0,0.0,0.0,0.0,0.0,0.0,30.0,0.0,0.0,0.0,30.0,0.0,0.0,0.0,0.0,0.0,"solar2_v,lipo2_v"
2022-12-20T11:00:00Z,29.0,29.0,,,,,,,,,,,,,,,4.116,4.115,4.118,,,,242.069,0.0,0.0,,,,,267.862,238.0,298.0,,,0.0,1495.0,1523.0,0.0,0.0,0.0,0.0,0.0,0.0,29.0,0.0,0.0,0.0,29.0,0.0,0.0,0.0,0.0,0.0,"solar2_v,lipo2_v"
2022-12-20T12:00:00Z,29.0,29.0,,,,,,,,,,,,,,,4.115,4.113,4.116,,,,246.31,0.0,0.0,,,,,269.759,235.0,299.0,,,0.0,1524.0,1552.0,0.0,0.0,0.0,0.0,0.0,0.0,29.0,0.0,0.0,0.0,29.0,0.0,0.0,0.0,0.0,0.0,"solar2_v,lipo2_v"
2022-12-20T13:00:00Z,29.0,29.0,,,,,,,,,,,,,,,4.115,4.113,4.118,,,,245.793,0.0,0.0,,,,,265.276,239.0,298.0,,,0.0,1553.0,1581.0,0.0,0.0,0.0,0.0,0.0,0.0,29.0,0.0,0.0,0.0,29.0,0.0,0.0,0.0,0.0,0.0,"solar2_v,lipo2_v"
2022-12-20T14:00:00Z,30.0,30.0,,,,,,,,,,,,,,,4.115,4.113,4.116,,,,237.733,0.0,0.0,,,,,259.533,236.0,297.0,,,0.0,1582.0,1611.0,0.0,0.0,0.0,0.0,0.0,0.0,30.0,0.0,0.0,0.0,30.0,0.0,0.0,0.0,0.0,0.0,"solar2_v,lipo2_v"
2022-12-20T15:00:00Z,29.0,29.0,,,,,,,,,,,,,,,4.115,4.113,4.116,,,,242.655,0.0,0.0,,,,,264.276,229.0,298.0,,,0.0,1612.0,1640.0,0.0,0.0,0.0,0.0,0.0,0.0,29.0,0.0,0.0,0.0,29.0,0.0,0.0,0.0,0.0,0.0,"solar2_v,lipo2_v"
2022-12-20T16:00:00Z,29.0,29.0,,,,,,,,,,,,,,,4.115,4.113,4.116,,,,242.793,0.0,0.0,,,,,267.69,224.0,298.0,,,0.0,1641.0,1669.0,0.0,0.0,0.0,0.0,0.0,0.0,29.0,0.0,0.0,0.0,29.0,0.0,0.0,0.0,0.0,0.0,"solar2_v,lipo2_v"
2022-12-20T17:00:00Z,29.0,29.0,,,,,,,,,,,,,,,4.115,4.113,4.116,,,,246.345,0.0,0.0,,,,,262.724,224.0,299.0,,,0.0,1670.0,1698.0,0.0,0.0,0.0,0.0,0.0,0.0,29.0,0.0,0.0,0.0,29.0,0.0,0.0,0.0,0.0,0.0,"solar2_v,lipo2_v"
2022-12-20T18:00:00Z,30.0,30.0,,,,,,,,,,,,,,,4.115,4.113,4.116,,,,247.033,0.0,0.0,,,,,269.2,240.0,302.0,,,0.0,1699.0,1728.0,0.0,0.0,0.0,0.0,0.0,0.0,30.0,0.0,0.0,0.0,30.0,0.0,0.0,0.0,0.0,0.0,"solar2_v,lipo2_v"
2022-12-20T19:00:00Z,29.0,29.0,,,,,,,,,,,,,,,4.114,4.111,4.118,,,,238.897,0.0,0.0,,,,,270.897,241.0,304.0,,,0.0,1729.0,1757.0,0.0,0.0,0.0,0.0,0.0,0.0,29.0,0.0,0.0,0.0,29.0,0.0,0.0,0.0,0.0,0.0,"solar2_v,lipo2_v"
2022-12-20T20:00:00Z,29.0,29.0,,,,,,,,,,,,,,,4.114,4.113,4.115,,,,238.759,0.0,0.0,,,,,269.207,243.0,298.0,,,0.0,1758.0,1786.0,0.0,0.0,0.0,0.0,0.0,0.0,29.0,0.0,0.0,0.0,29.0,0.0,0.0,0.0,0.0,0.0,"solar2_v,lipo2_v"
2022-12-20T21:00:00Z,29.0,29.0,,,,,,,,,,,,,,,4.114,4.111,4.116,,,,245.483,0.0,0.0,,,,,269.759,252.0,301.0,,,0.0,1787.0,1815.0,0.0,0.0,0.0,0.0,0.0,0.0,29.0,0.0,0.0,0.0,29.0,0.0,0.0,0.0,0.0,0.0,"solar2_v,lipo2_v"
2022-12-20T22:00:00Z,29.0,29.0,,,,,,,,,,,,,,,4.113,4.111,4.116,,,,248.517,0.0,0.0,,,,,266.759,242.0,290.0,,,0.0,1816.0,1844.0,0.0,0.0,0.0,0.0,0.0,0.0,29.0,0.0,0.0,0.0,29.0,0.0,0.0,0.0,0.0,0.0,"solar2_v,lipo2_v"
2022-12-20T23:00:00Z,30.0,30.0,,,,,,,,,,,,,,,4.113,4.111,4.115,,,,240.433,0.0,0.0,,,,,262.9,241.0,277.0,,,0.0,1845.0,1874.0,0.0,0.0,0.0,0.0,0.0,0.0,30.0,0.0,0.0,0.0,30.0,0.0,0.0,0.0,0.0,0.0,"solar2_v,lipo2_v"
2022-12-21T00:00:00Z,29.0,29.0,,,,,,,,,,,,,,,4.114,4.111,4.116,,,,250.172,0.0,0.0,,,,,266.793,247.0,297.0,,,0.0,1875.0,1903.0,0.0,0.0,0.0,0.0,0.0,0.0,29.0,0.0,0.0,0.0,29.0,0.0,0.0,0.0,0.0,0.0,"solar2_v,lipo2_v"
2022-12-21T01:00:00Z,29.0,29.0,,,,,,,,,,,,,,,4.114,4.111,4.115,,,,239.69,0.0,0.0,,,,,266.379,236.0,297.0,,,0.0,1904.0,1932.0,0.0,0.0,0.0,0.0,0.0,0.0,29.0,0.0,0.0,0.0,29.0,0.0,0.0,0.0,0.0,0.0,"solar2_v,lipo2_v"
2022-12-21T02:00:00Z,29.0,29.0,,,,,,,,,,,,,,,4.113,4.111,4.115,,,,242.034,0.0,0.0,,,,,268.828,240.0,298.0,,,0.0,1933.0,1961.0,0.0,0.0,0.0,0.0,0.0,0.0,29.0,0.0,0.0,0.0,29.0,0.0,0.0,0.0,0.0,0.0,"solar2_v,lipo2_v"
2022-12-21T03:00:00Z,30.0,30.0,,,,,,,,,,,,,,,4.113,4.11,4.115,,,,245.1,0.0,0.0,,,,,271.0,243.0,298.0,,,0.0,1962.0,1991.0,0.0,0.0,0.0,0.0,0.0,0.0,30.0,0.0,0.0,0.0,30.0,0.0,0.0,0.0,0.0,0.0,"solar2_v,lipo2_v"
2022-12-21T04:00:00Z,29.0,29.0,,,,,,,,,,,,,,,4.112,4.11,4.113,,,,230.828,0.0,0.0,,,,,261.172,240.0,296.0,,,0.0,1992.0,2020.0,0.0,0.0,0.0,0.0,0.0,0.0,29.0,0.0,0.0,0.0,29.0,0.0,0.0,0.0,0.0,0.0,"solar2_v,lipo2_v"
2022-12-21T05:00:00Z,29.0,29.0,,,,,,,,,,,,,,,4.111,4.11,4.113,,,,246.552,0.0,0.0,,,,,270.862,242.0,300.0,,,0.0,2021.0,2049.0,0.0,0.0,0.0,0.0,0.0,0.0,29.0,0.0,0.0,0.0,29.0,0.0,0.0,0.0,0.0,0.0,"solar2_v,lipo2_v"
2022-12-21T06:00:00Z,29.0,29.0,,,,,,,,,,,,,,,4.111,4.11,4.113,,,,239.345,0.0,0.0,,,,,271.31,242.0,299.0,,,0.0,2050.0,2078.0,0.0,0.0,0.0,0.0,0.0,0.0,29.0,0.0,0.0,0.0,29.0,0.0,0.0,0.0,0.0,0.0,"solar2_v,lipo2_v"
2022-12-21T07:00:00Z,29.0,29.0,,,,,,,,,,,,,,,4.111,4.11,4.113,,,,241.31,0.0,0.0,,,,,273.034,247.0,301.0,,,0.0,2079.0,2107.0,0.0,0.0,0.0,0.0,0.0,0.0,29.0,0.0,0.0,0.0,29.0,0.0,0.0,0.0,0.0,0.0,"solar2_v,lipo2_v"
2022-12-21T08:00:00Z,30.0,30.0,,,,,,,,,,,,,,,4.11,4.106,4.111,,,,235.167,0.0,0.0,,,,,269.367,250.0,287.0,,,0.0,2108.0,2137.0,0.0,0.0,0.0,0.0,0.0,0.0,30.0,0.0,0.0,0.0,30.0,0.0,0.0,0.0,0.0,0.0,"solar2_v,lipo2_v"
2022-12-21T09:00:00Z,29.0,29.0,,,,,,,,,,,,,,,4.111,4.11,4.113,,,,250.517,0.0,0.0,,,,,275.966,247.0,301.0,,,0.0,2138.0,2166.0,0.0,0.0,0.0,0.0,0.0,0.0,29.0,0.0,0.0,0.0,29.0,0.0,0.0,0.0,0.0,0.0,"solar2_v,lipo2_v"
2022-12-21T10:00:00Z,29.0,29.0,,,,,,,,,,,,,,,4.11,4.108,4.111,,,,244.414,0.0,0.0,,,,,272.103,248.0,301.0,,,0.0,2167.0,2195.0,0.0,0.0,0.0,0.0,0.0,0.0,29.0,0.0,0.0,0.0,29.0,0.0,0.0,0.0,0.0,0.0,"solar2_v,lipo2_v"
2022-12-21T11:00:00Z,29.0,29.0,,,,,,,,,,,,,,,4.111,4.108,4.113,,,,243.793,0.0,0.0,,,,,278.31,244.0,300.0,,,0.0,2196.0,2224.0,0.0,0.0,0.0,0.0,0.0,0.0,29.0,0.0,0.0,0.0,29.0,0.0,0.0,0.0,0.0,0.0,"solar2_v,lipo2_v"
2022-12-21T12:00:00Z,30.0,30.0,,,,,,,,,,,,,,,4.11,4.108,4.111,,,,241.633,0.0,0.0,,,,,268.933,243.0,293.0,,,0.0,2225.0,2254.0,0.0,0.0,0.0,0.0,0.0,0.0,30.0,0.0,0.0,0.0,30.0,0.0,0.0,0.0,0.0,0.0,"solar2_v,lipo2_v"
2022-12-21T13:00:00Z,29.0,29.0,,,,,,,,,,,,,,,4.11,4.11,4.111,,,,235.517,0.0,0.0,,,,,267.828,243.0,302.0,,,0.0,2255.0,2283.0,0.0,0.0,0.0,0.0,0.0,0.0,29.0,0.0,0.0,0.0,29.0,0.0,0.0,0.0,0.0,0.0,"solar2_v,lipo2_v"
2022-12-21T14:00:00Z,29.0,29.0,,,,,,,,,,,,,,,4.11,4.106,4.111,,,,234.586,0.0,0.0,,,,,271.172,248.0,296.0,,,0.0,2284.0,2312.0,0.0,0.0,0.0,0.0,0.0,0.0,29.0,0.0,0.0,0.0,29.0,0.0,0.0,0.0,0.0,0.0,"solar2_v,lipo2_v"
2022-12-21T15:00:00Z,29.0,29.0,,,,,,,,,,,,,,,4.109,4.106,4.111,,,,247.069,0.0,0.0,,,,,272.586,250.0,296.0,,,0.0,2313.0,2341.0,0.0,0.0,0.0,0.0,0.0,0.0,29.0,0.0,0.0,0.0,29.0,0.0,0.0,0.0,0.0,0.0,"solar2_v,lipo2_v"
2022-12-21T16:00:00Z,29.0,29.0,,,,,,,,,,,,,,,4.109,4.106,4.113,,,,231.793,0.0,0.0,,,,,273.655,247.0,303.0,,,0.0,2342.0,2370.0,0.0,0.0,0.0,0.0,0.0,0.0,29.0,0.0,0.0,0.0,29.0,0.0,0.0,0.0,0.0,0.0,"solar2_v,lipo2_v"
2022-12-21T17:00:00Z,30.0,30.0,,,,,,,,,,,,,,,4.109,4.106,4.11,,,,243.733,0.0,0.0,,,,,276.2,261.0,303.0,,,0.0,2371.0,2400.0,0.0,0.0,0.0,0.0,0.0,0.0,30.0,0.0,0.0,0.0,30.0,0.0,0.0,0.0,0.0,0.0,"solar2_v,lipo2_v"
2022-12-21T18:00:00Z,29.0,29.0,,,,,,,,,,,,,,,4.109,4.106,4.111,,,,242.483,0.0,0.0,,,,,269.69,251.0,285.0,,,0.0,2401.0,2429.0,0.0,0.0,0.0,0.0,0.0,0.0,29.0,0.0,0.0,0.0,29.0,0.0,0.0,0.0,0.0,0.0,"solar2_v,lipo2_v"
2022-12-21T19:00:00Z,29.0,29.0,,,,,,,,,,,,,,,4.108,4.106,4.11,,,,244.31,0.0,0.0,,,,,266.379,241.0,300.0,,,0.0,2430.0,2458.0,0.0,0.0,0.0,0.0,0.0,0.0,29.0,0.0,0.0,0.0,29.0,0.0,0.0,0.0,0.0,0.0,"solar2_v,lipo2_v"
2022-12-21T20:00:00Z,29.0,29.0,,,,,,,,,,,,,,,4.109,4.106,4.111,,,,245.0,0.0,0.0,,,,,275.069,251.0,301.0,,,0.0,2459.0,2487.0,0.0,0.0,0.0,0.0,0.0,0.0,29.0,0.0,0.0,0.0,29.0,0.0,0.0,0.0,0.0,0.0,"solar2_v,lipo2_v"
2022-12-21T21:00:00Z,30.0,30.0,,,,,,,,,,,,,,,4.109,4.106,4.111,,,,233.8,0.0,0.0,,,,,269.567,242.0,301.0,,,0.0,2488.0,2517.0,0.0,0.0,0.0,0.0,0.0,0.0,30.0,0.0,0.0,0.0,30.0,0.0,0.0,0.0,0.0,0.0,"solar2_v,lipo2_v"
2022-12-21T22:00:00Z,29.0,29.0,,,,,,,,,,,,,,,4.108,4.106,4.11,,,,238.897,0.0,0.0,,,,,267.724,242.0,301.0,,,0.0,2518.0,2546.0,0.0,0.0,0.0,0.0,0.0,0.0,29.0,0.0,0.0,0.0,29.0,0.0,0.0,0.0,0.0,0.0,"solar2_v,lipo2_v"
2022-12-21T23:00:00Z,29.0,29.0,,,,,,,,,,,,,,,4.107,4.105,4.11,,,,243.103,0.0,0.0,,,,,270.483,244.0,298.0,,,0.0,2547.0,2575.0,0.0,0.0,0.0,0.0,0.0,0.0,29.0,0.0,0.0,0.0,29.0,0.0,0.0,0.0,0.0,0.0,"solar2_v,lipo2_v"
2022-12-22T00:00:00Z,29.0,29.0,,,,,,,,,,,,,,,4.108,4.106,4.11,,,,242.966,0.0,0.0,,,,,267.379,245.0,299.0,,,0.0,2576.0,2604.0,0.0,0.0,0.0,0.0,0.0,0.0,29.0,0.0,0.0,0.0,29.0,0.0,0.0,0.0,0.0,0.0,"solar2_v,lipo2_v"
2022-12-22T01:00:00Z,29.0,29.0,,,,,,,,,,,,,,,4.108,4.106,4.11,,,,234.759,0.0,0.0,,,,,270.483,249.0,297.0,,,0.0,2605.0,2633.0,0.0,0.0,0.0,0.0,0.0,0.0,29.0,0.0,0.0,0.0,29.0,0.0,0.0,0.0,0.0,0.0,"solar2_v,lipo2_v"
2022-12-22T02:00:00Z,29.0,29.0,,,,,,,,,,,,,,,4.108,4.106,4.11,,,,241.069,0.0,0.0,,,,,265.931,240.0,300.0,,,0.0,2634.0,2662.0,0.0,0.0,0.0,0.0,0.0,0.0,29.0,0.0,0.0,0.0,29.0,0.0,0.0,0.0,0.0,0.0,"solar2_v,lipo2_v"
2022-12-22T03:00:00Z,9.0,9.0,,,,,,,,,,,,,,,4.108,4.106,4.111,,,,245.778,0.0,0.0,,,,,267.444,233.0,294.0,,,0.0,2664.0,2690.0,0.0,0.0,0.0,0.0,0.0,0.0,9.0,0.0,0.0,0.0,9.0,0.0,0.0,0.0,0.0,0.0,"solar2_v,lipo2_v"
2022-12-22T04:00:00Z,29.0,29.0,,,,,,,,,,,,,,,4.107,4.106,4.108,,,,241.241,0.0,0.0,,,,,267.586,245.0,297.0,,,0.0,2691.0,2719.0,0.0,0.0,0.0,0.0,0.0,0.0,29.0,0.0,0.0,0.0,29.0,0.0,0.0,0.0,0.0,0.0,"solar2_v,lipo2_v"
2022-12-22T05:00:00Z,29.0,29.0,,,,,,,,,,,,,,,4.106,4.106,4.108,,,,243.172,0.0,0.0,,,,,271.31,247.0,299.0,,,0.0,2720.0,2748.0,0.0,0.0,0.0,0.0,0.0,0.0,29.0,0.0,0.0,0.0,29.0,0.0,0.0,0.0,0.0,0.0,"solar2_v,lipo2_v"
2022-12-22T06:00:00Z,29.0,29.0,,,,,,,,,,,,,,,4.107,4.106,4.11,,,,248.172,0.0,0.0,,,,,271.172,239.0,300.0,,,0.0,2749.0,2777.0,0.0,0.0,0.0,0.0,0.0,0.0,29.0,0.0,0.0,0.0,29.0,0.0,0.0,0.0,0.0,0.0,"solar2_v,lipo2_v"
2022-12-22T07:00:00Z,29.0,29.0,,,,,,,,,,,,,,,4.106,4.106,4.108,,,,244.897,0.0,0.0,,,,,271.586,252.0,299.0,,,0.0,2778.0,2806.0,0.0,0.0,0.0,0.0,0.0,0.0,29.0,0.0,0.0,0.0,29.0,0.0,0.0,0.0,0.0,0.0,"solar2_v,lipo2_v"
2022-12-22T08:00:00Z,30.0,30.0,,,,,,,,,,,,,,,4.107,4.106,4.108,,,,241.267,0.0,0.0,,,,,269.1,237.0,301.0,,,0.0,2807.0,2836.0,0.0,0.0,0.0,0.0,0.0,0.0,30.0,0.0,0.0,0.0,30.0,0.0,0.0,0.0,0.0,0.0,"solar2_v,lipo2_v"
2022-12-22T09:00:00Z,28.0,28.0,,,,,,,,,,,,,,,4.107,4.106,4.108,,,,242.071,0.0,0.0,,,,,264.357,233.0,301.0,,,0.0,2837.0,2865.0,0.0,0.0,0.0,0.0,0.0,0.0,28.0,0.0,0.0,0.0,28.0,0.0,0.0,0.0,0.0,0.0,"solar2_v,lipo2_v"
2022-12-22T10:00:00Z,29.0,29.0,,,,,,,,,,,,,,,4.106,4.105,4.108,,,,247.103,0.0,0.0,,,,,268.207,241.0,292.0,,,0.0,2866.0,2894.0,0.0,0.0,0.0,0.0,0.0,0.0,29.0,0.0,0.0,0.0,29.0,0.0,0.0,0.0,0.0,0.0,"solar2_v,lipo2_v"
2022-12-22T11:00:00Z,29.0,29.0,,,,,,,,,,,,,,,4.106,4.105,4.108,,,,239.034,0.0,0.0,,,,,264.207,236.0,300.0,,,0.0,2895.0,2923.0,0.0,0.0,0.0,0.0,0.0,0.0,29.0,0.0,0.0,0.0,29.0,0.0,0.0,0.0,0.0,0.0,"solar2_v,lipo2_v"
2022-12-22T12:00:00Z,29.0,29.0,,,,,,,,,,,,,,,4.106,4.105,4.108,,,,244.517,0.0,0.0,,,,,266.207,247.0,296.0,,,0.0,2924.0,2952.0,0.0,0.0,0.0,0.0,0.0,0.0,29.0,0.0,0.0,0.0,29.0,0.0,0.0,0.0,0.0,0.0,"solar2_v,lipo2_v"
2022-12-22T13:00:00Z,30.0,30.0,,,,,,,,,,,,,,,4.106,4.105,4.106,,,,241.967,0.0,0.0,,,,,262.633,233.0,296.0,,,0.0,2953.0,2982.0,0.0,0.0,0.0,0.0,0.0,0.0,30.0,0.0,0.0,0.0,30.0,0.0,0.0,0.0,0.0,0.0,"solar2_v,lipo2_v"
2022-12-22T14:00:00Z,29.0,29.0,,,,,,,,,,,,,,,4.106,4.105,4.106,,,,251.897,0.0,0.0,,,,,271.379,233.0,296.0,,,0.0,2983.0,3011.0,0.0,0.0,0.0,0.0,0.0,0.0,29.0,0.0,0.0,0.0,29.0,0.0,0.0,0.0,0.0,0.0,"solar2_v,lipo2_v"
2022-12-22T15:00:00Z,29.0,29.0,,,,,,,,,,,,,,,4.105,4.105,4.106,,,,234.793,0.0,0.0,,,,,265.759,233.0,300.0,,,0.0,3012.0,3040.0,0.0,0.0,0.0,0.0,0.0,0.0,29.0,0.0,0.0,0.0,29.0,0.0,0.0,0.0,0.0,0.0,"solar2_v,lipo2_v"
2022-12-22T16:00:00Z,29.0,29.0,,,,,,,,,,,,,,,4.106,4.105,4.106,,,,251.379,0.0,0.0,,,,,274.966,242.0,304.0,,,0.0,3041.0,3069.0,0.0,0.0,0.0,0.0,0.0,0.0,29.0,0.0,0.0,0.0,29.0,0.0,0.0,0.0,0.0,0.0,"solar2_v,lipo2_v"
2022-12-22T17:00:00Z,30.0,30.0,,,,,,,,,,,,,,,4.105,4.105,4.106,,,,250.7,0.0,0.0,,,,,277.167,255.0,302.0,,,0.0,3070.0,3099.0,0.0,0.0,0.0,0.0,0.0,0.0,30.0,0.0,0.0,0.0,30.0,0.0,0.0,0.0,0.0,0.0,"solar2_v,lipo2_v"
2022-12-22T18:00:00Z,29.0,29.0,,,,,,,,,,,,,,,4.105,4.105,4.106,,,,237.241,0.0,0.0,,,,,270.655,242.0,306.0,,,0.0,3100.0,3128.0,0.0,0.0,0.0,0.0,0.0,0.0,29.0,0.0,0.0,0.0,29.0,0.0,0.0,0.0,0.0,0.0,"solar2_v,lipo2_v"
2022-12-22T19:00:00Z,29.0,29.0,,,,,,,,,,,,,,,4.105,4.105,4.106,,,,243.069,0.0,0.0,,,,,269.069,241.0,303.0,,,0.0,3129.0,3157.0,0.0,0.0,0.0,0.0,0.0,0.0,29.0,0.0,0.0,0.0,29.0,0.0,0.0,0.0,0.0,0.0,"solar2_v,lipo2_v"
2022-12-22T20:00:00Z,29.0,29.0,,,,,,,,,,,,,,,4.105,4.105,4.106,,,,240.724,0.0,0.0,,,,,265.586,236.0,281.0,,,0.0,3158.0,3186.0,0.0,0.0,0.0,0.0,0.0,0.0,29.0,0.0,0.0,0.0,29.0,0.0,0.0,0.0,0.0,0.0,"solar2_v,lipo2_v"
2022-12-22T21:00:00Z,29.0,29.0,,,,,,,,,,,,,,,4.105,4.105,4.106,,,,240.172,0.0,0.0,,,,,268.138,242.0,301.0,,,0.0,3187.0,3215.0,0.0,0.0,0.0,0.0,0.0,0.0,29.0,0.0,0.0,0.0,29.0,0.0,0.0,0.0,0.0,0.0,"solar2_v,lipo2_v"
2022-12-22T22:00:00Z,30.0,30.0,,,,,,,,,,,,,,,4.105,4.105,4.106,,,,235.067,0.0,0.0,,,,,265.967,240.0,297.0,,,0.0,3216.0,3245.0,0.0,0.0,0.0,0.0,0.0,0.0,30.0,0.0,0.0,0.0,30.0,0.0,0.0,0.0,0.0,0.0,"solar2_v,lipo2_v"
2022-12-22T23:00:00Z,29.0,29.0,,,,,,,,,,,,,,,4.105,4.105,4.106,,,,247.241,0.0,0.0,,,,,272.069,247.0,299.0,,,0.0,3246.0,3274.0,0.0,0.0,0.0,0.0,0.0,0.0,29.0,0.0,0.0,0.0,29.0,0.0,0.0,0.0,0.0,0.0,"solar2_v,lipo2_v"
2022-12-23T00:00:00Z,29.0,29.0,,,,,,,,,,,,,,,4.105,4.103,4.106,,,,245.207,0.0,0.0,,,,,269.483,242.0,297.0,,,0.0,3275.0,3303.0,0.0,0.0,0.0,0.0,0.0,0.0,29.0,0.0,0.0,0.0,29.0,0.0,0.0,0.0,0.0,0.0,"solar2_v,lipo2_v"
2022-12-23T01:00:00Z,29.0,29.0,,,,,,,,,,,,,,,4.105,4.105,4.106,,,,241.138,0.0,0.0,,,,,268.207,237.0,298.0,,,0.0,3304.0,3332.0,0.0,0.0,0.0,0.0,0.0,0.0,29.0,0.0,0.0,0.0,29.0,0.0,0.0,0.0,0.0,0.0,"solar2_v,lipo2_v"
2022-12-23T02:00:00Z,29.0,29.0,,,,,,,,,,,,,,,4.105,4.103,4.106,,,,244.759,0.0,0.0,,,,,260.793,228.0,299.0,,,0.0,3333.0,3361.0,0.0,0.0,0.0,0.0,0.0,0.0,29.0,0.0,0.0,0.0,29.0,0.0,0.0,0.0,0.0,0.0,"solar2_v,lipo2_v"
2022-12-23T03:00:00Z,29.0,29.0,,,,,,,,,,,,,,,4.105,4.103,4.105,,,,240.966,0.0,0.0,,,,,261.517,222.0,296.0,,,0.0,3362.0,3391.0,0.0,0.0,0.0,0.0,0.0,0.0,29.0,0.0,0.0,0.0,29.0,0.0,0.0,0.0,0.0,0.0,"solar2_v,lipo2_v"
2022-12-23T04:00:00Z,29.0,29.0,,,,,,,,,,,,,,,4.105,4.103,4.106,,,,241.31,0.0,0.0,,,,,261.862,223.0,298.0,,,0.0,3392.0,3420.0,0.0,0.0,0.0,0.0,0.0,0.0,29.0,0.0,0.0,0.0,29.0,0.0,0.0,0.0,0.0,0.0,"solar2_v,lipo2_v"
2022-12-23T05:00:00Z,29.0,29.0,,,,,,,,,,,,,,,4.105,4.103,4.105,,,,243.586,0.0,0.0,,,,,264.862,220.0,299.0,,,0.0,3421.0,3449.0,0.0,0.0,0.0,0.0,0.0,0.0,29.0,0.0,0.0,0.0,29.0,0.0,0.0,0.0,0.0,0.0,"solar2_v,lipo2_v"
2022-12-23T06:00:00Z,29.0,29.0,,,,,,,,,,,,,,,4.104,4.103,4.105,,,,240.069,0.0,0.0,,,,,256.345,225.0,285.0,,,0.0,3450.0,3478.0,0.0,0.0,0.0,0.0,0.0,0.0,29.0,0.0,0.0,0.0,29.0,0.0,0.0,0.0,0.0,0.0,"solar2_v,lipo2_v"
2022-12-23T07:00:00Z,30.0,30.0,,,,,,,,,,,,,,,4.104,4.102,4.105,,,,239.2,0.0,0.0,,,,,257.9,226.0,298.0,,,0.0,3479.0,3508.0,0.0,0.0,0.0,0.0,0.0,0.0,30.0,0.0,0.0,0.0,30.0,0.0,0.0,0.0,0.0,0.0,"solar2_v,lipo2_v"
2022-12-23T08:00:00Z,29.0,29.0,,,,,,,,,,,,,,,4.105,4.103,4.105,,,,244.069,0.0,0.0,,,,,261.621,222.0,299.0,,,0.0,3509.0,3537.0,0.0,0.0,0.0,0.0,0.0,0.0,29.0,0.0,0.0,0.0,29.0,0.0,0.0,0.0,0.0,0.0,"solar2_v,lipo2_v"
2022-12-23T09:00:00Z,29.0,29.0,,,,,,,,,,,,,,,4.104,4.102,4.105,,,,235.379,0.0,0.0,,,,,250.31,218.0,299.0,,,0.0,3538.0,3566.0,0.0,0.0,0.0,0.0,0.0,0.0,29.0,0.0,0.0,0.0,29.0,0.0,0.0,0.0,0.0,0.0,"solar2_v,lipo2_v"
2022-12-23T10:00:00Z,29.0,29.0,,,,,,,,,,,,,,,4.104,4.102,4.105,,,,249.586,0.0,0.0,,,,,262.69,230.0,297.0,,,0.0,3567.0,3595.0,0.0,0.0,0.0,0.0,0.0,0.0,29.0,0.0,0.0,0.0,29.0,0.0,0.0,0.0,0.0,0.0,"solar2_v,lipo2_v"
2022-12-23T11:00:00Z,29.0,29.0,,,,,,,,,,,,,,,4.104,4.103,4.105,,,,241.897,0.0,0.0,,,,,258.069,229.0,294.0,,,0.0,3596.0,3624.0,0.0,0.0,0.0,0.0,0.0,0.0,29.0,0.0,0.0,0.0,29.0,0.0,0.0,0.0,0.0,0.0,"solar2_v,lipo2_v"
2022-12-23T12:00:00Z,30.0,30.0,,,,,,,,,,,,,,,4.104,4.102,4.105,,,,241.0,0.0,0.0,,,,,258.567,225.0,298.0,,,0.0,3625.0,3654.0,0.0,0.0,0.0,0.0,0.0,0.0,30.0,0.0,0.0,0.0,30.0,0.0,0.0,0.0,0.0,0.0,"solar2_v,lipo2_v"
2022-12-23T13:00:00Z,29.0,29.0,,,,,,,,,,,,,,,4.104,4.103,4.105,,,,243.034,0.0,0.0,,,,,261.483,222.0,294.0,,,0.0,3655.0,3683.0,0.0,0.0,0.0,0.0,0.0,0.0,29.0,0.0,0.0,0.0,29.0,0.0,0.0,0.0,0.0,0.0,"solar2_v,lipo2_v"
2022-12-23T14:00:00Z,28.0,28.0,,,,,,,,,,,,,,,4.104,4.102,4.105,,,,244.393,0.0,0.0,,,,,258.821,223.0,298.0,,,0.0,3684.0,3712.0,0.0,0.0,0.0,0.0,0.0,0.0,28.0,0.0,0.0,0.0,28.0,0.0,0.0,0.0,0.0,0.0,"solar2_v,lipo2_v"
2022-12-23T15:00:00Z,28.0,28.0,,,,,,,,,,,,,,,4.104,4.103,4.105,,,,242.929,0.0,0.0,,,,,257.143,222.0,300.0,,,0.0,3713.0,3741.0,0.0,0.0,0.0,0.0,0.0,0.0,28.0,0.0,0.0,0.0,28.0,0.0,0.0,0.0,0.0,0.0,"solar2_v,lipo2_v"
2022-12-23T16:00:00Z,29.0,29.0,,,,,,,,,,,,,,,4.103,4.102,4.105,,,,239.793,0.0,0.0,,,,,254.069,220.0,288.0,,,0.0,3742.0,3770.0,0.0,0.0,0.0,0.0,0.0,0.0,29.0,0.0,0.0,0.0,29.0,0.0,0.0,0.0,0.0,0.0,"solar2_v,lipo2_v"
2022-12-23T17:00:00Z,30.0,30.0,,,,,,,,,,,,,,,4.103,4.102,4.105,,,,239.6,0.0,0.0,,,,,260.933,223.0,301.0,,,0.0,3771.0,3800.0,0.0,0.0,0.0,0.0,0.0,0.0,30.0,0.0,0.0,0.0,30.0,0.0,0.0,0.0,0.0,0.0,"solar2_v,lipo2_v"
2022-12-23T18:00:00Z,29.0,29.0,,,,,,,,,,,,,,,4.103,4.1,4.105,,,,235.379,0.0,0.0,,,,,255.31,218.0,291.0,,,0.0,3801.0,3829.0,0.0,0.0,0.0,0.0,0.0,0.0,29.0,0.0,0.0,0.0,29.0,0.0,0.0,0.0,0.0,0.0,"solar2_v,lipo2_v"
2022-12-23T19:00:00Z,29.0,29.0,,,,,,,,,,,,,,,4.102,4.1,4.105,,,,251.69,0.0,0.0,,,,,264.828,232.0,300.0,,,0.0,3830.0,3858.0,0.0,0.0,0.0,0.0,0.0,0.0,29.0,0.0,0.0,0.0,29.0,0.0,0.0,0.0,0.0,0.0,"solar2_v,lipo2_v"
2022-12-23T20:00:00Z,29.0,29.0,,,,,,,,,,,,,,,4.103,4.1,4.105,,,,238.724,0.0,0.0,,,,,261.241,230.0,292.0,,,0.0,3859.0,3887.0,0.0,0.0,0.0,0.0,0.0,0.0,29.0,0.0,0.0,0.0,29.0,0.0,0.0,0.0,0.0,0.0,"solar2_v,lipo2_v"
2022-12-23T21:00:00Z,29.0,29.0,,,,,,,,,,,,,,,4.103,4.102,4.105,,,,231.034,0.0,0.0,,,,,265.586,234.0,286.0,,,0.0,3888.0,3916.0,0.0,0.0,0.0,0.0,0.0,0.0,29.0,0.0,0.0,0.0,29.0,0.0,0.0,0.0,0.0,0.0,"solar2_v,lipo2_v"
2022-12-23T22:00:00Z,30.0,30.0,,,,,,,,,,,,,,,4.103,4.102,4.105,,,,238.2,0.0,0.0,,,,,268.233,241.0,288.0,,,0.0,3917.0,3946.0,0.0,0.0,0.0,0.0,0.0,0.0,30.0,0.0,0.0,0.0,30.0,0.0,0.0,0.0,0.0,0.0,"solar2_v,lipo2_v"
2022-12-23T23:00:00Z,29.0,29.0,,,,,,,,,,,,,,,4.102,4.1,4.103,,,,239.483,0.0,0.0,,,,,268.655,250.0,291.0,,,0.0,3947.0,3975.0,0.0,0.0,0.0,0.0,0.0,0.0,29.0,0.0,0.0,0.0,29.0,0.0,0.0,0.0,0.0,0.0,"solar2_v,lipo2_v"
2022-12-24T00:00:00Z,29.0,29.0,,,,,,,,,,,,,,,4.102,4.1,4.103,,,,244.69,0.0,0.0,,,,,270.552,249.0,293.0,,,0.0,3976.0,4004.0,0.0,0.0,0.0,0.0,0.0,0.0,29.0,0.0,0.0,0.0,29.0,0.0,0.0,0.0,0.0,0.0,"solar2_v,lipo2_v"
2022-12-24T01:00:00Z,29.0,29.0,,,,,,,,,,,,,,,4.102,4.1,4.103,,,,240.034,0.0,0.0,,,,,266.31,244.0,294.0,,,0.0,4005.0,4033.0,0.0,0.0,0.0,0.0,0.0,0.0,29.0,0.0,0.0,0.0,29.0,0.0,0.0,0.0,0.0,0.0,"solar2_v,lipo2_v"
2022-12-24T02:00:00Z,27.0,27.0,,,,,,,,,,,,,,,4.103,4.102,4.103,,,,243.333,0.0,0.0,,,,,266.259,235.0,296.0,,,0.0,4034.0,4062.0,0.0,0.0,0.0,0.0,0.0,0.0,27.0,0.0,0.0,0.0,27.0,0.0,0.0,0.0,0.0,0.0,"solar2_v,lipo2_v"
2022-12-24T03:00:00Z,29.0,29.0,,,,,,,,,,,,,,,4.101,4.1,4.103,,,,243.724,0.0,0.0,,,,,256.379,230.0,289.0,,,0.0,4063.0,4091.0,0.0,0.0,0.0,0.0,0.0,0.0,29.0,0.0,0.0,0.0,29.0,0.0,0.0,0.0,0.0,0.0,"solar2_v,lipo2_v"
2022-12-24T04:00:00Z,30.0,30.0,,,,,,,,,,,,,,,4.102,4.098,4.103,,,,239.833,0.0,0.0,,,,,261.7,232.0,297.0,,,0.0,4092.0,4121.0,0.0,0.0,0.0,0.0,0.0,0.0,30.0,0.0,0.0,0.0,30.0,0.0,0.0,0.0,0.0,0.0,"solar2_v,lipo2_v"
2022-12-24T05:00:00Z,29.0,29.0,,,,,,,,,,,,,,,4.102,4.098,4.103,,,,245.103,0.0,0.0,,,,,258.31,223.0,295.0,,,0.0,4122.0,4150.0,0.0,0.0,0.0,0.0,0.0,0.0,29.0,0.0,0.0,0.0,29.0,0.0,0.0,0.0,0.0,0.0,"solar2_v,lipo2_v"
2022-12-24T06:00:00Z,29.0,29.0,,,,,,,,,,,,,,,4.101,4.1,4.103,,,,246.897,0.0,0.0,,,,,263.276,234.0,295.0,,,0.0,4151.0,4179.0,0.0,0.0,0.0,0.0,0.0,0.0,29.0,0.0,0.0,0.0,29.0,0.0,0.0,0.0,0.0,0.0,"solar2_v,lipo2_v"
2022-12-24T07:00:00Z,29.0,29.0,,,,,,,,,,,,,,,4.101,4.098,4.103,,,,240.31,0.0,0.0,,,,,257.103,232.0,286.0,,,0.0,4180.0,4208.0,0.0,0.0,0.0,0.0,0.0,0.0,29.0,0.0,0.0,0.0,29.0,0.0,0.0,0.0,0.0,0.0,"solar2_v,lipo2_v"
2022-12-24T08:00:00Z,30.0,30.0,,,,,,,,,,,,,,,4.101,4.1,4.103,,,,240.1,0.0,0.0,,,,,255.633,224.0,287.0,,,0.0,4209.0,4238.0,0.0,0.0,0.0,0.0,0.0,0.0,30.0,0.0,0.0,0.0,30.0,0.0,0.0,0.0,0.0,0.0,"solar2_v,lipo2_v"
2022-12-24T09:00:00Z,29.0,29.0,,,,,,,,,,,,,,,4.101,4.097,4.102,,,,243.586,0.0,0.0,,,,,259.828,235.0,296.0,,,0.0,4239.0,4267.0,0.0,0.0,0.0,0.0,0.0,0.0,29.0,0.0,0.0,0.0,29.0,0.0,0.0,0.0,0.0,0.0,"solar2_v,lipo2_v"
2022-12-24T10:00:00Z,29.0,29.0,,,,,,,,,,,,,,,4.101,4.098,4.103,,,,229.931,0.0,0.0,,,,,255.241,225.0,286.0,,,0.0,4268.0,4296.0,0.0,0.0,0.0,0.0,0.0,0.0,29.0,0.0,0.0,0.0,29.0,0.0,0.0,0.0,0.0,0.0,"solar2_v,lipo2_v"
2022-12-24T11:00:00Z,26.0,26.0,,,,,,,,,,,,,,,4.1,4.098,4.102,,,,244.462,0.0,0.0,,,,,261.308,223.0,294.0,,,0.0,4297.0,4324.0,0.0,0.0,0.0,0.0,0.0,0.0,26.0,0.0,0.0,0.0,26.0,0.0,0.0,0.0,0.0,0.0,"solar2_v,lipo2_v"
2022-12-24T12:00:00Z,29.0,29.0,,,,,,,,,,,,,,,4.1,4.098,4.103,,,,245.793,0.0,0.0,,,,,258.31,221.0,296.0,,,0.0,4326.0,4354.0,0.0,0.0,0.0,0.0,0.0,0.0,29.0,0.0,0.0,0.0,29.0,0.0,0.0,0.0,0.0,0.0,"solar2_v,lipo2_v"
2022-12-24T13:00:00Z,29.0,29.0,,,,,,,,,,,,,,,4.1,4.098,4.102,,,,240.552,0.0,0.0,,,,,254.379,228.0,295.0,,,0.0,4355.0,4383.0,0.0,0.0,0.0,0.0,0.0,0.0,29.0,0.0,0.0,0.0,29.0,0.0,0.0,0.0,0.0,0.0,"solar2_v,lipo2_v"
2022-12-24T14:00:00Z,30.0,30.0,,,,,,,,,,,,,,,4.099,4.097,4.102,,,,243.6,0.0,0.0,,,,,254.967,218.0,296.0,,,0.0,4384.0,4413.0,0.0,0.0,0.0,0.0,0.0,0.0,30.0,0.0,0.0,0.0,30.0,0.0,0.0,0.0,0.0,0.0,"solar2_v,lipo2_v"
2022-12-24T15:00:00Z,29.0,29.0,,,,,,,,,,,,,,,4.099,4.098,4.102,,,,239.552,0.0,0.0,,,,,249.172,215.0,288.0,,,0.0,4414.0,4442.0,0.0,0.0,0.0,0.0,0.0,0.0,29.0,0.0,0.0,0.0,29.0,0.0,0.0,0.0,0.0,0.0,"solar2_v,lipo2_v"
2022-12-24T16:00:00Z,29.0,29.0,,,,,,,,,,,,,,,4.099,4.097,4.102,,,,239.414,0.0,0.0,,,,,253.793,218.0,295.0,,,0.0,4443.0,4471.0,0.0,0.0,0.0,0.0,0.0,0.0,29.0,0.0,0.0,0.0,29.0,0.0,0.0,0.0,0.0,0.0,"solar2_v,lipo2_v"
2022-12-24T17:00:00Z,29.0,29.0,,,,,,,,,,,,,,,4.1,4.098,4.102,,,,247.172,0.0,0.0,,,,,259.655,217.0,293.0,,,0.0,4472.0,4500.0,0.0,0.0,0.0,0.0,0.0,0.0,29.0,0.0,0.0,0.0,29.0,0.0,0.0,0.0,0.0,0.0,"solar2_v,lipo2_v"
2022-12-24T18:00:00Z,27.0,27.0,,,,,,,,,,,,,,,4.1,4.097,4.102,,,,240.926,0.0,0.0,,,,,251.222,228.0,269.0,,,0.0,4501.0,4528.0,0.0,0.0,0.0,0.0,0.0,0.0,27.0,0.0,0.0,0.0,27.0,0.0,0.0,0.0,0.0,0.0,"solar2_v,lipo2_v"
2022-12-24T19:00:00Z,30.0,30.0,,,,,,,,,,,,,,,4.1,4.097,4.102,,,,246.167,0.0,0.0,,,,,259.133,223.0,293.0,,,0.0,4529.0,4558.0,0.0,0.0,0.0,0.0,0.0,0.0,30.0,0.0,0.0,0.0,30.0,0.0,0.0,0.0,0.0,0.0,"solar2_v,lipo2_v"
2022-12-24T20:00:00Z,29.0,29.0,,,,,,,,,,,,,,,4.099,4.097,4.102,,,,242.379,0.0,0.0,,,,,263.621,233.0,296.0,,,0.0,4559.0,4587.0,0.0,0.0,0.0,0.0,0.0,0.0,29.0,0.0,0.0,0.0,29.0,0.0,0.0,0.0,0.0,0.0,"solar2_v,lipo2_v"
2022-12-24T21:00:00Z,29.0,29.0,,,,,,,,,,,,,,,4.099,4.097,4.102,,,,248.966,0.0,0.0,,,,,271.69,257.0,297.0,,,0.0,4588.0,4616.0,0.0,0.0,0.0,0.0,0.0,0.0,29.0,0.0,0.0,0.0,29.0,0.0,0.0,0.0,0.0,0.0,"solar2_v,lipo2_v"
2022-12-24T22:00:00Z,29.0,29.0,,,,,,,,,,,,,,,4.099,4.097,4.102,,,,238.724,0.0,0.0,,,,,264.931,244.0,278.0,,,0.0,4617.0,4645.0,0.0,0.0,0.0,0.0,0.0,0.0,29.0,0.0,0.0,0.0,29.0,0.0,0.0,0.0,0.0,0.0,"solar2_v,lipo2_v"
2022-12-24T23:00:00Z,29.0,29.0,,,,,,,,,,,,,,,4.099,4.097,4.102,,,,246.31,0.0,0.0,,,,,264.552,234.0,294.0,,,0.0,4646.0,4674.0,0.0,0.0,0.0,0.0,0.0,0.0,29.0,0.0,0.0,0.0,29.0,0.0,0.0,0.0,0.0,0.0,"solar2_v,lipo2_v"
2022-12-25T00:00:00Z,30.0,30.0,,,,,,,,,,,,,,,4.099,4.097,4.102,,,,236.5,0.0,0.0,,,,,262.867,231.0,291.0,,,0.0,4675.0,4704.0,0.0,0.0,0.0,0.0,0.0,0.0,30.0,0.0,0.0,0.0,30.0,0.0,0.0,0.0,0.0,0.0,"solar2_v,lipo2_v"
2022-12-25T01:00:00Z,29.0,29.0,,,,,,,,,,,,,,,4.099,4.097,4.1,,,,245.793,0.0,0.0,,,,,253.793,227.0,289.0,,,0.0,4705.0,4733.0,0.0,0.0,0.0,0.0,0.0,0.0,29.0,0.0,0.0,0.0,29.0,0.0,0.0,0.0,0.0,0.0,"solar2_v,lipo2_v"
2022-12-25T02:00:00Z,28.0,28.0,,,,,,,,,,,,,,,4.098,4.095,4.1,,,,233.071,0.0,0.0,,,,,248.821,214.0,266.0,,,0.0,4734.0,4762.0,0.0,0.0,0.0,0.0,0.0,0.0,28.0,0.0,0.0,0.0,28.0,0.0,0.0,0.0,0.0,0.0,"solar2_v,lipo2_v"
2022-12-25T03:00:00Z,29.0,29.0,,,,,,,,,,,,,,,4.098,4.097,4.1,,,,239.966,0.0,0.0,,,,,249.793,211.0,286.0,,,0.0,4763.0,4791.0,0.0,0.0,0.0,0.0,0.0,0.0,29.0,0.0,0.0,0.0,29.0,0.0,0.0,0.0,0.0,0.0,"solar2_v,lipo2_v"
2022-12-25T04:00:00Z,29.0,29.0,,,,,,,,,,,,,,,4.097,4.095,4.1,,,,241.241,0.0,0.0,,,,,253.241,221.0,267.0,,,0.0,4792.0,4820.0,0.0,0.0,0.0,0.0,0.0,0.0,29.0,0.0,0.0,0.0,29.0,0.0,0.0,0.0,0.0,0.0,"solar2_v,lipo2_v"
2022-12-25T05:00:00Z,28.0,28.0,,,,,,,,,,,,,,,4.097,4.093,4.1,,,,238.179,0.0,0.0,,,,,240.0,200.0,278.0,,,0.0,4821.0,4848.0,0.0,0.0,0.0,0.0,0.0,0.0,28.0,0.0,0.0,0.0,28.0,0.0,0.0,0.0,0.0,0.0,"solar2_v,lipo2_v"
2022-12-25T06:00:00Z,28.0,28.0,,,,,,,,,,,,,,,4.098,4.097,4.1,,,,236.357,0.0,0.0,,,,,248.857,210.0,277.0,,,0.0,4849.0,4877.0,0.0,0.0,0.0,0.0,0.0,0.0,28.0,0.0,0.0,0.0,28.0,0.0,0.0,0.0,0.0,0.0,"solar2_v,lipo2_v"
2022-12-25T07:00:00Z,29.0,29.0,,,,,,,,,,,,,,,4.098,4.095,4.1,,,,237.966,0.0,0.0,,,,,246.241,215.0,284.0,,,0.0,4878.0,4906.0,0.0,0.0,0.0,0.0,0.0,0.0,29.0,0.0,0.0,0.0,29.0,0.0,0.0,0.0,0.0,0.0,"solar2_v,lipo2_v"
2022-12-25T08:00:00Z,28.0,28.0,,,,,,,,,,,,,,,4.097,4.095,4.1,,,,242.714,0.0,0.0,,,,,252.393,221.0,286.0,,,0.0,4907.0,4934.0,0.0,0.0,0.0,0.0,0.0,0.0,28.0,0.0,0.0,0.0,28.0,0.0,0.0,0.0,0.0,0.0,"solar2_v,lipo2_v"
2022-12-25T09:00:00Z,29.0,29.0,,,,,,,,,,,,,,,4.097,4.093,4.098,,,,237.345,0.0,0.0,,,,,248.172,223.0,286.0,,,0.0,4935.0,4963.0,0.0,0.0,0.0,0.0,0.0,0.0,29.0,0.0,0.0,0.0,29.0,0.0,0.0,0.0,0.0,0.0,"solar2_v,lipo2_v"
2022-12-25T10:00:00Z,29.0,29.0,,,,,,,,,,,,,,,4.096,4.093,4.098,,,,240.931,0.0,0.0,,,,,250.448,211.0,286.0,,,0.0,4964.0,4992.0,0.0,0.0,0.0,0.0,0.0,0.0,29.0,0.0,0.0,0.0,29.0,0.0,0.0,0.0,0.0,0.0,"solar2_v,lipo2_v"
2022-12-25T11:00:00Z,28.0,28.0,,,,,,,,,,,,,,,4.096,4.093,4.098,,,,243.143,0.0,0.0,,,,,248.571,209.0,286.0,,,0.0,4993.0,5020.0,0.0,0.0,0.0,0.0,0.0,0.0,28.0,0.0,0.0,0.0,28.0,0.0,0.0,0.0,0.0,0.0,"solar2_v,lipo2_v"
2022-12-25T12:00:00Z,29.0,29.0,,,,,,,,,,,,,,,4.096,4.093,4.098,,,,238.345,0.0,0.0,,,,,245.172,207.0,291.0,,,0.0,5021.0,5049.0,0.0,0.0,0.0,0.0,0.0,0.0,29.0,0.0,0.0,0.0,29.0,0.0,0.0,0.0,0.0,0.0,"solar2_v,lipo2_v"
2022-12-25T13:00:00Z,27.0,27.0,,,,,,,,,,,,,,,4.095,4.092,4.098,,,,242.815,0.0,0.0,,,,,250.222,223.0,289.0,,,0.0,5050.0,5078.0,0.0,0.0,0.0,0.0,0.0,0.0,27.0,0.0,0.0,0.0,27.0,0.0,0.0,0.0,0.0,0.0,"solar2_v,lipo2_v"
2022-12-25T14:00:00Z,27.0,27.0,,,,,,,,,,,,,,,4.095,4.093,4.098,,,,236.481,0.0,0.0,,,,,251.333,221.0,292.0,,,0.0,5079.0,5106.0,0.0,0.0,0.0,0.0,0.0,0.0,27.0,0.0,0.0,0.0,27.0,0.0,0.0,0.0,0.0,0.0,"solar2_v,lipo2_v"
2022-12-25T15:00:00Z,25.0,25.0,,,,,,,,,,,,,,,4.095,4.093,4.098,,,,248.04,0.0,0.0,,,,,258.76,225.0,295.0,,,0.0,5107.0,5135.0,0.0,0.0,0.0,0.0,0.0,0.0,25.0,0.0,0.0,0.0,25.0,0.0,0.0,0.0,0.0,0.0,"solar2_v,lipo2_v"
2022-12-25T16:00:00Z,25.0,25.0,,,,,,,,,,,,,,,4.094,4.092,4.097,,,,243.28,0.0,0.0,,,,,260.28,228.0,296.0,,,0.0,5136.0,5163.0,0.0,0.0,0.0,0.0,0.0,0.0,25.0,0.0,0.0,0.0,25.0,0.0,0.0,0.0,0.0,0.0,"solar2_v,lipo2_v"
2022-12-25T17:00:00Z,29.0,29.0,,,,,,,,,,,,,,,4.095,4.093,4.097,,,,238.655,0.0,0.0,,,,,253.414,219.0,289.0,,,0.0,5164.0,5192.0,0.0,0.0,0.0,0.0,0.0,0.0,29.0,0.0,0.0,0.0,29.0,0.0,0.0,0.0,0.0,0.0,"solar2_v,lipo2_v"
2022-12-25T18:00:00Z,29.0,29.0,,,,,,,,,,,,,,,4.095,4.093,4.097,,,,248.759,0.0,0.0,,,,,260.414,223.0,295.0,,,0.0,5193.0,5221.0,0.0,0.0,0.0,0.0,0.0,0.0,29.0,0.0,0.0,0.0,29.0,0.0,0.0,0.0,0.0,0.0,"solar2_v,lipo2_v"
2022-12-25T19:00:00Z,29.0,29.0,,,,,,,,,,,,,,,4.094,4.092,4.097,,,,235.483,0.0,0.0,,,,,252.759,218.0,290.0,,,0.0,5222.0,5250.0,0.0,0.0,0.0,0.0,0.0,0.0,29.0,0.0,0.0,0.0,29.0,0.0,0.0,0.0,0.0,0.0,"solar2_v,lipo2_v"
2022-12-25T20:00:00Z,28.0,28.0,,,,,,,,,,,,,,,4.094,4.093,4.098,,,,241.143,0.0,0.0,,,,,248.679,212.0,292.0,,,0.0,5251.0,5278.0,0.0,0.0,0.0,0.0,0.0,0.0,28.0,0.0,0.0,0.0,28.0,0.0,0.0,0.0,0.0,0.0,"solar2_v,lipo2_v"
2022-12-25T21:00:00Z,29.0,29.0,,,,,,,,,,,,,,,4.082,4.082,4.083,,,,232.966,0.0,0.0,,,,,249.172,245.0,253.0,,,0.0,5279.0,5307.0,0.0,0.0,0.0,0.0,0.0,0.0,29.0,0.0,0.0,0.0,29.0,0.0,0.0,0.0,0.0,0.0,"solar2_v,lipo2_v"
2022-12-25T22:00:00Z,29.0,29.0,,,,,,,,,,,,,,,4.082,4.08,4.082,,,,233.034,0.0,0.0,,,,,246.931,245.0,250.0,,,0.0,5308.0,5336.0,0.0,0.0,0.0,0.0,0.0,0.0,29.0,0.0,0.0,0.0,29.0,0.0,0.0,0.0,0.0,0.0,"solar2_v,lipo2_v"
2022-12-25T23:00:00Z,28.0,28.0,,,,,,,,,,,,,,,4.08,4.08,4.082,,,,233.214,0.0,0.0,,,,,246.321,245.0,249.0,,,0.0,5337.0,5364.0,0.0,0.0,0.0,0.0,0.0,0.0,28.0,0.0,0.0,0.0,28.0,0.0,0.0,0.0,0.0,0.0,"solar2_v,lipo2_v"
2022-12-26T00:00:00Z,29.0,29.0,,,,,,,,,,,,,,,4.08,4.078,4.082,,,,232.897,0.0,0.0,,,,,245.345,244.0,247.0,,,0.0,5365.0,5393.0,0.0,0.0,0.0,0.0,0.0,0.0,29.0,0.0,0.0,0.0,29.0,0.0,0.0,0.0,0.0,0.0,"solar2_v,lipo2_v"
2022-12-26T01:00:00Z,20.0,20.0,,,,,,,,,,,,,,,4.079,4.078,4.08,,,,232.7,0.0,0.0,,,,,244.55,242.0,246.0,,,0.0,5394.0,5416.0,0.0,0.0,0.0,0.0,0.0,0.0,20.0,0.0,0.0,0.0,20.0,0.0,0.0,0.0,0.0,0.0,"solar2_v,lipo2_v"
2022-12-26T03:00:00Z,24.0,24.0,,,,,,,,,,,,,,,4.075,4.073,4.078,,,,231.958,0.0,0.0,,,,,257.375,255.0,260.0,,,0.0,5451.0,5475.0,0.0,0.0,0.0,0.0,0.0,0.0,24.0,0.0,0.0,0.0,24.0,0.0,0.0,0.0,0.0,0.0,"solar2_v,lipo2_v"
2022-12-26T04:00:00Z,29.0,29.0,,,,,,,,,,,,,,,4.074,4.073,4.077,,,,232.0,0.0,0.0,,,,,257.138,256.0,258.0,,,0.0,5476.0,5504.0,0.0,0.0,0.0,0.0,0.0,0.0,29.0,0.0,0.0,0.0,29.0,0.0,0.0,0.0,0.0,0.0,"solar2_v,lipo2_v"
2022-12-26T05:00:00Z,28.0,28.0,,,,,,,,,,,,,,,4.073,4.07,4.075,,,,231.714,0.0,0.0,,,,,255.893,253.0,257.0,,,0.0,5505.0,5533.0,0.0,0.0,0.0,0.0,0.0,0.0,28.0,0.0,0.0,0.0,28.0,0.0,0.0,0.0,0.0,0.0,"solar2_v,lipo2_v"
2022-12-26T06:00:00Z,28.0,28.0,,,,,,,,,,,,,,,4.072,4.069,4.073,,,,232.214,0.0,0.0,,,,,253.0,252.0,256.0,,,0.0,5534.0,5561.0,0.0,0.0,0.0,0.0,0.0,0.0,28.0,0.0,0.0,0.0,28.0,0.0,0.0,0.0,0.0,0.0,"solar2_v,lipo2_v"
2022-12-26T07:00:00Z,29.0,29.0,,,,,,,,,,,,,,,4.07,4.067,4.072,,,,232.069,0.0,0.0,,,,,252.069,250.0,254.0,,,0.0,5562.0,5590.0,0.0,0.0,0.0,0.0,0.0,0.0,29.0,0.0,0.0,0.0,29.0,0.0,0.0,0.0,0.0,0.0,"solar2_v,lipo2_v"
2022-12-26T08:00:00Z,29.0,29.0,,,,,,,,,,,,,,,4.068,4.065,4.072,,,,232.379,0.0,0.0,,,,,251.655,248.0,255.0,,,0.0,5591.0,5619.0,0.0,0.0,0.0,0.0,0.0,0.0,29.0,0.0,0.0,0.0,29.0,0.0,0.0,0.0,0.0,0.0,"solar2_v,lipo2_v"
2022-12-26T09:00:00Z,28.0,28.0,,,,,,,,,,,,,,,4.067,4.065,4.07,,,,232.321,0.0,0.0,,,,,250.786,248.0,253.0,,,0.0,5620.0,5647.0,0.0,0.0,0.0,0.0,0.0,0.0,28.0,0.0,0.0,0.0,28.0,0.0,0.0,0.0,0.0,0.0,"solar2_v,lipo2_v"
2022-12-26T10:00:00Z,29.0,29.0,,,,,,,,,,,,,,,4.066,4.064,4.069,,,,232.414,0.0,0.0,,,,,248.966,247.0,251.0,,,0.0,5648.0,5676.0,0.0,0.0,0.0,0.0,0.0,0.0,29.0,0.0,0.0,0.0,29.0,0.0,0.0,0.0,0.0,0.0,"solar2_v,lipo2_v"
2022-12-26T11:00:00Z,23.0,23.0,,,,,,,,,,,,,,,4.064,4.062,4.067,,,,232.609,0.0,0.0,,,,,248.0,247.0,250.0,,,0.0,5677.0,5705.0,0.0,0.0,0.0,0.0,0.0,0.0,23.0,0.0,0.0,0.0,23.0,0.0,0.0,0.0,0.0,0.0,"solar2_v,lipo2_v"
2022-12-26T12:00:00Z,20.0,20.0,,,,,,,,,,,,,,,4.064,4.062,4.065,,,,232.65,0.0,0.0,,,,,248.6,247.0,251.0,,,0.0,5706.0,5733.0,0.0,0.0,0.0,0.0,0.0,0.0,20.0,0.0,0.0,0.0,20.0,0.0,0.0,0.0,0.0,0.0,"solar2_v,lipo2_v"
2022-12-26T13:00:00Z,21.0,21.0,,,,,,,,,,,,,,,4.062,4.06,4.065,,,,232.571,0.0,0.0,,,,,247.381,247.0,249.0,,,0.0,5734.0,5762.0,0.0,0.0,0.0,0.0,0.0,0.0,21.0,0.0,0.0,0.0,21.0,0.0,0.0,0.0,0.0,0.0,"solar2_v,lipo2_v"
2022-12-26T14:00:00Z,20.0,20.0,,,,,,,,,,,,,,,4.061,4.06,4.064,,,,232.5,0.0,0.0,,,,,246.25,245.0,248.0,,,0.0,5763.0,5790.0,0.0,0.0,0.0,0.0,0.0,0.0,20.0,0.0,0.0,0.0,20.0,0.0,0.0,0.0,0.0,0.0,"solar2_v,lipo2_v"
2022-12-26T15:00:00Z,25.0,25.0,,,,,,,,,,,,,,,4.06,4.059,4.06,,,,232.76,0.0,0.0,,,,,246.2,245.0,247.0,,,0.0,5791.0,5819.0,0.0,0.0,0.0,0.0,0.0,0.0,25.0,0.0,0.0,0.0,25.0,0.0,0.0,0.0,0.0,0.0,"solar2_v,lipo2_v"
2022-12-26T16:00:00Z,27.0,27.0,,,,,,,,,,,,,,,4.058,4.055,4.06,,,,233.0,0.0,0.0,,,,,245.852,245.0,247.0,,,0.0,5820.0,5847.0,0.0,0.0,0.0,0.0,0.0,0.0,27.0,0.0,0.0,0.0,27.0,0.0,0.0,0.0,0.0,0.0,"solar2_v,lipo2_v"
2022-12-26T17:00:00Z,29.0,29.0,,,,,,,,,,,,,,,4.057,4.055,4.06,,,,232.655,0.0,0.0,,,,,245.724,245.0,248.0,,,0.0,5848.0,5876.0,0.0,0.0,0.0,0.0,0.0,0.0,29.0,0.0,0.0,0.0,29.0,0.0,0.0,0.0,0.0,0.0,"solar2_v,lipo2_v"
2022-12-26T18:00:00Z,28.0,28.0,,,,,,,,,,,,,,,4.056,4.054,4.057,,,,232.929,0.0,0.0,,,,,245.393,245.0,246.0,,,0.0,5877.0,5904.0,0.0,0.0,0.0,0.0,0.0,0.0,28.0,0.0,0.0,0.0,28.0,0.0,0.0,0.0,0.0,0.0,"solar2_v,lipo2_v"
2022-12-26T19:00:00Z,29.0,29.0,,,,,,,,,,,,,,,4.055,4.054,4.057,,,,233.034,0.0,0.0,,,,,245.207,244.0,246.0,,,0.0,5905.0,5933.0,0.0,0.0,0.0,0.0,0.0,0.0,29.0,0.0,0.0,0.0,29.0,0.0,0.0,0.0,0.0,0.0,"solar2_v,lipo2_v"
2022-12-26T20:00:00Z,29.0,29.0,,,,,,,,,,,,,,,4.055,4.054,4.057,,,,232.931,0.0,0.0,,,,,246.207,245.0,248.0,,,0.0,5934.0,5962.0,0.0,0.0,0.0,0.0,0.0,0.0,29.0,0.0,0.0,0.0,29.0,0.0,0.0,0.0,0.0,0.0,"solar2_v,lipo2_v"
2022-12-26T21:00:00Z,28.0,28.0,,,,,,,,,,,,,,,4.054,4.052,4.055,,,,233.071,0.0,0.0,,,,,247.75,246.0,250.0,,,0.0,5963.0,5990.0,0.0,0.0,0.0,0.0,0.0,0.0,28.0,0.0,0.0,0.0,28.0,0.0,0.0,0.0,0.0,0.0,"solar2_v,lipo2_v"
2022-12-26T22:00:00Z,29.0,29.0,,,,,,,,,,,,,,,4.053,4.052,4.055,,,,233.276,0.0,0.0,,,,,250.552,247.0,253.0,,,0.0,5991.0,6019.0,0.0,0.0,0.0,0.0,0.0,0.0,29.0,0.0,0.0,0.0,29.0,0.0,0.0,0.0,0.0,0.0,"solar2_v,lipo2_v"
2022-12-26T23:00:00Z,29.0,29.0,,,,,,,,,,,,,,,4.053,4.052,4.054,,,,233.379,0.0,0.0,,,,,250.724,247.0,255.0,,,0.0,6020.0,6048.0,0.0,0.0,0.0,0.0,0.0,0.0,29.0,0.0,0.0,0.0,29.0,0.0,0.0,0.0,0.0,0.0,"solar2_v,lipo2_v"
2022-12-27T00:00:00Z,28.0,28.0,,,,,,,,,,,,,,,4.052,4.05,4.054,,,,233.357,0.0,0.0,,,,,248.393,247.0,251.0,,,0.0,6049.0,6076.0,0.0,0.0,0.0,0.0,0.0,0.0,28.0,0.0,0.0,0.0,28.0,0.0,0.0,0.0,0.0,0.0,"solar2_v,lipo2_v"
2022-12-27T01:00:00Z,29.0,29.0,,,,,,,,,,,,,,,4.051,4.049,4.052,,,,233.069,0.0,0.0,,,,,246.621,246.0,250.0,,,0.0,6077.0,6105.0,0.0,0.0,0.0,0.0,0.0,0.0,29.0,0.0,0.0,0.0,29.0,0.0,0.0,0.0,0.0,0.0,"solar2_v,lipo2_v"
2022-12-27T02:00:00Z,29.0,29.0,,,,,,,,,,,,,,,4.05,4.047,4.052,,,,232.724,0.0,0.0,,,,,245.414,245.0,246.0,,,0.0,6106.0,6134.0,0.0,0.0,0.0,0.0,0.0,0.0,29.0,0.0,0.0,0.0,29.0,0.0,0.0,0.0,0.0,0.0,"solar2_v,lipo2_v"
2022-12-27T03:00:00Z,27.0,27.0,,,,,,,,,,,,,,,4.05,4.047,4.052,,,,232.519,0.0,0.0,,,,,244.704,244.0,245.0,,,0.0,6135.0,6161.0,0.0,0.0,0.0,0.0,0.0,0.0,27.0,0.0,0.0,0.0,27.0,0.0,0.0,0.0,0.0,0.0,"solar2_v,lipo2_v"
2022-12-27T04:00:00Z,29.0,29.0,,,,,,,,,,,,,,,4.049,4.047,4.05,,,,232.172,0.0,0.0,,,,,245.0,244.0,246.0,,,0.0,6163.0,6191.0,0.0,0.0,0.0,0.0,0.0,0.0,29.0,0.0,0.0,0.0,29.0,0.0,0.0,0.0,0.0,0.0,"solar2_v,lipo2_v"
2022-12-27T05:00:00Z,29.0,29.0,,,,,,,,,,,,,,,4.048,4.045,4.05,,,,232.0,0.0,0.0,,,,,244.966,244.0,246.0,,,0.0,6192.0,6220.0,0.0,0.0,0.0,0.0,0.0,0.0,29.0,0.0,0.0,0.0,29.0,0.0,0.0,0.0,0.0,0.0,"solar2_v,lipo2_v"
2022-12-27T06:00:00Z,28.0,28.0,,,,,,,,,,,,,,,4.048,4.045,4.05,,,,232.286,0.0,0.0,,,,,244.679,243.0,246.0,,,0.0,6221.0,6248.0,0.0,0.0,0.0,0.0,0.0,0.0,28.0,0.0,0.0,0.0,28.0,0.0,0.0,0.0,0.0,0.0,"solar2_v,lipo2_v"
2022-12-27T07:00:00Z,29.0,29.0,,,,,,,,,,,,,,,4.046,4.045,4.049,,,,232.31,0.0,0.0,,,,,242.345,240.0,245.0,,,0.0,6249.0,6277.0,0.0,0.0,0.0,0.0,0.0,0.0,29.0,0.0,0.0,0.0,29.0,0.0,0.0,0.0,0.0,0.0,"solar2_v,lipo2_v"
2022-12-27T08:00:00Z,29.0,29.0,,,,,,,,,,,,,,,4.046,4.044,4.047,,,,232.379,0.0,0.0,,,,,240.276,239.0,243.0,,,0.0,6278.0,6306.0,0.0,0.0,0.0,0.0,0.0,0.0,29.0,0.0,0.0,0.0,29.0,0.0,0.0,0.0,0.0,0.0,"solar2_v,lipo2_v"
2022-12-27T09:00:00Z,28.0,28.0,,,,,,,,,,,,,,,4.045,4.044,4.047,,,,232.5,0.0,0.0,,,,,239.5,238.0,241.0,,,0.0,6307.0,6334.0,0.0,0.0,0.0,0.0,0.0,0.0,28.0,0.0,0.0,0.0,28.0,0.0,0.0,0.0,0.0,0.0,"solar2_v,lipo2_v"
2022-12-27T10:00:00Z,29.0,29.0,,,,,,,,,,,,,,,4.044,4.042,4.047,,,,232.552,0.0,0.0,,,,,239.241,238.0,242.0,,,0.0,6335.0,6363.0,0.0,0.0,0.0,0.0,0.0,0.0,29.0,0.0,0.0,0.0,29.0,0.0,0.0,0.0,0.0,0.0,"solar2_v,lipo2_v"
2022-12-27T11:00:00Z,29.0,29.0,,,,,,,,,,,,,,,4.043,4.04,4.045,,,,232.448,0.0,0.0,,,,,238.586,237.0,241.0,,,0.0,6364.0,6392.0,0.0,0.0,0.0,0.0,0.0,0.0,29.0,0.0,0.0,0.0,29.0,0.0,0.0,0.0,0.0,0.0,"solar2_v,lipo2_v"
2022-12-27T12:00:00Z,25.0,25.0,,,,,,,,,,,,,,,4.043,4.04,4.045,,,,232.52,0.0,0.0,,,,,238.92,238.0,242.0,,,0.0,6393.0,6420.0,0.0,0.0,0.0,0.0,0.0,0.0,25.0,0.0,0.0,0.0,25.0,0.0,0.0,0.0,0.0,0.0,"solar2_v,lipo2_v"
2022-12-27T13:00:00Z,21.0,21.0,,,,,,,,,,,,,,,4.041,4.039,4.044,,,,232.571,0.0,0.0,,,,,238.524,236.0,241.0,,,0.0,6421.0,6449.0,0.0,0.0,0.0,0.0,0.0,0.0,21.0,0.0,0.0,0.0,21.0,0.0,0.0,0.0,0.0,0.0,"solar2_v,lipo2_v"
2022-12-27T14:00:00Z,23.0,23.0,,,,,,,,,,,,,,,4.041,4.039,4.042,,,,232.739,0.0,0.0,,,,,238.652,238.0,242.0,,,0.0,6450.0,6477.0,0.0,0.0,0.0,0.0,0.0,0.0,23.0,0.0,0.0,0.0,23.0,0.0,0.0,0.0,0.0,0.0,"solar2_v,lipo2_v"
2022-12-27T15:00:00Z,27.0,27.0,,,,,,,,,,,,,,,4.04,4.037,4.042,,,,232.593,0.0,0.0,,,,,237.407,235.0,241.0,,,0.0,6478.0,6506.0,0.0,0.0,0.0,0.0,0.0,0.0,27.0,0.0,0.0,0.0,27.0,0.0,0.0,0.0,0.0,0.0,"solar2_v,lipo2_v"
2022-12-27T16:00:00Z,28.0,28.0,,,,,,,,,,,,,,,4.039,4.037,4.04,,,,232.786,0.0,0.0,,,,,237.107,235.0,239.0,,,0.0,6507.0,6534.0,0.0,0.0,0.0,0.0,0.0,0.0,28.0,0.0,0.0,0.0,28.0,0.0,0.0,0.0,0.0,0.0,"solar2_v,lipo2_v"
2022-12-27T17:00:00Z,29.0,29.0,,,,,,,,,,,,,,,4.038,4.037,4.04,,,,232.379,0.0,0.0,,,,,235.517,234.0,237.0,,,0.0,6535.0,6563.0,0.0,0.0,0.0,0.0,0.0,0.0,29.0,0.0,0.0,0.0,29.0,0.0,0.0,0.0,0.0,0.0,"solar2_v,lipo2_v"
2022-12-27T18:00:00Z,29.0,29.0,,,,,,,,,,,,,,,4.038,4.036,4.04,,,,232.862,0.0,0.0,,,,,235.31,234.0,238.0,,,0.0,6564.0,6592.0,0.0,0.0,0.0,0.0,0.0,0.0,29.0,0.0,0.0,0.0,29.0,0.0,0.0,0.0,0.0,0.0,"solar2_v,lipo2_v"
2022-12-27T19:00:00Z,28.0,28.0,,,,,,,,,,,,,,,4.038,4.036,4.039,,,,232.607,0.0,0.0,,,,,235.0,233.0,238.0,,,0.0,6593.0,6620.0,0.0,0.0,0.0,0.0,0.0,0.0,28.0,0.0,0.0,0.0,28.0,0.0,0.0,0.0,0.0,0.0,"solar2_v,lipo2_v"
2022-12-27T20:00:00Z,29.0,29.0,,,,,,,,,,,,,,,4.037,4.034,4.039,,,,232.931,0.0,0.0,,,,,235.931,234.0,238.0,,,0.0,6621.0,6649.0,0.0,0.0,0.0,0.0,0.0,0.0,29.0,0.0,0.0,0.0,29.0,0.0,0.0,0.0,0.0,0.0,"solar2_v,lipo2_v"
2022-12-27T21:00:00Z,29.0,29.0,,,,,,,,,,,,,,,4.036,4.034,4.037,,,,233.0,0.0,0.0,,,,,237.69,235.0,239.0,,,0.0,6650.0,6678.0,0.0,0.0,0.0,0.0,0.0,0.0,29.0,0.0,0.0,0.0,29.0,0.0,0.0,0.0,0.0,0.0,"solar2_v,lipo2_v"
2022-12-27T22:00:00Z,27.0,27.0,,,,,,,,,,,,,,,4.036,4.034,4.039,,,,233.259,0.0,0.0,,,,,240.407,238.0,243.0,,,0.0,6679.0,6706.0,0.0,0.0,0.0,0.0,0.0,0.0,27.0,0.0,0.0,0.0,27.0,0.0,0.0,0.0,0.0,0.0,"solar2_v,lipo2_v"
2022-12-27T23:00:00Z,29.0,29.0,,,,,,,,,,,,,,,4.036,4.034,4.039,,,,233.034,0.0,0.0,,,,,241.207,239.0,243.0,,,0.0,6707.0,6735.0,0.0,0.0,0.0,0.0,0.0,0.0,29.0,0.0,0.0,0.0,29.0,0.0,0.0,0.0,0.0,0.0,"solar2_v,lipo2_v"
2022-12-28T00:00:00Z,29.0,29.0,,,,,,,,,,,,,,,4.036,4.034,4.037,,,,233.172,0.0,0.0,,,,,241.655,240.0,243.0,,,0.0,6736.0,6764.0,0.0,0.0,0.0,0.0,0.0,0.0,29.0,0.0,0.0,0.0,29.0,0.0,0.0,0.0,0.0,0.0,"solar2_v,lipo2_v"
2022-12-28T01:00:00Z,28.0,28.0,,,,,,,,,,,,,,,4.035,4.034,4.037,,,,233.071,0.0,0.0,,,,,240.357,239.0,242.0,,,0.0,6765.0,6792.0,0.0,0.0,0.0,0.0,0.0,0.0,28.0,0.0,0.0,0.0,28.0,0.0,0.0,0.0,0.0,0.0,"solar2_v,lipo2_v"
2022-12-28T02:00:00Z,29.0,29.0,,,,,,,,,,,,,,,4.034,4.032,4.036,,,,232.69,0.0,0.0,,,,,241.172,238.0,245.0,,,0.0,6793.0,6821.0,0.0,0.0,0.0,0.0,0.0,0.0,29.0,0.0,0.0,0.0,29.0,0.0,0.0,0.0,0.0,0.0,"solar2_v,lipo2_v"
2022-12-28T03:00:00Z,28.0,28.0,,,,,,,,,,,,,,,4.034,4.032,4.036,,,,232.143,0.0,0.0,,,,,251.75,245.0,256.0,,,0.0,6822.0,6850.0,0.0,0.0,0.0,0.0,0.0,0.0,28.0,0.0,0.0,0.0,28.0,0.0,0.0,0.0,0.0,0.0,"solar2_v,lipo2_v"
2022-12-28T04:00:00Z,28.0,28.0,,,,,,,,,,,,,,,4.034,4.032,4.037,,,,231.643,0.0,0.0,,,,,259.286,253.0,266.0,,,0.0,6851.0,6878.0,0.0,0.0,0.0,0.0,0.0,0.0,28.0,0.0,0.0,0.0,28.0,0.0,0.0,0.0,0.0,0.0,"solar2_v,lipo2_v"
2022-12-28T05:00:00Z,18.0,18.0,,,,,,,,,,,,,,,4.033,4.032,4.034,,,,231.778,0.0,0.0,,,,,260.889,259.0,266.0,,,0.0,6879.0,6906.0,0.0,0.0,0.0,0.0,0.0,0.0,18.0,0.0,0.0,0.0,18.0,0.0,0.0,0.0,0.0,0.0,"solar2_v,lipo2_v"
2022-12-28T06:00:00Z,21.0,21.0,,,,,,,,,,,,,,,4.032,4.031,4.032,,,,232.048,0.0,0.0,,,,,258.381,254.0,264.0,,,0.0,6908.0,6934.0,0.0,0.0,0.0,0.0,0.0,0.0,21.0,0.0,0.0,0.0,21.0,0.0,0.0,0.0,0.0,0.0,"solar2_v,lipo2_v"
2022-12-28T08:00:00Z,20.0,20.0,,,,,,,,,,,,,,,4.03,4.029,4.031,,,,235.95,0.0,0.0,,,,,263.55,237.0,273.0,,,0.0,6969.0,6988.0,0.0,0.0,0.0,0.0,0.0,0.0,20.0,0.0,0.0,0.0,20.0,0.0,0.0,0.0,0.0,0.0,"solar2_v,lipo2_v"
2022-12-28T09:00:00Z,29.0,29.0,,,,,,,,,,,,,,,4.029,4.029,4.031,,,,235.897,0.0,0.0,,,,,264.621,260.0,270.0,,,0.0,6989.0,7017.0,0.0,0.0,0.0,0.0,0.0,0.0,29.0,0.0,0.0,0.0,29.0,0.0,0.0,0.0,0.0,0.0,"solar2_v,lipo2_v"
2022-12-28T10:00:00Z,29.0,29.0,,,,,,,,,,,,,,,4.029,4.029,4.031,,,,236.069,0.0,0.0,,,,,265.552,263.0,267.0,,,0.0,7018.0,7046.0,0.0,0.0,0.0,0.0,0.0,0.0,29.0,0.0,0.0,0.0,29.0,0.0,0.0,0.0,0.0,0.0,"solar2_v,lipo2_v"
2022-12-28T11:00:00Z,25.0,25.0,,,,,,,,,,,,,,,4.029,4.029,4.031,,,,235.96,0.0,0.0,,,,,265.12,260.0,267.0,,,0.0,7047.0,7073.0,0.0,0.0,0.0,0.0,0.0,0.0,25.0,0.0,0.0,0.0,25.0,0.0,0.0,0.0,0.0,0.0,"solar2_v,lipo2_v"
2022-12-28T12:00:00Z,27.0,27.0,,,,,,,,,,,,,,,4.029,4.029,4.031,,,,234.963,0.0,0.0,,,,,259.963,255.0,276.0,,,0.0,7075.0,7103.0,0.0,0.0,0.0,0.0,0.0,0.0,27.0,0.0,0.0,0.0,27.0,0.0,0.0,0.0,0.0,0.0,"solar2_v,lipo2_v"
2022-12-28T13:00:00Z,20.0,20.0,,,,,,,,,,,,,,,4.029,4.027,4.029,,,,233.95,0.0,0.0,,,,,258.85,238.0,281.0,,,0.0,7104.0,7131.0,0.0,0.0,0.0,0.0,0.0,0.0,20.0,0.0,0.0,0.0,20.0,0.0,0.0,0.0,0.0,0.0,"solar2_v,lipo2_v"
2022-12-28T14:00:00Z,26.0,26.0,,,,,,,,,,,,,,,4.029,4.027,4.029,,,,233.423,0.0,0.0,,,,,245.038,244.0,247.0,,,0.0,7133.0,7160.0,0.0,0.0,0.0,0.0,0.0,0.0,26.0,0.0,0.0,0.0,26.0,0.0,0.0,0.0,0.0,0.0,"solar2_v,lipo2_v"
2022-12-28T15:00:00Z,28.0,28.0,,,,,,,,,,,,,,,4.028,4.027,4.029,,,,233.536,0.0,0.0,,,,,246.5,245.0,250.0,,,0.0,7161.0,7189.0,0.0,0.0,0.0,0.0,0.0,0.0,28.0,0.0,0.0,0.0,28.0,0.0,0.0,0.0,0.0,0.0,"solar2_v,lipo2_v"
2022-12-28T16:00:00Z,28.0,28.0,,,,,,,,,,,,,,,4.028,4.027,4.029,,,,233.25,0.0,0.0,,,,,247.143,245.0,250.0,,,0.0,7190.0,7217.0,0.0,0.0,0.0,0.0,0.0,0.0,28.0,0.0,0.0,0.0,28.0,0.0,0.0,0.0,0.0,0.0,"solar2_v,lipo2_v"
2022-12-28T17:00:00Z,29.0,29.0,,,,,,,,,,,,,,,4.028,4.027,4.029,,,,232.862,0.0,0.0,,,,,246.483,245.0,248.0,,,0.0,7218.0,7246.0,0.0,0.0,0.0,0.0,0.0,0.0,29.0,0.0,0.0,0.0,29.0,0.0,0.0,0.0,0.0,0.0,"solar2_v,lipo2_v"
2022-12-28T18:00:00Z,29.0,29.0,,,,,,,,,,,,,,,4.027,4.027,4.029,,,,232.862,0.0,0.0,,,,,245.69,245.0,247.0,,,0.0,7247.0,7275.0,0.0,0.0,0.0,0.0,0.0,0.0,29.0,0.0,0.0,0.0,29.0,0.0,0.0,0.0,0.0,0.0,"solar2_v,lipo2_v"
2022-12-28T19:00:00Z,28.0,28.0,,,,,,,,,,,,,,,4.027,4.027,4.029,,,,233.107,0.0,0.0,,,,,247.964,246.0,252.0,,,0.0,7276.0,7303.0,0.0,0.0,0.0,0.0,0.0,0.0,28.0,0.0,0.0,0.0,28.0,0.0,0.0,0.0,0.0,0.0,"solar2_v,lipo2_v"
2022-12-28T20:00:00Z,29.0,29.0,,,,,,,,,,,,,,,4.027,4.027,4.029,,,,233.069,0.0,0.0,,,,,250.448,248.0,254.0,,,0.0,7304.0,7332.0,0.0,0.0,0.0,0.0,0.0,0.0,29.0,0.0,0.0,0.0,29.0,0.0,0.0,0.0,0.0,0.0,"solar2_v,lipo2_v"
2022-12-28T21:00:00Z,29.0,29.0,,,,,,,,,,,,,,,4.027,4.026,4.027,,,,233.103,0.0,0.0,,,,,249.69,246.0,253.0,,,0.0,7333.0,7361.0,0.0,0.0,0.0,0.0,0.0,0.0,29.0,0.0,0.0,0.0,29.0,0.0,0.0,0.0,0.0,0.0,"solar2_v,lipo2_v"
2022-12-28T22:00:00Z,27.0,27.0,,,,,,,,,,,,,,,4.027,4.026,4.027,,,,233.185,0.0,0.0,,,,,246.556,245.0,251.0,,,0.0,7362.0,7389.0,0.0,0.0,0.0,0.0,0.0,0.0,27.0,0.0,0.0,0.0,27.0,0.0,0.0,0.0,0.0,0.0,"solar2_v,lipo2_v"
2022-12-28T23:00:00Z,29.0,29.0,,,,,,,,,,,,,,,4.027,4.026,4.027,,,,233.0,0.0,0.0,,,,,245.759,245.0,248.0,,,0.0,7390.0,7418.0,0.0,0.0,0.0,0.0,0.0,0.0,29.0,0.0,0.0,0.0,29.0,0.0,0.0,0.0,0.0,0.0,"solar2_v,lipo2_v"
2022-12-29T00:00:00Z,29.0,29.0,,,,,,,,,,,,,,,4.027,4.026,4.027,,,,232.862,0.0,0.0,,,,,250.793,246.0,257.0,,,0.0,7419.0,7447.0,0.0,0.0,0.0,0.0,0.0,0.0,29.0,0.0,0.0,0.0,29.0,0.0,0.0,0.0,0.0,0.0,"solar2_v,lipo2_v"
2022-12-29T01:00:00Z,28.0,28.0,,,,,,,,,,,,,,,4.027,4.026,4.027,,,,232.964,0.0,0.0,,,,,257.071,255.0,258.0,,,0.0,7448.0,7475.0,0.0,0.0,0.0,0.0,0.0,0.0,28.0,0.0,0.0,0.0,28.0,0.0,0.0,0.0,0.0,0.0,"solar2_v,lipo2_v"
2022-12-29T02:00:00Z,29.0,29.0,,,,,,,,,,,,,,,4.026,4.024,4.027,,,,234.172,0.0,0.0,,,,,241.138,230.0,258.0,,,0.0,7476.0,7504.0,0.0,0.0,0.0,0.0,0.0,0.0,29.0,0.0,0.0,0.0,29.0,0.0,0.0,0.0,0.0,0.0,"solar2_v,lipo2_v"
2022-12-29T03:00:00Z,29.0,29.0,,,,,,,,,,,,,,,4.026,4.024,4.027,,,,233.207,0.0,0.0,,,,,235.103,227.0,246.0,,,0.0,7505.0,7533.0,0.0,0.0,0.0,0.0,0.0,0.0,29.0,0.0,0.0,0.0,29.0,0.0,0.0,0.0,0.0,0.0,"solar2_v,lipo2_v"
2022-12-29T04:00:00Z,29.0,29.0,,,,,,,,,,,,,,,4.026,4.022,4.027,,,,232.621,0.0,0.0,,,,,252.241,242.0,273.0,,,0.0,7534.0,7562.0,0.0,0.0,0.0,0.0,0.0,0.0,29.0,0.0,0.0,0.0,29.0,0.0,0.0,0.0,0.0,0.0,"solar2_v,lipo2_v"
2022-12-29T05:00:00Z,28.0,28.0,,,,,,,,,,,,,,,4.026,4.024,4.027,,,,232.036,0.0,0.0,,,,,263.321,257.0,277.0,,,0.0,7563.0,7590.0,0.0,0.0,0.0,0.0,0.0,0.0,28.0,0.0,0.0,0.0,28.0,0.0,0.0,0.0,0.0,0.0,"solar2_v,lipo2_v"
2022-12-29T06:00:00Z,29.0,29.0,,,,,,,,,,,,,,,4.026,4.024,4.026,,,,231.759,0.0,0.0,,,,,262.931,262.0,265.0,,,0.0,7591.0,7619.0,0.0,0.0,0.0,0.0,0.0,0.0,29.0,0.0,0.0,0.0,29.0,0.0,0.0,0.0,0.0,0.0,"solar2_v,lipo2_v"
2022-12-29T07:00:00Z,28.0,28.0,,,,,,,,,,,,,,,4.025,4.022,4.026,,,,232.071,0.0,0.0,,,,,261.714,258.0,267.0,,,0.0,7620.0,7648.0,0.0,0.0,0.0,0.0,0.0,0.0,28.0,0.0,0.0,0.0,28.0,0.0,0.0,0.0,0.0,0.0,"solar2_v,lipo2_v"
2022-12-29T08:00:00Z,28.0,28.0,,,,,,,,,,,,,,,4.024,4.022,4.026,,,,232.143,0.0,0.0,,,,,258.536,258.0,259.0,,,0.0,7649.0,7676.0,0.0,0.0,0.0,0.0,0.0,0.0,28.0,0.0,0.0,0.0,28.0,0.0,0.0,0.0,0.0,0.0,"solar2_v,lipo2_v"
2022-12-29T09:00:00Z,29.0,29.0,,,,,,,,,,,,,,,4.024,4.022,4.026,,,,232.241,0.0,0.0,,,,,257.897,257.0,258.0,,,0.0,7677.0,7705.0,0.0,0.0,0.0,0.0,0.0,0.0,29.0,0.0,0.0,0.0,29.0,0.0,0.0,0.0,0.0,0.0,"solar2_v,lipo2_v"
2022-12-29T10:00:00Z,29.0,29.0,,,,,,,,,,,,,,,4.024,4.022,4.026,,,,232.448,0.0,0.0,,,,,257.483,256.0,258.0,,,0.0,7706.0,7734.0,0.0,0.0,0.0,0.0,0.0,0.0,29.0,0.0,0.0,0.0,29.0,0.0,0.0,0.0,0.0,0.0,"solar2_v,lipo2_v"
2022-12-29T11:00:00Z,27.0,27.0,,,,,,,,,,,,,,,4.022,4.021,4.026,,,,232.519,0.0,0.0,,,,,256.111,254.0,257.0,,,0.0,7735.0,7762.0,0.0,0.0,0.0,0.0,0.0,0.0,27.0,0.0,0.0,0.0,27.0,0.0,0.0,0.0,0.0,0.0,"solar2_v,lipo2_v"
2022-12-29T12:00:00Z,27.0,27.0,,,,,,,,,,,,,,,4.022,4.021,4.024,,,,232.481,0.0,0.0,,,,,255.704,254.0,258.0,,,0.0,7763.0,7791.0,0.0,0.0,0.0,0.0,0.0,0.0,27.0,0.0,0.0,0.0,27.0,0.0,0.0,0.0,0.0,0.0,"solar2_v,lipo2_v"
2022-12-29T13:00:00Z,22.0,22.0,,,,,,,,,,,,,,,4.021,4.019,4.024,,,,232.545,0.0,0.0,,,,,255.636,254.0,257.0,,,0.0,7792.0,7819.0,0.0,0.0,0.0,0.0,0.0,0.0,22.0,0.0,0.0,0.0,22.0,0.0,0.0,0.0,0.0,0.0,"solar2_v,lipo2_v"
2022-12-29T14:00:00Z,27.0,27.0,,,,,,,,,,,,,,,4.02,4.017,4.022,,,,232.593,0.0,0.0,,,,,255.111,253.0,257.0,,,0.0,7820.0,7848.0,0.0,0.0,0.0,0.0,0.0,0.0,27.0,0.0,0.0,0.0,27.0,0.0,0.0,0.0,0.0,0.0,"solar2_v,lipo2_v"
2022-12-29T15:00:00Z,29.0,29.0,,,,,,,,,,,,,,,4.019,4.017,4.021,,,,232.621,0.0,0.0,,,,,255.379,254.0,257.0,,,0.0,7849.0,7877.0,0.0,0.0,0.0,0.0,0.0,0.0,29.0,0.0,0.0,0.0,29.0,0.0,0.0,0.0,0.0,0.0,"solar2_v,lipo2_v"
2022-12-29T16:00:00Z,29.0,29.0,,,,,,,,,,,,,,,4.018,4.016,4.021,,,,232.552,0.0,0.0,,,,,255.069,252.0,257.0,,,0.0,7878.0,7906.0,0.0,0.0,0.0,0.0,0.0,0.0,29.0,0.0,0.0,0.0,29.0,0.0,0.0,0.0,0.0,0.0,"solar2_v,lipo2_v"
2022-12-29T17:00:00Z,28.0,28.0,,,,,,,,,,,,,,,4.017,4.014,4.021,,,,232.429,0.0,0.0,,,,,255.429,253.0,257.0,,,0.0,7907.0,7934.0,0.0,0.0,0.0,0.0,0.0,0.0,28.0,0.0,0.0,0.0,28.0,0.0,0.0,0.0,0.0,0.0,"solar2_v,lipo2_v"
2022-12-29T18:00:00Z,29.0,29.0,,,,,,,,,,,,,,,4.016,4.014,4.019,,,,232.414,0.0,0.0,,,,,255.828,254.0,257.0,,,0.0,7935.0,7963.0,0.0,0.0,0.0,0.0,0.0,0.0,29.0,0.0,0.0,0.0,29.0,0.0,0.0,0.0,0.0,0.0,"solar2_v,lipo2_v"
2022-12-29T19:00:00Z,28.0,28.0,,,,,,,,,,,,,,,4.015,4.012,4.017,,,,232.429,0.0,0.0,,,,,254.393,252.0,257.0,,,0.0,7964.0,7991.0,0.0,0.0,0.0,0.0,0.0,0.0,28.0,0.0,0.0,0.0,28.0,0.0,0.0,0.0,0.0,0.0,"solar2_v,lipo2_v"
2022-12-29T20:00:00Z,29.0,29.0,,,,,,,,,,,,,,,4.014,4.012,4.016,,,,232.862,0.0,0.0,,,,,252.931,251.0,256.0,,,0.0,7992.0,8020.0,0.0,0.0,0.0,0.0,0.0,0.0,29.0,0.0,0.0,0.0,29.0,0.0,0.0,0.0,0.0,0.0,"solar2_v,lipo2_v"
2022-12-29T21:00:00Z,29.0,29.0,,,,,,,,,,,,,,,4.013,4.011,4.017,,,,232.897,0.0,0.0,,,,,251.828,250.0,254.0,,,0.0,8021.0,8049.0,0.0,0.0,0.0,0.0,0.0,0.0,29.0,0.0,0.0,0.0,29.0,0.0,0.0,0.0,0.0,0.0,"solar2_v,lipo2_v"
2022-12-29T22:00:00Z,28.0,28.0,,,,,,,,,,,,,,,4.012,4.011,4.014,,,,232.929,0.0,0.0,,,,,250.143,249.0,252.0,,,0.0,8050.0,8077.0,0.0,0.0,0.0,0.0,0.0,0.0,28.0,0.0,0.0,0.0,28.0,0.0,0.0,0.0,0.0,0.0,"solar2_v,lipo2_v"
2022-12-29T23:00:00Z,29.0,29.0,,,,,,,,,,,,,,,4.012,4.011,4.012,,,,232.724,0.0,0.0,,,,,249.345,248.0,252.0,,,0.0,8078.0,8106.0,0.0,0.0,0.0,0.0,0.0,0.0,29.0,0.0,0.0,0.0,29.0,0.0,0.0,0.0,0.0,0.0,"solar2_v,lipo2_v"
2022-12-30T00:00:00Z,29.0,29.0,,,,,,,,,,,,,,,4.01,4.007,4.012,,,,232.724,0.0,0.0,,,,,248.621,247.0,251.0,,,0.0,8107.0,8135.0,0.0,0.0,0.0,0.0,0.0,0.0,29.0,0.0,0.0,0.0,29.0,0.0,0.0,0.0,0.0,0.0,"solar2_v,lipo2_v"
2022-12-30T01:00:00Z,29.0,29.0,,,,,,,,,,,,,,,4.009,4.007,4.011,,,,232.966,0.0,0.0,,,,,249.034,247.0,251.0,,,0.0,8136.0,8164.0,0.0,0.0,0.0,0.0,0.0,0.0,29.0,0.0,0.0,0.0,29.0,0.0,0.0,0.0,0.0,0.0,"solar2_v,lipo2_v"
2022-12-30T02:00:00Z,29.0,29.0,,,,,,,,,,,,,,,4.008,4.006,4.011,,,,232.448,0.0,0.0,,,,,249.552,247.0,252.0,,,0.0,8165.0,8193.0,0.0,0.0,0.0,0.0,0.0,0.0,29.0,0.0,0.0,0.0,29.0,0.0,0.0,0.0,0.0,0.0,"solar2_v,lipo2_v"
2022-12-30T03:00:00Z,28.0,28.0,,,,,,,,,,,,,,,4.007,4.006,4.011,,,,232.714,0.0,0.0,,,,,249.0,247.0,252.0,,,0.0,8194.0,8221.0,0.0,0.0,0.0,0.0,0.0,0.0,28.0,0.0,0.0,0.0,28.0,0.0,0.0,0.0,0.0,0.0,"solar2_v,lipo2_v"
2022-12-30T04:00:00Z,29.0,29.0,,,,,,,,,,,,,,,4.006,4.004,4.007,,,,232.517,0.0,0.0,,,,,251.621,248.0,256.0,,,0.0,8222.0,8250.0,0.0,0.0,0.0,0.0,0.0,0.0,29.0,0.0,0.0,0.0,29.0,0.0,0.0,0.0,0.0,0.0,"solar2_v,lipo2_v"
2022-12-30T05:00:00Z,26.0,26.0,,,,,,,,,,,,,,,4.005,4.004,4.007,,,,232.077,0.0,0.0,,,,,259.538,258.0,262.0,,,0.0,8253.0,8278.0,0.0,0.0,0.0,0.0,0.0,0.0,26.0,0.0,0.0,0.0,26.0,0.0,0.0,0.0,0.0,0.0,"solar2_v,lipo2_v"
2022-12-30T06:00:00Z,29.0,29.0,,,,,,,,,,,,,,,4.004,4.003,4.006,,,,232.172,0.0,0.0,,,,,260.207,259.0,262.0,,,0.0,8279.0,8307.0,0.0,0.0,0.0,0.0,0.0,0.0,29.0,0.0,0.0,0.0,29.0,0.0,0.0,0.0,0.0,0.0,"solar2_v,lipo2_v"
2022-12-30T07:00:00Z,29.0,29.0,,,,,,,,,,,,,,,4.003,4.001,4.004,,,,232.31,0.0,0.0,,,,,259.448,258.0,261.0,,,0.0,8308.0,8336.0,0.0,0.0,0.0,0.0,0.0,0.0,29.0,0.0,0.0,0.0,29.0,0.0,0.0,0.0,0.0,0.0,"solar2_v,lipo2_v"
2022-12-30T08:00:00Z,29.0,29.0,,,,,,,,,,,,,,,4.002,4.001,4.003,,,,232.207,0.0,0.0,,,,,258.138,258.0,259.0,,,0.0,8337.0,8365.0,0.0,0.0,0.0,0.0,0.0,0.0,29.0,0.0,0.0,0.0,29.0,0.0,0.0,0.0,0.0,0.0,"solar2_v,lipo2_v"
2022-12-30T09:00:00Z,28.0,28.0,,,,,,,,,,,,,,,4.001,3.999,4.003,,,,232.464,0.0,0.0,,,,,257.286,254.0,258.0,,,0.0,8366.0,8393.0,0.0,0.0,0.0,0.0,0.0,0.0,28.0,0.0,0.0,0.0,28.0,0.0,0.0,0.0,0.0,0.0,"solar2_v,lipo2_v"
2022-12-30T10:00:00Z,29.0,29.0,,,,,,,,,,,,,,,4.0,3.998,4.001,,,,232.621,0.0,0.0,,,,,256.414,255.0,257.0,,,0.0,8394.0,8422.0,0.0,0.0,0.0,0.0,0.0,0.0,29.0,0.0,0.0,0.0,29.0,0.0,0.0,0.0,0.0,0.0,"solar2_v,lipo2_v"
2022-12-30T11:00:00Z,29.0,29.0,,,,,,,,,,,,,,,3.999,3.998,4.001,,,,232.793,0.0,0.0,,,,,256.931,255.0,258.0,,,0.0,8423.0,8451.0,0.0,0.0,0.0,0.0,0.0,0.0,29.0,0.0,0.0,0.0,29.0,0.0,0.0,0.0,0.0,0.0,"solar2_v,lipo2_v"
2022-12-30T12:00:00Z,26.0,26.0,,,,,,,,,,,,,,,3.998,3.996,3.999,,,,232.923,0.0,0.0,,,,,256.808,255.0,257.0,,,0.0,8452.0,8479.0,0.0,0.0,0.0,0.0,0.0,0.0,26.0,0.0,0.0,0.0,26.0,0.0,0.0,0.0,0.0,0.0,"solar2_v,lipo2_v"
2022-12-30T13:00:00Z,21.0,21.0,,,,,,,,,,,,,,,3.995,3.993,3.998,,,,232.857,0.0,0.0,,,,,257.667,256.0,261.0,,,0.0,8480.0,8507.0,0.0,0.0,0.0,0.0,0.0,0.0,21.0,0.0,0.0,0.0,21.0,0.0,0.0,0.0,0.0,0.0,"solar2_v,lipo2_v"
2022-12-30T14:00:00Z,24.0,24.0,,,,,,,,,,,,,,,3.993,3.989,3.994,,,,232.75,0.0,0.0,,,,,257.583,257.0,258.0,,,0.0,8508.0,8536.0,0.0,0.0,0.0,0.0,0.0,0.0,24.0,0.0,0.0,0.0,24.0,0.0,0.0,0.0,0.0,0.0,"solar2_v,lipo2_v"
2022-12-30T15:00:00Z,16.0,16.0,,,,,,,,,,,,,,,3.99,3.988,3.993,,,,232.5,0.0,0.0,,,,,257.938,257.0,259.0,,,0.0,8537.0,8561.0,0.0,0.0,0.0,0.0,0.0,0.0,16.0,0.0,0.0,0.0,16.0,0.0,0.0,0.0,0.0,0.0,"solar2_v,lipo2_v"
2022-12-30T16:00:00Z,9.0,9.0,,,,,,,,,,,,,,,3.985,3.983,3.988,,,,232.333,0.0,0.0,,,,,258.333,258.0,259.0,,,0.0,8568.0,8590.0,0.0,0.0,0.0,0.0,0.0,0.0,9.0,0.0,0.0,0.0,9.0,0.0,0.0,0.0,0.0,0.0,"solar2_v,lipo2_v"
2022-12-30T17:00:00Z,29.0,29.0,,,,,,,,,,,,,,,3.984,3.981,3.986,,,,232.828,0.0,0.0,,,,,257.655,257.0,258.0,,,0.0,8591.0,8619.0,0.0,0.0,0.0,0.0,0.0,0.0,29.0,0.0,0.0,0.0,29.0,0.0,0.0,0.0,0.0,0.0,"solar2_v,lipo2_v"
2022-12-30T18:00:00Z,29.0,29.0,,,,,,,,,,,,,,,3.982,3.979,3.984,,,,232.793,0.0,0.0,,,,,256.862,255.0,258.0,,,0.0,8620.0,8648.0,0.0,0.0,0.0,0.0,0.0,0.0,29.0,0.0,0.0,0.0,29.0,0.0,0.0,0.0,0.0,0.0,"solar2_v,lipo2_v"
2022-12-30T19:00:00Z,28.0,28.0,,,,,,,,,,,,,,,3.98,3.979,3.983,,,,233.107,0.0,0.0,,,,,256.036,254.0,257.0,,,0.0,8649.0,8676.0,0.0,0.0,0.0,0.0,0.0,0.0,28.0,0.0,0.0,0.0,28.0,0.0,0.0,0.0,0.0,0.0,"solar2_v,lipo2_v"
2022-12-30T20:00:00Z,29.0,29.0,,,,,,,,,,,,,,,3.978,3.978,3.979,,,,232.862,0.0,0.0,,,,,254.517,252.0,257.0,,,0.0,8677.0,8705.0,0.0,0.0,0.0,0.0,0.0,0.0,29.0,0.0,0.0,0.0,29.0,0.0,0.0,0.0,0.0,0.0,"solar2_v,lipo2_v"
2022-12-30T21:00:00Z,29.0,29.0,,,,,,,,,,,,,,,3.977,3.976,3.979,,,,232.759,0.0,0.0,,,,,254.448,252.0,257.0,,,0.0,8706.0,8734.0,0.0,0.0,0.0,0.0,0.0,0.0,29.0,0.0,0.0,0.0,29.0,0.0,0.0,0.0,0.0,0.0,"solar2_v,lipo2_v"
2022-12-30T22:00:00Z,28.0,28.0,,,,,,,,,,,,,,,3.976,3.976,3.978,,,,233.25,0.0,0.0,,,,,254.179,252.0,256.0,,,0.0,8735.0,8762.0,0.0,0.0,0.0,0.0,0.0,0.0,28.0,0.0,0.0,0.0,28.0,0.0,0.0,0.0,0.0,0.0,"solar2_v,lipo2_v"
2022-12-30T23:00:00Z,29.0,29.0,,,,,,,,,,,,,,,3.975,3.974,3.976,,,,233.103,0.0,0.0,,,,,253.414,252.0,255.0,,,0.0,8763.0,8791.0,0.0,0.0,0.0,0.0,0.0,0.0,29.0,0.0,0.0,0.0,29.0,0.0,0.0,0.0,0.0,0.0,"solar2_v,lipo2_v"
2022-12-31T00:00:00Z,28.0,28.0,,,,,,,,,,,,,,,3.974,3.973,3.974,,,,233.107,0.0,0.0,,,,,254.0,252.0,257.0,,,0.0,8792.0,8819.0,0.0,0.0,0.0,0.0,0.0,0.0,28.0,0.0,0.0,0.0,28.0,0.0,0.0,0.0,0.0,0.0,"solar2_v,lipo2_v"
2022-12-31T01:00:00Z,29.0,29.0,,,,,,,,,,,,,,,3.973,3.971,3.974,,,,233.207,0.0,0.0,,,,,254.379,252.0,257.0,,,0.0,8820.0,8848.0,0.0,0.0,0.0,0.0,0.0,0.0,29.0,0.0,0.0,0.0,29.0,0.0,0.0,0.0,0.0,0.0,"solar2_v,lipo2_v"
2022-12-31T02:00:00Z,29.0,29.0,,,,,,,,,,,,,,,3.972,3.97,3.973,,,,232.897,0.0,0.0,,,,,253.862,252.0,256.0,,,0.0,8849.0,8877.0,0.0,0.0,0.0,0.0,0.0,0.0,29.0,0.0,0.0,0.0,29.0,0.0,0.0,0.0,0.0,0.0,"solar2_v,lipo2_v"
2022-12-31T03:00:00Z,28.0,28.0,,,,,,,,,,,,,,,3.97,3.968,3.971,,,,232.571,0.0,0.0,,,,,255.286,253.0,258.0,,,0.0,8878.0,8905.0,0.0,0.0,0.0,0.0,0.0,0.0,28.0,0.0,0.0,0.0,28.0,0.0,0.0,0.0,0.0,0.0,"solar2_v,lipo2_v"
2022-12-31T04:00:00Z,29.0,29.0,,,,,,,,,,,,,,,3.968,3.965,3.97,,,,232.655,0.0,0.0,,,,,260.552,257.0,265.0,,,0.0,8906.0,8934.0,0.0,0.0,0.0,0.0,0.0,0.0,29.0,0.0,0.0,0.0,29.0,0.0,0.0,0.0,0.0,0.0,"solar2_v,lipo2_v"
2022-12-31T05:00:00Z,29.0,29.0,,,,,,,,,,,,,,,3.966,3.963,3.968,,,,232.552,0.0,0.0,,,,,261.931,259.0,266.0,,,0.0,8935.0,8963.0,0.0,0.0,0.0,0.0,0.0,0.0,29.0,0.0,0.0,0.0,29.0,0.0,0.0,0.0,0.0,0.0,"solar2_v,lipo2_v"
2022-12-31T06:00:00Z,28.0,28.0,,,,,,,,,,,,,,,3.963,3.96,3.965,,,,232.571,0.0,0.0,,,,,260.857,259.0,265.0,,,0.0,8964.0,8991.0,0.0,0.0,0.0,0.0,0.0,0.0,28.0,0.0,0.0,0.0,28.0,0.0,0.0,0.0,0.0,0.0,"solar2_v,lipo2_v"
2022-12-31T07:00:00Z,29.0,29.0,,,,,,,,,,,,,,,3.961,3.958,3.963,,,,232.448,0.0,0.0,,,,,258.724,258.0,262.0,,,0.0,8992.0,9020.0,0.0,0.0,0.0,0.0,0.0,0.0,29.0,0.0,0.0,0.0,29.0,0.0,0.0,0.0,0.0,0.0,"solar2_v,lipo2_v"
2022-12-31T08:00:00Z,29.0,29.0,,,,,,,,,,,,,,,3.958,3.956,3.96,,,,232.759,0.0,0.0,,,,,258.103,258.0,259.0,,,0.0,9021.0,9049.0,0.0,0.0,0.0,0.0,0.0,0.0,29.0,0.0,0.0,0.0,29.0,0.0,0.0,0.0,0.0,0.0,"solar2_v,lipo2_v"
2022-12-31T09:00:00Z,28.0,28.0,,,,,,,,,,,,,,,3.956,3.953,3.958,,,,232.964,0.0,0.0,,,,,257.893,257.0,258.0,,,0.0,9050.0,9077.0,0.0,0.0,0.0,0.0,0.0,0.0,28.0,0.0,0.0,0.0,28.0,0.0,0.0,0.0,0.0,0.0,"solar2_v,lipo2_v"
2022-12-31T10:00:00Z,29.0,29.0,,,,,,,,,,,,,,,3.954,3.951,3.956,,,,232.897,0.0,0.0,,,,,258.069,258.0,259.0,,,0.0,9078.0,9106.0,0.0,0.0,0.0,0.0,0.0,0.0,29.0,0.0,0.0,0.0,29.0,0.0,0.0,0.0,0.0,0.0,"solar2_v,lipo2_v"
2022-12-31T11:00:00Z,29.0,29.0,,,,,,,,,,,,,,,3.952,3.95,3.953,,,,232.862,0.0,0.0,,,,,257.931,257.0,258.0,,,0.0,9107.0,9135.0,0.0,0.0,0.0,0.0,0.0,0.0,29.0,0.0,0.0,0.0,29.0,0.0,0.0,0.0,0.0,0.0,"solar2_v,lipo2_v"
2022-12-31T12:00:00Z,27.0,27.0,,,,,,,,,,,,,,,3.951,3.95,3.953,,,,233.037,0.0,0.0,,,,,257.407,257.0,258.0,,,0.0,9136.0,9163.0,0.0,0.0,0.0,0.0,0.0,0.0,27.0,0.0,0.0,0.0,27.0,0.0,0.0,0.0,0.0,0.0,"solar2_v,lipo2_v"
2022-12-31T13:00:00Z,23.0,23.0,,,,,,,,,,,,,,,3.948,3.946,3.95,,,,233.087,0.0,0.0,,,,,256.957,256.0,257.0,,,0.0,9165.0,9192.0,0.0,0.0,0.0,0.0,0.0,0.0,23.0,0.0,0.0,0.0,23.0,0.0,0.0,0.0,0.0,0.0,"solar2_v,lipo2_v"
2022-12-31T14:00:00Z,27.0,27.0,,,,,,,,,,,,,,,3.946,3.943,3.948,,,,233.074,0.0,0.0,,,,,256.519,255.0,258.0,,,0.0,9193.0,9221.0,0.0,0.0,0.0,0.0,0.0,0.0,27.0,0.0,0.0,0.0,27.0,0.0,0.0,0.0,0.0,0.0,"solar2_v,lipo2_v"
2022-12-31T15:00:00Z,26.0,26.0,,,,,,,,,,,,,,,3.944,3.941,3.946,,,,232.962,0.0,0.0,,,,,256.5,255.0,257.0,,,0.0,9222.0,9249.0,0.0,0.0,0.0,0.0,0.0,0.0,26.0,0.0,0.0,0.0,26.0,0.0,0.0,0.0,0.0,0.0,"solar2_v,lipo2_v"
2022-12-31T16:00:00Z,29.0,29.0,,,,,,,,,,,,,,,3.943,3.941,3.945,,,,232.931,0.0,0.0,,,,,256.862,256.0,258.0,,,0.0,9250.0,9278.0,0.0,0.0,0.0,0.0,0.0,0.0,29.0,0.0,0.0,0.0,29.0,0.0,0.0,0.0,0.0,0.0,"solar2_v,lipo2_v"
2022-12-31T17:00:00Z,28.0,28.0,,,,,,,,,,,,,,,3.94,3.937,3.943,,,,232.929,0.0,0.0,,,,,255.393,253.0,257.0,,,0.0,9279.0,9306.0,0.0,0.0,0.0,0.0,0.0,0.0,28.0,0.0,0.0,0.0,28.0,0.0,0.0,0.0,0.0,0.0,"solar2_v,lipo2_v"
2022-12-31T18:00:00Z,29.0,29.0,,,,,,,,,,,,,,,3.938,3.935,3.941,,,,233.138,0.0,0.0,,,,,255.103,254.0,257.0,,,0.0,9307.0,9335.0,0.0,0.0,0.0,0.0,0.0,0.0,29.0,0.0,0.0,0.0,29.0,0.0,0.0,0.0,0.0,0.0,"solar2_v,lipo2_v"
2022-12-31T19:00:00Z,29.0,29.0,,,,,,,,,,,,,,,3.936,3.933,3.938,,,,233.241,0.0,0.0,,,,,254.069,252.0,256.0,,,0.0,9336.0,9364.0,0.0,0.0,0.0,0.0,0.0,0.0,29.0,0.0,0.0,0.0,29.0,0.0,0.0,0.0,0.0,0.0,"solar2_v,lipo2_v"
2022-12-31T20:00:00Z,28.0,28.0,,,,,,,,,,,,,,,3.934,3.933,3.937,,,,232.893,0.0,0.0,,,,,254.643,253.0,257.0,,,0.0,9365.0,9392.0,0.0,0.0,0.0,0.0,0.0,0.0,28.0,0.0,0.0,0.0,28.0,0.0,0.0,0.0,0.0,0.0,"solar2_v,lipo2_v"
2022-12-31T21:00:00Z,29.0,29.0,,,,,,,,,,,,,,,3.932,3.93,3.935,,,,233.069,0.0,0.0,,,,,253.448,252.0,256.0,,,0.0,9393.0,9421.0,0.0,0.0,0.0,0.0,0.0,0.0,29.0,0.0,0.0,0.0,29.0,0.0,0.0,0.0,0.0,0.0,"solar2_v,lipo2_v"
2022-12-31T22:00:00Z,29.0,29.0,,,,,,,,,,,,,,,3.931,3.928,3.932,,,,233.138,0.0,0.0,,,,,252.759,252.0,255.0,,,0.0,9422.0,9450.0,0.0,0.0,0.0,0.0,0.0,0.0,29.0,0.0,0.0,0.0,29.0,0.0,0.0,0.0,0.0,0.0,"solar2_v,lipo2_v"
2022-12-31T23:00:00Z,28.0,28.0,,,,,,,,,,,,,,,3.929,3.927,3.932,,,,233.107,0.0,0.0,,,,,253.143,252.0,256.0,,,0.0,9451.0,9478.0,0.0,0.0,0.0,0.0,0.0,0.0,28.0,0.0,0.0,0.0,28.0,0.0,0.0,0.0,0.0,0.0,"solar2_v,lipo2_v"
