ts_utc,n_samples,n_out_of_range,solar_v_avg,solar_v_max,solar2_v_avg,solar2_v_max,solar3_v_avg,solar3_v_max,battery_v_avg,battery_v_min,battery_v_max,battery2_v_min,battery2_v_max,lipo_v_avg,lipo_v_min,lipo_v_max,lipo2_v_avg,lipo2_v_min,lipo2_v_max,current_a_avg,current_a_chA_avg,current_a_chB_avg,current2_a_avg,power_w_avg,power_w_max,load_v_avg,load1_v_avg,load2_v_avg,wind_v_avg,temp_c_avg,temp_c_min,temp_c_max,voltage_adc_avg,digital_adc_avg,energy_wh,boot_count_min,boot_count_max,solar_v_n_oor,solar2_v_n_oor,solar3_v_n_oor,battery_v_n_oor,battery2_v_n_oor,lipo_v_n_oor,lipo2_v_n_oor,current_a_n_oor,current_a_chA_n_oor,current_a_chB_n_oor,current2_a_n_oor,power_w_n_oor,load_v_n_oor,load1_v_n_oor,load2_v_n_oor,temp_c_n_oor,scaled_channels
2020-05-21T02:00:00Z,4.0,4.0,2.134,2.144,,,,,2143.5,2139.0,2151.0,,,2.687,0.151,3.532,,,,,,,,,,,553.0,1373.0,0.0,,,,,,,1.0,4.0,4.0,0.0,0.0,4.0,0.0,4.0,0.0,0.0,0.0,0.0,0.0,0.0,0.0,4.0,4.0,0.0,"solar_v,lipo_v"
2020-05-21T03:00:00Z,21.0,21.0,2.124,2.145,,,,,2133.048,2119.0,2154.0,,,3.532,3.532,3.532,,,,,,,,,,,568.952,1879.857,0.0,,,,,,,5.0,33.0,21.0,0.0,0.0,21.0,0.0,21.0,0.0,0.0,0.0,0.0,0.0,0.0,0.0,21.0,21.0,0.0,"solar_v,lipo_v"
2020-05-21T04:00:00Z,25.0,25.0,2.107,2.134,,,,,2117.08,2098.0,2144.0,,,3.532,3.532,3.532,,,,,,,,,,,558.44,1687.72,0.0,,,,,,,34.0,60.0,25.0,0.0,0.0,25.0,0.0,25.0,0.0,0.0,0.0,0.0,0.0,0.0,0.0,25.0,25.0,0.0,"solar_v,lipo_v"
2020-05-21T05:00:00Z,26.0,26.0,2.097,2.128,,,,,2106.5,2091.0,2136.0,,,3.532,3.532,3.532,,,,,,,,,,,546.346,1214.077,0.0,,,,,,,64.0,90.0,26.0,0.0,0.0,26.0,0.0,26.0,0.0,0.0,0.0,0.0,0.0,0.0,0.0,26.0,26.0,0.0,"solar_v,lipo_v"
2020-05-21T06:00:00Z,22.0,22.0,1.811,2.11,,,,,2102.682,2084.0,2119.0,,,3.532,3.532,3.532,,,,,,,,,,,552.545,1796.864,0.0,,,,,,,93.0,118.0,22.0,0.0,0.0,22.0,0.0,22.0,0.0,0.0,0.0,0.0,0.0,0.0,0.0,22.0,22.0,0.0,"solar_v,lipo_v"
2020-05-21T07:00:00Z,27.0,27.0,1.926,2.105,,,,,2106.741,2082.0,2119.0,,,3.532,3.532,3.532,,,,,,,,,,,540.148,866.481,0.0,,,,,,,120.0,149.0,27.0,0.0,0.0,27.0,0.0,27.0,0.0,0.0,0.0,0.0,0.0,0.0,0.0,27.0,27.0,0.0,"solar_v,lipo_v"
2020-05-21T08:00:00Z,23.0,23.0,2.075,2.118,,,,,2112.348,2088.0,2124.0,,,3.532,3.532,3.532,,,,,,,,,,,534.087,471.217,0.0,,,,,,,150.0,177.0,23.0,0.0,0.0,23.0,0.0,23.0,0.0,0.0,0.0,0.0,0.0,0.0,0.0,23.0,23.0,0.0,"solar_v,lipo_v"
2020-05-21T09:00:00Z,28.0,28.0,2.08,2.115,,,,,2109.536,2096.0,2124.0,,,3.532,3.532,3.532,,,,,,,,,,,532.179,193.893,0.0,,,,,,,178.0,207.0,28.0,0.0,0.0,28.0,0.0,28.0,0.0,0.0,0.0,0.0,0.0,0.0,0.0,28.0,28.0,0.0,"solar_v,lipo_v"
2020-05-21T10:00:00Z,28.0,28.0,1.978,2.128,,,,,2121.679,2097.0,2134.0,,,3.532,3.532,3.532,,,,,,,,,,,529.786,191.107,0.0,,,,,,,208.0,236.0,28.0,0.0,0.0,28.0,0.0,28.0,0.0,0.0,0.0,0.0,0.0,0.0,0.0,28.0,28.0,0.0,"solar_v,lipo_v"
2020-05-21T11:00:00Z,30.0,30.0,3.364,3.532,,,,,2220.933,2137.0,2240.0,,,3.532,3.532,3.532,,,,,,,,,,,529.333,190.267,0.0,,,,,,,237.0,266.0,30.0,0.0,0.0,30.0,0.0,30.0,0.0,0.0,0.0,0.0,0.0,0.0,0.0,30.0,30.0,0.0,"solar_v,lipo_v"
2020-05-21T12:00:00Z,29.0,29.0,3.532,3.532,,,,,2253.379,2241.0,2263.0,,,3.532,3.532,3.532,,,,,,,,,,,531.379,190.586,0.0,,,,,,,267.0,295.0,29.0,0.0,0.0,29.0,0.0,29.0,0.0,0.0,0.0,0.0,0.0,0.0,0.0,29.0,29.0,0.0,"solar_v,lipo_v"
2020-05-21T13:00:00Z,30.0,30.0,3.532,3.532,,,,,2285.967,2263.0,2311.0,,,3.532,3.532,3.532,,,,,,,,,,,531.1,191.233,0.0,,,,,,,296.0,325.0,30.0,0.0,0.0,30.0,0.0,30.0,0.0,0.0,0.0,0.0,0.0,0.0,0.0,30.0,30.0,0.0,"solar_v,lipo_v"
2020-05-21T14:00:00Z,27.0,27.0,3.532,3.532,,,,,2305.37,2253.0,2352.0,,,3.532,3.532,3.532,,,,,,,,,,,536.926,196.815,0.0,,,,,,,326.0,354.0,27.0,0.0,0.0,27.0,0.0,27.0,0.0,0.0,0.0,0.0,0.0,0.0,0.0,27.0,27.0,0.0,"solar_v,lipo_v"
2020-05-21T15:00:00Z,30.0,30.0,3.532,3.532,,,,,2245.6,2240.0,2252.0,,,3.532,3.532,3.532,,,,,,,,,,,543.133,202.7,0.0,,,,,,,355.0,384.0,30.0,0.0,0.0,30.0,0.0,30.0,0.0,0.0,0.0,0.0,0.0,0.0,0.0,30.0,30.0,0.0,"solar_v,lipo_v"
2020-05-21T16:00:00Z,30.0,30.0,3.532,3.532,,,,,2239.2,2237.0,2243.0,,,3.532,3.532,3.532,,,,,,,,,,,545.7,207.6,0.0,,,,,,,385.0,414.0,30.0,0.0,0.0,30.0,0.0,30.0,0.0,0.0,0.0,0.0,0.0,0.0,0.0,30.0,30.0,0.0,"solar_v,lipo_v"
2020-05-21T17:00:00Z,29.0,29.0,3.532,3.532,,,,,2237.724,2237.0,2240.0,,,3.532,3.532,3.532,,,,,,,,,,,550.138,208.793,0.0,,,,,,,415.0,443.0,29.0,0.0,0.0,29.0,0.0,29.0,0.0,0.0,0.0,0.0,0.0,0.0,0.0,29.0,29.0,0.0,"solar_v,lipo_v"
2020-05-21T18:00:00Z,30.0,30.0,3.532,3.532,,,,,2237.333,2236.0,2240.0,,,3.532,3.532,3.532,,,,,,,,,,,548.567,208.0,0.0,,,,,,,444.0,473.0,30.0,0.0,0.0,30.0,0.0,30.0,0.0,0.0,0.0,0.0,0.0,0.0,0.0,30.0,30.0,0.0,"solar_v,lipo_v"
2020-05-21T19:00:00Z,29.0,29.0,3.532,3.532,,,,,2237.103,2233.0,2240.0,,,3.532,3.532,3.532,,,,,,,,,,,549.862,209.103,0.0,,,,,,,474.0,502.0,29.0,0.0,0.0,29.0,0.0,29.0,0.0,0.0,0.0,0.0,0.0,0.0,0.0,29.0,29.0,0.0,"solar_v,lipo_v"
2020-05-21T20:00:00Z,22.0,22.0,3.532,3.532,,,,,2236.818,2235.0,2238.0,,,3.532,3.532,3.532,,,,,,,,,,,550.591,210.591,0.0,,,,,,,503.0,532.0,22.0,0.0,0.0,22.0,0.0,22.0,0.0,0.0,0.0,0.0,0.0,0.0,0.0,22.0,22.0,0.0,"solar_v,lipo_v"
2020-05-21T21:00:00Z,29.0,29.0,3.532,3.532,,,,,2236.793,2233.0,2239.0,,,3.532,3.532,3.532,,,,,,,,,,,555.552,215.552,0.0,,,,,,,533.0,561.0,29.0,0.0,0.0,29.0,0.0,29.0,0.0,0.0,0.0,0.0,0.0,0.0,0.0,29.0,29.0,0.0,"solar_v,lipo_v"
2020-05-21T22:00:00Z,30.0,30.0,2.849,3.532,,,,,2237.033,2235.0,2239.0,,,3.532,3.532,3.532,,,,,,,,,,,552.433,212.767,0.0,,,,,,,562.0,591.0,30.0,0.0,0.0,30.0,0.0,30.0,0.0,0.0,0.0,0.0,0.0,0.0,0.0,30.0,30.0,0.0,"solar_v,lipo_v"
2020-05-21T23:00:00Z,29.0,29.0,2.222,2.227,,,,,2229.828,2224.0,2237.0,,,3.532,3.532,3.532,,,,,,,,,,,551.621,211.655,0.0,,,,,,,592.0,620.0,29.0,0.0,0.0,29.0,0.0,29.0,0.0,0.0,0.0,0.0,0.0,0.0,0.0,29.0,29.0,0.0,"solar_v,lipo_v"
2020-05-22T00:00:00Z,30.0,30.0,2.079,2.216,,,,,2217.733,2207.0,2224.0,,,3.532,3.532,3.532,,,,,,,,,,,553.9,223.3,0.0,,,,,,,621.0,650.0,30.0,0.0,0.0,30.0,0.0,30.0,0.0,0.0,0.0,0.0,0.0,0.0,0.0,30.0,30.0,0.0,"solar_v,lipo_v"
2020-05-22T01:00:00Z,22.0,22.0,2.19,2.203,,,,,2198.682,2181.0,2210.0,,,3.532,3.532,3.532,,,,,,,,,,,555.591,1257.182,0.0,,,,,,,651.0,678.0,22.0,0.0,0.0,22.0,0.0,22.0,0.0,0.0,0.0,0.0,0.0,0.0,0.0,22.0,22.0,0.0,"solar_v,lipo_v"
2020-05-22T02:00:00Z,29.0,29.0,2.173,2.189,,,,,2182.69,2162.0,2198.0,,,3.532,3.532,3.532,,,,,,,,,,,559.517,1294.862,0.0,,,,,,,679.0,708.0,29.0,0.0,0.0,29.0,0.0,29.0,0.0,0.0,0.0,0.0,0.0,0.0,0.0,29.0,29.0,0.0,"solar_v,lipo_v"
2020-05-22T03:00:00Z,29.0,29.0,2.143,2.179,,,,,2172.414,2145.0,2204.0,,,3.532,3.532,3.532,,,,,,,,,,,554.897,1192.862,0.0,,,,,,,709.0,737.0,29.0,0.0,0.0,29.0,0.0,29.0,0.0,0.0,0.0,0.0,0.0,0.0,0.0,29.0,29.0,0.0,"solar_v,lipo_v"
2020-05-22T04:00:00Z,27.0,27.0,2.124,2.17,,,,,2158.259,2133.0,2184.0,,,3.532,3.532,3.532,,,,,,,,,,,549.444,1330.296,0.0,,,,,,,738.0,766.0,27.0,0.0,0.0,27.0,0.0,27.0,0.0,0.0,0.0,0.0,0.0,0.0,0.0,27.0,27.0,0.0,"solar_v,lipo_v"
2020-05-22T05:00:00Z,28.0,28.0,2.13,2.158,,,,,2138.607,2123.0,2167.0,,,3.532,3.532,3.532,,,,,,,,,,,554.107,1835.286,0.0,,,,,,,767.0,795.0,28.0,0.0,0.0,28.0,0.0,28.0,0.0,0.0,0.0,0.0,0.0,0.0,0.0,28.0,28.0,0.0,"solar_v,lipo_v"
2020-05-22T06:00:00Z,28.0,28.0,2.05,2.144,,,,,2133.964,2118.0,2161.0,,,3.532,3.532,3.532,,,,,,,,,,,547.643,1645.357,0.0,,,,,,,797.0,825.0,28.0,0.0,0.0,28.0,0.0,28.0,0.0,0.0,0.0,0.0,0.0,0.0,0.0,28.0,28.0,0.0,"solar_v,lipo_v"
2020-05-22T07:00:00Z,26.0,26.0,2.068,2.143,,,,,2124.692,2110.0,2154.0,,,3.532,3.532,3.532,,,,,,,,,,,541.192,1335.538,0.0,,,,,,,826.0,854.0,26.0,0.0,0.0,26.0,0.0,26.0,0.0,0.0,0.0,0.0,0.0,0.0,0.0,26.0,26.0,0.0,"solar_v,lipo_v"
2020-05-22T08:00:00Z,27.0,27.0,2.143,2.151,,,,,2152.148,2144.0,2160.0,,,3.532,3.532,3.532,,,,,,,,,,,534.556,196.667,0.0,,,,,,,855.0,883.0,27.0,0.0,0.0,27.0,0.0,27.0,0.0,0.0,0.0,0.0,0.0,0.0,0.0,27.0,27.0,0.0,"solar_v,lipo_v"
2020-05-22T09:00:00Z,30.0,30.0,2.139,2.146,,,,,2148.1,2144.0,2159.0,,,3.532,3.532,3.532,,,,,,,,,,,533.5,193.967,0.0,,,,,,,884.0,913.0,30.0,0.0,0.0,30.0,0.0,30.0,0.0,0.0,0.0,0.0,0.0,0.0,0.0,30.0,30.0,0.0,"solar_v,lipo_v"
2020-05-22T10:00:00Z,29.0,29.0,2.167,2.65,,,,,2159.552,2147.0,2169.0,,,3.532,3.532,3.532,,,,,,,,,,,535.517,197.207,0.0,,,,,,,914.0,942.0,29.0,0.0,0.0,29.0,0.0,29.0,0.0,0.0,0.0,0.0,0.0,0.0,0.0,29.0,29.0,0.0,"solar_v,lipo_v"
2020-05-22T11:00:00Z,30.0,30.0,3.442,3.532,,,,,2253.6,2233.0,2263.0,,,3.532,3.532,3.532,,,,,,,,,,,533.5,195.333,0.0,,,,,,,943.0,972.0,30.0,0.0,0.0,30.0,0.0,30.0,0.0,0.0,0.0,0.0,0.0,0.0,0.0,30.0,30.0,0.0,"solar_v,lipo_v"
2020-05-22T12:00:00Z,29.0,29.0,3.532,3.532,,,,,2295.276,2263.0,2321.0,,,3.532,3.532,3.532,,,,,,,,,,,536.103,197.724,0.0,,,,,,,973.0,1001.0,29.0,0.0,0.0,29.0,0.0,29.0,0.0,0.0,0.0,0.0,0.0,0.0,0.0,29.0,29.0,0.0,"solar_v,lipo_v"
2020-05-22T13:00:00Z,30.0,30.0,3.532,3.532,,,,,2261.467,2242.0,2334.0,,,3.532,3.532,3.532,,,,,,,,,,,541.7,202.933,0.0,,,,,,,1002.0,1031.0,30.0,0.0,0.0,30.0,0.0,30.0,0.0,0.0,0.0,0.0,0.0,0.0,0.0,30.0,30.0,0.0,"solar_v,lipo_v"
2020-05-22T14:00:00Z,29.0,29.0,3.532,3.532,,,,,2238.897,2237.0,2243.0,,,3.532,3.532,3.532,,,,,,,,,,,544.483,207.103,0.0,,,,,,,1032.0,1060.0,29.0,0.0,0.0,29.0,0.0,29.0,0.0,0.0,0.0,0.0,0.0,0.0,0.0,29.0,29.0,0.0,"solar_v,lipo_v"
2020-05-22T15:00:00Z,30.0,30.0,3.532,3.532,,,,,2237.133,2235.0,2240.0,,,3.532,3.532,3.532,,,,,,,,,,,547.7,209.467,0.0,,,,,,,1061.0,1090.0,30.0,0.0,0.0,30.0,0.0,30.0,0.0,0.0,0.0,0.0,0.0,0.0,0.0,30.0,30.0,0.0,"solar_v,lipo_v"
2020-05-22T16:00:00Z,29.0,29.0,3.532,3.532,,,,,2235.897,2233.0,2237.0,,,3.532,3.532,3.532,,,,,,,,,,,550.379,210.931,0.0,,,,,,,1091.0,1119.0,29.0,0.0,0.0,29.0,0.0,29.0,0.0,0.0,0.0,0.0,0.0,0.0,0.0,29.0,29.0,0.0,"solar_v,lipo_v"
2020-05-22T17:00:00Z,30.0,30.0,3.532,3.532,,,,,2236.0,2233.0,2237.0,,,3.532,3.532,3.532,,,,,,,,,,,550.9,212.3,0.0,,,,,,,1120.0,1149.0,30.0,0.0,0.0,30.0,0.0,30.0,0.0,0.0,0.0,0.0,0.0,0.0,0.0,30.0,30.0,0.0,"solar_v,lipo_v"
2020-05-22T18:00:00Z,29.0,29.0,3.532,3.532,,,,,2235.517,2230.0,2237.0,,,3.532,3.532,3.532,,,,,,,,,,,551.379,214.862,0.0,,,,,,,1150.0,1178.0,29.0,0.0,0.0,29.0,0.0,29.0,0.0,0.0,0.0,0.0,0.0,0.0,0.0,29.0,29.0,0.0,"solar_v,lipo_v"
2020-05-22T19:00:00Z,30.0,30.0,3.532,3.532,,,,,2235.433,2233.0,2237.0,,,3.532,3.532,3.532,,,,,,,,,,,556.2,218.667,0.0,,,,,,,1179.0,1208.0,30.0,0.0,0.0,30.0,0.0,30.0,0.0,0.0,0.0,0.0,0.0,0.0,0.0,30.0,30.0,0.0,"solar_v,lipo_v"
2020-05-22T20:00:00Z,28.0,28.0,3.532,3.532,,,,,2235.643,2233.0,2237.0,,,3.532,3.532,3.532,,,,,,,,,,,556.071,216.893,0.0,,,,,,,1209.0,1237.0,28.0,0.0,0.0,28.0,0.0,28.0,0.0,0.0,0.0,0.0,0.0,0.0,0.0,28.0,28.0,0.0,"solar_v,lipo_v"
2020-05-22T21:00:00Z,30.0,30.0,3.532,3.532,,,,,2235.8,2233.0,2237.0,,,3.532,3.532,3.532,,,,,,,,,,,554.2,216.633,0.0,,,,,,,1238.0,1267.0,30.0,0.0,0.0,30.0,0.0,30.0,0.0,0.0,0.0,0.0,0.0,0.0,0.0,30.0,30.0,0.0,"solar_v,lipo_v"
2020-05-22T22:00:00Z,29.0,29.0,2.847,3.532,,,,,2235.517,2233.0,2238.0,,,3.532,3.532,3.532,,,,,,,,,,,556.31,219.483,0.0,,,,,,,1268.0,1296.0,29.0,0.0,0.0,29.0,0.0,29.0,0.0,0.0,0.0,0.0,0.0,0.0,0.0,29.0,29.0,0.0,"solar_v,lipo_v"
2020-05-22T23:00:00Z,30.0,30.0,2.222,2.224,,,,,2230.5,2225.0,2237.0,,,3.532,3.532,3.532,,,,,,,,,,,553.667,215.767,0.0,,,,,,,1297.0,1326.0,30.0,0.0,0.0,30.0,0.0,30.0,0.0,0.0,0.0,0.0,0.0,0.0,0.0,30.0,30.0,0.0,"solar_v,lipo_v"
2020-05-23T00:00:00Z,29.0,29.0,2.217,2.22,,,,,2225.172,2224.0,2227.0,,,3.532,3.532,3.532,,,,,,,,,,,559.276,220.862,0.0,,,,,,,1327.0,1355.0,29.0,0.0,0.0,29.0,0.0,29.0,0.0,0.0,0.0,0.0,0.0,0.0,0.0,29.0,29.0,0.0,"solar_v,lipo_v"
2020-05-23T01:00:00Z,30.0,30.0,2.217,2.22,,,,,2225.633,2224.0,2229.0,,,3.532,3.532,3.532,,,,,,,,,,,557.167,219.533,0.0,,,,,,,1356.0,1385.0,30.0,0.0,0.0,30.0,0.0,30.0,0.0,0.0,0.0,0.0,0.0,0.0,0.0,30.0,30.0,0.0,"solar_v,lipo_v"
2020-05-23T02:00:00Z,29.0,29.0,2.119,2.222,,,,,2224.931,2222.0,2230.0,,,3.532,3.532,3.532,,,,,,,,,,,555.414,217.483,0.0,,,,,,,1386.0,1414.0,29.0,0.0,0.0,29.0,0.0,29.0,0.0,0.0,0.0,0.0,0.0,0.0,0.0,29.0,29.0,0.0,"solar_v,lipo_v"
2020-05-23T03:00:00Z,30.0,30.0,2.164,2.215,,,,,2221.2,2215.0,2230.0,,,3.532,3.532,3.532,,,,,,,,,,,556.867,216.8,0.0,,,,,,,1415.0,1444.0,30.0,0.0,0.0,30.0,0.0,30.0,0.0,0.0,0.0,0.0,0.0,0.0,0.0,30.0,30.0,0.0,"solar_v,lipo_v"
2020-05-23T04:00:00Z,30.0,30.0,2.197,2.206,,,,,2206.367,2197.0,2216.0,,,3.532,3.532,3.532,,,,,,,,,,,557.433,288.967,0.0,,,,,,,1445.0,1474.0,30.0,0.0,0.0,30.0,0.0,30.0,0.0,0.0,0.0,0.0,0.0,0.0,0.0,30.0,30.0,0.0,"solar_v,lipo_v"
2020-05-23T05:00:00Z,29.0,29.0,2.17,2.187,,,,,2178.172,2151.0,2197.0,,,3.532,3.532,3.532,,,,,,,,,,,584.379,1837.759,0.0,,,,,,,1475.0,1503.0,29.0,0.0,0.0,29.0,0.0,29.0,0.0,0.0,0.0,0.0,0.0,0.0,0.0,29.0,29.0,0.0,"solar_v,lipo_v"
2020-05-23T06:00:00Z,30.0,30.0,2.144,2.194,,,,,2150.1,2124.0,2181.0,,,3.532,3.532,3.532,,,,,,,,,,,562.9,1608.133,0.0,,,,,,,1504.0,1533.0,30.0,0.0,0.0,30.0,0.0,30.0,0.0,0.0,0.0,0.0,0.0,0.0,0.0,30.0,30.0,0.0,"solar_v,lipo_v"
2020-05-23T07:00:00Z,29.0,29.0,2.042,2.161,,,,,2154.552,2131.0,2174.0,,,3.532,3.532,3.532,,,,,,,,,,,556.379,1453.552,0.0,,,,,,,1534.0,1562.0,29.0,0.0,0.0,29.0,0.0,29.0,0.0,0.0,0.0,0.0,0.0,0.0,0.0,29.0,29.0,0.0,"solar_v,lipo_v"
2020-05-23T08:00:00Z,30.0,30.0,2.067,2.151,,,,,2149.933,2139.0,2172.0,,,3.532,3.532,3.532,,,,,,,,,,,558.7,1616.5,0.0,,,,,,,1563.0,1592.0,30.0,0.0,0.0,30.0,0.0,30.0,0.0,0.0,0.0,0.0,0.0,0.0,0.0,30.0,30.0,0.0,"solar_v,lipo_v"
2020-05-23T09:00:00Z,29.0,29.0,2.143,2.158,,,,,2156.172,2146.0,2169.0,,,3.532,3.532,3.532,,,,,,,,,,,553.552,383.862,0.0,,,,,,,1593.0,1621.0,29.0,0.0,0.0,29.0,0.0,29.0,0.0,0.0,0.0,0.0,0.0,0.0,0.0,29.0,29.0,0.0,"solar_v,lipo_v"
2020-05-23T10:00:00Z,30.0,30.0,2.286,3.268,,,,,2183.367,2169.0,2255.0,,,3.532,3.532,3.532,,,,,,,,,,,548.4,211.933,0.0,,,,,,,1622.0,1651.0,30.0,0.0,0.0,30.0,0.0,30.0,0.0,0.0,0.0,0.0,0.0,0.0,0.0,30.0,30.0,0.0,"solar_v,lipo_v"
2020-05-23T11:00:00Z,29.0,29.0,3.455,3.532,,,,,2276.828,2255.0,2305.0,,,3.532,3.532,3.532,,,,,,,,,,,547.345,207.621,0.0,,,,,,,1652.0,1680.0,29.0,0.0,0.0,29.0,0.0,29.0,0.0,0.0,0.0,0.0,0.0,0.0,0.0,29.0,29.0,0.0,"solar_v,lipo_v"
2020-05-23T12:00:00Z,30.0,30.0,3.532,3.532,,,,,2276.867,2243.0,2331.0,,,3.532,3.532,3.532,,,,,,,,,,,551.367,214.167,0.0,,,,,,,1681.0,1710.0,30.0,0.0,0.0,30.0,0.0,30.0,0.0,0.0,0.0,0.0,0.0,0.0,0.0,30.0,30.0,0.0,"solar_v,lipo_v"
2020-05-23T13:00:00Z,29.0,29.0,3.532,3.532,,,,,2239.552,2237.0,2243.0,,,3.532,3.532,3.532,,,,,,,,,,,555.138,215.897,0.0,,,,,,,1711.0,1739.0,29.0,0.0,0.0,29.0,0.0,29.0,0.0,0.0,0.0,0.0,0.0,0.0,0.0,29.0,29.0,0.0,"solar_v,lipo_v"
2020-05-23T14:00:00Z,30.0,30.0,3.532,3.532,,,,,2237.233,2233.0,2240.0,,,3.532,3.532,3.532,,,,,,,,,,,556.1,217.1,0.0,,,,,,,1740.0,1769.0,30.0,0.0,0.0,30.0,0.0,30.0,0.0,0.0,0.0,0.0,0.0,0.0,0.0,30.0,30.0,0.0,"solar_v,lipo_v"
2020-05-23T15:00:00Z,29.0,29.0,3.532,3.532,,,,,2236.931,2235.0,2239.0,,,3.532,3.532,3.532,,,,,,,,,,,558.069,217.793,0.0,,,,,,,1770.0,1798.0,29.0,0.0,0.0,29.0,0.0,29.0,0.0,0.0,0.0,0.0,0.0,0.0,0.0,29.0,29.0,0.0,"solar_v,lipo_v"
2020-05-23T16:00:00Z,30.0,30.0,3.532,3.532,,,,,2236.8,2234.0,2238.0,,,3.532,3.532,3.532,,,,,,,,,,,558.567,219.433,0.0,,,,,,,1799.0,1828.0,30.0,0.0,0.0,30.0,0.0,30.0,0.0,0.0,0.0,0.0,0.0,0.0,0.0,30.0,30.0,0.0,"solar_v,lipo_v"
2020-05-23T17:00:00Z,28.0,28.0,3.532,3.532,,,,,2237.071,2235.0,2239.0,,,3.532,3.532,3.532,,,,,,,,,,,559.214,221.0,0.0,,,,,,,1829.0,1857.0,28.0,0.0,0.0,28.0,0.0,28.0,0.0,0.0,0.0,0.0,0.0,0.0,0.0,28.0,28.0,0.0,"solar_v,lipo_v"
2020-05-23T18:00:00Z,30.0,30.0,3.532,3.532,,,,,2237.0,2233.0,2240.0,,,3.532,3.532,3.532,,,,,,,,,,,559.7,222.0,0.0,,,,,,,1858.0,1887.0,30.0,0.0,0.0,30.0,0.0,30.0,0.0,0.0,0.0,0.0,0.0,0.0,0.0,30.0,30.0,0.0,"solar_v,lipo_v"
2020-05-23T19:00:00Z,29.0,29.0,3.532,3.532,,,,,2236.724,2233.0,2238.0,,,3.532,3.532,3.532,,,,,,,,,,,559.897,224.586,0.0,,,,,,,1888.0,1916.0,29.0,0.0,0.0,29.0,0.0,29.0,0.0,0.0,0.0,0.0,0.0,0.0,0.0,29.0,29.0,0.0,"solar_v,lipo_v"
2020-05-23T20:00:00Z,30.0,30.0,3.532,3.532,,,,,2236.9,2235.0,2238.0,,,3.532,3.532,3.532,,,,,,,,,,,560.433,224.733,0.0,,,,,,,1917.0,1946.0,30.0,0.0,0.0,30.0,0.0,30.0,0.0,0.0,0.0,0.0,0.0,0.0,0.0,30.0,30.0,0.0,"solar_v,lipo_v"
2020-05-23T21:00:00Z,29.0,29.0,3.532,3.532,,,,,2237.448,2236.0,2240.0,,,3.532,3.532,3.532,,,,,,,,,,,560.897,227.379,0.0,,,,,,,1947.0,1975.0,29.0,0.0,0.0,29.0,0.0,29.0,0.0,0.0,0.0,0.0,0.0,0.0,0.0,29.0,29.0,0.0,"solar_v,lipo_v"
2020-05-23T22:00:00Z,30.0,30.0,2.862,3.532,,,,,2237.133,2235.0,2239.0,,,3.532,3.532,3.532,,,,,,,,,,,561.633,225.533,0.0,,,,,,,1976.0,2005.0,30.0,0.0,0.0,30.0,0.0,30.0,0.0,0.0,0.0,0.0,0.0,0.0,0.0,30.0,30.0,0.0,"solar_v,lipo_v"
2020-05-23T23:00:00Z,29.0,29.0,2.091,2.226,,,,,2226.897,2219.0,2237.0,,,3.532,3.532,3.532,,,,,,,,,,,559.31,223.103,0.0,,,,,,,2006.0,2034.0,29.0,0.0,0.0,29.0,0.0,29.0,0.0,0.0,0.0,0.0,0.0,0.0,0.0,29.0,29.0,0.0,"solar_v,lipo_v"
2020-05-24T00:00:00Z,30.0,30.0,2.178,2.21,,,,,2213.233,2203.0,2224.0,,,3.532,3.532,3.532,,,,,,,,,,,559.7,225.933,0.0,,,,,,,2035.0,2064.0,30.0,0.0,0.0,30.0,0.0,30.0,0.0,0.0,0.0,0.0,0.0,0.0,0.0,30.0,30.0,0.0,"solar_v,lipo_v"
2020-05-24T01:00:00Z,29.0,29.0,2.189,2.197,,,,,2197.172,2184.0,2207.0,,,3.532,3.532,3.532,,,,,,,,,,,563.0,928.517,0.0,,,,,,,2065.0,2093.0,29.0,0.0,0.0,29.0,0.0,29.0,0.0,0.0,0.0,0.0,0.0,0.0,0.0,29.0,29.0,0.0,"solar_v,lipo_v"
2020-05-24T02:00:00Z,30.0,30.0,2.164,2.172,,,,,2172.4,2161.0,2184.0,,,3.532,3.532,3.532,,,,,,,,,,,571.667,1898.233,0.0,,,,,,,2094.0,2123.0,30.0,0.0,0.0,30.0,0.0,30.0,0.0,0.0,0.0,0.0,0.0,0.0,0.0,30.0,30.0,0.0,"solar_v,lipo_v"
2020-05-24T03:00:00Z,30.0,30.0,2.149,2.158,,,,,2157.567,2133.0,2167.0,,,3.532,3.532,3.532,,,,,,,,,,,568.067,1817.267,0.0,,,,,,,2124.0,2153.0,30.0,0.0,0.0,30.0,0.0,30.0,0.0,0.0,0.0,0.0,0.0,0.0,0.0,30.0,30.0,0.0,"solar_v,lipo_v"
2020-05-24T04:00:00Z,29.0,29.0,1.956,2.143,,,,,2138.379,2102.0,2167.0,,,3.532,3.532,3.532,,,,,,,,,,,571.793,1996.517,0.0,,,,,,,2154.0,2182.0,29.0,0.0,0.0,29.0,0.0,29.0,0.0,0.0,0.0,0.0,0.0,0.0,0.0,29.0,29.0,0.0,"solar_v,lipo_v"
2020-05-24T05:00:00Z,29.0,29.0,2.09,2.131,,,,,2099.069,2088.0,2141.0,,,3.532,3.532,3.532,,,,,,,,,,,564.0,1985.0,0.0,,,,,,,2183.0,2211.0,29.0,0.0,0.0,29.0,0.0,29.0,0.0,0.0,0.0,0.0,0.0,0.0,0.0,29.0,29.0,0.0,"solar_v,lipo_v"
2020-05-24T06:00:00Z,30.0,30.0,2.07,2.107,,,,,2079.067,2039.0,2118.0,,,3.532,3.532,3.532,,,,,,,,,,,560.233,1974.0,0.0,,,,,,,2212.0,2241.0,30.0,0.0,0.0,30.0,0.0,30.0,0.0,0.0,0.0,0.0,0.0,0.0,0.0,30.0,30.0,0.0,"solar_v,lipo_v"
2020-05-24T07:00:00Z,30.0,30.0,2.041,2.092,,,,,2050.133,2019.0,2101.0,,,3.532,3.532,3.532,,,,,,,,,,,548.9,1720.8,0.0,,,,,,,2242.0,2271.0,30.0,0.0,0.0,30.0,0.0,30.0,0.0,0.0,0.0,0.0,0.0,0.0,0.0,30.0,30.0,0.0,"solar_v,lipo_v"
2020-05-24T08:00:00Z,29.0,29.0,1.821,2.085,,,,,2066.759,2022.0,2111.0,,,3.532,3.532,3.532,,,,,,,,,,,547.103,1616.793,0.0,,,,,,,2272.0,2300.0,29.0,0.0,0.0,29.0,0.0,29.0,0.0,0.0,0.0,0.0,0.0,0.0,0.0,29.0,29.0,0.0,"solar_v,lipo_v"
2020-05-24T09:00:00Z,30.0,30.0,2.072,2.087,,,,,2081.533,2055.0,2094.0,,,3.532,3.532,3.532,,,,,,,,,,,537.333,229.133,0.0,,,,,,,2301.0,2330.0,30.0,0.0,0.0,30.0,0.0,30.0,0.0,0.0,0.0,0.0,0.0,0.0,0.0,30.0,30.0,0.0,"solar_v,lipo_v"
2020-05-24T10:00:00Z,29.0,29.0,2.162,3.165,,,,,2127.966,2096.0,2222.0,,,3.532,3.532,3.532,,,,,,,,,,,537.345,201.552,0.0,,,,,,,2331.0,2359.0,29.0,0.0,0.0,29.0,0.0,29.0,0.0,0.0,0.0,0.0,0.0,0.0,0.0,29.0,29.0,0.0,"solar_v,lipo_v"
2020-05-24T11:00:00Z,30.0,30.0,3.448,3.532,,,,,2244.267,2224.0,2263.0,,,3.532,3.532,3.532,,,,,,,,,,,535.667,199.467,0.0,,,,,,,2360.0,2389.0,30.0,0.0,0.0,30.0,0.0,30.0,0.0,0.0,0.0,0.0,0.0,0.0,0.0,30.0,30.0,0.0,"solar_v,lipo_v"
2020-05-24T12:00:00Z,29.0,29.0,3.532,3.532,,,,,2279.241,2263.0,2305.0,,,3.532,3.532,3.532,,,,,,,,,,,535.31,198.448,0.0,,,,,,,2390.0,2418.0,29.0,0.0,0.0,29.0,0.0,29.0,0.0,0.0,0.0,0.0,0.0,0.0,0.0,29.0,29.0,0.0,"solar_v,lipo_v"
2020-05-24T13:00:00Z,30.0,30.0,3.532,3.532,,,,,2283.933,2243.0,2334.0,,,3.532,3.532,3.532,,,,,,,,,,,540.067,201.533,0.0,,,,,,,2419.0,2448.0,30.0,0.0,0.0,30.0,0.0,30.0,0.0,0.0,0.0,0.0,0.0,0.0,0.0,30.0,30.0,0.0,"solar_v,lipo_v"
2020-05-24T14:00:00Z,29.0,29.0,3.532,3.532,,,,,2239.207,2236.0,2243.0,,,3.532,3.532,3.532,,,,,,,,,,,544.552,204.345,0.0,,,,,,,2449.0,2477.0,29.0,0.0,0.0,29.0,0.0,29.0,0.0,0.0,0.0,0.0,0.0,0.0,0.0,29.0,29.0,0.0,"solar_v,lipo_v"
2020-05-24T15:00:00Z,30.0,30.0,3.532,3.532,,,,,2236.833,2235.0,2239.0,,,3.532,3.532,3.532,,,,,,,,,,,545.933,206.267,0.0,,,,,,,2478.0,2507.0,30.0,0.0,0.0,30.0,0.0,30.0,0.0,0.0,0.0,0.0,0.0,0.0,0.0,30.0,30.0,0.0,"solar_v,lipo_v"
2020-05-24T16:00:00Z,29.0,29.0,3.532,3.532,,,,,2236.069,2233.0,2237.0,,,3.532,3.532,3.532,,,,,,,,,,,548.966,210.828,0.0,,,,,,,2508.0,2536.0,29.0,0.0,0.0,29.0,0.0,29.0,0.0,0.0,0.0,0.0,0.0,0.0,0.0,29.0,29.0,0.0,"solar_v,lipo_v"
2020-05-24T17:00:00Z,30.0,30.0,3.532,3.532,,,,,2236.0,2233.0,2240.0,,,3.532,3.532,3.532,,,,,,,,,,,548.9,212.667,0.0,,,,,,,2537.0,2566.0,30.0,0.0,0.0,30.0,0.0,30.0,0.0,0.0,0.0,0.0,0.0,0.0,0.0,30.0,30.0,0.0,"solar_v,lipo_v"
2020-05-24T18:00:00Z,30.0,30.0,3.532,3.532,,,,,2235.4,2233.0,2237.0,,,3.532,3.532,3.532,,,,,,,,,,,550.767,212.867,0.0,,,,,,,2567.0,2596.0,30.0,0.0,0.0,30.0,0.0,30.0,0.0,0.0,0.0,0.0,0.0,0.0,0.0,30.0,30.0,0.0,"solar_v,lipo_v"
2020-05-24T19:00:00Z,29.0,29.0,3.532,3.532,,,,,2234.966,2230.0,2237.0,,,3.532,3.532,3.532,,,,,,,,,,,552.793,214.69,0.0,,,,,,,2597.0,2625.0,29.0,0.0,0.0,29.0,0.0,29.0,0.0,0.0,0.0,0.0,0.0,0.0,0.0,29.0,29.0,0.0,"solar_v,lipo_v"
2020-05-24T20:00:00Z,30.0,30.0,3.532,3.532,,,,,2235.633,2230.0,2237.0,,,3.532,3.532,3.532,,,,,,,,,,,554.8,216.2,0.0,,,,,,,2626.0,2655.0,30.0,0.0,0.0,30.0,0.0,30.0,0.0,0.0,0.0,0.0,0.0,0.0,0.0,30.0,30.0,0.0,"solar_v,lipo_v"
2020-05-24T21:00:00Z,27.0,27.0,3.532,3.532,,,,,2235.852,2233.0,2237.0,,,3.532,3.532,3.532,,,,,,,,,,,555.185,216.37,0.0,,,,,,,2656.0,2684.0,27.0,0.0,0.0,27.0,0.0,27.0,0.0,0.0,0.0,0.0,0.0,0.0,0.0,27.0,27.0,0.0,"solar_v,lipo_v"
2020-05-24T22:00:00Z,29.0,29.0,3.173,3.532,,,,,2235.345,2233.0,2237.0,,,3.532,3.532,3.532,,,,,,,,,,,557.138,217.793,0.0,,,,,,,2685.0,2713.0,29.0,0.0,0.0,29.0,0.0,29.0,0.0,0.0,0.0,0.0,0.0,0.0,0.0,29.0,29.0,0.0,"solar_v,lipo_v"
2020-05-24T23:00:00Z,30.0,30.0,2.902,3.387,,,,,2235.733,2233.0,2237.0,,,3.532,3.532,3.532,,,,,,,,,,,558.1,218.433,0.0,,,,,,,2714.0,2743.0,30.0,0.0,0.0,30.0,0.0,30.0,0.0,0.0,0.0,0.0,0.0,0.0,0.0,30.0,30.0,0.0,"solar_v,lipo_v"
2020-05-25T00:00:00Z,29.0,29.0,2.606,3.231,,,,,2236.138,2233.0,2237.0,,,3.532,3.532,3.532,,,,,,,,,,,558.207,218.379,0.0,,,,,,,2744.0,2772.0,29.0,0.0,0.0,29.0,0.0,29.0,0.0,0.0,0.0,0.0,0.0,0.0,0.0,29.0,29.0,0.0,"solar_v,lipo_v"
2020-05-25T01:00:00Z,28.0,28.0,2.222,2.226,,,,,2231.036,2224.0,2237.0,,,3.532,3.532,3.532,,,,,,,,,,,557.321,216.429,0.0,,,,,,,2773.0,2801.0,28.0,0.0,0.0,28.0,0.0,28.0,0.0,0.0,0.0,0.0,0.0,0.0,0.0,28.0,28.0,0.0,"solar_v,lipo_v"
2020-05-25T02:00:00Z,25.0,25.0,2.204,2.215,,,,,2213.24,2199.0,2225.0,,,3.532,3.532,3.532,,,,,,,,,,,556.88,352.88,0.0,,,,,,,2802.0,2830.0,25.0,0.0,0.0,25.0,0.0,25.0,0.0,0.0,0.0,0.0,0.0,0.0,0.0,25.0,25.0,0.0,"solar_v,lipo_v"
2020-05-25T03:00:00Z,28.0,28.0,2.171,2.194,,,,,2180.179,2167.0,2199.0,,,3.532,3.532,3.532,,,,,,,,,,,564.857,1810.571,0.0,,,,,,,2831.0,2859.0,28.0,0.0,0.0,28.0,0.0,28.0,0.0,0.0,0.0,0.0,0.0,0.0,0.0,28.0,28.0,0.0,"solar_v,lipo_v"
2020-05-25T04:00:00Z,26.0,26.0,2.152,2.164,,,,,2163.692,2145.0,2195.0,,,3.532,3.532,3.532,,,,,,,,,,,570.115,1894.615,0.0,,,,,,,2861.0,2889.0,26.0,0.0,0.0,26.0,0.0,26.0,0.0,0.0,0.0,0.0,0.0,0.0,0.0,26.0,26.0,0.0,"solar_v,lipo_v"
2020-05-25T05:00:00Z,21.0,21.0,2.131,2.145,,,,,2140.19,2115.0,2156.0,,,3.532,3.532,3.532,,,,,,,,,,,559.476,1741.571,0.0,,,,,,,2890.0,2917.0,21.0,0.0,0.0,21.0,0.0,21.0,0.0,0.0,0.0,0.0,0.0,0.0,0.0,21.0,21.0,0.0,"solar_v,lipo_v"
2020-05-25T06:00:00Z,27.0,27.0,2.044,2.118,,,,,2105.37,2078.0,2140.0,,,3.532,3.532,3.532,,,,,,,,,,,568.889,2020.704,0.0,,,,,,,2918.0,2946.0,27.0,0.0,0.0,27.0,0.0,27.0,0.0,0.0,0.0,0.0,0.0,0.0,0.0,27.0,27.0,0.0,"solar_v,lipo_v"
2020-05-25T07:00:00Z,28.0,28.0,2.079,2.116,,,,,2088.107,2052.0,2124.0,,,3.532,3.532,3.532,,,,,,,,,,,553.0,1538.75,0.0,,,,,,,2947.0,2976.0,28.0,0.0,0.0,28.0,0.0,28.0,0.0,0.0,0.0,0.0,0.0,0.0,0.0,28.0,28.0,0.0,"solar_v,lipo_v"
2020-05-25T08:00:00Z,29.0,29.0,1.931,2.119,,,,,2105.828,2058.0,2131.0,,,3.532,3.532,3.532,,,,,,,,,,,552.31,943.0,0.0,,,,,,,2977.0,3005.0,29.0,0.0,0.0,29.0,0.0,29.0,0.0,0.0,0.0,0.0,0.0,0.0,0.0,29.0,29.0,0.0,"solar_v,lipo_v"
2020-05-25T09:00:00Z,30.0,30.0,2.265,3.387,,,,,2141.8,2113.0,2167.0,,,3.532,3.532,3.532,,,,,,,,,,,546.233,207.633,0.0,,,,,,,3006.0,3035.0,30.0,0.0,0.0,30.0,0.0,30.0,0.0,0.0,0.0,0.0,0.0,0.0,0.0,30.0,30.0,0.0,"solar_v,lipo_v"
2020-05-25T10:00:00Z,29.0,29.0,3.232,3.383,,,,,2170.655,2164.0,2174.0,,,3.532,3.532,3.532,,,,,,,,,,,552.655,215.448,0.0,,,,,,,3036.0,3064.0,29.0,0.0,0.0,29.0,0.0,29.0,0.0,0.0,0.0,0.0,0.0,0.0,0.0,29.0,29.0,0.0,"solar_v,lipo_v"
2020-05-25T11:00:00Z,30.0,30.0,3.44,3.532,,,,,2176.5,2172.0,2182.0,,,3.532,3.532,3.532,,,,,,,,,,,550.133,214.167,0.0,,,,,,,3065.0,3094.0,30.0,0.0,0.0,30.0,0.0,30.0,0.0,0.0,0.0,0.0,0.0,0.0,0.0,30.0,30.0,0.0,"solar_v,lipo_v"
2020-05-25T12:00:00Z,29.0,29.0,3.532,3.532,,,,,2183.724,2181.0,2187.0,,,3.532,3.532,3.532,,,,,,,,,,,549.759,213.552,0.0,,,,,,,3095.0,3123.0,29.0,0.0,0.0,29.0,0.0,29.0,0.0,0.0,0.0,0.0,0.0,0.0,0.0,29.0,29.0,0.0,"solar_v,lipo_v"
2020-05-25T13:00:00Z,30.0,30.0,3.532,3.532,,,,,2187.5,2177.0,2193.0,,,3.532,3.532,3.532,,,,,,,,,,,550.833,214.9,0.0,,,,,,,3124.0,3153.0,30.0,0.0,0.0,30.0,0.0,30.0,0.0,0.0,0.0,0.0,0.0,0.0,0.0,30.0,30.0,0.0,"solar_v,lipo_v"
2020-05-25T14:00:00Z,29.0,29.0,3.532,3.532,,,,,2179.276,2177.0,2181.0,,,3.532,3.532,3.532,,,,,,,,,,,553.69,215.828,0.0,,,,,,,3154.0,3182.0,29.0,0.0,0.0,29.0,0.0,29.0,0.0,0.0,0.0,0.0,0.0,0.0,0.0,29.0,29.0,0.0,"solar_v,lipo_v"
2020-05-25T15:00:00Z,30.0,30.0,3.532,3.532,,,,,2179.333,2177.0,2183.0,,,3.532,3.532,3.532,,,,,,,,,,,555.533,216.5,0.0,,,,,,,3183.0,3212.0,30.0,0.0,0.0,30.0,0.0,30.0,0.0,0.0,0.0,0.0,0.0,0.0,0.0,30.0,30.0,0.0,"solar_v,lipo_v"
2020-05-25T16:00:00Z,29.0,29.0,3.532,3.532,,,,,2180.448,2177.0,2183.0,,,3.532,3.532,3.532,,,,,,,,,,,557.586,217.69,0.0,,,,,,,3213.0,3241.0,29.0,0.0,0.0,29.0,0.0,29.0,0.0,0.0,0.0,0.0,0.0,0.0,0.0,29.0,29.0,0.0,"solar_v,lipo_v"
2020-05-25T17:00:00Z,30.0,30.0,3.532,3.532,,,,,2181.267,2177.0,2184.0,,,3.532,3.532,3.532,,,,,,,,,,,559.033,221.633,0.0,,,,,,,3242.0,3271.0,30.0,0.0,0.0,30.0,0.0,30.0,0.0,0.0,0.0,0.0,0.0,0.0,0.0,30.0,30.0,0.0,"solar_v,lipo_v"
2020-05-25T18:00:00Z,29.0,29.0,3.532,3.532,,,,,2181.724,2179.0,2184.0,,,3.532,3.532,3.532,,,,,,,,,,,559.172,223.828,0.0,,,,,,,3272.0,3300.0,29.0,0.0,0.0,29.0,0.0,29.0,0.0,0.0,0.0,0.0,0.0,0.0,0.0,29.0,29.0,0.0,"solar_v,lipo_v"
2020-05-25T19:00:00Z,30.0,30.0,3.532,3.532,,,,,2182.967,2180.0,2184.0,,,3.532,3.532,3.532,,,,,,,,,,,559.967,225.6,0.0,,,,,,,3301.0,3330.0,30.0,0.0,0.0,30.0,0.0,30.0,0.0,0.0,0.0,0.0,0.0,0.0,0.0,30.0,30.0,0.0,"solar_v,lipo_v"
2020-05-25T20:00:00Z,29.0,29.0,3.532,3.532,,,,,2183.138,2181.0,2184.0,,,3.532,3.532,3.532,,,,,,,,,,,560.517,226.586,0.0,,,,,,,3331.0,3359.0,29.0,0.0,0.0,29.0,0.0,29.0,0.0,0.0,0.0,0.0,0.0,0.0,0.0,29.0,29.0,0.0,"solar_v,lipo_v"
2020-05-25T21:00:00Z,30.0,30.0,3.532,3.532,,,,,2183.4,2181.0,2187.0,,,3.532,3.532,3.532,,,,,,,,,,,562.5,227.7,0.0,,,,,,,3360.0,3389.0,30.0,0.0,0.0,30.0,0.0,30.0,0.0,0.0,0.0,0.0,0.0,0.0,0.0,30.0,30.0,0.0,"solar_v,lipo_v"
2020-05-25T22:00:00Z,29.0,29.0,2.819,3.532,,,,,2184.138,2181.0,2187.0,,,3.532,3.532,3.532,,,,,,,,,,,562.759,227.759,0.0,,,,,,,3390.0,3418.0,29.0,0.0,0.0,29.0,0.0,29.0,0.0,0.0,0.0,0.0,0.0,0.0,0.0,29.0,29.0,0.0,"solar_v,lipo_v"
2020-05-25T23:00:00Z,30.0,30.0,2.16,2.174,,,,,2169.667,2158.0,2186.0,,,3.532,3.532,3.532,,,,,,,,,,,559.333,223.033,0.0,,,,,,,3419.0,3448.0,30.0,0.0,0.0,30.0,0.0,30.0,0.0,0.0,0.0,0.0,0.0,0.0,0.0,30.0,30.0,0.0,"solar_v,lipo_v"
2020-05-26T00:00:00Z,29.0,29.0,2.138,2.147,,,,,2148.034,2136.0,2158.0,,,3.532,3.532,3.532,,,,,,,,,,,558.724,221.414,0.0,,,,,,,3449.0,3477.0,29.0,0.0,0.0,29.0,0.0,29.0,0.0,0.0,0.0,0.0,0.0,0.0,0.0,29.0,29.0,0.0,"solar_v,lipo_v"
2020-05-26T01:00:00Z,23.0,23.0,2.099,2.137,,,,,2108.652,2044.0,2146.0,,,3.532,3.532,3.532,,,,,,,,,,,560.826,1191.174,0.0,,,,,,,3478.0,3506.0,23.0,0.0,0.0,23.0,0.0,23.0,0.0,0.0,0.0,0.0,0.0,0.0,0.0,23.0,23.0,0.0,"solar_v,lipo_v"
2020-05-26T02:00:00Z,23.0,23.0,1.884,2.111,,,,,2051.304,1982.0,2130.0,,,3.532,3.532,3.532,,,,,,,,,,,560.0,1444.217,0.0,,,,,,,3507.0,3534.0,23.0,0.0,0.0,23.0,0.0,23.0,0.0,0.0,0.0,0.0,0.0,0.0,0.0,23.0,23.0,0.0,"solar_v,lipo_v"
2020-05-26T03:00:00Z,30.0,30.0,1.719,2.092,,,,,2026.2,1947.0,2115.0,,,3.532,3.532,3.532,,,,,,,,,,,560.633,1658.5,0.0,,,,,,,3535.0,3564.0,30.0,0.0,0.0,30.0,0.0,30.0,0.0,0.0,0.0,0.0,0.0,0.0,0.0,30.0,30.0,0.0,"solar_v,lipo_v"
2020-05-26T04:00:00Z,18.0,18.0,1.68,2.022,,,,,1998.0,1962.0,2031.0,,,3.532,3.532,3.532,,,,,,,,,,,555.167,1938.556,0.0,,,,,,,3565.0,3592.0,18.0,0.0,0.0,18.0,0.0,18.0,0.0,0.0,0.0,0.0,0.0,0.0,0.0,18.0,18.0,0.0,"solar_v,lipo_v"
2020-05-26T05:00:00Z,25.0,25.0,1.704,2.015,,,,,2000.36,1953.0,2039.0,,,3.532,3.532,3.532,,,,,,,,,,,547.28,1605.92,0.0,,,,,,,3593.0,3621.0,25.0,0.0,0.0,25.0,0.0,25.0,0.0,0.0,0.0,0.0,0.0,0.0,0.0,25.0,25.0,0.0,"solar_v,lipo_v"
2020-05-26T06:00:00Z,25.0,25.0,1.681,1.988,,,,,2000.84,1979.0,2038.0,,,3.532,3.532,3.532,,,,,,,,,,,546.12,1435.16,0.0,,,,,,,3622.0,3650.0,25.0,0.0,0.0,25.0,0.0,25.0,0.0,0.0,0.0,0.0,0.0,0.0,0.0,25.0,25.0,0.0,"solar_v,lipo_v"
2020-05-26T07:00:00Z,27.0,27.0,1.69,2.07,,,,,2025.444,1932.0,2092.0,,,3.532,3.532,3.532,,,,,,,,,,,539.963,1020.296,0.0,,,,,,,3651.0,3679.0,27.0,0.0,0.0,27.0,0.0,27.0,0.0,0.0,0.0,0.0,0.0,0.0,0.0,27.0,27.0,0.0,"solar_v,lipo_v"
2020-05-26T08:00:00Z,24.0,24.0,1.605,2.066,,,,,2005.375,1956.0,2077.0,,,3.532,3.532,3.532,,,,,,,,,,,533.125,1512.792,0.0,,,,,,,3680.0,3707.0,24.0,0.0,0.0,24.0,0.0,24.0,0.0,0.0,0.0,0.0,0.0,0.0,0.0,24.0,24.0,0.0,"solar_v,lipo_v"
2020-05-26T09:00:00Z,27.0,27.0,1.821,2.072,,,,,2026.222,1991.0,2085.0,,,3.532,3.532,3.532,,,,,,,,,,,533.148,474.481,0.0,,,,,,,3709.0,3737.0,27.0,0.0,0.0,27.0,0.0,27.0,0.0,0.0,0.0,0.0,0.0,0.0,0.0,27.0,27.0,0.0,"solar_v,lipo_v"
2020-05-26T10:00:00Z,28.0,28.0,2.102,2.11,,,,,2111.429,2100.0,2119.0,,,3.532,3.532,3.532,,,,,,,,,,,533.25,194.571,0.0,,,,,,,3738.0,3765.0,28.0,0.0,0.0,28.0,0.0,28.0,0.0,0.0,0.0,0.0,0.0,0.0,0.0,28.0,28.0,0.0,"solar_v,lipo_v"
2020-05-26T11:00:00Z,28.0,28.0,3.373,3.532,,,,,2140.429,2119.0,2146.0,,,3.532,3.532,3.532,,,,,,,,,,,535.071,198.357,0.0,,,,,,,3767.0,3796.0,28.0,0.0,0.0,28.0,0.0,28.0,0.0,0.0,0.0,0.0,0.0,0.0,0.0,28.0,28.0,0.0,"solar_v,lipo_v"
2020-05-26T12:00:00Z,29.0,29.0,3.532,3.532,,,,,2148.034,2143.0,2153.0,,,3.532,3.532,3.532,,,,,,,,,,,535.759,199.655,0.0,,,,,,,3797.0,3825.0,29.0,0.0,0.0,29.0,0.0,29.0,0.0,0.0,0.0,0.0,0.0,0.0,0.0,29.0,29.0,0.0,"solar_v,lipo_v"
2020-05-26T13:00:00Z,28.0,28.0,3.532,3.532,,,,,2155.179,2150.0,2159.0,,,3.532,3.532,3.532,,,,,,,,,,,536.857,200.464,0.0,,,,,,,3826.0,3854.0,28.0,0.0,0.0,28.0,0.0,28.0,0.0,0.0,0.0,0.0,0.0,0.0,0.0,28.0,28.0,0.0,"solar_v,lipo_v"
2020-05-26T14:00:00Z,30.0,30.0,3.532,3.532,,,,,2161.1,2158.0,2166.0,,,3.532,3.532,3.532,,,,,,,,,,,540.333,202.567,0.0,,,,,,,3855.0,3884.0,30.0,0.0,0.0,30.0,0.0,30.0,0.0,0.0,0.0,0.0,0.0,0.0,0.0,30.0,30.0,0.0,"solar_v,lipo_v"
2020-05-26T15:00:00Z,29.0,29.0,3.532,3.532,,,,,2167.69,2163.0,2171.0,,,3.532,3.532,3.532,,,,,,,,,,,543.862,203.793,0.0,,,,,,,3885.0,3913.0,29.0,0.0,0.0,29.0,0.0,29.0,0.0,0.0,0.0,0.0,0.0,0.0,0.0,29.0,29.0,0.0,"solar_v,lipo_v"
2020-05-26T16:00:00Z,30.0,30.0,3.532,3.532,,,,,2171.967,2169.0,2174.0,,,3.532,3.532,3.532,,,,,,,,,,,545.7,205.767,0.0,,,,,,,3914.0,3943.0,30.0,0.0,0.0,30.0,0.0,30.0,0.0,0.0,0.0,0.0,0.0,0.0,0.0,30.0,30.0,0.0,"solar_v,lipo_v"
2020-05-26T17:00:00Z,29.0,29.0,3.532,3.532,,,,,2176.379,2172.0,2181.0,,,3.532,3.532,3.532,,,,,,,,,,,547.759,208.759,0.0,,,,,,,3944.0,3972.0,29.0,0.0,0.0,29.0,0.0,29.0,0.0,0.0,0.0,0.0,0.0,0.0,0.0,29.0,29.0,0.0,"solar_v,lipo_v"
2020-05-26T18:00:00Z,30.0,30.0,3.532,3.532,,,,,2168.733,2164.0,2181.0,,,3.532,3.532,3.532,,,,,,,,,,,549.833,212.533,0.0,,,,,,,3973.0,4002.0,30.0,0.0,0.0,30.0,0.0,30.0,0.0,0.0,0.0,0.0,0.0,0.0,0.0,30.0,30.0,0.0,"solar_v,lipo_v"
2020-05-26T19:00:00Z,29.0,29.0,3.532,3.532,,,,,2168.069,2164.0,2171.0,,,3.532,3.532,3.532,,,,,,,,,,,552.172,214.207,0.0,,,,,,,4003.0,4031.0,29.0,0.0,0.0,29.0,0.0,29.0,0.0,0.0,0.0,0.0,0.0,0.0,0.0,29.0,29.0,0.0,"solar_v,lipo_v"
2020-05-26T20:00:00Z,30.0,30.0,3.532,3.532,,,,,2168.933,2164.0,2171.0,,,3.532,3.532,3.532,,,,,,,,,,,553.5,215.8,0.0,,,,,,,4032.0,4061.0,30.0,0.0,0.0,30.0,0.0,30.0,0.0,0.0,0.0,0.0,0.0,0.0,0.0,30.0,30.0,0.0,"solar_v,lipo_v"
2020-05-26T21:00:00Z,29.0,29.0,3.532,3.532,,,,,2169.069,2166.0,2172.0,,,3.532,3.532,3.532,,,,,,,,,,,555.276,216.345,0.0,,,,,,,4062.0,4090.0,29.0,0.0,0.0,29.0,0.0,29.0,0.0,0.0,0.0,0.0,0.0,0.0,0.0,29.0,29.0,0.0,"solar_v,lipo_v"
2020-05-26T22:00:00Z,30.0,30.0,2.83,3.532,,,,,2169.467,2164.0,2172.0,,,3.532,3.532,3.532,,,,,,,,,,,555.467,216.567,0.0,,,,,,,4091.0,4120.0,30.0,0.0,0.0,30.0,0.0,30.0,0.0,0.0,0.0,0.0,0.0,0.0,0.0,30.0,30.0,0.0,"solar_v,lipo_v"
2020-05-26T23:00:00Z,29.0,29.0,1.998,2.158,,,,,2157.586,2144.0,2167.0,,,3.532,3.532,3.532,,,,,,,,,,,551.276,214.69,0.0,,,,,,,4121.0,4149.0,29.0,0.0,0.0,29.0,0.0,29.0,0.0,0.0,0.0,0.0,0.0,0.0,0.0,29.0,29.0,0.0,"solar_v,lipo_v"
2020-05-27T00:00:00Z,27.0,27.0,2.122,2.136,,,,,2132.074,2116.0,2145.0,,,3.532,3.532,3.532,,,,,,,,,,,554.852,217.407,0.0,,,,,,,4150.0,4178.0,27.0,0.0,0.0,27.0,0.0,27.0,0.0,0.0,0.0,0.0,0.0,0.0,0.0,27.0,27.0,0.0,"solar_v,lipo_v"
2020-05-27T01:00:00Z,26.0,26.0,2.038,2.118,,,,,2101.038,2067.0,2124.0,,,3.532,3.532,3.532,,,,,,,,,,,553.654,1241.769,0.0,,,,,,,4179.0,4207.0,26.0,0.0,0.0,26.0,0.0,26.0,0.0,0.0,0.0,0.0,0.0,0.0,0.0,26.0,26.0,0.0,"solar_v,lipo_v"
2020-05-27T02:00:00Z,29.0,29.0,1.943,2.071,,,,,2037.345,1998.0,2078.0,,,3.532,3.532,3.532,,,,,,,,,,,553.897,1662.207,0.0,,,,,,,4208.0,4237.0,29.0,0.0,0.0,29.0,0.0,29.0,0.0,0.0,0.0,0.0,0.0,0.0,0.0,29.0,29.0,0.0,"solar_v,lipo_v"
2020-05-27T03:00:00Z,29.0,29.0,1.963,2.194,,,,,2074.759,1987.0,2210.0,,,3.532,3.532,3.532,,,,,,,,,,,551.069,1342.379,0.0,,,,,,,4238.0,4266.0,29.0,0.0,0.0,29.0,0.0,29.0,0.0,0.0,0.0,0.0,0.0,0.0,0.0,29.0,29.0,0.0,"solar_v,lipo_v"
2020-05-27T04:00:00Z,24.0,24.0,2.196,2.224,,,,,2204.625,2186.0,2230.0,,,3.532,3.532,3.532,,,,,,,,,,,548.417,1637.708,0.0,,,,,,,4267.0,4295.0,24.0,0.0,0.0,24.0,0.0,24.0,0.0,0.0,0.0,0.0,0.0,0.0,0.0,24.0,24.0,0.0,"solar_v,lipo_v"
2020-05-27T05:00:00Z,28.0,28.0,2.229,2.24,,,,,2238.75,2225.0,2248.0,,,3.532,3.532,3.532,,,,,,,,,,,544.214,1025.786,0.0,,,,,,,4296.0,4324.0,28.0,0.0,0.0,28.0,0.0,28.0,0.0,0.0,0.0,0.0,0.0,0.0,0.0,28.0,28.0,0.0,"solar_v,lipo_v"
2020-05-27T06:00:00Z,30.0,30.0,2.244,2.259,,,,,2253.267,2238.0,2263.0,,,3.532,3.532,3.532,,,,,,,,,,,541.267,1093.667,0.0,,,,,,,4325.0,4354.0,30.0,0.0,0.0,30.0,0.0,30.0,0.0,0.0,0.0,0.0,0.0,0.0,0.0,30.0,30.0,0.0,"solar_v,lipo_v"
2020-05-27T07:00:00Z,27.0,27.0,2.232,2.286,,,,,2275.963,2263.0,2299.0,,,3.532,3.532,3.532,,,,,,,,,,,537.741,391.815,0.0,,,,,,,4355.0,4383.0,27.0,0.0,0.0,27.0,0.0,27.0,0.0,0.0,0.0,0.0,0.0,0.0,0.0,27.0,27.0,0.0,"solar_v,lipo_v"
2020-05-27T08:00:00Z,25.0,25.0,2.219,2.324,,,,,2306.88,2252.0,2349.0,,,3.532,3.532,3.532,,,,,,,,,,,534.96,245.52,0.0,,,,,,,4384.0,4412.0,25.0,0.0,0.0,25.0,0.0,25.0,0.0,0.0,0.0,0.0,0.0,0.0,0.0,25.0,25.0,0.0,"solar_v,lipo_v"
2020-05-27T09:00:00Z,29.0,29.0,2.222,2.237,,,,,2235.483,2230.0,2250.0,,,3.532,3.532,3.532,,,,,,,,,,,538.69,201.241,0.0,,,,,,,4413.0,4441.0,29.0,0.0,0.0,29.0,0.0,29.0,0.0,0.0,0.0,0.0,0.0,0.0,0.0,29.0,29.0,0.0,"solar_v,lipo_v"
2020-05-27T10:00:00Z,30.0,30.0,2.397,3.287,,,,,2238.733,2230.0,2247.0,,,3.532,3.532,3.532,,,,,,,,,,,535.567,200.6,0.0,,,,,,,4442.0,4471.0,30.0,0.0,0.0,30.0,0.0,30.0,0.0,0.0,0.0,0.0,0.0,0.0,0.0,30.0,30.0,0.0,"solar_v,lipo_v"
2020-05-27T11:00:00Z,26.0,26.0,3.421,3.532,,,,,2240.885,2237.0,2243.0,,,3.532,3.532,3.532,,,,,,,,,,,539.731,201.808,0.0,,,,,,,4472.0,4500.0,26.0,0.0,0.0,26.0,0.0,26.0,0.0,0.0,0.0,0.0,0.0,0.0,0.0,26.0,26.0,0.0,"solar_v,lipo_v"
2020-05-27T12:00:00Z,30.0,30.0,3.532,3.532,,,,,2240.267,2237.0,2245.0,,,3.532,3.532,3.532,,,,,,,,,,,543.433,203.033,0.0,,,,,,,4501.0,4530.0,30.0,0.0,0.0,30.0,0.0,30.0,0.0,0.0,0.0,0.0,0.0,0.0,0.0,30.0,30.0,0.0,"solar_v,lipo_v"
2020-05-27T13:00:00Z,29.0,29.0,3.532,3.532,,,,,2239.552,2237.0,2243.0,,,3.532,3.532,3.532,,,,,,,,,,,543.517,203.207,0.0,,,,,,,4531.0,4559.0,29.0,0.0,0.0,29.0,0.0,29.0,0.0,0.0,0.0,0.0,0.0,0.0,0.0,29.0,29.0,0.0,"solar_v,lipo_v"
2020-05-27T14:00:00Z,29.0,29.0,3.532,3.532,,,,,2239.759,2237.0,2243.0,,,3.532,3.532,3.532,,,,,,,,,,,546.172,207.207,0.0,,,,,,,4560.0,4589.0,29.0,0.0,0.0,29.0,0.0,29.0,0.0,0.0,0.0,0.0,0.0,0.0,0.0,29.0,29.0,0.0,"solar_v,lipo_v"
2020-05-27T15:00:00Z,30.0,30.0,3.532,3.532,,,,,2239.433,2237.0,2243.0,,,3.532,3.532,3.532,,,,,,,,,,,546.9,209.667,0.0,,,,,,,4590.0,4619.0,30.0,0.0,0.0,30.0,0.0,30.0,0.0,0.0,0.0,0.0,0.0,0.0,0.0,30.0,30.0,0.0,"solar_v,lipo_v"
2020-05-27T16:00:00Z,29.0,29.0,3.532,3.532,,,,,2239.931,2237.0,2242.0,,,3.532,3.532,3.532,,,,,,,,,,,549.759,213.897,0.0,,,,,,,4620.0,4648.0,29.0,0.0,0.0,29.0,0.0,29.0,0.0,0.0,0.0,0.0,0.0,0.0,0.0,29.0,29.0,0.0,"solar_v,lipo_v"
2020-05-27T17:00:00Z,30.0,30.0,3.532,3.532,,,,,2239.9,2237.0,2242.0,,,3.532,3.532,3.532,,,,,,,,,,,552.6,215.567,0.0,,,,,,,4649.0,4678.0,30.0,0.0,0.0,30.0,0.0,30.0,0.0,0.0,0.0,0.0,0.0,0.0,0.0,30.0,30.0,0.0,"solar_v,lipo_v"
2020-05-27T18:00:00Z,29.0,29.0,3.532,3.532,,,,,2239.586,2237.0,2242.0,,,3.532,3.532,3.532,,,,,,,,,,,554.172,216.207,0.0,,,,,,,4679.0,4707.0,29.0,0.0,0.0,29.0,0.0,29.0,0.0,0.0,0.0,0.0,0.0,0.0,0.0,29.0,29.0,0.0,"solar_v,lipo_v"
2020-05-27T19:00:00Z,29.0,29.0,3.532,3.532,,,,,2239.103,2237.0,2243.0,,,3.532,3.532,3.532,,,,,,,,,,,554.655,216.483,0.0,,,,,,,4708.0,4737.0,29.0,0.0,0.0,29.0,0.0,29.0,0.0,0.0,0.0,0.0,0.0,0.0,0.0,29.0,29.0,0.0,"solar_v,lipo_v"
2020-05-27T20:00:00Z,29.0,29.0,3.532,3.532,,,,,2239.655,2237.0,2243.0,,,3.532,3.532,3.532,,,,,,,,,,,557.207,216.724,0.0,,,,,,,4738.0,4766.0,29.0,0.0,0.0,29.0,0.0,29.0,0.0,0.0,0.0,0.0,0.0,0.0,0.0,29.0,29.0,0.0,"solar_v,lipo_v"
2020-05-27T21:00:00Z,30.0,30.0,3.532,3.532,,,,,2239.967,2237.0,2243.0,,,3.532,3.532,3.532,,,,,,,,,,,558.367,219.133,0.0,,,,,,,4767.0,4796.0,30.0,0.0,0.0,30.0,0.0,30.0,0.0,0.0,0.0,0.0,0.0,0.0,0.0,30.0,30.0,0.0,"solar_v,lipo_v"
2020-05-27T22:00:00Z,29.0,29.0,3.007,3.532,,,,,2240.0,2237.0,2243.0,,,3.532,3.532,3.532,,,,,,,,,,,558.414,219.207,0.0,,,,,,,4797.0,4825.0,29.0,0.0,0.0,29.0,0.0,29.0,0.0,0.0,0.0,0.0,0.0,0.0,0.0,29.0,29.0,0.0,"solar_v,lipo_v"
2020-05-27T23:00:00Z,30.0,30.0,2.206,2.23,,,,,2235.767,2227.0,2242.0,,,3.532,3.532,3.532,,,,,,,,,,,558.333,216.833,0.0,,,,,,,4826.0,4855.0,30.0,0.0,0.0,30.0,0.0,30.0,0.0,0.0,0.0,0.0,0.0,0.0,0.0,30.0,30.0,0.0,"solar_v,lipo_v"
2020-05-28T00:00:00Z,29.0,29.0,2.186,2.22,,,,,2214.793,2207.0,2227.0,,,3.532,3.532,3.532,,,,,,,,,,,557.552,216.517,0.0,,,,,,,4856.0,4884.0,29.0,0.0,0.0,29.0,0.0,29.0,0.0,0.0,0.0,0.0,0.0,0.0,0.0,29.0,29.0,0.0,"solar_v,lipo_v"
2020-05-28T01:00:00Z,24.0,24.0,2.16,2.198,,,,,2194.292,2174.0,2210.0,,,3.532,3.532,3.532,,,,,,,,,,,554.125,215.917,0.0,,,,,,,4885.0,4913.0,24.0,0.0,0.0,24.0,0.0,24.0,0.0,0.0,0.0,0.0,0.0,0.0,0.0,24.0,24.0,0.0,"solar_v,lipo_v"
2020-05-28T02:00:00Z,27.0,27.0,2.137,2.183,,,,,2168.704,2154.0,2195.0,,,3.532,3.532,3.532,,,,,,,,,,,553.444,215.815,0.0,,,,,,,4914.0,4942.0,27.0,0.0,0.0,27.0,0.0,27.0,0.0,0.0,0.0,0.0,0.0,0.0,0.0,27.0,27.0,0.0,"solar_v,lipo_v"
2020-05-28T03:00:00Z,30.0,30.0,2.131,2.158,,,,,2149.8,2128.0,2167.0,,,3.532,3.532,3.532,,,,,,,,,,,552.3,214.733,0.0,,,,,,,4943.0,4972.0,30.0,0.0,0.0,30.0,0.0,30.0,0.0,0.0,0.0,0.0,0.0,0.0,0.0,30.0,30.0,0.0,"solar_v,lipo_v"
2020-05-28T04:00:00Z,27.0,27.0,2.111,2.161,,,,,2135.778,2107.0,2172.0,,,3.532,3.532,3.532,,,,,,,,,,,547.852,210.519,0.0,,,,,,,4973.0,5001.0,27.0,0.0,0.0,27.0,0.0,27.0,0.0,0.0,0.0,0.0,0.0,0.0,0.0,27.0,27.0,0.0,"solar_v,lipo_v"
2020-05-28T05:00:00Z,29.0,29.0,2.072,2.128,,,,,2099.414,2083.0,2137.0,,,3.532,3.532,3.532,,,,,,,,,,,544.931,205.069,0.0,,,,,,,5002.0,5030.0,29.0,0.0,0.0,29.0,0.0,29.0,0.0,0.0,0.0,0.0,0.0,0.0,0.0,29.0,29.0,0.0,"solar_v,lipo_v"
2020-05-28T06:00:00Z,28.0,28.0,2.067,2.115,,,,,2095.857,2053.0,2121.0,,,3.532,3.532,3.532,,,,,,,,,,,539.786,202.643,0.0,,,,,,,5032.0,5060.0,28.0,0.0,0.0,28.0,0.0,28.0,0.0,0.0,0.0,0.0,0.0,0.0,0.0,28.0,28.0,0.0,"solar_v,lipo_v"
2020-05-28T07:00:00Z,16.0,16.0,2.108,2.146,,,,,2140.375,2116.0,2157.0,,,3.532,3.532,3.532,,,,,,,,,,,541.0,203.375,0.0,,,,,,,5061.0,5086.0,16.0,0.0,0.0,16.0,0.0,16.0,0.0,0.0,0.0,0.0,0.0,0.0,0.0,16.0,16.0,0.0,"solar_v,lipo_v"
2020-05-28T08:00:00Z,28.0,28.0,2.115,2.143,,,,,2145.25,2141.0,2151.0,,,3.532,3.532,3.532,,,,,,,,,,,540.464,202.143,0.0,,,,,,,5090.0,5117.0,28.0,0.0,0.0,28.0,0.0,28.0,0.0,0.0,0.0,0.0,0.0,0.0,0.0,28.0,28.0,0.0,"solar_v,lipo_v"
2020-05-28T09:00:00Z,28.0,28.0,2.108,2.136,,,,,2142.0,2136.0,2145.0,,,3.532,3.532,3.532,,,,,,,,,,,537.857,201.5,0.0,,,,,,,5118.0,5146.0,28.0,0.0,0.0,28.0,0.0,28.0,0.0,0.0,0.0,0.0,0.0,0.0,0.0,28.0,28.0,0.0,"solar_v,lipo_v"
2020-05-28T10:00:00Z,30.0,30.0,2.136,2.554,,,,,2152.3,2143.0,2164.0,,,3.532,3.532,3.532,,,,,,,,,,,538.033,201.733,0.0,,,,,,,5147.0,5176.0,30.0,0.0,0.0,30.0,0.0,30.0,0.0,0.0,0.0,0.0,0.0,0.0,0.0,30.0,30.0,0.0,"solar_v,lipo_v"
2020-05-28T11:00:00Z,29.0,29.0,3.417,3.532,,,,,2163.517,2161.0,2167.0,,,3.532,3.532,3.532,,,,,,,,,,,542.0,203.414,0.0,,,,,,,5177.0,5205.0,29.0,0.0,0.0,29.0,0.0,29.0,0.0,0.0,0.0,0.0,0.0,0.0,0.0,29.0,29.0,0.0,"solar_v,lipo_v"
2020-05-28T12:00:00Z,30.0,30.0,3.532,3.532,,,,,2165.567,2162.0,2169.0,,,3.532,3.532,3.532,,,,,,,,,,,545.4,205.867,0.0,,,,,,,5206.0,5235.0,30.0,0.0,0.0,30.0,0.0,30.0,0.0,0.0,0.0,0.0,0.0,0.0,0.0,30.0,30.0,0.0,"solar_v,lipo_v"
2020-05-28T13:00:00Z,29.0,29.0,3.532,3.532,,,,,2166.966,2163.0,2171.0,,,3.532,3.532,3.532,,,,,,,,,,,546.172,206.897,0.0,,,,,,,5236.0,5264.0,29.0,0.0,0.0,29.0,0.0,29.0,0.0,0.0,0.0,0.0,0.0,0.0,0.0,29.0,29.0,0.0,"solar_v,lipo_v"
2020-05-28T14:00:00Z,30.0,30.0,3.532,3.532,,,,,2167.967,2164.0,2171.0,,,3.532,3.532,3.532,,,,,,,,,,,547.0,208.767,0.0,,,,,,,5265.0,5294.0,30.0,0.0,0.0,30.0,0.0,30.0,0.0,0.0,0.0,0.0,0.0,0.0,0.0,30.0,30.0,0.0,"solar_v,lipo_v"
2020-05-28T15:00:00Z,29.0,29.0,3.532,3.532,,,,,2169.448,2166.0,2171.0,,,3.532,3.532,3.532,,,,,,,,,,,548.034,211.448,0.0,,,,,,,5295.0,5323.0,29.0,0.0,0.0,29.0,0.0,29.0,0.0,0.0,0.0,0.0,0.0,0.0,0.0,29.0,29.0,0.0,"solar_v,lipo_v"
2020-05-28T16:00:00Z,30.0,30.0,3.532,3.532,,,,,2170.433,2167.0,2171.0,,,3.532,3.532,3.532,,,,,,,,,,,550.033,213.767,0.0,,,,,,,5324.0,5353.0,30.0,0.0,0.0,30.0,0.0,30.0,0.0,0.0,0.0,0.0,0.0,0.0,0.0,30.0,30.0,0.0,"solar_v,lipo_v"
2020-05-28T17:00:00Z,30.0,30.0,3.532,3.532,,,,,2170.633,2167.0,2172.0,,,3.532,3.532,3.532,,,,,,,,,,,551.567,215.067,0.0,,,,,,,5354.0,5383.0,30.0,0.0,0.0,30.0,0.0,30.0,0.0,0.0,0.0,0.0,0.0,0.0,0.0,30.0,30.0,0.0,"solar_v,lipo_v"
2020-05-28T18:00:00Z,29.0,29.0,3.532,3.532,,,,,2171.276,2169.0,2172.0,,,3.532,3.532,3.532,,,,,,,,,,,553.517,215.897,0.0,,,,,,,5384.0,5412.0,29.0,0.0,0.0,29.0,0.0,29.0,0.0,0.0,0.0,0.0,0.0,0.0,0.0,29.0,29.0,0.0,"solar_v,lipo_v"
2020-05-28T19:00:00Z,30.0,30.0,3.532,3.532,,,,,2171.6,2171.0,2172.0,,,3.532,3.532,3.532,,,,,,,,,,,554.7,216.133,0.0,,,,,,,5413.0,5442.0,30.0,0.0,0.0,30.0,0.0,30.0,0.0,0.0,0.0,0.0,0.0,0.0,0.0,30.0,30.0,0.0,"solar_v,lipo_v"
2020-05-28T20:00:00Z,28.0,28.0,3.532,3.532,,,,,2171.679,2171.0,2172.0,,,3.532,3.532,3.532,,,,,,,,,,,556.214,216.393,0.0,,,,,,,5443.0,5471.0,28.0,0.0,0.0,28.0,0.0,28.0,0.0,0.0,0.0,0.0,0.0,0.0,0.0,28.0,28.0,0.0,"solar_v,lipo_v"
2020-05-28T21:00:00Z,30.0,30.0,3.532,3.532,,,,,2171.867,2171.0,2173.0,,,3.532,3.532,3.532,,,,,,,,,,,556.7,217.767,0.0,,,,,,,5472.0,5501.0,30.0,0.0,0.0,30.0,0.0,30.0,0.0,0.0,0.0,0.0,0.0,0.0,0.0,30.0,30.0,0.0,"solar_v,lipo_v"
2020-05-28T22:00:00Z,29.0,29.0,2.863,3.532,,,,,2172.276,2170.0,2174.0,,,3.532,3.532,3.532,,,,,,,,,,,557.517,218.31,0.0,,,,,,,5502.0,5530.0,29.0,0.0,0.0,29.0,0.0,29.0,0.0,0.0,0.0,0.0,0.0,0.0,0.0,29.0,29.0,0.0,"solar_v,lipo_v"
2020-05-28T23:00:00Z,30.0,30.0,2.131,2.161,,,,,2157.267,2124.0,2172.0,,,3.532,3.532,3.532,,,,,,,,,,,554.9,216.567,0.0,,,,,,,5531.0,5560.0,30.0,0.0,0.0,30.0,0.0,30.0,0.0,0.0,0.0,0.0,0.0,0.0,0.0,30.0,30.0,0.0,"solar_v,lipo_v"
2020-05-29T00:00:00Z,29.0,29.0,2.067,2.116,,,,,2095.034,2055.0,2123.0,,,3.532,3.532,3.532,,,,,,,,,,,553.172,216.276,0.0,,,,,,,5561.0,5589.0,29.0,0.0,0.0,29.0,0.0,29.0,0.0,0.0,0.0,0.0,0.0,0.0,0.0,29.0,29.0,0.0,"solar_v,lipo_v"
2020-05-29T01:00:00Z,12.0,12.0,2.044,2.083,,,,,2082.917,1972.0,2105.0,,,3.532,3.532,3.532,,,,,,,,,,,550.667,214.0,0.0,,,,,,,5590.0,5616.0,12.0,0.0,0.0,12.0,0.0,12.0,0.0,0.0,0.0,0.0,0.0,0.0,0.0,12.0,12.0,0.0,"solar_v,lipo_v"
2020-05-29T02:00:00Z,21.0,21.0,1.945,2.082,,,,,2057.095,1961.0,2092.0,,,3.532,3.532,3.532,,,,,,,,,,,551.19,215.048,0.0,,,,,,,5618.0,5645.0,21.0,0.0,0.0,21.0,0.0,21.0,0.0,0.0,0.0,0.0,0.0,0.0,0.0,21.0,21.0,0.0,"solar_v,lipo_v"
2020-05-29T03:00:00Z,29.0,29.0,1.872,2.064,,,,,2017.483,1951.0,2075.0,,,3.532,3.532,3.532,,,,,,,,,,,548.207,213.069,0.0,,,,,,,5646.0,5675.0,29.0,0.0,0.0,29.0,0.0,29.0,0.0,0.0,0.0,0.0,0.0,0.0,0.0,29.0,29.0,0.0,"solar_v,lipo_v"
2020-05-29T04:00:00Z,29.0,29.0,1.561,1.885,,,,,1977.517,1948.0,1991.0,,,3.532,3.532,3.532,,,,,,,,,,,543.448,206.586,0.0,,,,,,,5676.0,5704.0,29.0,0.0,0.0,29.0,0.0,29.0,0.0,0.0,0.0,0.0,0.0,0.0,0.0,29.0,29.0,0.0,"solar_v,lipo_v"
2020-05-29T05:00:00Z,22.0,22.0,1.588,1.896,,,,,1974.364,1947.0,1991.0,,,3.532,3.532,3.532,,,,,,,,,,,539.545,203.182,0.0,,,,,,,5705.0,5729.0,22.0,0.0,0.0,22.0,0.0,22.0,0.0,0.0,0.0,0.0,0.0,0.0,0.0,22.0,22.0,0.0,"solar_v,lipo_v"
2020-05-29T06:00:00Z,25.0,25.0,1.464,1.893,,,,,1978.8,1947.0,1991.0,,,3.532,3.532,3.532,,,,,,,,,,,535.2,201.8,0.0,,,,,,,5737.0,5762.0,25.0,0.0,0.0,25.0,0.0,25.0,0.0,0.0,0.0,0.0,0.0,0.0,0.0,25.0,25.0,0.0,"solar_v,lipo_v"
2020-05-29T07:00:00Z,17.0,17.0,1.453,1.877,,,,,1978.118,1943.0,1988.0,,,3.532,3.532,3.532,,,,,,,,,,,532.824,196.824,0.0,,,,,,,5763.0,5787.0,17.0,0.0,0.0,17.0,0.0,17.0,0.0,0.0,0.0,0.0,0.0,0.0,0.0,17.0,17.0,0.0,"solar_v,lipo_v"
2020-05-29T08:00:00Z,24.0,24.0,1.864,2.065,,,,,2003.958,1971.0,2077.0,,,3.532,3.532,3.532,,,,,,,,,,,534.542,200.667,0.0,,,,,,,5793.0,5819.0,24.0,0.0,0.0,24.0,0.0,24.0,0.0,0.0,0.0,0.0,0.0,0.0,0.0,24.0,24.0,0.0,"solar_v,lipo_v"
2020-05-29T09:00:00Z,29.0,29.0,2.074,2.097,,,,,2097.241,2074.0,2108.0,,,3.532,3.532,3.532,,,,,,,,,,,534.828,201.034,0.0,,,,,,,5820.0,5848.0,29.0,0.0,0.0,29.0,0.0,29.0,0.0,0.0,0.0,0.0,0.0,0.0,0.0,29.0,29.0,0.0,"solar_v,lipo_v"
2020-05-29T10:00:00Z,30.0,30.0,2.275,3.291,,,,,2113.3,2105.0,2118.0,,,3.532,3.532,3.532,,,,,,,,,,,534.533,198.8,0.0,,,,,,,5849.0,5878.0,30.0,0.0,0.0,30.0,0.0,30.0,0.0,0.0,0.0,0.0,0.0,0.0,0.0,30.0,30.0,0.0,"solar_v,lipo_v"
2020-05-29T11:00:00Z,29.0,29.0,3.426,3.532,,,,,2116.897,2114.0,2119.0,,,3.532,3.532,3.532,,,,,,,,,,,540.345,203.172,0.0,,,,,,,5879.0,5907.0,29.0,0.0,0.0,29.0,0.0,29.0,0.0,0.0,0.0,0.0,0.0,0.0,0.0,29.0,29.0,0.0,"solar_v,lipo_v"
2020-05-29T12:00:00Z,30.0,30.0,3.532,3.532,,,,,2119.067,2116.0,2120.0,,,3.532,3.532,3.532,,,,,,,,,,,543.767,205.033,0.0,,,,,,,5908.0,5937.0,30.0,0.0,0.0,30.0,0.0,30.0,0.0,0.0,0.0,0.0,0.0,0.0,0.0,30.0,30.0,0.0,"solar_v,lipo_v"
2020-05-29T13:00:00Z,27.0,27.0,3.532,3.532,,,,,2119.926,2118.0,2121.0,,,3.532,3.532,3.532,,,,,,,,,,,542.333,202.704,0.0,,,,,,,5938.0,5966.0,27.0,0.0,0.0,27.0,0.0,27.0,0.0,0.0,0.0,0.0,0.0,0.0,0.0,27.0,27.0,0.0,"solar_v,lipo_v"
2020-05-29T14:00:00Z,28.0,28.0,3.532,3.532,,,,,2121.929,2120.0,2124.0,,,3.532,3.532,3.532,,,,,,,,,,,544.786,204.857,0.0,,,,,,,5968.0,5995.0,28.0,0.0,0.0,28.0,0.0,28.0,0.0,0.0,0.0,0.0,0.0,0.0,0.0,28.0,28.0,0.0,"solar_v,lipo_v"
2020-05-29T15:00:00Z,30.0,30.0,3.532,3.532,,,,,2122.233,2120.0,2124.0,,,3.532,3.532,3.532,,,,,,,,,,,546.267,205.9,0.0,,,,,,,5996.0,6025.0,30.0,0.0,0.0,30.0,0.0,30.0,0.0,0.0,0.0,0.0,0.0,0.0,0.0,30.0,30.0,0.0,"solar_v,lipo_v"
2020-05-29T16:00:00Z,30.0,30.0,3.532,3.532,,,,,2124.267,2121.0,2128.0,,,3.532,3.532,3.532,,,,,,,,,,,547.467,208.567,0.0,,,,,,,6026.0,6055.0,30.0,0.0,0.0,30.0,0.0,30.0,0.0,0.0,0.0,0.0,0.0,0.0,0.0,30.0,30.0,0.0,"solar_v,lipo_v"
2020-05-29T17:00:00Z,29.0,29.0,3.532,3.532,,,,,2125.828,2124.0,2128.0,,,3.532,3.532,3.532,,,,,,,,,,,548.414,210.172,0.0,,,,,,,6056.0,6084.0,29.0,0.0,0.0,29.0,0.0,29.0,0.0,0.0,0.0,0.0,0.0,0.0,0.0,29.0,29.0,0.0,"solar_v,lipo_v"
2020-05-29T18:00:00Z,29.0,29.0,3.532,3.532,,,,,2127.138,2124.0,2129.0,,,3.532,3.532,3.532,,,,,,,,,,,550.069,213.034,0.0,,,,,,,6085.0,6113.0,29.0,0.0,0.0,29.0,0.0,29.0,0.0,0.0,0.0,0.0,0.0,0.0,0.0,29.0,29.0,0.0,"solar_v,lipo_v"
2020-05-29T19:00:00Z,30.0,30.0,3.532,3.532,,,,,2128.8,2124.0,2131.0,,,3.532,3.532,3.532,,,,,,,,,,,551.8,214.7,0.0,,,,,,,6114.0,6143.0,30.0,0.0,0.0,30.0,0.0,30.0,0.0,0.0,0.0,0.0,0.0,0.0,0.0,30.0,30.0,0.0,"solar_v,lipo_v"
2020-05-29T20:00:00Z,29.0,29.0,3.532,3.532,,,,,2130.069,2127.0,2134.0,,,3.532,3.532,3.532,,,,,,,,,,,553.828,215.276,0.0,,,,,,,6144.0,6172.0,29.0,0.0,0.0,29.0,0.0,29.0,0.0,0.0,0.0,0.0,0.0,0.0,0.0,29.0,29.0,0.0,"solar_v,lipo_v"
2020-05-29T21:00:00Z,30.0,30.0,3.532,3.532,,,,,2130.4,2128.0,2134.0,,,3.532,3.532,3.532,,,,,,,,,,,554.2,216.2,0.0,,,,,,,6173.0,6202.0,30.0,0.0,0.0,30.0,0.0,30.0,0.0,0.0,0.0,0.0,0.0,0.0,0.0,30.0,30.0,0.0,"solar_v,lipo_v"
2020-05-29T22:00:00Z,29.0,29.0,2.835,3.532,,,,,2131.138,2123.0,2136.0,,,3.532,3.532,3.532,,,,,,,,,,,556.0,216.69,0.0,,,,,,,6203.0,6231.0,29.0,0.0,0.0,29.0,0.0,29.0,0.0,0.0,0.0,0.0,0.0,0.0,0.0,29.0,29.0,0.0,"solar_v,lipo_v"
2020-05-29T23:00:00Z,28.0,28.0,2.073,2.113,,,,,2099.929,2081.0,2123.0,,,3.532,3.532,3.532,,,,,,,,,,,552.107,215.321,0.0,,,,,,,6232.0,6260.0,28.0,0.0,0.0,28.0,0.0,28.0,0.0,0.0,0.0,0.0,0.0,0.0,0.0,28.0,28.0,0.0,"solar_v,lipo_v"
2020-05-30T00:00:00Z,30.0,30.0,1.929,2.072,,,,,2027.267,1971.0,2082.0,,,3.532,3.532,3.532,,,,,,,,,,,551.767,214.5,0.0,,,,,,,6261.0,6290.0,30.0,0.0,0.0,30.0,0.0,30.0,0.0,0.0,0.0,0.0,0.0,0.0,0.0,30.0,30.0,0.0,"solar_v,lipo_v"
2020-05-30T01:00:00Z,28.0,28.0,1.575,1.91,,,,,1977.929,1955.0,1989.0,,,3.532,3.532,3.532,,,,,,,,,,,548.929,212.321,0.0,,,,,,,6291.0,6319.0,28.0,0.0,0.0,28.0,0.0,28.0,0.0,0.0,0.0,0.0,0.0,0.0,0.0,28.0,28.0,0.0,"solar_v,lipo_v"
2020-05-30T02:00:00Z,30.0,30.0,1.647,1.91,,,,,1977.633,1957.0,1987.0,,,3.532,3.532,3.532,,,,,,,,,,,548.067,210.8,0.0,,,,,,,6320.0,6349.0,30.0,0.0,0.0,30.0,0.0,30.0,0.0,0.0,0.0,0.0,0.0,0.0,0.0,30.0,30.0,0.0,"solar_v,lipo_v"
2020-05-30T03:00:00Z,29.0,29.0,1.522,1.89,,,,,1973.828,1939.0,1987.0,,,3.532,3.532,3.532,,,,,,,,,,,546.0,208.172,0.0,,,,,,,6350.0,6378.0,29.0,0.0,0.0,29.0,0.0,29.0,0.0,0.0,0.0,0.0,0.0,0.0,0.0,29.0,29.0,0.0,"solar_v,lipo_v"
2020-05-30T04:00:00Z,30.0,30.0,1.51,1.899,,,,,1974.067,1938.0,1987.0,,,3.532,3.532,3.532,,,,,,,,,,,542.867,204.767,0.0,,,,,,,6379.0,6408.0,30.0,0.0,0.0,30.0,0.0,30.0,0.0,0.0,0.0,0.0,0.0,0.0,0.0,30.0,30.0,0.0,"solar_v,lipo_v"
2020-05-30T05:00:00Z,29.0,29.0,1.629,2.04,,,,,1984.379,1947.0,2054.0,,,3.532,3.532,3.532,,,,,,,,,,,538.414,201.897,0.0,,,,,,,6409.0,6437.0,29.0,0.0,0.0,29.0,0.0,29.0,0.0,0.0,0.0,0.0,0.0,0.0,0.0,29.0,29.0,0.0,"solar_v,lipo_v"
2020-05-30T06:00:00Z,30.0,30.0,2.062,2.098,,,,,2089.233,1986.0,2108.0,,,3.532,3.532,3.532,,,,,,,,,,,542.633,202.3,0.0,,,,,,,6438.0,6467.0,30.0,0.0,0.0,30.0,0.0,30.0,0.0,0.0,0.0,0.0,0.0,0.0,0.0,30.0,30.0,0.0,"solar_v,lipo_v"
2020-05-30T07:00:00Z,28.0,28.0,2.075,2.101,,,,,2106.607,2101.0,2114.0,,,3.532,3.532,3.532,,,,,,,,,,,540.429,202.036,0.0,,,,,,,6468.0,6496.0,28.0,0.0,0.0,28.0,0.0,28.0,0.0,0.0,0.0,0.0,0.0,0.0,0.0,28.0,28.0,0.0,"solar_v,lipo_v"
2020-05-30T08:00:00Z,30.0,30.0,2.078,2.105,,,,,2112.1,2110.0,2115.0,,,3.532,3.532,3.532,,,,,,,,,,,539.967,201.733,0.0,,,,,,,6497.0,6526.0,30.0,0.0,0.0,30.0,0.0,30.0,0.0,0.0,0.0,0.0,0.0,0.0,0.0,30.0,30.0,0.0,"solar_v,lipo_v"
2020-05-30T09:00:00Z,29.0,29.0,2.092,2.105,,,,,2111.828,2107.0,2117.0,,,3.532,3.532,3.532,,,,,,,,,,,540.552,201.897,0.0,,,,,,,6527.0,6555.0,29.0,0.0,0.0,29.0,0.0,29.0,0.0,0.0,0.0,0.0,0.0,0.0,0.0,29.0,29.0,0.0,"solar_v,lipo_v"
2020-05-30T10:00:00Z,30.0,30.0,2.301,3.278,,,,,2117.767,2114.0,2121.0,,,3.532,3.532,3.532,,,,,,,,,,,543.133,202.367,0.0,,,,,,,6556.0,6585.0,30.0,0.0,0.0,30.0,0.0,30.0,0.0,0.0,0.0,0.0,0.0,0.0,0.0,30.0,30.0,0.0,"solar_v,lipo_v"
2020-05-30T11:00:00Z,29.0,29.0,3.446,3.532,,,,,2119.517,2118.0,2124.0,,,3.532,3.532,3.532,,,,,,,,,,,548.483,208.483,0.0,,,,,,,6586.0,6614.0,29.0,0.0,0.0,29.0,0.0,29.0,0.0,0.0,0.0,0.0,0.0,0.0,0.0,29.0,29.0,0.0,"solar_v,lipo_v"
2020-05-30T12:00:00Z,30.0,30.0,3.532,3.532,,,,,2120.367,2119.0,2124.0,,,3.532,3.532,3.532,,,,,,,,,,,551.233,214.167,0.0,,,,,,,6615.0,6644.0,30.0,0.0,0.0,30.0,0.0,30.0,0.0,0.0,0.0,0.0,0.0,0.0,0.0,30.0,30.0,0.0,"solar_v,lipo_v"
2020-05-30T13:00:00Z,29.0,29.0,3.532,3.532,,,,,2121.483,2119.0,2124.0,,,3.532,3.532,3.532,,,,,,,,,,,553.724,215.345,0.0,,,,,,,6645.0,6673.0,29.0,0.0,0.0,29.0,0.0,29.0,0.0,0.0,0.0,0.0,0.0,0.0,0.0,29.0,29.0,0.0,"solar_v,lipo_v"
2020-05-30T14:00:00Z,30.0,30.0,3.532,3.532,,,,,2123.067,2119.0,2127.0,,,3.532,3.532,3.532,,,,,,,,,,,555.3,216.3,0.0,,,,,,,6674.0,6703.0,30.0,0.0,0.0,30.0,0.0,30.0,0.0,0.0,0.0,0.0,0.0,0.0,0.0,30.0,30.0,0.0,"solar_v,lipo_v"
2020-05-30T15:00:00Z,29.0,29.0,3.532,3.532,,,,,2125.172,2121.0,2129.0,,,3.532,3.532,3.532,,,,,,,,,,,557.0,217.138,0.0,,,,,,,6704.0,6732.0,29.0,0.0,0.0,29.0,0.0,29.0,0.0,0.0,0.0,0.0,0.0,0.0,0.0,29.0,29.0,0.0,"solar_v,lipo_v"
2020-05-30T16:00:00Z,30.0,30.0,3.532,3.532,,,,,2126.233,2123.0,2129.0,,,3.532,3.532,3.532,,,,,,,,,,,558.2,219.4,0.0,,,,,,,6733.0,6762.0,30.0,0.0,0.0,30.0,0.0,30.0,0.0,0.0,0.0,0.0,0.0,0.0,0.0,30.0,30.0,0.0,"solar_v,lipo_v"
2020-05-30T17:00:00Z,29.0,29.0,3.532,3.532,,,,,2128.138,2124.0,2131.0,,,3.532,3.532,3.532,,,,,,,,,,,559.172,221.31,0.0,,,,,,,6763.0,6791.0,29.0,0.0,0.0,29.0,0.0,29.0,0.0,0.0,0.0,0.0,0.0,0.0,0.0,29.0,29.0,0.0,"solar_v,lipo_v"
2020-05-30T18:00:00Z,30.0,30.0,3.532,3.532,,,,,2128.167,2124.0,2131.0,,,3.532,3.532,3.532,,,,,,,,,,,559.9,221.933,0.0,,,,,,,6792.0,6821.0,30.0,0.0,0.0,30.0,0.0,30.0,0.0,0.0,0.0,0.0,0.0,0.0,0.0,30.0,30.0,0.0,"solar_v,lipo_v"
2020-05-30T19:00:00Z,29.0,29.0,3.532,3.532,,,,,2130.138,2127.0,2131.0,,,3.532,3.532,3.532,,,,,,,,,,,561.069,225.379,0.0,,,,,,,6822.0,6850.0,29.0,0.0,0.0,29.0,0.0,29.0,0.0,0.0,0.0,0.0,0.0,0.0,0.0,29.0,29.0,0.0,"solar_v,lipo_v"
2020-05-30T20:00:00Z,30.0,30.0,3.532,3.532,,,,,2131.167,2128.0,2134.0,,,3.532,3.532,3.532,,,,,,,,,,,562.067,225.167,0.0,,,,,,,6851.0,6880.0,30.0,0.0,0.0,30.0,0.0,30.0,0.0,0.0,0.0,0.0,0.0,0.0,0.0,30.0,30.0,0.0,"solar_v,lipo_v"
2020-05-30T21:00:00Z,29.0,29.0,3.532,3.532,,,,,2132.379,2130.0,2134.0,,,3.532,3.532,3.532,,,,,,,,,,,563.828,227.586,0.0,,,,,,,6881.0,6909.0,29.0,0.0,0.0,29.0,0.0,29.0,0.0,0.0,0.0,0.0,0.0,0.0,0.0,29.0,29.0,0.0,"solar_v,lipo_v"
2020-05-30T22:00:00Z,30.0,30.0,2.697,3.532,,,,,2129.133,2115.0,2136.0,,,3.532,3.532,3.532,,,,,,,,,,,563.233,227.933,0.0,,,,,,,6910.0,6939.0,30.0,0.0,0.0,30.0,0.0,30.0,0.0,0.0,0.0,0.0,0.0,0.0,0.0,30.0,30.0,0.0,"solar_v,lipo_v"
2020-05-30T23:00:00Z,29.0,29.0,2.048,2.103,,,,,2076.724,1995.0,2115.0,,,3.532,3.532,3.532,,,,,,,,,,,560.172,224.552,0.0,,,,,,,6940.0,6968.0,29.0,0.0,0.0,29.0,0.0,29.0,0.0,0.0,0.0,0.0,0.0,0.0,0.0,29.0,29.0,0.0,"solar_v,lipo_v"
2020-05-31T00:00:00Z,29.0,29.0,1.567,1.906,,,,,1979.069,1971.0,1987.0,,,3.532,3.532,3.532,,,,,,,,,,,558.793,220.448,0.0,,,,,,,6969.0,6997.0,29.0,0.0,0.0,29.0,0.0,29.0,0.0,0.0,0.0,0.0,0.0,0.0,0.0,29.0,29.0,0.0,"solar_v,lipo_v"
2020-05-31T01:00:00Z,30.0,30.0,1.483,1.903,,,,,1977.7,1960.0,1987.0,,,3.532,3.532,3.532,,,,,,,,,,,557.567,218.933,0.0,,,,,,,6998.0,7027.0,30.0,0.0,0.0,30.0,0.0,30.0,0.0,0.0,0.0,0.0,0.0,0.0,0.0,30.0,30.0,0.0,"solar_v,lipo_v"
2020-05-31T02:00:00Z,30.0,30.0,1.511,1.881,,,,,1973.233,1952.0,1986.0,,,3.532,3.532,3.532,,,,,,,,,,,554.867,216.367,0.0,,,,,,,7028.0,7057.0,30.0,0.0,0.0,30.0,0.0,30.0,0.0,0.0,0.0,0.0,0.0,0.0,0.0,30.0,30.0,0.0,"solar_v,lipo_v"
2020-05-31T03:00:00Z,29.0,29.0,1.684,2.015,,,,,1988.241,1972.0,2027.0,,,3.532,3.532,3.532,,,,,,,,,,,553.276,216.034,0.0,,,,,,,7058.0,7086.0,29.0,0.0,0.0,29.0,0.0,29.0,0.0,0.0,0.0,0.0,0.0,0.0,0.0,29.0,29.0,0.0,"solar_v,lipo_v"
2020-05-31T04:00:00Z,30.0,30.0,1.761,1.991,,,,,1979.433,1965.0,2014.0,,,3.532,3.532,3.532,,,,,,,,,,,550.467,213.633,0.0,,,,,,,7087.0,7116.0,30.0,0.0,0.0,30.0,0.0,30.0,0.0,0.0,0.0,0.0,0.0,0.0,0.0,30.0,30.0,0.0,"solar_v,lipo_v"
2020-05-31T05:00:00Z,28.0,28.0,1.742,1.915,,,,,1978.214,1972.0,1984.0,,,3.532,3.532,3.532,,,,,,,,,,,549.25,212.75,0.0,,,,,,,7117.0,7145.0,28.0,0.0,0.0,28.0,0.0,28.0,0.0,0.0,0.0,0.0,0.0,0.0,0.0,28.0,28.0,0.0,"solar_v,lipo_v"
2020-05-31T06:00:00Z,29.0,29.0,1.671,1.911,,,,,1979.069,1972.0,1984.0,,,3.532,3.532,3.532,,,,,,,,,,,547.621,212.586,0.0,,,,,,,7146.0,7174.0,29.0,0.0,0.0,29.0,0.0,29.0,0.0,0.0,0.0,0.0,0.0,0.0,0.0,29.0,29.0,0.0,"solar_v,lipo_v"
2020-05-31T07:00:00Z,30.0,30.0,1.552,1.907,,,,,1979.433,1969.0,1987.0,,,3.532,3.532,3.532,,,,,,,,,,,547.6,211.467,0.0,,,,,,,7175.0,7204.0,30.0,0.0,0.0,30.0,0.0,30.0,0.0,0.0,0.0,0.0,0.0,0.0,0.0,30.0,30.0,0.0,"solar_v,lipo_v"
2020-05-31T08:00:00Z,28.0,28.0,1.481,1.896,,,,,1979.286,1968.0,1986.0,,,3.532,3.532,3.532,,,,,,,,,,,546.929,210.321,0.0,,,,,,,7205.0,7232.0,28.0,0.0,0.0,28.0,0.0,28.0,0.0,0.0,0.0,0.0,0.0,0.0,0.0,28.0,28.0,0.0,"solar_v,lipo_v"
2020-05-31T09:00:00Z,30.0,30.0,1.605,1.911,,,,,1978.267,1966.0,1986.0,,,3.532,3.532,3.532,,,,,,,,,,,548.033,212.167,0.0,,,,,,,7234.0,7263.0,30.0,0.0,0.0,30.0,0.0,30.0,0.0,0.0,0.0,0.0,0.0,0.0,0.0,30.0,30.0,0.0,"solar_v,lipo_v"
2020-05-31T10:00:00Z,29.0,29.0,1.935,2.082,,,,,2012.276,1974.0,2092.0,,,3.532,3.532,3.532,,,,,,,,,,,549.793,213.379,0.0,,,,,,,7264.0,7292.0,29.0,0.0,0.0,29.0,0.0,29.0,0.0,0.0,0.0,0.0,0.0,0.0,0.0,29.0,29.0,0.0,"solar_v,lipo_v"
2020-05-31T11:00:00Z,30.0,30.0,3.301,3.532,,,,,2105.5,2093.0,2110.0,,,3.532,3.532,3.532,,,,,,,,,,,555.767,216.733,0.0,,,,,,,7293.0,7322.0,30.0,0.0,0.0,30.0,0.0,30.0,0.0,0.0,0.0,0.0,0.0,0.0,0.0,30.0,30.0,0.0,"solar_v,lipo_v"
2020-05-31T12:00:00Z,29.0,29.0,3.532,3.532,,,,,2111.517,2110.0,2115.0,,,3.532,3.532,3.532,,,,,,,,,,,557.138,217.241,0.0,,,,,,,7323.0,7351.0,29.0,0.0,0.0,29.0,0.0,29.0,0.0,0.0,0.0,0.0,0.0,0.0,0.0,29.0,29.0,0.0,"solar_v,lipo_v"
2020-05-31T13:00:00Z,29.0,29.0,3.532,3.532,,,,,2114.966,2110.0,2119.0,,,3.532,3.532,3.532,,,,,,,,,,,558.517,218.379,0.0,,,,,,,7352.0,7380.0,29.0,0.0,0.0,29.0,0.0,29.0,0.0,0.0,0.0,0.0,0.0,0.0,0.0,29.0,29.0,0.0,"solar_v,lipo_v"
2020-05-31T14:00:00Z,30.0,30.0,3.532,3.532,,,,,2117.1,2110.0,2119.0,,,3.532,3.532,3.532,,,,,,,,,,,558.833,219.767,0.0,,,,,,,7381.0,7410.0,30.0,0.0,0.0,30.0,0.0,30.0,0.0,0.0,0.0,0.0,0.0,0.0,0.0,30.0,30.0,0.0,"solar_v,lipo_v"
2020-05-31T15:00:00Z,27.0,27.0,3.532,3.532,,,,,2118.519,2117.0,2120.0,,,3.532,3.532,3.532,,,,,,,,,,,559.222,221.778,0.0,,,,,,,7411.0,7439.0,27.0,0.0,0.0,27.0,0.0,27.0,0.0,0.0,0.0,0.0,0.0,0.0,0.0,27.0,27.0,0.0,"solar_v,lipo_v"
2020-05-31T16:00:00Z,28.0,28.0,3.532,3.532,,,,,2119.179,2117.0,2121.0,,,3.532,3.532,3.532,,,,,,,,,,,559.786,225.107,0.0,,,,,,,7440.0,7468.0,28.0,0.0,0.0,28.0,0.0,28.0,0.0,0.0,0.0,0.0,0.0,0.0,0.0,28.0,28.0,0.0,"solar_v,lipo_v"
2020-05-31T17:00:00Z,30.0,30.0,3.532,3.532,,,,,2119.8,2119.0,2123.0,,,3.532,3.532,3.532,,,,,,,,,,,560.5,226.467,0.0,,,,,,,7469.0,7498.0,30.0,0.0,0.0,30.0,0.0,30.0,0.0,0.0,0.0,0.0,0.0,0.0,0.0,30.0,30.0,0.0,"solar_v,lipo_v"
2020-05-31T18:00:00Z,29.0,29.0,3.532,3.532,,,,,2120.517,2119.0,2123.0,,,3.532,3.532,3.532,,,,,,,,,,,560.69,226.69,0.0,,,,,,,7499.0,7527.0,29.0,0.0,0.0,29.0,0.0,29.0,0.0,0.0,0.0,0.0,0.0,0.0,0.0,29.0,29.0,0.0,"solar_v,lipo_v"
2020-05-31T19:00:00Z,30.0,30.0,3.532,3.532,,,,,2121.8,2120.0,2124.0,,,3.532,3.532,3.532,,,,,,,,,,,562.467,228.7,0.0,,,,,,,7528.0,7557.0,30.0,0.0,0.0,30.0,0.0,30.0,0.0,0.0,0.0,0.0,0.0,0.0,0.0,30.0,30.0,0.0,"solar_v,lipo_v"
2020-05-31T20:00:00Z,29.0,29.0,3.532,3.532,,,,,2122.517,2120.0,2124.0,,,3.532,3.532,3.532,,,,,,,,,,,563.103,229.345,0.0,,,,,,,7558.0,7586.0,29.0,0.0,0.0,29.0,0.0,29.0,0.0,0.0,0.0,0.0,0.0,0.0,0.0,29.0,29.0,0.0,"solar_v,lipo_v"
2020-05-31T21:00:00Z,30.0,30.0,3.532,3.532,,,,,2124.233,2121.0,2128.0,,,3.532,3.532,3.532,,,,,,,,,,,563.433,230.033,0.0,,,,,,,7587.0,7616.0,30.0,0.0,0.0,30.0,0.0,30.0,0.0,0.0,0.0,0.0,0.0,0.0,0.0,30.0,30.0,0.0,"solar_v,lipo_v"
2020-05-31T22:00:00Z,30.0,30.0,2.901,3.532,,,,,2125.067,2120.0,2129.0,,,3.532,3.532,3.532,,,,,,,,,,,563.767,230.367,0.0,,,,,,,7617.0,7646.0,30.0,0.0,0.0,30.0,0.0,30.0,0.0,0.0,0.0,0.0,0.0,0.0,0.0,30.0,30.0,0.0,"solar_v,lipo_v"
2020-05-31T23:00:00Z,29.0,29.0,2.079,2.117,,,,,2105.207,2078.0,2124.0,,,3.532,3.532,3.532,,,,,,,,,,,560.793,228.517,0.0,,,,,,,7647.0,7675.0,29.0,0.0,0.0,29.0,0.0,29.0,0.0,0.0,0.0,0.0,0.0,0.0,0.0,29.0,29.0,0.0,"solar_v,lipo_v"
2020-06-01T00:00:00Z,25.0,25.0,2.024,2.067,,,,,2056.92,2012.0,2083.0,,,3.532,3.532,3.532,,,,,,,,,,,560.28,228.72,0.0,,,,,,,7676.0,7700.0,25.0,0.0,0.0,25.0,0.0,25.0,0.0,0.0,0.0,0.0,0.0,0.0,0.0,25.0,25.0,0.0,"solar_v,lipo_v"
2020-06-01T01:00:00Z,25.0,25.0,1.448,1.881,,,,,1980.04,1966.0,1987.0,,,3.532,3.532,3.532,,,,,,,,,,,558.88,225.6,0.0,,,,,,,7708.0,7733.0,25.0,0.0,0.0,25.0,0.0,25.0,0.0,0.0,0.0,0.0,0.0,0.0,0.0,25.0,25.0,0.0,"solar_v,lipo_v"
2020-06-01T02:00:00Z,27.0,27.0,1.467,1.896,,,,,1978.519,1961.0,1987.0,,,3.532,3.532,3.532,,,,,,,,,,,558.593,223.333,0.0,,,,,,,7734.0,7762.0,27.0,0.0,0.0,27.0,0.0,27.0,0.0,0.0,0.0,0.0,0.0,0.0,0.0,27.0,27.0,0.0,"solar_v,lipo_v"
2020-06-01T03:00:00Z,26.0,26.0,1.492,1.901,,,,,1978.5,1960.0,1987.0,,,3.532,3.532,3.532,,,,,,,,,,,556.385,220.346,0.0,,,,,,,7763.0,7791.0,26.0,0.0,0.0,26.0,0.0,26.0,0.0,0.0,0.0,0.0,0.0,0.0,0.0,26.0,26.0,0.0,"solar_v,lipo_v"
2020-06-01T04:00:00Z,28.0,28.0,1.46,1.549,,,,,1974.393,1949.0,1987.0,,,3.532,3.532,3.532,,,,,,,,,,,551.357,215.964,0.0,,,,,,,7792.0,7820.0,28.0,0.0,0.0,28.0,0.0,28.0,0.0,0.0,0.0,0.0,0.0,0.0,0.0,28.0,28.0,0.0,"solar_v,lipo_v"
2020-06-01T05:00:00Z,25.0,25.0,1.523,1.895,,,,,1974.48,1948.0,1987.0,,,3.532,3.532,3.532,,,,,,,,,,,546.96,211.8,0.0,,,,,,,7822.0,7849.0,25.0,0.0,0.0,25.0,0.0,25.0,0.0,0.0,0.0,0.0,0.0,0.0,0.0,25.0,25.0,0.0,"solar_v,lipo_v"
2020-06-01T06:00:00Z,24.0,24.0,1.549,1.906,,,,,1976.958,1949.0,1987.0,,,3.532,3.532,3.532,,,,,,,,,,,543.75,205.792,0.0,,,,,,,7850.0,7876.0,24.0,0.0,0.0,24.0,0.0,24.0,0.0,0.0,0.0,0.0,0.0,0.0,0.0,24.0,24.0,0.0,"solar_v,lipo_v"
2020-06-01T07:00:00Z,23.0,23.0,1.711,1.915,,,,,1978.348,1972.0,1986.0,,,3.532,3.532,3.532,,,,,,,,,,,545.0,208.609,0.0,,,,,,,7882.0,7907.0,23.0,0.0,0.0,23.0,0.0,23.0,0.0,0.0,0.0,0.0,0.0,0.0,0.0,23.0,23.0,0.0,"solar_v,lipo_v"
2020-06-01T08:00:00Z,27.0,27.0,1.768,1.911,,,,,1977.481,1972.0,1986.0,,,3.532,3.532,3.532,,,,,,,,,,,543.148,204.963,0.0,,,,,,,7908.0,7936.0,27.0,0.0,0.0,27.0,0.0,27.0,0.0,0.0,0.0,0.0,0.0,0.0,0.0,27.0,27.0,0.0,"solar_v,lipo_v"
2020-06-01T09:00:00Z,26.0,26.0,1.65,1.91,,,,,1978.192,1971.0,1987.0,,,3.532,3.532,3.532,,,,,,,,,,,539.769,202.962,0.0,,,,,,,7937.0,7965.0,26.0,0.0,0.0,26.0,0.0,26.0,0.0,0.0,0.0,0.0,0.0,0.0,0.0,26.0,26.0,0.0,"solar_v,lipo_v"
2020-06-01T10:00:00Z,29.0,29.0,1.842,2.074,,,,,2005.172,1972.0,2085.0,,,3.532,3.532,3.532,,,,,,,,,,,540.862,203.793,0.0,,,,,,,7966.0,7994.0,29.0,0.0,0.0,29.0,0.0,29.0,0.0,0.0,0.0,0.0,0.0,0.0,0.0,29.0,29.0,0.0,"solar_v,lipo_v"
2020-06-01T11:00:00Z,30.0,30.0,3.216,3.532,,,,,2104.2,2090.0,2111.0,,,3.532,3.532,3.532,,,,,,,,,,,545.8,208.9,0.0,,,,,,,7995.0,8024.0,30.0,0.0,0.0,30.0,0.0,30.0,0.0,0.0,0.0,0.0,0.0,0.0,0.0,30.0,30.0,0.0,"solar_v,lipo_v"
2020-06-01T12:00:00Z,29.0,29.0,3.532,3.532,,,,,2112.103,2108.0,2117.0,,,3.532,3.532,3.532,,,,,,,,,,,551.207,214.414,0.0,,,,,,,8025.0,8053.0,29.0,0.0,0.0,29.0,0.0,29.0,0.0,0.0,0.0,0.0,0.0,0.0,0.0,29.0,29.0,0.0,"solar_v,lipo_v"
2020-06-01T13:00:00Z,30.0,30.0,3.532,3.532,,,,,2115.667,2113.0,2118.0,,,3.532,3.532,3.532,,,,,,,,,,,557.233,217.1,0.0,,,,,,,8054.0,8083.0,30.0,0.0,0.0,30.0,0.0,30.0,0.0,0.0,0.0,0.0,0.0,0.0,0.0,30.0,30.0,0.0,"solar_v,lipo_v"
2020-06-01T14:00:00Z,29.0,29.0,3.532,3.532,,,,,2118.0,2115.0,2120.0,,,3.532,3.532,3.532,,,,,,,,,,,555.586,216.414,0.0,,,,,,,8084.0,8112.0,29.0,0.0,0.0,29.0,0.0,29.0,0.0,0.0,0.0,0.0,0.0,0.0,0.0,29.0,29.0,0.0,"solar_v,lipo_v"
2020-06-01T15:00:00Z,28.0,28.0,3.532,3.532,,,,,2118.75,2116.0,2121.0,,,3.532,3.532,3.532,,,,,,,,,,,556.0,217.179,0.0,,,,,,,8113.0,8141.0,28.0,0.0,0.0,28.0,0.0,28.0,0.0,0.0,0.0,0.0,0.0,0.0,0.0,28.0,28.0,0.0,"solar_v,lipo_v"
2020-06-01T16:00:00Z,30.0,30.0,3.532,3.532,,,,,2119.667,2118.0,2121.0,,,3.532,3.532,3.532,,,,,,,,,,,558.7,219.933,0.0,,,,,,,8142.0,8171.0,30.0,0.0,0.0,30.0,0.0,30.0,0.0,0.0,0.0,0.0,0.0,0.0,0.0,30.0,30.0,0.0,"solar_v,lipo_v"
2020-06-01T17:00:00Z,29.0,29.0,3.532,3.532,,,,,2120.759,2118.0,2124.0,,,3.532,3.532,3.532,,,,,,,,,,,559.379,222.0,0.0,,,,,,,8172.0,8200.0,29.0,0.0,0.0,29.0,0.0,29.0,0.0,0.0,0.0,0.0,0.0,0.0,0.0,29.0,29.0,0.0,"solar_v,lipo_v"
2020-06-01T18:00:00Z,30.0,30.0,3.532,3.532,,,,,2121.8,2119.0,2124.0,,,3.532,3.532,3.532,,,,,,,,,,,559.9,223.7,0.0,,,,,,,8201.0,8230.0,30.0,0.0,0.0,30.0,0.0,30.0,0.0,0.0,0.0,0.0,0.0,0.0,0.0,30.0,30.0,0.0,"solar_v,lipo_v"
2020-06-01T19:00:00Z,29.0,29.0,3.532,3.532,,,,,2123.31,2120.0,2127.0,,,3.532,3.532,3.532,,,,,,,,,,,560.828,226.483,0.0,,,,,,,8231.0,8259.0,29.0,0.0,0.0,29.0,0.0,29.0,0.0,0.0,0.0,0.0,0.0,0.0,0.0,29.0,29.0,0.0,"solar_v,lipo_v"
2020-06-01T20:00:00Z,30.0,30.0,3.532,3.532,,,,,2124.367,2121.0,2128.0,,,3.532,3.532,3.532,,,,,,,,,,,563.033,228.567,0.0,,,,,,,8260.0,8289.0,30.0,0.0,0.0,30.0,0.0,30.0,0.0,0.0,0.0,0.0,0.0,0.0,0.0,30.0,30.0,0.0,"solar_v,lipo_v"
2020-06-01T21:00:00Z,29.0,29.0,3.532,3.532,,,,,2126.172,2124.0,2130.0,,,3.532,3.532,3.532,,,,,,,,,,,564.655,229.241,0.0,,,,,,,8290.0,8318.0,29.0,0.0,0.0,29.0,0.0,29.0,0.0,0.0,0.0,0.0,0.0,0.0,0.0,29.0,29.0,0.0,"solar_v,lipo_v"
2020-06-01T22:00:00Z,30.0,30.0,2.855,3.532,,,,,2125.733,2118.0,2131.0,,,3.532,3.532,3.532,,,,,,,,,,,566.1,229.633,0.0,,,,,,,8319.0,8348.0,30.0,0.0,0.0,30.0,0.0,30.0,0.0,0.0,0.0,0.0,0.0,0.0,0.0,30.0,30.0,0.0,"solar_v,lipo_v"
2020-06-01T23:00:00Z,30.0,30.0,2.034,2.097,,,,,2065.667,1996.0,2115.0,,,3.532,3.532,3.532,,,,,,,,,,,560.8,226.933,0.0,,,,,,,8349.0,8378.0,30.0,0.0,0.0,30.0,0.0,30.0,0.0,0.0,0.0,0.0,0.0,0.0,0.0,30.0,30.0,0.0,"solar_v,lipo_v"
2020-06-02T00:00:00Z,26.0,26.0,1.608,1.919,,,,,1978.731,1972.0,1987.0,,,3.532,3.532,3.532,,,,,,,,,,,558.962,224.346,0.0,,,,,,,8379.0,8405.0,26.0,0.0,0.0,26.0,0.0,26.0,0.0,0.0,0.0,0.0,0.0,0.0,0.0,26.0,26.0,0.0,"solar_v,lipo_v"
2020-06-02T01:00:00Z,24.0,24.0,1.466,1.902,,,,,1978.417,1965.0,1987.0,,,3.532,3.532,3.532,,,,,,,,,,,558.792,221.292,0.0,,,,,,,8412.0,8435.0,24.0,0.0,0.0,24.0,0.0,24.0,0.0,0.0,0.0,0.0,0.0,0.0,0.0,24.0,24.0,0.0,"solar_v,lipo_v"
2020-06-02T02:00:00Z,28.0,28.0,1.436,1.892,,,,,1979.357,1960.0,1988.0,,,3.532,3.532,3.532,,,,,,,,,,,557.036,220.071,0.0,,,,,,,8436.0,8464.0,28.0,0.0,0.0,28.0,0.0,28.0,0.0,0.0,0.0,0.0,0.0,0.0,0.0,28.0,28.0,0.0,"solar_v,lipo_v"
2020-06-02T03:00:00Z,19.0,19.0,1.442,1.543,,,,,1977.053,1963.0,1987.0,,,3.532,3.532,3.532,,,,,,,,,,,553.158,215.737,0.0,,,,,,,8466.0,8493.0,19.0,0.0,0.0,19.0,0.0,19.0,0.0,0.0,0.0,0.0,0.0,0.0,0.0,19.0,19.0,0.0,"solar_v,lipo_v"
2020-06-02T04:00:00Z,18.0,18.0,1.436,1.658,,,,,1976.611,1960.0,1986.0,,,3.532,3.532,3.532,,,,,,,,,,,549.778,212.833,0.0,,,,,,,8494.0,8521.0,18.0,0.0,0.0,18.0,0.0,18.0,0.0,0.0,0.0,0.0,0.0,0.0,0.0,18.0,18.0,0.0,"solar_v,lipo_v"
2020-06-02T05:00:00Z,23.0,23.0,1.475,1.905,,,,,1979.87,1972.0,1987.0,,,3.532,3.532,3.532,,,,,,,,,,,546.174,208.783,0.0,,,,,,,8522.0,8548.0,23.0,0.0,0.0,23.0,0.0,23.0,0.0,0.0,0.0,0.0,0.0,0.0,0.0,23.0,23.0,0.0,"solar_v,lipo_v"
2020-06-02T06:00:00Z,28.0,28.0,1.459,1.573,,,,,1977.25,1953.0,1986.0,,,3.532,3.532,3.532,,,,,,,,,,,542.821,204.5,0.0,,,,,,,8551.0,8579.0,28.0,0.0,0.0,28.0,0.0,28.0,0.0,0.0,0.0,0.0,0.0,0.0,0.0,28.0,28.0,0.0,"solar_v,lipo_v"
2020-06-02T07:00:00Z,25.0,25.0,1.811,2.067,,,,,2020.16,1972.0,2077.0,,,3.532,3.532,3.532,,,,,,,,,,,543.52,206.44,0.0,,,,,,,8580.0,8608.0,25.0,0.0,0.0,25.0,0.0,25.0,0.0,0.0,0.0,0.0,0.0,0.0,0.0,25.0,25.0,0.0,"solar_v,lipo_v"
2020-06-02T08:00:00Z,27.0,27.0,2.024,2.091,,,,,2061.852,1978.0,2098.0,,,3.532,3.532,3.532,,,,,,,,,,,549.704,212.481,0.0,,,,,,,8609.0,8637.0,27.0,0.0,0.0,27.0,0.0,27.0,0.0,0.0,0.0,0.0,0.0,0.0,0.0,27.0,27.0,0.0,"solar_v,lipo_v"
2020-06-02T09:00:00Z,27.0,27.0,2.027,2.087,,,,,2055.556,2000.0,2101.0,,,3.532,3.532,3.532,,,,,,,,,,,548.259,210.815,0.0,,,,,,,8638.0,8666.0,27.0,0.0,0.0,27.0,0.0,27.0,0.0,0.0,0.0,0.0,0.0,0.0,0.0,27.0,27.0,0.0,"solar_v,lipo_v"
2020-06-02T10:00:00Z,24.0,24.0,2.115,3.109,,,,,2096.292,2025.0,2120.0,,,3.532,3.532,3.532,,,,,,,,,,,547.417,207.833,0.0,,,,,,,8667.0,8696.0,24.0,0.0,0.0,24.0,0.0,24.0,0.0,0.0,0.0,0.0,0.0,0.0,0.0,24.0,24.0,0.0,"solar_v,lipo_v"
2020-06-02T11:00:00Z,28.0,28.0,3.437,3.532,,,,,2114.893,2108.0,2119.0,,,3.532,3.532,3.532,,,,,,,,,,,549.25,210.929,0.0,,,,,,,8697.0,8725.0,28.0,0.0,0.0,28.0,0.0,28.0,0.0,0.0,0.0,0.0,0.0,0.0,0.0,28.0,28.0,0.0,"solar_v,lipo_v"
2020-06-02T12:00:00Z,29.0,29.0,3.532,3.532,,,,,2118.621,2117.0,2120.0,,,3.532,3.532,3.532,,,,,,,,,,,551.345,212.966,0.0,,,,,,,8726.0,8754.0,29.0,0.0,0.0,29.0,0.0,29.0,0.0,0.0,0.0,0.0,0.0,0.0,0.0,29.0,29.0,0.0,"solar_v,lipo_v"
2020-06-02T13:00:00Z,30.0,30.0,3.532,3.532,,,,,2119.867,2118.0,2123.0,,,3.532,3.532,3.532,,,,,,,,,,,553.267,215.767,0.0,,,,,,,8755.0,8784.0,30.0,0.0,0.0,30.0,0.0,30.0,0.0,0.0,0.0,0.0,0.0,0.0,0.0,30.0,30.0,0.0,"solar_v,lipo_v"
2020-06-02T14:00:00Z,29.0,29.0,3.532,3.532,,,,,2121.034,2119.0,2124.0,,,3.532,3.532,3.532,,,,,,,,,,,554.759,216.069,0.0,,,,,,,8785.0,8813.0,29.0,0.0,0.0,29.0,0.0,29.0,0.0,0.0,0.0,0.0,0.0,0.0,0.0,29.0,29.0,0.0,"solar_v,lipo_v"
2020-06-02T15:00:00Z,30.0,30.0,3.532,3.532,,,,,2122.367,2120.0,2127.0,,,3.532,3.532,3.532,,,,,,,,,,,556.5,216.5,0.0,,,,,,,8814.0,8843.0,30.0,0.0,0.0,30.0,0.0,30.0,0.0,0.0,0.0,0.0,0.0,0.0,0.0,30.0,30.0,0.0,"solar_v,lipo_v"
2020-06-02T16:00:00Z,28.0,28.0,3.532,3.532,,,,,2124.643,2121.0,2128.0,,,3.532,3.532,3.532,,,,,,,,,,,558.321,219.214,0.0,,,,,,,8844.0,8872.0,28.0,0.0,0.0,28.0,0.0,28.0,0.0,0.0,0.0,0.0,0.0,0.0,0.0,28.0,28.0,0.0,"solar_v,lipo_v"
2020-06-02T17:00:00Z,30.0,30.0,3.532,3.532,,,,,2126.867,2124.0,2130.0,,,3.532,3.532,3.532,,,,,,,,,,,558.733,219.633,0.0,,,,,,,8873.0,8902.0,30.0,0.0,0.0,30.0,0.0,30.0,0.0,0.0,0.0,0.0,0.0,0.0,0.0,30.0,30.0,0.0,"solar_v,lipo_v"
2020-06-02T18:00:00Z,29.0,29.0,3.532,3.532,,,,,2128.276,2126.0,2131.0,,,3.532,3.532,3.532,,,,,,,,,,,559.069,220.069,0.0,,,,,,,8903.0,8931.0,29.0,0.0,0.0,29.0,0.0,29.0,0.0,0.0,0.0,0.0,0.0,0.0,0.0,29.0,29.0,0.0,"solar_v,lipo_v"
2020-06-02T19:00:00Z,30.0,30.0,3.532,3.532,,,,,2129.6,2127.0,2131.0,,,3.532,3.532,3.532,,,,,,,,,,,559.333,222.5,0.0,,,,,,,8932.0,8961.0,30.0,0.0,0.0,30.0,0.0,30.0,0.0,0.0,0.0,0.0,0.0,0.0,0.0,30.0,30.0,0.0,"solar_v,lipo_v"
2020-06-02T20:00:00Z,29.0,29.0,3.532,3.532,,,,,2130.966,2128.0,2134.0,,,3.532,3.532,3.532,,,,,,,,,,,559.862,224.31,0.0,,,,,,,8962.0,8990.0,29.0,0.0,0.0,29.0,0.0,29.0,0.0,0.0,0.0,0.0,0.0,0.0,0.0,29.0,29.0,0.0,"solar_v,lipo_v"
2020-06-02T21:00:00Z,30.0,30.0,3.532,3.532,,,,,2131.6,2128.0,2136.0,,,3.532,3.532,3.532,,,,,,,,,,,561.633,227.233,0.0,,,,,,,8991.0,9020.0,30.0,0.0,0.0,30.0,0.0,30.0,0.0,0.0,0.0,0.0,0.0,0.0,0.0,30.0,30.0,0.0,"solar_v,lipo_v"
2020-06-02T22:00:00Z,29.0,29.0,2.833,3.532,,,,,2131.862,2124.0,2138.0,,,3.532,3.532,3.532,,,,,,,,,,,562.448,228.414,0.0,,,,,,,9021.0,9049.0,29.0,0.0,0.0,29.0,0.0,29.0,0.0,0.0,0.0,0.0,0.0,0.0,0.0,29.0,29.0,0.0,"solar_v,lipo_v"
2020-06-02T23:00:00Z,30.0,30.0,2.071,2.118,,,,,2098.967,2069.0,2128.0,,,3.532,3.532,3.532,,,,,,,,,,,559.533,223.733,0.0,,,,,,,9050.0,9079.0,30.0,0.0,0.0,30.0,0.0,30.0,0.0,0.0,0.0,0.0,0.0,0.0,0.0,30.0,30.0,0.0,"solar_v,lipo_v"
2020-06-03T00:00:00Z,29.0,29.0,1.873,2.068,,,,,2019.241,1972.0,2083.0,,,3.532,3.532,3.532,,,,,,,,,,,559.0,221.241,0.0,,,,,,,9080.0,9108.0,29.0,0.0,0.0,29.0,0.0,29.0,0.0,0.0,0.0,0.0,0.0,0.0,0.0,29.0,29.0,0.0,"solar_v,lipo_v"
2020-06-03T01:00:00Z,23.0,23.0,1.444,1.888,,,,,1979.957,1964.0,1986.0,,,3.532,3.532,3.532,,,,,,,,,,,556.304,217.609,0.0,,,,,,,9110.0,9137.0,23.0,0.0,0.0,23.0,0.0,23.0,0.0,0.0,0.0,0.0,0.0,0.0,0.0,23.0,23.0,0.0,"solar_v,lipo_v"
2020-06-03T02:00:00Z,15.0,15.0,1.432,1.577,,,,,1980.8,1976.0,1985.0,,,3.532,3.532,3.532,,,,,,,,,,,552.6,215.4,0.0,,,,,,,9138.0,9165.0,15.0,0.0,0.0,15.0,0.0,15.0,0.0,0.0,0.0,0.0,0.0,0.0,0.0,15.0,15.0,0.0,"solar_v,lipo_v"
2020-06-03T03:00:00Z,22.0,22.0,1.441,1.621,,,,,1976.364,1949.0,1987.0,,,3.532,3.532,3.532,,,,,,,,,,,549.227,213.227,0.0,,,,,,,9167.0,9194.0,22.0,0.0,0.0,22.0,0.0,22.0,0.0,0.0,0.0,0.0,0.0,0.0,0.0,22.0,22.0,0.0,"solar_v,lipo_v"
2020-06-03T04:00:00Z,13.0,13.0,1.455,1.473,,,,,1978.615,1966.0,1987.0,,,3.532,3.532,3.532,,,,,,,,,,,545.538,205.308,0.0,,,,,,,9199.0,9220.0,13.0,0.0,0.0,13.0,0.0,13.0,0.0,0.0,0.0,0.0,0.0,0.0,0.0,13.0,13.0,0.0,"solar_v,lipo_v"
2020-06-03T05:00:00Z,27.0,27.0,1.529,1.907,,,,,1977.259,1962.0,1987.0,,,3.532,3.532,3.532,,,,,,,,,,,541.296,202.963,0.0,,,,,,,9223.0,9250.0,27.0,0.0,0.0,27.0,0.0,27.0,0.0,0.0,0.0,0.0,0.0,0.0,0.0,27.0,27.0,0.0,"solar_v,lipo_v"
2020-06-03T06:00:00Z,28.0,28.0,1.544,1.907,,,,,1977.071,1943.0,1986.0,,,3.532,3.532,3.532,,,,,,,,,,,537.571,201.893,0.0,,,,,,,9251.0,9278.0,28.0,0.0,0.0,28.0,0.0,28.0,0.0,0.0,0.0,0.0,0.0,0.0,0.0,28.0,28.0,0.0,"solar_v,lipo_v"
2020-06-03T07:00:00Z,27.0,27.0,1.464,1.893,,,,,1979.037,1959.0,1987.0,,,3.532,3.532,3.532,,,,,,,,,,,533.556,196.815,0.0,,,,,,,9281.0,9309.0,27.0,0.0,0.0,27.0,0.0,27.0,0.0,0.0,0.0,0.0,0.0,0.0,0.0,27.0,27.0,0.0,"solar_v,lipo_v"
2020-06-03T08:00:00Z,19.0,19.0,1.776,2.055,,,,,1994.842,1960.0,2063.0,,,3.532,3.532,3.532,,,,,,,,,,,533.105,196.526,0.0,,,,,,,9311.0,9337.0,19.0,0.0,0.0,19.0,0.0,19.0,0.0,0.0,0.0,0.0,0.0,0.0,0.0,19.0,19.0,0.0,"solar_v,lipo_v"
2020-06-03T09:00:00Z,29.0,29.0,1.922,2.072,,,,,2021.586,1974.0,2085.0,,,3.532,3.532,3.532,,,,,,,,,,,539.724,202.241,0.0,,,,,,,9338.0,9366.0,29.0,0.0,0.0,29.0,0.0,29.0,0.0,0.0,0.0,0.0,0.0,0.0,0.0,29.0,29.0,0.0,"solar_v,lipo_v"
2020-06-03T10:00:00Z,29.0,29.0,2.322,3.301,,,,,2112.828,2088.0,2144.0,,,3.532,3.532,3.532,,,,,,,,,,,535.621,198.448,0.0,,,,,,,9368.0,9396.0,29.0,0.0,0.0,29.0,0.0,29.0,0.0,0.0,0.0,0.0,0.0,0.0,0.0,29.0,29.0,0.0,"solar_v,lipo_v"
2020-06-03T11:00:00Z,28.0,28.0,3.426,3.532,,,,,2142.107,2137.0,2146.0,,,3.532,3.532,3.532,,,,,,,,,,,534.0,195.786,0.0,,,,,,,9397.0,9425.0,28.0,0.0,0.0,28.0,0.0,28.0,0.0,0.0,0.0,0.0,0.0,0.0,0.0,28.0,28.0,0.0,"solar_v,lipo_v"
2020-06-03T12:00:00Z,30.0,30.0,3.532,3.532,,,,,2147.333,2143.0,2156.0,,,3.532,3.532,3.532,,,,,,,,,,,535.033,197.2,0.0,,,,,,,9426.0,9455.0,30.0,0.0,0.0,30.0,0.0,30.0,0.0,0.0,0.0,0.0,0.0,0.0,0.0,30.0,30.0,0.0,"solar_v,lipo_v"
2020-06-03T13:00:00Z,29.0,29.0,3.532,3.532,,,,,2153.966,2149.0,2159.0,,,3.532,3.532,3.532,,,,,,,,,,,537.069,199.276,0.0,,,,,,,9456.0,9484.0,29.0,0.0,0.0,29.0,0.0,29.0,0.0,0.0,0.0,0.0,0.0,0.0,0.0,29.0,29.0,0.0,"solar_v,lipo_v"
2020-06-03T14:00:00Z,30.0,30.0,3.532,3.532,,,,,2159.2,2154.0,2164.0,,,3.532,3.532,3.532,,,,,,,,,,,537.933,199.767,0.0,,,,,,,9485.0,9514.0,30.0,0.0,0.0,30.0,0.0,30.0,0.0,0.0,0.0,0.0,0.0,0.0,0.0,30.0,30.0,0.0,"solar_v,lipo_v"
2020-06-03T15:00:00Z,29.0,29.0,3.532,3.532,,,,,2165.345,2159.0,2172.0,,,3.532,3.532,3.532,,,,,,,,,,,539.966,201.897,0.0,,,,,,,9515.0,9543.0,29.0,0.0,0.0,29.0,0.0,29.0,0.0,0.0,0.0,0.0,0.0,0.0,0.0,29.0,29.0,0.0,"solar_v,lipo_v"
2020-06-03T16:00:00Z,29.0,29.0,3.532,3.532,,,,,2171.793,2167.0,2177.0,,,3.532,3.532,3.532,,,,,,,,,,,540.69,202.103,0.0,,,,,,,9544.0,9572.0,29.0,0.0,0.0,29.0,0.0,29.0,0.0,0.0,0.0,0.0,0.0,0.0,0.0,29.0,29.0,0.0,"solar_v,lipo_v"
2020-06-03T17:00:00Z,30.0,30.0,3.532,3.532,,,,,2178.5,2171.0,2184.0,,,3.532,3.532,3.532,,,,,,,,,,,541.833,202.633,0.0,,,,,,,9573.0,9602.0,30.0,0.0,0.0,30.0,0.0,30.0,0.0,0.0,0.0,0.0,0.0,0.0,0.0,30.0,30.0,0.0,"solar_v,lipo_v"
2020-06-03T18:00:00Z,29.0,29.0,3.532,3.532,,,,,2187.069,2182.0,2194.0,,,3.532,3.532,3.532,,,,,,,,,,,544.207,204.0,0.0,,,,,,,9603.0,9631.0,29.0,0.0,0.0,29.0,0.0,29.0,0.0,0.0,0.0,0.0,0.0,0.0,0.0,29.0,29.0,0.0,"solar_v,lipo_v"
2020-06-03T19:00:00Z,29.0,29.0,3.532,3.532,,,,,2195.379,2191.0,2199.0,,,3.532,3.532,3.532,,,,,,,,,,,545.448,204.483,0.0,,,,,,,9632.0,9661.0,29.0,0.0,0.0,29.0,0.0,29.0,0.0,0.0,0.0,0.0,0.0,0.0,0.0,29.0,29.0,0.0,"solar_v,lipo_v"
2020-06-03T20:00:00Z,29.0,29.0,3.532,3.532,,,,,2201.931,2197.0,2207.0,,,3.532,3.532,3.532,,,,,,,,,,,546.517,206.276,0.0,,,,,,,9662.0,9690.0,29.0,0.0,0.0,29.0,0.0,29.0,0.0,0.0,0.0,0.0,0.0,0.0,0.0,29.0,29.0,0.0,"solar_v,lipo_v"
2020-06-03T21:00:00Z,30.0,30.0,3.532,3.532,,,,,2210.9,2206.0,2215.0,,,3.532,3.532,3.532,,,,,,,,,,,547.4,207.733,0.0,,,,,,,9691.0,9720.0,30.0,0.0,0.0,30.0,0.0,30.0,0.0,0.0,0.0,0.0,0.0,0.0,0.0,30.0,30.0,0.0,"solar_v,lipo_v"
2020-06-03T22:00:00Z,29.0,29.0,2.842,3.532,,,,,2222.034,2215.0,2225.0,,,3.532,3.532,3.532,,,,,,,,,,,547.931,209.345,0.0,,,,,,,9721.0,9749.0,29.0,0.0,0.0,29.0,0.0,29.0,0.0,0.0,0.0,0.0,0.0,0.0,0.0,29.0,29.0,0.0,"solar_v,lipo_v"
2020-06-03T23:00:00Z,29.0,29.0,2.233,2.263,,,,,2229.103,2220.0,2243.0,,,3.532,3.532,3.532,,,,,,,,,,,546.655,204.724,0.0,,,,,,,9750.0,9779.0,29.0,0.0,0.0,29.0,0.0,29.0,0.0,0.0,0.0,0.0,0.0,0.0,0.0,29.0,29.0,0.0,"solar_v,lipo_v"
2020-06-04T00:00:00Z,27.0,27.0,2.247,2.263,,,,,2232.074,2227.0,2237.0,,,3.532,3.532,3.532,,,,,,,,,,,546.593,204.519,0.0,,,,,,,9780.0,9808.0,27.0,0.0,0.0,27.0,0.0,27.0,0.0,0.0,0.0,0.0,0.0,0.0,0.0,27.0,27.0,0.0,"solar_v,lipo_v"
2020-06-04T01:00:00Z,25.0,25.0,2.23,2.263,,,,,2224.24,2210.0,2243.0,,,3.532,3.532,3.532,,,,,,,,,,,545.24,203.08,0.0,,,,,,,9809.0,9837.0,25.0,0.0,0.0,25.0,0.0,25.0,0.0,0.0,0.0,0.0,0.0,0.0,0.0,25.0,25.0,0.0,"solar_v,lipo_v"
2020-06-04T02:00:00Z,25.0,25.0,2.228,2.263,,,,,2215.36,2194.0,2240.0,,,3.532,3.532,3.532,,,,,,,,,,,544.52,203.68,0.0,,,,,,,9838.0,9866.0,25.0,0.0,0.0,25.0,0.0,25.0,0.0,0.0,0.0,0.0,0.0,0.0,0.0,25.0,25.0,0.0,"solar_v,lipo_v"
2020-06-04T03:00:00Z,27.0,27.0,2.189,2.263,,,,,2206.222,2167.0,2247.0,,,3.532,3.532,3.532,,,,,,,,,,,544.444,202.926,0.0,,,,,,,9867.0,9895.0,27.0,0.0,0.0,27.0,0.0,27.0,0.0,0.0,0.0,0.0,0.0,0.0,0.0,27.0,27.0,0.0,"solar_v,lipo_v"
2020-06-04T04:00:00Z,21.0,21.0,2.148,2.204,,,,,2181.524,2144.0,2215.0,,,3.532,3.532,3.532,,,,,,,,,,,542.048,202.19,0.0,,,,,,,9896.0,9923.0,21.0,0.0,0.0,21.0,0.0,21.0,0.0,0.0,0.0,0.0,0.0,0.0,0.0,21.0,21.0,0.0,"solar_v,lipo_v"
2020-06-04T05:00:00Z,20.0,20.0,2.181,2.199,,,,,2201.8,2191.0,2210.0,,,3.532,3.532,3.532,,,,,,,,,,,545.8,206.6,0.0,,,,,,,9925.0,9952.0,20.0,0.0,0.0,20.0,0.0,20.0,0.0,0.0,0.0,0.0,0.0,0.0,0.0,20.0,20.0,0.0,"solar_v,lipo_v"
2020-06-04T06:00:00Z,26.0,26.0,2.181,2.212,,,,,2209.692,2197.0,2222.0,,,3.532,3.532,3.532,,,,,,,,,,,546.692,205.654,0.0,,,,,,,9953.0,9981.0,26.0,0.0,0.0,26.0,0.0,26.0,0.0,0.0,0.0,0.0,0.0,0.0,0.0,26.0,26.0,0.0,"solar_v,lipo_v"
2020-06-04T07:00:00Z,28.0,28.0,2.196,2.212,,,,,2219.75,2216.0,2224.0,,,3.532,3.532,3.532,,,,,,,,,,,543.821,203.036,0.0,,,,,,,9982.0,10010.0,28.0,0.0,0.0,28.0,0.0,28.0,0.0,0.0,0.0,0.0,0.0,0.0,0.0,28.0,28.0,0.0,"solar_v,lipo_v"
2020-06-04T08:00:00Z,27.0,27.0,2.203,2.216,,,,,2222.148,2216.0,2225.0,,,3.532,3.532,3.532,,,,,,,,,,,543.63,202.0,0.0,,,,,,,10011.0,10039.0,27.0,0.0,0.0,27.0,0.0,27.0,0.0,0.0,0.0,0.0,0.0,0.0,0.0,27.0,27.0,0.0,"solar_v,lipo_v"
2020-06-04T09:00:00Z,26.0,26.0,2.195,2.217,,,,,2223.577,2217.0,2229.0,,,3.532,3.532,3.532,,,,,,,,,,,544.692,203.0,0.0,,,,,,,10041.0,10068.0,26.0,0.0,0.0,26.0,0.0,26.0,0.0,0.0,0.0,0.0,0.0,0.0,0.0,26.0,26.0,0.0,"solar_v,lipo_v"
2020-06-04T10:00:00Z,29.0,29.0,2.45,3.294,,,,,2222.345,2213.0,2233.0,,,3.532,3.532,3.532,,,,,,,,,,,545.759,205.966,0.0,,,,,,,10069.0,10098.0,29.0,0.0,0.0,29.0,0.0,29.0,0.0,0.0,0.0,0.0,0.0,0.0,0.0,29.0,29.0,0.0,"solar_v,lipo_v"
2020-06-04T11:00:00Z,28.0,28.0,3.441,3.532,,,,,2224.071,2220.0,2227.0,,,3.532,3.532,3.532,,,,,,,,,,,548.643,205.143,0.0,,,,,,,1.0,10112.0,28.0,0.0,0.0,28.0,0.0,28.0,0.0,0.0,0.0,0.0,0.0,0.0,0.0,28.0,27.0,0.0,"solar_v,lipo_v"
2020-06-04T12:00:00Z,29.0,29.0,3.532,3.532,,,,,2224.586,2217.0,2229.0,,,3.532,3.532,3.532,,,,,,,,,,,554.655,215.621,0.0,,,,,,,15.0,43.0,29.0,0.0,0.0,29.0,0.0,29.0,0.0,0.0,0.0,0.0,0.0,0.0,0.0,29.0,29.0,0.0,"solar_v,lipo_v"
2020-06-04T13:00:00Z,28.0,28.0,3.532,3.532,,,,,2225.143,2220.0,2229.0,,,3.532,3.532,3.532,,,,,,,,,,,557.286,216.464,0.0,,,,,,,44.0,73.0,28.0,0.0,0.0,28.0,0.0,28.0,0.0,0.0,0.0,0.0,0.0,0.0,0.0,28.0,28.0,0.0,"solar_v,lipo_v"
2020-06-04T14:00:00Z,29.0,29.0,3.532,3.532,,,,,2225.586,2224.0,2230.0,,,3.532,3.532,3.532,,,,,,,,,,,558.828,218.138,0.0,,,,,,,74.0,102.0,29.0,0.0,0.0,29.0,0.0,29.0,0.0,0.0,0.0,0.0,0.0,0.0,0.0,29.0,29.0,0.0,"solar_v,lipo_v"
2020-06-04T15:00:00Z,29.0,29.0,3.532,3.532,,,,,2225.966,2224.0,2230.0,,,3.532,3.532,3.532,,,,,,,,,,,558.655,221.0,0.0,,,,,,,103.0,132.0,29.0,0.0,0.0,29.0,0.0,29.0,0.0,0.0,0.0,0.0,0.0,0.0,0.0,29.0,29.0,0.0,"solar_v,lipo_v"
2020-06-04T16:00:00Z,28.0,28.0,3.532,3.532,,,,,2226.214,2224.0,2233.0,,,3.532,3.532,3.532,,,,,,,,,,,559.929,222.25,0.0,,,,,,,133.0,161.0,28.0,0.0,0.0,28.0,0.0,28.0,0.0,0.0,0.0,0.0,0.0,0.0,0.0,28.0,28.0,0.0,"solar_v,lipo_v"
2020-06-04T17:00:00Z,30.0,30.0,3.532,3.532,,,,,2225.633,2224.0,2229.0,,,3.532,3.532,3.532,,,,,,,,,,,562.133,224.767,0.0,,,,,,,162.0,191.0,30.0,0.0,0.0,30.0,0.0,30.0,0.0,0.0,0.0,0.0,0.0,0.0,0.0,30.0,30.0,0.0,"solar_v,lipo_v"
2020-06-04T18:00:00Z,27.0,27.0,3.532,3.532,,,,,2226.111,2224.0,2229.0,,,3.532,3.532,3.532,,,,,,,,,,,563.778,228.148,0.0,,,,,,,192.0,220.0,27.0,0.0,0.0,27.0,0.0,27.0,0.0,0.0,0.0,0.0,0.0,0.0,0.0,27.0,27.0,0.0,"solar_v,lipo_v"
2020-06-04T19:00:00Z,29.0,29.0,3.532,3.532,,,,,2227.138,2224.0,2230.0,,,3.532,3.532,3.532,,,,,,,,,,,565.276,229.138,0.0,,,,,,,222.0,250.0,29.0,0.0,0.0,29.0,0.0,29.0,0.0,0.0,0.0,0.0,0.0,0.0,0.0,29.0,29.0,0.0,"solar_v,lipo_v"
2020-06-04T20:00:00Z,29.0,29.0,3.532,3.532,,,,,2226.655,2224.0,2230.0,,,3.532,3.532,3.532,,,,,,,,,,,566.69,229.448,0.0,,,,,,,251.0,279.0,29.0,0.0,0.0,29.0,0.0,29.0,0.0,0.0,0.0,0.0,0.0,0.0,0.0,29.0,29.0,0.0,"solar_v,lipo_v"
2020-06-04T21:00:00Z,30.0,30.0,3.532,3.532,,,,,2227.0,2224.0,2233.0,,,3.532,3.532,3.532,,,,,,,,,,,567.4,230.233,0.0,,,,,,,280.0,309.0,30.0,0.0,0.0,30.0,0.0,30.0,0.0,0.0,0.0,0.0,0.0,0.0,0.0,30.0,30.0,0.0,"solar_v,lipo_v"
2020-06-04T22:00:00Z,28.0,28.0,2.808,3.532,,,,,2227.857,2220.0,2235.0,,,3.532,3.532,3.532,,,,,,,,,,,568.679,230.5,0.0,,,,,,,310.0,338.0,28.0,0.0,0.0,28.0,0.0,28.0,0.0,0.0,0.0,0.0,0.0,0.0,0.0,28.0,28.0,0.0,"solar_v,lipo_v"
2020-06-04T23:00:00Z,29.0,29.0,2.199,2.22,,,,,2222.931,2214.0,2233.0,,,3.532,3.532,3.532,,,,,,,,,,,565.448,229.138,0.0,,,,,,,339.0,367.0,29.0,0.0,0.0,29.0,0.0,29.0,0.0,0.0,0.0,0.0,0.0,0.0,0.0,29.0,29.0,0.0,"solar_v,lipo_v"
2020-06-05T00:00:00Z,27.0,27.0,2.18,2.21,,,,,2204.074,2187.0,2221.0,,,3.532,3.532,3.532,,,,,,,,,,,565.963,229.667,0.0,,,,,,,368.0,396.0,27.0,0.0,0.0,27.0,0.0,27.0,0.0,0.0,0.0,0.0,0.0,0.0,0.0,27.0,27.0,0.0,"solar_v,lipo_v"
2020-06-05T01:00:00Z,20.0,20.0,2.143,2.177,,,,,2172.85,2159.0,2191.0,,,3.532,3.532,3.532,,,,,,,,,,,563.0,227.1,0.0,,,,,,,398.0,425.0,20.0,0.0,0.0,20.0,0.0,20.0,0.0,0.0,0.0,0.0,0.0,0.0,0.0,20.0,20.0,0.0,"solar_v,lipo_v"
2020-06-05T02:00:00Z,29.0,29.0,2.128,2.2,,,,,2148.828,2134.0,2167.0,,,3.532,3.532,3.532,,,,,,,,,,,561.724,224.586,0.0,,,,,,,427.0,455.0,29.0,0.0,0.0,29.0,0.0,29.0,0.0,0.0,0.0,0.0,0.0,0.0,0.0,29.0,29.0,0.0,"solar_v,lipo_v"
2020-06-05T03:00:00Z,26.0,26.0,2.147,2.199,,,,,2129.962,2115.0,2172.0,,,3.532,3.532,3.532,,,,,,,,,,,555.462,216.615,0.0,,,,,,,456.0,484.0,26.0,0.0,0.0,26.0,0.0,26.0,0.0,0.0,0.0,0.0,0.0,0.0,0.0,26.0,26.0,0.0,"solar_v,lipo_v"
2020-06-05T04:00:00Z,26.0,26.0,2.151,2.21,,,,,2140.154,2101.0,2181.0,,,3.532,3.532,3.532,,,,,,,,,,,549.577,211.462,0.0,,,,,,,486.0,513.0,26.0,0.0,0.0,26.0,0.0,26.0,0.0,0.0,0.0,0.0,0.0,0.0,0.0,26.0,26.0,0.0,"solar_v,lipo_v"
2020-06-05T05:00:00Z,30.0,30.0,2.149,2.21,,,,,2129.8,2101.0,2177.0,,,3.532,3.532,3.532,,,,,,,,,,,546.967,207.0,0.0,,,,,,,514.0,543.0,30.0,0.0,0.0,30.0,0.0,30.0,0.0,0.0,0.0,0.0,0.0,0.0,0.0,30.0,30.0,0.0,"solar_v,lipo_v"
2020-06-05T06:00:00Z,28.0,28.0,2.168,2.21,,,,,2152.857,2115.0,2181.0,,,3.532,3.532,3.532,,,,,,,,,,,543.75,203.179,0.0,,,,,,,544.0,572.0,28.0,0.0,0.0,28.0,0.0,28.0,0.0,0.0,0.0,0.0,0.0,0.0,0.0,28.0,28.0,0.0,"solar_v,lipo_v"
2020-06-05T07:00:00Z,29.0,29.0,2.138,2.196,,,,,2127.621,2108.0,2163.0,,,3.532,3.532,3.532,,,,,,,,,,,539.897,201.655,0.0,,,,,,,573.0,601.0,29.0,0.0,0.0,29.0,0.0,29.0,0.0,0.0,0.0,0.0,0.0,0.0,0.0,29.0,29.0,0.0,"solar_v,lipo_v"
2020-06-05T08:00:00Z,29.0,29.0,2.179,2.212,,,,,2169.207,2128.0,2181.0,,,3.532,3.532,3.532,,,,,,,,,,,537.517,200.31,0.0,,,,,,,603.0,631.0,29.0,0.0,0.0,29.0,0.0,29.0,0.0,0.0,0.0,0.0,0.0,0.0,0.0,29.0,29.0,0.0,"solar_v,lipo_v"
2020-06-05T09:00:00Z,28.0,28.0,2.3,3.532,,,,,2061.786,192.0,2194.0,,,3.532,3.532,3.532,,,,,,,,,,,535.464,195.464,0.0,,,,,,,632.0,660.0,28.0,0.0,0.0,28.0,0.0,28.0,0.0,0.0,0.0,0.0,0.0,0.0,0.0,28.0,28.0,0.0,"solar_v,lipo_v"
2020-06-05T10:00:00Z,28.0,28.0,1.345,2.252,,,,,1084.214,0.0,2263.0,,,3.532,3.532,3.532,,,,,,,,,,,524.071,199.75,0.0,,,,,,,661.0,690.0,20.0,0.0,0.0,28.0,0.0,28.0,0.0,0.0,0.0,0.0,0.0,0.0,0.0,27.0,27.0,0.0,"solar_v,lipo_v"
2020-06-05T11:00:00Z,30.0,30.0,3.339,3.532,,,,,2262.867,2262.0,2263.0,,,3.532,3.532,3.532,,,,,,,,,,,540.9,201.667,0.0,,,,,,,691.0,720.0,30.0,0.0,0.0,30.0,0.0,30.0,0.0,0.0,0.0,0.0,0.0,0.0,0.0,30.0,30.0,0.0,"solar_v,lipo_v"
2020-06-05T12:00:00Z,22.0,22.0,3.532,3.532,,,,,2267.818,2250.0,2290.0,,,3.532,3.532,3.532,,,,,,,,,,,538.455,201.227,0.0,,,,,,,721.0,748.0,22.0,0.0,0.0,22.0,0.0,22.0,0.0,0.0,0.0,0.0,0.0,0.0,0.0,22.0,22.0,0.0,"solar_v,lipo_v"
2020-06-05T13:00:00Z,28.0,28.0,3.532,3.532,,,,,2239.357,2235.0,2245.0,,,3.532,3.532,3.532,,,,,,,,,,,549.679,209.893,0.0,,,,,,,749.0,777.0,28.0,0.0,0.0,28.0,0.0,28.0,0.0,0.0,0.0,0.0,0.0,0.0,0.0,28.0,28.0,0.0,"solar_v,lipo_v"
2020-06-05T14:00:00Z,30.0,30.0,3.532,3.532,,,,,2236.533,2233.0,2238.0,,,3.532,3.532,3.532,,,,,,,,,,,553.967,214.5,0.0,,,,,,,778.0,807.0,30.0,0.0,0.0,30.0,0.0,30.0,0.0,0.0,0.0,0.0,0.0,0.0,0.0,30.0,30.0,0.0,"solar_v,lipo_v"
2020-06-05T15:00:00Z,27.0,27.0,3.532,3.532,,,,,2235.296,2233.0,2237.0,,,3.532,3.532,3.532,,,,,,,,,,,554.963,215.815,0.0,,,,,,,808.0,836.0,27.0,0.0,0.0,27.0,0.0,27.0,0.0,0.0,0.0,0.0,0.0,0.0,0.0,27.0,27.0,0.0,"solar_v,lipo_v"
2020-06-05T16:00:00Z,28.0,28.0,3.532,3.532,,,,,2234.964,2233.0,2237.0,,,3.532,3.532,3.532,,,,,,,,,,,557.607,217.071,0.0,,,,,,,837.0,866.0,28.0,0.0,0.0,28.0,0.0,28.0,0.0,0.0,0.0,0.0,0.0,0.0,0.0,28.0,28.0,0.0,"solar_v,lipo_v"
2020-06-05T17:00:00Z,29.0,29.0,3.532,3.532,,,,,2234.862,2230.0,2237.0,,,3.532,3.532,3.532,,,,,,,,,,,559.034,218.345,0.0,,,,,,,867.0,895.0,29.0,0.0,0.0,29.0,0.0,29.0,0.0,0.0,0.0,0.0,0.0,0.0,0.0,29.0,29.0,0.0,"solar_v,lipo_v"
2020-06-05T18:00:00Z,29.0,29.0,3.532,3.532,,,,,2235.448,2232.0,2237.0,,,3.532,3.532,3.532,,,,,,,,,,,559.828,220.966,0.0,,,,,,,897.0,925.0,29.0,0.0,0.0,29.0,0.0,29.0,0.0,0.0,0.0,0.0,0.0,0.0,0.0,29.0,29.0,0.0,"solar_v,lipo_v"
2020-06-05T19:00:00Z,29.0,29.0,3.532,3.532,,,,,2235.138,2233.0,2237.0,,,3.532,3.532,3.532,,,,,,,,,,,559.931,222.069,0.0,,,,,,,926.0,954.0,29.0,0.0,0.0,29.0,0.0,29.0,0.0,0.0,0.0,0.0,0.0,0.0,0.0,29.0,29.0,0.0,"solar_v,lipo_v"
2020-06-05T20:00:00Z,29.0,29.0,3.532,3.532,,,,,2235.448,2233.0,2239.0,,,3.532,3.532,3.532,,,,,,,,,,,561.069,223.172,0.0,,,,,,,955.0,984.0,29.0,0.0,0.0,29.0,0.0,29.0,0.0,0.0,0.0,0.0,0.0,0.0,0.0,29.0,29.0,0.0,"solar_v,lipo_v"
2020-06-05T21:00:00Z,28.0,28.0,3.532,3.532,,,,,2235.679,2233.0,2237.0,,,3.532,3.532,3.532,,,,,,,,,,,562.25,225.893,0.0,,,,,,,985.0,1013.0,28.0,0.0,0.0,28.0,0.0,28.0,0.0,0.0,0.0,0.0,0.0,0.0,0.0,28.0,28.0,0.0,"solar_v,lipo_v"
2020-06-05T22:00:00Z,30.0,30.0,2.864,3.532,,,,,2238.167,2230.0,2243.0,,,3.532,3.532,3.532,,,,,,,,,,,564.267,226.6,0.0,,,,,,,1014.0,1043.0,30.0,0.0,0.0,30.0,0.0,30.0,0.0,0.0,0.0,0.0,0.0,0.0,0.0,30.0,30.0,0.0,"solar_v,lipo_v"
2020-06-05T23:00:00Z,29.0,29.0,2.2,2.233,,,,,2246.034,2240.0,2251.0,,,3.532,3.532,3.532,,,,,,,,,,,565.0,228.655,0.0,,,,,,,1044.0,1072.0,29.0,0.0,0.0,29.0,0.0,29.0,0.0,0.0,0.0,0.0,0.0,0.0,0.0,29.0,29.0,0.0,"solar_v,lipo_v"
2020-06-06T00:00:00Z,27.0,27.0,2.188,2.212,,,,,2259.0,2243.0,2290.0,,,3.532,3.532,3.532,,,,,,,,,,,567.185,229.222,0.0,,,,,,,1074.0,1102.0,27.0,0.0,0.0,27.0,0.0,27.0,0.0,0.0,0.0,0.0,0.0,0.0,0.0,27.0,27.0,0.0,"solar_v,lipo_v"
2020-06-06T01:00:00Z,29.0,29.0,2.148,2.184,,,,,2316.414,2253.0,2372.0,,,3.532,3.532,3.532,,,,,,,,,,,566.724,229.207,0.0,,,,,,,1103.0,1131.0,29.0,0.0,0.0,29.0,0.0,29.0,0.0,0.0,0.0,0.0,0.0,0.0,0.0,29.0,29.0,0.0,"solar_v,lipo_v"
2020-06-06T02:00:00Z,29.0,29.0,2.185,2.25,,,,,2379.034,2263.0,2501.0,,,3.532,3.532,3.532,,,,,,,,,,,560.828,220.483,0.0,,,,,,,1132.0,1161.0,29.0,0.0,0.0,29.0,0.0,29.0,0.0,0.0,0.0,0.0,0.0,0.0,0.0,29.0,29.0,0.0,"solar_v,lipo_v"
2020-06-06T03:00:00Z,29.0,29.0,2.197,2.259,,,,,2402.759,2316.0,2553.0,,,3.532,3.532,3.532,,,,,,,,,,,557.138,214.759,0.0,,,,,,,1162.0,1190.0,29.0,0.0,0.0,29.0,0.0,29.0,0.0,0.0,0.0,0.0,0.0,0.0,0.0,29.0,29.0,0.0,"solar_v,lipo_v"
2020-06-06T04:00:00Z,28.0,28.0,2.227,2.263,,,,,2373.714,2323.0,2571.0,,,3.532,3.532,3.532,,,,,,,,,,,552.893,211.821,0.0,,,,,,,1191.0,1220.0,28.0,0.0,0.0,28.0,0.0,28.0,0.0,0.0,0.0,0.0,0.0,0.0,0.0,28.0,28.0,0.0,"solar_v,lipo_v"
2020-06-06T05:00:00Z,29.0,29.0,2.203,2.258,,,,,2421.31,2354.0,2574.0,,,3.532,3.532,3.532,,,,,,,,,,,549.655,207.0,0.0,,,,,,,1221.0,1249.0,29.0,0.0,0.0,29.0,0.0,29.0,0.0,0.0,0.0,0.0,0.0,0.0,0.0,29.0,29.0,0.0,"solar_v,lipo_v"
2020-06-06T06:00:00Z,29.0,29.0,2.198,2.263,,,,,2438.552,2356.0,2570.0,,,3.532,3.532,3.532,,,,,,,,,,,549.483,206.655,0.0,,,,,,,1251.0,1279.0,29.0,0.0,0.0,29.0,0.0,29.0,0.0,0.0,0.0,0.0,0.0,0.0,0.0,29.0,29.0,0.0,"solar_v,lipo_v"
2020-06-06T07:00:00Z,28.0,28.0,2.189,2.263,,,,,2432.929,2335.0,2547.0,,,3.532,3.532,3.532,,,,,,,,,,,547.893,204.5,0.0,,,,,,,1280.0,1308.0,28.0,0.0,0.0,28.0,0.0,28.0,0.0,0.0,0.0,0.0,0.0,0.0,0.0,28.0,28.0,0.0,"solar_v,lipo_v"
2020-06-06T08:00:00Z,30.0,30.0,2.216,2.263,,,,,2341.133,2251.0,2453.0,,,3.532,3.532,3.532,,,,,,,,,,,546.5,203.267,0.0,,,,,,,1309.0,1338.0,30.0,0.0,0.0,30.0,0.0,30.0,0.0,0.0,0.0,0.0,0.0,0.0,0.0,30.0,30.0,0.0,"solar_v,lipo_v"
2020-06-06T09:00:00Z,24.0,24.0,2.212,2.229,,,,,2238.667,2236.0,2243.0,,,3.532,3.532,3.532,,,,,,,,,,,548.25,208.667,0.0,,,,,,,1339.0,1367.0,24.0,0.0,0.0,24.0,0.0,24.0,0.0,0.0,0.0,0.0,0.0,0.0,0.0,24.0,24.0,0.0,"solar_v,lipo_v"
2020-06-06T10:00:00Z,29.0,29.0,2.242,2.778,,,,,2238.552,2235.0,2243.0,,,3.532,3.532,3.532,,,,,,,,,,,548.655,209.552,0.0,,,,,,,1368.0,1396.0,29.0,0.0,0.0,29.0,0.0,29.0,0.0,0.0,0.0,0.0,0.0,0.0,0.0,29.0,29.0,0.0,"solar_v,lipo_v"
2020-06-06T11:00:00Z,29.0,29.0,3.415,3.532,,,,,2234.724,2230.0,2239.0,,,3.532,3.532,3.532,,,,,,,,,,,549.483,209.414,0.0,,,,,,,1397.0,1426.0,29.0,0.0,0.0,29.0,0.0,29.0,0.0,0.0,0.0,0.0,0.0,0.0,0.0,29.0,29.0,0.0,"solar_v,lipo_v"
2020-06-06T12:00:00Z,28.0,28.0,3.532,3.532,,,,,2235.357,2233.0,2237.0,,,3.532,3.532,3.532,,,,,,,,,,,550.5,210.75,0.0,,,,,,,1427.0,1455.0,28.0,0.0,0.0,28.0,0.0,28.0,0.0,0.0,0.0,0.0,0.0,0.0,0.0,28.0,28.0,0.0,"solar_v,lipo_v"
2020-06-06T13:00:00Z,30.0,30.0,3.532,3.532,,,,,2235.567,2230.0,2237.0,,,3.532,3.532,3.532,,,,,,,,,,,551.867,212.867,0.0,,,,,,,1456.0,1485.0,30.0,0.0,0.0,30.0,0.0,30.0,0.0,0.0,0.0,0.0,0.0,0.0,0.0,30.0,30.0,0.0,"solar_v,lipo_v"
2020-06-06T14:00:00Z,29.0,29.0,3.532,3.532,,,,,2235.828,2233.0,2237.0,,,3.532,3.532,3.532,,,,,,,,,,,555.207,214.793,0.0,,,,,,,1486.0,1514.0,29.0,0.0,0.0,29.0,0.0,29.0,0.0,0.0,0.0,0.0,0.0,0.0,0.0,29.0,29.0,0.0,"solar_v,lipo_v"
2020-06-06T15:00:00Z,30.0,30.0,3.532,3.532,,,,,2236.4,2233.0,2239.0,,,3.532,3.532,3.532,,,,,,,,,,,556.733,216.267,0.0,,,,,,,1515.0,1544.0,30.0,0.0,0.0,30.0,0.0,30.0,0.0,0.0,0.0,0.0,0.0,0.0,0.0,30.0,30.0,0.0,"solar_v,lipo_v"
2020-06-06T16:00:00Z,29.0,29.0,3.532,3.532,,,,,2236.241,2233.0,2237.0,,,3.532,3.532,3.532,,,,,,,,,,,558.0,217.0,0.0,,,,,,,1545.0,1573.0,29.0,0.0,0.0,29.0,0.0,29.0,0.0,0.0,0.0,0.0,0.0,0.0,0.0,29.0,29.0,0.0,"solar_v,lipo_v"
2020-06-06T17:00:00Z,30.0,30.0,3.532,3.532,,,,,2236.8,2233.0,2239.0,,,3.532,3.532,3.532,,,,,,,,,,,559.033,219.167,0.0,,,,,,,1574.0,1603.0,30.0,0.0,0.0,30.0,0.0,30.0,0.0,0.0,0.0,0.0,0.0,0.0,0.0,30.0,30.0,0.0,"solar_v,lipo_v"
2020-06-06T18:00:00Z,28.0,28.0,3.532,3.532,,,,,2236.643,2233.0,2240.0,,,3.532,3.532,3.532,,,,,,,,,,,559.286,220.071,0.0,,,,,,,1604.0,1632.0,28.0,0.0,0.0,28.0,0.0,28.0,0.0,0.0,0.0,0.0,0.0,0.0,0.0,28.0,28.0,0.0,"solar_v,lipo_v"
2020-06-06T19:00:00Z,30.0,30.0,3.532,3.532,,,,,2236.567,2233.0,2237.0,,,3.532,3.532,3.532,,,,,,,,,,,560.067,220.633,0.0,,,,,,,1633.0,1662.0,30.0,0.0,0.0,30.0,0.0,30.0,0.0,0.0,0.0,0.0,0.0,0.0,0.0,30.0,30.0,0.0,"solar_v,lipo_v"
2020-06-06T20:00:00Z,29.0,29.0,3.532,3.532,,,,,2236.862,2235.0,2239.0,,,3.532,3.532,3.532,,,,,,,,,,,560.828,223.862,0.0,,,,,,,1663.0,1691.0,29.0,0.0,0.0,29.0,0.0,29.0,0.0,0.0,0.0,0.0,0.0,0.0,0.0,29.0,29.0,0.0,"solar_v,lipo_v"
2020-06-06T21:00:00Z,29.0,29.0,3.532,3.532,,,,,2236.931,2235.0,2238.0,,,3.532,3.532,3.532,,,,,,,,,,,561.862,226.103,0.0,,,,,,,1692.0,1721.0,29.0,0.0,0.0,29.0,0.0,29.0,0.0,0.0,0.0,0.0,0.0,0.0,0.0,29.0,29.0,0.0,"solar_v,lipo_v"
2020-06-06T22:00:00Z,30.0,30.0,2.808,3.532,,,,,2240.333,2237.0,2247.0,,,3.532,3.532,3.532,,,,,,,,,,,563.667,228.9,0.0,,,,,,,1722.0,1751.0,30.0,0.0,0.0,30.0,0.0,30.0,0.0,0.0,0.0,0.0,0.0,0.0,0.0,30.0,30.0,0.0,"solar_v,lipo_v"
2020-06-06T23:00:00Z,29.0,29.0,2.208,2.236,,,,,2246.103,2242.0,2250.0,,,3.532,3.532,3.532,,,,,,,,,,,563.862,230.276,0.0,,,,,,,1752.0,1780.0,29.0,0.0,0.0,29.0,0.0,29.0,0.0,0.0,0.0,0.0,0.0,0.0,0.0,29.0,29.0,0.0,"solar_v,lipo_v"
2020-06-07T00:00:00Z,30.0,30.0,2.172,2.214,,,,,2254.067,2247.0,2263.0,,,3.532,3.532,3.532,,,,,,,,,,,563.8,230.467,0.0,,,,,,,1781.0,1810.0,30.0,0.0,0.0,30.0,0.0,30.0,0.0,0.0,0.0,0.0,0.0,0.0,0.0,30.0,30.0,0.0,"solar_v,lipo_v"
2020-06-07T01:00:00Z,29.0,29.0,2.133,2.176,,,,,2300.966,2263.0,2329.0,,,3.532,3.532,3.532,,,,,,,,,,,564.517,230.276,0.0,,,,,,,1811.0,1839.0,29.0,0.0,0.0,29.0,0.0,29.0,0.0,0.0,0.0,0.0,0.0,0.0,0.0,29.0,29.0,0.0,"solar_v,lipo_v"
2020-06-07T02:00:00Z,30.0,30.0,2.177,2.253,,,,,2391.7,2248.0,2490.0,,,3.532,3.532,3.532,,,,,,,,,,,559.867,220.1,0.0,,,,,,,1840.0,1869.0,30.0,0.0,0.0,30.0,0.0,30.0,0.0,0.0,0.0,0.0,0.0,0.0,0.0,30.0,30.0,0.0,"solar_v,lipo_v"
2020-06-07T03:00:00Z,29.0,29.0,2.186,2.26,,,,,2432.724,2328.0,2534.0,,,3.532,3.532,3.532,,,,,,,,,,,555.862,213.345,0.0,,,,,,,1870.0,1898.0,29.0,0.0,0.0,29.0,0.0,29.0,0.0,0.0,0.0,0.0,0.0,0.0,0.0,29.0,29.0,0.0,"solar_v,lipo_v"
2020-06-07T04:00:00Z,30.0,30.0,2.138,2.225,,,,,2489.033,2316.0,2546.0,,,3.532,3.532,3.532,,,,,,,,,,,552.9,208.0,0.0,,,,,,,1899.0,1928.0,30.0,0.0,0.0,30.0,0.0,30.0,0.0,0.0,0.0,0.0,0.0,0.0,0.0,30.0,30.0,0.0,"solar_v,lipo_v"
2020-06-07T05:00:00Z,28.0,28.0,2.13,2.236,,,,,2475.964,2316.0,2533.0,,,3.532,3.532,3.532,,,,,,,,,,,548.464,205.25,0.0,,,,,,,1929.0,1957.0,28.0,0.0,0.0,28.0,0.0,28.0,0.0,0.0,0.0,0.0,0.0,0.0,0.0,28.0,28.0,0.0,"solar_v,lipo_v"
2020-06-07T06:00:00Z,30.0,30.0,2.132,2.224,,,,,2471.667,2316.0,2537.0,,,3.532,3.532,3.532,,,,,,,,,,,544.467,201.5,0.0,,,,,,,1958.0,1987.0,30.0,0.0,0.0,30.0,0.0,30.0,0.0,0.0,0.0,0.0,0.0,0.0,0.0,30.0,30.0,0.0,"solar_v,lipo_v"
2020-06-07T07:00:00Z,27.0,27.0,2.219,2.251,,,,,2332.593,2295.0,2495.0,,,3.532,3.532,3.532,,,,,,,,,,,538.556,198.185,0.0,,,,,,,1988.0,2016.0,27.0,0.0,0.0,27.0,0.0,27.0,0.0,0.0,0.0,0.0,0.0,0.0,0.0,27.0,27.0,0.0,"solar_v,lipo_v"
2020-06-07T08:00:00Z,29.0,29.0,2.232,2.263,,,,,2336.586,2314.0,2455.0,,,3.532,3.532,3.532,,,,,,,,,,,535.103,192.138,0.0,,,,,,,2017.0,2046.0,29.0,0.0,0.0,29.0,0.0,29.0,0.0,0.0,0.0,0.0,0.0,0.0,0.0,29.0,29.0,0.0,"solar_v,lipo_v"
2020-06-07T09:00:00Z,29.0,29.0,2.255,2.286,,,,,2285.793,2241.0,2318.0,,,3.532,3.532,3.532,,,,,,,,,,,534.655,193.586,0.0,,,,,,,2047.0,2075.0,29.0,0.0,0.0,29.0,0.0,29.0,0.0,0.0,0.0,0.0,0.0,0.0,0.0,29.0,29.0,0.0,"solar_v,lipo_v"
2020-06-07T10:00:00Z,30.0,30.0,2.48,3.14,,,,,2235.1,2229.0,2243.0,,,3.532,3.532,3.532,,,,,,,,,,,538.267,200.433,0.0,,,,,,,2076.0,2105.0,30.0,0.0,0.0,30.0,0.0,30.0,0.0,0.0,0.0,0.0,0.0,0.0,0.0,30.0,30.0,0.0,"solar_v,lipo_v"
2020-06-07T11:00:00Z,29.0,29.0,3.369,3.532,,,,,2229.862,2225.0,2233.0,,,3.532,3.532,3.532,,,,,,,,,,,541.793,202.276,0.0,,,,,,,2106.0,2134.0,29.0,0.0,0.0,29.0,0.0,29.0,0.0,0.0,0.0,0.0,0.0,0.0,0.0,29.0,29.0,0.0,"solar_v,lipo_v"
2020-06-07T12:00:00Z,30.0,30.0,3.532,3.532,,,,,2228.567,2227.0,2230.0,,,3.532,3.532,3.532,,,,,,,,,,,544.267,202.867,0.0,,,,,,,2135.0,2164.0,30.0,0.0,0.0,30.0,0.0,30.0,0.0,0.0,0.0,0.0,0.0,0.0,0.0,30.0,30.0,0.0,"solar_v,lipo_v"
2020-06-07T13:00:00Z,29.0,29.0,3.532,3.532,,,,,2228.759,2227.0,2230.0,,,3.532,3.532,3.532,,,,,,,,,,,547.345,208.034,0.0,,,,,,,2165.0,2193.0,29.0,0.0,0.0,29.0,0.0,29.0,0.0,0.0,0.0,0.0,0.0,0.0,0.0,29.0,29.0,0.0,"solar_v,lipo_v"
2020-06-07T14:00:00Z,30.0,30.0,3.532,3.532,,,,,2228.367,2225.0,2230.0,,,3.532,3.532,3.532,,,,,,,,,,,551.0,210.767,0.0,,,,,,,2194.0,2223.0,30.0,0.0,0.0,30.0,0.0,30.0,0.0,0.0,0.0,0.0,0.0,0.0,0.0,30.0,30.0,0.0,"solar_v,lipo_v"
2020-06-07T15:00:00Z,29.0,29.0,3.532,3.532,,,,,2228.103,2225.0,2230.0,,,3.532,3.532,3.532,,,,,,,,,,,552.586,214.931,0.0,,,,,,,2224.0,2252.0,29.0,0.0,0.0,29.0,0.0,29.0,0.0,0.0,0.0,0.0,0.0,0.0,0.0,29.0,29.0,0.0,"solar_v,lipo_v"
2020-06-07T16:00:00Z,30.0,30.0,3.532,3.532,,,,,2228.033,2226.0,2230.0,,,3.532,3.532,3.532,,,,,,,,,,,554.833,215.633,0.0,,,,,,,2253.0,2282.0,30.0,0.0,0.0,30.0,0.0,30.0,0.0,0.0,0.0,0.0,0.0,0.0,0.0,30.0,30.0,0.0,"solar_v,lipo_v"
2020-06-07T17:00:00Z,29.0,29.0,3.532,3.532,,,,,2228.724,2225.0,2232.0,,,3.532,3.532,3.532,,,,,,,,,,,556.103,216.276,0.0,,,,,,,2283.0,2311.0,29.0,0.0,0.0,29.0,0.0,29.0,0.0,0.0,0.0,0.0,0.0,0.0,0.0,29.0,29.0,0.0,"solar_v,lipo_v"
2020-06-07T18:00:00Z,30.0,30.0,3.532,3.532,,,,,2228.667,2225.0,2230.0,,,3.532,3.532,3.532,,,,,,,,,,,558.4,218.9,0.0,,,,,,,2312.0,2341.0,30.0,0.0,0.0,30.0,0.0,30.0,0.0,0.0,0.0,0.0,0.0,0.0,0.0,30.0,30.0,0.0,"solar_v,lipo_v"
2020-06-07T19:00:00Z,30.0,30.0,3.532,3.532,,,,,2229.0,2226.0,2233.0,,,3.532,3.532,3.532,,,,,,,,,,,560.133,222.9,0.0,,,,,,,2342.0,2371.0,30.0,0.0,0.0,30.0,0.0,30.0,0.0,0.0,0.0,0.0,0.0,0.0,0.0,30.0,30.0,0.0,"solar_v,lipo_v"
2020-06-07T20:00:00Z,29.0,29.0,3.532,3.532,,,,,2228.207,2225.0,2230.0,,,3.532,3.532,3.532,,,,,,,,,,,561.034,225.0,0.0,,,,,,,2372.0,2400.0,29.0,0.0,0.0,29.0,0.0,29.0,0.0,0.0,0.0,0.0,0.0,0.0,0.0,29.0,29.0,0.0,"solar_v,lipo_v"
2020-06-07T21:00:00Z,30.0,30.0,3.532,3.532,,,,,2228.6,2225.0,2230.0,,,3.532,3.532,3.532,,,,,,,,,,,563.4,227.967,0.0,,,,,,,2401.0,2430.0,30.0,0.0,0.0,30.0,0.0,30.0,0.0,0.0,0.0,0.0,0.0,0.0,0.0,30.0,30.0,0.0,"solar_v,lipo_v"
2020-06-07T22:00:00Z,29.0,29.0,2.92,3.532,,,,,2230.69,2225.0,2240.0,,,3.532,3.532,3.532,,,,,,,,,,,564.103,229.828,0.0,,,,,,,2431.0,2459.0,29.0,0.0,0.0,29.0,0.0,29.0,0.0,0.0,0.0,0.0,0.0,0.0,0.0,29.0,29.0,0.0,"solar_v,lipo_v"
2020-06-07T23:00:00Z,30.0,30.0,2.21,2.233,,,,,2236.533,2233.0,2243.0,,,3.532,3.532,3.532,,,,,,,,,,,564.767,230.533,0.0,,,,,,,2460.0,2489.0,30.0,0.0,0.0,30.0,0.0,30.0,0.0,0.0,0.0,0.0,0.0,0.0,0.0,30.0,30.0,0.0,"solar_v,lipo_v"
2020-06-08T00:00:00Z,29.0,29.0,2.16,2.21,,,,,2252.69,2233.0,2285.0,,,3.532,3.532,3.532,,,,,,,,,,,566.448,234.483,0.0,,,,,,,2490.0,2518.0,29.0,0.0,0.0,29.0,0.0,29.0,0.0,0.0,0.0,0.0,0.0,0.0,0.0,29.0,29.0,0.0,"solar_v,lipo_v"
2020-06-08T01:00:00Z,30.0,30.0,2.164,2.237,,,,,2299.4,2247.0,2468.0,,,3.532,3.532,3.532,,,,,,,,,,,565.2,235.967,0.0,,,,,,,2519.0,2548.0,30.0,0.0,0.0,30.0,0.0,30.0,0.0,0.0,0.0,0.0,0.0,0.0,0.0,30.0,30.0,0.0,"solar_v,lipo_v"
2020-06-08T02:00:00Z,29.0,29.0,2.182,2.243,,,,,2423.586,2313.0,2491.0,,,3.532,3.532,3.532,,,,,,,,,,,561.345,226.724,0.0,,,,,,,2549.0,2577.0,29.0,0.0,0.0,29.0,0.0,29.0,0.0,0.0,0.0,0.0,0.0,0.0,0.0,29.0,29.0,0.0,"solar_v,lipo_v"
2020-06-08T03:00:00Z,29.0,29.0,2.124,2.184,,,,,2482.552,2407.0,2514.0,,,3.532,3.532,3.532,,,,,,,,,,,559.31,221.897,0.0,,,,,,,2578.0,2607.0,29.0,0.0,0.0,29.0,0.0,29.0,0.0,0.0,0.0,0.0,0.0,0.0,0.0,29.0,29.0,0.0,"solar_v,lipo_v"
2020-06-08T04:00:00Z,29.0,29.0,2.111,2.205,,,,,2431.138,2349.0,2518.0,,,3.532,3.532,3.532,,,,,,,,,,,557.862,221.414,0.0,,,,,,,2608.0,2636.0,29.0,0.0,0.0,29.0,0.0,29.0,0.0,0.0,0.0,0.0,0.0,0.0,0.0,29.0,29.0,0.0,"solar_v,lipo_v"
2020-06-08T05:00:00Z,30.0,30.0,2.061,2.11,,,,,2345.7,2263.0,2428.0,,,3.532,3.532,3.532,,,,,,,,,,,548.9,212.367,0.0,,,,,,,2637.0,2666.0,30.0,0.0,0.0,30.0,0.0,30.0,0.0,0.0,0.0,0.0,0.0,0.0,0.0,30.0,30.0,0.0,"solar_v,lipo_v"
2020-06-08T06:00:00Z,29.0,29.0,2.028,2.082,,,,,2346.793,2207.0,2385.0,,,3.532,3.532,3.532,,,,,,,,,,,541.069,204.483,0.0,,,,,,,2667.0,2695.0,29.0,0.0,0.0,29.0,0.0,29.0,0.0,0.0,0.0,0.0,0.0,0.0,0.0,29.0,29.0,0.0,"solar_v,lipo_v"
2020-06-08T07:00:00Z,29.0,29.0,2.014,2.082,,,,,2287.207,2200.0,2352.0,,,3.532,3.532,3.532,,,,,,,,,,,529.414,191.379,0.0,,,,,,,2696.0,2725.0,29.0,0.0,0.0,29.0,0.0,29.0,0.0,0.0,0.0,0.0,0.0,0.0,0.0,29.0,29.0,0.0,"solar_v,lipo_v"
2020-06-08T08:00:00Z,30.0,30.0,1.996,2.05,,,,,2215.0,2156.0,2263.0,,,3.532,3.532,3.532,,,,,,,,,,,516.133,178.833,0.0,,,,,,,2726.0,2755.0,30.0,0.0,0.0,30.0,0.0,30.0,0.0,0.0,0.0,0.0,0.0,0.0,0.0,30.0,30.0,0.0,"solar_v,lipo_v"
2020-06-08T09:00:00Z,29.0,29.0,2.024,2.078,,,,,2146.379,2105.0,2198.0,,,3.532,3.532,3.532,,,,,,,,,,,505.655,168.483,0.0,,,,,,,2756.0,2784.0,29.0,0.0,0.0,29.0,0.0,29.0,0.0,0.0,0.0,0.0,0.0,0.0,0.0,29.0,29.0,0.0,"solar_v,lipo_v"
2020-06-08T10:00:00Z,26.0,26.0,2.042,2.078,,,,,2091.192,2077.0,2118.0,,,3.532,3.532,3.532,,,,,,,,,,,485.654,48.154,0.0,,,,,,,2785.0,2813.0,26.0,0.0,0.0,26.0,0.0,26.0,0.0,0.0,0.0,0.0,0.0,0.0,0.0,26.0,8.0,0.0,"solar_v,lipo_v"
2020-06-08T11:00:00Z,30.0,30.0,3.227,3.532,,,,,2075.0,2065.0,2082.0,,,3.532,3.532,3.532,,,,,,,,,,,476.3,0.0,0.0,,,,,,,2814.0,2843.0,30.0,0.0,0.0,30.0,0.0,30.0,0.0,0.0,0.0,0.0,0.0,0.0,0.0,30.0,0.0,0.0,"solar_v,lipo_v"
2020-06-08T12:00:00Z,29.0,29.0,3.532,3.532,,,,,2067.897,2054.0,2075.0,,,3.532,3.532,3.532,,,,,,,,,,,469.586,0.0,0.0,,,,,,,2844.0,2872.0,29.0,0.0,0.0,29.0,0.0,29.0,0.0,0.0,0.0,0.0,0.0,0.0,0.0,29.0,0.0,0.0,"solar_v,lipo_v"
2020-06-08T13:00:00Z,30.0,30.0,3.532,3.532,,,,,2061.9,2055.0,2066.0,,,3.532,3.532,3.532,,,,,,,,,,,461.6,0.0,0.0,,,,,,,2873.0,2902.0,30.0,0.0,0.0,30.0,0.0,30.0,0.0,0.0,0.0,0.0,0.0,0.0,0.0,30.0,0.0,0.0,"solar_v,lipo_v"
2020-06-08T14:00:00Z,29.0,29.0,3.532,3.532,,,,,2054.103,2048.0,2058.0,,,3.532,3.532,3.532,,,,,,,,,,,453.655,0.0,0.0,,,,,,,2903.0,2931.0,29.0,0.0,0.0,29.0,0.0,29.0,0.0,0.0,0.0,0.0,0.0,0.0,0.0,29.0,0.0,0.0,"solar_v,lipo_v"
2020-06-08T15:00:00Z,30.0,30.0,3.532,3.532,,,,,2043.733,2039.0,2057.0,,,3.532,3.532,3.532,,,,,,,,,,,444.467,0.0,0.0,,,,,,,2932.0,2961.0,30.0,0.0,0.0,30.0,0.0,30.0,0.0,0.0,0.0,0.0,0.0,0.0,0.0,30.0,0.0,0.0,"solar_v,lipo_v"
2020-06-08T16:00:00Z,29.0,29.0,3.532,3.532,,,,,2034.966,2027.0,2039.0,,,3.532,3.532,3.532,,,,,,,,,,,436.759,0.0,0.0,,,,,,,2962.0,2990.0,29.0,0.0,0.0,29.0,0.0,29.0,0.0,0.0,0.0,0.0,0.0,0.0,0.0,29.0,0.0,0.0,"solar_v,lipo_v"
2020-06-08T17:00:00Z,30.0,30.0,3.532,3.532,,,,,2024.333,2018.0,2030.0,,,3.532,3.532,3.532,,,,,,,,,,,427.833,0.0,0.0,,,,,,,2991.0,3020.0,30.0,0.0,0.0,30.0,0.0,30.0,0.0,0.0,0.0,0.0,0.0,0.0,0.0,30.0,0.0,0.0,"solar_v,lipo_v"
2020-06-08T18:00:00Z,29.0,29.0,3.532,3.532,,,,,2014.172,2010.0,2019.0,,,3.532,3.532,3.532,,,,,,,,,,,420.414,0.0,0.0,,,,,,,3021.0,3049.0,29.0,0.0,0.0,29.0,0.0,29.0,0.0,0.0,0.0,0.0,0.0,0.0,0.0,29.0,0.0,0.0,"solar_v,lipo_v"
2020-06-08T19:00:00Z,30.0,30.0,3.532,3.532,,,,,2003.467,1998.0,2010.0,,,3.532,3.532,3.532,,,,,,,,,,,412.833,0.0,0.0,,,,,,,3050.0,3079.0,30.0,0.0,0.0,30.0,0.0,30.0,0.0,0.0,0.0,0.0,0.0,0.0,0.0,30.0,0.0,0.0,"solar_v,lipo_v"
2020-06-08T20:00:00Z,29.0,29.0,3.532,3.532,,,,,1992.0,1987.0,1999.0,,,3.532,3.532,3.532,,,,,,,,,,,402.31,0.0,0.0,,,,,,,3080.0,3108.0,29.0,0.0,0.0,29.0,0.0,29.0,0.0,0.0,0.0,0.0,0.0,0.0,0.0,29.0,0.0,0.0,"solar_v,lipo_v"
2020-06-08T21:00:00Z,30.0,30.0,3.532,3.532,,,,,1981.333,1972.0,1987.0,,,3.532,3.532,3.532,,,,,,,,,,,393.633,0.0,0.0,,,,,,,3109.0,3138.0,30.0,0.0,0.0,30.0,0.0,30.0,0.0,0.0,0.0,0.0,0.0,0.0,0.0,30.0,0.0,0.0,"solar_v,lipo_v"
2020-06-08T22:00:00Z,29.0,29.0,2.827,3.532,,,,,1967.897,1962.0,1974.0,,,3.532,3.532,3.532,,,,,,,,,,,383.034,0.0,0.0,,,,,,,3139.0,3167.0,29.0,0.0,0.0,29.0,0.0,29.0,0.0,0.0,0.0,0.0,0.0,0.0,0.0,29.0,0.0,0.0,"solar_v,lipo_v"
2020-06-08T23:00:00Z,30.0,30.0,1.931,1.972,,,,,1955.533,1938.0,1966.0,,,3.532,3.532,3.532,,,,,,,,,,,372.267,0.0,0.0,,,,,,,3168.0,3197.0,30.0,0.0,0.0,30.0,0.0,30.0,0.0,0.0,0.0,0.0,0.0,0.0,0.0,30.0,0.0,0.0,"solar_v,lipo_v"
2020-06-09T00:00:00Z,29.0,29.0,1.88,1.92,,,,,1937.0,1930.0,1948.0,,,3.532,3.532,3.532,,,,,,,,,,,360.345,0.0,0.0,,,,,,,3198.0,3226.0,29.0,0.0,0.0,29.0,0.0,29.0,0.0,0.0,0.0,0.0,0.0,0.0,0.0,29.0,0.0,0.0,"solar_v,lipo_v"
2020-06-09T01:00:00Z,30.0,30.0,1.838,1.876,,,,,1911.233,1898.0,1926.0,,,3.532,3.532,3.532,,,,,,,,,,,345.067,0.0,0.0,,,,,,,3227.0,3256.0,30.0,0.0,0.0,30.0,0.0,30.0,0.0,0.0,0.0,0.0,0.0,0.0,0.0,30.0,0.0,0.0,"solar_v,lipo_v"
2020-06-09T02:00:00Z,30.0,30.0,1.79,1.854,,,,,1885.367,1868.0,1895.0,,,3.532,3.532,3.532,,,,,,,,,,,328.567,0.0,0.0,,,,,,,3257.0,3286.0,30.0,0.0,0.0,30.0,0.0,30.0,0.0,0.0,0.0,0.0,0.0,0.0,0.0,30.0,0.0,0.0,"solar_v,lipo_v"
2020-06-09T03:00:00Z,27.0,27.0,1.715,1.751,,,,,1852.111,1669.0,1892.0,,,3.532,3.532,3.532,,,,,,,,,,,312.963,0.0,0.0,,,,,,,3287.0,3313.0,27.0,0.0,0.0,27.0,0.0,27.0,0.0,0.0,0.0,0.0,0.0,0.0,0.0,27.0,0.0,0.0,"solar_v,lipo_v"
2020-06-09T07:00:00Z,22.0,22.0,1.812,1.902,,,,,1822.682,1761.0,1886.0,,,3.532,3.532,3.532,,,,,,,,,,,286.182,0.0,0.0,,,,,,,2.0,23.0,22.0,0.0,0.0,22.0,0.0,22.0,0.0,0.0,0.0,0.0,0.0,0.0,0.0,22.0,0.0,0.0,"solar_v,lipo_v"
2020-06-09T08:00:00Z,30.0,30.0,1.797,1.853,,,,,1793.867,1768.0,1832.0,,,3.532,3.532,3.532,,,,,,,,,,,264.233,0.0,0.0,,,,,,,24.0,53.0,30.0,0.0,0.0,30.0,0.0,30.0,0.0,0.0,0.0,0.0,0.0,0.0,0.0,30.0,0.0,0.0,"solar_v,lipo_v"
2020-06-09T09:00:00Z,29.0,29.0,1.82,1.858,,,,,1811.828,1791.0,1840.0,,,3.532,3.532,3.532,,,,,,,,,,,229.621,0.0,0.0,,,,,,,54.0,82.0,29.0,0.0,0.0,29.0,0.0,29.0,0.0,0.0,0.0,0.0,0.0,0.0,0.0,29.0,0.0,0.0,"solar_v,lipo_v"
2020-06-09T10:00:00Z,9.0,9.0,1.833,1.852,,,,,1811.222,1804.0,1818.0,,,3.532,3.532,3.532,,,,,,,,,,,215.111,0.0,0.0,,,,,,,83.0,91.0,9.0,0.0,0.0,9.0,0.0,9.0,0.0,0.0,0.0,0.0,0.0,0.0,0.0,9.0,0.0,0.0,"solar_v,lipo_v"
2020-06-10T08:00:00Z,3.0,3.0,0.417,0.731,,,,,425.0,0.0,695.0,,,3.023,2.006,3.532,,,,,,,,,,,716.333,267.667,0.0,,,,,,,1.0,3.0,2.0,0.0,0.0,3.0,0.0,3.0,0.0,0.0,0.0,0.0,0.0,0.0,0.0,3.0,2.0,0.0,"solar_v,lipo_v"
2020-06-10T09:00:00Z,28.0,28.0,0.339,0.916,,,,,473.179,0.0,1343.0,,,3.532,3.532,3.532,,,,,,,,,,,735.143,302.429,0.0,,,,,,,4.0,32.0,21.0,0.0,0.0,28.0,0.0,28.0,0.0,0.0,0.0,0.0,0.0,0.0,0.0,28.0,20.0,0.0,"solar_v,lipo_v"
2020-06-10T10:00:00Z,29.0,29.0,0.455,0.98,,,,,628.379,0.0,1345.0,,,3.532,3.532,3.532,,,,,,,,,,,837.621,412.034,0.0,,,,,,,33.0,61.0,26.0,0.0,0.0,29.0,0.0,29.0,0.0,0.0,0.0,0.0,0.0,0.0,0.0,29.0,25.0,0.0,"solar_v,lipo_v"
2020-06-10T11:00:00Z,29.0,29.0,0.386,0.982,,,,,475.586,0.0,1352.0,,,3.532,3.532,3.532,,,,,,,,,,,729.552,320.207,0.0,,,,,,,62.0,91.0,20.0,0.0,0.0,29.0,0.0,29.0,0.0,0.0,0.0,0.0,0.0,0.0,0.0,29.0,20.0,0.0,"solar_v,lipo_v"
2020-06-10T12:00:00Z,30.0,30.0,0.422,1.112,,,,,444.467,0.0,1326.0,,,3.532,3.532,3.532,,,,,,,,,,,690.167,292.4,0.0,,,,,,,92.0,121.0,22.0,0.0,0.0,30.0,0.0,30.0,0.0,0.0,0.0,0.0,0.0,0.0,0.0,30.0,19.0,0.0,"solar_v,lipo_v"
2020-06-10T13:00:00Z,29.0,29.0,0.547,1.154,,,,,591.0,0.0,1260.0,,,3.532,3.532,3.532,,,,,,,,,,,761.241,388.172,0.0,,,,,,,122.0,150.0,24.0,0.0,0.0,29.0,0.0,29.0,0.0,0.0,0.0,0.0,0.0,0.0,0.0,29.0,23.0,0.0,"solar_v,lipo_v"
2020-06-10T14:00:00Z,30.0,30.0,0.619,1.101,,,,,633.0,0.0,1277.0,,,3.532,3.532,3.532,,,,,,,,,,,777.333,415.0,0.0,,,,,,,151.0,180.0,28.0,0.0,0.0,30.0,0.0,30.0,0.0,0.0,0.0,0.0,0.0,0.0,0.0,30.0,27.0,0.0,"solar_v,lipo_v"
2020-06-10T15:00:00Z,28.0,28.0,0.5,1.105,,,,,460.214,0.0,1236.0,,,3.532,3.532,3.532,,,,,,,,,,,633.714,292.0,0.0,,,,,,,181.0,209.0,28.0,0.0,0.0,28.0,0.0,28.0,0.0,0.0,0.0,0.0,0.0,0.0,0.0,28.0,22.0,0.0,"solar_v,lipo_v"
2020-06-10T16:00:00Z,30.0,30.0,0.617,1.189,,,,,624.967,0.0,1313.0,,,3.532,3.532,3.532,,,,,,,,,,,739.0,404.033,0.0,,,,,,,210.0,239.0,29.0,0.0,0.0,30.0,0.0,30.0,0.0,0.0,0.0,0.0,0.0,0.0,0.0,30.0,25.0,0.0,"solar_v,lipo_v"
2020-06-10T17:00:00Z,29.0,29.0,0.502,1.141,,,,,552.931,0.0,1321.0,,,3.532,3.532,3.532,,,,,,,,,,,692.034,366.724,0.0,,,,,,,240.0,268.0,27.0,0.0,0.0,29.0,0.0,29.0,0.0,0.0,0.0,0.0,0.0,0.0,0.0,29.0,23.0,0.0,"solar_v,lipo_v"
2020-06-10T18:00:00Z,30.0,30.0,0.594,1.035,,,,,678.233,0.0,1260.0,,,3.532,3.532,3.532,,,,,,,,,,,761.367,448.967,0.0,,,,,,,269.0,298.0,28.0,0.0,0.0,30.0,0.0,30.0,0.0,0.0,0.0,0.0,0.0,0.0,0.0,30.0,26.0,0.0,"solar_v,lipo_v"
2020-06-10T19:00:00Z,29.0,29.0,0.562,1.114,,,,,581.276,0.0,1295.0,,,3.532,3.532,3.532,,,,,,,,,,,670.586,370.483,0.0,,,,,,,299.0,327.0,29.0,0.0,0.0,29.0,0.0,29.0,0.0,0.0,0.0,0.0,0.0,0.0,0.0,29.0,25.0,0.0,"solar_v,lipo_v"
2020-06-10T20:00:00Z,29.0,29.0,0.614,1.025,,,,,687.655,0.0,1207.0,,,3.532,3.532,3.532,,,,,,,,,,,736.931,439.034,0.0,,,,,,,328.0,357.0,29.0,0.0,0.0,29.0,0.0,29.0,0.0,0.0,0.0,0.0,0.0,0.0,0.0,29.0,27.0,0.0,"solar_v,lipo_v"
2020-06-10T21:00:00Z,29.0,29.0,0.66,1.176,,,,,691.483,0.0,1336.0,,,3.532,3.532,3.532,,,,,,,,,,,704.966,410.586,0.0,,,,,,,358.0,386.0,29.0,0.0,0.0,29.0,0.0,29.0,0.0,0.0,0.0,0.0,0.0,0.0,0.0,29.0,25.0,0.0,"solar_v,lipo_v"
2020-06-10T22:00:00Z,29.0,29.0,0.702,1.141,,,,,756.897,0.0,1331.0,,,3.532,3.532,3.532,,,,,,,,,,,729.448,464.862,0.0,,,,,,,387.0,416.0,29.0,0.0,0.0,29.0,0.0,29.0,0.0,0.0,0.0,0.0,0.0,0.0,0.0,29.0,27.0,0.0,"solar_v,lipo_v"
2020-06-10T23:00:00Z,29.0,29.0,0.675,1.169,,,,,703.138,0.0,1379.0,,,3.532,3.532,3.532,,,,,,,,,,,678.276,398.276,0.0,,,,,,,417.0,445.0,29.0,0.0,0.0,29.0,0.0,29.0,0.0,0.0,0.0,0.0,0.0,0.0,0.0,29.0,24.0,0.0,"solar_v,lipo_v"
2020-06-11T00:00:00Z,30.0,30.0,0.693,1.085,,,,,761.233,0.0,1273.0,,,3.532,3.532,3.532,,,,,,,,,,,728.5,451.2,0.0,,,,,,,446.0,475.0,30.0,0.0,0.0,30.0,0.0,30.0,0.0,0.0,0.0,0.0,0.0,0.0,0.0,30.0,27.0,0.0,"solar_v,lipo_v"
2020-06-11T01:00:00Z,28.0,28.0,0.634,1.061,,,,,689.75,0.0,1260.0,,,3.532,3.532,3.532,,,,,,,,,,,699.929,417.536,0.0,,,,,,,476.0,504.0,28.0,0.0,0.0,28.0,0.0,28.0,0.0,0.0,0.0,0.0,0.0,0.0,0.0,28.0,24.0,0.0,"solar_v,lipo_v"
2020-06-11T02:00:00Z,30.0,30.0,0.607,1.075,,,,,639.7,0.0,1279.0,,,3.532,3.532,3.532,,,,,,,,,,,687.667,391.267,0.0,,,,,,,505.0,534.0,29.0,0.0,0.0,30.0,0.0,30.0,0.0,0.0,0.0,0.0,0.0,0.0,0.0,30.0,25.0,0.0,"solar_v,lipo_v"
2020-06-11T03:00:00Z,29.0,29.0,0.388,0.946,,,,,518.897,0.0,1313.0,,,3.532,3.532,3.532,,,,,,,,,,,775.31,367.207,0.0,,,,,,,535.0,563.0,21.0,0.0,0.0,29.0,0.0,29.0,0.0,0.0,0.0,0.0,0.0,0.0,0.0,29.0,23.0,0.0,"solar_v,lipo_v"
2020-06-11T04:00:00Z,30.0,30.0,0.444,1.066,,,,,570.433,0.0,1365.0,,,3.532,3.532,3.532,,,,,,,,,,,822.833,428.433,0.0,,,,,,,564.0,593.0,23.0,0.0,0.0,30.0,0.0,30.0,0.0,0.0,0.0,0.0,0.0,0.0,0.0,30.0,27.0,0.0,"solar_v,lipo_v"
2020-06-11T05:00:00Z,30.0,30.0,0.097,0.216,,,,,5.133,0.0,154.0,,,3.532,3.532,3.532,,,,,,,,,,,569.633,259.4,0.0,,,,,,,594.0,623.0,16.0,0.0,0.0,30.0,0.0,30.0,0.0,0.0,0.0,0.0,0.0,0.0,0.0,30.0,30.0,0.0,"solar_v,lipo_v"
2020-06-11T06:00:00Z,28.0,28.0,0.0,0.0,,,,,0.0,0.0,0.0,,,3.532,3.532,3.532,,,,,,,,,,,573.75,254.0,0.0,,,,,,,624.0,652.0,0.0,0.0,0.0,28.0,0.0,28.0,0.0,0.0,0.0,0.0,0.0,0.0,0.0,28.0,28.0,0.0,"solar_v,lipo_v"
2020-06-11T07:00:00Z,28.0,28.0,0.006,0.156,,,,,0.0,0.0,0.0,,,3.532,3.532,3.532,,,,,,,,,,,568.643,253.893,0.0,,,,,,,653.0,681.0,1.0,0.0,0.0,28.0,0.0,28.0,0.0,0.0,0.0,0.0,0.0,0.0,0.0,28.0,28.0,0.0,"solar_v,lipo_v"
2020-06-11T08:00:00Z,29.0,29.0,0.005,0.156,,,,,0.0,0.0,0.0,,,3.532,3.532,3.532,,,,,,,,,,,586.0,264.931,0.0,,,,,,,682.0,711.0,1.0,0.0,0.0,29.0,0.0,29.0,0.0,0.0,0.0,0.0,0.0,0.0,0.0,29.0,29.0,0.0,"solar_v,lipo_v"
2020-06-11T09:00:00Z,29.0,29.0,0.0,0.0,,,,,0.0,0.0,0.0,,,3.532,3.532,3.532,,,,,,,,,,,592.448,268.69,0.0,,,,,,,712.0,740.0,0.0,0.0,0.0,29.0,0.0,29.0,0.0,0.0,0.0,0.0,0.0,0.0,0.0,29.0,29.0,0.0,"solar_v,lipo_v"
2020-06-11T10:00:00Z,30.0,30.0,0.0,0.0,,,,,0.0,0.0,0.0,,,3.532,3.532,3.532,,,,,,,,,,,589.8,267.867,0.0,,,,,,,741.0,770.0,0.0,0.0,0.0,30.0,0.0,30.0,0.0,0.0,0.0,0.0,0.0,0.0,0.0,30.0,30.0,0.0,"solar_v,lipo_v"
2020-06-11T11:00:00Z,1.0,1.0,0.0,0.0,,,,,0.0,0.0,0.0,,,3.532,3.532,3.532,,,,,,,,,,,576.0,255.0,0.0,,,,,,,771.0,771.0,0.0,0.0,0.0,1.0,0.0,1.0,0.0,0.0,0.0,0.0,0.0,0.0,0.0,1.0,1.0,0.0,"solar_v,lipo_v"
2020-06-12T02:00:00Z,1.0,1.0,0.0,0.0,,,,,0.0,0.0,0.0,,,0.0,0.0,0.0,,,,,,,,,,,533.0,222.0,0.0,,,,,,,1.0,1.0,0.0,0.0,0.0,1.0,0.0,1.0,0.0,0.0,0.0,0.0,0.0,0.0,0.0,1.0,1.0,0.0,"solar_v,lipo_v"
2020-06-12T05:00:00Z,1.0,1.0,1.202,1.202,,,,,1431.0,1431.0,1431.0,,,1.049,1.049,1.049,,,,,,,,,,,1598.0,1500.0,0.0,,,,,,,1.0,1.0,1.0,0.0,0.0,1.0,0.0,1.0,0.0,0.0,0.0,0.0,0.0,0.0,0.0,1.0,1.0,0.0,"solar_v,lipo_v"
