ts_utc,n_samples,n_out_of_range,solar_v_avg,solar_v_max,solar2_v_avg,solar2_v_max,solar3_v_avg,solar3_v_max,battery_v_avg,battery_v_min,battery_v_max,battery2_v_min,battery2_v_max,lipo_v_avg,lipo_v_min,lipo_v_max,lipo2_v_avg,lipo2_v_min,lipo2_v_max,current_a_avg,current_a_chA_avg,current_a_chB_avg,current2_a_avg,power_w_avg,power_w_max,load_v_avg,load1_v_avg,load2_v_avg,wind_v_avg,temp_c_avg,temp_c_min,temp_c_max,voltage_adc_avg,digital_adc_avg,energy_wh,boot_count_min,boot_count_max,solar_v_n_oor,solar2_v_n_oor,solar3_v_n_oor,battery_v_n_oor,battery2_v_n_oor,lipo_v_n_oor,lipo2_v_n_oor,current_a_n_oor,current_a_chA_n_oor,current_a_chB_n_oor,current2_a_n_oor,power_w_n_oor,load_v_n_oor,load1_v_n_oor,load2_v_n_oor,temp_c_n_oor,scaled_channels
2020-06-18T09:00:00Z,1.0,1.0,,,,,133.0,133.0,,,,0.744,0.744,,,,258.0,258.0,258.0,,1616.0,1618.0,,,,0.0,,,,,,,,,,1.0,1.0,0.0,0.0,1.0,0.0,1.0,0.0,1.0,0.0,1.0,1.0,0.0,0.0,0.0,0.0,0.0,0.0,battery2_v
2020-06-19T11:00:00Z,5.0,5.0,,,,,168.8,844.0,,,,12.583,15.076,,,,300.0,300.0,300.0,,29.6,31.8,,,,0.8,,,,,,,,,,1.0,1.0,0.0,0.0,1.0,0.0,5.0,0.0,5.0,0.0,4.0,4.0,0.0,0.0,0.0,0.0,0.0,0.0,battery2_v
2020-06-19T12:00:00Z,19.0,19.0,,,,,786.474,820.0,,,,12.313,12.777,,,,300.0,300.0,300.0,,1230.0,-263.895,,,,0.526,,,,,,,,,,1.0,19.0,0.0,0.0,19.0,0.0,19.0,0.0,19.0,0.0,19.0,19.0,0.0,0.0,0.0,0.0,0.0,0.0,battery2_v
2020-06-19T13:00:00Z,29.0,29.0,,,,,780.897,820.0,,,,12.261,12.729,,,,300.0,300.0,300.0,,1230.0,-276.207,,,,0.517,,,,,,,,,,20.0,48.0,0.0,0.0,29.0,0.0,29.0,0.0,29.0,0.0,29.0,29.0,0.0,0.0,0.0,0.0,0.0,0.0,battery2_v
2020-06-19T14:00:00Z,30.0,30.0,,,,,772.867,817.0,,,,12.233,12.677,,,,300.0,300.0,300.0,,1230.0,-282.233,,,,0.5,,,,,,,,,,49.0,78.0,0.0,0.0,30.0,0.0,30.0,0.0,30.0,0.0,30.0,30.0,0.0,0.0,0.0,0.0,0.0,0.0,battery2_v
2020-06-19T15:00:00Z,30.0,30.0,,,,,770.867,812.0,,,,12.204,12.639,,,,300.0,300.0,300.0,,1230.0,-279.967,,,,0.5,,,,,,,,,,79.0,108.0,0.0,0.0,30.0,0.0,30.0,0.0,30.0,0.0,30.0,30.0,0.0,0.0,0.0,0.0,0.0,0.0,battery2_v
2020-06-19T16:00:00Z,29.0,29.0,,,,,772.31,812.0,,,,12.185,12.62,,,,300.0,300.0,300.0,,1230.0,-282.552,,,,0.448,,,,,,,,,,109.0,137.0,0.0,0.0,29.0,0.0,29.0,0.0,29.0,0.0,29.0,29.0,0.0,0.0,0.0,0.0,0.0,0.0,battery2_v
2020-06-19T17:00:00Z,30.0,30.0,,,,,779.233,813.0,,,,12.181,12.611,,,,300.0,300.0,300.0,,1230.0,-229.433,,,,0.3,,,,,,,,,,138.0,167.0,0.0,0.0,30.0,0.0,30.0,0.0,30.0,0.0,30.0,30.0,0.0,0.0,0.0,0.0,0.0,0.0,battery2_v
2020-06-19T18:00:00Z,29.0,29.0,,,,,781.621,808.0,,,,12.176,12.606,,,,300.0,300.0,300.0,,1230.0,-195.759,,,,0.207,,,,,,,,,,168.0,196.0,0.0,0.0,29.0,0.0,29.0,0.0,29.0,0.0,29.0,29.0,0.0,0.0,0.0,0.0,0.0,0.0,battery2_v
2020-06-19T19:00:00Z,30.0,30.0,,,,,789.867,810.0,,,,12.176,12.602,,,,300.0,300.0,300.0,,1230.0,-138.933,,,,0.067,,,,,,,,,,197.0,226.0,0.0,0.0,30.0,0.0,30.0,0.0,30.0,0.0,30.0,30.0,0.0,0.0,0.0,0.0,0.0,0.0,battery2_v
2020-06-19T20:00:00Z,29.0,29.0,,,,,788.379,811.0,,,,12.171,12.597,,,,300.0,300.0,300.0,,1230.0,-134.31,,,,0.0,,,,,,,,,,227.0,255.0,0.0,0.0,29.0,0.0,29.0,0.0,29.0,0.0,29.0,29.0,0.0,0.0,0.0,0.0,0.0,0.0,battery2_v
2020-06-19T21:00:00Z,30.0,30.0,,,,,787.2,809.0,,,,12.578,12.597,,,,300.0,300.0,300.0,,1230.0,-116.533,,,,0.0,,,,,,,,,,256.0,285.0,0.0,0.0,30.0,0.0,30.0,0.0,30.0,0.0,30.0,30.0,0.0,0.0,0.0,0.0,0.0,0.0,battery2_v
2020-06-19T22:00:00Z,29.0,29.0,,,,,651.103,808.0,,,,12.573,12.592,,,,300.0,300.0,300.0,,1230.0,-112.448,,,,0.0,,,,,,,,,,286.0,314.0,0.0,0.0,27.0,0.0,29.0,0.0,29.0,0.0,29.0,29.0,0.0,0.0,0.0,0.0,0.0,0.0,battery2_v
2020-06-19T23:00:00Z,30.0,30.0,,,,,685.733,759.0,,,,12.573,12.592,,,,300.0,300.0,300.0,,1230.0,-112.667,,,,0.0,,,,,,,,,,315.0,344.0,0.0,0.0,30.0,0.0,30.0,0.0,30.0,0.0,30.0,30.0,0.0,0.0,0.0,0.0,0.0,0.0,battery2_v
2020-06-20T00:00:00Z,29.0,29.0,,,,,186.172,692.0,,,,12.181,12.62,,,,300.0,300.0,300.0,,1230.0,-164.241,,,,0.207,,,,,,,,,,345.0,373.0,0.0,0.0,8.0,0.0,29.0,0.0,29.0,0.0,29.0,29.0,0.0,0.0,0.0,0.0,0.0,0.0,battery2_v
2020-06-20T01:00:00Z,30.0,30.0,,,,,0.0,0.0,,,,12.157,12.706,,,,300.0,300.0,300.0,,1230.0,-230.333,,,,0.5,,,,,,,,,,374.0,403.0,0.0,0.0,0.0,0.0,30.0,0.0,30.0,0.0,30.0,30.0,0.0,0.0,0.0,0.0,0.0,0.0,battery2_v
2020-06-20T02:00:00Z,30.0,30.0,,,,,0.0,0.0,,,,12.171,12.928,,,,300.0,300.0,300.0,,1230.0,-183.7,,,,0.5,,,,,,,,,,404.0,433.0,0.0,0.0,0.0,0.0,30.0,0.0,30.0,0.0,30.0,22.0,0.0,0.0,0.0,0.0,0.0,0.0,battery2_v
2020-06-20T03:00:00Z,28.0,28.0,,,,,0.0,0.0,,,,12.294,12.952,,,,300.0,300.0,300.0,,1230.0,-150.786,,,,0.5,,,,,,,,,,434.0,462.0,0.0,0.0,0.0,0.0,28.0,0.0,28.0,0.0,28.0,15.0,0.0,0.0,0.0,0.0,0.0,0.0,battery2_v
2020-06-20T04:00:00Z,30.0,30.0,,,,,0.0,0.0,,,,12.374,13.06,,,,300.0,300.0,300.0,,1230.0,-124.2,,,,0.533,,,,,,,,,,463.0,492.0,0.0,0.0,0.0,0.0,30.0,0.0,30.0,0.0,30.0,21.0,0.0,0.0,0.0,0.0,0.0,0.0,battery2_v
2020-06-20T05:00:00Z,29.0,29.0,,,,,0.0,0.0,,,,12.493,13.098,,,,300.0,300.0,300.0,,1230.0,-161.828,,,,0.586,,,,,,,,,,493.0,521.0,0.0,0.0,0.0,0.0,29.0,0.0,29.0,0.0,29.0,20.0,0.0,0.0,0.0,0.0,0.0,0.0,battery2_v
2020-06-20T06:00:00Z,30.0,30.0,,,,,0.0,0.0,,,,12.27,13.065,,,,300.0,300.0,300.0,,1230.0,-171.733,,,,0.533,,,,,,,,,,522.0,551.0,0.0,0.0,0.0,0.0,30.0,0.0,30.0,0.0,30.0,15.0,0.0,0.0,0.0,0.0,0.0,0.0,battery2_v
2020-06-20T07:00:00Z,29.0,29.0,,,,,0.0,0.0,,,,12.389,13.141,,,,300.0,300.0,300.0,,1230.0,-189.897,,,,0.483,,,,,,,,,,552.0,580.0,0.0,0.0,0.0,0.0,29.0,0.0,29.0,0.0,29.0,17.0,0.0,0.0,0.0,0.0,0.0,0.0,battery2_v
2020-06-20T08:00:00Z,30.0,30.0,,,,,0.0,0.0,,,,12.351,13.15,,,,300.0,300.0,300.0,,1230.0,-191.467,,,,0.533,,,,,,,,,,581.0,610.0,0.0,0.0,0.0,0.0,30.0,0.0,30.0,0.0,30.0,28.0,0.0,0.0,0.0,0.0,0.0,0.0,battery2_v
2020-06-20T09:00:00Z,29.0,29.0,,,,,318.724,656.0,,,,12.171,12.867,,,,300.0,300.0,300.0,,1230.0,-233.69,,,,0.276,,,,,,,,,,611.0,639.0,0.0,0.0,17.0,0.0,29.0,0.0,29.0,0.0,29.0,29.0,0.0,0.0,0.0,0.0,0.0,0.0,battery2_v
2020-06-20T10:00:00Z,28.0,28.0,,,,,688.786,831.0,,,,12.162,12.71,,,,300.0,300.0,300.0,,1230.0,-208.893,,,,0.214,,,,,,,,,,640.0,669.0,0.0,0.0,28.0,0.0,28.0,0.0,28.0,0.0,28.0,26.0,0.0,0.0,0.0,0.0,0.0,0.0,battery2_v
2020-06-20T11:00:00Z,29.0,29.0,,,,,797.586,890.0,,,,12.152,12.819,,,,300.0,300.0,300.0,,1230.0,-202.862,,,,0.172,,,,,,,,,,670.0,698.0,0.0,0.0,29.0,0.0,29.0,0.0,29.0,0.0,29.0,29.0,0.0,0.0,0.0,0.0,0.0,0.0,battery2_v
2020-06-20T12:00:00Z,30.0,30.0,,,,,784.233,806.0,,,,12.545,12.564,,,,300.0,300.0,300.0,,1230.0,-169.9,,,,0.0,,,,,,,,,,699.0,728.0,0.0,0.0,30.0,0.0,30.0,0.0,30.0,0.0,30.0,30.0,0.0,0.0,0.0,0.0,0.0,0.0,battery2_v
2020-06-20T13:00:00Z,29.0,29.0,,,,,785.034,806.0,,,,12.545,12.564,,,,300.0,300.0,300.0,,1230.0,-169.828,,,,0.0,,,,,,,,,,729.0,757.0,0.0,0.0,29.0,0.0,29.0,0.0,29.0,0.0,29.0,29.0,0.0,0.0,0.0,0.0,0.0,0.0,battery2_v
2020-06-20T14:00:00Z,29.0,29.0,,,,,780.655,805.0,,,,12.54,12.554,,,,300.0,300.0,300.0,,1230.0,-165.448,,,,0.0,,,,,,,,,,758.0,787.0,0.0,0.0,29.0,0.0,29.0,0.0,29.0,0.0,29.0,29.0,0.0,0.0,0.0,0.0,0.0,0.0,battery2_v
2020-06-20T15:00:00Z,28.0,28.0,,,,,784.607,806.0,,,,12.535,12.55,,,,300.0,300.0,300.0,,1230.0,-163.0,,,,0.0,,,,,,,,,,788.0,817.0,0.0,0.0,28.0,0.0,28.0,0.0,28.0,0.0,28.0,28.0,0.0,0.0,0.0,0.0,0.0,0.0,battery2_v
2020-06-20T16:00:00Z,28.0,28.0,,,,,784.643,804.0,,,,12.531,12.545,,,,300.0,300.0,300.0,,1230.0,-156.107,,,,0.0,,,,,,,,,,818.0,846.0,0.0,0.0,28.0,0.0,28.0,0.0,28.0,0.0,28.0,28.0,0.0,0.0,0.0,0.0,0.0,0.0,battery2_v
2020-06-20T17:00:00Z,30.0,30.0,,,,,781.967,805.0,,,,12.526,12.55,,,,300.0,300.0,300.0,,1230.0,-147.433,,,,0.0,,,,,,,,,,847.0,876.0,0.0,0.0,30.0,0.0,30.0,0.0,30.0,0.0,30.0,30.0,0.0,0.0,0.0,0.0,0.0,0.0,battery2_v
2020-06-20T18:00:00Z,28.0,28.0,,,,,784.179,803.0,,,,12.531,12.545,,,,300.0,300.0,300.0,,1230.0,-141.357,,,,0.0,,,,,,,,,,877.0,905.0,0.0,0.0,28.0,0.0,28.0,0.0,28.0,0.0,28.0,28.0,0.0,0.0,0.0,0.0,0.0,0.0,battery2_v
2020-06-20T19:00:00Z,30.0,30.0,,,,,781.8,805.0,,,,12.521,12.54,,,,300.0,300.0,300.0,,1230.0,-139.933,,,,0.0,,,,,,,,,,906.0,935.0,0.0,0.0,30.0,0.0,30.0,0.0,30.0,0.0,30.0,30.0,0.0,0.0,0.0,0.0,0.0,0.0,battery2_v
2020-06-20T20:00:00Z,29.0,29.0,,,,,785.069,804.0,,,,12.521,12.535,,,,300.0,300.0,300.0,,1230.0,-132.0,,,,0.0,,,,,,,,,,936.0,964.0,0.0,0.0,29.0,0.0,29.0,0.0,29.0,0.0,29.0,29.0,0.0,0.0,0.0,0.0,0.0,0.0,battery2_v
2020-06-20T21:00:00Z,29.0,29.0,,,,,783.241,803.0,,,,12.516,12.535,,,,300.0,300.0,300.0,,1230.0,-129.931,,,,0.0,,,,,,,,,,965.0,994.0,0.0,0.0,29.0,0.0,29.0,0.0,29.0,0.0,29.0,29.0,0.0,0.0,0.0,0.0,0.0,0.0,battery2_v
2020-06-20T22:00:00Z,30.0,30.0,,,,,635.5,801.0,,,,12.512,12.531,,,,300.0,300.0,300.0,,1230.0,-125.467,,,,0.0,,,,,,,,,,995.0,1024.0,0.0,0.0,27.0,0.0,30.0,0.0,30.0,0.0,30.0,30.0,0.0,0.0,0.0,0.0,0.0,0.0,battery2_v
2020-06-20T23:00:00Z,29.0,29.0,,,,,426.207,741.0,,,,12.502,12.554,,,,300.0,300.0,300.0,,1230.0,-119.69,,,,0.0,,,,,,,,,,1025.0,1053.0,0.0,0.0,18.0,0.0,29.0,0.0,29.0,0.0,29.0,29.0,0.0,0.0,0.0,0.0,0.0,0.0,battery2_v
2020-06-21T00:00:00Z,16.0,16.0,,,,,0.0,0.0,,,,12.119,12.625,,,,300.0,300.0,300.0,,1230.0,-138.062,,,,0.188,,,,,,,,,,1054.0,1069.0,0.0,0.0,0.0,0.0,16.0,0.0,16.0,0.0,16.0,16.0,0.0,0.0,0.0,0.0,0.0,0.0,battery2_v
2020-06-21T06:00:00Z,7.0,7.0,,,,,711.429,718.0,,,,12.488,12.507,,,,300.0,300.0,300.0,,1230.0,-149.143,,,,0.0,,,,,,,,,,1233.0,1240.0,0.0,0.0,7.0,0.0,7.0,0.0,7.0,0.0,7.0,7.0,0.0,0.0,0.0,0.0,0.0,0.0,battery2_v
2020-06-21T07:00:00Z,17.0,17.0,,,,,723.235,734.0,,,,12.483,12.497,,,,300.0,300.0,300.0,,1230.0,-149.0,,,,0.0,,,,,,,,,,1253.0,1269.0,0.0,0.0,17.0,0.0,17.0,0.0,17.0,0.0,17.0,17.0,0.0,0.0,0.0,0.0,0.0,0.0,battery2_v
2020-06-21T08:00:00Z,29.0,29.0,,,,,459.828,705.0,,,,12.479,12.521,,,,300.0,300.0,300.0,,1230.0,-148.138,,,,0.0,,,,,,,,,,1270.0,1298.0,0.0,0.0,20.0,0.0,29.0,0.0,29.0,0.0,29.0,29.0,0.0,0.0,0.0,0.0,0.0,0.0,battery2_v
2020-06-21T09:00:00Z,30.0,30.0,,,,,108.633,636.0,,,,12.479,12.535,,,,300.0,300.0,300.0,,1230.0,-148.867,,,,0.0,,,,,,,,,,1299.0,1328.0,0.0,0.0,7.0,0.0,30.0,0.0,30.0,0.0,30.0,30.0,0.0,0.0,0.0,0.0,0.0,0.0,battery2_v
2020-06-21T10:00:00Z,26.0,26.0,,,,,720.077,796.0,,,,12.228,12.687,,,,300.0,300.0,300.0,,1230.0,-138.038,,,,0.077,,,,,,,,,,1329.0,1355.0,0.0,0.0,26.0,0.0,26.0,0.0,26.0,0.0,26.0,24.0,0.0,0.0,0.0,0.0,0.0,0.0,battery2_v
2020-06-21T11:00:00Z,30.0,30.0,,,,,763.967,801.0,,,,12.176,12.644,,,,300.0,300.0,300.0,,1230.0,-134.467,,,,0.033,,,,,,,,,,1358.0,1387.0,0.0,0.0,30.0,0.0,30.0,0.0,30.0,0.0,30.0,29.0,0.0,0.0,0.0,0.0,0.0,0.0,battery2_v
2020-06-21T12:00:00Z,29.0,29.0,,,,,776.276,798.0,,,,12.474,12.488,,,,300.0,300.0,300.0,,1230.0,-127.931,,,,0.0,,,,,,,,,,1388.0,1416.0,0.0,0.0,29.0,0.0,29.0,0.0,29.0,0.0,29.0,29.0,0.0,0.0,0.0,0.0,0.0,0.0,battery2_v
2020-06-21T13:00:00Z,29.0,29.0,,,,,775.069,795.0,,,,12.474,12.488,,,,300.0,300.0,300.0,,1230.0,-123.207,,,,0.0,,,,,,,,,,1417.0,1446.0,0.0,0.0,29.0,0.0,29.0,0.0,29.0,0.0,29.0,29.0,0.0,0.0,0.0,0.0,0.0,0.0,battery2_v
2020-06-21T14:00:00Z,29.0,29.0,,,,,779.103,798.0,,,,12.469,12.479,,,,300.0,300.0,300.0,,1230.0,-122.621,,,,0.0,,,,,,,,,,1447.0,1475.0,0.0,0.0,29.0,0.0,29.0,0.0,29.0,0.0,29.0,29.0,0.0,0.0,0.0,0.0,0.0,0.0,battery2_v
2020-06-21T15:00:00Z,30.0,30.0,,,,,775.1,798.0,,,,12.46,12.483,,,,300.0,300.0,300.0,,1230.0,-120.2,,,,0.0,,,,,,,,,,1476.0,1505.0,0.0,0.0,30.0,0.0,30.0,0.0,30.0,0.0,30.0,30.0,0.0,0.0,0.0,0.0,0.0,0.0,battery2_v
2020-06-21T16:00:00Z,28.0,28.0,,,,,776.429,797.0,,,,12.455,12.474,,,,300.0,300.0,300.0,,1230.0,-119.607,,,,0.0,,,,,,,,,,1506.0,1534.0,0.0,0.0,28.0,0.0,28.0,0.0,28.0,0.0,28.0,28.0,0.0,0.0,0.0,0.0,0.0,0.0,battery2_v
2020-06-21T17:00:00Z,30.0,30.0,,,,,777.333,795.0,,,,12.45,12.474,,,,300.0,300.0,300.0,,1230.0,-113.7,,,,0.0,,,,,,,,,,1535.0,1564.0,0.0,0.0,30.0,0.0,30.0,0.0,30.0,0.0,30.0,30.0,0.0,0.0,0.0,0.0,0.0,0.0,battery2_v
2020-06-21T18:00:00Z,26.0,26.0,,,,,777.231,795.0,,,,12.45,12.469,,,,300.0,300.0,300.0,,1230.0,-110.5,,,,0.0,,,,,,,,,,1565.0,1593.0,0.0,0.0,26.0,0.0,26.0,0.0,26.0,0.0,26.0,26.0,0.0,0.0,0.0,0.0,0.0,0.0,battery2_v
2020-06-21T19:00:00Z,30.0,30.0,,,,,775.467,796.0,,,,12.445,12.464,,,,300.0,300.0,300.0,,1230.0,-107.033,,,,0.0,,,,,,,,,,1594.0,1623.0,0.0,0.0,30.0,0.0,30.0,0.0,30.0,0.0,30.0,30.0,0.0,0.0,0.0,0.0,0.0,0.0,battery2_v
2020-06-21T20:00:00Z,30.0,30.0,,,,,772.767,796.0,,,,12.441,12.46,,,,300.0,300.0,300.0,,1230.0,-104.8,,,,0.0,,,,,,,,,,1624.0,1653.0,0.0,0.0,30.0,0.0,30.0,0.0,30.0,0.0,30.0,30.0,0.0,0.0,0.0,0.0,0.0,0.0,battery2_v
2020-06-21T21:00:00Z,29.0,29.0,,,,,774.621,795.0,,,,12.441,12.46,,,,300.0,300.0,300.0,,1230.0,-100.724,,,,0.0,,,,,,,,,,1654.0,1682.0,0.0,0.0,29.0,0.0,29.0,0.0,29.0,0.0,29.0,29.0,0.0,0.0,0.0,0.0,0.0,0.0,battery2_v
2020-06-21T22:00:00Z,30.0,30.0,,,,,645.567,789.0,,,,12.441,12.46,,,,300.0,300.0,300.0,,1230.0,-96.867,,,,0.0,,,,,,,,,,1683.0,1712.0,0.0,0.0,28.0,0.0,30.0,0.0,30.0,0.0,30.0,30.0,0.0,0.0,0.0,0.0,0.0,0.0,battery2_v
2020-06-21T23:00:00Z,27.0,27.0,,,,,471.423,734.0,,,,12.431,12.488,,,,300.0,300.0,300.0,,1230.0,-95.741,,,,0.0,,,,,,,,,,1713.0,1741.0,0.0,0.0,18.0,0.0,27.0,0.0,27.0,0.0,27.0,27.0,0.0,0.0,0.0,0.0,0.0,0.0,battery2_v
2020-06-22T00:00:00Z,30.0,30.0,,,,,63.367,642.0,,,,12.166,12.62,,,,300.0,300.0,300.0,,1230.0,-105.267,,,,0.2,,,,,,,,,,1742.0,1771.0,0.0,0.0,3.0,0.0,30.0,0.0,30.0,0.0,30.0,21.0,0.0,0.0,0.0,0.0,0.0,0.0,battery2_v
2020-06-22T01:00:00Z,29.0,29.0,,,,,14.103,409.0,,,,12.062,12.725,,,,300.0,300.0,300.0,,1230.0,-156.828,,,,0.414,,,,,,,,,,1772.0,1800.0,0.0,0.0,1.0,0.0,29.0,0.0,29.0,0.0,29.0,17.0,0.0,0.0,0.0,0.0,0.0,0.0,battery2_v
2020-06-22T02:00:00Z,30.0,30.0,,,,,0.0,0.0,,,,12.105,12.611,,,,300.0,300.0,300.0,,1230.0,-95.4,,,,0.067,,,,,,,,,,1801.0,1830.0,0.0,0.0,0.0,0.0,30.0,0.0,30.0,0.0,30.0,28.0,0.0,0.0,0.0,0.0,0.0,0.0,battery2_v
2020-06-22T03:00:00Z,1.0,1.0,,,,,0.0,0.0,,,,12.568,12.568,,,,300.0,300.0,300.0,,1230.0,-66.0,,,,0.0,,,,,,,,,,1831.0,1831.0,0.0,0.0,0.0,0.0,1.0,0.0,1.0,0.0,1.0,1.0,0.0,0.0,0.0,0.0,0.0,0.0,battery2_v
2020-06-23T03:00:00Z,3.0,3.0,,,,,8.0,12.0,,,,12.8,12.857,,,,337.0,300.0,358.0,,5.0,233.333,,,,0.667,,,,,,,,,,1.0,3.0,0.0,0.0,0.0,0.0,3.0,0.0,3.0,0.0,0.0,3.0,0.0,0.0,0.0,0.0,0.0,0.0,battery2_v
2020-06-23T04:00:00Z,30.0,30.0,,,,,12.8,13.0,,,,12.417,12.852,,,,348.8,348.0,351.0,,-52.333,181.333,,,,0.167,,,,,,,,,,4.0,33.0,0.0,0.0,0.0,0.0,30.0,0.0,30.0,0.0,8.0,28.0,0.0,0.0,0.0,0.0,0.0,0.0,battery2_v
2020-06-23T05:00:00Z,30.0,30.0,,,,,13.0,13.0,,,,12.398,12.753,,,,348.033,348.0,349.0,,-46.767,183.033,,,,0.0,,,,,,,,,,34.0,63.0,0.0,0.0,0.0,0.0,30.0,0.0,30.0,0.0,5.0,29.0,0.0,0.0,0.0,0.0,0.0,0.0,battery2_v
2020-06-23T06:00:00Z,30.0,30.0,,,,,13.9,20.0,,,,12.341,12.748,,,,345.233,334.0,348.0,,-113.7,91.667,,,,0.0,,,,,,,,,,64.0,93.0,0.0,0.0,0.0,0.0,30.0,0.0,30.0,0.0,16.0,22.0,0.0,0.0,0.0,0.0,0.0,0.0,battery2_v
2020-06-23T07:00:00Z,28.0,28.0,,,,,13.0,13.0,,,,12.36,12.63,,,,345.714,341.0,348.0,,-107.321,92.071,,,,0.0,,,,,,,,,,94.0,123.0,0.0,0.0,0.0,0.0,28.0,0.0,28.0,0.0,28.0,23.0,0.0,0.0,0.0,0.0,0.0,0.0,battery2_v
2020-06-23T08:00:00Z,29.0,29.0,,,,,13.552,20.0,,,,12.332,12.516,,,,346.069,344.0,348.0,,-141.966,61.034,,,,0.0,,,,,,,,,,124.0,153.0,0.0,0.0,0.0,0.0,29.0,0.0,29.0,0.0,29.0,24.0,0.0,0.0,0.0,0.0,0.0,0.0,battery2_v
2020-06-23T09:00:00Z,28.0,28.0,,,,,13.0,13.0,,,,12.308,12.54,,,,345.214,344.0,346.0,,-171.143,30.321,,,,0.0,,,,,,,,,,154.0,182.0,0.0,0.0,0.0,0.0,28.0,0.0,28.0,0.0,28.0,2.0,0.0,0.0,0.0,0.0,0.0,0.0,battery2_v
2020-06-23T10:00:00Z,29.0,29.0,,,,,3.552,16.0,,,,12.28,12.635,,,,345.172,344.0,346.0,,-181.241,50.103,,,,0.0,,,,,,,,,,183.0,212.0,0.0,0.0,0.0,0.0,29.0,0.0,29.0,0.0,28.0,10.0,0.0,0.0,0.0,0.0,0.0,0.0,battery2_v
2020-06-23T11:00:00Z,30.0,30.0,,,,,0.667,5.0,,,,12.266,12.54,,,,345.133,344.0,346.0,,-163.9,76.167,,,,0.0,,,,,,,,,,213.0,242.0,0.0,0.0,0.0,0.0,30.0,0.0,30.0,0.0,30.0,16.0,0.0,0.0,0.0,0.0,0.0,0.0,battery2_v
2020-06-23T12:00:00Z,29.0,29.0,,,,,0.0,0.0,,,,12.251,12.27,,,,344.552,344.0,346.0,,-203.966,30.586,,,,0.0,,,,,,,,,,243.0,272.0,0.0,0.0,0.0,0.0,29.0,0.0,29.0,0.0,29.0,0.0,0.0,0.0,0.0,0.0,0.0,0.0,battery2_v
2020-06-23T13:00:00Z,30.0,30.0,,,,,0.0,0.0,,,,12.228,12.251,,,,344.933,344.0,346.0,,-202.7,36.233,,,,0.0,,,,,,,,,,273.0,302.0,0.0,0.0,0.0,0.0,30.0,0.0,30.0,0.0,30.0,0.0,0.0,0.0,0.0,0.0,0.0,0.0,battery2_v
2020-06-23T14:00:00Z,30.0,30.0,,,,,0.167,1.0,,,,12.204,12.233,,,,345.933,344.0,346.0,,-204.267,3.567,,,,0.0,,,,,,,,,,303.0,332.0,0.0,0.0,0.0,0.0,30.0,0.0,30.0,0.0,30.0,0.0,0.0,0.0,0.0,0.0,0.0,0.0,battery2_v
2020-06-23T15:00:00Z,31.0,31.0,,,,,0.032,1.0,,,,12.199,12.606,,,,349.29,346.0,351.0,,-25.452,275.258,,,,0.0,,,,,,,,,,333.0,363.0,0.0,0.0,0.0,0.0,31.0,0.0,31.0,0.0,2.0,29.0,0.0,0.0,0.0,0.0,0.0,0.0,battery2_v
2020-06-23T16:00:00Z,30.0,30.0,,,,,0.0,0.0,,,,12.597,12.606,,,,350.6,349.0,351.0,,-12.533,303.4,,,,0.0,,,,,,,,,,364.0,393.0,0.0,0.0,0.0,0.0,30.0,0.0,30.0,0.0,0.0,30.0,0.0,0.0,0.0,0.0,0.0,0.0,battery2_v
2020-06-23T17:00:00Z,29.0,29.0,,,,,0.0,0.0,,,,12.597,12.606,,,,351.0,351.0,351.0,,-12.0,312.172,,,,0.0,,,,,,,,,,394.0,422.0,0.0,0.0,0.0,0.0,29.0,0.0,29.0,0.0,0.0,29.0,0.0,0.0,0.0,0.0,0.0,0.0,battery2_v
2020-06-23T18:00:00Z,30.0,30.0,,,,,0.0,0.0,,,,12.587,12.602,,,,351.367,351.0,354.0,,-11.833,317.1,,,,0.0,,,,,,,,,,423.0,452.0,0.0,0.0,0.0,0.0,30.0,0.0,30.0,0.0,0.0,30.0,0.0,0.0,0.0,0.0,0.0,0.0,battery2_v
2020-06-23T19:00:00Z,31.0,31.0,,,,,0.0,0.0,,,,12.587,12.597,,,,351.387,351.0,353.0,,-11.129,323.387,,,,0.0,,,,,,,,,,453.0,483.0,0.0,0.0,0.0,0.0,31.0,0.0,31.0,0.0,0.0,31.0,0.0,0.0,0.0,0.0,0.0,0.0,battery2_v
2020-06-23T20:00:00Z,30.0,30.0,,,,,0.0,0.0,,,,12.583,12.592,,,,352.733,351.0,353.0,,-10.9,328.067,,,,0.0,,,,,,,,,,484.0,513.0,0.0,0.0,0.0,0.0,30.0,0.0,30.0,0.0,0.0,30.0,0.0,0.0,0.0,0.0,0.0,0.0,battery2_v
2020-06-23T21:00:00Z,30.0,30.0,,,,,0.0,0.0,,,,12.578,12.587,,,,352.933,351.0,353.0,,-10.5,334.033,,,,0.0,,,,,,,,,,514.0,543.0,0.0,0.0,0.0,0.0,30.0,0.0,30.0,0.0,0.0,30.0,0.0,0.0,0.0,0.0,0.0,0.0,battery2_v
2020-06-23T22:00:00Z,30.0,30.0,,,,,2.133,12.0,,,,12.578,12.587,,,,353.133,353.0,354.0,,-10.2,336.933,,,,0.0,,,,,,,,,,544.0,573.0,0.0,0.0,0.0,0.0,30.0,0.0,30.0,0.0,0.0,30.0,0.0,0.0,0.0,0.0,0.0,0.0,battery2_v
2020-06-23T23:00:00Z,29.0,29.0,,,,,5.138,13.0,,,,12.568,12.62,,,,353.345,353.0,354.0,,-6.655,342.759,,,,0.0,,,,,,,,,,574.0,602.0,0.0,0.0,0.0,0.0,29.0,0.0,29.0,0.0,0.0,29.0,0.0,0.0,0.0,0.0,0.0,0.0,battery2_v
2020-06-24T00:00:00Z,31.0,31.0,,,,,13.452,20.0,,,,12.63,12.748,,,,353.097,353.0,354.0,,24.581,373.742,,,,0.0,,,,,,,,,,603.0,633.0,0.0,0.0,0.0,0.0,31.0,0.0,31.0,0.0,3.0,31.0,0.0,0.0,0.0,0.0,0.0,0.0,battery2_v
2020-06-24T01:00:00Z,29.0,29.0,,,,,4054.103,13108.0,,,,12.308,12.862,,,,2210.31,300.0,7097.0,,0.828,204.966,,,,0.103,,,,,,,,,,1.0,654.0,0.0,0.0,9.0,0.0,29.0,0.0,29.0,0.0,26.0,26.0,0.0,0.0,0.0,0.0,0.0,0.0,battery2_v
2020-06-24T02:00:00Z,29.0,29.0,,,,,12901.103,13096.0,,,,12.706,12.956,,,,7097.0,7097.0,7097.0,,96.103,77.724,,,,1.0,,,,,,,,,,10.0,39.0,0.0,0.0,29.0,0.0,29.0,0.0,29.0,0.0,24.0,22.0,0.0,0.0,0.0,0.0,0.0,0.0,battery2_v
2020-06-24T03:00:00Z,29.0,29.0,,,,,12881.034,13038.0,,,,12.748,12.975,,,,7097.0,7097.0,7097.0,,88.276,62.379,,,,1.0,,,,,,,,,,40.0,69.0,0.0,0.0,29.0,0.0,29.0,0.0,29.0,0.0,17.0,16.0,0.0,0.0,0.0,0.0,0.0,0.0,battery2_v
2020-06-24T04:00:00Z,30.0,30.0,,,,,13947.367,19262.0,,,,12.677,13.127,,,,7097.0,7097.0,7097.0,,54.333,15.033,,,,1.0,,,,,,,,,,70.0,99.0,0.0,0.0,30.0,0.0,30.0,0.0,30.0,0.0,10.0,13.0,0.0,0.0,0.0,0.0,0.0,0.0,battery2_v
2020-06-24T05:00:00Z,30.0,30.0,,,,,12815.267,13085.0,,,,12.72,13.16,,,,7097.0,7097.0,7097.0,,94.333,57.8,,,,1.0,,,,,,,,,,100.0,129.0,0.0,0.0,30.0,0.0,30.0,0.0,30.0,0.0,20.0,18.0,0.0,0.0,0.0,0.0,0.0,0.0,battery2_v
2020-06-24T06:00:00Z,30.0,30.0,,,,,12799.933,13213.0,,,,12.62,13.165,,,,7097.0,7097.0,7097.0,,95.4,-4.733,,,,1.0,,,,,,,,,,130.0,159.0,0.0,0.0,30.0,0.0,30.0,0.0,30.0,0.0,28.0,14.0,0.0,0.0,0.0,0.0,0.0,0.0,battery2_v
2020-06-24T07:00:00Z,30.0,30.0,,,,,13348.067,13576.0,,,,12.351,12.942,,,,7097.0,7097.0,7097.0,,-66.267,-287.9,,,,1.0,,,,,,,,,,160.0,189.0,0.0,0.0,30.0,0.0,30.0,0.0,30.0,0.0,25.0,29.0,0.0,0.0,0.0,0.0,0.0,0.0,battery2_v
2020-06-24T08:00:00Z,29.0,29.0,,,,,15078.517,21766.0,,,,12.228,12.427,,,,7097.0,7097.0,7097.0,,-161.069,-453.241,,,,1.0,,,,,,,,,,190.0,219.0,0.0,0.0,29.0,0.0,29.0,0.0,29.0,0.0,29.0,29.0,0.0,0.0,0.0,0.0,0.0,0.0,battery2_v
2020-06-24T09:00:00Z,30.0,30.0,,,,,12356.667,13787.0,,,,12.195,12.63,,,,7097.0,7097.0,7097.0,,-110.433,-347.667,,,,0.633,,,,,,,,,,220.0,249.0,0.0,0.0,30.0,0.0,30.0,0.0,30.0,0.0,20.0,29.0,0.0,0.0,0.0,0.0,0.0,0.0,battery2_v
2020-06-24T10:00:00Z,30.0,30.0,,,,,2952.6,10499.0,,,,12.185,12.833,,,,7097.0,7097.0,7097.0,,-7.367,-113.633,,,,0.1,,,,,,,,,,250.0,279.0,0.0,0.0,30.0,0.0,30.0,0.0,30.0,0.0,8.0,25.0,0.0,0.0,0.0,0.0,0.0,0.0,battery2_v
2020-06-24T11:00:00Z,29.0,29.0,,,,,477.586,2836.0,,,,12.242,12.814,,,,7097.0,7097.0,7097.0,,-0.552,-106.379,,,,0.138,,,,,,,,,,280.0,309.0,0.0,0.0,16.0,0.0,29.0,0.0,29.0,0.0,9.0,25.0,0.0,0.0,0.0,0.0,0.0,0.0,battery2_v
2020-06-24T12:00:00Z,30.0,30.0,,,,,148.233,297.0,,,,12.531,12.762,,,,7097.0,7097.0,7097.0,,1.067,-89.333,,,,0.0,,,,,,,,,,310.0,339.0,0.0,0.0,16.0,0.0,30.0,0.0,30.0,0.0,4.0,26.0,0.0,0.0,0.0,0.0,0.0,0.0,battery2_v
2020-06-24T13:00:00Z,29.0,29.0,,,,,305.828,320.0,,,,12.526,12.54,,,,7097.0,7097.0,7097.0,,-16.828,-102.655,,,,0.0,,,,,,,,,,340.0,369.0,0.0,0.0,29.0,0.0,29.0,0.0,29.0,0.0,0.0,29.0,0.0,0.0,0.0,0.0,0.0,0.0,battery2_v
2020-06-24T14:00:00Z,30.0,30.0,,,,,334.433,355.0,,,,12.512,12.531,,,,7097.0,7097.0,7097.0,,-18.6,-113.667,,,,0.0,,,,,,,,,,370.0,399.0,0.0,0.0,30.0,0.0,30.0,0.0,30.0,0.0,0.0,30.0,0.0,0.0,0.0,0.0,0.0,0.0,battery2_v
2020-06-24T15:00:00Z,29.0,29.0,,,,,355.483,367.0,,,,12.507,12.521,,,,7097.0,7097.0,7097.0,,-17.931,-107.172,,,,0.0,,,,,,,,,,400.0,429.0,0.0,0.0,29.0,0.0,29.0,0.0,29.0,0.0,0.0,29.0,0.0,0.0,0.0,0.0,0.0,0.0,battery2_v
2020-06-24T16:00:00Z,30.0,30.0,,,,,358.6,379.0,,,,12.507,12.521,,,,7097.0,7097.0,7097.0,,-17.4,-101.933,,,,0.0,,,,,,,,,,430.0,459.0,0.0,0.0,30.0,0.0,30.0,0.0,30.0,0.0,0.0,30.0,0.0,0.0,0.0,0.0,0.0,0.0,battery2_v
2020-06-24T17:00:00Z,30.0,30.0,,,,,363.0,379.0,,,,12.502,12.516,,,,7097.0,7097.0,7097.0,,-16.733,-97.533,,,,0.0,,,,,,,,,,460.0,489.0,0.0,0.0,30.0,0.0,30.0,0.0,30.0,0.0,0.0,30.0,0.0,0.0,0.0,0.0,0.0,0.0,battery2_v
2020-06-24T18:00:00Z,30.0,30.0,,,,,368.2,379.0,,,,12.502,12.516,,,,7097.0,7097.0,7097.0,,-15.967,-89.533,,,,0.0,,,,,,,,,,490.0,519.0,0.0,0.0,30.0,0.0,30.0,0.0,30.0,0.0,0.0,30.0,0.0,0.0,0.0,0.0,0.0,0.0,battery2_v
2020-06-24T19:00:00Z,30.0,30.0,,,,,373.333,390.0,,,,12.502,12.516,,,,7097.0,7097.0,7097.0,,-15.133,-78.967,,,,0.0,,,,,,,,,,520.0,549.0,0.0,0.0,30.0,0.0,30.0,0.0,30.0,0.0,0.0,30.0,0.0,0.0,0.0,0.0,0.0,0.0,battery2_v
2020-06-24T20:00:00Z,28.0,28.0,,,,,376.643,390.0,,,,12.497,12.516,,,,7097.0,7097.0,7097.0,,-14.5,-69.786,,,,0.0,,,,,,,,,,551.0,579.0,0.0,0.0,28.0,0.0,28.0,0.0,28.0,0.0,0.0,28.0,0.0,0.0,0.0,0.0,0.0,0.0,battery2_v
2020-06-24T21:00:00Z,30.0,30.0,,,,,387.167,402.0,,,,12.497,12.507,,,,7097.0,7097.0,7097.0,,-14.067,-64.033,,,,0.0,,,,,,,,,,580.0,609.0,0.0,0.0,30.0,0.0,30.0,0.0,30.0,0.0,0.0,30.0,0.0,0.0,0.0,0.0,0.0,0.0,battery2_v
2020-06-24T22:00:00Z,30.0,30.0,,,,,2724.033,12488.0,,,,12.493,12.507,,,,7097.0,7097.0,7097.0,,-13.6,-59.733,,,,0.0,,,,,,,,,,610.0,639.0,0.0,0.0,30.0,0.0,30.0,0.0,30.0,0.0,0.0,30.0,0.0,0.0,0.0,0.0,0.0,0.0,battery2_v
2020-06-24T23:00:00Z,30.0,30.0,,,,,7996.333,20315.0,,,,12.488,12.568,,,,7097.0,7097.0,7097.0,,-8.433,-46.233,,,,0.0,,,,,,,,,,640.0,669.0,0.0,0.0,30.0,0.0,30.0,0.0,30.0,0.0,0.0,18.0,0.0,0.0,0.0,0.0,0.0,0.0,battery2_v
2020-06-25T00:00:00Z,30.0,30.0,,,,,14357.267,20737.0,,,,12.516,12.606,,,,7097.0,7097.0,7097.0,,9.2,-32.8,,,,0.0,,,,,,,,,,670.0,699.0,0.0,0.0,30.0,0.0,30.0,0.0,30.0,0.0,0.0,4.0,0.0,0.0,0.0,0.0,0.0,0.0,battery2_v
2020-06-25T01:00:00Z,29.0,29.0,,,,,13115.724,13237.0,,,,12.583,12.772,,,,7097.0,7097.0,7097.0,,51.103,13.276,,,,0.0,,,,,,,,,,700.0,729.0,0.0,0.0,29.0,0.0,29.0,0.0,29.0,0.0,15.0,0.0,0.0,0.0,0.0,0.0,0.0,0.0,battery2_v
2020-06-25T02:00:00Z,30.0,30.0,,,,,13442.033,13798.0,,,,12.176,12.881,,,,7097.0,7097.0,7097.0,,-44.333,-240.533,,,,0.733,,,,,,,,,,730.0,759.0,0.0,0.0,30.0,0.0,30.0,0.0,30.0,0.0,20.0,25.0,0.0,0.0,0.0,0.0,0.0,0.0,battery2_v
2020-06-25T03:00:00Z,31.0,31.0,,,,,14631.032,22492.0,,,,12.256,12.937,,,,7097.0,7097.0,7097.0,,21.742,-96.032,,,,0.355,,,,,,,,,,760.0,790.0,0.0,0.0,31.0,0.0,31.0,0.0,31.0,0.0,6.0,13.0,0.0,0.0,0.0,0.0,0.0,0.0,battery2_v
2020-06-25T04:00:00Z,30.0,30.0,,,,,13379.567,13775.0,,,,12.195,12.824,,,,7097.0,7097.0,7097.0,,-23.733,-126.4,,,,0.233,,,,,,,,,,791.0,820.0,0.0,0.0,30.0,0.0,30.0,0.0,30.0,0.0,8.0,15.0,0.0,0.0,0.0,0.0,0.0,0.0,battery2_v
2020-06-25T05:00:00Z,30.0,30.0,,,,,12993.867,14536.0,,,,12.176,12.885,,,,7097.0,7097.0,7097.0,,13.0,-44.7,,,,0.067,,,,,,,,,,821.0,850.0,0.0,0.0,30.0,0.0,30.0,0.0,30.0,0.0,7.0,14.0,0.0,0.0,0.0,0.0,0.0,0.0,battery2_v
2020-06-25T06:00:00Z,30.0,30.0,,,,,13290.2,13342.0,,,,12.512,12.592,,,,7097.0,7097.0,7097.0,,6.25,-42.8,,,,0.0,,,,,,,,,,851.0,880.0,0.0,0.0,30.0,0.0,30.0,0.0,30.0,0.0,0.0,10.0,0.0,0.0,0.0,0.0,0.0,0.0,battery2_v
2020-06-25T07:00:00Z,30.0,30.0,,,,,12203.333,16138.0,,,,12.479,12.521,,,,7097.0,7097.0,7097.0,,-8.036,-50.267,,,,0.0,,,,,,,,,,881.0,910.0,0.0,0.0,30.0,0.0,30.0,0.0,30.0,0.0,0.0,18.0,0.0,0.0,0.0,0.0,0.0,0.0,battery2_v
2020-06-25T08:00:00Z,30.0,30.0,,,,,13343.0,13377.0,,,,12.493,12.545,,,,7097.0,7097.0,7097.0,,0.034,-45.833,,,,0.0,,,,,,,,,,911.0,940.0,0.0,0.0,30.0,0.0,30.0,0.0,30.0,0.0,0.0,13.0,0.0,0.0,0.0,0.0,0.0,0.0,battery2_v
2020-06-25T09:00:00Z,27.0,27.0,,,,,10158.481,15589.0,,,,12.469,12.512,,,,7097.0,7097.0,7097.0,,-9.444,-48.037,,,,0.0,,,,,,,,,,941.0,970.0,0.0,0.0,27.0,0.0,27.0,0.0,27.0,0.0,0.0,16.0,0.0,0.0,0.0,0.0,0.0,0.0,battery2_v
2020-06-25T10:00:00Z,30.0,30.0,,,,,2530.2,5620.0,,,,12.469,12.483,,,,7097.0,7097.0,7097.0,,-10.933,-24.867,,,,0.0,,,,,,,,,,971.0,1000.0,0.0,0.0,30.0,0.0,30.0,0.0,30.0,0.0,0.0,0.0,0.0,0.0,0.0,0.0,0.0,0.0,battery2_v
2020-06-25T11:00:00Z,30.0,30.0,,,,,976.033,3795.0,,,,12.464,12.479,,,,7097.0,7097.0,7097.0,,-10.467,-17.0,,,,0.0,,,,,,,,,,1001.0,1030.0,0.0,0.0,30.0,0.0,30.0,0.0,30.0,0.0,0.0,0.0,0.0,0.0,0.0,0.0,0.0,0.0,battery2_v
2020-06-25T12:00:00Z,30.0,30.0,,,,,441.0,449.0,,,,12.464,12.474,,,,7097.0,7097.0,7097.0,,-10.233,-15.4,,,,0.0,,,,,,,,,,1031.0,1060.0,0.0,0.0,30.0,0.0,30.0,0.0,30.0,0.0,0.0,0.0,0.0,0.0,0.0,0.0,0.0,0.0,battery2_v
2020-06-25T13:00:00Z,30.0,30.0,,,,,454.933,472.0,,,,12.455,12.469,,,,7097.0,7097.0,7097.0,,-10.833,-21.333,,,,0.0,,,,,,,,,,1061.0,1090.0,0.0,0.0,30.0,0.0,30.0,0.0,30.0,0.0,0.0,0.0,0.0,0.0,0.0,0.0,0.0,0.0,battery2_v
2020-06-25T14:00:00Z,30.0,30.0,,,,,470.0,496.0,,,,12.45,12.464,,,,7097.0,7097.0,7097.0,,-11.9,-33.4,,,,0.0,,,,,,,,,,1091.0,1120.0,0.0,0.0,30.0,0.0,30.0,0.0,30.0,0.0,0.0,0.0,0.0,0.0,0.0,0.0,0.0,0.0,battery2_v
2020-06-25T15:00:00Z,30.0,30.0,,,,,479.567,507.0,,,,12.445,12.455,,,,7097.0,7097.0,7097.0,,-11.633,-29.867,,,,0.0,,,,,,,,,,1121.0,1150.0,0.0,0.0,30.0,0.0,30.0,0.0,30.0,0.0,0.0,0.0,0.0,0.0,0.0,0.0,0.0,0.0,battery2_v
2020-06-25T16:00:00Z,30.0,30.0,,,,,491.467,507.0,,,,12.445,12.45,,,,7097.0,7097.0,7097.0,,-11.467,-25.933,,,,0.0,,,,,,,,,,1151.0,1180.0,0.0,0.0,30.0,0.0,30.0,0.0,30.0,0.0,0.0,0.0,0.0,0.0,0.0,0.0,0.0,0.0,battery2_v
2020-06-25T17:00:00Z,30.0,30.0,,,,,494.2,507.0,,,,12.441,12.45,,,,7097.0,7097.0,7097.0,,-11.067,-19.933,,,,0.0,,,,,,,,,,1181.0,1210.0,0.0,0.0,30.0,0.0,30.0,0.0,30.0,0.0,0.0,0.0,0.0,0.0,0.0,0.0,0.0,0.0,battery2_v
2020-06-25T18:00:00Z,30.0,30.0,,,,,508.1,531.0,,,,12.436,12.45,,,,7097.0,7097.0,7097.0,,-10.967,-17.333,,,,0.0,,,,,,,,,,1211.0,1240.0,0.0,0.0,30.0,0.0,30.0,0.0,30.0,0.0,0.0,0.0,0.0,0.0,0.0,0.0,0.0,0.0,battery2_v
2020-06-25T19:00:00Z,30.0,30.0,,,,,518.633,531.0,,,,12.436,12.445,,,,7097.0,7097.0,7097.0,,-10.7,-14.567,,,,0.0,,,,,,,,,,1241.0,1270.0,0.0,0.0,30.0,0.0,30.0,0.0,30.0,0.0,0.0,0.0,0.0,0.0,0.0,0.0,0.0,0.0,battery2_v
2020-06-25T20:00:00Z,29.0,29.0,,,,,533.586,554.0,,,,12.431,12.441,,,,7097.0,7097.0,7097.0,,-10.552,-12.793,,,,0.0,,,,,,,,,,1271.0,1300.0,0.0,0.0,29.0,0.0,29.0,0.0,29.0,0.0,0.0,0.0,0.0,0.0,0.0,0.0,0.0,0.0,battery2_v
2020-06-25T21:00:00Z,29.0,29.0,,,,,541.793,554.0,,,,12.427,12.436,,,,7097.0,7097.0,7097.0,,-10.276,-9.172,,,,0.0,,,,,,,,,,1302.0,1330.0,0.0,0.0,29.0,0.0,29.0,0.0,29.0,0.0,0.0,0.0,0.0,0.0,0.0,0.0,0.0,0.0,battery2_v
2020-06-25T22:00:00Z,30.0,30.0,,,,,2614.0,13120.0,,,,12.422,12.431,,,,7097.0,7097.0,7097.0,,-10.133,-7.9,,,,0.0,,,,,,,,,,1331.0,1360.0,0.0,0.0,30.0,0.0,30.0,0.0,30.0,0.0,0.0,0.0,0.0,0.0,0.0,0.0,0.0,0.0,battery2_v
2020-06-25T23:00:00Z,30.0,30.0,,,,,5127.933,14699.0,,,,12.422,12.445,,,,7097.0,7097.0,7097.0,,-9.433,-4.767,,,,0.0,,,,,,,,,,1361.0,1390.0,0.0,0.0,30.0,0.0,30.0,0.0,30.0,0.0,0.0,0.0,0.0,0.0,0.0,0.0,0.0,0.0,battery2_v
2020-06-26T00:00:00Z,30.0,30.0,,,,,13092.667,15460.0,,,,12.431,12.625,,,,7097.0,7097.0,7097.0,,17.5,18.367,,,,0.0,,,,,,,,,,1391.0,1420.0,0.0,0.0,30.0,0.0,30.0,0.0,30.0,0.0,4.0,5.0,0.0,0.0,0.0,0.0,0.0,0.0,battery2_v
2020-06-26T01:00:00Z,30.0,30.0,,,,,13078.5,13190.0,,,,12.606,12.786,,,,7097.0,7097.0,7097.0,,85.933,91.767,,,,0.0,,,,,,,,,,1421.0,1450.0,0.0,0.0,30.0,0.0,30.0,0.0,30.0,0.0,29.0,29.0,0.0,0.0,0.0,0.0,0.0,0.0,battery2_v
2020-06-26T02:00:00Z,30.0,30.0,,,,,13474.3,13728.0,,,,12.223,12.814,,,,7097.0,7097.0,7097.0,,-42.233,-227.167,,,,0.867,,,,,,,,,,1451.0,1480.0,0.0,0.0,30.0,0.0,30.0,0.0,30.0,0.0,27.0,30.0,0.0,0.0,0.0,0.0,0.0,0.0,battery2_v
2020-06-26T03:00:00Z,29.0,29.0,,,,,14145.414,22304.0,,,,12.119,12.848,,,,7097.0,7097.0,7097.0,,-12.207,-213.655,,,,0.862,,,,,,,,,,1481.0,1510.0,0.0,0.0,29.0,0.0,29.0,0.0,29.0,0.0,9.0,29.0,0.0,0.0,0.0,0.0,0.0,0.0,battery2_v
2020-06-26T04:00:00Z,31.0,31.0,,,,,14682.032,21790.0,,,,12.133,12.895,,,,7097.0,7097.0,7097.0,,4.194,-149.71,,,,0.548,,,,,,,,,,1511.0,1541.0,0.0,0.0,31.0,0.0,31.0,0.0,31.0,0.0,16.0,25.0,0.0,0.0,0.0,0.0,0.0,0.0,battery2_v
2020-06-26T05:00:00Z,29.0,29.0,,,,,13418.069,13752.0,,,,12.195,12.824,,,,7097.0,7097.0,7097.0,,0.448,-206.345,,,,0.828,,,,,,,,,,1542.0,1571.0,0.0,0.0,29.0,0.0,29.0,0.0,29.0,0.0,9.0,28.0,0.0,0.0,0.0,0.0,0.0,0.0,battery2_v
2020-06-26T06:00:00Z,30.0,30.0,,,,,13568.3,13845.0,,,,12.128,12.677,,,,7097.0,7097.0,7097.0,,-43.967,-282.467,,,,0.867,,,,,,,,,,1572.0,1601.0,0.0,0.0,30.0,0.0,30.0,0.0,30.0,0.0,18.0,28.0,0.0,0.0,0.0,0.0,0.0,0.0,battery2_v
2020-06-26T07:00:00Z,30.0,30.0,,,,,14295.733,21064.0,,,,12.124,12.814,,,,7097.0,7097.0,7097.0,,14.633,-130.233,,,,0.4,,,,,,,,,,1602.0,1631.0,0.0,0.0,30.0,0.0,30.0,0.0,30.0,0.0,16.0,23.0,0.0,0.0,0.0,0.0,0.0,0.0,battery2_v
2020-06-26T08:00:00Z,30.0,30.0,,,,,13450.967,13775.0,,,,12.176,12.881,,,,7097.0,7097.0,7097.0,,-23.3,-211.167,,,,0.6,,,,,,,,,,1632.0,1661.0,0.0,0.0,30.0,0.0,30.0,0.0,30.0,0.0,25.0,21.0,0.0,0.0,0.0,0.0,0.0,0.0,battery2_v
2020-06-26T09:00:00Z,30.0,30.0,,,,,12076.233,13436.0,,,,12.445,12.786,,,,7097.0,7097.0,7097.0,,25.033,-35.267,,,,0.0,,,,,,,,,,1662.0,1691.0,0.0,0.0,30.0,0.0,30.0,0.0,30.0,0.0,6.0,14.0,0.0,0.0,0.0,0.0,0.0,0.0,battery2_v
2020-06-26T10:00:00Z,29.0,29.0,,,,,2542.172,3643.0,,,,12.422,12.559,,,,7097.0,7097.0,7097.0,,-9.483,-44.931,,,,0.0,,,,,,,,,,1692.0,1721.0,0.0,0.0,29.0,0.0,29.0,0.0,29.0,0.0,0.0,17.0,0.0,0.0,0.0,0.0,0.0,0.0,battery2_v
2020-06-26T11:00:00Z,30.0,30.0,,,,,1016.467,2344.0,,,,12.412,12.502,,,,7097.0,7097.0,7097.0,,-10.567,-42.967,,,,0.0,,,,,,,,,,1722.0,1751.0,0.0,0.0,30.0,0.0,30.0,0.0,30.0,0.0,0.0,9.0,0.0,0.0,0.0,0.0,0.0,0.0,battery2_v
2020-06-26T12:00:00Z,28.0,28.0,,,,,560.75,577.0,,,,12.403,12.417,,,,7097.0,7097.0,7097.0,,-12.571,-46.929,,,,0.0,,,,,,,,,,1752.0,1781.0,0.0,0.0,28.0,0.0,28.0,0.0,28.0,0.0,0.0,14.0,0.0,0.0,0.0,0.0,0.0,0.0,battery2_v
2020-06-26T13:00:00Z,30.0,30.0,,,,,455.667,577.0,,,,12.403,12.644,,,,7097.0,7097.0,7097.0,,-4.3,-35.7,,,,0.0,,,,,,,,,,1782.0,1811.0,0.0,0.0,26.0,0.0,30.0,0.0,30.0,0.0,1.0,15.0,0.0,0.0,0.0,0.0,0.0,0.0,battery2_v
2020-06-26T14:00:00Z,28.0,28.0,,,,,494.25,601.0,,,,12.398,12.526,,,,7097.0,7097.0,7097.0,,-10.5,-60.571,,,,0.0,,,,,,,,,,1812.0,1841.0,0.0,0.0,26.0,0.0,28.0,0.0,28.0,0.0,0.0,26.0,0.0,0.0,0.0,0.0,0.0,0.0,battery2_v
2020-06-26T15:00:00Z,30.0,30.0,,,,,540.267,613.0,,,,12.389,12.516,,,,7097.0,7097.0,7097.0,,-10.8,-52.367,,,,0.0,,,,,,,,,,1842.0,1871.0,0.0,0.0,28.0,0.0,30.0,0.0,30.0,0.0,0.0,27.0,0.0,0.0,0.0,0.0,0.0,0.0,battery2_v
2020-06-26T16:00:00Z,30.0,30.0,,,,,610.1,636.0,,,,12.384,12.398,,,,7097.0,7097.0,7097.0,,-13.0,-52.667,,,,0.0,,,,,,,,,,1872.0,1901.0,0.0,0.0,30.0,0.0,30.0,0.0,30.0,0.0,0.0,26.0,0.0,0.0,0.0,0.0,0.0,0.0,battery2_v
2020-06-26T17:00:00Z,29.0,29.0,,,,,619.448,636.0,,,,12.379,12.398,,,,7097.0,7097.0,7097.0,,-12.828,-46.483,,,,0.0,,,,,,,,,,1902.0,1931.0,0.0,0.0,29.0,0.0,29.0,0.0,29.0,0.0,0.0,13.0,0.0,0.0,0.0,0.0,0.0,0.0,battery2_v
2020-06-26T18:00:00Z,30.0,30.0,,,,,625.367,636.0,,,,12.379,12.393,,,,7097.0,7097.0,7097.0,,-12.333,-39.933,,,,0.0,,,,,,,,,,1932.0,1961.0,0.0,0.0,30.0,0.0,30.0,0.0,30.0,0.0,0.0,4.0,0.0,0.0,0.0,0.0,0.0,0.0,battery2_v
2020-06-26T19:00:00Z,30.0,30.0,,,,,635.6,648.0,,,,12.37,12.389,,,,7097.0,7097.0,7097.0,,-12.133,-34.733,,,,0.0,,,,,,,,,,1962.0,1991.0,0.0,0.0,30.0,0.0,30.0,0.0,30.0,0.0,0.0,0.0,0.0,0.0,0.0,0.0,0.0,0.0,battery2_v
2020-06-26T20:00:00Z,30.0,30.0,,,,,644.6,659.0,,,,12.37,12.384,,,,7097.0,7097.0,7097.0,,-11.567,-28.533,,,,0.0,,,,,,,,,,1992.0,2021.0,0.0,0.0,30.0,0.0,30.0,0.0,30.0,0.0,0.0,0.0,0.0,0.0,0.0,0.0,0.0,0.0,battery2_v
2020-06-26T21:00:00Z,29.0,29.0,,,,,658.448,671.0,,,,12.365,12.379,,,,7097.0,7097.0,7097.0,,-11.448,-26.586,,,,0.0,,,,,,,,,,2022.0,2051.0,0.0,0.0,29.0,0.0,29.0,0.0,29.0,0.0,0.0,0.0,0.0,0.0,0.0,0.0,0.0,0.0,battery2_v
2020-06-26T22:00:00Z,30.0,30.0,,,,,3125.4,13108.0,,,,12.36,12.374,,,,7097.0,7097.0,7097.0,,-11.167,-25.567,,,,0.0,,,,,,,,,,2052.0,2081.0,0.0,0.0,30.0,0.0,30.0,0.0,30.0,0.0,0.0,0.0,0.0,0.0,0.0,0.0,0.0,0.0,battery2_v
2020-06-26T23:00:00Z,30.0,30.0,,,,,8834.867,16618.0,,,,12.36,12.45,,,,7097.0,7097.0,7097.0,,-4.345,-15.033,,,,0.0,,,,,,,,,,2082.0,2111.0,0.0,0.0,30.0,0.0,30.0,0.0,30.0,0.0,0.0,0.0,0.0,0.0,0.0,0.0,0.0,0.0,battery2_v
2020-06-27T00:00:00Z,30.0,30.0,,,,,13287.467,13775.0,,,,12.181,13.169,,,,7097.0,7097.0,7097.0,,42.333,-55.367,,,,0.4,,,,,,,,,,2112.0,2141.0,0.0,0.0,30.0,0.0,30.0,0.0,30.0,0.0,11.0,17.0,0.0,0.0,0.0,0.0,0.0,0.0,battery2_v
2020-06-27T01:00:00Z,29.0,29.0,,,,,13331.241,13798.0,,,,12.157,12.952,,,,7097.0,7097.0,7097.0,,22.517,-74.345,,,,0.345,,,,,,,,,,2142.0,2171.0,0.0,0.0,29.0,0.0,29.0,0.0,29.0,0.0,23.0,18.0,0.0,0.0,0.0,0.0,0.0,0.0,battery2_v
2020-06-27T02:00:00Z,30.0,30.0,,,,,14782.867,21942.0,,,,12.181,12.947,,,,7097.0,7097.0,7097.0,,12.267,-103.833,,,,0.4,,,,,,,,,,2172.0,2201.0,0.0,0.0,30.0,0.0,30.0,0.0,30.0,0.0,20.0,20.0,0.0,0.0,0.0,0.0,0.0,0.0,battery2_v
2020-06-27T03:00:00Z,29.0,29.0,,,,,13597.517,20210.0,,,,12.185,13.008,,,,7097.0,7097.0,7097.0,,22.138,-127.172,,,,0.621,,,,,,,,,,2202.0,2231.0,0.0,0.0,29.0,0.0,29.0,0.0,29.0,0.0,18.0,27.0,0.0,0.0,0.0,0.0,0.0,0.0,battery2_v
2020-06-27T04:00:00Z,30.0,30.0,,,,,13513.667,13740.0,,,,12.218,12.54,,,,7097.0,7097.0,7097.0,,-3.267,-255.667,,,,1.0,,,,,,,,,,2232.0,2261.0,0.0,0.0,30.0,0.0,30.0,0.0,30.0,0.0,4.0,30.0,0.0,0.0,0.0,0.0,0.0,0.0,battery2_v
2020-06-27T05:00:00Z,30.0,30.0,,,,,13420.567,13798.0,,,,12.162,12.814,,,,7097.0,7097.0,7097.0,,17.2,-116.2,,,,0.467,,,,,,,,,,2262.0,2291.0,0.0,0.0,30.0,0.0,30.0,0.0,30.0,0.0,5.0,18.0,0.0,0.0,0.0,0.0,0.0,0.0,battery2_v
2020-06-27T06:00:00Z,30.0,30.0,,,,,14219.3,20011.0,,,,12.053,12.772,,,,7097.0,7097.0,7097.0,,-2.3,-215.4,,,,0.733,,,,,,,,,,2292.0,2321.0,0.0,0.0,30.0,0.0,30.0,0.0,30.0,0.0,8.0,30.0,0.0,0.0,0.0,0.0,0.0,0.0,battery2_v
2020-06-27T07:00:00Z,29.0,29.0,,,,,14216.724,21158.0,,,,12.199,12.814,,,,7097.0,7097.0,7097.0,,11.655,-141.034,,,,0.483,,,,,,,,,,2322.0,2351.0,0.0,0.0,29.0,0.0,29.0,0.0,29.0,0.0,23.0,28.0,0.0,0.0,0.0,0.0,0.0,0.0,battery2_v
2020-06-27T08:00:00Z,30.0,30.0,,,,,13338.233,13424.0,,,,12.464,12.559,,,,7097.0,7097.0,7097.0,,24.6,-33.3,,,,0.0,,,,,,,,,,2352.0,2381.0,0.0,0.0,30.0,0.0,30.0,0.0,30.0,0.0,0.0,5.0,0.0,0.0,0.0,0.0,0.0,0.0,battery2_v
2020-06-27T09:00:00Z,30.0,30.0,,,,,13472.933,13506.0,,,,12.403,12.45,,,,7097.0,7097.0,7097.0,,-6.407,-74.433,,,,0.0,,,,,,,,,,2382.0,2411.0,0.0,0.0,30.0,0.0,30.0,0.0,30.0,0.0,0.0,30.0,0.0,0.0,0.0,0.0,0.0,0.0,battery2_v
2020-06-27T10:00:00Z,30.0,30.0,,,,,5280.433,15741.0,,,,12.365,12.408,,,,7097.0,7097.0,7097.0,,-13.767,-67.967,,,,0.0,,,,,,,,,,2412.0,2441.0,0.0,0.0,30.0,0.0,30.0,0.0,30.0,0.0,0.0,30.0,0.0,0.0,0.0,0.0,0.0,0.0,battery2_v
2020-06-27T11:00:00Z,30.0,30.0,,,,,807.7,5655.0,,,,12.181,12.871,,,,7097.0,7097.0,7097.0,,11.333,-50.533,,,,0.167,,,,,,,,,,2442.0,2471.0,0.0,0.0,17.0,0.0,30.0,0.0,30.0,0.0,10.0,20.0,0.0,0.0,0.0,0.0,0.0,0.0,battery2_v
2020-06-27T12:00:00Z,29.0,29.0,,,,,264.586,601.0,,,,12.393,12.673,,,,7097.0,7097.0,7097.0,,4.966,-27.759,,,,0.0,,,,,,,,,,2472.0,2501.0,0.0,0.0,16.0,0.0,29.0,0.0,29.0,0.0,2.0,14.0,0.0,0.0,0.0,0.0,0.0,0.0,battery2_v
2020-06-27T13:00:00Z,30.0,30.0,,,,,497.167,648.0,,,,12.365,12.441,,,,7097.0,7097.0,7097.0,,-10.933,-51.267,,,,0.0,,,,,,,,,,2502.0,2531.0,0.0,0.0,30.0,0.0,30.0,0.0,30.0,0.0,0.0,25.0,0.0,0.0,0.0,0.0,0.0,0.0,battery2_v
2020-06-27T14:00:00Z,30.0,30.0,,,,,638.667,694.0,,,,12.351,12.389,,,,7097.0,7097.0,7097.0,,-13.967,-64.633,,,,0.0,,,,,,,,,,2532.0,2561.0,0.0,0.0,30.0,0.0,30.0,0.0,30.0,0.0,0.0,27.0,0.0,0.0,0.0,0.0,0.0,0.0,battery2_v
2020-06-27T15:00:00Z,30.0,30.0,,,,,691.567,706.0,,,,12.341,12.36,,,,7097.0,7097.0,7097.0,,-14.567,-67.9,,,,0.0,,,,,,,,,,2562.0,2591.0,0.0,0.0,30.0,0.0,30.0,0.0,30.0,0.0,0.0,30.0,0.0,0.0,0.0,0.0,0.0,0.0,battery2_v
2020-06-27T16:00:00Z,30.0,30.0,,,,,669.567,718.0,,,,12.341,12.45,,,,7097.0,7097.0,7097.0,,-12.567,-56.733,,,,0.0,,,,,,,,,,2592.0,2621.0,0.0,0.0,29.0,0.0,30.0,0.0,30.0,0.0,0.0,29.0,0.0,0.0,0.0,0.0,0.0,0.0,battery2_v
2020-06-27T17:00:00Z,30.0,30.0,,,,,703.333,730.0,,,,12.341,12.351,,,,7097.0,7097.0,7097.0,,-13.2,-49.267,,,,0.0,,,,,,,,,,2622.0,2651.0,0.0,0.0,30.0,0.0,30.0,0.0,30.0,0.0,0.0,20.0,0.0,0.0,0.0,0.0,0.0,0.0,battery2_v
2020-06-27T18:00:00Z,30.0,30.0,,,,,720.333,741.0,,,,12.337,12.351,,,,7097.0,7097.0,7097.0,,-12.9,-44.067,,,,0.0,,,,,,,,,,2652.0,2681.0,0.0,0.0,30.0,0.0,30.0,0.0,30.0,0.0,0.0,8.0,0.0,0.0,0.0,0.0,0.0,0.0,battery2_v
2020-06-27T19:00:00Z,29.0,29.0,,,,,733.828,753.0,,,,12.332,12.346,,,,7097.0,7097.0,7097.0,,-12.31,-39.207,,,,0.0,,,,,,,,,,2682.0,2711.0,0.0,0.0,29.0,0.0,29.0,0.0,29.0,0.0,0.0,2.0,0.0,0.0,0.0,0.0,0.0,0.0,battery2_v
2020-06-27T20:00:00Z,30.0,30.0,,,,,744.3,753.0,,,,12.327,12.341,,,,7097.0,7097.0,7097.0,,-12.0,-33.133,,,,0.0,,,,,,,,,,2712.0,2741.0,0.0,0.0,30.0,0.0,30.0,0.0,30.0,0.0,0.0,0.0,0.0,0.0,0.0,0.0,0.0,0.0,battery2_v
2020-06-27T21:00:00Z,30.0,30.0,,,,,754.2,765.0,,,,12.322,12.337,,,,7097.0,7097.0,7097.0,,-11.767,-29.833,,,,0.0,,,,,,,,,,2742.0,2771.0,0.0,0.0,30.0,0.0,30.0,0.0,30.0,0.0,0.0,0.0,0.0,0.0,0.0,0.0,0.0,0.0,battery2_v
2020-06-27T22:00:00Z,30.0,30.0,,,,,1332.1,2859.0,,,,12.322,12.337,,,,7097.0,7097.0,7097.0,,-11.367,-25.367,,,,0.0,,,,,,,,,,2772.0,2801.0,0.0,0.0,30.0,0.0,30.0,0.0,30.0,0.0,0.0,0.0,0.0,0.0,0.0,0.0,0.0,0.0,battery2_v
2020-06-27T23:00:00Z,31.0,31.0,,,,,6254.935,13389.0,,,,12.318,12.332,,,,7097.0,7097.0,7097.0,,-11.097,-19.806,,,,0.0,,,,,,,,,,2802.0,2832.0,0.0,0.0,31.0,0.0,31.0,0.0,31.0,0.0,0.0,0.0,0.0,0.0,0.0,0.0,0.0,0.0,battery2_v
2020-06-28T00:00:00Z,30.0,30.0,,,,,3533.733,6474.0,,,,12.313,12.322,,,,7097.0,7097.0,7097.0,,-11.067,-22.5,,,,0.0,,,,,,,,,,2833.0,2862.0,0.0,0.0,30.0,0.0,30.0,0.0,30.0,0.0,0.0,0.0,0.0,0.0,0.0,0.0,0.0,0.0,battery2_v
2020-06-28T01:00:00Z,30.0,30.0,,,,,13480.533,16595.0,,,,12.313,12.398,,,,7097.0,7097.0,7097.0,,-0.931,-12.933,,,,0.0,,,,,,,,,,2863.0,2892.0,0.0,0.0,30.0,0.0,30.0,0.0,30.0,0.0,0.0,0.0,0.0,0.0,0.0,0.0,0.0,0.0,battery2_v
2020-06-28T02:00:00Z,30.0,30.0,,,,,13411.933,13506.0,,,,12.398,12.677,,,,7097.0,7097.0,7097.0,,39.333,26.767,,,,0.0,,,,,,,,,,2893.0,2922.0,0.0,0.0,30.0,0.0,30.0,0.0,30.0,0.0,5.0,4.0,0.0,0.0,0.0,0.0,0.0,0.0,battery2_v
2020-06-28T03:00:00Z,30.0,30.0,,,,,13257.533,13810.0,,,,12.166,12.881,,,,7097.0,7097.0,7097.0,,67.233,-21.0,,,,0.4,,,,,,,,,,2923.0,2952.0,0.0,0.0,30.0,0.0,30.0,0.0,30.0,0.0,23.0,29.0,0.0,0.0,0.0,0.0,0.0,0.0,battery2_v
2020-06-28T04:00:00Z,30.0,30.0,,,,,15386.467,23264.0,,,,12.091,13.06,,,,7097.0,7097.0,7097.0,,26.867,-109.533,,,,0.533,,,,,,,,,,2953.0,2982.0,0.0,0.0,30.0,0.0,30.0,0.0,30.0,0.0,20.0,25.0,0.0,0.0,0.0,0.0,0.0,0.0,battery2_v
2020-06-28T05:00:00Z,30.0,30.0,,,,,13463.067,13752.0,,,,12.199,13.037,,,,7097.0,7097.0,7097.0,,4.767,-232.967,,,,0.933,,,,,,,,,,2983.0,3012.0,0.0,0.0,30.0,0.0,30.0,0.0,30.0,0.0,11.0,29.0,0.0,0.0,0.0,0.0,0.0,0.0,battery2_v
2020-06-28T06:00:00Z,30.0,30.0,,,,,12113.3,14313.0,,,,12.062,12.952,,,,7097.0,7097.0,7097.0,,19.4,-154.9,,,,0.733,,,,,,,,,,3013.0,3042.0,0.0,0.0,30.0,0.0,30.0,0.0,30.0,0.0,21.0,28.0,0.0,0.0,0.0,0.0,0.0,0.0,battery2_v
2020-06-28T07:00:00Z,30.0,30.0,,,,,13402.967,13775.0,,,,12.176,12.554,,,,7097.0,7097.0,7097.0,,12.0,-71.033,,,,0.233,,,,,,,,,,3043.0,3072.0,0.0,0.0,30.0,0.0,30.0,0.0,30.0,0.0,8.0,9.0,0.0,0.0,0.0,0.0,0.0,0.0,battery2_v
2020-06-28T08:00:00Z,30.0,30.0,,,,,10409.433,13494.0,,,,12.275,13.411,,,,7097.0,7097.0,7097.0,,62.133,22.133,,,,0.233,,,,,,,,,,3073.0,3102.0,0.0,0.0,28.0,0.0,30.0,0.0,30.0,0.0,14.0,9.0,0.0,0.0,0.0,0.0,0.0,0.0,battery2_v
2020-06-28T09:00:00Z,30.0,30.0,,,,,3564.433,8241.0,,,,12.176,12.616,,,,7097.0,7097.0,7097.0,,-13.833,-36.967,,,,0.2,,,,,,,,,,3103.0,3132.0,0.0,0.0,30.0,0.0,30.0,0.0,30.0,0.0,6.0,7.0,0.0,0.0,0.0,0.0,0.0,0.0,battery2_v
2020-06-28T10:00:00Z,30.0,30.0,,,,,1505.367,2812.0,,,,12.379,12.625,,,,7097.0,7097.0,7097.0,,-0.133,7.033,,,,0.0,,,,,,,,,,3133.0,3162.0,0.0,0.0,28.0,0.0,30.0,0.0,30.0,0.0,3.0,3.0,0.0,0.0,0.0,0.0,0.0,0.0,battery2_v
2020-06-28T11:00:00Z,30.0,30.0,,,,,754.867,1162.0,,,,12.351,12.389,,,,7097.0,7097.0,7097.0,,-9.4,-1.7,,,,0.0,,,,,,,,,,3163.0,3192.0,0.0,0.0,30.0,0.0,30.0,0.0,30.0,0.0,0.0,0.0,0.0,0.0,0.0,0.0,0.0,0.0,battery2_v
2020-06-28T12:00:00Z,30.0,30.0,,,,,686.433,1256.0,,,,12.034,12.933,,,,7097.0,7097.0,7097.0,,-9.867,-13.033,,,,0.067,,,,,,,,,,3193.0,3222.0,0.0,0.0,28.0,0.0,30.0,0.0,30.0,0.0,3.0,3.0,0.0,0.0,0.0,0.0,0.0,0.0,battery2_v
2020-06-28T13:00:00Z,30.0,30.0,,,,,774.8,800.0,,,,12.313,12.332,,,,7097.0,7097.0,7097.0,,-11.067,-19.9,,,,0.0,,,,,,,,,,3223.0,3252.0,0.0,0.0,30.0,0.0,30.0,0.0,30.0,0.0,0.0,0.0,0.0,0.0,0.0,0.0,0.0,0.0,battery2_v
2020-06-28T14:00:00Z,30.0,30.0,,,,,793.933,811.0,,,,12.304,12.322,,,,7097.0,7097.0,7097.0,,-10.9,-15.967,,,,0.0,,,,,,,,,,3253.0,3282.0,0.0,0.0,30.0,0.0,30.0,0.0,30.0,0.0,0.0,0.0,0.0,0.0,0.0,0.0,0.0,0.0,battery2_v
2020-06-28T15:00:00Z,30.0,30.0,,,,,807.333,811.0,,,,12.299,12.313,,,,7097.0,7097.0,7097.0,,-10.533,-11.867,,,,0.0,,,,,,,,,,3283.0,3312.0,0.0,0.0,30.0,0.0,30.0,0.0,30.0,0.0,0.0,0.0,0.0,0.0,0.0,0.0,0.0,0.0,battery2_v
2020-06-28T16:00:00Z,30.0,30.0,,,,,818.2,835.0,,,,12.294,12.308,,,,7097.0,7097.0,7097.0,,-10.3,-10.0,,,,0.0,,,,,,,,,,3313.0,3342.0,0.0,0.0,30.0,0.0,30.0,0.0,30.0,0.0,0.0,0.0,0.0,0.0,0.0,0.0,0.0,0.0,battery2_v
2020-06-28T17:00:00Z,30.0,30.0,,,,,831.0,847.0,,,,12.289,12.304,,,,7097.0,7097.0,7097.0,,-10.1,-6.833,,,,0.0,,,,,,,,,,3343.0,3372.0,0.0,0.0,30.0,0.0,30.0,0.0,30.0,0.0,0.0,0.0,0.0,0.0,0.0,0.0,0.0,0.0,battery2_v
2020-06-28T18:00:00Z,30.0,30.0,,,,,840.133,858.0,,,,12.285,12.299,,,,7097.0,7097.0,7097.0,,-9.9,-5.0,,,,0.0,,,,,,,,,,3373.0,3402.0,0.0,0.0,30.0,0.0,30.0,0.0,30.0,0.0,0.0,0.0,0.0,0.0,0.0,0.0,0.0,0.0,battery2_v
2020-06-28T19:00:00Z,30.0,30.0,,,,,849.433,870.0,,,,12.28,12.294,,,,7097.0,7097.0,7097.0,,-9.6,-0.3,,,,0.0,,,,,,,,,,3403.0,3432.0,0.0,0.0,30.0,0.0,30.0,0.0,30.0,0.0,0.0,0.0,0.0,0.0,0.0,0.0,0.0,0.0,battery2_v
2020-06-28T20:00:00Z,29.0,29.0,,,,,861.862,882.0,,,,12.275,12.285,,,,7097.0,7097.0,7097.0,,-9.345,1.621,,,,0.0,,,,,,,,,,3433.0,3462.0,0.0,0.0,29.0,0.0,29.0,0.0,29.0,0.0,0.0,0.0,0.0,0.0,0.0,0.0,0.0,0.0,battery2_v
2020-06-28T21:00:00Z,30.0,30.0,,,,,865.233,882.0,,,,12.275,12.289,,,,7097.0,7097.0,7097.0,,-9.033,6.1,,,,0.0,,,,,,,,,,3463.0,3492.0,0.0,0.0,30.0,0.0,30.0,0.0,30.0,0.0,0.0,0.0,0.0,0.0,0.0,0.0,0.0,0.0,battery2_v
2020-06-28T22:00:00Z,30.0,30.0,,,,,2880.533,11681.0,,,,12.275,12.285,,,,7097.0,7097.0,7097.0,,-8.9,9.833,,,,0.0,,,,,,,,,,3493.0,3522.0,0.0,0.0,30.0,0.0,30.0,0.0,30.0,0.0,0.0,0.0,0.0,0.0,0.0,0.0,0.0,0.0,battery2_v
2020-06-28T23:00:00Z,30.0,30.0,,,,,3782.833,13857.0,,,,12.27,12.28,,,,7097.0,7097.0,7097.0,,-8.933,11.433,,,,0.0,,,,,,,,,,3523.0,3552.0,0.0,0.0,30.0,0.0,30.0,0.0,30.0,0.0,0.0,0.0,0.0,0.0,0.0,0.0,0.0,0.0,battery2_v
2020-06-29T00:00:00Z,30.0,30.0,,,,,13582.0,15425.0,,,,12.266,12.327,,,,7097.0,7097.0,7097.0,,0.033,14.333,,,,0.0,,,,,,,,,,3553.0,3582.0,0.0,0.0,30.0,0.0,30.0,0.0,30.0,0.0,0.0,0.0,0.0,0.0,0.0,0.0,0.0,0.0,battery2_v
2020-06-29T01:00:00Z,30.0,30.0,,,,,13527.833,13564.0,,,,12.318,12.417,,,,7097.0,7097.0,7097.0,,21.667,38.9,,,,0.0,,,,,,,,,,3583.0,3612.0,0.0,0.0,30.0,0.0,30.0,0.0,30.0,0.0,0.0,4.0,0.0,0.0,0.0,0.0,0.0,0.0,battery2_v
2020-06-29T02:00:00Z,30.0,30.0,,,,,15355.7,22094.0,,,,12.327,12.502,,,,7097.0,7097.0,7097.0,,35.533,50.833,,,,0.0,,,,,,,,,,3613.0,3642.0,0.0,0.0,30.0,0.0,30.0,0.0,30.0,0.0,10.0,19.0,0.0,0.0,0.0,0.0,0.0,0.0,battery2_v
2020-06-29T03:00:00Z,30.0,30.0,,,,,13283.233,13529.0,,,,12.36,12.867,,,,7097.0,7097.0,7097.0,,79.633,95.333,,,,0.033,,,,,,,,,,3643.0,3672.0,0.0,0.0,30.0,0.0,30.0,0.0,30.0,0.0,24.0,25.0,0.0,0.0,0.0,0.0,0.0,0.0,battery2_v
2020-06-29T04:00:00Z,30.0,30.0,,,,,8066.1,13752.0,,,,12.195,14.778,,,,7097.0,7097.0,7097.0,,86.9,-15.633,,,,0.7,,,,,,,,,,3673.0,3702.0,0.0,0.0,29.0,0.0,30.0,0.0,30.0,0.0,24.0,28.0,0.0,0.0,0.0,0.0,0.0,0.0,battery2_v
2020-06-29T05:00:00Z,29.0,29.0,,,,,3190.931,4146.0,,,,12.076,13.117,,,,7097.0,7097.0,7097.0,,18.069,-7.862,,,,0.448,,,,,,,,,,3703.0,3732.0,0.0,0.0,29.0,0.0,29.0,0.0,29.0,0.0,13.0,16.0,0.0,0.0,0.0,0.0,0.0,0.0,battery2_v
2020-06-29T06:00:00Z,31.0,31.0,,,,,4584.097,10511.0,,,,12.337,12.37,,,,7097.0,7097.0,7097.0,,-7.355,21.484,,,,0.0,,,,,,,,,,3733.0,3763.0,0.0,0.0,31.0,0.0,31.0,0.0,31.0,0.0,0.0,0.0,0.0,0.0,0.0,0.0,0.0,0.0,battery2_v
2020-06-29T07:00:00Z,30.0,30.0,,,,,3517.667,3865.0,,,,12.313,12.389,,,,7097.0,7097.0,7097.0,,-5.967,25.833,,,,0.0,,,,,,,,,,3764.0,3793.0,0.0,0.0,30.0,0.0,30.0,0.0,30.0,0.0,0.0,1.0,0.0,0.0,0.0,0.0,0.0,0.0,battery2_v
2020-06-29T08:00:00Z,30.0,30.0,,,,,3047.7,3070.0,,,,12.285,12.318,,,,7097.0,7097.0,7097.0,,-8.433,14.6,,,,0.0,,,,,,,,,,3794.0,3823.0,0.0,0.0,30.0,0.0,30.0,0.0,30.0,0.0,0.0,0.0,0.0,0.0,0.0,0.0,0.0,0.0,battery2_v
2020-06-29T09:00:00Z,30.0,30.0,,,,,2958.033,3034.0,,,,12.27,12.289,,,,7097.0,7097.0,7097.0,,-9.233,5.967,,,,0.0,,,,,,,,,,3824.0,3853.0,0.0,0.0,30.0,0.0,30.0,0.0,30.0,0.0,0.0,0.0,0.0,0.0,0.0,0.0,0.0,0.0,battery2_v
2020-06-29T10:00:00Z,30.0,30.0,,,,,2774.7,5655.0,,,,12.266,12.28,,,,7097.0,7097.0,7097.0,,-9.1,9.067,,,,0.0,,,,,,,,,,3854.0,3883.0,0.0,0.0,30.0,0.0,30.0,0.0,30.0,0.0,0.0,0.0,0.0,0.0,0.0,0.0,0.0,0.0,battery2_v
2020-06-29T11:00:00Z,30.0,30.0,,,,,1460.333,3432.0,,,,12.261,12.27,,,,7097.0,7097.0,7097.0,,-8.9,11.767,,,,0.0,,,,,,,,,,3884.0,3913.0,0.0,0.0,30.0,0.0,30.0,0.0,30.0,0.0,0.0,0.0,0.0,0.0,0.0,0.0,0.0,0.0,battery2_v
2020-06-29T12:00:00Z,30.0,30.0,,,,,913.267,952.0,,,,12.251,12.27,,,,7097.0,7097.0,7097.0,,-8.833,11.567,,,,0.0,,,,,,,,,,3914.0,3943.0,0.0,0.0,30.0,0.0,30.0,0.0,30.0,0.0,0.0,0.0,0.0,0.0,0.0,0.0,0.0,0.0,battery2_v
2020-06-29T13:00:00Z,30.0,30.0,,,,,930.933,952.0,,,,12.251,12.266,,,,7097.0,7097.0,7097.0,,-8.767,13.5,,,,0.0,,,,,,,,,,3944.0,3973.0,0.0,0.0,30.0,0.0,30.0,0.0,30.0,0.0,0.0,0.0,0.0,0.0,0.0,0.0,0.0,0.0,battery2_v
2020-06-29T14:00:00Z,30.0,30.0,,,,,943.6,964.0,,,,12.247,12.261,,,,7097.0,7097.0,7097.0,,-8.567,14.567,,,,0.0,,,,,,,,,,3974.0,4003.0,0.0,0.0,30.0,0.0,30.0,0.0,30.0,0.0,0.0,0.0,0.0,0.0,0.0,0.0,0.0,0.0,battery2_v
2020-06-29T15:00:00Z,30.0,30.0,,,,,954.7,975.0,,,,12.237,12.261,,,,7097.0,7097.0,7097.0,,-8.233,17.967,,,,0.0,,,,,,,,,,4004.0,4033.0,0.0,0.0,30.0,0.0,30.0,0.0,30.0,0.0,0.0,0.0,0.0,0.0,0.0,0.0,0.0,0.0,battery2_v
2020-06-29T16:00:00Z,30.0,30.0,,,,,969.5,987.0,,,,12.237,12.251,,,,7097.0,7097.0,7097.0,,-8.333,17.733,,,,0.0,,,,,,,,,,4034.0,4063.0,0.0,0.0,30.0,0.0,30.0,0.0,30.0,0.0,0.0,0.0,0.0,0.0,0.0,0.0,0.0,0.0,battery2_v
2020-06-29T17:00:00Z,30.0,30.0,,,,,976.733,999.0,,,,12.233,12.247,,,,7097.0,7097.0,7097.0,,-8.033,21.167,,,,0.0,,,,,,,,,,4064.0,4093.0,0.0,0.0,30.0,0.0,30.0,0.0,30.0,0.0,0.0,0.0,0.0,0.0,0.0,0.0,0.0,0.0,battery2_v
2020-06-29T18:00:00Z,30.0,30.0,,,,,990.533,1010.0,,,,12.228,12.242,,,,7097.0,7097.0,7097.0,,-8.2,19.267,,,,0.0,,,,,,,,,,4094.0,4123.0,0.0,0.0,30.0,0.0,30.0,0.0,30.0,0.0,0.0,0.0,0.0,0.0,0.0,0.0,0.0,0.0,battery2_v
2020-06-29T19:00:00Z,30.0,30.0,,,,,998.033,1010.0,,,,12.223,12.237,,,,7097.0,7097.0,7097.0,,-8.0,21.733,,,,0.0,,,,,,,,,,4124.0,4153.0,0.0,0.0,30.0,0.0,30.0,0.0,30.0,0.0,0.0,0.0,0.0,0.0,0.0,0.0,0.0,0.0,battery2_v
2020-06-29T20:00:00Z,30.0,30.0,,,,,1008.633,1022.0,,,,12.218,12.233,,,,7097.0,7097.0,7097.0,,-7.9,24.667,,,,0.0,,,,,,,,,,4154.0,4183.0,0.0,0.0,30.0,0.0,30.0,0.0,30.0,0.0,0.0,0.0,0.0,0.0,0.0,0.0,0.0,0.0,battery2_v
2020-06-29T21:00:00Z,29.0,29.0,,,,,1021.172,1034.0,,,,12.218,12.228,,,,7097.0,7097.0,7097.0,,-7.931,23.379,,,,0.0,,,,,,,,,,4184.0,4213.0,0.0,0.0,29.0,0.0,29.0,0.0,29.0,0.0,0.0,0.0,0.0,0.0,0.0,0.0,0.0,0.0,battery2_v
2020-06-29T22:00:00Z,30.0,30.0,,,,,2461.233,9013.0,,,,12.214,12.228,,,,7097.0,7097.0,7097.0,,-7.9,25.233,,,,0.0,,,,,,,,,,4214.0,4243.0,0.0,0.0,30.0,0.0,30.0,0.0,30.0,0.0,0.0,0.0,0.0,0.0,0.0,0.0,0.0,0.0,battery2_v
2020-06-29T23:00:00Z,30.0,30.0,,,,,6287.4,15635.0,,,,12.209,12.233,,,,7097.0,7097.0,7097.0,,-7.483,26.533,,,,0.0,,,,,,,,,,4244.0,4273.0,0.0,0.0,30.0,0.0,30.0,0.0,30.0,0.0,0.0,0.0,0.0,0.0,0.0,0.0,0.0,0.0,battery2_v
2020-06-30T00:00:00Z,29.0,29.0,,,,,13881.931,22141.0,,,,12.237,12.384,,,,7097.0,7097.0,7097.0,,25.207,56.069,,,,0.0,,,,,,,,,,4274.0,4303.0,0.0,0.0,29.0,0.0,29.0,0.0,29.0,0.0,1.0,18.0,0.0,0.0,0.0,0.0,0.0,0.0,battery2_v
2020-06-30T01:00:00Z,30.0,30.0,,,,,14385.067,22515.0,,,,12.308,12.583,,,,7097.0,7097.0,7097.0,,68.3,99.5,,,,0.0,,,,,,,,,,4304.0,4333.0,0.0,0.0,30.0,0.0,30.0,0.0,30.0,0.0,23.0,27.0,0.0,0.0,0.0,0.0,0.0,0.0,battery2_v
2020-06-30T02:00:00Z,27.0,27.0,,,,,13237.259,13623.0,,,,12.318,12.909,,,,7097.0,7097.0,7097.0,,103.963,109.074,,,,0.111,,,,,,,,,,4336.0,4363.0,0.0,0.0,27.0,0.0,27.0,0.0,27.0,0.0,25.0,27.0,0.0,0.0,0.0,0.0,0.0,0.0,battery2_v
2020-06-30T03:00:00Z,30.0,30.0,,,,,13351.5,13869.0,,,,12.11,12.871,,,,7097.0,7097.0,7097.0,,57.31,-40.567,,,,0.467,,,,,,,,,,4364.0,4393.0,0.0,0.0,30.0,0.0,30.0,0.0,30.0,0.0,20.0,30.0,0.0,0.0,0.0,0.0,0.0,0.0,battery2_v
2020-06-30T04:00:00Z,30.0,30.0,,,,,14275.767,22199.0,,,,12.091,13.094,,,,7097.0,7097.0,7097.0,,45.0,-103.833,,,,0.633,,,,,,,,,,4394.0,4423.0,0.0,0.0,30.0,0.0,30.0,0.0,30.0,0.0,15.0,28.0,0.0,0.0,0.0,0.0,0.0,0.0,battery2_v
2020-06-30T05:00:00Z,30.0,30.0,,,,,11755.267,13798.0,,,,12.157,13.666,,,,7097.0,7097.0,7097.0,,78.767,-78.0,,,,0.633,,,,,,,,,,4424.0,4453.0,0.0,0.0,30.0,0.0,30.0,0.0,30.0,0.0,20.0,25.0,0.0,0.0,0.0,0.0,0.0,0.0,battery2_v
2020-06-30T06:00:00Z,30.0,30.0,,,,,9109.633,13752.0,,,,12.199,12.848,,,,7097.0,7097.0,7097.0,,13.467,-11.1,,,,0.133,,,,,,,,,,4454.0,4483.0,0.0,0.0,30.0,0.0,30.0,0.0,30.0,0.0,7.0,8.0,0.0,0.0,0.0,0.0,0.0,0.0,battery2_v
2020-06-30T07:00:00Z,30.0,30.0,,,,,5334.267,9352.0,,,,12.318,12.351,,,,7097.0,7097.0,7097.0,,-8.433,10.4,,,,0.0,,,,,,,,,,4484.0,4513.0,0.0,0.0,30.0,0.0,30.0,0.0,30.0,0.0,0.0,0.0,0.0,0.0,0.0,0.0,0.0,0.0,battery2_v
2020-06-30T08:00:00Z,30.0,30.0,,,,,3897.133,4087.0,,,,12.294,12.318,,,,7097.0,7097.0,7097.0,,-8.1,14.133,,,,0.0,,,,,,,,,,4514.0,4543.0,0.0,0.0,30.0,0.0,30.0,0.0,30.0,0.0,0.0,0.0,0.0,0.0,0.0,0.0,0.0,0.0,battery2_v
2020-06-30T09:00:00Z,30.0,30.0,,,,,3147.567,3502.0,,,,12.28,12.299,,,,7097.0,7097.0,7097.0,,-8.167,13.0,,,,0.0,,,,,,,,,,4544.0,4573.0,0.0,0.0,30.0,0.0,30.0,0.0,30.0,0.0,0.0,0.0,0.0,0.0,0.0,0.0,0.0,0.0,battery2_v
2020-06-30T10:00:00Z,30.0,30.0,,,,,2722.833,2976.0,,,,12.266,12.285,,,,7097.0,7097.0,7097.0,,-8.067,16.833,,,,0.0,,,,,,,,,,4574.0,4603.0,0.0,0.0,30.0,0.0,30.0,0.0,30.0,0.0,0.0,0.0,0.0,0.0,0.0,0.0,0.0,0.0,battery2_v
2020-06-30T11:00:00Z,30.0,30.0,,,,,1644.033,5421.0,,,,12.242,12.275,,,,7097.0,7097.0,7097.0,,-9.133,5.667,,,,0.0,,,,,,,,,,4604.0,4633.0,0.0,0.0,30.0,0.0,30.0,0.0,30.0,0.0,0.0,0.0,0.0,0.0,0.0,0.0,0.0,0.0,battery2_v
2020-06-30T12:00:00Z,29.0,29.0,,,,,969.345,987.0,,,,12.228,12.251,,,,7097.0,7097.0,7097.0,,-10.069,-4.276,,,,0.0,,,,,,,,,,4634.0,4663.0,0.0,0.0,29.0,0.0,29.0,0.0,29.0,0.0,0.0,0.0,0.0,0.0,0.0,0.0,0.0,0.0,battery2_v
2020-06-30T13:00:00Z,29.0,29.0,,,,,994.655,1022.0,,,,12.214,12.233,,,,7097.0,7097.0,7097.0,,-9.69,-0.103,,,,0.0,,,,,,,,,,4664.0,4693.0,0.0,0.0,29.0,0.0,29.0,0.0,29.0,0.0,0.0,0.0,0.0,0.0,0.0,0.0,0.0,0.0,battery2_v
2020-06-30T14:00:00Z,30.0,30.0,,,,,1018.4,1045.0,,,,12.209,12.223,,,,7097.0,7097.0,7097.0,,-9.367,3.533,,,,0.0,,,,,,,,,,4694.0,4723.0,0.0,0.0,30.0,0.0,30.0,0.0,30.0,0.0,0.0,0.0,0.0,0.0,0.0,0.0,0.0,0.0,battery2_v
2020-06-30T15:00:00Z,30.0,30.0,,,,,1036.867,1057.0,,,,12.199,12.214,,,,7097.0,7097.0,7097.0,,-9.233,4.567,,,,0.0,,,,,,,,,,4724.0,4753.0,0.0,0.0,30.0,0.0,30.0,0.0,30.0,0.0,0.0,0.0,0.0,0.0,0.0,0.0,0.0,0.0,battery2_v
2020-06-30T16:00:00Z,30.0,30.0,,,,,1044.067,1057.0,,,,12.199,12.209,,,,7097.0,7097.0,7097.0,,-8.967,11.333,,,,0.0,,,,,,,,,,4754.0,4783.0,0.0,0.0,30.0,0.0,30.0,0.0,30.0,0.0,0.0,0.0,0.0,0.0,0.0,0.0,0.0,0.0,battery2_v
2020-06-30T17:00:00Z,31.0,31.0,,,,,1055.871,1069.0,,,,12.19,12.209,,,,7097.0,7097.0,7097.0,,-8.742,13.0,,,,0.0,,,,,,,,,,4784.0,4814.0,0.0,0.0,31.0,0.0,31.0,0.0,31.0,0.0,0.0,0.0,0.0,0.0,0.0,0.0,0.0,0.0,battery2_v
2020-06-30T18:00:00Z,30.0,30.0,,,,,1065.767,1092.0,,,,12.185,12.204,,,,7097.0,7097.0,7097.0,,-8.4,17.033,,,,0.0,,,,,,,,,,4815.0,4844.0,0.0,0.0,30.0,0.0,30.0,0.0,30.0,0.0,0.0,0.0,0.0,0.0,0.0,0.0,0.0,0.0,battery2_v
2020-06-30T19:00:00Z,30.0,30.0,,,,,1079.467,1092.0,,,,12.185,12.199,,,,7097.0,7097.0,7097.0,,-8.333,18.8,,,,0.0,,,,,,,,,,4845.0,4874.0,0.0,0.0,30.0,0.0,30.0,0.0,30.0,0.0,0.0,0.0,0.0,0.0,0.0,0.0,0.0,0.0,battery2_v
2020-06-30T20:00:00Z,28.0,28.0,,,,,1091.464,1116.0,,,,12.181,12.195,,,,7097.0,7097.0,7097.0,,-8.143,19.393,,,,0.0,,,,,,,,,,4875.0,4904.0,0.0,0.0,28.0,0.0,28.0,0.0,28.0,0.0,0.0,0.0,0.0,0.0,0.0,0.0,0.0,0.0,battery2_v
2020-06-30T21:00:00Z,30.0,30.0,,,,,1098.833,1116.0,,,,12.176,12.19,,,,7097.0,7097.0,7097.0,,-8.0,23.067,,,,0.0,,,,,,,,,,4905.0,4934.0,0.0,0.0,30.0,0.0,30.0,0.0,30.0,0.0,0.0,0.0,0.0,0.0,0.0,0.0,0.0,0.0,battery2_v
2020-06-30T22:00:00Z,30.0,30.0,,,,,2980.2,10019.0,,,,12.176,12.185,,,,7097.0,7097.0,7097.0,,-7.767,27.7,,,,0.0,,,,,,,,,,4935.0,4964.0,0.0,0.0,30.0,0.0,30.0,0.0,30.0,0.0,0.0,0.0,0.0,0.0,0.0,0.0,0.0,0.0,battery2_v
2020-06-30T23:00:00Z,30.0,30.0,,,,,4025.1,13155.0,,,,12.166,12.185,,,,7097.0,7097.0,7097.0,,-7.833,26.0,,,,0.0,,,,,,,,,,4965.0,4994.0,0.0,0.0,30.0,0.0,30.0,0.0,30.0,0.0,0.0,0.0,0.0,0.0,0.0,0.0,0.0,0.0,battery2_v
2020-07-01T00:00:00Z,30.0,30.0,,,,,14971.7,20994.0,,,,12.171,12.228,,,,7097.0,7097.0,7097.0,,0.393,34.233,,,,0.0,,,,,,,,,,4995.0,5024.0,0.0,0.0,30.0,0.0,30.0,0.0,30.0,0.0,0.0,1.0,0.0,0.0,0.0,0.0,0.0,0.0,battery2_v
2020-07-01T01:00:00Z,30.0,30.0,,,,,13631.633,13705.0,,,,12.218,12.403,,,,7097.0,7097.0,7097.0,,24.133,53.6,,,,0.0,,,,,,,,,,5025.0,5054.0,0.0,0.0,30.0,0.0,30.0,0.0,30.0,0.0,3.0,11.0,0.0,0.0,0.0,0.0,0.0,0.0,battery2_v
2020-07-01T02:00:00Z,28.0,28.0,,,,,13387.286,13822.0,,,,12.143,12.985,,,,7097.0,7097.0,7097.0,,95.0,117.607,,,,0.036,,,,,,,,,,5055.0,5084.0,0.0,0.0,28.0,0.0,28.0,0.0,28.0,0.0,17.0,28.0,0.0,0.0,0.0,0.0,0.0,0.0,battery2_v
2020-07-01T03:00:00Z,29.0,29.0,,,,,13318.724,13845.0,,,,12.128,12.885,,,,7097.0,7097.0,7097.0,,100.448,82.897,,,,0.241,,,,,,,,,,5085.0,5114.0,0.0,0.0,29.0,0.0,29.0,0.0,29.0,0.0,26.0,29.0,0.0,0.0,0.0,0.0,0.0,0.0,battery2_v
2020-07-01T04:00:00Z,29.0,29.0,,,,,15038.241,23369.0,,,,12.043,12.933,,,,7097.0,7097.0,7097.0,,99.571,67.517,,,,0.241,,,,,,,,,,5115.0,5144.0,0.0,0.0,29.0,0.0,29.0,0.0,29.0,0.0,25.0,26.0,0.0,0.0,0.0,0.0,0.0,0.0,battery2_v
2020-07-01T05:00:00Z,30.0,30.0,,,,,13387.367,13798.0,,,,12.157,12.824,,,,7097.0,7097.0,7097.0,,45.067,-48.333,,,,0.433,,,,,,,,,,5145.0,5174.0,0.0,0.0,30.0,0.0,30.0,0.0,30.0,0.0,22.0,29.0,0.0,0.0,0.0,0.0,0.0,0.0,battery2_v
2020-07-01T06:00:00Z,30.0,30.0,,,,,13333.533,13904.0,,,,12.1,12.937,,,,7097.0,7097.0,7097.0,,67.633,28.3,,,,0.2,,,,,,,,,,5175.0,5204.0,0.0,0.0,30.0,0.0,30.0,0.0,30.0,0.0,25.0,26.0,0.0,0.0,0.0,0.0,0.0,0.0,battery2_v
2020-07-01T07:00:00Z,30.0,30.0,,,,,10868.0,15366.0,,,,12.181,14.839,,,,7097.0,7097.0,7097.0,,50.6,3.467,,,,0.167,,,,,,,,,,5205.0,5234.0,0.0,0.0,30.0,0.0,30.0,0.0,30.0,0.0,8.0,10.0,0.0,0.0,0.0,0.0,0.0,0.0,battery2_v
2020-07-01T08:00:00Z,26.0,26.0,,,,,8901.5,15904.0,,,,12.308,12.55,,,,7097.0,7097.0,7097.0,,11.808,21.769,,,,0.0,,,,,,,,,,5238.0,5264.0,0.0,0.0,26.0,0.0,26.0,0.0,26.0,0.0,3.0,4.0,0.0,0.0,0.0,0.0,0.0,0.0,battery2_v
2020-07-01T09:00:00Z,29.0,29.0,,,,,2750.759,3268.0,,,,12.285,12.374,,,,7097.0,7097.0,7097.0,,-6.037,20.897,,,,0.0,,,,,,,,,,5265.0,5294.0,0.0,0.0,29.0,0.0,29.0,0.0,29.0,0.0,0.0,1.0,0.0,0.0,0.0,0.0,0.0,0.0,battery2_v
2020-07-01T10:00:00Z,27.0,27.0,,,,,2657.593,2777.0,,,,12.27,12.28,,,,7097.0,7097.0,7097.0,,-7.704,20.185,,,,0.0,,,,,,,,,,5295.0,5324.0,0.0,0.0,27.0,0.0,27.0,0.0,27.0,0.0,0.0,0.0,0.0,0.0,0.0,0.0,0.0,0.0,battery2_v
2020-07-01T11:00:00Z,30.0,30.0,,,,,1708.4,3538.0,,,,12.247,12.27,,,,7097.0,7097.0,7097.0,,-7.833,20.9,,,,0.0,,,,,,,,,,5325.0,5354.0,0.0,0.0,30.0,0.0,30.0,0.0,30.0,0.0,0.0,0.0,0.0,0.0,0.0,0.0,0.0,0.0,battery2_v
2020-07-01T12:00:00Z,29.0,29.0,,,,,951.414,987.0,,,,12.228,12.256,,,,7097.0,7097.0,7097.0,,-7.966,16.621,,,,0.0,,,,,,,,,,5356.0,5384.0,0.0,0.0,29.0,0.0,29.0,0.0,29.0,0.0,0.0,0.0,0.0,0.0,0.0,0.0,0.0,0.0,battery2_v
2020-07-01T13:00:00Z,30.0,30.0,,,,,998.933,1022.0,,,,12.214,12.237,,,,7097.0,7097.0,7097.0,,-9.167,3.4,,,,0.0,,,,,,,,,,5385.0,5414.0,0.0,0.0,30.0,0.0,30.0,0.0,30.0,0.0,0.0,0.0,0.0,0.0,0.0,0.0,0.0,0.0,battery2_v
2020-07-01T14:00:00Z,30.0,30.0,,,,,1038.767,1069.0,,,,12.195,12.218,,,,7097.0,7097.0,7097.0,,-9.067,7.1,,,,0.0,,,,,,,,,,5415.0,5444.0,0.0,0.0,30.0,0.0,30.0,0.0,30.0,0.0,0.0,0.0,0.0,0.0,0.0,0.0,0.0,0.0,battery2_v
2020-07-01T15:00:00Z,30.0,30.0,,,,,1072.9,1092.0,,,,12.185,12.199,,,,7097.0,7097.0,7097.0,,-8.933,9.9,,,,0.0,,,,,,,,,,5445.0,5474.0,0.0,0.0,30.0,0.0,30.0,0.0,30.0,0.0,0.0,0.0,0.0,0.0,0.0,0.0,0.0,0.0,battery2_v
2020-07-01T16:00:00Z,30.0,30.0,,,,,1093.733,1116.0,,,,12.176,12.195,,,,7097.0,7097.0,7097.0,,-8.4,18.2,,,,0.0,,,,,,,,,,5475.0,5504.0,0.0,0.0,30.0,0.0,30.0,0.0,30.0,0.0,0.0,0.0,0.0,0.0,0.0,0.0,0.0,0.0,battery2_v
2020-07-01T17:00:00Z,30.0,30.0,,,,,1112.3,1139.0,,,,12.166,12.181,,,,7097.0,7097.0,7097.0,,-8.1,18.8,,,,0.0,,,,,,,,,,5505.0,5534.0,0.0,0.0,30.0,0.0,30.0,0.0,30.0,0.0,0.0,0.0,0.0,0.0,0.0,0.0,0.0,0.0,battery2_v
2020-07-01T18:00:00Z,30.0,30.0,,,,,1126.467,1139.0,,,,12.162,12.176,,,,7097.0,7097.0,7097.0,,-8.033,22.0,,,,0.0,,,,,,,,,,5535.0,5564.0,0.0,0.0,30.0,0.0,30.0,0.0,30.0,0.0,0.0,0.0,0.0,0.0,0.0,0.0,0.0,0.0,battery2_v
2020-07-01T19:00:00Z,30.0,30.0,,,,,1087.1,1151.0,,,,12.157,12.176,,,,7097.0,7097.0,7097.0,,-7.333,27.5,,,,0.0,,,,,,,,,,5565.0,5594.0,0.0,0.0,30.0,0.0,30.0,0.0,30.0,0.0,0.0,0.0,0.0,0.0,0.0,0.0,0.0,0.0,battery2_v
2020-07-01T20:00:00Z,31.0,31.0,,,,,1108.903,1162.0,,,,12.152,12.176,,,,7097.0,7097.0,7097.0,,-6.968,30.129,,,,0.0,,,,,,,,,,5595.0,5625.0,0.0,0.0,31.0,0.0,31.0,0.0,31.0,0.0,0.0,0.0,0.0,0.0,0.0,0.0,0.0,0.0,battery2_v
2020-07-01T21:00:00Z,30.0,30.0,,,,,1155.067,1174.0,,,,12.147,12.166,,,,7097.0,7097.0,7097.0,,-7.233,32.767,,,,0.0,,,,,,,,,,5626.0,5655.0,0.0,0.0,30.0,0.0,30.0,0.0,30.0,0.0,0.0,0.0,0.0,0.0,0.0,0.0,0.0,0.0,battery2_v
2020-07-01T22:00:00Z,30.0,30.0,,,,,3617.933,13869.0,,,,12.128,12.956,,,,7097.0,7097.0,7097.0,,18.733,52.233,,,,0.033,,,,,,,,,,5656.0,5685.0,0.0,0.0,30.0,0.0,30.0,0.0,30.0,0.0,6.0,7.0,0.0,0.0,0.0,0.0,0.0,0.0,battery2_v
2020-07-01T23:00:00Z,30.0,30.0,,,,,6787.467,14816.0,,,,12.138,12.199,,,,7097.0,7097.0,7097.0,,-4.733,36.933,,,,0.0,,,,,,,,,,5686.0,5715.0,0.0,0.0,30.0,0.0,30.0,0.0,30.0,0.0,0.0,4.0,0.0,0.0,0.0,0.0,0.0,0.0,battery2_v
2020-07-02T00:00:00Z,30.0,30.0,,,,,12762.967,13693.0,,,,12.152,12.479,,,,7097.0,7097.0,7097.0,,33.9,71.133,,,,0.0,,,,,,,,,,5716.0,5745.0,0.0,0.0,30.0,0.0,30.0,0.0,30.0,0.0,6.0,23.0,0.0,0.0,0.0,0.0,0.0,0.0,battery2_v
2020-07-02T01:00:00Z,30.0,30.0,,,,,13392.867,13576.0,,,,12.322,12.63,,,,7097.0,7097.0,7097.0,,93.733,134.1,,,,0.0,,,,,,,,,,5746.0,5775.0,0.0,0.0,30.0,0.0,30.0,0.0,30.0,0.0,28.0,30.0,0.0,0.0,0.0,0.0,0.0,0.0,battery2_v
2020-07-02T02:00:00Z,30.0,30.0,,,,,13884.3,22070.0,,,,12.389,12.791,,,,7097.0,7097.0,7097.0,,121.7,147.133,,,,0.0,,,,,,,,,,5776.0,5805.0,0.0,0.0,30.0,0.0,30.0,0.0,30.0,0.0,28.0,28.0,0.0,0.0,0.0,0.0,0.0,0.0,battery2_v
2020-07-02T03:00:00Z,30.0,30.0,,,,,13794.6,21977.0,,,,12.266,13.141,,,,7097.0,7097.0,7097.0,,27.533,-168.8,,,,0.933,,,,,,,,,,5806.0,5835.0,0.0,0.0,30.0,0.0,30.0,0.0,30.0,0.0,8.0,28.0,0.0,0.0,0.0,0.0,0.0,0.0,battery2_v
2020-07-02T04:00:00Z,30.0,30.0,,,,,13358.967,13834.0,,,,12.124,13.165,,,,7097.0,7097.0,7097.0,,73.9,-41.867,,,,0.5,,,,,,,,,,5836.0,5865.0,0.0,0.0,30.0,0.0,30.0,0.0,30.0,0.0,17.0,28.0,0.0,0.0,0.0,0.0,0.0,0.0,battery2_v
2020-07-02T05:00:00Z,30.0,30.0,,,,,13339.8,13927.0,,,,12.053,13.065,,,,7097.0,7097.0,7097.0,,74.767,-35.267,,,,0.5,,,,,,,,,,5866.0,5895.0,0.0,0.0,30.0,0.0,30.0,0.0,30.0,0.0,19.0,28.0,0.0,0.0,0.0,0.0,0.0,0.0,battery2_v
2020-07-02T06:00:00Z,30.0,30.0,,,,,13423.2,14407.0,,,,12.053,12.904,,,,7097.0,7097.0,7097.0,,59.867,27.033,,,,0.1,,,,,,,,,,5896.0,5925.0,0.0,0.0,30.0,0.0,30.0,0.0,30.0,0.0,16.0,16.0,0.0,0.0,0.0,0.0,0.0,0.0,battery2_v
2020-07-02T07:00:00Z,30.0,30.0,,,,,14633.0,21743.0,,,,12.351,12.758,,,,7097.0,7097.0,7097.0,,54.655,42.633,,,,0.0,,,,,,,,,,5926.0,5955.0,0.0,0.0,30.0,0.0,30.0,0.0,30.0,0.0,11.0,10.0,0.0,0.0,0.0,0.0,0.0,0.0,battery2_v
2020-07-02T08:00:00Z,29.0,29.0,,,,,13459.931,13541.0,,,,12.346,12.54,,,,7097.0,7097.0,7097.0,,32.552,17.172,,,,0.0,,,,,,,,,,5956.0,5985.0,0.0,0.0,29.0,0.0,29.0,0.0,29.0,0.0,4.0,2.0,0.0,0.0,0.0,0.0,0.0,0.0,battery2_v
2020-07-02T09:00:00Z,29.0,29.0,,,,,6331.138,13529.0,,,,12.242,13.245,,,,7097.0,7097.0,7097.0,,48.586,22.448,,,,0.241,,,,,,,,,,5986.0,6015.0,0.0,0.0,27.0,0.0,29.0,0.0,29.0,0.0,8.0,8.0,0.0,0.0,0.0,0.0,0.0,0.0,battery2_v
2020-07-02T10:00:00Z,28.0,28.0,,,,,3382.429,6427.0,,,,12.1,12.947,,,,7097.0,7097.0,7097.0,,6.923,-20.214,,,,0.321,,,,,,,,,,6016.0,6045.0,0.0,0.0,28.0,0.0,28.0,0.0,28.0,0.0,5.0,8.0,0.0,0.0,0.0,0.0,0.0,0.0,battery2_v
2020-07-02T11:00:00Z,30.0,30.0,,,,,1084.867,2356.0,,,,12.285,12.625,,,,7097.0,7097.0,7097.0,,0.2,13.567,,,,0.0,,,,,,,,,,6046.0,6075.0,0.0,0.0,27.0,0.0,30.0,0.0,30.0,0.0,3.0,3.0,0.0,0.0,0.0,0.0,0.0,0.0,battery2_v
2020-07-02T12:00:00Z,29.0,29.0,,,,,330.69,1572.0,,,,11.977,13.212,,,,7097.0,7097.0,7097.0,,54.724,55.379,,,,0.241,,,,,,,,,,6076.0,6105.0,0.0,0.0,11.0,0.0,29.0,0.0,29.0,0.0,14.0,18.0,0.0,0.0,0.0,0.0,0.0,0.0,battery2_v
2020-07-02T13:00:00Z,30.0,30.0,,,,,685.333,882.0,,,,12.27,12.441,,,,7097.0,7097.0,7097.0,,-2.333,5.767,,,,0.0,,,,,,,,,,6106.0,6135.0,0.0,0.0,26.0,0.0,30.0,0.0,30.0,0.0,1.0,3.0,0.0,0.0,0.0,0.0,0.0,0.0,battery2_v
2020-07-02T14:00:00Z,29.0,29.0,,,,,785.621,940.0,,,,12.256,12.308,,,,7097.0,7097.0,7097.0,,-7.69,-4.483,,,,0.0,,,,,,,,,,6136.0,6165.0,0.0,0.0,28.0,0.0,29.0,0.0,29.0,0.0,0.0,0.0,0.0,0.0,0.0,0.0,0.0,0.0,battery2_v
2020-07-02T15:00:00Z,30.0,30.0,,,,,944.033,964.0,,,,12.242,12.261,,,,7097.0,7097.0,7097.0,,-9.733,-1.467,,,,0.0,,,,,,,,,,6166.0,6195.0,0.0,0.0,30.0,0.0,30.0,0.0,30.0,0.0,0.0,0.0,0.0,0.0,0.0,0.0,0.0,0.0,battery2_v
2020-07-02T16:00:00Z,30.0,30.0,,,,,973.833,999.0,,,,12.228,12.251,,,,7097.0,7097.0,7097.0,,-9.3,3.333,,,,0.0,,,,,,,,,,6196.0,6225.0,0.0,0.0,30.0,0.0,30.0,0.0,30.0,0.0,0.0,0.0,0.0,0.0,0.0,0.0,0.0,0.0,battery2_v
2020-07-02T17:00:00Z,29.0,29.0,,,,,999.828,1010.0,,,,12.218,12.237,,,,7097.0,7097.0,7097.0,,-8.966,8.414,,,,0.0,,,,,,,,,,6226.0,6255.0,0.0,0.0,29.0,0.0,29.0,0.0,29.0,0.0,0.0,0.0,0.0,0.0,0.0,0.0,0.0,0.0,battery2_v
2020-07-02T18:00:00Z,30.0,30.0,,,,,1031.733,1057.0,,,,12.204,12.223,,,,7097.0,7097.0,7097.0,,-8.733,11.533,,,,0.0,,,,,,,,,,6256.0,6285.0,0.0,0.0,30.0,0.0,30.0,0.0,30.0,0.0,0.0,0.0,0.0,0.0,0.0,0.0,0.0,0.0,battery2_v
2020-07-02T19:00:00Z,30.0,30.0,,,,,1057.067,1081.0,,,,12.195,12.209,,,,7097.0,7097.0,7097.0,,-8.433,16.033,,,,0.0,,,,,,,,,,6286.0,6315.0,0.0,0.0,30.0,0.0,30.0,0.0,30.0,0.0,0.0,0.0,0.0,0.0,0.0,0.0,0.0,0.0,battery2_v
2020-07-02T20:00:00Z,29.0,29.0,,,,,1089.138,1116.0,,,,12.176,12.195,,,,7097.0,7097.0,7097.0,,-8.31,13.759,,,,0.0,,,,,,,,,,6316.0,6345.0,0.0,0.0,29.0,0.0,29.0,0.0,29.0,0.0,0.0,0.0,0.0,0.0,0.0,0.0,0.0,0.0,battery2_v
2020-07-02T21:00:00Z,28.0,28.0,,,,,1117.714,1139.0,,,,12.166,12.185,,,,7097.0,7097.0,7097.0,,-8.179,17.893,,,,0.0,,,,,,,,,,6346.0,6373.0,0.0,0.0,28.0,0.0,28.0,0.0,28.0,0.0,0.0,0.0,0.0,0.0,0.0,0.0,0.0,0.0,battery2_v
2020-07-02T22:00:00Z,25.0,25.0,,,,,2397.48,7913.0,,,,12.162,12.171,,,,7097.0,7097.0,7097.0,,-8.2,18.48,,,,0.0,,,,,,,,,,6377.0,6404.0,0.0,0.0,25.0,0.0,25.0,0.0,25.0,0.0,0.0,0.0,0.0,0.0,0.0,0.0,0.0,0.0,battery2_v
2020-07-02T23:00:00Z,30.0,30.0,,,,,6328.7,12862.0,,,,12.147,12.162,,,,7097.0,7097.0,7097.0,,-7.967,21.2,,,,0.0,,,,,,,,,,6405.0,6434.0,0.0,0.0,30.0,0.0,30.0,0.0,30.0,0.0,0.0,0.0,0.0,0.0,0.0,0.0,0.0,0.0,battery2_v
2020-07-03T00:00:00Z,30.0,30.0,,,,,6703.2,19672.0,,,,12.143,12.356,,,,7097.0,7097.0,7097.0,,-1.167,28.7,,,,0.0,,,,,,,,,,6435.0,6464.0,0.0,0.0,30.0,0.0,30.0,0.0,30.0,0.0,1.0,3.0,0.0,0.0,0.0,0.0,0.0,0.0,battery2_v
2020-07-03T01:00:00Z,30.0,30.0,,,,,13531.7,13717.0,,,,12.204,12.781,,,,7097.0,7097.0,7097.0,,59.8,93.4,,,,0.0,,,,,,,,,,6465.0,6494.0,0.0,0.0,30.0,0.0,30.0,0.0,30.0,0.0,13.0,19.0,0.0,0.0,0.0,0.0,0.0,0.0,battery2_v
2020-07-03T02:00:00Z,28.0,28.0,,,,,13502.643,13600.0,,,,12.294,12.625,,,,7097.0,7097.0,7097.0,,57.429,80.214,,,,0.0,,,,,,,,,,6495.0,6524.0,0.0,0.0,28.0,0.0,28.0,0.0,28.0,0.0,10.0,26.0,0.0,0.0,0.0,0.0,0.0,0.0,battery2_v
2020-07-03T03:00:00Z,26.0,26.0,,,,,13278.423,13717.0,,,,12.214,13.023,,,,7097.0,7097.0,7097.0,,105.52,85.462,,,,0.269,,,,,,,,,,6525.0,6554.0,0.0,0.0,26.0,0.0,26.0,0.0,26.0,0.0,22.0,25.0,0.0,0.0,0.0,0.0,0.0,0.0,battery2_v
2020-07-03T04:00:00Z,28.0,28.0,,,,,13599.571,21403.0,,,,12.072,12.975,,,,7097.0,7097.0,7097.0,,80.857,17.679,,,,0.357,,,,,,,,,,6555.0,6584.0,0.0,0.0,28.0,0.0,28.0,0.0,28.0,0.0,23.0,25.0,0.0,0.0,0.0,0.0,0.0,0.0,battery2_v
2020-07-03T05:00:00Z,27.0,27.0,,,,,15215.148,21579.0,,,,12.327,12.748,,,,7097.0,7097.0,7097.0,,47.481,67.0,,,,0.0,,,,,,,,,,6585.0,6614.0,0.0,0.0,27.0,0.0,27.0,0.0,27.0,0.0,9.0,17.0,0.0,0.0,0.0,0.0,0.0,0.0,battery2_v
2020-07-03T06:00:00Z,29.0,29.0,,,,,13265.862,13740.0,,,,12.19,12.848,,,,7097.0,7097.0,7097.0,,87.862,92.069,,,,0.034,,,,,,,,,,6615.0,6644.0,0.0,0.0,29.0,0.0,29.0,0.0,29.0,0.0,19.0,27.0,0.0,0.0,0.0,0.0,0.0,0.0,battery2_v
2020-07-03T07:00:00Z,28.0,28.0,,,,,13395.286,13494.0,,,,12.417,12.658,,,,7097.0,7097.0,7097.0,,44.214,61.321,,,,0.0,,,,,,,,,,6645.0,6674.0,0.0,0.0,28.0,0.0,28.0,0.0,28.0,0.0,7.0,10.0,0.0,0.0,0.0,0.0,0.0,0.0,battery2_v
2020-07-03T08:00:00Z,30.0,30.0,,,,,13744.2,17168.0,,,,12.318,12.493,,,,7097.0,7097.0,7097.0,,22.433,35.267,,,,0.0,,,,,,,,,,6675.0,6704.0,0.0,0.0,30.0,0.0,30.0,0.0,30.0,0.0,1.0,3.0,0.0,0.0,0.0,0.0,0.0,0.0,battery2_v
2020-07-03T09:00:00Z,28.0,28.0,,,,,13183.393,19297.0,,,,12.28,12.346,,,,7097.0,7097.0,7097.0,,-3.0,10.821,,,,0.0,,,,,,,,,,6705.0,6734.0,0.0,0.0,28.0,0.0,28.0,0.0,28.0,0.0,0.0,0.0,0.0,0.0,0.0,0.0,0.0,0.0,battery2_v
2020-07-03T10:00:00Z,28.0,28.0,,,,,3049.071,4146.0,,,,12.261,12.28,,,,7097.0,7097.0,7097.0,,-6.393,33.964,,,,0.0,,,,,,,,,,6735.0,6764.0,0.0,0.0,28.0,0.0,28.0,0.0,28.0,0.0,0.0,0.0,0.0,0.0,0.0,0.0,0.0,0.0,battery2_v
2020-07-03T11:00:00Z,28.0,28.0,,,,,1685.964,4602.0,,,,12.247,12.266,,,,7097.0,7097.0,7097.0,,-6.25,35.036,,,,0.0,,,,,,,,,,6765.0,6794.0,0.0,0.0,28.0,0.0,28.0,0.0,28.0,0.0,0.0,0.0,0.0,0.0,0.0,0.0,0.0,0.0,battery2_v
2020-07-03T12:00:00Z,30.0,30.0,,,,,966.767,987.0,,,,12.228,12.247,,,,7097.0,7097.0,7097.0,,-6.067,41.1,,,,0.0,,,,,,,,,,6795.0,6824.0,0.0,0.0,30.0,0.0,30.0,0.0,30.0,0.0,0.0,0.0,0.0,0.0,0.0,0.0,0.0,0.0,battery2_v
2020-07-03T13:00:00Z,31.0,31.0,,,,,1003.903,1034.0,,,,12.214,12.233,,,,7097.0,7097.0,7097.0,,-6.0,40.226,,,,0.0,,,,,,,,,,6825.0,6855.0,0.0,0.0,31.0,0.0,31.0,0.0,31.0,0.0,0.0,0.0,0.0,0.0,0.0,0.0,0.0,0.0,battery2_v
2020-07-03T14:00:00Z,29.0,29.0,,,,,1047.759,1081.0,,,,12.19,12.214,,,,7097.0,7097.0,7097.0,,-8.276,16.931,,,,0.0,,,,,,,,,,6856.0,6885.0,0.0,0.0,29.0,0.0,29.0,0.0,29.0,0.0,0.0,0.0,0.0,0.0,0.0,0.0,0.0,0.0,battery2_v
2020-07-03T15:00:00Z,30.0,30.0,,,,,1083.033,1104.0,,,,12.181,12.199,,,,7097.0,7097.0,7097.0,,-8.067,19.6,,,,0.0,,,,,,,,,,6886.0,6915.0,0.0,0.0,30.0,0.0,30.0,0.0,30.0,0.0,0.0,0.0,0.0,0.0,0.0,0.0,0.0,0.0,battery2_v
2020-07-03T16:00:00Z,30.0,30.0,,,,,1116.867,1139.0,,,,12.171,12.181,,,,7097.0,7097.0,7097.0,,-8.033,20.367,,,,0.0,,,,,,,,,,6916.0,6945.0,0.0,0.0,30.0,0.0,30.0,0.0,30.0,0.0,0.0,0.0,0.0,0.0,0.0,0.0,0.0,0.0,battery2_v
2020-07-03T17:00:00Z,30.0,30.0,,,,,1143.667,1174.0,,,,12.152,12.171,,,,7097.0,7097.0,7097.0,,-7.733,24.667,,,,0.0,,,,,,,,,,6946.0,6975.0,0.0,0.0,30.0,0.0,30.0,0.0,30.0,0.0,0.0,0.0,0.0,0.0,0.0,0.0,0.0,0.0,battery2_v
2020-07-03T18:00:00Z,30.0,30.0,,,,,1161.967,1186.0,,,,12.147,12.162,,,,7097.0,7097.0,7097.0,,-7.567,27.7,,,,0.0,,,,,,,,,,6976.0,7005.0,0.0,0.0,30.0,0.0,30.0,0.0,30.0,0.0,0.0,0.0,0.0,0.0,0.0,0.0,0.0,0.0,battery2_v
2020-07-03T19:00:00Z,30.0,30.0,,,,,1178.8,1198.0,,,,12.138,12.152,,,,7097.0,7097.0,7097.0,,-7.333,28.5,,,,0.0,,,,,,,,,,7006.0,7035.0,0.0,0.0,30.0,0.0,30.0,0.0,30.0,0.0,0.0,0.0,0.0,0.0,0.0,0.0,0.0,0.0,battery2_v
2020-07-03T20:00:00Z,21.0,21.0,,,,,1193.429,1198.0,,,,12.133,12.147,,,,7097.0,7097.0,7097.0,,-7.286,30.619,,,,0.0,,,,,,,,,,7036.0,7065.0,0.0,0.0,21.0,0.0,21.0,0.0,21.0,0.0,0.0,0.0,0.0,0.0,0.0,0.0,0.0,0.0,battery2_v
2020-07-03T21:00:00Z,28.0,28.0,,,,,1200.679,1209.0,,,,12.128,12.138,,,,7097.0,7097.0,7097.0,,-7.036,32.679,,,,0.0,,,,,,,,,,7066.0,7095.0,0.0,0.0,28.0,0.0,28.0,0.0,28.0,0.0,0.0,0.0,0.0,0.0,0.0,0.0,0.0,0.0,battery2_v
2020-07-03T22:00:00Z,29.0,29.0,,,,,5035.862,12184.0,,,,12.128,12.138,,,,7097.0,7097.0,7097.0,,-6.724,38.828,,,,0.0,,,,,,,,,,7096.0,7125.0,0.0,0.0,29.0,0.0,29.0,0.0,29.0,0.0,0.0,0.0,0.0,0.0,0.0,0.0,0.0,0.0,battery2_v
2020-07-03T23:00:00Z,30.0,30.0,,,,,4048.1,14208.0,,,,12.124,12.602,,,,7097.0,7097.0,7097.0,,5.433,48.5,,,,0.0,,,,,,,,,,7126.0,7155.0,0.0,0.0,30.0,0.0,30.0,0.0,30.0,0.0,2.0,2.0,0.0,0.0,0.0,0.0,0.0,0.0,battery2_v
2020-07-04T00:00:00Z,30.0,30.0,,,,,12635.833,15577.0,,,,12.124,12.578,,,,7097.0,7097.0,7097.0,,42.567,91.767,,,,0.0,,,,,,,,,,7156.0,7185.0,0.0,0.0,30.0,0.0,30.0,0.0,30.0,0.0,8.0,18.0,0.0,0.0,0.0,0.0,0.0,0.0,battery2_v
2020-07-04T01:00:00Z,30.0,30.0,,,,,13551.933,13681.0,,,,12.237,12.564,,,,7097.0,7097.0,7097.0,,55.1,95.667,,,,0.0,,,,,,,,,,7186.0,7215.0,0.0,0.0,30.0,0.0,30.0,0.0,30.0,0.0,13.0,28.0,0.0,0.0,0.0,0.0,0.0,0.0,battery2_v
2020-07-04T02:00:00Z,30.0,30.0,,,,,13372.633,15530.0,,,,12.341,12.71,,,,7097.0,7097.0,7097.0,,118.9,157.833,,,,0.0,,,,,,,,,,7216.0,7245.0,0.0,0.0,30.0,0.0,30.0,0.0,30.0,0.0,28.0,30.0,0.0,0.0,0.0,0.0,0.0,0.0,battery2_v
2020-07-04T03:00:00Z,30.0,30.0,,,,,14279.167,22339.0,,,,12.346,12.639,,,,7097.0,7097.0,7097.0,,71.0,109.267,,,,0.0,,,,,,,,,,7246.0,7275.0,0.0,0.0,30.0,0.0,30.0,0.0,30.0,0.0,25.0,26.0,0.0,0.0,0.0,0.0,0.0,0.0,battery2_v
2020-07-04T04:00:00Z,30.0,30.0,,,,,13285.233,13354.0,,,,12.516,12.639,,,,7097.0,7097.0,7097.0,,87.867,119.767,,,,0.0,,,,,,,,,,7276.0,7305.0,0.0,0.0,30.0,0.0,30.0,0.0,30.0,0.0,30.0,30.0,0.0,0.0,0.0,0.0,0.0,0.0,battery2_v
2020-07-04T05:00:00Z,30.0,30.0,,,,,13232.6,13295.0,,,,12.554,12.639,,,,7097.0,7097.0,7097.0,,93.2,125.067,,,,0.0,,,,,,,,,,7306.0,7335.0,0.0,0.0,30.0,0.0,30.0,0.0,30.0,0.0,30.0,30.0,0.0,0.0,0.0,0.0,0.0,0.0,battery2_v
2020-07-04T06:00:00Z,30.0,30.0,,,,,14529.267,21988.0,,,,12.389,12.729,,,,7097.0,7097.0,7097.0,,64.567,91.467,,,,0.0,,,,,,,,,,7336.0,7365.0,0.0,0.0,30.0,0.0,30.0,0.0,30.0,0.0,22.0,24.0,0.0,0.0,0.0,0.0,0.0,0.0,battery2_v
2020-07-04T07:00:00Z,26.0,26.0,,,,,13250.385,13424.0,,,,12.46,12.696,,,,7097.0,7097.0,7097.0,,81.269,96.154,,,,0.0,,,,,,,,,,7368.0,7395.0,0.0,0.0,26.0,0.0,26.0,0.0,26.0,0.0,24.0,25.0,0.0,0.0,0.0,0.0,0.0,0.0,battery2_v
2020-07-04T08:00:00Z,30.0,30.0,,,,,13306.667,13518.0,,,,12.379,12.673,,,,7097.0,7097.0,7097.0,,65.9,72.6,,,,0.0,,,,,,,,,,7396.0,7425.0,0.0,0.0,30.0,0.0,30.0,0.0,30.0,0.0,22.0,22.0,0.0,0.0,0.0,0.0,0.0,0.0,battery2_v
2020-07-04T09:00:00Z,26.0,26.0,,,,,13431.615,13506.0,,,,12.389,12.564,,,,7097.0,7097.0,7097.0,,38.0,36.462,,,,0.0,,,,,,,,,,7426.0,7455.0,0.0,0.0,26.0,0.0,26.0,0.0,26.0,0.0,5.0,5.0,0.0,0.0,0.0,0.0,0.0,0.0,battery2_v
2020-07-04T10:00:00Z,29.0,29.0,,,,,7634.655,16361.0,,,,12.289,12.663,,,,7097.0,7097.0,7097.0,,4.655,11.517,,,,0.0,,,,,,,,,,7456.0,7485.0,0.0,0.0,29.0,0.0,29.0,0.0,29.0,0.0,2.0,2.0,0.0,0.0,0.0,0.0,0.0,0.0,battery2_v
2020-07-04T11:00:00Z,30.0,30.0,,,,,1682.267,5386.0,,,,12.27,12.304,,,,7097.0,7097.0,7097.0,,-7.767,7.033,,,,0.0,,,,,,,,,,7486.0,7515.0,0.0,0.0,30.0,0.0,30.0,0.0,30.0,0.0,0.0,0.0,0.0,0.0,0.0,0.0,0.0,0.0,battery2_v
2020-07-04T12:00:00Z,30.0,30.0,,,,,893.633,940.0,,,,12.247,12.27,,,,7097.0,7097.0,7097.0,,-8.767,7.3,,,,0.0,,,,,,,,,,7516.0,7545.0,0.0,0.0,30.0,0.0,30.0,0.0,30.0,0.0,0.0,0.0,0.0,0.0,0.0,0.0,0.0,0.0,battery2_v
2020-07-04T13:00:00Z,30.0,30.0,,,,,945.667,964.0,,,,12.237,12.256,,,,7097.0,7097.0,7097.0,,-8.5,7.0,,,,0.0,,,,,,,,,,7546.0,7575.0,0.0,0.0,30.0,0.0,30.0,0.0,30.0,0.0,0.0,0.0,0.0,0.0,0.0,0.0,0.0,0.0,battery2_v
2020-07-04T14:00:00Z,30.0,30.0,,,,,977.3,1010.0,,,,12.218,12.242,,,,7097.0,7097.0,7097.0,,-9.333,-1.567,,,,0.0,,,,,,,,,,7576.0,7605.0,0.0,0.0,30.0,0.0,30.0,0.0,30.0,0.0,0.0,0.0,0.0,0.0,0.0,0.0,0.0,0.0,battery2_v
2020-07-04T15:00:00Z,29.0,29.0,,,,,1008.69,1034.0,,,,12.209,12.223,,,,7097.0,7097.0,7097.0,,-10.241,-9.724,,,,0.0,,,,,,,,,,7606.0,7635.0,0.0,0.0,29.0,0.0,29.0,0.0,29.0,0.0,0.0,0.0,0.0,0.0,0.0,0.0,0.0,0.0,battery2_v
2020-07-04T16:00:00Z,30.0,30.0,,,,,1034.133,1057.0,,,,12.195,12.214,,,,7097.0,7097.0,7097.0,,-9.967,-5.533,,,,0.0,,,,,,,,,,7636.0,7665.0,0.0,0.0,30.0,0.0,30.0,0.0,30.0,0.0,0.0,0.0,0.0,0.0,0.0,0.0,0.0,0.0,battery2_v
2020-07-04T17:00:00Z,30.0,30.0,,,,,1055.867,1069.0,,,,12.185,12.204,,,,7097.0,7097.0,7097.0,,-9.667,-0.667,,,,0.0,,,,,,,,,,7666.0,7695.0,0.0,0.0,30.0,0.0,30.0,0.0,30.0,0.0,0.0,0.0,0.0,0.0,0.0,0.0,0.0,0.0,battery2_v
2020-07-04T18:00:00Z,27.0,27.0,,,,,1083.63,1104.0,,,,12.176,12.195,,,,7097.0,7097.0,7097.0,,-9.667,1.296,,,,0.0,,,,,,,,,,7696.0,7725.0,0.0,0.0,27.0,0.0,27.0,0.0,27.0,0.0,0.0,0.0,0.0,0.0,0.0,0.0,0.0,0.0,battery2_v
2020-07-04T19:00:00Z,30.0,30.0,,,,,1112.6,1139.0,,,,12.162,12.181,,,,7097.0,7097.0,7097.0,,-9.3,2.767,,,,0.0,,,,,,,,,,7726.0,7755.0,0.0,0.0,30.0,0.0,30.0,0.0,30.0,0.0,0.0,0.0,0.0,0.0,0.0,0.0,0.0,0.0,battery2_v
2020-07-04T20:00:00Z,30.0,30.0,,,,,1131.9,1151.0,,,,12.152,12.176,,,,7097.0,7097.0,7097.0,,-8.933,11.0,,,,0.0,,,,,,,,,,7756.0,7785.0,0.0,0.0,30.0,0.0,30.0,0.0,30.0,0.0,0.0,0.0,0.0,0.0,0.0,0.0,0.0,0.0,battery2_v
2020-07-04T21:00:00Z,30.0,30.0,,,,,1156.567,1186.0,,,,12.143,12.162,,,,7097.0,7097.0,7097.0,,-8.833,12.367,,,,0.0,,,,,,,,,,7786.0,7815.0,0.0,0.0,30.0,0.0,30.0,0.0,30.0,0.0,0.0,0.0,0.0,0.0,0.0,0.0,0.0,0.0,battery2_v
2020-07-04T22:00:00Z,30.0,30.0,,,,,3748.967,12652.0,,,,12.138,12.147,,,,7097.0,7097.0,7097.0,,-8.4,17.133,,,,0.0,,,,,,,,,,7816.0,7845.0,0.0,0.0,30.0,0.0,30.0,0.0,30.0,0.0,0.0,0.0,0.0,0.0,0.0,0.0,0.0,0.0,battery2_v
2020-07-04T23:00:00Z,30.0,30.0,,,,,8283.067,14910.0,,,,12.128,12.195,,,,7097.0,7097.0,7097.0,,-4.467,22.333,,,,0.0,,,,,,,,,,7846.0,7875.0,0.0,0.0,30.0,0.0,30.0,0.0,30.0,0.0,0.0,0.0,0.0,0.0,0.0,0.0,0.0,0.0,battery2_v
2020-07-05T00:00:00Z,30.0,30.0,,,,,14500.033,21743.0,,,,12.166,12.341,,,,7097.0,7097.0,7097.0,,28.5,54.733,,,,0.0,,,,,,,,,,7876.0,7905.0,0.0,0.0,30.0,0.0,30.0,0.0,30.0,0.0,6.0,18.0,0.0,0.0,0.0,0.0,0.0,0.0,battery2_v
2020-07-05T01:00:00Z,30.0,30.0,,,,,13496.167,13623.0,,,,12.275,12.483,,,,7097.0,7097.0,7097.0,,75.933,100.1,,,,0.0,,,,,,,,,,7906.0,7935.0,0.0,0.0,30.0,0.0,30.0,0.0,30.0,0.0,26.0,29.0,0.0,0.0,0.0,0.0,0.0,0.0,battery2_v
2020-07-05T02:00:00Z,28.0,28.0,,,,,13376.357,13564.0,,,,12.346,12.583,,,,7097.0,7097.0,7097.0,,91.321,108.321,,,,0.0,,,,,,,,,,7936.0,7964.0,0.0,0.0,28.0,0.0,28.0,0.0,28.0,0.0,23.0,24.0,0.0,0.0,0.0,0.0,0.0,0.0,battery2_v
2020-07-05T03:00:00Z,30.0,30.0,,,,,14171.267,21251.0,,,,12.318,12.691,,,,7097.0,7097.0,7097.0,,70.033,86.0,,,,0.0,,,,,,,,,,7966.0,7995.0,0.0,0.0,30.0,0.0,30.0,0.0,30.0,0.0,22.0,26.0,0.0,0.0,0.0,0.0,0.0,0.0,battery2_v
2020-07-05T04:00:00Z,30.0,30.0,,,,,13881.133,20257.0,,,,12.256,12.441,,,,7097.0,7097.0,7097.0,,11.931,9.9,,,,0.0,,,,,,,,,,7996.0,8025.0,0.0,0.0,30.0,0.0,30.0,0.0,30.0,0.0,2.0,3.0,0.0,0.0,0.0,0.0,0.0,0.0,battery2_v
2020-07-05T05:00:00Z,30.0,30.0,,,,,13454.133,13752.0,,,,12.199,12.81,,,,7097.0,7097.0,7097.0,,64.333,28.067,,,,0.133,,,,,,,,,,8026.0,8055.0,0.0,0.0,30.0,0.0,30.0,0.0,30.0,0.0,13.0,16.0,0.0,0.0,0.0,0.0,0.0,0.0,battery2_v
2020-07-05T06:00:00Z,31.0,31.0,,,,,13457.0,14711.0,,,,12.308,12.767,,,,7097.0,7097.0,7097.0,,60.839,48.097,,,,0.0,,,,,,,,,,8056.0,8086.0,0.0,0.0,31.0,0.0,31.0,0.0,31.0,0.0,12.0,9.0,0.0,0.0,0.0,0.0,0.0,0.0,battery2_v
2020-07-05T07:00:00Z,30.0,30.0,,,,,3294.167,13600.0,,,,11.991,12.824,,,,7097.0,7097.0,7097.0,,31.633,44.533,,,,0.067,,,,,,,,,,8087.0,8116.0,0.0,0.0,30.0,0.0,30.0,0.0,30.0,0.0,8.0,13.0,0.0,0.0,0.0,0.0,0.0,0.0,battery2_v
2020-07-05T08:00:00Z,30.0,30.0,,,,,2965.333,3315.0,,,,12.237,12.28,,,,7097.0,7097.0,7097.0,,-7.933,15.1,,,,0.0,,,,,,,,,,8117.0,8146.0,0.0,0.0,30.0,0.0,30.0,0.0,30.0,0.0,0.0,0.0,0.0,0.0,0.0,0.0,0.0,0.0,battery2_v
2020-07-05T09:00:00Z,30.0,30.0,,,,,2558.233,2730.0,,,,12.214,12.242,,,,7097.0,7097.0,7097.0,,-8.433,9.433,,,,0.0,,,,,,,,,,8147.0,8176.0,0.0,0.0,30.0,0.0,30.0,0.0,30.0,0.0,0.0,0.0,0.0,0.0,0.0,0.0,0.0,0.0,battery2_v
2020-07-05T10:00:00Z,29.0,29.0,,,,,3138.552,5047.0,,,,12.199,12.223,,,,7097.0,7097.0,7097.0,,-8.069,14.655,,,,0.0,,,,,,,,,,8177.0,8206.0,0.0,0.0,29.0,0.0,29.0,0.0,29.0,0.0,0.0,0.0,0.0,0.0,0.0,0.0,0.0,0.0,battery2_v
2020-07-05T11:00:00Z,30.0,30.0,,,,,931.767,2274.0,,,,12.181,12.45,,,,7097.0,7097.0,7097.0,,9.933,16.033,,,,0.0,,,,,,,,,,8207.0,8236.0,0.0,0.0,21.0,0.0,30.0,0.0,30.0,0.0,4.0,7.0,0.0,0.0,0.0,0.0,0.0,0.0,battery2_v
2020-07-05T12:00:00Z,30.0,30.0,,,,,1022.767,1116.0,,,,12.171,12.346,,,,7097.0,7097.0,7097.0,,-7.133,1.533,,,,0.0,,,,,,,,,,8237.0,8266.0,0.0,0.0,29.0,0.0,30.0,0.0,30.0,0.0,1.0,1.0,0.0,0.0,0.0,0.0,0.0,0.0,battery2_v
2020-07-05T13:00:00Z,30.0,30.0,,,,,1131.6,1162.0,,,,12.152,12.181,,,,7097.0,7097.0,7097.0,,-9.433,0.533,,,,0.0,,,,,,,,,,8267.0,8296.0,0.0,0.0,30.0,0.0,30.0,0.0,30.0,0.0,0.0,0.0,0.0,0.0,0.0,0.0,0.0,0.0,battery2_v
2020-07-05T14:00:00Z,30.0,30.0,,,,,1163.067,1186.0,,,,12.143,12.162,,,,7097.0,7097.0,7097.0,,-9.167,4.533,,,,0.0,,,,,,,,,,8297.0,8326.0,0.0,0.0,30.0,0.0,30.0,0.0,30.0,0.0,0.0,0.0,0.0,0.0,0.0,0.0,0.0,0.0,battery2_v
2020-07-05T15:00:00Z,29.0,29.0,,,,,1184.0,1209.0,,,,12.133,12.152,,,,7097.0,7097.0,7097.0,,-9.0,9.069,,,,0.0,,,,,,,,,,8327.0,8356.0,0.0,0.0,29.0,0.0,29.0,0.0,29.0,0.0,0.0,0.0,0.0,0.0,0.0,0.0,0.0,0.0,battery2_v
2020-07-05T16:00:00Z,30.0,30.0,,,,,1214.367,1233.0,,,,12.124,12.138,,,,7097.0,7097.0,7097.0,,-8.967,10.733,,,,0.0,,,,,,,,,,8357.0,8386.0,0.0,0.0,30.0,0.0,30.0,0.0,30.0,0.0,0.0,0.0,0.0,0.0,0.0,0.0,0.0,0.0,battery2_v
2020-07-05T17:00:00Z,30.0,30.0,,,,,1231.233,1244.0,,,,12.119,12.133,,,,7097.0,7097.0,7097.0,,-8.567,14.033,,,,0.0,,,,,,,,,,8387.0,8416.0,0.0,0.0,30.0,0.0,30.0,0.0,30.0,0.0,0.0,0.0,0.0,0.0,0.0,0.0,0.0,0.0,battery2_v
2020-07-05T18:00:00Z,30.0,30.0,,,,,1243.833,1256.0,,,,12.114,12.128,,,,7097.0,7097.0,7097.0,,-8.367,18.0,,,,0.0,,,,,,,,,,8417.0,8446.0,0.0,0.0,30.0,0.0,30.0,0.0,30.0,0.0,0.0,0.0,0.0,0.0,0.0,0.0,0.0,0.0,battery2_v
2020-07-05T19:00:00Z,30.0,30.0,,,,,1260.233,1291.0,,,,12.105,12.124,,,,7097.0,7097.0,7097.0,,-8.2,19.6,,,,0.0,,,,,,,,,,8447.0,8476.0,0.0,0.0,30.0,0.0,30.0,0.0,30.0,0.0,0.0,0.0,0.0,0.0,0.0,0.0,0.0,0.0,battery2_v
2020-07-05T20:00:00Z,30.0,30.0,,,,,1278.133,1303.0,,,,12.11,12.119,,,,7097.0,7097.0,7097.0,,-8.133,20.667,,,,0.0,,,,,,,,,,8477.0,8506.0,0.0,0.0,30.0,0.0,30.0,0.0,30.0,0.0,0.0,0.0,0.0,0.0,0.0,0.0,0.0,0.0,battery2_v
2020-07-05T21:00:00Z,30.0,30.0,,,,,1294.233,1326.0,,,,12.105,12.114,,,,7097.0,7097.0,7097.0,,-7.967,20.9,,,,0.0,,,,,,,,,,8507.0,8536.0,0.0,0.0,30.0,0.0,30.0,0.0,30.0,0.0,0.0,0.0,0.0,0.0,0.0,0.0,0.0,0.0,battery2_v
2020-07-05T22:00:00Z,30.0,30.0,,,,,3285.567,13120.0,,,,12.095,12.11,,,,7097.0,7097.0,7097.0,,-8.0,21.467,,,,0.0,,,,,,,,,,8537.0,8566.0,0.0,0.0,30.0,0.0,30.0,0.0,30.0,0.0,0.0,0.0,0.0,0.0,0.0,0.0,0.0,0.0,battery2_v
2020-07-05T23:00:00Z,30.0,30.0,,,,,8325.5,14676.0,,,,12.095,12.143,,,,7097.0,7097.0,7097.0,,-3.933,25.267,,,,0.0,,,,,,,,,,8567.0,8596.0,0.0,0.0,30.0,0.0,30.0,0.0,30.0,0.0,0.0,0.0,0.0,0.0,0.0,0.0,0.0,0.0,battery2_v
2020-07-06T00:00:00Z,29.0,29.0,,,,,13732.621,13822.0,,,,12.119,12.322,,,,7097.0,7097.0,7097.0,,25.828,53.276,,,,0.0,,,,,,,,,,8597.0,8626.0,0.0,0.0,29.0,0.0,29.0,0.0,29.0,0.0,3.0,15.0,0.0,0.0,0.0,0.0,0.0,0.0,battery2_v
2020-07-06T01:00:00Z,30.0,30.0,,,,,14325.667,21696.0,,,,12.124,12.422,,,,7097.0,7097.0,7097.0,,25.448,53.8,,,,0.0,,,,,,,,,,8627.0,8656.0,0.0,0.0,30.0,0.0,30.0,0.0,30.0,0.0,9.0,12.0,0.0,0.0,0.0,0.0,0.0,0.0,battery2_v
2020-07-06T02:00:00Z,30.0,30.0,,,,,13739.133,13787.0,,,,12.147,12.256,,,,7097.0,7097.0,7097.0,,17.633,41.7,,,,0.0,,,,,,,,,,8657.0,8686.0,0.0,0.0,30.0,0.0,30.0,0.0,30.0,0.0,0.0,6.0,0.0,0.0,0.0,0.0,0.0,0.0,battery2_v
2020-07-06T03:00:00Z,30.0,30.0,,,,,3667.8,13857.0,,,,12.091,12.748,,,,7097.0,7097.0,7097.0,,62.5,109.233,,,,0.0,,,,,,,,,,8687.0,8716.0,0.0,0.0,30.0,0.0,30.0,0.0,30.0,0.0,12.0,15.0,0.0,0.0,0.0,0.0,0.0,0.0,battery2_v
2020-07-06T04:00:00Z,29.0,29.0,,,,,7439.241,20924.0,,,,12.133,12.176,,,,7097.0,7097.0,7097.0,,-3.889,36.172,,,,0.0,,,,,,,,,,8717.0,8746.0,0.0,0.0,29.0,0.0,29.0,0.0,29.0,0.0,0.0,0.0,0.0,0.0,0.0,0.0,0.0,0.0,battery2_v
2020-07-06T05:00:00Z,31.0,31.0,,,,,14405.71,21953.0,,,,12.133,12.412,,,,7097.0,7097.0,7097.0,,46.355,69.226,,,,0.0,,,,,,,,,,8747.0,8777.0,0.0,0.0,31.0,0.0,31.0,0.0,31.0,0.0,14.0,22.0,0.0,0.0,0.0,0.0,0.0,0.0,battery2_v
2020-07-06T06:00:00Z,30.0,30.0,,,,,13456.0,13658.0,,,,12.251,12.824,,,,7097.0,7097.0,7097.0,,90.667,106.133,,,,0.033,,,,,,,,,,8778.0,8807.0,0.0,0.0,30.0,0.0,30.0,0.0,30.0,0.0,26.0,27.0,0.0,0.0,0.0,0.0,0.0,0.0,battery2_v
2020-07-06T07:00:00Z,30.0,30.0,,,,,13629.533,21965.0,,,,12.147,12.909,,,,7097.0,7097.0,7097.0,,102.8,58.6,,,,0.2,,,,,,,,,,8808.0,8837.0,0.0,0.0,30.0,0.0,30.0,0.0,30.0,0.0,25.0,28.0,0.0,0.0,0.0,0.0,0.0,0.0,battery2_v
2020-07-06T08:00:00Z,30.0,30.0,,,,,14093.2,23006.0,,,,12.147,12.867,,,,7097.0,7097.0,7097.0,,100.233,105.067,,,,0.033,,,,,,,,,,8838.0,8867.0,0.0,0.0,30.0,0.0,30.0,0.0,30.0,0.0,25.0,25.0,0.0,0.0,0.0,0.0,0.0,0.0,battery2_v
2020-07-06T09:00:00Z,30.0,30.0,,,,,12981.8,17835.0,,,,12.275,12.583,,,,7097.0,7097.0,7097.0,,36.793,45.867,,,,0.0,,,,,,,,,,8868.0,8897.0,0.0,0.0,30.0,0.0,30.0,0.0,30.0,0.0,12.0,13.0,0.0,0.0,0.0,0.0,0.0,0.0,battery2_v
2020-07-06T10:00:00Z,30.0,30.0,,,,,4011.7,13576.0,,,,12.28,12.725,,,,7097.0,7097.0,7097.0,,52.069,81.9,,,,0.0,,,,,,,,,,8898.0,8927.0,0.0,0.0,30.0,0.0,30.0,0.0,30.0,0.0,12.0,21.0,0.0,0.0,0.0,0.0,0.0,0.0,battery2_v
2020-07-06T11:00:00Z,29.0,29.0,,,,,1377.069,2871.0,,,,12.237,12.535,,,,7097.0,7097.0,7097.0,,8.786,44.345,,,,0.0,,,,,,,,,,8928.0,8957.0,0.0,0.0,29.0,0.0,29.0,0.0,29.0,0.0,3.0,6.0,0.0,0.0,0.0,0.0,0.0,0.0,battery2_v
2020-07-06T12:00:00Z,30.0,30.0,,,,,919.0,1022.0,,,,12.214,12.417,,,,7097.0,7097.0,7097.0,,-3.433,31.033,,,,0.0,,,,,,,,,,8958.0,8987.0,0.0,0.0,29.0,0.0,30.0,0.0,30.0,0.0,1.0,1.0,0.0,0.0,0.0,0.0,0.0,0.0,battery2_v
2020-07-06T13:00:00Z,30.0,30.0,,,,,1044.967,1081.0,,,,12.185,12.214,,,,7097.0,7097.0,7097.0,,-6.667,30.167,,,,0.0,,,,,,,,,,8988.0,9017.0,0.0,0.0,30.0,0.0,30.0,0.0,30.0,0.0,0.0,0.0,0.0,0.0,0.0,0.0,0.0,0.0,battery2_v
2020-07-06T14:00:00Z,30.0,30.0,,,,,1104.033,1127.0,,,,12.166,12.195,,,,7097.0,7097.0,7097.0,,-8.667,8.2,,,,0.0,,,,,,,,,,9018.0,9047.0,0.0,0.0,30.0,0.0,30.0,0.0,30.0,0.0,0.0,0.0,0.0,0.0,0.0,0.0,0.0,0.0,battery2_v
2020-07-06T15:00:00Z,30.0,30.0,,,,,1137.433,1162.0,,,,12.152,12.176,,,,7097.0,7097.0,7097.0,,-9.0,7.367,,,,0.0,,,,,,,,,,9048.0,9077.0,0.0,0.0,30.0,0.0,30.0,0.0,30.0,0.0,0.0,0.0,0.0,0.0,0.0,0.0,0.0,0.0,battery2_v
2020-07-06T16:00:00Z,30.0,30.0,,,,,1170.9,1198.0,,,,12.133,12.157,,,,7097.0,7097.0,7097.0,,-8.833,8.967,,,,0.0,,,,,,,,,,9078.0,9107.0,0.0,0.0,30.0,0.0,30.0,0.0,30.0,0.0,0.0,0.0,0.0,0.0,0.0,0.0,0.0,0.0,battery2_v
2020-07-06T17:00:00Z,30.0,30.0,,,,,1196.167,1209.0,,,,12.128,12.143,,,,7097.0,7097.0,7097.0,,-8.767,11.467,,,,0.0,,,,,,,,,,9108.0,9137.0,0.0,0.0,30.0,0.0,30.0,0.0,30.0,0.0,0.0,0.0,0.0,0.0,0.0,0.0,0.0,0.0,battery2_v
2020-07-06T18:00:00Z,30.0,30.0,,,,,1232.267,1256.0,,,,12.11,12.128,,,,7097.0,7097.0,7097.0,,-8.533,15.5,,,,0.0,,,,,,,,,,9138.0,9167.0,0.0,0.0,30.0,0.0,30.0,0.0,30.0,0.0,0.0,0.0,0.0,0.0,0.0,0.0,0.0,0.0,battery2_v
2020-07-06T19:00:00Z,30.0,30.0,,,,,1269.633,1315.0,,,,12.1,12.119,,,,7097.0,7097.0,7097.0,,-8.367,16.867,,,,0.0,,,,,,,,,,9168.0,9197.0,0.0,0.0,30.0,0.0,30.0,0.0,30.0,0.0,0.0,0.0,0.0,0.0,0.0,0.0,0.0,0.0,battery2_v
2020-07-06T20:00:00Z,30.0,30.0,,,,,1311.933,1338.0,,,,12.095,12.11,,,,7097.0,7097.0,7097.0,,-8.233,19.033,,,,0.0,,,,,,,,,,9198.0,9227.0,0.0,0.0,30.0,0.0,30.0,0.0,30.0,0.0,0.0,0.0,0.0,0.0,0.0,0.0,0.0,0.0,battery2_v
2020-07-06T21:00:00Z,30.0,30.0,,,,,1336.1,1350.0,,,,12.086,12.1,,,,7097.0,7097.0,7097.0,,-8.167,20.367,,,,0.0,,,,,,,,,,9228.0,9257.0,0.0,0.0,30.0,0.0,30.0,0.0,30.0,0.0,0.0,0.0,0.0,0.0,0.0,0.0,0.0,0.0,battery2_v
2020-07-06T22:00:00Z,30.0,30.0,,,,,3239.933,12979.0,,,,12.081,12.1,,,,7097.0,7097.0,7097.0,,-8.033,19.867,,,,0.0,,,,,,,,,,9258.0,9287.0,0.0,0.0,30.0,0.0,30.0,0.0,30.0,0.0,0.0,0.0,0.0,0.0,0.0,0.0,0.0,0.0,battery2_v
2020-07-06T23:00:00Z,31.0,31.0,,,,,6197.968,13869.0,,,,12.072,12.124,,,,7097.0,7097.0,7097.0,,-4.677,25.452,,,,0.0,,,,,,,,,,9288.0,9318.0,0.0,0.0,31.0,0.0,31.0,0.0,31.0,0.0,0.0,0.0,0.0,0.0,0.0,0.0,0.0,0.0,battery2_v
2020-07-07T00:00:00Z,30.0,30.0,,,,,12502.8,13892.0,,,,12.062,12.327,,,,7097.0,7097.0,7097.0,,20.621,50.233,,,,0.0,,,,,,,,,,9319.0,9348.0,0.0,0.0,30.0,0.0,30.0,0.0,30.0,0.0,6.0,8.0,0.0,0.0,0.0,0.0,0.0,0.0,battery2_v
2020-07-07T01:00:00Z,30.0,30.0,,,,,13687.3,13834.0,,,,12.119,12.493,,,,7097.0,7097.0,7097.0,,41.214,62.7,,,,0.0,,,,,,,,,,9349.0,9378.0,0.0,0.0,30.0,0.0,30.0,0.0,30.0,0.0,9.0,11.0,0.0,0.0,0.0,0.0,0.0,0.0,battery2_v
2020-07-07T02:00:00Z,28.0,28.0,,,,,13209.321,22000.0,,,,11.92,12.975,,,,7097.0,7097.0,7097.0,,83.429,76.429,,,,0.107,,,,,,,,,,9380.0,9408.0,0.0,0.0,28.0,0.0,28.0,0.0,28.0,0.0,19.0,21.0,0.0,0.0,0.0,0.0,0.0,0.0,battery2_v
2020-07-07T03:00:00Z,30.0,30.0,,,,,13772.333,20397.0,,,,12.152,12.867,,,,7097.0,7097.0,7097.0,,112.433,123.667,,,,0.033,,,,,,,,,,9409.0,9438.0,0.0,0.0,30.0,0.0,30.0,0.0,30.0,0.0,20.0,23.0,0.0,0.0,0.0,0.0,0.0,0.0,battery2_v
2020-07-07T04:00:00Z,28.0,28.0,,,,,13423.143,14032.0,,,,11.958,13.07,,,,7097.0,7097.0,7097.0,,77.893,-57.036,,,,0.643,,,,,,,,,,9439.0,9467.0,0.0,0.0,28.0,0.0,28.0,0.0,28.0,0.0,15.0,25.0,0.0,0.0,0.0,0.0,0.0,0.0,battery2_v
2020-07-07T05:00:00Z,28.0,28.0,,,,,13320.893,13986.0,,,,11.987,13.127,,,,7097.0,7097.0,7097.0,,99.786,-41.929,,,,0.643,,,,,,,,,,9469.0,9498.0,0.0,0.0,28.0,0.0,28.0,0.0,28.0,0.0,18.0,26.0,0.0,0.0,0.0,0.0,0.0,0.0,battery2_v
2020-07-07T06:00:00Z,30.0,30.0,,,,,13860.5,22000.0,,,,11.977,13.089,,,,7097.0,7097.0,7097.0,,65.759,-97.267,,,,0.7,,,,,,,,,,9499.0,9528.0,0.0,0.0,30.0,0.0,30.0,0.0,30.0,0.0,15.0,28.0,0.0,0.0,0.0,0.0,0.0,0.0,battery2_v
2020-07-07T07:00:00Z,30.0,30.0,,,,,13415.567,13892.0,,,,12.105,13.411,,,,7097.0,7097.0,7097.0,,65.9,-127.967,,,,0.767,,,,,,,,,,9529.0,9558.0,0.0,0.0,30.0,0.0,30.0,0.0,30.0,0.0,19.0,29.0,0.0,0.0,0.0,0.0,0.0,0.0,battery2_v
2020-07-07T08:00:00Z,30.0,30.0,,,,,13293.4,13834.0,,,,12.133,13.198,,,,7097.0,7097.0,7097.0,,86.533,-6.967,,,,0.333,,,,,,,,,,9559.0,9588.0,0.0,0.0,30.0,0.0,30.0,0.0,30.0,0.0,26.0,28.0,0.0,0.0,0.0,0.0,0.0,0.0,battery2_v
2020-07-07T09:00:00Z,30.0,30.0,,,,,14077.3,22421.0,,,,11.996,13.122,,,,7097.0,7097.0,7097.0,,88.733,34.767,,,,0.133,,,,,,,,,,9589.0,9618.0,0.0,0.0,30.0,0.0,30.0,0.0,30.0,0.0,22.0,21.0,0.0,0.0,0.0,0.0,0.0,0.0,battery2_v
2020-07-07T10:00:00Z,30.0,30.0,,,,,7098.633,13775.0,,,,12.181,12.9,,,,7097.0,7097.0,7097.0,,38.931,16.6,,,,0.033,,,,,,,,,,9619.0,9648.0,0.0,0.0,30.0,0.0,30.0,0.0,30.0,0.0,10.0,10.0,0.0,0.0,0.0,0.0,0.0,0.0,battery2_v
2020-07-07T11:00:00Z,30.0,30.0,,,,,1549.6,4333.0,,,,12.256,12.564,,,,7097.0,7097.0,7097.0,,7.967,20.2,,,,0.0,,,,,,,,,,9649.0,9678.0,0.0,0.0,30.0,0.0,30.0,0.0,30.0,0.0,4.0,5.0,0.0,0.0,0.0,0.0,0.0,0.0,battery2_v
2020-07-07T12:00:00Z,30.0,30.0,,,,,814.1,964.0,,,,12.233,12.346,,,,7097.0,7097.0,7097.0,,-5.767,6.567,,,,0.0,,,,,,,,,,9679.0,9708.0,0.0,0.0,29.0,0.0,30.0,0.0,30.0,0.0,0.0,1.0,0.0,0.0,0.0,0.0,0.0,0.0,battery2_v
2020-07-07T13:00:00Z,30.0,30.0,,,,,990.467,1022.0,,,,12.209,12.237,,,,7097.0,7097.0,7097.0,,-8.967,2.767,,,,0.0,,,,,,,,,,9709.0,9738.0,0.0,0.0,30.0,0.0,30.0,0.0,30.0,0.0,0.0,0.0,0.0,0.0,0.0,0.0,0.0,0.0,battery2_v
2020-07-07T14:00:00Z,30.0,30.0,,,,,1031.667,1057.0,,,,12.19,12.218,,,,7097.0,7097.0,7097.0,,-10.167,-11.333,,,,0.0,,,,,,,,,,9739.0,9768.0,0.0,0.0,30.0,0.0,30.0,0.0,30.0,0.0,0.0,0.0,0.0,0.0,0.0,0.0,0.0,0.0,battery2_v
2020-07-07T15:00:00Z,30.0,30.0,,,,,1063.4,1081.0,,,,12.181,12.195,,,,7097.0,7097.0,7097.0,,-10.8,-19.6,,,,0.0,,,,,,,,,,9769.0,9798.0,0.0,0.0,30.0,0.0,30.0,0.0,30.0,0.0,0.0,0.0,0.0,0.0,0.0,0.0,0.0,0.0,battery2_v
2020-07-07T16:00:00Z,30.0,30.0,,,,,1092.7,1127.0,,,,12.171,12.185,,,,7097.0,7097.0,7097.0,,-10.433,-16.8,,,,0.0,,,,,,,,,,9799.0,9828.0,0.0,0.0,30.0,0.0,30.0,0.0,30.0,0.0,0.0,0.0,0.0,0.0,0.0,0.0,0.0,0.0,battery2_v
2020-07-07T17:00:00Z,30.0,30.0,,,,,1118.433,1139.0,,,,12.157,12.176,,,,7097.0,7097.0,7097.0,,-10.1,-9.467,,,,0.0,,,,,,,,,,9829.0,9858.0,0.0,0.0,30.0,0.0,30.0,0.0,30.0,0.0,0.0,0.0,0.0,0.0,0.0,0.0,0.0,0.0,battery2_v
2020-07-07T18:00:00Z,30.0,30.0,,,,,1142.933,1162.0,,,,12.147,12.166,,,,7097.0,7097.0,7097.0,,-10.033,-7.867,,,,0.0,,,,,,,,,,9859.0,9889.0,0.0,0.0,30.0,0.0,30.0,0.0,30.0,0.0,0.0,0.0,0.0,0.0,0.0,0.0,0.0,0.0,battery2_v
2020-07-07T19:00:00Z,30.0,30.0,,,,,1160.733,1186.0,,,,12.143,12.157,,,,7097.0,7097.0,7097.0,,-9.933,-3.767,,,,0.0,,,,,,,,,,9890.0,9919.0,0.0,0.0,30.0,0.0,30.0,0.0,30.0,0.0,0.0,0.0,0.0,0.0,0.0,0.0,0.0,0.0,battery2_v
2020-07-07T20:00:00Z,30.0,30.0,,,,,1177.6,1198.0,,,,12.133,12.147,,,,7097.0,7097.0,7097.0,,-9.667,1.067,,,,0.0,,,,,,,,,,9920.0,9949.0,0.0,0.0,30.0,0.0,30.0,0.0,30.0,0.0,0.0,0.0,0.0,0.0,0.0,0.0,0.0,0.0,battery2_v
2020-07-07T21:00:00Z,30.0,30.0,,,,,1197.4,1209.0,,,,12.128,12.143,,,,7097.0,7097.0,7097.0,,-9.467,1.233,,,,0.0,,,,,,,,,,9950.0,9979.0,0.0,0.0,30.0,0.0,30.0,0.0,30.0,0.0,0.0,0.0,0.0,0.0,0.0,0.0,0.0,0.0,battery2_v
2020-07-07T22:00:00Z,30.0,30.0,,,,,3461.067,13132.0,,,,12.119,12.133,,,,7097.0,7097.0,7097.0,,-9.333,5.7,,,,0.0,,,,,,,,,,9980.0,10009.0,0.0,0.0,30.0,0.0,30.0,0.0,30.0,0.0,0.0,0.0,0.0,0.0,0.0,0.0,0.0,0.0,battery2_v
2020-07-07T23:00:00Z,30.0,30.0,,,,,10203.833,19847.0,,,,12.114,12.147,,,,7097.0,7097.0,7097.0,,-6.379,5.567,,,,0.0,,,,,,,,,,10010.0,10039.0,0.0,0.0,30.0,0.0,30.0,0.0,30.0,0.0,0.0,0.0,0.0,0.0,0.0,0.0,0.0,0.0,battery2_v
2020-07-08T00:00:00Z,30.0,30.0,,,,,13750.467,13798.0,,,,12.138,12.247,,,,7097.0,7097.0,7097.0,,15.933,25.967,,,,0.0,,,,,,,,,,10040.0,10069.0,0.0,0.0,30.0,0.0,30.0,0.0,30.0,0.0,0.0,1.0,0.0,0.0,0.0,0.0,0.0,0.0,battery2_v
2020-07-08T01:00:00Z,30.0,30.0,,,,,13583.133,13717.0,,,,12.209,12.479,,,,7097.0,7097.0,7097.0,,62.567,78.767,,,,0.0,,,,,,,,,,10070.0,10099.0,0.0,0.0,30.0,0.0,30.0,0.0,30.0,0.0,19.0,23.0,0.0,0.0,0.0,0.0,0.0,0.0,battery2_v
2020-07-08T02:00:00Z,30.0,30.0,,,,,14203.7,22187.0,,,,12.28,12.687,,,,7097.0,7097.0,7097.0,,95.467,109.6,,,,0.0,,,,,,,,,,10100.0,10129.0,0.0,0.0,30.0,0.0,30.0,0.0,30.0,0.0,27.0,27.0,0.0,0.0,0.0,0.0,0.0,0.0,battery2_v
2020-07-08T03:00:00Z,30.0,30.0,,,,,13888.033,21649.0,,,,12.289,12.71,,,,7097.0,7097.0,7097.0,,81.367,91.3,,,,0.0,,,,,,,,,,10130.0,10159.0,0.0,0.0,30.0,0.0,30.0,0.0,30.0,0.0,15.0,18.0,0.0,0.0,0.0,0.0,0.0,0.0,battery2_v
2020-07-08T04:00:00Z,30.0,30.0,,,,,14000.433,19789.0,,,,12.204,12.285,,,,7097.0,7097.0,7097.0,,-4.84,-8.7,,,,0.0,,,,,,,,,,10160.0,10189.0,0.0,0.0,30.0,0.0,30.0,0.0,30.0,0.0,0.0,0.0,0.0,0.0,0.0,0.0,0.0,0.0,battery2_v
2020-07-08T05:00:00Z,30.0,30.0,,,,,4729.033,14068.0,,,,12.185,12.313,,,,7097.0,7097.0,7097.0,,1.933,18.533,,,,0.0,,,,,,,,,,10190.0,10219.0,0.0,0.0,30.0,0.0,30.0,0.0,30.0,0.0,0.0,2.0,0.0,0.0,0.0,0.0,0.0,0.0,battery2_v
2020-07-08T06:00:00Z,30.0,30.0,,,,,6722.767,13752.0,,,,12.171,12.389,,,,7097.0,7097.0,7097.0,,3.933,18.4,,,,0.0,,,,,,,,,,10220.0,10249.0,0.0,0.0,30.0,0.0,30.0,0.0,30.0,0.0,2.0,3.0,0.0,0.0,0.0,0.0,0.0,0.0,battery2_v
2020-07-08T07:00:00Z,30.0,30.0,,,,,3661.167,3947.0,,,,12.152,12.176,,,,7097.0,7097.0,7097.0,,-8.1,15.767,,,,0.0,,,,,,,,,,10250.0,10279.0,0.0,0.0,30.0,0.0,30.0,0.0,30.0,0.0,0.0,0.0,0.0,0.0,0.0,0.0,0.0,0.0,battery2_v
2020-07-08T08:00:00Z,30.0,30.0,,,,,13054.067,15577.0,,,,12.147,12.214,,,,7097.0,7097.0,7097.0,,9.931,12.767,,,,0.0,,,,,,,,,,10280.0,10309.0,0.0,0.0,30.0,0.0,30.0,0.0,30.0,0.0,0.0,0.0,0.0,0.0,0.0,0.0,0.0,0.0,battery2_v
2020-07-08T09:00:00Z,30.0,30.0,,,,,13903.767,21673.0,,,,12.133,12.214,,,,7097.0,7097.0,7097.0,,8.0,5.8,,,,0.0,,,,,,,,,,10310.0,10339.0,0.0,0.0,30.0,0.0,30.0,0.0,30.0,0.0,0.0,0.0,0.0,0.0,0.0,0.0,0.0,0.0,battery2_v
2020-07-08T10:00:00Z,29.0,29.0,,,,,3525.414,4497.0,,,,12.124,12.143,,,,7097.0,7097.0,7097.0,,-7.448,20.31,,,,0.0,,,,,,,,,,10340.0,10369.0,0.0,0.0,29.0,0.0,29.0,0.0,29.0,0.0,0.0,0.0,0.0,0.0,0.0,0.0,0.0,0.0,battery2_v
2020-07-08T11:00:00Z,30.0,30.0,,,,,2059.1,5995.0,,,,12.114,12.128,,,,7097.0,7097.0,7097.0,,-7.067,24.4,,,,0.0,,,,,,,,,,10370.0,10399.0,0.0,0.0,30.0,0.0,30.0,0.0,30.0,0.0,0.0,0.0,0.0,0.0,0.0,0.0,0.0,0.0,battery2_v
2020-07-08T12:00:00Z,31.0,31.0,,,,,1252.677,1279.0,,,,12.105,12.114,,,,7097.0,7097.0,7097.0,,-7.032,27.452,,,,0.0,,,,,,,,,,10400.0,10430.0,0.0,0.0,31.0,0.0,31.0,0.0,31.0,0.0,0.0,0.0,0.0,0.0,0.0,0.0,0.0,0.0,battery2_v
2020-07-08T13:00:00Z,30.0,30.0,,,,,1287.967,1315.0,,,,12.095,12.11,,,,7097.0,7097.0,7097.0,,-6.8,29.633,,,,0.0,,,,,,,,,,10431.0,10460.0,0.0,0.0,30.0,0.0,30.0,0.0,30.0,0.0,0.0,0.0,0.0,0.0,0.0,0.0,0.0,0.0,battery2_v
2020-07-08T14:00:00Z,30.0,30.0,,,,,1330.6,1361.0,,,,12.086,12.1,,,,7097.0,7097.0,7097.0,,-9.033,7.6,,,,0.0,,,,,,,,,,10461.0,10490.0,0.0,0.0,30.0,0.0,30.0,0.0,30.0,0.0,0.0,0.0,0.0,0.0,0.0,0.0,0.0,0.0,battery2_v
2020-07-08T15:00:00Z,30.0,30.0,,,,,1358.667,1385.0,,,,12.076,12.091,,,,7097.0,7097.0,7097.0,,-8.9,9.4,,,,0.0,,,,,,,,,,10491.0,10520.0,0.0,0.0,30.0,0.0,30.0,0.0,30.0,0.0,0.0,0.0,0.0,0.0,0.0,0.0,0.0,0.0,battery2_v
2020-07-08T16:00:00Z,30.0,30.0,,,,,1382.367,1420.0,,,,12.062,12.086,,,,7097.0,7097.0,7097.0,,-8.767,11.6,,,,0.0,,,,,,,,,,10521.0,10550.0,0.0,0.0,30.0,0.0,30.0,0.0,30.0,0.0,0.0,0.0,0.0,0.0,0.0,0.0,0.0,0.0,battery2_v
2020-07-08T17:00:00Z,30.0,30.0,,,,,1397.0,1408.0,,,,12.067,12.076,,,,7097.0,7097.0,7097.0,,-8.5,15.2,,,,0.0,,,,,,,,,,10551.0,10580.0,0.0,0.0,30.0,0.0,30.0,0.0,30.0,0.0,0.0,0.0,0.0,0.0,0.0,0.0,0.0,0.0,battery2_v
2020-07-08T18:00:00Z,29.0,29.0,,,,,1406.0,1432.0,,,,12.058,12.072,,,,7097.0,7097.0,7097.0,,-8.276,17.517,,,,0.0,,,,,,,,,,10581.0,10610.0,0.0,0.0,29.0,0.0,29.0,0.0,29.0,0.0,0.0,0.0,0.0,0.0,0.0,0.0,0.0,0.0,battery2_v
2020-07-08T19:00:00Z,29.0,29.0,,,,,1418.759,1432.0,,,,12.058,12.072,,,,7097.0,7097.0,7097.0,,-8.034,21.448,,,,0.0,,,,,,,,,,10611.0,10640.0,0.0,0.0,29.0,0.0,29.0,0.0,29.0,0.0,0.0,0.0,0.0,0.0,0.0,0.0,0.0,0.0,battery2_v
2020-07-08T20:00:00Z,29.0,29.0,,,,,1430.172,1443.0,,,,12.053,12.062,,,,7097.0,7097.0,7097.0,,-7.966,23.655,,,,0.0,,,,,,,,,,10641.0,10670.0,0.0,0.0,29.0,0.0,29.0,0.0,29.0,0.0,0.0,0.0,0.0,0.0,0.0,0.0,0.0,0.0,battery2_v
2020-07-08T21:00:00Z,30.0,30.0,,,,,1439.8,1467.0,,,,12.048,12.062,,,,7097.0,7097.0,7097.0,,-7.767,25.5,,,,0.0,,,,,,,,,,10671.0,10700.0,0.0,0.0,30.0,0.0,30.0,0.0,30.0,0.0,0.0,0.0,0.0,0.0,0.0,0.0,0.0,0.0,battery2_v
2020-07-08T22:00:00Z,30.0,30.0,,,,,3445.6,13319.0,,,,12.043,12.058,,,,7097.0,7097.0,7097.0,,-7.633,27.933,,,,0.0,,,,,,,,,,10701.0,10730.0,0.0,0.0,30.0,0.0,30.0,0.0,30.0,0.0,0.0,0.0,0.0,0.0,0.0,0.0,0.0,0.0,battery2_v
2020-07-08T23:00:00Z,30.0,30.0,,,,,9010.8,15694.0,,,,12.039,12.1,,,,7097.0,7097.0,7097.0,,-2.214,30.7,,,,0.0,,,,,,,,,,10731.0,10760.0,0.0,0.0,30.0,0.0,30.0,0.0,30.0,0.0,0.0,0.0,0.0,0.0,0.0,0.0,0.0,0.0,battery2_v
2020-07-09T00:00:00Z,30.0,30.0,,,,,13768.8,13857.0,,,,12.095,12.237,,,,7097.0,7097.0,7097.0,,29.9,62.267,,,,0.0,,,,,,,,,,10761.0,10790.0,0.0,0.0,30.0,0.0,30.0,0.0,30.0,0.0,1.0,22.0,0.0,0.0,0.0,0.0,0.0,0.0,battery2_v
2020-07-09T01:00:00Z,30.0,30.0,,,,,14473.267,22878.0,,,,12.166,12.417,,,,7097.0,7097.0,7097.0,,59.667,97.033,,,,0.0,,,,,,,,,,10791.0,10820.0,0.0,0.0,30.0,0.0,30.0,0.0,30.0,0.0,15.0,29.0,0.0,0.0,0.0,0.0,0.0,0.0,battery2_v
2020-07-09T02:00:00Z,30.0,30.0,,,,,14262.133,22234.0,,,,12.199,12.554,,,,7097.0,7097.0,7097.0,,112.6,142.867,,,,0.0,,,,,,,,,,10821.0,10850.0,0.0,0.0,30.0,0.0,30.0,0.0,30.0,0.0,28.0,30.0,0.0,0.0,0.0,0.0,0.0,0.0,battery2_v
2020-07-09T03:00:00Z,30.0,30.0,,,,,13184.6,13272.0,,,,12.559,12.663,,,,7097.0,7097.0,7097.0,,147.9,163.3,,,,0.0,,,,,,,,,,10851.0,10880.0,0.0,0.0,30.0,0.0,30.0,0.0,30.0,0.0,30.0,30.0,0.0,0.0,0.0,0.0,0.0,0.0,battery2_v
2020-07-09T04:00:00Z,30.0,30.0,,,,,13129.7,13190.0,,,,12.493,12.71,,,,7097.0,7097.0,7097.0,,154.1,165.667,,,,0.0,,,,,,,,,,10881.0,10910.0,0.0,0.0,30.0,0.0,30.0,0.0,30.0,0.0,29.0,30.0,0.0,0.0,0.0,0.0,0.0,0.0,battery2_v
2020-07-09T05:00:00Z,29.0,29.0,,,,,14155.552,21450.0,,,,12.36,12.71,,,,7097.0,7097.0,7097.0,,105.069,95.724,,,,0.0,,,,,,,,,,10911.0,10940.0,0.0,0.0,29.0,0.0,29.0,0.0,29.0,0.0,19.0,16.0,0.0,0.0,0.0,0.0,0.0,0.0,battery2_v
2020-07-09T06:00:00Z,30.0,30.0,,,,,13220.9,13518.0,,,,12.384,12.729,,,,7097.0,7097.0,7097.0,,116.667,113.6,,,,0.0,,,,,,,,,,10941.0,10970.0,0.0,0.0,30.0,0.0,30.0,0.0,30.0,0.0,24.0,23.0,0.0,0.0,0.0,0.0,0.0,0.0,battery2_v
2020-07-09T07:00:00Z,30.0,30.0,,,,,13198.267,13471.0,,,,12.431,12.668,,,,7097.0,7097.0,7097.0,,111.133,102.3,,,,0.0,,,,,,,,,,10971.0,11000.0,0.0,0.0,30.0,0.0,30.0,0.0,30.0,0.0,29.0,28.0,0.0,0.0,0.0,0.0,0.0,0.0,battery2_v
2020-07-09T08:00:00Z,30.0,30.0,,,,,14777.0,21263.0,,,,12.346,12.592,,,,7097.0,7097.0,7097.0,,59.867,39.1,,,,0.0,,,,,,,,,,11001.0,11030.0,0.0,0.0,30.0,0.0,30.0,0.0,30.0,0.0,24.0,13.0,0.0,0.0,0.0,0.0,0.0,0.0,battery2_v
2020-07-09T09:00:00Z,29.0,29.0,,,,,9530.0,14419.0,,,,12.237,12.431,,,,7097.0,7097.0,7097.0,,3.931,-20.0,,,,0.0,,,,,,,,,,11031.0,11060.0,0.0,0.0,29.0,0.0,29.0,0.0,29.0,0.0,0.0,2.0,0.0,0.0,0.0,0.0,0.0,0.0,battery2_v
2020-07-09T10:00:00Z,30.0,30.0,,,,,3378.8,4134.0,,,,12.214,12.242,,,,7097.0,7097.0,7097.0,,-10.5,-22.467,,,,0.0,,,,,,,,,,11061.0,11090.0,0.0,0.0,30.0,0.0,30.0,0.0,30.0,0.0,0.0,0.0,0.0,0.0,0.0,0.0,0.0,0.0,battery2_v
2020-07-09T11:00:00Z,31.0,31.0,,,,,1769.71,4848.0,,,,12.199,12.218,,,,7097.0,7097.0,7097.0,,-10.516,-19.484,,,,0.0,,,,,,,,,,11091.0,11121.0,0.0,0.0,31.0,0.0,31.0,0.0,31.0,0.0,0.0,0.0,0.0,0.0,0.0,0.0,0.0,0.0,battery2_v
2020-07-09T12:00:00Z,30.0,30.0,,,,,1040.333,1069.0,,,,12.181,12.195,,,,7097.0,7097.0,7097.0,,-10.767,-20.5,,,,0.0,,,,,,,,,,11122.0,11151.0,0.0,0.0,30.0,0.0,30.0,0.0,30.0,0.0,0.0,0.0,0.0,0.0,0.0,0.0,0.0,0.0,battery2_v
2020-07-09T13:00:00Z,30.0,30.0,,,,,1072.5,1104.0,,,,12.166,12.19,,,,7097.0,7097.0,7097.0,,-10.467,-18.167,,,,0.0,,,,,,,,,,11152.0,11181.0,0.0,0.0,30.0,0.0,30.0,0.0,30.0,0.0,0.0,0.0,0.0,0.0,0.0,0.0,0.0,0.0,battery2_v
2020-07-09T14:00:00Z,30.0,30.0,,,,,1109.167,1127.0,,,,12.152,12.171,,,,7097.0,7097.0,7097.0,,-12.3,-41.2,,,,0.0,,,,,,,,,,11182.0,11211.0,0.0,0.0,30.0,0.0,30.0,0.0,30.0,0.0,0.0,2.0,0.0,0.0,0.0,0.0,0.0,0.0,battery2_v
2020-07-09T15:00:00Z,30.0,30.0,,,,,765.8,1127.0,,,,12.152,12.346,,,,7097.0,7097.0,7097.0,,1.367,-17.8,,,,0.0,,,,,,,,,,11212.0,11241.0,0.0,0.0,27.0,0.0,30.0,0.0,30.0,0.0,2.0,2.0,0.0,0.0,0.0,0.0,0.0,0.0,battery2_v
2020-07-09T16:00:00Z,30.0,30.0,,,,,1144.567,1162.0,,,,12.143,12.162,,,,7097.0,7097.0,7097.0,,-11.4,-28.467,,,,0.0,,,,,,,,,,11242.0,11271.0,0.0,0.0,30.0,0.0,30.0,0.0,30.0,0.0,0.0,0.0,0.0,0.0,0.0,0.0,0.0,0.0,battery2_v
2020-07-09T17:00:00Z,30.0,30.0,,,,,1164.667,1186.0,,,,12.133,12.152,,,,7097.0,7097.0,7097.0,,-11.0,-24.567,,,,0.0,,,,,,,,,,11272.0,11301.0,0.0,0.0,30.0,0.0,30.0,0.0,30.0,0.0,0.0,0.0,0.0,0.0,0.0,0.0,0.0,0.0,battery2_v
2020-07-09T18:00:00Z,29.0,29.0,,,,,1182.69,1198.0,,,,12.128,12.138,,,,7097.0,7097.0,7097.0,,-10.966,-19.621,,,,0.0,,,,,,,,,,11302.0,11331.0,0.0,0.0,29.0,0.0,29.0,0.0,29.0,0.0,0.0,0.0,0.0,0.0,0.0,0.0,0.0,0.0,battery2_v
2020-07-09T19:00:00Z,30.0,30.0,,,,,1197.5,1209.0,,,,12.124,12.133,,,,7097.0,7097.0,7097.0,,-10.533,-13.8,,,,0.0,,,,,,,,,,11332.0,11361.0,0.0,0.0,30.0,0.0,30.0,0.0,30.0,0.0,0.0,0.0,0.0,0.0,0.0,0.0,0.0,0.0,battery2_v
2020-07-09T20:00:00Z,30.0,30.0,,,,,1218.233,1256.0,,,,12.114,12.124,,,,7097.0,7097.0,7097.0,,-10.267,-12.133,,,,0.0,,,,,,,,,,11362.0,11391.0,0.0,0.0,30.0,0.0,30.0,0.0,30.0,0.0,0.0,0.0,0.0,0.0,0.0,0.0,0.0,0.0,battery2_v
2020-07-09T21:00:00Z,30.0,30.0,,,,,1237.033,1268.0,,,,12.105,12.119,,,,7097.0,7097.0,7097.0,,-10.067,-8.4,,,,0.0,,,,,,,,,,11392.0,11421.0,0.0,0.0,30.0,0.0,30.0,0.0,30.0,0.0,0.0,0.0,0.0,0.0,0.0,0.0,0.0,0.0,battery2_v
2020-07-09T22:00:00Z,30.0,30.0,,,,,3393.2,13295.0,,,,12.105,12.114,,,,7097.0,7097.0,7097.0,,-9.933,-3.5,,,,0.0,,,,,,,,,,11422.0,11451.0,0.0,0.0,30.0,0.0,30.0,0.0,30.0,0.0,0.0,0.0,0.0,0.0,0.0,0.0,0.0,0.0,battery2_v
2020-07-09T23:00:00Z,30.0,30.0,,,,,4061.367,14992.0,,,,12.095,12.11,,,,7097.0,7097.0,7097.0,,-9.467,0.367,,,,0.0,,,,,,,,,,11452.0,11481.0,0.0,0.0,30.0,0.0,30.0,0.0,30.0,0.0,0.0,0.0,0.0,0.0,0.0,0.0,0.0,0.0,battery2_v
2020-07-10T00:00:00Z,24.0,24.0,,,,,13735.125,13822.0,,,,12.124,12.266,,,,7097.0,7097.0,7097.0,,27.417,34.167,,,,0.0,,,,,,,,,,11482.0,11511.0,0.0,0.0,24.0,0.0,24.0,0.0,24.0,0.0,3.0,4.0,0.0,0.0,0.0,0.0,0.0,0.0,battery2_v
2020-07-10T01:00:00Z,30.0,30.0,,,,,13619.067,15226.0,,,,12.237,12.422,,,,7097.0,7097.0,7097.0,,70.4,79.967,,,,0.0,,,,,,,,,,11512.0,11541.0,0.0,0.0,30.0,0.0,30.0,0.0,30.0,0.0,27.0,27.0,0.0,0.0,0.0,0.0,0.0,0.0,battery2_v
2020-07-10T02:00:00Z,30.0,30.0,,,,,15202.467,22363.0,,,,12.19,12.611,,,,7097.0,7097.0,7097.0,,84.333,96.1,,,,0.0,,,,,,,,,,11542.0,11571.0,0.0,0.0,30.0,0.0,30.0,0.0,30.0,0.0,19.0,21.0,0.0,0.0,0.0,0.0,0.0,0.0,battery2_v
2020-07-10T03:00:00Z,30.0,30.0,,,,,13312.1,13611.0,,,,12.28,12.687,,,,7097.0,7097.0,7097.0,,110.133,104.267,,,,0.0,,,,,,,,,,11572.0,11601.0,0.0,0.0,30.0,0.0,30.0,0.0,30.0,0.0,19.0,19.0,0.0,0.0,0.0,0.0,0.0,0.0,battery2_v
2020-07-10T04:00:00Z,30.0,30.0,,,,,13246.267,13541.0,,,,12.346,12.72,,,,7097.0,7097.0,7097.0,,121.867,111.467,,,,0.0,,,,,,,,,,11602.0,11631.0,0.0,0.0,30.0,0.0,30.0,0.0,30.0,0.0,22.0,22.0,0.0,0.0,0.0,0.0,0.0,0.0,battery2_v
2020-07-10T05:00:00Z,31.0,31.0,,,,,13509.419,19286.0,,,,12.393,12.762,,,,7097.0,7097.0,7097.0,,125.613,101.645,,,,0.0,,,,,,,,,,11632.0,11662.0,0.0,0.0,31.0,0.0,31.0,0.0,31.0,0.0,24.0,22.0,0.0,0.0,0.0,0.0,0.0,0.0,battery2_v
2020-07-10T06:00:00Z,30.0,30.0,,,,,13328.533,13845.0,,,,12.128,13.056,,,,7097.0,7097.0,7097.0,,80.067,24.433,,,,0.1,,,,,,,,,,11663.0,11692.0,0.0,0.0,30.0,0.0,30.0,0.0,30.0,0.0,18.0,17.0,0.0,0.0,0.0,0.0,0.0,0.0,battery2_v
2020-07-10T07:00:00Z,29.0,29.0,,,,,13202.931,13728.0,,,,12.195,13.448,,,,7097.0,7097.0,7097.0,,116.793,-150.241,,,,0.931,,,,,,,,,,11693.0,11722.0,0.0,0.0,29.0,0.0,29.0,0.0,29.0,0.0,22.0,28.0,0.0,0.0,0.0,0.0,0.0,0.0,battery2_v
2020-07-10T08:00:00Z,30.0,30.0,,,,,13949.7,17648.0,,,,11.982,12.824,,,,7097.0,7097.0,7097.0,,42.931,-20.233,,,,0.067,,,,,,,,,,11723.0,11752.0,0.0,0.0,30.0,0.0,30.0,0.0,30.0,0.0,14.0,13.0,0.0,0.0,0.0,0.0,0.0,0.0,battery2_v
2020-07-10T09:00:00Z,30.0,30.0,,,,,8655.933,14465.0,,,,12.28,12.701,,,,7097.0,7097.0,7097.0,,43.167,9.0,,,,0.0,,,,,,,,,,11753.0,11782.0,0.0,0.0,30.0,0.0,30.0,0.0,30.0,0.0,13.0,12.0,0.0,0.0,0.0,0.0,0.0,0.0,battery2_v
2020-07-10T10:00:00Z,29.0,29.0,,,,,2963.379,3561.0,,,,12.247,12.393,,,,7097.0,7097.0,7097.0,,-7.69,-17.655,,,,0.0,,,,,,,,,,11783.0,11812.0,0.0,0.0,29.0,0.0,29.0,0.0,29.0,0.0,0.0,0.0,0.0,0.0,0.0,0.0,0.0,0.0,battery2_v
2020-07-10T11:00:00Z,30.0,30.0,,,,,1529.3,5538.0,,,,12.233,12.611,,,,7097.0,7097.0,7097.0,,6.633,1.4,,,,0.0,,,,,,,,,,11813.0,11842.0,0.0,0.0,29.0,0.0,30.0,0.0,30.0,0.0,3.0,2.0,0.0,0.0,0.0,0.0,0.0,0.0,battery2_v
2020-07-10T12:00:00Z,30.0,30.0,,,,,971.033,999.0,,,,12.214,12.237,,,,7097.0,7097.0,7097.0,,-9.967,-9.733,,,,0.0,,,,,,,,,,11843.0,11872.0,0.0,0.0,30.0,0.0,30.0,0.0,30.0,0.0,0.0,0.0,0.0,0.0,0.0,0.0,0.0,0.0,battery2_v
2020-07-10T13:00:00Z,30.0,30.0,,,,,1012.0,1045.0,,,,12.195,12.218,,,,7097.0,7097.0,7097.0,,-10.733,-17.6,,,,0.0,,,,,,,,,,11873.0,11902.0,0.0,0.0,30.0,0.0,30.0,0.0,30.0,0.0,0.0,0.0,0.0,0.0,0.0,0.0,0.0,0.0,battery2_v
2020-07-10T14:00:00Z,30.0,30.0,,,,,1049.967,1069.0,,,,12.181,12.199,,,,7097.0,7097.0,7097.0,,-11.633,-31.0,,,,0.0,,,,,,,,,,11903.0,11932.0,0.0,0.0,30.0,0.0,30.0,0.0,30.0,0.0,0.0,0.0,0.0,0.0,0.0,0.0,0.0,0.0,battery2_v
2020-07-10T15:00:00Z,30.0,30.0,,,,,1072.533,1092.0,,,,12.176,12.195,,,,7097.0,7097.0,7097.0,,-11.167,-26.567,,,,0.0,,,,,,,,,,11933.0,11962.0,0.0,0.0,30.0,0.0,30.0,0.0,30.0,0.0,0.0,0.0,0.0,0.0,0.0,0.0,0.0,0.0,battery2_v
2020-07-10T16:00:00Z,30.0,30.0,,,,,1091.5,1104.0,,,,12.166,12.185,,,,7097.0,7097.0,7097.0,,-10.833,-19.067,,,,0.0,,,,,,,,,,11963.0,11992.0,0.0,0.0,30.0,0.0,30.0,0.0,30.0,0.0,0.0,0.0,0.0,0.0,0.0,0.0,0.0,0.0,battery2_v
2020-07-10T17:00:00Z,30.0,30.0,,,,,1112.633,1127.0,,,,12.157,12.176,,,,7097.0,7097.0,7097.0,,-10.833,-16.533,,,,0.0,,,,,,,,,,11993.0,12022.0,0.0,0.0,30.0,0.0,30.0,0.0,30.0,0.0,0.0,0.0,0.0,0.0,0.0,0.0,0.0,0.0,battery2_v
2020-07-10T18:00:00Z,29.0,29.0,,,,,1135.69,1151.0,,,,12.152,12.162,,,,7097.0,7097.0,7097.0,,-10.448,-14.483,,,,0.0,,,,,,,,,,12023.0,12052.0,0.0,0.0,29.0,0.0,29.0,0.0,29.0,0.0,0.0,0.0,0.0,0.0,0.0,0.0,0.0,0.0,battery2_v
2020-07-10T19:00:00Z,30.0,30.0,,,,,1151.533,1174.0,,,,12.143,12.157,,,,7097.0,7097.0,7097.0,,-10.2,-10.0,,,,0.0,,,,,,,,,,12053.0,12082.0,0.0,0.0,30.0,0.0,30.0,0.0,30.0,0.0,0.0,0.0,0.0,0.0,0.0,0.0,0.0,0.0,battery2_v
2020-07-10T20:00:00Z,27.0,27.0,,,,,1164.444,1186.0,,,,12.133,12.147,,,,7097.0,7097.0,7097.0,,-10.037,-8.815,,,,0.0,,,,,,,,,,12083.0,12109.0,0.0,0.0,27.0,0.0,27.0,0.0,27.0,0.0,0.0,0.0,0.0,0.0,0.0,0.0,0.0,0.0,battery2_v
2020-07-10T21:00:00Z,30.0,30.0,,,,,1180.4,1198.0,,,,12.128,12.143,,,,7097.0,7097.0,7097.0,,-9.9,-2.667,,,,0.0,,,,,,,,,,12113.0,12142.0,0.0,0.0,30.0,0.0,30.0,0.0,30.0,0.0,0.0,0.0,0.0,0.0,0.0,0.0,0.0,0.0,battery2_v
2020-07-10T22:00:00Z,30.0,30.0,,,,,3566.833,14009.0,,,,12.128,12.138,,,,7097.0,7097.0,7097.0,,-9.633,0.267,,,,0.0,,,,,,,,,,12143.0,12172.0,0.0,0.0,30.0,0.0,30.0,0.0,30.0,0.0,0.0,0.0,0.0,0.0,0.0,0.0,0.0,0.0,battery2_v
2020-07-10T23:00:00Z,30.0,30.0,,,,,7074.467,14231.0,,,,12.119,12.171,,,,7097.0,7097.0,7097.0,,-6.3,9.967,,,,0.0,,,,,,,,,,12173.0,12202.0,0.0,0.0,30.0,0.0,30.0,0.0,30.0,0.0,0.0,0.0,0.0,0.0,0.0,0.0,0.0,0.0,battery2_v
2020-07-11T00:00:00Z,31.0,31.0,,,,,13694.258,13798.0,,,,12.133,12.313,,,,7097.0,7097.0,7097.0,,29.484,36.581,,,,0.0,,,,,,,,,,12203.0,12233.0,0.0,0.0,31.0,0.0,31.0,0.0,31.0,0.0,5.0,6.0,0.0,0.0,0.0,0.0,0.0,0.0,battery2_v
2020-07-11T01:00:00Z,30.0,30.0,,,,,14328.467,21848.0,,,,12.157,12.46,,,,7097.0,7097.0,7097.0,,49.7,61.5,,,,0.0,,,,,,,,,,12234.0,12263.0,0.0,0.0,30.0,0.0,30.0,0.0,30.0,0.0,17.0,18.0,0.0,0.0,0.0,0.0,0.0,0.0,battery2_v
2020-07-11T02:00:00Z,30.0,30.0,,,,,13356.167,13705.0,,,,12.223,12.616,,,,7097.0,7097.0,7097.0,,115.033,126.433,,,,0.0,,,,,,,,,,12264.0,12293.0,0.0,0.0,30.0,0.0,30.0,0.0,30.0,0.0,27.0,27.0,0.0,0.0,0.0,0.0,0.0,0.0,battery2_v
2020-07-11T03:00:00Z,30.0,30.0,,,,,13260.633,13576.0,,,,12.308,12.734,,,,7097.0,7097.0,7097.0,,118.5,115.733,,,,0.0,,,,,,,,,,12294.0,12323.0,0.0,0.0,30.0,0.0,30.0,0.0,30.0,0.0,21.0,22.0,0.0,0.0,0.0,0.0,0.0,0.0,battery2_v
2020-07-11T04:00:00Z,30.0,30.0,,,,,13601.067,21134.0,,,,12.304,12.772,,,,7097.0,7097.0,7097.0,,92.9,72.7,,,,0.0,,,,,,,,,,12324.0,12353.0,0.0,0.0,30.0,0.0,30.0,0.0,30.0,0.0,15.0,13.0,0.0,0.0,0.0,0.0,0.0,0.0,battery2_v
2020-07-11T05:00:00Z,30.0,30.0,,,,,14455.6,21322.0,,,,12.346,12.791,,,,7097.0,7097.0,7097.0,,92.167,78.267,,,,0.0,,,,,,,,,,12354.0,12383.0,0.0,0.0,30.0,0.0,30.0,0.0,30.0,0.0,21.0,16.0,0.0,0.0,0.0,0.0,0.0,0.0,battery2_v
2020-07-11T06:00:00Z,27.0,27.0,,,,,13260.222,13483.0,,,,12.427,12.758,,,,7097.0,7097.0,7097.0,,93.481,69.37,,,,0.0,,,,,,,,,,12384.0,12413.0,0.0,0.0,27.0,0.0,27.0,0.0,27.0,0.0,24.0,20.0,0.0,0.0,0.0,0.0,0.0,0.0,battery2_v
2020-07-11T07:00:00Z,30.0,30.0,,,,,13297.667,13810.0,,,,12.199,13.373,,,,7097.0,7097.0,7097.0,,91.4,-126.167,,,,0.767,,,,,,,,,,12414.0,12443.0,0.0,0.0,30.0,0.0,30.0,0.0,30.0,0.0,18.0,28.0,0.0,0.0,0.0,0.0,0.0,0.0,battery2_v
2020-07-11T08:00:00Z,29.0,29.0,,,,,15222.586,22375.0,,,,12.147,12.985,,,,7097.0,7097.0,7097.0,,73.69,-44.586,,,,0.31,,,,,,,,,,12444.0,12473.0,0.0,0.0,29.0,0.0,29.0,0.0,29.0,0.0,27.0,19.0,0.0,0.0,0.0,0.0,0.0,0.0,battery2_v
2020-07-11T09:00:00Z,30.0,30.0,,,,,13341.0,15448.0,,,,11.996,13.094,,,,7097.0,7097.0,7097.0,,80.133,-7.733,,,,0.233,,,,,,,,,,12474.0,12503.0,0.0,0.0,30.0,0.0,30.0,0.0,30.0,0.0,20.0,22.0,0.0,0.0,0.0,0.0,0.0,0.0,battery2_v
2020-07-11T10:00:00Z,30.0,30.0,,,,,2952.9,6439.0,,,,12.133,12.867,,,,7097.0,7097.0,7097.0,,58.2,9.767,,,,0.233,,,,,,,,,,12504.0,12533.0,0.0,0.0,30.0,0.0,30.0,0.0,30.0,0.0,21.0,23.0,0.0,0.0,0.0,0.0,0.0,0.0,battery2_v
2020-07-11T11:00:00Z,30.0,30.0,,,,,1130.8,4497.0,,,,12.285,12.639,,,,7097.0,7097.0,7097.0,,13.966,-7.4,,,,0.0,,,,,,,,,,12534.0,12563.0,0.0,0.0,27.0,0.0,30.0,0.0,30.0,0.0,3.0,3.0,0.0,0.0,0.0,0.0,0.0,0.0,battery2_v
2020-07-11T12:00:00Z,29.0,29.0,,,,,856.31,905.0,,,,12.251,12.285,,,,7097.0,7097.0,7097.0,,-11.276,-33.931,,,,0.0,,,,,,,,,,12564.0,12593.0,0.0,0.0,29.0,0.0,29.0,0.0,29.0,0.0,0.0,1.0,0.0,0.0,0.0,0.0,0.0,0.0,battery2_v
2020-07-11T13:00:00Z,30.0,30.0,,,,,916.233,940.0,,,,12.237,12.256,,,,7097.0,7097.0,7097.0,,-11.167,-29.9,,,,0.0,,,,,,,,,,12594.0,12623.0,0.0,0.0,30.0,0.0,30.0,0.0,30.0,0.0,0.0,0.0,0.0,0.0,0.0,0.0,0.0,0.0,battery2_v
2020-07-11T14:00:00Z,29.0,29.0,,,,,967.379,999.0,,,,12.214,12.242,,,,7097.0,7097.0,7097.0,,-13.069,-52.966,,,,0.0,,,,,,,,,,12625.0,12653.0,0.0,0.0,29.0,0.0,29.0,0.0,29.0,0.0,0.0,25.0,0.0,0.0,0.0,0.0,0.0,0.0,battery2_v
2020-07-11T15:00:00Z,30.0,30.0,,,,,992.867,1022.0,,,,12.204,12.223,,,,7097.0,7097.0,7097.0,,-12.6,-45.767,,,,0.0,,,,,,,,,,12654.0,12683.0,0.0,0.0,30.0,0.0,30.0,0.0,30.0,0.0,0.0,11.0,0.0,0.0,0.0,0.0,0.0,0.0,battery2_v
2020-07-11T16:00:00Z,30.0,30.0,,,,,1018.867,1034.0,,,,12.195,12.209,,,,7097.0,7097.0,7097.0,,-12.2,-43.733,,,,0.0,,,,,,,,,,12684.0,12713.0,0.0,0.0,30.0,0.0,30.0,0.0,30.0,0.0,0.0,6.0,0.0,0.0,0.0,0.0,0.0,0.0,battery2_v
2020-07-11T17:00:00Z,30.0,30.0,,,,,1037.967,1057.0,,,,12.185,12.204,,,,7097.0,7097.0,7097.0,,-11.9,-38.467,,,,0.0,,,,,,,,,,12714.0,12743.0,0.0,0.0,30.0,0.0,30.0,0.0,30.0,0.0,0.0,0.0,0.0,0.0,0.0,0.0,0.0,0.0,battery2_v
2020-07-11T18:00:00Z,30.0,30.0,,,,,1057.4,1081.0,,,,12.181,12.195,,,,7097.0,7097.0,7097.0,,-11.633,-30.4,,,,0.0,,,,,,,,,,12744.0,12773.0,0.0,0.0,30.0,0.0,30.0,0.0,30.0,0.0,0.0,0.0,0.0,0.0,0.0,0.0,0.0,0.0,battery2_v
2020-07-11T19:00:00Z,30.0,30.0,,,,,1078.367,1104.0,,,,12.171,12.185,,,,7097.0,7097.0,7097.0,,-11.167,-26.433,,,,0.0,,,,,,,,,,12774.0,12803.0,0.0,0.0,30.0,0.0,30.0,0.0,30.0,0.0,0.0,0.0,0.0,0.0,0.0,0.0,0.0,0.0,battery2_v
2020-07-11T20:00:00Z,30.0,30.0,,,,,1093.467,1116.0,,,,12.166,12.181,,,,7097.0,7097.0,7097.0,,-10.933,-19.367,,,,0.0,,,,,,,,,,12804.0,12833.0,0.0,0.0,30.0,0.0,30.0,0.0,30.0,0.0,0.0,0.0,0.0,0.0,0.0,0.0,0.0,0.0,battery2_v
2020-07-11T21:00:00Z,28.0,28.0,,,,,1109.071,1127.0,,,,12.157,12.176,,,,7097.0,7097.0,7097.0,,-10.571,-14.286,,,,0.0,,,,,,,,,,12834.0,12863.0,0.0,0.0,28.0,0.0,28.0,0.0,28.0,0.0,0.0,0.0,0.0,0.0,0.0,0.0,0.0,0.0,battery2_v
2020-07-11T22:00:00Z,31.0,31.0,,,,,3239.097,12933.0,,,,12.152,12.171,,,,7097.0,7097.0,7097.0,,-10.097,-8.71,,,,0.0,,,,,,,,,,12864.0,12894.0,0.0,0.0,31.0,0.0,31.0,0.0,31.0,0.0,0.0,0.0,0.0,0.0,0.0,0.0,0.0,0.0,battery2_v
2020-07-11T23:00:00Z,30.0,30.0,,,,,8432.433,14758.0,,,,12.152,12.195,,,,7097.0,7097.0,7097.0,,-4.966,-3.533,,,,0.0,,,,,,,,,,12895.0,12924.0,0.0,0.0,30.0,0.0,30.0,0.0,30.0,0.0,0.0,0.0,0.0,0.0,0.0,0.0,0.0,0.0,battery2_v
2020-07-12T00:00:00Z,30.0,30.0,,,,,13876.5,20163.0,,,,12.162,12.346,,,,7097.0,7097.0,7097.0,,27.533,30.867,,,,0.0,,,,,,,,,,12925.0,12954.0,0.0,0.0,30.0,0.0,30.0,0.0,30.0,0.0,6.0,6.0,0.0,0.0,0.0,0.0,0.0,0.0,battery2_v
2020-07-12T01:00:00Z,29.0,29.0,,,,,13491.862,13728.0,,,,12.19,12.512,,,,7097.0,7097.0,7097.0,,77.448,84.621,,,,0.0,,,,,,,,,,12955.0,12984.0,0.0,0.0,29.0,0.0,29.0,0.0,29.0,0.0,23.0,23.0,0.0,0.0,0.0,0.0,0.0,0.0,battery2_v
2020-07-12T02:00:00Z,30.0,30.0,,,,,13232.567,13541.0,,,,12.337,12.682,,,,7097.0,7097.0,7097.0,,125.5,129.2,,,,0.0,,,,,,,,,,12985.0,13014.0,0.0,0.0,30.0,0.0,30.0,0.0,30.0,0.0,29.0,29.0,0.0,0.0,0.0,0.0,0.0,0.0,battery2_v
2020-07-12T03:00:00Z,30.0,30.0,,,,,14569.067,22328.0,,,,12.237,12.81,,,,7097.0,7097.0,7097.0,,74.133,-6.267,,,,0.3,,,,,,,,,,13015.0,13044.0,0.0,0.0,30.0,0.0,30.0,0.0,30.0,0.0,16.0,22.0,0.0,0.0,0.0,0.0,0.0,0.0,battery2_v
2020-07-12T04:00:00Z,30.0,30.0,,,,,13417.0,13951.0,,,,12.015,12.819,,,,7097.0,7097.0,7097.0,,57.4,-33.0,,,,0.3,,,,,,,,,,13045.0,13074.0,0.0,0.0,30.0,0.0,30.0,0.0,30.0,0.0,15.0,19.0,0.0,0.0,0.0,0.0,0.0,0.0,battery2_v
2020-07-12T05:00:00Z,30.0,30.0,,,,,13458.7,13915.0,,,,12.076,12.814,,,,7097.0,7097.0,7097.0,,46.333,-26.8,,,,0.167,,,,,,,,,,13075.0,13104.0,0.0,0.0,30.0,0.0,30.0,0.0,30.0,0.0,10.0,14.0,0.0,0.0,0.0,0.0,0.0,0.0,battery2_v
2020-07-12T06:00:00Z,29.0,29.0,,,,,15326.414,22492.0,,,,12.285,12.781,,,,7097.0,7097.0,7097.0,,60.931,30.379,,,,0.0,,,,,,,,,,13105.0,13134.0,0.0,0.0,29.0,0.0,29.0,0.0,29.0,0.0,11.0,13.0,0.0,0.0,0.0,0.0,0.0,0.0,battery2_v
2020-07-12T07:00:00Z,30.0,30.0,,,,,13493.867,16677.0,,,,12.294,12.8,,,,7097.0,7097.0,7097.0,,51.9,7.2,,,,0.0,,,,,,,,,,13135.0,13164.0,0.0,0.0,30.0,0.0,30.0,0.0,30.0,0.0,12.0,20.0,0.0,0.0,0.0,0.0,0.0,0.0,battery2_v
2020-07-12T08:00:00Z,30.0,30.0,,,,,12839.9,16057.0,,,,12.285,12.781,,,,7097.0,7097.0,7097.0,,71.1,19.6,,,,0.0,,,,,,,,,,13165.0,13194.0,0.0,0.0,30.0,0.0,30.0,0.0,30.0,0.0,18.0,10.0,0.0,0.0,0.0,0.0,0.0,0.0,battery2_v
2020-07-12T09:00:00Z,30.0,30.0,,,,,6738.667,13857.0,,,,12.105,12.881,,,,7097.0,7097.0,7097.0,,51.467,-16.933,,,,0.167,,,,,,,,,,13195.0,13224.0,0.0,0.0,30.0,0.0,30.0,0.0,30.0,0.0,14.0,15.0,0.0,0.0,0.0,0.0,0.0,0.0,battery2_v
2020-07-12T10:00:00Z,30.0,30.0,,,,,2586.267,4661.0,,,,12.166,12.919,,,,7097.0,7097.0,7097.0,,37.5,3.0,,,,0.133,,,,,,,,,,13225.0,13254.0,0.0,0.0,30.0,0.0,30.0,0.0,30.0,0.0,12.0,12.0,0.0,0.0,0.0,0.0,0.0,0.0,battery2_v
2020-07-12T11:00:00Z,30.0,30.0,,,,,745.733,2660.0,,,,12.285,12.734,,,,7097.0,7097.0,7097.0,,21.467,7.7,,,,0.0,,,,,,,,,,13255.0,13284.0,0.0,0.0,19.0,0.0,30.0,0.0,30.0,0.0,7.0,4.0,0.0,0.0,0.0,0.0,0.0,0.0,battery2_v
2020-07-12T12:00:00Z,30.0,30.0,,,,,676.867,893.0,,,,12.256,12.597,,,,7097.0,7097.0,7097.0,,5.233,-5.267,,,,0.0,,,,,,,,,,13285.0,13314.0,0.0,0.0,26.0,0.0,30.0,0.0,30.0,0.0,4.0,4.0,0.0,0.0,0.0,0.0,0.0,0.0,battery2_v
2020-07-12T13:00:00Z,30.0,30.0,,,,,750.767,940.0,,,,12.237,12.55,,,,7097.0,7097.0,7097.0,,1.034,-17.233,,,,0.0,,,,,,,,,,13315.0,13344.0,0.0,0.0,26.0,0.0,30.0,0.0,30.0,0.0,3.0,5.0,0.0,0.0,0.0,0.0,0.0,0.0,battery2_v
2020-07-12T14:00:00Z,30.0,30.0,,,,,954.2,987.0,,,,12.218,12.247,,,,7097.0,7097.0,7097.0,,-12.167,-39.833,,,,0.0,,,,,,,,,,13345.0,13374.0,0.0,0.0,30.0,0.0,30.0,0.0,30.0,0.0,0.0,1.0,0.0,0.0,0.0,0.0,0.0,0.0,battery2_v
2020-07-12T15:00:00Z,30.0,30.0,,,,,989.4,1010.0,,,,12.209,12.228,,,,7097.0,7097.0,7097.0,,-11.833,-36.3,,,,0.0,,,,,,,,,,13375.0,13404.0,0.0,0.0,30.0,0.0,30.0,0.0,30.0,0.0,0.0,0.0,0.0,0.0,0.0,0.0,0.0,0.0,battery2_v
2020-07-12T16:00:00Z,30.0,30.0,,,,,1013.433,1034.0,,,,12.195,12.218,,,,7097.0,7097.0,7097.0,,-11.6,-30.067,,,,0.0,,,,,,,,,,13405.0,13434.0,0.0,0.0,30.0,0.0,30.0,0.0,30.0,0.0,0.0,0.0,0.0,0.0,0.0,0.0,0.0,0.0,battery2_v
2020-07-12T17:00:00Z,31.0,31.0,,,,,1032.323,1057.0,,,,12.19,12.204,,,,7097.0,7097.0,7097.0,,-11.032,-20.968,,,,0.0,,,,,,,,,,13435.0,13465.0,0.0,0.0,31.0,0.0,31.0,0.0,31.0,0.0,0.0,0.0,0.0,0.0,0.0,0.0,0.0,0.0,battery2_v
2020-07-12T18:00:00Z,30.0,30.0,,,,,1054.4,1081.0,,,,12.181,12.199,,,,7097.0,7097.0,7097.0,,-10.933,-16.767,,,,0.0,,,,,,,,,,13466.0,13495.0,0.0,0.0,30.0,0.0,30.0,0.0,30.0,0.0,0.0,0.0,0.0,0.0,0.0,0.0,0.0,0.0,battery2_v
2020-07-12T19:00:00Z,30.0,30.0,,,,,1078.833,1092.0,,,,12.176,12.185,,,,7097.0,7097.0,7097.0,,-10.567,-13.767,,,,0.0,,,,,,,,,,13496.0,13525.0,0.0,0.0,30.0,0.0,30.0,0.0,30.0,0.0,0.0,0.0,0.0,0.0,0.0,0.0,0.0,0.0,battery2_v
2020-07-12T20:00:00Z,30.0,30.0,,,,,1094.2,1116.0,,,,12.166,12.185,,,,7097.0,7097.0,7097.0,,-10.067,-9.733,,,,0.0,,,,,,,,,,13526.0,13555.0,0.0,0.0,30.0,0.0,30.0,0.0,30.0,0.0,0.0,0.0,0.0,0.0,0.0,0.0,0.0,0.0,battery2_v
2020-07-12T21:00:00Z,30.0,30.0,,,,,1110.233,1139.0,,,,12.157,12.176,,,,7097.0,7097.0,7097.0,,-9.933,-7.367,,,,0.0,,,,,,,,,,13556.0,13585.0,0.0,0.0,30.0,0.0,30.0,0.0,30.0,0.0,0.0,0.0,0.0,0.0,0.0,0.0,0.0,0.0,battery2_v
2020-07-12T22:00:00Z,30.0,30.0,,,,,3556.233,12921.0,,,,12.152,12.166,,,,7097.0,7097.0,7097.0,,-9.667,-3.5,,,,0.0,,,,,,,,,,13586.0,13615.0,0.0,0.0,30.0,0.0,30.0,0.0,30.0,0.0,0.0,0.0,0.0,0.0,0.0,0.0,0.0,0.0,battery2_v
2020-07-12T23:00:00Z,30.0,30.0,,,,,7323.3,13763.0,,,,12.152,12.199,,,,7097.0,7097.0,7097.0,,-6.2,0.933,,,,0.0,,,,,,,,,,13616.0,13645.0,0.0,0.0,30.0,0.0,30.0,0.0,30.0,0.0,0.0,0.0,0.0,0.0,0.0,0.0,0.0,0.0,battery2_v
2020-07-13T00:00:00Z,30.0,30.0,,,,,13606.6,21743.0,,,,12.147,12.341,,,,7097.0,7097.0,7097.0,,25.2,31.9,,,,0.0,,,,,,,,,,13646.0,13675.0,0.0,0.0,30.0,0.0,30.0,0.0,30.0,0.0,7.0,9.0,0.0,0.0,0.0,0.0,0.0,0.0,battery2_v
2020-07-13T01:00:00Z,30.0,30.0,,,,,13493.133,13717.0,,,,12.199,12.545,,,,7097.0,7097.0,7097.0,,72.2,79.133,,,,0.0,,,,,,,,,,13676.0,13705.0,0.0,0.0,30.0,0.0,30.0,0.0,30.0,0.0,21.0,22.0,0.0,0.0,0.0,0.0,0.0,0.0,battery2_v
2020-07-13T02:00:00Z,30.0,30.0,,,,,13385.1,13564.0,,,,12.327,12.644,,,,7097.0,7097.0,7097.0,,88.2,92.9,,,,0.0,,,,,,,,,,13706.0,13735.0,0.0,0.0,30.0,0.0,30.0,0.0,30.0,0.0,21.0,21.0,0.0,0.0,0.0,0.0,0.0,0.0,battery2_v
2020-07-13T03:00:00Z,30.0,30.0,,,,,14812.067,21708.0,,,,12.034,12.952,,,,7097.0,7097.0,7097.0,,79.133,63.867,,,,0.033,,,,,,,,,,13736.0,13765.0,0.0,0.0,30.0,0.0,30.0,0.0,30.0,0.0,15.0,14.0,0.0,0.0,0.0,0.0,0.0,0.0,battery2_v
2020-07-13T04:00:00Z,30.0,30.0,,,,,13388.867,13939.0,,,,12.029,12.9,,,,7097.0,7097.0,7097.0,,64.1,-72.0,,,,0.533,,,,,,,,,,13766.0,13795.0,0.0,0.0,30.0,0.0,30.0,0.0,30.0,0.0,15.0,25.0,0.0,0.0,0.0,0.0,0.0,0.0,battery2_v
2020-07-13T05:00:00Z,30.0,30.0,,,,,13435.367,13869.0,,,,12.11,12.814,,,,7097.0,7097.0,7097.0,,53.167,25.833,,,,0.033,,,,,,,,,,13796.0,13825.0,0.0,0.0,30.0,0.0,30.0,0.0,30.0,0.0,8.0,7.0,0.0,0.0,0.0,0.0,0.0,0.0,battery2_v
2020-07-13T06:00:00Z,30.0,30.0,,,,,12578.533,18806.0,,,,12.1,13.855,,,,7097.0,7097.0,7097.0,,112.933,-5.8,,,,0.467,,,,,,,,,,13826.0,13855.0,0.0,0.0,30.0,0.0,30.0,0.0,30.0,0.0,21.0,20.0,0.0,0.0,0.0,0.0,0.0,0.0,battery2_v
2020-07-13T07:00:00Z,30.0,30.0,,,,,8695.233,13810.0,,,,12.138,13.411,,,,7097.0,7097.0,7097.0,,25.967,-88.5,,,,0.4,,,,,,,,,,13856.0,13885.0,0.0,0.0,30.0,0.0,30.0,0.0,30.0,0.0,11.0,15.0,0.0,0.0,0.0,0.0,0.0,0.0,battery2_v
2020-07-13T08:00:00Z,30.0,30.0,,,,,3308.6,3900.0,,,,12.256,12.285,,,,7097.0,7097.0,7097.0,,-10.167,-17.933,,,,0.0,,,,,,,,,,13886.0,13915.0,0.0,0.0,30.0,0.0,30.0,0.0,30.0,0.0,0.0,0.0,0.0,0.0,0.0,0.0,0.0,0.0,battery2_v
2020-07-13T09:00:00Z,30.0,30.0,,,,,6120.967,12652.0,,,,12.228,12.256,,,,7097.0,7097.0,7097.0,,-10.633,-23.233,,,,0.0,,,,,,,,,,13916.0,13945.0,0.0,0.0,30.0,0.0,30.0,0.0,30.0,0.0,0.0,5.0,0.0,0.0,0.0,0.0,0.0,0.0,battery2_v
2020-07-13T10:00:00Z,30.0,30.0,,,,,3069.2,3912.0,,,,12.209,12.304,,,,7097.0,7097.0,7097.0,,-8.2,-8.133,,,,0.0,,,,,,,,,,13946.0,13975.0,0.0,0.0,30.0,0.0,30.0,0.0,30.0,0.0,0.0,0.0,0.0,0.0,0.0,0.0,0.0,0.0,battery2_v
2020-07-13T11:00:00Z,30.0,30.0,,,,,1759.1,5433.0,,,,12.199,12.223,,,,7097.0,7097.0,7097.0,,-9.433,-7.1,,,,0.0,,,,,,,,,,13976.0,14005.0,0.0,0.0,30.0,0.0,30.0,0.0,30.0,0.0,0.0,0.0,0.0,0.0,0.0,0.0,0.0,0.0,battery2_v
2020-07-13T12:00:00Z,30.0,30.0,,,,,1000.967,1022.0,,,,12.19,12.209,,,,7097.0,7097.0,7097.0,,-9.133,-0.8,,,,0.0,,,,,,,,,,14006.0,14036.0,0.0,0.0,30.0,0.0,30.0,0.0,30.0,0.0,0.0,0.0,0.0,0.0,0.0,0.0,0.0,0.0,battery2_v
2020-07-13T13:00:00Z,28.0,28.0,,,,,1027.429,1069.0,,,,12.181,12.199,,,,7097.0,7097.0,7097.0,,-9.429,-1.857,,,,0.0,,,,,,,,,,14037.0,14066.0,0.0,0.0,28.0,0.0,28.0,0.0,28.0,0.0,0.0,0.0,0.0,0.0,0.0,0.0,0.0,0.0,battery2_v
2020-07-13T14:00:00Z,30.0,30.0,,,,,1060.2,1081.0,,,,12.171,12.185,,,,7097.0,7097.0,7097.0,,-10.333,-12.7,,,,0.0,,,,,,,,,,14067.0,14096.0,0.0,0.0,30.0,0.0,30.0,0.0,30.0,0.0,0.0,0.0,0.0,0.0,0.0,0.0,0.0,0.0,battery2_v
2020-07-13T15:00:00Z,30.0,30.0,,,,,1084.2,1116.0,,,,12.162,12.181,,,,7097.0,7097.0,7097.0,,-10.1,-9.5,,,,0.0,,,,,,,,,,14097.0,14126.0,0.0,0.0,30.0,0.0,30.0,0.0,30.0,0.0,0.0,0.0,0.0,0.0,0.0,0.0,0.0,0.0,battery2_v
2020-07-13T16:00:00Z,30.0,30.0,,,,,1106.4,1127.0,,,,12.157,12.171,,,,7097.0,7097.0,7097.0,,-9.933,-5.0,,,,0.0,,,,,,,,,,14127.0,14156.0,0.0,0.0,30.0,0.0,30.0,0.0,30.0,0.0,0.0,0.0,0.0,0.0,0.0,0.0,0.0,0.0,battery2_v
2020-07-13T17:00:00Z,30.0,30.0,,,,,1128.8,1151.0,,,,12.143,12.166,,,,7097.0,7097.0,7097.0,,-9.733,-2.133,,,,0.0,,,,,,,,,,14157.0,14186.0,0.0,0.0,30.0,0.0,30.0,0.0,30.0,0.0,0.0,0.0,0.0,0.0,0.0,0.0,0.0,0.0,battery2_v
2020-07-13T18:00:00Z,30.0,30.0,,,,,1146.133,1162.0,,,,12.143,12.152,,,,7097.0,7097.0,7097.0,,-9.533,-0.033,,,,0.0,,,,,,,,,,14187.0,14216.0,0.0,0.0,30.0,0.0,30.0,0.0,30.0,0.0,0.0,0.0,0.0,0.0,0.0,0.0,0.0,0.0,battery2_v
2020-07-13T19:00:00Z,30.0,30.0,,,,,1163.467,1186.0,,,,12.133,12.143,,,,7097.0,7097.0,7097.0,,-9.4,0.467,,,,0.0,,,,,,,,,,14217.0,14246.0,0.0,0.0,30.0,0.0,30.0,0.0,30.0,0.0,0.0,0.0,0.0,0.0,0.0,0.0,0.0,0.0,battery2_v
2020-07-13T20:00:00Z,30.0,30.0,,,,,1173.2,1186.0,,,,12.128,12.138,,,,7097.0,7097.0,7097.0,,-9.033,5.867,,,,0.0,,,,,,,,,,14247.0,14276.0,0.0,0.0,30.0,0.0,30.0,0.0,30.0,0.0,0.0,0.0,0.0,0.0,0.0,0.0,0.0,0.0,battery2_v
2020-07-13T21:00:00Z,30.0,30.0,,,,,1187.6,1198.0,,,,12.124,12.133,,,,7097.0,7097.0,7097.0,,-8.9,7.967,,,,0.0,,,,,,,,,,14277.0,14306.0,0.0,0.0,30.0,0.0,30.0,0.0,30.0,0.0,0.0,0.0,0.0,0.0,0.0,0.0,0.0,0.0,battery2_v
2020-07-13T22:00:00Z,30.0,30.0,,,,,3616.9,10745.0,,,,12.119,12.128,,,,7097.0,7097.0,7097.0,,-8.733,11.233,,,,0.0,,,,,,,,,,14307.0,14336.0,0.0,0.0,30.0,0.0,30.0,0.0,30.0,0.0,0.0,0.0,0.0,0.0,0.0,0.0,0.0,0.0,battery2_v
2020-07-13T23:00:00Z,30.0,30.0,,,,,9061.833,16010.0,,,,12.114,12.166,,,,7097.0,7097.0,7097.0,,-3.767,17.9,,,,0.0,,,,,,,,,,14337.0,14366.0,0.0,0.0,30.0,0.0,30.0,0.0,30.0,0.0,0.0,0.0,0.0,0.0,0.0,0.0,0.0,0.0,battery2_v
2020-07-14T00:00:00Z,30.0,30.0,,,,,14350.367,22445.0,,,,12.128,12.313,,,,7097.0,7097.0,7097.0,,25.5,47.033,,,,0.0,,,,,,,,,,14367.0,14396.0,0.0,0.0,30.0,0.0,30.0,0.0,30.0,0.0,2.0,13.0,0.0,0.0,0.0,0.0,0.0,0.0,battery2_v
2020-07-14T01:00:00Z,30.0,30.0,,,,,14110.9,22550.0,,,,12.166,12.464,,,,7097.0,7097.0,7097.0,,76.433,99.767,,,,0.0,,,,,,,,,,14397.0,14426.0,0.0,0.0,30.0,0.0,30.0,0.0,30.0,0.0,28.0,28.0,0.0,0.0,0.0,0.0,0.0,0.0,battery2_v
2020-07-14T02:00:00Z,30.0,30.0,,,,,13272.7,13424.0,,,,12.469,12.63,,,,7097.0,7097.0,7097.0,,119.833,140.767,,,,0.0,,,,,,,,,,14427.0,14456.0,0.0,0.0,30.0,0.0,30.0,0.0,30.0,0.0,30.0,30.0,0.0,0.0,0.0,0.0,0.0,0.0,battery2_v
2020-07-14T03:00:00Z,30.0,30.0,,,,,14336.333,21743.0,,,,12.403,12.725,,,,7097.0,7097.0,7097.0,,116.633,128.833,,,,0.0,,,,,,,,,,14457.0,14486.0,0.0,0.0,30.0,0.0,30.0,0.0,30.0,0.0,24.0,25.0,0.0,0.0,0.0,0.0,0.0,0.0,battery2_v
2020-07-14T04:00:00Z,28.0,28.0,,,,,13791.286,21614.0,,,,12.067,12.81,,,,7097.0,7097.0,7097.0,,109.786,58.714,,,,0.214,,,,,,,,,,14487.0,14516.0,0.0,0.0,28.0,0.0,28.0,0.0,28.0,0.0,20.0,25.0,0.0,0.0,0.0,0.0,0.0,0.0,battery2_v
2020-07-14T05:00:00Z,30.0,30.0,,,,,13251.733,13904.0,,,,12.058,12.824,,,,7097.0,7097.0,7097.0,,95.9,42.233,,,,0.2,,,,,,,,,,14517.0,14546.0,0.0,0.0,30.0,0.0,30.0,0.0,30.0,0.0,21.0,24.0,0.0,0.0,0.0,0.0,0.0,0.0,battery2_v
2020-07-14T06:00:00Z,31.0,31.0,,,,,13321.355,13915.0,,,,12.058,12.81,,,,7097.0,7097.0,7097.0,,71.839,46.258,,,,0.065,,,,,,,,,,14547.0,14577.0,0.0,0.0,31.0,0.0,31.0,0.0,31.0,0.0,14.0,14.0,0.0,0.0,0.0,0.0,0.0,0.0,battery2_v
2020-07-14T07:00:00Z,30.0,30.0,,,,,14048.9,21766.0,,,,12.332,12.691,,,,7097.0,7097.0,7097.0,,52.767,31.667,,,,0.0,,,,,,,,,,14578.0,14607.0,0.0,0.0,30.0,0.0,30.0,0.0,30.0,0.0,12.0,11.0,0.0,0.0,0.0,0.0,0.0,0.0,battery2_v
2020-07-14T08:00:00Z,30.0,30.0,,,,,13336.633,13541.0,,,,12.332,12.62,,,,7097.0,7097.0,7097.0,,56.621,25.767,,,,0.0,,,,,,,,,,14608.0,14637.0,0.0,0.0,30.0,0.0,30.0,0.0,30.0,0.0,17.0,13.0,0.0,0.0,0.0,0.0,0.0,0.0,battery2_v
2020-07-14T09:00:00Z,30.0,30.0,,,,,11357.4,17461.0,,,,12.261,12.327,,,,7097.0,7097.0,7097.0,,-8.167,-40.6,,,,0.0,,,,,,,,,,14638.0,14667.0,0.0,0.0,30.0,0.0,30.0,0.0,30.0,0.0,0.0,9.0,0.0,0.0,0.0,0.0,0.0,0.0,battery2_v
2020-07-14T10:00:00Z,30.0,30.0,,,,,2892.133,3467.0,,,,12.242,12.266,,,,7097.0,7097.0,7097.0,,-10.833,-25.333,,,,0.0,,,,,,,,,,14668.0,14697.0,0.0,0.0,30.0,0.0,30.0,0.0,30.0,0.0,0.0,0.0,0.0,0.0,0.0,0.0,0.0,0.0,battery2_v
2020-07-14T11:00:00Z,29.0,29.0,,,,,990.345,5199.0,,,,12.233,12.55,,,,7097.0,7097.0,7097.0,,28.0,14.414,,,,0.0,,,,,,,,,,14698.0,14727.0,0.0,0.0,18.0,0.0,29.0,0.0,29.0,0.0,9.0,7.0,0.0,0.0,0.0,0.0,0.0,0.0,battery2_v
2020-07-14T12:00:00Z,30.0,30.0,,,,,128.533,823.0,,,,12.275,12.63,,,,7097.0,7097.0,7097.0,,46.467,36.767,,,,0.0,,,,,,,,,,14728.0,14757.0,0.0,0.0,8.0,0.0,30.0,0.0,30.0,0.0,14.0,11.0,0.0,0.0,0.0,0.0,0.0,0.0,battery2_v
2020-07-14T13:00:00Z,30.0,30.0,,,,,247.7,823.0,,,,12.28,12.63,,,,7097.0,7097.0,7097.0,,29.767,5.333,,,,0.0,,,,,,,,,,14758.0,14787.0,0.0,0.0,12.0,0.0,30.0,0.0,30.0,0.0,9.0,14.0,0.0,0.0,0.0,0.0,0.0,0.0,battery2_v
2020-07-14T14:00:00Z,30.0,30.0,,,,,503.4,893.0,,,,12.261,12.639,,,,7097.0,7097.0,7097.0,,10.3,-32.967,,,,0.0,,,,,,,,,,14788.0,14817.0,0.0,0.0,19.0,0.0,30.0,0.0,30.0,0.0,3.0,18.0,0.0,0.0,0.0,0.0,0.0,0.0,battery2_v
2020-07-14T15:00:00Z,27.0,27.0,,,,,591.63,952.0,,,,12.247,12.649,,,,7097.0,7097.0,7097.0,,8.889,-34.815,,,,0.0,,,,,,,,,,14818.0,14847.0,0.0,0.0,21.0,0.0,27.0,0.0,27.0,0.0,3.0,16.0,0.0,0.0,0.0,0.0,0.0,0.0,battery2_v
2020-07-14T16:00:00Z,30.0,30.0,,,,,909.567,975.0,,,,12.223,12.422,,,,7097.0,7097.0,7097.0,,-9.3,-39.6,,,,0.0,,,,,,,,,,14848.0,14877.0,0.0,0.0,29.0,0.0,30.0,0.0,30.0,0.0,1.0,4.0,0.0,0.0,0.0,0.0,0.0,0.0,battery2_v
2020-07-14T17:00:00Z,26.0,26.0,,,,,868.0,999.0,,,,12.214,12.583,,,,7097.0,7097.0,7097.0,,-3.462,-30.808,,,,0.0,,,,,,,,,,14878.0,14906.0,0.0,0.0,25.0,0.0,26.0,0.0,26.0,0.0,1.0,2.0,0.0,0.0,0.0,0.0,0.0,0.0,battery2_v
2020-07-14T18:00:00Z,31.0,31.0,,,,,1003.839,1022.0,,,,12.204,12.223,,,,7097.0,7097.0,7097.0,,-11.161,-26.774,,,,0.0,,,,,,,,,,14907.0,14937.0,0.0,0.0,31.0,0.0,31.0,0.0,31.0,0.0,0.0,0.0,0.0,0.0,0.0,0.0,0.0,0.0,battery2_v
2020-07-14T19:00:00Z,30.0,30.0,,,,,1029.033,1045.0,,,,12.195,12.209,,,,7097.0,7097.0,7097.0,,-10.667,-17.367,,,,0.0,,,,,,,,,,14938.0,14967.0,0.0,0.0,30.0,0.0,30.0,0.0,30.0,0.0,0.0,0.0,0.0,0.0,0.0,0.0,0.0,0.0,battery2_v
2020-07-14T20:00:00Z,30.0,30.0,,,,,1042.233,1069.0,,,,12.185,12.204,,,,7097.0,7097.0,7097.0,,-10.067,-8.967,,,,0.0,,,,,,,,,,14968.0,14997.0,0.0,0.0,30.0,0.0,30.0,0.0,30.0,0.0,0.0,0.0,0.0,0.0,0.0,0.0,0.0,0.0,battery2_v
2020-07-14T21:00:00Z,29.0,29.0,,,,,1064.448,1081.0,,,,12.181,12.195,,,,7097.0,7097.0,7097.0,,-9.862,-4.586,,,,0.0,,,,,,,,,,14998.0,15027.0,0.0,0.0,29.0,0.0,29.0,0.0,29.0,0.0,0.0,0.0,0.0,0.0,0.0,0.0,0.0,0.0,battery2_v
2020-07-14T22:00:00Z,30.0,30.0,,,,,2250.6,7726.0,,,,12.171,12.185,,,,7097.0,7097.0,7097.0,,-9.2,1.933,,,,0.0,,,,,,,,,,15028.0,15057.0,0.0,0.0,30.0,0.0,30.0,0.0,30.0,0.0,0.0,0.0,0.0,0.0,0.0,0.0,0.0,0.0,battery2_v
2020-07-14T23:00:00Z,30.0,30.0,,,,,4849.533,12921.0,,,,12.162,12.181,,,,7097.0,7097.0,7097.0,,-9.167,3.233,,,,0.0,,,,,,,,,,15058.0,15087.0,0.0,0.0,30.0,0.0,30.0,0.0,30.0,0.0,0.0,0.0,0.0,0.0,0.0,0.0,0.0,0.0,battery2_v
2020-07-15T00:00:00Z,30.0,30.0,,,,,13644.067,15390.0,,,,12.171,12.417,,,,7097.0,7097.0,7097.0,,31.0,45.533,,,,0.0,,,,,,,,,,15088.0,15117.0,0.0,0.0,30.0,0.0,30.0,0.0,30.0,0.0,9.0,10.0,0.0,0.0,0.0,0.0,0.0,0.0,battery2_v
2020-07-15T01:00:00Z,30.0,30.0,,,,,15081.6,21696.0,,,,12.233,12.436,,,,7097.0,7097.0,7097.0,,47.967,62.167,,,,0.0,,,,,,,,,,15118.0,15147.0,0.0,0.0,30.0,0.0,30.0,0.0,30.0,0.0,13.0,21.0,0.0,0.0,0.0,0.0,0.0,0.0,battery2_v
2020-07-15T02:00:00Z,30.0,30.0,,,,,13450.133,13564.0,,,,12.322,12.739,,,,7097.0,7097.0,7097.0,,74.833,88.6,,,,0.0,,,,,,,,,,15148.0,15177.0,0.0,0.0,30.0,0.0,30.0,0.0,30.0,0.0,20.0,28.0,0.0,0.0,0.0,0.0,0.0,0.0,battery2_v
2020-07-15T03:00:00Z,30.0,30.0,,,,,13347.567,13857.0,,,,12.124,12.871,,,,7097.0,7097.0,7097.0,,85.333,36.167,,,,0.267,,,,,,,,,,15178.0,15207.0,0.0,0.0,30.0,0.0,30.0,0.0,30.0,0.0,24.0,30.0,0.0,0.0,0.0,0.0,0.0,0.0,battery2_v
2020-07-15T04:00:00Z,30.0,30.0,,,,,13687.8,22035.0,,,,12.45,12.824,,,,7097.0,7097.0,7097.0,,117.567,132.667,,,,0.033,,,,,,,,,,15208.0,15237.0,0.0,0.0,30.0,0.0,30.0,0.0,30.0,0.0,30.0,30.0,0.0,0.0,0.0,0.0,0.0,0.0,battery2_v
2020-07-15T05:00:00Z,30.0,30.0,,,,,14530.233,22328.0,,,,12.024,12.952,,,,7097.0,7097.0,7097.0,,48.8,-56.867,,,,0.467,,,,,,,,,,15238.0,15267.0,0.0,0.0,30.0,0.0,30.0,0.0,30.0,0.0,21.0,28.0,0.0,0.0,0.0,0.0,0.0,0.0,battery2_v
2020-07-15T06:00:00Z,30.0,30.0,,,,,13413.033,13798.0,,,,12.162,12.673,,,,7097.0,7097.0,7097.0,,47.8,-62.367,,,,0.4,,,,,,,,,,15268.0,15297.0,0.0,0.0,30.0,0.0,30.0,0.0,30.0,0.0,18.0,29.0,0.0,0.0,0.0,0.0,0.0,0.0,battery2_v
2020-07-15T07:00:00Z,30.0,30.0,,,,,13325.333,13412.0,,,,12.474,12.573,,,,7097.0,7097.0,7097.0,,59.433,45.333,,,,0.0,,,,,,,,,,15298.0,15327.0,0.0,0.0,30.0,0.0,30.0,0.0,30.0,0.0,25.0,11.0,0.0,0.0,0.0,0.0,0.0,0.0,battery2_v
2020-07-15T08:00:00Z,30.0,30.0,,,,,14201.333,20514.0,,,,12.308,12.493,,,,7097.0,7097.0,7097.0,,14.733,-10.333,,,,0.0,,,,,,,,,,15328.0,15357.0,0.0,0.0,30.0,0.0,30.0,0.0,30.0,0.0,1.0,0.0,0.0,0.0,0.0,0.0,0.0,0.0,battery2_v
2020-07-15T09:00:00Z,30.0,30.0,,,,,13303.9,13646.0,,,,12.256,12.351,,,,7097.0,7097.0,7097.0,,-0.923,-35.8,,,,0.0,,,,,,,,,,15358.0,15387.0,0.0,0.0,30.0,0.0,30.0,0.0,30.0,0.0,0.0,2.0,0.0,0.0,0.0,0.0,0.0,0.0,battery2_v
2020-07-15T10:00:00Z,30.0,30.0,,,,,6378.333,13658.0,,,,12.237,12.275,,,,7097.0,7097.0,7097.0,,-10.103,-31.4,,,,0.0,,,,,,,,,,15388.0,15417.0,0.0,0.0,30.0,0.0,30.0,0.0,30.0,0.0,0.0,4.0,0.0,0.0,0.0,0.0,0.0,0.0,battery2_v
2020-07-15T11:00:00Z,30.0,30.0,,,,,1735.367,5363.0,,,,12.218,12.242,,,,7097.0,7097.0,7097.0,,-10.467,-21.867,,,,0.0,,,,,,,,,,15418.0,15447.0,0.0,0.0,30.0,0.0,30.0,0.0,30.0,0.0,0.0,0.0,0.0,0.0,0.0,0.0,0.0,0.0,battery2_v
2020-07-15T12:00:00Z,2.0,2.0,,,,,969.5,975.0,,,,12.209,12.218,,,,7097.0,7097.0,7097.0,,-11.0,-27.0,,,,0.0,,,,,,,,,,15452.0,15466.0,0.0,0.0,2.0,0.0,2.0,0.0,2.0,0.0,0.0,0.0,0.0,0.0,0.0,0.0,0.0,0.0,battery2_v
2020-07-15T14:00:00Z,1.0,1.0,,,,,1034.0,1034.0,,,,12.195,12.195,,,,7097.0,7097.0,7097.0,,-11.0,-27.0,,,,0.0,,,,,,,,,,15507.0,15507.0,0.0,0.0,1.0,0.0,1.0,0.0,1.0,0.0,0.0,0.0,0.0,0.0,0.0,0.0,0.0,0.0,battery2_v
2020-07-15T15:00:00Z,1.0,1.0,,,,,1069.0,1069.0,,,,12.181,12.181,,,,7097.0,7097.0,7097.0,,-13.0,-52.0,,,,0.0,,,,,,,,,,15539.0,15539.0,0.0,0.0,1.0,0.0,1.0,0.0,1.0,0.0,0.0,1.0,0.0,0.0,0.0,0.0,0.0,0.0,battery2_v
2020-07-15T17:00:00Z,3.0,3.0,,,,,1092.0,1092.0,,,,12.166,12.166,,,,7097.0,7097.0,7097.0,,-12.0,-35.0,,,,0.0,,,,,,,,,,15584.0,15589.0,0.0,0.0,3.0,0.0,3.0,0.0,3.0,0.0,0.0,0.0,0.0,0.0,0.0,0.0,0.0,0.0,battery2_v
2020-07-15T18:00:00Z,2.0,2.0,,,,,1121.5,1127.0,,,,12.147,12.157,,,,7097.0,7097.0,7097.0,,-12.0,-39.0,,,,0.0,,,,,,,,,,15620.0,15632.0,0.0,0.0,2.0,0.0,2.0,0.0,2.0,0.0,0.0,0.0,0.0,0.0,0.0,0.0,0.0,0.0,battery2_v
2020-07-15T19:00:00Z,1.0,1.0,,,,,1139.0,1139.0,,,,12.147,12.147,,,,7097.0,7097.0,7097.0,,-12.0,-35.0,,,,0.0,,,,,,,,,,15637.0,15637.0,0.0,0.0,1.0,0.0,1.0,0.0,1.0,0.0,0.0,0.0,0.0,0.0,0.0,0.0,0.0,0.0,battery2_v
2020-07-15T20:00:00Z,1.0,1.0,,,,,1162.0,1162.0,,,,12.133,12.133,,,,7097.0,7097.0,7097.0,,-11.0,-35.0,,,,0.0,,,,,,,,,,15687.0,15687.0,0.0,0.0,1.0,0.0,1.0,0.0,1.0,0.0,0.0,0.0,0.0,0.0,0.0,0.0,0.0,0.0,battery2_v
2020-07-15T22:00:00Z,3.0,3.0,,,,,2356.0,3140.0,,,,12.124,12.133,,,,7097.0,7097.0,7097.0,,-10.333,-12.667,,,,0.0,,,,,,,,,,15719.0,15739.0,0.0,0.0,3.0,0.0,3.0,0.0,3.0,0.0,0.0,0.0,0.0,0.0,0.0,0.0,0.0,0.0,battery2_v
2020-07-16T00:00:00Z,1.0,1.0,,,,,13798.0,13798.0,,,,12.133,12.133,,,,7097.0,7097.0,7097.0,,,-2.0,,,,0.0,,,,,,,,,,15779.0,15779.0,0.0,0.0,1.0,0.0,1.0,0.0,1.0,0.0,0.0,0.0,0.0,0.0,0.0,0.0,0.0,0.0,battery2_v
2020-07-16T01:00:00Z,30.0,30.0,,,,,12033.333,13822.0,,,,12.11,12.644,,,,7097.0,7097.0,7097.0,,42.8,47.033,,,,0.0,,,,,,,,,,15799.0,15828.0,0.0,0.0,30.0,0.0,30.0,0.0,30.0,0.0,10.0,10.0,0.0,0.0,0.0,0.0,0.0,0.0,battery2_v
2020-07-16T02:00:00Z,30.0,30.0,,,,,10569.3,15893.0,,,,12.124,12.365,,,,7097.0,7097.0,7097.0,,-1.8,8.567,,,,0.0,,,,,,,,,,15829.0,15858.0,0.0,0.0,30.0,0.0,30.0,0.0,30.0,0.0,1.0,1.0,0.0,0.0,0.0,0.0,0.0,0.0,battery2_v
2020-07-16T03:00:00Z,30.0,30.0,,,,,13836.233,17098.0,,,,12.124,12.313,,,,7097.0,7097.0,7097.0,,20.724,20.933,,,,0.0,,,,,,,,,,15859.0,15888.0,0.0,0.0,30.0,0.0,30.0,0.0,30.0,0.0,3.0,4.0,0.0,0.0,0.0,0.0,0.0,0.0,battery2_v
2020-07-16T04:00:00Z,30.0,30.0,,,,,13376.133,13588.0,,,,12.304,12.658,,,,7097.0,7097.0,7097.0,,113.9,119.0,,,,0.0,,,,,,,,,,15889.0,15918.0,0.0,0.0,30.0,0.0,30.0,0.0,30.0,0.0,30.0,30.0,0.0,0.0,0.0,0.0,0.0,0.0,battery2_v
2020-07-16T05:00:00Z,28.0,28.0,,,,,13174.964,13377.0,,,,12.488,12.725,,,,7097.0,7097.0,7097.0,,138.75,138.607,,,,0.0,,,,,,,,,,15919.0,15948.0,0.0,0.0,28.0,0.0,28.0,0.0,28.0,0.0,28.0,28.0,0.0,0.0,0.0,0.0,0.0,0.0,battery2_v
2020-07-16T06:00:00Z,30.0,30.0,,,,,14352.3,21907.0,,,,12.095,12.829,,,,7097.0,7097.0,7097.0,,100.6,40.333,,,,0.267,,,,,,,,,,15949.0,15978.0,0.0,0.0,30.0,0.0,30.0,0.0,30.0,0.0,24.0,29.0,0.0,0.0,0.0,0.0,0.0,0.0,battery2_v
2020-07-16T07:00:00Z,30.0,30.0,,,,,13328.467,13857.0,,,,12.128,13.245,,,,7097.0,7097.0,7097.0,,86.033,-5.033,,,,0.333,,,,,,,,,,15979.0,16008.0,0.0,0.0,30.0,0.0,30.0,0.0,30.0,0.0,22.0,29.0,0.0,0.0,0.0,0.0,0.0,0.0,battery2_v
2020-07-16T08:00:00Z,30.0,30.0,,,,,13281.667,13822.0,,,,12.143,13.146,,,,7097.0,7097.0,7097.0,,83.5,-8.367,,,,0.4,,,,,,,,,,16009.0,16038.0,0.0,0.0,30.0,0.0,30.0,0.0,30.0,0.0,24.0,30.0,0.0,0.0,0.0,0.0,0.0,0.0,battery2_v
2020-07-16T09:00:00Z,31.0,31.0,,,,,14745.613,21567.0,,,,12.034,12.98,,,,7097.0,7097.0,7097.0,,58.871,-20.645,,,,0.194,,,,,,,,,,16039.0,16069.0,0.0,0.0,31.0,0.0,31.0,0.0,31.0,0.0,21.0,17.0,0.0,0.0,0.0,0.0,0.0,0.0,battery2_v
2020-07-16T10:00:00Z,30.0,30.0,,,,,2187.367,3409.0,,,,12.181,12.848,,,,7097.0,7097.0,7097.0,,38.667,36.067,,,,0.067,,,,,,,,,,16070.0,16099.0,0.0,0.0,30.0,0.0,30.0,0.0,30.0,0.0,13.0,12.0,0.0,0.0,0.0,0.0,0.0,0.0,battery2_v
2020-07-16T11:00:00Z,30.0,30.0,,,,,1660.933,5000.0,,,,12.256,12.639,,,,7097.0,7097.0,7097.0,,-2.133,-2.133,,,,0.0,,,,,,,,,,16100.0,16129.0,0.0,0.0,30.0,0.0,30.0,0.0,30.0,0.0,1.0,3.0,0.0,0.0,0.0,0.0,0.0,0.0,battery2_v
2020-07-16T12:00:00Z,30.0,30.0,,,,,908.1,952.0,,,,12.223,12.256,,,,7097.0,7097.0,7097.0,,-9.767,-10.0,,,,0.0,,,,,,,,,,16130.0,16159.0,0.0,0.0,30.0,0.0,30.0,0.0,30.0,0.0,0.0,0.0,0.0,0.0,0.0,0.0,0.0,0.0,battery2_v
2020-07-16T13:00:00Z,30.0,30.0,,,,,956.233,975.0,,,,12.209,12.228,,,,7097.0,7097.0,7097.0,,-9.3,-6.0,,,,0.0,,,,,,,,,,16160.0,16189.0,0.0,0.0,30.0,0.0,30.0,0.0,30.0,0.0,0.0,0.0,0.0,0.0,0.0,0.0,0.0,0.0,battery2_v
2020-07-16T14:00:00Z,30.0,30.0,,,,,1000.533,1022.0,,,,12.19,12.214,,,,7097.0,7097.0,7097.0,,-11.267,-32.033,,,,0.0,,,,,,,,,,16190.0,16219.0,0.0,0.0,30.0,0.0,30.0,0.0,30.0,0.0,0.0,0.0,0.0,0.0,0.0,0.0,0.0,0.0,battery2_v
2020-07-16T15:00:00Z,30.0,30.0,,,,,1032.6,1057.0,,,,12.181,12.199,,,,7097.0,7097.0,7097.0,,-11.233,-29.267,,,,0.0,,,,,,,,,,16220.0,16249.0,0.0,0.0,30.0,0.0,30.0,0.0,30.0,0.0,0.0,0.0,0.0,0.0,0.0,0.0,0.0,0.0,battery2_v
2020-07-16T16:00:00Z,30.0,30.0,,,,,1057.833,1081.0,,,,12.166,12.185,,,,7097.0,7097.0,7097.0,,-11.0,-25.1,,,,0.0,,,,,,,,,,16250.0,16279.0,0.0,0.0,30.0,0.0,30.0,0.0,30.0,0.0,0.0,0.0,0.0,0.0,0.0,0.0,0.0,0.0,battery2_v
2020-07-16T17:00:00Z,30.0,30.0,,,,,1078.433,1092.0,,,,12.162,12.176,,,,7097.0,7097.0,7097.0,,-10.767,-18.2,,,,0.0,,,,,,,,,,16280.0,16309.0,0.0,0.0,30.0,0.0,30.0,0.0,30.0,0.0,0.0,0.0,0.0,0.0,0.0,0.0,0.0,0.0,battery2_v
2020-07-16T18:00:00Z,30.0,30.0,,,,,1101.233,1116.0,,,,12.152,12.166,,,,7097.0,7097.0,7097.0,,-10.5,-16.567,,,,0.0,,,,,,,,,,16310.0,16339.0,0.0,0.0,30.0,0.0,30.0,0.0,30.0,0.0,0.0,0.0,0.0,0.0,0.0,0.0,0.0,0.0,battery2_v
2020-07-16T19:00:00Z,30.0,30.0,,,,,1120.0,1139.0,,,,12.143,12.162,,,,7097.0,7097.0,7097.0,,-10.067,-11.4,,,,0.0,,,,,,,,,,16340.0,16369.0,0.0,0.0,30.0,0.0,30.0,0.0,30.0,0.0,0.0,0.0,0.0,0.0,0.0,0.0,0.0,0.0,battery2_v
2020-07-16T20:00:00Z,30.0,30.0,,,,,1140.6,1151.0,,,,12.138,12.152,,,,7097.0,7097.0,7097.0,,-9.933,-9.233,,,,0.0,,,,,,,,,,16370.0,16399.0,0.0,0.0,30.0,0.0,30.0,0.0,30.0,0.0,0.0,0.0,0.0,0.0,0.0,0.0,0.0,0.0,battery2_v
2020-07-16T21:00:00Z,28.0,28.0,,,,,1163.107,1186.0,,,,12.128,12.143,,,,7097.0,7097.0,7097.0,,-9.857,-5.5,,,,0.0,,,,,,,,,,16400.0,16429.0,0.0,0.0,28.0,0.0,28.0,0.0,28.0,0.0,0.0,0.0,0.0,0.0,0.0,0.0,0.0,0.0,battery2_v
2020-07-16T22:00:00Z,29.0,29.0,,,,,3182.103,11821.0,,,,12.119,12.133,,,,7097.0,7097.0,7097.0,,-9.414,-1.448,,,,0.0,,,,,,,,,,16430.0,16459.0,0.0,0.0,29.0,0.0,29.0,0.0,29.0,0.0,0.0,0.0,0.0,0.0,0.0,0.0,0.0,0.0,battery2_v
2020-07-16T23:00:00Z,30.0,30.0,,,,,7026.1,14664.0,,,,12.11,12.152,,,,7097.0,7097.0,7097.0,,-6.833,6.3,,,,0.0,,,,,,,,,,16460.0,16489.0,0.0,0.0,30.0,0.0,30.0,0.0,30.0,0.0,0.0,0.0,0.0,0.0,0.0,0.0,0.0,0.0,battery2_v
2020-07-17T00:00:00Z,30.0,30.0,,,,,11818.0,13810.0,,,,12.114,12.294,,,,7097.0,7097.0,7097.0,,9.2,21.9,,,,0.0,,,,,,,,,,16490.0,16519.0,0.0,0.0,30.0,0.0,30.0,0.0,30.0,0.0,1.0,1.0,0.0,0.0,0.0,0.0,0.0,0.0,battery2_v
2020-07-17T01:00:00Z,30.0,30.0,,,,,11588.767,13834.0,,,,12.114,12.46,,,,7097.0,7097.0,7097.0,,35.724,49.533,,,,0.0,,,,,,,,,,16520.0,16549.0,0.0,0.0,30.0,0.0,30.0,0.0,30.0,0.0,10.0,11.0,0.0,0.0,0.0,0.0,0.0,0.0,battery2_v
2020-07-17T02:00:00Z,30.0,30.0,,,,,12277.433,16068.0,,,,12.138,12.72,,,,7097.0,7097.0,7097.0,,55.133,64.5,,,,0.0,,,,,,,,,,16550.0,16579.0,0.0,0.0,30.0,0.0,30.0,0.0,30.0,0.0,13.0,13.0,0.0,0.0,0.0,0.0,0.0,0.0,battery2_v
2020-07-17T03:00:00Z,29.0,29.0,,,,,13750.345,21719.0,,,,12.237,12.734,,,,7097.0,7097.0,7097.0,,67.103,60.862,,,,0.0,,,,,,,,,,16580.0,16609.0,0.0,0.0,29.0,0.0,29.0,0.0,29.0,0.0,14.0,13.0,0.0,0.0,0.0,0.0,0.0,0.0,battery2_v
2020-07-17T04:00:00Z,30.0,30.0,,,,,13663.6,21509.0,,,,12.37,12.781,,,,7097.0,7097.0,7097.0,,146.5,135.033,,,,0.0,,,,,,,,,,16610.0,16639.0,0.0,0.0,30.0,0.0,30.0,0.0,30.0,0.0,26.0,24.0,0.0,0.0,0.0,0.0,0.0,0.0,battery2_v
2020-07-17T05:00:00Z,31.0,31.0,,,,,13214.516,13904.0,,,,12.058,12.814,,,,7097.0,7097.0,7097.0,,113.903,65.903,,,,0.161,,,,,,,,,,16640.0,16670.0,0.0,0.0,31.0,0.0,31.0,0.0,31.0,0.0,23.0,25.0,0.0,0.0,0.0,0.0,0.0,0.0,battery2_v
2020-07-17T06:00:00Z,29.0,29.0,,,,,13435.724,20315.0,,,,12.015,12.89,,,,7097.0,7097.0,7097.0,,106.429,43.0,,,,0.207,,,,,,,,,,16671.0,16700.0,0.0,0.0,29.0,0.0,29.0,0.0,29.0,0.0,21.0,26.0,0.0,0.0,0.0,0.0,0.0,0.0,battery2_v
2020-07-17T07:00:00Z,30.0,30.0,,,,,14300.733,22456.0,,,,12.067,12.966,,,,7097.0,7097.0,7097.0,,51.667,-54.1,,,,0.4,,,,,,,,,,16701.0,16730.0,0.0,0.0,30.0,0.0,30.0,0.0,30.0,0.0,22.0,26.0,0.0,0.0,0.0,0.0,0.0,0.0,battery2_v
2020-07-17T08:00:00Z,29.0,29.0,,,,,13263.517,13810.0,,,,12.152,12.871,,,,7097.0,7097.0,7097.0,,73.655,-4.103,,,,0.207,,,,,,,,,,16731.0,16760.0,0.0,0.0,29.0,0.0,29.0,0.0,29.0,0.0,27.0,26.0,0.0,0.0,0.0,0.0,0.0,0.0,battery2_v
2020-07-17T09:00:00Z,30.0,30.0,,,,,7429.367,15062.0,,,,12.091,12.635,,,,7097.0,7097.0,7097.0,,13.667,-22.367,,,,0.033,,,,,,,,,,16761.0,16790.0,0.0,0.0,30.0,0.0,30.0,0.0,30.0,0.0,9.0,7.0,0.0,0.0,0.0,0.0,0.0,0.0,battery2_v
2020-07-17T10:00:00Z,30.0,30.0,,,,,2913.167,3304.0,,,,12.237,12.27,,,,7097.0,7097.0,7097.0,,-10.933,-30.133,,,,0.0,,,,,,,,,,16791.0,16820.0,0.0,0.0,30.0,0.0,30.0,0.0,30.0,0.0,0.0,0.0,0.0,0.0,0.0,0.0,0.0,0.0,battery2_v
2020-07-17T11:00:00Z,30.0,30.0,,,,,1690.133,5094.0,,,,12.218,12.242,,,,7097.0,7097.0,7097.0,,-11.033,-30.967,,,,0.0,,,,,,,,,,16821.0,16850.0,0.0,0.0,30.0,0.0,30.0,0.0,30.0,0.0,0.0,0.0,0.0,0.0,0.0,0.0,0.0,0.0,battery2_v
2020-07-17T12:00:00Z,30.0,30.0,,,,,836.133,987.0,,,,12.204,12.289,,,,7097.0,7097.0,7097.0,,-7.833,-26.567,,,,0.0,,,,,,,,,,16851.0,16880.0,0.0,0.0,30.0,0.0,30.0,0.0,30.0,0.0,0.0,0.0,0.0,0.0,0.0,0.0,0.0,0.0,battery2_v
2020-07-17T13:00:00Z,30.0,30.0,,,,,988.9,1010.0,,,,12.19,12.214,,,,7097.0,7097.0,7097.0,,-12.2,-45.733,,,,0.0,,,,,,,,,,16881.0,16910.0,0.0,0.0,30.0,0.0,30.0,0.0,30.0,0.0,0.0,18.0,0.0,0.0,0.0,0.0,0.0,0.0,battery2_v
2020-07-17T14:00:00Z,30.0,30.0,,,,,1022.067,1034.0,,,,12.181,12.195,,,,7097.0,7097.0,7097.0,,-12.8,-50.833,,,,0.0,,,,,,,,,,16911.0,16940.0,0.0,0.0,30.0,0.0,30.0,0.0,30.0,0.0,0.0,19.0,0.0,0.0,0.0,0.0,0.0,0.0,battery2_v
2020-07-17T15:00:00Z,30.0,30.0,,,,,1042.967,1069.0,,,,12.171,12.185,,,,7097.0,7097.0,7097.0,,-12.267,-45.733,,,,0.0,,,,,,,,,,16941.0,16970.0,0.0,0.0,30.0,0.0,30.0,0.0,30.0,0.0,0.0,10.0,0.0,0.0,0.0,0.0,0.0,0.0,battery2_v
2020-07-17T16:00:00Z,30.0,30.0,,,,,1064.6,1081.0,,,,12.166,12.181,,,,7097.0,7097.0,7097.0,,-11.967,-38.767,,,,0.0,,,,,,,,,,16971.0,17000.0,0.0,0.0,30.0,0.0,30.0,0.0,30.0,0.0,0.0,1.0,0.0,0.0,0.0,0.0,0.0,0.0,battery2_v
2020-07-17T17:00:00Z,30.0,30.0,,,,,1077.7,1092.0,,,,12.152,12.171,,,,7097.0,7097.0,7097.0,,-11.6,-32.8,,,,0.0,,,,,,,,,,17001.0,17030.0,0.0,0.0,30.0,0.0,30.0,0.0,30.0,0.0,0.0,0.0,0.0,0.0,0.0,0.0,0.0,0.0,battery2_v
2020-07-17T18:00:00Z,30.0,30.0,,,,,1099.233,1116.0,,,,12.147,12.162,,,,7097.0,7097.0,7097.0,,-11.3,-32.033,,,,0.0,,,,,,,,,,17031.0,17060.0,0.0,0.0,30.0,0.0,30.0,0.0,30.0,0.0,0.0,0.0,0.0,0.0,0.0,0.0,0.0,0.0,battery2_v
2020-07-17T19:00:00Z,30.0,30.0,,,,,1117.733,1139.0,,,,12.138,12.157,,,,7097.0,7097.0,7097.0,,-11.2,-28.533,,,,0.0,,,,,,,,,,17061.0,17090.0,0.0,0.0,30.0,0.0,30.0,0.0,30.0,0.0,0.0,0.0,0.0,0.0,0.0,0.0,0.0,0.0,battery2_v
2020-07-17T20:00:00Z,30.0,30.0,,,,,1138.967,1162.0,,,,12.133,12.147,,,,7097.0,7097.0,7097.0,,-10.933,-23.933,,,,0.0,,,,,,,,,,17091.0,17120.0,0.0,0.0,30.0,0.0,30.0,0.0,30.0,0.0,0.0,0.0,0.0,0.0,0.0,0.0,0.0,0.0,battery2_v
2020-07-17T21:00:00Z,29.0,29.0,,,,,1164.241,1174.0,,,,12.124,12.138,,,,7097.0,7097.0,7097.0,,-10.931,-21.759,,,,0.0,,,,,,,,,,17121.0,17150.0,0.0,0.0,29.0,0.0,29.0,0.0,29.0,0.0,0.0,0.0,0.0,0.0,0.0,0.0,0.0,0.0,battery2_v
2020-07-17T22:00:00Z,30.0,30.0,,,,,3653.7,12745.0,,,,12.119,12.133,,,,7097.0,7097.0,7097.0,,-10.433,-15.433,,,,0.0,,,,,,,,,,17151.0,17180.0,0.0,0.0,30.0,0.0,30.0,0.0,30.0,0.0,0.0,0.0,0.0,0.0,0.0,0.0,0.0,0.0,battery2_v
2020-07-17T23:00:00Z,30.0,30.0,,,,,7508.067,15413.0,,,,12.114,12.147,,,,7097.0,7097.0,7097.0,,-7.267,-11.633,,,,0.0,,,,,,,,,,17181.0,17210.0,0.0,0.0,30.0,0.0,30.0,0.0,30.0,0.0,0.0,0.0,0.0,0.0,0.0,0.0,0.0,0.0,battery2_v
2020-07-18T00:00:00Z,30.0,30.0,,,,,13690.4,13775.0,,,,12.152,12.322,,,,7097.0,7097.0,7097.0,,28.467,20.2,,,,0.0,,,,,,,,,,17211.0,17240.0,0.0,0.0,30.0,0.0,30.0,0.0,30.0,0.0,4.0,2.0,0.0,0.0,0.0,0.0,0.0,0.0,battery2_v
2020-07-18T01:00:00Z,30.0,30.0,,,,,14506.7,21977.0,,,,12.195,12.531,,,,7097.0,7097.0,7097.0,,52.667,45.5,,,,0.0,,,,,,,,,,17241.0,17270.0,0.0,0.0,30.0,0.0,30.0,0.0,30.0,0.0,18.0,14.0,0.0,0.0,0.0,0.0,0.0,0.0,battery2_v
2020-07-18T02:00:00Z,30.0,30.0,,,,,13606.2,13728.0,,,,12.185,12.583,,,,7097.0,7097.0,7097.0,,36.276,25.7,,,,0.0,,,,,,,,,,17271.0,17300.0,0.0,0.0,30.0,0.0,30.0,0.0,30.0,0.0,6.0,6.0,0.0,0.0,0.0,0.0,0.0,0.0,battery2_v
2020-07-18T03:00:00Z,30.0,30.0,,,,,13256.8,13588.0,,,,12.308,12.734,,,,7097.0,7097.0,7097.0,,124.7,105.367,,,,0.0,,,,,,,,,,17301.0,17330.0,0.0,0.0,30.0,0.0,30.0,0.0,30.0,0.0,22.0,22.0,0.0,0.0,0.0,0.0,0.0,0.0,battery2_v
2020-07-18T04:00:00Z,31.0,31.0,,,,,14209.903,22176.0,,,,12.304,12.781,,,,7097.0,7097.0,7097.0,,107.226,80.548,,,,0.0,,,,,,,,,,17331.0,17361.0,0.0,0.0,31.0,0.0,31.0,0.0,31.0,0.0,20.0,18.0,0.0,0.0,0.0,0.0,0.0,0.0,battery2_v
2020-07-18T05:00:00Z,30.0,30.0,,,,,13312.5,13705.0,,,,12.251,12.947,,,,7097.0,7097.0,7097.0,,86.517,-75.933,,,,0.567,,,,,,,,,,17362.0,17391.0,0.0,0.0,30.0,0.0,30.0,0.0,30.0,0.0,14.0,29.0,0.0,0.0,0.0,0.0,0.0,0.0,battery2_v
2020-07-18T06:00:00Z,30.0,30.0,,,,,13413.567,13822.0,,,,12.143,12.933,,,,7097.0,7097.0,7097.0,,57.533,-99.567,,,,0.467,,,,,,,,,,17392.0,17421.0,0.0,0.0,30.0,0.0,30.0,0.0,30.0,0.0,17.0,23.0,0.0,0.0,0.0,0.0,0.0,0.0,battery2_v
2020-07-18T07:00:00Z,29.0,29.0,,,,,13525.276,18502.0,,,,12.058,12.876,,,,7097.0,7097.0,7097.0,,73.448,-49.517,,,,0.276,,,,,,,,,,17422.0,17451.0,0.0,0.0,29.0,0.0,29.0,0.0,29.0,0.0,18.0,18.0,0.0,0.0,0.0,0.0,0.0,0.0,battery2_v
2020-07-18T08:00:00Z,30.0,30.0,,,,,13259.1,21567.0,,,,12.147,13.306,,,,7097.0,7097.0,7097.0,,64.067,-10.933,,,,0.067,,,,,,,,,,17452.0,17481.0,0.0,0.0,30.0,0.0,30.0,0.0,30.0,0.0,21.0,15.0,0.0,0.0,0.0,0.0,0.0,0.0,battery2_v
2020-07-18T09:00:00Z,30.0,30.0,,,,,8536.067,19461.0,,,,12.251,12.332,,,,7097.0,7097.0,7097.0,,-6.633,-51.7,,,,0.0,,,,,,,,,,17482.0,17511.0,0.0,0.0,30.0,0.0,30.0,0.0,30.0,0.0,0.0,16.0,0.0,0.0,0.0,0.0,0.0,0.0,battery2_v
2020-07-18T10:00:00Z,30.0,30.0,,,,,6838.6,19578.0,,,,12.223,12.275,,,,7097.0,7097.0,7097.0,,-11.5,-53.233,,,,0.0,,,,,,,,,,17512.0,17541.0,0.0,0.0,30.0,0.0,30.0,0.0,30.0,0.0,0.0,17.0,0.0,0.0,0.0,0.0,0.0,0.0,battery2_v
2020-07-18T11:00:00Z,30.0,30.0,,,,,1667.4,4930.0,,,,12.209,12.233,,,,7097.0,7097.0,7097.0,,-11.867,-43.733,,,,0.0,,,,,,,,,,17542.0,17571.0,0.0,0.0,30.0,0.0,30.0,0.0,30.0,0.0,0.0,6.0,0.0,0.0,0.0,0.0,0.0,0.0,battery2_v
2020-07-18T12:00:00Z,30.0,30.0,,,,,967.9,987.0,,,,12.199,12.218,,,,7097.0,7097.0,7097.0,,-11.833,-41.0,,,,0.0,,,,,,,,,,17572.0,17601.0,0.0,0.0,30.0,0.0,30.0,0.0,30.0,0.0,0.0,4.0,0.0,0.0,0.0,0.0,0.0,0.0,battery2_v
2020-07-18T13:00:00Z,30.0,30.0,,,,,999.467,1010.0,,,,12.185,12.204,,,,7097.0,7097.0,7097.0,,-11.4,-38.5,,,,0.0,,,,,,,,,,17602.0,17631.0,0.0,0.0,30.0,0.0,30.0,0.0,30.0,0.0,0.0,1.0,0.0,0.0,0.0,0.0,0.0,0.0,battery2_v
2020-07-18T14:00:00Z,30.0,30.0,,,,,1030.933,1069.0,,,,12.171,12.195,,,,7097.0,7097.0,7097.0,,-12.533,-52.167,,,,0.0,,,,,,,,,,17632.0,17661.0,0.0,0.0,30.0,0.0,30.0,0.0,30.0,0.0,0.0,19.0,0.0,0.0,0.0,0.0,0.0,0.0,battery2_v
2020-07-18T15:00:00Z,30.0,30.0,,,,,1057.8,1081.0,,,,12.166,12.181,,,,7097.0,7097.0,7097.0,,-13.133,-57.067,,,,0.0,,,,,,,,,,17662.0,17691.0,0.0,0.0,30.0,0.0,30.0,0.0,30.0,0.0,0.0,30.0,0.0,0.0,0.0,0.0,0.0,0.0,battery2_v
2020-07-18T16:00:00Z,30.0,30.0,,,,,1076.833,1092.0,,,,12.162,12.171,,,,7097.0,7097.0,7097.0,,-12.7,-50.4,,,,0.0,,,,,,,,,,17692.0,17721.0,0.0,0.0,30.0,0.0,30.0,0.0,30.0,0.0,0.0,22.0,0.0,0.0,0.0,0.0,0.0,0.0,battery2_v
2020-07-18T17:00:00Z,30.0,30.0,,,,,1096.533,1116.0,,,,12.147,12.166,,,,7097.0,7097.0,7097.0,,-12.267,-46.333,,,,0.0,,,,,,,,,,17722.0,17751.0,0.0,0.0,30.0,0.0,30.0,0.0,30.0,0.0,0.0,12.0,0.0,0.0,0.0,0.0,0.0,0.0,battery2_v
2020-07-18T18:00:00Z,30.0,30.0,,,,,1116.133,1139.0,,,,12.138,12.162,,,,7097.0,7097.0,7097.0,,-12.0,-41.233,,,,0.0,,,,,,,,,,17752.0,17781.0,0.0,0.0,30.0,0.0,30.0,0.0,30.0,0.0,0.0,3.0,0.0,0.0,0.0,0.0,0.0,0.0,battery2_v
2020-07-18T19:00:00Z,29.0,29.0,,,,,1130.379,1151.0,,,,12.138,12.147,,,,7097.0,7097.0,7097.0,,-11.69,-35.0,,,,0.0,,,,,,,,,,17782.0,17811.0,0.0,0.0,29.0,0.0,29.0,0.0,29.0,0.0,0.0,0.0,0.0,0.0,0.0,0.0,0.0,0.0,battery2_v
2020-07-18T20:00:00Z,30.0,30.0,,,,,1153.133,1174.0,,,,12.133,12.143,,,,7097.0,7097.0,7097.0,,-11.333,-30.733,,,,0.0,,,,,,,,,,17812.0,17841.0,0.0,0.0,30.0,0.0,30.0,0.0,30.0,0.0,0.0,0.0,0.0,0.0,0.0,0.0,0.0,0.0,battery2_v
2020-07-18T21:00:00Z,30.0,30.0,,,,,1174.833,1198.0,,,,12.119,12.133,,,,7097.0,7097.0,7097.0,,-11.1,-24.767,,,,0.0,,,,,,,,,,17842.0,17871.0,0.0,0.0,30.0,0.0,30.0,0.0,30.0,0.0,0.0,0.0,0.0,0.0,0.0,0.0,0.0,0.0,battery2_v
2020-07-18T22:00:00Z,29.0,29.0,,,,,2922.345,11845.0,,,,12.11,12.128,,,,7097.0,7097.0,7097.0,,-10.931,-23.586,,,,0.0,,,,,,,,,,17872.0,17901.0,0.0,0.0,29.0,0.0,29.0,0.0,29.0,0.0,0.0,0.0,0.0,0.0,0.0,0.0,0.0,0.0,battery2_v
2020-07-18T23:00:00Z,30.0,30.0,,,,,7970.367,20421.0,,,,12.11,12.133,,,,7097.0,7097.0,7097.0,,-9.448,-20.433,,,,0.0,,,,,,,,,,17902.0,17931.0,0.0,0.0,30.0,0.0,30.0,0.0,30.0,0.0,0.0,0.0,0.0,0.0,0.0,0.0,0.0,0.0,battery2_v
2020-07-19T00:00:00Z,30.0,30.0,,,,,13929.5,19918.0,,,,12.119,12.28,,,,7097.0,7097.0,7097.0,,20.867,7.533,,,,0.0,,,,,,,,,,17932.0,17961.0,0.0,0.0,30.0,0.0,30.0,0.0,30.0,0.0,0.0,0.0,0.0,0.0,0.0,0.0,0.0,0.0,battery2_v
2020-07-19T01:00:00Z,30.0,30.0,,,,,13549.633,13717.0,,,,12.195,12.46,,,,7097.0,7097.0,7097.0,,66.5,56.967,,,,0.0,,,,,,,,,,17962.0,17991.0,0.0,0.0,30.0,0.0,30.0,0.0,30.0,0.0,23.0,17.0,0.0,0.0,0.0,0.0,0.0,0.0,battery2_v
2020-07-19T02:00:00Z,30.0,30.0,,,,,13361.8,13728.0,,,,12.195,12.592,,,,7097.0,7097.0,7097.0,,105.0,94.333,,,,0.0,,,,,,,,,,17992.0,18021.0,0.0,0.0,30.0,0.0,30.0,0.0,30.0,0.0,24.0,24.0,0.0,0.0,0.0,0.0,0.0,0.0,battery2_v
2020-07-19T03:00:00Z,30.0,30.0,,,,,14199.3,21579.0,,,,12.332,12.729,,,,7097.0,7097.0,7097.0,,132.633,115.767,,,,0.0,,,,,,,,,,18022.0,18051.0,0.0,0.0,30.0,0.0,30.0,0.0,30.0,0.0,27.0,26.0,0.0,0.0,0.0,0.0,0.0,0.0,battery2_v
2020-07-19T04:00:00Z,30.0,30.0,,,,,13128.8,13494.0,,,,12.408,12.786,,,,7097.0,7097.0,7097.0,,136.9,112.967,,,,0.0,,,,,,,,,,18052.0,18081.0,0.0,0.0,30.0,0.0,30.0,0.0,30.0,0.0,25.0,25.0,0.0,0.0,0.0,0.0,0.0,0.0,battery2_v
2020-07-19T05:00:00Z,31.0,31.0,,,,,13335.71,13927.0,,,,12.034,12.814,,,,7097.0,7097.0,7097.0,,76.167,-43.839,,,,0.355,,,,,,,,,,18082.0,18112.0,0.0,0.0,31.0,0.0,31.0,0.0,31.0,0.0,17.0,24.0,0.0,0.0,0.0,0.0,0.0,0.0,battery2_v
2020-07-19T06:00:00Z,29.0,29.0,,,,,14348.483,21333.0,,,,12.327,12.734,,,,7097.0,7097.0,7097.0,,73.724,22.172,,,,0.0,,,,,,,,,,18113.0,18142.0,0.0,0.0,29.0,0.0,29.0,0.0,29.0,0.0,18.0,18.0,0.0,0.0,0.0,0.0,0.0,0.0,battery2_v
2020-07-19T07:00:00Z,30.0,30.0,,,,,13296.167,13518.0,,,,12.37,12.691,,,,7097.0,7097.0,7097.0,,70.733,13.867,,,,0.0,,,,,,,,,,18143.0,18172.0,0.0,0.0,30.0,0.0,30.0,0.0,30.0,0.0,16.0,11.0,0.0,0.0,0.0,0.0,0.0,0.0,battery2_v
2020-07-19T08:00:00Z,30.0,30.0,,,,,13479.467,15343.0,,,,12.261,12.36,,,,7097.0,7097.0,7097.0,,-3.0,-69.4,,,,0.0,,,,,,,,,,18173.0,18202.0,0.0,0.0,30.0,0.0,30.0,0.0,30.0,0.0,0.0,29.0,0.0,0.0,0.0,0.0,0.0,0.0,battery2_v
2020-07-19T09:00:00Z,30.0,30.0,,,,,13711.333,16454.0,,,,12.242,12.337,,,,7097.0,7097.0,7097.0,,1.276,-75.633,,,,0.0,,,,,,,,,,18203.0,18232.0,0.0,0.0,30.0,0.0,30.0,0.0,30.0,0.0,0.0,30.0,0.0,0.0,0.0,0.0,0.0,0.0,battery2_v
2020-07-19T10:00:00Z,30.0,30.0,,,,,6232.733,13997.0,,,,12.233,12.691,,,,7097.0,7097.0,7097.0,,52.1,-4.2,,,,0.0,,,,,,,,,,18233.0,18262.0,0.0,0.0,30.0,0.0,30.0,0.0,30.0,0.0,13.0,16.0,0.0,0.0,0.0,0.0,0.0,0.0,battery2_v
2020-07-19T11:00:00Z,30.0,30.0,,,,,653.0,3561.0,,,,12.133,12.923,,,,7097.0,7097.0,7097.0,,72.533,15.0,,,,0.067,,,,,,,,,,18263.0,18292.0,0.0,0.0,14.0,0.0,30.0,0.0,30.0,0.0,20.0,17.0,0.0,0.0,0.0,0.0,0.0,0.0,battery2_v
2020-07-19T12:00:00Z,30.0,30.0,,,,,141.467,741.0,,,,12.313,12.725,,,,7097.0,7097.0,7097.0,,53.2,3.933,,,,0.0,,,,,,,,,,18293.0,18322.0,0.0,0.0,8.0,0.0,30.0,0.0,30.0,0.0,16.0,15.0,0.0,0.0,0.0,0.0,0.0,0.0,battery2_v
2020-07-19T13:00:00Z,29.0,29.0,,,,,604.655,858.0,,,,12.251,12.474,,,,7097.0,7097.0,7097.0,,-3.034,-53.414,,,,0.0,,,,,,,,,,18323.0,18352.0,0.0,0.0,23.0,0.0,29.0,0.0,29.0,0.0,1.0,24.0,0.0,0.0,0.0,0.0,0.0,0.0,battery2_v
2020-07-19T14:00:00Z,30.0,30.0,,,,,837.033,940.0,,,,12.228,12.408,,,,7097.0,7097.0,7097.0,,-11.267,-71.467,,,,0.0,,,,,,,,,,18353.0,18382.0,0.0,0.0,29.0,0.0,30.0,0.0,30.0,0.0,1.0,29.0,0.0,0.0,0.0,0.0,0.0,0.0,battery2_v
2020-07-19T15:00:00Z,30.0,30.0,,,,,943.3,964.0,,,,12.209,12.237,,,,7097.0,7097.0,7097.0,,-14.9,-79.133,,,,0.0,,,,,,,,,,18383.0,18412.0,0.0,0.0,30.0,0.0,30.0,0.0,30.0,0.0,0.0,30.0,0.0,0.0,0.0,0.0,0.0,0.0,battery2_v
2020-07-19T16:00:00Z,30.0,30.0,,,,,971.9,999.0,,,,12.199,12.218,,,,7097.0,7097.0,7097.0,,-14.4,-73.933,,,,0.0,,,,,,,,,,18413.0,18442.0,0.0,0.0,30.0,0.0,30.0,0.0,30.0,0.0,0.0,30.0,0.0,0.0,0.0,0.0,0.0,0.0,battery2_v
2020-07-19T17:00:00Z,30.0,30.0,,,,,999.933,1034.0,,,,12.19,12.204,,,,7097.0,7097.0,7097.0,,-14.133,-71.067,,,,0.0,,,,,,,,,,18443.0,18472.0,0.0,0.0,30.0,0.0,30.0,0.0,30.0,0.0,0.0,30.0,0.0,0.0,0.0,0.0,0.0,0.0,battery2_v
2020-07-19T18:00:00Z,30.0,30.0,,,,,1054.8,1092.0,,,,12.176,12.195,,,,7097.0,7097.0,7097.0,,-13.967,-65.667,,,,0.0,,,,,,,,,,18473.0,18502.0,0.0,0.0,30.0,0.0,30.0,0.0,30.0,0.0,0.0,30.0,0.0,0.0,0.0,0.0,0.0,0.0,battery2_v
2020-07-19T19:00:00Z,30.0,30.0,,,,,1091.1,1104.0,,,,12.171,12.185,,,,7097.0,7097.0,7097.0,,-13.633,-65.433,,,,0.0,,,,,,,,,,18503.0,18532.0,0.0,0.0,30.0,0.0,30.0,0.0,30.0,0.0,0.0,30.0,0.0,0.0,0.0,0.0,0.0,0.0,battery2_v
2020-07-19T20:00:00Z,30.0,30.0,,,,,1104.367,1127.0,,,,12.162,12.181,,,,7097.0,7097.0,7097.0,,-13.033,-58.667,,,,0.0,,,,,,,,,,18533.0,18562.0,0.0,0.0,30.0,0.0,30.0,0.0,30.0,0.0,0.0,30.0,0.0,0.0,0.0,0.0,0.0,0.0,battery2_v
2020-07-19T21:00:00Z,30.0,30.0,,,,,1119.967,1139.0,,,,12.162,12.176,,,,7097.0,7097.0,7097.0,,-12.733,-54.533,,,,0.0,,,,,,,,,,18563.0,18592.0,0.0,0.0,30.0,0.0,30.0,0.0,30.0,0.0,0.0,26.0,0.0,0.0,0.0,0.0,0.0,0.0,battery2_v
2020-07-19T22:00:00Z,30.0,30.0,,,,,3089.4,11107.0,,,,12.152,12.166,,,,7097.0,7097.0,7097.0,,-12.5,-48.967,,,,0.0,,,,,,,,,,18593.0,18622.0,0.0,0.0,30.0,0.0,30.0,0.0,30.0,0.0,0.0,19.0,0.0,0.0,0.0,0.0,0.0,0.0,battery2_v
2020-07-19T23:00:00Z,30.0,30.0,,,,,6294.167,13834.0,,,,12.147,12.199,,,,7097.0,7097.0,7097.0,,-9.862,-35.4,,,,0.0,,,,,,,,,,18623.0,18652.0,0.0,0.0,30.0,0.0,30.0,0.0,30.0,0.0,0.0,4.0,0.0,0.0,0.0,0.0,0.0,0.0,battery2_v
2020-07-20T00:00:00Z,31.0,31.0,,,,,15002.484,21731.0,,,,12.157,12.275,,,,7097.0,7097.0,7097.0,,16.226,-17.484,,,,0.0,,,,,,,,,,18653.0,18683.0,0.0,0.0,31.0,0.0,31.0,0.0,31.0,0.0,0.0,2.0,0.0,0.0,0.0,0.0,0.0,0.0,battery2_v
2020-07-20T01:00:00Z,30.0,30.0,,,,,13617.767,13740.0,,,,12.181,12.412,,,,7097.0,7097.0,7097.0,,41.4,11.133,,,,0.0,,,,,,,,,,18684.0,18713.0,0.0,0.0,30.0,0.0,30.0,0.0,30.0,0.0,12.0,4.0,0.0,0.0,0.0,0.0,0.0,0.0,battery2_v
2020-07-20T02:00:00Z,30.0,30.0,,,,,13394.9,13600.0,,,,12.304,12.554,,,,7097.0,7097.0,7097.0,,97.233,72.6,,,,0.0,,,,,,,,,,18714.0,18743.0,0.0,0.0,30.0,0.0,30.0,0.0,30.0,0.0,29.0,24.0,0.0,0.0,0.0,0.0,0.0,0.0,battery2_v
2020-07-20T03:00:00Z,30.0,30.0,,,,,13806.3,20444.0,,,,12.304,12.691,,,,7097.0,7097.0,7097.0,,70.433,31.1,,,,0.0,,,,,,,,,,18744.0,18773.0,0.0,0.0,30.0,0.0,30.0,0.0,30.0,0.0,13.0,12.0,0.0,0.0,0.0,0.0,0.0,0.0,battery2_v
2020-07-20T04:00:00Z,30.0,30.0,,,,,13810.933,20538.0,,,,12.289,12.805,,,,7097.0,7097.0,7097.0,,82.133,38.667,,,,0.067,,,,,,,,,,18774.0,18803.0,0.0,0.0,30.0,0.0,30.0,0.0,30.0,0.0,13.0,14.0,0.0,0.0,0.0,0.0,0.0,0.0,battery2_v
2020-07-20T05:00:00Z,30.0,30.0,,,,,13319.933,13822.0,,,,12.143,12.805,,,,7097.0,7097.0,7097.0,,77.933,-6.967,,,,0.167,,,,,,,,,,18804.0,18833.0,0.0,0.0,30.0,0.0,30.0,0.0,30.0,0.0,15.0,16.0,0.0,0.0,0.0,0.0,0.0,0.0,battery2_v
2020-07-20T06:00:00Z,30.0,30.0,,,,,11453.033,14711.0,,,,12.166,12.55,,,,7097.0,7097.0,7097.0,,22.367,-34.333,,,,0.0,,,,,,,,,,18834.0,18863.0,0.0,0.0,30.0,0.0,30.0,0.0,30.0,0.0,6.0,10.0,0.0,0.0,0.0,0.0,0.0,0.0,battery2_v
2020-07-20T07:00:00Z,30.0,30.0,,,,,3319.467,6544.0,,,,12.233,12.535,,,,7097.0,7097.0,7097.0,,-5.1,-41.233,,,,0.0,,,,,,,,,,18864.0,18893.0,0.0,0.0,30.0,0.0,30.0,0.0,30.0,0.0,2.0,13.0,0.0,0.0,0.0,0.0,0.0,0.0,battery2_v
2020-07-20T08:00:00Z,30.0,30.0,,,,,13836.267,17203.0,,,,12.214,12.251,,,,7097.0,7097.0,7097.0,,-9.267,-75.6,,,,0.0,,,,,,,,,,18894.0,18923.0,0.0,0.0,30.0,0.0,30.0,0.0,30.0,0.0,0.0,30.0,0.0,0.0,0.0,0.0,0.0,0.0,battery2_v
2020-07-20T09:00:00Z,30.0,30.0,,,,,10162.833,15004.0,,,,12.209,12.55,,,,7097.0,7097.0,7097.0,,23.9,-32.767,,,,0.0,,,,,,,,,,18924.0,18953.0,0.0,0.0,30.0,0.0,30.0,0.0,30.0,0.0,10.0,17.0,0.0,0.0,0.0,0.0,0.0,0.0,battery2_v
2020-07-20T10:00:00Z,30.0,30.0,,,,,3190.733,6439.0,,,,12.204,12.493,,,,7097.0,7097.0,7097.0,,9.586,-27.033,,,,0.0,,,,,,,,,,18954.0,18983.0,0.0,0.0,30.0,0.0,30.0,0.0,30.0,0.0,5.0,15.0,0.0,0.0,0.0,0.0,0.0,0.0,battery2_v
2020-07-20T11:00:00Z,30.0,30.0,,,,,1483.333,3374.0,,,,12.19,12.209,,,,7097.0,7097.0,7097.0,,-11.933,-44.9,,,,0.0,,,,,,,,,,18984.0,19013.0,0.0,0.0,30.0,0.0,30.0,0.0,30.0,0.0,0.0,9.0,0.0,0.0,0.0,0.0,0.0,0.0,battery2_v
2020-07-20T12:00:00Z,30.0,30.0,,,,,1013.533,1034.0,,,,12.176,12.195,,,,7097.0,7097.0,7097.0,,-11.6,-40.433,,,,0.0,,,,,,,,,,19014.0,19043.0,0.0,0.0,30.0,0.0,30.0,0.0,30.0,0.0,0.0,3.0,0.0,0.0,0.0,0.0,0.0,0.0,battery2_v
2020-07-20T13:00:00Z,30.0,30.0,,,,,1044.967,1081.0,,,,12.166,12.185,,,,7097.0,7097.0,7097.0,,-11.3,-38.033,,,,0.0,,,,,,,,,,19044.0,19073.0,0.0,0.0,30.0,0.0,30.0,0.0,30.0,0.0,0.0,3.0,0.0,0.0,0.0,0.0,0.0,0.0,battery2_v
2020-07-20T14:00:00Z,29.0,29.0,,,,,1077.862,1092.0,,,,12.157,12.176,,,,7097.0,7097.0,7097.0,,-13.0,-56.966,,,,0.0,,,,,,,,,,19074.0,19103.0,0.0,0.0,29.0,0.0,29.0,0.0,29.0,0.0,0.0,29.0,0.0,0.0,0.0,0.0,0.0,0.0,battery2_v
2020-07-20T15:00:00Z,30.0,30.0,,,,,1103.7,1127.0,,,,12.147,12.162,,,,7097.0,7097.0,7097.0,,-12.833,-53.767,,,,0.0,,,,,,,,,,19104.0,19133.0,0.0,0.0,30.0,0.0,30.0,0.0,30.0,0.0,0.0,27.0,0.0,0.0,0.0,0.0,0.0,0.0,battery2_v
2020-07-20T16:00:00Z,30.0,30.0,,,,,1126.033,1139.0,,,,12.143,12.152,,,,7097.0,7097.0,7097.0,,-12.1,-46.633,,,,0.0,,,,,,,,,,19134.0,19163.0,0.0,0.0,30.0,0.0,30.0,0.0,30.0,0.0,0.0,13.0,0.0,0.0,0.0,0.0,0.0,0.0,battery2_v
2020-07-20T17:00:00Z,30.0,30.0,,,,,1143.367,1162.0,,,,12.128,12.147,,,,7097.0,7097.0,7097.0,,-11.933,-42.067,,,,0.0,,,,,,,,,,19164.0,19193.0,0.0,0.0,30.0,0.0,30.0,0.0,30.0,0.0,0.0,4.0,0.0,0.0,0.0,0.0,0.0,0.0,battery2_v
2020-07-20T18:00:00Z,30.0,30.0,,,,,1161.333,1174.0,,,,12.124,12.143,,,,7097.0,7097.0,7097.0,,-11.567,-36.367,,,,0.0,,,,,,,,,,19194.0,19223.0,0.0,0.0,30.0,0.0,30.0,0.0,30.0,0.0,0.0,1.0,0.0,0.0,0.0,0.0,0.0,0.0,battery2_v
2020-07-20T19:00:00Z,31.0,31.0,,,,,1173.226,1186.0,,,,12.119,12.133,,,,7097.0,7097.0,7097.0,,-11.129,-30.516,,,,0.0,,,,,,,,,,19224.0,19254.0,0.0,0.0,31.0,0.0,31.0,0.0,31.0,0.0,0.0,0.0,0.0,0.0,0.0,0.0,0.0,0.0,battery2_v
2020-07-20T20:00:00Z,30.0,30.0,,,,,1193.833,1209.0,,,,12.114,12.128,,,,7097.0,7097.0,7097.0,,-10.967,-25.667,,,,0.0,,,,,,,,,,19255.0,19284.0,0.0,0.0,30.0,0.0,30.0,0.0,30.0,0.0,0.0,0.0,0.0,0.0,0.0,0.0,0.0,0.0,battery2_v
2020-07-20T21:00:00Z,30.0,30.0,,,,,1207.333,1233.0,,,,12.11,12.124,,,,7097.0,7097.0,7097.0,,-10.567,-18.833,,,,0.0,,,,,,,,,,19285.0,19314.0,0.0,0.0,30.0,0.0,30.0,0.0,30.0,0.0,0.0,0.0,0.0,0.0,0.0,0.0,0.0,0.0,battery2_v
2020-07-20T22:00:00Z,30.0,30.0,,,,,2998.233,13424.0,,,,12.105,12.114,,,,7097.0,7097.0,7097.0,,-10.167,-15.133,,,,0.0,,,,,,,,,,19315.0,19344.0,0.0,0.0,30.0,0.0,30.0,0.0,30.0,0.0,0.0,0.0,0.0,0.0,0.0,0.0,0.0,0.0,battery2_v
2020-07-20T23:00:00Z,30.0,30.0,,,,,6885.767,14594.0,,,,12.095,12.119,,,,7097.0,7097.0,7097.0,,-8.379,-7.667,,,,0.0,,,,,,,,,,19345.0,19374.0,0.0,0.0,30.0,0.0,30.0,0.0,30.0,0.0,0.0,0.0,0.0,0.0,0.0,0.0,0.0,0.0,battery2_v
2020-07-21T00:00:00Z,30.0,30.0,,,,,13192.833,15144.0,,,,12.1,12.299,,,,7097.0,7097.0,7097.0,,20.3,17.267,,,,0.0,,,,,,,,,,19375.0,19404.0,0.0,0.0,30.0,0.0,30.0,0.0,30.0,0.0,4.0,4.0,0.0,0.0,0.0,0.0,0.0,0.0,battery2_v
2020-07-21T01:00:00Z,30.0,30.0,,,,,13563.233,13646.0,,,,12.27,12.427,,,,7097.0,7097.0,7097.0,,61.867,63.933,,,,0.0,,,,,,,,,,19405.0,19434.0,0.0,0.0,30.0,0.0,30.0,0.0,30.0,0.0,22.0,23.0,0.0,0.0,0.0,0.0,0.0,0.0,battery2_v
2020-07-21T02:00:00Z,30.0,30.0,,,,,14059.267,22070.0,,,,12.233,12.531,,,,7097.0,7097.0,7097.0,,57.3,55.0,,,,0.0,,,,,,,,,,19435.0,19464.0,0.0,0.0,30.0,0.0,30.0,0.0,30.0,0.0,14.0,13.0,0.0,0.0,0.0,0.0,0.0,0.0,battery2_v
2020-07-21T03:00:00Z,30.0,30.0,,,,,14316.767,20737.0,,,,12.199,12.37,,,,7097.0,7097.0,7097.0,,21.633,11.4,,,,0.0,,,,,,,,,,19465.0,19494.0,0.0,0.0,30.0,0.0,30.0,0.0,30.0,0.0,3.0,2.0,0.0,0.0,0.0,0.0,0.0,0.0,battery2_v
2020-07-21T04:00:00Z,30.0,30.0,,,,,13573.8,13623.0,,,,12.285,12.374,,,,7097.0,7097.0,7097.0,,40.567,25.133,,,,0.0,,,,,,,,,,19495.0,19524.0,0.0,0.0,30.0,0.0,30.0,0.0,30.0,0.0,6.0,2.0,0.0,0.0,0.0,0.0,0.0,0.0,battery2_v
2020-07-21T05:00:00Z,30.0,30.0,,,,,13504.767,13576.0,,,,12.332,12.587,,,,7097.0,7097.0,7097.0,,64.567,43.367,,,,0.0,,,,,,,,,,19525.0,19554.0,0.0,0.0,30.0,0.0,30.0,0.0,30.0,0.0,25.0,6.0,0.0,0.0,0.0,0.0,0.0,0.0,battery2_v
2020-07-21T06:00:00Z,30.0,30.0,,,,,14123.333,21977.0,,,,12.143,13.146,,,,7097.0,7097.0,7097.0,,70.633,1.867,,,,0.167,,,,,,,,,,19555.0,19584.0,0.0,0.0,30.0,0.0,30.0,0.0,30.0,0.0,17.0,18.0,0.0,0.0,0.0,0.0,0.0,0.0,battery2_v
2020-07-21T07:00:00Z,30.0,30.0,,,,,13367.933,13553.0,,,,12.337,12.677,,,,7097.0,7097.0,7097.0,,74.3,47.167,,,,0.0,,,,,,,,,,19585.0,19614.0,0.0,0.0,30.0,0.0,30.0,0.0,30.0,0.0,17.0,13.0,0.0,0.0,0.0,0.0,0.0,0.0,battery2_v
2020-07-21T08:00:00Z,30.0,30.0,,,,,11396.9,15846.0,,,,12.223,12.587,,,,7097.0,7097.0,7097.0,,17.167,-15.367,,,,0.0,,,,,,,,,,19615.0,19644.0,0.0,0.0,30.0,0.0,30.0,0.0,30.0,0.0,5.0,12.0,0.0,0.0,0.0,0.0,0.0,0.0,battery2_v
2020-07-21T09:00:00Z,30.0,30.0,,,,,3831.567,4216.0,,,,12.185,12.223,,,,7097.0,7097.0,7097.0,,-10.233,-21.867,,,,0.0,,,,,,,,,,19645.0,19674.0,0.0,0.0,30.0,0.0,30.0,0.0,30.0,0.0,0.0,0.0,0.0,0.0,0.0,0.0,0.0,0.0,battery2_v
2020-07-21T10:00:00Z,30.0,30.0,,,,,3168.6,3666.0,,,,12.171,12.199,,,,7097.0,7097.0,7097.0,,-10.414,-24.733,,,,0.0,,,,,,,,,,19675.0,19704.0,0.0,0.0,30.0,0.0,30.0,0.0,30.0,0.0,0.0,0.0,0.0,0.0,0.0,0.0,0.0,0.0,battery2_v
2020-07-21T11:00:00Z,30.0,30.0,,,,,1749.4,3783.0,,,,12.152,12.223,,,,7097.0,7097.0,7097.0,,-9.533,-21.267,,,,0.0,,,,,,,,,,19705.0,19734.0,0.0,0.0,30.0,0.0,30.0,0.0,30.0,0.0,0.0,0.0,0.0,0.0,0.0,0.0,0.0,0.0,battery2_v
2020-07-21T12:00:00Z,30.0,30.0,,,,,1105.633,1127.0,,,,12.138,12.157,,,,7097.0,7097.0,7097.0,,-10.5,-23.533,,,,0.0,,,,,,,,,,19735.0,19764.0,0.0,0.0,30.0,0.0,30.0,0.0,30.0,0.0,0.0,1.0,0.0,0.0,0.0,0.0,0.0,0.0,battery2_v
2020-07-21T13:00:00Z,30.0,30.0,,,,,1153.033,1186.0,,,,12.124,12.143,,,,7097.0,7097.0,7097.0,,-12.233,-45.733,,,,0.0,,,,,,,,,,19765.0,19794.0,0.0,0.0,30.0,0.0,30.0,0.0,30.0,0.0,0.0,10.0,0.0,0.0,0.0,0.0,0.0,0.0,battery2_v
2020-07-21T14:00:00Z,30.0,30.0,,,,,1190.333,1209.0,,,,12.11,12.128,,,,7097.0,7097.0,7097.0,,-11.967,-41.867,,,,0.0,,,,,,,,,,19795.0,19824.0,0.0,0.0,30.0,0.0,30.0,0.0,30.0,0.0,0.0,6.0,0.0,0.0,0.0,0.0,0.0,0.0,battery2_v
2020-07-21T15:00:00Z,30.0,30.0,,,,,1224.833,1244.0,,,,12.095,12.114,,,,7097.0,7097.0,7097.0,,-11.733,-36.6,,,,0.0,,,,,,,,,,19825.0,19854.0,0.0,0.0,30.0,0.0,30.0,0.0,30.0,0.0,0.0,0.0,0.0,0.0,0.0,0.0,0.0,0.0,battery2_v
2020-07-21T16:00:00Z,31.0,31.0,,,,,1255.258,1268.0,,,,12.091,12.105,,,,7097.0,7097.0,7097.0,,-11.194,-30.581,,,,0.0,,,,,,,,,,19855.0,19885.0,0.0,0.0,31.0,0.0,31.0,0.0,31.0,0.0,0.0,0.0,0.0,0.0,0.0,0.0,0.0,0.0,battery2_v
2020-07-21T17:00:00Z,30.0,30.0,,,,,1268.5,1291.0,,,,12.081,12.1,,,,7097.0,7097.0,7097.0,,-11.033,-23.067,,,,0.0,,,,,,,,,,19886.0,19915.0,0.0,0.0,30.0,0.0,30.0,0.0,30.0,0.0,0.0,0.0,0.0,0.0,0.0,0.0,0.0,0.0,battery2_v
2020-07-21T18:00:00Z,30.0,30.0,,,,,1295.433,1315.0,,,,12.081,12.095,,,,7097.0,7097.0,7097.0,,-10.633,-19.9,,,,0.0,,,,,,,,,,19916.0,19945.0,0.0,0.0,30.0,0.0,30.0,0.0,30.0,0.0,0.0,0.0,0.0,0.0,0.0,0.0,0.0,0.0,battery2_v
2020-07-21T19:00:00Z,30.0,30.0,,,,,1318.933,1350.0,,,,12.072,12.091,,,,7097.0,7097.0,7097.0,,-10.367,-17.6,,,,0.0,,,,,,,,,,19946.0,19975.0,0.0,0.0,30.0,0.0,30.0,0.0,30.0,0.0,0.0,0.0,0.0,0.0,0.0,0.0,0.0,0.0,battery2_v
2020-07-21T20:00:00Z,30.0,30.0,,,,,1341.933,1373.0,,,,12.067,12.081,,,,7097.0,7097.0,7097.0,,-10.233,-14.1,,,,0.0,,,,,,,,,,19976.0,20005.0,0.0,0.0,30.0,0.0,30.0,0.0,30.0,0.0,0.0,0.0,0.0,0.0,0.0,0.0,0.0,0.0,battery2_v
2020-07-21T21:00:00Z,30.0,30.0,,,,,1354.367,1373.0,,,,12.067,12.081,,,,7097.0,7097.0,7097.0,,-9.967,-6.0,,,,0.0,,,,,,,,,,20006.0,20035.0,0.0,0.0,30.0,0.0,30.0,0.0,30.0,0.0,0.0,0.0,0.0,0.0,0.0,0.0,0.0,0.0,battery2_v
2020-07-21T22:00:00Z,30.0,30.0,,,,,3897.6,14337.0,,,,12.058,12.072,,,,7097.0,7097.0,7097.0,,-9.8,-6.333,,,,0.0,,,,,,,,,,20036.0,20065.0,0.0,0.0,30.0,0.0,30.0,0.0,30.0,0.0,0.0,0.0,0.0,0.0,0.0,0.0,0.0,0.0,battery2_v
2020-07-21T23:00:00Z,30.0,30.0,,,,,8001.833,15706.0,,,,12.058,12.1,,,,7097.0,7097.0,7097.0,,-7.464,-0.167,,,,0.0,,,,,,,,,,20066.0,20095.0,0.0,0.0,30.0,0.0,30.0,0.0,30.0,0.0,0.0,0.0,0.0,0.0,0.0,0.0,0.0,0.0,battery2_v
2020-07-22T00:00:00Z,30.0,30.0,,,,,13750.933,13857.0,,,,12.1,12.256,,,,7097.0,7097.0,7097.0,,28.3,32.867,,,,0.0,,,,,,,,,,20096.0,20125.0,0.0,0.0,30.0,0.0,30.0,0.0,30.0,0.0,1.0,5.0,0.0,0.0,0.0,0.0,0.0,0.0,battery2_v
2020-07-22T01:00:00Z,30.0,30.0,,,,,14083.967,21860.0,,,,12.228,12.431,,,,7097.0,7097.0,7097.0,,74.167,85.633,,,,0.0,,,,,,,,,,20126.0,20155.0,0.0,0.0,30.0,0.0,30.0,0.0,30.0,0.0,29.0,30.0,0.0,0.0,0.0,0.0,0.0,0.0,battery2_v
2020-07-22T02:00:00Z,30.0,30.0,,,,,14453.733,21942.0,,,,12.237,12.658,,,,7097.0,7097.0,7097.0,,102.3,109.8,,,,0.0,,,,,,,,,,20156.0,20185.0,0.0,0.0,30.0,0.0,30.0,0.0,30.0,0.0,24.0,24.0,0.0,0.0,0.0,0.0,0.0,0.0,battery2_v
2020-07-22T03:00:00Z,30.0,30.0,,,,,13241.6,13623.0,,,,12.28,12.706,,,,7097.0,7097.0,7097.0,,126.567,118.867,,,,0.0,,,,,,,,,,20186.0,20215.0,0.0,0.0,30.0,0.0,30.0,0.0,30.0,0.0,24.0,24.0,0.0,0.0,0.0,0.0,0.0,0.0,battery2_v
2020-07-22T04:00:00Z,30.0,30.0,,,,,13285.2,13623.0,,,,12.28,12.767,,,,7097.0,7097.0,7097.0,,106.5,88.2,,,,0.0,,,,,,,,,,20216.0,20245.0,0.0,0.0,30.0,0.0,30.0,0.0,30.0,0.0,19.0,18.0,0.0,0.0,0.0,0.0,0.0,0.0,battery2_v
2020-07-22T05:00:00Z,30.0,30.0,,,,,14860.833,22258.0,,,,11.987,12.81,,,,7097.0,7097.0,7097.0,,54.767,2.0,,,,0.1,,,,,,,,,,20246.0,20275.0,0.0,0.0,30.0,0.0,30.0,0.0,30.0,0.0,12.0,15.0,0.0,0.0,0.0,0.0,0.0,0.0,battery2_v
2020-07-22T06:00:00Z,30.0,30.0,,,,,13084.267,13295.0,,,,12.573,12.739,,,,7097.0,7097.0,7097.0,,151.267,123.033,,,,0.0,,,,,,,,,,20276.0,20305.0,0.0,0.0,30.0,0.0,30.0,0.0,30.0,0.0,30.0,30.0,0.0,0.0,0.0,0.0,0.0,0.0,battery2_v
2020-07-22T07:00:00Z,30.0,30.0,,,,,13200.533,13763.0,,,,12.195,12.909,,,,7097.0,7097.0,7097.0,,107.2,45.933,,,,0.1,,,,,,,,,,20306.0,20335.0,0.0,0.0,30.0,0.0,30.0,0.0,30.0,0.0,30.0,30.0,0.0,0.0,0.0,0.0,0.0,0.0,battery2_v
2020-07-22T08:00:00Z,30.0,30.0,,,,,14341.367,22328.0,,,,12.001,12.814,,,,7097.0,7097.0,7097.0,,79.733,20.3,,,,0.033,,,,,,,,,,20336.0,20365.0,0.0,0.0,30.0,0.0,30.0,0.0,30.0,0.0,27.0,8.0,0.0,0.0,0.0,0.0,0.0,0.0,battery2_v
2020-07-22T09:00:00Z,29.0,29.0,,,,,13427.241,13904.0,,,,12.048,12.909,,,,7097.0,7097.0,7097.0,,38.207,-73.379,,,,0.241,,,,,,,,,,20366.0,20395.0,0.0,0.0,29.0,0.0,29.0,0.0,29.0,0.0,13.0,20.0,0.0,0.0,0.0,0.0,0.0,0.0,battery2_v
2020-07-22T10:00:00Z,29.0,29.0,,,,,8408.069,14582.0,,,,12.242,12.739,,,,7097.0,7097.0,7097.0,,13.862,-43.31,,,,0.0,,,,,,,,,,20396.0,20425.0,0.0,0.0,29.0,0.0,29.0,0.0,29.0,0.0,4.0,25.0,0.0,0.0,0.0,0.0,0.0,0.0,battery2_v
2020-07-22T11:00:00Z,30.0,30.0,,,,,1404.5,5714.0,,,,12.223,12.507,,,,7097.0,7097.0,7097.0,,5.267,-36.467,,,,0.0,,,,,,,,,,20426.0,20455.0,0.0,0.0,29.0,0.0,30.0,0.0,30.0,0.0,3.0,21.0,0.0,0.0,0.0,0.0,0.0,0.0,battery2_v
2020-07-22T12:00:00Z,30.0,30.0,,,,,933.5,964.0,,,,12.204,12.228,,,,7097.0,7097.0,7097.0,,-12.667,-56.0,,,,0.0,,,,,,,,,,20456.0,20485.0,0.0,0.0,30.0,0.0,30.0,0.0,30.0,0.0,0.0,30.0,0.0,0.0,0.0,0.0,0.0,0.0,battery2_v
2020-07-22T13:00:00Z,30.0,30.0,,,,,976.5,999.0,,,,12.195,12.209,,,,7097.0,7097.0,7097.0,,-12.333,-52.7,,,,0.0,,,,,,,,,,20486.0,20515.0,0.0,0.0,30.0,0.0,30.0,0.0,30.0,0.0,0.0,27.0,0.0,0.0,0.0,0.0,0.0,0.0,battery2_v
2020-07-22T14:00:00Z,31.0,31.0,,,,,1017.097,1045.0,,,,12.176,12.195,,,,7097.0,7097.0,7097.0,,-13.29,-62.226,,,,0.0,,,,,,,,,,20516.0,20546.0,0.0,0.0,31.0,0.0,31.0,0.0,31.0,0.0,0.0,25.0,0.0,0.0,0.0,0.0,0.0,0.0,battery2_v
2020-07-22T15:00:00Z,30.0,30.0,,,,,1050.033,1069.0,,,,12.166,12.185,,,,7097.0,7097.0,7097.0,,-14.167,-73.333,,,,0.0,,,,,,,,,,20547.0,20576.0,0.0,0.0,30.0,0.0,30.0,0.0,30.0,0.0,0.0,30.0,0.0,0.0,0.0,0.0,0.0,0.0,battery2_v
2020-07-22T16:00:00Z,30.0,30.0,,,,,1075.333,1092.0,,,,12.157,12.171,,,,7097.0,7097.0,7097.0,,-13.933,-67.1,,,,0.0,,,,,,,,,,20577.0,20606.0,0.0,0.0,30.0,0.0,30.0,0.0,30.0,0.0,0.0,30.0,0.0,0.0,0.0,0.0,0.0,0.0,battery2_v
2020-07-22T17:00:00Z,30.0,30.0,,,,,1094.2,1104.0,,,,12.152,12.162,,,,7097.0,7097.0,7097.0,,-13.533,-61.633,,,,0.0,,,,,,,,,,20607.0,20636.0,0.0,0.0,30.0,0.0,30.0,0.0,30.0,0.0,0.0,30.0,0.0,0.0,0.0,0.0,0.0,0.0,battery2_v
2020-07-22T18:00:00Z,30.0,30.0,,,,,1111.4,1127.0,,,,12.143,12.157,,,,7097.0,7097.0,7097.0,,-13.033,-54.6,,,,0.0,,,,,,,,,,20637.0,20666.0,0.0,0.0,30.0,0.0,30.0,0.0,30.0,0.0,0.0,28.0,0.0,0.0,0.0,0.0,0.0,0.0,battery2_v
2020-07-22T19:00:00Z,29.0,29.0,,,,,1130.759,1139.0,,,,12.133,12.147,,,,7097.0,7097.0,7097.0,,-12.483,-50.034,,,,0.0,,,,,,,,,,20668.0,20696.0,0.0,0.0,29.0,0.0,29.0,0.0,29.0,0.0,0.0,20.0,0.0,0.0,0.0,0.0,0.0,0.0,battery2_v
2020-07-22T20:00:00Z,30.0,30.0,,,,,1148.033,1174.0,,,,12.128,12.147,,,,7097.0,7097.0,7097.0,,-12.267,-45.2,,,,0.0,,,,,,,,,,20697.0,20726.0,0.0,0.0,30.0,0.0,30.0,0.0,30.0,0.0,0.0,10.0,0.0,0.0,0.0,0.0,0.0,0.0,battery2_v
2020-07-22T21:00:00Z,30.0,30.0,,,,,1163.433,1186.0,,,,12.124,12.138,,,,7097.0,7097.0,7097.0,,-12.0,-41.467,,,,0.0,,,,,,,,,,20727.0,20756.0,0.0,0.0,30.0,0.0,30.0,0.0,30.0,0.0,0.0,2.0,0.0,0.0,0.0,0.0,0.0,0.0,battery2_v
2020-07-22T22:00:00Z,30.0,30.0,,,,,2957.267,9025.0,,,,12.119,12.128,,,,7097.0,7097.0,7097.0,,-11.7,-35.267,,,,0.0,,,,,,,,,,20757.0,20786.0,0.0,0.0,30.0,0.0,30.0,0.0,30.0,0.0,0.0,0.0,0.0,0.0,0.0,0.0,0.0,0.0,battery2_v
2020-07-22T23:00:00Z,30.0,30.0,,,,,8265.933,14980.0,,,,12.114,12.147,,,,7097.0,7097.0,7097.0,,-9.103,-29.167,,,,0.0,,,,,,,,,,20787.0,20816.0,0.0,0.0,30.0,0.0,30.0,0.0,30.0,0.0,0.0,0.0,0.0,0.0,0.0,0.0,0.0,0.0,battery2_v
2020-07-23T00:00:00Z,30.0,30.0,,,,,13853.767,17624.0,,,,12.152,12.256,,,,7097.0,7097.0,7097.0,,21.567,1.0,,,,0.0,,,,,,,,,,20817.0,20846.0,0.0,0.0,30.0,0.0,30.0,0.0,30.0,0.0,0.0,0.0,0.0,0.0,0.0,0.0,0.0,0.0,battery2_v
2020-07-23T01:00:00Z,30.0,30.0,,,,,15034.3,22269.0,,,,12.143,12.445,,,,7097.0,7097.0,7097.0,,48.433,30.5,,,,0.0,,,,,,,,,,20847.0,20876.0,0.0,0.0,30.0,0.0,30.0,0.0,30.0,0.0,15.0,11.0,0.0,0.0,0.0,0.0,0.0,0.0,battery2_v
2020-07-23T02:00:00Z,30.0,30.0,,,,,13475.167,13693.0,,,,12.228,12.564,,,,7097.0,7097.0,7097.0,,75.867,58.9,,,,0.0,,,,,,,,,,20877.0,20906.0,0.0,0.0,30.0,0.0,30.0,0.0,30.0,0.0,16.0,15.0,0.0,0.0,0.0,0.0,0.0,0.0,battery2_v
2020-07-23T03:00:00Z,30.0,30.0,,,,,13222.433,13553.0,,,,12.332,12.71,,,,7097.0,7097.0,7097.0,,132.233,113.3,,,,0.0,,,,,,,,,,20907.0,20936.0,0.0,0.0,30.0,0.0,30.0,0.0,30.0,0.0,25.0,25.0,0.0,0.0,0.0,0.0,0.0,0.0,battery2_v
2020-07-23T04:00:00Z,29.0,29.0,,,,,13978.828,21169.0,,,,12.398,12.805,,,,7097.0,7097.0,7097.0,,155.828,118.655,,,,0.069,,,,,,,,,,20937.0,20966.0,0.0,0.0,29.0,0.0,29.0,0.0,29.0,0.0,27.0,29.0,0.0,0.0,0.0,0.0,0.0,0.0,battery2_v
2020-07-23T05:00:00Z,30.0,30.0,,,,,13250.433,13892.0,,,,12.072,12.8,,,,7097.0,7097.0,7097.0,,100.567,49.067,,,,0.033,,,,,,,,,,20967.0,20996.0,0.0,0.0,30.0,0.0,30.0,0.0,30.0,0.0,20.0,19.0,0.0,0.0,0.0,0.0,0.0,0.0,battery2_v
2020-07-23T06:00:00Z,29.0,29.0,,,,,13263.552,13576.0,,,,12.318,12.791,,,,7097.0,7097.0,7097.0,,87.069,39.172,,,,0.0,,,,,,,,,,20997.0,21026.0,0.0,0.0,29.0,0.0,29.0,0.0,29.0,0.0,16.0,18.0,0.0,0.0,0.0,0.0,0.0,0.0,battery2_v
2020-07-23T07:00:00Z,29.0,29.0,,,,,14645.655,21591.0,,,,12.299,12.649,,,,7097.0,7097.0,7097.0,,52.75,-6.724,,,,0.0,,,,,,,,,,21027.0,21056.0,0.0,0.0,29.0,0.0,29.0,0.0,29.0,0.0,15.0,16.0,0.0,0.0,0.0,0.0,0.0,0.0,battery2_v
2020-07-23T08:00:00Z,29.0,29.0,,,,,13185.552,13249.0,,,,12.564,12.644,,,,7097.0,7097.0,7097.0,,91.207,24.586,,,,0.0,,,,,,,,,,21057.0,21086.0,0.0,0.0,29.0,0.0,29.0,0.0,29.0,0.0,29.0,0.0,0.0,0.0,0.0,0.0,0.0,0.0,battery2_v
2020-07-23T09:00:00Z,30.0,30.0,,,,,8257.367,14992.0,,,,11.987,12.966,,,,7097.0,7097.0,7097.0,,2.9,-65.833,,,,0.033,,,,,,,,,,21087.0,21116.0,0.0,0.0,30.0,0.0,30.0,0.0,30.0,0.0,6.0,25.0,0.0,0.0,0.0,0.0,0.0,0.0,battery2_v
2020-07-23T10:00:00Z,30.0,30.0,,,,,1905.133,3947.0,,,,12.105,12.923,,,,7097.0,7097.0,7097.0,,32.3,-30.833,,,,0.133,,,,,,,,,,21117.0,21146.0,0.0,0.0,28.0,0.0,30.0,0.0,30.0,0.0,10.0,19.0,0.0,0.0,0.0,0.0,0.0,0.0,battery2_v
2020-07-23T11:00:00Z,31.0,31.0,,,,,652.484,1209.0,,,,12.251,12.611,,,,7097.0,7097.0,7097.0,,8.29,-46.806,,,,0.0,,,,,,,,,,21147.0,21177.0,0.0,0.0,25.0,0.0,31.0,0.0,31.0,0.0,3.0,26.0,0.0,0.0,0.0,0.0,0.0,0.0,battery2_v
2020-07-23T12:00:00Z,29.0,29.0,,,,,524.276,917.0,,,,12.242,12.559,,,,7097.0,7097.0,7097.0,,11.357,-39.31,,,,0.0,,,,,,,,,,21178.0,21207.0,0.0,0.0,21.0,0.0,29.0,0.0,29.0,0.0,7.0,20.0,0.0,0.0,0.0,0.0,0.0,0.0,battery2_v
2020-07-23T13:00:00Z,30.0,30.0,,,,,906.967,975.0,,,,12.214,12.266,,,,7097.0,7097.0,7097.0,,-12.8,-65.667,,,,0.0,,,,,,,,,,21208.0,21237.0,0.0,0.0,30.0,0.0,30.0,0.0,30.0,0.0,0.0,28.0,0.0,0.0,0.0,0.0,0.0,0.0,battery2_v
2020-07-23T14:00:00Z,30.0,30.0,,,,,986.267,999.0,,,,12.199,12.218,,,,7097.0,7097.0,7097.0,,-15.067,-82.333,,,,0.0,,,,,,,,,,21238.0,21267.0,0.0,0.0,30.0,0.0,30.0,0.0,30.0,0.0,0.0,30.0,0.0,0.0,0.0,0.0,0.0,0.0,battery2_v
2020-07-23T15:00:00Z,30.0,30.0,,,,,1012.167,1034.0,,,,12.19,12.204,,,,7097.0,7097.0,7097.0,,-14.233,-76.2,,,,0.0,,,,,,,,,,21268.0,21297.0,0.0,0.0,30.0,0.0,30.0,0.0,30.0,0.0,0.0,30.0,0.0,0.0,0.0,0.0,0.0,0.0,battery2_v
2020-07-23T16:00:00Z,30.0,30.0,,,,,1032.167,1045.0,,,,12.181,12.199,,,,7097.0,7097.0,7097.0,,-13.6,-64.067,,,,0.0,,,,,,,,,,21298.0,21327.0,0.0,0.0,30.0,0.0,30.0,0.0,30.0,0.0,0.0,30.0,0.0,0.0,0.0,0.0,0.0,0.0,battery2_v
2020-07-23T17:00:00Z,30.0,30.0,,,,,985.2,1069.0,,,,12.176,12.251,,,,7097.0,7097.0,7097.0,,-11.133,-53.433,,,,0.0,,,,,,,,,,21328.0,21357.0,0.0,0.0,30.0,0.0,30.0,0.0,30.0,0.0,0.0,27.0,0.0,0.0,0.0,0.0,0.0,0.0,battery2_v
2020-07-23T18:00:00Z,27.0,27.0,,,,,1066.296,1092.0,,,,12.162,12.185,,,,7097.0,7097.0,7097.0,,-12.296,-47.963,,,,0.0,,,,,,,,,,21358.0,21387.0,0.0,0.0,27.0,0.0,27.0,0.0,27.0,0.0,0.0,14.0,0.0,0.0,0.0,0.0,0.0,0.0,battery2_v
2020-07-23T19:00:00Z,30.0,30.0,,,,,1085.733,1104.0,,,,12.162,12.176,,,,7097.0,7097.0,7097.0,,-11.933,-40.167,,,,0.0,,,,,,,,,,21388.0,21417.0,0.0,0.0,30.0,0.0,30.0,0.0,30.0,0.0,0.0,3.0,0.0,0.0,0.0,0.0,0.0,0.0,battery2_v
2020-07-23T20:00:00Z,30.0,30.0,,,,,1103.133,1127.0,,,,12.152,12.171,,,,7097.0,7097.0,7097.0,,-11.333,-34.2,,,,0.0,,,,,,,,,,21418.0,21447.0,0.0,0.0,30.0,0.0,30.0,0.0,30.0,0.0,0.0,0.0,0.0,0.0,0.0,0.0,0.0,0.0,battery2_v
2020-07-23T21:00:00Z,30.0,30.0,,,,,1118.767,1127.0,,,,12.147,12.162,,,,7097.0,7097.0,7097.0,,-10.967,-27.267,,,,0.0,,,,,,,,,,21448.0,21477.0,0.0,0.0,30.0,0.0,30.0,0.0,30.0,0.0,0.0,0.0,0.0,0.0,0.0,0.0,0.0,0.0,battery2_v
2020-07-23T22:00:00Z,30.0,30.0,,,,,1800.367,4684.0,,,,12.143,12.152,,,,7097.0,7097.0,7097.0,,-10.633,-23.633,,,,0.0,,,,,,,,,,21478.0,21507.0,0.0,0.0,30.0,0.0,30.0,0.0,30.0,0.0,0.0,0.0,0.0,0.0,0.0,0.0,0.0,0.0,battery2_v
2020-07-23T23:00:00Z,30.0,30.0,,,,,7188.667,13857.0,,,,12.138,12.152,,,,7097.0,7097.0,7097.0,,-10.133,-14.833,,,,0.0,,,,,,,,,,21508.0,21537.0,0.0,0.0,30.0,0.0,30.0,0.0,30.0,0.0,0.0,0.0,0.0,0.0,0.0,0.0,0.0,0.0,battery2_v
2020-07-24T00:00:00Z,30.0,30.0,,,,,5509.8,12792.0,,,,12.128,12.143,,,,7097.0,7097.0,7097.0,,-9.933,-11.133,,,,0.0,,,,,,,,,,21538.0,21567.0,0.0,0.0,30.0,0.0,30.0,0.0,30.0,0.0,0.0,0.0,0.0,0.0,0.0,0.0,0.0,0.0,battery2_v
2020-07-24T01:00:00Z,30.0,30.0,,,,,14500.933,21298.0,,,,12.138,12.204,,,,7097.0,7097.0,7097.0,,5.833,6.233,,,,0.0,,,,,,,,,,21568.0,21597.0,0.0,0.0,30.0,0.0,30.0,0.0,30.0,0.0,0.0,0.0,0.0,0.0,0.0,0.0,0.0,0.0,battery2_v
2020-07-24T02:00:00Z,30.0,30.0,,,,,13541.9,13728.0,,,,12.19,12.602,,,,7097.0,7097.0,7097.0,,72.367,74.933,,,,0.0,,,,,,,,,,21598.0,21627.0,0.0,0.0,30.0,0.0,30.0,0.0,30.0,0.0,16.0,16.0,0.0,0.0,0.0,0.0,0.0,0.0,battery2_v
2020-07-24T03:00:00Z,30.0,30.0,,,,,13315.667,13775.0,,,,12.176,12.819,,,,7097.0,7097.0,7097.0,,109.233,45.067,,,,0.267,,,,,,,,,,21628.0,21657.0,0.0,0.0,30.0,0.0,30.0,0.0,30.0,0.0,22.0,30.0,0.0,0.0,0.0,0.0,0.0,0.0,battery2_v
2020-07-24T04:00:00Z,30.0,30.0,,,,,13576.167,21158.0,,,,12.199,12.805,,,,7097.0,7097.0,7097.0,,121.633,96.567,,,,0.1,,,,,,,,,,21658.0,21687.0,0.0,0.0,30.0,0.0,30.0,0.0,30.0,0.0,28.0,30.0,0.0,0.0,0.0,0.0,0.0,0.0,battery2_v
2020-07-24T05:00:00Z,30.0,30.0,,,,,14805.5,21462.0,,,,12.351,12.767,,,,7097.0,7097.0,7097.0,,76.067,72.6,,,,0.0,,,,,,,,,,21688.0,21717.0,0.0,0.0,30.0,0.0,30.0,0.0,30.0,0.0,24.0,22.0,0.0,0.0,0.0,0.0,0.0,0.0,battery2_v
2020-07-24T06:00:00Z,30.0,30.0,,,,,13190.1,13529.0,,,,12.36,12.796,,,,7097.0,7097.0,7097.0,,104.067,89.267,,,,0.0,,,,,,,,,,21718.0,21747.0,0.0,0.0,30.0,0.0,30.0,0.0,30.0,0.0,18.0,18.0,0.0,0.0,0.0,0.0,0.0,0.0,battery2_v
2020-07-24T07:00:00Z,30.0,30.0,,,,,12139.067,13623.0,,,,12.261,12.691,,,,7097.0,7097.0,7097.0,,37.6,15.733,,,,0.0,,,,,,,,,,21748.0,21777.0,0.0,0.0,30.0,0.0,30.0,0.0,30.0,0.0,9.0,9.0,0.0,0.0,0.0,0.0,0.0,0.0,battery2_v
2020-07-24T08:00:00Z,31.0,31.0,,,,,2795.613,3596.0,,,,12.256,12.748,,,,7097.0,7097.0,7097.0,,22.733,16.71,,,,0.0,,,,,,,,,,21778.0,21808.0,0.0,0.0,31.0,0.0,31.0,0.0,31.0,0.0,5.0,6.0,0.0,0.0,0.0,0.0,0.0,0.0,battery2_v
2020-07-24T09:00:00Z,30.0,30.0,,,,,2996.633,4450.0,,,,12.223,12.341,,,,7097.0,7097.0,7097.0,,-5.167,-7.633,,,,0.0,,,,,,,,,,21809.0,21838.0,0.0,0.0,30.0,0.0,30.0,0.0,30.0,0.0,0.0,2.0,0.0,0.0,0.0,0.0,0.0,0.0,battery2_v
2020-07-24T10:00:00Z,30.0,30.0,,,,,2775.567,3608.0,,,,12.209,12.545,,,,7097.0,7097.0,7097.0,,-3.267,-10.233,,,,0.0,,,,,,,,,,21839.0,21868.0,0.0,0.0,30.0,0.0,30.0,0.0,30.0,0.0,1.0,1.0,0.0,0.0,0.0,0.0,0.0,0.0,battery2_v
2020-07-24T11:00:00Z,30.0,30.0,,,,,1158.533,1958.0,,,,12.19,12.209,,,,7097.0,7097.0,7097.0,,-10.3,-17.933,,,,0.0,,,,,,,,,,21869.0,21898.0,0.0,0.0,30.0,0.0,30.0,0.0,30.0,0.0,0.0,0.0,0.0,0.0,0.0,0.0,0.0,0.0,battery2_v
2020-07-24T12:00:00Z,30.0,30.0,,,,,1027.5,1045.0,,,,12.176,12.195,,,,7097.0,7097.0,7097.0,,-11.833,-39.6,,,,0.0,,,,,,,,,,21899.0,21928.0,0.0,0.0,30.0,0.0,30.0,0.0,30.0,0.0,0.0,2.0,0.0,0.0,0.0,0.0,0.0,0.0,battery2_v
2020-07-24T13:00:00Z,30.0,30.0,,,,,1059.833,1092.0,,,,12.166,12.185,,,,7097.0,7097.0,7097.0,,-11.267,-33.4,,,,0.0,,,,,,,,,,21929.0,21958.0,0.0,0.0,30.0,0.0,30.0,0.0,30.0,0.0,0.0,0.0,0.0,0.0,0.0,0.0,0.0,0.0,battery2_v
2020-07-24T14:00:00Z,30.0,30.0,,,,,1078.4,1092.0,,,,12.162,12.176,,,,7097.0,7097.0,7097.0,,-10.733,-22.3,,,,0.0,,,,,,,,,,21959.0,21988.0,0.0,0.0,30.0,0.0,30.0,0.0,30.0,0.0,0.0,0.0,0.0,0.0,0.0,0.0,0.0,0.0,battery2_v
2020-07-24T15:00:00Z,30.0,30.0,,,,,1105.533,1127.0,,,,12.152,12.171,,,,7097.0,7097.0,7097.0,,-10.467,-19.3,,,,0.0,,,,,,,,,,21989.0,22018.0,0.0,0.0,30.0,0.0,30.0,0.0,30.0,0.0,0.0,0.0,0.0,0.0,0.0,0.0,0.0,0.0,battery2_v
2020-07-24T16:00:00Z,30.0,30.0,,,,,1125.7,1139.0,,,,12.147,12.162,,,,7097.0,7097.0,7097.0,,-10.1,-14.3,,,,0.0,,,,,,,,,,22019.0,22048.0,0.0,0.0,30.0,0.0,30.0,0.0,30.0,0.0,0.0,0.0,0.0,0.0,0.0,0.0,0.0,0.0,battery2_v
2020-07-24T17:00:00Z,30.0,30.0,,,,,1142.133,1162.0,,,,12.138,12.157,,,,7097.0,7097.0,7097.0,,-9.867,-11.367,,,,0.0,,,,,,,,,,22049.0,22078.0,0.0,0.0,30.0,0.0,30.0,0.0,30.0,0.0,0.0,0.0,0.0,0.0,0.0,0.0,0.0,0.0,battery2_v
2020-07-24T18:00:00Z,30.0,30.0,,,,,1162.567,1174.0,,,,12.133,12.147,,,,7097.0,7097.0,7097.0,,-9.533,-5.3,,,,0.0,,,,,,,,,,22079.0,22108.0,0.0,0.0,30.0,0.0,30.0,0.0,30.0,0.0,0.0,0.0,0.0,0.0,0.0,0.0,0.0,0.0,battery2_v
2020-07-24T19:00:00Z,30.0,30.0,,,,,1180.4,1198.0,,,,12.124,12.133,,,,7097.0,7097.0,7097.0,,-9.167,-3.233,,,,0.0,,,,,,,,,,22109.0,22138.0,0.0,0.0,30.0,0.0,30.0,0.0,30.0,0.0,0.0,0.0,0.0,0.0,0.0,0.0,0.0,0.0,battery2_v
2020-07-24T20:00:00Z,30.0,30.0,,,,,1190.367,1209.0,,,,12.119,12.133,,,,7097.0,7097.0,7097.0,,-9.033,1.567,,,,0.0,,,,,,,,,,22139.0,22168.0,0.0,0.0,30.0,0.0,30.0,0.0,30.0,0.0,0.0,0.0,0.0,0.0,0.0,0.0,0.0,0.0,battery2_v
2020-07-24T21:00:00Z,30.0,30.0,,,,,1208.967,1233.0,,,,12.11,12.124,,,,7097.0,7097.0,7097.0,,-8.967,0.267,,,,0.0,,,,,,,,,,22169.0,22198.0,0.0,0.0,30.0,0.0,30.0,0.0,30.0,0.0,0.0,0.0,0.0,0.0,0.0,0.0,0.0,0.0,battery2_v
2020-07-24T22:00:00Z,30.0,30.0,,,,,2834.467,11611.0,,,,12.105,12.119,,,,7097.0,7097.0,7097.0,,-8.667,6.133,,,,0.0,,,,,,,,,,22199.0,22228.0,0.0,0.0,30.0,0.0,30.0,0.0,30.0,0.0,0.0,0.0,0.0,0.0,0.0,0.0,0.0,0.0,battery2_v
2020-07-24T23:00:00Z,30.0,30.0,,,,,7265.233,16408.0,,,,12.105,12.128,,,,7097.0,7097.0,7097.0,,-7.033,11.533,,,,0.0,,,,,,,,,,22229.0,22258.0,0.0,0.0,30.0,0.0,30.0,0.0,30.0,0.0,0.0,0.0,0.0,0.0,0.0,0.0,0.0,0.0,battery2_v
2020-07-25T00:00:00Z,30.0,30.0,,,,,13755.933,13834.0,,,,12.114,12.228,,,,7097.0,7097.0,7097.0,,19.034,32.567,,,,0.0,,,,,,,,,,22259.0,22288.0,0.0,0.0,30.0,0.0,30.0,0.0,30.0,0.0,0.0,2.0,0.0,0.0,0.0,0.0,0.0,0.0,battery2_v
2020-07-25T01:00:00Z,30.0,30.0,,,,,13694.333,17355.0,,,,12.228,12.393,,,,7097.0,7097.0,7097.0,,67.967,85.433,,,,0.0,,,,,,,,,,22289.0,22318.0,0.0,0.0,30.0,0.0,30.0,0.0,30.0,0.0,25.0,28.0,0.0,0.0,0.0,0.0,0.0,0.0,battery2_v
2020-07-25T02:00:00Z,30.0,30.0,,,,,14926.333,21953.0,,,,12.251,12.625,,,,7097.0,7097.0,7097.0,,86.433,101.2,,,,0.0,,,,,,,,,,22319.0,22348.0,0.0,0.0,30.0,0.0,30.0,0.0,30.0,0.0,22.0,23.0,0.0,0.0,0.0,0.0,0.0,0.0,battery2_v
2020-07-25T03:00:00Z,29.0,29.0,,,,,13173.897,13471.0,,,,12.422,12.758,,,,7097.0,7097.0,7097.0,,136.172,139.414,,,,0.0,,,,,,,,,,22349.0,22378.0,0.0,0.0,29.0,0.0,29.0,0.0,29.0,0.0,26.0,26.0,0.0,0.0,0.0,0.0,0.0,0.0,battery2_v
2020-07-25T04:00:00Z,30.0,30.0,,,,,13138.2,13494.0,,,,12.412,12.777,,,,7097.0,7097.0,7097.0,,136.7,132.133,,,,0.0,,,,,,,,,,22379.0,22408.0,0.0,0.0,30.0,0.0,30.0,0.0,30.0,0.0,24.0,24.0,0.0,0.0,0.0,0.0,0.0,0.0,battery2_v
2020-07-25T05:00:00Z,31.0,31.0,,,,,14487.645,22176.0,,,,12.081,12.814,,,,7097.0,7097.0,7097.0,,71.065,54.161,,,,0.032,,,,,,,,,,22409.0,22439.0,0.0,0.0,31.0,0.0,31.0,0.0,31.0,0.0,15.0,16.0,0.0,0.0,0.0,0.0,0.0,0.0,battery2_v
2020-07-25T06:00:00Z,30.0,30.0,,,,,13078.6,13483.0,,,,12.417,12.772,,,,7097.0,7097.0,7097.0,,134.933,119.5,,,,0.0,,,,,,,,,,22440.0,22469.0,0.0,0.0,30.0,0.0,30.0,0.0,30.0,0.0,28.0,27.0,0.0,0.0,0.0,0.0,0.0,0.0,battery2_v
2020-07-25T07:00:00Z,30.0,30.0,,,,,13322.233,13541.0,,,,12.36,12.72,,,,7097.0,7097.0,7097.0,,64.767,39.9,,,,0.0,,,,,,,,,,22470.0,22499.0,0.0,0.0,30.0,0.0,30.0,0.0,30.0,0.0,15.0,14.0,0.0,0.0,0.0,0.0,0.0,0.0,battery2_v
2020-07-25T08:00:00Z,30.0,30.0,,,,,14603.033,21485.0,,,,12.384,12.734,,,,7097.0,7097.0,7097.0,,59.9,21.667,,,,0.0,,,,,,,,,,22500.0,22529.0,0.0,0.0,30.0,0.0,30.0,0.0,30.0,0.0,23.0,8.0,0.0,0.0,0.0,0.0,0.0,0.0,battery2_v
2020-07-25T09:00:00Z,29.0,29.0,,,,,13413.103,13541.0,,,,12.341,12.772,,,,7097.0,7097.0,7097.0,,39.552,-4.966,,,,0.0,,,,,,,,,,22530.0,22559.0,0.0,0.0,29.0,0.0,29.0,0.0,29.0,0.0,6.0,3.0,0.0,0.0,0.0,0.0,0.0,0.0,battery2_v
2020-07-25T10:00:00Z,30.0,30.0,,,,,5023.4,13974.0,,,,12.195,12.881,,,,7097.0,7097.0,7097.0,,57.367,8.833,,,,0.133,,,,,,,,,,22560.0,22589.0,0.0,0.0,30.0,0.0,30.0,0.0,30.0,0.0,20.0,20.0,0.0,0.0,0.0,0.0,0.0,0.0,battery2_v
2020-07-25T11:00:00Z,30.0,30.0,,,,,849.967,4895.0,,,,12.275,12.635,,,,7097.0,7097.0,7097.0,,36.833,17.9,,,,0.0,,,,,,,,,,22590.0,22619.0,0.0,0.0,21.0,0.0,30.0,0.0,30.0,0.0,12.0,9.0,0.0,0.0,0.0,0.0,0.0,0.0,battery2_v
2020-07-25T12:00:00Z,29.0,29.0,,,,,677.207,882.0,,,,12.251,12.502,,,,7097.0,7097.0,7097.0,,-3.655,-23.138,,,,0.0,,,,,,,,,,22621.0,22649.0,0.0,0.0,27.0,0.0,29.0,0.0,29.0,0.0,1.0,0.0,0.0,0.0,0.0,0.0,0.0,0.0,battery2_v
2020-07-25T13:00:00Z,30.0,30.0,,,,,908.2,940.0,,,,12.228,12.251,,,,7097.0,7097.0,7097.0,,-10.633,-27.4,,,,0.0,,,,,,,,,,22650.0,22679.0,0.0,0.0,30.0,0.0,30.0,0.0,30.0,0.0,0.0,0.0,0.0,0.0,0.0,0.0,0.0,0.0,battery2_v
2020-07-25T14:00:00Z,30.0,30.0,,,,,960.167,987.0,,,,12.204,12.233,,,,7097.0,7097.0,7097.0,,-12.033,-46.867,,,,0.0,,,,,,,,,,22680.0,22709.0,0.0,0.0,30.0,0.0,30.0,0.0,30.0,0.0,0.0,20.0,0.0,0.0,0.0,0.0,0.0,0.0,battery2_v
2020-07-25T15:00:00Z,30.0,30.0,,,,,992.5,1022.0,,,,12.195,12.214,,,,7097.0,7097.0,7097.0,,-12.4,-49.8,,,,0.0,,,,,,,,,,22710.0,22739.0,0.0,0.0,30.0,0.0,30.0,0.0,30.0,0.0,0.0,20.0,0.0,0.0,0.0,0.0,0.0,0.0,battery2_v
2020-07-25T16:00:00Z,30.0,30.0,,,,,1017.633,1034.0,,,,12.185,12.204,,,,7097.0,7097.0,7097.0,,-12.0,-45.467,,,,0.0,,,,,,,,,,22740.0,22769.0,0.0,0.0,30.0,0.0,30.0,0.0,30.0,0.0,0.0,10.0,0.0,0.0,0.0,0.0,0.0,0.0,battery2_v
2020-07-25T17:00:00Z,30.0,30.0,,,,,1037.967,1057.0,,,,12.171,12.195,,,,7097.0,7097.0,7097.0,,-11.633,-39.4,,,,0.0,,,,,,,,,,22770.0,22799.0,0.0,0.0,30.0,0.0,30.0,0.0,30.0,0.0,0.0,4.0,0.0,0.0,0.0,0.0,0.0,0.0,battery2_v
2020-07-25T18:00:00Z,30.0,30.0,,,,,1057.033,1081.0,,,,12.171,12.19,,,,7097.0,7097.0,7097.0,,-11.133,-33.933,,,,0.0,,,,,,,,,,22800.0,22829.0,0.0,0.0,30.0,0.0,30.0,0.0,30.0,0.0,0.0,0.0,0.0,0.0,0.0,0.0,0.0,0.0,battery2_v
2020-07-25T19:00:00Z,30.0,30.0,,,,,1072.967,1092.0,,,,12.166,12.181,,,,7097.0,7097.0,7097.0,,-10.9,-29.4,,,,0.0,,,,,,,,,,22830.0,22859.0,0.0,0.0,30.0,0.0,30.0,0.0,30.0,0.0,0.0,0.0,0.0,0.0,0.0,0.0,0.0,0.0,battery2_v
2020-07-25T20:00:00Z,29.0,29.0,,,,,1086.276,1104.0,,,,12.162,12.176,,,,7097.0,7097.0,7097.0,,-10.621,-21.759,,,,0.0,,,,,,,,,,22860.0,22889.0,0.0,0.0,29.0,0.0,29.0,0.0,29.0,0.0,0.0,0.0,0.0,0.0,0.0,0.0,0.0,0.0,battery2_v
2020-07-25T21:00:00Z,30.0,30.0,,,,,1102.067,1127.0,,,,12.152,12.171,,,,7097.0,7097.0,7097.0,,-10.3,-16.3,,,,0.0,,,,,,,,,,22890.0,22919.0,0.0,0.0,30.0,0.0,30.0,0.0,30.0,0.0,0.0,0.0,0.0,0.0,0.0,0.0,0.0,0.0,battery2_v
2020-07-25T22:00:00Z,28.0,28.0,,,,,2018.607,5129.0,,,,12.147,12.162,,,,7097.0,7097.0,7097.0,,-10.0,-13.179,,,,0.0,,,,,,,,,,22920.0,22947.0,0.0,0.0,28.0,0.0,28.0,0.0,28.0,0.0,0.0,0.0,0.0,0.0,0.0,0.0,0.0,0.0,battery2_v
2020-07-25T23:00:00Z,30.0,30.0,,,,,9815.4,15460.0,,,,12.147,12.195,,,,7097.0,7097.0,7097.0,,-3.2,-5.433,,,,0.0,,,,,,,,,,22950.0,22979.0,0.0,0.0,30.0,0.0,30.0,0.0,30.0,0.0,0.0,0.0,0.0,0.0,0.0,0.0,0.0,0.0,battery2_v
2020-07-26T00:00:00Z,30.0,30.0,,,,,13699.767,14933.0,,,,12.152,12.341,,,,7097.0,7097.0,7097.0,,27.533,23.567,,,,0.0,,,,,,,,,,22980.0,23009.0,0.0,0.0,30.0,0.0,30.0,0.0,30.0,0.0,2.0,2.0,0.0,0.0,0.0,0.0,0.0,0.0,battery2_v
2020-07-26T01:00:00Z,31.0,31.0,,,,,13605.548,13705.0,,,,12.209,12.412,,,,7097.0,7097.0,7097.0,,39.806,37.323,,,,0.0,,,,,,,,,,23010.0,23040.0,0.0,0.0,31.0,0.0,31.0,0.0,31.0,0.0,10.0,10.0,0.0,0.0,0.0,0.0,0.0,0.0,battery2_v
2020-07-26T02:00:00Z,30.0,30.0,,,,,13444.267,14044.0,,,,11.944,12.814,,,,7097.0,7097.0,7097.0,,82.467,53.4,,,,0.1,,,,,,,,,,23041.0,23070.0,0.0,0.0,30.0,0.0,30.0,0.0,30.0,0.0,19.0,17.0,0.0,0.0,0.0,0.0,0.0,0.0,battery2_v
2020-07-26T03:00:00Z,30.0,30.0,,,,,14535.867,22878.0,,,,12.034,13.008,,,,7097.0,7097.0,7097.0,,55.414,-105.1,,,,0.6,,,,,,,,,,23071.0,23100.0,0.0,0.0,30.0,0.0,30.0,0.0,30.0,0.0,20.0,29.0,0.0,0.0,0.0,0.0,0.0,0.0,battery2_v
2020-07-26T04:00:00Z,30.0,30.0,,,,,13253.667,13951.0,,,,12.015,13.06,,,,7097.0,7097.0,7097.0,,100.167,25.933,,,,0.267,,,,,,,,,,23101.0,23130.0,0.0,0.0,30.0,0.0,30.0,0.0,30.0,0.0,23.0,24.0,0.0,0.0,0.0,0.0,0.0,0.0,battery2_v
2020-07-26T05:00:00Z,30.0,30.0,,,,,13372.2,13845.0,,,,12.128,13.089,,,,7097.0,7097.0,7097.0,,71.533,-47.0,,,,0.367,,,,,,,,,,23131.0,23160.0,0.0,0.0,30.0,0.0,30.0,0.0,30.0,0.0,21.0,21.0,0.0,0.0,0.0,0.0,0.0,0.0,battery2_v
2020-07-26T06:00:00Z,30.0,30.0,,,,,14081.2,21918.0,,,,12.289,13.117,,,,7097.0,7097.0,7097.0,,106.2,27.633,,,,0.233,,,,,,,,,,23161.0,23190.0,0.0,0.0,30.0,0.0,30.0,0.0,30.0,0.0,21.0,26.0,0.0,0.0,0.0,0.0,0.0,0.0,battery2_v
2020-07-26T07:00:00Z,30.0,30.0,,,,,13370.967,13798.0,,,,12.166,13.15,,,,7097.0,7097.0,7097.0,,56.567,-117.367,,,,0.5,,,,,,,,,,23191.0,23220.0,0.0,0.0,30.0,0.0,30.0,0.0,30.0,0.0,26.0,26.0,0.0,0.0,0.0,0.0,0.0,0.0,battery2_v
2020-07-26T08:00:00Z,30.0,30.0,,,,,13245.833,13775.0,,,,12.171,13.065,,,,7097.0,7097.0,7097.0,,72.933,-14.0,,,,0.167,,,,,,,,,,23221.0,23250.0,0.0,0.0,30.0,0.0,30.0,0.0,30.0,0.0,30.0,10.0,0.0,0.0,0.0,0.0,0.0,0.0,battery2_v
2020-07-26T09:00:00Z,30.0,30.0,,,,,11765.333,13564.0,,,,12.294,12.545,,,,7097.0,7097.0,7097.0,,29.6,-21.167,,,,0.0,,,,,,,,,,23251.0,23280.0,0.0,0.0,30.0,0.0,30.0,0.0,30.0,0.0,6.0,6.0,0.0,0.0,0.0,0.0,0.0,0.0,battery2_v
2020-07-26T10:00:00Z,29.0,29.0,,,,,2751.241,3853.0,,,,12.28,12.687,,,,7097.0,7097.0,7097.0,,24.379,-10.069,,,,0.0,,,,,,,,,,23281.0,23310.0,0.0,0.0,29.0,0.0,29.0,0.0,29.0,0.0,7.0,12.0,0.0,0.0,0.0,0.0,0.0,0.0,battery2_v
2020-07-26T11:00:00Z,30.0,30.0,,,,,665.367,2988.0,,,,12.299,12.597,,,,7097.0,7097.0,7097.0,,28.567,-0.3,,,,0.0,,,,,,,,,,23311.0,23340.0,0.0,0.0,19.0,0.0,30.0,0.0,30.0,0.0,7.0,3.0,0.0,0.0,0.0,0.0,0.0,0.0,battery2_v
2020-07-26T12:00:00Z,29.0,29.0,,,,,548.793,858.0,,,,12.261,12.568,,,,7097.0,7097.0,7097.0,,3.103,-31.31,,,,0.0,,,,,,,,,,23341.0,23370.0,0.0,0.0,20.0,0.0,29.0,0.0,29.0,0.0,2.0,7.0,0.0,0.0,0.0,0.0,0.0,0.0,battery2_v
2020-07-26T13:00:00Z,30.0,30.0,,,,,875.1,917.0,,,,12.237,12.266,,,,7097.0,7097.0,7097.0,,-12.033,-48.867,,,,0.0,,,,,,,,,,23371.0,23400.0,0.0,0.0,30.0,0.0,30.0,0.0,30.0,0.0,0.0,13.0,0.0,0.0,0.0,0.0,0.0,0.0,battery2_v
2020-07-26T14:00:00Z,30.0,30.0,,,,,932.267,952.0,,,,12.223,12.237,,,,7097.0,7097.0,7097.0,,-13.9,-68.467,,,,0.0,,,,,,,,,,23401.0,23430.0,0.0,0.0,30.0,0.0,30.0,0.0,30.0,0.0,0.0,30.0,0.0,0.0,0.0,0.0,0.0,0.0,battery2_v
2020-07-26T15:00:00Z,30.0,30.0,,,,,966.3,975.0,,,,12.204,12.228,,,,7097.0,7097.0,7097.0,,-13.367,-64.633,,,,0.0,,,,,,,,,,23431.0,23460.0,0.0,0.0,30.0,0.0,30.0,0.0,30.0,0.0,0.0,30.0,0.0,0.0,0.0,0.0,0.0,0.0,battery2_v
2020-07-26T16:00:00Z,30.0,30.0,,,,,989.8,1010.0,,,,12.195,12.214,,,,7097.0,7097.0,7097.0,,-13.0,-58.7,,,,0.0,,,,,,,,,,23461.0,23490.0,0.0,0.0,30.0,0.0,30.0,0.0,30.0,0.0,0.0,30.0,0.0,0.0,0.0,0.0,0.0,0.0,battery2_v
2020-07-26T17:00:00Z,30.0,30.0,,,,,1011.033,1034.0,,,,12.19,12.209,,,,7097.0,7097.0,7097.0,,-12.7,-50.867,,,,0.0,,,,,,,,,,23491.0,23520.0,0.0,0.0,30.0,0.0,30.0,0.0,30.0,0.0,0.0,20.0,0.0,0.0,0.0,0.0,0.0,0.0,battery2_v
2020-07-26T18:00:00Z,29.0,29.0,,,,,1029.345,1057.0,,,,12.181,12.195,,,,7097.0,7097.0,7097.0,,-12.31,-46.966,,,,0.0,,,,,,,,,,23521.0,23550.0,0.0,0.0,29.0,0.0,29.0,0.0,29.0,0.0,0.0,11.0,0.0,0.0,0.0,0.0,0.0,0.0,battery2_v
2020-07-26T19:00:00Z,30.0,30.0,,,,,1044.533,1057.0,,,,12.176,12.195,,,,7097.0,7097.0,7097.0,,-11.9,-42.333,,,,0.0,,,,,,,,,,23551.0,23580.0,0.0,0.0,30.0,0.0,30.0,0.0,30.0,0.0,0.0,4.0,0.0,0.0,0.0,0.0,0.0,0.0,battery2_v
2020-07-26T20:00:00Z,30.0,30.0,,,,,1061.8,1081.0,,,,12.166,12.185,,,,7097.0,7097.0,7097.0,,-11.667,-38.8,,,,0.0,,,,,,,,,,23581.0,23610.0,0.0,0.0,30.0,0.0,30.0,0.0,30.0,0.0,0.0,2.0,0.0,0.0,0.0,0.0,0.0,0.0,battery2_v
2020-07-26T21:00:00Z,30.0,30.0,,,,,1077.3,1092.0,,,,12.162,12.181,,,,7097.0,7097.0,7097.0,,-11.1,-34.2,,,,0.0,,,,,,,,,,23611.0,23640.0,0.0,0.0,30.0,0.0,30.0,0.0,30.0,0.0,0.0,0.0,0.0,0.0,0.0,0.0,0.0,0.0,battery2_v
2020-07-26T22:00:00Z,31.0,31.0,,,,,3516.839,11014.0,,,,12.157,12.176,,,,7097.0,7097.0,7097.0,,-10.839,-26.774,,,,0.0,,,,,,,,,,23641.0,23671.0,0.0,0.0,31.0,0.0,31.0,0.0,31.0,0.0,0.0,0.0,0.0,0.0,0.0,0.0,0.0,0.0,battery2_v
2020-07-26T23:00:00Z,30.0,30.0,,,,,5199.7,13986.0,,,,12.152,12.166,,,,7097.0,7097.0,7097.0,,-10.9,-25.333,,,,0.0,,,,,,,,,,23672.0,23701.0,0.0,0.0,30.0,0.0,30.0,0.0,30.0,0.0,0.0,0.0,0.0,0.0,0.0,0.0,0.0,0.0,battery2_v
2020-07-27T00:00:00Z,30.0,30.0,,,,,13053.967,16150.0,,,,12.147,12.412,,,,7097.0,7097.0,7097.0,,22.966,8.833,,,,0.0,,,,,,,,,,23702.0,23731.0,0.0,0.0,30.0,0.0,30.0,0.0,30.0,0.0,9.0,8.0,0.0,0.0,0.0,0.0,0.0,0.0,battery2_v
2020-07-27T01:00:00Z,30.0,30.0,,,,,14565.567,21637.0,,,,12.251,12.526,,,,7097.0,7097.0,7097.0,,66.0,59.567,,,,0.0,,,,,,,,,,23732.0,23761.0,0.0,0.0,30.0,0.0,30.0,0.0,30.0,0.0,24.0,22.0,0.0,0.0,0.0,0.0,0.0,0.0,battery2_v
2020-07-27T02:00:00Z,30.0,30.0,,,,,13213.867,13588.0,,,,12.299,12.673,,,,7097.0,7097.0,7097.0,,119.8,112.567,,,,0.0,,,,,,,,,,23762.0,23791.0,0.0,0.0,30.0,0.0,30.0,0.0,30.0,0.0,29.0,29.0,0.0,0.0,0.0,0.0,0.0,0.0,battery2_v
2020-07-27T03:00:00Z,29.0,29.0,,,,,13087.103,13459.0,,,,12.427,12.762,,,,7097.0,7097.0,7097.0,,137.517,123.862,,,,0.0,,,,,,,,,,23792.0,23821.0,0.0,0.0,29.0,0.0,29.0,0.0,29.0,0.0,27.0,27.0,0.0,0.0,0.0,0.0,0.0,0.0,battery2_v
2020-07-27T04:00:00Z,30.0,30.0,,,,,13222.367,13646.0,,,,12.327,12.81,,,,7097.0,7097.0,7097.0,,93.333,-26.033,,,,0.433,,,,,,,,,,23822.0,23851.0,0.0,0.0,30.0,0.0,30.0,0.0,30.0,0.0,18.0,30.0,0.0,0.0,0.0,0.0,0.0,0.0,battery2_v
2020-07-27T05:00:00Z,30.0,30.0,,,,,14753.167,22024.0,,,,12.034,12.857,,,,7097.0,7097.0,7097.0,,-2.667,-243.133,,,,0.833,,,,,,,,,,23852.0,23881.0,0.0,0.0,30.0,0.0,30.0,0.0,30.0,0.0,9.0,30.0,0.0,0.0,0.0,0.0,0.0,0.0,battery2_v
2020-07-27T06:00:00Z,30.0,30.0,,,,,13684.167,13752.0,,,,12.199,12.412,,,,7097.0,7097.0,7097.0,,-14.567,-301.767,,,,0.967,,,,,,,,,,23882.0,23911.0,0.0,0.0,30.0,0.0,30.0,0.0,30.0,0.0,1.0,30.0,0.0,0.0,0.0,0.0,0.0,0.0,battery2_v
2020-07-27T07:00:00Z,29.0,29.0,,,,,13152.069,13202.0,,,,12.587,12.677,,,,7097.0,7097.0,7097.0,,111.966,50.724,,,,0.0,,,,,,,,,,23912.0,23941.0,0.0,0.0,29.0,0.0,29.0,0.0,29.0,0.0,29.0,15.0,0.0,0.0,0.0,0.0,0.0,0.0,battery2_v
2020-07-27T08:00:00Z,29.0,29.0,,,,,13804.517,21836.0,,,,12.091,12.848,,,,7097.0,7097.0,7097.0,,64.069,-23.552,,,,0.069,,,,,,,,,,23942.0,23971.0,0.0,0.0,29.0,0.0,29.0,0.0,29.0,0.0,26.0,2.0,0.0,0.0,0.0,0.0,0.0,0.0,battery2_v
2020-07-27T09:00:00Z,30.0,30.0,,,,,14420.033,21052.0,,,,12.039,13.013,,,,7097.0,7097.0,7097.0,,35.467,-79.2,,,,0.2,,,,,,,,,,23972.0,24001.0,0.0,0.0,30.0,0.0,30.0,0.0,30.0,0.0,6.0,22.0,0.0,0.0,0.0,0.0,0.0,0.0,battery2_v
2020-07-27T10:00:00Z,30.0,30.0,,,,,5011.367,13986.0,,,,11.991,12.796,,,,7097.0,7097.0,7097.0,,56.067,-9.767,,,,0.033,,,,,,,,,,24002.0,24031.0,0.0,0.0,30.0,0.0,30.0,0.0,30.0,0.0,14.0,18.0,0.0,0.0,0.0,0.0,0.0,0.0,battery2_v
2020-07-27T11:00:00Z,30.0,30.0,,,,,871.033,4591.0,,,,12.1,13.023,,,,7097.0,7097.0,7097.0,,34.6,-15.033,,,,0.067,,,,,,,,,,24032.0,24061.0,0.0,0.0,18.0,0.0,30.0,0.0,30.0,0.0,10.0,15.0,0.0,0.0,0.0,0.0,0.0,0.0,battery2_v
2020-07-27T12:00:00Z,30.0,30.0,,,,,624.6,823.0,,,,12.27,12.427,,,,7097.0,7097.0,7097.0,,-6.467,-55.033,,,,0.0,,,,,,,,,,24062.0,24091.0,0.0,0.0,27.0,0.0,30.0,0.0,30.0,0.0,0.0,25.0,0.0,0.0,0.0,0.0,0.0,0.0,battery2_v
2020-07-27T13:00:00Z,30.0,30.0,,,,,701.433,870.0,,,,12.251,12.469,,,,7097.0,7097.0,7097.0,,-4.633,-54.4,,,,0.0,,,,,,,,,,24092.0,24121.0,0.0,0.0,27.0,0.0,30.0,0.0,30.0,0.0,2.0,26.0,0.0,0.0,0.0,0.0,0.0,0.0,battery2_v
2020-07-27T14:00:00Z,30.0,30.0,,,,,844.4,917.0,,,,12.237,12.351,,,,7097.0,7097.0,7097.0,,-11.633,-70.6,,,,0.0,,,,,,,,,,24122.0,24151.0,0.0,0.0,29.0,0.0,30.0,0.0,30.0,0.0,1.0,27.0,0.0,0.0,0.0,0.0,0.0,0.0,battery2_v
2020-07-27T15:00:00Z,30.0,30.0,,,,,781.467,940.0,,,,12.233,12.384,,,,7097.0,7097.0,7097.0,,-10.034,-77.0,,,,0.0,,,,,,,,,,24152.0,24181.0,0.0,0.0,27.0,0.0,30.0,0.0,30.0,0.0,1.0,28.0,0.0,0.0,0.0,0.0,0.0,0.0,battery2_v
2020-07-27T16:00:00Z,30.0,30.0,,,,,945.967,987.0,,,,12.209,12.233,,,,7097.0,7097.0,7097.0,,-14.433,-75.5,,,,0.0,,,,,,,,,,24182.0,24211.0,0.0,0.0,30.0,0.0,30.0,0.0,30.0,0.0,0.0,30.0,0.0,0.0,0.0,0.0,0.0,0.0,battery2_v
2020-07-27T17:00:00Z,30.0,30.0,,,,,969.9,987.0,,,,12.209,12.223,,,,7097.0,7097.0,7097.0,,-13.633,-67.0,,,,0.0,,,,,,,,,,24212.0,24241.0,0.0,0.0,30.0,0.0,30.0,0.0,30.0,0.0,0.0,30.0,0.0,0.0,0.0,0.0,0.0,0.0,battery2_v
2020-07-27T18:00:00Z,30.0,30.0,,,,,983.533,999.0,,,,12.199,12.223,,,,7097.0,7097.0,7097.0,,-13.2,-61.9,,,,0.0,,,,,,,,,,24242.0,24271.0,0.0,0.0,30.0,0.0,30.0,0.0,30.0,0.0,0.0,30.0,0.0,0.0,0.0,0.0,0.0,0.0,battery2_v
2020-07-27T19:00:00Z,30.0,30.0,,,,,996.833,1010.0,,,,12.199,12.209,,,,7097.0,7097.0,7097.0,,-12.9,-55.433,,,,0.0,,,,,,,,,,24272.0,24301.0,0.0,0.0,30.0,0.0,30.0,0.0,30.0,0.0,0.0,29.0,0.0,0.0,0.0,0.0,0.0,0.0,battery2_v
2020-07-27T20:00:00Z,30.0,30.0,,,,,1014.1,1022.0,,,,12.19,12.204,,,,7097.0,7097.0,7097.0,,-12.533,-48.3,,,,0.0,,,,,,,,,,24302.0,24331.0,0.0,0.0,30.0,0.0,30.0,0.0,30.0,0.0,0.0,15.0,0.0,0.0,0.0,0.0,0.0,0.0,battery2_v
2020-07-27T21:00:00Z,30.0,30.0,,,,,1034.167,1057.0,,,,12.181,12.199,,,,7097.0,7097.0,7097.0,,-12.167,-45.167,,,,0.0,,,,,,,,,,24332.0,24361.0,0.0,0.0,30.0,0.0,30.0,0.0,30.0,0.0,0.0,9.0,0.0,0.0,0.0,0.0,0.0,0.0,battery2_v
2020-07-27T22:00:00Z,31.0,31.0,,,,,3505.742,13529.0,,,,12.181,12.19,,,,7097.0,7097.0,7097.0,,-11.871,-40.258,,,,0.0,,,,,,,,,,24362.0,24392.0,0.0,0.0,31.0,0.0,31.0,0.0,31.0,0.0,0.0,3.0,0.0,0.0,0.0,0.0,0.0,0.0,battery2_v
2020-07-27T23:00:00Z,30.0,30.0,,,,,7508.567,20198.0,,,,12.176,12.204,,,,7097.0,7097.0,7097.0,,-9.433,-34.467,,,,0.0,,,,,,,,,,24393.0,24422.0,0.0,0.0,30.0,0.0,30.0,0.0,30.0,0.0,0.0,1.0,0.0,0.0,0.0,0.0,0.0,0.0,battery2_v
2020-07-28T00:00:00Z,30.0,30.0,,,,,14487.133,20971.0,,,,12.181,12.365,,,,7097.0,7097.0,7097.0,,25.933,-2.833,,,,0.0,,,,,,,,,,24423.0,24452.0,0.0,0.0,30.0,0.0,30.0,0.0,30.0,0.0,5.0,0.0,0.0,0.0,0.0,0.0,0.0,0.0,battery2_v
2020-07-28T01:00:00Z,30.0,30.0,,,,,13490.367,13658.0,,,,12.247,12.512,,,,7097.0,7097.0,7097.0,,65.667,36.867,,,,0.0,,,,,,,,,,24453.0,24482.0,0.0,0.0,30.0,0.0,30.0,0.0,30.0,0.0,26.0,13.0,0.0,0.0,0.0,0.0,0.0,0.0,battery2_v
2020-07-28T02:00:00Z,30.0,30.0,,,,,13418.233,13623.0,,,,12.275,12.673,,,,7097.0,7097.0,7097.0,,69.333,38.833,,,,0.0,,,,,,,,,,24483.0,24512.0,0.0,0.0,30.0,0.0,30.0,0.0,30.0,0.0,15.0,13.0,0.0,0.0,0.0,0.0,0.0,0.0,battery2_v
2020-07-28T03:00:00Z,30.0,30.0,,,,,15006.633,21930.0,,,,12.119,12.81,,,,7097.0,7097.0,7097.0,,95.633,53.367,,,,0.033,,,,,,,,,,24513.0,24542.0,0.0,0.0,30.0,0.0,30.0,0.0,30.0,0.0,19.0,19.0,0.0,0.0,0.0,0.0,0.0,0.0,battery2_v
2020-07-28T04:00:00Z,30.0,30.0,,,,,13480.167,13927.0,,,,12.043,12.838,,,,7097.0,7097.0,7097.0,,37.034,-182.433,,,,0.733,,,,,,,,,,24543.0,24572.0,0.0,0.0,30.0,0.0,30.0,0.0,30.0,0.0,12.0,27.0,0.0,0.0,0.0,0.0,0.0,0.0,battery2_v
2020-07-28T05:00:00Z,30.0,30.0,,,,,13615.6,13752.0,,,,12.199,12.587,,,,7097.0,7097.0,7097.0,,7.667,-244.233,,,,0.767,,,,,,,,,,24573.0,24602.0,0.0,0.0,30.0,0.0,30.0,0.0,30.0,0.0,6.0,27.0,0.0,0.0,0.0,0.0,0.0,0.0,battery2_v
2020-07-28T06:00:00Z,30.0,30.0,,,,,14028.067,20982.0,,,,12.337,12.677,,,,7097.0,7097.0,7097.0,,71.833,10.667,,,,0.0,,,,,,,,,,24603.0,24632.0,0.0,0.0,30.0,0.0,30.0,0.0,30.0,0.0,22.0,12.0,0.0,0.0,0.0,0.0,0.0,0.0,battery2_v
2020-07-28T07:00:00Z,30.0,30.0,,,,,13580.8,20877.0,,,,12.181,13.198,,,,7097.0,7097.0,7097.0,,63.533,-67.2,,,,0.267,,,,,,,,,,24633.0,24662.0,0.0,0.0,30.0,0.0,30.0,0.0,30.0,0.0,20.0,14.0,0.0,0.0,0.0,0.0,0.0,0.0,battery2_v
2020-07-28T08:00:00Z,29.0,29.0,,,,,13325.586,13892.0,,,,12.081,12.895,,,,7097.0,7097.0,7097.0,,54.966,-73.897,,,,0.172,,,,,,,,,,24663.0,24691.0,0.0,0.0,29.0,0.0,29.0,0.0,29.0,0.0,23.0,9.0,0.0,0.0,0.0,0.0,0.0,0.0,battery2_v
2020-07-28T09:00:00Z,28.0,28.0,,,,,13480.5,13600.0,,,,12.289,12.687,,,,7097.0,7097.0,7097.0,,19.571,-67.821,,,,0.0,,,,,,,,,,24693.0,24722.0,0.0,0.0,28.0,0.0,28.0,0.0,28.0,0.0,4.0,24.0,0.0,0.0,0.0,0.0,0.0,0.0,battery2_v
2020-07-28T10:00:00Z,29.0,29.0,,,,,6312.034,15986.0,,,,12.251,12.427,,,,7097.0,7097.0,7097.0,,-11.448,-80.276,,,,0.0,,,,,,,,,,24723.0,24752.0,0.0,0.0,29.0,0.0,29.0,0.0,29.0,0.0,1.0,29.0,0.0,0.0,0.0,0.0,0.0,0.0,battery2_v
2020-07-28T11:00:00Z,30.0,30.0,,,,,1584.033,5304.0,,,,12.233,12.256,,,,7097.0,7097.0,7097.0,,-13.7,-69.333,,,,0.0,,,,,,,,,,24753.0,24782.0,0.0,0.0,30.0,0.0,30.0,0.0,30.0,0.0,0.0,30.0,0.0,0.0,0.0,0.0,0.0,0.0,battery2_v
2020-07-28T12:00:00Z,30.0,30.0,,,,,906.933,928.0,,,,12.223,12.242,,,,7097.0,7097.0,7097.0,,-13.067,-63.767,,,,0.0,,,,,,,,,,24783.0,24812.0,0.0,0.0,30.0,0.0,30.0,0.0,30.0,0.0,0.0,30.0,0.0,0.0,0.0,0.0,0.0,0.0,battery2_v
2020-07-28T13:00:00Z,30.0,30.0,,,,,420.6,928.0,,,,12.223,12.535,,,,7097.0,7097.0,7097.0,,14.7,-24.833,,,,0.0,,,,,,,,,,24813.0,24842.0,0.0,0.0,21.0,0.0,30.0,0.0,30.0,0.0,5.0,11.0,0.0,0.0,0.0,0.0,0.0,0.0,battery2_v
2020-07-28T14:00:00Z,29.0,29.0,,,,,637.379,987.0,,,,12.209,12.469,,,,7097.0,7097.0,7097.0,,4.931,-47.897,,,,0.0,,,,,,,,,,24843.0,24872.0,0.0,0.0,24.0,0.0,29.0,0.0,29.0,0.0,4.0,20.0,0.0,0.0,0.0,0.0,0.0,0.0,battery2_v
2020-07-28T15:00:00Z,30.0,30.0,,,,,787.233,999.0,,,,12.199,12.464,,,,7097.0,7097.0,7097.0,,-6.933,-61.4,,,,0.0,,,,,,,,,,24873.0,24902.0,0.0,0.0,29.0,0.0,30.0,0.0,30.0,0.0,1.0,28.0,0.0,0.0,0.0,0.0,0.0,0.0,battery2_v
2020-07-28T16:00:00Z,30.0,30.0,,,,,1004.533,1022.0,,,,12.19,12.209,,,,7097.0,7097.0,7097.0,,-13.6,-66.8,,,,0.0,,,,,,,,,,24903.0,24932.0,0.0,0.0,30.0,0.0,30.0,0.0,30.0,0.0,0.0,30.0,0.0,0.0,0.0,0.0,0.0,0.0,battery2_v
2020-07-28T17:00:00Z,30.0,30.0,,,,,1020.867,1045.0,,,,12.185,12.204,,,,7097.0,7097.0,7097.0,,-13.267,-61.067,,,,0.0,,,,,,,,,,24933.0,24962.0,0.0,0.0,30.0,0.0,30.0,0.0,30.0,0.0,0.0,30.0,0.0,0.0,0.0,0.0,0.0,0.0,battery2_v
2020-07-28T18:00:00Z,30.0,30.0,,,,,880.233,1081.0,,,,12.176,12.36,,,,7097.0,7097.0,7097.0,,-5.967,-46.9,,,,0.0,,,,,,,,,,24963.0,24992.0,0.0,0.0,27.0,0.0,30.0,0.0,30.0,0.0,1.0,26.0,0.0,0.0,0.0,0.0,0.0,0.0,battery2_v
2020-07-28T19:00:00Z,30.0,30.0,,,,,1078.433,1104.0,,,,12.176,12.185,,,,7097.0,7097.0,7097.0,,-12.1,-48.633,,,,0.0,,,,,,,,,,24993.0,25022.0,0.0,0.0,30.0,0.0,30.0,0.0,30.0,0.0,0.0,17.0,0.0,0.0,0.0,0.0,0.0,0.0,battery2_v
2020-07-28T20:00:00Z,29.0,29.0,,,,,1093.828,1116.0,,,,12.166,12.181,,,,7097.0,7097.0,7097.0,,-11.931,-40.345,,,,0.0,,,,,,,,,,25023.0,25052.0,0.0,0.0,29.0,0.0,29.0,0.0,29.0,0.0,0.0,3.0,0.0,0.0,0.0,0.0,0.0,0.0,battery2_v
2020-07-28T21:00:00Z,29.0,29.0,,,,,1103.207,1116.0,,,,12.162,12.176,,,,7097.0,7097.0,7097.0,,-11.276,-32.724,,,,0.0,,,,,,,,,,25053.0,25082.0,0.0,0.0,29.0,0.0,29.0,0.0,29.0,0.0,0.0,0.0,0.0,0.0,0.0,0.0,0.0,0.0,battery2_v
2020-07-28T22:00:00Z,30.0,30.0,,,,,2958.033,11751.0,,,,12.157,12.171,,,,7097.0,7097.0,7097.0,,-10.967,-27.9,,,,0.0,,,,,,,,,,25083.0,25112.0,0.0,0.0,30.0,0.0,30.0,0.0,30.0,0.0,0.0,0.0,0.0,0.0,0.0,0.0,0.0,0.0,battery2_v
2020-07-28T23:00:00Z,30.0,30.0,,,,,6266.433,16443.0,,,,12.152,12.176,,,,7097.0,7097.0,7097.0,,-10.655,-23.0,,,,0.0,,,,,,,,,,25113.0,25142.0,0.0,0.0,30.0,0.0,30.0,0.0,30.0,0.0,0.0,0.0,0.0,0.0,0.0,0.0,0.0,0.0,battery2_v
2020-07-29T00:00:00Z,29.0,29.0,,,,,14238.586,20339.0,,,,12.157,12.322,,,,7097.0,7097.0,7097.0,,25.31,11.448,,,,0.0,,,,,,,,,,25143.0,25172.0,0.0,0.0,29.0,0.0,29.0,0.0,29.0,0.0,0.0,0.0,0.0,0.0,0.0,0.0,0.0,0.0,battery2_v
2020-07-29T01:00:00Z,31.0,31.0,,,,,13496.806,13553.0,,,,12.322,12.483,,,,7097.0,7097.0,7097.0,,69.774,57.129,,,,0.0,,,,,,,,,,25173.0,25203.0,0.0,0.0,31.0,0.0,31.0,0.0,31.0,0.0,29.0,16.0,0.0,0.0,0.0,0.0,0.0,0.0,battery2_v
2020-07-29T02:00:00Z,30.0,30.0,,,,,13275.833,13506.0,,,,12.427,12.654,,,,7097.0,7097.0,7097.0,,103.567,91.567,,,,0.0,,,,,,,,,,25204.0,25233.0,0.0,0.0,30.0,0.0,30.0,0.0,30.0,0.0,28.0,27.0,0.0,0.0,0.0,0.0,0.0,0.0,battery2_v
2020-07-29T03:00:00Z,29.0,29.0,,,,,15008.862,21907.0,,,,12.015,13.056,,,,7097.0,7097.0,7097.0,,101.483,58.069,,,,0.172,,,,,,,,,,25234.0,25262.0,0.0,0.0,29.0,0.0,29.0,0.0,29.0,0.0,20.0,24.0,0.0,0.0,0.0,0.0,0.0,0.0,battery2_v
2020-07-29T04:00:00Z,30.0,30.0,,,,,13440.433,13892.0,,,,12.081,12.833,,,,7097.0,7097.0,7097.0,,41.148,-122.0,,,,0.567,,,,,,,,,,25263.0,25292.0,0.0,0.0,30.0,0.0,30.0,0.0,30.0,0.0,13.0,25.0,0.0,0.0,0.0,0.0,0.0,0.0,battery2_v
2020-07-29T05:00:00Z,30.0,30.0,,,,,13449.433,13857.0,,,,12.114,12.791,,,,7097.0,7097.0,7097.0,,46.9,-107.467,,,,0.5,,,,,,,,,,25293.0,25322.0,0.0,0.0,30.0,0.0,30.0,0.0,30.0,0.0,11.0,25.0,0.0,0.0,0.0,0.0,0.0,0.0,battery2_v
2020-07-29T06:00:00Z,31.0,31.0,,,,,13682.548,21731.0,,,,12.199,13.183,,,,7097.0,7097.0,7097.0,,101.323,42.903,,,,0.129,,,,,,,,,,25323.0,25353.0,0.0,0.0,31.0,0.0,31.0,0.0,31.0,0.0,24.0,26.0,0.0,0.0,0.0,0.0,0.0,0.0,battery2_v
2020-07-29T07:00:00Z,29.0,29.0,,,,,13663.069,21591.0,,,,12.365,12.758,,,,7097.0,7097.0,7097.0,,103.828,69.276,,,,0.0,,,,,,,,,,1.0,25372.0,0.0,0.0,29.0,0.0,29.0,0.0,29.0,0.0,27.0,29.0,0.0,0.0,0.0,0.0,0.0,0.0,battery2_v
2020-07-29T08:00:00Z,30.0,30.0,,,,,13253.7,13740.0,,,,12.199,12.9,,,,7097.0,7097.0,7097.0,,63.867,0.167,,,,0.067,,,,,,,,,,11.0,40.0,0.0,0.0,30.0,0.0,30.0,0.0,30.0,0.0,25.0,9.0,0.0,0.0,0.0,0.0,0.0,0.0,battery2_v
2020-07-29T09:00:00Z,30.0,30.0,,,,,13519.6,14828.0,,,,12.299,12.592,,,,7097.0,7097.0,7097.0,,15.034,-35.4,,,,0.0,,,,,,,,,,41.0,70.0,0.0,0.0,30.0,0.0,30.0,0.0,30.0,0.0,2.0,9.0,0.0,0.0,0.0,0.0,0.0,0.0,battery2_v
2020-07-29T10:00:00Z,30.0,30.0,,,,,4507.533,15799.0,,,,12.27,12.356,,,,7097.0,7097.0,7097.0,,-10.533,-43.933,,,,0.0,,,,,,,,,,71.0,100.0,0.0,0.0,30.0,0.0,30.0,0.0,30.0,0.0,0.0,11.0,0.0,0.0,0.0,0.0,0.0,0.0,battery2_v
2020-07-29T11:00:00Z,31.0,31.0,,,,,1205.323,3982.0,,,,12.261,12.777,,,,7097.0,7097.0,7097.0,,24.516,0.452,,,,0.0,,,,,,,,,,101.0,131.0,0.0,0.0,24.0,0.0,31.0,0.0,31.0,0.0,6.0,5.0,0.0,0.0,0.0,0.0,0.0,0.0,battery2_v
2020-07-29T12:00:00Z,28.0,28.0,,,,,839.857,928.0,,,,12.247,12.304,,,,7097.0,7097.0,7097.0,,-10.714,-36.75,,,,0.0,,,,,,,,,,132.0,161.0,0.0,0.0,28.0,0.0,28.0,0.0,28.0,0.0,0.0,2.0,0.0,0.0,0.0,0.0,0.0,0.0,battery2_v
2020-07-29T13:00:00Z,30.0,30.0,,,,,381.633,1233.0,,,,12.001,12.805,,,,7097.0,7097.0,7097.0,,34.733,10.233,,,,0.033,,,,,,,,,,162.0,191.0,0.0,0.0,16.0,0.0,30.0,0.0,30.0,0.0,9.0,12.0,0.0,0.0,0.0,0.0,0.0,0.0,battery2_v
2020-07-29T14:00:00Z,30.0,30.0,,,,,141.067,1326.0,,,,12.015,12.999,,,,7097.0,7097.0,7097.0,,42.833,-100.333,,,,0.367,,,,,,,,,,192.0,221.0,0.0,0.0,5.0,0.0,30.0,0.0,30.0,0.0,22.0,19.0,0.0,0.0,0.0,0.0,0.0,0.0,battery2_v
2020-07-29T15:00:00Z,30.0,30.0,,,,,309.033,788.0,,,,12.043,12.848,,,,7097.0,7097.0,7097.0,,26.7,-19.667,,,,0.033,,,,,,,,,,222.0,251.0,0.0,0.0,14.0,0.0,30.0,0.0,30.0,0.0,9.0,20.0,0.0,0.0,0.0,0.0,0.0,0.0,battery2_v
2020-07-29T16:00:00Z,30.0,30.0,,,,,673.4,882.0,,,,12.266,12.677,,,,7097.0,7097.0,7097.0,,1.667,-32.133,,,,0.0,,,,,,,,,,252.0,281.0,0.0,0.0,27.0,0.0,30.0,0.0,30.0,0.0,2.0,15.0,0.0,0.0,0.0,0.0,0.0,0.0,battery2_v
2020-07-29T17:00:00Z,29.0,29.0,,,,,880.034,940.0,,,,12.242,12.285,,,,7097.0,7097.0,7097.0,,-10.862,-40.31,,,,0.0,,,,,,,,,,282.0,311.0,0.0,0.0,29.0,0.0,29.0,0.0,29.0,0.0,0.0,3.0,0.0,0.0,0.0,0.0,0.0,0.0,battery2_v
2020-07-29T18:00:00Z,30.0,30.0,,,,,938.833,964.0,,,,12.228,12.247,,,,7097.0,7097.0,7097.0,,-11.267,-34.2,,,,0.0,,,,,,,,,,312.0,341.0,0.0,0.0,30.0,0.0,30.0,0.0,30.0,0.0,0.0,0.0,0.0,0.0,0.0,0.0,0.0,0.0,battery2_v
2020-07-29T19:00:00Z,30.0,30.0,,,,,962.933,987.0,,,,12.214,12.237,,,,7097.0,7097.0,7097.0,,-10.767,-27.933,,,,0.0,,,,,,,,,,343.0,371.0,0.0,0.0,30.0,0.0,30.0,0.0,30.0,0.0,0.0,0.0,0.0,0.0,0.0,0.0,0.0,0.0,battery2_v
2020-07-29T20:00:00Z,30.0,30.0,,,,,982.8,999.0,,,,12.209,12.228,,,,7097.0,7097.0,7097.0,,-10.3,-19.633,,,,0.0,,,,,,,,,,372.0,401.0,0.0,0.0,30.0,0.0,30.0,0.0,30.0,0.0,0.0,0.0,0.0,0.0,0.0,0.0,0.0,0.0,battery2_v
2020-07-29T21:00:00Z,30.0,30.0,,,,,1000.2,1022.0,,,,12.204,12.223,,,,7097.0,7097.0,7097.0,,-10.0,-14.067,,,,0.0,,,,,,,,,,402.0,431.0,0.0,0.0,30.0,0.0,30.0,0.0,30.0,0.0,0.0,0.0,0.0,0.0,0.0,0.0,0.0,0.0,battery2_v
2020-07-29T22:00:00Z,30.0,30.0,,,,,2643.167,11470.0,,,,12.195,12.214,,,,7097.0,7097.0,7097.0,,-9.733,-7.867,,,,0.0,,,,,,,,,,432.0,461.0,0.0,0.0,30.0,0.0,30.0,0.0,30.0,0.0,0.0,0.0,0.0,0.0,0.0,0.0,0.0,0.0,battery2_v
2020-07-29T23:00:00Z,30.0,30.0,,,,,7173.6,14372.0,,,,12.19,12.242,,,,7097.0,7097.0,7097.0,,-6.033,-2.467,,,,0.0,,,,,,,,,,462.0,491.0,0.0,0.0,30.0,0.0,30.0,0.0,30.0,0.0,0.0,0.0,0.0,0.0,0.0,0.0,0.0,0.0,battery2_v
2020-07-30T00:00:00Z,30.0,30.0,,,,,13607.267,13670.0,,,,12.242,12.493,,,,7097.0,7097.0,7097.0,,30.133,28.667,,,,0.0,,,,,,,,,,492.0,521.0,0.0,0.0,30.0,0.0,30.0,0.0,30.0,0.0,3.0,3.0,0.0,0.0,0.0,0.0,0.0,0.0,battery2_v
2020-07-30T01:00:00Z,30.0,30.0,,,,,14826.967,22375.0,,,,12.275,12.55,,,,7097.0,7097.0,7097.0,,52.067,47.7,,,,0.0,,,,,,,,,,522.0,551.0,0.0,0.0,30.0,0.0,30.0,0.0,30.0,0.0,18.0,14.0,0.0,0.0,0.0,0.0,0.0,0.0,battery2_v
2020-07-30T02:00:00Z,30.0,30.0,,,,,13266.533,13541.0,,,,12.346,12.753,,,,7097.0,7097.0,7097.0,,100.033,101.4,,,,0.0,,,,,,,,,,552.0,581.0,0.0,0.0,30.0,0.0,30.0,0.0,30.0,0.0,26.0,25.0,0.0,0.0,0.0,0.0,0.0,0.0,battery2_v
2020-07-30T03:00:00Z,30.0,30.0,,,,,13363.9,13904.0,,,,12.062,12.81,,,,7097.0,7097.0,7097.0,,58.133,-73.5,,,,0.533,,,,,,,,,,582.0,611.0,0.0,0.0,30.0,0.0,30.0,0.0,30.0,0.0,16.0,30.0,0.0,0.0,0.0,0.0,0.0,0.0,battery2_v
2020-07-30T04:00:00Z,30.0,30.0,,,,,14509.867,22655.0,,,,12.067,12.857,,,,7097.0,7097.0,7097.0,,55.69,-81.933,,,,0.467,,,,,,,,,,612.0,641.0,0.0,0.0,30.0,0.0,30.0,0.0,30.0,0.0,16.0,26.0,0.0,0.0,0.0,0.0,0.0,0.0,battery2_v
2020-07-30T05:00:00Z,30.0,30.0,,,,,14124.1,22667.0,,,,12.029,12.852,,,,7097.0,7097.0,7097.0,,12.967,-192.8,,,,0.767,,,,,,,,,,642.0,671.0,0.0,0.0,30.0,0.0,30.0,0.0,30.0,0.0,9.0,27.0,0.0,0.0,0.0,0.0,0.0,0.0,battery2_v
2020-07-30T06:00:00Z,30.0,30.0,,,,,13365.9,13915.0,,,,12.039,12.994,,,,7097.0,7097.0,7097.0,,52.533,-64.867,,,,0.367,,,,,,,,,,672.0,701.0,0.0,0.0,30.0,0.0,30.0,0.0,30.0,0.0,17.0,24.0,0.0,0.0,0.0,0.0,0.0,0.0,battery2_v
2020-07-30T07:00:00Z,30.0,30.0,,,,,12273.2,13904.0,,,,12.058,13.231,,,,7097.0,7097.0,7097.0,,50.933,-27.567,,,,0.2,,,,,,,,,,702.0,731.0,0.0,0.0,30.0,0.0,30.0,0.0,30.0,0.0,16.0,17.0,0.0,0.0,0.0,0.0,0.0,0.0,battery2_v
2020-07-30T08:00:00Z,30.0,30.0,,,,,12916.6,13834.0,,,,12.133,13.046,,,,7097.0,7097.0,7097.0,,53.9,-2.367,,,,0.067,,,,,,,,,,732.0,761.0,0.0,0.0,30.0,0.0,30.0,0.0,30.0,0.0,18.0,8.0,0.0,0.0,0.0,0.0,0.0,0.0,battery2_v
2020-07-30T09:00:00Z,30.0,30.0,,,,,12154.2,14863.0,,,,12.015,13.567,,,,7097.0,7097.0,7097.0,,41.667,-55.667,,,,0.233,,,,,,,,,,762.0,791.0,0.0,0.0,30.0,0.0,30.0,0.0,30.0,0.0,16.0,19.0,0.0,0.0,0.0,0.0,0.0,0.0,battery2_v
2020-07-30T10:00:00Z,30.0,30.0,,,,,3009.8,5363.0,,,,12.266,12.408,,,,7097.0,7097.0,7097.0,,-9.067,-27.7,,,,0.0,,,,,,,,,,792.0,821.0,0.0,0.0,30.0,0.0,30.0,0.0,30.0,0.0,0.0,0.0,0.0,0.0,0.0,0.0,0.0,0.0,battery2_v
2020-07-30T11:00:00Z,31.0,31.0,,,,,1483.29,4099.0,,,,12.251,12.266,,,,7097.0,7097.0,7097.0,,-10.387,-26.548,,,,0.0,,,,,,,,,,822.0,852.0,0.0,0.0,31.0,0.0,31.0,0.0,31.0,0.0,0.0,0.0,0.0,0.0,0.0,0.0,0.0,0.0,battery2_v
2020-07-30T12:00:00Z,30.0,30.0,,,,,685.033,905.0,,,,12.237,12.848,,,,7097.0,7097.0,7097.0,,10.8,-5.967,,,,0.033,,,,,,,,,,853.0,882.0,0.0,0.0,24.0,0.0,30.0,0.0,30.0,0.0,4.0,3.0,0.0,0.0,0.0,0.0,0.0,0.0,battery2_v
2020-07-30T13:00:00Z,29.0,29.0,,,,,305.379,1595.0,,,,11.958,13.051,,,,7097.0,7097.0,7097.0,,37.857,1.69,,,,0.207,,,,,,,,,,883.0,911.0,0.0,0.0,11.0,0.0,29.0,0.0,29.0,0.0,13.0,16.0,0.0,0.0,0.0,0.0,0.0,0.0,battery2_v
2020-07-30T14:00:00Z,30.0,30.0,,,,,845.933,952.0,,,,12.233,12.36,,,,7097.0,7097.0,7097.0,,-10.033,-47.1,,,,0.0,,,,,,,,,,912.0,941.0,0.0,0.0,29.0,0.0,30.0,0.0,30.0,0.0,0.0,21.0,0.0,0.0,0.0,0.0,0.0,0.0,battery2_v
2020-07-30T15:00:00Z,31.0,31.0,,,,,586.903,952.0,,,,12.233,12.791,,,,7097.0,7097.0,7097.0,,10.581,-14.29,,,,0.0,,,,,,,,,,942.0,972.0,0.0,0.0,24.0,0.0,31.0,0.0,31.0,0.0,2.0,9.0,0.0,0.0,0.0,0.0,0.0,0.0,battery2_v
2020-07-30T16:00:00Z,30.0,30.0,,,,,930.133,975.0,,,,12.218,12.256,,,,7097.0,7097.0,7097.0,,-10.967,-39.1,,,,0.0,,,,,,,,,,973.0,1002.0,0.0,0.0,30.0,0.0,30.0,0.0,30.0,0.0,0.0,3.0,0.0,0.0,0.0,0.0,0.0,0.0,battery2_v
2020-07-30T17:00:00Z,30.0,30.0,,,,,597.833,975.0,,,,12.214,12.408,,,,7097.0,7097.0,7097.0,,2.4,-14.967,,,,0.0,,,,,,,,,,1003.0,1032.0,0.0,0.0,25.0,0.0,30.0,0.0,30.0,0.0,2.0,2.0,0.0,0.0,0.0,0.0,0.0,0.0,battery2_v
2020-07-30T18:00:00Z,30.0,30.0,,,,,831.3,999.0,,,,12.204,12.455,,,,7097.0,7097.0,7097.0,,-3.31,-19.667,,,,0.0,,,,,,,,,,1033.0,1062.0,0.0,0.0,27.0,0.0,30.0,0.0,30.0,0.0,2.0,2.0,0.0,0.0,0.0,0.0,0.0,0.0,battery2_v
2020-07-30T19:00:00Z,30.0,30.0,,,,,936.367,1022.0,,,,12.199,12.294,,,,7097.0,7097.0,7097.0,,-8.533,-20.333,,,,0.0,,,,,,,,,,1063.0,1092.0,0.0,0.0,30.0,0.0,30.0,0.0,30.0,0.0,0.0,1.0,0.0,0.0,0.0,0.0,0.0,0.0,battery2_v
2020-07-30T20:00:00Z,30.0,30.0,,,,,1021.6,1045.0,,,,12.195,12.209,,,,7097.0,7097.0,7097.0,,-10.167,-17.7,,,,0.0,,,,,,,,,,1093.0,1122.0,0.0,0.0,30.0,0.0,30.0,0.0,30.0,0.0,0.0,0.0,0.0,0.0,0.0,0.0,0.0,0.0,battery2_v
2020-07-30T21:00:00Z,30.0,30.0,,,,,1031.8,1045.0,,,,12.185,12.204,,,,7097.0,7097.0,7097.0,,-10.033,-11.067,,,,0.0,,,,,,,,,,1123.0,1152.0,0.0,0.0,30.0,0.0,30.0,0.0,30.0,0.0,0.0,0.0,0.0,0.0,0.0,0.0,0.0,0.0,battery2_v
2020-07-30T22:00:00Z,30.0,30.0,,,,,1520.9,3561.0,,,,12.181,12.247,,,,7097.0,7097.0,7097.0,,-7.367,-8.533,,,,0.0,,,,,,,,,,1153.0,1182.0,0.0,0.0,30.0,0.0,30.0,0.0,30.0,0.0,0.0,0.0,0.0,0.0,0.0,0.0,0.0,0.0,battery2_v
2020-07-30T23:00:00Z,30.0,30.0,,,,,5221.5,13763.0,,,,12.181,12.431,,,,7097.0,7097.0,7097.0,,10.633,11.433,,,,0.0,,,,,,,,,,1183.0,1212.0,0.0,0.0,30.0,0.0,30.0,0.0,30.0,0.0,3.0,6.0,0.0,0.0,0.0,0.0,0.0,0.0,battery2_v
2020-07-31T00:00:00Z,30.0,30.0,,,,,8714.067,14968.0,,,,12.176,12.318,,,,7097.0,7097.0,7097.0,,-2.857,2.633,,,,0.0,,,,,,,,,,1213.0,1242.0,0.0,0.0,30.0,0.0,30.0,0.0,30.0,0.0,0.0,1.0,0.0,0.0,0.0,0.0,0.0,0.0,battery2_v
2020-07-31T01:00:00Z,30.0,30.0,,,,,14619.367,20760.0,,,,12.185,12.502,,,,7097.0,7097.0,7097.0,,16.8,18.0,,,,0.0,,,,,,,,,,1243.0,1272.0,0.0,0.0,30.0,0.0,30.0,0.0,30.0,0.0,3.0,3.0,0.0,0.0,0.0,0.0,0.0,0.0,battery2_v
2020-07-31T02:00:00Z,30.0,30.0,,,,,13525.433,13951.0,,,,12.048,13.217,,,,7097.0,7097.0,7097.0,,65.333,38.433,,,,0.1,,,,,,,,,,1273.0,1302.0,0.0,0.0,30.0,0.0,30.0,0.0,30.0,0.0,13.0,15.0,0.0,0.0,0.0,0.0,0.0,0.0,battery2_v
2020-07-31T03:00:00Z,30.0,30.0,,,,,13325.767,13880.0,,,,12.086,13.198,,,,7097.0,7097.0,7097.0,,88.367,-19.433,,,,0.5,,,,,,,,,,1303.0,1332.0,0.0,0.0,30.0,0.0,30.0,0.0,30.0,0.0,22.0,29.0,0.0,0.0,0.0,0.0,0.0,0.0,battery2_v
2020-07-31T04:00:00Z,30.0,30.0,,,,,14220.067,23077.0,,,,12.095,13.117,,,,7097.0,7097.0,7097.0,,73.067,-77.467,,,,0.6,,,,,,,,,,1333.0,1362.0,0.0,0.0,30.0,0.0,30.0,0.0,30.0,0.0,19.0,30.0,0.0,0.0,0.0,0.0,0.0,0.0,battery2_v
2020-07-31T05:00:00Z,30.0,30.0,,,,,13879.5,22550.0,,,,12.005,13.283,,,,7097.0,7097.0,7097.0,,67.6,-22.9,,,,0.333,,,,,,,,,,1363.0,1392.0,0.0,0.0,30.0,0.0,30.0,0.0,30.0,0.0,26.0,29.0,0.0,0.0,0.0,0.0,0.0,0.0,battery2_v
2020-07-31T06:00:00Z,30.0,30.0,,,,,13222.0,13845.0,,,,12.124,13.259,,,,7097.0,7097.0,7097.0,,95.103,-23.5,,,,0.4,,,,,,,,,,1393.0,1422.0,0.0,0.0,30.0,0.0,30.0,0.0,30.0,0.0,27.0,23.0,0.0,0.0,0.0,0.0,0.0,0.0,battery2_v
2020-07-31T07:00:00Z,30.0,30.0,,,,,13241.533,15401.0,,,,12.081,13.959,,,,7097.0,7097.0,7097.0,,120.367,-7.067,,,,0.467,,,,,,,,,,1423.0,1452.0,0.0,0.0,30.0,0.0,30.0,0.0,30.0,0.0,23.0,25.0,0.0,0.0,0.0,0.0,0.0,0.0,battery2_v
2020-07-31T08:00:00Z,30.0,30.0,,,,,14920.4,21146.0,,,,11.991,12.999,,,,7097.0,7097.0,7097.0,,36.933,-34.333,,,,0.2,,,,,,,,,,1453.0,1482.0,0.0,0.0,30.0,0.0,30.0,0.0,30.0,0.0,17.0,12.0,0.0,0.0,0.0,0.0,0.0,0.0,battery2_v
2020-07-31T09:00:00Z,30.0,30.0,,,,,10476.867,14290.0,,,,12.053,13.122,,,,7097.0,7097.0,7097.0,,40.69,-22.733,,,,0.233,,,,,,,,,,1483.0,1512.0,0.0,0.0,30.0,0.0,30.0,0.0,30.0,0.0,14.0,17.0,0.0,0.0,0.0,0.0,0.0,0.0,battery2_v
2020-07-31T10:00:00Z,30.0,30.0,,,,,2597.267,4731.0,,,,12.001,13.306,,,,7097.0,7097.0,7097.0,,38.6,19.133,,,,0.167,,,,,,,,,,1513.0,1542.0,0.0,0.0,30.0,0.0,30.0,0.0,30.0,0.0,15.0,15.0,0.0,0.0,0.0,0.0,0.0,0.0,battery2_v
2020-07-31T11:00:00Z,30.0,30.0,,,,,603.167,3198.0,,,,11.982,13.884,,,,7097.0,7097.0,7097.0,,60.367,50.367,,,,0.133,,,,,,,,,,1543.0,1572.0,0.0,0.0,15.0,0.0,30.0,0.0,30.0,0.0,11.0,12.0,0.0,0.0,0.0,0.0,0.0,0.0,battery2_v
2020-07-31T12:00:00Z,30.0,30.0,,,,,732.233,1525.0,,,,12.001,12.862,,,,7097.0,7097.0,7097.0,,-2.367,-6.1,,,,0.067,,,,,,,,,,1573.0,1602.0,0.0,0.0,27.0,0.0,30.0,0.0,30.0,0.0,3.0,3.0,0.0,0.0,0.0,0.0,0.0,0.0,battery2_v
2020-07-31T13:00:00Z,28.0,28.0,,,,,770.857,893.0,,,,12.261,12.445,,,,7097.0,7097.0,7097.0,,-3.964,-0.25,,,,0.0,,,,,,,,,,1603.0,1632.0,0.0,0.0,27.0,0.0,28.0,0.0,28.0,0.0,1.0,1.0,0.0,0.0,0.0,0.0,0.0,0.0,battery2_v
2020-07-31T14:00:00Z,29.0,29.0,,,,,676.0,917.0,,,,12.247,12.417,,,,7097.0,7097.0,7097.0,,-2.138,-7.655,,,,0.0,,,,,,,,,,1633.0,1662.0,0.0,0.0,24.0,0.0,29.0,0.0,29.0,0.0,0.0,3.0,0.0,0.0,0.0,0.0,0.0,0.0,battery2_v
2020-07-31T15:00:00Z,30.0,30.0,,,,,685.5,940.0,,,,12.233,12.72,,,,7097.0,7097.0,7097.0,,6.767,-4.667,,,,0.0,,,,,,,,,,1663.0,1692.0,0.0,0.0,25.0,0.0,30.0,0.0,30.0,0.0,4.0,1.0,0.0,0.0,0.0,0.0,0.0,0.0,battery2_v
2020-07-31T16:00:00Z,29.0,29.0,,,,,322.103,928.0,,,,12.251,12.554,,,,7097.0,7097.0,7097.0,,31.679,35.655,,,,0.0,,,,,,,,,,1693.0,1722.0,0.0,0.0,15.0,0.0,29.0,0.0,29.0,0.0,8.0,10.0,0.0,0.0,0.0,0.0,0.0,0.0,battery2_v
2020-07-31T17:00:00Z,30.0,30.0,,,,,580.3,964.0,,,,12.233,12.545,,,,7097.0,7097.0,7097.0,,7.967,8.933,,,,0.0,,,,,,,,,,1723.0,1752.0,0.0,0.0,24.0,0.0,30.0,0.0,30.0,0.0,2.0,2.0,0.0,0.0,0.0,0.0,0.0,0.0,battery2_v
2020-07-31T18:00:00Z,29.0,29.0,,,,,939.034,987.0,,,,12.223,12.285,,,,7097.0,7097.0,7097.0,,-8.069,1.276,,,,0.0,,,,,,,,,,1753.0,1782.0,0.0,0.0,29.0,0.0,29.0,0.0,29.0,0.0,0.0,0.0,0.0,0.0,0.0,0.0,0.0,0.0,battery2_v
2020-07-31T19:00:00Z,30.0,30.0,,,,,717.4,999.0,,,,12.214,12.45,,,,7097.0,7097.0,7097.0,,1.167,13.1,,,,0.0,,,,,,,,,,1783.0,1812.0,0.0,0.0,27.0,0.0,30.0,0.0,30.0,0.0,2.0,2.0,0.0,0.0,0.0,0.0,0.0,0.0,battery2_v
2020-07-31T20:00:00Z,29.0,29.0,,,,,319.379,987.0,,,,12.228,12.521,,,,7097.0,7097.0,7097.0,,23.0,34.655,,,,0.0,,,,,,,,,,1813.0,1842.0,0.0,0.0,17.0,0.0,29.0,0.0,29.0,0.0,6.0,6.0,0.0,0.0,0.0,0.0,0.0,0.0,battery2_v
2020-07-31T21:00:00Z,31.0,31.0,,,,,74.613,694.0,,,,12.28,12.663,,,,7097.0,7097.0,7097.0,,59.871,85.065,,,,0.0,,,,,,,,,,1843.0,1873.0,0.0,0.0,5.0,0.0,31.0,0.0,31.0,0.0,18.0,24.0,0.0,0.0,0.0,0.0,0.0,0.0,battery2_v
2020-07-31T22:00:00Z,28.0,28.0,,,,,555.357,3058.0,,,,12.015,12.975,,,,7097.0,7097.0,7097.0,,64.481,46.321,,,,0.107,,,,,,,,,,1874.0,1902.0,0.0,0.0,10.0,0.0,28.0,0.0,28.0,0.0,17.0,19.0,0.0,0.0,0.0,0.0,0.0,0.0,battery2_v
2020-07-31T23:00:00Z,31.0,31.0,,,,,4971.742,13518.0,,,,11.982,12.876,,,,7097.0,7097.0,7097.0,,36.4,27.839,,,,0.129,,,,,,,,,,1903.0,1933.0,0.0,0.0,31.0,0.0,31.0,0.0,31.0,0.0,16.0,19.0,0.0,0.0,0.0,0.0,0.0,0.0,battery2_v
2020-08-01T00:00:00Z,30.0,30.0,,,,,10506.033,15121.0,,,,12.043,12.971,,,,7097.0,7097.0,7097.0,,78.733,33.2,,,,0.267,,,,,,,,,,1934.0,1963.0,0.0,0.0,30.0,0.0,30.0,0.0,30.0,0.0,25.0,26.0,0.0,0.0,0.0,0.0,0.0,0.0,battery2_v
2020-08-01T01:00:00Z,30.0,30.0,,,,,13222.8,13810.0,,,,12.147,13.193,,,,7097.0,7097.0,7097.0,,67.3,-111.167,,,,0.8,,,,,,,,,,1964.0,1993.0,0.0,0.0,30.0,0.0,30.0,0.0,30.0,0.0,22.0,27.0,0.0,0.0,0.0,0.0,0.0,0.0,battery2_v
2020-08-01T02:00:00Z,30.0,30.0,,,,,14145.933,22105.0,,,,12.157,14.106,,,,7097.0,7097.0,7097.0,,112.033,-136.767,,,,0.967,,,,,,,,,,1994.0,2023.0,0.0,0.0,30.0,0.0,30.0,0.0,30.0,0.0,25.0,28.0,0.0,0.0,0.0,0.0,0.0,0.0,battery2_v
2020-08-01T03:00:00Z,30.0,30.0,,,,,12996.3,13810.0,,,,12.147,13.827,,,,7097.0,7097.0,7097.0,,133.6,-132.033,,,,0.967,,,,,,,,,,2024.0,2053.0,0.0,0.0,30.0,0.0,30.0,0.0,30.0,0.0,23.0,25.0,0.0,0.0,0.0,0.0,0.0,0.0,battery2_v
2020-08-01T04:00:00Z,30.0,30.0,,,,,12994.633,13775.0,,,,12.166,13.898,,,,7097.0,7097.0,7097.0,,128.733,-75.933,,,,0.933,,,,,,,,,,2054.0,2083.0,0.0,0.0,30.0,0.0,30.0,0.0,30.0,0.0,28.0,25.0,0.0,0.0,0.0,0.0,0.0,0.0,battery2_v
2020-08-01T05:00:00Z,30.0,30.0,,,,,14001.6,22948.0,,,,12.299,13.761,,,,7097.0,7097.0,7097.0,,74.8,-123.4,,,,1.0,,,,,,,,,,2084.0,2113.0,0.0,0.0,30.0,0.0,30.0,0.0,30.0,0.0,21.0,25.0,0.0,0.0,0.0,0.0,0.0,0.0,battery2_v
2020-08-01T06:00:00Z,30.0,30.0,,,,,13136.233,22082.0,,,,12.332,14.385,,,,7097.0,7097.0,7097.0,,183.6,-40.1,,,,1.0,,,,,,,,,,2114.0,2143.0,0.0,0.0,30.0,0.0,30.0,0.0,30.0,0.0,23.0,25.0,0.0,0.0,0.0,0.0,0.0,0.0,battery2_v
2020-08-01T07:00:00Z,30.0,30.0,,,,,14132.3,21766.0,,,,12.285,14.291,,,,7097.0,7097.0,7097.0,,202.533,-55.933,,,,1.0,,,,,,,,,,2144.0,2173.0,0.0,0.0,30.0,0.0,30.0,0.0,30.0,0.0,25.0,28.0,0.0,0.0,0.0,0.0,0.0,0.0,battery2_v
2020-08-01T08:00:00Z,30.0,30.0,,,,,12963.033,13752.0,,,,12.185,13.799,,,,7097.0,7097.0,7097.0,,114.333,-112.167,,,,0.967,,,,,,,,,,2174.0,2203.0,0.0,0.0,30.0,0.0,30.0,0.0,30.0,0.0,22.0,26.0,0.0,0.0,0.0,0.0,0.0,0.0,battery2_v
2020-08-01T09:00:00Z,30.0,30.0,,,,,9601.567,13775.0,,,,12.181,14.238,,,,7097.0,7097.0,7097.0,,63.633,-86.533,,,,0.867,,,,,,,,,,2204.0,2233.0,0.0,0.0,30.0,0.0,30.0,0.0,30.0,0.0,23.0,26.0,0.0,0.0,0.0,0.0,0.0,0.0,battery2_v
2020-08-01T10:00:00Z,30.0,30.0,,,,,2100.067,4286.0,,,,12.076,13.713,,,,7097.0,7097.0,7097.0,,58.5,23.067,,,,0.667,,,,,,,,,,2234.0,2263.0,0.0,0.0,28.0,0.0,30.0,0.0,30.0,0.0,21.0,26.0,0.0,0.0,0.0,0.0,0.0,0.0,battery2_v
2020-08-01T11:00:00Z,30.0,30.0,,,,,332.0,2602.0,,,,12.067,15.36,,,,7097.0,7097.0,7097.0,,90.633,8.967,,,,0.833,,,,,,,,,,2264.0,2293.0,0.0,0.0,6.0,0.0,30.0,0.0,30.0,0.0,21.0,26.0,0.0,0.0,0.0,0.0,0.0,0.0,battery2_v
2020-08-01T12:00:00Z,30.0,30.0,,,,,220.033,1162.0,,,,12.067,13.051,,,,7097.0,7097.0,7097.0,,23.833,67.4,,,,0.033,,,,,,,,,,2294.0,2323.0,0.0,0.0,14.0,0.0,30.0,0.0,30.0,0.0,8.0,16.0,0.0,0.0,0.0,0.0,0.0,0.0,battery2_v
2020-08-01T13:00:00Z,30.0,30.0,,,,,150.233,671.0,,,,12.11,12.805,,,,7097.0,7097.0,7097.0,,14.233,42.2,,,,0.067,,,,,,,,,,2324.0,2353.0,0.0,0.0,9.0,0.0,30.0,0.0,30.0,0.0,6.0,14.0,0.0,0.0,0.0,0.0,0.0,0.0,battery2_v
2020-08-01T14:00:00Z,30.0,30.0,,,,,151.667,706.0,,,,12.095,12.852,,,,7097.0,7097.0,7097.0,,10.467,-15.033,,,,0.267,,,,,,,,,,2354.0,2383.0,0.0,0.0,10.0,0.0,30.0,0.0,30.0,0.0,18.0,21.0,0.0,0.0,0.0,0.0,0.0,0.0,battery2_v
2020-08-01T15:00:00Z,30.0,30.0,,,,,188.0,624.0,,,,12.138,12.805,,,,7097.0,7097.0,7097.0,,20.733,38.5,,,,0.033,,,,,,,,,,2384.0,2413.0,0.0,0.0,13.0,0.0,30.0,0.0,30.0,0.0,6.0,10.0,0.0,0.0,0.0,0.0,0.0,0.0,battery2_v
2020-08-01T16:00:00Z,30.0,30.0,,,,,320.7,648.0,,,,12.379,12.734,,,,7097.0,7097.0,7097.0,,20.517,50.033,,,,0.0,,,,,,,,,,2414.0,2443.0,0.0,0.0,18.0,0.0,30.0,0.0,30.0,0.0,7.0,10.0,0.0,0.0,0.0,0.0,0.0,0.0,battery2_v
2020-08-01T17:00:00Z,30.0,30.0,,,,,284.633,648.0,,,,12.379,12.639,,,,7097.0,7097.0,7097.0,,17.767,56.033,,,,0.0,,,,,,,,,,2444.0,2473.0,0.0,0.0,15.0,0.0,30.0,0.0,30.0,0.0,5.0,12.0,0.0,0.0,0.0,0.0,0.0,0.0,battery2_v
2020-08-01T18:00:00Z,29.0,29.0,,,,,408.552,671.0,,,,12.119,12.848,,,,7097.0,7097.0,7097.0,,9.593,36.828,,,,0.034,,,,,,,,,,2474.0,2503.0,0.0,0.0,22.0,0.0,29.0,0.0,29.0,0.0,5.0,6.0,0.0,0.0,0.0,0.0,0.0,0.0,battery2_v
2020-08-01T19:00:00Z,30.0,30.0,,,,,663.1,683.0,,,,12.365,12.379,,,,7097.0,7097.0,7097.0,,-5.7,39.6,,,,0.0,,,,,,,,,,2504.0,2533.0,0.0,0.0,30.0,0.0,30.0,0.0,30.0,0.0,0.0,1.0,0.0,0.0,0.0,0.0,0.0,0.0,battery2_v
2020-08-01T20:00:00Z,30.0,30.0,,,,,676.5,694.0,,,,12.356,12.384,,,,7097.0,7097.0,7097.0,,-5.267,43.767,,,,0.0,,,,,,,,,,2534.0,2563.0,0.0,0.0,30.0,0.0,30.0,0.0,30.0,0.0,0.0,2.0,0.0,0.0,0.0,0.0,0.0,0.0,battery2_v
2020-08-01T21:00:00Z,30.0,30.0,,,,,573.867,718.0,,,,12.346,12.483,,,,7097.0,7097.0,7097.0,,-1.207,48.367,,,,0.0,,,,,,,,,,2564.0,2593.0,0.0,0.0,26.0,0.0,30.0,0.0,30.0,0.0,0.0,7.0,0.0,0.0,0.0,0.0,0.0,0.0,battery2_v
2020-08-01T22:00:00Z,31.0,31.0,,,,,1469.419,8393.0,,,,12.02,13.065,,,,7097.0,7097.0,7097.0,,47.226,58.613,,,,0.129,,,,,,,,,,2594.0,2624.0,0.0,0.0,17.0,0.0,31.0,0.0,31.0,0.0,16.0,22.0,0.0,0.0,0.0,0.0,0.0,0.0,battery2_v
2020-08-01T23:00:00Z,30.0,30.0,,,,,4505.533,14454.0,,,,12.043,13.094,,,,7097.0,7097.0,7097.0,,47.2,43.3,,,,0.133,,,,,,,,,,2625.0,2654.0,0.0,0.0,30.0,0.0,30.0,0.0,30.0,0.0,17.0,21.0,0.0,0.0,0.0,0.0,0.0,0.0,battery2_v
2020-08-02T00:00:00Z,30.0,30.0,,,,,12782.5,21439.0,,,,12.076,13.094,,,,7097.0,7097.0,7097.0,,24.444,75.333,,,,0.033,,,,,,,,,,2655.0,2684.0,0.0,0.0,30.0,0.0,30.0,0.0,30.0,0.0,3.0,24.0,0.0,0.0,0.0,0.0,0.0,0.0,battery2_v
2020-08-02T01:00:00Z,30.0,30.0,,,,,14093.333,21380.0,,,,12.114,13.122,,,,7097.0,7097.0,7097.0,,42.517,9.867,,,,0.4,,,,,,,,,,2685.0,2714.0,0.0,0.0,30.0,0.0,30.0,0.0,30.0,0.0,21.0,29.0,0.0,0.0,0.0,0.0,0.0,0.0,battery2_v
2020-08-02T02:00:00Z,30.0,30.0,,,,,13342.867,13670.0,,,,12.266,12.933,,,,7097.0,7097.0,7097.0,,38.9,-138.933,,,,1.0,,,,,,,,,,2715.0,2744.0,0.0,0.0,30.0,0.0,30.0,0.0,30.0,0.0,19.0,25.0,0.0,0.0,0.0,0.0,0.0,0.0,battery2_v
2020-08-02T03:00:00Z,30.0,30.0,,,,,12388.667,13915.0,,,,12.034,12.928,,,,7097.0,7097.0,7097.0,,1.1,-96.767,,,,0.667,,,,,,,,,,2745.0,2774.0,0.0,0.0,30.0,0.0,30.0,0.0,30.0,0.0,21.0,29.0,0.0,0.0,0.0,0.0,0.0,0.0,battery2_v
2020-08-02T04:00:00Z,30.0,30.0,,,,,2754.3,11260.0,,,,12.081,13.685,,,,7097.0,7097.0,7097.0,,46.167,58.867,,,,0.533,,,,,,,,,,2775.0,2804.0,0.0,0.0,29.0,0.0,30.0,0.0,30.0,0.0,18.0,26.0,0.0,0.0,0.0,0.0,0.0,0.0,battery2_v
2020-08-02T05:00:00Z,30.0,30.0,,,,,2406.533,3432.0,,,,12.157,12.947,,,,7097.0,7097.0,7097.0,,6.633,-23.767,,,,0.8,,,,,,,,,,2805.0,2834.0,0.0,0.0,30.0,0.0,30.0,0.0,30.0,0.0,23.0,24.0,0.0,0.0,0.0,0.0,0.0,0.0,battery2_v
2020-08-02T06:00:00Z,30.0,30.0,,,,,3204.067,3970.0,,,,12.091,12.635,,,,7097.0,7097.0,7097.0,,6.467,52.333,,,,0.033,,,,,,,,,,2835.0,2864.0,0.0,0.0,30.0,0.0,30.0,0.0,30.0,0.0,6.0,29.0,0.0,0.0,0.0,0.0,0.0,0.0,battery2_v
2020-08-02T07:00:00Z,30.0,30.0,,,,,13173.633,14910.0,,,,12.37,12.706,,,,7097.0,7097.0,7097.0,,22.833,63.333,,,,0.0,,,,,,,,,,2865.0,2894.0,0.0,0.0,30.0,0.0,30.0,0.0,30.0,0.0,6.0,15.0,0.0,0.0,0.0,0.0,0.0,0.0,battery2_v
2020-08-02T08:00:00Z,30.0,30.0,,,,,13096.333,14489.0,,,,12.417,12.677,,,,7097.0,7097.0,7097.0,,30.533,75.467,,,,0.0,,,,,,,,,,2895.0,2924.0,0.0,0.0,30.0,0.0,30.0,0.0,30.0,0.0,6.0,25.0,0.0,0.0,0.0,0.0,0.0,0.0,battery2_v
2020-08-02T09:00:00Z,30.0,30.0,,,,,7390.7,18326.0,,,,12.365,12.654,,,,7097.0,7097.0,7097.0,,16.767,73.367,,,,0.0,,,,,,,,,,2925.0,2954.0,0.0,0.0,30.0,0.0,30.0,0.0,30.0,0.0,5.0,26.0,0.0,0.0,0.0,0.0,0.0,0.0,battery2_v
2020-08-02T10:00:00Z,29.0,29.0,,,,,2096.828,5199.0,,,,12.029,12.81,,,,7097.0,7097.0,7097.0,,18.069,75.69,,,,0.069,,,,,,,,,,2955.0,2984.0,0.0,0.0,29.0,0.0,29.0,0.0,29.0,0.0,10.0,29.0,0.0,0.0,0.0,0.0,0.0,0.0,battery2_v
2020-08-02T11:00:00Z,30.0,30.0,,,,,710.733,1045.0,,,,12.337,12.502,,,,7097.0,7097.0,7097.0,,-0.5,67.4,,,,0.0,,,,,,,,,,2985.0,3014.0,0.0,0.0,30.0,0.0,30.0,0.0,30.0,0.0,0.0,29.0,0.0,0.0,0.0,0.0,0.0,0.0,battery2_v
2020-08-02T12:00:00Z,29.0,29.0,,,,,460.828,706.0,,,,12.346,12.777,,,,7097.0,7097.0,7097.0,,26.793,102.241,,,,0.0,,,,,,,,,,3016.0,3044.0,0.0,0.0,21.0,0.0,29.0,0.0,29.0,0.0,5.0,29.0,0.0,0.0,0.0,0.0,0.0,0.0,battery2_v
2020-08-02T13:00:00Z,30.0,30.0,,,,,84.667,659.0,,,,12.091,12.919,,,,7097.0,7097.0,7097.0,,43.0,82.2,,,,0.1,,,,,,,,,,3045.0,3074.0,0.0,0.0,6.0,0.0,30.0,0.0,30.0,0.0,16.0,25.0,0.0,0.0,0.0,0.0,0.0,0.0,battery2_v
2020-08-02T14:00:00Z,30.0,30.0,,,,,203.733,706.0,,,,12.356,12.616,,,,7097.0,7097.0,7097.0,,27.276,84.567,,,,0.0,,,,,,,,,,3075.0,3104.0,0.0,0.0,13.0,0.0,30.0,0.0,30.0,0.0,8.0,22.0,0.0,0.0,0.0,0.0,0.0,0.0,battery2_v
2020-08-02T15:00:00Z,30.0,30.0,,,,,729.333,753.0,,,,12.337,12.36,,,,7097.0,7097.0,7097.0,,-3.9,56.533,,,,0.0,,,,,,,,,,3105.0,3134.0,0.0,0.0,30.0,0.0,30.0,0.0,30.0,0.0,0.0,29.0,0.0,0.0,0.0,0.0,0.0,0.0,battery2_v
2020-08-02T16:00:00Z,30.0,30.0,,,,,747.133,765.0,,,,12.327,12.351,,,,7097.0,7097.0,7097.0,,-3.8,55.8,,,,0.0,,,,,,,,,,3135.0,3164.0,0.0,0.0,30.0,0.0,30.0,0.0,30.0,0.0,0.0,25.0,0.0,0.0,0.0,0.0,0.0,0.0,battery2_v
2020-08-02T17:00:00Z,29.0,29.0,,,,,754.655,765.0,,,,12.327,12.341,,,,7097.0,7097.0,7097.0,,-3.483,61.724,,,,0.0,,,,,,,,,,3165.0,3194.0,0.0,0.0,29.0,0.0,29.0,0.0,29.0,0.0,0.0,29.0,0.0,0.0,0.0,0.0,0.0,0.0,battery2_v
2020-08-02T18:00:00Z,30.0,30.0,,,,,767.5,776.0,,,,12.322,12.337,,,,7097.0,7097.0,7097.0,,-3.133,64.6,,,,0.0,,,,,,,,,,3195.0,3224.0,0.0,0.0,30.0,0.0,30.0,0.0,30.0,0.0,0.0,29.0,0.0,0.0,0.0,0.0,0.0,0.0,battery2_v
2020-08-02T19:00:00Z,30.0,30.0,,,,,776.6,788.0,,,,12.318,12.332,,,,7097.0,7097.0,7097.0,,-3.1,66.333,,,,0.0,,,,,,,,,,3225.0,3254.0,0.0,0.0,30.0,0.0,30.0,0.0,30.0,0.0,0.0,30.0,0.0,0.0,0.0,0.0,0.0,0.0,battery2_v
2020-08-02T20:00:00Z,30.0,30.0,,,,,784.467,800.0,,,,12.318,12.332,,,,7097.0,7097.0,7097.0,,-2.9,69.3,,,,0.0,,,,,,,,,,3255.0,3284.0,0.0,0.0,30.0,0.0,30.0,0.0,30.0,0.0,0.0,30.0,0.0,0.0,0.0,0.0,0.0,0.0,battery2_v
2020-08-02T21:00:00Z,29.0,29.0,,,,,792.483,811.0,,,,12.308,12.327,,,,7097.0,7097.0,7097.0,,-2.828,73.103,,,,0.0,,,,,,,,,,3285.0,3314.0,0.0,0.0,29.0,0.0,29.0,0.0,29.0,0.0,0.0,29.0,0.0,0.0,0.0,0.0,0.0,0.0,battery2_v
2020-08-02T22:00:00Z,30.0,30.0,,,,,1569.7,4942.0,,,,12.304,12.322,,,,7097.0,7097.0,7097.0,,-2.633,72.8,,,,0.0,,,,,,,,,,3315.0,3344.0,0.0,0.0,30.0,0.0,30.0,0.0,30.0,0.0,0.0,30.0,0.0,0.0,0.0,0.0,0.0,0.0,battery2_v
2020-08-02T23:00:00Z,30.0,30.0,,,,,6652.8,13845.0,,,,12.299,12.322,,,,7097.0,7097.0,7097.0,,-1.862,76.367,,,,0.0,,,,,,,,,,3345.0,3374.0,0.0,0.0,30.0,0.0,30.0,0.0,30.0,0.0,0.0,30.0,0.0,0.0,0.0,0.0,0.0,0.0,battery2_v
2020-08-03T00:00:00Z,31.0,31.0,,,,,13196.452,19988.0,,,,12.275,12.673,,,,7097.0,7097.0,7097.0,,8.586,80.419,,,,0.0,,,,,,,,,,3375.0,3405.0,0.0,0.0,31.0,0.0,31.0,0.0,31.0,0.0,1.0,31.0,0.0,0.0,0.0,0.0,0.0,0.0,battery2_v
2020-08-03T01:00:00Z,27.0,27.0,,,,,9624.593,17589.0,,,,12.048,12.862,,,,7097.0,7097.0,7097.0,,42.12,90.148,,,,0.148,,,,,,,,,,3406.0,3434.0,0.0,0.0,27.0,0.0,27.0,0.0,27.0,0.0,14.0,27.0,0.0,0.0,0.0,0.0,0.0,0.0,battery2_v
2020-08-03T02:00:00Z,28.0,28.0,,,,,11120.75,15027.0,,,,12.039,12.876,,,,7097.0,7097.0,7097.0,,28.16,90.857,,,,0.036,,,,,,,,,,3435.0,3464.0,0.0,0.0,28.0,0.0,28.0,0.0,28.0,0.0,7.0,28.0,0.0,0.0,0.0,0.0,0.0,0.0,battery2_v
2020-08-03T03:00:00Z,29.0,29.0,,,,,11357.138,13541.0,,,,12.318,12.635,,,,7097.0,7097.0,7097.0,,45.556,114.931,,,,0.0,,,,,,,,,,3465.0,3494.0,0.0,0.0,29.0,0.0,29.0,0.0,29.0,0.0,10.0,29.0,0.0,0.0,0.0,0.0,0.0,0.0,battery2_v
2020-08-03T04:00:00Z,30.0,30.0,,,,,8352.833,19730.0,,,,12.058,13.496,,,,7097.0,7097.0,7097.0,,81.633,47.067,,,,0.733,,,,,,,,,,3495.0,3524.0,0.0,0.0,30.0,0.0,30.0,0.0,30.0,0.0,21.0,24.0,0.0,0.0,0.0,0.0,0.0,0.0,battery2_v
2020-08-03T05:00:00Z,16.0,16.0,,,,,14236.562,21556.0,,,,12.209,12.843,,,,7097.0,7097.0,7097.0,,45.125,48.75,,,,0.312,,,,,,,,,,3525.0,3552.0,0.0,0.0,16.0,0.0,16.0,0.0,16.0,0.0,13.0,16.0,0.0,0.0,0.0,0.0,0.0,0.0,battery2_v
2020-08-03T06:00:00Z,24.0,24.0,,,,,13289.0,13869.0,,,,12.11,12.885,,,,7097.0,7097.0,7097.0,,47.083,72.667,,,,0.167,,,,,,,,,,3553.0,3582.0,0.0,0.0,24.0,0.0,24.0,0.0,24.0,0.0,18.0,24.0,0.0,0.0,0.0,0.0,0.0,0.0,battery2_v
2020-08-03T07:00:00Z,26.0,26.0,,,,,14987.385,22410.0,,,,12.034,13.732,,,,7097.0,7097.0,7097.0,,32.423,8.346,,,,0.346,,,,,,,,,,3583.0,3611.0,0.0,0.0,26.0,0.0,26.0,0.0,26.0,0.0,17.0,26.0,0.0,0.0,0.0,0.0,0.0,0.0,battery2_v
2020-08-03T08:00:00Z,30.0,30.0,,,,,14637.667,20947.0,,,,12.408,12.786,,,,7097.0,7097.0,7097.0,,37.067,89.533,,,,0.0,,,,,,,,,,3612.0,3641.0,0.0,0.0,30.0,0.0,30.0,0.0,30.0,0.0,7.0,28.0,0.0,0.0,0.0,0.0,0.0,0.0,battery2_v
2020-08-03T09:00:00Z,30.0,30.0,,,,,9303.0,13541.0,,,,12.337,12.436,,,,7097.0,7097.0,7097.0,,1.966,66.933,,,,0.0,,,,,,,,,,3642.0,3671.0,0.0,0.0,30.0,0.0,30.0,0.0,30.0,0.0,0.0,29.0,0.0,0.0,0.0,0.0,0.0,0.0,battery2_v
2020-08-03T10:00:00Z,30.0,30.0,,,,,2999.333,5480.0,,,,12.318,12.346,,,,7097.0,7097.0,7097.0,,-2.042,74.933,,,,0.0,,,,,,,,,,3672.0,3701.0,0.0,0.0,30.0,0.0,30.0,0.0,30.0,0.0,0.0,30.0,0.0,0.0,0.0,0.0,0.0,0.0,battery2_v
2020-08-03T11:00:00Z,30.0,30.0,,,,,1254.167,3175.0,,,,12.304,12.327,,,,7097.0,7097.0,7097.0,,-2.0,76.267,,,,0.0,,,,,,,,,,3702.0,3731.0,0.0,0.0,30.0,0.0,30.0,0.0,30.0,0.0,0.0,30.0,0.0,0.0,0.0,0.0,0.0,0.0,battery2_v
2020-08-03T12:00:00Z,30.0,30.0,,,,,789.933,811.0,,,,12.299,12.318,,,,7097.0,7097.0,7097.0,,-2.0,78.933,,,,0.0,,,,,,,,,,3732.0,3761.0,0.0,0.0,30.0,0.0,30.0,0.0,30.0,0.0,0.0,30.0,0.0,0.0,0.0,0.0,0.0,0.0,battery2_v
2020-08-03T13:00:00Z,30.0,30.0,,,,,808.667,835.0,,,,12.285,12.308,,,,7097.0,7097.0,7097.0,,-3.421,70.633,,,,0.0,,,,,,,,,,3762.0,3791.0,0.0,0.0,30.0,0.0,30.0,0.0,30.0,0.0,0.0,28.0,0.0,0.0,0.0,0.0,0.0,0.0,battery2_v
2020-08-03T14:00:00Z,29.0,29.0,,,,,823.069,858.0,,,,12.285,12.299,,,,7097.0,7097.0,7097.0,,-3.931,58.483,,,,0.0,,,,,,,,,,3792.0,3821.0,0.0,0.0,29.0,0.0,29.0,0.0,29.0,0.0,0.0,26.0,0.0,0.0,0.0,0.0,0.0,0.0,battery2_v
2020-08-03T15:00:00Z,29.0,29.0,,,,,831.276,847.0,,,,12.28,12.289,,,,7097.0,7097.0,7097.0,,-3.724,58.759,,,,0.0,,,,,,,,,,3822.0,3851.0,0.0,0.0,29.0,0.0,29.0,0.0,29.0,0.0,0.0,25.0,0.0,0.0,0.0,0.0,0.0,0.0,battery2_v
2020-08-03T16:00:00Z,30.0,30.0,,,,,841.667,858.0,,,,12.275,12.294,,,,7097.0,7097.0,7097.0,,-3.5,62.667,,,,0.0,,,,,,,,,,3852.0,3881.0,0.0,0.0,30.0,0.0,30.0,0.0,30.0,0.0,0.0,30.0,0.0,0.0,0.0,0.0,0.0,0.0,battery2_v
2020-08-03T17:00:00Z,30.0,30.0,,,,,850.167,870.0,,,,12.27,12.289,,,,7097.0,7097.0,7097.0,,-3.333,63.767,,,,0.0,,,,,,,,,,3882.0,3911.0,0.0,0.0,30.0,0.0,30.0,0.0,30.0,0.0,0.0,30.0,0.0,0.0,0.0,0.0,0.0,0.0,battery2_v
2020-08-03T18:00:00Z,30.0,30.0,,,,,865.333,893.0,,,,12.27,12.285,,,,7097.0,7097.0,7097.0,,-3.333,63.2,,,,0.0,,,,,,,,,,3912.0,3941.0,0.0,0.0,30.0,0.0,30.0,0.0,30.0,0.0,0.0,29.0,0.0,0.0,0.0,0.0,0.0,0.0,battery2_v
2020-08-03T19:00:00Z,30.0,30.0,,,,,873.1,893.0,,,,12.266,12.28,,,,7097.0,7097.0,7097.0,,-3.1,67.433,,,,0.0,,,,,,,,,,3942.0,3971.0,0.0,0.0,30.0,0.0,30.0,0.0,30.0,0.0,0.0,30.0,0.0,0.0,0.0,0.0,0.0,0.0,battery2_v
2020-08-03T20:00:00Z,31.0,31.0,,,,,884.774,917.0,,,,12.266,12.275,,,,7097.0,7097.0,7097.0,,-3.065,68.806,,,,0.0,,,,,,,,,,3972.0,4002.0,0.0,0.0,31.0,0.0,31.0,0.0,31.0,0.0,0.0,31.0,0.0,0.0,0.0,0.0,0.0,0.0,battery2_v
2020-08-03T21:00:00Z,30.0,30.0,,,,,672.3,917.0,,,,12.256,12.474,,,,7097.0,7097.0,7097.0,,11.8,80.067,,,,0.0,,,,,,,,,,4003.0,4032.0,0.0,0.0,24.0,0.0,30.0,0.0,30.0,0.0,4.0,30.0,0.0,0.0,0.0,0.0,0.0,0.0,battery2_v
2020-08-03T22:00:00Z,30.0,30.0,,,,,1797.467,8756.0,,,,12.005,13.042,,,,7097.0,7097.0,7097.0,,39.897,85.3,,,,0.1,,,,,,,,,,4033.0,4062.0,0.0,0.0,16.0,0.0,30.0,0.0,30.0,0.0,15.0,30.0,0.0,0.0,0.0,0.0,0.0,0.0,battery2_v
2020-08-03T23:00:00Z,30.0,30.0,,,,,4233.7,13927.0,,,,12.261,12.427,,,,7097.0,7097.0,7097.0,,3.433,71.767,,,,0.0,,,,,,,,,,4063.0,4092.0,0.0,0.0,30.0,0.0,30.0,0.0,30.0,0.0,1.0,29.0,0.0,0.0,0.0,0.0,0.0,0.0,battery2_v
2020-08-04T00:00:00Z,30.0,30.0,,,,,12523.267,15624.0,,,,12.261,12.327,,,,7097.0,7097.0,7097.0,,8.172,81.1,,,,0.0,,,,,,,,,,4093.0,4122.0,0.0,0.0,30.0,0.0,30.0,0.0,30.0,0.0,0.0,30.0,0.0,0.0,0.0,0.0,0.0,0.0,battery2_v
2020-08-04T01:00:00Z,29.0,29.0,,,,,13543.448,13576.0,,,,12.308,12.379,,,,7097.0,7097.0,7097.0,,30.379,103.31,,,,0.0,,,,,,,,,,4123.0,4152.0,0.0,0.0,29.0,0.0,29.0,0.0,29.0,0.0,0.0,29.0,0.0,0.0,0.0,0.0,0.0,0.0,battery2_v
2020-08-04T02:00:00Z,24.0,24.0,,,,,13406.042,13541.0,,,,12.346,12.72,,,,7097.0,7097.0,7097.0,,65.417,132.625,,,,0.0,,,,,,,,,,4153.0,4181.0,0.0,0.0,24.0,0.0,24.0,0.0,24.0,0.0,11.0,24.0,0.0,0.0,0.0,0.0,0.0,0.0,battery2_v
2020-08-04T03:00:00Z,14.0,14.0,,,,,13343.071,13401.0,,,,12.469,12.559,,,,7097.0,7097.0,7097.0,,63.286,128.929,,,,0.0,,,,,,,,,,4187.0,4209.0,0.0,0.0,14.0,0.0,14.0,0.0,14.0,0.0,13.0,14.0,0.0,0.0,0.0,0.0,0.0,0.0,battery2_v
2020-08-04T04:00:00Z,29.0,29.0,,,,,13035.897,13564.0,,,,12.318,12.668,,,,7097.0,7097.0,7097.0,,49.071,111.621,,,,0.0,,,,,,,,,,4210.0,4239.0,0.0,0.0,29.0,0.0,29.0,0.0,29.0,0.0,15.0,28.0,0.0,0.0,0.0,0.0,0.0,0.0,battery2_v
2020-08-04T05:00:00Z,22.0,22.0,,,,,13341.091,13892.0,,,,12.067,12.994,,,,7097.0,7097.0,7097.0,,49.818,-7.455,,,,0.5,,,,,,,,,,4240.0,4268.0,0.0,0.0,22.0,0.0,22.0,0.0,22.0,0.0,17.0,21.0,0.0,0.0,0.0,0.0,0.0,0.0,battery2_v
2020-08-04T06:00:00Z,28.0,28.0,,,,,13351.357,13845.0,,,,12.119,13.084,,,,7097.0,7097.0,7097.0,,34.893,-68.821,,,,0.607,,,,,,,,,,4269.0,4298.0,0.0,0.0,28.0,0.0,28.0,0.0,28.0,0.0,24.0,27.0,0.0,0.0,0.0,0.0,0.0,0.0,battery2_v
2020-08-04T07:00:00Z,25.0,25.0,,,,,13947.72,22726.0,,,,12.374,14.39,,,,7097.0,7097.0,7097.0,,161.36,-54.48,,,,0.96,,,,,,,,,,4299.0,4327.0,0.0,0.0,25.0,0.0,25.0,0.0,25.0,0.0,16.0,19.0,0.0,0.0,0.0,0.0,0.0,0.0,battery2_v
2020-08-04T08:00:00Z,30.0,30.0,,,,,11438.567,15741.0,,,,12.02,13.874,,,,7097.0,7097.0,7097.0,,35.333,-55.733,,,,0.6,,,,,,,,,,4328.0,4357.0,0.0,0.0,30.0,0.0,30.0,0.0,30.0,0.0,22.0,24.0,0.0,0.0,0.0,0.0,0.0,0.0,battery2_v
2020-08-04T09:00:00Z,30.0,30.0,,,,,11093.333,16033.0,,,,12.058,13.354,,,,7097.0,7097.0,7097.0,,54.233,-14.333,,,,0.433,,,,,,,,,,4358.0,4387.0,0.0,0.0,30.0,0.0,30.0,0.0,30.0,0.0,21.0,25.0,0.0,0.0,0.0,0.0,0.0,0.0,battery2_v
2020-08-04T10:00:00Z,30.0,30.0,,,,,3686.467,13529.0,,,,12.01,12.819,,,,7097.0,7097.0,7097.0,,1.933,37.7,,,,0.067,,,,,,,,,,4388.0,4417.0,0.0,0.0,30.0,0.0,30.0,0.0,30.0,0.0,6.0,8.0,0.0,0.0,0.0,0.0,0.0,0.0,battery2_v
2020-08-04T11:00:00Z,30.0,30.0,,,,,1185.933,5176.0,,,,12.332,12.772,,,,7097.0,7097.0,7097.0,,13.1,54.167,,,,0.0,,,,,,,,,,4418.0,4447.0,0.0,0.0,28.0,0.0,30.0,0.0,30.0,0.0,3.0,13.0,0.0,0.0,0.0,0.0,0.0,0.0,battery2_v
2020-08-04T12:00:00Z,30.0,30.0,,,,,300.733,1537.0,,,,12.001,12.99,,,,7097.0,7097.0,7097.0,,33.7,58.3,,,,0.167,,,,,,,,,,4448.0,4477.0,0.0,0.0,13.0,0.0,30.0,0.0,30.0,0.0,16.0,22.0,0.0,0.0,0.0,0.0,0.0,0.0,battery2_v
2020-08-04T13:00:00Z,30.0,30.0,,,,,446.433,765.0,,,,12.166,12.904,,,,7097.0,7097.0,7097.0,,21.7,71.267,,,,0.033,,,,,,,,,,4478.0,4507.0,0.0,0.0,20.0,0.0,30.0,0.0,30.0,0.0,6.0,20.0,0.0,0.0,0.0,0.0,0.0,0.0,battery2_v
2020-08-04T14:00:00Z,30.0,30.0,,,,,641.967,800.0,,,,12.304,12.526,,,,7097.0,7097.0,7097.0,,-1.107,44.667,,,,0.0,,,,,,,,,,4508.0,4537.0,0.0,0.0,28.0,0.0,30.0,0.0,30.0,0.0,1.0,9.0,0.0,0.0,0.0,0.0,0.0,0.0,battery2_v
2020-08-04T15:00:00Z,30.0,30.0,,,,,674.5,811.0,,,,12.294,12.512,,,,7097.0,7097.0,7097.0,,-0.433,43.433,,,,0.0,,,,,,,,,,4538.0,4567.0,0.0,0.0,26.0,0.0,30.0,0.0,30.0,0.0,1.0,4.0,0.0,0.0,0.0,0.0,0.0,0.0,battery2_v
2020-08-04T16:00:00Z,30.0,30.0,,,,,672.5,823.0,,,,12.285,12.341,,,,7097.0,7097.0,7097.0,,-4.034,39.6,,,,0.0,,,,,,,,,,4568.0,4597.0,0.0,0.0,30.0,0.0,30.0,0.0,30.0,0.0,0.0,4.0,0.0,0.0,0.0,0.0,0.0,0.0,battery2_v
2020-08-04T17:00:00Z,30.0,30.0,,,,,820.633,835.0,,,,12.285,12.299,,,,7097.0,7097.0,7097.0,,-5.433,44.067,,,,0.0,,,,,,,,,,4598.0,4627.0,0.0,0.0,30.0,0.0,30.0,0.0,30.0,0.0,0.0,1.0,0.0,0.0,0.0,0.0,0.0,0.0,battery2_v
2020-08-04T18:00:00Z,30.0,30.0,,,,,836.933,870.0,,,,12.27,12.289,,,,7097.0,7097.0,7097.0,,-5.067,45.067,,,,0.0,,,,,,,,,,4628.0,4657.0,0.0,0.0,30.0,0.0,30.0,0.0,30.0,0.0,0.0,2.0,0.0,0.0,0.0,0.0,0.0,0.0,battery2_v
2020-08-04T19:00:00Z,30.0,30.0,,,,,863.667,893.0,,,,12.266,12.285,,,,7097.0,7097.0,7097.0,,-4.7,49.167,,,,0.0,,,,,,,,,,4658.0,4687.0,0.0,0.0,30.0,0.0,30.0,0.0,30.0,0.0,0.0,9.0,0.0,0.0,0.0,0.0,0.0,0.0,battery2_v
2020-08-04T20:00:00Z,30.0,30.0,,,,,882.4,905.0,,,,12.261,12.275,,,,7097.0,7097.0,7097.0,,-4.067,51.833,,,,0.0,,,,,,,,,,4688.0,4717.0,0.0,0.0,30.0,0.0,30.0,0.0,30.0,0.0,0.0,17.0,0.0,0.0,0.0,0.0,0.0,0.0,battery2_v
2020-08-04T21:00:00Z,30.0,30.0,,,,,898.733,917.0,,,,12.256,12.27,,,,7097.0,7097.0,7097.0,,-4.067,56.933,,,,0.0,,,,,,,,,,4718.0,4747.0,0.0,0.0,30.0,0.0,30.0,0.0,30.0,0.0,0.0,24.0,0.0,0.0,0.0,0.0,0.0,0.0,battery2_v
2020-08-04T22:00:00Z,30.0,30.0,,,,,2137.033,9867.0,,,,12.251,12.27,,,,7097.0,7097.0,7097.0,,-3.667,61.5,,,,0.0,,,,,,,,,,4748.0,4777.0,0.0,0.0,30.0,0.0,30.0,0.0,30.0,0.0,0.0,29.0,0.0,0.0,0.0,0.0,0.0,0.0,battery2_v
2020-08-04T23:00:00Z,30.0,30.0,,,,,6168.133,14407.0,,,,12.237,12.27,,,,7097.0,7097.0,7097.0,,-3.0,61.467,,,,0.0,,,,,,,,,,4778.0,4807.0,0.0,0.0,30.0,0.0,30.0,0.0,30.0,0.0,0.0,28.0,0.0,0.0,0.0,0.0,0.0,0.0,battery2_v
2020-08-05T00:00:00Z,29.0,29.0,,,,,13596.759,13646.0,,,,12.256,12.37,,,,7097.0,7097.0,7097.0,,17.276,79.655,,,,0.0,,,,,,,,,,4808.0,4837.0,0.0,0.0,29.0,0.0,29.0,0.0,29.0,0.0,0.0,29.0,0.0,0.0,0.0,0.0,0.0,0.0,battery2_v
2020-08-05T01:00:00Z,20.0,20.0,,,,,13571.45,13635.0,,,,12.27,12.374,,,,7097.0,7097.0,7097.0,,25.45,84.25,,,,0.0,,,,,,,,,,4838.0,4866.0,0.0,0.0,20.0,0.0,20.0,0.0,20.0,0.0,0.0,20.0,0.0,0.0,0.0,0.0,0.0,0.0,battery2_v
2020-08-05T02:00:00Z,28.0,28.0,,,,,13397.286,13553.0,,,,12.351,12.62,,,,7097.0,7097.0,7097.0,,70.429,129.857,,,,0.0,,,,,,,,,,4867.0,4895.0,0.0,0.0,28.0,0.0,28.0,0.0,28.0,0.0,16.0,28.0,0.0,0.0,0.0,0.0,0.0,0.0,battery2_v
2020-08-05T03:00:00Z,22.0,22.0,,,,,13925.091,21637.0,,,,12.455,12.696,,,,7097.0,7097.0,7097.0,,91.182,141.773,,,,0.0,,,,,,,,,,4902.0,4925.0,0.0,0.0,22.0,0.0,22.0,0.0,22.0,0.0,20.0,20.0,0.0,0.0,0.0,0.0,0.0,0.0,battery2_v
2020-08-05T04:00:00Z,28.0,28.0,,,,,13308.25,13892.0,,,,12.072,12.923,,,,7097.0,7097.0,7097.0,,47.643,31.786,,,,0.321,,,,,,,,,,4926.0,4953.0,0.0,0.0,28.0,0.0,28.0,0.0,28.0,0.0,20.0,28.0,0.0,0.0,0.0,0.0,0.0,0.0,battery2_v
2020-08-05T05:00:00Z,27.0,27.0,,,,,13560.926,14524.0,,,,12.318,12.455,,,,7097.0,7097.0,7097.0,,12.148,53.148,,,,0.0,,,,,,,,,,4955.0,4984.0,0.0,0.0,27.0,0.0,27.0,0.0,27.0,0.0,0.0,17.0,0.0,0.0,0.0,0.0,0.0,0.0,battery2_v
2020-08-05T06:00:00Z,21.0,21.0,,,,,13755.571,21169.0,,,,12.308,12.758,,,,7097.0,7097.0,7097.0,,53.857,88.429,,,,0.0,,,,,,,,,,4985.0,5012.0,0.0,0.0,21.0,0.0,21.0,0.0,21.0,0.0,11.0,20.0,0.0,0.0,0.0,0.0,0.0,0.0,battery2_v
2020-08-05T07:00:00Z,23.0,23.0,,,,,10710.13,16092.0,,,,12.034,13.023,,,,7097.0,7097.0,7097.0,,37.652,3.565,,,,0.304,,,,,,,,,,5014.0,5042.0,0.0,0.0,23.0,0.0,23.0,0.0,23.0,0.0,15.0,18.0,0.0,0.0,0.0,0.0,0.0,0.0,battery2_v
2020-08-05T08:00:00Z,30.0,30.0,,,,,13320.367,13834.0,,,,12.105,13.06,,,,7097.0,7097.0,7097.0,,52.9,61.7,,,,0.1,,,,,,,,,,5043.0,5072.0,0.0,0.0,30.0,0.0,30.0,0.0,30.0,0.0,17.0,23.0,0.0,0.0,0.0,0.0,0.0,0.0,battery2_v
2020-08-05T09:00:00Z,30.0,30.0,,,,,3958.733,13436.0,,,,12.356,12.739,,,,7097.0,7097.0,7097.0,,37.931,77.5,,,,0.0,,,,,,,,,,5073.0,5102.0,0.0,0.0,30.0,0.0,30.0,0.0,30.0,0.0,12.0,19.0,0.0,0.0,0.0,0.0,0.0,0.0,battery2_v
2020-08-05T10:00:00Z,30.0,30.0,,,,,947.333,2063.0,,,,11.991,12.814,,,,7097.0,7097.0,7097.0,,20.286,51.633,,,,0.1,,,,,,,,,,5103.0,5132.0,0.0,0.0,23.0,0.0,30.0,0.0,30.0,0.0,8.0,13.0,0.0,0.0,0.0,0.0,0.0,0.0,battery2_v
2020-08-05T11:00:00Z,30.0,30.0,,,,,785.333,1081.0,,,,12.299,12.46,,,,7097.0,7097.0,7097.0,,-2.767,48.133,,,,0.0,,,,,,,,,,5133.0,5162.0,0.0,0.0,30.0,0.0,30.0,0.0,30.0,0.0,0.0,6.0,0.0,0.0,0.0,0.0,0.0,0.0,battery2_v
2020-08-05T12:00:00Z,30.0,30.0,,,,,333.133,811.0,,,,12.058,13.25,,,,7097.0,7097.0,7097.0,,33.733,55.0,,,,0.367,,,,,,,,,,5163.0,5192.0,0.0,0.0,15.0,0.0,30.0,0.0,30.0,0.0,12.0,18.0,0.0,0.0,0.0,0.0,0.0,0.0,battery2_v
2020-08-05T13:00:00Z,30.0,30.0,,,,,530.967,1478.0,,,,12.029,13.056,,,,7097.0,7097.0,7097.0,,3.433,41.8,,,,0.033,,,,,,,,,,5193.0,5222.0,0.0,0.0,24.0,0.0,30.0,0.0,30.0,0.0,2.0,10.0,0.0,0.0,0.0,0.0,0.0,0.0,battery2_v
2020-08-05T14:00:00Z,30.0,30.0,,,,,703.6,847.0,,,,12.285,12.62,,,,7097.0,7097.0,7097.0,,1.3,49.033,,,,0.0,,,,,,,,,,5223.0,5252.0,0.0,0.0,27.0,0.0,30.0,0.0,30.0,0.0,1.0,2.0,0.0,0.0,0.0,0.0,0.0,0.0,battery2_v
2020-08-05T15:00:00Z,30.0,30.0,,,,,693.1,882.0,,,,12.27,12.564,,,,7097.0,7097.0,7097.0,,11.3,60.233,,,,0.0,,,,,,,,,,5253.0,5282.0,0.0,0.0,25.0,0.0,30.0,0.0,30.0,0.0,3.0,13.0,0.0,0.0,0.0,0.0,0.0,0.0,battery2_v
2020-08-05T16:00:00Z,30.0,30.0,,,,,848.133,917.0,,,,12.256,12.313,,,,7097.0,7097.0,7097.0,,-3.333,56.3,,,,0.0,,,,,,,,,,5283.0,5312.0,0.0,0.0,30.0,0.0,30.0,0.0,30.0,0.0,0.0,24.0,0.0,0.0,0.0,0.0,0.0,0.0,battery2_v
2020-08-05T17:00:00Z,30.0,30.0,,,,,875.933,940.0,,,,12.251,12.346,,,,7097.0,7097.0,7097.0,,-2.767,60.033,,,,0.0,,,,,,,,,,5313.0,5342.0,0.0,0.0,29.0,0.0,30.0,0.0,30.0,0.0,0.0,27.0,0.0,0.0,0.0,0.0,0.0,0.0,battery2_v
2020-08-05T18:00:00Z,30.0,30.0,,,,,848.067,952.0,,,,12.247,12.318,,,,7097.0,7097.0,7097.0,,-1.7,68.533,,,,0.0,,,,,,,,,,5343.0,5372.0,0.0,0.0,29.0,0.0,30.0,0.0,30.0,0.0,0.0,30.0,0.0,0.0,0.0,0.0,0.0,0.0,battery2_v
2020-08-05T19:00:00Z,30.0,30.0,,,,,818.9,964.0,,,,12.242,12.417,,,,7097.0,7097.0,7097.0,,2.8,71.533,,,,0.0,,,,,,,,,,5373.0,5402.0,0.0,0.0,26.0,0.0,30.0,0.0,30.0,0.0,1.0,29.0,0.0,0.0,0.0,0.0,0.0,0.0,battery2_v
2020-08-05T20:00:00Z,30.0,30.0,,,,,922.767,999.0,,,,12.223,12.299,,,,7097.0,7097.0,7097.0,,-1.8,71.767,,,,0.0,,,,,,,,,,5403.0,5432.0,0.0,0.0,30.0,0.0,30.0,0.0,30.0,0.0,0.0,30.0,0.0,0.0,0.0,0.0,0.0,0.0,battery2_v
2020-08-05T21:00:00Z,30.0,30.0,,,,,972.233,999.0,,,,12.228,12.247,,,,7097.0,7097.0,7097.0,,-2.533,74.933,,,,0.0,,,,,,,,,,5433.0,5462.0,0.0,0.0,30.0,0.0,30.0,0.0,30.0,0.0,0.0,30.0,0.0,0.0,0.0,0.0,0.0,0.0,battery2_v
2020-08-05T22:00:00Z,30.0,30.0,,,,,2701.467,12231.0,,,,12.228,12.242,,,,7097.0,7097.0,7097.0,,-2.233,77.867,,,,0.0,,,,,,,,,,5463.0,5492.0,0.0,0.0,30.0,0.0,30.0,0.0,30.0,0.0,0.0,30.0,0.0,0.0,0.0,0.0,0.0,0.0,battery2_v
2020-08-05T23:00:00Z,30.0,30.0,,,,,4457.133,14770.0,,,,12.218,12.237,,,,7097.0,7097.0,7097.0,,-2.276,80.533,,,,0.0,,,,,,,,,,5493.0,5522.0,0.0,0.0,30.0,0.0,30.0,0.0,30.0,0.0,0.0,30.0,0.0,0.0,0.0,0.0,0.0,0.0,battery2_v
2020-08-06T00:00:00Z,30.0,30.0,,,,,13715.167,14933.0,,,,12.223,12.27,,,,7097.0,7097.0,7097.0,,4.067,86.367,,,,0.0,,,,,,,,,,5523.0,5552.0,0.0,0.0,30.0,0.0,30.0,0.0,30.0,0.0,0.0,30.0,0.0,0.0,0.0,0.0,0.0,0.0,battery2_v
2020-08-06T01:00:00Z,27.0,27.0,,,,,13539.37,13646.0,,,,12.261,12.502,,,,7097.0,7097.0,7097.0,,43.852,125.111,,,,0.0,,,,,,,,,,5553.0,5582.0,0.0,0.0,27.0,0.0,27.0,0.0,27.0,0.0,11.0,27.0,0.0,0.0,0.0,0.0,0.0,0.0,battery2_v
2020-08-06T02:00:00Z,17.0,17.0,,,,,13479.235,13541.0,,,,12.374,12.455,,,,7097.0,7097.0,7097.0,,55.235,134.824,,,,0.0,,,,,,,,,,5583.0,5608.0,0.0,0.0,17.0,0.0,17.0,0.0,17.0,0.0,13.0,17.0,0.0,0.0,0.0,0.0,0.0,0.0,battery2_v
2020-08-06T03:00:00Z,26.0,26.0,,,,,14711.5,22667.0,,,,12.058,12.904,,,,7097.0,7097.0,7097.0,,68.577,103.769,,,,0.192,,,,,,,,,,5611.0,5636.0,0.0,0.0,26.0,0.0,26.0,0.0,26.0,0.0,18.0,26.0,0.0,0.0,0.0,0.0,0.0,0.0,battery2_v
2020-08-06T04:00:00Z,28.0,28.0,,,,,13251.071,13915.0,,,,12.043,12.928,,,,7097.0,7097.0,7097.0,,76.714,119.393,,,,0.036,,,,,,,,,,5641.0,5670.0,0.0,0.0,28.0,0.0,28.0,0.0,28.0,0.0,27.0,28.0,0.0,0.0,0.0,0.0,0.0,0.0,battery2_v
2020-08-06T05:00:00Z,29.0,29.0,,,,,13179.207,13798.0,,,,12.162,13.013,,,,7097.0,7097.0,7097.0,,85.724,94.69,,,,0.276,,,,,,,,,,5671.0,5700.0,0.0,0.0,29.0,0.0,29.0,0.0,29.0,0.0,24.0,29.0,0.0,0.0,0.0,0.0,0.0,0.0,battery2_v
2020-08-06T06:00:00Z,28.0,28.0,,,,,13372.714,13822.0,,,,12.128,13.193,,,,7097.0,7097.0,7097.0,,50.25,-73.821,,,,0.75,,,,,,,,,,5701.0,5729.0,0.0,0.0,28.0,0.0,28.0,0.0,28.0,0.0,18.0,26.0,0.0,0.0,0.0,0.0,0.0,0.0,battery2_v
2020-08-06T07:00:00Z,24.0,24.0,,,,,13280.167,13880.0,,,,12.091,13.07,,,,7097.0,7097.0,7097.0,,66.75,15.583,,,,0.458,,,,,,,,,,5730.0,5759.0,0.0,0.0,24.0,0.0,24.0,0.0,24.0,0.0,18.0,23.0,0.0,0.0,0.0,0.0,0.0,0.0,battery2_v
2020-08-06T08:00:00Z,28.0,28.0,,,,,8815.821,18993.0,,,,12.034,12.933,,,,7097.0,7097.0,7097.0,,47.893,61.286,,,,0.179,,,,,,,,,,5760.0,5788.0,0.0,0.0,28.0,0.0,28.0,0.0,28.0,0.0,14.0,23.0,0.0,0.0,0.0,0.0,0.0,0.0,battery2_v
2020-08-06T09:00:00Z,29.0,29.0,,,,,8875.207,14571.0,,,,12.289,12.337,,,,7097.0,7097.0,7097.0,,-3.462,38.276,,,,0.0,,,,,,,,,,5790.0,5818.0,0.0,0.0,29.0,0.0,29.0,0.0,29.0,0.0,0.0,2.0,0.0,0.0,0.0,0.0,0.0,0.0,battery2_v
2020-08-06T10:00:00Z,29.0,29.0,,,,,2783.966,6135.0,,,,12.275,12.299,,,,7097.0,7097.0,7097.0,,-4.069,47.276,,,,0.0,,,,,,,,,,5819.0,5848.0,0.0,0.0,29.0,0.0,29.0,0.0,29.0,0.0,0.0,5.0,0.0,0.0,0.0,0.0,0.0,0.0,battery2_v
2020-08-06T11:00:00Z,29.0,29.0,,,,,898.759,2227.0,,,,12.261,12.497,,,,7097.0,7097.0,7097.0,,3.31,58.966,,,,0.0,,,,,,,,,,5849.0,5878.0,0.0,0.0,27.0,0.0,29.0,0.0,29.0,0.0,2.0,13.0,0.0,0.0,0.0,0.0,0.0,0.0,battery2_v
2020-08-06T12:00:00Z,30.0,30.0,,,,,795.433,905.0,,,,12.251,12.431,,,,7097.0,7097.0,7097.0,,0.933,53.667,,,,0.0,,,,,,,,,,5879.0,5908.0,0.0,0.0,27.0,0.0,30.0,0.0,30.0,0.0,1.0,6.0,0.0,0.0,0.0,0.0,0.0,0.0,battery2_v
2020-08-06T13:00:00Z,30.0,30.0,,,,,662.167,928.0,,,,12.242,12.507,,,,7097.0,7097.0,7097.0,,8.483,56.9,,,,0.0,,,,,,,,,,5909.0,5938.0,0.0,0.0,25.0,0.0,30.0,0.0,30.0,0.0,3.0,16.0,0.0,0.0,0.0,0.0,0.0,0.0,battery2_v
2020-08-06T14:00:00Z,30.0,30.0,,,,,761.967,964.0,,,,12.237,12.417,,,,7097.0,7097.0,7097.0,,2.167,43.333,,,,0.0,,,,,,,,,,5939.0,5968.0,0.0,0.0,26.0,0.0,30.0,0.0,30.0,0.0,2.0,6.0,0.0,0.0,0.0,0.0,0.0,0.0,battery2_v
2020-08-06T15:00:00Z,30.0,30.0,,,,,702.1,975.0,,,,12.237,12.427,,,,7097.0,7097.0,7097.0,,2.967,51.467,,,,0.0,,,,,,,,,,5969.0,5998.0,0.0,0.0,25.0,0.0,30.0,0.0,30.0,0.0,1.0,7.0,0.0,0.0,0.0,0.0,0.0,0.0,battery2_v
2020-08-06T16:00:00Z,30.0,30.0,,,,,975.667,999.0,,,,12.223,12.237,,,,7097.0,7097.0,7097.0,,-5.533,43.8,,,,0.0,,,,,,,,,,5999.0,6028.0,0.0,0.0,30.0,0.0,30.0,0.0,30.0,0.0,0.0,0.0,0.0,0.0,0.0,0.0,0.0,0.0,battery2_v
2020-08-06T17:00:00Z,30.0,30.0,,,,,988.933,1022.0,,,,12.204,12.237,,,,7097.0,7097.0,7097.0,,-5.1,47.567,,,,0.0,,,,,,,,,,6029.0,6058.0,0.0,0.0,30.0,0.0,30.0,0.0,30.0,0.0,0.0,5.0,0.0,0.0,0.0,0.0,0.0,0.0,battery2_v
2020-08-06T18:00:00Z,30.0,30.0,,,,,1006.1,1034.0,,,,12.209,12.228,,,,7097.0,7097.0,7097.0,,-4.367,52.967,,,,0.0,,,,,,,,,,6059.0,6088.0,0.0,0.0,30.0,0.0,30.0,0.0,30.0,0.0,0.0,19.0,0.0,0.0,0.0,0.0,0.0,0.0,battery2_v
2020-08-06T19:00:00Z,30.0,30.0,,,,,1015.733,1045.0,,,,12.204,12.228,,,,7097.0,7097.0,7097.0,,-3.767,60.967,,,,0.0,,,,,,,,,,6089.0,6118.0,0.0,0.0,30.0,0.0,30.0,0.0,30.0,0.0,0.0,28.0,0.0,0.0,0.0,0.0,0.0,0.0,battery2_v
2020-08-06T20:00:00Z,27.0,27.0,,,,,1034.667,1057.0,,,,12.195,12.214,,,,7097.0,7097.0,7097.0,,-3.444,63.481,,,,0.0,,,,,,,,,,6119.0,6148.0,0.0,0.0,27.0,0.0,27.0,0.0,27.0,0.0,0.0,27.0,0.0,0.0,0.0,0.0,0.0,0.0,battery2_v
2020-08-06T21:00:00Z,30.0,30.0,,,,,1044.5,1069.0,,,,12.19,12.209,,,,7097.0,7097.0,7097.0,,-3.0,68.0,,,,0.0,,,,,,,,,,6149.0,6178.0,0.0,0.0,30.0,0.0,30.0,0.0,30.0,0.0,0.0,30.0,0.0,0.0,0.0,0.0,0.0,0.0,battery2_v
2020-08-06T22:00:00Z,31.0,31.0,,,,,2070.806,6626.0,,,,12.185,12.199,,,,7097.0,7097.0,7097.0,,-2.774,72.742,,,,0.0,,,,,,,,,,6179.0,6209.0,0.0,0.0,31.0,0.0,31.0,0.0,31.0,0.0,0.0,31.0,0.0,0.0,0.0,0.0,0.0,0.0,battery2_v
2020-08-06T23:00:00Z,30.0,30.0,,,,,4624.467,13740.0,,,,12.181,12.195,,,,7097.0,7097.0,7097.0,,-2.667,73.867,,,,0.0,,,,,,,,,,6210.0,6239.0,0.0,0.0,30.0,0.0,30.0,0.0,30.0,0.0,0.0,30.0,0.0,0.0,0.0,0.0,0.0,0.0,battery2_v
2020-08-07T00:00:00Z,30.0,30.0,,,,,8829.5,19859.0,,,,12.176,12.199,,,,7097.0,7097.0,7097.0,,-1.5,75.2,,,,0.0,,,,,,,,,,6240.0,6269.0,0.0,0.0,30.0,0.0,30.0,0.0,30.0,0.0,0.0,30.0,0.0,0.0,0.0,0.0,0.0,0.0,battery2_v
2020-08-07T01:00:00Z,8.0,8.0,,,,,13643.5,13728.0,,,,12.199,12.384,,,,7097.0,7097.0,7097.0,,29.625,105.125,,,,0.0,,,,,,,,,,6270.0,6294.0,0.0,0.0,8.0,0.0,8.0,0.0,8.0,0.0,1.0,8.0,0.0,0.0,0.0,0.0,0.0,0.0,battery2_v
2020-08-07T02:00:00Z,20.0,20.0,,,,,13943.55,23252.0,,,,12.261,12.767,,,,7097.0,7097.0,7097.0,,73.1,144.45,,,,0.0,,,,,,,,,,6297.0,6325.0,0.0,0.0,20.0,0.0,20.0,0.0,20.0,0.0,9.0,20.0,0.0,0.0,0.0,0.0,0.0,0.0,battery2_v
2020-08-07T03:00:00Z,15.0,15.0,,,,,14481.0,22141.0,,,,12.11,12.781,,,,7097.0,7097.0,7097.0,,72.4,90.733,,,,0.133,,,,,,,,,,6326.0,6346.0,0.0,0.0,15.0,0.0,15.0,0.0,15.0,0.0,12.0,15.0,0.0,0.0,0.0,0.0,0.0,0.0,battery2_v
2020-08-07T04:00:00Z,21.0,21.0,,,,,14607.286,21988.0,,,,12.157,12.777,,,,7097.0,7097.0,7097.0,,76.429,124.095,,,,0.0,,,,,,,,,,6357.0,6382.0,0.0,0.0,21.0,0.0,21.0,0.0,21.0,0.0,17.0,19.0,0.0,0.0,0.0,0.0,0.0,0.0,battery2_v
2020-08-07T05:00:00Z,26.0,26.0,,,,,14162.077,21883.0,,,,12.166,12.904,,,,7097.0,7097.0,7097.0,,80.654,121.385,,,,0.115,,,,,,,,,,6383.0,6412.0,0.0,0.0,26.0,0.0,26.0,0.0,26.0,0.0,22.0,25.0,0.0,0.0,0.0,0.0,0.0,0.0,battery2_v
2020-08-07T06:00:00Z,18.0,18.0,,,,,13235.5,13810.0,,,,12.152,12.781,,,,7097.0,7097.0,7097.0,,77.278,101.889,,,,0.056,,,,,,,,,,6413.0,6440.0,0.0,0.0,18.0,0.0,18.0,0.0,18.0,0.0,16.0,18.0,0.0,0.0,0.0,0.0,0.0,0.0,battery2_v
2020-08-07T07:00:00Z,22.0,22.0,,,,,13328.864,16197.0,,,,12.393,12.786,,,,7097.0,7097.0,7097.0,,78.619,114.591,,,,0.0,,,,,,,,,,6441.0,6469.0,0.0,0.0,22.0,0.0,22.0,0.0,22.0,0.0,15.0,18.0,0.0,0.0,0.0,0.0,0.0,0.0,battery2_v
2020-08-07T08:00:00Z,25.0,25.0,,,,,13490.48,13553.0,,,,12.332,12.663,,,,7097.0,7097.0,7097.0,,12.56,38.04,,,,0.0,,,,,,,,,,6473.0,6499.0,0.0,0.0,25.0,0.0,25.0,0.0,25.0,0.0,2.0,3.0,0.0,0.0,0.0,0.0,0.0,0.0,battery2_v
2020-08-07T09:00:00Z,30.0,30.0,,,,,11091.033,13564.0,,,,12.294,12.8,,,,7097.0,7097.0,7097.0,,27.5,57.5,,,,0.0,,,,,,,,,,6500.0,6529.0,0.0,0.0,30.0,0.0,30.0,0.0,30.0,0.0,6.0,11.0,0.0,0.0,0.0,0.0,0.0,0.0,battery2_v
2020-08-07T10:00:00Z,30.0,30.0,,,,,3097.333,3935.0,,,,12.275,12.54,,,,7097.0,7097.0,7097.0,,11.233,53.933,,,,0.0,,,,,,,,,,6530.0,6559.0,0.0,0.0,30.0,0.0,30.0,0.0,30.0,0.0,2.0,9.0,0.0,0.0,0.0,0.0,0.0,0.0,battery2_v
2020-08-07T11:00:00Z,30.0,30.0,,,,,1187.833,3456.0,,,,12.261,12.474,,,,7097.0,7097.0,7097.0,,3.793,45.133,,,,0.0,,,,,,,,,,6560.0,6589.0,0.0,0.0,30.0,0.0,30.0,0.0,30.0,0.0,2.0,5.0,0.0,0.0,0.0,0.0,0.0,0.0,battery2_v
2020-08-07T12:00:00Z,30.0,30.0,,,,,866.167,905.0,,,,12.247,12.27,,,,7097.0,7097.0,7097.0,,-5.233,37.7,,,,0.0,,,,,,,,,,6590.0,6619.0,0.0,0.0,30.0,0.0,30.0,0.0,30.0,0.0,0.0,0.0,0.0,0.0,0.0,0.0,0.0,0.0,battery2_v
2020-08-07T13:00:00Z,30.0,30.0,,,,,899.067,928.0,,,,12.233,12.261,,,,7097.0,7097.0,7097.0,,-5.233,36.6,,,,0.0,,,,,,,,,,6620.0,6649.0,0.0,0.0,30.0,0.0,30.0,0.0,30.0,0.0,0.0,0.0,0.0,0.0,0.0,0.0,0.0,0.0,battery2_v
2020-08-07T14:00:00Z,30.0,30.0,,,,,938.533,964.0,,,,12.223,12.251,,,,7097.0,7097.0,7097.0,,-7.267,21.467,,,,0.0,,,,,,,,,,6650.0,6679.0,0.0,0.0,30.0,0.0,30.0,0.0,30.0,0.0,0.0,0.0,0.0,0.0,0.0,0.0,0.0,0.0,battery2_v
2020-08-07T15:00:00Z,30.0,30.0,,,,,964.4,987.0,,,,12.209,12.233,,,,7097.0,7097.0,7097.0,,-7.0,26.3,,,,0.0,,,,,,,,,,6680.0,6709.0,0.0,0.0,30.0,0.0,30.0,0.0,30.0,0.0,0.0,0.0,0.0,0.0,0.0,0.0,0.0,0.0,battery2_v
2020-08-07T16:00:00Z,30.0,30.0,,,,,996.8,1022.0,,,,12.199,12.218,,,,7097.0,7097.0,7097.0,,-6.667,29.633,,,,0.0,,,,,,,,,,6710.0,6739.0,0.0,0.0,30.0,0.0,30.0,0.0,30.0,0.0,0.0,0.0,0.0,0.0,0.0,0.0,0.0,0.0,battery2_v
2020-08-07T17:00:00Z,29.0,29.0,,,,,1021.621,1034.0,,,,12.185,12.209,,,,7097.0,7097.0,7097.0,,-6.241,34.379,,,,0.0,,,,,,,,,,6740.0,6769.0,0.0,0.0,29.0,0.0,29.0,0.0,29.0,0.0,0.0,0.0,0.0,0.0,0.0,0.0,0.0,0.0,battery2_v
2020-08-07T18:00:00Z,30.0,30.0,,,,,1047.667,1069.0,,,,12.176,12.195,,,,7097.0,7097.0,7097.0,,-6.0,40.2,,,,0.0,,,,,,,,,,6770.0,6799.0,0.0,0.0,30.0,0.0,30.0,0.0,30.0,0.0,0.0,0.0,0.0,0.0,0.0,0.0,0.0,0.0,battery2_v
2020-08-07T19:00:00Z,30.0,30.0,,,,,1064.2,1081.0,,,,12.171,12.19,,,,7097.0,7097.0,7097.0,,-5.533,45.4,,,,0.0,,,,,,,,,,6800.0,6829.0,0.0,0.0,30.0,0.0,30.0,0.0,30.0,0.0,0.0,3.0,0.0,0.0,0.0,0.0,0.0,0.0,battery2_v
2020-08-07T20:00:00Z,29.0,29.0,,,,,1085.897,1104.0,,,,12.157,12.185,,,,7097.0,7097.0,7097.0,,-5.138,46.172,,,,0.0,,,,,,,,,,6830.0,6859.0,0.0,0.0,29.0,0.0,29.0,0.0,29.0,0.0,0.0,3.0,0.0,0.0,0.0,0.0,0.0,0.0,battery2_v
2020-08-07T21:00:00Z,30.0,30.0,,,,,1098.067,1116.0,,,,12.162,12.176,,,,7097.0,7097.0,7097.0,,-4.467,50.233,,,,0.0,,,,,,,,,,6860.0,6889.0,0.0,0.0,30.0,0.0,30.0,0.0,30.0,0.0,0.0,14.0,0.0,0.0,0.0,0.0,0.0,0.0,battery2_v
2020-08-07T22:00:00Z,30.0,30.0,,,,,2699.367,11973.0,,,,12.152,12.171,,,,7097.0,7097.0,7097.0,,-4.167,53.8,,,,0.0,,,,,,,,,,6890.0,6919.0,0.0,0.0,30.0,0.0,30.0,0.0,30.0,0.0,0.0,22.0,0.0,0.0,0.0,0.0,0.0,0.0,battery2_v
2020-08-07T23:00:00Z,30.0,30.0,,,,,8603.267,21076.0,,,,12.147,12.195,,,,7097.0,7097.0,7097.0,,-2.533,55.5,,,,0.0,,,,,,,,,,6920.0,6949.0,0.0,0.0,30.0,0.0,30.0,0.0,30.0,0.0,0.0,22.0,0.0,0.0,0.0,0.0,0.0,0.0,battery2_v
2020-08-08T00:00:00Z,30.0,30.0,,,,,13550.667,13997.0,,,,11.982,12.843,,,,7097.0,7097.0,7097.0,,56.5,108.133,,,,0.033,,,,,,,,,,6950.0,6979.0,0.0,0.0,30.0,0.0,30.0,0.0,30.0,0.0,12.0,30.0,0.0,0.0,0.0,0.0,0.0,0.0,battery2_v
2020-08-08T01:00:00Z,30.0,30.0,,,,,13373.667,13798.0,,,,12.157,13.07,,,,7097.0,7097.0,7097.0,,86.067,101.633,,,,0.167,,,,,,,,,,6980.0,7009.0,0.0,0.0,30.0,0.0,30.0,0.0,30.0,0.0,20.0,30.0,0.0,0.0,0.0,0.0,0.0,0.0,battery2_v
2020-08-08T02:00:00Z,30.0,30.0,,,,,13331.633,13904.0,,,,12.076,13.425,,,,7097.0,7097.0,7097.0,,78.033,57.567,,,,0.367,,,,,,,,,,7010.0,7039.0,0.0,0.0,30.0,0.0,30.0,0.0,30.0,0.0,21.0,30.0,0.0,0.0,0.0,0.0,0.0,0.0,battery2_v
2020-08-08T03:00:00Z,30.0,30.0,,,,,14338.667,22339.0,,,,11.963,13.141,,,,7097.0,7097.0,7097.0,,29.233,-11.667,,,,0.367,,,,,,,,,,7040.0,7069.0,0.0,0.0,30.0,0.0,30.0,0.0,30.0,0.0,12.0,20.0,0.0,0.0,0.0,0.0,0.0,0.0,battery2_v
2020-08-08T04:00:00Z,30.0,30.0,,,,,14260.2,21930.0,,,,12.204,13.174,,,,7097.0,7097.0,7097.0,,44.9,-8.567,,,,0.467,,,,,,,,,,7070.0,7099.0,0.0,0.0,30.0,0.0,30.0,0.0,30.0,0.0,10.0,27.0,0.0,0.0,0.0,0.0,0.0,0.0,battery2_v
2020-08-08T05:00:00Z,31.0,31.0,,,,,13197.548,13869.0,,,,12.114,13.529,,,,7097.0,7097.0,7097.0,,80.581,-55.548,,,,0.677,,,,,,,,,,7100.0,7130.0,0.0,0.0,31.0,0.0,31.0,0.0,31.0,0.0,23.0,27.0,0.0,0.0,0.0,0.0,0.0,0.0,battery2_v
2020-08-08T06:00:00Z,30.0,30.0,,,,,13335.567,14196.0,,,,12.062,13.992,,,,7097.0,7097.0,7097.0,,72.567,40.867,,,,0.267,,,,,,,,,,7131.0,7160.0,0.0,0.0,30.0,0.0,30.0,0.0,30.0,0.0,20.0,27.0,0.0,0.0,0.0,0.0,0.0,0.0,battery2_v
2020-08-08T07:00:00Z,30.0,30.0,,,,,13519.633,20374.0,,,,12.133,13.482,,,,7097.0,7097.0,7097.0,,78.733,73.0,,,,0.167,,,,,,,,,,7161.0,7190.0,0.0,0.0,30.0,0.0,30.0,0.0,30.0,0.0,20.0,23.0,0.0,0.0,0.0,0.0,0.0,0.0,battery2_v
2020-08-08T08:00:00Z,29.0,29.0,,,,,10040.31,14500.0,,,,12.275,12.398,,,,7097.0,7097.0,7097.0,,2.379,31.241,,,,0.0,,,,,,,,,,7191.0,7220.0,0.0,0.0,29.0,0.0,29.0,0.0,29.0,0.0,0.0,3.0,0.0,0.0,0.0,0.0,0.0,0.0,battery2_v
2020-08-08T09:00:00Z,30.0,30.0,,,,,2561.833,3444.0,,,,12.251,12.356,,,,7097.0,7097.0,7097.0,,-3.433,43.567,,,,0.0,,,,,,,,,,7221.0,7250.0,0.0,0.0,30.0,0.0,30.0,0.0,30.0,0.0,0.0,1.0,0.0,0.0,0.0,0.0,0.0,0.0,battery2_v
2020-08-08T10:00:00Z,30.0,30.0,,,,,2634.3,4696.0,,,,12.233,12.261,,,,7097.0,7097.0,7097.0,,-4.767,41.267,,,,0.0,,,,,,,,,,7251.0,7280.0,0.0,0.0,30.0,0.0,30.0,0.0,30.0,0.0,0.0,0.0,0.0,0.0,0.0,0.0,0.0,0.0,battery2_v
2020-08-08T11:00:00Z,30.0,30.0,,,,,866.467,2344.0,,,,12.223,12.507,,,,7097.0,7097.0,7097.0,,17.207,67.533,,,,0.0,,,,,,,,,,7281.0,7310.0,0.0,0.0,21.0,0.0,30.0,0.0,30.0,0.0,4.0,15.0,0.0,0.0,0.0,0.0,0.0,0.0,battery2_v
2020-08-08T12:00:00Z,30.0,30.0,,,,,425.967,975.0,,,,12.218,12.606,,,,7097.0,7097.0,7097.0,,32.133,78.2,,,,0.0,,,,,,,,,,7311.0,7340.0,0.0,0.0,19.0,0.0,30.0,0.0,30.0,0.0,8.0,19.0,0.0,0.0,0.0,0.0,0.0,0.0,battery2_v
2020-08-08T13:00:00Z,30.0,30.0,,,,,845.667,1022.0,,,,12.204,12.356,,,,7097.0,7097.0,7097.0,,-2.9,34.967,,,,0.0,,,,,,,,,,7341.0,7370.0,0.0,0.0,29.0,0.0,30.0,0.0,30.0,0.0,0.0,2.0,0.0,0.0,0.0,0.0,0.0,0.0,battery2_v
2020-08-08T14:00:00Z,30.0,30.0,,,,,1019.267,1045.0,,,,12.199,12.209,,,,7097.0,7097.0,7097.0,,-6.233,33.033,,,,0.0,,,,,,,,,,7371.0,7400.0,0.0,0.0,30.0,0.0,30.0,0.0,30.0,0.0,0.0,0.0,0.0,0.0,0.0,0.0,0.0,0.0,battery2_v
2020-08-08T15:00:00Z,30.0,30.0,,,,,1043.467,1069.0,,,,12.181,12.204,,,,7097.0,7097.0,7097.0,,-5.9,40.733,,,,0.0,,,,,,,,,,7401.0,7430.0,0.0,0.0,30.0,0.0,30.0,0.0,30.0,0.0,0.0,0.0,0.0,0.0,0.0,0.0,0.0,0.0,battery2_v
2020-08-08T16:00:00Z,29.0,29.0,,,,,1076.345,1092.0,,,,12.166,12.195,,,,7097.0,7097.0,7097.0,,-5.586,42.241,,,,0.0,,,,,,,,,,7431.0,7460.0,0.0,0.0,29.0,0.0,29.0,0.0,29.0,0.0,0.0,1.0,0.0,0.0,0.0,0.0,0.0,0.0,battery2_v
2020-08-08T17:00:00Z,30.0,30.0,,,,,1104.4,1116.0,,,,12.162,12.176,,,,7097.0,7097.0,7097.0,,-4.933,49.433,,,,0.0,,,,,,,,,,7461.0,7490.0,0.0,0.0,30.0,0.0,30.0,0.0,30.0,0.0,0.0,12.0,0.0,0.0,0.0,0.0,0.0,0.0,battery2_v
2020-08-08T18:00:00Z,29.0,29.0,,,,,1125.276,1139.0,,,,12.152,12.166,,,,7097.0,7097.0,7097.0,,-4.379,53.759,,,,0.0,,,,,,,,,,7491.0,7520.0,0.0,0.0,29.0,0.0,29.0,0.0,29.0,0.0,0.0,20.0,0.0,0.0,0.0,0.0,0.0,0.0,battery2_v
2020-08-08T19:00:00Z,30.0,30.0,,,,,1139.733,1162.0,,,,12.143,12.162,,,,7097.0,7097.0,7097.0,,-4.033,56.867,,,,0.0,,,,,,,,,,7521.0,7550.0,0.0,0.0,30.0,0.0,30.0,0.0,30.0,0.0,0.0,28.0,0.0,0.0,0.0,0.0,0.0,0.0,battery2_v
2020-08-08T20:00:00Z,30.0,30.0,,,,,1151.933,1174.0,,,,12.143,12.157,,,,7097.0,7097.0,7097.0,,-3.733,62.133,,,,0.0,,,,,,,,,,7551.0,7580.0,0.0,0.0,30.0,0.0,30.0,0.0,30.0,0.0,0.0,29.0,0.0,0.0,0.0,0.0,0.0,0.0,battery2_v
2020-08-08T21:00:00Z,30.0,30.0,,,,,1168.8,1198.0,,,,12.133,12.147,,,,7097.0,7097.0,7097.0,,-3.733,60.2,,,,0.0,,,,,,,,,,7581.0,7610.0,0.0,0.0,30.0,0.0,30.0,0.0,30.0,0.0,0.0,27.0,0.0,0.0,0.0,0.0,0.0,0.0,battery2_v
2020-08-08T22:00:00Z,30.0,30.0,,,,,2195.6,8264.0,,,,12.128,12.147,,,,7097.0,7097.0,7097.0,,-3.533,63.767,,,,0.0,,,,,,,,,,7611.0,7640.0,0.0,0.0,30.0,0.0,30.0,0.0,30.0,0.0,0.0,30.0,0.0,0.0,0.0,0.0,0.0,0.0,battery2_v
2020-08-08T23:00:00Z,30.0,30.0,,,,,4644.733,13260.0,,,,12.124,12.138,,,,7097.0,7097.0,7097.0,,-3.2,66.267,,,,0.0,,,,,,,,,,7641.0,7670.0,0.0,0.0,30.0,0.0,30.0,0.0,30.0,0.0,0.0,30.0,0.0,0.0,0.0,0.0,0.0,0.0,battery2_v
2020-08-09T00:00:00Z,30.0,30.0,,,,,11097.6,16010.0,,,,12.119,12.152,,,,7097.0,7097.0,7097.0,,-0.133,69.567,,,,0.0,,,,,,,,,,7671.0,7700.0,0.0,0.0,30.0,0.0,30.0,0.0,30.0,0.0,0.0,30.0,0.0,0.0,0.0,0.0,0.0,0.0,battery2_v
2020-08-09T01:00:00Z,30.0,30.0,,,,,13623.8,13775.0,,,,12.147,12.497,,,,7097.0,7097.0,7097.0,,43.933,112.467,,,,0.0,,,,,,,,,,7701.0,7730.0,0.0,0.0,30.0,0.0,30.0,0.0,30.0,0.0,9.0,30.0,0.0,0.0,0.0,0.0,0.0,0.0,battery2_v
2020-08-09T02:00:00Z,30.0,30.0,,,,,13337.833,13564.0,,,,12.322,12.739,,,,7097.0,7097.0,7097.0,,98.967,163.2,,,,0.0,,,,,,,,,,7731.0,7760.0,0.0,0.0,30.0,0.0,30.0,0.0,30.0,0.0,27.0,30.0,0.0,0.0,0.0,0.0,0.0,0.0,battery2_v
2020-08-09T03:00:00Z,30.0,30.0,,,,,14573.4,23088.0,,,,11.977,12.895,,,,7097.0,7097.0,7097.0,,83.207,95.867,,,,0.233,,,,,,,,,,7761.0,7790.0,0.0,0.0,30.0,0.0,30.0,0.0,30.0,0.0,22.0,30.0,0.0,0.0,0.0,0.0,0.0,0.0,battery2_v
2020-08-09T04:00:00Z,30.0,30.0,,,,,13444.733,13904.0,,,,12.058,12.852,,,,7097.0,7097.0,7097.0,,48.467,-18.3,,,,0.567,,,,,,,,,,7791.0,7820.0,0.0,0.0,30.0,0.0,30.0,0.0,30.0,0.0,15.0,30.0,0.0,0.0,0.0,0.0,0.0,0.0,battery2_v
2020-08-09T05:00:00Z,31.0,31.0,,,,,13505.161,13939.0,,,,12.034,13.023,,,,7097.0,7097.0,7097.0,,34.581,54.871,,,,0.129,,,,,,,,,,7821.0,7851.0,0.0,0.0,31.0,0.0,31.0,0.0,31.0,0.0,8.0,18.0,0.0,0.0,0.0,0.0,0.0,0.0,battery2_v
2020-08-09T06:00:00Z,30.0,30.0,,,,,12206.567,18631.0,,,,12.228,12.62,,,,7097.0,7097.0,7097.0,,25.367,67.5,,,,0.0,,,,,,,,,,7852.0,7881.0,0.0,0.0,30.0,0.0,30.0,0.0,30.0,0.0,7.0,8.0,0.0,0.0,0.0,0.0,0.0,0.0,battery2_v
2020-08-09T07:00:00Z,30.0,30.0,,,,,4811.267,13658.0,,,,12.204,12.275,,,,7097.0,7097.0,7097.0,,-4.033,43.967,,,,0.0,,,,,,,,,,7882.0,7911.0,0.0,0.0,30.0,0.0,30.0,0.0,30.0,0.0,0.0,4.0,0.0,0.0,0.0,0.0,0.0,0.0,battery2_v
2020-08-09T08:00:00Z,30.0,30.0,,,,,3258.833,3619.0,,,,12.185,12.214,,,,7097.0,7097.0,7097.0,,-4.2,44.6,,,,0.0,,,,,,,,,,7912.0,7941.0,0.0,0.0,30.0,0.0,30.0,0.0,30.0,0.0,0.0,1.0,0.0,0.0,0.0,0.0,0.0,0.0,battery2_v
2020-08-09T09:00:00Z,29.0,29.0,,,,,3533.069,7785.0,,,,11.859,12.852,,,,7097.0,7097.0,7097.0,,35.179,72.31,,,,0.103,,,,,,,,,,7942.0,7971.0,0.0,0.0,29.0,0.0,29.0,0.0,29.0,0.0,9.0,13.0,0.0,0.0,0.0,0.0,0.0,0.0,battery2_v
2020-08-09T10:00:00Z,30.0,30.0,,,,,2585.967,3456.0,,,,12.171,12.469,,,,7097.0,7097.0,7097.0,,1.967,53.133,,,,0.0,,,,,,,,,,7972.0,8001.0,0.0,0.0,30.0,0.0,30.0,0.0,30.0,0.0,1.0,8.0,0.0,0.0,0.0,0.0,0.0,0.0,battery2_v
2020-08-09T11:00:00Z,29.0,29.0,,,,,1293.241,2239.0,,,,12.147,12.181,,,,7097.0,7097.0,7097.0,,-6.448,31.621,,,,0.0,,,,,,,,,,8002.0,8030.0,0.0,0.0,29.0,0.0,29.0,0.0,29.0,0.0,0.0,2.0,0.0,0.0,0.0,0.0,0.0,0.0,battery2_v
2020-08-09T12:00:00Z,30.0,30.0,,,,,1141.267,1162.0,,,,12.133,12.157,,,,7097.0,7097.0,7097.0,,-6.533,30.767,,,,0.0,,,,,,,,,,8032.0,8061.0,0.0,0.0,30.0,0.0,30.0,0.0,30.0,0.0,0.0,0.0,0.0,0.0,0.0,0.0,0.0,0.0,battery2_v
2020-08-09T13:00:00Z,30.0,30.0,,,,,1171.767,1198.0,,,,12.124,12.138,,,,7097.0,7097.0,7097.0,,-6.133,37.467,,,,0.0,,,,,,,,,,8062.0,8091.0,0.0,0.0,30.0,0.0,30.0,0.0,30.0,0.0,0.0,0.0,0.0,0.0,0.0,0.0,0.0,0.0,battery2_v
2020-08-09T14:00:00Z,29.0,29.0,,,,,1190.414,1209.0,,,,12.119,12.133,,,,7097.0,7097.0,7097.0,,-5.897,41.931,,,,0.0,,,,,,,,,,8092.0,8121.0,0.0,0.0,29.0,0.0,29.0,0.0,29.0,0.0,0.0,1.0,0.0,0.0,0.0,0.0,0.0,0.0,battery2_v
2020-08-09T15:00:00Z,30.0,30.0,,,,,1202.767,1221.0,,,,12.114,12.124,,,,7097.0,7097.0,7097.0,,-5.5,45.667,,,,0.0,,,,,,,,,,8122.0,8151.0,0.0,0.0,30.0,0.0,30.0,0.0,30.0,0.0,0.0,2.0,0.0,0.0,0.0,0.0,0.0,0.0,battery2_v
2020-08-09T16:00:00Z,30.0,30.0,,,,,1209.667,1233.0,,,,12.114,12.124,,,,7097.0,7097.0,7097.0,,-4.633,50.467,,,,0.0,,,,,,,,,,8152.0,8181.0,0.0,0.0,30.0,0.0,30.0,0.0,30.0,0.0,0.0,15.0,0.0,0.0,0.0,0.0,0.0,0.0,battery2_v
2020-08-09T17:00:00Z,30.0,30.0,,,,,1223.033,1244.0,,,,12.105,12.119,,,,7097.0,7097.0,7097.0,,-4.3,54.067,,,,0.0,,,,,,,,,,8182.0,8211.0,0.0,0.0,30.0,0.0,30.0,0.0,30.0,0.0,0.0,22.0,0.0,0.0,0.0,0.0,0.0,0.0,battery2_v
2020-08-09T18:00:00Z,30.0,30.0,,,,,1234.7,1279.0,,,,12.1,12.114,,,,7097.0,7097.0,7097.0,,-4.033,58.667,,,,0.0,,,,,,,,,,8212.0,8241.0,0.0,0.0,30.0,0.0,30.0,0.0,30.0,0.0,0.0,28.0,0.0,0.0,0.0,0.0,0.0,0.0,battery2_v
2020-08-09T19:00:00Z,29.0,29.0,,,,,1253.552,1268.0,,,,12.1,12.114,,,,7097.0,7097.0,7097.0,,-3.966,57.586,,,,0.0,,,,,,,,,,8242.0,8271.0,0.0,0.0,29.0,0.0,29.0,0.0,29.0,0.0,0.0,26.0,0.0,0.0,0.0,0.0,0.0,0.0,battery2_v
2020-08-09T20:00:00Z,30.0,30.0,,,,,1272.367,1303.0,,,,12.091,12.105,,,,7097.0,7097.0,7097.0,,-3.9,59.267,,,,0.0,,,,,,,,,,8272.0,8301.0,0.0,0.0,30.0,0.0,30.0,0.0,30.0,0.0,0.0,26.0,0.0,0.0,0.0,0.0,0.0,0.0,battery2_v
2020-08-09T21:00:00Z,30.0,30.0,,,,,1286.333,1303.0,,,,12.086,12.105,,,,7097.0,7097.0,7097.0,,-3.633,59.5,,,,0.0,,,,,,,,,,8302.0,8331.0,0.0,0.0,30.0,0.0,30.0,0.0,30.0,0.0,0.0,29.0,0.0,0.0,0.0,0.0,0.0,0.0,battery2_v
2020-08-09T22:00:00Z,30.0,30.0,,,,,3250.533,14255.0,,,,12.086,12.1,,,,7097.0,7097.0,7097.0,,-3.4,63.567,,,,0.0,,,,,,,,,,8332.0,8361.0,0.0,0.0,30.0,0.0,30.0,0.0,30.0,0.0,0.0,30.0,0.0,0.0,0.0,0.0,0.0,0.0,battery2_v
2020-08-09T23:00:00Z,30.0,30.0,,,,,3720.4,5176.0,,,,11.835,13.732,,,,7097.0,7097.0,7097.0,,19.1,79.867,,,,0.033,,,,,,,,,,8362.0,8391.0,0.0,0.0,29.0,0.0,30.0,0.0,30.0,0.0,2.0,30.0,0.0,0.0,0.0,0.0,0.0,0.0,battery2_v
2020-08-10T00:00:00Z,30.0,30.0,,,,,5526.4,13564.0,,,,11.774,13.311,,,,7097.0,7097.0,7097.0,,111.767,136.5,,,,0.2,,,,,,,,,,8392.0,8421.0,0.0,0.0,29.0,0.0,30.0,0.0,30.0,0.0,20.0,29.0,0.0,0.0,0.0,0.0,0.0,0.0,battery2_v
2020-08-10T01:00:00Z,21.0,21.0,,,,,4280.857,12547.0,,,,12.138,12.398,,,,7097.0,7097.0,7097.0,,12.25,86.524,,,,0.0,,,,,,,,,,8422.0,8449.0,0.0,0.0,21.0,0.0,21.0,0.0,21.0,0.0,2.0,20.0,0.0,0.0,0.0,0.0,0.0,0.0,battery2_v
2020-08-10T02:00:00Z,16.0,16.0,,,,,13769.062,13787.0,,,,12.143,12.185,,,,7097.0,7097.0,7097.0,,9.062,78.938,,,,0.0,,,,,,,,,,8452.0,8475.0,0.0,0.0,16.0,0.0,16.0,0.0,16.0,0.0,0.0,16.0,0.0,0.0,0.0,0.0,0.0,0.0,battery2_v
2020-08-10T03:00:00Z,13.0,13.0,,,,,13618.462,13717.0,,,,12.204,12.474,,,,7097.0,7097.0,7097.0,,54.231,125.462,,,,0.0,,,,,,,,,,8482.0,8506.0,0.0,0.0,13.0,0.0,13.0,0.0,13.0,0.0,6.0,13.0,0.0,0.0,0.0,0.0,0.0,0.0,battery2_v
2020-08-10T04:00:00Z,21.0,21.0,,,,,13321.571,13787.0,,,,12.209,13.06,,,,7097.0,7097.0,7097.0,,122.75,57.619,,,,0.571,,,,,,,,,,8510.0,8535.0,0.0,0.0,21.0,0.0,21.0,0.0,21.0,0.0,18.0,19.0,0.0,0.0,0.0,0.0,0.0,0.0,battery2_v
2020-08-10T05:00:00Z,24.0,24.0,,,,,13283.625,13927.0,,,,12.034,13.699,,,,7097.0,7097.0,7097.0,,94.25,6.792,,,,0.583,,,,,,,,,,8536.0,8565.0,0.0,0.0,24.0,0.0,24.0,0.0,24.0,0.0,21.0,22.0,0.0,0.0,0.0,0.0,0.0,0.0,battery2_v
2020-08-10T06:00:00Z,15.0,15.0,,,,,13135.4,13845.0,,,,12.105,13.207,,,,7097.0,7097.0,7097.0,,134.333,95.4,,,,0.6,,,,,,,,,,8566.0,8593.0,0.0,0.0,15.0,0.0,15.0,0.0,15.0,0.0,13.0,14.0,0.0,0.0,0.0,0.0,0.0,0.0,battery2_v
2020-08-10T07:00:00Z,19.0,19.0,,,,,13364.895,13775.0,,,,12.176,12.701,,,,7097.0,7097.0,7097.0,,62.105,100.368,,,,0.053,,,,,,,,,,8594.0,8613.0,0.0,0.0,19.0,0.0,19.0,0.0,19.0,0.0,14.0,19.0,0.0,0.0,0.0,0.0,0.0,0.0,battery2_v
2020-08-10T08:00:00Z,30.0,30.0,,,,,13458.0,14629.0,,,,11.963,13.165,,,,7097.0,7097.0,7097.0,,56.767,89.967,,,,0.1,,,,,,,,,,8623.0,8652.0,0.0,0.0,30.0,0.0,30.0,0.0,30.0,0.0,14.0,24.0,0.0,0.0,0.0,0.0,0.0,0.0,battery2_v
2020-08-10T09:00:00Z,30.0,30.0,,,,,11152.3,13670.0,,,,12.242,12.512,,,,7097.0,7097.0,7097.0,,27.0,76.833,,,,0.0,,,,,,,,,,8653.0,8682.0,0.0,0.0,30.0,0.0,30.0,0.0,30.0,0.0,6.0,24.0,0.0,0.0,0.0,0.0,0.0,0.0,battery2_v
2020-08-10T10:00:00Z,30.0,30.0,,,,,3441.167,5187.0,,,,12.195,12.237,,,,7097.0,7097.0,7097.0,,-2.967,62.433,,,,0.0,,,,,,,,,,8683.0,8712.0,0.0,0.0,30.0,0.0,30.0,0.0,30.0,0.0,0.0,29.0,0.0,0.0,0.0,0.0,0.0,0.0,battery2_v
2020-08-10T11:00:00Z,30.0,30.0,,,,,1527.367,5012.0,,,,12.19,12.346,,,,7097.0,7097.0,7097.0,,10.133,79.5,,,,0.0,,,,,,,,,,8713.0,8742.0,0.0,0.0,29.0,0.0,30.0,0.0,30.0,0.0,1.0,29.0,0.0,0.0,0.0,0.0,0.0,0.0,battery2_v
2020-08-10T12:00:00Z,30.0,30.0,,,,,929.967,1069.0,,,,12.166,12.261,,,,7097.0,7097.0,7097.0,,0.167,65.633,,,,0.0,,,,,,,,,,8743.0,8772.0,0.0,0.0,30.0,0.0,30.0,0.0,30.0,0.0,0.0,29.0,0.0,0.0,0.0,0.0,0.0,0.0,battery2_v
2020-08-10T13:00:00Z,30.0,30.0,,,,,841.567,1104.0,,,,12.157,12.251,,,,7097.0,7097.0,7097.0,,2.034,68.3,,,,0.0,,,,,,,,,,8773.0,8802.0,0.0,0.0,30.0,0.0,30.0,0.0,30.0,0.0,0.0,29.0,0.0,0.0,0.0,0.0,0.0,0.0,battery2_v
2020-08-10T14:00:00Z,30.0,30.0,,,,,1099.667,1151.0,,,,12.143,12.195,,,,7097.0,7097.0,7097.0,,-5.1,42.4,,,,0.0,,,,,,,,,,8803.0,8832.0,0.0,0.0,30.0,0.0,30.0,0.0,30.0,0.0,0.0,1.0,0.0,0.0,0.0,0.0,0.0,0.0,battery2_v
2020-08-10T15:00:00Z,30.0,30.0,,,,,881.167,1174.0,,,,12.133,12.294,,,,7097.0,7097.0,7097.0,,2.276,50.933,,,,0.0,,,,,,,,,,8833.0,8862.0,0.0,0.0,28.0,0.0,30.0,0.0,30.0,0.0,1.0,11.0,0.0,0.0,0.0,0.0,0.0,0.0,battery2_v
2020-08-10T16:00:00Z,30.0,30.0,,,,,984.267,1198.0,,,,12.124,12.351,,,,7097.0,7097.0,7097.0,,2.6,56.4,,,,0.0,,,,,,,,,,8863.0,8892.0,0.0,0.0,28.0,0.0,30.0,0.0,30.0,0.0,2.0,10.0,0.0,0.0,0.0,0.0,0.0,0.0,battery2_v
2020-08-10T17:00:00Z,30.0,30.0,,,,,942.967,1209.0,,,,12.11,12.233,,,,7097.0,7097.0,7097.0,,1.241,57.267,,,,0.0,,,,,,,,,,8893.0,8922.0,0.0,0.0,30.0,0.0,30.0,0.0,30.0,0.0,0.0,16.0,0.0,0.0,0.0,0.0,0.0,0.0,battery2_v
2020-08-10T18:00:00Z,30.0,30.0,,,,,1227.933,1256.0,,,,12.105,12.119,,,,7097.0,7097.0,7097.0,,-4.233,55.167,,,,0.0,,,,,,,,,,8923.0,8952.0,0.0,0.0,30.0,0.0,30.0,0.0,30.0,0.0,0.0,26.0,0.0,0.0,0.0,0.0,0.0,0.0,battery2_v
2020-08-10T19:00:00Z,30.0,30.0,,,,,575.5,1268.0,,,,12.1,12.374,,,,7097.0,7097.0,7097.0,,23.7,86.533,,,,0.0,,,,,,,,,,8953.0,8982.0,0.0,0.0,22.0,0.0,30.0,0.0,30.0,0.0,4.0,26.0,0.0,0.0,0.0,0.0,0.0,0.0,battery2_v
2020-08-10T20:00:00Z,30.0,30.0,,,,,1107.867,1291.0,,,,12.095,12.294,,,,7097.0,7097.0,7097.0,,0.7,66.433,,,,0.0,,,,,,,,,,8983.0,9012.0,0.0,0.0,30.0,0.0,30.0,0.0,30.0,0.0,1.0,26.0,0.0,0.0,0.0,0.0,0.0,0.0,battery2_v
2020-08-10T21:00:00Z,30.0,30.0,,,,,1282.467,1303.0,,,,12.086,12.105,,,,7097.0,7097.0,7097.0,,-3.433,64.6,,,,0.0,,,,,,,,,,9013.0,9042.0,0.0,0.0,30.0,0.0,30.0,0.0,30.0,0.0,0.0,30.0,0.0,0.0,0.0,0.0,0.0,0.0,battery2_v
2020-08-10T22:00:00Z,29.0,29.0,,,,,2366.345,8662.0,,,,12.081,12.095,,,,7097.0,7097.0,7097.0,,-3.345,65.172,,,,0.0,,,,,,,,,,9043.0,9072.0,0.0,0.0,29.0,0.0,29.0,0.0,29.0,0.0,0.0,28.0,0.0,0.0,0.0,0.0,0.0,0.0,battery2_v
2020-08-10T23:00:00Z,30.0,30.0,,,,,6239.133,13880.0,,,,12.076,12.128,,,,7097.0,7097.0,7097.0,,-1.5,70.067,,,,0.0,,,,,,,,,,9073.0,9102.0,0.0,0.0,30.0,0.0,30.0,0.0,30.0,0.0,0.0,30.0,0.0,0.0,0.0,0.0,0.0,0.0,battery2_v
2020-08-11T00:00:00Z,30.0,30.0,,,,,14330.433,22538.0,,,,12.086,12.521,,,,7097.0,7097.0,7097.0,,46.167,113.633,,,,0.0,,,,,,,,,,9103.0,9132.0,0.0,0.0,30.0,0.0,30.0,0.0,30.0,0.0,9.0,30.0,0.0,0.0,0.0,0.0,0.0,0.0,battery2_v
2020-08-11T01:00:00Z,9.0,9.0,,,,,14990.556,21848.0,,,,12.171,12.696,,,,7097.0,7097.0,7097.0,,75.111,141.778,,,,0.0,,,,,,,,,,9133.0,9155.0,0.0,0.0,9.0,0.0,9.0,0.0,9.0,0.0,6.0,9.0,0.0,0.0,0.0,0.0,0.0,0.0,battery2_v
2020-08-11T02:00:00Z,11.0,11.0,,,,,13363.545,14032.0,,,,11.953,13.037,,,,7097.0,7097.0,7097.0,,88.909,127.727,,,,0.182,,,,,,,,,,9166.0,9188.0,0.0,0.0,11.0,0.0,11.0,0.0,11.0,0.0,9.0,11.0,0.0,0.0,0.0,0.0,0.0,0.0,battery2_v
2020-08-11T03:00:00Z,9.0,9.0,,,,,14118.0,20807.0,,,,12.162,13.202,,,,7097.0,7097.0,7097.0,,89.444,113.444,,,,0.111,,,,,,,,,,9193.0,9211.0,0.0,0.0,9.0,0.0,9.0,0.0,9.0,0.0,5.0,8.0,0.0,0.0,0.0,0.0,0.0,0.0,battery2_v
2020-08-11T04:00:00Z,15.0,15.0,,,,,15672.733,23860.0,,,,11.968,13.023,,,,7097.0,7097.0,7097.0,,61.733,53.733,,,,0.2,,,,,,,,,,9217.0,9244.0,0.0,0.0,15.0,0.0,15.0,0.0,15.0,0.0,9.0,12.0,0.0,0.0,0.0,0.0,0.0,0.0,battery2_v
2020-08-11T05:00:00Z,28.0,28.0,,,,,14998.071,23334.0,,,,11.916,13.429,,,,7097.0,7097.0,7097.0,,77.714,35.821,,,,0.393,,,,,,,,,,9245.0,9273.0,0.0,0.0,28.0,0.0,28.0,0.0,28.0,0.0,19.0,27.0,0.0,0.0,0.0,0.0,0.0,0.0,battery2_v
2020-08-11T06:00:00Z,27.0,27.0,,,,,14902.037,23732.0,,,,11.977,13.254,,,,7097.0,7097.0,7097.0,,82.333,53.889,,,,0.259,,,,,,,,,,9275.0,9302.0,0.0,0.0,27.0,0.0,27.0,0.0,27.0,0.0,21.0,20.0,0.0,0.0,0.0,0.0,0.0,0.0,battery2_v
2020-08-11T07:00:00Z,14.0,14.0,,,,,13264.357,13798.0,,,,12.162,12.919,,,,7097.0,7097.0,7097.0,,84.071,75.571,,,,0.143,,,,,,,,,,9315.0,9331.0,0.0,0.0,14.0,0.0,14.0,0.0,14.0,0.0,13.0,13.0,0.0,0.0,0.0,0.0,0.0,0.0,battery2_v
2020-08-11T08:00:00Z,30.0,30.0,,,,,12992.033,14629.0,,,,11.93,13.004,,,,7097.0,7097.0,7097.0,,27.133,31.333,,,,0.033,,,,,,,,,,9332.0,9361.0,0.0,0.0,30.0,0.0,30.0,0.0,30.0,0.0,11.0,12.0,0.0,0.0,0.0,0.0,0.0,0.0,battery2_v
2020-08-11T09:00:00Z,30.0,30.0,,,,,14795.733,22480.0,,,,11.996,13.165,,,,7097.0,7097.0,7097.0,,55.667,39.033,,,,0.167,,,,,,,,,,9362.0,9391.0,0.0,0.0,30.0,0.0,30.0,0.0,30.0,0.0,13.0,17.0,0.0,0.0,0.0,0.0,0.0,0.0,battery2_v
2020-08-11T10:00:00Z,30.0,30.0,,,,,6615.8,15893.0,,,,12.119,12.814,,,,7097.0,7097.0,7097.0,,32.607,23.9,,,,0.133,,,,,,,,,,9392.0,9421.0,0.0,0.0,30.0,0.0,30.0,0.0,30.0,0.0,8.0,15.0,0.0,0.0,0.0,0.0,0.0,0.0,battery2_v
2020-08-11T11:00:00Z,29.0,29.0,,,,,1277.379,2555.0,,,,12.204,12.37,,,,7097.0,7097.0,7097.0,,-4.31,23.724,,,,0.0,,,,,,,,,,9422.0,9451.0,0.0,0.0,29.0,0.0,29.0,0.0,29.0,0.0,0.0,1.0,0.0,0.0,0.0,0.0,0.0,0.0,battery2_v
2020-08-11T12:00:00Z,30.0,30.0,,,,,790.167,1022.0,,,,12.19,12.384,,,,7097.0,7097.0,7097.0,,0.103,27.067,,,,0.0,,,,,,,,,,9452.0,9481.0,0.0,0.0,28.0,0.0,30.0,0.0,30.0,0.0,2.0,2.0,0.0,0.0,0.0,0.0,0.0,0.0,battery2_v
2020-08-11T13:00:00Z,30.0,30.0,,,,,884.733,1045.0,,,,12.181,12.256,,,,7097.0,7097.0,7097.0,,-3.0,25.067,,,,0.0,,,,,,,,,,9482.0,9511.0,0.0,0.0,30.0,0.0,30.0,0.0,30.0,0.0,0.0,1.0,0.0,0.0,0.0,0.0,0.0,0.0,battery2_v
2020-08-11T14:00:00Z,30.0,30.0,,,,,981.533,1092.0,,,,12.162,12.214,,,,7097.0,7097.0,7097.0,,-6.931,9.967,,,,0.0,,,,,,,,,,9512.0,9541.0,0.0,0.0,30.0,0.0,30.0,0.0,30.0,0.0,0.0,0.0,0.0,0.0,0.0,0.0,0.0,0.0,battery2_v
2020-08-11T15:00:00Z,31.0,31.0,,,,,1092.742,1116.0,,,,12.147,12.166,,,,7097.0,7097.0,7097.0,,-8.806,4.032,,,,0.0,,,,,,,,,,9542.0,9572.0,0.0,0.0,31.0,0.0,31.0,0.0,31.0,0.0,0.0,0.0,0.0,0.0,0.0,0.0,0.0,0.0,battery2_v
2020-08-11T16:00:00Z,30.0,30.0,,,,,1113.767,1139.0,,,,12.143,12.162,,,,7097.0,7097.0,7097.0,,-8.433,8.1,,,,0.0,,,,,,,,,,9573.0,9602.0,0.0,0.0,30.0,0.0,30.0,0.0,30.0,0.0,0.0,0.0,0.0,0.0,0.0,0.0,0.0,0.0,battery2_v
2020-08-11T17:00:00Z,30.0,30.0,,,,,1132.3,1151.0,,,,12.133,12.152,,,,7097.0,7097.0,7097.0,,-8.233,9.467,,,,0.0,,,,,,,,,,9603.0,9632.0,0.0,0.0,30.0,0.0,30.0,0.0,30.0,0.0,0.0,0.0,0.0,0.0,0.0,0.0,0.0,0.0,battery2_v
2020-08-11T18:00:00Z,30.0,30.0,,,,,1153.033,1174.0,,,,12.124,12.143,,,,7097.0,7097.0,7097.0,,-7.967,15.967,,,,0.0,,,,,,,,,,9633.0,9662.0,0.0,0.0,30.0,0.0,30.0,0.0,30.0,0.0,0.0,0.0,0.0,0.0,0.0,0.0,0.0,0.0,battery2_v
2020-08-11T19:00:00Z,30.0,30.0,,,,,1173.6,1186.0,,,,12.124,12.133,,,,7097.0,7097.0,7097.0,,-7.4,21.733,,,,0.0,,,,,,,,,,9663.0,9692.0,0.0,0.0,30.0,0.0,30.0,0.0,30.0,0.0,0.0,0.0,0.0,0.0,0.0,0.0,0.0,0.0,battery2_v
2020-08-11T20:00:00Z,30.0,30.0,,,,,1090.4,1233.0,,,,12.11,12.171,,,,7097.0,7097.0,7097.0,,-4.759,25.3,,,,0.0,,,,,,,,,,9693.0,9722.0,0.0,0.0,30.0,0.0,30.0,0.0,30.0,0.0,0.0,2.0,0.0,0.0,0.0,0.0,0.0,0.0,battery2_v
2020-08-11T21:00:00Z,30.0,30.0,,,,,1190.2,1256.0,,,,12.1,12.124,,,,7097.0,7097.0,7097.0,,-6.724,25.533,,,,0.0,,,,,,,,,,9723.0,9752.0,0.0,0.0,30.0,0.0,30.0,0.0,30.0,0.0,0.0,1.0,0.0,0.0,0.0,0.0,0.0,0.0,battery2_v
2020-08-11T22:00:00Z,30.0,30.0,,,,,2002.833,5655.0,,,,12.086,12.114,,,,7097.0,7097.0,7097.0,,-6.867,30.0,,,,0.0,,,,,,,,,,9753.0,9782.0,0.0,0.0,30.0,0.0,30.0,0.0,30.0,0.0,0.0,0.0,0.0,0.0,0.0,0.0,0.0,0.0,battery2_v
2020-08-11T23:00:00Z,30.0,30.0,,,,,5277.667,13436.0,,,,12.081,12.143,,,,7097.0,7097.0,7097.0,,-5.367,33.2,,,,0.0,,,,,,,,,,9783.0,9812.0,0.0,0.0,30.0,0.0,30.0,0.0,30.0,0.0,0.0,1.0,0.0,0.0,0.0,0.0,0.0,0.0,battery2_v
2020-08-12T00:00:00Z,30.0,30.0,,,,,13371.433,14606.0,,,,12.091,12.403,,,,7097.0,7097.0,7097.0,,24.345,62.8,,,,0.0,,,,,,,,,,9813.0,9842.0,0.0,0.0,30.0,0.0,30.0,0.0,30.0,0.0,4.0,14.0,0.0,0.0,0.0,0.0,0.0,0.0,battery2_v
2020-08-12T01:00:00Z,28.0,28.0,,,,,13660.893,13798.0,,,,12.138,12.441,,,,7097.0,7097.0,7097.0,,46.036,84.321,,,,0.0,,,,,,,,,,9843.0,9872.0,0.0,0.0,28.0,0.0,28.0,0.0,28.0,0.0,12.0,21.0,0.0,0.0,0.0,0.0,0.0,0.0,battery2_v
2020-08-12T02:00:00Z,18.0,18.0,,,,,13296.667,13541.0,,,,12.356,12.725,,,,7097.0,7097.0,7097.0,,126.222,155.889,,,,0.0,,,,,,,,,,9873.0,9897.0,0.0,0.0,18.0,0.0,18.0,0.0,18.0,0.0,17.0,18.0,0.0,0.0,0.0,0.0,0.0,0.0,battery2_v
2020-08-12T03:00:00Z,19.0,19.0,,,,,13429.474,13541.0,,,,12.341,12.677,,,,7097.0,7097.0,7097.0,,62.684,89.263,,,,0.0,,,,,,,,,,9901.0,9921.0,0.0,0.0,19.0,0.0,19.0,0.0,19.0,0.0,11.0,19.0,0.0,0.0,0.0,0.0,0.0,0.0,battery2_v
2020-08-12T04:00:00Z,24.0,24.0,,,,,13345.542,13880.0,,,,12.091,12.885,,,,7097.0,7097.0,7097.0,,87.25,56.833,,,,0.25,,,,,,,,,,9931.0,9957.0,0.0,0.0,24.0,0.0,24.0,0.0,24.0,0.0,21.0,24.0,0.0,0.0,0.0,0.0,0.0,0.0,battery2_v
2020-08-12T05:00:00Z,21.0,21.0,,,,,13246.81,13810.0,,,,12.157,13.207,,,,7097.0,7097.0,7097.0,,111.667,65.333,,,,0.238,,,,,,,,,,9959.0,9985.0,0.0,0.0,21.0,0.0,21.0,0.0,21.0,0.0,19.0,21.0,0.0,0.0,0.0,0.0,0.0,0.0,battery2_v
2020-08-12T06:00:00Z,23.0,23.0,,,,,13413.913,14149.0,,,,12.195,12.8,,,,7097.0,7097.0,7097.0,,56.391,46.348,,,,0.087,,,,,,,,,,9988.0,10016.0,0.0,0.0,23.0,0.0,23.0,0.0,23.0,0.0,13.0,15.0,0.0,0.0,0.0,0.0,0.0,0.0,battery2_v
2020-08-12T07:00:00Z,29.0,29.0,,,,,12861.655,15214.0,,,,12.119,13.027,,,,7097.0,7097.0,7097.0,,17.276,19.931,,,,0.103,,,,,,,,,,10017.0,10046.0,0.0,0.0,29.0,0.0,29.0,0.0,29.0,0.0,4.0,8.0,0.0,0.0,0.0,0.0,0.0,0.0,battery2_v
2020-08-12T08:00:00Z,30.0,30.0,,,,,4465.333,13681.0,,,,12.209,12.611,,,,7097.0,7097.0,7097.0,,7.433,25.6,,,,0.0,,,,,,,,,,10047.0,10076.0,0.0,0.0,30.0,0.0,30.0,0.0,30.0,0.0,2.0,3.0,0.0,0.0,0.0,0.0,0.0,0.0,battery2_v
2020-08-12T09:00:00Z,30.0,30.0,,,,,4255.567,6533.0,,,,12.181,12.384,,,,7097.0,7097.0,7097.0,,-5.467,16.567,,,,0.0,,,,,,,,,,10077.0,10106.0,0.0,0.0,30.0,0.0,30.0,0.0,30.0,0.0,0.0,1.0,0.0,0.0,0.0,0.0,0.0,0.0,battery2_v
2020-08-12T10:00:00Z,30.0,30.0,,,,,2963.5,3947.0,,,,12.162,12.19,,,,7097.0,7097.0,7097.0,,-7.233,14.7,,,,0.0,,,,,,,,,,10107.0,10136.0,0.0,0.0,30.0,0.0,30.0,0.0,30.0,0.0,0.0,0.0,0.0,0.0,0.0,0.0,0.0,0.0,battery2_v
2020-08-12T11:00:00Z,30.0,30.0,,,,,1215.767,1888.0,,,,12.157,12.171,,,,7097.0,7097.0,7097.0,,-7.0,18.967,,,,0.0,,,,,,,,,,10137.0,10166.0,0.0,0.0,30.0,0.0,30.0,0.0,30.0,0.0,0.0,0.0,0.0,0.0,0.0,0.0,0.0,0.0,battery2_v
2020-08-12T12:00:00Z,30.0,30.0,,,,,1124.967,1151.0,,,,12.143,12.162,,,,7097.0,7097.0,7097.0,,-8.6,6.333,,,,0.0,,,,,,,,,,10167.0,10196.0,0.0,0.0,30.0,0.0,30.0,0.0,30.0,0.0,0.0,0.0,0.0,0.0,0.0,0.0,0.0,0.0,battery2_v
2020-08-12T13:00:00Z,29.0,29.0,,,,,1154.276,1174.0,,,,12.133,12.147,,,,7097.0,7097.0,7097.0,,-8.483,7.414,,,,0.0,,,,,,,,,,10197.0,10226.0,0.0,0.0,29.0,0.0,29.0,0.0,29.0,0.0,0.0,0.0,0.0,0.0,0.0,0.0,0.0,0.0,battery2_v
2020-08-12T14:00:00Z,29.0,29.0,,,,,1176.069,1186.0,,,,12.124,12.138,,,,7097.0,7097.0,7097.0,,-8.034,15.276,,,,0.0,,,,,,,,,,10227.0,10256.0,0.0,0.0,29.0,0.0,29.0,0.0,29.0,0.0,0.0,0.0,0.0,0.0,0.0,0.0,0.0,0.0,battery2_v
2020-08-12T15:00:00Z,30.0,30.0,,,,,1204.6,1233.0,,,,12.11,12.128,,,,7097.0,7097.0,7097.0,,-7.8,19.867,,,,0.0,,,,,,,,,,10257.0,10286.0,0.0,0.0,30.0,0.0,30.0,0.0,30.0,0.0,0.0,0.0,0.0,0.0,0.0,0.0,0.0,0.0,battery2_v
2020-08-12T16:00:00Z,30.0,30.0,,,,,1236.9,1279.0,,,,12.105,12.124,,,,7097.0,7097.0,7097.0,,-7.233,23.333,,,,0.0,,,,,,,,,,10287.0,10316.0,0.0,0.0,30.0,0.0,30.0,0.0,30.0,0.0,0.0,0.0,0.0,0.0,0.0,0.0,0.0,0.0,battery2_v
2020-08-12T17:00:00Z,29.0,29.0,,,,,1272.138,1303.0,,,,12.091,12.11,,,,7097.0,7097.0,7097.0,,-6.966,27.276,,,,0.0,,,,,,,,,,10317.0,10346.0,0.0,0.0,29.0,0.0,29.0,0.0,29.0,0.0,0.0,0.0,0.0,0.0,0.0,0.0,0.0,0.0,battery2_v
2020-08-12T18:00:00Z,30.0,30.0,,,,,1314.667,1361.0,,,,12.076,12.095,,,,7097.0,7097.0,7097.0,,-6.733,30.567,,,,0.0,,,,,,,,,,10347.0,10376.0,0.0,0.0,30.0,0.0,30.0,0.0,30.0,0.0,0.0,0.0,0.0,0.0,0.0,0.0,0.0,0.0,battery2_v
2020-08-12T19:00:00Z,30.0,30.0,,,,,1344.3,1385.0,,,,12.076,12.095,,,,7097.0,7097.0,7097.0,,-6.433,36.267,,,,0.0,,,,,,,,,,10377.0,10406.0,0.0,0.0,30.0,0.0,30.0,0.0,30.0,0.0,0.0,0.0,0.0,0.0,0.0,0.0,0.0,0.0,battery2_v
2020-08-12T20:00:00Z,29.0,29.0,,,,,1361.759,1385.0,,,,12.067,12.086,,,,7097.0,7097.0,7097.0,,-6.034,39.655,,,,0.0,,,,,,,,,,10407.0,10436.0,0.0,0.0,29.0,0.0,29.0,0.0,29.0,0.0,0.0,0.0,0.0,0.0,0.0,0.0,0.0,0.0,battery2_v
2020-08-12T21:00:00Z,30.0,30.0,,,,,1379.667,1396.0,,,,12.062,12.076,,,,7097.0,7097.0,7097.0,,-5.833,41.9,,,,0.0,,,,,,,,,,10437.0,10466.0,0.0,0.0,30.0,0.0,30.0,0.0,30.0,0.0,0.0,0.0,0.0,0.0,0.0,0.0,0.0,0.0,battery2_v
2020-08-12T22:00:00Z,30.0,30.0,,,,,2007.9,5737.0,,,,12.062,12.072,,,,7097.0,7097.0,7097.0,,-5.567,46.7,,,,0.0,,,,,,,,,,10467.0,10496.0,0.0,0.0,30.0,0.0,30.0,0.0,30.0,0.0,0.0,7.0,0.0,0.0,0.0,0.0,0.0,0.0,battery2_v
2020-08-12T23:00:00Z,30.0,30.0,,,,,7095.133,15916.0,,,,12.053,12.072,,,,7097.0,7097.0,7097.0,,-4.6,47.533,,,,0.0,,,,,,,,,,10497.0,10526.0,0.0,0.0,30.0,0.0,30.0,0.0,30.0,0.0,0.0,5.0,0.0,0.0,0.0,0.0,0.0,0.0,battery2_v
2020-08-13T00:00:00Z,30.0,30.0,,,,,13803.233,13869.0,,,,12.076,12.199,,,,7097.0,7097.0,7097.0,,19.367,67.467,,,,0.0,,,,,,,,,,10527.0,10556.0,0.0,0.0,30.0,0.0,30.0,0.0,30.0,0.0,0.0,27.0,0.0,0.0,0.0,0.0,0.0,0.0,battery2_v
2020-08-13T01:00:00Z,9.0,9.0,,,,,13701.0,13787.0,,,,12.138,12.27,,,,7097.0,7097.0,7097.0,,42.889,91.111,,,,0.0,,,,,,,,,,10557.0,10575.0,0.0,0.0,9.0,0.0,9.0,0.0,9.0,0.0,2.0,9.0,0.0,0.0,0.0,0.0,0.0,0.0,battery2_v
2020-08-13T02:00:00Z,4.0,4.0,,,,,13728.25,13787.0,,,,12.143,12.242,,,,7097.0,7097.0,7097.0,,38.0,80.0,,,,0.0,,,,,,,,,,10594.0,10611.0,0.0,0.0,4.0,0.0,4.0,0.0,4.0,0.0,1.0,4.0,0.0,0.0,0.0,0.0,0.0,0.0,battery2_v
2020-08-13T03:00:00Z,19.0,19.0,,,,,13569.211,13681.0,,,,12.242,12.573,,,,7097.0,7097.0,7097.0,,71.895,109.053,,,,0.0,,,,,,,,,,10612.0,10640.0,0.0,0.0,19.0,0.0,19.0,0.0,19.0,0.0,16.0,19.0,0.0,0.0,0.0,0.0,0.0,0.0,battery2_v
2020-08-13T04:00:00Z,27.0,27.0,,,,,13424.481,13763.0,,,,12.181,13.202,,,,7097.0,7097.0,7097.0,,91.889,86.111,,,,0.222,,,,,,,,,,10641.0,10670.0,0.0,0.0,27.0,0.0,27.0,0.0,27.0,0.0,20.0,26.0,0.0,0.0,0.0,0.0,0.0,0.0,battery2_v
2020-08-13T05:00:00Z,23.0,23.0,,,,,13091.304,13810.0,,,,12.176,13.127,,,,7097.0,7097.0,7097.0,,80.609,56.217,,,,0.217,,,,,,,,,,10671.0,10699.0,0.0,0.0,23.0,0.0,23.0,0.0,23.0,0.0,13.0,15.0,0.0,0.0,0.0,0.0,0.0,0.0,battery2_v
2020-08-13T06:00:00Z,11.0,11.0,,,,,4070.182,13693.0,,,,12.166,12.488,,,,7097.0,7097.0,7097.0,,41.6,82.455,,,,0.0,,,,,,,,,,10704.0,10724.0,0.0,0.0,11.0,0.0,11.0,0.0,11.0,0.0,4.0,5.0,0.0,0.0,0.0,0.0,0.0,0.0,battery2_v
2020-08-13T07:00:00Z,12.0,12.0,,,,,8425.333,11517.0,,,,12.138,12.171,,,,7097.0,7097.0,7097.0,,-5.0,39.583,,,,0.0,,,,,,,,,,10728.0,10750.0,0.0,0.0,12.0,0.0,12.0,0.0,12.0,0.0,0.0,0.0,0.0,0.0,0.0,0.0,0.0,0.0,battery2_v
2020-08-13T08:00:00Z,27.0,27.0,,,,,5962.926,13951.0,,,,12.105,12.128,,,,7097.0,7097.0,7097.0,,-5.222,40.407,,,,0.0,,,,,,,,,,10756.0,10784.0,0.0,0.0,27.0,0.0,27.0,0.0,27.0,0.0,0.0,0.0,0.0,0.0,0.0,0.0,0.0,0.0,battery2_v
2020-08-13T09:00:00Z,30.0,30.0,,,,,2812.167,2964.0,,,,12.081,12.11,,,,7097.0,7097.0,7097.0,,-4.567,45.867,,,,0.0,,,,,,,,,,10785.0,10814.0,0.0,0.0,30.0,0.0,30.0,0.0,30.0,0.0,0.0,8.0,0.0,0.0,0.0,0.0,0.0,0.0,battery2_v
2020-08-13T10:00:00Z,28.0,28.0,,,,,3400.964,6100.0,,,,12.058,12.086,,,,7097.0,7097.0,7097.0,,-6.0,36.714,,,,0.0,,,,,,,,,,10816.0,10844.0,0.0,0.0,28.0,0.0,28.0,0.0,28.0,0.0,0.0,4.0,0.0,0.0,0.0,0.0,0.0,0.0,battery2_v
2020-08-13T11:00:00Z,30.0,30.0,,,,,1611.6,2683.0,,,,12.053,12.067,,,,7097.0,7097.0,7097.0,,-6.767,32.433,,,,0.0,,,,,,,,,,10845.0,10874.0,0.0,0.0,30.0,0.0,30.0,0.0,30.0,0.0,0.0,0.0,0.0,0.0,0.0,0.0,0.0,0.0,battery2_v
2020-08-13T12:00:00Z,30.0,30.0,,,,,1418.4,1432.0,,,,12.048,12.058,,,,7097.0,7097.0,7097.0,,-6.367,35.333,,,,0.0,,,,,,,,,,10875.0,10904.0,0.0,0.0,30.0,0.0,30.0,0.0,30.0,0.0,0.0,0.0,0.0,0.0,0.0,0.0,0.0,0.0,battery2_v
2020-08-13T13:00:00Z,30.0,30.0,,,,,1428.667,1443.0,,,,12.043,12.053,,,,7097.0,7097.0,7097.0,,-6.0,41.833,,,,0.0,,,,,,,,,,10905.0,10934.0,0.0,0.0,30.0,0.0,30.0,0.0,30.0,0.0,0.0,0.0,0.0,0.0,0.0,0.0,0.0,0.0,battery2_v
2020-08-13T14:00:00Z,29.0,29.0,,,,,1443.655,1455.0,,,,12.034,12.048,,,,7097.0,7097.0,7097.0,,-5.931,43.655,,,,0.0,,,,,,,,,,10935.0,10964.0,0.0,0.0,29.0,0.0,29.0,0.0,29.0,0.0,0.0,3.0,0.0,0.0,0.0,0.0,0.0,0.0,battery2_v
2020-08-13T15:00:00Z,30.0,30.0,,,,,1454.2,1467.0,,,,12.034,12.043,,,,7097.0,7097.0,7097.0,,-5.067,49.667,,,,0.0,,,,,,,,,,10965.0,10994.0,0.0,0.0,30.0,0.0,30.0,0.0,30.0,0.0,0.0,13.0,0.0,0.0,0.0,0.0,0.0,0.0,battery2_v
2020-08-13T16:00:00Z,30.0,30.0,,,,,1467.867,1478.0,,,,12.024,12.039,,,,7097.0,7097.0,7097.0,,-4.8,53.033,,,,0.0,,,,,,,,,,10995.0,11024.0,0.0,0.0,30.0,0.0,30.0,0.0,30.0,0.0,0.0,18.0,0.0,0.0,0.0,0.0,0.0,0.0,battery2_v
2020-08-13T17:00:00Z,30.0,30.0,,,,,1482.133,1502.0,,,,12.024,12.034,,,,7097.0,7097.0,7097.0,,-4.433,54.067,,,,0.0,,,,,,,,,,11025.0,11054.0,0.0,0.0,30.0,0.0,30.0,0.0,30.0,0.0,0.0,22.0,0.0,0.0,0.0,0.0,0.0,0.0,battery2_v
2020-08-13T18:00:00Z,30.0,30.0,,,,,1493.167,1513.0,,,,12.015,12.034,,,,7097.0,7097.0,7097.0,,-4.267,56.933,,,,0.0,,,,,,,,,,11055.0,11084.0,0.0,0.0,30.0,0.0,30.0,0.0,30.0,0.0,0.0,26.0,0.0,0.0,0.0,0.0,0.0,0.0,battery2_v
2020-08-13T19:00:00Z,30.0,30.0,,,,,1504.033,1525.0,,,,12.015,12.029,,,,7097.0,7097.0,7097.0,,-4.133,57.4,,,,0.0,,,,,,,,,,11085.0,11114.0,0.0,0.0,30.0,0.0,30.0,0.0,30.0,0.0,0.0,29.0,0.0,0.0,0.0,0.0,0.0,0.0,battery2_v
2020-08-13T20:00:00Z,31.0,31.0,,,,,1515.806,1525.0,,,,12.005,12.024,,,,7097.0,7097.0,7097.0,,-3.839,60.0,,,,0.0,,,,,,,,,,11115.0,11145.0,0.0,0.0,31.0,0.0,31.0,0.0,31.0,0.0,0.0,28.0,0.0,0.0,0.0,0.0,0.0,0.0,battery2_v
2020-08-13T21:00:00Z,30.0,30.0,,,,,1522.2,1537.0,,,,12.005,12.02,,,,7097.0,7097.0,7097.0,,-3.733,63.0,,,,0.0,,,,,,,,,,11146.0,11175.0,0.0,0.0,30.0,0.0,30.0,0.0,30.0,0.0,0.0,29.0,0.0,0.0,0.0,0.0,0.0,0.0,battery2_v
2020-08-13T22:00:00Z,30.0,30.0,,,,,2858.1,9820.0,,,,12.005,12.015,,,,7097.0,7097.0,7097.0,,-3.3,65.767,,,,0.0,,,,,,,,,,11176.0,11205.0,0.0,0.0,30.0,0.0,30.0,0.0,30.0,0.0,0.0,30.0,0.0,0.0,0.0,0.0,0.0,0.0,battery2_v
2020-08-13T23:00:00Z,30.0,30.0,,,,,9779.067,16712.0,,,,11.991,12.072,,,,7097.0,7097.0,7097.0,,1.967,72.733,,,,0.0,,,,,,,,,,11206.0,11235.0,0.0,0.0,30.0,0.0,30.0,0.0,30.0,0.0,0.0,30.0,0.0,0.0,0.0,0.0,0.0,0.0,battery2_v
2020-08-14T00:00:00Z,30.0,30.0,,,,,13887.833,13915.0,,,,12.024,12.114,,,,7097.0,7097.0,7097.0,,12.867,81.467,,,,0.0,,,,,,,,,,11236.0,11265.0,0.0,0.0,30.0,0.0,30.0,0.0,30.0,0.0,0.0,30.0,0.0,0.0,0.0,0.0,0.0,0.0,battery2_v
2020-08-14T01:00:00Z,29.0,29.0,,,,,13751.138,13904.0,,,,12.053,12.247,,,,7097.0,7097.0,7097.0,,46.517,115.379,,,,0.0,,,,,,,,,,11266.0,11295.0,0.0,0.0,29.0,0.0,29.0,0.0,29.0,0.0,12.0,29.0,0.0,0.0,0.0,0.0,0.0,0.0,battery2_v
2020-08-14T02:00:00Z,18.0,18.0,,,,,13509.278,13740.0,,,,12.195,12.592,,,,7097.0,7097.0,7097.0,,99.389,148.833,,,,0.0,,,,,,,,,,11296.0,11323.0,0.0,0.0,18.0,0.0,18.0,0.0,18.0,0.0,16.0,18.0,0.0,0.0,0.0,0.0,0.0,0.0,battery2_v
2020-08-14T03:00:00Z,20.0,20.0,,,,,13704.2,19660.0,,,,12.247,12.663,,,,7097.0,7097.0,7097.0,,109.85,155.6,,,,0.0,,,,,,,,,,11324.0,11352.0,0.0,0.0,20.0,0.0,20.0,0.0,20.0,0.0,15.0,20.0,0.0,0.0,0.0,0.0,0.0,0.0,battery2_v
2020-08-14T04:00:00Z,17.0,17.0,,,,,15700.706,22456.0,,,,12.256,12.658,,,,7097.0,7097.0,7097.0,,84.706,127.588,,,,0.0,,,,,,,,,,11357.0,11380.0,0.0,0.0,17.0,0.0,17.0,0.0,17.0,0.0,11.0,14.0,0.0,0.0,0.0,0.0,0.0,0.0,battery2_v
2020-08-14T05:00:00Z,24.0,24.0,,,,,14042.625,21848.0,,,,12.223,12.616,,,,7097.0,7097.0,7097.0,,74.667,110.208,,,,0.0,,,,,,,,,,11381.0,11410.0,0.0,0.0,24.0,0.0,24.0,0.0,24.0,0.0,14.0,17.0,0.0,0.0,0.0,0.0,0.0,0.0,battery2_v
2020-08-14T06:00:00Z,25.0,25.0,,,,,13483.96,13658.0,,,,12.251,12.635,,,,7097.0,7097.0,7097.0,,62.96,90.72,,,,0.0,,,,,,,,,,11411.0,11439.0,0.0,0.0,25.0,0.0,25.0,0.0,25.0,0.0,10.0,20.0,0.0,0.0,0.0,0.0,0.0,0.0,battery2_v
2020-08-14T07:00:00Z,12.0,12.0,,,,,13422.0,13623.0,,,,12.28,12.568,,,,7097.0,7097.0,7097.0,,81.5,103.0,,,,0.0,,,,,,,,,,11447.0,11463.0,0.0,0.0,12.0,0.0,12.0,0.0,12.0,0.0,8.0,8.0,0.0,0.0,0.0,0.0,0.0,0.0,battery2_v
2020-08-14T08:00:00Z,30.0,30.0,,,,,13707.833,16571.0,,,,12.19,12.734,,,,7097.0,7097.0,7097.0,,51.267,58.6,,,,0.0,,,,,,,,,,11468.0,11497.0,0.0,0.0,30.0,0.0,30.0,0.0,30.0,0.0,13.0,14.0,0.0,0.0,0.0,0.0,0.0,0.0,battery2_v
2020-08-14T09:00:00Z,30.0,30.0,,,,,4677.067,14196.0,,,,12.147,12.483,,,,7097.0,7097.0,7097.0,,5.567,30.5,,,,0.0,,,,,,,,,,11498.0,11527.0,0.0,0.0,30.0,0.0,30.0,0.0,30.0,0.0,1.0,5.0,0.0,0.0,0.0,0.0,0.0,0.0,battery2_v
2020-08-14T10:00:00Z,28.0,28.0,,,,,2945.0,5117.0,,,,12.119,12.143,,,,7097.0,7097.0,7097.0,,-7.143,17.679,,,,0.0,,,,,,,,,,11528.0,11556.0,0.0,0.0,28.0,0.0,28.0,0.0,28.0,0.0,0.0,0.0,0.0,0.0,0.0,0.0,0.0,0.0,battery2_v
2020-08-14T11:00:00Z,30.0,30.0,,,,,1367.567,2286.0,,,,12.1,12.128,,,,7097.0,7097.0,7097.0,,-7.167,19.833,,,,0.0,,,,,,,,,,11557.0,11586.0,0.0,0.0,30.0,0.0,30.0,0.0,30.0,0.0,0.0,0.0,0.0,0.0,0.0,0.0,0.0,0.0,battery2_v
2020-08-14T12:00:00Z,29.0,29.0,,,,,1218.138,1244.0,,,,12.091,12.11,,,,7097.0,7097.0,7097.0,,-7.034,21.448,,,,0.0,,,,,,,,,,11587.0,11616.0,0.0,0.0,29.0,0.0,29.0,0.0,29.0,0.0,0.0,0.0,0.0,0.0,0.0,0.0,0.0,0.0,battery2_v
2020-08-14T13:00:00Z,30.0,30.0,,,,,902.3,1279.0,,,,11.935,14.338,,,,7097.0,7097.0,7097.0,,66.1,47.667,,,,0.133,,,,,,,,,,11617.0,11646.0,0.0,0.0,24.0,0.0,30.0,0.0,30.0,0.0,7.0,8.0,0.0,0.0,0.0,0.0,0.0,0.0,battery2_v
2020-08-14T14:00:00Z,30.0,30.0,,,,,667.5,1209.0,,,,11.882,12.805,,,,7097.0,7097.0,7097.0,,27.133,35.833,,,,0.067,,,,,,,,,,11647.0,11676.0,0.0,0.0,24.0,0.0,30.0,0.0,30.0,0.0,8.0,10.0,0.0,0.0,0.0,0.0,0.0,0.0,battery2_v
2020-08-14T15:00:00Z,31.0,31.0,,,,,1202.065,1303.0,,,,12.081,12.147,,,,7097.0,7097.0,7097.0,,-7.387,12.419,,,,0.0,,,,,,,,,,11677.0,11707.0,0.0,0.0,31.0,0.0,31.0,0.0,31.0,0.0,0.0,0.0,0.0,0.0,0.0,0.0,0.0,0.0,battery2_v
2020-08-14T16:00:00Z,30.0,30.0,,,,,1315.9,1350.0,,,,12.072,12.091,,,,7097.0,7097.0,7097.0,,-7.6,20.933,,,,0.0,,,,,,,,,,11708.0,11737.0,0.0,0.0,30.0,0.0,30.0,0.0,30.0,0.0,0.0,0.0,0.0,0.0,0.0,0.0,0.0,0.0,battery2_v
2020-08-14T17:00:00Z,30.0,30.0,,,,,1359.333,1396.0,,,,12.062,12.086,,,,7097.0,7097.0,7097.0,,-7.167,25.733,,,,0.0,,,,,,,,,,11738.0,11767.0,0.0,0.0,30.0,0.0,30.0,0.0,30.0,0.0,0.0,0.0,0.0,0.0,0.0,0.0,0.0,0.0,battery2_v
2020-08-14T18:00:00Z,30.0,30.0,,,,,1390.2,1420.0,,,,12.048,12.072,,,,7097.0,7097.0,7097.0,,-6.6,31.667,,,,0.0,,,,,,,,,,11768.0,11797.0,0.0,0.0,30.0,0.0,30.0,0.0,30.0,0.0,0.0,0.0,0.0,0.0,0.0,0.0,0.0,0.0,battery2_v
2020-08-14T19:00:00Z,30.0,30.0,,,,,1416.4,1432.0,,,,12.039,12.062,,,,7097.0,7097.0,7097.0,,-6.133,37.633,,,,0.0,,,,,,,,,,11798.0,11827.0,0.0,0.0,30.0,0.0,30.0,0.0,30.0,0.0,0.0,0.0,0.0,0.0,0.0,0.0,0.0,0.0,battery2_v
2020-08-14T20:00:00Z,29.0,29.0,,,,,1443.759,1478.0,,,,12.029,12.053,,,,7097.0,7097.0,7097.0,,-5.69,43.69,,,,0.0,,,,,,,,,,11828.0,11857.0,0.0,0.0,29.0,0.0,29.0,0.0,29.0,0.0,0.0,1.0,0.0,0.0,0.0,0.0,0.0,0.0,battery2_v
2020-08-14T21:00:00Z,30.0,30.0,,,,,1471.4,1502.0,,,,12.02,12.039,,,,7097.0,7097.0,7097.0,,-5.267,46.733,,,,0.0,,,,,,,,,,11858.0,11887.0,0.0,0.0,30.0,0.0,30.0,0.0,30.0,0.0,0.0,6.0,0.0,0.0,0.0,0.0,0.0,0.0,battery2_v
2020-08-14T22:00:00Z,30.0,30.0,,,,,2531.267,4813.0,,,,12.015,12.024,,,,7097.0,7097.0,7097.0,,-4.833,52.1,,,,0.0,,,,,,,,,,11888.0,11917.0,0.0,0.0,30.0,0.0,30.0,0.0,30.0,0.0,0.0,19.0,0.0,0.0,0.0,0.0,0.0,0.0,battery2_v
2020-08-14T23:00:00Z,30.0,30.0,,,,,5919.7,14068.0,,,,12.005,12.02,,,,7097.0,7097.0,7097.0,,-4.1,57.533,,,,0.0,,,,,,,,,,11918.0,11947.0,0.0,0.0,30.0,0.0,30.0,0.0,30.0,0.0,0.0,26.0,0.0,0.0,0.0,0.0,0.0,0.0,battery2_v
2020-08-15T00:00:00Z,30.0,30.0,,,,,15068.2,21836.0,,,,12.015,12.138,,,,7097.0,7097.0,7097.0,,11.724,72.967,,,,0.0,,,,,,,,,,11948.0,11977.0,0.0,0.0,30.0,0.0,30.0,0.0,30.0,0.0,0.0,27.0,0.0,0.0,0.0,0.0,0.0,0.0,battery2_v
2020-08-15T01:00:00Z,30.0,30.0,,,,,13725.533,13834.0,,,,12.114,12.313,,,,7097.0,7097.0,7097.0,,52.333,118.9,,,,0.0,,,,,,,,,,11978.0,12007.0,0.0,0.0,30.0,0.0,30.0,0.0,30.0,0.0,14.0,30.0,0.0,0.0,0.0,0.0,0.0,0.0,battery2_v
2020-08-15T02:00:00Z,28.0,28.0,,,,,13461.679,13588.0,,,,12.322,12.521,,,,7097.0,7097.0,7097.0,,109.857,163.357,,,,0.0,,,,,,,,,,12008.0,12037.0,0.0,0.0,28.0,0.0,28.0,0.0,28.0,0.0,28.0,28.0,0.0,0.0,0.0,0.0,0.0,0.0,battery2_v
2020-08-15T03:00:00Z,30.0,30.0,,,,,13252.367,13342.0,,,,12.507,12.597,,,,7097.0,7097.0,7097.0,,134.067,181.133,,,,0.0,,,,,,,,,,12038.0,12067.0,0.0,0.0,30.0,0.0,30.0,0.0,30.0,0.0,30.0,30.0,0.0,0.0,0.0,0.0,0.0,0.0,battery2_v
2020-08-15T04:00:00Z,29.0,29.0,,,,,13331.552,14922.0,,,,12.313,12.597,,,,7097.0,7097.0,7097.0,,117.931,162.931,,,,0.0,,,,,,,,,,12068.0,12097.0,0.0,0.0,29.0,0.0,29.0,0.0,29.0,0.0,28.0,29.0,0.0,0.0,0.0,0.0,0.0,0.0,battery2_v
2020-08-15T05:00:00Z,30.0,30.0,,,,,14792.233,21907.0,,,,12.266,12.597,,,,7097.0,7097.0,7097.0,,55.367,97.667,,,,0.0,,,,,,,,,,12098.0,12127.0,0.0,0.0,30.0,0.0,30.0,0.0,30.0,0.0,23.0,24.0,0.0,0.0,0.0,0.0,0.0,0.0,battery2_v
2020-08-15T06:00:00Z,30.0,30.0,,,,,13509.867,13588.0,,,,12.318,12.668,,,,7097.0,7097.0,7097.0,,57.567,85.9,,,,0.0,,,,,,,,,,12128.0,12157.0,0.0,0.0,30.0,0.0,30.0,0.0,30.0,0.0,10.0,30.0,0.0,0.0,0.0,0.0,0.0,0.0,battery2_v
2020-08-15T07:00:00Z,30.0,30.0,,,,,13445.867,13915.0,,,,12.048,13.008,,,,7097.0,7097.0,7097.0,,72.828,81.133,,,,0.1,,,,,,,,,,12158.0,12187.0,0.0,0.0,30.0,0.0,30.0,0.0,30.0,0.0,27.0,30.0,0.0,0.0,0.0,0.0,0.0,0.0,battery2_v
2020-08-15T08:00:00Z,30.0,30.0,,,,,14288.767,21556.0,,,,12.209,12.431,,,,7097.0,7097.0,7097.0,,30.8,43.9,,,,0.0,,,,,,,,,,12188.0,12217.0,0.0,0.0,30.0,0.0,30.0,0.0,30.0,0.0,3.0,8.0,0.0,0.0,0.0,0.0,0.0,0.0,battery2_v
2020-08-15T09:00:00Z,30.0,30.0,,,,,12747.333,21205.0,,,,12.138,12.398,,,,7097.0,7097.0,7097.0,,2.167,12.533,,,,0.0,,,,,,,,,,12218.0,12247.0,0.0,0.0,30.0,0.0,30.0,0.0,30.0,0.0,1.0,1.0,0.0,0.0,0.0,0.0,0.0,0.0,battery2_v
2020-08-15T10:00:00Z,30.0,30.0,,,,,3764.9,4520.0,,,,12.114,12.143,,,,7097.0,7097.0,7097.0,,-7.3,14.9,,,,0.0,,,,,,,,,,12248.0,12277.0,0.0,0.0,30.0,0.0,30.0,0.0,30.0,0.0,0.0,0.0,0.0,0.0,0.0,0.0,0.0,0.0,battery2_v
2020-08-15T11:00:00Z,30.0,30.0,,,,,1655.833,3374.0,,,,12.1,12.119,,,,7097.0,7097.0,7097.0,,-7.167,18.5,,,,0.0,,,,,,,,,,12278.0,12307.0,0.0,0.0,30.0,0.0,30.0,0.0,30.0,0.0,0.0,0.0,0.0,0.0,0.0,0.0,0.0,0.0,battery2_v
2020-08-15T12:00:00Z,30.0,30.0,,,,,1224.5,1256.0,,,,12.091,12.114,,,,7097.0,7097.0,7097.0,,-7.367,16.333,,,,0.0,,,,,,,,,,12308.0,12337.0,0.0,0.0,30.0,0.0,30.0,0.0,30.0,0.0,0.0,0.0,0.0,0.0,0.0,0.0,0.0,0.0,battery2_v
2020-08-15T13:00:00Z,30.0,30.0,,,,,1261.9,1303.0,,,,12.072,12.1,,,,7097.0,7097.0,7097.0,,-7.633,13.967,,,,0.0,,,,,,,,,,12338.0,12367.0,0.0,0.0,30.0,0.0,30.0,0.0,30.0,0.0,0.0,0.0,0.0,0.0,0.0,0.0,0.0,0.0,battery2_v
2020-08-15T14:00:00Z,30.0,30.0,,,,,1309.2,1350.0,,,,12.067,12.086,,,,7097.0,7097.0,7097.0,,-9.133,-0.867,,,,0.0,,,,,,,,,,12368.0,12397.0,0.0,0.0,30.0,0.0,30.0,0.0,30.0,0.0,0.0,0.0,0.0,0.0,0.0,0.0,0.0,0.0,battery2_v
2020-08-15T15:00:00Z,30.0,30.0,,,,,1350.0,1373.0,,,,12.058,12.072,,,,7097.0,7097.0,7097.0,,-8.867,3.267,,,,0.0,,,,,,,,,,12398.0,12427.0,0.0,0.0,30.0,0.0,30.0,0.0,30.0,0.0,0.0,0.0,0.0,0.0,0.0,0.0,0.0,0.0,battery2_v
2020-08-15T16:00:00Z,30.0,30.0,,,,,1380.7,1408.0,,,,12.048,12.062,,,,7097.0,7097.0,7097.0,,-8.7,7.367,,,,0.0,,,,,,,,,,12428.0,12457.0,0.0,0.0,30.0,0.0,30.0,0.0,30.0,0.0,0.0,0.0,0.0,0.0,0.0,0.0,0.0,0.0,battery2_v
2020-08-15T17:00:00Z,30.0,30.0,,,,,1410.433,1432.0,,,,12.034,12.053,,,,7097.0,7097.0,7097.0,,-8.4,10.367,,,,0.0,,,,,,,,,,12458.0,12487.0,0.0,0.0,30.0,0.0,30.0,0.0,30.0,0.0,0.0,0.0,0.0,0.0,0.0,0.0,0.0,0.0,battery2_v
2020-08-15T18:00:00Z,30.0,30.0,,,,,1435.133,1455.0,,,,12.024,12.043,,,,7097.0,7097.0,7097.0,,-8.0,15.033,,,,0.0,,,,,,,,,,12488.0,12517.0,0.0,0.0,30.0,0.0,30.0,0.0,30.0,0.0,0.0,0.0,0.0,0.0,0.0,0.0,0.0,0.0,battery2_v
2020-08-15T19:00:00Z,31.0,31.0,,,,,1466.387,1490.0,,,,12.015,12.034,,,,7097.0,7097.0,7097.0,,-7.742,18.387,,,,0.0,,,,,,,,,,12518.0,12548.0,0.0,0.0,31.0,0.0,31.0,0.0,31.0,0.0,0.0,0.0,0.0,0.0,0.0,0.0,0.0,0.0,battery2_v
2020-08-15T20:00:00Z,30.0,30.0,,,,,1491.2,1513.0,,,,12.01,12.024,,,,7097.0,7097.0,7097.0,,-7.3,22.267,,,,0.0,,,,,,,,,,12549.0,12578.0,0.0,0.0,30.0,0.0,30.0,0.0,30.0,0.0,0.0,0.0,0.0,0.0,0.0,0.0,0.0,0.0,battery2_v
2020-08-15T21:00:00Z,30.0,30.0,,,,,1512.467,1537.0,,,,11.996,12.015,,,,7097.0,7097.0,7097.0,,-7.067,25.2,,,,0.0,,,,,,,,,,12579.0,12608.0,0.0,0.0,30.0,0.0,30.0,0.0,30.0,0.0,0.0,0.0,0.0,0.0,0.0,0.0,0.0,0.0,battery2_v
2020-08-15T22:00:00Z,30.0,30.0,,,,,3308.2,11611.0,,,,11.991,12.005,,,,7097.0,7097.0,7097.0,,-6.733,30.8,,,,0.0,,,,,,,,,,12609.0,12638.0,0.0,0.0,30.0,0.0,30.0,0.0,30.0,0.0,0.0,0.0,0.0,0.0,0.0,0.0,0.0,0.0,battery2_v
2020-08-15T23:00:00Z,30.0,30.0,,,,,7997.567,20666.0,,,,11.987,12.024,,,,7097.0,7097.0,7097.0,,-5.1,31.6,,,,0.0,,,,,,,,,,12639.0,12668.0,0.0,0.0,30.0,0.0,30.0,0.0,30.0,0.0,0.0,0.0,0.0,0.0,0.0,0.0,0.0,0.0,battery2_v
2020-08-16T00:00:00Z,30.0,30.0,,,,,14337.0,21146.0,,,,12.005,12.171,,,,7097.0,7097.0,7097.0,,24.767,61.8,,,,0.0,,,,,,,,,,12669.0,12698.0,0.0,0.0,30.0,0.0,30.0,0.0,30.0,0.0,0.0,20.0,0.0,0.0,0.0,0.0,0.0,0.0,battery2_v
2020-08-16T01:00:00Z,30.0,30.0,,,,,13661.933,13752.0,,,,12.171,12.308,,,,7097.0,7097.0,7097.0,,67.767,106.933,,,,0.0,,,,,,,,,,12699.0,12728.0,0.0,0.0,30.0,0.0,30.0,0.0,30.0,0.0,29.0,30.0,0.0,0.0,0.0,0.0,0.0,0.0,battery2_v
2020-08-16T02:00:00Z,30.0,30.0,,,,,13559.733,13775.0,,,,12.157,12.464,,,,7097.0,7097.0,7097.0,,81.667,115.667,,,,0.0,,,,,,,,,,12729.0,12758.0,0.0,0.0,30.0,0.0,30.0,0.0,30.0,0.0,23.0,25.0,0.0,0.0,0.0,0.0,0.0,0.0,battery2_v
2020-08-16T03:00:00Z,30.0,30.0,,,,,13806.7,22012.0,,,,12.218,12.554,,,,7097.0,7097.0,7097.0,,93.9,118.7,,,,0.0,,,,,,,,,,12759.0,12788.0,0.0,0.0,30.0,0.0,30.0,0.0,30.0,0.0,22.0,23.0,0.0,0.0,0.0,0.0,0.0,0.0,battery2_v
2020-08-16T04:00:00Z,30.0,30.0,,,,,13839.233,20245.0,,,,12.176,12.611,,,,7097.0,7097.0,7097.0,,95.7,108.9,,,,0.0,,,,,,,,,,12789.0,12818.0,0.0,0.0,30.0,0.0,30.0,0.0,30.0,0.0,18.0,18.0,0.0,0.0,0.0,0.0,0.0,0.0,battery2_v
2020-08-16T05:00:00Z,30.0,30.0,,,,,13229.533,13600.0,,,,12.294,12.772,,,,7097.0,7097.0,7097.0,,137.267,140.9,,,,0.0,,,,,,,,,,12819.0,12848.0,0.0,0.0,30.0,0.0,30.0,0.0,30.0,0.0,25.0,25.0,0.0,0.0,0.0,0.0,0.0,0.0,battery2_v
2020-08-16T06:00:00Z,30.0,30.0,,,,,13553.967,13728.0,,,,12.185,12.597,,,,7097.0,7097.0,7097.0,,53.286,49.7,,,,0.0,,,,,,,,,,12849.0,12878.0,0.0,0.0,30.0,0.0,30.0,0.0,30.0,0.0,10.0,9.0,0.0,0.0,0.0,0.0,0.0,0.0,battery2_v
2020-08-16T07:00:00Z,30.0,30.0,,,,,14102.967,21918.0,,,,12.275,12.654,,,,7097.0,7097.0,7097.0,,88.033,79.3,,,,0.0,,,,,,,,,,12879.0,12908.0,0.0,0.0,30.0,0.0,30.0,0.0,30.0,0.0,18.0,17.0,0.0,0.0,0.0,0.0,0.0,0.0,battery2_v
2020-08-16T08:00:00Z,30.0,30.0,,,,,13551.633,13717.0,,,,12.199,12.635,,,,7097.0,7097.0,7097.0,,44.759,24.5,,,,0.0,,,,,,,,,,12909.0,12938.0,0.0,0.0,30.0,0.0,30.0,0.0,30.0,0.0,12.0,7.0,0.0,0.0,0.0,0.0,0.0,0.0,battery2_v
2020-08-16T09:00:00Z,30.0,30.0,,,,,13520.733,13705.0,,,,12.214,12.583,,,,7097.0,7097.0,7097.0,,49.0,26.367,,,,0.0,,,,,,,,,,12939.0,12968.0,0.0,0.0,30.0,0.0,30.0,0.0,30.0,0.0,14.0,5.0,0.0,0.0,0.0,0.0,0.0,0.0,battery2_v
2020-08-16T10:00:00Z,30.0,30.0,,,,,3070.3,12640.0,,,,11.859,13.311,,,,7097.0,7097.0,7097.0,,76.1,35.267,,,,0.333,,,,,,,,,,12969.0,12998.0,0.0,0.0,30.0,0.0,30.0,0.0,30.0,0.0,15.0,13.0,0.0,0.0,0.0,0.0,0.0,0.0,battery2_v
2020-08-16T11:00:00Z,30.0,30.0,,,,,771.133,1993.0,,,,12.043,12.933,,,,7097.0,7097.0,7097.0,,25.778,7.0,,,,0.067,,,,,,,,,,12999.0,13028.0,0.0,0.0,24.0,0.0,30.0,0.0,30.0,0.0,8.0,8.0,0.0,0.0,0.0,0.0,0.0,0.0,battery2_v
2020-08-16T12:00:00Z,30.0,30.0,,,,,1064.8,1186.0,,,,12.124,12.535,,,,7097.0,7097.0,7097.0,,-1.133,-14.133,,,,0.0,,,,,,,,,,13029.0,13058.0,0.0,0.0,29.0,0.0,30.0,0.0,30.0,0.0,1.0,1.0,0.0,0.0,0.0,0.0,0.0,0.0,battery2_v
2020-08-16T13:00:00Z,30.0,30.0,,,,,1185.133,1209.0,,,,12.11,12.128,,,,7097.0,7097.0,7097.0,,-9.933,-20.533,,,,0.0,,,,,,,,,,13059.0,13088.0,0.0,0.0,30.0,0.0,30.0,0.0,30.0,0.0,0.0,0.0,0.0,0.0,0.0,0.0,0.0,0.0,battery2_v
2020-08-16T14:00:00Z,30.0,30.0,,,,,1223.333,1256.0,,,,12.091,12.11,,,,7097.0,7097.0,7097.0,,-11.4,-38.833,,,,0.0,,,,,,,,,,13089.0,13118.0,0.0,0.0,30.0,0.0,30.0,0.0,30.0,0.0,0.0,3.0,0.0,0.0,0.0,0.0,0.0,0.0,battery2_v
2020-08-16T15:00:00Z,30.0,30.0,,,,,1247.433,1268.0,,,,12.086,12.105,,,,7097.0,7097.0,7097.0,,-11.0,-29.567,,,,0.0,,,,,,,,,,13119.0,13148.0,0.0,0.0,30.0,0.0,30.0,0.0,30.0,0.0,0.0,0.0,0.0,0.0,0.0,0.0,0.0,0.0,battery2_v
2020-08-16T16:00:00Z,30.0,30.0,,,,,1277.433,1303.0,,,,12.076,12.095,,,,7097.0,7097.0,7097.0,,-10.433,-21.9,,,,0.0,,,,,,,,,,13149.0,13178.0,0.0,0.0,30.0,0.0,30.0,0.0,30.0,0.0,0.0,0.0,0.0,0.0,0.0,0.0,0.0,0.0,battery2_v
2020-08-16T17:00:00Z,30.0,30.0,,,,,1308.8,1338.0,,,,12.067,12.086,,,,7097.0,7097.0,7097.0,,-10.133,-16.267,,,,0.0,,,,,,,,,,13179.0,13208.0,0.0,0.0,30.0,0.0,30.0,0.0,30.0,0.0,0.0,0.0,0.0,0.0,0.0,0.0,0.0,0.0,battery2_v
2020-08-16T18:00:00Z,30.0,30.0,,,,,1339.5,1373.0,,,,12.062,12.081,,,,7097.0,7097.0,7097.0,,-9.733,-8.433,,,,0.0,,,,,,,,,,13209.0,13238.0,0.0,0.0,30.0,0.0,30.0,0.0,30.0,0.0,0.0,0.0,0.0,0.0,0.0,0.0,0.0,0.0,battery2_v
2020-08-16T19:00:00Z,31.0,31.0,,,,,1368.161,1385.0,,,,12.053,12.067,,,,7097.0,7097.0,7097.0,,-9.29,-4.645,,,,0.0,,,,,,,,,,13239.0,13269.0,0.0,0.0,31.0,0.0,31.0,0.0,31.0,0.0,0.0,0.0,0.0,0.0,0.0,0.0,0.0,0.0,battery2_v
2020-08-16T20:00:00Z,30.0,30.0,,,,,1395.933,1420.0,,,,12.048,12.062,,,,7097.0,7097.0,7097.0,,-9.0,0.733,,,,0.0,,,,,,,,,,13270.0,13299.0,0.0,0.0,30.0,0.0,30.0,0.0,30.0,0.0,0.0,0.0,0.0,0.0,0.0,0.0,0.0,0.0,battery2_v
2020-08-16T21:00:00Z,29.0,29.0,,,,,1411.724,1432.0,,,,12.043,12.058,,,,7097.0,7097.0,7097.0,,-8.414,8.483,,,,0.0,,,,,,,,,,13300.0,13329.0,0.0,0.0,29.0,0.0,29.0,0.0,29.0,0.0,0.0,0.0,0.0,0.0,0.0,0.0,0.0,0.0,battery2_v
2020-08-16T22:00:00Z,30.0,30.0,,,,,3235.4,12874.0,,,,12.034,12.048,,,,7097.0,7097.0,7097.0,,-8.133,12.933,,,,0.0,,,,,,,,,,13330.0,13359.0,0.0,0.0,30.0,0.0,30.0,0.0,30.0,0.0,0.0,0.0,0.0,0.0,0.0,0.0,0.0,0.0,battery2_v
2020-08-16T23:00:00Z,30.0,30.0,,,,,8420.867,15425.0,,,,12.024,12.048,,,,7097.0,7097.0,7097.0,,-6.933,16.933,,,,0.0,,,,,,,,,,13360.0,13389.0,0.0,0.0,30.0,0.0,30.0,0.0,30.0,0.0,0.0,0.0,0.0,0.0,0.0,0.0,0.0,0.0,battery2_v
2020-08-17T00:00:00Z,28.0,28.0,,,,,14524.321,21462.0,,,,12.039,12.105,,,,7097.0,7097.0,7097.0,,5.37,28.571,,,,0.0,,,,,,,,,,13390.0,13417.0,0.0,0.0,28.0,0.0,28.0,0.0,28.0,0.0,0.0,0.0,0.0,0.0,0.0,0.0,0.0,0.0,battery2_v
2020-08-17T01:00:00Z,8.0,8.0,,,,,13714.875,13845.0,,,,12.105,12.318,,,,7097.0,7097.0,7097.0,,56.75,82.375,,,,0.0,,,,,,,,,,13420.0,13446.0,0.0,0.0,8.0,0.0,8.0,0.0,8.0,0.0,4.0,7.0,0.0,0.0,0.0,0.0,0.0,0.0,battery2_v
2020-08-17T02:00:00Z,21.0,21.0,,,,,13536.571,13646.0,,,,12.299,12.431,,,,7097.0,7097.0,7097.0,,91.0,120.857,,,,0.0,,,,,,,,,,13448.0,13475.0,0.0,0.0,21.0,0.0,21.0,0.0,21.0,0.0,21.0,21.0,0.0,0.0,0.0,0.0,0.0,0.0,battery2_v
2020-08-17T03:00:00Z,16.0,16.0,,,,,13325.188,13845.0,,,,12.119,12.937,,,,7097.0,7097.0,7097.0,,131.562,126.0,,,,0.125,,,,,,,,,,13476.0,13503.0,0.0,0.0,16.0,0.0,16.0,0.0,16.0,0.0,15.0,16.0,0.0,0.0,0.0,0.0,0.0,0.0,battery2_v
2020-08-17T04:00:00Z,15.0,15.0,,,,,16136.867,22854.0,,,,12.067,12.805,,,,7097.0,7097.0,7097.0,,103.467,106.4,,,,0.067,,,,,,,,,,13504.0,13532.0,0.0,0.0,15.0,0.0,15.0,0.0,15.0,0.0,10.0,12.0,0.0,0.0,0.0,0.0,0.0,0.0,battery2_v
2020-08-17T05:00:00Z,24.0,24.0,,,,,14205.083,21263.0,,,,12.233,12.663,,,,7097.0,7097.0,7097.0,,60.667,56.792,,,,0.0,,,,,,,,,,13533.0,13561.0,0.0,0.0,24.0,0.0,24.0,0.0,24.0,0.0,10.0,10.0,0.0,0.0,0.0,0.0,0.0,0.0,battery2_v
2020-08-17T06:00:00Z,27.0,27.0,,,,,13405.333,13518.0,,,,12.393,12.606,,,,7097.0,7097.0,7097.0,,86.407,85.074,,,,0.0,,,,,,,,,,13563.0,13591.0,0.0,0.0,27.0,0.0,27.0,0.0,27.0,0.0,27.0,25.0,0.0,0.0,0.0,0.0,0.0,0.0,battery2_v
2020-08-17T07:00:00Z,16.0,16.0,,,,,13426.25,13904.0,,,,12.062,12.871,,,,7097.0,7097.0,7097.0,,72.562,51.25,,,,0.062,,,,,,,,,,13592.0,13617.0,0.0,0.0,16.0,0.0,16.0,0.0,16.0,0.0,14.0,8.0,0.0,0.0,0.0,0.0,0.0,0.0,battery2_v
2020-08-17T08:00:00Z,22.0,22.0,,,,,14121.818,21497.0,,,,12.261,12.715,,,,7097.0,7097.0,7097.0,,52.545,26.091,,,,0.0,,,,,,,,,,13620.0,13648.0,0.0,0.0,22.0,0.0,22.0,0.0,22.0,0.0,10.0,3.0,0.0,0.0,0.0,0.0,0.0,0.0,battery2_v
2020-08-17T09:00:00Z,30.0,30.0,,,,,13555.133,13693.0,,,,12.223,12.673,,,,7097.0,7097.0,7097.0,,36.9,12.333,,,,0.0,,,,,,,,,,13649.0,13678.0,0.0,0.0,30.0,0.0,30.0,0.0,30.0,0.0,6.0,5.0,0.0,0.0,0.0,0.0,0.0,0.0,battery2_v
2020-08-17T10:00:00Z,30.0,30.0,,,,,5789.433,13857.0,,,,12.143,12.384,,,,7097.0,7097.0,7097.0,,-0.633,-12.533,,,,0.0,,,,,,,,,,13679.0,13708.0,0.0,0.0,30.0,0.0,30.0,0.0,30.0,0.0,2.0,2.0,0.0,0.0,0.0,0.0,0.0,0.0,battery2_v
2020-08-17T11:00:00Z,30.0,30.0,,,,,1518.1,3736.0,,,,12.124,12.166,,,,7097.0,7097.0,7097.0,,-8.633,-16.2,,,,0.0,,,,,,,,,,13709.0,13738.0,0.0,0.0,30.0,0.0,30.0,0.0,30.0,0.0,0.0,0.0,0.0,0.0,0.0,0.0,0.0,0.0,battery2_v
2020-08-17T12:00:00Z,30.0,30.0,,,,,1157.233,1174.0,,,,12.114,12.128,,,,7097.0,7097.0,7097.0,,-9.933,-18.767,,,,0.0,,,,,,,,,,13739.0,13768.0,0.0,0.0,30.0,0.0,30.0,0.0,30.0,0.0,0.0,0.0,0.0,0.0,0.0,0.0,0.0,0.0,battery2_v
2020-08-17T13:00:00Z,30.0,30.0,,,,,1034.367,1209.0,,,,12.11,12.379,,,,7097.0,7097.0,7097.0,,-2.467,-5.367,,,,0.0,,,,,,,,,,13769.0,13798.0,0.0,0.0,29.0,0.0,30.0,0.0,30.0,0.0,1.0,1.0,0.0,0.0,0.0,0.0,0.0,0.0,battery2_v
2020-08-17T14:00:00Z,30.0,30.0,,,,,565.3,1209.0,,,,12.11,12.568,,,,7097.0,7097.0,7097.0,,39.867,24.3,,,,0.0,,,,,,,,,,13799.0,13828.0,0.0,0.0,18.0,0.0,30.0,0.0,30.0,0.0,10.0,9.0,0.0,0.0,0.0,0.0,0.0,0.0,battery2_v
2020-08-17T15:00:00Z,29.0,29.0,,,,,1199.621,1233.0,,,,12.095,12.124,,,,7097.0,7097.0,7097.0,,-10.655,-29.345,,,,0.0,,,,,,,,,,13829.0,13858.0,0.0,0.0,29.0,0.0,29.0,0.0,29.0,0.0,0.0,0.0,0.0,0.0,0.0,0.0,0.0,0.0,battery2_v
2020-08-17T16:00:00Z,30.0,30.0,,,,,1181.067,1268.0,,,,12.086,12.209,,,,7097.0,7097.0,7097.0,,-8.4,-22.3,,,,0.0,,,,,,,,,,13859.0,13888.0,0.0,0.0,29.0,0.0,30.0,0.0,30.0,0.0,0.0,1.0,0.0,0.0,0.0,0.0,0.0,0.0,battery2_v
2020-08-17T17:00:00Z,29.0,29.0,,,,,1261.207,1279.0,,,,12.076,12.095,,,,7097.0,7097.0,7097.0,,-10.172,-17.034,,,,0.0,,,,,,,,,,13889.0,13918.0,0.0,0.0,29.0,0.0,29.0,0.0,29.0,0.0,0.0,0.0,0.0,0.0,0.0,0.0,0.0,0.0,battery2_v
2020-08-17T18:00:00Z,31.0,31.0,,,,,1283.613,1315.0,,,,12.067,12.091,,,,7097.0,7097.0,7097.0,,-9.903,-11.29,,,,0.0,,,,,,,,,,13919.0,13949.0,0.0,0.0,31.0,0.0,31.0,0.0,31.0,0.0,0.0,0.0,0.0,0.0,0.0,0.0,0.0,0.0,battery2_v
2020-08-17T19:00:00Z,30.0,30.0,,,,,1315.1,1350.0,,,,12.067,12.081,,,,7097.0,7097.0,7097.0,,-9.5,-5.8,,,,0.0,,,,,,,,,,13950.0,13979.0,0.0,0.0,30.0,0.0,30.0,0.0,30.0,0.0,0.0,0.0,0.0,0.0,0.0,0.0,0.0,0.0,battery2_v
2020-08-17T20:00:00Z,29.0,29.0,,,,,1347.69,1385.0,,,,12.058,12.076,,,,7097.0,7097.0,7097.0,,-9.172,-2.207,,,,0.0,,,,,,,,,,13980.0,14009.0,0.0,0.0,29.0,0.0,29.0,0.0,29.0,0.0,0.0,0.0,0.0,0.0,0.0,0.0,0.0,0.0,battery2_v
2020-08-17T21:00:00Z,30.0,30.0,,,,,1379.6,1396.0,,,,12.048,12.072,,,,7097.0,7097.0,7097.0,,-8.833,2.233,,,,0.0,,,,,,,,,,14010.0,14039.0,0.0,0.0,30.0,0.0,30.0,0.0,30.0,0.0,0.0,0.0,0.0,0.0,0.0,0.0,0.0,0.0,battery2_v
2020-08-17T22:00:00Z,30.0,30.0,,,,,3155.367,12804.0,,,,12.039,12.058,,,,7097.0,7097.0,7097.0,,-8.533,5.6,,,,0.0,,,,,,,,,,14040.0,14069.0,0.0,0.0,30.0,0.0,30.0,0.0,30.0,0.0,0.0,0.0,0.0,0.0,0.0,0.0,0.0,0.0,battery2_v
2020-08-17T23:00:00Z,29.0,29.0,,,,,6615.517,14629.0,,,,12.034,12.062,,,,7097.0,7097.0,7097.0,,-7.75,11.172,,,,0.0,,,,,,,,,,14070.0,14099.0,0.0,0.0,29.0,0.0,29.0,0.0,29.0,0.0,0.0,0.0,0.0,0.0,0.0,0.0,0.0,0.0,battery2_v
2020-08-18T00:00:00Z,30.0,30.0,,,,,14693.8,22222.0,,,,12.039,12.171,,,,7097.0,7097.0,7097.0,,6.552,21.3,,,,0.0,,,,,,,,,,14100.0,14129.0,0.0,0.0,30.0,0.0,30.0,0.0,30.0,0.0,0.0,2.0,0.0,0.0,0.0,0.0,0.0,0.0,battery2_v
2020-08-18T01:00:00Z,17.0,17.0,,,,,14715.235,22129.0,,,,12.086,12.27,,,,7097.0,7097.0,7097.0,,41.0,57.118,,,,0.0,,,,,,,,,,14130.0,14153.0,0.0,0.0,17.0,0.0,17.0,0.0,17.0,0.0,6.0,13.0,0.0,0.0,0.0,0.0,0.0,0.0,battery2_v
2020-08-18T02:00:00Z,10.0,10.0,,,,,13642.8,13798.0,,,,12.138,12.474,,,,7097.0,7097.0,7097.0,,53.3,67.9,,,,0.0,,,,,,,,,,14159.0,14185.0,0.0,0.0,10.0,0.0,10.0,0.0,10.0,0.0,6.0,6.0,0.0,0.0,0.0,0.0,0.0,0.0,battery2_v
2020-08-18T03:00:00Z,23.0,23.0,,,,,13462.609,13670.0,,,,12.251,12.611,,,,7097.0,7097.0,7097.0,,94.435,106.478,,,,0.0,,,,,,,,,,14186.0,14214.0,0.0,0.0,23.0,0.0,23.0,0.0,23.0,0.0,21.0,22.0,0.0,0.0,0.0,0.0,0.0,0.0,battery2_v
2020-08-18T04:00:00Z,29.0,29.0,,,,,13234.414,13529.0,,,,12.379,12.748,,,,7097.0,7097.0,7097.0,,144.517,148.31,,,,0.0,,,,,,,,,,14215.0,14244.0,0.0,0.0,29.0,0.0,29.0,0.0,29.0,0.0,28.0,28.0,0.0,0.0,0.0,0.0,0.0,0.0,battery2_v
2020-08-18T05:00:00Z,28.0,28.0,,,,,13253.143,13529.0,,,,12.36,12.772,,,,7097.0,7097.0,7097.0,,128.393,127.607,,,,0.0,,,,,,,,,,14245.0,14273.0,0.0,0.0,28.0,0.0,28.0,0.0,28.0,0.0,27.0,27.0,0.0,0.0,0.0,0.0,0.0,0.0,battery2_v
2020-08-18T06:00:00Z,17.0,17.0,,,,,13644.294,17250.0,,,,11.949,12.758,,,,7097.0,7097.0,7097.0,,77.176,12.529,,,,0.176,,,,,,,,,,14275.0,14302.0,0.0,0.0,17.0,0.0,17.0,0.0,17.0,0.0,12.0,13.0,0.0,0.0,0.0,0.0,0.0,0.0,battery2_v
2020-08-18T07:00:00Z,13.0,13.0,,,,,13292.615,13892.0,,,,12.128,12.843,,,,7097.0,7097.0,7097.0,,100.923,32.538,,,,0.231,,,,,,,,,,14303.0,14321.0,0.0,0.0,13.0,0.0,13.0,0.0,13.0,0.0,11.0,10.0,0.0,0.0,0.0,0.0,0.0,0.0,battery2_v
2020-08-18T08:00:00Z,23.0,23.0,,,,,5663.739,13646.0,,,,12.181,12.625,,,,7097.0,7097.0,7097.0,,18.435,-1.826,,,,0.0,,,,,,,,,,14336.0,14360.0,0.0,0.0,23.0,0.0,23.0,0.0,23.0,0.0,3.0,5.0,0.0,0.0,0.0,0.0,0.0,0.0,battery2_v
2020-08-18T09:00:00Z,30.0,30.0,,,,,2905.0,3081.0,,,,12.143,12.176,,,,7097.0,7097.0,7097.0,,-10.033,-25.4,,,,0.0,,,,,,,,,,14361.0,14390.0,0.0,0.0,30.0,0.0,30.0,0.0,30.0,0.0,0.0,0.0,0.0,0.0,0.0,0.0,0.0,0.0,battery2_v
2020-08-18T10:00:00Z,30.0,30.0,,,,,2833.2,4778.0,,,,12.124,12.147,,,,7097.0,7097.0,7097.0,,-10.033,-23.6,,,,0.0,,,,,,,,,,14391.0,14420.0,0.0,0.0,30.0,0.0,30.0,0.0,30.0,0.0,0.0,0.0,0.0,0.0,0.0,0.0,0.0,0.0,battery2_v
2020-08-18T11:00:00Z,30.0,30.0,,,,,1448.8,3222.0,,,,12.119,12.133,,,,7097.0,7097.0,7097.0,,-10.033,-20.533,,,,0.0,,,,,,,,,,14421.0,14450.0,0.0,0.0,30.0,0.0,30.0,0.0,30.0,0.0,0.0,0.0,0.0,0.0,0.0,0.0,0.0,0.0,battery2_v
2020-08-18T12:00:00Z,30.0,30.0,,,,,1179.667,1198.0,,,,12.105,12.124,,,,7097.0,7097.0,7097.0,,-10.933,-31.0,,,,0.0,,,,,,,,,,14451.0,14480.0,0.0,0.0,30.0,0.0,30.0,0.0,30.0,0.0,0.0,5.0,0.0,0.0,0.0,0.0,0.0,0.0,battery2_v
2020-08-18T13:00:00Z,30.0,30.0,,,,,1207.433,1233.0,,,,12.095,12.11,,,,7097.0,7097.0,7097.0,,-11.667,-36.9,,,,0.0,,,,,,,,,,14481.0,14510.0,0.0,0.0,30.0,0.0,30.0,0.0,30.0,0.0,0.0,1.0,0.0,0.0,0.0,0.0,0.0,0.0,battery2_v
2020-08-18T14:00:00Z,30.0,30.0,,,,,1235.833,1268.0,,,,12.086,12.105,,,,7097.0,7097.0,7097.0,,-11.267,-35.267,,,,0.0,,,,,,,,,,14511.0,14540.0,0.0,0.0,30.0,0.0,30.0,0.0,30.0,0.0,0.0,0.0,0.0,0.0,0.0,0.0,0.0,0.0,battery2_v
2020-08-18T15:00:00Z,30.0,30.0,,,,,1265.767,1291.0,,,,12.081,12.095,,,,7097.0,7097.0,7097.0,,-11.033,-31.433,,,,0.0,,,,,,,,,,14541.0,14570.0,0.0,0.0,30.0,0.0,30.0,0.0,30.0,0.0,0.0,0.0,0.0,0.0,0.0,0.0,0.0,0.0,battery2_v
2020-08-18T16:00:00Z,28.0,28.0,,,,,1286.821,1315.0,,,,12.072,12.086,,,,7097.0,7097.0,7097.0,,-10.75,-26.107,,,,0.0,,,,,,,,,,14571.0,14600.0,0.0,0.0,28.0,0.0,28.0,0.0,28.0,0.0,0.0,0.0,0.0,0.0,0.0,0.0,0.0,0.0,battery2_v
2020-08-18T17:00:00Z,28.0,28.0,,,,,1315.607,1326.0,,,,12.067,12.076,,,,7097.0,7097.0,7097.0,,-10.214,-19.964,,,,0.0,,,,,,,,,,14601.0,14630.0,0.0,0.0,28.0,0.0,28.0,0.0,28.0,0.0,0.0,0.0,0.0,0.0,0.0,0.0,0.0,0.0,battery2_v
2020-08-18T18:00:00Z,30.0,30.0,,,,,1344.2,1396.0,,,,12.053,12.076,,,,7097.0,7097.0,7097.0,,-10.0,-14.333,,,,0.0,,,,,,,,,,14631.0,14660.0,0.0,0.0,30.0,0.0,30.0,0.0,30.0,0.0,0.0,0.0,0.0,0.0,0.0,0.0,0.0,0.0,battery2_v
2020-08-18T19:00:00Z,30.0,30.0,,,,,1370.267,1396.0,,,,12.048,12.067,,,,7097.0,7097.0,7097.0,,-9.767,-8.967,,,,0.0,,,,,,,,,,14661.0,14690.0,0.0,0.0,30.0,0.0,30.0,0.0,30.0,0.0,0.0,0.0,0.0,0.0,0.0,0.0,0.0,0.0,battery2_v
2020-08-18T20:00:00Z,30.0,30.0,,,,,1392.767,1408.0,,,,12.043,12.058,,,,7097.0,7097.0,7097.0,,-9.3,-5.0,,,,0.0,,,,,,,,,,14691.0,14720.0,0.0,0.0,30.0,0.0,30.0,0.0,30.0,0.0,0.0,0.0,0.0,0.0,0.0,0.0,0.0,0.0,battery2_v
2020-08-18T21:00:00Z,30.0,30.0,,,,,1420.733,1467.0,,,,12.029,12.053,,,,7097.0,7097.0,7097.0,,-9.067,-0.233,,,,0.0,,,,,,,,,,14721.0,14750.0,0.0,0.0,30.0,0.0,30.0,0.0,30.0,0.0,0.0,0.0,0.0,0.0,0.0,0.0,0.0,0.0,battery2_v
2020-08-18T22:00:00Z,30.0,30.0,,,,,1498.133,3023.0,,,,12.029,12.403,,,,7097.0,7097.0,7097.0,,19.448,35.5,,,,0.0,,,,,,,,,,14751.0,14780.0,0.0,0.0,29.0,0.0,30.0,0.0,30.0,0.0,6.0,6.0,0.0,0.0,0.0,0.0,0.0,0.0,battery2_v
2020-08-18T23:00:00Z,30.0,30.0,,,,,4385.367,12909.0,,,,12.091,12.55,,,,7097.0,7097.0,7097.0,,48.233,62.233,,,,0.0,,,,,,,,,,14781.0,14810.0,0.0,0.0,30.0,0.0,30.0,0.0,30.0,0.0,12.0,14.0,0.0,0.0,0.0,0.0,0.0,0.0,battery2_v
2020-08-19T00:00:00Z,29.0,29.0,,,,,7790.793,15319.0,,,,12.058,12.304,,,,7097.0,7097.0,7097.0,,3.16,23.759,,,,0.0,,,,,,,,,,14811.0,14840.0,0.0,0.0,29.0,0.0,29.0,0.0,29.0,0.0,2.0,4.0,0.0,0.0,0.0,0.0,0.0,0.0,battery2_v
2020-08-19T01:00:00Z,2.0,2.0,,,,,13816.0,13857.0,,,,12.091,12.147,,,,7097.0,7097.0,7097.0,,16.5,30.5,,,,0.0,,,,,,,,,,14847.0,14849.0,0.0,0.0,2.0,0.0,2.0,0.0,2.0,0.0,0.0,0.0,0.0,0.0,0.0,0.0,0.0,0.0,battery2_v
2020-08-19T02:00:00Z,8.0,8.0,,,,,13718.0,13740.0,,,,12.181,12.27,,,,7097.0,7097.0,7097.0,,45.5,55.375,,,,0.0,,,,,,,,,,14883.0,14895.0,0.0,0.0,8.0,0.0,8.0,0.0,8.0,0.0,1.0,5.0,0.0,0.0,0.0,0.0,0.0,0.0,battery2_v
2020-08-19T03:00:00Z,15.0,15.0,,,,,13673.6,13752.0,,,,12.176,12.46,,,,7097.0,7097.0,7097.0,,52.067,70.133,,,,0.0,,,,,,,,,,14903.0,14919.0,0.0,0.0,15.0,0.0,15.0,0.0,15.0,0.0,6.0,12.0,0.0,0.0,0.0,0.0,0.0,0.0,battery2_v
2020-08-19T04:00:00Z,27.0,27.0,,,,,13282.37,13553.0,,,,12.337,12.753,,,,7097.0,7097.0,7097.0,,141.074,153.333,,,,0.0,,,,,,,,,,14924.0,14952.0,0.0,0.0,27.0,0.0,27.0,0.0,27.0,0.0,27.0,27.0,0.0,0.0,0.0,0.0,0.0,0.0,battery2_v
2020-08-19T05:00:00Z,25.0,25.0,,,,,13227.04,13962.0,,,,11.996,13.496,,,,7097.0,7097.0,7097.0,,154.04,133.0,,,,0.16,,,,,,,,,,14954.0,14982.0,0.0,0.0,25.0,0.0,25.0,0.0,25.0,0.0,22.0,25.0,0.0,0.0,0.0,0.0,0.0,0.0,battery2_v
2020-08-19T06:00:00Z,23.0,23.0,,,,,14004.435,21661.0,,,,12.119,13.15,,,,7097.0,7097.0,7097.0,,114.609,100.826,,,,0.087,,,,,,,,,,14984.0,15011.0,0.0,0.0,23.0,0.0,23.0,0.0,23.0,0.0,21.0,20.0,0.0,0.0,0.0,0.0,0.0,0.0,battery2_v
2020-08-19T07:00:00Z,24.0,24.0,,,,,13507.375,13600.0,,,,12.289,12.62,,,,7097.0,7097.0,7097.0,,55.208,48.292,,,,0.0,,,,,,,,,,15017.0,15041.0,0.0,0.0,24.0,0.0,24.0,0.0,24.0,0.0,9.0,7.0,0.0,0.0,0.0,0.0,0.0,0.0,battery2_v
2020-08-19T08:00:00Z,30.0,30.0,,,,,11238.833,15706.0,,,,12.162,12.526,,,,7097.0,7097.0,7097.0,,23.533,16.133,,,,0.0,,,,,,,,,,15042.0,15071.0,0.0,0.0,30.0,0.0,30.0,0.0,30.0,0.0,5.0,5.0,0.0,0.0,0.0,0.0,0.0,0.0,battery2_v
2020-08-19T09:00:00Z,30.0,30.0,,,,,11986.567,20374.0,,,,12.133,12.228,,,,7097.0,7097.0,7097.0,,-5.103,-18.6,,,,0.0,,,,,,,,,,15072.0,15101.0,0.0,0.0,30.0,0.0,30.0,0.0,30.0,0.0,0.0,1.0,0.0,0.0,0.0,0.0,0.0,0.0,battery2_v
2020-08-19T10:00:00Z,30.0,30.0,,,,,5519.133,13810.0,,,,12.114,12.299,,,,7097.0,7097.0,7097.0,,-3.0,-6.833,,,,0.0,,,,,,,,,,15102.0,15131.0,0.0,0.0,30.0,0.0,30.0,0.0,30.0,0.0,1.0,2.0,0.0,0.0,0.0,0.0,0.0,0.0,battery2_v
2020-08-19T11:00:00Z,30.0,30.0,,,,,1112.367,1326.0,,,,12.105,12.408,,,,7097.0,7097.0,7097.0,,-2.667,1.633,,,,0.0,,,,,,,,,,15132.0,15161.0,0.0,0.0,28.0,0.0,30.0,0.0,30.0,0.0,1.0,2.0,0.0,0.0,0.0,0.0,0.0,0.0,battery2_v
2020-08-19T12:00:00Z,30.0,30.0,,,,,1225.933,1256.0,,,,12.095,12.119,,,,7097.0,7097.0,7097.0,,-8.933,-3.933,,,,0.0,,,,,,,,,,15162.0,15191.0,0.0,0.0,30.0,0.0,30.0,0.0,30.0,0.0,0.0,0.0,0.0,0.0,0.0,0.0,0.0,0.0,battery2_v
2020-08-19T13:00:00Z,30.0,30.0,,,,,949.267,1279.0,,,,12.091,12.379,,,,7097.0,7097.0,7097.0,,9.333,14.467,,,,0.0,,,,,,,,,,15192.0,15221.0,0.0,0.0,25.0,0.0,30.0,0.0,30.0,0.0,4.0,5.0,0.0,0.0,0.0,0.0,0.0,0.0,battery2_v
2020-08-19T14:00:00Z,30.0,30.0,,,,,1295.133,1326.0,,,,12.076,12.1,,,,7097.0,7097.0,7097.0,,-9.967,-13.467,,,,0.0,,,,,,,,,,15222.0,15251.0,0.0,0.0,30.0,0.0,30.0,0.0,30.0,0.0,0.0,0.0,0.0,0.0,0.0,0.0,0.0,0.0,battery2_v
2020-08-19T15:00:00Z,18.0,18.0,,,,,1320.5,1361.0,,,,12.072,12.086,,,,7097.0,7097.0,7097.0,,-10.056,-14.5,,,,0.0,,,,,,,,,,15252.0,15272.0,0.0,0.0,18.0,0.0,18.0,0.0,18.0,0.0,0.0,0.0,0.0,0.0,0.0,0.0,0.0,0.0,battery2_v
2020-08-20T00:00:00Z,15.0,15.0,,,,,14008.133,15179.0,,,,12.005,12.053,,,,7097.0,7097.0,7097.0,,4.2,38.667,,,,0.0,,,,,,,,,,15510.0,15524.0,0.0,0.0,15.0,0.0,15.0,0.0,15.0,0.0,0.0,1.0,0.0,0.0,0.0,0.0,0.0,0.0,battery2_v
2020-08-20T01:00:00Z,21.0,21.0,,,,,15177.333,23018.0,,,,12.043,12.223,,,,7097.0,7097.0,7097.0,,26.429,63.476,,,,0.0,,,,,,,,,,15525.0,15551.0,0.0,0.0,21.0,0.0,21.0,0.0,21.0,0.0,4.0,11.0,0.0,0.0,0.0,0.0,0.0,0.0,battery2_v
2020-08-20T02:00:00Z,23.0,23.0,,,,,13643.826,13752.0,,,,12.166,12.512,,,,7097.0,7097.0,7097.0,,68.435,111.174,,,,0.0,,,,,,,,,,15553.0,15580.0,0.0,0.0,23.0,0.0,23.0,0.0,23.0,0.0,18.0,23.0,0.0,0.0,0.0,0.0,0.0,0.0,battery2_v
2020-08-20T03:00:00Z,29.0,29.0,,,,,13552.724,13705.0,,,,12.209,12.71,,,,7097.0,7097.0,7097.0,,81.724,118.0,,,,0.0,,,,,,,,,,15582.0,15611.0,0.0,0.0,29.0,0.0,29.0,0.0,29.0,0.0,22.0,29.0,0.0,0.0,0.0,0.0,0.0,0.0,battery2_v
2020-08-20T04:00:00Z,30.0,30.0,,,,,13535.6,13611.0,,,,12.285,12.488,,,,7097.0,7097.0,7097.0,,73.733,105.267,,,,0.0,,,,,,,,,,15612.0,15641.0,0.0,0.0,30.0,0.0,30.0,0.0,30.0,0.0,26.0,30.0,0.0,0.0,0.0,0.0,0.0,0.0,battery2_v
2020-08-20T05:00:00Z,19.0,19.0,,,,,13425.316,13564.0,,,,12.318,12.748,,,,7097.0,7097.0,7097.0,,101.684,123.316,,,,0.0,,,,,,,,,,15642.0,15670.0,0.0,0.0,19.0,0.0,19.0,0.0,19.0,0.0,18.0,19.0,0.0,0.0,0.0,0.0,0.0,0.0,battery2_v
2020-08-20T06:00:00Z,13.0,13.0,,,,,13415.923,13541.0,,,,12.356,12.554,,,,7097.0,7097.0,7097.0,,93.538,110.231,,,,0.0,,,,,,,,,,15671.0,15698.0,0.0,0.0,13.0,0.0,13.0,0.0,13.0,0.0,12.0,12.0,0.0,0.0,0.0,0.0,0.0,0.0,battery2_v
2020-08-20T07:00:00Z,21.0,21.0,,,,,13558.286,13927.0,,,,12.114,12.867,,,,7097.0,7097.0,7097.0,,57.905,51.381,,,,0.048,,,,,,,,,,15699.0,15726.0,0.0,0.0,21.0,0.0,21.0,0.0,21.0,0.0,9.0,12.0,0.0,0.0,0.0,0.0,0.0,0.0,battery2_v
2020-08-20T08:00:00Z,29.0,29.0,,,,,13661.69,15308.0,,,,12.166,12.412,,,,7097.0,7097.0,7097.0,,40.107,37.793,,,,0.0,,,,,,,,,,15728.0,15757.0,0.0,0.0,29.0,0.0,29.0,0.0,29.0,0.0,15.0,14.0,0.0,0.0,0.0,0.0,0.0,0.0,battery2_v
2020-08-20T09:00:00Z,30.0,30.0,,,,,13340.2,13810.0,,,,12.124,12.526,,,,7097.0,7097.0,7097.0,,30.533,22.033,,,,0.0,,,,,,,,,,15758.0,15787.0,0.0,0.0,30.0,0.0,30.0,0.0,30.0,0.0,4.0,4.0,0.0,0.0,0.0,0.0,0.0,0.0,battery2_v
2020-08-20T10:00:00Z,30.0,30.0,,,,,3239.233,5725.0,,,,12.114,12.36,,,,7097.0,7097.0,7097.0,,2.172,11.833,,,,0.0,,,,,,,,,,15788.0,15817.0,0.0,0.0,30.0,0.0,30.0,0.0,30.0,0.0,3.0,3.0,0.0,0.0,0.0,0.0,0.0,0.0,battery2_v
2020-08-20T11:00:00Z,30.0,30.0,,,,,1029.433,1900.0,,,,12.1,12.322,,,,7097.0,7097.0,7097.0,,5.3,21.167,,,,0.0,,,,,,,,,,15818.0,15847.0,0.0,0.0,29.0,0.0,30.0,0.0,30.0,0.0,2.0,7.0,0.0,0.0,0.0,0.0,0.0,0.0,battery2_v
2020-08-20T12:00:00Z,30.0,30.0,,,,,1233.067,1279.0,,,,12.076,12.11,,,,7097.0,7097.0,7097.0,,-8.3,1.5,,,,0.0,,,,,,,,,,15848.0,15877.0,0.0,0.0,30.0,0.0,30.0,0.0,30.0,0.0,0.0,0.0,0.0,0.0,0.0,0.0,0.0,0.0,battery2_v
2020-08-20T13:00:00Z,30.0,30.0,,,,,1290.333,1338.0,,,,12.067,12.091,,,,7097.0,7097.0,7097.0,,-8.333,3.333,,,,0.0,,,,,,,,,,15878.0,15907.0,0.0,0.0,30.0,0.0,30.0,0.0,30.0,0.0,0.0,0.0,0.0,0.0,0.0,0.0,0.0,0.0,battery2_v
2020-08-20T14:00:00Z,30.0,30.0,,,,,1348.133,1385.0,,,,12.053,12.067,,,,7097.0,7097.0,7097.0,,-10.033,-13.8,,,,0.0,,,,,,,,,,15908.0,15937.0,0.0,0.0,30.0,0.0,30.0,0.0,30.0,0.0,0.0,0.0,0.0,0.0,0.0,0.0,0.0,0.0,battery2_v
2020-08-20T15:00:00Z,30.0,30.0,,,,,1394.867,1432.0,,,,12.039,12.058,,,,7097.0,7097.0,7097.0,,-9.867,-10.567,,,,0.0,,,,,,,,,,15938.0,15967.0,0.0,0.0,30.0,0.0,30.0,0.0,30.0,0.0,0.0,0.0,0.0,0.0,0.0,0.0,0.0,0.0,battery2_v
2020-08-20T16:00:00Z,30.0,30.0,,,,,1425.067,1467.0,,,,12.024,12.053,,,,7097.0,7097.0,7097.0,,-9.3,-4.0,,,,0.0,,,,,,,,,,15968.0,15997.0,0.0,0.0,30.0,0.0,30.0,0.0,30.0,0.0,0.0,0.0,0.0,0.0,0.0,0.0,0.0,0.0,battery2_v
2020-08-20T17:00:00Z,30.0,30.0,,,,,1450.7,1478.0,,,,12.02,12.039,,,,7097.0,7097.0,7097.0,,-9.0,0.8,,,,0.0,,,,,,,,,,15998.0,16027.0,0.0,0.0,30.0,0.0,30.0,0.0,30.0,0.0,0.0,0.0,0.0,0.0,0.0,0.0,0.0,0.0,battery2_v
2020-08-20T18:00:00Z,30.0,30.0,,,,,1478.7,1502.0,,,,12.01,12.029,,,,7097.0,7097.0,7097.0,,-8.7,4.967,,,,0.0,,,,,,,,,,16028.0,16057.0,0.0,0.0,30.0,0.0,30.0,0.0,30.0,0.0,0.0,0.0,0.0,0.0,0.0,0.0,0.0,0.0,battery2_v
2020-08-20T19:00:00Z,30.0,30.0,,,,,1508.667,1525.0,,,,11.996,12.02,,,,7097.0,7097.0,7097.0,,-8.367,8.267,,,,0.0,,,,,,,,,,16058.0,16087.0,0.0,0.0,30.0,0.0,30.0,0.0,30.0,0.0,0.0,0.0,0.0,0.0,0.0,0.0,0.0,0.0,battery2_v
2020-08-20T20:00:00Z,30.0,30.0,,,,,1528.2,1537.0,,,,11.991,12.005,,,,7097.0,7097.0,7097.0,,-8.167,13.267,,,,0.0,,,,,,,,,,16088.0,16117.0,0.0,0.0,30.0,0.0,30.0,0.0,30.0,0.0,0.0,0.0,0.0,0.0,0.0,0.0,0.0,0.0,battery2_v
2020-08-20T21:00:00Z,30.0,30.0,,,,,1542.567,1560.0,,,,11.982,11.996,,,,7097.0,7097.0,7097.0,,-8.0,14.367,,,,0.0,,,,,,,,,,16118.0,16147.0,0.0,0.0,30.0,0.0,30.0,0.0,30.0,0.0,0.0,0.0,0.0,0.0,0.0,0.0,0.0,0.0,battery2_v
2020-08-20T22:00:00Z,30.0,30.0,,,,,3399.133,13272.0,,,,11.977,11.991,,,,7097.0,7097.0,7097.0,,-7.767,19.333,,,,0.0,,,,,,,,,,16148.0,16177.0,0.0,0.0,30.0,0.0,30.0,0.0,30.0,0.0,0.0,0.0,0.0,0.0,0.0,0.0,0.0,0.0,battery2_v
2020-08-20T23:00:00Z,30.0,30.0,,,,,6911.733,13974.0,,,,11.972,11.987,,,,7097.0,7097.0,7097.0,,-6.933,22.333,,,,0.0,,,,,,,,,,16178.0,16207.0,0.0,0.0,30.0,0.0,30.0,0.0,30.0,0.0,0.0,0.0,0.0,0.0,0.0,0.0,0.0,0.0,battery2_v
2020-08-21T00:00:00Z,30.0,30.0,,,,,13466.933,21556.0,,,,11.982,12.128,,,,7097.0,7097.0,7097.0,,20.567,49.3,,,,0.0,,,,,,,,,,16208.0,16237.0,0.0,0.0,30.0,0.0,30.0,0.0,30.0,0.0,0.0,14.0,0.0,0.0,0.0,0.0,0.0,0.0,battery2_v
2020-08-21T01:00:00Z,25.0,25.0,,,,,13657.6,13880.0,,,,12.076,12.573,,,,7097.0,7097.0,7097.0,,73.04,105.48,,,,0.0,,,,,,,,,,16238.0,16264.0,0.0,0.0,25.0,0.0,25.0,0.0,25.0,0.0,17.0,23.0,0.0,0.0,0.0,0.0,0.0,0.0,battery2_v
2020-08-21T02:00:00Z,12.0,12.0,,,,,13450.417,13904.0,,,,12.067,12.829,,,,7097.0,7097.0,7097.0,,102.833,89.333,,,,0.167,,,,,,,,,,16271.0,16295.0,0.0,0.0,12.0,0.0,12.0,0.0,12.0,0.0,10.0,12.0,0.0,0.0,0.0,0.0,0.0,0.0,battery2_v
2020-08-21T03:00:00Z,21.0,21.0,,,,,13273.571,13447.0,,,,12.445,12.909,,,,7097.0,7097.0,7097.0,,151.619,161.286,,,,0.048,,,,,,,,,,16296.0,16324.0,0.0,0.0,21.0,0.0,21.0,0.0,21.0,0.0,21.0,21.0,0.0,0.0,0.0,0.0,0.0,0.0,battery2_v
2020-08-21T04:00:00Z,21.0,21.0,,,,,14540.619,22924.0,,,,12.162,12.687,,,,7097.0,7097.0,7097.0,,93.333,61.0,,,,0.095,,,,,,,,,,16326.0,16352.0,0.0,0.0,21.0,0.0,21.0,0.0,21.0,0.0,15.0,15.0,0.0,0.0,0.0,0.0,0.0,0.0,battery2_v
2020-08-21T05:00:00Z,30.0,30.0,,,,,15689.5,22913.0,,,,11.882,12.985,,,,7097.0,7097.0,7097.0,,96.667,-0.3,,,,0.467,,,,,,,,,,16354.0,16383.0,0.0,0.0,30.0,0.0,30.0,0.0,30.0,0.0,21.0,27.0,0.0,0.0,0.0,0.0,0.0,0.0,battery2_v
2020-08-21T06:00:00Z,14.0,14.0,,,,,13384.786,14009.0,,,,11.968,12.923,,,,7097.0,7097.0,7097.0,,84.429,-52.714,,,,0.571,,,,,,,,,,16387.0,16410.0,0.0,0.0,14.0,0.0,14.0,0.0,14.0,0.0,12.0,12.0,0.0,0.0,0.0,0.0,0.0,0.0,battery2_v
2020-08-21T07:00:00Z,27.0,27.0,,,,,13249.407,13822.0,,,,12.171,12.885,,,,7097.0,7097.0,7097.0,,95.259,43.815,,,,0.148,,,,,,,,,,16412.0,16440.0,0.0,0.0,27.0,0.0,27.0,0.0,27.0,0.0,19.0,19.0,0.0,0.0,0.0,0.0,0.0,0.0,battery2_v
2020-08-21T08:00:00Z,24.0,24.0,,,,,13345.542,14044.0,,,,11.939,13.07,,,,7097.0,7097.0,7097.0,,102.583,14.083,,,,0.25,,,,,,,,,,16441.0,16470.0,0.0,0.0,24.0,0.0,24.0,0.0,24.0,0.0,22.0,21.0,0.0,0.0,0.0,0.0,0.0,0.0,battery2_v
2020-08-21T09:00:00Z,30.0,30.0,,,,,14561.333,20818.0,,,,12.119,12.871,,,,7097.0,7097.0,7097.0,,60.167,6.467,,,,0.067,,,,,,,,,,16471.0,16500.0,0.0,0.0,30.0,0.0,30.0,0.0,30.0,0.0,13.0,15.0,0.0,0.0,0.0,0.0,0.0,0.0,battery2_v
2020-08-21T10:00:00Z,30.0,30.0,,,,,6259.767,14395.0,,,,12.162,12.431,,,,7097.0,7097.0,7097.0,,6.267,-15.633,,,,0.0,,,,,,,,,,16501.0,16530.0,0.0,0.0,30.0,0.0,30.0,0.0,30.0,0.0,4.0,5.0,0.0,0.0,0.0,0.0,0.0,0.0,battery2_v
2020-08-21T11:00:00Z,30.0,30.0,,,,,1479.133,3538.0,,,,12.128,12.157,,,,7097.0,7097.0,7097.0,,-10.267,-26.667,,,,0.0,,,,,,,,,,16531.0,16560.0,0.0,0.0,30.0,0.0,30.0,0.0,30.0,0.0,0.0,0.0,0.0,0.0,0.0,0.0,0.0,0.0,battery2_v
2020-08-21T12:00:00Z,30.0,30.0,,,,,1157.267,1186.0,,,,12.114,12.133,,,,7097.0,7097.0,7097.0,,-10.2,-26.533,,,,0.0,,,,,,,,,,16561.0,16590.0,0.0,0.0,30.0,0.0,30.0,0.0,30.0,0.0,0.0,0.0,0.0,0.0,0.0,0.0,0.0,0.0,battery2_v
2020-08-21T13:00:00Z,30.0,30.0,,,,,1187.833,1209.0,,,,12.105,12.119,,,,7097.0,7097.0,7097.0,,-10.067,-23.333,,,,0.0,,,,,,,,,,16591.0,16620.0,0.0,0.0,30.0,0.0,30.0,0.0,30.0,0.0,0.0,0.0,0.0,0.0,0.0,0.0,0.0,0.0,battery2_v
2020-08-21T14:00:00Z,30.0,30.0,,,,,1219.5,1244.0,,,,12.091,12.114,,,,7097.0,7097.0,7097.0,,-11.133,-34.867,,,,0.0,,,,,,,,,,16621.0,16650.0,0.0,0.0,30.0,0.0,30.0,0.0,30.0,0.0,0.0,3.0,0.0,0.0,0.0,0.0,0.0,0.0,battery2_v
2020-08-21T15:00:00Z,30.0,30.0,,,,,946.867,1268.0,,,,12.086,12.346,,,,7097.0,7097.0,7097.0,,-0.966,-23.233,,,,0.0,,,,,,,,,,16651.0,16680.0,0.0,0.0,28.0,0.0,30.0,0.0,30.0,0.0,2.0,3.0,0.0,0.0,0.0,0.0,0.0,0.0,battery2_v
2020-08-21T16:00:00Z,30.0,30.0,,,,,990.4,1268.0,,,,12.081,12.199,,,,7097.0,7097.0,7097.0,,-3.069,-23.267,,,,0.0,,,,,,,,,,16681.0,16710.0,0.0,0.0,30.0,0.0,30.0,0.0,30.0,0.0,1.0,1.0,0.0,0.0,0.0,0.0,0.0,0.0,battery2_v
2020-08-21T17:00:00Z,30.0,30.0,,,,,1262.467,1315.0,,,,12.076,12.1,,,,7097.0,7097.0,7097.0,,-10.267,-24.167,,,,0.0,,,,,,,,,,16711.0,16740.0,0.0,0.0,30.0,0.0,30.0,0.0,30.0,0.0,0.0,0.0,0.0,0.0,0.0,0.0,0.0,0.0,battery2_v
2020-08-21T18:00:00Z,30.0,30.0,,,,,1309.633,1338.0,,,,12.067,12.086,,,,7097.0,7097.0,7097.0,,-10.1,-16.833,,,,0.0,,,,,,,,,,16741.0,16770.0,0.0,0.0,30.0,0.0,30.0,0.0,30.0,0.0,0.0,0.0,0.0,0.0,0.0,0.0,0.0,0.0,battery2_v
2020-08-21T19:00:00Z,30.0,30.0,,,,,1337.233,1373.0,,,,12.062,12.076,,,,7097.0,7097.0,7097.0,,-9.8,-10.267,,,,0.0,,,,,,,,,,16771.0,16800.0,0.0,0.0,30.0,0.0,30.0,0.0,30.0,0.0,0.0,0.0,0.0,0.0,0.0,0.0,0.0,0.0,battery2_v
2020-08-21T20:00:00Z,28.0,28.0,,,,,1357.929,1373.0,,,,12.053,12.072,,,,7097.0,7097.0,7097.0,,-9.321,-4.607,,,,0.0,,,,,,,,,,16801.0,16830.0,0.0,0.0,28.0,0.0,28.0,0.0,28.0,0.0,0.0,0.0,0.0,0.0,0.0,0.0,0.0,0.0,battery2_v
2020-08-21T21:00:00Z,30.0,30.0,,,,,1375.333,1396.0,,,,12.048,12.067,,,,7097.0,7097.0,7097.0,,-8.967,2.767,,,,0.0,,,,,,,,,,16831.0,16860.0,0.0,0.0,30.0,0.0,30.0,0.0,30.0,0.0,0.0,0.0,0.0,0.0,0.0,0.0,0.0,0.0,battery2_v
2020-08-21T22:00:00Z,30.0,30.0,,,,,2622.9,11552.0,,,,12.043,12.058,,,,7097.0,7097.0,7097.0,,-8.7,4.033,,,,0.0,,,,,,,,,,16861.0,16890.0,0.0,0.0,30.0,0.0,30.0,0.0,30.0,0.0,0.0,0.0,0.0,0.0,0.0,0.0,0.0,0.0,battery2_v
2020-08-21T23:00:00Z,30.0,30.0,,,,,6210.233,15893.0,,,,12.043,12.053,,,,7097.0,7097.0,7097.0,,-7.6,11.267,,,,0.0,,,,,,,,,,16891.0,16920.0,0.0,0.0,30.0,0.0,30.0,0.0,30.0,0.0,0.0,0.0,0.0,0.0,0.0,0.0,0.0,0.0,battery2_v
2020-08-22T00:00:00Z,30.0,30.0,,,,,13872.867,13904.0,,,,12.029,12.218,,,,7097.0,7097.0,7097.0,,4.571,21.967,,,,0.0,,,,,,,,,,16921.0,16950.0,0.0,0.0,30.0,0.0,30.0,0.0,30.0,0.0,1.0,1.0,0.0,0.0,0.0,0.0,0.0,0.0,battery2_v
2020-08-22T01:00:00Z,30.0,30.0,,,,,14905.6,22187.0,,,,12.043,12.304,,,,7097.0,7097.0,7097.0,,36.933,52.2,,,,0.0,,,,,,,,,,16951.0,16980.0,0.0,0.0,30.0,0.0,30.0,0.0,30.0,0.0,11.0,13.0,0.0,0.0,0.0,0.0,0.0,0.0,battery2_v
2020-08-22T02:00:00Z,30.0,30.0,,,,,13506.7,13763.0,,,,12.157,12.673,,,,7097.0,7097.0,7097.0,,100.767,122.8,,,,0.0,,,,,,,,,,16981.0,17010.0,0.0,0.0,30.0,0.0,30.0,0.0,30.0,0.0,24.0,27.0,0.0,0.0,0.0,0.0,0.0,0.0,battery2_v
2020-08-22T03:00:00Z,30.0,30.0,,,,,13292.933,14068.0,,,,11.916,13.023,,,,7097.0,7097.0,7097.0,,134.233,91.1,,,,0.233,,,,,,,,,,17011.0,17040.0,0.0,0.0,30.0,0.0,30.0,0.0,30.0,0.0,26.0,29.0,0.0,0.0,0.0,0.0,0.0,0.0,battery2_v
2020-08-22T04:00:00Z,31.0,31.0,,,,,14168.419,21509.0,,,,11.911,12.89,,,,7097.0,7097.0,7097.0,,110.484,85.548,,,,0.194,,,,,,,,,,17041.0,17071.0,0.0,0.0,31.0,0.0,31.0,0.0,31.0,0.0,22.0,29.0,0.0,0.0,0.0,0.0,0.0,0.0,battery2_v
2020-08-22T05:00:00Z,30.0,30.0,,,,,13582.0,19403.0,,,,12.214,12.852,,,,7097.0,7097.0,7097.0,,86.033,65.867,,,,0.133,,,,,,,,,,17072.0,17101.0,0.0,0.0,30.0,0.0,30.0,0.0,30.0,0.0,17.0,20.0,0.0,0.0,0.0,0.0,0.0,0.0,battery2_v
2020-08-22T06:00:00Z,30.0,30.0,,,,,13450.9,14009.0,,,,11.953,12.658,,,,7097.0,7097.0,7097.0,,70.2,48.267,,,,0.033,,,,,,,,,,17102.0,17131.0,0.0,0.0,30.0,0.0,30.0,0.0,30.0,0.0,16.0,17.0,0.0,0.0,0.0,0.0,0.0,0.0,battery2_v
2020-08-22T07:00:00Z,30.0,30.0,,,,,13474.0,15109.0,,,,12.204,12.691,,,,7097.0,7097.0,7097.0,,73.867,56.5,,,,0.0,,,,,,,,,,17132.0,17161.0,0.0,0.0,30.0,0.0,30.0,0.0,30.0,0.0,18.0,15.0,0.0,0.0,0.0,0.0,0.0,0.0,battery2_v
2020-08-22T08:00:00Z,30.0,30.0,,,,,9113.0,22082.0,,,,11.901,13.325,,,,7097.0,7097.0,7097.0,,47.069,26.967,,,,0.033,,,,,,,,,,17162.0,17191.0,0.0,0.0,30.0,0.0,30.0,0.0,30.0,0.0,13.0,11.0,0.0,0.0,0.0,0.0,0.0,0.0,battery2_v
2020-08-22T09:00:00Z,30.0,30.0,,,,,4440.733,15202.0,,,,11.84,13.893,,,,7097.0,7097.0,7097.0,,95.867,66.933,,,,0.167,,,,,,,,,,17192.0,17221.0,0.0,0.0,26.0,0.0,30.0,0.0,30.0,0.0,11.0,12.0,0.0,0.0,0.0,0.0,0.0,0.0,battery2_v
2020-08-22T10:00:00Z,30.0,30.0,,,,,2829.3,3444.0,,,,12.091,12.493,,,,7097.0,7097.0,7097.0,,-9.3,-28.767,,,,0.0,,,,,,,,,,17222.0,17251.0,0.0,0.0,30.0,0.0,30.0,0.0,30.0,0.0,2.0,2.0,0.0,0.0,0.0,0.0,0.0,0.0,battery2_v
2020-08-22T11:00:00Z,30.0,30.0,,,,,1497.067,4380.0,,,,12.124,12.147,,,,7097.0,7097.0,7097.0,,-9.933,-21.033,,,,0.0,,,,,,,,,,17252.0,17281.0,0.0,0.0,30.0,0.0,30.0,0.0,30.0,0.0,0.0,0.0,0.0,0.0,0.0,0.0,0.0,0.0,battery2_v
2020-08-22T12:00:00Z,30.0,30.0,,,,,1174.033,1186.0,,,,12.114,12.128,,,,7097.0,7097.0,7097.0,,-9.567,-14.3,,,,0.0,,,,,,,,,,17282.0,17311.0,0.0,0.0,30.0,0.0,30.0,0.0,30.0,0.0,0.0,0.0,0.0,0.0,0.0,0.0,0.0,0.0,battery2_v
2020-08-22T13:00:00Z,30.0,30.0,,,,,1207.333,1233.0,,,,12.095,12.119,,,,7097.0,7097.0,7097.0,,-10.533,-27.5,,,,0.0,,,,,,,,,,17312.0,17341.0,0.0,0.0,30.0,0.0,30.0,0.0,30.0,0.0,0.0,0.0,0.0,0.0,0.0,0.0,0.0,0.0,battery2_v
2020-08-22T14:00:00Z,30.0,30.0,,,,,1231.533,1268.0,,,,12.095,12.105,,,,7097.0,7097.0,7097.0,,-10.533,-24.433,,,,0.0,,,,,,,,,,17342.0,17371.0,0.0,0.0,30.0,0.0,30.0,0.0,30.0,0.0,0.0,0.0,0.0,0.0,0.0,0.0,0.0,0.0,battery2_v
2020-08-22T15:00:00Z,30.0,30.0,,,,,1253.3,1279.0,,,,12.086,12.105,,,,7097.0,7097.0,7097.0,,-10.1,-16.533,,,,0.0,,,,,,,,,,17372.0,17401.0,0.0,0.0,30.0,0.0,30.0,0.0,30.0,0.0,0.0,0.0,0.0,0.0,0.0,0.0,0.0,0.0,battery2_v
2020-08-22T16:00:00Z,30.0,30.0,,,,,1277.0,1303.0,,,,12.081,12.095,,,,7097.0,7097.0,7097.0,,-9.833,-11.067,,,,0.0,,,,,,,,,,17402.0,17431.0,0.0,0.0,30.0,0.0,30.0,0.0,30.0,0.0,0.0,0.0,0.0,0.0,0.0,0.0,0.0,0.0,battery2_v
2020-08-22T17:00:00Z,30.0,30.0,,,,,1300.533,1326.0,,,,12.072,12.091,,,,7097.0,7097.0,7097.0,,-9.267,-4.167,,,,0.0,,,,,,,,,,17432.0,17461.0,0.0,0.0,30.0,0.0,30.0,0.0,30.0,0.0,0.0,0.0,0.0,0.0,0.0,0.0,0.0,0.0,battery2_v
2020-08-22T18:00:00Z,30.0,30.0,,,,,1322.033,1338.0,,,,12.067,12.081,,,,7097.0,7097.0,7097.0,,-9.033,0.8,,,,0.0,,,,,,,,,,17462.0,17491.0,0.0,0.0,30.0,0.0,30.0,0.0,30.0,0.0,0.0,0.0,0.0,0.0,0.0,0.0,0.0,0.0,battery2_v
2020-08-22T19:00:00Z,30.0,30.0,,,,,1351.6,1373.0,,,,12.058,12.076,,,,7097.0,7097.0,7097.0,,-8.767,5.167,,,,0.0,,,,,,,,,,17492.0,17521.0,0.0,0.0,30.0,0.0,30.0,0.0,30.0,0.0,0.0,0.0,0.0,0.0,0.0,0.0,0.0,0.0,battery2_v
2020-08-22T20:00:00Z,30.0,30.0,,,,,1377.367,1408.0,,,,12.053,12.072,,,,7097.0,7097.0,7097.0,,-8.4,6.033,,,,0.0,,,,,,,,,,17522.0,17551.0,0.0,0.0,30.0,0.0,30.0,0.0,30.0,0.0,0.0,0.0,0.0,0.0,0.0,0.0,0.0,0.0,battery2_v
2020-08-22T21:00:00Z,30.0,30.0,,,,,1398.633,1408.0,,,,12.048,12.062,,,,7097.0,7097.0,7097.0,,-8.1,11.333,,,,0.0,,,,,,,,,,17552.0,17581.0,0.0,0.0,30.0,0.0,30.0,0.0,30.0,0.0,0.0,0.0,0.0,0.0,0.0,0.0,0.0,0.0,battery2_v
2020-08-22T22:00:00Z,29.0,29.0,,,,,2842.483,10008.0,,,,12.034,12.053,,,,7097.0,7097.0,7097.0,,-7.931,15.0,,,,0.0,,,,,,,,,,17582.0,17611.0,0.0,0.0,29.0,0.0,29.0,0.0,29.0,0.0,0.0,0.0,0.0,0.0,0.0,0.0,0.0,0.0,battery2_v
2020-08-22T23:00:00Z,30.0,30.0,,,,,9018.967,20105.0,,,,12.034,12.072,,,,7097.0,7097.0,7097.0,,-5.233,17.967,,,,0.0,,,,,,,,,,17612.0,17641.0,0.0,0.0,30.0,0.0,30.0,0.0,30.0,0.0,0.0,0.0,0.0,0.0,0.0,0.0,0.0,0.0,battery2_v
2020-08-23T00:00:00Z,30.0,30.0,,,,,13817.667,13869.0,,,,12.072,12.185,,,,7097.0,7097.0,7097.0,,26.0,47.833,,,,0.0,,,,,,,,,,17642.0,17671.0,0.0,0.0,30.0,0.0,30.0,0.0,30.0,0.0,0.0,9.0,0.0,0.0,0.0,0.0,0.0,0.0,battery2_v
2020-08-23T01:00:00Z,30.0,30.0,,,,,13710.333,16174.0,,,,12.086,12.455,,,,7097.0,7097.0,7097.0,,71.333,94.467,,,,0.0,,,,,,,,,,17672.0,17701.0,0.0,0.0,30.0,0.0,30.0,0.0,30.0,0.0,23.0,24.0,0.0,0.0,0.0,0.0,0.0,0.0,battery2_v
2020-08-23T02:00:00Z,30.0,30.0,,,,,13474.1,13752.0,,,,12.166,12.587,,,,7097.0,7097.0,7097.0,,98.433,117.0,,,,0.0,,,,,,,,,,17702.0,17731.0,0.0,0.0,30.0,0.0,30.0,0.0,30.0,0.0,25.0,26.0,0.0,0.0,0.0,0.0,0.0,0.0,battery2_v
2020-08-23T03:00:00Z,30.0,30.0,,,,,13319.8,13646.0,,,,12.256,12.777,,,,7097.0,7097.0,7097.0,,115.5,123.3,,,,0.0,,,,,,,,,,17732.0,17762.0,0.0,0.0,30.0,0.0,30.0,0.0,30.0,0.0,22.0,23.0,0.0,0.0,0.0,0.0,0.0,0.0,battery2_v
2020-08-23T04:00:00Z,30.0,30.0,,,,,14367.867,22152.0,,,,12.228,12.691,,,,7097.0,7097.0,7097.0,,110.067,105.8,,,,0.0,,,,,,,,,,17763.0,17792.0,0.0,0.0,30.0,0.0,30.0,0.0,30.0,0.0,20.0,20.0,0.0,0.0,0.0,0.0,0.0,0.0,battery2_v
2020-08-23T05:00:00Z,30.0,30.0,,,,,13345.3,13834.0,,,,12.133,12.952,,,,7097.0,7097.0,7097.0,,99.367,65.1,,,,0.1,,,,,,,,,,17793.0,17822.0,0.0,0.0,30.0,0.0,30.0,0.0,30.0,0.0,23.0,23.0,0.0,0.0,0.0,0.0,0.0,0.0,battery2_v
2020-08-23T06:00:00Z,30.0,30.0,,,,,13507.533,13717.0,,,,12.195,12.663,,,,7097.0,7097.0,7097.0,,49.467,28.6,,,,0.0,,,,,,,,,,17823.0,17852.0,0.0,0.0,30.0,0.0,30.0,0.0,30.0,0.0,11.0,9.0,0.0,0.0,0.0,0.0,0.0,0.0,battery2_v
2020-08-23T07:00:00Z,30.0,30.0,,,,,9752.933,15624.0,,,,11.906,13.373,,,,7097.0,7097.0,7097.0,,62.933,9.633,,,,0.233,,,,,,,,,,17853.0,17882.0,0.0,0.0,30.0,0.0,30.0,0.0,30.0,0.0,12.0,7.0,0.0,0.0,0.0,0.0,0.0,0.0,battery2_v
2020-08-23T08:00:00Z,30.0,30.0,,,,,10642.233,13775.0,,,,12.143,13.553,,,,7097.0,7097.0,7097.0,,70.517,29.133,,,,0.167,,,,,,,,,,17883.0,17912.0,0.0,0.0,30.0,0.0,30.0,0.0,30.0,0.0,5.0,5.0,0.0,0.0,0.0,0.0,0.0,0.0,battery2_v
2020-08-23T09:00:00Z,26.0,26.0,,,,,6491.385,12020.0,,,,12.072,12.966,,,,7097.0,7097.0,7097.0,,10.654,4.538,,,,0.077,,,,,,,,,,17913.0,17941.0,0.0,0.0,26.0,0.0,26.0,0.0,26.0,0.0,6.0,5.0,0.0,0.0,0.0,0.0,0.0,0.0,battery2_v
2020-08-23T10:00:00Z,27.0,27.0,,,,,4447.556,10288.0,,,,12.138,12.516,,,,7097.0,7097.0,7097.0,,28.704,39.148,,,,0.0,,,,,,,,,,17942.0,17971.0,0.0,0.0,27.0,0.0,27.0,0.0,27.0,0.0,10.0,9.0,0.0,0.0,0.0,0.0,0.0,0.0,battery2_v
2020-08-23T11:00:00Z,30.0,30.0,,,,,1315.933,2812.0,,,,12.128,12.36,,,,7097.0,7097.0,7097.0,,-1.8,18.467,,,,0.0,,,,,,,,,,17972.0,18001.0,0.0,0.0,29.0,0.0,30.0,0.0,30.0,0.0,1.0,2.0,0.0,0.0,0.0,0.0,0.0,0.0,battery2_v
2020-08-23T12:00:00Z,29.0,29.0,,,,,1180.655,1209.0,,,,12.11,12.133,,,,7097.0,7097.0,7097.0,,-7.517,11.414,,,,0.0,,,,,,,,,,18002.0,18031.0,0.0,0.0,29.0,0.0,29.0,0.0,29.0,0.0,0.0,0.0,0.0,0.0,0.0,0.0,0.0,0.0,battery2_v
2020-08-23T13:00:00Z,29.0,29.0,,,,,1217.414,1233.0,,,,12.1,12.119,,,,7097.0,7097.0,7097.0,,-9.069,-0.207,,,,0.0,,,,,,,,,,18032.0,18061.0,0.0,0.0,29.0,0.0,29.0,0.0,29.0,0.0,0.0,0.0,0.0,0.0,0.0,0.0,0.0,0.0,battery2_v
2020-08-23T14:00:00Z,30.0,30.0,,,,,1247.467,1268.0,,,,12.095,12.114,,,,7097.0,7097.0,7097.0,,-8.633,3.967,,,,0.0,,,,,,,,,,18062.0,18091.0,0.0,0.0,30.0,0.0,30.0,0.0,30.0,0.0,0.0,0.0,0.0,0.0,0.0,0.0,0.0,0.0,battery2_v
2020-08-23T15:00:00Z,30.0,30.0,,,,,1267.367,1291.0,,,,12.086,12.105,,,,7097.0,7097.0,7097.0,,-8.167,11.867,,,,0.0,,,,,,,,,,18092.0,18121.0,0.0,0.0,30.0,0.0,30.0,0.0,30.0,0.0,0.0,0.0,0.0,0.0,0.0,0.0,0.0,0.0,battery2_v
2020-08-23T16:00:00Z,30.0,30.0,,,,,1294.233,1315.0,,,,12.081,12.095,,,,7097.0,7097.0,7097.0,,-7.7,13.167,,,,0.0,,,,,,,,,,18122.0,18151.0,0.0,0.0,30.0,0.0,30.0,0.0,30.0,0.0,0.0,0.0,0.0,0.0,0.0,0.0,0.0,0.0,battery2_v
2020-08-23T17:00:00Z,30.0,30.0,,,,,1315.433,1361.0,,,,12.072,12.091,,,,7097.0,7097.0,7097.0,,-7.4,20.633,,,,0.0,,,,,,,,,,18152.0,18181.0,0.0,0.0,30.0,0.0,30.0,0.0,30.0,0.0,0.0,0.0,0.0,0.0,0.0,0.0,0.0,0.0,battery2_v
2020-08-23T18:00:00Z,31.0,31.0,,,,,1340.645,1361.0,,,,12.067,12.081,,,,7097.0,7097.0,7097.0,,-7.129,26.645,,,,0.0,,,,,,,,,,18182.0,18212.0,0.0,0.0,31.0,0.0,31.0,0.0,31.0,0.0,0.0,0.0,0.0,0.0,0.0,0.0,0.0,0.0,battery2_v
2020-08-23T19:00:00Z,30.0,30.0,,,,,1365.7,1385.0,,,,12.058,12.076,,,,7097.0,7097.0,7097.0,,-6.8,27.933,,,,0.0,,,,,,,,,,18213.0,18242.0,0.0,0.0,30.0,0.0,30.0,0.0,30.0,0.0,0.0,0.0,0.0,0.0,0.0,0.0,0.0,0.0,battery2_v
2020-08-23T20:00:00Z,30.0,30.0,,,,,1389.3,1420.0,,,,12.048,12.072,,,,7097.0,7097.0,7097.0,,-6.5,32.2,,,,0.0,,,,,,,,,,18243.0,18272.0,0.0,0.0,30.0,0.0,30.0,0.0,30.0,0.0,0.0,0.0,0.0,0.0,0.0,0.0,0.0,0.0,battery2_v
2020-08-23T21:00:00Z,29.0,29.0,,,,,1409.655,1432.0,,,,12.043,12.062,,,,7097.0,7097.0,7097.0,,-6.448,29.586,,,,0.0,,,,,,,,,,18273.0,18302.0,0.0,0.0,29.0,0.0,29.0,0.0,29.0,0.0,0.0,0.0,0.0,0.0,0.0,0.0,0.0,0.0,battery2_v
2020-08-23T22:00:00Z,29.0,29.0,,,,,3172.0,11271.0,,,,12.034,12.048,,,,7097.0,7097.0,7097.0,,-6.138,33.103,,,,0.0,,,,,,,,,,18303.0,18332.0,0.0,0.0,29.0,0.0,29.0,0.0,29.0,0.0,0.0,0.0,0.0,0.0,0.0,0.0,0.0,0.0,battery2_v
2020-08-23T23:00:00Z,30.0,30.0,,,,,8401.633,18560.0,,,,12.034,12.062,,,,7097.0,7097.0,7097.0,,-4.724,37.9,,,,0.0,,,,,,,,,,18333.0,18362.0,0.0,0.0,30.0,0.0,30.0,0.0,30.0,0.0,0.0,0.0,0.0,0.0,0.0,0.0,0.0,0.0,battery2_v
2020-08-24T00:00:00Z,30.0,30.0,,,,,13872.633,13904.0,,,,12.034,12.138,,,,7097.0,7097.0,7097.0,,8.7,48.967,,,,0.0,,,,,,,,,,18363.0,18392.0,0.0,0.0,30.0,0.0,30.0,0.0,30.0,0.0,0.0,12.0,0.0,0.0,0.0,0.0,0.0,0.0,battery2_v
2020-08-24T01:00:00Z,23.0,23.0,,,,,14462.304,22538.0,,,,12.081,12.322,,,,7097.0,7097.0,7097.0,,53.435,93.435,,,,0.0,,,,,,,,,,18393.0,18421.0,0.0,0.0,23.0,0.0,23.0,0.0,23.0,0.0,12.0,20.0,0.0,0.0,0.0,0.0,0.0,0.0,battery2_v
2020-08-24T02:00:00Z,22.0,22.0,,,,,14417.273,22667.0,,,,12.138,12.455,,,,7097.0,7097.0,7097.0,,62.227,96.864,,,,0.0,,,,,,,,,,18422.0,18449.0,0.0,0.0,22.0,0.0,22.0,0.0,22.0,0.0,11.0,17.0,0.0,0.0,0.0,0.0,0.0,0.0,battery2_v
2020-08-24T03:00:00Z,26.0,26.0,,,,,16181.692,22726.0,,,,12.176,12.71,,,,7097.0,7097.0,7097.0,,80.885,103.192,,,,0.0,,,,,,,,,,18451.0,18479.0,0.0,0.0,26.0,0.0,26.0,0.0,26.0,0.0,15.0,18.0,0.0,0.0,0.0,0.0,0.0,0.0,battery2_v
2020-08-24T04:00:00Z,28.0,28.0,,,,,14138.964,22035.0,,,,12.299,12.658,,,,7097.0,7097.0,7097.0,,118.107,128.929,,,,0.0,,,,,,,,,,18480.0,18509.0,0.0,0.0,28.0,0.0,28.0,0.0,28.0,0.0,22.0,22.0,0.0,0.0,0.0,0.0,0.0,0.0,battery2_v
2020-08-24T05:00:00Z,26.0,26.0,,,,,13326.385,14653.0,,,,12.034,13.023,,,,7097.0,7097.0,7097.0,,115.538,64.077,,,,0.308,,,,,,,,,,18510.0,18538.0,0.0,0.0,26.0,0.0,26.0,0.0,26.0,0.0,22.0,24.0,0.0,0.0,0.0,0.0,0.0,0.0,battery2_v
2020-08-24T06:00:00Z,21.0,21.0,,,,,13838.0,22538.0,,,,12.043,12.928,,,,7097.0,7097.0,7097.0,,78.762,50.286,,,,0.095,,,,,,,,,,18539.0,18567.0,0.0,0.0,21.0,0.0,21.0,0.0,21.0,0.0,11.0,12.0,0.0,0.0,0.0,0.0,0.0,0.0,battery2_v
2020-08-24T07:00:00Z,24.0,24.0,,,,,13511.333,22761.0,,,,11.901,13.013,,,,7097.0,7097.0,7097.0,,48.708,-45.125,,,,0.208,,,,,,,,,,18568.0,18597.0,0.0,0.0,24.0,0.0,24.0,0.0,24.0,0.0,13.0,16.0,0.0,0.0,0.0,0.0,0.0,0.0,battery2_v
2020-08-24T08:00:00Z,29.0,29.0,,,,,10413.103,16431.0,,,,12.19,12.777,,,,7097.0,7097.0,7097.0,,48.172,50.414,,,,0.0,,,,,,,,,,18598.0,18626.0,0.0,0.0,29.0,0.0,29.0,0.0,29.0,0.0,12.0,13.0,0.0,0.0,0.0,0.0,0.0,0.0,battery2_v
2020-08-24T09:00:00Z,31.0,31.0,,,,,6454.581,13740.0,,,,12.152,12.497,,,,7097.0,7097.0,7097.0,,14.9,14.226,,,,0.0,,,,,,,,,,18627.0,18657.0,0.0,0.0,31.0,0.0,31.0,0.0,31.0,0.0,4.0,6.0,0.0,0.0,0.0,0.0,0.0,0.0,battery2_v
2020-08-24T10:00:00Z,30.0,30.0,,,,,2634.7,3772.0,,,,12.133,12.46,,,,7097.0,7097.0,7097.0,,-3.3,11.167,,,,0.0,,,,,,,,,,18658.0,18687.0,0.0,0.0,30.0,0.0,30.0,0.0,30.0,0.0,1.0,1.0,0.0,0.0,0.0,0.0,0.0,0.0,battery2_v
2020-08-24T11:00:00Z,30.0,30.0,,,,,956.167,1888.0,,,,11.826,12.999,,,,6870.433,300.0,7097.0,,19.367,37.1,,,,0.067,,,,,,,,,,1.0,18708.0,0.0,0.0,28.0,0.0,30.0,0.0,30.0,0.0,3.0,5.0,0.0,0.0,0.0,0.0,0.0,0.0,battery2_v
2020-08-24T12:00:00Z,29.0,29.0,,,,,1192.793,1209.0,,,,12.114,12.128,,,,7097.0,7097.0,7097.0,,-7.034,19.448,,,,0.0,,,,,,,,,,10.0,39.0,0.0,0.0,29.0,0.0,29.0,0.0,29.0,0.0,0.0,0.0,0.0,0.0,0.0,0.0,0.0,0.0,battery2_v
2020-08-24T13:00:00Z,30.0,30.0,,,,,1219.033,1256.0,,,,12.1,12.119,,,,7097.0,7097.0,7097.0,,-7.967,11.433,,,,0.0,,,,,,,,,,40.0,69.0,0.0,0.0,30.0,0.0,30.0,0.0,30.0,0.0,0.0,0.0,0.0,0.0,0.0,0.0,0.0,0.0,battery2_v
2020-08-24T14:00:00Z,31.0,31.0,,,,,1239.032,1256.0,,,,12.095,12.11,,,,7097.0,7097.0,7097.0,,-8.0,17.548,,,,0.0,,,,,,,,,,70.0,100.0,0.0,0.0,31.0,0.0,31.0,0.0,31.0,0.0,0.0,0.0,0.0,0.0,0.0,0.0,0.0,0.0,battery2_v
2020-08-24T15:00:00Z,30.0,30.0,,,,,1267.3,1279.0,,,,12.086,12.105,,,,7097.0,7097.0,7097.0,,-7.733,20.133,,,,0.0,,,,,,,,,,101.0,130.0,0.0,0.0,30.0,0.0,30.0,0.0,30.0,0.0,0.0,0.0,0.0,0.0,0.0,0.0,0.0,0.0,battery2_v
2020-08-24T16:00:00Z,30.0,30.0,,,,,1284.467,1315.0,,,,12.081,12.1,,,,7097.0,7097.0,7097.0,,-7.3,25.233,,,,0.0,,,,,,,,,,131.0,160.0,0.0,0.0,30.0,0.0,30.0,0.0,30.0,0.0,0.0,0.0,0.0,0.0,0.0,0.0,0.0,0.0,battery2_v
2020-08-24T17:00:00Z,30.0,30.0,,,,,1310.367,1350.0,,,,12.072,12.091,,,,7097.0,7097.0,7097.0,,-6.9,28.8,,,,0.0,,,,,,,,,,161.0,190.0,0.0,0.0,30.0,0.0,30.0,0.0,30.0,0.0,0.0,0.0,0.0,0.0,0.0,0.0,0.0,0.0,battery2_v
2020-08-24T18:00:00Z,30.0,30.0,,,,,1338.767,1373.0,,,,12.067,12.086,,,,7097.0,7097.0,7097.0,,-6.467,37.1,,,,0.0,,,,,,,,,,191.0,220.0,0.0,0.0,30.0,0.0,30.0,0.0,30.0,0.0,0.0,0.0,0.0,0.0,0.0,0.0,0.0,0.0,battery2_v
2020-08-24T19:00:00Z,30.0,30.0,,,,,1367.5,1396.0,,,,12.058,12.076,,,,7097.0,7097.0,7097.0,,-6.3,38.2,,,,0.0,,,,,,,,,,221.0,250.0,0.0,0.0,30.0,0.0,30.0,0.0,30.0,0.0,0.0,0.0,0.0,0.0,0.0,0.0,0.0,0.0,battery2_v
2020-08-24T20:00:00Z,30.0,30.0,,,,,1382.433,1396.0,,,,12.053,12.072,,,,7097.0,7097.0,7097.0,,-5.833,46.2,,,,0.0,,,,,,,,,,251.0,280.0,0.0,0.0,30.0,0.0,30.0,0.0,30.0,0.0,0.0,4.0,0.0,0.0,0.0,0.0,0.0,0.0,battery2_v
2020-08-24T21:00:00Z,30.0,30.0,,,,,1397.5,1420.0,,,,12.048,12.062,,,,7097.0,7097.0,7097.0,,-5.067,52.933,,,,0.0,,,,,,,,,,281.0,310.0,0.0,0.0,30.0,0.0,30.0,0.0,30.0,0.0,0.0,21.0,0.0,0.0,0.0,0.0,0.0,0.0,battery2_v
2020-08-24T22:00:00Z,30.0,30.0,,,,,3044.667,10932.0,,,,12.034,12.053,,,,7097.0,7097.0,7097.0,,-4.9,50.767,,,,0.0,,,,,,,,,,311.0,340.0,0.0,0.0,30.0,0.0,30.0,0.0,30.0,0.0,0.0,16.0,0.0,0.0,0.0,0.0,0.0,0.0,battery2_v
2020-08-24T23:00:00Z,29.0,29.0,,,,,8464.414,19999.0,,,,12.029,12.067,,,,7097.0,7097.0,7097.0,,-3.778,53.207,,,,0.0,,,,,,,,,,341.0,370.0,0.0,0.0,29.0,0.0,29.0,0.0,29.0,0.0,0.0,20.0,0.0,0.0,0.0,0.0,0.0,0.0,battery2_v
2020-08-25T00:00:00Z,28.0,28.0,,,,,14580.607,21181.0,,,,12.039,12.199,,,,7097.0,7097.0,7097.0,,27.071,84.857,,,,0.0,,,,,,,,,,371.0,400.0,0.0,0.0,28.0,0.0,28.0,0.0,28.0,0.0,1.0,26.0,0.0,0.0,0.0,0.0,0.0,0.0,battery2_v
2020-08-25T01:00:00Z,20.0,20.0,,,,,14394.0,22702.0,,,,12.095,12.715,,,,7097.0,7097.0,7097.0,,93.35,145.2,,,,0.0,,,,,,,,,,404.0,429.0,0.0,0.0,20.0,0.0,20.0,0.0,20.0,0.0,20.0,20.0,0.0,0.0,0.0,0.0,0.0,0.0,battery2_v
2020-08-25T02:00:00Z,17.0,17.0,,,,,13860.471,19988.0,,,,12.223,12.545,,,,7097.0,7097.0,7097.0,,82.706,126.529,,,,0.0,,,,,,,,,,430.0,456.0,0.0,0.0,17.0,0.0,17.0,0.0,17.0,0.0,11.0,16.0,0.0,0.0,0.0,0.0,0.0,0.0,battery2_v
2020-08-25T03:00:00Z,13.0,13.0,,,,,13380.846,13646.0,,,,12.256,12.625,,,,7097.0,7097.0,7097.0,,97.769,128.0,,,,0.0,,,,,,,,,,460.0,484.0,0.0,0.0,13.0,0.0,13.0,0.0,13.0,0.0,8.0,12.0,0.0,0.0,0.0,0.0,0.0,0.0,battery2_v
2020-08-25T04:00:00Z,24.0,24.0,,,,,14093.375,20023.0,,,,12.209,12.687,,,,7097.0,7097.0,7097.0,,120.875,136.708,,,,0.0,,,,,,,,,,490.0,515.0,0.0,0.0,24.0,0.0,24.0,0.0,24.0,0.0,18.0,20.0,0.0,0.0,0.0,0.0,0.0,0.0,battery2_v
2020-08-25T05:00:00Z,18.0,18.0,,,,,13641.833,17835.0,,,,12.341,12.677,,,,7097.0,7097.0,7097.0,,137.333,143.667,,,,0.0,,,,,,,,,,516.0,543.0,0.0,0.0,18.0,0.0,18.0,0.0,18.0,0.0,16.0,16.0,0.0,0.0,0.0,0.0,0.0,0.0,battery2_v
2020-08-25T06:00:00Z,25.0,25.0,,,,,14243.52,21509.0,,,,12.152,12.829,,,,7097.0,7097.0,7097.0,,92.2,72.72,,,,0.08,,,,,,,,,,544.0,569.0,0.0,0.0,25.0,0.0,25.0,0.0,25.0,0.0,17.0,18.0,0.0,0.0,0.0,0.0,0.0,0.0,battery2_v
2020-08-25T07:00:00Z,26.0,26.0,,,,,13532.462,13705.0,,,,12.214,12.63,,,,7097.0,7097.0,7097.0,,36.692,27.692,,,,0.0,,,,,,,,,,574.0,602.0,0.0,0.0,26.0,0.0,26.0,0.0,26.0,0.0,9.0,8.0,0.0,0.0,0.0,0.0,0.0,0.0,battery2_v
2020-08-25T08:00:00Z,24.0,24.0,,,,,8457.833,18081.0,,,,11.826,12.994,,,,7097.0,7097.0,7097.0,,48.458,36.625,,,,0.042,,,,,,,,,,605.0,631.0,0.0,0.0,24.0,0.0,24.0,0.0,24.0,0.0,12.0,9.0,0.0,0.0,0.0,0.0,0.0,0.0,battery2_v
2020-08-25T09:00:00Z,30.0,30.0,,,,,11770.1,19789.0,,,,12.171,12.729,,,,7097.0,7097.0,7097.0,,34.4,29.5,,,,0.0,,,,,,,,,,632.0,661.0,0.0,0.0,30.0,0.0,30.0,0.0,30.0,0.0,9.0,9.0,0.0,0.0,0.0,0.0,0.0,0.0,battery2_v
2020-08-25T10:00:00Z,30.0,30.0,,,,,3114.433,5714.0,,,,12.152,12.597,,,,7097.0,7097.0,7097.0,,10.069,8.733,,,,0.0,,,,,,,,,,662.0,691.0,0.0,0.0,30.0,0.0,30.0,0.0,30.0,0.0,4.0,4.0,0.0,0.0,0.0,0.0,0.0,0.0,battery2_v
2020-08-25T11:00:00Z,31.0,31.0,,,,,1090.129,3807.0,,,,12.143,12.578,,,,7097.0,7097.0,7097.0,,14.867,17.935,,,,0.0,,,,,,,,,,692.0,722.0,0.0,0.0,29.0,0.0,31.0,0.0,31.0,0.0,4.0,4.0,0.0,0.0,0.0,0.0,0.0,0.0,battery2_v
2020-08-25T12:00:00Z,30.0,30.0,,,,,1113.4,1139.0,,,,12.128,12.152,,,,7097.0,7097.0,7097.0,,-8.933,-1.9,,,,0.0,,,,,,,,,,723.0,752.0,0.0,0.0,30.0,0.0,30.0,0.0,30.0,0.0,0.0,0.0,0.0,0.0,0.0,0.0,0.0,0.0,battery2_v
2020-08-25T13:00:00Z,30.0,30.0,,,,,1087.767,1174.0,,,,12.119,12.304,,,,7097.0,7097.0,7097.0,,-4.533,7.133,,,,0.0,,,,,,,,,,753.0,782.0,0.0,0.0,29.0,0.0,30.0,0.0,30.0,0.0,1.0,1.0,0.0,0.0,0.0,0.0,0.0,0.0,battery2_v
2020-08-25T14:00:00Z,30.0,30.0,,,,,1184.733,1209.0,,,,12.114,12.124,,,,7097.0,7097.0,7097.0,,-9.933,-6.8,,,,0.0,,,,,,,,,,783.0,812.0,0.0,0.0,30.0,0.0,30.0,0.0,30.0,0.0,0.0,0.0,0.0,0.0,0.0,0.0,0.0,0.0,battery2_v
2020-08-25T15:00:00Z,30.0,30.0,,,,,1202.4,1221.0,,,,12.11,12.119,,,,7097.0,7097.0,7097.0,,-9.1,-0.433,,,,0.0,,,,,,,,,,813.0,842.0,0.0,0.0,30.0,0.0,30.0,0.0,30.0,0.0,0.0,0.0,0.0,0.0,0.0,0.0,0.0,0.0,battery2_v
2020-08-25T16:00:00Z,30.0,30.0,,,,,960.3,1221.0,,,,12.105,12.445,,,,7097.0,7097.0,7097.0,,8.967,30.633,,,,0.0,,,,,,,,,,843.0,872.0,0.0,0.0,25.0,0.0,30.0,0.0,30.0,0.0,4.0,5.0,0.0,0.0,0.0,0.0,0.0,0.0,battery2_v
2020-08-25T17:00:00Z,30.0,30.0,,,,,1233.5,1256.0,,,,12.091,12.11,,,,7097.0,7097.0,7097.0,,-8.367,10.967,,,,0.0,,,,,,,,,,873.0,902.0,0.0,0.0,30.0,0.0,30.0,0.0,30.0,0.0,0.0,0.0,0.0,0.0,0.0,0.0,0.0,0.0,battery2_v
2020-08-25T18:00:00Z,30.0,30.0,,,,,1254.0,1279.0,,,,12.091,12.1,,,,7097.0,7097.0,7097.0,,-7.967,16.067,,,,0.0,,,,,,,,,,903.0,932.0,0.0,0.0,30.0,0.0,30.0,0.0,30.0,0.0,0.0,0.0,0.0,0.0,0.0,0.0,0.0,0.0,battery2_v
2020-08-25T19:00:00Z,30.0,30.0,,,,,1274.933,1291.0,,,,12.081,12.1,,,,7097.0,7097.0,7097.0,,-7.533,22.533,,,,0.0,,,,,,,,,,933.0,962.0,0.0,0.0,30.0,0.0,30.0,0.0,30.0,0.0,0.0,0.0,0.0,0.0,0.0,0.0,0.0,0.0,battery2_v
2020-08-25T20:00:00Z,30.0,30.0,,,,,1290.667,1315.0,,,,12.081,12.095,,,,7097.0,7097.0,7097.0,,-7.233,29.367,,,,0.0,,,,,,,,,,963.0,992.0,0.0,0.0,30.0,0.0,30.0,0.0,30.0,0.0,0.0,0.0,0.0,0.0,0.0,0.0,0.0,0.0,battery2_v
2020-08-25T21:00:00Z,30.0,30.0,,,,,1313.9,1350.0,,,,12.072,12.091,,,,7097.0,7097.0,7097.0,,-6.9,32.533,,,,0.0,,,,,,,,,,993.0,1022.0,0.0,0.0,30.0,0.0,30.0,0.0,30.0,0.0,0.0,0.0,0.0,0.0,0.0,0.0,0.0,0.0,battery2_v
2020-08-25T22:00:00Z,30.0,30.0,,,,,3142.133,12032.0,,,,12.062,12.081,,,,7097.0,7097.0,7097.0,,-6.333,37.9,,,,0.0,,,,,,,,,,1023.0,1052.0,0.0,0.0,30.0,0.0,30.0,0.0,30.0,0.0,0.0,1.0,0.0,0.0,0.0,0.0,0.0,0.0,battery2_v
2020-08-25T23:00:00Z,30.0,30.0,,,,,8077.2,16466.0,,,,12.062,12.105,,,,7097.0,7097.0,7097.0,,-3.267,41.033,,,,0.0,,,,,,,,,,1053.0,1082.0,0.0,0.0,30.0,0.0,30.0,0.0,30.0,0.0,0.0,2.0,0.0,0.0,0.0,0.0,0.0,0.0,battery2_v
2020-08-26T00:00:00Z,30.0,30.0,,,,,13753.633,13845.0,,,,12.105,12.36,,,,7097.0,7097.0,7097.0,,32.433,76.6,,,,0.0,,,,,,,,,,1083.0,1112.0,0.0,0.0,30.0,0.0,30.0,0.0,30.0,0.0,5.0,26.0,0.0,0.0,0.0,0.0,0.0,0.0,battery2_v
2020-08-26T01:00:00Z,12.0,12.0,,,,,14772.5,22948.0,,,,12.114,12.417,,,,7097.0,7097.0,7097.0,,43.833,88.5,,,,0.0,,,,,,,,,,1113.0,1139.0,0.0,0.0,12.0,0.0,12.0,0.0,12.0,0.0,5.0,9.0,0.0,0.0,0.0,0.0,0.0,0.0,battery2_v
2020-08-26T02:00:00Z,28.0,28.0,,,,,13264.357,13869.0,,,,12.095,13.051,,,,7097.0,7097.0,7097.0,,144.393,170.607,,,,0.107,,,,,,,,,,1143.0,1170.0,0.0,0.0,28.0,0.0,28.0,0.0,28.0,0.0,28.0,27.0,0.0,0.0,0.0,0.0,0.0,0.0,battery2_v
2020-08-26T03:00:00Z,30.0,30.0,,,,,13324.867,13904.0,,,,12.11,12.777,,,,7097.0,7097.0,7097.0,,105.933,101.7,,,,0.133,,,,,,,,,,1171.0,1200.0,0.0,0.0,30.0,0.0,30.0,0.0,30.0,0.0,20.0,27.0,0.0,0.0,0.0,0.0,0.0,0.0,battery2_v
2020-08-26T04:00:00Z,29.0,29.0,,,,,13313.862,13728.0,,,,12.199,12.895,,,,7097.0,7097.0,7097.0,,103.414,108.172,,,,0.069,,,,,,,,,,1201.0,1229.0,0.0,0.0,29.0,0.0,29.0,0.0,29.0,0.0,17.0,22.0,0.0,0.0,0.0,0.0,0.0,0.0,battery2_v
2020-08-26T05:00:00Z,29.0,29.0,,,,,13328.483,13974.0,,,,12.005,13.122,,,,7097.0,7097.0,7097.0,,92.103,68.828,,,,0.172,,,,,,,,,,1231.0,1259.0,0.0,0.0,29.0,0.0,29.0,0.0,29.0,0.0,18.0,22.0,0.0,0.0,0.0,0.0,0.0,0.0,battery2_v
2020-08-26T06:00:00Z,29.0,29.0,,,,,13250.621,14056.0,,,,11.92,13.084,,,,7097.0,7097.0,7097.0,,109.897,72.69,,,,0.241,,,,,,,,,,1260.0,1288.0,0.0,0.0,29.0,0.0,29.0,0.0,29.0,0.0,24.0,27.0,0.0,0.0,0.0,0.0,0.0,0.0,battery2_v
2020-08-26T07:00:00Z,23.0,23.0,,,,,13347.696,14103.0,,,,11.892,13.013,,,,7097.0,7097.0,7097.0,,80.217,32.435,,,,0.217,,,,,,,,,,1290.0,1318.0,0.0,0.0,23.0,0.0,23.0,0.0,23.0,0.0,18.0,20.0,0.0,0.0,0.0,0.0,0.0,0.0,battery2_v
2020-08-26T08:00:00Z,30.0,30.0,,,,,13515.433,15904.0,,,,12.053,12.824,,,,7097.0,7097.0,7097.0,,52.067,31.167,,,,0.067,,,,,,,,,,1319.0,1348.0,0.0,0.0,30.0,0.0,30.0,0.0,30.0,0.0,19.0,18.0,0.0,0.0,0.0,0.0,0.0,0.0,battery2_v
2020-08-26T09:00:00Z,30.0,30.0,,,,,13204.9,15109.0,,,,12.19,12.691,,,,7097.0,7097.0,7097.0,,28.138,15.0,,,,0.0,,,,,,,,,,1349.0,1378.0,0.0,0.0,30.0,0.0,30.0,0.0,30.0,0.0,6.0,4.0,0.0,0.0,0.0,0.0,0.0,0.0,battery2_v
2020-08-26T10:00:00Z,30.0,30.0,,,,,5145.133,15261.0,,,,12.171,12.464,,,,7097.0,7097.0,7097.0,,1.267,-5.933,,,,0.0,,,,,,,,,,1379.0,1408.0,0.0,0.0,30.0,0.0,30.0,0.0,30.0,0.0,3.0,3.0,0.0,0.0,0.0,0.0,0.0,0.0,battery2_v
2020-08-26T11:00:00Z,31.0,31.0,,,,,1225.871,2777.0,,,,12.147,12.242,,,,7097.0,7097.0,7097.0,,-7.548,-7.097,,,,0.0,,,,,,,,,,1409.0,1439.0,0.0,0.0,31.0,0.0,31.0,0.0,31.0,0.0,0.0,1.0,0.0,0.0,0.0,0.0,0.0,0.0,battery2_v
2020-08-26T12:00:00Z,30.0,30.0,,,,,1096.2,1116.0,,,,12.138,12.157,,,,7097.0,7097.0,7097.0,,-9.8,-12.4,,,,0.0,,,,,,,,,,1440.0,1469.0,0.0,0.0,30.0,0.0,30.0,0.0,30.0,0.0,0.0,0.0,0.0,0.0,0.0,0.0,0.0,0.0,battery2_v
2020-08-26T13:00:00Z,30.0,30.0,,,,,793.133,1139.0,,,,12.138,12.502,,,,7097.0,7097.0,7097.0,,12.833,13.8,,,,0.0,,,,,,,,,,1470.0,1499.0,0.0,0.0,24.0,0.0,30.0,0.0,30.0,0.0,4.0,5.0,0.0,0.0,0.0,0.0,0.0,0.0,battery2_v
2020-08-26T14:00:00Z,30.0,30.0,,,,,1151.9,1174.0,,,,12.124,12.143,,,,7097.0,7097.0,7097.0,,-10.233,-15.5,,,,0.0,,,,,,,,,,1500.0,1529.0,0.0,0.0,30.0,0.0,30.0,0.0,30.0,0.0,0.0,0.0,0.0,0.0,0.0,0.0,0.0,0.0,battery2_v
2020-08-26T15:00:00Z,30.0,30.0,,,,,1168.5,1186.0,,,,12.119,12.133,,,,7097.0,7097.0,7097.0,,-10.167,-15.767,,,,0.0,,,,,,,,,,1530.0,1559.0,0.0,0.0,30.0,0.0,30.0,0.0,30.0,0.0,0.0,0.0,0.0,0.0,0.0,0.0,0.0,0.0,battery2_v
2020-08-26T16:00:00Z,30.0,30.0,,,,,1184.367,1209.0,,,,12.11,12.124,,,,7097.0,7097.0,7097.0,,-10.1,-11.333,,,,0.0,,,,,,,,,,1560.0,1589.0,0.0,0.0,30.0,0.0,30.0,0.0,30.0,0.0,0.0,0.0,0.0,0.0,0.0,0.0,0.0,0.0,battery2_v
2020-08-26T17:00:00Z,29.0,29.0,,,,,1196.552,1209.0,,,,12.105,12.124,,,,7097.0,7097.0,7097.0,,-9.724,-5.897,,,,0.0,,,,,,,,,,1590.0,1619.0,0.0,0.0,29.0,0.0,29.0,0.0,29.0,0.0,0.0,0.0,0.0,0.0,0.0,0.0,0.0,0.0,battery2_v
2020-08-26T18:00:00Z,30.0,30.0,,,,,770.967,1221.0,,,,12.105,12.559,,,,7097.0,7097.0,7097.0,,14.2,25.733,,,,0.0,,,,,,,,,,1620.0,1649.0,0.0,0.0,25.0,0.0,30.0,0.0,30.0,0.0,4.0,6.0,0.0,0.0,0.0,0.0,0.0,0.0,battery2_v
2020-08-26T19:00:00Z,30.0,30.0,,,,,1223.733,1244.0,,,,12.105,12.114,,,,7097.0,7097.0,7097.0,,-8.8,6.533,,,,0.0,,,,,,,,,,1650.0,1679.0,0.0,0.0,30.0,0.0,30.0,0.0,30.0,0.0,0.0,0.0,0.0,0.0,0.0,0.0,0.0,0.0,battery2_v
2020-08-26T20:00:00Z,30.0,30.0,,,,,1239.667,1256.0,,,,12.095,12.11,,,,7097.0,7097.0,7097.0,,-8.3,11.267,,,,0.0,,,,,,,,,,1680.0,1709.0,0.0,0.0,30.0,0.0,30.0,0.0,30.0,0.0,0.0,0.0,0.0,0.0,0.0,0.0,0.0,0.0,battery2_v
2020-08-26T21:00:00Z,30.0,30.0,,,,,1258.333,1279.0,,,,12.086,12.105,,,,7097.0,7097.0,7097.0,,-8.067,16.833,,,,0.0,,,,,,,,,,1710.0,1739.0,0.0,0.0,30.0,0.0,30.0,0.0,30.0,0.0,0.0,0.0,0.0,0.0,0.0,0.0,0.0,0.0,battery2_v
2020-08-26T22:00:00Z,30.0,30.0,,,,,3038.367,10897.0,,,,12.081,12.1,,,,7097.0,7097.0,7097.0,,-7.733,21.7,,,,0.0,,,,,,,,,,1740.0,1769.0,0.0,0.0,30.0,0.0,30.0,0.0,30.0,0.0,0.0,0.0,0.0,0.0,0.0,0.0,0.0,0.0,battery2_v
2020-08-26T23:00:00Z,30.0,30.0,,,,,7261.967,16384.0,,,,12.081,12.1,,,,7097.0,7097.0,7097.0,,-6.172,24.667,,,,0.0,,,,,,,,,,1770.0,1799.0,0.0,0.0,30.0,0.0,30.0,0.0,30.0,0.0,0.0,0.0,0.0,0.0,0.0,0.0,0.0,0.0,battery2_v
2020-08-27T00:00:00Z,29.0,29.0,,,,,13561.276,13834.0,,,,12.105,12.715,,,,7097.0,7097.0,7097.0,,88.828,126.034,,,,0.0,,,,,,,,,,1800.0,1829.0,0.0,0.0,29.0,0.0,29.0,0.0,29.0,0.0,18.0,22.0,0.0,0.0,0.0,0.0,0.0,0.0,battery2_v
2020-08-27T01:00:00Z,2.0,2.0,,,,,13500.0,13541.0,,,,12.351,12.374,,,,7097.0,7097.0,7097.0,,50.5,109.5,,,,0.0,,,,,,,,,,1830.0,1833.0,0.0,0.0,2.0,0.0,2.0,0.0,2.0,0.0,1.0,2.0,0.0,0.0,0.0,0.0,0.0,0.0,battery2_v
2020-08-27T02:00:00Z,8.0,8.0,,,,,13311.375,13880.0,,,,12.095,13.127,,,,7097.0,7097.0,7097.0,,111.0,81.625,,,,0.25,,,,,,,,,,1870.0,1879.0,0.0,0.0,8.0,0.0,8.0,0.0,8.0,0.0,7.0,8.0,0.0,0.0,0.0,0.0,0.0,0.0,battery2_v
2020-08-27T03:00:00Z,25.0,25.0,,,,,13546.64,21029.0,,,,12.039,13.444,,,,7097.0,7097.0,7097.0,,111.0,6.96,,,,0.6,,,,,,,,,,1888.0,1913.0,0.0,0.0,25.0,0.0,25.0,0.0,25.0,0.0,20.0,22.0,0.0,0.0,0.0,0.0,0.0,0.0,battery2_v
2020-08-27T04:00:00Z,30.0,30.0,,,,,14994.6,23252.0,,,,11.92,13.202,,,,7097.0,7097.0,7097.0,,106.5,10.9,,,,0.6,,,,,,,,,,1914.0,1943.0,0.0,0.0,30.0,0.0,30.0,0.0,30.0,0.0,22.0,26.0,0.0,0.0,0.0,0.0,0.0,0.0,battery2_v
2020-08-27T05:00:00Z,29.0,29.0,,,,,13292.172,14032.0,,,,11.949,13.699,,,,7097.0,7097.0,7097.0,,107.966,1.241,,,,0.724,,,,,,,,,,1944.0,1973.0,0.0,0.0,29.0,0.0,29.0,0.0,29.0,0.0,18.0,25.0,0.0,0.0,0.0,0.0,0.0,0.0,battery2_v
2020-08-27T06:00:00Z,28.0,28.0,,,,,13304.714,14068.0,,,,11.916,13.165,,,,7097.0,7097.0,7097.0,,93.964,11.036,,,,0.571,,,,,,,,,,1974.0,2002.0,0.0,0.0,28.0,0.0,28.0,0.0,28.0,0.0,19.0,28.0,0.0,0.0,0.0,0.0,0.0,0.0,battery2_v
2020-08-27T07:00:00Z,19.0,19.0,,,,,13682.105,21708.0,,,,12.11,13.131,,,,7097.0,7097.0,7097.0,,98.632,71.526,,,,0.263,,,,,,,,,,2007.0,2031.0,0.0,0.0,19.0,0.0,19.0,0.0,19.0,0.0,18.0,19.0,0.0,0.0,0.0,0.0,0.0,0.0,battery2_v
2020-08-27T08:00:00Z,27.0,27.0,,,,,13723.148,21520.0,,,,11.982,12.829,,,,7097.0,7097.0,7097.0,,52.407,25.444,,,,0.148,,,,,,,,,,2032.0,2060.0,0.0,0.0,27.0,0.0,27.0,0.0,27.0,0.0,13.0,13.0,0.0,0.0,0.0,0.0,0.0,0.0,battery2_v
2020-08-27T09:00:00Z,30.0,30.0,,,,,13571.067,14582.0,,,,11.93,12.9,,,,7097.0,7097.0,7097.0,,25.0,2.267,,,,0.1,,,,,,,,,,2061.0,2090.0,0.0,0.0,30.0,0.0,30.0,0.0,30.0,0.0,7.0,8.0,0.0,0.0,0.0,0.0,0.0,0.0,battery2_v
2020-08-27T10:00:00Z,30.0,30.0,,,,,4525.433,14699.0,,,,12.181,12.27,,,,7097.0,7097.0,7097.0,,-8.467,-4.067,,,,0.0,,,,,,,,,,2091.0,2120.0,0.0,0.0,30.0,0.0,30.0,0.0,30.0,0.0,0.0,0.0,0.0,0.0,0.0,0.0,0.0,0.0,battery2_v
2020-08-27T11:00:00Z,30.0,30.0,,,,,1285.7,3257.0,,,,12.171,12.19,,,,7097.0,7097.0,7097.0,,-9.067,-7.133,,,,0.0,,,,,,,,,,2121.0,2150.0,0.0,0.0,30.0,0.0,30.0,0.0,30.0,0.0,0.0,0.0,0.0,0.0,0.0,0.0,0.0,0.0,battery2_v
2020-08-27T12:00:00Z,30.0,30.0,,,,,1055.533,1081.0,,,,12.157,12.176,,,,7097.0,7097.0,7097.0,,-9.033,-6.3,,,,0.0,,,,,,,,,,2151.0,2180.0,0.0,0.0,30.0,0.0,30.0,0.0,30.0,0.0,0.0,0.0,0.0,0.0,0.0,0.0,0.0,0.0,battery2_v
2020-08-27T13:00:00Z,31.0,31.0,,,,,195.839,1081.0,,,,12.152,12.564,,,,7097.0,7097.0,7097.0,,52.839,60.161,,,,0.0,,,,,,,,,,2181.0,2211.0,0.0,0.0,11.0,0.0,31.0,0.0,31.0,0.0,18.0,18.0,0.0,0.0,0.0,0.0,0.0,0.0,battery2_v
2020-08-27T14:00:00Z,30.0,30.0,,,,,493.367,1057.0,,,,12.171,12.535,,,,7097.0,7097.0,7097.0,,22.517,20.333,,,,0.0,,,,,,,,,,2212.0,2241.0,0.0,0.0,22.0,0.0,30.0,0.0,30.0,0.0,5.0,7.0,0.0,0.0,0.0,0.0,0.0,0.0,battery2_v
2020-08-27T15:00:00Z,30.0,30.0,,,,,305.567,1045.0,,,,12.185,12.464,,,,7097.0,7097.0,7097.0,,27.759,37.333,,,,0.0,,,,,,,,,,2242.0,2271.0,0.0,0.0,17.0,0.0,30.0,0.0,30.0,0.0,7.0,10.0,0.0,0.0,0.0,0.0,0.0,0.0,battery2_v
2020-08-27T16:00:00Z,30.0,30.0,,,,,1098.533,1127.0,,,,12.147,12.176,,,,7097.0,7097.0,7097.0,,-9.433,-3.2,,,,0.0,,,,,,,,,,2272.0,2301.0,0.0,0.0,30.0,0.0,30.0,0.0,30.0,0.0,0.0,0.0,0.0,0.0,0.0,0.0,0.0,0.0,battery2_v
2020-08-27T17:00:00Z,30.0,30.0,,,,,1129.167,1151.0,,,,12.138,12.152,,,,7097.0,7097.0,7097.0,,-9.367,-1.967,,,,0.0,,,,,,,,,,2302.0,2331.0,0.0,0.0,30.0,0.0,30.0,0.0,30.0,0.0,0.0,0.0,0.0,0.0,0.0,0.0,0.0,0.0,battery2_v
2020-08-27T18:00:00Z,30.0,30.0,,,,,1142.167,1162.0,,,,12.133,12.143,,,,7097.0,7097.0,7097.0,,-9.1,1.767,,,,0.0,,,,,,,,,,2332.0,2361.0,0.0,0.0,30.0,0.0,30.0,0.0,30.0,0.0,0.0,0.0,0.0,0.0,0.0,0.0,0.0,0.0,battery2_v
2020-08-27T19:00:00Z,29.0,29.0,,,,,1159.103,1186.0,,,,12.124,12.143,,,,7097.0,7097.0,7097.0,,-8.828,6.586,,,,0.0,,,,,,,,,,2362.0,2391.0,0.0,0.0,29.0,0.0,29.0,0.0,29.0,0.0,0.0,0.0,0.0,0.0,0.0,0.0,0.0,0.0,battery2_v
2020-08-27T20:00:00Z,30.0,30.0,,,,,1169.2,1186.0,,,,12.124,12.138,,,,7097.0,7097.0,7097.0,,-8.2,12.967,,,,0.0,,,,,,,,,,2392.0,2421.0,0.0,0.0,30.0,0.0,30.0,0.0,30.0,0.0,0.0,0.0,0.0,0.0,0.0,0.0,0.0,0.0,battery2_v
2020-08-27T21:00:00Z,30.0,30.0,,,,,1185.967,1209.0,,,,12.114,12.133,,,,7097.0,7097.0,7097.0,,-7.9,18.2,,,,0.0,,,,,,,,,,2422.0,2451.0,0.0,0.0,30.0,0.0,30.0,0.0,30.0,0.0,0.0,0.0,0.0,0.0,0.0,0.0,0.0,0.0,battery2_v
2020-08-27T22:00:00Z,30.0,30.0,,,,,3213.467,13834.0,,,,12.114,12.128,,,,7097.0,7097.0,7097.0,,-7.633,21.2,,,,0.0,,,,,,,,,,2452.0,2481.0,0.0,0.0,30.0,0.0,30.0,0.0,30.0,0.0,0.0,0.0,0.0,0.0,0.0,0.0,0.0,0.0,battery2_v
2020-08-27T23:00:00Z,30.0,30.0,,,,,6582.2,14383.0,,,,12.11,12.133,,,,7097.0,7097.0,7097.0,,-6.286,23.867,,,,0.0,,,,,,,,,,2482.0,2511.0,0.0,0.0,30.0,0.0,30.0,0.0,30.0,0.0,0.0,0.0,0.0,0.0,0.0,0.0,0.0,0.0,battery2_v
2020-08-28T00:00:00Z,30.0,30.0,,,,,13670.1,13798.0,,,,12.124,12.701,,,,7097.0,7097.0,7097.0,,47.828,72.633,,,,0.0,,,,,,,,,,2512.0,2541.0,0.0,0.0,30.0,0.0,30.0,0.0,30.0,0.0,9.0,13.0,0.0,0.0,0.0,0.0,0.0,0.0,battery2_v
2020-08-28T01:00:00Z,30.0,30.0,,,,,13658.033,20959.0,,,,12.095,13.316,,,,7097.0,7097.0,7097.0,,113.552,124.467,,,,0.1,,,,,,,,,,2542.0,2571.0,0.0,0.0,30.0,0.0,30.0,0.0,30.0,0.0,24.0,30.0,0.0,0.0,0.0,0.0,0.0,0.0,battery2_v
2020-08-28T02:00:00Z,29.0,29.0,,,,,14619.586,22655.0,,,,11.972,13.448,,,,7097.0,7097.0,7097.0,,111.69,67.034,,,,0.345,,,,,,,,,,2572.0,2601.0,0.0,0.0,29.0,0.0,29.0,0.0,29.0,0.0,26.0,29.0,0.0,0.0,0.0,0.0,0.0,0.0,battery2_v
2020-08-28T03:00:00Z,28.0,28.0,,,,,15277.179,22503.0,,,,11.991,13.349,,,,7097.0,7097.0,7097.0,,92.357,-3.714,,,,0.607,,,,,,,,,,2602.0,2630.0,0.0,0.0,28.0,0.0,28.0,0.0,28.0,0.0,25.0,27.0,0.0,0.0,0.0,0.0,0.0,0.0,battery2_v
2020-08-28T04:00:00Z,28.0,28.0,,,,,14293.214,23100.0,,,,11.953,13.306,,,,7097.0,7097.0,7097.0,,66.036,-33.286,,,,0.679,,,,,,,,,,2631.0,2660.0,0.0,0.0,28.0,0.0,28.0,0.0,28.0,0.0,18.0,23.0,0.0,0.0,0.0,0.0,0.0,0.0,battery2_v
2020-08-28T05:00:00Z,19.0,19.0,,,,,14068.789,22562.0,,,,11.906,13.396,,,,7097.0,7097.0,7097.0,,67.579,-54.211,,,,0.684,,,,,,,,,,2661.0,2683.0,0.0,0.0,19.0,0.0,19.0,0.0,19.0,0.0,14.0,15.0,0.0,0.0,0.0,0.0,0.0,0.0,battery2_v
2020-08-28T06:00:00Z,8.0,8.0,,,,,13280.875,13775.0,,,,12.166,13.387,,,,7097.0,7097.0,7097.0,,106.625,-26.125,,,,0.625,,,,,,,,,,2694.0,2716.0,0.0,0.0,8.0,0.0,8.0,0.0,8.0,0.0,6.0,8.0,0.0,0.0,0.0,0.0,0.0,0.0,battery2_v
2020-08-28T07:00:00Z,19.0,19.0,,,,,13188.263,13787.0,,,,12.157,13.486,,,,7097.0,7097.0,7097.0,,112.947,76.895,,,,0.368,,,,,,,,,,2717.0,2745.0,0.0,0.0,19.0,0.0,19.0,0.0,19.0,0.0,17.0,18.0,0.0,0.0,0.0,0.0,0.0,0.0,battery2_v
2020-08-28T08:00:00Z,28.0,28.0,,,,,14561.893,19637.0,,,,12.27,12.758,,,,7097.0,7097.0,7097.0,,27.074,24.214,,,,0.0,,,,,,,,,,2746.0,2775.0,0.0,0.0,28.0,0.0,28.0,0.0,28.0,0.0,6.0,8.0,0.0,0.0,0.0,0.0,0.0,0.0,battery2_v
2020-08-28T09:00:00Z,30.0,30.0,,,,,10118.8,14582.0,,,,12.223,12.796,,,,7097.0,7097.0,7097.0,,22.267,15.033,,,,0.0,,,,,,,,,,2776.0,2805.0,0.0,0.0,30.0,0.0,30.0,0.0,30.0,0.0,5.0,4.0,0.0,0.0,0.0,0.0,0.0,0.0,battery2_v
2020-08-28T10:00:00Z,30.0,30.0,,,,,2984.967,5761.0,,,,12.209,12.625,,,,7097.0,7097.0,7097.0,,3.833,9.267,,,,0.0,,,,,,,,,,2806.0,2835.0,0.0,0.0,30.0,0.0,30.0,0.0,30.0,0.0,1.0,2.0,0.0,0.0,0.0,0.0,0.0,0.0,battery2_v
2020-08-28T11:00:00Z,30.0,30.0,,,,,571.1,1467.0,,,,11.901,12.99,,,,7097.0,7097.0,7097.0,,37.467,37.6,,,,0.067,,,,,,,,,,2836.0,2865.0,0.0,0.0,20.0,0.0,30.0,0.0,30.0,0.0,12.0,13.0,0.0,0.0,0.0,0.0,0.0,0.0,battery2_v
2020-08-28T12:00:00Z,30.0,30.0,,,,,601.467,999.0,,,,12.204,12.554,,,,7097.0,7097.0,7097.0,,14.367,25.867,,,,0.0,,,,,,,,,,2866.0,2895.0,0.0,0.0,22.0,0.0,30.0,0.0,30.0,0.0,5.0,5.0,0.0,0.0,0.0,0.0,0.0,0.0,battery2_v
2020-08-28T13:00:00Z,30.0,30.0,,,,,983.767,1045.0,,,,12.181,12.233,,,,7097.0,7097.0,7097.0,,-8.833,-8.933,,,,0.0,,,,,,,,,,2896.0,2925.0,0.0,0.0,30.0,0.0,30.0,0.0,30.0,0.0,0.0,0.0,0.0,0.0,0.0,0.0,0.0,0.0,battery2_v
2020-08-28T14:00:00Z,30.0,30.0,,,,,1045.267,1057.0,,,,12.171,12.185,,,,7097.0,7097.0,7097.0,,-10.8,-24.767,,,,0.0,,,,,,,,,,2926.0,2955.0,0.0,0.0,30.0,0.0,30.0,0.0,30.0,0.0,0.0,0.0,0.0,0.0,0.0,0.0,0.0,0.0,battery2_v
2020-08-28T15:00:00Z,30.0,30.0,,,,,1069.8,1081.0,,,,12.162,12.176,,,,7097.0,7097.0,7097.0,,-10.733,-23.1,,,,0.0,,,,,,,,,,2956.0,2985.0,0.0,0.0,30.0,0.0,30.0,0.0,30.0,0.0,0.0,0.0,0.0,0.0,0.0,0.0,0.0,0.0,battery2_v
2020-08-28T16:00:00Z,30.0,30.0,,,,,1083.867,1104.0,,,,12.152,12.171,,,,7097.0,7097.0,7097.0,,-10.467,-17.4,,,,0.0,,,,,,,,,,2986.0,3015.0,0.0,0.0,30.0,0.0,30.0,0.0,30.0,0.0,0.0,0.0,0.0,0.0,0.0,0.0,0.0,0.0,battery2_v
2020-08-28T17:00:00Z,28.0,28.0,,,,,1098.893,1116.0,,,,12.152,12.162,,,,7097.0,7097.0,7097.0,,-9.964,-11.429,,,,0.0,,,,,,,,,,3016.0,3045.0,0.0,0.0,28.0,0.0,28.0,0.0,28.0,0.0,0.0,0.0,0.0,0.0,0.0,0.0,0.0,0.0,battery2_v
2020-08-28T18:00:00Z,30.0,30.0,,,,,1121.1,1139.0,,,,12.143,12.162,,,,7097.0,7097.0,7097.0,,-9.9,-8.933,,,,0.0,,,,,,,,,,3046.0,3075.0,0.0,0.0,30.0,0.0,30.0,0.0,30.0,0.0,0.0,0.0,0.0,0.0,0.0,0.0,0.0,0.0,battery2_v
2020-08-28T19:00:00Z,30.0,30.0,,,,,1134.6,1162.0,,,,12.133,12.152,,,,7097.0,7097.0,7097.0,,-9.667,-5.2,,,,0.0,,,,,,,,,,3076.0,3105.0,0.0,0.0,30.0,0.0,30.0,0.0,30.0,0.0,0.0,0.0,0.0,0.0,0.0,0.0,0.0,0.0,battery2_v
2020-08-28T20:00:00Z,30.0,30.0,,,,,1151.933,1174.0,,,,12.133,12.147,,,,7097.0,7097.0,7097.0,,-9.067,1.533,,,,0.0,,,,,,,,,,3106.0,3135.0,0.0,0.0,30.0,0.0,30.0,0.0,30.0,0.0,0.0,0.0,0.0,0.0,0.0,0.0,0.0,0.0,battery2_v
2020-08-28T21:00:00Z,30.0,30.0,,,,,1169.267,1186.0,,,,12.128,12.138,,,,7097.0,7097.0,7097.0,,-9.033,1.833,,,,0.0,,,,,,,,,,3136.0,3165.0,0.0,0.0,30.0,0.0,30.0,0.0,30.0,0.0,0.0,0.0,0.0,0.0,0.0,0.0,0.0,0.0,battery2_v
2020-08-28T22:00:00Z,30.0,30.0,,,,,2935.733,12008.0,,,,12.114,12.138,,,,7097.0,7097.0,7097.0,,-8.433,8.367,,,,0.0,,,,,,,,,,3166.0,3195.0,0.0,0.0,30.0,0.0,30.0,0.0,30.0,0.0,0.0,0.0,0.0,0.0,0.0,0.0,0.0,0.0,battery2_v
2020-08-28T23:00:00Z,30.0,30.0,,,,,6887.633,15460.0,,,,12.119,12.138,,,,7097.0,7097.0,7097.0,,-7.179,12.133,,,,0.0,,,,,,,,,,3196.0,3225.0,0.0,0.0,30.0,0.0,30.0,0.0,30.0,0.0,0.0,0.0,0.0,0.0,0.0,0.0,0.0,0.0,battery2_v
2020-08-29T00:00:00Z,30.0,30.0,,,,,14127.567,21333.0,,,,12.11,12.734,,,,7097.0,7097.0,7097.0,,53.767,76.567,,,,0.0,,,,,,,,,,3226.0,3255.0,0.0,0.0,30.0,0.0,30.0,0.0,30.0,0.0,11.0,13.0,0.0,0.0,0.0,0.0,0.0,0.0,battery2_v
2020-08-29T01:00:00Z,30.0,30.0,,,,,13387.833,13705.0,,,,12.199,12.786,,,,7097.0,7097.0,7097.0,,98.033,124.433,,,,0.0,,,,,,,,,,3256.0,3285.0,0.0,0.0,30.0,0.0,30.0,0.0,30.0,0.0,22.0,25.0,0.0,0.0,0.0,0.0,0.0,0.0,battery2_v
2020-08-29T02:00:00Z,30.0,30.0,,,,,14986.733,22819.0,,,,11.987,13.065,,,,7097.0,7097.0,7097.0,,102.233,90.833,,,,0.167,,,,,,,,,,3286.0,3315.0,0.0,0.0,30.0,0.0,30.0,0.0,30.0,0.0,19.0,22.0,0.0,0.0,0.0,0.0,0.0,0.0,battery2_v
2020-08-29T03:00:00Z,30.0,30.0,,,,,13384.667,14079.0,,,,11.906,13.037,,,,7097.0,7097.0,7097.0,,77.167,-23.833,,,,0.6,,,,,,,,,,3316.0,3345.0,0.0,0.0,30.0,0.0,30.0,0.0,30.0,0.0,18.0,25.0,0.0,0.0,0.0,0.0,0.0,0.0,battery2_v
2020-08-29T04:00:00Z,31.0,31.0,,,,,12466.968,14056.0,,,,11.92,13.127,,,,7097.0,7097.0,7097.0,,78.032,10.968,,,,0.387,,,,,,,,,,3346.0,3376.0,0.0,0.0,31.0,0.0,31.0,0.0,31.0,0.0,19.0,29.0,0.0,0.0,0.0,0.0,0.0,0.0,battery2_v
2020-08-29T05:00:00Z,30.0,30.0,,,,,13669.367,22550.0,,,,12.195,13.344,,,,7097.0,7097.0,7097.0,,72.367,-28.2,,,,0.5,,,,,,,,,,3377.0,3406.0,0.0,0.0,30.0,0.0,30.0,0.0,30.0,0.0,13.0,29.0,0.0,0.0,0.0,0.0,0.0,0.0,battery2_v
2020-08-29T06:00:00Z,30.0,30.0,,,,,14262.933,22480.0,,,,11.991,13.079,,,,7097.0,7097.0,7097.0,,98.7,48.967,,,,0.233,,,,,,,,,,3407.0,3436.0,0.0,0.0,30.0,0.0,30.0,0.0,30.0,0.0,24.0,28.0,0.0,0.0,0.0,0.0,0.0,0.0,battery2_v
2020-08-29T07:00:00Z,30.0,30.0,,,,,13286.467,13845.0,,,,12.114,13.254,,,,7097.0,7097.0,7097.0,,79.167,-7.2,,,,0.433,,,,,,,,,,3437.0,3466.0,0.0,0.0,30.0,0.0,30.0,0.0,30.0,0.0,23.0,29.0,0.0,0.0,0.0,0.0,0.0,0.0,battery2_v
2020-08-29T08:00:00Z,30.0,30.0,,,,,13493.433,15577.0,,,,11.987,12.923,,,,7097.0,7097.0,7097.0,,49.414,-68.267,,,,0.433,,,,,,,,,,3467.0,3496.0,0.0,0.0,30.0,0.0,30.0,0.0,30.0,0.0,23.0,26.0,0.0,0.0,0.0,0.0,0.0,0.0,battery2_v
2020-08-29T09:00:00Z,30.0,30.0,,,,,12645.933,16665.0,,,,11.882,12.914,,,,7097.0,7097.0,7097.0,,33.167,-7.367,,,,0.033,,,,,,,,,,3497.0,3526.0,0.0,0.0,30.0,0.0,30.0,0.0,30.0,0.0,9.0,17.0,0.0,0.0,0.0,0.0,0.0,0.0,battery2_v
2020-08-29T10:00:00Z,30.0,30.0,,,,,2664.633,4134.0,,,,12.242,12.72,,,,7097.0,7097.0,7097.0,,35.067,-1.933,,,,0.0,,,,,,,,,,3527.0,3556.0,0.0,0.0,30.0,0.0,30.0,0.0,30.0,0.0,9.0,13.0,0.0,0.0,0.0,0.0,0.0,0.0,battery2_v
2020-08-29T11:00:00Z,30.0,30.0,,,,,631.6,2836.0,,,,12.223,12.758,,,,7097.0,7097.0,7097.0,,36.138,0.233,,,,0.0,,,,,,,,,,3557.0,3586.0,0.0,0.0,18.0,0.0,30.0,0.0,30.0,0.0,10.0,14.0,0.0,0.0,0.0,0.0,0.0,0.0,battery2_v
2020-08-29T12:00:00Z,30.0,30.0,,,,,249.067,858.0,,,,12.256,12.772,,,,7097.0,7097.0,7097.0,,46.724,16.5,,,,0.0,,,,,,,,,,3587.0,3616.0,0.0,0.0,10.0,0.0,30.0,0.0,30.0,0.0,13.0,15.0,0.0,0.0,0.0,0.0,0.0,0.0,battery2_v
2020-08-29T13:00:00Z,30.0,30.0,,,,,685.7,940.0,,,,12.223,12.379,,,,7097.0,7097.0,7097.0,,-3.467,-35.833,,,,0.0,,,,,,,,,,3617.0,3646.0,0.0,0.0,27.0,0.0,30.0,0.0,30.0,0.0,0.0,6.0,0.0,0.0,0.0,0.0,0.0,0.0,battery2_v
2020-08-29T14:00:00Z,30.0,30.0,,,,,970.267,1010.0,,,,12.199,12.223,,,,7097.0,7097.0,7097.0,,-12.467,-49.867,,,,0.0,,,,,,,,,,3647.0,3676.0,0.0,0.0,30.0,0.0,30.0,0.0,30.0,0.0,0.0,22.0,0.0,0.0,0.0,0.0,0.0,0.0,battery2_v
2020-08-29T15:00:00Z,30.0,30.0,,,,,1015.3,1034.0,,,,12.185,12.204,,,,7097.0,7097.0,7097.0,,-12.0,-44.1,,,,0.0,,,,,,,,,,3677.0,3706.0,0.0,0.0,30.0,0.0,30.0,0.0,30.0,0.0,0.0,9.0,0.0,0.0,0.0,0.0,0.0,0.0,battery2_v
2020-08-29T16:00:00Z,30.0,30.0,,,,,1037.933,1057.0,,,,12.176,12.19,,,,7097.0,7097.0,7097.0,,-11.633,-36.667,,,,0.0,,,,,,,,,,3707.0,3736.0,0.0,0.0,30.0,0.0,30.0,0.0,30.0,0.0,0.0,2.0,0.0,0.0,0.0,0.0,0.0,0.0,battery2_v
2020-08-29T17:00:00Z,30.0,30.0,,,,,1057.4,1081.0,,,,12.171,12.181,,,,7097.0,7097.0,7097.0,,-10.967,-27.833,,,,0.0,,,,,,,,,,3737.0,3766.0,0.0,0.0,30.0,0.0,30.0,0.0,30.0,0.0,0.0,0.0,0.0,0.0,0.0,0.0,0.0,0.0,battery2_v
2020-08-29T18:00:00Z,30.0,30.0,,,,,1075.3,1092.0,,,,12.162,12.181,,,,7097.0,7097.0,7097.0,,-10.433,-21.867,,,,0.0,,,,,,,,,,3767.0,3796.0,0.0,0.0,30.0,0.0,30.0,0.0,30.0,0.0,0.0,0.0,0.0,0.0,0.0,0.0,0.0,0.0,battery2_v
2020-08-29T19:00:00Z,30.0,30.0,,,,,1088.5,1116.0,,,,12.157,12.176,,,,7097.0,7097.0,7097.0,,-10.2,-15.2,,,,0.0,,,,,,,,,,3797.0,3826.0,0.0,0.0,30.0,0.0,30.0,0.0,30.0,0.0,0.0,0.0,0.0,0.0,0.0,0.0,0.0,0.0,battery2_v
2020-08-29T20:00:00Z,30.0,30.0,,,,,1107.1,1127.0,,,,12.152,12.171,,,,7097.0,7097.0,7097.0,,-10.067,-12.4,,,,0.0,,,,,,,,,,3827.0,3856.0,0.0,0.0,30.0,0.0,30.0,0.0,30.0,0.0,0.0,0.0,0.0,0.0,0.0,0.0,0.0,0.0,battery2_v
2020-08-29T21:00:00Z,30.0,30.0,,,,,1116.967,1127.0,,,,12.147,12.162,,,,7097.0,7097.0,7097.0,,-9.467,-7.133,,,,0.0,,,,,,,,,,3857.0,3886.0,0.0,0.0,30.0,0.0,30.0,0.0,30.0,0.0,0.0,0.0,0.0,0.0,0.0,0.0,0.0,0.0,battery2_v
2020-08-29T22:00:00Z,30.0,30.0,,,,,3293.4,12511.0,,,,12.143,12.157,,,,7097.0,7097.0,7097.0,,-9.1,-1.667,,,,0.0,,,,,,,,,,3887.0,3916.0,0.0,0.0,30.0,0.0,30.0,0.0,30.0,0.0,0.0,0.0,0.0,0.0,0.0,0.0,0.0,0.0,battery2_v
2020-08-29T23:00:00Z,30.0,30.0,,,,,7743.3,18268.0,,,,12.138,12.176,,,,7097.0,7097.0,7097.0,,-7.0,1.367,,,,0.0,,,,,,,,,,3917.0,3946.0,0.0,0.0,30.0,0.0,30.0,0.0,30.0,0.0,0.0,0.0,0.0,0.0,0.0,0.0,0.0,0.0,battery2_v
2020-08-30T00:00:00Z,30.0,30.0,,,,,13665.467,13752.0,,,,12.181,12.308,,,,7097.0,7097.0,7097.0,,30.533,37.833,,,,0.0,,,,,,,,,,3947.0,3976.0,0.0,0.0,30.0,0.0,30.0,0.0,30.0,0.0,5.0,8.0,0.0,0.0,0.0,0.0,0.0,0.0,battery2_v
2020-08-30T01:00:00Z,30.0,30.0,,,,,13401.833,13611.0,,,,12.289,12.767,,,,7097.0,7097.0,7097.0,,96.567,110.0,,,,0.0,,,,,,,,,,3977.0,4006.0,0.0,0.0,30.0,0.0,30.0,0.0,30.0,0.0,29.0,29.0,0.0,0.0,0.0,0.0,0.0,0.0,battery2_v
2020-08-30T02:00:00Z,28.0,28.0,,,,,13304.821,14009.0,,,,11.963,13.056,,,,7097.0,7097.0,7097.0,,91.0,65.929,,,,0.25,,,,,,,,,,4007.0,4036.0,0.0,0.0,28.0,0.0,28.0,0.0,28.0,0.0,19.0,24.0,0.0,0.0,0.0,0.0,0.0,0.0,battery2_v
2020-08-30T03:00:00Z,30.0,30.0,,,,,13836.7,22012.0,,,,11.958,12.909,,,,7097.0,7097.0,7097.0,,90.967,9.167,,,,0.333,,,,,,,,,,4037.0,4066.0,0.0,0.0,30.0,0.0,30.0,0.0,30.0,0.0,22.0,27.0,0.0,0.0,0.0,0.0,0.0,0.0,battery2_v
2020-08-30T04:00:00Z,30.0,30.0,,,,,13918.1,20795.0,,,,11.963,13.335,,,,7097.0,7097.0,7097.0,,55.833,-64.133,,,,0.567,,,,,,,,,,4067.0,4096.0,0.0,0.0,30.0,0.0,30.0,0.0,30.0,0.0,14.0,25.0,0.0,0.0,0.0,0.0,0.0,0.0,battery2_v
2020-08-30T05:00:00Z,30.0,30.0,,,,,13481.4,13798.0,,,,12.19,12.895,,,,7097.0,7097.0,7097.0,,48.767,-113.9,,,,0.7,,,,,,,,,,4097.0,4126.0,0.0,0.0,30.0,0.0,30.0,0.0,30.0,0.0,11.0,30.0,0.0,0.0,0.0,0.0,0.0,0.0,battery2_v
2020-08-30T06:00:00Z,30.0,30.0,,,,,13202.967,13752.0,,,,12.199,13.046,,,,7097.0,7097.0,7097.0,,104.767,19.867,,,,0.233,,,,,,,,,,4127.0,4156.0,0.0,0.0,30.0,0.0,30.0,0.0,30.0,0.0,23.0,27.0,0.0,0.0,0.0,0.0,0.0,0.0,battery2_v
2020-08-30T07:00:00Z,30.0,30.0,,,,,8106.833,21240.0,,,,11.953,13.079,,,,7097.0,7097.0,7097.0,,29.8,-77.4,,,,0.333,,,,,,,,,,4157.0,4186.0,0.0,0.0,30.0,0.0,30.0,0.0,30.0,0.0,14.0,27.0,0.0,0.0,0.0,0.0,0.0,0.0,battery2_v
2020-08-30T08:00:00Z,30.0,30.0,,,,,4574.5,12944.0,,,,12.02,14.134,,,,7097.0,7097.0,7097.0,,108.414,16.433,,,,0.433,,,,,,,,,,4187.0,4216.0,0.0,0.0,30.0,0.0,30.0,0.0,30.0,0.0,15.0,17.0,0.0,0.0,0.0,0.0,0.0,0.0,battery2_v
2020-08-30T09:00:00Z,30.0,30.0,,,,,2959.967,4029.0,,,,12.081,12.848,,,,7097.0,7097.0,7097.0,,61.933,22.333,,,,0.067,,,,,,,,,,4217.0,4246.0,0.0,0.0,30.0,0.0,30.0,0.0,30.0,0.0,21.0,15.0,0.0,0.0,0.0,0.0,0.0,0.0,battery2_v
2020-08-30T10:00:00Z,30.0,30.0,,,,,2787.6,4544.0,,,,12.242,12.673,,,,7097.0,7097.0,7097.0,,-3.733,-25.733,,,,0.0,,,,,,,,,,4247.0,4276.0,0.0,0.0,30.0,0.0,30.0,0.0,30.0,0.0,1.0,1.0,0.0,0.0,0.0,0.0,0.0,0.0,battery2_v
2020-08-30T11:00:00Z,30.0,30.0,,,,,946.4,2555.0,,,,12.223,12.341,,,,7097.0,7097.0,7097.0,,-4.7,-29.667,,,,0.0,,,,,,,,,,4277.0,4306.0,0.0,0.0,26.0,0.0,30.0,0.0,30.0,0.0,0.0,5.0,0.0,0.0,0.0,0.0,0.0,0.0,battery2_v
2020-08-30T12:00:00Z,31.0,31.0,,,,,967.839,999.0,,,,12.199,12.223,,,,7097.0,7097.0,7097.0,,-11.226,-34.484,,,,0.0,,,,,,,,,,4307.0,4337.0,0.0,0.0,31.0,0.0,31.0,0.0,31.0,0.0,0.0,0.0,0.0,0.0,0.0,0.0,0.0,0.0,battery2_v
2020-08-30T13:00:00Z,30.0,30.0,,,,,1005.3,1034.0,,,,12.19,12.214,,,,7097.0,7097.0,7097.0,,-11.0,-29.533,,,,0.0,,,,,,,,,,4338.0,4367.0,0.0,0.0,30.0,0.0,30.0,0.0,30.0,0.0,0.0,0.0,0.0,0.0,0.0,0.0,0.0,0.0,battery2_v
2020-08-30T14:00:00Z,30.0,30.0,,,,,1027.033,1045.0,,,,12.185,12.204,,,,7097.0,7097.0,7097.0,,-10.667,-22.567,,,,0.0,,,,,,,,,,4368.0,4397.0,0.0,0.0,30.0,0.0,30.0,0.0,30.0,0.0,0.0,0.0,0.0,0.0,0.0,0.0,0.0,0.0,battery2_v
2020-08-30T15:00:00Z,30.0,30.0,,,,,1042.9,1057.0,,,,12.181,12.19,,,,7097.0,7097.0,7097.0,,-10.1,-15.933,,,,0.0,,,,,,,,,,4398.0,4427.0,0.0,0.0,30.0,0.0,30.0,0.0,30.0,0.0,0.0,0.0,0.0,0.0,0.0,0.0,0.0,0.0,battery2_v
2020-08-30T16:00:00Z,30.0,30.0,,,,,1059.8,1081.0,,,,12.171,12.185,,,,7097.0,7097.0,7097.0,,-9.767,-8.133,,,,0.0,,,,,,,,,,4428.0,4457.0,0.0,0.0,30.0,0.0,30.0,0.0,30.0,0.0,0.0,0.0,0.0,0.0,0.0,0.0,0.0,0.0,battery2_v
2020-08-30T17:00:00Z,30.0,30.0,,,,,1076.033,1092.0,,,,12.166,12.181,,,,7097.0,7097.0,7097.0,,-9.167,-2.467,,,,0.0,,,,,,,,,,4458.0,4487.0,0.0,0.0,30.0,0.0,30.0,0.0,30.0,0.0,0.0,0.0,0.0,0.0,0.0,0.0,0.0,0.0,battery2_v
2020-08-30T18:00:00Z,30.0,30.0,,,,,1082.233,1104.0,,,,12.166,12.185,,,,7097.0,7097.0,7097.0,,-8.367,7.567,,,,0.0,,,,,,,,,,4488.0,4517.0,0.0,0.0,30.0,0.0,30.0,0.0,30.0,0.0,0.0,0.0,0.0,0.0,0.0,0.0,0.0,0.0,battery2_v
2020-08-30T19:00:00Z,30.0,30.0,,,,,1098.933,1116.0,,,,12.157,12.176,,,,7097.0,7097.0,7097.0,,-8.2,10.933,,,,0.0,,,,,,,,,,4518.0,4547.0,0.0,0.0,30.0,0.0,30.0,0.0,30.0,0.0,0.0,0.0,0.0,0.0,0.0,0.0,0.0,0.0,battery2_v
2020-08-30T20:00:00Z,30.0,30.0,,,,,1119.2,1139.0,,,,12.152,12.162,,,,7097.0,7097.0,7097.0,,-8.167,10.933,,,,0.0,,,,,,,,,,4548.0,4577.0,0.0,0.0,30.0,0.0,30.0,0.0,30.0,0.0,0.0,0.0,0.0,0.0,0.0,0.0,0.0,0.0,battery2_v
2020-08-30T21:00:00Z,30.0,30.0,,,,,1133.933,1151.0,,,,12.138,12.162,,,,7097.0,7097.0,7097.0,,-7.9,17.133,,,,0.0,,,,,,,,,,4578.0,4607.0,0.0,0.0,30.0,0.0,30.0,0.0,30.0,0.0,0.0,0.0,0.0,0.0,0.0,0.0,0.0,0.0,battery2_v
2020-08-30T22:00:00Z,30.0,30.0,,,,,2425.267,9575.0,,,,12.138,12.152,,,,7097.0,7097.0,7097.0,,-7.5,19.833,,,,0.0,,,,,,,,,,4608.0,4637.0,0.0,0.0,30.0,0.0,30.0,0.0,30.0,0.0,0.0,0.0,0.0,0.0,0.0,0.0,0.0,0.0,battery2_v
2020-08-30T23:00:00Z,30.0,30.0,,,,,7693.4,14793.0,,,,12.133,12.171,,,,7097.0,7097.0,7097.0,,-5.143,23.933,,,,0.0,,,,,,,,,,4638.0,4667.0,0.0,0.0,30.0,0.0,30.0,0.0,30.0,0.0,0.0,0.0,0.0,0.0,0.0,0.0,0.0,0.0,battery2_v
2020-08-31T00:00:00Z,30.0,30.0,,,,,13939.267,21520.0,,,,12.166,12.294,,,,7097.0,7097.0,7097.0,,27.0,48.7,,,,0.0,,,,,,,,,,4668.0,4697.0,0.0,0.0,30.0,0.0,30.0,0.0,30.0,0.0,2.0,14.0,0.0,0.0,0.0,0.0,0.0,0.0,battery2_v
2020-08-31T01:00:00Z,22.0,22.0,,,,,13508.591,13635.0,,,,12.27,12.479,,,,7097.0,7097.0,7097.0,,76.091,101.136,,,,0.0,,,,,,,,,,4698.0,4726.0,0.0,0.0,22.0,0.0,22.0,0.0,22.0,0.0,21.0,21.0,0.0,0.0,0.0,0.0,0.0,0.0,battery2_v
2020-08-31T02:00:00Z,27.0,27.0,,,,,14081.074,21591.0,,,,12.28,12.668,,,,7097.0,7097.0,7097.0,,100.111,114.333,,,,0.0,,,,,,,,,,4727.0,4755.0,0.0,0.0,27.0,0.0,27.0,0.0,27.0,0.0,21.0,21.0,0.0,0.0,0.0,0.0,0.0,0.0,battery2_v
2020-08-31T03:00:00Z,30.0,30.0,,,,,14678.333,21591.0,,,,12.36,12.796,,,,7097.0,7097.0,7097.0,,115.0,114.6,,,,0.0,,,,,,,,,,4756.0,4785.0,0.0,0.0,30.0,0.0,30.0,0.0,30.0,0.0,22.0,21.0,0.0,0.0,0.0,0.0,0.0,0.0,battery2_v
2020-08-31T04:00:00Z,28.0,28.0,,,,,15661.643,22293.0,,,,11.92,12.904,,,,7097.0,7097.0,7097.0,,63.571,-23.071,,,,0.5,,,,,,,,,,4786.0,4815.0,0.0,0.0,28.0,0.0,28.0,0.0,28.0,0.0,18.0,26.0,0.0,0.0,0.0,0.0,0.0,0.0,battery2_v
2020-08-31T05:00:00Z,29.0,29.0,,,,,13638.241,17636.0,,,,11.892,12.867,,,,7097.0,7097.0,7097.0,,25.931,-97.517,,,,0.621,,,,,,,,,,4816.0,4845.0,0.0,0.0,29.0,0.0,29.0,0.0,29.0,0.0,11.0,24.0,0.0,0.0,0.0,0.0,0.0,0.0,battery2_v
2020-08-31T06:00:00Z,24.0,24.0,,,,,13428.375,14009.0,,,,11.968,12.81,,,,7097.0,7097.0,7097.0,,52.667,-109.958,,,,0.708,,,,,,,,,,4846.0,4874.0,0.0,0.0,24.0,0.0,24.0,0.0,24.0,0.0,12.0,23.0,0.0,0.0,0.0,0.0,0.0,0.0,battery2_v
2020-08-31T07:00:00Z,20.0,20.0,,,,,8977.95,15986.0,,,,12.199,13.07,,,,7097.0,7097.0,7097.0,,18.211,-56.85,,,,0.3,,,,,,,,,,4875.0,4903.0,0.0,0.0,20.0,0.0,20.0,0.0,20.0,0.0,3.0,9.0,0.0,0.0,0.0,0.0,0.0,0.0,battery2_v
2020-08-31T08:00:00Z,30.0,30.0,,,,,3201.767,3690.0,,,,12.209,12.247,,,,7097.0,7097.0,7097.0,,-10.267,-26.467,,,,0.0,,,,,,,,,,4904.0,4933.0,0.0,0.0,30.0,0.0,30.0,0.0,30.0,0.0,0.0,0.0,0.0,0.0,0.0,0.0,0.0,0.0,battery2_v
2020-08-31T09:00:00Z,30.0,30.0,,,,,2970.867,3304.0,,,,12.199,12.63,,,,7097.0,7097.0,7097.0,,21.433,1.5,,,,0.0,,,,,,,,,,4934.0,4963.0,0.0,0.0,30.0,0.0,30.0,0.0,30.0,0.0,6.0,6.0,0.0,0.0,0.0,0.0,0.0,0.0,battery2_v
2020-08-31T10:00:00Z,30.0,30.0,,,,,2635.5,5573.0,,,,12.19,12.545,,,,7097.0,7097.0,7097.0,,4.724,-11.733,,,,0.0,,,,,,,,,,4964.0,4993.0,0.0,0.0,30.0,0.0,30.0,0.0,30.0,0.0,3.0,4.0,0.0,0.0,0.0,0.0,0.0,0.0,battery2_v
2020-08-31T11:00:00Z,30.0,30.0,,,,,1091.867,1783.0,,,,12.181,12.199,,,,7097.0,7097.0,7097.0,,-10.567,-28.633,,,,0.0,,,,,,,,,,4994.0,5023.0,0.0,0.0,30.0,0.0,30.0,0.0,30.0,0.0,0.0,2.0,0.0,0.0,0.0,0.0,0.0,0.0,battery2_v
2020-08-31T12:00:00Z,30.0,30.0,,,,,1036.367,1057.0,,,,12.171,12.185,,,,7097.0,7097.0,7097.0,,-11.267,-35.8,,,,0.0,,,,,,,,,,5024.0,5053.0,0.0,0.0,30.0,0.0,30.0,0.0,30.0,0.0,0.0,0.0,0.0,0.0,0.0,0.0,0.0,0.0,battery2_v
2020-08-31T13:00:00Z,30.0,30.0,,,,,1058.2,1081.0,,,,12.162,12.181,,,,7097.0,7097.0,7097.0,,-11.0,-28.967,,,,0.0,,,,,,,,,,5054.0,5083.0,0.0,0.0,30.0,0.0,30.0,0.0,30.0,0.0,0.0,0.0,0.0,0.0,0.0,0.0,0.0,0.0,battery2_v
2020-08-31T14:00:00Z,30.0,30.0,,,,,1078.4,1092.0,,,,12.157,12.176,,,,7097.0,7097.0,7097.0,,-10.667,-21.067,,,,0.0,,,,,,,,,,5084.0,5113.0,0.0,0.0,30.0,0.0,30.0,0.0,30.0,0.0,0.0,0.0,0.0,0.0,0.0,0.0,0.0,0.0,battery2_v
2020-08-31T15:00:00Z,30.0,30.0,,,,,1096.6,1116.0,,,,12.152,12.171,,,,7097.0,7097.0,7097.0,,-9.967,-13.533,,,,0.0,,,,,,,,,,5114.0,5143.0,0.0,0.0,30.0,0.0,30.0,0.0,30.0,0.0,0.0,0.0,0.0,0.0,0.0,0.0,0.0,0.0,battery2_v
2020-08-31T16:00:00Z,30.0,30.0,,,,,1108.333,1127.0,,,,12.147,12.162,,,,7097.0,7097.0,7097.0,,-9.733,-6.833,,,,0.0,,,,,,,,,,5144.0,5173.0,0.0,0.0,30.0,0.0,30.0,0.0,30.0,0.0,0.0,0.0,0.0,0.0,0.0,0.0,0.0,0.0,battery2_v
2020-08-31T17:00:00Z,30.0,30.0,,,,,1131.9,1151.0,,,,12.138,12.152,,,,7097.0,7097.0,7097.0,,-9.233,-4.767,,,,0.0,,,,,,,,,,5174.0,5203.0,0.0,0.0,30.0,0.0,30.0,0.0,30.0,0.0,0.0,0.0,0.0,0.0,0.0,0.0,0.0,0.0,battery2_v
2020-08-31T18:00:00Z,30.0,30.0,,,,,1146.367,1162.0,,,,12.133,12.147,,,,7097.0,7097.0,7097.0,,-9.0,1.3,,,,0.0,,,,,,,,,,5204.0,5233.0,0.0,0.0,30.0,0.0,30.0,0.0,30.0,0.0,0.0,0.0,0.0,0.0,0.0,0.0,0.0,0.0,battery2_v
2020-08-31T19:00:00Z,30.0,30.0,,,,,1163.333,1174.0,,,,12.128,12.143,,,,7097.0,7097.0,7097.0,,-8.767,6.267,,,,0.0,,,,,,,,,,5234.0,5263.0,0.0,0.0,30.0,0.0,30.0,0.0,30.0,0.0,0.0,0.0,0.0,0.0,0.0,0.0,0.0,0.0,battery2_v
2020-08-31T20:00:00Z,30.0,30.0,,,,,1177.6,1198.0,,,,12.124,12.138,,,,7097.0,7097.0,7097.0,,-8.567,8.767,,,,0.0,,,,,,,,,,5264.0,5293.0,0.0,0.0,30.0,0.0,30.0,0.0,30.0,0.0,0.0,0.0,0.0,0.0,0.0,0.0,0.0,0.0,battery2_v
2020-08-31T21:00:00Z,30.0,30.0,,,,,1186.767,1221.0,,,,12.119,12.133,,,,7097.0,7097.0,7097.0,,-8.133,12.767,,,,0.0,,,,,,,,,,5294.0,5323.0,0.0,0.0,30.0,0.0,30.0,0.0,30.0,0.0,0.0,0.0,0.0,0.0,0.0,0.0,0.0,0.0,battery2_v
2020-08-31T22:00:00Z,30.0,30.0,,,,,2768.533,12582.0,,,,12.114,12.128,,,,7097.0,7097.0,7097.0,,-8.0,15.4,,,,0.0,,,,,,,,,,5324.0,5353.0,0.0,0.0,30.0,0.0,30.0,0.0,30.0,0.0,0.0,0.0,0.0,0.0,0.0,0.0,0.0,0.0,battery2_v
2020-08-31T23:00:00Z,30.0,30.0,,,,,7029.6,15296.0,,,,12.119,12.147,,,,7097.0,7097.0,7097.0,,-5.067,23.1,,,,0.0,,,,,,,,,,5354.0,5383.0,0.0,0.0,30.0,0.0,30.0,0.0,30.0,0.0,0.0,0.0,0.0,0.0,0.0,0.0,0.0,0.0,battery2_v
2020-09-01T00:00:00Z,30.0,30.0,,,,,13714.567,13775.0,,,,12.147,12.27,,,,7097.0,7097.0,7097.0,,26.467,53.7,,,,0.0,,,,,,,,,,5384.0,5413.0,0.0,0.0,30.0,0.0,30.0,0.0,30.0,0.0,0.0,18.0,0.0,0.0,0.0,0.0,0.0,0.0,battery2_v
2020-09-01T01:00:00Z,21.0,21.0,,,,,13563.333,13717.0,,,,12.199,12.479,,,,7097.0,7097.0,7097.0,,66.143,88.905,,,,0.0,,,,,,,,,,5414.0,5442.0,0.0,0.0,21.0,0.0,21.0,0.0,21.0,0.0,12.0,16.0,0.0,0.0,0.0,0.0,0.0,0.0,battery2_v
2020-09-01T02:00:00Z,19.0,19.0,,,,,13856.316,21977.0,,,,12.237,12.739,,,,7097.0,7097.0,7097.0,,88.789,106.053,,,,0.0,,,,,,,,,,5448.0,5471.0,0.0,0.0,19.0,0.0,19.0,0.0,19.0,0.0,10.0,13.0,0.0,0.0,0.0,0.0,0.0,0.0,battery2_v
2020-09-01T03:00:00Z,19.0,19.0,,,,,13867.421,21439.0,,,,12.015,13.084,,,,7097.0,7097.0,7097.0,,102.0,106.053,,,,0.053,,,,,,,,,,5472.0,5499.0,0.0,0.0,19.0,0.0,19.0,0.0,19.0,0.0,13.0,13.0,0.0,0.0,0.0,0.0,0.0,0.0,battery2_v
2020-09-01T04:00:00Z,26.0,26.0,,,,,14249.346,22117.0,,,,11.963,12.937,,,,7097.0,7097.0,7097.0,,67.115,-15.077,,,,0.385,,,,,,,,,,5501.0,5529.0,0.0,0.0,26.0,0.0,26.0,0.0,26.0,0.0,16.0,23.0,0.0,0.0,0.0,0.0,0.0,0.0,battery2_v
2020-09-01T05:00:00Z,14.0,14.0,,,,,14171.214,20994.0,,,,12.384,12.762,,,,7097.0,7097.0,7097.0,,102.429,105.0,,,,0.0,,,,,,,,,,5530.0,5557.0,0.0,0.0,14.0,0.0,14.0,0.0,14.0,0.0,9.0,9.0,0.0,0.0,0.0,0.0,0.0,0.0,battery2_v
2020-09-01T06:00:00Z,29.0,29.0,,,,,11973.69,13822.0,,,,12.114,12.852,,,,7097.0,7097.0,7097.0,,79.966,53.793,,,,0.103,,,,,,,,,,5558.0,5587.0,0.0,0.0,29.0,0.0,29.0,0.0,29.0,0.0,19.0,13.0,0.0,0.0,0.0,0.0,0.0,0.0,battery2_v
2020-09-01T07:00:00Z,25.0,25.0,,,,,4755.68,15378.0,,,,12.058,12.89,,,,7097.0,7097.0,7097.0,,5.64,-34.52,,,,0.28,,,,,,,,,,5588.0,5616.0,0.0,0.0,25.0,0.0,25.0,0.0,25.0,0.0,8.0,12.0,0.0,0.0,0.0,0.0,0.0,0.0,battery2_v
2020-09-01T08:00:00Z,27.0,27.0,,,,,3100.0,11049.0,,,,12.204,12.583,,,,7097.0,7097.0,7097.0,,3.0,-3.333,,,,0.0,,,,,,,,,,5617.0,5646.0,0.0,0.0,27.0,0.0,27.0,0.0,27.0,0.0,2.0,2.0,0.0,0.0,0.0,0.0,0.0,0.0,battery2_v
2020-09-01T09:00:00Z,30.0,30.0,,,,,3264.6,3725.0,,,,12.19,12.351,,,,7097.0,7097.0,7097.0,,-3.433,-8.9,,,,0.0,,,,,,,,,,5647.0,5676.0,0.0,0.0,30.0,0.0,30.0,0.0,30.0,0.0,0.0,0.0,0.0,0.0,0.0,0.0,0.0,0.0,battery2_v
2020-09-01T10:00:00Z,30.0,30.0,,,,,2667.467,5000.0,,,,12.176,12.195,,,,7097.0,7097.0,7097.0,,-9.333,-13.767,,,,0.0,,,,,,,,,,5677.0,5706.0,0.0,0.0,30.0,0.0,30.0,0.0,30.0,0.0,0.0,0.0,0.0,0.0,0.0,0.0,0.0,0.0,battery2_v
2020-09-01T11:00:00Z,30.0,30.0,,,,,1141.367,1630.0,,,,12.162,12.181,,,,7097.0,7097.0,7097.0,,-9.6,-13.6,,,,0.0,,,,,,,,,,5707.0,5736.0,0.0,0.0,30.0,0.0,30.0,0.0,30.0,0.0,0.0,0.0,0.0,0.0,0.0,0.0,0.0,0.0,battery2_v
2020-09-01T12:00:00Z,30.0,30.0,,,,,1079.967,1092.0,,,,12.162,12.171,,,,7097.0,7097.0,7097.0,,-9.967,-12.167,,,,0.0,,,,,,,,,,5737.0,5766.0,0.0,0.0,30.0,0.0,30.0,0.0,30.0,0.0,0.0,0.0,0.0,0.0,0.0,0.0,0.0,0.0,battery2_v
2020-09-01T13:00:00Z,30.0,30.0,,,,,1003.1,1127.0,,,,12.143,12.412,,,,7097.0,7097.0,7097.0,,-1.633,4.6,,,,0.0,,,,,,,,,,5767.0,5796.0,0.0,0.0,28.0,0.0,30.0,0.0,30.0,0.0,2.0,3.0,0.0,0.0,0.0,0.0,0.0,0.0,battery2_v
2020-09-01T14:00:00Z,30.0,30.0,,,,,1125.667,1139.0,,,,12.138,12.157,,,,7097.0,7097.0,7097.0,,-9.0,-0.433,,,,0.0,,,,,,,,,,5797.0,5826.0,0.0,0.0,30.0,0.0,30.0,0.0,30.0,0.0,0.0,0.0,0.0,0.0,0.0,0.0,0.0,0.0,battery2_v
2020-09-01T15:00:00Z,30.0,30.0,,,,,1113.267,1162.0,,,,12.138,12.218,,,,7097.0,7097.0,7097.0,,-7.5,7.567,,,,0.0,,,,,,,,,,5827.0,5856.0,0.0,0.0,30.0,0.0,30.0,0.0,30.0,0.0,0.0,0.0,0.0,0.0,0.0,0.0,0.0,0.0,battery2_v
2020-09-01T16:00:00Z,28.0,28.0,,,,,1155.714,1186.0,,,,12.128,12.143,,,,7097.0,7097.0,7097.0,,-8.107,12.214,,,,0.0,,,,,,,,,,5857.0,5886.0,0.0,0.0,28.0,0.0,28.0,0.0,28.0,0.0,0.0,0.0,0.0,0.0,0.0,0.0,0.0,0.0,battery2_v
2020-09-01T17:00:00Z,30.0,30.0,,,,,1176.0,1198.0,,,,12.124,12.138,,,,7097.0,7097.0,7097.0,,-7.733,19.067,,,,0.0,,,,,,,,,,5887.0,5916.0,0.0,0.0,30.0,0.0,30.0,0.0,30.0,0.0,0.0,0.0,0.0,0.0,0.0,0.0,0.0,0.0,battery2_v
2020-09-01T18:00:00Z,30.0,30.0,,,,,1192.6,1209.0,,,,12.119,12.133,,,,7097.0,7097.0,7097.0,,-7.233,23.333,,,,0.0,,,,,,,,,,5917.0,5946.0,0.0,0.0,30.0,0.0,30.0,0.0,30.0,0.0,0.0,0.0,0.0,0.0,0.0,0.0,0.0,0.0,battery2_v
2020-09-01T19:00:00Z,30.0,30.0,,,,,1204.667,1221.0,,,,12.114,12.128,,,,7097.0,7097.0,7097.0,,-6.833,29.367,,,,0.0,,,,,,,,,,5947.0,5976.0,0.0,0.0,30.0,0.0,30.0,0.0,30.0,0.0,0.0,0.0,0.0,0.0,0.0,0.0,0.0,0.0,battery2_v
2020-09-01T20:00:00Z,30.0,30.0,,,,,1221.433,1244.0,,,,12.105,12.124,,,,7097.0,7097.0,7097.0,,-6.567,30.433,,,,0.0,,,,,,,,,,5977.0,6006.0,0.0,0.0,30.0,0.0,30.0,0.0,30.0,0.0,0.0,0.0,0.0,0.0,0.0,0.0,0.0,0.0,battery2_v
2020-09-01T21:00:00Z,30.0,30.0,,,,,1240.4,1256.0,,,,12.105,12.114,,,,7097.0,7097.0,7097.0,,-6.233,33.7,,,,0.0,,,,,,,,,,6007.0,6036.0,0.0,0.0,30.0,0.0,30.0,0.0,30.0,0.0,0.0,0.0,0.0,0.0,0.0,0.0,0.0,0.0,battery2_v
2020-09-01T22:00:00Z,30.0,30.0,,,,,2898.333,12921.0,,,,12.095,12.114,,,,7097.0,7097.0,7097.0,,-6.033,40.2,,,,0.0,,,,,,,,,,6037.0,6066.0,0.0,0.0,30.0,0.0,30.0,0.0,30.0,0.0,0.0,1.0,0.0,0.0,0.0,0.0,0.0,0.0,battery2_v
2020-09-01T23:00:00Z,30.0,30.0,,,,,6831.167,18759.0,,,,12.095,12.119,,,,7097.0,7097.0,7097.0,,-5.414,41.567,,,,0.0,,,,,,,,,,6067.0,6096.0,0.0,0.0,30.0,0.0,30.0,0.0,30.0,0.0,0.0,0.0,0.0,0.0,0.0,0.0,0.0,0.0,battery2_v
2020-09-02T00:00:00Z,29.0,29.0,,,,,14464.138,20678.0,,,,12.11,12.256,,,,7097.0,7097.0,7097.0,,24.414,72.724,,,,0.0,,,,,,,,,,6097.0,6126.0,0.0,0.0,29.0,0.0,29.0,0.0,29.0,0.0,1.0,26.0,0.0,0.0,0.0,0.0,0.0,0.0,battery2_v
2020-09-02T01:00:00Z,30.0,30.0,,,,,13552.433,13670.0,,,,12.242,12.469,,,,7097.0,7097.0,7097.0,,76.733,126.233,,,,0.0,,,,,,,,,,6127.0,6156.0,0.0,0.0,30.0,0.0,30.0,0.0,30.0,0.0,25.0,30.0,0.0,0.0,0.0,0.0,0.0,0.0,battery2_v
2020-09-02T02:00:00Z,30.0,30.0,,,,,13318.067,13658.0,,,,12.251,12.625,,,,7097.0,7097.0,7097.0,,112.333,150.833,,,,0.0,,,,,,,,,,6157.0,6186.0,0.0,0.0,30.0,0.0,30.0,0.0,30.0,0.0,26.0,29.0,0.0,0.0,0.0,0.0,0.0,0.0,battery2_v
2020-09-02T03:00:00Z,30.0,30.0,,,,,14222.8,21450.0,,,,12.351,12.767,,,,7097.0,7097.0,7097.0,,113.067,136.433,,,,0.0,,,,,,,,,,6187.0,6216.0,0.0,0.0,30.0,0.0,30.0,0.0,30.0,0.0,25.0,25.0,0.0,0.0,0.0,0.0,0.0,0.0,battery2_v
2020-09-02T04:00:00Z,30.0,30.0,,,,,13362.133,13986.0,,,,11.987,13.042,,,,7097.0,7097.0,7097.0,,77.833,75.6,,,,0.133,,,,,,,,,,6217.0,6246.0,0.0,0.0,30.0,0.0,30.0,0.0,30.0,0.0,18.0,27.0,0.0,0.0,0.0,0.0,0.0,0.0,battery2_v
2020-09-02T05:00:00Z,30.0,30.0,,,,,13311.0,13752.0,,,,12.19,12.81,,,,7097.0,7097.0,7097.0,,94.367,63.5,,,,0.233,,,,,,,,,,6247.0,6276.0,0.0,0.0,30.0,0.0,30.0,0.0,30.0,0.0,19.0,30.0,0.0,0.0,0.0,0.0,0.0,0.0,battery2_v
2020-09-02T06:00:00Z,31.0,31.0,,,,,13932.452,21684.0,,,,12.356,12.762,,,,7097.0,7097.0,7097.0,,135.677,137.258,,,,0.0,,,,,,,,,,6277.0,6307.0,0.0,0.0,31.0,0.0,31.0,0.0,31.0,0.0,28.0,28.0,0.0,0.0,0.0,0.0,0.0,0.0,battery2_v
2020-09-02T07:00:00Z,30.0,30.0,,,,,13676.067,21158.0,,,,12.143,13.084,,,,7097.0,7097.0,7097.0,,103.967,101.333,,,,0.033,,,,,,,,,,6308.0,6337.0,0.0,0.0,30.0,0.0,30.0,0.0,30.0,0.0,27.0,27.0,0.0,0.0,0.0,0.0,0.0,0.0,battery2_v
2020-09-02T08:00:00Z,30.0,30.0,,,,,13278.167,13459.0,,,,12.427,12.616,,,,7097.0,7097.0,7097.0,,71.133,61.0,,,,0.0,,,,,,,,,,6338.0,6367.0,0.0,0.0,30.0,0.0,30.0,0.0,30.0,0.0,24.0,20.0,0.0,0.0,0.0,0.0,0.0,0.0,battery2_v
2020-09-02T09:00:00Z,30.0,30.0,,,,,11369.5,14559.0,,,,12.28,12.677,,,,7097.0,7097.0,7097.0,,38.556,24.267,,,,0.0,,,,,,,,,,6368.0,6397.0,0.0,0.0,30.0,0.0,30.0,0.0,30.0,0.0,8.0,7.0,0.0,0.0,0.0,0.0,0.0,0.0,battery2_v
2020-09-02T10:00:00Z,30.0,30.0,,,,,6967.267,14430.0,,,,12.218,12.554,,,,7097.0,7097.0,7097.0,,8.7,6.233,,,,0.0,,,,,,,,,,6398.0,6427.0,0.0,0.0,30.0,0.0,30.0,0.0,30.0,0.0,3.0,2.0,0.0,0.0,0.0,0.0,0.0,0.0,battery2_v
2020-09-02T11:00:00Z,30.0,30.0,,,,,1036.9,1677.0,,,,12.195,12.223,,,,7097.0,7097.0,7097.0,,-8.9,-6.333,,,,0.0,,,,,,,,,,6428.0,6457.0,0.0,0.0,30.0,0.0,30.0,0.0,30.0,0.0,0.0,0.0,0.0,0.0,0.0,0.0,0.0,0.0,battery2_v
2020-09-02T12:00:00Z,30.0,30.0,,,,,886.333,1022.0,,,,12.185,12.649,,,,7097.0,7097.0,7097.0,,4.467,2.6,,,,0.0,,,,,,,,,,6458.0,6487.0,0.0,0.0,27.0,0.0,30.0,0.0,30.0,0.0,2.0,2.0,0.0,0.0,0.0,0.0,0.0,0.0,battery2_v
2020-09-02T13:00:00Z,30.0,30.0,,,,,157.467,1010.0,,,,12.19,12.753,,,,7097.0,7097.0,7097.0,,65.633,67.333,,,,0.0,,,,,,,,,,6488.0,6517.0,0.0,0.0,7.0,0.0,30.0,0.0,30.0,0.0,16.0,17.0,0.0,0.0,0.0,0.0,0.0,0.0,battery2_v
2020-09-02T14:00:00Z,30.0,30.0,,,,,499.733,1455.0,,,,11.906,12.942,,,,7097.0,7097.0,7097.0,,25.0,30.733,,,,0.1,,,,,,,,,,6518.0,6547.0,0.0,0.0,18.0,0.0,30.0,0.0,30.0,0.0,9.0,11.0,0.0,0.0,0.0,0.0,0.0,0.0,battery2_v
2020-09-02T15:00:00Z,30.0,30.0,,,,,128.733,811.0,,,,12.294,12.753,,,,7097.0,7097.0,7097.0,,65.667,85.433,,,,0.0,,,,,,,,,,6548.0,6577.0,0.0,0.0,6.0,0.0,30.0,0.0,30.0,0.0,17.0,20.0,0.0,0.0,0.0,0.0,0.0,0.0,battery2_v
2020-09-02T16:00:00Z,30.0,30.0,,,,,641.4,987.0,,,,12.218,12.559,,,,7097.0,7097.0,7097.0,,6.448,26.6,,,,0.0,,,,,,,,,,6578.0,6607.0,0.0,0.0,25.0,0.0,30.0,0.0,30.0,0.0,2.0,5.0,0.0,0.0,0.0,0.0,0.0,0.0,battery2_v
2020-09-02T17:00:00Z,30.0,30.0,,,,,1009.567,1045.0,,,,12.195,12.228,,,,7097.0,7097.0,7097.0,,-7.7,17.7,,,,0.0,,,,,,,,,,6608.0,6637.0,0.0,0.0,30.0,0.0,30.0,0.0,30.0,0.0,0.0,0.0,0.0,0.0,0.0,0.0,0.0,0.0,battery2_v
2020-09-02T18:00:00Z,30.0,30.0,,,,,1057.033,1081.0,,,,12.176,12.199,,,,7097.0,7097.0,7097.0,,-7.2,21.667,,,,0.0,,,,,,,,,,6638.0,6667.0,0.0,0.0,30.0,0.0,30.0,0.0,30.0,0.0,0.0,0.0,0.0,0.0,0.0,0.0,0.0,0.0,battery2_v
2020-09-02T19:00:00Z,30.0,30.0,,,,,1078.4,1104.0,,,,12.166,12.19,,,,7097.0,7097.0,7097.0,,-7.033,24.7,,,,0.0,,,,,,,,,,6668.0,6697.0,0.0,0.0,30.0,0.0,30.0,0.0,30.0,0.0,0.0,0.0,0.0,0.0,0.0,0.0,0.0,0.0,battery2_v
2020-09-02T20:00:00Z,30.0,30.0,,,,,1095.367,1116.0,,,,12.166,12.181,,,,7097.0,7097.0,7097.0,,-6.6,28.6,,,,0.0,,,,,,,,,,6698.0,6727.0,0.0,0.0,30.0,0.0,30.0,0.0,30.0,0.0,0.0,0.0,0.0,0.0,0.0,0.0,0.0,0.0,battery2_v
2020-09-02T21:00:00Z,30.0,30.0,,,,,1107.933,1127.0,,,,12.157,12.171,,,,7097.0,7097.0,7097.0,,-6.2,35.633,,,,0.0,,,,,,,,,,6728.0,6757.0,0.0,0.0,30.0,0.0,30.0,0.0,30.0,0.0,0.0,0.0,0.0,0.0,0.0,0.0,0.0,0.0,battery2_v
2020-09-02T22:00:00Z,30.0,30.0,,,,,2092.967,8697.0,,,,12.152,12.166,,,,7097.0,7097.0,7097.0,,-6.233,35.1,,,,0.0,,,,,,,,,,6758.0,6787.0,0.0,0.0,30.0,0.0,30.0,0.0,30.0,0.0,0.0,0.0,0.0,0.0,0.0,0.0,0.0,0.0,battery2_v
2020-09-02T23:00:00Z,30.0,30.0,,,,,4792.933,13506.0,,,,12.143,12.166,,,,7097.0,7097.0,7097.0,,-5.867,38.733,,,,0.0,,,,,,,,,,6788.0,6817.0,0.0,0.0,30.0,0.0,30.0,0.0,30.0,0.0,0.0,0.0,0.0,0.0,0.0,0.0,0.0,0.0,battery2_v
2020-09-03T00:00:00Z,30.0,30.0,,,,,13538.8,14910.0,,,,12.157,12.318,,,,7097.0,7097.0,7097.0,,37.4,82.067,,,,0.0,,,,,,,,,,6818.0,6847.0,0.0,0.0,30.0,0.0,30.0,0.0,30.0,0.0,8.0,25.0,0.0,0.0,0.0,0.0,0.0,0.0,battery2_v
2020-09-03T01:00:00Z,15.0,15.0,,,,,14045.667,21602.0,,,,12.261,12.493,,,,7097.0,7097.0,7097.0,,72.467,116.067,,,,0.0,,,,,,,,,,6849.0,6873.0,0.0,0.0,15.0,0.0,15.0,0.0,15.0,0.0,14.0,14.0,0.0,0.0,0.0,0.0,0.0,0.0,battery2_v
2020-09-03T02:00:00Z,8.0,8.0,,,,,14115.75,20081.0,,,,12.218,12.649,,,,7097.0,7097.0,7097.0,,87.125,121.625,,,,0.0,,,,,,,,,,6878.0,6900.0,0.0,0.0,8.0,0.0,8.0,0.0,8.0,0.0,6.0,6.0,0.0,0.0,0.0,0.0,0.0,0.0,battery2_v
2020-09-03T03:00:00Z,25.0,25.0,,,,,13119.8,13518.0,,,,12.389,12.786,,,,7097.0,7097.0,7097.0,,127.92,150.44,,,,0.0,,,,,,,,,,6905.0,6932.0,0.0,0.0,25.0,0.0,25.0,0.0,25.0,0.0,21.0,22.0,0.0,0.0,0.0,0.0,0.0,0.0,battery2_v
2020-09-03T04:00:00Z,29.0,29.0,,,,,13520.724,13997.0,,,,11.968,12.81,,,,7097.0,7097.0,7097.0,,27.69,-82.552,,,,0.724,,,,,,,,,,6933.0,6962.0,0.0,0.0,29.0,0.0,29.0,0.0,29.0,0.0,11.0,28.0,0.0,0.0,0.0,0.0,0.0,0.0,battery2_v
2020-09-03T05:00:00Z,27.0,27.0,,,,,13316.667,13904.0,,,,12.062,12.833,,,,7097.0,7097.0,7097.0,,85.185,22.37,,,,0.444,,,,,,,,,,6963.0,6991.0,0.0,0.0,27.0,0.0,27.0,0.0,27.0,0.0,17.0,26.0,0.0,0.0,0.0,0.0,0.0,0.0,battery2_v
2020-09-03T06:00:00Z,28.0,28.0,,,,,13327.893,15238.0,,,,12.185,12.914,,,,7097.0,7097.0,7097.0,,89.464,63.143,,,,0.214,,,,,,,,,,6993.0,7021.0,0.0,0.0,28.0,0.0,28.0,0.0,28.0,0.0,19.0,23.0,0.0,0.0,0.0,0.0,0.0,0.0,battery2_v
2020-09-03T07:00:00Z,25.0,25.0,,,,,13395.08,20994.0,,,,12.304,12.748,,,,7097.0,7097.0,7097.0,,70.16,73.52,,,,0.0,,,,,,,,,,7022.0,7051.0,0.0,0.0,25.0,0.0,25.0,0.0,25.0,0.0,15.0,15.0,0.0,0.0,0.0,0.0,0.0,0.0,battery2_v
2020-09-03T08:00:00Z,30.0,30.0,,,,,13335.867,13892.0,,,,12.072,12.999,,,,7097.0,7097.0,7097.0,,63.241,31.333,,,,0.133,,,,,,,,,,7052.0,7081.0,0.0,0.0,30.0,0.0,30.0,0.0,30.0,0.0,20.0,21.0,0.0,0.0,0.0,0.0,0.0,0.0,battery2_v
2020-09-03T09:00:00Z,30.0,30.0,,,,,9612.567,18549.0,,,,12.214,12.337,,,,7097.0,7097.0,7097.0,,-7.036,-5.067,,,,0.0,,,,,,,,,,7082.0,7111.0,0.0,0.0,30.0,0.0,30.0,0.0,30.0,0.0,0.0,0.0,0.0,0.0,0.0,0.0,0.0,0.0,battery2_v
2020-09-03T10:00:00Z,30.0,30.0,,,,,4531.633,13681.0,,,,12.204,12.242,,,,7097.0,7097.0,7097.0,,-8.833,-8.767,,,,0.0,,,,,,,,,,7112.0,7141.0,0.0,0.0,30.0,0.0,30.0,0.0,30.0,0.0,0.0,0.0,0.0,0.0,0.0,0.0,0.0,0.0,battery2_v
2020-09-03T11:00:00Z,30.0,30.0,,,,,1125.9,2321.0,,,,12.195,12.218,,,,7097.0,7097.0,7097.0,,-8.867,-4.467,,,,0.0,,,,,,,,,,7142.0,7171.0,0.0,0.0,30.0,0.0,30.0,0.0,30.0,0.0,0.0,0.0,0.0,0.0,0.0,0.0,0.0,0.0,battery2_v
2020-09-03T12:00:00Z,30.0,30.0,,,,,993.6,1022.0,,,,12.185,12.199,,,,7097.0,7097.0,7097.0,,-8.867,-6.1,,,,0.0,,,,,,,,,,7172.0,7201.0,0.0,0.0,30.0,0.0,30.0,0.0,30.0,0.0,0.0,0.0,0.0,0.0,0.0,0.0,0.0,0.0,battery2_v
2020-09-03T13:00:00Z,30.0,30.0,,,,,1020.867,1034.0,,,,12.176,12.195,,,,7097.0,7097.0,7097.0,,-8.833,-6.033,,,,0.0,,,,,,,,,,7202.0,7231.0,0.0,0.0,30.0,0.0,30.0,0.0,30.0,0.0,0.0,0.0,0.0,0.0,0.0,0.0,0.0,0.0,battery2_v
2020-09-03T14:00:00Z,30.0,30.0,,,,,1042.567,1069.0,,,,12.171,12.185,,,,7097.0,7097.0,7097.0,,-9.9,-15.767,,,,0.0,,,,,,,,,,7232.0,7261.0,0.0,0.0,30.0,0.0,30.0,0.0,30.0,0.0,0.0,0.0,0.0,0.0,0.0,0.0,0.0,0.0,battery2_v
2020-09-03T15:00:00Z,30.0,30.0,,,,,1066.2,1081.0,,,,12.162,12.181,,,,7097.0,7097.0,7097.0,,-10.0,-15.7,,,,0.0,,,,,,,,,,7262.0,7291.0,0.0,0.0,30.0,0.0,30.0,0.0,30.0,0.0,0.0,0.0,0.0,0.0,0.0,0.0,0.0,0.0,battery2_v
2020-09-03T16:00:00Z,30.0,30.0,,,,,1084.233,1104.0,,,,12.157,12.171,,,,7097.0,7097.0,7097.0,,-9.767,-8.667,,,,0.0,,,,,,,,,,7292.0,7321.0,0.0,0.0,30.0,0.0,30.0,0.0,30.0,0.0,0.0,0.0,0.0,0.0,0.0,0.0,0.0,0.0,battery2_v
2020-09-03T17:00:00Z,30.0,30.0,,,,,1100.467,1116.0,,,,12.147,12.166,,,,7097.0,7097.0,7097.0,,-9.7,-8.4,,,,0.0,,,,,,,,,,7322.0,7351.0,0.0,0.0,30.0,0.0,30.0,0.0,30.0,0.0,0.0,0.0,0.0,0.0,0.0,0.0,0.0,0.0,battery2_v
2020-09-03T18:00:00Z,30.0,30.0,,,,,939.667,1139.0,,,,12.147,12.493,,,,7097.0,7097.0,7097.0,,6.433,14.433,,,,0.0,,,,,,,,,,7352.0,7381.0,0.0,0.0,26.0,0.0,30.0,0.0,30.0,0.0,4.0,4.0,0.0,0.0,0.0,0.0,0.0,0.0,battery2_v
2020-09-03T19:00:00Z,30.0,30.0,,,,,1140.9,1162.0,,,,12.143,12.152,,,,7097.0,7097.0,7097.0,,-8.667,6.767,,,,0.0,,,,,,,,,,7382.0,7411.0,0.0,0.0,30.0,0.0,30.0,0.0,30.0,0.0,0.0,0.0,0.0,0.0,0.0,0.0,0.0,0.0,battery2_v
2020-09-03T20:00:00Z,30.0,30.0,,,,,1147.267,1162.0,,,,12.138,12.157,,,,7097.0,7097.0,7097.0,,-8.267,10.833,,,,0.0,,,,,,,,,,7412.0,7441.0,0.0,0.0,30.0,0.0,30.0,0.0,30.0,0.0,0.0,0.0,0.0,0.0,0.0,0.0,0.0,0.0,battery2_v
2020-09-03T21:00:00Z,30.0,30.0,,,,,1160.3,1186.0,,,,12.133,12.152,,,,7097.0,7097.0,7097.0,,-8.167,12.767,,,,0.0,,,,,,,,,,7442.0,7471.0,0.0,0.0,30.0,0.0,30.0,0.0,30.0,0.0,0.0,0.0,0.0,0.0,0.0,0.0,0.0,0.0,battery2_v
2020-09-03T22:00:00Z,30.0,30.0,,,,,1953.3,6123.0,,,,12.128,12.143,,,,7097.0,7097.0,7097.0,,-7.7,17.433,,,,0.0,,,,,,,,,,7472.0,7501.0,0.0,0.0,30.0,0.0,30.0,0.0,30.0,0.0,0.0,0.0,0.0,0.0,0.0,0.0,0.0,0.0,battery2_v
2020-09-03T23:00:00Z,30.0,30.0,,,,,8197.2,15659.0,,,,12.114,12.143,,,,7097.0,7097.0,7097.0,,-7.138,21.5,,,,0.0,,,,,,,,,,7502.0,7531.0,0.0,0.0,30.0,0.0,30.0,0.0,30.0,0.0,0.0,0.0,0.0,0.0,0.0,0.0,0.0,0.0,battery2_v
2020-09-04T00:00:00Z,30.0,30.0,,,,,10213.233,15659.0,,,,12.128,12.289,,,,7097.0,7097.0,7097.0,,7.379,41.1,,,,0.0,,,,,,,,,,7532.0,7561.0,0.0,0.0,30.0,0.0,30.0,0.0,30.0,0.0,3.0,5.0,0.0,0.0,0.0,0.0,0.0,0.0,battery2_v
2020-09-04T01:00:00Z,25.0,25.0,,,,,13543.36,13705.0,,,,12.209,12.483,,,,7097.0,7097.0,7097.0,,72.12,101.72,,,,0.0,,,,,,,,,,7562.0,7591.0,0.0,0.0,25.0,0.0,25.0,0.0,25.0,0.0,21.0,24.0,0.0,0.0,0.0,0.0,0.0,0.0,battery2_v
2020-09-04T02:00:00Z,25.0,25.0,,,,,13507.84,17999.0,,,,11.996,12.961,,,,7097.0,7097.0,7097.0,,110.92,125.24,,,,0.04,,,,,,,,,,7592.0,7620.0,0.0,0.0,25.0,0.0,25.0,0.0,25.0,0.0,22.0,23.0,0.0,0.0,0.0,0.0,0.0,0.0,battery2_v
2020-09-04T03:00:00Z,20.0,20.0,,,,,13374.35,13939.0,,,,12.02,12.833,,,,7097.0,7097.0,7097.0,,82.45,79.0,,,,0.05,,,,,,,,,,7622.0,7649.0,0.0,0.0,20.0,0.0,20.0,0.0,20.0,0.0,13.0,15.0,0.0,0.0,0.0,0.0,0.0,0.0,battery2_v
2020-09-04T04:00:00Z,24.0,24.0,,,,,13347.542,14032.0,,,,11.949,12.838,,,,7097.0,7097.0,7097.0,,80.917,58.458,,,,0.125,,,,,,,,,,7650.0,7678.0,0.0,0.0,24.0,0.0,24.0,0.0,24.0,0.0,14.0,18.0,0.0,0.0,0.0,0.0,0.0,0.0,battery2_v
2020-09-04T05:00:00Z,19.0,19.0,,,,,13148.947,13962.0,,,,11.996,12.985,,,,7097.0,7097.0,7097.0,,127.474,119.895,,,,0.053,,,,,,,,,,7679.0,7704.0,0.0,0.0,19.0,0.0,19.0,0.0,19.0,0.0,15.0,15.0,0.0,0.0,0.0,0.0,0.0,0.0,battery2_v
2020-09-04T06:00:00Z,9.0,9.0,,,,,14172.778,22199.0,,,,11.939,12.744,,,,7097.0,7097.0,7097.0,,76.667,29.778,,,,0.111,,,,,,,,,,7708.0,7732.0,0.0,0.0,9.0,0.0,9.0,0.0,9.0,0.0,8.0,9.0,0.0,0.0,0.0,0.0,0.0,0.0,battery2_v
2020-09-04T07:00:00Z,16.0,16.0,,,,,13131.562,14009.0,,,,11.968,13.008,,,,7097.0,7097.0,7097.0,,107.25,85.812,,,,0.125,,,,,,,,,,7735.0,7761.0,0.0,0.0,16.0,0.0,16.0,0.0,16.0,0.0,16.0,16.0,0.0,0.0,0.0,0.0,0.0,0.0,battery2_v
2020-09-04T08:00:00Z,30.0,30.0,,,,,13282.8,13997.0,,,,11.982,13.113,,,,7097.0,7097.0,7097.0,,61.833,-15.8,,,,0.333,,,,,,,,,,7763.0,7792.0,0.0,0.0,30.0,0.0,30.0,0.0,30.0,0.0,23.0,28.0,0.0,0.0,0.0,0.0,0.0,0.0,battery2_v
2020-09-04T09:00:00Z,30.0,30.0,,,,,11403.5,15238.0,,,,12.256,12.658,,,,7097.0,7097.0,7097.0,,15.414,-0.1,,,,0.0,,,,,,,,,,7793.0,7822.0,0.0,0.0,30.0,0.0,30.0,0.0,30.0,0.0,5.0,4.0,0.0,0.0,0.0,0.0,0.0,0.0,battery2_v
2020-09-04T10:00:00Z,30.0,30.0,,,,,2461.867,4953.0,,,,12.053,12.952,,,,7097.0,7097.0,7097.0,,60.8,52.267,,,,0.067,,,,,,,,,,7823.0,7852.0,0.0,0.0,29.0,0.0,30.0,0.0,30.0,0.0,18.0,17.0,0.0,0.0,0.0,0.0,0.0,0.0,battery2_v
2020-09-04T11:00:00Z,30.0,30.0,,,,,27.967,718.0,,,,12.185,12.904,,,,7097.0,7097.0,7097.0,,81.233,84.367,,,,0.033,,,,,,,,,,7853.0,7882.0,0.0,0.0,2.0,0.0,30.0,0.0,30.0,0.0,24.0,25.0,0.0,0.0,0.0,0.0,0.0,0.0,battery2_v
2020-09-04T12:00:00Z,30.0,30.0,,,,,769.067,905.0,,,,12.237,12.639,,,,7097.0,7097.0,7097.0,,-3.2,1.433,,,,0.0,,,,,,,,,,7883.0,7912.0,0.0,0.0,28.0,0.0,30.0,0.0,30.0,0.0,2.0,1.0,0.0,0.0,0.0,0.0,0.0,0.0,battery2_v
2020-09-04T13:00:00Z,30.0,30.0,,,,,918.6,964.0,,,,12.218,12.251,,,,7097.0,7097.0,7097.0,,-8.533,-1.533,,,,0.0,,,,,,,,,,7913.0,7942.0,0.0,0.0,30.0,0.0,30.0,0.0,30.0,0.0,0.0,0.0,0.0,0.0,0.0,0.0,0.0,0.0,battery2_v
2020-09-04T14:00:00Z,30.0,30.0,,,,,968.033,987.0,,,,12.204,12.233,,,,7097.0,7097.0,7097.0,,-9.8,-11.4,,,,0.0,,,,,,,,,,7943.0,7972.0,0.0,0.0,30.0,0.0,30.0,0.0,30.0,0.0,0.0,0.0,0.0,0.0,0.0,0.0,0.0,0.0,battery2_v
2020-09-04T15:00:00Z,30.0,30.0,,,,,993.9,1010.0,,,,12.195,12.218,,,,7097.0,7097.0,7097.0,,-9.267,-5.0,,,,0.0,,,,,,,,,,7973.0,8002.0,0.0,0.0,30.0,0.0,30.0,0.0,30.0,0.0,0.0,0.0,0.0,0.0,0.0,0.0,0.0,0.0,battery2_v
2020-09-04T16:00:00Z,30.0,30.0,,,,,1015.767,1034.0,,,,12.19,12.204,,,,7097.0,7097.0,7097.0,,-9.033,-2.133,,,,0.0,,,,,,,,,,8003.0,8032.0,0.0,0.0,30.0,0.0,30.0,0.0,30.0,0.0,0.0,0.0,0.0,0.0,0.0,0.0,0.0,0.0,battery2_v
2020-09-04T17:00:00Z,31.0,31.0,,,,,1034.839,1057.0,,,,12.181,12.199,,,,7097.0,7097.0,7097.0,,-8.742,4.581,,,,0.0,,,,,,,,,,8033.0,8063.0,0.0,0.0,31.0,0.0,31.0,0.0,31.0,0.0,0.0,0.0,0.0,0.0,0.0,0.0,0.0,0.0,battery2_v
2020-09-04T18:00:00Z,30.0,30.0,,,,,1054.3,1081.0,,,,12.176,12.195,,,,7097.0,7097.0,7097.0,,-8.333,7.7,,,,0.0,,,,,,,,,,8064.0,8093.0,0.0,0.0,30.0,0.0,30.0,0.0,30.0,0.0,0.0,0.0,0.0,0.0,0.0,0.0,0.0,0.0,battery2_v
2020-09-04T19:00:00Z,30.0,30.0,,,,,1067.4,1081.0,,,,12.171,12.185,,,,7097.0,7097.0,7097.0,,-8.2,11.467,,,,0.0,,,,,,,,,,8094.0,8123.0,0.0,0.0,30.0,0.0,30.0,0.0,30.0,0.0,0.0,0.0,0.0,0.0,0.0,0.0,0.0,0.0,battery2_v
2020-09-04T20:00:00Z,30.0,30.0,,,,,1081.1,1092.0,,,,12.166,12.181,,,,7097.0,7097.0,7097.0,,-7.767,14.833,,,,0.0,,,,,,,,,,8124.0,8153.0,0.0,0.0,30.0,0.0,30.0,0.0,30.0,0.0,0.0,0.0,0.0,0.0,0.0,0.0,0.0,0.0,battery2_v
2020-09-04T21:00:00Z,30.0,30.0,,,,,1099.267,1116.0,,,,12.157,12.171,,,,7097.0,7097.0,7097.0,,-7.567,17.9,,,,0.0,,,,,,,,,,8154.0,8183.0,0.0,0.0,30.0,0.0,30.0,0.0,30.0,0.0,0.0,0.0,0.0,0.0,0.0,0.0,0.0,0.0,battery2_v
2020-09-04T22:00:00Z,29.0,29.0,,,,,2268.724,7656.0,,,,12.152,12.171,,,,7097.0,7097.0,7097.0,,-7.172,23.931,,,,0.0,,,,,,,,,,8184.0,8212.0,0.0,0.0,29.0,0.0,29.0,0.0,29.0,0.0,0.0,0.0,0.0,0.0,0.0,0.0,0.0,0.0,battery2_v
2020-09-05T00:00:00Z,25.0,25.0,,,,,14061.44,21123.0,,,,12.195,12.322,,,,7097.0,7097.0,7097.0,,32.16,60.24,,,,0.0,,,,,,,,,,8249.0,8273.0,0.0,0.0,25.0,0.0,25.0,0.0,25.0,0.0,3.0,15.0,0.0,0.0,0.0,0.0,0.0,0.0,battery2_v
2020-09-05T01:00:00Z,30.0,30.0,,,,,14499.233,21333.0,,,,12.214,12.564,,,,7097.0,7097.0,7097.0,,67.8,96.767,,,,0.0,,,,,,,,,,8274.0,8303.0,0.0,0.0,30.0,0.0,30.0,0.0,30.0,0.0,21.0,22.0,0.0,0.0,0.0,0.0,0.0,0.0,battery2_v
2020-09-05T02:00:00Z,30.0,30.0,,,,,13257.133,13576.0,,,,12.304,12.696,,,,7097.0,7097.0,7097.0,,104.467,125.7,,,,0.0,,,,,,,,,,8304.0,8333.0,0.0,0.0,30.0,0.0,30.0,0.0,30.0,0.0,23.0,25.0,0.0,0.0,0.0,0.0,0.0,0.0,battery2_v
2020-09-05T03:00:00Z,30.0,30.0,,,,,14066.433,20737.0,,,,12.337,12.791,,,,7097.0,7097.0,7097.0,,118.167,122.833,,,,0.0,,,,,,,,,,8334.0,8363.0,0.0,0.0,30.0,0.0,30.0,0.0,30.0,0.0,23.0,24.0,0.0,0.0,0.0,0.0,0.0,0.0,battery2_v
2020-09-05T04:00:00Z,30.0,30.0,,,,,13395.6,14032.0,,,,11.949,12.819,,,,7097.0,7097.0,7097.0,,58.4,-32.233,,,,0.5,,,,,,,,,,8364.0,8393.0,0.0,0.0,30.0,0.0,30.0,0.0,30.0,0.0,15.0,26.0,0.0,0.0,0.0,0.0,0.0,0.0,battery2_v
2020-09-05T05:00:00Z,30.0,30.0,,,,,13481.833,13822.0,,,,12.185,12.829,,,,7097.0,7097.0,7097.0,,42.4,-92.9,,,,0.633,,,,,,,,,,8394.0,8423.0,0.0,0.0,30.0,0.0,30.0,0.0,30.0,0.0,10.0,30.0,0.0,0.0,0.0,0.0,0.0,0.0,battery2_v
2020-09-05T06:00:00Z,30.0,30.0,,,,,13426.8,19789.0,,,,12.195,13.07,,,,7097.0,7097.0,7097.0,,117.733,67.933,,,,0.2,,,,,,,,,,8424.0,8453.0,0.0,0.0,30.0,0.0,30.0,0.0,30.0,0.0,26.0,29.0,0.0,0.0,0.0,0.0,0.0,0.0,battery2_v
2020-09-05T07:00:00Z,30.0,30.0,,,,,14587.033,20795.0,,,,12.039,13.16,,,,7097.0,7097.0,7097.0,,66.367,-39.333,,,,0.367,,,,,,,,,,8454.0,8483.0,0.0,0.0,30.0,0.0,30.0,0.0,30.0,0.0,23.0,27.0,0.0,0.0,0.0,0.0,0.0,0.0,battery2_v
2020-09-05T08:00:00Z,30.0,30.0,,,,,8968.333,13880.0,,,,12.119,12.99,,,,7097.0,7097.0,7097.0,,47.967,-57.0,,,,0.367,,,,,,,,,,8484.0,8513.0,0.0,0.0,30.0,0.0,30.0,0.0,30.0,0.0,18.0,21.0,0.0,0.0,0.0,0.0,0.0,0.0,battery2_v
2020-09-05T09:00:00Z,30.0,30.0,,,,,2478.267,3573.0,,,,12.285,12.715,,,,7097.0,7097.0,7097.0,,24.933,-0.5,,,,0.0,,,,,,,,,,8514.0,8543.0,0.0,0.0,30.0,0.0,30.0,0.0,30.0,0.0,9.0,5.0,0.0,0.0,0.0,0.0,0.0,0.0,battery2_v
2020-09-05T10:00:00Z,30.0,30.0,,,,,2617.467,3350.0,,,,12.237,12.28,,,,7097.0,7097.0,7097.0,,-10.533,-33.667,,,,0.0,,,,,,,,,,8544.0,8573.0,0.0,0.0,30.0,0.0,30.0,0.0,30.0,0.0,0.0,0.0,0.0,0.0,0.0,0.0,0.0,0.0,battery2_v
2020-09-05T11:00:00Z,30.0,30.0,,,,,1011.467,1712.0,,,,12.223,12.242,,,,7097.0,7097.0,7097.0,,-10.9,-36.6,,,,0.0,,,,,,,,,,8574.0,8603.0,0.0,0.0,30.0,0.0,30.0,0.0,30.0,0.0,0.0,0.0,0.0,0.0,0.0,0.0,0.0,0.0,battery2_v
2020-09-05T12:00:00Z,30.0,30.0,,,,,955.767,987.0,,,,12.199,12.228,,,,7097.0,7097.0,7097.0,,-11.3,-38.967,,,,0.0,,,,,,,,,,8604.0,8633.0,0.0,0.0,30.0,0.0,30.0,0.0,30.0,0.0,0.0,7.0,0.0,0.0,0.0,0.0,0.0,0.0,battery2_v
2020-09-05T13:00:00Z,30.0,30.0,,,,,983.833,999.0,,,,12.199,12.214,,,,7097.0,7097.0,7097.0,,-12.1,-43.567,,,,0.0,,,,,,,,,,8634.0,8663.0,0.0,0.0,30.0,0.0,30.0,0.0,30.0,0.0,0.0,9.0,0.0,0.0,0.0,0.0,0.0,0.0,battery2_v
2020-09-05T14:00:00Z,30.0,30.0,,,,,1004.1,1022.0,,,,12.19,12.209,,,,7097.0,7097.0,7097.0,,-11.633,-39.067,,,,0.0,,,,,,,,,,8664.0,8693.0,0.0,0.0,30.0,0.0,30.0,0.0,30.0,0.0,0.0,2.0,0.0,0.0,0.0,0.0,0.0,0.0,battery2_v
2020-09-05T15:00:00Z,30.0,30.0,,,,,1023.633,1057.0,,,,12.181,12.199,,,,7097.0,7097.0,7097.0,,-11.7,-34.467,,,,0.0,,,,,,,,,,8694.0,8723.0,0.0,0.0,30.0,0.0,30.0,0.0,30.0,0.0,0.0,0.0,0.0,0.0,0.0,0.0,0.0,0.0,battery2_v
2020-09-05T16:00:00Z,31.0,31.0,,,,,1037.871,1057.0,,,,12.181,12.195,,,,7097.0,7097.0,7097.0,,-10.968,-28.194,,,,0.0,,,,,,,,,,8724.0,8754.0,0.0,0.0,31.0,0.0,31.0,0.0,31.0,0.0,0.0,0.0,0.0,0.0,0.0,0.0,0.0,0.0,battery2_v
2020-09-05T17:00:00Z,30.0,30.0,,,,,1050.3,1069.0,,,,12.176,12.19,,,,7097.0,7097.0,7097.0,,-10.033,-14.067,,,,0.0,,,,,,,,,,8755.0,8784.0,0.0,0.0,30.0,0.0,30.0,0.0,30.0,0.0,0.0,0.0,0.0,0.0,0.0,0.0,0.0,0.0,battery2_v
2020-09-05T18:00:00Z,30.0,30.0,,,,,1068.133,1092.0,,,,12.171,12.185,,,,7097.0,7097.0,7097.0,,-9.733,-8.667,,,,0.0,,,,,,,,,,8785.0,8814.0,0.0,0.0,30.0,0.0,30.0,0.0,30.0,0.0,0.0,0.0,0.0,0.0,0.0,0.0,0.0,0.0,battery2_v
2020-09-05T19:00:00Z,29.0,29.0,,,,,1089.069,1116.0,,,,12.162,12.181,,,,7097.0,7097.0,7097.0,,-9.414,-4.862,,,,0.0,,,,,,,,,,8815.0,8844.0,0.0,0.0,29.0,0.0,29.0,0.0,29.0,0.0,0.0,0.0,0.0,0.0,0.0,0.0,0.0,0.0,battery2_v
2020-09-05T20:00:00Z,30.0,30.0,,,,,1108.367,1127.0,,,,12.157,12.171,,,,7097.0,7097.0,7097.0,,-9.267,-2.9,,,,0.0,,,,,,,,,,8845.0,8874.0,0.0,0.0,30.0,0.0,30.0,0.0,30.0,0.0,0.0,0.0,0.0,0.0,0.0,0.0,0.0,0.0,battery2_v
2020-09-05T21:00:00Z,30.0,30.0,,,,,1121.033,1127.0,,,,12.147,12.166,,,,7097.0,7097.0,7097.0,,-9.0,1.3,,,,0.0,,,,,,,,,,8875.0,8904.0,0.0,0.0,30.0,0.0,30.0,0.0,30.0,0.0,0.0,0.0,0.0,0.0,0.0,0.0,0.0,0.0,battery2_v
2020-09-05T22:00:00Z,30.0,30.0,,,,,2541.367,11341.0,,,,12.147,12.162,,,,7097.0,7097.0,7097.0,,-8.467,5.933,,,,0.0,,,,,,,,,,8905.0,8934.0,0.0,0.0,30.0,0.0,30.0,0.0,30.0,0.0,0.0,0.0,0.0,0.0,0.0,0.0,0.0,0.0,battery2_v
2020-09-05T23:00:00Z,30.0,30.0,,,,,7652.067,15635.0,,,,12.143,12.176,,,,7097.0,7097.0,7097.0,,-6.321,8.733,,,,0.0,,,,,,,,,,8935.0,8964.0,0.0,0.0,30.0,0.0,30.0,0.0,30.0,0.0,0.0,0.0,0.0,0.0,0.0,0.0,0.0,0.0,battery2_v
2020-09-06T00:00:00Z,30.0,30.0,,,,,13764.133,16489.0,,,,12.147,12.341,,,,7097.0,7097.0,7097.0,,27.433,36.7,,,,0.0,,,,,,,,,,8965.0,8994.0,0.0,0.0,30.0,0.0,30.0,0.0,30.0,0.0,7.0,11.0,0.0,0.0,0.0,0.0,0.0,0.0,battery2_v
2020-09-06T01:00:00Z,30.0,30.0,,,,,13601.933,13740.0,,,,12.176,12.497,,,,7097.0,7097.0,7097.0,,47.0,62.133,,,,0.0,,,,,,,,,,8995.0,9024.0,0.0,0.0,30.0,0.0,30.0,0.0,30.0,0.0,13.0,14.0,0.0,0.0,0.0,0.0,0.0,0.0,battery2_v
2020-09-06T02:00:00Z,30.0,30.0,,,,,13300.067,13670.0,,,,12.228,12.677,,,,7097.0,7097.0,7097.0,,106.533,116.833,,,,0.0,,,,,,,,,,9025.0,9054.0,0.0,0.0,30.0,0.0,30.0,0.0,30.0,0.0,24.0,24.0,0.0,0.0,0.0,0.0,0.0,0.0,battery2_v
2020-09-06T03:00:00Z,30.0,30.0,,,,,14911.5,21836.0,,,,12.261,12.838,,,,7097.0,7097.0,7097.0,,105.167,92.033,,,,0.1,,,,,,,,,,9055.0,9084.0,0.0,0.0,30.0,0.0,30.0,0.0,30.0,0.0,21.0,23.0,0.0,0.0,0.0,0.0,0.0,0.0,battery2_v
2020-09-06T04:00:00Z,30.0,30.0,,,,,13509.867,13798.0,,,,12.171,12.99,,,,7097.0,7097.0,7097.0,,38.7,-76.833,,,,0.6,,,,,,,,,,9085.0,9114.0,0.0,0.0,30.0,0.0,30.0,0.0,30.0,0.0,9.0,28.0,0.0,0.0,0.0,0.0,0.0,0.0,battery2_v
2020-09-06T05:00:00Z,30.0,30.0,,,,,13137.733,13834.0,,,,12.147,13.165,,,,7097.0,7097.0,7097.0,,121.033,62.233,,,,0.267,,,,,,,,,,9115.0,9144.0,0.0,0.0,30.0,0.0,30.0,0.0,30.0,0.0,26.0,30.0,0.0,0.0,0.0,0.0,0.0,0.0,battery2_v
2020-09-06T06:00:00Z,30.0,30.0,,,,,14557.367,21134.0,,,,12.195,12.786,,,,7097.0,7097.0,7097.0,,83.7,31.5,,,,0.133,,,,,,,,,,9145.0,9174.0,0.0,0.0,30.0,0.0,30.0,0.0,30.0,0.0,19.0,23.0,0.0,0.0,0.0,0.0,0.0,0.0,battery2_v
2020-09-06T07:00:00Z,30.0,30.0,,,,,13254.733,13798.0,,,,12.152,13.084,,,,7097.0,7097.0,7097.0,,74.241,2.5,,,,0.2,,,,,,,,,,9175.0,9204.0,0.0,0.0,30.0,0.0,30.0,0.0,30.0,0.0,22.0,23.0,0.0,0.0,0.0,0.0,0.0,0.0,battery2_v
2020-09-06T08:00:00Z,30.0,30.0,,,,,13271.167,13939.0,,,,12.024,13.188,,,,7097.0,7097.0,7097.0,,59.8,-20.367,,,,0.167,,,,,,,,,,9205.0,9234.0,0.0,0.0,30.0,0.0,30.0,0.0,30.0,0.0,25.0,15.0,0.0,0.0,0.0,0.0,0.0,0.0,battery2_v
2020-09-06T09:00:00Z,30.0,30.0,,,,,7401.233,13646.0,,,,12.072,13.273,,,,7097.0,7097.0,7097.0,,54.133,-48.033,,,,0.4,,,,,,,,,,9235.0,9264.0,0.0,0.0,30.0,0.0,30.0,0.0,30.0,0.0,14.0,23.0,0.0,0.0,0.0,0.0,0.0,0.0,battery2_v
2020-09-06T10:00:00Z,30.0,30.0,,,,,2664.0,5644.0,,,,12.119,12.956,,,,7097.0,7097.0,7097.0,,27.767,-15.333,,,,0.133,,,,,,,,,,9265.0,9294.0,0.0,0.0,30.0,0.0,30.0,0.0,30.0,0.0,15.0,12.0,0.0,0.0,0.0,0.0,0.0,0.0,battery2_v
2020-09-06T11:00:00Z,30.0,30.0,,,,,895.367,1315.0,,,,12.247,12.28,,,,7097.0,7097.0,7097.0,,-10.9,-37.167,,,,0.0,,,,,,,,,,9295.0,9324.0,0.0,0.0,30.0,0.0,30.0,0.0,30.0,0.0,0.0,1.0,0.0,0.0,0.0,0.0,0.0,0.0,battery2_v
2020-09-06T12:00:00Z,31.0,31.0,,,,,900.548,940.0,,,,12.223,12.251,,,,7097.0,7097.0,7097.0,,-10.968,-36.548,,,,0.0,,,,,,,,,,9325.0,9355.0,0.0,0.0,31.0,0.0,31.0,0.0,31.0,0.0,0.0,0.0,0.0,0.0,0.0,0.0,0.0,0.0,battery2_v
2020-09-06T13:00:00Z,30.0,30.0,,,,,945.633,975.0,,,,12.204,12.233,,,,7097.0,7097.0,7097.0,,-11.7,-44.5,,,,0.0,,,,,,,,,,9356.0,9385.0,0.0,0.0,30.0,0.0,30.0,0.0,30.0,0.0,0.0,13.0,0.0,0.0,0.0,0.0,0.0,0.0,battery2_v
2020-09-06T14:00:00Z,30.0,30.0,,,,,974.867,999.0,,,,12.204,12.218,,,,7097.0,7097.0,7097.0,,-12.067,-47.5,,,,0.0,,,,,,,,,,9386.0,9415.0,0.0,0.0,30.0,0.0,30.0,0.0,30.0,0.0,0.0,15.0,0.0,0.0,0.0,0.0,0.0,0.0,battery2_v
2020-09-06T15:00:00Z,30.0,30.0,,,,,991.233,1010.0,,,,12.199,12.214,,,,7097.0,7097.0,7097.0,,-11.4,-37.367,,,,0.0,,,,,,,,,,9416.0,9445.0,0.0,0.0,30.0,0.0,30.0,0.0,30.0,0.0,0.0,0.0,0.0,0.0,0.0,0.0,0.0,0.0,battery2_v
2020-09-06T16:00:00Z,30.0,30.0,,,,,1009.233,1034.0,,,,12.19,12.209,,,,7097.0,7097.0,7097.0,,-11.067,-31.233,,,,0.0,,,,,,,,,,9446.0,9475.0,0.0,0.0,30.0,0.0,30.0,0.0,30.0,0.0,0.0,0.0,0.0,0.0,0.0,0.0,0.0,0.0,battery2_v
2020-09-06T17:00:00Z,30.0,30.0,,,,,898.033,1034.0,,,,12.19,12.516,,,,7097.0,7097.0,7097.0,,-1.367,-9.9,,,,0.0,,,,,,,,,,9476.0,9505.0,0.0,0.0,28.0,0.0,30.0,0.0,30.0,0.0,2.0,2.0,0.0,0.0,0.0,0.0,0.0,0.0,battery2_v
2020-09-06T18:00:00Z,30.0,30.0,,,,,1037.967,1057.0,,,,12.181,12.199,,,,7097.0,7097.0,7097.0,,-9.733,-11.067,,,,0.0,,,,,,,,,,9506.0,9535.0,0.0,0.0,30.0,0.0,30.0,0.0,30.0,0.0,0.0,0.0,0.0,0.0,0.0,0.0,0.0,0.0,battery2_v
2020-09-06T19:00:00Z,30.0,30.0,,,,,1052.233,1069.0,,,,12.176,12.19,,,,7097.0,7097.0,7097.0,,-9.667,-8.667,,,,0.0,,,,,,,,,,9536.0,9565.0,0.0,0.0,30.0,0.0,30.0,0.0,30.0,0.0,0.0,0.0,0.0,0.0,0.0,0.0,0.0,0.0,battery2_v
2020-09-06T20:00:00Z,30.0,30.0,,,,,1065.767,1092.0,,,,12.176,12.19,,,,7097.0,7097.0,7097.0,,-9.0,-0.267,,,,0.0,,,,,,,,,,9566.0,9595.0,0.0,0.0,30.0,0.0,30.0,0.0,30.0,0.0,0.0,0.0,0.0,0.0,0.0,0.0,0.0,0.0,battery2_v
2020-09-06T21:00:00Z,29.0,29.0,,,,,1077.172,1104.0,,,,12.162,12.185,,,,7097.0,7097.0,7097.0,,-8.828,3.241,,,,0.0,,,,,,,,,,9596.0,9625.0,0.0,0.0,29.0,0.0,29.0,0.0,29.0,0.0,0.0,0.0,0.0,0.0,0.0,0.0,0.0,0.0,battery2_v
2020-09-06T22:00:00Z,30.0,30.0,,,,,2976.7,11482.0,,,,12.166,12.176,,,,7097.0,7097.0,7097.0,,-8.4,6.167,,,,0.0,,,,,,,,,,9626.0,9655.0,0.0,0.0,30.0,0.0,30.0,0.0,30.0,0.0,0.0,0.0,0.0,0.0,0.0,0.0,0.0,0.0,battery2_v
2020-09-06T23:00:00Z,30.0,30.0,,,,,7481.667,15015.0,,,,12.157,12.195,,,,7097.0,7097.0,7097.0,,-5.655,11.333,,,,0.0,,,,,,,,,,9656.0,9685.0,0.0,0.0,30.0,0.0,30.0,0.0,30.0,0.0,0.0,0.0,0.0,0.0,0.0,0.0,0.0,0.0,battery2_v
2020-09-07T00:00:00Z,30.0,30.0,,,,,14782.4,21450.0,,,,12.195,12.322,,,,7097.0,7097.0,7097.0,,24.433,37.533,,,,0.0,,,,,,,,,,9686.0,9715.0,0.0,0.0,30.0,0.0,30.0,0.0,30.0,0.0,2.0,7.0,0.0,0.0,0.0,0.0,0.0,0.0,battery2_v
2020-09-07T01:00:00Z,21.0,21.0,,,,,13702.714,18139.0,,,,12.261,12.493,,,,7097.0,7097.0,7097.0,,71.714,88.048,,,,0.0,,,,,,,,,,9716.0,9744.0,0.0,0.0,21.0,0.0,21.0,0.0,21.0,0.0,20.0,20.0,0.0,0.0,0.0,0.0,0.0,0.0,battery2_v
2020-09-07T02:00:00Z,19.0,19.0,,,,,13201.211,13354.0,,,,12.497,12.691,,,,7097.0,7097.0,7097.0,,115.053,125.737,,,,0.0,,,,,,,,,,9747.0,9772.0,0.0,0.0,19.0,0.0,19.0,0.0,19.0,0.0,19.0,18.0,0.0,0.0,0.0,0.0,0.0,0.0,battery2_v
2020-09-07T03:00:00Z,22.0,22.0,,,,,13462.364,21099.0,,,,12.266,12.857,,,,7097.0,7097.0,7097.0,,127.409,119.682,,,,0.136,,,,,,,,,,9773.0,9801.0,0.0,0.0,22.0,0.0,22.0,0.0,22.0,0.0,19.0,22.0,0.0,0.0,0.0,0.0,0.0,0.0,battery2_v
2020-09-07T04:00:00Z,20.0,20.0,,,,,13745.85,20023.0,,,,11.93,12.848,,,,7097.0,7097.0,7097.0,,46.7,-71.55,,,,0.5,,,,,,,,,,9802.0,9830.0,0.0,0.0,20.0,0.0,20.0,0.0,20.0,0.0,10.0,19.0,0.0,0.0,0.0,0.0,0.0,0.0,battery2_v
2020-09-07T05:00:00Z,23.0,23.0,,,,,13568.087,14056.0,,,,11.92,12.81,,,,7097.0,7097.0,7097.0,,12.87,-138.391,,,,0.739,,,,,,,,,,9831.0,9858.0,0.0,0.0,23.0,0.0,23.0,0.0,23.0,0.0,5.0,21.0,0.0,0.0,0.0,0.0,0.0,0.0,battery2_v
2020-09-07T06:00:00Z,20.0,20.0,,,,,13789.75,22164.0,,,,11.911,12.862,,,,7097.0,7097.0,7097.0,,49.55,-12.3,,,,0.2,,,,,,,,,,9860.0,9887.0,0.0,0.0,20.0,0.0,20.0,0.0,20.0,0.0,12.0,12.0,0.0,0.0,0.0,0.0,0.0,0.0,battery2_v
2020-09-07T07:00:00Z,22.0,22.0,,,,,13095.364,13752.0,,,,12.195,14.508,,,,7097.0,7097.0,7097.0,,122.045,55.864,,,,0.273,,,,,,,,,,9889.0,9918.0,0.0,0.0,22.0,0.0,22.0,0.0,22.0,0.0,22.0,22.0,0.0,0.0,0.0,0.0,0.0,0.0,battery2_v
2020-09-07T08:00:00Z,27.0,27.0,,,,,13145.815,13915.0,,,,12.043,13.813,,,,7097.0,7097.0,7097.0,,106.615,-21.074,,,,0.481,,,,,,,,,,9920.0,9947.0,0.0,0.0,27.0,0.0,27.0,0.0,27.0,0.0,21.0,20.0,0.0,0.0,0.0,0.0,0.0,0.0,battery2_v
2020-09-07T09:00:00Z,30.0,30.0,,,,,9717.533,13904.0,,,,12.062,12.947,,,,7097.0,7097.0,7097.0,,36.633,-38.9,,,,0.333,,,,,,,,,,9948.0,9977.0,0.0,0.0,30.0,0.0,30.0,0.0,30.0,0.0,16.0,19.0,0.0,0.0,0.0,0.0,0.0,0.0,battery2_v
2020-09-07T10:00:00Z,30.0,30.0,,,,,2704.1,3970.0,,,,12.28,12.677,,,,7097.0,7097.0,7097.0,,27.733,25.167,,,,0.0,,,,,,,,,,9978.0,10007.0,0.0,0.0,30.0,0.0,30.0,0.0,30.0,0.0,7.0,8.0,0.0,0.0,0.0,0.0,0.0,0.0,battery2_v
2020-09-07T11:00:00Z,30.0,30.0,,,,,949.167,1829.0,,,,12.251,12.28,,,,7097.0,7097.0,7097.0,,-9.933,-22.2,,,,0.0,,,,,,,,,,10008.0,10037.0,0.0,0.0,30.0,0.0,30.0,0.0,30.0,0.0,0.0,0.0,0.0,0.0,0.0,0.0,0.0,0.0,battery2_v
2020-09-07T12:00:00Z,30.0,30.0,,,,,880.833,928.0,,,,12.237,12.256,,,,7097.0,7097.0,7097.0,,-9.9,-19.4,,,,0.0,,,,,,,,,,10038.0,10067.0,0.0,0.0,30.0,0.0,30.0,0.0,30.0,0.0,0.0,0.0,0.0,0.0,0.0,0.0,0.0,0.0,battery2_v
2020-09-07T13:00:00Z,29.0,29.0,,,,,923.552,964.0,,,,12.218,12.242,,,,7097.0,7097.0,7097.0,,-10.31,-23.724,,,,0.0,,,,,,,,,,10068.0,10097.0,0.0,0.0,29.0,0.0,29.0,0.0,29.0,0.0,0.0,0.0,0.0,0.0,0.0,0.0,0.0,0.0,battery2_v
2020-09-07T14:00:00Z,29.0,29.0,,,,,957.241,987.0,,,,12.209,12.228,,,,7097.0,7097.0,7097.0,,-11.103,-32.241,,,,0.0,,,,,,,,,,10098.0,10127.0,0.0,0.0,29.0,0.0,29.0,0.0,29.0,0.0,0.0,0.0,0.0,0.0,0.0,0.0,0.0,0.0,battery2_v
2020-09-07T15:00:00Z,29.0,29.0,,,,,977.655,999.0,,,,12.204,12.218,,,,7097.0,7097.0,7097.0,,-10.69,-24.207,,,,0.0,,,,,,,,,,10128.0,10157.0,0.0,0.0,29.0,0.0,29.0,0.0,29.0,0.0,0.0,0.0,0.0,0.0,0.0,0.0,0.0,0.0,battery2_v
2020-09-07T16:00:00Z,30.0,30.0,,,,,994.433,1010.0,,,,12.195,12.218,,,,7097.0,7097.0,7097.0,,-10.333,-18.767,,,,0.0,,,,,,,,,,10158.0,10187.0,0.0,0.0,30.0,0.0,30.0,0.0,30.0,0.0,0.0,0.0,0.0,0.0,0.0,0.0,0.0,0.0,battery2_v
2020-09-07T17:00:00Z,30.0,30.0,,,,,1006.833,1034.0,,,,12.19,12.209,,,,7097.0,7097.0,7097.0,,-9.7,-9.8,,,,0.0,,,,,,,,,,10188.0,10217.0,0.0,0.0,30.0,0.0,30.0,0.0,30.0,0.0,0.0,0.0,0.0,0.0,0.0,0.0,0.0,0.0,battery2_v
2020-09-07T18:00:00Z,31.0,31.0,,,,,1021.194,1045.0,,,,12.185,12.204,,,,7097.0,7097.0,7097.0,,-9.258,-2.968,,,,0.0,,,,,,,,,,10218.0,10248.0,0.0,0.0,31.0,0.0,31.0,0.0,31.0,0.0,0.0,0.0,0.0,0.0,0.0,0.0,0.0,0.0,battery2_v
2020-09-07T19:00:00Z,30.0,30.0,,,,,1039.567,1057.0,,,,12.181,12.199,,,,7097.0,7097.0,7097.0,,-9.0,0.033,,,,0.0,,,,,,,,,,10249.0,10278.0,0.0,0.0,30.0,0.0,30.0,0.0,30.0,0.0,0.0,0.0,0.0,0.0,0.0,0.0,0.0,0.0,battery2_v
2020-09-07T20:00:00Z,30.0,30.0,,,,,1052.633,1069.0,,,,12.181,12.195,,,,7097.0,7097.0,7097.0,,-8.867,1.433,,,,0.0,,,,,,,,,,10279.0,10308.0,0.0,0.0,30.0,0.0,30.0,0.0,30.0,0.0,0.0,0.0,0.0,0.0,0.0,0.0,0.0,0.0,battery2_v
2020-09-07T21:00:00Z,29.0,29.0,,,,,1068.517,1092.0,,,,12.176,12.185,,,,7097.0,7097.0,7097.0,,-8.586,5.69,,,,0.0,,,,,,,,,,10309.0,10338.0,0.0,0.0,29.0,0.0,29.0,0.0,29.0,0.0,0.0,0.0,0.0,0.0,0.0,0.0,0.0,0.0,battery2_v
2020-09-07T22:00:00Z,30.0,30.0,,,,,2554.867,9037.0,,,,12.166,12.181,,,,7097.0,7097.0,7097.0,,-8.267,10.167,,,,0.0,,,,,,,,,,10339.0,10368.0,0.0,0.0,30.0,0.0,30.0,0.0,30.0,0.0,0.0,0.0,0.0,0.0,0.0,0.0,0.0,0.0,battery2_v
2020-09-07T23:00:00Z,30.0,30.0,,,,,8299.933,15858.0,,,,12.162,12.218,,,,7097.0,7097.0,7097.0,,-4.233,18.2,,,,0.0,,,,,,,,,,10369.0,10398.0,0.0,0.0,30.0,0.0,30.0,0.0,30.0,0.0,0.0,0.0,0.0,0.0,0.0,0.0,0.0,0.0,battery2_v
2020-09-08T00:00:00Z,30.0,30.0,,,,,14529.367,21544.0,,,,12.166,12.332,,,,7097.0,7097.0,7097.0,,23.2,41.733,,,,0.0,,,,,,,,,,10399.0,10428.0,0.0,0.0,30.0,0.0,30.0,0.0,30.0,0.0,3.0,13.0,0.0,0.0,0.0,0.0,0.0,0.0,battery2_v
2020-09-08T01:00:00Z,21.0,21.0,,,,,13498.143,13564.0,,,,12.322,12.493,,,,7097.0,7097.0,7097.0,,69.286,91.238,,,,0.0,,,,,,,,,,10429.0,10457.0,0.0,0.0,21.0,0.0,21.0,0.0,21.0,0.0,20.0,21.0,0.0,0.0,0.0,0.0,0.0,0.0,battery2_v
2020-09-08T02:00:00Z,25.0,25.0,,,,,14678.8,21567.0,,,,12.294,12.602,,,,7097.0,7097.0,7097.0,,71.68,85.48,,,,0.0,,,,,,,,,,10458.0,10486.0,0.0,0.0,25.0,0.0,25.0,0.0,25.0,0.0,17.0,18.0,0.0,0.0,0.0,0.0,0.0,0.0,battery2_v
2020-09-08T03:00:00Z,10.0,10.0,,,,,13336.5,13494.0,,,,12.403,12.635,,,,7097.0,7097.0,7097.0,,76.9,80.0,,,,0.0,,,,,,,,,,10487.0,10514.0,0.0,0.0,10.0,0.0,10.0,0.0,10.0,0.0,7.0,7.0,0.0,0.0,0.0,0.0,0.0,0.0,battery2_v
2020-09-08T04:00:00Z,22.0,22.0,,,,,13417.273,13529.0,,,,12.351,12.568,,,,7097.0,7097.0,7097.0,,49.909,41.273,,,,0.0,,,,,,,,,,10516.0,10543.0,0.0,0.0,22.0,0.0,22.0,0.0,22.0,0.0,8.0,7.0,0.0,0.0,0.0,0.0,0.0,0.0,battery2_v
2020-09-08T05:00:00Z,9.0,9.0,,,,,14262.556,21333.0,,,,12.37,12.597,,,,7097.0,7097.0,7097.0,,50.778,38.889,,,,0.0,,,,,,,,,,10544.0,10554.0,0.0,0.0,9.0,0.0,9.0,0.0,9.0,0.0,5.0,2.0,0.0,0.0,0.0,0.0,0.0,0.0,battery2_v
2020-09-08T06:00:00Z,8.0,8.0,,,,,15045.875,21064.0,,,,12.389,12.72,,,,7097.0,7097.0,7097.0,,103.125,84.25,,,,0.0,,,,,,,,,,10580.0,10597.0,0.0,0.0,8.0,0.0,8.0,0.0,8.0,0.0,7.0,6.0,0.0,0.0,0.0,0.0,0.0,0.0,battery2_v
2020-09-08T07:00:00Z,12.0,12.0,,,,,13396.75,13459.0,,,,12.427,12.649,,,,7097.0,7097.0,7097.0,,44.917,2.75,,,,0.0,,,,,,,,,,10600.0,10626.0,0.0,0.0,12.0,0.0,12.0,0.0,12.0,0.0,1.0,1.0,0.0,0.0,0.0,0.0,0.0,0.0,battery2_v
2020-09-08T08:00:00Z,30.0,30.0,,,,,13441.6,13518.0,,,,12.379,12.488,,,,7097.0,7097.0,7097.0,,36.067,-6.1,,,,0.0,,,,,,,,,,10627.0,10656.0,0.0,0.0,30.0,0.0,30.0,0.0,30.0,0.0,2.0,0.0,0.0,0.0,0.0,0.0,0.0,0.0,battery2_v
2020-09-08T09:00:00Z,30.0,30.0,,,,,9596.167,15121.0,,,,12.247,12.374,,,,7097.0,7097.0,7097.0,,-5.414,-48.067,,,,0.0,,,,,,,,,,10657.0,10686.0,0.0,0.0,30.0,0.0,30.0,0.0,30.0,0.0,0.0,17.0,0.0,0.0,0.0,0.0,0.0,0.0,battery2_v
2020-09-08T10:00:00Z,31.0,31.0,,,,,2528.032,4158.0,,,,12.242,12.578,,,,7097.0,7097.0,7097.0,,17.871,-8.161,,,,0.0,,,,,,,,,,10687.0,10717.0,0.0,0.0,31.0,0.0,31.0,0.0,31.0,0.0,7.0,14.0,0.0,0.0,0.0,0.0,0.0,0.0,battery2_v
2020-09-08T11:00:00Z,30.0,30.0,,,,,172.433,800.0,,,,12.27,12.658,,,,7097.0,7097.0,7097.0,,36.433,16.633,,,,0.0,,,,,,,,,,10718.0,10747.0,0.0,0.0,9.0,0.0,30.0,0.0,30.0,0.0,9.0,6.0,0.0,0.0,0.0,0.0,0.0,0.0,battery2_v
2020-09-08T12:00:00Z,30.0,30.0,,,,,645.6,940.0,,,,12.223,12.393,,,,7097.0,7097.0,7097.0,,-2.448,-18.633,,,,0.0,,,,,,,,,,10748.0,10777.0,0.0,0.0,26.0,0.0,30.0,0.0,30.0,0.0,0.0,1.0,0.0,0.0,0.0,0.0,0.0,0.0,battery2_v
2020-09-08T13:00:00Z,30.0,30.0,,,,,951.767,975.0,,,,12.204,12.233,,,,7097.0,7097.0,7097.0,,-11.2,-39.3,,,,0.0,,,,,,,,,,10778.0,10807.0,0.0,0.0,30.0,0.0,30.0,0.0,30.0,0.0,0.0,10.0,0.0,0.0,0.0,0.0,0.0,0.0,battery2_v
2020-09-08T14:00:00Z,30.0,30.0,,,,,985.033,1010.0,,,,12.199,12.214,,,,7097.0,7097.0,7097.0,,-12.133,-46.933,,,,0.0,,,,,,,,,,10808.0,10837.0,0.0,0.0,30.0,0.0,30.0,0.0,30.0,0.0,0.0,14.0,0.0,0.0,0.0,0.0,0.0,0.0,battery2_v
2020-09-08T15:00:00Z,30.0,30.0,,,,,1007.1,1022.0,,,,12.19,12.204,,,,7097.0,7097.0,7097.0,,-11.5,-36.4,,,,0.0,,,,,,,,,,10838.0,10867.0,0.0,0.0,30.0,0.0,30.0,0.0,30.0,0.0,0.0,2.0,0.0,0.0,0.0,0.0,0.0,0.0,battery2_v
2020-09-08T16:00:00Z,30.0,30.0,,,,,1029.433,1057.0,,,,12.185,12.204,,,,7097.0,7097.0,7097.0,,-11.067,-32.6,,,,0.0,,,,,,,,,,10868.0,10897.0,0.0,0.0,30.0,0.0,30.0,0.0,30.0,0.0,0.0,0.0,0.0,0.0,0.0,0.0,0.0,0.0,battery2_v
2020-09-08T17:00:00Z,28.0,28.0,,,,,1044.857,1057.0,,,,12.176,12.195,,,,7097.0,7097.0,7097.0,,-10.821,-28.571,,,,0.0,,,,,,,,,,10898.0,10927.0,0.0,0.0,28.0,0.0,28.0,0.0,28.0,0.0,0.0,0.0,0.0,0.0,0.0,0.0,0.0,0.0,battery2_v
2020-09-08T18:00:00Z,30.0,30.0,,,,,1057.867,1081.0,,,,12.176,12.185,,,,7097.0,7097.0,7097.0,,-10.333,-20.5,,,,0.0,,,,,,,,,,10928.0,10957.0,0.0,0.0,30.0,0.0,30.0,0.0,30.0,0.0,0.0,0.0,0.0,0.0,0.0,0.0,0.0,0.0,battery2_v
2020-09-08T19:00:00Z,30.0,30.0,,,,,1081.867,1092.0,,,,12.166,12.181,,,,7097.0,7097.0,7097.0,,-10.033,-15.633,,,,0.0,,,,,,,,,,10958.0,10987.0,0.0,0.0,30.0,0.0,30.0,0.0,30.0,0.0,0.0,0.0,0.0,0.0,0.0,0.0,0.0,0.0,battery2_v
2020-09-08T20:00:00Z,30.0,30.0,,,,,1100.5,1116.0,,,,12.157,12.171,,,,7097.0,7097.0,7097.0,,-9.833,-11.1,,,,0.0,,,,,,,,,,10988.0,11017.0,0.0,0.0,30.0,0.0,30.0,0.0,30.0,0.0,0.0,0.0,0.0,0.0,0.0,0.0,0.0,0.0,battery2_v
2020-09-08T21:00:00Z,30.0,30.0,,,,,1119.233,1139.0,,,,12.152,12.166,,,,7097.0,7097.0,7097.0,,-9.333,-6.6,,,,0.0,,,,,,,,,,11018.0,11047.0,0.0,0.0,30.0,0.0,30.0,0.0,30.0,0.0,0.0,0.0,0.0,0.0,0.0,0.0,0.0,0.0,battery2_v
2020-09-08T22:00:00Z,30.0,30.0,,,,,2383.5,11798.0,,,,12.147,12.162,,,,7097.0,7097.0,7097.0,,-9.267,-3.767,,,,0.0,,,,,,,,,,11048.0,11077.0,0.0,0.0,30.0,0.0,30.0,0.0,30.0,0.0,0.0,0.0,0.0,0.0,0.0,0.0,0.0,0.0,battery2_v
2020-09-08T23:00:00Z,30.0,30.0,,,,,7046.833,13775.0,,,,12.143,12.19,,,,7097.0,7097.0,7097.0,,-6.0,-1.9,,,,0.0,,,,,,,,,,11078.0,11107.0,0.0,0.0,30.0,0.0,30.0,0.0,30.0,0.0,0.0,0.0,0.0,0.0,0.0,0.0,0.0,0.0,battery2_v
2020-09-09T00:00:00Z,30.0,30.0,,,,,14430.733,19929.0,,,,12.152,12.341,,,,7097.0,7097.0,7097.0,,19.533,23.867,,,,0.0,,,,,,,,,,11108.0,11137.0,0.0,0.0,30.0,0.0,30.0,0.0,30.0,0.0,2.0,3.0,0.0,0.0,0.0,0.0,0.0,0.0,battery2_v
2020-09-09T01:00:00Z,30.0,30.0,,,,,13560.967,13717.0,,,,12.204,12.464,,,,7097.0,7097.0,7097.0,,55.133,58.0,,,,0.0,,,,,,,,,,11138.0,11167.0,0.0,0.0,30.0,0.0,30.0,0.0,30.0,0.0,15.0,16.0,0.0,0.0,0.0,0.0,0.0,0.0,battery2_v
2020-09-09T02:00:00Z,30.0,30.0,,,,,13546.933,13635.0,,,,12.261,12.483,,,,7097.0,7097.0,7097.0,,45.2,44.933,,,,0.0,,,,,,,,,,11168.0,11197.0,0.0,0.0,30.0,0.0,30.0,0.0,30.0,0.0,7.0,7.0,0.0,0.0,0.0,0.0,0.0,0.0,battery2_v
2020-09-09T03:00:00Z,30.0,30.0,,,,,15030.833,21298.0,,,,12.308,12.706,,,,7097.0,7097.0,7097.0,,103.7,107.2,,,,0.0,,,,,,,,,,11198.0,11227.0,0.0,0.0,30.0,0.0,30.0,0.0,30.0,0.0,24.0,24.0,0.0,0.0,0.0,0.0,0.0,0.0,battery2_v
2020-09-09T04:00:00Z,30.0,30.0,,,,,13292.667,13506.0,,,,12.389,12.748,,,,7097.0,7097.0,7097.0,,83.667,68.233,,,,0.0,,,,,,,,,,11228.0,11257.0,0.0,0.0,30.0,0.0,30.0,0.0,30.0,0.0,15.0,14.0,0.0,0.0,0.0,0.0,0.0,0.0,battery2_v
2020-09-09T05:00:00Z,30.0,30.0,,,,,13270.767,13869.0,,,,12.105,12.805,,,,7097.0,7097.0,7097.0,,86.567,56.9,,,,0.033,,,,,,,,,,11258.0,11287.0,0.0,0.0,30.0,0.0,30.0,0.0,30.0,0.0,20.0,15.0,0.0,0.0,0.0,0.0,0.0,0.0,battery2_v
2020-09-09T06:00:00Z,29.0,29.0,,,,,7509.793,17390.0,,,,11.944,13.657,,,,7097.0,7097.0,7097.0,,48.143,20.172,,,,0.069,,,,,,,,,,11288.0,11317.0,0.0,0.0,28.0,0.0,29.0,0.0,29.0,0.0,9.0,10.0,0.0,0.0,0.0,0.0,0.0,0.0,battery2_v
2020-09-09T07:00:00Z,28.0,28.0,,,,,6371.429,14454.0,,,,11.968,12.9,,,,7097.0,7097.0,7097.0,,5.778,-22.964,,,,0.107,,,,,,,,,,11318.0,11347.0,0.0,0.0,28.0,0.0,28.0,0.0,28.0,0.0,5.0,7.0,0.0,0.0,0.0,0.0,0.0,0.0,battery2_v
2020-09-09T08:00:00Z,30.0,30.0,,,,,10698.7,16489.0,,,,12.209,12.54,,,,7097.0,7097.0,7097.0,,7.643,-14.133,,,,0.0,,,,,,,,,,11348.0,11377.0,0.0,0.0,30.0,0.0,30.0,0.0,30.0,0.0,3.0,3.0,0.0,0.0,0.0,0.0,0.0,0.0,battery2_v
2020-09-09T09:00:00Z,30.0,30.0,,,,,3782.5,4146.0,,,,12.199,12.223,,,,7097.0,7097.0,7097.0,,-9.833,-20.5,,,,0.0,,,,,,,,,,11378.0,11407.0,0.0,0.0,30.0,0.0,30.0,0.0,30.0,0.0,0.0,0.0,0.0,0.0,0.0,0.0,0.0,0.0,battery2_v
2020-09-09T10:00:00Z,30.0,30.0,,,,,2923.233,6205.0,,,,12.19,12.204,,,,7097.0,7097.0,7097.0,,-9.167,-10.033,,,,0.0,,,,,,,,,,11408.0,11437.0,0.0,0.0,30.0,0.0,30.0,0.0,30.0,0.0,0.0,0.0,0.0,0.0,0.0,0.0,0.0,0.0,battery2_v
2020-09-09T11:00:00Z,30.0,30.0,,,,,1080.533,1467.0,,,,12.181,12.195,,,,7097.0,7097.0,7097.0,,-9.0,-9.467,,,,0.0,,,,,,,,,,11438.0,11467.0,0.0,0.0,30.0,0.0,30.0,0.0,30.0,0.0,0.0,0.0,0.0,0.0,0.0,0.0,0.0,0.0,battery2_v
2020-09-09T12:00:00Z,30.0,30.0,,,,,1063.267,1092.0,,,,12.166,12.19,,,,7097.0,7097.0,7097.0,,-9.2,-10.233,,,,0.0,,,,,,,,,,11468.0,11497.0,0.0,0.0,30.0,0.0,30.0,0.0,30.0,0.0,0.0,0.0,0.0,0.0,0.0,0.0,0.0,0.0,battery2_v
2020-09-09T13:00:00Z,30.0,30.0,,,,,1088.4,1104.0,,,,12.162,12.176,,,,7097.0,7097.0,7097.0,,-10.0,-15.933,,,,0.0,,,,,,,,,,11498.0,11527.0,0.0,0.0,30.0,0.0,30.0,0.0,30.0,0.0,0.0,0.0,0.0,0.0,0.0,0.0,0.0,0.0,battery2_v
2020-09-09T14:00:00Z,30.0,30.0,,,,,1106.333,1127.0,,,,12.157,12.171,,,,7097.0,7097.0,7097.0,,-9.367,-7.333,,,,0.0,,,,,,,,,,11528.0,11557.0,0.0,0.0,30.0,0.0,30.0,0.0,30.0,0.0,0.0,0.0,0.0,0.0,0.0,0.0,0.0,0.0,battery2_v
2020-09-09T15:00:00Z,30.0,30.0,,,,,1133.067,1162.0,,,,12.143,12.162,,,,7097.0,7097.0,7097.0,,-9.2,-5.233,,,,0.0,,,,,,,,,,11558.0,11587.0,0.0,0.0,30.0,0.0,30.0,0.0,30.0,0.0,0.0,0.0,0.0,0.0,0.0,0.0,0.0,0.0,battery2_v
2020-09-09T16:00:00Z,30.0,30.0,,,,,1151.533,1186.0,,,,12.133,12.152,,,,7097.0,7097.0,7097.0,,-9.067,0.0,,,,0.0,,,,,,,,,,11588.0,11617.0,0.0,0.0,30.0,0.0,30.0,0.0,30.0,0.0,0.0,0.0,0.0,0.0,0.0,0.0,0.0,0.0,battery2_v
2020-09-09T17:00:00Z,30.0,30.0,,,,,1162.933,1174.0,,,,12.133,12.147,,,,7097.0,7097.0,7097.0,,-8.667,4.033,,,,0.0,,,,,,,,,,11618.0,11647.0,0.0,0.0,30.0,0.0,30.0,0.0,30.0,0.0,0.0,0.0,0.0,0.0,0.0,0.0,0.0,0.0,battery2_v
2020-09-09T18:00:00Z,31.0,31.0,,,,,1177.516,1198.0,,,,12.128,12.143,,,,7097.0,7097.0,7097.0,,-8.097,11.71,,,,0.0,,,,,,,,,,11648.0,11678.0,0.0,0.0,31.0,0.0,31.0,0.0,31.0,0.0,0.0,0.0,0.0,0.0,0.0,0.0,0.0,0.0,battery2_v
2020-09-09T19:00:00Z,30.0,30.0,,,,,1181.2,1198.0,,,,12.128,12.143,,,,7097.0,7097.0,7097.0,,-7.633,18.8,,,,0.0,,,,,,,,,,11679.0,11708.0,0.0,0.0,30.0,0.0,30.0,0.0,30.0,0.0,0.0,0.0,0.0,0.0,0.0,0.0,0.0,0.0,battery2_v
2020-09-09T20:00:00Z,30.0,30.0,,,,,1198.133,1221.0,,,,12.119,12.133,,,,7097.0,7097.0,7097.0,,-7.533,18.2,,,,0.0,,,,,,,,,,11709.0,11738.0,0.0,0.0,30.0,0.0,30.0,0.0,30.0,0.0,0.0,0.0,0.0,0.0,0.0,0.0,0.0,0.0,battery2_v
2020-09-09T21:00:00Z,30.0,30.0,,,,,1206.6,1233.0,,,,12.114,12.133,,,,7097.0,7097.0,7097.0,,-7.2,24.967,,,,0.0,,,,,,,,,,11739.0,11768.0,0.0,0.0,30.0,0.0,30.0,0.0,30.0,0.0,0.0,0.0,0.0,0.0,0.0,0.0,0.0,0.0,battery2_v
2020-09-09T22:00:00Z,24.0,24.0,,,,,1607.125,3444.0,,,,12.114,12.124,,,,7097.0,7097.0,7097.0,,-6.917,27.792,,,,0.0,,,,,,,,,,11769.0,11792.0,0.0,0.0,24.0,0.0,24.0,0.0,24.0,0.0,0.0,0.0,0.0,0.0,0.0,0.0,0.0,0.0,battery2_v
2020-09-09T23:00:00Z,1.0,1.0,,,,,3467.0,3467.0,,,,12.114,12.114,,,,7097.0,7097.0,7097.0,,-8.0,14.0,,,,0.0,,,,,,,,,,11806.0,11806.0,0.0,0.0,1.0,0.0,1.0,0.0,1.0,0.0,0.0,0.0,0.0,0.0,0.0,0.0,0.0,0.0,battery2_v
2020-09-10T00:00:00Z,8.0,8.0,,,,,13709.25,13740.0,,,,12.185,12.261,,,,7097.0,7097.0,7097.0,,32.0,59.25,,,,0.0,,,,,,,,,,11842.0,11852.0,0.0,0.0,8.0,0.0,8.0,0.0,8.0,0.0,1.0,7.0,0.0,0.0,0.0,0.0,0.0,0.0,battery2_v
2020-09-10T01:00:00Z,30.0,30.0,,,,,13554.867,13658.0,,,,12.266,12.45,,,,7097.0,7097.0,7097.0,,68.133,106.433,,,,0.0,,,,,,,,,,11853.0,11882.0,0.0,0.0,30.0,0.0,30.0,0.0,30.0,0.0,26.0,30.0,0.0,0.0,0.0,0.0,0.0,0.0,battery2_v
2020-09-10T02:00:00Z,23.0,23.0,,,,,13632.13,21333.0,,,,12.289,12.673,,,,7097.0,7097.0,7097.0,,106.087,137.565,,,,0.0,,,,,,,,,,11884.0,11911.0,0.0,0.0,23.0,0.0,23.0,0.0,23.0,0.0,19.0,22.0,0.0,0.0,0.0,0.0,0.0,0.0,battery2_v
2020-09-10T03:00:00Z,29.0,29.0,,,,,13213.448,13529.0,,,,12.36,12.772,,,,7097.0,7097.0,7097.0,,118.069,134.448,,,,0.0,,,,,,,,,,11912.0,11941.0,0.0,0.0,29.0,0.0,29.0,0.0,29.0,0.0,22.0,25.0,0.0,0.0,0.0,0.0,0.0,0.0,battery2_v
2020-09-10T04:00:00Z,25.0,25.0,,,,,13216.24,13822.0,,,,12.138,12.805,,,,7097.0,7097.0,7097.0,,113.28,103.16,,,,0.08,,,,,,,,,,11942.0,11970.0,0.0,0.0,25.0,0.0,25.0,0.0,25.0,0.0,19.0,20.0,0.0,0.0,0.0,0.0,0.0,0.0,battery2_v
2020-09-10T05:00:00Z,26.0,26.0,,,,,13207.615,13342.0,,,,12.507,12.677,,,,7097.0,7097.0,7097.0,,103.231,107.269,,,,0.0,,,,,,,,,,11971.0,11999.0,0.0,0.0,26.0,0.0,26.0,0.0,26.0,0.0,26.0,26.0,0.0,0.0,0.0,0.0,0.0,0.0,battery2_v
2020-09-10T06:00:00Z,19.0,19.0,,,,,13974.632,21006.0,,,,12.403,12.715,,,,7097.0,7097.0,7097.0,,100.053,89.316,,,,0.0,,,,,,,,,,12000.0,12028.0,0.0,0.0,19.0,0.0,19.0,0.0,19.0,0.0,17.0,15.0,0.0,0.0,0.0,0.0,0.0,0.0,battery2_v
2020-09-10T07:00:00Z,14.0,14.0,,,,,13383.143,13483.0,,,,12.417,12.658,,,,7097.0,7097.0,7097.0,,55.857,32.071,,,,0.0,,,,,,,,,,12029.0,12055.0,0.0,0.0,14.0,0.0,14.0,0.0,14.0,0.0,6.0,2.0,0.0,0.0,0.0,0.0,0.0,0.0,battery2_v
2020-09-10T08:00:00Z,28.0,28.0,,,,,14034.536,20877.0,,,,11.996,12.933,,,,7097.0,7097.0,7097.0,,78.429,44.429,,,,0.071,,,,,,,,,,12057.0,12086.0,0.0,0.0,28.0,0.0,28.0,0.0,28.0,0.0,25.0,21.0,0.0,0.0,0.0,0.0,0.0,0.0,battery2_v
2020-09-10T09:00:00Z,30.0,30.0,,,,,5966.5,13693.0,,,,12.114,12.824,,,,7097.0,7097.0,7097.0,,68.5,18.533,,,,0.267,,,,,,,,,,12087.0,12116.0,0.0,0.0,30.0,0.0,30.0,0.0,30.0,0.0,19.0,17.0,0.0,0.0,0.0,0.0,0.0,0.0,battery2_v
2020-09-10T10:00:00Z,24.0,24.0,,,,,1727.333,4532.0,,,,12.171,12.838,,,,7097.0,7097.0,7097.0,,69.625,58.042,,,,0.042,,,,,,,,,,12117.0,12142.0,0.0,0.0,23.0,0.0,24.0,0.0,24.0,0.0,15.0,13.0,0.0,0.0,0.0,0.0,0.0,0.0,battery2_v
2020-09-10T12:00:00Z,1.0,1.0,,,,,905.0,905.0,,,,12.233,12.233,,,,7097.0,7097.0,7097.0,,-10.0,-18.0,,,,0.0,,,,,,,,,,12173.0,12173.0,0.0,0.0,1.0,0.0,1.0,0.0,1.0,0.0,0.0,0.0,0.0,0.0,0.0,0.0,0.0,0.0,battery2_v
2020-09-10T14:00:00Z,6.0,6.0,,,,,1032.0,1034.0,,,,12.185,12.199,,,,7097.0,7097.0,7097.0,,-10.167,-16.667,,,,0.0,,,,,,,,,,12248.0,12253.0,0.0,0.0,6.0,0.0,6.0,0.0,6.0,0.0,0.0,0.0,0.0,0.0,0.0,0.0,0.0,0.0,battery2_v
2020-09-10T15:00:00Z,31.0,31.0,,,,,1033.71,1045.0,,,,12.181,12.199,,,,7097.0,7097.0,7097.0,,-9.742,-11.548,,,,0.0,,,,,,,,,,12254.0,12284.0,0.0,0.0,31.0,0.0,31.0,0.0,31.0,0.0,0.0,0.0,0.0,0.0,0.0,0.0,0.0,0.0,battery2_v
2020-09-10T16:00:00Z,30.0,30.0,,,,,1051.1,1069.0,,,,12.171,12.195,,,,7097.0,7097.0,7097.0,,-9.167,-3.967,,,,0.0,,,,,,,,,,12285.0,12314.0,0.0,0.0,30.0,0.0,30.0,0.0,30.0,0.0,0.0,0.0,0.0,0.0,0.0,0.0,0.0,0.0,battery2_v
2020-09-10T17:00:00Z,30.0,30.0,,,,,1067.8,1081.0,,,,12.171,12.185,,,,7097.0,7097.0,7097.0,,-9.067,-1.933,,,,0.0,,,,,,,,,,12315.0,12344.0,0.0,0.0,30.0,0.0,30.0,0.0,30.0,0.0,0.0,0.0,0.0,0.0,0.0,0.0,0.0,0.0,battery2_v
2020-09-10T18:00:00Z,30.0,30.0,,,,,1084.567,1104.0,,,,12.166,12.181,,,,7097.0,7097.0,7097.0,,-8.733,5.167,,,,0.0,,,,,,,,,,12345.0,12374.0,0.0,0.0,30.0,0.0,30.0,0.0,30.0,0.0,0.0,0.0,0.0,0.0,0.0,0.0,0.0,0.0,battery2_v
2020-09-10T19:00:00Z,30.0,30.0,,,,,1101.6,1116.0,,,,12.152,12.176,,,,7097.0,7097.0,7097.0,,-8.633,4.1,,,,0.0,,,,,,,,,,12375.0,12404.0,0.0,0.0,30.0,0.0,30.0,0.0,30.0,0.0,0.0,0.0,0.0,0.0,0.0,0.0,0.0,0.0,battery2_v
2020-09-10T20:00:00Z,30.0,30.0,,,,,1117.667,1139.0,,,,12.152,12.166,,,,7097.0,7097.0,7097.0,,-8.367,8.267,,,,0.0,,,,,,,,,,12405.0,12434.0,0.0,0.0,30.0,0.0,30.0,0.0,30.0,0.0,0.0,0.0,0.0,0.0,0.0,0.0,0.0,0.0,battery2_v
2020-09-10T21:00:00Z,30.0,30.0,,,,,1133.4,1162.0,,,,12.147,12.162,,,,7097.0,7097.0,7097.0,,-8.167,10.7,,,,0.0,,,,,,,,,,12435.0,12464.0,0.0,0.0,30.0,0.0,30.0,0.0,30.0,0.0,0.0,0.0,0.0,0.0,0.0,0.0,0.0,0.0,battery2_v
2020-09-10T22:00:00Z,30.0,30.0,,,,,2768.533,12219.0,,,,12.133,12.152,,,,7097.0,7097.0,7097.0,,-8.0,11.167,,,,0.0,,,,,,,,,,12465.0,12494.0,0.0,0.0,30.0,0.0,30.0,0.0,30.0,0.0,0.0,0.0,0.0,0.0,0.0,0.0,0.0,0.0,battery2_v
2020-09-10T23:00:00Z,30.0,30.0,,,,,7048.433,14325.0,,,,12.133,12.162,,,,7097.0,7097.0,7097.0,,-5.7,17.067,,,,0.0,,,,,,,,,,12495.0,12524.0,0.0,0.0,30.0,0.0,30.0,0.0,30.0,0.0,0.0,0.0,0.0,0.0,0.0,0.0,0.0,0.0,battery2_v
2020-09-11T00:00:00Z,30.0,30.0,,,,,13663.133,15729.0,,,,12.138,12.27,,,,7097.0,7097.0,7097.0,,21.033,44.2,,,,0.0,,,,,,,,,,12525.0,12554.0,0.0,0.0,30.0,0.0,30.0,0.0,30.0,0.0,0.0,11.0,0.0,0.0,0.0,0.0,0.0,0.0,battery2_v
2020-09-11T01:00:00Z,17.0,17.0,,,,,14057.176,20701.0,,,,12.176,12.389,,,,7097.0,7097.0,7097.0,,30.125,50.882,,,,0.0,,,,,,,,,,12555.0,12583.0,0.0,0.0,17.0,0.0,17.0,0.0,17.0,0.0,4.0,7.0,0.0,0.0,0.0,0.0,0.0,0.0,battery2_v
2020-09-11T02:00:00Z,20.0,20.0,,,,,13786.8,21322.0,,,,12.19,12.658,,,,7097.0,7097.0,7097.0,,90.25,115.1,,,,0.0,,,,,,,,,,12584.0,12611.0,0.0,0.0,20.0,0.0,20.0,0.0,20.0,0.0,15.0,16.0,0.0,0.0,0.0,0.0,0.0,0.0,battery2_v
2020-09-11T03:00:00Z,29.0,29.0,,,,,14576.31,21216.0,,,,12.408,12.791,,,,7097.0,7097.0,7097.0,,133.207,149.345,,,,0.0,,,,,,,,,,12613.0,12641.0,0.0,0.0,29.0,0.0,29.0,0.0,29.0,0.0,24.0,26.0,0.0,0.0,0.0,0.0,0.0,0.0,battery2_v
2020-09-11T04:00:00Z,28.0,28.0,,,,,14565.571,21836.0,,,,11.977,12.824,,,,7097.0,7097.0,7097.0,,86.036,68.214,,,,0.071,,,,,,,,,,12642.0,12671.0,0.0,0.0,28.0,0.0,28.0,0.0,28.0,0.0,18.0,17.0,0.0,0.0,0.0,0.0,0.0,0.0,battery2_v
2020-09-11T05:00:00Z,30.0,30.0,,,,,13658.8,21520.0,,,,11.949,12.819,,,,7097.0,7097.0,7097.0,,53.533,-14.6,,,,0.333,,,,,,,,,,12672.0,12701.0,0.0,0.0,30.0,0.0,30.0,0.0,30.0,0.0,14.0,21.0,0.0,0.0,0.0,0.0,0.0,0.0,battery2_v
2020-09-11T06:00:00Z,30.0,30.0,,,,,13179.167,13752.0,,,,12.195,13.15,,,,7097.0,7097.0,7097.0,,108.167,44.1,,,,0.2,,,,,,,,,,12702.0,12731.0,0.0,0.0,30.0,0.0,30.0,0.0,30.0,0.0,23.0,30.0,0.0,0.0,0.0,0.0,0.0,0.0,battery2_v
2020-09-11T07:00:00Z,17.0,17.0,,,,,13212.118,13518.0,,,,12.37,12.729,,,,7097.0,7097.0,7097.0,,87.706,54.941,,,,0.0,,,,,,,,,,12732.0,12760.0,0.0,0.0,17.0,0.0,17.0,0.0,17.0,0.0,12.0,11.0,0.0,0.0,0.0,0.0,0.0,0.0,battery2_v
2020-09-11T08:00:00Z,25.0,25.0,,,,,15055.0,21907.0,,,,11.949,12.966,,,,7097.0,7097.0,7097.0,,31.48,-63.32,,,,0.32,,,,,,,,,,12761.0,12789.0,0.0,0.0,25.0,0.0,25.0,0.0,25.0,0.0,17.0,20.0,0.0,0.0,0.0,0.0,0.0,0.0,battery2_v
2020-09-11T09:00:00Z,30.0,30.0,,,,,7139.167,14325.0,,,,11.897,12.9,,,,7097.0,7097.0,7097.0,,31.345,-55.5,,,,0.233,,,,,,,,,,12790.0,12819.0,0.0,0.0,30.0,0.0,30.0,0.0,30.0,0.0,14.0,20.0,0.0,0.0,0.0,0.0,0.0,0.0,battery2_v
2020-09-11T10:00:00Z,30.0,30.0,,,,,2681.5,5082.0,,,,12.218,12.266,,,,7097.0,7097.0,7097.0,,-11.167,-40.967,,,,0.0,,,,,,,,,,12820.0,12849.0,0.0,0.0,30.0,0.0,30.0,0.0,30.0,0.0,0.0,3.0,0.0,0.0,0.0,0.0,0.0,0.0,battery2_v
2020-09-11T11:00:00Z,30.0,30.0,,,,,979.433,1420.0,,,,12.209,12.228,,,,7097.0,7097.0,7097.0,,-11.167,-42.1,,,,0.0,,,,,,,,,,12850.0,12879.0,0.0,0.0,30.0,0.0,30.0,0.0,30.0,0.0,0.0,5.0,0.0,0.0,0.0,0.0,0.0,0.0,battery2_v
2020-09-11T12:00:00Z,30.0,30.0,,,,,907.667,999.0,,,,12.199,12.493,,,,7097.0,7097.0,7097.0,,-2.967,-33.033,,,,0.0,,,,,,,,,,12880.0,12909.0,0.0,0.0,28.0,0.0,30.0,0.0,30.0,0.0,2.0,7.0,0.0,0.0,0.0,0.0,0.0,0.0,battery2_v
2020-09-11T13:00:00Z,30.0,30.0,,,,,853.833,1022.0,,,,12.19,12.592,,,,7097.0,7097.0,7097.0,,2.6,-22.433,,,,0.0,,,,,,,,,,12910.0,12939.0,0.0,0.0,26.0,0.0,30.0,0.0,30.0,0.0,3.0,6.0,0.0,0.0,0.0,0.0,0.0,0.0,battery2_v
2020-09-11T14:00:00Z,30.0,30.0,,,,,1024.733,1045.0,,,,12.185,12.199,,,,7097.0,7097.0,7097.0,,-11.833,-42.067,,,,0.0,,,,,,,,,,12940.0,12969.0,0.0,0.0,30.0,0.0,30.0,0.0,30.0,0.0,0.0,4.0,0.0,0.0,0.0,0.0,0.0,0.0,battery2_v
2020-09-11T15:00:00Z,31.0,31.0,,,,,1036.323,1057.0,,,,12.181,12.195,,,,7097.0,7097.0,7097.0,,-11.452,-36.29,,,,0.0,,,,,,,,,,12970.0,13000.0,0.0,0.0,31.0,0.0,31.0,0.0,31.0,0.0,0.0,0.0,0.0,0.0,0.0,0.0,0.0,0.0,battery2_v
2020-09-11T16:00:00Z,30.0,30.0,,,,,1056.633,1081.0,,,,12.176,12.185,,,,7097.0,7097.0,7097.0,,-11.133,-33.967,,,,0.0,,,,,,,,,,13001.0,13030.0,0.0,0.0,30.0,0.0,30.0,0.0,30.0,0.0,0.0,1.0,0.0,0.0,0.0,0.0,0.0,0.0,battery2_v
2020-09-11T17:00:00Z,29.0,29.0,,,,,1069.379,1092.0,,,,12.166,12.181,,,,7097.0,7097.0,7097.0,,-10.621,-26.414,,,,0.0,,,,,,,,,,13032.0,13060.0,0.0,0.0,29.0,0.0,29.0,0.0,29.0,0.0,0.0,0.0,0.0,0.0,0.0,0.0,0.0,0.0,battery2_v
2020-09-11T18:00:00Z,30.0,30.0,,,,,1085.767,1116.0,,,,12.162,12.181,,,,7097.0,7097.0,7097.0,,-10.333,-21.667,,,,0.0,,,,,,,,,,13061.0,13090.0,0.0,0.0,30.0,0.0,30.0,0.0,30.0,0.0,0.0,0.0,0.0,0.0,0.0,0.0,0.0,0.0,battery2_v
2020-09-11T19:00:00Z,30.0,30.0,,,,,1105.2,1116.0,,,,12.157,12.171,,,,7097.0,7097.0,7097.0,,-10.067,-14.567,,,,0.0,,,,,,,,,,13091.0,13120.0,0.0,0.0,30.0,0.0,30.0,0.0,30.0,0.0,0.0,0.0,0.0,0.0,0.0,0.0,0.0,0.0,battery2_v
2020-09-11T20:00:00Z,30.0,30.0,,,,,1115.8,1139.0,,,,12.152,12.166,,,,7097.0,7097.0,7097.0,,-9.6,-7.067,,,,0.0,,,,,,,,,,13121.0,13150.0,0.0,0.0,30.0,0.0,30.0,0.0,30.0,0.0,0.0,0.0,0.0,0.0,0.0,0.0,0.0,0.0,battery2_v
2020-09-11T21:00:00Z,30.0,30.0,,,,,1136.233,1151.0,,,,12.143,12.162,,,,7097.0,7097.0,7097.0,,-9.3,-4.967,,,,0.0,,,,,,,,,,13151.0,13180.0,0.0,0.0,30.0,0.0,30.0,0.0,30.0,0.0,0.0,0.0,0.0,0.0,0.0,0.0,0.0,0.0,battery2_v
2020-09-11T22:00:00Z,30.0,30.0,,,,,2325.1,8756.0,,,,12.138,12.152,,,,7097.0,7097.0,7097.0,,-9.167,-1.933,,,,0.0,,,,,,,,,,13181.0,13210.0,0.0,0.0,30.0,0.0,30.0,0.0,30.0,0.0,0.0,0.0,0.0,0.0,0.0,0.0,0.0,0.0,battery2_v
2020-09-11T23:00:00Z,30.0,30.0,,,,,6986.3,14536.0,,,,12.128,12.147,,,,7097.0,7097.0,7097.0,,-8.207,-2.8,,,,0.0,,,,,,,,,,13211.0,13240.0,0.0,0.0,30.0,0.0,30.0,0.0,30.0,0.0,0.0,0.0,0.0,0.0,0.0,0.0,0.0,0.0,battery2_v
2020-09-12T00:00:00Z,30.0,30.0,,,,,12995.8,17016.0,,,,12.128,12.322,,,,7097.0,7097.0,7097.0,,23.133,33.0,,,,0.0,,,,,,,,,,13241.0,13270.0,0.0,0.0,30.0,0.0,30.0,0.0,30.0,0.0,3.0,6.0,0.0,0.0,0.0,0.0,0.0,0.0,battery2_v
2020-09-12T01:00:00Z,30.0,30.0,,,,,14981.3,21907.0,,,,12.218,12.469,,,,7097.0,7097.0,7097.0,,52.367,65.533,,,,0.0,,,,,,,,,,13271.0,13300.0,0.0,0.0,30.0,0.0,30.0,0.0,30.0,0.0,19.0,20.0,0.0,0.0,0.0,0.0,0.0,0.0,battery2_v
2020-09-12T02:00:00Z,30.0,30.0,,,,,13500.433,13658.0,,,,12.242,12.464,,,,7097.0,7097.0,7097.0,,60.667,68.0,,,,0.0,,,,,,,,,,13301.0,13330.0,0.0,0.0,30.0,0.0,30.0,0.0,30.0,0.0,22.0,23.0,0.0,0.0,0.0,0.0,0.0,0.0,battery2_v
2020-09-12T03:00:00Z,30.0,30.0,,,,,13318.067,13962.0,,,,11.996,12.824,,,,7097.0,7097.0,7097.0,,94.8,80.2,,,,0.067,,,,,,,,,,13331.0,13360.0,0.0,0.0,30.0,0.0,30.0,0.0,30.0,0.0,20.0,21.0,0.0,0.0,0.0,0.0,0.0,0.0,battery2_v
2020-09-12T04:00:00Z,30.0,30.0,,,,,14731.767,21790.0,,,,11.963,12.833,,,,7097.0,7097.0,7097.0,,98.667,41.2,,,,0.233,,,,,,,,,,13361.0,13390.0,0.0,0.0,30.0,0.0,30.0,0.0,30.0,0.0,20.0,26.0,0.0,0.0,0.0,0.0,0.0,0.0,battery2_v
2020-09-12T05:00:00Z,31.0,31.0,,,,,13611.323,20538.0,,,,12.199,12.81,,,,7097.0,7097.0,7097.0,,63.839,-22.581,,,,0.323,,,,,,,,,,13391.0,13421.0,0.0,0.0,31.0,0.0,31.0,0.0,31.0,0.0,13.0,21.0,0.0,0.0,0.0,0.0,0.0,0.0,battery2_v
2020-09-12T06:00:00Z,30.0,30.0,,,,,13206.133,13518.0,,,,12.374,12.781,,,,7097.0,7097.0,7097.0,,103.433,70.167,,,,0.0,,,,,,,,,,13422.0,13451.0,0.0,0.0,30.0,0.0,30.0,0.0,30.0,0.0,23.0,22.0,0.0,0.0,0.0,0.0,0.0,0.0,battery2_v
2020-09-12T07:00:00Z,30.0,30.0,,,,,14410.267,20631.0,,,,12.384,12.71,,,,7097.0,7097.0,7097.0,,68.9,26.233,,,,0.0,,,,,,,,,,13452.0,13481.0,0.0,0.0,30.0,0.0,30.0,0.0,30.0,0.0,21.0,15.0,0.0,0.0,0.0,0.0,0.0,0.0,battery2_v
2020-09-12T08:00:00Z,30.0,30.0,,,,,13578.167,20643.0,,,,12.374,12.573,,,,7097.0,7097.0,7097.0,,53.267,-0.833,,,,0.0,,,,,,,,,,13482.0,13511.0,0.0,0.0,30.0,0.0,30.0,0.0,30.0,0.0,21.0,1.0,0.0,0.0,0.0,0.0,0.0,0.0,battery2_v
2020-09-12T09:00:00Z,30.0,30.0,,,,,7325.633,13623.0,,,,12.266,12.72,,,,7097.0,7097.0,7097.0,,27.567,-26.0,,,,0.0,,,,,,,,,,13512.0,13541.0,0.0,0.0,30.0,0.0,30.0,0.0,30.0,0.0,4.0,18.0,0.0,0.0,0.0,0.0,0.0,0.0,battery2_v
2020-09-12T10:00:00Z,30.0,30.0,,,,,2232.6,4567.0,,,,12.266,12.715,,,,7097.0,7097.0,7097.0,,40.7,-5.533,,,,0.0,,,,,,,,,,13542.0,13571.0,0.0,0.0,29.0,0.0,30.0,0.0,30.0,0.0,11.0,24.0,0.0,0.0,0.0,0.0,0.0,0.0,battery2_v
2020-09-12T11:00:00Z,30.0,30.0,,,,,772.067,999.0,,,,12.228,12.408,,,,7097.0,7097.0,7097.0,,-7.6,-58.2,,,,0.0,,,,,,,,,,13572.0,13601.0,0.0,0.0,27.0,0.0,30.0,0.0,30.0,0.0,1.0,27.0,0.0,0.0,0.0,0.0,0.0,0.0,battery2_v
2020-09-12T12:00:00Z,30.0,30.0,,,,,944.9,975.0,,,,12.209,12.233,,,,7097.0,7097.0,7097.0,,-12.667,-62.167,,,,0.0,,,,,,,,,,13602.0,13631.0,0.0,0.0,30.0,0.0,30.0,0.0,30.0,0.0,0.0,30.0,0.0,0.0,0.0,0.0,0.0,0.0,battery2_v
2020-09-12T13:00:00Z,30.0,30.0,,,,,967.833,1010.0,,,,12.199,12.214,,,,7097.0,7097.0,7097.0,,-12.333,-57.267,,,,0.0,,,,,,,,,,13632.0,13661.0,0.0,0.0,30.0,0.0,30.0,0.0,30.0,0.0,0.0,28.0,0.0,0.0,0.0,0.0,0.0,0.0,battery2_v
2020-09-12T14:00:00Z,30.0,30.0,,,,,1024.6,1057.0,,,,12.185,12.204,,,,7097.0,7097.0,7097.0,,-12.967,-59.733,,,,0.0,,,,,,,,,,13662.0,13691.0,0.0,0.0,30.0,0.0,30.0,0.0,30.0,0.0,0.0,30.0,0.0,0.0,0.0,0.0,0.0,0.0,battery2_v
2020-09-12T15:00:00Z,30.0,30.0,,,,,1057.0,1081.0,,,,12.176,12.195,,,,7097.0,7097.0,7097.0,,-12.6,-52.933,,,,0.0,,,,,,,,,,13692.0,13721.0,0.0,0.0,30.0,0.0,30.0,0.0,30.0,0.0,0.0,26.0,0.0,0.0,0.0,0.0,0.0,0.0,battery2_v
2020-09-12T16:00:00Z,30.0,30.0,,,,,1076.433,1104.0,,,,12.171,12.195,,,,7097.0,7097.0,7097.0,,-12.067,-47.733,,,,0.0,,,,,,,,,,13722.0,13751.0,0.0,0.0,30.0,0.0,30.0,0.0,30.0,0.0,0.0,14.0,0.0,0.0,0.0,0.0,0.0,0.0,battery2_v
2020-09-12T17:00:00Z,30.0,30.0,,,,,1089.2,1116.0,,,,12.166,12.185,,,,7097.0,7097.0,7097.0,,-11.4,-36.9,,,,0.0,,,,,,,,,,13752.0,13781.0,0.0,0.0,30.0,0.0,30.0,0.0,30.0,0.0,0.0,1.0,0.0,0.0,0.0,0.0,0.0,0.0,battery2_v
2020-09-12T18:00:00Z,26.0,26.0,,,,,1105.346,1127.0,,,,12.162,12.176,,,,7097.0,7097.0,7097.0,,-11.0,-29.077,,,,0.0,,,,,,,,,,13782.0,13811.0,0.0,0.0,26.0,0.0,26.0,0.0,26.0,0.0,0.0,0.0,0.0,0.0,0.0,0.0,0.0,0.0,battery2_v
2020-09-12T19:00:00Z,30.0,30.0,,,,,1117.233,1139.0,,,,12.152,12.171,,,,7097.0,7097.0,7097.0,,-10.133,-18.533,,,,0.0,,,,,,,,,,13812.0,13841.0,0.0,0.0,30.0,0.0,30.0,0.0,30.0,0.0,0.0,0.0,0.0,0.0,0.0,0.0,0.0,0.0,battery2_v
2020-09-12T20:00:00Z,30.0,30.0,,,,,1137.767,1162.0,,,,12.152,12.166,,,,7097.0,7097.0,7097.0,,-10.067,-15.733,,,,0.0,,,,,,,,,,13842.0,13871.0,0.0,0.0,30.0,0.0,30.0,0.0,30.0,0.0,0.0,0.0,0.0,0.0,0.0,0.0,0.0,0.0,battery2_v
2020-09-12T21:00:00Z,30.0,30.0,,,,,1151.533,1162.0,,,,12.147,12.166,,,,7097.0,7097.0,7097.0,,-9.367,-6.0,,,,0.0,,,,,,,,,,13872.0,13901.0,0.0,0.0,30.0,0.0,30.0,0.0,30.0,0.0,0.0,0.0,0.0,0.0,0.0,0.0,0.0,0.0,battery2_v
2020-09-12T22:00:00Z,30.0,30.0,,,,,3082.767,13740.0,,,,12.138,12.152,,,,7097.0,7097.0,7097.0,,-9.133,-2.2,,,,0.0,,,,,,,,,,13902.0,13931.0,0.0,0.0,30.0,0.0,30.0,0.0,30.0,0.0,0.0,0.0,0.0,0.0,0.0,0.0,0.0,0.0,battery2_v
2020-09-12T23:00:00Z,30.0,30.0,,,,,7123.9,13775.0,,,,12.133,12.181,,,,7097.0,7097.0,7097.0,,-5.207,6.067,,,,0.0,,,,,,,,,,13932.0,13961.0,0.0,0.0,30.0,0.0,30.0,0.0,30.0,0.0,0.0,0.0,0.0,0.0,0.0,0.0,0.0,0.0,battery2_v
2020-09-13T00:00:00Z,31.0,31.0,,,,,14379.258,20854.0,,,,12.133,12.266,,,,7097.0,7097.0,7097.0,,8.8,17.484,,,,0.0,,,,,,,,,,13962.0,13992.0,0.0,0.0,31.0,0.0,31.0,0.0,31.0,0.0,0.0,2.0,0.0,0.0,0.0,0.0,0.0,0.0,battery2_v
2020-09-13T01:00:00Z,30.0,30.0,,,,,13617.0,13763.0,,,,12.162,12.474,,,,7097.0,7097.0,7097.0,,45.667,55.733,,,,0.0,,,,,,,,,,13993.0,14022.0,0.0,0.0,30.0,0.0,30.0,0.0,30.0,0.0,12.0,14.0,0.0,0.0,0.0,0.0,0.0,0.0,battery2_v
2020-09-13T02:00:00Z,30.0,30.0,,,,,14155.7,21158.0,,,,12.242,12.649,,,,7097.0,7097.0,7097.0,,66.967,80.833,,,,0.0,,,,,,,,,,14023.0,14052.0,0.0,0.0,30.0,0.0,30.0,0.0,30.0,0.0,15.0,19.0,0.0,0.0,0.0,0.0,0.0,0.0,battery2_v
2020-09-13T03:00:00Z,30.0,30.0,,,,,13435.333,13623.0,,,,12.266,12.753,,,,7097.0,7097.0,7097.0,,73.367,80.667,,,,0.0,,,,,,,,,,14053.0,14082.0,0.0,0.0,30.0,0.0,30.0,0.0,30.0,0.0,14.0,15.0,0.0,0.0,0.0,0.0,0.0,0.0,battery2_v
2020-09-13T04:00:00Z,30.0,30.0,,,,,13161.567,13377.0,,,,12.493,12.762,,,,7097.0,7097.0,7097.0,,121.133,126.1,,,,0.0,,,,,,,,,,14083.0,14112.0,0.0,0.0,30.0,0.0,30.0,0.0,30.0,0.0,30.0,30.0,0.0,0.0,0.0,0.0,0.0,0.0,battery2_v
2020-09-13T05:00:00Z,30.0,30.0,,,,,13422.933,13518.0,,,,12.374,12.564,,,,7097.0,7097.0,7097.0,,53.414,40.633,,,,0.0,,,,,,,,,,14113.0,14142.0,0.0,0.0,30.0,0.0,30.0,0.0,30.0,0.0,19.0,8.0,0.0,0.0,0.0,0.0,0.0,0.0,battery2_v
2020-09-13T06:00:00Z,30.0,30.0,,,,,14452.6,20690.0,,,,12.261,12.37,,,,7097.0,7097.0,7097.0,,16.033,4.333,,,,0.0,,,,,,,,,,14143.0,14172.0,0.0,0.0,30.0,0.0,30.0,0.0,30.0,0.0,0.0,0.0,0.0,0.0,0.0,0.0,0.0,0.0,battery2_v
2020-09-13T07:00:00Z,30.0,30.0,,,,,12455.7,15472.0,,,,12.27,12.772,,,,7097.0,7097.0,7097.0,,51.3,28.467,,,,0.0,,,,,,,,,,14173.0,14202.0,0.0,0.0,30.0,0.0,30.0,0.0,30.0,0.0,12.0,5.0,0.0,0.0,0.0,0.0,0.0,0.0,battery2_v
2020-09-13T08:00:00Z,30.0,30.0,,,,,11757.167,21485.0,,,,12.237,12.526,,,,7097.0,7097.0,7097.0,,17.0,0.267,,,,0.0,,,,,,,,,,14203.0,14232.0,0.0,0.0,30.0,0.0,30.0,0.0,30.0,0.0,2.0,1.0,0.0,0.0,0.0,0.0,0.0,0.0,battery2_v
2020-09-13T09:00:00Z,30.0,30.0,,,,,8525.633,20666.0,,,,12.204,12.308,,,,7097.0,7097.0,7097.0,,-4.393,-8.6,,,,0.0,,,,,,,,,,14233.0,14262.0,0.0,0.0,30.0,0.0,30.0,0.0,30.0,0.0,0.0,0.0,0.0,0.0,0.0,0.0,0.0,0.0,battery2_v
2020-09-13T10:00:00Z,30.0,30.0,,,,,2703.3,4883.0,,,,12.19,12.204,,,,7097.0,7097.0,7097.0,,-8.567,-3.767,,,,0.0,,,,,,,,,,14263.0,14292.0,0.0,0.0,30.0,0.0,30.0,0.0,30.0,0.0,0.0,0.0,0.0,0.0,0.0,0.0,0.0,0.0,battery2_v
2020-09-13T11:00:00Z,30.0,30.0,,,,,1082.067,1467.0,,,,12.171,12.19,,,,7097.0,7097.0,7097.0,,-8.567,-4.0,,,,0.0,,,,,,,,,,14293.0,14322.0,0.0,0.0,30.0,0.0,30.0,0.0,30.0,0.0,0.0,0.0,0.0,0.0,0.0,0.0,0.0,0.0,battery2_v
2020-09-13T12:00:00Z,30.0,30.0,,,,,1076.467,1104.0,,,,12.162,12.181,,,,7097.0,7097.0,7097.0,,-8.267,0.267,,,,0.0,,,,,,,,,,14323.0,14352.0,0.0,0.0,30.0,0.0,30.0,0.0,30.0,0.0,0.0,0.0,0.0,0.0,0.0,0.0,0.0,0.0,battery2_v
2020-09-13T13:00:00Z,30.0,30.0,,,,,1110.867,1139.0,,,,12.147,12.171,,,,7097.0,7097.0,7097.0,,-8.967,-5.933,,,,0.0,,,,,,,,,,14353.0,14382.0,0.0,0.0,30.0,0.0,30.0,0.0,30.0,0.0,0.0,0.0,0.0,0.0,0.0,0.0,0.0,0.0,battery2_v
2020-09-13T14:00:00Z,30.0,30.0,,,,,1135.833,1151.0,,,,12.138,12.162,,,,7097.0,7097.0,7097.0,,-9.267,-6.2,,,,0.0,,,,,,,,,,14383.0,14412.0,0.0,0.0,30.0,0.0,30.0,0.0,30.0,0.0,0.0,0.0,0.0,0.0,0.0,0.0,0.0,0.0,battery2_v
2020-09-13T15:00:00Z,31.0,31.0,,,,,1158.581,1186.0,,,,12.138,12.152,,,,7097.0,7097.0,7097.0,,-8.71,3.613,,,,0.0,,,,,,,,,,14413.0,14443.0,0.0,0.0,31.0,0.0,31.0,0.0,31.0,0.0,0.0,0.0,0.0,0.0,0.0,0.0,0.0,0.0,battery2_v
2020-09-13T16:00:00Z,30.0,30.0,,,,,1180.8,1198.0,,,,12.128,12.143,,,,7097.0,7097.0,7097.0,,-8.2,11.267,,,,0.0,,,,,,,,,,14444.0,14473.0,0.0,0.0,30.0,0.0,30.0,0.0,30.0,0.0,0.0,0.0,0.0,0.0,0.0,0.0,0.0,0.0,battery2_v
2020-09-13T17:00:00Z,30.0,30.0,,,,,1196.2,1209.0,,,,12.119,12.133,,,,7097.0,7097.0,7097.0,,-8.033,13.533,,,,0.0,,,,,,,,,,14474.0,14503.0,0.0,0.0,30.0,0.0,30.0,0.0,30.0,0.0,0.0,0.0,0.0,0.0,0.0,0.0,0.0,0.0,battery2_v
2020-09-13T18:00:00Z,30.0,30.0,,,,,1209.667,1233.0,,,,12.119,12.128,,,,7097.0,7097.0,7097.0,,-7.9,14.3,,,,0.0,,,,,,,,,,14504.0,14533.0,0.0,0.0,30.0,0.0,30.0,0.0,30.0,0.0,0.0,0.0,0.0,0.0,0.0,0.0,0.0,0.0,battery2_v
2020-09-13T19:00:00Z,30.0,30.0,,,,,1218.2,1233.0,,,,12.114,12.124,,,,7097.0,7097.0,7097.0,,-7.4,19.867,,,,0.0,,,,,,,,,,14534.0,14563.0,0.0,0.0,30.0,0.0,30.0,0.0,30.0,0.0,0.0,0.0,0.0,0.0,0.0,0.0,0.0,0.0,battery2_v
2020-09-13T20:00:00Z,30.0,30.0,,,,,1231.167,1256.0,,,,12.11,12.124,,,,7097.0,7097.0,7097.0,,-6.967,26.533,,,,0.0,,,,,,,,,,14564.0,14593.0,0.0,0.0,30.0,0.0,30.0,0.0,30.0,0.0,0.0,0.0,0.0,0.0,0.0,0.0,0.0,0.0,battery2_v
2020-09-13T21:00:00Z,30.0,30.0,,,,,1247.067,1279.0,,,,12.105,12.119,,,,7097.0,7097.0,7097.0,,-6.567,31.333,,,,0.0,,,,,,,,,,14594.0,14623.0,0.0,0.0,30.0,0.0,30.0,0.0,30.0,0.0,0.0,0.0,0.0,0.0,0.0,0.0,0.0,0.0,battery2_v
2020-09-13T22:00:00Z,30.0,30.0,,,,,1667.9,3409.0,,,,12.1,12.114,,,,7097.0,7097.0,7097.0,,-6.3,33.9,,,,0.0,,,,,,,,,,14624.0,14653.0,0.0,0.0,30.0,0.0,30.0,0.0,30.0,0.0,0.0,0.0,0.0,0.0,0.0,0.0,0.0,0.0,battery2_v
2020-09-13T23:00:00Z,30.0,30.0,,,,,7496.1,13962.0,,,,12.095,12.11,,,,7097.0,7097.0,7097.0,,-6.1,36.533,,,,0.0,,,,,,,,,,14654.0,14683.0,0.0,0.0,30.0,0.0,30.0,0.0,30.0,0.0,0.0,0.0,0.0,0.0,0.0,0.0,0.0,0.0,battery2_v
2020-09-14T00:00:00Z,30.0,30.0,,,,,3129.567,3432.0,,,,12.091,12.105,,,,7097.0,7097.0,7097.0,,-5.733,42.367,,,,0.0,,,,,,,,,,14684.0,14713.0,0.0,0.0,30.0,0.0,30.0,0.0,30.0,0.0,0.0,0.0,0.0,0.0,0.0,0.0,0.0,0.0,battery2_v
2020-09-14T01:00:00Z,30.0,30.0,,,,,6042.867,15553.0,,,,12.086,12.1,,,,7097.0,7097.0,7097.0,,-5.133,44.533,,,,0.0,,,,,,,,,,14714.0,14743.0,0.0,0.0,30.0,0.0,30.0,0.0,30.0,0.0,0.0,3.0,0.0,0.0,0.0,0.0,0.0,0.0,battery2_v
2020-09-14T02:00:00Z,12.0,12.0,,,,,13780.917,13834.0,,,,12.105,12.19,,,,7097.0,7097.0,7097.0,,18.5,59.417,,,,0.0,,,,,,,,,,14744.0,14771.0,0.0,0.0,12.0,0.0,12.0,0.0,12.0,0.0,0.0,10.0,0.0,0.0,0.0,0.0,0.0,0.0,battery2_v
2020-09-14T03:00:00Z,23.0,23.0,,,,,14345.783,22059.0,,,,12.181,12.417,,,,7097.0,7097.0,7097.0,,61.087,113.043,,,,0.0,,,,,,,,,,14772.0,14800.0,0.0,0.0,23.0,0.0,23.0,0.0,23.0,0.0,17.0,22.0,0.0,0.0,0.0,0.0,0.0,0.0,battery2_v
2020-09-14T04:00:00Z,24.0,24.0,,,,,14402.958,21017.0,,,,12.199,12.512,,,,7097.0,7097.0,7097.0,,54.208,93.667,,,,0.0,,,,,,,,,,14804.0,14829.0,0.0,0.0,24.0,0.0,24.0,0.0,24.0,0.0,15.0,18.0,0.0,0.0,0.0,0.0,0.0,0.0,battery2_v
2020-09-14T05:00:00Z,23.0,23.0,,,,,15186.652,21696.0,,,,12.256,12.696,,,,7097.0,7097.0,7097.0,,83.0,123.0,,,,0.0,,,,,,,,,,14830.0,14858.0,0.0,0.0,23.0,0.0,23.0,0.0,23.0,0.0,17.0,19.0,0.0,0.0,0.0,0.0,0.0,0.0,battery2_v
2020-09-14T06:00:00Z,24.0,24.0,,,,,13552.708,21427.0,,,,12.365,12.687,,,,7097.0,7097.0,7097.0,,108.958,140.333,,,,0.0,,,,,,,,,,14860.0,14887.0,0.0,0.0,24.0,0.0,24.0,0.0,24.0,0.0,23.0,23.0,0.0,0.0,0.0,0.0,0.0,0.0,battery2_v
2020-09-14T07:00:00Z,25.0,25.0,,,,,13507.8,13564.0,,,,12.327,12.474,,,,7097.0,7097.0,7097.0,,41.72,68.6,,,,0.0,,,,,,,,,,14888.0,14916.0,0.0,0.0,25.0,0.0,25.0,0.0,25.0,0.0,5.0,23.0,0.0,0.0,0.0,0.0,0.0,0.0,battery2_v
2020-09-14T08:00:00Z,23.0,23.0,,,,,13724.696,19461.0,,,,12.256,12.71,,,,7097.0,7097.0,7097.0,,59.0,76.87,,,,0.0,,,,,,,,,,14917.0,14945.0,0.0,0.0,23.0,0.0,23.0,0.0,23.0,0.0,9.0,12.0,0.0,0.0,0.0,0.0,0.0,0.0,battery2_v
2020-09-14T09:00:00Z,28.0,28.0,,,,,6680.679,15355.0,,,,12.199,12.668,,,,7097.0,7097.0,7097.0,,19.393,48.036,,,,0.0,,,,,,,,,,14946.0,14975.0,0.0,0.0,28.0,0.0,28.0,0.0,28.0,0.0,4.0,7.0,0.0,0.0,0.0,0.0,0.0,0.0,battery2_v
2020-09-14T10:00:00Z,30.0,30.0,,,,,2587.8,3924.0,,,,12.162,12.304,,,,7097.0,7097.0,7097.0,,-4.067,30.167,,,,0.0,,,,,,,,,,14976.0,15005.0,0.0,0.0,30.0,0.0,30.0,0.0,30.0,0.0,0.0,2.0,0.0,0.0,0.0,0.0,0.0,0.0,battery2_v
2020-09-14T11:00:00Z,30.0,30.0,,,,,1122.333,1373.0,,,,12.147,12.166,,,,7097.0,7097.0,7097.0,,-6.2,26.033,,,,0.0,,,,,,,,,,15006.0,15035.0,0.0,0.0,30.0,0.0,30.0,0.0,30.0,0.0,0.0,0.0,0.0,0.0,0.0,0.0,0.0,0.0,battery2_v
2020-09-14T12:00:00Z,30.0,30.0,,,,,1140.133,1162.0,,,,12.133,12.152,,,,7097.0,7097.0,7097.0,,-5.967,29.067,,,,0.0,,,,,,,,,,15036.0,15065.0,0.0,0.0,30.0,0.0,30.0,0.0,30.0,0.0,0.0,0.0,0.0,0.0,0.0,0.0,0.0,0.0,battery2_v
2020-09-14T13:00:00Z,26.0,26.0,,,,,1121.962,1198.0,,,,12.119,12.223,,,,7097.0,7097.0,7097.0,,-4.923,29.731,,,,0.0,,,,,,,,,,15066.0,15095.0,0.0,0.0,26.0,0.0,26.0,0.0,26.0,0.0,0.0,1.0,0.0,0.0,0.0,0.0,0.0,0.0,battery2_v
2020-09-14T14:00:00Z,30.0,30.0,,,,,1137.567,1244.0,,,,12.114,12.185,,,,7097.0,7097.0,7097.0,,-4.967,23.867,,,,0.0,,,,,,,,,,15096.0,15125.0,0.0,0.0,30.0,0.0,30.0,0.0,30.0,0.0,0.0,0.0,0.0,0.0,0.0,0.0,0.0,0.0,battery2_v
2020-09-14T15:00:00Z,31.0,31.0,,,,,1232.226,1291.0,,,,12.095,12.124,,,,7097.0,7097.0,7097.0,,-6.645,30.387,,,,0.0,,,,,,,,,,15126.0,15156.0,0.0,0.0,31.0,0.0,31.0,0.0,31.0,0.0,0.0,0.0,0.0,0.0,0.0,0.0,0.0,0.0,battery2_v
2020-09-14T16:00:00Z,29.0,29.0,,,,,1278.621,1315.0,,,,12.091,12.11,,,,7097.0,7097.0,7097.0,,-6.414,33.483,,,,0.0,,,,,,,,,,15157.0,15186.0,0.0,0.0,29.0,0.0,29.0,0.0,29.0,0.0,0.0,0.0,0.0,0.0,0.0,0.0,0.0,0.0,battery2_v
2020-09-14T17:00:00Z,30.0,30.0,,,,,1320.1,1350.0,,,,12.076,12.095,,,,7097.0,7097.0,7097.0,,-6.267,32.8,,,,0.0,,,,,,,,,,15187.0,15216.0,0.0,0.0,30.0,0.0,30.0,0.0,30.0,0.0,0.0,0.0,0.0,0.0,0.0,0.0,0.0,0.0,battery2_v
2020-09-14T18:00:00Z,30.0,30.0,,,,,1354.367,1385.0,,,,12.067,12.081,,,,7097.0,7097.0,7097.0,,-6.033,36.867,,,,0.0,,,,,,,,,,15217.0,15246.0,0.0,0.0,30.0,0.0,30.0,0.0,30.0,0.0,0.0,0.0,0.0,0.0,0.0,0.0,0.0,0.0,battery2_v
2020-09-14T19:00:00Z,30.0,30.0,,,,,1381.467,1396.0,,,,12.062,12.076,,,,7097.0,7097.0,7097.0,,-6.0,37.167,,,,0.0,,,,,,,,,,15247.0,15276.0,0.0,0.0,30.0,0.0,30.0,0.0,30.0,0.0,0.0,0.0,0.0,0.0,0.0,0.0,0.0,0.0,battery2_v
2020-09-14T20:00:00Z,30.0,30.0,,,,,1397.367,1420.0,,,,12.058,12.076,,,,7097.0,7097.0,7097.0,,-5.733,38.767,,,,0.0,,,,,,,,,,15277.0,15306.0,0.0,0.0,30.0,0.0,30.0,0.0,30.0,0.0,0.0,0.0,0.0,0.0,0.0,0.0,0.0,0.0,battery2_v
2020-09-14T21:00:00Z,30.0,30.0,,,,,1411.2,1432.0,,,,12.048,12.067,,,,7097.0,7097.0,7097.0,,-5.467,42.967,,,,0.0,,,,,,,,,,15307.0,15336.0,0.0,0.0,30.0,0.0,30.0,0.0,30.0,0.0,0.0,0.0,0.0,0.0,0.0,0.0,0.0,0.0,battery2_v
2020-09-14T22:00:00Z,30.0,30.0,,,,,3135.467,13003.0,,,,12.048,12.058,,,,7097.0,7097.0,7097.0,,-5.167,45.367,,,,0.0,,,,,,,,,,15337.0,15366.0,0.0,0.0,30.0,0.0,30.0,0.0,30.0,0.0,0.0,3.0,0.0,0.0,0.0,0.0,0.0,0.0,battery2_v
2020-09-14T23:00:00Z,30.0,30.0,,,,,8423.067,16677.0,,,,12.029,12.095,,,,7097.0,7097.0,7097.0,,-1.167,53.4,,,,0.0,,,,,,,,,,15367.0,15396.0,0.0,0.0,30.0,0.0,30.0,0.0,30.0,0.0,0.0,19.0,0.0,0.0,0.0,0.0,0.0,0.0,battery2_v
2020-09-15T00:00:00Z,30.0,30.0,,,,,13845.3,20046.0,,,,12.043,12.744,,,,7097.0,7097.0,7097.0,,37.833,93.1,,,,0.0,,,,,,,,,,15397.0,15426.0,0.0,0.0,30.0,0.0,30.0,0.0,30.0,0.0,2.0,22.0,0.0,0.0,0.0,0.0,0.0,0.0,battery2_v
2020-09-15T01:00:00Z,24.0,24.0,,,,,14540.0,21883.0,,,,12.105,12.777,,,,7097.0,7097.0,7097.0,,88.375,135.542,,,,0.0,,,,,,,,,,15427.0,15455.0,0.0,0.0,24.0,0.0,24.0,0.0,24.0,0.0,19.0,22.0,0.0,0.0,0.0,0.0,0.0,0.0,battery2_v
2020-09-15T02:00:00Z,7.0,7.0,,,,,13392.571,13635.0,,,,12.261,12.644,,,,7097.0,7097.0,7097.0,,87.0,130.0,,,,0.0,,,,,,,,,,15456.0,15482.0,0.0,0.0,7.0,0.0,7.0,0.0,7.0,0.0,4.0,6.0,0.0,0.0,0.0,0.0,0.0,0.0,battery2_v
2020-09-15T03:00:00Z,13.0,13.0,,,,,14443.692,21790.0,,,,12.251,12.696,,,,7097.0,7097.0,7097.0,,106.25,121.692,,,,0.0,,,,,,,,,,15485.0,15510.0,0.0,0.0,13.0,0.0,13.0,0.0,13.0,0.0,8.0,8.0,0.0,0.0,0.0,0.0,0.0,0.0,battery2_v
2020-09-15T04:00:00Z,23.0,23.0,,,,,13279.043,13600.0,,,,12.28,12.748,,,,7097.0,7097.0,7097.0,,109.348,129.87,,,,0.0,,,,,,,,,,15511.0,15539.0,0.0,0.0,23.0,0.0,23.0,0.0,23.0,0.0,16.0,18.0,0.0,0.0,0.0,0.0,0.0,0.0,battery2_v
2020-09-15T05:00:00Z,30.0,30.0,,,,,13498.133,21333.0,,,,12.176,13.079,,,,7097.0,7097.0,7097.0,,120.167,127.833,,,,0.033,,,,,,,,,,15540.0,15569.0,0.0,0.0,30.0,0.0,30.0,0.0,30.0,0.0,22.0,25.0,0.0,0.0,0.0,0.0,0.0,0.0,battery2_v
2020-09-15T06:00:00Z,18.0,18.0,,,,,13743.222,18139.0,,,,12.218,12.625,,,,7097.0,7097.0,7097.0,,45.333,56.667,,,,0.0,,,,,,,,,,15570.0,15597.0,0.0,0.0,18.0,0.0,18.0,0.0,18.0,0.0,6.0,6.0,0.0,0.0,0.0,0.0,0.0,0.0,battery2_v
2020-09-15T07:00:00Z,18.0,18.0,,,,,13557.222,14021.0,,,,11.953,12.819,,,,7097.0,7097.0,7097.0,,36.222,31.833,,,,0.056,,,,,,,,,,15598.0,15623.0,0.0,0.0,18.0,0.0,18.0,0.0,18.0,0.0,5.0,5.0,0.0,0.0,0.0,0.0,0.0,0.0,battery2_v
2020-09-15T08:00:00Z,27.0,27.0,,,,,8614.926,21169.0,,,,12.166,12.516,,,,7097.0,7097.0,7097.0,,6.852,16.037,,,,0.0,,,,,,,,,,15627.0,15655.0,0.0,0.0,27.0,0.0,27.0,0.0,27.0,0.0,2.0,3.0,0.0,0.0,0.0,0.0,0.0,0.0,battery2_v
2020-09-15T09:00:00Z,17.0,17.0,,,,,4967.647,13763.0,,,,12.152,12.171,,,,7097.0,7097.0,7097.0,,-7.375,1.294,,,,0.0,,,,,,,,,,15656.0,15672.0,0.0,0.0,17.0,0.0,17.0,0.0,17.0,0.0,0.0,0.0,0.0,0.0,0.0,0.0,0.0,0.0,battery2_v
2020-09-15T10:00:00Z,5.0,5.0,,,,,566.6,1736.0,,,,12.19,12.568,,,,7097.0,7097.0,7097.0,,81.6,100.0,,,,0.0,,,,,,,,,,15707.0,15711.0,0.0,0.0,3.0,0.0,5.0,0.0,5.0,0.0,4.0,4.0,0.0,0.0,0.0,0.0,0.0,0.0,battery2_v
2020-09-15T11:00:00Z,30.0,30.0,,,,,377.9,1045.0,,,,12.181,12.999,,,,7097.0,7097.0,7097.0,,63.966,79.667,,,,0.033,,,,,,,,,,15712.0,15741.0,0.0,0.0,13.0,0.0,30.0,0.0,30.0,0.0,12.0,14.0,0.0,0.0,0.0,0.0,0.0,0.0,battery2_v
2020-09-15T12:00:00Z,30.0,30.0,,,,,1116.333,1174.0,,,,12.133,12.19,,,,7097.0,7097.0,7097.0,,-7.433,9.967,,,,0.0,,,,,,,,,,15742.0,15771.0,0.0,0.0,30.0,0.0,30.0,0.0,30.0,0.0,0.0,0.0,0.0,0.0,0.0,0.0,0.0,0.0,battery2_v
2020-09-15T13:00:00Z,31.0,31.0,,,,,1182.516,1221.0,,,,12.119,12.143,,,,7097.0,7097.0,7097.0,,-7.968,5.355,,,,0.0,,,,,,,,,,15772.0,15802.0,0.0,0.0,31.0,0.0,31.0,0.0,31.0,0.0,0.0,0.0,0.0,0.0,0.0,0.0,0.0,0.0,battery2_v
2020-09-15T14:00:00Z,30.0,30.0,,,,,1202.733,1221.0,,,,12.114,12.128,,,,7097.0,7097.0,7097.0,,-8.967,-0.533,,,,0.0,,,,,,,,,,15803.0,15832.0,0.0,0.0,30.0,0.0,30.0,0.0,30.0,0.0,0.0,0.0,0.0,0.0,0.0,0.0,0.0,0.0,battery2_v
2020-09-15T15:00:00Z,30.0,30.0,,,,,1217.433,1244.0,,,,12.105,12.124,,,,7097.0,7097.0,7097.0,,-8.433,3.933,,,,0.0,,,,,,,,,,15833.0,15862.0,0.0,0.0,30.0,0.0,30.0,0.0,30.0,0.0,0.0,0.0,0.0,0.0,0.0,0.0,0.0,0.0,battery2_v
2020-09-15T16:00:00Z,30.0,30.0,,,,,1241.3,1268.0,,,,12.1,12.119,,,,7097.0,7097.0,7097.0,,-8.167,10.267,,,,0.0,,,,,,,,,,15863.0,15892.0,0.0,0.0,30.0,0.0,30.0,0.0,30.0,0.0,0.0,0.0,0.0,0.0,0.0,0.0,0.0,0.0,battery2_v
2020-09-15T17:00:00Z,30.0,30.0,,,,,1268.467,1315.0,,,,12.095,12.11,,,,7097.0,7097.0,7097.0,,-7.533,17.167,,,,0.0,,,,,,,,,,15893.0,15922.0,0.0,0.0,30.0,0.0,30.0,0.0,30.0,0.0,0.0,0.0,0.0,0.0,0.0,0.0,0.0,0.0,battery2_v
2020-09-15T18:00:00Z,30.0,30.0,,,,,1297.267,1326.0,,,,12.081,12.1,,,,7097.0,7097.0,7097.0,,-7.167,22.833,,,,0.0,,,,,,,,,,15923.0,15952.0,0.0,0.0,30.0,0.0,30.0,0.0,30.0,0.0,0.0,0.0,0.0,0.0,0.0,0.0,0.0,0.0,battery2_v
2020-09-15T19:00:00Z,30.0,30.0,,,,,1333.733,1361.0,,,,12.072,12.095,,,,7097.0,7097.0,7097.0,,-6.767,27.1,,,,0.0,,,,,,,,,,15953.0,15982.0,0.0,0.0,30.0,0.0,30.0,0.0,30.0,0.0,0.0,0.0,0.0,0.0,0.0,0.0,0.0,0.0,battery2_v
2020-09-15T20:00:00Z,30.0,30.0,,,,,1382.7,1396.0,,,,12.058,12.081,,,,7097.0,7097.0,7097.0,,-6.8,30.467,,,,0.0,,,,,,,,,,15983.0,16012.0,0.0,0.0,30.0,0.0,30.0,0.0,30.0,0.0,0.0,0.0,0.0,0.0,0.0,0.0,0.0,0.0,battery2_v
2020-09-15T21:00:00Z,30.0,30.0,,,,,1401.7,1432.0,,,,12.053,12.067,,,,7097.0,7097.0,7097.0,,-6.133,36.0,,,,0.0,,,,,,,,,,16013.0,16042.0,0.0,0.0,30.0,0.0,30.0,0.0,30.0,0.0,0.0,0.0,0.0,0.0,0.0,0.0,0.0,0.0,battery2_v
2020-09-15T22:00:00Z,30.0,30.0,,,,,3011.867,12383.0,,,,12.048,12.062,,,,7097.0,7097.0,7097.0,,-5.833,39.633,,,,0.0,,,,,,,,,,16043.0,16072.0,0.0,0.0,30.0,0.0,30.0,0.0,30.0,0.0,0.0,0.0,0.0,0.0,0.0,0.0,0.0,0.0,battery2_v
2020-09-15T23:00:00Z,30.0,30.0,,,,,6539.8,16630.0,,,,12.034,12.086,,,,7097.0,7097.0,7097.0,,-4.233,39.633,,,,0.0,,,,,,,,,,16073.0,16102.0,0.0,0.0,30.0,0.0,30.0,0.0,30.0,0.0,0.0,0.0,0.0,0.0,0.0,0.0,0.0,0.0,battery2_v
2020-09-16T00:00:00Z,29.0,29.0,,,,,13995.724,16513.0,,,,12.039,12.247,,,,7097.0,7097.0,7097.0,,24.036,68.483,,,,0.0,,,,,,,,,,16103.0,16132.0,0.0,0.0,29.0,0.0,29.0,0.0,29.0,0.0,5.0,20.0,0.0,0.0,0.0,0.0,0.0,0.0,battery2_v
2020-09-16T01:00:00Z,8.0,8.0,,,,,14529.75,20304.0,,,,12.091,12.356,,,,7097.0,7097.0,7097.0,,36.375,83.375,,,,0.0,,,,,,,,,,16133.0,16144.0,0.0,0.0,8.0,0.0,8.0,0.0,8.0,0.0,3.0,4.0,0.0,0.0,0.0,0.0,0.0,0.0,battery2_v
2020-09-16T02:00:00Z,13.0,13.0,,,,,13692.385,13752.0,,,,12.166,12.346,,,,7097.0,7097.0,7097.0,,38.231,76.385,,,,0.0,,,,,,,,,,16165.0,16187.0,0.0,0.0,13.0,0.0,13.0,0.0,13.0,0.0,3.0,11.0,0.0,0.0,0.0,0.0,0.0,0.0,battery2_v
2020-09-16T03:00:00Z,25.0,25.0,,,,,14468.56,22749.0,,,,12.062,13.486,,,,7097.0,7097.0,7097.0,,133.24,124.68,,,,0.16,,,,,,,,,,16189.0,16217.0,0.0,0.0,25.0,0.0,25.0,0.0,25.0,0.0,17.0,21.0,0.0,0.0,0.0,0.0,0.0,0.0,battery2_v
2020-09-16T04:00:00Z,9.0,9.0,,,,,13222.556,13483.0,,,,12.412,12.701,,,,7097.0,7097.0,7097.0,,130.333,152.889,,,,0.0,,,,,,,,,,16219.0,16245.0,0.0,0.0,9.0,0.0,9.0,0.0,9.0,0.0,8.0,9.0,0.0,0.0,0.0,0.0,0.0,0.0,battery2_v
2020-09-16T05:00:00Z,23.0,23.0,,,,,13505.391,17940.0,,,,12.048,12.956,,,,7097.0,7097.0,7097.0,,102.261,116.565,,,,0.043,,,,,,,,,,16247.0,16273.0,0.0,0.0,23.0,0.0,23.0,0.0,23.0,0.0,20.0,23.0,0.0,0.0,0.0,0.0,0.0,0.0,battery2_v
2020-09-16T06:00:00Z,28.0,28.0,,,,,14136.893,21415.0,,,,11.972,13.098,,,,7097.0,7097.0,7097.0,,97.357,108.714,,,,0.071,,,,,,,,,,16275.0,16302.0,0.0,0.0,28.0,0.0,28.0,0.0,28.0,0.0,25.0,26.0,0.0,0.0,0.0,0.0,0.0,0.0,battery2_v
2020-09-16T07:00:00Z,19.0,19.0,,,,,13385.895,13541.0,,,,12.341,12.54,,,,7097.0,7097.0,7097.0,,72.684,91.0,,,,0.0,,,,,,,,,,16304.0,16325.0,0.0,0.0,19.0,0.0,19.0,0.0,19.0,0.0,17.0,18.0,0.0,0.0,0.0,0.0,0.0,0.0,battery2_v
2020-09-16T08:00:00Z,26.0,26.0,,,,,13525.731,13611.0,,,,12.275,12.554,,,,7097.0,7097.0,7097.0,,34.154,35.423,,,,0.0,,,,,,,,,,16336.0,16361.0,0.0,0.0,26.0,0.0,26.0,0.0,26.0,0.0,5.0,5.0,0.0,0.0,0.0,0.0,0.0,0.0,battery2_v
2020-09-16T09:00:00Z,30.0,30.0,,,,,10815.333,14711.0,,,,12.19,12.658,,,,7097.0,7097.0,7097.0,,17.033,21.333,,,,0.0,,,,,,,,,,16362.0,16391.0,0.0,0.0,30.0,0.0,30.0,0.0,30.0,0.0,4.0,5.0,0.0,0.0,0.0,0.0,0.0,0.0,battery2_v
2020-09-16T10:00:00Z,30.0,30.0,,,,,2383.167,4860.0,,,,12.166,12.786,,,,7097.0,7097.0,7097.0,,50.967,76.867,,,,0.0,,,,,,,,,,16392.0,16421.0,0.0,0.0,27.0,0.0,30.0,0.0,30.0,0.0,11.0,12.0,0.0,0.0,0.0,0.0,0.0,0.0,battery2_v
2020-09-16T11:00:00Z,30.0,30.0,,,,,233.433,1771.0,,,,11.878,13.283,,,,7097.0,7097.0,7097.0,,75.233,83.867,,,,0.167,,,,,,,,,,16422.0,16451.0,0.0,0.0,10.0,0.0,30.0,0.0,30.0,0.0,21.0,25.0,0.0,0.0,0.0,0.0,0.0,0.0,battery2_v
2020-09-16T12:00:00Z,31.0,31.0,,,,,783.871,1057.0,,,,12.176,12.62,,,,7097.0,7097.0,7097.0,,8.533,28.548,,,,0.0,,,,,,,,,,16452.0,16482.0,0.0,0.0,27.0,0.0,31.0,0.0,31.0,0.0,3.0,3.0,0.0,0.0,0.0,0.0,0.0,0.0,battery2_v
2020-09-16T13:00:00Z,30.0,30.0,,,,,971.267,1127.0,,,,12.152,12.294,,,,7097.0,7097.0,7097.0,,-2.267,20.1,,,,0.0,,,,,,,,,,16483.0,16512.0,0.0,0.0,29.0,0.0,30.0,0.0,30.0,0.0,1.0,2.0,0.0,0.0,0.0,0.0,0.0,0.0,battery2_v
2020-09-16T14:00:00Z,30.0,30.0,,,,,1057.8,1162.0,,,,12.133,12.568,,,,7097.0,7097.0,7097.0,,-1.4,10.8,,,,0.0,,,,,,,,,,16513.0,16542.0,0.0,0.0,29.0,0.0,30.0,0.0,30.0,0.0,1.0,2.0,0.0,0.0,0.0,0.0,0.0,0.0,battery2_v
2020-09-16T15:00:00Z,30.0,30.0,,,,,142.433,730.0,,,,12.223,12.625,,,,7097.0,7097.0,7097.0,,67.967,94.667,,,,0.0,,,,,,,,,,16543.0,16572.0,0.0,0.0,12.0,0.0,30.0,0.0,30.0,0.0,14.0,20.0,0.0,0.0,0.0,0.0,0.0,0.0,battery2_v
2020-09-16T16:00:00Z,30.0,30.0,,,,,443.733,1092.0,,,,12.176,12.531,,,,7097.0,7097.0,7097.0,,32.679,57.767,,,,0.0,,,,,,,,,,16573.0,16602.0,0.0,0.0,21.0,0.0,30.0,0.0,30.0,0.0,8.0,11.0,0.0,0.0,0.0,0.0,0.0,0.0,battery2_v
2020-09-16T17:00:00Z,30.0,30.0,,,,,838.633,1162.0,,,,12.143,12.379,,,,7097.0,7097.0,7097.0,,7.433,33.933,,,,0.0,,,,,,,,,,16603.0,16632.0,0.0,0.0,25.0,0.0,30.0,0.0,30.0,0.0,3.0,5.0,0.0,0.0,0.0,0.0,0.0,0.0,battery2_v
2020-09-16T18:00:00Z,30.0,30.0,,,,,657.467,1151.0,,,,12.147,12.526,,,,7097.0,7097.0,7097.0,,23.167,50.5,,,,0.0,,,,,,,,,,16633.0,16662.0,0.0,0.0,25.0,0.0,30.0,0.0,30.0,0.0,6.0,11.0,0.0,0.0,0.0,0.0,0.0,0.0,battery2_v
2020-09-16T19:00:00Z,30.0,30.0,,,,,1060.433,1209.0,,,,12.124,12.502,,,,7097.0,7097.0,7097.0,,1.2,33.5,,,,0.0,,,,,,,,,,16663.0,16692.0,0.0,0.0,29.0,0.0,30.0,0.0,30.0,0.0,1.0,2.0,0.0,0.0,0.0,0.0,0.0,0.0,battery2_v
2020-09-16T20:00:00Z,30.0,30.0,,,,,1189.467,1221.0,,,,12.119,12.138,,,,7097.0,7097.0,7097.0,,-6.9,26.633,,,,0.0,,,,,,,,,,16693.0,16722.0,0.0,0.0,30.0,0.0,30.0,0.0,30.0,0.0,0.0,0.0,0.0,0.0,0.0,0.0,0.0,0.0,battery2_v
2020-09-16T21:00:00Z,30.0,30.0,,,,,899.3,1221.0,,,,12.119,12.497,,,,7097.0,7097.0,7097.0,,13.067,47.633,,,,0.0,,,,,,,,,,16723.0,16752.0,0.0,0.0,27.0,0.0,30.0,0.0,30.0,0.0,3.0,7.0,0.0,0.0,0.0,0.0,0.0,0.0,battery2_v
2020-09-16T22:00:00Z,30.0,30.0,,,,,2180.7,8756.0,,,,12.114,12.171,,,,7097.0,7097.0,7097.0,,-4.967,32.467,,,,0.0,,,,,,,,,,16753.0,16782.0,0.0,0.0,30.0,0.0,30.0,0.0,30.0,0.0,0.0,1.0,0.0,0.0,0.0,0.0,0.0,0.0,battery2_v
2020-09-16T23:00:00Z,30.0,30.0,,,,,5651.367,13483.0,,,,12.119,12.389,,,,7097.0,7097.0,7097.0,,28.567,66.767,,,,0.0,,,,,,,,,,16783.0,16812.0,0.0,0.0,30.0,0.0,30.0,0.0,30.0,0.0,7.0,14.0,0.0,0.0,0.0,0.0,0.0,0.0,battery2_v
2020-09-17T00:00:00Z,30.0,30.0,,,,,13847.1,21368.0,,,,12.119,12.8,,,,7097.0,7097.0,7097.0,,62.2,101.133,,,,0.0,,,,,,,,,,16813.0,16842.0,0.0,0.0,30.0,0.0,30.0,0.0,30.0,0.0,13.0,19.0,0.0,0.0,0.0,0.0,0.0,0.0,battery2_v
2020-09-17T01:00:00Z,16.0,16.0,,,,,13894.312,22024.0,,,,12.294,13.169,,,,7097.0,7097.0,7097.0,,98.812,133.0,,,,0.062,,,,,,,,,,16843.0,16866.0,0.0,0.0,16.0,0.0,16.0,0.0,16.0,0.0,14.0,15.0,0.0,0.0,0.0,0.0,0.0,0.0,battery2_v
2020-09-17T02:00:00Z,16.0,16.0,,,,,13186.438,13834.0,,,,12.128,13.24,,,,7097.0,7097.0,7097.0,,123.062,98.5,,,,0.312,,,,,,,,,,16873.0,16899.0,0.0,0.0,16.0,0.0,16.0,0.0,16.0,0.0,14.0,15.0,0.0,0.0,0.0,0.0,0.0,0.0,battery2_v
2020-09-17T03:00:00Z,26.0,26.0,,,,,13962.231,21988.0,,,,11.968,13.34,,,,7097.0,7097.0,7097.0,,101.462,73.385,,,,0.308,,,,,,,,,,16901.0,16928.0,0.0,0.0,26.0,0.0,26.0,0.0,26.0,0.0,21.0,23.0,0.0,0.0,0.0,0.0,0.0,0.0,battery2_v
2020-09-17T04:00:00Z,25.0,25.0,,,,,13447.92,13997.0,,,,11.972,12.975,,,,7097.0,7097.0,7097.0,,42.04,3.84,,,,0.32,,,,,,,,,,16929.0,16958.0,0.0,0.0,25.0,0.0,25.0,0.0,25.0,0.0,12.0,20.0,0.0,0.0,0.0,0.0,0.0,0.0,battery2_v
2020-09-17T05:00:00Z,29.0,29.0,,,,,13286.0,14009.0,,,,11.968,13.084,,,,7097.0,7097.0,7097.0,,89.621,57.448,,,,0.241,,,,,,,,,,16959.0,16988.0,0.0,0.0,29.0,0.0,29.0,0.0,29.0,0.0,22.0,27.0,0.0,0.0,0.0,0.0,0.0,0.0,battery2_v
2020-09-17T06:00:00Z,24.0,24.0,,,,,13194.458,13775.0,,,,12.171,12.81,,,,7097.0,7097.0,7097.0,,99.083,100.333,,,,0.042,,,,,,,,,,16989.0,17013.0,0.0,0.0,24.0,0.0,24.0,0.0,24.0,0.0,20.0,20.0,0.0,0.0,0.0,0.0,0.0,0.0,battery2_v
2020-09-17T07:00:00Z,12.0,12.0,,,,,14106.5,21134.0,,,,12.076,12.668,,,,7097.0,7097.0,7097.0,,32.583,3.083,,,,0.083,,,,,,,,,,17018.0,17045.0,0.0,0.0,12.0,0.0,12.0,0.0,12.0,0.0,6.0,7.0,0.0,0.0,0.0,0.0,0.0,0.0,battery2_v
2020-09-17T08:00:00Z,29.0,29.0,,,,,12861.69,20561.0,,,,12.228,12.479,,,,7097.0,7097.0,7097.0,,10.552,9.069,,,,0.0,,,,,,,,,,17047.0,17075.0,0.0,0.0,29.0,0.0,29.0,0.0,29.0,0.0,1.0,1.0,0.0,0.0,0.0,0.0,0.0,0.0,battery2_v
2020-09-17T09:00:00Z,30.0,30.0,,,,,9339.6,17835.0,,,,11.996,12.928,,,,7097.0,7097.0,7097.0,,49.931,40.467,,,,0.067,,,,,,,,,,17076.0,17105.0,0.0,0.0,30.0,0.0,30.0,0.0,30.0,0.0,14.0,15.0,0.0,0.0,0.0,0.0,0.0,0.0,battery2_v
2020-09-17T10:00:00Z,30.0,30.0,,,,,1863.367,4731.0,,,,12.043,13.283,,,,7097.0,7097.0,7097.0,,74.567,55.5,,,,0.333,,,,,,,,,,17106.0,17135.0,0.0,0.0,24.0,0.0,30.0,0.0,30.0,0.0,21.0,25.0,0.0,0.0,0.0,0.0,0.0,0.0,battery2_v
2020-09-17T11:00:00Z,30.0,30.0,,,,,513.433,964.0,,,,12.005,13.089,,,,7097.0,7097.0,7097.0,,29.633,30.6,,,,0.1,,,,,,,,,,17136.0,17165.0,0.0,0.0,18.0,0.0,30.0,0.0,30.0,0.0,11.0,9.0,0.0,0.0,0.0,0.0,0.0,0.0,battery2_v
2020-09-17T12:00:00Z,30.0,30.0,,,,,986.633,1010.0,,,,12.195,12.228,,,,7097.0,7097.0,7097.0,,-7.8,6.167,,,,0.0,,,,,,,,,,17166.0,17195.0,0.0,0.0,30.0,0.0,30.0,0.0,30.0,0.0,0.0,0.0,0.0,0.0,0.0,0.0,0.0,0.0,battery2_v
2020-09-17T13:00:00Z,30.0,30.0,,,,,1031.7,1092.0,,,,12.181,12.204,,,,7097.0,7097.0,7097.0,,-8.233,2.633,,,,0.0,,,,,,,,,,17196.0,17225.0,0.0,0.0,30.0,0.0,30.0,0.0,30.0,0.0,0.0,0.0,0.0,0.0,0.0,0.0,0.0,0.0,battery2_v
2020-09-17T14:00:00Z,28.0,28.0,,,,,1069.0,1081.0,,,,12.171,12.185,,,,7097.0,7097.0,7097.0,,-9.321,-5.5,,,,0.0,,,,,,,,,,17226.0,17255.0,0.0,0.0,28.0,0.0,28.0,0.0,28.0,0.0,0.0,0.0,0.0,0.0,0.0,0.0,0.0,0.0,battery2_v
2020-09-17T15:00:00Z,30.0,30.0,,,,,847.3,1104.0,,,,12.166,12.54,,,,7097.0,7097.0,7097.0,,14.533,29.2,,,,0.0,,,,,,,,,,17256.0,17285.0,0.0,0.0,24.0,0.0,30.0,0.0,30.0,0.0,5.0,6.0,0.0,0.0,0.0,0.0,0.0,0.0,battery2_v
2020-09-17T16:00:00Z,30.0,30.0,,,,,120.567,893.0,,,,12.233,12.687,,,,7097.0,7097.0,7097.0,,60.333,79.533,,,,0.0,,,,,,,,,,17286.0,17315.0,0.0,0.0,6.0,0.0,30.0,0.0,30.0,0.0,13.0,18.0,0.0,0.0,0.0,0.0,0.0,0.0,battery2_v
2020-09-17T17:00:00Z,30.0,30.0,,,,,521.6,1022.0,,,,12.199,12.734,,,,7097.0,7097.0,7097.0,,13.967,43.067,,,,0.0,,,,,,,,,,17316.0,17345.0,0.0,0.0,21.0,0.0,30.0,0.0,30.0,0.0,2.0,7.0,0.0,0.0,0.0,0.0,0.0,0.0,battery2_v
2020-09-17T18:00:00Z,31.0,31.0,,,,,357.903,1034.0,,,,11.977,12.852,,,,7097.0,7097.0,7097.0,,40.742,63.806,,,,0.032,,,,,,,,,,17346.0,17376.0,0.0,0.0,14.0,0.0,31.0,0.0,31.0,0.0,13.0,16.0,0.0,0.0,0.0,0.0,0.0,0.0,battery2_v
2020-09-17T19:00:00Z,30.0,30.0,,,,,74.033,823.0,,,,11.987,12.867,,,,7097.0,7097.0,7097.0,,72.0,95.467,,,,0.033,,,,,,,,,,17377.0,17406.0,0.0,0.0,5.0,0.0,30.0,0.0,30.0,0.0,21.0,22.0,0.0,0.0,0.0,0.0,0.0,0.0,battery2_v
2020-09-17T20:00:00Z,30.0,30.0,,,,,61.9,741.0,,,,11.996,12.843,,,,7097.0,7097.0,7097.0,,73.5,72.833,,,,0.133,,,,,,,,,,17407.0,17436.0,0.0,0.0,5.0,0.0,30.0,0.0,30.0,0.0,23.0,25.0,0.0,0.0,0.0,0.0,0.0,0.0,battery2_v
2020-09-17T21:00:00Z,30.0,30.0,,,,,78.667,1525.0,,,,11.944,12.895,,,,7097.0,7097.0,7097.0,,79.133,104.567,,,,0.067,,,,,,,,,,17437.0,17466.0,0.0,0.0,5.0,0.0,30.0,0.0,30.0,0.0,25.0,23.0,0.0,0.0,0.0,0.0,0.0,0.0,battery2_v
2020-09-17T22:00:00Z,30.0,30.0,,,,,608.367,4415.0,,,,12.351,12.781,,,,7097.0,7097.0,7097.0,,69.2,111.367,,,,0.0,,,,,,,,,,17467.0,17496.0,0.0,0.0,11.0,0.0,30.0,0.0,30.0,0.0,20.0,24.0,0.0,0.0,0.0,0.0,0.0,0.0,battery2_v
2020-09-17T23:00:00Z,30.0,30.0,,,,,6097.1,11938.0,,,,11.982,12.89,,,,7097.0,7097.0,7097.0,,76.6,94.667,,,,0.1,,,,,,,,,,17497.0,17526.0,0.0,0.0,30.0,0.0,30.0,0.0,30.0,0.0,23.0,25.0,0.0,0.0,0.0,0.0,0.0,0.0,battery2_v
2020-09-18T00:00:00Z,30.0,30.0,,,,,7461.367,15940.0,,,,11.987,12.994,,,,7097.0,7097.0,7097.0,,65.267,41.067,,,,0.4,,,,,,,,,,17527.0,17556.0,0.0,0.0,30.0,0.0,30.0,0.0,30.0,0.0,22.0,26.0,0.0,0.0,0.0,0.0,0.0,0.0,battery2_v
2020-09-18T01:00:00Z,30.0,30.0,,,,,12370.2,13892.0,,,,12.076,14.281,,,,7097.0,7097.0,7097.0,,138.9,27.833,,,,0.867,,,,,,,,,,17557.0,17586.0,0.0,0.0,30.0,0.0,30.0,0.0,30.0,0.0,23.0,23.0,0.0,0.0,0.0,0.0,0.0,0.0,battery2_v
2020-09-18T02:00:00Z,30.0,30.0,,,,,14692.8,21883.0,,,,12.091,13.183,,,,7097.0,7097.0,7097.0,,62.931,-64.633,,,,0.867,,,,,,,,,,17587.0,17616.0,0.0,0.0,30.0,0.0,30.0,0.0,30.0,0.0,20.0,23.0,0.0,0.0,0.0,0.0,0.0,0.0,battery2_v
2020-09-18T03:00:00Z,26.0,26.0,,,,,14134.115,22527.0,,,,11.987,13.562,,,,7097.0,7097.0,7097.0,,86.077,-12.231,,,,0.692,,,,,,,,,,17617.0,17645.0,0.0,0.0,26.0,0.0,26.0,0.0,26.0,0.0,21.0,24.0,0.0,0.0,0.0,0.0,0.0,0.0,battery2_v
2020-09-18T04:00:00Z,19.0,19.0,,,,,13678.421,21637.0,,,,12.119,13.694,,,,7097.0,7097.0,7097.0,,160.895,26.211,,,,0.895,,,,,,,,,,17646.0,17673.0,0.0,0.0,19.0,0.0,19.0,0.0,19.0,0.0,17.0,13.0,0.0,0.0,0.0,0.0,0.0,0.0,battery2_v
2020-09-18T05:00:00Z,16.0,16.0,,,,,13302.688,13880.0,,,,12.072,13.122,,,,7097.0,7097.0,7097.0,,39.75,-77.875,,,,0.812,,,,,,,,,,2.0,17676.0,0.0,0.0,16.0,0.0,16.0,0.0,16.0,0.0,14.0,16.0,0.0,0.0,0.0,0.0,0.0,0.0,battery2_v
2020-09-18T06:00:00Z,14.0,14.0,,,,,13616.286,18900.0,,,,12.152,13.212,,,,7097.0,7097.0,7097.0,,74.286,-37.286,,,,0.786,,,,,,,,,,28.0,51.0,0.0,0.0,14.0,0.0,14.0,0.0,14.0,0.0,9.0,12.0,0.0,0.0,0.0,0.0,0.0,0.0,battery2_v
2020-09-18T07:00:00Z,3.0,3.0,,,,,12702.667,13284.0,,,,12.535,13.879,,,,7097.0,7097.0,7097.0,,266.667,91.667,,,,0.667,,,,,,,,,,55.0,77.0,0.0,0.0,3.0,0.0,3.0,0.0,3.0,0.0,2.0,2.0,0.0,0.0,0.0,0.0,0.0,0.0,battery2_v
2020-09-18T08:00:00Z,16.0,16.0,,,,,12805.312,13845.0,,,,12.1,13.751,,,,7097.0,7097.0,7097.0,,171.312,19.812,,,,0.938,,,,,,,,,,80.0,107.0,0.0,0.0,16.0,0.0,16.0,0.0,16.0,0.0,14.0,13.0,0.0,0.0,0.0,0.0,0.0,0.0,battery2_v
2020-09-18T09:00:00Z,30.0,30.0,,,,,2696.733,12956.0,,,,12.209,13.51,,,,7097.0,7097.0,7097.0,,83.767,4.6,,,,1.0,,,,,,,,,,108.0,137.0,0.0,0.0,30.0,0.0,30.0,0.0,30.0,0.0,21.0,15.0,0.0,0.0,0.0,0.0,0.0,0.0,battery2_v
2020-09-18T10:00:00Z,30.0,30.0,,,,,2248.967,9645.0,,,,12.138,14.078,,,,7097.0,7097.0,7097.0,,66.067,0.267,,,,0.967,,,,,,,,,,138.0,167.0,0.0,0.0,24.0,0.0,30.0,0.0,30.0,0.0,19.0,21.0,0.0,0.0,0.0,0.0,0.0,0.0,battery2_v
2020-09-18T11:00:00Z,30.0,30.0,,,,,101.733,1186.0,,,,12.015,13.874,,,,7097.0,7097.0,7097.0,,59.933,35.567,,,,0.667,,,,,,,,,,168.0,197.0,0.0,0.0,6.0,0.0,30.0,0.0,30.0,0.0,26.0,27.0,0.0,0.0,0.0,0.0,0.0,0.0,battery2_v
2020-09-18T12:00:00Z,31.0,31.0,,,,,170.323,694.0,,,,12.1,12.985,,,,7097.0,7097.0,7097.0,,34.0,71.677,,,,0.129,,,,,,,,,,198.0,228.0,0.0,0.0,10.0,0.0,31.0,0.0,31.0,0.0,15.0,27.0,0.0,0.0,0.0,0.0,0.0,0.0,battery2_v
2020-09-18T13:00:00Z,30.0,30.0,,,,,580.3,776.0,,,,12.313,12.791,,,,7097.0,7097.0,7097.0,,5.9,64.867,,,,0.0,,,,,,,,,,229.0,258.0,0.0,0.0,24.0,0.0,30.0,0.0,30.0,0.0,1.0,22.0,0.0,0.0,0.0,0.0,0.0,0.0,battery2_v
2020-09-18T14:00:00Z,30.0,30.0,,,,,586.367,811.0,,,,12.308,12.725,,,,7097.0,7097.0,7097.0,,12.3,75.433,,,,0.0,,,,,,,,,,259.0,288.0,0.0,0.0,23.0,0.0,30.0,0.0,30.0,0.0,3.0,23.0,0.0,0.0,0.0,0.0,0.0,0.0,battery2_v
2020-09-18T15:00:00Z,30.0,30.0,,,,,424.733,847.0,,,,12.152,12.881,,,,7097.0,7097.0,7097.0,,19.767,21.567,,,,0.233,,,,,,,,,,289.0,318.0,0.0,0.0,17.0,0.0,30.0,0.0,30.0,0.0,10.0,14.0,0.0,0.0,0.0,0.0,0.0,0.0,battery2_v
2020-09-18T16:00:00Z,30.0,30.0,,,,,347.033,835.0,,,,12.067,12.857,,,,7097.0,7097.0,7097.0,,27.633,43.5,,,,0.133,,,,,,,,,,319.0,348.0,0.0,0.0,17.0,0.0,30.0,0.0,30.0,0.0,10.0,17.0,0.0,0.0,0.0,0.0,0.0,0.0,battery2_v
2020-09-18T17:00:00Z,30.0,30.0,,,,,653.067,847.0,,,,12.285,12.474,,,,7097.0,7097.0,7097.0,,3.345,66.3,,,,0.0,,,,,,,,,,349.0,378.0,0.0,0.0,27.0,0.0,30.0,0.0,30.0,0.0,1.0,25.0,0.0,0.0,0.0,0.0,0.0,0.0,battery2_v
2020-09-18T18:00:00Z,30.0,30.0,,,,,688.5,858.0,,,,12.28,12.668,,,,7097.0,7097.0,7097.0,,8.667,70.1,,,,0.0,,,,,,,,,,379.0,408.0,0.0,0.0,26.0,0.0,30.0,0.0,30.0,0.0,3.0,27.0,0.0,0.0,0.0,0.0,0.0,0.0,battery2_v
2020-09-18T19:00:00Z,30.0,30.0,,,,,682.267,870.0,,,,12.28,12.62,,,,7097.0,7097.0,7097.0,,7.733,71.367,,,,0.0,,,,,,,,,,409.0,438.0,0.0,0.0,25.0,0.0,30.0,0.0,30.0,0.0,3.0,30.0,0.0,0.0,0.0,0.0,0.0,0.0,battery2_v
2020-09-18T20:00:00Z,30.0,30.0,,,,,863.3,893.0,,,,12.27,12.289,,,,7097.0,7097.0,7097.0,,-3.067,64.067,,,,0.0,,,,,,,,,,439.0,468.0,0.0,0.0,30.0,0.0,30.0,0.0,30.0,0.0,0.0,30.0,0.0,0.0,0.0,0.0,0.0,0.0,battery2_v
2020-09-18T21:00:00Z,30.0,30.0,,,,,876.667,905.0,,,,12.266,12.285,,,,7097.0,7097.0,7097.0,,-2.967,67.4,,,,0.0,,,,,,,,,,469.0,498.0,0.0,0.0,30.0,0.0,30.0,0.0,30.0,0.0,0.0,30.0,0.0,0.0,0.0,0.0,0.0,0.0,battery2_v
2020-09-18T22:00:00Z,30.0,30.0,,,,,1625.833,6310.0,,,,12.266,12.275,,,,7097.0,7097.0,7097.0,,-2.833,66.833,,,,0.0,,,,,,,,,,499.0,528.0,0.0,0.0,30.0,0.0,30.0,0.0,30.0,0.0,0.0,30.0,0.0,0.0,0.0,0.0,0.0,0.0,battery2_v
2020-09-18T23:00:00Z,30.0,30.0,,,,,4293.0,12816.0,,,,12.261,12.28,,,,7097.0,7097.0,7097.0,,-2.533,71.733,,,,0.0,,,,,,,,,,529.0,558.0,0.0,0.0,30.0,0.0,30.0,0.0,30.0,0.0,0.0,30.0,0.0,0.0,0.0,0.0,0.0,0.0,battery2_v
2020-09-19T00:00:00Z,30.0,30.0,,,,,8738.567,13623.0,,,,12.251,12.393,,,,7097.0,7097.0,7097.0,,10.296,81.567,,,,0.0,,,,,,,,,,559.0,588.0,0.0,0.0,30.0,0.0,30.0,0.0,30.0,0.0,1.0,30.0,0.0,0.0,0.0,0.0,0.0,0.0,battery2_v
2020-09-19T01:00:00Z,31.0,31.0,,,,,12591.516,21392.0,,,,12.261,12.748,,,,7097.0,7097.0,7097.0,,27.556,88.774,,,,0.0,,,,,,,,,,589.0,619.0,0.0,0.0,31.0,0.0,31.0,0.0,31.0,0.0,8.0,31.0,0.0,0.0,0.0,0.0,0.0,0.0,battery2_v
2020-09-19T02:00:00Z,30.0,30.0,,,,,13539.8,13576.0,,,,12.299,12.573,,,,7097.0,7097.0,7097.0,,30.633,98.9,,,,0.0,,,,,,,,,,620.0,649.0,0.0,0.0,30.0,0.0,30.0,0.0,30.0,0.0,1.0,30.0,0.0,0.0,0.0,0.0,0.0,0.0,battery2_v
2020-09-19T03:00:00Z,30.0,30.0,,,,,13363.967,13787.0,,,,12.162,12.994,,,,7097.0,7097.0,7097.0,,64.533,102.667,,,,0.167,,,,,,,,,,650.0,679.0,0.0,0.0,30.0,0.0,30.0,0.0,30.0,0.0,12.0,30.0,0.0,0.0,0.0,0.0,0.0,0.0,battery2_v
2020-09-19T04:00:00Z,30.0,30.0,,,,,14073.0,21825.0,,,,12.043,13.046,,,,7097.0,7097.0,7097.0,,36.533,-48.367,,,,0.7,,,,,,,,,,680.0,709.0,0.0,0.0,30.0,0.0,30.0,0.0,30.0,0.0,22.0,28.0,0.0,0.0,0.0,0.0,0.0,0.0,battery2_v
2020-09-19T05:00:00Z,30.0,30.0,,,,,7425.433,13822.0,,,,12.147,12.744,,,,7097.0,7097.0,7097.0,,27.769,11.767,,,,0.367,,,,,,,,,,710.0,739.0,0.0,0.0,30.0,0.0,30.0,0.0,30.0,0.0,11.0,26.0,0.0,0.0,0.0,0.0,0.0,0.0,battery2_v
2020-09-19T06:00:00Z,30.0,30.0,,,,,2998.533,3479.0,,,,12.28,12.602,,,,7097.0,7097.0,7097.0,,20.8,86.567,,,,0.0,,,,,,,,,,740.0,769.0,0.0,0.0,30.0,0.0,30.0,0.0,30.0,0.0,2.0,30.0,0.0,0.0,0.0,0.0,0.0,0.0,battery2_v
2020-09-19T07:00:00Z,30.0,30.0,,,,,2561.367,2683.0,,,,12.261,12.289,,,,7097.0,7097.0,7097.0,,-2.0,74.4,,,,0.0,,,,,,,,,,770.0,799.0,0.0,0.0,30.0,0.0,30.0,0.0,30.0,0.0,0.0,30.0,0.0,0.0,0.0,0.0,0.0,0.0,battery2_v
2020-09-19T08:00:00Z,30.0,30.0,,,,,4694.333,6966.0,,,,12.251,12.27,,,,7097.0,7097.0,7097.0,,-2.0,76.533,,,,0.0,,,,,,,,,,800.0,829.0,0.0,0.0,30.0,0.0,30.0,0.0,30.0,0.0,0.0,30.0,0.0,0.0,0.0,0.0,0.0,0.0,battery2_v
2020-09-19T09:00:00Z,30.0,30.0,,,,,8725.367,13202.0,,,,12.237,12.266,,,,7097.0,7097.0,7097.0,,-2.95,71.033,,,,0.0,,,,,,,,,,830.0,859.0,0.0,0.0,30.0,0.0,30.0,0.0,30.0,0.0,0.0,29.0,0.0,0.0,0.0,0.0,0.0,0.0,battery2_v
2020-09-19T10:00:00Z,30.0,30.0,,,,,5436.867,12488.0,,,,12.242,12.266,,,,7097.0,7097.0,7097.0,,-3.133,62.133,,,,0.0,,,,,,,,,,860.0,889.0,0.0,0.0,30.0,0.0,30.0,0.0,30.0,0.0,0.0,29.0,0.0,0.0,0.0,0.0,0.0,0.0,battery2_v
2020-09-19T11:00:00Z,30.0,30.0,,,,,948.7,1034.0,,,,12.237,12.256,,,,7097.0,7097.0,7097.0,,-2.967,67.433,,,,0.0,,,,,,,,,,890.0,919.0,0.0,0.0,30.0,0.0,30.0,0.0,30.0,0.0,0.0,29.0,0.0,0.0,0.0,0.0,0.0,0.0,battery2_v
2020-09-19T12:00:00Z,30.0,30.0,,,,,962.867,987.0,,,,12.233,12.256,,,,7097.0,7097.0,7097.0,,-2.833,68.8,,,,0.0,,,,,,,,,,920.0,949.0,0.0,0.0,30.0,0.0,30.0,0.0,30.0,0.0,0.0,30.0,0.0,0.0,0.0,0.0,0.0,0.0,battery2_v
2020-09-19T13:00:00Z,30.0,30.0,,,,,971.433,987.0,,,,12.223,12.247,,,,7097.0,7097.0,7097.0,,-2.567,69.833,,,,0.0,,,,,,,,,,950.0,979.0,0.0,0.0,30.0,0.0,30.0,0.0,30.0,0.0,0.0,30.0,0.0,0.0,0.0,0.0,0.0,0.0,battery2_v
2020-09-19T14:00:00Z,31.0,31.0,,,,,989.258,1010.0,,,,12.223,12.242,,,,7097.0,7097.0,7097.0,,-2.355,75.097,,,,0.0,,,,,,,,,,980.0,1010.0,0.0,0.0,31.0,0.0,31.0,0.0,31.0,0.0,0.0,31.0,0.0,0.0,0.0,0.0,0.0,0.0,battery2_v
2020-09-19T15:00:00Z,30.0,30.0,,,,,1001.033,1022.0,,,,12.214,12.237,,,,7097.0,7097.0,7097.0,,-2.133,76.0,,,,0.0,,,,,,,,,,1011.0,1040.0,0.0,0.0,30.0,0.0,30.0,0.0,30.0,0.0,0.0,30.0,0.0,0.0,0.0,0.0,0.0,0.0,battery2_v
2020-09-19T16:00:00Z,30.0,30.0,,,,,1014.567,1034.0,,,,12.209,12.228,,,,7097.0,7097.0,7097.0,,-2.2,75.733,,,,0.0,,,,,,,,,,1041.0,1070.0,0.0,0.0,30.0,0.0,30.0,0.0,30.0,0.0,0.0,30.0,0.0,0.0,0.0,0.0,0.0,0.0,battery2_v
2020-09-19T17:00:00Z,30.0,30.0,,,,,950.9,1057.0,,,,12.209,12.308,,,,7097.0,7097.0,7097.0,,0.72,82.467,,,,0.0,,,,,,,,,,1071.0,1100.0,0.0,0.0,28.0,0.0,30.0,0.0,30.0,0.0,0.0,30.0,0.0,0.0,0.0,0.0,0.0,0.0,battery2_v
2020-09-19T18:00:00Z,30.0,30.0,,,,,932.833,1057.0,,,,12.204,12.677,,,,7097.0,7097.0,7097.0,,10.375,91.233,,,,0.0,,,,,,,,,,1101.0,1130.0,0.0,0.0,28.0,0.0,30.0,0.0,30.0,0.0,2.0,30.0,0.0,0.0,0.0,0.0,0.0,0.0,battery2_v
2020-09-19T19:00:00Z,30.0,30.0,,,,,1041.467,1069.0,,,,12.199,12.218,,,,7097.0,7097.0,7097.0,,-2.0,87.9,,,,0.0,,,,,,,,,,1131.0,1160.0,0.0,0.0,30.0,0.0,30.0,0.0,30.0,0.0,0.0,30.0,0.0,0.0,0.0,0.0,0.0,0.0,battery2_v
2020-09-19T20:00:00Z,30.0,30.0,,,,,1052.267,1069.0,,,,12.195,12.214,,,,7097.0,7097.0,7097.0,,-2.0,87.967,,,,0.0,,,,,,,,,,1161.0,1190.0,0.0,0.0,30.0,0.0,30.0,0.0,30.0,0.0,0.0,30.0,0.0,0.0,0.0,0.0,0.0,0.0,battery2_v
2020-09-19T21:00:00Z,30.0,30.0,,,,,1066.2,1081.0,,,,12.185,12.209,,,,7097.0,7097.0,7097.0,,-2.0,87.733,,,,0.0,,,,,,,,,,1191.0,1220.0,0.0,0.0,30.0,0.0,30.0,0.0,30.0,0.0,0.0,30.0,0.0,0.0,0.0,0.0,0.0,0.0,battery2_v
2020-09-19T22:00:00Z,30.0,30.0,,,,,2203.733,8826.0,,,,12.181,12.204,,,,7097.0,7097.0,7097.0,,-2.0,87.733,,,,0.0,,,,,,,,,,1221.0,1250.0,0.0,0.0,30.0,0.0,30.0,0.0,30.0,0.0,0.0,30.0,0.0,0.0,0.0,0.0,0.0,0.0,battery2_v
2020-09-19T23:00:00Z,30.0,30.0,,,,,6375.933,13728.0,,,,12.181,12.233,,,,7097.0,7097.0,7097.0,,2.889,92.2,,,,0.0,,,,,,,,,,1251.0,1280.0,0.0,0.0,30.0,0.0,30.0,0.0,30.0,0.0,0.0,30.0,0.0,0.0,0.0,0.0,0.0,0.0,battery2_v
2020-09-20T00:00:00Z,30.0,30.0,,,,,13615.233,13705.0,,,,12.209,12.374,,,,7097.0,7097.0,7097.0,,34.4,121.167,,,,0.0,,,,,,,,,,1281.0,1310.0,0.0,0.0,30.0,0.0,30.0,0.0,30.0,0.0,3.0,30.0,0.0,0.0,0.0,0.0,0.0,0.0,battery2_v
2020-09-20T01:00:00Z,30.0,30.0,,,,,14916.533,21556.0,,,,12.209,12.384,,,,7097.0,7097.0,7097.0,,23.214,107.3,,,,0.0,,,,,,,,,,1311.0,1340.0,0.0,0.0,30.0,0.0,30.0,0.0,30.0,0.0,4.0,30.0,0.0,0.0,0.0,0.0,0.0,0.0,battery2_v
2020-09-20T02:00:00Z,30.0,30.0,,,,,13500.567,13576.0,,,,12.304,12.512,,,,7097.0,7097.0,7097.0,,61.267,137.8,,,,0.0,,,,,,,,,,1341.0,1370.0,0.0,0.0,30.0,0.0,30.0,0.0,30.0,0.0,19.0,30.0,0.0,0.0,0.0,0.0,0.0,0.0,battery2_v
2020-09-20T03:00:00Z,31.0,31.0,,,,,13207.387,13541.0,,,,12.332,12.715,,,,7097.0,7097.0,7097.0,,106.387,161.71,,,,0.0,,,,,,,,,,1371.0,1401.0,0.0,0.0,31.0,0.0,31.0,0.0,31.0,0.0,30.0,31.0,0.0,0.0,0.0,0.0,0.0,0.0,battery2_v
2020-09-20T04:00:00Z,30.0,30.0,,,,,14759.733,21708.0,,,,11.987,12.871,,,,7097.0,7097.0,7097.0,,52.345,86.6,,,,0.1,,,,,,,,,,1402.0,1431.0,0.0,0.0,30.0,0.0,30.0,0.0,30.0,0.0,13.0,27.0,0.0,0.0,0.0,0.0,0.0,0.0,battery2_v
2020-09-20T05:00:00Z,30.0,30.0,,,,,13268.5,13927.0,,,,12.034,13.188,,,,7097.0,7097.0,7097.0,,78.167,64.633,,,,0.267,,,,,,,,,,1432.0,1461.0,0.0,0.0,30.0,0.0,30.0,0.0,30.0,0.0,24.0,30.0,0.0,0.0,0.0,0.0,0.0,0.0,battery2_v
2020-09-20T06:00:00Z,30.0,30.0,,,,,13233.333,13471.0,,,,12.408,12.739,,,,7097.0,7097.0,7097.0,,76.367,115.833,,,,0.0,,,,,,,,,,1462.0,1491.0,0.0,0.0,30.0,0.0,30.0,0.0,30.0,0.0,24.0,28.0,0.0,0.0,0.0,0.0,0.0,0.0,battery2_v
2020-09-20T07:00:00Z,30.0,30.0,,,,,9122.367,19929.0,,,,12.285,12.635,,,,7097.0,7097.0,7097.0,,17.367,48.567,,,,0.0,,,,,,,,,,1492.0,1521.0,0.0,0.0,30.0,0.0,30.0,0.0,30.0,0.0,7.0,10.0,0.0,0.0,0.0,0.0,0.0,0.0,battery2_v
2020-09-20T08:00:00Z,30.0,30.0,,,,,4303.867,15472.0,,,,12.261,12.602,,,,7097.0,7097.0,7097.0,,9.567,46.633,,,,0.0,,,,,,,,,,1522.0,1551.0,0.0,0.0,30.0,0.0,30.0,0.0,30.0,0.0,4.0,5.0,0.0,0.0,0.0,0.0,0.0,0.0,battery2_v
2020-09-20T09:00:00Z,30.0,30.0,,,,,3008.7,3374.0,,,,12.247,12.597,,,,7097.0,7097.0,7097.0,,4.967,37.633,,,,0.0,,,,,,,,,,1552.0,1581.0,0.0,0.0,30.0,0.0,30.0,0.0,30.0,0.0,2.0,5.0,0.0,0.0,0.0,0.0,0.0,0.0,battery2_v
2020-09-20T10:00:00Z,30.0,30.0,,,,,2639.4,5199.0,,,,12.228,12.285,,,,7097.0,7097.0,7097.0,,-5.1,26.867,,,,0.0,,,,,,,,,,1582.0,1611.0,0.0,0.0,30.0,0.0,30.0,0.0,30.0,0.0,0.0,0.0,0.0,0.0,0.0,0.0,0.0,0.0,battery2_v
2020-09-20T11:00:00Z,30.0,30.0,,,,,933.1,1010.0,,,,12.214,12.365,,,,7097.0,7097.0,7097.0,,-2.933,32.633,,,,0.0,,,,,,,,,,1612.0,1641.0,0.0,0.0,29.0,0.0,30.0,0.0,30.0,0.0,1.0,1.0,0.0,0.0,0.0,0.0,0.0,0.0,battery2_v
2020-09-20T12:00:00Z,30.0,30.0,,,,,989.7,1010.0,,,,12.209,12.233,,,,7097.0,7097.0,7097.0,,-5.067,33.667,,,,0.0,,,,,,,,,,1642.0,1671.0,0.0,0.0,30.0,0.0,30.0,0.0,30.0,0.0,0.0,0.0,0.0,0.0,0.0,0.0,0.0,0.0,battery2_v
2020-09-20T13:00:00Z,30.0,30.0,,,,,1022.067,1057.0,,,,12.19,12.218,,,,7097.0,7097.0,7097.0,,-6.8,24.967,,,,0.0,,,,,,,,,,1672.0,1701.0,0.0,0.0,30.0,0.0,30.0,0.0,30.0,0.0,0.0,0.0,0.0,0.0,0.0,0.0,0.0,0.0,battery2_v
2020-09-20T14:00:00Z,29.0,29.0,,,,,1046.621,1069.0,,,,12.185,12.209,,,,7097.0,7097.0,7097.0,,-6.345,31.379,,,,0.0,,,,,,,,,,1702.0,1731.0,0.0,0.0,29.0,0.0,29.0,0.0,29.0,0.0,0.0,0.0,0.0,0.0,0.0,0.0,0.0,0.0,battery2_v
2020-09-20T15:00:00Z,30.0,30.0,,,,,1066.2,1081.0,,,,12.181,12.195,,,,7097.0,7097.0,7097.0,,-5.9,35.633,,,,0.0,,,,,,,,,,1732.0,1761.0,0.0,0.0,30.0,0.0,30.0,0.0,30.0,0.0,0.0,0.0,0.0,0.0,0.0,0.0,0.0,0.0,battery2_v
2020-09-20T16:00:00Z,30.0,30.0,,,,,1080.333,1104.0,,,,12.176,12.19,,,,7097.0,7097.0,7097.0,,-5.5,39.933,,,,0.0,,,,,,,,,,1762.0,1791.0,0.0,0.0,30.0,0.0,30.0,0.0,30.0,0.0,0.0,0.0,0.0,0.0,0.0,0.0,0.0,0.0,battery2_v
2020-09-20T17:00:00Z,31.0,31.0,,,,,1094.452,1116.0,,,,12.166,12.185,,,,7097.0,7097.0,7097.0,,-4.903,43.065,,,,0.0,,,,,,,,,,1792.0,1822.0,0.0,0.0,31.0,0.0,31.0,0.0,31.0,0.0,0.0,2.0,0.0,0.0,0.0,0.0,0.0,0.0,battery2_v
2020-09-20T18:00:00Z,30.0,30.0,,,,,1105.567,1127.0,,,,12.166,12.185,,,,7097.0,7097.0,7097.0,,-4.367,48.6,,,,0.0,,,,,,,,,,1823.0,1852.0,0.0,0.0,30.0,0.0,30.0,0.0,30.0,0.0,0.0,11.0,0.0,0.0,0.0,0.0,0.0,0.0,battery2_v
2020-09-20T19:00:00Z,27.0,27.0,,,,,1117.963,1139.0,,,,12.162,12.176,,,,7097.0,7097.0,7097.0,,-4.111,49.074,,,,0.0,,,,,,,,,,1853.0,1882.0,0.0,0.0,27.0,0.0,27.0,0.0,27.0,0.0,0.0,11.0,0.0,0.0,0.0,0.0,0.0,0.0,battery2_v
2020-09-20T20:00:00Z,30.0,30.0,,,,,1130.067,1151.0,,,,12.152,12.171,,,,7097.0,7097.0,7097.0,,-3.633,53.6,,,,0.0,,,,,,,,,,1883.0,1912.0,0.0,0.0,30.0,0.0,30.0,0.0,30.0,0.0,0.0,18.0,0.0,0.0,0.0,0.0,0.0,0.0,battery2_v
2020-09-20T21:00:00Z,30.0,30.0,,,,,1146.533,1174.0,,,,12.147,12.166,,,,7097.0,7097.0,7097.0,,-3.633,56.933,,,,0.0,,,,,,,,,,1913.0,1942.0,0.0,0.0,30.0,0.0,30.0,0.0,30.0,0.0,0.0,25.0,0.0,0.0,0.0,0.0,0.0,0.0,battery2_v
2020-09-20T22:00:00Z,30.0,30.0,,,,,3156.833,12617.0,,,,12.147,12.162,,,,7097.0,7097.0,7097.0,,-3.4,59.233,,,,0.0,,,,,,,,,,1943.0,1972.0,0.0,0.0,30.0,0.0,30.0,0.0,30.0,0.0,0.0,27.0,0.0,0.0,0.0,0.0,0.0,0.0,battery2_v
2020-09-20T23:00:00Z,30.0,30.0,,,,,8315.433,18127.0,,,,12.143,12.185,,,,7097.0,7097.0,7097.0,,-0.517,64.267,,,,0.0,,,,,,,,,,1973.0,2002.0,0.0,0.0,30.0,0.0,30.0,0.0,30.0,0.0,0.0,30.0,0.0,0.0,0.0,0.0,0.0,0.0,battery2_v
2020-09-21T00:00:00Z,30.0,30.0,,,,,13685.7,13775.0,,,,12.147,12.313,,,,7097.0,7097.0,7097.0,,25.862,90.967,,,,0.0,,,,,,,,,,2003.0,2032.0,0.0,0.0,30.0,0.0,30.0,0.0,30.0,0.0,3.0,30.0,0.0,0.0,0.0,0.0,0.0,0.0,battery2_v
2020-09-21T01:00:00Z,30.0,30.0,,,,,13605.733,13728.0,,,,12.19,12.412,,,,7097.0,7097.0,7097.0,,44.3,109.3,,,,0.0,,,,,,,,,,2033.0,2062.0,0.0,0.0,30.0,0.0,30.0,0.0,30.0,0.0,15.0,30.0,0.0,0.0,0.0,0.0,0.0,0.0,battery2_v
2020-09-21T02:00:00Z,30.0,30.0,,,,,14647.8,21766.0,,,,12.27,12.602,,,,7097.0,7097.0,7097.0,,67.138,126.133,,,,0.0,,,,,,,,,,2063.0,2092.0,0.0,0.0,30.0,0.0,30.0,0.0,30.0,0.0,18.0,29.0,0.0,0.0,0.0,0.0,0.0,0.0,battery2_v
2020-09-21T03:00:00Z,5.0,5.0,,,,,13375.0,13564.0,,,,12.304,12.658,,,,7097.0,7097.0,7097.0,,76.2,133.2,,,,0.0,,,,,,,,,,2093.0,2118.0,0.0,0.0,5.0,0.0,5.0,0.0,5.0,0.0,3.0,5.0,0.0,0.0,0.0,0.0,0.0,0.0,battery2_v
2020-09-21T04:00:00Z,28.0,28.0,,,,,13724.964,21146.0,,,,12.28,12.715,,,,7097.0,7097.0,7097.0,,67.0,104.179,,,,0.0,,,,,,,,,,2120.0,2149.0,0.0,0.0,28.0,0.0,28.0,0.0,28.0,0.0,14.0,20.0,0.0,0.0,0.0,0.0,0.0,0.0,battery2_v
2020-09-21T05:00:00Z,30.0,30.0,,,,,13356.567,13564.0,,,,12.308,12.734,,,,7097.0,7097.0,7097.0,,71.733,103.433,,,,0.0,,,,,,,,,,2150.0,2179.0,0.0,0.0,30.0,0.0,30.0,0.0,30.0,0.0,14.0,25.0,0.0,0.0,0.0,0.0,0.0,0.0,battery2_v
2020-09-21T06:00:00Z,27.0,27.0,,,,,13232.481,13471.0,,,,12.412,12.701,,,,7097.0,7097.0,7097.0,,89.111,116.889,,,,0.0,,,,,,,,,,2180.0,2209.0,0.0,0.0,27.0,0.0,27.0,0.0,27.0,0.0,20.0,26.0,0.0,0.0,0.0,0.0,0.0,0.0,battery2_v
2020-09-21T07:00:00Z,28.0,28.0,,,,,13290.286,13459.0,,,,12.427,12.739,,,,7097.0,7097.0,7097.0,,70.107,95.0,,,,0.0,,,,,,,,,,2210.0,2239.0,0.0,0.0,28.0,0.0,28.0,0.0,28.0,0.0,23.0,25.0,0.0,0.0,0.0,0.0,0.0,0.0,battery2_v
2020-09-21T08:00:00Z,23.0,23.0,,,,,13411.87,13447.0,,,,12.431,12.497,,,,7097.0,7097.0,7097.0,,48.435,58.0,,,,0.0,,,,,,,,,,2240.0,2268.0,0.0,0.0,23.0,0.0,23.0,0.0,23.0,0.0,6.0,18.0,0.0,0.0,0.0,0.0,0.0,0.0,battery2_v
2020-09-21T09:00:00Z,30.0,30.0,,,,,9933.8,13646.0,,,,12.247,12.436,,,,7097.0,7097.0,7097.0,,5.633,13.5,,,,0.0,,,,,,,,,,2269.0,2298.0,0.0,0.0,30.0,0.0,30.0,0.0,30.0,0.0,0.0,0.0,0.0,0.0,0.0,0.0,0.0,0.0,battery2_v
2020-09-21T10:00:00Z,30.0,30.0,,,,,3033.767,7246.0,,,,12.214,12.247,,,,7097.0,7097.0,7097.0,,-7.333,9.6,,,,0.0,,,,,,,,,,2299.0,2328.0,0.0,0.0,30.0,0.0,30.0,0.0,30.0,0.0,0.0,0.0,0.0,0.0,0.0,0.0,0.0,0.0,battery2_v
2020-09-21T11:00:00Z,30.0,30.0,,,,,867.733,1010.0,,,,12.199,12.483,,,,7097.0,7097.0,7097.0,,0.2,16.767,,,,0.0,,,,,,,,,,2329.0,2358.0,0.0,0.0,28.0,0.0,30.0,0.0,30.0,0.0,2.0,3.0,0.0,0.0,0.0,0.0,0.0,0.0,battery2_v
2020-09-21T12:00:00Z,31.0,31.0,,,,,687.226,1010.0,,,,12.204,12.687,,,,7097.0,7097.0,7097.0,,30.161,51.226,,,,0.0,,,,,,,,,,2359.0,2389.0,0.0,0.0,22.0,0.0,31.0,0.0,31.0,0.0,8.0,9.0,0.0,0.0,0.0,0.0,0.0,0.0,battery2_v
2020-09-21T13:00:00Z,30.0,30.0,,,,,1020.033,1045.0,,,,12.19,12.223,,,,7097.0,7097.0,7097.0,,-7.867,4.2,,,,0.0,,,,,,,,,,2390.0,2419.0,0.0,0.0,30.0,0.0,30.0,0.0,30.0,0.0,0.0,0.0,0.0,0.0,0.0,0.0,0.0,0.0,battery2_v
2020-09-21T14:00:00Z,30.0,30.0,,,,,1049.267,1081.0,,,,12.176,12.199,,,,7097.0,7097.0,7097.0,,-8.933,-1.867,,,,0.0,,,,,,,,,,2420.0,2449.0,0.0,0.0,30.0,0.0,30.0,0.0,30.0,0.0,0.0,0.0,0.0,0.0,0.0,0.0,0.0,0.0,battery2_v
2020-09-21T15:00:00Z,30.0,30.0,,,,,1067.367,1092.0,,,,12.171,12.19,,,,7097.0,7097.0,7097.0,,-8.6,2.067,,,,0.0,,,,,,,,,,2450.0,2479.0,0.0,0.0,30.0,0.0,30.0,0.0,30.0,0.0,0.0,0.0,0.0,0.0,0.0,0.0,0.0,0.0,battery2_v
2020-09-21T16:00:00Z,30.0,30.0,,,,,1088.833,1116.0,,,,12.162,12.181,,,,7097.0,7097.0,7097.0,,-8.267,6.0,,,,0.0,,,,,,,,,,2480.0,2509.0,0.0,0.0,30.0,0.0,30.0,0.0,30.0,0.0,0.0,0.0,0.0,0.0,0.0,0.0,0.0,0.0,battery2_v
2020-09-21T17:00:00Z,30.0,30.0,,,,,1116.467,1139.0,,,,12.152,12.171,,,,7097.0,7097.0,7097.0,,-8.033,9.9,,,,0.0,,,,,,,,,,2510.0,2539.0,0.0,0.0,30.0,0.0,30.0,0.0,30.0,0.0,0.0,0.0,0.0,0.0,0.0,0.0,0.0,0.0,battery2_v
2020-09-21T18:00:00Z,30.0,30.0,,,,,1132.7,1162.0,,,,12.147,12.166,,,,7097.0,7097.0,7097.0,,-7.567,16.333,,,,0.0,,,,,,,,,,2540.0,2569.0,0.0,0.0,30.0,0.0,30.0,0.0,30.0,0.0,0.0,0.0,0.0,0.0,0.0,0.0,0.0,0.0,battery2_v
2020-09-21T19:00:00Z,30.0,30.0,,,,,1152.267,1174.0,,,,12.143,12.157,,,,7097.0,7097.0,7097.0,,-7.233,20.4,,,,0.0,,,,,,,,,,2570.0,2599.0,0.0,0.0,30.0,0.0,30.0,0.0,30.0,0.0,0.0,0.0,0.0,0.0,0.0,0.0,0.0,0.0,battery2_v
2020-09-21T20:00:00Z,30.0,30.0,,,,,1167.7,1198.0,,,,12.138,12.152,,,,7097.0,7097.0,7097.0,,-7.067,22.267,,,,0.0,,,,,,,,,,2600.0,2629.0,0.0,0.0,30.0,0.0,30.0,0.0,30.0,0.0,0.0,0.0,0.0,0.0,0.0,0.0,0.0,0.0,battery2_v
2020-09-21T21:00:00Z,30.0,30.0,,,,,1184.767,1209.0,,,,12.128,12.147,,,,7097.0,7097.0,7097.0,,-6.733,25.2,,,,0.0,,,,,,,,,,2630.0,2659.0,0.0,0.0,30.0,0.0,30.0,0.0,30.0,0.0,0.0,0.0,0.0,0.0,0.0,0.0,0.0,0.0,battery2_v
2020-09-21T22:00:00Z,30.0,30.0,,,,,3190.467,13389.0,,,,12.128,12.143,,,,7097.0,7097.0,7097.0,,-6.333,30.433,,,,0.0,,,,,,,,,,2660.0,2689.0,0.0,0.0,30.0,0.0,30.0,0.0,30.0,0.0,0.0,0.0,0.0,0.0,0.0,0.0,0.0,0.0,battery2_v
2020-09-21T23:00:00Z,30.0,30.0,,,,,5353.0,14781.0,,,,12.124,12.138,,,,7097.0,7097.0,7097.0,,-6.0,34.867,,,,0.0,,,,,,,,,,2690.0,2719.0,0.0,0.0,30.0,0.0,30.0,0.0,30.0,0.0,0.0,0.0,0.0,0.0,0.0,0.0,0.0,0.0,battery2_v
2020-09-22T00:00:00Z,28.0,28.0,,,,,13745.321,13822.0,,,,12.119,12.28,,,,7097.0,7097.0,7097.0,,13.0,50.786,,,,0.0,,,,,,,,,,2720.0,2749.0,0.0,0.0,28.0,0.0,28.0,0.0,28.0,0.0,1.0,12.0,0.0,0.0,0.0,0.0,0.0,0.0,battery2_v
2020-09-22T01:00:00Z,30.0,30.0,,,,,13606.5,13740.0,,,,12.171,12.398,,,,7097.0,7097.0,7097.0,,46.433,86.333,,,,0.0,,,,,,,,,,2750.0,2779.0,0.0,0.0,30.0,0.0,30.0,0.0,30.0,0.0,17.0,23.0,0.0,0.0,0.0,0.0,0.0,0.0,battery2_v
2020-09-22T02:00:00Z,30.0,30.0,,,,,15026.133,21310.0,,,,12.166,12.578,,,,7097.0,7097.0,7097.0,,52.967,87.633,,,,0.0,,,,,,,,,,2780.0,2809.0,0.0,0.0,30.0,0.0,30.0,0.0,30.0,0.0,12.0,21.0,0.0,0.0,0.0,0.0,0.0,0.0,battery2_v
2020-09-22T03:00:00Z,30.0,30.0,,,,,13280.067,13553.0,,,,12.318,12.696,,,,7097.0,7097.0,7097.0,,99.0,124.1,,,,0.0,,,,,,,,,,2810.0,2839.0,0.0,0.0,30.0,0.0,30.0,0.0,30.0,0.0,21.0,22.0,0.0,0.0,0.0,0.0,0.0,0.0,battery2_v
2020-09-22T04:00:00Z,30.0,30.0,,,,,13205.267,13564.0,,,,12.308,12.739,,,,7097.0,7097.0,7097.0,,115.033,130.967,,,,0.0,,,,,,,,,,2840.0,2869.0,0.0,0.0,30.0,0.0,30.0,0.0,30.0,0.0,24.0,24.0,0.0,0.0,0.0,0.0,0.0,0.0,battery2_v
2020-09-22T05:00:00Z,29.0,29.0,,,,,13835.483,20011.0,,,,12.304,12.734,,,,7097.0,7097.0,7097.0,,92.655,99.138,,,,0.0,,,,,,,,,,2870.0,2899.0,0.0,0.0,29.0,0.0,29.0,0.0,29.0,0.0,19.0,19.0,0.0,0.0,0.0,0.0,0.0,0.0,battery2_v
2020-09-22T06:00:00Z,30.0,30.0,,,,,13691.233,19239.0,,,,12.275,12.744,,,,7097.0,7097.0,7097.0,,72.667,72.067,,,,0.0,,,,,,,,,,2900.0,2929.0,0.0,0.0,30.0,0.0,30.0,0.0,30.0,0.0,18.0,17.0,0.0,0.0,0.0,0.0,0.0,0.0,battery2_v
2020-09-22T07:00:00Z,30.0,30.0,,,,,13216.2,13845.0,,,,12.11,13.089,,,,7097.0,7097.0,7097.0,,89.167,60.4,,,,0.133,,,,,,,,,,2930.0,2959.0,0.0,0.0,30.0,0.0,30.0,0.0,30.0,0.0,28.0,28.0,0.0,0.0,0.0,0.0,0.0,0.0,battery2_v
2020-09-22T08:00:00Z,30.0,30.0,,,,,8867.667,13892.0,,,,12.124,12.952,,,,7097.0,7097.0,7097.0,,15.967,-34.4,,,,0.133,,,,,,,,,,2960.0,2989.0,0.0,0.0,30.0,0.0,30.0,0.0,30.0,0.0,9.0,9.0,0.0,0.0,0.0,0.0,0.0,0.0,battery2_v
2020-09-22T09:00:00Z,30.0,30.0,,,,,3277.367,4216.0,,,,12.209,12.251,,,,7097.0,7097.0,7097.0,,-9.1,-13.767,,,,0.0,,,,,,,,,,2990.0,3019.0,0.0,0.0,30.0,0.0,30.0,0.0,30.0,0.0,0.0,0.0,0.0,0.0,0.0,0.0,0.0,0.0,battery2_v
2020-09-22T10:00:00Z,30.0,30.0,,,,,2122.667,4836.0,,,,12.204,12.762,,,,7097.0,7097.0,7097.0,,15.867,10.933,,,,0.0,,,,,,,,,,3020.0,3049.0,0.0,0.0,30.0,0.0,30.0,0.0,30.0,0.0,6.0,5.0,0.0,0.0,0.0,0.0,0.0,0.0,battery2_v
2020-09-22T11:00:00Z,30.0,30.0,,,,,430.3,1010.0,,,,12.195,12.739,,,,7097.0,7097.0,7097.0,,40.967,40.667,,,,0.0,,,,,,,,,,3050.0,3079.0,0.0,0.0,15.0,0.0,30.0,0.0,30.0,0.0,12.0,10.0,0.0,0.0,0.0,0.0,0.0,0.0,battery2_v
2020-09-22T12:00:00Z,30.0,30.0,,,,,999.1,1057.0,,,,12.19,12.256,,,,7097.0,7097.0,7097.0,,-9.9,-20.933,,,,0.0,,,,,,,,,,3080.0,3109.0,0.0,0.0,30.0,0.0,30.0,0.0,30.0,0.0,0.0,0.0,0.0,0.0,0.0,0.0,0.0,0.0,battery2_v
2020-09-22T13:00:00Z,30.0,30.0,,,,,1013.267,1069.0,,,,12.185,12.251,,,,7097.0,7097.0,7097.0,,-9.633,-25.633,,,,0.0,,,,,,,,,,3110.0,3139.0,0.0,0.0,30.0,0.0,30.0,0.0,30.0,0.0,0.0,1.0,0.0,0.0,0.0,0.0,0.0,0.0,battery2_v
2020-09-22T14:00:00Z,31.0,31.0,,,,,541.032,1174.0,,,,11.878,12.975,,,,7097.0,7097.0,7097.0,,40.129,26.516,,,,0.032,,,,,,,,,,3140.0,3170.0,0.0,0.0,19.0,0.0,31.0,0.0,31.0,0.0,10.0,14.0,0.0,0.0,0.0,0.0,0.0,0.0,battery2_v
2020-09-22T15:00:00Z,30.0,30.0,,,,,764.5,1069.0,,,,12.185,12.507,,,,7097.0,7097.0,7097.0,,7.4,3.833,,,,0.0,,,,,,,,,,3171.0,3200.0,0.0,0.0,24.0,0.0,30.0,0.0,30.0,0.0,4.0,3.0,0.0,0.0,0.0,0.0,0.0,0.0,battery2_v
2020-09-22T16:00:00Z,30.0,30.0,,,,,1084.533,1104.0,,,,12.176,12.185,,,,7097.0,7097.0,7097.0,,-9.067,-4.0,,,,0.0,,,,,,,,,,3201.0,3230.0,0.0,0.0,30.0,0.0,30.0,0.0,30.0,0.0,0.0,0.0,0.0,0.0,0.0,0.0,0.0,0.0,battery2_v
2020-09-22T17:00:00Z,30.0,30.0,,,,,1103.533,1127.0,,,,12.162,12.185,,,,7097.0,7097.0,7097.0,,-8.5,3.133,,,,0.0,,,,,,,,,,3231.0,3260.0,0.0,0.0,30.0,0.0,30.0,0.0,30.0,0.0,0.0,0.0,0.0,0.0,0.0,0.0,0.0,0.0,battery2_v
2020-09-22T18:00:00Z,30.0,30.0,,,,,1115.333,1139.0,,,,12.162,12.181,,,,7097.0,7097.0,7097.0,,-7.933,12.1,,,,0.0,,,,,,,,,,3261.0,3290.0,0.0,0.0,30.0,0.0,30.0,0.0,30.0,0.0,0.0,0.0,0.0,0.0,0.0,0.0,0.0,0.0,battery2_v
2020-09-22T19:00:00Z,30.0,30.0,,,,,1137.0,1162.0,,,,12.152,12.171,,,,7097.0,7097.0,7097.0,,-7.4,18.5,,,,0.0,,,,,,,,,,3291.0,3320.0,0.0,0.0,30.0,0.0,30.0,0.0,30.0,0.0,0.0,0.0,0.0,0.0,0.0,0.0,0.0,0.0,battery2_v
2020-09-22T20:00:00Z,30.0,30.0,,,,,1153.833,1174.0,,,,12.147,12.162,,,,7097.0,7097.0,7097.0,,-6.833,25.767,,,,0.0,,,,,,,,,,3321.0,3350.0,0.0,0.0,30.0,0.0,30.0,0.0,30.0,0.0,0.0,0.0,0.0,0.0,0.0,0.0,0.0,0.0,battery2_v
2020-09-22T21:00:00Z,30.0,30.0,,,,,1022.233,1186.0,,,,12.147,12.431,,,,7097.0,7097.0,7097.0,,5.767,46.333,,,,0.0,,,,,,,,,,3351.0,3380.0,0.0,0.0,27.0,0.0,30.0,0.0,30.0,0.0,3.0,4.0,0.0,0.0,0.0,0.0,0.0,0.0,battery2_v
2020-09-22T22:00:00Z,30.0,30.0,,,,,3751.767,14348.0,,,,12.133,12.147,,,,7097.0,7097.0,7097.0,,-5.833,35.967,,,,0.0,,,,,,,,,,3381.0,3410.0,0.0,0.0,30.0,0.0,30.0,0.0,30.0,0.0,0.0,0.0,0.0,0.0,0.0,0.0,0.0,0.0,battery2_v
2020-09-22T23:00:00Z,30.0,30.0,,,,,6916.567,13787.0,,,,12.124,12.162,,,,7097.0,7097.0,7097.0,,-3.067,45.367,,,,0.0,,,,,,,,,,3411.0,3440.0,0.0,0.0,30.0,0.0,30.0,0.0,30.0,0.0,0.0,4.0,0.0,0.0,0.0,0.0,0.0,0.0,battery2_v
2020-09-23T00:00:00Z,29.0,29.0,,,,,13700.0,13763.0,,,,12.162,12.28,,,,7097.0,7097.0,7097.0,,25.621,70.414,,,,0.0,,,,,,,,,,3441.0,3470.0,0.0,0.0,29.0,0.0,29.0,0.0,29.0,0.0,0.0,25.0,0.0,0.0,0.0,0.0,0.0,0.0,battery2_v
2020-09-23T01:00:00Z,22.0,22.0,,,,,15383.318,21754.0,,,,12.214,12.422,,,,7097.0,7097.0,7097.0,,49.273,98.273,,,,0.0,,,,,,,,,,3471.0,3499.0,0.0,0.0,22.0,0.0,22.0,0.0,22.0,0.0,15.0,18.0,0.0,0.0,0.0,0.0,0.0,0.0,battery2_v
2020-09-23T02:00:00Z,19.0,19.0,,,,,13299.0,13459.0,,,,12.427,12.606,,,,7097.0,7097.0,7097.0,,101.737,139.684,,,,0.0,,,,,,,,,,3500.0,3527.0,0.0,0.0,19.0,0.0,19.0,0.0,19.0,0.0,19.0,19.0,0.0,0.0,0.0,0.0,0.0,0.0,battery2_v
2020-09-23T03:00:00Z,17.0,17.0,,,,,13239.706,15039.0,,,,12.535,12.691,,,,7097.0,7097.0,7097.0,,114.235,144.824,,,,0.0,,,,,,,,,,3528.0,3556.0,0.0,0.0,17.0,0.0,17.0,0.0,17.0,0.0,16.0,16.0,0.0,0.0,0.0,0.0,0.0,0.0,battery2_v
2020-09-23T04:00:00Z,28.0,28.0,,,,,13240.571,13834.0,,,,12.162,13.103,,,,7097.0,7097.0,7097.0,,100.143,61.321,,,,0.321,,,,,,,,,,3557.0,3585.0,0.0,0.0,28.0,0.0,28.0,0.0,28.0,0.0,26.0,27.0,0.0,0.0,0.0,0.0,0.0,0.0,battery2_v
2020-09-23T05:00:00Z,21.0,21.0,,,,,13751.619,21088.0,,,,12.1,13.165,,,,7097.0,7097.0,7097.0,,57.857,-12.619,,,,0.286,,,,,,,,,,3588.0,3613.0,0.0,0.0,21.0,0.0,21.0,0.0,21.0,0.0,19.0,20.0,0.0,0.0,0.0,0.0,0.0,0.0,battery2_v
2020-09-23T06:00:00Z,29.0,29.0,,,,,13308.655,13845.0,,,,12.11,13.259,,,,7097.0,7097.0,7097.0,,72.034,-22.241,,,,0.483,,,,,,,,,,3615.0,3644.0,0.0,0.0,29.0,0.0,29.0,0.0,29.0,0.0,19.0,24.0,0.0,0.0,0.0,0.0,0.0,0.0,battery2_v
2020-09-23T07:00:00Z,29.0,29.0,,,,,11278.517,13904.0,,,,12.062,13.046,,,,7097.0,7097.0,7097.0,,37.448,-0.138,,,,0.138,,,,,,,,,,3645.0,3674.0,0.0,0.0,29.0,0.0,29.0,0.0,29.0,0.0,16.0,16.0,0.0,0.0,0.0,0.0,0.0,0.0,battery2_v
2020-09-23T08:00:00Z,30.0,30.0,,,,,3344.467,4275.0,,,,12.228,12.266,,,,7097.0,7097.0,7097.0,,-8.033,-0.2,,,,0.0,,,,,,,,,,3675.0,3704.0,0.0,0.0,30.0,0.0,30.0,0.0,30.0,0.0,0.0,0.0,0.0,0.0,0.0,0.0,0.0,0.0,battery2_v
2020-09-23T09:00:00Z,30.0,30.0,,,,,3438.133,3970.0,,,,12.204,12.322,,,,7097.0,7097.0,7097.0,,-7.3,3.267,,,,0.0,,,,,,,,,,3705.0,3734.0,0.0,0.0,30.0,0.0,30.0,0.0,30.0,0.0,0.0,0.0,0.0,0.0,0.0,0.0,0.0,0.0,battery2_v
2020-09-23T10:00:00Z,30.0,30.0,,,,,2491.967,5316.0,,,,12.195,12.214,,,,7097.0,7097.0,7097.0,,-8.1,1.6,,,,0.0,,,,,,,,,,3735.0,3764.0,0.0,0.0,30.0,0.0,30.0,0.0,30.0,0.0,0.0,0.0,0.0,0.0,0.0,0.0,0.0,0.0,battery2_v
2020-09-23T11:00:00Z,30.0,30.0,,,,,545.833,1057.0,,,,12.195,12.54,,,,7097.0,7097.0,7097.0,,24.0,32.133,,,,0.0,,,,,,,,,,3765.0,3794.0,0.0,0.0,21.0,0.0,30.0,0.0,30.0,0.0,7.0,7.0,0.0,0.0,0.0,0.0,0.0,0.0,battery2_v
2020-09-23T12:00:00Z,30.0,30.0,,,,,1010.867,1069.0,,,,12.181,12.318,,,,7097.0,7097.0,7097.0,,-7.267,-3.5,,,,0.0,,,,,,,,,,3795.0,3824.0,0.0,0.0,29.0,0.0,30.0,0.0,30.0,0.0,1.0,1.0,0.0,0.0,0.0,0.0,0.0,0.0,battery2_v
2020-09-23T13:00:00Z,30.0,30.0,,,,,1062.2,1081.0,,,,12.176,12.19,,,,7097.0,7097.0,7097.0,,-9.033,-2.133,,,,0.0,,,,,,,,,,3825.0,3854.0,0.0,0.0,30.0,0.0,30.0,0.0,30.0,0.0,0.0,0.0,0.0,0.0,0.0,0.0,0.0,0.0,battery2_v
2020-09-23T14:00:00Z,30.0,30.0,,,,,1079.933,1104.0,,,,12.166,12.19,,,,7097.0,7097.0,7097.0,,-8.5,3.033,,,,0.0,,,,,,,,,,3855.0,3884.0,0.0,0.0,30.0,0.0,30.0,0.0,30.0,0.0,0.0,0.0,0.0,0.0,0.0,0.0,0.0,0.0,battery2_v
2020-09-23T15:00:00Z,30.0,30.0,,,,,1099.333,1116.0,,,,12.162,12.176,,,,7097.0,7097.0,7097.0,,-8.067,9.633,,,,0.0,,,,,,,,,,3885.0,3914.0,0.0,0.0,30.0,0.0,30.0,0.0,30.0,0.0,0.0,0.0,0.0,0.0,0.0,0.0,0.0,0.0,battery2_v
2020-09-23T16:00:00Z,30.0,30.0,,,,,1120.4,1139.0,,,,12.157,12.171,,,,7097.0,7097.0,7097.0,,-7.833,14.0,,,,0.0,,,,,,,,,,3915.0,3944.0,0.0,0.0,30.0,0.0,30.0,0.0,30.0,0.0,0.0,0.0,0.0,0.0,0.0,0.0,0.0,0.0,battery2_v
2020-09-23T17:00:00Z,30.0,30.0,,,,,1137.0,1162.0,,,,12.143,12.166,,,,7097.0,7097.0,7097.0,,-7.233,20.9,,,,0.0,,,,,,,,,,3945.0,3974.0,0.0,0.0,30.0,0.0,30.0,0.0,30.0,0.0,0.0,0.0,0.0,0.0,0.0,0.0,0.0,0.0,battery2_v
2020-09-23T18:00:00Z,30.0,30.0,,,,,1158.833,1186.0,,,,12.138,12.152,,,,7097.0,7097.0,7097.0,,-6.867,26.633,,,,0.0,,,,,,,,,,3975.0,4004.0,0.0,0.0,30.0,0.0,30.0,0.0,30.0,0.0,0.0,0.0,0.0,0.0,0.0,0.0,0.0,0.0,battery2_v
2020-09-23T19:00:00Z,30.0,30.0,,,,,1181.2,1198.0,,,,12.128,12.143,,,,7097.0,7097.0,7097.0,,-6.633,29.033,,,,0.0,,,,,,,,,,4005.0,4034.0,0.0,0.0,30.0,0.0,30.0,0.0,30.0,0.0,0.0,0.0,0.0,0.0,0.0,0.0,0.0,0.0,battery2_v
2020-09-23T20:00:00Z,30.0,30.0,,,,,1199.3,1221.0,,,,12.119,12.138,,,,7097.0,7097.0,7097.0,,-6.133,34.6,,,,0.0,,,,,,,,,,4035.0,4064.0,0.0,0.0,30.0,0.0,30.0,0.0,30.0,0.0,0.0,0.0,0.0,0.0,0.0,0.0,0.0,0.0,battery2_v
2020-09-23T21:00:00Z,28.0,28.0,,,,,1214.643,1233.0,,,,12.114,12.128,,,,7097.0,7097.0,7097.0,,-5.857,35.393,,,,0.0,,,,,,,,,,4065.0,4094.0,0.0,0.0,28.0,0.0,28.0,0.0,28.0,0.0,0.0,0.0,0.0,0.0,0.0,0.0,0.0,0.0,battery2_v
2020-09-23T22:00:00Z,30.0,30.0,,,,,3196.633,10651.0,,,,12.114,12.128,,,,7097.0,7097.0,7097.0,,-5.167,45.6,,,,0.0,,,,,,,,,,4095.0,4124.0,0.0,0.0,30.0,0.0,30.0,0.0,30.0,0.0,0.0,6.0,0.0,0.0,0.0,0.0,0.0,0.0,battery2_v
2020-09-23T23:00:00Z,27.0,27.0,,,,,8192.815,18794.0,,,,12.11,12.133,,,,7097.0,7097.0,7097.0,,-3.333,49.963,,,,0.0,,,,,,,,,,4125.0,4154.0,0.0,0.0,27.0,0.0,27.0,0.0,27.0,0.0,0.0,12.0,0.0,0.0,0.0,0.0,0.0,0.0,battery2_v
2020-09-24T00:00:00Z,27.0,27.0,,,,,14467.963,21158.0,,,,12.114,12.266,,,,7097.0,7097.0,7097.0,,19.815,69.111,,,,0.0,,,,,,,,,,4155.0,4183.0,0.0,0.0,27.0,0.0,27.0,0.0,27.0,0.0,0.0,24.0,0.0,0.0,0.0,0.0,0.0,0.0,battery2_v
2020-09-24T01:00:00Z,1.0,1.0,,,,,13635.0,13635.0,,,,12.266,12.266,,,,7097.0,7097.0,7097.0,,48.0,97.0,,,,0.0,,,,,,,,,,4186.0,4186.0,0.0,0.0,1.0,0.0,1.0,0.0,1.0,0.0,0.0,1.0,0.0,0.0,0.0,0.0,0.0,0.0,battery2_v
2020-09-24T02:00:00Z,1.0,1.0,,,,,16372.0,16372.0,,,,12.417,12.417,,,,7097.0,7097.0,7097.0,,96.0,147.0,,,,0.0,,,,,,,,,,4215.0,4215.0,0.0,0.0,1.0,0.0,1.0,0.0,1.0,0.0,1.0,1.0,0.0,0.0,0.0,0.0,0.0,0.0,battery2_v
2020-09-24T03:00:00Z,9.0,9.0,,,,,15370.222,21006.0,,,,12.403,12.762,,,,7097.0,7097.0,7097.0,,132.111,155.778,,,,0.0,,,,,,,,,,4247.0,4265.0,0.0,0.0,9.0,0.0,9.0,0.0,9.0,0.0,8.0,8.0,0.0,0.0,0.0,0.0,0.0,0.0,battery2_v
2020-09-24T04:00:00Z,10.0,10.0,,,,,13189.9,13915.0,,,,12.043,12.923,,,,7097.0,7097.0,7097.0,,126.2,88.7,,,,0.2,,,,,,,,,,4266.0,4292.0,0.0,0.0,10.0,0.0,10.0,0.0,10.0,0.0,9.0,10.0,0.0,0.0,0.0,0.0,0.0,0.0,battery2_v
2020-09-24T05:00:00Z,27.0,27.0,,,,,13290.481,13693.0,,,,12.147,12.848,,,,7097.0,7097.0,7097.0,,84.815,81.185,,,,0.037,,,,,,,,,,4294.0,4322.0,0.0,0.0,27.0,0.0,27.0,0.0,27.0,0.0,16.0,14.0,0.0,0.0,0.0,0.0,0.0,0.0,battery2_v
2020-09-24T06:00:00Z,6.0,6.0,,,,,13596.0,13600.0,,,,12.285,12.308,,,,7097.0,7097.0,7097.0,,13.833,6.833,,,,0.0,,,,,,,,,,4345.0,4350.0,0.0,0.0,6.0,0.0,6.0,0.0,6.0,0.0,0.0,0.0,0.0,0.0,0.0,0.0,0.0,0.0,battery2_v
2020-09-24T07:00:00Z,10.0,10.0,,,,,13413.7,13553.0,,,,12.337,12.9,,,,7097.0,7097.0,7097.0,,64.5,23.2,,,,0.3,,,,,,,,,,4351.0,4362.0,0.0,0.0,10.0,0.0,10.0,0.0,10.0,0.0,3.0,3.0,0.0,0.0,0.0,0.0,0.0,0.0,battery2_v
2020-09-24T08:00:00Z,24.0,24.0,,,,,7383.0,14021.0,,,,11.949,12.829,,,,7097.0,7097.0,7097.0,,27.042,10.875,,,,0.042,,,,,,,,,,4378.0,4406.0,0.0,0.0,24.0,0.0,24.0,0.0,24.0,0.0,9.0,10.0,0.0,0.0,0.0,0.0,0.0,0.0,battery2_v
2020-09-24T09:00:00Z,24.0,24.0,,,,,4320.458,8732.0,,,,12.209,12.341,,,,7097.0,7097.0,7097.0,,-7.167,5.125,,,,0.0,,,,,,,,,,4408.0,4436.0,0.0,0.0,24.0,0.0,24.0,0.0,24.0,0.0,0.0,1.0,0.0,0.0,0.0,0.0,0.0,0.0,battery2_v
2020-09-24T10:00:00Z,27.0,27.0,,,,,2331.407,3795.0,,,,12.185,12.209,,,,7097.0,7097.0,7097.0,,-7.963,4.556,,,,0.0,,,,,,,,,,4437.0,4463.0,0.0,0.0,27.0,0.0,27.0,0.0,27.0,0.0,0.0,0.0,0.0,0.0,0.0,0.0,0.0,0.0,battery2_v
2020-09-24T11:00:00Z,27.0,27.0,,,,,1044.444,1081.0,,,,12.176,12.195,,,,7097.0,7097.0,7097.0,,-7.444,10.444,,,,0.0,,,,,,,,,,4468.0,4496.0,0.0,0.0,27.0,0.0,27.0,0.0,27.0,0.0,0.0,0.0,0.0,0.0,0.0,0.0,0.0,0.0,battery2_v
2020-09-24T12:00:00Z,30.0,30.0,,,,,1075.267,1092.0,,,,12.166,12.185,,,,7097.0,7097.0,7097.0,,-8.167,8.167,,,,0.0,,,,,,,,,,4497.0,4526.0,0.0,0.0,30.0,0.0,30.0,0.0,30.0,0.0,0.0,0.0,0.0,0.0,0.0,0.0,0.0,0.0,battery2_v
2020-09-24T13:00:00Z,30.0,30.0,,,,,1100.033,1116.0,,,,12.157,12.171,,,,7097.0,7097.0,7097.0,,-8.3,8.433,,,,0.0,,,,,,,,,,4527.0,4556.0,0.0,0.0,30.0,0.0,30.0,0.0,30.0,0.0,0.0,0.0,0.0,0.0,0.0,0.0,0.0,0.0,battery2_v
2020-09-24T14:00:00Z,30.0,30.0,,,,,1118.867,1151.0,,,,12.147,12.166,,,,7097.0,7097.0,7097.0,,-8.0,14.367,,,,0.0,,,,,,,,,,4557.0,4586.0,0.0,0.0,30.0,0.0,30.0,0.0,30.0,0.0,0.0,0.0,0.0,0.0,0.0,0.0,0.0,0.0,battery2_v
2020-09-24T15:00:00Z,30.0,30.0,,,,,1143.7,1174.0,,,,12.143,12.152,,,,7097.0,7097.0,7097.0,,-7.3,19.267,,,,0.0,,,,,,,,,,4587.0,4616.0,0.0,0.0,30.0,0.0,30.0,0.0,30.0,0.0,0.0,0.0,0.0,0.0,0.0,0.0,0.0,0.0,battery2_v
2020-09-24T16:00:00Z,30.0,30.0,,,,,1168.2,1186.0,,,,12.133,12.147,,,,7097.0,7097.0,7097.0,,-7.033,25.533,,,,0.0,,,,,,,,,,4617.0,4646.0,0.0,0.0,30.0,0.0,30.0,0.0,30.0,0.0,0.0,0.0,0.0,0.0,0.0,0.0,0.0,0.0,battery2_v
2020-09-24T17:00:00Z,30.0,30.0,,,,,1185.2,1198.0,,,,12.119,12.138,,,,7097.0,7097.0,7097.0,,-6.7,29.1,,,,0.0,,,,,,,,,,4647.0,4676.0,0.0,0.0,30.0,0.0,30.0,0.0,30.0,0.0,0.0,0.0,0.0,0.0,0.0,0.0,0.0,0.0,battery2_v
2020-09-24T18:00:00Z,30.0,30.0,,,,,1210.1,1244.0,,,,12.11,12.128,,,,7097.0,7097.0,7097.0,,-6.2,34.2,,,,0.0,,,,,,,,,,4677.0,4706.0,0.0,0.0,30.0,0.0,30.0,0.0,30.0,0.0,0.0,0.0,0.0,0.0,0.0,0.0,0.0,0.0,battery2_v
2020-09-24T19:00:00Z,30.0,30.0,,,,,1227.233,1244.0,,,,12.11,12.124,,,,7097.0,7097.0,7097.0,,-5.867,39.667,,,,0.0,,,,,,,,,,4707.0,4736.0,0.0,0.0,30.0,0.0,30.0,0.0,30.0,0.0,0.0,0.0,0.0,0.0,0.0,0.0,0.0,0.0,battery2_v
2020-09-24T20:00:00Z,30.0,30.0,,,,,1250.133,1279.0,,,,12.095,12.114,,,,7097.0,7097.0,7097.0,,-5.633,42.667,,,,0.0,,,,,,,,,,4737.0,4766.0,0.0,0.0,30.0,0.0,30.0,0.0,30.0,0.0,0.0,1.0,0.0,0.0,0.0,0.0,0.0,0.0,battery2_v
2020-09-24T21:00:00Z,31.0,31.0,,,,,1272.516,1303.0,,,,12.095,12.11,,,,7097.0,7097.0,7097.0,,-4.935,44.903,,,,0.0,,,,,,,,,,4767.0,4797.0,0.0,0.0,31.0,0.0,31.0,0.0,31.0,0.0,0.0,2.0,0.0,0.0,0.0,0.0,0.0,0.0,battery2_v
2020-09-24T22:00:00Z,30.0,30.0,,,,,2474.433,8931.0,,,,12.086,12.105,,,,7097.0,7097.0,7097.0,,-4.867,46.4,,,,0.0,,,,,,,,,,4798.0,4827.0,0.0,0.0,30.0,0.0,30.0,0.0,30.0,0.0,0.0,7.0,0.0,0.0,0.0,0.0,0.0,0.0,battery2_v
2020-09-24T23:00:00Z,30.0,30.0,,,,,5427.067,15191.0,,,,12.086,12.1,,,,7097.0,7097.0,7097.0,,-4.4,50.233,,,,0.0,,,,,,,,,,4828.0,4857.0,0.0,0.0,30.0,0.0,30.0,0.0,30.0,0.0,0.0,13.0,0.0,0.0,0.0,0.0,0.0,0.0,battery2_v
2020-09-25T00:00:00Z,30.0,30.0,,,,,14329.267,18127.0,,,,12.086,12.124,,,,7097.0,7097.0,7097.0,,3.69,58.067,,,,0.0,,,,,,,,,,4858.0,4887.0,0.0,0.0,30.0,0.0,30.0,0.0,30.0,0.0,0.0,26.0,0.0,0.0,0.0,0.0,0.0,0.0,battery2_v
2020-09-25T01:00:00Z,21.0,21.0,,,,,13688.19,13834.0,,,,12.11,12.337,,,,7097.0,7097.0,7097.0,,40.286,96.667,,,,0.0,,,,,,,,,,4888.0,4917.0,0.0,0.0,21.0,0.0,21.0,0.0,21.0,0.0,7.0,21.0,0.0,0.0,0.0,0.0,0.0,0.0,battery2_v
2020-09-25T02:00:00Z,27.0,27.0,,,,,14670.0,21766.0,,,,12.204,12.545,,,,7097.0,7097.0,7097.0,,66.63,116.741,,,,0.0,,,,,,,,,,4918.0,4946.0,0.0,0.0,27.0,0.0,27.0,0.0,27.0,0.0,21.0,23.0,0.0,0.0,0.0,0.0,0.0,0.0,battery2_v
2020-09-25T03:00:00Z,29.0,29.0,,,,,14790.103,21251.0,,,,12.228,12.545,,,,7097.0,7097.0,7097.0,,48.828,103.0,,,,0.0,,,,,,,,,,4947.0,4976.0,0.0,0.0,29.0,0.0,29.0,0.0,29.0,0.0,18.0,25.0,0.0,0.0,0.0,0.0,0.0,0.0,battery2_v
2020-09-25T04:00:00Z,20.0,20.0,,,,,14061.85,21193.0,,,,12.308,12.559,,,,7097.0,7097.0,7097.0,,67.65,110.95,,,,0.0,,,,,,,,,,4977.0,4997.0,0.0,0.0,20.0,0.0,20.0,0.0,20.0,0.0,16.0,19.0,0.0,0.0,0.0,0.0,0.0,0.0,battery2_v
2020-09-25T05:00:00Z,23.0,23.0,,,,,14370.261,21088.0,,,,12.332,12.706,,,,7097.0,7097.0,7097.0,,74.043,111.87,,,,0.0,,,,,,,,,,5008.0,5033.0,0.0,0.0,23.0,0.0,23.0,0.0,23.0,0.0,17.0,22.0,0.0,0.0,0.0,0.0,0.0,0.0,battery2_v
2020-09-25T06:00:00Z,28.0,28.0,,,,,13727.429,20245.0,,,,12.275,12.654,,,,7097.0,7097.0,7097.0,,80.357,110.714,,,,0.0,,,,,,,,,,5034.0,5063.0,0.0,0.0,28.0,0.0,28.0,0.0,28.0,0.0,20.0,23.0,0.0,0.0,0.0,0.0,0.0,0.0,battery2_v
2020-09-25T07:00:00Z,30.0,30.0,,,,,13467.4,13600.0,,,,12.294,12.54,,,,7097.0,7097.0,7097.0,,52.767,74.367,,,,0.0,,,,,,,,,,5064.0,5093.0,0.0,0.0,30.0,0.0,30.0,0.0,30.0,0.0,17.0,24.0,0.0,0.0,0.0,0.0,0.0,0.0,battery2_v
2020-09-25T08:00:00Z,21.0,21.0,,,,,14771.19,21485.0,,,,12.266,12.493,,,,7097.0,7097.0,7097.0,,30.714,42.524,,,,0.0,,,,,,,,,,5094.0,5122.0,0.0,0.0,21.0,0.0,21.0,0.0,21.0,0.0,3.0,8.0,0.0,0.0,0.0,0.0,0.0,0.0,battery2_v
2020-09-25T09:00:00Z,30.0,30.0,,,,,10261.167,13705.0,,,,12.19,12.436,,,,7097.0,7097.0,7097.0,,8.414,23.5,,,,0.0,,,,,,,,,,5123.0,5152.0,0.0,0.0,30.0,0.0,30.0,0.0,30.0,0.0,2.0,4.0,0.0,0.0,0.0,0.0,0.0,0.0,battery2_v
2020-09-25T10:00:00Z,30.0,30.0,,,,,2704.467,5293.0,,,,12.157,12.195,,,,7097.0,7097.0,7097.0,,-7.033,16.1,,,,0.0,,,,,,,,,,5153.0,5182.0,0.0,0.0,30.0,0.0,30.0,0.0,30.0,0.0,0.0,0.0,0.0,0.0,0.0,0.0,0.0,0.0,battery2_v
2020-09-25T11:00:00Z,30.0,30.0,,,,,1113.733,1198.0,,,,12.133,12.166,,,,7097.0,7097.0,7097.0,,-7.067,14.933,,,,0.0,,,,,,,,,,5183.0,5212.0,0.0,0.0,30.0,0.0,30.0,0.0,30.0,0.0,0.0,0.0,0.0,0.0,0.0,0.0,0.0,0.0,battery2_v
2020-09-25T12:00:00Z,30.0,30.0,,,,,1149.9,1174.0,,,,12.128,12.147,,,,7097.0,7097.0,7097.0,,-7.067,12.4,,,,0.0,,,,,,,,,,5213.0,5242.0,0.0,0.0,30.0,0.0,30.0,0.0,30.0,0.0,0.0,0.0,0.0,0.0,0.0,0.0,0.0,0.0,battery2_v
2020-09-25T13:00:00Z,30.0,30.0,,,,,905.2,1209.0,,,,12.119,12.753,,,,7097.0,7097.0,7097.0,,25.067,42.633,,,,0.0,,,,,,,,,,5243.0,5272.0,0.0,0.0,23.0,0.0,30.0,0.0,30.0,0.0,7.0,7.0,0.0,0.0,0.0,0.0,0.0,0.0,battery2_v
2020-09-25T14:00:00Z,30.0,30.0,,,,,249.9,1818.0,,,,11.873,13.623,,,,7097.0,7097.0,7097.0,,83.433,41.733,,,,0.3,,,,,,,,,,5273.0,5302.0,0.0,0.0,8.0,0.0,30.0,0.0,30.0,0.0,18.0,23.0,0.0,0.0,0.0,0.0,0.0,0.0,battery2_v
2020-09-25T15:00:00Z,30.0,30.0,,,,,368.433,1853.0,,,,11.864,14.106,,,,7097.0,7097.0,7097.0,,96.172,50.4,,,,0.3,,,,,,,,,,5303.0,5332.0,0.0,0.0,13.0,0.0,30.0,0.0,30.0,0.0,14.0,19.0,0.0,0.0,0.0,0.0,0.0,0.0,battery2_v
2020-09-25T16:00:00Z,30.0,30.0,,,,,785.867,1069.0,,,,11.949,12.644,,,,7097.0,7097.0,7097.0,,8.633,16.933,,,,0.033,,,,,,,,,,5333.0,5362.0,0.0,0.0,26.0,0.0,30.0,0.0,30.0,0.0,5.0,4.0,0.0,0.0,0.0,0.0,0.0,0.0,battery2_v
2020-09-25T17:00:00Z,29.0,29.0,,,,,1025.172,1151.0,,,,12.152,12.351,,,,7097.0,7097.0,7097.0,,-2.034,29.966,,,,0.0,,,,,,,,,,5363.0,5392.0,0.0,0.0,27.0,0.0,29.0,0.0,29.0,0.0,2.0,2.0,0.0,0.0,0.0,0.0,0.0,0.0,battery2_v
2020-09-25T18:00:00Z,30.0,30.0,,,,,1151.867,1186.0,,,,12.138,12.162,,,,7097.0,7097.0,7097.0,,-6.367,31.267,,,,0.0,,,,,,,,,,5393.0,5422.0,0.0,0.0,30.0,0.0,30.0,0.0,30.0,0.0,0.0,0.0,0.0,0.0,0.0,0.0,0.0,0.0,battery2_v
2020-09-25T19:00:00Z,30.0,30.0,,,,,1183.967,1209.0,,,,12.124,12.143,,,,7097.0,7097.0,7097.0,,-5.933,38.267,,,,0.0,,,,,,,,,,5423.0,5452.0,0.0,0.0,30.0,0.0,30.0,0.0,30.0,0.0,0.0,0.0,0.0,0.0,0.0,0.0,0.0,0.0,battery2_v
2020-09-25T20:00:00Z,30.0,30.0,,,,,1215.533,1244.0,,,,12.11,12.133,,,,7097.0,7097.0,7097.0,,-5.4,42.667,,,,0.0,,,,,,,,,,5453.0,5482.0,0.0,0.0,30.0,0.0,30.0,0.0,30.0,0.0,0.0,1.0,0.0,0.0,0.0,0.0,0.0,0.0,battery2_v
2020-09-25T21:00:00Z,31.0,31.0,,,,,1254.516,1279.0,,,,12.1,12.124,,,,7097.0,7097.0,7097.0,,-4.581,49.613,,,,0.0,,,,,,,,,,5483.0,5513.0,0.0,0.0,31.0,0.0,31.0,0.0,31.0,0.0,0.0,10.0,0.0,0.0,0.0,0.0,0.0,0.0,battery2_v
2020-09-25T22:00:00Z,30.0,30.0,,,,,1709.967,3596.0,,,,12.091,12.11,,,,7097.0,7097.0,7097.0,,-4.233,51.867,,,,0.0,,,,,,,,,,5514.0,5543.0,0.0,0.0,30.0,0.0,30.0,0.0,30.0,0.0,0.0,17.0,0.0,0.0,0.0,0.0,0.0,0.0,battery2_v
2020-09-25T23:00:00Z,30.0,30.0,,,,,5729.733,13927.0,,,,12.081,12.1,,,,7097.0,7097.0,7097.0,,-3.9,56.867,,,,0.0,,,,,,,,,,5544.0,5573.0,0.0,0.0,30.0,0.0,30.0,0.0,30.0,0.0,0.0,28.0,0.0,0.0,0.0,0.0,0.0,0.0,battery2_v
2020-09-26T00:00:00Z,30.0,30.0,,,,,3921.4,4415.0,,,,12.072,12.091,,,,7097.0,7097.0,7097.0,,-3.933,54.933,,,,0.0,,,,,,,,,,5574.0,5603.0,0.0,0.0,30.0,0.0,30.0,0.0,30.0,0.0,0.0,24.0,0.0,0.0,0.0,0.0,0.0,0.0,battery2_v
2020-09-26T01:00:00Z,30.0,30.0,,,,,12922.533,15460.0,,,,12.072,12.143,,,,7097.0,7097.0,7097.0,,9.2,71.933,,,,0.0,,,,,,,,,,5604.0,5633.0,0.0,0.0,30.0,0.0,30.0,0.0,30.0,0.0,0.0,30.0,0.0,0.0,0.0,0.0,0.0,0.0,battery2_v
2020-09-26T02:00:00Z,30.0,30.0,,,,,13702.8,13810.0,,,,12.114,12.37,,,,7097.0,7097.0,7097.0,,39.1,98.933,,,,0.0,,,,,,,,,,5634.0,5663.0,0.0,0.0,30.0,0.0,30.0,0.0,30.0,0.0,11.0,30.0,0.0,0.0,0.0,0.0,0.0,0.0,battery2_v
2020-09-26T03:00:00Z,30.0,30.0,,,,,14119.367,21614.0,,,,12.072,13.032,,,,7097.0,7097.0,7097.0,,94.433,138.8,,,,0.033,,,,,,,,,,5664.0,5693.0,0.0,0.0,30.0,0.0,30.0,0.0,30.0,0.0,24.0,28.0,0.0,0.0,0.0,0.0,0.0,0.0,battery2_v
2020-09-26T04:00:00Z,30.0,30.0,,,,,13341.367,13927.0,,,,12.034,13.472,,,,7097.0,7097.0,7097.0,,83.467,128.6,,,,0.033,,,,,,,,,,5694.0,5723.0,0.0,0.0,30.0,0.0,30.0,0.0,30.0,0.0,21.0,30.0,0.0,0.0,0.0,0.0,0.0,0.0,battery2_v
2020-09-26T05:00:00Z,30.0,30.0,,,,,13339.8,13927.0,,,,12.015,13.075,,,,7097.0,7097.0,7097.0,,78.6,115.6,,,,0.067,,,,,,,,,,5724.0,5753.0,0.0,0.0,30.0,0.0,30.0,0.0,30.0,0.0,25.0,30.0,0.0,0.0,0.0,0.0,0.0,0.0,battery2_v
2020-09-26T06:00:00Z,30.0,30.0,,,,,12837.4,13635.0,,,,12.228,12.635,,,,7097.0,7097.0,7097.0,,47.6,89.833,,,,0.0,,,,,,,,,,5754.0,5783.0,0.0,0.0,30.0,0.0,30.0,0.0,30.0,0.0,11.0,26.0,0.0,0.0,0.0,0.0,0.0,0.0,battery2_v
2020-09-26T07:00:00Z,30.0,30.0,,,,,12875.333,16712.0,,,,12.185,12.512,,,,7097.0,7097.0,7097.0,,10.5,43.267,,,,0.0,,,,,,,,,,5784.0,5813.0,0.0,0.0,30.0,0.0,30.0,0.0,30.0,0.0,2.0,3.0,0.0,0.0,0.0,0.0,0.0,0.0,battery2_v
2020-09-26T08:00:00Z,30.0,30.0,,,,,8726.467,14617.0,,,,12.171,12.744,,,,7097.0,7097.0,7097.0,,43.033,79.533,,,,0.0,,,,,,,,,,5814.0,5843.0,0.0,0.0,30.0,0.0,30.0,0.0,30.0,0.0,9.0,15.0,0.0,0.0,0.0,0.0,0.0,0.0,battery2_v
2020-09-26T09:00:00Z,30.0,30.0,,,,,3016.167,3655.0,,,,12.147,12.176,,,,7097.0,7097.0,7097.0,,-4.733,37.7,,,,0.0,,,,,,,,,,5844.0,5873.0,0.0,0.0,30.0,0.0,30.0,0.0,30.0,0.0,0.0,0.0,0.0,0.0,0.0,0.0,0.0,0.0,battery2_v
2020-09-26T10:00:00Z,31.0,31.0,,,,,2566.839,5831.0,,,,12.133,12.152,,,,7097.0,7097.0,7097.0,,-5.097,37.71,,,,0.0,,,,,,,,,,5874.0,5904.0,0.0,0.0,31.0,0.0,31.0,0.0,31.0,0.0,0.0,0.0,0.0,0.0,0.0,0.0,0.0,0.0,battery2_v
2020-09-26T11:00:00Z,30.0,30.0,,,,,1170.467,1198.0,,,,12.124,12.138,,,,7097.0,7097.0,7097.0,,-4.6,38.267,,,,0.0,,,,,,,,,,5905.0,5934.0,0.0,0.0,30.0,0.0,30.0,0.0,30.0,0.0,0.0,0.0,0.0,0.0,0.0,0.0,0.0,0.0,battery2_v
2020-09-26T12:00:00Z,30.0,30.0,,,,,1204.333,1233.0,,,,12.11,12.128,,,,7097.0,7097.0,7097.0,,-5.7,34.767,,,,0.0,,,,,,,,,,5935.0,5964.0,0.0,0.0,30.0,0.0,30.0,0.0,30.0,0.0,0.0,0.0,0.0,0.0,0.0,0.0,0.0,0.0,battery2_v
2020-09-26T13:00:00Z,30.0,30.0,,,,,1251.667,1279.0,,,,12.091,12.114,,,,7097.0,7097.0,7097.0,,-6.7,29.833,,,,0.0,,,,,,,,,,5965.0,5994.0,0.0,0.0,30.0,0.0,30.0,0.0,30.0,0.0,0.0,0.0,0.0,0.0,0.0,0.0,0.0,0.0,battery2_v
2020-09-26T14:00:00Z,30.0,30.0,,,,,1201.8,1338.0,,,,12.076,12.233,,,,7097.0,7097.0,7097.0,,-5.033,33.567,,,,0.0,,,,,,,,,,5995.0,6024.0,0.0,0.0,30.0,0.0,30.0,0.0,30.0,0.0,0.0,2.0,0.0,0.0,0.0,0.0,0.0,0.0,battery2_v
2020-09-26T15:00:00Z,30.0,30.0,,,,,1168.533,1373.0,,,,12.076,12.337,,,,7097.0,7097.0,7097.0,,1.867,47.567,,,,0.0,,,,,,,,,,6025.0,6054.0,0.0,0.0,29.0,0.0,30.0,0.0,30.0,0.0,1.0,3.0,0.0,0.0,0.0,0.0,0.0,0.0,battery2_v
2020-09-26T16:00:00Z,30.0,30.0,,,,,1389.633,1408.0,,,,12.067,12.081,,,,7097.0,7097.0,7097.0,,-6.133,37.333,,,,0.0,,,,,,,,,,6055.0,6084.0,0.0,0.0,30.0,0.0,30.0,0.0,30.0,0.0,0.0,0.0,0.0,0.0,0.0,0.0,0.0,0.0,battery2_v
2020-09-26T17:00:00Z,30.0,30.0,,,,,1405.7,1432.0,,,,12.058,12.067,,,,7097.0,7097.0,7097.0,,-5.767,41.9,,,,0.0,,,,,,,,,,6085.0,6114.0,0.0,0.0,30.0,0.0,30.0,0.0,30.0,0.0,0.0,0.0,0.0,0.0,0.0,0.0,0.0,0.0,battery2_v
2020-09-26T18:00:00Z,30.0,30.0,,,,,1417.967,1443.0,,,,12.053,12.067,,,,7097.0,7097.0,7097.0,,-5.067,45.133,,,,0.0,,,,,,,,,,6115.0,6144.0,0.0,0.0,30.0,0.0,30.0,0.0,30.0,0.0,0.0,6.0,0.0,0.0,0.0,0.0,0.0,0.0,battery2_v
2020-09-26T19:00:00Z,30.0,30.0,,,,,1426.633,1455.0,,,,12.043,12.062,,,,7097.0,7097.0,7097.0,,-4.533,48.867,,,,0.0,,,,,,,,,,6145.0,6174.0,0.0,0.0,30.0,0.0,30.0,0.0,30.0,0.0,0.0,9.0,0.0,0.0,0.0,0.0,0.0,0.0,battery2_v
2020-09-26T20:00:00Z,30.0,30.0,,,,,1439.867,1455.0,,,,12.043,12.058,,,,7097.0,7097.0,7097.0,,-4.167,53.233,,,,0.0,,,,,,,,,,6175.0,6204.0,0.0,0.0,30.0,0.0,30.0,0.0,30.0,0.0,0.0,20.0,0.0,0.0,0.0,0.0,0.0,0.0,battery2_v
2020-09-26T21:00:00Z,30.0,30.0,,,,,1449.833,1467.0,,,,12.039,12.053,,,,7097.0,7097.0,7097.0,,-3.867,58.667,,,,0.0,,,,,,,,,,6205.0,6234.0,0.0,0.0,30.0,0.0,30.0,0.0,30.0,0.0,0.0,27.0,0.0,0.0,0.0,0.0,0.0,0.0,battery2_v
2020-09-26T22:00:00Z,30.0,30.0,,,,,2030.933,4789.0,,,,12.039,12.053,,,,7097.0,7097.0,7097.0,,-3.267,62.933,,,,0.0,,,,,,,,,,6235.0,6264.0,0.0,0.0,30.0,0.0,30.0,0.0,30.0,0.0,0.0,29.0,0.0,0.0,0.0,0.0,0.0,0.0,battery2_v
2020-09-26T23:00:00Z,30.0,30.0,,,,,5418.167,13904.0,,,,12.029,12.048,,,,7097.0,7097.0,7097.0,,-3.1,66.867,,,,0.0,,,,,,,,,,6265.0,6294.0,0.0,0.0,30.0,0.0,30.0,0.0,30.0,0.0,0.0,30.0,0.0,0.0,0.0,0.0,0.0,0.0,battery2_v
2020-09-27T00:00:00Z,30.0,30.0,,,,,13410.433,16057.0,,,,12.034,12.233,,,,7097.0,7097.0,7097.0,,22.3,91.9,,,,0.0,,,,,,,,,,6295.0,6324.0,0.0,0.0,30.0,0.0,30.0,0.0,30.0,0.0,3.0,30.0,0.0,0.0,0.0,0.0,0.0,0.0,battery2_v
2020-09-27T01:00:00Z,30.0,30.0,,,,,13644.033,13763.0,,,,12.152,12.351,,,,7097.0,7097.0,7097.0,,54.533,123.167,,,,0.0,,,,,,,,,,6325.0,6354.0,0.0,0.0,30.0,0.0,30.0,0.0,30.0,0.0,21.0,30.0,0.0,0.0,0.0,0.0,0.0,0.0,battery2_v
2020-09-27T02:00:00Z,30.0,30.0,,,,,13796.5,17718.0,,,,12.152,12.412,,,,7097.0,7097.0,7097.0,,42.467,111.867,,,,0.0,,,,,,,,,,6355.0,6384.0,0.0,0.0,30.0,0.0,30.0,0.0,30.0,0.0,8.0,30.0,0.0,0.0,0.0,0.0,0.0,0.0,battery2_v
2020-09-27T03:00:00Z,30.0,30.0,,,,,15274.167,21579.0,,,,12.185,12.497,,,,7097.0,7097.0,7097.0,,52.621,117.3,,,,0.0,,,,,,,,,,6385.0,6414.0,0.0,0.0,30.0,0.0,30.0,0.0,30.0,0.0,16.0,28.0,0.0,0.0,0.0,0.0,0.0,0.0,battery2_v
2020-09-27T04:00:00Z,30.0,30.0,,,,,13431.4,13553.0,,,,12.356,12.592,,,,7097.0,7097.0,7097.0,,86.6,134.4,,,,0.0,,,,,,,,,,6415.0,6444.0,0.0,0.0,30.0,0.0,30.0,0.0,30.0,0.0,30.0,30.0,0.0,0.0,0.0,0.0,0.0,0.0,battery2_v
2020-09-27T05:00:00Z,30.0,30.0,,,,,8653.567,15600.0,,,,12.152,12.677,,,,7097.0,7097.0,7097.0,,50.821,102.667,,,,0.0,,,,,,,,,,6445.0,6474.0,0.0,0.0,30.0,0.0,30.0,0.0,30.0,0.0,9.0,18.0,0.0,0.0,0.0,0.0,0.0,0.0,battery2_v
2020-09-27T06:00:00Z,20.0,20.0,,,,,7784.55,14992.0,,,,12.138,12.233,,,,7097.0,7097.0,7097.0,,6.05,48.65,,,,0.0,,,,,,,,,,6475.0,6504.0,0.0,0.0,20.0,0.0,20.0,0.0,20.0,0.0,0.0,7.0,0.0,0.0,0.0,0.0,0.0,0.0,battery2_v
2020-09-27T07:00:00Z,31.0,31.0,,,,,13603.323,14582.0,,,,12.124,12.294,,,,7097.0,7097.0,7097.0,,17.433,41.806,,,,0.0,,,,,,,,,,6505.0,6535.0,0.0,0.0,31.0,0.0,31.0,0.0,31.0,0.0,3.0,10.0,0.0,0.0,0.0,0.0,0.0,0.0,battery2_v
2020-09-27T08:00:00Z,30.0,30.0,,,,,11893.0,20971.0,,,,12.105,12.294,,,,7097.0,7097.0,7097.0,,3.1,36.333,,,,0.0,,,,,,,,,,6536.0,6565.0,0.0,0.0,30.0,0.0,30.0,0.0,30.0,0.0,1.0,4.0,0.0,0.0,0.0,0.0,0.0,0.0,battery2_v
2020-09-27T09:00:00Z,30.0,30.0,,,,,3607.367,8732.0,,,,12.128,12.559,,,,7097.0,7097.0,7097.0,,58.533,96.967,,,,0.0,,,,,,,,,,6566.0,6595.0,0.0,0.0,30.0,0.0,30.0,0.0,30.0,0.0,13.0,19.0,0.0,0.0,0.0,0.0,0.0,0.0,battery2_v
2020-09-27T10:00:00Z,30.0,30.0,,,,,1260.567,4240.0,,,,11.987,13.548,,,,7097.0,7097.0,7097.0,,128.767,154.2,,,,0.133,,,,,,,,,,6596.0,6625.0,0.0,0.0,20.0,0.0,30.0,0.0,30.0,0.0,29.0,27.0,0.0,0.0,0.0,0.0,0.0,0.0,battery2_v
2020-09-27T11:00:00Z,30.0,30.0,,,,,505.167,1069.0,,,,12.176,12.654,,,,7097.0,7097.0,7097.0,,38.733,90.733,,,,0.0,,,,,,,,,,6626.0,6655.0,0.0,0.0,18.0,0.0,30.0,0.0,30.0,0.0,9.0,17.0,0.0,0.0,0.0,0.0,0.0,0.0,battery2_v
2020-09-27T12:00:00Z,30.0,30.0,,,,,962.467,1186.0,,,,12.138,12.469,,,,7097.0,7097.0,7097.0,,9.033,56.7,,,,0.0,,,,,,,,,,6656.0,6685.0,0.0,0.0,26.0,0.0,30.0,0.0,30.0,0.0,3.0,5.0,0.0,0.0,0.0,0.0,0.0,0.0,battery2_v
2020-09-27T13:00:00Z,30.0,30.0,,,,,1098.7,1233.0,,,,12.119,12.322,,,,7097.0,7097.0,7097.0,,-1.667,37.233,,,,0.0,,,,,,,,,,6686.0,6715.0,0.0,0.0,29.0,0.0,30.0,0.0,30.0,0.0,1.0,3.0,0.0,0.0,0.0,0.0,0.0,0.0,battery2_v
2020-09-27T14:00:00Z,30.0,30.0,,,,,1242.467,1279.0,,,,12.105,12.124,,,,7097.0,7097.0,7097.0,,-5.833,39.3,,,,0.0,,,,,,,,,,6716.0,6745.0,0.0,0.0,30.0,0.0,30.0,0.0,30.0,0.0,0.0,1.0,0.0,0.0,0.0,0.0,0.0,0.0,battery2_v
2020-09-27T15:00:00Z,30.0,30.0,,,,,1295.033,1350.0,,,,12.091,12.11,,,,7097.0,7097.0,7097.0,,-5.333,44.3,,,,0.0,,,,,,,,,,6746.0,6775.0,0.0,0.0,30.0,0.0,30.0,0.0,30.0,0.0,0.0,1.0,0.0,0.0,0.0,0.0,0.0,0.0,battery2_v
2020-09-27T16:00:00Z,30.0,30.0,,,,,1361.4,1396.0,,,,12.067,12.095,,,,7097.0,7097.0,7097.0,,-4.567,49.133,,,,0.0,,,,,,,,,,6776.0,6805.0,0.0,0.0,30.0,0.0,30.0,0.0,30.0,0.0,0.0,10.0,0.0,0.0,0.0,0.0,0.0,0.0,battery2_v
2020-09-27T17:00:00Z,30.0,30.0,,,,,1418.7,1455.0,,,,12.048,12.076,,,,7097.0,7097.0,7097.0,,-4.4,50.2,,,,0.0,,,,,,,,,,6806.0,6835.0,0.0,0.0,30.0,0.0,30.0,0.0,30.0,0.0,0.0,15.0,0.0,0.0,0.0,0.0,0.0,0.0,battery2_v
2020-09-27T18:00:00Z,28.0,28.0,,,,,1448.321,1467.0,,,,12.039,12.058,,,,7097.0,7097.0,7097.0,,-3.929,52.857,,,,0.0,,,,,,,,,,6836.0,6865.0,0.0,0.0,28.0,0.0,28.0,0.0,28.0,0.0,0.0,16.0,0.0,0.0,0.0,0.0,0.0,0.0,battery2_v
2020-09-27T19:00:00Z,30.0,30.0,,,,,1467.833,1490.0,,,,12.029,12.043,,,,7097.0,7097.0,7097.0,,-3.7,60.933,,,,0.0,,,,,,,,,,6866.0,6895.0,0.0,0.0,30.0,0.0,30.0,0.0,30.0,0.0,0.0,28.0,0.0,0.0,0.0,0.0,0.0,0.0,battery2_v
2020-09-27T20:00:00Z,30.0,30.0,,,,,1480.933,1502.0,,,,12.024,12.039,,,,7097.0,7097.0,7097.0,,-3.367,62.733,,,,0.0,,,,,,,,,,6896.0,6925.0,0.0,0.0,30.0,0.0,30.0,0.0,30.0,0.0,0.0,29.0,0.0,0.0,0.0,0.0,0.0,0.0,battery2_v
2020-09-27T21:00:00Z,30.0,30.0,,,,,1498.333,1513.0,,,,12.024,12.034,,,,7097.0,7097.0,7097.0,,-3.133,67.967,,,,0.0,,,,,,,,,,6926.0,6955.0,0.0,0.0,30.0,0.0,30.0,0.0,30.0,0.0,0.0,30.0,0.0,0.0,0.0,0.0,0.0,0.0,battery2_v
2020-09-27T22:00:00Z,31.0,31.0,,,,,2932.065,12898.0,,,,12.015,12.029,,,,7097.0,7097.0,7097.0,,-3.065,68.839,,,,0.0,,,,,,,,,,6956.0,6986.0,0.0,0.0,31.0,0.0,31.0,0.0,31.0,0.0,0.0,31.0,0.0,0.0,0.0,0.0,0.0,0.0,battery2_v
2020-09-27T23:00:00Z,30.0,30.0,,,,,4064.0,14255.0,,,,12.01,12.024,,,,7097.0,7097.0,7097.0,,-2.967,69.833,,,,0.0,,,,,,,,,,6987.0,7016.0,0.0,0.0,30.0,0.0,30.0,0.0,30.0,0.0,0.0,30.0,0.0,0.0,0.0,0.0,0.0,0.0,battery2_v
2020-09-28T00:00:00Z,27.0,27.0,,,,,11653.0,15074.0,,,,12.01,12.54,,,,7097.0,7097.0,7097.0,,29.667,101.111,,,,0.0,,,,,,,,,,7017.0,7044.0,0.0,0.0,27.0,0.0,27.0,0.0,27.0,0.0,7.0,27.0,0.0,0.0,0.0,0.0,0.0,0.0,battery2_v
2020-09-28T01:00:00Z,3.0,3.0,,,,,13849.0,13880.0,,,,12.058,12.128,,,,7097.0,7097.0,7097.0,,6.0,80.333,,,,0.0,,,,,,,,,,7048.0,7050.0,0.0,0.0,3.0,0.0,3.0,0.0,3.0,0.0,0.0,3.0,0.0,0.0,0.0,0.0,0.0,0.0,battery2_v
2020-09-28T02:00:00Z,1.0,1.0,,,,,13763.0,13763.0,,,,12.157,12.157,,,,7097.0,7097.0,7097.0,,6.0,72.0,,,,0.0,,,,,,,,,,7091.0,7091.0,0.0,0.0,1.0,0.0,1.0,0.0,1.0,0.0,0.0,1.0,0.0,0.0,0.0,0.0,0.0,0.0,battery2_v
2020-09-28T04:00:00Z,7.0,7.0,,,,,13372.286,13775.0,,,,12.166,12.933,,,,7097.0,7097.0,7097.0,,104.571,38.0,,,,0.429,,,,,,,,,,7147.0,7154.0,0.0,0.0,7.0,0.0,7.0,0.0,7.0,0.0,5.0,7.0,0.0,0.0,0.0,0.0,0.0,0.0,battery2_v
2020-09-28T05:00:00Z,7.0,7.0,,,,,13402.143,13927.0,,,,12.039,12.999,,,,7097.0,7097.0,7097.0,,80.286,10.714,,,,0.571,,,,,,,,,,7155.0,7180.0,0.0,0.0,7.0,0.0,7.0,0.0,7.0,0.0,6.0,7.0,0.0,0.0,0.0,0.0,0.0,0.0,battery2_v
2020-09-28T06:00:00Z,2.0,2.0,,,,,13418.5,13483.0,,,,12.408,12.493,,,,7097.0,7097.0,7097.0,,80.5,113.5,,,,0.0,,,,,,,,,,7182.0,7203.0,0.0,0.0,2.0,0.0,2.0,0.0,2.0,0.0,2.0,2.0,0.0,0.0,0.0,0.0,0.0,0.0,battery2_v
2020-09-28T07:00:00Z,3.0,3.0,,,,,12850.667,13202.0,,,,12.535,13.117,,,,7097.0,7097.0,7097.0,,247.667,199.0,,,,0.667,,,,,,,,,,7220.0,7235.0,0.0,0.0,3.0,0.0,3.0,0.0,3.0,0.0,3.0,2.0,0.0,0.0,0.0,0.0,0.0,0.0,battery2_v
2020-09-28T08:00:00Z,21.0,21.0,,,,,13402.429,13834.0,,,,12.114,12.928,,,,7097.0,7097.0,7097.0,,78.714,90.905,,,,0.095,,,,,,,,,,7245.0,7265.0,0.0,0.0,21.0,0.0,21.0,0.0,21.0,0.0,11.0,18.0,0.0,0.0,0.0,0.0,0.0,0.0,battery2_v
2020-09-28T09:00:00Z,30.0,30.0,,,,,5548.033,13670.0,,,,12.199,12.644,,,,7097.0,7097.0,7097.0,,36.429,78.8,,,,0.0,,,,,,,,,,7266.0,7295.0,0.0,0.0,30.0,0.0,30.0,0.0,30.0,0.0,7.0,17.0,0.0,0.0,0.0,0.0,0.0,0.0,battery2_v
2020-09-28T10:00:00Z,30.0,30.0,,,,,3626.933,10218.0,,,,12.166,12.791,,,,7097.0,7097.0,7097.0,,28.0,79.667,,,,0.0,,,,,,,,,,7296.0,7325.0,0.0,0.0,30.0,0.0,30.0,0.0,30.0,0.0,7.0,11.0,0.0,0.0,0.0,0.0,0.0,0.0,battery2_v
2020-09-28T11:00:00Z,30.0,30.0,,,,,1125.8,1151.0,,,,12.143,12.171,,,,7097.0,7097.0,7097.0,,-4.033,45.067,,,,0.0,,,,,,,,,,7326.0,7355.0,0.0,0.0,30.0,0.0,30.0,0.0,30.0,0.0,0.0,5.0,0.0,0.0,0.0,0.0,0.0,0.0,battery2_v
2020-09-28T12:00:00Z,30.0,30.0,,,,,1169.033,1198.0,,,,12.128,12.147,,,,7097.0,7097.0,7097.0,,-3.7,48.3,,,,0.0,,,,,,,,,,7356.0,7385.0,0.0,0.0,30.0,0.0,30.0,0.0,30.0,0.0,0.0,11.0,0.0,0.0,0.0,0.0,0.0,0.0,battery2_v
2020-09-28T13:00:00Z,30.0,30.0,,,,,1195.367,1221.0,,,,12.114,12.133,,,,7097.0,7097.0,7097.0,,-5.2,42.867,,,,0.0,,,,,,,,,,7386.0,7415.0,0.0,0.0,30.0,0.0,30.0,0.0,30.0,0.0,0.0,6.0,0.0,0.0,0.0,0.0,0.0,0.0,battery2_v
2020-09-28T14:00:00Z,30.0,30.0,,,,,1215.167,1233.0,,,,12.11,12.128,,,,7097.0,7097.0,7097.0,,-5.467,41.567,,,,0.0,,,,,,,,,,7416.0,7445.0,0.0,0.0,30.0,0.0,30.0,0.0,30.0,0.0,0.0,0.0,0.0,0.0,0.0,0.0,0.0,0.0,battery2_v
2020-09-28T15:00:00Z,30.0,30.0,,,,,1234.267,1268.0,,,,12.105,12.119,,,,7097.0,7097.0,7097.0,,-4.767,46.467,,,,0.0,,,,,,,,,,7446.0,7475.0,0.0,0.0,30.0,0.0,30.0,0.0,30.0,0.0,0.0,5.0,0.0,0.0,0.0,0.0,0.0,0.0,battery2_v
2020-09-28T16:00:00Z,30.0,30.0,,,,,1183.767,1291.0,,,,12.1,12.337,,,,7097.0,7097.0,7097.0,,0.167,53.233,,,,0.0,,,,,,,,,,7476.0,7505.0,0.0,0.0,29.0,0.0,30.0,0.0,30.0,0.0,1.0,16.0,0.0,0.0,0.0,0.0,0.0,0.0,battery2_v
2020-09-28T17:00:00Z,30.0,30.0,,,,,1267.633,1291.0,,,,12.091,12.11,,,,7097.0,7097.0,7097.0,,-4.0,54.133,,,,0.0,,,,,,,,,,7506.0,7535.0,0.0,0.0,30.0,0.0,30.0,0.0,30.0,0.0,0.0,19.0,0.0,0.0,0.0,0.0,0.0,0.0,battery2_v
2020-09-28T18:00:00Z,30.0,30.0,,,,,1291.933,1315.0,,,,12.086,12.1,,,,7097.0,7097.0,7097.0,,-3.7,57.767,,,,0.0,,,,,,,,,,7536.0,7565.0,0.0,0.0,30.0,0.0,30.0,0.0,30.0,0.0,0.0,28.0,0.0,0.0,0.0,0.0,0.0,0.0,battery2_v
2020-09-28T19:00:00Z,30.0,30.0,,,,,1323.633,1350.0,,,,12.076,12.095,,,,7097.0,7097.0,7097.0,,-3.333,63.433,,,,0.0,,,,,,,,,,7566.0,7595.0,0.0,0.0,30.0,0.0,30.0,0.0,30.0,0.0,0.0,29.0,0.0,0.0,0.0,0.0,0.0,0.0,battery2_v
2020-09-28T20:00:00Z,30.0,30.0,,,,,1344.967,1373.0,,,,12.067,12.091,,,,7097.0,7097.0,7097.0,,-2.967,68.8,,,,0.0,,,,,,,,,,7596.0,7625.0,0.0,0.0,30.0,0.0,30.0,0.0,30.0,0.0,0.0,30.0,0.0,0.0,0.0,0.0,0.0,0.0,battery2_v
2020-09-28T21:00:00Z,30.0,30.0,,,,,1385.467,1420.0,,,,12.053,12.076,,,,7097.0,7097.0,7097.0,,-2.867,70.133,,,,0.0,,,,,,,,,,7626.0,7655.0,0.0,0.0,30.0,0.0,30.0,0.0,30.0,0.0,0.0,30.0,0.0,0.0,0.0,0.0,0.0,0.0,battery2_v
2020-09-28T22:00:00Z,7.0,7.0,,,,,1401.143,1408.0,,,,12.058,12.062,,,,7097.0,7097.0,7097.0,,-3.0,68.571,,,,0.0,,,,,,,,,,7656.0,7662.0,0.0,0.0,7.0,0.0,7.0,0.0,7.0,0.0,0.0,7.0,0.0,0.0,0.0,0.0,0.0,0.0,battery2_v
2020-10-01T10:00:00Z,1.0,1.0,,,,,123.0,123.0,,,,0.456,0.456,,,,,,,,789.0,,,,,,,,,,,,,,,,,0.0,0.0,1.0,0.0,1.0,0.0,0.0,0.0,1.0,0.0,0.0,0.0,0.0,0.0,0.0,0.0,battery2_v
2020-10-27T13:00:00Z,24.0,24.0,,,,,2130.917,2145.0,,,,12.053,12.062,,,,6813.792,300.0,7097.0,,15.958,58.792,,,,0.0,,,,,,,,,,1.0,25.0,0.0,0.0,24.0,0.0,24.0,0.0,24.0,0.0,0.0,15.0,0.0,0.0,0.0,0.0,0.0,0.0,battery2_v
2020-10-27T14:00:00Z,28.0,28.0,,,,,2125.0,2134.0,,,,12.053,12.067,,,,7097.0,7097.0,7097.0,,14.964,44.929,,,,0.0,,,,,,,,,,26.0,54.0,0.0,0.0,28.0,0.0,28.0,0.0,28.0,0.0,0.0,4.0,0.0,0.0,0.0,0.0,0.0,0.0,battery2_v
2020-10-27T23:00:00Z,9.0,9.0,,,,,2127.333,2134.0,,,,12.048,12.062,,,,7097.0,7097.0,7097.0,,14.889,41.556,,,,0.0,,,,,,,,,,289.0,297.0,0.0,0.0,9.0,0.0,9.0,0.0,9.0,0.0,0.0,1.0,0.0,0.0,0.0,0.0,0.0,0.0,battery2_v
2020-10-28T00:00:00Z,25.0,25.0,,,,,2136.48,2157.0,,,,12.048,12.062,,,,7097.0,7097.0,7097.0,,16.8,69.48,,,,0.0,,,,,,,,,,298.0,322.0,0.0,0.0,25.0,0.0,25.0,0.0,25.0,0.0,0.0,20.0,0.0,0.0,0.0,0.0,0.0,0.0,battery2_v
2020-10-28T02:00:00Z,7.0,7.0,,,,,2128.857,2134.0,,,,12.058,12.062,,,,7097.0,7097.0,7097.0,,15.0,45.857,,,,0.0,,,,,,,,,,371.0,377.0,0.0,0.0,7.0,0.0,7.0,0.0,7.0,0.0,0.0,2.0,0.0,0.0,0.0,0.0,0.0,0.0,battery2_v
2020-10-28T03:00:00Z,9.0,9.0,,,,,2123.333,2134.0,,,,12.058,12.062,,,,7097.0,7097.0,7097.0,,15.0,46.111,,,,0.0,,,,,,,,,,378.0,386.0,0.0,0.0,9.0,0.0,9.0,0.0,9.0,0.0,0.0,1.0,0.0,0.0,0.0,0.0,0.0,0.0,battery2_v
2020-10-28T09:00:00Z,26.0,26.0,,,,,2120.115,2145.0,,,,12.053,12.067,,,,7097.0,7097.0,7097.0,,14.692,36.769,,,,0.0,,,,,,,,,,531.0,556.0,0.0,0.0,26.0,0.0,26.0,0.0,26.0,0.0,0.0,0.0,0.0,0.0,0.0,0.0,0.0,0.0,battery2_v
2020-10-28T10:00:00Z,29.0,29.0,,,,,2121.586,2134.0,,,,12.053,12.067,,,,7097.0,7097.0,7097.0,,14.483,37.0,,,,0.0,,,,,,,,,,557.0,586.0,0.0,0.0,29.0,0.0,29.0,0.0,29.0,0.0,0.0,2.0,0.0,0.0,0.0,0.0,0.0,0.0,battery2_v
2020-10-28T11:00:00Z,30.0,30.0,,,,,2130.667,2157.0,,,,12.043,12.067,,,,7097.0,7097.0,7097.0,,15.467,51.167,,,,0.0,,,,,,,,,,587.0,616.0,0.0,0.0,30.0,0.0,30.0,0.0,30.0,0.0,0.0,14.0,0.0,0.0,0.0,0.0,0.0,0.0,battery2_v
2020-10-28T12:00:00Z,30.0,30.0,,,,,2125.567,2145.0,,,,12.053,12.062,,,,7097.0,7097.0,7097.0,,16.567,67.1,,,,0.0,,,,,,,,,,617.0,646.0,0.0,0.0,30.0,0.0,30.0,0.0,30.0,0.0,0.0,28.0,0.0,0.0,0.0,0.0,0.0,0.0,battery2_v
2020-10-28T13:00:00Z,28.0,28.0,,,,,2123.286,2134.0,,,,12.053,12.067,,,,7097.0,7097.0,7097.0,,15.929,56.857,,,,0.0,,,,,,,,,,647.0,675.0,0.0,0.0,28.0,0.0,28.0,0.0,28.0,0.0,0.0,21.0,0.0,0.0,0.0,0.0,0.0,0.0,battery2_v
2020-10-28T14:00:00Z,30.0,30.0,,,,,2127.567,2145.0,,,,12.053,12.067,,,,7097.0,7097.0,7097.0,,15.033,43.7,,,,0.0,,,,,,,,,,676.0,705.0,0.0,0.0,30.0,0.0,30.0,0.0,30.0,0.0,0.0,5.0,0.0,0.0,0.0,0.0,0.0,0.0,battery2_v
2020-10-28T15:00:00Z,30.0,30.0,,,,,2121.567,2145.0,,,,12.053,12.067,,,,7097.0,7097.0,7097.0,,15.5,52.333,,,,0.0,,,,,,,,,,706.0,735.0,0.0,0.0,30.0,0.0,30.0,0.0,30.0,0.0,0.0,15.0,0.0,0.0,0.0,0.0,0.0,0.0,battery2_v
2020-10-28T16:00:00Z,30.0,30.0,,,,,2123.6,2134.0,,,,12.053,12.067,,,,7097.0,7097.0,7097.0,,14.533,37.433,,,,0.0,,,,,,,,,,736.0,765.0,0.0,0.0,30.0,0.0,30.0,0.0,30.0,0.0,0.0,0.0,0.0,0.0,0.0,0.0,0.0,0.0,battery2_v
2020-10-28T17:00:00Z,30.0,30.0,,,,,2122.4,2134.0,,,,12.053,12.067,,,,7097.0,7097.0,7097.0,,14.867,43.4,,,,0.0,,,,,,,,,,766.0,795.0,0.0,0.0,30.0,0.0,30.0,0.0,30.0,0.0,0.0,6.0,0.0,0.0,0.0,0.0,0.0,0.0,battery2_v
2020-10-28T18:00:00Z,8.0,8.0,,,,,2120.5,2122.0,,,,12.058,12.062,,,,7097.0,7097.0,7097.0,,14.5,35.625,,,,0.0,,,,,,,,,,796.0,803.0,0.0,0.0,8.0,0.0,8.0,0.0,8.0,0.0,0.0,0.0,0.0,0.0,0.0,0.0,0.0,0.0,battery2_v
2020-10-29T12:00:00Z,18.0,18.0,,,,,2119.333,2134.0,,,,12.058,12.067,,,,6719.389,300.0,7097.0,,15.556,56.833,,,,0.0,,,,,,,,,,1.0,18.0,0.0,0.0,18.0,0.0,18.0,0.0,18.0,0.0,0.0,13.0,0.0,0.0,0.0,0.0,0.0,0.0,battery2_v
2020-10-29T13:00:00Z,30.0,30.0,,,,,2119.6,2134.0,,,,12.053,12.067,,,,7097.0,7097.0,7097.0,,14.933,43.4,,,,0.0,,,,,,,,,,19.0,48.0,0.0,0.0,30.0,0.0,30.0,0.0,30.0,0.0,0.0,4.0,0.0,0.0,0.0,0.0,0.0,0.0,battery2_v
2020-10-29T14:00:00Z,30.0,30.0,,,,,2122.4,2134.0,,,,12.058,12.067,,,,7097.0,7097.0,7097.0,,15.633,51.733,,,,0.0,,,,,,,,,,49.0,78.0,0.0,0.0,30.0,0.0,30.0,0.0,30.0,0.0,0.0,17.0,0.0,0.0,0.0,0.0,0.0,0.0,battery2_v
2020-10-29T15:00:00Z,28.0,28.0,,,,,2124.143,2134.0,,,,12.053,12.067,,,,7097.0,7097.0,7097.0,,14.429,36.321,,,,0.0,,,,,,,,,,79.0,108.0,0.0,0.0,28.0,0.0,28.0,0.0,28.0,0.0,0.0,0.0,0.0,0.0,0.0,0.0,0.0,0.0,battery2_v
2020-10-29T16:00:00Z,30.0,30.0,,,,,2120.767,2145.0,,,,12.058,12.072,,,,7097.0,7097.0,7097.0,,14.533,37.6,,,,0.0,,,,,,,,,,109.0,138.0,0.0,0.0,30.0,0.0,30.0,0.0,30.0,0.0,0.0,0.0,0.0,0.0,0.0,0.0,0.0,0.0,battery2_v
2020-10-29T17:00:00Z,28.0,28.0,,,,,2120.286,2134.0,,,,12.053,12.067,,,,7097.0,7097.0,7097.0,,14.75,39.036,,,,0.0,,,,,,,,,,139.0,167.0,0.0,0.0,28.0,0.0,28.0,0.0,28.0,0.0,0.0,3.0,0.0,0.0,0.0,0.0,0.0,0.0,battery2_v
2020-10-29T18:00:00Z,30.0,30.0,,,,,2120.4,2134.0,,,,12.058,12.067,,,,7097.0,7097.0,7097.0,,14.933,42.133,,,,0.0,,,,,,,,,,168.0,197.0,0.0,0.0,30.0,0.0,30.0,0.0,30.0,0.0,0.0,0.0,0.0,0.0,0.0,0.0,0.0,0.0,battery2_v
2020-10-29T19:00:00Z,30.0,30.0,,,,,2122.4,2134.0,,,,12.058,12.067,,,,7097.0,7097.0,7097.0,,14.9,42.7,,,,0.0,,,,,,,,,,198.0,227.0,0.0,0.0,30.0,0.0,30.0,0.0,30.0,0.0,0.0,1.0,0.0,0.0,0.0,0.0,0.0,0.0,battery2_v
2020-10-29T20:00:00Z,30.0,30.0,,,,,2120.0,2134.0,,,,12.053,12.067,,,,7097.0,7097.0,7097.0,,14.9,42.967,,,,0.0,,,,,,,,,,228.0,257.0,0.0,0.0,30.0,0.0,30.0,0.0,30.0,0.0,0.0,2.0,0.0,0.0,0.0,0.0,0.0,0.0,battery2_v
2020-10-29T21:00:00Z,30.0,30.0,,,,,2120.4,2134.0,,,,12.053,12.067,,,,7097.0,7097.0,7097.0,,15.0,40.333,,,,0.0,,,,,,,,,,258.0,287.0,0.0,0.0,30.0,0.0,30.0,0.0,30.0,0.0,0.0,2.0,0.0,0.0,0.0,0.0,0.0,0.0,battery2_v
2020-10-29T22:00:00Z,30.0,30.0,,,,,2119.6,2134.0,,,,12.053,12.067,,,,7097.0,7097.0,7097.0,,15.0,47.0,,,,0.0,,,,,,,,,,288.0,317.0,0.0,0.0,30.0,0.0,30.0,0.0,30.0,0.0,0.0,8.0,0.0,0.0,0.0,0.0,0.0,0.0,battery2_v
2020-10-29T23:00:00Z,30.0,30.0,,,,,2122.4,2134.0,,,,12.058,12.067,,,,7097.0,7097.0,7097.0,,15.033,43.267,,,,0.0,,,,,,,,,,318.0,347.0,0.0,0.0,30.0,0.0,30.0,0.0,30.0,0.0,0.0,1.0,0.0,0.0,0.0,0.0,0.0,0.0,battery2_v
2020-10-30T00:00:00Z,30.0,30.0,,,,,2193.333,2566.0,,,,11.849,12.067,,,,7097.0,7097.0,7097.0,,17.167,77.1,,,,0.0,,,,,,,,,,348.0,377.0,0.0,0.0,30.0,0.0,30.0,0.0,30.0,0.0,0.0,22.0,0.0,0.0,0.0,0.0,0.0,0.0,battery2_v
2020-10-30T01:00:00Z,30.0,30.0,,,,,2212.2,2239.0,,,,12.01,12.029,,,,7097.0,7097.0,7097.0,,17.533,85.1,,,,0.0,,,,,,,,,,378.0,407.0,0.0,0.0,30.0,0.0,30.0,0.0,30.0,0.0,0.0,30.0,0.0,0.0,0.0,0.0,0.0,0.0,battery2_v
2020-10-30T02:00:00Z,29.0,29.0,,,,,2212.448,2227.0,,,,12.01,12.029,,,,7097.0,7097.0,7097.0,,16.517,64.172,,,,0.0,,,,,,,,,,408.0,437.0,0.0,0.0,29.0,0.0,29.0,0.0,29.0,0.0,0.0,27.0,0.0,0.0,0.0,0.0,0.0,0.0,battery2_v
2020-10-30T03:00:00Z,29.0,29.0,,,,,2210.103,2555.0,,,,11.859,12.034,,,,7097.0,7097.0,7097.0,,15.31,49.793,,,,0.0,,,,,,,,,,438.0,466.0,0.0,0.0,29.0,0.0,29.0,0.0,29.0,0.0,0.0,13.0,0.0,0.0,0.0,0.0,0.0,0.0,battery2_v
2020-10-30T04:00:00Z,30.0,30.0,,,,,2176.833,2192.0,,,,12.024,12.039,,,,7097.0,7097.0,7097.0,,15.467,46.967,,,,0.0,,,,,,,,,,467.0,496.0,0.0,0.0,30.0,0.0,30.0,0.0,30.0,0.0,0.0,9.0,0.0,0.0,0.0,0.0,0.0,0.0,battery2_v
2020-10-30T05:00:00Z,23.0,23.0,,,,,2179.261,2227.0,,,,12.015,12.058,,,,6801.478,300.0,7097.0,,15.217,48.087,,,,0.0,,,,,,,,,,1.0,519.0,0.0,0.0,23.0,0.0,23.0,0.0,23.0,0.0,0.0,7.0,0.0,0.0,0.0,0.0,0.0,0.0,battery2_v
2020-10-30T09:00:00Z,1.0,1.0,,,,,0.0,0.0,,,,12.956,12.956,,,,7097.0,7097.0,7097.0,,-11.0,39.0,,,,1.0,,,,,,,,,,2.0,2.0,0.0,0.0,0.0,0.0,1.0,0.0,1.0,0.0,0.0,0.0,0.0,0.0,0.0,0.0,0.0,0.0,battery2_v
2020-10-30T10:00:00Z,3.0,3.0,,,,,815.333,1045.0,,,,12.412,12.412,,,,7097.0,7097.0,7097.0,,-213.667,-337.0,,,,1.0,,,,,,,,,,33.0,39.0,0.0,0.0,3.0,0.0,3.0,0.0,3.0,0.0,3.0,3.0,0.0,0.0,0.0,0.0,0.0,0.0,battery2_v
2020-10-30T11:00:00Z,1.0,1.0,,,,,484.0,484.0,,,,12.819,12.819,,,,300.0,300.0,300.0,,9.0,64.0,,,,1.0,,,,,,,,,,1.0,1.0,0.0,0.0,1.0,0.0,1.0,0.0,1.0,0.0,0.0,1.0,0.0,0.0,0.0,0.0,0.0,0.0,battery2_v
2020-10-31T02:00:00Z,4.0,4.0,,,,,156.0,624.0,,,,12.748,13.373,,,,5397.75,300.0,7097.0,,42.25,94.5,,,,0.75,,,,,,,,,,1.0,4.0,0.0,0.0,1.0,0.0,4.0,0.0,4.0,0.0,3.0,4.0,0.0,0.0,0.0,0.0,0.0,0.0,battery2_v
2020-10-31T03:00:00Z,30.0,30.0,,,,,0.0,0.0,,,,13.207,13.467,,,,7097.0,7097.0,7097.0,,30.467,66.667,,,,1.0,,,,,,,,,,5.0,34.0,0.0,0.0,0.0,0.0,30.0,0.0,30.0,0.0,5.0,23.0,0.0,0.0,0.0,0.0,0.0,0.0,battery2_v
2020-10-31T04:00:00Z,29.0,29.0,,,,,0.0,0.0,,,,13.259,13.496,,,,7097.0,7097.0,7097.0,,40.862,79.0,,,,1.0,,,,,,,,,,35.0,63.0,0.0,0.0,0.0,0.0,29.0,0.0,29.0,0.0,7.0,29.0,0.0,0.0,0.0,0.0,0.0,0.0,battery2_v
2020-10-31T05:00:00Z,30.0,30.0,,,,,0.0,0.0,,,,13.33,13.543,,,,7097.0,7097.0,7097.0,,41.567,76.867,,,,1.0,,,,,,,,,,64.0,93.0,0.0,0.0,0.0,0.0,30.0,0.0,30.0,0.0,9.0,29.0,0.0,0.0,0.0,0.0,0.0,0.0,battery2_v
2020-10-31T06:00:00Z,29.0,29.0,,,,,0.0,0.0,,,,13.311,13.491,,,,7097.0,7097.0,7097.0,,38.552,72.103,,,,1.0,,,,,,,,,,94.0,123.0,0.0,0.0,0.0,0.0,29.0,0.0,29.0,0.0,4.0,28.0,0.0,0.0,0.0,0.0,0.0,0.0,battery2_v
2020-10-31T07:00:00Z,30.0,30.0,,,,,0.0,0.0,,,,13.141,13.415,,,,7097.0,7097.0,7097.0,,20.8,52.867,,,,1.0,,,,,,,,,,124.0,153.0,0.0,0.0,0.0,0.0,30.0,0.0,30.0,0.0,0.0,13.0,0.0,0.0,0.0,0.0,0.0,0.0,battery2_v
2020-10-31T08:00:00Z,30.0,30.0,,,,,0.0,0.0,,,,13.103,13.264,,,,7097.0,7097.0,7097.0,,14.5,48.267,,,,1.0,,,,,,,,,,154.0,183.0,0.0,0.0,0.0,0.0,30.0,0.0,30.0,0.0,0.0,13.0,0.0,0.0,0.0,0.0,0.0,0.0,battery2_v
2020-10-31T09:00:00Z,30.0,30.0,,,,,118.867,1572.0,,,,12.318,13.146,,,,7097.0,7097.0,7097.0,,-20.867,0.567,,,,1.0,,,,,,,,,,184.0,213.0,0.0,0.0,11.0,0.0,30.0,0.0,30.0,0.0,2.0,2.0,0.0,0.0,0.0,0.0,0.0,0.0,battery2_v
2020-10-31T10:00:00Z,30.0,30.0,,,,,1291.933,2297.0,,,,12.204,12.308,,,,7097.0,7097.0,7097.0,,-286.9,-352.067,,,,1.0,,,,,,,,,,214.0,243.0,0.0,0.0,30.0,0.0,30.0,0.0,30.0,0.0,30.0,30.0,0.0,0.0,0.0,0.0,0.0,0.0,battery2_v
2020-10-31T11:00:00Z,30.0,30.0,,,,,616.367,1045.0,,,,12.19,12.871,,,,7097.0,7097.0,7097.0,,-202.8,-162.467,,,,0.6,,,,,,,,,,244.0,273.0,0.0,0.0,18.0,0.0,30.0,0.0,30.0,0.0,18.0,30.0,0.0,0.0,0.0,0.0,0.0,0.0,battery2_v
2020-10-31T12:00:00Z,30.0,30.0,,,,,546.533,1127.0,,,,12.147,12.848,,,,7097.0,7097.0,7097.0,,-195.545,-142.333,,,,0.5,,,,,,,,,,274.0,303.0,0.0,0.0,15.0,0.0,30.0,0.0,30.0,0.0,15.0,30.0,0.0,0.0,0.0,0.0,0.0,0.0,battery2_v
2020-10-31T13:00:00Z,29.0,29.0,,,,,510.207,1174.0,,,,12.133,12.819,,,,7097.0,7097.0,7097.0,,-144.5,-123.414,,,,0.414,,,,,,,,,,304.0,332.0,0.0,0.0,13.0,0.0,29.0,0.0,29.0,0.0,13.0,29.0,0.0,0.0,0.0,0.0,0.0,0.0,battery2_v
2020-10-31T14:00:00Z,29.0,29.0,,,,,160.345,1174.0,,,,12.133,12.805,,,,7097.0,7097.0,7097.0,,-115.5,20.828,,,,0.138,,,,,,,,,,333.0,362.0,0.0,0.0,4.0,0.0,29.0,0.0,29.0,0.0,4.0,29.0,0.0,0.0,0.0,0.0,0.0,0.0,battery2_v
2020-10-31T15:00:00Z,30.0,30.0,,,,,0.0,0.0,,,,12.786,12.8,,,,7097.0,7097.0,7097.0,,-2.0,82.133,,,,0.0,,,,,,,,,,363.0,392.0,0.0,0.0,0.0,0.0,30.0,0.0,30.0,0.0,0.0,30.0,0.0,0.0,0.0,0.0,0.0,0.0,battery2_v
2020-10-31T16:00:00Z,28.0,28.0,,,,,0.0,0.0,,,,12.781,12.796,,,,7097.0,7097.0,7097.0,,0.0,88.5,,,,0.0,,,,,,,,,,393.0,422.0,0.0,0.0,0.0,0.0,28.0,0.0,28.0,0.0,0.0,28.0,0.0,0.0,0.0,0.0,0.0,0.0,battery2_v
2020-10-31T17:00:00Z,30.0,30.0,,,,,0.0,0.0,,,,12.777,12.796,,,,7097.0,7097.0,7097.0,,-0.667,85.967,,,,0.0,,,,,,,,,,423.0,452.0,0.0,0.0,0.0,0.0,30.0,0.0,30.0,0.0,0.0,30.0,0.0,0.0,0.0,0.0,0.0,0.0,battery2_v
2020-10-31T18:00:00Z,30.0,30.0,,,,,0.0,0.0,,,,12.777,12.791,,,,7097.0,7097.0,7097.0,,-0.333,91.067,,,,0.0,,,,,,,,,,453.0,482.0,0.0,0.0,0.0,0.0,30.0,0.0,30.0,0.0,0.0,30.0,0.0,0.0,0.0,0.0,0.0,0.0,battery2_v
2020-10-31T19:00:00Z,29.0,29.0,,,,,0.0,0.0,,,,12.767,12.781,,,,7097.0,7097.0,7097.0,,0.0,87.276,,,,0.0,,,,,,,,,,483.0,512.0,0.0,0.0,0.0,0.0,29.0,0.0,29.0,0.0,0.0,29.0,0.0,0.0,0.0,0.0,0.0,0.0,battery2_v
2020-10-31T20:00:00Z,27.0,27.0,,,,,0.0,0.0,,,,12.762,12.777,,,,7097.0,7097.0,7097.0,,-0.5,86.704,,,,0.0,,,,,,,,,,513.0,541.0,0.0,0.0,0.0,0.0,27.0,0.0,27.0,0.0,0.0,27.0,0.0,0.0,0.0,0.0,0.0,0.0,battery2_v
2020-10-31T21:00:00Z,29.0,29.0,,,,,0.0,0.0,,,,12.762,12.772,,,,7097.0,7097.0,7097.0,,-0.286,87.103,,,,0.0,,,,,,,,,,542.0,571.0,0.0,0.0,0.0,0.0,29.0,0.0,29.0,0.0,0.0,29.0,0.0,0.0,0.0,0.0,0.0,0.0,battery2_v
2020-10-31T22:00:00Z,30.0,30.0,,,,,609.8,5328.0,,,,12.758,12.772,,,,7097.0,7097.0,7097.0,,0.0,92.267,,,,0.0,,,,,,,,,,572.0,601.0,0.0,0.0,12.0,0.0,30.0,0.0,30.0,0.0,0.0,30.0,0.0,0.0,0.0,0.0,0.0,0.0,battery2_v
2020-10-31T23:00:00Z,30.0,30.0,,,,,3014.233,13178.0,,,,12.606,12.767,,,,7097.0,7097.0,7097.0,,-11.6,84.633,,,,0.0,,,,,,,,,,602.0,631.0,0.0,0.0,30.0,0.0,30.0,0.0,30.0,0.0,1.0,29.0,0.0,0.0,0.0,0.0,0.0,0.0,battery2_v
2020-11-01T00:00:00Z,30.0,30.0,,,,,12213.833,13822.0,,,,12.128,12.814,,,,7097.0,7097.0,7097.0,,-15.759,59.833,,,,0.033,,,,,,,,,,632.0,661.0,0.0,0.0,30.0,0.0,30.0,0.0,30.0,0.0,1.0,30.0,0.0,0.0,0.0,0.0,0.0,0.0,battery2_v
2020-11-01T01:00:00Z,29.0,29.0,,,,,13383.69,14465.0,,,,12.11,12.848,,,,7097.0,7097.0,7097.0,,-106.793,-110.655,,,,0.448,,,,,,,,,,662.0,691.0,0.0,0.0,29.0,0.0,29.0,0.0,29.0,0.0,13.0,29.0,0.0,0.0,0.0,0.0,0.0,0.0,battery2_v
2020-11-01T02:00:00Z,30.0,30.0,,,,,13345.633,14477.0,,,,12.095,12.885,,,,7097.0,7097.0,7097.0,,-90.7,-82.4,,,,0.4,,,,,,,,,,692.0,721.0,0.0,0.0,30.0,0.0,30.0,0.0,30.0,0.0,12.0,30.0,0.0,0.0,0.0,0.0,0.0,0.0,battery2_v
2020-11-01T03:00:00Z,29.0,29.0,,,,,13260.69,14500.0,,,,12.095,12.876,,,,7097.0,7097.0,7097.0,,-54.793,-6.828,,,,0.31,,,,,,,,,,722.0,750.0,0.0,0.0,29.0,0.0,29.0,0.0,29.0,0.0,8.0,29.0,0.0,0.0,0.0,0.0,0.0,0.0,battery2_v
2020-11-01T04:00:00Z,30.0,30.0,,,,,13331.633,13869.0,,,,12.1,12.843,,,,7097.0,7097.0,7097.0,,-79.333,-62.833,,,,0.367,,,,,,,,,,751.0,780.0,0.0,0.0,30.0,0.0,30.0,0.0,30.0,0.0,12.0,30.0,0.0,0.0,0.0,0.0,0.0,0.0,battery2_v
2020-11-01T05:00:00Z,30.0,30.0,,,,,13122.633,13869.0,,,,12.095,12.824,,,,7097.0,7097.0,7097.0,,-12.633,34.233,,,,0.1,,,,,,,,,,781.0,810.0,0.0,0.0,30.0,0.0,30.0,0.0,30.0,0.0,3.0,28.0,0.0,0.0,0.0,0.0,0.0,0.0,battery2_v
2020-11-01T06:00:00Z,30.0,30.0,,,,,13205.967,13845.0,,,,12.11,12.819,,,,7097.0,7097.0,7097.0,,-22.267,18.633,,,,0.833,,,,,,,,,,811.0,840.0,0.0,0.0,30.0,0.0,30.0,0.0,30.0,0.0,3.0,16.0,0.0,0.0,0.0,0.0,0.0,0.0,battery2_v
2020-11-01T07:00:00Z,30.0,30.0,,,,,9617.267,13178.0,,,,12.611,12.777,,,,7097.0,7097.0,7097.0,,-6.3,33.833,,,,1.0,,,,,,,,,,841.0,870.0,0.0,0.0,30.0,0.0,30.0,0.0,30.0,0.0,0.0,4.0,0.0,0.0,0.0,0.0,0.0,0.0,battery2_v
2020-11-01T08:00:00Z,30.0,30.0,,,,,12781.467,13167.0,,,,12.559,12.696,,,,7097.0,7097.0,7097.0,,-10.345,24.8,,,,1.0,,,,,,,,,,871.0,900.0,0.0,0.0,30.0,0.0,30.0,0.0,30.0,0.0,0.0,0.0,0.0,0.0,0.0,0.0,0.0,0.0,battery2_v
2020-11-01T09:00:00Z,30.0,30.0,,,,,3109.667,13178.0,,,,12.606,12.649,,,,7097.0,7097.0,7097.0,,-12.667,24.667,,,,1.0,,,,,,,,,,901.0,930.0,0.0,0.0,30.0,0.0,30.0,0.0,30.0,0.0,0.0,0.0,0.0,0.0,0.0,0.0,0.0,0.0,battery2_v
2020-11-01T10:00:00Z,30.0,30.0,,,,,1141.767,6030.0,,,,12.635,12.644,,,,7097.0,7097.0,7097.0,,-11.533,29.333,,,,1.0,,,,,,,,,,931.0,960.0,0.0,0.0,22.0,0.0,30.0,0.0,30.0,0.0,0.0,0.0,0.0,0.0,0.0,0.0,0.0,0.0,battery2_v
2020-11-01T11:00:00Z,30.0,30.0,,,,,44.2,51.0,,,,12.63,12.644,,,,7097.0,7097.0,7097.0,,-11.233,32.7,,,,1.0,,,,,,,,,,961.0,990.0,0.0,0.0,0.0,0.0,30.0,0.0,30.0,0.0,0.0,0.0,0.0,0.0,0.0,0.0,0.0,0.0,battery2_v
2020-11-01T12:00:00Z,30.0,30.0,,,,,60.867,74.0,,,,12.62,12.635,,,,7097.0,7097.0,7097.0,,-10.4,45.4,,,,1.0,,,,,,,,,,991.0,1020.0,0.0,0.0,22.0,0.0,30.0,0.0,30.0,0.0,0.0,10.0,0.0,0.0,0.0,0.0,0.0,0.0,battery2_v
2020-11-01T13:00:00Z,29.0,29.0,,,,,66.034,74.0,,,,12.62,12.63,,,,7097.0,7097.0,7097.0,,-9.552,55.862,,,,1.0,,,,,,,,,,1021.0,1049.0,0.0,0.0,29.0,0.0,29.0,0.0,29.0,0.0,0.0,20.0,0.0,0.0,0.0,0.0,0.0,0.0,battery2_v
2020-11-01T14:00:00Z,29.0,29.0,,,,,73.0,86.0,,,,12.611,12.63,,,,7097.0,7097.0,7097.0,,-10.103,49.207,,,,1.0,,,,,,,,,,1050.0,1078.0,0.0,0.0,29.0,0.0,29.0,0.0,29.0,0.0,0.0,11.0,0.0,0.0,0.0,0.0,0.0,0.0,battery2_v
2020-11-01T15:00:00Z,30.0,30.0,,,,,78.8,98.0,,,,12.611,12.62,,,,7097.0,7097.0,7097.0,,-10.0,49.2,,,,1.0,,,,,,,,,,1080.0,1109.0,0.0,0.0,30.0,0.0,30.0,0.0,30.0,0.0,0.0,10.0,0.0,0.0,0.0,0.0,0.0,0.0,battery2_v
2020-11-01T16:00:00Z,30.0,30.0,,,,,90.333,109.0,,,,12.606,12.62,,,,7097.0,7097.0,7097.0,,-9.533,57.833,,,,1.0,,,,,,,,,,1110.0,1139.0,0.0,0.0,30.0,0.0,30.0,0.0,30.0,0.0,0.0,25.0,0.0,0.0,0.0,0.0,0.0,0.0,battery2_v
2020-11-01T17:00:00Z,30.0,30.0,,,,,104.233,121.0,,,,12.597,12.616,,,,7097.0,7097.0,7097.0,,-9.233,56.633,,,,1.0,,,,,,,,,,1140.0,1169.0,0.0,0.0,30.0,0.0,30.0,0.0,30.0,0.0,0.0,25.0,0.0,0.0,0.0,0.0,0.0,0.0,battery2_v
2020-11-01T18:00:00Z,30.0,30.0,,,,,109.167,121.0,,,,12.597,12.606,,,,7097.0,7097.0,7097.0,,-9.133,60.567,,,,1.0,,,,,,,,,,1170.0,1199.0,0.0,0.0,30.0,0.0,30.0,0.0,30.0,0.0,0.0,29.0,0.0,0.0,0.0,0.0,0.0,0.0,battery2_v
2020-11-01T19:00:00Z,30.0,30.0,,,,,136.767,168.0,,,,12.587,12.602,,,,7097.0,7097.0,7097.0,,-9.233,60.133,,,,1.0,,,,,,,,,,1200.0,1229.0,0.0,0.0,30.0,0.0,30.0,0.0,30.0,0.0,0.0,29.0,0.0,0.0,0.0,0.0,0.0,0.0,battery2_v
2020-11-01T20:00:00Z,29.0,29.0,,,,,155.483,180.0,,,,12.583,12.602,,,,7097.0,7097.0,7097.0,,-9.103,60.793,,,,1.0,,,,,,,,,,1230.0,1259.0,0.0,0.0,29.0,0.0,29.0,0.0,29.0,0.0,0.0,28.0,0.0,0.0,0.0,0.0,0.0,0.0,battery2_v
2020-11-01T21:00:00Z,29.0,29.0,,,,,171.241,191.0,,,,12.578,12.592,,,,7097.0,7097.0,7097.0,,-9.103,61.724,,,,1.0,,,,,,,,,,1260.0,1288.0,0.0,0.0,29.0,0.0,29.0,0.0,29.0,0.0,0.0,28.0,0.0,0.0,0.0,0.0,0.0,0.0,battery2_v
2020-11-01T22:00:00Z,30.0,30.0,,,,,696.867,3374.0,,,,12.578,12.587,,,,7097.0,7097.0,7097.0,,-9.0,64.433,,,,1.0,,,,,,,,,,1289.0,1318.0,0.0,0.0,30.0,0.0,30.0,0.0,30.0,0.0,0.0,29.0,0.0,0.0,0.0,0.0,0.0,0.0,battery2_v
2020-11-01T23:00:00Z,30.0,30.0,,,,,5338.5,13459.0,,,,12.422,12.583,,,,7097.0,7097.0,7097.0,,-18.9,46.2,,,,1.0,,,,,,,,,,1319.0,1348.0,0.0,0.0,30.0,0.0,30.0,0.0,30.0,0.0,5.0,20.0,0.0,0.0,0.0,0.0,0.0,0.0,battery2_v
2020-11-02T00:00:00Z,30.0,30.0,,,,,11331.9,13225.0,,,,12.573,12.616,,,,7097.0,7097.0,7097.0,,-6.633,58.033,,,,1.0,,,,,,,,,,1349.0,1378.0,0.0,0.0,30.0,0.0,30.0,0.0,30.0,0.0,0.0,26.0,0.0,0.0,0.0,0.0,0.0,0.0,battery2_v
2020-11-02T01:00:00Z,28.0,28.0,,,,,13158.321,13225.0,,,,12.583,12.701,,,,7097.0,7097.0,7097.0,,7.778,68.786,,,,1.0,,,,,,,,,,1379.0,1408.0,0.0,0.0,28.0,0.0,28.0,0.0,28.0,0.0,0.0,28.0,0.0,0.0,0.0,0.0,0.0,0.0,battery2_v
2020-11-02T02:00:00Z,30.0,30.0,,,,,13061.633,13155.0,,,,12.635,12.81,,,,7097.0,7097.0,7097.0,,20.867,73.733,,,,1.0,,,,,,,,,,1409.0,1438.0,0.0,0.0,30.0,0.0,30.0,0.0,30.0,0.0,0.0,27.0,0.0,0.0,0.0,0.0,0.0,0.0,battery2_v
2020-11-02T03:00:00Z,30.0,30.0,,,,,13226.3,13892.0,,,,12.568,12.71,,,,7097.0,7097.0,7097.0,,1.593,45.1,,,,1.0,,,,,,,,,,1439.0,1468.0,0.0,0.0,30.0,0.0,30.0,0.0,30.0,0.0,0.0,6.0,0.0,0.0,0.0,0.0,0.0,0.0,battery2_v
2020-11-02T04:00:00Z,30.0,30.0,,,,,13110.967,13869.0,,,,12.602,12.8,,,,7097.0,7097.0,7097.0,,19.241,61.633,,,,1.0,,,,,,,,,,1469.0,1498.0,0.0,0.0,30.0,0.0,30.0,0.0,30.0,0.0,0.0,20.0,0.0,0.0,0.0,0.0,0.0,0.0,battery2_v
2020-11-02T05:00:00Z,29.0,29.0,,,,,12938.31,13015.0,,,,12.758,12.881,,,,7097.0,7097.0,7097.0,,33.103,71.448,,,,1.0,,,,,,,,,,1499.0,1527.0,0.0,0.0,29.0,0.0,29.0,0.0,29.0,0.0,0.0,29.0,0.0,0.0,0.0,0.0,0.0,0.0,battery2_v
2020-11-02T06:00:00Z,30.0,30.0,,,,,12973.633,13646.0,,,,12.8,12.857,,,,7097.0,7097.0,7097.0,,26.433,81.4,,,,1.0,,,,,,,,,,1528.0,1557.0,0.0,0.0,30.0,0.0,30.0,0.0,30.0,0.0,0.0,30.0,0.0,0.0,0.0,0.0,0.0,0.0,battery2_v
2020-11-02T07:00:00Z,29.0,29.0,,,,,13076.621,13717.0,,,,12.673,12.796,,,,7097.0,7097.0,7097.0,,12.621,55.69,,,,1.0,,,,,,,,,,1558.0,1587.0,0.0,0.0,29.0,0.0,29.0,0.0,29.0,0.0,0.0,20.0,0.0,0.0,0.0,0.0,0.0,0.0,battery2_v
2020-11-02T08:00:00Z,30.0,30.0,,,,,12902.233,13845.0,,,,12.516,12.668,,,,7097.0,7097.0,7097.0,,-12.655,21.667,,,,1.0,,,,,,,,,,1588.0,1617.0,0.0,0.0,30.0,0.0,30.0,0.0,30.0,0.0,0.0,0.0,0.0,0.0,0.0,0.0,0.0,0.0,battery2_v
2020-11-02T09:00:00Z,30.0,30.0,,,,,4731.8,13295.0,,,,12.531,12.568,,,,7097.0,7097.0,7097.0,,-15.133,24.167,,,,1.0,,,,,,,,,,1618.0,1647.0,0.0,0.0,30.0,0.0,30.0,0.0,30.0,0.0,0.0,0.0,0.0,0.0,0.0,0.0,0.0,0.0,battery2_v
2020-11-02T10:00:00Z,29.0,29.0,,,,,1262.897,4953.0,,,,12.559,12.568,,,,7097.0,7097.0,7097.0,,-10.931,38.069,,,,1.0,,,,,,,,,,1648.0,1677.0,0.0,0.0,29.0,0.0,29.0,0.0,29.0,0.0,0.0,3.0,0.0,0.0,0.0,0.0,0.0,0.0,battery2_v
2020-11-02T11:00:00Z,30.0,30.0,,,,,219.367,238.0,,,,12.554,12.564,,,,7097.0,7097.0,7097.0,,-10.7,43.7,,,,1.0,,,,,,,,,,1678.0,1707.0,0.0,0.0,30.0,0.0,30.0,0.0,30.0,0.0,0.0,2.0,0.0,0.0,0.0,0.0,0.0,0.0,battery2_v
2020-11-02T12:00:00Z,30.0,30.0,,,,,235.6,250.0,,,,12.545,12.559,,,,7097.0,7097.0,7097.0,,-10.833,43.5,,,,1.0,,,,,,,,,,1708.0,1737.0,0.0,0.0,30.0,0.0,30.0,0.0,30.0,0.0,0.0,2.0,0.0,0.0,0.0,0.0,0.0,0.0,battery2_v
2020-11-02T13:00:00Z,30.0,30.0,,,,,242.8,262.0,,,,12.545,12.559,,,,7097.0,7097.0,7097.0,,-9.933,55.033,,,,1.0,,,,,,,,,,1738.0,1767.0,0.0,0.0,30.0,0.0,30.0,0.0,30.0,0.0,0.0,19.0,0.0,0.0,0.0,0.0,0.0,0.0,battery2_v
2020-11-02T14:00:00Z,29.0,29.0,,,,,256.483,285.0,,,,12.54,12.554,,,,7097.0,7097.0,7097.0,,-9.724,58.759,,,,1.0,,,,,,,,,,1768.0,1796.0,0.0,0.0,29.0,0.0,29.0,0.0,29.0,0.0,0.0,27.0,0.0,0.0,0.0,0.0,0.0,0.0,battery2_v
2020-11-02T15:00:00Z,29.0,29.0,,,,,282.517,297.0,,,,12.526,12.545,,,,7097.0,7097.0,7097.0,,-9.103,63.207,,,,1.0,,,,,,,,,,1798.0,1826.0,0.0,0.0,29.0,0.0,29.0,0.0,29.0,0.0,0.0,29.0,0.0,0.0,0.0,0.0,0.0,0.0,battery2_v
2020-11-02T16:00:00Z,30.0,30.0,,,,,290.967,308.0,,,,12.521,12.54,,,,7097.0,7097.0,7097.0,,-9.8,56.1,,,,1.0,,,,,,,,,,1827.0,1856.0,0.0,0.0,30.0,0.0,30.0,0.0,30.0,0.0,0.0,24.0,0.0,0.0,0.0,0.0,0.0,0.0,battery2_v
2020-11-02T17:00:00Z,29.0,29.0,,,,,301.172,320.0,,,,12.521,12.535,,,,7097.0,7097.0,7097.0,,-9.931,53.241,,,,1.0,,,,,,,,,,1857.0,1886.0,0.0,0.0,29.0,0.0,29.0,0.0,29.0,0.0,0.0,18.0,0.0,0.0,0.0,0.0,0.0,0.0,battery2_v
2020-11-02T18:00:00Z,30.0,30.0,,,,,309.733,320.0,,,,12.516,12.531,,,,7097.0,7097.0,7097.0,,-9.933,53.233,,,,1.0,,,,,,,,,,1887.0,1916.0,0.0,0.0,30.0,0.0,30.0,0.0,30.0,0.0,0.0,21.0,0.0,0.0,0.0,0.0,0.0,0.0,battery2_v
2020-11-02T19:00:00Z,29.0,29.0,,,,,314.241,343.0,,,,12.512,12.526,,,,7097.0,7097.0,7097.0,,-9.966,51.448,,,,1.0,,,,,,,,,,1917.0,1946.0,0.0,0.0,29.0,0.0,29.0,0.0,29.0,0.0,0.0,18.0,0.0,0.0,0.0,0.0,0.0,0.0,battery2_v
2020-11-02T20:00:00Z,29.0,29.0,,,,,314.621,332.0,,,,12.512,12.526,,,,7097.0,7097.0,7097.0,,-9.966,54.586,,,,1.0,,,,,,,,,,1947.0,1975.0,0.0,0.0,29.0,0.0,29.0,0.0,29.0,0.0,0.0,24.0,0.0,0.0,0.0,0.0,0.0,0.0,battery2_v
2020-11-02T21:00:00Z,30.0,30.0,,,,,326.333,343.0,,,,12.502,12.516,,,,7097.0,7097.0,7097.0,,-9.633,58.367,,,,1.0,,,,,,,,,,1976.0,2005.0,0.0,0.0,30.0,0.0,30.0,0.0,30.0,0.0,0.0,27.0,0.0,0.0,0.0,0.0,0.0,0.0,battery2_v
2020-11-02T22:00:00Z,30.0,30.0,,,,,1094.933,5761.0,,,,12.497,12.512,,,,7097.0,7097.0,7097.0,,-9.7,58.1,,,,1.0,,,,,,,,,,2006.0,2035.0,0.0,0.0,30.0,0.0,30.0,0.0,30.0,0.0,0.0,27.0,0.0,0.0,0.0,0.0,0.0,0.0,battery2_v
2020-11-02T23:00:00Z,30.0,30.0,,,,,5062.767,13529.0,,,,12.351,12.507,,,,7097.0,7097.0,7097.0,,-21.233,40.5,,,,1.0,,,,,,,,,,2036.0,2065.0,0.0,0.0,30.0,0.0,30.0,0.0,30.0,0.0,6.0,13.0,0.0,0.0,0.0,0.0,0.0,0.0,battery2_v
2020-11-03T00:00:00Z,30.0,30.0,,,,,10766.633,13401.0,,,,12.469,12.559,,,,7097.0,7097.0,7097.0,,-7.31,52.1,,,,1.0,,,,,,,,,,2066.0,2095.0,0.0,0.0,30.0,0.0,30.0,0.0,30.0,0.0,0.0,19.0,0.0,0.0,0.0,0.0,0.0,0.0,battery2_v
2020-11-03T01:00:00Z,30.0,30.0,,,,,13333.6,13951.0,,,,12.493,12.587,,,,7097.0,7097.0,7097.0,,1.3,51.567,,,,1.0,,,,,,,,,,2096.0,2125.0,0.0,0.0,30.0,0.0,30.0,0.0,30.0,0.0,0.0,13.0,0.0,0.0,0.0,0.0,0.0,0.0,battery2_v
2020-11-03T02:00:00Z,30.0,30.0,,,,,13203.667,13354.0,,,,12.493,12.701,,,,7097.0,7097.0,7097.0,,14.767,61.633,,,,1.0,,,,,,,,,,2126.0,2155.0,0.0,0.0,30.0,0.0,30.0,0.0,30.0,0.0,0.0,22.0,0.0,0.0,0.0,0.0,0.0,0.0,battery2_v
2020-11-03T03:00:00Z,29.0,29.0,,,,,13200.966,13892.0,,,,12.559,12.677,,,,7097.0,7097.0,7097.0,,17.69,61.724,,,,1.0,,,,,,,,,,2156.0,2185.0,0.0,0.0,29.0,0.0,29.0,0.0,29.0,0.0,0.0,26.0,0.0,0.0,0.0,0.0,0.0,0.0,battery2_v
2020-11-03T04:00:00Z,29.0,29.0,,,,,13196.931,13307.0,,,,12.531,12.673,,,,7097.0,7097.0,7097.0,,13.448,49.414,,,,1.0,,,,,,,,,,2186.0,2215.0,0.0,0.0,29.0,0.0,29.0,0.0,29.0,0.0,0.0,14.0,0.0,0.0,0.0,0.0,0.0,0.0,battery2_v
2020-11-03T05:00:00Z,28.0,28.0,,,,,13243.643,13447.0,,,,12.521,12.654,,,,7097.0,7097.0,7097.0,,7.519,40.643,,,,1.0,,,,,,,,,,2216.0,2244.0,0.0,0.0,28.0,0.0,28.0,0.0,28.0,0.0,0.0,5.0,0.0,0.0,0.0,0.0,0.0,0.0,battery2_v
2020-11-03T06:00:00Z,30.0,30.0,,,,,13316.0,13939.0,,,,12.483,12.649,,,,7097.0,7097.0,7097.0,,1.793,46.367,,,,1.0,,,,,,,,,,2245.0,2274.0,0.0,0.0,30.0,0.0,30.0,0.0,30.0,0.0,0.0,10.0,0.0,0.0,0.0,0.0,0.0,0.0,battery2_v
2020-11-03T07:00:00Z,30.0,30.0,,,,,13348.0,13939.0,,,,12.469,12.668,,,,7097.0,7097.0,7097.0,,-4.467,38.867,,,,1.0,,,,,,,,,,2275.0,2304.0,0.0,0.0,30.0,0.0,30.0,0.0,30.0,0.0,0.0,5.0,0.0,0.0,0.0,0.0,0.0,0.0,battery2_v
2020-11-03T08:00:00Z,30.0,30.0,,,,,13351.2,13740.0,,,,12.474,12.55,,,,7097.0,7097.0,7097.0,,-5.793,28.1,,,,1.0,,,,,,,,,,2305.0,2334.0,0.0,0.0,30.0,0.0,30.0,0.0,30.0,0.0,0.0,0.0,0.0,0.0,0.0,0.0,0.0,0.0,battery2_v
2020-11-03T09:00:00Z,29.0,29.0,,,,,9210.345,13459.0,,,,12.422,12.474,,,,7097.0,7097.0,7097.0,,-18.966,17.759,,,,1.0,,,,,,,,,,2335.0,2364.0,0.0,0.0,29.0,0.0,29.0,0.0,29.0,0.0,0.0,0.0,0.0,0.0,0.0,0.0,0.0,0.0,battery2_v
2020-11-03T10:00:00Z,30.0,30.0,,,,,1446.4,4637.0,,,,12.464,12.479,,,,7097.0,7097.0,7097.0,,-11.467,33.667,,,,1.0,,,,,,,,,,2365.0,2394.0,0.0,0.0,30.0,0.0,30.0,0.0,30.0,0.0,0.0,0.0,0.0,0.0,0.0,0.0,0.0,0.0,battery2_v
2020-11-03T11:00:00Z,30.0,30.0,,,,,426.4,437.0,,,,12.46,12.474,,,,7097.0,7097.0,7097.0,,-10.5,46.133,,,,1.0,,,,,,,,,,2395.0,2424.0,0.0,0.0,30.0,0.0,30.0,0.0,30.0,0.0,0.0,10.0,0.0,0.0,0.0,0.0,0.0,0.0,battery2_v
2020-11-03T12:00:00Z,30.0,30.0,,,,,434.2,449.0,,,,12.455,12.469,,,,7097.0,7097.0,7097.0,,-9.933,56.367,,,,1.0,,,,,,,,,,2425.0,2454.0,0.0,0.0,30.0,0.0,30.0,0.0,30.0,0.0,0.0,25.0,0.0,0.0,0.0,0.0,0.0,0.0,battery2_v
2020-11-03T13:00:00Z,29.0,29.0,,,,,441.931,460.0,,,,12.45,12.464,,,,7097.0,7097.0,7097.0,,-10.276,49.586,,,,1.0,,,,,,,,,,2455.0,2483.0,0.0,0.0,29.0,0.0,29.0,0.0,29.0,0.0,0.0,12.0,0.0,0.0,0.0,0.0,0.0,0.0,battery2_v
2020-11-03T14:00:00Z,30.0,30.0,,,,,440.967,460.0,,,,12.441,12.46,,,,7097.0,7097.0,7097.0,,-10.833,44.567,,,,1.0,,,,,,,,,,2484.0,2513.0,0.0,0.0,30.0,0.0,30.0,0.0,30.0,0.0,0.0,2.0,0.0,0.0,0.0,0.0,0.0,0.0,battery2_v
2020-11-03T15:00:00Z,30.0,30.0,,,,,444.167,460.0,,,,12.441,12.455,,,,7097.0,7097.0,7097.0,,-10.5,48.867,,,,1.0,,,,,,,,,,2514.0,2543.0,0.0,0.0,30.0,0.0,30.0,0.0,30.0,0.0,0.0,9.0,0.0,0.0,0.0,0.0,0.0,0.0,battery2_v
2020-11-03T16:00:00Z,30.0,30.0,,,,,466.9,484.0,,,,12.436,12.45,,,,7097.0,7097.0,7097.0,,-10.133,52.833,,,,1.0,,,,,,,,,,2544.0,2573.0,0.0,0.0,30.0,0.0,30.0,0.0,30.0,0.0,0.0,17.0,0.0,0.0,0.0,0.0,0.0,0.0,battery2_v
2020-11-03T17:00:00Z,30.0,30.0,,,,,472.8,484.0,,,,12.431,12.445,,,,7097.0,7097.0,7097.0,,-10.7,47.267,,,,1.0,,,,,,,,,,2574.0,2603.0,0.0,0.0,30.0,0.0,30.0,0.0,30.0,0.0,0.0,6.0,0.0,0.0,0.0,0.0,0.0,0.0,battery2_v
2020-11-03T18:00:00Z,30.0,30.0,,,,,481.2,496.0,,,,12.427,12.436,,,,7097.0,7097.0,7097.0,,-10.6,46.2,,,,1.0,,,,,,,,,,2604.0,2633.0,0.0,0.0,30.0,0.0,30.0,0.0,30.0,0.0,0.0,5.0,0.0,0.0,0.0,0.0,0.0,0.0,battery2_v
2020-11-03T19:00:00Z,30.0,30.0,,,,,490.7,507.0,,,,12.422,12.436,,,,7097.0,7097.0,7097.0,,-10.333,47.767,,,,1.0,,,,,,,,,,2634.0,2663.0,0.0,0.0,30.0,0.0,30.0,0.0,30.0,0.0,0.0,8.0,0.0,0.0,0.0,0.0,0.0,0.0,battery2_v
2020-11-03T20:00:00Z,29.0,29.0,,,,,500.517,507.0,,,,12.422,12.431,,,,7097.0,7097.0,7097.0,,-10.207,50.31,,,,1.0,,,,,,,,,,2664.0,2693.0,0.0,0.0,29.0,0.0,29.0,0.0,29.0,0.0,0.0,14.0,0.0,0.0,0.0,0.0,0.0,0.0,battery2_v
2020-11-03T21:00:00Z,30.0,30.0,,,,,505.333,531.0,,,,12.417,12.431,,,,7097.0,7097.0,7097.0,,-9.867,55.533,,,,1.0,,,,,,,,,,2694.0,2723.0,0.0,0.0,30.0,0.0,30.0,0.0,30.0,0.0,0.0,22.0,0.0,0.0,0.0,0.0,0.0,0.0,battery2_v
2020-11-03T22:00:00Z,30.0,30.0,,,,,1351.967,8065.0,,,,12.412,12.427,,,,7097.0,7097.0,7097.0,,-9.967,54.367,,,,1.0,,,,,,,,,,2724.0,2753.0,0.0,0.0,30.0,0.0,30.0,0.0,30.0,0.0,0.0,23.0,0.0,0.0,0.0,0.0,0.0,0.0,battery2_v
2020-11-03T23:00:00Z,29.0,29.0,,,,,5103.31,13623.0,,,,12.275,12.417,,,,7097.0,7097.0,7097.0,,-16.069,43.034,,,,1.0,,,,,,,,,,2754.0,2782.0,0.0,0.0,29.0,0.0,29.0,0.0,29.0,0.0,3.0,9.0,0.0,0.0,0.0,0.0,0.0,0.0,battery2_v
2020-11-04T00:00:00Z,30.0,30.0,,,,,7939.833,13506.0,,,,12.389,12.445,,,,7097.0,7097.0,7097.0,,-9.867,51.167,,,,1.0,,,,,,,,,,2783.0,2812.0,0.0,0.0,30.0,0.0,30.0,0.0,30.0,0.0,0.0,14.0,0.0,0.0,0.0,0.0,0.0,0.0,battery2_v
2020-11-04T01:00:00Z,30.0,30.0,,,,,13333.6,13506.0,,,,12.393,12.455,,,,7097.0,7097.0,7097.0,,-7.8,41.533,,,,1.0,,,,,,,,,,2813.0,2842.0,0.0,0.0,30.0,0.0,30.0,0.0,30.0,0.0,0.0,2.0,0.0,0.0,0.0,0.0,0.0,0.0,battery2_v
2020-11-04T02:00:00Z,30.0,30.0,,,,,13324.6,14032.0,,,,12.483,12.616,,,,7097.0,7097.0,7097.0,,20.4,83.9,,,,1.0,,,,,,,,,,2843.0,2872.0,0.0,0.0,30.0,0.0,30.0,0.0,30.0,0.0,0.0,30.0,0.0,0.0,0.0,0.0,0.0,0.0,battery2_v
2020-11-04T03:00:00Z,30.0,30.0,,,,,13305.467,13447.0,,,,12.436,12.677,,,,7097.0,7097.0,7097.0,,20.0,84.6,,,,1.0,,,,,,,,,,2873.0,2902.0,0.0,0.0,30.0,0.0,30.0,0.0,30.0,0.0,2.0,28.0,0.0,0.0,0.0,0.0,0.0,0.0,battery2_v
2020-11-04T04:00:00Z,30.0,30.0,,,,,13383.133,14079.0,,,,12.398,12.644,,,,7097.0,7097.0,7097.0,,7.067,69.033,,,,1.0,,,,,,,,,,2903.0,2932.0,0.0,0.0,30.0,0.0,30.0,0.0,30.0,0.0,0.0,20.0,0.0,0.0,0.0,0.0,0.0,0.0,battery2_v
2020-11-04T05:00:00Z,30.0,30.0,,,,,13353.433,14068.0,,,,12.417,12.611,,,,7097.0,7097.0,7097.0,,18.357,80.967,,,,1.0,,,,,,,,,,2933.0,2962.0,0.0,0.0,30.0,0.0,30.0,0.0,30.0,0.0,0.0,27.0,0.0,0.0,0.0,0.0,0.0,0.0,battery2_v
2020-11-04T06:00:00Z,30.0,30.0,,,,,13260.567,14009.0,,,,12.483,12.611,,,,7097.0,7097.0,7097.0,,21.5,88.633,,,,1.0,,,,,,,,,,2963.0,2992.0,0.0,0.0,30.0,0.0,30.0,0.0,30.0,0.0,0.0,30.0,0.0,0.0,0.0,0.0,0.0,0.0,battery2_v
2020-11-04T07:00:00Z,30.0,30.0,,,,,13467.567,14079.0,,,,12.417,12.521,,,,7097.0,7097.0,7097.0,,-1.92,60.267,,,,1.0,,,,,,,,,,2993.0,3022.0,0.0,0.0,30.0,0.0,30.0,0.0,30.0,0.0,0.0,28.0,0.0,0.0,0.0,0.0,0.0,0.0,battery2_v
2020-11-04T08:00:00Z,30.0,30.0,,,,,12069.6,13541.0,,,,12.351,12.417,,,,7097.0,7097.0,7097.0,,-15.067,42.6,,,,1.0,,,,,,,,,,3023.0,3052.0,0.0,0.0,30.0,0.0,30.0,0.0,30.0,0.0,0.0,6.0,0.0,0.0,0.0,0.0,0.0,0.0,battery2_v
2020-11-04T09:00:00Z,30.0,30.0,,,,,2425.233,2578.0,,,,12.389,12.403,,,,7097.0,7097.0,7097.0,,-9.267,65.267,,,,1.0,,,,,,,,,,3053.0,3082.0,0.0,0.0,30.0,0.0,30.0,0.0,30.0,0.0,0.0,26.0,0.0,0.0,0.0,0.0,0.0,0.0,battery2_v
2020-11-04T10:00:00Z,28.0,28.0,,,,,1747.893,5257.0,,,,12.379,12.398,,,,7097.0,7097.0,7097.0,,-9.036,69.071,,,,1.0,,,,,,,,,,3083.0,3111.0,0.0,0.0,28.0,0.0,28.0,0.0,28.0,0.0,0.0,28.0,0.0,0.0,0.0,0.0,0.0,0.0,battery2_v
2020-11-04T11:00:00Z,30.0,30.0,,,,,623.767,636.0,,,,12.374,12.389,,,,7097.0,7097.0,7097.0,,-10.167,53.3,,,,1.0,,,,,,,,,,3112.0,3141.0,0.0,0.0,30.0,0.0,30.0,0.0,30.0,0.0,0.0,19.0,0.0,0.0,0.0,0.0,0.0,0.0,battery2_v
2020-11-04T12:00:00Z,30.0,30.0,,,,,623.067,636.0,,,,12.37,12.384,,,,7097.0,7097.0,7097.0,,-9.867,57.567,,,,1.0,,,,,,,,,,3142.0,3171.0,0.0,0.0,30.0,0.0,30.0,0.0,30.0,0.0,0.0,23.0,0.0,0.0,0.0,0.0,0.0,0.0,battery2_v
2020-11-04T13:00:00Z,29.0,29.0,,,,,629.414,648.0,,,,12.365,12.379,,,,7097.0,7097.0,7097.0,,-10.379,51.759,,,,1.0,,,,,,,,,,3172.0,3201.0,0.0,0.0,29.0,0.0,29.0,0.0,29.0,0.0,0.0,17.0,0.0,0.0,0.0,0.0,0.0,0.0,battery2_v
2020-11-04T14:00:00Z,30.0,30.0,,,,,632.433,648.0,,,,12.36,12.374,,,,7097.0,7097.0,7097.0,,-10.567,48.067,,,,1.0,,,,,,,,,,3202.0,3231.0,0.0,0.0,30.0,0.0,30.0,0.0,30.0,0.0,0.0,9.0,0.0,0.0,0.0,0.0,0.0,0.0,battery2_v
2020-11-04T15:00:00Z,30.0,30.0,,,,,644.633,659.0,,,,12.356,12.374,,,,7097.0,7097.0,7097.0,,-10.333,51.133,,,,1.0,,,,,,,,,,3232.0,3261.0,0.0,0.0,30.0,0.0,30.0,0.0,30.0,0.0,0.0,15.0,0.0,0.0,0.0,0.0,0.0,0.0,battery2_v
2020-11-04T16:00:00Z,28.0,28.0,,,,,648.679,659.0,,,,12.351,12.365,,,,7097.0,7097.0,7097.0,,-10.107,52.25,,,,1.0,,,,,,,,,,3262.0,3290.0,0.0,0.0,28.0,0.0,28.0,0.0,28.0,0.0,0.0,17.0,0.0,0.0,0.0,0.0,0.0,0.0,battery2_v
2020-11-04T17:00:00Z,30.0,30.0,,,,,659.167,683.0,,,,12.346,12.356,,,,7097.0,7097.0,7097.0,,-10.2,52.467,,,,1.0,,,,,,,,,,3291.0,3320.0,0.0,0.0,30.0,0.0,30.0,0.0,30.0,0.0,0.0,16.0,0.0,0.0,0.0,0.0,0.0,0.0,battery2_v
2020-11-04T18:00:00Z,29.0,29.0,,,,,666.862,683.0,,,,12.341,12.356,,,,7097.0,7097.0,7097.0,,-10.034,54.586,,,,1.0,,,,,,,,,,3321.0,3350.0,0.0,0.0,29.0,0.0,29.0,0.0,29.0,0.0,0.0,23.0,0.0,0.0,0.0,0.0,0.0,0.0,battery2_v
2020-11-04T19:00:00Z,30.0,30.0,,,,,678.1,694.0,,,,12.337,12.356,,,,7097.0,7097.0,7097.0,,-9.933,56.1,,,,1.0,,,,,,,,,,3351.0,3380.0,0.0,0.0,30.0,0.0,30.0,0.0,30.0,0.0,0.0,23.0,0.0,0.0,0.0,0.0,0.0,0.0,battery2_v
2020-11-04T20:00:00Z,30.0,30.0,,,,,689.3,706.0,,,,12.332,12.341,,,,7097.0,7097.0,7097.0,,-9.933,57.767,,,,1.0,,,,,,,,,,3381.0,3410.0,0.0,0.0,30.0,0.0,30.0,0.0,30.0,0.0,0.0,28.0,0.0,0.0,0.0,0.0,0.0,0.0,battery2_v
2020-11-04T21:00:00Z,30.0,30.0,,,,,698.467,718.0,,,,12.327,12.341,,,,7097.0,7097.0,7097.0,,-9.8,61.533,,,,1.0,,,,,,,,,,3411.0,3440.0,0.0,0.0,30.0,0.0,30.0,0.0,30.0,0.0,0.0,29.0,0.0,0.0,0.0,0.0,0.0,0.0,battery2_v
2020-11-04T22:00:00Z,30.0,30.0,,,,,1663.9,7761.0,,,,12.322,12.337,,,,7097.0,7097.0,7097.0,,-9.533,62.9,,,,1.0,,,,,,,,,,3441.0,3470.0,0.0,0.0,30.0,0.0,30.0,0.0,30.0,0.0,0.0,30.0,0.0,0.0,0.0,0.0,0.0,0.0,battery2_v
2020-11-04T23:00:00Z,29.0,29.0,,,,,5075.379,13728.0,,,,12.185,12.356,,,,7097.0,7097.0,7097.0,,-17.684,72.241,,,,0.034,,,,,,,,,,3471.0,3500.0,0.0,0.0,29.0,0.0,29.0,0.0,29.0,0.0,5.0,24.0,0.0,0.0,0.0,0.0,0.0,0.0,battery2_v
2020-11-05T00:00:00Z,27.0,27.0,,,,,8693.63,13541.0,,,,12.341,12.365,,,,7097.0,7097.0,7097.0,,-0.333,83.963,,,,0.0,,,,,,,,,,3501.0,3529.0,0.0,0.0,27.0,0.0,27.0,0.0,27.0,0.0,0.0,27.0,0.0,0.0,0.0,0.0,0.0,0.0,battery2_v
2020-11-05T01:00:00Z,30.0,30.0,,,,,13535.233,14103.0,,,,12.341,12.422,,,,7097.0,7097.0,7097.0,,5.414,78.967,,,,0.0,,,,,,,,,,3530.0,3559.0,0.0,0.0,30.0,0.0,30.0,0.0,30.0,0.0,0.0,30.0,0.0,0.0,0.0,0.0,0.0,0.0,battery2_v
2020-11-05T02:00:00Z,30.0,30.0,,,,,13505.633,14103.0,,,,12.403,12.474,,,,7097.0,7097.0,7097.0,,18.133,89.433,,,,0.0,,,,,,,,,,3560.0,3589.0,0.0,0.0,30.0,0.0,30.0,0.0,30.0,0.0,0.0,30.0,0.0,0.0,0.0,0.0,0.0,0.0,battery2_v
2020-11-05T03:00:00Z,30.0,30.0,,,,,13405.667,14056.0,,,,12.403,12.531,,,,7097.0,7097.0,7097.0,,26.8,94.2,,,,0.0,,,,,,,,,,3590.0,3619.0,0.0,0.0,30.0,0.0,30.0,0.0,30.0,0.0,0.0,30.0,0.0,0.0,0.0,0.0,0.0,0.0,battery2_v
2020-11-05T04:00:00Z,30.0,30.0,,,,,13298.467,13986.0,,,,12.479,12.602,,,,7097.0,7097.0,7097.0,,31.833,90.267,,,,0.0,,,,,,,,,,3620.0,3649.0,0.0,0.0,30.0,0.0,30.0,0.0,30.0,0.0,0.0,30.0,0.0,0.0,0.0,0.0,0.0,0.0,battery2_v
2020-11-05T05:00:00Z,30.0,30.0,,,,,13253.967,13330.0,,,,12.512,12.62,,,,7097.0,7097.0,7097.0,,23.867,78.0,,,,0.0,,,,,,,,,,3650.0,3679.0,0.0,0.0,30.0,0.0,30.0,0.0,30.0,0.0,0.0,30.0,0.0,0.0,0.0,0.0,0.0,0.0,battery2_v
2020-11-05T06:00:00Z,29.0,29.0,,,,,13438.034,14068.0,,,,12.417,12.516,,,,7097.0,7097.0,7097.0,,11.0,59.172,,,,0.0,,,,,,,,,,3680.0,3709.0,0.0,0.0,29.0,0.0,29.0,0.0,29.0,0.0,0.0,21.0,0.0,0.0,0.0,0.0,0.0,0.0,battery2_v
2020-11-05T07:00:00Z,30.0,30.0,,,,,13096.0,14114.0,,,,12.313,12.412,,,,7097.0,7097.0,7097.0,,-5.897,37.333,,,,0.0,,,,,,,,,,3710.0,3739.0,0.0,0.0,30.0,0.0,30.0,0.0,30.0,0.0,0.0,2.0,0.0,0.0,0.0,0.0,0.0,0.0,battery2_v
2020-11-05T08:00:00Z,28.0,28.0,,,,,13365.5,14114.0,,,,12.327,12.398,,,,7097.0,7097.0,7097.0,,-4.815,37.714,,,,0.0,,,,,,,,,,3740.0,3768.0,0.0,0.0,28.0,0.0,28.0,0.0,28.0,0.0,0.0,4.0,0.0,0.0,0.0,0.0,0.0,0.0,battery2_v
2020-11-05T09:00:00Z,29.0,29.0,,,,,7762.828,13588.0,,,,12.294,12.346,,,,7097.0,7097.0,7097.0,,-12.414,34.103,,,,0.0,,,,,,,,,,3769.0,3798.0,0.0,0.0,29.0,0.0,29.0,0.0,29.0,0.0,0.0,1.0,0.0,0.0,0.0,0.0,0.0,0.0,battery2_v
2020-11-05T10:00:00Z,30.0,30.0,,,,,3148.767,13705.0,,,,12.199,12.346,,,,7097.0,7097.0,7097.0,,-9.067,43.167,,,,0.0,,,,,,,,,,3799.0,3828.0,0.0,0.0,30.0,0.0,30.0,0.0,30.0,0.0,2.0,8.0,0.0,0.0,0.0,0.0,0.0,0.0,battery2_v
2020-11-05T11:00:00Z,30.0,30.0,,,,,689.333,718.0,,,,12.332,12.341,,,,7097.0,7097.0,7097.0,,-4.267,55.433,,,,0.0,,,,,,,,,,3829.0,3858.0,0.0,0.0,30.0,0.0,30.0,0.0,30.0,0.0,0.0,25.0,0.0,0.0,0.0,0.0,0.0,0.0,battery2_v
2020-11-05T12:00:00Z,30.0,30.0,,,,,714.8,730.0,,,,12.327,12.337,,,,7097.0,7097.0,7097.0,,-3.967,58.967,,,,0.0,,,,,,,,,,3859.0,3888.0,0.0,0.0,30.0,0.0,30.0,0.0,30.0,0.0,0.0,27.0,0.0,0.0,0.0,0.0,0.0,0.0,battery2_v
2020-11-05T13:00:00Z,30.0,30.0,,,,,719.967,741.0,,,,12.322,12.337,,,,7097.0,7097.0,7097.0,,-4.167,56.633,,,,0.0,,,,,,,,,,3889.0,3918.0,0.0,0.0,30.0,0.0,30.0,0.0,30.0,0.0,0.0,25.0,0.0,0.0,0.0,0.0,0.0,0.0,battery2_v
2020-11-05T14:00:00Z,30.0,30.0,,,,,720.767,741.0,,,,12.318,12.327,,,,7097.0,7097.0,7097.0,,-4.367,53.267,,,,0.0,,,,,,,,,,3919.0,3948.0,0.0,0.0,30.0,0.0,30.0,0.0,30.0,0.0,0.0,20.0,0.0,0.0,0.0,0.0,0.0,0.0,battery2_v
2020-11-05T15:00:00Z,30.0,30.0,,,,,743.933,753.0,,,,12.318,12.327,,,,7097.0,7097.0,7097.0,,-2.0,84.767,,,,0.0,,,,,,,,,,3949.0,3978.0,0.0,0.0,30.0,0.0,30.0,0.0,30.0,0.0,0.0,30.0,0.0,0.0,0.0,0.0,0.0,0.0,battery2_v
2020-11-05T16:00:00Z,30.0,30.0,,,,,743.133,753.0,,,,12.308,12.322,,,,7097.0,7097.0,7097.0,,-2.1,89.367,,,,0.0,,,,,,,,,,3979.0,4008.0,0.0,0.0,30.0,0.0,30.0,0.0,30.0,0.0,0.0,30.0,0.0,0.0,0.0,0.0,0.0,0.0,battery2_v
2020-11-05T17:00:00Z,29.0,29.0,,,,,749.31,765.0,,,,12.308,12.322,,,,7097.0,7097.0,7097.0,,-2.103,79.448,,,,0.0,,,,,,,,,,4009.0,4037.0,0.0,0.0,29.0,0.0,29.0,0.0,29.0,0.0,0.0,29.0,0.0,0.0,0.0,0.0,0.0,0.0,battery2_v
2020-11-05T18:00:00Z,30.0,30.0,,,,,755.733,776.0,,,,12.299,12.318,,,,7097.0,7097.0,7097.0,,-2.367,78.4,,,,0.0,,,,,,,,,,4038.0,4067.0,0.0,0.0,30.0,0.0,30.0,0.0,30.0,0.0,0.0,30.0,0.0,0.0,0.0,0.0,0.0,0.0,battery2_v
2020-11-05T19:00:00Z,30.0,30.0,,,,,763.233,776.0,,,,12.299,12.308,,,,7097.0,7097.0,7097.0,,-2.367,75.2,,,,0.0,,,,,,,,,,4068.0,4097.0,0.0,0.0,30.0,0.0,30.0,0.0,30.0,0.0,0.0,30.0,0.0,0.0,0.0,0.0,0.0,0.0,battery2_v
2020-11-05T20:00:00Z,30.0,30.0,,,,,769.333,776.0,,,,12.294,12.308,,,,7097.0,7097.0,7097.0,,-2.233,79.2,,,,0.0,,,,,,,,,,4098.0,4127.0,0.0,0.0,30.0,0.0,30.0,0.0,30.0,0.0,0.0,30.0,0.0,0.0,0.0,0.0,0.0,0.0,battery2_v
2020-11-05T21:00:00Z,30.0,30.0,,,,,775.733,788.0,,,,12.289,12.304,,,,7097.0,7097.0,7097.0,,-2.433,77.867,,,,0.0,,,,,,,,,,4128.0,4157.0,0.0,0.0,30.0,0.0,30.0,0.0,30.0,0.0,0.0,30.0,0.0,0.0,0.0,0.0,0.0,0.0,battery2_v
2020-11-05T22:00:00Z,30.0,30.0,,,,,1151.8,3093.0,,,,12.285,12.299,,,,7097.0,7097.0,7097.0,,-2.233,76.267,,,,0.0,,,,,,,,,,4158.0,4187.0,0.0,0.0,30.0,0.0,30.0,0.0,30.0,0.0,0.0,30.0,0.0,0.0,0.0,0.0,0.0,0.0,battery2_v
2020-11-05T23:00:00Z,30.0,30.0,,,,,4812.433,13763.0,,,,12.147,12.294,,,,7097.0,7097.0,7097.0,,-6.433,70.267,,,,0.0,,,,,,,,,,4188.0,4217.0,0.0,0.0,30.0,0.0,30.0,0.0,30.0,0.0,2.0,28.0,0.0,0.0,0.0,0.0,0.0,0.0,battery2_v
2020-11-06T00:00:00Z,29.0,29.0,,,,,3466.655,3736.0,,,,12.28,12.289,,,,7097.0,7097.0,7097.0,,-2.517,74.483,,,,0.0,,,,,,,,,,4218.0,4247.0,0.0,0.0,29.0,0.0,29.0,0.0,29.0,0.0,0.0,29.0,0.0,0.0,0.0,0.0,0.0,0.0,battery2_v
2020-11-06T01:00:00Z,30.0,30.0,,,,,9351.767,13623.0,,,,12.28,12.308,,,,7097.0,7097.0,7097.0,,-0.923,81.6,,,,0.0,,,,,,,,,,4248.0,4277.0,0.0,0.0,30.0,0.0,30.0,0.0,30.0,0.0,0.0,30.0,0.0,0.0,0.0,0.0,0.0,0.0,battery2_v
2020-11-06T02:00:00Z,30.0,30.0,,,,,13567.5,14208.0,,,,12.289,12.398,,,,7097.0,7097.0,7097.0,,11.733,82.2,,,,0.0,,,,,,,,,,4278.0,4307.0,0.0,0.0,30.0,0.0,30.0,0.0,30.0,0.0,0.0,30.0,0.0,0.0,0.0,0.0,0.0,0.0,battery2_v
2020-11-06T03:00:00Z,28.0,28.0,,,,,13495.964,14114.0,,,,12.374,12.521,,,,7097.0,7097.0,7097.0,,29.286,94.321,,,,0.0,,,,,,,,,,4308.0,4336.0,0.0,0.0,28.0,0.0,28.0,0.0,28.0,0.0,0.0,28.0,0.0,0.0,0.0,0.0,0.0,0.0,battery2_v
2020-11-06T04:00:00Z,30.0,30.0,,,,,13297.3,13354.0,,,,12.493,12.573,,,,7097.0,7097.0,7097.0,,34.4,96.567,,,,0.0,,,,,,,,,,4337.0,4366.0,0.0,0.0,30.0,0.0,30.0,0.0,30.0,0.0,0.0,30.0,0.0,0.0,0.0,0.0,0.0,0.0,battery2_v
2020-11-06T05:00:00Z,30.0,30.0,,,,,13314.9,13447.0,,,,12.436,12.564,,,,7097.0,7097.0,7097.0,,26.533,88.833,,,,0.0,,,,,,,,,,4367.0,4396.0,0.0,0.0,30.0,0.0,30.0,0.0,30.0,0.0,0.0,30.0,0.0,0.0,0.0,0.0,0.0,0.0,battery2_v
2020-11-06T06:00:00Z,30.0,30.0,,,,,13344.467,13447.0,,,,12.464,12.535,,,,7097.0,7097.0,7097.0,,25.5,114.967,,,,0.0,,,,,,,,,,4397.0,4426.0,0.0,0.0,30.0,0.0,30.0,0.0,30.0,0.0,0.0,30.0,0.0,0.0,0.0,0.0,0.0,0.0,battery2_v
2020-11-06T07:00:00Z,28.0,28.0,,,,,13524.429,14138.0,,,,12.365,12.455,,,,7097.0,7097.0,7097.0,,8.036,79.25,,,,0.0,,,,,,,,,,4429.0,4456.0,0.0,0.0,28.0,0.0,28.0,0.0,28.0,0.0,0.0,28.0,0.0,0.0,0.0,0.0,0.0,0.0,battery2_v
2020-11-06T08:00:00Z,30.0,30.0,,,,,13577.3,14149.0,,,,12.289,12.36,,,,7097.0,7097.0,7097.0,,-2.16,58.9,,,,0.0,,,,,,,,,,4457.0,4486.0,0.0,0.0,30.0,0.0,30.0,0.0,30.0,0.0,0.0,25.0,0.0,0.0,0.0,0.0,0.0,0.0,battery2_v
2020-11-06T09:00:00Z,30.0,30.0,,,,,10019.4,13670.0,,,,12.247,12.285,,,,7097.0,7097.0,7097.0,,-11.4,43.167,,,,0.0,,,,,,,,,,4487.0,4516.0,0.0,0.0,30.0,0.0,30.0,0.0,30.0,0.0,0.0,6.0,0.0,0.0,0.0,0.0,0.0,0.0,battery2_v
2020-11-06T10:00:00Z,29.0,29.0,,,,,1922.897,6439.0,,,,12.28,12.289,,,,7097.0,7097.0,7097.0,,-3.862,60.862,,,,0.0,,,,,,,,,,4517.0,4545.0,0.0,0.0,29.0,0.0,29.0,0.0,29.0,0.0,0.0,25.0,0.0,0.0,0.0,0.0,0.0,0.0,battery2_v
2020-11-06T11:00:00Z,29.0,29.0,,,,,820.103,835.0,,,,12.27,12.285,,,,7097.0,7097.0,7097.0,,-3.069,69.759,,,,0.0,,,,,,,,,,4546.0,4575.0,0.0,0.0,29.0,0.0,29.0,0.0,29.0,0.0,0.0,29.0,0.0,0.0,0.0,0.0,0.0,0.0,battery2_v
2020-11-06T12:00:00Z,30.0,30.0,,,,,826.6,835.0,,,,12.266,12.28,,,,7097.0,7097.0,7097.0,,-2.967,70.1,,,,0.0,,,,,,,,,,4576.0,4605.0,0.0,0.0,30.0,0.0,30.0,0.0,30.0,0.0,0.0,30.0,0.0,0.0,0.0,0.0,0.0,0.0,battery2_v
2020-11-06T13:00:00Z,30.0,30.0,,,,,827.8,835.0,,,,12.266,12.28,,,,7097.0,7097.0,7097.0,,-2.467,76.0,,,,0.0,,,,,,,,,,4606.0,4635.0,0.0,0.0,30.0,0.0,30.0,0.0,30.0,0.0,0.0,30.0,0.0,0.0,0.0,0.0,0.0,0.0,battery2_v
2020-11-06T14:00:00Z,30.0,30.0,,,,,835.767,858.0,,,,12.266,12.275,,,,7097.0,7097.0,7097.0,,-2.333,77.6,,,,0.0,,,,,,,,,,4636.0,4665.0,0.0,0.0,30.0,0.0,30.0,0.0,30.0,0.0,0.0,30.0,0.0,0.0,0.0,0.0,0.0,0.0,battery2_v
2020-11-06T15:00:00Z,29.0,29.0,,,,,842.793,858.0,,,,12.261,12.275,,,,7097.0,7097.0,7097.0,,-2.0,81.379,,,,0.0,,,,,,,,,,4666.0,4695.0,0.0,0.0,29.0,0.0,29.0,0.0,29.0,0.0,0.0,29.0,0.0,0.0,0.0,0.0,0.0,0.0,battery2_v
2020-11-06T16:00:00Z,30.0,30.0,,,,,852.167,870.0,,,,12.256,12.266,,,,7097.0,7097.0,7097.0,,-2.0,91.1,,,,0.0,,,,,,,,,,4696.0,4725.0,0.0,0.0,30.0,0.0,30.0,0.0,30.0,0.0,0.0,30.0,0.0,0.0,0.0,0.0,0.0,0.0,battery2_v
2020-11-06T17:00:00Z,29.0,29.0,,,,,869.966,893.0,,,,12.251,12.266,,,,7097.0,7097.0,7097.0,,-1.333,94.724,,,,0.0,,,,,,,,,,4726.0,4754.0,0.0,0.0,29.0,0.0,29.0,0.0,29.0,0.0,0.0,29.0,0.0,0.0,0.0,0.0,0.0,0.0,battery2_v
2020-11-06T18:00:00Z,30.0,30.0,,,,,879.4,893.0,,,,12.247,12.261,,,,7097.0,7097.0,7097.0,,0.0,99.6,,,,0.0,,,,,,,,,,4755.0,4784.0,0.0,0.0,30.0,0.0,30.0,0.0,30.0,0.0,0.0,30.0,0.0,0.0,0.0,0.0,0.0,0.0,battery2_v
2020-11-06T19:00:00Z,29.0,29.0,,,,,888.552,905.0,,,,12.247,12.256,,,,7097.0,7097.0,7097.0,,0.0,100.483,,,,0.0,,,,,,,,,,4785.0,4814.0,0.0,0.0,29.0,0.0,29.0,0.0,29.0,0.0,0.0,29.0,0.0,0.0,0.0,0.0,0.0,0.0,battery2_v
2020-11-06T20:00:00Z,30.0,30.0,,,,,896.8,917.0,,,,12.242,12.256,,,,7097.0,7097.0,7097.0,,-0.25,99.9,,,,0.0,,,,,,,,,,4815.0,4844.0,0.0,0.0,30.0,0.0,30.0,0.0,30.0,0.0,0.0,30.0,0.0,0.0,0.0,0.0,0.0,0.0,battery2_v
2020-11-06T21:00:00Z,30.0,30.0,,,,,907.367,928.0,,,,12.233,12.247,,,,7097.0,7097.0,7097.0,,0.0,99.3,,,,0.0,,,,,,,,,,4845.0,4874.0,0.0,0.0,30.0,0.0,30.0,0.0,30.0,0.0,0.0,30.0,0.0,0.0,0.0,0.0,0.0,0.0,battery2_v
2020-11-06T22:00:00Z,30.0,30.0,,,,,1566.067,3491.0,,,,12.233,12.247,,,,7097.0,7097.0,7097.0,,0.0,99.3,,,,0.0,,,,,,,,,,4875.0,4904.0,0.0,0.0,30.0,0.0,30.0,0.0,30.0,0.0,0.0,30.0,0.0,0.0,0.0,0.0,0.0,0.0,battery2_v
2020-11-06T23:00:00Z,27.0,27.0,,,,,7046.667,13857.0,,,,12.091,12.237,,,,7097.0,7097.0,7097.0,,-29.875,72.963,,,,0.0,,,,,,,,,,4905.0,4933.0,0.0,0.0,27.0,0.0,27.0,0.0,27.0,0.0,8.0,20.0,0.0,0.0,0.0,0.0,0.0,0.0,battery2_v
2020-11-07T00:00:00Z,30.0,30.0,,,,,4044.1,8065.0,,,,12.218,12.237,,,,7097.0,7097.0,7097.0,,-2.0,93.1,,,,0.0,,,,,,,,,,4934.0,4963.0,0.0,0.0,30.0,0.0,30.0,0.0,30.0,0.0,0.0,30.0,0.0,0.0,0.0,0.0,0.0,0.0,battery2_v
2020-11-07T01:00:00Z,30.0,30.0,,,,,13694.333,14255.0,,,,12.228,12.27,,,,7097.0,7097.0,7097.0,,3.963,90.533,,,,0.0,,,,,,,,,,4964.0,4993.0,0.0,0.0,30.0,0.0,30.0,0.0,30.0,0.0,0.0,30.0,0.0,0.0,0.0,0.0,0.0,0.0,battery2_v
2020-11-07T02:00:00Z,29.0,29.0,,,,,13645.552,14255.0,,,,12.261,12.322,,,,7097.0,7097.0,7097.0,,15.103,98.931,,,,0.0,,,,,,,,,,4994.0,5022.0,0.0,0.0,29.0,0.0,29.0,0.0,29.0,0.0,0.0,29.0,0.0,0.0,0.0,0.0,0.0,0.0,battery2_v
2020-11-07T03:00:00Z,30.0,30.0,,,,,13654.9,14278.0,,,,12.233,12.398,,,,7097.0,7097.0,7097.0,,19.3,119.8,,,,0.0,,,,,,,,,,5024.0,5053.0,0.0,0.0,30.0,0.0,30.0,0.0,30.0,0.0,0.0,30.0,0.0,0.0,0.0,0.0,0.0,0.0,battery2_v
2020-11-07T04:00:00Z,29.0,29.0,,,,,13591.448,14220.0,,,,12.237,12.427,,,,7097.0,7097.0,7097.0,,19.964,95.828,,,,0.0,,,,,,,,,,5054.0,5083.0,0.0,0.0,29.0,0.0,29.0,0.0,29.0,0.0,0.0,29.0,0.0,0.0,0.0,0.0,0.0,0.0,battery2_v
2020-11-07T05:00:00Z,30.0,30.0,,,,,13544.867,13588.0,,,,12.294,12.393,,,,7097.0,7097.0,7097.0,,19.567,83.167,,,,0.0,,,,,,,,,,5084.0,5113.0,0.0,0.0,30.0,0.0,30.0,0.0,30.0,0.0,0.0,30.0,0.0,0.0,0.0,0.0,0.0,0.0,battery2_v
2020-11-07T06:00:00Z,30.0,30.0,,,,,13587.833,14208.0,,,,12.28,12.422,,,,7097.0,7097.0,7097.0,,23.433,81.1,,,,0.0,,,,,,,,,,5114.0,5143.0,0.0,0.0,30.0,0.0,30.0,0.0,30.0,0.0,0.0,30.0,0.0,0.0,0.0,0.0,0.0,0.0,battery2_v
2020-11-07T07:00:00Z,29.0,29.0,,,,,13662.345,13705.0,,,,12.204,12.294,,,,7097.0,7097.0,7097.0,,-7.172,39.828,,,,0.0,,,,,,,,,,5144.0,5172.0,0.0,0.0,29.0,0.0,29.0,0.0,29.0,0.0,0.0,2.0,0.0,0.0,0.0,0.0,0.0,0.0,battery2_v
2020-11-07T08:00:00Z,29.0,29.0,,,,,13673.759,13717.0,,,,12.199,12.266,,,,7097.0,7097.0,7097.0,,-0.828,44.034,,,,0.0,,,,,,,,,,5173.0,5202.0,0.0,0.0,29.0,0.0,29.0,0.0,29.0,0.0,0.0,9.0,0.0,0.0,0.0,0.0,0.0,0.0,battery2_v
2020-11-07T09:00:00Z,30.0,30.0,,,,,11510.4,13763.0,,,,12.157,12.214,,,,7097.0,7097.0,7097.0,,-13.967,27.3,,,,0.0,,,,,,,,,,5203.0,5232.0,0.0,0.0,30.0,0.0,30.0,0.0,30.0,0.0,0.0,0.0,0.0,0.0,0.0,0.0,0.0,0.0,battery2_v
2020-11-07T10:00:00Z,30.0,30.0,,,,,2273.2,6802.0,,,,12.199,12.214,,,,7097.0,7097.0,7097.0,,-5.767,44.0,,,,0.0,,,,,,,,,,5233.0,5262.0,0.0,0.0,30.0,0.0,30.0,0.0,30.0,0.0,0.0,2.0,0.0,0.0,0.0,0.0,0.0,0.0,battery2_v
2020-11-07T11:00:00Z,30.0,30.0,,,,,996.033,1010.0,,,,12.199,12.214,,,,7097.0,7097.0,7097.0,,-3.821,64.333,,,,0.0,,,,,,,,,,5263.0,5292.0,0.0,0.0,30.0,0.0,30.0,0.0,30.0,0.0,0.0,23.0,0.0,0.0,0.0,0.0,0.0,0.0,battery2_v
2020-11-07T12:00:00Z,30.0,30.0,,,,,1009.1,1022.0,,,,12.195,12.204,,,,7097.0,7097.0,7097.0,,-2.19,82.233,,,,0.0,,,,,,,,,,5293.0,5322.0,0.0,0.0,30.0,0.0,30.0,0.0,30.0,0.0,0.0,30.0,0.0,0.0,0.0,0.0,0.0,0.0,battery2_v
2020-11-07T13:00:00Z,30.0,30.0,,,,,1019.267,1034.0,,,,12.19,12.204,,,,7097.0,7097.0,7097.0,,-2.111,88.033,,,,0.0,,,,,,,,,,5323.0,5352.0,0.0,0.0,30.0,0.0,30.0,0.0,30.0,0.0,0.0,30.0,0.0,0.0,0.0,0.0,0.0,0.0,battery2_v
2020-11-07T14:00:00Z,28.0,28.0,,,,,1027.107,1045.0,,,,12.185,12.199,,,,7097.0,7097.0,7097.0,,-1.6,90.429,,,,0.0,,,,,,,,,,5353.0,5381.0,0.0,0.0,28.0,0.0,28.0,0.0,28.0,0.0,0.0,28.0,0.0,0.0,0.0,0.0,0.0,0.0,battery2_v
2020-11-07T15:00:00Z,29.0,29.0,,,,,1040.862,1057.0,,,,12.181,12.195,,,,7097.0,7097.0,7097.0,,-0.235,101.862,,,,0.0,,,,,,,,,,5382.0,5411.0,0.0,0.0,29.0,0.0,29.0,0.0,29.0,0.0,0.0,29.0,0.0,0.0,0.0,0.0,0.0,0.0,battery2_v
2020-11-07T16:00:00Z,30.0,30.0,,,,,1041.433,1057.0,,,,12.176,12.185,,,,7097.0,7097.0,7097.0,,-2.05,86.8,,,,0.0,,,,,,,,,,5412.0,5441.0,0.0,0.0,30.0,0.0,30.0,0.0,30.0,0.0,0.0,30.0,0.0,0.0,0.0,0.0,0.0,0.0,battery2_v
2020-11-07T17:00:00Z,30.0,30.0,,,,,1044.033,1057.0,,,,12.171,12.185,,,,7097.0,7097.0,7097.0,,-2.034,81.9,,,,0.0,,,,,,,,,,5442.0,5471.0,0.0,0.0,30.0,0.0,30.0,0.0,30.0,0.0,0.0,30.0,0.0,0.0,0.0,0.0,0.0,0.0,battery2_v
2020-11-07T18:00:00Z,29.0,29.0,,,,,1055.345,1069.0,,,,12.171,12.185,,,,7097.0,7097.0,7097.0,,-2.172,80.034,,,,0.0,,,,,,,,,,5472.0,5501.0,0.0,0.0,29.0,0.0,29.0,0.0,29.0,0.0,0.0,29.0,0.0,0.0,0.0,0.0,0.0,0.0,battery2_v
2020-11-07T19:00:00Z,30.0,30.0,,,,,1065.4,1081.0,,,,12.166,12.176,,,,7097.0,7097.0,7097.0,,-2.467,75.2,,,,0.0,,,,,,,,,,5502.0,5531.0,0.0,0.0,30.0,0.0,30.0,0.0,30.0,0.0,0.0,30.0,0.0,0.0,0.0,0.0,0.0,0.0,battery2_v
2020-11-07T20:00:00Z,30.0,30.0,,,,,1076.433,1092.0,,,,12.162,12.171,,,,7097.0,7097.0,7097.0,,-2.133,79.733,,,,0.0,,,,,,,,,,5532.0,5561.0,0.0,0.0,30.0,0.0,30.0,0.0,30.0,0.0,0.0,30.0,0.0,0.0,0.0,0.0,0.0,0.0,battery2_v
2020-11-07T21:00:00Z,30.0,30.0,,,,,1081.967,1092.0,,,,12.157,12.171,,,,7097.0,7097.0,7097.0,,-2.036,83.5,,,,0.0,,,,,,,,,,5562.0,5591.0,0.0,0.0,30.0,0.0,30.0,0.0,30.0,0.0,0.0,30.0,0.0,0.0,0.0,0.0,0.0,0.0,battery2_v
2020-11-07T22:00:00Z,30.0,30.0,,,,,1484.733,3479.0,,,,12.152,12.166,,,,7097.0,7097.0,7097.0,,-2.0,83.5,,,,0.0,,,,,,,,,,5592.0,5621.0,0.0,0.0,30.0,0.0,30.0,0.0,30.0,0.0,0.0,30.0,0.0,0.0,0.0,0.0,0.0,0.0,battery2_v
2020-11-07T23:00:00Z,27.0,27.0,,,,,7135.0,13915.0,,,,12.01,12.162,,,,7097.0,7097.0,7097.0,,-7.077,78.074,,,,0.0,,,,,,,,,,5622.0,5650.0,0.0,0.0,27.0,0.0,27.0,0.0,27.0,0.0,2.0,25.0,0.0,0.0,0.0,0.0,0.0,0.0,battery2_v
2020-11-08T00:00:00Z,30.0,30.0,,,,,13770.8,13787.0,,,,12.133,12.166,,,,7097.0,7097.0,7097.0,,-3.222,74.4,,,,0.0,,,,,,,,,,5651.0,5680.0,0.0,0.0,30.0,0.0,30.0,0.0,30.0,0.0,0.0,30.0,0.0,0.0,0.0,0.0,0.0,0.0,battery2_v
2020-11-08T01:00:00Z,29.0,29.0,,,,,13747.966,14337.0,,,,12.152,12.256,,,,7097.0,7097.0,7097.0,,9.154,80.69,,,,0.0,,,,,,,,,,5681.0,5710.0,0.0,0.0,29.0,0.0,29.0,0.0,29.0,0.0,0.0,29.0,0.0,0.0,0.0,0.0,0.0,0.0,battery2_v
2020-11-08T02:00:00Z,30.0,30.0,,,,,13593.967,13705.0,,,,12.223,12.337,,,,7097.0,7097.0,7097.0,,28.9,125.0,,,,0.0,,,,,,,,,,5711.0,5740.0,0.0,0.0,30.0,0.0,30.0,0.0,30.0,0.0,0.0,30.0,0.0,0.0,0.0,0.0,0.0,0.0,battery2_v
2020-11-08T03:00:00Z,30.0,30.0,,,,,13638.567,14290.0,,,,12.242,12.341,,,,7097.0,7097.0,7097.0,,20.967,129.4,,,,0.0,,,,,,,,,,5741.0,5770.0,0.0,0.0,30.0,0.0,30.0,0.0,30.0,0.0,0.0,30.0,0.0,0.0,0.0,0.0,0.0,0.0,battery2_v
2020-11-08T04:00:00Z,30.0,30.0,,,,,13597.967,13670.0,,,,12.251,12.36,,,,7097.0,7097.0,7097.0,,23.533,116.4,,,,0.0,,,,,,,,,,5771.0,5800.0,0.0,0.0,30.0,0.0,30.0,0.0,30.0,0.0,0.0,30.0,0.0,0.0,0.0,0.0,0.0,0.0,battery2_v
2020-11-08T05:00:00Z,30.0,30.0,,,,,13640.033,14266.0,,,,12.204,12.351,,,,7097.0,7097.0,7097.0,,19.759,95.0,,,,0.0,,,,,,,,,,5801.0,5830.0,0.0,0.0,30.0,0.0,30.0,0.0,30.0,0.0,0.0,30.0,0.0,0.0,0.0,0.0,0.0,0.0,battery2_v
2020-11-08T06:00:00Z,30.0,30.0,,,,,13418.5,13787.0,,,,12.147,12.337,,,,7097.0,7097.0,7097.0,,13.733,102.2,,,,0.0,,,,,,,,,,5831.0,5860.0,0.0,0.0,30.0,0.0,30.0,0.0,30.0,0.0,0.0,30.0,0.0,0.0,0.0,0.0,0.0,0.0,battery2_v
2020-11-08T07:00:00Z,28.0,28.0,,,,,13427.786,13798.0,,,,12.133,12.223,,,,7097.0,7097.0,7097.0,,-4.929,63.964,,,,0.0,,,,,,,,,,5861.0,5889.0,0.0,0.0,28.0,0.0,28.0,0.0,28.0,0.0,0.0,26.0,0.0,0.0,0.0,0.0,0.0,0.0,battery2_v
2020-11-08T08:00:00Z,30.0,30.0,,,,,13716.567,13834.0,,,,12.11,12.181,,,,7097.0,7097.0,7097.0,,-6.069,55.0,,,,0.0,,,,,,,,,,5890.0,5919.0,0.0,0.0,30.0,0.0,30.0,0.0,30.0,0.0,0.0,21.0,0.0,0.0,0.0,0.0,0.0,0.0,battery2_v
2020-11-08T09:00:00Z,30.0,30.0,,,,,13482.7,13822.0,,,,12.114,12.133,,,,7097.0,7097.0,7097.0,,-10.0,50.3,,,,0.0,,,,,,,,,,5920.0,5949.0,0.0,0.0,30.0,0.0,30.0,0.0,30.0,0.0,0.0,10.0,0.0,0.0,0.0,0.0,0.0,0.0,battery2_v
2020-11-08T10:00:00Z,30.0,30.0,,,,,3601.9,13845.0,,,,12.091,12.143,,,,7097.0,7097.0,7097.0,,-5.867,61.267,,,,0.0,,,,,,,,,,5950.0,5979.0,0.0,0.0,30.0,0.0,30.0,0.0,30.0,0.0,0.0,26.0,0.0,0.0,0.0,0.0,0.0,0.0,battery2_v
2020-11-08T11:00:00Z,30.0,30.0,,,,,1145.633,1162.0,,,,12.128,12.138,,,,7097.0,7097.0,7097.0,,-3.467,66.033,,,,0.0,,,,,,,,,,5980.0,6009.0,0.0,0.0,30.0,0.0,30.0,0.0,30.0,0.0,0.0,30.0,0.0,0.0,0.0,0.0,0.0,0.0,battery2_v
2020-11-08T12:00:00Z,30.0,30.0,,,,,1151.9,1162.0,,,,12.124,12.138,,,,7097.0,7097.0,7097.0,,-3.133,67.1,,,,0.0,,,,,,,,,,6010.0,6039.0,0.0,0.0,30.0,0.0,30.0,0.0,30.0,0.0,0.0,30.0,0.0,0.0,0.0,0.0,0.0,0.0,battery2_v
2020-11-08T13:00:00Z,30.0,30.0,,,,,1160.733,1186.0,,,,12.124,12.133,,,,7097.0,7097.0,7097.0,,-3.033,71.733,,,,0.0,,,,,,,,,,6040.0,6069.0,0.0,0.0,30.0,0.0,30.0,0.0,30.0,0.0,0.0,30.0,0.0,0.0,0.0,0.0,0.0,0.0,battery2_v
2020-11-08T14:00:00Z,30.0,30.0,,,,,1183.567,1209.0,,,,12.119,12.128,,,,7097.0,7097.0,7097.0,,-2.588,84.6,,,,0.0,,,,,,,,,,6070.0,6099.0,0.0,0.0,30.0,0.0,30.0,0.0,30.0,0.0,0.0,30.0,0.0,0.0,0.0,0.0,0.0,0.0,battery2_v
2020-11-08T15:00:00Z,29.0,29.0,,,,,1191.345,1209.0,,,,12.114,12.124,,,,7097.0,7097.0,7097.0,,-2.067,87.931,,,,0.0,,,,,,,,,,6100.0,6128.0,0.0,0.0,29.0,0.0,29.0,0.0,29.0,0.0,0.0,29.0,0.0,0.0,0.0,0.0,0.0,0.0,battery2_v
2020-11-08T16:00:00Z,30.0,30.0,,,,,1195.567,1209.0,,,,12.11,12.119,,,,7097.0,7097.0,7097.0,,-1.542,90.8,,,,0.0,,,,,,,,,,6129.0,6158.0,0.0,0.0,30.0,0.0,30.0,0.0,30.0,0.0,0.0,30.0,0.0,0.0,0.0,0.0,0.0,0.0,battery2_v
2020-11-08T17:00:00Z,30.0,30.0,,,,,1203.9,1221.0,,,,12.11,12.119,,,,7097.0,7097.0,7097.0,,-0.133,104.733,,,,0.0,,,,,,,,,,6159.0,6188.0,0.0,0.0,30.0,0.0,30.0,0.0,30.0,0.0,0.0,30.0,0.0,0.0,0.0,0.0,0.0,0.0,battery2_v
2020-11-08T18:00:00Z,30.0,30.0,,,,,1210.733,1233.0,,,,12.105,12.119,,,,7097.0,7097.0,7097.0,,-2.0,92.533,,,,0.0,,,,,,,,,,6189.0,6218.0,0.0,0.0,30.0,0.0,30.0,0.0,30.0,0.0,0.0,30.0,0.0,0.0,0.0,0.0,0.0,0.0,battery2_v
2020-11-08T19:00:00Z,30.0,30.0,,,,,1206.933,1221.0,,,,12.1,12.114,,,,7097.0,7097.0,7097.0,,-2.0,93.933,,,,0.0,,,,,,,,,,6219.0,6248.0,0.0,0.0,30.0,0.0,30.0,0.0,30.0,0.0,0.0,30.0,0.0,0.0,0.0,0.0,0.0,0.0,battery2_v
2020-11-08T20:00:00Z,30.0,30.0,,,,,1213.9,1233.0,,,,12.1,12.11,,,,7097.0,7097.0,7097.0,,-1.333,96.467,,,,0.0,,,,,,,,,,6249.0,6278.0,0.0,0.0,30.0,0.0,30.0,0.0,30.0,0.0,0.0,30.0,0.0,0.0,0.0,0.0,0.0,0.0,battery2_v
2020-11-08T21:00:00Z,30.0,30.0,,,,,1219.067,1233.0,,,,12.1,12.11,,,,7097.0,7097.0,7097.0,,0.0,102.6,,,,0.0,,,,,,,,,,6279.0,6308.0,0.0,0.0,30.0,0.0,30.0,0.0,30.0,0.0,0.0,30.0,0.0,0.0,0.0,0.0,0.0,0.0,battery2_v
2020-11-08T22:00:00Z,29.0,29.0,,,,,1655.069,3959.0,,,,12.091,12.105,,,,7097.0,7097.0,7097.0,,-0.4,100.241,,,,0.0,,,,,,,,,,6309.0,6337.0,0.0,0.0,29.0,0.0,29.0,0.0,29.0,0.0,0.0,29.0,0.0,0.0,0.0,0.0,0.0,0.0,battery2_v
2020-11-08T23:00:00Z,30.0,30.0,,,,,4982.1,13997.0,,,,11.953,12.095,,,,7097.0,7097.0,7097.0,,-17.091,86.967,,,,0.0,,,,,,,,,,6339.0,6368.0,0.0,0.0,30.0,0.0,30.0,0.0,30.0,0.0,3.0,27.0,0.0,0.0,0.0,0.0,0.0,0.0,battery2_v
2020-11-09T00:00:00Z,28.0,28.0,,,,,10697.107,13869.0,,,,12.076,12.143,,,,7097.0,7097.0,7097.0,,4.263,97.071,,,,0.0,,,,,,,,,,6369.0,6397.0,0.0,0.0,28.0,0.0,28.0,0.0,28.0,0.0,0.0,28.0,0.0,0.0,0.0,0.0,0.0,0.0,battery2_v
2020-11-09T01:00:00Z,29.0,29.0,,,,,13782.759,13834.0,,,,12.11,12.176,,,,7097.0,7097.0,7097.0,,13.862,97.0,,,,0.0,,,,,,,,,,6398.0,6427.0,0.0,0.0,29.0,0.0,29.0,0.0,29.0,0.0,0.0,29.0,0.0,0.0,0.0,0.0,0.0,0.0,battery2_v
2020-11-09T02:00:00Z,29.0,29.0,,,,,13735.517,14407.0,,,,12.128,12.27,,,,7097.0,7097.0,7097.0,,23.034,101.172,,,,0.0,,,,,,,,,,6428.0,6457.0,0.0,0.0,29.0,0.0,29.0,0.0,29.0,0.0,0.0,29.0,0.0,0.0,0.0,0.0,0.0,0.0,battery2_v
2020-11-09T03:00:00Z,30.0,30.0,,,,,13571.4,13658.0,,,,12.251,12.374,,,,7097.0,7097.0,7097.0,,37.067,112.367,,,,0.0,,,,,,,,,,6458.0,6487.0,0.0,0.0,30.0,0.0,30.0,0.0,30.0,0.0,0.0,30.0,0.0,0.0,0.0,0.0,0.0,0.0,battery2_v
2020-11-09T04:00:00Z,29.0,29.0,,,,,13549.621,14208.0,,,,12.346,12.427,,,,7097.0,7097.0,7097.0,,40.0,111.793,,,,0.0,,,,,,,,,,6488.0,6516.0,0.0,0.0,29.0,0.0,29.0,0.0,29.0,0.0,2.0,29.0,0.0,0.0,0.0,0.0,0.0,0.0,battery2_v
2020-11-09T05:00:00Z,30.0,30.0,,,,,13521.933,13623.0,,,,12.275,12.441,,,,7097.0,7097.0,7097.0,,33.433,117.533,,,,0.0,,,,,,,,,,6518.0,6547.0,0.0,0.0,30.0,0.0,30.0,0.0,30.0,0.0,1.0,30.0,0.0,0.0,0.0,0.0,0.0,0.0,battery2_v
2020-11-09T06:00:00Z,30.0,30.0,,,,,13617.967,14266.0,,,,12.28,12.327,,,,7097.0,7097.0,7097.0,,24.733,115.9,,,,0.0,,,,,,,,,,6548.0,6577.0,0.0,0.0,30.0,0.0,30.0,0.0,30.0,0.0,0.0,30.0,0.0,0.0,0.0,0.0,0.0,0.0,battery2_v
2020-11-09T07:00:00Z,29.0,29.0,,,,,13708.966,14302.0,,,,12.19,12.332,,,,7097.0,7097.0,7097.0,,15.241,84.931,,,,0.0,,,,,,,,,,6578.0,6606.0,0.0,0.0,29.0,0.0,29.0,0.0,29.0,0.0,0.0,29.0,0.0,0.0,0.0,0.0,0.0,0.0,battery2_v
2020-11-09T08:00:00Z,30.0,30.0,,,,,13466.6,13869.0,,,,12.072,12.185,,,,7097.0,7097.0,7097.0,,-14.233,49.2,,,,0.0,,,,,,,,,,6607.0,6636.0,0.0,0.0,30.0,0.0,30.0,0.0,30.0,0.0,0.0,11.0,0.0,0.0,0.0,0.0,0.0,0.0,battery2_v
2020-11-09T09:00:00Z,29.0,29.0,,,,,6810.655,13986.0,,,,11.958,12.105,,,,7097.0,7097.0,7097.0,,-11.621,51.69,,,,0.0,,,,,,,,,,6637.0,6666.0,0.0,0.0,29.0,0.0,29.0,0.0,29.0,0.0,2.0,20.0,0.0,0.0,0.0,0.0,0.0,0.0,battery2_v
2020-11-09T10:00:00Z,30.0,30.0,,,,,2277.033,13997.0,,,,11.949,12.095,,,,7097.0,7097.0,7097.0,,-5.267,69.2,,,,0.0,,,,,,,,,,6667.0,6696.0,0.0,0.0,30.0,0.0,30.0,0.0,30.0,0.0,1.0,29.0,0.0,0.0,0.0,0.0,0.0,0.0,battery2_v
2020-11-09T11:00:00Z,29.0,29.0,,,,,1302.793,1326.0,,,,12.076,12.091,,,,7097.0,7097.0,7097.0,,-2.586,78.655,,,,0.0,,,,,,,,,,6697.0,6726.0,0.0,0.0,29.0,0.0,29.0,0.0,29.0,0.0,0.0,29.0,0.0,0.0,0.0,0.0,0.0,0.0,battery2_v
2020-11-09T12:00:00Z,28.0,28.0,,,,,1319.286,1350.0,,,,12.072,12.086,,,,7097.0,7097.0,7097.0,,-3.179,71.071,,,,0.0,,,,,,,,,,6727.0,6756.0,0.0,0.0,28.0,0.0,28.0,0.0,28.0,0.0,0.0,28.0,0.0,0.0,0.0,0.0,0.0,0.0,battery2_v
2020-11-09T13:00:00Z,29.0,29.0,,,,,1323.862,1338.0,,,,12.067,12.076,,,,7097.0,7097.0,7097.0,,-3.034,72.552,,,,0.0,,,,,,,,,,6757.0,6785.0,0.0,0.0,29.0,0.0,29.0,0.0,29.0,0.0,0.0,29.0,0.0,0.0,0.0,0.0,0.0,0.0,battery2_v
2020-11-09T14:00:00Z,30.0,30.0,,,,,1347.7,1373.0,,,,12.067,12.076,,,,7097.0,7097.0,7097.0,,-2.522,86.2,,,,0.0,,,,,,,,,,6786.0,6815.0,0.0,0.0,30.0,0.0,30.0,0.0,30.0,0.0,0.0,30.0,0.0,0.0,0.0,0.0,0.0,0.0,battery2_v
2020-11-09T15:00:00Z,30.0,30.0,,,,,1360.9,1385.0,,,,12.058,12.072,,,,7097.0,7097.0,7097.0,,-1.667,95.833,,,,0.0,,,,,,,,,,6816.0,6845.0,0.0,0.0,30.0,0.0,30.0,0.0,30.0,0.0,0.0,30.0,0.0,0.0,0.0,0.0,0.0,0.0,battery2_v
2020-11-09T16:00:00Z,30.0,30.0,,,,,1369.867,1396.0,,,,12.053,12.067,,,,7097.0,7097.0,7097.0,,-2.433,82.7,,,,0.0,,,,,,,,,,6846.0,6875.0,0.0,0.0,30.0,0.0,30.0,0.0,30.0,0.0,0.0,30.0,0.0,0.0,0.0,0.0,0.0,0.0,battery2_v
2020-11-09T17:00:00Z,30.0,30.0,,,,,1369.167,1396.0,,,,12.048,12.062,,,,7097.0,7097.0,7097.0,,-2.767,78.133,,,,0.0,,,,,,,,,,6876.0,6905.0,0.0,0.0,30.0,0.0,30.0,0.0,30.0,0.0,0.0,30.0,0.0,0.0,0.0,0.0,0.0,0.0,battery2_v
2020-11-09T18:00:00Z,28.0,28.0,,,,,1383.464,1396.0,,,,12.048,12.058,,,,7097.0,7097.0,7097.0,,-2.393,81.143,,,,0.0,,,,,,,,,,6906.0,6935.0,0.0,0.0,28.0,0.0,28.0,0.0,28.0,0.0,0.0,28.0,0.0,0.0,0.0,0.0,0.0,0.0,battery2_v
2020-11-09T19:00:00Z,29.0,29.0,,,,,1396.172,1420.0,,,,12.039,12.053,,,,7097.0,7097.0,7097.0,,-2.207,83.897,,,,0.0,,,,,,,,,,6936.0,6965.0,0.0,0.0,29.0,0.0,29.0,0.0,29.0,0.0,0.0,29.0,0.0,0.0,0.0,0.0,0.0,0.0,battery2_v
2020-11-09T20:00:00Z,29.0,29.0,,,,,1403.483,1420.0,,,,12.039,12.053,,,,7097.0,7097.0,7097.0,,-2.08,86.483,,,,0.0,,,,,,,,,,6966.0,6994.0,0.0,0.0,29.0,0.0,29.0,0.0,29.0,0.0,0.0,29.0,0.0,0.0,0.0,0.0,0.0,0.0,battery2_v
2020-11-09T21:00:00Z,29.0,29.0,,,,,1415.034,1432.0,,,,12.034,12.048,,,,7097.0,7097.0,7097.0,,-2.0,87.655,,,,0.0,,,,,,,,,,6995.0,7023.0,0.0,0.0,29.0,0.0,29.0,0.0,29.0,0.0,0.0,29.0,0.0,0.0,0.0,0.0,0.0,0.0,battery2_v
2020-11-09T22:00:00Z,29.0,29.0,,,,,1780.241,3760.0,,,,12.024,12.043,,,,7097.0,7097.0,7097.0,,-2.062,92.103,,,,0.0,,,,,,,,,,7025.0,7054.0,0.0,0.0,29.0,0.0,29.0,0.0,29.0,0.0,0.0,29.0,0.0,0.0,0.0,0.0,0.0,0.0,battery2_v
2020-11-09T23:00:00Z,30.0,30.0,,,,,5720.033,14079.0,,,,11.887,12.034,,,,7097.0,7097.0,7097.0,,-27.0,87.567,,,,0.0,,,,,,,,,,7055.0,7084.0,0.0,0.0,30.0,0.0,30.0,0.0,30.0,0.0,5.0,25.0,0.0,0.0,0.0,0.0,0.0,0.0,battery2_v
2020-11-10T00:00:00Z,30.0,30.0,,,,,9833.333,13915.0,,,,12.02,12.076,,,,7097.0,7097.0,7097.0,,4.933,100.4,,,,0.0,,,,,,,,,,7085.0,7114.0,0.0,0.0,30.0,0.0,30.0,0.0,30.0,0.0,0.0,30.0,0.0,0.0,0.0,0.0,0.0,0.0,battery2_v
2020-11-10T01:00:00Z,29.0,29.0,,,,,13895.31,14477.0,,,,12.034,12.128,,,,7097.0,7097.0,7097.0,,9.069,96.897,,,,0.0,,,,,,,,,,7115.0,7144.0,0.0,0.0,29.0,0.0,29.0,0.0,29.0,0.0,0.0,29.0,0.0,0.0,0.0,0.0,0.0,0.0,battery2_v
2020-11-10T02:00:00Z,30.0,30.0,,,,,13777.9,13892.0,,,,12.053,12.242,,,,7097.0,7097.0,7097.0,,23.8,102.267,,,,0.0,,,,,,,,,,7145.0,7174.0,0.0,0.0,30.0,0.0,30.0,0.0,30.0,0.0,0.0,30.0,0.0,0.0,0.0,0.0,0.0,0.0,battery2_v
2020-11-10T03:00:00Z,29.0,29.0,,,,,13691.0,13740.0,,,,12.171,12.266,,,,7097.0,7097.0,7097.0,,30.379,101.828,,,,0.0,,,,,,,,,,7175.0,7203.0,0.0,0.0,29.0,0.0,29.0,0.0,29.0,0.0,0.0,29.0,0.0,0.0,0.0,0.0,0.0,0.0,battery2_v
2020-11-10T04:00:00Z,29.0,29.0,,,,,13567.207,13635.0,,,,12.266,12.351,,,,7097.0,7097.0,7097.0,,41.172,111.793,,,,0.0,,,,,,,,,,7204.0,7233.0,0.0,0.0,29.0,0.0,29.0,0.0,29.0,0.0,0.0,29.0,0.0,0.0,0.0,0.0,0.0,0.0,battery2_v
2020-11-10T05:00:00Z,29.0,29.0,,,,,13558.034,13775.0,,,,12.308,12.341,,,,7097.0,7097.0,7097.0,,37.31,103.586,,,,0.0,,,,,,,,,,7234.0,7263.0,0.0,0.0,29.0,0.0,29.0,0.0,29.0,0.0,0.0,29.0,0.0,0.0,0.0,0.0,0.0,0.0,battery2_v
2020-11-10T06:00:00Z,30.0,30.0,,,,,13634.533,14290.0,,,,12.256,12.318,,,,7097.0,7097.0,7097.0,,31.367,122.533,,,,0.0,,,,,,,,,,7264.0,7293.0,0.0,0.0,30.0,0.0,30.0,0.0,30.0,0.0,0.0,30.0,0.0,0.0,0.0,0.0,0.0,0.0,battery2_v
2020-11-10T07:00:00Z,30.0,30.0,,,,,13766.133,14395.0,,,,12.133,12.251,,,,7097.0,7097.0,7097.0,,12.833,97.7,,,,0.0,,,,,,,,,,7294.0,7323.0,0.0,0.0,30.0,0.0,30.0,0.0,30.0,0.0,0.0,30.0,0.0,0.0,0.0,0.0,0.0,0.0,battery2_v
2020-11-10T08:00:00Z,30.0,30.0,,,,,13702.567,14419.0,,,,12.048,12.138,,,,7097.0,7097.0,7097.0,,-3.036,71.933,,,,0.0,,,,,,,,,,7324.0,7353.0,0.0,0.0,30.0,0.0,30.0,0.0,30.0,0.0,0.0,30.0,0.0,0.0,0.0,0.0,0.0,0.0,battery2_v
2020-11-10T09:00:00Z,30.0,30.0,,,,,12072.333,13939.0,,,,11.987,12.053,,,,7097.0,7097.0,7097.0,,-14.8,56.733,,,,0.0,,,,,,,,,,7354.0,7383.0,0.0,0.0,30.0,0.0,30.0,0.0,30.0,0.0,0.0,22.0,0.0,0.0,0.0,0.0,0.0,0.0,battery2_v
2020-11-10T10:00:00Z,30.0,30.0,,,,,2200.633,4380.0,,,,12.02,12.043,,,,7097.0,7097.0,7097.0,,-2.567,79.733,,,,0.0,,,,,,,,,,7384.0,7413.0,0.0,0.0,30.0,0.0,30.0,0.0,30.0,0.0,0.0,30.0,0.0,0.0,0.0,0.0,0.0,0.0,battery2_v
2020-11-10T11:00:00Z,29.0,29.0,,,,,1463.069,1490.0,,,,12.015,12.034,,,,7097.0,7097.0,7097.0,,-0.5,105.552,,,,0.0,,,,,,,,,,7414.0,7442.0,0.0,0.0,29.0,0.0,29.0,0.0,29.0,0.0,0.0,29.0,0.0,0.0,0.0,0.0,0.0,0.0,battery2_v
2020-11-10T12:00:00Z,30.0,30.0,,,,,1484.033,1502.0,,,,12.01,12.024,,,,7097.0,7097.0,7097.0,,-0.923,98.9,,,,0.0,,,,,,,,,,7443.0,7472.0,0.0,0.0,30.0,0.0,30.0,0.0,30.0,0.0,0.0,30.0,0.0,0.0,0.0,0.0,0.0,0.0,battery2_v
2020-11-10T13:00:00Z,30.0,30.0,,,,,1495.9,1513.0,,,,12.005,12.02,,,,7097.0,7097.0,7097.0,,-1.346,97.1,,,,0.0,,,,,,,,,,7473.0,7502.0,0.0,0.0,30.0,0.0,30.0,0.0,30.0,0.0,0.0,30.0,0.0,0.0,0.0,0.0,0.0,0.0,battery2_v
2020-11-10T14:00:00Z,30.0,30.0,,,,,1495.2,1502.0,,,,12.001,12.015,,,,7097.0,7097.0,7097.0,,-0.667,101.4,,,,0.0,,,,,,,,,,7503.0,7532.0,0.0,0.0,30.0,0.0,30.0,0.0,30.0,0.0,0.0,30.0,0.0,0.0,0.0,0.0,0.0,0.0,battery2_v
2020-11-10T15:00:00Z,29.0,29.0,,,,,1499.724,1513.0,,,,11.991,12.01,,,,7097.0,7097.0,7097.0,,-2.0,97.31,,,,0.0,,,,,,,,,,7533.0,7562.0,0.0,0.0,29.0,0.0,29.0,0.0,29.0,0.0,0.0,29.0,0.0,0.0,0.0,0.0,0.0,0.0,battery2_v
2020-11-10T16:00:00Z,30.0,30.0,,,,,1503.8,1513.0,,,,11.991,12.005,,,,7097.0,7097.0,7097.0,,-2.0,98.733,,,,0.0,,,,,,,,,,7563.0,7592.0,0.0,0.0,30.0,0.0,30.0,0.0,30.0,0.0,0.0,30.0,0.0,0.0,0.0,0.0,0.0,0.0,battery2_v
2020-11-10T17:00:00Z,30.0,30.0,,,,,1515.1,1537.0,,,,11.987,12.001,,,,7097.0,7097.0,7097.0,,-1.0,100.133,,,,0.0,,,,,,,,,,7593.0,7622.0,0.0,0.0,30.0,0.0,30.0,0.0,30.0,0.0,0.0,30.0,0.0,0.0,0.0,0.0,0.0,0.0,battery2_v
2020-11-10T18:00:00Z,30.0,30.0,,,,,1526.6,1537.0,,,,11.987,11.996,,,,7097.0,7097.0,7097.0,,-2.0,99.9,,,,0.0,,,,,,,,,,7623.0,7652.0,0.0,0.0,30.0,0.0,30.0,0.0,30.0,0.0,0.0,30.0,0.0,0.0,0.0,0.0,0.0,0.0,battery2_v
2020-11-10T19:00:00Z,27.0,27.0,,,,,1532.556,1549.0,,,,11.982,11.991,,,,7097.0,7097.0,7097.0,,0.0,106.185,,,,0.0,,,,,,,,,,7653.0,7682.0,0.0,0.0,27.0,0.0,27.0,0.0,27.0,0.0,0.0,27.0,0.0,0.0,0.0,0.0,0.0,0.0,battery2_v
2020-11-10T20:00:00Z,29.0,29.0,,,,,1543.207,1549.0,,,,11.977,11.991,,,,7097.0,7097.0,7097.0,,0.0,103.0,,,,0.0,,,,,,,,,,7683.0,7711.0,0.0,0.0,29.0,0.0,29.0,0.0,29.0,0.0,0.0,29.0,0.0,0.0,0.0,0.0,0.0,0.0,battery2_v
2020-11-10T21:00:00Z,30.0,30.0,,,,,1549.9,1560.0,,,,11.972,11.987,,,,7097.0,7097.0,7097.0,,0.0,106.833,,,,0.0,,,,,,,,,,7712.0,7741.0,0.0,0.0,30.0,0.0,30.0,0.0,30.0,0.0,0.0,30.0,0.0,0.0,0.0,0.0,0.0,0.0,battery2_v
2020-11-10T22:00:00Z,29.0,29.0,,,,,2345.31,8732.0,,,,11.972,11.982,,,,7097.0,7097.0,7097.0,,0.0,110.276,,,,0.0,,,,,,,,,,7742.0,7771.0,0.0,0.0,29.0,0.0,29.0,0.0,29.0,0.0,0.0,29.0,0.0,0.0,0.0,0.0,0.0,0.0,battery2_v
2020-11-10T23:00:00Z,30.0,30.0,,,,,14074.867,14149.0,,,,11.821,11.944,,,,7097.0,7097.0,7097.0,,-32.621,61.133,,,,0.0,,,,,,,,,,7772.0,7801.0,0.0,0.0,30.0,0.0,30.0,0.0,30.0,0.0,13.0,17.0,0.0,0.0,0.0,0.0,0.0,0.0,battery2_v
2020-11-11T00:00:00Z,30.0,30.0,,,,,13787.133,14021.0,,,,11.939,11.982,,,,7097.0,7097.0,7097.0,,-2.75,78.4,,,,0.0,,,,,,,,,,7802.0,7831.0,0.0,0.0,30.0,0.0,30.0,0.0,30.0,0.0,0.0,30.0,0.0,0.0,0.0,0.0,0.0,0.0,battery2_v
2020-11-11T01:00:00Z,29.0,29.0,,,,,13953.69,14009.0,,,,11.949,12.048,,,,7097.0,7097.0,7097.0,,5.897,87.241,,,,0.0,,,,,,,,,,7832.0,7861.0,0.0,0.0,29.0,0.0,29.0,0.0,29.0,0.0,0.0,29.0,0.0,0.0,0.0,0.0,0.0,0.0,battery2_v
2020-11-11T02:00:00Z,30.0,30.0,,,,,13926.667,13986.0,,,,11.968,12.091,,,,7097.0,7097.0,7097.0,,12.267,90.833,,,,0.0,,,,,,,,,,7862.0,7891.0,0.0,0.0,30.0,0.0,30.0,0.0,30.0,0.0,0.0,30.0,0.0,0.0,0.0,0.0,0.0,0.0,battery2_v
2020-11-11T03:00:00Z,30.0,30.0,,,,,13880.633,13951.0,,,,11.987,12.199,,,,7097.0,7097.0,7097.0,,21.6,94.7,,,,0.0,,,,,,,,,,7892.0,7921.0,0.0,0.0,30.0,0.0,30.0,0.0,30.0,0.0,1.0,30.0,0.0,0.0,0.0,0.0,0.0,0.0,battery2_v
2020-11-11T04:00:00Z,28.0,28.0,,,,,13783.821,14383.0,,,,12.062,12.223,,,,7097.0,7097.0,7097.0,,32.714,100.857,,,,0.0,,,,,,,,,,7922.0,7950.0,0.0,0.0,28.0,0.0,28.0,0.0,28.0,0.0,1.0,28.0,0.0,0.0,0.0,0.0,0.0,0.0,battery2_v
2020-11-11T05:00:00Z,30.0,30.0,,,,,13719.333,13752.0,,,,12.166,12.251,,,,7097.0,7097.0,7097.0,,31.533,94.467,,,,0.0,,,,,,,,,,7951.0,7980.0,0.0,0.0,30.0,0.0,30.0,0.0,30.0,0.0,0.0,30.0,0.0,0.0,0.0,0.0,0.0,0.0,battery2_v
2020-11-11T06:00:00Z,30.0,30.0,,,,,13671.633,13705.0,,,,12.218,12.285,,,,7097.0,7097.0,7097.0,,35.333,97.933,,,,0.0,,,,,,,,,,7981.0,8010.0,0.0,0.0,30.0,0.0,30.0,0.0,30.0,0.0,0.0,30.0,0.0,0.0,0.0,0.0,0.0,0.0,battery2_v
2020-11-11T07:00:00Z,30.0,30.0,,,,,13829.633,14430.0,,,,12.043,12.27,,,,7097.0,7097.0,7097.0,,12.138,69.333,,,,0.0,,,,,,,,,,8011.0,8040.0,0.0,0.0,30.0,0.0,30.0,0.0,30.0,0.0,0.0,24.0,0.0,0.0,0.0,0.0,0.0,0.0,battery2_v
2020-11-11T08:00:00Z,30.0,30.0,,,,,12953.7,14009.0,,,,11.949,12.029,,,,7097.0,7097.0,7097.0,,-11.0,42.867,,,,0.0,,,,,,,,,,8041.0,8070.0,0.0,0.0,30.0,0.0,30.0,0.0,30.0,0.0,0.0,4.0,0.0,0.0,0.0,0.0,0.0,0.0,battery2_v
2020-11-11T09:00:00Z,29.0,29.0,,,,,13796.414,14056.0,,,,11.911,11.953,,,,7097.0,7097.0,7097.0,,-17.966,31.966,,,,0.0,,,,,,,,,,8072.0,8100.0,0.0,0.0,29.0,0.0,29.0,0.0,29.0,0.0,0.0,0.0,0.0,0.0,0.0,0.0,0.0,0.0,battery2_v
2020-11-11T10:00:00Z,29.0,29.0,,,,,3709.828,14068.0,,,,11.901,11.963,,,,7097.0,7097.0,7097.0,,-5.345,65.724,,,,0.0,,,,,,,,,,8101.0,8130.0,0.0,0.0,29.0,0.0,29.0,0.0,29.0,0.0,0.0,26.0,0.0,0.0,0.0,0.0,0.0,0.0,battery2_v
2020-11-11T11:00:00Z,29.0,29.0,,,,,1601.655,1619.0,,,,11.949,11.958,,,,7097.0,7097.0,7097.0,,-2.552,78.621,,,,0.0,,,,,,,,,,8131.0,8159.0,0.0,0.0,29.0,0.0,29.0,0.0,29.0,0.0,0.0,29.0,0.0,0.0,0.0,0.0,0.0,0.0,battery2_v
2020-11-11T12:00:00Z,30.0,30.0,,,,,1608.6,1619.0,,,,11.944,11.953,,,,7097.0,7097.0,7097.0,,-2.069,85.4,,,,0.0,,,,,,,,,,8160.0,8189.0,0.0,0.0,30.0,0.0,30.0,0.0,30.0,0.0,0.0,30.0,0.0,0.0,0.0,0.0,0.0,0.0,battery2_v
2020-11-11T13:00:00Z,30.0,30.0,,,,,1623.067,1654.0,,,,11.939,11.949,,,,7097.0,7097.0,7097.0,,-2.069,86.5,,,,0.0,,,,,,,,,,8190.0,8219.0,0.0,0.0,30.0,0.0,30.0,0.0,30.0,0.0,0.0,30.0,0.0,0.0,0.0,0.0,0.0,0.0,battery2_v
2020-11-11T14:00:00Z,30.0,30.0,,,,,1633.267,1642.0,,,,11.935,11.944,,,,7097.0,7097.0,7097.0,,-2.0,87.433,,,,0.0,,,,,,,,,,8220.0,8249.0,0.0,0.0,30.0,0.0,30.0,0.0,30.0,0.0,0.0,30.0,0.0,0.0,0.0,0.0,0.0,0.0,battery2_v
2020-11-11T15:00:00Z,30.0,30.0,,,,,1661.1,1677.0,,,,11.925,11.944,,,,7097.0,7097.0,7097.0,,-2.0,88.5,,,,0.0,,,,,,,,,,8250.0,8279.0,0.0,0.0,30.0,0.0,30.0,0.0,30.0,0.0,0.0,30.0,0.0,0.0,0.0,0.0,0.0,0.0,battery2_v
2020-11-11T16:00:00Z,30.0,30.0,,,,,1655.8,1677.0,,,,11.925,11.944,,,,7097.0,7097.0,7097.0,,-0.923,75.967,,,,0.0,,,,,,,,,,8280.0,8309.0,0.0,0.0,30.0,0.0,30.0,0.0,30.0,0.0,0.0,30.0,0.0,0.0,0.0,0.0,0.0,0.0,battery2_v
2020-11-11T17:00:00Z,30.0,30.0,,,,,1650.8,1666.0,,,,11.925,11.939,,,,7097.0,7097.0,7097.0,,0.0,77.333,,,,0.0,,,,,,,,,,8310.0,8339.0,0.0,0.0,30.0,0.0,30.0,0.0,30.0,0.0,0.0,30.0,0.0,0.0,0.0,0.0,0.0,0.0,battery2_v
2020-11-11T18:00:00Z,30.0,30.0,,,,,1661.433,1689.0,,,,11.92,11.935,,,,7097.0,7097.0,7097.0,,0.0,80.267,,,,0.0,,,,,,,,,,8340.0,8369.0,0.0,0.0,30.0,0.0,30.0,0.0,30.0,0.0,0.0,30.0,0.0,0.0,0.0,0.0,0.0,0.0,battery2_v
2020-11-11T19:00:00Z,30.0,30.0,,,,,1669.133,1677.0,,,,11.916,11.93,,,,7097.0,7097.0,7097.0,,0.0,82.133,,,,0.0,,,,,,,,,,8370.0,8399.0,0.0,0.0,30.0,0.0,30.0,0.0,30.0,0.0,0.0,30.0,0.0,0.0,0.0,0.0,0.0,0.0,battery2_v
2020-11-11T20:00:00Z,30.0,30.0,,,,,1679.133,1701.0,,,,11.916,11.93,,,,7097.0,7097.0,7097.0,,0.0,85.7,,,,0.0,,,,,,,,,,8400.0,8429.0,0.0,0.0,30.0,0.0,30.0,0.0,30.0,0.0,0.0,30.0,0.0,0.0,0.0,0.0,0.0,0.0,battery2_v
2020-11-11T21:00:00Z,10.0,10.0,,,,,1685.4,1689.0,,,,11.916,11.92,,,,7097.0,7097.0,7097.0,,0.0,89.1,,,,0.0,,,,,,,,,,8430.0,8440.0,0.0,0.0,10.0,0.0,10.0,0.0,10.0,0.0,0.0,10.0,0.0,0.0,0.0,0.0,0.0,0.0,battery2_v
2020-11-20T16:00:00Z,26.0,26.0,,,,,0.0,0.0,,,,12.725,12.814,,,,6835.577,300.0,7097.0,,-9.269,38.115,,,,1.0,,,,,,,,,,1.0,26.0,0.0,0.0,0.0,0.0,26.0,0.0,26.0,0.0,0.0,0.0,0.0,0.0,0.0,0.0,0.0,0.0,battery2_v
2020-11-20T17:00:00Z,29.0,29.0,,,,,0.0,0.0,,,,12.729,12.739,,,,7097.0,7097.0,7097.0,,-9.897,35.207,,,,1.0,,,,,,,,,,27.0,55.0,0.0,0.0,0.0,0.0,29.0,0.0,29.0,0.0,0.0,0.0,0.0,0.0,0.0,0.0,0.0,0.0,battery2_v
2020-11-20T18:00:00Z,29.0,29.0,,,,,0.0,0.0,,,,12.734,12.739,,,,7097.0,7097.0,7097.0,,-9.724,36.207,,,,1.0,,,,,,,,,,56.0,85.0,0.0,0.0,0.0,0.0,29.0,0.0,29.0,0.0,0.0,0.0,0.0,0.0,0.0,0.0,0.0,0.0,battery2_v
2020-11-20T19:00:00Z,30.0,30.0,,,,,0.0,0.0,,,,12.734,12.744,,,,7097.0,7097.0,7097.0,,-9.533,39.7,,,,1.0,,,,,,,,,,86.0,115.0,0.0,0.0,0.0,0.0,30.0,0.0,30.0,0.0,0.0,0.0,0.0,0.0,0.0,0.0,0.0,0.0,battery2_v
2020-11-20T20:00:00Z,30.0,30.0,,,,,0.0,0.0,,,,12.729,12.744,,,,7097.0,7097.0,7097.0,,-9.133,41.833,,,,1.0,,,,,,,,,,116.0,145.0,0.0,0.0,0.0,0.0,30.0,0.0,30.0,0.0,0.0,0.0,0.0,0.0,0.0,0.0,0.0,0.0,battery2_v
2020-11-20T21:00:00Z,30.0,30.0,,,,,0.0,0.0,,,,12.729,12.739,,,,7097.0,7097.0,7097.0,,-9.233,40.733,,,,1.0,,,,,,,,,,146.0,175.0,0.0,0.0,0.0,0.0,30.0,0.0,30.0,0.0,0.0,1.0,0.0,0.0,0.0,0.0,0.0,0.0,battery2_v
2020-11-20T22:00:00Z,30.0,30.0,,,,,238.533,1829.0,,,,12.734,12.739,,,,7097.0,7097.0,7097.0,,-9.033,43.533,,,,1.0,,,,,,,,,,176.0,205.0,0.0,0.0,9.0,0.0,30.0,0.0,30.0,0.0,0.0,2.0,0.0,0.0,0.0,0.0,0.0,0.0,battery2_v
2020-11-20T23:00:00Z,29.0,29.0,,,,,6018.241,13190.0,,,,12.592,12.739,,,,7097.0,7097.0,7097.0,,-21.069,26.448,,,,1.0,,,,,,,,,,206.0,235.0,0.0,0.0,29.0,0.0,29.0,0.0,29.0,0.0,6.0,0.0,0.0,0.0,0.0,0.0,0.0,0.0,battery2_v
2020-11-21T00:00:00Z,30.0,30.0,,,,,13029.467,13061.0,,,,12.72,12.781,,,,7097.0,7097.0,7097.0,,-5.207,33.433,,,,1.0,,,,,,,,,,236.0,265.0,0.0,0.0,30.0,0.0,30.0,0.0,30.0,0.0,0.0,1.0,0.0,0.0,0.0,0.0,0.0,0.0,battery2_v
2020-11-21T01:00:00Z,30.0,30.0,,,,,13018.867,13050.0,,,,12.729,12.781,,,,7097.0,7097.0,7097.0,,-2.071,29.967,,,,1.0,,,,,,,,,,266.0,295.0,0.0,0.0,30.0,0.0,30.0,0.0,30.0,0.0,0.0,0.0,0.0,0.0,0.0,0.0,0.0,0.0,battery2_v
2020-11-21T02:00:00Z,29.0,29.0,,,,,13016.138,13635.0,,,,12.772,12.919,,,,7097.0,7097.0,7097.0,,16.345,42.207,,,,1.0,,,,,,,,,,296.0,324.0,0.0,0.0,29.0,0.0,29.0,0.0,29.0,0.0,0.0,3.0,0.0,0.0,0.0,0.0,0.0,0.0,battery2_v
2020-11-21T03:00:00Z,28.0,28.0,,,,,12897.607,12956.0,,,,12.819,12.923,,,,7097.0,7097.0,7097.0,,19.179,31.179,,,,1.0,,,,,,,,,,325.0,353.0,0.0,0.0,28.0,0.0,28.0,0.0,28.0,0.0,0.0,4.0,0.0,0.0,0.0,0.0,0.0,0.0,battery2_v
2020-11-21T04:00:00Z,30.0,30.0,,,,,12984.733,13061.0,,,,12.725,12.81,,,,7097.0,7097.0,7097.0,,4.6,9.967,,,,1.0,,,,,,,,,,355.0,384.0,0.0,0.0,30.0,0.0,30.0,0.0,30.0,0.0,0.0,0.0,0.0,0.0,0.0,0.0,0.0,0.0,battery2_v
2020-11-21T05:00:00Z,29.0,29.0,,,,,12955.207,13646.0,,,,12.786,12.876,,,,7097.0,7097.0,7097.0,,16.276,19.103,,,,1.0,,,,,,,,,,385.0,414.0,0.0,0.0,29.0,0.0,29.0,0.0,29.0,0.0,0.0,0.0,0.0,0.0,0.0,0.0,0.0,0.0,battery2_v
2020-11-21T06:00:00Z,27.0,27.0,,,,,13021.407,13693.0,,,,12.725,12.838,,,,7097.0,7097.0,7097.0,,1.385,2.63,,,,1.0,,,,,,,,,,415.0,443.0,0.0,0.0,27.0,0.0,27.0,0.0,27.0,0.0,0.0,0.0,0.0,0.0,0.0,0.0,0.0,0.0,battery2_v
2020-11-21T07:00:00Z,30.0,30.0,,,,,8325.6,13073.0,,,,12.71,12.9,,,,7097.0,7097.0,7097.0,,1.933,2.567,,,,1.0,,,,,,,,,,444.0,473.0,0.0,0.0,30.0,0.0,30.0,0.0,30.0,0.0,0.0,0.0,0.0,0.0,0.0,0.0,0.0,0.0,battery2_v
2020-11-21T08:00:00Z,30.0,30.0,,,,,2552.067,13202.0,,,,12.592,12.729,,,,7097.0,7097.0,7097.0,,-16.067,-5.567,,,,1.0,,,,,,,,,,474.0,503.0,0.0,0.0,30.0,0.0,30.0,0.0,30.0,0.0,2.0,2.0,0.0,0.0,0.0,0.0,0.0,0.0,battery2_v
2020-11-21T09:00:00Z,30.0,30.0,,,,,3190.0,13202.0,,,,12.583,12.729,,,,7097.0,7097.0,7097.0,,-15.033,5.433,,,,1.0,,,,,,,,,,504.0,533.0,0.0,0.0,30.0,0.0,30.0,0.0,30.0,0.0,2.0,0.0,0.0,0.0,0.0,0.0,0.0,0.0,battery2_v
2020-11-21T10:00:00Z,30.0,30.0,,,,,2602.5,13213.0,,,,12.583,12.729,,,,7097.0,7097.0,7097.0,,-13.933,47.2,,,,1.0,,,,,,,,,,534.0,563.0,0.0,0.0,18.0,0.0,30.0,0.0,30.0,0.0,3.0,15.0,0.0,0.0,0.0,0.0,0.0,0.0,battery2_v
2020-11-21T11:00:00Z,30.0,30.0,,,,,0.0,0.0,,,,12.706,12.72,,,,7097.0,7097.0,7097.0,,-6.233,75.967,,,,1.0,,,,,,,,,,564.0,593.0,0.0,0.0,0.0,0.0,30.0,0.0,30.0,0.0,0.0,30.0,0.0,0.0,0.0,0.0,0.0,0.0,battery2_v
2020-11-21T12:00:00Z,29.0,29.0,,,,,0.0,0.0,,,,12.706,12.72,,,,7097.0,7097.0,7097.0,,-6.448,75.828,,,,1.0,,,,,,,,,,594.0,623.0,0.0,0.0,0.0,0.0,29.0,0.0,29.0,0.0,0.0,29.0,0.0,0.0,0.0,0.0,0.0,0.0,battery2_v
2020-11-21T13:00:00Z,30.0,30.0,,,,,0.0,0.0,,,,12.706,12.72,,,,7097.0,7097.0,7097.0,,-6.733,73.033,,,,1.0,,,,,,,,,,624.0,653.0,0.0,0.0,0.0,0.0,30.0,0.0,30.0,0.0,0.0,30.0,0.0,0.0,0.0,0.0,0.0,0.0,battery2_v
2020-11-21T14:00:00Z,28.0,28.0,,,,,0.0,0.0,,,,12.701,12.71,,,,7097.0,7097.0,7097.0,,-7.643,63.143,,,,1.0,,,,,,,,,,654.0,682.0,0.0,0.0,0.0,0.0,28.0,0.0,28.0,0.0,0.0,27.0,0.0,0.0,0.0,0.0,0.0,0.0,battery2_v
2020-11-21T15:00:00Z,30.0,30.0,,,,,0.0,0.0,,,,12.701,12.715,,,,7097.0,7097.0,7097.0,,-7.967,56.7,,,,1.0,,,,,,,,,,683.0,712.0,0.0,0.0,0.0,0.0,30.0,0.0,30.0,0.0,0.0,23.0,0.0,0.0,0.0,0.0,0.0,0.0,battery2_v
2020-11-21T16:00:00Z,30.0,30.0,,,,,0.0,0.0,,,,12.696,12.706,,,,7097.0,7097.0,7097.0,,-7.933,57.8,,,,1.0,,,,,,,,,,713.0,742.0,0.0,0.0,0.0,0.0,30.0,0.0,30.0,0.0,0.0,27.0,0.0,0.0,0.0,0.0,0.0,0.0,battery2_v
2020-11-21T17:00:00Z,28.0,28.0,,,,,0.0,0.0,,,,12.691,12.701,,,,7097.0,7097.0,7097.0,,-7.964,55.857,,,,1.0,,,,,,,,,,743.0,772.0,0.0,0.0,0.0,0.0,28.0,0.0,28.0,0.0,0.0,22.0,0.0,0.0,0.0,0.0,0.0,0.0,battery2_v
2020-11-21T18:00:00Z,30.0,30.0,,,,,0.0,0.0,,,,12.691,12.706,,,,7097.0,7097.0,7097.0,,-8.033,56.067,,,,1.0,,,,,,,,,,773.0,802.0,0.0,0.0,0.0,0.0,30.0,0.0,30.0,0.0,0.0,25.0,0.0,0.0,0.0,0.0,0.0,0.0,battery2_v
2020-11-21T19:00:00Z,30.0,30.0,,,,,0.0,0.0,,,,12.687,12.701,,,,7097.0,7097.0,7097.0,,-7.967,57.5,,,,1.0,,,,,,,,,,803.0,832.0,0.0,0.0,0.0,0.0,30.0,0.0,30.0,0.0,0.0,26.0,0.0,0.0,0.0,0.0,0.0,0.0,battery2_v
2020-11-21T20:00:00Z,30.0,30.0,,,,,0.0,0.0,,,,12.682,12.696,,,,7097.0,7097.0,7097.0,,-8.033,55.833,,,,1.0,,,,,,,,,,833.0,862.0,0.0,0.0,0.0,0.0,30.0,0.0,30.0,0.0,0.0,23.0,0.0,0.0,0.0,0.0,0.0,0.0,battery2_v
2020-11-21T21:00:00Z,29.0,29.0,,,,,0.0,0.0,,,,12.673,12.691,,,,7097.0,7097.0,7097.0,,-7.897,56.966,,,,1.0,,,,,,,,,,863.0,891.0,0.0,0.0,0.0,0.0,29.0,0.0,29.0,0.0,0.0,24.0,0.0,0.0,0.0,0.0,0.0,0.0,battery2_v
2020-11-21T22:00:00Z,30.0,30.0,,,,,326.967,2098.0,,,,12.677,12.691,,,,7097.0,7097.0,7097.0,,-7.6,61.033,,,,1.0,,,,,,,,,,892.0,921.0,0.0,0.0,11.0,0.0,30.0,0.0,30.0,0.0,0.0,28.0,0.0,0.0,0.0,0.0,0.0,0.0,battery2_v
2020-11-21T23:00:00Z,30.0,30.0,,,,,4549.2,13436.0,,,,12.545,12.682,,,,7097.0,7097.0,7097.0,,-13.533,47.3,,,,1.0,,,,,,,,,,922.0,951.0,0.0,0.0,30.0,0.0,30.0,0.0,30.0,0.0,3.0,18.0,0.0,0.0,0.0,0.0,0.0,0.0,battery2_v
2020-11-22T00:00:00Z,29.0,29.0,,,,,5085.69,13132.0,,,,12.663,12.677,,,,7097.0,7097.0,7097.0,,-8.207,50.655,,,,1.0,,,,,,,,,,952.0,981.0,0.0,0.0,29.0,0.0,29.0,0.0,29.0,0.0,0.0,15.0,0.0,0.0,0.0,0.0,0.0,0.0,battery2_v
2020-11-22T01:00:00Z,30.0,30.0,,,,,13083.667,13167.0,,,,12.639,12.753,,,,7097.0,7097.0,7097.0,,2.5,51.633,,,,1.0,,,,,,,,,,982.0,1011.0,0.0,0.0,30.0,0.0,30.0,0.0,30.0,0.0,0.0,18.0,0.0,0.0,0.0,0.0,0.0,0.0,battery2_v
2020-11-22T02:00:00Z,30.0,30.0,,,,,13023.133,13728.0,,,,12.739,12.876,,,,7097.0,7097.0,7097.0,,23.733,66.367,,,,1.0,,,,,,,,,,1012.0,1041.0,0.0,0.0,30.0,0.0,30.0,0.0,30.0,0.0,0.0,29.0,0.0,0.0,0.0,0.0,0.0,0.0,battery2_v
2020-11-22T03:00:00Z,29.0,29.0,,,,,12978.138,13705.0,,,,12.767,12.904,,,,7097.0,7097.0,7097.0,,28.621,90.31,,,,1.0,,,,,,,,,,1042.0,1071.0,0.0,0.0,29.0,0.0,29.0,0.0,29.0,0.0,0.0,29.0,0.0,0.0,0.0,0.0,0.0,0.0,battery2_v
2020-11-22T04:00:00Z,30.0,30.0,,,,,12996.9,13693.0,,,,12.687,12.89,,,,7097.0,7097.0,7097.0,,18.167,70.467,,,,1.0,,,,,,,,,,1072.0,1101.0,0.0,0.0,30.0,0.0,30.0,0.0,30.0,0.0,1.0,23.0,0.0,0.0,0.0,0.0,0.0,0.0,battery2_v
2020-11-22T05:00:00Z,29.0,29.0,,,,,13006.483,13763.0,,,,12.658,12.796,,,,7097.0,7097.0,7097.0,,3.357,44.138,,,,1.0,,,,,,,,,,1102.0,1130.0,0.0,0.0,29.0,0.0,29.0,0.0,29.0,0.0,0.0,10.0,0.0,0.0,0.0,0.0,0.0,0.0,battery2_v
2020-11-22T06:00:00Z,29.0,29.0,,,,,13070.621,13132.0,,,,12.658,12.739,,,,7097.0,7097.0,7097.0,,5.034,32.345,,,,1.0,,,,,,,,,,1131.0,1160.0,0.0,0.0,29.0,0.0,29.0,0.0,29.0,0.0,0.0,0.0,0.0,0.0,0.0,0.0,0.0,0.0,battery2_v
2020-11-22T07:00:00Z,30.0,30.0,,,,,13080.1,13740.0,,,,12.682,12.748,,,,7097.0,7097.0,7097.0,,7.467,27.267,,,,1.0,,,,,,,,,,1161.0,1190.0,0.0,0.0,30.0,0.0,30.0,0.0,30.0,0.0,0.0,0.0,0.0,0.0,0.0,0.0,0.0,0.0,battery2_v
2020-11-22T08:00:00Z,30.0,30.0,,,,,13090.233,13143.0,,,,12.654,12.753,,,,7097.0,7097.0,7097.0,,-1.133,13.267,,,,1.0,,,,,,,,,,1191.0,1220.0,0.0,0.0,30.0,0.0,30.0,0.0,30.0,0.0,0.0,0.0,0.0,0.0,0.0,0.0,0.0,0.0,battery2_v
2020-11-22T09:00:00Z,30.0,30.0,,,,,10545.8,13155.0,,,,12.63,12.663,,,,7097.0,7097.0,7097.0,,-16.5,-2.767,,,,1.0,,,,,,,,,,1221.0,1250.0,0.0,0.0,30.0,0.0,30.0,0.0,30.0,0.0,0.0,0.0,0.0,0.0,0.0,0.0,0.0,0.0,battery2_v
2020-11-22T10:00:00Z,30.0,30.0,,,,,1018.1,5199.0,,,,12.649,12.663,,,,7097.0,7097.0,7097.0,,-11.267,11.867,,,,1.0,,,,,,,,,,1251.0,1280.0,0.0,0.0,20.0,0.0,30.0,0.0,30.0,0.0,0.0,0.0,0.0,0.0,0.0,0.0,0.0,0.0,battery2_v
2020-11-22T11:00:00Z,30.0,30.0,,,,,2.267,16.0,,,,12.649,12.663,,,,7097.0,7097.0,7097.0,,-10.767,17.133,,,,1.0,,,,,,,,,,1281.0,1310.0,0.0,0.0,0.0,0.0,30.0,0.0,30.0,0.0,0.0,0.0,0.0,0.0,0.0,0.0,0.0,0.0,battery2_v
2020-11-22T12:00:00Z,27.0,27.0,,,,,17.296,39.0,,,,12.649,12.658,,,,7097.0,7097.0,7097.0,,-10.556,20.222,,,,1.0,,,,,,,,,,1311.0,1339.0,0.0,0.0,0.0,0.0,27.0,0.0,27.0,0.0,0.0,0.0,0.0,0.0,0.0,0.0,0.0,0.0,battery2_v
2020-11-22T13:00:00Z,30.0,30.0,,,,,29.0,39.0,,,,12.639,12.654,,,,7097.0,7097.0,7097.0,,-10.4,21.167,,,,1.0,,,,,,,,,,1340.0,1369.0,0.0,0.0,0.0,0.0,30.0,0.0,30.0,0.0,0.0,0.0,0.0,0.0,0.0,0.0,0.0,0.0,battery2_v
2020-11-22T14:00:00Z,30.0,30.0,,,,,33.467,39.0,,,,12.639,12.649,,,,7097.0,7097.0,7097.0,,-10.233,23.067,,,,1.0,,,,,,,,,,1370.0,1399.0,0.0,0.0,0.0,0.0,30.0,0.0,30.0,0.0,0.0,0.0,0.0,0.0,0.0,0.0,0.0,0.0,battery2_v
2020-11-22T15:00:00Z,30.0,30.0,,,,,30.133,39.0,,,,12.635,12.649,,,,7097.0,7097.0,7097.0,,-10.0,25.733,,,,1.0,,,,,,,,,,1400.0,1429.0,0.0,0.0,0.0,0.0,30.0,0.0,30.0,0.0,0.0,0.0,0.0,0.0,0.0,0.0,0.0,0.0,battery2_v
2020-11-22T16:00:00Z,30.0,30.0,,,,,32.433,51.0,,,,12.635,12.644,,,,7097.0,7097.0,7097.0,,-9.7,31.567,,,,1.0,,,,,,,,,,1430.0,1459.0,0.0,0.0,0.0,0.0,30.0,0.0,30.0,0.0,0.0,0.0,0.0,0.0,0.0,0.0,0.0,0.0,battery2_v
2020-11-22T17:00:00Z,30.0,30.0,,,,,40.733,51.0,,,,12.63,12.639,,,,7097.0,7097.0,7097.0,,-9.567,33.067,,,,1.0,,,,,,,,,,1460.0,1489.0,0.0,0.0,0.0,0.0,30.0,0.0,30.0,0.0,0.0,0.0,0.0,0.0,0.0,0.0,0.0,0.0,battery2_v
2020-11-22T18:00:00Z,30.0,30.0,,,,,49.0,63.0,,,,12.625,12.639,,,,7097.0,7097.0,7097.0,,-9.367,36.233,,,,1.0,,,,,,,,,,1490.0,1519.0,0.0,0.0,3.0,0.0,30.0,0.0,30.0,0.0,0.0,0.0,0.0,0.0,0.0,0.0,0.0,0.0,battery2_v
2020-11-22T19:00:00Z,30.0,30.0,,,,,54.2,63.0,,,,12.62,12.635,,,,7097.0,7097.0,7097.0,,-9.033,38.5,,,,1.0,,,,,,,,,,1520.0,1549.0,0.0,0.0,8.0,0.0,30.0,0.0,30.0,0.0,0.0,0.0,0.0,0.0,0.0,0.0,0.0,0.0,battery2_v
2020-11-22T20:00:00Z,28.0,28.0,,,,,59.107,74.0,,,,12.62,12.63,,,,7097.0,7097.0,7097.0,,-9.036,40.821,,,,1.0,,,,,,,,,,1550.0,1578.0,0.0,0.0,18.0,0.0,28.0,0.0,28.0,0.0,0.0,0.0,0.0,0.0,0.0,0.0,0.0,0.0,battery2_v
2020-11-22T21:00:00Z,30.0,30.0,,,,,65.533,74.0,,,,12.616,12.625,,,,7097.0,7097.0,7097.0,,-9.0,41.267,,,,1.0,,,,,,,,,,1579.0,1608.0,0.0,0.0,29.0,0.0,30.0,0.0,30.0,0.0,0.0,1.0,0.0,0.0,0.0,0.0,0.0,0.0,battery2_v
2020-11-22T22:00:00Z,30.0,30.0,,,,,385.067,2180.0,,,,12.611,12.625,,,,7097.0,7097.0,7097.0,,-8.8,45.367,,,,1.0,,,,,,,,,,1609.0,1638.0,0.0,0.0,30.0,0.0,30.0,0.0,30.0,0.0,0.0,6.0,0.0,0.0,0.0,0.0,0.0,0.0,battery2_v
2020-11-22T23:00:00Z,30.0,30.0,,,,,5272.3,13389.0,,,,12.479,12.62,,,,7097.0,7097.0,7097.0,,-18.333,30.4,,,,1.0,,,,,,,,,,1639.0,1668.0,0.0,0.0,30.0,0.0,30.0,0.0,30.0,0.0,5.0,0.0,0.0,0.0,0.0,0.0,0.0,0.0,battery2_v
2020-11-23T00:00:00Z,30.0,30.0,,,,,4636.967,13178.0,,,,12.602,12.616,,,,7097.0,7097.0,7097.0,,-8.8,41.833,,,,1.0,,,,,,,,,,1669.0,1698.0,0.0,0.0,30.0,0.0,30.0,0.0,30.0,0.0,0.0,0.0,0.0,0.0,0.0,0.0,0.0,0.0,battery2_v
2020-11-23T01:00:00Z,30.0,30.0,,,,,13163.567,13541.0,,,,12.606,12.687,,,,7097.0,7097.0,7097.0,,1.519,42.867,,,,1.0,,,,,,,,,,1699.0,1728.0,0.0,0.0,30.0,0.0,30.0,0.0,30.0,0.0,0.0,3.0,0.0,0.0,0.0,0.0,0.0,0.0,battery2_v
2020-11-23T02:00:00Z,30.0,30.0,,,,,13163.6,13822.0,,,,12.663,12.696,,,,7097.0,7097.0,7097.0,,11.167,43.767,,,,1.0,,,,,,,,,,1729.0,1758.0,0.0,0.0,30.0,0.0,30.0,0.0,30.0,0.0,0.0,1.0,0.0,0.0,0.0,0.0,0.0,0.0,battery2_v
2020-11-23T03:00:00Z,30.0,30.0,,,,,13063.7,13822.0,,,,12.682,12.857,,,,7097.0,7097.0,7097.0,,30.1,56.467,,,,1.0,,,,,,,,,,1759.0,1788.0,0.0,0.0,30.0,0.0,30.0,0.0,30.0,0.0,3.0,17.0,0.0,0.0,0.0,0.0,0.0,0.0,battery2_v
2020-11-23T04:00:00Z,30.0,30.0,,,,,13076.467,13740.0,,,,12.677,12.781,,,,7097.0,7097.0,7097.0,,13.067,33.067,,,,1.0,,,,,,,,,,1789.0,1818.0,0.0,0.0,30.0,0.0,30.0,0.0,30.0,0.0,0.0,4.0,0.0,0.0,0.0,0.0,0.0,0.0,battery2_v
2020-11-23T05:00:00Z,28.0,28.0,,,,,13124.286,13132.0,,,,12.658,12.677,,,,7097.0,7097.0,7097.0,,5.286,23.429,,,,1.0,,,,,,,,,,1819.0,1847.0,0.0,0.0,28.0,0.0,28.0,0.0,28.0,0.0,0.0,0.0,0.0,0.0,0.0,0.0,0.0,0.0,battery2_v
2020-11-23T06:00:00Z,29.0,29.0,,,,,13154.414,13822.0,,,,12.606,12.682,,,,7097.0,7097.0,7097.0,,5.793,15.276,,,,1.0,,,,,,,,,,1848.0,1877.0,0.0,0.0,29.0,0.0,29.0,0.0,29.0,0.0,0.0,0.0,0.0,0.0,0.0,0.0,0.0,0.0,battery2_v
2020-11-23T07:00:00Z,30.0,30.0,,,,,13098.467,13740.0,,,,12.644,12.781,,,,7097.0,7097.0,7097.0,,16.933,22.133,,,,1.0,,,,,,,,,,1878.0,1907.0,0.0,0.0,30.0,0.0,30.0,0.0,30.0,0.0,0.0,0.0,0.0,0.0,0.0,0.0,0.0,0.0,battery2_v
2020-11-23T08:00:00Z,27.0,27.0,,,,,9055.185,13237.0,,,,12.573,12.706,,,,7097.0,7097.0,7097.0,,-10.667,-8.778,,,,1.0,,,,,,,,,,1908.0,1936.0,0.0,0.0,27.0,0.0,27.0,0.0,27.0,0.0,0.0,0.0,0.0,0.0,0.0,0.0,0.0,0.0,battery2_v
2020-11-23T09:00:00Z,28.0,28.0,,,,,3153.107,7305.0,,,,12.592,12.602,,,,7097.0,7097.0,7097.0,,-11.821,0.464,,,,1.0,,,,,,,,,,1938.0,1966.0,0.0,0.0,28.0,0.0,28.0,0.0,28.0,0.0,0.0,0.0,0.0,0.0,0.0,0.0,0.0,0.0,battery2_v
2020-11-23T10:00:00Z,30.0,30.0,,,,,1145.6,4251.0,,,,12.587,12.602,,,,7097.0,7097.0,7097.0,,-11.567,5.833,,,,1.0,,,,,,,,,,1967.0,1996.0,0.0,0.0,30.0,0.0,30.0,0.0,30.0,0.0,0.0,0.0,0.0,0.0,0.0,0.0,0.0,0.0,battery2_v
2020-11-23T11:00:00Z,30.0,30.0,,,,,121.8,133.0,,,,12.587,12.597,,,,7097.0,7097.0,7097.0,,-11.367,9.833,,,,1.0,,,,,,,,,,1997.0,2026.0,0.0,0.0,30.0,0.0,30.0,0.0,30.0,0.0,0.0,0.0,0.0,0.0,0.0,0.0,0.0,0.0,battery2_v
2020-11-23T12:00:00Z,30.0,30.0,,,,,141.3,156.0,,,,12.583,12.597,,,,7097.0,7097.0,7097.0,,-10.967,13.7,,,,1.0,,,,,,,,,,2027.0,2056.0,0.0,0.0,30.0,0.0,30.0,0.0,30.0,0.0,0.0,0.0,0.0,0.0,0.0,0.0,0.0,0.0,battery2_v
2020-11-23T13:00:00Z,30.0,30.0,,,,,136.2,145.0,,,,12.583,12.592,,,,7097.0,7097.0,7097.0,,-11.0,15.2,,,,1.0,,,,,,,,,,2057.0,2086.0,0.0,0.0,30.0,0.0,30.0,0.0,30.0,0.0,0.0,0.0,0.0,0.0,0.0,0.0,0.0,0.0,battery2_v
2020-11-23T14:00:00Z,29.0,29.0,,,,,153.034,168.0,,,,12.578,12.587,,,,7097.0,7097.0,7097.0,,-10.69,17.517,,,,1.0,,,,,,,,,,2087.0,2116.0,0.0,0.0,29.0,0.0,29.0,0.0,29.0,0.0,0.0,0.0,0.0,0.0,0.0,0.0,0.0,0.0,battery2_v
2020-11-23T15:00:00Z,30.0,30.0,,,,,157.367,180.0,,,,12.573,12.587,,,,7097.0,7097.0,7097.0,,-9.933,27.433,,,,1.0,,,,,,,,,,2117.0,2146.0,0.0,0.0,30.0,0.0,30.0,0.0,30.0,0.0,0.0,0.0,0.0,0.0,0.0,0.0,0.0,0.0,battery2_v
2020-11-23T16:00:00Z,30.0,30.0,,,,,164.467,180.0,,,,12.573,12.583,,,,7097.0,7097.0,7097.0,,-9.5,34.867,,,,1.0,,,,,,,,,,2147.0,2176.0,0.0,0.0,30.0,0.0,30.0,0.0,30.0,0.0,0.0,0.0,0.0,0.0,0.0,0.0,0.0,0.0,battery2_v
2020-11-23T17:00:00Z,28.0,28.0,,,,,179.393,191.0,,,,12.568,12.578,,,,7097.0,7097.0,7097.0,,-9.786,30.571,,,,1.0,,,,,,,,,,2177.0,2205.0,0.0,0.0,28.0,0.0,28.0,0.0,28.0,0.0,0.0,0.0,0.0,0.0,0.0,0.0,0.0,0.0,battery2_v
2020-11-23T18:00:00Z,29.0,29.0,,,,,184.414,203.0,,,,12.568,12.578,,,,7097.0,7097.0,7097.0,,-9.31,35.345,,,,1.0,,,,,,,,,,2206.0,2235.0,0.0,0.0,29.0,0.0,29.0,0.0,29.0,0.0,0.0,0.0,0.0,0.0,0.0,0.0,0.0,0.0,battery2_v
2020-11-23T19:00:00Z,30.0,30.0,,,,,192.067,215.0,,,,12.559,12.573,,,,7097.0,7097.0,7097.0,,-9.367,33.067,,,,1.0,,,,,,,,,,2236.0,2265.0,0.0,0.0,30.0,0.0,30.0,0.0,30.0,0.0,0.0,0.0,0.0,0.0,0.0,0.0,0.0,0.0,battery2_v
2020-11-23T20:00:00Z,30.0,30.0,,,,,200.2,215.0,,,,12.559,12.568,,,,7097.0,7097.0,7097.0,,-9.1,36.533,,,,1.0,,,,,,,,,,2266.0,2295.0,0.0,0.0,30.0,0.0,30.0,0.0,30.0,0.0,0.0,0.0,0.0,0.0,0.0,0.0,0.0,0.0,battery2_v
2020-11-23T21:00:00Z,30.0,30.0,,,,,210.133,226.0,,,,12.554,12.568,,,,7097.0,7097.0,7097.0,,-9.0,40.767,,,,1.0,,,,,,,,,,2296.0,2325.0,0.0,0.0,30.0,0.0,30.0,0.0,30.0,0.0,0.0,0.0,0.0,0.0,0.0,0.0,0.0,0.0,battery2_v
2020-11-23T22:00:00Z,30.0,30.0,,,,,885.1,5936.0,,,,12.554,12.564,,,,7097.0,7097.0,7097.0,,-8.7,44.033,,,,1.0,,,,,,,,,,2326.0,2355.0,0.0,0.0,30.0,0.0,30.0,0.0,30.0,0.0,0.0,1.0,0.0,0.0,0.0,0.0,0.0,0.0,battery2_v
2020-11-23T23:00:00Z,30.0,30.0,,,,,4578.467,13471.0,,,,12.417,12.559,,,,7097.0,7097.0,7097.0,,-19.967,28.233,,,,1.0,,,,,,,,,,2356.0,2385.0,0.0,0.0,30.0,0.0,30.0,0.0,30.0,0.0,6.0,1.0,0.0,0.0,0.0,0.0,0.0,0.0,battery2_v
2020-11-24T00:00:00Z,29.0,29.0,,,,,8447.483,13904.0,,,,12.535,12.573,,,,7097.0,7097.0,7097.0,,-7.828,43.621,,,,1.0,,,,,,,,,,2386.0,2415.0,0.0,0.0,29.0,0.0,29.0,0.0,29.0,0.0,0.0,1.0,0.0,0.0,0.0,0.0,0.0,0.0,battery2_v
2020-11-24T01:00:00Z,29.0,29.0,,,,,13238.414,13904.0,,,,12.564,12.602,,,,7097.0,7097.0,7097.0,,3.077,47.931,,,,1.0,,,,,,,,,,2416.0,2444.0,0.0,0.0,29.0,0.0,29.0,0.0,29.0,0.0,0.0,10.0,0.0,0.0,0.0,0.0,0.0,0.0,battery2_v
2020-11-24T02:00:00Z,30.0,30.0,,,,,13165.933,13190.0,,,,12.602,12.649,,,,7097.0,7097.0,7097.0,,18.367,95.833,,,,1.0,,,,,,,,,,2445.0,2474.0,0.0,0.0,30.0,0.0,30.0,0.0,30.0,0.0,0.0,30.0,0.0,0.0,0.0,0.0,0.0,0.0,battery2_v
2020-11-24T03:00:00Z,30.0,30.0,,,,,13189.7,13880.0,,,,12.606,12.739,,,,7097.0,7097.0,7097.0,,21.833,79.767,,,,1.0,,,,,,,,,,2475.0,2504.0,0.0,0.0,30.0,0.0,30.0,0.0,30.0,0.0,0.0,30.0,0.0,0.0,0.0,0.0,0.0,0.0,battery2_v
2020-11-24T04:00:00Z,30.0,30.0,,,,,13012.233,13728.0,,,,12.744,12.838,,,,7097.0,7097.0,7097.0,,44.333,88.3,,,,1.0,,,,,,,,,,2505.0,2534.0,0.0,0.0,30.0,0.0,30.0,0.0,30.0,0.0,2.0,30.0,0.0,0.0,0.0,0.0,0.0,0.0,battery2_v
2020-11-24T05:00:00Z,28.0,28.0,,,,,12964.036,13061.0,,,,12.725,12.852,,,,7097.0,7097.0,7097.0,,37.214,72.393,,,,1.0,,,,,,,,,,2535.0,2564.0,0.0,0.0,28.0,0.0,28.0,0.0,28.0,0.0,2.0,23.0,0.0,0.0,0.0,0.0,0.0,0.0,battery2_v
2020-11-24T06:00:00Z,29.0,29.0,,,,,13055.276,13120.0,,,,12.677,12.772,,,,7097.0,7097.0,7097.0,,20.379,47.862,,,,1.0,,,,,,,,,,2565.0,2594.0,0.0,0.0,29.0,0.0,29.0,0.0,29.0,0.0,0.0,9.0,0.0,0.0,0.0,0.0,0.0,0.0,battery2_v
2020-11-24T07:00:00Z,30.0,30.0,,,,,13147.967,13401.0,,,,12.606,12.791,,,,7097.0,7097.0,7097.0,,6.185,28.567,,,,1.0,,,,,,,,,,2595.0,2624.0,0.0,0.0,30.0,0.0,30.0,0.0,30.0,0.0,0.0,1.0,0.0,0.0,0.0,0.0,0.0,0.0,battery2_v
2020-11-24T08:00:00Z,28.0,28.0,,,,,13208.464,13284.0,,,,12.535,12.63,,,,7097.0,7097.0,7097.0,,-5.24,17.643,,,,1.0,,,,,,,,,,2625.0,2653.0,0.0,0.0,28.0,0.0,28.0,0.0,28.0,0.0,0.0,0.0,0.0,0.0,0.0,0.0,0.0,0.0,battery2_v
2020-11-24T09:00:00Z,30.0,30.0,,,,,3620.567,13307.0,,,,12.521,12.559,,,,7097.0,7097.0,7097.0,,-9.633,50.033,,,,1.0,,,,,,,,,,2654.0,2683.0,0.0,0.0,30.0,0.0,30.0,0.0,30.0,0.0,0.0,17.0,0.0,0.0,0.0,0.0,0.0,0.0,battery2_v
2020-11-24T10:00:00Z,30.0,30.0,,,,,1290.0,5363.0,,,,12.535,12.559,,,,7097.0,7097.0,7097.0,,-6.333,76.267,,,,1.0,,,,,,,,,,2684.0,2713.0,0.0,0.0,30.0,0.0,30.0,0.0,30.0,0.0,0.0,30.0,0.0,0.0,0.0,0.0,0.0,0.0,battery2_v
2020-11-24T11:00:00Z,30.0,30.0,,,,,283.0,297.0,,,,12.531,12.545,,,,7097.0,7097.0,7097.0,,-8.133,52.533,,,,1.0,,,,,,,,,,2714.0,2743.0,0.0,0.0,30.0,0.0,30.0,0.0,30.0,0.0,0.0,14.0,0.0,0.0,0.0,0.0,0.0,0.0,battery2_v
2020-11-24T12:00:00Z,30.0,30.0,,,,,289.767,308.0,,,,12.531,12.545,,,,7097.0,7097.0,7097.0,,-7.5,60.333,,,,1.0,,,,,,,,,,2744.0,2773.0,0.0,0.0,30.0,0.0,30.0,0.0,30.0,0.0,0.0,27.0,0.0,0.0,0.0,0.0,0.0,0.0,battery2_v
2020-11-24T13:00:00Z,30.0,30.0,,,,,310.633,332.0,,,,12.526,12.535,,,,7097.0,7097.0,7097.0,,-6.033,78.267,,,,1.0,,,,,,,,,,2774.0,2803.0,0.0,0.0,30.0,0.0,30.0,0.0,30.0,0.0,0.0,29.0,0.0,0.0,0.0,0.0,0.0,0.0,battery2_v
2020-11-24T14:00:00Z,30.0,30.0,,,,,324.7,343.0,,,,12.516,12.535,,,,7097.0,7097.0,7097.0,,-3.333,105.633,,,,1.0,,,,,,,,,,2804.0,2833.0,0.0,0.0,30.0,0.0,30.0,0.0,30.0,0.0,0.0,30.0,0.0,0.0,0.0,0.0,0.0,0.0,battery2_v
2020-11-24T15:00:00Z,30.0,30.0,,,,,332.9,355.0,,,,12.512,12.531,,,,7097.0,7097.0,7097.0,,-2.933,112.8,,,,1.0,,,,,,,,,,2834.0,2863.0,0.0,0.0,30.0,0.0,30.0,0.0,30.0,0.0,0.0,30.0,0.0,0.0,0.0,0.0,0.0,0.0,battery2_v
2020-11-24T16:00:00Z,29.0,29.0,,,,,320.0,332.0,,,,12.507,12.521,,,,7097.0,7097.0,7097.0,,-5.724,81.552,,,,1.0,,,,,,,,,,2864.0,2893.0,0.0,0.0,29.0,0.0,29.0,0.0,29.0,0.0,0.0,29.0,0.0,0.0,0.0,0.0,0.0,0.0,battery2_v
2020-11-24T17:00:00Z,27.0,27.0,,,,,316.889,332.0,,,,12.507,12.521,,,,7097.0,7097.0,7097.0,,-6.704,71.704,,,,1.0,,,,,,,,,,2894.0,2922.0,0.0,0.0,27.0,0.0,27.0,0.0,27.0,0.0,0.0,27.0,0.0,0.0,0.0,0.0,0.0,0.0,battery2_v
2020-11-24T18:00:00Z,30.0,30.0,,,,,316.033,332.0,,,,12.507,12.516,,,,7097.0,7097.0,7097.0,,-7.067,66.333,,,,1.0,,,,,,,,,,2923.0,2952.0,0.0,0.0,30.0,0.0,30.0,0.0,30.0,0.0,0.0,30.0,0.0,0.0,0.0,0.0,0.0,0.0,battery2_v
2020-11-24T19:00:00Z,30.0,30.0,,,,,318.8,332.0,,,,12.502,12.521,,,,7097.0,7097.0,7097.0,,-7.3,64.9,,,,1.0,,,,,,,,,,2953.0,2982.0,0.0,0.0,30.0,0.0,30.0,0.0,30.0,0.0,0.0,30.0,0.0,0.0,0.0,0.0,0.0,0.0,battery2_v
2020-11-24T20:00:00Z,30.0,30.0,,,,,328.267,343.0,,,,12.502,12.516,,,,7097.0,7097.0,7097.0,,-7.633,56.967,,,,1.0,,,,,,,,,,2983.0,3012.0,0.0,0.0,30.0,0.0,30.0,0.0,30.0,0.0,0.0,26.0,0.0,0.0,0.0,0.0,0.0,0.0,battery2_v
2020-11-24T21:00:00Z,30.0,30.0,,,,,332.167,343.0,,,,12.497,12.516,,,,7097.0,7097.0,7097.0,,-7.8,59.5,,,,1.0,,,,,,,,,,3013.0,3042.0,0.0,0.0,30.0,0.0,30.0,0.0,30.0,0.0,0.0,29.0,0.0,0.0,0.0,0.0,0.0,0.0,battery2_v
2020-11-24T22:00:00Z,30.0,30.0,,,,,630.9,2461.0,,,,12.497,12.512,,,,7097.0,7097.0,7097.0,,-7.667,60.367,,,,1.0,,,,,,,,,,3043.0,3072.0,0.0,0.0,30.0,0.0,30.0,0.0,30.0,0.0,0.0,30.0,0.0,0.0,0.0,0.0,0.0,0.0,battery2_v
2020-11-24T23:00:00Z,30.0,30.0,,,,,5059.0,13529.0,,,,12.365,12.507,,,,7097.0,7097.0,7097.0,,-13.333,47.1,,,,1.0,,,,,,,,,,3073.0,3102.0,0.0,0.0,30.0,0.0,30.0,0.0,30.0,0.0,3.0,15.0,0.0,0.0,0.0,0.0,0.0,0.0,battery2_v
2020-11-25T00:00:00Z,30.0,30.0,,,,,10379.3,13366.0,,,,12.493,12.521,,,,7097.0,7097.0,7097.0,,-6.333,51.967,,,,1.0,,,,,,,,,,3103.0,3132.0,0.0,0.0,30.0,0.0,30.0,0.0,30.0,0.0,0.0,16.0,0.0,0.0,0.0,0.0,0.0,0.0,battery2_v
2020-11-25T01:00:00Z,30.0,30.0,,,,,13289.133,13342.0,,,,12.493,12.573,,,,7097.0,7097.0,7097.0,,4.483,55.033,,,,1.0,,,,,,,,,,3133.0,3162.0,0.0,0.0,30.0,0.0,30.0,0.0,30.0,0.0,0.0,22.0,0.0,0.0,0.0,0.0,0.0,0.0,battery2_v
2020-11-25T02:00:00Z,29.0,29.0,,,,,13273.103,13962.0,,,,12.512,12.592,,,,7097.0,7097.0,7097.0,,10.69,53.966,,,,1.0,,,,,,,,,,3163.0,3191.0,0.0,0.0,29.0,0.0,29.0,0.0,29.0,0.0,0.0,17.0,0.0,0.0,0.0,0.0,0.0,0.0,battery2_v
2020-11-25T03:00:00Z,30.0,30.0,,,,,13208.833,13249.0,,,,12.559,12.62,,,,7097.0,7097.0,7097.0,,16.5,54.8,,,,1.0,,,,,,,,,,3192.0,3221.0,0.0,0.0,30.0,0.0,30.0,0.0,30.0,0.0,0.0,19.0,0.0,0.0,0.0,0.0,0.0,0.0,battery2_v
2020-11-25T04:00:00Z,30.0,30.0,,,,,13225.167,13915.0,,,,12.573,12.696,,,,7097.0,7097.0,7097.0,,28.733,62.767,,,,1.0,,,,,,,,,,3222.0,3251.0,0.0,0.0,30.0,0.0,30.0,0.0,30.0,0.0,0.0,25.0,0.0,0.0,0.0,0.0,0.0,0.0,battery2_v
2020-11-25T05:00:00Z,30.0,30.0,,,,,13139.7,13845.0,,,,12.644,12.706,,,,7097.0,7097.0,7097.0,,30.567,56.267,,,,1.0,,,,,,,,,,3252.0,3281.0,0.0,0.0,30.0,0.0,30.0,0.0,30.0,0.0,0.0,20.0,0.0,0.0,0.0,0.0,0.0,0.0,battery2_v
2020-11-25T06:00:00Z,30.0,30.0,,,,,13218.5,13892.0,,,,12.559,12.649,,,,7097.0,7097.0,7097.0,,9.233,29.7,,,,1.0,,,,,,,,,,3282.0,3311.0,0.0,0.0,30.0,0.0,30.0,0.0,30.0,0.0,0.0,0.0,0.0,0.0,0.0,0.0,0.0,0.0,battery2_v
2020-11-25T07:00:00Z,30.0,30.0,,,,,13213.533,13892.0,,,,12.554,12.635,,,,7097.0,7097.0,7097.0,,14.138,33.733,,,,1.0,,,,,,,,,,3312.0,3341.0,0.0,0.0,30.0,0.0,30.0,0.0,30.0,0.0,0.0,0.0,0.0,0.0,0.0,0.0,0.0,0.0,battery2_v
2020-11-25T08:00:00Z,30.0,30.0,,,,,13394.4,13951.0,,,,12.493,12.559,,,,7097.0,7097.0,7097.0,,-7.107,6.633,,,,1.0,,,,,,,,,,3342.0,3371.0,0.0,0.0,30.0,0.0,30.0,0.0,30.0,0.0,0.0,0.0,0.0,0.0,0.0,0.0,0.0,0.0,battery2_v
2020-11-25T09:00:00Z,30.0,30.0,,,,,7859.533,13424.0,,,,12.455,12.497,,,,7097.0,7097.0,7097.0,,-16.133,0.9,,,,1.0,,,,,,,,,,3372.0,3401.0,0.0,0.0,30.0,0.0,30.0,0.0,30.0,0.0,0.0,0.0,0.0,0.0,0.0,0.0,0.0,0.0,battery2_v
2020-11-25T10:00:00Z,30.0,30.0,,,,,1420.533,5620.0,,,,12.483,12.497,,,,7097.0,7097.0,7097.0,,-10.867,17.1,,,,1.0,,,,,,,,,,3402.0,3431.0,0.0,0.0,30.0,0.0,30.0,0.0,30.0,0.0,0.0,0.0,0.0,0.0,0.0,0.0,0.0,0.0,battery2_v
2020-11-25T11:00:00Z,28.0,28.0,,,,,366.571,379.0,,,,12.483,12.497,,,,7097.0,7097.0,7097.0,,-10.393,23.107,,,,1.0,,,,,,,,,,3432.0,3460.0,0.0,0.0,28.0,0.0,28.0,0.0,28.0,0.0,0.0,0.0,0.0,0.0,0.0,0.0,0.0,0.0,battery2_v
2020-11-25T12:00:00Z,30.0,30.0,,,,,374.167,390.0,,,,12.479,12.488,,,,7097.0,7097.0,7097.0,,-10.067,26.133,,,,1.0,,,,,,,,,,3461.0,3490.0,0.0,0.0,30.0,0.0,30.0,0.0,30.0,0.0,0.0,0.0,0.0,0.0,0.0,0.0,0.0,0.0,battery2_v
2020-11-25T13:00:00Z,30.0,30.0,,,,,386.033,402.0,,,,12.474,12.488,,,,7097.0,7097.0,7097.0,,-9.5,33.933,,,,1.0,,,,,,,,,,3491.0,3520.0,0.0,0.0,30.0,0.0,30.0,0.0,30.0,0.0,0.0,0.0,0.0,0.0,0.0,0.0,0.0,0.0,battery2_v
2020-11-25T14:00:00Z,30.0,30.0,,,,,397.667,414.0,,,,12.469,12.483,,,,7097.0,7097.0,7097.0,,-9.667,31.967,,,,1.0,,,,,,,,,,3521.0,3550.0,0.0,0.0,30.0,0.0,30.0,0.0,30.0,0.0,0.0,0.0,0.0,0.0,0.0,0.0,0.0,0.0,battery2_v
2020-11-25T15:00:00Z,29.0,29.0,,,,,403.241,414.0,,,,12.464,12.479,,,,7097.0,7097.0,7097.0,,-9.448,35.241,,,,1.0,,,,,,,,,,3551.0,3580.0,0.0,0.0,29.0,0.0,29.0,0.0,29.0,0.0,0.0,0.0,0.0,0.0,0.0,0.0,0.0,0.0,battery2_v
2020-11-25T16:00:00Z,29.0,29.0,,,,,412.897,425.0,,,,12.464,12.474,,,,7097.0,7097.0,7097.0,,-9.276,36.759,,,,1.0,,,,,,,,,,3581.0,3610.0,0.0,0.0,29.0,0.0,29.0,0.0,29.0,0.0,0.0,0.0,0.0,0.0,0.0,0.0,0.0,0.0,battery2_v
2020-11-25T17:00:00Z,29.0,29.0,,,,,426.345,437.0,,,,12.46,12.474,,,,7097.0,7097.0,7097.0,,-9.241,35.828,,,,1.0,,,,,,,,,,3611.0,3639.0,0.0,0.0,29.0,0.0,29.0,0.0,29.0,0.0,0.0,0.0,0.0,0.0,0.0,0.0,0.0,0.0,battery2_v
2020-11-25T18:00:00Z,29.0,29.0,,,,,420.483,437.0,,,,12.455,12.469,,,,7097.0,7097.0,7097.0,,-9.276,37.897,,,,1.0,,,,,,,,,,3640.0,3669.0,0.0,0.0,29.0,0.0,29.0,0.0,29.0,0.0,0.0,0.0,0.0,0.0,0.0,0.0,0.0,0.0,battery2_v
2020-11-25T19:00:00Z,29.0,29.0,,,,,428.759,437.0,,,,12.45,12.464,,,,7097.0,7097.0,7097.0,,-9.207,37.586,,,,1.0,,,,,,,,,,3670.0,3699.0,0.0,0.0,29.0,0.0,29.0,0.0,29.0,0.0,0.0,0.0,0.0,0.0,0.0,0.0,0.0,0.0,battery2_v
2020-11-25T20:00:00Z,30.0,30.0,,,,,433.0,437.0,,,,12.45,12.464,,,,7097.0,7097.0,7097.0,,-9.033,41.767,,,,1.0,,,,,,,,,,3700.0,3729.0,0.0,0.0,30.0,0.0,30.0,0.0,30.0,0.0,0.0,2.0,0.0,0.0,0.0,0.0,0.0,0.0,battery2_v
2020-11-25T21:00:00Z,30.0,30.0,,,,,437.4,449.0,,,,12.445,12.46,,,,7097.0,7097.0,7097.0,,-8.967,42.933,,,,1.0,,,,,,,,,,3730.0,3759.0,0.0,0.0,30.0,0.0,30.0,0.0,30.0,0.0,0.0,2.0,0.0,0.0,0.0,0.0,0.0,0.0,battery2_v
2020-11-25T22:00:00Z,30.0,30.0,,,,,606.7,1595.0,,,,12.445,12.455,,,,7097.0,7097.0,7097.0,,-8.833,44.0,,,,1.0,,,,,,,,,,3760.0,3789.0,0.0,0.0,30.0,0.0,30.0,0.0,30.0,0.0,0.0,4.0,0.0,0.0,0.0,0.0,0.0,0.0,battery2_v
2020-11-25T23:00:00Z,30.0,30.0,,,,,5956.267,14126.0,,,,12.313,12.45,,,,7097.0,7097.0,7097.0,,-14.5,33.6,,,,1.0,,,,,,,,,,3790.0,3819.0,0.0,0.0,30.0,0.0,30.0,0.0,30.0,0.0,3.0,1.0,0.0,0.0,0.0,0.0,0.0,0.0,battery2_v
2020-11-26T00:00:00Z,30.0,30.0,,,,,11976.0,13494.0,,,,12.398,12.469,,,,7097.0,7097.0,7097.0,,-10.25,31.833,,,,1.0,,,,,,,,,,3820.0,3849.0,0.0,0.0,30.0,0.0,30.0,0.0,30.0,0.0,0.0,0.0,0.0,0.0,0.0,0.0,0.0,0.0,battery2_v
2020-11-26T01:00:00Z,30.0,30.0,,,,,9941.3,13927.0,,,,12.436,12.597,,,,7097.0,7097.0,7097.0,,8.6,55.6,,,,1.0,,,,,,,,,,3850.0,3879.0,0.0,0.0,30.0,0.0,30.0,0.0,30.0,0.0,0.0,15.0,0.0,0.0,0.0,0.0,0.0,0.0,battery2_v
2020-11-26T02:00:00Z,29.0,29.0,,,,,13218.31,13260.0,,,,12.559,12.62,,,,7097.0,7097.0,7097.0,,27.241,68.517,,,,1.0,,,,,,,,,,3880.0,3908.0,0.0,0.0,29.0,0.0,29.0,0.0,29.0,0.0,0.0,26.0,0.0,0.0,0.0,0.0,0.0,0.0,battery2_v
2020-11-26T03:00:00Z,30.0,30.0,,,,,13215.8,13927.0,,,,12.568,12.682,,,,7097.0,7097.0,7097.0,,35.733,70.833,,,,1.0,,,,,,,,,,3909.0,3938.0,0.0,0.0,30.0,0.0,30.0,0.0,30.0,0.0,0.0,30.0,0.0,0.0,0.0,0.0,0.0,0.0,battery2_v
2020-11-26T04:00:00Z,30.0,30.0,,,,,13178.867,13880.0,,,,12.564,12.701,,,,7097.0,7097.0,7097.0,,29.2,56.967,,,,1.0,,,,,,,,,,3939.0,3968.0,0.0,0.0,30.0,0.0,30.0,0.0,30.0,0.0,2.0,20.0,0.0,0.0,0.0,0.0,0.0,0.0,battery2_v
2020-11-26T05:00:00Z,30.0,30.0,,,,,13224.067,13939.0,,,,12.55,12.663,,,,7097.0,7097.0,7097.0,,26.133,50.367,,,,1.0,,,,,,,,,,3969.0,3998.0,0.0,0.0,30.0,0.0,30.0,0.0,30.0,0.0,0.0,16.0,0.0,0.0,0.0,0.0,0.0,0.0,battery2_v
2020-11-26T06:00:00Z,30.0,30.0,,,,,13163.567,13237.0,,,,12.573,12.734,,,,7097.0,7097.0,7097.0,,23.467,42.467,,,,1.0,,,,,,,,,,3999.0,4028.0,0.0,0.0,30.0,0.0,30.0,0.0,30.0,0.0,2.0,9.0,0.0,0.0,0.0,0.0,0.0,0.0,battery2_v
2020-11-26T07:00:00Z,30.0,30.0,,,,,13147.967,13272.0,,,,12.54,12.739,,,,7097.0,7097.0,7097.0,,27.0,44.733,,,,1.0,,,,,,,,,,4029.0,4058.0,0.0,0.0,30.0,0.0,30.0,0.0,30.0,0.0,3.0,10.0,0.0,0.0,0.0,0.0,0.0,0.0,battery2_v
2020-11-26T08:00:00Z,30.0,30.0,,,,,13116.467,13892.0,,,,12.441,12.531,,,,7097.0,7097.0,7097.0,,-11.767,1.533,,,,1.0,,,,,,,,,,4059.0,4088.0,0.0,0.0,30.0,0.0,30.0,0.0,30.0,0.0,0.0,0.0,0.0,0.0,0.0,0.0,0.0,0.0,battery2_v
2020-11-26T09:00:00Z,30.0,30.0,,,,,9647.6,13471.0,,,,12.417,12.469,,,,7097.0,7097.0,7097.0,,-17.5,-0.367,,,,1.0,,,,,,,,,,4089.0,4118.0,0.0,0.0,30.0,0.0,30.0,0.0,30.0,0.0,0.0,0.0,0.0,0.0,0.0,0.0,0.0,0.0,battery2_v
2020-11-26T10:00:00Z,30.0,30.0,,,,,1644.733,6322.0,,,,12.436,12.445,,,,7097.0,7097.0,7097.0,,-11.033,13.533,,,,1.0,,,,,,,,,,4119.0,4148.0,0.0,0.0,30.0,0.0,30.0,0.0,30.0,0.0,0.0,0.0,0.0,0.0,0.0,0.0,0.0,0.0,battery2_v
2020-11-26T11:00:00Z,30.0,30.0,,,,,472.0,484.0,,,,12.427,12.441,,,,7097.0,7097.0,7097.0,,-10.867,16.033,,,,1.0,,,,,,,,,,4149.0,4178.0,0.0,0.0,30.0,0.0,30.0,0.0,30.0,0.0,0.0,0.0,0.0,0.0,0.0,0.0,0.0,0.0,battery2_v
2020-11-26T12:00:00Z,30.0,30.0,,,,,477.6,496.0,,,,12.427,12.441,,,,7097.0,7097.0,7097.0,,-10.567,19.333,,,,1.0,,,,,,,,,,4179.0,4208.0,0.0,0.0,30.0,0.0,30.0,0.0,30.0,0.0,0.0,0.0,0.0,0.0,0.0,0.0,0.0,0.0,battery2_v
2020-11-26T13:00:00Z,29.0,29.0,,,,,494.069,531.0,,,,12.427,12.436,,,,7097.0,7097.0,7097.0,,-9.276,34.034,,,,1.0,,,,,,,,,,4209.0,4237.0,0.0,0.0,29.0,0.0,29.0,0.0,29.0,0.0,0.0,5.0,0.0,0.0,0.0,0.0,0.0,0.0,battery2_v
2020-11-26T14:00:00Z,30.0,30.0,,,,,514.333,542.0,,,,12.422,12.436,,,,7097.0,7097.0,7097.0,,-5.233,87.8,,,,1.0,,,,,,,,,,4238.0,4267.0,0.0,0.0,30.0,0.0,30.0,0.0,30.0,0.0,0.0,30.0,0.0,0.0,0.0,0.0,0.0,0.0,battery2_v
2020-11-26T15:00:00Z,30.0,30.0,,,,,526.5,542.0,,,,12.417,12.427,,,,7097.0,7097.0,7097.0,,-6.0,79.933,,,,1.0,,,,,,,,,,4268.0,4297.0,0.0,0.0,30.0,0.0,30.0,0.0,30.0,0.0,0.0,30.0,0.0,0.0,0.0,0.0,0.0,0.0,battery2_v
2020-11-26T16:00:00Z,30.0,30.0,,,,,512.233,519.0,,,,12.417,12.427,,,,7097.0,7097.0,7097.0,,-7.867,53.9,,,,1.0,,,,,,,,,,4298.0,4327.0,0.0,0.0,30.0,0.0,30.0,0.0,30.0,0.0,0.0,19.0,0.0,0.0,0.0,0.0,0.0,0.0,battery2_v
2020-11-26T17:00:00Z,30.0,30.0,,,,,518.2,531.0,,,,12.412,12.422,,,,7097.0,7097.0,7097.0,,-8.133,52.1,,,,1.0,,,,,,,,,,4328.0,4357.0,0.0,0.0,30.0,0.0,30.0,0.0,30.0,0.0,0.0,18.0,0.0,0.0,0.0,0.0,0.0,0.0,battery2_v
2020-11-26T18:00:00Z,30.0,30.0,,,,,520.567,542.0,,,,12.408,12.422,,,,7097.0,7097.0,7097.0,,-8.233,52.133,,,,1.0,,,,,,,,,,4358.0,4387.0,0.0,0.0,30.0,0.0,30.0,0.0,30.0,0.0,0.0,17.0,0.0,0.0,0.0,0.0,0.0,0.0,battery2_v
2020-11-26T19:00:00Z,29.0,29.0,,,,,524.345,542.0,,,,12.408,12.422,,,,7097.0,7097.0,7097.0,,-8.034,54.759,,,,1.0,,,,,,,,,,4388.0,4417.0,0.0,0.0,29.0,0.0,29.0,0.0,29.0,0.0,0.0,19.0,0.0,0.0,0.0,0.0,0.0,0.0,battery2_v
2020-11-26T20:00:00Z,30.0,30.0,,,,,530.433,554.0,,,,12.408,12.417,,,,7097.0,7097.0,7097.0,,-8.033,54.9,,,,1.0,,,,,,,,,,4418.0,4447.0,0.0,0.0,30.0,0.0,30.0,0.0,30.0,0.0,0.0,25.0,0.0,0.0,0.0,0.0,0.0,0.0,battery2_v
2020-11-26T21:00:00Z,29.0,29.0,,,,,541.034,554.0,,,,12.403,12.412,,,,7097.0,7097.0,7097.0,,-8.034,54.345,,,,1.0,,,,,,,,,,4448.0,4476.0,0.0,0.0,29.0,0.0,29.0,0.0,29.0,0.0,0.0,22.0,0.0,0.0,0.0,0.0,0.0,0.0,battery2_v
2020-11-26T22:00:00Z,30.0,30.0,,,,,749.433,1818.0,,,,12.403,12.412,,,,7097.0,7097.0,7097.0,,-8.0,56.7,,,,1.0,,,,,,,,,,4477.0,4506.0,0.0,0.0,30.0,0.0,30.0,0.0,30.0,0.0,0.0,24.0,0.0,0.0,0.0,0.0,0.0,0.0,battery2_v
2020-11-26T23:00:00Z,29.0,29.0,,,,,4743.448,13623.0,,,,12.27,12.412,,,,7097.0,7097.0,7097.0,,-16.0,44.241,,,,1.0,,,,,,,,,,4507.0,4536.0,0.0,0.0,29.0,0.0,29.0,0.0,29.0,0.0,4.0,15.0,0.0,0.0,0.0,0.0,0.0,0.0,battery2_v
2020-11-27T00:00:00Z,30.0,30.0,,,,,9896.9,14091.0,,,,12.398,12.436,,,,7097.0,7097.0,7097.0,,-2.0,78.433,,,,1.0,,,,,,,,,,4537.0,4566.0,0.0,0.0,30.0,0.0,30.0,0.0,30.0,0.0,0.0,30.0,0.0,0.0,0.0,0.0,0.0,0.0,battery2_v
2020-11-27T01:00:00Z,30.0,30.0,,,,,13443.1,13471.0,,,,12.417,12.469,,,,7097.0,7097.0,7097.0,,7.967,86.933,,,,1.0,,,,,,,,,,4567.0,4596.0,0.0,0.0,30.0,0.0,30.0,0.0,30.0,0.0,0.0,30.0,0.0,0.0,0.0,0.0,0.0,0.0,battery2_v
2020-11-27T02:00:00Z,29.0,29.0,,,,,13416.724,13447.0,,,,12.431,12.493,,,,7097.0,7097.0,7097.0,,11.966,74.207,,,,1.0,,,,,,,,,,4597.0,4626.0,0.0,0.0,29.0,0.0,29.0,0.0,29.0,0.0,0.0,29.0,0.0,0.0,0.0,0.0,0.0,0.0,battery2_v
2020-11-27T03:00:00Z,30.0,30.0,,,,,13373.433,13424.0,,,,12.46,12.502,,,,7097.0,7097.0,7097.0,,16.833,67.033,,,,1.0,,,,,,,,,,4627.0,4656.0,0.0,0.0,30.0,0.0,30.0,0.0,30.0,0.0,0.0,28.0,0.0,0.0,0.0,0.0,0.0,0.0,battery2_v
2020-11-27T04:00:00Z,29.0,29.0,,,,,13430.552,13447.0,,,,12.436,12.455,,,,7097.0,7097.0,7097.0,,7.517,48.103,,,,1.0,,,,,,,,,,4657.0,4685.0,0.0,0.0,29.0,0.0,29.0,0.0,29.0,0.0,0.0,9.0,0.0,0.0,0.0,0.0,0.0,0.0,battery2_v
2020-11-27T05:00:00Z,30.0,30.0,,,,,13410.8,14044.0,,,,12.45,12.493,,,,7097.0,7097.0,7097.0,,15.4,51.333,,,,1.0,,,,,,,,,,4686.0,4715.0,0.0,0.0,30.0,0.0,30.0,0.0,30.0,0.0,0.0,15.0,0.0,0.0,0.0,0.0,0.0,0.0,battery2_v
2020-11-27T06:00:00Z,30.0,30.0,,,,,13437.067,14056.0,,,,12.455,12.497,,,,7097.0,7097.0,7097.0,,13.267,48.667,,,,1.0,,,,,,,,,,4716.0,4745.0,0.0,0.0,30.0,0.0,30.0,0.0,30.0,0.0,0.0,9.0,0.0,0.0,0.0,0.0,0.0,0.0,battery2_v
2020-11-27T07:00:00Z,29.0,29.0,,,,,13425.759,13483.0,,,,12.408,12.474,,,,7097.0,7097.0,7097.0,,9.556,85.517,,,,1.0,,,,,,,,,,4746.0,4775.0,0.0,0.0,29.0,0.0,29.0,0.0,29.0,0.0,0.0,29.0,0.0,0.0,0.0,0.0,0.0,0.0,battery2_v
2020-11-27T08:00:00Z,30.0,30.0,,,,,13085.267,13529.0,,,,12.365,12.422,,,,7097.0,7097.0,7097.0,,-6.222,48.5,,,,1.0,,,,,,,,,,4776.0,4805.0,0.0,0.0,30.0,0.0,30.0,0.0,30.0,0.0,0.0,12.0,0.0,0.0,0.0,0.0,0.0,0.0,battery2_v
2020-11-27T09:00:00Z,30.0,30.0,,,,,11678.233,13541.0,,,,12.341,12.393,,,,7097.0,7097.0,7097.0,,-16.8,49.667,,,,1.0,,,,,,,,,,4806.0,4835.0,0.0,0.0,30.0,0.0,30.0,0.0,30.0,0.0,0.0,14.0,0.0,0.0,0.0,0.0,0.0,0.0,battery2_v
2020-11-27T10:00:00Z,28.0,28.0,,,,,1624.607,5293.0,,,,12.374,12.393,,,,7097.0,7097.0,7097.0,,-4.214,98.036,,,,1.0,,,,,,,,,,4836.0,4865.0,0.0,0.0,28.0,0.0,28.0,0.0,28.0,0.0,0.0,28.0,0.0,0.0,0.0,0.0,0.0,0.0,battery2_v
2020-11-27T11:00:00Z,29.0,29.0,,,,,625.345,636.0,,,,12.37,12.384,,,,7097.0,7097.0,7097.0,,-6.0,79.862,,,,1.0,,,,,,,,,,4866.0,4894.0,0.0,0.0,29.0,0.0,29.0,0.0,29.0,0.0,0.0,29.0,0.0,0.0,0.0,0.0,0.0,0.0,battery2_v
2020-11-27T12:00:00Z,29.0,29.0,,,,,623.103,648.0,,,,12.36,12.379,,,,7097.0,7097.0,7097.0,,-7.586,61.379,,,,1.0,,,,,,,,,,4895.0,4924.0,0.0,0.0,29.0,0.0,29.0,0.0,29.0,0.0,0.0,27.0,0.0,0.0,0.0,0.0,0.0,0.0,battery2_v
2020-11-27T13:00:00Z,30.0,30.0,,,,,641.567,659.0,,,,12.36,12.379,,,,7097.0,7097.0,7097.0,,-5.7,83.7,,,,1.0,,,,,,,,,,4925.0,4954.0,0.0,0.0,30.0,0.0,30.0,0.0,30.0,0.0,0.0,30.0,0.0,0.0,0.0,0.0,0.0,0.0,battery2_v
2020-11-27T14:00:00Z,30.0,30.0,,,,,646.633,659.0,,,,12.36,12.374,,,,7097.0,7097.0,7097.0,,-6.6,73.033,,,,1.0,,,,,,,,,,4955.0,4984.0,0.0,0.0,30.0,0.0,30.0,0.0,30.0,0.0,0.0,30.0,0.0,0.0,0.0,0.0,0.0,0.0,battery2_v
2020-11-27T15:00:00Z,30.0,30.0,,,,,652.4,659.0,,,,12.356,12.37,,,,7097.0,7097.0,7097.0,,-7.867,58.1,,,,1.0,,,,,,,,,,4985.0,5014.0,0.0,0.0,30.0,0.0,30.0,0.0,30.0,0.0,0.0,25.0,0.0,0.0,0.0,0.0,0.0,0.0,battery2_v
2020-11-27T16:00:00Z,30.0,30.0,,,,,653.567,671.0,,,,12.356,12.365,,,,7097.0,7097.0,7097.0,,-7.433,63.5,,,,1.0,,,,,,,,,,5015.0,5044.0,0.0,0.0,30.0,0.0,30.0,0.0,30.0,0.0,0.0,28.0,0.0,0.0,0.0,0.0,0.0,0.0,battery2_v
2020-11-27T17:00:00Z,29.0,29.0,,,,,647.0,659.0,,,,12.351,12.365,,,,7097.0,7097.0,7097.0,,-8.103,52.034,,,,1.0,,,,,,,,,,5045.0,5074.0,0.0,0.0,29.0,0.0,29.0,0.0,29.0,0.0,0.0,17.0,0.0,0.0,0.0,0.0,0.0,0.0,battery2_v
2020-11-27T18:00:00Z,29.0,29.0,,,,,644.621,659.0,,,,12.351,12.365,,,,7097.0,7097.0,7097.0,,-8.0,56.379,,,,1.0,,,,,,,,,,5075.0,5103.0,0.0,0.0,29.0,0.0,29.0,0.0,29.0,0.0,0.0,25.0,0.0,0.0,0.0,0.0,0.0,0.0,battery2_v
2020-11-27T19:00:00Z,30.0,30.0,,,,,647.5,659.0,,,,12.351,12.36,,,,7097.0,7097.0,7097.0,,-7.933,58.367,,,,1.0,,,,,,,,,,5104.0,5133.0,0.0,0.0,30.0,0.0,30.0,0.0,30.0,0.0,0.0,28.0,0.0,0.0,0.0,0.0,0.0,0.0,battery2_v
2020-11-27T20:00:00Z,29.0,29.0,,,,,654.517,671.0,,,,12.346,12.36,,,,7097.0,7097.0,7097.0,,-8.0,58.793,,,,1.0,,,,,,,,,,5134.0,5163.0,0.0,0.0,29.0,0.0,29.0,0.0,29.0,0.0,0.0,25.0,0.0,0.0,0.0,0.0,0.0,0.0,battery2_v
2020-11-27T21:00:00Z,30.0,30.0,,,,,659.933,671.0,,,,12.346,12.356,,,,7097.0,7097.0,7097.0,,-7.733,64.1,,,,1.0,,,,,,,,,,5164.0,5193.0,0.0,0.0,30.0,0.0,30.0,0.0,30.0,0.0,0.0,30.0,0.0,0.0,0.0,0.0,0.0,0.0,battery2_v
2020-11-27T22:00:00Z,29.0,29.0,,,,,898.069,2028.0,,,,12.337,12.356,,,,7097.0,7097.0,7097.0,,-7.724,61.828,,,,1.0,,,,,,,,,,5195.0,5223.0,0.0,0.0,29.0,0.0,29.0,0.0,29.0,0.0,0.0,26.0,0.0,0.0,0.0,0.0,0.0,0.0,battery2_v
2020-11-27T23:00:00Z,30.0,30.0,,,,,6778.033,13705.0,,,,12.209,12.351,,,,7097.0,7097.0,7097.0,,-20.867,44.633,,,,1.0,,,,,,,,,,5224.0,5253.0,0.0,0.0,30.0,0.0,30.0,0.0,30.0,0.0,7.0,21.0,0.0,0.0,0.0,0.0,0.0,0.0,battery2_v
2020-11-28T00:00:00Z,30.0,30.0,,,,,7844.733,13553.0,,,,12.332,12.351,,,,7097.0,7097.0,7097.0,,-7.867,56.7,,,,1.0,,,,,,,,,,5254.0,5283.0,0.0,0.0,30.0,0.0,30.0,0.0,30.0,0.0,0.0,25.0,0.0,0.0,0.0,0.0,0.0,0.0,battery2_v
2020-11-28T01:00:00Z,30.0,30.0,,,,,13530.033,14126.0,,,,12.351,12.422,,,,7097.0,7097.0,7097.0,,7.214,59.2,,,,1.0,,,,,,,,,,5284.0,5313.0,0.0,0.0,30.0,0.0,30.0,0.0,30.0,0.0,0.0,24.0,0.0,0.0,0.0,0.0,0.0,0.0,battery2_v
2020-11-28T02:00:00Z,30.0,30.0,,,,,13500.233,14114.0,,,,12.398,12.422,,,,7097.0,7097.0,7097.0,,15.633,90.667,,,,1.0,,,,,,,,,,5314.0,5343.0,0.0,0.0,30.0,0.0,30.0,0.0,30.0,0.0,0.0,30.0,0.0,0.0,0.0,0.0,0.0,0.0,battery2_v
2020-11-28T03:00:00Z,28.0,28.0,,,,,13431.964,14056.0,,,,12.427,12.512,,,,7097.0,7097.0,7097.0,,31.286,86.357,,,,1.0,,,,,,,,,,5345.0,5372.0,0.0,0.0,28.0,0.0,28.0,0.0,28.0,0.0,0.0,28.0,0.0,0.0,0.0,0.0,0.0,0.0,battery2_v
2020-11-28T04:00:00Z,30.0,30.0,,,,,13509.933,14103.0,,,,12.403,12.445,,,,7097.0,7097.0,7097.0,,11.633,55.033,,,,1.0,,,,,,,,,,5373.0,5402.0,0.0,0.0,30.0,0.0,30.0,0.0,30.0,0.0,0.0,20.0,0.0,0.0,0.0,0.0,0.0,0.0,battery2_v
2020-11-28T05:00:00Z,30.0,30.0,,,,,13447.3,14091.0,,,,12.422,12.502,,,,7097.0,7097.0,7097.0,,25.433,66.433,,,,1.0,,,,,,,,,,5403.0,5432.0,0.0,0.0,30.0,0.0,30.0,0.0,30.0,0.0,0.0,30.0,0.0,0.0,0.0,0.0,0.0,0.0,battery2_v
2020-11-28T06:00:00Z,28.0,28.0,,,,,13333.75,13377.0,,,,12.483,12.545,,,,7097.0,7097.0,7097.0,,32.143,67.786,,,,1.0,,,,,,,,,,5433.0,5462.0,0.0,0.0,28.0,0.0,28.0,0.0,28.0,0.0,0.0,27.0,0.0,0.0,0.0,0.0,0.0,0.0,battery2_v
2020-11-28T07:00:00Z,30.0,30.0,,,,,13430.3,14068.0,,,,12.441,12.493,,,,7097.0,7097.0,7097.0,,16.767,43.667,,,,1.0,,,,,,,,,,5463.0,5492.0,0.0,0.0,30.0,0.0,30.0,0.0,30.0,0.0,0.0,4.0,0.0,0.0,0.0,0.0,0.0,0.0,battery2_v
2020-11-28T08:00:00Z,30.0,30.0,,,,,13486.867,13541.0,,,,12.351,12.464,,,,7097.0,7097.0,7097.0,,0.107,25.333,,,,1.0,,,,,,,,,,5493.0,5522.0,0.0,0.0,30.0,0.0,30.0,0.0,30.0,0.0,0.0,0.0,0.0,0.0,0.0,0.0,0.0,0.0,battery2_v
2020-11-28T09:00:00Z,28.0,28.0,,,,,11639.0,13600.0,,,,12.289,12.341,,,,7097.0,7097.0,7097.0,,-22.571,-0.607,,,,1.0,,,,,,,,,,5524.0,5551.0,0.0,0.0,28.0,0.0,28.0,0.0,28.0,0.0,1.0,0.0,0.0,0.0,0.0,0.0,0.0,0.0,battery2_v
2020-11-28T10:00:00Z,30.0,30.0,,,,,1826.2,5608.0,,,,12.327,12.341,,,,7097.0,7097.0,7097.0,,-10.567,22.567,,,,1.0,,,,,,,,,,5552.0,5581.0,0.0,0.0,30.0,0.0,30.0,0.0,30.0,0.0,0.0,0.0,0.0,0.0,0.0,0.0,0.0,0.0,battery2_v
2020-11-28T11:00:00Z,30.0,30.0,,,,,706.4,730.0,,,,12.322,12.332,,,,7097.0,7097.0,7097.0,,-10.4,24.4,,,,1.0,,,,,,,,,,5582.0,5611.0,0.0,0.0,30.0,0.0,30.0,0.0,30.0,0.0,0.0,0.0,0.0,0.0,0.0,0.0,0.0,0.0,battery2_v
2020-11-28T12:00:00Z,30.0,30.0,,,,,721.2,730.0,,,,12.318,12.332,,,,7097.0,7097.0,7097.0,,-10.167,23.867,,,,1.0,,,,,,,,,,5612.0,5641.0,0.0,0.0,30.0,0.0,30.0,0.0,30.0,0.0,0.0,0.0,0.0,0.0,0.0,0.0,0.0,0.0,battery2_v
2020-11-28T13:00:00Z,29.0,29.0,,,,,726.483,741.0,,,,12.318,12.327,,,,7097.0,7097.0,7097.0,,-10.207,23.103,,,,1.0,,,,,,,,,,5642.0,5671.0,0.0,0.0,29.0,0.0,29.0,0.0,29.0,0.0,0.0,0.0,0.0,0.0,0.0,0.0,0.0,0.0,battery2_v
2020-11-28T14:00:00Z,30.0,30.0,,,,,754.2,765.0,,,,12.313,12.327,,,,7097.0,7097.0,7097.0,,-8.533,48.7,,,,1.0,,,,,,,,,,5672.0,5701.0,0.0,0.0,30.0,0.0,30.0,0.0,30.0,0.0,0.0,12.0,0.0,0.0,0.0,0.0,0.0,0.0,battery2_v
2020-11-28T15:00:00Z,30.0,30.0,,,,,759.267,776.0,,,,12.308,12.322,,,,7097.0,7097.0,7097.0,,-6.833,71.867,,,,1.0,,,,,,,,,,5702.0,5731.0,0.0,0.0,30.0,0.0,30.0,0.0,30.0,0.0,0.0,29.0,0.0,0.0,0.0,0.0,0.0,0.0,battery2_v
2020-11-28T16:00:00Z,30.0,30.0,,,,,756.2,765.0,,,,12.304,12.322,,,,7097.0,7097.0,7097.0,,-8.433,50.233,,,,1.0,,,,,,,,,,5732.0,5761.0,0.0,0.0,30.0,0.0,30.0,0.0,30.0,0.0,0.0,14.0,0.0,0.0,0.0,0.0,0.0,0.0,battery2_v
2020-11-28T17:00:00Z,29.0,29.0,,,,,755.448,776.0,,,,12.299,12.313,,,,7097.0,7097.0,7097.0,,-8.828,45.276,,,,1.0,,,,,,,,,,5762.0,5790.0,0.0,0.0,29.0,0.0,29.0,0.0,29.0,0.0,0.0,7.0,0.0,0.0,0.0,0.0,0.0,0.0,battery2_v
2020-11-28T18:00:00Z,30.0,30.0,,,,,760.533,776.0,,,,12.299,12.313,,,,7097.0,7097.0,7097.0,,-9.0,43.733,,,,1.0,,,,,,,,,,5791.0,5820.0,0.0,0.0,30.0,0.0,30.0,0.0,30.0,0.0,0.0,2.0,0.0,0.0,0.0,0.0,0.0,0.0,battery2_v
2020-11-28T19:00:00Z,30.0,30.0,,,,,767.533,776.0,,,,12.299,12.308,,,,7097.0,7097.0,7097.0,,-9.033,41.8,,,,1.0,,,,,,,,,,5821.0,5850.0,0.0,0.0,30.0,0.0,30.0,0.0,30.0,0.0,0.0,1.0,0.0,0.0,0.0,0.0,0.0,0.0,battery2_v
2020-11-28T20:00:00Z,30.0,30.0,,,,,771.333,788.0,,,,12.294,12.308,,,,7097.0,7097.0,7097.0,,-9.033,45.067,,,,1.0,,,,,,,,,,5851.0,5880.0,0.0,0.0,30.0,0.0,30.0,0.0,30.0,0.0,0.0,6.0,0.0,0.0,0.0,0.0,0.0,0.0,battery2_v
2020-11-28T21:00:00Z,30.0,30.0,,,,,777.0,788.0,,,,12.289,12.304,,,,7097.0,7097.0,7097.0,,-8.967,44.033,,,,1.0,,,,,,,,,,5881.0,5910.0,0.0,0.0,30.0,0.0,30.0,0.0,30.0,0.0,0.0,3.0,0.0,0.0,0.0,0.0,0.0,0.0,battery2_v
2020-11-28T22:00:00Z,30.0,30.0,,,,,872.133,1408.0,,,,12.289,12.304,,,,7097.0,7097.0,7097.0,,-8.533,51.033,,,,1.0,,,,,,,,,,5911.0,5940.0,0.0,0.0,30.0,0.0,30.0,0.0,30.0,0.0,0.0,15.0,0.0,0.0,0.0,0.0,0.0,0.0,battery2_v
2020-11-28T23:00:00Z,30.0,30.0,,,,,6216.867,13763.0,,,,12.162,12.322,,,,7097.0,7097.0,7097.0,,-17.4,49.4,,,,0.567,,,,,,,,,,5941.0,5970.0,0.0,0.0,30.0,0.0,30.0,0.0,30.0,0.0,5.0,18.0,0.0,0.0,0.0,0.0,0.0,0.0,battery2_v
2020-11-29T00:00:00Z,30.0,30.0,,,,,5162.767,13600.0,,,,12.289,12.322,,,,7097.0,7097.0,7097.0,,-1.75,72.267,,,,0.0,,,,,,,,,,5971.0,6000.0,0.0,0.0,30.0,0.0,30.0,0.0,30.0,0.0,0.0,30.0,0.0,0.0,0.0,0.0,0.0,0.0,battery2_v
2020-11-29T01:00:00Z,30.0,30.0,,,,,13530.167,14161.0,,,,12.294,12.455,,,,7097.0,7097.0,7097.0,,18.367,89.2,,,,0.0,,,,,,,,,,6001.0,6030.0,0.0,0.0,30.0,0.0,30.0,0.0,30.0,0.0,0.0,30.0,0.0,0.0,0.0,0.0,0.0,0.0,battery2_v
2020-11-29T02:00:00Z,29.0,29.0,,,,,13428.379,14091.0,,,,12.417,12.531,,,,7097.0,7097.0,7097.0,,37.345,114.517,,,,0.0,,,,,,,,,,6031.0,6060.0,0.0,0.0,29.0,0.0,29.0,0.0,29.0,0.0,5.0,29.0,0.0,0.0,0.0,0.0,0.0,0.0,battery2_v
2020-11-29T03:00:00Z,28.0,28.0,,,,,13396.929,13483.0,,,,12.412,12.516,,,,7097.0,7097.0,7097.0,,33.143,142.464,,,,0.0,,,,,,,,,,6061.0,6089.0,0.0,0.0,28.0,0.0,28.0,0.0,28.0,0.0,1.0,28.0,0.0,0.0,0.0,0.0,0.0,0.0,battery2_v
2020-11-29T04:00:00Z,30.0,30.0,,,,,13339.733,14021.0,,,,12.488,12.535,,,,7097.0,7097.0,7097.0,,42.767,136.033,,,,0.0,,,,,,,,,,6090.0,6119.0,0.0,0.0,30.0,0.0,30.0,0.0,30.0,0.0,0.0,30.0,0.0,0.0,0.0,0.0,0.0,0.0,battery2_v
2020-11-29T05:00:00Z,30.0,30.0,,,,,13391.3,14056.0,,,,12.431,12.531,,,,7097.0,7097.0,7097.0,,28.4,106.133,,,,0.0,,,,,,,,,,6120.0,6149.0,0.0,0.0,30.0,0.0,30.0,0.0,30.0,0.0,0.0,30.0,0.0,0.0,0.0,0.0,0.0,0.0,battery2_v
2020-11-29T06:00:00Z,30.0,30.0,,,,,13281.367,13354.0,,,,12.507,12.573,,,,7097.0,7097.0,7097.0,,40.1,111.367,,,,0.0,,,,,,,,,,6150.0,6179.0,0.0,0.0,30.0,0.0,30.0,0.0,30.0,0.0,1.0,30.0,0.0,0.0,0.0,0.0,0.0,0.0,battery2_v
2020-11-29T07:00:00Z,30.0,30.0,,,,,13428.367,13506.0,,,,12.374,12.488,,,,7097.0,7097.0,7097.0,,14.143,76.767,,,,0.0,,,,,,,,,,6180.0,6209.0,0.0,0.0,30.0,0.0,30.0,0.0,30.0,0.0,0.0,29.0,0.0,0.0,0.0,0.0,0.0,0.0,battery2_v
2020-11-29T08:00:00Z,29.0,29.0,,,,,13529.759,13564.0,,,,12.313,12.389,,,,7097.0,7097.0,7097.0,,-5.607,53.897,,,,0.0,,,,,,,,,,6210.0,6239.0,0.0,0.0,29.0,0.0,29.0,0.0,29.0,0.0,0.0,17.0,0.0,0.0,0.0,0.0,0.0,0.0,battery2_v
2020-11-29T09:00:00Z,29.0,29.0,,,,,10510.655,13600.0,,,,12.275,12.327,,,,7097.0,7097.0,7097.0,,-14.955,48.241,,,,0.0,,,,,,,,,,6240.0,6268.0,0.0,0.0,29.0,0.0,29.0,0.0,29.0,0.0,0.0,9.0,0.0,0.0,0.0,0.0,0.0,0.0,battery2_v
2020-11-29T10:00:00Z,29.0,29.0,,,,,1638.034,5374.0,,,,12.313,12.327,,,,7097.0,7097.0,7097.0,,-0.2,70.0,,,,0.0,,,,,,,,,,6270.0,6298.0,0.0,0.0,29.0,0.0,29.0,0.0,29.0,0.0,0.0,29.0,0.0,0.0,0.0,0.0,0.0,0.0,battery2_v
2020-11-29T11:00:00Z,30.0,30.0,,,,,749.1,776.0,,,,12.308,12.322,,,,7097.0,7097.0,7097.0,,0.0,77.633,,,,0.0,,,,,,,,,,6299.0,6328.0,0.0,0.0,30.0,0.0,30.0,0.0,30.0,0.0,0.0,30.0,0.0,0.0,0.0,0.0,0.0,0.0,battery2_v
2020-11-29T12:00:00Z,29.0,29.0,,,,,762.345,776.0,,,,12.308,12.322,,,,7097.0,7097.0,7097.0,,1.828,117.586,,,,0.0,,,,,,,,,,6329.0,6358.0,0.0,0.0,29.0,0.0,29.0,0.0,29.0,0.0,0.0,29.0,0.0,0.0,0.0,0.0,0.0,0.0,battery2_v
2020-11-29T13:00:00Z,30.0,30.0,,,,,794.367,811.0,,,,12.294,12.313,,,,7097.0,7097.0,7097.0,,1.4,112.033,,,,0.0,,,,,,,,,,6359.0,6388.0,0.0,0.0,30.0,0.0,30.0,0.0,30.0,0.0,0.0,30.0,0.0,0.0,0.0,0.0,0.0,0.0,battery2_v
2020-11-29T14:00:00Z,30.0,30.0,,,,,799.033,811.0,,,,12.299,12.313,,,,7097.0,7097.0,7097.0,,0.233,96.8,,,,0.0,,,,,,,,,,6389.0,6418.0,0.0,0.0,30.0,0.0,30.0,0.0,30.0,0.0,0.0,30.0,0.0,0.0,0.0,0.0,0.0,0.0,battery2_v
2020-11-29T15:00:00Z,29.0,29.0,,,,,798.483,823.0,,,,12.289,12.304,,,,7097.0,7097.0,7097.0,,0.414,97.379,,,,0.0,,,,,,,,,,6419.0,6448.0,0.0,0.0,29.0,0.0,29.0,0.0,29.0,0.0,0.0,29.0,0.0,0.0,0.0,0.0,0.0,0.0,battery2_v
2020-11-29T16:00:00Z,29.0,29.0,,,,,787.172,800.0,,,,12.289,12.299,,,,7097.0,7097.0,7097.0,,0.0,90.621,,,,0.0,,,,,,,,,,6449.0,6477.0,0.0,0.0,29.0,0.0,29.0,0.0,29.0,0.0,0.0,29.0,0.0,0.0,0.0,0.0,0.0,0.0,battery2_v
2020-11-29T17:00:00Z,29.0,29.0,,,,,789.586,811.0,,,,12.289,12.304,,,,7097.0,7097.0,7097.0,,0.0,85.655,,,,0.0,,,,,,,,,,6478.0,6507.0,0.0,0.0,29.0,0.0,29.0,0.0,29.0,0.0,0.0,29.0,0.0,0.0,0.0,0.0,0.0,0.0,battery2_v
2020-11-29T18:00:00Z,30.0,30.0,,,,,792.767,811.0,,,,12.285,12.304,,,,7097.0,7097.0,7097.0,,0.0,89.4,,,,0.0,,,,,,,,,,6508.0,6537.0,0.0,0.0,30.0,0.0,30.0,0.0,30.0,0.0,0.0,30.0,0.0,0.0,0.0,0.0,0.0,0.0,battery2_v
2020-11-29T19:00:00Z,30.0,30.0,,,,,806.3,823.0,,,,12.28,12.294,,,,7097.0,7097.0,7097.0,,0.0,87.633,,,,0.0,,,,,,,,,,6538.0,6567.0,0.0,0.0,30.0,0.0,30.0,0.0,30.0,0.0,0.0,30.0,0.0,0.0,0.0,0.0,0.0,0.0,battery2_v
2020-11-29T20:00:00Z,30.0,30.0,,,,,796.767,811.0,,,,12.285,12.294,,,,7097.0,7097.0,7097.0,,0.0,90.133,,,,0.0,,,,,,,,,,6568.0,6597.0,0.0,0.0,30.0,0.0,30.0,0.0,30.0,0.0,0.0,30.0,0.0,0.0,0.0,0.0,0.0,0.0,battery2_v
2020-11-29T21:00:00Z,30.0,30.0,,,,,801.0,811.0,,,,12.28,12.294,,,,7097.0,7097.0,7097.0,,0.0,94.267,,,,0.0,,,,,,,,,,6598.0,6627.0,0.0,0.0,30.0,0.0,30.0,0.0,30.0,0.0,0.0,30.0,0.0,0.0,0.0,0.0,0.0,0.0,battery2_v
2020-11-29T22:00:00Z,30.0,30.0,,,,,960.4,1841.0,,,,12.28,12.289,,,,7097.0,7097.0,7097.0,,0.0,93.933,,,,0.0,,,,,,,,,,6628.0,6657.0,0.0,0.0,30.0,0.0,30.0,0.0,30.0,0.0,0.0,30.0,0.0,0.0,0.0,0.0,0.0,0.0,battery2_v
2020-11-29T23:00:00Z,30.0,30.0,,,,,7629.8,13775.0,,,,12.143,12.285,,,,7097.0,7097.0,7097.0,,-18.533,69.0,,,,0.0,,,,,,,,,,6658.0,6687.0,0.0,0.0,30.0,0.0,30.0,0.0,30.0,0.0,10.0,20.0,0.0,0.0,0.0,0.0,0.0,0.0,battery2_v
2020-11-30T00:00:00Z,30.0,30.0,,,,,6294.733,13623.0,,,,12.27,12.285,,,,7097.0,7097.0,7097.0,,0.138,88.767,,,,0.0,,,,,,,,,,6688.0,6717.0,0.0,0.0,30.0,0.0,30.0,0.0,30.0,0.0,0.0,30.0,0.0,0.0,0.0,0.0,0.0,0.0,battery2_v
2020-11-30T01:00:00Z,30.0,30.0,,,,,13574.5,14208.0,,,,12.289,12.374,,,,7097.0,7097.0,7097.0,,15.2,100.633,,,,0.0,,,,,,,,,,6718.0,6747.0,0.0,0.0,30.0,0.0,30.0,0.0,30.0,0.0,0.0,30.0,0.0,0.0,0.0,0.0,0.0,0.0,battery2_v
2020-11-30T02:00:00Z,28.0,28.0,,,,,13505.893,14114.0,,,,12.341,12.436,,,,7097.0,7097.0,7097.0,,32.5,104.107,,,,0.0,,,,,,,,,,6748.0,6776.0,0.0,0.0,28.0,0.0,28.0,0.0,28.0,0.0,0.0,28.0,0.0,0.0,0.0,0.0,0.0,0.0,battery2_v
2020-11-30T03:00:00Z,30.0,30.0,,,,,13498.933,14091.0,,,,12.37,12.455,,,,7097.0,7097.0,7097.0,,26.067,92.733,,,,0.0,,,,,,,,,,6777.0,6806.0,0.0,0.0,30.0,0.0,30.0,0.0,30.0,0.0,0.0,30.0,0.0,0.0,0.0,0.0,0.0,0.0,battery2_v
2020-11-30T04:00:00Z,30.0,30.0,,,,,13468.867,13506.0,,,,12.384,12.436,,,,7097.0,7097.0,7097.0,,28.267,92.8,,,,0.0,,,,,,,,,,6807.0,6836.0,0.0,0.0,30.0,0.0,30.0,0.0,30.0,0.0,0.0,30.0,0.0,0.0,0.0,0.0,0.0,0.0,battery2_v
2020-11-30T05:00:00Z,30.0,30.0,,,,,13487.467,14126.0,,,,12.356,12.45,,,,7097.0,7097.0,7097.0,,24.733,86.5,,,,0.0,,,,,,,,,,6837.0,6866.0,0.0,0.0,30.0,0.0,30.0,0.0,30.0,0.0,0.0,30.0,0.0,0.0,0.0,0.0,0.0,0.0,battery2_v
2020-11-30T06:00:00Z,30.0,30.0,,,,,13478.167,14114.0,,,,12.393,12.46,,,,7097.0,7097.0,7097.0,,27.1,87.533,,,,0.0,,,,,,,,,,6867.0,6896.0,0.0,0.0,30.0,0.0,30.0,0.0,30.0,0.0,0.0,30.0,0.0,0.0,0.0,0.0,0.0,0.0,battery2_v
2020-11-30T07:00:00Z,30.0,30.0,,,,,13536.033,14138.0,,,,12.37,12.417,,,,7097.0,7097.0,7097.0,,19.133,114.767,,,,0.0,,,,,,,,,,6897.0,6926.0,0.0,0.0,30.0,0.0,30.0,0.0,30.0,0.0,0.0,30.0,0.0,0.0,0.0,0.0,0.0,0.0,battery2_v
2020-11-30T08:00:00Z,30.0,30.0,,,,,13536.0,13564.0,,,,12.313,12.389,,,,7097.0,7097.0,7097.0,,8.393,85.1,,,,0.0,,,,,,,,,,6927.0,6956.0,0.0,0.0,30.0,0.0,30.0,0.0,30.0,0.0,0.0,30.0,0.0,0.0,0.0,0.0,0.0,0.0,battery2_v
2020-11-30T09:00:00Z,30.0,30.0,,,,,13390.467,13658.0,,,,12.247,12.308,,,,7097.0,7097.0,7097.0,,-12.929,49.8,,,,0.0,,,,,,,,,,6957.0,6986.0,0.0,0.0,30.0,0.0,30.0,0.0,30.0,0.0,0.0,12.0,0.0,0.0,0.0,0.0,0.0,0.0,battery2_v
2020-11-30T10:00:00Z,30.0,30.0,,,,,2122.6,13658.0,,,,12.247,12.289,,,,7097.0,7097.0,7097.0,,-0.32,87.9,,,,0.0,,,,,,,,,,6987.0,7016.0,0.0,0.0,30.0,0.0,30.0,0.0,30.0,0.0,0.0,29.0,0.0,0.0,0.0,0.0,0.0,0.0,battery2_v
2020-11-30T11:00:00Z,30.0,30.0,,,,,834.567,858.0,,,,12.27,12.285,,,,7097.0,7097.0,7097.0,,2.133,122.333,,,,0.0,,,,,,,,,,7017.0,7046.0,0.0,0.0,30.0,0.0,30.0,0.0,30.0,0.0,0.0,30.0,0.0,0.0,0.0,0.0,0.0,0.0,battery2_v
2020-11-30T12:00:00Z,30.0,30.0,,,,,843.333,858.0,,,,12.27,12.28,,,,7097.0,7097.0,7097.0,,0.6,104.2,,,,0.0,,,,,,,,,,7047.0,7076.0,0.0,0.0,30.0,0.0,30.0,0.0,30.0,0.0,0.0,30.0,0.0,0.0,0.0,0.0,0.0,0.0,battery2_v
2020-11-30T13:00:00Z,28.0,28.0,,,,,838.0,847.0,,,,12.266,12.275,,,,7097.0,7097.0,7097.0,,0.25,100.929,,,,0.0,,,,,,,,,,7077.0,7105.0,0.0,0.0,28.0,0.0,28.0,0.0,28.0,0.0,0.0,28.0,0.0,0.0,0.0,0.0,0.0,0.0,battery2_v
2020-11-30T14:00:00Z,30.0,30.0,,,,,852.167,882.0,,,,12.266,12.275,,,,7097.0,7097.0,7097.0,,0.233,99.0,,,,0.0,,,,,,,,,,7106.0,7135.0,0.0,0.0,30.0,0.0,30.0,0.0,30.0,0.0,0.0,30.0,0.0,0.0,0.0,0.0,0.0,0.0,battery2_v
2020-11-30T15:00:00Z,29.0,29.0,,,,,858.966,870.0,,,,12.261,12.275,,,,7097.0,7097.0,7097.0,,2.31,126.069,,,,0.0,,,,,,,,,,7137.0,7165.0,0.0,0.0,29.0,0.0,29.0,0.0,29.0,0.0,0.0,29.0,0.0,0.0,0.0,0.0,0.0,0.0,battery2_v
2020-11-30T16:00:00Z,28.0,28.0,,,,,848.857,882.0,,,,12.261,12.275,,,,7097.0,7097.0,7097.0,,1.571,117.821,,,,0.0,,,,,,,,,,7166.0,7195.0,0.0,0.0,28.0,0.0,28.0,0.0,28.0,0.0,0.0,28.0,0.0,0.0,0.0,0.0,0.0,0.0,battery2_v
2020-11-30T17:00:00Z,30.0,30.0,,,,,857.9,870.0,,,,12.256,12.27,,,,7097.0,7097.0,7097.0,,0.9,108.0,,,,0.0,,,,,,,,,,7196.0,7225.0,0.0,0.0,30.0,0.0,30.0,0.0,30.0,0.0,0.0,30.0,0.0,0.0,0.0,0.0,0.0,0.0,battery2_v
2020-11-30T18:00:00Z,29.0,29.0,,,,,862.207,882.0,,,,12.256,12.266,,,,7097.0,7097.0,7097.0,,0.69,102.793,,,,0.0,,,,,,,,,,7226.0,7254.0,0.0,0.0,29.0,0.0,29.0,0.0,29.0,0.0,0.0,29.0,0.0,0.0,0.0,0.0,0.0,0.0,battery2_v
2020-11-30T19:00:00Z,30.0,30.0,,,,,860.5,882.0,,,,12.251,12.27,,,,7097.0,7097.0,7097.0,,0.7,103.667,,,,0.0,,,,,,,,,,7255.0,7284.0,0.0,0.0,30.0,0.0,30.0,0.0,30.0,0.0,0.0,30.0,0.0,0.0,0.0,0.0,0.0,0.0,battery2_v
2020-11-30T20:00:00Z,30.0,30.0,,,,,868.0,882.0,,,,12.251,12.261,,,,7097.0,7097.0,7097.0,,0.567,101.467,,,,0.0,,,,,,,,,,7285.0,7314.0,0.0,0.0,30.0,0.0,30.0,0.0,30.0,0.0,0.0,30.0,0.0,0.0,0.0,0.0,0.0,0.0,battery2_v
2020-11-30T21:00:00Z,30.0,30.0,,,,,875.167,893.0,,,,12.247,12.261,,,,7097.0,7097.0,7097.0,,0.333,100.433,,,,0.0,,,,,,,,,,7315.0,7344.0,0.0,0.0,30.0,0.0,30.0,0.0,30.0,0.0,0.0,30.0,0.0,0.0,0.0,0.0,0.0,0.0,battery2_v
2020-11-30T22:00:00Z,30.0,30.0,,,,,1100.533,2309.0,,,,12.247,12.261,,,,7097.0,7097.0,7097.0,,0.367,98.067,,,,0.0,,,,,,,,,,7345.0,7374.0,0.0,0.0,30.0,0.0,30.0,0.0,30.0,0.0,0.0,30.0,0.0,0.0,0.0,0.0,0.0,0.0,battery2_v
2020-11-30T23:00:00Z,30.0,30.0,,,,,6058.867,13822.0,,,,12.114,12.256,,,,7097.0,7097.0,7097.0,,-10.767,85.433,,,,0.0,,,,,,,,,,7375.0,7404.0,0.0,0.0,30.0,0.0,30.0,0.0,30.0,0.0,6.0,24.0,0.0,0.0,0.0,0.0,0.0,0.0,battery2_v
2020-12-01T00:00:00Z,30.0,30.0,,,,,4338.633,13658.0,,,,12.247,12.256,,,,7097.0,7097.0,7097.0,,0.633,100.967,,,,0.0,,,,,,,,,,7405.0,7434.0,0.0,0.0,30.0,0.0,30.0,0.0,30.0,0.0,0.0,30.0,0.0,0.0,0.0,0.0,0.0,0.0,battery2_v
2020-12-01T01:00:00Z,29.0,29.0,,,,,13631.069,14255.0,,,,12.251,12.351,,,,7097.0,7097.0,7097.0,,17.034,118.724,,,,0.0,,,,,,,,,,7435.0,7464.0,0.0,0.0,29.0,0.0,29.0,0.0,29.0,0.0,0.0,29.0,0.0,0.0,0.0,0.0,0.0,0.0,battery2_v
2020-12-01T02:00:00Z,29.0,29.0,,,,,13569.276,14196.0,,,,12.332,12.45,,,,7097.0,7097.0,7097.0,,40.0,145.276,,,,0.0,,,,,,,,,,7465.0,7493.0,0.0,0.0,29.0,0.0,29.0,0.0,29.0,0.0,2.0,29.0,0.0,0.0,0.0,0.0,0.0,0.0,battery2_v
2020-12-01T03:00:00Z,27.0,27.0,,,,,13438.667,14079.0,,,,12.422,12.54,,,,7097.0,7097.0,7097.0,,49.333,137.889,,,,0.0,,,,,,,,,,7495.0,7523.0,0.0,0.0,27.0,0.0,27.0,0.0,27.0,0.0,10.0,27.0,0.0,0.0,0.0,0.0,0.0,0.0,battery2_v
2020-12-01T04:00:00Z,30.0,30.0,,,,,13324.167,14009.0,,,,12.502,12.554,,,,7097.0,7097.0,7097.0,,54.867,137.233,,,,0.0,,,,,,,,,,7524.0,7553.0,0.0,0.0,30.0,0.0,30.0,0.0,30.0,0.0,24.0,30.0,0.0,0.0,0.0,0.0,0.0,0.0,battery2_v
2020-12-01T05:00:00Z,30.0,30.0,,,,,13302.0,13986.0,,,,12.483,12.573,,,,7097.0,7097.0,7097.0,,51.733,125.533,,,,0.0,,,,,,,,,,7554.0,7583.0,0.0,0.0,30.0,0.0,30.0,0.0,30.0,0.0,21.0,30.0,0.0,0.0,0.0,0.0,0.0,0.0,battery2_v
2020-12-01T06:00:00Z,30.0,30.0,,,,,13445.167,14114.0,,,,12.384,12.568,,,,7097.0,7097.0,7097.0,,25.733,92.6,,,,0.0,,,,,,,,,,7584.0,7613.0,0.0,0.0,30.0,0.0,30.0,0.0,30.0,0.0,5.0,30.0,0.0,0.0,0.0,0.0,0.0,0.0,battery2_v
2020-12-01T07:00:00Z,30.0,30.0,,,,,13451.7,14091.0,,,,12.408,12.479,,,,7097.0,7097.0,7097.0,,26.5,89.233,,,,0.0,,,,,,,,,,7614.0,7643.0,0.0,0.0,30.0,0.0,30.0,0.0,30.0,0.0,0.0,30.0,0.0,0.0,0.0,0.0,0.0,0.0,battery2_v
2020-12-01T08:00:00Z,30.0,30.0,,,,,13506.367,13553.0,,,,12.322,12.431,,,,7097.0,7097.0,7097.0,,9.966,89.133,,,,0.0,,,,,,,,,,7644.0,7673.0,0.0,0.0,30.0,0.0,30.0,0.0,30.0,0.0,0.0,30.0,0.0,0.0,0.0,0.0,0.0,0.0,battery2_v
2020-12-01T09:00:00Z,30.0,30.0,,,,,12866.0,14161.0,,,,12.275,12.346,,,,7097.0,7097.0,7097.0,,0.655,86.567,,,,0.0,,,,,,,,,,7674.0,7703.0,0.0,0.0,30.0,0.0,30.0,0.0,30.0,0.0,0.0,30.0,0.0,0.0,0.0,0.0,0.0,0.0,battery2_v
2020-12-01T10:00:00Z,30.0,30.0,,,,,1807.867,5632.0,,,,12.28,12.299,,,,7097.0,7097.0,7097.0,,0.0,78.933,,,,0.0,,,,,,,,,,7704.0,7733.0,0.0,0.0,30.0,0.0,30.0,0.0,30.0,0.0,0.0,30.0,0.0,0.0,0.0,0.0,0.0,0.0,battery2_v
2020-12-01T11:00:00Z,29.0,29.0,,,,,831.655,858.0,,,,12.27,12.285,,,,7097.0,7097.0,7097.0,,0.103,85.276,,,,0.0,,,,,,,,,,7734.0,7763.0,0.0,0.0,29.0,0.0,29.0,0.0,29.0,0.0,0.0,29.0,0.0,0.0,0.0,0.0,0.0,0.0,battery2_v
2020-12-01T12:00:00Z,28.0,28.0,,,,,871.679,893.0,,,,12.261,12.27,,,,7097.0,7097.0,7097.0,,0.143,94.571,,,,0.0,,,,,,,,,,7764.0,7792.0,0.0,0.0,28.0,0.0,28.0,0.0,28.0,0.0,0.0,28.0,0.0,0.0,0.0,0.0,0.0,0.0,battery2_v
2020-12-01T13:00:00Z,30.0,30.0,,,,,891.4,917.0,,,,12.251,12.266,,,,7097.0,7097.0,7097.0,,0.0,82.433,,,,0.0,,,,,,,,,,7793.0,7822.0,0.0,0.0,30.0,0.0,30.0,0.0,30.0,0.0,0.0,30.0,0.0,0.0,0.0,0.0,0.0,0.0,battery2_v
2020-12-01T14:00:00Z,29.0,29.0,,,,,890.448,905.0,,,,12.251,12.261,,,,7097.0,7097.0,7097.0,,0.0,84.724,,,,0.0,,,,,,,,,,7823.0,7852.0,0.0,0.0,29.0,0.0,29.0,0.0,29.0,0.0,0.0,29.0,0.0,0.0,0.0,0.0,0.0,0.0,battery2_v
2020-12-01T15:00:00Z,30.0,30.0,,,,,897.9,928.0,,,,12.242,12.251,,,,7097.0,7097.0,7097.0,,0.0,78.933,,,,0.0,,,,,,,,,,7853.0,7882.0,0.0,0.0,30.0,0.0,30.0,0.0,30.0,0.0,0.0,30.0,0.0,0.0,0.0,0.0,0.0,0.0,battery2_v
2020-12-01T16:00:00Z,30.0,30.0,,,,,893.633,917.0,,,,12.237,12.251,,,,7097.0,7097.0,7097.0,,0.0,79.467,,,,0.0,,,,,,,,,,7883.0,7912.0,0.0,0.0,30.0,0.0,30.0,0.0,30.0,0.0,0.0,30.0,0.0,0.0,0.0,0.0,0.0,0.0,battery2_v
2020-12-01T17:00:00Z,29.0,29.0,,,,,899.655,917.0,,,,12.237,12.247,,,,7097.0,7097.0,7097.0,,0.0,80.862,,,,0.0,,,,,,,,,,7913.0,7941.0,0.0,0.0,29.0,0.0,29.0,0.0,29.0,0.0,0.0,29.0,0.0,0.0,0.0,0.0,0.0,0.0,battery2_v
2020-12-01T18:00:00Z,30.0,30.0,,,,,909.733,928.0,,,,12.237,12.247,,,,7097.0,7097.0,7097.0,,0.0,82.433,,,,0.0,,,,,,,,,,7942.0,7971.0,0.0,0.0,30.0,0.0,30.0,0.0,30.0,0.0,0.0,30.0,0.0,0.0,0.0,0.0,0.0,0.0,battery2_v
2020-12-01T19:00:00Z,30.0,30.0,,,,,918.333,940.0,,,,12.228,12.242,,,,7097.0,7097.0,7097.0,,0.0,83.267,,,,0.0,,,,,,,,,,7972.0,8001.0,0.0,0.0,30.0,0.0,30.0,0.0,30.0,0.0,0.0,30.0,0.0,0.0,0.0,0.0,0.0,0.0,battery2_v
2020-12-01T20:00:00Z,30.0,30.0,,,,,924.1,940.0,,,,12.228,12.237,,,,7097.0,7097.0,7097.0,,0.0,83.467,,,,0.0,,,,,,,,,,8002.0,8031.0,0.0,0.0,30.0,0.0,30.0,0.0,30.0,0.0,0.0,30.0,0.0,0.0,0.0,0.0,0.0,0.0,battery2_v
2020-12-01T21:00:00Z,30.0,30.0,,,,,932.567,952.0,,,,12.223,12.237,,,,7097.0,7097.0,7097.0,,0.0,83.267,,,,0.0,,,,,,,,,,8032.0,8061.0,0.0,0.0,30.0,0.0,30.0,0.0,30.0,0.0,0.0,30.0,0.0,0.0,0.0,0.0,0.0,0.0,battery2_v
2020-12-01T22:00:00Z,30.0,30.0,,,,,1108.467,2075.0,,,,12.223,12.233,,,,7097.0,7097.0,7097.0,,0.0,89.033,,,,0.0,,,,,,,,,,8062.0,8091.0,0.0,0.0,30.0,0.0,30.0,0.0,30.0,0.0,0.0,30.0,0.0,0.0,0.0,0.0,0.0,0.0,battery2_v
2020-12-01T23:00:00Z,29.0,29.0,,,,,6305.724,13845.0,,,,12.091,12.233,,,,7097.0,7097.0,7097.0,,-13.621,70.931,,,,0.0,,,,,,,,,,8092.0,8121.0,0.0,0.0,29.0,0.0,29.0,0.0,29.0,0.0,7.0,22.0,0.0,0.0,0.0,0.0,0.0,0.0,battery2_v
2020-12-02T00:00:00Z,30.0,30.0,,,,,8050.233,13693.0,,,,12.218,12.251,,,,7097.0,7097.0,7097.0,,2.567,91.433,,,,0.0,,,,,,,,,,8122.0,8151.0,0.0,0.0,30.0,0.0,30.0,0.0,30.0,0.0,0.0,30.0,0.0,0.0,0.0,0.0,0.0,0.0,battery2_v
2020-12-02T01:00:00Z,30.0,30.0,,,,,13635.867,13681.0,,,,12.228,12.299,,,,7097.0,7097.0,7097.0,,12.8,118.9,,,,0.0,,,,,,,,,,8152.0,8181.0,0.0,0.0,30.0,0.0,30.0,0.0,30.0,0.0,0.0,30.0,0.0,0.0,0.0,0.0,0.0,0.0,battery2_v
2020-12-02T02:00:00Z,30.0,30.0,,,,,13637.767,14243.0,,,,12.242,12.304,,,,7097.0,7097.0,7097.0,,17.967,120.9,,,,0.0,,,,,,,,,,8182.0,8211.0,0.0,0.0,30.0,0.0,30.0,0.0,30.0,0.0,0.0,30.0,0.0,0.0,0.0,0.0,0.0,0.0,battery2_v
2020-12-02T03:00:00Z,29.0,29.0,,,,,13598.655,14243.0,,,,12.27,12.337,,,,7097.0,7097.0,7097.0,,21.966,104.724,,,,0.0,,,,,,,,,,8212.0,8240.0,0.0,0.0,29.0,0.0,29.0,0.0,29.0,0.0,0.0,29.0,0.0,0.0,0.0,0.0,0.0,0.0,battery2_v
2020-12-02T04:00:00Z,30.0,30.0,,,,,13630.067,14243.0,,,,12.237,12.346,,,,7097.0,7097.0,7097.0,,18.1,87.767,,,,0.0,,,,,,,,,,8241.0,8270.0,0.0,0.0,30.0,0.0,30.0,0.0,30.0,0.0,0.0,30.0,0.0,0.0,0.0,0.0,0.0,0.0,battery2_v
2020-12-02T05:00:00Z,30.0,30.0,,,,,13655.7,14255.0,,,,12.266,12.36,,,,7097.0,7097.0,7097.0,,16.0,77.467,,,,0.0,,,,,,,,,,8271.0,8300.0,0.0,0.0,30.0,0.0,30.0,0.0,30.0,0.0,0.0,30.0,0.0,0.0,0.0,0.0,0.0,0.0,battery2_v
2020-12-02T06:00:00Z,30.0,30.0,,,,,13662.7,14266.0,,,,12.223,12.27,,,,7097.0,7097.0,7097.0,,8.172,62.9,,,,0.0,,,,,,,,,,8301.0,8330.0,0.0,0.0,30.0,0.0,30.0,0.0,30.0,0.0,0.0,29.0,0.0,0.0,0.0,0.0,0.0,0.0,battery2_v
2020-12-02T07:00:00Z,30.0,30.0,,,,,13631.567,13705.0,,,,12.204,12.322,,,,7097.0,7097.0,7097.0,,11.533,58.333,,,,0.0,,,,,,,,,,8331.0,8360.0,0.0,0.0,30.0,0.0,30.0,0.0,30.0,0.0,0.0,24.0,0.0,0.0,0.0,0.0,0.0,0.0,battery2_v
2020-12-02T08:00:00Z,30.0,30.0,,,,,13663.033,14243.0,,,,12.209,12.356,,,,7097.0,7097.0,7097.0,,8.31,50.267,,,,0.0,,,,,,,,,,8361.0,8390.0,0.0,0.0,30.0,0.0,30.0,0.0,30.0,0.0,0.0,13.0,0.0,0.0,0.0,0.0,0.0,0.0,battery2_v
2020-12-02T09:00:00Z,30.0,30.0,,,,,13396.767,13752.0,,,,12.162,12.228,,,,7097.0,7097.0,7097.0,,-11.6,27.433,,,,0.0,,,,,,,,,,8391.0,8420.0,0.0,0.0,30.0,0.0,30.0,0.0,30.0,0.0,0.0,0.0,0.0,0.0,0.0,0.0,0.0,0.0,battery2_v
2020-12-02T10:00:00Z,30.0,30.0,,,,,3842.533,13752.0,,,,12.157,12.214,,,,7097.0,7097.0,7097.0,,-5.233,42.233,,,,0.0,,,,,,,,,,8421.0,8450.0,0.0,0.0,30.0,0.0,30.0,0.0,30.0,0.0,0.0,5.0,0.0,0.0,0.0,0.0,0.0,0.0,battery2_v
2020-12-02T11:00:00Z,30.0,30.0,,,,,971.8,987.0,,,,12.199,12.214,,,,7097.0,7097.0,7097.0,,-2.0,56.167,,,,0.0,,,,,,,,,,8451.0,8480.0,0.0,0.0,30.0,0.0,30.0,0.0,30.0,0.0,0.0,23.0,0.0,0.0,0.0,0.0,0.0,0.0,battery2_v
2020-12-02T12:00:00Z,30.0,30.0,,,,,988.567,1010.0,,,,12.199,12.209,,,,7097.0,7097.0,7097.0,,-2.0,55.2,,,,0.0,,,,,,,,,,8481.0,8510.0,0.0,0.0,30.0,0.0,30.0,0.0,30.0,0.0,0.0,23.0,0.0,0.0,0.0,0.0,0.0,0.0,battery2_v
2020-12-02T13:00:00Z,28.0,28.0,,,,,990.286,1022.0,,,,12.19,12.209,,,,7097.0,7097.0,7097.0,,-2.0,55.893,,,,0.0,,,,,,,,,,8511.0,8539.0,0.0,0.0,28.0,0.0,28.0,0.0,28.0,0.0,0.0,22.0,0.0,0.0,0.0,0.0,0.0,0.0,battery2_v
2020-12-02T14:00:00Z,30.0,30.0,,,,,1015.3,1034.0,,,,12.195,12.204,,,,7097.0,7097.0,7097.0,,-0.08,74.633,,,,0.0,,,,,,,,,,8540.0,8569.0,0.0,0.0,30.0,0.0,30.0,0.0,30.0,0.0,0.0,30.0,0.0,0.0,0.0,0.0,0.0,0.0,battery2_v
2020-12-02T15:00:00Z,30.0,30.0,,,,,1021.267,1034.0,,,,12.185,12.204,,,,7097.0,7097.0,7097.0,,-0.125,70.9,,,,0.0,,,,,,,,,,8570.0,8599.0,0.0,0.0,30.0,0.0,30.0,0.0,30.0,0.0,0.0,30.0,0.0,0.0,0.0,0.0,0.0,0.0,battery2_v
2020-12-02T16:00:00Z,30.0,30.0,,,,,1027.133,1045.0,,,,12.185,12.199,,,,7097.0,7097.0,7097.0,,-0.5,65.733,,,,0.0,,,,,,,,,,8600.0,8629.0,0.0,0.0,30.0,0.0,30.0,0.0,30.0,0.0,0.0,30.0,0.0,0.0,0.0,0.0,0.0,0.0,battery2_v
2020-12-02T17:00:00Z,29.0,29.0,,,,,1028.103,1057.0,,,,12.185,12.195,,,,7097.0,7097.0,7097.0,,0.0,69.207,,,,0.0,,,,,,,,,,8630.0,8659.0,0.0,0.0,29.0,0.0,29.0,0.0,29.0,0.0,0.0,29.0,0.0,0.0,0.0,0.0,0.0,0.0,battery2_v
2020-12-02T18:00:00Z,29.0,29.0,,,,,1020.759,1034.0,,,,12.181,12.199,,,,7097.0,7097.0,7097.0,,0.0,77.241,,,,0.0,,,,,,,,,,8660.0,8688.0,0.0,0.0,29.0,0.0,29.0,0.0,29.0,0.0,0.0,29.0,0.0,0.0,0.0,0.0,0.0,0.0,battery2_v
2020-12-02T19:00:00Z,29.0,29.0,,,,,1032.552,1045.0,,,,12.181,12.19,,,,7097.0,7097.0,7097.0,,0.0,79.724,,,,0.0,,,,,,,,,,8690.0,8718.0,0.0,0.0,29.0,0.0,29.0,0.0,29.0,0.0,0.0,29.0,0.0,0.0,0.0,0.0,0.0,0.0,battery2_v
2020-12-02T20:00:00Z,27.0,27.0,,,,,1034.296,1045.0,,,,12.181,12.19,,,,7097.0,7097.0,7097.0,,0.0,85.778,,,,0.0,,,,,,,,,,8719.0,8748.0,0.0,0.0,27.0,0.0,27.0,0.0,27.0,0.0,0.0,27.0,0.0,0.0,0.0,0.0,0.0,0.0,battery2_v
2020-12-02T21:00:00Z,30.0,30.0,,,,,1039.067,1057.0,,,,12.176,12.185,,,,7097.0,7097.0,7097.0,,0.0,90.833,,,,0.0,,,,,,,,,,8749.0,8778.0,0.0,0.0,30.0,0.0,30.0,0.0,30.0,0.0,0.0,30.0,0.0,0.0,0.0,0.0,0.0,0.0,battery2_v
2020-12-02T22:00:00Z,30.0,30.0,,,,,1265.967,2531.0,,,,12.171,12.181,,,,7097.0,7097.0,7097.0,,0.1,94.767,,,,0.0,,,,,,,,,,8779.0,8808.0,0.0,0.0,30.0,0.0,30.0,0.0,30.0,0.0,0.0,30.0,0.0,0.0,0.0,0.0,0.0,0.0,battery2_v
2020-12-02T23:00:00Z,30.0,30.0,,,,,6330.333,13892.0,,,,12.043,12.181,,,,7097.0,7097.0,7097.0,,-12.833,79.033,,,,0.0,,,,,,,,,,8809.0,8838.0,0.0,0.0,30.0,0.0,30.0,0.0,30.0,0.0,7.0,23.0,0.0,0.0,0.0,0.0,0.0,0.0,battery2_v
2020-12-03T00:00:00Z,30.0,30.0,,,,,3658.033,4146.0,,,,12.166,12.181,,,,7097.0,7097.0,7097.0,,0.1,96.533,,,,0.0,,,,,,,,,,8839.0,8868.0,0.0,0.0,30.0,0.0,30.0,0.0,30.0,0.0,0.0,30.0,0.0,0.0,0.0,0.0,0.0,0.0,battery2_v
2020-12-03T01:00:00Z,29.0,29.0,,,,,11750.517,13740.0,,,,12.162,12.275,,,,7097.0,7097.0,7097.0,,9.517,100.207,,,,0.0,,,,,,,,,,8869.0,8898.0,0.0,0.0,29.0,0.0,29.0,0.0,29.0,0.0,0.0,29.0,0.0,0.0,0.0,0.0,0.0,0.0,battery2_v
2020-12-03T02:00:00Z,29.0,29.0,,,,,13655.621,13670.0,,,,12.233,12.266,,,,7097.0,7097.0,7097.0,,19.621,95.621,,,,0.0,,,,,,,,,,8899.0,8928.0,0.0,0.0,29.0,0.0,29.0,0.0,29.0,0.0,0.0,29.0,0.0,0.0,0.0,0.0,0.0,0.0,battery2_v
2020-12-03T03:00:00Z,29.0,29.0,,,,,13631.621,13646.0,,,,12.261,12.275,,,,7097.0,7097.0,7097.0,,21.552,88.31,,,,0.0,,,,,,,,,,8929.0,8957.0,0.0,0.0,29.0,0.0,29.0,0.0,29.0,0.0,0.0,29.0,0.0,0.0,0.0,0.0,0.0,0.0,battery2_v
2020-12-03T04:00:00Z,30.0,30.0,,,,,13705.633,14290.0,,,,12.233,12.27,,,,7097.0,7097.0,7097.0,,15.933,72.533,,,,0.0,,,,,,,,,,8958.0,8987.0,0.0,0.0,30.0,0.0,30.0,0.0,30.0,0.0,0.0,30.0,0.0,0.0,0.0,0.0,0.0,0.0,battery2_v
2020-12-03T05:00:00Z,30.0,30.0,,,,,13684.433,13904.0,,,,12.228,12.247,,,,7097.0,7097.0,7097.0,,13.7,64.4,,,,0.0,,,,,,,,,,8988.0,9017.0,0.0,0.0,30.0,0.0,30.0,0.0,30.0,0.0,0.0,30.0,0.0,0.0,0.0,0.0,0.0,0.0,battery2_v
2020-12-03T06:00:00Z,30.0,30.0,,,,,13670.9,13705.0,,,,12.209,12.256,,,,7097.0,7097.0,7097.0,,14.3,61.267,,,,0.0,,,,,,,,,,9018.0,9047.0,0.0,0.0,30.0,0.0,30.0,0.0,30.0,0.0,0.0,27.0,0.0,0.0,0.0,0.0,0.0,0.0,battery2_v
2020-12-03T07:00:00Z,29.0,29.0,,,,,13694.276,13752.0,,,,12.162,12.247,,,,7097.0,7097.0,7097.0,,9.759,51.759,,,,0.0,,,,,,,,,,9048.0,9077.0,0.0,0.0,29.0,0.0,29.0,0.0,29.0,0.0,0.0,21.0,0.0,0.0,0.0,0.0,0.0,0.0,battery2_v
2020-12-03T08:00:00Z,30.0,30.0,,,,,13748.9,13775.0,,,,12.147,12.195,,,,7097.0,7097.0,7097.0,,-4.138,39.767,,,,0.0,,,,,,,,,,9078.0,9107.0,0.0,0.0,30.0,0.0,30.0,0.0,30.0,0.0,0.0,2.0,0.0,0.0,0.0,0.0,0.0,0.0,battery2_v
2020-12-03T09:00:00Z,30.0,30.0,,,,,10480.6,13810.0,,,,12.119,12.166,,,,7097.0,7097.0,7097.0,,-11.28,66.2,,,,0.0,,,,,,,,,,9108.0,9137.0,0.0,0.0,30.0,0.0,30.0,0.0,30.0,0.0,0.0,28.0,0.0,0.0,0.0,0.0,0.0,0.0,battery2_v
2020-12-03T10:00:00Z,30.0,30.0,,,,,2387.833,6942.0,,,,12.152,12.171,,,,7097.0,7097.0,7097.0,,-0.4,66.0,,,,0.0,,,,,,,,,,9138.0,9167.0,0.0,0.0,30.0,0.0,30.0,0.0,30.0,0.0,0.0,29.0,0.0,0.0,0.0,0.0,0.0,0.0,battery2_v
2020-12-03T11:00:00Z,28.0,28.0,,,,,1094.393,1116.0,,,,12.152,12.166,,,,7097.0,7097.0,7097.0,,-2.0,62.679,,,,0.0,,,,,,,,,,9168.0,9196.0,0.0,0.0,28.0,0.0,28.0,0.0,28.0,0.0,0.0,28.0,0.0,0.0,0.0,0.0,0.0,0.0,battery2_v
2020-12-03T12:00:00Z,30.0,30.0,,,,,1090.267,1104.0,,,,12.152,12.162,,,,7097.0,7097.0,7097.0,,-1.5,64.667,,,,0.0,,,,,,,,,,9197.0,9226.0,0.0,0.0,30.0,0.0,30.0,0.0,30.0,0.0,0.0,30.0,0.0,0.0,0.0,0.0,0.0,0.0,battery2_v
2020-12-03T13:00:00Z,30.0,30.0,,,,,1102.9,1127.0,,,,12.147,12.162,,,,7097.0,7097.0,7097.0,,-2.0,66.333,,,,0.0,,,,,,,,,,9227.0,9256.0,0.0,0.0,30.0,0.0,30.0,0.0,30.0,0.0,0.0,30.0,0.0,0.0,0.0,0.0,0.0,0.0,battery2_v
2020-12-03T14:00:00Z,30.0,30.0,,,,,1122.3,1139.0,,,,12.143,12.157,,,,7097.0,7097.0,7097.0,,-0.5,67.667,,,,0.0,,,,,,,,,,9257.0,9286.0,0.0,0.0,30.0,0.0,30.0,0.0,30.0,0.0,0.0,30.0,0.0,0.0,0.0,0.0,0.0,0.0,battery2_v
2020-12-03T15:00:00Z,30.0,30.0,,,,,1123.433,1151.0,,,,12.143,12.152,,,,7097.0,7097.0,7097.0,,0.0,70.133,,,,0.0,,,,,,,,,,9287.0,9316.0,0.0,0.0,30.0,0.0,30.0,0.0,30.0,0.0,0.0,30.0,0.0,0.0,0.0,0.0,0.0,0.0,battery2_v
2020-12-03T16:00:00Z,30.0,30.0,,,,,1128.3,1139.0,,,,12.143,12.152,,,,7097.0,7097.0,7097.0,,0.0,73.867,,,,0.0,,,,,,,,,,9317.0,9346.0,0.0,0.0,30.0,0.0,30.0,0.0,30.0,0.0,0.0,30.0,0.0,0.0,0.0,0.0,0.0,0.0,battery2_v
2020-12-03T17:00:00Z,30.0,30.0,,,,,1134.6,1151.0,,,,12.138,12.152,,,,7097.0,7097.0,7097.0,,0.0,81.333,,,,0.0,,,,,,,,,,9347.0,9376.0,0.0,0.0,30.0,0.0,30.0,0.0,30.0,0.0,0.0,30.0,0.0,0.0,0.0,0.0,0.0,0.0,battery2_v
2020-12-03T18:00:00Z,29.0,29.0,,,,,1134.862,1151.0,,,,12.133,12.147,,,,7097.0,7097.0,7097.0,,0.0,83.586,,,,0.0,,,,,,,,,,9377.0,9405.0,0.0,0.0,29.0,0.0,29.0,0.0,29.0,0.0,0.0,29.0,0.0,0.0,0.0,0.0,0.0,0.0,battery2_v
2020-12-03T19:00:00Z,29.0,29.0,,,,,1138.172,1151.0,,,,12.133,12.143,,,,7097.0,7097.0,7097.0,,0.0,88.034,,,,0.0,,,,,,,,,,9406.0,9435.0,0.0,0.0,29.0,0.0,29.0,0.0,29.0,0.0,0.0,29.0,0.0,0.0,0.0,0.0,0.0,0.0,battery2_v
2020-12-03T20:00:00Z,30.0,30.0,,,,,1144.2,1151.0,,,,12.128,12.143,,,,7097.0,7097.0,7097.0,,0.033,93.367,,,,0.0,,,,,,,,,,9436.0,9465.0,0.0,0.0,30.0,0.0,30.0,0.0,30.0,0.0,0.0,30.0,0.0,0.0,0.0,0.0,0.0,0.0,battery2_v
2020-12-03T21:00:00Z,30.0,30.0,,,,,1151.133,1174.0,,,,12.128,12.143,,,,7097.0,7097.0,7097.0,,0.467,101.5,,,,0.0,,,,,,,,,,9466.0,9495.0,0.0,0.0,30.0,0.0,30.0,0.0,30.0,0.0,0.0,30.0,0.0,0.0,0.0,0.0,0.0,0.0,battery2_v
2020-12-03T22:00:00Z,30.0,30.0,,,,,1432.733,3584.0,,,,12.124,12.138,,,,7097.0,7097.0,7097.0,,0.867,106.333,,,,0.0,,,,,,,,,,9496.0,9525.0,0.0,0.0,30.0,0.0,30.0,0.0,30.0,0.0,0.0,30.0,0.0,0.0,0.0,0.0,0.0,0.0,battery2_v
2020-12-03T23:00:00Z,29.0,29.0,,,,,7505.828,13939.0,,,,11.996,12.133,,,,7097.0,7097.0,7097.0,,-18.414,80.759,,,,0.0,,,,,,,,,,9526.0,9555.0,0.0,0.0,29.0,0.0,29.0,0.0,29.0,0.0,10.0,19.0,0.0,0.0,0.0,0.0,0.0,0.0,battery2_v
2020-12-04T00:00:00Z,30.0,30.0,,,,,4018.833,4567.0,,,,12.124,12.133,,,,7097.0,7097.0,7097.0,,0.967,108.767,,,,0.0,,,,,,,,,,9556.0,9585.0,0.0,0.0,30.0,0.0,30.0,0.0,30.0,0.0,0.0,30.0,0.0,0.0,0.0,0.0,0.0,0.0,battery2_v
2020-12-04T01:00:00Z,29.0,29.0,,,,,13130.345,13798.0,,,,12.124,12.214,,,,7097.0,7097.0,7097.0,,10.276,110.69,,,,0.0,,,,,,,,,,9586.0,9614.0,0.0,0.0,29.0,0.0,29.0,0.0,29.0,0.0,0.0,29.0,0.0,0.0,0.0,0.0,0.0,0.0,battery2_v
2020-12-04T02:00:00Z,30.0,30.0,,,,,13708.1,13728.0,,,,12.185,12.218,,,,7097.0,7097.0,7097.0,,21.233,110.467,,,,0.0,,,,,,,,,,9615.0,9644.0,0.0,0.0,30.0,0.0,30.0,0.0,30.0,0.0,0.0,30.0,0.0,0.0,0.0,0.0,0.0,0.0,battery2_v
2020-12-04T03:00:00Z,30.0,30.0,,,,,13689.4,13705.0,,,,12.209,12.233,,,,7097.0,7097.0,7097.0,,22.4,100.4,,,,0.0,,,,,,,,,,9645.0,9674.0,0.0,0.0,30.0,0.0,30.0,0.0,30.0,0.0,0.0,30.0,0.0,0.0,0.0,0.0,0.0,0.0,battery2_v
2020-12-04T04:00:00Z,30.0,30.0,,,,,13757.9,14348.0,,,,12.176,12.218,,,,7097.0,7097.0,7097.0,,14.8,85.833,,,,0.0,,,,,,,,,,9675.0,9704.0,0.0,0.0,30.0,0.0,30.0,0.0,30.0,0.0,0.0,30.0,0.0,0.0,0.0,0.0,0.0,0.0,battery2_v
2020-12-04T05:00:00Z,29.0,29.0,,,,,13764.276,14372.0,,,,12.157,12.181,,,,7097.0,7097.0,7097.0,,11.724,76.448,,,,0.0,,,,,,,,,,9705.0,9734.0,0.0,0.0,29.0,0.0,29.0,0.0,29.0,0.0,0.0,29.0,0.0,0.0,0.0,0.0,0.0,0.0,battery2_v
2020-12-04T06:00:00Z,30.0,30.0,,,,,13726.733,13752.0,,,,12.166,12.218,,,,7097.0,7097.0,7097.0,,18.1,114.367,,,,0.0,,,,,,,,,,9735.0,9764.0,0.0,0.0,30.0,0.0,30.0,0.0,30.0,0.0,0.0,30.0,0.0,0.0,0.0,0.0,0.0,0.0,battery2_v
2020-12-04T07:00:00Z,30.0,30.0,,,,,13770.267,14348.0,,,,12.171,12.195,,,,7097.0,7097.0,7097.0,,15.7,95.8,,,,0.0,,,,,,,,,,9765.0,9794.0,0.0,0.0,30.0,0.0,30.0,0.0,30.0,0.0,0.0,30.0,0.0,0.0,0.0,0.0,0.0,0.0,battery2_v
2020-12-04T08:00:00Z,30.0,30.0,,,,,13308.933,13822.0,,,,12.114,12.181,,,,7097.0,7097.0,7097.0,,2.207,69.7,,,,0.0,,,,,,,,,,9795.0,9824.0,0.0,0.0,30.0,0.0,30.0,0.0,30.0,0.0,0.0,29.0,0.0,0.0,0.0,0.0,0.0,0.0,battery2_v
2020-12-04T09:00:00Z,30.0,30.0,,,,,13167.1,13869.0,,,,12.072,12.119,,,,7097.0,7097.0,7097.0,,-11.345,63.333,,,,0.0,,,,,,,,,,9825.0,9854.0,0.0,0.0,30.0,0.0,30.0,0.0,30.0,0.0,0.0,25.0,0.0,0.0,0.0,0.0,0.0,0.0,battery2_v
2020-12-04T10:00:00Z,28.0,28.0,,,,,2957.071,13869.0,,,,12.076,12.124,,,,7097.0,7097.0,7097.0,,-10.5,67.464,,,,0.0,,,,,,,,,,9855.0,9883.0,0.0,0.0,28.0,0.0,28.0,0.0,28.0,0.0,0.0,28.0,0.0,0.0,0.0,0.0,0.0,0.0,battery2_v
2020-12-04T11:00:00Z,30.0,30.0,,,,,1204.6,1221.0,,,,12.11,12.124,,,,7097.0,7097.0,7097.0,,1.138,106.133,,,,0.0,,,,,,,,,,9884.0,9913.0,0.0,0.0,30.0,0.0,30.0,0.0,30.0,0.0,0.0,30.0,0.0,0.0,0.0,0.0,0.0,0.0,battery2_v
2020-12-04T12:00:00Z,30.0,30.0,,,,,1208.933,1221.0,,,,12.105,12.119,,,,7097.0,7097.0,7097.0,,0.6,104.7,,,,0.0,,,,,,,,,,9914.0,9943.0,0.0,0.0,30.0,0.0,30.0,0.0,30.0,0.0,0.0,30.0,0.0,0.0,0.0,0.0,0.0,0.0,battery2_v
2020-12-04T13:00:00Z,30.0,30.0,,,,,1201.667,1221.0,,,,12.105,12.114,,,,7097.0,7097.0,7097.0,,0.0,88.2,,,,0.0,,,,,,,,,,9944.0,9973.0,0.0,0.0,30.0,0.0,30.0,0.0,30.0,0.0,0.0,30.0,0.0,0.0,0.0,0.0,0.0,0.0,battery2_v
2020-12-04T14:00:00Z,30.0,30.0,,,,,1213.133,1221.0,,,,12.105,12.114,,,,7097.0,7097.0,7097.0,,0.0,86.767,,,,0.0,,,,,,,,,,9974.0,10003.0,0.0,0.0,30.0,0.0,30.0,0.0,30.0,0.0,0.0,30.0,0.0,0.0,0.0,0.0,0.0,0.0,battery2_v
2020-12-04T15:00:00Z,28.0,28.0,,,,,1226.464,1244.0,,,,12.105,12.11,,,,7097.0,7097.0,7097.0,,0.0,83.464,,,,0.0,,,,,,,,,,10004.0,10032.0,0.0,0.0,28.0,0.0,28.0,0.0,28.0,0.0,0.0,28.0,0.0,0.0,0.0,0.0,0.0,0.0,battery2_v
2020-12-04T16:00:00Z,30.0,30.0,,,,,1238.5,1256.0,,,,12.1,12.11,,,,7097.0,7097.0,7097.0,,0.0,82.667,,,,0.0,,,,,,,,,,10033.0,10062.0,0.0,0.0,30.0,0.0,30.0,0.0,30.0,0.0,0.0,30.0,0.0,0.0,0.0,0.0,0.0,0.0,battery2_v
2020-12-04T17:00:00Z,29.0,29.0,,,,,1237.138,1256.0,,,,12.1,12.105,,,,7097.0,7097.0,7097.0,,0.0,89.448,,,,0.0,,,,,,,,,,10063.0,10092.0,0.0,0.0,29.0,0.0,29.0,0.0,29.0,0.0,0.0,29.0,0.0,0.0,0.0,0.0,0.0,0.0,battery2_v
2020-12-04T18:00:00Z,30.0,30.0,,,,,1237.367,1256.0,,,,12.095,12.105,,,,7097.0,7097.0,7097.0,,0.0,92.533,,,,0.0,,,,,,,,,,10093.0,10122.0,0.0,0.0,30.0,0.0,30.0,0.0,30.0,0.0,0.0,30.0,0.0,0.0,0.0,0.0,0.0,0.0,battery2_v
2020-12-04T19:00:00Z,30.0,30.0,,,,,1233.067,1244.0,,,,12.091,12.105,,,,7097.0,7097.0,7097.0,,0.4,99.933,,,,0.0,,,,,,,,,,10123.0,10152.0,0.0,0.0,30.0,0.0,30.0,0.0,30.0,0.0,0.0,30.0,0.0,0.0,0.0,0.0,0.0,0.0,battery2_v
2020-12-04T20:00:00Z,30.0,30.0,,,,,1243.167,1268.0,,,,12.086,12.11,,,,7097.0,7097.0,7097.0,,0.567,101.767,,,,0.0,,,,,,,,,,10153.0,10182.0,0.0,0.0,30.0,0.0,30.0,0.0,30.0,0.0,0.0,30.0,0.0,0.0,0.0,0.0,0.0,0.0,battery2_v
2020-12-04T21:00:00Z,27.0,27.0,,,,,1248.963,1279.0,,,,12.091,12.105,,,,7097.0,7097.0,7097.0,,0.852,107.333,,,,0.0,,,,,,,,,,10183.0,10212.0,0.0,0.0,27.0,0.0,27.0,0.0,27.0,0.0,0.0,27.0,0.0,0.0,0.0,0.0,0.0,0.0,battery2_v
2020-12-04T22:00:00Z,28.0,28.0,,,,,1417.321,2321.0,,,,12.081,12.095,,,,7097.0,7097.0,7097.0,,0.929,109.0,,,,0.0,,,,,,,,,,10213.0,10241.0,0.0,0.0,28.0,0.0,28.0,0.0,28.0,0.0,0.0,28.0,0.0,0.0,0.0,0.0,0.0,0.0,battery2_v
2020-12-04T23:00:00Z,30.0,30.0,,,,,6749.2,13986.0,,,,11.958,12.091,,,,7097.0,7097.0,7097.0,,-12.467,88.767,,,,0.0,,,,,,,,,,10242.0,10271.0,0.0,0.0,30.0,0.0,30.0,0.0,30.0,0.0,7.0,23.0,0.0,0.0,0.0,0.0,0.0,0.0,battery2_v
2020-12-05T00:00:00Z,29.0,29.0,,,,,4091.103,4591.0,,,,12.081,12.091,,,,7097.0,7097.0,7097.0,,0.897,107.207,,,,0.0,,,,,,,,,,10272.0,10301.0,0.0,0.0,29.0,0.0,29.0,0.0,29.0,0.0,0.0,29.0,0.0,0.0,0.0,0.0,0.0,0.0,battery2_v
2020-12-05T01:00:00Z,30.0,30.0,,,,,13237.267,14395.0,,,,12.081,12.171,,,,7097.0,7097.0,7097.0,,9.7,108.333,,,,0.0,,,,,,,,,,10302.0,10331.0,0.0,0.0,30.0,0.0,30.0,0.0,30.0,0.0,0.0,30.0,0.0,0.0,0.0,0.0,0.0,0.0,battery2_v
2020-12-05T02:00:00Z,30.0,30.0,,,,,13756.233,13775.0,,,,12.138,12.181,,,,7097.0,7097.0,7097.0,,21.667,113.033,,,,0.0,,,,,,,,,,10332.0,10361.0,0.0,0.0,30.0,0.0,30.0,0.0,30.0,0.0,0.0,30.0,0.0,0.0,0.0,0.0,0.0,0.0,battery2_v
2020-12-05T03:00:00Z,29.0,29.0,,,,,13727.793,13740.0,,,,12.176,12.195,,,,7097.0,7097.0,7097.0,,26.138,113.069,,,,0.0,,,,,,,,,,10362.0,10391.0,0.0,0.0,29.0,0.0,29.0,0.0,29.0,0.0,0.0,29.0,0.0,0.0,0.0,0.0,0.0,0.0,battery2_v
2020-12-05T04:00:00Z,29.0,29.0,,,,,13756.897,14372.0,,,,12.162,12.19,,,,7097.0,7097.0,7097.0,,20.517,96.207,,,,0.0,,,,,,,,,,10392.0,10420.0,0.0,0.0,29.0,0.0,29.0,0.0,29.0,0.0,0.0,29.0,0.0,0.0,0.0,0.0,0.0,0.0,battery2_v
2020-12-05T05:00:00Z,30.0,30.0,,,,,13788.7,14372.0,,,,12.114,12.171,,,,7097.0,7097.0,7097.0,,13.6,82.233,,,,0.0,,,,,,,,,,10421.0,10450.0,0.0,0.0,30.0,0.0,30.0,0.0,30.0,0.0,0.0,29.0,0.0,0.0,0.0,0.0,0.0,0.0,battery2_v
2020-12-05T06:00:00Z,29.0,29.0,,,,,13792.345,14395.0,,,,12.119,12.195,,,,7097.0,7097.0,7097.0,,15.759,78.966,,,,0.0,,,,,,,,,,10451.0,10480.0,0.0,0.0,29.0,0.0,29.0,0.0,29.0,0.0,0.0,29.0,0.0,0.0,0.0,0.0,0.0,0.0,battery2_v
2020-12-05T07:00:00Z,30.0,30.0,,,,,13770.333,14360.0,,,,12.119,12.228,,,,7097.0,7097.0,7097.0,,17.367,76.567,,,,0.0,,,,,,,,,,10481.0,10510.0,0.0,0.0,30.0,0.0,30.0,0.0,30.0,0.0,0.0,29.0,0.0,0.0,0.0,0.0,0.0,0.0,battery2_v
2020-12-05T08:00:00Z,30.0,30.0,,,,,13834.967,13892.0,,,,12.048,12.166,,,,7097.0,7097.0,7097.0,,-0.414,55.733,,,,0.0,,,,,,,,,,10511.0,10540.0,0.0,0.0,30.0,0.0,30.0,0.0,30.0,0.0,0.0,15.0,0.0,0.0,0.0,0.0,0.0,0.0,battery2_v
2020-12-05T09:00:00Z,30.0,30.0,,,,,13541.067,13904.0,,,,12.029,12.086,,,,7097.0,7097.0,7097.0,,-10.5,65.033,,,,0.0,,,,,,,,,,10541.0,10570.0,0.0,0.0,30.0,0.0,30.0,0.0,30.0,0.0,0.0,26.0,0.0,0.0,0.0,0.0,0.0,0.0,battery2_v
2020-12-05T10:00:00Z,30.0,30.0,,,,,2805.5,13904.0,,,,12.029,12.081,,,,7097.0,7097.0,7097.0,,-1.417,74.1,,,,0.0,,,,,,,,,,10571.0,10600.0,0.0,0.0,30.0,0.0,30.0,0.0,30.0,0.0,0.0,30.0,0.0,0.0,0.0,0.0,0.0,0.0,battery2_v
2020-12-05T11:00:00Z,30.0,30.0,,,,,1314.733,1338.0,,,,12.062,12.076,,,,7097.0,7097.0,7097.0,,0.0,73.3,,,,0.0,,,,,,,,,,10601.0,10630.0,0.0,0.0,30.0,0.0,30.0,0.0,30.0,0.0,0.0,30.0,0.0,0.0,0.0,0.0,0.0,0.0,battery2_v
2020-12-05T12:00:00Z,28.0,28.0,,,,,1315.071,1338.0,,,,12.062,12.076,,,,7097.0,7097.0,7097.0,,0.0,72.286,,,,0.0,,,,,,,,,,10631.0,10659.0,0.0,0.0,28.0,0.0,28.0,0.0,28.0,0.0,0.0,28.0,0.0,0.0,0.0,0.0,0.0,0.0,battery2_v
2020-12-05T13:00:00Z,27.0,27.0,,,,,1319.444,1338.0,,,,12.058,12.072,,,,7097.0,7097.0,7097.0,,0.0,73.778,,,,0.0,,,,,,,,,,10660.0,10689.0,0.0,0.0,27.0,0.0,27.0,0.0,27.0,0.0,0.0,27.0,0.0,0.0,0.0,0.0,0.0,0.0,battery2_v
2020-12-05T14:00:00Z,29.0,29.0,,,,,1333.552,1361.0,,,,12.058,12.067,,,,7097.0,7097.0,7097.0,,0.0,72.793,,,,0.0,,,,,,,,,,10690.0,10718.0,0.0,0.0,29.0,0.0,29.0,0.0,29.0,0.0,0.0,29.0,0.0,0.0,0.0,0.0,0.0,0.0,battery2_v
2020-12-05T15:00:00Z,30.0,30.0,,,,,1346.633,1373.0,,,,12.053,12.067,,,,7097.0,7097.0,7097.0,,0.0,75.733,,,,0.0,,,,,,,,,,10719.0,10748.0,0.0,0.0,30.0,0.0,30.0,0.0,30.0,0.0,0.0,30.0,0.0,0.0,0.0,0.0,0.0,0.0,battery2_v
2020-12-05T16:00:00Z,30.0,30.0,,,,,1357.9,1385.0,,,,12.048,12.062,,,,7097.0,7097.0,7097.0,,0.0,80.8,,,,0.0,,,,,,,,,,10749.0,10778.0,0.0,0.0,30.0,0.0,30.0,0.0,30.0,0.0,0.0,30.0,0.0,0.0,0.0,0.0,0.0,0.0,battery2_v
2020-12-05T17:00:00Z,29.0,29.0,,,,,1360.586,1385.0,,,,12.048,12.062,,,,7097.0,7097.0,7097.0,,0.0,88.0,,,,0.0,,,,,,,,,,10779.0,10808.0,0.0,0.0,29.0,0.0,29.0,0.0,29.0,0.0,0.0,29.0,0.0,0.0,0.0,0.0,0.0,0.0,battery2_v
2020-12-05T18:00:00Z,30.0,30.0,,,,,1378.1,1396.0,,,,12.048,12.058,,,,7097.0,7097.0,7097.0,,0.0,91.067,,,,0.0,,,,,,,,,,10809.0,10838.0,0.0,0.0,30.0,0.0,30.0,0.0,30.0,0.0,0.0,30.0,0.0,0.0,0.0,0.0,0.0,0.0,battery2_v
2020-12-05T19:00:00Z,28.0,28.0,,,,,1384.714,1408.0,,,,12.043,12.058,,,,7097.0,7097.0,7097.0,,0.036,93.464,,,,0.0,,,,,,,,,,10839.0,10867.0,0.0,0.0,28.0,0.0,28.0,0.0,28.0,0.0,0.0,28.0,0.0,0.0,0.0,0.0,0.0,0.0,battery2_v
2020-12-05T20:00:00Z,30.0,30.0,,,,,1395.067,1420.0,,,,12.043,12.053,,,,7097.0,7097.0,7097.0,,0.0,96.0,,,,0.0,,,,,,,,,,10868.0,10897.0,0.0,0.0,30.0,0.0,30.0,0.0,30.0,0.0,0.0,30.0,0.0,0.0,0.0,0.0,0.0,0.0,battery2_v
2020-12-05T21:00:00Z,30.0,30.0,,,,,1402.4,1420.0,,,,12.039,12.048,,,,7097.0,7097.0,7097.0,,0.133,97.967,,,,0.0,,,,,,,,,,10898.0,10927.0,0.0,0.0,30.0,0.0,30.0,0.0,30.0,0.0,0.0,30.0,0.0,0.0,0.0,0.0,0.0,0.0,battery2_v
2020-12-05T22:00:00Z,30.0,30.0,,,,,1564.867,2590.0,,,,12.039,12.048,,,,7097.0,7097.0,7097.0,,0.267,101.233,,,,0.0,,,,,,,,,,10928.0,10957.0,0.0,0.0,30.0,0.0,30.0,0.0,30.0,0.0,0.0,30.0,0.0,0.0,0.0,0.0,0.0,0.0,battery2_v
2020-12-05T23:00:00Z,30.0,30.0,,,,,11551.1,14044.0,,,,11.906,12.043,,,,7097.0,7097.0,7097.0,,-21.4,72.133,,,,0.0,,,,,,,,,,10958.0,10987.0,0.0,0.0,30.0,0.0,30.0,0.0,30.0,0.0,9.0,21.0,0.0,0.0,0.0,0.0,0.0,0.0,battery2_v
2020-12-06T00:00:00Z,30.0,30.0,,,,,13920.2,13927.0,,,,11.991,12.029,,,,7097.0,7097.0,7097.0,,-9.433,85.133,,,,0.0,,,,,,,,,,10988.0,11017.0,0.0,0.0,30.0,0.0,30.0,0.0,30.0,0.0,0.0,30.0,0.0,0.0,0.0,0.0,0.0,0.0,battery2_v
2020-12-06T01:00:00Z,29.0,29.0,,,,,13881.586,13915.0,,,,12.02,12.124,,,,7097.0,7097.0,7097.0,,8.37,99.034,,,,0.0,,,,,,,,,,11018.0,11047.0,0.0,0.0,29.0,0.0,29.0,0.0,29.0,0.0,0.0,29.0,0.0,0.0,0.0,0.0,0.0,0.0,battery2_v
2020-12-06T02:00:00Z,29.0,29.0,,,,,13854.69,14489.0,,,,12.086,12.119,,,,7097.0,7097.0,7097.0,,20.172,133.414,,,,0.0,,,,,,,,,,11048.0,11076.0,0.0,0.0,29.0,0.0,29.0,0.0,29.0,0.0,0.0,29.0,0.0,0.0,0.0,0.0,0.0,0.0,battery2_v
2020-12-06T03:00:00Z,29.0,29.0,,,,,13822.069,14208.0,,,,12.114,12.128,,,,7097.0,7097.0,7097.0,,23.862,136.862,,,,0.0,,,,,,,,,,11077.0,11106.0,0.0,0.0,29.0,0.0,29.0,0.0,29.0,0.0,0.0,29.0,0.0,0.0,0.0,0.0,0.0,0.0,battery2_v
2020-12-06T04:00:00Z,30.0,30.0,,,,,13885.167,14489.0,,,,12.062,12.114,,,,7097.0,7097.0,7097.0,,15.4,111.867,,,,0.0,,,,,,,,,,11107.0,11136.0,0.0,0.0,30.0,0.0,30.0,0.0,30.0,0.0,0.0,30.0,0.0,0.0,0.0,0.0,0.0,0.0,battery2_v
2020-12-06T05:00:00Z,29.0,29.0,,,,,13919.172,14489.0,,,,12.062,12.138,,,,7097.0,7097.0,7097.0,,14.483,97.862,,,,0.0,,,,,,,,,,11137.0,11166.0,0.0,0.0,29.0,0.0,29.0,0.0,29.0,0.0,0.0,29.0,0.0,0.0,0.0,0.0,0.0,0.0,battery2_v
2020-12-06T06:00:00Z,29.0,29.0,,,,,13761.276,13904.0,,,,12.119,12.218,,,,7097.0,7097.0,7097.0,,32.241,135.207,,,,0.0,,,,,,,,,,11167.0,11196.0,0.0,0.0,29.0,0.0,29.0,0.0,29.0,0.0,2.0,29.0,0.0,0.0,0.0,0.0,0.0,0.0,battery2_v
2020-12-06T07:00:00Z,28.0,28.0,,,,,13766.679,13822.0,,,,12.119,12.195,,,,7097.0,7097.0,7097.0,,24.679,107.964,,,,0.0,,,,,,,,,,11197.0,11225.0,0.0,0.0,28.0,0.0,28.0,0.0,28.0,0.0,0.0,28.0,0.0,0.0,0.0,0.0,0.0,0.0,battery2_v
2020-12-06T08:00:00Z,30.0,30.0,,,,,13885.867,13927.0,,,,12.01,12.114,,,,7097.0,7097.0,7097.0,,0.222,102.433,,,,0.0,,,,,,,,,,11226.0,11255.0,0.0,0.0,30.0,0.0,30.0,0.0,30.0,0.0,0.0,30.0,0.0,0.0,0.0,0.0,0.0,0.0,battery2_v
2020-12-06T09:00:00Z,30.0,30.0,,,,,13601.4,13951.0,,,,11.982,12.024,,,,7097.0,7097.0,7097.0,,-11.4,84.8,,,,0.0,,,,,,,,,,11256.0,11285.0,0.0,0.0,30.0,0.0,30.0,0.0,30.0,0.0,0.0,30.0,0.0,0.0,0.0,0.0,0.0,0.0,battery2_v
2020-12-06T10:00:00Z,29.0,29.0,,,,,4248.862,13962.0,,,,11.972,12.029,,,,7097.0,7097.0,7097.0,,-3.217,78.828,,,,0.0,,,,,,,,,,11286.0,11315.0,0.0,0.0,29.0,0.0,29.0,0.0,29.0,0.0,0.0,29.0,0.0,0.0,0.0,0.0,0.0,0.0,battery2_v
2020-12-06T11:00:00Z,29.0,29.0,,,,,1462.379,1478.0,,,,12.015,12.029,,,,7097.0,7097.0,7097.0,,0.0,75.586,,,,0.0,,,,,,,,,,11316.0,11344.0,0.0,0.0,29.0,0.0,29.0,0.0,29.0,0.0,0.0,29.0,0.0,0.0,0.0,0.0,0.0,0.0,battery2_v
2020-12-06T12:00:00Z,28.0,28.0,,,,,1465.571,1478.0,,,,12.015,12.029,,,,7097.0,7097.0,7097.0,,0.0,74.571,,,,0.0,,,,,,,,,,11346.0,11374.0,0.0,0.0,28.0,0.0,28.0,0.0,28.0,0.0,0.0,28.0,0.0,0.0,0.0,0.0,0.0,0.0,battery2_v
2020-12-06T13:00:00Z,29.0,29.0,,,,,1473.138,1490.0,,,,12.01,12.024,,,,7097.0,7097.0,7097.0,,-0.333,72.793,,,,0.0,,,,,,,,,,11375.0,11404.0,0.0,0.0,29.0,0.0,29.0,0.0,29.0,0.0,0.0,29.0,0.0,0.0,0.0,0.0,0.0,0.0,battery2_v
2020-12-06T14:00:00Z,30.0,30.0,,,,,1462.567,1478.0,,,,12.01,12.02,,,,7097.0,7097.0,7097.0,,-0.333,73.6,,,,0.0,,,,,,,,,,11405.0,11434.0,0.0,0.0,30.0,0.0,30.0,0.0,30.0,0.0,0.0,30.0,0.0,0.0,0.0,0.0,0.0,0.0,battery2_v
2020-12-06T15:00:00Z,30.0,30.0,,,,,1482.2,1502.0,,,,12.005,12.02,,,,7097.0,7097.0,7097.0,,0.0,75.967,,,,0.0,,,,,,,,,,11435.0,11464.0,0.0,0.0,30.0,0.0,30.0,0.0,30.0,0.0,0.0,30.0,0.0,0.0,0.0,0.0,0.0,0.0,battery2_v
2020-12-06T16:00:00Z,30.0,30.0,,,,,1491.2,1502.0,,,,12.005,12.02,,,,7097.0,7097.0,7097.0,,0.0,73.833,,,,0.0,,,,,,,,,,11465.0,11494.0,0.0,0.0,30.0,0.0,30.0,0.0,30.0,0.0,0.0,30.0,0.0,0.0,0.0,0.0,0.0,0.0,battery2_v
2020-12-06T17:00:00Z,29.0,29.0,,,,,1494.897,1513.0,,,,12.001,12.015,,,,7097.0,7097.0,7097.0,,0.0,74.759,,,,0.0,,,,,,,,,,11495.0,11523.0,0.0,0.0,29.0,0.0,29.0,0.0,29.0,0.0,0.0,29.0,0.0,0.0,0.0,0.0,0.0,0.0,battery2_v
2020-12-06T18:00:00Z,30.0,30.0,,,,,1493.1,1513.0,,,,11.996,12.015,,,,7097.0,7097.0,7097.0,,0.0,73.6,,,,0.0,,,,,,,,,,11524.0,11553.0,0.0,0.0,30.0,0.0,30.0,0.0,30.0,0.0,0.0,30.0,0.0,0.0,0.0,0.0,0.0,0.0,battery2_v
2020-12-06T19:00:00Z,30.0,30.0,,,,,1483.233,1490.0,,,,12.005,12.015,,,,7097.0,7097.0,7097.0,,0.067,64.867,,,,0.0,,,,,,,,,,11554.0,11583.0,0.0,0.0,30.0,0.0,30.0,0.0,30.0,0.0,0.0,29.0,0.0,0.0,0.0,0.0,0.0,0.0,battery2_v
2020-12-06T20:00:00Z,29.0,29.0,,,,,1484.69,1502.0,,,,12.005,12.015,,,,7097.0,7097.0,7097.0,,0.448,73.379,,,,0.0,,,,,,,,,,11584.0,11613.0,0.0,0.0,29.0,0.0,29.0,0.0,29.0,0.0,0.0,29.0,0.0,0.0,0.0,0.0,0.0,0.0,battery2_v
2020-12-06T21:00:00Z,30.0,30.0,,,,,1488.767,1513.0,,,,12.001,12.015,,,,7097.0,7097.0,7097.0,,0.933,78.133,,,,0.0,,,,,,,,,,11614.0,11643.0,0.0,0.0,30.0,0.0,30.0,0.0,30.0,0.0,0.0,30.0,0.0,0.0,0.0,0.0,0.0,0.0,battery2_v
2020-12-06T22:00:00Z,30.0,30.0,,,,,1582.467,2110.0,,,,12.001,12.01,,,,7097.0,7097.0,7097.0,,1.033,79.733,,,,0.0,,,,,,,,,,11644.0,11673.0,0.0,0.0,30.0,0.0,30.0,0.0,30.0,0.0,0.0,30.0,0.0,0.0,0.0,0.0,0.0,0.0,battery2_v
2020-12-06T23:00:00Z,29.0,29.0,,,,,10735.448,14091.0,,,,11.868,12.005,,,,7097.0,7097.0,7097.0,,-16.31,56.586,,,,0.0,,,,,,,,,,11674.0,11703.0,0.0,0.0,29.0,0.0,29.0,0.0,29.0,0.0,6.0,21.0,0.0,0.0,0.0,0.0,0.0,0.0,battery2_v
2020-12-07T00:00:00Z,30.0,30.0,,,,,13621.933,13962.0,,,,11.972,12.029,,,,7097.0,7097.0,7097.0,,-0.724,66.2,,,,0.0,,,,,,,,,,11704.0,11733.0,0.0,0.0,30.0,0.0,30.0,0.0,30.0,0.0,0.0,30.0,0.0,0.0,0.0,0.0,0.0,0.0,battery2_v
2020-12-07T01:00:00Z,30.0,30.0,,,,,13904.967,14477.0,,,,12.024,12.114,,,,7097.0,7097.0,7097.0,,18.867,84.433,,,,0.0,,,,,,,,,,11734.0,11763.0,0.0,0.0,30.0,0.0,30.0,0.0,30.0,0.0,0.0,30.0,0.0,0.0,0.0,0.0,0.0,0.0,battery2_v
2020-12-07T02:00:00Z,28.0,28.0,,,,,13785.857,13857.0,,,,12.091,12.181,,,,7097.0,7097.0,7097.0,,35.25,96.357,,,,0.0,,,,,,,,,,11764.0,11792.0,0.0,0.0,28.0,0.0,28.0,0.0,28.0,0.0,0.0,28.0,0.0,0.0,0.0,0.0,0.0,0.0,battery2_v
2020-12-07T03:00:00Z,30.0,30.0,,,,,13795.3,14419.0,,,,12.133,12.204,,,,7097.0,7097.0,7097.0,,36.6,91.567,,,,0.0,,,,,,,,,,11793.0,11822.0,0.0,0.0,30.0,0.0,30.0,0.0,30.0,0.0,0.0,30.0,0.0,0.0,0.0,0.0,0.0,0.0,battery2_v
2020-12-07T04:00:00Z,30.0,30.0,,,,,13700.633,13752.0,,,,12.166,12.247,,,,7097.0,7097.0,7097.0,,43.233,93.4,,,,0.0,,,,,,,,,,11823.0,11852.0,0.0,0.0,30.0,0.0,30.0,0.0,30.0,0.0,2.0,30.0,0.0,0.0,0.0,0.0,0.0,0.0,battery2_v
2020-12-07T05:00:00Z,30.0,30.0,,,,,13710.3,14325.0,,,,12.204,12.275,,,,7097.0,7097.0,7097.0,,43.767,89.0,,,,0.0,,,,,,,,,,11853.0,11882.0,0.0,0.0,30.0,0.0,30.0,0.0,30.0,0.0,8.0,30.0,0.0,0.0,0.0,0.0,0.0,0.0,battery2_v
2020-12-07T06:00:00Z,30.0,30.0,,,,,13773.633,14360.0,,,,12.185,12.218,,,,7097.0,7097.0,7097.0,,30.9,73.3,,,,0.0,,,,,,,,,,11883.0,11912.0,0.0,0.0,30.0,0.0,30.0,0.0,30.0,0.0,0.0,30.0,0.0,0.0,0.0,0.0,0.0,0.0,battery2_v
2020-12-07T07:00:00Z,30.0,30.0,,,,,13752.5,14360.0,,,,12.133,12.218,,,,7097.0,7097.0,7097.0,,24.567,71.433,,,,0.0,,,,,,,,,,11913.0,11942.0,0.0,0.0,30.0,0.0,30.0,0.0,30.0,0.0,0.0,30.0,0.0,0.0,0.0,0.0,0.0,0.0,battery2_v
2020-12-07T08:00:00Z,30.0,30.0,,,,,13807.167,13845.0,,,,12.1,12.162,,,,7097.0,7097.0,7097.0,,9.7,54.7,,,,0.0,,,,,,,,,,11943.0,11972.0,0.0,0.0,30.0,0.0,30.0,0.0,30.0,0.0,0.0,19.0,0.0,0.0,0.0,0.0,0.0,0.0,battery2_v
2020-12-07T09:00:00Z,29.0,29.0,,,,,13888.724,13927.0,,,,12.001,12.095,,,,7097.0,7097.0,7097.0,,-8.0,30.828,,,,0.0,,,,,,,,,,11973.0,12001.0,0.0,0.0,29.0,0.0,29.0,0.0,29.0,0.0,0.0,0.0,0.0,0.0,0.0,0.0,0.0,0.0,battery2_v
2020-12-07T10:00:00Z,28.0,28.0,,,,,2392.179,5901.0,,,,12.02,12.043,,,,7097.0,7097.0,7097.0,,-2.19,56.179,,,,0.0,,,,,,,,,,12002.0,12031.0,0.0,0.0,28.0,0.0,28.0,0.0,28.0,0.0,0.0,20.0,0.0,0.0,0.0,0.0,0.0,0.0,battery2_v
2020-12-07T11:00:00Z,28.0,28.0,,,,,1455.893,1478.0,,,,12.005,12.029,,,,7097.0,7097.0,7097.0,,-2.0,64.036,,,,0.0,,,,,,,,,,12033.0,12061.0,0.0,0.0,28.0,0.0,28.0,0.0,28.0,0.0,0.0,27.0,0.0,0.0,0.0,0.0,0.0,0.0,battery2_v
2020-12-07T12:00:00Z,30.0,30.0,,,,,1488.433,1502.0,,,,11.991,12.015,,,,7097.0,7097.0,7097.0,,-2.0,69.267,,,,0.0,,,,,,,,,,12062.0,12091.0,0.0,0.0,30.0,0.0,30.0,0.0,30.0,0.0,0.0,30.0,0.0,0.0,0.0,0.0,0.0,0.0,battery2_v
2020-12-07T13:00:00Z,30.0,30.0,,,,,1509.867,1549.0,,,,11.991,12.005,,,,7097.0,7097.0,7097.0,,-2.0,68.2,,,,0.0,,,,,,,,,,12092.0,12121.0,0.0,0.0,30.0,0.0,30.0,0.0,30.0,0.0,0.0,30.0,0.0,0.0,0.0,0.0,0.0,0.0,battery2_v
2020-12-07T14:00:00Z,30.0,30.0,,,,,1523.8,1549.0,,,,11.987,12.001,,,,7097.0,7097.0,7097.0,,0.0,73.867,,,,0.0,,,,,,,,,,12122.0,12151.0,0.0,0.0,30.0,0.0,30.0,0.0,30.0,0.0,0.0,30.0,0.0,0.0,0.0,0.0,0.0,0.0,battery2_v
2020-12-07T15:00:00Z,30.0,30.0,,,,,1528.2,1537.0,,,,11.982,11.996,,,,7097.0,7097.0,7097.0,,0.0,78.133,,,,0.0,,,,,,,,,,12152.0,12181.0,0.0,0.0,30.0,0.0,30.0,0.0,30.0,0.0,0.0,30.0,0.0,0.0,0.0,0.0,0.0,0.0,battery2_v
2020-12-07T16:00:00Z,29.0,29.0,,,,,1536.586,1549.0,,,,11.977,11.987,,,,7097.0,7097.0,7097.0,,0.0,78.069,,,,0.0,,,,,,,,,,12182.0,12210.0,0.0,0.0,29.0,0.0,29.0,0.0,29.0,0.0,0.0,29.0,0.0,0.0,0.0,0.0,0.0,0.0,battery2_v
2020-12-07T17:00:00Z,30.0,30.0,,,,,1550.633,1560.0,,,,11.977,11.987,,,,7097.0,7097.0,7097.0,,0.0,82.7,,,,0.0,,,,,,,,,,12211.0,12240.0,0.0,0.0,30.0,0.0,30.0,0.0,30.0,0.0,0.0,30.0,0.0,0.0,0.0,0.0,0.0,0.0,battery2_v
2020-12-07T18:00:00Z,30.0,30.0,,,,,1555.967,1560.0,,,,11.972,11.987,,,,7097.0,7097.0,7097.0,,0.0,81.067,,,,0.0,,,,,,,,,,12241.0,12270.0,0.0,0.0,30.0,0.0,30.0,0.0,30.0,0.0,0.0,30.0,0.0,0.0,0.0,0.0,0.0,0.0,battery2_v
2020-12-07T19:00:00Z,30.0,30.0,,,,,1550.033,1560.0,,,,11.968,11.982,,,,7097.0,7097.0,7097.0,,0.0,88.5,,,,0.0,,,,,,,,,,12271.0,12300.0,0.0,0.0,30.0,0.0,30.0,0.0,30.0,0.0,0.0,30.0,0.0,0.0,0.0,0.0,0.0,0.0,battery2_v
2020-12-07T20:00:00Z,30.0,30.0,,,,,1557.133,1572.0,,,,11.968,11.977,,,,7097.0,7097.0,7097.0,,0.0,92.767,,,,0.0,,,,,,,,,,12301.0,12330.0,0.0,0.0,30.0,0.0,30.0,0.0,30.0,0.0,0.0,30.0,0.0,0.0,0.0,0.0,0.0,0.0,battery2_v
2020-12-07T21:00:00Z,30.0,30.0,,,,,1562.133,1584.0,,,,11.963,11.977,,,,7097.0,7097.0,7097.0,,0.0,97.9,,,,0.0,,,,,,,,,,12331.0,12360.0,0.0,0.0,30.0,0.0,30.0,0.0,30.0,0.0,0.0,30.0,0.0,0.0,0.0,0.0,0.0,0.0,battery2_v
2020-12-07T22:00:00Z,30.0,30.0,,,,,1669.8,2321.0,,,,11.963,11.972,,,,7097.0,7097.0,7097.0,,0.167,99.233,,,,0.0,,,,,,,,,,12361.0,12390.0,0.0,0.0,30.0,0.0,30.0,0.0,30.0,0.0,0.0,30.0,0.0,0.0,0.0,0.0,0.0,0.0,battery2_v
2020-12-07T23:00:00Z,29.0,29.0,,,,,9999.069,14126.0,,,,11.83,11.972,,,,7097.0,7097.0,7097.0,,-15.897,76.517,,,,0.0,,,,,,,,,,12391.0,12420.0,0.0,0.0,29.0,0.0,29.0,0.0,29.0,0.0,6.0,23.0,0.0,0.0,0.0,0.0,0.0,0.0,battery2_v
2020-12-08T00:00:00Z,30.0,30.0,,,,,14004.733,14021.0,,,,11.93,11.958,,,,7097.0,7097.0,7097.0,,-7.033,67.9,,,,0.0,,,,,,,,,,12421.0,12450.0,0.0,0.0,30.0,0.0,30.0,0.0,30.0,0.0,0.0,29.0,0.0,0.0,0.0,0.0,0.0,0.0,battery2_v
2020-12-08T01:00:00Z,28.0,28.0,,,,,13968.036,14009.0,,,,11.935,12.029,,,,7097.0,7097.0,7097.0,,4.185,74.286,,,,0.0,,,,,,,,,,12451.0,12479.0,0.0,0.0,28.0,0.0,28.0,0.0,28.0,0.0,0.0,28.0,0.0,0.0,0.0,0.0,0.0,0.0,battery2_v
2020-12-08T02:00:00Z,30.0,30.0,,,,,13927.033,14559.0,,,,12.005,12.062,,,,7097.0,7097.0,7097.0,,20.933,99.967,,,,0.0,,,,,,,,,,12480.0,12509.0,0.0,0.0,30.0,0.0,30.0,0.0,30.0,0.0,0.0,30.0,0.0,0.0,0.0,0.0,0.0,0.0,battery2_v
2020-12-08T03:00:00Z,30.0,30.0,,,,,13875.267,13904.0,,,,12.034,12.095,,,,7097.0,7097.0,7097.0,,25.3,92.733,,,,0.0,,,,,,,,,,12510.0,12539.0,0.0,0.0,30.0,0.0,30.0,0.0,30.0,0.0,0.0,30.0,0.0,0.0,0.0,0.0,0.0,0.0,battery2_v
2020-12-08T04:00:00Z,30.0,30.0,,,,,13892.133,14500.0,,,,12.048,12.138,,,,7097.0,7097.0,7097.0,,27.9,86.3,,,,0.0,,,,,,,,,,12540.0,12569.0,0.0,0.0,30.0,0.0,30.0,0.0,30.0,0.0,0.0,30.0,0.0,0.0,0.0,0.0,0.0,0.0,battery2_v
2020-12-08T05:00:00Z,29.0,29.0,,,,,13745.138,13798.0,,,,12.128,12.195,,,,7097.0,7097.0,7097.0,,47.103,98.793,,,,0.0,,,,,,,,,,12570.0,12599.0,0.0,0.0,29.0,0.0,29.0,0.0,29.0,0.0,5.0,29.0,0.0,0.0,0.0,0.0,0.0,0.0,battery2_v
2020-12-08T06:00:00Z,30.0,30.0,,,,,13720.967,13740.0,,,,12.181,12.214,,,,7097.0,7097.0,7097.0,,43.367,86.133,,,,0.0,,,,,,,,,,12600.0,12629.0,0.0,0.0,30.0,0.0,30.0,0.0,30.0,0.0,1.0,30.0,0.0,0.0,0.0,0.0,0.0,0.0,battery2_v
2020-12-08T07:00:00Z,30.0,30.0,,,,,13777.8,14430.0,,,,12.124,12.204,,,,7097.0,7097.0,7097.0,,29.267,69.1,,,,0.0,,,,,,,,,,12630.0,12659.0,0.0,0.0,30.0,0.0,30.0,0.0,30.0,0.0,0.0,30.0,0.0,0.0,0.0,0.0,0.0,0.0,battery2_v
2020-12-08T08:00:00Z,28.0,28.0,,,,,13881.179,14477.0,,,,12.029,12.124,,,,7097.0,7097.0,7097.0,,8.107,73.286,,,,0.0,,,,,,,,,,12660.0,12688.0,0.0,0.0,28.0,0.0,28.0,0.0,28.0,0.0,0.0,26.0,0.0,0.0,0.0,0.0,0.0,0.0,battery2_v
2020-12-08T09:00:00Z,30.0,30.0,,,,,13617.8,13974.0,,,,11.963,12.034,,,,7097.0,7097.0,7097.0,,-7.897,56.1,,,,0.0,,,,,,,,,,12689.0,12718.0,0.0,0.0,30.0,0.0,30.0,0.0,30.0,0.0,0.0,19.0,0.0,0.0,0.0,0.0,0.0,0.0,battery2_v
2020-12-08T10:00:00Z,29.0,29.0,,,,,3487.172,13997.0,,,,11.958,11.991,,,,7097.0,7097.0,7097.0,,-4.875,67.103,,,,0.0,,,,,,,,,,12719.0,12748.0,0.0,0.0,29.0,0.0,29.0,0.0,29.0,0.0,0.0,26.0,0.0,0.0,0.0,0.0,0.0,0.0,battery2_v
2020-12-08T11:00:00Z,30.0,30.0,,,,,1575.933,1595.0,,,,11.963,11.977,,,,7097.0,7097.0,7097.0,,1.103,110.6,,,,0.0,,,,,,,,,,12749.0,12778.0,0.0,0.0,30.0,0.0,30.0,0.0,30.0,0.0,0.0,30.0,0.0,0.0,0.0,0.0,0.0,0.0,battery2_v
2020-12-08T12:00:00Z,30.0,30.0,,,,,1596.5,1619.0,,,,11.953,11.972,,,,7097.0,7097.0,7097.0,,2.0,124.467,,,,0.0,,,,,,,,,,12779.0,12808.0,0.0,0.0,30.0,0.0,30.0,0.0,30.0,0.0,0.0,30.0,0.0,0.0,0.0,0.0,0.0,0.0,battery2_v
2020-12-08T13:00:00Z,30.0,30.0,,,,,1609.8,1619.0,,,,11.949,11.963,,,,7097.0,7097.0,7097.0,,1.567,118.367,,,,0.0,,,,,,,,,,12809.0,12838.0,0.0,0.0,30.0,0.0,30.0,0.0,30.0,0.0,0.0,30.0,0.0,0.0,0.0,0.0,0.0,0.0,battery2_v
2020-12-08T14:00:00Z,29.0,29.0,,,,,1622.276,1642.0,,,,11.944,11.958,,,,7097.0,7097.0,7097.0,,0.586,104.448,,,,0.0,,,,,,,,,,12839.0,12868.0,0.0,0.0,29.0,0.0,29.0,0.0,29.0,0.0,0.0,29.0,0.0,0.0,0.0,0.0,0.0,0.0,battery2_v
2020-12-08T15:00:00Z,28.0,28.0,,,,,1626.893,1642.0,,,,11.944,11.953,,,,7097.0,7097.0,7097.0,,0.0,98.214,,,,0.0,,,,,,,,,,12869.0,12897.0,0.0,0.0,28.0,0.0,28.0,0.0,28.0,0.0,0.0,28.0,0.0,0.0,0.0,0.0,0.0,0.0,battery2_v
2020-12-08T16:00:00Z,28.0,28.0,,,,,1631.893,1654.0,,,,11.939,11.953,,,,7097.0,7097.0,7097.0,,0.0,89.143,,,,0.0,,,,,,,,,,12898.0,12927.0,0.0,0.0,28.0,0.0,28.0,0.0,28.0,0.0,0.0,28.0,0.0,0.0,0.0,0.0,0.0,0.0,battery2_v
2020-12-08T17:00:00Z,30.0,30.0,,,,,1618.733,1642.0,,,,11.939,11.953,,,,7097.0,7097.0,7097.0,,0.0,91.9,,,,0.0,,,,,,,,,,12928.0,12957.0,0.0,0.0,30.0,0.0,30.0,0.0,30.0,0.0,0.0,30.0,0.0,0.0,0.0,0.0,0.0,0.0,battery2_v
2020-12-08T18:00:00Z,29.0,29.0,,,,,1627.621,1654.0,,,,11.935,11.949,,,,7097.0,7097.0,7097.0,,0.0,92.103,,,,0.0,,,,,,,,,,12958.0,12987.0,0.0,0.0,29.0,0.0,29.0,0.0,29.0,0.0,0.0,29.0,0.0,0.0,0.0,0.0,0.0,0.0,battery2_v
2020-12-08T19:00:00Z,30.0,30.0,,,,,1634.467,1642.0,,,,11.935,11.949,,,,7097.0,7097.0,7097.0,,0.0,95.033,,,,0.0,,,,,,,,,,12988.0,13017.0,0.0,0.0,30.0,0.0,30.0,0.0,30.0,0.0,0.0,30.0,0.0,0.0,0.0,0.0,0.0,0.0,battery2_v
2020-12-08T20:00:00Z,30.0,30.0,,,,,1643.2,1666.0,,,,11.93,11.944,,,,7097.0,7097.0,7097.0,,0.033,97.633,,,,0.0,,,,,,,,,,13018.0,13047.0,0.0,0.0,30.0,0.0,30.0,0.0,30.0,0.0,0.0,30.0,0.0,0.0,0.0,0.0,0.0,0.0,battery2_v
2020-12-08T21:00:00Z,29.0,29.0,,,,,1649.034,1666.0,,,,11.925,11.939,,,,7097.0,7097.0,7097.0,,0.069,99.379,,,,0.0,,,,,,,,,,13048.0,13076.0,0.0,0.0,29.0,0.0,29.0,0.0,29.0,0.0,0.0,29.0,0.0,0.0,0.0,0.0,0.0,0.0,battery2_v
2020-12-08T22:00:00Z,30.0,30.0,,,,,1720.233,2157.0,,,,11.925,11.939,,,,7097.0,7097.0,7097.0,,0.067,102.567,,,,0.0,,,,,,,,,,13077.0,13106.0,0.0,0.0,30.0,0.0,30.0,0.0,30.0,0.0,0.0,30.0,0.0,0.0,0.0,0.0,0.0,0.0,battery2_v
2020-12-08T23:00:00Z,30.0,30.0,,,,,8624.8,14173.0,,,,11.797,11.935,,,,7097.0,7097.0,7097.0,,-9.167,83.7,,,,0.0,,,,,,,,,,13107.0,13136.0,0.0,0.0,30.0,0.0,30.0,0.0,30.0,0.0,3.0,27.0,0.0,0.0,0.0,0.0,0.0,0.0,battery2_v
2020-12-09T00:00:00Z,30.0,30.0,,,,,13566.867,14068.0,,,,11.882,11.935,,,,7097.0,7097.0,7097.0,,-5.379,66.267,,,,0.0,,,,,,,,,,13137.0,13166.0,0.0,0.0,30.0,0.0,30.0,0.0,30.0,0.0,0.0,29.0,0.0,0.0,0.0,0.0,0.0,0.0,battery2_v
2020-12-09T01:00:00Z,30.0,30.0,,,,,14030.967,14629.0,,,,11.916,12.001,,,,7097.0,7097.0,7097.0,,13.8,85.5,,,,0.0,,,,,,,,,,13167.0,13196.0,0.0,0.0,30.0,0.0,30.0,0.0,30.0,0.0,0.0,30.0,0.0,0.0,0.0,0.0,0.0,0.0,battery2_v
2020-12-09T02:00:00Z,30.0,30.0,,,,,13912.667,14524.0,,,,11.968,12.091,,,,7097.0,7097.0,7097.0,,33.233,99.733,,,,0.0,,,,,,,,,,13197.0,13226.0,0.0,0.0,30.0,0.0,30.0,0.0,30.0,0.0,0.0,30.0,0.0,0.0,0.0,0.0,0.0,0.0,battery2_v
2020-12-09T03:00:00Z,30.0,30.0,,,,,13803.467,13857.0,,,,12.091,12.147,,,,7097.0,7097.0,7097.0,,44.533,105.5,,,,0.0,,,,,,,,,,13227.0,13256.0,0.0,0.0,30.0,0.0,30.0,0.0,30.0,0.0,2.0,30.0,0.0,0.0,0.0,0.0,0.0,0.0,battery2_v
2020-12-09T04:00:00Z,30.0,30.0,,,,,13787.2,14430.0,,,,12.133,12.171,,,,7097.0,7097.0,7097.0,,43.7,99.0,,,,0.0,,,,,,,,,,13257.0,13286.0,0.0,0.0,30.0,0.0,30.0,0.0,30.0,0.0,0.0,30.0,0.0,0.0,0.0,0.0,0.0,0.0,battery2_v
2020-12-09T05:00:00Z,30.0,30.0,,,,,13764.033,14044.0,,,,12.143,12.19,,,,7097.0,7097.0,7097.0,,40.667,94.733,,,,0.0,,,,,,,,,,13287.0,13316.0,0.0,0.0,30.0,0.0,30.0,0.0,30.0,0.0,1.0,30.0,0.0,0.0,0.0,0.0,0.0,0.0,battery2_v
2020-12-09T06:00:00Z,30.0,30.0,,,,,13817.967,13869.0,,,,12.081,12.147,,,,7097.0,7097.0,7097.0,,24.033,71.033,,,,0.0,,,,,,,,,,13317.0,13346.0,0.0,0.0,30.0,0.0,30.0,0.0,30.0,0.0,0.0,30.0,0.0,0.0,0.0,0.0,0.0,0.0,battery2_v
2020-12-09T07:00:00Z,29.0,29.0,,,,,13874.276,13892.0,,,,12.043,12.086,,,,7097.0,7097.0,7097.0,,14.931,56.172,,,,0.0,,,,,,,,,,13347.0,13375.0,0.0,0.0,29.0,0.0,29.0,0.0,29.0,0.0,0.0,22.0,0.0,0.0,0.0,0.0,0.0,0.0,battery2_v
2020-12-09T08:00:00Z,30.0,30.0,,,,,13915.7,13939.0,,,,11.987,12.039,,,,7097.0,7097.0,7097.0,,4.0,50.233,,,,0.0,,,,,,,,,,13376.0,13405.0,0.0,0.0,30.0,0.0,30.0,0.0,30.0,0.0,0.0,15.0,0.0,0.0,0.0,0.0,0.0,0.0,battery2_v
2020-12-09T09:00:00Z,30.0,30.0,,,,,13687.367,14021.0,,,,11.935,11.991,,,,7097.0,7097.0,7097.0,,-8.25,45.6,,,,0.0,,,,,,,,,,13406.0,13435.0,0.0,0.0,30.0,0.0,30.0,0.0,30.0,0.0,0.0,6.0,0.0,0.0,0.0,0.0,0.0,0.0,battery2_v
2020-12-09T10:00:00Z,28.0,28.0,,,,,5596.179,14044.0,,,,11.911,11.953,,,,7097.0,7097.0,7097.0,,-10.357,61.036,,,,0.0,,,,,,,,,,13436.0,13465.0,0.0,0.0,28.0,0.0,28.0,0.0,28.0,0.0,0.0,20.0,0.0,0.0,0.0,0.0,0.0,0.0,battery2_v
2020-12-09T11:00:00Z,30.0,30.0,,,,,1634.667,1654.0,,,,11.93,11.944,,,,7097.0,7097.0,7097.0,,0.0,76.533,,,,0.0,,,,,,,,,,13466.0,13495.0,0.0,0.0,30.0,0.0,30.0,0.0,30.0,0.0,0.0,30.0,0.0,0.0,0.0,0.0,0.0,0.0,battery2_v
2020-12-09T12:00:00Z,30.0,30.0,,,,,1657.533,1689.0,,,,11.92,11.935,,,,7097.0,7097.0,7097.0,,0.0,76.8,,,,0.0,,,,,,,,,,13496.0,13525.0,0.0,0.0,30.0,0.0,30.0,0.0,30.0,0.0,0.0,30.0,0.0,0.0,0.0,0.0,0.0,0.0,battery2_v
2020-12-09T13:00:00Z,30.0,30.0,,,,,1673.133,1701.0,,,,11.911,11.93,,,,7097.0,7097.0,7097.0,,0.0,77.6,,,,0.0,,,,,,,,,,13526.0,13555.0,0.0,0.0,30.0,0.0,30.0,0.0,30.0,0.0,0.0,30.0,0.0,0.0,0.0,0.0,0.0,0.0,battery2_v
2020-12-09T14:00:00Z,29.0,29.0,,,,,1677.69,1701.0,,,,11.911,11.93,,,,7097.0,7097.0,7097.0,,0.0,66.034,,,,0.0,,,,,,,,,,13556.0,13584.0,0.0,0.0,29.0,0.0,29.0,0.0,29.0,0.0,0.0,29.0,0.0,0.0,0.0,0.0,0.0,0.0,battery2_v
2020-12-09T15:00:00Z,30.0,30.0,,,,,1682.3,1701.0,,,,11.911,11.925,,,,7097.0,7097.0,7097.0,,0.0,62.367,,,,0.0,,,,,,,,,,13585.0,13614.0,0.0,0.0,30.0,0.0,30.0,0.0,30.0,0.0,0.0,29.0,0.0,0.0,0.0,0.0,0.0,0.0,battery2_v
2020-12-09T16:00:00Z,29.0,29.0,,,,,1682.828,1701.0,,,,11.911,11.92,,,,7097.0,7097.0,7097.0,,0.034,65.759,,,,0.0,,,,,,,,,,13615.0,13644.0,0.0,0.0,29.0,0.0,29.0,0.0,29.0,0.0,0.0,29.0,0.0,0.0,0.0,0.0,0.0,0.0,battery2_v
2020-12-09T17:00:00Z,29.0,29.0,,,,,1691.897,1701.0,,,,11.906,11.92,,,,7097.0,7097.0,7097.0,,0.069,69.759,,,,0.0,,,,,,,,,,13645.0,13673.0,0.0,0.0,29.0,0.0,29.0,0.0,29.0,0.0,0.0,29.0,0.0,0.0,0.0,0.0,0.0,0.0,battery2_v
2020-12-09T18:00:00Z,30.0,30.0,,,,,1699.967,1712.0,,,,11.906,11.916,,,,7097.0,7097.0,7097.0,,0.467,73.333,,,,0.0,,,,,,,,,,13675.0,13704.0,0.0,0.0,30.0,0.0,30.0,0.0,30.0,0.0,0.0,30.0,0.0,0.0,0.0,0.0,0.0,0.0,battery2_v
2020-12-09T19:00:00Z,30.0,30.0,,,,,1702.6,1724.0,,,,11.901,11.916,,,,7097.0,7097.0,7097.0,,0.867,79.2,,,,0.0,,,,,,,,,,13705.0,13734.0,0.0,0.0,30.0,0.0,30.0,0.0,30.0,0.0,0.0,30.0,0.0,0.0,0.0,0.0,0.0,0.0,battery2_v
2020-12-09T20:00:00Z,30.0,30.0,,,,,1709.133,1724.0,,,,11.901,11.916,,,,7097.0,7097.0,7097.0,,1.1,83.567,,,,0.0,,,,,,,,,,13735.0,13764.0,0.0,0.0,30.0,0.0,30.0,0.0,30.0,0.0,0.0,30.0,0.0,0.0,0.0,0.0,0.0,0.0,battery2_v
2020-12-09T21:00:00Z,29.0,29.0,,,,,1717.069,1736.0,,,,11.897,11.911,,,,7097.0,7097.0,7097.0,,1.345,85.414,,,,0.0,,,,,,,,,,13765.0,13793.0,0.0,0.0,29.0,0.0,29.0,0.0,29.0,0.0,0.0,29.0,0.0,0.0,0.0,0.0,0.0,0.0,battery2_v
2020-12-09T22:00:00Z,30.0,30.0,,,,,1782.833,2215.0,,,,11.897,11.906,,,,7097.0,7097.0,7097.0,,1.4,86.3,,,,0.0,,,,,,,,,,13794.0,13823.0,0.0,0.0,30.0,0.0,30.0,0.0,30.0,0.0,0.0,30.0,0.0,0.0,0.0,0.0,0.0,0.0,battery2_v
2020-12-09T23:00:00Z,29.0,29.0,,,,,12028.276,14220.0,,,,11.764,11.901,,,,7097.0,7097.0,7097.0,,-14.138,63.552,,,,0.0,,,,,,,,,,13824.0,13853.0,0.0,0.0,29.0,0.0,29.0,0.0,29.0,0.0,4.0,25.0,0.0,0.0,0.0,0.0,0.0,0.0,battery2_v
2020-12-10T00:00:00Z,30.0,30.0,,,,,13414.4,14103.0,,,,11.859,11.906,,,,7097.0,7097.0,7097.0,,-2.069,70.0,,,,0.0,,,,,,,,,,13854.0,13883.0,0.0,0.0,30.0,0.0,30.0,0.0,30.0,0.0,0.0,30.0,0.0,0.0,0.0,0.0,0.0,0.0,battery2_v
2020-12-10T01:00:00Z,30.0,30.0,,,,,14066.433,14653.0,,,,11.878,12.034,,,,7097.0,7097.0,7097.0,,11.4,84.9,,,,0.0,,,,,,,,,,13884.0,13913.0,0.0,0.0,30.0,0.0,30.0,0.0,30.0,0.0,0.0,30.0,0.0,0.0,0.0,0.0,0.0,0.0,battery2_v
2020-12-10T02:00:00Z,30.0,30.0,,,,,13921.233,14547.0,,,,11.991,12.124,,,,7097.0,7097.0,7097.0,,33.567,99.767,,,,0.0,,,,,,,,,,13914.0,13943.0,0.0,0.0,30.0,0.0,30.0,0.0,30.0,0.0,4.0,30.0,0.0,0.0,0.0,0.0,0.0,0.0,battery2_v
2020-12-10T03:00:00Z,29.0,29.0,,,,,13886.103,14512.0,,,,12.039,12.128,,,,7097.0,7097.0,7097.0,,38.483,96.655,,,,0.0,,,,,,,,,,13944.0,13972.0,0.0,0.0,29.0,0.0,29.0,0.0,29.0,0.0,2.0,29.0,0.0,0.0,0.0,0.0,0.0,0.0,battery2_v
2020-12-10T07:00:00Z,25.0,25.0,,,,,13734.76,14161.0,,,,11.807,11.949,,,,7097.0,7097.0,7097.0,,-7.913,67.8,,,,0.0,,,,,,,,,,14050.0,14076.0,0.0,0.0,25.0,0.0,25.0,0.0,25.0,0.0,2.0,23.0,0.0,0.0,0.0,0.0,0.0,0.0,battery2_v
2020-12-10T08:00:00Z,29.0,29.0,,,,,14048.138,14068.0,,,,11.892,11.925,,,,7097.0,7097.0,7097.0,,3.321,68.586,,,,0.0,,,,,,,,,,14077.0,14106.0,0.0,0.0,29.0,0.0,29.0,0.0,29.0,0.0,0.0,29.0,0.0,0.0,0.0,0.0,0.0,0.0,battery2_v
2020-12-10T09:00:00Z,30.0,30.0,,,,,14102.8,14641.0,,,,11.84,11.911,,,,7097.0,7097.0,7097.0,,-5.633,64.633,,,,0.0,,,,,,,,,,14107.0,14136.0,0.0,0.0,30.0,0.0,30.0,0.0,30.0,0.0,0.0,30.0,0.0,0.0,0.0,0.0,0.0,0.0,battery2_v
2020-12-10T10:00:00Z,30.0,30.0,,,,,4934.067,14114.0,,,,11.83,11.892,,,,7097.0,7097.0,7097.0,,-2.767,81.533,,,,0.0,,,,,,,,,,14137.0,14166.0,0.0,0.0,30.0,0.0,30.0,0.0,30.0,0.0,0.0,30.0,0.0,0.0,0.0,0.0,0.0,0.0,battery2_v
2020-12-10T11:00:00Z,27.0,27.0,,,,,1764.333,1783.0,,,,11.873,11.887,,,,7097.0,7097.0,7097.0,,0.519,75.852,,,,0.0,,,,,,,,,,14167.0,14193.0,0.0,0.0,27.0,0.0,27.0,0.0,27.0,0.0,0.0,27.0,0.0,0.0,0.0,0.0,0.0,0.0,battery2_v
2020-12-10T12:00:00Z,27.0,27.0,,,,,1779.63,1806.0,,,,11.868,11.887,,,,7097.0,7097.0,7097.0,,1.0,80.444,,,,0.0,,,,,,,,,,14199.0,14225.0,0.0,0.0,27.0,0.0,27.0,0.0,27.0,0.0,0.0,27.0,0.0,0.0,0.0,0.0,0.0,0.0,battery2_v
2020-12-10T13:00:00Z,30.0,30.0,,,,,1788.567,1818.0,,,,11.868,11.882,,,,7097.0,7097.0,7097.0,,1.333,87.467,,,,0.0,,,,,,,,,,14226.0,14255.0,0.0,0.0,30.0,0.0,30.0,0.0,30.0,0.0,0.0,30.0,0.0,0.0,0.0,0.0,0.0,0.0,battery2_v
2020-12-10T14:00:00Z,30.0,30.0,,,,,1818.8,1841.0,,,,11.864,11.882,,,,7097.0,7097.0,7097.0,,4.067,120.267,,,,0.0,,,,,,,,,,14256.0,14285.0,0.0,0.0,30.0,0.0,30.0,0.0,30.0,0.0,0.0,30.0,0.0,0.0,0.0,0.0,0.0,0.0,battery2_v
2020-12-10T15:00:00Z,29.0,29.0,,,,,1823.759,1841.0,,,,11.864,11.873,,,,7097.0,7097.0,7097.0,,3.966,119.138,,,,0.0,,,,,,,,,,14286.0,14315.0,0.0,0.0,29.0,0.0,29.0,0.0,29.0,0.0,0.0,29.0,0.0,0.0,0.0,0.0,0.0,0.0,battery2_v
2020-12-10T16:00:00Z,30.0,30.0,,,,,1829.633,1853.0,,,,11.859,11.868,,,,7097.0,7097.0,7097.0,,2.133,97.3,,,,0.0,,,,,,,,,,14316.0,14345.0,0.0,0.0,30.0,0.0,30.0,0.0,30.0,0.0,0.0,30.0,0.0,0.0,0.0,0.0,0.0,0.0,battery2_v
2020-12-10T17:00:00Z,30.0,30.0,,,,,1820.367,1841.0,,,,11.859,11.868,,,,7097.0,7097.0,7097.0,,1.2,84.033,,,,0.0,,,,,,,,,,14346.0,14375.0,0.0,0.0,30.0,0.0,30.0,0.0,30.0,0.0,0.0,30.0,0.0,0.0,0.0,0.0,0.0,0.0,battery2_v
2020-12-10T18:00:00Z,30.0,30.0,,,,,1814.233,1829.0,,,,11.854,11.868,,,,7097.0,7097.0,7097.0,,1.1,82.933,,,,0.0,,,,,,,,,,14376.0,14405.0,0.0,0.0,30.0,0.0,30.0,0.0,30.0,0.0,0.0,30.0,0.0,0.0,0.0,0.0,0.0,0.0,battery2_v
2020-12-10T19:00:00Z,29.0,29.0,,,,,1818.966,1829.0,,,,11.849,11.864,,,,7097.0,7097.0,7097.0,,1.069,83.621,,,,0.0,,,,,,,,,,14406.0,14434.0,0.0,0.0,29.0,0.0,29.0,0.0,29.0,0.0,0.0,29.0,0.0,0.0,0.0,0.0,0.0,0.0,battery2_v
2020-12-10T20:00:00Z,30.0,30.0,,,,,1821.6,1841.0,,,,11.849,11.864,,,,7097.0,7097.0,7097.0,,1.267,85.967,,,,0.0,,,,,,,,,,14435.0,14464.0,0.0,0.0,30.0,0.0,30.0,0.0,30.0,0.0,0.0,30.0,0.0,0.0,0.0,0.0,0.0,0.0,battery2_v
2020-12-10T21:00:00Z,30.0,30.0,,,,,1826.167,1841.0,,,,11.849,11.864,,,,7097.0,7097.0,7097.0,,1.467,85.433,,,,0.0,,,,,,,,,,14465.0,14494.0,0.0,0.0,30.0,0.0,30.0,0.0,30.0,0.0,0.0,30.0,0.0,0.0,0.0,0.0,0.0,0.0,battery2_v
2020-12-10T22:00:00Z,30.0,30.0,,,,,1886.567,2227.0,,,,11.845,11.859,,,,7097.0,7097.0,7097.0,,1.333,84.6,,,,0.0,,,,,,,,,,14495.0,14524.0,0.0,0.0,30.0,0.0,30.0,0.0,30.0,0.0,0.0,30.0,0.0,0.0,0.0,0.0,0.0,0.0,battery2_v
2020-12-10T23:00:00Z,30.0,30.0,,,,,10906.467,14266.0,,,,11.717,11.854,,,,7097.0,7097.0,7097.0,,-13.533,63.167,,,,0.0,,,,,,,,,,14525.0,14554.0,0.0,0.0,30.0,0.0,30.0,0.0,30.0,0.0,5.0,22.0,0.0,0.0,0.0,0.0,0.0,0.0,battery2_v
2020-12-11T00:00:00Z,30.0,30.0,,,,,14134.6,14688.0,,,,11.811,11.911,,,,7097.0,7097.0,7097.0,,3.4,97.5,,,,0.0,,,,,,,,,,14555.0,14584.0,0.0,0.0,30.0,0.0,30.0,0.0,30.0,0.0,0.0,30.0,0.0,0.0,0.0,0.0,0.0,0.0,battery2_v
2020-12-11T01:00:00Z,29.0,29.0,,,,,13788.828,14688.0,,,,11.83,11.939,,,,7097.0,7097.0,7097.0,,7.483,92.31,,,,0.0,,,,,,,,,,14585.0,14614.0,0.0,0.0,29.0,0.0,29.0,0.0,29.0,0.0,0.0,29.0,0.0,0.0,0.0,0.0,0.0,0.0,battery2_v
2020-12-11T02:00:00Z,29.0,29.0,,,,,14120.759,14664.0,,,,11.925,12.01,,,,7097.0,7097.0,7097.0,,29.69,104.379,,,,0.0,,,,,,,,,,14615.0,14644.0,0.0,0.0,29.0,0.0,29.0,0.0,29.0,0.0,0.0,29.0,0.0,0.0,0.0,0.0,0.0,0.0,battery2_v
2020-12-11T03:00:00Z,29.0,29.0,,,,,13951.276,14021.0,,,,11.93,12.062,,,,7097.0,7097.0,7097.0,,30.276,99.414,,,,0.0,,,,,,,,,,14645.0,14673.0,0.0,0.0,29.0,0.0,29.0,0.0,29.0,0.0,3.0,29.0,0.0,0.0,0.0,0.0,0.0,0.0,battery2_v
2020-12-11T04:00:00Z,30.0,30.0,,,,,13882.667,13915.0,,,,12.024,12.105,,,,7097.0,7097.0,7097.0,,43.867,105.867,,,,0.0,,,,,,,,,,14674.0,14703.0,0.0,0.0,30.0,0.0,30.0,0.0,30.0,0.0,7.0,30.0,0.0,0.0,0.0,0.0,0.0,0.0,battery2_v
2020-12-11T05:00:00Z,29.0,29.0,,,,,13908.828,14559.0,,,,12.005,12.1,,,,7097.0,7097.0,7097.0,,36.172,91.655,,,,0.0,,,,,,,,,,14705.0,14733.0,0.0,0.0,29.0,0.0,29.0,0.0,29.0,0.0,0.0,29.0,0.0,0.0,0.0,0.0,0.0,0.0,battery2_v
2020-12-11T06:00:00Z,29.0,29.0,,,,,13931.586,14571.0,,,,11.906,12.119,,,,7097.0,7097.0,7097.0,,23.69,74.69,,,,0.0,,,,,,,,,,14734.0,14763.0,0.0,0.0,29.0,0.0,29.0,0.0,29.0,0.0,3.0,24.0,0.0,0.0,0.0,0.0,0.0,0.0,battery2_v
2020-12-11T07:00:00Z,30.0,30.0,,,,,13401.1,14114.0,,,,11.84,11.925,,,,7097.0,7097.0,7097.0,,-15.172,33.133,,,,0.0,,,,,,,,,,14764.0,14793.0,0.0,0.0,30.0,0.0,30.0,0.0,30.0,0.0,0.0,0.0,0.0,0.0,0.0,0.0,0.0,0.0,battery2_v
2020-12-11T08:00:00Z,30.0,30.0,,,,,14107.5,14126.0,,,,11.83,11.864,,,,7097.0,7097.0,7097.0,,-6.231,41.1,,,,0.0,,,,,,,,,,14794.0,14823.0,0.0,0.0,30.0,0.0,30.0,0.0,30.0,0.0,0.0,2.0,0.0,0.0,0.0,0.0,0.0,0.0,battery2_v
2020-12-11T09:00:00Z,28.0,28.0,,,,,14121.964,14185.0,,,,11.797,11.864,,,,7097.0,7097.0,7097.0,,-8.926,37.214,,,,0.0,,,,,,,,,,14824.0,14852.0,0.0,0.0,28.0,0.0,28.0,0.0,28.0,0.0,0.0,0.0,0.0,0.0,0.0,0.0,0.0,0.0,battery2_v
2020-12-11T10:00:00Z,29.0,29.0,,,,,4177.828,14185.0,,,,11.797,11.849,,,,7097.0,7097.0,7097.0,,-1.04,95.655,,,,0.0,,,,,,,,,,14853.0,14882.0,0.0,0.0,29.0,0.0,29.0,0.0,29.0,0.0,0.0,25.0,0.0,0.0,0.0,0.0,0.0,0.0,battery2_v
2020-12-11T11:00:00Z,27.0,27.0,,,,,1877.778,1888.0,,,,11.835,11.845,,,,7097.0,7097.0,7097.0,,3.778,118.259,,,,0.0,,,,,,,,,,14883.0,14912.0,0.0,0.0,27.0,0.0,27.0,0.0,27.0,0.0,0.0,27.0,0.0,0.0,0.0,0.0,0.0,0.0,battery2_v
2020-12-11T12:00:00Z,29.0,29.0,,,,,1878.897,1900.0,,,,11.83,11.84,,,,7097.0,7097.0,7097.0,,1.448,90.552,,,,0.0,,,,,,,,,,14913.0,14942.0,0.0,0.0,29.0,0.0,29.0,0.0,29.0,0.0,0.0,29.0,0.0,0.0,0.0,0.0,0.0,0.0,battery2_v
2020-12-11T13:00:00Z,27.0,27.0,,,,,1884.0,1900.0,,,,11.83,11.84,,,,7097.0,7097.0,7097.0,,2.889,106.815,,,,0.0,,,,,,,,,,14943.0,14971.0,0.0,0.0,27.0,0.0,27.0,0.0,27.0,0.0,0.0,27.0,0.0,0.0,0.0,0.0,0.0,0.0,battery2_v
2020-12-11T14:00:00Z,29.0,29.0,,,,,1899.0,1911.0,,,,11.826,11.84,,,,7097.0,7097.0,7097.0,,2.862,105.931,,,,0.0,,,,,,,,,,14972.0,15001.0,0.0,0.0,29.0,0.0,29.0,0.0,29.0,0.0,0.0,29.0,0.0,0.0,0.0,0.0,0.0,0.0,battery2_v
2020-12-11T15:00:00Z,30.0,30.0,,,,,1903.3,1911.0,,,,11.821,11.83,,,,7097.0,7097.0,7097.0,,2.0,93.8,,,,0.0,,,,,,,,,,15002.0,15031.0,0.0,0.0,30.0,0.0,30.0,0.0,30.0,0.0,0.0,30.0,0.0,0.0,0.0,0.0,0.0,0.0,battery2_v
2020-12-11T16:00:00Z,30.0,30.0,,,,,1904.4,1911.0,,,,11.821,11.83,,,,7097.0,7097.0,7097.0,,2.0,96.933,,,,0.0,,,,,,,,,,15032.0,15061.0,0.0,0.0,30.0,0.0,30.0,0.0,30.0,0.0,0.0,30.0,0.0,0.0,0.0,0.0,0.0,0.0,battery2_v
2020-12-11T17:00:00Z,30.0,30.0,,,,,1899.433,1911.0,,,,11.821,11.83,,,,7097.0,7097.0,7097.0,,0.933,83.767,,,,0.0,,,,,,,,,,15062.0,15091.0,0.0,0.0,30.0,0.0,30.0,0.0,30.0,0.0,0.0,30.0,0.0,0.0,0.0,0.0,0.0,0.0,battery2_v
2020-12-11T18:00:00Z,29.0,29.0,,,,,1904.103,1911.0,,,,11.816,11.826,,,,7097.0,7097.0,7097.0,,0.897,83.034,,,,0.0,,,,,,,,,,15092.0,15120.0,0.0,0.0,29.0,0.0,29.0,0.0,29.0,0.0,0.0,29.0,0.0,0.0,0.0,0.0,0.0,0.0,battery2_v
2020-12-11T19:00:00Z,29.0,29.0,,,,,1906.069,1911.0,,,,11.816,11.826,,,,7097.0,7097.0,7097.0,,0.897,82.483,,,,0.0,,,,,,,,,,15121.0,15149.0,0.0,0.0,29.0,0.0,29.0,0.0,29.0,0.0,0.0,29.0,0.0,0.0,0.0,0.0,0.0,0.0,battery2_v
2020-12-11T20:00:00Z,30.0,30.0,,,,,1914.267,1923.0,,,,11.811,11.821,,,,7097.0,7097.0,7097.0,,0.667,77.6,,,,0.0,,,,,,,,,,15151.0,15180.0,0.0,0.0,30.0,0.0,30.0,0.0,30.0,0.0,0.0,30.0,0.0,0.0,0.0,0.0,0.0,0.0,battery2_v
2020-12-11T21:00:00Z,30.0,30.0,,,,,1917.4,1935.0,,,,11.807,11.821,,,,7097.0,7097.0,7097.0,,0.733,78.133,,,,0.0,,,,,,,,,,15181.0,15210.0,0.0,0.0,30.0,0.0,30.0,0.0,30.0,0.0,0.0,30.0,0.0,0.0,0.0,0.0,0.0,0.0,battery2_v
2020-12-11T22:00:00Z,30.0,30.0,,,,,2007.6,2602.0,,,,11.807,11.821,,,,7097.0,7097.0,7097.0,,0.867,80.567,,,,0.0,,,,,,,,,,15211.0,15240.0,0.0,0.0,30.0,0.0,30.0,0.0,30.0,0.0,0.0,30.0,0.0,0.0,0.0,0.0,0.0,0.0,battery2_v
2020-12-11T23:00:00Z,30.0,30.0,,,,,11657.067,14302.0,,,,11.679,11.816,,,,7097.0,7097.0,7097.0,,-13.833,58.467,,,,0.0,,,,,,,,,,15241.0,15270.0,0.0,0.0,30.0,0.0,30.0,0.0,30.0,0.0,4.0,21.0,0.0,0.0,0.0,0.0,0.0,0.0,battery2_v
2020-12-12T00:00:00Z,29.0,29.0,,,,,14161.897,14208.0,,,,11.774,11.84,,,,7097.0,7097.0,7097.0,,0.345,68.241,,,,0.0,,,,,,,,,,15271.0,15299.0,0.0,0.0,29.0,0.0,29.0,0.0,29.0,0.0,0.0,29.0,0.0,0.0,0.0,0.0,0.0,0.0,battery2_v
2020-12-12T01:00:00Z,26.0,26.0,,,,,14169.577,14746.0,,,,11.802,11.868,,,,7097.0,7097.0,7097.0,,4.88,70.038,,,,0.0,,,,,,,,,,15300.0,15329.0,0.0,0.0,26.0,0.0,26.0,0.0,26.0,0.0,0.0,26.0,0.0,0.0,0.0,0.0,0.0,0.0,battery2_v
2020-12-12T02:00:00Z,30.0,30.0,,,,,14083.967,14699.0,,,,11.859,11.963,,,,7097.0,7097.0,7097.0,,28.4,110.267,,,,0.0,,,,,,,,,,15330.0,15359.0,0.0,0.0,30.0,0.0,30.0,0.0,30.0,0.0,0.0,30.0,0.0,0.0,0.0,0.0,0.0,0.0,battery2_v
2020-12-12T03:00:00Z,30.0,30.0,,,,,14063.233,14664.0,,,,11.878,12.001,,,,7097.0,7097.0,7097.0,,29.033,94.2,,,,0.0,,,,,,,,,,15360.0,15389.0,0.0,0.0,30.0,0.0,30.0,0.0,30.0,0.0,0.0,30.0,0.0,0.0,0.0,0.0,0.0,0.0,battery2_v
2020-12-12T04:00:00Z,30.0,30.0,,,,,13952.467,14629.0,,,,11.953,12.072,,,,7097.0,7097.0,7097.0,,40.267,95.067,,,,0.0,,,,,,,,,,15390.0,15419.0,0.0,0.0,30.0,0.0,30.0,0.0,30.0,0.0,6.0,30.0,0.0,0.0,0.0,0.0,0.0,0.0,battery2_v
2020-12-12T05:00:00Z,30.0,30.0,,,,,13698.733,14653.0,,,,11.83,11.996,,,,7097.0,7097.0,7097.0,,11.103,55.633,,,,0.0,,,,,,,,,,15420.0,15449.0,0.0,0.0,30.0,0.0,30.0,0.0,30.0,0.0,0.0,20.0,0.0,0.0,0.0,0.0,0.0,0.0,battery2_v
2020-12-12T06:00:00Z,30.0,30.0,,,,,14097.333,14688.0,,,,11.864,11.911,,,,7097.0,7097.0,7097.0,,13.448,100.5,,,,0.0,,,,,,,,,,15450.0,15479.0,0.0,0.0,30.0,0.0,30.0,0.0,30.0,0.0,0.0,26.0,0.0,0.0,0.0,0.0,0.0,0.0,battery2_v
2020-12-12T07:00:00Z,30.0,30.0,,,,,14075.7,14699.0,,,,11.878,11.972,,,,7097.0,7097.0,7097.0,,25.367,126.767,,,,0.0,,,,,,,,,,15480.0,15509.0,0.0,0.0,30.0,0.0,30.0,0.0,30.0,0.0,0.0,30.0,0.0,0.0,0.0,0.0,0.0,0.0,battery2_v
2020-12-12T08:00:00Z,30.0,30.0,,,,,14085.967,14138.0,,,,11.816,11.92,,,,7097.0,7097.0,7097.0,,10.286,103.867,,,,0.0,,,,,,,,,,15510.0,15539.0,0.0,0.0,30.0,0.0,30.0,0.0,30.0,0.0,0.0,30.0,0.0,0.0,0.0,0.0,0.0,0.0,battery2_v
2020-12-12T09:00:00Z,30.0,30.0,,,,,13492.6,14208.0,,,,11.774,11.821,,,,7097.0,7097.0,7097.0,,-4.741,60.367,,,,0.0,,,,,,,,,,15540.0,15569.0,0.0,0.0,30.0,0.0,30.0,0.0,30.0,0.0,0.0,23.0,0.0,0.0,0.0,0.0,0.0,0.0,battery2_v
2020-12-12T10:00:00Z,29.0,29.0,,,,,8029.172,14302.0,,,,11.67,11.811,,,,7097.0,7097.0,7097.0,,-9.414,88.828,,,,0.0,,,,,,,,,,15570.0,15598.0,0.0,0.0,29.0,0.0,29.0,0.0,29.0,0.0,3.0,26.0,0.0,0.0,0.0,0.0,0.0,0.0,battery2_v
2020-12-12T11:00:00Z,30.0,30.0,,,,,1954.0,1970.0,,,,11.797,11.807,,,,7097.0,7097.0,7097.0,,1.0,86.433,,,,0.0,,,,,,,,,,15599.0,15628.0,0.0,0.0,30.0,0.0,30.0,0.0,30.0,0.0,0.0,30.0,0.0,0.0,0.0,0.0,0.0,0.0,battery2_v
2020-12-12T12:00:00Z,30.0,30.0,,,,,1950.833,1970.0,,,,11.793,11.802,,,,7097.0,7097.0,7097.0,,0.367,77.6,,,,0.0,,,,,,,,,,15629.0,15658.0,0.0,0.0,30.0,0.0,30.0,0.0,30.0,0.0,0.0,30.0,0.0,0.0,0.0,0.0,0.0,0.0,battery2_v
2020-12-12T13:00:00Z,29.0,29.0,,,,,1949.759,1958.0,,,,11.788,11.807,,,,7097.0,7097.0,7097.0,,0.241,75.552,,,,0.0,,,,,,,,,,15659.0,15688.0,0.0,0.0,29.0,0.0,29.0,0.0,29.0,0.0,0.0,29.0,0.0,0.0,0.0,0.0,0.0,0.0,battery2_v
2020-12-12T14:00:00Z,29.0,29.0,,,,,1955.103,1970.0,,,,11.793,11.802,,,,7097.0,7097.0,7097.0,,0.172,75.034,,,,0.0,,,,,,,,,,15689.0,15718.0,0.0,0.0,29.0,0.0,29.0,0.0,29.0,0.0,0.0,29.0,0.0,0.0,0.0,0.0,0.0,0.0,battery2_v
2020-12-12T15:00:00Z,30.0,30.0,,,,,1961.567,1981.0,,,,11.783,11.802,,,,7097.0,7097.0,7097.0,,0.133,72.267,,,,0.0,,,,,,,,,,15719.0,15748.0,0.0,0.0,30.0,0.0,30.0,0.0,30.0,0.0,0.0,30.0,0.0,0.0,0.0,0.0,0.0,0.0,battery2_v
2020-12-12T16:00:00Z,30.0,30.0,,,,,1966.3,1981.0,,,,11.783,11.793,,,,7097.0,7097.0,7097.0,,0.133,72.267,,,,0.0,,,,,,,,,,15749.0,15778.0,0.0,0.0,30.0,0.0,30.0,0.0,30.0,0.0,0.0,30.0,0.0,0.0,0.0,0.0,0.0,0.0,battery2_v
2020-12-12T17:00:00Z,28.0,28.0,,,,,1976.857,1993.0,,,,11.774,11.788,,,,7097.0,7097.0,7097.0,,0.107,70.464,,,,0.0,,,,,,,,,,15779.0,15807.0,0.0,0.0,28.0,0.0,28.0,0.0,28.0,0.0,0.0,28.0,0.0,0.0,0.0,0.0,0.0,0.0,battery2_v
2020-12-12T18:00:00Z,30.0,30.0,,,,,1983.9,1993.0,,,,11.774,11.788,,,,7097.0,7097.0,7097.0,,0.2,75.467,,,,0.0,,,,,,,,,,15808.0,15837.0,0.0,0.0,30.0,0.0,30.0,0.0,30.0,0.0,0.0,30.0,0.0,0.0,0.0,0.0,0.0,0.0,battery2_v
2020-12-12T19:00:00Z,30.0,30.0,,,,,1988.2,2005.0,,,,11.769,11.783,,,,7097.0,7097.0,7097.0,,0.4,76.0,,,,0.0,,,,,,,,,,15838.0,15867.0,0.0,0.0,30.0,0.0,30.0,0.0,30.0,0.0,0.0,30.0,0.0,0.0,0.0,0.0,0.0,0.0,battery2_v
2020-12-12T20:00:00Z,30.0,30.0,,,,,1996.2,2017.0,,,,11.764,11.783,,,,7097.0,7097.0,7097.0,,0.2,76.0,,,,0.0,,,,,,,,,,15868.0,15897.0,0.0,0.0,30.0,0.0,30.0,0.0,30.0,0.0,0.0,30.0,0.0,0.0,0.0,0.0,0.0,0.0,battery2_v
2020-12-12T21:00:00Z,30.0,30.0,,,,,2003.0,2017.0,,,,11.764,11.778,,,,7097.0,7097.0,7097.0,,0.433,78.667,,,,0.0,,,,,,,,,,15898.0,15927.0,0.0,0.0,30.0,0.0,30.0,0.0,30.0,0.0,0.0,30.0,0.0,0.0,0.0,0.0,0.0,0.0,battery2_v
2020-12-12T22:00:00Z,30.0,30.0,,,,,2088.467,2637.0,,,,11.759,11.774,,,,7097.0,7097.0,7097.0,,0.9,80.267,,,,0.0,,,,,,,,,,15928.0,15957.0,0.0,0.0,30.0,0.0,30.0,0.0,30.0,0.0,0.0,30.0,0.0,0.0,0.0,0.0,0.0,0.0,battery2_v
2020-12-12T23:00:00Z,30.0,30.0,,,,,6739.433,14360.0,,,,11.627,11.774,,,,7097.0,7097.0,7097.0,,-6.867,71.433,,,,0.0,,,,,,,,,,15958.0,15987.0,0.0,0.0,30.0,0.0,30.0,0.0,30.0,0.0,4.0,26.0,0.0,0.0,0.0,0.0,0.0,0.0,battery2_v
2020-12-13T00:00:00Z,29.0,29.0,,,,,14231.345,14348.0,,,,11.636,11.821,,,,7097.0,7097.0,7097.0,,-5.241,62.517,,,,0.0,,,,,,,,,,15988.0,16017.0,0.0,0.0,29.0,0.0,29.0,0.0,29.0,0.0,4.0,25.0,0.0,0.0,0.0,0.0,0.0,0.0,battery2_v
2020-12-13T01:00:00Z,29.0,29.0,,,,,14156.379,14220.0,,,,11.764,11.878,,,,7097.0,7097.0,7097.0,,14.793,82.172,,,,0.0,,,,,,,,,,16018.0,16047.0,0.0,0.0,29.0,0.0,29.0,0.0,29.0,0.0,0.0,29.0,0.0,0.0,0.0,0.0,0.0,0.0,battery2_v
2020-12-13T02:00:00Z,30.0,30.0,,,,,14172.4,14793.0,,,,11.736,11.807,,,,7097.0,7097.0,7097.0,,2.433,81.567,,,,0.0,,,,,,,,,,16048.0,16077.0,0.0,0.0,30.0,0.0,30.0,0.0,30.0,0.0,0.0,25.0,0.0,0.0,0.0,0.0,0.0,0.0,battery2_v
2020-12-13T03:00:00Z,27.0,27.0,,,,,14050.185,14161.0,,,,11.807,11.991,,,,7097.0,7097.0,7097.0,,39.185,136.815,,,,0.0,,,,,,,,,,16078.0,16106.0,0.0,0.0,27.0,0.0,27.0,0.0,27.0,0.0,10.0,27.0,0.0,0.0,0.0,0.0,0.0,0.0,battery2_v
2020-12-13T04:00:00Z,30.0,30.0,,,,,14004.033,14653.0,,,,11.939,12.043,,,,7097.0,7097.0,7097.0,,42.967,131.333,,,,0.0,,,,,,,,,,16107.0,16136.0,0.0,0.0,30.0,0.0,30.0,0.0,30.0,0.0,9.0,30.0,0.0,0.0,0.0,0.0,0.0,0.0,battery2_v
2020-12-13T05:00:00Z,30.0,30.0,,,,,14083.533,14442.0,,,,11.816,11.982,,,,7097.0,7097.0,7097.0,,16.148,81.567,,,,0.0,,,,,,,,,,16137.0,16166.0,0.0,0.0,30.0,0.0,30.0,0.0,30.0,0.0,0.0,30.0,0.0,0.0,0.0,0.0,0.0,0.0,battery2_v
2020-12-13T06:00:00Z,30.0,30.0,,,,,13819.933,14231.0,,,,11.755,11.953,,,,7097.0,7097.0,7097.0,,2.733,87.3,,,,0.0,,,,,,,,,,16167.0,16196.0,0.0,0.0,30.0,0.0,30.0,0.0,30.0,0.0,0.0,30.0,0.0,0.0,0.0,0.0,0.0,0.0,battery2_v
2020-12-13T07:00:00Z,30.0,30.0,,,,,13890.833,14243.0,,,,11.741,11.783,,,,7097.0,7097.0,7097.0,,-0.633,82.833,,,,0.0,,,,,,,,,,16197.0,16226.0,0.0,0.0,30.0,0.0,30.0,0.0,30.0,0.0,0.0,30.0,0.0,0.0,0.0,0.0,0.0,0.0,battery2_v
2020-12-13T08:00:00Z,30.0,30.0,,,,,14197.467,14220.0,,,,11.769,11.793,,,,7097.0,7097.0,7097.0,,8.867,102.5,,,,0.0,,,,,,,,,,16227.0,16256.0,0.0,0.0,30.0,0.0,30.0,0.0,30.0,0.0,0.0,30.0,0.0,0.0,0.0,0.0,0.0,0.0,battery2_v
2020-12-13T09:00:00Z,30.0,30.0,,,,,14250.7,14278.0,,,,11.707,11.774,,,,7097.0,7097.0,7097.0,,-5.533,79.567,,,,0.0,,,,,,,,,,16257.0,16286.0,0.0,0.0,30.0,0.0,30.0,0.0,30.0,0.0,0.0,30.0,0.0,0.0,0.0,0.0,0.0,0.0,battery2_v
2020-12-13T10:00:00Z,30.0,30.0,,,,,7944.033,14383.0,,,,11.608,11.745,,,,7097.0,7097.0,7097.0,,-19.2,59.867,,,,0.0,,,,,,,,,,16287.0,16316.0,0.0,0.0,30.0,0.0,30.0,0.0,30.0,0.0,4.0,22.0,0.0,0.0,0.0,0.0,0.0,0.0,battery2_v
2020-12-13T11:00:00Z,29.0,29.0,,,,,2082.414,2098.0,,,,11.736,11.75,,,,7097.0,7097.0,7097.0,,0.103,72.0,,,,0.0,,,,,,,,,,16317.0,16345.0,0.0,0.0,29.0,0.0,29.0,0.0,29.0,0.0,0.0,29.0,0.0,0.0,0.0,0.0,0.0,0.0,battery2_v
2020-12-13T12:00:00Z,30.0,30.0,,,,,2074.6,2098.0,,,,11.736,11.745,,,,7097.0,7097.0,7097.0,,0.067,71.433,,,,0.0,,,,,,,,,,16346.0,16375.0,0.0,0.0,30.0,0.0,30.0,0.0,30.0,0.0,0.0,30.0,0.0,0.0,0.0,0.0,0.0,0.0,battery2_v
2020-12-13T13:00:00Z,30.0,30.0,,,,,2077.767,2098.0,,,,11.731,11.745,,,,7097.0,7097.0,7097.0,,0.133,72.8,,,,0.0,,,,,,,,,,16376.0,16405.0,0.0,0.0,30.0,0.0,30.0,0.0,30.0,0.0,0.0,30.0,0.0,0.0,0.0,0.0,0.0,0.0,battery2_v
2020-12-13T14:00:00Z,29.0,29.0,,,,,2096.379,2122.0,,,,11.726,11.741,,,,7097.0,7097.0,7097.0,,0.0,70.276,,,,0.0,,,,,,,,,,16406.0,16435.0,0.0,0.0,29.0,0.0,29.0,0.0,29.0,0.0,0.0,29.0,0.0,0.0,0.0,0.0,0.0,0.0,battery2_v
2020-12-13T15:00:00Z,30.0,30.0,,,,,2124.367,2145.0,,,,11.726,11.736,,,,7097.0,7097.0,7097.0,,0.067,68.467,,,,0.0,,,,,,,,,,16436.0,16465.0,0.0,0.0,30.0,0.0,30.0,0.0,30.0,0.0,0.0,30.0,0.0,0.0,0.0,0.0,0.0,0.0,battery2_v
2020-12-13T16:00:00Z,30.0,30.0,,,,,2127.5,2145.0,,,,11.722,11.731,,,,7097.0,7097.0,7097.0,,0.0,67.867,,,,0.0,,,,,,,,,,16466.0,16495.0,0.0,0.0,30.0,0.0,30.0,0.0,30.0,0.0,0.0,30.0,0.0,0.0,0.0,0.0,0.0,0.0,battery2_v
2020-12-13T17:00:00Z,30.0,30.0,,,,,2120.8,2134.0,,,,11.722,11.731,,,,7097.0,7097.0,7097.0,,0.033,68.733,,,,0.0,,,,,,,,,,16496.0,16525.0,0.0,0.0,30.0,0.0,30.0,0.0,30.0,0.0,0.0,30.0,0.0,0.0,0.0,0.0,0.0,0.0,battery2_v
2020-12-13T18:00:00Z,28.0,28.0,,,,,2130.036,2145.0,,,,11.717,11.731,,,,7097.0,7097.0,7097.0,,3.821,120.25,,,,0.0,,,,,,,,,,16526.0,16554.0,0.0,0.0,28.0,0.0,28.0,0.0,28.0,0.0,0.0,28.0,0.0,0.0,0.0,0.0,0.0,0.0,battery2_v
2020-12-13T19:00:00Z,30.0,30.0,,,,,2136.1,2145.0,,,,11.717,11.726,,,,7097.0,7097.0,7097.0,,2.233,101.367,,,,0.0,,,,,,,,,,16555.0,16584.0,0.0,0.0,30.0,0.0,30.0,0.0,30.0,0.0,0.0,30.0,0.0,0.0,0.0,0.0,0.0,0.0,battery2_v
2020-12-13T20:00:00Z,30.0,30.0,,,,,2140.267,2157.0,,,,11.707,11.726,,,,7097.0,7097.0,7097.0,,4.3,130.6,,,,0.0,,,,,,,,,,16585.0,16614.0,0.0,0.0,30.0,0.0,30.0,0.0,30.0,0.0,0.0,30.0,0.0,0.0,0.0,0.0,0.0,0.0,battery2_v
2020-12-13T21:00:00Z,30.0,30.0,,,,,2141.4,2157.0,,,,11.703,11.717,,,,7097.0,7097.0,7097.0,,2.067,100.933,,,,0.0,,,,,,,,,,16615.0,16644.0,0.0,0.0,30.0,0.0,30.0,0.0,30.0,0.0,0.0,30.0,0.0,0.0,0.0,0.0,0.0,0.0,battery2_v
2020-12-13T22:00:00Z,30.0,30.0,,,,,2223.9,2777.0,,,,11.703,11.712,,,,7097.0,7097.0,7097.0,,1.5,91.067,,,,0.0,,,,,,,,,,16645.0,16674.0,0.0,0.0,30.0,0.0,30.0,0.0,30.0,0.0,0.0,30.0,0.0,0.0,0.0,0.0,0.0,0.0,battery2_v
2020-12-13T23:00:00Z,30.0,30.0,,,,,11989.2,14442.0,,,,11.565,11.712,,,,7097.0,7097.0,7097.0,,-17.367,63.533,,,,0.0,,,,,,,,,,16675.0,16704.0,0.0,0.0,30.0,0.0,30.0,0.0,30.0,0.0,6.0,24.0,0.0,0.0,0.0,0.0,0.0,0.0,battery2_v
2020-12-14T00:00:00Z,24.0,24.0,,,,,14297.458,14313.0,,,,11.665,11.688,,,,7097.0,7097.0,7097.0,,-6.476,67.25,,,,0.0,,,,,,,,,,16705.0,16728.0,0.0,0.0,24.0,0.0,24.0,0.0,24.0,0.0,0.0,24.0,0.0,0.0,0.0,0.0,0.0,0.0,battery2_v
2020-12-14T01:00:00Z,29.0,29.0,,,,,14283.241,14863.0,,,,11.693,11.764,,,,7097.0,7097.0,7097.0,,6.759,78.966,,,,0.0,,,,,,,,,,16736.0,16764.0,0.0,0.0,29.0,0.0,29.0,0.0,29.0,0.0,0.0,29.0,0.0,0.0,0.0,0.0,0.0,0.0,battery2_v
2020-12-14T02:00:00Z,30.0,30.0,,,,,14235.733,14840.0,,,,11.759,11.816,,,,7097.0,7097.0,7097.0,,21.133,84.867,,,,0.0,,,,,,,,,,16765.0,16794.0,0.0,0.0,30.0,0.0,30.0,0.0,30.0,0.0,0.0,30.0,0.0,0.0,0.0,0.0,0.0,0.0,battery2_v
2020-12-14T03:00:00Z,28.0,28.0,,,,,14175.679,14805.0,,,,11.811,11.873,,,,7097.0,7097.0,7097.0,,27.536,84.107,,,,0.0,,,,,,,,,,16795.0,16823.0,0.0,0.0,28.0,0.0,28.0,0.0,28.0,0.0,0.0,28.0,0.0,0.0,0.0,0.0,0.0,0.0,battery2_v
2020-12-14T04:00:00Z,30.0,30.0,,,,,14107.367,14185.0,,,,11.797,11.906,,,,7097.0,7097.0,7097.0,,25.5,76.3,,,,0.0,,,,,,,,,,16824.0,16853.0,0.0,0.0,30.0,0.0,30.0,0.0,30.0,0.0,0.0,28.0,0.0,0.0,0.0,0.0,0.0,0.0,battery2_v
2020-12-14T05:00:00Z,29.0,29.0,,,,,14136.138,14734.0,,,,11.816,11.92,,,,7097.0,7097.0,7097.0,,28.138,69.345,,,,0.0,,,,,,,,,,16854.0,16883.0,0.0,0.0,29.0,0.0,29.0,0.0,29.0,0.0,0.0,26.0,0.0,0.0,0.0,0.0,0.0,0.0,battery2_v
2020-12-14T06:00:00Z,30.0,30.0,,,,,14105.833,14185.0,,,,11.793,11.949,,,,7097.0,7097.0,7097.0,,20.067,56.067,,,,0.0,,,,,,,,,,16884.0,16913.0,0.0,0.0,30.0,0.0,30.0,0.0,30.0,0.0,0.0,17.0,0.0,0.0,0.0,0.0,0.0,0.0,battery2_v
2020-12-14T07:00:00Z,29.0,29.0,,,,,14217.483,14278.0,,,,11.707,11.84,,,,7097.0,7097.0,7097.0,,-1.655,31.69,,,,0.0,,,,,,,,,,16914.0,16943.0,0.0,0.0,29.0,0.0,29.0,0.0,29.0,0.0,0.0,4.0,0.0,0.0,0.0,0.0,0.0,0.0,battery2_v
2020-12-14T08:00:00Z,30.0,30.0,,,,,13662.633,14851.0,,,,11.67,11.726,,,,7097.0,7097.0,7097.0,,-7.8,27.833,,,,0.0,,,,,,,,,,16944.0,16973.0,0.0,0.0,30.0,0.0,30.0,0.0,30.0,0.0,0.0,0.0,0.0,0.0,0.0,0.0,0.0,0.0,battery2_v
2020-12-14T09:00:00Z,30.0,30.0,,,,,13301.267,14348.0,,,,11.646,11.688,,,,7097.0,7097.0,7097.0,,-17.069,17.4,,,,0.0,,,,,,,,,,16974.0,17003.0,0.0,0.0,30.0,0.0,30.0,0.0,30.0,0.0,0.0,0.0,0.0,0.0,0.0,0.0,0.0,0.0,battery2_v
2020-12-14T10:00:00Z,29.0,29.0,,,,,7857.759,14465.0,,,,11.542,11.688,,,,7097.0,7097.0,7097.0,,-22.45,22.276,,,,0.0,,,,,,,,,,17004.0,17032.0,0.0,0.0,29.0,0.0,29.0,0.0,29.0,0.0,4.0,0.0,0.0,0.0,0.0,0.0,0.0,0.0,battery2_v
2020-12-14T11:00:00Z,24.0,24.0,,,,,2189.0,2204.0,,,,11.679,11.688,,,,7097.0,7097.0,7097.0,,0.0,46.292,,,,0.0,,,,,,,,,,17033.0,17056.0,0.0,0.0,24.0,0.0,24.0,0.0,24.0,0.0,0.0,6.0,0.0,0.0,0.0,0.0,0.0,0.0,battery2_v
2020-12-15T08:00:00Z,8.0,8.0,,,,,14257.75,14313.0,,,,11.731,11.741,,,,7097.0,7097.0,7097.0,,-0.667,82.25,,,,0.0,,,,,,,,,,539.0,546.0,0.0,0.0,8.0,0.0,8.0,0.0,8.0,0.0,0.0,8.0,0.0,0.0,0.0,0.0,0.0,0.0,battery2_v
2020-12-15T09:00:00Z,28.0,28.0,,,,,13594.107,14313.0,,,,11.665,11.731,,,,7097.0,7097.0,7097.0,,-7.667,94.643,,,,0.0,,,,,,,,,,547.0,576.0,0.0,0.0,28.0,0.0,28.0,0.0,28.0,0.0,0.0,28.0,0.0,0.0,0.0,0.0,0.0,0.0,battery2_v
2020-12-15T10:00:00Z,30.0,30.0,,,,,8838.067,14465.0,,,,11.537,11.679,,,,7097.0,7097.0,7097.0,,-21.385,58.7,,,,0.0,,,,,,,,,,577.0,606.0,0.0,0.0,30.0,0.0,30.0,0.0,30.0,0.0,6.0,20.0,0.0,0.0,0.0,0.0,0.0,0.0,battery2_v
2020-12-15T11:00:00Z,30.0,30.0,,,,,2277.867,2297.0,,,,11.655,11.67,,,,7097.0,7097.0,7097.0,,0.4,102.033,,,,0.0,,,,,,,,,,607.0,636.0,0.0,0.0,30.0,0.0,30.0,0.0,30.0,0.0,0.0,30.0,0.0,0.0,0.0,0.0,0.0,0.0,battery2_v
2020-12-15T12:00:00Z,30.0,30.0,,,,,2298.767,2309.0,,,,11.646,11.665,,,,7097.0,7097.0,7097.0,,0.593,103.933,,,,0.0,,,,,,,,,,637.0,666.0,0.0,0.0,30.0,0.0,30.0,0.0,30.0,0.0,0.0,30.0,0.0,0.0,0.0,0.0,0.0,0.0,battery2_v
2020-12-15T13:00:00Z,29.0,29.0,,,,,2307.345,2321.0,,,,11.641,11.655,,,,7097.0,7097.0,7097.0,,2.444,123.655,,,,0.0,,,,,,,,,,667.0,696.0,0.0,0.0,29.0,0.0,29.0,0.0,29.0,0.0,0.0,29.0,0.0,0.0,0.0,0.0,0.0,0.0,battery2_v
2020-12-15T14:00:00Z,30.0,30.0,,,,,2312.167,2332.0,,,,11.632,11.651,,,,7097.0,7097.0,7097.0,,2.3,126.333,,,,0.0,,,,,,,,,,697.0,726.0,0.0,0.0,30.0,0.0,30.0,0.0,30.0,0.0,0.0,30.0,0.0,0.0,0.0,0.0,0.0,0.0,battery2_v
2020-12-15T15:00:00Z,29.0,29.0,,,,,2321.655,2332.0,,,,11.627,11.641,,,,7097.0,7097.0,7097.0,,0.0,94.724,,,,0.0,,,,,,,,,,727.0,755.0,0.0,0.0,29.0,0.0,29.0,0.0,29.0,0.0,0.0,29.0,0.0,0.0,0.0,0.0,0.0,0.0,battery2_v
2020-12-15T16:00:00Z,29.0,29.0,,,,,2325.103,2344.0,,,,11.622,11.636,,,,7097.0,7097.0,7097.0,,0.0,81.724,,,,0.0,,,,,,,,,,756.0,785.0,0.0,0.0,29.0,0.0,29.0,0.0,29.0,0.0,0.0,29.0,0.0,0.0,0.0,0.0,0.0,0.0,battery2_v
2020-12-15T17:00:00Z,30.0,30.0,,,,,2323.9,2332.0,,,,11.622,11.632,,,,7097.0,7097.0,7097.0,,0.0,77.333,,,,0.0,,,,,,,,,,786.0,815.0,0.0,0.0,30.0,0.0,30.0,0.0,30.0,0.0,0.0,30.0,0.0,0.0,0.0,0.0,0.0,0.0,battery2_v
2020-12-15T18:00:00Z,28.0,28.0,,,,,2327.786,2344.0,,,,11.618,11.632,,,,7097.0,7097.0,7097.0,,0.0,77.429,,,,0.0,,,,,,,,,,816.0,845.0,0.0,0.0,28.0,0.0,28.0,0.0,28.0,0.0,0.0,28.0,0.0,0.0,0.0,0.0,0.0,0.0,battery2_v
2020-12-15T19:00:00Z,29.0,29.0,,,,,2332.172,2344.0,,,,11.618,11.627,,,,7097.0,7097.0,7097.0,,-1.0,78.621,,,,0.0,,,,,,,,,,846.0,874.0,0.0,0.0,29.0,0.0,29.0,0.0,29.0,0.0,0.0,29.0,0.0,0.0,0.0,0.0,0.0,0.0,battery2_v
2020-12-15T20:00:00Z,30.0,30.0,,,,,2342.8,2356.0,,,,11.608,11.622,,,,7097.0,7097.0,7097.0,,0.0,78.133,,,,0.0,,,,,,,,,,875.0,904.0,0.0,0.0,30.0,0.0,30.0,0.0,30.0,0.0,0.0,30.0,0.0,0.0,0.0,0.0,0.0,0.0,battery2_v
2020-12-15T21:00:00Z,30.0,30.0,,,,,2348.0,2356.0,,,,11.608,11.618,,,,7097.0,7097.0,7097.0,,0.0,81.867,,,,0.0,,,,,,,,,,905.0,934.0,0.0,0.0,30.0,0.0,30.0,0.0,30.0,0.0,0.0,30.0,0.0,0.0,0.0,0.0,0.0,0.0,battery2_v
2020-12-15T22:00:00Z,30.0,30.0,,,,,2421.5,2906.0,,,,11.599,11.618,,,,7097.0,7097.0,7097.0,,0.0,80.267,,,,0.0,,,,,,,,,,935.0,964.0,0.0,0.0,30.0,0.0,30.0,0.0,30.0,0.0,0.0,30.0,0.0,0.0,0.0,0.0,0.0,0.0,battery2_v
2020-12-15T23:00:00Z,30.0,30.0,,,,,11493.867,14559.0,,,,11.466,11.613,,,,7097.0,7097.0,7097.0,,-24.115,50.567,,,,0.0,,,,,,,,,,965.0,994.0,0.0,0.0,30.0,0.0,30.0,0.0,30.0,0.0,8.0,13.0,0.0,0.0,0.0,0.0,0.0,0.0,battery2_v
2020-12-16T00:00:00Z,30.0,30.0,,,,,14446.4,14454.0,,,,11.551,11.57,,,,7097.0,7097.0,7097.0,,-13.0,55.533,,,,0.0,,,,,,,,,,995.0,1024.0,0.0,0.0,30.0,0.0,30.0,0.0,30.0,0.0,0.0,22.0,0.0,0.0,0.0,0.0,0.0,0.0,battery2_v
2020-12-16T01:00:00Z,30.0,30.0,,,,,14269.733,14454.0,,,,11.556,11.67,,,,7097.0,7097.0,7097.0,,-3.034,66.5,,,,0.0,,,,,,,,,,1025.0,1054.0,0.0,0.0,30.0,0.0,30.0,0.0,30.0,0.0,0.0,28.0,0.0,0.0,0.0,0.0,0.0,0.0,battery2_v
2020-12-16T02:00:00Z,29.0,29.0,,,,,14314.138,14500.0,,,,11.636,11.703,,,,7097.0,7097.0,7097.0,,18.655,81.414,,,,0.0,,,,,,,,,,1055.0,1084.0,0.0,0.0,29.0,0.0,29.0,0.0,29.0,0.0,0.0,29.0,0.0,0.0,0.0,0.0,0.0,0.0,battery2_v
2020-12-16T03:00:00Z,29.0,29.0,,,,,14286.862,14816.0,,,,11.698,11.745,,,,7097.0,7097.0,7097.0,,22.483,77.759,,,,0.0,,,,,,,,,,1085.0,1113.0,0.0,0.0,29.0,0.0,29.0,0.0,29.0,0.0,0.0,29.0,0.0,0.0,0.0,0.0,0.0,0.0,battery2_v
2020-12-16T04:00:00Z,20.0,20.0,,,,,14329.6,14922.0,,,,11.707,11.736,,,,7097.0,7097.0,7097.0,,18.6,67.9,,,,0.0,,,,,,,,,,1114.0,1133.0,0.0,0.0,20.0,0.0,20.0,0.0,20.0,0.0,0.0,19.0,0.0,0.0,0.0,0.0,0.0,0.0,battery2_v
2020-12-16T09:00:00Z,12.0,12.0,,,,,14428.333,14454.0,,,,11.556,11.594,,,,7097.0,7097.0,7097.0,,-2.667,110.583,,,,0.0,,,,,,,,,,1256.0,1267.0,0.0,0.0,12.0,0.0,12.0,0.0,12.0,0.0,0.0,12.0,0.0,0.0,0.0,0.0,0.0,0.0,battery2_v
2020-12-16T10:00:00Z,30.0,30.0,,,,,8990.8,14594.0,,,,11.442,11.58,,,,7097.0,7097.0,7097.0,,-19.769,61.933,,,,0.0,,,,,,,,,,1268.0,1297.0,0.0,0.0,30.0,0.0,30.0,0.0,30.0,0.0,6.0,24.0,0.0,0.0,0.0,0.0,0.0,0.0,battery2_v
2020-12-16T11:00:00Z,29.0,29.0,,,,,2453.793,2485.0,,,,11.57,11.584,,,,7097.0,7097.0,7097.0,,0.0,96.621,,,,0.0,,,,,,,,,,1298.0,1327.0,0.0,0.0,29.0,0.0,29.0,0.0,29.0,0.0,0.0,29.0,0.0,0.0,0.0,0.0,0.0,0.0,battery2_v
2020-12-16T12:00:00Z,30.0,30.0,,,,,2450.8,2473.0,,,,11.565,11.575,,,,7097.0,7097.0,7097.0,,0.0,80.8,,,,0.0,,,,,,,,,,1328.0,1357.0,0.0,0.0,30.0,0.0,30.0,0.0,30.0,0.0,0.0,30.0,0.0,0.0,0.0,0.0,0.0,0.0,battery2_v
2020-12-16T13:00:00Z,28.0,28.0,,,,,2458.429,2473.0,,,,11.561,11.575,,,,7097.0,7097.0,7097.0,,-0.4,78.0,,,,0.0,,,,,,,,,,1358.0,1386.0,0.0,0.0,28.0,0.0,28.0,0.0,28.0,0.0,0.0,28.0,0.0,0.0,0.0,0.0,0.0,0.0,battery2_v
2020-12-16T14:00:00Z,30.0,30.0,,,,,2462.2,2473.0,,,,11.561,11.57,,,,7097.0,7097.0,7097.0,,-0.286,77.867,,,,0.0,,,,,,,,,,1387.0,1416.0,0.0,0.0,30.0,0.0,30.0,0.0,30.0,0.0,0.0,30.0,0.0,0.0,0.0,0.0,0.0,0.0,battery2_v
2020-12-16T15:00:00Z,29.0,29.0,,,,,2474.586,2496.0,,,,11.551,11.57,,,,7097.0,7097.0,7097.0,,-2.0,73.931,,,,0.0,,,,,,,,,,1417.0,1446.0,0.0,0.0,29.0,0.0,29.0,0.0,29.0,0.0,0.0,29.0,0.0,0.0,0.0,0.0,0.0,0.0,battery2_v
2020-12-16T16:00:00Z,27.0,27.0,,,,,2490.296,2508.0,,,,11.547,11.561,,,,7097.0,7097.0,7097.0,,-2.0,72.852,,,,0.0,,,,,,,,,,1447.0,1475.0,0.0,0.0,27.0,0.0,27.0,0.0,27.0,0.0,0.0,27.0,0.0,0.0,0.0,0.0,0.0,0.0,battery2_v
2020-12-16T17:00:00Z,29.0,29.0,,,,,2493.931,2508.0,,,,11.547,11.556,,,,7097.0,7097.0,7097.0,,-2.0,71.724,,,,0.0,,,,,,,,,,1476.0,1505.0,0.0,0.0,29.0,0.0,29.0,0.0,29.0,0.0,0.0,29.0,0.0,0.0,0.0,0.0,0.0,0.0,battery2_v
2020-12-16T18:00:00Z,30.0,30.0,,,,,2499.267,2508.0,,,,11.542,11.551,,,,7097.0,7097.0,7097.0,,-1.5,74.633,,,,0.0,,,,,,,,,,1506.0,1535.0,0.0,0.0,30.0,0.0,30.0,0.0,30.0,0.0,0.0,30.0,0.0,0.0,0.0,0.0,0.0,0.0,battery2_v
2020-12-16T19:00:00Z,29.0,29.0,,,,,2507.586,2520.0,,,,11.537,11.547,,,,7097.0,7097.0,7097.0,,-2.0,73.379,,,,0.0,,,,,,,,,,1536.0,1565.0,0.0,0.0,29.0,0.0,29.0,0.0,29.0,0.0,0.0,29.0,0.0,0.0,0.0,0.0,0.0,0.0,battery2_v
2020-12-16T20:00:00Z,30.0,30.0,,,,,2515.5,2531.0,,,,11.532,11.547,,,,7097.0,7097.0,7097.0,,-1.0,75.7,,,,0.0,,,,,,,,,,1566.0,1595.0,0.0,0.0,30.0,0.0,30.0,0.0,30.0,0.0,0.0,30.0,0.0,0.0,0.0,0.0,0.0,0.0,battery2_v
2020-12-16T21:00:00Z,30.0,30.0,,,,,2525.533,2543.0,,,,11.528,11.542,,,,7097.0,7097.0,7097.0,,0.0,77.9,,,,0.0,,,,,,,,,,1596.0,1625.0,0.0,0.0,30.0,0.0,30.0,0.0,30.0,0.0,0.0,30.0,0.0,0.0,0.0,0.0,0.0,0.0,battery2_v
2020-12-16T22:00:00Z,28.0,28.0,,,,,2566.679,2929.0,,,,11.528,11.537,,,,7097.0,7097.0,7097.0,,0.0,80.607,,,,0.0,,,,,,,,,,1626.0,1654.0,0.0,0.0,28.0,0.0,28.0,0.0,28.0,0.0,0.0,28.0,0.0,0.0,0.0,0.0,0.0,0.0,battery2_v
2020-12-16T23:00:00Z,30.0,30.0,,,,,11338.5,14641.0,,,,11.39,11.537,,,,7097.0,7097.0,7097.0,,-19.375,61.033,,,,0.0,,,,,,,,,,1655.0,1684.0,0.0,0.0,30.0,0.0,30.0,0.0,30.0,0.0,4.0,22.0,0.0,0.0,0.0,0.0,0.0,0.0,battery2_v
2020-12-17T00:00:00Z,29.0,29.0,,,,,13861.759,14536.0,,,,11.49,11.547,,,,7097.0,7097.0,7097.0,,-7.643,65.966,,,,0.0,,,,,,,,,,1685.0,1714.0,0.0,0.0,29.0,0.0,29.0,0.0,29.0,0.0,0.0,29.0,0.0,0.0,0.0,0.0,0.0,0.0,battery2_v
2020-12-17T01:00:00Z,30.0,30.0,,,,,14490.267,15062.0,,,,11.518,11.58,,,,7097.0,7097.0,7097.0,,4.5,69.433,,,,0.0,,,,,,,,,,1715.0,1744.0,0.0,0.0,30.0,0.0,30.0,0.0,30.0,0.0,0.0,30.0,0.0,0.0,0.0,0.0,0.0,0.0,battery2_v
2020-12-17T02:00:00Z,30.0,30.0,,,,,14383.033,14419.0,,,,11.594,11.646,,,,7097.0,7097.0,7097.0,,18.633,82.133,,,,0.0,,,,,,,,,,1745.0,1774.0,0.0,0.0,30.0,0.0,30.0,0.0,30.0,0.0,0.0,30.0,0.0,0.0,0.0,0.0,0.0,0.0,battery2_v
2020-12-17T03:00:00Z,30.0,30.0,,,,,14351.9,14980.0,,,,11.632,11.722,,,,7097.0,7097.0,7097.0,,23.967,75.367,,,,0.0,,,,,,,,,,1775.0,1804.0,0.0,0.0,30.0,0.0,30.0,0.0,30.0,0.0,0.0,30.0,0.0,0.0,0.0,0.0,0.0,0.0,battery2_v
2020-12-17T04:00:00Z,30.0,30.0,,,,,14335.167,14407.0,,,,11.594,11.693,,,,7097.0,7097.0,7097.0,,14.552,62.9,,,,0.0,,,,,,,,,,1805.0,1834.0,0.0,0.0,30.0,0.0,30.0,0.0,30.0,0.0,0.0,25.0,0.0,0.0,0.0,0.0,0.0,0.0,battery2_v
2020-12-17T05:00:00Z,30.0,30.0,,,,,14301.6,14407.0,,,,11.594,11.75,,,,7097.0,7097.0,7097.0,,23.333,68.3,,,,0.0,,,,,,,,,,1835.0,1864.0,0.0,0.0,30.0,0.0,30.0,0.0,30.0,0.0,0.0,27.0,0.0,0.0,0.0,0.0,0.0,0.0,battery2_v
2020-12-17T06:00:00Z,30.0,30.0,,,,,14343.1,14395.0,,,,11.599,11.731,,,,7097.0,7097.0,7097.0,,12.071,52.3,,,,0.0,,,,,,,,,,1865.0,1894.0,0.0,0.0,30.0,0.0,30.0,0.0,30.0,0.0,0.0,14.0,0.0,0.0,0.0,0.0,0.0,0.0,battery2_v
2020-12-17T07:00:00Z,29.0,29.0,,,,,14359.586,14407.0,,,,11.594,11.698,,,,7097.0,7097.0,7097.0,,12.793,50.207,,,,0.0,,,,,,,,,,1895.0,1923.0,0.0,0.0,29.0,0.0,29.0,0.0,29.0,0.0,0.0,14.0,0.0,0.0,0.0,0.0,0.0,0.0,battery2_v
2020-12-17T08:00:00Z,30.0,30.0,,,,,14413.833,14992.0,,,,11.537,11.703,,,,7097.0,7097.0,7097.0,,5.633,35.1,,,,0.0,,,,,,,,,,1924.0,1953.0,0.0,0.0,30.0,0.0,30.0,0.0,30.0,0.0,0.0,6.0,0.0,0.0,0.0,0.0,0.0,0.0,battery2_v
2020-12-17T09:00:00Z,30.0,30.0,,,,,14505.833,14559.0,,,,11.471,11.551,,,,7097.0,7097.0,7097.0,,-12.667,18.467,,,,0.0,,,,,,,,,,1954.0,1983.0,0.0,0.0,30.0,0.0,30.0,0.0,30.0,0.0,0.0,0.0,0.0,0.0,0.0,0.0,0.0,0.0,battery2_v
2020-12-17T10:00:00Z,30.0,30.0,,,,,9924.7,14653.0,,,,11.372,11.513,,,,7097.0,7097.0,7097.0,,-25.167,4.8,,,,0.0,,,,,,,,,,1984.0,2013.0,0.0,0.0,30.0,0.0,30.0,0.0,30.0,0.0,7.0,0.0,0.0,0.0,0.0,0.0,0.0,0.0,battery2_v
2020-12-17T11:00:00Z,30.0,30.0,,,,,2597.1,2625.0,,,,11.504,11.513,,,,7097.0,7097.0,7097.0,,-4.4,34.033,,,,0.0,,,,,,,,,,2014.0,2043.0,0.0,0.0,30.0,0.0,30.0,0.0,30.0,0.0,0.0,0.0,0.0,0.0,0.0,0.0,0.0,0.0,battery2_v
2020-12-17T12:00:00Z,30.0,30.0,,,,,2614.1,2637.0,,,,11.499,11.509,,,,7097.0,7097.0,7097.0,,-3.52,49.567,,,,0.0,,,,,,,,,,2044.0,2073.0,0.0,0.0,30.0,0.0,30.0,0.0,30.0,0.0,0.0,11.0,0.0,0.0,0.0,0.0,0.0,0.0,battery2_v
2020-12-17T13:00:00Z,30.0,30.0,,,,,2631.7,2648.0,,,,11.499,11.509,,,,7097.0,7097.0,7097.0,,-0.154,91.433,,,,0.0,,,,,,,,,,2074.0,2103.0,0.0,0.0,30.0,0.0,30.0,0.0,30.0,0.0,0.0,30.0,0.0,0.0,0.0,0.0,0.0,0.0,battery2_v
2020-12-17T14:00:00Z,28.0,28.0,,,,,2637.964,2648.0,,,,11.49,11.504,,,,7097.0,7097.0,7097.0,,-1.727,71.393,,,,0.0,,,,,,,,,,2104.0,2132.0,0.0,0.0,28.0,0.0,28.0,0.0,28.0,0.0,0.0,28.0,0.0,0.0,0.0,0.0,0.0,0.0,battery2_v
2020-12-17T15:00:00Z,29.0,29.0,,,,,2636.379,2648.0,,,,11.49,11.499,,,,7097.0,7097.0,7097.0,,-2.143,63.828,,,,0.0,,,,,,,,,,2133.0,2162.0,0.0,0.0,29.0,0.0,29.0,0.0,29.0,0.0,0.0,29.0,0.0,0.0,0.0,0.0,0.0,0.0,battery2_v
2020-12-17T16:00:00Z,29.0,29.0,,,,,2662.207,2672.0,,,,11.485,11.495,,,,7097.0,7097.0,7097.0,,-2.31,61.793,,,,0.0,,,,,,,,,,2163.0,2192.0,0.0,0.0,29.0,0.0,29.0,0.0,29.0,0.0,0.0,28.0,0.0,0.0,0.0,0.0,0.0,0.0,battery2_v
2020-12-17T17:00:00Z,29.0,29.0,,,,,2662.897,2672.0,,,,11.476,11.49,,,,7097.0,7097.0,7097.0,,-2.138,59.345,,,,0.0,,,,,,,,,,2193.0,2222.0,0.0,0.0,29.0,0.0,29.0,0.0,29.0,0.0,0.0,28.0,0.0,0.0,0.0,0.0,0.0,0.0,battery2_v
2020-12-17T18:00:00Z,30.0,30.0,,,,,2662.0,2672.0,,,,11.471,11.485,,,,7097.0,7097.0,7097.0,,-2.037,62.067,,,,0.0,,,,,,,,,,2223.0,2252.0,0.0,0.0,30.0,0.0,30.0,0.0,30.0,0.0,0.0,30.0,0.0,0.0,0.0,0.0,0.0,0.0,battery2_v
2020-12-17T19:00:00Z,30.0,30.0,,,,,2667.133,2683.0,,,,11.461,11.48,,,,7097.0,7097.0,7097.0,,-2.0,67.4,,,,0.0,,,,,,,,,,2253.0,2282.0,0.0,0.0,30.0,0.0,30.0,0.0,30.0,0.0,0.0,30.0,0.0,0.0,0.0,0.0,0.0,0.0,battery2_v
2020-12-17T20:00:00Z,28.0,28.0,,,,,2677.107,2683.0,,,,11.461,11.476,,,,7097.0,7097.0,7097.0,,-2.0,67.071,,,,0.0,,,,,,,,,,2283.0,2311.0,0.0,0.0,28.0,0.0,28.0,0.0,28.0,0.0,0.0,28.0,0.0,0.0,0.0,0.0,0.0,0.0,battery2_v
2020-12-17T21:00:00Z,30.0,30.0,,,,,2682.733,2695.0,,,,11.457,11.476,,,,7097.0,7097.0,7097.0,,-2.0,71.733,,,,0.0,,,,,,,,,,2312.0,2341.0,0.0,0.0,30.0,0.0,30.0,0.0,30.0,0.0,0.0,30.0,0.0,0.0,0.0,0.0,0.0,0.0,battery2_v
2020-12-17T22:00:00Z,30.0,30.0,,,,,2743.333,3151.0,,,,11.457,11.466,,,,7097.0,7097.0,7097.0,,-2.0,74.667,,,,0.0,,,,,,,,,,2342.0,2371.0,0.0,0.0,30.0,0.0,30.0,0.0,30.0,0.0,0.0,30.0,0.0,0.0,0.0,0.0,0.0,0.0,battery2_v
2020-12-17T23:00:00Z,30.0,30.0,,,,,11333.933,14711.0,,,,11.319,11.461,,,,7097.0,7097.0,7097.0,,-28.727,53.8,,,,0.0,,,,,,,,,,2372.0,2401.0,0.0,0.0,30.0,0.0,30.0,0.0,30.0,0.0,8.0,19.0,0.0,0.0,0.0,0.0,0.0,0.0,battery2_v
2020-12-18T00:00:00Z,28.0,28.0,,,,,14591.393,14629.0,,,,11.409,11.48,,,,7097.0,7097.0,7097.0,,-4.0,64.714,,,,0.0,,,,,,,,,,2402.0,2431.0,0.0,0.0,28.0,0.0,28.0,0.0,28.0,0.0,0.0,26.0,0.0,0.0,0.0,0.0,0.0,0.0,battery2_v
2020-12-18T01:00:00Z,30.0,30.0,,,,,14577.733,15167.0,,,,11.461,11.547,,,,7097.0,7097.0,7097.0,,9.767,73.867,,,,0.0,,,,,,,,,,2432.0,2461.0,0.0,0.0,30.0,0.0,30.0,0.0,30.0,0.0,0.0,30.0,0.0,0.0,0.0,0.0,0.0,0.0,battery2_v
2020-12-18T02:00:00Z,30.0,30.0,,,,,14425.167,14465.0,,,,11.547,11.618,,,,7097.0,7097.0,7097.0,,24.433,80.8,,,,0.0,,,,,,,,,,2462.0,2491.0,0.0,0.0,30.0,0.0,30.0,0.0,30.0,0.0,0.0,30.0,0.0,0.0,0.0,0.0,0.0,0.0,battery2_v
2020-12-18T03:00:00Z,29.0,29.0,,,,,14358.793,14395.0,,,,11.608,11.665,,,,7097.0,7097.0,7097.0,,26.897,75.034,,,,0.0,,,,,,,,,,2492.0,2520.0,0.0,0.0,29.0,0.0,29.0,0.0,29.0,0.0,0.0,29.0,0.0,0.0,0.0,0.0,0.0,0.0,battery2_v
2020-12-18T04:00:00Z,30.0,30.0,,,,,14346.1,14992.0,,,,11.646,11.679,,,,7097.0,7097.0,7097.0,,27.3,70.3,,,,0.0,,,,,,,,,,2521.0,2550.0,0.0,0.0,30.0,0.0,30.0,0.0,30.0,0.0,0.0,30.0,0.0,0.0,0.0,0.0,0.0,0.0,battery2_v
2020-12-18T05:00:00Z,30.0,30.0,,,,,14337.467,14407.0,,,,11.603,11.703,,,,7097.0,7097.0,7097.0,,22.0,62.2,,,,0.0,,,,,,,,,,2551.0,2580.0,0.0,0.0,30.0,0.0,30.0,0.0,30.0,0.0,0.0,27.0,0.0,0.0,0.0,0.0,0.0,0.0,battery2_v
2020-12-18T06:00:00Z,29.0,29.0,,,,,14410.966,15004.0,,,,11.561,11.67,,,,7097.0,7097.0,7097.0,,17.069,52.724,,,,0.0,,,,,,,,,,2581.0,2610.0,0.0,0.0,29.0,0.0,29.0,0.0,29.0,0.0,0.0,19.0,0.0,0.0,0.0,0.0,0.0,0.0,battery2_v
2020-12-18T07:00:00Z,30.0,30.0,,,,,13947.1,14559.0,,,,11.476,11.646,,,,7097.0,7097.0,7097.0,,-5.467,30.567,,,,0.0,,,,,,,,,,2611.0,2640.0,0.0,0.0,30.0,0.0,30.0,0.0,30.0,0.0,0.0,2.0,0.0,0.0,0.0,0.0,0.0,0.0,battery2_v
2020-12-18T08:00:00Z,30.0,30.0,,,,,14228.567,14617.0,,,,11.419,11.547,,,,7097.0,7097.0,7097.0,,-0.733,36.667,,,,0.0,,,,,,,,,,2641.0,2670.0,0.0,0.0,30.0,0.0,30.0,0.0,30.0,0.0,0.0,5.0,0.0,0.0,0.0,0.0,0.0,0.0,battery2_v
2020-12-18T09:00:00Z,29.0,29.0,,,,,13921.483,14653.0,,,,11.324,11.419,,,,7097.0,7097.0,7097.0,,-22.655,12.966,,,,0.0,,,,,,,,,,2671.0,2700.0,0.0,0.0,29.0,0.0,29.0,0.0,29.0,0.0,0.0,0.0,0.0,0.0,0.0,0.0,0.0,0.0,battery2_v
2020-12-18T10:00:00Z,28.0,28.0,,,,,8825.036,14746.0,,,,11.286,11.428,,,,7097.0,7097.0,7097.0,,-30.571,4.25,,,,0.0,,,,,,,,,,2701.0,2729.0,0.0,0.0,28.0,0.0,28.0,0.0,28.0,0.0,12.0,0.0,0.0,0.0,0.0,0.0,0.0,0.0,battery2_v
2020-12-18T11:00:00Z,30.0,30.0,,,,,2777.0,2824.0,,,,11.424,11.433,,,,7097.0,7097.0,7097.0,,-4.0,39.367,,,,0.0,,,,,,,,,,2730.0,2759.0,0.0,0.0,30.0,0.0,30.0,0.0,30.0,0.0,0.0,0.0,0.0,0.0,0.0,0.0,0.0,0.0,battery2_v
2020-12-18T12:00:00Z,29.0,29.0,,,,,2791.103,2812.0,,,,11.414,11.424,,,,7097.0,7097.0,7097.0,,-3.448,45.0,,,,0.0,,,,,,,,,,2760.0,2789.0,0.0,0.0,29.0,0.0,29.0,0.0,29.0,0.0,0.0,4.0,0.0,0.0,0.0,0.0,0.0,0.0,battery2_v
2020-12-18T13:00:00Z,30.0,30.0,,,,,2812.567,2847.0,,,,11.409,11.419,,,,7097.0,7097.0,7097.0,,-3.333,47.567,,,,0.0,,,,,,,,,,2790.0,2819.0,0.0,0.0,30.0,0.0,30.0,0.0,30.0,0.0,0.0,7.0,0.0,0.0,0.0,0.0,0.0,0.0,battery2_v
2020-12-18T14:00:00Z,30.0,30.0,,,,,2816.767,2847.0,,,,11.4,11.414,,,,7097.0,7097.0,7097.0,,-3.138,52.733,,,,0.0,,,,,,,,,,2820.0,2849.0,0.0,0.0,30.0,0.0,30.0,0.0,30.0,0.0,0.0,15.0,0.0,0.0,0.0,0.0,0.0,0.0,battery2_v
2020-12-18T15:00:00Z,30.0,30.0,,,,,2841.5,2871.0,,,,11.395,11.414,,,,7097.0,7097.0,7097.0,,2.133,131.733,,,,0.0,,,,,,,,,,2850.0,2879.0,0.0,0.0,30.0,0.0,30.0,0.0,30.0,0.0,0.0,30.0,0.0,0.0,0.0,0.0,0.0,0.0,battery2_v
2020-12-18T16:00:00Z,30.0,30.0,,,,,2862.533,2882.0,,,,11.39,11.409,,,,7097.0,7097.0,7097.0,,5.4,160.333,,,,0.0,,,,,,,,,,2880.0,2909.0,0.0,0.0,30.0,0.0,30.0,0.0,30.0,0.0,0.0,30.0,0.0,0.0,0.0,0.0,0.0,0.0,battery2_v
2020-12-18T17:00:00Z,29.0,29.0,,,,,2885.241,2917.0,,,,11.386,11.4,,,,7097.0,7097.0,7097.0,,6.897,177.414,,,,0.0,,,,,,,,,,2910.0,2938.0,0.0,0.0,29.0,0.0,29.0,0.0,29.0,0.0,0.0,29.0,0.0,0.0,0.0,0.0,0.0,0.0,battery2_v
2020-12-18T18:00:00Z,30.0,30.0,,,,,1008.867,2929.0,,,,11.386,12.72,,,,6870.433,300.0,7097.0,,5.733,171.167,,,,0.0,,,,,,,,,,1.0,2948.0,0.0,0.0,25.0,0.0,30.0,0.0,30.0,0.0,0.0,30.0,0.0,0.0,0.0,0.0,0.0,0.0,battery2_v
2020-12-18T19:00:00Z,30.0,30.0,,,,,57.6,86.0,,,,12.625,12.644,,,,7097.0,7097.0,7097.0,,2.5,143.933,,,,0.0,,,,,,,,,,22.0,51.0,0.0,0.0,15.0,0.0,30.0,0.0,30.0,0.0,0.0,30.0,0.0,0.0,0.0,0.0,0.0,0.0,battery2_v
2020-12-18T20:00:00Z,28.0,28.0,,,,,44.214,51.0,,,,12.63,12.644,,,,7097.0,7097.0,7097.0,,1.214,130.857,,,,0.0,,,,,,,,,,52.0,80.0,0.0,0.0,0.0,0.0,28.0,0.0,28.0,0.0,0.0,28.0,0.0,0.0,0.0,0.0,0.0,0.0,battery2_v
2020-12-18T21:00:00Z,30.0,30.0,,,,,37.633,51.0,,,,12.635,12.649,,,,7097.0,7097.0,7097.0,,0.833,127.567,,,,0.0,,,,,,,,,,81.0,110.0,0.0,0.0,0.0,0.0,30.0,0.0,30.0,0.0,0.0,30.0,0.0,0.0,0.0,0.0,0.0,0.0,battery2_v
2020-12-18T22:00:00Z,30.0,30.0,,,,,66.533,390.0,,,,12.635,12.649,,,,7097.0,7097.0,7097.0,,0.533,122.867,,,,0.0,,,,,,,,,,111.0,140.0,0.0,0.0,6.0,0.0,30.0,0.0,30.0,0.0,0.0,30.0,0.0,0.0,0.0,0.0,0.0,0.0,battery2_v
2020-12-18T23:00:00Z,30.0,30.0,,,,,4157.333,13366.0,,,,12.488,12.644,,,,7097.0,7097.0,7097.0,,-9.133,104.233,,,,0.0,,,,,,,,,,141.0,170.0,0.0,0.0,30.0,0.0,30.0,0.0,30.0,0.0,5.0,27.0,0.0,0.0,0.0,0.0,0.0,0.0,battery2_v
2020-12-19T00:00:00Z,30.0,30.0,,,,,2467.367,2976.0,,,,12.635,12.644,,,,7097.0,7097.0,7097.0,,0.0,109.633,,,,0.0,,,,,,,,,,171.0,200.0,0.0,0.0,30.0,0.0,30.0,0.0,30.0,0.0,0.0,30.0,0.0,0.0,0.0,0.0,0.0,0.0,battery2_v
2020-12-19T01:00:00Z,30.0,30.0,,,,,10160.933,13155.0,,,,12.635,12.71,,,,7097.0,7097.0,7097.0,,3.367,106.6,,,,0.0,,,,,,,,,,201.0,230.0,0.0,0.0,30.0,0.0,30.0,0.0,30.0,0.0,0.0,30.0,0.0,0.0,0.0,0.0,0.0,0.0,battery2_v
2020-12-19T02:00:00Z,30.0,30.0,,,,,13062.567,13752.0,,,,12.687,12.772,,,,7097.0,7097.0,7097.0,,24.267,149.567,,,,0.0,,,,,,,,,,231.0,260.0,0.0,0.0,30.0,0.0,30.0,0.0,30.0,0.0,0.0,30.0,0.0,0.0,0.0,0.0,0.0,0.0,battery2_v
2020-12-19T03:00:00Z,29.0,29.0,,,,,12979.034,13717.0,,,,12.772,12.857,,,,7097.0,7097.0,7097.0,,33.172,134.517,,,,0.828,,,,,,,,,,261.0,290.0,0.0,0.0,29.0,0.0,29.0,0.0,29.0,0.0,0.0,29.0,0.0,0.0,0.0,0.0,0.0,0.0,battery2_v
2020-12-19T04:00:00Z,28.0,28.0,,,,,12880.821,12909.0,,,,12.852,12.885,,,,7097.0,7097.0,7097.0,,33.75,105.607,,,,1.0,,,,,,,,,,291.0,319.0,0.0,0.0,28.0,0.0,28.0,0.0,28.0,0.0,0.0,28.0,0.0,0.0,0.0,0.0,0.0,0.0,battery2_v
2020-12-19T05:00:00Z,30.0,30.0,,,,,12851.1,13564.0,,,,12.885,12.933,,,,7097.0,7097.0,7097.0,,35.333,97.367,,,,1.0,,,,,,,,,,320.0,349.0,0.0,0.0,30.0,0.0,30.0,0.0,30.0,0.0,0.0,30.0,0.0,0.0,0.0,0.0,0.0,0.0,battery2_v
2020-12-19T06:00:00Z,30.0,30.0,,,,,12950.967,13658.0,,,,12.819,12.919,,,,7097.0,7097.0,7097.0,,20.9,72.0,,,,1.0,,,,,,,,,,350.0,379.0,0.0,0.0,30.0,0.0,30.0,0.0,30.0,0.0,0.0,30.0,0.0,0.0,0.0,0.0,0.0,0.0,battery2_v
2020-12-19T07:00:00Z,30.0,30.0,,,,,13091.233,13775.0,,,,12.635,12.814,,,,7097.0,7097.0,7097.0,,-1.733,40.833,,,,1.0,,,,,,,,,,380.0,409.0,0.0,0.0,30.0,0.0,30.0,0.0,30.0,0.0,0.0,11.0,0.0,0.0,0.0,0.0,0.0,0.0,battery2_v
2020-12-19T08:00:00Z,29.0,29.0,,,,,8829.379,13822.0,,,,12.597,12.639,,,,7097.0,7097.0,7097.0,,-9.862,34.966,,,,1.0,,,,,,,,,,410.0,439.0,0.0,0.0,29.0,0.0,29.0,0.0,29.0,0.0,0.0,0.0,0.0,0.0,0.0,0.0,0.0,0.0,battery2_v
2020-12-19T09:00:00Z,30.0,30.0,,,,,9108.267,13237.0,,,,12.573,12.616,,,,7097.0,7097.0,7097.0,,-12.133,50.533,,,,1.0,,,,,,,,,,440.0,469.0,0.0,0.0,30.0,0.0,30.0,0.0,30.0,0.0,0.0,11.0,0.0,0.0,0.0,0.0,0.0,0.0,battery2_v
2020-12-19T10:00:00Z,29.0,29.0,,,,,1140.966,2964.0,,,,12.597,12.62,,,,7097.0,7097.0,7097.0,,-3.103,126.483,,,,1.0,,,,,,,,,,470.0,498.0,0.0,0.0,29.0,0.0,29.0,0.0,29.0,0.0,0.0,29.0,0.0,0.0,0.0,0.0,0.0,0.0,battery2_v
2020-12-19T11:00:00Z,28.0,28.0,,,,,114.643,133.0,,,,12.592,12.606,,,,7097.0,7097.0,7097.0,,-6.964,92.179,,,,1.0,,,,,,,,,,499.0,528.0,0.0,0.0,28.0,0.0,28.0,0.0,28.0,0.0,0.0,28.0,0.0,0.0,0.0,0.0,0.0,0.0,battery2_v
2020-12-19T12:00:00Z,30.0,30.0,,,,,111.5,121.0,,,,12.592,12.606,,,,7097.0,7097.0,7097.0,,-8.233,74.633,,,,1.0,,,,,,,,,,529.0,558.0,0.0,0.0,30.0,0.0,30.0,0.0,30.0,0.0,0.0,30.0,0.0,0.0,0.0,0.0,0.0,0.0,battery2_v
2020-12-19T13:00:00Z,29.0,29.0,,,,,121.414,145.0,,,,12.587,12.602,,,,7097.0,7097.0,7097.0,,-8.448,70.793,,,,1.0,,,,,,,,,,559.0,588.0,0.0,0.0,29.0,0.0,29.0,0.0,29.0,0.0,0.0,29.0,0.0,0.0,0.0,0.0,0.0,0.0,battery2_v
2020-12-19T14:00:00Z,30.0,30.0,,,,,128.6,145.0,,,,12.587,12.597,,,,7097.0,7097.0,7097.0,,-8.533,68.733,,,,1.0,,,,,,,,,,589.0,618.0,0.0,0.0,30.0,0.0,30.0,0.0,30.0,0.0,0.0,29.0,0.0,0.0,0.0,0.0,0.0,0.0,battery2_v
2020-12-19T15:00:00Z,29.0,29.0,,,,,143.897,180.0,,,,12.583,12.597,,,,7097.0,7097.0,7097.0,,-8.724,67.759,,,,1.0,,,,,,,,,,619.0,647.0,0.0,0.0,29.0,0.0,29.0,0.0,29.0,0.0,0.0,29.0,0.0,0.0,0.0,0.0,0.0,0.0,battery2_v
2020-12-19T16:00:00Z,30.0,30.0,,,,,157.133,191.0,,,,12.578,12.587,,,,7097.0,7097.0,7097.0,,-8.533,68.5,,,,1.0,,,,,,,,,,648.0,677.0,0.0,0.0,30.0,0.0,30.0,0.0,30.0,0.0,0.0,30.0,0.0,0.0,0.0,0.0,0.0,0.0,battery2_v
2020-12-19T17:00:00Z,30.0,30.0,,,,,164.833,180.0,,,,12.573,12.587,,,,7097.0,7097.0,7097.0,,-8.367,70.667,,,,1.0,,,,,,,,,,678.0,707.0,0.0,0.0,30.0,0.0,30.0,0.0,30.0,0.0,0.0,30.0,0.0,0.0,0.0,0.0,0.0,0.0,battery2_v
2020-12-19T18:00:00Z,30.0,30.0,,,,,171.967,191.0,,,,12.573,12.583,,,,7097.0,7097.0,7097.0,,-8.067,76.0,,,,1.0,,,,,,,,,,708.0,737.0,0.0,0.0,30.0,0.0,30.0,0.0,30.0,0.0,0.0,30.0,0.0,0.0,0.0,0.0,0.0,0.0,battery2_v
2020-12-19T19:00:00Z,30.0,30.0,,,,,185.133,215.0,,,,12.564,12.578,,,,7097.0,7097.0,7097.0,,-8.1,76.533,,,,1.0,,,,,,,,,,738.0,767.0,0.0,0.0,30.0,0.0,30.0,0.0,30.0,0.0,0.0,30.0,0.0,0.0,0.0,0.0,0.0,0.0,battery2_v
2020-12-19T20:00:00Z,30.0,30.0,,,,,200.333,215.0,,,,12.564,12.578,,,,7097.0,7097.0,7097.0,,-8.0,78.4,,,,1.0,,,,,,,,,,768.0,797.0,0.0,0.0,30.0,0.0,30.0,0.0,30.0,0.0,0.0,30.0,0.0,0.0,0.0,0.0,0.0,0.0,battery2_v
2020-12-19T21:00:00Z,30.0,30.0,,,,,213.6,238.0,,,,12.559,12.568,,,,7097.0,7097.0,7097.0,,-7.933,78.933,,,,1.0,,,,,,,,,,798.0,827.0,0.0,0.0,30.0,0.0,30.0,0.0,30.0,0.0,0.0,30.0,0.0,0.0,0.0,0.0,0.0,0.0,battery2_v
2020-12-19T22:00:00Z,29.0,29.0,,,,,267.552,613.0,,,,12.55,12.564,,,,7097.0,7097.0,7097.0,,-7.621,82.586,,,,1.0,,,,,,,,,,828.0,857.0,0.0,0.0,29.0,0.0,29.0,0.0,29.0,0.0,0.0,29.0,0.0,0.0,0.0,0.0,0.0,0.0,battery2_v
2020-12-19T23:00:00Z,29.0,29.0,,,,,4151.138,13483.0,,,,12.412,12.564,,,,7097.0,7097.0,7097.0,,-14.586,86.345,,,,1.0,,,,,,,,,,858.0,886.0,0.0,0.0,29.0,0.0,29.0,0.0,29.0,0.0,4.0,25.0,0.0,0.0,0.0,0.0,0.0,0.0,battery2_v
2020-12-20T00:00:00Z,29.0,29.0,,,,,8020.69,13260.0,,,,12.545,12.568,,,,7097.0,7097.0,7097.0,,-5.458,82.552,,,,1.0,,,,,,,,,,887.0,916.0,0.0,0.0,29.0,0.0,29.0,0.0,29.0,0.0,0.0,29.0,0.0,0.0,0.0,0.0,0.0,0.0,battery2_v
2020-12-20T01:00:00Z,30.0,30.0,,,,,13198.933,13237.0,,,,12.559,12.625,,,,7097.0,7097.0,7097.0,,6.931,86.9,,,,1.0,,,,,,,,,,917.0,946.0,0.0,0.0,30.0,0.0,30.0,0.0,30.0,0.0,0.0,30.0,0.0,0.0,0.0,0.0,0.0,0.0,battery2_v
2020-12-20T02:00:00Z,30.0,30.0,,,,,13167.433,13822.0,,,,12.606,12.725,,,,7097.0,7097.0,7097.0,,22.733,102.467,,,,1.0,,,,,,,,,,947.0,976.0,0.0,0.0,30.0,0.0,30.0,0.0,30.0,0.0,0.0,30.0,0.0,0.0,0.0,0.0,0.0,0.0,battery2_v
2020-12-20T03:00:00Z,30.0,30.0,,,,,13138.933,13834.0,,,,12.654,12.71,,,,7097.0,7097.0,7097.0,,26.2,155.1,,,,1.0,,,,,,,,,,977.0,1006.0,0.0,0.0,30.0,0.0,30.0,0.0,30.0,0.0,0.0,30.0,0.0,0.0,0.0,0.0,0.0,0.0,battery2_v
2020-12-20T04:00:00Z,30.0,30.0,,,,,13083.133,13798.0,,,,12.706,12.762,,,,7097.0,7097.0,7097.0,,31.7,144.167,,,,1.0,,,,,,,,,,1007.0,1036.0,0.0,0.0,30.0,0.0,30.0,0.0,30.0,0.0,0.0,30.0,0.0,0.0,0.0,0.0,0.0,0.0,battery2_v
2020-12-20T05:00:00Z,30.0,30.0,,,,,13066.3,13798.0,,,,12.673,12.791,,,,7097.0,7097.0,7097.0,,25.733,106.033,,,,1.0,,,,,,,,,,1037.0,1066.0,0.0,0.0,30.0,0.0,30.0,0.0,30.0,0.0,0.0,30.0,0.0,0.0,0.0,0.0,0.0,0.0,battery2_v
2020-12-20T06:00:00Z,30.0,30.0,,,,,13158.0,13845.0,,,,12.635,12.687,,,,7097.0,7097.0,7097.0,,17.167,131.267,,,,1.0,,,,,,,,,,1067.0,1096.0,0.0,0.0,30.0,0.0,30.0,0.0,30.0,0.0,0.0,30.0,0.0,0.0,0.0,0.0,0.0,0.0,battery2_v
2020-12-20T07:00:00Z,30.0,30.0,,,,,13241.133,13892.0,,,,12.587,12.644,,,,7097.0,7097.0,7097.0,,11.467,95.467,,,,1.0,,,,,,,,,,1097.0,1126.0,0.0,0.0,30.0,0.0,30.0,0.0,30.0,0.0,0.0,30.0,0.0,0.0,0.0,0.0,0.0,0.0,battery2_v
2020-12-20T08:00:00Z,29.0,29.0,,,,,13290.069,13915.0,,,,12.545,12.587,,,,7097.0,7097.0,7097.0,,-1.04,83.379,,,,1.0,,,,,,,,,,1127.0,1155.0,0.0,0.0,29.0,0.0,29.0,0.0,29.0,0.0,0.0,29.0,0.0,0.0,0.0,0.0,0.0,0.0,battery2_v
2020-12-20T09:00:00Z,30.0,30.0,,,,,11845.7,13377.0,,,,12.483,12.545,,,,7097.0,7097.0,7097.0,,-12.276,83.3,,,,1.0,,,,,,,,,,1156.0,1185.0,0.0,0.0,30.0,0.0,30.0,0.0,30.0,0.0,0.0,29.0,0.0,0.0,0.0,0.0,0.0,0.0,battery2_v
2020-12-20T10:00:00Z,29.0,29.0,,,,,1482.345,5105.0,,,,12.521,12.535,,,,7097.0,7097.0,7097.0,,-8.552,68.31,,,,1.0,,,,,,,,,,1186.0,1215.0,0.0,0.0,29.0,0.0,29.0,0.0,29.0,0.0,0.0,29.0,0.0,0.0,0.0,0.0,0.0,0.0,battery2_v
2020-12-20T11:00:00Z,30.0,30.0,,,,,307.6,343.0,,,,12.516,12.531,,,,7097.0,7097.0,7097.0,,-8.733,68.433,,,,1.0,,,,,,,,,,1216.0,1245.0,0.0,0.0,30.0,0.0,30.0,0.0,30.0,0.0,0.0,28.0,0.0,0.0,0.0,0.0,0.0,0.0,battery2_v
2020-12-20T12:00:00Z,30.0,30.0,,,,,313.3,332.0,,,,12.512,12.531,,,,7097.0,7097.0,7097.0,,-9.167,59.167,,,,1.0,,,,,,,,,,1246.0,1275.0,0.0,0.0,30.0,0.0,30.0,0.0,30.0,0.0,0.0,27.0,0.0,0.0,0.0,0.0,0.0,0.0,battery2_v
2020-12-20T13:00:00Z,30.0,30.0,,,,,321.833,355.0,,,,12.502,12.521,,,,7097.0,7097.0,7097.0,,-8.133,73.1,,,,1.0,,,,,,,,,,1276.0,1305.0,0.0,0.0,30.0,0.0,30.0,0.0,30.0,0.0,0.0,30.0,0.0,0.0,0.0,0.0,0.0,0.0,battery2_v
2020-12-20T14:00:00Z,27.0,27.0,,,,,341.926,355.0,,,,12.497,12.521,,,,7097.0,7097.0,7097.0,,-5.37,105.926,,,,1.0,,,,,,,,,,1307.0,1334.0,0.0,0.0,27.0,0.0,27.0,0.0,27.0,0.0,0.0,27.0,0.0,0.0,0.0,0.0,0.0,0.0,battery2_v
2020-12-20T15:00:00Z,30.0,30.0,,,,,357.033,379.0,,,,12.497,12.512,,,,7097.0,7097.0,7097.0,,-4.621,114.067,,,,1.0,,,,,,,,,,1335.0,1364.0,0.0,0.0,30.0,0.0,30.0,0.0,30.0,0.0,0.0,30.0,0.0,0.0,0.0,0.0,0.0,0.0,battery2_v
2020-12-20T16:00:00Z,29.0,29.0,,,,,372.724,390.0,,,,12.483,12.502,,,,7097.0,7097.0,7097.0,,-6.379,95.966,,,,1.0,,,,,,,,,,1365.0,1394.0,0.0,0.0,29.0,0.0,29.0,0.0,29.0,0.0,0.0,29.0,0.0,0.0,0.0,0.0,0.0,0.0,battery2_v
2020-12-20T17:00:00Z,30.0,30.0,,,,,375.3,390.0,,,,12.483,12.493,,,,7097.0,7097.0,7097.0,,-7.133,87.867,,,,1.0,,,,,,,,,,1395.0,1424.0,0.0,0.0,30.0,0.0,30.0,0.0,30.0,0.0,0.0,30.0,0.0,0.0,0.0,0.0,0.0,0.0,battery2_v
2020-12-20T18:00:00Z,29.0,29.0,,,,,386.31,402.0,,,,12.479,12.493,,,,7097.0,7097.0,7097.0,,-7.172,88.207,,,,1.0,,,,,,,,,,1425.0,1454.0,0.0,0.0,29.0,0.0,29.0,0.0,29.0,0.0,0.0,29.0,0.0,0.0,0.0,0.0,0.0,0.0,battery2_v
2020-12-20T19:00:00Z,30.0,30.0,,,,,402.0,414.0,,,,12.474,12.483,,,,7097.0,7097.0,7097.0,,-7.233,84.333,,,,1.0,,,,,,,,,,1455.0,1484.0,0.0,0.0,30.0,0.0,30.0,0.0,30.0,0.0,0.0,30.0,0.0,0.0,0.0,0.0,0.0,0.0,battery2_v
2020-12-20T20:00:00Z,30.0,30.0,,,,,412.267,425.0,,,,12.464,12.483,,,,7097.0,7097.0,7097.0,,-7.3,86.233,,,,1.0,,,,,,,,,,1485.0,1514.0,0.0,0.0,30.0,0.0,30.0,0.0,30.0,0.0,0.0,30.0,0.0,0.0,0.0,0.0,0.0,0.0,battery2_v
2020-12-20T21:00:00Z,29.0,29.0,,,,,425.517,437.0,,,,12.46,12.474,,,,7097.0,7097.0,7097.0,,-7.414,81.724,,,,1.0,,,,,,,,,,1515.0,1543.0,0.0,0.0,29.0,0.0,29.0,0.0,29.0,0.0,0.0,29.0,0.0,0.0,0.0,0.0,0.0,0.0,battery2_v
2020-12-20T22:00:00Z,30.0,30.0,,,,,473.233,800.0,,,,12.45,12.469,,,,7097.0,7097.0,7097.0,,-7.033,86.567,,,,1.0,,,,,,,,,,1544.0,1573.0,0.0,0.0,30.0,0.0,30.0,0.0,30.0,0.0,0.0,30.0,0.0,0.0,0.0,0.0,0.0,0.0,battery2_v
2020-12-20T23:00:00Z,29.0,29.0,,,,,4556.621,13553.0,,,,12.313,12.464,,,,7097.0,7097.0,7097.0,,-15.241,74.966,,,,1.0,,,,,,,,,,1574.0,1603.0,0.0,0.0,29.0,0.0,29.0,0.0,29.0,0.0,4.0,25.0,0.0,0.0,0.0,0.0,0.0,0.0,battery2_v
2020-12-21T00:00:00Z,28.0,28.0,,,,,3522.607,3736.0,,,,12.441,12.455,,,,7097.0,7097.0,7097.0,,-7.357,82.607,,,,1.0,,,,,,,,,,1604.0,1633.0,0.0,0.0,28.0,0.0,28.0,0.0,28.0,0.0,0.0,28.0,0.0,0.0,0.0,0.0,0.0,0.0,battery2_v
2020-12-21T01:00:00Z,30.0,30.0,,,,,8865.633,13997.0,,,,12.436,12.479,,,,7097.0,7097.0,7097.0,,-4.931,81.6,,,,1.0,,,,,,,,,,1634.0,1663.0,0.0,0.0,30.0,0.0,30.0,0.0,30.0,0.0,0.0,30.0,0.0,0.0,0.0,0.0,0.0,0.0,battery2_v
2020-12-21T02:00:00Z,30.0,30.0,,,,,13344.9,13377.0,,,,12.479,12.516,,,,7097.0,7097.0,7097.0,,8.1,85.133,,,,1.0,,,,,,,,,,1664.0,1693.0,0.0,0.0,30.0,0.0,30.0,0.0,30.0,0.0,0.0,30.0,0.0,0.0,0.0,0.0,0.0,0.0,battery2_v
2020-12-21T03:00:00Z,30.0,30.0,,,,,13315.167,13997.0,,,,12.507,12.559,,,,7097.0,7097.0,7097.0,,14.7,88.067,,,,1.0,,,,,,,,,,1694.0,1723.0,0.0,0.0,30.0,0.0,30.0,0.0,30.0,0.0,0.0,30.0,0.0,0.0,0.0,0.0,0.0,0.0,battery2_v
2020-12-21T04:00:00Z,26.0,26.0,,,,,13351.654,13986.0,,,,12.497,12.545,,,,7097.0,7097.0,7097.0,,12.615,83.769,,,,1.0,,,,,,,,,,1724.0,1753.0,0.0,0.0,26.0,0.0,26.0,0.0,26.0,0.0,0.0,26.0,0.0,0.0,0.0,0.0,0.0,0.0,battery2_v
2020-12-21T05:00:00Z,29.0,29.0,,,,,13390.483,14009.0,,,,12.497,12.54,,,,7097.0,7097.0,7097.0,,10.069,72.759,,,,1.0,,,,,,,,,,1754.0,1782.0,0.0,0.0,29.0,0.0,29.0,0.0,29.0,0.0,0.0,29.0,0.0,0.0,0.0,0.0,0.0,0.0,battery2_v
2020-12-21T06:00:00Z,30.0,30.0,,,,,13336.3,13986.0,,,,12.488,12.568,,,,7097.0,7097.0,7097.0,,11.233,71.367,,,,1.0,,,,,,,,,,1783.0,1812.0,0.0,0.0,30.0,0.0,30.0,0.0,30.0,0.0,0.0,30.0,0.0,0.0,0.0,0.0,0.0,0.0,battery2_v
2020-12-21T07:00:00Z,28.0,28.0,,,,,13325.107,13974.0,,,,12.493,12.568,,,,7097.0,7097.0,7097.0,,17.179,102.036,,,,1.0,,,,,,,,,,1813.0,1841.0,0.0,0.0,28.0,0.0,28.0,0.0,28.0,0.0,0.0,28.0,0.0,0.0,0.0,0.0,0.0,0.0,battery2_v
2020-12-21T08:00:00Z,30.0,30.0,,,,,13410.667,13471.0,,,,12.417,12.531,,,,7097.0,7097.0,7097.0,,-0.69,115.033,,,,1.0,,,,,,,,,,1843.0,1872.0,0.0,0.0,30.0,0.0,30.0,0.0,30.0,0.0,0.0,30.0,0.0,0.0,0.0,0.0,0.0,0.0,battery2_v
2020-12-21T09:00:00Z,30.0,30.0,,,,,13328.533,13494.0,,,,12.384,12.422,,,,7097.0,7097.0,7097.0,,-19.033,49.267,,,,1.0,,,,,,,,,,1873.0,1902.0,0.0,0.0,30.0,0.0,30.0,0.0,30.0,0.0,0.0,13.0,0.0,0.0,0.0,0.0,0.0,0.0,battery2_v
2020-12-21T10:00:00Z,28.0,28.0,,,,,1930.429,3444.0,,,,12.417,12.431,,,,7097.0,7097.0,7097.0,,-9.143,61.036,,,,1.0,,,,,,,,,,1903.0,1931.0,0.0,0.0,28.0,0.0,28.0,0.0,28.0,0.0,0.0,25.0,0.0,0.0,0.0,0.0,0.0,0.0,battery2_v
2020-12-21T11:00:00Z,29.0,29.0,,,,,512.931,531.0,,,,12.417,12.427,,,,7097.0,7097.0,7097.0,,-9.034,60.828,,,,1.0,,,,,,,,,,1932.0,1961.0,0.0,0.0,29.0,0.0,29.0,0.0,29.0,0.0,0.0,28.0,0.0,0.0,0.0,0.0,0.0,0.0,battery2_v
2020-12-21T12:00:00Z,30.0,30.0,,,,,531.9,542.0,,,,12.412,12.427,,,,7097.0,7097.0,7097.0,,-9.133,62.333,,,,1.0,,,,,,,,,,1962.0,1991.0,0.0,0.0,30.0,0.0,30.0,0.0,30.0,0.0,0.0,30.0,0.0,0.0,0.0,0.0,0.0,0.0,battery2_v
2020-12-21T13:00:00Z,30.0,30.0,,,,,534.667,554.0,,,,12.408,12.422,,,,7097.0,7097.0,7097.0,,-9.0,62.6,,,,1.0,,,,,,,,,,1992.0,2021.0,0.0,0.0,30.0,0.0,30.0,0.0,30.0,0.0,0.0,29.0,0.0,0.0,0.0,0.0,0.0,0.0,battery2_v
2020-12-21T14:00:00Z,30.0,30.0,,,,,558.8,566.0,,,,12.403,12.417,,,,7097.0,7097.0,7097.0,,-8.7,65.5,,,,1.0,,,,,,,,,,2022.0,2051.0,0.0,0.0,30.0,0.0,30.0,0.0,30.0,0.0,0.0,30.0,0.0,0.0,0.0,0.0,0.0,0.0,battery2_v
2020-12-21T15:00:00Z,30.0,30.0,,,,,572.4,601.0,,,,12.403,12.412,,,,7097.0,7097.0,7097.0,,-3.0,129.7,,,,1.0,,,,,,,,,,2052.0,2081.0,0.0,0.0,30.0,0.0,30.0,0.0,30.0,0.0,0.0,30.0,0.0,0.0,0.0,0.0,0.0,0.0,battery2_v
2020-12-21T16:00:00Z,30.0,30.0,,,,,589.833,601.0,,,,12.384,12.403,,,,7097.0,7097.0,7097.0,,-6.233,97.733,,,,1.0,,,,,,,,,,2082.0,2111.0,0.0,0.0,30.0,0.0,30.0,0.0,30.0,0.0,0.0,30.0,0.0,0.0,0.0,0.0,0.0,0.0,battery2_v
2020-12-21T17:00:00Z,29.0,29.0,,,,,594.345,624.0,,,,12.384,12.398,,,,7097.0,7097.0,7097.0,,-7.517,83.621,,,,1.0,,,,,,,,,,2112.0,2140.0,0.0,0.0,29.0,0.0,29.0,0.0,29.0,0.0,0.0,29.0,0.0,0.0,0.0,0.0,0.0,0.0,battery2_v
2020-12-21T18:00:00Z,29.0,29.0,,,,,603.034,624.0,,,,12.374,12.393,,,,7097.0,7097.0,7097.0,,-7.897,80.0,,,,1.0,,,,,,,,,,2142.0,2170.0,0.0,0.0,29.0,0.0,29.0,0.0,29.0,0.0,0.0,29.0,0.0,0.0,0.0,0.0,0.0,0.0,battery2_v
2020-12-21T19:00:00Z,30.0,30.0,,,,,613.933,624.0,,,,12.37,12.393,,,,7097.0,7097.0,7097.0,,-7.933,78.4,,,,1.0,,,,,,,,,,2171.0,2200.0,0.0,0.0,30.0,0.0,30.0,0.0,30.0,0.0,0.0,30.0,0.0,0.0,0.0,0.0,0.0,0.0,battery2_v
2020-12-21T20:00:00Z,30.0,30.0,,,,,623.833,648.0,,,,12.365,12.384,,,,7097.0,7097.0,7097.0,,-7.733,78.933,,,,1.0,,,,,,,,,,2201.0,2230.0,0.0,0.0,30.0,0.0,30.0,0.0,30.0,0.0,0.0,30.0,0.0,0.0,0.0,0.0,0.0,0.0,battery2_v
2020-12-21T21:00:00Z,30.0,30.0,,,,,631.2,648.0,,,,12.36,12.374,,,,7097.0,7097.0,7097.0,,-7.467,84.1,,,,1.0,,,,,,,,,,2231.0,2260.0,0.0,0.0,30.0,0.0,30.0,0.0,30.0,0.0,0.0,30.0,0.0,0.0,0.0,0.0,0.0,0.0,battery2_v
2020-12-21T22:00:00Z,30.0,30.0,,,,,658.3,835.0,,,,12.356,12.37,,,,7097.0,7097.0,7097.0,,-7.367,87.067,,,,1.0,,,,,,,,,,2261.0,2290.0,0.0,0.0,30.0,0.0,30.0,0.0,30.0,0.0,0.0,30.0,0.0,0.0,0.0,0.0,0.0,0.0,battery2_v
2020-12-21T23:00:00Z,30.0,30.0,,,,,5118.2,13681.0,,,,12.218,12.365,,,,7097.0,7097.0,7097.0,,-19.0,66.733,,,,1.0,,,,,,,,,,2291.0,2320.0,0.0,0.0,30.0,0.0,30.0,0.0,30.0,0.0,6.0,24.0,0.0,0.0,0.0,0.0,0.0,0.0,battery2_v
2020-12-22T00:00:00Z,26.0,26.0,,,,,6707.308,14126.0,,,,12.351,12.379,,,,7097.0,7097.0,7097.0,,-5.808,84.154,,,,1.0,,,,,,,,,,2321.0,2349.0,0.0,0.0,26.0,0.0,26.0,0.0,26.0,0.0,0.0,26.0,0.0,0.0,0.0,0.0,0.0,0.0,battery2_v
2020-12-22T01:00:00Z,30.0,30.0,,,,,13500.933,14126.0,,,,12.379,12.45,,,,7097.0,7097.0,7097.0,,11.367,102.233,,,,1.0,,,,,,,,,,2350.0,2379.0,0.0,0.0,30.0,0.0,30.0,0.0,30.0,0.0,0.0,30.0,0.0,0.0,0.0,0.0,0.0,0.0,battery2_v
2020-12-22T02:00:00Z,28.0,28.0,,,,,13430.714,14068.0,,,,12.445,12.497,,,,7097.0,7097.0,7097.0,,22.75,115.679,,,,1.0,,,,,,,,,,2380.0,2409.0,0.0,0.0,28.0,0.0,28.0,0.0,28.0,0.0,0.0,28.0,0.0,0.0,0.0,0.0,0.0,0.0,battery2_v
2020-12-22T03:00:00Z,30.0,30.0,,,,,13292.233,13342.0,,,,12.507,12.564,,,,7097.0,7097.0,7097.0,,32.8,122.9,,,,1.0,,,,,,,,,,2410.0,2439.0,0.0,0.0,30.0,0.0,30.0,0.0,30.0,0.0,0.0,30.0,0.0,0.0,0.0,0.0,0.0,0.0,battery2_v
2020-12-22T04:00:00Z,30.0,30.0,,,,,13252.0,13904.0,,,,12.55,12.635,,,,7097.0,7097.0,7097.0,,40.0,126.967,,,,1.0,,,,,,,,,,2440.0,2469.0,0.0,0.0,30.0,0.0,30.0,0.0,30.0,0.0,0.0,30.0,0.0,0.0,0.0,0.0,0.0,0.0,battery2_v
2020-12-22T05:00:00Z,29.0,29.0,,,,,13240.069,13939.0,,,,12.578,12.649,,,,7097.0,7097.0,7097.0,,37.069,116.586,,,,1.0,,,,,,,,,,2470.0,2498.0,0.0,0.0,29.0,0.0,29.0,0.0,29.0,0.0,0.0,29.0,0.0,0.0,0.0,0.0,0.0,0.0,battery2_v
2020-12-22T06:00:00Z,30.0,30.0,,,,,13288.267,13389.0,,,,12.483,12.597,,,,7097.0,7097.0,7097.0,,16.933,85.733,,,,1.0,,,,,,,,,,2499.0,2528.0,0.0,0.0,30.0,0.0,30.0,0.0,30.0,0.0,0.0,30.0,0.0,0.0,0.0,0.0,0.0,0.0,battery2_v
2020-12-22T07:00:00Z,29.0,29.0,,,,,13344.414,13412.0,,,,12.46,12.521,,,,7097.0,7097.0,7097.0,,13.655,82.0,,,,1.0,,,,,,,,,,2529.0,2558.0,0.0,0.0,29.0,0.0,29.0,0.0,29.0,0.0,0.0,29.0,0.0,0.0,0.0,0.0,0.0,0.0,battery2_v
2020-12-22T08:00:00Z,30.0,30.0,,,,,13491.5,14032.0,,,,12.351,12.45,,,,7097.0,7097.0,7097.0,,-4.9,50.033,,,,1.0,,,,,,,,,,2559.0,2588.0,0.0,0.0,30.0,0.0,30.0,0.0,30.0,0.0,0.0,17.0,0.0,0.0,0.0,0.0,0.0,0.0,battery2_v
2020-12-22T09:00:00Z,30.0,30.0,,,,,7583.4,13564.0,,,,12.313,12.36,,,,7097.0,7097.0,7097.0,,-12.633,69.2,,,,1.0,,,,,,,,,,2589.0,2618.0,0.0,0.0,30.0,0.0,30.0,0.0,30.0,0.0,0.0,29.0,0.0,0.0,0.0,0.0,0.0,0.0,battery2_v
2020-12-22T10:00:00Z,30.0,30.0,,,,,1829.0,6650.0,,,,12.337,12.351,,,,7097.0,7097.0,7097.0,,-8.967,65.167,,,,1.0,,,,,,,,,,2619.0,2648.0,0.0,0.0,30.0,0.0,30.0,0.0,30.0,0.0,0.0,30.0,0.0,0.0,0.0,0.0,0.0,0.0,battery2_v
2020-12-22T11:00:00Z,30.0,30.0,,,,,700.467,718.0,,,,12.337,12.351,,,,7097.0,7097.0,7097.0,,-5.3,107.567,,,,1.0,,,,,,,,,,2649.0,2678.0,0.0,0.0,30.0,0.0,30.0,0.0,30.0,0.0,0.0,30.0,0.0,0.0,0.0,0.0,0.0,0.0,battery2_v
2020-12-22T12:00:00Z,28.0,28.0,,,,,715.429,730.0,,,,12.327,12.341,,,,7097.0,7097.0,7097.0,,-7.536,85.964,,,,1.0,,,,,,,,,,2679.0,2707.0,0.0,0.0,28.0,0.0,28.0,0.0,28.0,0.0,0.0,28.0,0.0,0.0,0.0,0.0,0.0,0.0,battery2_v
2020-12-22T13:00:00Z,30.0,30.0,,,,,729.433,753.0,,,,12.327,12.337,,,,7097.0,7097.0,7097.0,,-8.5,72.767,,,,1.0,,,,,,,,,,2708.0,2737.0,0.0,0.0,30.0,0.0,30.0,0.0,30.0,0.0,0.0,30.0,0.0,0.0,0.0,0.0,0.0,0.0,battery2_v
2020-12-22T14:00:00Z,30.0,30.0,,,,,729.067,741.0,,,,12.322,12.332,,,,7097.0,7097.0,7097.0,,-7.733,81.9,,,,1.0,,,,,,,,,,2738.0,2767.0,0.0,0.0,30.0,0.0,30.0,0.0,30.0,0.0,0.0,30.0,0.0,0.0,0.0,0.0,0.0,0.0,battery2_v
2020-12-22T15:00:00Z,30.0,30.0,,,,,731.7,741.0,,,,12.318,12.332,,,,7097.0,7097.0,7097.0,,-7.533,84.7,,,,1.0,,,,,,,,,,2768.0,2797.0,0.0,0.0,30.0,0.0,30.0,0.0,30.0,0.0,0.0,30.0,0.0,0.0,0.0,0.0,0.0,0.0,battery2_v
2020-12-22T16:00:00Z,30.0,30.0,,,,,742.067,753.0,,,,12.313,12.322,,,,7097.0,7097.0,7097.0,,-8.067,80.0,,,,1.0,,,,,,,,,,2798.0,2827.0,0.0,0.0,30.0,0.0,30.0,0.0,30.0,0.0,0.0,30.0,0.0,0.0,0.0,0.0,0.0,0.0,battery2_v
2020-12-22T17:00:00Z,30.0,30.0,,,,,754.2,776.0,,,,12.308,12.322,,,,7097.0,7097.0,7097.0,,-8.1,78.4,,,,1.0,,,,,,,,,,2828.0,2857.0,0.0,0.0,30.0,0.0,30.0,0.0,30.0,0.0,0.0,30.0,0.0,0.0,0.0,0.0,0.0,0.0,battery2_v
2020-12-22T18:00:00Z,30.0,30.0,,,,,765.6,776.0,,,,12.304,12.313,,,,7097.0,7097.0,7097.0,,-7.967,83.467,,,,1.0,,,,,,,,,,2858.0,2887.0,0.0,0.0,30.0,0.0,30.0,0.0,30.0,0.0,0.0,30.0,0.0,0.0,0.0,0.0,0.0,0.0,battery2_v
2020-12-22T19:00:00Z,30.0,30.0,,,,,775.433,788.0,,,,12.294,12.313,,,,7097.0,7097.0,7097.0,,-7.8,82.667,,,,1.0,,,,,,,,,,2888.0,2917.0,0.0,0.0,30.0,0.0,30.0,0.0,30.0,0.0,0.0,30.0,0.0,0.0,0.0,0.0,0.0,0.0,battery2_v
2020-12-22T20:00:00Z,30.0,30.0,,,,,788.8,800.0,,,,12.289,12.304,,,,7097.0,7097.0,7097.0,,-7.533,84.6,,,,1.0,,,,,,,,,,2918.0,2947.0,0.0,0.0,30.0,0.0,30.0,0.0,30.0,0.0,0.0,30.0,0.0,0.0,0.0,0.0,0.0,0.0,battery2_v
2020-12-22T21:00:00Z,28.0,28.0,,,,,795.714,800.0,,,,12.289,12.294,,,,7097.0,7097.0,7097.0,,-7.429,87.0,,,,1.0,,,,,,,,,,2948.0,2976.0,0.0,0.0,28.0,0.0,28.0,0.0,28.0,0.0,0.0,28.0,0.0,0.0,0.0,0.0,0.0,0.0,battery2_v
2020-12-22T22:00:00Z,30.0,30.0,,,,,827.033,1069.0,,,,12.28,12.294,,,,7097.0,7097.0,7097.0,,-7.267,89.633,,,,1.0,,,,,,,,,,2977.0,3006.0,0.0,0.0,30.0,0.0,30.0,0.0,30.0,0.0,0.0,30.0,0.0,0.0,0.0,0.0,0.0,0.0,battery2_v
2020-12-22T23:00:00Z,30.0,30.0,,,,,5576.0,13752.0,,,,12.143,12.308,,,,7097.0,7097.0,7097.0,,-14.967,84.733,,,,0.467,,,,,,,,,,3007.0,3036.0,0.0,0.0,30.0,0.0,30.0,0.0,30.0,0.0,6.0,24.0,0.0,0.0,0.0,0.0,0.0,0.0,battery2_v
2020-12-23T00:00:00Z,30.0,30.0,,,,,3286.333,4158.0,,,,12.299,12.313,,,,7097.0,7097.0,7097.0,,0.133,117.2,,,,0.0,,,,,,,,,,3037.0,3066.0,0.0,0.0,30.0,0.0,30.0,0.0,30.0,0.0,0.0,30.0,0.0,0.0,0.0,0.0,0.0,0.0,battery2_v
2020-12-23T01:00:00Z,30.0,30.0,,,,,13017.233,13576.0,,,,12.299,12.346,,,,7097.0,7097.0,7097.0,,5.2,117.3,,,,0.0,,,,,,,,,,3067.0,3096.0,0.0,0.0,30.0,0.0,30.0,0.0,30.0,0.0,0.0,30.0,0.0,0.0,0.0,0.0,0.0,0.0,battery2_v
2020-12-23T02:00:00Z,30.0,30.0,,,,,13436.933,13529.0,,,,12.346,12.516,,,,7097.0,7097.0,7097.0,,34.2,143.9,,,,0.0,,,,,,,,,,3097.0,3126.0,0.0,0.0,30.0,0.0,30.0,0.0,30.0,0.0,1.0,30.0,0.0,0.0,0.0,0.0,0.0,0.0,battery2_v
2020-12-23T03:00:00Z,29.0,29.0,,,,,13239.31,13307.0,,,,12.531,12.602,,,,7097.0,7097.0,7097.0,,51.276,153.552,,,,0.0,,,,,,,,,,3127.0,3156.0,0.0,0.0,29.0,0.0,29.0,0.0,29.0,0.0,18.0,29.0,0.0,0.0,0.0,0.0,0.0,0.0,battery2_v
2020-12-23T04:00:00Z,30.0,30.0,,,,,13194.233,13225.0,,,,12.573,12.625,,,,7097.0,7097.0,7097.0,,48.4,145.333,,,,0.0,,,,,,,,,,3157.0,3186.0,0.0,0.0,30.0,0.0,30.0,0.0,30.0,0.0,13.0,30.0,0.0,0.0,0.0,0.0,0.0,0.0,battery2_v
2020-12-23T05:00:00Z,28.0,28.0,,,,,13252.357,13927.0,,,,12.554,12.654,,,,7097.0,7097.0,7097.0,,41.821,132.0,,,,0.0,,,,,,,,,,3187.0,3215.0,0.0,0.0,28.0,0.0,28.0,0.0,28.0,0.0,5.0,28.0,0.0,0.0,0.0,0.0,0.0,0.0,battery2_v
2020-12-23T06:00:00Z,30.0,30.0,,,,,13297.367,13471.0,,,,12.417,12.635,,,,7097.0,7097.0,7097.0,,23.333,106.6,,,,0.0,,,,,,,,,,3216.0,3245.0,0.0,0.0,30.0,0.0,30.0,0.0,30.0,0.0,1.0,30.0,0.0,0.0,0.0,0.0,0.0,0.0,battery2_v
2020-12-23T07:00:00Z,28.0,28.0,,,,,13185.036,14103.0,,,,12.351,12.502,,,,7097.0,7097.0,7097.0,,-1.407,69.179,,,,0.0,,,,,,,,,,3246.0,3275.0,0.0,0.0,28.0,0.0,28.0,0.0,28.0,0.0,0.0,26.0,0.0,0.0,0.0,0.0,0.0,0.0,battery2_v
2020-12-23T08:00:00Z,30.0,30.0,,,,,4242.967,13693.0,,,,12.199,12.37,,,,7097.0,7097.0,7097.0,,-6.786,67.233,,,,0.0,,,,,,,,,,3276.0,3305.0,0.0,0.0,30.0,0.0,30.0,0.0,30.0,0.0,2.0,27.0,0.0,0.0,0.0,0.0,0.0,0.0,battery2_v
2020-12-23T09:00:00Z,30.0,30.0,,,,,3219.433,13728.0,,,,12.171,12.337,,,,7097.0,7097.0,7097.0,,-7.455,79.467,,,,0.0,,,,,,,,,,3306.0,3335.0,0.0,0.0,30.0,0.0,30.0,0.0,30.0,0.0,1.0,29.0,0.0,0.0,0.0,0.0,0.0,0.0,battery2_v
2020-12-23T10:00:00Z,30.0,30.0,,,,,2268.467,13717.0,,,,12.176,12.313,,,,7097.0,7097.0,7097.0,,-10.5,85.567,,,,0.0,,,,,,,,,,3336.0,3365.0,0.0,0.0,30.0,0.0,30.0,0.0,30.0,0.0,1.0,29.0,0.0,0.0,0.0,0.0,0.0,0.0,battery2_v
2020-12-23T11:00:00Z,30.0,30.0,,,,,778.533,788.0,,,,12.294,12.308,,,,7097.0,7097.0,7097.0,,0.0,98.5,,,,0.0,,,,,,,,,,3366.0,3395.0,0.0,0.0,30.0,0.0,30.0,0.0,30.0,0.0,0.0,30.0,0.0,0.0,0.0,0.0,0.0,0.0,battery2_v
2020-12-23T12:00:00Z,30.0,30.0,,,,,789.967,811.0,,,,12.289,12.304,,,,7097.0,7097.0,7097.0,,0.0,98.467,,,,0.0,,,,,,,,,,3396.0,3425.0,0.0,0.0,30.0,0.0,30.0,0.0,30.0,0.0,0.0,30.0,0.0,0.0,0.0,0.0,0.0,0.0,battery2_v
2020-12-23T13:00:00Z,29.0,29.0,,,,,791.31,800.0,,,,12.285,12.299,,,,7097.0,7097.0,7097.0,,0.0,101.0,,,,0.0,,,,,,,,,,3426.0,3454.0,0.0,0.0,29.0,0.0,29.0,0.0,29.0,0.0,0.0,29.0,0.0,0.0,0.0,0.0,0.0,0.0,battery2_v
2020-12-23T14:00:00Z,28.0,28.0,,,,,801.929,823.0,,,,12.285,12.294,,,,7097.0,7097.0,7097.0,,0.0,101.821,,,,0.0,,,,,,,,,,3455.0,3483.0,0.0,0.0,28.0,0.0,28.0,0.0,28.0,0.0,0.0,28.0,0.0,0.0,0.0,0.0,0.0,0.0,battery2_v
2020-12-23T15:00:00Z,30.0,30.0,,,,,805.467,811.0,,,,12.28,12.289,,,,7097.0,7097.0,7097.0,,0.0,102.867,,,,0.0,,,,,,,,,,3485.0,3514.0,0.0,0.0,30.0,0.0,30.0,0.0,30.0,0.0,0.0,30.0,0.0,0.0,0.0,0.0,0.0,0.0,battery2_v
2020-12-23T16:00:00Z,30.0,30.0,,,,,812.3,823.0,,,,12.275,12.289,,,,7097.0,7097.0,7097.0,,0.0,100.3,,,,0.0,,,,,,,,,,3515.0,3544.0,0.0,0.0,30.0,0.0,30.0,0.0,30.0,0.0,0.0,30.0,0.0,0.0,0.0,0.0,0.0,0.0,battery2_v
2020-12-23T17:00:00Z,30.0,30.0,,,,,820.233,835.0,,,,12.27,12.285,,,,7097.0,7097.0,7097.0,,0.0,101.833,,,,0.0,,,,,,,,,,3545.0,3574.0,0.0,0.0,30.0,0.0,30.0,0.0,30.0,0.0,0.0,30.0,0.0,0.0,0.0,0.0,0.0,0.0,battery2_v
2020-12-23T18:00:00Z,29.0,29.0,,,,,827.552,835.0,,,,12.266,12.28,,,,7097.0,7097.0,7097.0,,0.0,101.655,,,,0.0,,,,,,,,,,3575.0,3603.0,0.0,0.0,29.0,0.0,29.0,0.0,29.0,0.0,0.0,29.0,0.0,0.0,0.0,0.0,0.0,0.0,battery2_v
2020-12-23T19:00:00Z,29.0,29.0,,,,,834.586,847.0,,,,12.266,12.275,,,,7097.0,7097.0,7097.0,,0.0,104.138,,,,0.0,,,,,,,,,,3604.0,3633.0,0.0,0.0,29.0,0.0,29.0,0.0,29.0,0.0,0.0,29.0,0.0,0.0,0.0,0.0,0.0,0.0,battery2_v
2020-12-23T20:00:00Z,28.0,28.0,,,,,839.286,847.0,,,,12.266,12.275,,,,7097.0,7097.0,7097.0,,0.0,106.429,,,,0.0,,,,,,,,,,3634.0,3663.0,0.0,0.0,28.0,0.0,28.0,0.0,28.0,0.0,0.0,28.0,0.0,0.0,0.0,0.0,0.0,0.0,battery2_v
2020-12-23T21:00:00Z,29.0,29.0,,,,,847.241,858.0,,,,12.261,12.27,,,,7097.0,7097.0,7097.0,,0.0,108.345,,,,0.0,,,,,,,,,,3664.0,3693.0,0.0,0.0,29.0,0.0,29.0,0.0,29.0,0.0,0.0,29.0,0.0,0.0,0.0,0.0,0.0,0.0,battery2_v
2020-12-23T22:00:00Z,30.0,30.0,,,,,896.5,1244.0,,,,12.256,12.266,,,,7097.0,7097.0,7097.0,,0.0,106.033,,,,0.0,,,,,,,,,,3694.0,3723.0,0.0,0.0,30.0,0.0,30.0,0.0,30.0,0.0,0.0,30.0,0.0,0.0,0.0,0.0,0.0,0.0,battery2_v
2020-12-23T23:00:00Z,30.0,30.0,,,,,4095.233,13798.0,,,,12.11,12.266,,,,7097.0,7097.0,7097.0,,-5.8,98.9,,,,0.0,,,,,,,,,,3724.0,3753.0,0.0,0.0,30.0,0.0,30.0,0.0,30.0,0.0,3.0,27.0,0.0,0.0,0.0,0.0,0.0,0.0,battery2_v
2020-12-24T00:00:00Z,29.0,29.0,,,,,6625.517,13763.0,,,,12.251,12.304,,,,7097.0,7097.0,7097.0,,2.276,112.621,,,,0.0,,,,,,,,,,3754.0,3783.0,0.0,0.0,29.0,0.0,29.0,0.0,29.0,0.0,0.0,29.0,0.0,0.0,0.0,0.0,0.0,0.0,battery2_v
2020-12-24T01:00:00Z,30.0,30.0,,,,,13605.9,13670.0,,,,12.233,12.356,,,,7097.0,7097.0,7097.0,,9.69,111.167,,,,0.0,,,,,,,,,,3784.0,3813.0,0.0,0.0,30.0,0.0,30.0,0.0,30.0,0.0,0.0,30.0,0.0,0.0,0.0,0.0,0.0,0.0,battery2_v
2020-12-24T02:00:00Z,20.0,20.0,,,,,13496.65,13518.0,,,,12.374,12.436,,,,7097.0,7097.0,7097.0,,33.3,135.35,,,,0.0,,,,,,,,,,3823.0,3842.0,0.0,0.0,20.0,0.0,20.0,0.0,20.0,0.0,0.0,20.0,0.0,0.0,0.0,0.0,0.0,0.0,battery2_v
2020-12-24T03:00:00Z,30.0,30.0,,,,,13481.367,13588.0,,,,12.332,12.46,,,,7097.0,7097.0,7097.0,,28.333,121.367,,,,0.0,,,,,,,,,,3843.0,3872.0,0.0,0.0,30.0,0.0,30.0,0.0,30.0,0.0,0.0,30.0,0.0,0.0,0.0,0.0,0.0,0.0,battery2_v
2020-12-24T04:00:00Z,30.0,30.0,,,,,13529.7,14161.0,,,,12.294,12.483,,,,7097.0,7097.0,7097.0,,20.267,99.167,,,,0.0,,,,,,,,,,3873.0,3902.0,0.0,0.0,30.0,0.0,30.0,0.0,30.0,0.0,1.0,30.0,0.0,0.0,0.0,0.0,0.0,0.0,battery2_v
2020-12-24T05:00:00Z,30.0,30.0,,,,,13577.733,14231.0,,,,12.261,12.464,,,,7097.0,7097.0,7097.0,,17.467,90.833,,,,0.0,,,,,,,,,,3903.0,3932.0,0.0,0.0,30.0,0.0,30.0,0.0,30.0,0.0,1.0,29.0,0.0,0.0,0.0,0.0,0.0,0.0,battery2_v
2020-12-24T06:00:00Z,30.0,30.0,,,,,13547.233,14138.0,,,,12.289,12.483,,,,7097.0,7097.0,7097.0,,20.867,92.867,,,,0.0,,,,,,,,,,3933.0,3962.0,0.0,0.0,30.0,0.0,30.0,0.0,30.0,0.0,3.0,30.0,0.0,0.0,0.0,0.0,0.0,0.0,battery2_v
2020-12-24T07:00:00Z,30.0,30.0,,,,,13550.333,14161.0,,,,12.304,12.46,,,,7097.0,7097.0,7097.0,,14.103,78.267,,,,0.0,,,,,,,,,,3963.0,3992.0,0.0,0.0,30.0,0.0,30.0,0.0,30.0,0.0,0.0,30.0,0.0,0.0,0.0,0.0,0.0,0.0,battery2_v
2020-12-24T08:00:00Z,30.0,30.0,,,,,13602.233,13658.0,,,,12.237,12.327,,,,7097.0,7097.0,7097.0,,1.862,60.633,,,,0.0,,,,,,,,,,3993.0,4022.0,0.0,0.0,30.0,0.0,30.0,0.0,30.0,0.0,0.0,23.0,0.0,0.0,0.0,0.0,0.0,0.0,battery2_v
2020-12-24T09:00:00Z,30.0,30.0,,,,,9884.433,13717.0,,,,12.19,12.266,,,,7097.0,7097.0,7097.0,,-11.0,43.333,,,,0.0,,,,,,,,,,4023.0,4052.0,0.0,0.0,30.0,0.0,30.0,0.0,30.0,0.0,0.0,12.0,0.0,0.0,0.0,0.0,0.0,0.0,battery2_v
2020-12-24T10:00:00Z,30.0,30.0,,,,,2639.067,8077.0,,,,12.237,12.251,,,,7097.0,7097.0,7097.0,,-2.867,63.833,,,,0.0,,,,,,,,,,4053.0,4082.0,0.0,0.0,30.0,0.0,30.0,0.0,30.0,0.0,0.0,30.0,0.0,0.0,0.0,0.0,0.0,0.0,battery2_v
2020-12-24T11:00:00Z,29.0,29.0,,,,,911.552,940.0,,,,12.233,12.251,,,,7097.0,7097.0,7097.0,,-2.552,68.345,,,,0.0,,,,,,,,,,4083.0,4111.0,0.0,0.0,29.0,0.0,29.0,0.0,29.0,0.0,0.0,29.0,0.0,0.0,0.0,0.0,0.0,0.0,battery2_v
2020-12-24T12:00:00Z,30.0,30.0,,,,,923.267,940.0,,,,12.233,12.242,,,,7097.0,7097.0,7097.0,,-2.467,70.133,,,,0.0,,,,,,,,,,4112.0,4141.0,0.0,0.0,30.0,0.0,30.0,0.0,30.0,0.0,0.0,30.0,0.0,0.0,0.0,0.0,0.0,0.0,battery2_v
2020-12-24T13:00:00Z,30.0,30.0,,,,,934.433,952.0,,,,12.223,12.237,,,,7097.0,7097.0,7097.0,,-2.267,69.867,,,,0.0,,,,,,,,,,4142.0,4171.0,0.0,0.0,30.0,0.0,30.0,0.0,30.0,0.0,0.0,30.0,0.0,0.0,0.0,0.0,0.0,0.0,battery2_v
2020-12-24T14:00:00Z,30.0,30.0,,,,,944.4,964.0,,,,12.218,12.233,,,,7097.0,7097.0,7097.0,,-2.067,71.733,,,,0.0,,,,,,,,,,4172.0,4201.0,0.0,0.0,30.0,0.0,30.0,0.0,30.0,0.0,0.0,30.0,0.0,0.0,0.0,0.0,0.0,0.0,battery2_v
2020-12-24T15:00:00Z,29.0,29.0,,,,,956.103,975.0,,,,12.214,12.228,,,,7097.0,7097.0,7097.0,,-2.0,74.207,,,,0.0,,,,,,,,,,4202.0,4231.0,0.0,0.0,29.0,0.0,29.0,0.0,29.0,0.0,0.0,29.0,0.0,0.0,0.0,0.0,0.0,0.0,battery2_v
2020-12-24T16:00:00Z,30.0,30.0,,,,,969.233,987.0,,,,12.209,12.223,,,,7097.0,7097.0,7097.0,,-2.115,73.567,,,,0.0,,,,,,,,,,4232.0,4261.0,0.0,0.0,30.0,0.0,30.0,0.0,30.0,0.0,0.0,30.0,0.0,0.0,0.0,0.0,0.0,0.0,battery2_v
2020-12-24T17:00:00Z,30.0,30.0,,,,,972.933,987.0,,,,12.209,12.218,,,,7097.0,7097.0,7097.0,,-2.0,80.3,,,,0.0,,,,,,,,,,4262.0,4291.0,0.0,0.0,30.0,0.0,30.0,0.0,30.0,0.0,0.0,30.0,0.0,0.0,0.0,0.0,0.0,0.0,battery2_v
2020-12-24T18:00:00Z,28.0,28.0,,,,,975.25,999.0,,,,12.204,12.218,,,,7097.0,7097.0,7097.0,,-2.0,81.714,,,,0.0,,,,,,,,,,4292.0,4320.0,0.0,0.0,28.0,0.0,28.0,0.0,28.0,0.0,0.0,28.0,0.0,0.0,0.0,0.0,0.0,0.0,battery2_v
2020-12-24T19:00:00Z,28.0,28.0,,,,,985.714,999.0,,,,12.199,12.209,,,,7097.0,7097.0,7097.0,,-2.0,82.607,,,,0.0,,,,,,,,,,4321.0,4350.0,0.0,0.0,28.0,0.0,28.0,0.0,28.0,0.0,0.0,28.0,0.0,0.0,0.0,0.0,0.0,0.0,battery2_v
2020-12-24T20:00:00Z,24.0,24.0,,,,,997.792,1022.0,,,,12.19,12.204,,,,7097.0,7097.0,7097.0,,-2.0,85.875,,,,0.0,,,,,,,,,,4351.0,4378.0,0.0,0.0,24.0,0.0,24.0,0.0,24.0,0.0,0.0,24.0,0.0,0.0,0.0,0.0,0.0,0.0,battery2_v
2020-12-24T21:00:00Z,30.0,30.0,,,,,1008.333,1022.0,,,,12.185,12.204,,,,7097.0,7097.0,7097.0,,-0.667,89.1,,,,0.0,,,,,,,,,,4380.0,4409.0,0.0,0.0,30.0,0.0,30.0,0.0,30.0,0.0,0.0,30.0,0.0,0.0,0.0,0.0,0.0,0.0,battery2_v
2020-12-24T22:00:00Z,30.0,30.0,,,,,1051.933,1443.0,,,,12.185,12.204,,,,7097.0,7097.0,7097.0,,0.0,96.167,,,,0.0,,,,,,,,,,4410.0,4439.0,0.0,0.0,30.0,0.0,30.0,0.0,30.0,0.0,0.0,30.0,0.0,0.0,0.0,0.0,0.0,0.0,battery2_v
2020-12-24T23:00:00Z,30.0,30.0,,,,,9173.767,13880.0,,,,12.048,12.195,,,,7097.0,7097.0,7097.0,,-31.385,57.3,,,,0.0,,,,,,,,,,4440.0,4469.0,0.0,0.0,30.0,0.0,30.0,0.0,30.0,0.0,14.0,16.0,0.0,0.0,0.0,0.0,0.0,0.0,battery2_v
2020-12-25T00:00:00Z,28.0,28.0,,,,,5631.679,13880.0,,,,12.048,12.19,,,,7097.0,7097.0,7097.0,,-15.867,76.464,,,,0.0,,,,,,,,,,4470.0,4498.0,0.0,0.0,28.0,0.0,28.0,0.0,28.0,0.0,4.0,24.0,0.0,0.0,0.0,0.0,0.0,0.0,battery2_v
2020-12-25T01:00:00Z,30.0,30.0,,,,,13705.167,13740.0,,,,12.171,12.266,,,,7097.0,7097.0,7097.0,,7.84,97.233,,,,0.0,,,,,,,,,,4499.0,4528.0,0.0,0.0,30.0,0.0,30.0,0.0,30.0,0.0,0.0,30.0,0.0,0.0,0.0,0.0,0.0,0.0,battery2_v
2020-12-25T02:00:00Z,27.0,27.0,,,,,13610.852,13740.0,,,,12.176,12.422,,,,7097.0,7097.0,7097.0,,29.815,119.519,,,,0.0,,,,,,,,,,4529.0,4558.0,0.0,0.0,27.0,0.0,27.0,0.0,27.0,0.0,7.0,27.0,0.0,0.0,0.0,0.0,0.0,0.0,battery2_v
2020-12-25T03:00:00Z,25.0,25.0,,,,,13579.88,14231.0,,,,12.261,12.422,,,,7097.0,7097.0,7097.0,,30.6,116.68,,,,0.0,,,,,,,,,,4559.0,4587.0,0.0,0.0,25.0,0.0,25.0,0.0,25.0,0.0,1.0,25.0,0.0,0.0,0.0,0.0,0.0,0.0,battery2_v
2020-12-25T04:00:00Z,30.0,30.0,,,,,13520.833,13576.0,,,,12.304,12.422,,,,7097.0,7097.0,7097.0,,32.367,114.067,,,,0.0,,,,,,,,,,4588.0,4617.0,0.0,0.0,30.0,0.0,30.0,0.0,30.0,0.0,1.0,30.0,0.0,0.0,0.0,0.0,0.0,0.0,battery2_v
2020-12-25T05:00:00Z,30.0,30.0,,,,,13640.633,14266.0,,,,12.261,12.294,,,,7097.0,7097.0,7097.0,,8.9,73.367,,,,0.0,,,,,,,,,,4618.0,4647.0,0.0,0.0,30.0,0.0,30.0,0.0,30.0,0.0,0.0,30.0,0.0,0.0,0.0,0.0,0.0,0.0,battery2_v
2020-12-25T06:00:00Z,28.0,28.0,,,,,13573.571,14173.0,,,,12.266,12.403,,,,7097.0,7097.0,7097.0,,28.857,96.786,,,,0.0,,,,,,,,,,4648.0,4676.0,0.0,0.0,28.0,0.0,28.0,0.0,28.0,0.0,1.0,28.0,0.0,0.0,0.0,0.0,0.0,0.0,battery2_v
2020-12-25T07:00:00Z,29.0,29.0,,,,,13589.414,14243.0,,,,12.275,12.351,,,,7097.0,7097.0,7097.0,,19.207,94.69,,,,0.0,,,,,,,,,,4677.0,4706.0,0.0,0.0,29.0,0.0,29.0,0.0,29.0,0.0,0.0,29.0,0.0,0.0,0.0,0.0,0.0,0.0,battery2_v
2020-12-25T08:00:00Z,30.0,30.0,,,,,13665.0,13705.0,,,,12.209,12.285,,,,7097.0,7097.0,7097.0,,2.407,90.367,,,,0.0,,,,,,,,,,4707.0,4736.0,0.0,0.0,30.0,0.0,30.0,0.0,30.0,0.0,0.0,30.0,0.0,0.0,0.0,0.0,0.0,0.0,battery2_v
2020-12-25T09:00:00Z,30.0,30.0,,,,,13379.233,13787.0,,,,12.133,12.204,,,,7097.0,7097.0,7097.0,,-11.69,52.7,,,,0.0,,,,,,,,,,4737.0,4766.0,0.0,0.0,30.0,0.0,30.0,0.0,30.0,0.0,0.0,15.0,0.0,0.0,0.0,0.0,0.0,0.0,battery2_v
2020-12-25T10:00:00Z,30.0,30.0,,,,,2454.6,6275.0,,,,12.171,12.181,,,,7097.0,7097.0,7097.0,,-2.667,68.7,,,,0.0,,,,,,,,,,4767.0,4796.0,0.0,0.0,30.0,0.0,30.0,0.0,30.0,0.0,0.0,29.0,0.0,0.0,0.0,0.0,0.0,0.0,battery2_v
2020-12-25T11:00:00Z,30.0,30.0,,,,,1067.8,1081.0,,,,12.162,12.176,,,,7097.0,7097.0,7097.0,,-2.433,70.9,,,,0.0,,,,,,,,,,4797.0,4826.0,0.0,0.0,30.0,0.0,30.0,0.0,30.0,0.0,0.0,30.0,0.0,0.0,0.0,0.0,0.0,0.0,battery2_v
2020-12-25T12:00:00Z,28.0,28.0,,,,,1090.214,1104.0,,,,12.162,12.176,,,,7097.0,7097.0,7097.0,,1.346,124.75,,,,0.0,,,,,,,,,,4827.0,4855.0,0.0,0.0,28.0,0.0,28.0,0.0,28.0,0.0,0.0,28.0,0.0,0.0,0.0,0.0,0.0,0.0,battery2_v
2020-12-25T13:00:00Z,30.0,30.0,,,,,1105.533,1127.0,,,,12.152,12.171,,,,7097.0,7097.0,7097.0,,2.433,140.933,,,,0.0,,,,,,,,,,4856.0,4885.0,0.0,0.0,30.0,0.0,30.0,0.0,30.0,0.0,0.0,30.0,0.0,0.0,0.0,0.0,0.0,0.0,battery2_v
2020-12-25T14:00:00Z,30.0,30.0,,,,,1109.533,1127.0,,,,12.147,12.162,,,,7097.0,7097.0,7097.0,,0.0,110.3,,,,0.0,,,,,,,,,,4886.0,4915.0,0.0,0.0,30.0,0.0,30.0,0.0,30.0,0.0,0.0,30.0,0.0,0.0,0.0,0.0,0.0,0.0,battery2_v
2020-12-25T15:00:00Z,30.0,30.0,,,,,1117.367,1127.0,,,,12.143,12.157,,,,7097.0,7097.0,7097.0,,0.0,99.267,,,,0.0,,,,,,,,,,4916.0,4945.0,0.0,0.0,30.0,0.0,30.0,0.0,30.0,0.0,0.0,30.0,0.0,0.0,0.0,0.0,0.0,0.0,battery2_v
2020-12-25T16:00:00Z,26.0,26.0,,,,,1120.731,1139.0,,,,12.138,12.152,,,,7097.0,7097.0,7097.0,,0.0,92.808,,,,0.0,,,,,,,,,,4946.0,4974.0,0.0,0.0,26.0,0.0,26.0,0.0,26.0,0.0,0.0,26.0,0.0,0.0,0.0,0.0,0.0,0.0,battery2_v
2020-12-25T17:00:00Z,27.0,27.0,,,,,1124.704,1139.0,,,,12.138,12.147,,,,7097.0,7097.0,7097.0,,0.0,91.815,,,,0.0,,,,,,,,,,4977.0,5004.0,0.0,0.0,27.0,0.0,27.0,0.0,27.0,0.0,0.0,27.0,0.0,0.0,0.0,0.0,0.0,0.0,battery2_v
2020-12-25T18:00:00Z,30.0,30.0,,,,,1132.233,1151.0,,,,12.133,12.147,,,,7097.0,7097.0,7097.0,,0.0,94.167,,,,0.0,,,,,,,,,,5005.0,5034.0,0.0,0.0,30.0,0.0,30.0,0.0,30.0,0.0,0.0,30.0,0.0,0.0,0.0,0.0,0.0,0.0,battery2_v
2020-12-25T19:00:00Z,30.0,30.0,,,,,1144.2,1151.0,,,,12.128,12.143,,,,7097.0,7097.0,7097.0,,0.0,92.5,,,,0.0,,,,,,,,,,5035.0,5064.0,0.0,0.0,30.0,0.0,30.0,0.0,30.0,0.0,0.0,30.0,0.0,0.0,0.0,0.0,0.0,0.0,battery2_v
2020-12-25T20:00:00Z,30.0,30.0,,,,,1153.533,1174.0,,,,12.128,12.138,,,,7097.0,7097.0,7097.0,,0.0,91.467,,,,0.0,,,,,,,,,,5065.0,5094.0,0.0,0.0,30.0,0.0,30.0,0.0,30.0,0.0,0.0,30.0,0.0,0.0,0.0,0.0,0.0,0.0,battery2_v
2020-12-25T21:00:00Z,30.0,30.0,,,,,1161.0,1174.0,,,,12.124,12.133,,,,7097.0,7097.0,7097.0,,0.0,93.7,,,,0.0,,,,,,,,,,5095.0,5124.0,0.0,0.0,30.0,0.0,30.0,0.0,30.0,0.0,0.0,30.0,0.0,0.0,0.0,0.0,0.0,0.0,battery2_v
2020-12-25T22:00:00Z,30.0,30.0,,,,,1207.1,1560.0,,,,12.119,12.128,,,,7097.0,7097.0,7097.0,,0.0,95.667,,,,0.0,,,,,,,,,,5125.0,5154.0,0.0,0.0,30.0,0.0,30.0,0.0,30.0,0.0,0.0,30.0,0.0,0.0,0.0,0.0,0.0,0.0,battery2_v
2020-12-25T23:00:00Z,29.0,29.0,,,,,5834.345,13927.0,,,,11.977,12.128,,,,7097.0,7097.0,7097.0,,-29.583,73.759,,,,0.0,,,,,,,,,,5155.0,5183.0,0.0,0.0,29.0,0.0,29.0,0.0,29.0,0.0,6.0,23.0,0.0,0.0,0.0,0.0,0.0,0.0,battery2_v
2020-12-26T00:00:00Z,30.0,30.0,,,,,3684.567,4064.0,,,,12.11,12.124,,,,7097.0,7097.0,7097.0,,-1.0,91.1,,,,0.0,,,,,,,,,,5184.0,5213.0,0.0,0.0,30.0,0.0,30.0,0.0,30.0,0.0,0.0,30.0,0.0,0.0,0.0,0.0,0.0,0.0,battery2_v
2020-12-26T01:00:00Z,30.0,30.0,,,,,9332.133,14395.0,,,,12.11,12.19,,,,7097.0,7097.0,7097.0,,9.188,92.733,,,,0.0,,,,,,,,,,5214.0,5243.0,0.0,0.0,30.0,0.0,30.0,0.0,30.0,0.0,0.0,30.0,0.0,0.0,0.0,0.0,0.0,0.0,battery2_v
2020-12-26T02:00:00Z,30.0,30.0,,,,,13727.067,14337.0,,,,12.195,12.256,,,,7097.0,7097.0,7097.0,,26.467,113.333,,,,0.0,,,,,,,,,,5244.0,5273.0,0.0,0.0,30.0,0.0,30.0,0.0,30.0,0.0,0.0,30.0,0.0,0.0,0.0,0.0,0.0,0.0,battery2_v
2020-12-26T03:00:00Z,29.0,29.0,,,,,13664.828,13681.0,,,,12.237,12.261,,,,7097.0,7097.0,7097.0,,24.241,97.552,,,,0.0,,,,,,,,,,5274.0,5303.0,0.0,0.0,29.0,0.0,29.0,0.0,29.0,0.0,0.0,29.0,0.0,0.0,0.0,0.0,0.0,0.0,battery2_v
2020-12-26T04:00:00Z,30.0,30.0,,,,,13715.033,13740.0,,,,12.176,12.247,,,,7097.0,7097.0,7097.0,,12.133,74.367,,,,0.0,,,,,,,,,,5304.0,5333.0,0.0,0.0,30.0,0.0,30.0,0.0,30.0,0.0,0.0,30.0,0.0,0.0,0.0,0.0,0.0,0.0,battery2_v
2020-12-26T05:00:00Z,30.0,30.0,,,,,13712.833,13752.0,,,,12.162,12.228,,,,7097.0,7097.0,7097.0,,15.233,71.333,,,,0.0,,,,,,,,,,5334.0,5363.0,0.0,0.0,30.0,0.0,30.0,0.0,30.0,0.0,0.0,27.0,0.0,0.0,0.0,0.0,0.0,0.0,battery2_v
2020-12-26T06:00:00Z,30.0,30.0,,,,,13761.167,14360.0,,,,12.162,12.247,,,,7097.0,7097.0,7097.0,,14.733,68.8,,,,0.0,,,,,,,,,,5364.0,5393.0,0.0,0.0,30.0,0.0,30.0,0.0,30.0,0.0,0.0,25.0,0.0,0.0,0.0,0.0,0.0,0.0,battery2_v
2020-12-26T07:00:00Z,30.0,30.0,,,,,13785.967,14383.0,,,,12.11,12.233,,,,7097.0,7097.0,7097.0,,5.571,47.333,,,,0.0,,,,,,,,,,5394.0,5423.0,0.0,0.0,30.0,0.0,30.0,0.0,30.0,0.0,0.0,10.0,0.0,0.0,0.0,0.0,0.0,0.0,battery2_v
2020-12-26T08:00:00Z,29.0,29.0,,,,,13522.103,13834.0,,,,12.105,12.214,,,,7097.0,7097.0,7097.0,,5.241,45.379,,,,0.0,,,,,,,,,,5424.0,5452.0,0.0,0.0,29.0,0.0,29.0,0.0,29.0,0.0,0.0,8.0,0.0,0.0,0.0,0.0,0.0,0.0,battery2_v
2020-12-26T09:00:00Z,30.0,30.0,,,,,13846.533,13880.0,,,,12.067,12.114,,,,7097.0,7097.0,7097.0,,-12.133,22.533,,,,0.0,,,,,,,,,,5453.0,5482.0,0.0,0.0,30.0,0.0,30.0,0.0,30.0,0.0,0.0,0.0,0.0,0.0,0.0,0.0,0.0,0.0,battery2_v
2020-12-26T10:00:00Z,30.0,30.0,,,,,6448.867,13892.0,,,,12.043,12.11,,,,7097.0,7097.0,7097.0,,-11.3,29.0,,,,0.0,,,,,,,,,,5483.0,5512.0,0.0,0.0,30.0,0.0,30.0,0.0,30.0,0.0,0.0,1.0,0.0,0.0,0.0,0.0,0.0,0.0,battery2_v
2020-12-26T11:00:00Z,30.0,30.0,,,,,1231.967,1268.0,,,,12.095,12.11,,,,7097.0,7097.0,7097.0,,-4.667,44.033,,,,0.0,,,,,,,,,,5513.0,5542.0,0.0,0.0,30.0,0.0,30.0,0.0,30.0,0.0,0.0,4.0,0.0,0.0,0.0,0.0,0.0,0.0,battery2_v
2020-12-26T12:00:00Z,30.0,30.0,,,,,1239.7,1268.0,,,,12.091,12.105,,,,7097.0,7097.0,7097.0,,-4.167,49.933,,,,0.0,,,,,,,,,,5543.0,5572.0,0.0,0.0,30.0,0.0,30.0,0.0,30.0,0.0,0.0,13.0,0.0,0.0,0.0,0.0,0.0,0.0,battery2_v
2020-12-26T13:00:00Z,30.0,30.0,,,,,1252.467,1268.0,,,,12.086,12.1,,,,7097.0,7097.0,7097.0,,-4.0,50.733,,,,0.0,,,,,,,,,,5573.0,5602.0,0.0,0.0,30.0,0.0,30.0,0.0,30.0,0.0,0.0,15.0,0.0,0.0,0.0,0.0,0.0,0.0,battery2_v
2020-12-26T14:00:00Z,28.0,28.0,,,,,1272.643,1291.0,,,,12.081,12.095,,,,7097.0,7097.0,7097.0,,-3.929,50.714,,,,0.0,,,,,,,,,,5603.0,5631.0,0.0,0.0,28.0,0.0,28.0,0.0,28.0,0.0,0.0,15.0,0.0,0.0,0.0,0.0,0.0,0.0,battery2_v
2020-12-26T15:00:00Z,28.0,28.0,,,,,1287.714,1315.0,,,,12.076,12.091,,,,7097.0,7097.0,7097.0,,-3.857,54.429,,,,0.0,,,,,,,,,,5632.0,5661.0,0.0,0.0,28.0,0.0,28.0,0.0,28.0,0.0,0.0,18.0,0.0,0.0,0.0,0.0,0.0,0.0,battery2_v
2020-12-26T16:00:00Z,30.0,30.0,,,,,1294.2,1315.0,,,,12.072,12.086,,,,7097.0,7097.0,7097.0,,-3.433,57.833,,,,0.0,,,,,,,,,,5662.0,5691.0,0.0,0.0,30.0,0.0,30.0,0.0,30.0,0.0,0.0,25.0,0.0,0.0,0.0,0.0,0.0,0.0,battery2_v
2020-12-26T17:00:00Z,30.0,30.0,,,,,1300.967,1326.0,,,,12.062,12.081,,,,7097.0,7097.0,7097.0,,-3.133,63.767,,,,0.0,,,,,,,,,,5692.0,5721.0,0.0,0.0,30.0,0.0,30.0,0.0,30.0,0.0,0.0,30.0,0.0,0.0,0.0,0.0,0.0,0.0,battery2_v
2020-12-26T18:00:00Z,28.0,28.0,,,,,1312.286,1326.0,,,,12.067,12.081,,,,7097.0,7097.0,7097.0,,-2.893,64.714,,,,0.0,,,,,,,,,,5722.0,5750.0,0.0,0.0,28.0,0.0,28.0,0.0,28.0,0.0,0.0,28.0,0.0,0.0,0.0,0.0,0.0,0.0,battery2_v
2020-12-26T19:00:00Z,30.0,30.0,,,,,1320.867,1350.0,,,,12.058,12.072,,,,7097.0,7097.0,7097.0,,-2.833,67.333,,,,0.0,,,,,,,,,,5751.0,5780.0,0.0,0.0,30.0,0.0,30.0,0.0,30.0,0.0,0.0,30.0,0.0,0.0,0.0,0.0,0.0,0.0,battery2_v
2020-12-26T20:00:00Z,29.0,29.0,,,,,1339.586,1373.0,,,,12.053,12.072,,,,7097.0,7097.0,7097.0,,-2.724,69.483,,,,0.0,,,,,,,,,,5781.0,5810.0,0.0,0.0,29.0,0.0,29.0,0.0,29.0,0.0,0.0,28.0,0.0,0.0,0.0,0.0,0.0,0.0,battery2_v
2020-12-26T21:00:00Z,30.0,30.0,,,,,1359.8,1385.0,,,,12.048,12.062,,,,7097.0,7097.0,7097.0,,-2.6,68.733,,,,0.0,,,,,,,,,,5811.0,5840.0,0.0,0.0,30.0,0.0,30.0,0.0,30.0,0.0,0.0,30.0,0.0,0.0,0.0,0.0,0.0,0.0,battery2_v
2020-12-26T22:00:00Z,24.0,24.0,,,,,1403.167,1654.0,,,,12.043,12.058,,,,7097.0,7097.0,7097.0,,-2.625,69.958,,,,0.0,,,,,,,,,,5841.0,5869.0,0.0,0.0,24.0,0.0,24.0,0.0,24.0,0.0,0.0,24.0,0.0,0.0,0.0,0.0,0.0,0.0,battery2_v
2020-12-26T23:00:00Z,27.0,27.0,,,,,6260.556,14032.0,,,,11.911,12.053,,,,7097.0,7097.0,7097.0,,-11.037,57.741,,,,0.0,,,,,,,,,,5871.0,5898.0,0.0,0.0,27.0,0.0,27.0,0.0,27.0,0.0,4.0,23.0,0.0,0.0,0.0,0.0,0.0,0.0,battery2_v
2020-12-27T00:00:00Z,30.0,30.0,,,,,3944.8,4509.0,,,,12.034,12.048,,,,7097.0,7097.0,7097.0,,-2.567,68.967,,,,0.0,,,,,,,,,,5899.0,5928.0,0.0,0.0,30.0,0.0,30.0,0.0,30.0,0.0,0.0,30.0,0.0,0.0,0.0,0.0,0.0,0.0,battery2_v
2020-12-27T01:00:00Z,29.0,29.0,,,,,12591.414,13904.0,,,,12.034,12.152,,,,7097.0,7097.0,7097.0,,5.0,77.138,,,,0.0,,,,,,,,,,5929.0,5958.0,0.0,0.0,29.0,0.0,29.0,0.0,29.0,0.0,0.0,29.0,0.0,0.0,0.0,0.0,0.0,0.0,battery2_v
2020-12-27T02:00:00Z,26.0,26.0,,,,,13843.423,14454.0,,,,12.048,12.185,,,,7097.0,7097.0,7097.0,,18.731,86.885,,,,0.0,,,,,,,,,,5959.0,5987.0,0.0,0.0,26.0,0.0,26.0,0.0,26.0,0.0,0.0,24.0,0.0,0.0,0.0,0.0,0.0,0.0,battery2_v
2020-12-27T03:00:00Z,29.0,29.0,,,,,13742.414,13810.0,,,,12.124,12.256,,,,7097.0,7097.0,7097.0,,29.862,94.724,,,,0.0,,,,,,,,,,5988.0,6017.0,0.0,0.0,29.0,0.0,29.0,0.0,29.0,0.0,2.0,29.0,0.0,0.0,0.0,0.0,0.0,0.0,battery2_v
2020-12-27T04:00:00Z,24.0,24.0,,,,,13777.5,13845.0,,,,12.1,12.204,,,,7097.0,7097.0,7097.0,,15.304,67.042,,,,0.0,,,,,,,,,,6020.0,6046.0,0.0,0.0,24.0,0.0,24.0,0.0,24.0,0.0,0.0,19.0,0.0,0.0,0.0,0.0,0.0,0.0,battery2_v
2020-12-27T05:00:00Z,29.0,29.0,,,,,13787.483,14407.0,,,,12.1,12.204,,,,7097.0,7097.0,7097.0,,20.821,71.207,,,,0.0,,,,,,,,,,6047.0,6076.0,0.0,0.0,29.0,0.0,29.0,0.0,29.0,0.0,0.0,25.0,0.0,0.0,0.0,0.0,0.0,0.0,battery2_v
2020-12-27T06:00:00Z,30.0,30.0,,,,,13763.033,14419.0,,,,12.143,12.218,,,,7097.0,7097.0,7097.0,,23.233,72.367,,,,0.0,,,,,,,,,,6077.0,6106.0,0.0,0.0,30.0,0.0,30.0,0.0,30.0,0.0,0.0,28.0,0.0,0.0,0.0,0.0,0.0,0.0,battery2_v
2020-12-27T07:00:00Z,29.0,29.0,,,,,13555.966,14430.0,,,,12.048,12.199,,,,7097.0,7097.0,7097.0,,-0.321,34.138,,,,0.0,,,,,,,,,,6107.0,6136.0,0.0,0.0,29.0,0.0,29.0,0.0,29.0,0.0,0.0,2.0,0.0,0.0,0.0,0.0,0.0,0.0,battery2_v
2020-12-27T08:00:00Z,29.0,29.0,,,,,13921.586,14454.0,,,,12.034,12.086,,,,7097.0,7097.0,7097.0,,-2.16,29.759,,,,0.0,,,,,,,,,,6137.0,6165.0,0.0,0.0,29.0,0.0,29.0,0.0,29.0,0.0,0.0,0.0,0.0,0.0,0.0,0.0,0.0,0.0,battery2_v
2020-12-27T09:00:00Z,30.0,30.0,,,,,13919.6,13939.0,,,,11.987,12.048,,,,7097.0,7097.0,7097.0,,-15.633,15.433,,,,0.0,,,,,,,,,,6166.0,6195.0,0.0,0.0,30.0,0.0,30.0,0.0,30.0,0.0,0.0,0.0,0.0,0.0,0.0,0.0,0.0,0.0,battery2_v
2020-12-27T10:00:00Z,29.0,29.0,,,,,6954.862,13962.0,,,,11.977,12.034,,,,7097.0,7097.0,7097.0,,-12.414,23.138,,,,0.0,,,,,,,,,,6196.0,6225.0,0.0,0.0,29.0,0.0,29.0,0.0,29.0,0.0,0.0,0.0,0.0,0.0,0.0,0.0,0.0,0.0,battery2_v
2020-12-27T11:00:00Z,30.0,30.0,,,,,1447.9,1478.0,,,,12.02,12.029,,,,7097.0,7097.0,7097.0,,-5.467,39.867,,,,0.0,,,,,,,,,,6226.0,6255.0,0.0,0.0,30.0,0.0,30.0,0.0,30.0,0.0,0.0,0.0,0.0,0.0,0.0,0.0,0.0,0.0,battery2_v
2020-12-27T12:00:00Z,29.0,29.0,,,,,1455.759,1478.0,,,,12.015,12.029,,,,7097.0,7097.0,7097.0,,-4.69,46.759,,,,0.0,,,,,,,,,,6256.0,6285.0,0.0,0.0,29.0,0.0,29.0,0.0,29.0,0.0,0.0,5.0,0.0,0.0,0.0,0.0,0.0,0.0,battery2_v
2020-12-27T13:00:00Z,29.0,29.0,,,,,1469.931,1478.0,,,,12.01,12.02,,,,7097.0,7097.0,7097.0,,-4.207,50.379,,,,0.0,,,,,,,,,,6286.0,6314.0,0.0,0.0,29.0,0.0,29.0,0.0,29.0,0.0,0.0,12.0,0.0,0.0,0.0,0.0,0.0,0.0,battery2_v
2020-12-27T14:00:00Z,30.0,30.0,,,,,1480.967,1502.0,,,,12.001,12.02,,,,7097.0,7097.0,7097.0,,-3.9,54.933,,,,0.0,,,,,,,,,,6315.0,6344.0,0.0,0.0,30.0,0.0,30.0,0.0,30.0,0.0,0.0,23.0,0.0,0.0,0.0,0.0,0.0,0.0,battery2_v
2020-12-27T15:00:00Z,29.0,29.0,,,,,1490.0,1502.0,,,,12.001,12.015,,,,7097.0,7097.0,7097.0,,-3.655,58.655,,,,0.0,,,,,,,,,,6345.0,6373.0,0.0,0.0,29.0,0.0,29.0,0.0,29.0,0.0,0.0,28.0,0.0,0.0,0.0,0.0,0.0,0.0,battery2_v
2020-12-27T16:00:00Z,29.0,29.0,,,,,1504.172,1525.0,,,,11.991,12.01,,,,7097.0,7097.0,7097.0,,-3.379,60.828,,,,0.0,,,,,,,,,,6374.0,6403.0,0.0,0.0,29.0,0.0,29.0,0.0,29.0,0.0,0.0,28.0,0.0,0.0,0.0,0.0,0.0,0.0,battery2_v
2020-12-27T17:00:00Z,22.0,22.0,,,,,1511.182,1525.0,,,,11.991,12.005,,,,7097.0,7097.0,7097.0,,-3.227,63.091,,,,0.0,,,,,,,,,,6404.0,6432.0,0.0,0.0,22.0,0.0,22.0,0.0,22.0,0.0,0.0,22.0,0.0,0.0,0.0,0.0,0.0,0.0,battery2_v
2020-12-27T18:00:00Z,25.0,25.0,,,,,1512.76,1525.0,,,,11.987,12.001,,,,7097.0,7097.0,7097.0,,-3.08,67.12,,,,0.0,,,,,,,,,,6433.0,6461.0,0.0,0.0,25.0,0.0,25.0,0.0,25.0,0.0,0.0,25.0,0.0,0.0,0.0,0.0,0.0,0.0,battery2_v
2020-12-27T19:00:00Z,29.0,29.0,,,,,1522.517,1537.0,,,,11.982,11.996,,,,7097.0,7097.0,7097.0,,-2.931,67.552,,,,0.0,,,,,,,,,,6462.0,6491.0,0.0,0.0,29.0,0.0,29.0,0.0,29.0,0.0,0.0,29.0,0.0,0.0,0.0,0.0,0.0,0.0,battery2_v
2020-12-27T20:00:00Z,29.0,29.0,,,,,1535.345,1549.0,,,,11.977,11.991,,,,7097.0,7097.0,7097.0,,-2.862,68.655,,,,0.0,,,,,,,,,,6492.0,6521.0,0.0,0.0,29.0,0.0,29.0,0.0,29.0,0.0,0.0,29.0,0.0,0.0,0.0,0.0,0.0,0.0,battery2_v
2020-12-27T21:00:00Z,29.0,29.0,,,,,1541.931,1560.0,,,,11.972,11.987,,,,7097.0,7097.0,7097.0,,-2.69,71.69,,,,0.0,,,,,,,,,,6522.0,6550.0,0.0,0.0,29.0,0.0,29.0,0.0,29.0,0.0,0.0,29.0,0.0,0.0,0.0,0.0,0.0,0.0,battery2_v
2020-12-27T22:00:00Z,29.0,29.0,,,,,1567.31,1783.0,,,,11.972,11.982,,,,7097.0,7097.0,7097.0,,-2.759,71.138,,,,0.0,,,,,,,,,,6551.0,6580.0,0.0,0.0,29.0,0.0,29.0,0.0,29.0,0.0,0.0,29.0,0.0,0.0,0.0,0.0,0.0,0.0,battery2_v
2020-12-27T23:00:00Z,30.0,30.0,,,,,8141.467,14114.0,,,,11.83,11.977,,,,7097.0,7097.0,7097.0,,-15.767,52.467,,,,0.0,,,,,,,,,,6581.0,6610.0,0.0,0.0,30.0,0.0,30.0,0.0,30.0,0.0,5.0,18.0,0.0,0.0,0.0,0.0,0.0,0.0,battery2_v
2020-12-28T00:00:00Z,30.0,30.0,,,,,13642.1,14021.0,,,,11.93,11.982,,,,7097.0,7097.0,7097.0,,-8.069,56.2,,,,0.0,,,,,,,,,,6611.0,6640.0,0.0,0.0,30.0,0.0,30.0,0.0,30.0,0.0,0.0,18.0,0.0,0.0,0.0,0.0,0.0,0.0,battery2_v
2020-12-28T01:00:00Z,30.0,30.0,,,,,13957.667,14571.0,,,,11.977,12.034,,,,7097.0,7097.0,7097.0,,5.8,70.933,,,,0.0,,,,,,,,,,6641.0,6670.0,0.0,0.0,30.0,0.0,30.0,0.0,30.0,0.0,0.0,30.0,0.0,0.0,0.0,0.0,0.0,0.0,battery2_v
2020-12-28T02:00:00Z,30.0,30.0,,,,,13888.2,13904.0,,,,12.034,12.095,,,,7097.0,7097.0,7097.0,,19.967,81.733,,,,0.0,,,,,,,,,,6671.0,6700.0,0.0,0.0,30.0,0.0,30.0,0.0,30.0,0.0,0.0,30.0,0.0,0.0,0.0,0.0,0.0,0.0,battery2_v
2020-12-28T03:00:00Z,30.0,30.0,,,,,13863.2,13927.0,,,,12.015,12.119,,,,7097.0,7097.0,7097.0,,23.2,77.533,,,,0.0,,,,,,,,,,6701.0,6730.0,0.0,0.0,30.0,0.0,30.0,0.0,30.0,0.0,0.0,29.0,0.0,0.0,0.0,0.0,0.0,0.0,battery2_v
2020-12-28T04:00:00Z,30.0,30.0,,,,,13834.333,13880.0,,,,12.067,12.166,,,,7097.0,7097.0,7097.0,,25.533,74.833,,,,0.0,,,,,,,,,,6731.0,6760.0,0.0,0.0,30.0,0.0,30.0,0.0,30.0,0.0,0.0,30.0,0.0,0.0,0.0,0.0,0.0,0.0,battery2_v
2020-12-28T05:00:00Z,29.0,29.0,,,,,13851.414,14465.0,,,,12.067,12.176,,,,7097.0,7097.0,7097.0,,19.379,61.586,,,,0.0,,,,,,,,,,6761.0,6789.0,0.0,0.0,29.0,0.0,29.0,0.0,29.0,0.0,0.0,17.0,0.0,0.0,0.0,0.0,0.0,0.0,battery2_v
2020-12-28T06:00:00Z,30.0,30.0,,,,,13870.5,13892.0,,,,12.053,12.11,,,,7097.0,7097.0,7097.0,,13.767,51.8,,,,0.0,,,,,,,,,,6790.0,6819.0,0.0,0.0,30.0,0.0,30.0,0.0,30.0,0.0,0.0,12.0,0.0,0.0,0.0,0.0,0.0,0.0,battery2_v
2020-12-28T07:00:00Z,29.0,29.0,,,,,13860.69,13880.0,,,,12.062,12.114,,,,7097.0,7097.0,7097.0,,15.724,48.414,,,,0.0,,,,,,,,,,6820.0,6849.0,0.0,0.0,29.0,0.0,29.0,0.0,29.0,0.0,0.0,7.0,0.0,0.0,0.0,0.0,0.0,0.0,battery2_v
2020-12-28T08:00:00Z,28.0,28.0,,,,,13942.036,14512.0,,,,12.001,12.105,,,,7097.0,7097.0,7097.0,,3.077,27.143,,,,0.0,,,,,,,,,,6850.0,6878.0,0.0,0.0,28.0,0.0,28.0,0.0,28.0,0.0,0.0,1.0,0.0,0.0,0.0,0.0,0.0,0.0,battery2_v
2020-12-28T09:00:00Z,30.0,30.0,,,,,13661.667,14009.0,,,,11.939,11.991,,,,7097.0,7097.0,7097.0,,-12.167,10.233,,,,0.0,,,,,,,,,,6879.0,6908.0,0.0,0.0,30.0,0.0,30.0,0.0,30.0,0.0,0.0,0.0,0.0,0.0,0.0,0.0,0.0,0.0,battery2_v
2020-12-28T10:00:00Z,29.0,29.0,,,,,6965.586,14044.0,,,,11.873,11.968,,,,7097.0,7097.0,7097.0,,-13.897,14.172,,,,0.0,,,,,,,,,,6909.0,6938.0,0.0,0.0,29.0,0.0,29.0,0.0,29.0,0.0,0.0,0.0,0.0,0.0,0.0,0.0,0.0,0.0,battery2_v
2020-12-28T11:00:00Z,30.0,30.0,,,,,1586.9,1630.0,,,,11.949,11.963,,,,7097.0,7097.0,7097.0,,-6.4,33.967,,,,0.0,,,,,,,,,,6939.0,6968.0,0.0,0.0,30.0,0.0,30.0,0.0,30.0,0.0,0.0,0.0,0.0,0.0,0.0,0.0,0.0,0.0,battery2_v
2020-12-28T12:00:00Z,29.0,29.0,,,,,1592.897,1619.0,,,,11.949,11.958,,,,7097.0,7097.0,7097.0,,-5.862,40.172,,,,0.0,,,,,,,,,,6969.0,6997.0,0.0,0.0,29.0,0.0,29.0,0.0,29.0,0.0,0.0,1.0,0.0,0.0,0.0,0.0,0.0,0.0,battery2_v
2020-12-28T13:00:00Z,30.0,30.0,,,,,1606.933,1630.0,,,,11.944,11.958,,,,7097.0,7097.0,7097.0,,-5.4,43.5,,,,0.0,,,,,,,,,,6998.0,7027.0,0.0,0.0,30.0,0.0,30.0,0.0,30.0,0.0,0.0,2.0,0.0,0.0,0.0,0.0,0.0,0.0,battery2_v
2020-12-28T14:00:00Z,28.0,28.0,,,,,1625.321,1642.0,,,,11.939,11.953,,,,7097.0,7097.0,7097.0,,-4.893,47.893,,,,0.0,,,,,,,,,,7028.0,7057.0,0.0,0.0,28.0,0.0,28.0,0.0,28.0,0.0,0.0,7.0,0.0,0.0,0.0,0.0,0.0,0.0,battery2_v
2020-12-28T15:00:00Z,28.0,28.0,,,,,1634.857,1654.0,,,,11.935,11.944,,,,7097.0,7097.0,7097.0,,-4.357,49.857,,,,0.0,,,,,,,,,,7059.0,7086.0,0.0,0.0,28.0,0.0,28.0,0.0,28.0,0.0,0.0,14.0,0.0,0.0,0.0,0.0,0.0,0.0,battery2_v
2020-12-28T16:00:00Z,30.0,30.0,,,,,1648.433,1666.0,,,,11.925,11.944,,,,7097.0,7097.0,7097.0,,-4.2,51.567,,,,0.0,,,,,,,,,,7087.0,7116.0,0.0,0.0,30.0,0.0,30.0,0.0,30.0,0.0,0.0,18.0,0.0,0.0,0.0,0.0,0.0,0.0,battery2_v
2020-12-28T17:00:00Z,30.0,30.0,,,,,1645.6,1666.0,,,,11.925,11.944,,,,7097.0,7097.0,7097.0,,-2.467,48.933,,,,0.0,,,,,,,,,,7117.0,7146.0,0.0,0.0,30.0,0.0,30.0,0.0,30.0,0.0,0.0,11.0,0.0,0.0,0.0,0.0,0.0,0.0,battery2_v
2020-12-28T18:00:00Z,29.0,29.0,,,,,1652.345,1666.0,,,,11.925,11.935,,,,7097.0,7097.0,7097.0,,-2.172,48.103,,,,0.0,,,,,,,,,,7147.0,7175.0,0.0,0.0,29.0,0.0,29.0,0.0,29.0,0.0,0.0,7.0,0.0,0.0,0.0,0.0,0.0,0.0,battery2_v
2020-12-28T19:00:00Z,28.0,28.0,,,,,1663.714,1677.0,,,,11.92,11.935,,,,7097.0,7097.0,7097.0,,-2.036,50.75,,,,0.0,,,,,,,,,,7176.0,7205.0,0.0,0.0,28.0,0.0,28.0,0.0,28.0,0.0,0.0,15.0,0.0,0.0,0.0,0.0,0.0,0.0,battery2_v
2020-12-28T20:00:00Z,30.0,30.0,,,,,1672.667,1701.0,,,,11.916,11.93,,,,7097.0,7097.0,7097.0,,-2.0,53.533,,,,0.0,,,,,,,,,,7206.0,7235.0,0.0,0.0,30.0,0.0,30.0,0.0,30.0,0.0,0.0,20.0,0.0,0.0,0.0,0.0,0.0,0.0,battery2_v
2020-12-28T21:00:00Z,30.0,30.0,,,,,1678.8,1701.0,,,,11.916,11.925,,,,7097.0,7097.0,7097.0,,-2.0,61.533,,,,0.0,,,,,,,,,,7236.0,7265.0,0.0,0.0,30.0,0.0,30.0,0.0,30.0,0.0,0.0,29.0,0.0,0.0,0.0,0.0,0.0,0.0,battery2_v
2020-12-28T22:00:00Z,29.0,29.0,,,,,1704.69,1864.0,,,,11.906,11.92,,,,7097.0,7097.0,7097.0,,-1.333,61.621,,,,0.0,,,,,,,,,,7266.0,7294.0,0.0,0.0,29.0,0.0,29.0,0.0,29.0,0.0,0.0,28.0,0.0,0.0,0.0,0.0,0.0,0.0,battery2_v
2020-12-28T23:00:00Z,30.0,30.0,,,,,8779.3,14185.0,,,,11.769,11.92,,,,7097.0,7097.0,7097.0,,-27.111,43.567,,,,0.0,,,,,,,,,,7295.0,7324.0,0.0,0.0,30.0,0.0,30.0,0.0,30.0,0.0,6.0,15.0,0.0,0.0,0.0,0.0,0.0,0.0,battery2_v
2020-12-29T00:00:00Z,28.0,28.0,,,,,14068.179,14091.0,,,,11.873,11.906,,,,7097.0,7097.0,7097.0,,-4.44,83.25,,,,0.0,,,,,,,,,,7326.0,7354.0,0.0,0.0,28.0,0.0,28.0,0.0,28.0,0.0,0.0,22.0,0.0,0.0,0.0,0.0,0.0,0.0,battery2_v
2020-12-29T01:00:00Z,26.0,26.0,,,,,14022.577,14068.0,,,,11.897,11.996,,,,7097.0,7097.0,7097.0,,8.385,99.269,,,,0.0,,,,,,,,,,7355.0,7384.0,0.0,0.0,26.0,0.0,26.0,0.0,26.0,0.0,0.0,26.0,0.0,0.0,0.0,0.0,0.0,0.0,battery2_v
2020-12-29T02:00:00Z,29.0,29.0,,,,,13936.724,13997.0,,,,11.949,12.043,,,,7097.0,7097.0,7097.0,,26.172,129.517,,,,0.0,,,,,,,,,,7385.0,7414.0,0.0,0.0,29.0,0.0,29.0,0.0,29.0,0.0,0.0,29.0,0.0,0.0,0.0,0.0,0.0,0.0,battery2_v
2020-12-29T03:00:00Z,29.0,29.0,,,,,13880.276,13915.0,,,,12.029,12.119,,,,7097.0,7097.0,7097.0,,34.897,113.586,,,,0.0,,,,,,,,,,7415.0,7443.0,0.0,0.0,29.0,0.0,29.0,0.0,29.0,0.0,2.0,29.0,0.0,0.0,0.0,0.0,0.0,0.0,battery2_v
2020-12-29T04:00:00Z,29.0,29.0,,,,,13942.552,14524.0,,,,12.001,12.095,,,,7097.0,7097.0,7097.0,,24.759,87.448,,,,0.0,,,,,,,,,,7444.0,7473.0,0.0,0.0,29.0,0.0,29.0,0.0,29.0,0.0,0.0,29.0,0.0,0.0,0.0,0.0,0.0,0.0,battery2_v
2020-12-29T05:00:00Z,28.0,28.0,,,,,13897.464,13951.0,,,,11.987,12.105,,,,7097.0,7097.0,7097.0,,19.214,74.25,,,,0.0,,,,,,,,,,7474.0,7503.0,0.0,0.0,28.0,0.0,28.0,0.0,28.0,0.0,0.0,27.0,0.0,0.0,0.0,0.0,0.0,0.0,battery2_v
2020-12-29T06:00:00Z,28.0,28.0,,,,,13896.179,14559.0,,,,11.991,12.143,,,,7097.0,7097.0,7097.0,,29.071,80.464,,,,0.0,,,,,,,,,,7504.0,7532.0,0.0,0.0,28.0,0.0,28.0,0.0,28.0,0.0,1.0,27.0,0.0,0.0,0.0,0.0,0.0,0.0,battery2_v
2020-12-29T07:00:00Z,30.0,30.0,,,,,13908.4,13951.0,,,,11.987,12.072,,,,7097.0,7097.0,7097.0,,12.5,58.4,,,,0.0,,,,,,,,,,7533.0,7562.0,0.0,0.0,30.0,0.0,30.0,0.0,30.0,0.0,0.0,23.0,0.0,0.0,0.0,0.0,0.0,0.0,battery2_v
2020-12-29T08:00:00Z,30.0,30.0,,,,,13833.967,14044.0,,,,11.911,11.991,,,,7097.0,7097.0,7097.0,,-5.1,36.5,,,,0.0,,,,,,,,,,7563.0,7592.0,0.0,0.0,30.0,0.0,30.0,0.0,30.0,0.0,0.0,1.0,0.0,0.0,0.0,0.0,0.0,0.0,battery2_v
2020-12-29T09:00:00Z,28.0,28.0,,,,,14063.0,14091.0,,,,11.854,11.925,,,,7097.0,7097.0,7097.0,,-11.929,28.893,,,,0.0,,,,,,,,,,7593.0,7621.0,0.0,0.0,28.0,0.0,28.0,0.0,28.0,0.0,0.0,0.0,0.0,0.0,0.0,0.0,0.0,0.0,battery2_v
2020-12-29T10:00:00Z,29.0,29.0,,,,,6640.931,14103.0,,,,11.845,11.897,,,,7097.0,7097.0,7097.0,,-10.931,39.793,,,,0.0,,,,,,,,,,7622.0,7651.0,0.0,0.0,29.0,0.0,29.0,0.0,29.0,0.0,0.0,8.0,0.0,0.0,0.0,0.0,0.0,0.0,battery2_v
2020-12-29T11:00:00Z,30.0,30.0,,,,,1760.6,1783.0,,,,11.882,11.901,,,,7097.0,7097.0,7097.0,,-0.828,102.867,,,,0.0,,,,,,,,,,7652.0,7681.0,0.0,0.0,30.0,0.0,30.0,0.0,30.0,0.0,0.0,28.0,0.0,0.0,0.0,0.0,0.0,0.0,battery2_v
2020-12-29T12:00:00Z,30.0,30.0,,,,,1789.633,1806.0,,,,11.878,11.892,,,,7097.0,7097.0,7097.0,,1.567,138.667,,,,0.0,,,,,,,,,,7682.0,7711.0,0.0,0.0,30.0,0.0,30.0,0.0,30.0,0.0,0.0,30.0,0.0,0.0,0.0,0.0,0.0,0.0,battery2_v
2020-12-29T13:00:00Z,29.0,29.0,,,,,1801.448,1818.0,,,,11.868,11.882,,,,7097.0,7097.0,7097.0,,-0.6,98.655,,,,0.0,,,,,,,,,,7712.0,7740.0,0.0,0.0,29.0,0.0,29.0,0.0,29.0,0.0,0.0,29.0,0.0,0.0,0.0,0.0,0.0,0.0,battery2_v
2020-12-29T14:00:00Z,29.0,29.0,,,,,1812.103,1829.0,,,,11.868,11.878,,,,7097.0,7097.0,7097.0,,-0.304,108.138,,,,0.0,,,,,,,,,,7742.0,7770.0,0.0,0.0,29.0,0.0,29.0,0.0,29.0,0.0,0.0,29.0,0.0,0.0,0.0,0.0,0.0,0.0,battery2_v
2020-12-29T15:00:00Z,29.0,29.0,,,,,1818.966,1841.0,,,,11.854,11.878,,,,7097.0,7097.0,7097.0,,0.263,112.828,,,,0.0,,,,,,,,,,7771.0,7800.0,0.0,0.0,29.0,0.0,29.0,0.0,29.0,0.0,0.0,29.0,0.0,0.0,0.0,0.0,0.0,0.0,battery2_v
2020-12-29T16:00:00Z,28.0,28.0,,,,,1825.036,1841.0,,,,11.854,11.868,,,,7097.0,7097.0,7097.0,,-1.25,84.536,,,,0.0,,,,,,,,,,7801.0,7829.0,0.0,0.0,28.0,0.0,28.0,0.0,28.0,0.0,0.0,28.0,0.0,0.0,0.0,0.0,0.0,0.0,battery2_v
2020-12-29T17:00:00Z,29.0,29.0,,,,,1813.379,1829.0,,,,11.849,11.868,,,,7097.0,7097.0,7097.0,,0.0,71.69,,,,0.0,,,,,,,,,,7830.0,7859.0,0.0,0.0,29.0,0.0,29.0,0.0,29.0,0.0,0.0,29.0,0.0,0.0,0.0,0.0,0.0,0.0,battery2_v
2020-12-29T18:00:00Z,29.0,29.0,,,,,1819.448,1841.0,,,,11.849,11.864,,,,7097.0,7097.0,7097.0,,-0.25,69.138,,,,0.0,,,,,,,,,,7860.0,7889.0,0.0,0.0,29.0,0.0,29.0,0.0,29.0,0.0,0.0,29.0,0.0,0.0,0.0,0.0,0.0,0.0,battery2_v
2020-12-29T19:00:00Z,29.0,29.0,,,,,1821.759,1853.0,,,,11.845,11.864,,,,7097.0,7097.0,7097.0,,0.0,75.862,,,,0.0,,,,,,,,,,7890.0,7918.0,0.0,0.0,29.0,0.0,29.0,0.0,29.0,0.0,0.0,29.0,0.0,0.0,0.0,0.0,0.0,0.0,battery2_v
2020-12-29T20:00:00Z,30.0,30.0,,,,,1834.333,1853.0,,,,11.84,11.859,,,,7097.0,7097.0,7097.0,,0.0,73.6,,,,0.0,,,,,,,,,,7919.0,7948.0,0.0,0.0,30.0,0.0,30.0,0.0,30.0,0.0,0.0,30.0,0.0,0.0,0.0,0.0,0.0,0.0,battery2_v
2020-12-29T21:00:00Z,29.0,29.0,,,,,1841.828,1853.0,,,,11.84,11.854,,,,7097.0,7097.0,7097.0,,0.0,72.241,,,,0.0,,,,,,,,,,7950.0,7978.0,0.0,0.0,29.0,0.0,29.0,0.0,29.0,0.0,0.0,29.0,0.0,0.0,0.0,0.0,0.0,0.0,battery2_v
2020-12-29T22:00:00Z,30.0,30.0,,,,,1863.267,1970.0,,,,11.835,11.845,,,,7097.0,7097.0,7097.0,,0.0,72.233,,,,0.0,,,,,,,,,,7979.0,8008.0,0.0,0.0,30.0,0.0,30.0,0.0,30.0,0.0,0.0,30.0,0.0,0.0,0.0,0.0,0.0,0.0,battery2_v
2020-12-29T23:00:00Z,30.0,30.0,,,,,8454.233,14278.0,,,,11.693,11.84,,,,7097.0,7097.0,7097.0,,-18.826,53.733,,,,0.0,,,,,,,,,,8009.0,8038.0,0.0,0.0,30.0,0.0,30.0,0.0,30.0,0.0,6.0,19.0,0.0,0.0,0.0,0.0,0.0,0.0,battery2_v
2020-12-30T00:00:00Z,30.0,30.0,,,,,14150.967,14173.0,,,,11.797,11.835,,,,7097.0,7097.0,7097.0,,-8.379,52.333,,,,0.0,,,,,,,,,,8039.0,8068.0,0.0,0.0,30.0,0.0,30.0,0.0,30.0,0.0,0.0,16.0,0.0,0.0,0.0,0.0,0.0,0.0,battery2_v
2020-12-30T01:00:00Z,30.0,30.0,,,,,14119.867,14723.0,,,,11.835,11.953,,,,7097.0,7097.0,7097.0,,8.567,68.667,,,,0.0,,,,,,,,,,8069.0,8098.0,0.0,0.0,30.0,0.0,30.0,0.0,30.0,0.0,0.0,29.0,0.0,0.0,0.0,0.0,0.0,0.0,battery2_v
2020-12-30T02:00:00Z,30.0,30.0,,,,,13966.2,14044.0,,,,11.925,12.039,,,,7097.0,7097.0,7097.0,,33.933,93.033,,,,0.0,,,,,,,,,,8099.0,8128.0,0.0,0.0,30.0,0.0,30.0,0.0,30.0,0.0,1.0,30.0,0.0,0.0,0.0,0.0,0.0,0.0,battery2_v
2020-12-30T03:00:00Z,29.0,29.0,,,,,13965.0,13997.0,,,,11.958,12.024,,,,7097.0,7097.0,7097.0,,23.069,76.552,,,,0.0,,,,,,,,,,8129.0,8157.0,0.0,0.0,29.0,0.0,29.0,0.0,29.0,0.0,0.0,29.0,0.0,0.0,0.0,0.0,0.0,0.0,battery2_v
2020-12-30T04:00:00Z,30.0,30.0,,,,,13956.8,13997.0,,,,11.953,12.072,,,,7097.0,7097.0,7097.0,,27.8,84.633,,,,0.0,,,,,,,,,,8158.0,8187.0,0.0,0.0,30.0,0.0,30.0,0.0,30.0,0.0,0.0,30.0,0.0,0.0,0.0,0.0,0.0,0.0,battery2_v
2020-12-30T05:00:00Z,30.0,30.0,,,,,13963.0,14559.0,,,,12.034,12.11,,,,7097.0,7097.0,7097.0,,44.667,100.333,,,,0.0,,,,,,,,,,8188.0,8217.0,0.0,0.0,30.0,0.0,30.0,0.0,30.0,0.0,0.0,30.0,0.0,0.0,0.0,0.0,0.0,0.0,battery2_v
2020-12-30T06:00:00Z,30.0,30.0,,,,,13912.333,13939.0,,,,11.996,12.105,,,,7097.0,7097.0,7097.0,,25.333,75.267,,,,0.0,,,,,,,,,,8218.0,8247.0,0.0,0.0,30.0,0.0,30.0,0.0,30.0,0.0,0.0,30.0,0.0,0.0,0.0,0.0,0.0,0.0,battery2_v
2020-12-30T07:00:00Z,29.0,29.0,,,,,13978.0,14582.0,,,,11.949,12.024,,,,7097.0,7097.0,7097.0,,14.241,62.517,,,,0.0,,,,,,,,,,8248.0,8276.0,0.0,0.0,29.0,0.0,29.0,0.0,29.0,0.0,0.0,27.0,0.0,0.0,0.0,0.0,0.0,0.0,battery2_v
2020-12-30T08:00:00Z,30.0,30.0,,,,,14083.467,14653.0,,,,11.868,11.953,,,,7097.0,7097.0,7097.0,,-0.778,44.267,,,,0.0,,,,,,,,,,8277.0,8306.0,0.0,0.0,30.0,0.0,30.0,0.0,30.0,0.0,0.0,3.0,0.0,0.0,0.0,0.0,0.0,0.0,battery2_v
2020-12-30T09:00:00Z,29.0,29.0,,,,,13400.207,14161.0,,,,11.802,11.873,,,,7097.0,7097.0,7097.0,,-14.862,30.241,,,,0.0,,,,,,,,,,8307.0,8336.0,0.0,0.0,29.0,0.0,29.0,0.0,29.0,0.0,0.0,0.0,0.0,0.0,0.0,0.0,0.0,0.0,battery2_v
2020-12-30T10:00:00Z,30.0,30.0,,,,,3916.7,14173.0,,,,11.802,11.845,,,,7097.0,7097.0,7097.0,,-3.8,50.433,,,,0.0,,,,,,,,,,8337.0,8366.0,0.0,0.0,30.0,0.0,30.0,0.0,30.0,0.0,0.0,17.0,0.0,0.0,0.0,0.0,0.0,0.0,battery2_v
2020-12-30T11:00:00Z,28.0,28.0,,,,,1889.25,1911.0,,,,11.821,11.835,,,,7097.0,7097.0,7097.0,,-2.0,57.679,,,,0.0,,,,,,,,,,8367.0,8395.0,0.0,0.0,28.0,0.0,28.0,0.0,28.0,0.0,0.0,25.0,0.0,0.0,0.0,0.0,0.0,0.0,battery2_v
2020-12-30T12:00:00Z,29.0,29.0,,,,,1894.966,1911.0,,,,11.821,11.83,,,,7097.0,7097.0,7097.0,,-2.0,61.379,,,,0.0,,,,,,,,,,8396.0,8425.0,0.0,0.0,29.0,0.0,29.0,0.0,29.0,0.0,0.0,28.0,0.0,0.0,0.0,0.0,0.0,0.0,battery2_v
2020-12-30T13:00:00Z,30.0,30.0,,,,,1905.133,1911.0,,,,11.816,11.83,,,,7097.0,7097.0,7097.0,,-2.0,65.533,,,,0.0,,,,,,,,,,8426.0,8455.0,0.0,0.0,30.0,0.0,30.0,0.0,30.0,0.0,0.0,30.0,0.0,0.0,0.0,0.0,0.0,0.0,battery2_v
2020-12-30T14:00:00Z,30.0,30.0,,,,,1916.2,1935.0,,,,11.816,11.826,,,,7097.0,7097.0,7097.0,,-0.667,65.733,,,,0.0,,,,,,,,,,8456.0,8485.0,0.0,0.0,30.0,0.0,30.0,0.0,30.0,0.0,0.0,30.0,0.0,0.0,0.0,0.0,0.0,0.0,battery2_v
2020-12-30T15:00:00Z,27.0,27.0,,,,,1925.667,1935.0,,,,11.807,11.821,,,,7097.0,7097.0,7097.0,,0.0,68.593,,,,0.0,,,,,,,,,,8486.0,8512.0,0.0,0.0,27.0,0.0,27.0,0.0,27.0,0.0,0.0,27.0,0.0,0.0,0.0,0.0,0.0,0.0,battery2_v
2020-12-30T16:00:00Z,29.0,29.0,,,,,1934.483,1946.0,,,,11.807,11.811,,,,7097.0,7097.0,7097.0,,-0.286,71.724,,,,0.0,,,,,,,,,,8516.0,8544.0,0.0,0.0,29.0,0.0,29.0,0.0,29.0,0.0,0.0,29.0,0.0,0.0,0.0,0.0,0.0,0.0,battery2_v
2020-12-30T17:00:00Z,29.0,29.0,,,,,1939.862,1946.0,,,,11.802,11.811,,,,7097.0,7097.0,7097.0,,0.0,76.69,,,,0.0,,,,,,,,,,8545.0,8573.0,0.0,0.0,29.0,0.0,29.0,0.0,29.0,0.0,0.0,29.0,0.0,0.0,0.0,0.0,0.0,0.0,battery2_v
2020-12-30T18:00:00Z,30.0,30.0,,,,,1940.867,1958.0,,,,11.793,11.811,,,,7097.0,7097.0,7097.0,,0.0,78.133,,,,0.0,,,,,,,,,,8574.0,8603.0,0.0,0.0,30.0,0.0,30.0,0.0,30.0,0.0,0.0,30.0,0.0,0.0,0.0,0.0,0.0,0.0,battery2_v
2020-12-30T19:00:00Z,30.0,30.0,,,,,1950.467,1970.0,,,,11.793,11.807,,,,7097.0,7097.0,7097.0,,0.0,80.533,,,,0.0,,,,,,,,,,8604.0,8633.0,0.0,0.0,30.0,0.0,30.0,0.0,30.0,0.0,0.0,30.0,0.0,0.0,0.0,0.0,0.0,0.0,battery2_v
2020-12-30T20:00:00Z,30.0,30.0,,,,,1962.8,1970.0,,,,11.788,11.802,,,,7097.0,7097.0,7097.0,,0.0,80.267,,,,0.0,,,,,,,,,,8634.0,8663.0,0.0,0.0,30.0,0.0,30.0,0.0,30.0,0.0,0.0,30.0,0.0,0.0,0.0,0.0,0.0,0.0,battery2_v
2020-12-30T21:00:00Z,30.0,30.0,,,,,1970.233,1981.0,,,,11.783,11.797,,,,7097.0,7097.0,7097.0,,0.0,84.533,,,,0.0,,,,,,,,,,8664.0,8693.0,0.0,0.0,30.0,0.0,30.0,0.0,30.0,0.0,0.0,30.0,0.0,0.0,0.0,0.0,0.0,0.0,battery2_v
2020-12-30T22:00:00Z,30.0,30.0,,,,,1995.8,2157.0,,,,11.774,11.788,,,,7097.0,7097.0,7097.0,,0.0,84.067,,,,0.0,,,,,,,,,,8694.0,8723.0,0.0,0.0,30.0,0.0,30.0,0.0,30.0,0.0,0.0,30.0,0.0,0.0,0.0,0.0,0.0,0.0,battery2_v
2020-12-30T23:00:00Z,30.0,30.0,,,,,7606.033,14325.0,,,,11.641,11.783,,,,7097.0,7097.0,7097.0,,-14.464,70.0,,,,0.0,,,,,,,,,,8724.0,8753.0,0.0,0.0,30.0,0.0,30.0,0.0,30.0,0.0,6.0,23.0,0.0,0.0,0.0,0.0,0.0,0.0,battery2_v
2020-12-31T00:00:00Z,30.0,30.0,,,,,13550.1,14255.0,,,,11.726,11.778,,,,7097.0,7097.0,7097.0,,-5.778,68.4,,,,0.0,,,,,,,,,,8754.0,8783.0,0.0,0.0,30.0,0.0,30.0,0.0,30.0,0.0,0.0,28.0,0.0,0.0,0.0,0.0,0.0,0.0,battery2_v
2020-12-31T01:00:00Z,30.0,30.0,,,,,14204.1,14231.0,,,,11.755,11.797,,,,7097.0,7097.0,7097.0,,2.931,76.8,,,,0.0,,,,,,,,,,8784.0,8813.0,0.0,0.0,30.0,0.0,30.0,0.0,30.0,0.0,0.0,30.0,0.0,0.0,0.0,0.0,0.0,0.0,battery2_v
2020-12-31T02:00:00Z,29.0,29.0,,,,,14134.069,14173.0,,,,11.807,11.849,,,,7097.0,7097.0,7097.0,,15.724,86.552,,,,0.0,,,,,,,,,,8814.0,8842.0,0.0,0.0,29.0,0.0,29.0,0.0,29.0,0.0,0.0,29.0,0.0,0.0,0.0,0.0,0.0,0.0,battery2_v
2020-12-31T03:00:00Z,30.0,30.0,,,,,14058.233,14149.0,,,,11.826,11.958,,,,7097.0,7097.0,7097.0,,33.467,121.1,,,,0.0,,,,,,,,,,8843.0,8872.0,0.0,0.0,30.0,0.0,30.0,0.0,30.0,0.0,0.0,30.0,0.0,0.0,0.0,0.0,0.0,0.0,battery2_v
2020-12-31T04:00:00Z,29.0,29.0,,,,,13988.069,14664.0,,,,11.958,12.034,,,,7097.0,7097.0,7097.0,,41.724,110.655,,,,0.0,,,,,,,,,,8873.0,8902.0,0.0,0.0,29.0,0.0,29.0,0.0,29.0,0.0,3.0,29.0,0.0,0.0,0.0,0.0,0.0,0.0,battery2_v
2020-12-31T05:00:00Z,30.0,30.0,,,,,13924.2,13951.0,,,,12.001,12.039,,,,7097.0,7097.0,7097.0,,43.233,106.333,,,,0.0,,,,,,,,,,8903.0,8932.0,0.0,0.0,30.0,0.0,30.0,0.0,30.0,0.0,3.0,30.0,0.0,0.0,0.0,0.0,0.0,0.0,battery2_v
2020-12-31T06:00:00Z,29.0,29.0,,,,,13944.138,14606.0,,,,11.991,12.067,,,,7097.0,7097.0,7097.0,,40.759,98.586,,,,0.0,,,,,,,,,,8933.0,8961.0,0.0,0.0,29.0,0.0,29.0,0.0,29.0,0.0,6.0,29.0,0.0,0.0,0.0,0.0,0.0,0.0,battery2_v
2020-12-31T07:00:00Z,30.0,30.0,,,,,13971.733,14009.0,,,,11.949,12.005,,,,7097.0,7097.0,7097.0,,24.433,78.933,,,,0.0,,,,,,,,,,8962.0,8991.0,0.0,0.0,30.0,0.0,30.0,0.0,30.0,0.0,0.0,30.0,0.0,0.0,0.0,0.0,0.0,0.0,battery2_v
2020-12-31T08:00:00Z,29.0,29.0,,,,,14064.759,14676.0,,,,11.873,11.968,,,,7097.0,7097.0,7097.0,,11.241,58.172,,,,0.0,,,,,,,,,,8992.0,9021.0,0.0,0.0,29.0,0.0,29.0,0.0,29.0,0.0,0.0,23.0,0.0,0.0,0.0,0.0,0.0,0.0,battery2_v
2020-12-31T09:00:00Z,28.0,28.0,,,,,14133.607,14185.0,,,,11.793,11.873,,,,7097.0,7097.0,7097.0,,-7.893,38.393,,,,0.0,,,,,,,,,,9022.0,9050.0,0.0,0.0,28.0,0.0,28.0,0.0,28.0,0.0,0.0,2.0,0.0,0.0,0.0,0.0,0.0,0.0,battery2_v
2020-12-31T10:00:00Z,29.0,29.0,,,,,10148.931,14302.0,,,,11.665,11.793,,,,7097.0,7097.0,7097.0,,-24.586,28.31,,,,0.0,,,,,,,,,,9052.0,9080.0,0.0,0.0,29.0,0.0,29.0,0.0,29.0,0.0,7.0,9.0,0.0,0.0,0.0,0.0,0.0,0.0,battery2_v
2020-12-31T11:00:00Z,30.0,30.0,,,,,1987.433,2017.0,,,,11.769,11.783,,,,7097.0,7097.0,7097.0,,-3.286,66.267,,,,0.0,,,,,,,,,,9081.0,9110.0,0.0,0.0,30.0,0.0,30.0,0.0,30.0,0.0,0.0,30.0,0.0,0.0,0.0,0.0,0.0,0.0,battery2_v
2020-12-31T12:00:00Z,30.0,30.0,,,,,2010.367,2040.0,,,,11.764,11.778,,,,7097.0,7097.0,7097.0,,-1.6,67.1,,,,0.0,,,,,,,,,,9111.0,9140.0,0.0,0.0,30.0,0.0,30.0,0.0,30.0,0.0,0.0,30.0,0.0,0.0,0.0,0.0,0.0,0.0,battery2_v
2020-12-31T13:00:00Z,28.0,28.0,,,,,2025.036,2052.0,,,,11.755,11.774,,,,7097.0,7097.0,7097.0,,-0.2,74.286,,,,0.0,,,,,,,,,,9141.0,9169.0,0.0,0.0,28.0,0.0,28.0,0.0,28.0,0.0,0.0,28.0,0.0,0.0,0.0,0.0,0.0,0.0,battery2_v
2020-12-31T14:00:00Z,30.0,30.0,,,,,2042.3,2063.0,,,,11.75,11.764,,,,7097.0,7097.0,7097.0,,0.0,74.4,,,,0.0,,,,,,,,,,9170.0,9199.0,0.0,0.0,30.0,0.0,30.0,0.0,30.0,0.0,0.0,30.0,0.0,0.0,0.0,0.0,0.0,0.0,battery2_v
2020-12-31T15:00:00Z,28.0,28.0,,,,,2056.25,2075.0,,,,11.745,11.759,,,,7097.0,7097.0,7097.0,,0.0,77.143,,,,0.0,,,,,,,,,,9200.0,9228.0,0.0,0.0,28.0,0.0,28.0,0.0,28.0,0.0,0.0,28.0,0.0,0.0,0.0,0.0,0.0,0.0,battery2_v
2020-12-31T16:00:00Z,30.0,30.0,,,,,2066.667,2087.0,,,,11.741,11.755,,,,7097.0,7097.0,7097.0,,0.0,80.0,,,,0.0,,,,,,,,,,9229.0,9258.0,0.0,0.0,30.0,0.0,30.0,0.0,30.0,0.0,0.0,30.0,0.0,0.0,0.0,0.0,0.0,0.0,battery2_v
2020-12-31T17:00:00Z,29.0,29.0,,,,,2077.862,2098.0,,,,11.731,11.75,,,,7097.0,7097.0,7097.0,,0.0,86.724,,,,0.0,,,,,,,,,,9259.0,9288.0,0.0,0.0,29.0,0.0,29.0,0.0,29.0,0.0,0.0,29.0,0.0,0.0,0.0,0.0,0.0,0.0,battery2_v
2020-12-31T18:00:00Z,30.0,30.0,,,,,2087.167,2098.0,,,,11.731,11.741,,,,7097.0,7097.0,7097.0,,0.0,89.7,,,,0.0,,,,,,,,,,9289.0,9318.0,0.0,0.0,30.0,0.0,30.0,0.0,30.0,0.0,0.0,30.0,0.0,0.0,0.0,0.0,0.0,0.0,battery2_v
2020-12-31T19:00:00Z,30.0,30.0,,,,,2100.5,2110.0,,,,11.722,11.741,,,,7097.0,7097.0,7097.0,,0.0,90.767,,,,0.0,,,,,,,,,,9319.0,9348.0,0.0,0.0,30.0,0.0,30.0,0.0,30.0,0.0,0.0,30.0,0.0,0.0,0.0,0.0,0.0,0.0,battery2_v
2020-12-31T20:00:00Z,29.0,29.0,,,,,2112.069,2122.0,,,,11.722,11.731,,,,7097.0,7097.0,7097.0,,0.0,91.448,,,,0.0,,,,,,,,,,9349.0,9377.0,0.0,0.0,29.0,0.0,29.0,0.0,29.0,0.0,0.0,29.0,0.0,0.0,0.0,0.0,0.0,0.0,battery2_v
2020-12-31T21:00:00Z,29.0,29.0,,,,,2124.897,2134.0,,,,11.717,11.726,,,,7097.0,7097.0,7097.0,,0.0,89.759,,,,0.0,,,,,,,,,,9378.0,9407.0,0.0,0.0,29.0,0.0,29.0,0.0,29.0,0.0,0.0,29.0,0.0,0.0,0.0,0.0,0.0,0.0,battery2_v
2020-12-31T22:00:00Z,30.0,30.0,,,,,2146.967,2286.0,,,,11.712,11.726,,,,7097.0,7097.0,7097.0,,0.0,93.4,,,,0.0,,,,,,,,,,9408.0,9437.0,0.0,0.0,30.0,0.0,30.0,0.0,30.0,0.0,0.0,30.0,0.0,0.0,0.0,0.0,0.0,0.0,battery2_v
2020-12-31T23:00:00Z,30.0,30.0,,,,,9268.667,14419.0,,,,11.57,11.722,,,,7097.0,7097.0,7097.0,,-10.0,80.233,,,,0.0,,,,,,,,,,9438.0,9467.0,0.0,0.0,30.0,0.0,30.0,0.0,30.0,0.0,3.0,27.0,0.0,0.0,0.0,0.0,0.0,0.0,battery2_v
