ts_utc,n_samples,n_out_of_range,solar_v_avg,solar_v_max,solar2_v_avg,solar2_v_max,solar3_v_avg,solar3_v_max,battery_v_avg,battery_v_min,battery_v_max,battery2_v_min,battery2_v_max,lipo_v_avg,lipo_v_min,lipo_v_max,lipo2_v_avg,lipo2_v_min,lipo2_v_max,current_a_avg,current_a_chA_avg,current_a_chB_avg,current2_a_avg,power_w_avg,power_w_max,load_v_avg,load1_v_avg,load2_v_avg,wind_v_avg,temp_c_avg,temp_c_min,temp_c_max,voltage_adc_avg,digital_adc_avg,energy_wh,boot_count_min,boot_count_max,solar_v_n_oor,solar2_v_n_oor,solar3_v_n_oor,battery_v_n_oor,battery2_v_n_oor,lipo_v_n_oor,lipo2_v_n_oor,current_a_n_oor,current_a_chA_n_oor,current_a_chB_n_oor,current2_a_n_oor,power_w_n_oor,load_v_n_oor,load1_v_n_oor,load2_v_n_oor,temp_c_n_oor,scaled_channels
2021-01-01T00:00:00Z,30.0,30.0,,,,,14309.2,14734.0,,,,11.67,11.703,,,,7097.0,7097.0,7097.0,,-7.793,77.667,,,,0.0,,,,,,,,,,9468.0,9497.0,0.0,0.0,30.0,0.0,30.0,0.0,30.0,0.0,0.0,30.0,0.0,0.0,0.0,0.0,0.0,0.0,battery2_v
2021-01-01T01:00:00Z,30.0,30.0,,,,,14298.7,14875.0,,,,11.703,11.745,,,,7097.0,7097.0,7097.0,,8.2,90.8,,,,0.0,,,,,,,,,,9498.0,9527.0,0.0,0.0,30.0,0.0,30.0,0.0,30.0,0.0,0.0,30.0,0.0,0.0,0.0,0.0,0.0,0.0,battery2_v
2021-01-01T02:00:00Z,29.0,29.0,,,,,14193.448,14840.0,,,,11.755,11.84,,,,7097.0,7097.0,7097.0,,24.655,105.828,,,,0.0,,,,,,,,,,9528.0,9556.0,0.0,0.0,29.0,0.0,29.0,0.0,29.0,0.0,0.0,29.0,0.0,0.0,0.0,0.0,0.0,0.0,battery2_v
2021-01-01T03:00:00Z,29.0,29.0,,,,,14114.345,14138.0,,,,11.826,11.92,,,,7097.0,7097.0,7097.0,,30.31,106.414,,,,0.0,,,,,,,,,,9557.0,9586.0,0.0,0.0,29.0,0.0,29.0,0.0,29.0,0.0,0.0,29.0,0.0,0.0,0.0,0.0,0.0,0.0,battery2_v
2021-01-01T04:00:00Z,30.0,30.0,,,,,14083.467,14723.0,,,,11.897,11.982,,,,7097.0,7097.0,7097.0,,46.2,115.8,,,,0.0,,,,,,,,,,9587.0,9616.0,0.0,0.0,30.0,0.0,30.0,0.0,30.0,0.0,9.0,30.0,0.0,0.0,0.0,0.0,0.0,0.0,battery2_v
2021-01-01T05:00:00Z,30.0,30.0,,,,,14080.4,14734.0,,,,11.84,11.982,,,,7097.0,7097.0,7097.0,,30.467,93.4,,,,0.0,,,,,,,,,,9617.0,9646.0,0.0,0.0,30.0,0.0,30.0,0.0,30.0,0.0,1.0,30.0,0.0,0.0,0.0,0.0,0.0,0.0,battery2_v
2021-01-01T06:00:00Z,29.0,29.0,,,,,14060.655,14091.0,,,,11.873,11.949,,,,7097.0,7097.0,7097.0,,28.448,84.31,,,,0.0,,,,,,,,,,9647.0,9675.0,0.0,0.0,29.0,0.0,29.0,0.0,29.0,0.0,0.0,29.0,0.0,0.0,0.0,0.0,0.0,0.0,battery2_v
2021-01-01T07:00:00Z,30.0,30.0,,,,,14113.167,14723.0,,,,11.845,11.963,,,,7097.0,7097.0,7097.0,,22.9,75.333,,,,0.0,,,,,,,,,,9676.0,9705.0,0.0,0.0,30.0,0.0,30.0,0.0,30.0,0.0,0.0,30.0,0.0,0.0,0.0,0.0,0.0,0.0,battery2_v
2021-01-01T08:00:00Z,29.0,29.0,,,,,14179.69,14770.0,,,,11.802,11.882,,,,7097.0,7097.0,7097.0,,7.143,55.414,,,,0.0,,,,,,,,,,9706.0,9735.0,0.0,0.0,29.0,0.0,29.0,0.0,29.0,0.0,0.0,16.0,0.0,0.0,0.0,0.0,0.0,0.0,battery2_v
2021-01-01T09:00:00Z,30.0,30.0,,,,,14236.333,14290.0,,,,11.693,11.797,,,,7097.0,7097.0,7097.0,,-11.103,39.033,,,,0.0,,,,,,,,,,9736.0,9765.0,0.0,0.0,30.0,0.0,30.0,0.0,30.0,0.0,0.0,2.0,0.0,0.0,0.0,0.0,0.0,0.0,battery2_v
2021-01-01T10:00:00Z,28.0,28.0,,,,,9285.571,14419.0,,,,11.575,11.717,,,,7097.0,7097.0,7097.0,,-21.143,29.429,,,,0.0,,,,,,,,,,9766.0,9794.0,0.0,0.0,28.0,0.0,28.0,0.0,28.0,0.0,6.0,6.0,0.0,0.0,0.0,0.0,0.0,0.0,battery2_v
2021-01-01T11:00:00Z,29.0,29.0,,,,,2158.621,2180.0,,,,11.698,11.712,,,,7097.0,7097.0,7097.0,,-2.0,62.31,,,,0.0,,,,,,,,,,9795.0,9824.0,0.0,0.0,29.0,0.0,29.0,0.0,29.0,0.0,0.0,26.0,0.0,0.0,0.0,0.0,0.0,0.0,battery2_v
2021-01-01T12:00:00Z,29.0,29.0,,,,,2179.483,2192.0,,,,11.688,11.707,,,,7097.0,7097.0,7097.0,,-2.0,68.655,,,,0.0,,,,,,,,,,9825.0,9854.0,0.0,0.0,29.0,0.0,29.0,0.0,29.0,0.0,0.0,29.0,0.0,0.0,0.0,0.0,0.0,0.0,battery2_v
2021-01-01T13:00:00Z,29.0,29.0,,,,,2189.517,2204.0,,,,11.684,11.698,,,,7097.0,7097.0,7097.0,,0.0,71.172,,,,0.0,,,,,,,,,,9855.0,9883.0,0.0,0.0,29.0,0.0,29.0,0.0,29.0,0.0,0.0,29.0,0.0,0.0,0.0,0.0,0.0,0.0,battery2_v
2021-01-01T14:00:00Z,30.0,30.0,,,,,2211.767,2227.0,,,,11.679,11.693,,,,7097.0,7097.0,7097.0,,0.0,77.1,,,,0.0,,,,,,,,,,9884.0,9913.0,0.0,0.0,30.0,0.0,30.0,0.0,30.0,0.0,0.0,30.0,0.0,0.0,0.0,0.0,0.0,0.0,battery2_v
2021-01-01T15:00:00Z,30.0,30.0,,,,,2213.8,2239.0,,,,11.674,11.688,,,,7097.0,7097.0,7097.0,,0.0,81.333,,,,0.0,,,,,,,,,,9914.0,9943.0,0.0,0.0,30.0,0.0,30.0,0.0,30.0,0.0,0.0,30.0,0.0,0.0,0.0,0.0,0.0,0.0,battery2_v
2021-01-01T16:00:00Z,27.0,27.0,,,,,2225.222,2239.0,,,,11.67,11.684,,,,7097.0,7097.0,7097.0,,0.0,82.37,,,,0.0,,,,,,,,,,9944.0,9971.0,0.0,0.0,27.0,0.0,27.0,0.0,27.0,0.0,0.0,27.0,0.0,0.0,0.0,0.0,0.0,0.0,battery2_v
2021-01-01T17:00:00Z,26.0,26.0,,,,,2240.808,2262.0,,,,11.665,11.674,,,,7097.0,7097.0,7097.0,,0.0,85.038,,,,0.0,,,,,,,,,,9973.0,10002.0,0.0,0.0,26.0,0.0,26.0,0.0,26.0,0.0,0.0,26.0,0.0,0.0,0.0,0.0,0.0,0.0,battery2_v
2021-01-01T18:00:00Z,28.0,28.0,,,,,2251.214,2262.0,,,,11.66,11.67,,,,7097.0,7097.0,7097.0,,0.0,89.393,,,,0.0,,,,,,,,,,10003.0,10032.0,0.0,0.0,28.0,0.0,28.0,0.0,28.0,0.0,0.0,28.0,0.0,0.0,0.0,0.0,0.0,0.0,battery2_v
2021-01-01T19:00:00Z,29.0,29.0,,,,,2259.828,2274.0,,,,11.66,11.67,,,,7097.0,7097.0,7097.0,,0.0,97.345,,,,0.0,,,,,,,,,,10033.0,10061.0,0.0,0.0,29.0,0.0,29.0,0.0,29.0,0.0,0.0,29.0,0.0,0.0,0.0,0.0,0.0,0.0,battery2_v
2021-01-01T20:00:00Z,30.0,30.0,,,,,2271.667,2286.0,,,,11.655,11.67,,,,7097.0,7097.0,7097.0,,0.033,97.233,,,,0.0,,,,,,,,,,10062.0,10091.0,0.0,0.0,30.0,0.0,30.0,0.0,30.0,0.0,0.0,30.0,0.0,0.0,0.0,0.0,0.0,0.0,battery2_v
2021-01-01T21:00:00Z,30.0,30.0,,,,,2281.1,2297.0,,,,11.651,11.665,,,,7097.0,7097.0,7097.0,,0.067,100.133,,,,0.0,,,,,,,,,,10092.0,10121.0,0.0,0.0,30.0,0.0,30.0,0.0,30.0,0.0,0.0,30.0,0.0,0.0,0.0,0.0,0.0,0.0,battery2_v
2021-01-01T22:00:00Z,30.0,30.0,,,,,2304.3,2449.0,,,,11.646,11.655,,,,7097.0,7097.0,7097.0,,0.0,98.167,,,,0.0,,,,,,,,,,10122.0,10151.0,0.0,0.0,30.0,0.0,30.0,0.0,30.0,0.0,0.0,30.0,0.0,0.0,0.0,0.0,0.0,0.0,battery2_v
2021-01-01T23:00:00Z,30.0,30.0,,,,,9908.1,14512.0,,,,11.499,11.651,,,,7097.0,7097.0,7097.0,,-17.767,77.733,,,,0.0,,,,,,,,,,10152.0,10181.0,0.0,0.0,30.0,0.0,30.0,0.0,30.0,0.0,7.0,24.0,0.0,0.0,0.0,0.0,0.0,0.0,battery2_v
2021-01-02T00:00:00Z,29.0,29.0,,,,,14375.69,14395.0,,,,11.594,11.646,,,,7097.0,7097.0,7097.0,,-4.815,83.172,,,,0.0,,,,,,,,,,10182.0,10211.0,0.0,0.0,29.0,0.0,29.0,0.0,29.0,0.0,0.0,29.0,0.0,0.0,0.0,0.0,0.0,0.0,battery2_v
2021-01-02T01:00:00Z,27.0,27.0,,,,,14320.593,14372.0,,,,11.627,11.717,,,,7097.0,7097.0,7097.0,,10.444,98.815,,,,0.0,,,,,,,,,,10212.0,10240.0,0.0,0.0,27.0,0.0,27.0,0.0,27.0,0.0,0.0,27.0,0.0,0.0,0.0,0.0,0.0,0.0,battery2_v
2021-01-02T02:00:00Z,30.0,30.0,,,,,14269.5,14325.0,,,,11.665,11.783,,,,7097.0,7097.0,7097.0,,18.933,99.667,,,,0.0,,,,,,,,,,10241.0,10270.0,0.0,0.0,30.0,0.0,30.0,0.0,30.0,0.0,0.0,30.0,0.0,0.0,0.0,0.0,0.0,0.0,battery2_v
2021-01-02T03:00:00Z,29.0,29.0,,,,,14273.276,14348.0,,,,11.636,11.793,,,,7097.0,7097.0,7097.0,,16.966,90.103,,,,0.0,,,,,,,,,,10271.0,10300.0,0.0,0.0,29.0,0.0,29.0,0.0,29.0,0.0,0.0,29.0,0.0,0.0,0.0,0.0,0.0,0.0,battery2_v
2021-01-02T04:00:00Z,30.0,30.0,,,,,14258.167,14290.0,,,,11.698,11.759,,,,7097.0,7097.0,7097.0,,18.1,84.767,,,,0.0,,,,,,,,,,10301.0,10330.0,0.0,0.0,30.0,0.0,30.0,0.0,30.0,0.0,0.0,30.0,0.0,0.0,0.0,0.0,0.0,0.0,battery2_v
2021-01-02T05:00:00Z,27.0,27.0,,,,,14241.741,14302.0,,,,11.688,11.849,,,,7097.0,7097.0,7097.0,,22.37,83.926,,,,0.0,,,,,,,,,,10331.0,10359.0,0.0,0.0,27.0,0.0,27.0,0.0,27.0,0.0,1.0,27.0,0.0,0.0,0.0,0.0,0.0,0.0,battery2_v
2021-01-02T06:00:00Z,29.0,29.0,,,,,14328.172,14898.0,,,,11.703,11.788,,,,7097.0,7097.0,7097.0,,17.897,71.931,,,,0.0,,,,,,,,,,10360.0,10389.0,0.0,0.0,29.0,0.0,29.0,0.0,29.0,0.0,0.0,28.0,0.0,0.0,0.0,0.0,0.0,0.0,battery2_v
2021-01-02T07:00:00Z,30.0,30.0,,,,,14212.633,14255.0,,,,11.731,11.835,,,,7097.0,7097.0,7097.0,,21.6,67.4,,,,0.0,,,,,,,,,,10390.0,10419.0,0.0,0.0,30.0,0.0,30.0,0.0,30.0,0.0,0.0,27.0,0.0,0.0,0.0,0.0,0.0,0.0,battery2_v
2021-01-02T08:00:00Z,29.0,29.0,,,,,14321.759,14887.0,,,,11.651,11.755,,,,7097.0,7097.0,7097.0,,5.63,46.103,,,,0.0,,,,,,,,,,10420.0,10448.0,0.0,0.0,29.0,0.0,29.0,0.0,29.0,0.0,0.0,9.0,0.0,0.0,0.0,0.0,0.0,0.0,battery2_v
2021-01-02T09:00:00Z,30.0,30.0,,,,,14053.067,14419.0,,,,11.58,11.655,,,,7097.0,7097.0,7097.0,,-11.9,29.667,,,,0.0,,,,,,,,,,10449.0,10478.0,0.0,0.0,30.0,0.0,30.0,0.0,30.0,0.0,0.0,0.0,0.0,0.0,0.0,0.0,0.0,0.0,battery2_v
2021-01-02T10:00:00Z,30.0,30.0,,,,,10212.867,14547.0,,,,11.466,11.613,,,,7097.0,7097.0,7097.0,,-24.467,20.4,,,,0.0,,,,,,,,,,10479.0,10508.0,0.0,0.0,30.0,0.0,30.0,0.0,30.0,0.0,7.0,0.0,0.0,0.0,0.0,0.0,0.0,0.0,battery2_v
2021-01-02T11:00:00Z,30.0,30.0,,,,,2361.9,2391.0,,,,11.603,11.618,,,,7097.0,7097.0,7097.0,,-2.552,52.4,,,,0.0,,,,,,,,,,10509.0,10538.0,0.0,0.0,30.0,0.0,30.0,0.0,30.0,0.0,0.0,18.0,0.0,0.0,0.0,0.0,0.0,0.0,battery2_v
2021-01-02T12:00:00Z,29.0,29.0,,,,,2371.414,2391.0,,,,11.599,11.608,,,,7097.0,7097.0,7097.0,,-2.207,55.517,,,,0.0,,,,,,,,,,10539.0,10567.0,0.0,0.0,29.0,0.0,29.0,0.0,29.0,0.0,0.0,23.0,0.0,0.0,0.0,0.0,0.0,0.0,battery2_v
2021-01-02T13:00:00Z,28.0,28.0,,,,,2388.464,2426.0,,,,11.589,11.603,,,,7097.0,7097.0,7097.0,,-2.04,60.143,,,,0.0,,,,,,,,,,10568.0,10597.0,0.0,0.0,28.0,0.0,28.0,0.0,28.0,0.0,0.0,27.0,0.0,0.0,0.0,0.0,0.0,0.0,battery2_v
2021-01-02T14:00:00Z,29.0,29.0,,,,,2402.724,2426.0,,,,11.58,11.599,,,,7097.0,7097.0,7097.0,,-2.037,59.655,,,,0.0,,,,,,,,,,10598.0,10626.0,0.0,0.0,29.0,0.0,29.0,0.0,29.0,0.0,0.0,27.0,0.0,0.0,0.0,0.0,0.0,0.0,battery2_v
2021-01-02T15:00:00Z,29.0,29.0,,,,,2416.69,2438.0,,,,11.575,11.589,,,,7097.0,7097.0,7097.0,,-2.0,61.172,,,,0.0,,,,,,,,,,10627.0,10656.0,0.0,0.0,29.0,0.0,29.0,0.0,29.0,0.0,0.0,29.0,0.0,0.0,0.0,0.0,0.0,0.0,battery2_v
2021-01-02T16:00:00Z,30.0,30.0,,,,,2426.833,2438.0,,,,11.57,11.584,,,,7097.0,7097.0,7097.0,,-2.0,66.5,,,,0.0,,,,,,,,,,10657.0,10686.0,0.0,0.0,30.0,0.0,30.0,0.0,30.0,0.0,0.0,30.0,0.0,0.0,0.0,0.0,0.0,0.0,battery2_v
2021-01-02T17:00:00Z,29.0,29.0,,,,,2441.31,2473.0,,,,11.565,11.58,,,,7097.0,7097.0,7097.0,,-2.0,71.172,,,,0.0,,,,,,,,,,10687.0,10715.0,0.0,0.0,29.0,0.0,29.0,0.0,29.0,0.0,0.0,29.0,0.0,0.0,0.0,0.0,0.0,0.0,battery2_v
2021-01-02T18:00:00Z,30.0,30.0,,,,,2459.0,2473.0,,,,11.561,11.575,,,,7097.0,7097.0,7097.0,,-1.0,75.2,,,,0.0,,,,,,,,,,10716.0,10745.0,0.0,0.0,30.0,0.0,30.0,0.0,30.0,0.0,0.0,30.0,0.0,0.0,0.0,0.0,0.0,0.0,battery2_v
2021-01-02T19:00:00Z,30.0,30.0,,,,,2474.2,2485.0,,,,11.551,11.565,,,,7097.0,7097.0,7097.0,,0.0,77.067,,,,0.0,,,,,,,,,,10746.0,10775.0,0.0,0.0,30.0,0.0,30.0,0.0,30.0,0.0,0.0,30.0,0.0,0.0,0.0,0.0,0.0,0.0,battery2_v
2021-01-02T20:00:00Z,30.0,30.0,,,,,2487.133,2496.0,,,,11.551,11.565,,,,7097.0,7097.0,7097.0,,0.0,82.133,,,,0.0,,,,,,,,,,10776.0,10805.0,0.0,0.0,30.0,0.0,30.0,0.0,30.0,0.0,0.0,30.0,0.0,0.0,0.0,0.0,0.0,0.0,battery2_v
2021-01-02T21:00:00Z,30.0,30.0,,,,,2501.333,2520.0,,,,11.542,11.556,,,,7097.0,7097.0,7097.0,,0.0,85.667,,,,0.0,,,,,,,,,,10806.0,10835.0,0.0,0.0,30.0,0.0,30.0,0.0,30.0,0.0,0.0,30.0,0.0,0.0,0.0,0.0,0.0,0.0,battery2_v
2021-01-02T22:00:00Z,30.0,30.0,,,,,2527.967,2672.0,,,,11.532,11.551,,,,7097.0,7097.0,7097.0,,0.0,87.667,,,,0.0,,,,,,,,,,10836.0,10865.0,0.0,0.0,30.0,0.0,30.0,0.0,30.0,0.0,0.0,30.0,0.0,0.0,0.0,0.0,0.0,0.0,battery2_v
2021-01-02T23:00:00Z,29.0,29.0,,,,,9218.483,14641.0,,,,11.386,11.542,,,,7097.0,7097.0,7097.0,,-16.111,71.828,,,,0.0,,,,,,,,,,10866.0,10895.0,0.0,0.0,29.0,0.0,29.0,0.0,29.0,0.0,6.0,23.0,0.0,0.0,0.0,0.0,0.0,0.0,battery2_v
2021-01-03T00:00:00Z,30.0,30.0,,,,,14350.433,14559.0,,,,11.476,11.513,,,,7097.0,7097.0,7097.0,,-15.448,61.733,,,,0.0,,,,,,,,,,10896.0,10925.0,0.0,0.0,30.0,0.0,30.0,0.0,30.0,0.0,0.0,29.0,0.0,0.0,0.0,0.0,0.0,0.0,battery2_v
2021-01-03T01:00:00Z,30.0,30.0,,,,,14181.767,15062.0,,,,11.495,11.651,,,,7097.0,7097.0,7097.0,,7.5,97.867,,,,0.0,,,,,,,,,,10926.0,10955.0,0.0,0.0,30.0,0.0,30.0,0.0,30.0,0.0,0.0,30.0,0.0,0.0,0.0,0.0,0.0,0.0,battery2_v
2021-01-03T02:00:00Z,29.0,29.0,,,,,14322.966,14980.0,,,,11.632,11.736,,,,7097.0,7097.0,7097.0,,34.483,131.207,,,,0.0,,,,,,,,,,10956.0,10984.0,0.0,0.0,29.0,0.0,29.0,0.0,29.0,0.0,2.0,29.0,0.0,0.0,0.0,0.0,0.0,0.0,battery2_v
2021-01-03T03:00:00Z,29.0,29.0,,,,,14305.966,14922.0,,,,11.665,11.793,,,,7097.0,7097.0,7097.0,,37.0,129.655,,,,0.0,,,,,,,,,,10986.0,11014.0,0.0,0.0,29.0,0.0,29.0,0.0,29.0,0.0,1.0,29.0,0.0,0.0,0.0,0.0,0.0,0.0,battery2_v
2021-01-03T04:00:00Z,29.0,29.0,,,,,14273.966,14337.0,,,,11.698,11.759,,,,7097.0,7097.0,7097.0,,27.483,102.966,,,,0.0,,,,,,,,,,11015.0,11044.0,0.0,0.0,29.0,0.0,29.0,0.0,29.0,0.0,0.0,29.0,0.0,0.0,0.0,0.0,0.0,0.0,battery2_v
2021-01-03T05:00:00Z,29.0,29.0,,,,,14320.931,14980.0,,,,11.655,11.722,,,,7097.0,7097.0,7097.0,,18.621,96.655,,,,0.0,,,,,,,,,,11045.0,11073.0,0.0,0.0,29.0,0.0,29.0,0.0,29.0,0.0,0.0,29.0,0.0,0.0,0.0,0.0,0.0,0.0,battery2_v
2021-01-03T06:00:00Z,30.0,30.0,,,,,14377.233,14992.0,,,,11.651,11.707,,,,7097.0,7097.0,7097.0,,17.367,77.867,,,,0.0,,,,,,,,,,11074.0,11103.0,0.0,0.0,30.0,0.0,30.0,0.0,30.0,0.0,0.0,30.0,0.0,0.0,0.0,0.0,0.0,0.0,battery2_v
2021-01-03T07:00:00Z,29.0,29.0,,,,,14297.655,14325.0,,,,11.66,11.712,,,,7097.0,7097.0,7097.0,,19.379,73.0,,,,0.0,,,,,,,,,,11104.0,11133.0,0.0,0.0,29.0,0.0,29.0,0.0,29.0,0.0,0.0,29.0,0.0,0.0,0.0,0.0,0.0,0.0,battery2_v
2021-01-03T08:00:00Z,30.0,30.0,,,,,14142.367,14430.0,,,,11.57,11.66,,,,7097.0,7097.0,7097.0,,8.867,111.633,,,,0.0,,,,,,,,,,11134.0,11163.0,0.0,0.0,30.0,0.0,30.0,0.0,30.0,0.0,0.0,30.0,0.0,0.0,0.0,0.0,0.0,0.0,battery2_v
2021-01-03T09:00:00Z,29.0,29.0,,,,,14141.345,14524.0,,,,11.476,11.575,,,,7097.0,7097.0,7097.0,,-9.483,72.103,,,,0.0,,,,,,,,,,11164.0,11192.0,0.0,0.0,29.0,0.0,29.0,0.0,29.0,0.0,0.0,27.0,0.0,0.0,0.0,0.0,0.0,0.0,battery2_v
2021-01-03T10:00:00Z,30.0,30.0,,,,,11497.133,14664.0,,,,11.367,11.513,,,,7097.0,7097.0,7097.0,,-26.367,33.367,,,,0.0,,,,,,,,,,11193.0,11222.0,0.0,0.0,30.0,0.0,30.0,0.0,30.0,0.0,8.0,7.0,0.0,0.0,0.0,0.0,0.0,0.0,battery2_v
2021-01-03T11:00:00Z,30.0,30.0,,,,,2611.367,2637.0,,,,11.509,11.518,,,,7097.0,7097.0,7097.0,,1.5,113.9,,,,0.0,,,,,,,,,,11223.0,11252.0,0.0,0.0,30.0,0.0,30.0,0.0,30.0,0.0,0.0,30.0,0.0,0.0,0.0,0.0,0.0,0.0,battery2_v
2021-01-03T12:00:00Z,30.0,30.0,,,,,2623.033,2637.0,,,,11.495,11.513,,,,7097.0,7097.0,7097.0,,0.2,99.233,,,,0.0,,,,,,,,,,11253.0,11282.0,0.0,0.0,30.0,0.0,30.0,0.0,30.0,0.0,0.0,30.0,0.0,0.0,0.0,0.0,0.0,0.0,battery2_v
2021-01-03T13:00:00Z,29.0,29.0,,,,,2639.931,2648.0,,,,11.49,11.504,,,,7097.0,7097.0,7097.0,,0.0,82.241,,,,0.0,,,,,,,,,,11283.0,11311.0,0.0,0.0,29.0,0.0,29.0,0.0,29.0,0.0,0.0,29.0,0.0,0.0,0.0,0.0,0.0,0.0,battery2_v
2021-01-03T14:00:00Z,30.0,30.0,,,,,2662.0,2672.0,,,,11.48,11.495,,,,7097.0,7097.0,7097.0,,0.067,87.8,,,,0.0,,,,,,,,,,11312.0,11341.0,0.0,0.0,30.0,0.0,30.0,0.0,30.0,0.0,0.0,30.0,0.0,0.0,0.0,0.0,0.0,0.0,battery2_v
2021-01-03T15:00:00Z,30.0,30.0,,,,,2673.767,2683.0,,,,11.476,11.49,,,,7097.0,7097.0,7097.0,,1.533,120.833,,,,0.0,,,,,,,,,,11342.0,11371.0,0.0,0.0,30.0,0.0,30.0,0.0,30.0,0.0,0.0,30.0,0.0,0.0,0.0,0.0,0.0,0.0,battery2_v
2021-01-03T16:00:00Z,30.0,30.0,,,,,2683.867,2707.0,,,,11.461,11.48,,,,7097.0,7097.0,7097.0,,0.0,90.833,,,,0.0,,,,,,,,,,11372.0,11401.0,0.0,0.0,30.0,0.0,30.0,0.0,30.0,0.0,0.0,30.0,0.0,0.0,0.0,0.0,0.0,0.0,battery2_v
2021-01-03T17:00:00Z,30.0,30.0,,,,,2697.8,2719.0,,,,11.457,11.471,,,,7097.0,7097.0,7097.0,,0.0,80.533,,,,0.0,,,,,,,,,,11402.0,11431.0,0.0,0.0,30.0,0.0,30.0,0.0,30.0,0.0,0.0,30.0,0.0,0.0,0.0,0.0,0.0,0.0,battery2_v
2021-01-03T18:00:00Z,29.0,29.0,,,,,2708.241,2719.0,,,,11.447,11.461,,,,7097.0,7097.0,7097.0,,-2.0,73.345,,,,0.0,,,,,,,,,,11432.0,11460.0,0.0,0.0,29.0,0.0,29.0,0.0,29.0,0.0,0.0,29.0,0.0,0.0,0.0,0.0,0.0,0.0,battery2_v
2021-01-03T19:00:00Z,30.0,30.0,,,,,2720.0,2730.0,,,,11.442,11.452,,,,7097.0,7097.0,7097.0,,-1.333,74.933,,,,0.0,,,,,,,,,,11461.0,11490.0,0.0,0.0,30.0,0.0,30.0,0.0,30.0,0.0,0.0,30.0,0.0,0.0,0.0,0.0,0.0,0.0,battery2_v
2021-01-03T20:00:00Z,30.0,30.0,,,,,2733.7,2742.0,,,,11.433,11.447,,,,7097.0,7097.0,7097.0,,0.0,77.867,,,,0.0,,,,,,,,,,11491.0,11520.0,0.0,0.0,30.0,0.0,30.0,0.0,30.0,0.0,0.0,30.0,0.0,0.0,0.0,0.0,0.0,0.0,battery2_v
2021-01-03T21:00:00Z,30.0,30.0,,,,,2749.567,2765.0,,,,11.424,11.442,,,,7097.0,7097.0,7097.0,,0.0,79.733,,,,0.0,,,,,,,,,,11521.0,11550.0,0.0,0.0,30.0,0.0,30.0,0.0,30.0,0.0,0.0,30.0,0.0,0.0,0.0,0.0,0.0,0.0,battery2_v
2021-01-03T22:00:00Z,30.0,30.0,,,,,2781.7,2882.0,,,,11.419,11.433,,,,7097.0,7097.0,7097.0,,0.0,78.167,,,,0.0,,,,,,,,,,11551.0,11580.0,0.0,0.0,30.0,0.0,30.0,0.0,30.0,0.0,0.0,30.0,0.0,0.0,0.0,0.0,0.0,0.0,battery2_v
2021-01-03T23:00:00Z,30.0,30.0,,,,,9959.367,14770.0,,,,11.267,11.428,,,,7097.0,7097.0,7097.0,,-19.091,65.967,,,,0.0,,,,,,,,,,11581.0,11610.0,0.0,0.0,30.0,0.0,30.0,0.0,30.0,0.0,4.0,26.0,0.0,0.0,0.0,0.0,0.0,0.0,battery2_v
2021-01-04T00:00:00Z,29.0,29.0,,,,,14653.448,15214.0,,,,11.367,11.471,,,,7097.0,7097.0,7097.0,,-2.828,70.793,,,,0.0,,,,,,,,,,11611.0,11640.0,0.0,0.0,29.0,0.0,29.0,0.0,29.0,0.0,0.0,28.0,0.0,0.0,0.0,0.0,0.0,0.0,battery2_v
2021-01-04T01:00:00Z,30.0,30.0,,,,,14571.033,14653.0,,,,11.381,11.466,,,,7097.0,7097.0,7097.0,,3.115,72.5,,,,0.0,,,,,,,,,,11641.0,11670.0,0.0,0.0,30.0,0.0,30.0,0.0,30.0,0.0,0.0,30.0,0.0,0.0,0.0,0.0,0.0,0.0,battery2_v
2021-01-04T02:00:00Z,30.0,30.0,,,,,14589.667,15202.0,,,,11.409,11.542,,,,7097.0,7097.0,7097.0,,17.467,84.2,,,,0.0,,,,,,,,,,11671.0,11700.0,0.0,0.0,30.0,0.0,30.0,0.0,30.0,0.0,0.0,30.0,0.0,0.0,0.0,0.0,0.0,0.0,battery2_v
2021-01-04T03:00:00Z,29.0,29.0,,,,,14528.241,14582.0,,,,11.457,11.537,,,,7097.0,7097.0,7097.0,,17.448,81.759,,,,0.0,,,,,,,,,,11701.0,11729.0,0.0,0.0,29.0,0.0,29.0,0.0,29.0,0.0,0.0,29.0,0.0,0.0,0.0,0.0,0.0,0.0,battery2_v
2021-01-04T04:00:00Z,30.0,30.0,,,,,14537.133,14606.0,,,,11.433,11.551,,,,7097.0,7097.0,7097.0,,13.0,68.867,,,,0.0,,,,,,,,,,11730.0,11759.0,0.0,0.0,30.0,0.0,30.0,0.0,30.0,0.0,0.0,28.0,0.0,0.0,0.0,0.0,0.0,0.0,battery2_v
2021-01-04T05:00:00Z,30.0,30.0,,,,,14524.967,14629.0,,,,11.414,11.589,,,,7097.0,7097.0,7097.0,,20.167,73.267,,,,0.0,,,,,,,,,,11760.0,11789.0,0.0,0.0,30.0,0.0,30.0,0.0,30.0,0.0,0.0,28.0,0.0,0.0,0.0,0.0,0.0,0.0,battery2_v
2021-01-04T06:00:00Z,29.0,29.0,,,,,14385.793,15074.0,,,,11.603,11.731,,,,7097.0,7097.0,7097.0,,44.517,93.759,,,,0.0,,,,,,,,,,11790.0,11819.0,0.0,0.0,29.0,0.0,29.0,0.0,29.0,0.0,6.0,29.0,0.0,0.0,0.0,0.0,0.0,0.0,battery2_v
2021-01-04T07:00:00Z,28.0,28.0,,,,,14385.143,14430.0,,,,11.584,11.66,,,,7097.0,7097.0,7097.0,,25.286,68.321,,,,0.0,,,,,,,,,,11820.0,11848.0,0.0,0.0,28.0,0.0,28.0,0.0,28.0,0.0,0.0,28.0,0.0,0.0,0.0,0.0,0.0,0.0,battery2_v
2021-01-04T08:00:00Z,30.0,30.0,,,,,14502.467,15074.0,,,,11.49,11.594,,,,7097.0,7097.0,7097.0,,12.25,51.167,,,,0.0,,,,,,,,,,11849.0,11878.0,0.0,0.0,30.0,0.0,30.0,0.0,30.0,0.0,0.0,18.0,0.0,0.0,0.0,0.0,0.0,0.0,battery2_v
2021-01-04T09:00:00Z,30.0,30.0,,,,,14316.367,14664.0,,,,11.367,11.476,,,,7097.0,7097.0,7097.0,,-14.733,24.967,,,,0.0,,,,,,,,,,11879.0,11908.0,0.0,0.0,30.0,0.0,30.0,0.0,30.0,0.0,0.0,0.0,0.0,0.0,0.0,0.0,0.0,0.0,battery2_v
2021-01-04T10:00:00Z,28.0,28.0,,,,,11941.964,14828.0,,,,11.22,11.395,,,,7097.0,7097.0,7097.0,,-39.107,-3.857,,,,0.0,,,,,,,,,,11909.0,11937.0,0.0,0.0,28.0,0.0,28.0,0.0,28.0,0.0,16.0,0.0,0.0,0.0,0.0,0.0,0.0,0.0,battery2_v
2021-01-04T11:00:00Z,30.0,30.0,,,,,2894.4,2906.0,,,,11.362,11.381,,,,7097.0,7097.0,7097.0,,-4.333,37.9,,,,0.0,,,,,,,,,,11938.0,11967.0,0.0,0.0,30.0,0.0,30.0,0.0,30.0,0.0,0.0,1.0,0.0,0.0,0.0,0.0,0.0,0.0,battery2_v
2021-01-04T12:00:00Z,29.0,29.0,,,,,2907.793,2929.0,,,,11.362,11.372,,,,7097.0,7097.0,7097.0,,-3.759,45.034,,,,0.0,,,,,,,,,,11968.0,11997.0,0.0,0.0,29.0,0.0,29.0,0.0,29.0,0.0,0.0,3.0,0.0,0.0,0.0,0.0,0.0,0.0,battery2_v
2021-01-04T13:00:00Z,29.0,29.0,,,,,2925.69,2941.0,,,,11.353,11.362,,,,7097.0,7097.0,7097.0,,-3.207,52.414,,,,0.0,,,,,,,,,,11998.0,12027.0,0.0,0.0,29.0,0.0,29.0,0.0,29.0,0.0,0.0,14.0,0.0,0.0,0.0,0.0,0.0,0.0,battery2_v
2021-01-04T14:00:00Z,29.0,29.0,,,,,2963.862,2988.0,,,,11.343,11.357,,,,7097.0,7097.0,7097.0,,-2.966,54.69,,,,0.0,,,,,,,,,,12028.0,12056.0,0.0,0.0,29.0,0.0,29.0,0.0,29.0,0.0,0.0,21.0,0.0,0.0,0.0,0.0,0.0,0.0,battery2_v
2021-01-04T15:00:00Z,29.0,29.0,,,,,2987.69,2999.0,,,,11.334,11.348,,,,7097.0,7097.0,7097.0,,-3.138,51.793,,,,0.0,,,,,,,,,,12057.0,12086.0,0.0,0.0,29.0,0.0,29.0,0.0,29.0,0.0,0.0,17.0,0.0,0.0,0.0,0.0,0.0,0.0,battery2_v
2021-01-04T16:00:00Z,29.0,29.0,,,,,3002.034,3023.0,,,,11.324,11.338,,,,7097.0,7097.0,7097.0,,-2.931,55.207,,,,0.0,,,,,,,,,,12087.0,12116.0,0.0,0.0,29.0,0.0,29.0,0.0,29.0,0.0,0.0,23.0,0.0,0.0,0.0,0.0,0.0,0.0,battery2_v
2021-01-04T17:00:00Z,30.0,30.0,,,,,3019.3,3034.0,,,,11.31,11.329,,,,7097.0,7097.0,7097.0,,-2.6,58.133,,,,0.0,,,,,,,,,,12117.0,12146.0,0.0,0.0,30.0,0.0,30.0,0.0,30.0,0.0,0.0,27.0,0.0,0.0,0.0,0.0,0.0,0.0,battery2_v
2021-01-04T18:00:00Z,28.0,28.0,,,,,3038.821,3058.0,,,,11.296,11.315,,,,7097.0,7097.0,7097.0,,-2.286,63.786,,,,0.0,,,,,,,,,,12147.0,12175.0,0.0,0.0,28.0,0.0,28.0,0.0,28.0,0.0,0.0,27.0,0.0,0.0,0.0,0.0,0.0,0.0,battery2_v
2021-01-04T19:00:00Z,30.0,30.0,,,,,3056.0,3070.0,,,,11.286,11.305,,,,7097.0,7097.0,7097.0,,-2.074,67.367,,,,0.0,,,,,,,,,,12176.0,12205.0,0.0,0.0,30.0,0.0,30.0,0.0,30.0,0.0,0.0,30.0,0.0,0.0,0.0,0.0,0.0,0.0,battery2_v
2021-01-04T20:00:00Z,30.0,30.0,,,,,3077.467,3093.0,,,,11.277,11.291,,,,7097.0,7097.0,7097.0,,-2.04,70.367,,,,0.0,,,,,,,,,,12206.0,12235.0,0.0,0.0,30.0,0.0,30.0,0.0,30.0,0.0,0.0,30.0,0.0,0.0,0.0,0.0,0.0,0.0,battery2_v
2021-01-04T21:00:00Z,30.0,30.0,,,,,3096.133,3116.0,,,,11.263,11.282,,,,7097.0,7097.0,7097.0,,-2.0,76.0,,,,0.0,,,,,,,,,,12236.0,12265.0,0.0,0.0,30.0,0.0,30.0,0.0,30.0,0.0,0.0,30.0,0.0,0.0,0.0,0.0,0.0,0.0,battery2_v
2021-01-04T22:00:00Z,29.0,29.0,,,,,3140.034,3280.0,,,,11.249,11.272,,,,7097.0,7097.0,7097.0,,-2.0,78.345,,,,0.0,,,,,,,,,,12266.0,12295.0,0.0,0.0,29.0,0.0,29.0,0.0,29.0,0.0,0.0,29.0,0.0,0.0,0.0,0.0,0.0,0.0,battery2_v
2021-01-04T23:00:00Z,30.0,30.0,,,,,8690.6,14992.0,,,,11.078,11.258,,,,7097.0,7097.0,7097.0,,-48.167,61.467,,,,0.0,,,,,,,,,,12296.0,12325.0,0.0,0.0,30.0,0.0,30.0,0.0,30.0,0.0,10.0,20.0,0.0,0.0,0.0,0.0,0.0,0.0,battery2_v
2021-01-05T00:00:00Z,30.0,30.0,,,,,14494.033,14887.0,,,,11.173,11.225,,,,7097.0,7097.0,7097.0,,-7.966,64.5,,,,0.0,,,,,,,,,,12326.0,12355.0,0.0,0.0,30.0,0.0,30.0,0.0,30.0,0.0,0.0,29.0,0.0,0.0,0.0,0.0,0.0,0.0,battery2_v
2021-01-05T01:00:00Z,30.0,30.0,,,,,14877.167,15401.0,,,,11.173,11.258,,,,7097.0,7097.0,7097.0,,-0.222,68.433,,,,0.0,,,,,,,,,,12356.0,12385.0,0.0,0.0,30.0,0.0,30.0,0.0,30.0,0.0,0.0,28.0,0.0,0.0,0.0,0.0,0.0,0.0,battery2_v
2021-01-05T02:00:00Z,29.0,29.0,,,,,14772.448,14816.0,,,,11.249,11.348,,,,7097.0,7097.0,7097.0,,14.931,74.828,,,,0.0,,,,,,,,,,12386.0,12414.0,0.0,0.0,29.0,0.0,29.0,0.0,29.0,0.0,0.0,29.0,0.0,0.0,0.0,0.0,0.0,0.0,battery2_v
2021-01-05T03:00:00Z,30.0,30.0,,,,,14722.833,15308.0,,,,11.267,11.414,,,,7097.0,7097.0,7097.0,,21.267,77.4,,,,0.0,,,,,,,,,,12415.0,12444.0,0.0,0.0,30.0,0.0,30.0,0.0,30.0,0.0,0.0,30.0,0.0,0.0,0.0,0.0,0.0,0.0,battery2_v
2021-01-05T04:00:00Z,29.0,29.0,,,,,14717.069,15343.0,,,,11.277,11.438,,,,7097.0,7097.0,7097.0,,25.655,76.103,,,,0.0,,,,,,,,,,12445.0,12474.0,0.0,0.0,29.0,0.0,29.0,0.0,29.0,0.0,0.0,28.0,0.0,0.0,0.0,0.0,0.0,0.0,battery2_v
2021-01-05T05:00:00Z,27.0,27.0,,,,,14565.556,14641.0,,,,11.419,11.518,,,,7097.0,7097.0,7097.0,,39.815,89.37,,,,0.0,,,,,,,,,,12475.0,12503.0,0.0,0.0,27.0,0.0,27.0,0.0,27.0,0.0,2.0,27.0,0.0,0.0,0.0,0.0,0.0,0.0,battery2_v
2021-01-05T06:00:00Z,30.0,30.0,,,,,14660.767,15249.0,,,,11.367,11.48,,,,7097.0,7097.0,7097.0,,22.833,66.033,,,,0.0,,,,,,,,,,12504.0,12533.0,0.0,0.0,30.0,0.0,30.0,0.0,30.0,0.0,0.0,29.0,0.0,0.0,0.0,0.0,0.0,0.0,battery2_v
2021-01-05T07:00:00Z,30.0,30.0,,,,,14495.333,14863.0,,,,11.192,11.357,,,,7097.0,7097.0,7097.0,,-10.367,27.833,,,,0.0,,,,,,,,,,12534.0,12563.0,0.0,0.0,30.0,0.0,30.0,0.0,30.0,0.0,0.0,0.0,0.0,0.0,0.0,0.0,0.0,0.0,battery2_v
2021-01-05T08:00:00Z,29.0,29.0,,,,,14574.0,14922.0,,,,11.144,11.187,,,,7097.0,7097.0,7097.0,,-19.172,18.379,,,,0.0,,,,,,,,,,12564.0,12593.0,0.0,0.0,29.0,0.0,29.0,0.0,29.0,0.0,0.0,0.0,0.0,0.0,0.0,0.0,0.0,0.0,battery2_v
2021-01-05T09:00:00Z,30.0,30.0,,,,,14310.567,14980.0,,,,11.107,11.168,,,,7097.0,7097.0,7097.0,,-19.3,21.7,,,,0.0,,,,,,,,,,12594.0,12623.0,0.0,0.0,30.0,0.0,30.0,0.0,30.0,0.0,0.0,0.0,0.0,0.0,0.0,0.0,0.0,0.0,battery2_v
2021-01-05T10:00:00Z,28.0,28.0,,,,,13181.786,15144.0,,,,10.941,11.116,,,,7097.0,7097.0,7097.0,,-37.607,2.786,,,,0.0,,,,,,,,,,12624.0,12652.0,0.0,0.0,28.0,0.0,28.0,0.0,28.0,0.0,13.0,1.0,0.0,0.0,0.0,0.0,0.0,0.0,battery2_v
2021-01-05T11:00:00Z,30.0,30.0,,,,,3496.467,3526.0,,,,11.097,11.116,,,,7097.0,7097.0,7097.0,,-3.348,67.167,,,,0.0,,,,,,,,,,12653.0,12682.0,0.0,0.0,30.0,0.0,30.0,0.0,30.0,0.0,0.0,20.0,0.0,0.0,0.0,0.0,0.0,0.0,battery2_v
2021-01-05T12:00:00Z,30.0,30.0,,,,,3556.367,3596.0,,,,11.064,11.097,,,,7097.0,7097.0,7097.0,,-0.474,93.633,,,,0.0,,,,,,,,,,12683.0,12712.0,0.0,0.0,30.0,0.0,30.0,0.0,30.0,0.0,0.0,30.0,0.0,0.0,0.0,0.0,0.0,0.0,battery2_v
2021-01-05T13:00:00Z,29.0,29.0,,,,,3604.724,3631.0,,,,11.045,11.069,,,,7097.0,7097.0,7097.0,,-1.87,76.655,,,,0.0,,,,,,,,,,12713.0,12741.0,0.0,0.0,29.0,0.0,29.0,0.0,29.0,0.0,0.0,29.0,0.0,0.0,0.0,0.0,0.0,0.0,battery2_v
2021-01-05T14:00:00Z,26.0,26.0,,,,,3666.269,3701.0,,,,11.007,11.05,,,,7097.0,7097.0,7097.0,,-2.72,69.692,,,,0.0,,,,,,,,,,12742.0,12771.0,0.0,0.0,26.0,0.0,26.0,0.0,26.0,0.0,0.0,26.0,0.0,0.0,0.0,0.0,0.0,0.0,battery2_v
2021-01-05T15:00:00Z,29.0,29.0,,,,,3748.552,3795.0,,,,10.965,11.007,,,,7097.0,7097.0,7097.0,,-2.862,64.897,,,,0.0,,,,,,,,,,12772.0,12800.0,0.0,0.0,29.0,0.0,29.0,0.0,29.0,0.0,0.0,28.0,0.0,0.0,0.0,0.0,0.0,0.0,battery2_v
2021-01-05T16:00:00Z,29.0,29.0,,,,,3844.172,3924.0,,,,10.908,10.969,,,,7097.0,7097.0,7097.0,,-3.034,65.759,,,,0.0,,,,,,,,,,12801.0,12830.0,0.0,0.0,29.0,0.0,29.0,0.0,29.0,0.0,0.0,29.0,0.0,0.0,0.0,0.0,0.0,0.0,battery2_v
2021-01-05T17:00:00Z,29.0,29.0,,,,,4077.345,4275.0,,,,10.752,10.908,,,,7097.0,7097.0,7097.0,,-3.276,66.862,,,,0.0,,,,,,,,,,12831.0,12860.0,0.0,0.0,29.0,0.0,29.0,0.0,29.0,0.0,0.0,28.0,0.0,0.0,0.0,0.0,0.0,0.0,battery2_v
2021-01-05T18:00:00Z,29.0,29.0,,,,,4547.034,4766.0,,,,10.506,10.747,,,,7097.0,7097.0,7097.0,,-3.828,64.103,,,,0.0,,,,,,,,,,12861.0,12889.0,0.0,0.0,29.0,0.0,29.0,0.0,29.0,0.0,0.0,28.0,0.0,0.0,0.0,0.0,0.0,0.0,battery2_v
2021-01-05T19:00:00Z,29.0,29.0,,,,,4987.172,5164.0,,,,10.321,10.492,,,,7097.0,7097.0,7097.0,,-4.483,66.069,,,,0.0,,,,,,,,,,12890.0,12919.0,0.0,0.0,29.0,0.0,29.0,0.0,29.0,0.0,0.0,29.0,0.0,0.0,0.0,0.0,0.0,0.0,battery2_v
2021-01-05T20:00:00Z,30.0,30.0,,,,,5304.233,5433.0,,,,10.203,10.321,,,,7097.0,7097.0,7097.0,,-5.267,67.933,,,,0.0,,,,,,,,,,12920.0,12949.0,0.0,0.0,30.0,0.0,30.0,0.0,30.0,0.0,0.0,30.0,0.0,0.0,0.0,0.0,0.0,0.0,battery2_v
2021-01-05T21:00:00Z,29.0,29.0,,,,,5540.724,5644.0,,,,10.118,10.203,,,,7097.0,7097.0,7097.0,,-5.414,71.655,,,,0.0,,,,,,,,,,12950.0,12979.0,0.0,0.0,29.0,0.0,29.0,0.0,29.0,0.0,0.0,29.0,0.0,0.0,0.0,0.0,0.0,0.0,battery2_v
2021-01-05T22:00:00Z,30.0,30.0,,,,,5753.567,5995.0,,,,10.018,10.104,,,,7097.0,7097.0,7097.0,,-5.567,71.7,,,,0.0,,,,,,,,,,12980.0,13009.0,0.0,0.0,30.0,0.0,30.0,0.0,30.0,0.0,0.0,30.0,0.0,0.0,0.0,0.0,0.0,0.0,battery2_v
2021-01-05T23:00:00Z,30.0,30.0,,,,,12422.467,16466.0,,,,9.772,10.018,,,,7097.0,7097.0,7097.0,,-20.3,52.3,,,,0.0,,,,,,,,,,13010.0,13039.0,0.0,0.0,30.0,0.0,30.0,0.0,30.0,0.0,4.0,15.0,0.0,0.0,0.0,0.0,0.0,0.0,battery2_v
2021-01-06T00:00:00Z,30.0,30.0,,,,,15894.267,16478.0,,,,9.782,9.858,,,,7097.0,7097.0,7097.0,,-19.9,47.6,,,,0.0,,,,,,,,,,13040.0,13069.0,0.0,0.0,30.0,0.0,30.0,0.0,30.0,0.0,0.0,8.0,0.0,0.0,0.0,0.0,0.0,0.0,battery2_v
2021-01-06T01:00:00Z,28.0,28.0,,,,,15940.714,16478.0,,,,9.782,9.895,,,,7097.0,7097.0,7097.0,,-5.607,61.179,,,,0.0,,,,,,,,,,13070.0,13098.0,0.0,0.0,28.0,0.0,28.0,0.0,28.0,0.0,0.0,25.0,0.0,0.0,0.0,0.0,0.0,0.0,battery2_v
2021-01-06T02:00:00Z,30.0,30.0,,,,,16386.5,16957.0,,,,9.848,9.971,,,,7097.0,7097.0,7097.0,,10.3,70.067,,,,0.0,,,,,,,,,,13099.0,13128.0,0.0,0.0,30.0,0.0,30.0,0.0,30.0,0.0,0.0,29.0,0.0,0.0,0.0,0.0,0.0,0.0,battery2_v
2021-01-06T03:00:00Z,30.0,30.0,,,,,16254.767,16326.0,,,,9.91,10.052,,,,7097.0,7097.0,7097.0,,14.4,73.6,,,,0.0,,,,,,,,,,13129.0,13158.0,0.0,0.0,30.0,0.0,30.0,0.0,30.0,0.0,0.0,30.0,0.0,0.0,0.0,0.0,0.0,0.0,battery2_v
2021-01-06T04:00:00Z,30.0,30.0,,,,,16000.467,16759.0,,,,10.056,10.458,,,,7097.0,7097.0,7097.0,,37.233,91.167,,,,0.0,,,,,,,,,,13159.0,13188.0,0.0,0.0,30.0,0.0,30.0,0.0,30.0,0.0,5.0,30.0,0.0,0.0,0.0,0.0,0.0,0.0,battery2_v
2021-01-06T05:00:00Z,30.0,30.0,,,,,15760.867,16372.0,,,,10.397,10.501,,,,7097.0,7097.0,7097.0,,47.6,96.133,,,,0.0,,,,,,,,,,13189.0,13218.0,0.0,0.0,30.0,0.0,30.0,0.0,30.0,0.0,7.0,30.0,0.0,0.0,0.0,0.0,0.0,0.0,battery2_v
2021-01-06T06:00:00Z,29.0,29.0,,,,,15587.793,15659.0,,,,10.496,10.648,,,,7097.0,7097.0,7097.0,,38.138,80.862,,,,0.0,,,,,,,,,,13219.0,13247.0,0.0,0.0,29.0,0.0,29.0,0.0,29.0,0.0,0.0,29.0,0.0,0.0,0.0,0.0,0.0,0.0,battery2_v
2021-01-06T07:00:00Z,30.0,30.0,,,,,15626.767,15764.0,,,,10.397,10.69,,,,7097.0,7097.0,7097.0,,17.933,55.6,,,,0.0,,,,,,,,,,13248.0,13277.0,0.0,0.0,30.0,0.0,30.0,0.0,30.0,0.0,1.0,17.0,0.0,0.0,0.0,0.0,0.0,0.0,battery2_v
2021-01-06T08:00:00Z,29.0,29.0,,,,,15670.414,16489.0,,,,10.132,10.444,,,,7097.0,7097.0,7097.0,,-1.704,34.069,,,,0.0,,,,,,,,,,13278.0,13307.0,0.0,0.0,29.0,0.0,29.0,0.0,29.0,0.0,0.0,0.0,0.0,0.0,0.0,0.0,0.0,0.0,battery2_v
2021-01-06T09:00:00Z,30.0,30.0,,,,,15711.367,16384.0,,,,9.853,10.137,,,,7097.0,7097.0,7097.0,,-22.567,9.533,,,,0.0,,,,,,,,,,13308.0,13337.0,0.0,0.0,30.0,0.0,30.0,0.0,30.0,0.0,0.0,0.0,0.0,0.0,0.0,0.0,0.0,0.0,battery2_v
2021-01-06T10:00:00Z,29.0,29.0,,,,,14936.586,16817.0,,,,9.479,9.843,,,,7097.0,7097.0,7097.0,,-38.69,-4.966,,,,0.0,,,,,,,,,,13338.0,13367.0,0.0,0.0,29.0,0.0,29.0,0.0,29.0,0.0,11.0,1.0,0.0,0.0,0.0,0.0,0.0,0.0,battery2_v
2021-01-06T11:00:00Z,30.0,30.0,,,,,6749.567,6966.0,,,,9.503,9.692,,,,7097.0,7097.0,7097.0,,-10.267,32.033,,,,0.0,,,,,,,,,,13368.0,13397.0,0.0,0.0,30.0,0.0,30.0,0.0,30.0,0.0,0.0,0.0,0.0,0.0,0.0,0.0,0.0,0.0,battery2_v
2021-01-06T12:00:00Z,29.0,29.0,,,,,7302.241,7516.0,,,,9.285,9.493,,,,7097.0,7097.0,7097.0,,-10.862,34.931,,,,0.0,,,,,,,,,,13398.0,13426.0,0.0,0.0,29.0,0.0,29.0,0.0,29.0,0.0,0.0,0.0,0.0,0.0,0.0,0.0,0.0,0.0,battery2_v
2021-01-06T13:00:00Z,30.0,30.0,,,,,7743.367,7925.0,,,,9.105,9.285,,,,7097.0,7097.0,7097.0,,-11.667,31.7,,,,0.0,,,,,,,,,,13427.0,13456.0,0.0,0.0,30.0,0.0,30.0,0.0,30.0,0.0,0.0,0.0,0.0,0.0,0.0,0.0,0.0,0.0,battery2_v
2021-01-06T14:00:00Z,30.0,30.0,,,,,8065.4,8194.0,,,,8.978,9.096,,,,7097.0,7097.0,7097.0,,-12.367,29.2,,,,0.0,,,,,,,,,,13457.0,13486.0,0.0,0.0,30.0,0.0,30.0,0.0,30.0,0.0,0.0,0.0,0.0,0.0,0.0,0.0,0.0,0.0,battery2_v
2021-01-06T15:00:00Z,29.0,29.0,,,,,8312.379,8440.0,,,,8.859,8.978,,,,7097.0,7097.0,7097.0,,-12.552,32.276,,,,0.0,,,,,,,,,,13487.0,13516.0,0.0,0.0,29.0,0.0,29.0,0.0,29.0,0.0,0.0,0.0,0.0,0.0,0.0,0.0,0.0,0.0,battery2_v
2021-01-06T16:00:00Z,30.0,30.0,,,,,8544.033,8639.0,,,,8.774,8.855,,,,7097.0,7097.0,7097.0,,-12.9,36.0,,,,0.0,,,,,,,,,,13517.0,13546.0,0.0,0.0,30.0,0.0,30.0,0.0,30.0,0.0,0.0,0.0,0.0,0.0,0.0,0.0,0.0,0.0,battery2_v
2021-01-06T17:00:00Z,30.0,30.0,,,,,8710.467,8791.0,,,,8.694,8.774,,,,7097.0,7097.0,7097.0,,-13.033,35.667,,,,0.0,,,,,,,,,,13547.0,13576.0,0.0,0.0,30.0,0.0,30.0,0.0,30.0,0.0,0.0,0.0,0.0,0.0,0.0,0.0,0.0,0.0,battery2_v
2021-01-06T18:00:00Z,30.0,30.0,,,,,8879.033,8955.0,,,,8.628,8.694,,,,7097.0,7097.0,7097.0,,-13.0,42.167,,,,0.0,,,,,,,,,,13577.0,13606.0,0.0,0.0,30.0,0.0,30.0,0.0,30.0,0.0,0.0,0.0,0.0,0.0,0.0,0.0,0.0,0.0,battery2_v
2021-01-06T19:00:00Z,30.0,30.0,,,,,9091.2,9189.0,,,,8.533,8.628,,,,7097.0,7097.0,7097.0,,-13.133,41.1,,,,0.0,,,,,,,,,,13607.0,13636.0,0.0,0.0,30.0,0.0,30.0,0.0,30.0,0.0,0.0,0.0,0.0,0.0,0.0,0.0,0.0,0.0,battery2_v
2021-01-06T20:00:00Z,30.0,30.0,,,,,9311.5,9423.0,,,,8.434,8.528,,,,7097.0,7097.0,7097.0,,-13.567,42.967,,,,0.0,,,,,,,,,,13637.0,13666.0,0.0,0.0,30.0,0.0,30.0,0.0,30.0,0.0,0.0,1.0,0.0,0.0,0.0,0.0,0.0,0.0,battery2_v
2021-01-06T21:00:00Z,29.0,29.0,,,,,9581.966,9774.0,,,,8.273,8.429,,,,7097.0,7097.0,7097.0,,-14.034,43.103,,,,0.0,,,,,,,,,,13667.0,13695.0,0.0,0.0,29.0,0.0,29.0,0.0,29.0,0.0,0.0,1.0,0.0,0.0,0.0,0.0,0.0,0.0,battery2_v
2021-01-06T22:00:00Z,30.0,30.0,,,,,10152.367,10733.0,,,,7.885,8.259,,,,7097.0,7097.0,7097.0,,-15.433,41.3,,,,0.0,,,,,,,,,,13696.0,13725.0,0.0,0.0,30.0,0.0,30.0,0.0,30.0,0.0,0.0,0.0,0.0,0.0,0.0,0.0,0.0,0.0,battery2_v
2021-01-06T23:00:00Z,30.0,30.0,,,,,16925.9,20889.0,,,,5.912,7.88,,,,7097.0,7097.0,7097.0,,-55.5,-29.667,,,,0.0,,,,,,,,,,1.0,13750.0,0.0,0.0,30.0,0.0,30.0,0.0,30.0,0.0,14.0,9.0,0.0,0.0,0.0,0.0,0.0,0.0,battery2_v
2021-01-07T00:00:00Z,17.0,17.0,,,,,20805.353,21345.0,,,,5.5,6.011,,,,7097.0,7097.0,7097.0,,-87.353,-155.706,,,,0.0,,,,,,,,,,1.0,1.0,0.0,0.0,17.0,0.0,17.0,0.0,17.0,0.0,17.0,17.0,0.0,0.0,0.0,0.0,0.0,0.0,battery2_v
2021-01-12T01:00:00Z,20.0,20.0,,,,,10623.7,14044.0,,,,12.285,12.37,,,,6757.15,300.0,7097.0,,4.0,128.7,,,,0.0,,,,,,,,,,1.0,20.0,0.0,0.0,20.0,0.0,20.0,0.0,20.0,0.0,0.0,20.0,0.0,0.0,0.0,0.0,0.0,0.0,battery2_v
2021-01-12T02:00:00Z,29.0,29.0,,,,,13505.517,13529.0,,,,12.346,12.422,,,,7097.0,7097.0,7097.0,,17.31,124.828,,,,0.0,,,,,,,,,,21.0,50.0,0.0,0.0,29.0,0.0,29.0,0.0,29.0,0.0,0.0,29.0,0.0,0.0,0.0,0.0,0.0,0.0,battery2_v
2021-01-12T03:00:00Z,29.0,29.0,,,,,13502.276,13518.0,,,,12.37,12.398,,,,7097.0,7097.0,7097.0,,17.552,113.207,,,,0.0,,,,,,,,,,51.0,80.0,0.0,0.0,29.0,0.0,29.0,0.0,29.0,0.0,0.0,29.0,0.0,0.0,0.0,0.0,0.0,0.0,battery2_v
2021-01-12T04:00:00Z,29.0,29.0,,,,,13550.759,14161.0,,,,12.308,12.417,,,,7097.0,7097.0,7097.0,,15.931,108.0,,,,0.0,,,,,,,,,,81.0,110.0,0.0,0.0,29.0,0.0,29.0,0.0,29.0,0.0,0.0,29.0,0.0,0.0,0.0,0.0,0.0,0.0,battery2_v
2021-01-12T05:00:00Z,29.0,29.0,,,,,13424.414,13529.0,,,,12.36,12.568,,,,7097.0,7097.0,7097.0,,23.379,112.069,,,,0.0,,,,,,,,,,111.0,140.0,0.0,0.0,29.0,0.0,29.0,0.0,29.0,0.0,0.0,29.0,0.0,0.0,0.0,0.0,0.0,0.0,battery2_v
2021-01-12T06:00:00Z,29.0,29.0,,,,,13206.207,13658.0,,,,12.455,12.673,,,,7097.0,7097.0,7097.0,,28.793,113.345,,,,0.0,,,,,,,,,,141.0,169.0,0.0,0.0,29.0,0.0,29.0,0.0,29.0,0.0,0.0,29.0,0.0,0.0,0.0,0.0,0.0,0.0,battery2_v
2021-01-12T07:00:00Z,30.0,30.0,,,,,13509.067,14103.0,,,,12.356,12.441,,,,7097.0,7097.0,7097.0,,9.467,86.867,,,,0.0,,,,,,,,,,170.0,199.0,0.0,0.0,30.0,0.0,30.0,0.0,30.0,0.0,0.0,30.0,0.0,0.0,0.0,0.0,0.0,0.0,battery2_v
2021-01-12T08:00:00Z,30.0,30.0,,,,,13611.633,13681.0,,,,12.218,12.393,,,,7097.0,7097.0,7097.0,,-5.179,66.433,,,,0.0,,,,,,,,,,200.0,229.0,0.0,0.0,30.0,0.0,30.0,0.0,30.0,0.0,0.0,30.0,0.0,0.0,0.0,0.0,0.0,0.0,battery2_v
2021-01-12T09:00:00Z,29.0,29.0,,,,,13693.897,13740.0,,,,12.171,12.237,,,,7097.0,7097.0,7097.0,,-9.483,66.034,,,,0.0,,,,,,,,,,230.0,259.0,0.0,0.0,29.0,0.0,29.0,0.0,29.0,0.0,0.0,26.0,0.0,0.0,0.0,0.0,0.0,0.0,battery2_v
2021-01-12T10:00:00Z,30.0,30.0,,,,,1383.233,4672.0,,,,12.786,12.867,,,,6870.433,300.0,7097.0,,-9.517,60.6,,,,1.0,,,,,,,,,,1.0,30.0,0.0,0.0,30.0,0.0,30.0,0.0,30.0,0.0,0.0,29.0,0.0,0.0,0.0,0.0,0.0,0.0,battery2_v
2021-01-12T11:00:00Z,30.0,30.0,,,,,1.7,51.0,,,,12.781,12.805,,,,7097.0,7097.0,7097.0,,-6.867,93.367,,,,1.0,,,,,,,,,,31.0,60.0,0.0,0.0,0.0,0.0,30.0,0.0,30.0,0.0,0.0,30.0,0.0,0.0,0.0,0.0,0.0,0.0,battery2_v
2021-01-12T12:00:00Z,30.0,30.0,,,,,0.0,0.0,,,,12.767,12.791,,,,7097.0,7097.0,7097.0,,-7.6,85.167,,,,1.0,,,,,,,,,,61.0,90.0,0.0,0.0,0.0,0.0,30.0,0.0,30.0,0.0,0.0,30.0,0.0,0.0,0.0,0.0,0.0,0.0,battery2_v
2021-01-12T13:00:00Z,28.0,28.0,,,,,0.0,0.0,,,,12.762,12.777,,,,7097.0,7097.0,7097.0,,-7.964,78.571,,,,1.0,,,,,,,,,,91.0,120.0,0.0,0.0,0.0,0.0,28.0,0.0,28.0,0.0,0.0,28.0,0.0,0.0,0.0,0.0,0.0,0.0,battery2_v
2021-01-12T14:00:00Z,29.0,29.0,,,,,0.0,0.0,,,,12.739,12.767,,,,7097.0,7097.0,7097.0,,-8.172,76.69,,,,1.0,,,,,,,,,,121.0,149.0,0.0,0.0,0.0,0.0,29.0,0.0,29.0,0.0,0.0,29.0,0.0,0.0,0.0,0.0,0.0,0.0,battery2_v
2021-01-12T15:00:00Z,30.0,30.0,,,,,0.0,0.0,,,,12.734,12.753,,,,7097.0,7097.0,7097.0,,-7.9,78.667,,,,1.0,,,,,,,,,,150.0,179.0,0.0,0.0,0.0,0.0,30.0,0.0,30.0,0.0,0.0,30.0,0.0,0.0,0.0,0.0,0.0,0.0,battery2_v
2021-01-12T16:00:00Z,29.0,29.0,,,,,0.0,0.0,,,,12.725,12.739,,,,7097.0,7097.0,7097.0,,-7.414,85.379,,,,1.0,,,,,,,,,,180.0,209.0,0.0,0.0,0.0,0.0,29.0,0.0,29.0,0.0,0.0,29.0,0.0,0.0,0.0,0.0,0.0,0.0,battery2_v
2021-01-12T17:00:00Z,30.0,30.0,,,,,0.0,0.0,,,,12.706,12.729,,,,7097.0,7097.0,7097.0,,-7.1,90.0,,,,1.0,,,,,,,,,,210.0,239.0,0.0,0.0,0.0,0.0,30.0,0.0,30.0,0.0,0.0,30.0,0.0,0.0,0.0,0.0,0.0,0.0,battery2_v
2021-01-12T18:00:00Z,29.0,29.0,,,,,0.0,0.0,,,,12.691,12.715,,,,7097.0,7097.0,7097.0,,-6.862,94.414,,,,1.0,,,,,,,,,,240.0,269.0,0.0,0.0,0.0,0.0,29.0,0.0,29.0,0.0,0.0,29.0,0.0,0.0,0.0,0.0,0.0,0.0,battery2_v
2021-01-12T19:00:00Z,30.0,30.0,,,,,0.0,0.0,,,,12.677,12.701,,,,7097.0,7097.0,7097.0,,-6.433,99.767,,,,1.0,,,,,,,,,,270.0,299.0,0.0,0.0,0.0,0.0,30.0,0.0,30.0,0.0,0.0,30.0,0.0,0.0,0.0,0.0,0.0,0.0,battery2_v
2021-01-12T20:00:00Z,30.0,30.0,,,,,0.0,0.0,,,,12.668,12.682,,,,7097.0,7097.0,7097.0,,-6.1,104.5,,,,1.0,,,,,,,,,,300.0,329.0,0.0,0.0,0.0,0.0,30.0,0.0,30.0,0.0,0.0,30.0,0.0,0.0,0.0,0.0,0.0,0.0,battery2_v
2021-01-12T21:00:00Z,29.0,29.0,,,,,0.0,0.0,,,,12.668,12.682,,,,7097.0,7097.0,7097.0,,-5.69,109.172,,,,1.0,,,,,,,,,,330.0,358.0,0.0,0.0,0.0,0.0,29.0,0.0,29.0,0.0,0.0,29.0,0.0,0.0,0.0,0.0,0.0,0.0,battery2_v
2021-01-12T22:00:00Z,30.0,30.0,,,,,3.933,74.0,,,,12.663,12.682,,,,7097.0,7097.0,7097.0,,-5.233,112.667,,,,1.0,,,,,,,,,,359.0,388.0,0.0,0.0,1.0,0.0,30.0,0.0,30.0,0.0,0.0,30.0,0.0,0.0,0.0,0.0,0.0,0.0,battery2_v
2021-01-12T23:00:00Z,30.0,30.0,,,,,2971.633,13272.0,,,,12.535,12.677,,,,7097.0,7097.0,7097.0,,-10.7,108.267,,,,1.0,,,,,,,,,,389.0,418.0,0.0,0.0,30.0,0.0,30.0,0.0,30.0,0.0,3.0,28.0,0.0,0.0,0.0,0.0,0.0,0.0,battery2_v
2021-01-13T00:00:00Z,30.0,30.0,,,,,6048.033,13132.0,,,,12.658,12.687,,,,7097.0,7097.0,7097.0,,-4.821,115.533,,,,1.0,,,,,,,,,,419.0,448.0,0.0,0.0,30.0,0.0,30.0,0.0,30.0,0.0,0.0,30.0,0.0,0.0,0.0,0.0,0.0,0.0,battery2_v
2021-01-13T01:00:00Z,30.0,30.0,,,,,13096.767,13120.0,,,,12.663,12.729,,,,7097.0,7097.0,7097.0,,0.074,107.167,,,,1.0,,,,,,,,,,449.0,478.0,0.0,0.0,30.0,0.0,30.0,0.0,30.0,0.0,0.0,30.0,0.0,0.0,0.0,0.0,0.0,0.0,battery2_v
2021-01-13T02:00:00Z,30.0,30.0,,,,,13027.0,13752.0,,,,12.734,12.848,,,,7097.0,7097.0,7097.0,,20.2,130.567,,,,1.0,,,,,,,,,,479.0,508.0,0.0,0.0,30.0,0.0,30.0,0.0,30.0,0.0,0.0,30.0,0.0,0.0,0.0,0.0,0.0,0.0,battery2_v
2021-01-13T03:00:00Z,30.0,30.0,,,,,13050.467,13728.0,,,,12.715,12.838,,,,7097.0,7097.0,7097.0,,17.133,117.233,,,,1.0,,,,,,,,,,509.0,538.0,0.0,0.0,30.0,0.0,30.0,0.0,30.0,0.0,0.0,30.0,0.0,0.0,0.0,0.0,0.0,0.0,battery2_v
2021-01-13T04:00:00Z,29.0,29.0,,,,,13018.172,13061.0,,,,12.72,12.796,,,,7097.0,7097.0,7097.0,,14.172,102.138,,,,1.0,,,,,,,,,,539.0,568.0,0.0,0.0,29.0,0.0,29.0,0.0,29.0,0.0,0.0,29.0,0.0,0.0,0.0,0.0,0.0,0.0,battery2_v
2021-01-13T05:00:00Z,30.0,30.0,,,,,13124.167,13763.0,,,,12.715,12.734,,,,7097.0,7097.0,7097.0,,7.333,92.233,,,,1.0,,,,,,,,,,569.0,598.0,0.0,0.0,30.0,0.0,30.0,0.0,30.0,0.0,0.0,30.0,0.0,0.0,0.0,0.0,0.0,0.0,battery2_v
2021-01-13T06:00:00Z,29.0,29.0,,,,,13057.379,13752.0,,,,12.725,12.753,,,,7097.0,7097.0,7097.0,,11.759,90.034,,,,1.0,,,,,,,,,,599.0,627.0,0.0,0.0,29.0,0.0,29.0,0.0,29.0,0.0,0.0,29.0,0.0,0.0,0.0,0.0,0.0,0.0,battery2_v
2021-01-13T07:00:00Z,30.0,30.0,,,,,13057.767,13717.0,,,,12.682,12.843,,,,7097.0,7097.0,7097.0,,10.9,81.4,,,,1.0,,,,,,,,,,628.0,657.0,0.0,0.0,30.0,0.0,30.0,0.0,30.0,0.0,0.0,30.0,0.0,0.0,0.0,0.0,0.0,0.0,battery2_v
2021-01-13T08:00:00Z,30.0,30.0,,,,,13092.633,13752.0,,,,12.649,12.833,,,,7097.0,7097.0,7097.0,,1.107,67.3,,,,1.0,,,,,,,,,,658.0,687.0,0.0,0.0,30.0,0.0,30.0,0.0,30.0,0.0,0.0,27.0,0.0,0.0,0.0,0.0,0.0,0.0,battery2_v
2021-01-13T09:00:00Z,29.0,29.0,,,,,9498.069,13155.0,,,,12.635,12.673,,,,7097.0,7097.0,7097.0,,-14.517,51.897,,,,1.0,,,,,,,,,,688.0,717.0,0.0,0.0,29.0,0.0,29.0,0.0,29.0,0.0,0.0,15.0,0.0,0.0,0.0,0.0,0.0,0.0,battery2_v
2021-01-13T10:00:00Z,30.0,30.0,,,,,1585.2,4497.0,,,,12.663,12.673,,,,7097.0,7097.0,7097.0,,-8.433,73.8,,,,1.0,,,,,,,,,,718.0,747.0,0.0,0.0,30.0,0.0,30.0,0.0,30.0,0.0,0.0,30.0,0.0,0.0,0.0,0.0,0.0,0.0,battery2_v
2021-01-13T11:00:00Z,30.0,30.0,,,,,19.933,215.0,,,,12.654,12.673,,,,7097.0,7097.0,7097.0,,-8.1,77.867,,,,1.0,,,,,,,,,,748.0,777.0,0.0,0.0,3.0,0.0,30.0,0.0,30.0,0.0,0.0,30.0,0.0,0.0,0.0,0.0,0.0,0.0,battery2_v
2021-01-13T12:00:00Z,29.0,29.0,,,,,0.552,4.0,,,,12.654,12.673,,,,7097.0,7097.0,7097.0,,-8.069,77.793,,,,1.0,,,,,,,,,,778.0,807.0,0.0,0.0,0.0,0.0,29.0,0.0,29.0,0.0,0.0,29.0,0.0,0.0,0.0,0.0,0.0,0.0,battery2_v
2021-01-13T13:00:00Z,28.0,28.0,,,,,1.714,16.0,,,,12.654,12.668,,,,7097.0,7097.0,7097.0,,-7.75,82.286,,,,1.0,,,,,,,,,,808.0,836.0,0.0,0.0,0.0,0.0,28.0,0.0,28.0,0.0,0.0,28.0,0.0,0.0,0.0,0.0,0.0,0.0,battery2_v
2021-01-13T14:00:00Z,28.0,28.0,,,,,4.143,16.0,,,,12.649,12.663,,,,7097.0,7097.0,7097.0,,-7.286,85.857,,,,1.0,,,,,,,,,,837.0,866.0,0.0,0.0,0.0,0.0,28.0,0.0,28.0,0.0,0.0,28.0,0.0,0.0,0.0,0.0,0.0,0.0,battery2_v
2021-01-13T15:00:00Z,30.0,30.0,,,,,8.933,28.0,,,,12.644,12.658,,,,7097.0,7097.0,7097.0,,-7.2,89.9,,,,1.0,,,,,,,,,,867.0,896.0,0.0,0.0,0.0,0.0,30.0,0.0,30.0,0.0,0.0,30.0,0.0,0.0,0.0,0.0,0.0,0.0,battery2_v
2021-01-13T16:00:00Z,29.0,29.0,,,,,10.345,28.0,,,,12.644,12.658,,,,7097.0,7097.0,7097.0,,-6.897,97.034,,,,1.0,,,,,,,,,,897.0,925.0,0.0,0.0,0.0,0.0,29.0,0.0,29.0,0.0,0.0,29.0,0.0,0.0,0.0,0.0,0.0,0.0,battery2_v
2021-01-13T17:00:00Z,30.0,30.0,,,,,16.0,28.0,,,,12.644,12.658,,,,7097.0,7097.0,7097.0,,-6.433,100.1,,,,1.0,,,,,,,,,,926.0,955.0,0.0,0.0,0.0,0.0,30.0,0.0,30.0,0.0,0.0,30.0,0.0,0.0,0.0,0.0,0.0,0.0,battery2_v
2021-01-13T18:00:00Z,30.0,30.0,,,,,24.7,39.0,,,,12.639,12.654,,,,7097.0,7097.0,7097.0,,-6.167,102.567,,,,1.0,,,,,,,,,,956.0,985.0,0.0,0.0,0.0,0.0,30.0,0.0,30.0,0.0,0.0,30.0,0.0,0.0,0.0,0.0,0.0,0.0,battery2_v
2021-01-13T19:00:00Z,30.0,30.0,,,,,30.933,51.0,,,,12.635,12.654,,,,7097.0,7097.0,7097.0,,-5.8,108.067,,,,1.0,,,,,,,,,,986.0,1015.0,0.0,0.0,0.0,0.0,30.0,0.0,30.0,0.0,0.0,30.0,0.0,0.0,0.0,0.0,0.0,0.0,battery2_v
2021-01-13T20:00:00Z,30.0,30.0,,,,,39.133,51.0,,,,12.635,12.649,,,,7097.0,7097.0,7097.0,,-5.467,110.7,,,,1.0,,,,,,,,,,1016.0,1045.0,0.0,0.0,0.0,0.0,30.0,0.0,30.0,0.0,0.0,30.0,0.0,0.0,0.0,0.0,0.0,0.0,battery2_v
2021-01-13T21:00:00Z,30.0,30.0,,,,,41.067,63.0,,,,12.63,12.644,,,,7097.0,7097.0,7097.0,,-4.967,115.867,,,,1.0,,,,,,,,,,1046.0,1075.0,0.0,0.0,1.0,0.0,30.0,0.0,30.0,0.0,0.0,30.0,0.0,0.0,0.0,0.0,0.0,0.0,battery2_v
2021-01-13T22:00:00Z,30.0,30.0,,,,,51.3,133.0,,,,12.63,12.644,,,,7097.0,7097.0,7097.0,,-4.633,118.967,,,,1.0,,,,,,,,,,1076.0,1105.0,0.0,0.0,4.0,0.0,30.0,0.0,30.0,0.0,0.0,30.0,0.0,0.0,0.0,0.0,0.0,0.0,battery2_v
2021-01-13T23:00:00Z,30.0,30.0,,,,,4737.1,13342.0,,,,12.497,12.639,,,,7097.0,7097.0,7097.0,,-14.2,103.967,,,,1.0,,,,,,,,,,1106.0,1135.0,0.0,0.0,30.0,0.0,30.0,0.0,30.0,0.0,5.0,26.0,0.0,0.0,0.0,0.0,0.0,0.0,battery2_v
2021-01-14T00:00:00Z,27.0,27.0,,,,,2609.37,3081.0,,,,12.62,12.635,,,,7097.0,7097.0,7097.0,,-5.259,114.074,,,,1.0,,,,,,,,,,1137.0,1164.0,0.0,0.0,27.0,0.0,27.0,0.0,27.0,0.0,0.0,27.0,0.0,0.0,0.0,0.0,0.0,0.0,battery2_v
2021-01-14T01:00:00Z,30.0,30.0,,,,,10199.1,13518.0,,,,12.625,12.668,,,,7097.0,7097.0,7097.0,,-1.931,111.0,,,,1.0,,,,,,,,,,1165.0,1194.0,0.0,0.0,30.0,0.0,30.0,0.0,30.0,0.0,0.0,30.0,0.0,0.0,0.0,0.0,0.0,0.0,battery2_v
2021-01-14T02:00:00Z,30.0,30.0,,,,,13151.633,13822.0,,,,12.663,12.701,,,,7097.0,7097.0,7097.0,,12.067,120.533,,,,1.0,,,,,,,,,,1195.0,1224.0,0.0,0.0,30.0,0.0,30.0,0.0,30.0,0.0,0.0,30.0,0.0,0.0,0.0,0.0,0.0,0.0,battery2_v
2021-01-14T03:00:00Z,30.0,30.0,,,,,13088.667,13740.0,,,,12.639,12.781,,,,7097.0,7097.0,7097.0,,19.5,122.533,,,,1.0,,,,,,,,,,1225.0,1254.0,0.0,0.0,30.0,0.0,30.0,0.0,30.0,0.0,0.0,30.0,0.0,0.0,0.0,0.0,0.0,0.0,battery2_v
2021-01-14T04:00:00Z,30.0,30.0,,,,,13105.333,13810.0,,,,12.654,12.791,,,,7097.0,7097.0,7097.0,,19.2,112.5,,,,1.0,,,,,,,,,,1255.0,1284.0,0.0,0.0,30.0,0.0,30.0,0.0,30.0,0.0,0.0,30.0,0.0,0.0,0.0,0.0,0.0,0.0,battery2_v
2021-01-14T05:00:00Z,30.0,30.0,,,,,13028.933,13763.0,,,,12.72,12.805,,,,7097.0,7097.0,7097.0,,26.767,115.667,,,,1.0,,,,,,,,,,1285.0,1314.0,0.0,0.0,30.0,0.0,30.0,0.0,30.0,0.0,0.0,30.0,0.0,0.0,0.0,0.0,0.0,0.0,battery2_v
2021-01-14T06:00:00Z,30.0,30.0,,,,,12943.2,12979.0,,,,12.786,12.848,,,,7097.0,7097.0,7097.0,,32.733,114.7,,,,1.0,,,,,,,,,,1315.0,1344.0,0.0,0.0,30.0,0.0,30.0,0.0,30.0,0.0,0.0,30.0,0.0,0.0,0.0,0.0,0.0,0.0,battery2_v
2021-01-14T07:00:00Z,30.0,30.0,,,,,13006.7,13717.0,,,,12.739,12.833,,,,7097.0,7097.0,7097.0,,21.9,94.167,,,,1.0,,,,,,,,,,1345.0,1374.0,0.0,0.0,30.0,0.0,30.0,0.0,30.0,0.0,0.0,30.0,0.0,0.0,0.0,0.0,0.0,0.0,battery2_v
2021-01-14T08:00:00Z,30.0,30.0,,,,,13070.3,13190.0,,,,12.592,12.781,,,,7097.0,7097.0,7097.0,,-2.967,61.1,,,,1.0,,,,,,,,,,1375.0,1404.0,0.0,0.0,30.0,0.0,30.0,0.0,30.0,0.0,0.0,20.0,0.0,0.0,0.0,0.0,0.0,0.0,battery2_v
2021-01-14T09:00:00Z,30.0,30.0,,,,,9582.133,13213.0,,,,12.578,12.62,,,,7097.0,7097.0,7097.0,,-14.467,51.5,,,,1.0,,,,,,,,,,1405.0,1434.0,0.0,0.0,30.0,0.0,30.0,0.0,30.0,0.0,0.0,13.0,0.0,0.0,0.0,0.0,0.0,0.0,battery2_v
2021-01-14T10:00:00Z,29.0,29.0,,,,,1621.138,3631.0,,,,12.606,12.62,,,,7097.0,7097.0,7097.0,,-8.621,70.552,,,,1.0,,,,,,,,,,1435.0,1463.0,0.0,0.0,29.0,0.0,29.0,0.0,29.0,0.0,0.0,29.0,0.0,0.0,0.0,0.0,0.0,0.0,battery2_v
2021-01-14T11:00:00Z,30.0,30.0,,,,,114.967,297.0,,,,12.606,12.62,,,,7097.0,7097.0,7097.0,,-6.733,95.033,,,,1.0,,,,,,,,,,1464.0,1493.0,0.0,0.0,30.0,0.0,30.0,0.0,30.0,0.0,0.0,30.0,0.0,0.0,0.0,0.0,0.0,0.0,battery2_v
2021-01-14T12:00:00Z,30.0,30.0,,,,,95.033,109.0,,,,12.606,12.62,,,,7097.0,7097.0,7097.0,,-5.067,111.833,,,,1.0,,,,,,,,,,1494.0,1523.0,0.0,0.0,30.0,0.0,30.0,0.0,30.0,0.0,0.0,30.0,0.0,0.0,0.0,0.0,0.0,0.0,battery2_v
2021-01-14T13:00:00Z,29.0,29.0,,,,,112.966,133.0,,,,12.602,12.616,,,,7097.0,7097.0,7097.0,,-5.966,104.724,,,,1.0,,,,,,,,,,1524.0,1553.0,0.0,0.0,29.0,0.0,29.0,0.0,29.0,0.0,0.0,29.0,0.0,0.0,0.0,0.0,0.0,0.0,battery2_v
2021-01-14T14:00:00Z,28.0,28.0,,,,,112.643,133.0,,,,12.597,12.611,,,,7097.0,7097.0,7097.0,,-5.107,111.5,,,,1.0,,,,,,,,,,1554.0,1582.0,0.0,0.0,28.0,0.0,28.0,0.0,28.0,0.0,0.0,28.0,0.0,0.0,0.0,0.0,0.0,0.0,battery2_v
2021-01-14T15:00:00Z,29.0,29.0,,,,,137.414,168.0,,,,12.592,12.611,,,,7097.0,7097.0,7097.0,,-4.828,116.172,,,,1.0,,,,,,,,,,1583.0,1612.0,0.0,0.0,29.0,0.0,29.0,0.0,29.0,0.0,0.0,29.0,0.0,0.0,0.0,0.0,0.0,0.0,battery2_v
2021-01-14T16:00:00Z,30.0,30.0,,,,,151.233,168.0,,,,12.587,12.602,,,,7097.0,7097.0,7097.0,,-6.033,107.233,,,,1.0,,,,,,,,,,1613.0,1642.0,0.0,0.0,30.0,0.0,30.0,0.0,30.0,0.0,0.0,30.0,0.0,0.0,0.0,0.0,0.0,0.0,battery2_v
2021-01-14T17:00:00Z,29.0,29.0,,,,,159.897,180.0,,,,12.587,12.602,,,,7097.0,7097.0,7097.0,,-6.034,105.828,,,,1.0,,,,,,,,,,1643.0,1672.0,0.0,0.0,29.0,0.0,29.0,0.0,29.0,0.0,0.0,29.0,0.0,0.0,0.0,0.0,0.0,0.0,battery2_v
2021-01-14T18:00:00Z,30.0,30.0,,,,,171.233,180.0,,,,12.587,12.592,,,,7097.0,7097.0,7097.0,,-5.9,106.067,,,,1.0,,,,,,,,,,1673.0,1702.0,0.0,0.0,30.0,0.0,30.0,0.0,30.0,0.0,0.0,30.0,0.0,0.0,0.0,0.0,0.0,0.0,battery2_v
2021-01-14T19:00:00Z,29.0,29.0,,,,,182.862,203.0,,,,12.583,12.592,,,,7097.0,7097.0,7097.0,,-6.0,105.828,,,,1.0,,,,,,,,,,1703.0,1731.0,0.0,0.0,29.0,0.0,29.0,0.0,29.0,0.0,0.0,29.0,0.0,0.0,0.0,0.0,0.0,0.0,battery2_v
2021-01-14T20:00:00Z,30.0,30.0,,,,,190.533,203.0,,,,12.578,12.587,,,,7097.0,7097.0,7097.0,,-5.7,107.133,,,,1.0,,,,,,,,,,1732.0,1761.0,0.0,0.0,30.0,0.0,30.0,0.0,30.0,0.0,0.0,30.0,0.0,0.0,0.0,0.0,0.0,0.0,battery2_v
2021-01-14T21:00:00Z,29.0,29.0,,,,,198.862,215.0,,,,12.573,12.583,,,,7097.0,7097.0,7097.0,,-5.414,110.31,,,,1.0,,,,,,,,,,1762.0,1791.0,0.0,0.0,29.0,0.0,29.0,0.0,29.0,0.0,0.0,29.0,0.0,0.0,0.0,0.0,0.0,0.0,battery2_v
2021-01-14T22:00:00Z,30.0,30.0,,,,,210.833,285.0,,,,12.573,12.583,,,,7097.0,7097.0,7097.0,,-4.967,115.267,,,,1.0,,,,,,,,,,1792.0,1821.0,0.0,0.0,30.0,0.0,30.0,0.0,30.0,0.0,0.0,30.0,0.0,0.0,0.0,0.0,0.0,0.0,battery2_v
2021-01-14T23:00:00Z,30.0,30.0,,,,,4491.5,13436.0,,,,12.431,12.578,,,,7097.0,7097.0,7097.0,,-16.433,100.0,,,,1.0,,,,,,,,,,1822.0,1851.0,0.0,0.0,30.0,0.0,30.0,0.0,30.0,0.0,6.0,25.0,0.0,0.0,0.0,0.0,0.0,0.0,battery2_v
2021-01-15T00:00:00Z,30.0,30.0,,,,,2800.067,3315.0,,,,12.568,12.578,,,,7097.0,7097.0,7097.0,,-5.5,110.133,,,,1.0,,,,,,,,,,1852.0,1881.0,0.0,0.0,30.0,0.0,30.0,0.0,30.0,0.0,0.0,30.0,0.0,0.0,0.0,0.0,0.0,0.0,battery2_v
2021-01-15T01:00:00Z,30.0,30.0,,,,,10931.833,13225.0,,,,12.564,12.611,,,,7097.0,7097.0,7097.0,,-1.276,109.133,,,,1.0,,,,,,,,,,1882.0,1911.0,0.0,0.0,30.0,0.0,30.0,0.0,30.0,0.0,0.0,30.0,0.0,0.0,0.0,0.0,0.0,0.0,battery2_v
2021-01-15T02:00:00Z,30.0,30.0,,,,,13177.233,13892.0,,,,12.611,12.654,,,,7097.0,7097.0,7097.0,,15.3,116.367,,,,1.0,,,,,,,,,,1912.0,1941.0,0.0,0.0,30.0,0.0,30.0,0.0,30.0,0.0,0.0,30.0,0.0,0.0,0.0,0.0,0.0,0.0,battery2_v
2021-01-15T03:00:00Z,29.0,29.0,,,,,13158.724,13845.0,,,,12.639,12.673,,,,7097.0,7097.0,7097.0,,19.414,113.448,,,,1.0,,,,,,,,,,1942.0,1970.0,0.0,0.0,29.0,0.0,29.0,0.0,29.0,0.0,0.0,29.0,0.0,0.0,0.0,0.0,0.0,0.0,battery2_v
2021-01-15T04:00:00Z,29.0,29.0,,,,,13132.724,13787.0,,,,12.663,12.753,,,,7097.0,7097.0,7097.0,,27.724,113.828,,,,1.0,,,,,,,,,,1972.0,2000.0,0.0,0.0,29.0,0.0,29.0,0.0,29.0,0.0,0.0,29.0,0.0,0.0,0.0,0.0,0.0,0.0,battery2_v
2021-01-15T05:00:00Z,29.0,29.0,,,,,13105.69,13798.0,,,,12.682,12.729,,,,7097.0,7097.0,7097.0,,22.862,102.724,,,,1.0,,,,,,,,,,2001.0,2030.0,0.0,0.0,29.0,0.0,29.0,0.0,29.0,0.0,0.0,29.0,0.0,0.0,0.0,0.0,0.0,0.0,battery2_v
2021-01-15T06:00:00Z,30.0,30.0,,,,,13192.433,13869.0,,,,12.587,12.715,,,,7097.0,7097.0,7097.0,,10.2,82.833,,,,1.0,,,,,,,,,,2031.0,2060.0,0.0,0.0,30.0,0.0,30.0,0.0,30.0,0.0,0.0,30.0,0.0,0.0,0.0,0.0,0.0,0.0,battery2_v
2021-01-15T07:00:00Z,30.0,30.0,,,,,13186.267,13857.0,,,,12.583,12.639,,,,7097.0,7097.0,7097.0,,12.759,108.533,,,,1.0,,,,,,,,,,2061.0,2090.0,0.0,0.0,30.0,0.0,30.0,0.0,30.0,0.0,0.0,30.0,0.0,0.0,0.0,0.0,0.0,0.0,battery2_v
2021-01-15T08:00:00Z,30.0,30.0,,,,,13194.0,13249.0,,,,12.559,12.639,,,,7097.0,7097.0,7097.0,,4.733,113.567,,,,1.0,,,,,,,,,,2091.0,2120.0,0.0,0.0,30.0,0.0,30.0,0.0,30.0,0.0,0.0,30.0,0.0,0.0,0.0,0.0,0.0,0.0,battery2_v
2021-01-15T09:00:00Z,29.0,29.0,,,,,12518.034,13307.0,,,,12.521,12.564,,,,7097.0,7097.0,7097.0,,-14.379,70.828,,,,1.0,,,,,,,,,,2121.0,2150.0,0.0,0.0,29.0,0.0,29.0,0.0,29.0,0.0,0.0,29.0,0.0,0.0,0.0,0.0,0.0,0.0,battery2_v
2021-01-15T10:00:00Z,30.0,30.0,,,,,1960.167,5035.0,,,,12.554,12.564,,,,7097.0,7097.0,7097.0,,-7.567,85.5,,,,1.0,,,,,,,,,,2151.0,2180.0,0.0,0.0,30.0,0.0,30.0,0.0,30.0,0.0,0.0,30.0,0.0,0.0,0.0,0.0,0.0,0.0,battery2_v
2021-01-15T11:00:00Z,30.0,30.0,,,,,268.4,601.0,,,,12.554,12.564,,,,7097.0,7097.0,7097.0,,-7.067,91.067,,,,1.0,,,,,,,,,,2181.0,2210.0,0.0,0.0,30.0,0.0,30.0,0.0,30.0,0.0,0.0,30.0,0.0,0.0,0.0,0.0,0.0,0.0,battery2_v
2021-01-15T12:00:00Z,28.0,28.0,,,,,236.714,262.0,,,,12.545,12.564,,,,7097.0,7097.0,7097.0,,-7.0,95.036,,,,1.0,,,,,,,,,,2211.0,2239.0,0.0,0.0,28.0,0.0,28.0,0.0,28.0,0.0,0.0,28.0,0.0,0.0,0.0,0.0,0.0,0.0,battery2_v
2021-01-15T13:00:00Z,29.0,29.0,,,,,248.31,273.0,,,,12.545,12.559,,,,7097.0,7097.0,7097.0,,-6.931,95.034,,,,1.0,,,,,,,,,,2240.0,2269.0,0.0,0.0,29.0,0.0,29.0,0.0,29.0,0.0,0.0,29.0,0.0,0.0,0.0,0.0,0.0,0.0,battery2_v
2021-01-15T14:00:00Z,26.0,26.0,,,,,258.231,273.0,,,,12.54,12.554,,,,7097.0,7097.0,7097.0,,-6.808,96.154,,,,1.0,,,,,,,,,,2270.0,2298.0,0.0,0.0,26.0,0.0,26.0,0.0,26.0,0.0,0.0,26.0,0.0,0.0,0.0,0.0,0.0,0.0,battery2_v
2021-01-15T15:00:00Z,26.0,26.0,,,,,270.692,297.0,,,,12.535,12.554,,,,7097.0,7097.0,7097.0,,-6.692,96.115,,,,1.0,,,,,,,,,,2300.0,2328.0,0.0,0.0,26.0,0.0,26.0,0.0,26.0,0.0,0.0,26.0,0.0,0.0,0.0,0.0,0.0,0.0,battery2_v
2021-01-15T16:00:00Z,29.0,29.0,,,,,277.655,285.0,,,,12.531,12.545,,,,7097.0,7097.0,7097.0,,-7.0,94.448,,,,1.0,,,,,,,,,,2329.0,2358.0,0.0,0.0,29.0,0.0,29.0,0.0,29.0,0.0,0.0,29.0,0.0,0.0,0.0,0.0,0.0,0.0,battery2_v
2021-01-15T17:00:00Z,30.0,30.0,,,,,285.0,297.0,,,,12.526,12.545,,,,7097.0,7097.0,7097.0,,-6.967,93.6,,,,1.0,,,,,,,,,,2359.0,2388.0,0.0,0.0,30.0,0.0,30.0,0.0,30.0,0.0,0.0,30.0,0.0,0.0,0.0,0.0,0.0,0.0,battery2_v
2021-01-15T18:00:00Z,29.0,29.0,,,,,289.517,308.0,,,,12.526,12.54,,,,7097.0,7097.0,7097.0,,-6.655,98.828,,,,1.0,,,,,,,,,,2389.0,2418.0,0.0,0.0,29.0,0.0,29.0,0.0,29.0,0.0,0.0,29.0,0.0,0.0,0.0,0.0,0.0,0.0,battery2_v
2021-01-15T19:00:00Z,30.0,30.0,,,,,304.533,332.0,,,,12.521,12.535,,,,7097.0,7097.0,7097.0,,-6.5,99.5,,,,1.0,,,,,,,,,,2419.0,2448.0,0.0,0.0,30.0,0.0,30.0,0.0,30.0,0.0,0.0,30.0,0.0,0.0,0.0,0.0,0.0,0.0,battery2_v
2021-01-15T20:00:00Z,28.0,28.0,,,,,306.5,320.0,,,,12.516,12.531,,,,7097.0,7097.0,7097.0,,-6.179,103.821,,,,1.0,,,,,,,,,,2449.0,2477.0,0.0,0.0,28.0,0.0,28.0,0.0,28.0,0.0,0.0,28.0,0.0,0.0,0.0,0.0,0.0,0.0,battery2_v
2021-01-15T21:00:00Z,30.0,30.0,,,,,314.533,332.0,,,,12.512,12.526,,,,7097.0,7097.0,7097.0,,-6.0,105.0,,,,1.0,,,,,,,,,,2478.0,2507.0,0.0,0.0,30.0,0.0,30.0,0.0,30.0,0.0,0.0,30.0,0.0,0.0,0.0,0.0,0.0,0.0,battery2_v
2021-01-15T22:00:00Z,30.0,30.0,,,,,328.233,379.0,,,,12.507,12.521,,,,7097.0,7097.0,7097.0,,-6.0,107.967,,,,1.0,,,,,,,,,,2508.0,2537.0,0.0,0.0,30.0,0.0,30.0,0.0,30.0,0.0,0.0,30.0,0.0,0.0,0.0,0.0,0.0,0.0,battery2_v
2021-01-15T23:00:00Z,30.0,30.0,,,,,4192.4,13506.0,,,,12.374,12.516,,,,7097.0,7097.0,7097.0,,-15.3,95.6,,,,1.0,,,,,,,,,,2538.0,2567.0,0.0,0.0,30.0,0.0,30.0,0.0,30.0,0.0,5.0,25.0,0.0,0.0,0.0,0.0,0.0,0.0,battery2_v
2021-01-16T00:00:00Z,30.0,30.0,,,,,2848.4,3432.0,,,,12.497,12.512,,,,7097.0,7097.0,7097.0,,-6.033,106.633,,,,1.0,,,,,,,,,,2568.0,2597.0,0.0,0.0,30.0,0.0,30.0,0.0,30.0,0.0,0.0,30.0,0.0,0.0,0.0,0.0,0.0,0.0,battery2_v
2021-01-16T01:00:00Z,29.0,29.0,,,,,10987.931,13962.0,,,,12.479,12.535,,,,7097.0,7097.0,7097.0,,-3.964,110.69,,,,1.0,,,,,,,,,,2598.0,2627.0,0.0,0.0,29.0,0.0,29.0,0.0,29.0,0.0,0.0,29.0,0.0,0.0,0.0,0.0,0.0,0.0,battery2_v
2021-01-16T02:00:00Z,30.0,30.0,,,,,13222.767,13354.0,,,,12.488,12.597,,,,7097.0,7097.0,7097.0,,15.433,124.2,,,,1.0,,,,,,,,,,2628.0,2657.0,0.0,0.0,30.0,0.0,30.0,0.0,30.0,0.0,0.0,30.0,0.0,0.0,0.0,0.0,0.0,0.0,battery2_v
2021-01-16T03:00:00Z,30.0,30.0,,,,,13200.133,13927.0,,,,12.568,12.654,,,,7097.0,7097.0,7097.0,,23.4,121.133,,,,1.0,,,,,,,,,,2658.0,2687.0,0.0,0.0,30.0,0.0,30.0,0.0,30.0,0.0,0.0,30.0,0.0,0.0,0.0,0.0,0.0,0.0,battery2_v
2021-01-16T04:00:00Z,29.0,29.0,,,,,13189.172,13272.0,,,,12.554,12.625,,,,7097.0,7097.0,7097.0,,20.793,150.31,,,,1.0,,,,,,,,,,2688.0,2716.0,0.0,0.0,29.0,0.0,29.0,0.0,29.0,0.0,0.0,29.0,0.0,0.0,0.0,0.0,0.0,0.0,battery2_v
2021-01-16T05:00:00Z,29.0,29.0,,,,,13268.655,13927.0,,,,12.54,12.611,,,,7097.0,7097.0,7097.0,,15.0,116.793,,,,1.0,,,,,,,,,,2717.0,2746.0,0.0,0.0,29.0,0.0,29.0,0.0,29.0,0.0,0.0,29.0,0.0,0.0,0.0,0.0,0.0,0.0,battery2_v
2021-01-16T06:00:00Z,30.0,30.0,,,,,13253.2,13939.0,,,,12.54,12.63,,,,7097.0,7097.0,7097.0,,16.9,104.233,,,,1.0,,,,,,,,,,2747.0,2776.0,0.0,0.0,30.0,0.0,30.0,0.0,30.0,0.0,0.0,30.0,0.0,0.0,0.0,0.0,0.0,0.0,battery2_v
2021-01-16T07:00:00Z,30.0,30.0,,,,,13280.867,13927.0,,,,12.497,12.592,,,,7097.0,7097.0,7097.0,,6.793,82.533,,,,1.0,,,,,,,,,,2777.0,2806.0,0.0,0.0,30.0,0.0,30.0,0.0,30.0,0.0,0.0,30.0,0.0,0.0,0.0,0.0,0.0,0.0,battery2_v
2021-01-16T08:00:00Z,30.0,30.0,,,,,13300.467,13354.0,,,,12.488,12.564,,,,7097.0,7097.0,7097.0,,-1.385,68.4,,,,1.0,,,,,,,,,,2807.0,2836.0,0.0,0.0,30.0,0.0,30.0,0.0,30.0,0.0,0.0,29.0,0.0,0.0,0.0,0.0,0.0,0.0,battery2_v
2021-01-16T09:00:00Z,29.0,29.0,,,,,12625.966,13483.0,,,,12.45,12.502,,,,7097.0,7097.0,7097.0,,-14.552,51.69,,,,1.0,,,,,,,,,,2837.0,2866.0,0.0,0.0,29.0,0.0,29.0,0.0,29.0,0.0,0.0,16.0,0.0,0.0,0.0,0.0,0.0,0.0,battery2_v
2021-01-16T10:00:00Z,30.0,30.0,,,,,1995.8,3959.0,,,,12.483,12.497,,,,7097.0,7097.0,7097.0,,-8.933,67.067,,,,1.0,,,,,,,,,,2867.0,2896.0,0.0,0.0,30.0,0.0,30.0,0.0,30.0,0.0,0.0,30.0,0.0,0.0,0.0,0.0,0.0,0.0,battery2_v
2021-01-16T11:00:00Z,28.0,28.0,,,,,408.75,706.0,,,,12.479,12.493,,,,7097.0,7097.0,7097.0,,-8.357,75.107,,,,1.0,,,,,,,,,,2897.0,2925.0,0.0,0.0,28.0,0.0,28.0,0.0,28.0,0.0,0.0,28.0,0.0,0.0,0.0,0.0,0.0,0.0,battery2_v
2021-01-16T12:00:00Z,30.0,30.0,,,,,385.733,414.0,,,,12.479,12.493,,,,7097.0,7097.0,7097.0,,-8.133,77.867,,,,1.0,,,,,,,,,,2926.0,2955.0,0.0,0.0,30.0,0.0,30.0,0.0,30.0,0.0,0.0,30.0,0.0,0.0,0.0,0.0,0.0,0.0,battery2_v
2021-01-16T13:00:00Z,27.0,27.0,,,,,399.778,414.0,,,,12.474,12.483,,,,7097.0,7097.0,7097.0,,-7.963,83.0,,,,1.0,,,,,,,,,,2956.0,2985.0,0.0,0.0,27.0,0.0,27.0,0.0,27.0,0.0,0.0,27.0,0.0,0.0,0.0,0.0,0.0,0.0,battery2_v
2021-01-16T14:00:00Z,25.0,25.0,,,,,404.4,414.0,,,,12.474,12.488,,,,7097.0,7097.0,7097.0,,-7.8,83.88,,,,1.0,,,,,,,,,,2986.0,3013.0,0.0,0.0,25.0,0.0,25.0,0.0,25.0,0.0,0.0,25.0,0.0,0.0,0.0,0.0,0.0,0.0,battery2_v
2021-01-16T15:00:00Z,30.0,30.0,,,,,408.733,425.0,,,,12.469,12.483,,,,7097.0,7097.0,7097.0,,-7.433,87.4,,,,1.0,,,,,,,,,,3015.0,3044.0,0.0,0.0,30.0,0.0,30.0,0.0,30.0,0.0,0.0,30.0,0.0,0.0,0.0,0.0,0.0,0.0,battery2_v
2021-01-16T16:00:00Z,30.0,30.0,,,,,415.8,425.0,,,,12.464,12.479,,,,7097.0,7097.0,7097.0,,-7.267,89.633,,,,1.0,,,,,,,,,,3045.0,3074.0,0.0,0.0,30.0,0.0,30.0,0.0,30.0,0.0,0.0,30.0,0.0,0.0,0.0,0.0,0.0,0.0,battery2_v
2021-01-16T17:00:00Z,30.0,30.0,,,,,420.633,437.0,,,,12.464,12.474,,,,7097.0,7097.0,7097.0,,-7.233,90.433,,,,1.0,,,,,,,,,,3075.0,3104.0,0.0,0.0,30.0,0.0,30.0,0.0,30.0,0.0,0.0,30.0,0.0,0.0,0.0,0.0,0.0,0.0,battery2_v
2021-01-16T18:00:00Z,30.0,30.0,,,,,429.4,437.0,,,,12.455,12.469,,,,7097.0,7097.0,7097.0,,-7.167,91.633,,,,1.0,,,,,,,,,,3105.0,3134.0,0.0,0.0,30.0,0.0,30.0,0.0,30.0,0.0,0.0,30.0,0.0,0.0,0.0,0.0,0.0,0.0,battery2_v
2021-01-16T19:00:00Z,30.0,30.0,,,,,434.2,449.0,,,,12.455,12.469,,,,7097.0,7097.0,7097.0,,-7.0,94.5,,,,1.0,,,,,,,,,,3135.0,3164.0,0.0,0.0,30.0,0.0,30.0,0.0,30.0,0.0,0.0,30.0,0.0,0.0,0.0,0.0,0.0,0.0,battery2_v
2021-01-16T20:00:00Z,29.0,29.0,,,,,440.31,449.0,,,,12.45,12.464,,,,7097.0,7097.0,7097.0,,-6.69,97.931,,,,1.0,,,,,,,,,,3165.0,3194.0,0.0,0.0,29.0,0.0,29.0,0.0,29.0,0.0,0.0,29.0,0.0,0.0,0.0,0.0,0.0,0.0,battery2_v
2021-01-16T21:00:00Z,29.0,29.0,,,,,444.345,460.0,,,,12.445,12.464,,,,7097.0,7097.0,7097.0,,-6.379,103.034,,,,1.0,,,,,,,,,,3195.0,3223.0,0.0,0.0,29.0,0.0,29.0,0.0,29.0,0.0,0.0,29.0,0.0,0.0,0.0,0.0,0.0,0.0,battery2_v
2021-01-16T22:00:00Z,29.0,29.0,,,,,455.207,496.0,,,,12.445,12.46,,,,7097.0,7097.0,7097.0,,-6.31,104.379,,,,1.0,,,,,,,,,,3224.0,3253.0,0.0,0.0,29.0,0.0,29.0,0.0,29.0,0.0,0.0,29.0,0.0,0.0,0.0,0.0,0.0,0.0,battery2_v
2021-01-16T23:00:00Z,30.0,30.0,,,,,4941.9,13564.0,,,,12.318,12.455,,,,7097.0,7097.0,7097.0,,-15.5,92.533,,,,1.0,,,,,,,,,,3254.0,3283.0,0.0,0.0,30.0,0.0,30.0,0.0,30.0,0.0,5.0,25.0,0.0,0.0,0.0,0.0,0.0,0.0,battery2_v
2021-01-17T00:00:00Z,30.0,30.0,,,,,2924.067,3444.0,,,,12.436,12.445,,,,7097.0,7097.0,7097.0,,-6.467,100.667,,,,1.0,,,,,,,,,,3284.0,3313.0,0.0,0.0,30.0,0.0,30.0,0.0,30.0,0.0,0.0,30.0,0.0,0.0,0.0,0.0,0.0,0.0,battery2_v
2021-01-17T01:00:00Z,29.0,29.0,,,,,11064.69,13845.0,,,,12.436,12.469,,,,7097.0,7097.0,7097.0,,-2.296,100.276,,,,1.0,,,,,,,,,,3314.0,3343.0,0.0,0.0,29.0,0.0,29.0,0.0,29.0,0.0,0.0,29.0,0.0,0.0,0.0,0.0,0.0,0.0,battery2_v
2021-01-17T02:00:00Z,29.0,29.0,,,,,13363.172,13412.0,,,,12.46,12.512,,,,7097.0,7097.0,7097.0,,7.379,95.31,,,,1.0,,,,,,,,,,3345.0,3373.0,0.0,0.0,29.0,0.0,29.0,0.0,29.0,0.0,0.0,29.0,0.0,0.0,0.0,0.0,0.0,0.0,battery2_v
2021-01-17T03:00:00Z,30.0,30.0,,,,,13337.267,13354.0,,,,12.497,12.507,,,,7097.0,7097.0,7097.0,,10.8,89.367,,,,1.0,,,,,,,,,,3374.0,3403.0,0.0,0.0,30.0,0.0,30.0,0.0,30.0,0.0,0.0,30.0,0.0,0.0,0.0,0.0,0.0,0.0,battery2_v
2021-01-17T04:00:00Z,29.0,29.0,,,,,13368.414,13401.0,,,,12.469,12.502,,,,7097.0,7097.0,7097.0,,5.241,75.897,,,,1.0,,,,,,,,,,3404.0,3432.0,0.0,0.0,29.0,0.0,29.0,0.0,29.0,0.0,0.0,29.0,0.0,0.0,0.0,0.0,0.0,0.0,battery2_v
2021-01-17T05:00:00Z,30.0,30.0,,,,,13425.3,14021.0,,,,12.455,12.469,,,,7097.0,7097.0,7097.0,,0.6,65.133,,,,1.0,,,,,,,,,,3433.0,3462.0,0.0,0.0,30.0,0.0,30.0,0.0,30.0,0.0,0.0,28.0,0.0,0.0,0.0,0.0,0.0,0.0,battery2_v
2021-01-17T06:00:00Z,28.0,28.0,,,,,13408.607,14032.0,,,,12.431,12.521,,,,7097.0,7097.0,7097.0,,3.815,63.357,,,,1.0,,,,,,,,,,3463.0,3492.0,0.0,0.0,28.0,0.0,28.0,0.0,28.0,0.0,0.0,25.0,0.0,0.0,0.0,0.0,0.0,0.0,battery2_v
2021-01-17T07:00:00Z,29.0,29.0,,,,,13387.793,14009.0,,,,12.427,12.573,,,,7097.0,7097.0,7097.0,,8.929,64.172,,,,1.0,,,,,,,,,,3493.0,3522.0,0.0,0.0,29.0,0.0,29.0,0.0,29.0,0.0,0.0,23.0,0.0,0.0,0.0,0.0,0.0,0.0,battery2_v
2021-01-17T08:00:00Z,27.0,27.0,,,,,13422.704,13494.0,,,,12.398,12.526,,,,7097.0,7097.0,7097.0,,-5.963,41.185,,,,1.0,,,,,,,,,,3523.0,3551.0,0.0,0.0,27.0,0.0,27.0,0.0,27.0,0.0,0.0,8.0,0.0,0.0,0.0,0.0,0.0,0.0,battery2_v
2021-01-17T09:00:00Z,30.0,30.0,,,,,12008.467,13506.0,,,,12.389,12.441,,,,7097.0,7097.0,7097.0,,-16.0,34.2,,,,1.0,,,,,,,,,,3552.0,3581.0,0.0,0.0,30.0,0.0,30.0,0.0,30.0,0.0,0.0,1.0,0.0,0.0,0.0,0.0,0.0,0.0,battery2_v
2021-01-17T10:00:00Z,29.0,29.0,,,,,2423.276,5152.0,,,,12.422,12.431,,,,7097.0,7097.0,7097.0,,-9.862,56.414,,,,1.0,,,,,,,,,,3582.0,3611.0,0.0,0.0,29.0,0.0,29.0,0.0,29.0,0.0,0.0,24.0,0.0,0.0,0.0,0.0,0.0,0.0,battery2_v
2021-01-17T11:00:00Z,30.0,30.0,,,,,561.967,999.0,,,,12.417,12.431,,,,7097.0,7097.0,7097.0,,-9.3,62.367,,,,1.0,,,,,,,,,,3612.0,3641.0,0.0,0.0,30.0,0.0,30.0,0.0,30.0,0.0,0.0,28.0,0.0,0.0,0.0,0.0,0.0,0.0,battery2_v
2021-01-17T12:00:00Z,29.0,29.0,,,,,519.0,531.0,,,,12.412,12.422,,,,7097.0,7097.0,7097.0,,-8.966,68.897,,,,1.0,,,,,,,,,,3642.0,3671.0,0.0,0.0,29.0,0.0,29.0,0.0,29.0,0.0,0.0,29.0,0.0,0.0,0.0,0.0,0.0,0.0,battery2_v
2021-01-17T13:00:00Z,27.0,27.0,,,,,532.481,542.0,,,,12.408,12.422,,,,7097.0,7097.0,7097.0,,-8.741,68.037,,,,1.0,,,,,,,,,,3672.0,3700.0,0.0,0.0,27.0,0.0,27.0,0.0,27.0,0.0,0.0,27.0,0.0,0.0,0.0,0.0,0.0,0.0,battery2_v
2021-01-17T14:00:00Z,29.0,29.0,,,,,537.103,554.0,,,,12.408,12.417,,,,7097.0,7097.0,7097.0,,-8.345,74.483,,,,1.0,,,,,,,,,,3701.0,3730.0,0.0,0.0,29.0,0.0,29.0,0.0,29.0,0.0,0.0,29.0,0.0,0.0,0.0,0.0,0.0,0.0,battery2_v
2021-01-17T15:00:00Z,30.0,30.0,,,,,545.333,566.0,,,,12.403,12.417,,,,7097.0,7097.0,7097.0,,-8.267,75.733,,,,1.0,,,,,,,,,,3731.0,3760.0,0.0,0.0,30.0,0.0,30.0,0.0,30.0,0.0,0.0,30.0,0.0,0.0,0.0,0.0,0.0,0.0,battery2_v
2021-01-17T16:00:00Z,30.0,30.0,,,,,547.633,566.0,,,,12.398,12.417,,,,7097.0,7097.0,7097.0,,-7.9,83.233,,,,1.0,,,,,,,,,,3761.0,3790.0,0.0,0.0,30.0,0.0,30.0,0.0,30.0,0.0,0.0,30.0,0.0,0.0,0.0,0.0,0.0,0.0,battery2_v
2021-01-17T17:00:00Z,30.0,30.0,,,,,557.533,577.0,,,,12.398,12.408,,,,7097.0,7097.0,7097.0,,-7.8,87.933,,,,1.0,,,,,,,,,,3791.0,3820.0,0.0,0.0,30.0,0.0,30.0,0.0,30.0,0.0,0.0,30.0,0.0,0.0,0.0,0.0,0.0,0.0,battery2_v
2021-01-17T18:00:00Z,26.0,26.0,,,,,568.038,577.0,,,,12.398,12.408,,,,7097.0,7097.0,7097.0,,-7.538,88.808,,,,1.0,,,,,,,,,,3821.0,3849.0,0.0,0.0,26.0,0.0,26.0,0.0,26.0,0.0,0.0,26.0,0.0,0.0,0.0,0.0,0.0,0.0,battery2_v
2021-01-17T19:00:00Z,30.0,30.0,,,,,577.2,589.0,,,,12.393,12.408,,,,7097.0,7097.0,7097.0,,-6.833,98.7,,,,1.0,,,,,,,,,,3850.0,3879.0,0.0,0.0,30.0,0.0,30.0,0.0,30.0,0.0,0.0,30.0,0.0,0.0,0.0,0.0,0.0,0.0,battery2_v
2021-01-17T20:00:00Z,28.0,28.0,,,,,587.714,601.0,,,,12.393,12.403,,,,7097.0,7097.0,7097.0,,-6.429,102.679,,,,1.0,,,,,,,,,,3880.0,3909.0,0.0,0.0,28.0,0.0,28.0,0.0,28.0,0.0,0.0,28.0,0.0,0.0,0.0,0.0,0.0,0.0,battery2_v
2021-01-17T21:00:00Z,27.0,27.0,,,,,597.444,613.0,,,,12.384,12.398,,,,7097.0,7097.0,7097.0,,-6.185,104.111,,,,1.0,,,,,,,,,,3910.0,3938.0,0.0,0.0,27.0,0.0,27.0,0.0,27.0,0.0,0.0,27.0,0.0,0.0,0.0,0.0,0.0,0.0,battery2_v
2021-01-17T22:00:00Z,30.0,30.0,,,,,602.9,648.0,,,,12.379,12.398,,,,7097.0,7097.0,7097.0,,-5.833,112.067,,,,1.0,,,,,,,,,,3939.0,3968.0,0.0,0.0,30.0,0.0,30.0,0.0,30.0,0.0,0.0,30.0,0.0,0.0,0.0,0.0,0.0,0.0,battery2_v
2021-01-17T23:00:00Z,29.0,29.0,,,,,4566.69,13646.0,,,,12.247,12.389,,,,7097.0,7097.0,7097.0,,-15.586,97.0,,,,1.0,,,,,,,,,,3969.0,3998.0,0.0,0.0,29.0,0.0,29.0,0.0,29.0,0.0,5.0,24.0,0.0,0.0,0.0,0.0,0.0,0.0,battery2_v
2021-01-18T00:00:00Z,27.0,27.0,,,,,3484.815,4006.0,,,,12.37,12.384,,,,7097.0,7097.0,7097.0,,-6.037,108.259,,,,1.0,,,,,,,,,,3999.0,4027.0,0.0,0.0,27.0,0.0,27.0,0.0,27.0,0.0,0.0,27.0,0.0,0.0,0.0,0.0,0.0,0.0,battery2_v
2021-01-18T01:00:00Z,30.0,30.0,,,,,8343.2,13518.0,,,,12.365,12.393,,,,7097.0,7097.0,7097.0,,-4.929,102.3,,,,1.0,,,,,,,,,,4028.0,4057.0,0.0,0.0,30.0,0.0,30.0,0.0,30.0,0.0,0.0,30.0,0.0,0.0,0.0,0.0,0.0,0.0,battery2_v
2021-01-18T02:00:00Z,30.0,30.0,,,,,13487.6,14103.0,,,,12.398,12.436,,,,7097.0,7097.0,7097.0,,7.967,106.6,,,,1.0,,,,,,,,,,4058.0,4087.0,0.0,0.0,30.0,0.0,30.0,0.0,30.0,0.0,0.0,30.0,0.0,0.0,0.0,0.0,0.0,0.0,battery2_v
2021-01-18T03:00:00Z,30.0,30.0,,,,,13463.7,14079.0,,,,12.427,12.441,,,,7097.0,7097.0,7097.0,,11.967,101.967,,,,1.0,,,,,,,,,,4088.0,4117.0,0.0,0.0,30.0,0.0,30.0,0.0,30.0,0.0,0.0,30.0,0.0,0.0,0.0,0.0,0.0,0.0,battery2_v
2021-01-18T04:00:00Z,30.0,30.0,,,,,13470.0,13506.0,,,,12.384,12.441,,,,7097.0,7097.0,7097.0,,6.393,86.767,,,,1.0,,,,,,,,,,4118.0,4147.0,0.0,0.0,30.0,0.0,30.0,0.0,30.0,0.0,0.0,30.0,0.0,0.0,0.0,0.0,0.0,0.0,battery2_v
2021-01-18T05:00:00Z,30.0,30.0,,,,,13495.467,13518.0,,,,12.37,12.417,,,,7097.0,7097.0,7097.0,,0.31,74.4,,,,1.0,,,,,,,,,,4148.0,4177.0,0.0,0.0,30.0,0.0,30.0,0.0,30.0,0.0,0.0,30.0,0.0,0.0,0.0,0.0,0.0,0.0,battery2_v
2021-01-18T06:00:00Z,30.0,30.0,,,,,13513.1,14103.0,,,,12.365,12.417,,,,7097.0,7097.0,7097.0,,1.9,83.267,,,,1.0,,,,,,,,,,4178.0,4207.0,0.0,0.0,30.0,0.0,30.0,0.0,30.0,0.0,0.0,30.0,0.0,0.0,0.0,0.0,0.0,0.0,battery2_v
2021-01-18T07:00:00Z,30.0,30.0,,,,,13480.967,13541.0,,,,12.341,12.479,,,,7097.0,7097.0,7097.0,,2.4,69.567,,,,1.0,,,,,,,,,,4208.0,4237.0,0.0,0.0,30.0,0.0,30.0,0.0,30.0,0.0,0.0,23.0,0.0,0.0,0.0,0.0,0.0,0.0,battery2_v
2021-01-18T08:00:00Z,30.0,30.0,,,,,13528.5,14114.0,,,,12.351,12.469,,,,7097.0,7097.0,7097.0,,0.367,60.8,,,,1.0,,,,,,,,,,4238.0,4267.0,0.0,0.0,30.0,0.0,30.0,0.0,30.0,0.0,0.0,19.0,0.0,0.0,0.0,0.0,0.0,0.0,battery2_v
2021-01-18T09:00:00Z,29.0,29.0,,,,,13540.207,13564.0,,,,12.322,12.365,,,,7097.0,7097.0,7097.0,,-16.276,38.759,,,,1.0,,,,,,,,,,4268.0,4296.0,0.0,0.0,29.0,0.0,29.0,0.0,29.0,0.0,0.0,1.0,0.0,0.0,0.0,0.0,0.0,0.0,battery2_v
2021-01-18T10:00:00Z,30.0,30.0,,,,,6969.2,13564.0,,,,12.318,12.36,,,,7097.0,7097.0,7097.0,,-15.0,44.6,,,,1.0,,,,,,,,,,4297.0,4326.0,0.0,0.0,30.0,0.0,30.0,0.0,30.0,0.0,0.0,12.0,0.0,0.0,0.0,0.0,0.0,0.0,battery2_v
2021-01-18T11:00:00Z,30.0,30.0,,,,,769.533,2251.0,,,,12.346,12.36,,,,7097.0,7097.0,7097.0,,-9.233,63.533,,,,1.0,,,,,,,,,,4327.0,4356.0,0.0,0.0,30.0,0.0,30.0,0.0,30.0,0.0,0.0,28.0,0.0,0.0,0.0,0.0,0.0,0.0,battery2_v
2021-01-18T12:00:00Z,30.0,30.0,,,,,663.8,671.0,,,,12.341,12.356,,,,7097.0,7097.0,7097.0,,-8.733,73.867,,,,1.0,,,,,,,,,,4357.0,4386.0,0.0,0.0,30.0,0.0,30.0,0.0,30.0,0.0,0.0,30.0,0.0,0.0,0.0,0.0,0.0,0.0,battery2_v
2021-01-18T13:00:00Z,28.0,28.0,,,,,682.321,694.0,,,,12.337,12.351,,,,7097.0,7097.0,7097.0,,-8.25,75.429,,,,1.0,,,,,,,,,,4387.0,4416.0,0.0,0.0,28.0,0.0,28.0,0.0,28.0,0.0,0.0,28.0,0.0,0.0,0.0,0.0,0.0,0.0,battery2_v
2021-01-18T14:00:00Z,29.0,29.0,,,,,687.966,706.0,,,,12.332,12.346,,,,7097.0,7097.0,7097.0,,-8.448,75.034,,,,1.0,,,,,,,,,,4417.0,4445.0,0.0,0.0,29.0,0.0,29.0,0.0,29.0,0.0,0.0,29.0,0.0,0.0,0.0,0.0,0.0,0.0,battery2_v
2021-01-18T15:00:00Z,29.0,29.0,,,,,687.069,694.0,,,,12.332,12.346,,,,7097.0,7097.0,7097.0,,-8.207,78.897,,,,1.0,,,,,,,,,,4446.0,4475.0,0.0,0.0,29.0,0.0,29.0,0.0,29.0,0.0,0.0,29.0,0.0,0.0,0.0,0.0,0.0,0.0,battery2_v
2021-01-18T16:00:00Z,30.0,30.0,,,,,688.867,706.0,,,,12.332,12.346,,,,7097.0,7097.0,7097.0,,-7.933,82.7,,,,1.0,,,,,,,,,,4476.0,4505.0,0.0,0.0,30.0,0.0,30.0,0.0,30.0,0.0,0.0,30.0,0.0,0.0,0.0,0.0,0.0,0.0,battery2_v
2021-01-18T17:00:00Z,30.0,30.0,,,,,704.8,718.0,,,,12.327,12.337,,,,7097.0,7097.0,7097.0,,-7.9,85.567,,,,1.0,,,,,,,,,,4506.0,4535.0,0.0,0.0,30.0,0.0,30.0,0.0,30.0,0.0,0.0,30.0,0.0,0.0,0.0,0.0,0.0,0.0,battery2_v
2021-01-18T18:00:00Z,29.0,29.0,,,,,712.621,730.0,,,,12.322,12.337,,,,7097.0,7097.0,7097.0,,-7.241,92.069,,,,1.0,,,,,,,,,,4536.0,4564.0,0.0,0.0,29.0,0.0,29.0,0.0,29.0,0.0,0.0,29.0,0.0,0.0,0.0,0.0,0.0,0.0,battery2_v
2021-01-18T19:00:00Z,29.0,29.0,,,,,716.345,730.0,,,,12.322,12.332,,,,7097.0,7097.0,7097.0,,-6.862,99.345,,,,1.0,,,,,,,,,,4566.0,4594.0,0.0,0.0,29.0,0.0,29.0,0.0,29.0,0.0,0.0,29.0,0.0,0.0,0.0,0.0,0.0,0.0,battery2_v
2021-01-18T20:00:00Z,30.0,30.0,,,,,730.5,741.0,,,,12.318,12.332,,,,7097.0,7097.0,7097.0,,-6.667,100.367,,,,1.0,,,,,,,,,,4595.0,4624.0,0.0,0.0,30.0,0.0,30.0,0.0,30.0,0.0,0.0,30.0,0.0,0.0,0.0,0.0,0.0,0.0,battery2_v
2021-01-18T21:00:00Z,29.0,29.0,,,,,739.69,753.0,,,,12.313,12.327,,,,7097.0,7097.0,7097.0,,-6.414,102.793,,,,1.0,,,,,,,,,,4625.0,4654.0,0.0,0.0,29.0,0.0,29.0,0.0,29.0,0.0,0.0,29.0,0.0,0.0,0.0,0.0,0.0,0.0,battery2_v
2021-01-18T22:00:00Z,30.0,30.0,,,,,751.733,788.0,,,,12.308,12.322,,,,7097.0,7097.0,7097.0,,-6.033,108.533,,,,1.0,,,,,,,,,,4655.0,4684.0,0.0,0.0,30.0,0.0,30.0,0.0,30.0,0.0,0.0,30.0,0.0,0.0,0.0,0.0,0.0,0.0,battery2_v
2021-01-18T23:00:00Z,30.0,30.0,,,,,4387.333,13728.0,,,,12.181,12.341,,,,7097.0,7097.0,7097.0,,-10.567,110.033,,,,0.567,,,,,,,,,,4685.0,4714.0,0.0,0.0,30.0,0.0,30.0,0.0,30.0,0.0,4.0,29.0,0.0,0.0,0.0,0.0,0.0,0.0,battery2_v
2021-01-19T00:00:00Z,29.0,29.0,,,,,3496.0,3853.0,,,,12.332,12.346,,,,7097.0,7097.0,7097.0,,1.414,135.31,,,,0.0,,,,,,,,,,4715.0,4744.0,0.0,0.0,29.0,0.0,29.0,0.0,29.0,0.0,0.0,29.0,0.0,0.0,0.0,0.0,0.0,0.0,battery2_v
2021-01-19T01:00:00Z,27.0,27.0,,,,,12505.741,14149.0,,,,12.332,12.351,,,,7097.0,7097.0,7097.0,,2.815,131.185,,,,0.0,,,,,,,,,,4745.0,4773.0,0.0,0.0,27.0,0.0,27.0,0.0,27.0,0.0,0.0,27.0,0.0,0.0,0.0,0.0,0.0,0.0,battery2_v
2021-01-19T02:00:00Z,30.0,30.0,,,,,13485.667,14138.0,,,,12.351,12.474,,,,7097.0,7097.0,7097.0,,27.767,145.933,,,,0.0,,,,,,,,,,4774.0,4803.0,0.0,0.0,30.0,0.0,30.0,0.0,30.0,0.0,0.0,30.0,0.0,0.0,0.0,0.0,0.0,0.0,battery2_v
2021-01-19T03:00:00Z,30.0,30.0,,,,,13347.133,13974.0,,,,12.464,12.54,,,,7097.0,7097.0,7097.0,,38.933,150.067,,,,0.0,,,,,,,,,,4804.0,4833.0,0.0,0.0,30.0,0.0,30.0,0.0,30.0,0.0,1.0,30.0,0.0,0.0,0.0,0.0,0.0,0.0,battery2_v
2021-01-19T04:00:00Z,30.0,30.0,,,,,13250.4,13915.0,,,,12.483,12.611,,,,7097.0,7097.0,7097.0,,46.567,150.467,,,,0.0,,,,,,,,,,4834.0,4863.0,0.0,0.0,30.0,0.0,30.0,0.0,30.0,0.0,14.0,30.0,0.0,0.0,0.0,0.0,0.0,0.0,battery2_v
2021-01-19T05:00:00Z,29.0,29.0,,,,,13361.897,14021.0,,,,12.45,12.521,,,,7097.0,7097.0,7097.0,,23.897,125.414,,,,0.0,,,,,,,,,,4864.0,4893.0,0.0,0.0,29.0,0.0,29.0,0.0,29.0,0.0,0.0,29.0,0.0,0.0,0.0,0.0,0.0,0.0,battery2_v
2021-01-19T06:00:00Z,30.0,30.0,,,,,13425.867,14044.0,,,,12.412,12.521,,,,7097.0,7097.0,7097.0,,15.333,113.333,,,,0.0,,,,,,,,,,4894.0,4923.0,0.0,0.0,30.0,0.0,30.0,0.0,30.0,0.0,0.0,30.0,0.0,0.0,0.0,0.0,0.0,0.0,battery2_v
2021-01-19T07:00:00Z,29.0,29.0,,,,,13452.621,14079.0,,,,12.412,12.46,,,,7097.0,7097.0,7097.0,,16.897,111.276,,,,0.0,,,,,,,,,,4924.0,4952.0,0.0,0.0,29.0,0.0,29.0,0.0,29.0,0.0,0.0,29.0,0.0,0.0,0.0,0.0,0.0,0.0,battery2_v
2021-01-19T08:00:00Z,30.0,30.0,,,,,13329.3,13529.0,,,,12.36,12.45,,,,7097.0,7097.0,7097.0,,6.433,126.067,,,,0.0,,,,,,,,,,4953.0,4982.0,0.0,0.0,30.0,0.0,30.0,0.0,30.0,0.0,0.0,30.0,0.0,0.0,0.0,0.0,0.0,0.0,battery2_v
2021-01-19T09:00:00Z,30.0,30.0,,,,,12714.267,13564.0,,,,12.304,12.36,,,,7097.0,7097.0,7097.0,,-7.963,91.133,,,,0.0,,,,,,,,,,4983.0,5012.0,0.0,0.0,30.0,0.0,30.0,0.0,30.0,0.0,0.0,30.0,0.0,0.0,0.0,0.0,0.0,0.0,battery2_v
2021-01-19T10:00:00Z,30.0,30.0,,,,,7242.433,13588.0,,,,12.294,12.341,,,,7097.0,7097.0,7097.0,,-7.8,90.333,,,,0.0,,,,,,,,,,5013.0,5042.0,0.0,0.0,30.0,0.0,30.0,0.0,30.0,0.0,0.0,30.0,0.0,0.0,0.0,0.0,0.0,0.0,battery2_v
2021-01-19T11:00:00Z,30.0,30.0,,,,,740.967,1010.0,,,,12.332,12.341,,,,7097.0,7097.0,7097.0,,0.857,121.167,,,,0.0,,,,,,,,,,5043.0,5072.0,0.0,0.0,30.0,0.0,30.0,0.0,30.0,0.0,0.0,30.0,0.0,0.0,0.0,0.0,0.0,0.0,battery2_v
2021-01-19T12:00:00Z,26.0,26.0,,,,,728.038,741.0,,,,12.327,12.337,,,,7097.0,7097.0,7097.0,,1.423,135.462,,,,0.0,,,,,,,,,,5073.0,5101.0,0.0,0.0,26.0,0.0,26.0,0.0,26.0,0.0,0.0,26.0,0.0,0.0,0.0,0.0,0.0,0.0,battery2_v
2021-01-19T13:00:00Z,29.0,29.0,,,,,731.759,741.0,,,,12.322,12.337,,,,7097.0,7097.0,7097.0,,0.069,119.483,,,,0.0,,,,,,,,,,5102.0,5131.0,0.0,0.0,29.0,0.0,29.0,0.0,29.0,0.0,0.0,29.0,0.0,0.0,0.0,0.0,0.0,0.0,battery2_v
2021-01-19T14:00:00Z,29.0,29.0,,,,,733.793,741.0,,,,12.318,12.327,,,,7097.0,7097.0,7097.0,,0.0,118.0,,,,0.0,,,,,,,,,,5132.0,5160.0,0.0,0.0,29.0,0.0,29.0,0.0,29.0,0.0,0.0,29.0,0.0,0.0,0.0,0.0,0.0,0.0,battery2_v
2021-01-19T15:00:00Z,30.0,30.0,,,,,740.533,765.0,,,,12.318,12.327,,,,7097.0,7097.0,7097.0,,0.033,120.367,,,,0.0,,,,,,,,,,5161.0,5190.0,0.0,0.0,30.0,0.0,30.0,0.0,30.0,0.0,0.0,30.0,0.0,0.0,0.0,0.0,0.0,0.0,battery2_v
2021-01-19T16:00:00Z,30.0,30.0,,,,,738.067,753.0,,,,12.313,12.327,,,,7097.0,7097.0,7097.0,,0.033,121.333,,,,0.0,,,,,,,,,,5191.0,5220.0,0.0,0.0,30.0,0.0,30.0,0.0,30.0,0.0,0.0,30.0,0.0,0.0,0.0,0.0,0.0,0.0,battery2_v
2021-01-19T17:00:00Z,30.0,30.0,,,,,744.3,753.0,,,,12.313,12.322,,,,7097.0,7097.0,7097.0,,0.1,122.1,,,,0.0,,,,,,,,,,5221.0,5250.0,0.0,0.0,30.0,0.0,30.0,0.0,30.0,0.0,0.0,30.0,0.0,0.0,0.0,0.0,0.0,0.0,battery2_v
2021-01-19T18:00:00Z,30.0,30.0,,,,,748.667,765.0,,,,12.308,12.322,,,,7097.0,7097.0,7097.0,,0.233,123.7,,,,0.0,,,,,,,,,,5251.0,5280.0,0.0,0.0,30.0,0.0,30.0,0.0,30.0,0.0,0.0,30.0,0.0,0.0,0.0,0.0,0.0,0.0,battery2_v
2021-01-19T19:00:00Z,30.0,30.0,,,,,755.4,765.0,,,,12.308,12.322,,,,7097.0,7097.0,7097.0,,0.667,126.767,,,,0.0,,,,,,,,,,5281.0,5310.0,0.0,0.0,30.0,0.0,30.0,0.0,30.0,0.0,0.0,30.0,0.0,0.0,0.0,0.0,0.0,0.0,battery2_v
2021-01-19T20:00:00Z,28.0,28.0,,,,,767.321,788.0,,,,12.304,12.313,,,,7097.0,7097.0,7097.0,,0.5,127.393,,,,0.0,,,,,,,,,,5311.0,5339.0,0.0,0.0,28.0,0.0,28.0,0.0,28.0,0.0,0.0,28.0,0.0,0.0,0.0,0.0,0.0,0.0,battery2_v
2021-01-19T21:00:00Z,29.0,29.0,,,,,787.172,800.0,,,,12.304,12.313,,,,7097.0,7097.0,7097.0,,0.759,130.0,,,,0.0,,,,,,,,,,5340.0,5369.0,0.0,0.0,29.0,0.0,29.0,0.0,29.0,0.0,0.0,29.0,0.0,0.0,0.0,0.0,0.0,0.0,battery2_v
2021-01-19T22:00:00Z,29.0,29.0,,,,,794.517,835.0,,,,12.294,12.308,,,,7097.0,7097.0,7097.0,,0.828,128.897,,,,0.0,,,,,,,,,,5370.0,5399.0,0.0,0.0,29.0,0.0,29.0,0.0,29.0,0.0,0.0,29.0,0.0,0.0,0.0,0.0,0.0,0.0,battery2_v
2021-01-19T23:00:00Z,30.0,30.0,,,,,4710.633,13740.0,,,,12.162,12.308,,,,7097.0,7097.0,7097.0,,-8.5,118.4,,,,0.0,,,,,,,,,,5400.0,5429.0,0.0,0.0,30.0,0.0,30.0,0.0,30.0,0.0,5.0,30.0,0.0,0.0,0.0,0.0,0.0,0.0,battery2_v
2021-01-20T00:00:00Z,29.0,29.0,,,,,3466.103,3912.0,,,,12.289,12.304,,,,7097.0,7097.0,7097.0,,0.897,128.31,,,,0.0,,,,,,,,,,5430.0,5459.0,0.0,0.0,29.0,0.0,29.0,0.0,29.0,0.0,0.0,29.0,0.0,0.0,0.0,0.0,0.0,0.0,battery2_v
2021-01-20T01:00:00Z,30.0,30.0,,,,,12613.1,14149.0,,,,12.289,12.327,,,,7097.0,7097.0,7097.0,,3.31,124.867,,,,0.0,,,,,,,,,,5460.0,5489.0,0.0,0.0,30.0,0.0,30.0,0.0,30.0,0.0,0.0,30.0,0.0,0.0,0.0,0.0,0.0,0.0,battery2_v
2021-01-20T02:00:00Z,29.0,29.0,,,,,13579.379,14185.0,,,,12.327,12.37,,,,7097.0,7097.0,7097.0,,14.897,125.586,,,,0.0,,,,,,,,,,5490.0,5518.0,0.0,0.0,29.0,0.0,29.0,0.0,29.0,0.0,0.0,29.0,0.0,0.0,0.0,0.0,0.0,0.0,battery2_v
2021-01-20T03:00:00Z,30.0,30.0,,,,,13527.433,14138.0,,,,12.356,12.441,,,,7097.0,7097.0,7097.0,,27.033,130.3,,,,0.0,,,,,,,,,,5519.0,5548.0,0.0,0.0,30.0,0.0,30.0,0.0,30.0,0.0,0.0,30.0,0.0,0.0,0.0,0.0,0.0,0.0,battery2_v
2021-01-20T04:00:00Z,30.0,30.0,,,,,13416.567,14032.0,,,,12.351,12.521,,,,7097.0,7097.0,7097.0,,33.862,130.433,,,,0.0,,,,,,,,,,5549.0,5578.0,0.0,0.0,30.0,0.0,30.0,0.0,30.0,0.0,4.0,30.0,0.0,0.0,0.0,0.0,0.0,0.0,battery2_v
2021-01-20T05:00:00Z,30.0,30.0,,,,,13511.7,14079.0,,,,12.332,12.474,,,,7097.0,7097.0,7097.0,,18.667,111.333,,,,0.0,,,,,,,,,,5579.0,5608.0,0.0,0.0,30.0,0.0,30.0,0.0,30.0,0.0,0.0,30.0,0.0,0.0,0.0,0.0,0.0,0.0,battery2_v
2021-01-20T06:00:00Z,30.0,30.0,,,,,13440.833,13506.0,,,,12.379,12.502,,,,7097.0,7097.0,7097.0,,23.733,112.233,,,,0.0,,,,,,,,,,5609.0,5638.0,0.0,0.0,30.0,0.0,30.0,0.0,30.0,0.0,0.0,30.0,0.0,0.0,0.0,0.0,0.0,0.0,battery2_v
2021-01-20T07:00:00Z,30.0,30.0,,,,,13502.867,13564.0,,,,12.36,12.422,,,,7097.0,7097.0,7097.0,,14.3,97.833,,,,0.0,,,,,,,,,,5639.0,5668.0,0.0,0.0,30.0,0.0,30.0,0.0,30.0,0.0,0.0,30.0,0.0,0.0,0.0,0.0,0.0,0.0,battery2_v
2021-01-20T08:00:00Z,30.0,30.0,,,,,13540.633,13576.0,,,,12.299,12.365,,,,7097.0,7097.0,7097.0,,3.931,88.833,,,,0.0,,,,,,,,,,5669.0,5698.0,0.0,0.0,30.0,0.0,30.0,0.0,30.0,0.0,0.0,30.0,0.0,0.0,0.0,0.0,0.0,0.0,battery2_v
2021-01-20T09:00:00Z,30.0,30.0,,,,,13606.967,13623.0,,,,12.261,12.299,,,,7097.0,7097.0,7097.0,,-11.9,71.467,,,,0.0,,,,,,,,,,5699.0,5728.0,0.0,0.0,30.0,0.0,30.0,0.0,30.0,0.0,0.0,30.0,0.0,0.0,0.0,0.0,0.0,0.0,battery2_v
2021-01-20T10:00:00Z,28.0,28.0,,,,,5256.571,13646.0,,,,12.256,12.294,,,,7097.0,7097.0,7097.0,,-9.429,84.857,,,,0.0,,,,,,,,,,5729.0,5757.0,0.0,0.0,28.0,0.0,28.0,0.0,28.0,0.0,0.0,28.0,0.0,0.0,0.0,0.0,0.0,0.0,battery2_v
2021-01-20T11:00:00Z,29.0,29.0,,,,,826.655,1045.0,,,,12.285,12.299,,,,7097.0,7097.0,7097.0,,0.0,97.862,,,,0.0,,,,,,,,,,5758.0,5787.0,0.0,0.0,29.0,0.0,29.0,0.0,29.0,0.0,0.0,29.0,0.0,0.0,0.0,0.0,0.0,0.0,battery2_v
2021-01-20T12:00:00Z,29.0,29.0,,,,,804.207,823.0,,,,12.285,12.294,,,,7097.0,7097.0,7097.0,,0.0,98.759,,,,0.0,,,,,,,,,,5788.0,5817.0,0.0,0.0,29.0,0.0,29.0,0.0,29.0,0.0,0.0,29.0,0.0,0.0,0.0,0.0,0.0,0.0,battery2_v
2021-01-20T13:00:00Z,25.0,25.0,,,,,807.08,823.0,,,,12.285,12.294,,,,7097.0,7097.0,7097.0,,0.0,101.36,,,,0.0,,,,,,,,,,5818.0,5846.0,0.0,0.0,25.0,0.0,25.0,0.0,25.0,0.0,0.0,25.0,0.0,0.0,0.0,0.0,0.0,0.0,battery2_v
2021-01-20T14:00:00Z,28.0,28.0,,,,,814.036,835.0,,,,12.28,12.289,,,,7097.0,7097.0,7097.0,,0.16,114.214,,,,0.0,,,,,,,,,,5847.0,5876.0,0.0,0.0,28.0,0.0,28.0,0.0,28.0,0.0,0.0,28.0,0.0,0.0,0.0,0.0,0.0,0.0,battery2_v
2021-01-20T15:00:00Z,26.0,26.0,,,,,812.462,823.0,,,,12.28,12.289,,,,7097.0,7097.0,7097.0,,0.0,111.308,,,,0.0,,,,,,,,,,5877.0,5904.0,0.0,0.0,26.0,0.0,26.0,0.0,26.0,0.0,0.0,26.0,0.0,0.0,0.0,0.0,0.0,0.0,battery2_v
2021-01-20T16:00:00Z,30.0,30.0,,,,,815.4,823.0,,,,12.275,12.285,,,,7097.0,7097.0,7097.0,,0.0,107.2,,,,0.0,,,,,,,,,,5906.0,5935.0,0.0,0.0,30.0,0.0,30.0,0.0,30.0,0.0,0.0,30.0,0.0,0.0,0.0,0.0,0.0,0.0,battery2_v
2021-01-20T17:00:00Z,30.0,30.0,,,,,819.8,835.0,,,,12.275,12.285,,,,7097.0,7097.0,7097.0,,0.0,112.367,,,,0.0,,,,,,,,,,5936.0,5965.0,0.0,0.0,30.0,0.0,30.0,0.0,30.0,0.0,0.0,30.0,0.0,0.0,0.0,0.0,0.0,0.0,battery2_v
2021-01-20T18:00:00Z,29.0,29.0,,,,,825.069,835.0,,,,12.27,12.28,,,,7097.0,7097.0,7097.0,,0.0,112.621,,,,0.0,,,,,,,,,,5967.0,5995.0,0.0,0.0,29.0,0.0,29.0,0.0,29.0,0.0,0.0,29.0,0.0,0.0,0.0,0.0,0.0,0.0,battery2_v
2021-01-20T19:00:00Z,30.0,30.0,,,,,827.4,835.0,,,,12.27,12.28,,,,7097.0,7097.0,7097.0,,0.0,115.5,,,,0.0,,,,,,,,,,5996.0,6025.0,0.0,0.0,30.0,0.0,30.0,0.0,30.0,0.0,0.0,30.0,0.0,0.0,0.0,0.0,0.0,0.0,battery2_v
2021-01-20T20:00:00Z,30.0,30.0,,,,,832.2,847.0,,,,12.266,12.28,,,,7097.0,7097.0,7097.0,,0.0,118.067,,,,0.0,,,,,,,,,,6026.0,6055.0,0.0,0.0,30.0,0.0,30.0,0.0,30.0,0.0,0.0,30.0,0.0,0.0,0.0,0.0,0.0,0.0,battery2_v
2021-01-20T21:00:00Z,30.0,30.0,,,,,838.967,858.0,,,,12.261,12.275,,,,7097.0,7097.0,7097.0,,0.033,119.167,,,,0.0,,,,,,,,,,6056.0,6085.0,0.0,0.0,30.0,0.0,30.0,0.0,30.0,0.0,0.0,30.0,0.0,0.0,0.0,0.0,0.0,0.0,battery2_v
2021-01-20T22:00:00Z,30.0,30.0,,,,,846.833,882.0,,,,12.261,12.27,,,,7097.0,7097.0,7097.0,,0.1,120.667,,,,0.0,,,,,,,,,,6086.0,6115.0,0.0,0.0,30.0,0.0,30.0,0.0,30.0,0.0,0.0,30.0,0.0,0.0,0.0,0.0,0.0,0.0,battery2_v
2021-01-20T23:00:00Z,30.0,30.0,,,,,5095.967,13787.0,,,,12.128,12.27,,,,7097.0,7097.0,7097.0,,-9.267,108.733,,,,0.0,,,,,,,,,,6116.0,6145.0,0.0,0.0,30.0,0.0,30.0,0.0,30.0,0.0,5.0,26.0,0.0,0.0,0.0,0.0,0.0,0.0,battery2_v
2021-01-21T00:00:00Z,29.0,29.0,,,,,8234.966,13635.0,,,,12.261,12.285,,,,7097.0,7097.0,7097.0,,2.345,119.172,,,,0.0,,,,,,,,,,6146.0,6174.0,0.0,0.0,29.0,0.0,29.0,0.0,29.0,0.0,0.0,29.0,0.0,0.0,0.0,0.0,0.0,0.0,battery2_v
2021-01-21T01:00:00Z,30.0,30.0,,,,,13641.367,14243.0,,,,12.256,12.28,,,,7097.0,7097.0,7097.0,,2.607,112.633,,,,0.0,,,,,,,,,,6175.0,6204.0,0.0,0.0,30.0,0.0,30.0,0.0,30.0,0.0,0.0,30.0,0.0,0.0,0.0,0.0,0.0,0.0,battery2_v
2021-01-21T02:00:00Z,29.0,29.0,,,,,13574.586,13752.0,,,,12.275,12.341,,,,7097.0,7097.0,7097.0,,15.276,117.828,,,,0.0,,,,,,,,,,6205.0,6234.0,0.0,0.0,29.0,0.0,29.0,0.0,29.0,0.0,0.0,29.0,0.0,0.0,0.0,0.0,0.0,0.0,battery2_v
2021-01-21T03:00:00Z,29.0,29.0,,,,,13507.862,14079.0,,,,12.332,12.46,,,,7097.0,7097.0,7097.0,,35.379,131.379,,,,0.0,,,,,,,,,,6235.0,6264.0,0.0,0.0,29.0,0.0,29.0,0.0,29.0,0.0,2.0,29.0,0.0,0.0,0.0,0.0,0.0,0.0,battery2_v
2021-01-21T04:00:00Z,30.0,30.0,,,,,13489.133,14103.0,,,,12.422,12.479,,,,7097.0,7097.0,7097.0,,38.367,128.9,,,,0.0,,,,,,,,,,6265.0,6294.0,0.0,0.0,30.0,0.0,30.0,0.0,30.0,0.0,0.0,30.0,0.0,0.0,0.0,0.0,0.0,0.0,battery2_v
2021-01-21T05:00:00Z,29.0,29.0,,,,,13512.103,14138.0,,,,12.346,12.45,,,,7097.0,7097.0,7097.0,,23.379,109.69,,,,0.0,,,,,,,,,,6295.0,6324.0,0.0,0.0,29.0,0.0,29.0,0.0,29.0,0.0,0.0,29.0,0.0,0.0,0.0,0.0,0.0,0.0,battery2_v
2021-01-21T06:00:00Z,28.0,28.0,,,,,13567.75,14185.0,,,,12.304,12.365,,,,7097.0,7097.0,7097.0,,6.615,84.179,,,,0.0,,,,,,,,,,6325.0,6353.0,0.0,0.0,28.0,0.0,28.0,0.0,28.0,0.0,0.0,28.0,0.0,0.0,0.0,0.0,0.0,0.0,battery2_v
2021-01-21T07:00:00Z,30.0,30.0,,,,,13521.1,13541.0,,,,12.327,12.403,,,,7097.0,7097.0,7097.0,,18.767,97.8,,,,0.0,,,,,,,,,,6354.0,6383.0,0.0,0.0,30.0,0.0,30.0,0.0,30.0,0.0,0.0,30.0,0.0,0.0,0.0,0.0,0.0,0.0,battery2_v
2021-01-21T08:00:00Z,30.0,30.0,,,,,13535.867,13553.0,,,,12.318,12.365,,,,7097.0,7097.0,7097.0,,13.1,86.6,,,,0.0,,,,,,,,,,6384.0,6413.0,0.0,0.0,30.0,0.0,30.0,0.0,30.0,0.0,0.0,30.0,0.0,0.0,0.0,0.0,0.0,0.0,battery2_v
2021-01-21T09:00:00Z,29.0,29.0,,,,,13615.241,13658.0,,,,12.242,12.322,,,,7097.0,7097.0,7097.0,,-6.321,61.345,,,,0.0,,,,,,,,,,6415.0,6443.0,0.0,0.0,29.0,0.0,29.0,0.0,29.0,0.0,0.0,27.0,0.0,0.0,0.0,0.0,0.0,0.0,battery2_v
2021-01-21T10:00:00Z,30.0,30.0,,,,,6303.133,13681.0,,,,12.218,12.266,,,,7097.0,7097.0,7097.0,,-7.433,66.3,,,,0.0,,,,,,,,,,6444.0,6473.0,0.0,0.0,30.0,0.0,30.0,0.0,30.0,0.0,0.0,26.0,0.0,0.0,0.0,0.0,0.0,0.0,battery2_v
2021-01-21T11:00:00Z,29.0,29.0,,,,,930.448,1724.0,,,,12.251,12.266,,,,7097.0,7097.0,7097.0,,-2.08,81.138,,,,0.0,,,,,,,,,,6474.0,6502.0,0.0,0.0,29.0,0.0,29.0,0.0,29.0,0.0,0.0,29.0,0.0,0.0,0.0,0.0,0.0,0.0,battery2_v
2021-01-21T12:00:00Z,28.0,28.0,,,,,872.893,893.0,,,,12.247,12.261,,,,7097.0,7097.0,7097.0,,-2.0,86.179,,,,0.0,,,,,,,,,,6503.0,6531.0,0.0,0.0,28.0,0.0,28.0,0.0,28.0,0.0,0.0,28.0,0.0,0.0,0.0,0.0,0.0,0.0,battery2_v
2021-01-21T13:00:00Z,26.0,26.0,,,,,888.462,905.0,,,,12.247,12.261,,,,7097.0,7097.0,7097.0,,-1.333,92.231,,,,0.0,,,,,,,,,,6535.0,6562.0,0.0,0.0,26.0,0.0,26.0,0.0,26.0,0.0,0.0,26.0,0.0,0.0,0.0,0.0,0.0,0.0,battery2_v
2021-01-21T14:00:00Z,27.0,27.0,,,,,889.111,917.0,,,,12.242,12.261,,,,7097.0,7097.0,7097.0,,0.0,101.296,,,,0.0,,,,,,,,,,6563.0,6591.0,0.0,0.0,27.0,0.0,27.0,0.0,27.0,0.0,0.0,27.0,0.0,0.0,0.0,0.0,0.0,0.0,battery2_v
2021-01-21T15:00:00Z,29.0,29.0,,,,,905.862,917.0,,,,12.247,12.256,,,,7097.0,7097.0,7097.0,,1.379,135.448,,,,0.0,,,,,,,,,,6592.0,6621.0,0.0,0.0,29.0,0.0,29.0,0.0,29.0,0.0,0.0,29.0,0.0,0.0,0.0,0.0,0.0,0.0,battery2_v
2021-01-21T16:00:00Z,30.0,30.0,,,,,912.867,940.0,,,,12.237,12.256,,,,7097.0,7097.0,7097.0,,0.2,122.367,,,,0.0,,,,,,,,,,6622.0,6651.0,0.0,0.0,30.0,0.0,30.0,0.0,30.0,0.0,0.0,30.0,0.0,0.0,0.0,0.0,0.0,0.0,battery2_v
2021-01-21T17:00:00Z,29.0,29.0,,,,,907.483,928.0,,,,12.237,12.251,,,,7097.0,7097.0,7097.0,,0.0,115.862,,,,0.0,,,,,,,,,,6652.0,6681.0,0.0,0.0,29.0,0.0,29.0,0.0,29.0,0.0,0.0,29.0,0.0,0.0,0.0,0.0,0.0,0.0,battery2_v
2021-01-21T18:00:00Z,28.0,28.0,,,,,912.929,928.0,,,,12.228,12.247,,,,7097.0,7097.0,7097.0,,0.0,111.964,,,,0.0,,,,,,,,,,6682.0,6710.0,0.0,0.0,28.0,0.0,28.0,0.0,28.0,0.0,0.0,28.0,0.0,0.0,0.0,0.0,0.0,0.0,battery2_v
2021-01-21T19:00:00Z,30.0,30.0,,,,,930.467,964.0,,,,12.233,12.247,,,,7097.0,7097.0,7097.0,,0.0,112.4,,,,0.0,,,,,,,,,,6711.0,6740.0,0.0,0.0,30.0,0.0,30.0,0.0,30.0,0.0,0.0,30.0,0.0,0.0,0.0,0.0,0.0,0.0,battery2_v
2021-01-21T20:00:00Z,30.0,30.0,,,,,940.1,964.0,,,,12.228,12.242,,,,7097.0,7097.0,7097.0,,0.0,113.0,,,,0.0,,,,,,,,,,6741.0,6770.0,0.0,0.0,30.0,0.0,30.0,0.0,30.0,0.0,0.0,30.0,0.0,0.0,0.0,0.0,0.0,0.0,battery2_v
2021-01-21T21:00:00Z,30.0,30.0,,,,,928.233,952.0,,,,12.228,12.237,,,,7097.0,7097.0,7097.0,,0.0,116.333,,,,0.0,,,,,,,,,,6771.0,6800.0,0.0,0.0,30.0,0.0,30.0,0.0,30.0,0.0,0.0,30.0,0.0,0.0,0.0,0.0,0.0,0.0,battery2_v
2021-01-21T22:00:00Z,30.0,30.0,,,,,941.567,975.0,,,,12.223,12.237,,,,7097.0,7097.0,7097.0,,0.0,114.433,,,,0.0,,,,,,,,,,6801.0,6830.0,0.0,0.0,30.0,0.0,30.0,0.0,30.0,0.0,0.0,30.0,0.0,0.0,0.0,0.0,0.0,0.0,battery2_v
2021-01-21T23:00:00Z,30.0,30.0,,,,,5605.4,13834.0,,,,12.091,12.233,,,,7097.0,7097.0,7097.0,,-9.433,104.833,,,,0.0,,,,,,,,,,6831.0,6860.0,0.0,0.0,30.0,0.0,30.0,0.0,30.0,0.0,5.0,25.0,0.0,0.0,0.0,0.0,0.0,0.0,battery2_v
2021-01-22T00:00:00Z,30.0,30.0,,,,,3356.267,13822.0,,,,12.1,12.228,,,,7097.0,7097.0,7097.0,,-1.897,106.867,,,,0.0,,,,,,,,,,6861.0,6890.0,0.0,0.0,30.0,0.0,30.0,0.0,30.0,0.0,1.0,29.0,0.0,0.0,0.0,0.0,0.0,0.0,battery2_v
2021-01-22T01:00:00Z,29.0,29.0,,,,,9861.483,13693.0,,,,12.214,12.351,,,,7097.0,7097.0,7097.0,,13.69,122.793,,,,0.0,,,,,,,,,,6892.0,6920.0,0.0,0.0,29.0,0.0,29.0,0.0,29.0,0.0,0.0,29.0,0.0,0.0,0.0,0.0,0.0,0.0,battery2_v
2021-01-22T02:00:00Z,30.0,30.0,,,,,13668.9,14266.0,,,,12.242,12.322,,,,7097.0,7097.0,7097.0,,14.733,118.067,,,,0.0,,,,,,,,,,6921.0,6950.0,0.0,0.0,30.0,0.0,30.0,0.0,30.0,0.0,0.0,30.0,0.0,0.0,0.0,0.0,0.0,0.0,battery2_v
2021-01-22T03:00:00Z,29.0,29.0,,,,,13561.172,14220.0,,,,12.275,12.422,,,,7097.0,7097.0,7097.0,,30.655,128.069,,,,0.0,,,,,,,,,,6951.0,6979.0,0.0,0.0,29.0,0.0,29.0,0.0,29.0,0.0,2.0,29.0,0.0,0.0,0.0,0.0,0.0,0.0,battery2_v
2021-01-22T04:00:00Z,30.0,30.0,,,,,13519.233,13541.0,,,,12.337,12.393,,,,7097.0,7097.0,7097.0,,30.433,123.667,,,,0.0,,,,,,,,,,6980.0,7009.0,0.0,0.0,30.0,0.0,30.0,0.0,30.0,0.0,0.0,30.0,0.0,0.0,0.0,0.0,0.0,0.0,battery2_v
2021-01-22T05:00:00Z,30.0,30.0,,,,,13529.0,14149.0,,,,12.356,12.441,,,,7097.0,7097.0,7097.0,,35.2,122.467,,,,0.0,,,,,,,,,,7010.0,7039.0,0.0,0.0,30.0,0.0,30.0,0.0,30.0,0.0,1.0,30.0,0.0,0.0,0.0,0.0,0.0,0.0,battery2_v
2021-01-22T06:00:00Z,30.0,30.0,,,,,13538.0,14185.0,,,,12.327,12.455,,,,7097.0,7097.0,7097.0,,25.2,108.533,,,,0.0,,,,,,,,,,7040.0,7069.0,0.0,0.0,30.0,0.0,30.0,0.0,30.0,0.0,1.0,30.0,0.0,0.0,0.0,0.0,0.0,0.0,battery2_v
2021-01-22T07:00:00Z,30.0,30.0,,,,,13273.567,13670.0,,,,12.223,12.346,,,,7097.0,7097.0,7097.0,,-2.75,79.6,,,,0.0,,,,,,,,,,7070.0,7099.0,0.0,0.0,30.0,0.0,30.0,0.0,30.0,0.0,0.0,30.0,0.0,0.0,0.0,0.0,0.0,0.0,battery2_v
2021-01-22T08:00:00Z,30.0,30.0,,,,,13354.1,13717.0,,,,12.19,12.223,,,,7097.0,7097.0,7097.0,,-9.828,77.6,,,,0.0,,,,,,,,,,7100.0,7129.0,0.0,0.0,30.0,0.0,30.0,0.0,30.0,0.0,0.0,30.0,0.0,0.0,0.0,0.0,0.0,0.0,battery2_v
2021-01-22T09:00:00Z,30.0,30.0,,,,,13669.7,13728.0,,,,12.176,12.223,,,,7097.0,7097.0,7097.0,,-10.633,70.533,,,,0.0,,,,,,,,,,7130.0,7159.0,0.0,0.0,30.0,0.0,30.0,0.0,30.0,0.0,0.0,30.0,0.0,0.0,0.0,0.0,0.0,0.0,battery2_v
2021-01-22T10:00:00Z,27.0,27.0,,,,,5159.593,13740.0,,,,12.176,12.218,,,,7097.0,7097.0,7097.0,,-6.222,82.259,,,,0.0,,,,,,,,,,7160.0,7188.0,0.0,0.0,27.0,0.0,27.0,0.0,27.0,0.0,0.0,27.0,0.0,0.0,0.0,0.0,0.0,0.0,battery2_v
2021-01-22T11:00:00Z,27.0,27.0,,,,,1053.185,1607.0,,,,12.209,12.223,,,,7097.0,7097.0,7097.0,,0.0,93.37,,,,0.0,,,,,,,,,,7189.0,7218.0,0.0,0.0,27.0,0.0,27.0,0.0,27.0,0.0,0.0,27.0,0.0,0.0,0.0,0.0,0.0,0.0,battery2_v
2021-01-22T12:00:00Z,30.0,30.0,,,,,979.867,999.0,,,,12.204,12.218,,,,7097.0,7097.0,7097.0,,0.0,94.767,,,,0.0,,,,,,,,,,7219.0,7248.0,0.0,0.0,30.0,0.0,30.0,0.0,30.0,0.0,0.0,30.0,0.0,0.0,0.0,0.0,0.0,0.0,battery2_v
2021-01-22T13:00:00Z,25.0,25.0,,,,,986.04,999.0,,,,12.199,12.214,,,,7097.0,7097.0,7097.0,,0.0,99.44,,,,0.0,,,,,,,,,,7249.0,7277.0,0.0,0.0,25.0,0.0,25.0,0.0,25.0,0.0,0.0,25.0,0.0,0.0,0.0,0.0,0.0,0.0,battery2_v
2021-01-22T14:00:00Z,26.0,26.0,,,,,999.577,1010.0,,,,12.199,12.214,,,,7097.0,7097.0,7097.0,,0.0,102.192,,,,0.0,,,,,,,,,,7278.0,7307.0,0.0,0.0,26.0,0.0,26.0,0.0,26.0,0.0,0.0,26.0,0.0,0.0,0.0,0.0,0.0,0.0,battery2_v
2021-01-22T15:00:00Z,27.0,27.0,,,,,1000.556,1022.0,,,,12.195,12.209,,,,7097.0,7097.0,7097.0,,0.0,99.556,,,,0.0,,,,,,,,,,7308.0,7336.0,0.0,0.0,27.0,0.0,27.0,0.0,27.0,0.0,0.0,27.0,0.0,0.0,0.0,0.0,0.0,0.0,battery2_v
2021-01-22T16:00:00Z,30.0,30.0,,,,,1004.2,1022.0,,,,12.195,12.204,,,,7097.0,7097.0,7097.0,,0.0,102.833,,,,0.0,,,,,,,,,,7337.0,7366.0,0.0,0.0,30.0,0.0,30.0,0.0,30.0,0.0,0.0,30.0,0.0,0.0,0.0,0.0,0.0,0.0,battery2_v
2021-01-22T17:00:00Z,30.0,30.0,,,,,1006.4,1022.0,,,,12.19,12.204,,,,7097.0,7097.0,7097.0,,0.0,104.433,,,,0.0,,,,,,,,,,7367.0,7396.0,0.0,0.0,30.0,0.0,30.0,0.0,30.0,0.0,0.0,30.0,0.0,0.0,0.0,0.0,0.0,0.0,battery2_v
2021-01-22T18:00:00Z,30.0,30.0,,,,,1013.633,1034.0,,,,12.185,12.199,,,,7097.0,7097.0,7097.0,,0.0,104.967,,,,0.0,,,,,,,,,,7397.0,7426.0,0.0,0.0,30.0,0.0,30.0,0.0,30.0,0.0,0.0,30.0,0.0,0.0,0.0,0.0,0.0,0.0,battery2_v
2021-01-22T19:00:00Z,29.0,29.0,,,,,1023.69,1034.0,,,,12.185,12.195,,,,7097.0,7097.0,7097.0,,0.0,108.0,,,,0.0,,,,,,,,,,7427.0,7456.0,0.0,0.0,29.0,0.0,29.0,0.0,29.0,0.0,0.0,29.0,0.0,0.0,0.0,0.0,0.0,0.0,battery2_v
2021-01-22T20:00:00Z,30.0,30.0,,,,,1027.067,1045.0,,,,12.176,12.195,,,,7097.0,7097.0,7097.0,,0.0,108.8,,,,0.0,,,,,,,,,,7457.0,7486.0,0.0,0.0,30.0,0.0,30.0,0.0,30.0,0.0,0.0,30.0,0.0,0.0,0.0,0.0,0.0,0.0,battery2_v
2021-01-22T21:00:00Z,30.0,30.0,,,,,1031.1,1045.0,,,,12.181,12.195,,,,7097.0,7097.0,7097.0,,0.0,111.8,,,,0.0,,,,,,,,,,7487.0,7516.0,0.0,0.0,30.0,0.0,30.0,0.0,30.0,0.0,0.0,30.0,0.0,0.0,0.0,0.0,0.0,0.0,battery2_v
2021-01-22T22:00:00Z,30.0,30.0,,,,,1038.433,1092.0,,,,12.176,12.19,,,,7097.0,7097.0,7097.0,,0.0,113.8,,,,0.0,,,,,,,,,,7517.0,7546.0,0.0,0.0,30.0,0.0,30.0,0.0,30.0,0.0,0.0,30.0,0.0,0.0,0.0,0.0,0.0,0.0,battery2_v
2021-01-22T23:00:00Z,30.0,30.0,,,,,4169.667,13892.0,,,,12.048,12.19,,,,7097.0,7097.0,7097.0,,-3.9,108.667,,,,0.0,,,,,,,,,,7547.0,7576.0,0.0,0.0,30.0,0.0,30.0,0.0,30.0,0.0,2.0,28.0,0.0,0.0,0.0,0.0,0.0,0.0,battery2_v
2021-01-23T00:00:00Z,28.0,28.0,,,,,5717.464,13892.0,,,,12.048,12.181,,,,7097.0,7097.0,7097.0,,-13.038,90.214,,,,0.0,,,,,,,,,,7577.0,7605.0,0.0,0.0,28.0,0.0,28.0,0.0,28.0,0.0,6.0,22.0,0.0,0.0,0.0,0.0,0.0,0.0,battery2_v
2021-01-23T01:00:00Z,30.0,30.0,,,,,6307.0,13740.0,,,,12.166,12.199,,,,7097.0,7097.0,7097.0,,1.333,113.233,,,,0.0,,,,,,,,,,7606.0,7635.0,0.0,0.0,30.0,0.0,30.0,0.0,30.0,0.0,0.0,30.0,0.0,0.0,0.0,0.0,0.0,0.0,battery2_v
2021-01-23T02:00:00Z,30.0,30.0,,,,,13656.033,13717.0,,,,12.19,12.285,,,,7097.0,7097.0,7097.0,,17.2,125.533,,,,0.0,,,,,,,,,,7636.0,7665.0,0.0,0.0,30.0,0.0,30.0,0.0,30.0,0.0,0.0,30.0,0.0,0.0,0.0,0.0,0.0,0.0,battery2_v
2021-01-23T03:00:00Z,30.0,30.0,,,,,13631.867,14220.0,,,,12.19,12.389,,,,7097.0,7097.0,7097.0,,35.533,137.333,,,,0.0,,,,,,,,,,7666.0,7695.0,0.0,0.0,30.0,0.0,30.0,0.0,30.0,0.0,3.0,30.0,0.0,0.0,0.0,0.0,0.0,0.0,battery2_v
2021-01-23T04:00:00Z,27.0,27.0,,,,,13633.111,14266.0,,,,12.237,12.332,,,,7097.0,7097.0,7097.0,,16.519,114.037,,,,0.0,,,,,,,,,,7696.0,7725.0,0.0,0.0,27.0,0.0,27.0,0.0,27.0,0.0,0.0,27.0,0.0,0.0,0.0,0.0,0.0,0.0,battery2_v
2021-01-23T05:00:00Z,29.0,29.0,,,,,13704.931,14290.0,,,,12.19,12.275,,,,7097.0,7097.0,7097.0,,12.519,100.655,,,,0.0,,,,,,,,,,7726.0,7754.0,0.0,0.0,29.0,0.0,29.0,0.0,29.0,0.0,0.0,29.0,0.0,0.0,0.0,0.0,0.0,0.0,battery2_v
2021-01-23T06:00:00Z,29.0,29.0,,,,,13683.793,14290.0,,,,12.195,12.27,,,,7097.0,7097.0,7097.0,,12.759,95.31,,,,0.0,,,,,,,,,,7755.0,7784.0,0.0,0.0,29.0,0.0,29.0,0.0,29.0,0.0,0.0,29.0,0.0,0.0,0.0,0.0,0.0,0.0,battery2_v
2021-01-23T07:00:00Z,30.0,30.0,,,,,13709.933,14255.0,,,,12.171,12.308,,,,7097.0,7097.0,7097.0,,11.8,85.167,,,,0.0,,,,,,,,,,7785.0,7814.0,0.0,0.0,30.0,0.0,30.0,0.0,30.0,0.0,0.0,30.0,0.0,0.0,0.0,0.0,0.0,0.0,battery2_v
2021-01-23T08:00:00Z,29.0,29.0,,,,,13653.172,14278.0,,,,12.147,12.218,,,,7097.0,7097.0,7097.0,,-2.542,63.448,,,,0.0,,,,,,,,,,7815.0,7844.0,0.0,0.0,29.0,0.0,29.0,0.0,29.0,0.0,0.0,26.0,0.0,0.0,0.0,0.0,0.0,0.0,battery2_v
2021-01-23T09:00:00Z,30.0,30.0,,,,,13723.067,13763.0,,,,12.143,12.233,,,,7097.0,7097.0,7097.0,,0.4,62.767,,,,0.0,,,,,,,,,,7845.0,7874.0,0.0,0.0,30.0,0.0,30.0,0.0,30.0,0.0,0.0,23.0,0.0,0.0,0.0,0.0,0.0,0.0,battery2_v
2021-01-23T10:00:00Z,28.0,28.0,,,,,7139.429,13798.0,,,,12.119,12.171,,,,7097.0,7097.0,7097.0,,-8.929,55.964,,,,0.0,,,,,,,,,,7875.0,7903.0,0.0,0.0,28.0,0.0,28.0,0.0,28.0,0.0,0.0,18.0,0.0,0.0,0.0,0.0,0.0,0.0,battery2_v
2021-01-23T11:00:00Z,30.0,30.0,,,,,1168.267,1654.0,,,,12.157,12.171,,,,7097.0,7097.0,7097.0,,-2.767,71.2,,,,0.0,,,,,,,,,,7904.0,7933.0,0.0,0.0,30.0,0.0,30.0,0.0,30.0,0.0,0.0,30.0,0.0,0.0,0.0,0.0,0.0,0.0,battery2_v
2021-01-23T12:00:00Z,30.0,30.0,,,,,1089.867,1104.0,,,,12.157,12.171,,,,7097.0,7097.0,7097.0,,-2.241,74.933,,,,0.0,,,,,,,,,,7934.0,7963.0,0.0,0.0,30.0,0.0,30.0,0.0,30.0,0.0,0.0,30.0,0.0,0.0,0.0,0.0,0.0,0.0,battery2_v
2021-01-23T13:00:00Z,28.0,28.0,,,,,1103.179,1116.0,,,,12.157,12.166,,,,7097.0,7097.0,7097.0,,-2.036,81.714,,,,0.0,,,,,,,,,,7964.0,7993.0,0.0,0.0,28.0,0.0,28.0,0.0,28.0,0.0,0.0,28.0,0.0,0.0,0.0,0.0,0.0,0.0,battery2_v
2021-01-23T14:00:00Z,27.0,27.0,,,,,1107.074,1127.0,,,,12.152,12.166,,,,7097.0,7097.0,7097.0,,-2.042,79.704,,,,0.0,,,,,,,,,,7994.0,8022.0,0.0,0.0,27.0,0.0,27.0,0.0,27.0,0.0,0.0,27.0,0.0,0.0,0.0,0.0,0.0,0.0,battery2_v
2021-01-23T15:00:00Z,29.0,29.0,,,,,1113.414,1139.0,,,,12.143,12.162,,,,7097.0,7097.0,7097.0,,-2.0,85.345,,,,0.0,,,,,,,,,,8023.0,8052.0,0.0,0.0,29.0,0.0,29.0,0.0,29.0,0.0,0.0,29.0,0.0,0.0,0.0,0.0,0.0,0.0,battery2_v
2021-01-23T16:00:00Z,29.0,29.0,,,,,1112.207,1127.0,,,,12.143,12.157,,,,7097.0,7097.0,7097.0,,-2.0,85.414,,,,0.0,,,,,,,,,,8053.0,8082.0,0.0,0.0,29.0,0.0,29.0,0.0,29.0,0.0,0.0,29.0,0.0,0.0,0.0,0.0,0.0,0.0,battery2_v
2021-01-23T17:00:00Z,30.0,30.0,,,,,1121.167,1139.0,,,,12.138,12.152,,,,7097.0,7097.0,7097.0,,-1.6,88.533,,,,0.0,,,,,,,,,,8083.0,8112.0,0.0,0.0,30.0,0.0,30.0,0.0,30.0,0.0,0.0,30.0,0.0,0.0,0.0,0.0,0.0,0.0,battery2_v
2021-01-23T18:00:00Z,30.0,30.0,,,,,1126.833,1139.0,,,,12.138,12.147,,,,7097.0,7097.0,7097.0,,-2.0,91.633,,,,0.0,,,,,,,,,,8113.0,8142.0,0.0,0.0,30.0,0.0,30.0,0.0,30.0,0.0,0.0,30.0,0.0,0.0,0.0,0.0,0.0,0.0,battery2_v
2021-01-23T19:00:00Z,30.0,30.0,,,,,1133.867,1151.0,,,,12.133,12.147,,,,7097.0,7097.0,7097.0,,0.0,96.8,,,,0.0,,,,,,,,,,8143.0,8172.0,0.0,0.0,30.0,0.0,30.0,0.0,30.0,0.0,0.0,30.0,0.0,0.0,0.0,0.0,0.0,0.0,battery2_v
2021-01-23T20:00:00Z,29.0,29.0,,,,,1141.862,1174.0,,,,12.128,12.143,,,,7097.0,7097.0,7097.0,,0.0,97.414,,,,0.0,,,,,,,,,,8173.0,8201.0,0.0,0.0,29.0,0.0,29.0,0.0,29.0,0.0,0.0,29.0,0.0,0.0,0.0,0.0,0.0,0.0,battery2_v
2021-01-23T21:00:00Z,29.0,29.0,,,,,1143.034,1162.0,,,,12.133,12.143,,,,7097.0,7097.0,7097.0,,0.0,103.897,,,,0.0,,,,,,,,,,8202.0,8231.0,0.0,0.0,29.0,0.0,29.0,0.0,29.0,0.0,0.0,29.0,0.0,0.0,0.0,0.0,0.0,0.0,battery2_v
2021-01-23T22:00:00Z,29.0,29.0,,,,,1154.69,1209.0,,,,12.128,12.138,,,,7097.0,7097.0,7097.0,,0.0,103.069,,,,0.0,,,,,,,,,,8232.0,8261.0,0.0,0.0,29.0,0.0,29.0,0.0,29.0,0.0,0.0,29.0,0.0,0.0,0.0,0.0,0.0,0.0,battery2_v
2021-01-23T23:00:00Z,30.0,30.0,,,,,6021.4,13927.0,,,,11.996,12.138,,,,7097.0,7097.0,7097.0,,-14.393,89.4,,,,0.0,,,,,,,,,,8262.0,8291.0,0.0,0.0,30.0,0.0,30.0,0.0,30.0,0.0,7.0,23.0,0.0,0.0,0.0,0.0,0.0,0.0,battery2_v
2021-01-24T00:00:00Z,30.0,30.0,,,,,4072.633,13798.0,,,,12.124,12.138,,,,7097.0,7097.0,7097.0,,0.0,100.7,,,,0.0,,,,,,,,,,8292.0,8321.0,0.0,0.0,30.0,0.0,30.0,0.0,30.0,0.0,0.0,30.0,0.0,0.0,0.0,0.0,0.0,0.0,battery2_v
2021-01-24T01:00:00Z,29.0,29.0,,,,,13786.345,14372.0,,,,12.133,12.181,,,,7097.0,7097.0,7097.0,,6.345,103.897,,,,0.0,,,,,,,,,,8322.0,8351.0,0.0,0.0,29.0,0.0,29.0,0.0,29.0,0.0,0.0,29.0,0.0,0.0,0.0,0.0,0.0,0.0,battery2_v
2021-01-24T02:00:00Z,30.0,30.0,,,,,13722.167,13763.0,,,,12.152,12.214,,,,7097.0,7097.0,7097.0,,15.733,108.533,,,,0.0,,,,,,,,,,8352.0,8381.0,0.0,0.0,30.0,0.0,30.0,0.0,30.0,0.0,0.0,30.0,0.0,0.0,0.0,0.0,0.0,0.0,battery2_v
2021-01-24T03:00:00Z,29.0,29.0,,,,,13669.414,14302.0,,,,12.195,12.294,,,,7097.0,7097.0,7097.0,,32.241,141.241,,,,0.0,,,,,,,,,,8382.0,8410.0,0.0,0.0,29.0,0.0,29.0,0.0,29.0,0.0,0.0,29.0,0.0,0.0,0.0,0.0,0.0,0.0,battery2_v
2021-01-24T04:00:00Z,30.0,30.0,,,,,13577.533,14255.0,,,,12.294,12.365,,,,7097.0,7097.0,7097.0,,42.833,134.667,,,,0.0,,,,,,,,,,8411.0,8440.0,0.0,0.0,30.0,0.0,30.0,0.0,30.0,0.0,1.0,30.0,0.0,0.0,0.0,0.0,0.0,0.0,battery2_v
2021-01-24T05:00:00Z,29.0,29.0,,,,,13619.586,14278.0,,,,12.266,12.36,,,,7097.0,7097.0,7097.0,,24.862,111.276,,,,0.0,,,,,,,,,,8441.0,8470.0,0.0,0.0,29.0,0.0,29.0,0.0,29.0,0.0,0.0,29.0,0.0,0.0,0.0,0.0,0.0,0.0,battery2_v
2021-01-24T06:00:00Z,30.0,30.0,,,,,13634.0,13670.0,,,,12.233,12.308,,,,7097.0,7097.0,7097.0,,17.9,99.733,,,,0.0,,,,,,,,,,8471.0,8500.0,0.0,0.0,30.0,0.0,30.0,0.0,30.0,0.0,0.0,30.0,0.0,0.0,0.0,0.0,0.0,0.0,battery2_v
2021-01-24T07:00:00Z,30.0,30.0,,,,,13718.533,14313.0,,,,12.199,12.27,,,,7097.0,7097.0,7097.0,,11.1,83.367,,,,0.0,,,,,,,,,,8501.0,8530.0,0.0,0.0,30.0,0.0,30.0,0.0,30.0,0.0,0.0,30.0,0.0,0.0,0.0,0.0,0.0,0.0,battery2_v
2021-01-24T08:00:00Z,30.0,30.0,,,,,13769.633,14208.0,,,,12.124,12.233,,,,7097.0,7097.0,7097.0,,-0.037,66.4,,,,0.0,,,,,,,,,,8531.0,8560.0,0.0,0.0,30.0,0.0,30.0,0.0,30.0,0.0,0.0,25.0,0.0,0.0,0.0,0.0,0.0,0.0,battery2_v
2021-01-24T09:00:00Z,30.0,30.0,,,,,12350.133,13845.0,,,,12.091,12.152,,,,7097.0,7097.0,7097.0,,-10.655,55.7,,,,0.0,,,,,,,,,,8561.0,8590.0,0.0,0.0,30.0,0.0,30.0,0.0,30.0,0.0,0.0,20.0,0.0,0.0,0.0,0.0,0.0,0.0,battery2_v
2021-01-24T10:00:00Z,29.0,29.0,,,,,2904.138,7750.0,,,,12.124,12.573,,,,6862.621,300.0,7097.0,,-2.75,71.414,,,,0.0,,,,,,,,,,1.0,8610.0,0.0,0.0,29.0,0.0,29.0,0.0,29.0,0.0,0.0,29.0,0.0,0.0,0.0,0.0,0.0,0.0,battery2_v
2021-01-24T11:00:00Z,30.0,30.0,,,,,703.467,1198.0,,,,12.356,12.384,,,,7097.0,7097.0,7097.0,,0.0,114.433,,,,0.0,,,,,,,,,,11.0,40.0,0.0,0.0,30.0,0.0,30.0,0.0,30.0,0.0,0.0,30.0,0.0,0.0,0.0,0.0,0.0,0.0,battery2_v
2021-01-24T12:00:00Z,30.0,30.0,,,,,681.533,718.0,,,,12.327,12.36,,,,7097.0,7097.0,7097.0,,0.0,99.3,,,,0.0,,,,,,,,,,41.0,70.0,0.0,0.0,30.0,0.0,30.0,0.0,30.0,0.0,0.0,30.0,0.0,0.0,0.0,0.0,0.0,0.0,battery2_v
2021-01-24T13:00:00Z,29.0,29.0,,,,,755.862,788.0,,,,12.294,12.332,,,,7097.0,7097.0,7097.0,,-0.4,96.483,,,,0.0,,,,,,,,,,71.0,99.0,0.0,0.0,29.0,0.0,29.0,0.0,29.0,0.0,0.0,29.0,0.0,0.0,0.0,0.0,0.0,0.0,battery2_v
2021-01-24T14:00:00Z,30.0,30.0,,,,,823.1,870.0,,,,12.261,12.294,,,,7097.0,7097.0,7097.0,,0.0,98.267,,,,0.0,,,,,,,,,,100.0,129.0,0.0,0.0,30.0,0.0,30.0,0.0,30.0,0.0,0.0,30.0,0.0,0.0,0.0,0.0,0.0,0.0,battery2_v
2021-01-24T15:00:00Z,30.0,30.0,,,,,903.467,952.0,,,,12.218,12.261,,,,7097.0,7097.0,7097.0,,0.0,99.567,,,,0.0,,,,,,,,,,130.0,159.0,0.0,0.0,30.0,0.0,30.0,0.0,30.0,0.0,0.0,30.0,0.0,0.0,0.0,0.0,0.0,0.0,battery2_v
2021-01-24T16:00:00Z,30.0,30.0,,,,,988.967,1034.0,,,,12.19,12.223,,,,7097.0,7097.0,7097.0,,0.0,101.8,,,,0.0,,,,,,,,,,160.0,189.0,0.0,0.0,30.0,0.0,30.0,0.0,30.0,0.0,0.0,30.0,0.0,0.0,0.0,0.0,0.0,0.0,battery2_v
2021-01-24T17:00:00Z,30.0,30.0,,,,,1066.9,1116.0,,,,12.147,12.19,,,,7097.0,7097.0,7097.0,,0.0,105.033,,,,0.0,,,,,,,,,,190.0,219.0,0.0,0.0,30.0,0.0,30.0,0.0,30.0,0.0,0.0,30.0,0.0,0.0,0.0,0.0,0.0,0.0,battery2_v
2021-01-24T18:00:00Z,30.0,30.0,,,,,1148.8,1186.0,,,,12.119,12.152,,,,7097.0,7097.0,7097.0,,0.0,106.867,,,,0.0,,,,,,,,,,220.0,249.0,0.0,0.0,30.0,0.0,30.0,0.0,30.0,0.0,0.0,30.0,0.0,0.0,0.0,0.0,0.0,0.0,battery2_v
2021-01-24T19:00:00Z,30.0,30.0,,,,,1210.433,1279.0,,,,12.091,12.124,,,,7097.0,7097.0,7097.0,,0.0,112.7,,,,0.0,,,,,,,,,,250.0,279.0,0.0,0.0,30.0,0.0,30.0,0.0,30.0,0.0,0.0,30.0,0.0,0.0,0.0,0.0,0.0,0.0,battery2_v
2021-01-24T20:00:00Z,30.0,30.0,,,,,1307.167,1361.0,,,,12.058,12.091,,,,7097.0,7097.0,7097.0,,0.0,109.3,,,,0.0,,,,,,,,,,280.0,309.0,0.0,0.0,30.0,0.0,30.0,0.0,30.0,0.0,0.0,30.0,0.0,0.0,0.0,0.0,0.0,0.0,battery2_v
2021-01-24T21:00:00Z,30.0,30.0,,,,,1407.8,1455.0,,,,12.029,12.058,,,,7097.0,7097.0,7097.0,,0.0,110.4,,,,0.0,,,,,,,,,,310.0,339.0,0.0,0.0,30.0,0.0,30.0,0.0,30.0,0.0,0.0,30.0,0.0,0.0,0.0,0.0,0.0,0.0,battery2_v
2021-01-24T22:00:00Z,29.0,29.0,,,,,1486.793,1560.0,,,,12.001,12.029,,,,7097.0,7097.0,7097.0,,0.0,109.552,,,,0.0,,,,,,,,,,340.0,368.0,0.0,0.0,29.0,0.0,29.0,0.0,29.0,0.0,0.0,29.0,0.0,0.0,0.0,0.0,0.0,0.0,battery2_v
2021-01-24T23:00:00Z,30.0,30.0,,,,,8656.167,14149.0,,,,11.811,12.01,,,,7097.0,7097.0,7097.0,,-12.2,81.1,,,,0.0,,,,,,,,,,369.0,398.0,0.0,0.0,30.0,0.0,30.0,0.0,30.0,0.0,4.0,26.0,0.0,0.0,0.0,0.0,0.0,0.0,battery2_v
2021-01-25T00:00:00Z,31.0,31.0,,,,,5906.194,14044.0,,,,11.911,12.919,,,,6877.742,300.0,7097.0,,-6.935,83.581,,,,0.903,,,,,,,,,,1.0,401.0,0.0,0.0,31.0,0.0,31.0,0.0,31.0,0.0,0.0,31.0,0.0,0.0,0.0,0.0,0.0,0.0,battery2_v
2021-01-25T01:00:00Z,28.0,28.0,,,,,12869.786,12886.0,,,,12.862,12.881,,,,7097.0,7097.0,7097.0,,-1.0,74.286,,,,1.0,,,,,,,,,,29.0,56.0,0.0,0.0,28.0,0.0,28.0,0.0,28.0,0.0,0.0,28.0,0.0,0.0,0.0,0.0,0.0,0.0,battery2_v
2021-01-25T02:00:00Z,28.0,28.0,,,,,12898.786,13553.0,,,,12.876,12.89,,,,7097.0,7097.0,7097.0,,6.571,74.857,,,,1.0,,,,,,,,,,58.0,87.0,0.0,0.0,28.0,0.0,28.0,0.0,28.0,0.0,0.0,28.0,0.0,0.0,0.0,0.0,0.0,0.0,battery2_v
2021-01-25T03:00:00Z,30.0,30.0,,,,,12838.133,13553.0,,,,12.89,12.952,,,,7097.0,7097.0,7097.0,,19.533,84.2,,,,1.0,,,,,,,,,,88.0,117.0,0.0,0.0,30.0,0.0,30.0,0.0,30.0,0.0,0.0,30.0,0.0,0.0,0.0,0.0,0.0,0.0,battery2_v
2021-01-25T04:00:00Z,30.0,30.0,,,,,12847.3,13518.0,,,,12.919,12.971,,,,7097.0,7097.0,7097.0,,27.4,87.033,,,,1.0,,,,,,,,,,118.0,147.0,0.0,0.0,30.0,0.0,30.0,0.0,30.0,0.0,0.0,30.0,0.0,0.0,0.0,0.0,0.0,0.0,battery2_v
2021-01-25T05:00:00Z,30.0,30.0,,,,,12822.567,12874.0,,,,12.876,12.947,,,,7097.0,7097.0,7097.0,,18.933,74.367,,,,1.0,,,,,,,,,,148.0,177.0,0.0,0.0,30.0,0.0,30.0,0.0,30.0,0.0,0.0,30.0,0.0,0.0,0.0,0.0,0.0,0.0,battery2_v
2021-01-25T06:00:00Z,30.0,30.0,,,,,12866.4,12956.0,,,,12.814,12.933,,,,7097.0,7097.0,7097.0,,13.3,61.967,,,,1.0,,,,,,,,,,178.0,207.0,0.0,0.0,30.0,0.0,30.0,0.0,30.0,0.0,0.0,25.0,0.0,0.0,0.0,0.0,0.0,0.0,battery2_v
2021-01-25T07:00:00Z,30.0,30.0,,,,,12947.767,13623.0,,,,12.8,12.885,,,,7097.0,7097.0,7097.0,,3.741,41.467,,,,1.0,,,,,,,,,,208.0,237.0,0.0,0.0,30.0,0.0,30.0,0.0,30.0,0.0,0.0,5.0,0.0,0.0,0.0,0.0,0.0,0.0,battery2_v
2021-01-25T08:00:00Z,30.0,30.0,,,,,12948.233,12991.0,,,,12.781,12.862,,,,7097.0,7097.0,7097.0,,-1.586,34.667,,,,1.0,,,,,,,,,,238.0,267.0,0.0,0.0,30.0,0.0,30.0,0.0,30.0,0.0,0.0,2.0,0.0,0.0,0.0,0.0,0.0,0.0,battery2_v
2021-01-25T09:00:00Z,29.0,29.0,,,,,9254.517,13038.0,,,,12.739,12.777,,,,7097.0,7097.0,7097.0,,-16.103,15.414,,,,1.0,,,,,,,,,,268.0,296.0,0.0,0.0,29.0,0.0,29.0,0.0,29.0,0.0,0.0,0.0,0.0,0.0,0.0,0.0,0.0,0.0,battery2_v
2021-01-25T10:00:00Z,30.0,30.0,,,,,1671.8,4813.0,,,,12.758,12.777,,,,7097.0,7097.0,7097.0,,-11.033,33.1,,,,1.0,,,,,,,,,,297.0,326.0,0.0,0.0,30.0,0.0,30.0,0.0,30.0,0.0,0.0,0.0,0.0,0.0,0.0,0.0,0.0,0.0,battery2_v
2021-01-25T11:00:00Z,30.0,30.0,,,,,15.667,262.0,,,,12.753,12.772,,,,7097.0,7097.0,7097.0,,-10.533,41.267,,,,1.0,,,,,,,,,,327.0,356.0,0.0,0.0,3.0,0.0,30.0,0.0,30.0,0.0,0.0,0.0,0.0,0.0,0.0,0.0,0.0,0.0,battery2_v
2021-01-25T12:00:00Z,30.0,30.0,,,,,0.0,0.0,,,,12.748,12.767,,,,7097.0,7097.0,7097.0,,-10.1,46.2,,,,1.0,,,,,,,,,,357.0,386.0,0.0,0.0,0.0,0.0,30.0,0.0,30.0,0.0,0.0,2.0,0.0,0.0,0.0,0.0,0.0,0.0,battery2_v
2021-01-25T13:00:00Z,30.0,30.0,,,,,0.0,0.0,,,,12.744,12.753,,,,7097.0,7097.0,7097.0,,-9.9,48.933,,,,1.0,,,,,,,,,,387.0,416.0,0.0,0.0,0.0,0.0,30.0,0.0,30.0,0.0,0.0,8.0,0.0,0.0,0.0,0.0,0.0,0.0,battery2_v
2021-01-25T14:00:00Z,29.0,29.0,,,,,0.0,0.0,,,,12.739,12.748,,,,7097.0,7097.0,7097.0,,-9.621,53.207,,,,1.0,,,,,,,,,,417.0,445.0,0.0,0.0,0.0,0.0,29.0,0.0,29.0,0.0,0.0,19.0,0.0,0.0,0.0,0.0,0.0,0.0,battery2_v
2021-01-25T15:00:00Z,29.0,29.0,,,,,0.0,0.0,,,,12.729,12.744,,,,7097.0,7097.0,7097.0,,-9.241,56.966,,,,1.0,,,,,,,,,,446.0,475.0,0.0,0.0,0.0,0.0,29.0,0.0,29.0,0.0,0.0,26.0,0.0,0.0,0.0,0.0,0.0,0.0,battery2_v
2021-01-25T16:00:00Z,30.0,30.0,,,,,0.0,0.0,,,,12.729,12.744,,,,7097.0,7097.0,7097.0,,-9.067,61.167,,,,1.0,,,,,,,,,,476.0,505.0,0.0,0.0,0.0,0.0,30.0,0.0,30.0,0.0,0.0,29.0,0.0,0.0,0.0,0.0,0.0,0.0,battery2_v
2021-01-25T17:00:00Z,30.0,30.0,,,,,0.0,0.0,,,,12.725,12.739,,,,7097.0,7097.0,7097.0,,-8.9,63.5,,,,1.0,,,,,,,,,,506.0,535.0,0.0,0.0,0.0,0.0,30.0,0.0,30.0,0.0,0.0,30.0,0.0,0.0,0.0,0.0,0.0,0.0,battery2_v
2021-01-25T18:00:00Z,30.0,30.0,,,,,0.0,0.0,,,,12.72,12.729,,,,7097.0,7097.0,7097.0,,-9.0,62.733,,,,1.0,,,,,,,,,,536.0,565.0,0.0,0.0,0.0,0.0,30.0,0.0,30.0,0.0,0.0,30.0,0.0,0.0,0.0,0.0,0.0,0.0,battery2_v
2021-01-25T19:00:00Z,30.0,30.0,,,,,0.0,0.0,,,,12.715,12.729,,,,7097.0,7097.0,7097.0,,-8.633,65.433,,,,1.0,,,,,,,,,,566.0,595.0,0.0,0.0,0.0,0.0,30.0,0.0,30.0,0.0,0.0,30.0,0.0,0.0,0.0,0.0,0.0,0.0,battery2_v
2021-01-25T20:00:00Z,30.0,30.0,,,,,0.0,0.0,,,,12.715,12.729,,,,7097.0,7097.0,7097.0,,-8.633,69.033,,,,1.0,,,,,,,,,,596.0,625.0,0.0,0.0,0.0,0.0,30.0,0.0,30.0,0.0,0.0,30.0,0.0,0.0,0.0,0.0,0.0,0.0,battery2_v
2021-01-25T21:00:00Z,28.0,28.0,,,,,0.0,0.0,,,,12.71,12.72,,,,7097.0,7097.0,7097.0,,-8.5,70.25,,,,1.0,,,,,,,,,,626.0,654.0,0.0,0.0,0.0,0.0,28.0,0.0,28.0,0.0,0.0,28.0,0.0,0.0,0.0,0.0,0.0,0.0,battery2_v
2021-01-25T22:00:00Z,30.0,30.0,,,,,0.0,0.0,,,,12.706,12.72,,,,7097.0,7097.0,7097.0,,-8.167,72.8,,,,1.0,,,,,,,,,,655.0,684.0,0.0,0.0,0.0,0.0,30.0,0.0,30.0,0.0,0.0,30.0,0.0,0.0,0.0,0.0,0.0,0.0,battery2_v
2021-01-25T23:00:00Z,30.0,30.0,,,,,6568.0,13225.0,,,,12.568,12.715,,,,7097.0,7097.0,7097.0,,-29.0,45.8,,,,1.0,,,,,,,,,,685.0,714.0,0.0,0.0,28.0,0.0,30.0,0.0,30.0,0.0,11.0,19.0,0.0,0.0,0.0,0.0,0.0,0.0,battery2_v
2021-01-26T00:00:00Z,30.0,30.0,,,,,4864.633,13213.0,,,,12.578,12.72,,,,7097.0,7097.0,7097.0,,-9.69,67.167,,,,1.0,,,,,,,,,,715.0,744.0,0.0,0.0,30.0,0.0,30.0,0.0,30.0,0.0,1.0,28.0,0.0,0.0,0.0,0.0,0.0,0.0,battery2_v
2021-01-26T01:00:00Z,30.0,30.0,,,,,13078.433,13120.0,,,,12.668,12.734,,,,7097.0,7097.0,7097.0,,-5.966,66.967,,,,1.0,,,,,,,,,,745.0,774.0,0.0,0.0,30.0,0.0,30.0,0.0,30.0,0.0,0.0,29.0,0.0,0.0,0.0,0.0,0.0,0.0,battery2_v
2021-01-26T02:00:00Z,30.0,30.0,,,,,13020.867,13085.0,,,,12.696,12.796,,,,7097.0,7097.0,7097.0,,9.333,78.433,,,,1.0,,,,,,,,,,775.0,804.0,0.0,0.0,30.0,0.0,30.0,0.0,30.0,0.0,0.0,30.0,0.0,0.0,0.0,0.0,0.0,0.0,battery2_v
2021-01-26T03:00:00Z,30.0,30.0,,,,,13015.267,13693.0,,,,12.744,12.805,,,,7097.0,7097.0,7097.0,,15.833,80.567,,,,1.0,,,,,,,,,,805.0,834.0,0.0,0.0,30.0,0.0,30.0,0.0,30.0,0.0,0.0,30.0,0.0,0.0,0.0,0.0,0.0,0.0,battery2_v
2021-01-26T04:00:00Z,29.0,29.0,,,,,12996.724,13693.0,,,,12.734,12.848,,,,7097.0,7097.0,7097.0,,18.586,75.241,,,,1.0,,,,,,,,,,835.0,864.0,0.0,0.0,29.0,0.0,29.0,0.0,29.0,0.0,0.0,29.0,0.0,0.0,0.0,0.0,0.0,0.0,battery2_v
2021-01-26T05:00:00Z,30.0,30.0,,,,,12996.9,13085.0,,,,12.71,12.829,,,,7097.0,7097.0,7097.0,,14.633,63.067,,,,1.0,,,,,,,,,,865.0,894.0,0.0,0.0,30.0,0.0,30.0,0.0,30.0,0.0,0.0,25.0,0.0,0.0,0.0,0.0,0.0,0.0,battery2_v
2021-01-26T06:00:00Z,29.0,29.0,,,,,13048.897,13120.0,,,,12.668,12.786,,,,7097.0,7097.0,7097.0,,3.586,44.931,,,,1.0,,,,,,,,,,895.0,923.0,0.0,0.0,29.0,0.0,29.0,0.0,29.0,0.0,0.0,10.0,0.0,0.0,0.0,0.0,0.0,0.0,battery2_v
2021-01-26T07:00:00Z,30.0,30.0,,,,,13071.367,13740.0,,,,12.725,12.8,,,,7097.0,7097.0,7097.0,,10.4,58.6,,,,1.0,,,,,,,,,,924.0,953.0,0.0,0.0,30.0,0.0,30.0,0.0,30.0,0.0,0.0,25.0,0.0,0.0,0.0,0.0,0.0,0.0,battery2_v
2021-01-26T08:00:00Z,30.0,30.0,,,,,13101.867,13763.0,,,,12.673,12.852,,,,7097.0,7097.0,7097.0,,3.714,57.967,,,,1.0,,,,,,,,,,954.0,983.0,0.0,0.0,30.0,0.0,30.0,0.0,30.0,0.0,0.0,17.0,0.0,0.0,0.0,0.0,0.0,0.0,battery2_v
2021-01-26T09:00:00Z,30.0,30.0,,,,,11677.267,13155.0,,,,12.635,12.682,,,,7097.0,7097.0,7097.0,,-16.367,25.3,,,,1.0,,,,,,,,,,984.0,1013.0,0.0,0.0,30.0,0.0,30.0,0.0,30.0,0.0,0.0,0.0,0.0,0.0,0.0,0.0,0.0,0.0,battery2_v
2021-01-26T10:00:00Z,27.0,27.0,,,,,1659.074,4661.0,,,,12.663,12.682,,,,7097.0,7097.0,7097.0,,-10.333,44.519,,,,1.0,,,,,,,,,,1014.0,1043.0,0.0,0.0,27.0,0.0,27.0,0.0,27.0,0.0,0.0,7.0,0.0,0.0,0.0,0.0,0.0,0.0,battery2_v
2021-01-26T11:00:00Z,29.0,29.0,,,,,33.172,355.0,,,,12.663,12.673,,,,7097.0,7097.0,7097.0,,-8.138,75.828,,,,1.0,,,,,,,,,,1044.0,1072.0,0.0,0.0,4.0,0.0,29.0,0.0,29.0,0.0,0.0,28.0,0.0,0.0,0.0,0.0,0.0,0.0,battery2_v
2021-01-26T12:00:00Z,30.0,30.0,,,,,1.867,4.0,,,,12.658,12.673,,,,7097.0,7097.0,7097.0,,-7.933,78.933,,,,1.0,,,,,,,,,,1073.0,1102.0,0.0,0.0,0.0,0.0,30.0,0.0,30.0,0.0,0.0,30.0,0.0,0.0,0.0,0.0,0.0,0.0,battery2_v
2021-01-26T13:00:00Z,26.0,26.0,,,,,8.0,28.0,,,,12.649,12.668,,,,7097.0,7097.0,7097.0,,-8.654,70.385,,,,1.0,,,,,,,,,,1103.0,1132.0,0.0,0.0,0.0,0.0,26.0,0.0,26.0,0.0,0.0,26.0,0.0,0.0,0.0,0.0,0.0,0.0,battery2_v
2021-01-26T14:00:00Z,29.0,29.0,,,,,8.69,16.0,,,,12.649,12.663,,,,7097.0,7097.0,7097.0,,-8.966,62.966,,,,1.0,,,,,,,,,,1133.0,1161.0,0.0,0.0,0.0,0.0,29.0,0.0,29.0,0.0,0.0,29.0,0.0,0.0,0.0,0.0,0.0,0.0,battery2_v
2021-01-26T15:00:00Z,30.0,30.0,,,,,17.967,39.0,,,,12.644,12.658,,,,7097.0,7097.0,7097.0,,-9.033,61.467,,,,1.0,,,,,,,,,,1162.0,1191.0,0.0,0.0,0.0,0.0,30.0,0.0,30.0,0.0,0.0,29.0,0.0,0.0,0.0,0.0,0.0,0.0,battery2_v
2021-01-26T16:00:00Z,28.0,28.0,,,,,18.964,39.0,,,,12.644,12.658,,,,7097.0,7097.0,7097.0,,-9.107,61.714,,,,1.0,,,,,,,,,,1193.0,1221.0,0.0,0.0,0.0,0.0,28.0,0.0,28.0,0.0,0.0,28.0,0.0,0.0,0.0,0.0,0.0,0.0,battery2_v
2021-01-26T17:00:00Z,30.0,30.0,,,,,25.067,39.0,,,,12.639,12.654,,,,7097.0,7097.0,7097.0,,-9.067,60.067,,,,1.0,,,,,,,,,,1222.0,1251.0,0.0,0.0,0.0,0.0,30.0,0.0,30.0,0.0,0.0,28.0,0.0,0.0,0.0,0.0,0.0,0.0,battery2_v
2021-01-26T18:00:00Z,29.0,29.0,,,,,33.345,51.0,,,,12.635,12.644,,,,7097.0,7097.0,7097.0,,-9.172,61.207,,,,1.0,,,,,,,,,,1252.0,1281.0,0.0,0.0,0.0,0.0,29.0,0.0,29.0,0.0,0.0,27.0,0.0,0.0,0.0,0.0,0.0,0.0,battery2_v
2021-01-26T19:00:00Z,30.0,30.0,,,,,38.067,51.0,,,,12.635,12.644,,,,7097.0,7097.0,7097.0,,-8.967,67.667,,,,1.0,,,,,,,,,,1282.0,1311.0,0.0,0.0,0.0,0.0,30.0,0.0,30.0,0.0,0.0,30.0,0.0,0.0,0.0,0.0,0.0,0.0,battery2_v
2021-01-26T20:00:00Z,29.0,29.0,,,,,45.621,63.0,,,,12.63,12.639,,,,7097.0,7097.0,7097.0,,-8.586,72.0,,,,1.0,,,,,,,,,,1312.0,1340.0,0.0,0.0,2.0,0.0,29.0,0.0,29.0,0.0,0.0,29.0,0.0,0.0,0.0,0.0,0.0,0.0,battery2_v
2021-01-26T21:00:00Z,29.0,29.0,,,,,54.724,63.0,,,,12.62,12.639,,,,7097.0,7097.0,7097.0,,-8.655,70.276,,,,1.0,,,,,,,,,,1341.0,1370.0,0.0,0.0,12.0,0.0,29.0,0.0,29.0,0.0,0.0,29.0,0.0,0.0,0.0,0.0,0.0,0.0,battery2_v
2021-01-26T22:00:00Z,30.0,30.0,,,,,75.6,180.0,,,,12.616,12.63,,,,7097.0,7097.0,7097.0,,-8.733,68.767,,,,1.0,,,,,,,,,,1371.0,1400.0,0.0,0.0,28.0,0.0,30.0,0.0,30.0,0.0,0.0,30.0,0.0,0.0,0.0,0.0,0.0,0.0,battery2_v
2021-01-26T23:00:00Z,30.0,30.0,,,,,6103.867,13354.0,,,,12.483,12.63,,,,7097.0,7097.0,7097.0,,-26.967,48.767,,,,1.0,,,,,,,,,,1401.0,1430.0,0.0,0.0,30.0,0.0,30.0,0.0,30.0,0.0,10.0,20.0,0.0,0.0,0.0,0.0,0.0,0.0,battery2_v
2021-01-27T00:00:00Z,30.0,30.0,,,,,2437.4,3292.0,,,,12.611,12.625,,,,7097.0,7097.0,7097.0,,-8.367,73.833,,,,1.0,,,,,,,,,,1431.0,1460.0,0.0,0.0,30.0,0.0,30.0,0.0,30.0,0.0,0.0,29.0,0.0,0.0,0.0,0.0,0.0,0.0,battery2_v
2021-01-27T01:00:00Z,30.0,30.0,,,,,13280.933,13845.0,,,,12.611,12.673,,,,7097.0,7097.0,7097.0,,1.107,80.3,,,,1.0,,,,,,,,,,1461.0,1490.0,0.0,0.0,30.0,0.0,30.0,0.0,30.0,0.0,0.0,30.0,0.0,0.0,0.0,0.0,0.0,0.0,battery2_v
2021-01-27T02:00:00Z,29.0,29.0,,,,,13139.897,13822.0,,,,12.639,12.71,,,,7097.0,7097.0,7097.0,,10.793,84.724,,,,1.0,,,,,,,,,,1491.0,1520.0,0.0,0.0,29.0,0.0,29.0,0.0,29.0,0.0,0.0,29.0,0.0,0.0,0.0,0.0,0.0,0.0,battery2_v
2021-01-27T03:00:00Z,29.0,29.0,,,,,13083.034,13120.0,,,,12.677,12.729,,,,7097.0,7097.0,7097.0,,16.793,81.759,,,,1.0,,,,,,,,,,1521.0,1549.0,0.0,0.0,29.0,0.0,29.0,0.0,29.0,0.0,0.0,29.0,0.0,0.0,0.0,0.0,0.0,0.0,battery2_v
2021-01-27T04:00:00Z,29.0,29.0,,,,,13017.828,13096.0,,,,12.701,12.8,,,,7097.0,7097.0,7097.0,,26.207,85.621,,,,1.0,,,,,,,,,,1550.0,1579.0,0.0,0.0,29.0,0.0,29.0,0.0,29.0,0.0,0.0,29.0,0.0,0.0,0.0,0.0,0.0,0.0,battery2_v
2021-01-27T05:00:00Z,29.0,29.0,,,,,13027.828,13705.0,,,,12.691,12.81,,,,7097.0,7097.0,7097.0,,27.552,79.241,,,,1.0,,,,,,,,,,1580.0,1609.0,0.0,0.0,29.0,0.0,29.0,0.0,29.0,0.0,0.0,29.0,0.0,0.0,0.0,0.0,0.0,0.0,battery2_v
2021-01-27T06:00:00Z,30.0,30.0,,,,,13119.8,13775.0,,,,12.706,12.767,,,,7097.0,7097.0,7097.0,,17.0,62.5,,,,1.0,,,,,,,,,,1610.0,1639.0,0.0,0.0,30.0,0.0,30.0,0.0,30.0,0.0,0.0,29.0,0.0,0.0,0.0,0.0,0.0,0.0,battery2_v
2021-01-27T07:00:00Z,30.0,30.0,,,,,13091.667,13787.0,,,,12.673,12.753,,,,7097.0,7097.0,7097.0,,15.3,67.067,,,,1.0,,,,,,,,,,1640.0,1669.0,0.0,0.0,30.0,0.0,30.0,0.0,30.0,0.0,0.0,30.0,0.0,0.0,0.0,0.0,0.0,0.0,battery2_v
2021-01-27T08:00:00Z,30.0,30.0,,,,,13157.6,13588.0,,,,12.597,12.715,,,,7097.0,7097.0,7097.0,,2.429,56.933,,,,1.0,,,,,,,,,,1670.0,1699.0,0.0,0.0,30.0,0.0,30.0,0.0,30.0,0.0,0.0,16.0,0.0,0.0,0.0,0.0,0.0,0.0,battery2_v
2021-01-27T09:00:00Z,29.0,29.0,,,,,11915.069,13237.0,,,,12.507,12.602,,,,7097.0,7097.0,7097.0,,-14.931,30.414,,,,1.0,,,,,,,,,,1700.0,1729.0,0.0,0.0,29.0,0.0,29.0,0.0,29.0,0.0,0.0,0.0,0.0,0.0,0.0,0.0,0.0,0.0,battery2_v
2021-01-27T10:00:00Z,29.0,29.0,,,,,1883.793,4860.0,,,,12.592,12.602,,,,7097.0,7097.0,7097.0,,-10.586,41.103,,,,1.0,,,,,,,,,,1730.0,1758.0,0.0,0.0,29.0,0.0,29.0,0.0,29.0,0.0,0.0,2.0,0.0,0.0,0.0,0.0,0.0,0.0,battery2_v
2021-01-27T11:00:00Z,30.0,30.0,,,,,212.067,613.0,,,,12.583,12.597,,,,7097.0,7097.0,7097.0,,-10.267,45.867,,,,1.0,,,,,,,,,,1759.0,1788.0,0.0,0.0,30.0,0.0,30.0,0.0,30.0,0.0,0.0,5.0,0.0,0.0,0.0,0.0,0.0,0.0,battery2_v
2021-01-27T12:00:00Z,30.0,30.0,,,,,132.167,156.0,,,,12.583,12.597,,,,7097.0,7097.0,7097.0,,-10.133,46.2,,,,1.0,,,,,,,,,,1789.0,1818.0,0.0,0.0,30.0,0.0,30.0,0.0,30.0,0.0,0.0,7.0,0.0,0.0,0.0,0.0,0.0,0.0,battery2_v
2021-01-27T13:00:00Z,28.0,28.0,,,,,150.607,168.0,,,,12.583,12.592,,,,7097.0,7097.0,7097.0,,-10.214,46.393,,,,1.0,,,,,,,,,,1819.0,1847.0,0.0,0.0,28.0,0.0,28.0,0.0,28.0,0.0,0.0,9.0,0.0,0.0,0.0,0.0,0.0,0.0,battery2_v
2021-01-27T14:00:00Z,30.0,30.0,,,,,157.0,180.0,,,,12.578,12.592,,,,7097.0,7097.0,7097.0,,-9.867,52.4,,,,1.0,,,,,,,,,,1848.0,1877.0,0.0,0.0,30.0,0.0,30.0,0.0,30.0,0.0,0.0,20.0,0.0,0.0,0.0,0.0,0.0,0.0,battery2_v
2021-01-27T15:00:00Z,30.0,30.0,,,,,166.0,180.0,,,,12.578,12.587,,,,7097.0,7097.0,7097.0,,-9.9,54.333,,,,1.0,,,,,,,,,,1878.0,1907.0,0.0,0.0,30.0,0.0,30.0,0.0,30.0,0.0,0.0,24.0,0.0,0.0,0.0,0.0,0.0,0.0,battery2_v
2021-01-27T16:00:00Z,30.0,30.0,,,,,172.733,191.0,,,,12.568,12.583,,,,7097.0,7097.0,7097.0,,-9.767,54.667,,,,1.0,,,,,,,,,,1908.0,1937.0,0.0,0.0,30.0,0.0,30.0,0.0,30.0,0.0,0.0,23.0,0.0,0.0,0.0,0.0,0.0,0.0,battery2_v
2021-01-27T17:00:00Z,30.0,30.0,,,,,185.867,203.0,,,,12.568,12.578,,,,7097.0,7097.0,7097.0,,-9.533,55.3,,,,1.0,,,,,,,,,,1938.0,1967.0,0.0,0.0,30.0,0.0,30.0,0.0,30.0,0.0,0.0,20.0,0.0,0.0,0.0,0.0,0.0,0.0,battery2_v
2021-01-27T18:00:00Z,30.0,30.0,,,,,190.8,203.0,,,,12.568,12.578,,,,7097.0,7097.0,7097.0,,-9.267,60.367,,,,1.0,,,,,,,,,,1968.0,1997.0,0.0,0.0,30.0,0.0,30.0,0.0,30.0,0.0,0.0,28.0,0.0,0.0,0.0,0.0,0.0,0.0,battery2_v
2021-01-27T19:00:00Z,30.0,30.0,,,,,199.8,215.0,,,,12.564,12.573,,,,7097.0,7097.0,7097.0,,-9.067,64.967,,,,1.0,,,,,,,,,,1998.0,2027.0,0.0,0.0,30.0,0.0,30.0,0.0,30.0,0.0,0.0,30.0,0.0,0.0,0.0,0.0,0.0,0.0,battery2_v
2021-01-27T20:00:00Z,30.0,30.0,,,,,211.667,238.0,,,,12.554,12.568,,,,7097.0,7097.0,7097.0,,-8.967,66.033,,,,1.0,,,,,,,,,,2028.0,2057.0,0.0,0.0,30.0,0.0,30.0,0.0,30.0,0.0,0.0,29.0,0.0,0.0,0.0,0.0,0.0,0.0,battery2_v
2021-01-27T21:00:00Z,29.0,29.0,,,,,219.966,238.0,,,,12.554,12.568,,,,7097.0,7097.0,7097.0,,-8.69,68.966,,,,1.0,,,,,,,,,,2058.0,2086.0,0.0,0.0,29.0,0.0,29.0,0.0,29.0,0.0,0.0,29.0,0.0,0.0,0.0,0.0,0.0,0.0,battery2_v
2021-01-27T22:00:00Z,30.0,30.0,,,,,234.433,285.0,,,,12.554,12.564,,,,7097.0,7097.0,7097.0,,-8.667,69.767,,,,1.0,,,,,,,,,,2087.0,2116.0,0.0,0.0,30.0,0.0,30.0,0.0,30.0,0.0,0.0,30.0,0.0,0.0,0.0,0.0,0.0,0.0,battery2_v
2021-01-27T23:00:00Z,30.0,30.0,,,,,4870.567,13471.0,,,,12.417,12.559,,,,7097.0,7097.0,7097.0,,-19.767,56.8,,,,1.0,,,,,,,,,,2117.0,2146.0,0.0,0.0,30.0,0.0,30.0,0.0,30.0,0.0,6.0,24.0,0.0,0.0,0.0,0.0,0.0,0.0,battery2_v
2021-01-28T00:00:00Z,30.0,30.0,,,,,4586.3,13249.0,,,,12.545,12.564,,,,7097.0,7097.0,7097.0,,-8.167,71.167,,,,1.0,,,,,,,,,,2147.0,2176.0,0.0,0.0,30.0,0.0,30.0,0.0,30.0,0.0,0.0,30.0,0.0,0.0,0.0,0.0,0.0,0.0,battery2_v
2021-01-28T01:00:00Z,30.0,30.0,,,,,13250.067,13915.0,,,,12.545,12.597,,,,7097.0,7097.0,7097.0,,0.929,73.267,,,,1.0,,,,,,,,,,2177.0,2206.0,0.0,0.0,30.0,0.0,30.0,0.0,30.0,0.0,0.0,30.0,0.0,0.0,0.0,0.0,0.0,0.0,battery2_v
2021-01-28T02:00:00Z,30.0,30.0,,,,,13209.2,13892.0,,,,12.578,12.644,,,,7097.0,7097.0,7097.0,,14.267,84.1,,,,1.0,,,,,,,,,,2207.0,2236.0,0.0,0.0,30.0,0.0,30.0,0.0,30.0,0.0,0.0,30.0,0.0,0.0,0.0,0.0,0.0,0.0,battery2_v
2021-01-28T03:00:00Z,30.0,30.0,,,,,13149.067,13190.0,,,,12.597,12.706,,,,7097.0,7097.0,7097.0,,19.133,82.867,,,,1.0,,,,,,,,,,2237.0,2266.0,0.0,0.0,30.0,0.0,30.0,0.0,30.0,0.0,0.0,30.0,0.0,0.0,0.0,0.0,0.0,0.0,battery2_v
2021-01-28T04:00:00Z,30.0,30.0,,,,,13122.6,13167.0,,,,12.616,12.734,,,,7097.0,7097.0,7097.0,,22.733,81.233,,,,1.0,,,,,,,,,,2267.0,2296.0,0.0,0.0,30.0,0.0,30.0,0.0,30.0,0.0,0.0,30.0,0.0,0.0,0.0,0.0,0.0,0.0,battery2_v
2021-01-28T05:00:00Z,28.0,28.0,,,,,13153.25,13213.0,,,,12.578,12.725,,,,7097.0,7097.0,7097.0,,12.429,63.25,,,,1.0,,,,,,,,,,2297.0,2325.0,0.0,0.0,28.0,0.0,28.0,0.0,28.0,0.0,0.0,23.0,0.0,0.0,0.0,0.0,0.0,0.0,battery2_v
2021-01-28T06:00:00Z,30.0,30.0,,,,,13155.5,13213.0,,,,12.583,12.673,,,,7097.0,7097.0,7097.0,,14.833,56.467,,,,1.0,,,,,,,,,,2326.0,2355.0,0.0,0.0,30.0,0.0,30.0,0.0,30.0,0.0,0.0,20.0,0.0,0.0,0.0,0.0,0.0,0.0,battery2_v
2021-01-28T07:00:00Z,30.0,30.0,,,,,13190.733,13237.0,,,,12.568,12.625,,,,7097.0,7097.0,7097.0,,7.333,45.567,,,,1.0,,,,,,,,,,2356.0,2385.0,0.0,0.0,30.0,0.0,30.0,0.0,30.0,0.0,0.0,9.0,0.0,0.0,0.0,0.0,0.0,0.0,battery2_v
2021-01-28T08:00:00Z,30.0,30.0,,,,,13245.3,13915.0,,,,12.545,12.611,,,,7097.0,7097.0,7097.0,,0.0,33.867,,,,1.0,,,,,,,,,,2386.0,2415.0,0.0,0.0,30.0,0.0,30.0,0.0,30.0,0.0,0.0,0.0,0.0,0.0,0.0,0.0,0.0,0.0,battery2_v
2021-01-28T09:00:00Z,29.0,29.0,,,,,12956.793,13354.0,,,,12.497,12.55,,,,7097.0,7097.0,7097.0,,-16.138,12.621,,,,1.0,,,,,,,,,,2416.0,2445.0,0.0,0.0,29.0,0.0,29.0,0.0,29.0,0.0,0.0,0.0,0.0,0.0,0.0,0.0,0.0,0.0,battery2_v
2021-01-28T10:00:00Z,30.0,30.0,,,,,4440.4,13354.0,,,,12.493,12.54,,,,7097.0,7097.0,7097.0,,-14.633,23.067,,,,1.0,,,,,,,,,,2446.0,2475.0,0.0,0.0,30.0,0.0,30.0,0.0,30.0,0.0,0.0,0.0,0.0,0.0,0.0,0.0,0.0,0.0,battery2_v
2021-01-28T11:00:00Z,29.0,29.0,,,,,491.552,1572.0,,,,12.521,12.535,,,,7097.0,7097.0,7097.0,,-10.862,37.207,,,,1.0,,,,,,,,,,2476.0,2505.0,0.0,0.0,29.0,0.0,29.0,0.0,29.0,0.0,0.0,1.0,0.0,0.0,0.0,0.0,0.0,0.0,battery2_v
2021-01-28T12:00:00Z,28.0,28.0,,,,,302.643,320.0,,,,12.516,12.535,,,,7097.0,7097.0,7097.0,,-10.5,44.929,,,,1.0,,,,,,,,,,2506.0,2534.0,0.0,0.0,28.0,0.0,28.0,0.0,28.0,0.0,0.0,6.0,0.0,0.0,0.0,0.0,0.0,0.0,battery2_v
2021-01-28T13:00:00Z,27.0,27.0,,,,,314.333,332.0,,,,12.512,12.526,,,,7097.0,7097.0,7097.0,,-10.222,49.074,,,,1.0,,,,,,,,,,2535.0,2564.0,0.0,0.0,27.0,0.0,27.0,0.0,27.0,0.0,0.0,10.0,0.0,0.0,0.0,0.0,0.0,0.0,battery2_v
2021-01-28T14:00:00Z,28.0,28.0,,,,,314.0,332.0,,,,12.507,12.526,,,,7097.0,7097.0,7097.0,,-10.214,49.357,,,,1.0,,,,,,,,,,2565.0,2594.0,0.0,0.0,28.0,0.0,28.0,0.0,28.0,0.0,0.0,12.0,0.0,0.0,0.0,0.0,0.0,0.0,battery2_v
2021-01-28T15:00:00Z,29.0,29.0,,,,,324.966,332.0,,,,12.507,12.526,,,,7097.0,7097.0,7097.0,,-10.069,51.517,,,,1.0,,,,,,,,,,2595.0,2623.0,0.0,0.0,29.0,0.0,29.0,0.0,29.0,0.0,0.0,15.0,0.0,0.0,0.0,0.0,0.0,0.0,battery2_v
2021-01-28T16:00:00Z,30.0,30.0,,,,,334.133,355.0,,,,12.502,12.516,,,,7097.0,7097.0,7097.0,,-9.867,55.7,,,,1.0,,,,,,,,,,2624.0,2653.0,0.0,0.0,30.0,0.0,30.0,0.0,30.0,0.0,0.0,28.0,0.0,0.0,0.0,0.0,0.0,0.0,battery2_v
2021-01-28T17:00:00Z,30.0,30.0,,,,,344.433,367.0,,,,12.497,12.512,,,,7097.0,7097.0,7097.0,,-9.733,57.6,,,,1.0,,,,,,,,,,2654.0,2683.0,0.0,0.0,30.0,0.0,30.0,0.0,30.0,0.0,0.0,23.0,0.0,0.0,0.0,0.0,0.0,0.0,battery2_v
2021-01-28T18:00:00Z,30.0,30.0,,,,,355.4,367.0,,,,12.493,12.507,,,,7097.0,7097.0,7097.0,,-9.567,57.333,,,,1.0,,,,,,,,,,2684.0,2713.0,0.0,0.0,30.0,0.0,30.0,0.0,30.0,0.0,0.0,23.0,0.0,0.0,0.0,0.0,0.0,0.0,battery2_v
2021-01-28T19:00:00Z,30.0,30.0,,,,,360.2,379.0,,,,12.488,12.502,,,,7097.0,7097.0,7097.0,,-9.267,61.833,,,,1.0,,,,,,,,,,2714.0,2743.0,0.0,0.0,30.0,0.0,30.0,0.0,30.0,0.0,0.0,28.0,0.0,0.0,0.0,0.0,0.0,0.0,battery2_v
2021-01-28T20:00:00Z,30.0,30.0,,,,,367.4,379.0,,,,12.488,12.497,,,,7097.0,7097.0,7097.0,,-9.033,64.0,,,,1.0,,,,,,,,,,2744.0,2773.0,0.0,0.0,30.0,0.0,30.0,0.0,30.0,0.0,0.0,29.0,0.0,0.0,0.0,0.0,0.0,0.0,battery2_v
2021-01-28T21:00:00Z,30.0,30.0,,,,,376.533,390.0,,,,12.483,12.493,,,,7097.0,7097.0,7097.0,,-8.933,66.767,,,,1.0,,,,,,,,,,2774.0,2803.0,0.0,0.0,30.0,0.0,30.0,0.0,30.0,0.0,0.0,30.0,0.0,0.0,0.0,0.0,0.0,0.0,battery2_v
2021-01-28T22:00:00Z,30.0,30.0,,,,,389.467,449.0,,,,12.474,12.493,,,,7097.0,7097.0,7097.0,,-8.767,71.967,,,,1.0,,,,,,,,,,2804.0,2833.0,0.0,0.0,30.0,0.0,30.0,0.0,30.0,0.0,0.0,30.0,0.0,0.0,0.0,0.0,0.0,0.0,battery2_v
2021-01-28T23:00:00Z,30.0,30.0,,,,,4479.033,13541.0,,,,12.341,12.488,,,,7097.0,7097.0,7097.0,,-16.167,62.233,,,,1.0,,,,,,,,,,2834.0,2863.0,0.0,0.0,30.0,0.0,30.0,0.0,30.0,0.0,4.0,26.0,0.0,0.0,0.0,0.0,0.0,0.0,battery2_v
2021-01-29T00:00:00Z,29.0,29.0,,,,,2712.448,3105.0,,,,12.469,12.483,,,,7097.0,7097.0,7097.0,,-8.345,76.448,,,,1.0,,,,,,,,,,2864.0,2892.0,0.0,0.0,29.0,0.0,29.0,0.0,29.0,0.0,0.0,29.0,0.0,0.0,0.0,0.0,0.0,0.0,battery2_v
2021-01-29T01:00:00Z,30.0,30.0,,,,,9084.667,13401.0,,,,12.464,12.493,,,,7097.0,7097.0,7097.0,,-5.679,83.8,,,,1.0,,,,,,,,,,2893.0,2922.0,0.0,0.0,30.0,0.0,30.0,0.0,30.0,0.0,0.0,30.0,0.0,0.0,0.0,0.0,0.0,0.0,battery2_v
2021-01-29T02:00:00Z,30.0,30.0,,,,,13323.0,13354.0,,,,12.493,12.531,,,,7097.0,7097.0,7097.0,,3.967,82.2,,,,1.0,,,,,,,,,,2923.0,2952.0,0.0,0.0,30.0,0.0,30.0,0.0,30.0,0.0,0.0,30.0,0.0,0.0,0.0,0.0,0.0,0.0,battery2_v
2021-01-29T03:00:00Z,30.0,30.0,,,,,13314.867,13974.0,,,,12.497,12.55,,,,7097.0,7097.0,7097.0,,9.0,77.033,,,,1.0,,,,,,,,,,2953.0,2982.0,0.0,0.0,30.0,0.0,30.0,0.0,30.0,0.0,0.0,30.0,0.0,0.0,0.0,0.0,0.0,0.0,battery2_v
2021-01-29T04:00:00Z,29.0,29.0,,,,,13302.552,13342.0,,,,12.502,12.545,,,,7097.0,7097.0,7097.0,,6.793,63.414,,,,1.0,,,,,,,,,,2983.0,3012.0,0.0,0.0,29.0,0.0,29.0,0.0,29.0,0.0,0.0,26.0,0.0,0.0,0.0,0.0,0.0,0.0,battery2_v
2021-01-29T05:00:00Z,30.0,30.0,,,,,13363.067,13997.0,,,,12.493,12.512,,,,7097.0,7097.0,7097.0,,0.6,47.233,,,,1.0,,,,,,,,,,3013.0,3042.0,0.0,0.0,30.0,0.0,30.0,0.0,30.0,0.0,0.0,8.0,0.0,0.0,0.0,0.0,0.0,0.0,battery2_v
2021-01-29T06:00:00Z,29.0,29.0,,,,,13427.931,13997.0,,,,12.497,12.516,,,,7097.0,7097.0,7097.0,,1.966,44.448,,,,1.0,,,,,,,,,,3043.0,3072.0,0.0,0.0,29.0,0.0,29.0,0.0,29.0,0.0,0.0,5.0,0.0,0.0,0.0,0.0,0.0,0.0,battery2_v
2021-01-29T07:00:00Z,30.0,30.0,,,,,13360.433,13997.0,,,,12.46,12.526,,,,7097.0,7097.0,7097.0,,2.1,38.967,,,,1.0,,,,,,,,,,3073.0,3102.0,0.0,0.0,30.0,0.0,30.0,0.0,30.0,0.0,0.0,3.0,0.0,0.0,0.0,0.0,0.0,0.0,battery2_v
2021-01-29T08:00:00Z,29.0,29.0,,,,,13372.759,13997.0,,,,12.45,12.535,,,,7097.0,7097.0,7097.0,,0.444,30.931,,,,1.0,,,,,,,,,,3103.0,3131.0,0.0,0.0,29.0,0.0,29.0,0.0,29.0,0.0,0.0,0.0,0.0,0.0,0.0,0.0,0.0,0.0,battery2_v
2021-01-29T09:00:00Z,30.0,30.0,,,,,13431.3,13459.0,,,,12.422,12.474,,,,7097.0,7097.0,7097.0,,-18.233,8.167,,,,1.0,,,,,,,,,,3132.0,3161.0,0.0,0.0,30.0,0.0,30.0,0.0,30.0,0.0,0.0,0.0,0.0,0.0,0.0,0.0,0.0,0.0,battery2_v
2021-01-29T10:00:00Z,30.0,30.0,,,,,6416.533,13471.0,,,,12.412,12.455,,,,7097.0,7097.0,7097.0,,-16.9,23.6,,,,1.0,,,,,,,,,,3162.0,3191.0,0.0,0.0,30.0,0.0,30.0,0.0,30.0,0.0,0.0,0.0,0.0,0.0,0.0,0.0,0.0,0.0,battery2_v
2021-01-29T11:00:00Z,30.0,30.0,,,,,523.8,964.0,,,,12.441,12.45,,,,7097.0,7097.0,7097.0,,-10.267,48.767,,,,1.0,,,,,,,,,,3192.0,3221.0,0.0,0.0,30.0,0.0,30.0,0.0,30.0,0.0,0.0,11.0,0.0,0.0,0.0,0.0,0.0,0.0,battery2_v
2021-01-29T12:00:00Z,28.0,28.0,,,,,468.571,484.0,,,,12.436,12.45,,,,7097.0,7097.0,7097.0,,-9.714,57.071,,,,1.0,,,,,,,,,,3222.0,3251.0,0.0,0.0,28.0,0.0,28.0,0.0,28.0,0.0,0.0,25.0,0.0,0.0,0.0,0.0,0.0,0.0,battery2_v
2021-01-29T13:00:00Z,24.0,24.0,,,,,479.0,496.0,,,,12.431,12.441,,,,7097.0,7097.0,7097.0,,-10.083,50.708,,,,1.0,,,,,,,,,,3252.0,3280.0,0.0,0.0,24.0,0.0,24.0,0.0,24.0,0.0,0.0,12.0,0.0,0.0,0.0,0.0,0.0,0.0,battery2_v
2021-01-29T14:00:00Z,28.0,28.0,,,,,492.464,507.0,,,,12.427,12.436,,,,7097.0,7097.0,7097.0,,-10.143,49.286,,,,1.0,,,,,,,,,,3281.0,3310.0,0.0,0.0,28.0,0.0,28.0,0.0,28.0,0.0,0.0,11.0,0.0,0.0,0.0,0.0,0.0,0.0,battery2_v
2021-01-29T15:00:00Z,29.0,29.0,,,,,500.586,519.0,,,,12.422,12.436,,,,7097.0,7097.0,7097.0,,-10.138,49.483,,,,1.0,,,,,,,,,,3311.0,3339.0,0.0,0.0,29.0,0.0,29.0,0.0,29.0,0.0,0.0,14.0,0.0,0.0,0.0,0.0,0.0,0.0,battery2_v
2021-01-29T16:00:00Z,30.0,30.0,,,,,501.567,519.0,,,,12.422,12.431,,,,7097.0,7097.0,7097.0,,-9.9,55.8,,,,1.0,,,,,,,,,,3340.0,3369.0,0.0,0.0,30.0,0.0,30.0,0.0,30.0,0.0,0.0,25.0,0.0,0.0,0.0,0.0,0.0,0.0,battery2_v
2021-01-29T17:00:00Z,30.0,30.0,,,,,507.2,531.0,,,,12.417,12.431,,,,7097.0,7097.0,7097.0,,-9.667,59.533,,,,1.0,,,,,,,,,,3370.0,3399.0,0.0,0.0,30.0,0.0,30.0,0.0,30.0,0.0,0.0,28.0,0.0,0.0,0.0,0.0,0.0,0.0,battery2_v
2021-01-29T18:00:00Z,30.0,30.0,,,,,515.8,531.0,,,,12.417,12.422,,,,7097.0,7097.0,7097.0,,-9.5,62.067,,,,1.0,,,,,,,,,,3400.0,3429.0,0.0,0.0,30.0,0.0,30.0,0.0,30.0,0.0,0.0,30.0,0.0,0.0,0.0,0.0,0.0,0.0,battery2_v
2021-01-29T19:00:00Z,29.0,29.0,,,,,528.793,542.0,,,,12.408,12.427,,,,7097.0,7097.0,7097.0,,-9.172,61.448,,,,1.0,,,,,,,,,,3431.0,3459.0,0.0,0.0,29.0,0.0,29.0,0.0,29.0,0.0,0.0,29.0,0.0,0.0,0.0,0.0,0.0,0.0,battery2_v
2021-01-29T20:00:00Z,29.0,29.0,,,,,537.931,554.0,,,,12.408,12.417,,,,7097.0,7097.0,7097.0,,-8.897,68.31,,,,1.0,,,,,,,,,,3460.0,3489.0,0.0,0.0,29.0,0.0,29.0,0.0,29.0,0.0,0.0,29.0,0.0,0.0,0.0,0.0,0.0,0.0,battery2_v
2021-01-29T21:00:00Z,30.0,30.0,,,,,541.1,566.0,,,,12.408,12.417,,,,7097.0,7097.0,7097.0,,-8.567,74.1,,,,1.0,,,,,,,,,,3490.0,3519.0,0.0,0.0,30.0,0.0,30.0,0.0,30.0,0.0,0.0,30.0,0.0,0.0,0.0,0.0,0.0,0.0,battery2_v
2021-01-29T22:00:00Z,30.0,30.0,,,,,551.2,577.0,,,,12.398,12.412,,,,7097.0,7097.0,7097.0,,-8.2,79.2,,,,1.0,,,,,,,,,,3520.0,3549.0,0.0,0.0,30.0,0.0,30.0,0.0,30.0,0.0,0.0,30.0,0.0,0.0,0.0,0.0,0.0,0.0,battery2_v
2021-01-29T23:00:00Z,29.0,29.0,,,,,4621.552,13611.0,,,,12.266,12.412,,,,7097.0,7097.0,7097.0,,-18.0,67.655,,,,1.0,,,,,,,,,,3550.0,3578.0,0.0,0.0,29.0,0.0,29.0,0.0,29.0,0.0,5.0,24.0,0.0,0.0,0.0,0.0,0.0,0.0,battery2_v
2021-01-30T00:00:00Z,30.0,30.0,,,,,6077.367,13494.0,,,,12.393,12.408,,,,7097.0,7097.0,7097.0,,-7.533,77.333,,,,1.0,,,,,,,,,,3579.0,3608.0,0.0,0.0,30.0,0.0,30.0,0.0,30.0,0.0,0.0,30.0,0.0,0.0,0.0,0.0,0.0,0.0,battery2_v
2021-01-30T01:00:00Z,30.0,30.0,,,,,13475.2,14079.0,,,,12.408,12.45,,,,7097.0,7097.0,7097.0,,4.036,85.267,,,,1.0,,,,,,,,,,3609.0,3638.0,0.0,0.0,30.0,0.0,30.0,0.0,30.0,0.0,0.0,30.0,0.0,0.0,0.0,0.0,0.0,0.0,battery2_v
2021-01-30T02:00:00Z,30.0,30.0,,,,,13396.4,13447.0,,,,12.431,12.535,,,,7097.0,7097.0,7097.0,,13.367,92.5,,,,1.0,,,,,,,,,,3639.0,3668.0,0.0,0.0,30.0,0.0,30.0,0.0,30.0,0.0,0.0,30.0,0.0,0.0,0.0,0.0,0.0,0.0,battery2_v
2021-01-30T03:00:00Z,30.0,30.0,,,,,13325.433,13366.0,,,,12.488,12.526,,,,7097.0,7097.0,7097.0,,20.867,102.2,,,,1.0,,,,,,,,,,3669.0,3698.0,0.0,0.0,30.0,0.0,30.0,0.0,30.0,0.0,0.0,30.0,0.0,0.0,0.0,0.0,0.0,0.0,battery2_v
2021-01-30T04:00:00Z,28.0,28.0,,,,,13369.321,14032.0,,,,12.464,12.526,,,,7097.0,7097.0,7097.0,,16.321,90.464,,,,1.0,,,,,,,,,,3699.0,3728.0,0.0,0.0,28.0,0.0,28.0,0.0,28.0,0.0,0.0,28.0,0.0,0.0,0.0,0.0,0.0,0.0,battery2_v
2021-01-30T05:00:00Z,30.0,30.0,,,,,13417.833,13436.0,,,,12.441,12.474,,,,7097.0,7097.0,7097.0,,7.833,71.167,,,,1.0,,,,,,,,,,3729.0,3758.0,0.0,0.0,30.0,0.0,30.0,0.0,30.0,0.0,0.0,30.0,0.0,0.0,0.0,0.0,0.0,0.0,battery2_v
2021-01-30T06:00:00Z,29.0,29.0,,,,,13458.655,14079.0,,,,12.422,12.493,,,,7097.0,7097.0,7097.0,,8.69,66.966,,,,1.0,,,,,,,,,,3759.0,3787.0,0.0,0.0,29.0,0.0,29.0,0.0,29.0,0.0,0.0,29.0,0.0,0.0,0.0,0.0,0.0,0.0,battery2_v
2021-01-30T07:00:00Z,30.0,30.0,,,,,13450.133,14068.0,,,,12.427,12.479,,,,7097.0,7097.0,7097.0,,7.267,58.433,,,,1.0,,,,,,,,,,3788.0,3817.0,0.0,0.0,30.0,0.0,30.0,0.0,30.0,0.0,0.0,22.0,0.0,0.0,0.0,0.0,0.0,0.0,battery2_v
2021-01-30T08:00:00Z,30.0,30.0,,,,,13488.567,14068.0,,,,12.403,12.488,,,,7097.0,7097.0,7097.0,,3.643,46.433,,,,1.0,,,,,,,,,,3818.0,3847.0,0.0,0.0,30.0,0.0,30.0,0.0,30.0,0.0,0.0,11.0,0.0,0.0,0.0,0.0,0.0,0.0,battery2_v
2021-01-30T09:00:00Z,30.0,30.0,,,,,13196.267,13541.0,,,,12.346,12.403,,,,7097.0,7097.0,7097.0,,-16.7,20.9,,,,1.0,,,,,,,,,,3848.0,3877.0,0.0,0.0,30.0,0.0,30.0,0.0,30.0,0.0,0.0,0.0,0.0,0.0,0.0,0.0,0.0,0.0,battery2_v
2021-01-30T10:00:00Z,29.0,29.0,,,,,5125.448,13541.0,,,,12.341,12.384,,,,7097.0,7097.0,7097.0,,-13.414,46.0,,,,1.0,,,,,,,,,,3878.0,3907.0,0.0,0.0,29.0,0.0,29.0,0.0,29.0,0.0,0.0,11.0,0.0,0.0,0.0,0.0,0.0,0.0,battery2_v
2021-01-30T11:00:00Z,30.0,30.0,,,,,675.1,1045.0,,,,12.374,12.389,,,,7097.0,7097.0,7097.0,,-10.033,54.6,,,,1.0,,,,,,,,,,3908.0,3937.0,0.0,0.0,30.0,0.0,30.0,0.0,30.0,0.0,0.0,24.0,0.0,0.0,0.0,0.0,0.0,0.0,battery2_v
2021-01-30T12:00:00Z,30.0,30.0,,,,,617.0,624.0,,,,12.37,12.379,,,,7097.0,7097.0,7097.0,,-10.0,54.367,,,,1.0,,,,,,,,,,3938.0,3967.0,0.0,0.0,30.0,0.0,30.0,0.0,30.0,0.0,0.0,22.0,0.0,0.0,0.0,0.0,0.0,0.0,battery2_v
2021-01-30T13:00:00Z,26.0,26.0,,,,,618.923,624.0,,,,12.365,12.379,,,,7097.0,7097.0,7097.0,,-9.885,58.462,,,,1.0,,,,,,,,,,3968.0,3996.0,0.0,0.0,26.0,0.0,26.0,0.0,26.0,0.0,0.0,25.0,0.0,0.0,0.0,0.0,0.0,0.0,battery2_v
2021-01-30T14:00:00Z,30.0,30.0,,,,,629.233,648.0,,,,12.36,12.374,,,,7097.0,7097.0,7097.0,,-9.767,57.833,,,,1.0,,,,,,,,,,3997.0,4026.0,0.0,0.0,30.0,0.0,30.0,0.0,30.0,0.0,0.0,25.0,0.0,0.0,0.0,0.0,0.0,0.0,battery2_v
2021-01-30T15:00:00Z,28.0,28.0,,,,,634.714,648.0,,,,12.36,12.37,,,,7097.0,7097.0,7097.0,,-9.464,61.607,,,,1.0,,,,,,,,,,4027.0,4055.0,0.0,0.0,28.0,0.0,28.0,0.0,28.0,0.0,0.0,27.0,0.0,0.0,0.0,0.0,0.0,0.0,battery2_v
2021-01-30T16:00:00Z,30.0,30.0,,,,,642.0,648.0,,,,12.351,12.365,,,,7097.0,7097.0,7097.0,,-9.533,62.067,,,,1.0,,,,,,,,,,4056.0,4085.0,0.0,0.0,30.0,0.0,30.0,0.0,30.0,0.0,0.0,29.0,0.0,0.0,0.0,0.0,0.0,0.0,battery2_v
2021-01-30T17:00:00Z,28.0,28.0,,,,,649.393,659.0,,,,12.351,12.365,,,,7097.0,7097.0,7097.0,,-9.429,64.357,,,,1.0,,,,,,,,,,4086.0,4115.0,0.0,0.0,28.0,0.0,28.0,0.0,28.0,0.0,0.0,28.0,0.0,0.0,0.0,0.0,0.0,0.0,battery2_v
2021-01-30T18:00:00Z,30.0,30.0,,,,,656.533,671.0,,,,12.351,12.36,,,,7097.0,7097.0,7097.0,,-9.033,67.667,,,,1.0,,,,,,,,,,4116.0,4145.0,0.0,0.0,30.0,0.0,30.0,0.0,30.0,0.0,0.0,30.0,0.0,0.0,0.0,0.0,0.0,0.0,battery2_v
2021-01-30T19:00:00Z,30.0,30.0,,,,,665.0,683.0,,,,12.346,12.356,,,,7097.0,7097.0,7097.0,,-9.167,67.7,,,,1.0,,,,,,,,,,4146.0,4175.0,0.0,0.0,30.0,0.0,30.0,0.0,30.0,0.0,0.0,30.0,0.0,0.0,0.0,0.0,0.0,0.0,battery2_v
2021-01-30T20:00:00Z,30.0,30.0,,,,,669.8,683.0,,,,12.341,12.351,,,,7097.0,7097.0,7097.0,,-9.033,69.567,,,,1.0,,,,,,,,,,4176.0,4205.0,0.0,0.0,30.0,0.0,30.0,0.0,30.0,0.0,0.0,30.0,0.0,0.0,0.0,0.0,0.0,0.0,battery2_v
2021-01-30T21:00:00Z,29.0,29.0,,,,,674.655,694.0,,,,12.337,12.351,,,,7097.0,7097.0,7097.0,,-8.966,70.0,,,,1.0,,,,,,,,,,4206.0,4234.0,0.0,0.0,29.0,0.0,29.0,0.0,29.0,0.0,0.0,29.0,0.0,0.0,0.0,0.0,0.0,0.0,battery2_v
2021-01-30T22:00:00Z,29.0,29.0,,,,,687.517,694.0,,,,12.332,12.346,,,,7097.0,7097.0,7097.0,,-8.897,71.414,,,,1.0,,,,,,,,,,4235.0,4263.0,0.0,0.0,29.0,0.0,29.0,0.0,29.0,0.0,0.0,29.0,0.0,0.0,0.0,0.0,0.0,0.0,battery2_v
2021-01-30T23:00:00Z,30.0,30.0,,,,,6148.667,13693.0,,,,12.199,12.341,,,,7097.0,7097.0,7097.0,,-24.133,56.4,,,,0.733,,,,,,,,,,4265.0,4294.0,0.0,0.0,30.0,0.0,30.0,0.0,30.0,0.0,9.0,21.0,0.0,0.0,0.0,0.0,0.0,0.0,battery2_v
2021-01-31T00:00:00Z,30.0,30.0,,,,,3011.833,3748.0,,,,12.351,12.37,,,,7097.0,7097.0,7097.0,,-0.364,96.467,,,,0.0,,,,,,,,,,4295.0,4324.0,0.0,0.0,30.0,0.0,30.0,0.0,30.0,0.0,0.0,30.0,0.0,0.0,0.0,0.0,0.0,0.0,battery2_v
2021-01-31T01:00:00Z,30.0,30.0,,,,,11640.667,14103.0,,,,12.356,12.412,,,,7097.0,7097.0,7097.0,,5.92,105.8,,,,0.0,,,,,,,,,,4325.0,4354.0,0.0,0.0,30.0,0.0,30.0,0.0,30.0,0.0,0.0,30.0,0.0,0.0,0.0,0.0,0.0,0.0,battery2_v
2021-01-31T02:00:00Z,29.0,29.0,,,,,13366.655,13471.0,,,,12.417,12.545,,,,7097.0,7097.0,7097.0,,31.276,129.724,,,,0.0,,,,,,,,,,4355.0,4383.0,0.0,0.0,29.0,0.0,29.0,0.0,29.0,0.0,0.0,29.0,0.0,0.0,0.0,0.0,0.0,0.0,battery2_v
2021-01-31T03:00:00Z,27.0,27.0,,,,,13279.778,13986.0,,,,12.526,12.62,,,,7097.0,7097.0,7097.0,,40.963,144.222,,,,0.0,,,,,,,,,,4385.0,4414.0,0.0,0.0,27.0,0.0,27.0,0.0,27.0,0.0,6.0,27.0,0.0,0.0,0.0,0.0,0.0,0.0,battery2_v
2021-01-31T04:00:00Z,28.0,28.0,,,,,13352.179,13986.0,,,,12.479,12.568,,,,7097.0,7097.0,7097.0,,26.571,126.0,,,,0.0,,,,,,,,,,4415.0,4443.0,0.0,0.0,28.0,0.0,28.0,0.0,28.0,0.0,0.0,28.0,0.0,0.0,0.0,0.0,0.0,0.0,battery2_v
2021-01-31T05:00:00Z,26.0,26.0,,,,,13396.192,13424.0,,,,12.441,12.493,,,,7097.0,7097.0,7097.0,,14.615,99.269,,,,0.0,,,,,,,,,,4444.0,4473.0,0.0,0.0,26.0,0.0,26.0,0.0,26.0,0.0,0.0,26.0,0.0,0.0,0.0,0.0,0.0,0.0,battery2_v
2021-01-31T06:00:00Z,27.0,27.0,,,,,13448.741,14068.0,,,,12.436,12.455,,,,7097.0,7097.0,7097.0,,12.704,98.889,,,,0.0,,,,,,,,,,4474.0,4502.0,0.0,0.0,27.0,0.0,27.0,0.0,27.0,0.0,0.0,27.0,0.0,0.0,0.0,0.0,0.0,0.0,battery2_v
2021-01-31T07:00:00Z,28.0,28.0,,,,,13460.286,14068.0,,,,12.422,12.464,,,,7097.0,7097.0,7097.0,,12.857,99.5,,,,0.0,,,,,,,,,,4503.0,4532.0,0.0,0.0,28.0,0.0,28.0,0.0,28.0,0.0,0.0,28.0,0.0,0.0,0.0,0.0,0.0,0.0,battery2_v
2021-01-31T08:00:00Z,30.0,30.0,,,,,13460.233,13506.0,,,,12.384,12.464,,,,7097.0,7097.0,7097.0,,9.2,89.933,,,,0.0,,,,,,,,,,4533.0,4562.0,0.0,0.0,30.0,0.0,30.0,0.0,30.0,0.0,0.0,30.0,0.0,0.0,0.0,0.0,0.0,0.0,battery2_v
2021-01-31T09:00:00Z,30.0,30.0,,,,,13521.2,13541.0,,,,12.332,12.384,,,,7097.0,7097.0,7097.0,,-5.538,66.133,,,,0.0,,,,,,,,,,4563.0,4592.0,0.0,0.0,30.0,0.0,30.0,0.0,30.0,0.0,0.0,29.0,0.0,0.0,0.0,0.0,0.0,0.0,battery2_v
2021-01-31T10:00:00Z,29.0,29.0,,,,,6359.655,13564.0,,,,12.313,12.36,,,,7097.0,7097.0,7097.0,,-7.448,61.103,,,,0.0,,,,,,,,,,4593.0,4622.0,0.0,0.0,29.0,0.0,29.0,0.0,29.0,0.0,0.0,23.0,0.0,0.0,0.0,0.0,0.0,0.0,battery2_v
2021-01-31T11:00:00Z,29.0,29.0,,,,,797.69,1771.0,,,,12.346,12.36,,,,7097.0,7097.0,7097.0,,-2.517,74.207,,,,0.0,,,,,,,,,,4623.0,4651.0,0.0,0.0,29.0,0.0,29.0,0.0,29.0,0.0,0.0,29.0,0.0,0.0,0.0,0.0,0.0,0.0,battery2_v
2021-01-31T12:00:00Z,28.0,28.0,,,,,660.071,683.0,,,,12.341,12.356,,,,7097.0,7097.0,7097.0,,-2.25,76.571,,,,0.0,,,,,,,,,,4652.0,4681.0,0.0,0.0,28.0,0.0,28.0,0.0,28.0,0.0,0.0,28.0,0.0,0.0,0.0,0.0,0.0,0.0,battery2_v
2021-01-31T13:00:00Z,29.0,29.0,,,,,675.483,694.0,,,,12.341,12.356,,,,7097.0,7097.0,7097.0,,-2.034,77.517,,,,0.0,,,,,,,,,,4682.0,4711.0,0.0,0.0,29.0,0.0,29.0,0.0,29.0,0.0,0.0,29.0,0.0,0.0,0.0,0.0,0.0,0.0,battery2_v
2021-01-31T14:00:00Z,29.0,29.0,,,,,680.759,694.0,,,,12.341,12.356,,,,7097.0,7097.0,7097.0,,-2.074,82.793,,,,0.0,,,,,,,,,,4712.0,4740.0,0.0,0.0,29.0,0.0,29.0,0.0,29.0,0.0,0.0,29.0,0.0,0.0,0.0,0.0,0.0,0.0,battery2_v
2021-01-31T15:00:00Z,30.0,30.0,,,,,678.867,694.0,,,,12.337,12.351,,,,7097.0,7097.0,7097.0,,-2.0,85.767,,,,0.0,,,,,,,,,,4741.0,4770.0,0.0,0.0,30.0,0.0,30.0,0.0,30.0,0.0,0.0,30.0,0.0,0.0,0.0,0.0,0.0,0.0,battery2_v
2021-01-31T16:00:00Z,30.0,30.0,,,,,681.933,694.0,,,,12.337,12.346,,,,7097.0,7097.0,7097.0,,-2.0,85.733,,,,0.0,,,,,,,,,,4771.0,4800.0,0.0,0.0,30.0,0.0,30.0,0.0,30.0,0.0,0.0,30.0,0.0,0.0,0.0,0.0,0.0,0.0,battery2_v
2021-01-31T17:00:00Z,29.0,29.0,,,,,693.828,706.0,,,,12.332,12.341,,,,7097.0,7097.0,7097.0,,-2.0,86.793,,,,0.0,,,,,,,,,,4801.0,4830.0,0.0,0.0,29.0,0.0,29.0,0.0,29.0,0.0,0.0,29.0,0.0,0.0,0.0,0.0,0.0,0.0,battery2_v
2021-01-31T18:00:00Z,30.0,30.0,,,,,695.433,718.0,,,,12.327,12.341,,,,7097.0,7097.0,7097.0,,-1.0,94.2,,,,0.0,,,,,,,,,,4831.0,4860.0,0.0,0.0,30.0,0.0,30.0,0.0,30.0,0.0,0.0,30.0,0.0,0.0,0.0,0.0,0.0,0.0,battery2_v
2021-01-31T19:00:00Z,28.0,28.0,,,,,701.393,730.0,,,,12.322,12.341,,,,7097.0,7097.0,7097.0,,0.0,96.464,,,,0.0,,,,,,,,,,4861.0,4889.0,0.0,0.0,28.0,0.0,28.0,0.0,28.0,0.0,0.0,28.0,0.0,0.0,0.0,0.0,0.0,0.0,battery2_v
2021-01-31T20:00:00Z,29.0,29.0,,,,,713.448,730.0,,,,12.322,12.337,,,,7097.0,7097.0,7097.0,,-0.222,96.759,,,,0.0,,,,,,,,,,4890.0,4919.0,0.0,0.0,29.0,0.0,29.0,0.0,29.0,0.0,0.0,29.0,0.0,0.0,0.0,0.0,0.0,0.0,battery2_v
2021-01-31T21:00:00Z,29.0,29.0,,,,,714.69,730.0,,,,12.322,12.332,,,,7097.0,7097.0,7097.0,,0.0,102.517,,,,0.0,,,,,,,,,,4920.0,4949.0,0.0,0.0,29.0,0.0,29.0,0.0,29.0,0.0,0.0,29.0,0.0,0.0,0.0,0.0,0.0,0.0,battery2_v
2021-01-31T22:00:00Z,30.0,30.0,,,,,728.567,776.0,,,,12.318,12.332,,,,7097.0,7097.0,7097.0,,0.0,103.867,,,,0.0,,,,,,,,,,4950.0,4979.0,0.0,0.0,30.0,0.0,30.0,0.0,30.0,0.0,0.0,30.0,0.0,0.0,0.0,0.0,0.0,0.0,battery2_v
2021-01-31T23:00:00Z,29.0,29.0,,,,,5132.0,13717.0,,,,12.185,12.327,,,,7097.0,7097.0,7097.0,,-10.81,92.724,,,,0.0,,,,,,,,,,4980.0,5009.0,0.0,0.0,29.0,0.0,29.0,0.0,29.0,0.0,4.0,25.0,0.0,0.0,0.0,0.0,0.0,0.0,battery2_v
2021-02-01T00:00:00Z,30.0,30.0,,,,,3261.8,3818.0,,,,12.313,12.327,,,,7097.0,7097.0,7097.0,,0.0,102.833,,,,0.0,,,,,,,,,,5010.0,5039.0,0.0,0.0,30.0,0.0,30.0,0.0,30.0,0.0,0.0,30.0,0.0,0.0,0.0,0.0,0.0,0.0,battery2_v
2021-02-01T01:00:00Z,28.0,28.0,,,,,11475.536,13564.0,,,,12.313,12.341,,,,7097.0,7097.0,7097.0,,2.308,98.214,,,,0.0,,,,,,,,,,5040.0,5068.0,0.0,0.0,28.0,0.0,28.0,0.0,28.0,0.0,0.0,28.0,0.0,0.0,0.0,0.0,0.0,0.0,battery2_v
2021-02-01T02:00:00Z,28.0,28.0,,,,,13557.786,14161.0,,,,12.341,12.417,,,,7097.0,7097.0,7097.0,,16.893,104.357,,,,0.0,,,,,,,,,,5069.0,5098.0,0.0,0.0,28.0,0.0,28.0,0.0,28.0,0.0,0.0,28.0,0.0,0.0,0.0,0.0,0.0,0.0,battery2_v
2021-02-01T03:00:00Z,29.0,29.0,,,,,13447.448,14091.0,,,,12.412,12.493,,,,7097.0,7097.0,7097.0,,30.345,115.034,,,,0.0,,,,,,,,,,5099.0,5128.0,0.0,0.0,29.0,0.0,29.0,0.0,29.0,0.0,0.0,29.0,0.0,0.0,0.0,0.0,0.0,0.0,battery2_v
2021-02-01T04:00:00Z,29.0,29.0,,,,,13461.517,14079.0,,,,12.417,12.464,,,,7097.0,7097.0,7097.0,,21.241,93.517,,,,0.0,,,,,,,,,,5129.0,5158.0,0.0,0.0,29.0,0.0,29.0,0.0,29.0,0.0,0.0,29.0,0.0,0.0,0.0,0.0,0.0,0.0,battery2_v
2021-02-01T05:00:00Z,27.0,27.0,,,,,13480.407,13962.0,,,,12.398,12.445,,,,7097.0,7097.0,7097.0,,17.148,84.296,,,,0.0,,,,,,,,,,5160.0,5187.0,0.0,0.0,27.0,0.0,27.0,0.0,27.0,0.0,0.0,27.0,0.0,0.0,0.0,0.0,0.0,0.0,battery2_v
2021-02-01T06:00:00Z,29.0,29.0,,,,,13497.517,14103.0,,,,12.379,12.45,,,,7097.0,7097.0,7097.0,,15.241,74.172,,,,0.0,,,,,,,,,,5188.0,5217.0,0.0,0.0,29.0,0.0,29.0,0.0,29.0,0.0,0.0,28.0,0.0,0.0,0.0,0.0,0.0,0.0,battery2_v
2021-02-01T07:00:00Z,29.0,29.0,,,,,13489.552,13518.0,,,,12.37,12.422,,,,7097.0,7097.0,7097.0,,12.31,69.483,,,,0.0,,,,,,,,,,5218.0,5247.0,0.0,0.0,29.0,0.0,29.0,0.0,29.0,0.0,0.0,29.0,0.0,0.0,0.0,0.0,0.0,0.0,battery2_v
2021-02-01T08:00:00Z,29.0,29.0,,,,,13565.621,14138.0,,,,12.332,12.427,,,,7097.0,7097.0,7097.0,,8.429,60.828,,,,0.0,,,,,,,,,,5248.0,5277.0,0.0,0.0,29.0,0.0,29.0,0.0,29.0,0.0,0.0,19.0,0.0,0.0,0.0,0.0,0.0,0.0,battery2_v
2021-02-01T09:00:00Z,30.0,30.0,,,,,13387.3,13611.0,,,,12.28,12.337,,,,7097.0,7097.0,7097.0,,-9.7,39.067,,,,0.0,,,,,,,,,,5278.0,5307.0,0.0,0.0,30.0,0.0,30.0,0.0,30.0,0.0,0.0,0.0,0.0,0.0,0.0,0.0,0.0,0.0,battery2_v
2021-02-01T10:00:00Z,30.0,30.0,,,,,5161.033,13623.0,,,,12.266,12.318,,,,7097.0,7097.0,7097.0,,-7.733,48.633,,,,0.0,,,,,,,,,,5308.0,5337.0,0.0,0.0,30.0,0.0,30.0,0.0,30.0,0.0,0.0,15.0,0.0,0.0,0.0,0.0,0.0,0.0,battery2_v
2021-02-01T11:00:00Z,27.0,27.0,,,,,822.815,1209.0,,,,12.304,12.313,,,,7097.0,7097.0,7097.0,,-3.148,64.704,,,,0.0,,,,,,,,,,5338.0,5366.0,0.0,0.0,27.0,0.0,27.0,0.0,27.0,0.0,0.0,26.0,0.0,0.0,0.0,0.0,0.0,0.0,battery2_v
2021-02-01T12:00:00Z,28.0,28.0,,,,,758.929,776.0,,,,12.299,12.313,,,,7097.0,7097.0,7097.0,,-2.821,69.607,,,,0.0,,,,,,,,,,5367.0,5396.0,0.0,0.0,28.0,0.0,28.0,0.0,28.0,0.0,0.0,28.0,0.0,0.0,0.0,0.0,0.0,0.0,battery2_v
2021-02-01T13:00:00Z,28.0,28.0,,,,,770.107,788.0,,,,12.299,12.308,,,,7097.0,7097.0,7097.0,,-2.393,74.571,,,,0.0,,,,,,,,,,5397.0,5425.0,0.0,0.0,28.0,0.0,28.0,0.0,28.0,0.0,0.0,28.0,0.0,0.0,0.0,0.0,0.0,0.0,battery2_v
2021-02-01T14:00:00Z,30.0,30.0,,,,,775.733,788.0,,,,12.294,12.308,,,,7097.0,7097.0,7097.0,,-2.1,77.067,,,,0.0,,,,,,,,,,5426.0,5455.0,0.0,0.0,30.0,0.0,30.0,0.0,30.0,0.0,0.0,30.0,0.0,0.0,0.0,0.0,0.0,0.0,battery2_v
2021-02-01T15:00:00Z,30.0,30.0,,,,,782.0,800.0,,,,12.294,12.304,,,,7097.0,7097.0,7097.0,,-2.0,83.467,,,,0.0,,,,,,,,,,5456.0,5485.0,0.0,0.0,30.0,0.0,30.0,0.0,30.0,0.0,0.0,30.0,0.0,0.0,0.0,0.0,0.0,0.0,battery2_v
2021-02-01T16:00:00Z,28.0,28.0,,,,,781.571,788.0,,,,12.289,12.304,,,,7097.0,7097.0,7097.0,,-2.0,87.321,,,,0.0,,,,,,,,,,5486.0,5514.0,0.0,0.0,28.0,0.0,28.0,0.0,28.0,0.0,0.0,28.0,0.0,0.0,0.0,0.0,0.0,0.0,battery2_v
2021-02-01T17:00:00Z,28.0,28.0,,,,,789.286,800.0,,,,12.285,12.299,,,,7097.0,7097.0,7097.0,,-2.0,91.893,,,,0.0,,,,,,,,,,5515.0,5543.0,0.0,0.0,28.0,0.0,28.0,0.0,28.0,0.0,0.0,28.0,0.0,0.0,0.0,0.0,0.0,0.0,battery2_v
2021-02-01T18:00:00Z,30.0,30.0,,,,,791.567,811.0,,,,12.285,12.299,,,,7097.0,7097.0,7097.0,,-0.667,92.867,,,,0.0,,,,,,,,,,5545.0,5574.0,0.0,0.0,30.0,0.0,30.0,0.0,30.0,0.0,0.0,30.0,0.0,0.0,0.0,0.0,0.0,0.0,battery2_v
2021-02-01T19:00:00Z,30.0,30.0,,,,,797.067,811.0,,,,12.28,12.294,,,,7097.0,7097.0,7097.0,,0.0,97.867,,,,0.0,,,,,,,,,,5575.0,5604.0,0.0,0.0,30.0,0.0,30.0,0.0,30.0,0.0,0.0,30.0,0.0,0.0,0.0,0.0,0.0,0.0,battery2_v
2021-02-01T20:00:00Z,29.0,29.0,,,,,803.345,811.0,,,,12.275,12.289,,,,7097.0,7097.0,7097.0,,0.0,97.897,,,,0.0,,,,,,,,,,5605.0,5634.0,0.0,0.0,29.0,0.0,29.0,0.0,29.0,0.0,0.0,29.0,0.0,0.0,0.0,0.0,0.0,0.0,battery2_v
2021-02-01T21:00:00Z,30.0,30.0,,,,,808.1,823.0,,,,12.28,12.289,,,,7097.0,7097.0,7097.0,,0.0,103.6,,,,0.0,,,,,,,,,,5635.0,5664.0,0.0,0.0,30.0,0.0,30.0,0.0,30.0,0.0,0.0,30.0,0.0,0.0,0.0,0.0,0.0,0.0,battery2_v
2021-02-01T22:00:00Z,28.0,28.0,,,,,814.071,835.0,,,,12.275,12.289,,,,7097.0,7097.0,7097.0,,0.0,105.0,,,,0.0,,,,,,,,,,5665.0,5693.0,0.0,0.0,28.0,0.0,28.0,0.0,28.0,0.0,0.0,28.0,0.0,0.0,0.0,0.0,0.0,0.0,battery2_v
2021-02-01T23:00:00Z,29.0,29.0,,,,,6339.828,13763.0,,,,12.138,12.285,,,,7097.0,7097.0,7097.0,,-12.069,91.241,,,,0.0,,,,,,,,,,5694.0,5723.0,0.0,0.0,29.0,0.0,29.0,0.0,29.0,0.0,6.0,23.0,0.0,0.0,0.0,0.0,0.0,0.0,battery2_v
2021-02-02T00:00:00Z,30.0,30.0,,,,,6402.767,13775.0,,,,12.138,12.285,,,,7097.0,7097.0,7097.0,,-23.353,80.333,,,,0.0,,,,,,,,,,5724.0,5753.0,0.0,0.0,30.0,0.0,30.0,0.0,30.0,0.0,7.0,23.0,0.0,0.0,0.0,0.0,0.0,0.0,battery2_v
2021-02-02T01:00:00Z,30.0,30.0,,,,,11363.067,14185.0,,,,12.27,12.308,,,,7097.0,7097.0,7097.0,,2.033,104.967,,,,0.0,,,,,,,,,,5754.0,5783.0,0.0,0.0,30.0,0.0,30.0,0.0,30.0,0.0,0.0,30.0,0.0,0.0,0.0,0.0,0.0,0.0,battery2_v
2021-02-02T02:00:00Z,30.0,30.0,,,,,13571.067,14185.0,,,,12.299,12.346,,,,7097.0,7097.0,7097.0,,14.6,111.233,,,,0.0,,,,,,,,,,5784.0,5813.0,0.0,0.0,30.0,0.0,30.0,0.0,30.0,0.0,0.0,30.0,0.0,0.0,0.0,0.0,0.0,0.0,battery2_v
2021-02-02T03:00:00Z,30.0,30.0,,,,,13529.6,13541.0,,,,12.341,12.384,,,,7097.0,7097.0,7097.0,,19.633,109.3,,,,0.0,,,,,,,,,,5814.0,5843.0,0.0,0.0,30.0,0.0,30.0,0.0,30.0,0.0,0.0,30.0,0.0,0.0,0.0,0.0,0.0,0.0,battery2_v
2021-02-02T04:00:00Z,30.0,30.0,,,,,13556.0,14161.0,,,,12.351,12.431,,,,7097.0,7097.0,7097.0,,22.833,106.3,,,,0.0,,,,,,,,,,5844.0,5873.0,0.0,0.0,30.0,0.0,30.0,0.0,30.0,0.0,0.0,30.0,0.0,0.0,0.0,0.0,0.0,0.0,battery2_v
2021-02-02T05:00:00Z,29.0,29.0,,,,,13515.31,13541.0,,,,12.332,12.408,,,,7097.0,7097.0,7097.0,,18.379,93.241,,,,0.0,,,,,,,,,,5874.0,5902.0,0.0,0.0,29.0,0.0,29.0,0.0,29.0,0.0,0.0,29.0,0.0,0.0,0.0,0.0,0.0,0.0,battery2_v
2021-02-02T06:00:00Z,30.0,30.0,,,,,13547.267,14149.0,,,,12.341,12.422,,,,7097.0,7097.0,7097.0,,19.9,88.933,,,,0.0,,,,,,,,,,5903.0,5932.0,0.0,0.0,30.0,0.0,30.0,0.0,30.0,0.0,0.0,30.0,0.0,0.0,0.0,0.0,0.0,0.0,battery2_v
2021-02-02T07:00:00Z,30.0,30.0,,,,,13587.167,14173.0,,,,12.308,12.417,,,,7097.0,7097.0,7097.0,,13.367,72.333,,,,0.0,,,,,,,,,,5933.0,5962.0,0.0,0.0,30.0,0.0,30.0,0.0,30.0,0.0,0.0,30.0,0.0,0.0,0.0,0.0,0.0,0.0,battery2_v
2021-02-02T08:00:00Z,30.0,30.0,,,,,13618.233,14185.0,,,,12.27,12.356,,,,7097.0,7097.0,7097.0,,2.074,57.333,,,,0.0,,,,,,,,,,5963.0,5992.0,0.0,0.0,30.0,0.0,30.0,0.0,30.0,0.0,0.0,18.0,0.0,0.0,0.0,0.0,0.0,0.0,battery2_v
2021-02-02T09:00:00Z,29.0,29.0,,,,,13429.31,13670.0,,,,12.242,12.289,,,,7097.0,7097.0,7097.0,,-9.286,53.241,,,,0.0,,,,,,,,,,5993.0,6022.0,0.0,0.0,29.0,0.0,29.0,0.0,29.0,0.0,0.0,20.0,0.0,0.0,0.0,0.0,0.0,0.0,battery2_v
2021-02-02T10:00:00Z,29.0,29.0,,,,,6923.793,13681.0,,,,12.223,12.275,,,,7097.0,7097.0,7097.0,,-8.552,60.276,,,,0.0,,,,,,,,,,6023.0,6052.0,0.0,0.0,29.0,0.0,29.0,0.0,29.0,0.0,0.0,21.0,0.0,0.0,0.0,0.0,0.0,0.0,battery2_v
2021-02-02T11:00:00Z,30.0,30.0,,,,,948.5,1736.0,,,,12.266,12.275,,,,7097.0,7097.0,7097.0,,-1.25,91.5,,,,0.0,,,,,,,,,,6053.0,6082.0,0.0,0.0,30.0,0.0,30.0,0.0,30.0,0.0,0.0,30.0,0.0,0.0,0.0,0.0,0.0,0.0,battery2_v
2021-02-02T12:00:00Z,29.0,29.0,,,,,855.828,870.0,,,,12.261,12.27,,,,7097.0,7097.0,7097.0,,0.0,101.276,,,,0.0,,,,,,,,,,6083.0,6111.0,0.0,0.0,29.0,0.0,29.0,0.0,29.0,0.0,0.0,29.0,0.0,0.0,0.0,0.0,0.0,0.0,battery2_v
2021-02-02T13:00:00Z,28.0,28.0,,,,,859.857,882.0,,,,12.256,12.27,,,,7097.0,7097.0,7097.0,,0.0,97.036,,,,0.0,,,,,,,,,,6112.0,6141.0,0.0,0.0,28.0,0.0,28.0,0.0,28.0,0.0,0.0,28.0,0.0,0.0,0.0,0.0,0.0,0.0,battery2_v
2021-02-02T14:00:00Z,25.0,25.0,,,,,855.48,870.0,,,,12.256,12.27,,,,7097.0,7097.0,7097.0,,0.0,95.36,,,,0.0,,,,,,,,,,6142.0,6170.0,0.0,0.0,25.0,0.0,25.0,0.0,25.0,0.0,0.0,25.0,0.0,0.0,0.0,0.0,0.0,0.0,battery2_v
2021-02-02T15:00:00Z,30.0,30.0,,,,,861.233,870.0,,,,12.256,12.266,,,,7097.0,7097.0,7097.0,,,95.067,,,,0.0,,,,,,,,,,6171.0,6200.0,0.0,0.0,30.0,0.0,30.0,0.0,30.0,0.0,0.0,30.0,0.0,0.0,0.0,0.0,0.0,0.0,battery2_v
2021-02-02T16:00:00Z,30.0,30.0,,,,,872.7,893.0,,,,12.247,12.261,,,,7097.0,7097.0,7097.0,,-2.0,91.933,,,,0.0,,,,,,,,,,6201.0,6230.0,0.0,0.0,30.0,0.0,30.0,0.0,30.0,0.0,0.0,30.0,0.0,0.0,0.0,0.0,0.0,0.0,battery2_v
2021-02-02T17:00:00Z,30.0,30.0,,,,,877.533,893.0,,,,12.247,12.261,,,,7097.0,7097.0,7097.0,,-0.667,94.833,,,,0.0,,,,,,,,,,6231.0,6260.0,0.0,0.0,30.0,0.0,30.0,0.0,30.0,0.0,0.0,30.0,0.0,0.0,0.0,0.0,0.0,0.0,battery2_v
2021-02-02T18:00:00Z,29.0,29.0,,,,,882.172,893.0,,,,12.247,12.256,,,,7097.0,7097.0,7097.0,,0.0,97.034,,,,0.0,,,,,,,,,,6261.0,6289.0,0.0,0.0,29.0,0.0,29.0,0.0,29.0,0.0,0.0,29.0,0.0,0.0,0.0,0.0,0.0,0.0,battery2_v
2021-02-02T19:00:00Z,30.0,30.0,,,,,887.5,905.0,,,,12.242,12.256,,,,7097.0,7097.0,7097.0,,0.0,100.067,,,,0.0,,,,,,,,,,6290.0,6319.0,0.0,0.0,30.0,0.0,30.0,0.0,30.0,0.0,0.0,30.0,0.0,0.0,0.0,0.0,0.0,0.0,battery2_v
2021-02-02T20:00:00Z,30.0,30.0,,,,,895.167,905.0,,,,12.242,12.256,,,,7097.0,7097.0,7097.0,,0.0,102.033,,,,0.0,,,,,,,,,,6320.0,6349.0,0.0,0.0,30.0,0.0,30.0,0.0,30.0,0.0,0.0,30.0,0.0,0.0,0.0,0.0,0.0,0.0,battery2_v
2021-02-02T21:00:00Z,30.0,30.0,,,,,899.1,917.0,,,,12.237,12.256,,,,7097.0,7097.0,7097.0,,0.0,103.9,,,,0.0,,,,,,,,,,6350.0,6379.0,0.0,0.0,30.0,0.0,30.0,0.0,30.0,0.0,0.0,30.0,0.0,0.0,0.0,0.0,0.0,0.0,battery2_v
2021-02-02T22:00:00Z,30.0,30.0,,,,,910.833,964.0,,,,12.233,12.251,,,,7097.0,7097.0,7097.0,,0.0,106.1,,,,0.0,,,,,,,,,,6380.0,6409.0,0.0,0.0,30.0,0.0,30.0,0.0,30.0,0.0,0.0,30.0,0.0,0.0,0.0,0.0,0.0,0.0,battery2_v
2021-02-02T23:00:00Z,30.0,30.0,,,,,5350.333,13822.0,,,,12.105,12.247,,,,7097.0,7097.0,7097.0,,-13.231,90.6,,,,0.0,,,,,,,,,,6410.0,6439.0,0.0,0.0,30.0,0.0,30.0,0.0,30.0,0.0,6.0,24.0,0.0,0.0,0.0,0.0,0.0,0.0,battery2_v
2021-02-03T00:00:00Z,30.0,30.0,,,,,3527.833,3970.0,,,,12.233,12.247,,,,7097.0,7097.0,7097.0,,0.0,109.3,,,,0.0,,,,,,,,,,6440.0,6469.0,0.0,0.0,30.0,0.0,30.0,0.0,30.0,0.0,0.0,30.0,0.0,0.0,0.0,0.0,0.0,0.0,battery2_v
2021-02-03T01:00:00Z,29.0,29.0,,,,,11718.621,13693.0,,,,12.223,12.256,,,,7097.0,7097.0,7097.0,,0.917,101.345,,,,0.0,,,,,,,,,,6471.0,6499.0,0.0,0.0,29.0,0.0,29.0,0.0,29.0,0.0,0.0,29.0,0.0,0.0,0.0,0.0,0.0,0.0,battery2_v
2021-02-03T02:00:00Z,29.0,29.0,,,,,13627.0,14266.0,,,,12.251,12.313,,,,7097.0,7097.0,7097.0,,13.103,111.034,,,,0.0,,,,,,,,,,6500.0,6528.0,0.0,0.0,29.0,0.0,29.0,0.0,29.0,0.0,0.0,29.0,0.0,0.0,0.0,0.0,0.0,0.0,battery2_v
2021-02-03T03:00:00Z,30.0,30.0,,,,,13552.0,13576.0,,,,12.308,12.341,,,,7097.0,7097.0,7097.0,,22.033,113.267,,,,0.0,,,,,,,,,,6529.0,6558.0,0.0,0.0,30.0,0.0,30.0,0.0,30.0,0.0,0.0,30.0,0.0,0.0,0.0,0.0,0.0,0.0,battery2_v
2021-02-03T04:00:00Z,29.0,29.0,,,,,13562.379,14185.0,,,,12.318,12.365,,,,7097.0,7097.0,7097.0,,23.793,108.69,,,,0.0,,,,,,,,,,6559.0,6588.0,0.0,0.0,29.0,0.0,29.0,0.0,29.0,0.0,0.0,29.0,0.0,0.0,0.0,0.0,0.0,0.0,battery2_v
2021-02-03T05:00:00Z,29.0,29.0,,,,,13589.379,14220.0,,,,12.289,12.389,,,,7097.0,7097.0,7097.0,,19.414,95.724,,,,0.0,,,,,,,,,,6589.0,6618.0,0.0,0.0,29.0,0.0,29.0,0.0,29.0,0.0,0.0,29.0,0.0,0.0,0.0,0.0,0.0,0.0,battery2_v
2021-02-03T06:00:00Z,27.0,27.0,,,,,13616.37,14231.0,,,,12.28,12.356,,,,7097.0,7097.0,7097.0,,13.444,83.111,,,,0.0,,,,,,,,,,6619.0,6647.0,0.0,0.0,27.0,0.0,27.0,0.0,27.0,0.0,0.0,27.0,0.0,0.0,0.0,0.0,0.0,0.0,battery2_v
2021-02-03T07:00:00Z,30.0,30.0,,,,,13599.1,14231.0,,,,12.294,12.332,,,,7097.0,7097.0,7097.0,,13.3,78.933,,,,0.0,,,,,,,,,,6648.0,6677.0,0.0,0.0,30.0,0.0,30.0,0.0,30.0,0.0,0.0,30.0,0.0,0.0,0.0,0.0,0.0,0.0,battery2_v
2021-02-03T08:00:00Z,30.0,30.0,,,,,13643.267,14255.0,,,,12.251,12.337,,,,7097.0,7097.0,7097.0,,7.967,66.933,,,,0.0,,,,,,,,,,6678.0,6707.0,0.0,0.0,30.0,0.0,30.0,0.0,30.0,0.0,0.0,28.0,0.0,0.0,0.0,0.0,0.0,0.0,battery2_v
2021-02-03T09:00:00Z,30.0,30.0,,,,,13694.0,13717.0,,,,12.19,12.247,,,,7097.0,7097.0,7097.0,,-11.241,40.933,,,,0.0,,,,,,,,,,6708.0,6737.0,0.0,0.0,30.0,0.0,30.0,0.0,30.0,0.0,0.0,3.0,0.0,0.0,0.0,0.0,0.0,0.0,battery2_v
2021-02-03T10:00:00Z,30.0,30.0,,,,,7905.567,13728.0,,,,12.181,12.233,,,,7097.0,7097.0,7097.0,,-11.667,47.233,,,,0.0,,,,,,,,,,6738.0,6767.0,0.0,0.0,30.0,0.0,30.0,0.0,30.0,0.0,0.0,16.0,0.0,0.0,0.0,0.0,0.0,0.0,battery2_v
2021-02-03T11:00:00Z,30.0,30.0,,,,,1081.7,1806.0,,,,12.223,12.233,,,,7097.0,7097.0,7097.0,,-3.033,65.933,,,,0.0,,,,,,,,,,6768.0,6797.0,0.0,0.0,30.0,0.0,30.0,0.0,30.0,0.0,0.0,30.0,0.0,0.0,0.0,0.0,0.0,0.0,battery2_v
2021-02-03T12:00:00Z,28.0,28.0,,,,,949.857,964.0,,,,12.218,12.233,,,,7097.0,7097.0,7097.0,,-2.821,69.393,,,,0.0,,,,,,,,,,6798.0,6826.0,0.0,0.0,28.0,0.0,28.0,0.0,28.0,0.0,0.0,28.0,0.0,0.0,0.0,0.0,0.0,0.0,battery2_v
2021-02-03T13:00:00Z,24.0,24.0,,,,,953.0,964.0,,,,12.214,12.228,,,,7097.0,7097.0,7097.0,,-2.292,74.0,,,,0.0,,,,,,,,,,6827.0,6856.0,0.0,0.0,24.0,0.0,24.0,0.0,24.0,0.0,0.0,24.0,0.0,0.0,0.0,0.0,0.0,0.0,battery2_v
2021-02-03T14:00:00Z,29.0,29.0,,,,,954.483,964.0,,,,12.214,12.223,,,,7097.0,7097.0,7097.0,,-2.069,77.793,,,,0.0,,,,,,,,,,6857.0,6885.0,0.0,0.0,29.0,0.0,29.0,0.0,29.0,0.0,0.0,29.0,0.0,0.0,0.0,0.0,0.0,0.0,battery2_v
2021-02-03T15:00:00Z,29.0,29.0,,,,,956.517,975.0,,,,12.214,12.223,,,,7097.0,7097.0,7097.0,,-2.0,83.621,,,,0.0,,,,,,,,,,6886.0,6915.0,0.0,0.0,29.0,0.0,29.0,0.0,29.0,0.0,0.0,29.0,0.0,0.0,0.0,0.0,0.0,0.0,battery2_v
2021-02-03T16:00:00Z,30.0,30.0,,,,,959.9,975.0,,,,12.209,12.228,,,,7097.0,7097.0,7097.0,,-1.846,90.833,,,,0.0,,,,,,,,,,6916.0,6945.0,0.0,0.0,30.0,0.0,30.0,0.0,30.0,0.0,0.0,30.0,0.0,0.0,0.0,0.0,0.0,0.0,battery2_v
2021-02-03T17:00:00Z,28.0,28.0,,,,,968.679,999.0,,,,12.204,12.223,,,,7097.0,7097.0,7097.0,,-2.0,91.357,,,,0.0,,,,,,,,,,6946.0,6974.0,0.0,0.0,28.0,0.0,28.0,0.0,28.0,0.0,0.0,28.0,0.0,0.0,0.0,0.0,0.0,0.0,battery2_v
2021-02-03T18:00:00Z,30.0,30.0,,,,,986.167,1010.0,,,,12.204,12.214,,,,7097.0,7097.0,7097.0,,-2.0,90.5,,,,0.0,,,,,,,,,,6975.0,7004.0,0.0,0.0,30.0,0.0,30.0,0.0,30.0,0.0,0.0,30.0,0.0,0.0,0.0,0.0,0.0,0.0,battery2_v
2021-02-03T19:00:00Z,30.0,30.0,,,,,983.033,999.0,,,,12.199,12.214,,,,7097.0,7097.0,7097.0,,-1.2,94.433,,,,0.0,,,,,,,,,,7005.0,7034.0,0.0,0.0,30.0,0.0,30.0,0.0,30.0,0.0,0.0,30.0,0.0,0.0,0.0,0.0,0.0,0.0,battery2_v
2021-02-03T20:00:00Z,29.0,29.0,,,,,986.552,1010.0,,,,12.199,12.209,,,,7097.0,7097.0,7097.0,,0.0,97.621,,,,0.0,,,,,,,,,,7035.0,7064.0,0.0,0.0,29.0,0.0,29.0,0.0,29.0,0.0,0.0,29.0,0.0,0.0,0.0,0.0,0.0,0.0,battery2_v
2021-02-03T21:00:00Z,29.0,29.0,,,,,993.138,1010.0,,,,12.195,12.209,,,,7097.0,7097.0,7097.0,,0.0,103.0,,,,0.0,,,,,,,,,,7065.0,7094.0,0.0,0.0,29.0,0.0,29.0,0.0,29.0,0.0,0.0,29.0,0.0,0.0,0.0,0.0,0.0,0.0,battery2_v
2021-02-03T22:00:00Z,30.0,30.0,,,,,1004.6,1069.0,,,,12.195,12.204,,,,7097.0,7097.0,7097.0,,0.0,103.6,,,,0.0,,,,,,,,,,7095.0,7124.0,0.0,0.0,30.0,0.0,30.0,0.0,30.0,0.0,0.0,30.0,0.0,0.0,0.0,0.0,0.0,0.0,battery2_v
2021-02-03T23:00:00Z,30.0,30.0,,,,,5058.233,13869.0,,,,12.053,12.204,,,,7097.0,7097.0,7097.0,,-17.25,87.8,,,,0.0,,,,,,,,,,7125.0,7154.0,0.0,0.0,30.0,0.0,30.0,0.0,30.0,0.0,6.0,24.0,0.0,0.0,0.0,0.0,0.0,0.0,battery2_v
2021-02-04T00:00:00Z,29.0,29.0,,,,,3752.966,4427.0,,,,12.185,12.204,,,,7097.0,7097.0,7097.0,,0.0,103.241,,,,0.0,,,,,,,,,,7155.0,7183.0,0.0,0.0,29.0,0.0,29.0,0.0,29.0,0.0,0.0,29.0,0.0,0.0,0.0,0.0,0.0,0.0,battery2_v
2021-02-04T01:00:00Z,30.0,30.0,,,,,11833.133,13717.0,,,,12.185,12.228,,,,7097.0,7097.0,7097.0,,4.071,108.6,,,,0.0,,,,,,,,,,7184.0,7213.0,0.0,0.0,30.0,0.0,30.0,0.0,30.0,0.0,0.0,30.0,0.0,0.0,0.0,0.0,0.0,0.0,battery2_v
2021-02-04T02:00:00Z,29.0,29.0,,,,,13664.483,13693.0,,,,12.218,12.266,,,,7097.0,7097.0,7097.0,,12.759,103.897,,,,0.0,,,,,,,,,,7214.0,7243.0,0.0,0.0,29.0,0.0,29.0,0.0,29.0,0.0,0.0,29.0,0.0,0.0,0.0,0.0,0.0,0.0,battery2_v
2021-02-04T03:00:00Z,28.0,28.0,,,,,13676.464,14278.0,,,,12.256,12.28,,,,7097.0,7097.0,7097.0,,17.429,100.214,,,,0.0,,,,,,,,,,7244.0,7272.0,0.0,0.0,28.0,0.0,28.0,0.0,28.0,0.0,0.0,28.0,0.0,0.0,0.0,0.0,0.0,0.0,battery2_v
2021-02-04T04:00:00Z,29.0,29.0,,,,,13603.966,13635.0,,,,12.256,12.337,,,,7097.0,7097.0,7097.0,,21.276,99.621,,,,0.0,,,,,,,,,,7273.0,7302.0,0.0,0.0,29.0,0.0,29.0,0.0,29.0,0.0,0.0,29.0,0.0,0.0,0.0,0.0,0.0,0.0,battery2_v
2021-02-04T05:00:00Z,29.0,29.0,,,,,13572.483,13623.0,,,,12.275,12.36,,,,7097.0,7097.0,7097.0,,23.0,97.517,,,,0.0,,,,,,,,,,7303.0,7332.0,0.0,0.0,29.0,0.0,29.0,0.0,29.0,0.0,0.0,29.0,0.0,0.0,0.0,0.0,0.0,0.0,battery2_v
2021-02-04T06:00:00Z,28.0,28.0,,,,,13710.714,14278.0,,,,12.233,12.318,,,,7097.0,7097.0,7097.0,,11.074,74.893,,,,0.0,,,,,,,,,,7333.0,7361.0,0.0,0.0,28.0,0.0,28.0,0.0,28.0,0.0,0.0,27.0,0.0,0.0,0.0,0.0,0.0,0.0,battery2_v
2021-02-04T07:00:00Z,29.0,29.0,,,,,13558.448,13600.0,,,,12.285,12.346,,,,7097.0,7097.0,7097.0,,25.379,89.517,,,,0.0,,,,,,,,,,7362.0,7391.0,0.0,0.0,29.0,0.0,29.0,0.0,29.0,0.0,0.0,29.0,0.0,0.0,0.0,0.0,0.0,0.0,battery2_v
2021-02-04T08:00:00Z,29.0,29.0,,,,,13678.69,14243.0,,,,12.185,12.299,,,,7097.0,7097.0,7097.0,,1.929,56.552,,,,0.0,,,,,,,,,,7392.0,7421.0,0.0,0.0,29.0,0.0,29.0,0.0,29.0,0.0,0.0,18.0,0.0,0.0,0.0,0.0,0.0,0.0,battery2_v
2021-02-04T09:00:00Z,29.0,29.0,,,,,13410.448,13752.0,,,,12.162,12.19,,,,7097.0,7097.0,7097.0,,-13.483,37.586,,,,0.0,,,,,,,,,,7422.0,7450.0,0.0,0.0,29.0,0.0,29.0,0.0,29.0,0.0,0.0,1.0,0.0,0.0,0.0,0.0,0.0,0.0,battery2_v
2021-02-04T10:00:00Z,29.0,29.0,,,,,7353.345,13775.0,,,,12.138,12.195,,,,7097.0,7097.0,7097.0,,-10.897,42.724,,,,0.0,,,,,,,,,,7451.0,7480.0,0.0,0.0,29.0,0.0,29.0,0.0,29.0,0.0,0.0,8.0,0.0,0.0,0.0,0.0,0.0,0.0,battery2_v
2021-02-04T11:00:00Z,27.0,27.0,,,,,1147.259,1864.0,,,,12.176,12.19,,,,7097.0,7097.0,7097.0,,-3.63,64.074,,,,0.0,,,,,,,,,,7481.0,7510.0,0.0,0.0,27.0,0.0,27.0,0.0,27.0,0.0,0.0,27.0,0.0,0.0,0.0,0.0,0.0,0.0,battery2_v
2021-02-04T12:00:00Z,25.0,25.0,,,,,1034.8,1045.0,,,,12.176,12.185,,,,7097.0,7097.0,7097.0,,-3.4,63.84,,,,0.0,,,,,,,,,,7512.0,7538.0,0.0,0.0,25.0,0.0,25.0,0.0,25.0,0.0,0.0,24.0,0.0,0.0,0.0,0.0,0.0,0.0,battery2_v
2021-02-04T13:00:00Z,24.0,24.0,,,,,1044.833,1069.0,,,,12.171,12.185,,,,7097.0,7097.0,7097.0,,-3.5,64.167,,,,0.0,,,,,,,,,,7540.0,7567.0,0.0,0.0,24.0,0.0,24.0,0.0,24.0,0.0,0.0,24.0,0.0,0.0,0.0,0.0,0.0,0.0,battery2_v
2021-02-04T14:00:00Z,25.0,25.0,,,,,1046.16,1057.0,,,,12.171,12.185,,,,7097.0,7097.0,7097.0,,-3.24,68.36,,,,0.0,,,,,,,,,,7568.0,7597.0,0.0,0.0,25.0,0.0,25.0,0.0,25.0,0.0,0.0,25.0,0.0,0.0,0.0,0.0,0.0,0.0,battery2_v
2021-02-04T15:00:00Z,25.0,25.0,,,,,1052.28,1069.0,,,,12.166,12.181,,,,7097.0,7097.0,7097.0,,-2.92,71.68,,,,0.0,,,,,,,,,,7598.0,7626.0,0.0,0.0,25.0,0.0,25.0,0.0,25.0,0.0,0.0,25.0,0.0,0.0,0.0,0.0,0.0,0.0,battery2_v
2021-02-04T16:00:00Z,28.0,28.0,,,,,1054.0,1069.0,,,,12.166,12.181,,,,7097.0,7097.0,7097.0,,-2.464,75.143,,,,0.0,,,,,,,,,,7628.0,7655.0,0.0,0.0,28.0,0.0,28.0,0.0,28.0,0.0,0.0,28.0,0.0,0.0,0.0,0.0,0.0,0.0,battery2_v
2021-02-04T17:00:00Z,30.0,30.0,,,,,1067.0,1081.0,,,,12.162,12.176,,,,7097.0,7097.0,7097.0,,-2.5,76.0,,,,0.0,,,,,,,,,,7656.0,7685.0,0.0,0.0,30.0,0.0,30.0,0.0,30.0,0.0,0.0,30.0,0.0,0.0,0.0,0.0,0.0,0.0,battery2_v
2021-02-04T18:00:00Z,30.0,30.0,,,,,1069.367,1092.0,,,,12.157,12.176,,,,7097.0,7097.0,7097.0,,-2.367,75.767,,,,0.0,,,,,,,,,,7686.0,7715.0,0.0,0.0,30.0,0.0,30.0,0.0,30.0,0.0,0.0,30.0,0.0,0.0,0.0,0.0,0.0,0.0,battery2_v
2021-02-04T19:00:00Z,30.0,30.0,,,,,1072.567,1092.0,,,,12.157,12.171,,,,7097.0,7097.0,7097.0,,-2.071,81.867,,,,0.0,,,,,,,,,,7716.0,7745.0,0.0,0.0,30.0,0.0,30.0,0.0,30.0,0.0,0.0,30.0,0.0,0.0,0.0,0.0,0.0,0.0,battery2_v
2021-02-04T20:00:00Z,30.0,30.0,,,,,1080.733,1092.0,,,,12.157,12.166,,,,7097.0,7097.0,7097.0,,-2.0,80.8,,,,0.0,,,,,,,,,,7746.0,7775.0,0.0,0.0,30.0,0.0,30.0,0.0,30.0,0.0,0.0,30.0,0.0,0.0,0.0,0.0,0.0,0.0,battery2_v
2021-02-04T21:00:00Z,30.0,30.0,,,,,1085.367,1104.0,,,,12.152,12.166,,,,7097.0,7097.0,7097.0,,-2.0,87.1,,,,0.0,,,,,,,,,,7776.0,7805.0,0.0,0.0,30.0,0.0,30.0,0.0,30.0,0.0,0.0,30.0,0.0,0.0,0.0,0.0,0.0,0.0,battery2_v
2021-02-04T22:00:00Z,29.0,29.0,,,,,1100.276,1139.0,,,,12.147,12.162,,,,7097.0,7097.0,7097.0,,-2.042,83.931,,,,0.0,,,,,,,,,,7806.0,7835.0,0.0,0.0,29.0,0.0,29.0,0.0,29.0,0.0,0.0,29.0,0.0,0.0,0.0,0.0,0.0,0.0,battery2_v
2021-02-04T23:00:00Z,30.0,30.0,,,,,5321.833,13915.0,,,,12.024,12.162,,,,7097.0,7097.0,7097.0,,-20.263,72.3,,,,0.0,,,,,,,,,,7836.0,7865.0,0.0,0.0,30.0,0.0,30.0,0.0,30.0,0.0,6.0,24.0,0.0,0.0,0.0,0.0,0.0,0.0,battery2_v
2021-02-05T00:00:00Z,28.0,28.0,,,,,3377.929,3631.0,,,,12.143,12.157,,,,7097.0,7097.0,7097.0,,-2.0,85.821,,,,0.0,,,,,,,,,,7866.0,7893.0,0.0,0.0,28.0,0.0,28.0,0.0,28.0,0.0,0.0,28.0,0.0,0.0,0.0,0.0,0.0,0.0,battery2_v
2021-02-05T01:00:00Z,29.0,29.0,,,,,11490.724,14348.0,,,,12.138,12.233,,,,7097.0,7097.0,7097.0,,6.5,98.448,,,,0.0,,,,,,,,,,7895.0,7924.0,0.0,0.0,29.0,0.0,29.0,0.0,29.0,0.0,0.0,29.0,0.0,0.0,0.0,0.0,0.0,0.0,battery2_v
2021-02-05T02:00:00Z,28.0,28.0,,,,,13772.964,14325.0,,,,12.19,12.266,,,,7097.0,7097.0,7097.0,,17.607,117.464,,,,0.0,,,,,,,,,,7925.0,7953.0,0.0,0.0,28.0,0.0,28.0,0.0,28.0,0.0,0.0,28.0,0.0,0.0,0.0,0.0,0.0,0.0,battery2_v
2021-02-05T03:00:00Z,28.0,28.0,,,,,13639.179,14290.0,,,,12.214,12.322,,,,7097.0,7097.0,7097.0,,29.679,123.179,,,,0.0,,,,,,,,,,7954.0,7983.0,0.0,0.0,28.0,0.0,28.0,0.0,28.0,0.0,0.0,28.0,0.0,0.0,0.0,0.0,0.0,0.0,battery2_v
2021-02-05T04:00:00Z,30.0,30.0,,,,,13632.0,14243.0,,,,12.228,12.337,,,,7097.0,7097.0,7097.0,,23.267,109.367,,,,0.0,,,,,,,,,,7984.0,8013.0,0.0,0.0,30.0,0.0,30.0,0.0,30.0,0.0,0.0,30.0,0.0,0.0,0.0,0.0,0.0,0.0,battery2_v
2021-02-05T05:00:00Z,29.0,29.0,,,,,13589.379,14255.0,,,,12.251,12.393,,,,7097.0,7097.0,7097.0,,31.034,108.448,,,,0.0,,,,,,,,,,8014.0,8042.0,0.0,0.0,29.0,0.0,29.0,0.0,29.0,0.0,1.0,29.0,0.0,0.0,0.0,0.0,0.0,0.0,battery2_v
2021-02-05T06:00:00Z,28.0,28.0,,,,,13653.357,13705.0,,,,12.209,12.275,,,,7097.0,7097.0,7097.0,,11.154,83.036,,,,0.0,,,,,,,,,,8043.0,8072.0,0.0,0.0,28.0,0.0,28.0,0.0,28.0,0.0,0.0,28.0,0.0,0.0,0.0,0.0,0.0,0.0,battery2_v
2021-02-05T07:00:00Z,26.0,26.0,,,,,13636.538,14278.0,,,,12.247,12.304,,,,7097.0,7097.0,7097.0,,21.769,91.538,,,,0.0,,,,,,,,,,8073.0,8101.0,0.0,0.0,26.0,0.0,26.0,0.0,26.0,0.0,0.0,26.0,0.0,0.0,0.0,0.0,0.0,0.0,battery2_v
2021-02-05T08:00:00Z,29.0,29.0,,,,,13660.552,13717.0,,,,12.195,12.275,,,,7097.0,7097.0,7097.0,,10.69,67.379,,,,0.0,,,,,,,,,,8102.0,8131.0,0.0,0.0,29.0,0.0,29.0,0.0,29.0,0.0,0.0,27.0,0.0,0.0,0.0,0.0,0.0,0.0,battery2_v
2021-02-05T09:00:00Z,30.0,30.0,,,,,13783.333,14290.0,,,,12.124,12.199,,,,7097.0,7097.0,7097.0,,-13.615,42.333,,,,0.0,,,,,,,,,,8132.0,8161.0,0.0,0.0,30.0,0.0,30.0,0.0,30.0,0.0,0.0,7.0,0.0,0.0,0.0,0.0,0.0,0.0,battery2_v
2021-02-05T10:00:00Z,30.0,30.0,,,,,7213.3,13822.0,,,,12.105,12.152,,,,7097.0,7097.0,7097.0,,-10.267,46.6,,,,0.0,,,,,,,,,,8162.0,8191.0,0.0,0.0,30.0,0.0,30.0,0.0,30.0,0.0,0.0,14.0,0.0,0.0,0.0,0.0,0.0,0.0,battery2_v
2021-02-05T11:00:00Z,30.0,30.0,,,,,1243.2,1946.0,,,,12.143,12.152,,,,7097.0,7097.0,7097.0,,-2.828,74.633,,,,0.0,,,,,,,,,,8192.0,8221.0,0.0,0.0,30.0,0.0,30.0,0.0,30.0,0.0,0.0,30.0,0.0,0.0,0.0,0.0,0.0,0.0,battery2_v
2021-02-05T12:00:00Z,29.0,29.0,,,,,1124.0,1139.0,,,,12.133,12.147,,,,7097.0,7097.0,7097.0,,-2.036,80.828,,,,0.0,,,,,,,,,,8222.0,8250.0,0.0,0.0,29.0,0.0,29.0,0.0,29.0,0.0,0.0,29.0,0.0,0.0,0.0,0.0,0.0,0.0,battery2_v
2021-02-05T13:00:00Z,27.0,27.0,,,,,1127.185,1139.0,,,,12.138,12.147,,,,7097.0,7097.0,7097.0,,-2.087,86.444,,,,0.0,,,,,,,,,,8251.0,8280.0,0.0,0.0,27.0,0.0,27.0,0.0,27.0,0.0,0.0,27.0,0.0,0.0,0.0,0.0,0.0,0.0,battery2_v
2021-02-05T14:00:00Z,25.0,25.0,,,,,1134.28,1151.0,,,,12.133,12.147,,,,7097.0,7097.0,7097.0,,-2.05,84.56,,,,0.0,,,,,,,,,,8281.0,8309.0,0.0,0.0,25.0,0.0,25.0,0.0,25.0,0.0,0.0,25.0,0.0,0.0,0.0,0.0,0.0,0.0,battery2_v
2021-02-05T15:00:00Z,25.0,25.0,,,,,1142.8,1162.0,,,,12.128,12.143,,,,7097.0,7097.0,7097.0,,-2.0,83.24,,,,0.0,,,,,,,,,,8310.0,8339.0,0.0,0.0,25.0,0.0,25.0,0.0,25.0,0.0,0.0,25.0,0.0,0.0,0.0,0.0,0.0,0.0,battery2_v
2021-02-05T16:00:00Z,27.0,27.0,,,,,1145.148,1174.0,,,,12.128,12.138,,,,7097.0,7097.0,7097.0,,-2.0,87.259,,,,0.0,,,,,,,,,,8340.0,8368.0,0.0,0.0,27.0,0.0,27.0,0.0,27.0,0.0,0.0,27.0,0.0,0.0,0.0,0.0,0.0,0.0,battery2_v
2021-02-05T17:00:00Z,30.0,30.0,,,,,1153.5,1174.0,,,,12.128,12.133,,,,7097.0,7097.0,7097.0,,-2.0,92.233,,,,0.0,,,,,,,,,,8369.0,8398.0,0.0,0.0,30.0,0.0,30.0,0.0,30.0,0.0,0.0,30.0,0.0,0.0,0.0,0.0,0.0,0.0,battery2_v
2021-02-05T18:00:00Z,29.0,29.0,,,,,1155.552,1174.0,,,,12.124,12.138,,,,7097.0,7097.0,7097.0,,-1.333,95.862,,,,0.0,,,,,,,,,,8399.0,8428.0,0.0,0.0,29.0,0.0,29.0,0.0,29.0,0.0,0.0,29.0,0.0,0.0,0.0,0.0,0.0,0.0,battery2_v
2021-02-05T19:00:00Z,29.0,29.0,,,,,1157.103,1174.0,,,,12.124,12.133,,,,7097.0,7097.0,7097.0,,0.0,99.724,,,,0.0,,,,,,,,,,8429.0,8458.0,0.0,0.0,29.0,0.0,29.0,0.0,29.0,0.0,0.0,29.0,0.0,0.0,0.0,0.0,0.0,0.0,battery2_v
2021-02-05T20:00:00Z,30.0,30.0,,,,,1172.0,1186.0,,,,12.119,12.128,,,,7097.0,7097.0,7097.0,,-2.0,97.3,,,,0.0,,,,,,,,,,8459.0,8488.0,0.0,0.0,30.0,0.0,30.0,0.0,30.0,0.0,0.0,30.0,0.0,0.0,0.0,0.0,0.0,0.0,battery2_v
2021-02-05T21:00:00Z,30.0,30.0,,,,,1177.2,1186.0,,,,12.119,12.128,,,,7097.0,7097.0,7097.0,,0.0,98.967,,,,0.0,,,,,,,,,,8489.0,8518.0,0.0,0.0,30.0,0.0,30.0,0.0,30.0,0.0,0.0,30.0,0.0,0.0,0.0,0.0,0.0,0.0,battery2_v
2021-02-05T22:00:00Z,30.0,30.0,,,,,1192.2,1315.0,,,,12.114,12.128,,,,7097.0,7097.0,7097.0,,0.0,101.467,,,,0.0,,,,,,,,,,8519.0,8548.0,0.0,0.0,30.0,0.0,30.0,0.0,30.0,0.0,0.0,30.0,0.0,0.0,0.0,0.0,0.0,0.0,battery2_v
2021-02-05T23:00:00Z,30.0,30.0,,,,,6032.367,13939.0,,,,11.982,12.124,,,,7097.0,7097.0,7097.0,,-16.056,90.633,,,,0.0,,,,,,,,,,8549.0,8578.0,0.0,0.0,30.0,0.0,30.0,0.0,30.0,0.0,5.0,25.0,0.0,0.0,0.0,0.0,0.0,0.0,battery2_v
2021-02-06T00:00:00Z,29.0,29.0,,,,,3885.759,4310.0,,,,12.114,12.124,,,,7097.0,7097.0,7097.0,,0.0,111.379,,,,0.0,,,,,,,,,,8579.0,8607.0,0.0,0.0,29.0,0.0,29.0,0.0,29.0,0.0,0.0,29.0,0.0,0.0,0.0,0.0,0.0,0.0,battery2_v
2021-02-06T01:00:00Z,30.0,30.0,,,,,12844.767,13822.0,,,,12.114,12.176,,,,7097.0,7097.0,7097.0,,8.793,114.967,,,,0.0,,,,,,,,,,8608.0,8637.0,0.0,0.0,30.0,0.0,30.0,0.0,30.0,0.0,0.0,30.0,0.0,0.0,0.0,0.0,0.0,0.0,battery2_v
2021-02-06T02:00:00Z,30.0,30.0,,,,,13724.0,14325.0,,,,12.152,12.247,,,,7097.0,7097.0,7097.0,,23.467,123.167,,,,0.0,,,,,,,,,,8638.0,8667.0,0.0,0.0,30.0,0.0,30.0,0.0,30.0,0.0,0.0,30.0,0.0,0.0,0.0,0.0,0.0,0.0,battery2_v
2021-02-06T03:00:00Z,30.0,30.0,,,,,13691.9,14313.0,,,,12.209,12.27,,,,7097.0,7097.0,7097.0,,26.667,127.3,,,,0.0,,,,,,,,,,8668.0,8697.0,0.0,0.0,30.0,0.0,30.0,0.0,30.0,0.0,0.0,30.0,0.0,0.0,0.0,0.0,0.0,0.0,battery2_v
2021-02-06T04:00:00Z,30.0,30.0,,,,,13613.633,14278.0,,,,12.261,12.318,,,,7097.0,7097.0,7097.0,,37.1,125.6,,,,0.0,,,,,,,,,,8698.0,8727.0,0.0,0.0,30.0,0.0,30.0,0.0,30.0,0.0,0.0,30.0,0.0,0.0,0.0,0.0,0.0,0.0,battery2_v
2021-02-06T05:00:00Z,29.0,29.0,,,,,13682.276,14290.0,,,,12.185,12.341,,,,7097.0,7097.0,7097.0,,19.862,96.966,,,,0.0,,,,,,,,,,8728.0,8756.0,0.0,0.0,29.0,0.0,29.0,0.0,29.0,0.0,0.0,29.0,0.0,0.0,0.0,0.0,0.0,0.0,battery2_v
2021-02-06T06:00:00Z,30.0,30.0,,,,,13675.233,14290.0,,,,12.181,12.313,,,,7097.0,7097.0,7097.0,,22.9,109.233,,,,0.0,,,,,,,,,,8757.0,8786.0,0.0,0.0,30.0,0.0,30.0,0.0,30.0,0.0,0.0,30.0,0.0,0.0,0.0,0.0,0.0,0.0,battery2_v
2021-02-06T07:00:00Z,30.0,30.0,,,,,13740.733,14313.0,,,,12.124,12.251,,,,7097.0,7097.0,7097.0,,6.233,90.967,,,,0.0,,,,,,,,,,8787.0,8816.0,0.0,0.0,30.0,0.0,30.0,0.0,30.0,0.0,0.0,30.0,0.0,0.0,0.0,0.0,0.0,0.0,battery2_v
2021-02-06T08:00:00Z,29.0,29.0,,,,,13466.448,13845.0,,,,12.091,12.147,,,,7097.0,7097.0,7097.0,,-7.964,64.138,,,,0.0,,,,,,,,,,8817.0,8846.0,0.0,0.0,29.0,0.0,29.0,0.0,29.0,0.0,0.0,25.0,0.0,0.0,0.0,0.0,0.0,0.0,battery2_v
2021-02-06T09:00:00Z,28.0,28.0,,,,,13839.929,13869.0,,,,12.067,12.133,,,,7097.0,7097.0,7097.0,,-11.692,70.571,,,,0.0,,,,,,,,,,8847.0,8875.0,0.0,0.0,28.0,0.0,28.0,0.0,28.0,0.0,0.0,28.0,0.0,0.0,0.0,0.0,0.0,0.0,battery2_v
2021-02-06T10:00:00Z,30.0,30.0,,,,,9497.267,13880.0,,,,12.053,12.114,,,,7097.0,7097.0,7097.0,,-16.278,86.5,,,,0.0,,,,,,,,,,8876.0,8905.0,0.0,0.0,30.0,0.0,30.0,0.0,30.0,0.0,0.0,30.0,0.0,0.0,0.0,0.0,0.0,0.0,battery2_v
2021-02-06T11:00:00Z,30.0,30.0,,,,,1358.2,2122.0,,,,12.105,12.114,,,,7097.0,7097.0,7097.0,,-1.5,97.033,,,,0.0,,,,,,,,,,8906.0,8935.0,0.0,0.0,30.0,0.0,30.0,0.0,30.0,0.0,0.0,30.0,0.0,0.0,0.0,0.0,0.0,0.0,battery2_v
2021-02-06T12:00:00Z,30.0,30.0,,,,,1213.9,1244.0,,,,12.095,12.114,,,,7097.0,7097.0,7097.0,,-2.0,93.633,,,,0.0,,,,,,,,,,8936.0,8965.0,0.0,0.0,30.0,0.0,30.0,0.0,30.0,0.0,0.0,30.0,0.0,0.0,0.0,0.0,0.0,0.0,battery2_v
2021-02-06T13:00:00Z,27.0,27.0,,,,,1223.185,1244.0,,,,12.095,12.11,,,,7097.0,7097.0,7097.0,,-2.0,92.704,,,,0.0,,,,,,,,,,8966.0,8994.0,0.0,0.0,27.0,0.0,27.0,0.0,27.0,0.0,0.0,27.0,0.0,0.0,0.0,0.0,0.0,0.0,battery2_v
2021-02-06T14:00:00Z,29.0,29.0,,,,,1250.345,1268.0,,,,12.095,12.105,,,,7097.0,7097.0,7097.0,,0.0,103.828,,,,0.0,,,,,,,,,,8995.0,9024.0,0.0,0.0,29.0,0.0,29.0,0.0,29.0,0.0,0.0,29.0,0.0,0.0,0.0,0.0,0.0,0.0,battery2_v
2021-02-06T15:00:00Z,28.0,28.0,,,,,1240.107,1256.0,,,,12.095,12.105,,,,7097.0,7097.0,7097.0,,0.0,99.179,,,,0.0,,,,,,,,,,9026.0,9054.0,0.0,0.0,28.0,0.0,28.0,0.0,28.0,0.0,0.0,28.0,0.0,0.0,0.0,0.0,0.0,0.0,battery2_v
2021-02-06T16:00:00Z,29.0,29.0,,,,,1241.552,1268.0,,,,12.091,12.105,,,,7097.0,7097.0,7097.0,,-2.0,101.103,,,,0.0,,,,,,,,,,9055.0,9083.0,0.0,0.0,29.0,0.0,29.0,0.0,29.0,0.0,0.0,29.0,0.0,0.0,0.0,0.0,0.0,0.0,battery2_v
2021-02-06T17:00:00Z,30.0,30.0,,,,,1250.5,1268.0,,,,12.086,12.1,,,,7097.0,7097.0,7097.0,,-1.5,96.5,,,,0.0,,,,,,,,,,9084.0,9113.0,0.0,0.0,30.0,0.0,30.0,0.0,30.0,0.0,0.0,30.0,0.0,0.0,0.0,0.0,0.0,0.0,battery2_v
2021-02-06T18:00:00Z,30.0,30.0,,,,,1261.533,1279.0,,,,12.076,12.095,,,,7097.0,7097.0,7097.0,,-2.0,92.567,,,,0.0,,,,,,,,,,9114.0,9143.0,0.0,0.0,30.0,0.0,30.0,0.0,30.0,0.0,0.0,30.0,0.0,0.0,0.0,0.0,0.0,0.0,battery2_v
2021-02-06T19:00:00Z,30.0,30.0,,,,,1273.433,1291.0,,,,12.081,12.091,,,,7097.0,7097.0,7097.0,,-2.0,93.4,,,,0.0,,,,,,,,,,9144.0,9173.0,0.0,0.0,30.0,0.0,30.0,0.0,30.0,0.0,0.0,30.0,0.0,0.0,0.0,0.0,0.0,0.0,battery2_v
2021-02-06T20:00:00Z,30.0,30.0,,,,,1276.633,1303.0,,,,12.067,12.091,,,,7097.0,7097.0,7097.0,,-2.0,93.633,,,,0.0,,,,,,,,,,9174.0,9203.0,0.0,0.0,30.0,0.0,30.0,0.0,30.0,0.0,0.0,30.0,0.0,0.0,0.0,0.0,0.0,0.0,battery2_v
2021-02-06T21:00:00Z,30.0,30.0,,,,,1287.067,1326.0,,,,12.072,12.091,,,,7097.0,7097.0,7097.0,,-1.5,95.867,,,,0.0,,,,,,,,,,9204.0,9233.0,0.0,0.0,30.0,0.0,30.0,0.0,30.0,0.0,0.0,30.0,0.0,0.0,0.0,0.0,0.0,0.0,battery2_v
2021-02-06T22:00:00Z,28.0,28.0,,,,,1307.0,1420.0,,,,12.072,12.086,,,,7097.0,7097.0,7097.0,,-1.0,97.321,,,,0.0,,,,,,,,,,9234.0,9263.0,0.0,0.0,28.0,0.0,28.0,0.0,28.0,0.0,0.0,28.0,0.0,0.0,0.0,0.0,0.0,0.0,battery2_v
2021-02-06T23:00:00Z,30.0,30.0,,,,,7930.467,14009.0,,,,11.944,12.086,,,,7097.0,7097.0,7097.0,,-38.6,72.9,,,,0.0,,,,,,,,,,9264.0,9293.0,0.0,0.0,30.0,0.0,30.0,0.0,30.0,0.0,10.0,20.0,0.0,0.0,0.0,0.0,0.0,0.0,battery2_v
2021-02-07T00:00:00Z,28.0,28.0,,,,,13169.643,13997.0,,,,11.944,12.062,,,,7097.0,7097.0,7097.0,,-17.185,69.286,,,,0.0,,,,,,,,,,9294.0,9322.0,0.0,0.0,28.0,0.0,28.0,0.0,28.0,0.0,2.0,26.0,0.0,0.0,0.0,0.0,0.0,0.0,battery2_v
2021-02-07T01:00:00Z,30.0,30.0,,,,,13877.867,14442.0,,,,12.053,12.105,,,,7097.0,7097.0,7097.0,,2.25,94.833,,,,0.0,,,,,,,,,,9323.0,9352.0,0.0,0.0,30.0,0.0,30.0,0.0,30.0,0.0,0.0,30.0,0.0,0.0,0.0,0.0,0.0,0.0,battery2_v
2021-02-07T02:00:00Z,30.0,30.0,,,,,13797.3,14407.0,,,,12.1,12.223,,,,7097.0,7097.0,7097.0,,22.3,120.267,,,,0.0,,,,,,,,,,9353.0,9382.0,0.0,0.0,30.0,0.0,30.0,0.0,30.0,0.0,0.0,30.0,0.0,0.0,0.0,0.0,0.0,0.0,battery2_v
2021-02-07T03:00:00Z,30.0,30.0,,,,,13713.4,14395.0,,,,12.166,12.285,,,,7097.0,7097.0,7097.0,,33.8,133.067,,,,0.0,,,,,,,,,,9383.0,9412.0,0.0,0.0,30.0,0.0,30.0,0.0,30.0,0.0,0.0,30.0,0.0,0.0,0.0,0.0,0.0,0.0,battery2_v
2021-02-07T04:00:00Z,29.0,29.0,,,,,13661.31,14290.0,,,,12.228,12.327,,,,7097.0,7097.0,7097.0,,40.034,130.241,,,,0.0,,,,,,,,,,9413.0,9442.0,0.0,0.0,29.0,0.0,29.0,0.0,29.0,0.0,4.0,29.0,0.0,0.0,0.0,0.0,0.0,0.0,battery2_v
2021-02-07T05:00:00Z,30.0,30.0,,,,,13633.767,14266.0,,,,12.299,12.346,,,,7097.0,7097.0,7097.0,,43.833,132.767,,,,0.0,,,,,,,,,,9443.0,9472.0,0.0,0.0,30.0,0.0,30.0,0.0,30.0,0.0,0.0,30.0,0.0,0.0,0.0,0.0,0.0,0.0,battery2_v
2021-02-07T06:00:00Z,29.0,29.0,,,,,13649.172,13752.0,,,,12.166,12.346,,,,7097.0,7097.0,7097.0,,21.31,102.345,,,,0.0,,,,,,,,,,9473.0,9501.0,0.0,0.0,29.0,0.0,29.0,0.0,29.0,0.0,0.0,29.0,0.0,0.0,0.0,0.0,0.0,0.0,battery2_v
2021-02-07T07:00:00Z,29.0,29.0,,,,,13714.414,14337.0,,,,12.176,12.266,,,,7097.0,7097.0,7097.0,,18.793,108.724,,,,0.0,,,,,,,,,,9502.0,9531.0,0.0,0.0,29.0,0.0,29.0,0.0,29.0,0.0,0.0,29.0,0.0,0.0,0.0,0.0,0.0,0.0,battery2_v
2021-02-07T08:00:00Z,30.0,30.0,,,,,13098.8,13845.0,,,,12.091,12.237,,,,7097.0,7097.0,7097.0,,0.862,75.767,,,,0.0,,,,,,,,,,9532.0,9561.0,0.0,0.0,30.0,0.0,30.0,0.0,30.0,0.0,0.0,28.0,0.0,0.0,0.0,0.0,0.0,0.0,battery2_v
2021-02-07T09:00:00Z,30.0,30.0,,,,,13252.933,13892.0,,,,12.048,12.124,,,,7097.0,7097.0,7097.0,,-9.143,71.9,,,,0.0,,,,,,,,,,9562.0,9591.0,0.0,0.0,30.0,0.0,30.0,0.0,30.0,0.0,0.0,30.0,0.0,0.0,0.0,0.0,0.0,0.0,battery2_v
2021-02-07T10:00:00Z,30.0,30.0,,,,,8263.233,13915.0,,,,12.02,12.076,,,,7097.0,7097.0,7097.0,,-11.067,63.0,,,,0.0,,,,,,,,,,9592.0,9621.0,0.0,0.0,30.0,0.0,30.0,0.0,30.0,0.0,0.0,24.0,0.0,0.0,0.0,0.0,0.0,0.0,battery2_v
2021-02-07T11:00:00Z,29.0,29.0,,,,,1483.655,2098.0,,,,12.058,12.076,,,,7097.0,7097.0,7097.0,,-2.448,77.793,,,,0.0,,,,,,,,,,9622.0,9650.0,0.0,0.0,29.0,0.0,29.0,0.0,29.0,0.0,0.0,29.0,0.0,0.0,0.0,0.0,0.0,0.0,battery2_v
2021-02-07T12:00:00Z,30.0,30.0,,,,,1335.567,1361.0,,,,12.058,12.072,,,,7097.0,7097.0,7097.0,,-2.433,78.667,,,,0.0,,,,,,,,,,9651.0,9680.0,0.0,0.0,30.0,0.0,30.0,0.0,30.0,0.0,0.0,30.0,0.0,0.0,0.0,0.0,0.0,0.0,battery2_v
2021-02-07T13:00:00Z,28.0,28.0,,,,,1366.714,1396.0,,,,12.053,12.067,,,,7097.0,7097.0,7097.0,,-2.333,88.0,,,,0.0,,,,,,,,,,9681.0,9710.0,0.0,0.0,28.0,0.0,28.0,0.0,28.0,0.0,0.0,28.0,0.0,0.0,0.0,0.0,0.0,0.0,battery2_v
2021-02-07T14:00:00Z,29.0,29.0,,,,,1379.138,1396.0,,,,12.048,12.062,,,,7097.0,7097.0,7097.0,,-2.0,95.31,,,,0.0,,,,,,,,,,9711.0,9739.0,0.0,0.0,29.0,0.0,29.0,0.0,29.0,0.0,0.0,29.0,0.0,0.0,0.0,0.0,0.0,0.0,battery2_v
2021-02-07T15:00:00Z,30.0,30.0,,,,,1388.167,1396.0,,,,12.048,12.058,,,,7097.0,7097.0,7097.0,,-2.0,94.5,,,,0.0,,,,,,,,,,9740.0,9769.0,0.0,0.0,30.0,0.0,30.0,0.0,30.0,0.0,0.0,30.0,0.0,0.0,0.0,0.0,0.0,0.0,battery2_v
2021-02-07T16:00:00Z,27.0,27.0,,,,,1385.222,1408.0,,,,12.043,12.058,,,,7097.0,7097.0,7097.0,,-2.0,97.407,,,,0.0,,,,,,,,,,9770.0,9798.0,0.0,0.0,27.0,0.0,27.0,0.0,27.0,0.0,0.0,27.0,0.0,0.0,0.0,0.0,0.0,0.0,battery2_v
2021-02-07T17:00:00Z,30.0,30.0,,,,,1393.467,1408.0,,,,12.043,12.053,,,,7097.0,7097.0,7097.0,,-2.0,95.7,,,,0.0,,,,,,,,,,9799.0,9828.0,0.0,0.0,30.0,0.0,30.0,0.0,30.0,0.0,0.0,30.0,0.0,0.0,0.0,0.0,0.0,0.0,battery2_v
2021-02-07T18:00:00Z,30.0,30.0,,,,,1397.033,1408.0,,,,12.039,12.053,,,,7097.0,7097.0,7097.0,,-2.0,97.4,,,,0.0,,,,,,,,,,9829.0,9858.0,0.0,0.0,30.0,0.0,30.0,0.0,30.0,0.0,0.0,30.0,0.0,0.0,0.0,0.0,0.0,0.0,battery2_v
2021-02-07T19:00:00Z,30.0,30.0,,,,,1407.2,1432.0,,,,12.034,12.048,,,,7097.0,7097.0,7097.0,,-1.333,97.533,,,,0.0,,,,,,,,,,9859.0,9888.0,0.0,0.0,30.0,0.0,30.0,0.0,30.0,0.0,0.0,30.0,0.0,0.0,0.0,0.0,0.0,0.0,battery2_v
2021-02-07T20:00:00Z,30.0,30.0,,,,,1414.8,1432.0,,,,12.039,12.048,,,,7097.0,7097.0,7097.0,,-0.667,99.833,,,,0.0,,,,,,,,,,9889.0,9918.0,0.0,0.0,30.0,0.0,30.0,0.0,30.0,0.0,0.0,30.0,0.0,0.0,0.0,0.0,0.0,0.0,battery2_v
2021-02-07T21:00:00Z,30.0,30.0,,,,,1417.933,1443.0,,,,12.034,12.043,,,,7097.0,7097.0,7097.0,,0.0,101.267,,,,0.0,,,,,,,,,,9919.0,9948.0,0.0,0.0,30.0,0.0,30.0,0.0,30.0,0.0,0.0,30.0,0.0,0.0,0.0,0.0,0.0,0.0,battery2_v
2021-02-07T22:00:00Z,30.0,30.0,,,,,1431.367,1455.0,,,,12.024,12.043,,,,7097.0,7097.0,7097.0,,0.0,101.8,,,,0.0,,,,,,,,,,9949.0,9978.0,0.0,0.0,30.0,0.0,30.0,0.0,30.0,0.0,0.0,30.0,0.0,0.0,0.0,0.0,0.0,0.0,battery2_v
2021-02-07T23:00:00Z,30.0,30.0,,,,,6179.4,14056.0,,,,11.901,12.039,,,,7097.0,7097.0,7097.0,,-20.4,88.367,,,,0.0,,,,,,,,,,9979.0,10008.0,0.0,0.0,30.0,0.0,30.0,0.0,30.0,0.0,7.0,23.0,0.0,0.0,0.0,0.0,0.0,0.0,battery2_v
2021-02-08T00:00:00Z,30.0,30.0,,,,,6297.933,14044.0,,,,11.906,12.039,,,,7097.0,7097.0,7097.0,,-6.889,94.067,,,,0.0,,,,,,,,,,10009.0,10038.0,0.0,0.0,30.0,0.0,30.0,0.0,30.0,0.0,1.0,29.0,0.0,0.0,0.0,0.0,0.0,0.0,battery2_v
2021-02-08T01:00:00Z,28.0,28.0,,,,,13916.143,13939.0,,,,11.991,12.048,,,,7097.0,7097.0,7097.0,,-5.407,82.786,,,,0.0,,,,,,,,,,10039.0,10067.0,0.0,0.0,28.0,0.0,28.0,0.0,28.0,0.0,0.0,28.0,0.0,0.0,0.0,0.0,0.0,0.0,battery2_v
2021-02-08T02:00:00Z,30.0,30.0,,,,,13927.5,14500.0,,,,12.039,12.138,,,,7097.0,7097.0,7097.0,,12.733,103.3,,,,0.0,,,,,,,,,,10068.0,10097.0,0.0,0.0,30.0,0.0,30.0,0.0,30.0,0.0,0.0,30.0,0.0,0.0,0.0,0.0,0.0,0.0,battery2_v
2021-02-08T03:00:00Z,30.0,30.0,,,,,13751.967,13775.0,,,,12.147,12.195,,,,7097.0,7097.0,7097.0,,31.567,121.8,,,,0.0,,,,,,,,,,10098.0,10127.0,0.0,0.0,30.0,0.0,30.0,0.0,30.0,0.0,0.0,30.0,0.0,0.0,0.0,0.0,0.0,0.0,battery2_v
2021-02-08T04:00:00Z,30.0,30.0,,,,,13685.467,13728.0,,,,12.185,12.275,,,,7097.0,7097.0,7097.0,,39.233,124.833,,,,0.0,,,,,,,,,,10128.0,10157.0,0.0,0.0,30.0,0.0,30.0,0.0,30.0,0.0,3.0,30.0,0.0,0.0,0.0,0.0,0.0,0.0,battery2_v
2021-02-08T05:00:00Z,30.0,30.0,,,,,13729.0,14372.0,,,,12.171,12.27,,,,7097.0,7097.0,7097.0,,31.6,109.233,,,,0.0,,,,,,,,,,10158.0,10187.0,0.0,0.0,30.0,0.0,30.0,0.0,30.0,0.0,0.0,30.0,0.0,0.0,0.0,0.0,0.0,0.0,battery2_v
2021-02-08T06:00:00Z,27.0,27.0,,,,,13751.148,14383.0,,,,12.166,12.266,,,,7097.0,7097.0,7097.0,,25.37,93.667,,,,0.0,,,,,,,,,,10188.0,10216.0,0.0,0.0,27.0,0.0,27.0,0.0,27.0,0.0,0.0,27.0,0.0,0.0,0.0,0.0,0.0,0.0,battery2_v
2021-02-08T07:00:00Z,28.0,28.0,,,,,9863.893,13892.0,,,,12.043,12.251,,,,7097.0,7097.0,7097.0,,-3.179,53.143,,,,0.0,,,,,,,,,,10217.0,10246.0,0.0,0.0,28.0,0.0,28.0,0.0,28.0,0.0,0.0,13.0,0.0,0.0,0.0,0.0,0.0,0.0,battery2_v
2021-02-08T08:00:00Z,30.0,30.0,,,,,7479.667,14044.0,,,,11.911,12.067,,,,7097.0,7097.0,7097.0,,-19.833,45.1,,,,0.0,,,,,,,,,,10247.0,10276.0,0.0,0.0,30.0,0.0,30.0,0.0,30.0,0.0,9.0,21.0,0.0,0.0,0.0,0.0,0.0,0.0,battery2_v
2021-02-08T09:00:00Z,30.0,30.0,,,,,3081.267,3421.0,,,,12.024,12.039,,,,7097.0,7097.0,7097.0,,-2.2,80.8,,,,0.0,,,,,,,,,,10277.0,10306.0,0.0,0.0,30.0,0.0,30.0,0.0,30.0,0.0,0.0,30.0,0.0,0.0,0.0,0.0,0.0,0.0,battery2_v
2021-02-08T10:00:00Z,30.0,30.0,,,,,3312.2,6650.0,,,,12.02,12.034,,,,7097.0,7097.0,7097.0,,-2.103,82.4,,,,0.0,,,,,,,,,,10307.0,10336.0,0.0,0.0,30.0,0.0,30.0,0.0,30.0,0.0,0.0,30.0,0.0,0.0,0.0,0.0,0.0,0.0,battery2_v
2021-02-08T11:00:00Z,28.0,28.0,,,,,1588.929,2391.0,,,,12.015,12.024,,,,7097.0,7097.0,7097.0,,-2.071,83.536,,,,0.0,,,,,,,,,,10337.0,10365.0,0.0,0.0,28.0,0.0,28.0,0.0,28.0,0.0,0.0,28.0,0.0,0.0,0.0,0.0,0.0,0.0,battery2_v
2021-02-08T12:00:00Z,30.0,30.0,,,,,1482.067,1502.0,,,,12.005,12.024,,,,7097.0,7097.0,7097.0,,-2.133,84.633,,,,0.0,,,,,,,,,,10366.0,10395.0,0.0,0.0,30.0,0.0,30.0,0.0,30.0,0.0,0.0,30.0,0.0,0.0,0.0,0.0,0.0,0.0,battery2_v
2021-02-08T13:00:00Z,25.0,25.0,,,,,1474.96,1490.0,,,,12.005,12.02,,,,7097.0,7097.0,7097.0,,-2.0,85.88,,,,0.0,,,,,,,,,,10396.0,10425.0,0.0,0.0,25.0,0.0,25.0,0.0,25.0,0.0,0.0,25.0,0.0,0.0,0.0,0.0,0.0,0.0,battery2_v
2021-02-08T14:00:00Z,24.0,24.0,,,,,1490.5,1513.0,,,,11.996,12.015,,,,7097.0,7097.0,7097.0,,-2.042,85.042,,,,0.0,,,,,,,,,,10426.0,10454.0,0.0,0.0,24.0,0.0,24.0,0.0,24.0,0.0,0.0,24.0,0.0,0.0,0.0,0.0,0.0,0.0,battery2_v
2021-02-08T15:00:00Z,30.0,30.0,,,,,1499.833,1513.0,,,,11.996,12.01,,,,7097.0,7097.0,7097.0,,-2.069,86.367,,,,0.0,,,,,,,,,,10455.0,10484.0,0.0,0.0,30.0,0.0,30.0,0.0,30.0,0.0,0.0,30.0,0.0,0.0,0.0,0.0,0.0,0.0,battery2_v
2021-02-08T16:00:00Z,30.0,30.0,,,,,1505.267,1525.0,,,,11.991,12.01,,,,7097.0,7097.0,7097.0,,-2.0,88.2,,,,0.0,,,,,,,,,,10485.0,10514.0,0.0,0.0,30.0,0.0,30.0,0.0,30.0,0.0,0.0,30.0,0.0,0.0,0.0,0.0,0.0,0.0,battery2_v
2021-02-08T17:00:00Z,30.0,30.0,,,,,1508.267,1525.0,,,,11.991,12.005,,,,7097.0,7097.0,7097.0,,-2.0,91.4,,,,0.0,,,,,,,,,,10515.0,10544.0,0.0,0.0,30.0,0.0,30.0,0.0,30.0,0.0,0.0,30.0,0.0,0.0,0.0,0.0,0.0,0.0,battery2_v
2021-02-08T18:00:00Z,29.0,29.0,,,,,1509.345,1525.0,,,,11.991,12.005,,,,7097.0,7097.0,7097.0,,-2.0,95.345,,,,0.0,,,,,,,,,,10545.0,10573.0,0.0,0.0,29.0,0.0,29.0,0.0,29.0,0.0,0.0,29.0,0.0,0.0,0.0,0.0,0.0,0.0,battery2_v
2021-02-08T19:00:00Z,30.0,30.0,,,,,1517.033,1525.0,,,,11.991,12.001,,,,7097.0,7097.0,7097.0,,-2.0,95.967,,,,0.0,,,,,,,,,,10574.0,10603.0,0.0,0.0,30.0,0.0,30.0,0.0,30.0,0.0,0.0,30.0,0.0,0.0,0.0,0.0,0.0,0.0,battery2_v
2021-02-08T20:00:00Z,30.0,30.0,,,,,1522.2,1537.0,,,,11.987,11.996,,,,7097.0,7097.0,7097.0,,-2.0,97.033,,,,0.0,,,,,,,,,,10604.0,10633.0,0.0,0.0,30.0,0.0,30.0,0.0,30.0,0.0,0.0,30.0,0.0,0.0,0.0,0.0,0.0,0.0,battery2_v
2021-02-08T21:00:00Z,30.0,30.0,,,,,1544.033,1560.0,,,,11.982,11.996,,,,7097.0,7097.0,7097.0,,-1.5,97.633,,,,0.0,,,,,,,,,,10634.0,10663.0,0.0,0.0,30.0,0.0,30.0,0.0,30.0,0.0,0.0,30.0,0.0,0.0,0.0,0.0,0.0,0.0,battery2_v
2021-02-08T22:00:00Z,30.0,30.0,,,,,1556.867,1607.0,,,,11.982,11.991,,,,7097.0,7097.0,7097.0,,,98.667,,,,0.0,,,,,,,,,,10664.0,10693.0,0.0,0.0,30.0,0.0,30.0,0.0,30.0,0.0,0.0,30.0,0.0,0.0,0.0,0.0,0.0,0.0,battery2_v
2021-02-08T23:00:00Z,30.0,30.0,,,,,8738.667,14103.0,,,,11.845,11.991,,,,7097.0,7097.0,7097.0,,-33.0,75.833,,,,0.0,,,,,,,,,,10694.0,10723.0,0.0,0.0,30.0,0.0,30.0,0.0,30.0,0.0,6.0,24.0,0.0,0.0,0.0,0.0,0.0,0.0,battery2_v
2021-02-09T00:00:00Z,30.0,30.0,,,,,13690.833,13997.0,,,,11.944,12.024,,,,7097.0,7097.0,7097.0,,-9.133,81.467,,,,0.0,,,,,,,,,,10724.0,10753.0,0.0,0.0,30.0,0.0,30.0,0.0,30.0,0.0,0.0,30.0,0.0,0.0,0.0,0.0,0.0,0.0,battery2_v
2021-02-09T01:00:00Z,30.0,30.0,,,,,13971.2,14559.0,,,,11.963,12.043,,,,7097.0,7097.0,7097.0,,5.931,100.6,,,,0.0,,,,,,,,,,10754.0,10783.0,0.0,0.0,30.0,0.0,30.0,0.0,30.0,0.0,0.0,30.0,0.0,0.0,0.0,0.0,0.0,0.0,battery2_v
2021-02-09T02:00:00Z,30.0,30.0,,,,,13883.033,14559.0,,,,12.024,12.11,,,,7097.0,7097.0,7097.0,,23.6,113.567,,,,0.0,,,,,,,,,,10784.0,10813.0,0.0,0.0,30.0,0.0,30.0,0.0,30.0,0.0,0.0,30.0,0.0,0.0,0.0,0.0,0.0,0.0,battery2_v
2021-02-09T03:00:00Z,28.0,28.0,,,,,13795.571,13845.0,,,,12.095,12.209,,,,7097.0,7097.0,7097.0,,30.964,117.5,,,,0.0,,,,,,,,,,10814.0,10842.0,0.0,0.0,28.0,0.0,28.0,0.0,28.0,0.0,2.0,28.0,0.0,0.0,0.0,0.0,0.0,0.0,battery2_v
2021-02-09T04:00:00Z,29.0,29.0,,,,,13814.241,14465.0,,,,12.11,12.214,,,,7097.0,7097.0,7097.0,,28.828,111.897,,,,0.0,,,,,,,,,,10843.0,10872.0,0.0,0.0,29.0,0.0,29.0,0.0,29.0,0.0,2.0,29.0,0.0,0.0,0.0,0.0,0.0,0.0,battery2_v
2021-02-09T05:00:00Z,30.0,30.0,,,,,13837.7,14442.0,,,,12.119,12.171,,,,7097.0,7097.0,7097.0,,22.033,93.633,,,,0.0,,,,,,,,,,10873.0,10902.0,0.0,0.0,30.0,0.0,30.0,0.0,30.0,0.0,0.0,30.0,0.0,0.0,0.0,0.0,0.0,0.0,battery2_v
2021-02-09T06:00:00Z,29.0,29.0,,,,,13793.483,13834.0,,,,12.1,12.157,,,,7097.0,7097.0,7097.0,,20.103,83.034,,,,0.0,,,,,,,,,,10903.0,10932.0,0.0,0.0,29.0,0.0,29.0,0.0,29.0,0.0,0.0,29.0,0.0,0.0,0.0,0.0,0.0,0.0,battery2_v
2021-02-09T07:00:00Z,29.0,29.0,,,,,13777.552,13951.0,,,,12.105,12.204,,,,7097.0,7097.0,7097.0,,25.034,82.379,,,,0.0,,,,,,,,,,10933.0,10961.0,0.0,0.0,29.0,0.0,29.0,0.0,29.0,0.0,0.0,27.0,0.0,0.0,0.0,0.0,0.0,0.0,battery2_v
2021-02-09T08:00:00Z,30.0,30.0,,,,,13833.233,14442.0,,,,12.076,12.223,,,,7097.0,7097.0,7097.0,,14.3,68.633,,,,0.0,,,,,,,,,,10962.0,10991.0,0.0,0.0,30.0,0.0,30.0,0.0,30.0,0.0,0.0,26.0,0.0,0.0,0.0,0.0,0.0,0.0,battery2_v
2021-02-09T09:00:00Z,30.0,30.0,,,,,13807.833,13962.0,,,,11.972,12.081,,,,7097.0,7097.0,7097.0,,-5.414,43.633,,,,0.0,,,,,,,,,,10992.0,11021.0,0.0,0.0,30.0,0.0,30.0,0.0,30.0,0.0,0.0,9.0,0.0,0.0,0.0,0.0,0.0,0.0,battery2_v
2021-02-09T10:00:00Z,30.0,30.0,,,,,9055.7,14009.0,,,,11.911,11.987,,,,7097.0,7097.0,7097.0,,-14.167,36.333,,,,0.0,,,,,,,,,,11022.0,11051.0,0.0,0.0,30.0,0.0,30.0,0.0,30.0,0.0,0.0,5.0,0.0,0.0,0.0,0.0,0.0,0.0,battery2_v
2021-02-09T11:00:00Z,29.0,29.0,,,,,1678.379,2391.0,,,,11.972,11.991,,,,7097.0,7097.0,7097.0,,-2.688,54.966,,,,0.0,,,,,,,,,,11052.0,11081.0,0.0,0.0,29.0,0.0,29.0,0.0,29.0,0.0,0.0,20.0,0.0,0.0,0.0,0.0,0.0,0.0,battery2_v
2021-02-09T12:00:00Z,29.0,29.0,,,,,1571.586,1584.0,,,,11.972,11.987,,,,7097.0,7097.0,7097.0,,0.0,71.138,,,,0.0,,,,,,,,,,11082.0,11110.0,0.0,0.0,29.0,0.0,29.0,0.0,29.0,0.0,0.0,29.0,0.0,0.0,0.0,0.0,0.0,0.0,battery2_v
2021-02-09T13:00:00Z,29.0,29.0,,,,,1583.0,1607.0,,,,11.972,11.977,,,,7097.0,7097.0,7097.0,,-1.0,66.414,,,,0.0,,,,,,,,,,11111.0,11140.0,0.0,0.0,29.0,0.0,29.0,0.0,29.0,0.0,0.0,29.0,0.0,0.0,0.0,0.0,0.0,0.0,battery2_v
2021-02-09T14:00:00Z,26.0,26.0,,,,,1586.462,1595.0,,,,11.968,11.977,,,,7097.0,7097.0,7097.0,,0.0,85.346,,,,0.0,,,,,,,,,,11141.0,11169.0,0.0,0.0,26.0,0.0,26.0,0.0,26.0,0.0,0.0,26.0,0.0,0.0,0.0,0.0,0.0,0.0,battery2_v
2021-02-09T15:00:00Z,29.0,29.0,,,,,1590.931,1607.0,,,,11.963,11.977,,,,7097.0,7097.0,7097.0,,0.0,77.793,,,,0.0,,,,,,,,,,11170.0,11199.0,0.0,0.0,29.0,0.0,29.0,0.0,29.0,0.0,0.0,29.0,0.0,0.0,0.0,0.0,0.0,0.0,battery2_v
2021-02-09T16:00:00Z,30.0,30.0,,,,,1591.0,1607.0,,,,11.963,11.972,,,,7097.0,7097.0,7097.0,,0.0,71.733,,,,0.0,,,,,,,,,,11200.0,11229.0,0.0,0.0,30.0,0.0,30.0,0.0,30.0,0.0,0.0,30.0,0.0,0.0,0.0,0.0,0.0,0.0,battery2_v
2021-02-09T17:00:00Z,30.0,30.0,,,,,1590.667,1607.0,,,,11.963,11.972,,,,7097.0,7097.0,7097.0,,0.0,76.533,,,,0.0,,,,,,,,,,11230.0,11259.0,0.0,0.0,30.0,0.0,30.0,0.0,30.0,0.0,0.0,30.0,0.0,0.0,0.0,0.0,0.0,0.0,battery2_v
2021-02-09T18:00:00Z,28.0,28.0,,,,,1599.393,1619.0,,,,11.958,11.972,,,,7097.0,7097.0,7097.0,,0.0,76.0,,,,0.0,,,,,,,,,,11260.0,11288.0,0.0,0.0,28.0,0.0,28.0,0.0,28.0,0.0,0.0,28.0,0.0,0.0,0.0,0.0,0.0,0.0,battery2_v
2021-02-09T19:00:00Z,30.0,30.0,,,,,1599.433,1607.0,,,,11.963,11.968,,,,7097.0,7097.0,7097.0,,0.0,76.8,,,,0.0,,,,,,,,,,11289.0,11318.0,0.0,0.0,30.0,0.0,30.0,0.0,30.0,0.0,0.0,30.0,0.0,0.0,0.0,0.0,0.0,0.0,battery2_v
2021-02-09T20:00:00Z,30.0,30.0,,,,,1604.6,1619.0,,,,11.958,11.968,,,,7097.0,7097.0,7097.0,,0.0,77.333,,,,0.0,,,,,,,,,,11319.0,11348.0,0.0,0.0,30.0,0.0,30.0,0.0,30.0,0.0,0.0,30.0,0.0,0.0,0.0,0.0,0.0,0.0,battery2_v
2021-02-09T21:00:00Z,30.0,30.0,,,,,1613.733,1630.0,,,,11.953,11.968,,,,7097.0,7097.0,7097.0,,0.0,76.8,,,,0.0,,,,,,,,,,11349.0,11378.0,0.0,0.0,30.0,0.0,30.0,0.0,30.0,0.0,0.0,30.0,0.0,0.0,0.0,0.0,0.0,0.0,battery2_v
2021-02-09T22:00:00Z,30.0,30.0,,,,,1630.833,1771.0,,,,11.949,11.963,,,,7097.0,7097.0,7097.0,,0.0,77.333,,,,0.0,,,,,,,,,,11379.0,11408.0,0.0,0.0,30.0,0.0,30.0,0.0,30.0,0.0,0.0,30.0,0.0,0.0,0.0,0.0,0.0,0.0,battery2_v
2021-02-09T23:00:00Z,29.0,29.0,,,,,7390.172,14138.0,,,,11.816,11.963,,,,7097.0,7097.0,7097.0,,-19.074,60.276,,,,0.0,,,,,,,,,,11409.0,11438.0,0.0,0.0,29.0,0.0,29.0,0.0,29.0,0.0,9.0,20.0,0.0,0.0,0.0,0.0,0.0,0.0,battery2_v
2021-02-10T00:00:00Z,30.0,30.0,,,,,13366.667,14056.0,,,,11.901,11.944,,,,7097.0,7097.0,7097.0,,-11.821,57.567,,,,0.0,,,,,,,,,,11439.0,11468.0,0.0,0.0,30.0,0.0,30.0,0.0,30.0,0.0,0.0,24.0,0.0,0.0,0.0,0.0,0.0,0.0,battery2_v
2021-02-10T01:00:00Z,30.0,30.0,,,,,13991.867,14582.0,,,,11.944,12.039,,,,7097.0,7097.0,7097.0,,11.367,81.567,,,,0.0,,,,,,,,,,11469.0,11498.0,0.0,0.0,30.0,0.0,30.0,0.0,30.0,0.0,0.0,30.0,0.0,0.0,0.0,0.0,0.0,0.0,battery2_v
2021-02-10T02:00:00Z,29.0,29.0,,,,,13811.276,13939.0,,,,11.996,12.185,,,,7097.0,7097.0,7097.0,,38.103,105.241,,,,0.0,,,,,,,,,,11499.0,11527.0,0.0,0.0,29.0,0.0,29.0,0.0,29.0,0.0,4.0,29.0,0.0,0.0,0.0,0.0,0.0,0.0,battery2_v
2021-02-10T03:00:00Z,30.0,30.0,,,,,13790.7,14337.0,,,,12.091,12.27,,,,7097.0,7097.0,7097.0,,36.333,97.233,,,,0.0,,,,,,,,,,11528.0,11557.0,0.0,0.0,30.0,0.0,30.0,0.0,30.0,0.0,5.0,30.0,0.0,0.0,0.0,0.0,0.0,0.0,battery2_v
2021-02-10T04:00:00Z,30.0,30.0,,,,,13743.767,14407.0,,,,12.11,12.28,,,,7097.0,7097.0,7097.0,,38.333,90.267,,,,0.0,,,,,,,,,,11558.0,11587.0,0.0,0.0,30.0,0.0,30.0,0.0,30.0,0.0,8.0,30.0,0.0,0.0,0.0,0.0,0.0,0.0,battery2_v
2021-02-10T05:00:00Z,29.0,29.0,,,,,13710.966,13763.0,,,,12.162,12.261,,,,7097.0,7097.0,7097.0,,38.103,82.759,,,,0.0,,,,,,,,,,11588.0,11617.0,0.0,0.0,29.0,0.0,29.0,0.0,29.0,0.0,4.0,29.0,0.0,0.0,0.0,0.0,0.0,0.0,battery2_v
2021-02-10T06:00:00Z,30.0,30.0,,,,,13702.933,14302.0,,,,12.166,12.28,,,,7097.0,7097.0,7097.0,,43.733,85.367,,,,0.0,,,,,,,,,,11618.0,11647.0,0.0,0.0,30.0,0.0,30.0,0.0,30.0,0.0,10.0,30.0,0.0,0.0,0.0,0.0,0.0,0.0,battery2_v
2021-02-10T07:00:00Z,30.0,30.0,,,,,13511.467,14395.0,,,,12.039,12.28,,,,7097.0,7097.0,7097.0,,12.586,43.533,,,,0.0,,,,,,,,,,11648.0,11677.0,0.0,0.0,30.0,0.0,30.0,0.0,30.0,0.0,3.0,9.0,0.0,0.0,0.0,0.0,0.0,0.0,battery2_v
2021-02-10T08:00:00Z,27.0,27.0,,,,,13928.778,14477.0,,,,12.005,12.072,,,,7097.0,7097.0,7097.0,,-2.0,27.111,,,,0.0,,,,,,,,,,11678.0,11706.0,0.0,0.0,27.0,0.0,27.0,0.0,27.0,0.0,0.0,0.0,0.0,0.0,0.0,0.0,0.0,0.0,battery2_v
2021-02-10T09:00:00Z,29.0,29.0,,,,,13610.034,13997.0,,,,11.949,12.015,,,,7097.0,7097.0,7097.0,,-17.655,15.793,,,,0.0,,,,,,,,,,11707.0,11736.0,0.0,0.0,29.0,0.0,29.0,0.0,29.0,0.0,0.0,0.0,0.0,0.0,0.0,0.0,0.0,0.0,battery2_v
2021-02-10T10:00:00Z,29.0,29.0,,,,,9413.0,14044.0,,,,11.92,11.982,,,,7097.0,7097.0,7097.0,,-14.793,22.448,,,,0.0,,,,,,,,,,11737.0,11766.0,0.0,0.0,29.0,0.0,29.0,0.0,29.0,0.0,0.0,0.0,0.0,0.0,0.0,0.0,0.0,0.0,battery2_v
2021-02-10T11:00:00Z,30.0,30.0,,,,,1817.167,2859.0,,,,11.958,11.968,,,,7097.0,7097.0,7097.0,,-3.067,41.233,,,,0.0,,,,,,,,,,11767.0,11796.0,0.0,0.0,30.0,0.0,30.0,0.0,30.0,0.0,0.0,0.0,0.0,0.0,0.0,0.0,0.0,0.0,battery2_v
2021-02-10T12:00:00Z,30.0,30.0,,,,,1620.3,1642.0,,,,11.944,11.963,,,,7097.0,7097.0,7097.0,,-2.633,44.8,,,,0.0,,,,,,,,,,11797.0,11826.0,0.0,0.0,30.0,0.0,30.0,0.0,30.0,0.0,0.0,4.0,0.0,0.0,0.0,0.0,0.0,0.0,battery2_v
2021-02-10T13:00:00Z,30.0,30.0,,,,,1631.733,1642.0,,,,11.944,11.958,,,,7097.0,7097.0,7097.0,,-2.333,50.233,,,,0.0,,,,,,,,,,11827.0,11856.0,0.0,0.0,30.0,0.0,30.0,0.0,30.0,0.0,0.0,14.0,0.0,0.0,0.0,0.0,0.0,0.0,battery2_v
2021-02-10T14:00:00Z,28.0,28.0,,,,,1636.036,1654.0,,,,11.944,11.958,,,,7097.0,7097.0,7097.0,,-2.0,56.143,,,,0.0,,,,,,,,,,11857.0,11886.0,0.0,0.0,28.0,0.0,28.0,0.0,28.0,0.0,0.0,23.0,0.0,0.0,0.0,0.0,0.0,0.0,battery2_v
2021-02-10T15:00:00Z,29.0,29.0,,,,,1650.69,1666.0,,,,11.939,11.953,,,,7097.0,7097.0,7097.0,,-2.0,59.966,,,,0.0,,,,,,,,,,11887.0,11915.0,0.0,0.0,29.0,0.0,29.0,0.0,29.0,0.0,0.0,28.0,0.0,0.0,0.0,0.0,0.0,0.0,battery2_v
2021-02-10T16:00:00Z,29.0,29.0,,,,,1658.931,1677.0,,,,11.935,11.953,,,,7097.0,7097.0,7097.0,,-2.0,60.621,,,,0.0,,,,,,,,,,11916.0,11945.0,0.0,0.0,29.0,0.0,29.0,0.0,29.0,0.0,0.0,27.0,0.0,0.0,0.0,0.0,0.0,0.0,battery2_v
2021-02-10T17:00:00Z,30.0,30.0,,,,,1659.067,1677.0,,,,11.93,11.949,,,,7097.0,7097.0,7097.0,,-2.0,64.6,,,,0.0,,,,,,,,,,11946.0,11975.0,0.0,0.0,30.0,0.0,30.0,0.0,30.0,0.0,0.0,29.0,0.0,0.0,0.0,0.0,0.0,0.0,battery2_v
2021-02-10T18:00:00Z,29.0,29.0,,,,,1646.552,1654.0,,,,11.925,11.944,,,,7097.0,7097.0,7097.0,,-2.0,64.621,,,,0.0,,,,,,,,,,11976.0,12005.0,0.0,0.0,29.0,0.0,29.0,0.0,29.0,0.0,0.0,29.0,0.0,0.0,0.0,0.0,0.0,0.0,battery2_v
2021-02-10T19:00:00Z,29.0,29.0,,,,,1648.207,1666.0,,,,11.925,11.939,,,,7097.0,7097.0,7097.0,,0.0,67.517,,,,0.0,,,,,,,,,,12006.0,12035.0,0.0,0.0,29.0,0.0,29.0,0.0,29.0,0.0,0.0,29.0,0.0,0.0,0.0,0.0,0.0,0.0,battery2_v
2021-02-10T20:00:00Z,30.0,30.0,,,,,1656.0,1666.0,,,,11.925,11.939,,,,7097.0,7097.0,7097.0,,0.0,70.133,,,,0.0,,,,,,,,,,12036.0,12065.0,0.0,0.0,30.0,0.0,30.0,0.0,30.0,0.0,0.0,30.0,0.0,0.0,0.0,0.0,0.0,0.0,battery2_v
2021-02-10T21:00:00Z,30.0,30.0,,,,,1663.067,1677.0,,,,11.92,11.935,,,,7097.0,7097.0,7097.0,,0.0,72.5,,,,0.0,,,,,,,,,,12066.0,12095.0,0.0,0.0,30.0,0.0,30.0,0.0,30.0,0.0,0.0,30.0,0.0,0.0,0.0,0.0,0.0,0.0,battery2_v
2021-02-10T22:00:00Z,28.0,28.0,,,,,1676.107,1747.0,,,,11.916,11.93,,,,7097.0,7097.0,7097.0,,-0.167,74.286,,,,0.0,,,,,,,,,,12096.0,12124.0,0.0,0.0,28.0,0.0,28.0,0.0,28.0,0.0,0.0,28.0,0.0,0.0,0.0,0.0,0.0,0.0,battery2_v
2021-02-10T23:00:00Z,30.0,30.0,,,,,8435.633,14185.0,,,,11.783,11.93,,,,7097.0,7097.0,7097.0,,-30.095,51.367,,,,0.0,,,,,,,,,,12125.0,12154.0,0.0,0.0,30.0,0.0,30.0,0.0,30.0,0.0,11.0,19.0,0.0,0.0,0.0,0.0,0.0,0.0,battery2_v
2021-02-11T00:00:00Z,30.0,30.0,,,,,14064.1,14173.0,,,,11.797,11.925,,,,7097.0,7097.0,7097.0,,-9.621,57.367,,,,0.0,,,,,,,,,,12155.0,12184.0,0.0,0.0,30.0,0.0,30.0,0.0,30.0,0.0,1.0,23.0,0.0,0.0,0.0,0.0,0.0,0.0,battery2_v
2021-02-11T01:00:00Z,30.0,30.0,,,,,14006.833,14512.0,,,,11.897,12.091,,,,7097.0,7097.0,7097.0,,13.276,79.867,,,,0.0,,,,,,,,,,12185.0,12214.0,0.0,0.0,30.0,0.0,30.0,0.0,30.0,0.0,0.0,29.0,0.0,0.0,0.0,0.0,0.0,0.0,battery2_v
2021-02-11T02:00:00Z,30.0,30.0,,,,,13806.633,13927.0,,,,12.01,12.261,,,,7097.0,7097.0,7097.0,,45.367,108.6,,,,0.0,,,,,,,,,,12215.0,12244.0,0.0,0.0,30.0,0.0,30.0,0.0,30.0,0.0,12.0,30.0,0.0,0.0,0.0,0.0,0.0,0.0,battery2_v
2021-02-11T03:00:00Z,30.0,30.0,,,,,13807.033,13904.0,,,,12.048,12.275,,,,7097.0,7097.0,7097.0,,33.367,89.767,,,,0.0,,,,,,,,,,12245.0,12274.0,0.0,0.0,30.0,0.0,30.0,0.0,30.0,0.0,5.0,30.0,0.0,0.0,0.0,0.0,0.0,0.0,battery2_v
2021-02-11T04:00:00Z,30.0,30.0,,,,,13587.133,13986.0,,,,11.958,12.195,,,,7097.0,7097.0,7097.0,,5.267,56.967,,,,0.0,,,,,,,,,,12275.0,12304.0,0.0,0.0,30.0,0.0,30.0,0.0,30.0,0.0,0.0,13.0,0.0,0.0,0.0,0.0,0.0,0.0,battery2_v
2021-02-11T05:00:00Z,30.0,30.0,,,,,13888.533,13962.0,,,,11.977,12.1,,,,7097.0,7097.0,7097.0,,22.0,75.1,,,,0.0,,,,,,,,,,12305.0,12334.0,0.0,0.0,30.0,0.0,30.0,0.0,30.0,0.0,0.0,29.0,0.0,0.0,0.0,0.0,0.0,0.0,battery2_v
2021-02-11T06:00:00Z,30.0,30.0,,,,,13914.567,14009.0,,,,11.949,12.072,,,,7097.0,7097.0,7097.0,,3.69,51.933,,,,0.0,,,,,,,,,,12335.0,12364.0,0.0,0.0,30.0,0.0,30.0,0.0,30.0,0.0,0.0,13.0,0.0,0.0,0.0,0.0,0.0,0.0,battery2_v
2021-02-11T07:00:00Z,28.0,28.0,,,,,13922.893,14524.0,,,,11.987,12.114,,,,7097.0,7097.0,7097.0,,23.321,84.821,,,,0.0,,,,,,,,,,12365.0,12393.0,0.0,0.0,28.0,0.0,28.0,0.0,28.0,0.0,0.0,28.0,0.0,0.0,0.0,0.0,0.0,0.0,battery2_v
2021-02-11T08:00:00Z,30.0,30.0,,,,,13700.133,14032.0,,,,11.92,11.982,,,,7097.0,7097.0,7097.0,,-5.724,49.7,,,,0.0,,,,,,,,,,12394.0,12423.0,0.0,0.0,30.0,0.0,30.0,0.0,30.0,0.0,0.0,11.0,0.0,0.0,0.0,0.0,0.0,0.0,battery2_v
2021-02-11T09:00:00Z,30.0,30.0,,,,,13707.533,14068.0,,,,11.887,11.944,,,,7097.0,7097.0,7097.0,,-3.12,52.167,,,,0.0,,,,,,,,,,12424.0,12453.0,0.0,0.0,30.0,0.0,30.0,0.0,30.0,0.0,0.0,18.0,0.0,0.0,0.0,0.0,0.0,0.0,battery2_v
2021-02-11T10:00:00Z,30.0,30.0,,,,,8556.067,14103.0,,,,11.864,11.911,,,,7097.0,7097.0,7097.0,,-10.167,55.5,,,,0.0,,,,,,,,,,12454.0,12483.0,0.0,0.0,30.0,0.0,30.0,0.0,30.0,0.0,0.0,16.0,0.0,0.0,0.0,0.0,0.0,0.0,battery2_v
2021-02-11T11:00:00Z,30.0,30.0,,,,,1954.5,3339.0,,,,11.897,11.911,,,,7097.0,7097.0,7097.0,,-2.348,87.867,,,,0.0,,,,,,,,,,12484.0,12513.0,0.0,0.0,30.0,0.0,30.0,0.0,30.0,0.0,0.0,30.0,0.0,0.0,0.0,0.0,0.0,0.0,battery2_v
2021-02-11T12:00:00Z,30.0,30.0,,,,,1735.5,1747.0,,,,11.892,11.906,,,,7097.0,7097.0,7097.0,,-2.0,93.067,,,,0.0,,,,,,,,,,12514.0,12543.0,0.0,0.0,30.0,0.0,30.0,0.0,30.0,0.0,0.0,30.0,0.0,0.0,0.0,0.0,0.0,0.0,battery2_v
2021-02-11T13:00:00Z,30.0,30.0,,,,,1735.467,1747.0,,,,11.897,11.911,,,,7097.0,7097.0,7097.0,,0.0,88.667,,,,0.0,,,,,,,,,,12544.0,12573.0,0.0,0.0,30.0,0.0,30.0,0.0,30.0,0.0,0.0,30.0,0.0,0.0,0.0,0.0,0.0,0.0,battery2_v
2021-02-11T14:00:00Z,30.0,30.0,,,,,1740.767,1759.0,,,,11.892,11.901,,,,7097.0,7097.0,7097.0,,0.0,87.1,,,,0.0,,,,,,,,,,12574.0,12603.0,0.0,0.0,30.0,0.0,30.0,0.0,30.0,0.0,0.0,30.0,0.0,0.0,0.0,0.0,0.0,0.0,battery2_v
2021-02-11T15:00:00Z,28.0,28.0,,,,,1740.286,1759.0,,,,11.887,11.901,,,,7097.0,7097.0,7097.0,,0.0,84.321,,,,0.0,,,,,,,,,,12604.0,12632.0,0.0,0.0,28.0,0.0,28.0,0.0,28.0,0.0,0.0,28.0,0.0,0.0,0.0,0.0,0.0,0.0,battery2_v
2021-02-11T16:00:00Z,30.0,30.0,,,,,1744.533,1759.0,,,,11.887,11.897,,,,7097.0,7097.0,7097.0,,0.0,83.2,,,,0.0,,,,,,,,,,12633.0,12662.0,0.0,0.0,30.0,0.0,30.0,0.0,30.0,0.0,0.0,30.0,0.0,0.0,0.0,0.0,0.0,0.0,battery2_v
2021-02-11T17:00:00Z,30.0,30.0,,,,,1747.167,1759.0,,,,11.882,11.897,,,,7097.0,7097.0,7097.0,,0.0,85.167,,,,0.0,,,,,,,,,,12663.0,12692.0,0.0,0.0,30.0,0.0,30.0,0.0,30.0,0.0,0.0,30.0,0.0,0.0,0.0,0.0,0.0,0.0,battery2_v
2021-02-11T18:00:00Z,30.0,30.0,,,,,1751.467,1771.0,,,,11.878,11.892,,,,7097.0,7097.0,7097.0,,0.0,86.267,,,,0.0,,,,,,,,,,12693.0,12722.0,0.0,0.0,30.0,0.0,30.0,0.0,30.0,0.0,0.0,30.0,0.0,0.0,0.0,0.0,0.0,0.0,battery2_v
2021-02-11T19:00:00Z,29.0,29.0,,,,,1759.0,1771.0,,,,11.878,11.892,,,,7097.0,7097.0,7097.0,,0.0,85.828,,,,0.0,,,,,,,,,,12723.0,12752.0,0.0,0.0,29.0,0.0,29.0,0.0,29.0,0.0,0.0,29.0,0.0,0.0,0.0,0.0,0.0,0.0,battery2_v
2021-02-11T20:00:00Z,30.0,30.0,,,,,1766.6,1783.0,,,,11.878,11.887,,,,7097.0,7097.0,7097.0,,0.0,86.6,,,,0.0,,,,,,,,,,12753.0,12782.0,0.0,0.0,30.0,0.0,30.0,0.0,30.0,0.0,0.0,30.0,0.0,0.0,0.0,0.0,0.0,0.0,battery2_v
2021-02-13T07:00:00Z,12.0,12.0,,,,,13645.25,13728.0,,,,12.185,12.374,,,,7097.0,7097.0,7097.0,,18.083,94.0,,,,0.0,,,,,,,,,,149.0,160.0,0.0,0.0,12.0,0.0,12.0,0.0,12.0,0.0,0.0,12.0,0.0,0.0,0.0,0.0,0.0,0.0,battery2_v
2021-02-13T08:00:00Z,28.0,28.0,,,,,13751.679,13822.0,,,,12.114,12.233,,,,7097.0,7097.0,7097.0,,8.885,84.464,,,,0.0,,,,,,,,,,161.0,189.0,0.0,0.0,28.0,0.0,28.0,0.0,28.0,0.0,0.0,28.0,0.0,0.0,0.0,0.0,0.0,0.0,battery2_v
2021-02-13T09:00:00Z,30.0,30.0,,,,,13894.433,14407.0,,,,12.02,12.138,,,,7097.0,7097.0,7097.0,,-3.393,67.767,,,,0.0,,,,,,,,,,190.0,219.0,0.0,0.0,30.0,0.0,30.0,0.0,30.0,0.0,0.0,29.0,0.0,0.0,0.0,0.0,0.0,0.0,battery2_v
2021-02-13T10:00:00Z,30.0,30.0,,,,,11004.8,14056.0,,,,11.897,12.015,,,,7097.0,7097.0,7097.0,,-13.533,64.667,,,,0.0,,,,,,,,,,220.0,249.0,0.0,0.0,30.0,0.0,30.0,0.0,30.0,0.0,0.0,28.0,0.0,0.0,0.0,0.0,0.0,0.0,battery2_v
2021-02-13T11:00:00Z,28.0,28.0,,,,,1906.679,2999.0,,,,11.897,11.944,,,,7097.0,7097.0,7097.0,,-1.176,81.179,,,,0.0,,,,,,,,,,250.0,279.0,0.0,0.0,28.0,0.0,28.0,0.0,28.0,0.0,0.0,28.0,0.0,0.0,0.0,0.0,0.0,0.0,battery2_v
2021-02-13T12:00:00Z,30.0,30.0,,,,,1788.033,1853.0,,,,11.845,11.892,,,,7097.0,7097.0,7097.0,,0.0,80.267,,,,0.0,,,,,,,,,,280.0,309.0,0.0,0.0,30.0,0.0,30.0,0.0,30.0,0.0,0.0,30.0,0.0,0.0,0.0,0.0,0.0,0.0,battery2_v
2021-02-13T13:00:00Z,30.0,30.0,,,,,1920.667,1993.0,,,,11.778,11.845,,,,7097.0,7097.0,7097.0,,0.0,88.9,,,,0.0,,,,,,,,,,310.0,339.0,0.0,0.0,30.0,0.0,30.0,0.0,30.0,0.0,0.0,30.0,0.0,0.0,0.0,0.0,0.0,0.0,battery2_v
2021-02-13T14:00:00Z,30.0,30.0,,,,,2119.1,2274.0,,,,11.66,11.778,,,,7097.0,7097.0,7097.0,,0.0,89.333,,,,0.0,,,,,,,,,,340.0,369.0,0.0,0.0,30.0,0.0,30.0,0.0,30.0,0.0,0.0,30.0,0.0,0.0,0.0,0.0,0.0,0.0,battery2_v
2021-02-13T15:00:00Z,29.0,29.0,,,,,5291.276,7855.0,,,,9.134,11.646,,,,7097.0,7097.0,7097.0,,-4.897,78.172,,,,0.0,,,,,,,,,,370.0,398.0,0.0,0.0,29.0,0.0,29.0,0.0,29.0,0.0,0.0,29.0,0.0,0.0,0.0,0.0,0.0,0.0,battery2_v
2021-02-13T16:00:00Z,29.0,29.0,,,,,6788.379,6837.0,,,,9.564,9.602,,,,7097.0,7097.0,7097.0,,-7.586,74.724,,,,0.0,,,,,,,,,,399.0,428.0,0.0,0.0,29.0,0.0,29.0,0.0,29.0,0.0,0.0,29.0,0.0,0.0,0.0,0.0,0.0,0.0,battery2_v
2021-02-13T17:00:00Z,30.0,30.0,,,,,6786.0,6802.0,,,,9.583,9.602,,,,7097.0,7097.0,7097.0,,-7.6,76.0,,,,0.0,,,,,,,,,,429.0,458.0,0.0,0.0,30.0,0.0,30.0,0.0,30.0,0.0,0.0,30.0,0.0,0.0,0.0,0.0,0.0,0.0,battery2_v
2021-02-13T18:00:00Z,26.0,26.0,,,,,6810.577,6825.0,,,,9.564,9.588,,,,7097.0,7097.0,7097.0,,-7.846,75.077,,,,0.0,,,,,,,,,,459.0,485.0,0.0,0.0,26.0,0.0,26.0,0.0,26.0,0.0,0.0,26.0,0.0,0.0,0.0,0.0,0.0,0.0,battery2_v
2021-02-16T22:00:00Z,19.0,19.0,,,,,645.263,917.0,,,,12.36,12.393,,,,6739.263,300.0,7097.0,,0.056,116.053,,,,0.0,,,,,,,,,,1.0,19.0,0.0,0.0,19.0,0.0,19.0,0.0,19.0,0.0,0.0,19.0,0.0,0.0,0.0,0.0,0.0,0.0,battery2_v
2021-02-16T23:00:00Z,30.0,30.0,,,,,5385.0,13646.0,,,,12.251,12.393,,,,7097.0,7097.0,7097.0,,-10.8,113.467,,,,0.0,,,,,,,,,,20.0,49.0,0.0,0.0,30.0,0.0,30.0,0.0,30.0,0.0,6.0,29.0,0.0,0.0,0.0,0.0,0.0,0.0,battery2_v
2021-02-17T00:00:00Z,28.0,28.0,,,,,6603.393,13506.0,,,,12.37,12.412,,,,7097.0,7097.0,7097.0,,1.75,130.0,,,,0.0,,,,,,,,,,50.0,78.0,0.0,0.0,28.0,0.0,28.0,0.0,28.0,0.0,0.0,28.0,0.0,0.0,0.0,0.0,0.0,0.0,battery2_v
2021-02-17T01:00:00Z,30.0,30.0,,,,,13464.733,13506.0,,,,12.374,12.46,,,,7097.0,7097.0,7097.0,,13.067,129.367,,,,0.0,,,,,,,,,,79.0,108.0,0.0,0.0,30.0,0.0,30.0,0.0,30.0,0.0,0.0,30.0,0.0,0.0,0.0,0.0,0.0,0.0,battery2_v
2021-02-17T02:00:00Z,30.0,30.0,,,,,13426.9,14068.0,,,,12.45,12.497,,,,7097.0,7097.0,7097.0,,26.967,137.7,,,,0.0,,,,,,,,,,109.0,138.0,0.0,0.0,30.0,0.0,30.0,0.0,30.0,0.0,0.0,30.0,0.0,0.0,0.0,0.0,0.0,0.0,battery2_v
2021-02-17T03:00:00Z,30.0,30.0,,,,,13308.533,13389.0,,,,12.474,12.55,,,,7097.0,7097.0,7097.0,,32.833,135.233,,,,0.0,,,,,,,,,,139.0,168.0,0.0,0.0,30.0,0.0,30.0,0.0,30.0,0.0,0.0,30.0,0.0,0.0,0.0,0.0,0.0,0.0,battery2_v
2021-02-17T04:00:00Z,29.0,29.0,,,,,13307.483,13974.0,,,,12.521,12.559,,,,7097.0,7097.0,7097.0,,31.0,126.31,,,,0.0,,,,,,,,,,170.0,198.0,0.0,0.0,29.0,0.0,29.0,0.0,29.0,0.0,0.0,29.0,0.0,0.0,0.0,0.0,0.0,0.0,battery2_v
2021-02-17T05:00:00Z,30.0,30.0,,,,,13366.167,14009.0,,,,12.488,12.526,,,,7097.0,7097.0,7097.0,,22.5,113.033,,,,0.0,,,,,,,,,,199.0,228.0,0.0,0.0,30.0,0.0,30.0,0.0,30.0,0.0,0.0,30.0,0.0,0.0,0.0,0.0,0.0,0.0,battery2_v
2021-02-17T06:00:00Z,30.0,30.0,,,,,13342.033,13354.0,,,,12.488,12.502,,,,7097.0,7097.0,7097.0,,19.7,103.867,,,,0.0,,,,,,,,,,229.0,258.0,0.0,0.0,30.0,0.0,30.0,0.0,30.0,0.0,0.0,30.0,0.0,0.0,0.0,0.0,0.0,0.0,battery2_v
2021-02-17T07:00:00Z,30.0,30.0,,,,,13306.533,13354.0,,,,12.488,12.559,,,,7097.0,7097.0,7097.0,,26.3,121.033,,,,0.0,,,,,,,,,,259.0,288.0,0.0,0.0,30.0,0.0,30.0,0.0,30.0,0.0,0.0,30.0,0.0,0.0,0.0,0.0,0.0,0.0,battery2_v
2021-02-17T08:00:00Z,30.0,30.0,,,,,13392.833,13436.0,,,,12.431,12.512,,,,7097.0,7097.0,7097.0,,11.2,93.8,,,,0.0,,,,,,,,,,289.0,318.0,0.0,0.0,30.0,0.0,30.0,0.0,30.0,0.0,0.0,30.0,0.0,0.0,0.0,0.0,0.0,0.0,battery2_v
2021-02-17T09:00:00Z,29.0,29.0,,,,,13529.759,14068.0,,,,12.351,12.427,,,,7097.0,7097.0,7097.0,,-3.923,69.034,,,,0.0,,,,,,,,,,319.0,347.0,0.0,0.0,29.0,0.0,29.0,0.0,29.0,0.0,0.0,27.0,0.0,0.0,0.0,0.0,0.0,0.0,battery2_v
2021-02-17T10:00:00Z,20.0,20.0,,,,,7094.2,13541.0,,,,12.337,12.384,,,,7097.0,7097.0,7097.0,,-7.9,70.45,,,,0.0,,,,,,,,,,348.0,377.0,0.0,0.0,20.0,0.0,20.0,0.0,20.0,0.0,0.0,18.0,0.0,0.0,0.0,0.0,0.0,0.0,battery2_v
2021-02-17T11:00:00Z,30.0,30.0,,,,,873.067,2169.0,,,,12.37,12.384,,,,7097.0,7097.0,7097.0,,-2.0,92.0,,,,0.0,,,,,,,,,,378.0,407.0,0.0,0.0,30.0,0.0,30.0,0.0,30.0,0.0,0.0,30.0,0.0,0.0,0.0,0.0,0.0,0.0,battery2_v
2021-02-17T12:00:00Z,30.0,30.0,,,,,639.967,659.0,,,,12.365,12.379,,,,7097.0,7097.0,7097.0,,-1.5,96.833,,,,0.0,,,,,,,,,,408.0,437.0,0.0,0.0,30.0,0.0,30.0,0.0,30.0,0.0,0.0,30.0,0.0,0.0,0.0,0.0,0.0,0.0,battery2_v
2021-02-17T13:00:00Z,29.0,29.0,,,,,648.207,671.0,,,,12.365,12.379,,,,7097.0,7097.0,7097.0,,-1.333,97.586,,,,0.0,,,,,,,,,,438.0,467.0,0.0,0.0,29.0,0.0,29.0,0.0,29.0,0.0,0.0,29.0,0.0,0.0,0.0,0.0,0.0,0.0,battery2_v
2021-02-17T14:00:00Z,30.0,30.0,,,,,653.2,671.0,,,,12.36,12.374,,,,7097.0,7097.0,7097.0,,0.0,99.267,,,,0.0,,,,,,,,,,468.0,497.0,0.0,0.0,30.0,0.0,30.0,0.0,30.0,0.0,0.0,30.0,0.0,0.0,0.0,0.0,0.0,0.0,battery2_v
2021-02-17T15:00:00Z,29.0,29.0,,,,,634.724,659.0,,,,12.36,12.37,,,,7097.0,7097.0,7097.0,,0.0,100.793,,,,0.0,,,,,,,,,,498.0,526.0,0.0,0.0,29.0,0.0,29.0,0.0,29.0,0.0,0.0,29.0,0.0,0.0,0.0,0.0,0.0,0.0,battery2_v
2021-02-17T16:00:00Z,30.0,30.0,,,,,643.9,659.0,,,,12.356,12.37,,,,7097.0,7097.0,7097.0,,0.0,101.2,,,,0.0,,,,,,,,,,527.0,556.0,0.0,0.0,30.0,0.0,30.0,0.0,30.0,0.0,0.0,30.0,0.0,0.0,0.0,0.0,0.0,0.0,battery2_v
2021-02-17T17:00:00Z,30.0,30.0,,,,,649.7,671.0,,,,12.351,12.365,,,,7097.0,7097.0,7097.0,,0.0,106.567,,,,0.0,,,,,,,,,,557.0,586.0,0.0,0.0,30.0,0.0,30.0,0.0,30.0,0.0,0.0,30.0,0.0,0.0,0.0,0.0,0.0,0.0,battery2_v
2021-02-17T18:00:00Z,30.0,30.0,,,,,655.4,671.0,,,,12.346,12.365,,,,7097.0,7097.0,7097.0,,0.0,112.4,,,,0.0,,,,,,,,,,587.0,616.0,0.0,0.0,30.0,0.0,30.0,0.0,30.0,0.0,0.0,30.0,0.0,0.0,0.0,0.0,0.0,0.0,battery2_v
2021-02-17T19:00:00Z,30.0,30.0,,,,,656.133,671.0,,,,12.346,12.36,,,,7097.0,7097.0,7097.0,,0.0,114.667,,,,0.0,,,,,,,,,,617.0,646.0,0.0,0.0,30.0,0.0,30.0,0.0,30.0,0.0,0.0,30.0,0.0,0.0,0.0,0.0,0.0,0.0,battery2_v
2021-02-17T20:00:00Z,30.0,30.0,,,,,665.0,683.0,,,,12.341,12.356,,,,7097.0,7097.0,7097.0,,0.0,118.367,,,,0.0,,,,,,,,,,647.0,676.0,0.0,0.0,30.0,0.0,30.0,0.0,30.0,0.0,0.0,30.0,0.0,0.0,0.0,0.0,0.0,0.0,battery2_v
2021-02-17T21:00:00Z,30.0,30.0,,,,,667.833,683.0,,,,12.341,12.36,,,,7097.0,7097.0,7097.0,,0.067,123.133,,,,0.0,,,,,,,,,,677.0,706.0,0.0,0.0,30.0,0.0,30.0,0.0,30.0,0.0,0.0,30.0,0.0,0.0,0.0,0.0,0.0,0.0,battery2_v
2021-02-17T22:00:00Z,29.0,29.0,,,,,700.862,1022.0,,,,12.341,12.351,,,,7097.0,7097.0,7097.0,,0.069,126.655,,,,0.0,,,,,,,,,,707.0,736.0,0.0,0.0,29.0,0.0,29.0,0.0,29.0,0.0,0.0,29.0,0.0,0.0,0.0,0.0,0.0,0.0,battery2_v
2021-02-17T23:00:00Z,30.0,30.0,,,,,5854.5,13681.0,,,,12.214,12.351,,,,7097.0,7097.0,7097.0,,-12.9,109.0,,,,0.0,,,,,,,,,,737.0,766.0,0.0,0.0,30.0,0.0,30.0,0.0,30.0,0.0,7.0,28.0,0.0,0.0,0.0,0.0,0.0,0.0,battery2_v
2021-02-18T00:00:00Z,30.0,30.0,,,,,7160.967,13541.0,,,,12.332,12.356,,,,7097.0,7097.0,7097.0,,1.133,125.367,,,,0.0,,,,,,,,,,767.0,796.0,0.0,0.0,30.0,0.0,30.0,0.0,30.0,0.0,0.0,30.0,0.0,0.0,0.0,0.0,0.0,0.0,battery2_v
2021-02-18T01:00:00Z,27.0,27.0,,,,,13540.741,14138.0,,,,12.351,12.384,,,,7097.0,7097.0,7097.0,,10.074,125.815,,,,0.0,,,,,,,,,,797.0,825.0,0.0,0.0,27.0,0.0,27.0,0.0,27.0,0.0,0.0,27.0,0.0,0.0,0.0,0.0,0.0,0.0,battery2_v
2021-02-18T02:00:00Z,30.0,30.0,,,,,13470.033,13506.0,,,,12.389,12.445,,,,7097.0,7097.0,7097.0,,23.5,142.5,,,,0.0,,,,,,,,,,826.0,855.0,0.0,0.0,30.0,0.0,30.0,0.0,30.0,0.0,0.0,30.0,0.0,0.0,0.0,0.0,0.0,0.0,battery2_v
2021-02-18T03:00:00Z,30.0,30.0,,,,,13393.233,14079.0,,,,12.445,12.554,,,,7097.0,7097.0,7097.0,,40.333,154.4,,,,0.0,,,,,,,,,,856.0,885.0,0.0,0.0,30.0,0.0,30.0,0.0,30.0,0.0,6.0,30.0,0.0,0.0,0.0,0.0,0.0,0.0,battery2_v
2021-02-18T04:00:00Z,29.0,29.0,,,,,13273.276,13401.0,,,,12.469,12.62,,,,7097.0,7097.0,7097.0,,44.034,147.241,,,,0.0,,,,,,,,,,887.0,915.0,0.0,0.0,29.0,0.0,29.0,0.0,29.0,0.0,9.0,29.0,0.0,0.0,0.0,0.0,0.0,0.0,battery2_v
2021-02-18T05:00:00Z,29.0,29.0,,,,,13250.621,13412.0,,,,12.45,12.63,,,,7097.0,7097.0,7097.0,,38.069,132.552,,,,0.0,,,,,,,,,,916.0,945.0,0.0,0.0,29.0,0.0,29.0,0.0,29.0,0.0,8.0,29.0,0.0,0.0,0.0,0.0,0.0,0.0,battery2_v
2021-02-18T06:00:00Z,28.0,28.0,,,,,13239.036,13342.0,,,,12.493,12.62,,,,7097.0,7097.0,7097.0,,38.536,136.929,,,,0.0,,,,,,,,,,946.0,974.0,0.0,0.0,28.0,0.0,28.0,0.0,28.0,0.0,8.0,28.0,0.0,0.0,0.0,0.0,0.0,0.0,battery2_v
2021-02-18T07:00:00Z,30.0,30.0,,,,,13294.667,13939.0,,,,12.526,12.559,,,,7097.0,7097.0,7097.0,,30.667,126.467,,,,0.0,,,,,,,,,,975.0,1004.0,0.0,0.0,30.0,0.0,30.0,0.0,30.0,0.0,0.0,30.0,0.0,0.0,0.0,0.0,0.0,0.0,battery2_v
2021-02-18T08:00:00Z,29.0,29.0,,,,,13426.414,14079.0,,,,12.422,12.535,,,,7097.0,7097.0,7097.0,,11.448,91.517,,,,0.0,,,,,,,,,,1005.0,1034.0,0.0,0.0,29.0,0.0,29.0,0.0,29.0,0.0,0.0,29.0,0.0,0.0,0.0,0.0,0.0,0.0,battery2_v
2021-02-18T09:00:00Z,29.0,29.0,,,,,13173.138,13564.0,,,,12.322,12.412,,,,7097.0,7097.0,7097.0,,-6.963,63.138,,,,0.0,,,,,,,,,,1035.0,1064.0,0.0,0.0,29.0,0.0,29.0,0.0,29.0,0.0,0.0,25.0,0.0,0.0,0.0,0.0,0.0,0.0,battery2_v
2021-02-18T10:00:00Z,30.0,30.0,,,,,5960.533,13564.0,,,,12.299,12.346,,,,7097.0,7097.0,7097.0,,-6.586,68.233,,,,0.0,,,,,,,,,,1065.0,1094.0,0.0,0.0,30.0,0.0,30.0,0.0,30.0,0.0,0.0,25.0,0.0,0.0,0.0,0.0,0.0,0.0,battery2_v
2021-02-18T11:00:00Z,30.0,30.0,,,,,969.1,2613.0,,,,12.327,12.341,,,,7097.0,7097.0,7097.0,,-2.08,82.5,,,,0.0,,,,,,,,,,1095.0,1124.0,0.0,0.0,30.0,0.0,30.0,0.0,30.0,0.0,0.0,30.0,0.0,0.0,0.0,0.0,0.0,0.0,battery2_v
2021-02-18T12:00:00Z,29.0,29.0,,,,,715.517,730.0,,,,12.327,12.337,,,,7097.0,7097.0,7097.0,,0.0,104.172,,,,0.0,,,,,,,,,,1125.0,1153.0,0.0,0.0,29.0,0.0,29.0,0.0,29.0,0.0,0.0,29.0,0.0,0.0,0.0,0.0,0.0,0.0,battery2_v
2021-02-18T13:00:00Z,30.0,30.0,,,,,729.8,741.0,,,,12.322,12.332,,,,7097.0,7097.0,7097.0,,-2.0,96.233,,,,0.0,,,,,,,,,,1154.0,1183.0,0.0,0.0,30.0,0.0,30.0,0.0,30.0,0.0,0.0,30.0,0.0,0.0,0.0,0.0,0.0,0.0,battery2_v
2021-02-18T14:00:00Z,30.0,30.0,,,,,734.433,753.0,,,,12.318,12.332,,,,7097.0,7097.0,7097.0,,-2.0,92.767,,,,0.0,,,,,,,,,,1184.0,1213.0,0.0,0.0,30.0,0.0,30.0,0.0,30.0,0.0,0.0,30.0,0.0,0.0,0.0,0.0,0.0,0.0,battery2_v
2021-02-18T15:00:00Z,30.0,30.0,,,,,742.033,753.0,,,,12.318,12.327,,,,7097.0,7097.0,7097.0,,-2.0,91.633,,,,0.0,,,,,,,,,,1214.0,1243.0,0.0,0.0,30.0,0.0,30.0,0.0,30.0,0.0,0.0,30.0,0.0,0.0,0.0,0.0,0.0,0.0,battery2_v
2021-02-18T16:00:00Z,30.0,30.0,,,,,743.567,765.0,,,,12.313,12.332,,,,7097.0,7097.0,7097.0,,-2.0,89.7,,,,0.0,,,,,,,,,,1244.0,1273.0,0.0,0.0,30.0,0.0,30.0,0.0,30.0,0.0,0.0,30.0,0.0,0.0,0.0,0.0,0.0,0.0,battery2_v
2021-02-18T17:00:00Z,30.0,30.0,,,,,744.4,753.0,,,,12.313,12.322,,,,7097.0,7097.0,7097.0,,-2.0,93.333,,,,0.0,,,,,,,,,,1274.0,1303.0,0.0,0.0,30.0,0.0,30.0,0.0,30.0,0.0,0.0,30.0,0.0,0.0,0.0,0.0,0.0,0.0,battery2_v
2021-02-18T18:00:00Z,28.0,28.0,,,,,744.5,753.0,,,,12.308,12.322,,,,7097.0,7097.0,7097.0,,-1.0,96.179,,,,0.0,,,,,,,,,,1304.0,1332.0,0.0,0.0,28.0,0.0,28.0,0.0,28.0,0.0,0.0,28.0,0.0,0.0,0.0,0.0,0.0,0.0,battery2_v
2021-02-18T19:00:00Z,30.0,30.0,,,,,749.4,753.0,,,,12.308,12.322,,,,7097.0,7097.0,7097.0,,0.0,101.767,,,,0.0,,,,,,,,,,1333.0,1362.0,0.0,0.0,30.0,0.0,30.0,0.0,30.0,0.0,0.0,30.0,0.0,0.0,0.0,0.0,0.0,0.0,battery2_v
2021-02-18T20:00:00Z,30.0,30.0,,,,,755.0,765.0,,,,12.299,12.318,,,,7097.0,7097.0,7097.0,,0.0,107.133,,,,0.0,,,,,,,,,,1363.0,1392.0,0.0,0.0,30.0,0.0,30.0,0.0,30.0,0.0,0.0,30.0,0.0,0.0,0.0,0.0,0.0,0.0,battery2_v
2021-02-18T21:00:00Z,30.0,30.0,,,,,762.033,776.0,,,,12.304,12.318,,,,7097.0,7097.0,7097.0,,0.0,111.3,,,,0.0,,,,,,,,,,1393.0,1422.0,0.0,0.0,30.0,0.0,30.0,0.0,30.0,0.0,0.0,30.0,0.0,0.0,0.0,0.0,0.0,0.0,battery2_v
2021-02-18T22:00:00Z,29.0,29.0,,,,,790.517,1057.0,,,,12.299,12.313,,,,7097.0,7097.0,7097.0,,0.0,116.448,,,,0.0,,,,,,,,,,1423.0,1452.0,0.0,0.0,29.0,0.0,29.0,0.0,29.0,0.0,0.0,29.0,0.0,0.0,0.0,0.0,0.0,0.0,battery2_v
2021-02-18T23:00:00Z,30.0,30.0,,,,,7120.133,15074.0,,,,12.162,12.308,,,,7097.0,7097.0,7097.0,,-15.724,92.567,,,,0.0,,,,,,,,,,1453.0,1482.0,0.0,0.0,30.0,0.0,30.0,0.0,30.0,0.0,8.0,22.0,0.0,0.0,0.0,0.0,0.0,0.0,battery2_v
2021-02-19T00:00:00Z,29.0,29.0,,,,,8783.897,13576.0,,,,12.289,12.308,,,,7097.0,7097.0,7097.0,,0.828,116.897,,,,0.0,,,,,,,,,,1483.0,1511.0,0.0,0.0,29.0,0.0,29.0,0.0,29.0,0.0,0.0,29.0,0.0,0.0,0.0,0.0,0.0,0.0,battery2_v
2021-02-19T01:00:00Z,28.0,28.0,,,,,13578.143,14185.0,,,,12.299,12.341,,,,7097.0,7097.0,7097.0,,7.036,114.429,,,,0.0,,,,,,,,,,1513.0,1541.0,0.0,0.0,28.0,0.0,28.0,0.0,28.0,0.0,0.0,28.0,0.0,0.0,0.0,0.0,0.0,0.0,battery2_v
2021-02-19T02:00:00Z,30.0,30.0,,,,,13570.733,14161.0,,,,12.332,12.384,,,,7097.0,7097.0,7097.0,,17.033,122.867,,,,0.0,,,,,,,,,,1542.0,1571.0,0.0,0.0,30.0,0.0,30.0,0.0,30.0,0.0,0.0,30.0,0.0,0.0,0.0,0.0,0.0,0.0,battery2_v
2021-02-19T03:00:00Z,30.0,30.0,,,,,13496.233,13518.0,,,,12.379,12.408,,,,7097.0,7097.0,7097.0,,24.267,125.133,,,,0.0,,,,,,,,,,1572.0,1601.0,0.0,0.0,30.0,0.0,30.0,0.0,30.0,0.0,0.0,30.0,0.0,0.0,0.0,0.0,0.0,0.0,battery2_v
2021-02-19T04:00:00Z,30.0,30.0,,,,,13510.567,14114.0,,,,12.412,12.441,,,,7097.0,7097.0,7097.0,,29.5,121.8,,,,0.0,,,,,,,,,,1602.0,1631.0,0.0,0.0,30.0,0.0,30.0,0.0,30.0,0.0,0.0,30.0,0.0,0.0,0.0,0.0,0.0,0.0,battery2_v
2021-02-19T05:00:00Z,30.0,30.0,,,,,13468.033,13962.0,,,,12.393,12.45,,,,7097.0,7097.0,7097.0,,26.2,109.967,,,,0.0,,,,,,,,,,1632.0,1661.0,0.0,0.0,30.0,0.0,30.0,0.0,30.0,0.0,0.0,30.0,0.0,0.0,0.0,0.0,0.0,0.0,battery2_v
2021-02-19T06:00:00Z,30.0,30.0,,,,,13462.233,14103.0,,,,12.408,12.46,,,,7097.0,7097.0,7097.0,,26.367,106.333,,,,0.0,,,,,,,,,,1662.0,1691.0,0.0,0.0,30.0,0.0,30.0,0.0,30.0,0.0,0.0,30.0,0.0,0.0,0.0,0.0,0.0,0.0,battery2_v
2021-02-19T07:00:00Z,30.0,30.0,,,,,13480.133,14091.0,,,,12.332,12.469,,,,7097.0,7097.0,7097.0,,22.1,94.233,,,,0.0,,,,,,,,,,1692.0,1721.0,0.0,0.0,30.0,0.0,30.0,0.0,30.0,0.0,0.0,30.0,0.0,0.0,0.0,0.0,0.0,0.0,battery2_v
2021-02-19T08:00:00Z,26.0,26.0,,,,,13482.115,13553.0,,,,12.327,12.474,,,,7097.0,7097.0,7097.0,,12.846,78.192,,,,0.0,,,,,,,,,,1722.0,1750.0,0.0,0.0,26.0,0.0,26.0,0.0,26.0,0.0,0.0,23.0,0.0,0.0,0.0,0.0,0.0,0.0,battery2_v
2021-02-19T09:00:00Z,30.0,30.0,,,,,13387.0,13611.0,,,,12.275,12.379,,,,7097.0,7097.0,7097.0,,-5.2,52.567,,,,0.0,,,,,,,,,,1751.0,1780.0,0.0,0.0,30.0,0.0,30.0,0.0,30.0,0.0,0.0,14.0,0.0,0.0,0.0,0.0,0.0,0.0,battery2_v
2021-02-19T10:00:00Z,29.0,29.0,,,,,6115.103,13646.0,,,,12.256,12.299,,,,7097.0,7097.0,7097.0,,-7.759,53.931,,,,0.0,,,,,,,,,,1781.0,1810.0,0.0,0.0,29.0,0.0,29.0,0.0,29.0,0.0,0.0,18.0,0.0,0.0,0.0,0.0,0.0,0.0,battery2_v
2021-02-19T11:00:00Z,27.0,27.0,,,,,1063.704,2391.0,,,,12.285,12.299,,,,7097.0,7097.0,7097.0,,-2.778,74.667,,,,0.0,,,,,,,,,,1811.0,1840.0,0.0,0.0,27.0,0.0,27.0,0.0,27.0,0.0,0.0,27.0,0.0,0.0,0.0,0.0,0.0,0.0,battery2_v
2021-02-19T12:00:00Z,30.0,30.0,,,,,791.533,811.0,,,,12.285,12.294,,,,7097.0,7097.0,7097.0,,-2.233,78.667,,,,0.0,,,,,,,,,,1841.0,1870.0,0.0,0.0,30.0,0.0,30.0,0.0,30.0,0.0,0.0,30.0,0.0,0.0,0.0,0.0,0.0,0.0,battery2_v
2021-02-19T13:00:00Z,30.0,30.0,,,,,797.433,811.0,,,,12.285,12.294,,,,7097.0,7097.0,7097.0,,-2.074,84.667,,,,0.0,,,,,,,,,,1871.0,1900.0,0.0,0.0,30.0,0.0,30.0,0.0,30.0,0.0,0.0,30.0,0.0,0.0,0.0,0.0,0.0,0.0,battery2_v
2021-02-19T14:00:00Z,30.0,30.0,,,,,807.467,823.0,,,,12.28,12.289,,,,7097.0,7097.0,7097.0,,-2.0,87.333,,,,0.0,,,,,,,,,,1901.0,1930.0,0.0,0.0,30.0,0.0,30.0,0.0,30.0,0.0,0.0,30.0,0.0,0.0,0.0,0.0,0.0,0.0,battery2_v
2021-02-19T15:00:00Z,29.0,29.0,,,,,815.586,823.0,,,,12.275,12.289,,,,7097.0,7097.0,7097.0,,-2.0,92.103,,,,0.0,,,,,,,,,,1931.0,1959.0,0.0,0.0,29.0,0.0,29.0,0.0,29.0,0.0,0.0,29.0,0.0,0.0,0.0,0.0,0.0,0.0,battery2_v
2021-02-19T16:00:00Z,30.0,30.0,,,,,813.4,823.0,,,,12.275,12.289,,,,7097.0,7097.0,7097.0,,-0.571,96.2,,,,0.0,,,,,,,,,,1960.0,1989.0,0.0,0.0,30.0,0.0,30.0,0.0,30.0,0.0,0.0,30.0,0.0,0.0,0.0,0.0,0.0,0.0,battery2_v
2021-02-19T17:00:00Z,30.0,30.0,,,,,815.033,823.0,,,,12.27,12.285,,,,7097.0,7097.0,7097.0,,0.0,99.6,,,,0.0,,,,,,,,,,1990.0,2019.0,0.0,0.0,30.0,0.0,30.0,0.0,30.0,0.0,0.0,30.0,0.0,0.0,0.0,0.0,0.0,0.0,battery2_v
2021-02-19T18:00:00Z,30.0,30.0,,,,,818.2,835.0,,,,12.27,12.28,,,,7097.0,7097.0,7097.0,,0.0,105.267,,,,0.0,,,,,,,,,,2020.0,2049.0,0.0,0.0,30.0,0.0,30.0,0.0,30.0,0.0,0.0,30.0,0.0,0.0,0.0,0.0,0.0,0.0,battery2_v
2021-02-19T19:00:00Z,30.0,30.0,,,,,825.4,847.0,,,,12.266,12.28,,,,7097.0,7097.0,7097.0,,0.0,104.467,,,,0.0,,,,,,,,,,2050.0,2079.0,0.0,0.0,30.0,0.0,30.0,0.0,30.0,0.0,0.0,30.0,0.0,0.0,0.0,0.0,0.0,0.0,battery2_v
2021-02-19T20:00:00Z,30.0,30.0,,,,,834.2,847.0,,,,12.266,12.28,,,,7097.0,7097.0,7097.0,,0.0,108.233,,,,0.0,,,,,,,,,,2080.0,2109.0,0.0,0.0,30.0,0.0,30.0,0.0,30.0,0.0,0.0,30.0,0.0,0.0,0.0,0.0,0.0,0.0,battery2_v
2021-02-19T21:00:00Z,30.0,30.0,,,,,838.167,858.0,,,,12.266,12.275,,,,7097.0,7097.0,7097.0,,0.0,112.7,,,,0.0,,,,,,,,,,2110.0,2139.0,0.0,0.0,30.0,0.0,30.0,0.0,30.0,0.0,0.0,30.0,0.0,0.0,0.0,0.0,0.0,0.0,battery2_v
2021-02-19T22:00:00Z,30.0,30.0,,,,,864.267,1057.0,,,,12.261,12.275,,,,7097.0,7097.0,7097.0,,0.0,115.4,,,,0.0,,,,,,,,,,2140.0,2169.0,0.0,0.0,30.0,0.0,30.0,0.0,30.0,0.0,0.0,30.0,0.0,0.0,0.0,0.0,0.0,0.0,battery2_v
2021-02-19T23:00:00Z,30.0,30.0,,,,,5494.967,13787.0,,,,12.124,12.27,,,,7097.0,7097.0,7097.0,,-14.741,95.667,,,,0.0,,,,,,,,,,2170.0,2199.0,0.0,0.0,30.0,0.0,30.0,0.0,30.0,0.0,7.0,23.0,0.0,0.0,0.0,0.0,0.0,0.0,battery2_v
2021-02-20T00:00:00Z,30.0,30.0,,,,,9356.733,14114.0,,,,12.256,12.275,,,,7097.0,7097.0,7097.0,,1.0,115.6,,,,0.0,,,,,,,,,,2200.0,2229.0,0.0,0.0,30.0,0.0,30.0,0.0,30.0,0.0,0.0,30.0,0.0,0.0,0.0,0.0,0.0,0.0,battery2_v
2021-02-20T01:00:00Z,28.0,28.0,,,,,13615.929,14231.0,,,,12.275,12.304,,,,7097.0,7097.0,7097.0,,9.679,118.536,,,,0.0,,,,,,,,,,2230.0,2258.0,0.0,0.0,28.0,0.0,28.0,0.0,28.0,0.0,0.0,28.0,0.0,0.0,0.0,0.0,0.0,0.0,battery2_v
2021-02-20T02:00:00Z,30.0,30.0,,,,,13574.533,14231.0,,,,12.299,12.346,,,,7097.0,7097.0,7097.0,,18.233,117.833,,,,0.0,,,,,,,,,,2259.0,2288.0,0.0,0.0,30.0,0.0,30.0,0.0,30.0,0.0,0.0,30.0,0.0,0.0,0.0,0.0,0.0,0.0,battery2_v
2021-02-20T03:00:00Z,30.0,30.0,,,,,13575.6,14185.0,,,,12.341,12.365,,,,7097.0,7097.0,7097.0,,22.1,113.6,,,,0.0,,,,,,,,,,2289.0,2318.0,0.0,0.0,30.0,0.0,30.0,0.0,30.0,0.0,0.0,30.0,0.0,0.0,0.0,0.0,0.0,0.0,battery2_v
2021-02-20T04:00:00Z,30.0,30.0,,,,,13558.467,14185.0,,,,12.337,12.36,,,,7097.0,7097.0,7097.0,,19.067,101.367,,,,0.0,,,,,,,,,,2319.0,2348.0,0.0,0.0,30.0,0.0,30.0,0.0,30.0,0.0,0.0,30.0,0.0,0.0,0.0,0.0,0.0,0.0,battery2_v
2021-02-20T05:00:00Z,30.0,30.0,,,,,13584.3,14196.0,,,,12.327,12.346,,,,7097.0,7097.0,7097.0,,16.3,91.1,,,,0.0,,,,,,,,,,2349.0,2378.0,0.0,0.0,30.0,0.0,30.0,0.0,30.0,0.0,0.0,30.0,0.0,0.0,0.0,0.0,0.0,0.0,battery2_v
2021-02-20T06:00:00Z,30.0,30.0,,,,,13579.533,14185.0,,,,12.337,12.36,,,,7097.0,7097.0,7097.0,,18.067,88.8,,,,0.0,,,,,,,,,,2379.0,2408.0,0.0,0.0,30.0,0.0,30.0,0.0,30.0,0.0,0.0,30.0,0.0,0.0,0.0,0.0,0.0,0.0,battery2_v
2021-02-20T07:00:00Z,30.0,30.0,,,,,13553.967,14185.0,,,,12.356,12.408,,,,7097.0,7097.0,7097.0,,24.767,91.867,,,,0.0,,,,,,,,,,2409.0,2438.0,0.0,0.0,30.0,0.0,30.0,0.0,30.0,0.0,0.0,30.0,0.0,0.0,0.0,0.0,0.0,0.0,battery2_v
2021-02-20T08:00:00Z,29.0,29.0,,,,,13601.828,14196.0,,,,12.304,12.36,,,,7097.0,7097.0,7097.0,,9.241,69.172,,,,0.0,,,,,,,,,,2439.0,2468.0,0.0,0.0,29.0,0.0,29.0,0.0,29.0,0.0,0.0,29.0,0.0,0.0,0.0,0.0,0.0,0.0,battery2_v
2021-02-20T09:00:00Z,29.0,29.0,,,,,13202.552,13670.0,,,,12.233,12.299,,,,7097.0,7097.0,7097.0,,-8.115,49.0,,,,0.0,,,,,,,,,,2469.0,2497.0,0.0,0.0,29.0,0.0,29.0,0.0,29.0,0.0,0.0,11.0,0.0,0.0,0.0,0.0,0.0,0.0,battery2_v
2021-02-20T10:00:00Z,30.0,30.0,,,,,7558.3,13693.0,,,,12.214,12.266,,,,7097.0,7097.0,7097.0,,-10.333,49.867,,,,0.0,,,,,,,,,,2498.0,2527.0,0.0,0.0,30.0,0.0,30.0,0.0,30.0,0.0,0.0,14.0,0.0,0.0,0.0,0.0,0.0,0.0,battery2_v
2021-02-20T11:00:00Z,30.0,30.0,,,,,1163.2,2637.0,,,,12.251,12.261,,,,7097.0,7097.0,7097.0,,-3.167,69.867,,,,0.0,,,,,,,,,,2528.0,2557.0,0.0,0.0,30.0,0.0,30.0,0.0,30.0,0.0,0.0,30.0,0.0,0.0,0.0,0.0,0.0,0.0,battery2_v
2021-02-20T12:00:00Z,29.0,29.0,,,,,905.0,917.0,,,,12.247,12.256,,,,7097.0,7097.0,7097.0,,-2.828,73.103,,,,0.0,,,,,,,,,,2558.0,2587.0,0.0,0.0,29.0,0.0,29.0,0.0,29.0,0.0,0.0,29.0,0.0,0.0,0.0,0.0,0.0,0.0,battery2_v
2021-02-20T13:00:00Z,30.0,30.0,,,,,914.4,928.0,,,,12.247,12.256,,,,7097.0,7097.0,7097.0,,-2.179,80.533,,,,0.0,,,,,,,,,,2588.0,2617.0,0.0,0.0,30.0,0.0,30.0,0.0,30.0,0.0,0.0,30.0,0.0,0.0,0.0,0.0,0.0,0.0,battery2_v
2021-02-20T14:00:00Z,29.0,29.0,,,,,930.034,964.0,,,,12.237,12.256,,,,7097.0,7097.0,7097.0,,-2.04,84.207,,,,0.0,,,,,,,,,,2618.0,2647.0,0.0,0.0,29.0,0.0,29.0,0.0,29.0,0.0,0.0,29.0,0.0,0.0,0.0,0.0,0.0,0.0,battery2_v
2021-02-20T15:00:00Z,27.0,27.0,,,,,931.222,940.0,,,,12.242,12.251,,,,7097.0,7097.0,7097.0,,-2.0,91.37,,,,0.0,,,,,,,,,,2648.0,2676.0,0.0,0.0,27.0,0.0,27.0,0.0,27.0,0.0,0.0,27.0,0.0,0.0,0.0,0.0,0.0,0.0,battery2_v
2021-02-20T16:00:00Z,30.0,30.0,,,,,935.667,952.0,,,,12.233,12.251,,,,7097.0,7097.0,7097.0,,-2.0,96.0,,,,0.0,,,,,,,,,,2677.0,2706.0,0.0,0.0,30.0,0.0,30.0,0.0,30.0,0.0,0.0,30.0,0.0,0.0,0.0,0.0,0.0,0.0,battery2_v
2021-02-20T17:00:00Z,30.0,30.0,,,,,943.2,964.0,,,,12.233,12.247,,,,7097.0,7097.0,7097.0,,0.0,100.9,,,,0.0,,,,,,,,,,2707.0,2736.0,0.0,0.0,30.0,0.0,30.0,0.0,30.0,0.0,0.0,30.0,0.0,0.0,0.0,0.0,0.0,0.0,battery2_v
2021-02-20T18:00:00Z,30.0,30.0,,,,,946.4,964.0,,,,12.228,12.247,,,,7097.0,7097.0,7097.0,,0.0,106.067,,,,0.0,,,,,,,,,,2737.0,2766.0,0.0,0.0,30.0,0.0,30.0,0.0,30.0,0.0,0.0,30.0,0.0,0.0,0.0,0.0,0.0,0.0,battery2_v
2021-02-20T19:00:00Z,30.0,30.0,,,,,955.167,975.0,,,,12.223,12.242,,,,7097.0,7097.0,7097.0,,0.0,105.8,,,,0.0,,,,,,,,,,2767.0,2796.0,0.0,0.0,30.0,0.0,30.0,0.0,30.0,0.0,0.0,30.0,0.0,0.0,0.0,0.0,0.0,0.0,battery2_v
2021-02-20T20:00:00Z,30.0,30.0,,,,,964.2,987.0,,,,12.218,12.237,,,,7097.0,7097.0,7097.0,,0.0,106.6,,,,0.0,,,,,,,,,,2797.0,2826.0,0.0,0.0,30.0,0.0,30.0,0.0,30.0,0.0,0.0,30.0,0.0,0.0,0.0,0.0,0.0,0.0,battery2_v
2021-02-20T21:00:00Z,30.0,30.0,,,,,975.167,987.0,,,,12.214,12.228,,,,7097.0,7097.0,7097.0,,0.0,110.367,,,,0.0,,,,,,,,,,2827.0,2856.0,0.0,0.0,30.0,0.0,30.0,0.0,30.0,0.0,0.0,30.0,0.0,0.0,0.0,0.0,0.0,0.0,battery2_v
2021-02-20T22:00:00Z,30.0,30.0,,,,,1004.933,1373.0,,,,12.218,12.233,,,,7097.0,7097.0,7097.0,,0.0,118.667,,,,0.0,,,,,,,,,,2857.0,2886.0,0.0,0.0,30.0,0.0,30.0,0.0,30.0,0.0,0.0,30.0,0.0,0.0,0.0,0.0,0.0,0.0,battery2_v
2021-02-20T23:00:00Z,29.0,29.0,,,,,5183.621,13845.0,,,,12.086,12.228,,,,7097.0,7097.0,7097.0,,-9.862,104.828,,,,0.0,,,,,,,,,,2887.0,2916.0,0.0,0.0,29.0,0.0,29.0,0.0,29.0,0.0,5.0,24.0,0.0,0.0,0.0,0.0,0.0,0.0,battery2_v
2021-02-21T00:00:00Z,27.0,27.0,,,,,12237.519,13717.0,,,,12.19,12.242,,,,7097.0,7097.0,7097.0,,-0.44,112.037,,,,0.0,,,,,,,,,,2917.0,2945.0,0.0,0.0,27.0,0.0,27.0,0.0,27.0,0.0,0.0,27.0,0.0,0.0,0.0,0.0,0.0,0.0,battery2_v
2021-02-21T01:00:00Z,30.0,30.0,,,,,13668.9,14278.0,,,,12.204,12.28,,,,7097.0,7097.0,7097.0,,9.667,120.4,,,,0.0,,,,,,,,,,2946.0,2975.0,0.0,0.0,30.0,0.0,30.0,0.0,30.0,0.0,0.0,30.0,0.0,0.0,0.0,0.0,0.0,0.0,battery2_v
2021-02-21T02:00:00Z,29.0,29.0,,,,,13595.517,14231.0,,,,12.275,12.356,,,,7097.0,7097.0,7097.0,,25.414,131.966,,,,0.0,,,,,,,,,,2976.0,3004.0,0.0,0.0,29.0,0.0,29.0,0.0,29.0,0.0,0.0,29.0,0.0,0.0,0.0,0.0,0.0,0.0,battery2_v
2021-02-21T03:00:00Z,30.0,30.0,,,,,13531.667,14208.0,,,,12.337,12.417,,,,7097.0,7097.0,7097.0,,38.233,144.833,,,,0.0,,,,,,,,,,3006.0,3035.0,0.0,0.0,30.0,0.0,30.0,0.0,30.0,0.0,0.0,30.0,0.0,0.0,0.0,0.0,0.0,0.0,battery2_v
2021-02-21T04:00:00Z,29.0,29.0,,,,,13467.586,14103.0,,,,12.389,12.502,,,,7097.0,7097.0,7097.0,,43.345,139.793,,,,0.0,,,,,,,,,,3036.0,3065.0,0.0,0.0,29.0,0.0,29.0,0.0,29.0,0.0,7.0,29.0,0.0,0.0,0.0,0.0,0.0,0.0,battery2_v
2021-02-21T05:00:00Z,30.0,30.0,,,,,13508.733,14103.0,,,,12.374,12.474,,,,7097.0,7097.0,7097.0,,37.467,131.733,,,,0.0,,,,,,,,,,3066.0,3095.0,0.0,0.0,30.0,0.0,30.0,0.0,30.0,0.0,4.0,30.0,0.0,0.0,0.0,0.0,0.0,0.0,battery2_v
2021-02-21T06:00:00Z,30.0,30.0,,,,,13387.8,14044.0,,,,12.436,12.54,,,,7097.0,7097.0,7097.0,,49.567,142.833,,,,0.0,,,,,,,,,,3096.0,3125.0,0.0,0.0,30.0,0.0,30.0,0.0,30.0,0.0,14.0,30.0,0.0,0.0,0.0,0.0,0.0,0.0,battery2_v
2021-02-21T07:00:00Z,29.0,29.0,,,,,13421.207,14091.0,,,,12.431,12.502,,,,7097.0,7097.0,7097.0,,36.172,130.897,,,,0.0,,,,,,,,,,3126.0,3154.0,0.0,0.0,29.0,0.0,29.0,0.0,29.0,0.0,0.0,29.0,0.0,0.0,0.0,0.0,0.0,0.0,battery2_v
2021-02-21T08:00:00Z,29.0,29.0,,,,,13542.621,14161.0,,,,12.346,12.45,,,,7097.0,7097.0,7097.0,,14.621,96.966,,,,0.0,,,,,,,,,,3155.0,3184.0,0.0,0.0,29.0,0.0,29.0,0.0,29.0,0.0,0.0,29.0,0.0,0.0,0.0,0.0,0.0,0.0,battery2_v
2021-02-21T09:00:00Z,30.0,30.0,,,,,13624.467,14185.0,,,,12.242,12.337,,,,7097.0,7097.0,7097.0,,-7.0,68.933,,,,0.0,,,,,,,,,,3185.0,3214.0,0.0,0.0,30.0,0.0,30.0,0.0,30.0,0.0,0.0,28.0,0.0,0.0,0.0,0.0,0.0,0.0,battery2_v
2021-02-21T10:00:00Z,30.0,30.0,,,,,9448.733,13693.0,,,,12.209,12.256,,,,7097.0,7097.0,7097.0,,-11.333,64.667,,,,0.0,,,,,,,,,,3215.0,3244.0,0.0,0.0,30.0,0.0,30.0,0.0,30.0,0.0,0.0,27.0,0.0,0.0,0.0,0.0,0.0,0.0,battery2_v
2021-02-21T11:00:00Z,28.0,28.0,,,,,1360.964,3713.0,,,,12.228,12.251,,,,7097.0,7097.0,7097.0,,-2.292,81.25,,,,0.0,,,,,,,,,,3245.0,3274.0,0.0,0.0,28.0,0.0,28.0,0.0,28.0,0.0,0.0,28.0,0.0,0.0,0.0,0.0,0.0,0.0,battery2_v
2021-02-21T12:00:00Z,27.0,27.0,,,,,970.889,987.0,,,,12.223,12.233,,,,7097.0,7097.0,7097.0,,-1.0,97.963,,,,0.0,,,,,,,,,,3275.0,3303.0,0.0,0.0,27.0,0.0,27.0,0.0,27.0,0.0,0.0,27.0,0.0,0.0,0.0,0.0,0.0,0.0,battery2_v
2021-02-21T13:00:00Z,30.0,30.0,,,,,949.967,975.0,,,,12.214,12.233,,,,7097.0,7097.0,7097.0,,0.0,99.033,,,,0.0,,,,,,,,,,3304.0,3333.0,0.0,0.0,30.0,0.0,30.0,0.0,30.0,0.0,0.0,30.0,0.0,0.0,0.0,0.0,0.0,0.0,battery2_v
2021-02-21T14:00:00Z,30.0,30.0,,,,,973.3,987.0,,,,12.209,12.223,,,,7097.0,7097.0,7097.0,,-0.333,100.6,,,,0.0,,,,,,,,,,3334.0,3363.0,0.0,0.0,30.0,0.0,30.0,0.0,30.0,0.0,0.0,30.0,0.0,0.0,0.0,0.0,0.0,0.0,battery2_v
2021-02-21T15:00:00Z,30.0,30.0,,,,,999.967,1010.0,,,,12.204,12.223,,,,7097.0,7097.0,7097.0,,0.0,102.033,,,,0.0,,,,,,,,,,3364.0,3393.0,0.0,0.0,30.0,0.0,30.0,0.0,30.0,0.0,0.0,30.0,0.0,0.0,0.0,0.0,0.0,0.0,battery2_v
2021-02-21T16:00:00Z,30.0,30.0,,,,,1001.033,1022.0,,,,12.204,12.218,,,,7097.0,7097.0,7097.0,,0.0,105.8,,,,0.0,,,,,,,,,,3394.0,3423.0,0.0,0.0,30.0,0.0,30.0,0.0,30.0,0.0,0.0,30.0,0.0,0.0,0.0,0.0,0.0,0.0,battery2_v
2021-02-21T17:00:00Z,30.0,30.0,,,,,1012.567,1034.0,,,,12.199,12.209,,,,7097.0,7097.0,7097.0,,0.0,107.167,,,,0.0,,,,,,,,,,3424.0,3453.0,0.0,0.0,30.0,0.0,30.0,0.0,30.0,0.0,0.0,30.0,0.0,0.0,0.0,0.0,0.0,0.0,battery2_v
2021-02-21T18:00:00Z,29.0,29.0,,,,,1007.483,1034.0,,,,12.199,12.214,,,,7097.0,7097.0,7097.0,,0.0,112.655,,,,0.0,,,,,,,,,,3454.0,3483.0,0.0,0.0,29.0,0.0,29.0,0.0,29.0,0.0,0.0,29.0,0.0,0.0,0.0,0.0,0.0,0.0,battery2_v
2021-02-21T19:00:00Z,30.0,30.0,,,,,1001.867,1022.0,,,,12.185,12.209,,,,7097.0,7097.0,7097.0,,0.0,115.133,,,,0.0,,,,,,,,,,3484.0,3513.0,0.0,0.0,30.0,0.0,30.0,0.0,30.0,0.0,0.0,30.0,0.0,0.0,0.0,0.0,0.0,0.0,battery2_v
2021-02-21T20:00:00Z,28.0,28.0,,,,,1008.143,1022.0,,,,12.19,12.204,,,,7097.0,7097.0,7097.0,,0.0,118.429,,,,0.0,,,,,,,,,,3514.0,3542.0,0.0,0.0,28.0,0.0,28.0,0.0,28.0,0.0,0.0,28.0,0.0,0.0,0.0,0.0,0.0,0.0,battery2_v
2021-02-21T21:00:00Z,30.0,30.0,,,,,1012.633,1034.0,,,,12.185,12.199,,,,7097.0,7097.0,7097.0,,0.0,126.2,,,,0.0,,,,,,,,,,3543.0,3572.0,0.0,0.0,30.0,0.0,30.0,0.0,30.0,0.0,0.0,30.0,0.0,0.0,0.0,0.0,0.0,0.0,battery2_v
2021-02-21T22:00:00Z,30.0,30.0,,,,,1035.567,1256.0,,,,12.19,12.199,,,,7097.0,7097.0,7097.0,,0.2,129.733,,,,0.0,,,,,,,,,,3573.0,3602.0,0.0,0.0,30.0,0.0,30.0,0.0,30.0,0.0,0.0,30.0,0.0,0.0,0.0,0.0,0.0,0.0,battery2_v
2021-02-21T23:00:00Z,29.0,29.0,,,,,4872.103,13880.0,,,,12.048,12.199,,,,7097.0,7097.0,7097.0,,-9.483,111.966,,,,0.0,,,,,,,,,,3603.0,3632.0,0.0,0.0,29.0,0.0,29.0,0.0,29.0,0.0,5.0,24.0,0.0,0.0,0.0,0.0,0.0,0.0,battery2_v
2021-02-22T00:00:00Z,29.0,29.0,,,,,8986.931,14302.0,,,,12.171,12.199,,,,7097.0,7097.0,7097.0,,0.643,125.448,,,,0.0,,,,,,,,,,3633.0,3662.0,0.0,0.0,29.0,0.0,29.0,0.0,29.0,0.0,0.0,29.0,0.0,0.0,0.0,0.0,0.0,0.0,battery2_v
2021-02-22T01:00:00Z,30.0,30.0,,,,,13682.7,14313.0,,,,12.176,12.304,,,,7097.0,7097.0,7097.0,,15.724,130.833,,,,0.0,,,,,,,,,,3663.0,3692.0,0.0,0.0,30.0,0.0,30.0,0.0,30.0,0.0,0.0,30.0,0.0,0.0,0.0,0.0,0.0,0.0,battery2_v
2021-02-22T02:00:00Z,29.0,29.0,,,,,13610.828,14103.0,,,,12.247,12.313,,,,7097.0,7097.0,7097.0,,27.621,135.034,,,,0.0,,,,,,,,,,3693.0,3721.0,0.0,0.0,29.0,0.0,29.0,0.0,29.0,0.0,0.0,29.0,0.0,0.0,0.0,0.0,0.0,0.0,battery2_v
2021-02-22T03:00:00Z,30.0,30.0,,,,,13606.4,14243.0,,,,12.304,12.332,,,,7097.0,7097.0,7097.0,,28.133,130.567,,,,0.0,,,,,,,,,,3722.0,3751.0,0.0,0.0,30.0,0.0,30.0,0.0,30.0,0.0,0.0,30.0,0.0,0.0,0.0,0.0,0.0,0.0,battery2_v
2021-02-22T04:00:00Z,30.0,30.0,,,,,13582.3,14208.0,,,,12.28,12.408,,,,7097.0,7097.0,7097.0,,32.3,127.033,,,,0.0,,,,,,,,,,3752.0,3781.0,0.0,0.0,30.0,0.0,30.0,0.0,30.0,0.0,1.0,30.0,0.0,0.0,0.0,0.0,0.0,0.0,battery2_v
2021-02-22T05:00:00Z,29.0,29.0,,,,,13539.69,14149.0,,,,12.346,12.412,,,,7097.0,7097.0,7097.0,,33.379,124.655,,,,0.0,,,,,,,,,,3782.0,3811.0,0.0,0.0,29.0,0.0,29.0,0.0,29.0,0.0,0.0,29.0,0.0,0.0,0.0,0.0,0.0,0.0,battery2_v
2021-02-22T06:00:00Z,30.0,30.0,,,,,13437.333,13541.0,,,,12.346,12.493,,,,7097.0,7097.0,7097.0,,46.3,130.833,,,,0.0,,,,,,,,,,3812.0,3841.0,0.0,0.0,30.0,0.0,30.0,0.0,30.0,0.0,13.0,30.0,0.0,0.0,0.0,0.0,0.0,0.0,battery2_v
2021-02-22T07:00:00Z,30.0,30.0,,,,,13497.433,14138.0,,,,12.365,12.441,,,,7097.0,7097.0,7097.0,,30.867,108.367,,,,0.0,,,,,,,,,,3842.0,3871.0,0.0,0.0,30.0,0.0,30.0,0.0,30.0,0.0,0.0,30.0,0.0,0.0,0.0,0.0,0.0,0.0,battery2_v
2021-02-22T08:00:00Z,30.0,30.0,,,,,13567.0,14208.0,,,,12.275,12.365,,,,7097.0,7097.0,7097.0,,12.6,83.633,,,,0.0,,,,,,,,,,3872.0,3901.0,0.0,0.0,30.0,0.0,30.0,0.0,30.0,0.0,0.0,30.0,0.0,0.0,0.0,0.0,0.0,0.0,battery2_v
2021-02-22T09:00:00Z,29.0,29.0,,,,,13662.069,13717.0,,,,12.195,12.275,,,,7097.0,7097.0,7097.0,,-8.793,57.31,,,,0.0,,,,,,,,,,3902.0,3930.0,0.0,0.0,29.0,0.0,29.0,0.0,29.0,0.0,0.0,22.0,0.0,0.0,0.0,0.0,0.0,0.0,battery2_v
2021-02-22T10:00:00Z,30.0,30.0,,,,,9031.933,13752.0,,,,12.166,12.214,,,,7097.0,7097.0,7097.0,,-12.033,58.333,,,,0.0,,,,,,,,,,3931.0,3960.0,0.0,0.0,30.0,0.0,30.0,0.0,30.0,0.0,0.0,15.0,0.0,0.0,0.0,0.0,0.0,0.0,battery2_v
2021-02-22T11:00:00Z,30.0,30.0,,,,,1272.433,2543.0,,,,12.19,12.204,,,,7097.0,7097.0,7097.0,,-2.062,89.1,,,,0.0,,,,,,,,,,3961.0,3990.0,0.0,0.0,30.0,0.0,30.0,0.0,30.0,0.0,0.0,30.0,0.0,0.0,0.0,0.0,0.0,0.0,battery2_v
2021-02-22T12:00:00Z,30.0,30.0,,,,,1026.333,1045.0,,,,12.185,12.199,,,,7097.0,7097.0,7097.0,,-1.0,96.767,,,,0.0,,,,,,,,,,3991.0,4020.0,0.0,0.0,30.0,0.0,30.0,0.0,30.0,0.0,0.0,30.0,0.0,0.0,0.0,0.0,0.0,0.0,battery2_v
2021-02-22T13:00:00Z,28.0,28.0,,,,,1033.393,1045.0,,,,12.181,12.19,,,,7097.0,7097.0,7097.0,,0.0,102.357,,,,0.0,,,,,,,,,,4021.0,4050.0,0.0,0.0,28.0,0.0,28.0,0.0,28.0,0.0,0.0,28.0,0.0,0.0,0.0,0.0,0.0,0.0,battery2_v
2021-02-22T14:00:00Z,27.0,27.0,,,,,1041.852,1057.0,,,,12.176,12.19,,,,7097.0,7097.0,7097.0,,0.0,107.407,,,,0.0,,,,,,,,,,4051.0,4079.0,0.0,0.0,27.0,0.0,27.0,0.0,27.0,0.0,0.0,27.0,0.0,0.0,0.0,0.0,0.0,0.0,battery2_v
2021-02-22T15:00:00Z,30.0,30.0,,,,,1049.467,1069.0,,,,12.176,12.185,,,,7097.0,7097.0,7097.0,,0.0,112.1,,,,0.0,,,,,,,,,,4080.0,4109.0,0.0,0.0,30.0,0.0,30.0,0.0,30.0,0.0,0.0,30.0,0.0,0.0,0.0,0.0,0.0,0.0,battery2_v
2021-02-22T16:00:00Z,30.0,30.0,,,,,1053.067,1069.0,,,,12.171,12.181,,,,7097.0,7097.0,7097.0,,0.0,113.5,,,,0.0,,,,,,,,,,4110.0,4139.0,0.0,0.0,30.0,0.0,30.0,0.0,30.0,0.0,0.0,30.0,0.0,0.0,0.0,0.0,0.0,0.0,battery2_v
2021-02-22T17:00:00Z,30.0,30.0,,,,,1063.0,1081.0,,,,12.162,12.181,,,,7097.0,7097.0,7097.0,,0.0,114.633,,,,0.0,,,,,,,,,,4140.0,4169.0,0.0,0.0,30.0,0.0,30.0,0.0,30.0,0.0,0.0,30.0,0.0,0.0,0.0,0.0,0.0,0.0,battery2_v
2021-02-22T18:00:00Z,30.0,30.0,,,,,1070.6,1081.0,,,,12.162,12.176,,,,7097.0,7097.0,7097.0,,0.0,118.4,,,,0.0,,,,,,,,,,4170.0,4199.0,0.0,0.0,30.0,0.0,30.0,0.0,30.0,0.0,0.0,30.0,0.0,0.0,0.0,0.0,0.0,0.0,battery2_v
2021-02-22T19:00:00Z,30.0,30.0,,,,,1073.3,1092.0,,,,12.162,12.176,,,,7097.0,7097.0,7097.0,,0.0,125.167,,,,0.0,,,,,,,,,,4200.0,4229.0,0.0,0.0,30.0,0.0,30.0,0.0,30.0,0.0,0.0,30.0,0.0,0.0,0.0,0.0,0.0,0.0,battery2_v
2021-02-22T20:00:00Z,30.0,30.0,,,,,1079.167,1092.0,,,,12.157,12.171,,,,7097.0,7097.0,7097.0,,0.033,128.1,,,,0.0,,,,,,,,,,4230.0,4259.0,0.0,0.0,30.0,0.0,30.0,0.0,30.0,0.0,0.0,30.0,0.0,0.0,0.0,0.0,0.0,0.0,battery2_v
2021-02-22T21:00:00Z,30.0,30.0,,,,,1084.267,1104.0,,,,12.152,12.171,,,,7097.0,7097.0,7097.0,,0.1,127.8,,,,0.0,,,,,,,,,,4260.0,4289.0,0.0,0.0,30.0,0.0,30.0,0.0,30.0,0.0,0.0,30.0,0.0,0.0,0.0,0.0,0.0,0.0,battery2_v
2021-02-22T22:00:00Z,29.0,29.0,,,,,1134.207,1560.0,,,,12.147,12.166,,,,7097.0,7097.0,7097.0,,0.241,128.586,,,,0.0,,,,,,,,,,4290.0,4319.0,0.0,0.0,29.0,0.0,29.0,0.0,29.0,0.0,0.0,29.0,0.0,0.0,0.0,0.0,0.0,0.0,battery2_v
2021-02-22T23:00:00Z,28.0,28.0,,,,,5744.75,13915.0,,,,12.02,12.166,,,,7097.0,7097.0,7097.0,,-9.821,111.071,,,,0.0,,,,,,,,,,4321.0,4348.0,0.0,0.0,28.0,0.0,28.0,0.0,28.0,0.0,5.0,25.0,0.0,0.0,0.0,0.0,0.0,0.0,battery2_v
2021-02-23T00:00:00Z,30.0,30.0,,,,,9207.867,14325.0,,,,12.147,12.171,,,,7097.0,7097.0,7097.0,,1.367,127.567,,,,0.0,,,,,,,,,,4349.0,4378.0,0.0,0.0,30.0,0.0,30.0,0.0,30.0,0.0,0.0,30.0,0.0,0.0,0.0,0.0,0.0,0.0,battery2_v
2021-02-23T01:00:00Z,28.0,28.0,,,,,13720.071,14337.0,,,,12.157,12.285,,,,7097.0,7097.0,7097.0,,18.321,135.393,,,,0.0,,,,,,,,,,4379.0,4408.0,0.0,0.0,28.0,0.0,28.0,0.0,28.0,0.0,0.0,28.0,0.0,0.0,0.0,0.0,0.0,0.0,battery2_v
2021-02-23T02:00:00Z,22.0,22.0,,,,,13680.273,14302.0,,,,12.228,12.275,,,,7097.0,7097.0,7097.0,,22.545,129.636,,,,0.0,,,,,,,,,,4410.0,4436.0,0.0,0.0,22.0,0.0,22.0,0.0,22.0,0.0,0.0,22.0,0.0,0.0,0.0,0.0,0.0,0.0,battery2_v
2021-02-23T03:00:00Z,26.0,26.0,,,,,13590.423,13681.0,,,,12.242,12.351,,,,7097.0,7097.0,7097.0,,33.462,146.0,,,,0.0,,,,,,,,,,4437.0,4466.0,0.0,0.0,26.0,0.0,26.0,0.0,26.0,0.0,0.0,26.0,0.0,0.0,0.0,0.0,0.0,0.0,battery2_v
2021-02-23T04:00:00Z,28.0,28.0,,,,,13613.321,14231.0,,,,12.275,12.403,,,,7097.0,7097.0,7097.0,,39.357,141.357,,,,0.0,,,,,,,,,,4467.0,4495.0,0.0,0.0,28.0,0.0,28.0,0.0,28.0,0.0,2.0,28.0,0.0,0.0,0.0,0.0,0.0,0.0,battery2_v
2021-02-23T05:00:00Z,28.0,28.0,,,,,13519.821,13564.0,,,,12.318,12.412,,,,7097.0,7097.0,7097.0,,36.286,134.357,,,,0.0,,,,,,,,,,4496.0,4525.0,0.0,0.0,28.0,0.0,28.0,0.0,28.0,0.0,0.0,28.0,0.0,0.0,0.0,0.0,0.0,0.0,battery2_v
2021-02-23T06:00:00Z,26.0,26.0,,,,,13532.577,14149.0,,,,12.374,12.403,,,,7097.0,7097.0,7097.0,,35.692,124.346,,,,0.0,,,,,,,,,,4526.0,4554.0,0.0,0.0,26.0,0.0,26.0,0.0,26.0,0.0,0.0,26.0,0.0,0.0,0.0,0.0,0.0,0.0,battery2_v
2021-02-23T07:00:00Z,25.0,25.0,,,,,13544.8,14173.0,,,,12.365,12.427,,,,7097.0,7097.0,7097.0,,36.32,118.96,,,,0.0,,,,,,,,,,4556.0,4582.0,0.0,0.0,25.0,0.0,25.0,0.0,25.0,0.0,0.0,25.0,0.0,0.0,0.0,0.0,0.0,0.0,battery2_v
2021-02-23T08:00:00Z,27.0,27.0,,,,,13607.852,14208.0,,,,12.261,12.346,,,,7097.0,7097.0,7097.0,,11.593,84.63,,,,0.0,,,,,,,,,,4584.0,4612.0,0.0,0.0,27.0,0.0,27.0,0.0,27.0,0.0,0.0,27.0,0.0,0.0,0.0,0.0,0.0,0.0,battery2_v
2021-02-23T09:00:00Z,28.0,28.0,,,,,13339.571,13740.0,,,,12.176,12.261,,,,7097.0,7097.0,7097.0,,-4.962,62.536,,,,0.0,,,,,,,,,,4613.0,4641.0,0.0,0.0,28.0,0.0,28.0,0.0,28.0,0.0,0.0,23.0,0.0,0.0,0.0,0.0,0.0,0.0,battery2_v
2021-02-23T10:00:00Z,29.0,29.0,,,,,8332.103,13787.0,,,,12.128,12.195,,,,7097.0,7097.0,7097.0,,-9.963,68.0,,,,0.0,,,,,,,,,,4642.0,4671.0,0.0,0.0,29.0,0.0,29.0,0.0,29.0,0.0,0.0,24.0,0.0,0.0,0.0,0.0,0.0,0.0,battery2_v
2021-02-23T11:00:00Z,29.0,29.0,,,,,1386.759,2672.0,,,,12.152,12.176,,,,7097.0,7097.0,7097.0,,0.0,104.655,,,,0.0,,,,,,,,,,4672.0,4701.0,0.0,0.0,29.0,0.0,29.0,0.0,29.0,0.0,0.0,29.0,0.0,0.0,0.0,0.0,0.0,0.0,battery2_v
2021-02-23T12:00:00Z,26.0,26.0,,,,,1112.231,1127.0,,,,12.147,12.162,,,,7097.0,7097.0,7097.0,,-0.5,100.538,,,,0.0,,,,,,,,,,4702.0,4730.0,0.0,0.0,26.0,0.0,26.0,0.0,26.0,0.0,0.0,26.0,0.0,0.0,0.0,0.0,0.0,0.0,battery2_v
2021-02-23T13:00:00Z,18.0,18.0,,,,,1127.222,1139.0,,,,12.143,12.157,,,,7097.0,7097.0,7097.0,,-2.0,98.111,,,,0.0,,,,,,,,,,4732.0,4757.0,0.0,0.0,18.0,0.0,18.0,0.0,18.0,0.0,0.0,18.0,0.0,0.0,0.0,0.0,0.0,0.0,battery2_v
2021-02-23T14:00:00Z,27.0,27.0,,,,,1128.074,1162.0,,,,12.143,12.152,,,,7097.0,7097.0,7097.0,,0.0,100.852,,,,0.0,,,,,,,,,,4760.0,4788.0,0.0,0.0,27.0,0.0,27.0,0.0,27.0,0.0,0.0,27.0,0.0,0.0,0.0,0.0,0.0,0.0,battery2_v
2021-02-23T15:00:00Z,28.0,28.0,,,,,1130.536,1151.0,,,,12.138,12.147,,,,7097.0,7097.0,7097.0,,0.0,103.857,,,,0.0,,,,,,,,,,4789.0,4817.0,0.0,0.0,28.0,0.0,28.0,0.0,28.0,0.0,0.0,28.0,0.0,0.0,0.0,0.0,0.0,0.0,battery2_v
2021-02-23T16:00:00Z,29.0,29.0,,,,,1137.759,1151.0,,,,12.133,12.147,,,,7097.0,7097.0,7097.0,,0.0,106.655,,,,0.0,,,,,,,,,,4818.0,4847.0,0.0,0.0,29.0,0.0,29.0,0.0,29.0,0.0,0.0,29.0,0.0,0.0,0.0,0.0,0.0,0.0,battery2_v
2021-02-23T17:00:00Z,30.0,30.0,,,,,1138.567,1162.0,,,,12.133,12.143,,,,7097.0,7097.0,7097.0,,0.0,114.9,,,,0.0,,,,,,,,,,4848.0,4877.0,0.0,0.0,30.0,0.0,30.0,0.0,30.0,0.0,0.0,30.0,0.0,0.0,0.0,0.0,0.0,0.0,battery2_v
2021-02-23T18:00:00Z,30.0,30.0,,,,,1149.933,1162.0,,,,12.128,12.143,,,,7097.0,7097.0,7097.0,,0.0,112.967,,,,0.0,,,,,,,,,,4878.0,4907.0,0.0,0.0,30.0,0.0,30.0,0.0,30.0,0.0,0.0,30.0,0.0,0.0,0.0,0.0,0.0,0.0,battery2_v
2021-02-23T19:00:00Z,29.0,29.0,,,,,1154.69,1162.0,,,,12.124,12.138,,,,7097.0,7097.0,7097.0,,0.0,114.103,,,,0.0,,,,,,,,,,4908.0,4936.0,0.0,0.0,29.0,0.0,29.0,0.0,29.0,0.0,0.0,29.0,0.0,0.0,0.0,0.0,0.0,0.0,battery2_v
2021-02-23T20:00:00Z,30.0,30.0,,,,,1162.667,1174.0,,,,12.124,12.138,,,,7097.0,7097.0,7097.0,,0.0,115.7,,,,0.0,,,,,,,,,,4937.0,4966.0,0.0,0.0,30.0,0.0,30.0,0.0,30.0,0.0,0.0,30.0,0.0,0.0,0.0,0.0,0.0,0.0,battery2_v
2021-02-23T21:00:00Z,30.0,30.0,,,,,1166.033,1174.0,,,,12.124,12.133,,,,7097.0,7097.0,7097.0,,0.0,118.667,,,,0.0,,,,,,,,,,4967.0,4996.0,0.0,0.0,30.0,0.0,30.0,0.0,30.0,0.0,0.0,30.0,0.0,0.0,0.0,0.0,0.0,0.0,battery2_v
2021-02-23T22:00:00Z,30.0,30.0,,,,,1216.167,1584.0,,,,12.124,12.133,,,,7097.0,7097.0,7097.0,,0.0,121.733,,,,0.0,,,,,,,,,,4997.0,5026.0,0.0,0.0,30.0,0.0,30.0,0.0,30.0,0.0,0.0,30.0,0.0,0.0,0.0,0.0,0.0,0.0,battery2_v
2021-02-23T23:00:00Z,30.0,30.0,,,,,5350.7,13927.0,,,,11.987,12.128,,,,7097.0,7097.0,7097.0,,-5.897,110.1,,,,0.0,,,,,,,,,,5027.0,5056.0,0.0,0.0,30.0,0.0,30.0,0.0,30.0,0.0,3.0,27.0,0.0,0.0,0.0,0.0,0.0,0.0,battery2_v
2021-02-24T00:00:00Z,30.0,30.0,,,,,9278.767,14383.0,,,,12.114,12.157,,,,7097.0,7097.0,7097.0,,2.483,121.133,,,,0.0,,,,,,,,,,5057.0,5086.0,0.0,0.0,30.0,0.0,30.0,0.0,30.0,0.0,0.0,30.0,0.0,0.0,0.0,0.0,0.0,0.0,battery2_v
2021-02-24T01:00:00Z,28.0,28.0,,,,,13712.0,13798.0,,,,12.124,12.266,,,,7097.0,7097.0,7097.0,,19.893,132.357,,,,0.0,,,,,,,,,,5087.0,5115.0,0.0,0.0,28.0,0.0,28.0,0.0,28.0,0.0,0.0,28.0,0.0,0.0,0.0,0.0,0.0,0.0,battery2_v
2021-02-24T02:00:00Z,30.0,30.0,,,,,13640.133,14290.0,,,,12.218,12.337,,,,7097.0,7097.0,7097.0,,34.533,139.767,,,,0.0,,,,,,,,,,5116.0,5145.0,0.0,0.0,30.0,0.0,30.0,0.0,30.0,0.0,2.0,30.0,0.0,0.0,0.0,0.0,0.0,0.0,battery2_v
2021-02-24T03:00:00Z,29.0,29.0,,,,,13563.276,14266.0,,,,12.28,12.403,,,,7097.0,7097.0,7097.0,,44.069,148.31,,,,0.0,,,,,,,,,,5146.0,5174.0,0.0,0.0,29.0,0.0,29.0,0.0,29.0,0.0,8.0,29.0,0.0,0.0,0.0,0.0,0.0,0.0,battery2_v
2021-02-24T04:00:00Z,30.0,30.0,,,,,13500.533,13880.0,,,,12.346,12.464,,,,7097.0,7097.0,7097.0,,48.1,150.967,,,,0.0,,,,,,,,,,5175.0,5204.0,0.0,0.0,30.0,0.0,30.0,0.0,30.0,0.0,11.0,30.0,0.0,0.0,0.0,0.0,0.0,0.0,battery2_v
2021-02-24T05:00:00Z,30.0,30.0,,,,,13500.9,14114.0,,,,12.313,12.497,,,,7097.0,7097.0,7097.0,,44.0,135.367,,,,0.0,,,,,,,,,,5205.0,5234.0,0.0,0.0,30.0,0.0,30.0,0.0,30.0,0.0,12.0,30.0,0.0,0.0,0.0,0.0,0.0,0.0,battery2_v
2021-02-24T06:00:00Z,30.0,30.0,,,,,13514.033,13564.0,,,,12.313,12.445,,,,7097.0,7097.0,7097.0,,32.733,122.233,,,,0.0,,,,,,,,,,5235.0,5264.0,0.0,0.0,30.0,0.0,30.0,0.0,30.0,0.0,2.0,30.0,0.0,0.0,0.0,0.0,0.0,0.0,battery2_v
2021-02-24T07:00:00Z,29.0,29.0,,,,,13534.586,14149.0,,,,12.327,12.417,,,,7097.0,7097.0,7097.0,,34.034,123.897,,,,0.0,,,,,,,,,,5265.0,5293.0,0.0,0.0,29.0,0.0,29.0,0.0,29.0,0.0,0.0,29.0,0.0,0.0,0.0,0.0,0.0,0.0,battery2_v
2021-02-24T08:00:00Z,30.0,30.0,,,,,13601.133,13670.0,,,,12.228,12.332,,,,7097.0,7097.0,7097.0,,12.138,96.2,,,,0.0,,,,,,,,,,5294.0,5323.0,0.0,0.0,30.0,0.0,30.0,0.0,30.0,0.0,0.0,30.0,0.0,0.0,0.0,0.0,0.0,0.0,battery2_v
2021-02-24T09:00:00Z,30.0,30.0,,,,,13486.533,13752.0,,,,12.157,12.251,,,,7097.0,7097.0,7097.0,,-4.429,68.833,,,,0.0,,,,,,,,,,5324.0,5353.0,0.0,0.0,30.0,0.0,30.0,0.0,30.0,0.0,0.0,28.0,0.0,0.0,0.0,0.0,0.0,0.0,battery2_v
2021-02-24T10:00:00Z,30.0,30.0,,,,,8771.7,13798.0,,,,12.124,12.166,,,,7097.0,7097.0,7097.0,,-10.897,62.467,,,,0.0,,,,,,,,,,5354.0,5383.0,0.0,0.0,30.0,0.0,30.0,0.0,30.0,0.0,0.0,23.0,0.0,0.0,0.0,0.0,0.0,0.0,battery2_v
2021-02-24T11:00:00Z,29.0,29.0,,,,,1391.069,2461.0,,,,12.138,12.157,,,,7097.0,7097.0,7097.0,,-2.15,85.724,,,,0.0,,,,,,,,,,5384.0,5412.0,0.0,0.0,29.0,0.0,29.0,0.0,29.0,0.0,0.0,29.0,0.0,0.0,0.0,0.0,0.0,0.0,battery2_v
2021-02-24T12:00:00Z,30.0,30.0,,,,,1151.067,1174.0,,,,12.128,12.143,,,,7097.0,7097.0,7097.0,,-2.0,93.767,,,,0.0,,,,,,,,,,5413.0,5442.0,0.0,0.0,30.0,0.0,30.0,0.0,30.0,0.0,0.0,30.0,0.0,0.0,0.0,0.0,0.0,0.0,battery2_v
2021-02-24T13:00:00Z,29.0,29.0,,,,,1171.517,1186.0,,,,12.124,12.133,,,,7097.0,7097.0,7097.0,,-2.0,97.586,,,,0.0,,,,,,,,,,5443.0,5472.0,0.0,0.0,29.0,0.0,29.0,0.0,29.0,0.0,0.0,29.0,0.0,0.0,0.0,0.0,0.0,0.0,battery2_v
2021-02-24T14:00:00Z,30.0,30.0,,,,,1181.167,1209.0,,,,12.114,12.128,,,,7097.0,7097.0,7097.0,,-0.5,99.3,,,,0.0,,,,,,,,,,5473.0,5502.0,0.0,0.0,30.0,0.0,30.0,0.0,30.0,0.0,0.0,30.0,0.0,0.0,0.0,0.0,0.0,0.0,battery2_v
2021-02-24T15:00:00Z,29.0,29.0,,,,,1194.966,1209.0,,,,12.114,12.124,,,,7097.0,7097.0,7097.0,,,100.207,,,,0.0,,,,,,,,,,5503.0,5531.0,0.0,0.0,29.0,0.0,29.0,0.0,29.0,0.0,0.0,29.0,0.0,0.0,0.0,0.0,0.0,0.0,battery2_v
2021-02-24T16:00:00Z,28.0,28.0,,,,,1194.071,1209.0,,,,12.114,12.124,,,,7097.0,7097.0,7097.0,,-0.5,103.536,,,,0.0,,,,,,,,,,5533.0,5561.0,0.0,0.0,28.0,0.0,28.0,0.0,28.0,0.0,0.0,28.0,0.0,0.0,0.0,0.0,0.0,0.0,battery2_v
2021-02-24T17:00:00Z,30.0,30.0,,,,,1197.833,1209.0,,,,12.105,12.119,,,,7097.0,7097.0,7097.0,,0.0,104.933,,,,0.0,,,,,,,,,,5562.0,5591.0,0.0,0.0,30.0,0.0,30.0,0.0,30.0,0.0,0.0,30.0,0.0,0.0,0.0,0.0,0.0,0.0,battery2_v
2021-02-24T18:00:00Z,30.0,30.0,,,,,1202.8,1221.0,,,,12.105,12.119,,,,7097.0,7097.0,7097.0,,0.0,104.167,,,,0.0,,,,,,,,,,5592.0,5621.0,0.0,0.0,30.0,0.0,30.0,0.0,30.0,0.0,0.0,30.0,0.0,0.0,0.0,0.0,0.0,0.0,battery2_v
2021-02-24T19:00:00Z,30.0,30.0,,,,,1209.933,1233.0,,,,12.105,12.114,,,,7097.0,7097.0,7097.0,,0.0,109.6,,,,0.0,,,,,,,,,,5622.0,5651.0,0.0,0.0,30.0,0.0,30.0,0.0,30.0,0.0,0.0,30.0,0.0,0.0,0.0,0.0,0.0,0.0,battery2_v
2021-02-24T20:00:00Z,30.0,30.0,,,,,1213.8,1233.0,,,,12.1,12.11,,,,7097.0,7097.0,7097.0,,0.0,111.5,,,,0.0,,,,,,,,,,5652.0,5681.0,0.0,0.0,30.0,0.0,30.0,0.0,30.0,0.0,0.0,30.0,0.0,0.0,0.0,0.0,0.0,0.0,battery2_v
2021-02-24T21:00:00Z,30.0,30.0,,,,,1222.6,1233.0,,,,12.095,12.11,,,,7097.0,7097.0,7097.0,,0.0,112.2,,,,0.0,,,,,,,,,,5682.0,5711.0,0.0,0.0,30.0,0.0,30.0,0.0,30.0,0.0,0.0,30.0,0.0,0.0,0.0,0.0,0.0,0.0,battery2_v
2021-02-24T22:00:00Z,30.0,30.0,,,,,1284.967,1724.0,,,,12.095,12.105,,,,7097.0,7097.0,7097.0,,0.0,116.667,,,,0.0,,,,,,,,,,5712.0,5741.0,0.0,0.0,30.0,0.0,30.0,0.0,30.0,0.0,0.0,30.0,0.0,0.0,0.0,0.0,0.0,0.0,battery2_v
2021-02-24T23:00:00Z,28.0,28.0,,,,,9314.821,13974.0,,,,11.963,12.105,,,,7097.0,7097.0,7097.0,,-17.75,89.071,,,,0.0,,,,,,,,,,5742.0,5770.0,0.0,0.0,28.0,0.0,28.0,0.0,28.0,0.0,6.0,22.0,0.0,0.0,0.0,0.0,0.0,0.0,battery2_v
2021-02-25T00:00:00Z,30.0,30.0,,,,,13595.367,14383.0,,,,12.067,12.114,,,,7097.0,7097.0,7097.0,,-1.357,105.767,,,,0.0,,,,,,,,,,5771.0,5800.0,0.0,0.0,30.0,0.0,30.0,0.0,30.0,0.0,0.0,30.0,0.0,0.0,0.0,0.0,0.0,0.0,battery2_v
2021-02-25T01:00:00Z,29.0,29.0,,,,,13835.552,14419.0,,,,12.11,12.157,,,,7097.0,7097.0,7097.0,,11.862,116.517,,,,0.0,,,,,,,,,,5801.0,5830.0,0.0,0.0,29.0,0.0,29.0,0.0,29.0,0.0,0.0,29.0,0.0,0.0,0.0,0.0,0.0,0.0,battery2_v
2021-02-25T02:00:00Z,30.0,30.0,,,,,13759.567,14372.0,,,,12.143,12.294,,,,7097.0,7097.0,7097.0,,26.133,126.4,,,,0.0,,,,,,,,,,5831.0,5860.0,0.0,0.0,30.0,0.0,30.0,0.0,30.0,0.0,3.0,30.0,0.0,0.0,0.0,0.0,0.0,0.0,battery2_v
2021-02-25T03:00:00Z,30.0,30.0,,,,,13595.567,13693.0,,,,12.214,12.412,,,,7097.0,7097.0,7097.0,,44.267,149.567,,,,0.0,,,,,,,,,,5861.0,5890.0,0.0,0.0,30.0,0.0,30.0,0.0,30.0,0.0,11.0,30.0,0.0,0.0,0.0,0.0,0.0,0.0,battery2_v
2021-02-25T04:00:00Z,30.0,30.0,,,,,13516.033,13600.0,,,,12.294,12.464,,,,7097.0,7097.0,7097.0,,50.233,146.667,,,,0.0,,,,,,,,,,5891.0,5920.0,0.0,0.0,30.0,0.0,30.0,0.0,30.0,0.0,13.0,30.0,0.0,0.0,0.0,0.0,0.0,0.0,battery2_v
2021-02-25T05:00:00Z,29.0,29.0,,,,,13576.172,14208.0,,,,12.318,12.422,,,,7097.0,7097.0,7097.0,,44.276,131.483,,,,0.0,,,,,,,,,,5921.0,5949.0,0.0,0.0,29.0,0.0,29.0,0.0,29.0,0.0,7.0,29.0,0.0,0.0,0.0,0.0,0.0,0.0,battery2_v
2021-02-25T06:00:00Z,30.0,30.0,,,,,13543.0,14161.0,,,,12.332,12.45,,,,7097.0,7097.0,7097.0,,44.467,134.167,,,,0.0,,,,,,,,,,5950.0,5979.0,0.0,0.0,30.0,0.0,30.0,0.0,30.0,0.0,10.0,30.0,0.0,0.0,0.0,0.0,0.0,0.0,battery2_v
2021-02-25T07:00:00Z,28.0,28.0,,,,,13521.393,13611.0,,,,12.28,12.436,,,,7097.0,7097.0,7097.0,,37.393,121.321,,,,0.0,,,,,,,,,,5980.0,6009.0,0.0,0.0,28.0,0.0,28.0,0.0,28.0,0.0,3.0,28.0,0.0,0.0,0.0,0.0,0.0,0.0,battery2_v
2021-02-25T08:00:00Z,30.0,30.0,,,,,13639.2,14255.0,,,,12.223,12.337,,,,7097.0,7097.0,7097.0,,14.967,83.733,,,,0.0,,,,,,,,,,6010.0,6039.0,0.0,0.0,30.0,0.0,30.0,0.0,30.0,0.0,0.0,30.0,0.0,0.0,0.0,0.0,0.0,0.0,battery2_v
2021-02-25T09:00:00Z,30.0,30.0,,,,,13447.467,14302.0,,,,12.138,12.237,,,,7097.0,7097.0,7097.0,,-2.5,55.633,,,,0.0,,,,,,,,,,6040.0,6069.0,0.0,0.0,30.0,0.0,30.0,0.0,30.0,0.0,0.0,17.0,0.0,0.0,0.0,0.0,0.0,0.0,battery2_v
2021-02-25T10:00:00Z,29.0,29.0,,,,,9438.0,13834.0,,,,12.1,12.138,,,,7097.0,7097.0,7097.0,,-12.0,54.448,,,,0.0,,,,,,,,,,6070.0,6098.0,0.0,0.0,29.0,0.0,29.0,0.0,29.0,0.0,0.0,17.0,0.0,0.0,0.0,0.0,0.0,0.0,battery2_v
2021-02-25T11:00:00Z,28.0,28.0,,,,,1456.179,2660.0,,,,12.114,12.133,,,,7097.0,7097.0,7097.0,,-3.036,71.357,,,,0.0,,,,,,,,,,6099.0,6128.0,0.0,0.0,28.0,0.0,28.0,0.0,28.0,0.0,0.0,28.0,0.0,0.0,0.0,0.0,0.0,0.0,battery2_v
2021-02-25T12:00:00Z,30.0,30.0,,,,,1195.333,1221.0,,,,12.105,12.119,,,,7097.0,7097.0,7097.0,,-2.433,79.5,,,,0.0,,,,,,,,,,6129.0,6158.0,0.0,0.0,30.0,0.0,30.0,0.0,30.0,0.0,0.0,30.0,0.0,0.0,0.0,0.0,0.0,0.0,battery2_v
2021-02-25T13:00:00Z,30.0,30.0,,,,,1222.633,1244.0,,,,12.1,12.11,,,,7097.0,7097.0,7097.0,,-2.138,84.667,,,,0.0,,,,,,,,,,6159.0,6188.0,0.0,0.0,30.0,0.0,30.0,0.0,30.0,0.0,0.0,30.0,0.0,0.0,0.0,0.0,0.0,0.0,battery2_v
2021-02-25T14:00:00Z,29.0,29.0,,,,,1242.241,1268.0,,,,12.095,12.105,,,,7097.0,7097.0,7097.0,,-2.0,92.897,,,,0.0,,,,,,,,,,6189.0,6217.0,0.0,0.0,29.0,0.0,29.0,0.0,29.0,0.0,0.0,29.0,0.0,0.0,0.0,0.0,0.0,0.0,battery2_v
2021-02-25T15:00:00Z,30.0,30.0,,,,,1264.833,1303.0,,,,12.091,12.105,,,,7097.0,7097.0,7097.0,,-1.5,95.9,,,,0.0,,,,,,,,,,6218.0,6247.0,0.0,0.0,30.0,0.0,30.0,0.0,30.0,0.0,0.0,30.0,0.0,0.0,0.0,0.0,0.0,0.0,battery2_v
2021-02-25T16:00:00Z,30.0,30.0,,,,,1263.767,1291.0,,,,12.086,12.1,,,,7097.0,7097.0,7097.0,,-0.5,100.433,,,,0.0,,,,,,,,,,6248.0,6277.0,0.0,0.0,30.0,0.0,30.0,0.0,30.0,0.0,0.0,30.0,0.0,0.0,0.0,0.0,0.0,0.0,battery2_v
2021-02-25T17:00:00Z,30.0,30.0,,,,,1270.467,1303.0,,,,12.076,12.095,,,,7097.0,7097.0,7097.0,,0.0,101.8,,,,0.0,,,,,,,,,,6278.0,6307.0,0.0,0.0,30.0,0.0,30.0,0.0,30.0,0.0,0.0,30.0,0.0,0.0,0.0,0.0,0.0,0.0,battery2_v
2021-02-25T18:00:00Z,30.0,30.0,,,,,1282.833,1303.0,,,,12.072,12.091,,,,7097.0,7097.0,7097.0,,0.0,99.833,,,,0.0,,,,,,,,,,6308.0,6337.0,0.0,0.0,30.0,0.0,30.0,0.0,30.0,0.0,0.0,30.0,0.0,0.0,0.0,0.0,0.0,0.0,battery2_v
2021-02-25T19:00:00Z,30.0,30.0,,,,,1292.6,1315.0,,,,12.067,12.086,,,,7097.0,7097.0,7097.0,,0.0,99.733,,,,0.0,,,,,,,,,,6338.0,6367.0,0.0,0.0,30.0,0.0,30.0,0.0,30.0,0.0,0.0,30.0,0.0,0.0,0.0,0.0,0.0,0.0,battery2_v
2021-02-25T20:00:00Z,30.0,30.0,,,,,1304.5,1350.0,,,,12.067,12.086,,,,7097.0,7097.0,7097.0,,-1.0,101.2,,,,0.0,,,,,,,,,,6368.0,6397.0,0.0,0.0,30.0,0.0,30.0,0.0,30.0,0.0,0.0,30.0,0.0,0.0,0.0,0.0,0.0,0.0,battery2_v
2021-02-25T21:00:00Z,30.0,30.0,,,,,1319.0,1338.0,,,,12.062,12.081,,,,7097.0,7097.0,7097.0,,0.0,101.5,,,,0.0,,,,,,,,,,6398.0,6427.0,0.0,0.0,30.0,0.0,30.0,0.0,30.0,0.0,0.0,30.0,0.0,0.0,0.0,0.0,0.0,0.0,battery2_v
2021-02-25T22:00:00Z,29.0,29.0,,,,,1373.103,1841.0,,,,12.062,12.076,,,,7097.0,7097.0,7097.0,,0.0,104.448,,,,0.0,,,,,,,,,,6428.0,6456.0,0.0,0.0,29.0,0.0,29.0,0.0,29.0,0.0,0.0,29.0,0.0,0.0,0.0,0.0,0.0,0.0,battery2_v
2021-02-25T23:00:00Z,29.0,29.0,,,,,5710.103,14009.0,,,,11.93,12.076,,,,7097.0,7097.0,7097.0,,-15.421,90.069,,,,0.0,,,,,,,,,,6457.0,6486.0,0.0,0.0,29.0,0.0,29.0,0.0,29.0,0.0,5.0,24.0,0.0,0.0,0.0,0.0,0.0,0.0,battery2_v
2021-02-26T00:00:00Z,30.0,30.0,,,,,7945.733,13880.0,,,,12.058,12.105,,,,7097.0,7097.0,7097.0,,4.182,102.533,,,,0.0,,,,,,,,,,6487.0,6516.0,0.0,0.0,30.0,0.0,30.0,0.0,30.0,0.0,0.0,30.0,0.0,0.0,0.0,0.0,0.0,0.0,battery2_v
2021-02-26T01:00:00Z,29.0,29.0,,,,,13801.276,13869.0,,,,12.062,12.223,,,,7097.0,7097.0,7097.0,,16.552,112.759,,,,0.0,,,,,,,,,,6517.0,6546.0,0.0,0.0,29.0,0.0,29.0,0.0,29.0,0.0,0.0,29.0,0.0,0.0,0.0,0.0,0.0,0.0,battery2_v
2021-02-26T02:00:00Z,30.0,30.0,,,,,13663.5,14290.0,,,,12.185,12.332,,,,7097.0,7097.0,7097.0,,43.7,138.867,,,,0.0,,,,,,,,,,6547.0,6576.0,0.0,0.0,30.0,0.0,30.0,0.0,30.0,0.0,9.0,30.0,0.0,0.0,0.0,0.0,0.0,0.0,battery2_v
2021-02-26T03:00:00Z,29.0,29.0,,,,,13507.931,13588.0,,,,12.299,12.464,,,,7097.0,7097.0,7097.0,,59.103,151.483,,,,0.0,,,,,,,,,,6577.0,6605.0,0.0,0.0,29.0,0.0,29.0,0.0,29.0,0.0,22.0,29.0,0.0,0.0,0.0,0.0,0.0,0.0,battery2_v
2021-02-26T04:00:00Z,30.0,30.0,,,,,13503.267,13576.0,,,,12.313,12.455,,,,7097.0,7097.0,7097.0,,49.733,137.0,,,,0.0,,,,,,,,,,6606.0,6635.0,0.0,0.0,30.0,0.0,30.0,0.0,30.0,0.0,14.0,30.0,0.0,0.0,0.0,0.0,0.0,0.0,battery2_v
2021-02-26T05:00:00Z,30.0,30.0,,,,,13571.367,14255.0,,,,12.28,12.374,,,,7097.0,7097.0,7097.0,,36.0,124.4,,,,0.0,,,,,,,,,,6636.0,6665.0,0.0,0.0,30.0,0.0,30.0,0.0,30.0,0.0,0.0,30.0,0.0,0.0,0.0,0.0,0.0,0.0,battery2_v
2021-02-26T06:00:00Z,30.0,30.0,,,,,13598.733,14231.0,,,,12.299,12.393,,,,7097.0,7097.0,7097.0,,38.233,119.133,,,,0.0,,,,,,,,,,6666.0,6695.0,0.0,0.0,30.0,0.0,30.0,0.0,30.0,0.0,1.0,30.0,0.0,0.0,0.0,0.0,0.0,0.0,battery2_v
2021-02-26T07:00:00Z,29.0,29.0,,,,,13540.207,13600.0,,,,12.285,12.384,,,,7097.0,7097.0,7097.0,,37.276,111.414,,,,0.0,,,,,,,,,,6696.0,6725.0,0.0,0.0,29.0,0.0,29.0,0.0,29.0,0.0,0.0,29.0,0.0,0.0,0.0,0.0,0.0,0.0,battery2_v
2021-02-26T08:00:00Z,29.0,29.0,,,,,13657.931,13717.0,,,,12.199,12.285,,,,7097.0,7097.0,7097.0,,12.517,72.517,,,,0.0,,,,,,,,,,6726.0,6754.0,0.0,0.0,29.0,0.0,29.0,0.0,29.0,0.0,0.0,28.0,0.0,0.0,0.0,0.0,0.0,0.0,battery2_v
2021-02-26T09:00:00Z,30.0,30.0,,,,,13764.433,13822.0,,,,12.119,12.199,,,,7097.0,7097.0,7097.0,,-5.074,50.533,,,,0.0,,,,,,,,,,6755.0,6784.0,0.0,0.0,30.0,0.0,30.0,0.0,30.0,0.0,0.0,18.0,0.0,0.0,0.0,0.0,0.0,0.0,battery2_v
2021-02-26T10:00:00Z,30.0,30.0,,,,,9763.9,13869.0,,,,12.076,12.119,,,,7097.0,7097.0,7097.0,,-13.9,38.8,,,,0.0,,,,,,,,,,6785.0,6814.0,0.0,0.0,30.0,0.0,30.0,0.0,30.0,0.0,0.0,7.0,0.0,0.0,0.0,0.0,0.0,0.0,battery2_v
2021-02-26T11:00:00Z,30.0,30.0,,,,,1483.033,2824.0,,,,12.1,12.119,,,,7097.0,7097.0,7097.0,,-3.767,65.5,,,,0.0,,,,,,,,,,6815.0,6844.0,0.0,0.0,30.0,0.0,30.0,0.0,30.0,0.0,0.0,30.0,0.0,0.0,0.0,0.0,0.0,0.0,battery2_v
2021-02-26T12:00:00Z,27.0,27.0,,,,,1234.37,1268.0,,,,12.091,12.105,,,,7097.0,7097.0,7097.0,,-3.333,68.444,,,,0.0,,,,,,,,,,6845.0,6873.0,0.0,0.0,27.0,0.0,27.0,0.0,27.0,0.0,0.0,27.0,0.0,0.0,0.0,0.0,0.0,0.0,battery2_v
2021-02-26T13:00:00Z,29.0,29.0,,,,,1282.241,1326.0,,,,12.076,12.095,,,,7097.0,7097.0,7097.0,,-2.931,74.207,,,,0.0,,,,,,,,,,6874.0,6903.0,0.0,0.0,29.0,0.0,29.0,0.0,29.0,0.0,0.0,29.0,0.0,0.0,0.0,0.0,0.0,0.0,battery2_v
2021-02-26T14:00:00Z,29.0,29.0,,,,,1322.31,1350.0,,,,12.067,12.086,,,,7097.0,7097.0,7097.0,,-2.69,75.828,,,,0.0,,,,,,,,,,6904.0,6932.0,0.0,0.0,29.0,0.0,29.0,0.0,29.0,0.0,0.0,29.0,0.0,0.0,0.0,0.0,0.0,0.0,battery2_v
2021-02-26T15:00:00Z,30.0,30.0,,,,,1324.833,1350.0,,,,12.062,12.076,,,,7097.0,7097.0,7097.0,,-2.533,79.733,,,,0.0,,,,,,,,,,6933.0,6962.0,0.0,0.0,30.0,0.0,30.0,0.0,30.0,0.0,0.0,30.0,0.0,0.0,0.0,0.0,0.0,0.0,battery2_v
2021-02-26T16:00:00Z,29.0,29.0,,,,,1337.931,1373.0,,,,12.053,12.072,,,,7097.0,7097.0,7097.0,,-2.172,83.414,,,,0.0,,,,,,,,,,6963.0,6992.0,0.0,0.0,29.0,0.0,29.0,0.0,29.0,0.0,0.0,29.0,0.0,0.0,0.0,0.0,0.0,0.0,battery2_v
2021-02-26T17:00:00Z,30.0,30.0,,,,,1349.267,1373.0,,,,12.053,12.067,,,,7097.0,7097.0,7097.0,,-2.133,86.8,,,,0.0,,,,,,,,,,6993.0,7022.0,0.0,0.0,30.0,0.0,30.0,0.0,30.0,0.0,0.0,30.0,0.0,0.0,0.0,0.0,0.0,0.0,battery2_v
2021-02-26T18:00:00Z,30.0,30.0,,,,,1361.333,1385.0,,,,12.048,12.062,,,,7097.0,7097.0,7097.0,,-2.033,86.267,,,,0.0,,,,,,,,,,7023.0,7052.0,0.0,0.0,30.0,0.0,30.0,0.0,30.0,0.0,0.0,30.0,0.0,0.0,0.0,0.0,0.0,0.0,battery2_v
2021-02-26T19:00:00Z,29.0,29.0,,,,,1376.69,1408.0,,,,12.043,12.058,,,,7097.0,7097.0,7097.0,,-2.036,86.483,,,,0.0,,,,,,,,,,7053.0,7081.0,0.0,0.0,29.0,0.0,29.0,0.0,29.0,0.0,0.0,29.0,0.0,0.0,0.0,0.0,0.0,0.0,battery2_v
2021-02-26T20:00:00Z,30.0,30.0,,,,,1386.7,1408.0,,,,12.043,12.058,,,,7097.0,7097.0,7097.0,,-2.0,88.433,,,,0.0,,,,,,,,,,7082.0,7111.0,0.0,0.0,30.0,0.0,30.0,0.0,30.0,0.0,0.0,30.0,0.0,0.0,0.0,0.0,0.0,0.0,battery2_v
2021-02-26T21:00:00Z,30.0,30.0,,,,,1397.767,1408.0,,,,12.043,12.058,,,,7097.0,7097.0,7097.0,,-2.0,89.667,,,,0.0,,,,,,,,,,7112.0,7141.0,0.0,0.0,30.0,0.0,30.0,0.0,30.0,0.0,0.0,30.0,0.0,0.0,0.0,0.0,0.0,0.0,battery2_v
2021-02-26T22:00:00Z,30.0,30.0,,,,,1418.533,1537.0,,,,12.039,12.048,,,,7097.0,7097.0,7097.0,,-2.056,91.367,,,,0.0,,,,,,,,,,7142.0,7171.0,0.0,0.0,30.0,0.0,30.0,0.0,30.0,0.0,0.0,30.0,0.0,0.0,0.0,0.0,0.0,0.0,battery2_v
2021-02-26T23:00:00Z,30.0,30.0,,,,,5203.833,15904.0,,,,11.901,12.048,,,,7097.0,7097.0,7097.0,,-12.059,81.8,,,,0.0,,,,,,,,,,7172.0,7201.0,0.0,0.0,30.0,0.0,30.0,0.0,30.0,0.0,3.0,27.0,0.0,0.0,0.0,0.0,0.0,0.0,battery2_v
2021-02-27T00:00:00Z,28.0,28.0,,,,,8965.464,13892.0,,,,12.034,12.091,,,,7097.0,7097.0,7097.0,,1.833,92.179,,,,0.0,,,,,,,,,,7202.0,7231.0,0.0,0.0,28.0,0.0,28.0,0.0,28.0,0.0,0.0,28.0,0.0,0.0,0.0,0.0,0.0,0.0,battery2_v
2021-02-27T01:00:00Z,29.0,29.0,,,,,13851.759,14138.0,,,,12.043,12.181,,,,7097.0,7097.0,7097.0,,13.714,113.103,,,,0.0,,,,,,,,,,7232.0,7260.0,0.0,0.0,29.0,0.0,29.0,0.0,29.0,0.0,0.0,29.0,0.0,0.0,0.0,0.0,0.0,0.0,battery2_v
2021-02-27T02:00:00Z,30.0,30.0,,,,,13754.8,14395.0,,,,12.081,12.332,,,,7097.0,7097.0,7097.0,,37.667,141.333,,,,0.0,,,,,,,,,,7261.0,7290.0,0.0,0.0,30.0,0.0,30.0,0.0,30.0,0.0,7.0,30.0,0.0,0.0,0.0,0.0,0.0,0.0,battery2_v
2021-02-27T03:00:00Z,30.0,30.0,,,,,13582.4,14243.0,,,,12.275,12.365,,,,7097.0,7097.0,7097.0,,52.467,155.733,,,,0.0,,,,,,,,,,7291.0,7320.0,0.0,0.0,30.0,0.0,30.0,0.0,30.0,0.0,20.0,30.0,0.0,0.0,0.0,0.0,0.0,0.0,battery2_v
2021-02-27T04:00:00Z,30.0,30.0,,,,,13601.833,14266.0,,,,12.27,12.36,,,,7097.0,7097.0,7097.0,,44.367,139.5,,,,0.0,,,,,,,,,,7321.0,7350.0,0.0,0.0,30.0,0.0,30.0,0.0,30.0,0.0,13.0,30.0,0.0,0.0,0.0,0.0,0.0,0.0,battery2_v
2021-02-27T05:00:00Z,30.0,30.0,,,,,13544.233,13623.0,,,,12.27,12.417,,,,7097.0,7097.0,7097.0,,44.633,131.7,,,,0.0,,,,,,,,,,7351.0,7380.0,0.0,0.0,30.0,0.0,30.0,0.0,30.0,0.0,11.0,30.0,0.0,0.0,0.0,0.0,0.0,0.0,battery2_v
2021-02-27T06:00:00Z,30.0,30.0,,,,,13594.833,14243.0,,,,12.261,12.389,,,,7097.0,7097.0,7097.0,,38.7,130.0,,,,0.0,,,,,,,,,,7381.0,7410.0,0.0,0.0,30.0,0.0,30.0,0.0,30.0,0.0,4.0,30.0,0.0,0.0,0.0,0.0,0.0,0.0,battery2_v
2021-02-27T07:00:00Z,30.0,30.0,,,,,13597.533,14196.0,,,,12.261,12.393,,,,7097.0,7097.0,7097.0,,34.967,120.367,,,,0.0,,,,,,,,,,7411.0,7440.0,0.0,0.0,30.0,0.0,30.0,0.0,30.0,0.0,5.0,30.0,0.0,0.0,0.0,0.0,0.0,0.0,battery2_v
2021-02-27T08:00:00Z,29.0,29.0,,,,,13709.276,14325.0,,,,12.171,12.28,,,,7097.0,7097.0,7097.0,,13.138,81.483,,,,0.0,,,,,,,,,,7441.0,7469.0,0.0,0.0,29.0,0.0,29.0,0.0,29.0,0.0,0.0,29.0,0.0,0.0,0.0,0.0,0.0,0.0,battery2_v
2021-02-27T09:00:00Z,30.0,30.0,,,,,13496.6,13845.0,,,,12.086,12.171,,,,7097.0,7097.0,7097.0,,-5.464,52.533,,,,0.0,,,,,,,,,,7470.0,7499.0,0.0,0.0,30.0,0.0,30.0,0.0,30.0,0.0,0.0,18.0,0.0,0.0,0.0,0.0,0.0,0.0,battery2_v
2021-02-27T10:00:00Z,30.0,30.0,,,,,10071.933,13892.0,,,,12.048,12.1,,,,7097.0,7097.0,7097.0,,-13.833,48.9,,,,0.0,,,,,,,,,,7500.0,7529.0,0.0,0.0,30.0,0.0,30.0,0.0,30.0,0.0,0.0,11.0,0.0,0.0,0.0,0.0,0.0,0.0,battery2_v
2021-02-27T11:00:00Z,30.0,30.0,,,,,1569.133,2882.0,,,,12.072,12.091,,,,7097.0,7097.0,7097.0,,-3.167,70.933,,,,0.0,,,,,,,,,,7530.0,7559.0,0.0,0.0,30.0,0.0,30.0,0.0,30.0,0.0,0.0,30.0,0.0,0.0,0.0,0.0,0.0,0.0,battery2_v
2021-02-27T12:00:00Z,30.0,30.0,,,,,1341.067,1373.0,,,,12.058,12.081,,,,7097.0,7097.0,7097.0,,-2.762,82.367,,,,0.0,,,,,,,,,,7560.0,7589.0,0.0,0.0,30.0,0.0,30.0,0.0,30.0,0.0,0.0,30.0,0.0,0.0,0.0,0.0,0.0,0.0,battery2_v
2021-02-27T13:00:00Z,30.0,30.0,,,,,1406.6,1432.0,,,,12.048,12.067,,,,7097.0,7097.0,7097.0,,-2.0,92.233,,,,0.0,,,,,,,,,,7590.0,7619.0,0.0,0.0,30.0,0.0,30.0,0.0,30.0,0.0,0.0,30.0,0.0,0.0,0.0,0.0,0.0,0.0,battery2_v
2021-02-27T14:00:00Z,30.0,30.0,,,,,1413.9,1443.0,,,,12.039,12.058,,,,7097.0,7097.0,7097.0,,-2.037,89.7,,,,0.0,,,,,,,,,,7620.0,7649.0,0.0,0.0,30.0,0.0,30.0,0.0,30.0,0.0,0.0,30.0,0.0,0.0,0.0,0.0,0.0,0.0,battery2_v
2021-02-27T15:00:00Z,30.0,30.0,,,,,1424.3,1443.0,,,,12.034,12.048,,,,7097.0,7097.0,7097.0,,-2.148,87.333,,,,0.0,,,,,,,,,,7650.0,7679.0,0.0,0.0,30.0,0.0,30.0,0.0,30.0,0.0,0.0,30.0,0.0,0.0,0.0,0.0,0.0,0.0,battery2_v
2021-02-27T16:00:00Z,29.0,29.0,,,,,1432.655,1443.0,,,,12.029,12.043,,,,7097.0,7097.0,7097.0,,-2.172,87.586,,,,0.0,,,,,,,,,,7680.0,7708.0,0.0,0.0,29.0,0.0,29.0,0.0,29.0,0.0,0.0,29.0,0.0,0.0,0.0,0.0,0.0,0.0,battery2_v
2021-02-27T17:00:00Z,30.0,30.0,,,,,1435.167,1443.0,,,,12.029,12.039,,,,7097.0,7097.0,7097.0,,-1.944,94.733,,,,0.0,,,,,,,,,,7709.0,7738.0,0.0,0.0,30.0,0.0,30.0,0.0,30.0,0.0,0.0,30.0,0.0,0.0,0.0,0.0,0.0,0.0,battery2_v
2021-02-27T18:00:00Z,29.0,29.0,,,,,1436.897,1455.0,,,,12.024,12.039,,,,7097.0,7097.0,7097.0,,0.0,105.621,,,,0.0,,,,,,,,,,7739.0,7768.0,0.0,0.0,29.0,0.0,29.0,0.0,29.0,0.0,0.0,29.0,0.0,0.0,0.0,0.0,0.0,0.0,battery2_v
2021-02-27T19:00:00Z,30.0,30.0,,,,,1445.967,1467.0,,,,12.02,12.034,,,,7097.0,7097.0,7097.0,,-1.0,102.0,,,,0.0,,,,,,,,,,7769.0,7798.0,0.0,0.0,30.0,0.0,30.0,0.0,30.0,0.0,0.0,30.0,0.0,0.0,0.0,0.0,0.0,0.0,battery2_v
2021-02-27T20:00:00Z,29.0,29.0,,,,,1451.69,1467.0,,,,12.02,12.029,,,,7097.0,7097.0,7097.0,,0.0,103.586,,,,0.0,,,,,,,,,,7799.0,7828.0,0.0,0.0,29.0,0.0,29.0,0.0,29.0,0.0,0.0,29.0,0.0,0.0,0.0,0.0,0.0,0.0,battery2_v
2021-02-27T21:00:00Z,30.0,30.0,,,,,1463.667,1478.0,,,,12.015,12.029,,,,7097.0,7097.0,7097.0,,0.0,104.7,,,,0.0,,,,,,,,,,7829.0,7858.0,0.0,0.0,30.0,0.0,30.0,0.0,30.0,0.0,0.0,30.0,0.0,0.0,0.0,0.0,0.0,0.0,battery2_v
2021-02-27T22:00:00Z,29.0,29.0,,,,,1509.138,1900.0,,,,12.015,12.024,,,,7097.0,7097.0,7097.0,,0.0,104.172,,,,0.0,,,,,,,,,,7859.0,7887.0,0.0,0.0,29.0,0.0,29.0,0.0,29.0,0.0,0.0,29.0,0.0,0.0,0.0,0.0,0.0,0.0,battery2_v
2021-02-27T23:00:00Z,30.0,30.0,,,,,6184.867,14079.0,,,,11.873,12.024,,,,7097.0,7097.0,7097.0,,-30.357,84.167,,,,0.0,,,,,,,,,,7888.0,7917.0,0.0,0.0,30.0,0.0,30.0,0.0,30.0,0.0,7.0,23.0,0.0,0.0,0.0,0.0,0.0,0.0,battery2_v
2021-02-28T00:00:00Z,30.0,30.0,,,,,10241.533,13927.0,,,,11.991,12.058,,,,7097.0,7097.0,7097.0,,-0.158,101.433,,,,0.0,,,,,,,,,,7918.0,7947.0,0.0,0.0,30.0,0.0,30.0,0.0,30.0,0.0,0.0,30.0,0.0,0.0,0.0,0.0,0.0,0.0,battery2_v
2021-02-28T01:00:00Z,30.0,30.0,,,,,13900.567,14500.0,,,,12.024,12.119,,,,7097.0,7097.0,7097.0,,10.733,108.3,,,,0.0,,,,,,,,,,7948.0,7977.0,0.0,0.0,30.0,0.0,30.0,0.0,30.0,0.0,0.0,30.0,0.0,0.0,0.0,0.0,0.0,0.0,battery2_v
2021-02-28T02:00:00Z,30.0,30.0,,,,,13856.2,14512.0,,,,12.053,12.185,,,,7097.0,7097.0,7097.0,,22.3,111.333,,,,0.0,,,,,,,,,,7978.0,8007.0,0.0,0.0,30.0,0.0,30.0,0.0,30.0,0.0,0.0,30.0,0.0,0.0,0.0,0.0,0.0,0.0,battery2_v
2021-02-28T03:00:00Z,30.0,30.0,,,,,13750.833,14325.0,,,,12.1,12.285,,,,7097.0,7097.0,7097.0,,35.133,130.3,,,,0.0,,,,,,,,,,8008.0,8037.0,0.0,0.0,30.0,0.0,30.0,0.0,30.0,0.0,6.0,30.0,0.0,0.0,0.0,0.0,0.0,0.0,battery2_v
2021-02-28T04:00:00Z,29.0,29.0,,,,,13605.966,13705.0,,,,12.199,12.389,,,,7097.0,7097.0,7097.0,,47.931,156.31,,,,0.0,,,,,,,,,,8038.0,8067.0,0.0,0.0,29.0,0.0,29.0,0.0,29.0,0.0,9.0,29.0,0.0,0.0,0.0,0.0,0.0,0.0,battery2_v
2021-02-28T05:00:00Z,30.0,30.0,,,,,13625.633,14325.0,,,,12.181,12.417,,,,7097.0,7097.0,7097.0,,45.733,138.733,,,,0.0,,,,,,,,,,8068.0,8097.0,0.0,0.0,30.0,0.0,30.0,0.0,30.0,0.0,14.0,30.0,0.0,0.0,0.0,0.0,0.0,0.0,battery2_v
2021-02-28T06:00:00Z,29.0,29.0,,,,,13700.414,14325.0,,,,12.166,12.351,,,,7097.0,7097.0,7097.0,,28.931,117.069,,,,0.0,,,,,,,,,,8098.0,8126.0,0.0,0.0,29.0,0.0,29.0,0.0,29.0,0.0,2.0,29.0,0.0,0.0,0.0,0.0,0.0,0.0,battery2_v
2021-02-28T07:00:00Z,29.0,29.0,,,,,13634.276,14278.0,,,,12.162,12.441,,,,7097.0,7097.0,7097.0,,39.172,119.103,,,,0.0,,,,,,,,,,8127.0,8156.0,0.0,0.0,29.0,0.0,29.0,0.0,29.0,0.0,6.0,29.0,0.0,0.0,0.0,0.0,0.0,0.0,battery2_v
2021-02-28T08:00:00Z,30.0,30.0,,,,,13776.567,13857.0,,,,12.091,12.223,,,,7097.0,7097.0,7097.0,,3.345,75.933,,,,0.0,,,,,,,,,,8157.0,8186.0,0.0,0.0,30.0,0.0,30.0,0.0,30.0,0.0,0.0,28.0,0.0,0.0,0.0,0.0,0.0,0.0,battery2_v
2021-02-28T09:00:00Z,30.0,30.0,,,,,13871.7,14395.0,,,,12.048,12.11,,,,7097.0,7097.0,7097.0,,-4.5,55.067,,,,0.0,,,,,,,,,,8187.0,8216.0,0.0,0.0,30.0,0.0,30.0,0.0,30.0,0.0,0.0,20.0,0.0,0.0,0.0,0.0,0.0,0.0,battery2_v
2021-02-28T10:00:00Z,29.0,29.0,,,,,9344.276,13927.0,,,,12.001,12.058,,,,7097.0,7097.0,7097.0,,-13.034,42.862,,,,0.0,,,,,,,,,,8217.0,8246.0,0.0,0.0,29.0,0.0,29.0,0.0,29.0,0.0,0.0,12.0,0.0,0.0,0.0,0.0,0.0,0.0,battery2_v
2021-02-28T11:00:00Z,29.0,29.0,,,,,1678.207,2765.0,,,,12.024,12.043,,,,7097.0,7097.0,7097.0,,-4.034,61.655,,,,0.0,,,,,,,,,,8247.0,8275.0,0.0,0.0,29.0,0.0,29.0,0.0,29.0,0.0,0.0,29.0,0.0,0.0,0.0,0.0,0.0,0.0,battery2_v
2021-02-28T12:00:00Z,30.0,30.0,,,,,1448.6,1467.0,,,,12.015,12.029,,,,7097.0,7097.0,7097.0,,-3.767,68.467,,,,0.0,,,,,,,,,,8276.0,8305.0,0.0,0.0,30.0,0.0,30.0,0.0,30.0,0.0,0.0,30.0,0.0,0.0,0.0,0.0,0.0,0.0,battery2_v
2021-02-28T13:00:00Z,30.0,30.0,,,,,1472.1,1490.0,,,,12.01,12.024,,,,7097.0,7097.0,7097.0,,-3.125,81.6,,,,0.0,,,,,,,,,,8306.0,8335.0,0.0,0.0,30.0,0.0,30.0,0.0,30.0,0.0,0.0,30.0,0.0,0.0,0.0,0.0,0.0,0.0,battery2_v
2021-02-28T14:00:00Z,30.0,30.0,,,,,1476.7,1502.0,,,,12.005,12.02,,,,7097.0,7097.0,7097.0,,-2.0,97.233,,,,0.0,,,,,,,,,,8336.0,8365.0,0.0,0.0,30.0,0.0,30.0,0.0,30.0,0.0,0.0,30.0,0.0,0.0,0.0,0.0,0.0,0.0,battery2_v
2021-02-28T15:00:00Z,30.0,30.0,,,,,1487.2,1502.0,,,,12.001,12.015,,,,7097.0,7097.0,7097.0,,-2.038,91.433,,,,0.0,,,,,,,,,,8366.0,8395.0,0.0,0.0,30.0,0.0,30.0,0.0,30.0,0.0,0.0,30.0,0.0,0.0,0.0,0.0,0.0,0.0,battery2_v
2021-02-28T16:00:00Z,29.0,29.0,,,,,1497.414,1513.0,,,,12.001,12.015,,,,7097.0,7097.0,7097.0,,-1.0,106.138,,,,0.0,,,,,,,,,,8396.0,8425.0,0.0,0.0,29.0,0.0,29.0,0.0,29.0,0.0,0.0,29.0,0.0,0.0,0.0,0.0,0.0,0.0,battery2_v
2021-02-28T17:00:00Z,29.0,29.0,,,,,1506.931,1525.0,,,,11.991,12.01,,,,7097.0,7097.0,7097.0,,-2.0,98.241,,,,0.0,,,,,,,,,,8426.0,8454.0,0.0,0.0,29.0,0.0,29.0,0.0,29.0,0.0,0.0,29.0,0.0,0.0,0.0,0.0,0.0,0.0,battery2_v
2021-02-28T18:00:00Z,30.0,30.0,,,,,1507.567,1525.0,,,,11.991,12.005,,,,7097.0,7097.0,7097.0,,-2.0,96.267,,,,0.0,,,,,,,,,,8455.0,8484.0,0.0,0.0,30.0,0.0,30.0,0.0,30.0,0.0,0.0,30.0,0.0,0.0,0.0,0.0,0.0,0.0,battery2_v
2021-02-28T19:00:00Z,29.0,29.0,,,,,1512.759,1525.0,,,,11.991,12.005,,,,7097.0,7097.0,7097.0,,-2.0,97.655,,,,0.0,,,,,,,,,,8485.0,8514.0,0.0,0.0,29.0,0.0,29.0,0.0,29.0,0.0,0.0,29.0,0.0,0.0,0.0,0.0,0.0,0.0,battery2_v
2021-02-28T20:00:00Z,30.0,30.0,,,,,1519.4,1537.0,,,,11.987,12.001,,,,7097.0,7097.0,7097.0,,-2.0,98.433,,,,0.0,,,,,,,,,,8515.0,8544.0,0.0,0.0,30.0,0.0,30.0,0.0,30.0,0.0,0.0,30.0,0.0,0.0,0.0,0.0,0.0,0.0,battery2_v
2021-02-28T21:00:00Z,30.0,30.0,,,,,1526.2,1537.0,,,,11.982,11.996,,,,7097.0,7097.0,7097.0,,-1.5,101.333,,,,0.0,,,,,,,,,,8545.0,8574.0,0.0,0.0,30.0,0.0,30.0,0.0,30.0,0.0,0.0,30.0,0.0,0.0,0.0,0.0,0.0,0.0,battery2_v
2021-02-28T22:00:00Z,30.0,30.0,,,,,1586.367,2157.0,,,,11.982,11.996,,,,7097.0,7097.0,7097.0,,-2.0,102.033,,,,0.0,,,,,,,,,,8575.0,8604.0,0.0,0.0,30.0,0.0,30.0,0.0,30.0,0.0,0.0,30.0,0.0,0.0,0.0,0.0,0.0,0.0,battery2_v
2021-02-28T23:00:00Z,30.0,30.0,,,,,10269.633,14103.0,,,,11.845,11.991,,,,7097.0,7097.0,7097.0,,-30.389,74.133,,,,0.0,,,,,,,,,,8605.0,8634.0,0.0,0.0,30.0,0.0,30.0,0.0,30.0,0.0,6.0,24.0,0.0,0.0,0.0,0.0,0.0,0.0,battery2_v
2021-03-01T00:00:00Z,28.0,28.0,,,,,13946.929,14536.0,,,,11.963,12.001,,,,7097.0,7097.0,7097.0,,-1.64,87.714,,,,0.0,,,,,,,,,,8635.0,8663.0,0.0,0.0,28.0,0.0,28.0,0.0,28.0,0.0,0.0,28.0,0.0,0.0,0.0,0.0,0.0,0.0,battery2_v
2021-03-01T01:00:00Z,30.0,30.0,,,,,13919.133,14044.0,,,,11.982,12.1,,,,7097.0,7097.0,7097.0,,8.333,84.5,,,,0.0,,,,,,,,,,8664.0,8693.0,0.0,0.0,30.0,0.0,30.0,0.0,30.0,0.0,0.0,30.0,0.0,0.0,0.0,0.0,0.0,0.0,battery2_v
2021-03-01T02:00:00Z,30.0,30.0,,,,,13715.033,14465.0,,,,12.114,12.294,,,,7097.0,7097.0,7097.0,,50.5,120.567,,,,0.0,,,,,,,,,,8694.0,8723.0,0.0,0.0,30.0,0.0,30.0,0.0,30.0,0.0,16.0,30.0,0.0,0.0,0.0,0.0,0.0,0.0,battery2_v
2021-03-01T03:00:00Z,22.0,22.0,,,,,13732.409,14302.0,,,,12.166,12.318,,,,7097.0,7097.0,7097.0,,36.227,93.273,,,,0.0,,,,,,,,,,8724.0,8752.0,0.0,0.0,22.0,0.0,22.0,0.0,22.0,0.0,4.0,22.0,0.0,0.0,0.0,0.0,0.0,0.0,battery2_v
2021-03-01T04:00:00Z,30.0,30.0,,,,,13733.8,13775.0,,,,12.152,12.218,,,,7097.0,7097.0,7097.0,,23.833,76.767,,,,0.0,,,,,,,,,,8753.0,8782.0,0.0,0.0,30.0,0.0,30.0,0.0,30.0,0.0,0.0,30.0,0.0,0.0,0.0,0.0,0.0,0.0,battery2_v
2021-03-01T05:00:00Z,29.0,29.0,,,,,13716.172,13822.0,,,,12.114,12.36,,,,7097.0,7097.0,7097.0,,28.964,73.862,,,,0.0,,,,,,,,,,8783.0,8811.0,0.0,0.0,29.0,0.0,29.0,0.0,29.0,0.0,2.0,27.0,0.0,0.0,0.0,0.0,0.0,0.0,battery2_v
2021-03-01T06:00:00Z,30.0,30.0,,,,,13637.3,14278.0,,,,12.199,12.365,,,,7097.0,7097.0,7097.0,,49.0,90.3,,,,0.0,,,,,,,,,,8812.0,8841.0,0.0,0.0,30.0,0.0,30.0,0.0,30.0,0.0,19.0,27.0,0.0,0.0,0.0,0.0,0.0,0.0,battery2_v
2021-03-01T07:00:00Z,30.0,30.0,,,,,13785.167,14372.0,,,,12.147,12.28,,,,7097.0,7097.0,7097.0,,20.567,50.067,,,,0.0,,,,,,,,,,8842.0,8871.0,0.0,0.0,30.0,0.0,30.0,0.0,30.0,0.0,0.0,11.0,0.0,0.0,0.0,0.0,0.0,0.0,battery2_v
2021-03-01T08:00:00Z,29.0,29.0,,,,,13849.379,14430.0,,,,12.072,12.143,,,,7097.0,7097.0,7097.0,,3.259,28.31,,,,0.0,,,,,,,,,,8872.0,8901.0,0.0,0.0,29.0,0.0,29.0,0.0,29.0,0.0,0.0,0.0,0.0,0.0,0.0,0.0,0.0,0.0,battery2_v
2021-03-01T09:00:00Z,30.0,30.0,,,,,13519.2,13915.0,,,,12.02,12.076,,,,7097.0,7097.0,7097.0,,-8.655,18.167,,,,0.0,,,,,,,,,,8902.0,8931.0,0.0,0.0,30.0,0.0,30.0,0.0,30.0,0.0,0.0,0.0,0.0,0.0,0.0,0.0,0.0,0.0,battery2_v
2021-03-01T10:00:00Z,30.0,30.0,,,,,9068.133,13951.0,,,,11.982,12.024,,,,7097.0,7097.0,7097.0,,-13.533,27.0,,,,0.0,,,,,,,,,,8932.0,8961.0,0.0,0.0,30.0,0.0,30.0,0.0,30.0,0.0,0.0,6.0,0.0,0.0,0.0,0.0,0.0,0.0,battery2_v
2021-03-01T11:00:00Z,30.0,30.0,,,,,1773.933,2988.0,,,,11.991,12.02,,,,7097.0,7097.0,7097.0,,-5.033,55.767,,,,0.0,,,,,,,,,,8962.0,8991.0,0.0,0.0,30.0,0.0,30.0,0.0,30.0,0.0,0.0,25.0,0.0,0.0,0.0,0.0,0.0,0.0,battery2_v
2021-03-01T12:00:00Z,27.0,27.0,,,,,1515.778,1537.0,,,,11.982,12.005,,,,7097.0,7097.0,7097.0,,-4.815,55.889,,,,0.0,,,,,,,,,,8992.0,9020.0,0.0,0.0,27.0,0.0,27.0,0.0,27.0,0.0,0.0,21.0,0.0,0.0,0.0,0.0,0.0,0.0,battery2_v
2021-03-01T13:00:00Z,30.0,30.0,,,,,1530.6,1537.0,,,,11.977,11.991,,,,7097.0,7097.0,7097.0,,-4.2,63.5,,,,0.0,,,,,,,,,,9021.0,9050.0,0.0,0.0,30.0,0.0,30.0,0.0,30.0,0.0,0.0,30.0,0.0,0.0,0.0,0.0,0.0,0.0,battery2_v
2021-03-01T14:00:00Z,30.0,30.0,,,,,1545.233,1560.0,,,,11.972,11.987,,,,7097.0,7097.0,7097.0,,-3.433,71.467,,,,0.0,,,,,,,,,,9051.0,9080.0,0.0,0.0,30.0,0.0,30.0,0.0,30.0,0.0,0.0,30.0,0.0,0.0,0.0,0.0,0.0,0.0,battery2_v
2021-03-01T15:00:00Z,29.0,29.0,,,,,1558.241,1572.0,,,,11.972,11.982,,,,7097.0,7097.0,7097.0,,-3.172,74.759,,,,0.0,,,,,,,,,,9081.0,9110.0,0.0,0.0,29.0,0.0,29.0,0.0,29.0,0.0,0.0,29.0,0.0,0.0,0.0,0.0,0.0,0.0,battery2_v
2021-03-01T16:00:00Z,30.0,30.0,,,,,1557.167,1572.0,,,,11.968,11.977,,,,7097.0,7097.0,7097.0,,-2.7,80.0,,,,0.0,,,,,,,,,,9111.0,9140.0,0.0,0.0,30.0,0.0,30.0,0.0,30.0,0.0,0.0,30.0,0.0,0.0,0.0,0.0,0.0,0.0,battery2_v
2021-03-01T17:00:00Z,28.0,28.0,,,,,1563.0,1572.0,,,,11.963,11.977,,,,7097.0,7097.0,7097.0,,-2.643,82.286,,,,0.0,,,,,,,,,,9141.0,9169.0,0.0,0.0,28.0,0.0,28.0,0.0,28.0,0.0,0.0,28.0,0.0,0.0,0.0,0.0,0.0,0.0,battery2_v
2021-03-01T18:00:00Z,30.0,30.0,,,,,1568.8,1584.0,,,,11.963,11.977,,,,7097.0,7097.0,7097.0,,-2.267,84.6,,,,0.0,,,,,,,,,,9170.0,9199.0,0.0,0.0,30.0,0.0,30.0,0.0,30.0,0.0,0.0,30.0,0.0,0.0,0.0,0.0,0.0,0.0,battery2_v
2021-03-01T19:00:00Z,30.0,30.0,,,,,1573.6,1584.0,,,,11.958,11.972,,,,7097.0,7097.0,7097.0,,-2.069,86.5,,,,0.0,,,,,,,,,,9200.0,9229.0,0.0,0.0,30.0,0.0,30.0,0.0,30.0,0.0,0.0,30.0,0.0,0.0,0.0,0.0,0.0,0.0,battery2_v
2021-03-01T20:00:00Z,30.0,30.0,,,,,1581.133,1595.0,,,,11.958,11.968,,,,7097.0,7097.0,7097.0,,-2.038,88.533,,,,0.0,,,,,,,,,,9230.0,9259.0,0.0,0.0,30.0,0.0,30.0,0.0,30.0,0.0,0.0,30.0,0.0,0.0,0.0,0.0,0.0,0.0,battery2_v
2021-03-01T21:00:00Z,29.0,29.0,,,,,1591.241,1607.0,,,,11.953,11.963,,,,7097.0,7097.0,7097.0,,-2.0,85.828,,,,0.0,,,,,,,,,,9260.0,9289.0,0.0,0.0,29.0,0.0,29.0,0.0,29.0,0.0,0.0,29.0,0.0,0.0,0.0,0.0,0.0,0.0,battery2_v
2021-03-01T22:00:00Z,30.0,30.0,,,,,1697.9,2660.0,,,,11.953,11.963,,,,7097.0,7097.0,7097.0,,-2.0,91.033,,,,0.0,,,,,,,,,,9290.0,9319.0,0.0,0.0,30.0,0.0,30.0,0.0,30.0,0.0,0.0,30.0,0.0,0.0,0.0,0.0,0.0,0.0,battery2_v
2021-03-01T23:00:00Z,29.0,29.0,,,,,11227.241,14138.0,,,,11.811,11.958,,,,7097.0,7097.0,7097.0,,-22.0,63.345,,,,0.0,,,,,,,,,,9320.0,9348.0,0.0,0.0,29.0,0.0,29.0,0.0,29.0,0.0,5.0,22.0,0.0,0.0,0.0,0.0,0.0,0.0,battery2_v
2021-03-02T00:00:00Z,30.0,30.0,,,,,13986.033,14032.0,,,,11.916,11.991,,,,7097.0,7097.0,7097.0,,-0.7,84.3,,,,0.0,,,,,,,,,,9349.0,9378.0,0.0,0.0,30.0,0.0,30.0,0.0,30.0,0.0,0.0,30.0,0.0,0.0,0.0,0.0,0.0,0.0,battery2_v
2021-03-02T01:00:00Z,30.0,30.0,,,,,13892.3,13939.0,,,,11.996,12.119,,,,7097.0,7097.0,7097.0,,21.3,110.8,,,,0.0,,,,,,,,,,9379.0,9408.0,0.0,0.0,30.0,0.0,30.0,0.0,30.0,0.0,0.0,30.0,0.0,0.0,0.0,0.0,0.0,0.0,battery2_v
2021-03-02T02:00:00Z,29.0,29.0,,,,,13835.552,14454.0,,,,12.058,12.147,,,,7097.0,7097.0,7097.0,,32.931,120.828,,,,0.0,,,,,,,,,,9409.0,9438.0,0.0,0.0,29.0,0.0,29.0,0.0,29.0,0.0,0.0,29.0,0.0,0.0,0.0,0.0,0.0,0.0,battery2_v
2021-03-02T03:00:00Z,30.0,30.0,,,,,13775.133,14419.0,,,,12.128,12.251,,,,7097.0,7097.0,7097.0,,37.133,114.2,,,,0.0,,,,,,,,,,9439.0,9468.0,0.0,0.0,30.0,0.0,30.0,0.0,30.0,0.0,2.0,30.0,0.0,0.0,0.0,0.0,0.0,0.0,battery2_v
2021-03-02T04:00:00Z,30.0,30.0,,,,,13777.367,14372.0,,,,12.124,12.242,,,,7097.0,7097.0,7097.0,,33.633,106.633,,,,0.0,,,,,,,,,,9469.0,9498.0,0.0,0.0,30.0,0.0,30.0,0.0,30.0,0.0,1.0,30.0,0.0,0.0,0.0,0.0,0.0,0.0,battery2_v
2021-03-02T05:00:00Z,28.0,28.0,,,,,13754.536,14395.0,,,,12.143,12.256,,,,7097.0,7097.0,7097.0,,36.5,104.75,,,,0.0,,,,,,,,,,9499.0,9527.0,0.0,0.0,28.0,0.0,28.0,0.0,28.0,0.0,0.0,28.0,0.0,0.0,0.0,0.0,0.0,0.0,battery2_v
2021-03-02T06:00:00Z,30.0,30.0,,,,,13708.333,13740.0,,,,12.176,12.256,,,,7097.0,7097.0,7097.0,,34.167,97.2,,,,0.0,,,,,,,,,,9528.0,9557.0,0.0,0.0,30.0,0.0,30.0,0.0,30.0,0.0,0.0,30.0,0.0,0.0,0.0,0.0,0.0,0.0,battery2_v
2021-03-02T07:00:00Z,30.0,30.0,,,,,13782.467,14419.0,,,,12.114,12.242,,,,7097.0,7097.0,7097.0,,21.733,74.967,,,,0.0,,,,,,,,,,9558.0,9587.0,0.0,0.0,30.0,0.0,30.0,0.0,30.0,0.0,0.0,30.0,0.0,0.0,0.0,0.0,0.0,0.0,battery2_v
2021-03-02T08:00:00Z,30.0,30.0,,,,,13883.467,14500.0,,,,12.043,12.138,,,,7097.0,7097.0,7097.0,,4.414,44.867,,,,0.0,,,,,,,,,,9588.0,9617.0,0.0,0.0,30.0,0.0,30.0,0.0,30.0,0.0,0.0,5.0,0.0,0.0,0.0,0.0,0.0,0.0,battery2_v
2021-03-02T09:00:00Z,30.0,30.0,,,,,13922.0,13962.0,,,,11.972,12.039,,,,7097.0,7097.0,7097.0,,-7.821,30.833,,,,0.0,,,,,,,,,,9618.0,9647.0,0.0,0.0,30.0,0.0,30.0,0.0,30.0,0.0,0.0,0.0,0.0,0.0,0.0,0.0,0.0,0.0,battery2_v
2021-03-02T10:00:00Z,30.0,30.0,,,,,10563.4,14021.0,,,,11.935,11.977,,,,7097.0,7097.0,7097.0,,-13.167,48.133,,,,0.0,,,,,,,,,,9648.0,9677.0,0.0,0.0,30.0,0.0,30.0,0.0,30.0,0.0,0.0,11.0,0.0,0.0,0.0,0.0,0.0,0.0,battery2_v
2021-03-02T11:00:00Z,28.0,28.0,,,,,1784.643,2812.0,,,,11.958,11.972,,,,7097.0,7097.0,7097.0,,-2.714,76.857,,,,0.0,,,,,,,,,,9678.0,9706.0,0.0,0.0,28.0,0.0,28.0,0.0,28.0,0.0,0.0,28.0,0.0,0.0,0.0,0.0,0.0,0.0,battery2_v
2021-03-02T12:00:00Z,30.0,30.0,,,,,1601.533,1619.0,,,,11.953,11.963,,,,7097.0,7097.0,7097.0,,-2.034,89.9,,,,0.0,,,,,,,,,,9707.0,9736.0,0.0,0.0,30.0,0.0,30.0,0.0,30.0,0.0,0.0,30.0,0.0,0.0,0.0,0.0,0.0,0.0,battery2_v
2021-03-02T13:00:00Z,30.0,30.0,,,,,1618.3,1630.0,,,,11.944,11.958,,,,7097.0,7097.0,7097.0,,-2.533,78.933,,,,0.0,,,,,,,,,,9737.0,9766.0,0.0,0.0,30.0,0.0,30.0,0.0,30.0,0.0,0.0,30.0,0.0,0.0,0.0,0.0,0.0,0.0,battery2_v
2021-03-02T14:00:00Z,29.0,29.0,,,,,1621.897,1642.0,,,,11.935,11.953,,,,7097.0,7097.0,7097.0,,-3.0,75.862,,,,0.0,,,,,,,,,,9767.0,9796.0,0.0,0.0,29.0,0.0,29.0,0.0,29.0,0.0,0.0,29.0,0.0,0.0,0.0,0.0,0.0,0.0,battery2_v
2021-03-02T15:00:00Z,26.0,26.0,,,,,1631.962,1642.0,,,,11.93,11.949,,,,7097.0,7097.0,7097.0,,-2.962,75.692,,,,0.0,,,,,,,,,,9797.0,9825.0,0.0,0.0,26.0,0.0,26.0,0.0,26.0,0.0,0.0,26.0,0.0,0.0,0.0,0.0,0.0,0.0,battery2_v
2021-03-02T16:00:00Z,29.0,29.0,,,,,1633.414,1654.0,,,,11.93,11.944,,,,7097.0,7097.0,7097.0,,-2.828,79.172,,,,0.0,,,,,,,,,,9826.0,9855.0,0.0,0.0,29.0,0.0,29.0,0.0,29.0,0.0,0.0,29.0,0.0,0.0,0.0,0.0,0.0,0.0,battery2_v
2021-03-02T17:00:00Z,30.0,30.0,,,,,1643.6,1654.0,,,,11.93,11.944,,,,7097.0,7097.0,7097.0,,-2.633,79.5,,,,0.0,,,,,,,,,,9856.0,9885.0,0.0,0.0,30.0,0.0,30.0,0.0,30.0,0.0,0.0,30.0,0.0,0.0,0.0,0.0,0.0,0.0,battery2_v
2021-03-02T18:00:00Z,30.0,30.0,,,,,1649.2,1666.0,,,,11.925,11.944,,,,7097.0,7097.0,7097.0,,-2.3,84.3,,,,0.0,,,,,,,,,,9886.0,9915.0,0.0,0.0,30.0,0.0,30.0,0.0,30.0,0.0,0.0,30.0,0.0,0.0,0.0,0.0,0.0,0.0,battery2_v
2021-03-02T19:00:00Z,26.0,26.0,,,,,1645.231,1666.0,,,,11.93,11.944,,,,7097.0,7097.0,7097.0,,0.0,75.692,,,,0.0,,,,,,,,,,9916.0,9944.0,0.0,0.0,26.0,0.0,26.0,0.0,26.0,0.0,0.0,26.0,0.0,0.0,0.0,0.0,0.0,0.0,battery2_v
2021-03-02T20:00:00Z,29.0,29.0,,,,,1654.828,1666.0,,,,11.925,11.939,,,,7097.0,7097.0,7097.0,,-0.182,73.655,,,,0.0,,,,,,,,,,9945.0,9974.0,0.0,0.0,29.0,0.0,29.0,0.0,29.0,0.0,0.0,29.0,0.0,0.0,0.0,0.0,0.0,0.0,battery2_v
2021-03-02T21:00:00Z,30.0,30.0,,,,,1659.5,1689.0,,,,11.92,11.935,,,,7097.0,7097.0,7097.0,,0.0,77.867,,,,0.0,,,,,,,,,,9975.0,10004.0,0.0,0.0,30.0,0.0,30.0,0.0,30.0,0.0,0.0,30.0,0.0,0.0,0.0,0.0,0.0,0.0,battery2_v
2021-03-02T22:00:00Z,30.0,30.0,,,,,1763.967,2683.0,,,,11.92,11.935,,,,7097.0,7097.0,7097.0,,0.0,82.467,,,,0.0,,,,,,,,,,10005.0,10034.0,0.0,0.0,30.0,0.0,30.0,0.0,30.0,0.0,0.0,30.0,0.0,0.0,0.0,0.0,0.0,0.0,battery2_v
2021-03-02T23:00:00Z,30.0,30.0,,,,,10752.567,14185.0,,,,11.783,11.93,,,,7097.0,7097.0,7097.0,,-17.448,62.633,,,,0.0,,,,,,,,,,10035.0,10064.0,0.0,0.0,30.0,0.0,30.0,0.0,30.0,0.0,6.0,23.0,0.0,0.0,0.0,0.0,0.0,0.0,battery2_v
2021-03-03T00:00:00Z,29.0,29.0,,,,,14072.345,14641.0,,,,11.892,11.953,,,,7097.0,7097.0,7097.0,,1.517,89.552,,,,0.0,,,,,,,,,,10065.0,10094.0,0.0,0.0,29.0,0.0,29.0,0.0,29.0,0.0,0.0,29.0,0.0,0.0,0.0,0.0,0.0,0.0,battery2_v
2021-03-03T01:00:00Z,29.0,29.0,,,,,13994.172,14021.0,,,,11.935,11.968,,,,7097.0,7097.0,7097.0,,10.0,95.276,,,,0.0,,,,,,,,,,10095.0,10123.0,0.0,0.0,29.0,0.0,29.0,0.0,29.0,0.0,0.0,29.0,0.0,0.0,0.0,0.0,0.0,0.0,battery2_v
2021-03-03T02:00:00Z,30.0,30.0,,,,,13950.333,14009.0,,,,11.949,12.01,,,,7097.0,7097.0,7097.0,,16.633,90.267,,,,0.0,,,,,,,,,,10124.0,10153.0,0.0,0.0,30.0,0.0,30.0,0.0,30.0,0.0,0.0,30.0,0.0,0.0,0.0,0.0,0.0,0.0,battery2_v
2021-03-03T03:00:00Z,30.0,30.0,,,,,13957.633,14594.0,,,,11.987,12.015,,,,7097.0,7097.0,7097.0,,17.267,79.467,,,,0.0,,,,,,,,,,10154.0,10183.0,0.0,0.0,30.0,0.0,30.0,0.0,30.0,0.0,0.0,30.0,0.0,0.0,0.0,0.0,0.0,0.0,battery2_v
2021-03-03T04:00:00Z,30.0,30.0,,,,,13915.767,13939.0,,,,11.996,12.1,,,,7097.0,7097.0,7097.0,,20.2,71.7,,,,0.0,,,,,,,,,,10184.0,10213.0,0.0,0.0,30.0,0.0,30.0,0.0,30.0,0.0,0.0,30.0,0.0,0.0,0.0,0.0,0.0,0.0,battery2_v
2021-03-03T05:00:00Z,29.0,29.0,,,,,13870.31,14465.0,,,,12.024,12.143,,,,7097.0,7097.0,7097.0,,28.828,71.103,,,,0.0,,,,,,,,,,10214.0,10242.0,0.0,0.0,29.0,0.0,29.0,0.0,29.0,0.0,1.0,27.0,0.0,0.0,0.0,0.0,0.0,0.0,battery2_v
2021-03-03T06:00:00Z,30.0,30.0,,,,,13854.567,14477.0,,,,12.015,12.181,,,,7097.0,7097.0,7097.0,,29.31,64.567,,,,0.0,,,,,,,,,,10243.0,10272.0,0.0,0.0,30.0,0.0,30.0,0.0,30.0,0.0,2.0,25.0,0.0,0.0,0.0,0.0,0.0,0.0,battery2_v
2021-03-03T07:00:00Z,30.0,30.0,,,,,13835.6,13880.0,,,,12.072,12.157,,,,7097.0,7097.0,7097.0,,22.733,54.2,,,,0.0,,,,,,,,,,10273.0,10302.0,0.0,0.0,30.0,0.0,30.0,0.0,30.0,0.0,0.0,17.0,0.0,0.0,0.0,0.0,0.0,0.0,battery2_v
2021-03-03T08:00:00Z,30.0,30.0,,,,,13900.6,14536.0,,,,11.996,12.133,,,,7097.0,7097.0,7097.0,,10.759,39.133,,,,0.0,,,,,,,,,,10303.0,10332.0,0.0,0.0,30.0,0.0,30.0,0.0,30.0,0.0,0.0,6.0,0.0,0.0,0.0,0.0,0.0,0.0,battery2_v
2021-03-03T09:00:00Z,30.0,30.0,,,,,13615.967,14009.0,,,,11.944,12.058,,,,7097.0,7097.0,7097.0,,3.107,31.4,,,,0.0,,,,,,,,,,10333.0,10362.0,0.0,0.0,30.0,0.0,30.0,0.0,30.0,0.0,0.0,1.0,0.0,0.0,0.0,0.0,0.0,0.0,battery2_v
2021-03-03T10:00:00Z,30.0,30.0,,,,,11015.767,14091.0,,,,11.868,11.944,,,,7097.0,7097.0,7097.0,,-16.8,21.0,,,,0.0,,,,,,,,,,10363.0,10392.0,0.0,0.0,30.0,0.0,30.0,0.0,30.0,0.0,1.0,0.0,0.0,0.0,0.0,0.0,0.0,0.0,battery2_v
2021-03-03T11:00:00Z,28.0,28.0,,,,,1950.143,3151.0,,,,11.906,11.92,,,,7097.0,7097.0,7097.0,,-5.893,46.107,,,,0.0,,,,,,,,,,10393.0,10421.0,0.0,0.0,28.0,0.0,28.0,0.0,28.0,0.0,0.0,5.0,0.0,0.0,0.0,0.0,0.0,0.0,battery2_v
2021-03-03T12:00:00Z,30.0,30.0,,,,,1691.367,1712.0,,,,11.906,11.92,,,,7097.0,7097.0,7097.0,,-3.167,44.567,,,,0.0,,,,,,,,,,10422.0,10451.0,0.0,0.0,30.0,0.0,30.0,0.0,30.0,0.0,0.0,3.0,0.0,0.0,0.0,0.0,0.0,0.0,battery2_v
2021-03-03T13:00:00Z,30.0,30.0,,,,,1696.133,1712.0,,,,11.906,11.92,,,,7097.0,7097.0,7097.0,,-2.6,47.533,,,,0.0,,,,,,,,,,10452.0,10481.0,0.0,0.0,30.0,0.0,30.0,0.0,30.0,0.0,0.0,8.0,0.0,0.0,0.0,0.0,0.0,0.0,battery2_v
2021-03-03T14:00:00Z,29.0,29.0,,,,,1708.69,1724.0,,,,11.901,11.911,,,,7097.0,7097.0,7097.0,,-2.483,49.759,,,,0.0,,,,,,,,,,10482.0,10510.0,0.0,0.0,29.0,0.0,29.0,0.0,29.0,0.0,0.0,12.0,0.0,0.0,0.0,0.0,0.0,0.0,battery2_v
2021-03-03T15:00:00Z,29.0,29.0,,,,,1721.931,1736.0,,,,11.897,11.906,,,,7097.0,7097.0,7097.0,,-2.207,50.655,,,,0.0,,,,,,,,,,10511.0,10539.0,0.0,0.0,29.0,0.0,29.0,0.0,29.0,0.0,0.0,15.0,0.0,0.0,0.0,0.0,0.0,0.0,battery2_v
2021-03-03T16:00:00Z,30.0,30.0,,,,,1722.067,1736.0,,,,11.892,11.906,,,,7097.0,7097.0,7097.0,,-2.167,55.133,,,,0.0,,,,,,,,,,10541.0,10570.0,0.0,0.0,30.0,0.0,30.0,0.0,30.0,0.0,0.0,26.0,0.0,0.0,0.0,0.0,0.0,0.0,battery2_v
2021-03-03T17:00:00Z,30.0,30.0,,,,,1725.6,1736.0,,,,11.892,11.901,,,,7097.0,7097.0,7097.0,,-2.0,59.767,,,,0.0,,,,,,,,,,10571.0,10600.0,0.0,0.0,30.0,0.0,30.0,0.0,30.0,0.0,0.0,28.0,0.0,0.0,0.0,0.0,0.0,0.0,battery2_v
2021-03-03T18:00:00Z,30.0,30.0,,,,,1734.233,1747.0,,,,11.892,11.901,,,,7097.0,7097.0,7097.0,,-2.0,62.967,,,,0.0,,,,,,,,,,10601.0,10630.0,0.0,0.0,30.0,0.0,30.0,0.0,30.0,0.0,0.0,30.0,0.0,0.0,0.0,0.0,0.0,0.0,battery2_v
2021-03-03T19:00:00Z,30.0,30.0,,,,,1739.667,1759.0,,,,11.882,11.901,,,,7097.0,7097.0,7097.0,,-2.0,66.267,,,,0.0,,,,,,,,,,10631.0,10660.0,0.0,0.0,30.0,0.0,30.0,0.0,30.0,0.0,0.0,30.0,0.0,0.0,0.0,0.0,0.0,0.0,battery2_v
2021-03-03T20:00:00Z,28.0,28.0,,,,,1765.857,1771.0,,,,11.887,11.897,,,,7097.0,7097.0,7097.0,,0.0,71.964,,,,0.0,,,,,,,,,,10661.0,10689.0,0.0,0.0,28.0,0.0,28.0,0.0,28.0,0.0,0.0,28.0,0.0,0.0,0.0,0.0,0.0,0.0,battery2_v
2021-03-03T21:00:00Z,30.0,30.0,,,,,1775.367,1794.0,,,,11.882,11.897,,,,7097.0,7097.0,7097.0,,0.0,75.467,,,,0.0,,,,,,,,,,10690.0,10719.0,0.0,0.0,30.0,0.0,30.0,0.0,30.0,0.0,0.0,30.0,0.0,0.0,0.0,0.0,0.0,0.0,battery2_v
2021-03-03T22:00:00Z,30.0,30.0,,,,,1855.633,2414.0,,,,11.878,11.892,,,,7097.0,7097.0,7097.0,,-0.143,73.567,,,,0.0,,,,,,,,,,10720.0,10749.0,0.0,0.0,30.0,0.0,30.0,0.0,30.0,0.0,0.0,30.0,0.0,0.0,0.0,0.0,0.0,0.0,battery2_v
2021-03-03T23:00:00Z,29.0,29.0,,,,,11027.172,14231.0,,,,11.736,11.887,,,,7097.0,7097.0,7097.0,,-18.577,53.759,,,,0.0,,,,,,,,,,10750.0,10779.0,0.0,0.0,29.0,0.0,29.0,0.0,29.0,0.0,5.0,16.0,0.0,0.0,0.0,0.0,0.0,0.0,battery2_v
2021-03-04T00:00:00Z,30.0,30.0,,,,,14084.4,14653.0,,,,11.859,11.953,,,,7097.0,7097.0,7097.0,,4.143,69.1,,,,0.0,,,,,,,,,,10780.0,10809.0,0.0,0.0,30.0,0.0,30.0,0.0,30.0,0.0,0.0,29.0,0.0,0.0,0.0,0.0,0.0,0.0,battery2_v
2021-03-04T01:00:00Z,30.0,30.0,,,,,13965.433,14606.0,,,,11.963,12.034,,,,7097.0,7097.0,7097.0,,22.867,86.3,,,,0.0,,,,,,,,,,10810.0,10839.0,0.0,0.0,30.0,0.0,30.0,0.0,30.0,0.0,0.0,30.0,0.0,0.0,0.0,0.0,0.0,0.0,battery2_v
2021-03-04T02:00:00Z,30.0,30.0,,,,,13945.433,14606.0,,,,12.001,12.043,,,,7097.0,7097.0,7097.0,,22.233,79.2,,,,0.0,,,,,,,,,,10840.0,10869.0,0.0,0.0,30.0,0.0,30.0,0.0,30.0,0.0,0.0,30.0,0.0,0.0,0.0,0.0,0.0,0.0,battery2_v
2021-03-04T03:00:00Z,29.0,29.0,,,,,13897.345,13915.0,,,,12.043,12.062,,,,7097.0,7097.0,7097.0,,25.103,74.759,,,,0.0,,,,,,,,,,10870.0,10898.0,0.0,0.0,29.0,0.0,29.0,0.0,29.0,0.0,0.0,29.0,0.0,0.0,0.0,0.0,0.0,0.0,battery2_v
2021-03-04T04:00:00Z,30.0,30.0,,,,,13949.633,14536.0,,,,12.053,12.091,,,,7097.0,7097.0,7097.0,,24.567,68.1,,,,0.0,,,,,,,,,,10899.0,10928.0,0.0,0.0,30.0,0.0,30.0,0.0,30.0,0.0,0.0,29.0,0.0,0.0,0.0,0.0,0.0,0.0,battery2_v
2021-03-04T05:00:00Z,30.0,30.0,,,,,13919.133,14454.0,,,,12.039,12.053,,,,7097.0,7097.0,7097.0,,18.2,51.3,,,,0.0,,,,,,,,,,10929.0,10958.0,0.0,0.0,30.0,0.0,30.0,0.0,30.0,0.0,0.0,16.0,0.0,0.0,0.0,0.0,0.0,0.0,battery2_v
2021-03-04T06:00:00Z,29.0,29.0,,,,,13908.931,14536.0,,,,12.048,12.1,,,,7097.0,7097.0,7097.0,,20.793,49.793,,,,0.0,,,,,,,,,,10959.0,10988.0,0.0,0.0,29.0,0.0,29.0,0.0,29.0,0.0,0.0,13.0,0.0,0.0,0.0,0.0,0.0,0.0,battery2_v
2021-03-04T07:00:00Z,30.0,30.0,,,,,13900.3,13927.0,,,,12.01,12.086,,,,7097.0,7097.0,7097.0,,15.9,38.233,,,,0.0,,,,,,,,,,10989.0,11018.0,0.0,0.0,30.0,0.0,30.0,0.0,30.0,0.0,0.0,0.0,0.0,0.0,0.0,0.0,0.0,0.0,battery2_v
2021-03-04T08:00:00Z,28.0,28.0,,,,,13988.643,14594.0,,,,11.949,12.015,,,,7097.0,7097.0,7097.0,,3.111,19.964,,,,0.0,,,,,,,,,,11019.0,11047.0,0.0,0.0,28.0,0.0,28.0,0.0,28.0,0.0,0.0,0.0,0.0,0.0,0.0,0.0,0.0,0.0,battery2_v
2021-03-04T09:00:00Z,30.0,30.0,,,,,14051.5,14091.0,,,,11.868,11.949,,,,7097.0,7097.0,7097.0,,-8.893,11.033,,,,0.0,,,,,,,,,,11048.0,11077.0,0.0,0.0,30.0,0.0,30.0,0.0,30.0,0.0,0.0,0.0,0.0,0.0,0.0,0.0,0.0,0.0,battery2_v
2021-03-04T10:00:00Z,30.0,30.0,,,,,11495.133,14138.0,,,,11.821,11.878,,,,7097.0,7097.0,7097.0,,-14.067,36.7,,,,0.0,,,,,,,,,,11078.0,11107.0,0.0,0.0,30.0,0.0,30.0,0.0,30.0,0.0,0.0,7.0,0.0,0.0,0.0,0.0,0.0,0.0,battery2_v
2021-03-04T11:00:00Z,30.0,30.0,,,,,2059.233,3526.0,,,,11.868,11.882,,,,7097.0,7097.0,7097.0,,-1.833,71.633,,,,0.0,,,,,,,,,,11108.0,11137.0,0.0,0.0,30.0,0.0,30.0,0.0,30.0,0.0,0.0,30.0,0.0,0.0,0.0,0.0,0.0,0.0,battery2_v
2021-03-04T12:00:00Z,30.0,30.0,,,,,1787.767,1794.0,,,,11.864,11.873,,,,7097.0,7097.0,7097.0,,-2.034,58.933,,,,0.0,,,,,,,,,,11138.0,11167.0,0.0,0.0,30.0,0.0,30.0,0.0,30.0,0.0,0.0,29.0,0.0,0.0,0.0,0.0,0.0,0.0,battery2_v
2021-03-04T13:00:00Z,29.0,29.0,,,,,1795.069,1818.0,,,,11.864,11.873,,,,7097.0,7097.0,7097.0,,-2.13,60.862,,,,0.0,,,,,,,,,,11168.0,11196.0,0.0,0.0,29.0,0.0,29.0,0.0,29.0,0.0,0.0,27.0,0.0,0.0,0.0,0.0,0.0,0.0,battery2_v
2021-03-04T14:00:00Z,29.0,29.0,,,,,1812.483,1829.0,,,,11.859,11.868,,,,7097.0,7097.0,7097.0,,0.0,84.862,,,,0.0,,,,,,,,,,11198.0,11226.0,0.0,0.0,29.0,0.0,29.0,0.0,29.0,0.0,0.0,29.0,0.0,0.0,0.0,0.0,0.0,0.0,battery2_v
2021-03-04T15:00:00Z,30.0,30.0,,,,,1811.933,1829.0,,,,11.854,11.868,,,,7097.0,7097.0,7097.0,,0.0,77.333,,,,0.0,,,,,,,,,,11227.0,11256.0,0.0,0.0,30.0,0.0,30.0,0.0,30.0,0.0,0.0,30.0,0.0,0.0,0.0,0.0,0.0,0.0,battery2_v
2021-03-04T16:00:00Z,30.0,30.0,,,,,1814.267,1841.0,,,,11.849,11.868,,,,7097.0,7097.0,7097.0,,0.0,71.167,,,,0.0,,,,,,,,,,11257.0,11286.0,0.0,0.0,30.0,0.0,30.0,0.0,30.0,0.0,0.0,30.0,0.0,0.0,0.0,0.0,0.0,0.0,battery2_v
2021-03-04T17:00:00Z,30.0,30.0,,,,,1819.333,1841.0,,,,11.849,11.864,,,,7097.0,7097.0,7097.0,,-0.667,70.367,,,,0.0,,,,,,,,,,11287.0,11316.0,0.0,0.0,30.0,0.0,30.0,0.0,30.0,0.0,0.0,30.0,0.0,0.0,0.0,0.0,0.0,0.0,battery2_v
2021-03-04T18:00:00Z,30.0,30.0,,,,,1825.5,1841.0,,,,11.845,11.859,,,,7097.0,7097.0,7097.0,,-0.222,73.567,,,,0.0,,,,,,,,,,11317.0,11346.0,0.0,0.0,30.0,0.0,30.0,0.0,30.0,0.0,0.0,30.0,0.0,0.0,0.0,0.0,0.0,0.0,battery2_v
2021-03-04T19:00:00Z,30.0,30.0,,,,,1832.8,1853.0,,,,11.845,11.859,,,,7097.0,7097.0,7097.0,,0.0,76.8,,,,0.0,,,,,,,,,,11347.0,11376.0,0.0,0.0,30.0,0.0,30.0,0.0,30.0,0.0,0.0,30.0,0.0,0.0,0.0,0.0,0.0,0.0,battery2_v
2021-03-04T20:00:00Z,29.0,29.0,,,,,1836.034,1853.0,,,,11.845,11.859,,,,7097.0,7097.0,7097.0,,0.0,78.897,,,,0.0,,,,,,,,,,11377.0,11405.0,0.0,0.0,29.0,0.0,29.0,0.0,29.0,0.0,0.0,29.0,0.0,0.0,0.0,0.0,0.0,0.0,battery2_v
2021-03-04T21:00:00Z,30.0,30.0,,,,,1842.2,1853.0,,,,11.84,11.854,,,,7097.0,7097.0,7097.0,,0.0,80.8,,,,0.0,,,,,,,,,,11406.0,11435.0,0.0,0.0,30.0,0.0,30.0,0.0,30.0,0.0,0.0,30.0,0.0,0.0,0.0,0.0,0.0,0.0,battery2_v
2021-03-04T22:00:00Z,30.0,30.0,,,,,1930.733,2566.0,,,,11.835,11.849,,,,7097.0,7097.0,7097.0,,0.0,81.933,,,,0.0,,,,,,,,,,11436.0,11465.0,0.0,0.0,30.0,0.0,30.0,0.0,30.0,0.0,0.0,30.0,0.0,0.0,0.0,0.0,0.0,0.0,battery2_v
2021-03-04T23:00:00Z,30.0,30.0,,,,,9891.667,14278.0,,,,11.698,11.845,,,,7097.0,7097.0,7097.0,,-12.931,69.033,,,,0.0,,,,,,,,,,11466.0,11495.0,0.0,0.0,30.0,0.0,30.0,0.0,30.0,0.0,4.0,26.0,0.0,0.0,0.0,0.0,0.0,0.0,battery2_v
2021-03-05T00:00:00Z,29.0,29.0,,,,,14109.931,14126.0,,,,11.826,11.864,,,,7097.0,7097.0,7097.0,,2.038,75.586,,,,0.0,,,,,,,,,,11496.0,11525.0,0.0,0.0,29.0,0.0,29.0,0.0,29.0,0.0,0.0,29.0,0.0,0.0,0.0,0.0,0.0,0.0,battery2_v
2021-03-05T01:00:00Z,30.0,30.0,,,,,14098.533,14114.0,,,,11.84,11.873,,,,7097.0,7097.0,7097.0,,5.1,72.533,,,,0.0,,,,,,,,,,11526.0,11555.0,0.0,0.0,30.0,0.0,30.0,0.0,30.0,0.0,0.0,30.0,0.0,0.0,0.0,0.0,0.0,0.0,battery2_v
2021-03-05T02:00:00Z,30.0,30.0,,,,,14099.533,14699.0,,,,11.873,11.897,,,,7097.0,7097.0,7097.0,,9.4,71.7,,,,0.0,,,,,,,,,,11556.0,11585.0,0.0,0.0,30.0,0.0,30.0,0.0,30.0,0.0,0.0,30.0,0.0,0.0,0.0,0.0,0.0,0.0,battery2_v
2021-03-05T03:00:00Z,29.0,29.0,,,,,14090.862,14688.0,,,,11.887,11.901,,,,7097.0,7097.0,7097.0,,11.69,64.034,,,,0.0,,,,,,,,,,11586.0,11614.0,0.0,0.0,29.0,0.0,29.0,0.0,29.0,0.0,0.0,29.0,0.0,0.0,0.0,0.0,0.0,0.0,battery2_v
2021-03-05T04:00:00Z,30.0,30.0,,,,,14109.6,14699.0,,,,11.882,11.901,,,,7097.0,7097.0,7097.0,,10.933,54.667,,,,0.0,,,,,,,,,,11615.0,11644.0,0.0,0.0,30.0,0.0,30.0,0.0,30.0,0.0,0.0,22.0,0.0,0.0,0.0,0.0,0.0,0.0,battery2_v
2021-03-05T05:00:00Z,30.0,30.0,,,,,14112.833,14688.0,,,,11.878,11.892,,,,7097.0,7097.0,7097.0,,8.6,44.533,,,,0.0,,,,,,,,,,11645.0,11674.0,0.0,0.0,30.0,0.0,30.0,0.0,30.0,0.0,0.0,4.0,0.0,0.0,0.0,0.0,0.0,0.0,battery2_v
2021-03-05T06:00:00Z,30.0,30.0,,,,,14096.033,14699.0,,,,11.882,11.897,,,,7097.0,7097.0,7097.0,,9.1,40.467,,,,0.0,,,,,,,,,,11675.0,11704.0,0.0,0.0,30.0,0.0,30.0,0.0,30.0,0.0,0.0,0.0,0.0,0.0,0.0,0.0,0.0,0.0,battery2_v
2021-03-05T07:00:00Z,30.0,30.0,,,,,14093.4,14711.0,,,,11.864,11.911,,,,7097.0,7097.0,7097.0,,9.033,33.733,,,,0.0,,,,,,,,,,11705.0,11734.0,0.0,0.0,30.0,0.0,30.0,0.0,30.0,0.0,0.0,0.0,0.0,0.0,0.0,0.0,0.0,0.0,battery2_v
2021-03-05T08:00:00Z,30.0,30.0,,,,,14127.6,14699.0,,,,11.83,11.864,,,,7097.0,7097.0,7097.0,,0.154,22.233,,,,0.0,,,,,,,,,,11735.0,11764.0,0.0,0.0,30.0,0.0,30.0,0.0,30.0,0.0,0.0,0.0,0.0,0.0,0.0,0.0,0.0,0.0,battery2_v
2021-03-05T09:00:00Z,30.0,30.0,,,,,14140.4,14173.0,,,,11.802,11.835,,,,7097.0,7097.0,7097.0,,-9.433,17.367,,,,0.0,,,,,,,,,,11765.0,11794.0,0.0,0.0,30.0,0.0,30.0,0.0,30.0,0.0,0.0,0.0,0.0,0.0,0.0,0.0,0.0,0.0,battery2_v
2021-03-05T10:00:00Z,30.0,30.0,,,,,13893.433,14290.0,,,,11.684,11.807,,,,7097.0,7097.0,7097.0,,-25.467,0.933,,,,0.0,,,,,,,,,,11795.0,11824.0,0.0,0.0,30.0,0.0,30.0,0.0,30.0,0.0,4.0,0.0,0.0,0.0,0.0,0.0,0.0,0.0,battery2_v
2021-03-05T11:00:00Z,29.0,29.0,,,,,2530.276,14290.0,,,,11.684,11.83,,,,7097.0,7097.0,7097.0,,-6.143,59.034,,,,0.0,,,,,,,,,,11825.0,11853.0,0.0,0.0,29.0,0.0,29.0,0.0,29.0,0.0,1.0,19.0,0.0,0.0,0.0,0.0,0.0,0.0,battery2_v
2021-03-05T12:00:00Z,30.0,30.0,,,,,1904.033,1911.0,,,,11.821,11.83,,,,7097.0,7097.0,7097.0,,-1.111,73.567,,,,0.0,,,,,,,,,,11854.0,11883.0,0.0,0.0,30.0,0.0,30.0,0.0,30.0,0.0,0.0,30.0,0.0,0.0,0.0,0.0,0.0,0.0,battery2_v
2021-03-05T13:00:00Z,29.0,29.0,,,,,1908.0,1923.0,,,,11.811,11.826,,,,7097.0,7097.0,7097.0,,-2.0,64.379,,,,0.0,,,,,,,,,,11884.0,11913.0,0.0,0.0,29.0,0.0,29.0,0.0,29.0,0.0,0.0,29.0,0.0,0.0,0.0,0.0,0.0,0.0,battery2_v
2021-03-05T14:00:00Z,28.0,28.0,,,,,1910.393,1923.0,,,,11.811,11.821,,,,7097.0,7097.0,7097.0,,-2.0,65.286,,,,0.0,,,,,,,,,,11914.0,11942.0,0.0,0.0,28.0,0.0,28.0,0.0,28.0,0.0,0.0,28.0,0.0,0.0,0.0,0.0,0.0,0.0,battery2_v
2021-03-05T15:00:00Z,30.0,30.0,,,,,1916.2,1923.0,,,,11.807,11.821,,,,7097.0,7097.0,7097.0,,-2.0,64.933,,,,0.0,,,,,,,,,,11943.0,11972.0,0.0,0.0,30.0,0.0,30.0,0.0,30.0,0.0,0.0,30.0,0.0,0.0,0.0,0.0,0.0,0.0,battery2_v
2021-03-05T16:00:00Z,30.0,30.0,,,,,1924.2,1935.0,,,,11.807,11.816,,,,7097.0,7097.0,7097.0,,-2.0,67.6,,,,0.0,,,,,,,,,,11973.0,12002.0,0.0,0.0,30.0,0.0,30.0,0.0,30.0,0.0,0.0,30.0,0.0,0.0,0.0,0.0,0.0,0.0,battery2_v
2021-03-05T17:00:00Z,30.0,30.0,,,,,1929.0,1935.0,,,,11.802,11.816,,,,7097.0,7097.0,7097.0,,-2.0,69.8,,,,0.0,,,,,,,,,,12003.0,12032.0,0.0,0.0,30.0,0.0,30.0,0.0,30.0,0.0,0.0,30.0,0.0,0.0,0.0,0.0,0.0,0.0,battery2_v
2021-03-05T18:00:00Z,30.0,30.0,,,,,1930.167,1946.0,,,,11.802,11.811,,,,7097.0,7097.0,7097.0,,-0.8,73.067,,,,0.0,,,,,,,,,,12033.0,12062.0,0.0,0.0,30.0,0.0,30.0,0.0,30.0,0.0,0.0,30.0,0.0,0.0,0.0,0.0,0.0,0.0,battery2_v
2021-03-05T19:00:00Z,30.0,30.0,,,,,1938.267,1958.0,,,,11.802,11.811,,,,7097.0,7097.0,7097.0,,0.0,74.933,,,,0.0,,,,,,,,,,12063.0,12092.0,0.0,0.0,30.0,0.0,30.0,0.0,30.0,0.0,0.0,30.0,0.0,0.0,0.0,0.0,0.0,0.0,battery2_v
2021-03-05T20:00:00Z,30.0,30.0,,,,,1940.9,1958.0,,,,11.797,11.807,,,,7097.0,7097.0,7097.0,,0.0,76.533,,,,0.0,,,,,,,,,,12093.0,12122.0,0.0,0.0,30.0,0.0,30.0,0.0,30.0,0.0,0.0,30.0,0.0,0.0,0.0,0.0,0.0,0.0,battery2_v
2021-03-05T21:00:00Z,28.0,28.0,,,,,1944.929,1958.0,,,,11.797,11.807,,,,7097.0,7097.0,7097.0,,0.0,79.714,,,,0.0,,,,,,,,,,12123.0,12151.0,0.0,0.0,28.0,0.0,28.0,0.0,28.0,0.0,0.0,28.0,0.0,0.0,0.0,0.0,0.0,0.0,battery2_v
2021-03-05T22:00:00Z,30.0,30.0,,,,,2027.3,2637.0,,,,11.793,11.802,,,,7097.0,7097.0,7097.0,,0.0,84.567,,,,0.0,,,,,,,,,,12152.0,12181.0,0.0,0.0,30.0,0.0,30.0,0.0,30.0,0.0,0.0,30.0,0.0,0.0,0.0,0.0,0.0,0.0,battery2_v
2021-03-05T23:00:00Z,30.0,30.0,,,,,10291.567,14313.0,,,,11.651,11.802,,,,7097.0,7097.0,7097.0,,-16.4,62.133,,,,0.0,,,,,,,,,,12182.0,12211.0,0.0,0.0,30.0,0.0,30.0,0.0,30.0,0.0,6.0,23.0,0.0,0.0,0.0,0.0,0.0,0.0,battery2_v
2021-03-06T00:00:00Z,30.0,30.0,,,,,14194.667,14758.0,,,,11.778,11.816,,,,7097.0,7097.0,7097.0,,0.75,77.333,,,,0.0,,,,,,,,,,12212.0,12241.0,0.0,0.0,30.0,0.0,30.0,0.0,30.0,0.0,0.0,30.0,0.0,0.0,0.0,0.0,0.0,0.0,battery2_v
2021-03-06T01:00:00Z,30.0,30.0,,,,,14165.367,14770.0,,,,11.802,11.835,,,,7097.0,7097.0,7097.0,,7.8,79.467,,,,0.0,,,,,,,,,,12242.0,12271.0,0.0,0.0,30.0,0.0,30.0,0.0,30.0,0.0,0.0,30.0,0.0,0.0,0.0,0.0,0.0,0.0,battery2_v
2021-03-06T02:00:00Z,30.0,30.0,,,,,14129.167,14746.0,,,,11.835,11.873,,,,7097.0,7097.0,7097.0,,16.667,108.333,,,,0.0,,,,,,,,,,12272.0,12301.0,0.0,0.0,30.0,0.0,30.0,0.0,30.0,0.0,0.0,30.0,0.0,0.0,0.0,0.0,0.0,0.0,battery2_v
2021-03-06T03:00:00Z,30.0,30.0,,,,,14067.567,14091.0,,,,11.878,11.92,,,,7097.0,7097.0,7097.0,,21.233,105.267,,,,0.0,,,,,,,,,,12302.0,12331.0,0.0,0.0,30.0,0.0,30.0,0.0,30.0,0.0,0.0,30.0,0.0,0.0,0.0,0.0,0.0,0.0,battery2_v
2021-03-06T04:00:00Z,30.0,30.0,,,,,14040.033,14056.0,,,,11.911,11.93,,,,7097.0,7097.0,7097.0,,20.5,96.133,,,,0.0,,,,,,,,,,12332.0,12361.0,0.0,0.0,30.0,0.0,30.0,0.0,30.0,0.0,0.0,30.0,0.0,0.0,0.0,0.0,0.0,0.0,battery2_v
2021-03-06T05:00:00Z,29.0,29.0,,,,,14092.897,14676.0,,,,11.92,11.939,,,,7097.0,7097.0,7097.0,,19.828,89.069,,,,0.0,,,,,,,,,,12362.0,12390.0,0.0,0.0,29.0,0.0,29.0,0.0,29.0,0.0,0.0,29.0,0.0,0.0,0.0,0.0,0.0,0.0,battery2_v
2021-03-06T06:00:00Z,30.0,30.0,,,,,14098.733,14664.0,,,,11.935,11.953,,,,7097.0,7097.0,7097.0,,19.2,72.267,,,,0.0,,,,,,,,,,12391.0,12420.0,0.0,0.0,30.0,0.0,30.0,0.0,30.0,0.0,0.0,30.0,0.0,0.0,0.0,0.0,0.0,0.0,battery2_v
2021-03-06T07:00:00Z,30.0,30.0,,,,,14028.633,14068.0,,,,11.892,11.953,,,,7097.0,7097.0,7097.0,,14.7,57.5,,,,0.0,,,,,,,,,,12421.0,12450.0,0.0,0.0,30.0,0.0,30.0,0.0,30.0,0.0,0.0,24.0,0.0,0.0,0.0,0.0,0.0,0.0,battery2_v
2021-03-06T08:00:00Z,30.0,30.0,,,,,14128.0,14688.0,,,,11.816,11.897,,,,7097.0,7097.0,7097.0,,4.036,39.267,,,,0.0,,,,,,,,,,12451.0,12480.0,0.0,0.0,30.0,0.0,30.0,0.0,30.0,0.0,0.0,2.0,0.0,0.0,0.0,0.0,0.0,0.0,battery2_v
2021-03-06T09:00:00Z,29.0,29.0,,,,,14189.345,14220.0,,,,11.75,11.816,,,,7097.0,7097.0,7097.0,,-7.607,23.931,,,,0.0,,,,,,,,,,12481.0,12510.0,0.0,0.0,29.0,0.0,29.0,0.0,29.0,0.0,0.0,0.0,0.0,0.0,0.0,0.0,0.0,0.0,battery2_v
2021-03-06T10:00:00Z,29.0,29.0,,,,,14257.31,14337.0,,,,11.632,11.764,,,,7097.0,7097.0,7097.0,,-25.862,26.793,,,,0.0,,,,,,,,,,12511.0,12540.0,0.0,0.0,29.0,0.0,29.0,0.0,29.0,0.0,5.0,0.0,0.0,0.0,0.0,0.0,0.0,0.0,battery2_v
2021-03-06T11:00:00Z,29.0,29.0,,,,,3004.138,14337.0,,,,11.632,11.778,,,,7097.0,7097.0,7097.0,,-6.414,55.621,,,,0.0,,,,,,,,,,12541.0,12569.0,0.0,0.0,29.0,0.0,29.0,0.0,29.0,0.0,1.0,24.0,0.0,0.0,0.0,0.0,0.0,0.0,battery2_v
2021-03-06T12:00:00Z,30.0,30.0,,,,,1988.233,2005.0,,,,11.769,11.778,,,,7097.0,7097.0,7097.0,,-2.233,56.7,,,,0.0,,,,,,,,,,12570.0,12599.0,0.0,0.0,30.0,0.0,30.0,0.0,30.0,0.0,0.0,24.0,0.0,0.0,0.0,0.0,0.0,0.0,battery2_v
2021-03-06T13:00:00Z,30.0,30.0,,,,,2001.8,2017.0,,,,11.764,11.778,,,,7097.0,7097.0,7097.0,,-2.433,55.7,,,,0.0,,,,,,,,,,12600.0,12629.0,0.0,0.0,30.0,0.0,30.0,0.0,30.0,0.0,0.0,27.0,0.0,0.0,0.0,0.0,0.0,0.0,battery2_v
2021-03-06T14:00:00Z,30.0,30.0,,,,,2016.833,2052.0,,,,11.759,11.774,,,,7097.0,7097.0,7097.0,,-2.567,53.8,,,,0.0,,,,,,,,,,12630.0,12659.0,0.0,0.0,30.0,0.0,30.0,0.0,30.0,0.0,0.0,21.0,0.0,0.0,0.0,0.0,0.0,0.0,battery2_v
2021-03-06T15:00:00Z,30.0,30.0,,,,,2026.733,2052.0,,,,11.759,11.769,,,,7097.0,7097.0,7097.0,,-2.7,52.433,,,,0.0,,,,,,,,,,12660.0,12689.0,0.0,0.0,30.0,0.0,30.0,0.0,30.0,0.0,0.0,18.0,0.0,0.0,0.0,0.0,0.0,0.0,battery2_v
2021-03-06T16:00:00Z,30.0,30.0,,,,,2029.367,2040.0,,,,11.755,11.764,,,,7097.0,7097.0,7097.0,,-2.633,51.267,,,,0.0,,,,,,,,,,12690.0,12719.0,0.0,0.0,30.0,0.0,30.0,0.0,30.0,0.0,0.0,18.0,0.0,0.0,0.0,0.0,0.0,0.0,battery2_v
2021-03-06T17:00:00Z,30.0,30.0,,,,,2024.1,2052.0,,,,11.75,11.764,,,,7097.0,7097.0,7097.0,,-2.233,58.9,,,,0.0,,,,,,,,,,12720.0,12749.0,0.0,0.0,30.0,0.0,30.0,0.0,30.0,0.0,0.0,30.0,0.0,0.0,0.0,0.0,0.0,0.0,battery2_v
2021-03-06T18:00:00Z,28.0,28.0,,,,,2035.286,2052.0,,,,11.745,11.759,,,,7097.0,7097.0,7097.0,,-2.179,60.714,,,,0.0,,,,,,,,,,12750.0,12778.0,0.0,0.0,28.0,0.0,28.0,0.0,28.0,0.0,0.0,28.0,0.0,0.0,0.0,0.0,0.0,0.0,battery2_v
2021-03-06T19:00:00Z,30.0,30.0,,,,,2040.367,2063.0,,,,11.745,11.759,,,,7097.0,7097.0,7097.0,,-2.083,64.3,,,,0.0,,,,,,,,,,12779.0,12808.0,0.0,0.0,30.0,0.0,30.0,0.0,30.0,0.0,0.0,29.0,0.0,0.0,0.0,0.0,0.0,0.0,battery2_v
2021-03-06T20:00:00Z,30.0,30.0,,,,,2053.7,2075.0,,,,11.745,11.755,,,,7097.0,7097.0,7097.0,,-2.0,66.533,,,,0.0,,,,,,,,,,12809.0,12838.0,0.0,0.0,30.0,0.0,30.0,0.0,30.0,0.0,0.0,30.0,0.0,0.0,0.0,0.0,0.0,0.0,battery2_v
2021-03-06T21:00:00Z,30.0,30.0,,,,,2056.667,2063.0,,,,11.745,11.755,,,,7097.0,7097.0,7097.0,,-2.0,69.533,,,,0.0,,,,,,,,,,12839.0,12868.0,0.0,0.0,30.0,0.0,30.0,0.0,30.0,0.0,0.0,30.0,0.0,0.0,0.0,0.0,0.0,0.0,battery2_v
2021-03-06T22:00:00Z,30.0,30.0,,,,,2145.133,2742.0,,,,11.741,11.75,,,,7097.0,7097.0,7097.0,,-2.0,72.0,,,,0.0,,,,,,,,,,12869.0,12898.0,0.0,0.0,30.0,0.0,30.0,0.0,30.0,0.0,0.0,30.0,0.0,0.0,0.0,0.0,0.0,0.0,battery2_v
2021-03-06T23:00:00Z,30.0,30.0,,,,,11160.767,14395.0,,,,11.589,11.745,,,,7097.0,7097.0,7097.0,,-25.048,50.333,,,,0.0,,,,,,,,,,12899.0,12928.0,0.0,0.0,30.0,0.0,30.0,0.0,30.0,0.0,6.0,18.0,0.0,0.0,0.0,0.0,0.0,0.0,battery2_v
2021-03-07T00:00:00Z,30.0,30.0,,,,,14241.333,14266.0,,,,11.722,11.764,,,,7097.0,7097.0,7097.0,,-0.25,63.533,,,,0.0,,,,,,,,,,12929.0,12958.0,0.0,0.0,30.0,0.0,30.0,0.0,30.0,0.0,0.0,29.0,0.0,0.0,0.0,0.0,0.0,0.0,battery2_v
2021-03-07T01:00:00Z,30.0,30.0,,,,,14199.067,14231.0,,,,11.755,11.807,,,,7097.0,7097.0,7097.0,,9.367,70.3,,,,0.0,,,,,,,,,,12959.0,12988.0,0.0,0.0,30.0,0.0,30.0,0.0,30.0,0.0,0.0,30.0,0.0,0.0,0.0,0.0,0.0,0.0,battery2_v
2021-03-07T02:00:00Z,28.0,28.0,,,,,14156.357,14173.0,,,,11.797,11.821,,,,7097.0,7097.0,7097.0,,14.679,70.571,,,,0.0,,,,,,,,,,12989.0,13016.0,0.0,0.0,28.0,0.0,28.0,0.0,28.0,0.0,0.0,28.0,0.0,0.0,0.0,0.0,0.0,0.0,battery2_v
2021-03-07T03:00:00Z,29.0,29.0,,,,,14163.483,14770.0,,,,11.816,11.882,,,,7097.0,7097.0,7097.0,,19.345,88.0,,,,0.0,,,,,,,,,,13018.0,13047.0,0.0,0.0,29.0,0.0,29.0,0.0,29.0,0.0,0.0,29.0,0.0,0.0,0.0,0.0,0.0,0.0,battery2_v
2021-03-07T04:00:00Z,30.0,30.0,,,,,14066.533,14091.0,,,,11.878,11.93,,,,7097.0,7097.0,7097.0,,22.567,79.033,,,,0.0,,,,,,,,,,13048.0,13077.0,0.0,0.0,30.0,0.0,30.0,0.0,30.0,0.0,0.0,30.0,0.0,0.0,0.0,0.0,0.0,0.0,battery2_v
2021-03-07T05:00:00Z,29.0,29.0,,,,,14042.103,14688.0,,,,11.906,11.982,,,,7097.0,7097.0,7097.0,,25.621,71.586,,,,0.0,,,,,,,,,,13078.0,13107.0,0.0,0.0,29.0,0.0,29.0,0.0,29.0,0.0,0.0,28.0,0.0,0.0,0.0,0.0,0.0,0.0,battery2_v
2021-03-07T06:00:00Z,29.0,29.0,,,,,14024.862,14653.0,,,,11.835,12.039,,,,7097.0,7097.0,7097.0,,24.069,74.759,,,,0.0,,,,,,,,,,13108.0,13136.0,0.0,0.0,29.0,0.0,29.0,0.0,29.0,0.0,0.0,25.0,0.0,0.0,0.0,0.0,0.0,0.0,battery2_v
2021-03-07T07:00:00Z,30.0,30.0,,,,,14081.667,14103.0,,,,11.845,11.906,,,,7097.0,7097.0,7097.0,,12.4,54.433,,,,0.0,,,,,,,,,,13137.0,13166.0,0.0,0.0,30.0,0.0,30.0,0.0,30.0,0.0,0.0,20.0,0.0,0.0,0.0,0.0,0.0,0.0,battery2_v
2021-03-07T08:00:00Z,30.0,30.0,,,,,14135.267,14173.0,,,,11.797,11.859,,,,7097.0,7097.0,7097.0,,6.5,70.267,,,,0.0,,,,,,,,,,13167.0,13196.0,0.0,0.0,30.0,0.0,30.0,0.0,30.0,0.0,0.0,28.0,0.0,0.0,0.0,0.0,0.0,0.0,battery2_v
2021-03-07T09:00:00Z,30.0,30.0,,,,,13927.633,14266.0,,,,11.717,11.797,,,,7097.0,7097.0,7097.0,,-3.143,72.767,,,,0.0,,,,,,,,,,13197.0,13226.0,0.0,0.0,30.0,0.0,30.0,0.0,30.0,0.0,0.0,30.0,0.0,0.0,0.0,0.0,0.0,0.0,battery2_v
2021-03-07T10:00:00Z,30.0,30.0,,,,,13934.533,14407.0,,,,11.58,11.717,,,,7097.0,7097.0,7097.0,,-20.7,45.367,,,,0.0,,,,,,,,,,13227.0,13256.0,0.0,0.0,30.0,0.0,30.0,0.0,30.0,0.0,3.0,16.0,0.0,0.0,0.0,0.0,0.0,0.0,battery2_v
2021-03-07T11:00:00Z,30.0,30.0,,,,,3893.1,14407.0,,,,11.58,11.731,,,,7097.0,7097.0,7097.0,,-9.345,56.967,,,,0.0,,,,,,,,,,13257.0,13286.0,0.0,0.0,30.0,0.0,30.0,0.0,30.0,0.0,3.0,27.0,0.0,0.0,0.0,0.0,0.0,0.0,battery2_v
2021-03-07T12:00:00Z,29.0,29.0,,,,,2110.0,2122.0,,,,11.722,11.731,,,,7097.0,7097.0,7097.0,,-0.2,79.207,,,,0.0,,,,,,,,,,13287.0,13315.0,0.0,0.0,29.0,0.0,29.0,0.0,29.0,0.0,0.0,29.0,0.0,0.0,0.0,0.0,0.0,0.0,battery2_v
2021-03-07T13:00:00Z,30.0,30.0,,,,,2112.8,2122.0,,,,11.717,11.731,,,,7097.0,7097.0,7097.0,,-2.0,73.3,,,,0.0,,,,,,,,,,13316.0,13345.0,0.0,0.0,30.0,0.0,30.0,0.0,30.0,0.0,0.0,30.0,0.0,0.0,0.0,0.0,0.0,0.0,battery2_v
2021-03-07T14:00:00Z,30.0,30.0,,,,,2120.0,2134.0,,,,11.717,11.726,,,,7097.0,7097.0,7097.0,,-2.0,75.467,,,,0.0,,,,,,,,,,13346.0,13375.0,0.0,0.0,30.0,0.0,30.0,0.0,30.0,0.0,0.0,30.0,0.0,0.0,0.0,0.0,0.0,0.0,battery2_v
2021-03-07T15:00:00Z,30.0,30.0,,,,,2130.3,2145.0,,,,11.712,11.726,,,,7097.0,7097.0,7097.0,,-1.0,77.067,,,,0.0,,,,,,,,,,13376.0,13405.0,0.0,0.0,30.0,0.0,30.0,0.0,30.0,0.0,0.0,30.0,0.0,0.0,0.0,0.0,0.0,0.0,battery2_v
2021-03-07T16:00:00Z,30.0,30.0,,,,,2136.867,2145.0,,,,11.707,11.722,,,,7097.0,7097.0,7097.0,,-2.0,70.133,,,,0.0,,,,,,,,,,13406.0,13435.0,0.0,0.0,30.0,0.0,30.0,0.0,30.0,0.0,0.0,30.0,0.0,0.0,0.0,0.0,0.0,0.0,battery2_v
2021-03-07T17:00:00Z,30.0,30.0,,,,,2139.1,2157.0,,,,11.707,11.717,,,,7097.0,7097.0,7097.0,,-2.034,64.667,,,,0.0,,,,,,,,,,13436.0,13465.0,0.0,0.0,30.0,0.0,30.0,0.0,30.0,0.0,0.0,30.0,0.0,0.0,0.0,0.0,0.0,0.0,battery2_v
2021-03-07T18:00:00Z,30.0,30.0,,,,,2144.1,2157.0,,,,11.703,11.712,,,,7097.0,7097.0,7097.0,,-2.0,66.333,,,,0.0,,,,,,,,,,13466.0,13495.0,0.0,0.0,30.0,0.0,30.0,0.0,30.0,0.0,0.0,29.0,0.0,0.0,0.0,0.0,0.0,0.0,battery2_v
2021-03-07T19:00:00Z,30.0,30.0,,,,,2153.067,2169.0,,,,11.698,11.717,,,,7097.0,7097.0,7097.0,,-2.0,68.167,,,,0.0,,,,,,,,,,13496.0,13525.0,0.0,0.0,30.0,0.0,30.0,0.0,30.0,0.0,0.0,30.0,0.0,0.0,0.0,0.0,0.0,0.0,battery2_v
2021-03-07T20:00:00Z,30.0,30.0,,,,,2154.6,2169.0,,,,11.698,11.707,,,,7097.0,7097.0,7097.0,,-2.0,71.4,,,,0.0,,,,,,,,,,13526.0,13555.0,0.0,0.0,30.0,0.0,30.0,0.0,30.0,0.0,0.0,30.0,0.0,0.0,0.0,0.0,0.0,0.0,battery2_v
2021-03-07T21:00:00Z,29.0,29.0,,,,,2162.759,2180.0,,,,11.698,11.707,,,,7097.0,7097.0,7097.0,,-2.0,74.207,,,,0.0,,,,,,,,,,13556.0,13584.0,0.0,0.0,29.0,0.0,29.0,0.0,29.0,0.0,0.0,29.0,0.0,0.0,0.0,0.0,0.0,0.0,battery2_v
2021-03-07T22:00:00Z,29.0,29.0,,,,,2238.931,2988.0,,,,11.688,11.703,,,,7097.0,7097.0,7097.0,,-2.0,75.0,,,,0.0,,,,,,,,,,13585.0,13614.0,0.0,0.0,29.0,0.0,29.0,0.0,29.0,0.0,0.0,29.0,0.0,0.0,0.0,0.0,0.0,0.0,battery2_v
2021-03-07T23:00:00Z,30.0,30.0,,,,,11178.067,14442.0,,,,11.547,11.698,,,,7097.0,7097.0,7097.0,,-25.737,54.667,,,,0.0,,,,,,,,,,13615.0,13644.0,0.0,0.0,30.0,0.0,30.0,0.0,30.0,0.0,5.0,18.0,0.0,0.0,0.0,0.0,0.0,0.0,battery2_v
2021-03-08T00:00:00Z,30.0,30.0,,,,,14310.1,14875.0,,,,11.655,11.722,,,,7097.0,7097.0,7097.0,,-2.069,82.533,,,,0.0,,,,,,,,,,13645.0,13674.0,0.0,0.0,30.0,0.0,30.0,0.0,30.0,0.0,0.0,30.0,0.0,0.0,0.0,0.0,0.0,0.0,battery2_v
2021-03-08T01:00:00Z,28.0,28.0,,,,,14347.464,14875.0,,,,11.703,11.745,,,,7097.0,7097.0,7097.0,,9.393,82.571,,,,0.0,,,,,,,,,,13675.0,13704.0,0.0,0.0,28.0,0.0,28.0,0.0,28.0,0.0,0.0,28.0,0.0,0.0,0.0,0.0,0.0,0.0,battery2_v
2021-03-08T02:00:00Z,29.0,29.0,,,,,14246.172,14863.0,,,,11.745,11.788,,,,7097.0,7097.0,7097.0,,15.069,78.345,,,,0.0,,,,,,,,,,13705.0,13733.0,0.0,0.0,29.0,0.0,29.0,0.0,29.0,0.0,0.0,29.0,0.0,0.0,0.0,0.0,0.0,0.0,battery2_v
2021-03-08T03:00:00Z,30.0,30.0,,,,,14183.067,14688.0,,,,11.788,11.83,,,,7097.0,7097.0,7097.0,,19.233,75.2,,,,0.0,,,,,,,,,,13734.0,13763.0,0.0,0.0,30.0,0.0,30.0,0.0,30.0,0.0,0.0,30.0,0.0,0.0,0.0,0.0,0.0,0.0,battery2_v
2021-03-08T04:00:00Z,30.0,30.0,,,,,14133.967,14781.0,,,,11.83,11.878,,,,7097.0,7097.0,7097.0,,22.367,67.833,,,,0.0,,,,,,,,,,13764.0,13793.0,0.0,0.0,30.0,0.0,30.0,0.0,30.0,0.0,0.0,30.0,0.0,0.0,0.0,0.0,0.0,0.0,battery2_v
2021-03-08T05:00:00Z,30.0,30.0,,,,,14068.767,14091.0,,,,11.868,11.953,,,,7097.0,7097.0,7097.0,,25.933,65.4,,,,0.0,,,,,,,,,,13794.0,13823.0,0.0,0.0,30.0,0.0,30.0,0.0,30.0,0.0,0.0,30.0,0.0,0.0,0.0,0.0,0.0,0.0,battery2_v
2021-03-08T06:00:00Z,30.0,30.0,,,,,14061.4,14091.0,,,,11.873,11.953,,,,7097.0,7097.0,7097.0,,22.133,51.167,,,,0.0,,,,,,,,,,13824.0,13853.0,0.0,0.0,30.0,0.0,30.0,0.0,30.0,0.0,0.0,14.0,0.0,0.0,0.0,0.0,0.0,0.0,battery2_v
2021-03-08T07:00:00Z,30.0,30.0,,,,,14119.133,14746.0,,,,11.826,11.887,,,,7097.0,7097.0,7097.0,,14.933,38.5,,,,0.0,,,,,,,,,,13854.0,13883.0,0.0,0.0,30.0,0.0,30.0,0.0,30.0,0.0,0.0,0.0,0.0,0.0,0.0,0.0,0.0,0.0,battery2_v
2021-03-08T08:00:00Z,30.0,30.0,,,,,14174.767,14781.0,,,,11.807,11.906,,,,7097.0,7097.0,7097.0,,11.833,33.967,,,,0.0,,,,,,,,,,13884.0,13913.0,0.0,0.0,30.0,0.0,30.0,0.0,30.0,0.0,0.0,0.0,0.0,0.0,0.0,0.0,0.0,0.0,battery2_v
2021-03-08T09:00:00Z,29.0,29.0,,,,,14243.483,14781.0,,,,11.698,11.811,,,,7097.0,7097.0,7097.0,,-3.5,17.759,,,,0.0,,,,,,,,,,13914.0,13942.0,0.0,0.0,29.0,0.0,29.0,0.0,29.0,0.0,0.0,0.0,0.0,0.0,0.0,0.0,0.0,0.0,battery2_v
2021-03-08T10:00:00Z,30.0,30.0,,,,,14332.1,14454.0,,,,11.537,11.698,,,,7097.0,7097.0,7097.0,,-25.133,16.667,,,,0.0,,,,,,,,,,13943.0,13972.0,0.0,0.0,30.0,0.0,30.0,0.0,30.0,0.0,5.0,0.0,0.0,0.0,0.0,0.0,0.0,0.0,battery2_v
2021-03-08T11:00:00Z,30.0,30.0,,,,,3549.6,14465.0,,,,11.532,11.688,,,,7097.0,7097.0,7097.0,,-9.966,39.933,,,,0.0,,,,,,,,,,13973.0,14002.0,0.0,0.0,30.0,0.0,30.0,0.0,30.0,0.0,3.0,14.0,0.0,0.0,0.0,0.0,0.0,0.0,battery2_v
2021-03-08T12:00:00Z,30.0,30.0,,,,,2207.3,2227.0,,,,11.674,11.684,,,,7097.0,7097.0,7097.0,,-2.345,61.8,,,,0.0,,,,,,,,,,14003.0,14032.0,0.0,0.0,30.0,0.0,30.0,0.0,30.0,0.0,0.0,29.0,0.0,0.0,0.0,0.0,0.0,0.0,battery2_v
2021-03-08T13:00:00Z,30.0,30.0,,,,,2223.5,2239.0,,,,11.67,11.679,,,,7097.0,7097.0,7097.0,,-2.133,71.3,,,,0.0,,,,,,,,,,14033.0,14062.0,0.0,0.0,30.0,0.0,30.0,0.0,30.0,0.0,0.0,29.0,0.0,0.0,0.0,0.0,0.0,0.0,battery2_v
2021-03-08T14:00:00Z,30.0,30.0,,,,,2227.4,2251.0,,,,11.67,11.679,,,,7097.0,7097.0,7097.0,,-2.056,68.367,,,,0.0,,,,,,,,,,14063.0,14092.0,0.0,0.0,30.0,0.0,30.0,0.0,30.0,0.0,0.0,28.0,0.0,0.0,0.0,0.0,0.0,0.0,battery2_v
2021-03-08T15:00:00Z,29.0,29.0,,,,,2236.103,2251.0,,,,11.665,11.674,,,,7097.0,7097.0,7097.0,,-2.0,65.172,,,,0.0,,,,,,,,,,14093.0,14121.0,0.0,0.0,29.0,0.0,29.0,0.0,29.0,0.0,0.0,29.0,0.0,0.0,0.0,0.0,0.0,0.0,battery2_v
2021-03-08T16:00:00Z,29.0,29.0,,,,,2244.759,2262.0,,,,11.66,11.67,,,,7097.0,7097.0,7097.0,,-2.0,64.345,,,,0.0,,,,,,,,,,14122.0,14151.0,0.0,0.0,29.0,0.0,29.0,0.0,29.0,0.0,0.0,29.0,0.0,0.0,0.0,0.0,0.0,0.0,battery2_v
2021-03-08T17:00:00Z,29.0,29.0,,,,,2250.103,2262.0,,,,11.66,11.67,,,,7097.0,7097.0,7097.0,,-2.071,64.379,,,,0.0,,,,,,,,,,14152.0,14181.0,0.0,0.0,29.0,0.0,29.0,0.0,29.0,0.0,0.0,29.0,0.0,0.0,0.0,0.0,0.0,0.0,battery2_v
2021-03-08T18:00:00Z,29.0,29.0,,,,,2257.069,2274.0,,,,11.655,11.665,,,,7097.0,7097.0,7097.0,,-2.043,68.379,,,,0.0,,,,,,,,,,14182.0,14211.0,0.0,0.0,29.0,0.0,29.0,0.0,29.0,0.0,0.0,29.0,0.0,0.0,0.0,0.0,0.0,0.0,battery2_v
2021-03-08T19:00:00Z,29.0,29.0,,,,,2260.966,2274.0,,,,11.655,11.665,,,,7097.0,7097.0,7097.0,,-2.0,70.345,,,,0.0,,,,,,,,,,14212.0,14240.0,0.0,0.0,29.0,0.0,29.0,0.0,29.0,0.0,0.0,29.0,0.0,0.0,0.0,0.0,0.0,0.0,battery2_v
2021-03-08T20:00:00Z,30.0,30.0,,,,,2268.4,2286.0,,,,11.655,11.665,,,,7097.0,7097.0,7097.0,,-2.0,72.267,,,,0.0,,,,,,,,,,14241.0,14270.0,0.0,0.0,30.0,0.0,30.0,0.0,30.0,0.0,0.0,30.0,0.0,0.0,0.0,0.0,0.0,0.0,battery2_v
2021-03-08T21:00:00Z,29.0,29.0,,,,,2278.103,2297.0,,,,11.651,11.66,,,,7097.0,7097.0,7097.0,,-2.0,74.207,,,,0.0,,,,,,,,,,14271.0,14300.0,0.0,0.0,29.0,0.0,29.0,0.0,29.0,0.0,0.0,29.0,0.0,0.0,0.0,0.0,0.0,0.0,battery2_v
2021-03-08T22:00:00Z,30.0,30.0,,,,,2362.167,2882.0,,,,11.641,11.655,,,,7097.0,7097.0,7097.0,,-1.556,74.4,,,,0.0,,,,,,,,,,14301.0,14330.0,0.0,0.0,30.0,0.0,30.0,0.0,30.0,0.0,0.0,30.0,0.0,0.0,0.0,0.0,0.0,0.0,battery2_v
2021-03-08T23:00:00Z,30.0,30.0,,,,,10611.6,14512.0,,,,11.495,11.655,,,,7097.0,7097.0,7097.0,,-31.15,52.0,,,,0.0,,,,,,,,,,14331.0,14360.0,0.0,0.0,30.0,0.0,30.0,0.0,30.0,0.0,8.0,17.0,0.0,0.0,0.0,0.0,0.0,0.0,battery2_v
2021-03-09T00:00:00Z,30.0,30.0,,,,,14051.533,14898.0,,,,11.584,11.674,,,,7097.0,7097.0,7097.0,,-2.964,66.1,,,,0.0,,,,,,,,,,14361.0,14390.0,0.0,0.0,30.0,0.0,30.0,0.0,30.0,0.0,0.0,28.0,0.0,0.0,0.0,0.0,0.0,0.0,battery2_v
2021-03-09T01:00:00Z,26.0,26.0,,,,,14306.115,14933.0,,,,11.651,11.788,,,,7097.0,7097.0,7097.0,,13.808,82.308,,,,0.0,,,,,,,,,,14391.0,14418.0,0.0,0.0,26.0,0.0,26.0,0.0,26.0,0.0,0.0,26.0,0.0,0.0,0.0,0.0,0.0,0.0,battery2_v
2021-03-09T02:00:00Z,30.0,30.0,,,,,14137.033,14711.0,,,,11.788,11.939,,,,7097.0,7097.0,7097.0,,33.6,112.2,,,,0.0,,,,,,,,,,14420.0,14449.0,0.0,0.0,30.0,0.0,30.0,0.0,30.0,0.0,0.0,30.0,0.0,0.0,0.0,0.0,0.0,0.0,battery2_v
2021-03-09T03:00:00Z,30.0,30.0,,,,,14020.033,14103.0,,,,11.849,12.001,,,,7097.0,7097.0,7097.0,,41.767,105.833,,,,0.0,,,,,,,,,,14450.0,14479.0,0.0,0.0,30.0,0.0,30.0,0.0,30.0,0.0,8.0,30.0,0.0,0.0,0.0,0.0,0.0,0.0,battery2_v
2021-03-09T04:00:00Z,29.0,29.0,,,,,14009.379,14032.0,,,,11.93,11.987,,,,7097.0,7097.0,7097.0,,40.0,95.552,,,,0.0,,,,,,,,,,14480.0,14509.0,0.0,0.0,29.0,0.0,29.0,0.0,29.0,0.0,1.0,29.0,0.0,0.0,0.0,0.0,0.0,0.0,battery2_v
2021-03-09T05:00:00Z,28.0,28.0,,,,,14029.536,14056.0,,,,11.911,11.972,,,,7097.0,7097.0,7097.0,,35.607,78.071,,,,0.0,,,,,,,,,,14510.0,14538.0,0.0,0.0,28.0,0.0,28.0,0.0,28.0,0.0,0.0,28.0,0.0,0.0,0.0,0.0,0.0,0.0,battery2_v
2021-03-09T06:00:00Z,28.0,28.0,,,,,14088.0,14676.0,,,,11.868,11.972,,,,7097.0,7097.0,7097.0,,30.179,66.857,,,,0.0,,,,,,,,,,14539.0,14568.0,0.0,0.0,28.0,0.0,28.0,0.0,28.0,0.0,0.0,25.0,0.0,0.0,0.0,0.0,0.0,0.0,battery2_v
2021-03-09T07:00:00Z,30.0,30.0,,,,,14094.433,14173.0,,,,11.807,11.963,,,,7097.0,7097.0,7097.0,,20.6,50.6,,,,0.0,,,,,,,,,,14569.0,14598.0,0.0,0.0,30.0,0.0,30.0,0.0,30.0,0.0,0.0,14.0,0.0,0.0,0.0,0.0,0.0,0.0,battery2_v
2021-03-09T08:00:00Z,30.0,30.0,,,,,14220.433,14840.0,,,,11.726,11.882,,,,7097.0,7097.0,7097.0,,3.0,26.933,,,,0.0,,,,,,,,,,14599.0,14628.0,0.0,0.0,30.0,0.0,30.0,0.0,30.0,0.0,0.0,0.0,0.0,0.0,0.0,0.0,0.0,0.0,battery2_v
2021-03-09T09:00:00Z,29.0,29.0,,,,,14261.966,14302.0,,,,11.674,11.745,,,,7097.0,7097.0,7097.0,,-7.148,15.241,,,,0.0,,,,,,,,,,14629.0,14658.0,0.0,0.0,29.0,0.0,29.0,0.0,29.0,0.0,0.0,0.0,0.0,0.0,0.0,0.0,0.0,0.0,battery2_v
2021-03-09T10:00:00Z,27.0,27.0,,,,,13966.185,14465.0,,,,11.523,11.679,,,,7097.0,7097.0,7097.0,,-25.593,10.185,,,,0.0,,,,,,,,,,14659.0,14687.0,0.0,0.0,27.0,0.0,27.0,0.0,27.0,0.0,4.0,0.0,0.0,0.0,0.0,0.0,0.0,0.0,battery2_v
2021-03-09T11:00:00Z,30.0,30.0,,,,,3983.7,14477.0,,,,11.518,11.665,,,,7097.0,7097.0,7097.0,,-7.2,49.233,,,,0.0,,,,,,,,,,14688.0,14717.0,0.0,0.0,30.0,0.0,30.0,0.0,30.0,0.0,2.0,19.0,0.0,0.0,0.0,0.0,0.0,0.0,battery2_v
2021-03-09T12:00:00Z,30.0,30.0,,,,,2292.967,2309.0,,,,11.641,11.655,,,,7097.0,7097.0,7097.0,,-2.379,60.333,,,,0.0,,,,,,,,,,14718.0,14747.0,0.0,0.0,30.0,0.0,30.0,0.0,30.0,0.0,0.0,27.0,0.0,0.0,0.0,0.0,0.0,0.0,battery2_v
2021-03-09T13:00:00Z,30.0,30.0,,,,,2306.2,2321.0,,,,11.636,11.651,,,,7097.0,7097.0,7097.0,,-2.125,69.667,,,,0.0,,,,,,,,,,14748.0,14777.0,0.0,0.0,30.0,0.0,30.0,0.0,30.0,0.0,0.0,28.0,0.0,0.0,0.0,0.0,0.0,0.0,battery2_v
2021-03-09T14:00:00Z,28.0,28.0,,,,,2317.071,2332.0,,,,11.627,11.641,,,,7097.0,7097.0,7097.0,,-2.048,67.679,,,,0.0,,,,,,,,,,14778.0,14806.0,0.0,0.0,28.0,0.0,28.0,0.0,28.0,0.0,0.0,28.0,0.0,0.0,0.0,0.0,0.0,0.0,battery2_v
2021-03-09T15:00:00Z,30.0,30.0,,,,,2324.233,2332.0,,,,11.622,11.636,,,,7097.0,7097.0,7097.0,,-2.367,61.2,,,,0.0,,,,,,,,,,14807.0,14836.0,0.0,0.0,30.0,0.0,30.0,0.0,30.0,0.0,0.0,27.0,0.0,0.0,0.0,0.0,0.0,0.0,battery2_v
2021-03-09T16:00:00Z,30.0,30.0,,,,,2335.3,2344.0,,,,11.618,11.632,,,,7097.0,7097.0,7097.0,,-2.533,58.9,,,,0.0,,,,,,,,,,14837.0,14866.0,0.0,0.0,30.0,0.0,30.0,0.0,30.0,0.0,0.0,28.0,0.0,0.0,0.0,0.0,0.0,0.0,battery2_v
2021-03-09T17:00:00Z,29.0,29.0,,,,,2334.138,2344.0,,,,11.613,11.627,,,,7097.0,7097.0,7097.0,,-2.724,56.724,,,,0.0,,,,,,,,,,14867.0,14896.0,0.0,0.0,29.0,0.0,29.0,0.0,29.0,0.0,0.0,24.0,0.0,0.0,0.0,0.0,0.0,0.0,battery2_v
2021-03-09T18:00:00Z,30.0,30.0,,,,,2334.833,2344.0,,,,11.613,11.622,,,,7097.0,7097.0,7097.0,,-2.267,60.633,,,,0.0,,,,,,,,,,14897.0,14926.0,0.0,0.0,30.0,0.0,30.0,0.0,30.0,0.0,0.0,28.0,0.0,0.0,0.0,0.0,0.0,0.0,battery2_v
2021-03-09T19:00:00Z,29.0,29.0,,,,,2341.517,2356.0,,,,11.608,11.618,,,,7097.0,7097.0,7097.0,,-2.103,62.31,,,,0.0,,,,,,,,,,14927.0,14955.0,0.0,0.0,29.0,0.0,29.0,0.0,29.0,0.0,0.0,29.0,0.0,0.0,0.0,0.0,0.0,0.0,battery2_v
2021-03-09T20:00:00Z,30.0,30.0,,,,,2353.6,2368.0,,,,11.603,11.618,,,,7097.0,7097.0,7097.0,,-2.0,66.8,,,,0.0,,,,,,,,,,14956.0,14985.0,0.0,0.0,30.0,0.0,30.0,0.0,30.0,0.0,0.0,30.0,0.0,0.0,0.0,0.0,0.0,0.0,battery2_v
2021-03-09T21:00:00Z,30.0,30.0,,,,,2359.133,2379.0,,,,11.603,11.613,,,,7097.0,7097.0,7097.0,,-2.0,71.2,,,,0.0,,,,,,,,,,14986.0,15015.0,0.0,0.0,30.0,0.0,30.0,0.0,30.0,0.0,0.0,30.0,0.0,0.0,0.0,0.0,0.0,0.0,battery2_v
2021-03-09T22:00:00Z,30.0,30.0,,,,,2570.467,3853.0,,,,11.589,11.608,,,,7097.0,7097.0,7097.0,,-2.0,73.567,,,,0.0,,,,,,,,,,15016.0,15045.0,0.0,0.0,30.0,0.0,30.0,0.0,30.0,0.0,0.0,30.0,0.0,0.0,0.0,0.0,0.0,0.0,battery2_v
2021-03-09T23:00:00Z,30.0,30.0,,,,,12187.4,14992.0,,,,11.452,11.603,,,,7097.0,7097.0,7097.0,,-18.636,55.533,,,,0.0,,,,,,,,,,15046.0,15075.0,0.0,0.0,30.0,0.0,30.0,0.0,30.0,0.0,4.0,24.0,0.0,0.0,0.0,0.0,0.0,0.0,battery2_v
2021-03-10T00:00:00Z,30.0,30.0,,,,,14393.6,15004.0,,,,11.599,11.646,,,,7097.0,7097.0,7097.0,,4.533,67.0,,,,0.0,,,,,,,,,,15076.0,15105.0,0.0,0.0,30.0,0.0,30.0,0.0,30.0,0.0,0.0,30.0,0.0,0.0,0.0,0.0,0.0,0.0,battery2_v
2021-03-10T01:00:00Z,29.0,29.0,,,,,14377.0,14992.0,,,,11.618,11.651,,,,7097.0,7097.0,7097.0,,8.138,65.31,,,,0.0,,,,,,,,,,15106.0,15134.0,0.0,0.0,29.0,0.0,29.0,0.0,29.0,0.0,0.0,29.0,0.0,0.0,0.0,0.0,0.0,0.0,battery2_v
2021-03-10T02:00:00Z,30.0,30.0,,,,,14353.867,14992.0,,,,11.641,11.688,,,,7097.0,7097.0,7097.0,,11.5,62.967,,,,0.0,,,,,,,,,,15135.0,15164.0,0.0,0.0,30.0,0.0,30.0,0.0,30.0,0.0,0.0,28.0,0.0,0.0,0.0,0.0,0.0,0.0,battery2_v
2021-03-10T03:00:00Z,30.0,30.0,,,,,14268.067,14863.0,,,,11.684,11.778,,,,7097.0,7097.0,7097.0,,21.467,65.733,,,,0.0,,,,,,,,,,15165.0,15194.0,0.0,0.0,30.0,0.0,30.0,0.0,30.0,0.0,0.0,29.0,0.0,0.0,0.0,0.0,0.0,0.0,battery2_v
2021-03-10T04:00:00Z,29.0,29.0,,,,,14206.414,14231.0,,,,11.759,11.807,,,,7097.0,7097.0,7097.0,,20.552,58.483,,,,0.0,,,,,,,,,,15195.0,15224.0,0.0,0.0,29.0,0.0,29.0,0.0,29.0,0.0,0.0,25.0,0.0,0.0,0.0,0.0,0.0,0.0,battery2_v
2021-03-10T05:00:00Z,30.0,30.0,,,,,14144.333,14770.0,,,,11.802,11.93,,,,7097.0,7097.0,7097.0,,31.433,62.033,,,,0.0,,,,,,,,,,15225.0,15254.0,0.0,0.0,30.0,0.0,30.0,0.0,30.0,0.0,1.0,26.0,0.0,0.0,0.0,0.0,0.0,0.0,battery2_v
2021-03-10T06:00:00Z,29.0,29.0,,,,,14160.414,14793.0,,,,11.788,11.911,,,,7097.0,7097.0,7097.0,,28.31,52.724,,,,0.0,,,,,,,,,,15255.0,15283.0,0.0,0.0,29.0,0.0,29.0,0.0,29.0,0.0,0.0,19.0,0.0,0.0,0.0,0.0,0.0,0.0,battery2_v
2021-03-10T07:00:00Z,29.0,29.0,,,,,14145.103,14805.0,,,,11.802,11.935,,,,7097.0,7097.0,7097.0,,28.069,48.138,,,,0.0,,,,,,,,,,15284.0,15313.0,0.0,0.0,29.0,0.0,29.0,0.0,29.0,0.0,0.0,13.0,0.0,0.0,0.0,0.0,0.0,0.0,battery2_v
2021-03-10T08:00:00Z,30.0,30.0,,,,,14236.4,14863.0,,,,11.755,11.854,,,,7097.0,7097.0,7097.0,,12.767,40.867,,,,0.0,,,,,,,,,,15314.0,15343.0,0.0,0.0,30.0,0.0,30.0,0.0,30.0,0.0,0.0,6.0,0.0,0.0,0.0,0.0,0.0,0.0,battery2_v
2021-03-10T09:00:00Z,29.0,29.0,,,,,14285.793,14348.0,,,,11.641,11.774,,,,7097.0,7097.0,7097.0,,-1.889,36.069,,,,0.0,,,,,,,,,,15344.0,15373.0,0.0,0.0,29.0,0.0,29.0,0.0,29.0,0.0,0.0,7.0,0.0,0.0,0.0,0.0,0.0,0.0,battery2_v
2021-03-10T10:00:00Z,30.0,30.0,,,,,14115.6,14571.0,,,,11.447,11.651,,,,7097.0,7097.0,7097.0,,-27.3,3.633,,,,0.0,,,,,,,,,,15374.0,15403.0,0.0,0.0,30.0,0.0,30.0,0.0,30.0,0.0,5.0,0.0,0.0,0.0,0.0,0.0,0.0,0.0,battery2_v
2021-03-10T11:00:00Z,29.0,29.0,,,,,4151.552,14571.0,,,,11.442,11.599,,,,7097.0,7097.0,7097.0,,-9.552,27.793,,,,0.0,,,,,,,,,,15404.0,15432.0,0.0,0.0,29.0,0.0,29.0,0.0,29.0,0.0,2.0,0.0,0.0,0.0,0.0,0.0,0.0,0.0,battery2_v
2021-03-10T12:00:00Z,30.0,30.0,,,,,2396.167,2414.0,,,,11.584,11.599,,,,7097.0,7097.0,7097.0,,-4.3,37.967,,,,0.0,,,,,,,,,,15433.0,15462.0,0.0,0.0,30.0,0.0,30.0,0.0,30.0,0.0,0.0,0.0,0.0,0.0,0.0,0.0,0.0,0.0,battery2_v
2021-03-10T13:00:00Z,30.0,30.0,,,,,2412.633,2426.0,,,,11.575,11.589,,,,7097.0,7097.0,7097.0,,-4.167,41.033,,,,0.0,,,,,,,,,,15463.0,15492.0,0.0,0.0,30.0,0.0,30.0,0.0,30.0,0.0,0.0,0.0,0.0,0.0,0.0,0.0,0.0,0.0,battery2_v
2021-03-10T14:00:00Z,30.0,30.0,,,,,2423.2,2438.0,,,,11.57,11.584,,,,7097.0,7097.0,7097.0,,-3.967,44.6,,,,0.0,,,,,,,,,,15493.0,15522.0,0.0,0.0,30.0,0.0,30.0,0.0,30.0,0.0,0.0,4.0,0.0,0.0,0.0,0.0,0.0,0.0,battery2_v
2021-03-10T15:00:00Z,30.0,30.0,,,,,2431.567,2449.0,,,,11.57,11.58,,,,7097.0,7097.0,7097.0,,-3.467,49.067,,,,0.0,,,,,,,,,,15523.0,15552.0,0.0,0.0,30.0,0.0,30.0,0.0,30.0,0.0,0.0,15.0,0.0,0.0,0.0,0.0,0.0,0.0,battery2_v
2021-03-10T16:00:00Z,30.0,30.0,,,,,2442.4,2461.0,,,,11.565,11.575,,,,7097.0,7097.0,7097.0,,-3.333,48.067,,,,0.0,,,,,,,,,,15553.0,15582.0,0.0,0.0,30.0,0.0,30.0,0.0,30.0,0.0,0.0,9.0,0.0,0.0,0.0,0.0,0.0,0.0,battery2_v
2021-03-10T17:00:00Z,30.0,30.0,,,,,2452.7,2473.0,,,,11.561,11.575,,,,7097.0,7097.0,7097.0,,-3.2,54.067,,,,0.0,,,,,,,,,,15583.0,15612.0,0.0,0.0,30.0,0.0,30.0,0.0,30.0,0.0,0.0,21.0,0.0,0.0,0.0,0.0,0.0,0.0,battery2_v
2021-03-10T18:00:00Z,30.0,30.0,,,,,2461.4,2473.0,,,,11.556,11.57,,,,7097.0,7097.0,7097.0,,-2.867,56.433,,,,0.0,,,,,,,,,,15613.0,15642.0,0.0,0.0,30.0,0.0,30.0,0.0,30.0,0.0,0.0,24.0,0.0,0.0,0.0,0.0,0.0,0.0,battery2_v
2021-03-10T19:00:00Z,28.0,28.0,,,,,2472.571,2485.0,,,,11.556,11.565,,,,7097.0,7097.0,7097.0,,-2.857,57.714,,,,0.0,,,,,,,,,,15643.0,15671.0,0.0,0.0,28.0,0.0,28.0,0.0,28.0,0.0,0.0,23.0,0.0,0.0,0.0,0.0,0.0,0.0,battery2_v
2021-03-10T20:00:00Z,30.0,30.0,,,,,2482.1,2496.0,,,,11.547,11.561,,,,7097.0,7097.0,7097.0,,-2.433,60.933,,,,0.0,,,,,,,,,,15672.0,15701.0,0.0,0.0,30.0,0.0,30.0,0.0,30.0,0.0,0.0,28.0,0.0,0.0,0.0,0.0,0.0,0.0,battery2_v
2021-03-10T21:00:00Z,30.0,30.0,,,,,2489.767,2508.0,,,,11.542,11.556,,,,7097.0,7097.0,7097.0,,-2.167,64.6,,,,0.0,,,,,,,,,,15702.0,15731.0,0.0,0.0,30.0,0.0,30.0,0.0,30.0,0.0,0.0,29.0,0.0,0.0,0.0,0.0,0.0,0.0,battery2_v
2021-03-10T22:00:00Z,30.0,30.0,,,,,2642.833,3690.0,,,,11.542,11.551,,,,7097.0,7097.0,7097.0,,-2.034,67.1,,,,0.0,,,,,,,,,,15732.0,15761.0,0.0,0.0,30.0,0.0,30.0,0.0,30.0,0.0,0.0,30.0,0.0,0.0,0.0,0.0,0.0,0.0,battery2_v
2021-03-10T23:00:00Z,30.0,30.0,,,,,11571.4,14629.0,,,,11.39,11.547,,,,7097.0,7097.0,7097.0,,-23.667,43.4,,,,0.0,,,,,,,,,,15762.0,15791.0,0.0,0.0,30.0,0.0,30.0,0.0,30.0,0.0,7.0,11.0,0.0,0.0,0.0,0.0,0.0,0.0,battery2_v
2021-03-11T00:00:00Z,30.0,30.0,,,,,14515.733,15050.0,,,,11.513,11.599,,,,7097.0,7097.0,7097.0,,-0.143,63.433,,,,0.0,,,,,,,,,,15792.0,15821.0,0.0,0.0,30.0,0.0,30.0,0.0,30.0,0.0,0.0,26.0,0.0,0.0,0.0,0.0,0.0,0.0,battery2_v
2021-03-11T01:00:00Z,28.0,28.0,,,,,14416.5,15050.0,,,,11.542,11.722,,,,7097.0,7097.0,7097.0,,12.536,69.929,,,,0.0,,,,,,,,,,15823.0,15851.0,0.0,0.0,28.0,0.0,28.0,0.0,28.0,0.0,0.0,28.0,0.0,0.0,0.0,0.0,0.0,0.0,battery2_v
2021-03-11T02:00:00Z,29.0,29.0,,,,,14305.828,14933.0,,,,11.66,11.731,,,,7097.0,7097.0,7097.0,,19.897,74.483,,,,0.0,,,,,,,,,,15852.0,15880.0,0.0,0.0,29.0,0.0,29.0,0.0,29.0,0.0,0.0,29.0,0.0,0.0,0.0,0.0,0.0,0.0,battery2_v
2021-03-11T03:00:00Z,29.0,29.0,,,,,14342.241,14910.0,,,,11.717,11.755,,,,7097.0,7097.0,7097.0,,22.0,67.759,,,,0.0,,,,,,,,,,15881.0,15910.0,0.0,0.0,29.0,0.0,29.0,0.0,29.0,0.0,0.0,29.0,0.0,0.0,0.0,0.0,0.0,0.0,battery2_v
2021-03-11T04:00:00Z,29.0,29.0,,,,,14224.828,14243.0,,,,11.75,11.793,,,,7097.0,7097.0,7097.0,,23.724,63.483,,,,0.0,,,,,,,,,,15911.0,15940.0,0.0,0.0,29.0,0.0,29.0,0.0,29.0,0.0,0.0,28.0,0.0,0.0,0.0,0.0,0.0,0.0,battery2_v
2021-03-11T05:00:00Z,30.0,30.0,,,,,14258.133,14711.0,,,,11.731,11.783,,,,7097.0,7097.0,7097.0,,19.533,52.5,,,,0.0,,,,,,,,,,15941.0,15970.0,0.0,0.0,30.0,0.0,30.0,0.0,30.0,0.0,0.0,17.0,0.0,0.0,0.0,0.0,0.0,0.0,battery2_v
2021-03-11T06:00:00Z,30.0,30.0,,,,,14231.333,14828.0,,,,11.722,11.826,,,,7097.0,7097.0,7097.0,,22.867,49.4,,,,0.0,,,,,,,,,,15971.0,16000.0,0.0,0.0,30.0,0.0,30.0,0.0,30.0,0.0,0.0,15.0,0.0,0.0,0.0,0.0,0.0,0.0,battery2_v
2021-03-11T07:00:00Z,30.0,30.0,,,,,14246.467,14887.0,,,,11.707,11.821,,,,7097.0,7097.0,7097.0,,16.867,38.133,,,,0.0,,,,,,,,,,16001.0,16030.0,0.0,0.0,30.0,0.0,30.0,0.0,30.0,0.0,0.0,3.0,0.0,0.0,0.0,0.0,0.0,0.0,battery2_v
2021-03-11T08:00:00Z,30.0,30.0,,,,,14331.7,14922.0,,,,11.646,11.707,,,,7097.0,7097.0,7097.0,,3.367,21.467,,,,0.0,,,,,,,,,,16031.0,16060.0,0.0,0.0,30.0,0.0,30.0,0.0,30.0,0.0,0.0,0.0,0.0,0.0,0.0,0.0,0.0,0.0,battery2_v
2021-03-11T09:00:00Z,30.0,30.0,,,,,14429.867,14980.0,,,,11.542,11.636,,,,7097.0,7097.0,7097.0,,-6.786,12.7,,,,0.0,,,,,,,,,,16061.0,16090.0,0.0,0.0,30.0,0.0,30.0,0.0,30.0,0.0,0.0,0.0,0.0,0.0,0.0,0.0,0.0,0.0,battery2_v
2021-03-11T10:00:00Z,29.0,29.0,,,,,13187.655,14641.0,,,,11.381,11.547,,,,7097.0,7097.0,7097.0,,-19.586,4.103,,,,0.0,,,,,,,,,,16091.0,16119.0,0.0,0.0,29.0,0.0,29.0,0.0,29.0,0.0,1.0,0.0,0.0,0.0,0.0,0.0,0.0,0.0,battery2_v
2021-03-11T11:00:00Z,30.0,30.0,,,,,4236.433,14641.0,,,,11.376,11.528,,,,7097.0,7097.0,7097.0,,-12.5,13.033,,,,0.0,,,,,,,,,,16120.0,16149.0,0.0,0.0,30.0,0.0,30.0,0.0,30.0,0.0,3.0,2.0,0.0,0.0,0.0,0.0,0.0,0.0,battery2_v
2021-03-11T12:00:00Z,30.0,30.0,,,,,2552.9,2578.0,,,,11.518,11.528,,,,7097.0,7097.0,7097.0,,-5.767,26.6,,,,0.0,,,,,,,,,,16150.0,16179.0,0.0,0.0,30.0,0.0,30.0,0.0,30.0,0.0,0.0,0.0,0.0,0.0,0.0,0.0,0.0,0.0,battery2_v
2021-03-11T13:00:00Z,30.0,30.0,,,,,2561.267,2578.0,,,,11.513,11.523,,,,7097.0,7097.0,7097.0,,-4.867,33.6,,,,0.0,,,,,,,,,,16180.0,16209.0,0.0,0.0,30.0,0.0,30.0,0.0,30.0,0.0,0.0,0.0,0.0,0.0,0.0,0.0,0.0,0.0,battery2_v
2021-03-11T14:00:00Z,30.0,30.0,,,,,2578.0,2602.0,,,,11.513,11.523,,,,7097.0,7097.0,7097.0,,-4.4,39.833,,,,0.0,,,,,,,,,,16210.0,16239.0,0.0,0.0,30.0,0.0,30.0,0.0,30.0,0.0,0.0,1.0,0.0,0.0,0.0,0.0,0.0,0.0,battery2_v
2021-03-11T15:00:00Z,30.0,30.0,,,,,2605.567,2625.0,,,,11.509,11.518,,,,7097.0,7097.0,7097.0,,-2.5,65.033,,,,0.0,,,,,,,,,,16240.0,16269.0,0.0,0.0,30.0,0.0,30.0,0.0,30.0,0.0,0.0,26.0,0.0,0.0,0.0,0.0,0.0,0.0,battery2_v
2021-03-11T16:00:00Z,30.0,30.0,,,,,2609.367,2625.0,,,,11.504,11.513,,,,7097.0,7097.0,7097.0,,-2.276,63.767,,,,0.0,,,,,,,,,,16270.0,16299.0,0.0,0.0,30.0,0.0,30.0,0.0,30.0,0.0,0.0,30.0,0.0,0.0,0.0,0.0,0.0,0.0,battery2_v
2021-03-11T17:00:00Z,30.0,30.0,,,,,2612.467,2625.0,,,,11.499,11.509,,,,7097.0,7097.0,7097.0,,-2.533,59.9,,,,0.0,,,,,,,,,,16300.0,16329.0,0.0,0.0,30.0,0.0,30.0,0.0,30.0,0.0,0.0,27.0,0.0,0.0,0.0,0.0,0.0,0.0,battery2_v
2021-03-11T18:00:00Z,30.0,30.0,,,,,2628.8,2660.0,,,,11.499,11.509,,,,7097.0,7097.0,7097.0,,-2.6,58.633,,,,0.0,,,,,,,,,,16330.0,16359.0,0.0,0.0,30.0,0.0,30.0,0.0,30.0,0.0,0.0,28.0,0.0,0.0,0.0,0.0,0.0,0.0,battery2_v
2021-03-11T19:00:00Z,29.0,29.0,,,,,2629.931,2648.0,,,,11.495,11.504,,,,7097.0,7097.0,7097.0,,-2.621,59.724,,,,0.0,,,,,,,,,,16360.0,16388.0,0.0,0.0,29.0,0.0,29.0,0.0,29.0,0.0,0.0,25.0,0.0,0.0,0.0,0.0,0.0,0.0,battery2_v
2021-03-11T20:00:00Z,30.0,30.0,,,,,2639.567,2648.0,,,,11.49,11.499,,,,7097.0,7097.0,7097.0,,-2.767,59.0,,,,0.0,,,,,,,,,,16389.0,16418.0,0.0,0.0,30.0,0.0,30.0,0.0,30.0,0.0,0.0,26.0,0.0,0.0,0.0,0.0,0.0,0.0,battery2_v
2021-03-11T21:00:00Z,30.0,30.0,,,,,2645.467,2660.0,,,,11.485,11.495,,,,7097.0,7097.0,7097.0,,-2.6,58.967,,,,0.0,,,,,,,,,,16419.0,16448.0,0.0,0.0,30.0,0.0,30.0,0.0,30.0,0.0,0.0,27.0,0.0,0.0,0.0,0.0,0.0,0.0,battery2_v
2021-03-11T22:00:00Z,30.0,30.0,,,,,2734.4,3385.0,,,,11.48,11.495,,,,7097.0,7097.0,7097.0,,-2.321,64.067,,,,0.0,,,,,,,,,,16449.0,16478.0,0.0,0.0,30.0,0.0,30.0,0.0,30.0,0.0,0.0,29.0,0.0,0.0,0.0,0.0,0.0,0.0,battery2_v
2021-03-11T23:00:00Z,30.0,30.0,,,,,8841.533,14688.0,,,,11.334,11.49,,,,7097.0,7097.0,7097.0,,-14.25,52.433,,,,0.0,,,,,,,,,,16479.0,16508.0,0.0,0.0,30.0,0.0,30.0,0.0,30.0,0.0,4.0,19.0,0.0,0.0,0.0,0.0,0.0,0.0,battery2_v
2021-03-12T00:00:00Z,30.0,30.0,,,,,14257.467,15109.0,,,,11.419,11.532,,,,7097.0,7097.0,7097.0,,-4.267,51.2,,,,0.0,,,,,,,,,,16509.0,16538.0,0.0,0.0,30.0,0.0,30.0,0.0,30.0,0.0,0.0,16.0,0.0,0.0,0.0,0.0,0.0,0.0,battery2_v
2021-03-12T01:00:00Z,28.0,28.0,,,,,14495.464,14536.0,,,,11.49,11.556,,,,7097.0,7097.0,7097.0,,8.286,59.857,,,,0.0,,,,,,,,,,16539.0,16568.0,0.0,0.0,28.0,0.0,28.0,0.0,28.0,0.0,0.0,21.0,0.0,0.0,0.0,0.0,0.0,0.0,battery2_v
2021-03-12T02:00:00Z,30.0,30.0,,,,,14489.867,15109.0,,,,11.523,11.594,,,,7097.0,7097.0,7097.0,,11.967,56.633,,,,0.0,,,,,,,,,,16569.0,16598.0,0.0,0.0,30.0,0.0,30.0,0.0,30.0,0.0,0.0,24.0,0.0,0.0,0.0,0.0,0.0,0.0,battery2_v
2021-03-12T03:00:00Z,27.0,27.0,,,,,14534.889,15085.0,,,,11.532,11.556,,,,7097.0,7097.0,7097.0,,12.407,53.074,,,,0.0,,,,,,,,,,16599.0,16627.0,0.0,0.0,27.0,0.0,27.0,0.0,27.0,0.0,0.0,16.0,0.0,0.0,0.0,0.0,0.0,0.0,battery2_v
2021-03-12T04:00:00Z,30.0,30.0,,,,,14371.8,14465.0,,,,11.547,11.726,,,,7097.0,7097.0,7097.0,,19.867,54.733,,,,0.0,,,,,,,,,,16628.0,16657.0,0.0,0.0,30.0,0.0,30.0,0.0,30.0,0.0,0.0,15.0,0.0,0.0,0.0,0.0,0.0,0.0,battery2_v
2021-03-12T05:00:00Z,30.0,30.0,,,,,14389.133,14407.0,,,,11.599,11.636,,,,7097.0,7097.0,7097.0,,12.033,37.667,,,,0.0,,,,,,,,,,16658.0,16687.0,0.0,0.0,30.0,0.0,30.0,0.0,30.0,0.0,0.0,0.0,0.0,0.0,0.0,0.0,0.0,0.0,battery2_v
2021-03-12T06:00:00Z,30.0,30.0,,,,,14336.233,14898.0,,,,11.599,11.755,,,,7097.0,7097.0,7097.0,,22.133,41.767,,,,0.0,,,,,,,,,,16688.0,16717.0,0.0,0.0,30.0,0.0,30.0,0.0,30.0,0.0,0.0,5.0,0.0,0.0,0.0,0.0,0.0,0.0,battery2_v
2021-03-12T07:00:00Z,30.0,30.0,,,,,14405.7,14465.0,,,,11.547,11.679,,,,7097.0,7097.0,7097.0,,5.067,20.667,,,,0.0,,,,,,,,,,16718.0,16747.0,0.0,0.0,30.0,0.0,30.0,0.0,30.0,0.0,0.0,0.0,0.0,0.0,0.0,0.0,0.0,0.0,battery2_v
2021-03-12T08:00:00Z,30.0,30.0,,,,,14523.067,15085.0,,,,11.495,11.547,,,,7097.0,7097.0,7097.0,,0.64,12.4,,,,0.0,,,,,,,,,,16748.0,16777.0,0.0,0.0,30.0,0.0,30.0,0.0,30.0,0.0,0.0,0.0,0.0,0.0,0.0,0.0,0.0,0.0,battery2_v
2021-03-12T09:00:00Z,30.0,30.0,,,,,14563.967,14606.0,,,,11.438,11.49,,,,7097.0,7097.0,7097.0,,-7.433,26.067,,,,0.0,,,,,,,,,,16778.0,16807.0,0.0,0.0,30.0,0.0,30.0,0.0,30.0,0.0,0.0,0.0,0.0,0.0,0.0,0.0,0.0,0.0,battery2_v
2021-03-12T10:00:00Z,30.0,30.0,,,,,14638.067,14723.0,,,,11.296,11.438,,,,7097.0,7097.0,7097.0,,-27.833,9.2,,,,0.0,,,,,,,,,,16808.0,16837.0,0.0,0.0,30.0,0.0,30.0,0.0,30.0,0.0,5.0,0.0,0.0,0.0,0.0,0.0,0.0,0.0,battery2_v
2021-03-12T11:00:00Z,29.0,29.0,,,,,4822.241,14734.0,,,,11.291,11.457,,,,7097.0,7097.0,7097.0,,-11.897,25.897,,,,0.0,,,,,,,,,,16838.0,16866.0,0.0,0.0,29.0,0.0,29.0,0.0,29.0,0.0,3.0,1.0,0.0,0.0,0.0,0.0,0.0,0.0,battery2_v
2021-03-12T12:00:00Z,30.0,30.0,,,,,2718.767,2730.0,,,,11.442,11.452,,,,7097.0,7097.0,7097.0,,-3.6,49.0,,,,0.0,,,,,,,,,,16867.0,16896.0,0.0,0.0,30.0,0.0,30.0,0.0,30.0,0.0,0.0,10.0,0.0,0.0,0.0,0.0,0.0,0.0,battery2_v
2021-03-12T13:00:00Z,30.0,30.0,,,,,2733.333,2742.0,,,,11.433,11.447,,,,7097.0,7097.0,7097.0,,-2.724,60.433,,,,0.0,,,,,,,,,,16897.0,16926.0,0.0,0.0,30.0,0.0,30.0,0.0,30.0,0.0,0.0,27.0,0.0,0.0,0.0,0.0,0.0,0.0,battery2_v
2021-03-12T14:00:00Z,30.0,30.0,,,,,2753.367,2777.0,,,,11.428,11.442,,,,7097.0,7097.0,7097.0,,-1.556,78.133,,,,0.0,,,,,,,,,,16927.0,16956.0,0.0,0.0,30.0,0.0,30.0,0.0,30.0,0.0,0.0,30.0,0.0,0.0,0.0,0.0,0.0,0.0,battery2_v
2021-03-12T15:00:00Z,30.0,30.0,,,,,2771.833,2789.0,,,,11.424,11.438,,,,7097.0,7097.0,7097.0,,-2.37,64.833,,,,0.0,,,,,,,,,,16957.0,16986.0,0.0,0.0,30.0,0.0,30.0,0.0,30.0,0.0,0.0,27.0,0.0,0.0,0.0,0.0,0.0,0.0,battery2_v
2021-03-12T16:00:00Z,30.0,30.0,,,,,2777.0,2789.0,,,,11.419,11.428,,,,7097.0,7097.0,7097.0,,-3.233,55.867,,,,0.0,,,,,,,,,,16987.0,17016.0,0.0,0.0,30.0,0.0,30.0,0.0,30.0,0.0,0.0,22.0,0.0,0.0,0.0,0.0,0.0,0.0,battery2_v
2021-03-12T17:00:00Z,30.0,30.0,,,,,2789.6,2800.0,,,,11.414,11.428,,,,7097.0,7097.0,7097.0,,-3.167,53.0,,,,0.0,,,,,,,,,,17017.0,17046.0,0.0,0.0,30.0,0.0,30.0,0.0,30.0,0.0,0.0,19.0,0.0,0.0,0.0,0.0,0.0,0.0,battery2_v
2021-03-12T18:00:00Z,29.0,29.0,,,,,2794.69,2812.0,,,,11.409,11.424,,,,7097.0,7097.0,7097.0,,-3.034,55.517,,,,0.0,,,,,,,,,,17047.0,17076.0,0.0,0.0,29.0,0.0,29.0,0.0,29.0,0.0,0.0,24.0,0.0,0.0,0.0,0.0,0.0,0.0,battery2_v
2021-03-12T19:00:00Z,29.0,29.0,,,,,2809.931,2836.0,,,,11.405,11.414,,,,7097.0,7097.0,7097.0,,-3.172,56.069,,,,0.0,,,,,,,,,,17077.0,17105.0,0.0,0.0,29.0,0.0,29.0,0.0,29.0,0.0,0.0,25.0,0.0,0.0,0.0,0.0,0.0,0.0,battery2_v
2021-03-12T20:00:00Z,30.0,30.0,,,,,2820.8,2836.0,,,,11.4,11.409,,,,7097.0,7097.0,7097.0,,-2.967,57.2,,,,0.0,,,,,,,,,,17106.0,17135.0,0.0,0.0,30.0,0.0,30.0,0.0,30.0,0.0,0.0,25.0,0.0,0.0,0.0,0.0,0.0,0.0,battery2_v
2021-03-12T21:00:00Z,30.0,30.0,,,,,2833.9,2847.0,,,,11.39,11.405,,,,7097.0,7097.0,7097.0,,-2.9,58.067,,,,0.0,,,,,,,,,,17136.0,17165.0,0.0,0.0,30.0,0.0,30.0,0.0,30.0,0.0,0.0,29.0,0.0,0.0,0.0,0.0,0.0,0.0,battery2_v
2021-03-12T22:00:00Z,30.0,30.0,,,,,2917.8,3444.0,,,,11.386,11.4,,,,7097.0,7097.0,7097.0,,-2.8,56.633,,,,0.0,,,,,,,,,,17166.0,17195.0,0.0,0.0,30.0,0.0,30.0,0.0,30.0,0.0,0.0,25.0,0.0,0.0,0.0,0.0,0.0,0.0,battery2_v
2021-03-12T23:00:00Z,30.0,30.0,,,,,8154.8,14805.0,,,,11.234,11.395,,,,7097.0,7097.0,7097.0,,-11.103,52.733,,,,0.0,,,,,,,,,,17196.0,17225.0,0.0,0.0,30.0,0.0,30.0,0.0,30.0,0.0,2.0,20.0,0.0,0.0,0.0,0.0,0.0,0.0,battery2_v
2021-03-13T00:00:00Z,30.0,30.0,,,,,14378.067,14711.0,,,,11.324,11.367,,,,7097.0,7097.0,7097.0,,-17.3,38.333,,,,0.0,,,,,,,,,,17226.0,17255.0,0.0,0.0,30.0,0.0,30.0,0.0,30.0,0.0,0.0,2.0,0.0,0.0,0.0,0.0,0.0,0.0,battery2_v
2021-03-13T01:00:00Z,30.0,30.0,,,,,14644.3,15097.0,,,,11.319,11.57,,,,7097.0,7097.0,7097.0,,0.207,53.9,,,,0.0,,,,,,,,,,17256.0,17285.0,0.0,0.0,30.0,0.0,30.0,0.0,30.0,0.0,0.0,13.0,0.0,0.0,0.0,0.0,0.0,0.0,battery2_v
2021-03-13T02:00:00Z,30.0,30.0,,,,,14422.067,15027.0,,,,11.547,11.693,,,,7097.0,7097.0,7097.0,,29.3,87.467,,,,0.0,,,,,,,,,,17286.0,17315.0,0.0,0.0,30.0,0.0,30.0,0.0,30.0,0.0,0.0,30.0,0.0,0.0,0.0,0.0,0.0,0.0,battery2_v
2021-03-13T03:00:00Z,30.0,30.0,,,,,14286.7,14348.0,,,,11.646,11.783,,,,7097.0,7097.0,7097.0,,39.7,110.033,,,,0.0,,,,,,,,,,17316.0,17345.0,0.0,0.0,30.0,0.0,30.0,0.0,30.0,0.0,3.0,30.0,0.0,0.0,0.0,0.0,0.0,0.0,battery2_v
2021-03-13T04:00:00Z,29.0,29.0,,,,,14297.586,14383.0,,,,11.622,11.722,,,,7097.0,7097.0,7097.0,,32.138,98.172,,,,0.0,,,,,,,,,,17346.0,17374.0,0.0,0.0,29.0,0.0,29.0,0.0,29.0,0.0,0.0,29.0,0.0,0.0,0.0,0.0,0.0,0.0,battery2_v
2021-03-13T05:00:00Z,29.0,29.0,,,,,14355.138,14442.0,,,,11.565,11.679,,,,7097.0,7097.0,7097.0,,21.931,70.724,,,,0.0,,,,,,,,,,17375.0,17404.0,0.0,0.0,29.0,0.0,29.0,0.0,29.0,0.0,0.0,28.0,0.0,0.0,0.0,0.0,0.0,0.0,battery2_v
2021-03-13T06:00:00Z,30.0,30.0,,,,,14352.633,14442.0,,,,11.556,11.698,,,,7097.0,7097.0,7097.0,,20.267,58.133,,,,0.0,,,,,,,,,,17405.0,17434.0,0.0,0.0,30.0,0.0,30.0,0.0,30.0,0.0,0.0,23.0,0.0,0.0,0.0,0.0,0.0,0.0,battery2_v
2021-03-13T07:00:00Z,29.0,29.0,,,,,14441.931,15050.0,,,,11.537,11.636,,,,7097.0,7097.0,7097.0,,13.69,39.793,,,,0.0,,,,,,,,,,17435.0,17464.0,0.0,0.0,29.0,0.0,29.0,0.0,29.0,0.0,0.0,2.0,0.0,0.0,0.0,0.0,0.0,0.0,battery2_v
2021-03-13T08:00:00Z,28.0,28.0,,,,,14485.036,14559.0,,,,11.471,11.594,,,,7097.0,7097.0,7097.0,,4.333,28.25,,,,0.0,,,,,,,,,,17465.0,17494.0,0.0,0.0,28.0,0.0,28.0,0.0,28.0,0.0,0.0,0.0,0.0,0.0,0.0,0.0,0.0,0.0,battery2_v
2021-03-13T09:00:00Z,29.0,29.0,,,,,14583.552,14629.0,,,,11.409,11.495,,,,7097.0,7097.0,7097.0,,-8.074,24.793,,,,0.0,,,,,,,,,,17495.0,17523.0,0.0,0.0,29.0,0.0,29.0,0.0,29.0,0.0,0.0,0.0,0.0,0.0,0.0,0.0,0.0,0.0,battery2_v
2021-03-13T10:00:00Z,30.0,30.0,,,,,14685.367,14816.0,,,,11.225,11.405,,,,7097.0,7097.0,7097.0,,-27.733,8.033,,,,0.0,,,,,,,,,,17524.0,17553.0,0.0,0.0,30.0,0.0,30.0,0.0,30.0,0.0,5.0,0.0,0.0,0.0,0.0,0.0,0.0,0.0,battery2_v
2021-03-13T11:00:00Z,29.0,29.0,,,,,5817.793,14828.0,,,,11.211,11.376,,,,7097.0,7097.0,7097.0,,-11.379,31.862,,,,0.0,,,,,,,,,,17554.0,17583.0,0.0,0.0,29.0,0.0,29.0,0.0,29.0,0.0,3.0,6.0,0.0,0.0,0.0,0.0,0.0,0.0,battery2_v
2021-03-13T12:00:00Z,29.0,29.0,,,,,2906.931,2929.0,,,,11.362,11.372,,,,7097.0,7097.0,7097.0,,-4.034,47.0,,,,0.0,,,,,,,,,,17584.0,17613.0,0.0,0.0,29.0,0.0,29.0,0.0,29.0,0.0,0.0,6.0,0.0,0.0,0.0,0.0,0.0,0.0,battery2_v
2021-03-13T13:00:00Z,30.0,30.0,,,,,2920.333,2941.0,,,,11.353,11.367,,,,7097.0,7097.0,7097.0,,-3.9,47.533,,,,0.0,,,,,,,,,,17614.0,17643.0,0.0,0.0,30.0,0.0,30.0,0.0,30.0,0.0,0.0,7.0,0.0,0.0,0.0,0.0,0.0,0.0,battery2_v
2021-03-13T14:00:00Z,28.0,28.0,,,,,2939.714,2953.0,,,,11.353,11.362,,,,7097.0,7097.0,7097.0,,-3.893,50.214,,,,0.0,,,,,,,,,,17644.0,17672.0,0.0,0.0,28.0,0.0,28.0,0.0,28.0,0.0,0.0,12.0,0.0,0.0,0.0,0.0,0.0,0.0,battery2_v
2021-03-13T15:00:00Z,29.0,29.0,,,,,2968.207,2999.0,,,,11.348,11.357,,,,7097.0,7097.0,7097.0,,-3.655,52.345,,,,0.0,,,,,,,,,,17674.0,17702.0,0.0,0.0,29.0,0.0,29.0,0.0,29.0,0.0,0.0,18.0,0.0,0.0,0.0,0.0,0.0,0.0,battery2_v
2021-03-13T16:00:00Z,30.0,30.0,,,,,2998.467,3011.0,,,,11.334,11.353,,,,7097.0,7097.0,7097.0,,-3.567,53.233,,,,0.0,,,,,,,,,,17703.0,17732.0,0.0,0.0,30.0,0.0,30.0,0.0,30.0,0.0,0.0,23.0,0.0,0.0,0.0,0.0,0.0,0.0,battery2_v
2021-03-13T17:00:00Z,30.0,30.0,,,,,3009.0,3023.0,,,,11.324,11.343,,,,7097.0,7097.0,7097.0,,-3.6,51.633,,,,0.0,,,,,,,,,,17733.0,17762.0,0.0,0.0,30.0,0.0,30.0,0.0,30.0,0.0,0.0,16.0,0.0,0.0,0.0,0.0,0.0,0.0,battery2_v
2021-03-13T18:00:00Z,28.0,28.0,,,,,3022.893,3034.0,,,,11.329,11.338,,,,7097.0,7097.0,7097.0,,-3.357,54.0,,,,0.0,,,,,,,,,,17763.0,17792.0,0.0,0.0,28.0,0.0,28.0,0.0,28.0,0.0,0.0,20.0,0.0,0.0,0.0,0.0,0.0,0.0,battery2_v
2021-03-13T19:00:00Z,30.0,30.0,,,,,3034.167,3046.0,,,,11.319,11.334,,,,7097.0,7097.0,7097.0,,-3.367,55.867,,,,0.0,,,,,,,,,,17793.0,17822.0,0.0,0.0,30.0,0.0,30.0,0.0,30.0,0.0,0.0,23.0,0.0,0.0,0.0,0.0,0.0,0.0,battery2_v
2021-03-13T20:00:00Z,29.0,29.0,,,,,3045.586,3058.0,,,,11.305,11.324,,,,7097.0,7097.0,7097.0,,-3.069,56.724,,,,0.0,,,,,,,,,,17823.0,17852.0,0.0,0.0,29.0,0.0,29.0,0.0,29.0,0.0,0.0,24.0,0.0,0.0,0.0,0.0,0.0,0.0,battery2_v
2021-03-13T21:00:00Z,30.0,30.0,,,,,3054.0,3070.0,,,,11.301,11.319,,,,7097.0,7097.0,7097.0,,-3.033,62.433,,,,0.0,,,,,,,,,,17853.0,17882.0,0.0,0.0,30.0,0.0,30.0,0.0,30.0,0.0,0.0,30.0,0.0,0.0,0.0,0.0,0.0,0.0,battery2_v
2021-03-13T22:00:00Z,30.0,30.0,,,,,3198.833,4099.0,,,,11.296,11.31,,,,7097.0,7097.0,7097.0,,-2.7,62.933,,,,0.0,,,,,,,,,,17883.0,17912.0,0.0,0.0,30.0,0.0,30.0,0.0,30.0,0.0,0.0,29.0,0.0,0.0,0.0,0.0,0.0,0.0,battery2_v
2021-03-13T23:00:00Z,29.0,29.0,,,,,12444.552,14922.0,,,,11.135,11.301,,,,7097.0,7097.0,7097.0,,-17.897,42.655,,,,0.0,,,,,,,,,,17913.0,17941.0,0.0,0.0,29.0,0.0,29.0,0.0,29.0,0.0,4.0,9.0,0.0,0.0,0.0,0.0,0.0,0.0,battery2_v
2021-03-14T00:00:00Z,30.0,30.0,,,,,14728.267,14805.0,,,,11.249,11.457,,,,7097.0,7097.0,7097.0,,1.724,61.033,,,,0.0,,,,,,,,,,17942.0,17971.0,0.0,0.0,30.0,0.0,30.0,0.0,30.0,0.0,0.0,20.0,0.0,0.0,0.0,0.0,0.0,0.0,battery2_v
2021-03-14T01:00:00Z,30.0,30.0,,,,,14486.067,14571.0,,,,11.466,11.599,,,,7097.0,7097.0,7097.0,,28.9,84.7,,,,0.0,,,,,,,,,,17972.0,18001.0,0.0,0.0,30.0,0.0,30.0,0.0,30.0,0.0,0.0,30.0,0.0,0.0,0.0,0.0,0.0,0.0,battery2_v
2021-03-14T02:00:00Z,30.0,30.0,,,,,14430.633,15085.0,,,,11.542,11.712,,,,7097.0,7097.0,7097.0,,32.2,83.733,,,,0.0,,,,,,,,,,18002.0,18031.0,0.0,0.0,30.0,0.0,30.0,0.0,30.0,0.0,5.0,30.0,0.0,0.0,0.0,0.0,0.0,0.0,battery2_v
2021-03-14T03:00:00Z,30.0,30.0,,,,,14414.933,14512.0,,,,11.513,11.655,,,,7097.0,7097.0,7097.0,,29.8,93.7,,,,0.0,,,,,,,,,,18032.0,18061.0,0.0,0.0,30.0,0.0,30.0,0.0,30.0,0.0,0.0,30.0,0.0,0.0,0.0,0.0,0.0,0.0,battery2_v
2021-03-14T04:00:00Z,30.0,30.0,,,,,14458.567,15062.0,,,,11.565,11.608,,,,7097.0,7097.0,7097.0,,27.2,89.5,,,,0.0,,,,,,,,,,18062.0,18091.0,0.0,0.0,30.0,0.0,30.0,0.0,30.0,0.0,0.0,30.0,0.0,0.0,0.0,0.0,0.0,0.0,battery2_v
2021-03-14T05:00:00Z,30.0,30.0,,,,,14424.433,14442.0,,,,11.57,11.622,,,,7097.0,7097.0,7097.0,,25.0,76.8,,,,0.0,,,,,,,,,,18092.0,18121.0,0.0,0.0,30.0,0.0,30.0,0.0,30.0,0.0,0.0,30.0,0.0,0.0,0.0,0.0,0.0,0.0,battery2_v
2021-03-14T06:00:00Z,30.0,30.0,,,,,14427.867,14512.0,,,,11.513,11.651,,,,7097.0,7097.0,7097.0,,24.9,88.933,,,,0.0,,,,,,,,,,18122.0,18151.0,0.0,0.0,30.0,0.0,30.0,0.0,30.0,0.0,0.0,30.0,0.0,0.0,0.0,0.0,0.0,0.0,battery2_v
2021-03-14T07:00:00Z,27.0,27.0,,,,,14473.222,14559.0,,,,11.471,11.603,,,,7097.0,7097.0,7097.0,,16.889,87.778,,,,0.0,,,,,,,,,,18153.0,18180.0,0.0,0.0,27.0,0.0,27.0,0.0,27.0,0.0,0.0,27.0,0.0,0.0,0.0,0.0,0.0,0.0,battery2_v
2021-03-14T08:00:00Z,30.0,30.0,,,,,14582.7,15202.0,,,,11.428,11.537,,,,7097.0,7097.0,7097.0,,8.733,59.5,,,,0.0,,,,,,,,,,18181.0,18210.0,0.0,0.0,30.0,0.0,30.0,0.0,30.0,0.0,0.0,22.0,0.0,0.0,0.0,0.0,0.0,0.0,battery2_v
2021-03-14T09:00:00Z,13.0,13.0,,,,,14596.692,14653.0,,,,11.386,11.428,,,,7097.0,7097.0,7097.0,,-2.545,39.538,,,,0.0,,,,,,,,,,18211.0,18223.0,0.0,0.0,13.0,0.0,13.0,0.0,13.0,0.0,0.0,0.0,0.0,0.0,0.0,0.0,0.0,0.0,battery2_v
2021-03-14T10:00:00Z,29.0,29.0,,,,,14443.552,14910.0,,,,11.14,11.334,,,,7097.0,7097.0,7097.0,,-28.31,10.586,,,,0.0,,,,,,,,,,18238.0,18267.0,0.0,0.0,29.0,0.0,29.0,0.0,29.0,0.0,6.0,0.0,0.0,0.0,0.0,0.0,0.0,0.0,battery2_v
2021-03-14T11:00:00Z,30.0,30.0,,,,,5475.967,14933.0,,,,11.126,11.296,,,,7097.0,7097.0,7097.0,,-12.167,26.067,,,,0.0,,,,,,,,,,18268.0,18297.0,0.0,0.0,30.0,0.0,30.0,0.0,30.0,0.0,3.0,0.0,0.0,0.0,0.0,0.0,0.0,0.0,battery2_v
2021-03-14T12:00:00Z,30.0,30.0,,,,,3077.033,3093.0,,,,11.272,11.291,,,,7097.0,7097.0,7097.0,,-4.533,46.2,,,,0.0,,,,,,,,,,18298.0,18327.0,0.0,0.0,30.0,0.0,30.0,0.0,30.0,0.0,0.0,5.0,0.0,0.0,0.0,0.0,0.0,0.0,battery2_v
2021-03-14T13:00:00Z,30.0,30.0,,,,,3096.2,3105.0,,,,11.263,11.277,,,,7097.0,7097.0,7097.0,,-4.0,52.167,,,,0.0,,,,,,,,,,18328.0,18357.0,0.0,0.0,30.0,0.0,30.0,0.0,30.0,0.0,0.0,18.0,0.0,0.0,0.0,0.0,0.0,0.0,battery2_v
2021-03-14T14:00:00Z,29.0,29.0,,,,,3120.241,3140.0,,,,11.253,11.267,,,,7097.0,7097.0,7097.0,,-3.759,53.448,,,,0.0,,,,,,,,,,18358.0,18387.0,0.0,0.0,29.0,0.0,29.0,0.0,29.0,0.0,0.0,22.0,0.0,0.0,0.0,0.0,0.0,0.0,battery2_v
2021-03-14T15:00:00Z,29.0,29.0,,,,,3137.31,3151.0,,,,11.249,11.263,,,,7097.0,7097.0,7097.0,,-3.483,55.138,,,,0.0,,,,,,,,,,18388.0,18416.0,0.0,0.0,29.0,0.0,29.0,0.0,29.0,0.0,0.0,25.0,0.0,0.0,0.0,0.0,0.0,0.0,battery2_v
2021-03-14T16:00:00Z,30.0,30.0,,,,,3159.833,3187.0,,,,11.234,11.253,,,,7097.0,7097.0,7097.0,,-3.633,56.4,,,,0.0,,,,,,,,,,18417.0,18446.0,0.0,0.0,30.0,0.0,30.0,0.0,30.0,0.0,0.0,24.0,0.0,0.0,0.0,0.0,0.0,0.0,battery2_v
2021-03-14T17:00:00Z,30.0,30.0,,,,,3178.1,3198.0,,,,11.23,11.244,,,,7097.0,7097.0,7097.0,,-3.267,57.5,,,,0.0,,,,,,,,,,18447.0,18476.0,0.0,0.0,30.0,0.0,30.0,0.0,30.0,0.0,0.0,26.0,0.0,0.0,0.0,0.0,0.0,0.0,battery2_v
2021-03-14T18:00:00Z,30.0,30.0,,,,,3197.867,3210.0,,,,11.225,11.234,,,,7097.0,7097.0,7097.0,,-3.167,60.033,,,,0.0,,,,,,,,,,18477.0,18506.0,0.0,0.0,30.0,0.0,30.0,0.0,30.0,0.0,0.0,30.0,0.0,0.0,0.0,0.0,0.0,0.0,battery2_v
2021-03-14T19:00:00Z,30.0,30.0,,,,,3217.533,3233.0,,,,11.22,11.225,,,,7097.0,7097.0,7097.0,,-3.0,64.567,,,,0.0,,,,,,,,,,18507.0,18536.0,0.0,0.0,30.0,0.0,30.0,0.0,30.0,0.0,0.0,30.0,0.0,0.0,0.0,0.0,0.0,0.0,battery2_v
2021-03-14T20:00:00Z,27.0,27.0,,,,,3238.407,3257.0,,,,11.211,11.22,,,,7097.0,7097.0,7097.0,,-2.704,66.593,,,,0.0,,,,,,,,,,18537.0,18566.0,0.0,0.0,27.0,0.0,27.0,0.0,27.0,0.0,0.0,27.0,0.0,0.0,0.0,0.0,0.0,0.0,battery2_v
2021-03-14T21:00:00Z,28.0,28.0,,,,,3255.393,3268.0,,,,11.206,11.215,,,,7097.0,7097.0,7097.0,,-2.5,71.143,,,,0.0,,,,,,,,,,18567.0,18595.0,0.0,0.0,28.0,0.0,28.0,0.0,28.0,0.0,0.0,28.0,0.0,0.0,0.0,0.0,0.0,0.0,battery2_v
2021-03-14T22:00:00Z,29.0,29.0,,,,,3386.172,4076.0,,,,11.201,11.211,,,,7097.0,7097.0,7097.0,,-2.241,73.379,,,,0.0,,,,,,,,,,18596.0,18625.0,0.0,0.0,29.0,0.0,29.0,0.0,29.0,0.0,0.0,29.0,0.0,0.0,0.0,0.0,0.0,0.0,battery2_v
2021-03-14T23:00:00Z,30.0,30.0,,,,,11328.133,15050.0,,,,11.021,11.201,,,,7097.0,7097.0,7097.0,,-14.379,57.533,,,,0.0,,,,,,,,,,18626.0,18655.0,0.0,0.0,30.0,0.0,30.0,0.0,30.0,0.0,3.0,21.0,0.0,0.0,0.0,0.0,0.0,0.0,battery2_v
2021-03-15T00:00:00Z,30.0,30.0,,,,,14877.933,14922.0,,,,11.149,11.211,,,,7097.0,7097.0,7097.0,,-2.31,64.2,,,,0.0,,,,,,,,,,18656.0,18685.0,0.0,0.0,30.0,0.0,30.0,0.0,30.0,0.0,0.0,28.0,0.0,0.0,0.0,0.0,0.0,0.0,battery2_v
2021-03-15T01:00:00Z,30.0,30.0,,,,,14803.933,14851.0,,,,11.211,11.31,,,,7097.0,7097.0,7097.0,,12.933,83.567,,,,0.0,,,,,,,,,,18686.0,18715.0,0.0,0.0,30.0,0.0,30.0,0.0,30.0,0.0,0.0,30.0,0.0,0.0,0.0,0.0,0.0,0.0,battery2_v
2021-03-15T02:00:00Z,29.0,29.0,,,,,14677.621,14746.0,,,,11.305,11.424,,,,7097.0,7097.0,7097.0,,21.931,84.552,,,,0.0,,,,,,,,,,18716.0,18745.0,0.0,0.0,29.0,0.0,29.0,0.0,29.0,0.0,0.0,29.0,0.0,0.0,0.0,0.0,0.0,0.0,battery2_v
2021-03-15T03:00:00Z,29.0,29.0,,,,,14598.069,15238.0,,,,11.428,11.523,,,,7097.0,7097.0,7097.0,,31.207,86.483,,,,0.0,,,,,,,,,,18746.0,18774.0,0.0,0.0,29.0,0.0,29.0,0.0,29.0,0.0,0.0,29.0,0.0,0.0,0.0,0.0,0.0,0.0,battery2_v
2021-03-15T04:00:00Z,30.0,30.0,,,,,14454.867,15085.0,,,,11.513,11.622,,,,7097.0,7097.0,7097.0,,47.5,96.4,,,,0.0,,,,,,,,,,18775.0,18804.0,0.0,0.0,30.0,0.0,30.0,0.0,30.0,0.0,11.0,30.0,0.0,0.0,0.0,0.0,0.0,0.0,battery2_v
2021-03-15T05:00:00Z,30.0,30.0,,,,,14475.8,15156.0,,,,11.513,11.632,,,,7097.0,7097.0,7097.0,,41.533,81.767,,,,0.0,,,,,,,,,,18805.0,18834.0,0.0,0.0,30.0,0.0,30.0,0.0,30.0,0.0,6.0,30.0,0.0,0.0,0.0,0.0,0.0,0.0,battery2_v
2021-03-15T06:00:00Z,30.0,30.0,,,,,14498.5,15132.0,,,,11.485,11.618,,,,7097.0,7097.0,7097.0,,34.9,71.633,,,,0.0,,,,,,,,,,18835.0,18864.0,0.0,0.0,30.0,0.0,30.0,0.0,30.0,0.0,1.0,28.0,0.0,0.0,0.0,0.0,0.0,0.0,battery2_v
2021-03-15T07:00:00Z,30.0,30.0,,,,,14512.133,15144.0,,,,11.504,11.547,,,,7097.0,7097.0,7097.0,,28.6,56.9,,,,0.0,,,,,,,,,,18865.0,18894.0,0.0,0.0,30.0,0.0,30.0,0.0,30.0,0.0,0.0,26.0,0.0,0.0,0.0,0.0,0.0,0.0,battery2_v
2021-03-15T08:00:00Z,29.0,29.0,,,,,14621.069,14758.0,,,,11.362,11.495,,,,7097.0,7097.0,7097.0,,7.966,36.276,,,,0.0,,,,,,,,,,18895.0,18923.0,0.0,0.0,29.0,0.0,29.0,0.0,29.0,0.0,0.0,2.0,0.0,0.0,0.0,0.0,0.0,0.0,battery2_v
2021-03-15T09:00:00Z,29.0,29.0,,,,,14721.586,14781.0,,,,11.267,11.357,,,,7097.0,7097.0,7097.0,,-7.964,16.345,,,,0.0,,,,,,,,,,18925.0,18954.0,0.0,0.0,29.0,0.0,29.0,0.0,29.0,0.0,0.0,0.0,0.0,0.0,0.0,0.0,0.0,0.0,battery2_v
2021-03-15T10:00:00Z,29.0,29.0,,,,,14516.034,14992.0,,,,11.078,11.263,,,,7097.0,7097.0,7097.0,,-27.103,-2.0,,,,0.0,,,,,,,,,,18955.0,18983.0,0.0,0.0,29.0,0.0,29.0,0.0,29.0,0.0,4.0,0.0,0.0,0.0,0.0,0.0,0.0,0.0,battery2_v
2021-03-15T11:00:00Z,29.0,29.0,,,,,5718.586,15004.0,,,,11.059,11.22,,,,7097.0,7097.0,7097.0,,-15.207,14.069,,,,0.0,,,,,,,,,,18984.0,19013.0,0.0,0.0,29.0,0.0,29.0,0.0,29.0,0.0,4.0,0.0,0.0,0.0,0.0,0.0,0.0,0.0,battery2_v
2021-03-15T12:00:00Z,29.0,29.0,,,,,3294.414,3315.0,,,,11.182,11.206,,,,7097.0,7097.0,7097.0,,-5.897,36.897,,,,0.0,,,,,,,,,,19014.0,19043.0,0.0,0.0,29.0,0.0,29.0,0.0,29.0,0.0,0.0,0.0,0.0,0.0,0.0,0.0,0.0,0.0,battery2_v
2021-03-15T13:00:00Z,30.0,30.0,,,,,3334.733,3362.0,,,,11.168,11.187,,,,7097.0,7097.0,7097.0,,-4.967,43.133,,,,0.0,,,,,,,,,,19044.0,19073.0,0.0,0.0,30.0,0.0,30.0,0.0,30.0,0.0,0.0,3.0,0.0,0.0,0.0,0.0,0.0,0.0,battery2_v
2021-03-15T14:00:00Z,30.0,30.0,,,,,3375.2,3385.0,,,,11.154,11.173,,,,7097.0,7097.0,7097.0,,-2.609,74.067,,,,0.0,,,,,,,,,,19074.0,19103.0,0.0,0.0,30.0,0.0,30.0,0.0,30.0,0.0,0.0,28.0,0.0,0.0,0.0,0.0,0.0,0.0,battery2_v
2021-03-15T15:00:00Z,30.0,30.0,,,,,3402.2,3421.0,,,,11.14,11.159,,,,7097.0,7097.0,7097.0,,-2.8,68.633,,,,0.0,,,,,,,,,,19104.0,19133.0,0.0,0.0,30.0,0.0,30.0,0.0,30.0,0.0,0.0,30.0,0.0,0.0,0.0,0.0,0.0,0.0,battery2_v
2021-03-15T16:00:00Z,30.0,30.0,,,,,3425.767,3444.0,,,,11.126,11.144,,,,7097.0,7097.0,7097.0,,-3.267,65.167,,,,0.0,,,,,,,,,,19134.0,19163.0,0.0,0.0,30.0,0.0,30.0,0.0,30.0,0.0,0.0,30.0,0.0,0.0,0.0,0.0,0.0,0.0,battery2_v
2021-03-15T17:00:00Z,28.0,28.0,,,,,3447.357,3467.0,,,,11.111,11.135,,,,7097.0,7097.0,7097.0,,-3.214,62.25,,,,0.0,,,,,,,,,,19164.0,19192.0,0.0,0.0,28.0,0.0,28.0,0.0,28.0,0.0,0.0,25.0,0.0,0.0,0.0,0.0,0.0,0.0,battery2_v
2021-03-15T18:00:00Z,28.0,28.0,,,,,3470.607,3502.0,,,,11.097,11.121,,,,7097.0,7097.0,7097.0,,-3.643,61.321,,,,0.0,,,,,,,,,,19193.0,19222.0,0.0,0.0,28.0,0.0,28.0,0.0,28.0,0.0,0.0,26.0,0.0,0.0,0.0,0.0,0.0,0.0,battery2_v
2021-03-15T19:00:00Z,30.0,30.0,,,,,3502.3,3526.0,,,,11.088,11.107,,,,7097.0,7097.0,7097.0,,-3.233,61.467,,,,0.0,,,,,,,,,,19223.0,19252.0,0.0,0.0,30.0,0.0,30.0,0.0,30.0,0.0,0.0,27.0,0.0,0.0,0.0,0.0,0.0,0.0,battery2_v
2021-03-15T20:00:00Z,30.0,30.0,,,,,3534.433,3561.0,,,,11.064,11.092,,,,7097.0,7097.0,7097.0,,-3.367,62.367,,,,0.0,,,,,,,,,,19253.0,19282.0,0.0,0.0,30.0,0.0,30.0,0.0,30.0,0.0,0.0,24.0,0.0,0.0,0.0,0.0,0.0,0.0,battery2_v
2021-03-15T21:00:00Z,30.0,30.0,,,,,3571.433,3596.0,,,,11.055,11.073,,,,7097.0,7097.0,7097.0,,-3.207,67.767,,,,0.0,,,,,,,,,,19283.0,19312.0,0.0,0.0,30.0,0.0,30.0,0.0,30.0,0.0,0.0,28.0,0.0,0.0,0.0,0.0,0.0,0.0,battery2_v
2021-03-15T22:00:00Z,30.0,30.0,,,,,3812.833,5012.0,,,,11.045,11.064,,,,7097.0,7097.0,7097.0,,-3.074,73.567,,,,0.0,,,,,,,,,,19313.0,19342.0,0.0,0.0,30.0,0.0,30.0,0.0,30.0,0.0,0.0,30.0,0.0,0.0,0.0,0.0,0.0,0.0,battery2_v
2021-03-15T23:00:00Z,30.0,30.0,,,,,13089.533,15249.0,,,,10.846,11.05,,,,7097.0,7097.0,7097.0,,-21.533,46.133,,,,0.0,,,,,,,,,,19343.0,19372.0,0.0,0.0,30.0,0.0,30.0,0.0,30.0,0.0,6.0,13.0,0.0,0.0,0.0,0.0,0.0,0.0,battery2_v
2021-03-16T00:00:00Z,30.0,30.0,,,,,15092.8,15670.0,,,,10.974,11.064,,,,7097.0,7097.0,7097.0,,-1.31,63.967,,,,0.0,,,,,,,,,,19373.0,19402.0,0.0,0.0,30.0,0.0,30.0,0.0,30.0,0.0,0.0,25.0,0.0,0.0,0.0,0.0,0.0,0.0,battery2_v
2021-03-16T01:00:00Z,30.0,30.0,,,,,14914.367,15635.0,,,,11.064,11.305,,,,7097.0,7097.0,7097.0,,25.3,100.3,,,,0.0,,,,,,,,,,19403.0,19432.0,0.0,0.0,30.0,0.0,30.0,0.0,30.0,0.0,0.0,30.0,0.0,0.0,0.0,0.0,0.0,0.0,battery2_v
2021-03-16T02:00:00Z,19.0,19.0,,,,,14784.789,15366.0,,,,11.272,11.466,,,,7097.0,7097.0,7097.0,,39.316,113.368,,,,0.0,,,,,,,,,,19433.0,19460.0,0.0,0.0,19.0,0.0,19.0,0.0,19.0,0.0,3.0,19.0,0.0,0.0,0.0,0.0,0.0,0.0,battery2_v
2021-03-16T03:00:00Z,29.0,29.0,,,,,14655.379,15308.0,,,,11.376,11.447,,,,7097.0,7097.0,7097.0,,41.034,102.448,,,,0.0,,,,,,,,,,19461.0,19490.0,0.0,0.0,29.0,0.0,29.0,0.0,29.0,0.0,0.0,29.0,0.0,0.0,0.0,0.0,0.0,0.0,battery2_v
2021-03-16T04:00:00Z,30.0,30.0,,,,,14623.167,15284.0,,,,11.424,11.532,,,,7097.0,7097.0,7097.0,,44.433,97.867,,,,0.0,,,,,,,,,,19491.0,19520.0,0.0,0.0,30.0,0.0,30.0,0.0,30.0,0.0,4.0,30.0,0.0,0.0,0.0,0.0,0.0,0.0,battery2_v
2021-03-16T05:00:00Z,29.0,29.0,,,,,14566.724,14699.0,,,,11.381,11.518,,,,7097.0,7097.0,7097.0,,47.379,91.276,,,,0.0,,,,,,,,,,19521.0,19549.0,0.0,0.0,29.0,0.0,29.0,0.0,29.0,0.0,13.0,29.0,0.0,0.0,0.0,0.0,0.0,0.0,battery2_v
2021-03-16T06:00:00Z,30.0,30.0,,,,,14641.267,15296.0,,,,11.395,11.509,,,,7097.0,7097.0,7097.0,,36.7,76.533,,,,0.0,,,,,,,,,,19550.0,19579.0,0.0,0.0,30.0,0.0,30.0,0.0,30.0,0.0,2.0,29.0,0.0,0.0,0.0,0.0,0.0,0.0,battery2_v
2021-03-16T07:00:00Z,30.0,30.0,,,,,14641.2,15238.0,,,,11.376,11.466,,,,7097.0,7097.0,7097.0,,29.8,65.867,,,,0.0,,,,,,,,,,19580.0,19609.0,0.0,0.0,30.0,0.0,30.0,0.0,30.0,0.0,0.0,26.0,0.0,0.0,0.0,0.0,0.0,0.0,battery2_v
2021-03-16T08:00:00Z,30.0,30.0,,,,,14767.233,15378.0,,,,11.244,11.367,,,,7097.0,7097.0,7097.0,,9.8,46.7,,,,0.0,,,,,,,,,,19610.0,19639.0,0.0,0.0,30.0,0.0,30.0,0.0,30.0,0.0,0.0,9.0,0.0,0.0,0.0,0.0,0.0,0.0,battery2_v
2021-03-16T09:00:00Z,30.0,30.0,,,,,14885.033,15425.0,,,,11.149,11.234,,,,7097.0,7097.0,7097.0,,-4.111,60.6,,,,0.0,,,,,,,,,,19640.0,19669.0,0.0,0.0,30.0,0.0,30.0,0.0,30.0,0.0,0.0,28.0,0.0,0.0,0.0,0.0,0.0,0.0,battery2_v
2021-03-16T10:00:00Z,30.0,30.0,,,,,14414.233,15132.0,,,,10.936,11.144,,,,7097.0,7097.0,7097.0,,-21.5,39.9,,,,0.0,,,,,,,,,,19670.0,19699.0,0.0,0.0,30.0,0.0,30.0,0.0,30.0,0.0,3.0,8.0,0.0,0.0,0.0,0.0,0.0,0.0,battery2_v
2021-03-16T11:00:00Z,30.0,30.0,,,,,5933.4,15191.0,,,,10.903,11.078,,,,7097.0,7097.0,7097.0,,-14.345,48.367,,,,0.0,,,,,,,,,,19700.0,19729.0,0.0,0.0,30.0,0.0,30.0,0.0,30.0,0.0,5.0,19.0,0.0,0.0,0.0,0.0,0.0,0.0,battery2_v
2021-03-16T12:00:00Z,29.0,29.0,,,,,3631.103,3666.0,,,,11.031,11.064,,,,7097.0,7097.0,7097.0,,-2.13,82.379,,,,0.0,,,,,,,,,,19730.0,19759.0,0.0,0.0,29.0,0.0,29.0,0.0,29.0,0.0,0.0,29.0,0.0,0.0,0.0,0.0,0.0,0.0,battery2_v
2021-03-16T13:00:00Z,28.0,28.0,,,,,3720.179,3760.0,,,,10.988,11.031,,,,7097.0,7097.0,7097.0,,-2.929,72.0,,,,0.0,,,,,,,,,,19760.0,19788.0,0.0,0.0,28.0,0.0,28.0,0.0,28.0,0.0,0.0,28.0,0.0,0.0,0.0,0.0,0.0,0.0,battery2_v
2021-03-16T14:00:00Z,30.0,30.0,,,,,3802.067,3853.0,,,,10.936,10.984,,,,7097.0,7097.0,7097.0,,-2.933,75.167,,,,0.0,,,,,,,,,,19789.0,19818.0,0.0,0.0,30.0,0.0,30.0,0.0,30.0,0.0,0.0,30.0,0.0,0.0,0.0,0.0,0.0,0.0,battery2_v
2021-03-16T15:00:00Z,30.0,30.0,,,,,3920.867,4006.0,,,,10.875,10.936,,,,7097.0,7097.0,7097.0,,-3.133,72.5,,,,0.0,,,,,,,,,,19819.0,19848.0,0.0,0.0,30.0,0.0,30.0,0.0,30.0,0.0,0.0,30.0,0.0,0.0,0.0,0.0,0.0,0.0,battery2_v
2021-03-16T16:00:00Z,30.0,30.0,,,,,4133.133,4263.0,,,,10.761,10.879,,,,7097.0,7097.0,7097.0,,-3.467,69.533,,,,0.0,,,,,,,,,,19849.0,19878.0,0.0,0.0,30.0,0.0,30.0,0.0,30.0,0.0,0.0,30.0,0.0,0.0,0.0,0.0,0.0,0.0,battery2_v
2021-03-16T17:00:00Z,30.0,30.0,,,,,4448.933,4591.0,,,,10.605,10.752,,,,7097.0,7097.0,7097.0,,-3.3,76.8,,,,0.0,,,,,,,,,,19879.0,19908.0,0.0,0.0,30.0,0.0,30.0,0.0,30.0,0.0,0.0,30.0,0.0,0.0,0.0,0.0,0.0,0.0,battery2_v
2021-03-16T18:00:00Z,30.0,30.0,,,,,4759.433,4895.0,,,,10.458,10.6,,,,7097.0,7097.0,7097.0,,-4.133,74.4,,,,0.0,,,,,,,,,,19909.0,19938.0,0.0,0.0,30.0,0.0,30.0,0.0,30.0,0.0,0.0,30.0,0.0,0.0,0.0,0.0,0.0,0.0,battery2_v
2021-03-16T19:00:00Z,30.0,30.0,,,,,5000.833,5105.0,,,,10.354,10.449,,,,7097.0,7097.0,7097.0,,-4.833,73.033,,,,0.0,,,,,,,,,,19939.0,19968.0,0.0,0.0,30.0,0.0,30.0,0.0,30.0,0.0,0.0,30.0,0.0,0.0,0.0,0.0,0.0,0.0,battery2_v
2021-03-16T20:00:00Z,30.0,30.0,,,,,5196.167,5269.0,,,,10.283,10.35,,,,7097.0,7097.0,7097.0,,-5.333,71.133,,,,0.0,,,,,,,,,,19969.0,19998.0,0.0,0.0,30.0,0.0,30.0,0.0,30.0,0.0,0.0,30.0,0.0,0.0,0.0,0.0,0.0,0.0,battery2_v
2021-03-16T21:00:00Z,30.0,30.0,,,,,5331.2,5398.0,,,,10.217,10.283,,,,7097.0,7097.0,7097.0,,-5.467,72.267,,,,0.0,,,,,,,,,,19999.0,20028.0,0.0,0.0,30.0,0.0,30.0,0.0,30.0,0.0,0.0,30.0,0.0,0.0,0.0,0.0,0.0,0.0,battery2_v
2021-03-16T22:00:00Z,30.0,30.0,,,,,5710.267,7083.0,,,,10.165,10.222,,,,7097.0,7097.0,7097.0,,-5.533,73.867,,,,0.0,,,,,,,,,,20029.0,20058.0,0.0,0.0,30.0,0.0,30.0,0.0,30.0,0.0,0.0,30.0,0.0,0.0,0.0,0.0,0.0,0.0,battery2_v
2021-03-16T23:00:00Z,29.0,29.0,,,,,14322.586,16361.0,,,,9.848,10.165,,,,7097.0,7097.0,7097.0,,-29.724,42.931,,,,0.0,,,,,,,,,,20059.0,20087.0,0.0,0.0,29.0,0.0,29.0,0.0,29.0,0.0,9.0,13.0,0.0,0.0,0.0,0.0,0.0,0.0,battery2_v
2021-03-17T00:00:00Z,29.0,29.0,,,,,16166.586,16700.0,,,,10.009,10.184,,,,7097.0,7097.0,7097.0,,-2.0,67.483,,,,0.0,,,,,,,,,,20088.0,20117.0,0.0,0.0,29.0,0.0,29.0,0.0,29.0,0.0,0.0,29.0,0.0,0.0,0.0,0.0,0.0,0.0,battery2_v
2021-03-17T01:00:00Z,30.0,30.0,,,,,15872.833,16033.0,,,,10.175,10.52,,,,7097.0,7097.0,7097.0,,17.7,84.767,,,,0.0,,,,,,,,,,20118.0,20147.0,0.0,0.0,30.0,0.0,30.0,0.0,30.0,0.0,0.0,30.0,0.0,0.0,0.0,0.0,0.0,0.0,battery2_v
2021-03-17T02:00:00Z,30.0,30.0,,,,,15584.667,16150.0,,,,10.454,10.7,,,,7097.0,7097.0,7097.0,,33.5,97.533,,,,0.0,,,,,,,,,,20148.0,20177.0,0.0,0.0,30.0,0.0,30.0,0.0,30.0,0.0,0.0,30.0,0.0,0.0,0.0,0.0,0.0,0.0,battery2_v
2021-03-17T03:00:00Z,30.0,30.0,,,,,15481.633,16138.0,,,,10.629,10.761,,,,7097.0,7097.0,7097.0,,33.933,88.233,,,,0.0,,,,,,,,,,20178.0,20207.0,0.0,0.0,30.0,0.0,30.0,0.0,30.0,0.0,0.0,30.0,0.0,0.0,0.0,0.0,0.0,0.0,battery2_v
2021-03-17T04:00:00Z,30.0,30.0,,,,,15338.567,16045.0,,,,10.752,10.946,,,,7097.0,7097.0,7097.0,,33.333,80.933,,,,0.0,,,,,,,,,,20208.0,20237.0,0.0,0.0,30.0,0.0,30.0,0.0,30.0,0.0,0.0,30.0,0.0,0.0,0.0,0.0,0.0,0.0,battery2_v
2021-03-17T05:00:00Z,30.0,30.0,,,,,14975.033,15542.0,,,,10.903,11.253,,,,7097.0,7097.0,7097.0,,49.267,90.8,,,,0.0,,,,,,,,,,20238.0,20267.0,0.0,0.0,30.0,0.0,30.0,0.0,30.0,0.0,16.0,30.0,0.0,0.0,0.0,0.0,0.0,0.0,battery2_v
2021-03-17T06:00:00Z,29.0,29.0,,,,,14969.655,15589.0,,,,11.121,11.244,,,,7097.0,7097.0,7097.0,,33.345,72.448,,,,0.0,,,,,,,,,,20268.0,20297.0,0.0,0.0,29.0,0.0,29.0,0.0,29.0,0.0,0.0,29.0,0.0,0.0,0.0,0.0,0.0,0.0,battery2_v
2021-03-17T07:00:00Z,29.0,29.0,,,,,15004.379,15600.0,,,,11.04,11.144,,,,7097.0,7097.0,7097.0,,20.448,51.069,,,,0.0,,,,,,,,,,20298.0,20326.0,0.0,0.0,29.0,0.0,29.0,0.0,29.0,0.0,0.0,16.0,0.0,0.0,0.0,0.0,0.0,0.0,battery2_v
2021-03-17T08:00:00Z,30.0,30.0,,,,,15193.867,15869.0,,,,10.832,11.026,,,,7097.0,7097.0,7097.0,,5.897,37.267,,,,0.0,,,,,,,,,,20327.0,20356.0,0.0,0.0,30.0,0.0,30.0,0.0,30.0,0.0,0.0,1.0,0.0,0.0,0.0,0.0,0.0,0.0,battery2_v
2021-03-17T09:00:00Z,30.0,30.0,,,,,15230.1,15963.0,,,,10.482,10.818,,,,7097.0,7097.0,7097.0,,-8.724,20.4,,,,0.0,,,,,,,,,,20357.0,20386.0,0.0,0.0,30.0,0.0,30.0,0.0,30.0,0.0,0.0,0.0,0.0,0.0,0.0,0.0,0.0,0.0,battery2_v
2021-03-17T10:00:00Z,29.0,29.0,,,,,15298.103,16162.0,,,,10.014,10.468,,,,7097.0,7097.0,7097.0,,-28.724,2.103,,,,0.0,,,,,,,,,,20387.0,20416.0,0.0,0.0,29.0,0.0,29.0,0.0,29.0,0.0,4.0,0.0,0.0,0.0,0.0,0.0,0.0,0.0,battery2_v
2021-03-17T11:00:00Z,30.0,30.0,,,,,6640.8,16220.0,,,,9.976,10.189,,,,7097.0,7097.0,7097.0,,-13.533,23.567,,,,0.0,,,,,,,,,,20417.0,20446.0,0.0,0.0,30.0,0.0,30.0,0.0,30.0,0.0,2.0,0.0,0.0,0.0,0.0,0.0,0.0,0.0,battery2_v
2021-03-17T12:00:00Z,30.0,30.0,,,,,5617.467,5679.0,,,,10.085,10.156,,,,7097.0,7097.0,7097.0,,-8.267,40.1,,,,0.0,,,,,,,,,,20447.0,20476.0,0.0,0.0,30.0,0.0,30.0,0.0,30.0,0.0,0.0,4.0,0.0,0.0,0.0,0.0,0.0,0.0,battery2_v
2021-03-17T13:00:00Z,30.0,30.0,,,,,5754.3,5819.0,,,,10.023,10.085,,,,7097.0,7097.0,7097.0,,-8.3,45.967,,,,0.0,,,,,,,,,,20477.0,20506.0,0.0,0.0,30.0,0.0,30.0,0.0,30.0,0.0,0.0,6.0,0.0,0.0,0.0,0.0,0.0,0.0,battery2_v
2021-03-17T14:00:00Z,30.0,30.0,,,,,5901.333,5971.0,,,,9.971,10.023,,,,7097.0,7097.0,7097.0,,-8.133,49.667,,,,0.0,,,,,,,,,,20507.0,20536.0,0.0,0.0,30.0,0.0,30.0,0.0,30.0,0.0,0.0,11.0,0.0,0.0,0.0,0.0,0.0,0.0,battery2_v
2021-03-17T15:00:00Z,30.0,30.0,,,,,6023.9,6065.0,,,,9.914,9.966,,,,7097.0,7097.0,7097.0,,-8.067,51.6,,,,0.0,,,,,,,,,,20537.0,20566.0,0.0,0.0,30.0,0.0,30.0,0.0,30.0,0.0,0.0,15.0,0.0,0.0,0.0,0.0,0.0,0.0,battery2_v
2021-03-17T16:00:00Z,29.0,29.0,,,,,6129.207,6193.0,,,,9.862,9.914,,,,7097.0,7097.0,7097.0,,-7.931,55.759,,,,0.0,,,,,,,,,,20567.0,20595.0,0.0,0.0,29.0,0.0,29.0,0.0,29.0,0.0,0.0,24.0,0.0,0.0,0.0,0.0,0.0,0.0,battery2_v
2021-03-17T17:00:00Z,30.0,30.0,,,,,6258.2,6322.0,,,,9.81,9.867,,,,7097.0,7097.0,7097.0,,-7.867,62.933,,,,0.0,,,,,,,,,,20596.0,20625.0,0.0,0.0,30.0,0.0,30.0,0.0,30.0,0.0,0.0,30.0,0.0,0.0,0.0,0.0,0.0,0.0,battery2_v
2021-03-17T18:00:00Z,29.0,29.0,,,,,6389.138,6439.0,,,,9.749,9.81,,,,7097.0,7097.0,7097.0,,-8.034,61.103,,,,0.0,,,,,,,,,,20626.0,20655.0,0.0,0.0,29.0,0.0,29.0,0.0,29.0,0.0,0.0,29.0,0.0,0.0,0.0,0.0,0.0,0.0,battery2_v
2021-03-17T19:00:00Z,30.0,30.0,,,,,6514.067,6603.0,,,,9.683,9.744,,,,7097.0,7097.0,7097.0,,-7.833,66.8,,,,0.0,,,,,,,,,,20656.0,20685.0,0.0,0.0,30.0,0.0,30.0,0.0,30.0,0.0,0.0,30.0,0.0,0.0,0.0,0.0,0.0,0.0,battery2_v
2021-03-17T20:00:00Z,30.0,30.0,,,,,6709.733,6825.0,,,,9.564,9.683,,,,7097.0,7097.0,7097.0,,-8.1,66.233,,,,0.0,,,,,,,,,,20686.0,20715.0,0.0,0.0,30.0,0.0,30.0,0.0,30.0,0.0,0.0,30.0,0.0,0.0,0.0,0.0,0.0,0.0,battery2_v
2021-03-17T21:00:00Z,30.0,30.0,,,,,7081.933,7352.0,,,,9.38,9.564,,,,7097.0,7097.0,7097.0,,-8.7,66.233,,,,0.0,,,,,,,,,,20716.0,20745.0,0.0,0.0,30.0,0.0,30.0,0.0,30.0,0.0,0.0,30.0,0.0,0.0,0.0,0.0,0.0,0.0,battery2_v
2021-03-17T22:00:00Z,30.0,30.0,,,,,7871.167,9423.0,,,,9.191,9.384,,,,7097.0,7097.0,7097.0,,-9.2,66.867,,,,0.0,,,,,,,,,,20746.0,20775.0,0.0,0.0,30.0,0.0,30.0,0.0,30.0,0.0,0.0,30.0,0.0,0.0,0.0,0.0,0.0,0.0,battery2_v
2021-03-17T23:00:00Z,29.0,29.0,,,,,16543.138,17812.0,,,,8.575,9.181,,,,7097.0,7097.0,7097.0,,-30.552,37.0,,,,0.0,,,,,,,,,,20776.0,20805.0,0.0,0.0,29.0,0.0,29.0,0.0,29.0,0.0,6.0,7.0,0.0,0.0,0.0,0.0,0.0,0.0,battery2_v
2021-03-18T00:00:00Z,30.0,30.0,,,,,17758.967,18280.0,,,,8.642,8.67,,,,7097.0,7097.0,7097.0,,-12.167,48.867,,,,0.0,,,,,,,,,,20806.0,20835.0,0.0,0.0,30.0,0.0,30.0,0.0,30.0,0.0,0.0,14.0,0.0,0.0,0.0,0.0,0.0,0.0,battery2_v
2021-03-18T01:00:00Z,29.0,29.0,,,,,17655.0,17741.0,,,,8.651,8.916,,,,7097.0,7097.0,7097.0,,0.429,62.759,,,,0.0,,,,,,,,,,20836.0,20864.0,0.0,0.0,29.0,0.0,29.0,0.0,29.0,0.0,0.0,29.0,0.0,0.0,0.0,0.0,0.0,0.0,battery2_v
2021-03-18T02:00:00Z,30.0,30.0,,,,,17382.2,18034.0,,,,8.864,9.451,,,,7097.0,7097.0,7097.0,,12.033,73.367,,,,0.0,,,,,,,,,,20865.0,20894.0,0.0,0.0,30.0,0.0,30.0,0.0,30.0,0.0,0.0,30.0,0.0,0.0,0.0,0.0,0.0,0.0,battery2_v
2021-03-18T03:00:00Z,30.0,30.0,,,,,16410.667,17308.0,,,,9.342,10.321,,,,7097.0,7097.0,7097.0,,41.833,101.7,,,,0.0,,,,,,,,,,20895.0,20924.0,0.0,0.0,30.0,0.0,30.0,0.0,30.0,0.0,7.0,30.0,0.0,0.0,0.0,0.0,0.0,0.0,battery2_v
2021-03-18T04:00:00Z,30.0,30.0,,,,,15795.367,16361.0,,,,10.189,10.61,,,,7097.0,7097.0,7097.0,,50.067,103.9,,,,0.0,,,,,,,,,,20925.0,20954.0,0.0,0.0,30.0,0.0,30.0,0.0,30.0,0.0,14.0,30.0,0.0,0.0,0.0,0.0,0.0,0.0,battery2_v
2021-03-18T05:00:00Z,30.0,30.0,,,,,15652.1,16244.0,,,,10.468,10.686,,,,7097.0,7097.0,7097.0,,50.9,99.767,,,,0.0,,,,,,,,,,20955.0,20984.0,0.0,0.0,30.0,0.0,30.0,0.0,30.0,0.0,19.0,30.0,0.0,0.0,0.0,0.0,0.0,0.0,battery2_v
2021-03-18T06:00:00Z,30.0,30.0,,,,,15593.967,15682.0,,,,10.463,10.657,,,,7097.0,7097.0,7097.0,,38.2,79.8,,,,0.0,,,,,,,,,,20985.0,21014.0,0.0,0.0,30.0,0.0,30.0,0.0,30.0,0.0,3.0,30.0,0.0,0.0,0.0,0.0,0.0,0.0,battery2_v
2021-03-18T07:00:00Z,29.0,29.0,,,,,15667.552,15799.0,,,,10.354,10.605,,,,7097.0,7097.0,7097.0,,24.862,64.759,,,,0.0,,,,,,,,,,21015.0,21044.0,0.0,0.0,29.0,0.0,29.0,0.0,29.0,0.0,0.0,26.0,0.0,0.0,0.0,0.0,0.0,0.0,battery2_v
2021-03-18T08:00:00Z,30.0,30.0,,,,,15941.5,16677.0,,,,10.127,10.52,,,,7097.0,7097.0,7097.0,,7.593,42.5,,,,0.0,,,,,,,,,,21045.0,21074.0,0.0,0.0,30.0,0.0,30.0,0.0,30.0,0.0,0.0,10.0,0.0,0.0,0.0,0.0,0.0,0.0,battery2_v
2021-03-18T09:00:00Z,30.0,30.0,,,,,16207.0,16408.0,,,,9.834,10.184,,,,7097.0,7097.0,7097.0,,-7.759,25.167,,,,0.0,,,,,,,,,,21075.0,21104.0,0.0,0.0,30.0,0.0,30.0,0.0,30.0,0.0,0.0,0.0,0.0,0.0,0.0,0.0,0.0,0.0,battery2_v
2021-03-18T10:00:00Z,30.0,30.0,,,,,16442.667,17250.0,,,,9.082,9.81,,,,7097.0,7097.0,7097.0,,-30.633,2.1,,,,0.0,,,,,,,,,,21105.0,21134.0,0.0,0.0,30.0,0.0,30.0,0.0,30.0,0.0,3.0,0.0,0.0,0.0,0.0,0.0,0.0,0.0,battery2_v
2021-03-18T11:00:00Z,28.0,28.0,,,,,8889.071,17344.0,,,,8.982,9.233,,,,7097.0,7097.0,7097.0,,-17.214,19.607,,,,0.0,,,,,,,,,,21135.0,21163.0,0.0,0.0,28.0,0.0,28.0,0.0,28.0,0.0,2.0,1.0,0.0,0.0,0.0,0.0,0.0,0.0,battery2_v
2021-03-18T12:00:00Z,29.0,29.0,,,,,8230.0,8569.0,,,,8.807,9.091,,,,7097.0,7097.0,7097.0,,-13.069,28.241,,,,0.0,,,,,,,,,,21164.0,21193.0,0.0,0.0,29.0,0.0,29.0,0.0,29.0,0.0,0.0,0.0,0.0,0.0,0.0,0.0,0.0,0.0,battery2_v
2021-03-18T13:00:00Z,29.0,29.0,,,,,8879.138,9154.0,,,,8.523,8.798,,,,7097.0,7097.0,7097.0,,-14.103,29.862,,,,0.0,,,,,,,,,,21194.0,21223.0,0.0,0.0,29.0,0.0,29.0,0.0,29.0,0.0,0.0,0.0,0.0,0.0,0.0,0.0,0.0,0.0,battery2_v
2021-03-18T14:00:00Z,30.0,30.0,,,,,9419.467,9645.0,,,,8.315,8.519,,,,7097.0,7097.0,7097.0,,-15.067,32.5,,,,0.0,,,,,,,,,,21224.0,21253.0,0.0,0.0,30.0,0.0,30.0,0.0,30.0,0.0,0.0,0.0,0.0,0.0,0.0,0.0,0.0,0.0,battery2_v
2021-03-18T15:00:00Z,28.0,28.0,,,,,9841.821,10008.0,,,,8.107,8.311,,,,7097.0,7097.0,7097.0,,-15.857,34.607,,,,0.0,,,,,,,,,,21254.0,21282.0,0.0,0.0,28.0,0.0,28.0,0.0,28.0,0.0,0.0,0.0,0.0,0.0,0.0,0.0,0.0,0.0,battery2_v
2021-03-18T16:00:00Z,28.0,28.0,,,,,10168.821,10300.0,,,,7.979,8.102,,,,7097.0,7097.0,7097.0,,-16.429,38.179,,,,0.0,,,,,,,,,,21283.0,21312.0,0.0,0.0,28.0,0.0,28.0,0.0,28.0,0.0,0.0,0.0,0.0,0.0,0.0,0.0,0.0,0.0,battery2_v
2021-03-18T17:00:00Z,29.0,29.0,,,,,10425.655,10534.0,,,,7.866,7.975,,,,7097.0,7097.0,7097.0,,-17.345,33.793,,,,0.0,,,,,,,,,,21313.0,21342.0,0.0,0.0,29.0,0.0,29.0,0.0,29.0,0.0,0.0,0.0,0.0,0.0,0.0,0.0,0.0,0.0,battery2_v
2021-03-18T18:00:00Z,30.0,30.0,,,,,10651.867,10756.0,,,,7.762,7.875,,,,7097.0,7097.0,7097.0,,-18.067,33.333,,,,0.0,,,,,,,,,,21343.0,21372.0,0.0,0.0,30.0,0.0,30.0,0.0,30.0,0.0,0.0,0.0,0.0,0.0,0.0,0.0,0.0,0.0,battery2_v
2021-03-18T19:00:00Z,30.0,30.0,,,,,10866.767,10944.0,,,,7.677,7.762,,,,7097.0,7097.0,7097.0,,-18.833,33.0,,,,0.0,,,,,,,,,,21373.0,21402.0,0.0,0.0,30.0,0.0,30.0,0.0,30.0,0.0,0.0,0.0,0.0,0.0,0.0,0.0,0.0,0.0,battery2_v
2021-03-18T20:00:00Z,29.0,29.0,,,,,11050.483,11143.0,,,,7.587,7.672,,,,7097.0,7097.0,7097.0,,-19.586,32.966,,,,0.0,,,,,,,,,,21403.0,21431.0,0.0,0.0,29.0,0.0,29.0,0.0,29.0,0.0,0.0,0.0,0.0,0.0,0.0,0.0,0.0,0.0,battery2_v
2021-03-18T21:00:00Z,30.0,30.0,,,,,11233.433,11306.0,,,,7.506,7.587,,,,7097.0,7097.0,7097.0,,-20.167,31.4,,,,0.0,,,,,,,,,,21432.0,21461.0,0.0,0.0,30.0,0.0,30.0,0.0,30.0,0.0,0.0,0.0,0.0,0.0,0.0,0.0,0.0,0.0,battery2_v
2021-03-18T22:00:00Z,29.0,29.0,,,,,11691.207,13132.0,,,,7.426,7.502,,,,7097.0,7097.0,7097.0,,-20.586,32.31,,,,0.0,,,,,,,,,,21462.0,21491.0,0.0,0.0,29.0,0.0,29.0,0.0,29.0,0.0,0.0,0.0,0.0,0.0,0.0,0.0,0.0,0.0,battery2_v
2021-03-18T23:00:00Z,30.0,30.0,,,,,18650.467,20374.0,,,,6.395,7.421,,,,7097.0,7097.0,7097.0,,-58.9,-37.1,,,,0.0,,,,,,,,,,1.0,21501.0,0.0,0.0,30.0,0.0,30.0,0.0,30.0,0.0,11.0,5.0,0.0,0.0,0.0,0.0,0.0,0.0,battery2_v
2021-03-19T00:00:00Z,30.0,30.0,,,,,19424.233,19578.0,,,,7.028,7.237,,,,7097.0,7097.0,7097.0,,-24.8,18.067,,,,0.0,,,,,,,,,,17.0,46.0,0.0,0.0,30.0,0.0,30.0,0.0,30.0,0.0,0.0,0.0,0.0,0.0,0.0,0.0,0.0,0.0,battery2_v
2021-03-19T01:00:00Z,29.0,29.0,,,,,19090.931,19309.0,,,,7.256,7.587,,,,7097.0,7097.0,7097.0,,-6.593,33.862,,,,0.0,,,,,,,,,,47.0,76.0,0.0,0.0,29.0,0.0,29.0,0.0,29.0,0.0,0.0,0.0,0.0,0.0,0.0,0.0,0.0,0.0,battery2_v
2021-03-19T02:00:00Z,30.0,30.0,,,,,18785.733,19590.0,,,,7.591,7.913,,,,7097.0,7097.0,7097.0,,2.517,40.5,,,,0.0,,,,,,,,,,77.0,106.0,0.0,0.0,30.0,0.0,30.0,0.0,30.0,0.0,0.0,0.0,0.0,0.0,0.0,0.0,0.0,0.0,battery2_v
2021-03-19T03:00:00Z,30.0,30.0,,,,,18370.867,18525.0,,,,7.937,8.287,,,,7097.0,7097.0,7097.0,,10.467,44.867,,,,0.0,,,,,,,,,,107.0,136.0,0.0,0.0,30.0,0.0,30.0,0.0,30.0,0.0,0.0,5.0,0.0,0.0,0.0,0.0,0.0,0.0,battery2_v
2021-03-19T04:00:00Z,29.0,29.0,,,,,17794.69,18174.0,,,,8.315,9.063,,,,7097.0,7097.0,7097.0,,31.69,61.241,,,,0.0,,,,,,,,,,137.0,165.0,0.0,0.0,29.0,0.0,29.0,0.0,29.0,0.0,3.0,22.0,0.0,0.0,0.0,0.0,0.0,0.0,battery2_v
2021-03-19T05:00:00Z,30.0,30.0,,,,,17522.867,18198.0,,,,8.784,9.086,,,,7097.0,7097.0,7097.0,,25.933,52.533,,,,0.0,,,,,,,,,,166.0,195.0,0.0,0.0,30.0,0.0,30.0,0.0,30.0,0.0,1.0,15.0,0.0,0.0,0.0,0.0,0.0,0.0,battery2_v
2021-03-19T06:00:00Z,30.0,30.0,,,,,17698.1,18338.0,,,,8.665,8.788,,,,7097.0,7097.0,7097.0,,12.067,32.3,,,,0.0,,,,,,,,,,196.0,225.0,0.0,0.0,30.0,0.0,30.0,0.0,30.0,0.0,0.0,0.0,0.0,0.0,0.0,0.0,0.0,0.0,battery2_v
2021-03-19T07:00:00Z,30.0,30.0,,,,,17973.333,18478.0,,,,8.15,8.675,,,,7097.0,7097.0,7097.0,,0.367,13.9,,,,0.0,,,,,,,,,,226.0,255.0,0.0,0.0,30.0,0.0,30.0,0.0,30.0,0.0,0.0,0.0,0.0,0.0,0.0,0.0,0.0,0.0,battery2_v
2021-03-19T08:00:00Z,30.0,30.0,,,,,18448.4,19017.0,,,,7.8,8.344,,,,7097.0,7097.0,7097.0,,-10.241,1.167,,,,0.0,,,,,,,,,,256.0,285.0,0.0,0.0,30.0,0.0,30.0,0.0,30.0,0.0,0.0,0.0,0.0,0.0,0.0,0.0,0.0,0.0,battery2_v
2021-03-19T09:00:00Z,30.0,30.0,,,,,18887.967,19414.0,,,,7.199,7.781,,,,7097.0,7097.0,7097.0,,-28.6,-27.467,,,,0.0,,,,,,,,,,286.0,315.0,0.0,0.0,30.0,0.0,30.0,0.0,30.0,0.0,0.0,1.0,0.0,0.0,0.0,0.0,0.0,0.0,battery2_v
2021-03-19T10:00:00Z,28.0,28.0,,,,,19921.714,20783.0,,,,5.997,7.18,,,,7097.0,7097.0,7097.0,,-68.679,-131.0,,,,0.0,,,,,,,,,,1.0,329.0,0.0,0.0,28.0,0.0,28.0,0.0,28.0,0.0,14.0,17.0,0.0,0.0,0.0,0.0,0.0,0.0,battery2_v
2021-03-22T12:00:00Z,5.0,5.0,,,,,1069.0,1092.0,,,,12.162,12.19,,,,5737.6,300.0,7097.0,,-4.2,68.8,,,,0.0,,,,,,,,,,1.0,5.0,0.0,0.0,5.0,0.0,5.0,0.0,5.0,0.0,0.0,5.0,0.0,0.0,0.0,0.0,0.0,0.0,battery2_v
2021-03-22T13:00:00Z,29.0,29.0,,,,,1107.276,1162.0,,,,12.128,12.166,,,,7097.0,7097.0,7097.0,,-6.172,50.621,,,,0.0,,,,,,,,,,6.0,35.0,0.0,0.0,29.0,0.0,29.0,0.0,29.0,0.0,0.0,15.0,0.0,0.0,0.0,0.0,0.0,0.0,battery2_v
2021-03-22T14:00:00Z,30.0,30.0,,,,,1176.9,1209.0,,,,12.11,12.133,,,,7097.0,7097.0,7097.0,,-6.567,47.267,,,,0.0,,,,,,,,,,36.0,65.0,0.0,0.0,30.0,0.0,30.0,0.0,30.0,0.0,0.0,7.0,0.0,0.0,0.0,0.0,0.0,0.0,battery2_v
2021-03-22T15:00:00Z,30.0,30.0,,,,,1270.5,1326.0,,,,12.072,12.105,,,,7097.0,7097.0,7097.0,,-5.4,57.567,,,,0.0,,,,,,,,,,66.0,95.0,0.0,0.0,30.0,0.0,30.0,0.0,30.0,0.0,0.0,17.0,0.0,0.0,0.0,0.0,0.0,0.0,battery2_v
2021-03-22T16:00:00Z,29.0,29.0,,,,,1386.724,1443.0,,,,12.029,12.067,,,,7097.0,7097.0,7097.0,,-4.69,67.448,,,,0.0,,,,,,,,,,96.0,124.0,0.0,0.0,29.0,0.0,29.0,0.0,29.0,0.0,0.0,28.0,0.0,0.0,0.0,0.0,0.0,0.0,battery2_v
2021-03-22T17:00:00Z,30.0,30.0,,,,,1470.533,1513.0,,,,11.991,12.034,,,,7097.0,7097.0,7097.0,,-6.0,58.633,,,,0.0,,,,,,,,,,125.0,154.0,0.0,0.0,30.0,0.0,30.0,0.0,30.0,0.0,0.0,27.0,0.0,0.0,0.0,0.0,0.0,0.0,battery2_v
2021-03-22T18:00:00Z,30.0,30.0,,,,,1548.167,1584.0,,,,11.958,11.991,,,,7097.0,7097.0,7097.0,,-5.8,61.5,,,,0.0,,,,,,,,,,155.0,184.0,0.0,0.0,30.0,0.0,30.0,0.0,30.0,0.0,0.0,30.0,0.0,0.0,0.0,0.0,0.0,0.0,battery2_v
2021-03-22T19:00:00Z,30.0,30.0,,,,,1625.433,1666.0,,,,11.92,11.963,,,,7097.0,7097.0,7097.0,,-4.933,68.667,,,,0.0,,,,,,,,,,185.0,214.0,0.0,0.0,30.0,0.0,30.0,0.0,30.0,0.0,0.0,30.0,0.0,0.0,0.0,0.0,0.0,0.0,battery2_v
2021-03-22T20:00:00Z,30.0,30.0,,,,,1727.9,1783.0,,,,11.873,11.92,,,,7097.0,7097.0,7097.0,,-4.4,71.967,,,,0.0,,,,,,,,,,215.0,244.0,0.0,0.0,30.0,0.0,30.0,0.0,30.0,0.0,0.0,30.0,0.0,0.0,0.0,0.0,0.0,0.0,battery2_v
2021-03-22T21:00:00Z,30.0,30.0,,,,,1815.3,1864.0,,,,11.84,11.878,,,,7097.0,7097.0,7097.0,,-3.333,63.6,,,,0.0,,,,,,,,,,245.0,274.0,0.0,0.0,30.0,0.0,30.0,0.0,30.0,0.0,0.0,28.0,0.0,0.0,0.0,0.0,0.0,0.0,battery2_v
2021-03-22T22:00:00Z,30.0,30.0,,,,,2143.7,3409.0,,,,11.793,11.835,,,,7097.0,7097.0,7097.0,,-2.867,61.0,,,,0.0,,,,,,,,,,275.0,304.0,0.0,0.0,30.0,0.0,30.0,0.0,30.0,0.0,0.0,30.0,0.0,0.0,0.0,0.0,0.0,0.0,battery2_v
2021-03-22T23:00:00Z,30.0,30.0,,,,,10055.233,17601.0,,,,8.788,11.793,,,,7097.0,7097.0,7097.0,,-18.167,37.467,,,,0.0,,,,,,,,,,305.0,334.0,0.0,0.0,30.0,0.0,30.0,0.0,30.0,0.0,5.0,4.0,0.0,0.0,0.0,0.0,0.0,0.0,battery2_v
2021-03-23T00:00:00Z,29.0,29.0,,,,,12760.793,16677.0,,,,9.564,9.626,,,,7097.0,7097.0,7097.0,,-10.138,42.241,,,,0.0,,,,,,,,,,335.0,364.0,0.0,0.0,29.0,0.0,29.0,0.0,29.0,0.0,0.0,0.0,0.0,0.0,0.0,0.0,0.0,0.0,battery2_v
2021-03-23T01:00:00Z,30.0,30.0,,,,,16423.567,16934.0,,,,9.626,9.938,,,,7097.0,7097.0,7097.0,,-0.593,45.633,,,,0.0,,,,,,,,,,365.0,394.0,0.0,0.0,30.0,0.0,30.0,0.0,30.0,0.0,0.0,6.0,0.0,0.0,0.0,0.0,0.0,0.0,battery2_v
2021-03-23T02:00:00Z,28.0,28.0,,,,,16700.857,17613.0,,,,8.822,9.905,,,,7097.0,7097.0,7097.0,,2.821,29.0,,,,0.0,,,,,,,,,,1.0,421.0,0.0,0.0,28.0,0.0,28.0,0.0,28.0,0.0,0.0,5.0,0.0,0.0,0.0,0.0,0.0,0.0,battery2_v
2021-03-23T03:00:00Z,29.0,29.0,,,,,14491.655,17449.0,,,,9.001,11.977,,,,7097.0,7097.0,7097.0,,16.724,45.0,,,,0.0,,,,,,,,,,1.0,29.0,0.0,0.0,29.0,0.0,29.0,0.0,29.0,0.0,0.0,29.0,0.0,0.0,0.0,0.0,0.0,0.0,battery2_v
2021-03-23T04:00:00Z,27.0,27.0,,,,,13915.037,14489.0,,,,11.972,12.223,,,,7097.0,7097.0,7097.0,,28.704,59.667,,,,0.0,,,,,,,,,,30.0,59.0,0.0,0.0,27.0,0.0,27.0,0.0,27.0,0.0,0.0,17.0,0.0,0.0,0.0,0.0,0.0,0.0,battery2_v
2021-03-23T05:00:00Z,28.0,28.0,,,,,13859.464,14477.0,,,,12.072,12.176,,,,7097.0,7097.0,7097.0,,25.357,51.179,,,,0.0,,,,,,,,,,60.0,88.0,0.0,0.0,28.0,0.0,28.0,0.0,28.0,0.0,0.0,14.0,0.0,0.0,0.0,0.0,0.0,0.0,battery2_v
2021-03-23T06:00:00Z,30.0,30.0,,,,,13823.367,14536.0,,,,12.015,12.299,,,,7097.0,7097.0,7097.0,,26.267,48.7,,,,0.0,,,,,,,,,,89.0,118.0,0.0,0.0,30.0,0.0,30.0,0.0,30.0,0.0,2.0,10.0,0.0,0.0,0.0,0.0,0.0,0.0,battery2_v
2021-03-23T07:00:00Z,30.0,30.0,,,,,13919.233,14512.0,,,,11.982,12.105,,,,7097.0,7097.0,7097.0,,9.733,28.3,,,,0.0,,,,,,,,,,119.0,148.0,0.0,0.0,30.0,0.0,30.0,0.0,30.0,0.0,0.0,0.0,0.0,0.0,0.0,0.0,0.0,0.0,battery2_v
2021-03-23T08:00:00Z,30.0,30.0,,,,,14007.933,14617.0,,,,11.916,12.053,,,,7097.0,7097.0,7097.0,,7.036,41.967,,,,0.0,,,,,,,,,,149.0,178.0,0.0,0.0,30.0,0.0,30.0,0.0,30.0,0.0,0.0,4.0,0.0,0.0,0.0,0.0,0.0,0.0,battery2_v
2021-03-23T09:00:00Z,30.0,30.0,,,,,13749.333,14220.0,,,,11.759,11.897,,,,7097.0,7097.0,7097.0,,-9.8,20.3,,,,0.0,,,,,,,,,,179.0,208.0,0.0,0.0,30.0,0.0,30.0,0.0,30.0,0.0,0.0,0.0,0.0,0.0,0.0,0.0,0.0,0.0,battery2_v
2021-03-23T10:00:00Z,30.0,30.0,,,,,15382.267,17542.0,,,,8.826,11.745,,,,7097.0,7097.0,7097.0,,-35.6,-17.633,,,,0.0,,,,,,,,,,209.0,238.0,0.0,0.0,30.0,0.0,30.0,0.0,30.0,0.0,7.0,7.0,0.0,0.0,0.0,0.0,0.0,0.0,battery2_v
2021-03-23T11:00:00Z,30.0,30.0,,,,,6787.4,7539.0,,,,9.55,9.754,,,,7097.0,7097.0,7097.0,,-11.933,26.2,,,,0.0,,,,,,,,,,239.0,268.0,0.0,0.0,30.0,0.0,30.0,0.0,30.0,0.0,0.0,1.0,0.0,0.0,0.0,0.0,0.0,0.0,battery2_v
2021-03-23T12:00:00Z,30.0,30.0,,,,,6939.567,6977.0,,,,9.512,9.545,,,,7097.0,7097.0,7097.0,,-11.033,43.5,,,,0.0,,,,,,,,,,269.0,298.0,0.0,0.0,30.0,0.0,30.0,0.0,30.0,0.0,0.0,1.0,0.0,0.0,0.0,0.0,0.0,0.0,battery2_v
2021-03-23T13:00:00Z,30.0,30.0,,,,,7001.0,7036.0,,,,9.484,9.517,,,,7097.0,7097.0,7097.0,,-11.367,40.133,,,,0.0,,,,,,,,,,299.0,328.0,0.0,0.0,30.0,0.0,30.0,0.0,30.0,0.0,0.0,3.0,0.0,0.0,0.0,0.0,0.0,0.0,battery2_v
2021-03-23T14:00:00Z,29.0,29.0,,,,,7085.517,7141.0,,,,9.446,9.484,,,,7097.0,7097.0,7097.0,,-12.138,29.897,,,,0.0,,,,,,,,,,329.0,357.0,0.0,0.0,29.0,0.0,29.0,0.0,29.0,0.0,0.0,0.0,0.0,0.0,0.0,0.0,0.0,0.0,battery2_v
2021-03-23T15:00:00Z,25.0,25.0,,,,,7247.88,7352.0,,,,9.394,9.451,,,,7097.0,7097.0,7097.0,,-12.44,29.2,,,,0.0,,,,,,,,,,358.0,387.0,0.0,0.0,25.0,0.0,25.0,0.0,25.0,0.0,0.0,0.0,0.0,0.0,0.0,0.0,0.0,0.0,battery2_v
2021-03-23T16:00:00Z,30.0,30.0,,,,,7363.033,7457.0,,,,9.323,9.399,,,,7097.0,7097.0,7097.0,,-12.733,26.567,,,,0.0,,,,,,,,,,388.0,417.0,0.0,0.0,30.0,0.0,30.0,0.0,30.0,0.0,0.0,0.0,0.0,0.0,0.0,0.0,0.0,0.0,battery2_v
2021-03-23T17:00:00Z,30.0,30.0,,,,,7480.933,7562.0,,,,9.252,9.342,,,,7097.0,7097.0,7097.0,,-13.1,24.933,,,,0.0,,,,,,,,,,418.0,447.0,0.0,0.0,30.0,0.0,30.0,0.0,30.0,0.0,0.0,0.0,0.0,0.0,0.0,0.0,0.0,0.0,battery2_v
2021-03-23T18:00:00Z,30.0,30.0,,,,,7701.133,7855.0,,,,9.124,9.252,,,,7097.0,7097.0,7097.0,,-13.3,23.9,,,,0.0,,,,,,,,,,448.0,477.0,0.0,0.0,30.0,0.0,30.0,0.0,30.0,0.0,0.0,0.0,0.0,0.0,0.0,0.0,0.0,0.0,battery2_v
2021-03-23T19:00:00Z,27.0,27.0,,,,,8101.407,8627.0,,,,8.779,9.124,,,,7097.0,7097.0,7097.0,,-13.741,26.889,,,,0.0,,,,,,,,,,478.0,504.0,0.0,0.0,27.0,0.0,27.0,0.0,27.0,0.0,0.0,0.0,0.0,0.0,0.0,0.0,0.0,0.0,battery2_v
2021-03-23T23:00:00Z,2.0,2.0,,,,,2432.0,2543.0,,,,12.848,12.895,,,,3698.5,300.0,7097.0,,-4.5,84.0,,,,1.0,,,,,,,,,,1.0,2.0,0.0,0.0,2.0,0.0,2.0,0.0,2.0,0.0,0.0,2.0,0.0,0.0,0.0,0.0,0.0,0.0,battery2_v
2021-03-24T00:00:00Z,30.0,30.0,,,,,2800.033,3081.0,,,,12.824,12.843,,,,7097.0,7097.0,7097.0,,-10.367,56.067,,,,1.0,,,,,,,,,,3.0,32.0,0.0,0.0,30.0,0.0,30.0,0.0,30.0,0.0,0.0,22.0,0.0,0.0,0.0,0.0,0.0,0.0,battery2_v
2021-03-24T01:00:00Z,30.0,30.0,,,,,12560.233,12956.0,,,,12.81,12.956,,,,7097.0,7097.0,7097.0,,0.655,58.267,,,,1.0,,,,,,,,,,33.0,62.0,0.0,0.0,30.0,0.0,30.0,0.0,30.0,0.0,0.0,15.0,0.0,0.0,0.0,0.0,0.0,0.0,battery2_v
2021-03-24T02:00:00Z,29.0,29.0,,,,,12812.414,13494.0,,,,12.895,12.971,,,,7097.0,7097.0,7097.0,,23.276,75.828,,,,1.0,,,,,,,,,,63.0,91.0,0.0,0.0,29.0,0.0,29.0,0.0,29.0,0.0,0.0,29.0,0.0,0.0,0.0,0.0,0.0,0.0,battery2_v
2021-03-24T03:00:00Z,30.0,30.0,,,,,12907.667,13588.0,,,,12.833,12.947,,,,7097.0,7097.0,7097.0,,5.967,48.733,,,,1.0,,,,,,,,,,92.0,121.0,0.0,0.0,30.0,0.0,30.0,0.0,30.0,0.0,0.0,9.0,0.0,0.0,0.0,0.0,0.0,0.0,battery2_v
2021-03-24T04:00:00Z,30.0,30.0,,,,,12943.7,13600.0,,,,12.814,12.857,,,,7097.0,7097.0,7097.0,,-0.111,37.067,,,,1.0,,,,,,,,,,122.0,151.0,0.0,0.0,30.0,0.0,30.0,0.0,30.0,0.0,0.0,0.0,0.0,0.0,0.0,0.0,0.0,0.0,battery2_v
2021-03-24T05:00:00Z,30.0,30.0,,,,,12889.5,13588.0,,,,12.814,12.956,,,,7097.0,7097.0,7097.0,,13.179,43.533,,,,1.0,,,,,,,,,,152.0,181.0,0.0,0.0,30.0,0.0,30.0,0.0,30.0,0.0,0.0,10.0,0.0,0.0,0.0,0.0,0.0,0.0,battery2_v
2021-03-24T06:00:00Z,30.0,30.0,,,,,12776.633,13518.0,,,,12.923,13.089,,,,7097.0,7097.0,7097.0,,30.533,55.333,,,,1.0,,,,,,,,,,182.0,211.0,0.0,0.0,30.0,0.0,30.0,0.0,30.0,0.0,2.0,18.0,0.0,0.0,0.0,0.0,0.0,0.0,battery2_v
2021-03-24T07:00:00Z,30.0,30.0,,,,,12855.8,13600.0,,,,12.843,13.008,,,,7097.0,7097.0,7097.0,,18.733,41.367,,,,1.0,,,,,,,,,,212.0,241.0,0.0,0.0,30.0,0.0,30.0,0.0,30.0,0.0,0.0,10.0,0.0,0.0,0.0,0.0,0.0,0.0,battery2_v
2021-03-24T08:00:00Z,30.0,30.0,,,,,12964.233,13635.0,,,,12.8,12.881,,,,7097.0,7097.0,7097.0,,6.267,30.533,,,,1.0,,,,,,,,,,242.0,271.0,0.0,0.0,30.0,0.0,30.0,0.0,30.0,0.0,0.0,0.0,0.0,0.0,0.0,0.0,0.0,0.0,battery2_v
2021-03-24T09:00:00Z,30.0,30.0,,,,,12990.833,13038.0,,,,12.729,12.857,,,,7097.0,7097.0,7097.0,,-12.276,20.167,,,,1.0,,,,,,,,,,272.0,301.0,0.0,0.0,30.0,0.0,30.0,0.0,30.0,0.0,0.0,0.0,0.0,0.0,0.0,0.0,0.0,0.0,battery2_v
2021-03-24T10:00:00Z,29.0,29.0,,,,,7392.621,13050.0,,,,12.729,12.762,,,,7097.0,7097.0,7097.0,,-16.69,12.276,,,,1.0,,,,,,,,,,302.0,331.0,0.0,0.0,29.0,0.0,29.0,0.0,29.0,0.0,0.0,0.0,0.0,0.0,0.0,0.0,0.0,0.0,battery2_v
2021-03-24T11:00:00Z,30.0,30.0,,,,,152.7,1677.0,,,,12.748,12.762,,,,7097.0,7097.0,7097.0,,-12.6,25.833,,,,1.0,,,,,,,,,,332.0,361.0,0.0,0.0,7.0,0.0,30.0,0.0,30.0,0.0,0.0,0.0,0.0,0.0,0.0,0.0,0.0,0.0,battery2_v
2021-03-24T12:00:00Z,28.0,28.0,,,,,0.0,0.0,,,,12.744,12.758,,,,7097.0,7097.0,7097.0,,-12.214,31.107,,,,1.0,,,,,,,,,,362.0,390.0,0.0,0.0,0.0,0.0,28.0,0.0,28.0,0.0,0.0,0.0,0.0,0.0,0.0,0.0,0.0,0.0,battery2_v
2021-03-24T13:00:00Z,29.0,29.0,,,,,0.0,0.0,,,,12.734,12.748,,,,7097.0,7097.0,7097.0,,-12.241,31.724,,,,1.0,,,,,,,,,,391.0,419.0,0.0,0.0,0.0,0.0,29.0,0.0,29.0,0.0,0.0,0.0,0.0,0.0,0.0,0.0,0.0,0.0,battery2_v
2021-03-24T14:00:00Z,28.0,28.0,,,,,0.0,0.0,,,,12.734,12.744,,,,7097.0,7097.0,7097.0,,-12.107,32.393,,,,1.0,,,,,,,,,,422.0,450.0,0.0,0.0,0.0,0.0,28.0,0.0,28.0,0.0,0.0,0.0,0.0,0.0,0.0,0.0,0.0,0.0,battery2_v
2021-03-24T15:00:00Z,28.0,28.0,,,,,0.0,0.0,,,,12.725,12.739,,,,7097.0,7097.0,7097.0,,-12.071,32.964,,,,1.0,,,,,,,,,,451.0,479.0,0.0,0.0,0.0,0.0,28.0,0.0,28.0,0.0,0.0,0.0,0.0,0.0,0.0,0.0,0.0,0.0,battery2_v
2021-03-24T16:00:00Z,30.0,30.0,,,,,0.0,0.0,,,,12.715,12.729,,,,7097.0,7097.0,7097.0,,-12.167,29.967,,,,1.0,,,,,,,,,,480.0,509.0,0.0,0.0,0.0,0.0,30.0,0.0,30.0,0.0,0.0,0.0,0.0,0.0,0.0,0.0,0.0,0.0,battery2_v
2021-03-24T17:00:00Z,30.0,30.0,,,,,0.0,0.0,,,,12.715,12.725,,,,7097.0,7097.0,7097.0,,-11.933,33.6,,,,1.0,,,,,,,,,,510.0,539.0,0.0,0.0,0.0,0.0,30.0,0.0,30.0,0.0,0.0,0.0,0.0,0.0,0.0,0.0,0.0,0.0,battery2_v
2021-03-24T18:00:00Z,30.0,30.0,,,,,0.0,0.0,,,,12.71,12.72,,,,7097.0,7097.0,7097.0,,-11.9,33.867,,,,1.0,,,,,,,,,,540.0,569.0,0.0,0.0,0.0,0.0,30.0,0.0,30.0,0.0,0.0,0.0,0.0,0.0,0.0,0.0,0.0,0.0,battery2_v
2021-03-24T19:00:00Z,30.0,30.0,,,,,0.0,0.0,,,,12.706,12.72,,,,7097.0,7097.0,7097.0,,-11.7,37.9,,,,1.0,,,,,,,,,,570.0,599.0,0.0,0.0,0.0,0.0,30.0,0.0,30.0,0.0,0.0,0.0,0.0,0.0,0.0,0.0,0.0,0.0,battery2_v
2021-03-24T20:00:00Z,29.0,29.0,,,,,0.0,0.0,,,,12.701,12.715,,,,7097.0,7097.0,7097.0,,-11.241,41.0,,,,1.0,,,,,,,,,,601.0,629.0,0.0,0.0,0.0,0.0,29.0,0.0,29.0,0.0,0.0,1.0,0.0,0.0,0.0,0.0,0.0,0.0,battery2_v
2021-03-24T21:00:00Z,30.0,30.0,,,,,0.0,0.0,,,,12.696,12.71,,,,7097.0,7097.0,7097.0,,-11.167,45.067,,,,1.0,,,,,,,,,,630.0,659.0,0.0,0.0,0.0,0.0,30.0,0.0,30.0,0.0,0.0,6.0,0.0,0.0,0.0,0.0,0.0,0.0,battery2_v
2021-03-24T22:00:00Z,30.0,30.0,,,,,327.3,1923.0,,,,12.691,12.71,,,,7097.0,7097.0,7097.0,,-10.9,50.2,,,,1.0,,,,,,,,,,660.0,689.0,0.0,0.0,11.0,0.0,30.0,0.0,30.0,0.0,0.0,14.0,0.0,0.0,0.0,0.0,0.0,0.0,battery2_v
2021-03-24T23:00:00Z,30.0,30.0,,,,,6124.5,13249.0,,,,12.559,12.696,,,,7097.0,7097.0,7097.0,,-24.167,28.467,,,,1.0,,,,,,,,,,690.0,719.0,0.0,0.0,30.0,0.0,30.0,0.0,30.0,0.0,7.0,2.0,0.0,0.0,0.0,0.0,0.0,0.0,battery2_v
2021-03-25T00:00:00Z,30.0,30.0,,,,,9713.5,13132.0,,,,12.663,12.696,,,,7097.0,7097.0,7097.0,,-12.4,49.733,,,,1.0,,,,,,,,,,720.0,749.0,0.0,0.0,30.0,0.0,30.0,0.0,30.0,0.0,0.0,11.0,0.0,0.0,0.0,0.0,0.0,0.0,battery2_v
2021-03-25T01:00:00Z,29.0,29.0,,,,,13072.966,13096.0,,,,12.687,12.734,,,,7097.0,7097.0,7097.0,,-2.179,46.724,,,,1.0,,,,,,,,,,750.0,778.0,0.0,0.0,29.0,0.0,29.0,0.0,29.0,0.0,0.0,6.0,0.0,0.0,0.0,0.0,0.0,0.0,battery2_v
2021-03-25T02:00:00Z,30.0,30.0,,,,,13016.5,13061.0,,,,12.71,12.829,,,,7097.0,7097.0,7097.0,,11.367,72.367,,,,1.0,,,,,,,,,,779.0,808.0,0.0,0.0,30.0,0.0,30.0,0.0,30.0,0.0,0.0,28.0,0.0,0.0,0.0,0.0,0.0,0.0,battery2_v
2021-03-25T03:00:00Z,29.0,29.0,,,,,13071.483,13740.0,,,,12.72,12.753,,,,7097.0,7097.0,7097.0,,6.138,56.103,,,,1.0,,,,,,,,,,809.0,838.0,0.0,0.0,29.0,0.0,29.0,0.0,29.0,0.0,0.0,24.0,0.0,0.0,0.0,0.0,0.0,0.0,battery2_v
2021-03-25T04:00:00Z,30.0,30.0,,,,,13094.467,13740.0,,,,12.725,12.8,,,,7097.0,7097.0,7097.0,,12.833,52.833,,,,1.0,,,,,,,,,,839.0,868.0,0.0,0.0,30.0,0.0,30.0,0.0,30.0,0.0,0.0,17.0,0.0,0.0,0.0,0.0,0.0,0.0,battery2_v
2021-03-25T05:00:00Z,28.0,28.0,,,,,13009.429,13728.0,,,,12.734,12.838,,,,7097.0,7097.0,7097.0,,17.893,53.857,,,,1.0,,,,,,,,,,869.0,897.0,0.0,0.0,28.0,0.0,28.0,0.0,28.0,0.0,0.0,14.0,0.0,0.0,0.0,0.0,0.0,0.0,battery2_v
2021-03-25T06:00:00Z,30.0,30.0,,,,,13007.433,13073.0,,,,12.715,12.819,,,,7097.0,7097.0,7097.0,,11.6,38.6,,,,1.0,,,,,,,,,,898.0,927.0,0.0,0.0,30.0,0.0,30.0,0.0,30.0,0.0,0.0,5.0,0.0,0.0,0.0,0.0,0.0,0.0,battery2_v
2021-03-25T07:00:00Z,30.0,30.0,,,,,13105.533,13752.0,,,,12.701,12.781,,,,7097.0,7097.0,7097.0,,7.867,29.467,,,,1.0,,,,,,,,,,928.0,957.0,0.0,0.0,30.0,0.0,30.0,0.0,30.0,0.0,0.0,0.0,0.0,0.0,0.0,0.0,0.0,0.0,battery2_v
2021-03-25T08:00:00Z,30.0,30.0,,,,,13104.167,13763.0,,,,12.639,12.748,,,,7097.0,7097.0,7097.0,,-2.778,22.5,,,,1.0,,,,,,,,,,958.0,987.0,0.0,0.0,30.0,0.0,30.0,0.0,30.0,0.0,0.0,0.0,0.0,0.0,0.0,0.0,0.0,0.0,battery2_v
2021-03-25T09:00:00Z,30.0,30.0,,,,,13129.967,13155.0,,,,12.635,12.701,,,,7097.0,7097.0,7097.0,,-15.6,7.333,,,,1.0,,,,,,,,,,988.0,1017.0,0.0,0.0,30.0,0.0,30.0,0.0,30.0,0.0,0.0,0.0,0.0,0.0,0.0,0.0,0.0,0.0,battery2_v
2021-03-25T10:00:00Z,30.0,30.0,,,,,4908.733,13167.0,,,,12.625,12.668,,,,7097.0,7097.0,7097.0,,-16.333,12.2,,,,1.0,,,,,,,,,,1018.0,1047.0,0.0,0.0,30.0,0.0,30.0,0.0,30.0,0.0,0.0,0.0,0.0,0.0,0.0,0.0,0.0,0.0,battery2_v
2021-03-25T11:00:00Z,30.0,30.0,,,,,129.767,905.0,,,,12.649,12.663,,,,7097.0,7097.0,7097.0,,-13.0,21.433,,,,1.0,,,,,,,,,,1048.0,1077.0,0.0,0.0,9.0,0.0,30.0,0.0,30.0,0.0,0.0,0.0,0.0,0.0,0.0,0.0,0.0,0.0,battery2_v
2021-03-25T12:00:00Z,30.0,30.0,,,,,17.967,39.0,,,,12.644,12.658,,,,7097.0,7097.0,7097.0,,-11.967,33.933,,,,1.0,,,,,,,,,,1078.0,1107.0,0.0,0.0,0.0,0.0,30.0,0.0,30.0,0.0,0.0,0.0,0.0,0.0,0.0,0.0,0.0,0.0,battery2_v
2021-03-25T13:00:00Z,30.0,30.0,,,,,19.567,39.0,,,,12.639,12.658,,,,7097.0,7097.0,7097.0,,-11.9,35.267,,,,1.0,,,,,,,,,,1108.0,1137.0,0.0,0.0,0.0,0.0,30.0,0.0,30.0,0.0,0.0,0.0,0.0,0.0,0.0,0.0,0.0,0.0,battery2_v
2021-03-25T14:00:00Z,28.0,28.0,,,,,30.714,51.0,,,,12.639,12.654,,,,7097.0,7097.0,7097.0,,-11.107,43.536,,,,1.0,,,,,,,,,,1138.0,1166.0,0.0,0.0,0.0,0.0,28.0,0.0,28.0,0.0,0.0,2.0,0.0,0.0,0.0,0.0,0.0,0.0,battery2_v
2021-03-25T15:00:00Z,30.0,30.0,,,,,37.367,63.0,,,,12.635,12.649,,,,7097.0,7097.0,7097.0,,-11.4,39.567,,,,1.0,,,,,,,,,,1167.0,1196.0,0.0,0.0,1.0,0.0,30.0,0.0,30.0,0.0,0.0,0.0,0.0,0.0,0.0,0.0,0.0,0.0,battery2_v
2021-03-25T16:00:00Z,30.0,30.0,,,,,45.8,51.0,,,,12.63,12.639,,,,7097.0,7097.0,7097.0,,-11.833,34.267,,,,1.0,,,,,,,,,,1197.0,1226.0,0.0,0.0,0.0,0.0,30.0,0.0,30.0,0.0,0.0,0.0,0.0,0.0,0.0,0.0,0.0,0.0,battery2_v
2021-03-25T17:00:00Z,29.0,29.0,,,,,51.828,63.0,,,,12.625,12.639,,,,7097.0,7097.0,7097.0,,-11.276,41.69,,,,1.0,,,,,,,,,,1227.0,1256.0,0.0,0.0,5.0,0.0,29.0,0.0,29.0,0.0,0.0,0.0,0.0,0.0,0.0,0.0,0.0,0.0,battery2_v
2021-03-25T18:00:00Z,30.0,30.0,,,,,55.0,63.0,,,,12.625,12.635,,,,7097.0,7097.0,7097.0,,-11.533,39.933,,,,1.0,,,,,,,,,,1257.0,1286.0,0.0,0.0,11.0,0.0,30.0,0.0,30.0,0.0,0.0,0.0,0.0,0.0,0.0,0.0,0.0,0.0,battery2_v
2021-03-25T19:00:00Z,29.0,29.0,,,,,58.414,74.0,,,,12.616,12.635,,,,7097.0,7097.0,7097.0,,-11.621,39.379,,,,1.0,,,,,,,,,,1287.0,1315.0,0.0,0.0,17.0,0.0,29.0,0.0,29.0,0.0,0.0,0.0,0.0,0.0,0.0,0.0,0.0,0.0,battery2_v
2021-03-25T20:00:00Z,30.0,30.0,,,,,64.0,74.0,,,,12.616,12.63,,,,7097.0,7097.0,7097.0,,-11.067,42.9,,,,1.0,,,,,,,,,,1316.0,1345.0,0.0,0.0,27.0,0.0,30.0,0.0,30.0,0.0,0.0,2.0,0.0,0.0,0.0,0.0,0.0,0.0,battery2_v
2021-03-25T21:00:00Z,29.0,29.0,,,,,69.862,86.0,,,,12.616,12.625,,,,7097.0,7097.0,7097.0,,-10.586,52.0,,,,1.0,,,,,,,,,,1346.0,1375.0,0.0,0.0,29.0,0.0,29.0,0.0,29.0,0.0,0.0,20.0,0.0,0.0,0.0,0.0,0.0,0.0,battery2_v
2021-03-25T22:00:00Z,30.0,30.0,,,,,338.733,1736.0,,,,12.606,12.62,,,,7097.0,7097.0,7097.0,,-10.133,59.167,,,,1.0,,,,,,,,,,1376.0,1405.0,0.0,0.0,30.0,0.0,30.0,0.0,30.0,0.0,0.0,28.0,0.0,0.0,0.0,0.0,0.0,0.0,battery2_v
2021-03-25T23:00:00Z,30.0,30.0,,,,,4818.767,13377.0,,,,12.474,12.62,,,,7097.0,7097.0,7097.0,,-17.533,53.1,,,,1.0,,,,,,,,,,1406.0,1435.0,0.0,0.0,30.0,0.0,30.0,0.0,30.0,0.0,4.0,25.0,0.0,0.0,0.0,0.0,0.0,0.0,battery2_v
2021-03-26T00:00:00Z,30.0,30.0,,,,,3117.1,3491.0,,,,12.597,12.616,,,,7097.0,7097.0,7097.0,,-10.167,58.7,,,,1.0,,,,,,,,,,1436.0,1465.0,0.0,0.0,30.0,0.0,30.0,0.0,30.0,0.0,0.0,25.0,0.0,0.0,0.0,0.0,0.0,0.0,battery2_v
2021-03-26T01:00:00Z,30.0,30.0,,,,,13213.233,13857.0,,,,12.606,12.625,,,,7097.0,7097.0,7097.0,,-5.8,52.933,,,,1.0,,,,,,,,,,1466.0,1495.0,0.0,0.0,30.0,0.0,30.0,0.0,30.0,0.0,0.0,20.0,0.0,0.0,0.0,0.0,0.0,0.0,battery2_v
2021-03-26T02:00:00Z,30.0,30.0,,,,,13157.8,13167.0,,,,12.62,12.639,,,,7097.0,7097.0,7097.0,,-0.913,51.067,,,,1.0,,,,,,,,,,1496.0,1525.0,0.0,0.0,30.0,0.0,30.0,0.0,30.0,0.0,0.0,15.0,0.0,0.0,0.0,0.0,0.0,0.0,battery2_v
2021-03-26T03:00:00Z,30.0,30.0,,,,,13202.1,13845.0,,,,12.635,12.72,,,,7097.0,7097.0,7097.0,,5.867,48.967,,,,1.0,,,,,,,,,,1526.0,1555.0,0.0,0.0,30.0,0.0,30.0,0.0,30.0,0.0,0.0,11.0,0.0,0.0,0.0,0.0,0.0,0.0,battery2_v
2021-03-26T04:00:00Z,22.0,22.0,,,,,13171.409,13845.0,,,,12.62,12.677,,,,7097.0,7097.0,7097.0,,4.227,41.318,,,,1.0,,,,,,,,,,1556.0,1584.0,0.0,0.0,22.0,0.0,22.0,0.0,22.0,0.0,0.0,2.0,0.0,0.0,0.0,0.0,0.0,0.0,battery2_v
2021-03-26T05:00:00Z,29.0,29.0,,,,,13214.552,13857.0,,,,12.63,12.696,,,,7097.0,7097.0,7097.0,,4.379,36.621,,,,1.0,,,,,,,,,,1585.0,1614.0,0.0,0.0,29.0,0.0,29.0,0.0,29.0,0.0,0.0,2.0,0.0,0.0,0.0,0.0,0.0,0.0,battery2_v
2021-03-26T06:00:00Z,30.0,30.0,,,,,13140.567,13822.0,,,,12.644,12.729,,,,7097.0,7097.0,7097.0,,11.1,62.267,,,,1.0,,,,,,,,,,1615.0,1644.0,0.0,0.0,30.0,0.0,30.0,0.0,30.0,0.0,0.0,25.0,0.0,0.0,0.0,0.0,0.0,0.0,battery2_v
2021-03-26T07:00:00Z,30.0,30.0,,,,,13110.4,13132.0,,,,12.658,12.691,,,,7097.0,7097.0,7097.0,,12.0,53.6,,,,1.0,,,,,,,,,,1645.0,1674.0,0.0,0.0,30.0,0.0,30.0,0.0,30.0,0.0,0.0,18.0,0.0,0.0,0.0,0.0,0.0,0.0,battery2_v
2021-03-26T08:00:00Z,30.0,30.0,,,,,13144.4,13810.0,,,,12.644,12.71,,,,7097.0,7097.0,7097.0,,9.767,50.267,,,,1.0,,,,,,,,,,1675.0,1704.0,0.0,0.0,30.0,0.0,30.0,0.0,30.0,0.0,0.0,15.0,0.0,0.0,0.0,0.0,0.0,0.0,battery2_v
2021-03-26T09:00:00Z,29.0,29.0,,,,,13229.345,13681.0,,,,12.559,12.639,,,,7097.0,7097.0,7097.0,,-15.897,24.276,,,,1.0,,,,,,,,,,1706.0,1734.0,0.0,0.0,29.0,0.0,29.0,0.0,29.0,0.0,0.0,0.0,0.0,0.0,0.0,0.0,0.0,0.0,battery2_v
2021-03-26T10:00:00Z,30.0,30.0,,,,,2300.067,13237.0,,,,12.559,12.592,,,,7097.0,7097.0,7097.0,,-12.567,34.867,,,,1.0,,,,,,,,,,1735.0,1764.0,0.0,0.0,30.0,0.0,30.0,0.0,30.0,0.0,0.0,0.0,0.0,0.0,0.0,0.0,0.0,0.0,battery2_v
2021-03-26T11:00:00Z,29.0,29.0,,,,,289.862,1081.0,,,,12.578,12.592,,,,7097.0,7097.0,7097.0,,-10.448,57.931,,,,1.0,,,,,,,,,,1765.0,1793.0,0.0,0.0,29.0,0.0,29.0,0.0,29.0,0.0,0.0,23.0,0.0,0.0,0.0,0.0,0.0,0.0,battery2_v
2021-03-26T12:00:00Z,30.0,30.0,,,,,167.133,191.0,,,,12.573,12.587,,,,7097.0,7097.0,7097.0,,-10.933,50.267,,,,1.0,,,,,,,,,,1794.0,1823.0,0.0,0.0,30.0,0.0,30.0,0.0,30.0,0.0,0.0,15.0,0.0,0.0,0.0,0.0,0.0,0.0,battery2_v
2021-03-26T13:00:00Z,29.0,29.0,,,,,182.621,203.0,,,,12.573,12.583,,,,7097.0,7097.0,7097.0,,-10.655,52.448,,,,1.0,,,,,,,,,,1824.0,1853.0,0.0,0.0,29.0,0.0,29.0,0.0,29.0,0.0,0.0,15.0,0.0,0.0,0.0,0.0,0.0,0.0,battery2_v
2021-03-26T14:00:00Z,30.0,30.0,,,,,197.867,215.0,,,,12.564,12.583,,,,7097.0,7097.0,7097.0,,-8.833,75.733,,,,1.0,,,,,,,,,,1854.0,1883.0,0.0,0.0,30.0,0.0,30.0,0.0,30.0,0.0,0.0,30.0,0.0,0.0,0.0,0.0,0.0,0.0,battery2_v
2021-03-26T15:00:00Z,30.0,30.0,,,,,213.5,226.0,,,,12.564,12.573,,,,7097.0,7097.0,7097.0,,-8.4,81.5,,,,1.0,,,,,,,,,,1884.0,1913.0,0.0,0.0,30.0,0.0,30.0,0.0,30.0,0.0,0.0,30.0,0.0,0.0,0.0,0.0,0.0,0.0,battery2_v
2021-03-26T16:00:00Z,29.0,29.0,,,,,212.793,226.0,,,,12.559,12.568,,,,7097.0,7097.0,7097.0,,-9.828,63.759,,,,1.0,,,,,,,,,,1914.0,1942.0,0.0,0.0,29.0,0.0,29.0,0.0,29.0,0.0,0.0,28.0,0.0,0.0,0.0,0.0,0.0,0.0,battery2_v
2021-03-26T17:00:00Z,29.0,29.0,,,,,217.586,226.0,,,,12.554,12.568,,,,7097.0,7097.0,7097.0,,-10.241,55.586,,,,1.0,,,,,,,,,,1943.0,1972.0,0.0,0.0,29.0,0.0,29.0,0.0,29.0,0.0,0.0,22.0,0.0,0.0,0.0,0.0,0.0,0.0,battery2_v
2021-03-26T18:00:00Z,28.0,28.0,,,,,224.893,238.0,,,,12.554,12.564,,,,7097.0,7097.0,7097.0,,-10.571,53.393,,,,1.0,,,,,,,,,,1974.0,2001.0,0.0,0.0,28.0,0.0,28.0,0.0,28.0,0.0,0.0,19.0,0.0,0.0,0.0,0.0,0.0,0.0,battery2_v
2021-03-26T19:00:00Z,30.0,30.0,,,,,226.533,238.0,,,,12.55,12.564,,,,7097.0,7097.0,7097.0,,-10.667,53.033,,,,1.0,,,,,,,,,,2003.0,2032.0,0.0,0.0,30.0,0.0,30.0,0.0,30.0,0.0,0.0,16.0,0.0,0.0,0.0,0.0,0.0,0.0,battery2_v
2021-03-26T20:00:00Z,29.0,29.0,,,,,236.759,250.0,,,,12.545,12.559,,,,7097.0,7097.0,7097.0,,-10.379,53.483,,,,1.0,,,,,,,,,,2033.0,2062.0,0.0,0.0,29.0,0.0,29.0,0.0,29.0,0.0,0.0,19.0,0.0,0.0,0.0,0.0,0.0,0.0,battery2_v
2021-03-26T21:00:00Z,30.0,30.0,,,,,243.2,262.0,,,,12.545,12.554,,,,7097.0,7097.0,7097.0,,-10.4,53.5,,,,1.0,,,,,,,,,,2063.0,2092.0,0.0,0.0,30.0,0.0,30.0,0.0,30.0,0.0,0.0,21.0,0.0,0.0,0.0,0.0,0.0,0.0,battery2_v
2021-03-26T22:00:00Z,30.0,30.0,,,,,669.2,2531.0,,,,12.535,12.554,,,,7097.0,7097.0,7097.0,,-10.4,53.267,,,,1.0,,,,,,,,,,2093.0,2122.0,0.0,0.0,30.0,0.0,30.0,0.0,30.0,0.0,0.0,20.0,0.0,0.0,0.0,0.0,0.0,0.0,battery2_v
2021-03-26T23:00:00Z,28.0,28.0,,,,,5081.536,13529.0,,,,12.403,12.545,,,,7097.0,7097.0,7097.0,,-18.571,40.571,,,,1.0,,,,,,,,,,2123.0,2151.0,0.0,0.0,28.0,0.0,28.0,0.0,28.0,0.0,4.0,10.0,0.0,0.0,0.0,0.0,0.0,0.0,battery2_v
2021-03-27T00:00:00Z,30.0,30.0,,,,,5629.667,13284.0,,,,12.526,12.545,,,,7097.0,7097.0,7097.0,,-10.7,48.333,,,,1.0,,,,,,,,,,2152.0,2181.0,0.0,0.0,30.0,0.0,30.0,0.0,30.0,0.0,0.0,10.0,0.0,0.0,0.0,0.0,0.0,0.0,battery2_v
2021-03-27T01:00:00Z,30.0,30.0,,,,,13278.233,13915.0,,,,12.54,12.568,,,,7097.0,7097.0,7097.0,,-2.593,73.833,,,,1.0,,,,,,,,,,2182.0,2211.0,0.0,0.0,30.0,0.0,30.0,0.0,30.0,0.0,0.0,30.0,0.0,0.0,0.0,0.0,0.0,0.0,battery2_v
2021-03-27T02:00:00Z,30.0,30.0,,,,,13252.567,13915.0,,,,12.568,12.587,,,,7097.0,7097.0,7097.0,,4.7,67.233,,,,1.0,,,,,,,,,,2212.0,2241.0,0.0,0.0,30.0,0.0,30.0,0.0,30.0,0.0,0.0,28.0,0.0,0.0,0.0,0.0,0.0,0.0,battery2_v
2021-03-27T03:00:00Z,30.0,30.0,,,,,13205.667,13225.0,,,,12.573,12.592,,,,7097.0,7097.0,7097.0,,7.9,54.7,,,,1.0,,,,,,,,,,2242.0,2271.0,0.0,0.0,30.0,0.0,30.0,0.0,30.0,0.0,0.0,22.0,0.0,0.0,0.0,0.0,0.0,0.0,battery2_v
2021-03-27T04:00:00Z,30.0,30.0,,,,,13183.367,13213.0,,,,12.583,12.654,,,,7097.0,7097.0,7097.0,,13.0,51.867,,,,1.0,,,,,,,,,,2272.0,2301.0,0.0,0.0,30.0,0.0,30.0,0.0,30.0,0.0,0.0,19.0,0.0,0.0,0.0,0.0,0.0,0.0,battery2_v
2021-03-27T05:00:00Z,30.0,30.0,,,,,13166.267,13213.0,,,,12.578,12.658,,,,7097.0,7097.0,7097.0,,14.933,50.9,,,,1.0,,,,,,,,,,2302.0,2331.0,0.0,0.0,30.0,0.0,30.0,0.0,30.0,0.0,0.0,15.0,0.0,0.0,0.0,0.0,0.0,0.0,battery2_v
2021-03-27T06:00:00Z,30.0,30.0,,,,,13232.867,13915.0,,,,12.559,12.639,,,,7097.0,7097.0,7097.0,,5.036,31.933,,,,1.0,,,,,,,,,,2332.0,2361.0,0.0,0.0,30.0,0.0,30.0,0.0,30.0,0.0,0.0,2.0,0.0,0.0,0.0,0.0,0.0,0.0,battery2_v
2021-03-27T07:00:00Z,28.0,28.0,,,,,13280.393,13927.0,,,,12.54,12.568,,,,7097.0,7097.0,7097.0,,-3.538,19.679,,,,1.0,,,,,,,,,,2362.0,2390.0,0.0,0.0,28.0,0.0,28.0,0.0,28.0,0.0,0.0,0.0,0.0,0.0,0.0,0.0,0.0,0.0,battery2_v
2021-03-27T08:00:00Z,30.0,30.0,,,,,13142.467,13319.0,,,,12.512,12.559,,,,7097.0,7097.0,7097.0,,-12.138,3.9,,,,1.0,,,,,,,,,,2391.0,2420.0,0.0,0.0,30.0,0.0,30.0,0.0,30.0,0.0,0.0,0.0,0.0,0.0,0.0,0.0,0.0,0.0,battery2_v
2021-03-27T09:00:00Z,30.0,30.0,,,,,13343.3,13366.0,,,,12.483,12.512,,,,7097.0,7097.0,7097.0,,-19.867,24.733,,,,1.0,,,,,,,,,,2421.0,2450.0,0.0,0.0,30.0,0.0,30.0,0.0,30.0,0.0,0.0,0.0,0.0,0.0,0.0,0.0,0.0,0.0,battery2_v
2021-03-27T10:00:00Z,30.0,30.0,,,,,8564.667,13377.0,,,,12.479,12.526,,,,7097.0,7097.0,7097.0,,-14.1,49.1,,,,1.0,,,,,,,,,,2451.0,2480.0,0.0,0.0,30.0,0.0,30.0,0.0,30.0,0.0,0.0,16.0,0.0,0.0,0.0,0.0,0.0,0.0,battery2_v
2021-03-27T11:00:00Z,29.0,29.0,,,,,588.0,1736.0,,,,12.502,12.516,,,,7097.0,7097.0,7097.0,,-10.517,53.621,,,,1.0,,,,,,,,,,2481.0,2510.0,0.0,0.0,29.0,0.0,29.0,0.0,29.0,0.0,0.0,14.0,0.0,0.0,0.0,0.0,0.0,0.0,battery2_v
2021-03-27T12:00:00Z,30.0,30.0,,,,,363.4,379.0,,,,12.497,12.512,,,,7097.0,7097.0,7097.0,,-10.533,54.167,,,,1.0,,,,,,,,,,2511.0,2540.0,0.0,0.0,30.0,0.0,30.0,0.0,30.0,0.0,0.0,19.0,0.0,0.0,0.0,0.0,0.0,0.0,battery2_v
2021-03-27T13:00:00Z,29.0,29.0,,,,,366.172,379.0,,,,12.493,12.512,,,,7097.0,7097.0,7097.0,,-11.034,46.448,,,,1.0,,,,,,,,,,2541.0,2570.0,0.0,0.0,29.0,0.0,29.0,0.0,29.0,0.0,0.0,4.0,0.0,0.0,0.0,0.0,0.0,0.0,battery2_v
2021-03-27T14:00:00Z,29.0,29.0,,,,,374.0,390.0,,,,12.493,12.507,,,,7097.0,7097.0,7097.0,,-11.241,45.345,,,,1.0,,,,,,,,,,2571.0,2599.0,0.0,0.0,29.0,0.0,29.0,0.0,29.0,0.0,0.0,3.0,0.0,0.0,0.0,0.0,0.0,0.0,battery2_v
2021-03-27T15:00:00Z,30.0,30.0,,,,,381.133,390.0,,,,12.493,12.502,,,,7097.0,7097.0,7097.0,,-11.167,45.933,,,,1.0,,,,,,,,,,2600.0,2629.0,0.0,0.0,30.0,0.0,30.0,0.0,30.0,0.0,0.0,4.0,0.0,0.0,0.0,0.0,0.0,0.0,battery2_v
2021-03-27T16:00:00Z,30.0,30.0,,,,,385.267,402.0,,,,12.488,12.497,,,,7097.0,7097.0,7097.0,,-10.967,47.8,,,,1.0,,,,,,,,,,2630.0,2659.0,0.0,0.0,30.0,0.0,30.0,0.0,30.0,0.0,0.0,6.0,0.0,0.0,0.0,0.0,0.0,0.0,battery2_v
2021-03-27T17:00:00Z,30.0,30.0,,,,,395.6,402.0,,,,12.483,12.493,,,,7097.0,7097.0,7097.0,,-11.0,47.533,,,,1.0,,,,,,,,,,2660.0,2689.0,0.0,0.0,30.0,0.0,30.0,0.0,30.0,0.0,0.0,6.0,0.0,0.0,0.0,0.0,0.0,0.0,battery2_v
2021-03-27T18:00:00Z,30.0,30.0,,,,,402.0,414.0,,,,12.479,12.493,,,,7097.0,7097.0,7097.0,,-11.067,48.367,,,,1.0,,,,,,,,,,2690.0,2719.0,0.0,0.0,30.0,0.0,30.0,0.0,30.0,0.0,0.0,8.0,0.0,0.0,0.0,0.0,0.0,0.0,battery2_v
2021-03-27T19:00:00Z,30.0,30.0,,,,,409.533,425.0,,,,12.474,12.488,,,,7097.0,7097.0,7097.0,,-10.967,49.167,,,,1.0,,,,,,,,,,2720.0,2749.0,0.0,0.0,30.0,0.0,30.0,0.0,30.0,0.0,0.0,13.0,0.0,0.0,0.0,0.0,0.0,0.0,battery2_v
2021-03-27T20:00:00Z,30.0,30.0,,,,,415.433,425.0,,,,12.474,12.483,,,,7097.0,7097.0,7097.0,,-10.9,50.8,,,,1.0,,,,,,,,,,2750.0,2779.0,0.0,0.0,30.0,0.0,30.0,0.0,30.0,0.0,0.0,15.0,0.0,0.0,0.0,0.0,0.0,0.0,battery2_v
2021-03-27T21:00:00Z,29.0,29.0,,,,,421.345,437.0,,,,12.464,12.483,,,,7097.0,7097.0,7097.0,,-10.724,52.621,,,,1.0,,,,,,,,,,2780.0,2809.0,0.0,0.0,29.0,0.0,29.0,0.0,29.0,0.0,0.0,18.0,0.0,0.0,0.0,0.0,0.0,0.0,battery2_v
2021-03-27T22:00:00Z,30.0,30.0,,,,,938.1,4532.0,,,,12.464,12.488,,,,7097.0,7097.0,7097.0,,-10.433,57.267,,,,1.0,,,,,,,,,,2810.0,2839.0,0.0,0.0,30.0,0.0,30.0,0.0,30.0,0.0,0.0,26.0,0.0,0.0,0.0,0.0,0.0,0.0,battery2_v
2021-03-27T23:00:00Z,30.0,30.0,,,,,6246.133,13541.0,,,,12.332,12.474,,,,7097.0,7097.0,7097.0,,-20.667,41.533,,,,1.0,,,,,,,,,,2840.0,2869.0,0.0,0.0,30.0,0.0,30.0,0.0,30.0,0.0,5.0,15.0,0.0,0.0,0.0,0.0,0.0,0.0,battery2_v
2021-03-28T00:00:00Z,29.0,29.0,,,,,13074.207,13939.0,,,,12.441,12.507,,,,7097.0,7097.0,7097.0,,-9.571,45.345,,,,1.0,,,,,,,,,,2870.0,2898.0,0.0,0.0,29.0,0.0,29.0,0.0,29.0,0.0,0.0,4.0,0.0,0.0,0.0,0.0,0.0,0.0,battery2_v
2021-03-28T01:00:00Z,30.0,30.0,,,,,13302.7,13377.0,,,,12.483,12.568,,,,7097.0,7097.0,7097.0,,8.0,71.533,,,,1.0,,,,,,,,,,2899.0,2928.0,0.0,0.0,30.0,0.0,30.0,0.0,30.0,0.0,0.0,26.0,0.0,0.0,0.0,0.0,0.0,0.0,battery2_v
2021-03-28T02:00:00Z,29.0,29.0,,,,,13370.276,13997.0,,,,12.502,12.568,,,,7097.0,7097.0,7097.0,,10.448,85.483,,,,1.0,,,,,,,,,,2929.0,2958.0,0.0,0.0,29.0,0.0,29.0,0.0,29.0,0.0,0.0,29.0,0.0,0.0,0.0,0.0,0.0,0.0,battery2_v
2021-03-28T03:00:00Z,30.0,30.0,,,,,13232.467,13295.0,,,,12.535,12.62,,,,7097.0,7097.0,7097.0,,20.8,87.867,,,,1.0,,,,,,,,,,2959.0,2988.0,0.0,0.0,30.0,0.0,30.0,0.0,30.0,0.0,0.0,30.0,0.0,0.0,0.0,0.0,0.0,0.0,battery2_v
2021-03-28T04:00:00Z,30.0,30.0,,,,,13237.267,13962.0,,,,12.554,12.649,,,,7097.0,7097.0,7097.0,,25.6,91.433,,,,1.0,,,,,,,,,,2989.0,3018.0,0.0,0.0,30.0,0.0,30.0,0.0,30.0,0.0,0.0,30.0,0.0,0.0,0.0,0.0,0.0,0.0,battery2_v
2021-03-28T05:00:00Z,29.0,29.0,,,,,13212.241,13904.0,,,,12.573,12.649,,,,7097.0,7097.0,7097.0,,21.448,72.724,,,,1.0,,,,,,,,,,3019.0,3048.0,0.0,0.0,29.0,0.0,29.0,0.0,29.0,0.0,0.0,28.0,0.0,0.0,0.0,0.0,0.0,0.0,battery2_v
2021-03-28T06:00:00Z,30.0,30.0,,,,,13231.733,13915.0,,,,12.564,12.616,,,,7097.0,7097.0,7097.0,,17.467,76.533,,,,1.0,,,,,,,,,,3049.0,3078.0,0.0,0.0,30.0,0.0,30.0,0.0,30.0,0.0,0.0,30.0,0.0,0.0,0.0,0.0,0.0,0.0,battery2_v
2021-03-28T07:00:00Z,29.0,29.0,,,,,13357.931,13401.0,,,,12.469,12.531,,,,7097.0,7097.0,7097.0,,-3.25,38.966,,,,1.0,,,,,,,,,,3079.0,3107.0,0.0,0.0,29.0,0.0,29.0,0.0,29.0,0.0,0.0,3.0,0.0,0.0,0.0,0.0,0.0,0.0,battery2_v
2021-03-28T08:00:00Z,30.0,30.0,,,,,13463.5,14009.0,,,,12.445,12.479,,,,7097.0,7097.0,7097.0,,-8.867,26.9,,,,1.0,,,,,,,,,,3108.0,3137.0,0.0,0.0,30.0,0.0,30.0,0.0,30.0,0.0,0.0,0.0,0.0,0.0,0.0,0.0,0.0,0.0,battery2_v
2021-03-28T09:00:00Z,30.0,30.0,,,,,12755.0,13471.0,,,,12.422,12.45,,,,7097.0,7097.0,7097.0,,-21.3,10.633,,,,1.0,,,,,,,,,,3138.0,3167.0,0.0,0.0,30.0,0.0,30.0,0.0,30.0,0.0,1.0,0.0,0.0,0.0,0.0,0.0,0.0,0.0,battery2_v
2021-03-28T10:00:00Z,30.0,30.0,,,,,8003.433,13471.0,,,,12.412,12.455,,,,7097.0,7097.0,7097.0,,-16.2,19.7,,,,1.0,,,,,,,,,,3168.0,3197.0,0.0,0.0,30.0,0.0,30.0,0.0,30.0,0.0,0.0,0.0,0.0,0.0,0.0,0.0,0.0,0.0,battery2_v
2021-03-28T11:00:00Z,29.0,29.0,,,,,700.69,2075.0,,,,12.436,12.45,,,,7097.0,7097.0,7097.0,,-12.517,27.586,,,,1.0,,,,,,,,,,3198.0,3227.0,0.0,0.0,29.0,0.0,29.0,0.0,29.0,0.0,0.0,0.0,0.0,0.0,0.0,0.0,0.0,0.0,battery2_v
2021-03-28T12:00:00Z,30.0,30.0,,,,,461.633,472.0,,,,12.436,12.445,,,,7097.0,7097.0,7097.0,,-12.1,34.567,,,,1.0,,,,,,,,,,3228.0,3257.0,0.0,0.0,30.0,0.0,30.0,0.0,30.0,0.0,0.0,0.0,0.0,0.0,0.0,0.0,0.0,0.0,battery2_v
2021-03-28T13:00:00Z,30.0,30.0,,,,,465.3,484.0,,,,12.431,12.445,,,,7097.0,7097.0,7097.0,,-11.8,36.133,,,,1.0,,,,,,,,,,3258.0,3287.0,0.0,0.0,30.0,0.0,30.0,0.0,30.0,0.0,0.0,0.0,0.0,0.0,0.0,0.0,0.0,0.0,battery2_v
2021-03-28T14:00:00Z,30.0,30.0,,,,,483.567,507.0,,,,12.427,12.441,,,,7097.0,7097.0,7097.0,,-10.767,52.6,,,,1.0,,,,,,,,,,3288.0,3317.0,0.0,0.0,30.0,0.0,30.0,0.0,30.0,0.0,0.0,16.0,0.0,0.0,0.0,0.0,0.0,0.0,battery2_v
2021-03-28T15:00:00Z,29.0,29.0,,,,,492.586,507.0,,,,12.427,12.436,,,,7097.0,7097.0,7097.0,,-10.724,52.345,,,,1.0,,,,,,,,,,3318.0,3346.0,0.0,0.0,29.0,0.0,29.0,0.0,29.0,0.0,0.0,18.0,0.0,0.0,0.0,0.0,0.0,0.0,battery2_v
2021-03-28T16:00:00Z,30.0,30.0,,,,,495.8,507.0,,,,12.422,12.431,,,,7097.0,7097.0,7097.0,,-11.033,46.467,,,,1.0,,,,,,,,,,3347.0,3376.0,0.0,0.0,30.0,0.0,30.0,0.0,30.0,0.0,0.0,3.0,0.0,0.0,0.0,0.0,0.0,0.0,battery2_v
2021-03-28T17:00:00Z,30.0,30.0,,,,,499.6,519.0,,,,12.412,12.431,,,,7097.0,7097.0,7097.0,,-11.067,48.033,,,,1.0,,,,,,,,,,3377.0,3406.0,0.0,0.0,30.0,0.0,30.0,0.0,30.0,0.0,0.0,9.0,0.0,0.0,0.0,0.0,0.0,0.0,battery2_v
2021-03-28T18:00:00Z,30.0,30.0,,,,,505.667,531.0,,,,12.417,12.427,,,,7097.0,7097.0,7097.0,,-11.033,50.0,,,,1.0,,,,,,,,,,3407.0,3436.0,0.0,0.0,30.0,0.0,30.0,0.0,30.0,0.0,0.0,13.0,0.0,0.0,0.0,0.0,0.0,0.0,battery2_v
2021-03-28T19:00:00Z,30.0,30.0,,,,,513.033,531.0,,,,12.412,12.427,,,,7097.0,7097.0,7097.0,,-10.867,50.467,,,,1.0,,,,,,,,,,3437.0,3466.0,0.0,0.0,30.0,0.0,30.0,0.0,30.0,0.0,0.0,16.0,0.0,0.0,0.0,0.0,0.0,0.0,battery2_v
2021-03-28T20:00:00Z,30.0,30.0,,,,,519.767,542.0,,,,12.412,12.422,,,,7097.0,7097.0,7097.0,,-10.733,52.933,,,,1.0,,,,,,,,,,3467.0,3496.0,0.0,0.0,30.0,0.0,30.0,0.0,30.0,0.0,0.0,21.0,0.0,0.0,0.0,0.0,0.0,0.0,battery2_v
2021-03-28T21:00:00Z,30.0,30.0,,,,,523.767,542.0,,,,12.408,12.422,,,,7097.0,7097.0,7097.0,,-10.5,57.567,,,,1.0,,,,,,,,,,3497.0,3526.0,0.0,0.0,30.0,0.0,30.0,0.0,30.0,0.0,0.0,26.0,0.0,0.0,0.0,0.0,0.0,0.0,battery2_v
2021-03-28T22:00:00Z,30.0,30.0,,,,,1048.533,4017.0,,,,12.403,12.417,,,,7097.0,7097.0,7097.0,,-10.7,52.733,,,,1.0,,,,,,,,,,3527.0,3556.0,0.0,0.0,30.0,0.0,30.0,0.0,30.0,0.0,0.0,19.0,0.0,0.0,0.0,0.0,0.0,0.0,battery2_v
2021-03-28T23:00:00Z,25.0,25.0,,,,,5453.56,13611.0,,,,12.275,12.412,,,,7097.0,7097.0,7097.0,,-20.08,39.52,,,,1.0,,,,,,,,,,3557.0,3586.0,0.0,0.0,25.0,0.0,25.0,0.0,25.0,0.0,4.0,6.0,0.0,0.0,0.0,0.0,0.0,0.0,battery2_v
2021-03-29T00:00:00Z,29.0,29.0,,,,,11115.207,13506.0,,,,12.393,12.46,,,,7097.0,7097.0,7097.0,,-9.0,49.862,,,,1.0,,,,,,,,,,3587.0,3615.0,0.0,0.0,29.0,0.0,29.0,0.0,29.0,0.0,0.0,9.0,0.0,0.0,0.0,0.0,0.0,0.0,battery2_v
2021-03-29T01:00:00Z,30.0,30.0,,,,,13451.4,14068.0,,,,12.389,12.512,,,,7097.0,7097.0,7097.0,,3.767,56.4,,,,1.0,,,,,,,,,,3616.0,3645.0,0.0,0.0,30.0,0.0,30.0,0.0,30.0,0.0,0.0,19.0,0.0,0.0,0.0,0.0,0.0,0.0,battery2_v
2021-03-29T02:00:00Z,30.0,30.0,,,,,13372.2,13424.0,,,,12.445,12.54,,,,7097.0,7097.0,7097.0,,14.833,60.3,,,,1.0,,,,,,,,,,3646.0,3675.0,0.0,0.0,30.0,0.0,30.0,0.0,30.0,0.0,0.0,25.0,0.0,0.0,0.0,0.0,0.0,0.0,battery2_v
2021-03-29T03:00:00Z,30.0,30.0,,,,,13284.8,13389.0,,,,12.474,12.583,,,,7097.0,7097.0,7097.0,,23.967,63.6,,,,1.0,,,,,,,,,,3676.0,3705.0,0.0,0.0,30.0,0.0,30.0,0.0,30.0,0.0,0.0,25.0,0.0,0.0,0.0,0.0,0.0,0.0,battery2_v
2021-03-29T04:00:00Z,29.0,29.0,,,,,13279.172,13927.0,,,,12.512,12.592,,,,7097.0,7097.0,7097.0,,25.586,57.448,,,,1.0,,,,,,,,,,3706.0,3735.0,0.0,0.0,29.0,0.0,29.0,0.0,29.0,0.0,0.0,19.0,0.0,0.0,0.0,0.0,0.0,0.0,battery2_v
2021-03-29T05:00:00Z,30.0,30.0,,,,,13264.967,13962.0,,,,12.54,12.62,,,,7097.0,7097.0,7097.0,,24.467,49.733,,,,1.0,,,,,,,,,,3736.0,3765.0,0.0,0.0,30.0,0.0,30.0,0.0,30.0,0.0,0.0,12.0,0.0,0.0,0.0,0.0,0.0,0.0,battery2_v
2021-03-29T06:00:00Z,29.0,29.0,,,,,13269.828,13377.0,,,,12.493,12.62,,,,7097.0,7097.0,7097.0,,16.103,35.793,,,,1.0,,,,,,,,,,3766.0,3795.0,0.0,0.0,29.0,0.0,29.0,0.0,29.0,0.0,0.0,7.0,0.0,0.0,0.0,0.0,0.0,0.0,battery2_v
2021-03-29T07:00:00Z,30.0,30.0,,,,,13445.067,14032.0,,,,12.445,12.483,,,,7097.0,7097.0,7097.0,,1.4,17.6,,,,1.0,,,,,,,,,,3796.0,3825.0,0.0,0.0,30.0,0.0,30.0,0.0,30.0,0.0,0.0,0.0,0.0,0.0,0.0,0.0,0.0,0.0,battery2_v
2021-03-29T08:00:00Z,29.0,29.0,,,,,13493.034,14056.0,,,,12.398,12.455,,,,7097.0,7097.0,7097.0,,-10.241,11.552,,,,1.0,,,,,,,,,,3826.0,3854.0,0.0,0.0,29.0,0.0,29.0,0.0,29.0,0.0,0.0,0.0,0.0,0.0,0.0,0.0,0.0,0.0,battery2_v
2021-03-29T09:00:00Z,30.0,30.0,,,,,13361.767,13529.0,,,,12.37,12.412,,,,7097.0,7097.0,7097.0,,-18.433,3.2,,,,1.0,,,,,,,,,,3855.0,3884.0,0.0,0.0,30.0,0.0,30.0,0.0,30.0,0.0,0.0,0.0,0.0,0.0,0.0,0.0,0.0,0.0,battery2_v
2021-03-29T10:00:00Z,30.0,30.0,,,,,8141.133,13541.0,,,,12.351,12.398,,,,7097.0,7097.0,7097.0,,-17.967,5.533,,,,1.0,,,,,,,,,,3885.0,3914.0,0.0,0.0,30.0,0.0,30.0,0.0,30.0,0.0,0.0,0.0,0.0,0.0,0.0,0.0,0.0,0.0,battery2_v
2021-03-29T11:00:00Z,30.0,30.0,,,,,833.933,1981.0,,,,12.384,12.403,,,,7097.0,7097.0,7097.0,,-12.633,29.167,,,,1.0,,,,,,,,,,3915.0,3944.0,0.0,0.0,30.0,0.0,30.0,0.0,30.0,0.0,0.0,0.0,0.0,0.0,0.0,0.0,0.0,0.0,battery2_v
2021-03-29T12:00:00Z,30.0,30.0,,,,,589.8,601.0,,,,12.379,12.393,,,,7097.0,7097.0,7097.0,,-12.933,24.7,,,,1.0,,,,,,,,,,3945.0,3974.0,0.0,0.0,30.0,0.0,30.0,0.0,30.0,0.0,0.0,0.0,0.0,0.0,0.0,0.0,0.0,0.0,battery2_v
2021-03-29T13:00:00Z,29.0,29.0,,,,,602.655,613.0,,,,12.374,12.393,,,,7097.0,7097.0,7097.0,,-12.069,36.31,,,,1.0,,,,,,,,,,3975.0,4004.0,0.0,0.0,29.0,0.0,29.0,0.0,29.0,0.0,0.0,3.0,0.0,0.0,0.0,0.0,0.0,0.0,battery2_v
2021-03-29T14:00:00Z,28.0,28.0,,,,,615.286,624.0,,,,12.374,12.389,,,,7097.0,7097.0,7097.0,,-9.714,67.893,,,,1.0,,,,,,,,,,4005.0,4033.0,0.0,0.0,28.0,0.0,28.0,0.0,28.0,0.0,0.0,28.0,0.0,0.0,0.0,0.0,0.0,0.0,battery2_v
2021-03-29T15:00:00Z,30.0,30.0,,,,,617.367,624.0,,,,12.37,12.384,,,,7097.0,7097.0,7097.0,,-10.667,56.7,,,,1.0,,,,,,,,,,4034.0,4063.0,0.0,0.0,30.0,0.0,30.0,0.0,30.0,0.0,0.0,23.0,0.0,0.0,0.0,0.0,0.0,0.0,battery2_v
2021-03-29T16:00:00Z,29.0,29.0,,,,,619.931,636.0,,,,12.365,12.379,,,,7097.0,7097.0,7097.0,,-10.897,53.241,,,,1.0,,,,,,,,,,4064.0,4093.0,0.0,0.0,29.0,0.0,29.0,0.0,29.0,0.0,0.0,18.0,0.0,0.0,0.0,0.0,0.0,0.0,battery2_v
2021-03-29T17:00:00Z,30.0,30.0,,,,,622.667,636.0,,,,12.365,12.379,,,,7097.0,7097.0,7097.0,,-10.9,53.2,,,,1.0,,,,,,,,,,4094.0,4123.0,0.0,0.0,30.0,0.0,30.0,0.0,30.0,0.0,0.0,21.0,0.0,0.0,0.0,0.0,0.0,0.0,battery2_v
2021-03-29T18:00:00Z,30.0,30.0,,,,,629.2,648.0,,,,12.36,12.374,,,,7097.0,7097.0,7097.0,,-10.867,52.133,,,,1.0,,,,,,,,,,4124.0,4153.0,0.0,0.0,30.0,0.0,30.0,0.0,30.0,0.0,0.0,18.0,0.0,0.0,0.0,0.0,0.0,0.0,battery2_v
2021-03-29T19:00:00Z,30.0,30.0,,,,,639.6,648.0,,,,12.356,12.37,,,,7097.0,7097.0,7097.0,,-10.867,52.2,,,,1.0,,,,,,,,,,4154.0,4183.0,0.0,0.0,30.0,0.0,30.0,0.0,30.0,0.0,0.0,18.0,0.0,0.0,0.0,0.0,0.0,0.0,battery2_v
2021-03-29T20:00:00Z,30.0,30.0,,,,,643.867,659.0,,,,12.356,12.37,,,,7097.0,7097.0,7097.0,,-10.833,54.433,,,,1.0,,,,,,,,,,4184.0,4213.0,0.0,0.0,30.0,0.0,30.0,0.0,30.0,0.0,0.0,21.0,0.0,0.0,0.0,0.0,0.0,0.0,battery2_v
2021-03-29T21:00:00Z,30.0,30.0,,,,,650.9,659.0,,,,12.351,12.365,,,,7097.0,7097.0,7097.0,,-10.867,53.833,,,,1.0,,,,,,,,,,4214.0,4243.0,0.0,0.0,30.0,0.0,30.0,0.0,30.0,0.0,0.0,21.0,0.0,0.0,0.0,0.0,0.0,0.0,battery2_v
2021-03-29T22:00:00Z,30.0,30.0,,,,,1110.1,3070.0,,,,12.346,12.36,,,,7097.0,7097.0,7097.0,,-10.8,56.033,,,,1.0,,,,,,,,,,4244.0,4273.0,0.0,0.0,30.0,0.0,30.0,0.0,30.0,0.0,0.0,26.0,0.0,0.0,0.0,0.0,0.0,0.0,battery2_v
2021-03-29T23:00:00Z,30.0,30.0,,,,,7756.567,13693.0,,,,12.223,12.351,,,,7097.0,7097.0,7097.0,,-27.567,30.733,,,,1.0,,,,,,,,,,4274.0,4303.0,0.0,0.0,30.0,0.0,30.0,0.0,30.0,0.0,9.0,4.0,0.0,0.0,0.0,0.0,0.0,0.0,battery2_v
2021-03-30T00:00:00Z,29.0,29.0,,,,,13545.0,14126.0,,,,12.346,12.393,,,,7097.0,7097.0,7097.0,,-6.036,50.034,,,,1.0,,,,,,,,,,4304.0,4332.0,0.0,0.0,29.0,0.0,29.0,0.0,29.0,0.0,0.0,12.0,0.0,0.0,0.0,0.0,0.0,0.0,battery2_v
2021-03-30T01:00:00Z,29.0,29.0,,,,,13478.069,14103.0,,,,12.408,12.488,,,,7097.0,7097.0,7097.0,,19.586,69.655,,,,1.0,,,,,,,,,,4333.0,4362.0,0.0,0.0,29.0,0.0,29.0,0.0,29.0,0.0,0.0,29.0,0.0,0.0,0.0,0.0,0.0,0.0,battery2_v
2021-03-30T02:00:00Z,30.0,30.0,,,,,13357.767,13974.0,,,,12.455,12.616,,,,7097.0,7097.0,7097.0,,33.933,80.467,,,,1.0,,,,,,,,,,4363.0,4392.0,0.0,0.0,30.0,0.0,30.0,0.0,30.0,0.0,3.0,30.0,0.0,0.0,0.0,0.0,0.0,0.0,battery2_v
2021-03-30T03:00:00Z,30.0,30.0,,,,,13215.4,13412.0,,,,12.46,12.687,,,,7097.0,7097.0,7097.0,,44.3,85.367,,,,1.0,,,,,,,,,,4393.0,4422.0,0.0,0.0,30.0,0.0,30.0,0.0,30.0,0.0,15.0,26.0,0.0,0.0,0.0,0.0,0.0,0.0,battery2_v
2021-03-30T04:00:00Z,30.0,30.0,,,,,13171.7,13892.0,,,,12.625,12.706,,,,7097.0,7097.0,7097.0,,55.967,91.367,,,,1.0,,,,,,,,,,4423.0,4452.0,0.0,0.0,30.0,0.0,30.0,0.0,30.0,0.0,20.0,30.0,0.0,0.0,0.0,0.0,0.0,0.0,battery2_v
2021-03-30T05:00:00Z,29.0,29.0,,,,,13165.862,13202.0,,,,12.587,12.663,,,,7097.0,7097.0,7097.0,,36.241,60.759,,,,1.0,,,,,,,,,,4453.0,4481.0,0.0,0.0,29.0,0.0,29.0,0.0,29.0,0.0,0.0,26.0,0.0,0.0,0.0,0.0,0.0,0.0,battery2_v
2021-03-30T06:00:00Z,30.0,30.0,,,,,13167.8,13202.0,,,,12.587,12.663,,,,7097.0,7097.0,7097.0,,33.967,51.233,,,,1.0,,,,,,,,,,4483.0,4512.0,0.0,0.0,30.0,0.0,30.0,0.0,30.0,0.0,0.0,13.0,0.0,0.0,0.0,0.0,0.0,0.0,battery2_v
2021-03-30T07:00:00Z,29.0,29.0,,,,,13279.655,13974.0,,,,12.531,12.611,,,,7097.0,7097.0,7097.0,,17.241,27.931,,,,1.0,,,,,,,,,,4513.0,4541.0,0.0,0.0,29.0,0.0,29.0,0.0,29.0,0.0,0.0,0.0,0.0,0.0,0.0,0.0,0.0,0.0,battery2_v
2021-03-30T08:00:00Z,30.0,30.0,,,,,13378.4,13447.0,,,,12.431,12.55,,,,7097.0,7097.0,7097.0,,2.643,21.533,,,,1.0,,,,,,,,,,4542.0,4571.0,0.0,0.0,30.0,0.0,30.0,0.0,30.0,0.0,0.0,0.0,0.0,0.0,0.0,0.0,0.0,0.0,battery2_v
2021-03-30T09:00:00Z,30.0,30.0,,,,,13492.733,13518.0,,,,12.37,12.427,,,,7097.0,7097.0,7097.0,,-12.621,25.9,,,,1.0,,,,,,,,,,4572.0,4601.0,0.0,0.0,30.0,0.0,30.0,0.0,30.0,0.0,0.0,0.0,0.0,0.0,0.0,0.0,0.0,0.0,battery2_v
2021-03-30T10:00:00Z,30.0,30.0,,,,,8213.567,13541.0,,,,12.337,12.389,,,,7097.0,7097.0,7097.0,,-16.5,22.067,,,,1.0,,,,,,,,,,4602.0,4631.0,0.0,0.0,30.0,0.0,30.0,0.0,30.0,0.0,0.0,1.0,0.0,0.0,0.0,0.0,0.0,0.0,battery2_v
2021-03-30T11:00:00Z,30.0,30.0,,,,,941.933,2426.0,,,,12.351,12.365,,,,7097.0,7097.0,7097.0,,-9.7,67.133,,,,1.0,,,,,,,,,,4632.0,4661.0,0.0,0.0,30.0,0.0,30.0,0.0,30.0,0.0,0.0,29.0,0.0,0.0,0.0,0.0,0.0,0.0,battery2_v
2021-03-30T12:00:00Z,30.0,30.0,,,,,669.8,683.0,,,,12.341,12.356,,,,7097.0,7097.0,7097.0,,-9.8,68.233,,,,1.0,,,,,,,,,,4662.0,4691.0,0.0,0.0,30.0,0.0,30.0,0.0,30.0,0.0,0.0,30.0,0.0,0.0,0.0,0.0,0.0,0.0,battery2_v
2021-03-30T13:00:00Z,30.0,30.0,,,,,674.567,694.0,,,,12.341,12.351,,,,7097.0,7097.0,7097.0,,-10.7,52.667,,,,1.0,,,,,,,,,,4692.0,4721.0,0.0,0.0,30.0,0.0,30.0,0.0,30.0,0.0,0.0,19.0,0.0,0.0,0.0,0.0,0.0,0.0,battery2_v
2021-03-30T14:00:00Z,28.0,28.0,,,,,683.679,694.0,,,,12.337,12.346,,,,7097.0,7097.0,7097.0,,-10.536,57.107,,,,1.0,,,,,,,,,,4722.0,4750.0,0.0,0.0,28.0,0.0,28.0,0.0,28.0,0.0,0.0,20.0,0.0,0.0,0.0,0.0,0.0,0.0,battery2_v
2021-03-30T15:00:00Z,30.0,30.0,,,,,693.4,706.0,,,,12.332,12.346,,,,7097.0,7097.0,7097.0,,-10.4,61.733,,,,1.0,,,,,,,,,,4751.0,4780.0,0.0,0.0,30.0,0.0,30.0,0.0,30.0,0.0,0.0,27.0,0.0,0.0,0.0,0.0,0.0,0.0,battery2_v
2021-03-30T16:00:00Z,30.0,30.0,,,,,691.567,718.0,,,,12.332,12.341,,,,7097.0,7097.0,7097.0,,-10.933,55.267,,,,1.0,,,,,,,,,,4781.0,4810.0,0.0,0.0,30.0,0.0,30.0,0.0,30.0,0.0,0.0,23.0,0.0,0.0,0.0,0.0,0.0,0.0,battery2_v
2021-03-30T17:00:00Z,30.0,30.0,,,,,693.8,706.0,,,,12.332,12.341,,,,7097.0,7097.0,7097.0,,-11.2,49.433,,,,1.0,,,,,,,,,,4811.0,4840.0,0.0,0.0,30.0,0.0,30.0,0.0,30.0,0.0,0.0,11.0,0.0,0.0,0.0,0.0,0.0,0.0,battery2_v
2021-03-30T18:00:00Z,30.0,30.0,,,,,706.4,718.0,,,,12.327,12.332,,,,7097.0,7097.0,7097.0,,-11.367,47.0,,,,1.0,,,,,,,,,,4841.0,4870.0,0.0,0.0,30.0,0.0,30.0,0.0,30.0,0.0,0.0,5.0,0.0,0.0,0.0,0.0,0.0,0.0,battery2_v
2021-03-30T19:00:00Z,30.0,30.0,,,,,714.8,730.0,,,,12.322,12.332,,,,7097.0,7097.0,7097.0,,-11.333,45.633,,,,1.0,,,,,,,,,,4871.0,4900.0,0.0,0.0,30.0,0.0,30.0,0.0,30.0,0.0,0.0,6.0,0.0,0.0,0.0,0.0,0.0,0.0,battery2_v
2021-03-30T20:00:00Z,30.0,30.0,,,,,720.4,730.0,,,,12.322,12.327,,,,7097.0,7097.0,7097.0,,-11.233,48.333,,,,1.0,,,,,,,,,,4901.0,4930.0,0.0,0.0,30.0,0.0,30.0,0.0,30.0,0.0,0.0,8.0,0.0,0.0,0.0,0.0,0.0,0.0,battery2_v
2021-03-30T21:00:00Z,30.0,30.0,,,,,728.3,741.0,,,,12.313,12.327,,,,7097.0,7097.0,7097.0,,-11.067,49.133,,,,1.0,,,,,,,,,,4931.0,4960.0,0.0,0.0,30.0,0.0,30.0,0.0,30.0,0.0,0.0,12.0,0.0,0.0,0.0,0.0,0.0,0.0,battery2_v
2021-03-30T22:00:00Z,29.0,29.0,,,,,1136.31,2917.0,,,,12.313,12.322,,,,7097.0,7097.0,7097.0,,-11.138,50.414,,,,1.0,,,,,,,,,,4961.0,4989.0,0.0,0.0,29.0,0.0,29.0,0.0,29.0,0.0,0.0,10.0,0.0,0.0,0.0,0.0,0.0,0.0,battery2_v
2021-03-30T23:00:00Z,30.0,30.0,,,,,6002.0,13717.0,,,,12.199,12.341,,,,7097.0,7097.0,7097.0,,-19.633,50.167,,,,0.1,,,,,,,,,,4990.0,5019.0,0.0,0.0,30.0,0.0,30.0,0.0,30.0,0.0,8.0,21.0,0.0,0.0,0.0,0.0,0.0,0.0,battery2_v
2021-03-31T00:00:00Z,28.0,28.0,,,,,12140.0,13553.0,,,,12.327,12.417,,,,7097.0,7097.0,7097.0,,3.038,79.25,,,,0.0,,,,,,,,,,5020.0,5047.0,0.0,0.0,28.0,0.0,28.0,0.0,28.0,0.0,0.0,28.0,0.0,0.0,0.0,0.0,0.0,0.0,battery2_v
2021-03-31T01:00:00Z,30.0,30.0,,,,,13519.2,14138.0,,,,12.356,12.436,,,,7097.0,7097.0,7097.0,,18.033,103.533,,,,0.0,,,,,,,,,,5050.0,5079.0,0.0,0.0,30.0,0.0,30.0,0.0,30.0,0.0,0.0,30.0,0.0,0.0,0.0,0.0,0.0,0.0,battery2_v
2021-03-31T02:00:00Z,30.0,30.0,,,,,13411.6,13483.0,,,,12.408,12.493,,,,7097.0,7097.0,7097.0,,30.4,106.633,,,,0.0,,,,,,,,,,5080.0,5109.0,0.0,0.0,30.0,0.0,30.0,0.0,30.0,0.0,0.0,30.0,0.0,0.0,0.0,0.0,0.0,0.0,battery2_v
2021-03-31T03:00:00Z,30.0,30.0,,,,,13403.033,14068.0,,,,12.455,12.526,,,,7097.0,7097.0,7097.0,,34.367,105.467,,,,0.0,,,,,,,,,,5110.0,5139.0,0.0,0.0,30.0,0.0,30.0,0.0,30.0,0.0,0.0,30.0,0.0,0.0,0.0,0.0,0.0,0.0,battery2_v
2021-03-31T04:00:00Z,30.0,30.0,,,,,13299.233,13330.0,,,,12.502,12.54,,,,7097.0,7097.0,7097.0,,33.2,92.767,,,,0.0,,,,,,,,,,5140.0,5169.0,0.0,0.0,30.0,0.0,30.0,0.0,30.0,0.0,0.0,30.0,0.0,0.0,0.0,0.0,0.0,0.0,battery2_v
2021-03-31T05:00:00Z,30.0,30.0,,,,,13263.4,13307.0,,,,12.516,12.568,,,,7097.0,7097.0,7097.0,,33.833,87.133,,,,0.0,,,,,,,,,,5170.0,5199.0,0.0,0.0,30.0,0.0,30.0,0.0,30.0,0.0,0.0,30.0,0.0,0.0,0.0,0.0,0.0,0.0,battery2_v
2021-03-31T06:00:00Z,30.0,30.0,,,,,13269.733,13962.0,,,,12.545,12.578,,,,7097.0,7097.0,7097.0,,31.9,82.767,,,,0.0,,,,,,,,,,5200.0,5229.0,0.0,0.0,30.0,0.0,30.0,0.0,30.0,0.0,0.0,30.0,0.0,0.0,0.0,0.0,0.0,0.0,battery2_v
2021-03-31T07:00:00Z,30.0,30.0,,,,,13273.933,13319.0,,,,12.507,12.568,,,,7097.0,7097.0,7097.0,,24.6,68.167,,,,0.0,,,,,,,,,,5230.0,5259.0,0.0,0.0,30.0,0.0,30.0,0.0,30.0,0.0,0.0,30.0,0.0,0.0,0.0,0.0,0.0,0.0,battery2_v
2021-03-31T08:00:00Z,28.0,28.0,,,,,13385.607,13447.0,,,,12.431,12.502,,,,7097.0,7097.0,7097.0,,9.679,44.857,,,,0.0,,,,,,,,,,5260.0,5288.0,0.0,0.0,28.0,0.0,28.0,0.0,28.0,0.0,0.0,7.0,0.0,0.0,0.0,0.0,0.0,0.0,battery2_v
2021-03-31T09:00:00Z,30.0,30.0,,,,,13290.367,13518.0,,,,12.365,12.427,,,,7097.0,7097.0,7097.0,,-7.167,25.567,,,,0.0,,,,,,,,,,5289.0,5318.0,0.0,0.0,30.0,0.0,30.0,0.0,30.0,0.0,0.0,0.0,0.0,0.0,0.0,0.0,0.0,0.0,battery2_v
2021-03-31T10:00:00Z,30.0,30.0,,,,,7680.433,13564.0,,,,12.318,12.36,,,,7097.0,7097.0,7097.0,,-12.633,22.767,,,,0.0,,,,,,,,,,5319.0,5348.0,0.0,0.0,30.0,0.0,30.0,0.0,30.0,0.0,0.0,0.0,0.0,0.0,0.0,0.0,0.0,0.0,battery2_v
2021-03-31T11:00:00Z,29.0,29.0,,,,,1000.207,2262.0,,,,12.337,12.351,,,,7097.0,7097.0,7097.0,,-6.483,40.103,,,,0.0,,,,,,,,,,5349.0,5378.0,0.0,0.0,29.0,0.0,29.0,0.0,29.0,0.0,0.0,1.0,0.0,0.0,0.0,0.0,0.0,0.0,battery2_v
2021-03-31T12:00:00Z,30.0,30.0,,,,,678.1,694.0,,,,12.332,12.346,,,,7097.0,7097.0,7097.0,,-6.1,43.233,,,,0.0,,,,,,,,,,5379.0,5408.0,0.0,0.0,30.0,0.0,30.0,0.0,30.0,0.0,0.0,1.0,0.0,0.0,0.0,0.0,0.0,0.0,battery2_v
2021-03-31T13:00:00Z,30.0,30.0,,,,,686.233,694.0,,,,12.327,12.341,,,,7097.0,7097.0,7097.0,,-6.1,46.733,,,,0.0,,,,,,,,,,5409.0,5438.0,0.0,0.0,30.0,0.0,30.0,0.0,30.0,0.0,0.0,6.0,0.0,0.0,0.0,0.0,0.0,0.0,battery2_v
2021-03-31T14:00:00Z,29.0,29.0,,,,,696.586,718.0,,,,12.327,12.341,,,,7097.0,7097.0,7097.0,,-5.966,48.379,,,,0.0,,,,,,,,,,5439.0,5467.0,0.0,0.0,29.0,0.0,29.0,0.0,29.0,0.0,0.0,10.0,0.0,0.0,0.0,0.0,0.0,0.0,battery2_v
2021-03-31T15:00:00Z,30.0,30.0,,,,,710.4,730.0,,,,12.327,12.337,,,,7097.0,7097.0,7097.0,,-3.857,69.6,,,,0.0,,,,,,,,,,5468.0,5497.0,0.0,0.0,30.0,0.0,30.0,0.0,30.0,0.0,0.0,24.0,0.0,0.0,0.0,0.0,0.0,0.0,battery2_v
2021-03-31T16:00:00Z,30.0,30.0,,,,,718.0,730.0,,,,12.318,12.337,,,,7097.0,7097.0,7097.0,,-2.174,90.067,,,,0.0,,,,,,,,,,5498.0,5527.0,0.0,0.0,30.0,0.0,30.0,0.0,30.0,0.0,0.0,30.0,0.0,0.0,0.0,0.0,0.0,0.0,battery2_v
2021-03-31T17:00:00Z,30.0,30.0,,,,,725.467,741.0,,,,12.318,12.327,,,,7097.0,7097.0,7097.0,,-2.733,79.467,,,,0.0,,,,,,,,,,5528.0,5557.0,0.0,0.0,30.0,0.0,30.0,0.0,30.0,0.0,0.0,30.0,0.0,0.0,0.0,0.0,0.0,0.0,battery2_v
2021-03-31T18:00:00Z,29.0,29.0,,,,,727.483,741.0,,,,12.318,12.327,,,,7097.0,7097.0,7097.0,,-3.103,77.793,,,,0.0,,,,,,,,,,5558.0,5587.0,0.0,0.0,29.0,0.0,29.0,0.0,29.0,0.0,0.0,29.0,0.0,0.0,0.0,0.0,0.0,0.0,battery2_v
2021-03-31T19:00:00Z,30.0,30.0,,,,,736.533,753.0,,,,12.313,12.327,,,,7097.0,7097.0,7097.0,,-3.4,72.533,,,,0.0,,,,,,,,,,5588.0,5617.0,0.0,0.0,30.0,0.0,30.0,0.0,30.0,0.0,0.0,30.0,0.0,0.0,0.0,0.0,0.0,0.0,battery2_v
2021-03-31T20:00:00Z,28.0,28.0,,,,,741.607,753.0,,,,12.308,12.318,,,,7097.0,7097.0,7097.0,,-3.571,71.429,,,,0.0,,,,,,,,,,5618.0,5646.0,0.0,0.0,28.0,0.0,28.0,0.0,28.0,0.0,0.0,28.0,0.0,0.0,0.0,0.0,0.0,0.0,battery2_v
2021-03-31T21:00:00Z,30.0,30.0,,,,,747.433,753.0,,,,12.308,12.318,,,,7097.0,7097.0,7097.0,,-3.367,72.0,,,,0.0,,,,,,,,,,5647.0,5676.0,0.0,0.0,30.0,0.0,30.0,0.0,30.0,0.0,0.0,30.0,0.0,0.0,0.0,0.0,0.0,0.0,battery2_v
2021-03-31T22:00:00Z,30.0,30.0,,,,,1206.133,2999.0,,,,12.304,12.318,,,,7097.0,7097.0,7097.0,,-3.467,72.233,,,,0.0,,,,,,,,,,5677.0,5706.0,0.0,0.0,30.0,0.0,30.0,0.0,30.0,0.0,0.0,30.0,0.0,0.0,0.0,0.0,0.0,0.0,battery2_v
2021-03-31T23:00:00Z,30.0,30.0,,,,,5173.2,13728.0,,,,12.181,12.318,,,,7097.0,7097.0,7097.0,,-11.267,58.5,,,,0.0,,,,,,,,,,5707.0,5736.0,0.0,0.0,30.0,0.0,30.0,0.0,30.0,0.0,4.0,26.0,0.0,0.0,0.0,0.0,0.0,0.0,battery2_v
2021-04-01T00:00:00Z,30.0,30.0,,,,,11925.567,13798.0,,,,12.289,12.36,,,,7097.0,7097.0,7097.0,,-1.433,65.6,,,,0.0,,,,,,,,,,5737.0,5766.0,0.0,0.0,30.0,0.0,30.0,0.0,30.0,0.0,0.0,30.0,0.0,0.0,0.0,0.0,0.0,0.0,battery2_v
2021-04-01T01:00:00Z,30.0,30.0,,,,,13510.967,13541.0,,,,12.337,12.408,,,,7097.0,7097.0,7097.0,,17.567,81.633,,,,0.0,,,,,,,,,,5767.0,5796.0,0.0,0.0,30.0,0.0,30.0,0.0,30.0,0.0,0.0,30.0,0.0,0.0,0.0,0.0,0.0,0.0,battery2_v
2021-04-01T02:00:00Z,30.0,30.0,,,,,13478.667,14103.0,,,,12.398,12.445,,,,7097.0,7097.0,7097.0,,27.8,88.767,,,,0.0,,,,,,,,,,5797.0,5826.0,0.0,0.0,30.0,0.0,30.0,0.0,30.0,0.0,0.0,30.0,0.0,0.0,0.0,0.0,0.0,0.0,battery2_v
2021-04-01T03:00:00Z,30.0,30.0,,,,,13412.333,13436.0,,,,12.445,12.474,,,,7097.0,7097.0,7097.0,,31.9,87.7,,,,0.0,,,,,,,,,,5827.0,5856.0,0.0,0.0,30.0,0.0,30.0,0.0,30.0,0.0,0.0,30.0,0.0,0.0,0.0,0.0,0.0,0.0,battery2_v
2021-04-01T04:00:00Z,28.0,28.0,,,,,13340.0,14032.0,,,,12.479,12.554,,,,7097.0,7097.0,7097.0,,40.464,91.321,,,,0.0,,,,,,,,,,5858.0,5885.0,0.0,0.0,28.0,0.0,28.0,0.0,28.0,0.0,0.0,28.0,0.0,0.0,0.0,0.0,0.0,0.0,battery2_v
2021-04-01T05:00:00Z,30.0,30.0,,,,,13346.4,14009.0,,,,12.502,12.559,,,,7097.0,7097.0,7097.0,,33.1,78.233,,,,0.0,,,,,,,,,,5886.0,5915.0,0.0,0.0,30.0,0.0,30.0,0.0,30.0,0.0,0.0,30.0,0.0,0.0,0.0,0.0,0.0,0.0,battery2_v
2021-04-01T06:00:00Z,30.0,30.0,,,,,13351.5,14009.0,,,,12.488,12.526,,,,7097.0,7097.0,7097.0,,26.3,63.733,,,,0.0,,,,,,,,,,5916.0,5945.0,0.0,0.0,30.0,0.0,30.0,0.0,30.0,0.0,0.0,28.0,0.0,0.0,0.0,0.0,0.0,0.0,battery2_v
2021-04-01T07:00:00Z,30.0,30.0,,,,,13465.767,14068.0,,,,12.445,12.493,,,,7097.0,7097.0,7097.0,,15.967,45.6,,,,0.0,,,,,,,,,,5946.0,5975.0,0.0,0.0,30.0,0.0,30.0,0.0,30.0,0.0,0.0,7.0,0.0,0.0,0.0,0.0,0.0,0.0,battery2_v
2021-04-01T08:00:00Z,30.0,30.0,,,,,13471.267,13518.0,,,,12.379,12.45,,,,7097.0,7097.0,7097.0,,4.966,33.967,,,,0.0,,,,,,,,,,5976.0,6005.0,0.0,0.0,30.0,0.0,30.0,0.0,30.0,0.0,0.0,0.0,0.0,0.0,0.0,0.0,0.0,0.0,battery2_v
2021-04-01T09:00:00Z,29.0,29.0,,,,,13009.621,13553.0,,,,12.285,12.384,,,,7097.0,7097.0,7097.0,,-6.556,27.379,,,,0.0,,,,,,,,,,6006.0,6035.0,0.0,0.0,29.0,0.0,29.0,0.0,29.0,0.0,0.0,0.0,0.0,0.0,0.0,0.0,0.0,0.0,battery2_v
2021-04-01T10:00:00Z,30.0,30.0,,,,,8615.033,13600.0,,,,12.289,12.337,,,,7097.0,7097.0,7097.0,,-11.3,23.333,,,,0.0,,,,,,,,,,6036.0,6065.0,0.0,0.0,30.0,0.0,30.0,0.0,30.0,0.0,0.0,0.0,0.0,0.0,0.0,0.0,0.0,0.0,battery2_v
2021-04-01T11:00:00Z,28.0,28.0,,,,,981.071,2332.0,,,,12.304,12.322,,,,7097.0,7097.0,7097.0,,-6.75,37.571,,,,0.0,,,,,,,,,,6066.0,6093.0,0.0,0.0,28.0,0.0,28.0,0.0,28.0,0.0,0.0,0.0,0.0,0.0,0.0,0.0,0.0,0.0,battery2_v
2021-04-01T12:00:00Z,30.0,30.0,,,,,755.8,776.0,,,,12.299,12.318,,,,7097.0,7097.0,7097.0,,-6.267,43.767,,,,0.0,,,,,,,,,,6095.0,6124.0,0.0,0.0,30.0,0.0,30.0,0.0,30.0,0.0,0.0,3.0,0.0,0.0,0.0,0.0,0.0,0.0,battery2_v
2021-04-01T13:00:00Z,30.0,30.0,,,,,761.367,776.0,,,,12.299,12.313,,,,7097.0,7097.0,7097.0,,-6.067,48.067,,,,0.0,,,,,,,,,,6125.0,6154.0,0.0,0.0,30.0,0.0,30.0,0.0,30.0,0.0,0.0,7.0,0.0,0.0,0.0,0.0,0.0,0.0,battery2_v
2021-04-01T14:00:00Z,30.0,30.0,,,,,769.767,788.0,,,,12.294,12.308,,,,7097.0,7097.0,7097.0,,-5.8,48.867,,,,0.0,,,,,,,,,,6155.0,6184.0,0.0,0.0,30.0,0.0,30.0,0.0,30.0,0.0,0.0,11.0,0.0,0.0,0.0,0.0,0.0,0.0,battery2_v
2021-04-01T15:00:00Z,30.0,30.0,,,,,775.0,788.0,,,,12.294,12.304,,,,7097.0,7097.0,7097.0,,-5.767,49.933,,,,0.0,,,,,,,,,,6185.0,6214.0,0.0,0.0,30.0,0.0,30.0,0.0,30.0,0.0,0.0,13.0,0.0,0.0,0.0,0.0,0.0,0.0,battery2_v
2021-04-01T16:00:00Z,30.0,30.0,,,,,776.133,788.0,,,,12.289,12.304,,,,7097.0,7097.0,7097.0,,-5.467,53.3,,,,0.0,,,,,,,,,,6215.0,6244.0,0.0,0.0,30.0,0.0,30.0,0.0,30.0,0.0,0.0,18.0,0.0,0.0,0.0,0.0,0.0,0.0,battery2_v
2021-04-01T17:00:00Z,30.0,30.0,,,,,785.2,800.0,,,,12.285,12.299,,,,7097.0,7097.0,7097.0,,-5.633,49.967,,,,0.0,,,,,,,,,,6245.0,6274.0,0.0,0.0,30.0,0.0,30.0,0.0,30.0,0.0,0.0,13.0,0.0,0.0,0.0,0.0,0.0,0.0,battery2_v
2021-04-01T18:00:00Z,29.0,29.0,,,,,791.69,811.0,,,,12.285,12.294,,,,7097.0,7097.0,7097.0,,-5.621,50.069,,,,0.0,,,,,,,,,,6275.0,6303.0,0.0,0.0,29.0,0.0,29.0,0.0,29.0,0.0,0.0,11.0,0.0,0.0,0.0,0.0,0.0,0.0,battery2_v
2021-04-01T19:00:00Z,29.0,29.0,,,,,797.0,811.0,,,,12.28,12.294,,,,7097.0,7097.0,7097.0,,-5.448,53.103,,,,0.0,,,,,,,,,,6304.0,6333.0,0.0,0.0,29.0,0.0,29.0,0.0,29.0,0.0,0.0,21.0,0.0,0.0,0.0,0.0,0.0,0.0,battery2_v
2021-04-01T20:00:00Z,30.0,30.0,,,,,801.033,811.0,,,,12.28,12.289,,,,7097.0,7097.0,7097.0,,-5.3,52.967,,,,0.0,,,,,,,,,,6334.0,6363.0,0.0,0.0,30.0,0.0,30.0,0.0,30.0,0.0,0.0,20.0,0.0,0.0,0.0,0.0,0.0,0.0,battery2_v
2021-04-01T21:00:00Z,29.0,29.0,,,,,806.828,823.0,,,,12.275,12.289,,,,7097.0,7097.0,7097.0,,-5.103,55.414,,,,0.0,,,,,,,,,,6364.0,6392.0,0.0,0.0,29.0,0.0,29.0,0.0,29.0,0.0,0.0,26.0,0.0,0.0,0.0,0.0,0.0,0.0,battery2_v
2021-04-01T22:00:00Z,30.0,30.0,,,,,1436.567,6521.0,,,,12.275,12.285,,,,7097.0,7097.0,7097.0,,-4.667,57.4,,,,0.0,,,,,,,,,,6394.0,6423.0,0.0,0.0,30.0,0.0,30.0,0.0,30.0,0.0,0.0,29.0,0.0,0.0,0.0,0.0,0.0,0.0,battery2_v
2021-04-01T23:00:00Z,30.0,30.0,,,,,7065.467,14185.0,,,,12.147,12.294,,,,7097.0,7097.0,7097.0,,-9.9,50.567,,,,0.0,,,,,,,,,,6424.0,6453.0,0.0,0.0,30.0,0.0,30.0,0.0,30.0,0.0,3.0,25.0,0.0,0.0,0.0,0.0,0.0,0.0,battery2_v
2021-04-02T00:00:00Z,29.0,29.0,,,,,13589.897,13834.0,,,,12.27,12.332,,,,7097.0,7097.0,7097.0,,3.071,58.828,,,,0.0,,,,,,,,,,6454.0,6482.0,0.0,0.0,29.0,0.0,29.0,0.0,29.0,0.0,0.0,23.0,0.0,0.0,0.0,0.0,0.0,0.0,battery2_v
2021-04-02T01:00:00Z,29.0,29.0,,,,,13508.828,13564.0,,,,12.318,12.431,,,,7097.0,7097.0,7097.0,,25.034,76.621,,,,0.0,,,,,,,,,,6484.0,6512.0,0.0,0.0,29.0,0.0,29.0,0.0,29.0,0.0,0.0,28.0,0.0,0.0,0.0,0.0,0.0,0.0,battery2_v
2021-04-02T02:00:00Z,30.0,30.0,,,,,13491.167,13553.0,,,,12.332,12.436,,,,7097.0,7097.0,7097.0,,25.667,76.867,,,,0.0,,,,,,,,,,6513.0,6542.0,0.0,0.0,30.0,0.0,30.0,0.0,30.0,0.0,0.0,30.0,0.0,0.0,0.0,0.0,0.0,0.0,battery2_v
2021-04-02T03:00:00Z,29.0,29.0,,,,,13508.379,14138.0,,,,12.374,12.464,,,,7097.0,7097.0,7097.0,,28.931,76.345,,,,0.0,,,,,,,,,,6543.0,6572.0,0.0,0.0,29.0,0.0,29.0,0.0,29.0,0.0,0.0,28.0,0.0,0.0,0.0,0.0,0.0,0.0,battery2_v
2021-04-02T04:00:00Z,30.0,30.0,,,,,13319.667,13424.0,,,,12.455,12.55,,,,7097.0,7097.0,7097.0,,46.733,92.167,,,,0.0,,,,,,,,,,6573.0,6602.0,0.0,0.0,30.0,0.0,30.0,0.0,30.0,0.0,8.0,30.0,0.0,0.0,0.0,0.0,0.0,0.0,battery2_v
2021-04-02T05:00:00Z,30.0,30.0,,,,,13365.967,14044.0,,,,12.464,12.54,,,,7097.0,7097.0,7097.0,,31.833,65.2,,,,0.0,,,,,,,,,,6603.0,6632.0,0.0,0.0,30.0,0.0,30.0,0.0,30.0,0.0,0.0,26.0,0.0,0.0,0.0,0.0,0.0,0.0,battery2_v
2021-04-02T06:00:00Z,30.0,30.0,,,,,13416.167,13459.0,,,,12.422,12.479,,,,7097.0,7097.0,7097.0,,20.6,47.067,,,,0.0,,,,,,,,,,6633.0,6662.0,0.0,0.0,30.0,0.0,30.0,0.0,30.0,0.0,0.0,9.0,0.0,0.0,0.0,0.0,0.0,0.0,battery2_v
2021-04-02T07:00:00Z,30.0,30.0,,,,,13492.233,14056.0,,,,12.389,12.483,,,,7097.0,7097.0,7097.0,,11.7,33.6,,,,0.0,,,,,,,,,,6663.0,6692.0,0.0,0.0,30.0,0.0,30.0,0.0,30.0,0.0,0.0,2.0,0.0,0.0,0.0,0.0,0.0,0.0,battery2_v
2021-04-02T08:00:00Z,30.0,30.0,,,,,13537.467,14138.0,,,,12.337,12.403,,,,7097.0,7097.0,7097.0,,2.714,29.867,,,,0.0,,,,,,,,,,6693.0,6722.0,0.0,0.0,30.0,0.0,30.0,0.0,30.0,0.0,0.0,0.0,0.0,0.0,0.0,0.0,0.0,0.0,battery2_v
2021-04-02T09:00:00Z,29.0,29.0,,,,,13597.138,14173.0,,,,12.294,12.341,,,,7097.0,7097.0,7097.0,,-6.25,15.517,,,,0.0,,,,,,,,,,6723.0,6751.0,0.0,0.0,29.0,0.0,29.0,0.0,29.0,0.0,0.0,0.0,0.0,0.0,0.0,0.0,0.0,0.0,battery2_v
2021-04-02T10:00:00Z,30.0,30.0,,,,,8038.167,13635.0,,,,12.261,12.327,,,,7097.0,7097.0,7097.0,,-11.3,15.233,,,,0.0,,,,,,,,,,6752.0,6781.0,0.0,0.0,30.0,0.0,30.0,0.0,30.0,0.0,0.0,0.0,0.0,0.0,0.0,0.0,0.0,0.0,battery2_v
2021-04-02T11:00:00Z,29.0,29.0,,,,,993.034,2204.0,,,,12.275,12.294,,,,7097.0,7097.0,7097.0,,-7.552,29.69,,,,0.0,,,,,,,,,,6782.0,6811.0,0.0,0.0,29.0,0.0,29.0,0.0,29.0,0.0,0.0,0.0,0.0,0.0,0.0,0.0,0.0,0.0,battery2_v
2021-04-02T12:00:00Z,29.0,29.0,,,,,809.931,823.0,,,,12.27,12.28,,,,7097.0,7097.0,7097.0,,-7.207,30.276,,,,0.0,,,,,,,,,,6812.0,6841.0,0.0,0.0,29.0,0.0,29.0,0.0,29.0,0.0,0.0,0.0,0.0,0.0,0.0,0.0,0.0,0.0,battery2_v
2021-04-02T13:00:00Z,30.0,30.0,,,,,815.0,835.0,,,,12.27,12.28,,,,7097.0,7097.0,7097.0,,-7.0,36.467,,,,0.0,,,,,,,,,,6842.0,6871.0,0.0,0.0,30.0,0.0,30.0,0.0,30.0,0.0,0.0,0.0,0.0,0.0,0.0,0.0,0.0,0.0,battery2_v
2021-04-02T14:00:00Z,29.0,29.0,,,,,825.069,835.0,,,,12.27,12.28,,,,7097.0,7097.0,7097.0,,-7.0,36.138,,,,0.0,,,,,,,,,,6872.0,6900.0,0.0,0.0,29.0,0.0,29.0,0.0,29.0,0.0,0.0,0.0,0.0,0.0,0.0,0.0,0.0,0.0,battery2_v
2021-04-02T15:00:00Z,30.0,30.0,,,,,830.6,847.0,,,,12.261,12.275,,,,7097.0,7097.0,7097.0,,-6.9,36.767,,,,0.0,,,,,,,,,,6901.0,6930.0,0.0,0.0,30.0,0.0,30.0,0.0,30.0,0.0,0.0,0.0,0.0,0.0,0.0,0.0,0.0,0.0,battery2_v
2021-04-02T16:00:00Z,30.0,30.0,,,,,837.367,858.0,,,,12.261,12.275,,,,7097.0,7097.0,7097.0,,-6.7,37.067,,,,0.0,,,,,,,,,,6931.0,6960.0,0.0,0.0,30.0,0.0,30.0,0.0,30.0,0.0,0.0,0.0,0.0,0.0,0.0,0.0,0.0,0.0,battery2_v
2021-04-02T17:00:00Z,30.0,30.0,,,,,842.133,858.0,,,,12.261,12.275,,,,7097.0,7097.0,7097.0,,-6.067,48.333,,,,0.0,,,,,,,,,,6961.0,6990.0,0.0,0.0,30.0,0.0,30.0,0.0,30.0,0.0,0.0,9.0,0.0,0.0,0.0,0.0,0.0,0.0,battery2_v
2021-04-02T18:00:00Z,30.0,30.0,,,,,847.967,858.0,,,,12.256,12.27,,,,7097.0,7097.0,7097.0,,-5.267,53.3,,,,0.0,,,,,,,,,,6991.0,7020.0,0.0,0.0,30.0,0.0,30.0,0.0,30.0,0.0,0.0,20.0,0.0,0.0,0.0,0.0,0.0,0.0,battery2_v
2021-04-02T19:00:00Z,30.0,30.0,,,,,854.833,870.0,,,,12.256,12.266,,,,7097.0,7097.0,7097.0,,-4.2,60.667,,,,0.0,,,,,,,,,,7021.0,7050.0,0.0,0.0,30.0,0.0,30.0,0.0,30.0,0.0,0.0,29.0,0.0,0.0,0.0,0.0,0.0,0.0,battery2_v
2021-04-02T20:00:00Z,30.0,30.0,,,,,862.9,882.0,,,,12.251,12.266,,,,7097.0,7097.0,7097.0,,-4.167,60.967,,,,0.0,,,,,,,,,,7051.0,7080.0,0.0,0.0,30.0,0.0,30.0,0.0,30.0,0.0,0.0,29.0,0.0,0.0,0.0,0.0,0.0,0.0,battery2_v
2021-04-02T21:00:00Z,28.0,28.0,,,,,871.714,893.0,,,,12.247,12.261,,,,7097.0,7097.0,7097.0,,-3.964,64.107,,,,0.0,,,,,,,,,,7081.0,7109.0,0.0,0.0,28.0,0.0,28.0,0.0,28.0,0.0,0.0,28.0,0.0,0.0,0.0,0.0,0.0,0.0,battery2_v
2021-04-02T22:00:00Z,30.0,30.0,,,,,2198.333,8756.0,,,,12.247,12.261,,,,7097.0,7097.0,7097.0,,-3.5,69.6,,,,0.0,,,,,,,,,,7110.0,7139.0,0.0,0.0,30.0,0.0,30.0,0.0,30.0,0.0,0.0,30.0,0.0,0.0,0.0,0.0,0.0,0.0,battery2_v
2021-04-02T23:00:00Z,30.0,30.0,,,,,5328.667,13810.0,,,,12.119,12.256,,,,7097.0,7097.0,7097.0,,-13.267,55.433,,,,0.0,,,,,,,,,,7140.0,7169.0,0.0,0.0,30.0,0.0,30.0,0.0,30.0,0.0,5.0,25.0,0.0,0.0,0.0,0.0,0.0,0.0,battery2_v
2021-04-03T00:00:00Z,29.0,29.0,,,,,6395.138,14243.0,,,,12.237,12.261,,,,7097.0,7097.0,7097.0,,-3.448,66.103,,,,0.0,,,,,,,,,,7170.0,7199.0,0.0,0.0,29.0,0.0,29.0,0.0,29.0,0.0,0.0,29.0,0.0,0.0,0.0,0.0,0.0,0.0,battery2_v
2021-04-03T01:00:00Z,30.0,30.0,,,,,13557.533,13635.0,,,,12.261,12.417,,,,7097.0,7097.0,7097.0,,22.567,93.9,,,,0.0,,,,,,,,,,7200.0,7229.0,0.0,0.0,30.0,0.0,30.0,0.0,30.0,0.0,0.0,30.0,0.0,0.0,0.0,0.0,0.0,0.0,battery2_v
2021-04-03T02:00:00Z,30.0,30.0,,,,,13524.267,14185.0,,,,12.327,12.474,,,,7097.0,7097.0,7097.0,,32.3,119.467,,,,0.0,,,,,,,,,,7230.0,7259.0,0.0,0.0,30.0,0.0,30.0,0.0,30.0,0.0,6.0,30.0,0.0,0.0,0.0,0.0,0.0,0.0,battery2_v
2021-04-03T03:00:00Z,30.0,30.0,,,,,13323.533,14091.0,,,,12.403,12.658,,,,7097.0,7097.0,7097.0,,69.333,148.267,,,,0.0,,,,,,,,,,7260.0,7289.0,0.0,0.0,30.0,0.0,30.0,0.0,30.0,0.0,23.0,30.0,0.0,0.0,0.0,0.0,0.0,0.0,battery2_v
2021-04-03T04:00:00Z,30.0,30.0,,,,,13299.667,14044.0,,,,12.483,12.673,,,,7097.0,7097.0,7097.0,,54.9,131.9,,,,0.0,,,,,,,,,,7290.0,7319.0,0.0,0.0,30.0,0.0,30.0,0.0,30.0,0.0,17.0,30.0,0.0,0.0,0.0,0.0,0.0,0.0,battery2_v
2021-04-03T05:00:00Z,28.0,28.0,,,,,13302.0,13986.0,,,,12.479,12.597,,,,7097.0,7097.0,7097.0,,45.0,114.571,,,,0.0,,,,,,,,,,7320.0,7348.0,0.0,0.0,28.0,0.0,28.0,0.0,28.0,0.0,10.0,28.0,0.0,0.0,0.0,0.0,0.0,0.0,battery2_v
2021-04-03T06:00:00Z,30.0,30.0,,,,,13356.933,14009.0,,,,12.445,12.583,,,,7097.0,7097.0,7097.0,,35.9,91.9,,,,0.0,,,,,,,,,,7349.0,7378.0,0.0,0.0,30.0,0.0,30.0,0.0,30.0,0.0,5.0,30.0,0.0,0.0,0.0,0.0,0.0,0.0,battery2_v
2021-04-03T07:00:00Z,30.0,30.0,,,,,13356.9,14044.0,,,,12.464,12.573,,,,7097.0,7097.0,7097.0,,36.3,96.4,,,,0.0,,,,,,,,,,7379.0,7408.0,0.0,0.0,30.0,0.0,30.0,0.0,30.0,0.0,3.0,30.0,0.0,0.0,0.0,0.0,0.0,0.0,battery2_v
2021-04-03T08:00:00Z,30.0,30.0,,,,,13410.433,13506.0,,,,12.384,12.54,,,,7097.0,7097.0,7097.0,,19.3,79.033,,,,0.0,,,,,,,,,,7409.0,7438.0,0.0,0.0,30.0,0.0,30.0,0.0,30.0,0.0,0.0,30.0,0.0,0.0,0.0,0.0,0.0,0.0,battery2_v
2021-04-03T09:00:00Z,30.0,30.0,,,,,13462.267,13564.0,,,,12.318,12.408,,,,7097.0,7097.0,7097.0,,1.379,85.333,,,,0.0,,,,,,,,,,7439.0,7468.0,0.0,0.0,30.0,0.0,30.0,0.0,30.0,0.0,0.0,30.0,0.0,0.0,0.0,0.0,0.0,0.0,battery2_v
2021-04-03T10:00:00Z,30.0,30.0,,,,,8539.3,14068.0,,,,12.28,12.403,,,,7097.0,7097.0,7097.0,,-1.069,71.367,,,,0.0,,,,,,,,,,7469.0,7498.0,0.0,0.0,30.0,0.0,30.0,0.0,30.0,0.0,0.0,29.0,0.0,0.0,0.0,0.0,0.0,0.0,battery2_v
2021-04-03T11:00:00Z,30.0,30.0,,,,,1019.3,2426.0,,,,12.289,12.313,,,,7097.0,7097.0,7097.0,,-3.233,74.667,,,,0.0,,,,,,,,,,7499.0,7528.0,0.0,0.0,30.0,0.0,30.0,0.0,30.0,0.0,0.0,30.0,0.0,0.0,0.0,0.0,0.0,0.0,battery2_v
2021-04-03T12:00:00Z,30.0,30.0,,,,,795.067,811.0,,,,12.28,12.294,,,,7097.0,7097.0,7097.0,,-3.533,69.467,,,,0.0,,,,,,,,,,7529.0,7558.0,0.0,0.0,30.0,0.0,30.0,0.0,30.0,0.0,0.0,30.0,0.0,0.0,0.0,0.0,0.0,0.0,battery2_v
2021-04-03T13:00:00Z,30.0,30.0,,,,,812.8,835.0,,,,12.27,12.289,,,,7097.0,7097.0,7097.0,,-3.5,71.2,,,,0.0,,,,,,,,,,7559.0,7588.0,0.0,0.0,30.0,0.0,30.0,0.0,30.0,0.0,0.0,30.0,0.0,0.0,0.0,0.0,0.0,0.0,battery2_v
2021-04-03T14:00:00Z,29.0,29.0,,,,,832.069,858.0,,,,12.266,12.275,,,,7097.0,7097.0,7097.0,,-3.345,71.414,,,,0.0,,,,,,,,,,7589.0,7617.0,0.0,0.0,29.0,0.0,29.0,0.0,29.0,0.0,0.0,29.0,0.0,0.0,0.0,0.0,0.0,0.0,battery2_v
2021-04-03T15:00:00Z,30.0,30.0,,,,,850.967,870.0,,,,12.256,12.27,,,,7097.0,7097.0,7097.0,,-3.233,76.267,,,,0.0,,,,,,,,,,7618.0,7647.0,0.0,0.0,30.0,0.0,30.0,0.0,30.0,0.0,0.0,30.0,0.0,0.0,0.0,0.0,0.0,0.0,battery2_v
2021-04-03T16:00:00Z,30.0,30.0,,,,,853.667,870.0,,,,12.256,12.27,,,,7097.0,7097.0,7097.0,,-3.0,79.733,,,,0.0,,,,,,,,,,7648.0,7677.0,0.0,0.0,30.0,0.0,30.0,0.0,30.0,0.0,0.0,30.0,0.0,0.0,0.0,0.0,0.0,0.0,battery2_v
2021-04-03T17:00:00Z,30.0,30.0,,,,,896.467,928.0,,,,12.251,12.261,,,,7097.0,7097.0,7097.0,,-3.267,75.2,,,,0.0,,,,,,,,,,7678.0,7707.0,0.0,0.0,30.0,0.0,30.0,0.0,30.0,0.0,0.0,30.0,0.0,0.0,0.0,0.0,0.0,0.0,battery2_v
2021-04-03T18:00:00Z,30.0,30.0,,,,,912.467,928.0,,,,12.242,12.256,,,,7097.0,7097.0,7097.0,,-3.367,71.2,,,,0.0,,,,,,,,,,7708.0,7737.0,0.0,0.0,30.0,0.0,30.0,0.0,30.0,0.0,0.0,30.0,0.0,0.0,0.0,0.0,0.0,0.0,battery2_v
2021-04-03T19:00:00Z,30.0,30.0,,,,,915.933,928.0,,,,12.242,12.251,,,,7097.0,7097.0,7097.0,,-3.067,76.267,,,,0.0,,,,,,,,,,7738.0,7767.0,0.0,0.0,30.0,0.0,30.0,0.0,30.0,0.0,0.0,30.0,0.0,0.0,0.0,0.0,0.0,0.0,battery2_v
2021-04-03T20:00:00Z,30.0,30.0,,,,,925.6,940.0,,,,12.237,12.251,,,,7097.0,7097.0,7097.0,,-3.067,75.467,,,,0.0,,,,,,,,,,7768.0,7797.0,0.0,0.0,30.0,0.0,30.0,0.0,30.0,0.0,0.0,30.0,0.0,0.0,0.0,0.0,0.0,0.0,battery2_v
2021-04-03T21:00:00Z,30.0,30.0,,,,,931.033,940.0,,,,12.237,12.247,,,,7097.0,7097.0,7097.0,,-2.967,79.467,,,,0.0,,,,,,,,,,7798.0,7827.0,0.0,0.0,30.0,0.0,30.0,0.0,30.0,0.0,0.0,30.0,0.0,0.0,0.0,0.0,0.0,0.0,battery2_v
2021-04-03T22:00:00Z,28.0,28.0,,,,,1704.357,4532.0,,,,12.233,12.247,,,,7097.0,7097.0,7097.0,,-2.964,76.571,,,,0.0,,,,,,,,,,7828.0,7856.0,0.0,0.0,28.0,0.0,28.0,0.0,28.0,0.0,0.0,28.0,0.0,0.0,0.0,0.0,0.0,0.0,battery2_v
2021-04-03T23:00:00Z,30.0,30.0,,,,,10652.0,13822.0,,,,12.105,12.242,,,,7097.0,7097.0,7097.0,,-18.333,53.633,,,,0.0,,,,,,,,,,7857.0,7886.0,0.0,0.0,30.0,0.0,30.0,0.0,30.0,0.0,6.0,22.0,0.0,0.0,0.0,0.0,0.0,0.0,battery2_v
2021-04-04T00:00:00Z,30.0,30.0,,,,,13691.433,13705.0,,,,12.204,12.237,,,,7097.0,7097.0,7097.0,,-7.414,77.6,,,,0.0,,,,,,,,,,7887.0,7916.0,0.0,0.0,30.0,0.0,30.0,0.0,30.0,0.0,0.0,29.0,0.0,0.0,0.0,0.0,0.0,0.0,battery2_v
2021-04-04T01:00:00Z,30.0,30.0,,,,,13599.467,13681.0,,,,12.218,12.351,,,,7097.0,7097.0,7097.0,,16.733,113.633,,,,0.0,,,,,,,,,,7917.0,7946.0,0.0,0.0,30.0,0.0,30.0,0.0,30.0,0.0,0.0,30.0,0.0,0.0,0.0,0.0,0.0,0.0,battery2_v
2021-04-04T02:00:00Z,30.0,30.0,,,,,13543.8,14220.0,,,,12.285,12.464,,,,7097.0,7097.0,7097.0,,35.8,135.6,,,,0.0,,,,,,,,,,7947.0,7976.0,0.0,0.0,30.0,0.0,30.0,0.0,30.0,0.0,4.0,30.0,0.0,0.0,0.0,0.0,0.0,0.0,battery2_v
2021-04-04T03:00:00Z,30.0,30.0,,,,,13561.733,13646.0,,,,12.261,12.441,,,,7097.0,7097.0,7097.0,,18.167,135.033,,,,0.0,,,,,,,,,,7977.0,8006.0,0.0,0.0,30.0,0.0,30.0,0.0,30.0,0.0,3.0,30.0,0.0,0.0,0.0,0.0,0.0,0.0,battery2_v
2021-04-04T04:00:00Z,30.0,30.0,,,,,13398.3,13658.0,,,,12.247,12.455,,,,7097.0,7097.0,7097.0,,25.3,120.3,,,,0.0,,,,,,,,,,8007.0,8036.0,0.0,0.0,30.0,0.0,30.0,0.0,30.0,0.0,8.0,30.0,0.0,0.0,0.0,0.0,0.0,0.0,battery2_v
2021-04-04T05:00:00Z,30.0,30.0,,,,,13166.1,13693.0,,,,12.218,12.469,,,,7097.0,7097.0,7097.0,,17.033,109.533,,,,0.0,,,,,,,,,,8037.0,8066.0,0.0,0.0,30.0,0.0,30.0,0.0,30.0,0.0,7.0,30.0,0.0,0.0,0.0,0.0,0.0,0.0,battery2_v
2021-04-04T06:00:00Z,29.0,29.0,,,,,13528.103,13646.0,,,,12.256,12.441,,,,7097.0,7097.0,7097.0,,28.179,114.172,,,,0.0,,,,,,,,,,8067.0,8096.0,0.0,0.0,29.0,0.0,29.0,0.0,29.0,0.0,4.0,29.0,0.0,0.0,0.0,0.0,0.0,0.0,battery2_v
2021-04-04T07:00:00Z,30.0,30.0,,,,,4523.833,13646.0,,,,12.185,12.417,,,,7097.0,7097.0,7097.0,,0.458,107.033,,,,0.0,,,,,,,,,,8097.0,8126.0,0.0,0.0,30.0,0.0,30.0,0.0,30.0,0.0,0.0,30.0,0.0,0.0,0.0,0.0,0.0,0.0,battery2_v
2021-04-04T08:00:00Z,29.0,29.0,,,,,13648.759,14266.0,,,,12.256,12.294,,,,7097.0,7097.0,7097.0,,10.655,111.069,,,,0.0,,,,,,,,,,8127.0,8155.0,0.0,0.0,29.0,0.0,29.0,0.0,29.0,0.0,0.0,29.0,0.0,0.0,0.0,0.0,0.0,0.0,battery2_v
2021-04-04T09:00:00Z,30.0,30.0,,,,,13653.767,14185.0,,,,12.223,12.374,,,,7097.0,7097.0,7097.0,,8.633,88.367,,,,0.0,,,,,,,,,,8156.0,8185.0,0.0,0.0,30.0,0.0,30.0,0.0,30.0,0.0,0.0,30.0,0.0,0.0,0.0,0.0,0.0,0.0,battery2_v
2021-04-04T10:00:00Z,29.0,29.0,,,,,9386.828,13740.0,,,,12.181,12.266,,,,7097.0,7097.0,7097.0,,-8.55,81.103,,,,0.0,,,,,,,,,,8186.0,8215.0,0.0,0.0,29.0,0.0,29.0,0.0,29.0,0.0,0.0,29.0,0.0,0.0,0.0,0.0,0.0,0.0,battery2_v
2021-04-04T11:00:00Z,29.0,29.0,,,,,1132.379,2227.0,,,,12.218,12.228,,,,7097.0,7097.0,7097.0,,-2.16,92.379,,,,0.0,,,,,,,,,,8216.0,8245.0,0.0,0.0,29.0,0.0,29.0,0.0,29.0,0.0,0.0,29.0,0.0,0.0,0.0,0.0,0.0,0.0,battery2_v
2021-04-04T12:00:00Z,29.0,29.0,,,,,965.103,987.0,,,,12.209,12.228,,,,7097.0,7097.0,7097.0,,-2.517,85.069,,,,0.0,,,,,,,,,,8246.0,8275.0,0.0,0.0,29.0,0.0,29.0,0.0,29.0,0.0,0.0,29.0,0.0,0.0,0.0,0.0,0.0,0.0,battery2_v
2021-04-04T13:00:00Z,27.0,27.0,,,,,967.148,975.0,,,,12.204,12.223,,,,7097.0,7097.0,7097.0,,-2.889,79.407,,,,0.0,,,,,,,,,,8276.0,8304.0,0.0,0.0,27.0,0.0,27.0,0.0,27.0,0.0,0.0,27.0,0.0,0.0,0.0,0.0,0.0,0.0,battery2_v
2021-04-04T14:00:00Z,29.0,29.0,,,,,974.483,987.0,,,,12.204,12.218,,,,7097.0,7097.0,7097.0,,-3.31,73.379,,,,0.0,,,,,,,,,,8305.0,8334.0,0.0,0.0,29.0,0.0,29.0,0.0,29.0,0.0,0.0,29.0,0.0,0.0,0.0,0.0,0.0,0.0,battery2_v
2021-04-04T15:00:00Z,26.0,26.0,,,,,1011.692,1045.0,,,,12.185,12.214,,,,6835.577,300.0,7097.0,,-5.885,45.731,,,,0.0,,,,,,,,,,1.0,8343.0,0.0,0.0,26.0,0.0,26.0,0.0,26.0,0.0,0.0,9.0,0.0,0.0,0.0,0.0,0.0,0.0,battery2_v
2021-10-30T09:00:00Z,3.0,3.0,,,,,0.0,0.0,,,,12.71,13.24,,,,4831.333,300.0,7097.0,,1240.0,144.0,,,,0.667,,,,,,,,,,1.0,5.0,0.0,0.0,0.0,0.0,3.0,0.0,3.0,0.0,3.0,3.0,0.0,0.0,0.0,0.0,0.0,0.0,battery2_v
2021-10-30T10:00:00Z,29.0,29.0,,,,,0.0,0.0,,,,13.24,13.254,,,,7097.0,7097.0,7097.0,,1240.0,178.621,,,,1.0,,,,,,,,,,6.0,35.0,0.0,0.0,0.0,0.0,29.0,0.0,29.0,0.0,29.0,29.0,0.0,0.0,0.0,0.0,0.0,0.0,battery2_v
2021-10-30T11:00:00Z,30.0,30.0,,,,,0.0,0.0,,,,13.24,13.25,,,,7097.0,7097.0,7097.0,,1240.0,149.233,,,,1.0,,,,,,,,,,36.0,65.0,0.0,0.0,0.0,0.0,30.0,0.0,30.0,0.0,30.0,30.0,0.0,0.0,0.0,0.0,0.0,0.0,battery2_v
2021-10-30T12:00:00Z,30.0,30.0,,,,,0.0,0.0,,,,13.236,13.25,,,,7097.0,7097.0,7097.0,,1240.0,134.6,,,,1.0,,,,,,,,,,66.0,95.0,0.0,0.0,0.0,0.0,30.0,0.0,30.0,0.0,30.0,30.0,0.0,0.0,0.0,0.0,0.0,0.0,battery2_v
2021-10-30T13:00:00Z,28.0,28.0,,,,,0.0,0.0,,,,13.236,13.245,,,,7097.0,7097.0,7097.0,,1240.0,123.214,,,,1.0,,,,,,,,,,97.0,124.0,0.0,0.0,0.0,0.0,28.0,0.0,28.0,0.0,28.0,28.0,0.0,0.0,0.0,0.0,0.0,0.0,battery2_v
2021-10-30T14:00:00Z,29.0,29.0,,,,,0.0,0.0,,,,13.236,13.25,,,,7097.0,7097.0,7097.0,,1240.0,117.172,,,,1.0,,,,,,,,,,125.0,154.0,0.0,0.0,0.0,0.0,29.0,0.0,29.0,0.0,29.0,29.0,0.0,0.0,0.0,0.0,0.0,0.0,battery2_v
2021-10-30T15:00:00Z,30.0,30.0,,,,,0.0,0.0,,,,13.24,13.25,,,,7097.0,7097.0,7097.0,,1240.0,112.067,,,,1.0,,,,,,,,,,155.0,184.0,0.0,0.0,0.0,0.0,30.0,0.0,30.0,0.0,30.0,30.0,0.0,0.0,0.0,0.0,0.0,0.0,battery2_v
2021-10-30T16:00:00Z,30.0,30.0,,,,,0.0,0.0,,,,13.236,13.245,,,,7097.0,7097.0,7097.0,,1240.0,109.367,,,,1.0,,,,,,,,,,185.0,214.0,0.0,0.0,0.0,0.0,30.0,0.0,30.0,0.0,30.0,30.0,0.0,0.0,0.0,0.0,0.0,0.0,battery2_v
2021-10-30T17:00:00Z,28.0,28.0,,,,,0.0,0.0,,,,13.236,13.25,,,,7097.0,7097.0,7097.0,,1240.0,108.5,,,,1.0,,,,,,,,,,215.0,243.0,0.0,0.0,0.0,0.0,28.0,0.0,28.0,0.0,28.0,28.0,0.0,0.0,0.0,0.0,0.0,0.0,battery2_v
2021-10-30T18:00:00Z,30.0,30.0,,,,,0.0,0.0,,,,13.236,13.245,,,,7097.0,7097.0,7097.0,,1240.0,107.4,,,,1.0,,,,,,,,,,244.0,273.0,0.0,0.0,0.0,0.0,30.0,0.0,30.0,0.0,30.0,30.0,0.0,0.0,0.0,0.0,0.0,0.0,battery2_v
2021-10-30T19:00:00Z,30.0,30.0,,,,,0.0,0.0,,,,13.231,13.245,,,,7097.0,7097.0,7097.0,,1240.0,109.333,,,,1.0,,,,,,,,,,274.0,303.0,0.0,0.0,0.0,0.0,30.0,0.0,30.0,0.0,30.0,30.0,0.0,0.0,0.0,0.0,0.0,0.0,battery2_v
2021-10-30T20:00:00Z,30.0,30.0,,,,,0.0,0.0,,,,13.236,13.245,,,,7097.0,7097.0,7097.0,,1240.0,111.567,,,,1.0,,,,,,,,,,304.0,333.0,0.0,0.0,0.0,0.0,30.0,0.0,30.0,0.0,30.0,30.0,0.0,0.0,0.0,0.0,0.0,0.0,battery2_v
2021-10-30T21:00:00Z,30.0,30.0,,,,,0.0,0.0,,,,13.236,13.245,,,,7097.0,7097.0,7097.0,,1240.0,114.067,,,,1.0,,,,,,,,,,334.0,363.0,0.0,0.0,0.0,0.0,30.0,0.0,30.0,0.0,30.0,30.0,0.0,0.0,0.0,0.0,0.0,0.0,battery2_v
2021-10-30T22:00:00Z,30.0,30.0,,,,,0.0,0.0,,,,13.236,13.245,,,,7097.0,7097.0,7097.0,,1240.0,111.567,,,,1.0,,,,,,,,,,364.0,393.0,0.0,0.0,0.0,0.0,30.0,0.0,30.0,0.0,30.0,30.0,0.0,0.0,0.0,0.0,0.0,0.0,battery2_v
2021-10-30T23:00:00Z,30.0,30.0,,,,,0.0,0.0,,,,13.236,13.25,,,,7097.0,7097.0,7097.0,,1240.0,110.4,,,,1.0,,,,,,,,,,394.0,423.0,0.0,0.0,0.0,0.0,30.0,0.0,30.0,0.0,30.0,30.0,0.0,0.0,0.0,0.0,0.0,0.0,battery2_v
2021-10-31T00:00:00Z,30.0,30.0,,,,,0.0,0.0,,,,13.231,13.245,,,,7097.0,7097.0,7097.0,,1240.0,91.533,,,,1.0,,,,,,,,,,424.0,453.0,0.0,0.0,0.0,0.0,30.0,0.0,30.0,0.0,30.0,30.0,0.0,0.0,0.0,0.0,0.0,0.0,battery2_v
2021-10-31T01:00:00Z,30.0,30.0,,,,,0.0,0.0,,,,13.236,13.245,,,,7097.0,7097.0,7097.0,,1240.0,86.1,,,,1.0,,,,,,,,,,454.0,483.0,0.0,0.0,0.0,0.0,30.0,0.0,30.0,0.0,30.0,30.0,0.0,0.0,0.0,0.0,0.0,0.0,battery2_v
2021-10-31T02:00:00Z,29.0,29.0,,,,,0.0,0.0,,,,13.231,13.245,,,,7097.0,7097.0,7097.0,,1240.0,80.586,,,,1.0,,,,,,,,,,484.0,512.0,0.0,0.0,0.0,0.0,29.0,0.0,29.0,0.0,29.0,29.0,0.0,0.0,0.0,0.0,0.0,0.0,battery2_v
2021-10-31T03:00:00Z,30.0,30.0,,,,,0.0,0.0,,,,13.236,13.245,,,,7097.0,7097.0,7097.0,,1240.0,108.867,,,,1.0,,,,,,,,,,513.0,542.0,0.0,0.0,0.0,0.0,30.0,0.0,30.0,0.0,30.0,30.0,0.0,0.0,0.0,0.0,0.0,0.0,battery2_v
2021-10-31T04:00:00Z,30.0,30.0,,,,,0.0,0.0,,,,13.236,13.245,,,,7097.0,7097.0,7097.0,,1240.0,112.467,,,,1.0,,,,,,,,,,543.0,572.0,0.0,0.0,0.0,0.0,30.0,0.0,30.0,0.0,30.0,30.0,0.0,0.0,0.0,0.0,0.0,0.0,battery2_v
2021-10-31T05:00:00Z,30.0,30.0,,,,,0.0,0.0,,,,13.236,13.245,,,,7097.0,7097.0,7097.0,,1240.0,126.2,,,,1.0,,,,,,,,,,573.0,602.0,0.0,0.0,0.0,0.0,30.0,0.0,30.0,0.0,30.0,30.0,0.0,0.0,0.0,0.0,0.0,0.0,battery2_v
2021-10-31T06:00:00Z,30.0,30.0,,,,,0.0,0.0,,,,13.236,13.25,,,,7097.0,7097.0,7097.0,,1240.0,108.0,,,,1.0,,,,,,,,,,603.0,632.0,0.0,0.0,0.0,0.0,30.0,0.0,30.0,0.0,30.0,30.0,0.0,0.0,0.0,0.0,0.0,0.0,battery2_v
2021-10-31T07:00:00Z,30.0,30.0,,,,,0.0,0.0,,,,13.236,13.245,,,,7097.0,7097.0,7097.0,,1240.0,125.8,,,,1.0,,,,,,,,,,633.0,662.0,0.0,0.0,0.0,0.0,30.0,0.0,30.0,0.0,30.0,30.0,0.0,0.0,0.0,0.0,0.0,0.0,battery2_v
2021-10-31T08:00:00Z,30.0,30.0,,,,,0.0,0.0,,,,13.24,13.25,,,,7097.0,7097.0,7097.0,,1240.0,136.867,,,,1.0,,,,,,,,,,663.0,692.0,0.0,0.0,0.0,0.0,30.0,0.0,30.0,0.0,30.0,30.0,0.0,0.0,0.0,0.0,0.0,0.0,battery2_v
2021-10-31T09:00:00Z,29.0,29.0,,,,,0.0,0.0,,,,13.236,13.245,,,,7097.0,7097.0,7097.0,,1240.0,140.069,,,,1.0,,,,,,,,,,694.0,722.0,0.0,0.0,0.0,0.0,29.0,0.0,29.0,0.0,29.0,29.0,0.0,0.0,0.0,0.0,0.0,0.0,battery2_v
2021-10-31T10:00:00Z,29.0,29.0,,,,,0.0,0.0,,,,13.24,13.245,,,,7097.0,7097.0,7097.0,,1240.0,139.103,,,,1.0,,,,,,,,,,723.0,751.0,0.0,0.0,0.0,0.0,29.0,0.0,29.0,0.0,29.0,29.0,0.0,0.0,0.0,0.0,0.0,0.0,battery2_v
2021-10-31T11:00:00Z,30.0,30.0,,,,,0.0,0.0,,,,13.236,13.245,,,,7097.0,7097.0,7097.0,,1240.0,143.667,,,,1.0,,,,,,,,,,752.0,781.0,0.0,0.0,0.0,0.0,30.0,0.0,30.0,0.0,30.0,30.0,0.0,0.0,0.0,0.0,0.0,0.0,battery2_v
2021-10-31T12:00:00Z,30.0,30.0,,,,,0.0,0.0,,,,13.236,13.245,,,,7097.0,7097.0,7097.0,,1240.0,142.167,,,,1.0,,,,,,,,,,782.0,811.0,0.0,0.0,0.0,0.0,30.0,0.0,30.0,0.0,30.0,30.0,0.0,0.0,0.0,0.0,0.0,0.0,battery2_v
2021-10-31T13:00:00Z,30.0,30.0,,,,,0.0,0.0,,,,13.236,13.245,,,,7097.0,7097.0,7097.0,,1240.0,145.033,,,,1.0,,,,,,,,,,812.0,841.0,0.0,0.0,0.0,0.0,30.0,0.0,30.0,0.0,30.0,30.0,0.0,0.0,0.0,0.0,0.0,0.0,battery2_v
2021-10-31T14:00:00Z,30.0,30.0,,,,,0.0,0.0,,,,13.236,13.245,,,,7097.0,7097.0,7097.0,,1240.0,145.633,,,,1.0,,,,,,,,,,842.0,871.0,0.0,0.0,0.0,0.0,30.0,0.0,30.0,0.0,30.0,30.0,0.0,0.0,0.0,0.0,0.0,0.0,battery2_v
2021-10-31T15:00:00Z,30.0,30.0,,,,,0.0,0.0,,,,13.236,13.245,,,,7097.0,7097.0,7097.0,,1240.0,145.1,,,,1.0,,,,,,,,,,872.0,901.0,0.0,0.0,0.0,0.0,30.0,0.0,30.0,0.0,30.0,30.0,0.0,0.0,0.0,0.0,0.0,0.0,battery2_v
2021-10-31T16:00:00Z,28.0,28.0,,,,,0.0,0.0,,,,13.231,13.245,,,,7097.0,7097.0,7097.0,,1240.0,125.857,,,,1.0,,,,,,,,,,902.0,931.0,0.0,0.0,0.0,0.0,28.0,0.0,28.0,0.0,28.0,28.0,0.0,0.0,0.0,0.0,0.0,0.0,battery2_v
2021-10-31T17:00:00Z,27.0,27.0,,,,,0.0,0.0,,,,13.236,13.245,,,,7097.0,7097.0,7097.0,,1240.0,110.407,,,,1.0,,,,,,,,,,932.0,960.0,0.0,0.0,0.0,0.0,27.0,0.0,27.0,0.0,27.0,27.0,0.0,0.0,0.0,0.0,0.0,0.0,battery2_v
2021-10-31T18:00:00Z,29.0,29.0,,,,,0.0,0.0,,,,13.231,13.24,,,,7097.0,7097.0,7097.0,,1240.0,101.069,,,,1.0,,,,,,,,,,961.0,990.0,0.0,0.0,0.0,0.0,29.0,0.0,29.0,0.0,29.0,29.0,0.0,0.0,0.0,0.0,0.0,0.0,battery2_v
2021-10-31T19:00:00Z,30.0,30.0,,,,,0.0,0.0,,,,13.236,13.245,,,,7097.0,7097.0,7097.0,,1240.0,99.3,,,,1.0,,,,,,,,,,991.0,1020.0,0.0,0.0,0.0,0.0,30.0,0.0,30.0,0.0,30.0,30.0,0.0,0.0,0.0,0.0,0.0,0.0,battery2_v
2021-10-31T20:00:00Z,30.0,30.0,,,,,0.0,0.0,,,,13.231,13.245,,,,7097.0,7097.0,7097.0,,1240.0,95.567,,,,1.0,,,,,,,,,,1021.0,1050.0,0.0,0.0,0.0,0.0,30.0,0.0,30.0,0.0,30.0,30.0,0.0,0.0,0.0,0.0,0.0,0.0,battery2_v
2021-10-31T21:00:00Z,30.0,30.0,,,,,0.0,0.0,,,,13.231,13.245,,,,7097.0,7097.0,7097.0,,1240.0,94.133,,,,1.0,,,,,,,,,,1051.0,1080.0,0.0,0.0,0.0,0.0,30.0,0.0,30.0,0.0,30.0,30.0,0.0,0.0,0.0,0.0,0.0,0.0,battery2_v
2021-10-31T22:00:00Z,30.0,30.0,,,,,0.0,0.0,,,,13.236,13.245,,,,7097.0,7097.0,7097.0,,1240.0,93.667,,,,1.0,,,,,,,,,,1081.0,1110.0,0.0,0.0,0.0,0.0,30.0,0.0,30.0,0.0,30.0,30.0,0.0,0.0,0.0,0.0,0.0,0.0,battery2_v
2021-10-31T23:00:00Z,29.0,29.0,,,,,0.0,0.0,,,,13.231,13.245,,,,7097.0,7097.0,7097.0,,1240.0,91.793,,,,1.0,,,,,,,,,,1111.0,1140.0,0.0,0.0,0.0,0.0,29.0,0.0,29.0,0.0,29.0,29.0,0.0,0.0,0.0,0.0,0.0,0.0,battery2_v
2021-11-01T00:00:00Z,29.0,29.0,,,,,0.0,0.0,,,,13.226,13.245,,,,7097.0,7097.0,7097.0,,1240.0,77.207,,,,1.0,,,,,,,,,,1141.0,1169.0,0.0,0.0,0.0,0.0,29.0,0.0,29.0,0.0,29.0,28.0,0.0,0.0,0.0,0.0,0.0,0.0,battery2_v
2021-11-01T01:00:00Z,28.0,28.0,,,,,0.0,0.0,,,,13.226,13.24,,,,7097.0,7097.0,7097.0,,1240.0,66.429,,,,1.0,,,,,,,,,,1170.0,1199.0,0.0,0.0,0.0,0.0,28.0,0.0,28.0,0.0,28.0,27.0,0.0,0.0,0.0,0.0,0.0,0.0,battery2_v
2021-11-01T02:00:00Z,23.0,23.0,,,,,0.0,0.0,,,,13.231,13.24,,,,7097.0,7097.0,7097.0,,1240.0,64.087,,,,1.0,,,,,,,,,,1200.0,1223.0,0.0,0.0,0.0,0.0,23.0,0.0,23.0,0.0,23.0,23.0,0.0,0.0,0.0,0.0,0.0,0.0,battery2_v
