ts_utc,n_samples,n_out_of_range,solar_v_avg,solar_v_max,solar2_v_avg,solar2_v_max,solar3_v_avg,solar3_v_max,battery_v_avg,battery_v_min,battery_v_max,battery2_v_min,battery2_v_max,lipo_v_avg,lipo_v_min,lipo_v_max,lipo2_v_avg,lipo2_v_min,lipo2_v_max,current_a_avg,current_a_chA_avg,current_a_chB_avg,current2_a_avg,power_w_avg,power_w_max,load_v_avg,load1_v_avg,load2_v_avg,wind_v_avg,temp_c_avg,temp_c_min,temp_c_max,voltage_adc_avg,digital_adc_avg,energy_wh,boot_count_min,boot_count_max,solar_v_n_oor,solar2_v_n_oor,solar3_v_n_oor,battery_v_n_oor,battery2_v_n_oor,lipo_v_n_oor,lipo2_v_n_oor,current_a_n_oor,current_a_chA_n_oor,current_a_chB_n_oor,current2_a_n_oor,power_w_n_oor,load_v_n_oor,load1_v_n_oor,load2_v_n_oor,temp_c_n_oor,scaled_channels
2020-06-15T06:00:00Z,25.0,25.0,13681.52,14295.0,4580.76,4616.0,,,13417.44,12844.0,13566.0,,,4121.96,4107.0,4125.0,,,,798.52,,,,,,472.24,,,9730.32,200.0,200.0,200.0,,,,1.0,25.0,25.0,25.0,0.0,25.0,0.0,25.0,0.0,25.0,0.0,0.0,0.0,0.0,1.0,0.0,0.0,25.0,
2020-06-15T07:00:00Z,29.0,29.0,13117.207,13889.0,3868.517,4506.0,,,12841.966,12678.0,13280.0,,,4112.586,4101.0,4125.0,,,,176.31,,,,,,0.0,,,7244.103,200.0,200.0,200.0,,,,26.0,55.0,29.0,29.0,0.0,29.0,0.0,29.0,0.0,28.0,0.0,0.0,0.0,0.0,0.0,0.0,0.0,29.0,
2020-06-15T08:00:00Z,29.0,29.0,13047.138,13438.0,3812.552,4199.0,,,12735.172,12611.0,12821.0,,,4091.241,4085.0,4101.0,,,,121.0,,,,,,0.0,,,3563.552,200.0,200.0,200.0,,,,56.0,84.0,29.0,29.0,0.0,29.0,0.0,29.0,0.0,29.0,0.0,0.0,0.0,0.0,0.0,0.0,0.0,29.0,
2020-06-15T09:00:00Z,30.0,30.0,12889.0,13295.0,3604.6,4034.0,,,12650.833,12603.0,12754.0,,,4077.233,4070.0,4085.0,,,,107.667,,,,,,0.0,,,3081.4,200.0,200.0,200.0,,,,85.0,114.0,30.0,30.0,0.0,30.0,0.0,30.0,0.0,30.0,0.0,0.0,0.0,0.0,0.0,0.0,0.0,30.0,
2020-06-15T10:00:00Z,29.0,29.0,9927.345,13272.0,3377.138,3842.0,,,12546.69,12460.0,12656.0,,,4063.069,4056.0,4070.0,,,,76.621,,,,,,0.0,,,0.0,200.0,200.0,200.0,,,,115.0,143.0,29.0,29.0,0.0,29.0,0.0,29.0,0.0,25.0,0.0,0.0,0.0,0.0,0.0,0.0,0.0,29.0,
2020-06-15T11:00:00Z,30.0,30.0,719.733,3903.0,383.1,2421.0,,,12462.5,12430.0,12490.0,,,4050.733,4046.0,4057.0,,,,38.367,,,,,,0.0,,,0.0,200.0,200.0,200.0,,,,144.0,173.0,12.0,7.0,0.0,30.0,0.0,30.0,0.0,8.0,0.0,0.0,0.0,0.0,0.0,0.0,0.0,30.0,
2020-06-15T12:00:00Z,29.0,29.0,0.0,0.0,0.0,0.0,,,12434.897,12415.0,12460.0,,,4041.586,4036.0,4048.0,,,,42.241,,,,,,0.0,,,0.0,200.0,200.0,200.0,,,,174.0,202.0,0.0,0.0,0.0,29.0,0.0,29.0,0.0,12.0,0.0,0.0,0.0,0.0,0.0,0.0,0.0,29.0,
2020-06-15T13:00:00Z,30.0,30.0,0.0,0.0,0.0,0.0,,,12410.467,12393.0,12430.0,,,4032.833,4030.0,4038.0,,,,37.7,,,,,,0.0,,,0.0,200.0,200.0,200.0,,,,203.0,232.0,0.0,0.0,0.0,30.0,0.0,30.0,0.0,8.0,0.0,0.0,0.0,0.0,0.0,0.0,0.0,30.0,
2020-06-15T14:00:00Z,29.0,29.0,0.0,0.0,0.0,0.0,,,12419.103,12385.0,12468.0,,,4025.862,4022.0,4030.0,,,,33.414,,,,,,0.0,,,0.0,200.0,200.0,200.0,,,,233.0,261.0,0.0,0.0,0.0,29.0,0.0,29.0,0.0,1.0,0.0,0.0,0.0,0.0,0.0,0.0,0.0,29.0,
2020-06-15T15:00:00Z,30.0,30.0,0.0,0.0,0.0,0.0,,,12460.433,12453.0,12468.0,,,4018.133,4014.0,4023.0,,,,33.767,,,,,,0.0,,,0.0,200.0,200.0,200.0,,,,262.0,291.0,0.0,0.0,0.0,30.0,0.0,30.0,0.0,0.0,0.0,0.0,0.0,0.0,0.0,0.0,0.0,30.0,
2020-06-15T16:00:00Z,29.0,29.0,0.0,0.0,0.0,0.0,,,12453.793,12438.0,12460.0,,,4010.966,4007.0,4014.0,,,,35.345,,,,,,0.0,,,0.0,200.0,200.0,200.0,,,,292.0,320.0,0.0,0.0,0.0,29.0,0.0,29.0,0.0,0.0,0.0,0.0,0.0,0.0,0.0,0.0,0.0,29.0,
2020-06-15T17:00:00Z,30.0,30.0,0.0,0.0,0.0,0.0,,,12444.933,12430.0,12453.0,,,4005.433,4003.0,4009.0,,,,38.833,,,,,,0.0,,,0.0,200.0,200.0,200.0,,,,321.0,350.0,0.0,0.0,0.0,30.0,0.0,30.0,0.0,0.0,0.0,0.0,0.0,0.0,0.0,0.0,0.0,30.0,
2020-06-15T18:00:00Z,28.0,28.0,0.0,0.0,0.0,0.0,,,12443.857,12430.0,12453.0,,,3999.429,3998.0,4003.0,,,,37.036,,,,,,0.0,,,0.0,200.0,200.0,200.0,,,,352.0,379.0,0.0,0.0,0.0,28.0,0.0,28.0,0.0,0.0,0.0,0.0,0.0,0.0,0.0,0.0,0.0,28.0,
2020-06-15T19:00:00Z,30.0,30.0,0.0,0.0,0.0,0.0,,,12440.267,12430.0,12445.0,,,3994.4,3991.0,3998.0,,,,39.533,,,,,,0.0,,,0.0,200.0,200.0,200.0,,,,380.0,409.0,0.0,0.0,0.0,30.0,0.0,30.0,0.0,0.0,0.0,0.0,0.0,0.0,0.0,0.0,0.0,30.0,
2020-06-15T20:00:00Z,30.0,30.0,0.0,0.0,0.0,0.0,,,12435.733,12423.0,12445.0,,,3990.467,3988.0,3994.0,,,,38.867,,,,,,0.0,,,0.0,200.0,200.0,200.0,,,,410.0,439.0,0.0,0.0,0.0,30.0,0.0,30.0,0.0,0.0,0.0,0.0,0.0,0.0,0.0,0.0,0.0,30.0,
2020-06-15T21:00:00Z,29.0,29.0,0.0,0.0,0.0,0.0,,,12432.31,12423.0,12445.0,,,3987.448,3985.0,3991.0,,,,38.345,,,,,,0.0,,,0.0,200.0,200.0,200.0,,,,440.0,468.0,0.0,0.0,0.0,29.0,0.0,29.0,0.0,0.0,0.0,0.0,0.0,0.0,0.0,0.0,0.0,29.0,
2020-06-15T22:00:00Z,30.0,30.0,5805.4,13318.0,1962.267,4254.0,,,12471.033,12408.0,12686.0,,,3983.833,3982.0,3986.0,,,,67.233,,,,,,0.0,,,0.0,200.0,200.0,200.0,,,,469.0,498.0,21.0,18.0,0.0,30.0,0.0,30.0,0.0,15.0,0.0,0.0,0.0,0.0,0.0,0.0,0.0,30.0,
2020-06-15T23:00:00Z,29.0,29.0,13075.862,13671.0,4350.207,4474.0,,,12843.379,12693.0,12987.0,,,3987.345,3982.0,4003.0,,,,298.655,,,,,,0.0,,,0.0,200.0,200.0,200.0,,,,499.0,527.0,29.0,29.0,0.0,29.0,0.0,29.0,0.0,29.0,0.0,0.0,0.0,0.0,0.0,0.0,0.0,29.0,
2020-06-16T00:00:00Z,30.0,30.0,13425.133,14024.0,4536.8,4621.0,,,13078.933,13002.0,13303.0,,,4024.1,3999.0,4056.0,,,,578.067,,,,,,0.0,,,0.0,200.0,200.0,200.0,,,,528.0,557.0,30.0,30.0,0.0,30.0,0.0,30.0,0.0,30.0,0.0,0.0,0.0,0.0,0.0,0.0,0.0,30.0,
2020-06-16T01:00:00Z,29.0,29.0,13792.69,14521.0,7683.931,12059.0,,,13385.517,12558.0,13836.0,,,4100.655,4062.0,4122.0,,,,1032.828,,,,,,2000.034,,,0.0,200.0,200.0,200.0,,,,558.0,586.0,29.0,29.0,0.0,29.0,0.0,29.0,0.0,29.0,0.0,0.0,0.0,0.0,5.0,0.0,0.0,29.0,
2020-06-16T02:00:00Z,30.0,30.0,13230.267,15498.0,11999.3,12155.0,,,12823.833,12520.0,14649.0,,,4123.2,4118.0,4126.0,,,,1554.8,,,,,,9289.233,,,0.0,200.0,200.0,200.0,,,,587.0,616.0,30.0,30.0,0.0,30.0,0.0,30.0,0.0,30.0,0.0,0.0,0.0,0.0,24.0,0.0,0.0,30.0,
2020-06-16T03:00:00Z,29.0,29.0,13574.345,18589.0,11898.034,12233.0,,,12992.448,12483.0,14664.0,,,4126.483,4125.0,4130.0,,,,1697.586,,,,,,9332.862,,,0.0,200.0,200.0,200.0,,,,617.0,645.0,29.0,29.0,0.0,29.0,0.0,29.0,0.0,29.0,0.0,0.0,0.0,0.0,23.0,0.0,0.0,29.0,
2020-06-16T04:00:00Z,30.0,30.0,13277.933,15528.0,11611.6,12096.0,,,12926.333,12490.0,14754.0,,,4126.133,4125.0,4130.0,,,,1454.033,,,,,,9718.033,,,0.0,200.0,200.0,200.0,,,,646.0,675.0,30.0,30.0,0.0,30.0,0.0,30.0,0.0,30.0,0.0,0.0,0.0,0.0,25.0,0.0,0.0,30.0,
2020-06-16T05:00:00Z,30.0,30.0,13779.133,18130.0,11667.1,12274.0,,,13285.567,12528.0,14671.0,,,4127.1,4125.0,4130.0,,,,1720.4,,,,,,8729.533,,,0.0,200.0,200.0,200.0,,,,676.0,705.0,30.0,30.0,0.0,30.0,0.0,30.0,0.0,30.0,0.0,0.0,0.0,0.0,22.0,0.0,0.0,30.0,
2020-06-16T06:00:00Z,29.0,29.0,14112.69,15265.0,11879.103,12091.0,,,13783.862,13370.0,14536.0,,,4128.655,4126.0,4131.0,,,,2809.448,,,,,,12753.966,,,0.0,200.0,200.0,200.0,,,,706.0,734.0,29.0,29.0,0.0,29.0,0.0,29.0,0.0,29.0,0.0,0.0,0.0,0.0,29.0,0.0,0.0,29.0,
2020-06-16T07:00:00Z,30.0,30.0,14419.5,15596.0,9200.3,12242.0,,,13949.5,12829.0,14852.0,,,4128.133,4122.0,4133.0,,,,1892.767,,,,,,6774.167,,,0.0,200.0,200.0,200.0,,,,735.0,764.0,30.0,30.0,0.0,30.0,0.0,30.0,0.0,30.0,0.0,0.0,0.0,0.0,16.0,0.0,0.0,30.0,
2020-06-16T08:00:00Z,29.0,29.0,14172.655,20612.0,7054.345,12132.0,,,13486.241,12912.0,14378.0,,,4126.655,4120.0,4133.0,,,,953.483,,,,,,3343.172,,,1960.276,200.0,200.0,200.0,,,,765.0,793.0,29.0,29.0,0.0,29.0,0.0,29.0,0.0,29.0,0.0,0.0,0.0,0.0,8.0,0.0,0.0,29.0,
2020-06-16T09:00:00Z,30.0,30.0,13167.433,14107.0,4087.4,4483.0,,,13109.133,12648.0,13476.0,,,4120.1,4110.0,4126.0,,,,214.433,,,,,,0.0,,,3784.9,200.0,200.0,200.0,,,,794.0,823.0,30.0,30.0,0.0,30.0,0.0,30.0,0.0,27.0,0.0,0.0,0.0,0.0,0.0,0.0,0.0,30.0,
2020-06-16T10:00:00Z,29.0,29.0,1525.448,4549.0,1562.138,2494.0,,,12648.655,12618.0,12678.0,,,4101.483,4093.0,4112.0,,,,52.069,,,,,,0.0,,,969.517,200.0,200.0,200.0,,,,824.0,852.0,29.0,29.0,0.0,29.0,0.0,29.0,0.0,16.0,0.0,0.0,0.0,0.0,0.0,0.0,0.0,29.0,
2020-06-16T11:00:00Z,30.0,30.0,306.233,3534.0,0.0,0.0,,,12599.467,12551.0,12641.0,,,4086.2,4080.0,4093.0,,,,48.167,,,,,,0.0,,,0.0,200.0,200.0,200.0,,,,853.0,882.0,6.0,0.0,0.0,30.0,0.0,30.0,0.0,15.0,0.0,0.0,0.0,0.0,0.0,0.0,0.0,30.0,
2020-06-16T12:00:00Z,29.0,29.0,0.0,0.0,0.0,0.0,,,12563.414,12513.0,12596.0,,,4071.655,4064.0,4080.0,,,,41.759,,,,,,0.0,,,0.0,200.0,200.0,200.0,,,,883.0,911.0,0.0,0.0,0.0,29.0,0.0,29.0,0.0,15.0,0.0,0.0,0.0,0.0,0.0,0.0,0.0,29.0,
2020-06-16T13:00:00Z,30.0,30.0,0.0,0.0,0.0,0.0,,,12538.333,12505.0,12618.0,,,4058.333,4051.0,4065.0,,,,44.767,,,,,,0.0,,,0.0,200.0,200.0,200.0,,,,912.0,941.0,0.0,0.0,0.0,30.0,0.0,30.0,0.0,15.0,0.0,0.0,0.0,0.0,0.0,0.0,0.0,30.0,
2020-06-16T14:00:00Z,29.0,29.0,0.0,0.0,0.0,0.0,,,12616.207,12603.0,12626.0,,,4047.138,4041.0,4052.0,,,,46.172,,,,,,0.0,,,0.0,200.0,200.0,200.0,,,,942.0,970.0,0.0,0.0,0.0,29.0,0.0,29.0,0.0,16.0,0.0,0.0,0.0,0.0,0.0,0.0,0.0,29.0,
2020-06-16T15:00:00Z,30.0,30.0,0.0,0.0,0.0,0.0,,,12604.2,12588.0,12618.0,,,4038.6,4035.0,4043.0,,,,38.6,,,,,,0.0,,,0.0,200.0,200.0,200.0,,,,971.0,1000.0,0.0,0.0,0.0,30.0,0.0,30.0,0.0,9.0,0.0,0.0,0.0,0.0,0.0,0.0,0.0,30.0,
2020-06-16T16:00:00Z,29.0,29.0,0.0,0.0,0.0,0.0,,,12601.483,12588.0,12611.0,,,4030.172,4027.0,4035.0,,,,38.207,,,,,,0.0,,,0.0,200.0,200.0,200.0,,,,1001.0,1029.0,0.0,0.0,0.0,29.0,0.0,29.0,0.0,4.0,0.0,0.0,0.0,0.0,0.0,0.0,0.0,29.0,
2020-06-16T17:00:00Z,30.0,30.0,0.0,0.0,0.0,0.0,,,12595.833,12581.0,12611.0,,,4022.967,4019.0,4028.0,,,,39.4,,,,,,0.0,,,0.0,200.0,200.0,200.0,,,,1030.0,1059.0,0.0,0.0,0.0,30.0,0.0,30.0,0.0,2.0,0.0,0.0,0.0,0.0,0.0,0.0,0.0,30.0,
2020-06-16T18:00:00Z,29.0,29.0,0.0,0.0,0.0,0.0,,,12586.655,12566.0,12596.0,,,4015.034,4011.0,4019.0,,,,35.138,,,,,,0.0,,,0.0,200.0,200.0,200.0,,,,1060.0,1088.0,0.0,0.0,0.0,29.0,0.0,29.0,0.0,0.0,0.0,0.0,0.0,0.0,0.0,0.0,0.0,29.0,
2020-06-16T19:00:00Z,30.0,30.0,0.0,0.0,0.0,0.0,,,12579.3,12566.0,12588.0,,,4008.7,4004.0,4012.0,,,,38.167,,,,,,0.0,,,0.0,200.0,200.0,200.0,,,,1089.0,1118.0,0.0,0.0,0.0,30.0,0.0,30.0,0.0,0.0,0.0,0.0,0.0,0.0,0.0,0.0,0.0,30.0,
2020-06-16T20:00:00Z,30.0,30.0,0.0,0.0,0.0,0.0,,,12574.0,12566.0,12581.0,,,4003.033,3999.0,4007.0,,,,40.7,,,,,,0.0,,,0.0,200.0,200.0,200.0,,,,1119.0,1148.0,0.0,0.0,0.0,30.0,0.0,30.0,0.0,0.0,0.0,0.0,0.0,0.0,0.0,0.0,0.0,30.0,
2020-06-16T21:00:00Z,29.0,29.0,0.0,0.0,0.0,0.0,,,12572.207,12566.0,12581.0,,,3996.862,3994.0,3999.0,,,,40.483,,,,,,0.0,,,0.0,200.0,200.0,200.0,,,,1149.0,1177.0,0.0,0.0,0.0,29.0,0.0,29.0,0.0,0.0,0.0,0.0,0.0,0.0,0.0,0.0,0.0,29.0,
2020-06-16T22:00:00Z,30.0,30.0,4959.933,13355.0,1656.6,4181.0,,,12584.733,12558.0,12806.0,,,3992.933,3988.0,3996.0,,,,56.967,,,,,,0.0,,,0.0,200.0,200.0,200.0,,,,1178.0,1207.0,21.0,18.0,0.0,30.0,0.0,30.0,0.0,12.0,0.0,0.0,0.0,0.0,0.0,0.0,0.0,30.0,
2020-06-16T23:00:00Z,29.0,29.0,13198.517,13633.0,4333.793,4401.0,,,12910.931,12821.0,12987.0,,,3992.31,3988.0,3999.0,,,,200.207,,,,,,0.0,,,0.0,200.0,200.0,200.0,,,,1208.0,1236.0,29.0,29.0,0.0,29.0,0.0,29.0,0.0,29.0,0.0,0.0,0.0,0.0,0.0,0.0,0.0,29.0,
2020-06-17T00:00:00Z,30.0,30.0,13546.5,14085.0,4456.967,4534.0,,,13220.8,12994.0,13408.0,,,4016.867,3998.0,4036.0,,,,527.867,,,,,,0.0,,,0.0,200.0,200.0,200.0,,,,1237.0,1266.0,30.0,30.0,0.0,30.0,0.0,30.0,0.0,30.0,0.0,0.0,0.0,0.0,0.0,0.0,0.0,30.0,
2020-06-17T01:00:00Z,29.0,29.0,14093.276,15980.0,7227.345,12426.0,,,13765.69,12829.0,15220.0,,,4091.172,4038.0,4130.0,,,,1235.69,,,,,,2461.586,,,0.0,200.0,200.0,200.0,,,,1267.0,1295.0,29.0,29.0,0.0,29.0,0.0,29.0,0.0,29.0,0.0,0.0,0.0,0.0,6.0,0.0,0.0,29.0,
2020-06-17T02:00:00Z,30.0,30.0,13561.167,15611.0,12056.933,12238.0,,,13211.0,12731.0,14829.0,,,4125.1,4122.0,4131.0,,,,1907.433,,,,,,10845.833,,,17.8,200.0,200.0,200.0,,,,1296.0,1325.0,30.0,30.0,0.0,30.0,0.0,30.0,0.0,30.0,0.0,0.0,0.0,0.0,27.0,0.0,0.0,30.0,
2020-06-17T03:00:00Z,29.0,29.0,15059.379,20048.0,11830.069,12384.0,,,14144.276,13581.0,15152.0,,,4128.655,4118.0,4133.0,,,,2408.241,,,,,,12194.0,,,479.448,200.0,200.0,200.0,,,,1326.0,1354.0,29.0,29.0,0.0,29.0,0.0,29.0,0.0,29.0,0.0,0.0,0.0,0.0,27.0,0.0,0.0,29.0,
2020-06-17T04:00:00Z,30.0,30.0,16161.9,20462.0,10947.633,12591.0,,,14375.933,12844.0,15040.0,,,4130.167,4123.0,4134.0,,,,1840.033,,,,,,7920.333,,,273.467,298.9,200.0,333.0,,,,1355.0,1384.0,30.0,30.0,0.0,30.0,0.0,30.0,0.0,30.0,0.0,0.0,0.0,0.0,18.0,0.0,0.0,30.0,
2020-06-17T05:00:00Z,29.0,29.0,19084.138,20890.0,11953.966,12334.0,,,14671.69,14092.0,15228.0,,,4130.31,4128.0,4131.0,,,,1133.069,,,,,,2310.379,,,145.448,335.241,333.0,338.0,,,,1385.0,1413.0,29.0,29.0,0.0,29.0,0.0,29.0,0.0,29.0,0.0,0.0,0.0,0.0,5.0,0.0,0.0,29.0,
2020-06-17T06:00:00Z,30.0,30.0,18709.5,20702.0,9933.6,12311.0,,,14695.433,14468.0,15310.0,,,4127.533,4120.0,4130.0,,,,610.0,,,,,,0.0,,,2587.267,336.957,334.0,341.0,,,,1414.0,1443.0,30.0,30.0,0.0,30.0,0.0,30.0,0.0,30.0,0.0,0.0,0.0,0.0,0.0,0.0,0.0,23.0,
2020-06-17T07:00:00Z,30.0,30.0,14941.033,19386.0,4526.3,4575.0,,,14361.333,13618.0,14837.0,,,4124.767,4123.0,4130.0,,,,594.033,,,,,,0.0,,,4452.333,333.733,333.0,334.0,,,,1444.0,1473.0,30.0,30.0,0.0,30.0,0.0,30.0,0.0,30.0,0.0,0.0,0.0,0.0,0.0,0.0,0.0,30.0,
2020-06-17T08:00:00Z,29.0,29.0,4395.739,14942.0,1412.703,4506.0,,,4307.137,12.87,14197.0,,,1283.132,3.32,4126.0,,,,136.553,,,,,,3.317,,,0.0,104.0,0.0,337.0,,,,4.14,1482.0,9.0,9.0,0.0,9.0,0.0,25.0,0.0,9.0,0.0,0.0,0.0,0.0,0.0,0.0,0.0,29.0,
2020-06-17T09:00:00Z,30.0,30.0,13.343,13.93,32.637,32.8,,,13.106,12.97,13.26,,,4.382,4.32,4.45,,,,0.232,,,,,,3.082,,,0.0,0.0,0.0,0.0,,,,4.14,4.15,0.0,0.0,0.0,0.0,0.0,17.0,0.0,0.0,0.0,0.0,0.0,0.0,0.0,0.0,0.0,30.0,
2020-06-17T10:00:00Z,30.0,30.0,12.949,13.66,32.993,34.2,,,12.84,12.59,13.03,,,3.814,3.32,4.33,,,,0.141,,,,,,1.838,,,0.0,0.0,0.0,0.0,,,,4.08,4.14,0.0,0.0,0.0,0.0,0.0,0.0,0.0,0.0,0.0,0.0,0.0,0.0,0.0,0.0,0.0,30.0,
2020-06-17T11:00:00Z,30.0,30.0,0.968,7.08,33.753,34.2,,,12.841,12.81,12.87,,,0.567,0.0,3.17,,,,0.058,,,,,,0.083,,,0.0,0.0,0.0,0.0,,,,4.07,4.09,0.0,0.0,0.0,0.0,0.0,27.0,0.0,0.0,0.0,0.0,0.0,0.0,0.0,0.0,0.0,30.0,
2020-06-17T12:00:00Z,29.0,29.0,0.0,0.0,33.403,33.5,,,12.799,12.76,12.82,,,0.0,0.0,0.0,,,,0.057,,,,,,0.0,,,0.0,0.0,0.0,0.0,,,,4.06,4.07,0.0,0.0,0.0,0.0,0.0,29.0,0.0,0.0,0.0,0.0,0.0,0.0,0.0,0.0,0.0,29.0,
2020-06-17T13:00:00Z,30.0,30.0,0.0,0.0,33.327,33.4,,,12.756,12.72,12.78,,,0.0,0.0,0.0,,,,0.049,,,,,,0.0,,,0.0,0.0,0.0,0.0,,,,4.05,4.06,0.0,0.0,0.0,0.0,0.0,30.0,0.0,0.0,0.0,0.0,0.0,0.0,0.0,0.0,0.0,30.0,
2020-06-17T14:00:00Z,29.0,29.0,0.0,0.0,33.138,33.3,,,12.728,12.69,12.82,,,0.0,0.0,0.0,,,,0.055,,,,,,0.0,,,0.0,0.0,0.0,0.0,,,,4.04,4.04,0.0,0.0,0.0,0.0,0.0,29.0,0.0,0.0,0.0,0.0,0.0,0.0,0.0,0.0,0.0,29.0,
2020-06-17T15:00:00Z,30.0,30.0,0.0,0.0,32.81,33.0,,,12.813,12.8,12.83,,,0.0,0.0,0.0,,,,0.05,,,,,,0.0,,,0.0,0.0,0.0,0.0,,,,4.03,4.04,0.0,0.0,0.0,0.0,0.0,30.0,0.0,0.0,0.0,0.0,0.0,0.0,0.0,0.0,0.0,30.0,
2020-06-17T16:00:00Z,29.0,29.0,0.0,0.0,32.486,32.6,,,12.808,12.79,12.81,,,0.0,0.0,0.0,,,,0.051,,,,,,0.0,,,0.0,0.0,0.0,0.0,,,,4.02,4.03,0.0,0.0,0.0,0.0,0.0,29.0,0.0,0.0,0.0,0.0,0.0,0.0,0.0,0.0,0.0,29.0,
2020-06-17T17:00:00Z,30.0,30.0,0.0,0.0,32.213,32.4,,,12.799,12.78,12.81,,,0.0,0.0,0.0,,,,0.052,,,,,,0.0,,,0.0,0.0,0.0,0.0,,,,4.01,4.02,0.0,0.0,0.0,0.0,0.0,30.0,0.0,0.0,0.0,0.0,0.0,0.0,0.0,0.0,0.0,30.0,
2020-06-17T18:00:00Z,29.0,29.0,0.0,0.0,32.086,32.1,,,12.789,12.78,12.8,,,0.0,0.0,0.0,,,,0.052,,,,,,0.0,,,0.0,0.0,0.0,0.0,,,,4.01,4.01,0.0,0.0,0.0,0.0,0.0,29.0,0.0,0.0,0.0,0.0,0.0,0.0,0.0,0.0,0.0,29.0,
2020-06-17T19:00:00Z,29.0,29.0,0.0,0.0,32.0,32.0,,,12.779,12.77,12.78,,,0.0,0.0,0.0,,,,0.053,,,,,,0.0,,,0.0,0.0,0.0,0.0,,,,4.0,4.01,0.0,0.0,0.0,0.0,0.0,29.0,0.0,0.0,0.0,0.0,0.0,0.0,0.0,0.0,0.0,29.0,
2020-06-17T20:00:00Z,30.0,30.0,0.0,0.0,31.873,32.0,,,12.773,12.76,12.78,,,0.0,0.0,0.0,,,,0.053,,,,,,0.0,,,0.0,0.0,0.0,0.0,,,,3.99,4.0,0.0,0.0,0.0,0.0,0.0,30.0,0.0,0.0,0.0,0.0,0.0,0.0,0.0,0.0,0.0,30.0,
2020-06-17T21:00:00Z,29.0,29.0,0.0,0.0,31.707,31.8,,,12.762,12.75,12.78,,,0.0,0.0,0.0,,,,0.053,,,,,,0.0,,,0.0,0.0,0.0,0.0,,,,3.99,4.0,0.0,0.0,0.0,0.0,0.0,29.0,0.0,0.0,0.0,0.0,0.0,0.0,0.0,0.0,0.0,29.0,
2020-06-17T22:00:00Z,30.0,30.0,3.835,13.39,31.59,31.9,,,12.755,12.75,12.78,,,1.464,0.0,3.74,,,,0.068,,,,,,0.325,,,0.0,0.0,0.0,0.0,,,,3.99,3.99,0.0,0.0,0.0,0.0,0.0,23.0,0.0,0.0,0.0,0.0,0.0,0.0,0.0,0.0,0.0,30.0,
2020-06-17T23:00:00Z,29.0,29.0,13.422,14.02,32.069,32.1,,,13.098,12.76,13.34,,,4.154,3.45,4.34,,,,0.232,,,,,,3.128,,,0.0,0.0,0.0,0.0,,,,3.98,3.99,0.0,0.0,0.0,0.0,0.0,0.0,0.0,0.0,0.0,0.0,0.0,0.0,0.0,0.0,0.0,29.0,
2020-06-18T00:00:00Z,30.0,30.0,13.77,14.41,32.1,32.1,,,13.456,13.25,13.69,,,4.503,4.25,4.62,,,,0.494,,,,,,6.809,,,0.0,2.233,0.0,8.39,,,,3.99,4.05,0.0,0.0,0.0,0.0,0.0,26.0,0.0,0.0,0.0,0.0,0.0,0.0,0.0,0.0,0.0,23.0,
2020-06-18T01:00:00Z,27.0,24.0,13.993,14.88,30.001,32.5,,,13.743,12.72,14.35,,,6.836,4.12,12.3,,,,1.001,,,,17.287,17.56,12.99,,,1.604,6.294,0.0,32.7,,,0.259,4.05,451.0,0.0,0.0,0.0,0.0,0.0,24.0,0.0,0.0,0.0,0.0,0.0,0.0,0.0,0.0,0.0,15.0,
2020-06-18T02:00:00Z,30.0,0.0,13.67,19.83,12.118,12.25,,,13.132,12.73,14.38,,,4.129,4.12,4.13,,,,1.61,,,,22.001,27.21,11.207,,,0.261,33.153,32.7,33.4,,,0.367,452.0,481.0,0.0,0.0,0.0,0.0,0.0,0.0,0.0,0.0,0.0,0.0,0.0,0.0,0.0,0.0,0.0,0.0,
2020-06-18T03:00:00Z,29.0,0.0,14.342,15.57,11.976,12.12,,,13.858,13.19,14.6,,,4.13,4.13,4.13,,,,2.1,,,,30.22,36.5,12.771,,,0.0,33.614,33.4,33.9,,,0.487,482.0,510.0,0.0,0.0,0.0,0.0,0.0,0.0,0.0,0.0,0.0,0.0,0.0,0.0,0.0,0.0,0.0,0.0,
2020-06-18T04:00:00Z,30.0,0.0,16.148,20.49,4.49,11.97,,,14.406,12.89,14.93,,,4.116,4.1,4.13,,,,1.866,,,,29.76,50.76,9.742,,,0.0,34.233,34.0,34.4,,,0.496,511.0,540.0,0.0,0.0,0.0,0.0,0.0,0.0,0.0,0.0,0.0,0.0,0.0,0.0,0.0,0.0,0.0,0.0,
2020-06-18T05:00:00Z,29.0,0.0,15.572,20.18,0.0,0.0,,,14.053,12.74,14.88,,,4.093,4.08,4.1,,,,1.418,,,,21.8,52.45,8.84,,,0.0,34.517,34.2,34.6,,,0.351,541.0,569.0,0.0,0.0,0.0,0.0,0.0,0.0,0.0,0.0,0.0,0.0,0.0,0.0,0.0,0.0,0.0,0.0,
2020-06-18T06:00:00Z,29.0,0.0,15.672,20.15,0.0,0.0,,,14.025,12.74,14.97,,,4.077,4.07,4.08,,,,1.406,,,,21.852,47.15,10.163,,,0.24,34.779,34.6,35.0,,,0.352,570.0,599.0,0.0,0.0,0.0,0.0,0.0,0.0,0.0,0.0,0.0,0.0,0.0,0.0,0.0,0.0,0.0,0.0,
2020-06-18T07:00:00Z,29.0,0.0,15.51,20.72,0.0,0.0,,,14.109,12.84,14.82,,,4.063,4.06,4.07,,,,1.49,,,,22.729,37.61,10.709,,,1.752,34.759,34.6,35.0,,,0.366,600.0,628.0,0.0,0.0,0.0,0.0,0.0,0.0,0.0,0.0,0.0,0.0,0.0,0.0,0.0,0.0,0.0,0.0,
2020-06-18T08:00:00Z,30.0,0.0,13.972,20.16,0.0,0.0,,,13.352,12.78,14.78,,,4.051,4.04,4.06,,,,1.195,,,,16.372,26.46,8.801,,,1.996,34.69,34.6,34.9,,,0.273,629.0,658.0,0.0,0.0,0.0,0.0,0.0,0.0,0.0,0.0,0.0,0.0,0.0,0.0,0.0,0.0,0.0,0.0,
2020-06-18T09:00:00Z,29.0,0.0,15.78,20.5,0.0,0.0,,,14.299,12.85,14.91,,,4.041,4.04,4.05,,,,0.6,,,,9.23,14.94,0.813,,,2.325,35.017,34.8,35.2,,,0.149,659.0,687.0,0.0,0.0,0.0,0.0,0.0,0.0,0.0,0.0,0.0,0.0,0.0,0.0,0.0,0.0,0.0,0.0,
2020-06-18T10:00:00Z,30.0,0.0,14.039,15.18,0.0,0.0,,,13.708,13.21,14.68,,,4.032,4.03,4.04,,,,0.3,,,,4.245,7.27,0.0,,,0.3,34.98,34.9,35.2,,,0.071,688.0,717.0,0.0,0.0,0.0,0.0,0.0,0.0,0.0,0.0,0.0,0.0,0.0,0.0,0.0,0.0,0.0,0.0,
2020-06-18T11:00:00Z,28.0,0.0,3.087,13.77,0.0,0.0,,,12.885,12.81,13.18,,,4.026,4.02,4.03,,,,0.07,,,,0.324,1.91,0.0,,,0.0,34.721,34.6,35.0,,,0.005,718.0,746.0,0.0,0.0,0.0,0.0,0.0,0.0,0.0,0.0,0.0,0.0,0.0,0.0,0.0,0.0,0.0,0.0,
2020-06-18T12:00:00Z,30.0,0.0,0.0,0.0,0.0,0.0,,,12.794,12.77,12.82,,,4.015,4.01,4.02,,,,0.049,,,,0.0,0.0,0.0,,,0.0,34.567,34.5,34.6,,,0.0,747.0,776.0,0.0,0.0,0.0,0.0,0.0,0.0,0.0,0.0,0.0,0.0,0.0,0.0,0.0,0.0,0.0,0.0,
2020-06-18T13:00:00Z,29.0,0.0,0.0,0.0,0.0,0.0,,,12.753,12.73,12.77,,,4.01,4.01,4.01,,,,0.053,,,,0.0,0.0,0.0,,,0.0,34.6,34.6,34.6,,,0.0,777.0,805.0,0.0,0.0,0.0,0.0,0.0,0.0,0.0,0.0,0.0,0.0,0.0,0.0,0.0,0.0,0.0,0.0,
2020-06-18T14:00:00Z,30.0,0.0,0.0,0.0,0.0,0.0,,,12.708,12.68,12.73,,,4.003,4.0,4.01,,,,0.054,,,,0.0,0.0,0.0,,,0.0,34.323,34.1,34.6,,,0.0,806.0,835.0,0.0,0.0,0.0,0.0,0.0,0.0,0.0,0.0,0.0,0.0,0.0,0.0,0.0,0.0,0.0,0.0,
2020-06-18T15:00:00Z,29.0,0.0,0.0,0.0,0.0,0.0,,,12.817,12.68,12.85,,,4.0,4.0,4.0,,,,0.052,,,,0.0,0.0,0.0,,,0.0,34.203,34.1,34.3,,,0.0,836.0,864.0,0.0,0.0,0.0,0.0,0.0,0.0,0.0,0.0,0.0,0.0,0.0,0.0,0.0,0.0,0.0,0.0,
2020-06-18T16:00:00Z,30.0,0.0,0.0,0.0,0.0,0.0,,,12.831,12.81,12.84,,,3.992,3.99,4.0,,,,0.052,,,,0.0,0.0,0.0,,,0.0,34.12,34.0,34.2,,,0.0,865.0,894.0,0.0,0.0,0.0,0.0,0.0,0.0,0.0,0.0,0.0,0.0,0.0,0.0,0.0,0.0,0.0,0.0,
2020-06-18T17:00:00Z,29.0,0.0,0.0,0.0,0.0,0.0,,,12.819,12.81,12.83,,,3.99,3.99,3.99,,,,0.052,,,,0.0,0.0,0.0,,,0.0,33.714,33.5,33.9,,,0.0,895.0,923.0,0.0,0.0,0.0,0.0,0.0,0.0,0.0,0.0,0.0,0.0,0.0,0.0,0.0,0.0,0.0,0.0,
2020-06-18T18:00:00Z,30.0,0.0,0.0,0.0,0.0,0.0,,,12.809,12.79,12.82,,,3.986,3.98,3.99,,,,0.052,,,,0.0,0.0,0.0,,,0.0,33.493,33.4,33.6,,,0.0,924.0,953.0,0.0,0.0,0.0,0.0,0.0,0.0,0.0,0.0,0.0,0.0,0.0,0.0,0.0,0.0,0.0,0.0,
2020-06-18T19:00:00Z,30.0,0.0,0.0,0.0,0.0,0.0,,,12.8,12.79,12.81,,,3.98,3.98,3.99,,,,0.051,,,,0.0,0.0,0.0,,,0.0,33.4,33.4,33.4,,,0.0,954.0,983.0,0.0,0.0,0.0,0.0,0.0,0.0,0.0,0.0,0.0,0.0,0.0,0.0,0.0,0.0,0.0,0.0,
2020-06-18T20:00:00Z,29.0,0.0,0.0,0.0,0.0,0.0,,,12.792,12.78,12.81,,,3.98,3.98,3.98,,,,0.051,,,,0.0,0.0,0.0,,,0.0,33.217,33.0,33.4,,,0.0,984.0,1012.0,0.0,0.0,0.0,0.0,0.0,0.0,0.0,0.0,0.0,0.0,0.0,0.0,0.0,0.0,0.0,0.0,
2020-06-18T21:00:00Z,30.0,0.0,0.0,0.0,0.0,0.0,,,12.784,12.78,12.8,,,3.98,3.97,3.98,,,,0.053,,,,0.0,0.0,0.0,,,0.0,32.99,32.8,33.1,,,0.0,1013.0,1042.0,0.0,0.0,0.0,0.0,0.0,0.0,0.0,0.0,0.0,0.0,0.0,0.0,0.0,0.0,0.0,0.0,
2020-06-18T22:00:00Z,29.0,0.0,4.909,13.24,0.0,0.0,,,12.784,12.76,12.83,,,3.976,3.97,3.98,,,,0.076,,,,0.506,1.78,0.0,,,0.0,32.752,32.5,33.3,,,0.008,1043.0,1071.0,0.0,0.0,0.0,0.0,0.0,0.0,0.0,0.0,0.0,0.0,0.0,0.0,0.0,0.0,0.0,0.0,
2020-06-18T23:00:00Z,30.0,0.0,13.295,13.81,0.0,0.0,,,13.031,12.83,13.14,,,3.971,3.97,3.98,,,,0.216,,,,2.878,3.34,0.0,,,0.0,33.337,33.3,33.4,,,0.048,1072.0,1101.0,0.0,0.0,0.0,0.0,0.0,0.0,0.0,0.0,0.0,0.0,0.0,0.0,0.0,0.0,0.0,0.0,
2020-06-19T00:00:00Z,29.0,0.0,13.674,14.14,0.0,0.0,,,13.286,13.14,13.46,,,3.97,3.97,3.97,,,,0.334,,,,4.582,6.19,0.0,,,0.0,33.293,33.2,33.3,,,0.074,1102.0,1130.0,0.0,0.0,0.0,0.0,0.0,0.0,0.0,0.0,0.0,0.0,0.0,0.0,0.0,0.0,0.0,0.0,
2020-06-19T01:00:00Z,30.0,0.0,13.567,14.12,0.0,0.0,,,13.282,13.13,13.43,,,3.97,3.97,3.97,,,,0.281,,,,3.819,5.87,0.0,,,0.0,33.263,33.2,33.3,,,0.064,1131.0,1160.0,0.0,0.0,0.0,0.0,0.0,0.0,0.0,0.0,0.0,0.0,0.0,0.0,0.0,0.0,0.0,0.0,
2020-06-19T02:00:00Z,29.0,0.0,13.377,13.78,0.0,0.0,,,13.077,13.05,13.14,,,3.969,3.96,3.97,,,,0.163,,,,2.179,2.61,0.0,,,0.0,33.231,33.2,33.3,,,0.035,1161.0,1189.0,0.0,0.0,0.0,0.0,0.0,0.0,0.0,0.0,0.0,0.0,0.0,0.0,0.0,0.0,0.0,0.0,
2020-06-19T03:00:00Z,30.0,0.0,13.636,14.48,0.0,0.0,,,13.321,13.13,13.88,,,3.967,3.96,3.97,,,,0.315,,,,4.32,10.82,0.0,,,0.0,33.187,33.1,33.3,,,0.072,1190.0,1219.0,0.0,0.0,0.0,0.0,0.0,0.0,0.0,0.0,0.0,0.0,0.0,0.0,0.0,0.0,0.0,0.0,
2020-06-19T04:00:00Z,29.0,0.0,14.414,17.23,0.0,0.0,,,13.88,12.78,14.72,,,3.963,3.96,3.97,,,,2.054,,,,29.994,42.69,12.828,,,0.0,33.6,33.2,34.1,,,0.483,1220.0,1248.0,0.0,0.0,0.0,0.0,0.0,0.0,0.0,0.0,0.0,0.0,0.0,0.0,0.0,0.0,0.0,0.0,
2020-06-19T05:00:00Z,30.0,0.0,14.839,19.5,0.0,0.0,,,13.898,12.78,14.87,,,3.961,3.96,3.97,,,,1.462,,,,21.707,42.73,8.838,,,0.0,33.977,33.7,34.2,,,0.362,1249.0,1278.0,0.0,0.0,0.0,0.0,0.0,0.0,0.0,0.0,0.0,0.0,0.0,0.0,0.0,0.0,0.0,0.0,
2020-06-19T06:00:00Z,30.0,0.0,14.288,20.12,0.0,0.0,,,13.316,12.76,14.73,,,3.96,3.96,3.96,,,,1.278,,,,17.848,36.68,10.502,,,0.0,34.287,34.0,34.6,,,0.297,1279.0,1308.0,0.0,0.0,0.0,0.0,0.0,0.0,0.0,0.0,0.0,0.0,0.0,0.0,0.0,0.0,0.0,0.0,
2020-06-19T07:00:00Z,28.0,0.0,13.553,14.42,0.0,0.0,,,12.971,12.76,13.76,,,3.96,3.96,3.96,,,,1.226,,,,16.622,21.3,11.027,,,0.0,34.275,34.0,34.6,,,0.259,1309.0,1337.0,0.0,0.0,0.0,0.0,0.0,0.0,0.0,0.0,0.0,0.0,0.0,0.0,0.0,0.0,0.0,0.0,
2020-06-19T08:00:00Z,30.0,0.0,13.592,15.53,0.0,0.0,,,13.201,12.78,14.78,,,3.96,3.96,3.96,,,,1.279,,,,17.319,21.21,9.913,,,0.0,34.633,34.6,34.8,,,0.289,1338.0,1367.0,0.0,0.0,0.0,0.0,0.0,0.0,0.0,0.0,0.0,0.0,0.0,0.0,0.0,0.0,0.0,0.0,
2020-06-19T09:00:00Z,29.0,0.0,14.64,20.64,0.0,0.0,,,13.867,12.81,14.91,,,3.96,3.96,3.96,,,,0.522,,,,7.569,15.05,1.629,,,0.268,34.638,34.6,34.7,,,0.122,1368.0,1396.0,0.0,0.0,0.0,0.0,0.0,0.0,0.0,0.0,0.0,0.0,0.0,0.0,0.0,0.0,0.0,0.0,
2020-06-19T10:00:00Z,30.0,0.0,13.488,14.08,0.0,0.0,,,13.265,13.04,13.42,,,3.959,3.95,3.96,,,,0.183,,,,2.473,3.8,0.0,,,0.0,34.67,34.6,34.7,,,0.041,1397.0,1426.0,0.0,0.0,0.0,0.0,0.0,0.0,0.0,0.0,0.0,0.0,0.0,0.0,0.0,0.0,0.0,0.0,
2020-06-19T11:00:00Z,29.0,0.0,1.817,13.09,0.0,0.0,,,12.79,12.75,13.03,,,3.956,3.95,3.96,,,,0.06,,,,0.128,0.98,0.0,,,0.0,34.221,33.6,34.7,,,0.002,1427.0,1455.0,0.0,0.0,0.0,0.0,0.0,0.0,0.0,0.0,0.0,0.0,0.0,0.0,0.0,0.0,0.0,0.0,
2020-06-19T12:00:00Z,30.0,0.0,0.0,0.0,0.0,0.0,,,12.74,12.71,12.78,,,3.951,3.95,3.96,,,,0.054,,,,0.0,0.0,0.0,,,0.0,33.86,33.6,34.2,,,0.0,1456.0,1485.0,0.0,0.0,0.0,0.0,0.0,0.0,0.0,0.0,0.0,0.0,0.0,0.0,0.0,0.0,0.0,0.0,
2020-06-19T13:00:00Z,29.0,0.0,0.0,0.0,0.0,0.0,,,12.684,12.66,12.72,,,3.951,3.95,3.96,,,,0.048,,,,0.0,0.0,0.0,,,0.0,34.166,34.1,34.2,,,0.0,1486.0,1514.0,0.0,0.0,0.0,0.0,0.0,0.0,0.0,0.0,0.0,0.0,0.0,0.0,0.0,0.0,0.0,0.0,
2020-06-19T14:00:00Z,30.0,0.0,0.0,0.0,0.0,0.0,,,12.633,12.61,12.66,,,3.95,3.95,3.96,,,,0.054,,,,0.0,0.0,0.0,,,0.0,34.03,33.9,34.1,,,0.0,1515.0,1544.0,0.0,0.0,0.0,0.0,0.0,0.0,0.0,0.0,0.0,0.0,0.0,0.0,0.0,0.0,0.0,0.0,
2020-06-19T15:00:00Z,29.0,0.0,0.0,0.0,0.0,0.0,,,12.772,12.63,12.79,,,3.95,3.95,3.95,,,,0.048,,,,0.0,0.0,0.0,,,0.0,33.81,33.7,34.0,,,0.0,1545.0,1574.0,0.0,0.0,0.0,0.0,0.0,0.0,0.0,0.0,0.0,0.0,0.0,0.0,0.0,0.0,0.0,0.0,
2020-06-19T16:00:00Z,28.0,0.0,0.0,0.0,0.0,0.0,,,12.772,12.75,12.78,,,3.95,3.95,3.95,,,,0.051,,,,0.0,0.0,0.0,,,0.0,33.586,33.5,33.7,,,0.0,1575.0,1603.0,0.0,0.0,0.0,0.0,0.0,0.0,0.0,0.0,0.0,0.0,0.0,0.0,0.0,0.0,0.0,0.0,
2020-06-19T17:00:00Z,28.0,0.0,0.0,0.0,0.0,0.0,,,12.764,12.75,12.78,,,3.95,3.95,3.95,,,,0.05,,,,0.0,0.0,0.0,,,0.0,33.421,33.4,33.5,,,0.0,1604.0,1633.0,0.0,0.0,0.0,0.0,0.0,0.0,0.0,0.0,0.0,0.0,0.0,0.0,0.0,0.0,0.0,0.0,
2020-06-19T18:00:00Z,28.0,0.0,0.0,0.0,0.0,0.0,,,12.756,12.74,12.77,,,3.948,3.94,3.95,,,,0.05,,,,0.0,0.0,0.0,,,0.0,33.339,33.2,33.4,,,0.0,1634.0,1662.0,0.0,0.0,0.0,0.0,0.0,0.0,0.0,0.0,0.0,0.0,0.0,0.0,0.0,0.0,0.0,0.0,
2020-06-19T19:00:00Z,29.0,0.0,0.0,0.0,0.0,0.0,,,12.753,12.75,12.77,,,3.941,3.94,3.95,,,,0.051,,,,0.0,0.0,0.0,,,0.0,33.145,33.0,33.3,,,0.0,1663.0,1692.0,0.0,0.0,0.0,0.0,0.0,0.0,0.0,0.0,0.0,0.0,0.0,0.0,0.0,0.0,0.0,0.0,
2020-06-19T20:00:00Z,29.0,0.0,0.0,0.0,0.0,0.0,,,12.752,12.73,12.76,,,3.94,3.94,3.94,,,,0.051,,,,0.0,0.0,0.0,,,0.0,32.766,32.5,33.0,,,0.0,1693.0,1721.0,0.0,0.0,0.0,0.0,0.0,0.0,0.0,0.0,0.0,0.0,0.0,0.0,0.0,0.0,0.0,0.0,
2020-06-19T21:00:00Z,29.0,0.0,0.0,0.0,0.0,0.0,,,12.749,12.73,12.76,,,3.933,3.93,3.94,,,,0.052,,,,0.0,0.0,0.0,,,0.0,32.434,32.3,32.5,,,0.0,1723.0,1751.0,0.0,0.0,0.0,0.0,0.0,0.0,0.0,0.0,0.0,0.0,0.0,0.0,0.0,0.0,0.0,0.0,
2020-06-19T22:00:00Z,29.0,0.0,3.052,12.82,0.0,0.0,,,12.743,12.73,12.76,,,3.93,3.93,3.93,,,,0.066,,,,0.271,1.55,0.0,,,0.0,32.259,32.1,32.5,,,0.004,1752.0,1780.0,0.0,0.0,0.0,0.0,0.0,0.0,0.0,0.0,0.0,0.0,0.0,0.0,0.0,0.0,0.0,0.0,
2020-06-19T23:00:00Z,30.0,0.0,13.275,13.88,0.0,0.0,,,12.964,12.75,13.21,,,3.926,3.92,3.93,,,,0.204,,,,2.713,4.5,0.0,,,0.0,33.05,32.6,33.2,,,0.045,1781.0,1810.0,0.0,0.0,0.0,0.0,0.0,0.0,0.0,0.0,0.0,0.0,0.0,0.0,0.0,0.0,0.0,0.0,
2020-06-20T00:00:00Z,29.0,0.0,13.565,14.23,0.0,0.0,,,13.355,13.06,13.56,,,3.92,3.92,3.92,,,,0.401,,,,5.453,7.35,0.0,,,0.0,33.038,33.0,33.1,,,0.088,1811.0,1839.0,0.0,0.0,0.0,0.0,0.0,0.0,0.0,0.0,0.0,0.0,0.0,0.0,0.0,0.0,0.0,0.0,
2020-06-20T01:00:00Z,30.0,0.0,13.926,14.73,0.0,0.0,,,13.597,12.86,14.11,,,3.917,3.91,3.92,,,,0.873,,,,12.118,21.79,2.789,,,0.0,33.197,33.0,33.4,,,0.202,1840.0,1869.0,0.0,0.0,0.0,0.0,0.0,0.0,0.0,0.0,0.0,0.0,0.0,0.0,0.0,0.0,0.0,0.0,
2020-06-20T02:00:00Z,30.0,0.0,13.857,15.46,0.0,0.0,,,13.395,12.8,14.71,,,3.91,3.91,3.91,,,,1.376,,,,19.067,29.87,8.062,,,0.66,33.367,33.3,33.4,,,0.318,1870.0,1899.0,0.0,0.0,0.0,0.0,0.0,0.0,0.0,0.0,0.0,0.0,0.0,0.0,0.0,0.0,0.0,0.0,
2020-06-20T03:00:00Z,29.0,0.0,13.877,14.75,0.0,0.0,,,13.471,12.83,14.19,,,3.909,3.9,3.91,,,,1.838,,,,25.664,35.51,12.434,,,0.0,33.503,33.4,33.9,,,0.413,1900.0,1928.0,0.0,0.0,0.0,0.0,0.0,0.0,0.0,0.0,0.0,0.0,0.0,0.0,0.0,0.0,0.0,0.0,
2020-06-20T04:00:00Z,30.0,0.0,16.437,20.42,0.0,0.0,,,14.216,13.19,14.84,,,3.902,3.9,3.91,,,,1.818,,,,28.963,55.29,13.191,,,0.0,34.333,33.6,34.8,,,0.483,1929.0,1958.0,0.0,0.0,0.0,0.0,0.0,0.0,0.0,0.0,0.0,0.0,0.0,0.0,0.0,0.0,0.0,0.0,
2020-06-20T05:00:00Z,29.0,0.0,16.632,20.37,0.0,0.0,,,14.635,13.7,14.84,,,3.9,3.9,3.9,,,,2.201,,,,36.02,54.25,13.556,,,1.712,34.945,34.6,35.3,,,0.58,1959.0,1987.0,0.0,0.0,0.0,0.0,0.0,0.0,0.0,0.0,0.0,0.0,0.0,0.0,0.0,0.0,0.0,0.0,
2020-06-20T06:00:00Z,27.0,0.0,17.472,20.64,0.0,0.0,,,14.569,14.09,14.8,,,3.899,3.89,3.9,,,,1.81,,,,30.499,49.77,13.518,,,2.695,35.7,35.4,36.1,,,0.457,1991.0,2017.0,0.0,0.0,0.0,0.0,0.0,0.0,0.0,0.0,0.0,0.0,0.0,0.0,0.0,0.0,0.0,0.0,
2020-06-20T07:00:00Z,29.0,0.0,15.562,17.56,0.0,0.0,,,14.577,13.45,14.77,,,3.891,3.89,3.9,,,,2.029,,,,31.458,36.58,13.451,,,2.668,36.514,36.2,36.8,,,0.507,2018.0,2046.0,0.0,0.0,0.0,0.0,0.0,0.0,0.0,0.0,0.0,0.0,0.0,0.0,0.0,0.0,0.0,0.0,
2020-06-20T08:00:00Z,29.0,0.0,13.735,14.48,0.0,0.0,,,13.309,12.99,13.73,,,3.887,3.88,3.89,,,,1.576,,,,21.69,25.76,12.263,,,6.182,36.824,36.6,37.0,,,0.349,2047.0,2076.0,0.0,0.0,0.0,0.0,0.0,0.0,0.0,0.0,0.0,0.0,0.0,0.0,0.0,0.0,0.0,0.0,
2020-06-20T09:00:00Z,29.0,0.0,13.92,14.66,0.0,0.0,,,13.623,12.81,13.93,,,3.88,3.88,3.88,,,,0.517,,,,7.077,17.46,2.455,,,4.292,37.028,36.9,37.1,,,0.114,2077.0,2105.0,0.0,0.0,0.0,0.0,0.0,0.0,0.0,0.0,0.0,0.0,0.0,0.0,0.0,0.0,0.0,0.0,
2020-06-20T10:00:00Z,30.0,0.0,11.344,14.63,0.0,0.0,,,13.381,12.87,13.92,,,3.879,3.87,3.88,,,,0.183,,,,2.358,5.01,0.0,,,4.923,36.957,36.5,37.1,,,0.039,2106.0,2135.0,0.0,0.0,0.0,0.0,0.0,0.0,0.0,0.0,0.0,0.0,0.0,0.0,0.0,0.0,0.0,0.0,
2020-06-20T11:00:00Z,29.0,0.0,0.346,3.83,0.0,0.0,,,12.858,12.84,12.89,,,3.873,3.87,3.88,,,,0.058,,,,0.018,0.2,0.0,,,4.267,36.079,35.9,36.4,,,0.0,2136.0,2164.0,0.0,0.0,0.0,0.0,0.0,0.0,0.0,0.0,0.0,0.0,0.0,0.0,0.0,0.0,0.0,0.0,
2020-06-20T12:00:00Z,30.0,0.0,0.0,0.0,0.0,0.0,,,12.807,12.77,12.84,,,3.87,3.87,3.87,,,,0.05,,,,0.0,0.0,0.0,,,0.0,35.85,35.8,36.0,,,0.0,2165.0,2194.0,0.0,0.0,0.0,0.0,0.0,0.0,0.0,0.0,0.0,0.0,0.0,0.0,0.0,0.0,0.0,0.0,
2020-06-20T13:00:00Z,30.0,0.0,0.0,0.0,0.0,0.0,,,12.757,12.73,12.78,,,3.864,3.86,3.87,,,,0.051,,,,0.0,0.0,0.0,,,0.0,35.613,35.4,35.8,,,0.0,2195.0,2224.0,0.0,0.0,0.0,0.0,0.0,0.0,0.0,0.0,0.0,0.0,0.0,0.0,0.0,0.0,0.0,0.0,
2020-06-20T14:00:00Z,29.0,0.0,0.0,0.0,0.0,0.0,,,12.762,12.69,12.87,,,3.859,3.85,3.86,,,,0.05,,,,0.0,0.0,0.0,,,0.0,35.172,34.9,35.4,,,0.0,2225.0,2253.0,0.0,0.0,0.0,0.0,0.0,0.0,0.0,0.0,0.0,0.0,0.0,0.0,0.0,0.0,0.0,0.0,
2020-06-20T15:00:00Z,30.0,0.0,0.0,0.0,0.0,0.0,,,12.848,12.84,12.87,,,3.85,3.85,3.86,,,,0.053,,,,0.0,0.0,0.0,,,0.0,34.693,34.6,34.9,,,0.0,2254.0,2283.0,0.0,0.0,0.0,0.0,0.0,0.0,0.0,0.0,0.0,0.0,0.0,0.0,0.0,0.0,0.0,0.0,
2020-06-20T16:00:00Z,28.0,0.0,0.0,0.0,0.0,0.0,,,12.838,12.82,12.85,,,3.85,3.85,3.85,,,,0.055,,,,0.0,0.0,0.0,,,0.0,34.55,34.5,34.6,,,0.0,2284.0,2312.0,0.0,0.0,0.0,0.0,0.0,0.0,0.0,0.0,0.0,0.0,0.0,0.0,0.0,0.0,0.0,0.0,
2020-06-20T17:00:00Z,29.0,0.0,0.0,0.0,0.0,0.0,,,12.825,12.81,12.84,,,3.847,3.84,3.85,,,,0.052,,,,0.0,0.0,0.0,,,0.0,34.314,34.2,34.5,,,0.0,2313.0,2342.0,0.0,0.0,0.0,0.0,0.0,0.0,0.0,0.0,0.0,0.0,0.0,0.0,0.0,0.0,0.0,0.0,
2020-06-20T18:00:00Z,29.0,0.0,0.0,0.0,0.0,0.0,,,12.821,12.8,12.84,,,3.84,3.84,3.84,,,,0.046,,,,0.0,0.0,0.0,,,0.0,33.941,33.7,34.2,,,0.0,2343.0,2371.0,0.0,0.0,0.0,0.0,0.0,0.0,0.0,0.0,0.0,0.0,0.0,0.0,0.0,0.0,0.0,0.0,
2020-06-20T19:00:00Z,30.0,0.0,0.0,0.0,0.0,0.0,,,12.811,12.8,12.82,,,3.831,3.83,3.84,,,,0.05,,,,0.0,0.0,0.0,,,0.0,33.52,33.4,33.7,,,0.0,2372.0,2401.0,0.0,0.0,0.0,0.0,0.0,0.0,0.0,0.0,0.0,0.0,0.0,0.0,0.0,0.0,0.0,0.0,
2020-06-20T20:00:00Z,29.0,0.0,0.0,0.0,0.0,0.0,,,12.8,12.78,12.82,,,3.83,3.83,3.83,,,,0.048,,,,0.0,0.0,0.0,,,0.0,33.372,33.3,33.4,,,0.0,2402.0,2430.0,0.0,0.0,0.0,0.0,0.0,0.0,0.0,0.0,0.0,0.0,0.0,0.0,0.0,0.0,0.0,0.0,
2020-06-20T21:00:00Z,29.0,0.0,0.0,0.0,0.0,0.0,,,12.787,12.78,12.81,,,3.829,3.82,3.83,,,,0.053,,,,0.0,0.0,0.0,,,0.0,33.259,33.2,33.3,,,0.0,2431.0,2460.0,0.0,0.0,0.0,0.0,0.0,0.0,0.0,0.0,0.0,0.0,0.0,0.0,0.0,0.0,0.0,0.0,
2020-06-20T22:00:00Z,30.0,0.0,4.748,13.36,0.0,0.0,,,12.786,12.77,12.81,,,3.822,3.82,3.83,,,,0.067,,,,0.43,1.64,0.0,,,0.0,33.097,33.0,33.3,,,0.007,2461.0,2490.0,0.0,0.0,0.0,0.0,0.0,0.0,0.0,0.0,0.0,0.0,0.0,0.0,0.0,0.0,0.0,0.0,
2020-06-20T23:00:00Z,29.0,0.0,13.222,13.77,0.0,0.0,,,12.931,12.82,13.08,,,3.82,3.82,3.82,,,,0.168,,,,2.215,3.26,0.0,,,0.0,33.4,33.4,33.4,,,0.036,2491.0,2519.0,0.0,0.0,0.0,0.0,0.0,0.0,0.0,0.0,0.0,0.0,0.0,0.0,0.0,0.0,0.0,0.0,
2020-06-21T00:00:00Z,16.0,0.0,13.594,14.15,0.0,0.0,,,13.264,13.1,13.45,,,3.82,3.82,3.82,,,,0.326,,,,4.429,6.62,0.0,,,0.0,33.4,33.4,33.4,,,0.039,2520.0,2535.0,0.0,0.0,0.0,0.0,0.0,0.0,0.0,0.0,0.0,0.0,0.0,0.0,0.0,0.0,0.0,0.0,
2020-06-21T07:00:00Z,16.0,0.0,13.537,13.89,0.0,0.0,,,13.206,13.16,13.26,,,3.76,3.76,3.76,,,,0.154,,,,2.063,2.32,0.0,,,0.0,34.781,34.7,34.8,,,0.018,2719.0,2734.0,0.0,0.0,0.0,0.0,0.0,0.0,0.0,0.0,0.0,0.0,0.0,0.0,0.0,0.0,0.0,0.0,
2020-06-21T08:00:00Z,30.0,0.0,14.125,15.53,0.0,0.0,,,13.759,13.28,14.82,,,3.758,3.75,3.76,,,,0.295,,,,4.176,6.7,0.0,,,0.0,34.78,34.7,34.9,,,0.07,2735.0,2764.0,0.0,0.0,0.0,0.0,0.0,0.0,0.0,0.0,0.0,0.0,0.0,0.0,0.0,0.0,0.0,0.0,
2020-06-21T09:00:00Z,29.0,0.0,15.147,20.55,0.0,0.0,,,14.187,12.9,14.79,,,3.75,3.75,3.76,,,,0.403,,,,6.023,9.74,0.815,,,0.0,34.717,34.6,34.8,,,0.097,2765.0,2793.0,0.0,0.0,0.0,0.0,0.0,0.0,0.0,0.0,0.0,0.0,0.0,0.0,0.0,0.0,0.0,0.0,
2020-06-21T10:00:00Z,29.0,0.0,13.326,14.34,0.0,0.0,,,13.342,12.9,13.78,,,3.75,3.75,3.75,,,,0.164,,,,2.217,4.01,0.0,,,3.777,34.528,34.2,34.6,,,0.036,2794.0,2823.0,0.0,0.0,0.0,0.0,0.0,0.0,0.0,0.0,0.0,0.0,0.0,0.0,0.0,0.0,0.0,0.0,
2020-06-21T11:00:00Z,29.0,0.0,0.97,5.2,0.0,0.0,,,12.871,12.84,12.9,,,3.746,3.74,3.75,,,,0.056,,,,0.057,0.27,0.0,,,1.677,33.486,33.3,34.2,,,0.001,2824.0,2852.0,0.0,0.0,0.0,0.0,0.0,0.0,0.0,0.0,0.0,0.0,0.0,0.0,0.0,0.0,0.0,0.0,
2020-06-21T12:00:00Z,29.0,0.0,0.0,0.0,0.0,0.0,,,12.825,12.8,12.85,,,3.74,3.74,3.74,,,,0.051,,,,0.0,0.0,0.0,,,0.0,33.248,33.1,33.3,,,0.0,2854.0,2882.0,0.0,0.0,0.0,0.0,0.0,0.0,0.0,0.0,0.0,0.0,0.0,0.0,0.0,0.0,0.0,0.0,
2020-06-21T13:00:00Z,30.0,0.0,0.0,0.0,0.0,0.0,,,12.785,12.76,12.81,,,3.738,3.73,3.74,,,,0.05,,,,0.0,0.0,0.0,,,0.0,32.973,32.8,33.1,,,0.0,2883.0,2912.0,0.0,0.0,0.0,0.0,0.0,0.0,0.0,0.0,0.0,0.0,0.0,0.0,0.0,0.0,0.0,0.0,
2020-06-21T14:00:00Z,29.0,0.0,0.0,0.0,0.0,0.0,,,12.744,12.69,12.87,,,3.731,3.73,3.74,,,,0.051,,,,0.0,0.0,0.0,,,0.0,32.597,32.5,32.8,,,0.0,2913.0,2941.0,0.0,0.0,0.0,0.0,0.0,0.0,0.0,0.0,0.0,0.0,0.0,0.0,0.0,0.0,0.0,0.0,
2020-06-21T15:00:00Z,30.0,0.0,0.0,0.0,0.0,0.0,,,12.865,12.85,12.87,,,3.727,3.72,3.73,,,,0.052,,,,0.0,0.0,0.0,,,0.0,32.353,32.2,32.5,,,0.0,2942.0,2971.0,0.0,0.0,0.0,0.0,0.0,0.0,0.0,0.0,0.0,0.0,0.0,0.0,0.0,0.0,0.0,0.0,
2020-06-21T16:00:00Z,28.0,0.0,0.0,0.0,0.0,0.0,,,12.85,12.84,12.87,,,3.72,3.72,3.72,,,,0.052,,,,0.0,0.0,0.0,,,0.0,32.129,32.1,32.2,,,0.0,2972.0,3000.0,0.0,0.0,0.0,0.0,0.0,0.0,0.0,0.0,0.0,0.0,0.0,0.0,0.0,0.0,0.0,0.0,
2020-06-21T17:00:00Z,30.0,0.0,0.0,0.0,0.0,0.0,,,12.84,12.83,12.85,,,3.72,3.71,3.72,,,,0.053,,,,0.0,0.0,0.0,,,0.0,32.07,32.0,32.1,,,0.0,3001.0,3030.0,0.0,0.0,0.0,0.0,0.0,0.0,0.0,0.0,0.0,0.0,0.0,0.0,0.0,0.0,0.0,0.0,
2020-06-21T18:00:00Z,27.0,0.0,0.0,0.0,0.0,0.0,,,12.833,12.81,12.84,,,3.712,3.71,3.72,,,,0.053,,,,0.0,0.0,0.0,,,0.0,32.004,32.0,32.1,,,0.0,3031.0,3059.0,0.0,0.0,0.0,0.0,0.0,0.0,0.0,0.0,0.0,0.0,0.0,0.0,0.0,0.0,0.0,0.0,
2020-06-21T19:00:00Z,30.0,0.0,0.0,0.0,0.0,0.0,,,12.825,12.81,12.84,,,3.705,3.7,3.71,,,,0.053,,,,0.0,0.0,0.0,,,0.0,31.89,31.8,32.0,,,0.0,3060.0,3089.0,0.0,0.0,0.0,0.0,0.0,0.0,0.0,0.0,0.0,0.0,0.0,0.0,0.0,0.0,0.0,0.0,
2020-06-21T20:00:00Z,30.0,0.0,0.0,0.0,0.0,0.0,,,12.819,12.81,12.83,,,3.698,3.69,3.7,,,,0.052,,,,0.0,0.0,0.0,,,0.0,31.727,31.7,31.8,,,0.0,3090.0,3119.0,0.0,0.0,0.0,0.0,0.0,0.0,0.0,0.0,0.0,0.0,0.0,0.0,0.0,0.0,0.0,0.0,
2020-06-21T21:00:00Z,28.0,0.0,0.0,0.0,0.0,0.0,,,12.816,12.81,12.83,,,3.69,3.69,3.7,,,,0.052,,,,0.0,0.0,0.0,,,0.0,31.636,31.5,31.7,,,0.0,3120.0,3148.0,0.0,0.0,0.0,0.0,0.0,0.0,0.0,0.0,0.0,0.0,0.0,0.0,0.0,0.0,0.0,0.0,
2020-06-21T22:00:00Z,30.0,0.0,5.539,13.15,0.0,0.0,,,12.813,12.8,12.84,,,3.686,3.68,3.69,,,,0.075,,,,0.532,1.48,0.0,,,0.0,31.623,31.4,32.0,,,0.009,3149.0,3178.0,0.0,0.0,0.0,0.0,0.0,0.0,0.0,0.0,0.0,0.0,0.0,0.0,0.0,0.0,0.0,0.0,
2020-06-21T23:00:00Z,29.0,0.0,13.239,13.72,0.0,0.0,,,12.945,12.84,13.06,,,3.678,3.67,3.68,,,,0.161,,,,2.129,2.73,0.0,,,0.0,32.086,32.0,32.1,,,0.034,3179.0,3207.0,0.0,0.0,0.0,0.0,0.0,0.0,0.0,0.0,0.0,0.0,0.0,0.0,0.0,0.0,0.0,0.0,
2020-06-22T00:00:00Z,30.0,0.0,13.743,14.48,0.0,0.0,,,13.446,13.0,13.78,,,3.67,3.67,3.67,,,,0.448,,,,6.2,10.64,0.396,,,0.0,32.107,32.1,32.2,,,0.103,3208.0,3237.0,0.0,0.0,0.0,0.0,0.0,0.0,0.0,0.0,0.0,0.0,0.0,0.0,0.0,0.0,0.0,0.0,
2020-06-22T01:00:00Z,29.0,0.0,13.799,15.31,0.0,0.0,,,13.472,12.9,14.53,,,3.662,3.66,3.67,,,,0.947,,,,13.089,21.52,4.942,,,0.0,32.3,32.1,32.5,,,0.211,3238.0,3266.0,0.0,0.0,0.0,0.0,0.0,0.0,0.0,0.0,0.0,0.0,0.0,0.0,0.0,0.0,0.0,0.0,
2020-06-22T02:00:00Z,30.0,0.0,13.878,14.54,0.0,0.0,,,13.539,12.91,13.9,,,3.652,3.65,3.66,,,,0.716,,,,9.903,22.79,3.184,,,0.0,32.6,32.4,33.0,,,0.165,3267.0,3296.0,0.0,0.0,0.0,0.0,0.0,0.0,0.0,0.0,0.0,0.0,0.0,0.0,0.0,0.0,0.0,0.0,
2020-06-22T03:00:00Z,29.0,0.0,14.01,15.74,0.0,0.0,,,13.569,12.87,14.97,,,3.645,3.64,3.65,,,,1.574,,,,22.43,47.97,7.783,,,0.0,33.366,33.0,33.6,,,0.361,3297.0,3325.0,0.0,0.0,0.0,0.0,0.0,0.0,0.0,0.0,0.0,0.0,0.0,0.0,0.0,0.0,0.0,0.0,
2020-06-22T04:00:00Z,30.0,0.0,13.935,14.64,0.0,0.0,,,13.505,12.9,13.83,,,3.637,3.63,3.64,,,,2.453,,,,34.459,47.56,11.266,,,0.0,33.793,33.4,34.2,,,0.574,3326.0,3355.0,0.0,0.0,0.0,0.0,0.0,0.0,0.0,0.0,0.0,0.0,0.0,0.0,0.0,0.0,0.0,0.0,
2020-06-22T05:00:00Z,29.0,0.0,13.866,14.65,0.0,0.0,,,13.511,12.87,13.87,,,3.626,3.62,3.63,,,,2.238,,,,31.482,45.45,12.48,,,1.445,34.359,34.2,34.6,,,0.507,3356.0,3385.0,0.0,0.0,0.0,0.0,0.0,0.0,0.0,0.0,0.0,0.0,0.0,0.0,0.0,0.0,0.0,0.0,
2020-06-22T06:00:00Z,29.0,0.0,14.175,14.6,0.0,0.0,,,13.724,13.66,13.76,,,3.62,3.61,3.62,,,,2.346,,,,33.263,36.57,12.686,,,2.116,34.624,34.6,34.7,,,0.536,3386.0,3414.0,0.0,0.0,0.0,0.0,0.0,0.0,0.0,0.0,0.0,0.0,0.0,0.0,0.0,0.0,0.0,0.0,
2020-06-22T07:00:00Z,30.0,0.0,13.878,14.47,0.0,0.0,,,13.501,13.3,13.65,,,3.609,3.6,3.62,,,,1.834,,,,25.498,29.56,12.457,,,5.036,34.957,34.7,35.3,,,0.425,3415.0,3444.0,0.0,0.0,0.0,0.0,0.0,0.0,0.0,0.0,0.0,0.0,0.0,0.0,0.0,0.0,0.0,0.0,
2020-06-22T08:00:00Z,29.0,0.0,13.4,14.0,0.0,0.0,,,13.084,12.96,13.27,,,3.598,3.59,3.6,,,,1.298,,,,17.436,21.48,12.034,,,7.9,35.41,34.9,35.7,,,0.281,3445.0,3473.0,0.0,0.0,0.0,0.0,0.0,0.0,0.0,0.0,0.0,0.0,0.0,0.0,0.0,0.0,0.0,0.0,
2020-06-22T09:00:00Z,29.0,0.0,13.494,14.13,0.0,0.0,,,13.171,12.92,13.42,,,3.586,3.58,3.59,,,,0.364,,,,4.91,13.53,1.639,,,6.147,35.386,35.1,35.8,,,0.079,3475.0,3503.0,0.0,0.0,0.0,0.0,0.0,0.0,0.0,0.0,0.0,0.0,0.0,0.0,0.0,0.0,0.0,0.0,
2020-06-22T10:00:00Z,29.0,0.0,13.211,13.64,0.0,0.0,,,12.97,12.93,13.01,,,3.572,3.56,3.58,,,,0.134,,,,1.773,2.35,0.0,,,4.212,35.186,34.9,35.5,,,0.029,3504.0,3532.0,0.0,0.0,0.0,0.0,0.0,0.0,0.0,0.0,0.0,0.0,0.0,0.0,0.0,0.0,0.0,0.0,
2020-06-22T11:00:00Z,29.0,0.0,0.856,5.39,0.0,0.0,,,12.91,12.69,13.05,,,3.557,3.55,3.56,,,,-3.18,,,,0.054,0.4,0.0,,,1.661,34.631,34.6,34.9,,,0.001,3534.0,3562.0,0.0,0.0,0.0,0.0,0.0,0.0,0.0,0.0,0.0,0.0,0.0,0.0,0.0,0.0,0.0,0.0,
2020-06-22T12:00:00Z,29.0,0.0,0.0,0.0,0.0,0.0,,,12.516,12.3,12.77,,,3.539,3.53,3.55,,,,0.037,,,,0.0,0.0,0.0,,,0.0,34.6,34.6,34.6,,,0.0,3563.0,3591.0,0.0,0.0,0.0,0.0,0.0,0.0,0.0,0.0,0.0,0.0,0.0,0.0,0.0,0.0,0.0,0.0,
2020-06-22T13:00:00Z,29.0,0.0,0.0,0.0,0.0,0.0,,,12.588,12.53,12.62,,,3.521,3.51,3.53,,,,0.038,,,,0.0,0.0,0.0,,,0.0,34.6,34.6,34.6,,,0.0,3592.0,3621.0,0.0,0.0,0.0,0.0,0.0,0.0,0.0,0.0,0.0,0.0,0.0,0.0,0.0,0.0,0.0,0.0,
2020-06-22T14:00:00Z,29.0,0.0,0.0,0.0,0.0,0.0,,,12.579,12.56,12.6,,,3.503,3.49,3.51,,,,0.039,,,,0.0,0.0,0.0,,,0.0,34.417,34.2,34.6,,,0.0,3622.0,3650.0,0.0,0.0,0.0,0.0,0.0,0.0,0.0,0.0,0.0,0.0,0.0,0.0,0.0,0.0,0.0,0.0,
2020-06-22T15:00:00Z,30.0,0.0,0.0,0.0,0.0,0.0,,,12.566,12.55,12.58,,,3.482,3.47,3.49,,,,0.034,,,,0.0,0.0,0.0,,,0.0,34.113,33.9,34.2,,,0.0,3651.0,3680.0,0.0,0.0,0.0,0.0,0.0,0.0,0.0,0.0,0.0,0.0,0.0,0.0,0.0,0.0,0.0,0.0,
2020-06-22T16:00:00Z,29.0,0.0,0.0,0.0,0.0,0.0,,,12.563,12.54,12.57,,,3.46,3.45,3.47,,,,0.032,,,,0.0,0.0,0.0,,,0.0,33.814,33.7,34.0,,,0.0,3681.0,3709.0,0.0,0.0,0.0,0.0,0.0,0.0,0.0,0.0,0.0,0.0,0.0,0.0,0.0,0.0,0.0,0.0,
2020-06-22T17:00:00Z,30.0,0.0,0.0,0.0,0.0,0.0,,,12.564,12.55,12.58,,,3.43,3.41,3.45,,,,0.031,,,,0.0,0.0,0.0,,,0.0,33.537,33.4,33.7,,,0.0,3710.0,3739.0,0.0,0.0,0.0,0.0,0.0,0.0,0.0,0.0,0.0,0.0,0.0,0.0,0.0,0.0,0.0,0.0,
2020-06-22T18:00:00Z,29.0,0.0,0.0,0.0,0.0,0.0,,,12.566,12.54,12.57,,,3.39,3.37,3.41,,,,0.028,,,,0.0,0.0,0.0,,,0.0,33.4,33.4,33.4,,,0.0,3740.0,3769.0,0.0,0.0,0.0,0.0,0.0,0.0,0.0,0.0,0.0,0.0,0.0,0.0,0.0,0.0,0.0,0.0,
2020-06-22T19:00:00Z,29.0,0.0,0.0,0.0,0.0,0.0,,,12.596,12.56,12.62,,,3.343,3.32,3.37,,,,0.042,,,,0.0,0.0,0.0,,,0.0,33.31,33.2,33.4,,,0.0,3770.0,3798.0,0.0,0.0,0.0,0.0,0.0,0.0,0.0,0.0,0.0,0.0,0.0,0.0,0.0,0.0,0.0,0.0,
2020-06-22T20:00:00Z,29.0,0.0,0.0,0.0,0.0,0.0,,,12.877,12.6,13.21,,,3.276,3.24,3.32,,,,0.042,,,,0.0,0.0,0.0,,,0.0,32.741,32.3,33.3,,,0.0,3799.0,3828.0,0.0,0.0,0.0,0.0,0.0,0.0,0.0,0.0,0.0,0.0,0.0,0.0,0.0,0.0,0.0,0.0,
2020-06-22T21:00:00Z,29.0,0.0,0.0,0.0,0.0,0.0,,,13.639,13.25,14.06,,,3.186,3.14,3.23,,,,0.041,,,,0.0,0.0,0.0,,,0.0,32.055,31.7,32.3,,,0.0,3829.0,3857.0,0.0,0.0,0.0,0.0,0.0,0.0,0.0,0.0,0.0,0.0,0.0,0.0,0.0,0.0,0.0,0.0,
2020-06-22T22:00:00Z,23.0,0.0,5.42,15.86,0.955,3.74,,,14.578,14.09,15.11,,,3.082,3.03,3.13,,,,0.055,,,,0.402,1.92,0.0,,,0.0,31.378,31.1,31.7,,,0.005,3858.0,3880.0,0.0,0.0,0.0,0.0,0.0,0.0,0.0,0.0,0.0,0.0,0.0,0.0,0.0,0.0,0.0,0.0,
2020-06-23T02:00:00Z,22.0,14.0,16.525,17.54,4.138,4.29,,,16.096,15.64,16.77,,,3.673,3.6,3.74,,,,2.18,,,,36.16,58.6,12.989,,,0.0,31.323,30.6,32.1,,,0.442,1.0,22.0,0.0,0.0,0.0,14.0,0.0,0.0,0.0,0.0,0.0,0.0,0.0,0.0,0.0,0.0,0.0,0.0,
2020-06-23T03:00:00Z,30.0,6.0,16.174,17.23,4.247,4.34,,,15.561,14.27,16.13,,,3.781,3.73,3.82,,,,2.179,,,,35.852,62.33,9.298,,,0.0,32.06,31.3,33.0,,,0.598,23.0,52.0,0.0,0.0,0.0,6.0,0.0,0.0,0.0,0.0,0.0,0.0,0.0,0.0,0.0,0.0,0.0,0.0,
2020-06-23T04:00:00Z,29.0,0.0,15.909,21.29,4.353,4.45,,,15.036,13.82,15.91,,,3.843,3.8,3.88,,,,2.412,,,,38.88,70.61,11.119,,,0.621,33.041,31.0,33.8,,,0.626,1.0,29.0,0.0,0.0,0.0,0.0,0.0,0.0,0.0,0.0,0.0,0.0,0.0,0.0,0.0,0.0,0.0,0.0,
2020-06-23T05:00:00Z,29.0,0.0,14.772,15.81,4.469,4.55,,,14.139,13.41,14.86,,,3.923,3.84,3.98,,,,2.55,,,,37.803,48.04,10.719,,,0.0,33.752,32.9,34.4,,,0.609,30.0,59.0,0.0,0.0,0.0,0.0,0.0,0.0,0.0,0.0,0.0,0.0,0.0,0.0,0.0,0.0,0.0,0.0,
2020-06-23T06:00:00Z,30.0,0.0,13.65,15.5,4.507,4.64,,,13.174,11.9,14.6,,,3.984,3.94,4.01,,,,1.609,,,,22.364,36.58,6.225,,,0.0,34.317,33.5,35.0,,,0.373,60.0,89.0,0.0,0.0,0.0,0.0,0.0,0.0,0.0,0.0,0.0,0.0,0.0,0.0,0.0,0.0,0.0,0.0,
2020-06-23T07:00:00Z,27.0,0.0,13.888,14.3,4.583,4.63,,,13.354,13.08,13.6,,,4.013,3.98,4.03,,,,1.575,,,,21.865,28.9,10.001,,,0.0,34.8,34.2,35.4,,,0.328,90.0,118.0,0.0,0.0,0.0,0.0,0.0,0.0,0.0,0.0,0.0,0.0,0.0,0.0,0.0,0.0,0.0,0.0,
2020-06-23T08:00:00Z,29.0,0.0,13.523,14.43,4.618,4.62,,,13.101,12.84,13.62,,,4.051,4.03,4.07,,,,1.163,,,,15.713,19.35,8.618,,,1.376,35.534,35.3,35.9,,,0.253,119.0,147.0,0.0,0.0,0.0,0.0,0.0,0.0,0.0,0.0,0.0,0.0,0.0,0.0,0.0,0.0,0.0,0.0,
2020-06-23T09:00:00Z,28.0,0.0,13.911,14.51,4.571,4.62,,,13.551,12.9,13.7,,,4.091,4.07,4.1,,,,0.605,,,,8.398,12.38,1.276,,,3.473,35.539,35.4,35.8,,,0.131,148.0,177.0,0.0,0.0,0.0,0.0,0.0,0.0,0.0,0.0,0.0,0.0,0.0,0.0,0.0,0.0,0.0,0.0,
2020-06-23T10:00:00Z,27.0,0.0,13.424,13.99,3.935,4.47,,,13.182,12.87,13.51,,,4.089,4.08,4.1,,,,0.161,,,,2.169,4.49,0.0,,,7.5,35.796,35.6,35.9,,,0.033,178.0,206.0,0.0,0.0,0.0,0.0,0.0,0.0,0.0,0.0,0.0,0.0,0.0,0.0,0.0,0.0,0.0,0.0,
2020-06-23T11:00:00Z,30.0,0.0,1.161,8.12,0.756,3.55,,,12.8,12.74,12.87,,,4.074,4.07,4.08,,,,0.06,,,,0.081,0.52,0.0,,,6.583,35.883,35.8,36.0,,,0.001,207.0,236.0,0.0,0.0,0.0,0.0,0.0,0.0,0.0,0.0,0.0,0.0,0.0,0.0,0.0,0.0,0.0,0.0,
2020-06-23T12:00:00Z,29.0,0.0,0.0,0.0,0.0,0.0,,,12.727,12.69,12.77,,,4.061,4.05,4.07,,,,0.049,,,,0.0,0.0,0.0,,,0.0,35.907,35.8,36.0,,,0.0,237.0,266.0,0.0,0.0,0.0,0.0,0.0,0.0,0.0,0.0,0.0,0.0,0.0,0.0,0.0,0.0,0.0,0.0,
2020-06-23T13:00:00Z,29.0,0.0,0.0,0.0,0.0,0.0,,,12.698,12.67,12.72,,,4.05,4.04,4.06,,,,0.054,,,,0.0,0.0,0.0,,,0.0,35.676,35.4,35.8,,,0.0,267.0,295.0,0.0,0.0,0.0,0.0,0.0,0.0,0.0,0.0,0.0,0.0,0.0,0.0,0.0,0.0,0.0,0.0,
2020-06-23T14:00:00Z,29.0,0.0,0.0,0.0,0.0,0.0,,,12.668,12.64,12.75,,,4.041,4.04,4.05,,,,0.046,,,,0.0,0.0,0.0,,,0.0,35.314,35.1,35.5,,,0.0,296.0,325.0,0.0,0.0,0.0,0.0,0.0,0.0,0.0,0.0,0.0,0.0,0.0,0.0,0.0,0.0,0.0,0.0,
2020-06-23T15:00:00Z,29.0,0.0,0.0,0.0,0.0,0.0,,,12.747,12.73,12.76,,,4.037,4.03,4.04,,,,0.052,,,,0.0,0.0,0.0,,,0.0,34.907,34.7,35.1,,,0.0,326.0,354.0,0.0,0.0,0.0,0.0,0.0,0.0,0.0,0.0,0.0,0.0,0.0,0.0,0.0,0.0,0.0,0.0,
2020-06-23T16:00:00Z,30.0,0.0,0.0,0.0,0.0,0.0,,,12.743,12.73,12.75,,,4.03,4.03,4.03,,,,0.051,,,,0.0,0.0,0.0,,,0.0,34.613,34.6,34.7,,,0.0,355.0,384.0,0.0,0.0,0.0,0.0,0.0,0.0,0.0,0.0,0.0,0.0,0.0,0.0,0.0,0.0,0.0,0.0,
2020-06-23T17:00:00Z,29.0,0.0,0.0,0.0,0.0,0.0,,,12.733,12.72,12.75,,,4.021,4.02,4.03,,,,0.052,,,,0.0,0.0,0.0,,,0.0,34.39,34.2,34.6,,,0.0,385.0,413.0,0.0,0.0,0.0,0.0,0.0,0.0,0.0,0.0,0.0,0.0,0.0,0.0,0.0,0.0,0.0,0.0,
2020-06-23T18:00:00Z,30.0,0.0,0.0,0.0,0.0,0.0,,,12.722,12.71,12.73,,,4.016,4.01,4.02,,,,0.051,,,,0.0,0.0,0.0,,,0.0,34.12,33.9,34.3,,,0.0,414.0,443.0,0.0,0.0,0.0,0.0,0.0,0.0,0.0,0.0,0.0,0.0,0.0,0.0,0.0,0.0,0.0,0.0,
2020-06-23T19:00:00Z,29.0,0.0,0.0,0.0,0.0,0.0,,,12.719,12.71,12.72,,,4.01,4.01,4.01,,,,0.053,,,,0.0,0.0,0.0,,,0.0,33.783,33.6,34.0,,,0.0,444.0,473.0,0.0,0.0,0.0,0.0,0.0,0.0,0.0,0.0,0.0,0.0,0.0,0.0,0.0,0.0,0.0,0.0,
2020-06-23T20:00:00Z,29.0,0.0,0.0,0.0,0.0,0.0,,,12.716,12.7,12.72,,,4.006,4.0,4.01,,,,0.053,,,,0.0,0.0,0.0,,,0.0,33.459,33.4,33.7,,,0.0,474.0,502.0,0.0,0.0,0.0,0.0,0.0,0.0,0.0,0.0,0.0,0.0,0.0,0.0,0.0,0.0,0.0,0.0,
2020-06-23T21:00:00Z,28.0,0.0,0.0,0.0,0.0,0.0,,,12.706,12.69,12.72,,,4.0,4.0,4.0,,,,0.052,,,,0.0,0.0,0.0,,,0.0,33.354,33.3,33.4,,,0.0,503.0,532.0,0.0,0.0,0.0,0.0,0.0,0.0,0.0,0.0,0.0,0.0,0.0,0.0,0.0,0.0,0.0,0.0,
2020-06-23T22:00:00Z,29.0,0.0,5.167,13.12,1.525,3.91,,,12.721,12.68,12.84,,,4.0,3.99,4.0,,,,0.087,,,,0.648,2.61,0.0,,,0.0,33.238,33.1,33.3,,,0.01,533.0,561.0,0.0,0.0,0.0,0.0,0.0,0.0,0.0,0.0,0.0,0.0,0.0,0.0,0.0,0.0,0.0,0.0,
2020-06-23T23:00:00Z,30.0,0.0,13.564,14.62,4.191,4.43,,,13.252,12.87,13.81,,,3.993,3.99,4.01,,,,0.604,,,,8.211,16.83,2.383,,,0.0,32.96,32.7,33.2,,,0.137,562.0,591.0,0.0,0.0,0.0,0.0,0.0,0.0,0.0,0.0,0.0,0.0,0.0,0.0,0.0,0.0,0.0,0.0,
2020-06-24T00:00:00Z,29.0,0.0,13.528,14.28,4.512,4.61,,,13.099,12.9,13.48,,,4.023,4.01,4.05,,,,1.512,,,,20.471,27.12,11.194,,,0.0,33.248,33.0,33.4,,,0.33,592.0,620.0,0.0,0.0,0.0,0.0,0.0,0.0,0.0,0.0,0.0,0.0,0.0,0.0,0.0,0.0,0.0,0.0,
2020-06-24T01:00:00Z,30.0,0.0,13.885,14.63,7.476,12.01,,,13.368,12.84,13.63,,,4.1,4.05,4.13,,,,1.972,,,,27.479,34.95,12.323,,,0.0,33.37,33.2,33.6,,,0.458,621.0,650.0,0.0,0.0,0.0,0.0,0.0,0.0,0.0,0.0,0.0,0.0,0.0,0.0,0.0,0.0,0.0,0.0,
2020-06-24T02:00:00Z,27.0,0.0,14.859,19.3,10.987,12.02,,,13.969,12.93,14.63,,,4.13,4.12,4.13,,,,2.321,,,,34.731,45.78,12.95,,,0.0,33.53,33.4,33.7,,,0.521,651.0,677.0,0.0,0.0,0.0,0.0,0.0,0.0,0.0,0.0,0.0,0.0,0.0,0.0,0.0,0.0,0.0,0.0,
2020-06-24T03:00:00Z,30.0,0.0,14.497,16.58,10.492,12.39,,,13.73,12.75,14.68,,,4.13,4.12,4.13,,,,1.923,,,,28.546,43.49,12.662,,,0.0,33.957,33.4,34.2,,,0.476,680.0,709.0,0.0,0.0,0.0,0.0,0.0,0.0,0.0,0.0,0.0,0.0,0.0,0.0,0.0,0.0,0.0,0.0,
2020-06-24T04:00:00Z,29.0,0.0,14.718,21.42,8.308,12.66,,,13.749,12.86,14.79,,,4.128,4.12,4.14,,,,1.442,,,,21.475,49.16,8.728,,,0.0,34.293,33.8,34.6,,,0.346,710.0,739.0,0.0,0.0,0.0,0.0,0.0,0.0,0.0,0.0,0.0,0.0,0.0,0.0,0.0,0.0,0.0,0.0,
2020-06-24T05:00:00Z,27.0,0.0,15.071,19.82,9.677,12.26,,,13.984,12.78,14.78,,,4.133,4.12,4.14,,,,1.719,,,,26.461,48.53,11.475,,,0.0,34.752,34.2,35.2,,,0.397,740.0,768.0,0.0,0.0,0.0,0.0,0.0,0.0,0.0,0.0,0.0,0.0,0.0,0.0,0.0,0.0,0.0,0.0,
2020-06-24T06:00:00Z,29.0,0.0,14.264,15.75,11.46,12.04,,,13.583,12.06,14.7,,,4.131,4.13,4.14,,,,2.107,,,,30.128,38.48,10.923,,,0.0,36.086,34.8,37.4,,,0.485,769.0,798.0,0.0,0.0,0.0,0.0,0.0,0.0,0.0,0.0,0.0,0.0,0.0,0.0,0.0,0.0,0.0,0.0,
2020-06-24T07:00:00Z,29.0,0.0,14.146,20.47,10.696,12.41,,,13.423,11.95,14.79,,,4.136,4.12,4.14,,,,1.134,,,,13.959,30.03,4.076,,,4.088,37.055,36.5,37.5,,,0.225,799.0,827.0,0.0,0.0,0.0,0.0,0.0,0.0,0.0,0.0,0.0,0.0,0.0,0.0,0.0,0.0,0.0,0.0,
2020-06-24T08:00:00Z,28.0,0.0,13.697,14.56,8.15,11.95,,,13.246,12.86,13.67,,,4.131,4.12,4.14,,,,0.999,,,,13.639,24.64,5.072,,,0.748,37.714,37.2,37.9,,,0.212,828.0,855.0,0.0,0.0,0.0,0.0,0.0,0.0,0.0,0.0,0.0,0.0,0.0,0.0,0.0,0.0,0.0,0.0,
2020-06-24T09:00:00Z,29.0,0.0,13.824,14.48,5.252,11.56,,,13.52,12.96,13.69,,,4.131,4.13,4.14,,,,0.609,,,,8.44,16.89,0.409,,,2.456,38.0,37.9,38.1,,,0.136,858.0,886.0,0.0,0.0,0.0,0.0,0.0,0.0,0.0,0.0,0.0,0.0,0.0,0.0,0.0,0.0,0.0,0.0,
2020-06-24T10:00:00Z,30.0,0.0,13.174,13.96,4.117,4.47,,,13.057,12.76,13.32,,,4.125,4.12,4.13,,,,0.188,,,,2.514,4.5,0.0,,,6.844,38.117,38.0,38.3,,,0.042,887.0,916.0,0.0,0.0,0.0,0.0,0.0,0.0,0.0,0.0,0.0,0.0,0.0,0.0,0.0,0.0,0.0,0.0,
2020-06-24T11:00:00Z,29.0,0.0,0.623,4.68,0.359,2.5,,,12.747,12.7,12.78,,,4.108,4.1,4.12,,,,0.033,,,,0.017,0.3,0.0,,,6.049,37.417,37.1,38.2,,,0.0,917.0,945.0,0.0,0.0,0.0,0.0,0.0,0.0,0.0,0.0,0.0,0.0,0.0,0.0,0.0,0.0,0.0,0.0,
2020-06-24T12:00:00Z,30.0,0.0,0.0,0.0,0.0,0.0,,,12.705,12.67,12.74,,,4.09,4.08,4.1,,,,0.035,,,,0.0,0.0,0.0,,,5.218,37.107,37.0,37.2,,,0.0,946.0,975.0,0.0,0.0,0.0,0.0,0.0,0.0,0.0,0.0,0.0,0.0,0.0,0.0,0.0,0.0,0.0,0.0,
2020-06-24T13:00:00Z,28.0,0.0,0.0,0.0,0.0,0.0,,,12.676,12.65,12.71,,,4.078,4.07,4.08,,,,0.021,,,,0.0,0.0,0.0,,,0.0,36.743,36.6,37.0,,,0.0,976.0,1004.0,0.0,0.0,0.0,0.0,0.0,0.0,0.0,0.0,0.0,0.0,0.0,0.0,0.0,0.0,0.0,0.0,
2020-06-24T14:00:00Z,30.0,0.0,0.0,0.0,0.0,0.0,,,12.64,12.61,12.67,,,4.065,4.06,4.07,,,,0.028,,,,0.0,0.0,0.0,,,0.0,36.327,36.2,36.5,,,0.0,1005.0,1034.0,0.0,0.0,0.0,0.0,0.0,0.0,0.0,0.0,0.0,0.0,0.0,0.0,0.0,0.0,0.0,0.0,
2020-06-24T15:00:00Z,29.0,0.0,0.0,0.0,0.0,0.0,,,12.612,12.59,12.63,,,4.052,4.05,4.06,,,,0.028,,,,0.0,0.0,0.0,,,0.0,35.972,35.8,36.2,,,0.0,1035.0,1063.0,0.0,0.0,0.0,0.0,0.0,0.0,0.0,0.0,0.0,0.0,0.0,0.0,0.0,0.0,0.0,0.0,
2020-06-24T16:00:00Z,30.0,0.0,0.0,0.0,0.0,0.0,,,12.587,12.57,12.6,,,4.044,4.04,4.05,,,,0.024,,,,0.0,0.0,0.0,,,0.0,35.7,35.5,35.8,,,0.0,1064.0,1093.0,0.0,0.0,0.0,0.0,0.0,0.0,0.0,0.0,0.0,0.0,0.0,0.0,0.0,0.0,0.0,0.0,
2020-06-24T17:00:00Z,30.0,0.0,0.0,0.0,0.0,0.0,,,12.573,12.56,12.59,,,4.038,4.03,4.04,,,,0.022,,,,0.0,0.0,0.0,,,0.0,35.3,35.0,35.5,,,0.0,1094.0,1123.0,0.0,0.0,0.0,0.0,0.0,0.0,0.0,0.0,0.0,0.0,0.0,0.0,0.0,0.0,0.0,0.0,
2020-06-24T18:00:00Z,29.0,0.0,0.0,0.0,0.0,0.0,,,12.564,12.55,12.58,,,4.03,4.03,4.03,,,,0.025,,,,0.0,0.0,0.0,,,0.0,34.872,34.7,35.0,,,0.0,1124.0,1152.0,0.0,0.0,0.0,0.0,0.0,0.0,0.0,0.0,0.0,0.0,0.0,0.0,0.0,0.0,0.0,0.0,
2020-06-24T19:00:00Z,29.0,0.0,0.0,0.0,0.0,0.0,,,12.553,12.54,12.57,,,4.023,4.02,4.03,,,,0.024,,,,0.0,0.0,0.0,,,0.0,34.614,34.6,34.7,,,0.0,1153.0,1182.0,0.0,0.0,0.0,0.0,0.0,0.0,0.0,0.0,0.0,0.0,0.0,0.0,0.0,0.0,0.0,0.0,
2020-06-24T20:00:00Z,26.0,0.0,0.0,0.0,0.0,0.0,,,12.548,12.54,12.56,,,4.014,4.01,4.02,,,,0.023,,,,0.0,0.0,0.0,,,0.0,34.442,34.3,34.6,,,0.0,1183.0,1211.0,0.0,0.0,0.0,0.0,0.0,0.0,0.0,0.0,0.0,0.0,0.0,0.0,0.0,0.0,0.0,0.0,
2020-06-24T21:00:00Z,29.0,0.0,0.0,0.0,0.0,0.0,,,12.544,12.54,12.56,,,4.01,4.01,4.01,,,,0.025,,,,0.0,0.0,0.0,,,0.0,34.093,33.9,34.3,,,0.0,1212.0,1241.0,0.0,0.0,0.0,0.0,0.0,0.0,0.0,0.0,0.0,0.0,0.0,0.0,0.0,0.0,0.0,0.0,
2020-06-24T22:00:00Z,29.0,0.0,4.589,13.15,1.544,3.83,,,12.543,12.54,12.57,,,4.006,4.0,4.01,,,,0.04,,,,0.254,1.16,0.0,,,0.0,33.866,33.7,34.3,,,0.004,1242.0,1270.0,0.0,0.0,0.0,0.0,0.0,0.0,0.0,0.0,0.0,0.0,0.0,0.0,0.0,0.0,0.0,0.0,
2020-06-24T23:00:00Z,30.0,0.0,13.105,13.66,4.272,4.45,,,12.819,12.57,12.98,,,4.004,4.0,4.01,,,,0.234,,,,3.062,5.83,0.0,,,0.0,34.377,34.2,34.6,,,0.051,1271.0,1300.0,0.0,0.0,0.0,0.0,0.0,0.0,0.0,0.0,0.0,0.0,0.0,0.0,0.0,0.0,0.0,0.0,
2020-06-25T00:00:00Z,30.0,0.0,13.553,14.0,4.463,4.51,,,13.129,12.99,13.24,,,4.03,4.01,4.04,,,,0.518,,,,7.013,9.24,0.0,,,0.0,34.297,34.2,34.4,,,0.117,1301.0,1330.0,0.0,0.0,0.0,0.0,0.0,0.0,0.0,0.0,0.0,0.0,0.0,0.0,0.0,0.0,0.0,0.0,
2020-06-25T01:00:00Z,29.0,0.0,13.806,14.5,6.448,12.37,,,13.439,13.01,13.64,,,4.091,4.04,4.13,,,,1.088,,,,15.058,20.78,0.411,,,0.0,34.248,34.1,34.5,,,0.243,1331.0,1359.0,0.0,0.0,0.0,0.0,0.0,0.0,0.0,0.0,0.0,0.0,0.0,0.0,0.0,0.0,0.0,0.0,
2020-06-25T02:00:00Z,30.0,0.0,13.718,14.36,9.891,12.61,,,13.296,12.95,13.5,,,4.127,4.12,4.13,,,,1.492,,,,20.455,34.32,6.061,,,1.834,33.963,33.8,34.2,,,0.341,1360.0,1389.0,0.0,0.0,0.0,0.0,0.0,0.0,0.0,0.0,0.0,0.0,0.0,0.0,0.0,0.0,0.0,0.0,
2020-06-25T03:00:00Z,29.0,0.0,14.051,15.15,8.477,12.6,,,13.553,12.89,14.3,,,4.128,4.12,4.13,,,,1.62,,,,23.215,51.46,5.634,,,4.261,33.972,33.8,34.4,,,0.374,1390.0,1418.0,0.0,0.0,0.0,0.0,0.0,0.0,0.0,0.0,0.0,0.0,0.0,0.0,0.0,0.0,0.0,0.0,
2020-06-25T04:00:00Z,30.0,0.0,13.924,14.54,5.756,11.86,,,13.53,12.89,13.84,,,4.124,4.12,4.13,,,,0.812,,,,11.293,38.48,1.216,,,1.392,34.297,34.0,34.5,,,0.188,1419.0,1448.0,0.0,0.0,0.0,0.0,0.0,0.0,0.0,0.0,0.0,0.0,0.0,0.0,0.0,0.0,0.0,0.0,
2020-06-25T05:00:00Z,30.0,0.0,13.944,14.55,4.544,4.62,,,13.515,13.26,13.75,,,4.127,4.12,4.13,,,,0.549,,,,7.68,11.54,0.0,,,3.004,34.413,34.3,34.5,,,0.128,1449.0,1478.0,0.0,0.0,0.0,0.0,0.0,0.0,0.0,0.0,0.0,0.0,0.0,0.0,0.0,0.0,0.0,0.0,
2020-06-25T06:00:00Z,29.0,0.0,14.036,14.54,4.546,4.59,,,13.557,13.03,13.73,,,4.126,4.12,4.13,,,,0.597,,,,8.381,11.53,0.411,,,0.0,34.397,34.2,34.5,,,0.135,1479.0,1507.0,0.0,0.0,0.0,0.0,0.0,0.0,0.0,0.0,0.0,0.0,0.0,0.0,0.0,0.0,0.0,0.0,
2020-06-25T07:00:00Z,29.0,0.0,13.788,14.36,4.489,4.53,,,13.45,13.3,13.63,,,4.126,4.12,4.13,,,,0.424,,,,5.857,7.33,0.0,,,0.0,34.297,34.2,34.4,,,0.094,1508.0,1537.0,0.0,0.0,0.0,0.0,0.0,0.0,0.0,0.0,0.0,0.0,0.0,0.0,0.0,0.0,0.0,0.0,
2020-06-25T08:00:00Z,29.0,0.0,13.946,14.53,4.523,4.57,,,13.579,13.08,13.9,,,4.126,4.12,4.13,,,,0.523,,,,7.298,9.14,0.412,,,0.0,34.3,34.2,34.4,,,0.118,1538.0,1566.0,0.0,0.0,0.0,0.0,0.0,0.0,0.0,0.0,0.0,0.0,0.0,0.0,0.0,0.0,0.0,0.0,
2020-06-25T09:00:00Z,28.0,0.0,13.723,14.46,4.468,4.51,,,13.396,13.1,13.68,,,4.125,4.12,4.13,,,,0.357,,,,4.908,7.11,0.0,,,0.0,34.068,33.8,34.3,,,0.076,1567.0,1596.0,0.0,0.0,0.0,0.0,0.0,0.0,0.0,0.0,0.0,0.0,0.0,0.0,0.0,0.0,0.0,0.0,
2020-06-25T10:00:00Z,29.0,0.0,12.947,13.71,3.921,4.41,,,12.922,12.76,13.1,,,4.113,4.1,4.12,,,,0.117,,,,1.523,2.97,0.0,,,0.0,33.859,33.8,33.9,,,0.025,1597.0,1625.0,0.0,0.0,0.0,0.0,0.0,0.0,0.0,0.0,0.0,0.0,0.0,0.0,0.0,0.0,0.0,0.0,
2020-06-25T11:00:00Z,30.0,0.0,0.885,5.89,0.515,2.95,,,12.767,12.73,12.8,,,4.095,4.09,4.1,,,,0.029,,,,0.032,0.44,0.0,,,0.0,33.343,33.1,33.8,,,0.001,1626.0,1655.0,0.0,0.0,0.0,0.0,0.0,0.0,0.0,0.0,0.0,0.0,0.0,0.0,0.0,0.0,0.0,0.0,
2020-06-25T12:00:00Z,29.0,0.0,0.0,0.0,0.0,0.0,,,12.733,12.7,12.75,,,4.081,4.07,4.09,,,,0.023,,,,0.0,0.0,0.0,,,0.0,32.99,32.8,33.2,,,0.0,1656.0,1684.0,0.0,0.0,0.0,0.0,0.0,0.0,0.0,0.0,0.0,0.0,0.0,0.0,0.0,0.0,0.0,0.0,
2020-06-25T13:00:00Z,30.0,0.0,0.0,0.0,0.0,0.0,,,12.707,12.68,12.73,,,4.067,4.06,4.08,,,,0.029,,,,0.0,0.0,0.0,,,0.0,32.68,32.5,32.9,,,0.0,1685.0,1714.0,0.0,0.0,0.0,0.0,0.0,0.0,0.0,0.0,0.0,0.0,0.0,0.0,0.0,0.0,0.0,0.0,
2020-06-25T14:00:00Z,30.0,0.0,0.0,0.0,0.0,0.0,,,12.673,12.65,12.7,,,4.054,4.05,4.06,,,,0.032,,,,0.0,0.0,0.0,,,0.0,32.487,32.4,32.6,,,0.0,1715.0,1744.0,0.0,0.0,0.0,0.0,0.0,0.0,0.0,0.0,0.0,0.0,0.0,0.0,0.0,0.0,0.0,0.0,
2020-06-25T15:00:00Z,29.0,0.0,0.0,0.0,0.0,0.0,,,12.649,12.63,12.67,,,4.046,4.04,4.05,,,,0.028,,,,0.0,0.0,0.0,,,0.0,32.317,32.2,32.4,,,0.0,1745.0,1773.0,0.0,0.0,0.0,0.0,0.0,0.0,0.0,0.0,0.0,0.0,0.0,0.0,0.0,0.0,0.0,0.0,
2020-06-25T16:00:00Z,29.0,0.0,0.0,0.0,0.0,0.0,,,12.622,12.6,12.64,,,4.04,4.03,4.04,,,,0.029,,,,0.0,0.0,0.0,,,0.0,32.138,32.1,32.2,,,0.0,1774.0,1803.0,0.0,0.0,0.0,0.0,0.0,0.0,0.0,0.0,0.0,0.0,0.0,0.0,0.0,0.0,0.0,0.0,
2020-06-25T17:00:00Z,29.0,0.0,0.0,0.0,0.0,0.0,,,12.6,12.59,12.62,,,4.03,4.03,4.03,,,,0.026,,,,0.0,0.0,0.0,,,0.0,32.1,32.1,32.1,,,0.0,1804.0,1832.0,0.0,0.0,0.0,0.0,0.0,0.0,0.0,0.0,0.0,0.0,0.0,0.0,0.0,0.0,0.0,0.0,
2020-06-25T18:00:00Z,30.0,0.0,0.0,0.0,0.0,0.0,,,12.584,12.57,12.6,,,4.025,4.02,4.03,,,,0.026,,,,0.0,0.0,0.0,,,0.0,32.02,32.0,32.1,,,0.0,1833.0,1862.0,0.0,0.0,0.0,0.0,0.0,0.0,0.0,0.0,0.0,0.0,0.0,0.0,0.0,0.0,0.0,0.0,
2020-06-25T19:00:00Z,30.0,0.0,0.0,0.0,0.0,0.0,,,12.563,12.55,12.58,,,4.016,4.01,4.02,,,,0.025,,,,0.0,0.0,0.0,,,0.0,31.963,31.9,32.0,,,0.0,1863.0,1892.0,0.0,0.0,0.0,0.0,0.0,0.0,0.0,0.0,0.0,0.0,0.0,0.0,0.0,0.0,0.0,0.0,
2020-06-25T20:00:00Z,29.0,0.0,0.0,0.0,0.0,0.0,,,12.543,12.54,12.55,,,4.01,4.01,4.02,,,,0.024,,,,0.0,0.0,0.0,,,0.0,31.845,31.8,31.9,,,0.0,1893.0,1921.0,0.0,0.0,0.0,0.0,0.0,0.0,0.0,0.0,0.0,0.0,0.0,0.0,0.0,0.0,0.0,0.0,
2020-06-25T21:00:00Z,29.0,0.0,0.0,0.0,0.0,0.0,,,12.535,12.52,12.54,,,4.008,4.0,4.01,,,,0.027,,,,0.0,0.0,0.0,,,0.0,31.714,31.7,31.8,,,0.0,1923.0,1951.0,0.0,0.0,0.0,0.0,0.0,0.0,0.0,0.0,0.0,0.0,0.0,0.0,0.0,0.0,0.0,0.0,
2020-06-25T22:00:00Z,28.0,0.0,4.897,13.3,1.648,3.86,,,12.544,12.51,12.64,,,4.0,4.0,4.01,,,,0.046,,,,0.341,1.32,0.0,,,0.0,31.75,31.6,32.1,,,0.005,1952.0,1980.0,0.0,0.0,0.0,0.0,0.0,0.0,0.0,0.0,0.0,0.0,0.0,0.0,0.0,0.0,0.0,0.0,
2020-06-25T23:00:00Z,30.0,0.0,13.034,13.56,4.267,4.38,,,12.819,12.72,12.96,,,3.993,3.99,4.0,,,,0.216,,,,2.811,5.3,0.0,,,0.0,32.1,32.1,32.1,,,0.047,1981.0,2010.0,0.0,0.0,0.0,0.0,0.0,0.0,0.0,0.0,0.0,0.0,0.0,0.0,0.0,0.0,0.0,0.0,
2020-06-26T00:00:00Z,29.0,0.0,13.554,14.23,4.456,4.61,,,13.2,13.01,13.42,,,4.02,4.0,4.04,,,,0.583,,,,7.931,13.75,0.0,,,0.0,32.1,32.1,32.1,,,0.128,2011.0,2039.0,0.0,0.0,0.0,0.0,0.0,0.0,0.0,0.0,0.0,0.0,0.0,0.0,0.0,0.0,0.0,0.0,
2020-06-26T01:00:00Z,29.0,0.0,13.759,14.43,7.976,12.21,,,13.292,12.81,13.74,,,4.098,4.05,4.13,,,,1.308,,,,17.988,22.18,4.471,,,0.0,32.248,32.1,32.4,,,0.29,2040.0,2069.0,0.0,0.0,0.0,0.0,0.0,0.0,0.0,0.0,0.0,0.0,0.0,0.0,0.0,0.0,0.0,0.0,
2020-06-26T02:00:00Z,28.0,0.0,13.533,14.28,11.948,12.19,,,13.027,12.82,13.49,,,4.126,4.12,4.13,,,,1.712,,,,23.159,29.82,10.179,,,0.0,32.596,32.3,33.0,,,0.36,2070.0,2098.0,0.0,0.0,0.0,0.0,0.0,0.0,0.0,0.0,0.0,0.0,0.0,0.0,0.0,0.0,0.0,0.0,
2020-06-26T03:00:00Z,27.0,0.0,13.929,14.78,11.729,12.2,,,13.426,12.96,13.7,,,4.129,4.12,4.13,,,,2.281,,,,31.828,39.87,11.395,,,0.0,33.181,32.8,33.5,,,0.477,2099.0,2128.0,0.0,0.0,0.0,0.0,0.0,0.0,0.0,0.0,0.0,0.0,0.0,0.0,0.0,0.0,0.0,0.0,
2020-06-26T04:00:00Z,29.0,0.0,14.154,15.05,10.535,12.09,,,13.608,13.01,13.96,,,4.128,4.12,4.13,,,,2.162,,,,30.834,44.34,9.945,,,0.0,33.941,33.5,34.3,,,0.497,2129.0,2157.0,0.0,0.0,0.0,0.0,0.0,0.0,0.0,0.0,0.0,0.0,0.0,0.0,0.0,0.0,0.0,0.0,
2020-06-26T05:00:00Z,29.0,0.0,14.694,15.69,11.871,12.11,,,13.976,12.93,14.63,,,4.13,4.13,4.13,,,,2.48,,,,36.639,44.75,12.86,,,0.0,34.621,34.2,35.1,,,0.59,2158.0,2187.0,0.0,0.0,0.0,0.0,0.0,0.0,0.0,0.0,0.0,0.0,0.0,0.0,0.0,0.0,0.0,0.0,
2020-06-26T06:00:00Z,29.0,0.0,14.709,19.83,11.469,11.96,,,13.871,13.04,14.75,,,4.13,4.12,4.13,,,,2.063,,,,30.513,41.64,11.866,,,0.0,35.586,35.3,35.9,,,0.492,2188.0,2216.0,0.0,0.0,0.0,0.0,0.0,0.0,0.0,0.0,0.0,0.0,0.0,0.0,0.0,0.0,0.0,0.0,
2020-06-26T07:00:00Z,30.0,0.0,14.408,16.14,10.712,12.21,,,13.799,12.84,14.91,,,4.129,4.12,4.14,,,,1.785,,,,25.996,39.01,10.979,,,2.264,36.037,35.8,36.3,,,0.433,2217.0,2246.0,0.0,0.0,0.0,0.0,0.0,0.0,0.0,0.0,0.0,0.0,0.0,0.0,0.0,0.0,0.0,0.0,
2020-06-26T08:00:00Z,30.0,0.0,14.337,20.68,11.884,12.08,,,13.257,12.79,14.94,,,4.13,4.13,4.13,,,,1.271,,,,17.633,21.44,8.278,,,4.831,36.453,36.2,36.7,,,0.294,2247.0,2276.0,0.0,0.0,0.0,0.0,0.0,0.0,0.0,0.0,0.0,0.0,0.0,0.0,0.0,0.0,0.0,0.0,
2020-06-26T09:00:00Z,29.0,0.0,14.246,19.73,6.971,11.67,,,13.561,12.87,14.84,,,4.127,4.12,4.13,,,,0.75,,,,10.684,17.33,3.282,,,3.58,36.145,35.7,36.7,,,0.172,2277.0,2305.0,0.0,0.0,0.0,0.0,0.0,0.0,0.0,0.0,0.0,0.0,0.0,0.0,0.0,0.0,0.0,0.0,
2020-06-26T10:00:00Z,30.0,0.0,11.356,13.73,3.674,4.43,,,12.911,12.76,13.18,,,4.117,4.11,4.12,,,,0.112,,,,1.389,3.29,0.0,,,1.714,35.457,35.0,35.7,,,0.023,2306.0,2335.0,0.0,0.0,0.0,0.0,0.0,0.0,0.0,0.0,0.0,0.0,0.0,0.0,0.0,0.0,0.0,0.0,
2020-06-26T11:00:00Z,28.0,0.0,0.753,3.57,0.469,1.95,,,12.764,12.74,12.8,,,4.097,4.09,4.11,,,,0.033,,,,0.026,0.2,0.0,,,1.034,34.654,34.6,34.9,,,0.0,2336.0,2364.0,0.0,0.0,0.0,0.0,0.0,0.0,0.0,0.0,0.0,0.0,0.0,0.0,0.0,0.0,0.0,0.0,
2020-06-26T12:00:00Z,30.0,0.0,0.0,0.0,0.0,0.0,,,12.733,12.7,12.76,,,4.084,4.08,4.09,,,,0.026,,,,0.0,0.0,0.0,,,0.0,34.617,34.6,34.7,,,0.0,2365.0,2394.0,0.0,0.0,0.0,0.0,0.0,0.0,0.0,0.0,0.0,0.0,0.0,0.0,0.0,0.0,0.0,0.0,
2020-06-26T13:00:00Z,27.0,0.0,0.0,0.0,0.0,0.0,,,12.699,12.67,12.73,,,4.07,4.06,4.08,,,,0.028,,,,0.0,0.0,0.0,,,3.128,34.507,34.3,34.6,,,0.0,2395.0,2423.0,0.0,0.0,0.0,0.0,0.0,0.0,0.0,0.0,0.0,0.0,0.0,0.0,0.0,0.0,0.0,0.0,
2020-06-26T14:00:00Z,28.0,0.0,0.0,0.0,0.0,0.0,,,12.676,12.66,12.7,,,4.056,4.05,4.06,,,,0.028,,,,0.0,0.0,0.0,,,3.674,34.121,33.8,34.3,,,0.0,2424.0,2453.0,0.0,0.0,0.0,0.0,0.0,0.0,0.0,0.0,0.0,0.0,0.0,0.0,0.0,0.0,0.0,0.0,
2020-06-26T15:00:00Z,29.0,0.0,0.0,0.0,0.0,0.0,,,12.651,12.63,12.66,,,4.046,4.04,4.05,,,,0.032,,,,0.0,0.0,0.0,,,1.908,33.841,33.8,33.9,,,0.0,2454.0,2482.0,0.0,0.0,0.0,0.0,0.0,0.0,0.0,0.0,0.0,0.0,0.0,0.0,0.0,0.0,0.0,0.0,
2020-06-26T16:00:00Z,30.0,0.0,0.0,0.0,0.0,0.0,,,12.624,12.61,12.65,,,4.04,4.03,4.04,,,,0.024,,,,0.0,0.0,0.0,,,0.0,33.617,33.4,33.8,,,0.0,2483.0,2512.0,0.0,0.0,0.0,0.0,0.0,0.0,0.0,0.0,0.0,0.0,0.0,0.0,0.0,0.0,0.0,0.0,
2020-06-26T17:00:00Z,30.0,0.0,0.0,0.0,0.0,0.0,,,12.606,12.59,12.63,,,4.031,4.03,4.04,,,,0.024,,,,0.0,0.0,0.0,,,0.0,33.4,33.3,33.5,,,0.0,2513.0,2542.0,0.0,0.0,0.0,0.0,0.0,0.0,0.0,0.0,0.0,0.0,0.0,0.0,0.0,0.0,0.0,0.0,
2020-06-26T18:00:00Z,28.0,0.0,0.0,0.0,0.0,0.0,,,12.588,12.57,12.6,,,4.025,4.02,4.03,,,,0.025,,,,0.0,0.0,0.0,,,0.0,33.268,33.2,33.4,,,0.0,2543.0,2571.0,0.0,0.0,0.0,0.0,0.0,0.0,0.0,0.0,0.0,0.0,0.0,0.0,0.0,0.0,0.0,0.0,
2020-06-26T19:00:00Z,30.0,0.0,0.0,0.0,0.0,0.0,,,12.57,12.55,12.59,,,4.017,4.01,4.02,,,,0.023,,,,0.0,0.0,0.0,,,0.0,32.983,32.8,33.2,,,0.0,2572.0,2601.0,0.0,0.0,0.0,0.0,0.0,0.0,0.0,0.0,0.0,0.0,0.0,0.0,0.0,0.0,0.0,0.0,
2020-06-26T20:00:00Z,29.0,0.0,0.0,0.0,0.0,0.0,,,12.55,12.54,12.57,,,4.01,4.01,4.01,,,,0.024,,,,0.0,0.0,0.0,,,0.0,32.579,32.5,32.7,,,0.0,2602.0,2630.0,0.0,0.0,0.0,0.0,0.0,0.0,0.0,0.0,0.0,0.0,0.0,0.0,0.0,0.0,0.0,0.0,
2020-06-26T21:00:00Z,28.0,0.0,0.0,0.0,0.0,0.0,,,12.538,12.53,12.55,,,4.006,4.0,4.01,,,,0.027,,,,0.0,0.0,0.0,,,0.0,32.379,32.3,32.5,,,0.0,2631.0,2660.0,0.0,0.0,0.0,0.0,0.0,0.0,0.0,0.0,0.0,0.0,0.0,0.0,0.0,0.0,0.0,0.0,
2020-06-26T22:00:00Z,29.0,0.0,4.415,13.11,1.443,3.81,,,12.535,12.52,12.6,,,4.0,4.0,4.0,,,,0.039,,,,0.254,1.11,0.0,,,0.0,32.283,32.1,32.9,,,0.004,2661.0,2689.0,0.0,0.0,0.0,0.0,0.0,0.0,0.0,0.0,0.0,0.0,0.0,0.0,0.0,0.0,0.0,0.0,
2020-06-26T23:00:00Z,30.0,0.0,13.12,13.63,4.333,4.47,,,12.824,12.63,12.97,,,4.002,3.99,4.02,,,,0.239,,,,3.143,5.76,0.0,,,0.352,32.98,32.9,33.0,,,0.052,2690.0,2719.0,0.0,0.0,0.0,0.0,0.0,0.0,0.0,0.0,0.0,0.0,0.0,0.0,0.0,0.0,0.0,0.0,
2020-06-27T00:00:00Z,29.0,0.0,13.681,14.3,4.584,4.68,,,13.274,13.0,13.52,,,4.053,4.02,4.09,,,,0.77,,,,10.588,16.47,0.0,,,8.235,32.979,32.9,33.0,,,0.171,2720.0,2748.0,0.0,0.0,0.0,0.0,0.0,0.0,0.0,0.0,0.0,0.0,0.0,0.0,0.0,0.0,0.0,0.0,
2020-06-27T01:00:00Z,30.0,0.0,13.731,14.36,8.83,12.53,,,13.335,12.86,13.57,,,4.116,4.09,4.13,,,,1.067,,,,14.644,25.55,1.577,,,6.93,33.027,32.8,33.2,,,0.244,2749.0,2778.0,0.0,0.0,0.0,0.0,0.0,0.0,0.0,0.0,0.0,0.0,0.0,0.0,0.0,0.0,0.0,0.0,
2020-06-27T02:00:00Z,30.0,0.0,13.759,14.47,11.797,12.66,,,13.257,12.82,13.58,,,4.128,4.12,4.13,,,,1.304,,,,17.909,29.32,5.139,,,4.194,33.273,33.1,33.4,,,0.298,2779.0,2808.0,0.0,0.0,0.0,0.0,0.0,0.0,0.0,0.0,0.0,0.0,0.0,0.0,0.0,0.0,0.0,0.0,
2020-06-27T03:00:00Z,28.0,0.0,13.889,14.94,11.344,12.82,,,13.311,12.9,14.02,,,4.129,4.12,4.13,,,,1.749,,,,24.454,47.24,9.113,,,3.877,33.371,33.2,33.5,,,0.38,2809.0,2837.0,0.0,0.0,0.0,0.0,0.0,0.0,0.0,0.0,0.0,0.0,0.0,0.0,0.0,0.0,0.0,0.0,
2020-06-27T04:00:00Z,29.0,0.0,14.827,15.78,12.194,12.75,,,14.067,13.19,14.66,,,4.13,4.13,4.13,,,,2.778,,,,41.345,50.93,12.947,,,1.667,33.69,33.4,33.9,,,0.666,2838.0,2867.0,0.0,0.0,0.0,0.0,0.0,0.0,0.0,0.0,0.0,0.0,0.0,0.0,0.0,0.0,0.0,0.0,
2020-06-27T05:00:00Z,28.0,0.0,15.09,21.31,9.183,12.74,,,14.054,12.9,14.69,,,4.126,4.12,4.13,,,,1.754,,,,26.828,45.83,9.357,,,0.255,34.032,33.7,34.6,,,0.417,2868.0,2896.0,0.0,0.0,0.0,0.0,0.0,0.0,0.0,0.0,0.0,0.0,0.0,0.0,0.0,0.0,0.0,0.0,
2020-06-27T06:00:00Z,29.0,0.0,16.148,20.56,11.906,12.08,,,14.573,14.12,14.72,,,4.13,4.13,4.13,,,,2.368,,,,37.945,50.98,13.457,,,0.038,35.048,34.6,35.8,,,0.611,2897.0,2926.0,0.0,0.0,0.0,0.0,0.0,0.0,0.0,0.0,0.0,0.0,0.0,0.0,0.0,0.0,0.0,0.0,
2020-06-27T07:00:00Z,29.0,0.0,14.744,15.87,11.796,11.95,,,14.077,13.03,14.66,,,4.13,4.13,4.13,,,,2.096,,,,31.104,39.49,12.534,,,0.351,35.741,35.5,35.9,,,0.501,2927.0,2955.0,0.0,0.0,0.0,0.0,0.0,0.0,0.0,0.0,0.0,0.0,0.0,0.0,0.0,0.0,0.0,0.0,
2020-06-27T08:00:00Z,30.0,0.0,14.274,20.12,7.077,11.57,,,13.584,12.8,14.84,,,4.129,4.12,4.14,,,,0.866,,,,12.267,15.87,3.574,,,0.0,35.857,35.8,36.1,,,0.204,2956.0,2985.0,0.0,0.0,0.0,0.0,0.0,0.0,0.0,0.0,0.0,0.0,0.0,0.0,0.0,0.0,0.0,0.0,
2020-06-27T09:00:00Z,30.0,0.0,13.97,14.57,4.514,4.55,,,13.627,13.35,14.41,,,4.127,4.12,4.13,,,,0.476,,,,6.657,9.02,0.0,,,0.0,36.273,35.9,36.6,,,0.111,2986.0,3015.0,0.0,0.0,0.0,0.0,0.0,0.0,0.0,0.0,0.0,0.0,0.0,0.0,0.0,0.0,0.0,0.0,
2020-06-27T10:00:00Z,29.0,0.0,13.52,14.3,4.225,4.49,,,13.163,12.83,13.61,,,4.123,4.12,4.13,,,,0.218,,,,2.958,5.89,0.0,,,0.0,36.752,36.5,37.1,,,0.048,3016.0,3044.0,0.0,0.0,0.0,0.0,0.0,0.0,0.0,0.0,0.0,0.0,0.0,0.0,0.0,0.0,0.0,0.0,
2020-06-27T11:00:00Z,30.0,0.0,1.194,11.84,0.648,3.83,,,12.822,12.8,12.85,,,4.107,4.1,4.12,,,,0.031,,,,0.056,0.5,0.0,,,8.711,35.707,35.0,37.1,,,0.001,3045.0,3074.0,0.0,0.0,0.0,0.0,0.0,0.0,0.0,0.0,0.0,0.0,0.0,0.0,0.0,0.0,0.0,0.0,
2020-06-27T12:00:00Z,29.0,0.0,0.0,0.0,0.0,0.0,,,12.781,12.75,12.81,,,4.089,4.08,4.1,,,,0.027,,,,0.0,0.0,0.0,,,5.042,34.986,34.9,35.0,,,0.0,3075.0,3103.0,0.0,0.0,0.0,0.0,0.0,0.0,0.0,0.0,0.0,0.0,0.0,0.0,0.0,0.0,0.0,0.0,
2020-06-27T13:00:00Z,30.0,0.0,0.0,0.0,0.0,0.0,,,12.746,12.72,12.78,,,4.075,4.07,4.08,,,,0.026,,,,0.0,0.0,0.0,,,3.82,34.887,34.7,35.0,,,0.0,3104.0,3133.0,0.0,0.0,0.0,0.0,0.0,0.0,0.0,0.0,0.0,0.0,0.0,0.0,0.0,0.0,0.0,0.0,
2020-06-27T14:00:00Z,29.0,0.0,0.0,0.0,0.0,0.0,,,12.721,12.69,12.75,,,4.062,4.06,4.07,,,,0.022,,,,0.0,0.0,0.0,,,1.087,34.693,34.6,34.8,,,0.0,3134.0,3162.0,0.0,0.0,0.0,0.0,0.0,0.0,0.0,0.0,0.0,0.0,0.0,0.0,0.0,0.0,0.0,0.0,
2020-06-27T15:00:00Z,30.0,0.0,0.0,0.0,0.0,0.0,,,12.69,12.66,12.72,,,4.05,4.04,4.06,,,,0.025,,,,0.0,0.0,0.0,,,0.0,34.65,34.5,34.8,,,0.0,3163.0,3192.0,0.0,0.0,0.0,0.0,0.0,0.0,0.0,0.0,0.0,0.0,0.0,0.0,0.0,0.0,0.0,0.0,
2020-06-27T16:00:00Z,27.0,0.0,0.0,0.0,0.0,0.0,,,12.666,12.65,12.69,,,4.04,4.04,4.05,,,,0.03,,,,0.0,0.0,0.0,,,0.709,34.215,34.0,34.5,,,0.0,3193.0,3221.0,0.0,0.0,0.0,0.0,0.0,0.0,0.0,0.0,0.0,0.0,0.0,0.0,0.0,0.0,0.0,0.0,
2020-06-27T17:00:00Z,30.0,0.0,0.0,0.0,0.0,0.0,,,12.643,12.63,12.66,,,4.035,4.03,4.04,,,,0.023,,,,0.0,0.0,0.0,,,0.44,33.787,33.6,34.0,,,0.0,3222.0,3251.0,0.0,0.0,0.0,0.0,0.0,0.0,0.0,0.0,0.0,0.0,0.0,0.0,0.0,0.0,0.0,0.0,
2020-06-27T18:00:00Z,29.0,0.0,0.0,0.0,0.0,0.0,,,12.624,12.61,12.63,,,4.028,4.02,4.03,,,,0.025,,,,0.0,0.0,0.0,,,0.0,33.455,33.4,33.6,,,0.0,3253.0,3281.0,0.0,0.0,0.0,0.0,0.0,0.0,0.0,0.0,0.0,0.0,0.0,0.0,0.0,0.0,0.0,0.0,
2020-06-27T19:00:00Z,29.0,0.0,0.0,0.0,0.0,0.0,,,12.606,12.6,12.62,,,4.02,4.02,4.02,,,,0.026,,,,0.0,0.0,0.0,,,0.0,33.345,33.3,33.4,,,0.0,3282.0,3310.0,0.0,0.0,0.0,0.0,0.0,0.0,0.0,0.0,0.0,0.0,0.0,0.0,0.0,0.0,0.0,0.0,
2020-06-27T20:00:00Z,30.0,0.0,0.0,0.0,0.0,0.0,,,12.585,12.57,12.6,,,4.011,4.01,4.02,,,,0.025,,,,0.0,0.0,0.0,,,0.0,33.16,33.0,33.3,,,0.0,3311.0,3340.0,0.0,0.0,0.0,0.0,0.0,0.0,0.0,0.0,0.0,0.0,0.0,0.0,0.0,0.0,0.0,0.0,
2020-06-27T21:00:00Z,29.0,0.0,0.0,0.0,0.0,0.0,,,12.571,12.56,12.58,,,4.01,4.0,4.01,,,,0.026,,,,0.0,0.0,0.0,,,0.0,32.824,32.6,33.0,,,0.0,3341.0,3369.0,0.0,0.0,0.0,0.0,0.0,0.0,0.0,0.0,0.0,0.0,0.0,0.0,0.0,0.0,0.0,0.0,
2020-06-27T22:00:00Z,30.0,0.0,1.197,5.03,0.611,2.49,,,12.555,12.54,12.57,,,4.001,4.0,4.01,,,,0.03,,,,0.04,0.14,0.0,,,0.0,32.527,32.5,32.6,,,0.001,3370.0,3399.0,0.0,0.0,0.0,0.0,0.0,0.0,0.0,0.0,0.0,0.0,0.0,0.0,0.0,0.0,0.0,0.0,
2020-06-27T23:00:00Z,29.0,0.0,11.656,13.33,3.581,4.07,,,12.573,12.54,12.69,,,3.999,3.99,4.0,,,,0.069,,,,0.832,1.53,0.0,,,0.0,33.124,32.6,33.3,,,0.013,3400.0,3428.0,0.0,0.0,0.0,0.0,0.0,0.0,0.0,0.0,0.0,0.0,0.0,0.0,0.0,0.0,0.0,0.0,
2020-06-28T00:00:00Z,30.0,0.0,13.157,13.6,4.251,4.33,,,12.823,12.75,12.91,,,3.99,3.99,3.99,,,,0.207,,,,2.719,4.09,0.0,,,0.0,33.137,33.0,33.2,,,0.045,3429.0,3458.0,0.0,0.0,0.0,0.0,0.0,0.0,0.0,0.0,0.0,0.0,0.0,0.0,0.0,0.0,0.0,0.0,
2020-06-28T01:00:00Z,30.0,0.0,13.44,14.06,4.381,4.46,,,13.097,12.91,13.3,,,4.002,3.99,4.01,,,,0.465,,,,6.256,9.52,0.0,,,0.0,33.007,32.9,33.1,,,0.104,3459.0,3488.0,0.0,0.0,0.0,0.0,0.0,0.0,0.0,0.0,0.0,0.0,0.0,0.0,0.0,0.0,0.0,0.0,
2020-06-28T02:00:00Z,29.0,0.0,13.875,14.51,4.531,4.62,,,13.454,13.32,13.66,,,4.037,4.01,4.07,,,,0.933,,,,12.967,16.95,0.0,,,1.53,32.907,32.8,33.0,,,0.209,3489.0,3517.0,0.0,0.0,0.0,0.0,0.0,0.0,0.0,0.0,0.0,0.0,0.0,0.0,0.0,0.0,0.0,0.0,
2020-06-28T03:00:00Z,30.0,0.0,13.507,14.35,9.783,12.49,,,13.04,12.82,13.74,,,4.113,4.07,4.13,,,,1.572,,,,21.237,24.48,9.87,,,8.777,33.06,32.8,33.2,,,0.354,3518.0,3547.0,0.0,0.0,0.0,0.0,0.0,0.0,0.0,0.0,0.0,0.0,0.0,0.0,0.0,0.0,0.0,0.0,
2020-06-28T04:00:00Z,29.0,0.0,13.668,14.41,12.342,12.64,,,13.189,12.87,13.51,,,4.128,4.12,4.13,,,,1.979,,,,27.083,36.12,11.251,,,5.963,33.197,33.0,33.3,,,0.436,3548.0,3576.0,0.0,0.0,0.0,0.0,0.0,0.0,0.0,0.0,0.0,0.0,0.0,0.0,0.0,0.0,0.0,0.0,
2020-06-28T05:00:00Z,30.0,0.0,13.926,14.7,12.317,12.51,,,13.375,12.87,13.61,,,4.13,4.13,4.13,,,,2.274,,,,31.731,38.47,12.276,,,6.645,33.347,33.2,33.4,,,0.529,3577.0,3606.0,0.0,0.0,0.0,0.0,0.0,0.0,0.0,0.0,0.0,0.0,0.0,0.0,0.0,0.0,0.0,0.0,
2020-06-28T06:00:00Z,28.0,0.0,13.772,14.41,8.551,12.25,,,13.288,12.87,13.82,,,4.125,4.12,4.13,,,,1.216,,,,16.832,31.02,5.61,,,8.988,33.554,33.4,33.8,,,0.262,3607.0,3635.0,0.0,0.0,0.0,0.0,0.0,0.0,0.0,0.0,0.0,0.0,0.0,0.0,0.0,0.0,0.0,0.0,
2020-06-28T07:00:00Z,30.0,0.0,13.94,14.57,6.038,11.84,,,13.482,12.96,13.76,,,4.125,4.12,4.13,,,,0.885,,,,12.332,15.96,2.801,,,6.065,33.557,33.4,33.8,,,0.206,3636.0,3665.0,0.0,0.0,0.0,0.0,0.0,0.0,0.0,0.0,0.0,0.0,0.0,0.0,0.0,0.0,0.0,0.0,
2020-06-28T08:00:00Z,30.0,0.0,13.323,14.51,7.043,12.62,,,13.207,12.78,14.05,,,4.123,4.11,4.13,,,,0.868,,,,11.796,29.37,4.383,,,3.374,33.913,33.6,34.2,,,0.197,3666.0,3695.0,0.0,0.0,0.0,0.0,0.0,0.0,0.0,0.0,0.0,0.0,0.0,0.0,0.0,0.0,0.0,0.0,
2020-06-28T09:00:00Z,28.0,0.0,6.405,13.2,2.906,3.85,,,12.756,12.72,12.81,,,4.102,4.09,4.11,,,,0.048,,,,0.313,0.96,0.0,,,2.522,33.429,33.3,33.6,,,0.005,3696.0,3723.0,0.0,0.0,0.0,0.0,0.0,0.0,0.0,0.0,0.0,0.0,0.0,0.0,0.0,0.0,0.0,0.0,
2020-06-28T10:00:00Z,30.0,0.0,2.325,4.53,0.99,2.13,,,12.704,12.66,12.75,,,4.085,4.08,4.09,,,,0.036,,,,0.081,0.27,0.0,,,1.587,33.17,33.0,33.3,,,0.001,3725.0,3754.0,0.0,0.0,0.0,0.0,0.0,0.0,0.0,0.0,0.0,0.0,0.0,0.0,0.0,0.0,0.0,0.0,
2020-06-28T11:00:00Z,29.0,0.0,0.211,2.55,0.0,0.0,,,12.668,12.65,12.69,,,4.073,4.07,4.08,,,,0.026,,,,0.007,0.09,0.0,,,0.0,32.752,32.5,33.0,,,0.0,3755.0,3783.0,0.0,0.0,0.0,0.0,0.0,0.0,0.0,0.0,0.0,0.0,0.0,0.0,0.0,0.0,0.0,0.0,
2020-06-28T12:00:00Z,30.0,0.0,0.0,0.0,0.0,0.0,,,12.641,12.61,12.67,,,4.058,4.05,4.07,,,,0.032,,,,0.0,0.0,0.0,,,1.511,32.42,32.2,32.6,,,0.0,3784.0,3813.0,0.0,0.0,0.0,0.0,0.0,0.0,0.0,0.0,0.0,0.0,0.0,0.0,0.0,0.0,0.0,0.0,
2020-06-28T13:00:00Z,28.0,0.0,0.0,0.0,0.0,0.0,,,12.612,12.59,12.63,,,4.049,4.04,4.05,,,,0.032,,,,0.0,0.0,0.0,,,0.0,32.143,32.1,32.2,,,0.0,3814.0,3842.0,0.0,0.0,0.0,0.0,0.0,0.0,0.0,0.0,0.0,0.0,0.0,0.0,0.0,0.0,0.0,0.0,
2020-06-28T14:00:00Z,30.0,0.0,0.0,0.0,0.0,0.0,,,12.593,12.57,12.61,,,4.04,4.04,4.04,,,,0.031,,,,0.0,0.0,0.0,,,0.0,32.037,32.0,32.1,,,0.0,3843.0,3872.0,0.0,0.0,0.0,0.0,0.0,0.0,0.0,0.0,0.0,0.0,0.0,0.0,0.0,0.0,0.0,0.0,
2020-06-28T15:00:00Z,30.0,0.0,0.0,0.0,0.0,0.0,,,12.563,12.54,12.58,,,4.031,4.03,4.04,,,,0.027,,,,0.0,0.0,0.0,,,0.0,31.92,31.8,32.0,,,0.0,3873.0,3902.0,0.0,0.0,0.0,0.0,0.0,0.0,0.0,0.0,0.0,0.0,0.0,0.0,0.0,0.0,0.0,0.0,
2020-06-28T16:00:00Z,29.0,0.0,0.0,0.0,0.0,0.0,,,12.537,12.52,12.55,,,4.028,4.02,4.03,,,,0.023,,,,0.0,0.0,0.0,,,0.0,31.7,31.6,31.8,,,0.0,3903.0,3931.0,0.0,0.0,0.0,0.0,0.0,0.0,0.0,0.0,0.0,0.0,0.0,0.0,0.0,0.0,0.0,0.0,
2020-06-28T17:00:00Z,29.0,0.0,0.0,0.0,0.0,0.0,,,12.528,12.52,12.54,,,4.018,4.01,4.02,,,,0.023,,,,0.0,0.0,0.0,,,0.0,31.5,31.4,31.6,,,0.0,3932.0,3961.0,0.0,0.0,0.0,0.0,0.0,0.0,0.0,0.0,0.0,0.0,0.0,0.0,0.0,0.0,0.0,0.0,
2020-06-28T18:00:00Z,27.0,0.0,0.0,0.0,0.0,0.0,,,12.517,12.51,12.53,,,4.01,4.01,4.01,,,,0.024,,,,0.0,0.0,0.0,,,0.0,31.315,31.2,31.4,,,0.0,3962.0,3990.0,0.0,0.0,0.0,0.0,0.0,0.0,0.0,0.0,0.0,0.0,0.0,0.0,0.0,0.0,0.0,0.0,
2020-06-28T19:00:00Z,29.0,0.0,0.0,0.0,0.0,0.0,,,12.514,12.51,12.53,,,4.008,4.0,4.01,,,,0.025,,,,0.0,0.0,0.0,,,0.0,31.155,31.0,31.3,,,0.0,3991.0,4020.0,0.0,0.0,0.0,0.0,0.0,0.0,0.0,0.0,0.0,0.0,0.0,0.0,0.0,0.0,0.0,0.0,
2020-06-28T20:00:00Z,29.0,0.0,0.0,0.0,0.0,0.0,,,12.508,12.5,12.51,,,4.0,4.0,4.0,,,,0.027,,,,0.0,0.0,0.0,,,0.0,31.003,30.9,31.1,,,0.0,4021.0,4049.0,0.0,0.0,0.0,0.0,0.0,0.0,0.0,0.0,0.0,0.0,0.0,0.0,0.0,0.0,0.0,0.0,
2020-06-28T21:00:00Z,30.0,0.0,0.0,0.0,0.0,0.0,,,12.503,12.48,12.51,,,3.999,3.99,4.0,,,,0.027,,,,0.0,0.0,0.0,,,0.0,30.9,30.9,30.9,,,0.0,4050.0,4079.0,0.0,0.0,0.0,0.0,0.0,0.0,0.0,0.0,0.0,0.0,0.0,0.0,0.0,0.0,0.0,0.0,
2020-06-28T22:00:00Z,29.0,0.0,3.617,12.75,1.217,3.88,,,12.498,12.48,12.54,,,3.991,3.99,4.0,,,,0.035,,,,0.169,0.73,0.0,,,0.0,30.879,30.8,31.3,,,0.003,4080.0,4108.0,0.0,0.0,0.0,0.0,0.0,0.0,0.0,0.0,0.0,0.0,0.0,0.0,0.0,0.0,0.0,0.0,
2020-06-28T23:00:00Z,30.0,0.0,13.055,13.55,4.1,4.33,,,12.713,12.51,12.84,,,3.99,3.99,3.99,,,,0.184,,,,2.412,4.15,0.0,,,0.0,31.473,31.3,31.6,,,0.04,4109.0,4138.0,0.0,0.0,0.0,0.0,0.0,0.0,0.0,0.0,0.0,0.0,0.0,0.0,0.0,0.0,0.0,0.0,
2020-06-29T00:00:00Z,29.0,0.0,13.49,13.94,4.381,4.45,,,13.008,12.84,13.19,,,3.997,3.99,4.01,,,,0.428,,,,5.783,8.31,0.0,,,0.0,31.462,31.4,31.5,,,0.093,4139.0,4168.0,0.0,0.0,0.0,0.0,0.0,0.0,0.0,0.0,0.0,0.0,0.0,0.0,0.0,0.0,0.0,0.0,
2020-06-29T01:00:00Z,29.0,0.0,13.61,14.15,4.481,4.53,,,13.278,13.16,13.37,,,4.028,4.01,4.04,,,,0.714,,,,9.733,12.16,0.0,,,0.0,31.528,31.4,31.6,,,0.157,4169.0,4197.0,0.0,0.0,0.0,0.0,0.0,0.0,0.0,0.0,0.0,0.0,0.0,0.0,0.0,0.0,0.0,0.0,
2020-06-29T02:00:00Z,30.0,0.0,13.945,14.54,4.845,11.77,,,13.489,13.23,13.66,,,4.079,4.04,4.13,,,,1.04,,,,14.521,17.89,0.0,,,0.0,31.603,31.5,31.8,,,0.242,4198.0,4227.0,0.0,0.0,0.0,0.0,0.0,0.0,0.0,0.0,0.0,0.0,0.0,0.0,0.0,0.0,0.0,0.0,
2020-06-29T03:00:00Z,29.0,0.0,13.674,14.39,11.075,12.45,,,13.164,12.8,13.87,,,4.124,4.11,4.13,,,,1.539,,,,21.123,47.08,7.837,,,0.0,31.903,31.7,32.0,,,0.34,4228.0,4256.0,0.0,0.0,0.0,0.0,0.0,0.0,0.0,0.0,0.0,0.0,0.0,0.0,0.0,0.0,0.0,0.0,
2020-06-29T04:00:00Z,30.0,0.0,13.572,14.97,8.067,12.54,,,13.111,12.81,13.85,,,4.119,4.1,4.13,,,,1.133,,,,15.849,46.64,5.679,,,5.733,32.043,31.8,32.2,,,0.264,4257.0,4286.0,0.0,0.0,0.0,0.0,0.0,0.0,0.0,0.0,0.0,0.0,0.0,0.0,0.0,0.0,0.0,0.0,
2020-06-29T05:00:00Z,27.0,0.0,13.233,13.67,4.397,4.44,,,12.937,12.9,12.97,,,4.1,4.1,4.1,,,,0.221,,,,2.925,3.87,0.0,,,7.953,31.896,31.8,32.0,,,0.044,4287.0,4315.0,0.0,0.0,0.0,0.0,0.0,0.0,0.0,0.0,0.0,0.0,0.0,0.0,0.0,0.0,0.0,0.0,
2020-06-29T06:00:00Z,30.0,0.0,13.227,13.72,4.456,4.46,,,12.995,12.97,13.02,,,4.106,4.1,4.11,,,,0.31,,,,4.096,4.36,0.0,,,0.0,32.0,32.0,32.0,,,0.068,4316.0,4345.0,0.0,0.0,0.0,0.0,0.0,0.0,0.0,0.0,0.0,0.0,0.0,0.0,0.0,0.0,0.0,0.0,
2020-06-29T07:00:00Z,30.0,0.0,13.153,13.66,4.402,4.44,,,12.913,12.85,12.98,,,4.108,4.1,4.11,,,,0.229,,,,3.012,3.72,0.0,,,1.579,32.0,32.0,32.0,,,0.05,4346.0,4375.0,0.0,0.0,0.0,0.0,0.0,0.0,0.0,0.0,0.0,0.0,0.0,0.0,0.0,0.0,0.0,0.0,
2020-06-29T08:00:00Z,29.0,0.0,13.184,13.51,4.323,4.34,,,12.838,12.83,12.84,,,4.093,4.09,4.1,,,,0.153,,,,2.004,2.11,0.0,,,0.0,31.914,31.8,32.0,,,0.032,4376.0,4404.0,0.0,0.0,0.0,0.0,0.0,0.0,0.0,0.0,0.0,0.0,0.0,0.0,0.0,0.0,0.0,0.0,
2020-06-29T09:00:00Z,29.0,0.0,13.056,13.45,4.242,4.31,,,12.815,12.78,12.84,,,4.078,4.07,4.09,,,,0.135,,,,1.764,1.94,0.0,,,0.0,31.79,31.7,31.9,,,0.028,4405.0,4434.0,0.0,0.0,0.0,0.0,0.0,0.0,0.0,0.0,0.0,0.0,0.0,0.0,0.0,0.0,0.0,0.0,
2020-06-29T10:00:00Z,29.0,0.0,12.455,13.4,3.646,3.98,,,12.662,12.59,12.78,,,4.066,4.06,4.07,,,,0.082,,,,1.038,1.85,0.0,,,0.0,31.79,31.7,31.9,,,0.017,4435.0,4463.0,0.0,0.0,0.0,0.0,0.0,0.0,0.0,0.0,0.0,0.0,0.0,0.0,0.0,0.0,0.0,0.0,
2020-06-29T11:00:00Z,30.0,0.0,0.88,4.35,0.498,2.61,,,12.586,12.57,12.61,,,4.054,4.05,4.06,,,,0.037,,,,0.042,0.33,0.0,,,0.0,31.017,30.8,31.7,,,0.001,4464.0,4493.0,0.0,0.0,0.0,0.0,0.0,0.0,0.0,0.0,0.0,0.0,0.0,0.0,0.0,0.0,0.0,0.0,
2020-06-29T12:00:00Z,28.0,0.0,0.0,0.0,0.0,0.0,,,12.556,12.54,12.57,,,4.043,4.04,4.05,,,,0.03,,,,0.0,0.0,0.0,,,0.0,30.725,30.7,30.8,,,0.0,4494.0,4522.0,0.0,0.0,0.0,0.0,0.0,0.0,0.0,0.0,0.0,0.0,0.0,0.0,0.0,0.0,0.0,0.0,
2020-06-29T13:00:00Z,30.0,0.0,0.0,0.0,0.0,0.0,,,12.531,12.5,12.55,,,4.037,4.03,4.04,,,,0.03,,,,0.0,0.0,0.0,,,0.0,30.657,30.6,30.7,,,0.0,4523.0,4552.0,0.0,0.0,0.0,0.0,0.0,0.0,0.0,0.0,0.0,0.0,0.0,0.0,0.0,0.0,0.0,0.0,
2020-06-29T14:00:00Z,30.0,0.0,0.0,0.0,0.0,0.0,,,12.505,12.49,12.52,,,4.029,4.02,4.03,,,,0.026,,,,0.0,0.0,0.0,,,0.0,30.54,30.5,30.6,,,0.0,4553.0,4582.0,0.0,0.0,0.0,0.0,0.0,0.0,0.0,0.0,0.0,0.0,0.0,0.0,0.0,0.0,0.0,0.0,
2020-06-29T15:00:00Z,29.0,0.0,0.0,0.0,0.0,0.0,,,12.483,12.47,12.5,,,4.022,4.02,4.03,,,,0.026,,,,0.0,0.0,0.0,,,0.0,30.462,30.4,30.5,,,0.0,4583.0,4611.0,0.0,0.0,0.0,0.0,0.0,0.0,0.0,0.0,0.0,0.0,0.0,0.0,0.0,0.0,0.0,0.0,
2020-06-29T16:00:00Z,29.0,0.0,0.0,0.0,0.0,0.0,,,12.471,12.47,12.48,,,4.014,4.01,4.02,,,,0.024,,,,0.0,0.0,0.0,,,0.0,30.297,30.2,30.4,,,0.0,4612.0,4641.0,0.0,0.0,0.0,0.0,0.0,0.0,0.0,0.0,0.0,0.0,0.0,0.0,0.0,0.0,0.0,0.0,
2020-06-29T17:00:00Z,29.0,0.0,0.0,0.0,0.0,0.0,,,12.468,12.46,12.48,,,4.01,4.01,4.01,,,,0.025,,,,0.0,0.0,0.0,,,0.0,30.203,30.1,30.3,,,0.0,4642.0,4670.0,0.0,0.0,0.0,0.0,0.0,0.0,0.0,0.0,0.0,0.0,0.0,0.0,0.0,0.0,0.0,0.0,
2020-06-29T18:00:00Z,30.0,0.0,0.0,0.0,0.0,0.0,,,12.458,12.45,12.47,,,4.003,4.0,4.01,,,,0.025,,,,0.0,0.0,0.0,,,0.0,30.127,30.1,30.2,,,0.0,4671.0,4700.0,0.0,0.0,0.0,0.0,0.0,0.0,0.0,0.0,0.0,0.0,0.0,0.0,0.0,0.0,0.0,0.0,
2020-06-29T19:00:00Z,29.0,0.0,0.0,0.0,0.0,0.0,,,12.452,12.44,12.46,,,4.0,4.0,4.0,,,,0.024,,,,0.0,0.0,0.0,,,0.0,30.086,30.0,30.1,,,0.0,4701.0,4729.0,0.0,0.0,0.0,0.0,0.0,0.0,0.0,0.0,0.0,0.0,0.0,0.0,0.0,0.0,0.0,0.0,
2020-06-29T20:00:00Z,30.0,0.0,0.0,0.0,0.0,0.0,,,12.448,12.44,12.46,,,3.995,3.99,4.0,,,,0.027,,,,0.0,0.0,0.0,,,0.0,29.96,29.9,30.0,,,0.0,4730.0,4759.0,0.0,0.0,0.0,0.0,0.0,0.0,0.0,0.0,0.0,0.0,0.0,0.0,0.0,0.0,0.0,0.0,
2020-06-29T21:00:00Z,28.0,0.0,0.0,0.0,0.0,0.0,,,12.445,12.43,12.46,,,3.99,3.99,3.99,,,,0.026,,,,0.0,0.0,0.0,,,0.0,29.889,29.8,30.0,,,0.0,4760.0,4789.0,0.0,0.0,0.0,0.0,0.0,0.0,0.0,0.0,0.0,0.0,0.0,0.0,0.0,0.0,0.0,0.0,
2020-06-29T22:00:00Z,29.0,0.0,2.571,12.52,1.003,3.82,,,12.438,12.42,12.45,,,3.99,3.99,3.99,,,,0.033,,,,0.11,0.71,0.0,,,0.0,29.862,29.8,30.1,,,0.002,4790.0,4818.0,0.0,0.0,0.0,0.0,0.0,0.0,0.0,0.0,0.0,0.0,0.0,0.0,0.0,0.0,0.0,0.0,
2020-06-29T23:00:00Z,30.0,0.0,12.933,13.56,4.128,4.35,,,12.658,12.42,12.85,,,3.985,3.98,3.99,,,,0.199,,,,2.589,4.95,0.0,,,0.0,30.6,30.3,30.7,,,0.043,4819.0,4848.0,0.0,0.0,0.0,0.0,0.0,0.0,0.0,0.0,0.0,0.0,0.0,0.0,0.0,0.0,0.0,0.0,
2020-06-30T00:00:00Z,29.0,0.0,13.494,14.04,4.473,4.57,,,13.124,12.87,13.26,,,4.006,3.99,4.03,,,,0.653,,,,8.81,11.63,0.0,,,0.0,30.703,30.6,30.8,,,0.142,4849.0,4877.0,0.0,0.0,0.0,0.0,0.0,0.0,0.0,0.0,0.0,0.0,0.0,0.0,0.0,0.0,0.0,0.0,
2020-06-30T01:00:00Z,30.0,0.0,13.842,14.6,6.355,12.39,,,13.42,13.24,13.65,,,4.08,4.03,4.14,,,,1.201,,,,16.661,24.16,0.0,,,0.0,30.863,30.8,31.0,,,0.278,4878.0,4907.0,0.0,0.0,0.0,0.0,0.0,0.0,0.0,0.0,0.0,0.0,0.0,0.0,0.0,0.0,0.0,0.0,
2020-06-30T02:00:00Z,29.0,0.0,13.73,14.47,12.286,12.77,,,13.174,12.84,13.54,,,4.121,4.12,4.13,,,,1.745,,,,23.989,34.59,7.838,,,1.245,31.117,31.0,31.3,,,0.386,4908.0,4936.0,0.0,0.0,0.0,0.0,0.0,0.0,0.0,0.0,0.0,0.0,0.0,0.0,0.0,0.0,0.0,0.0,
2020-06-30T03:00:00Z,30.0,0.0,14.033,15.95,11.346,12.79,,,13.379,12.88,14.77,,,4.128,4.12,4.13,,,,2.086,,,,29.484,42.65,9.788,,,5.335,31.443,31.2,31.7,,,0.491,4937.0,4966.0,0.0,0.0,0.0,0.0,0.0,0.0,0.0,0.0,0.0,0.0,0.0,0.0,0.0,0.0,0.0,0.0,
2020-06-30T04:00:00Z,30.0,0.0,14.114,15.11,10.125,13.04,,,13.556,12.99,14.14,,,4.127,4.12,4.14,,,,2.059,,,,29.442,48.48,9.165,,,7.157,31.787,31.4,32.1,,,0.491,4967.0,4996.0,0.0,0.0,0.0,0.0,0.0,0.0,0.0,0.0,0.0,0.0,0.0,0.0,0.0,0.0,0.0,0.0,
2020-06-30T05:00:00Z,29.0,0.0,14.084,16.12,8.549,12.88,,,13.597,12.83,14.66,,,4.126,4.11,4.13,,,,1.591,,,,23.415,58.51,6.581,,,8.595,32.052,32.0,32.1,,,0.377,4997.0,5025.0,0.0,0.0,0.0,0.0,0.0,0.0,0.0,0.0,0.0,0.0,0.0,0.0,0.0,0.0,0.0,0.0,
2020-06-30T06:00:00Z,30.0,0.0,13.732,14.6,7.083,12.84,,,13.274,12.9,14.12,,,4.124,4.12,4.14,,,,0.866,,,,12.127,45.71,3.701,,,3.059,32.153,32.1,32.4,,,0.202,5026.0,5055.0,0.0,0.0,0.0,0.0,0.0,0.0,0.0,0.0,0.0,0.0,0.0,0.0,0.0,0.0,0.0,0.0,
2020-06-30T07:00:00Z,29.0,0.0,13.424,13.84,4.467,4.47,,,13.092,13.08,13.12,,,4.122,4.12,4.13,,,,0.312,,,,4.178,4.56,0.0,,,0.0,32.641,32.5,32.8,,,0.067,5056.0,5084.0,0.0,0.0,0.0,0.0,0.0,0.0,0.0,0.0,0.0,0.0,0.0,0.0,0.0,0.0,0.0,0.0,
2020-06-30T08:00:00Z,30.0,0.0,13.358,13.75,4.452,4.46,,,13.043,12.98,13.08,,,4.122,4.12,4.13,,,,0.273,,,,3.639,4.06,0.0,,,0.226,32.867,32.8,32.9,,,0.061,5085.0,5114.0,0.0,0.0,0.0,0.0,0.0,0.0,0.0,0.0,0.0,0.0,0.0,0.0,0.0,0.0,0.0,0.0,
2020-06-30T09:00:00Z,30.0,0.0,13.263,13.65,4.344,4.41,,,12.923,12.88,12.97,,,4.114,4.1,4.12,,,,0.157,,,,2.08,2.87,0.0,,,0.0,32.82,32.7,33.0,,,0.035,5115.0,5144.0,0.0,0.0,0.0,0.0,0.0,0.0,0.0,0.0,0.0,0.0,0.0,0.0,0.0,0.0,0.0,0.0,
2020-06-30T10:00:00Z,29.0,0.0,13.03,13.53,3.873,4.3,,,12.789,12.66,12.89,,,4.094,4.09,4.1,,,,0.095,,,,1.24,1.72,0.0,,,0.0,32.672,32.6,32.8,,,0.02,5145.0,5173.0,0.0,0.0,0.0,0.0,0.0,0.0,0.0,0.0,0.0,0.0,0.0,0.0,0.0,0.0,0.0,0.0,
2020-06-30T11:00:00Z,30.0,0.0,1.01,7.57,0.574,3.29,,,12.661,12.63,12.69,,,4.082,4.07,4.09,,,,0.036,,,,0.04,0.34,0.0,,,0.0,31.983,31.7,32.6,,,0.001,5174.0,5203.0,0.0,0.0,0.0,0.0,0.0,0.0,0.0,0.0,0.0,0.0,0.0,0.0,0.0,0.0,0.0,0.0,
2020-06-30T12:00:00Z,29.0,0.0,0.0,0.0,0.0,0.0,,,12.641,12.61,12.67,,,4.066,4.06,4.08,,,,0.028,,,,0.0,0.0,0.0,,,0.0,31.586,31.5,31.7,,,0.0,5204.0,5232.0,0.0,0.0,0.0,0.0,0.0,0.0,0.0,0.0,0.0,0.0,0.0,0.0,0.0,0.0,0.0,0.0,
2020-06-30T13:00:00Z,30.0,0.0,0.0,0.0,0.0,0.0,,,12.614,12.59,12.63,,,4.055,4.05,4.06,,,,0.029,,,,0.0,0.0,0.0,,,0.0,31.36,31.3,31.5,,,0.0,5233.0,5262.0,0.0,0.0,0.0,0.0,0.0,0.0,0.0,0.0,0.0,0.0,0.0,0.0,0.0,0.0,0.0,0.0,
2020-06-30T14:00:00Z,29.0,0.0,0.0,0.0,0.0,0.0,,,12.597,12.57,12.62,,,4.044,4.04,4.05,,,,0.027,,,,0.0,0.0,0.0,,,0.0,31.166,31.0,31.3,,,0.0,5263.0,5291.0,0.0,0.0,0.0,0.0,0.0,0.0,0.0,0.0,0.0,0.0,0.0,0.0,0.0,0.0,0.0,0.0,
2020-06-30T15:00:00Z,30.0,0.0,0.0,0.0,0.0,0.0,,,12.573,12.56,12.6,,,4.039,4.03,4.04,,,,0.029,,,,0.0,0.0,0.0,,,0.0,30.933,30.9,31.0,,,0.0,5292.0,5321.0,0.0,0.0,0.0,0.0,0.0,0.0,0.0,0.0,0.0,0.0,0.0,0.0,0.0,0.0,0.0,0.0,
2020-06-30T16:00:00Z,30.0,0.0,0.0,0.0,0.0,0.0,,,12.557,12.54,12.57,,,4.03,4.03,4.03,,,,0.027,,,,0.0,0.0,0.0,,,0.0,30.81,30.7,30.9,,,0.0,5322.0,5351.0,0.0,0.0,0.0,0.0,0.0,0.0,0.0,0.0,0.0,0.0,0.0,0.0,0.0,0.0,0.0,0.0,
2020-06-30T17:00:00Z,29.0,0.0,0.0,0.0,0.0,0.0,,,12.541,12.53,12.56,,,4.024,4.02,4.03,,,,0.026,,,,0.0,0.0,0.0,,,0.0,30.693,30.6,30.8,,,0.0,5352.0,5380.0,0.0,0.0,0.0,0.0,0.0,0.0,0.0,0.0,0.0,0.0,0.0,0.0,0.0,0.0,0.0,0.0,
2020-06-30T18:00:00Z,30.0,0.0,0.0,0.0,0.0,0.0,,,12.532,12.52,12.54,,,4.013,4.01,4.02,,,,0.024,,,,0.0,0.0,0.0,,,0.0,30.54,30.5,30.6,,,0.0,5381.0,5410.0,0.0,0.0,0.0,0.0,0.0,0.0,0.0,0.0,0.0,0.0,0.0,0.0,0.0,0.0,0.0,0.0,
2020-06-30T19:00:00Z,29.0,0.0,0.0,0.0,0.0,0.0,,,12.511,12.5,12.53,,,4.01,4.01,4.01,,,,0.023,,,,0.0,0.0,0.0,,,0.0,30.452,30.4,30.5,,,0.0,5411.0,5439.0,0.0,0.0,0.0,0.0,0.0,0.0,0.0,0.0,0.0,0.0,0.0,0.0,0.0,0.0,0.0,0.0,
2020-06-30T20:00:00Z,30.0,0.0,0.0,0.0,0.0,0.0,,,12.503,12.49,12.52,,,4.003,4.0,4.01,,,,0.026,,,,0.0,0.0,0.0,,,0.0,30.277,30.2,30.4,,,0.0,5440.0,5469.0,0.0,0.0,0.0,0.0,0.0,0.0,0.0,0.0,0.0,0.0,0.0,0.0,0.0,0.0,0.0,0.0,
2020-06-30T21:00:00Z,29.0,0.0,0.0,0.0,0.0,0.0,,,12.483,12.47,12.5,,,4.0,4.0,4.0,,,,0.027,,,,0.0,0.0,0.0,,,0.0,30.114,30.1,30.2,,,0.0,5470.0,5498.0,0.0,0.0,0.0,0.0,0.0,0.0,0.0,0.0,0.0,0.0,0.0,0.0,0.0,0.0,0.0,0.0,
2020-06-30T22:00:00Z,30.0,0.0,3.309,13.05,1.298,3.86,,,12.468,12.45,12.48,,,3.996,3.99,4.0,,,,0.035,,,,0.158,0.98,0.0,,,0.0,30.143,30.0,30.5,,,0.003,5499.0,5528.0,0.0,0.0,0.0,0.0,0.0,0.0,0.0,0.0,0.0,0.0,0.0,0.0,0.0,0.0,0.0,0.0,
2020-06-30T23:00:00Z,30.0,0.0,12.882,13.47,3.881,4.33,,,12.631,12.48,12.82,,,3.99,3.99,3.99,,,,0.158,,,,2.043,4.03,0.0,,,0.0,30.817,30.6,30.9,,,0.034,5529.0,5558.0,0.0,0.0,0.0,0.0,0.0,0.0,0.0,0.0,0.0,0.0,0.0,0.0,0.0,0.0,0.0,0.0,
2020-07-01T00:00:00Z,29.0,0.0,13.368,13.87,4.389,4.43,,,13.007,12.83,13.11,,,4.0,3.99,4.01,,,,0.455,,,,6.08,7.45,0.0,,,0.0,30.879,30.8,30.9,,,0.098,5559.0,5587.0,0.0,0.0,0.0,0.0,0.0,0.0,0.0,0.0,0.0,0.0,0.0,0.0,0.0,0.0,0.0,0.0,
2020-07-01T01:00:00Z,30.0,0.0,13.661,14.17,4.463,4.54,,,13.217,13.11,13.34,,,4.023,4.01,4.04,,,,0.677,,,,9.268,13.12,0.0,,,2.026,30.9,30.9,30.9,,,0.154,5588.0,5617.0,0.0,0.0,0.0,0.0,0.0,0.0,0.0,0.0,0.0,0.0,0.0,0.0,0.0,0.0,0.0,0.0,
2020-07-01T02:00:00Z,28.0,0.0,13.806,14.51,6.534,12.48,,,13.307,12.89,13.67,,,4.083,4.04,4.14,,,,1.32,,,,18.178,29.13,3.854,,,4.284,31.139,30.9,31.7,,,0.283,5618.0,5646.0,0.0,0.0,0.0,0.0,0.0,0.0,0.0,0.0,0.0,0.0,0.0,0.0,0.0,0.0,0.0,0.0,
2020-07-01T03:00:00Z,30.0,0.0,13.79,14.47,12.046,12.31,,,13.342,12.86,13.59,,,4.121,4.12,4.13,,,,1.277,,,,17.627,23.09,3.553,,,8.859,31.713,31.6,31.8,,,0.294,5647.0,5676.0,0.0,0.0,0.0,0.0,0.0,0.0,0.0,0.0,0.0,0.0,0.0,0.0,0.0,0.0,0.0,0.0,
2020-07-01T04:00:00Z,29.0,0.0,13.914,15.31,11.987,12.8,,,13.271,12.87,14.18,,,4.13,4.12,4.13,,,,1.789,,,,25.016,49.19,8.769,,,6.752,31.969,31.7,32.3,,,0.403,5677.0,5705.0,0.0,0.0,0.0,0.0,0.0,0.0,0.0,0.0,0.0,0.0,0.0,0.0,0.0,0.0,0.0,0.0,
2020-07-01T05:00:00Z,30.0,0.0,14.046,15.78,12.036,12.66,,,13.426,12.77,14.63,,,4.13,4.13,4.13,,,,2.069,,,,29.498,53.2,11.507,,,3.993,32.553,32.3,32.8,,,0.492,5706.0,5735.0,0.0,0.0,0.0,0.0,0.0,0.0,0.0,0.0,0.0,0.0,0.0,0.0,0.0,0.0,0.0,0.0,
2020-07-01T06:00:00Z,30.0,0.0,14.043,17.42,10.999,12.6,,,13.425,12.8,14.7,,,4.129,4.12,4.13,,,,1.644,,,,23.393,58.2,8.518,,,3.458,32.563,32.3,32.8,,,0.39,5736.0,5765.0,0.0,0.0,0.0,0.0,0.0,0.0,0.0,0.0,0.0,0.0,0.0,0.0,0.0,0.0,0.0,0.0,
2020-07-01T07:00:00Z,29.0,0.0,13.589,14.21,4.487,4.59,,,13.24,13.06,13.52,,,4.124,4.12,4.13,,,,0.418,,,,5.698,10.58,0.0,,,6.381,32.372,32.1,32.8,,,0.092,5766.0,5794.0,0.0,0.0,0.0,0.0,0.0,0.0,0.0,0.0,0.0,0.0,0.0,0.0,0.0,0.0,0.0,0.0,
2020-07-01T08:00:00Z,28.0,0.0,13.594,13.9,4.473,4.51,,,13.097,12.97,13.17,,,4.125,4.12,4.13,,,,0.318,,,,4.327,5.64,0.0,,,4.859,32.571,32.4,32.8,,,0.067,5796.0,5824.0,0.0,0.0,0.0,0.0,0.0,0.0,0.0,0.0,0.0,0.0,0.0,0.0,0.0,0.0,0.0,0.0,
2020-07-01T09:00:00Z,29.0,0.0,13.118,13.6,3.825,4.4,,,12.811,12.69,12.96,,,4.113,4.1,4.12,,,,0.114,,,,1.481,2.49,0.0,,,1.921,32.686,32.5,32.9,,,0.024,5825.0,5853.0,0.0,0.0,0.0,0.0,0.0,0.0,0.0,0.0,0.0,0.0,0.0,0.0,0.0,0.0,0.0,0.0,
2020-07-01T10:00:00Z,30.0,0.0,13.082,13.4,3.569,4.07,,,12.723,12.67,12.76,,,4.094,4.09,4.1,,,,0.086,,,,1.11,1.47,0.0,,,0.0,32.493,32.4,32.6,,,0.018,5854.0,5883.0,0.0,0.0,0.0,0.0,0.0,0.0,0.0,0.0,0.0,0.0,0.0,0.0,0.0,0.0,0.0,0.0,
2020-07-01T11:00:00Z,29.0,0.0,4.589,13.32,1.424,4.05,,,12.652,12.61,12.72,,,4.079,4.07,4.09,,,,0.043,,,,0.332,1.46,0.0,,,0.0,32.062,31.6,32.5,,,0.005,5884.0,5912.0,0.0,0.0,0.0,0.0,0.0,0.0,0.0,0.0,0.0,0.0,0.0,0.0,0.0,0.0,0.0,0.0,
2020-07-01T12:00:00Z,30.0,0.0,0.0,0.0,0.0,0.0,,,12.614,12.59,12.63,,,4.065,4.06,4.07,,,,0.033,,,,0.0,0.0,0.0,,,0.0,31.41,31.3,31.6,,,0.0,5913.0,5942.0,0.0,0.0,0.0,0.0,0.0,0.0,0.0,0.0,0.0,0.0,0.0,0.0,0.0,0.0,0.0,0.0,
2020-07-01T13:00:00Z,29.0,0.0,0.0,0.0,0.0,0.0,,,12.592,12.56,12.62,,,4.053,4.05,4.06,,,,0.024,,,,0.0,0.0,0.0,,,0.0,31.214,31.1,31.3,,,0.0,5943.0,5971.0,0.0,0.0,0.0,0.0,0.0,0.0,0.0,0.0,0.0,0.0,0.0,0.0,0.0,0.0,0.0,0.0,
2020-07-01T14:00:00Z,30.0,0.0,0.0,0.0,0.0,0.0,,,12.575,12.54,12.6,,,4.044,4.04,4.05,,,,0.032,,,,0.0,0.0,0.0,,,0.0,30.977,30.9,31.1,,,0.0,5972.0,6001.0,0.0,0.0,0.0,0.0,0.0,0.0,0.0,0.0,0.0,0.0,0.0,0.0,0.0,0.0,0.0,0.0,
2020-07-01T15:00:00Z,30.0,0.0,0.0,0.0,0.0,0.0,,,12.553,12.53,12.57,,,4.037,4.03,4.04,,,,0.027,,,,0.0,0.0,0.0,,,0.0,30.837,30.7,30.9,,,0.0,6002.0,6031.0,0.0,0.0,0.0,0.0,0.0,0.0,0.0,0.0,0.0,0.0,0.0,0.0,0.0,0.0,0.0,0.0,
2020-07-01T16:00:00Z,29.0,0.0,0.0,0.0,0.0,0.0,,,12.534,12.51,12.55,,,4.03,4.03,4.03,,,,0.026,,,,0.0,0.0,0.0,,,0.0,30.669,30.6,30.8,,,0.0,6032.0,6060.0,0.0,0.0,0.0,0.0,0.0,0.0,0.0,0.0,0.0,0.0,0.0,0.0,0.0,0.0,0.0,0.0,
2020-07-01T17:00:00Z,30.0,0.0,0.0,0.0,0.0,0.0,,,12.515,12.51,12.53,,,4.022,4.02,4.03,,,,0.026,,,,0.0,0.0,0.0,,,0.0,30.523,30.4,30.6,,,0.0,6061.0,6090.0,0.0,0.0,0.0,0.0,0.0,0.0,0.0,0.0,0.0,0.0,0.0,0.0,0.0,0.0,0.0,0.0,
2020-07-01T18:00:00Z,29.0,0.0,0.0,0.0,0.0,0.0,,,12.497,12.48,12.51,,,4.013,4.01,4.02,,,,0.024,,,,0.0,0.0,0.0,,,0.0,30.372,30.3,30.5,,,0.0,6091.0,6119.0,0.0,0.0,0.0,0.0,0.0,0.0,0.0,0.0,0.0,0.0,0.0,0.0,0.0,0.0,0.0,0.0,
2020-07-01T19:00:00Z,30.0,0.0,0.0,0.0,0.0,0.0,,,12.473,12.47,12.49,,,4.01,4.01,4.01,,,,0.025,,,,0.0,0.0,0.0,,,2.503,30.157,30.1,30.3,,,0.0,6120.0,6149.0,0.0,0.0,0.0,0.0,0.0,0.0,0.0,0.0,0.0,0.0,0.0,0.0,0.0,0.0,0.0,0.0,
2020-07-01T20:00:00Z,29.0,0.0,0.0,0.0,0.0,0.0,,,12.463,12.45,12.47,,,4.004,4.0,4.01,,,,0.027,,,,0.0,0.0,0.0,,,1.072,30.045,29.9,30.1,,,0.0,6150.0,6179.0,0.0,0.0,0.0,0.0,0.0,0.0,0.0,0.0,0.0,0.0,0.0,0.0,0.0,0.0,0.0,0.0,
2020-07-01T21:00:00Z,29.0,0.0,0.0,0.0,0.0,0.0,,,12.452,12.45,12.46,,,4.0,4.0,4.0,,,,0.027,,,,0.0,0.0,0.0,,,0.099,29.848,29.7,30.0,,,0.0,6180.0,6208.0,0.0,0.0,0.0,0.0,0.0,0.0,0.0,0.0,0.0,0.0,0.0,0.0,0.0,0.0,0.0,0.0,
2020-07-01T22:00:00Z,30.0,0.0,3.604,13.04,1.32,4.02,,,12.448,12.43,12.47,,,3.994,3.99,4.0,,,,0.035,,,,0.175,0.82,0.0,,,4.142,29.807,29.7,30.4,,,0.003,6209.0,6238.0,0.0,0.0,0.0,0.0,0.0,0.0,0.0,0.0,0.0,0.0,0.0,0.0,0.0,0.0,0.0,0.0,
2020-07-01T23:00:00Z,29.0,0.0,13.048,13.46,4.178,4.44,,,12.687,12.45,12.81,,,3.991,3.99,4.0,,,,0.188,,,,2.442,4.03,0.0,,,0.113,30.483,30.4,30.5,,,0.039,6239.0,6267.0,0.0,0.0,0.0,0.0,0.0,0.0,0.0,0.0,0.0,0.0,0.0,0.0,0.0,0.0,0.0,0.0,
2020-07-02T00:00:00Z,30.0,0.0,13.404,14.04,4.487,4.61,,,13.039,12.72,13.28,,,4.024,3.99,4.04,,,,0.552,,,,7.443,12.74,0.0,,,3.88,30.573,30.5,30.7,,,0.124,6268.0,6297.0,0.0,0.0,0.0,0.0,0.0,0.0,0.0,0.0,0.0,0.0,0.0,0.0,0.0,0.0,0.0,0.0,
2020-07-02T01:00:00Z,29.0,0.0,13.865,14.69,8.561,12.63,,,13.322,12.83,13.72,,,4.101,4.04,4.14,,,,1.341,,,,18.598,24.58,2.442,,,3.793,30.831,30.6,31.2,,,0.3,6298.0,6326.0,0.0,0.0,0.0,0.0,0.0,0.0,0.0,0.0,0.0,0.0,0.0,0.0,0.0,0.0,0.0,0.0,
2020-07-02T02:00:00Z,30.0,0.0,13.636,14.36,12.263,12.7,,,13.031,12.84,13.51,,,4.124,4.12,4.13,,,,1.754,,,,23.976,33.91,10.708,,,3.992,31.237,31.1,31.4,,,0.4,6327.0,6356.0,0.0,0.0,0.0,0.0,0.0,0.0,0.0,0.0,0.0,0.0,0.0,0.0,0.0,0.0,0.0,0.0,
2020-07-02T03:00:00Z,30.0,0.0,14.159,14.69,12.435,12.61,,,13.393,13.05,13.59,,,4.13,4.13,4.13,,,,2.423,,,,34.315,37.92,12.287,,,6.593,31.383,31.2,31.6,,,0.572,6357.0,6386.0,0.0,0.0,0.0,0.0,0.0,0.0,0.0,0.0,0.0,0.0,0.0,0.0,0.0,0.0,0.0,0.0,
2020-07-02T04:00:00Z,29.0,0.0,14.542,21.09,11.511,12.81,,,13.666,12.88,14.82,,,4.129,4.12,4.13,,,,2.133,,,,31.336,53.71,9.481,,,6.37,31.734,31.5,31.9,,,0.505,6387.0,6415.0,0.0,0.0,0.0,0.0,0.0,0.0,0.0,0.0,0.0,0.0,0.0,0.0,0.0,0.0,0.0,0.0,
2020-07-02T05:00:00Z,30.0,0.0,14.328,15.75,9.961,12.77,,,13.709,12.97,14.64,,,4.127,4.12,4.13,,,,1.798,,,,26.104,44.34,8.451,,,7.538,31.987,31.7,32.1,,,0.435,6416.0,6445.0,0.0,0.0,0.0,0.0,0.0,0.0,0.0,0.0,0.0,0.0,0.0,0.0,0.0,0.0,0.0,0.0,
2020-07-02T06:00:00Z,29.0,0.0,14.28,18.69,7.968,12.59,,,13.614,13.01,14.64,,,4.13,4.12,4.14,,,,1.389,,,,20.477,53.46,6.535,,,5.207,32.259,32.2,32.4,,,0.33,6446.0,6474.0,0.0,0.0,0.0,0.0,0.0,0.0,0.0,0.0,0.0,0.0,0.0,0.0,0.0,0.0,0.0,0.0,
2020-07-02T07:00:00Z,30.0,0.0,13.866,14.69,8.063,12.56,,,13.49,12.98,14.43,,,4.13,4.12,4.14,,,,1.239,,,,17.303,34.3,5.749,,,4.713,32.807,32.3,33.3,,,0.288,6475.0,6504.0,0.0,0.0,0.0,0.0,0.0,0.0,0.0,0.0,0.0,0.0,0.0,0.0,0.0,0.0,0.0,0.0,
2020-07-02T08:00:00Z,29.0,0.0,14.167,20.07,7.752,11.99,,,13.507,12.83,14.72,,,4.134,4.12,4.14,,,,0.939,,,,13.377,22.3,4.1,,,1.066,33.455,32.9,34.2,,,0.216,6505.0,6533.0,0.0,0.0,0.0,0.0,0.0,0.0,0.0,0.0,0.0,0.0,0.0,0.0,0.0,0.0,0.0,0.0,
2020-07-02T09:00:00Z,28.0,0.0,10.131,14.48,4.187,11.42,,,13.136,12.74,13.9,,,4.121,4.11,4.14,,,,0.386,,,,5.16,15.37,0.856,,,6.155,33.536,32.5,34.2,,,0.08,6534.0,6563.0,0.0,0.0,0.0,0.0,0.0,0.0,0.0,0.0,0.0,0.0,0.0,0.0,0.0,0.0,0.0,0.0,
2020-07-02T10:00:00Z,27.0,0.0,4.68,9.69,2.964,3.8,,,12.724,12.69,12.75,,,4.101,4.09,4.11,,,,0.044,,,,0.198,0.47,0.0,,,8.758,32.548,32.4,32.8,,,0.003,6564.0,6592.0,0.0,0.0,0.0,0.0,0.0,0.0,0.0,0.0,0.0,0.0,0.0,0.0,0.0,0.0,0.0,0.0,
2020-07-02T11:00:00Z,30.0,0.0,0.448,3.35,0.331,2.14,,,12.686,12.65,12.72,,,4.084,4.08,4.09,,,,0.031,,,,0.017,0.21,0.0,,,1.003,32.253,32.1,32.6,,,0.0,6593.0,6622.0,0.0,0.0,0.0,0.0,0.0,0.0,0.0,0.0,0.0,0.0,0.0,0.0,0.0,0.0,0.0,0.0,
2020-07-02T12:00:00Z,28.0,0.0,0.0,0.0,0.0,0.0,,,12.656,12.63,12.69,,,4.07,4.06,4.08,,,,0.028,,,,0.0,0.0,0.0,,,8.558,31.989,31.9,32.1,,,0.0,6623.0,6652.0,0.0,0.0,0.0,0.0,0.0,0.0,0.0,0.0,0.0,0.0,0.0,0.0,0.0,0.0,0.0,0.0,
2020-07-02T13:00:00Z,28.0,0.0,0.0,0.0,0.0,0.0,,,12.631,12.6,12.66,,,4.057,4.05,4.06,,,,0.024,,,,0.0,0.0,0.0,,,1.451,31.779,31.7,31.9,,,0.0,6653.0,6681.0,0.0,0.0,0.0,0.0,0.0,0.0,0.0,0.0,0.0,0.0,0.0,0.0,0.0,0.0,0.0,0.0,
2020-07-02T14:00:00Z,30.0,0.0,0.0,0.0,0.0,0.0,,,12.609,12.59,12.63,,,4.048,4.04,4.05,,,,0.026,,,,0.0,0.0,0.0,,,2.57,31.527,31.3,31.7,,,0.0,6682.0,6711.0,0.0,0.0,0.0,0.0,0.0,0.0,0.0,0.0,0.0,0.0,0.0,0.0,0.0,0.0,0.0,0.0,
2020-07-02T15:00:00Z,29.0,0.0,0.0,0.0,0.0,0.0,,,12.597,12.57,12.61,,,4.04,4.03,4.04,,,,0.03,,,,0.0,0.0,0.0,,,0.0,31.245,31.1,31.3,,,0.0,6712.0,6740.0,0.0,0.0,0.0,0.0,0.0,0.0,0.0,0.0,0.0,0.0,0.0,0.0,0.0,0.0,0.0,0.0,
2020-07-02T16:00:00Z,30.0,0.0,0.0,0.0,0.0,0.0,,,12.575,12.56,12.6,,,4.03,4.03,4.03,,,,0.024,,,,0.0,0.0,0.0,,,0.0,30.973,30.9,31.1,,,0.0,6741.0,6770.0,0.0,0.0,0.0,0.0,0.0,0.0,0.0,0.0,0.0,0.0,0.0,0.0,0.0,0.0,0.0,0.0,
2020-07-02T17:00:00Z,28.0,0.0,0.0,0.0,0.0,0.0,,,12.562,12.55,12.57,,,4.026,4.02,4.03,,,,0.027,,,,0.0,0.0,0.0,,,0.0,30.807,30.7,30.9,,,0.0,6771.0,6799.0,0.0,0.0,0.0,0.0,0.0,0.0,0.0,0.0,0.0,0.0,0.0,0.0,0.0,0.0,0.0,0.0,
2020-07-02T18:00:00Z,30.0,0.0,0.0,0.0,0.0,0.0,,,12.544,12.54,12.56,,,4.016,4.01,4.02,,,,0.025,,,,0.0,0.0,0.0,,,0.0,30.633,30.5,30.7,,,0.0,6800.0,6829.0,0.0,0.0,0.0,0.0,0.0,0.0,0.0,0.0,0.0,0.0,0.0,0.0,0.0,0.0,0.0,0.0,
2020-07-02T19:00:00Z,29.0,0.0,0.0,0.0,0.0,0.0,,,12.537,12.52,12.55,,,4.01,4.01,4.01,,,,0.024,,,,0.0,0.0,0.0,,,0.0,30.486,30.4,30.5,,,0.0,6830.0,6858.0,0.0,0.0,0.0,0.0,0.0,0.0,0.0,0.0,0.0,0.0,0.0,0.0,0.0,0.0,0.0,0.0,
2020-07-02T20:00:00Z,30.0,0.0,0.0,0.0,0.0,0.0,,,12.517,12.51,12.53,,,4.006,4.0,4.01,,,,0.027,,,,0.0,0.0,0.0,,,0.0,30.32,30.2,30.5,,,0.0,6859.0,6888.0,0.0,0.0,0.0,0.0,0.0,0.0,0.0,0.0,0.0,0.0,0.0,0.0,0.0,0.0,0.0,0.0,
2020-07-02T21:00:00Z,28.0,0.0,0.0,0.0,0.0,0.0,,,12.509,12.5,12.52,,,4.0,4.0,4.0,,,,0.027,,,,0.0,0.0,0.0,,,0.0,30.129,30.1,30.2,,,0.0,6889.0,6916.0,0.0,0.0,0.0,0.0,0.0,0.0,0.0,0.0,0.0,0.0,0.0,0.0,0.0,0.0,0.0,0.0,
2020-07-02T22:00:00Z,25.0,0.0,2.693,12.56,0.943,3.82,,,12.484,12.47,12.5,,,3.995,3.99,4.0,,,,0.033,,,,0.124,0.79,0.0,,,0.0,30.152,30.0,30.5,,,0.002,6920.0,6947.0,0.0,0.0,0.0,0.0,0.0,0.0,0.0,0.0,0.0,0.0,0.0,0.0,0.0,0.0,0.0,0.0,
2020-07-02T23:00:00Z,29.0,0.0,11.937,13.25,3.58,4.19,,,12.513,12.46,12.72,,,3.99,3.99,3.99,,,,0.075,,,,0.896,1.92,0.0,,,0.208,30.693,30.5,30.8,,,0.014,6948.0,6976.0,0.0,0.0,0.0,0.0,0.0,0.0,0.0,0.0,0.0,0.0,0.0,0.0,0.0,0.0,0.0,0.0,
2020-07-03T00:00:00Z,30.0,0.0,13.076,13.61,4.195,4.39,,,12.773,12.52,13.01,,,3.989,3.98,3.99,,,,0.26,,,,3.397,6.31,0.0,,,1.63,30.69,30.6,30.8,,,0.057,6977.0,7006.0,0.0,0.0,0.0,0.0,0.0,0.0,0.0,0.0,0.0,0.0,0.0,0.0,0.0,0.0,0.0,0.0,
2020-07-03T01:00:00Z,29.0,0.0,13.5,14.04,4.411,4.45,,,13.166,13.0,13.27,,,4.0,3.99,4.01,,,,0.567,,,,7.663,9.67,0.0,,,8.377,30.614,30.5,30.7,,,0.123,7007.0,7035.0,0.0,0.0,0.0,0.0,0.0,0.0,0.0,0.0,0.0,0.0,0.0,0.0,0.0,0.0,0.0,0.0,
2020-07-03T02:00:00Z,29.0,0.0,13.817,14.28,4.517,4.58,,,13.358,13.23,13.49,,,4.034,4.01,4.06,,,,0.872,,,,12.041,14.29,0.0,,,5.654,30.603,30.5,30.7,,,0.194,7036.0,7065.0,0.0,0.0,0.0,0.0,0.0,0.0,0.0,0.0,0.0,0.0,0.0,0.0,0.0,0.0,0.0,0.0,
2020-07-03T03:00:00Z,26.0,0.0,13.768,14.53,9.13,12.65,,,13.289,12.86,13.69,,,4.106,4.06,4.14,,,,1.515,,,,20.838,28.84,6.423,,,8.513,30.804,30.6,31.0,,,0.301,7066.0,7094.0,0.0,0.0,0.0,0.0,0.0,0.0,0.0,0.0,0.0,0.0,0.0,0.0,0.0,0.0,0.0,0.0,
2020-07-03T04:00:00Z,28.0,0.0,13.93,14.65,10.524,12.33,,,13.426,12.86,13.69,,,4.122,4.12,4.13,,,,1.231,,,,17.124,21.68,2.545,,,8.654,30.936,30.9,31.0,,,0.266,7095.0,7124.0,0.0,0.0,0.0,0.0,0.0,0.0,0.0,0.0,0.0,0.0,0.0,0.0,0.0,0.0,0.0,0.0,
2020-07-03T05:00:00Z,26.0,0.0,14.088,14.65,4.616,4.63,,,13.627,13.21,13.78,,,4.121,4.12,4.13,,,,0.878,,,,12.372,13.56,0.463,,,5.054,31.081,30.9,31.2,,,0.179,7125.0,7153.0,0.0,0.0,0.0,0.0,0.0,0.0,0.0,0.0,0.0,0.0,0.0,0.0,0.0,0.0,0.0,0.0,
2020-07-03T06:00:00Z,29.0,0.0,14.394,20.25,9.438,12.13,,,13.645,12.86,14.65,,,4.128,4.12,4.13,,,,1.002,,,,14.271,18.65,3.273,,,8.218,31.348,31.1,31.6,,,0.23,7154.0,7183.0,0.0,0.0,0.0,0.0,0.0,0.0,0.0,0.0,0.0,0.0,0.0,0.0,0.0,0.0,0.0,0.0,
2020-07-03T07:00:00Z,24.0,0.0,14.101,15.6,6.124,12.1,,,13.617,12.95,14.65,,,4.123,4.12,4.13,,,,0.92,,,,12.975,17.98,2.986,,,2.927,31.496,31.4,31.7,,,0.173,7184.0,7212.0,0.0,0.0,0.0,0.0,0.0,0.0,0.0,0.0,0.0,0.0,0.0,0.0,0.0,0.0,0.0,0.0,
2020-07-03T08:00:00Z,30.0,0.0,14.307,18.4,4.587,4.64,,,13.712,13.05,14.87,,,4.122,4.12,4.13,,,,0.734,,,,10.538,17.77,1.198,,,0.649,31.523,31.4,31.6,,,0.176,7213.0,7242.0,0.0,0.0,0.0,0.0,0.0,0.0,0.0,0.0,0.0,0.0,0.0,0.0,0.0,0.0,0.0,0.0,
2020-07-03T09:00:00Z,27.0,0.0,13.688,14.43,4.514,4.55,,,13.44,13.16,13.65,,,4.121,4.12,4.13,,,,0.453,,,,6.203,8.23,0.0,,,0.0,31.663,31.6,31.7,,,0.093,7243.0,7271.0,0.0,0.0,0.0,0.0,0.0,0.0,0.0,0.0,0.0,0.0,0.0,0.0,0.0,0.0,0.0,0.0,
2020-07-03T10:00:00Z,29.0,0.0,13.187,13.68,4.048,4.47,,,12.922,12.72,13.15,,,4.115,4.11,4.12,,,,0.149,,,,1.958,3.83,0.0,,,0.0,31.772,31.7,31.9,,,0.032,7272.0,7301.0,0.0,0.0,0.0,0.0,0.0,0.0,0.0,0.0,0.0,0.0,0.0,0.0,0.0,0.0,0.0,0.0,
2020-07-03T11:00:00Z,29.0,0.0,1.941,13.17,0.842,3.85,,,12.699,12.67,12.74,,,4.098,4.09,4.11,,,,0.039,,,,0.072,0.49,0.0,,,0.0,31.21,30.8,31.9,,,0.001,7302.0,7330.0,0.0,0.0,0.0,0.0,0.0,0.0,0.0,0.0,0.0,0.0,0.0,0.0,0.0,0.0,0.0,0.0,
2020-07-03T12:00:00Z,30.0,0.0,0.0,0.0,0.0,0.0,,,12.667,12.64,12.71,,,4.082,4.07,4.09,,,,0.032,,,,0.0,0.0,0.0,,,0.0,30.817,30.8,30.9,,,0.0,7331.0,7360.0,0.0,0.0,0.0,0.0,0.0,0.0,0.0,0.0,0.0,0.0,0.0,0.0,0.0,0.0,0.0,0.0,
2020-07-03T13:00:00Z,30.0,0.0,0.0,0.0,0.0,0.0,,,12.647,12.61,12.68,,,4.067,4.06,4.07,,,,0.02,,,,0.0,0.0,0.0,,,0.0,30.707,30.7,30.8,,,0.0,7361.0,7390.0,0.0,0.0,0.0,0.0,0.0,0.0,0.0,0.0,0.0,0.0,0.0,0.0,0.0,0.0,0.0,0.0,
2020-07-03T14:00:00Z,28.0,0.0,0.0,0.0,0.0,0.0,,,12.618,12.59,12.64,,,4.055,4.05,4.06,,,,0.035,,,,0.0,0.0,0.0,,,0.0,30.554,30.5,30.7,,,0.0,7391.0,7419.0,0.0,0.0,0.0,0.0,0.0,0.0,0.0,0.0,0.0,0.0,0.0,0.0,0.0,0.0,0.0,0.0,
2020-07-03T15:00:00Z,30.0,0.0,0.0,0.0,0.0,0.0,,,12.601,12.58,12.62,,,4.045,4.04,4.05,,,,0.031,,,,0.0,0.0,0.0,,,0.0,30.443,30.3,30.5,,,0.0,7420.0,7449.0,0.0,0.0,0.0,0.0,0.0,0.0,0.0,0.0,0.0,0.0,0.0,0.0,0.0,0.0,0.0,0.0,
2020-07-03T16:00:00Z,29.0,0.0,0.0,0.0,0.0,0.0,,,12.579,12.57,12.6,,,4.038,4.03,4.04,,,,0.028,,,,0.0,0.0,0.0,,,0.0,30.234,30.1,30.4,,,0.0,7450.0,7478.0,0.0,0.0,0.0,0.0,0.0,0.0,0.0,0.0,0.0,0.0,0.0,0.0,0.0,0.0,0.0,0.0,
2020-07-03T17:00:00Z,30.0,0.0,0.0,0.0,0.0,0.0,,,12.566,12.55,12.58,,,4.03,4.03,4.03,,,,0.029,,,,0.0,0.0,0.0,,,0.0,30.09,30.0,30.1,,,0.0,7479.0,7508.0,0.0,0.0,0.0,0.0,0.0,0.0,0.0,0.0,0.0,0.0,0.0,0.0,0.0,0.0,0.0,0.0,
2020-07-03T18:00:00Z,29.0,0.0,0.0,0.0,0.0,0.0,,,12.55,12.54,12.57,,,4.022,4.02,4.03,,,,0.026,,,,0.0,0.0,0.0,,,0.0,29.934,29.8,30.0,,,0.0,7509.0,7537.0,0.0,0.0,0.0,0.0,0.0,0.0,0.0,0.0,0.0,0.0,0.0,0.0,0.0,0.0,0.0,0.0,
2020-07-03T19:00:00Z,30.0,0.0,0.0,0.0,0.0,0.0,,,12.538,12.52,12.55,,,4.013,4.01,4.02,,,,0.025,,,,0.0,0.0,0.0,,,0.0,29.763,29.7,29.9,,,0.0,7538.0,7567.0,0.0,0.0,0.0,0.0,0.0,0.0,0.0,0.0,0.0,0.0,0.0,0.0,0.0,0.0,0.0,0.0,
2020-07-03T20:00:00Z,29.0,0.0,0.0,0.0,0.0,0.0,,,12.52,12.5,12.54,,,4.01,4.0,4.01,,,,0.023,,,,0.0,0.0,0.0,,,0.0,29.697,29.6,29.7,,,0.0,7568.0,7597.0,0.0,0.0,0.0,0.0,0.0,0.0,0.0,0.0,0.0,0.0,0.0,0.0,0.0,0.0,0.0,0.0,
2020-07-03T21:00:00Z,29.0,0.0,0.0,0.0,0.0,0.0,,,12.501,12.47,12.51,,,4.002,4.0,4.01,,,,0.026,,,,0.0,0.0,0.0,,,0.0,29.597,29.5,29.7,,,0.0,7598.0,7626.0,0.0,0.0,0.0,0.0,0.0,0.0,0.0,0.0,0.0,0.0,0.0,0.0,0.0,0.0,0.0,0.0,
2020-07-03T22:00:00Z,30.0,0.0,5.491,13.08,1.839,3.98,,,12.48,12.47,12.52,,,4.0,4.0,4.0,,,,0.04,,,,0.284,1.02,0.0,,,0.0,29.7,29.5,30.2,,,0.005,7627.0,7656.0,0.0,0.0,0.0,0.0,0.0,0.0,0.0,0.0,0.0,0.0,0.0,0.0,0.0,0.0,0.0,0.0,
2020-07-03T23:00:00Z,29.0,0.0,12.942,13.46,4.036,4.3,,,12.664,12.48,12.77,,,3.992,3.99,4.0,,,,0.161,,,,2.1,3.27,0.0,,,1.525,30.262,30.2,30.5,,,0.034,7657.0,7685.0,0.0,0.0,0.0,0.0,0.0,0.0,0.0,0.0,0.0,0.0,0.0,0.0,0.0,0.0,0.0,0.0,
2020-07-04T00:00:00Z,30.0,0.0,13.433,14.02,4.407,4.45,,,13.079,12.79,13.24,,,4.004,3.99,4.01,,,,0.511,,,,6.868,8.64,0.0,,,5.379,30.257,30.1,30.4,,,0.114,7686.0,7715.0,0.0,0.0,0.0,0.0,0.0,0.0,0.0,0.0,0.0,0.0,0.0,0.0,0.0,0.0,0.0,0.0,
2020-07-04T01:00:00Z,28.0,0.0,13.803,14.56,4.59,4.72,,,13.41,13.05,13.7,,,4.063,4.01,4.11,,,,1.059,,,,14.69,30.77,1.298,,,2.631,30.432,30.3,30.5,,,0.229,7716.0,7744.0,0.0,0.0,0.0,0.0,0.0,0.0,0.0,0.0,0.0,0.0,0.0,0.0,0.0,0.0,0.0,0.0,
2020-07-04T02:00:00Z,30.0,0.0,13.911,14.57,11.837,12.82,,,13.3,12.86,13.88,,,4.122,4.11,4.13,,,,1.837,,,,25.592,38.28,8.06,,,2.343,30.68,30.5,30.8,,,0.427,7745.0,7774.0,0.0,0.0,0.0,0.0,0.0,0.0,0.0,0.0,0.0,0.0,0.0,0.0,0.0,0.0,0.0,0.0,
2020-07-04T03:00:00Z,30.0,0.0,13.717,14.9,12.084,12.28,,,13.194,12.83,14.0,,,4.129,4.12,4.13,,,,1.567,,,,21.493,29.61,8.73,,,1.517,30.833,30.7,30.9,,,0.358,7775.0,7804.0,0.0,0.0,0.0,0.0,0.0,0.0,0.0,0.0,0.0,0.0,0.0,0.0,0.0,0.0,0.0,0.0,
2020-07-04T04:00:00Z,29.0,0.0,13.849,15.42,12.062,12.19,,,13.314,12.83,14.49,,,4.129,4.12,4.13,,,,1.56,,,,21.615,24.0,7.734,,,1.064,31.448,30.9,32.0,,,0.348,7805.0,7833.0,0.0,0.0,0.0,0.0,0.0,0.0,0.0,0.0,0.0,0.0,0.0,0.0,0.0,0.0,0.0,0.0,
2020-07-04T05:00:00Z,30.0,0.0,13.928,20.18,12.117,12.22,,,13.055,12.81,14.68,,,4.13,4.13,4.13,,,,1.615,,,,22.31,28.34,10.636,,,1.529,32.047,31.9,32.1,,,0.372,7834.0,7863.0,0.0,0.0,0.0,0.0,0.0,0.0,0.0,0.0,0.0,0.0,0.0,0.0,0.0,0.0,0.0,0.0,
2020-07-04T06:00:00Z,29.0,0.0,13.803,15.62,11.998,12.39,,,13.253,12.82,14.63,,,4.13,4.13,4.13,,,,1.648,,,,22.746,35.45,9.891,,,1.027,32.3,32.1,32.5,,,0.366,7864.0,7892.0,0.0,0.0,0.0,0.0,0.0,0.0,0.0,0.0,0.0,0.0,0.0,0.0,0.0,0.0,0.0,0.0,
2020-07-04T07:00:00Z,28.0,0.0,14.111,19.84,11.943,12.52,,,13.387,12.86,14.62,,,4.13,4.13,4.13,,,,1.655,,,,23.303,36.03,8.604,,,0.657,32.904,32.5,33.1,,,0.362,7893.0,7922.0,0.0,0.0,0.0,0.0,0.0,0.0,0.0,0.0,0.0,0.0,0.0,0.0,0.0,0.0,0.0,0.0,
2020-07-04T08:00:00Z,29.0,0.0,14.448,21.05,10.153,12.29,,,13.558,12.82,14.72,,,4.129,4.12,4.14,,,,1.314,,,,18.989,30.29,6.167,,,1.359,33.228,33.0,33.4,,,0.306,7923.0,7951.0,0.0,0.0,0.0,0.0,0.0,0.0,0.0,0.0,0.0,0.0,0.0,0.0,0.0,0.0,0.0,0.0,
2020-07-04T09:00:00Z,29.0,0.0,14.883,20.46,7.542,12.1,,,13.853,12.79,14.72,,,4.127,4.12,4.14,,,,0.864,,,,12.6,23.01,2.455,,,2.419,33.338,33.2,33.4,,,0.203,7952.0,7981.0,0.0,0.0,0.0,0.0,0.0,0.0,0.0,0.0,0.0,0.0,0.0,0.0,0.0,0.0,0.0,0.0,
2020-07-04T10:00:00Z,28.0,0.0,13.524,14.3,4.418,4.54,,,13.141,12.85,13.54,,,4.121,4.12,4.13,,,,0.295,,,,4.003,8.02,0.0,,,2.016,33.357,33.3,33.4,,,0.062,7982.0,8010.0,0.0,0.0,0.0,0.0,0.0,0.0,0.0,0.0,0.0,0.0,0.0,0.0,0.0,0.0,0.0,0.0,
2020-07-04T11:00:00Z,29.0,0.0,3.086,13.08,1.128,3.93,,,12.688,12.63,12.75,,,4.107,4.1,4.12,,,,0.036,,,,0.162,0.88,0.0,,,0.706,32.886,32.4,33.4,,,0.003,8012.0,8040.0,0.0,0.0,0.0,0.0,0.0,0.0,0.0,0.0,0.0,0.0,0.0,0.0,0.0,0.0,0.0,0.0,
2020-07-04T12:00:00Z,29.0,0.0,0.0,0.0,0.0,0.0,,,12.642,12.61,12.68,,,4.089,4.08,4.1,,,,0.026,,,,0.0,0.0,0.0,,,0.539,32.359,32.3,32.5,,,0.0,8041.0,8069.0,0.0,0.0,0.0,0.0,0.0,0.0,0.0,0.0,0.0,0.0,0.0,0.0,0.0,0.0,0.0,0.0,
2020-07-04T13:00:00Z,30.0,0.0,0.0,0.0,0.0,0.0,,,12.614,12.59,12.64,,,4.075,4.07,4.08,,,,0.024,,,,0.0,0.0,0.0,,,0.0,32.257,32.1,32.4,,,0.0,8070.0,8099.0,0.0,0.0,0.0,0.0,0.0,0.0,0.0,0.0,0.0,0.0,0.0,0.0,0.0,0.0,0.0,0.0,
2020-07-04T14:00:00Z,29.0,0.0,0.0,0.0,0.0,0.0,,,12.592,12.57,12.61,,,4.06,4.05,4.07,,,,0.027,,,,0.0,0.0,0.0,,,0.0,32.103,32.1,32.2,,,0.0,8100.0,8128.0,0.0,0.0,0.0,0.0,0.0,0.0,0.0,0.0,0.0,0.0,0.0,0.0,0.0,0.0,0.0,0.0,
2020-07-04T15:00:00Z,30.0,0.0,0.0,0.0,0.0,0.0,,,12.574,12.55,12.6,,,4.048,4.04,4.05,,,,0.027,,,,0.0,0.0,0.0,,,0.0,32.047,32.0,32.1,,,0.0,8129.0,8158.0,0.0,0.0,0.0,0.0,0.0,0.0,0.0,0.0,0.0,0.0,0.0,0.0,0.0,0.0,0.0,0.0,
2020-07-04T16:00:00Z,29.0,0.0,0.0,0.0,0.0,0.0,,,12.555,12.54,12.57,,,4.04,4.04,4.04,,,,0.031,,,,0.0,0.0,0.0,,,0.0,31.931,31.9,32.0,,,0.0,8159.0,8187.0,0.0,0.0,0.0,0.0,0.0,0.0,0.0,0.0,0.0,0.0,0.0,0.0,0.0,0.0,0.0,0.0,
2020-07-04T17:00:00Z,30.0,0.0,0.0,0.0,0.0,0.0,,,12.537,12.52,12.56,,,4.031,4.03,4.04,,,,0.027,,,,0.0,0.0,0.0,,,0.0,31.733,31.7,31.8,,,0.0,8188.0,8217.0,0.0,0.0,0.0,0.0,0.0,0.0,0.0,0.0,0.0,0.0,0.0,0.0,0.0,0.0,0.0,0.0,
2020-07-04T18:00:00Z,28.0,0.0,0.0,0.0,0.0,0.0,,,12.515,12.5,12.53,,,4.026,4.02,4.03,,,,0.025,,,,0.0,0.0,0.0,,,0.0,31.511,31.3,31.7,,,0.0,8218.0,8246.0,0.0,0.0,0.0,0.0,0.0,0.0,0.0,0.0,0.0,0.0,0.0,0.0,0.0,0.0,0.0,0.0,
2020-07-04T19:00:00Z,30.0,0.0,0.0,0.0,0.0,0.0,,,12.501,12.48,12.52,,,4.016,4.01,4.02,,,,0.023,,,,0.0,0.0,0.0,,,0.0,31.28,31.2,31.4,,,0.0,8247.0,8276.0,0.0,0.0,0.0,0.0,0.0,0.0,0.0,0.0,0.0,0.0,0.0,0.0,0.0,0.0,0.0,0.0,
2020-07-04T20:00:00Z,30.0,0.0,0.0,0.0,0.0,0.0,,,12.477,12.47,12.5,,,4.01,4.01,4.01,,,,0.022,,,,0.0,0.0,0.0,,,0.0,31.017,30.9,31.2,,,0.0,8277.0,8306.0,0.0,0.0,0.0,0.0,0.0,0.0,0.0,0.0,0.0,0.0,0.0,0.0,0.0,0.0,0.0,0.0,
2020-07-04T21:00:00Z,29.0,0.0,0.0,0.0,0.0,0.0,,,12.465,12.45,12.47,,,4.005,4.0,4.01,,,,0.026,,,,0.0,0.0,0.0,,,0.0,30.862,30.8,30.9,,,0.0,8307.0,8335.0,0.0,0.0,0.0,0.0,0.0,0.0,0.0,0.0,0.0,0.0,0.0,0.0,0.0,0.0,0.0,0.0,
2020-07-04T22:00:00Z,30.0,0.0,4.119,12.96,1.426,3.8,,,12.464,12.45,12.49,,,4.0,4.0,4.0,,,,0.037,,,,0.218,0.89,0.0,,,0.0,30.79,30.7,31.2,,,0.004,8336.0,8365.0,0.0,0.0,0.0,0.0,0.0,0.0,0.0,0.0,0.0,0.0,0.0,0.0,0.0,0.0,0.0,0.0,
2020-07-04T23:00:00Z,29.0,0.0,12.879,13.47,4.105,4.45,,,12.659,12.47,12.8,,,3.997,3.99,4.01,,,,0.161,,,,2.071,3.95,0.0,,,0.0,31.331,31.3,31.4,,,0.033,8366.0,8394.0,0.0,0.0,0.0,0.0,0.0,0.0,0.0,0.0,0.0,0.0,0.0,0.0,0.0,0.0,0.0,0.0,
2020-07-05T00:00:00Z,29.0,0.0,13.493,14.17,4.546,4.64,,,13.073,12.81,13.32,,,4.039,4.01,4.08,,,,0.605,,,,8.193,13.2,0.0,,,0.0,31.417,31.3,31.5,,,0.132,8395.0,8424.0,0.0,0.0,0.0,0.0,0.0,0.0,0.0,0.0,0.0,0.0,0.0,0.0,0.0,0.0,0.0,0.0,
2020-07-05T01:00:00Z,29.0,0.0,13.824,14.55,9.184,12.07,,,13.339,12.93,13.58,,,4.112,4.08,4.13,,,,1.195,,,,16.548,22.74,1.636,,,0.0,31.697,31.5,31.9,,,0.267,8425.0,8453.0,0.0,0.0,0.0,0.0,0.0,0.0,0.0,0.0,0.0,0.0,0.0,0.0,0.0,0.0,0.0,0.0,
2020-07-05T02:00:00Z,30.0,0.0,13.648,14.43,11.15,12.15,,,13.171,12.86,13.8,,,4.128,4.12,4.13,,,,1.554,,,,21.225,28.6,7.534,,,0.0,32.173,31.9,32.4,,,0.354,8454.0,8483.0,0.0,0.0,0.0,0.0,0.0,0.0,0.0,0.0,0.0,0.0,0.0,0.0,0.0,0.0,0.0,0.0,
2020-07-05T03:00:00Z,30.0,0.0,13.676,14.63,10.897,12.13,,,13.211,12.84,13.93,,,4.129,4.12,4.13,,,,1.463,,,,20.044,33.8,7.162,,,0.0,32.883,32.3,33.3,,,0.334,8484.0,8513.0,0.0,0.0,0.0,0.0,0.0,0.0,0.0,0.0,0.0,0.0,0.0,0.0,0.0,0.0,0.0,0.0,
2020-07-05T04:00:00Z,29.0,0.0,13.632,14.48,4.78,11.65,,,13.314,12.91,13.6,,,4.123,4.12,4.13,,,,0.583,,,,7.958,15.03,0.408,,,0.781,32.931,32.5,33.2,,,0.128,8514.0,8542.0,0.0,0.0,0.0,0.0,0.0,0.0,0.0,0.0,0.0,0.0,0.0,0.0,0.0,0.0,0.0,0.0,
2020-07-05T05:00:00Z,29.0,0.0,14.857,20.97,9.474,13.27,,,13.683,12.86,14.76,,,4.135,4.12,4.14,,,,1.44,,,,22.045,68.54,7.03,,,0.996,32.952,32.4,33.4,,,0.355,8543.0,8572.0,0.0,0.0,0.0,0.0,0.0,0.0,0.0,0.0,0.0,0.0,0.0,0.0,0.0,0.0,0.0,0.0,
2020-07-05T06:00:00Z,29.0,0.0,14.731,18.46,9.687,12.94,,,13.983,12.88,14.78,,,4.134,4.12,4.14,,,,1.331,,,,19.594,41.32,5.579,,,0.422,33.245,33.0,33.4,,,0.316,8573.0,8601.0,0.0,0.0,0.0,0.0,0.0,0.0,0.0,0.0,0.0,0.0,0.0,0.0,0.0,0.0,0.0,0.0,
2020-07-05T07:00:00Z,30.0,0.0,13.283,14.22,4.187,4.5,,,12.968,12.8,13.46,,,4.11,4.1,4.12,,,,0.19,,,,2.537,7.32,0.0,,,6.493,32.617,31.8,33.4,,,0.042,8602.0,8631.0,0.0,0.0,0.0,0.0,0.0,0.0,0.0,0.0,0.0,0.0,0.0,0.0,0.0,0.0,0.0,0.0,
2020-07-05T08:00:00Z,29.0,0.0,13.096,13.6,3.903,4.33,,,12.815,12.69,12.93,,,4.091,4.09,4.1,,,,0.129,,,,1.686,2.43,0.0,,,0.0,32.445,32.1,33.0,,,0.027,8632.0,8660.0,0.0,0.0,0.0,0.0,0.0,0.0,0.0,0.0,0.0,0.0,0.0,0.0,0.0,0.0,0.0,0.0,
2020-07-05T09:00:00Z,30.0,0.0,12.849,13.32,3.701,4.01,,,12.673,12.63,12.72,,,4.079,4.07,4.09,,,,0.069,,,,0.877,1.3,0.0,,,0.0,32.91,32.5,33.2,,,0.015,8661.0,8690.0,0.0,0.0,0.0,0.0,0.0,0.0,0.0,0.0,0.0,0.0,0.0,0.0,0.0,0.0,0.0,0.0,
2020-07-05T10:00:00Z,30.0,0.0,3.834,8.93,2.473,3.53,,,12.629,12.6,12.66,,,4.065,4.06,4.07,,,,0.028,,,,0.107,0.49,0.0,,,0.0,32.09,31.8,32.5,,,0.002,8691.0,8720.0,0.0,0.0,0.0,0.0,0.0,0.0,0.0,0.0,0.0,0.0,0.0,0.0,0.0,0.0,0.0,0.0,
2020-07-05T11:00:00Z,29.0,0.0,0.453,3.92,0.129,1.12,,,12.6,12.58,12.62,,,4.052,4.05,4.06,,,,0.028,,,,0.019,0.19,0.0,,,4.05,31.659,31.5,31.8,,,0.0,8721.0,8749.0,0.0,0.0,0.0,0.0,0.0,0.0,0.0,0.0,0.0,0.0,0.0,0.0,0.0,0.0,0.0,0.0,
2020-07-05T12:00:00Z,30.0,0.0,0.0,0.0,0.0,0.0,,,12.577,12.56,12.59,,,4.043,4.04,4.05,,,,0.035,,,,0.0,0.0,0.0,,,0.882,31.377,31.3,31.6,,,0.0,8750.0,8779.0,0.0,0.0,0.0,0.0,0.0,0.0,0.0,0.0,0.0,0.0,0.0,0.0,0.0,0.0,0.0,0.0,
2020-07-05T13:00:00Z,29.0,0.0,0.0,0.0,0.0,0.0,,,12.559,12.54,12.57,,,4.036,4.03,4.04,,,,0.029,,,,0.0,0.0,0.0,,,0.0,31.179,31.0,31.3,,,0.0,8780.0,8808.0,0.0,0.0,0.0,0.0,0.0,0.0,0.0,0.0,0.0,0.0,0.0,0.0,0.0,0.0,0.0,0.0,
2020-07-05T14:00:00Z,30.0,0.0,0.0,0.0,0.0,0.0,,,12.542,12.53,12.56,,,4.028,4.02,4.03,,,,0.026,,,,0.0,0.0,0.0,,,0.0,30.967,30.9,31.1,,,0.0,8809.0,8838.0,0.0,0.0,0.0,0.0,0.0,0.0,0.0,0.0,0.0,0.0,0.0,0.0,0.0,0.0,0.0,0.0,
2020-07-05T15:00:00Z,30.0,0.0,0.0,0.0,0.0,0.0,,,12.525,12.51,12.54,,,4.02,4.02,4.02,,,,0.025,,,,0.0,0.0,0.0,,,0.227,30.837,30.8,30.9,,,0.0,8839.0,8868.0,0.0,0.0,0.0,0.0,0.0,0.0,0.0,0.0,0.0,0.0,0.0,0.0,0.0,0.0,0.0,0.0,
2020-07-05T16:00:00Z,28.0,0.0,0.0,0.0,0.0,0.0,,,12.505,12.48,12.52,,,4.011,4.01,4.02,,,,0.024,,,,0.0,0.0,0.0,,,0.0,30.732,30.7,30.8,,,0.0,8869.0,8897.0,0.0,0.0,0.0,0.0,0.0,0.0,0.0,0.0,0.0,0.0,0.0,0.0,0.0,0.0,0.0,0.0,
2020-07-05T17:00:00Z,30.0,0.0,0.0,0.0,0.0,0.0,,,12.488,12.47,12.51,,,4.009,4.0,4.01,,,,0.024,,,,0.0,0.0,0.0,,,0.0,30.627,30.5,30.7,,,0.0,8898.0,8927.0,0.0,0.0,0.0,0.0,0.0,0.0,0.0,0.0,0.0,0.0,0.0,0.0,0.0,0.0,0.0,0.0,
2020-07-05T18:00:00Z,27.0,0.0,0.0,0.0,0.0,0.0,,,12.47,12.46,12.49,,,4.0,4.0,4.01,,,,0.027,,,,0.0,0.0,0.0,,,0.0,30.496,30.4,30.5,,,0.0,8928.0,8956.0,0.0,0.0,0.0,0.0,0.0,0.0,0.0,0.0,0.0,0.0,0.0,0.0,0.0,0.0,0.0,0.0,
2020-07-05T19:00:00Z,30.0,0.0,0.0,0.0,0.0,0.0,,,12.461,12.45,12.47,,,3.997,3.99,4.0,,,,0.026,,,,0.0,0.0,0.0,,,0.0,30.357,30.3,30.5,,,0.0,8957.0,8986.0,0.0,0.0,0.0,0.0,0.0,0.0,0.0,0.0,0.0,0.0,0.0,0.0,0.0,0.0,0.0,0.0,
2020-07-05T20:00:00Z,29.0,0.0,0.0,0.0,0.0,0.0,,,12.453,12.44,12.47,,,3.99,3.99,3.99,,,,0.027,,,,0.0,0.0,0.0,,,0.0,30.214,30.1,30.3,,,0.0,8987.0,9015.0,0.0,0.0,0.0,0.0,0.0,0.0,0.0,0.0,0.0,0.0,0.0,0.0,0.0,0.0,0.0,0.0,
2020-07-05T21:00:00Z,30.0,0.0,0.0,0.0,0.0,0.0,,,12.447,12.43,12.45,,,3.99,3.99,3.99,,,,0.026,,,,0.0,0.0,0.0,,,0.0,30.103,30.1,30.2,,,0.0,9016.0,9045.0,0.0,0.0,0.0,0.0,0.0,0.0,0.0,0.0,0.0,0.0,0.0,0.0,0.0,0.0,0.0,0.0,
2020-07-05T22:00:00Z,29.0,0.0,2.871,13.04,1.181,3.87,,,12.441,12.43,12.46,,,3.987,3.98,3.99,,,,0.033,,,,0.127,0.68,0.0,,,0.0,30.117,30.0,30.5,,,0.002,9046.0,9074.0,0.0,0.0,0.0,0.0,0.0,0.0,0.0,0.0,0.0,0.0,0.0,0.0,0.0,0.0,0.0,0.0,
2020-07-05T23:00:00Z,30.0,0.0,13.033,13.63,4.113,4.42,,,12.666,12.47,12.87,,,3.984,3.98,3.99,,,,0.212,,,,2.758,5.83,0.0,,,0.0,30.757,30.5,30.8,,,0.046,9075.0,9104.0,0.0,0.0,0.0,0.0,0.0,0.0,0.0,0.0,0.0,0.0,0.0,0.0,0.0,0.0,0.0,0.0,
2020-07-06T00:00:00Z,29.0,0.0,13.508,14.18,4.464,4.62,,,13.13,12.88,13.45,,,4.004,3.99,4.04,,,,0.671,,,,9.11,17.03,0.0,,,0.0,30.828,30.7,30.9,,,0.147,9105.0,9133.0,0.0,0.0,0.0,0.0,0.0,0.0,0.0,0.0,0.0,0.0,0.0,0.0,0.0,0.0,0.0,0.0,
2020-07-06T01:00:00Z,30.0,0.0,13.647,14.48,4.511,4.66,,,13.232,12.99,13.6,,,4.052,4.04,4.06,,,,0.759,,,,10.424,21.39,0.0,,,0.0,30.957,30.9,31.0,,,0.174,9134.0,9163.0,0.0,0.0,0.0,0.0,0.0,0.0,0.0,0.0,0.0,0.0,0.0,0.0,0.0,0.0,0.0,0.0,
2020-07-06T02:00:00Z,29.0,0.0,13.566,14.18,4.516,4.59,,,13.209,13.09,13.38,,,4.074,4.05,4.1,,,,0.653,,,,8.871,12.98,0.0,,,0.736,30.969,30.9,31.1,,,0.143,9164.0,9193.0,0.0,0.0,0.0,0.0,0.0,0.0,0.0,0.0,0.0,0.0,0.0,0.0,0.0,0.0,0.0,0.0,
2020-07-06T03:00:00Z,29.0,0.0,12.985,13.46,3.808,4.47,,,12.748,12.64,13.08,,,4.081,4.07,4.09,,,,0.127,,,,1.637,5.21,0.0,,,5.684,31.048,30.9,31.3,,,0.026,9194.0,9222.0,0.0,0.0,0.0,0.0,0.0,0.0,0.0,0.0,0.0,0.0,0.0,0.0,0.0,0.0,0.0,0.0,
2020-07-06T04:00:00Z,30.0,0.0,13.189,13.93,4.281,4.5,,,12.847,12.72,13.14,,,4.068,4.06,4.08,,,,0.28,,,,3.721,8.54,0.0,,,0.0,31.04,30.9,31.2,,,0.062,9223.0,9252.0,0.0,0.0,0.0,0.0,0.0,0.0,0.0,0.0,0.0,0.0,0.0,0.0,0.0,0.0,0.0,0.0,
2020-07-06T05:00:00Z,29.0,0.0,13.714,14.31,8.758,12.46,,,13.31,12.86,13.55,,,4.112,4.08,4.13,,,,1.118,,,,15.336,23.01,2.039,,,0.0,31.314,31.2,31.4,,,0.247,9253.0,9281.0,0.0,0.0,0.0,0.0,0.0,0.0,0.0,0.0,0.0,0.0,0.0,0.0,0.0,0.0,0.0,0.0,
2020-07-06T06:00:00Z,30.0,0.0,13.593,14.52,11.49,12.56,,,13.165,12.85,13.94,,,4.127,4.12,4.13,,,,1.447,,,,19.675,27.3,7.118,,,3.314,31.45,31.3,31.7,,,0.328,9282.0,9311.0,0.0,0.0,0.0,0.0,0.0,0.0,0.0,0.0,0.0,0.0,0.0,0.0,0.0,0.0,0.0,0.0,
2020-07-06T07:00:00Z,30.0,0.0,14.164,15.84,12.37,12.76,,,13.519,12.87,14.64,,,4.13,4.13,4.13,,,,2.158,,,,30.94,50.4,11.172,,,5.88,32.003,31.7,32.1,,,0.516,9312.0,9341.0,0.0,0.0,0.0,0.0,0.0,0.0,0.0,0.0,0.0,0.0,0.0,0.0,0.0,0.0,0.0,0.0,
2020-07-06T08:00:00Z,29.0,0.0,13.993,15.68,11.226,12.56,,,13.332,12.87,14.78,,,4.129,4.12,4.13,,,,1.589,,,,22.253,32.44,8.276,,,8.239,32.014,31.8,32.1,,,0.359,9342.0,9370.0,0.0,0.0,0.0,0.0,0.0,0.0,0.0,0.0,0.0,0.0,0.0,0.0,0.0,0.0,0.0,0.0,
2020-07-06T09:00:00Z,27.0,0.0,14.029,20.46,7.04,12.32,,,13.407,12.86,14.65,,,4.123,4.11,4.13,,,,0.817,,,,11.556,24.98,2.629,,,2.785,32.104,32.0,32.2,,,0.173,9371.0,9400.0,0.0,0.0,0.0,0.0,0.0,0.0,0.0,0.0,0.0,0.0,0.0,0.0,0.0,0.0,0.0,0.0,
2020-07-06T10:00:00Z,29.0,0.0,12.901,14.27,3.993,4.55,,,12.885,12.65,13.49,,,4.113,4.1,4.12,,,,0.153,,,,2.039,8.59,0.0,,,9.635,32.017,31.9,32.1,,,0.033,9401.0,9429.0,0.0,0.0,0.0,0.0,0.0,0.0,0.0,0.0,0.0,0.0,0.0,0.0,0.0,0.0,0.0,0.0,
2020-07-06T11:00:00Z,29.0,0.0,1.312,7.0,0.737,2.96,,,12.633,12.61,12.66,,,4.094,4.09,4.1,,,,0.043,,,,0.068,0.44,0.0,,,5.419,31.383,31.1,32.0,,,0.001,9430.0,9459.0,0.0,0.0,0.0,0.0,0.0,0.0,0.0,0.0,0.0,0.0,0.0,0.0,0.0,0.0,0.0,0.0,
2020-07-06T12:00:00Z,29.0,0.0,0.0,0.0,0.0,0.0,,,12.606,12.57,12.64,,,4.078,4.07,4.09,,,,0.028,,,,0.0,0.0,0.0,,,1.52,31.038,31.0,31.1,,,0.0,9460.0,9488.0,0.0,0.0,0.0,0.0,0.0,0.0,0.0,0.0,0.0,0.0,0.0,0.0,0.0,0.0,0.0,0.0,
2020-07-06T13:00:00Z,30.0,0.0,0.0,0.0,0.0,0.0,,,12.583,12.56,12.61,,,4.065,4.06,4.07,,,,0.034,,,,0.0,0.0,0.0,,,0.0,30.943,30.9,31.0,,,0.0,9489.0,9518.0,0.0,0.0,0.0,0.0,0.0,0.0,0.0,0.0,0.0,0.0,0.0,0.0,0.0,0.0,0.0,0.0,
2020-07-06T14:00:00Z,30.0,0.0,0.0,0.0,0.0,0.0,,,12.566,12.54,12.59,,,4.053,4.05,4.06,,,,0.033,,,,0.0,0.0,0.0,,,0.0,30.893,30.8,30.9,,,0.0,9519.0,9548.0,0.0,0.0,0.0,0.0,0.0,0.0,0.0,0.0,0.0,0.0,0.0,0.0,0.0,0.0,0.0,0.0,
2020-07-06T15:00:00Z,29.0,0.0,0.0,0.0,0.0,0.0,,,12.546,12.53,12.57,,,4.041,4.04,4.05,,,,0.035,,,,0.0,0.0,0.0,,,0.0,30.779,30.7,30.8,,,0.0,9549.0,9577.0,0.0,0.0,0.0,0.0,0.0,0.0,0.0,0.0,0.0,0.0,0.0,0.0,0.0,0.0,0.0,0.0,
2020-07-06T16:00:00Z,30.0,0.0,0.0,0.0,0.0,0.0,,,12.525,12.51,12.54,,,4.034,4.03,4.04,,,,0.03,,,,0.0,0.0,0.0,,,0.0,30.683,30.6,30.7,,,0.0,9578.0,9607.0,0.0,0.0,0.0,0.0,0.0,0.0,0.0,0.0,0.0,0.0,0.0,0.0,0.0,0.0,0.0,0.0,
2020-07-06T17:00:00Z,29.0,0.0,0.0,0.0,0.0,0.0,,,12.51,12.49,12.52,,,4.028,4.02,4.03,,,,0.029,,,,0.0,0.0,0.0,,,0.0,30.576,30.5,30.7,,,0.0,9608.0,9636.0,0.0,0.0,0.0,0.0,0.0,0.0,0.0,0.0,0.0,0.0,0.0,0.0,0.0,0.0,0.0,0.0,
2020-07-06T18:00:00Z,30.0,0.0,0.0,0.0,0.0,0.0,,,12.493,12.47,12.51,,,4.02,4.01,4.03,,,,0.023,,,,0.0,0.0,0.0,,,0.0,30.5,30.5,30.5,,,0.0,9637.0,9666.0,0.0,0.0,0.0,0.0,0.0,0.0,0.0,0.0,0.0,0.0,0.0,0.0,0.0,0.0,0.0,0.0,
2020-07-06T19:00:00Z,29.0,0.0,0.0,0.0,0.0,0.0,,,12.476,12.47,12.49,,,4.01,4.01,4.02,,,,0.026,,,,0.0,0.0,0.0,,,0.0,30.397,30.3,30.5,,,0.0,9667.0,9695.0,0.0,0.0,0.0,0.0,0.0,0.0,0.0,0.0,0.0,0.0,0.0,0.0,0.0,0.0,0.0,0.0,
2020-07-06T20:00:00Z,30.0,0.0,0.0,0.0,0.0,0.0,,,12.46,12.45,12.47,,,4.009,4.0,4.01,,,,0.024,,,,0.0,0.0,0.0,,,0.0,30.24,30.2,30.3,,,0.0,9696.0,9725.0,0.0,0.0,0.0,0.0,0.0,0.0,0.0,0.0,0.0,0.0,0.0,0.0,0.0,0.0,0.0,0.0,
2020-07-06T21:00:00Z,29.0,0.0,0.0,0.0,0.0,0.0,,,12.448,12.44,12.45,,,4.0,4.0,4.01,,,,0.027,,,,0.0,0.0,0.0,,,0.0,30.138,30.1,30.2,,,0.0,9726.0,9754.0,0.0,0.0,0.0,0.0,0.0,0.0,0.0,0.0,0.0,0.0,0.0,0.0,0.0,0.0,0.0,0.0,
2020-07-06T22:00:00Z,30.0,0.0,3.856,13.11,1.492,3.89,,,12.439,12.42,12.55,,,3.998,3.99,4.0,,,,0.04,,,,0.229,1.53,0.0,,,0.0,30.207,30.1,30.7,,,0.004,9755.0,9784.0,0.0,0.0,0.0,0.0,0.0,0.0,0.0,0.0,0.0,0.0,0.0,0.0,0.0,0.0,0.0,0.0,
2020-07-06T23:00:00Z,30.0,0.0,12.931,13.42,4.177,4.43,,,12.646,12.43,12.73,,,3.991,3.99,4.0,,,,0.153,,,,1.966,3.34,0.0,,,0.0,30.813,30.6,30.9,,,0.033,9785.0,9814.0,0.0,0.0,0.0,0.0,0.0,0.0,0.0,0.0,0.0,0.0,0.0,0.0,0.0,0.0,0.0,0.0,
2020-07-07T00:00:00Z,29.0,0.0,13.389,14.27,4.443,4.63,,,12.981,12.72,13.39,,,4.014,4.0,4.05,,,,0.544,,,,7.394,17.12,0.0,,,0.0,30.897,30.8,30.9,,,0.119,9815.0,9843.0,0.0,0.0,0.0,0.0,0.0,0.0,0.0,0.0,0.0,0.0,0.0,0.0,0.0,0.0,0.0,0.0,
2020-07-07T01:00:00Z,30.0,0.0,13.789,14.78,4.995,11.71,,,13.199,13.0,13.74,,,4.067,4.04,4.14,,,,0.923,,,,12.89,29.06,1.603,,,0.0,30.967,30.9,31.3,,,0.215,9844.0,9873.0,0.0,0.0,0.0,0.0,0.0,0.0,0.0,0.0,0.0,0.0,0.0,0.0,0.0,0.0,0.0,0.0,
2020-07-07T02:00:00Z,28.0,0.0,13.754,14.82,8.724,13.08,,,13.164,12.85,14.36,,,4.117,4.09,4.14,,,,1.354,,,,18.825,37.98,5.58,,,4.318,31.254,31.1,31.4,,,0.293,9874.0,9902.0,0.0,0.0,0.0,0.0,0.0,0.0,0.0,0.0,0.0,0.0,0.0,0.0,0.0,0.0,0.0,0.0,
2020-07-07T03:00:00Z,30.0,0.0,13.77,15.03,6.856,12.96,,,13.252,12.85,13.75,,,4.127,4.12,4.14,,,,1.002,,,,13.948,45.08,2.816,,,8.314,31.467,31.2,31.7,,,0.232,9903.0,9932.0,0.0,0.0,0.0,0.0,0.0,0.0,0.0,0.0,0.0,0.0,0.0,0.0,0.0,0.0,0.0,0.0,
2020-07-07T04:00:00Z,27.0,0.0,14.69,21.44,9.452,13.05,,,13.667,13.01,14.55,,,4.128,4.12,4.14,,,,1.679,,,,24.463,50.64,7.581,,,7.137,32.078,31.7,32.2,,,0.367,9933.0,9961.0,0.0,0.0,0.0,0.0,0.0,0.0,0.0,0.0,0.0,0.0,0.0,0.0,0.0,0.0,0.0,0.0,
2020-07-07T05:00:00Z,30.0,0.0,15.597,20.09,10.652,13.22,,,14.244,13.01,14.93,,,4.137,4.12,4.14,,,,2.1,,,,32.982,49.72,10.587,,,7.261,32.497,32.0,33.1,,,0.55,9962.0,9991.0,0.0,0.0,0.0,0.0,0.0,0.0,0.0,0.0,0.0,0.0,0.0,0.0,0.0,0.0,0.0,0.0,
2020-07-07T06:00:00Z,30.0,0.0,16.234,20.84,12.045,12.64,,,14.481,13.12,14.93,,,4.138,4.13,4.14,,,,2.471,,,,39.663,56.23,12.896,,,6.183,33.287,32.9,33.7,,,0.661,9992.0,10021.0,0.0,0.0,0.0,0.0,0.0,0.0,0.0,0.0,0.0,0.0,0.0,0.0,0.0,0.0,0.0,0.0,
2020-07-07T07:00:00Z,29.0,0.0,15.257,20.96,12.076,12.67,,,14.097,13.34,14.66,,,4.138,4.12,4.14,,,,2.059,,,,30.782,42.18,11.174,,,9.146,33.307,33.0,33.6,,,0.496,10022.0,10050.0,0.0,0.0,0.0,0.0,0.0,0.0,0.0,0.0,0.0,0.0,0.0,0.0,0.0,0.0,0.0,0.0,
2020-07-07T08:00:00Z,30.0,0.0,13.859,18.66,12.195,12.34,,,13.188,12.82,14.75,,,4.131,4.13,4.14,,,,1.743,,,,24.151,29.38,11.646,,,8.769,33.46,33.2,33.8,,,0.403,10051.0,10080.0,0.0,0.0,0.0,0.0,0.0,0.0,0.0,0.0,0.0,0.0,0.0,0.0,0.0,0.0,0.0,0.0,
2020-07-07T09:00:00Z,29.0,0.0,15.106,20.72,8.597,12.1,,,13.903,12.92,14.85,,,4.126,4.12,4.13,,,,0.904,,,,13.244,20.51,2.88,,,10.642,33.5,33.4,33.6,,,0.213,10081.0,10109.0,0.0,0.0,0.0,0.0,0.0,0.0,0.0,0.0,0.0,0.0,0.0,0.0,0.0,0.0,0.0,0.0,
2020-07-07T10:00:00Z,29.0,0.0,13.567,14.5,4.368,4.55,,,13.256,12.78,13.72,,,4.125,4.12,4.13,,,,0.334,,,,4.603,8.8,0.0,,,8.25,33.476,33.4,33.7,,,0.074,10110.0,10139.0,0.0,0.0,0.0,0.0,0.0,0.0,0.0,0.0,0.0,0.0,0.0,0.0,0.0,0.0,0.0,0.0,
2020-07-07T11:00:00Z,30.0,0.0,2.463,13.31,1.056,3.78,,,12.722,12.69,12.78,,,4.107,4.1,4.12,,,,0.037,,,,0.112,1.04,0.0,,,4.392,32.97,32.6,33.4,,,0.002,10140.0,10169.0,0.0,0.0,0.0,0.0,0.0,0.0,0.0,0.0,0.0,0.0,0.0,0.0,0.0,0.0,0.0,0.0,
2020-07-07T12:00:00Z,29.0,0.0,0.0,0.0,0.0,0.0,,,12.684,12.65,12.72,,,4.09,4.08,4.1,,,,0.028,,,,0.0,0.0,0.0,,,1.999,32.614,32.4,32.7,,,0.0,10170.0,10198.0,0.0,0.0,0.0,0.0,0.0,0.0,0.0,0.0,0.0,0.0,0.0,0.0,0.0,0.0,0.0,0.0,
2020-07-07T13:00:00Z,29.0,0.0,0.0,0.0,0.0,0.0,,,12.652,12.62,12.69,,,4.076,4.07,4.08,,,,0.027,,,,0.0,0.0,0.0,,,0.0,32.531,32.4,32.7,,,0.0,10199.0,10228.0,0.0,0.0,0.0,0.0,0.0,0.0,0.0,0.0,0.0,0.0,0.0,0.0,0.0,0.0,0.0,0.0,
2020-07-07T14:00:00Z,29.0,0.0,0.0,0.0,0.0,0.0,,,12.622,12.59,12.64,,,4.062,4.05,4.07,,,,0.027,,,,0.0,0.0,0.0,,,0.0,32.552,32.5,32.7,,,0.0,10229.0,10257.0,0.0,0.0,0.0,0.0,0.0,0.0,0.0,0.0,0.0,0.0,0.0,0.0,0.0,0.0,0.0,0.0,
2020-07-07T15:00:00Z,30.0,0.0,0.0,0.0,0.0,0.0,,,12.604,12.59,12.63,,,4.049,4.04,4.06,,,,0.032,,,,0.0,0.0,0.0,,,0.0,32.28,32.1,32.5,,,0.0,10258.0,10287.0,0.0,0.0,0.0,0.0,0.0,0.0,0.0,0.0,0.0,0.0,0.0,0.0,0.0,0.0,0.0,0.0,
2020-07-07T16:00:00Z,29.0,0.0,0.0,0.0,0.0,0.0,,,12.59,12.57,12.61,,,4.04,4.04,4.05,,,,0.03,,,,0.0,0.0,0.0,,,0.0,32.086,32.0,32.1,,,0.0,10288.0,10316.0,0.0,0.0,0.0,0.0,0.0,0.0,0.0,0.0,0.0,0.0,0.0,0.0,0.0,0.0,0.0,0.0,
2020-07-07T17:00:00Z,30.0,0.0,0.0,0.0,0.0,0.0,,,12.571,12.56,12.59,,,4.032,4.03,4.04,,,,0.024,,,,0.0,0.0,0.0,,,0.0,31.95,31.9,32.0,,,0.0,10317.0,10346.0,0.0,0.0,0.0,0.0,0.0,0.0,0.0,0.0,0.0,0.0,0.0,0.0,0.0,0.0,0.0,0.0,
2020-07-07T18:00:00Z,30.0,0.0,0.0,0.0,0.0,0.0,,,12.559,12.54,12.57,,,4.026,4.02,4.03,,,,0.024,,,,0.0,0.0,0.0,,,0.0,31.743,31.7,31.9,,,0.0,10347.0,10376.0,0.0,0.0,0.0,0.0,0.0,0.0,0.0,0.0,0.0,0.0,0.0,0.0,0.0,0.0,0.0,0.0,
2020-07-07T19:00:00Z,29.0,0.0,0.0,0.0,0.0,0.0,,,12.542,12.53,12.57,,,4.017,4.01,4.02,,,,0.023,,,,0.0,0.0,0.0,,,0.0,31.597,31.5,31.7,,,0.0,10377.0,10405.0,0.0,0.0,0.0,0.0,0.0,0.0,0.0,0.0,0.0,0.0,0.0,0.0,0.0,0.0,0.0,0.0,
2020-07-07T20:00:00Z,30.0,0.0,0.0,0.0,0.0,0.0,,,12.529,12.51,12.54,,,4.01,4.01,4.01,,,,0.023,,,,0.0,0.0,0.0,,,0.0,31.403,31.3,31.5,,,0.0,10406.0,10435.0,0.0,0.0,0.0,0.0,0.0,0.0,0.0,0.0,0.0,0.0,0.0,0.0,0.0,0.0,0.0,0.0,
2020-07-07T21:00:00Z,29.0,0.0,0.0,0.0,0.0,0.0,,,12.514,12.5,12.52,,,4.006,4.0,4.01,,,,0.024,,,,0.0,0.0,0.0,,,0.0,31.283,31.2,31.3,,,0.0,10436.0,10464.0,0.0,0.0,0.0,0.0,0.0,0.0,0.0,0.0,0.0,0.0,0.0,0.0,0.0,0.0,0.0,0.0,
2020-07-07T22:00:00Z,30.0,0.0,4.033,13.15,1.409,3.84,,,12.509,12.49,12.55,,,4.0,4.0,4.0,,,,0.036,,,,0.213,1.05,0.0,,,0.0,31.21,31.1,31.6,,,0.004,10465.0,10494.0,0.0,0.0,0.0,0.0,0.0,0.0,0.0,0.0,0.0,0.0,0.0,0.0,0.0,0.0,0.0,0.0,
2020-07-07T23:00:00Z,29.0,0.0,13.057,13.61,4.271,4.41,,,12.79,12.54,12.97,,,3.998,3.99,4.01,,,,0.233,,,,3.052,6.06,0.0,,,0.0,31.828,31.7,32.0,,,0.049,10495.0,10523.0,0.0,0.0,0.0,0.0,0.0,0.0,0.0,0.0,0.0,0.0,0.0,0.0,0.0,0.0,0.0,0.0,
2020-07-08T00:00:00Z,30.0,0.0,13.563,14.09,4.467,4.54,,,13.147,13.0,13.32,,,4.027,4.01,4.04,,,,0.58,,,,7.856,11.58,0.0,,,0.0,31.9,31.8,32.0,,,0.131,10524.0,10553.0,0.0,0.0,0.0,0.0,0.0,0.0,0.0,0.0,0.0,0.0,0.0,0.0,0.0,0.0,0.0,0.0,
2020-07-08T01:00:00Z,30.0,0.0,13.893,14.53,7.05,12.25,,,13.376,12.88,13.73,,,4.09,4.04,4.13,,,,1.219,,,,16.962,27.62,2.385,,,0.0,32.0,31.8,32.3,,,0.283,10554.0,10583.0,0.0,0.0,0.0,0.0,0.0,0.0,0.0,0.0,0.0,0.0,0.0,0.0,0.0,0.0,0.0,0.0,
2020-07-08T02:00:00Z,29.0,0.0,13.778,14.95,11.899,12.27,,,13.176,12.84,14.01,,,4.127,4.12,4.13,,,,1.887,,,,26.141,46.41,10.799,,,0.0,32.466,32.3,32.6,,,0.421,10584.0,10612.0,0.0,0.0,0.0,0.0,0.0,0.0,0.0,0.0,0.0,0.0,0.0,0.0,0.0,0.0,0.0,0.0,
2020-07-08T03:00:00Z,30.0,0.0,13.994,15.15,8.997,12.55,,,13.519,13.03,14.16,,,4.127,4.12,4.13,,,,1.681,,,,23.613,44.79,6.597,,,0.0,32.793,32.4,33.0,,,0.394,10613.0,10642.0,0.0,0.0,0.0,0.0,0.0,0.0,0.0,0.0,0.0,0.0,0.0,0.0,0.0,0.0,0.0,0.0,
2020-07-08T04:00:00Z,29.0,0.0,13.675,14.05,4.488,4.52,,,13.262,13.19,13.34,,,4.128,4.12,4.13,,,,0.461,,,,6.294,7.31,0.0,,,0.152,32.579,32.3,33.0,,,0.101,10643.0,10671.0,0.0,0.0,0.0,0.0,0.0,0.0,0.0,0.0,0.0,0.0,0.0,0.0,0.0,0.0,0.0,0.0,
2020-07-08T05:00:00Z,30.0,0.0,13.265,14.1,4.343,4.53,,,12.981,12.86,13.34,,,4.117,4.1,4.13,,,,0.221,,,,2.944,7.58,0.0,,,4.378,32.333,32.1,32.5,,,0.049,10672.0,10701.0,0.0,0.0,0.0,0.0,0.0,0.0,0.0,0.0,0.0,0.0,0.0,0.0,0.0,0.0,0.0,0.0,
2020-07-08T06:00:00Z,30.0,0.0,13.395,13.93,4.375,4.51,,,12.981,12.68,13.22,,,4.11,4.1,4.11,,,,0.285,,,,3.818,7.12,0.0,,,1.989,32.397,32.2,32.5,,,0.064,10702.0,10731.0,0.0,0.0,0.0,0.0,0.0,0.0,0.0,0.0,0.0,0.0,0.0,0.0,0.0,0.0,0.0,0.0,
2020-07-08T07:00:00Z,29.0,0.0,13.261,13.6,4.366,4.4,,,12.867,12.84,12.92,,,4.102,4.1,4.11,,,,0.196,,,,2.597,3.22,0.0,,,0.0,32.345,32.2,32.5,,,0.042,10732.0,10760.0,0.0,0.0,0.0,0.0,0.0,0.0,0.0,0.0,0.0,0.0,0.0,0.0,0.0,0.0,0.0,0.0,
2020-07-08T08:00:00Z,30.0,0.0,13.691,14.42,4.544,4.59,,,13.375,12.9,13.66,,,4.117,4.1,4.13,,,,0.583,,,,8.007,10.18,0.0,,,0.0,32.107,32.1,32.2,,,0.133,10761.0,10790.0,0.0,0.0,0.0,0.0,0.0,0.0,0.0,0.0,0.0,0.0,0.0,0.0,0.0,0.0,0.0,0.0,
2020-07-08T09:00:00Z,29.0,0.0,14.06,14.78,4.552,4.61,,,13.572,13.18,13.99,,,4.125,4.12,4.13,,,,0.598,,,,8.422,11.45,0.0,,,0.0,32.124,32.1,32.2,,,0.136,10791.0,10819.0,0.0,0.0,0.0,0.0,0.0,0.0,0.0,0.0,0.0,0.0,0.0,0.0,0.0,0.0,0.0,0.0,
2020-07-08T10:00:00Z,30.0,0.0,13.273,13.84,4.124,4.47,,,12.914,12.68,13.16,,,4.116,4.11,4.13,,,,0.175,,,,2.339,4.22,0.0,,,0.0,32.1,32.1,32.1,,,0.039,10820.0,10849.0,0.0,0.0,0.0,0.0,0.0,0.0,0.0,0.0,0.0,0.0,0.0,0.0,0.0,0.0,0.0,0.0,
2020-07-08T11:00:00Z,29.0,0.0,2.146,13.18,0.891,3.85,,,12.639,12.6,12.69,,,4.099,4.09,4.11,,,,0.036,,,,0.125,0.99,0.0,,,0.0,31.648,31.3,32.1,,,0.002,10850.0,10878.0,0.0,0.0,0.0,0.0,0.0,0.0,0.0,0.0,0.0,0.0,0.0,0.0,0.0,0.0,0.0,0.0,
2020-07-08T12:00:00Z,30.0,0.0,0.0,0.0,0.0,0.0,,,12.604,12.58,12.63,,,4.082,4.07,4.09,,,,0.029,,,,0.0,0.0,0.0,,,0.0,31.227,31.1,31.3,,,0.0,10879.0,10908.0,0.0,0.0,0.0,0.0,0.0,0.0,0.0,0.0,0.0,0.0,0.0,0.0,0.0,0.0,0.0,0.0,
2020-07-08T13:00:00Z,29.0,0.0,0.0,0.0,0.0,0.0,,,12.584,12.56,12.6,,,4.068,4.06,4.08,,,,0.028,,,,0.0,0.0,0.0,,,0.0,31.066,31.0,31.2,,,0.0,10909.0,10937.0,0.0,0.0,0.0,0.0,0.0,0.0,0.0,0.0,0.0,0.0,0.0,0.0,0.0,0.0,0.0,0.0,
2020-07-08T14:00:00Z,30.0,0.0,0.0,0.0,0.0,0.0,,,12.564,12.54,12.58,,,4.054,4.05,4.06,,,,0.031,,,,0.0,0.0,0.0,,,0.0,30.92,30.9,31.0,,,0.0,10938.0,10967.0,0.0,0.0,0.0,0.0,0.0,0.0,0.0,0.0,0.0,0.0,0.0,0.0,0.0,0.0,0.0,0.0,
2020-07-08T15:00:00Z,30.0,0.0,0.0,0.0,0.0,0.0,,,12.547,12.52,12.57,,,4.045,4.04,4.05,,,,0.028,,,,0.0,0.0,0.0,,,0.0,30.847,30.7,30.9,,,0.0,10968.0,10997.0,0.0,0.0,0.0,0.0,0.0,0.0,0.0,0.0,0.0,0.0,0.0,0.0,0.0,0.0,0.0,0.0,
2020-07-08T16:00:00Z,29.0,0.0,0.0,0.0,0.0,0.0,,,12.534,12.51,12.55,,,4.037,4.03,4.04,,,,0.031,,,,0.0,0.0,0.0,,,0.0,30.683,30.6,30.8,,,0.0,10998.0,11026.0,0.0,0.0,0.0,0.0,0.0,0.0,0.0,0.0,0.0,0.0,0.0,0.0,0.0,0.0,0.0,0.0,
2020-07-08T17:00:00Z,30.0,0.0,0.0,0.0,0.0,0.0,,,12.517,12.5,12.54,,,4.03,4.02,4.03,,,,0.028,,,,0.0,0.0,0.0,,,0.0,30.533,30.5,30.6,,,0.0,11027.0,11056.0,0.0,0.0,0.0,0.0,0.0,0.0,0.0,0.0,0.0,0.0,0.0,0.0,0.0,0.0,0.0,0.0,
2020-07-08T18:00:00Z,27.0,0.0,0.0,0.0,0.0,0.0,,,12.497,12.47,12.51,,,4.02,4.01,4.02,,,,0.026,,,,0.0,0.0,0.0,,,0.0,30.467,30.3,30.5,,,0.0,11057.0,11085.0,0.0,0.0,0.0,0.0,0.0,0.0,0.0,0.0,0.0,0.0,0.0,0.0,0.0,0.0,0.0,0.0,
2020-07-08T19:00:00Z,29.0,0.0,0.0,0.0,0.0,0.0,,,12.48,12.47,12.5,,,4.01,4.01,4.02,,,,0.024,,,,0.0,0.0,0.0,,,0.0,30.255,30.1,30.4,,,0.0,11086.0,11115.0,0.0,0.0,0.0,0.0,0.0,0.0,0.0,0.0,0.0,0.0,0.0,0.0,0.0,0.0,0.0,0.0,
2020-07-08T20:00:00Z,29.0,0.0,0.0,0.0,0.0,0.0,,,12.471,12.46,12.48,,,4.008,4.0,4.01,,,,0.024,,,,0.0,0.0,0.0,,,0.0,30.124,30.1,30.2,,,0.0,11116.0,11144.0,0.0,0.0,0.0,0.0,0.0,0.0,0.0,0.0,0.0,0.0,0.0,0.0,0.0,0.0,0.0,0.0,
2020-07-08T21:00:00Z,30.0,0.0,0.0,0.0,0.0,0.0,,,12.468,12.45,12.47,,,4.0,4.0,4.0,,,,0.028,,,,0.0,0.0,0.0,,,0.0,30.027,29.9,30.1,,,0.0,11145.0,11174.0,0.0,0.0,0.0,0.0,0.0,0.0,0.0,0.0,0.0,0.0,0.0,0.0,0.0,0.0,0.0,0.0,
2020-07-08T22:00:00Z,29.0,0.0,4.059,13.12,1.34,3.91,,,12.46,12.45,12.5,,,3.998,3.99,4.0,,,,0.039,,,,0.24,1.16,0.0,,,0.0,30.0,29.9,30.5,,,0.004,11175.0,11203.0,0.0,0.0,0.0,0.0,0.0,0.0,0.0,0.0,0.0,0.0,0.0,0.0,0.0,0.0,0.0,0.0,
2020-07-08T23:00:00Z,30.0,0.0,13.098,13.54,4.317,4.42,,,12.753,12.58,12.86,,,3.995,3.99,4.01,,,,0.232,,,,3.035,4.64,0.0,,,0.0,30.627,30.4,30.8,,,0.051,11204.0,11233.0,0.0,0.0,0.0,0.0,0.0,0.0,0.0,0.0,0.0,0.0,0.0,0.0,0.0,0.0,0.0,0.0,
2020-07-09T00:00:00Z,28.0,0.0,13.69,14.14,4.508,4.59,,,13.135,12.87,13.32,,,4.028,4.01,4.05,,,,0.64,,,,8.802,12.6,0.0,,,0.0,30.736,30.7,30.8,,,0.137,11234.0,11262.0,0.0,0.0,0.0,0.0,0.0,0.0,0.0,0.0,0.0,0.0,0.0,0.0,0.0,0.0,0.0,0.0,
2020-07-09T01:00:00Z,30.0,0.0,13.728,14.37,7.804,12.44,,,13.3,12.87,13.57,,,4.096,4.05,4.12,,,,1.127,,,,15.472,23.64,1.973,,,0.0,30.843,30.7,31.0,,,0.258,11263.0,11292.0,0.0,0.0,0.0,0.0,0.0,0.0,0.0,0.0,0.0,0.0,0.0,0.0,0.0,0.0,0.0,0.0,
2020-07-09T02:00:00Z,29.0,0.0,13.52,13.99,12.119,12.27,,,13.01,12.84,13.6,,,4.123,4.12,4.13,,,,1.847,,,,24.966,27.62,11.501,,,0.0,31.131,30.9,31.3,,,0.402,11293.0,11321.0,0.0,0.0,0.0,0.0,0.0,0.0,0.0,0.0,0.0,0.0,0.0,0.0,0.0,0.0,0.0,0.0,
2020-07-09T03:00:00Z,29.0,0.0,13.97,14.54,12.066,12.26,,,13.373,13.12,13.6,,,4.13,4.13,4.13,,,,2.329,,,,32.559,35.67,12.284,,,0.0,31.51,31.3,31.7,,,0.525,11322.0,11351.0,0.0,0.0,0.0,0.0,0.0,0.0,0.0,0.0,0.0,0.0,0.0,0.0,0.0,0.0,0.0,0.0,
2020-07-09T04:00:00Z,30.0,0.0,14.66,15.67,11.925,12.07,,,14.049,13.54,14.66,,,4.13,4.13,4.13,,,,2.571,,,,37.689,41.64,12.944,,,0.0,32.137,31.7,33.0,,,0.628,11352.0,11381.0,0.0,0.0,0.0,0.0,0.0,0.0,0.0,0.0,0.0,0.0,0.0,0.0,0.0,0.0,0.0,0.0,
2020-07-09T05:00:00Z,28.0,0.0,16.302,20.57,10.444,12.61,,,14.394,13.05,14.81,,,4.128,4.12,4.13,,,,1.802,,,,29.222,52.17,9.965,,,0.009,33.207,32.9,33.4,,,0.455,11382.0,11410.0,0.0,0.0,0.0,0.0,0.0,0.0,0.0,0.0,0.0,0.0,0.0,0.0,0.0,0.0,0.0,0.0,
2020-07-09T06:00:00Z,30.0,0.0,15.316,19.57,10.862,12.33,,,14.293,13.13,14.8,,,4.129,4.12,4.13,,,,2.021,,,,31.008,43.75,11.018,,,0.0,33.873,33.4,34.4,,,0.517,11411.0,11440.0,0.0,0.0,0.0,0.0,0.0,0.0,0.0,0.0,0.0,0.0,0.0,0.0,0.0,0.0,0.0,0.0,
2020-07-09T07:00:00Z,29.0,0.0,14.686,15.75,11.489,11.99,,,14.064,13.08,14.85,,,4.13,4.13,4.14,,,,2.078,,,,30.554,37.17,12.49,,,0.0,34.659,34.5,34.8,,,0.492,11441.0,11469.0,0.0,0.0,0.0,0.0,0.0,0.0,0.0,0.0,0.0,0.0,0.0,0.0,0.0,0.0,0.0,0.0,
2020-07-09T08:00:00Z,30.0,0.0,14.272,20.46,11.622,11.76,,,13.311,12.83,14.69,,,4.13,4.13,4.14,,,,1.54,,,,21.509,28.17,10.015,,,0.0,34.77,34.4,35.2,,,0.358,11470.0,11499.0,0.0,0.0,0.0,0.0,0.0,0.0,0.0,0.0,0.0,0.0,0.0,0.0,0.0,0.0,0.0,0.0,
2020-07-09T09:00:00Z,27.0,0.0,14.186,20.36,5.743,11.34,,,13.43,12.93,14.83,,,4.124,4.12,4.13,,,,0.504,,,,7.44,21.8,0.881,,,0.0,34.944,34.8,35.0,,,0.112,11500.0,11528.0,0.0,0.0,0.0,0.0,0.0,0.0,0.0,0.0,0.0,0.0,0.0,0.0,0.0,0.0,0.0,0.0,
2020-07-09T10:00:00Z,29.0,0.0,13.28,13.9,4.138,4.46,,,12.95,12.73,13.2,,,4.119,4.11,4.13,,,,0.182,,,,2.441,3.99,0.0,,,0.0,34.9,34.7,35.0,,,0.039,11529.0,11558.0,0.0,0.0,0.0,0.0,0.0,0.0,0.0,0.0,0.0,0.0,0.0,0.0,0.0,0.0,0.0,0.0,
2020-07-09T11:00:00Z,30.0,0.0,2.853,13.24,1.023,3.82,,,12.701,12.67,12.75,,,4.101,4.09,4.11,,,,0.037,,,,0.17,1.22,0.0,,,0.0,34.627,34.4,35.0,,,0.003,11559.0,11588.0,0.0,0.0,0.0,0.0,0.0,0.0,0.0,0.0,0.0,0.0,0.0,0.0,0.0,0.0,0.0,0.0,
2020-07-09T12:00:00Z,29.0,0.0,0.0,0.0,0.0,0.0,,,12.67,12.63,12.71,,,4.084,4.08,4.09,,,,0.031,,,,0.0,0.0,0.0,,,0.0,34.131,34.0,34.4,,,0.0,11589.0,11617.0,0.0,0.0,0.0,0.0,0.0,0.0,0.0,0.0,0.0,0.0,0.0,0.0,0.0,0.0,0.0,0.0,
2020-07-09T13:00:00Z,30.0,0.0,0.0,0.0,0.0,0.0,,,12.638,12.61,12.66,,,4.07,4.06,4.08,,,,0.024,,,,0.0,0.0,0.0,,,0.0,33.86,33.8,34.1,,,0.0,11618.0,11647.0,0.0,0.0,0.0,0.0,0.0,0.0,0.0,0.0,0.0,0.0,0.0,0.0,0.0,0.0,0.0,0.0,
2020-07-09T14:00:00Z,29.0,0.0,0.0,0.0,0.0,0.0,,,12.614,12.6,12.64,,,4.057,4.05,4.06,,,,0.028,,,,0.0,0.0,0.0,,,0.01,33.6,33.5,33.7,,,0.0,11648.0,11676.0,0.0,0.0,0.0,0.0,0.0,0.0,0.0,0.0,0.0,0.0,0.0,0.0,0.0,0.0,0.0,0.0,
2020-07-09T15:00:00Z,30.0,0.0,0.0,0.0,0.0,0.0,,,12.6,12.58,12.62,,,4.045,4.04,4.05,,,,0.03,,,,0.0,0.0,0.0,,,4.954,33.323,33.0,33.6,,,0.0,11677.0,11706.0,0.0,0.0,0.0,0.0,0.0,0.0,0.0,0.0,0.0,0.0,0.0,0.0,0.0,0.0,0.0,0.0,
2020-07-09T16:00:00Z,29.0,0.0,0.0,0.0,0.0,0.0,,,12.578,12.56,12.6,,,4.039,4.03,4.04,,,,0.026,,,,0.0,0.0,0.0,,,0.024,32.803,32.6,33.1,,,0.0,11707.0,11735.0,0.0,0.0,0.0,0.0,0.0,0.0,0.0,0.0,0.0,0.0,0.0,0.0,0.0,0.0,0.0,0.0,
2020-07-09T17:00:00Z,30.0,0.0,0.0,0.0,0.0,0.0,,,12.565,12.54,12.58,,,4.03,4.03,4.03,,,,0.027,,,,0.0,0.0,0.0,,,0.0,32.457,32.4,32.5,,,0.0,11736.0,11765.0,0.0,0.0,0.0,0.0,0.0,0.0,0.0,0.0,0.0,0.0,0.0,0.0,0.0,0.0,0.0,0.0,
2020-07-09T18:00:00Z,29.0,0.0,0.0,0.0,0.0,0.0,,,12.55,12.54,12.57,,,4.022,4.02,4.03,,,,0.026,,,,0.0,0.0,0.0,,,0.0,32.162,32.1,32.3,,,0.0,11766.0,11794.0,0.0,0.0,0.0,0.0,0.0,0.0,0.0,0.0,0.0,0.0,0.0,0.0,0.0,0.0,0.0,0.0,
2020-07-09T19:00:00Z,30.0,0.0,0.0,0.0,0.0,0.0,,,12.536,12.53,12.54,,,4.014,4.01,4.02,,,,0.024,,,,0.0,0.0,0.0,,,0.0,32.09,32.0,32.1,,,0.0,11795.0,11824.0,0.0,0.0,0.0,0.0,0.0,0.0,0.0,0.0,0.0,0.0,0.0,0.0,0.0,0.0,0.0,0.0,
2020-07-09T20:00:00Z,30.0,0.0,0.0,0.0,0.0,0.0,,,12.522,12.51,12.54,,,4.01,4.01,4.01,,,,0.024,,,,0.0,0.0,0.0,,,0.0,31.993,31.9,32.0,,,0.0,11825.0,11854.0,0.0,0.0,0.0,0.0,0.0,0.0,0.0,0.0,0.0,0.0,0.0,0.0,0.0,0.0,0.0,0.0,
2020-07-09T21:00:00Z,29.0,0.0,0.0,0.0,0.0,0.0,,,12.511,12.5,12.52,,,4.003,4.0,4.01,,,,0.026,,,,0.0,0.0,0.0,,,0.0,31.841,31.7,31.9,,,0.0,11855.0,11883.0,0.0,0.0,0.0,0.0,0.0,0.0,0.0,0.0,0.0,0.0,0.0,0.0,0.0,0.0,0.0,0.0,
2020-07-09T22:00:00Z,30.0,0.0,3.718,12.62,1.307,3.85,,,12.502,12.48,12.54,,,4.0,3.99,4.0,,,,0.037,,,,0.197,0.95,0.0,,,0.0,31.757,31.7,32.0,,,0.003,11884.0,11913.0,0.0,0.0,0.0,0.0,0.0,0.0,0.0,0.0,0.0,0.0,0.0,0.0,0.0,0.0,0.0,0.0,
2020-07-09T23:00:00Z,29.0,0.0,12.925,13.43,4.158,4.33,,,12.719,12.52,12.84,,,3.99,3.99,3.99,,,,0.165,,,,2.142,4.19,0.0,,,0.0,32.1,32.1,32.1,,,0.035,11914.0,11942.0,0.0,0.0,0.0,0.0,0.0,0.0,0.0,0.0,0.0,0.0,0.0,0.0,0.0,0.0,0.0,0.0,
2020-07-10T00:00:00Z,29.0,0.0,13.546,14.13,4.514,4.62,,,13.136,12.9,13.33,,,4.023,4.0,4.05,,,,0.632,,,,8.592,12.76,0.0,,,0.0,32.1,32.1,32.1,,,0.138,11943.0,11972.0,0.0,0.0,0.0,0.0,0.0,0.0,0.0,0.0,0.0,0.0,0.0,0.0,0.0,0.0,0.0,0.0,
2020-07-10T01:00:00Z,29.0,0.0,13.818,14.5,7.436,12.12,,,13.396,12.89,13.6,,,4.103,4.06,4.13,,,,1.196,,,,16.52,22.05,2.048,,,0.0,32.234,32.1,32.5,,,0.266,11973.0,12001.0,0.0,0.0,0.0,0.0,0.0,0.0,0.0,0.0,0.0,0.0,0.0,0.0,0.0,0.0,0.0,0.0,
2020-07-10T02:00:00Z,29.0,0.0,13.698,14.37,11.23,12.28,,,13.232,12.86,13.54,,,4.129,4.12,4.13,,,,1.75,,,,24.021,34.18,9.165,,,0.0,32.634,32.3,33.3,,,0.387,12002.0,12031.0,0.0,0.0,0.0,0.0,0.0,0.0,0.0,0.0,0.0,0.0,0.0,0.0,0.0,0.0,0.0,0.0,
2020-07-10T03:00:00Z,29.0,0.0,14.383,19.33,9.794,12.56,,,13.587,12.84,14.48,,,4.128,4.12,4.14,,,,1.819,,,,26.208,41.67,8.188,,,0.347,33.128,32.8,33.4,,,0.422,12032.0,12060.0,0.0,0.0,0.0,0.0,0.0,0.0,0.0,0.0,0.0,0.0,0.0,0.0,0.0,0.0,0.0,0.0,
2020-07-10T04:00:00Z,30.0,0.0,16.419,20.66,10.036,12.61,,,14.227,13.1,14.98,,,4.128,4.12,4.13,,,,1.477,,,,23.608,50.48,11.258,,,0.859,33.6,33.4,34.0,,,0.393,12061.0,12090.0,0.0,0.0,0.0,0.0,0.0,0.0,0.0,0.0,0.0,0.0,0.0,0.0,0.0,0.0,0.0,0.0,
2020-07-10T05:00:00Z,29.0,0.0,18.851,20.51,11.761,12.21,,,14.713,14.45,15.07,,,4.13,4.13,4.14,,,,0.948,,,,17.114,52.19,14.007,,,1.264,34.466,33.9,34.7,,,0.276,12091.0,12120.0,0.0,0.0,0.0,0.0,0.0,0.0,0.0,0.0,0.0,0.0,0.0,0.0,0.0,0.0,0.0,0.0,
2020-07-10T06:00:00Z,29.0,0.0,18.047,21.11,9.162,12.61,,,14.7,14.47,14.93,,,4.129,4.12,4.14,,,,0.627,,,,10.321,26.3,14.001,,,3.388,34.717,34.6,35.0,,,0.166,12121.0,12149.0,0.0,0.0,0.0,0.0,0.0,0.0,0.0,0.0,0.0,0.0,0.0,0.0,0.0,0.0,0.0,0.0,
2020-07-10T07:00:00Z,29.0,0.0,17.043,20.92,8.213,12.31,,,14.652,14.33,14.87,,,4.129,4.12,4.13,,,,0.811,,,,13.678,36.18,14.004,,,11.821,34.469,34.2,35.0,,,0.22,12150.0,12179.0,0.0,0.0,0.0,0.0,0.0,0.0,0.0,0.0,0.0,0.0,0.0,0.0,0.0,0.0,0.0,0.0,
2020-07-10T08:00:00Z,28.0,0.0,14.301,15.57,4.521,4.56,,,13.832,13.54,14.77,,,4.13,4.12,4.13,,,,0.517,,,,7.413,10.54,13.203,,,8.234,34.589,34.4,34.7,,,0.115,12180.0,12208.0,0.0,0.0,0.0,0.0,0.0,0.0,0.0,0.0,0.0,0.0,0.0,0.0,0.0,0.0,0.0,0.0,
2020-07-10T09:00:00Z,29.0,0.0,13.564,14.18,4.453,4.49,,,13.3,13.08,13.54,,,4.128,4.12,4.13,,,,0.327,,,,4.43,5.93,12.674,,,7.731,34.603,34.6,34.7,,,0.071,12209.0,12238.0,0.0,0.0,0.0,0.0,0.0,0.0,0.0,0.0,0.0,0.0,0.0,0.0,0.0,0.0,0.0,0.0,
2020-07-10T10:00:00Z,29.0,0.0,13.202,13.77,4.025,4.4,,,12.947,12.75,13.08,,,4.114,4.1,4.12,,,,0.14,,,,1.853,3.1,12.32,,,1.366,34.603,34.6,34.7,,,0.03,12239.0,12267.0,0.0,0.0,0.0,0.0,0.0,0.0,0.0,0.0,0.0,0.0,0.0,0.0,0.0,0.0,0.0,0.0,
2020-07-10T11:00:00Z,30.0,0.0,1.68,12.87,0.819,3.79,,,12.75,12.72,12.78,,,4.096,4.09,4.11,,,,0.037,,,,0.068,0.89,12.132,,,4.757,33.9,33.5,34.6,,,0.001,12268.0,12297.0,0.0,0.0,0.0,0.0,0.0,0.0,0.0,0.0,0.0,0.0,0.0,0.0,0.0,0.0,0.0,0.0,
2020-07-10T12:00:00Z,28.0,0.0,0.0,0.0,0.0,0.0,,,12.714,12.68,12.75,,,4.08,4.07,4.09,,,,0.029,,,,0.0,0.0,12.09,,,0.0,33.518,33.4,33.6,,,0.0,12298.0,12326.0,0.0,0.0,0.0,0.0,0.0,0.0,0.0,0.0,0.0,0.0,0.0,0.0,0.0,0.0,0.0,0.0,
2020-07-10T13:00:00Z,30.0,0.0,0.0,0.0,0.0,0.0,,,12.679,12.65,12.72,,,4.065,4.06,4.07,,,,0.035,,,,0.0,0.0,12.059,,,0.0,33.373,33.3,33.4,,,0.0,12327.0,12356.0,0.0,0.0,0.0,0.0,0.0,0.0,0.0,0.0,0.0,0.0,0.0,0.0,0.0,0.0,0.0,0.0,
2020-07-10T14:00:00Z,29.0,0.0,0.0,0.0,0.0,0.0,,,12.651,12.63,12.67,,,4.053,4.05,4.06,,,,0.036,,,,0.0,0.0,12.03,,,0.0,33.221,33.1,33.3,,,0.0,12357.0,12385.0,0.0,0.0,0.0,0.0,0.0,0.0,0.0,0.0,0.0,0.0,0.0,0.0,0.0,0.0,0.0,0.0,
2020-07-10T15:00:00Z,30.0,0.0,0.0,0.0,0.0,0.0,,,12.631,12.61,12.66,,,4.043,4.04,4.05,,,,0.03,,,,0.0,0.0,12.009,,,0.0,32.95,32.8,33.1,,,0.0,12386.0,12415.0,0.0,0.0,0.0,0.0,0.0,0.0,0.0,0.0,0.0,0.0,0.0,0.0,0.0,0.0,0.0,0.0,
2020-07-10T16:00:00Z,29.0,0.0,0.0,0.0,0.0,0.0,,,12.61,12.6,12.63,,,4.037,4.03,4.04,,,,0.03,,,,0.0,0.0,11.99,,,0.0,32.555,32.4,32.8,,,0.0,12416.0,12444.0,0.0,0.0,0.0,0.0,0.0,0.0,0.0,0.0,0.0,0.0,0.0,0.0,0.0,0.0,0.0,0.0,
2020-07-10T17:00:00Z,30.0,0.0,0.0,0.0,0.0,0.0,,,12.596,12.58,12.61,,,4.029,4.02,4.03,,,,0.028,,,,0.0,0.0,11.973,,,0.0,32.323,32.2,32.5,,,0.0,12445.0,12474.0,0.0,0.0,0.0,0.0,0.0,0.0,0.0,0.0,0.0,0.0,0.0,0.0,0.0,0.0,0.0,0.0,
2020-07-10T18:00:00Z,30.0,0.0,0.0,0.0,0.0,0.0,,,12.58,12.57,12.6,,,4.02,4.01,4.03,,,,0.026,,,,0.0,0.0,11.959,,,0.0,32.137,32.1,32.2,,,0.0,12475.0,12504.0,0.0,0.0,0.0,0.0,0.0,0.0,0.0,0.0,0.0,0.0,0.0,0.0,0.0,0.0,0.0,0.0,
2020-07-10T19:00:00Z,29.0,0.0,0.0,0.0,0.0,0.0,,,12.568,12.56,12.57,,,4.01,4.01,4.01,,,,0.023,,,,0.0,0.0,11.941,,,0.0,32.09,32.0,32.1,,,0.0,12505.0,12533.0,0.0,0.0,0.0,0.0,0.0,0.0,0.0,0.0,0.0,0.0,0.0,0.0,0.0,0.0,0.0,0.0,
2020-07-10T20:00:00Z,30.0,0.0,0.0,0.0,0.0,0.0,,,12.548,12.54,12.57,,,4.009,4.0,4.01,,,,0.024,,,,0.0,0.0,11.929,,,0.0,31.997,31.9,32.0,,,0.0,12534.0,12563.0,0.0,0.0,0.0,0.0,0.0,0.0,0.0,0.0,0.0,0.0,0.0,0.0,0.0,0.0,0.0,0.0,
2020-07-10T21:00:00Z,29.0,0.0,0.0,0.0,0.0,0.0,,,12.536,12.52,12.54,,,4.001,4.0,4.01,,,,0.028,,,,0.0,0.0,11.918,,,0.0,31.91,31.8,32.0,,,0.0,12564.0,12592.0,0.0,0.0,0.0,0.0,0.0,0.0,0.0,0.0,0.0,0.0,0.0,0.0,0.0,0.0,0.0,0.0,
2020-07-10T22:00:00Z,30.0,0.0,4.393,13.14,1.408,3.81,,,12.527,12.51,12.62,,,3.999,3.99,4.0,,,,0.041,,,,0.271,1.04,11.907,,,0.0,31.833,31.7,32.1,,,0.005,12593.0,12622.0,0.0,0.0,0.0,0.0,0.0,0.0,0.0,0.0,0.0,0.0,0.0,0.0,0.0,0.0,0.0,0.0,
2020-07-10T23:00:00Z,30.0,0.0,13.112,13.54,4.295,4.46,,,12.785,12.63,12.86,,,3.993,3.99,4.01,,,,0.204,,,,2.665,4.3,12.151,,,0.0,32.113,32.1,32.2,,,0.044,12623.0,12652.0,0.0,0.0,0.0,0.0,0.0,0.0,0.0,0.0,0.0,0.0,0.0,0.0,0.0,0.0,0.0,0.0,
2020-07-11T00:00:00Z,29.0,0.0,13.468,14.13,4.508,4.62,,,13.14,12.88,13.44,,,4.031,4.01,4.05,,,,0.606,,,,8.167,14.15,12.504,,,0.0,32.255,32.2,32.4,,,0.132,12653.0,12681.0,0.0,0.0,0.0,0.0,0.0,0.0,0.0,0.0,0.0,0.0,0.0,0.0,0.0,0.0,0.0,0.0,
2020-07-11T01:00:00Z,30.0,0.0,13.969,14.77,6.8,12.53,,,13.504,13.1,14.06,,,4.1,4.06,4.13,,,,1.074,,,,15.126,28.12,12.87,,,0.0,32.35,32.2,32.5,,,0.252,12682.0,12711.0,0.0,0.0,0.0,0.0,0.0,0.0,0.0,0.0,0.0,0.0,0.0,0.0,0.0,0.0,0.0,0.0,
2020-07-11T02:00:00Z,29.0,0.0,15.249,20.41,10.955,12.32,,,14.281,13.31,14.75,,,4.129,4.12,4.13,,,,1.64,,,,25.018,37.65,13.616,,,0.0,32.983,32.5,33.3,,,0.403,12712.0,12740.0,0.0,0.0,0.0,0.0,0.0,0.0,0.0,0.0,0.0,0.0,0.0,0.0,0.0,0.0,0.0,0.0,
2020-07-11T03:00:00Z,30.0,0.0,17.44,21.42,9.88,12.77,,,14.549,13.57,14.99,,,4.129,4.12,4.14,,,,1.025,,,,17.301,50.37,13.904,,,0.0,33.39,33.3,33.5,,,0.288,12741.0,12770.0,0.0,0.0,0.0,0.0,0.0,0.0,0.0,0.0,0.0,0.0,0.0,0.0,0.0,0.0,0.0,0.0,
2020-07-11T04:00:00Z,29.0,0.0,17.49,20.99,8.432,12.67,,,14.663,13.69,15.12,,,4.13,4.12,4.14,,,,0.821,,,,13.565,45.42,14.001,,,0.0,33.728,33.4,34.2,,,0.219,12771.0,12799.0,0.0,0.0,0.0,0.0,0.0,0.0,0.0,0.0,0.0,0.0,0.0,0.0,0.0,0.0,0.0,0.0,
2020-07-11T05:00:00Z,30.0,0.0,18.877,20.9,10.782,12.53,,,14.656,14.49,15.17,,,4.132,4.12,4.14,,,,0.452,,,,7.736,38.65,13.975,,,0.295,34.453,34.2,34.6,,,0.129,12800.0,12829.0,0.0,0.0,0.0,0.0,0.0,0.0,0.0,0.0,0.0,0.0,0.0,0.0,0.0,0.0,0.0,0.0,
2020-07-11T06:00:00Z,29.0,0.0,19.258,20.78,11.705,12.31,,,14.653,14.49,14.91,,,4.13,4.13,4.13,,,,0.54,,,,9.896,37.97,13.973,,,4.688,34.79,34.6,35.0,,,0.159,12830.0,12859.0,0.0,0.0,0.0,0.0,0.0,0.0,0.0,0.0,0.0,0.0,0.0,0.0,0.0,0.0,0.0,0.0,
2020-07-11T07:00:00Z,29.0,0.0,19.637,20.99,12.255,12.37,,,14.661,14.48,15.0,,,4.13,4.13,4.13,,,,0.681,,,,12.289,44.58,14.005,,,8.241,35.417,35.1,35.7,,,0.198,12860.0,12888.0,0.0,0.0,0.0,0.0,0.0,0.0,0.0,0.0,0.0,0.0,0.0,0.0,0.0,0.0,0.0,0.0,
2020-07-11T08:00:00Z,30.0,0.0,19.902,21.0,12.135,12.4,,,14.6,14.45,14.89,,,4.13,4.13,4.13,,,,0.54,,,,10.285,33.56,13.967,,,7.467,35.863,35.7,36.0,,,0.171,12889.0,12918.0,0.0,0.0,0.0,0.0,0.0,0.0,0.0,0.0,0.0,0.0,0.0,0.0,0.0,0.0,0.0,0.0,
2020-07-11T09:00:00Z,29.0,0.0,15.675,20.82,5.556,11.95,,,14.478,13.5,14.88,,,4.126,4.12,4.13,,,,0.593,,,,9.256,17.86,13.822,,,8.959,35.928,35.9,36.1,,,0.149,12919.0,12947.0,0.0,0.0,0.0,0.0,0.0,0.0,0.0,0.0,0.0,0.0,0.0,0.0,0.0,0.0,0.0,0.0,
2020-07-11T10:00:00Z,30.0,0.0,13.403,14.05,4.252,4.47,,,13.132,12.87,13.42,,,4.124,4.12,4.13,,,,0.201,,,,2.711,5.01,12.512,,,10.646,35.91,35.8,36.1,,,0.045,12948.0,12977.0,0.0,0.0,0.0,0.0,0.0,0.0,0.0,0.0,0.0,0.0,0.0,0.0,0.0,0.0,0.0,0.0,
2020-07-11T11:00:00Z,29.0,0.0,2.421,13.39,0.964,3.81,,,12.816,12.78,12.87,,,4.106,4.09,4.12,,,,0.035,,,,0.139,0.97,12.197,,,5.045,35.4,34.9,36.0,,,0.002,12978.0,13006.0,0.0,0.0,0.0,0.0,0.0,0.0,0.0,0.0,0.0,0.0,0.0,0.0,0.0,0.0,0.0,0.0,
2020-07-11T12:00:00Z,30.0,0.0,0.0,0.0,0.0,0.0,,,12.775,12.73,12.81,,,4.085,4.08,4.09,,,,0.026,,,,0.0,0.0,12.151,,,0.0,34.843,34.8,34.9,,,0.0,13007.0,13036.0,0.0,0.0,0.0,0.0,0.0,0.0,0.0,0.0,0.0,0.0,0.0,0.0,0.0,0.0,0.0,0.0,
2020-07-11T13:00:00Z,30.0,0.0,0.0,0.0,0.0,0.0,,,12.735,12.71,12.76,,,4.073,4.06,4.08,,,,0.035,,,,0.0,0.0,12.12,,,0.0,34.647,34.6,34.8,,,0.0,13037.0,13066.0,0.0,0.0,0.0,0.0,0.0,0.0,0.0,0.0,0.0,0.0,0.0,0.0,0.0,0.0,0.0,0.0,
2020-07-11T14:00:00Z,29.0,0.0,0.0,0.0,0.0,0.0,,,12.703,12.68,12.74,,,4.057,4.05,4.06,,,,0.025,,,,0.0,0.0,12.087,,,0.0,34.569,34.5,34.6,,,0.0,13067.0,13095.0,0.0,0.0,0.0,0.0,0.0,0.0,0.0,0.0,0.0,0.0,0.0,0.0,0.0,0.0,0.0,0.0,
2020-07-11T15:00:00Z,30.0,0.0,0.0,0.0,0.0,0.0,,,12.677,12.66,12.7,,,4.046,4.04,4.05,,,,0.031,,,,0.0,0.0,12.057,,,0.0,34.27,34.1,34.5,,,0.0,13096.0,13125.0,0.0,0.0,0.0,0.0,0.0,0.0,0.0,0.0,0.0,0.0,0.0,0.0,0.0,0.0,0.0,0.0,
2020-07-11T16:00:00Z,29.0,0.0,0.0,0.0,0.0,0.0,,,12.656,12.64,12.68,,,4.039,4.03,4.04,,,,0.03,,,,0.0,0.0,12.04,,,0.0,33.917,33.8,34.1,,,0.0,13126.0,13154.0,0.0,0.0,0.0,0.0,0.0,0.0,0.0,0.0,0.0,0.0,0.0,0.0,0.0,0.0,0.0,0.0,
2020-07-11T17:00:00Z,30.0,0.0,0.0,0.0,0.0,0.0,,,12.639,12.62,12.66,,,4.03,4.03,4.04,,,,0.029,,,,0.0,0.0,12.023,,,0.0,33.593,33.4,33.8,,,0.0,13155.0,13184.0,0.0,0.0,0.0,0.0,0.0,0.0,0.0,0.0,0.0,0.0,0.0,0.0,0.0,0.0,0.0,0.0,
2020-07-11T18:00:00Z,29.0,0.0,0.0,0.0,0.0,0.0,,,12.621,12.6,12.63,,,4.022,4.02,4.03,,,,0.025,,,,0.0,0.0,12.002,,,0.0,33.397,33.3,33.4,,,0.0,13185.0,13213.0,0.0,0.0,0.0,0.0,0.0,0.0,0.0,0.0,0.0,0.0,0.0,0.0,0.0,0.0,0.0,0.0,
2020-07-11T19:00:00Z,30.0,0.0,0.0,0.0,0.0,0.0,,,12.601,12.58,12.62,,,4.014,4.01,4.02,,,,0.025,,,,0.0,0.0,11.983,,,0.0,33.267,33.2,33.3,,,0.0,13214.0,13243.0,0.0,0.0,0.0,0.0,0.0,0.0,0.0,0.0,0.0,0.0,0.0,0.0,0.0,0.0,0.0,0.0,
2020-07-11T20:00:00Z,29.0,0.0,0.0,0.0,0.0,0.0,,,12.585,12.57,12.6,,,4.01,4.01,4.01,,,,0.027,,,,0.0,0.0,11.97,,,0.0,32.993,32.8,33.2,,,0.0,13244.0,13272.0,0.0,0.0,0.0,0.0,0.0,0.0,0.0,0.0,0.0,0.0,0.0,0.0,0.0,0.0,0.0,0.0,
2020-07-11T21:00:00Z,29.0,0.0,0.0,0.0,0.0,0.0,,,12.573,12.56,12.59,,,4.002,4.0,4.01,,,,0.028,,,,0.0,0.0,11.957,,,0.0,32.572,32.5,32.7,,,0.0,13273.0,13302.0,0.0,0.0,0.0,0.0,0.0,0.0,0.0,0.0,0.0,0.0,0.0,0.0,0.0,0.0,0.0,0.0,
2020-07-11T22:00:00Z,30.0,0.0,4.012,12.86,1.359,3.93,,,12.558,12.54,12.58,,,4.0,4.0,4.0,,,,0.039,,,,0.219,1.1,11.937,,,0.0,32.447,32.3,33.0,,,0.004,13303.0,13332.0,0.0,0.0,0.0,0.0,0.0,0.0,0.0,0.0,0.0,0.0,0.0,0.0,0.0,0.0,0.0,0.0,
2020-07-11T23:00:00Z,28.0,0.0,13.044,13.54,4.279,4.44,,,12.79,12.57,12.85,,,3.997,3.99,4.01,,,,0.17,,,,2.194,3.68,12.154,,,0.0,33.143,33.0,33.2,,,0.034,13333.0,13361.0,0.0,0.0,0.0,0.0,0.0,0.0,0.0,0.0,0.0,0.0,0.0,0.0,0.0,0.0,0.0,0.0,
2020-07-12T00:00:00Z,30.0,0.0,13.44,14.23,4.512,4.64,,,13.114,12.86,13.48,,,4.031,4.01,4.07,,,,0.564,,,,7.631,14.53,12.483,,,0.0,33.053,33.0,33.1,,,0.127,13362.0,13391.0,0.0,0.0,0.0,0.0,0.0,0.0,0.0,0.0,0.0,0.0,0.0,0.0,0.0,0.0,0.0,0.0,
2020-07-12T01:00:00Z,29.0,0.0,14.216,14.95,8.781,12.46,,,13.662,13.3,14.06,,,4.116,4.08,4.13,,,,1.317,,,,18.822,26.14,13.022,,,0.0,33.203,33.0,33.3,,,0.303,13392.0,13420.0,0.0,0.0,0.0,0.0,0.0,0.0,0.0,0.0,0.0,0.0,0.0,0.0,0.0,0.0,0.0,0.0,
2020-07-12T02:00:00Z,30.0,0.0,16.479,20.61,11.8,12.39,,,14.437,13.63,14.84,,,4.129,4.12,4.13,,,,1.55,,,,24.587,44.69,13.788,,,0.448,33.39,33.3,33.5,,,0.41,13421.0,13450.0,0.0,0.0,0.0,0.0,0.0,0.0,0.0,0.0,0.0,0.0,0.0,0.0,0.0,0.0,0.0,0.0,
2020-07-12T03:00:00Z,29.0,0.0,18.415,20.88,11.005,12.42,,,14.539,13.7,15.0,,,4.129,4.12,4.14,,,,1.037,,,,18.911,53.15,13.891,,,0.898,33.838,33.4,34.2,,,0.305,13451.0,13479.0,0.0,0.0,0.0,0.0,0.0,0.0,0.0,0.0,0.0,0.0,0.0,0.0,0.0,0.0,0.0,0.0,
2020-07-12T04:00:00Z,30.0,0.0,17.775,21.55,9.34,12.88,,,14.716,14.29,15.16,,,4.132,4.12,4.14,,,,0.741,,,,12.256,41.59,14.02,,,1.139,34.203,33.8,34.6,,,0.204,13480.0,13509.0,0.0,0.0,0.0,0.0,0.0,0.0,0.0,0.0,0.0,0.0,0.0,0.0,0.0,0.0,0.0,0.0,
2020-07-12T05:00:00Z,30.0,0.0,17.543,21.23,7.741,12.57,,,14.727,14.04,15.3,,,4.133,4.12,4.14,,,,0.696,,,,11.766,53.85,14.072,,,0.0,34.7,34.6,35.0,,,0.196,13510.0,13539.0,0.0,0.0,0.0,0.0,0.0,0.0,0.0,0.0,0.0,0.0,0.0,0.0,0.0,0.0,0.0,0.0,
2020-07-12T06:00:00Z,29.0,0.0,17.608,21.1,7.582,12.44,,,14.551,13.8,15.06,,,4.134,4.13,4.14,,,,0.48,,,,7.881,43.18,13.903,,,0.0,35.252,34.9,35.8,,,0.127,13540.0,13568.0,0.0,0.0,0.0,0.0,0.0,0.0,0.0,0.0,0.0,0.0,0.0,0.0,0.0,0.0,0.0,0.0,
2020-07-12T07:00:00Z,30.0,0.0,16.908,20.86,7.484,12.41,,,14.416,13.64,14.91,,,4.134,4.12,4.14,,,,0.475,,,,7.753,21.02,13.744,,,0.675,35.677,35.4,35.9,,,0.129,13569.0,13598.0,0.0,0.0,0.0,0.0,0.0,0.0,0.0,0.0,0.0,0.0,0.0,0.0,0.0,0.0,0.0,0.0,
2020-07-12T08:00:00Z,29.0,0.0,17.062,21.24,7.848,12.41,,,14.331,13.46,14.93,,,4.134,4.12,4.14,,,,0.506,,,,8.46,34.82,13.674,,,5.483,35.931,35.7,36.2,,,0.136,13599.0,13627.0,0.0,0.0,0.0,0.0,0.0,0.0,0.0,0.0,0.0,0.0,0.0,0.0,0.0,0.0,0.0,0.0,
2020-07-12T09:00:00Z,30.0,0.0,14.438,20.48,4.718,11.72,,,13.621,13.16,14.89,,,4.129,4.12,4.14,,,,0.377,,,,5.599,19.31,12.994,,,9.903,35.63,35.3,36.3,,,0.093,13628.0,13657.0,0.0,0.0,0.0,0.0,0.0,0.0,0.0,0.0,0.0,0.0,0.0,0.0,0.0,0.0,0.0,0.0,
2020-07-12T10:00:00Z,29.0,0.0,10.676,13.78,3.626,4.41,,,12.969,12.82,13.14,,,4.117,4.1,4.13,,,,0.114,,,,1.413,3.22,12.351,,,7.904,35.51,34.9,35.8,,,0.023,13658.0,13686.0,0.0,0.0,0.0,0.0,0.0,0.0,0.0,0.0,0.0,0.0,0.0,0.0,0.0,0.0,0.0,0.0,
2020-07-12T11:00:00Z,30.0,0.0,0.762,3.82,0.44,2.11,,,12.81,12.77,12.84,,,4.097,4.09,4.11,,,,0.037,,,,0.033,0.2,12.193,,,7.338,34.463,34.1,34.9,,,0.001,13687.0,13716.0,0.0,0.0,0.0,0.0,0.0,0.0,0.0,0.0,0.0,0.0,0.0,0.0,0.0,0.0,0.0,0.0,
2020-07-12T12:00:00Z,30.0,0.0,0.0,0.0,0.0,0.0,,,12.768,12.74,12.79,,,4.083,4.08,4.09,,,,0.027,,,,0.0,0.0,12.145,,,2.41,34.01,33.8,34.2,,,0.0,13717.0,13746.0,0.0,0.0,0.0,0.0,0.0,0.0,0.0,0.0,0.0,0.0,0.0,0.0,0.0,0.0,0.0,0.0,
2020-07-12T13:00:00Z,29.0,0.0,0.0,0.0,0.0,0.0,,,12.737,12.72,12.77,,,4.067,4.06,4.08,,,,0.031,,,,0.0,0.0,12.112,,,2.129,33.717,33.6,33.8,,,0.0,13747.0,13775.0,0.0,0.0,0.0,0.0,0.0,0.0,0.0,0.0,0.0,0.0,0.0,0.0,0.0,0.0,0.0,0.0,
2020-07-12T14:00:00Z,30.0,0.0,0.0,0.0,0.0,0.0,,,12.708,12.68,12.73,,,4.055,4.05,4.06,,,,0.031,,,,0.0,0.0,12.083,,,0.0,33.567,33.5,33.6,,,0.0,13776.0,13805.0,0.0,0.0,0.0,0.0,0.0,0.0,0.0,0.0,0.0,0.0,0.0,0.0,0.0,0.0,0.0,0.0,
2020-07-12T15:00:00Z,29.0,0.0,0.0,0.0,0.0,0.0,,,12.682,12.66,12.71,,,4.044,4.04,4.05,,,,0.028,,,,0.0,0.0,12.06,,,0.0,33.414,33.4,33.5,,,0.0,13806.0,13834.0,0.0,0.0,0.0,0.0,0.0,0.0,0.0,0.0,0.0,0.0,0.0,0.0,0.0,0.0,0.0,0.0,
2020-07-12T16:00:00Z,30.0,0.0,0.0,0.0,0.0,0.0,,,12.658,12.63,12.68,,,4.037,4.03,4.04,,,,0.027,,,,0.0,0.0,12.039,,,0.0,33.18,33.0,33.4,,,0.0,13835.0,13864.0,0.0,0.0,0.0,0.0,0.0,0.0,0.0,0.0,0.0,0.0,0.0,0.0,0.0,0.0,0.0,0.0,
2020-07-12T17:00:00Z,30.0,0.0,0.0,0.0,0.0,0.0,,,12.642,12.63,12.66,,,4.029,4.02,4.03,,,,0.025,,,,0.0,0.0,12.02,,,0.0,32.807,32.6,33.0,,,0.0,13865.0,13894.0,0.0,0.0,0.0,0.0,0.0,0.0,0.0,0.0,0.0,0.0,0.0,0.0,0.0,0.0,0.0,0.0,
2020-07-12T18:00:00Z,29.0,0.0,0.0,0.0,0.0,0.0,,,12.622,12.6,12.63,,,4.021,4.02,4.03,,,,0.026,,,,0.0,0.0,11.999,,,0.0,32.538,32.4,32.7,,,0.0,13895.0,13923.0,0.0,0.0,0.0,0.0,0.0,0.0,0.0,0.0,0.0,0.0,0.0,0.0,0.0,0.0,0.0,0.0,
2020-07-12T19:00:00Z,30.0,0.0,0.0,0.0,0.0,0.0,,,12.602,12.59,12.62,,,4.011,4.01,4.02,,,,0.025,,,,0.0,0.0,11.98,,,0.0,32.317,32.2,32.5,,,0.0,13924.0,13953.0,0.0,0.0,0.0,0.0,0.0,0.0,0.0,0.0,0.0,0.0,0.0,0.0,0.0,0.0,0.0,0.0,
2020-07-12T20:00:00Z,29.0,0.0,0.0,0.0,0.0,0.0,,,12.588,12.57,12.6,,,4.009,4.0,4.01,,,,0.026,,,,0.0,0.0,11.967,,,0.0,32.107,32.1,32.2,,,0.0,13954.0,13982.0,0.0,0.0,0.0,0.0,0.0,0.0,0.0,0.0,0.0,0.0,0.0,0.0,0.0,0.0,0.0,0.0,
2020-07-12T21:00:00Z,29.0,0.0,0.0,0.0,0.0,0.0,,,12.569,12.56,12.58,,,4.001,4.0,4.01,,,,0.027,,,,0.0,0.0,11.949,,,0.0,32.062,32.0,32.1,,,0.0,13983.0,14012.0,0.0,0.0,0.0,0.0,0.0,0.0,0.0,0.0,0.0,0.0,0.0,0.0,0.0,0.0,0.0,0.0,
2020-07-12T22:00:00Z,29.0,0.0,4.121,12.86,1.555,3.89,,,12.564,12.54,12.65,,,3.999,3.99,4.0,,,,0.041,,,,0.232,1.17,11.943,,,0.0,32.031,32.0,32.2,,,0.004,14013.0,14041.0,0.0,0.0,0.0,0.0,0.0,0.0,0.0,0.0,0.0,0.0,0.0,0.0,0.0,0.0,0.0,0.0,
2020-07-12T23:00:00Z,30.0,0.0,12.928,13.49,4.291,4.42,,,12.787,12.63,12.84,,,3.996,3.99,4.01,,,,0.157,,,,2.029,3.45,12.142,,,0.0,32.373,32.2,32.5,,,0.034,14042.0,14071.0,0.0,0.0,0.0,0.0,0.0,0.0,0.0,0.0,0.0,0.0,0.0,0.0,0.0,0.0,0.0,0.0,
2020-07-13T00:00:00Z,30.0,0.0,13.547,14.19,4.519,4.64,,,13.151,12.83,13.5,,,4.032,4.0,4.07,,,,0.611,,,,8.354,14.3,12.516,,,0.0,32.45,32.3,32.5,,,0.139,14072.0,14101.0,0.0,0.0,0.0,0.0,0.0,0.0,0.0,0.0,0.0,0.0,0.0,0.0,0.0,0.0,0.0,0.0,
2020-07-13T01:00:00Z,29.0,0.0,14.16,15.09,8.248,12.53,,,13.656,13.27,14.03,,,4.113,4.08,4.13,,,,1.309,,,,18.713,29.0,13.017,,,0.0,32.61,32.5,32.8,,,0.301,14102.0,14130.0,0.0,0.0,0.0,0.0,0.0,0.0,0.0,0.0,0.0,0.0,0.0,0.0,0.0,0.0,0.0,0.0,
2020-07-13T02:00:00Z,30.0,0.0,15.303,20.28,10.329,12.53,,,14.127,13.57,14.81,,,4.128,4.12,4.13,,,,1.348,,,,20.357,43.23,13.466,,,0.496,33.027,32.5,33.3,,,0.339,14131.0,14160.0,0.0,0.0,0.0,0.0,0.0,0.0,0.0,0.0,0.0,0.0,0.0,0.0,0.0,0.0,0.0,0.0,
2020-07-13T03:00:00Z,29.0,0.0,17.348,21.42,9.235,12.7,,,14.357,13.67,14.89,,,4.131,4.12,4.14,,,,0.91,,,,15.875,48.81,13.729,,,1.839,33.431,33.3,33.6,,,0.256,14161.0,14189.0,0.0,0.0,0.0,0.0,0.0,0.0,0.0,0.0,0.0,0.0,0.0,0.0,0.0,0.0,0.0,0.0,
2020-07-13T04:00:00Z,30.0,0.0,19.11,20.81,10.844,12.59,,,14.673,14.48,15.14,,,4.13,4.12,4.14,,,,0.508,,,,9.151,43.94,14.0,,,2.81,34.203,33.7,34.5,,,0.153,14190.0,14219.0,0.0,0.0,0.0,0.0,0.0,0.0,0.0,0.0,0.0,0.0,0.0,0.0,0.0,0.0,0.0,0.0,
2020-07-13T05:00:00Z,29.0,0.0,18.265,21.66,8.059,12.93,,,14.689,14.3,15.09,,,4.132,4.12,4.14,,,,0.648,,,,11.46,54.74,14.054,,,0.0,34.517,34.3,34.6,,,0.185,14220.0,14248.0,0.0,0.0,0.0,0.0,0.0,0.0,0.0,0.0,0.0,0.0,0.0,0.0,0.0,0.0,0.0,0.0,
2020-07-13T06:00:00Z,29.0,0.0,16.3,21.72,7.255,12.91,,,14.235,13.27,15.06,,,4.129,4.12,4.14,,,,0.568,,,,9.519,51.56,13.589,,,7.037,34.741,34.6,34.9,,,0.153,14249.0,14278.0,0.0,0.0,0.0,0.0,0.0,0.0,0.0,0.0,0.0,0.0,0.0,0.0,0.0,0.0,0.0,0.0,
2020-07-13T07:00:00Z,30.0,0.0,14.131,15.69,4.454,4.55,,,13.723,13.13,14.82,,,4.125,4.12,4.13,,,,0.361,,,,5.182,9.38,13.09,,,7.438,34.767,34.7,34.9,,,0.086,14279.0,14308.0,0.0,0.0,0.0,0.0,0.0,0.0,0.0,0.0,0.0,0.0,0.0,0.0,0.0,0.0,0.0,0.0,
2020-07-13T08:00:00Z,29.0,0.0,13.478,13.84,4.302,4.41,,,13.101,13.08,13.15,,,4.106,4.1,4.12,,,,0.186,,,,2.496,3.53,12.484,,,0.0,34.7,34.6,34.8,,,0.04,14309.0,14337.0,0.0,0.0,0.0,0.0,0.0,0.0,0.0,0.0,0.0,0.0,0.0,0.0,0.0,0.0,0.0,0.0,
2020-07-13T09:00:00Z,30.0,0.0,13.518,13.95,4.439,4.46,,,13.217,13.14,13.27,,,4.107,4.1,4.11,,,,0.305,,,,4.099,4.6,12.589,,,0.0,34.613,34.6,34.7,,,0.068,14338.0,14367.0,0.0,0.0,0.0,0.0,0.0,0.0,0.0,0.0,0.0,0.0,0.0,0.0,0.0,0.0,0.0,0.0,
2020-07-13T10:00:00Z,29.0,0.0,13.27,13.81,4.033,4.41,,,12.974,12.8,13.12,,,4.103,4.09,4.11,,,,0.137,,,,1.813,3.25,12.349,,,1.201,34.6,34.6,34.6,,,0.029,14368.0,14396.0,0.0,0.0,0.0,0.0,0.0,0.0,0.0,0.0,0.0,0.0,0.0,0.0,0.0,0.0,0.0,0.0,
2020-07-13T11:00:00Z,30.0,0.0,1.311,10.1,0.578,3.19,,,12.793,12.77,12.83,,,4.085,4.08,4.09,,,,0.037,,,,0.05,0.33,12.171,,,0.0,33.75,33.4,34.6,,,0.001,14397.0,14426.0,0.0,0.0,0.0,0.0,0.0,0.0,0.0,0.0,0.0,0.0,0.0,0.0,0.0,0.0,0.0,0.0,
2020-07-13T12:00:00Z,29.0,0.0,0.0,0.0,0.0,0.0,,,12.761,12.73,12.79,,,4.072,4.06,4.08,,,,0.026,,,,0.0,0.0,12.13,,,0.0,33.297,33.2,33.4,,,0.0,14427.0,14455.0,0.0,0.0,0.0,0.0,0.0,0.0,0.0,0.0,0.0,0.0,0.0,0.0,0.0,0.0,0.0,0.0,
2020-07-13T13:00:00Z,30.0,0.0,0.0,0.0,0.0,0.0,,,12.726,12.69,12.75,,,4.057,4.05,4.06,,,,0.032,,,,0.0,0.0,12.102,,,0.0,33.007,32.8,33.2,,,0.0,14456.0,14485.0,0.0,0.0,0.0,0.0,0.0,0.0,0.0,0.0,0.0,0.0,0.0,0.0,0.0,0.0,0.0,0.0,
2020-07-13T14:00:00Z,30.0,0.0,0.0,0.0,0.0,0.0,,,12.697,12.68,12.72,,,4.046,4.04,4.05,,,,0.029,,,,0.0,0.0,12.074,,,0.0,32.587,32.4,32.8,,,0.0,14486.0,14515.0,0.0,0.0,0.0,0.0,0.0,0.0,0.0,0.0,0.0,0.0,0.0,0.0,0.0,0.0,0.0,0.0,
2020-07-13T15:00:00Z,29.0,0.0,0.0,0.0,0.0,0.0,,,12.679,12.66,12.7,,,4.039,4.03,4.04,,,,0.033,,,,0.0,0.0,12.054,,,0.0,32.276,32.1,32.4,,,0.0,14516.0,14544.0,0.0,0.0,0.0,0.0,0.0,0.0,0.0,0.0,0.0,0.0,0.0,0.0,0.0,0.0,0.0,0.0,
2020-07-13T16:00:00Z,30.0,0.0,0.0,0.0,0.0,0.0,,,12.657,12.63,12.67,,,4.03,4.03,4.03,,,,0.028,,,,0.0,0.0,12.032,,,0.0,32.1,32.1,32.1,,,0.0,14545.0,14574.0,0.0,0.0,0.0,0.0,0.0,0.0,0.0,0.0,0.0,0.0,0.0,0.0,0.0,0.0,0.0,0.0,
2020-07-13T17:00:00Z,29.0,0.0,0.0,0.0,0.0,0.0,,,12.631,12.62,12.65,,,4.022,4.02,4.03,,,,0.023,,,,0.0,0.0,12.013,,,0.0,32.014,31.9,32.1,,,0.0,14575.0,14603.0,0.0,0.0,0.0,0.0,0.0,0.0,0.0,0.0,0.0,0.0,0.0,0.0,0.0,0.0,0.0,0.0,
2020-07-13T18:00:00Z,30.0,0.0,0.0,0.0,0.0,0.0,,,12.611,12.6,12.63,,,4.012,4.01,4.02,,,,0.024,,,,0.0,0.0,11.992,,,0.0,31.863,31.7,32.0,,,0.0,14604.0,14633.0,0.0,0.0,0.0,0.0,0.0,0.0,0.0,0.0,0.0,0.0,0.0,0.0,0.0,0.0,0.0,0.0,
2020-07-13T19:00:00Z,29.0,0.0,0.0,0.0,0.0,0.0,,,12.592,12.57,12.61,,,4.01,4.0,4.01,,,,0.028,,,,0.0,0.0,11.972,,,0.0,31.683,31.6,31.7,,,0.0,14634.0,14662.0,0.0,0.0,0.0,0.0,0.0,0.0,0.0,0.0,0.0,0.0,0.0,0.0,0.0,0.0,0.0,0.0,
2020-07-13T20:00:00Z,30.0,0.0,0.0,0.0,0.0,0.0,,,12.574,12.56,12.59,,,4.002,4.0,4.01,,,,0.029,,,,0.0,0.0,11.952,,,0.0,31.48,31.3,31.6,,,0.0,14663.0,14692.0,0.0,0.0,0.0,0.0,0.0,0.0,0.0,0.0,0.0,0.0,0.0,0.0,0.0,0.0,0.0,0.0,
2020-07-13T21:00:00Z,30.0,0.0,0.0,0.0,0.0,0.0,,,12.555,12.54,12.57,,,4.0,3.99,4.0,,,,0.028,,,,0.0,0.0,11.934,,,0.0,31.3,31.2,31.4,,,0.0,14693.0,14722.0,0.0,0.0,0.0,0.0,0.0,0.0,0.0,0.0,0.0,0.0,0.0,0.0,0.0,0.0,0.0,0.0,
2020-07-13T22:00:00Z,29.0,0.0,3.711,12.96,1.443,3.84,,,12.549,12.54,12.58,,,3.993,3.99,4.0,,,,0.036,,,,0.183,0.87,11.928,,,0.0,31.245,31.1,31.7,,,0.003,14723.0,14751.0,0.0,0.0,0.0,0.0,0.0,0.0,0.0,0.0,0.0,0.0,0.0,0.0,0.0,0.0,0.0,0.0,
2020-07-13T23:00:00Z,30.0,0.0,13.075,13.48,4.133,4.44,,,12.74,12.55,12.85,,,3.993,3.99,4.01,,,,0.146,,,,1.898,3.66,12.103,,,0.0,31.917,31.7,32.0,,,0.032,14752.0,14781.0,0.0,0.0,0.0,0.0,0.0,0.0,0.0,0.0,0.0,0.0,0.0,0.0,0.0,0.0,0.0,0.0,
2020-07-14T00:00:00Z,29.0,0.0,13.445,14.06,4.498,4.62,,,13.108,12.86,13.43,,,4.026,4.01,4.06,,,,0.526,,,,7.106,13.42,12.477,,,0.07,31.91,31.8,32.0,,,0.114,14782.0,14810.0,0.0,0.0,0.0,0.0,0.0,0.0,0.0,0.0,0.0,0.0,0.0,0.0,0.0,0.0,0.0,0.0,
2020-07-14T01:00:00Z,30.0,0.0,14.004,14.66,8.385,12.2,,,13.582,13.32,13.82,,,4.104,4.05,4.13,,,,1.245,,,,17.486,22.64,12.944,,,0.739,31.993,31.9,32.1,,,0.291,14811.0,14840.0,0.0,0.0,0.0,0.0,0.0,0.0,0.0,0.0,0.0,0.0,0.0,0.0,0.0,0.0,0.0,0.0,
2020-07-14T02:00:00Z,30.0,0.0,15.504,20.69,12.159,12.29,,,14.381,13.88,14.78,,,4.128,4.12,4.13,,,,1.843,,,,28.67,41.46,13.722,,,0.0,32.223,32.1,32.5,,,0.478,14841.0,14870.0,0.0,0.0,0.0,0.0,0.0,0.0,0.0,0.0,0.0,0.0,0.0,0.0,0.0,0.0,0.0,0.0,
2020-07-14T03:00:00Z,29.0,0.0,19.182,20.78,12.087,12.3,,,14.64,14.37,15.0,,,4.13,4.13,4.13,,,,1.0,,,,17.97,44.5,14.013,,,0.515,32.938,32.5,33.3,,,0.29,14871.0,14899.0,0.0,0.0,0.0,0.0,0.0,0.0,0.0,0.0,0.0,0.0,0.0,0.0,0.0,0.0,0.0,0.0,
2020-07-14T04:00:00Z,30.0,0.0,19.123,20.78,11.455,12.23,,,14.712,14.44,15.12,,,4.129,4.12,4.13,,,,0.795,,,,14.172,48.53,14.05,,,0.42,33.363,33.2,33.5,,,0.236,14900.0,14929.0,0.0,0.0,0.0,0.0,0.0,0.0,0.0,0.0,0.0,0.0,0.0,0.0,0.0,0.0,0.0,0.0,
2020-07-14T05:00:00Z,29.0,0.0,19.395,21.04,10.511,12.49,,,14.714,14.48,15.3,,,4.128,4.12,4.13,,,,0.583,,,,10.404,48.08,14.068,,,0.0,33.762,33.5,34.1,,,0.168,14930.0,14958.0,0.0,0.0,0.0,0.0,0.0,0.0,0.0,0.0,0.0,0.0,0.0,0.0,0.0,0.0,0.0,0.0,
2020-07-14T06:00:00Z,30.0,0.0,18.332,21.26,8.529,12.58,,,14.754,14.49,15.09,,,4.127,4.12,4.14,,,,0.662,,,,11.814,50.98,14.112,,,0.0,34.33,33.9,34.6,,,0.197,14959.0,14988.0,0.0,0.0,0.0,0.0,0.0,0.0,0.0,0.0,0.0,0.0,0.0,0.0,0.0,0.0,0.0,0.0,
2020-07-14T07:00:00Z,28.0,0.0,18.266,20.94,8.2,12.27,,,14.72,14.47,14.93,,,4.129,4.12,4.14,,,,0.516,,,,9.007,25.63,14.07,,,0.0,34.693,34.5,35.0,,,0.14,14989.0,15017.0,0.0,0.0,0.0,0.0,0.0,0.0,0.0,0.0,0.0,0.0,0.0,0.0,0.0,0.0,0.0,0.0,
2020-07-14T08:00:00Z,30.0,0.0,18.262,20.54,9.29,11.88,,,14.692,14.5,15.0,,,4.129,4.12,4.14,,,,0.549,,,,9.6,32.41,14.041,,,0.0,35.267,35.0,35.4,,,0.16,15018.0,15047.0,0.0,0.0,0.0,0.0,0.0,0.0,0.0,0.0,0.0,0.0,0.0,0.0,0.0,0.0,0.0,0.0,
2020-07-14T09:00:00Z,29.0,0.0,14.625,19.84,4.492,4.58,,,14.017,13.2,14.81,,,4.126,4.12,4.13,,,,0.41,,,,6.067,11.83,13.379,,,0.0,35.441,35.3,35.5,,,0.098,15048.0,15076.0,0.0,0.0,0.0,0.0,0.0,0.0,0.0,0.0,0.0,0.0,0.0,0.0,0.0,0.0,0.0,0.0,
2020-07-14T10:00:00Z,30.0,0.0,13.333,13.87,3.997,4.4,,,13.022,12.87,13.19,,,4.113,4.1,4.12,,,,0.118,,,,1.562,2.97,12.397,,,0.0,35.67,35.5,35.8,,,0.026,15077.0,15106.0,0.0,0.0,0.0,0.0,0.0,0.0,0.0,0.0,0.0,0.0,0.0,0.0,0.0,0.0,0.0,0.0,
2020-07-14T11:00:00Z,29.0,0.0,1.989,13.21,0.8,3.81,,,12.823,12.79,12.86,,,4.096,4.09,4.1,,,,0.034,,,,0.101,0.99,12.205,,,7.031,35.283,34.9,35.8,,,0.002,15107.0,15135.0,0.0,0.0,0.0,0.0,0.0,0.0,0.0,0.0,0.0,0.0,0.0,0.0,0.0,0.0,0.0,0.0,
2020-07-14T12:00:00Z,30.0,0.0,0.0,0.0,0.0,0.0,,,12.784,12.75,12.82,,,4.081,4.07,4.09,,,,0.027,,,,0.0,0.0,12.163,,,9.669,34.953,34.9,35.0,,,0.0,15136.0,15165.0,0.0,0.0,0.0,0.0,0.0,0.0,0.0,0.0,0.0,0.0,0.0,0.0,0.0,0.0,0.0,0.0,
2020-07-14T13:00:00Z,30.0,0.0,0.0,0.0,0.0,0.0,,,12.748,12.72,12.77,,,4.066,4.06,4.07,,,,0.039,,,,0.0,0.0,12.128,,,8.133,34.817,34.7,34.9,,,0.0,15166.0,15195.0,0.0,0.0,0.0,0.0,0.0,0.0,0.0,0.0,0.0,0.0,0.0,0.0,0.0,0.0,0.0,0.0,
2020-07-14T14:00:00Z,29.0,0.0,0.0,0.0,0.0,0.0,,,12.724,12.7,12.75,,,4.053,4.05,4.06,,,,0.034,,,,0.0,0.0,12.099,,,6.24,34.514,34.2,34.7,,,0.0,15196.0,15224.0,0.0,0.0,0.0,0.0,0.0,0.0,0.0,0.0,0.0,0.0,0.0,0.0,0.0,0.0,0.0,0.0,
2020-07-14T15:00:00Z,26.0,0.0,0.0,0.0,0.0,0.0,,,12.698,12.67,12.72,,,4.044,4.04,4.05,,,,0.029,,,,0.0,0.0,12.077,,,4.275,34.196,34.1,34.2,,,0.0,15225.0,15253.0,0.0,0.0,0.0,0.0,0.0,0.0,0.0,0.0,0.0,0.0,0.0,0.0,0.0,0.0,0.0,0.0,
2020-07-14T16:00:00Z,30.0,0.0,0.0,0.0,0.0,0.0,,,12.673,12.66,12.69,,,4.033,4.03,4.04,,,,0.026,,,,0.0,0.0,12.054,,,0.524,33.943,33.8,34.1,,,0.0,15254.0,15283.0,0.0,0.0,0.0,0.0,0.0,0.0,0.0,0.0,0.0,0.0,0.0,0.0,0.0,0.0,0.0,0.0,
2020-07-14T17:00:00Z,26.0,0.0,0.0,0.0,0.0,0.0,,,12.657,12.64,12.67,,,4.023,4.02,4.03,,,,0.026,,,,0.0,0.0,12.035,,,2.691,33.45,33.3,33.7,,,0.0,15284.0,15312.0,0.0,0.0,0.0,0.0,0.0,0.0,0.0,0.0,0.0,0.0,0.0,0.0,0.0,0.0,0.0,0.0,
2020-07-14T18:00:00Z,30.0,0.0,0.0,0.0,0.0,0.0,,,12.636,12.63,12.65,,,4.016,4.01,4.02,,,,0.025,,,,0.0,0.0,12.017,,,0.0,33.227,33.0,33.4,,,0.0,15313.0,15342.0,0.0,0.0,0.0,0.0,0.0,0.0,0.0,0.0,0.0,0.0,0.0,0.0,0.0,0.0,0.0,0.0,
2020-07-14T19:00:00Z,25.0,0.0,0.0,0.0,0.0,0.0,,,12.623,12.61,12.63,,,4.01,4.01,4.01,,,,0.028,,,,0.0,0.0,12.0,,,0.0,32.764,32.5,33.0,,,0.0,15343.0,15371.0,0.0,0.0,0.0,0.0,0.0,0.0,0.0,0.0,0.0,0.0,0.0,0.0,0.0,0.0,0.0,0.0,
2020-07-14T20:00:00Z,30.0,0.0,0.0,0.0,0.0,0.0,,,12.603,12.59,12.62,,,4.004,4.0,4.01,,,,0.027,,,,0.0,0.0,11.985,,,0.0,32.353,32.2,32.5,,,0.0,15372.0,15401.0,0.0,0.0,0.0,0.0,0.0,0.0,0.0,0.0,0.0,0.0,0.0,0.0,0.0,0.0,0.0,0.0,
2020-07-14T21:00:00Z,29.0,0.0,0.0,0.0,0.0,0.0,,,12.587,12.57,12.6,,,4.0,4.0,4.0,,,,0.029,,,,0.0,0.0,11.966,,,0.0,32.093,32.0,32.2,,,0.0,15402.0,15430.0,0.0,0.0,0.0,0.0,0.0,0.0,0.0,0.0,0.0,0.0,0.0,0.0,0.0,0.0,0.0,0.0,
2020-07-14T22:00:00Z,30.0,0.0,2.087,12.63,0.774,3.82,,,12.57,12.55,12.58,,,3.993,3.99,4.0,,,,0.032,,,,0.087,0.66,11.952,,,0.0,31.993,31.9,32.1,,,0.001,15431.0,15460.0,0.0,0.0,0.0,0.0,0.0,0.0,0.0,0.0,0.0,0.0,0.0,0.0,0.0,0.0,0.0,0.0,
2020-07-14T23:00:00Z,30.0,0.0,13.039,13.58,4.017,4.32,,,12.743,12.56,12.92,,,3.99,3.99,3.99,,,,0.164,,,,2.145,4.06,12.111,,,0.0,32.26,32.1,32.4,,,0.036,15461.0,15490.0,0.0,0.0,0.0,0.0,0.0,0.0,0.0,0.0,0.0,0.0,0.0,0.0,0.0,0.0,0.0,0.0,
2020-07-15T00:00:00Z,29.0,0.0,13.724,14.5,4.478,4.64,,,13.307,12.93,13.72,,,4.013,3.99,4.06,,,,0.762,,,,10.557,20.09,12.674,,,0.0,32.238,32.2,32.3,,,0.17,15491.0,15519.0,0.0,0.0,0.0,0.0,0.0,0.0,0.0,0.0,0.0,0.0,0.0,0.0,0.0,0.0,0.0,0.0,
2020-07-15T01:00:00Z,30.0,0.0,13.999,14.7,6.246,11.57,,,13.598,13.43,13.87,,,4.1,4.06,4.13,,,,1.078,,,,15.138,23.06,12.96,,,0.0,32.35,32.3,32.5,,,0.252,15520.0,15549.0,0.0,0.0,0.0,0.0,0.0,0.0,0.0,0.0,0.0,0.0,0.0,0.0,0.0,0.0,0.0,0.0,
2020-07-15T02:00:00Z,29.0,0.0,14.621,19.72,11.822,12.26,,,13.955,13.48,14.82,,,4.126,4.12,4.13,,,,1.398,,,,20.9,51.24,13.329,,,0.0,32.521,32.4,32.8,,,0.337,15550.0,15578.0,0.0,0.0,0.0,0.0,0.0,0.0,0.0,0.0,0.0,0.0,0.0,0.0,0.0,0.0,0.0,0.0,
2020-07-15T03:00:00Z,30.0,0.0,17.994,20.69,11.929,12.27,,,14.642,14.39,15.01,,,4.13,4.13,4.13,,,,1.05,,,,17.844,62.03,13.97,,,0.0,33.19,32.9,33.3,,,0.297,15579.0,15608.0,0.0,0.0,0.0,0.0,0.0,0.0,0.0,0.0,0.0,0.0,0.0,0.0,0.0,0.0,0.0,0.0,
2020-07-15T04:00:00Z,29.0,0.0,19.584,20.77,12.089,12.48,,,14.648,14.48,15.11,,,4.13,4.13,4.13,,,,0.654,,,,11.782,46.98,13.991,,,0.0,33.414,33.3,33.6,,,0.19,15609.0,15637.0,0.0,0.0,0.0,0.0,0.0,0.0,0.0,0.0,0.0,0.0,0.0,0.0,0.0,0.0,0.0,0.0,
2020-07-15T05:00:00Z,30.0,0.0,19.17,20.74,11.915,12.23,,,14.686,14.47,15.23,,,4.13,4.13,4.13,,,,0.61,,,,10.356,47.9,14.004,,,0.0,33.85,33.6,34.1,,,0.173,15638.0,15667.0,0.0,0.0,0.0,0.0,0.0,0.0,0.0,0.0,0.0,0.0,0.0,0.0,0.0,0.0,0.0,0.0,
2020-07-15T06:00:00Z,30.0,0.0,19.579,20.84,11.843,12.24,,,14.614,14.47,15.21,,,4.13,4.13,4.13,,,,0.461,,,,8.261,62.95,13.956,,,1.443,34.397,34.2,34.6,,,0.138,15668.0,15697.0,0.0,0.0,0.0,0.0,0.0,0.0,0.0,0.0,0.0,0.0,0.0,0.0,0.0,0.0,0.0,0.0,
2020-07-15T07:00:00Z,29.0,0.0,20.043,20.96,11.741,12.15,,,14.576,14.51,14.78,,,4.13,4.13,4.13,,,,0.356,,,,6.852,26.27,13.922,,,1.61,34.669,34.6,34.8,,,0.11,15698.0,15726.0,0.0,0.0,0.0,0.0,0.0,0.0,0.0,0.0,0.0,0.0,0.0,0.0,0.0,0.0,0.0,0.0,
2020-07-15T08:00:00Z,30.0,0.0,18.352,20.65,5.729,11.57,,,14.749,14.54,14.85,,,4.126,4.12,4.13,,,,0.438,,,,7.684,17.6,14.078,,,0.0,34.893,34.8,35.0,,,0.128,15727.0,15756.0,0.0,0.0,0.0,0.0,0.0,0.0,0.0,0.0,0.0,0.0,0.0,0.0,0.0,0.0,0.0,0.0,
2020-07-15T09:00:00Z,29.0,0.0,15.671,20.48,4.532,4.61,,,14.623,13.66,14.82,,,4.13,4.13,4.13,,,,0.497,,,,7.728,10.68,13.968,,,0.16,35.069,35.0,35.2,,,0.125,15757.0,15785.0,0.0,0.0,0.0,0.0,0.0,0.0,0.0,0.0,0.0,0.0,0.0,0.0,0.0,0.0,0.0,0.0,
2020-07-15T10:00:00Z,30.0,0.0,13.871,16.7,4.153,4.54,,,13.504,12.89,14.82,,,4.122,4.11,4.13,,,,0.248,,,,3.579,9.67,12.876,,,0.0,35.203,35.1,35.3,,,0.06,15786.0,15815.0,0.0,0.0,0.0,0.0,0.0,0.0,0.0,0.0,0.0,0.0,0.0,0.0,0.0,0.0,0.0,0.0,
2020-07-15T11:00:00Z,29.0,0.0,2.754,13.45,0.977,3.81,,,12.842,12.81,12.88,,,4.103,4.09,4.11,,,,0.04,,,,0.159,1.14,12.228,,,0.0,34.786,34.5,35.3,,,0.003,15816.0,15844.0,0.0,0.0,0.0,0.0,0.0,0.0,0.0,0.0,0.0,0.0,0.0,0.0,0.0,0.0,0.0,0.0,
2020-07-15T13:00:00Z,4.0,0.0,0.0,0.0,0.0,0.0,,,12.772,12.76,12.78,,,4.035,4.03,4.04,,,,0.03,,,,0.0,0.0,12.148,,,0.0,34.2,34.2,34.2,,,0.0,15887.0,15897.0,0.0,0.0,0.0,0.0,0.0,0.0,0.0,0.0,0.0,0.0,0.0,0.0,0.0,0.0,0.0,0.0,
2020-07-15T14:00:00Z,2.0,0.0,0.0,0.0,0.0,0.0,,,12.745,12.74,12.75,,,4.02,4.02,4.02,,,,0.025,,,,0.0,0.0,12.115,,,0.0,33.95,33.9,34.0,,,0.0,15915.0,15919.0,0.0,0.0,0.0,0.0,0.0,0.0,0.0,0.0,0.0,0.0,0.0,0.0,0.0,0.0,0.0,0.0,
2020-07-15T15:00:00Z,1.0,0.0,0.0,0.0,0.0,0.0,,,12.73,12.73,12.73,,,4.01,4.01,4.01,,,,0.03,,,,0.0,0.0,12.11,,,0.0,33.8,33.8,33.8,,,0.0,15935.0,15935.0,0.0,0.0,0.0,0.0,0.0,0.0,0.0,0.0,0.0,0.0,0.0,0.0,0.0,0.0,0.0,0.0,
2020-07-15T16:00:00Z,4.0,1.0,0.0,0.0,4.875,19.5,,,12.695,12.69,12.7,,,4.703,3.99,6.84,,,,0.03,,,,0.0,0.0,9.055,,,0.0,33.433,33.4,33.5,,,0.0,1.0,15976.0,0.0,0.0,0.0,0.0,0.0,1.0,0.0,0.0,0.0,0.0,0.0,0.0,0.0,0.0,0.0,0.0,
2020-07-15T17:00:00Z,2.0,2.0,0.0,0.0,19.5,19.5,,,12.695,12.69,12.7,,,6.84,6.84,6.84,,,,0.03,,,,0.0,0.0,0.0,,,0.0,,,,,,0.0,2.0,17.0,0.0,0.0,0.0,0.0,0.0,2.0,0.0,0.0,0.0,0.0,0.0,0.0,0.0,0.0,0.0,0.0,
2020-07-15T18:00:00Z,1.0,1.0,0.0,0.0,19.5,19.5,,,12.67,12.67,12.67,,,6.84,6.84,6.84,,,,0.03,,,,0.0,0.0,0.0,,,0.0,,,,,,0.0,48.0,48.0,0.0,0.0,0.0,0.0,0.0,1.0,0.0,0.0,0.0,0.0,0.0,0.0,0.0,0.0,0.0,0.0,
2020-07-15T19:00:00Z,1.0,1.0,0.0,0.0,19.5,19.5,,,12.66,12.66,12.66,,,6.84,6.84,6.84,,,,0.03,,,,0.0,0.0,0.0,,,0.0,,,,,,0.0,55.0,55.0,0.0,0.0,0.0,0.0,0.0,1.0,0.0,0.0,0.0,0.0,0.0,0.0,0.0,0.0,0.0,0.0,
2020-07-15T20:00:00Z,1.0,1.0,0.0,0.0,19.5,19.5,,,12.63,12.63,12.63,,,6.84,6.84,6.84,,,,0.02,,,,0.0,0.0,0.0,,,0.0,,,,,,0.0,100.0,100.0,0.0,0.0,0.0,0.0,0.0,1.0,0.0,0.0,0.0,0.0,0.0,0.0,0.0,0.0,0.0,0.0,
2020-07-15T22:00:00Z,3.0,3.0,2.623,7.87,19.5,19.5,,,12.6,12.58,12.61,,,6.84,6.84,6.84,,,,0.037,,,,0.12,0.36,0.0,,,0.0,,,,,,0.0,136.0,160.0,0.0,0.0,0.0,0.0,0.0,3.0,0.0,0.0,0.0,0.0,0.0,0.0,0.0,0.0,0.0,0.0,
2020-07-16T00:00:00Z,1.0,1.0,13.93,13.93,19.5,19.5,,,13.36,13.36,13.36,,,6.84,6.84,6.84,,,,0.49,,,,6.77,6.77,0.0,,,0.0,,,,,,0.004,195.0,195.0,0.0,0.0,0.0,0.0,0.0,1.0,0.0,0.0,0.0,0.0,0.0,0.0,0.0,0.0,0.0,0.0,
2020-07-16T01:00:00Z,29.0,29.0,13.838,14.84,19.5,19.5,,,13.459,13.27,13.97,,,6.84,6.84,6.84,,,,0.756,,,,10.614,29.36,0.0,,,0.0,,,,,,0.171,215.0,243.0,0.0,0.0,0.0,0.0,0.0,29.0,0.0,0.0,0.0,0.0,0.0,0.0,0.0,0.0,0.0,0.0,
2020-07-16T02:00:00Z,30.0,30.0,13.603,13.96,19.5,19.5,,,13.258,13.23,13.29,,,6.84,6.84,6.84,,,,0.32,,,,4.348,5.02,0.0,,,0.0,,,,,,0.072,244.0,273.0,0.0,0.0,0.0,0.0,0.0,30.0,0.0,0.0,0.0,0.0,0.0,0.0,0.0,0.0,0.0,0.0,
2020-07-16T03:00:00Z,30.0,30.0,13.898,14.62,19.5,19.5,,,13.482,13.24,13.85,,,6.84,6.84,6.84,,,,0.729,,,,10.173,18.3,0.0,,,0.0,,,,,,0.17,274.0,303.0,0.0,0.0,0.0,0.0,0.0,30.0,0.0,0.0,0.0,0.0,0.0,0.0,0.0,0.0,0.0,0.0,
2020-07-16T04:00:00Z,29.0,29.0,16.258,20.89,19.5,19.5,,,14.542,13.83,15.04,,,6.84,6.84,6.84,,,,1.665,,,,26.412,43.62,0.0,,,0.0,,,,,,0.426,304.0,332.0,0.0,0.0,0.0,0.0,0.0,29.0,0.0,0.0,0.0,0.0,0.0,0.0,0.0,0.0,0.0,0.0,
2020-07-16T05:00:00Z,29.0,29.0,19.041,20.97,19.5,19.5,,,14.645,14.4,14.98,,,6.84,6.84,6.84,,,,0.863,,,,15.353,52.91,0.0,,,0.0,,,,,,0.247,333.0,362.0,0.0,0.0,0.0,0.0,0.0,29.0,0.0,0.0,0.0,0.0,0.0,0.0,0.0,0.0,0.0,0.0,
2020-07-16T06:00:00Z,28.0,28.0,20.184,21.02,19.5,19.5,,,14.61,14.47,15.03,,,6.84,6.84,6.84,,,,0.528,,,,10.1,48.42,0.0,,,0.0,,,,,,0.157,363.0,391.0,0.0,0.0,0.0,0.0,0.0,28.0,0.0,0.0,0.0,0.0,0.0,0.0,0.0,0.0,0.0,0.0,
2020-07-16T07:00:00Z,29.0,29.0,19.699,20.92,19.5,19.5,,,14.663,14.48,15.12,,,6.84,6.84,6.84,,,,0.497,,,,8.799,31.9,0.0,,,0.0,,,,,,0.142,393.0,421.0,0.0,0.0,0.0,0.0,0.0,29.0,0.0,0.0,0.0,0.0,0.0,0.0,0.0,0.0,0.0,0.0,
2020-07-16T08:00:00Z,28.0,28.0,19.55,20.95,19.5,19.5,,,14.681,14.51,14.93,,,6.84,6.84,6.84,,,,0.678,,,,12.576,39.2,0.0,,,0.0,,,,,,0.196,422.0,450.0,0.0,0.0,0.0,0.0,0.0,28.0,0.0,0.0,0.0,0.0,0.0,0.0,0.0,0.0,0.0,0.0,
2020-07-16T09:00:00Z,30.0,30.0,18.897,20.95,19.5,19.5,,,14.639,13.93,14.88,,,6.84,6.84,6.84,,,,0.508,,,,9.325,23.23,0.0,,,0.0,,,,,,0.155,451.0,480.0,0.0,0.0,0.0,0.0,0.0,30.0,0.0,0.0,0.0,0.0,0.0,0.0,0.0,0.0,0.0,0.0,
2020-07-16T10:00:00Z,30.0,30.0,13.176,13.9,19.5,19.5,,,12.99,12.85,13.43,,,6.84,6.84,6.84,,,,0.089,,,,1.175,3.21,0.0,,,0.0,,,,,,0.02,481.0,510.0,0.0,0.0,0.0,0.0,0.0,30.0,0.0,0.0,0.0,0.0,0.0,0.0,0.0,0.0,0.0,0.0,
2020-07-16T11:00:00Z,29.0,29.0,1.574,10.27,19.5,19.5,,,12.838,12.81,12.88,,,6.84,6.84,6.84,,,,0.042,,,,0.08,0.47,0.0,,,0.0,,,,,,0.001,511.0,539.0,0.0,0.0,0.0,0.0,0.0,29.0,0.0,0.0,0.0,0.0,0.0,0.0,0.0,0.0,0.0,0.0,
2020-07-16T12:00:00Z,30.0,30.0,0.0,0.0,19.5,19.5,,,12.786,12.75,12.81,,,6.84,6.84,6.84,,,,0.031,,,,0.0,0.0,0.0,,,0.0,,,,,,0.0,540.0,569.0,0.0,0.0,0.0,0.0,0.0,30.0,0.0,0.0,0.0,0.0,0.0,0.0,0.0,0.0,0.0,0.0,
2020-07-16T13:00:00Z,29.0,29.0,0.0,0.0,19.5,19.5,,,12.762,12.73,12.79,,,6.84,6.84,6.84,,,,0.027,,,,0.0,0.0,0.0,,,0.0,,,,,,0.0,570.0,598.0,0.0,0.0,0.0,0.0,0.0,29.0,0.0,0.0,0.0,0.0,0.0,0.0,0.0,0.0,0.0,0.0,
2020-07-16T14:00:00Z,30.0,30.0,0.0,0.0,19.5,19.5,,,12.733,12.7,12.75,,,6.84,6.84,6.84,,,,0.026,,,,0.0,0.0,0.0,,,0.0,,,,,,0.0,599.0,628.0,0.0,0.0,0.0,0.0,0.0,30.0,0.0,0.0,0.0,0.0,0.0,0.0,0.0,0.0,0.0,0.0,
2020-07-16T15:00:00Z,29.0,29.0,0.0,0.0,19.5,19.5,,,12.7,12.69,12.72,,,6.84,6.84,6.84,,,,0.027,,,,0.0,0.0,0.0,,,0.0,,,,,,0.0,629.0,657.0,0.0,0.0,0.0,0.0,0.0,29.0,0.0,0.0,0.0,0.0,0.0,0.0,0.0,0.0,0.0,0.0,
2020-07-16T16:00:00Z,30.0,30.0,0.0,0.0,19.5,19.5,,,12.676,12.66,12.69,,,6.84,6.84,6.84,,,,0.027,,,,0.0,0.0,0.0,,,0.0,,,,,,0.0,658.0,687.0,0.0,0.0,0.0,0.0,0.0,30.0,0.0,0.0,0.0,0.0,0.0,0.0,0.0,0.0,0.0,0.0,
2020-07-16T17:00:00Z,30.0,30.0,0.0,0.0,19.5,19.5,,,12.658,12.64,12.68,,,6.84,6.84,6.84,,,,0.026,,,,0.0,0.0,0.0,,,0.0,,,,,,0.0,688.0,717.0,0.0,0.0,0.0,0.0,0.0,30.0,0.0,0.0,0.0,0.0,0.0,0.0,0.0,0.0,0.0,0.0,
2020-07-16T18:00:00Z,29.0,29.0,0.0,0.0,19.5,19.5,,,12.637,12.63,12.65,,,6.84,6.84,6.84,,,,0.026,,,,0.0,0.0,0.0,,,0.0,,,,,,0.0,718.0,746.0,0.0,0.0,0.0,0.0,0.0,29.0,0.0,0.0,0.0,0.0,0.0,0.0,0.0,0.0,0.0,0.0,
2020-07-16T19:00:00Z,30.0,30.0,0.0,0.0,19.5,19.5,,,12.623,12.61,12.63,,,6.84,6.84,6.84,,,,0.026,,,,0.0,0.0,0.0,,,0.0,,,,,,0.0,747.0,776.0,0.0,0.0,0.0,0.0,0.0,30.0,0.0,0.0,0.0,0.0,0.0,0.0,0.0,0.0,0.0,0.0,
2020-07-16T20:00:00Z,29.0,29.0,0.0,0.0,19.5,19.5,,,12.604,12.59,12.62,,,6.84,6.84,6.84,,,,0.028,,,,0.0,0.0,0.0,,,0.0,,,,,,0.0,777.0,805.0,0.0,0.0,0.0,0.0,0.0,29.0,0.0,0.0,0.0,0.0,0.0,0.0,0.0,0.0,0.0,0.0,
2020-07-16T21:00:00Z,30.0,30.0,0.0,0.0,19.5,19.5,,,12.587,12.57,12.6,,,6.84,6.84,6.84,,,,0.028,,,,0.0,0.0,0.0,,,0.0,,,,,,0.0,806.0,835.0,0.0,0.0,0.0,0.0,0.0,30.0,0.0,0.0,0.0,0.0,0.0,0.0,0.0,0.0,0.0,0.0,
2020-07-16T22:00:00Z,29.0,29.0,3.036,12.66,19.5,19.5,,,12.574,12.57,12.59,,,6.84,6.84,6.84,,,,0.034,,,,0.139,0.72,0.0,,,0.0,,,,,,0.002,836.0,864.0,0.0,0.0,0.0,0.0,0.0,29.0,0.0,0.0,0.0,0.0,0.0,0.0,0.0,0.0,0.0,0.0,
2020-07-16T23:00:00Z,30.0,30.0,13.076,13.51,19.5,19.5,,,12.804,12.58,12.89,,,6.84,6.84,6.84,,,,0.157,,,,2.055,3.67,0.0,,,0.0,,,,,,0.034,865.0,894.0,0.0,0.0,0.0,0.0,0.0,30.0,0.0,0.0,0.0,0.0,0.0,0.0,0.0,0.0,0.0,0.0,
2020-07-17T00:00:00Z,30.0,30.0,13.467,14.42,19.5,19.5,,,13.084,12.9,13.53,,,6.84,6.84,6.84,,,,0.456,,,,6.189,15.93,0.0,,,0.0,,,,,,0.103,895.0,924.0,0.0,0.0,0.0,0.0,0.0,30.0,0.0,0.0,0.0,0.0,0.0,0.0,0.0,0.0,0.0,0.0,
2020-07-17T01:00:00Z,29.0,29.0,13.846,14.92,19.5,19.5,,,13.385,13.02,13.93,,,6.84,6.84,6.84,,,,0.841,,,,11.941,27.47,0.0,,,0.0,,,,,,0.192,925.0,953.0,0.0,0.0,0.0,0.0,0.0,29.0,0.0,0.0,0.0,0.0,0.0,0.0,0.0,0.0,0.0,0.0,
2020-07-17T02:00:00Z,29.0,29.0,14.062,15.15,19.5,19.5,,,13.539,13.07,14.61,,,6.84,6.84,6.84,,,,1.017,,,,14.727,40.65,0.0,,,0.0,,,,,,0.237,954.0,983.0,0.0,0.0,0.0,0.0,0.0,29.0,0.0,0.0,0.0,0.0,0.0,0.0,0.0,0.0,0.0,0.0,
2020-07-17T03:00:00Z,29.0,29.0,15.573,21.0,19.5,19.5,,,14.044,13.54,14.86,,,6.84,6.84,6.84,,,,1.308,,,,20.776,56.39,0.0,,,0.0,,,,,,0.335,984.0,1012.0,0.0,0.0,0.0,0.0,0.0,29.0,0.0,0.0,0.0,0.0,0.0,0.0,0.0,0.0,0.0,0.0,
2020-07-17T04:00:00Z,30.0,30.0,18.775,20.63,19.5,19.5,,,14.547,14.05,14.94,,,6.84,6.84,6.84,,,,0.925,,,,17.053,54.53,0.0,,,0.0,,,,,,0.284,1013.0,1042.0,0.0,0.0,0.0,0.0,0.0,30.0,0.0,0.0,0.0,0.0,0.0,0.0,0.0,0.0,0.0,0.0,
2020-07-17T05:00:00Z,30.0,30.0,19.004,20.85,19.5,19.5,,,14.67,14.42,15.03,,,6.84,6.84,6.84,,,,0.487,,,,8.514,43.63,0.0,,,0.0,,,,,,0.142,1043.0,1072.0,0.0,0.0,0.0,0.0,0.0,30.0,0.0,0.0,0.0,0.0,0.0,0.0,0.0,0.0,0.0,0.0,
2020-07-17T06:00:00Z,27.0,27.0,19.074,20.8,19.5,19.5,,,14.643,14.18,15.15,,,6.84,6.84,6.84,,,,0.563,,,,9.945,39.39,0.0,,,0.0,,,,,,0.149,1073.0,1101.0,0.0,0.0,0.0,0.0,0.0,27.0,0.0,0.0,0.0,0.0,0.0,0.0,0.0,0.0,0.0,0.0,
2020-07-17T07:00:00Z,30.0,30.0,19.869,20.7,19.5,19.5,,,14.652,14.49,15.12,,,6.84,6.84,6.84,,,,0.525,,,,9.714,44.88,0.0,,,0.0,,,,,,0.162,1102.0,1131.0,0.0,0.0,0.0,0.0,0.0,30.0,0.0,0.0,0.0,0.0,0.0,0.0,0.0,0.0,0.0,0.0,
2020-07-17T08:00:00Z,29.0,29.0,18.959,20.74,19.5,19.5,,,14.676,14.47,14.93,,,6.84,6.84,6.84,,,,0.618,,,,10.68,31.76,0.0,,,0.0,,,,,,0.172,1132.0,1160.0,0.0,0.0,0.0,0.0,0.0,29.0,0.0,0.0,0.0,0.0,0.0,0.0,0.0,0.0,0.0,0.0,
2020-07-17T09:00:00Z,30.0,30.0,14.322,20.54,19.5,19.5,,,13.709,13.12,14.83,,,6.84,6.84,6.84,,,,0.316,,,,4.635,13.66,0.0,,,0.0,,,,,,0.077,1161.0,1190.0,0.0,0.0,0.0,0.0,0.0,30.0,0.0,0.0,0.0,0.0,0.0,0.0,0.0,0.0,0.0,0.0,
2020-07-17T10:00:00Z,29.0,29.0,13.252,13.8,19.5,19.5,,,13.019,12.87,13.13,,,6.84,6.84,6.84,,,,0.132,,,,1.75,2.53,0.0,,,0.0,,,,,,0.028,1191.0,1219.0,0.0,0.0,0.0,0.0,0.0,29.0,0.0,0.0,0.0,0.0,0.0,0.0,0.0,0.0,0.0,0.0,
2020-07-17T11:00:00Z,29.0,29.0,2.043,12.91,19.5,19.5,,,12.834,12.81,12.87,,,6.84,6.84,6.84,,,,0.031,,,,0.094,0.65,0.0,,,0.0,,,,,,0.002,1220.0,1249.0,0.0,0.0,0.0,0.0,0.0,29.0,0.0,0.0,0.0,0.0,0.0,0.0,0.0,0.0,0.0,0.0,
2020-07-17T12:00:00Z,29.0,29.0,0.0,0.0,19.5,19.5,,,12.796,12.76,12.82,,,6.84,6.84,6.84,,,,0.022,,,,0.0,0.0,0.0,,,0.0,,,,,,0.0,1250.0,1278.0,0.0,0.0,0.0,0.0,0.0,29.0,0.0,0.0,0.0,0.0,0.0,0.0,0.0,0.0,0.0,0.0,
2020-07-17T13:00:00Z,30.0,30.0,0.0,0.0,19.5,19.5,,,12.765,12.74,12.8,,,6.84,6.84,6.84,,,,0.033,,,,0.0,0.0,0.0,,,0.0,,,,,,0.0,1279.0,1308.0,0.0,0.0,0.0,0.0,0.0,30.0,0.0,0.0,0.0,0.0,0.0,0.0,0.0,0.0,0.0,0.0,
2020-07-17T14:00:00Z,29.0,29.0,0.0,0.0,19.5,19.5,,,12.735,12.72,12.76,,,6.84,6.84,6.84,,,,0.026,,,,0.0,0.0,0.0,,,0.0,,,,,,0.0,1309.0,1337.0,0.0,0.0,0.0,0.0,0.0,29.0,0.0,0.0,0.0,0.0,0.0,0.0,0.0,0.0,0.0,0.0,
2020-07-17T15:00:00Z,30.0,30.0,0.0,0.0,19.5,19.5,,,12.711,12.69,12.73,,,6.84,6.84,6.84,,,,0.029,,,,0.0,0.0,0.0,,,0.0,,,,,,0.0,1338.0,1367.0,0.0,0.0,0.0,0.0,0.0,30.0,0.0,0.0,0.0,0.0,0.0,0.0,0.0,0.0,0.0,0.0,
2020-07-17T16:00:00Z,30.0,30.0,0.0,0.0,19.5,19.5,,,12.691,12.68,12.71,,,6.84,6.84,6.84,,,,0.029,,,,0.0,0.0,0.0,,,0.0,,,,,,0.0,1368.0,1397.0,0.0,0.0,0.0,0.0,0.0,30.0,0.0,0.0,0.0,0.0,0.0,0.0,0.0,0.0,0.0,0.0,
2020-07-17T17:00:00Z,28.0,28.0,0.0,0.0,19.5,19.5,,,12.674,12.65,12.69,,,6.84,6.84,6.84,,,,0.028,,,,0.0,0.0,0.0,,,0.0,,,,,,0.0,1398.0,1426.0,0.0,0.0,0.0,0.0,0.0,28.0,0.0,0.0,0.0,0.0,0.0,0.0,0.0,0.0,0.0,0.0,
2020-07-17T18:00:00Z,30.0,30.0,0.0,0.0,19.5,19.5,,,12.655,12.64,12.67,,,6.84,6.84,6.84,,,,0.025,,,,0.0,0.0,0.0,,,0.0,,,,,,0.0,1427.0,1456.0,0.0,0.0,0.0,0.0,0.0,30.0,0.0,0.0,0.0,0.0,0.0,0.0,0.0,0.0,0.0,0.0,
2020-07-17T19:00:00Z,29.0,29.0,0.0,0.0,19.5,19.5,,,12.634,12.63,12.65,,,6.84,6.84,6.84,,,,0.024,,,,0.0,0.0,0.0,,,0.0,,,,,,0.0,1457.0,1485.0,0.0,0.0,0.0,0.0,0.0,29.0,0.0,0.0,0.0,0.0,0.0,0.0,0.0,0.0,0.0,0.0,
2020-07-17T20:00:00Z,30.0,30.0,0.0,0.0,19.5,19.5,,,12.619,12.6,12.63,,,6.84,6.84,6.84,,,,0.027,,,,0.0,0.0,0.0,,,0.0,,,,,,0.0,1486.0,1515.0,0.0,0.0,0.0,0.0,0.0,30.0,0.0,0.0,0.0,0.0,0.0,0.0,0.0,0.0,0.0,0.0,
2020-07-17T21:00:00Z,29.0,29.0,0.0,0.0,19.5,19.5,,,12.599,12.59,12.61,,,6.84,6.84,6.84,,,,0.027,,,,0.0,0.0,0.0,,,0.0,,,,,,0.0,1516.0,1544.0,0.0,0.0,0.0,0.0,0.0,29.0,0.0,0.0,0.0,0.0,0.0,0.0,0.0,0.0,0.0,0.0,
2020-07-17T22:00:00Z,30.0,30.0,3.646,13.21,19.5,19.5,,,12.589,12.58,12.61,,,6.84,6.84,6.84,,,,0.04,,,,0.222,1.07,0.0,,,0.0,,,,,,0.004,1545.0,1574.0,0.0,0.0,0.0,0.0,0.0,30.0,0.0,0.0,0.0,0.0,0.0,0.0,0.0,0.0,0.0,0.0,
2020-07-17T23:00:00Z,30.0,30.0,13.0,13.54,19.5,19.5,,,12.785,12.6,12.85,,,6.84,6.84,6.84,,,,0.138,,,,1.797,3.24,0.0,,,0.0,,,,,,0.03,1575.0,1604.0,0.0,0.0,0.0,0.0,0.0,30.0,0.0,0.0,0.0,0.0,0.0,0.0,0.0,0.0,0.0,0.0,
2020-07-18T00:00:00Z,28.0,28.0,13.544,14.4,19.5,19.5,,,13.175,12.87,13.53,,,6.84,6.84,6.84,,,,0.612,,,,8.348,15.25,0.0,,,0.0,,,,,,0.13,1605.0,1633.0,0.0,0.0,0.0,0.0,0.0,28.0,0.0,0.0,0.0,0.0,0.0,0.0,0.0,0.0,0.0,0.0,
2020-07-18T01:00:00Z,30.0,30.0,14.071,14.9,19.5,19.5,,,13.604,13.28,14.05,,,6.84,6.84,6.84,,,,1.24,,,,17.576,30.02,0.0,,,0.0,,,,,,0.293,1634.0,1663.0,0.0,0.0,0.0,0.0,0.0,30.0,0.0,0.0,0.0,0.0,0.0,0.0,0.0,0.0,0.0,0.0,
2020-07-18T02:00:00Z,29.0,29.0,14.194,19.39,19.5,19.5,,,13.645,13.33,14.65,,,6.84,6.84,6.84,,,,0.984,,,,14.623,48.48,0.0,,,0.0,,,,,,0.236,1664.0,1692.0,0.0,0.0,0.0,0.0,0.0,29.0,0.0,0.0,0.0,0.0,0.0,0.0,0.0,0.0,0.0,0.0,
2020-07-18T03:00:00Z,30.0,30.0,17.546,21.44,19.5,19.5,,,14.367,13.7,14.81,,,6.84,6.84,6.84,,,,1.324,,,,23.055,52.36,0.0,,,0.0,,,,,,0.384,1693.0,1722.0,0.0,0.0,0.0,0.0,0.0,30.0,0.0,0.0,0.0,0.0,0.0,0.0,0.0,0.0,0.0,0.0,
2020-07-18T04:00:00Z,29.0,29.0,18.379,20.92,19.5,19.5,,,14.555,13.94,15.04,,,6.84,6.84,6.84,,,,0.895,,,,16.159,55.14,0.0,,,0.0,,,,,,0.26,1723.0,1751.0,0.0,0.0,0.0,0.0,0.0,29.0,0.0,0.0,0.0,0.0,0.0,0.0,0.0,0.0,0.0,0.0,
2020-07-18T05:00:00Z,30.0,30.0,19.475,20.45,19.5,19.5,,,14.66,14.46,15.1,,,6.84,6.84,6.84,,,,0.642,,,,11.537,43.12,0.0,,,0.0,,,,,,0.192,1752.0,1781.0,0.0,0.0,0.0,0.0,0.0,30.0,0.0,0.0,0.0,0.0,0.0,0.0,0.0,0.0,0.0,0.0,
2020-07-18T06:00:00Z,30.0,30.0,19.267,21.2,19.5,19.5,,,14.655,14.48,14.95,,,6.84,6.84,6.84,,,,0.624,,,,11.522,51.71,0.0,,,0.0,,,,,,0.192,1782.0,1811.0,0.0,0.0,0.0,0.0,0.0,30.0,0.0,0.0,0.0,0.0,0.0,0.0,0.0,0.0,0.0,0.0,
2020-07-18T07:00:00Z,28.0,28.0,19.234,21.15,19.5,19.5,,,14.635,14.45,14.83,,,6.84,6.84,6.84,,,,0.368,,,,6.76,26.09,0.0,,,0.0,,,,,,0.105,1812.0,1840.0,0.0,0.0,0.0,0.0,0.0,28.0,0.0,0.0,0.0,0.0,0.0,0.0,0.0,0.0,0.0,0.0,
2020-07-18T08:00:00Z,30.0,30.0,18.179,21.17,19.5,19.5,,,14.465,13.3,14.84,,,6.84,6.84,6.84,,,,0.501,,,,8.981,33.38,0.0,,,0.0,,,,,,0.15,1841.0,1870.0,0.0,0.0,0.0,0.0,0.0,30.0,0.0,0.0,0.0,0.0,0.0,0.0,0.0,0.0,0.0,0.0,
2020-07-18T09:00:00Z,29.0,29.0,13.837,15.87,19.5,19.5,,,13.516,12.91,14.82,,,6.84,6.84,6.84,,,,0.322,,,,4.599,10.24,0.0,,,0.0,,,,,,0.074,1871.0,1899.0,0.0,0.0,0.0,0.0,0.0,29.0,0.0,0.0,0.0,0.0,0.0,0.0,0.0,0.0,0.0,0.0,
2020-07-18T10:00:00Z,30.0,30.0,13.904,16.02,19.5,19.5,,,13.479,12.86,14.83,,,6.84,6.84,6.84,,,,0.252,,,,3.673,10.32,0.0,,,0.0,,,,,,0.061,1900.0,1929.0,0.0,0.0,0.0,0.0,0.0,30.0,0.0,0.0,0.0,0.0,0.0,0.0,0.0,0.0,0.0,0.0,
2020-07-18T11:00:00Z,29.0,29.0,2.807,13.43,19.5,19.5,,,12.838,12.8,12.87,,,6.84,6.84,6.84,,,,0.032,,,,0.095,0.52,0.0,,,0.0,,,,,,0.002,1930.0,1958.0,0.0,0.0,0.0,0.0,0.0,29.0,0.0,0.0,0.0,0.0,0.0,0.0,0.0,0.0,0.0,0.0,
2020-07-18T12:00:00Z,30.0,30.0,0.0,0.0,19.5,19.5,,,12.799,12.77,12.83,,,6.84,6.84,6.84,,,,0.026,,,,0.0,0.0,0.0,,,0.0,,,,,,0.0,1959.0,1988.0,0.0,0.0,0.0,0.0,0.0,30.0,0.0,0.0,0.0,0.0,0.0,0.0,0.0,0.0,0.0,0.0,
2020-07-18T13:00:00Z,29.0,29.0,0.0,0.0,19.5,19.5,,,12.767,12.73,12.8,,,6.84,6.84,6.84,,,,0.025,,,,0.0,0.0,0.0,,,0.0,,,,,,0.0,1989.0,2017.0,0.0,0.0,0.0,0.0,0.0,29.0,0.0,0.0,0.0,0.0,0.0,0.0,0.0,0.0,0.0,0.0,
2020-07-18T14:00:00Z,30.0,30.0,0.0,0.0,19.5,19.5,,,12.738,12.72,12.76,,,6.84,6.84,6.84,,,,0.029,,,,0.0,0.0,0.0,,,0.0,,,,,,0.0,2018.0,2047.0,0.0,0.0,0.0,0.0,0.0,30.0,0.0,0.0,0.0,0.0,0.0,0.0,0.0,0.0,0.0,0.0,
2020-07-18T15:00:00Z,30.0,30.0,0.0,0.0,19.5,19.5,,,12.716,12.69,12.74,,,6.84,6.84,6.84,,,,0.034,,,,0.0,0.0,0.0,,,0.0,,,,,,0.0,2048.0,2077.0,0.0,0.0,0.0,0.0,0.0,30.0,0.0,0.0,0.0,0.0,0.0,0.0,0.0,0.0,0.0,0.0,
2020-07-18T16:00:00Z,29.0,29.0,0.0,0.0,19.5,19.5,,,12.698,12.68,12.72,,,6.84,6.84,6.84,,,,0.029,,,,0.0,0.0,0.0,,,0.0,,,,,,0.0,2078.0,2106.0,0.0,0.0,0.0,0.0,0.0,29.0,0.0,0.0,0.0,0.0,0.0,0.0,0.0,0.0,0.0,0.0,
2020-07-18T17:00:00Z,30.0,30.0,0.0,0.0,19.5,19.5,,,12.679,12.66,12.69,,,6.84,6.84,6.84,,,,0.03,,,,0.0,0.0,0.0,,,0.0,,,,,,0.0,2107.0,2136.0,0.0,0.0,0.0,0.0,0.0,30.0,0.0,0.0,0.0,0.0,0.0,0.0,0.0,0.0,0.0,0.0,
2020-07-18T18:00:00Z,29.0,29.0,0.0,0.0,19.5,19.5,,,12.66,12.64,12.67,,,6.84,6.84,6.84,,,,0.027,,,,0.0,0.0,0.0,,,0.0,,,,,,0.0,2137.0,2165.0,0.0,0.0,0.0,0.0,0.0,29.0,0.0,0.0,0.0,0.0,0.0,0.0,0.0,0.0,0.0,0.0,
2020-07-18T19:00:00Z,30.0,30.0,0.0,0.0,19.5,19.5,,,12.65,12.63,12.66,,,6.84,6.84,6.84,,,,0.025,,,,0.0,0.0,0.0,,,0.0,,,,,,0.0,2166.0,2195.0,0.0,0.0,0.0,0.0,0.0,30.0,0.0,0.0,0.0,0.0,0.0,0.0,0.0,0.0,0.0,0.0,
2020-07-18T20:00:00Z,29.0,29.0,0.0,0.0,19.5,19.5,,,12.631,12.61,12.64,,,6.84,6.84,6.84,,,,0.026,,,,0.0,0.0,0.0,,,0.0,,,,,,0.0,2196.0,2224.0,0.0,0.0,0.0,0.0,0.0,29.0,0.0,0.0,0.0,0.0,0.0,0.0,0.0,0.0,0.0,0.0,
2020-07-18T21:00:00Z,29.0,29.0,0.0,0.0,19.5,19.5,,,12.617,12.6,12.63,,,6.84,6.84,6.84,,,,0.028,,,,0.0,0.0,0.0,,,0.0,,,,,,0.0,2225.0,2254.0,0.0,0.0,0.0,0.0,0.0,29.0,0.0,0.0,0.0,0.0,0.0,0.0,0.0,0.0,0.0,0.0,
2020-07-18T22:00:00Z,30.0,30.0,3.541,12.72,19.5,19.5,,,12.602,12.59,12.63,,,6.84,6.84,6.84,,,,0.037,,,,0.189,1.03,0.0,,,0.0,,,,,,0.003,2255.0,2284.0,0.0,0.0,0.0,0.0,0.0,30.0,0.0,0.0,0.0,0.0,0.0,0.0,0.0,0.0,0.0,0.0,
2020-07-18T23:00:00Z,29.0,29.0,13.191,13.64,19.5,19.5,,,12.855,12.69,12.93,,,6.84,6.84,6.84,,,,0.188,,,,2.471,4.11,0.0,,,0.0,,,,,,0.04,2285.0,2313.0,0.0,0.0,0.0,0.0,0.0,29.0,0.0,0.0,0.0,0.0,0.0,0.0,0.0,0.0,0.0,0.0,
2020-07-19T00:00:00Z,30.0,30.0,13.518,14.12,19.5,19.5,,,13.176,12.93,13.46,,,6.84,6.84,6.84,,,,0.558,,,,7.56,12.75,0.0,,,0.0,,,,,,0.126,2314.0,2343.0,0.0,0.0,0.0,0.0,0.0,30.0,0.0,0.0,0.0,0.0,0.0,0.0,0.0,0.0,0.0,0.0,
2020-07-19T01:00:00Z,29.0,29.0,14.038,14.86,19.5,19.5,,,13.595,13.3,13.84,,,6.84,6.84,6.84,,,,1.202,,,,16.947,25.45,0.0,,,0.0,,,,,,0.273,2344.0,2372.0,0.0,0.0,0.0,0.0,0.0,29.0,0.0,0.0,0.0,0.0,0.0,0.0,0.0,0.0,0.0,0.0,
2020-07-19T02:00:00Z,30.0,30.0,15.428,20.55,19.5,19.5,,,14.233,13.3,14.75,,,6.84,6.84,6.84,,,,1.645,,,,25.425,43.9,0.0,,,0.0,,,,,,0.424,2373.0,2402.0,0.0,0.0,0.0,0.0,0.0,30.0,0.0,0.0,0.0,0.0,0.0,0.0,0.0,0.0,0.0,0.0,
2020-07-19T03:00:00Z,29.0,29.0,18.22,20.43,19.5,19.5,,,14.67,14.34,15.0,,,6.84,6.84,6.84,,,,1.337,,,,23.677,48.18,0.0,,,0.0,,,,,,0.381,2403.0,2431.0,0.0,0.0,0.0,0.0,0.0,29.0,0.0,0.0,0.0,0.0,0.0,0.0,0.0,0.0,0.0,0.0,
2020-07-19T04:00:00Z,30.0,30.0,18.843,20.77,19.5,19.5,,,14.702,14.48,15.19,,,6.84,6.84,6.84,,,,0.844,,,,15.205,50.37,0.0,,,0.0,,,,,,0.253,2432.0,2461.0,0.0,0.0,0.0,0.0,0.0,30.0,0.0,0.0,0.0,0.0,0.0,0.0,0.0,0.0,0.0,0.0,
2020-07-19T05:00:00Z,30.0,30.0,19.378,21.11,19.5,19.5,,,14.679,14.49,15.27,,,6.84,6.84,6.84,,,,0.499,,,,9.182,53.95,0.0,,,0.0,,,,,,0.153,2462.0,2491.0,0.0,0.0,0.0,0.0,0.0,30.0,0.0,0.0,0.0,0.0,0.0,0.0,0.0,0.0,0.0,0.0,
2020-07-19T06:00:00Z,29.0,29.0,19.027,20.91,19.5,19.5,,,14.695,14.49,14.91,,,6.84,6.84,6.84,,,,0.478,,,,8.739,34.23,0.0,,,0.0,,,,,,0.141,2492.0,2520.0,0.0,0.0,0.0,0.0,0.0,29.0,0.0,0.0,0.0,0.0,0.0,0.0,0.0,0.0,0.0,0.0,
2020-07-19T07:00:00Z,30.0,30.0,19.07,20.48,19.5,19.5,,,14.667,14.49,15.0,,,6.84,6.84,6.84,,,,0.382,,,,6.652,33.63,0.0,,,0.0,,,,,,0.111,2521.0,2550.0,0.0,0.0,0.0,0.0,0.0,30.0,0.0,0.0,0.0,0.0,0.0,0.0,0.0,0.0,0.0,0.0,
2020-07-19T08:00:00Z,29.0,29.0,15.733,19.98,19.5,19.5,,,14.527,13.54,14.83,,,6.84,6.84,6.84,,,,0.46,,,,7.185,10.91,0.0,,,0.0,,,,,,0.116,2551.0,2579.0,0.0,0.0,0.0,0.0,0.0,29.0,0.0,0.0,0.0,0.0,0.0,0.0,0.0,0.0,0.0,0.0,
2020-07-19T09:00:00Z,30.0,30.0,16.911,20.72,19.5,19.5,,,14.657,14.07,14.89,,,6.84,6.84,6.84,,,,0.457,,,,7.609,18.11,0.0,,,0.0,,,,,,0.127,2580.0,2609.0,0.0,0.0,0.0,0.0,0.0,30.0,0.0,0.0,0.0,0.0,0.0,0.0,0.0,0.0,0.0,0.0,
2020-07-19T10:00:00Z,29.0,29.0,13.684,14.54,19.5,19.5,,,13.367,12.96,14.39,,,6.84,6.84,6.84,,,,0.246,,,,3.39,6.39,0.0,,,0.0,,,,,,0.055,2610.0,2638.0,0.0,0.0,0.0,0.0,0.0,29.0,0.0,0.0,0.0,0.0,0.0,0.0,0.0,0.0,0.0,0.0,
2020-07-19T11:00:00Z,30.0,30.0,3.1,13.45,19.5,19.5,,,12.854,12.81,12.93,,,6.84,6.84,6.84,,,,0.034,,,,0.157,1.73,0.0,,,0.0,,,,,,0.003,2639.0,2668.0,0.0,0.0,0.0,0.0,0.0,30.0,0.0,0.0,0.0,0.0,0.0,0.0,0.0,0.0,0.0,0.0,
2020-07-19T12:00:00Z,30.0,30.0,0.0,0.0,19.5,19.5,,,12.815,12.78,12.85,,,6.84,6.84,6.84,,,,0.02,,,,0.0,0.0,0.0,,,0.0,,,,,,0.0,2669.0,2698.0,0.0,0.0,0.0,0.0,0.0,30.0,0.0,0.0,0.0,0.0,0.0,0.0,0.0,0.0,0.0,0.0,
2020-07-19T13:00:00Z,29.0,29.0,0.0,0.0,19.5,19.5,,,12.782,12.74,12.81,,,6.84,6.84,6.84,,,,0.03,,,,0.0,0.0,0.0,,,0.0,,,,,,0.0,2699.0,2727.0,0.0,0.0,0.0,0.0,0.0,29.0,0.0,0.0,0.0,0.0,0.0,0.0,0.0,0.0,0.0,0.0,
2020-07-19T14:00:00Z,30.0,30.0,0.0,0.0,19.5,19.5,,,12.762,12.72,12.78,,,6.84,6.84,6.84,,,,0.02,,,,0.0,0.0,0.0,,,0.0,,,,,,0.0,2728.0,2757.0,0.0,0.0,0.0,0.0,0.0,30.0,0.0,0.0,0.0,0.0,0.0,0.0,0.0,0.0,0.0,0.0,
2020-07-19T15:00:00Z,29.0,29.0,0.0,0.0,19.5,19.5,,,12.731,12.72,12.75,,,6.84,6.84,6.84,,,,0.031,,,,0.0,0.0,0.0,,,0.0,,,,,,0.0,2758.0,2786.0,0.0,0.0,0.0,0.0,0.0,29.0,0.0,0.0,0.0,0.0,0.0,0.0,0.0,0.0,0.0,0.0,
2020-07-19T16:00:00Z,30.0,30.0,0.0,0.0,19.5,19.5,,,12.709,12.69,12.73,,,6.84,6.84,6.84,,,,0.033,,,,0.0,0.0,0.0,,,0.0,,,,,,0.0,2787.0,2816.0,0.0,0.0,0.0,0.0,0.0,30.0,0.0,0.0,0.0,0.0,0.0,0.0,0.0,0.0,0.0,0.0,
2020-07-19T17:00:00Z,30.0,30.0,0.0,0.0,19.5,19.5,,,12.692,12.67,12.71,,,6.84,6.84,6.84,,,,0.023,,,,0.0,0.0,0.0,,,0.0,,,,,,0.0,2817.0,2846.0,0.0,0.0,0.0,0.0,0.0,30.0,0.0,0.0,0.0,0.0,0.0,0.0,0.0,0.0,0.0,0.0,
2020-07-19T18:00:00Z,29.0,29.0,0.0,0.0,19.5,19.5,,,12.673,12.66,12.69,,,6.84,6.84,6.84,,,,0.026,,,,0.0,0.0,0.0,,,0.0,,,,,,0.0,2847.0,2875.0,0.0,0.0,0.0,0.0,0.0,29.0,0.0,0.0,0.0,0.0,0.0,0.0,0.0,0.0,0.0,0.0,
2020-07-19T19:00:00Z,30.0,30.0,0.0,0.0,19.5,19.5,,,12.659,12.65,12.67,,,6.84,6.84,6.84,,,,0.025,,,,0.0,0.0,0.0,,,0.0,,,,,,0.0,2876.0,2905.0,0.0,0.0,0.0,0.0,0.0,30.0,0.0,0.0,0.0,0.0,0.0,0.0,0.0,0.0,0.0,0.0,
2020-07-19T20:00:00Z,29.0,29.0,0.0,0.0,19.5,19.5,,,12.645,12.63,12.66,,,6.84,6.84,6.84,,,,0.024,,,,0.0,0.0,0.0,,,0.0,,,,,,0.0,2906.0,2934.0,0.0,0.0,0.0,0.0,0.0,29.0,0.0,0.0,0.0,0.0,0.0,0.0,0.0,0.0,0.0,0.0,
2020-07-19T21:00:00Z,29.0,29.0,0.0,0.0,19.5,19.5,,,12.628,12.61,12.64,,,6.84,6.84,6.84,,,,0.028,,,,0.0,0.0,0.0,,,0.0,,,,,,0.0,2935.0,2964.0,0.0,0.0,0.0,0.0,0.0,29.0,0.0,0.0,0.0,0.0,0.0,0.0,0.0,0.0,0.0,0.0,
2020-07-19T22:00:00Z,29.0,29.0,3.52,13.21,19.5,19.5,,,12.612,12.59,12.65,,,6.84,6.84,6.84,,,,0.037,,,,0.176,1.03,0.0,,,0.0,,,,,,0.003,2965.0,2993.0,0.0,0.0,0.0,0.0,0.0,29.0,0.0,0.0,0.0,0.0,0.0,0.0,0.0,0.0,0.0,0.0,
2020-07-19T23:00:00Z,30.0,30.0,13.114,13.79,19.5,19.5,,,12.849,12.63,13.05,,,6.84,6.84,6.84,,,,0.194,,,,2.561,6.14,0.0,,,0.0,,,,,,0.043,2994.0,3023.0,0.0,0.0,0.0,0.0,0.0,30.0,0.0,0.0,0.0,0.0,0.0,0.0,0.0,0.0,0.0,0.0,
2020-07-20T00:00:00Z,30.0,30.0,13.626,14.21,19.5,19.5,,,13.23,13.06,13.39,,,6.84,6.84,6.84,,,,0.553,,,,7.559,11.35,0.0,,,0.0,,,,,,0.126,3024.0,3053.0,0.0,0.0,0.0,0.0,0.0,30.0,0.0,0.0,0.0,0.0,0.0,0.0,0.0,0.0,0.0,0.0,
2020-07-20T01:00:00Z,29.0,29.0,13.967,14.81,19.5,19.5,,,13.484,13.22,13.82,,,6.84,6.84,6.84,,,,0.961,,,,13.504,23.32,0.0,,,0.0,,,,,,0.218,3054.0,3082.0,0.0,0.0,0.0,0.0,0.0,29.0,0.0,0.0,0.0,0.0,0.0,0.0,0.0,0.0,0.0,0.0,
2020-07-20T02:00:00Z,29.0,29.0,14.903,16.55,19.5,19.5,,,14.14,13.42,14.65,,,6.84,6.84,6.84,,,,1.693,,,,25.368,32.71,0.0,,,0.0,,,,,,0.409,3083.0,3112.0,0.0,0.0,0.0,0.0,0.0,29.0,0.0,0.0,0.0,0.0,0.0,0.0,0.0,0.0,0.0,0.0,
2020-07-20T03:00:00Z,29.0,29.0,16.52,20.96,19.5,19.5,,,14.345,13.81,14.94,,,6.84,6.84,6.84,,,,0.957,,,,15.569,49.61,0.0,,,0.0,,,,,,0.251,3113.0,3141.0,0.0,0.0,0.0,0.0,0.0,29.0,0.0,0.0,0.0,0.0,0.0,0.0,0.0,0.0,0.0,0.0,
2020-07-20T04:00:00Z,30.0,30.0,17.808,21.41,19.5,19.5,,,14.688,14.48,15.0,,,6.84,6.84,6.84,,,,0.69,,,,11.652,45.76,0.0,,,0.0,,,,,,0.194,3142.0,3171.0,0.0,0.0,0.0,0.0,0.0,30.0,0.0,0.0,0.0,0.0,0.0,0.0,0.0,0.0,0.0,0.0,
2020-07-20T05:00:00Z,29.0,29.0,18.988,20.9,19.5,19.5,,,14.652,14.48,15.0,,,6.84,6.84,6.84,,,,0.472,,,,8.416,53.97,0.0,,,0.0,,,,,,0.136,3172.0,3200.0,0.0,0.0,0.0,0.0,0.0,29.0,0.0,0.0,0.0,0.0,0.0,0.0,0.0,0.0,0.0,0.0,
2020-07-20T06:00:00Z,30.0,30.0,17.135,20.35,19.5,19.5,,,14.338,13.23,14.9,,,6.84,6.84,6.84,,,,0.388,,,,6.566,20.12,0.0,,,0.0,,,,,,0.109,3201.0,3230.0,0.0,0.0,0.0,0.0,0.0,30.0,0.0,0.0,0.0,0.0,0.0,0.0,0.0,0.0,0.0,0.0,
2020-07-20T07:00:00Z,29.0,29.0,13.437,13.95,19.5,19.5,,,13.113,12.99,13.24,,,6.84,6.84,6.84,,,,0.177,,,,2.365,4.27,0.0,,,0.0,,,,,,0.038,3231.0,3259.0,0.0,0.0,0.0,0.0,0.0,29.0,0.0,0.0,0.0,0.0,0.0,0.0,0.0,0.0,0.0,0.0,
2020-07-20T08:00:00Z,30.0,30.0,13.941,14.54,19.5,19.5,,,13.614,13.28,13.77,,,6.84,6.84,6.84,,,,0.434,,,,6.052,6.98,0.0,,,0.0,,,,,,0.101,3260.0,3289.0,0.0,0.0,0.0,0.0,0.0,30.0,0.0,0.0,0.0,0.0,0.0,0.0,0.0,0.0,0.0,0.0,
2020-07-20T09:00:00Z,30.0,30.0,13.769,14.22,19.5,19.5,,,13.471,13.36,13.55,,,6.84,6.84,6.84,,,,0.348,,,,4.793,5.83,0.0,,,0.0,,,,,,0.08,3290.0,3319.0,0.0,0.0,0.0,0.0,0.0,30.0,0.0,0.0,0.0,0.0,0.0,0.0,0.0,0.0,0.0,0.0,
2020-07-20T10:00:00Z,29.0,29.0,12.629,14.03,19.5,19.5,,,12.997,12.81,13.35,,,6.84,6.84,6.84,,,,0.148,,,,1.949,4.95,0.0,,,0.0,,,,,,0.031,3320.0,3348.0,0.0,0.0,0.0,0.0,0.0,29.0,0.0,0.0,0.0,0.0,0.0,0.0,0.0,0.0,0.0,0.0,
2020-07-20T11:00:00Z,30.0,30.0,0.685,3.98,19.5,19.5,,,12.815,12.78,12.84,,,6.84,6.84,6.84,,,,0.03,,,,0.025,0.27,0.0,,,0.0,,,,,,0.0,3349.0,3378.0,0.0,0.0,0.0,0.0,0.0,30.0,0.0,0.0,0.0,0.0,0.0,0.0,0.0,0.0,0.0,0.0,
2020-07-20T12:00:00Z,29.0,29.0,0.0,0.0,19.5,19.5,,,12.789,12.77,12.81,,,6.84,6.84,6.84,,,,0.021,,,,0.0,0.0,0.0,,,0.0,,,,,,0.0,3379.0,3407.0,0.0,0.0,0.0,0.0,0.0,29.0,0.0,0.0,0.0,0.0,0.0,0.0,0.0,0.0,0.0,0.0,
2020-07-20T13:00:00Z,30.0,30.0,0.0,0.0,19.5,19.5,,,12.76,12.74,12.78,,,6.84,6.84,6.84,,,,0.027,,,,0.0,0.0,0.0,,,0.0,,,,,,0.0,3408.0,3437.0,0.0,0.0,0.0,0.0,0.0,30.0,0.0,0.0,0.0,0.0,0.0,0.0,0.0,0.0,0.0,0.0,
2020-07-20T14:00:00Z,29.0,29.0,0.0,0.0,19.5,19.5,,,12.737,12.72,12.76,,,6.84,6.84,6.84,,,,0.023,,,,0.0,0.0,0.0,,,0.0,,,,,,0.0,3438.0,3466.0,0.0,0.0,0.0,0.0,0.0,29.0,0.0,0.0,0.0,0.0,0.0,0.0,0.0,0.0,0.0,0.0,
2020-07-20T15:00:00Z,30.0,30.0,0.0,0.0,19.5,19.5,,,12.719,12.69,12.75,,,6.84,6.84,6.84,,,,0.034,,,,0.0,0.0,0.0,,,0.0,,,,,,0.0,3467.0,3496.0,0.0,0.0,0.0,0.0,0.0,30.0,0.0,0.0,0.0,0.0,0.0,0.0,0.0,0.0,0.0,0.0,
2020-07-20T16:00:00Z,30.0,30.0,0.0,0.0,19.5,19.5,,,12.7,12.69,12.72,,,6.84,6.84,6.84,,,,0.03,,,,0.0,0.0,0.0,,,0.0,,,,,,0.0,3497.0,3526.0,0.0,0.0,0.0,0.0,0.0,30.0,0.0,0.0,0.0,0.0,0.0,0.0,0.0,0.0,0.0,0.0,
2020-07-20T17:00:00Z,29.0,29.0,0.0,0.0,19.5,19.5,,,12.682,12.66,12.71,,,6.84,6.84,6.84,,,,0.024,,,,0.0,0.0,0.0,,,0.0,,,,,,0.0,3527.0,3555.0,0.0,0.0,0.0,0.0,0.0,29.0,0.0,0.0,0.0,0.0,0.0,0.0,0.0,0.0,0.0,0.0,
2020-07-20T18:00:00Z,30.0,30.0,0.0,0.0,19.5,19.5,,,12.664,12.65,12.69,,,6.84,6.84,6.84,,,,0.025,,,,0.0,0.0,0.0,,,0.0,,,,,,0.0,3556.0,3585.0,0.0,0.0,0.0,0.0,0.0,30.0,0.0,0.0,0.0,0.0,0.0,0.0,0.0,0.0,0.0,0.0,
2020-07-20T19:00:00Z,29.0,29.0,0.0,0.0,19.5,19.5,,,12.653,12.64,12.66,,,6.84,6.84,6.84,,,,0.023,,,,0.0,0.0,0.0,,,0.0,,,,,,0.0,3586.0,3614.0,0.0,0.0,0.0,0.0,0.0,29.0,0.0,0.0,0.0,0.0,0.0,0.0,0.0,0.0,0.0,0.0,
2020-07-20T20:00:00Z,30.0,30.0,0.0,0.0,19.5,19.5,,,12.632,12.62,12.65,,,6.84,6.84,6.84,,,,0.026,,,,0.0,0.0,0.0,,,0.0,,,,,,0.0,3615.0,3644.0,0.0,0.0,0.0,0.0,0.0,30.0,0.0,0.0,0.0,0.0,0.0,0.0,0.0,0.0,0.0,0.0,
2020-07-20T21:00:00Z,29.0,29.0,0.0,0.0,19.5,19.5,,,12.617,12.6,12.63,,,6.84,6.84,6.84,,,,0.028,,,,0.0,0.0,0.0,,,0.0,,,,,,0.0,3645.0,3673.0,0.0,0.0,0.0,0.0,0.0,29.0,0.0,0.0,0.0,0.0,0.0,0.0,0.0,0.0,0.0,0.0,
2020-07-20T22:00:00Z,30.0,30.0,2.621,13.22,19.5,19.5,,,12.601,12.59,12.62,,,6.84,6.84,6.84,,,,0.033,,,,0.127,0.99,0.0,,,0.0,,,,,,0.002,3674.0,3703.0,0.0,0.0,0.0,0.0,0.0,30.0,0.0,0.0,0.0,0.0,0.0,0.0,0.0,0.0,0.0,0.0,
2020-07-20T23:00:00Z,30.0,30.0,13.105,13.63,19.5,19.5,,,12.829,12.61,12.93,,,6.84,6.84,6.84,,,,0.182,,,,2.387,3.86,0.0,,,0.0,,,,,,0.04,3704.0,3733.0,0.0,0.0,0.0,0.0,0.0,30.0,0.0,0.0,0.0,0.0,0.0,0.0,0.0,0.0,0.0,0.0,
2020-07-21T00:00:00Z,29.0,29.0,13.535,14.21,19.5,19.5,,,13.259,12.95,13.59,,,6.84,6.84,6.84,,,,0.634,,,,8.627,15.9,0.0,,,0.0,,,,,,0.139,3734.0,3762.0,0.0,0.0,0.0,0.0,0.0,29.0,0.0,0.0,0.0,0.0,0.0,0.0,0.0,0.0,0.0,0.0,
2020-07-21T01:00:00Z,30.0,30.0,14.257,14.87,19.5,19.5,,,13.659,13.52,13.87,,,6.84,6.84,6.84,,,,1.249,,,,17.868,25.73,0.0,,,0.0,,,,,,0.298,3763.0,3792.0,0.0,0.0,0.0,0.0,0.0,30.0,0.0,0.0,0.0,0.0,0.0,0.0,0.0,0.0,0.0,0.0,
2020-07-21T02:00:00Z,29.0,29.0,14.63,17.51,19.5,19.5,,,13.954,13.56,14.67,,,6.84,6.84,6.84,,,,1.303,,,,19.291,35.48,0.0,,,0.0,,,,,,0.311,3793.0,3821.0,0.0,0.0,0.0,0.0,0.0,29.0,0.0,0.0,0.0,0.0,0.0,0.0,0.0,0.0,0.0,0.0,
2020-07-21T03:00:00Z,30.0,30.0,14.582,18.49,19.5,19.5,,,13.985,13.63,14.67,,,6.84,6.84,6.84,,,,0.816,,,,11.943,22.13,0.0,,,0.0,,,,,,0.199,3822.0,3851.0,0.0,0.0,0.0,0.0,0.0,30.0,0.0,0.0,0.0,0.0,0.0,0.0,0.0,0.0,0.0,0.0,
2020-07-21T04:00:00Z,29.0,29.0,17.618,20.93,19.5,19.5,,,14.69,14.46,14.87,,,6.84,6.84,6.84,,,,0.749,,,,12.289,21.68,0.0,,,0.0,,,,,,0.198,3852.0,3880.0,0.0,0.0,0.0,0.0,0.0,29.0,0.0,0.0,0.0,0.0,0.0,0.0,0.0,0.0,0.0,0.0,
2020-07-21T05:00:00Z,30.0,30.0,19.355,20.95,19.5,19.5,,,14.631,14.5,14.87,,,6.84,6.84,6.84,,,,0.579,,,,10.449,26.4,0.0,,,0.0,,,,,,0.174,3881.0,3910.0,0.0,0.0,0.0,0.0,0.0,30.0,0.0,0.0,0.0,0.0,0.0,0.0,0.0,0.0,0.0,0.0,
2020-07-21T06:00:00Z,30.0,30.0,19.569,20.89,19.5,19.5,,,14.676,14.47,15.24,,,6.84,6.84,6.84,,,,0.449,,,,7.995,46.51,0.0,,,0.0,,,,,,0.133,3911.0,3940.0,0.0,0.0,0.0,0.0,0.0,30.0,0.0,0.0,0.0,0.0,0.0,0.0,0.0,0.0,0.0,0.0,
2020-07-21T07:00:00Z,29.0,29.0,18.834,21.01,19.5,19.5,,,14.723,14.47,15.03,,,6.84,6.84,6.84,,,,0.536,,,,9.169,36.55,0.0,,,0.0,,,,,,0.148,3941.0,3969.0,0.0,0.0,0.0,0.0,0.0,29.0,0.0,0.0,0.0,0.0,0.0,0.0,0.0,0.0,0.0,0.0,
2020-07-21T08:00:00Z,30.0,30.0,15.301,20.48,19.5,19.5,,,14.126,13.47,14.87,,,6.84,6.84,6.84,,,,0.38,,,,5.735,10.86,0.0,,,0.0,,,,,,0.096,3970.0,3999.0,0.0,0.0,0.0,0.0,0.0,30.0,0.0,0.0,0.0,0.0,0.0,0.0,0.0,0.0,0.0,0.0,
2020-07-21T09:00:00Z,29.0,29.0,13.53,14.02,19.5,19.5,,,13.224,13.12,13.45,,,6.84,6.84,6.84,,,,0.244,,,,3.287,4.23,0.0,,,0.0,,,,,,0.053,4000.0,4028.0,0.0,0.0,0.0,0.0,0.0,29.0,0.0,0.0,0.0,0.0,0.0,0.0,0.0,0.0,0.0,0.0,
2020-07-21T10:00:00Z,30.0,30.0,13.33,13.8,19.5,19.5,,,13.017,12.84,13.12,,,6.84,6.84,6.84,,,,0.145,,,,1.932,2.83,0.0,,,0.0,,,,,,0.032,4029.0,4058.0,0.0,0.0,0.0,0.0,0.0,30.0,0.0,0.0,0.0,0.0,0.0,0.0,0.0,0.0,0.0,0.0,
2020-07-21T11:00:00Z,29.0,29.0,2.211,13.11,19.5,19.5,,,12.818,12.79,12.85,,,6.84,6.84,6.84,,,,0.034,,,,0.129,1.11,0.0,,,0.0,,,,,,0.002,4059.0,4087.0,0.0,0.0,0.0,0.0,0.0,29.0,0.0,0.0,0.0,0.0,0.0,0.0,0.0,0.0,0.0,0.0,
2020-07-21T12:00:00Z,30.0,30.0,0.0,0.0,19.5,19.5,,,12.793,12.77,12.82,,,6.84,6.84,6.84,,,,0.026,,,,0.0,0.0,0.0,,,0.0,,,,,,0.0,4088.0,4117.0,0.0,0.0,0.0,0.0,0.0,30.0,0.0,0.0,0.0,0.0,0.0,0.0,0.0,0.0,0.0,0.0,
2020-07-21T13:00:00Z,30.0,30.0,0.0,0.0,19.5,19.5,,,12.767,12.74,12.79,,,6.84,6.84,6.84,,,,0.027,,,,0.0,0.0,0.0,,,0.0,,,,,,0.0,4118.0,4147.0,0.0,0.0,0.0,0.0,0.0,30.0,0.0,0.0,0.0,0.0,0.0,0.0,0.0,0.0,0.0,0.0,
2020-07-21T14:00:00Z,26.0,26.0,0.0,0.0,19.5,19.5,,,12.742,12.72,12.76,,,6.84,6.84,6.84,,,,0.033,,,,0.0,0.0,0.0,,,0.0,,,,,,0.0,4148.0,4176.0,0.0,0.0,0.0,0.0,0.0,26.0,0.0,0.0,0.0,0.0,0.0,0.0,0.0,0.0,0.0,0.0,
2020-07-21T15:00:00Z,30.0,30.0,0.0,0.0,19.5,19.5,,,12.727,12.7,12.75,,,6.84,6.84,6.84,,,,0.035,,,,0.0,0.0,0.0,,,0.0,,,,,,0.0,4177.0,4206.0,0.0,0.0,0.0,0.0,0.0,30.0,0.0,0.0,0.0,0.0,0.0,0.0,0.0,0.0,0.0,0.0,
2020-07-21T16:00:00Z,29.0,29.0,0.0,0.0,19.5,19.5,,,12.71,12.69,12.73,,,6.84,6.84,6.84,,,,0.024,,,,0.0,0.0,0.0,,,0.0,,,,,,0.0,4207.0,4235.0,0.0,0.0,0.0,0.0,0.0,29.0,0.0,0.0,0.0,0.0,0.0,0.0,0.0,0.0,0.0,0.0,
2020-07-21T17:00:00Z,30.0,30.0,0.0,0.0,19.5,19.5,,,12.694,12.68,12.71,,,6.84,6.84,6.84,,,,0.028,,,,0.0,0.0,0.0,,,0.0,,,,,,0.0,4236.0,4265.0,0.0,0.0,0.0,0.0,0.0,30.0,0.0,0.0,0.0,0.0,0.0,0.0,0.0,0.0,0.0,0.0,
2020-07-21T18:00:00Z,29.0,29.0,0.0,0.0,19.5,19.5,,,12.682,12.67,12.69,,,6.84,6.84,6.84,,,,0.025,,,,0.0,0.0,0.0,,,0.0,,,,,,0.0,4266.0,4294.0,0.0,0.0,0.0,0.0,0.0,29.0,0.0,0.0,0.0,0.0,0.0,0.0,0.0,0.0,0.0,0.0,
2020-07-21T19:00:00Z,30.0,30.0,0.0,0.0,19.5,19.5,,,12.662,12.65,12.68,,,6.84,6.84,6.84,,,,0.025,,,,0.0,0.0,0.0,,,0.0,,,,,,0.0,4295.0,4324.0,0.0,0.0,0.0,0.0,0.0,30.0,0.0,0.0,0.0,0.0,0.0,0.0,0.0,0.0,0.0,0.0,
2020-07-21T20:00:00Z,29.0,29.0,0.0,0.0,19.5,19.5,,,12.647,12.63,12.66,,,6.84,6.84,6.84,,,,0.028,,,,0.0,0.0,0.0,,,0.0,,,,,,0.0,4325.0,4354.0,0.0,0.0,0.0,0.0,0.0,29.0,0.0,0.0,0.0,0.0,0.0,0.0,0.0,0.0,0.0,0.0,
2020-07-21T21:00:00Z,29.0,29.0,0.0,0.0,19.5,19.5,,,12.628,12.61,12.64,,,6.84,6.84,6.84,,,,0.028,,,,0.0,0.0,0.0,,,0.0,,,,,,0.0,4355.0,4383.0,0.0,0.0,0.0,0.0,0.0,29.0,0.0,0.0,0.0,0.0,0.0,0.0,0.0,0.0,0.0,0.0,
2020-07-21T22:00:00Z,30.0,30.0,3.672,13.25,19.5,19.5,,,12.62,12.6,12.68,,,6.84,6.84,6.84,,,,0.037,,,,0.187,0.91,0.0,,,0.0,,,,,,0.003,4384.0,4413.0,0.0,0.0,0.0,0.0,0.0,30.0,0.0,0.0,0.0,0.0,0.0,0.0,0.0,0.0,0.0,0.0,
2020-07-21T23:00:00Z,29.0,29.0,13.144,13.57,19.5,19.5,,,12.836,12.75,12.89,,,6.84,6.84,6.84,,,,0.132,,,,1.724,3.3,0.0,,,0.0,,,,,,0.028,4414.0,4442.0,0.0,0.0,0.0,0.0,0.0,29.0,0.0,0.0,0.0,0.0,0.0,0.0,0.0,0.0,0.0,0.0,
2020-07-22T00:00:00Z,30.0,30.0,13.614,14.35,19.5,19.5,,,13.207,12.89,13.5,,,6.84,6.84,6.84,,,,0.579,,,,7.946,13.44,0.0,,,0.0,,,,,,0.132,4443.0,4472.0,0.0,0.0,0.0,0.0,0.0,30.0,0.0,0.0,0.0,0.0,0.0,0.0,0.0,0.0,0.0,0.0,
2020-07-22T01:00:00Z,29.0,29.0,14.233,14.91,19.5,19.5,,,13.668,13.52,13.92,,,6.84,6.84,6.84,,,,1.334,,,,19.069,25.72,0.0,,,0.0,,,,,,0.307,4473.0,4501.0,0.0,0.0,0.0,0.0,0.0,29.0,0.0,0.0,0.0,0.0,0.0,0.0,0.0,0.0,0.0,0.0,
2020-07-22T02:00:00Z,30.0,30.0,15.896,20.48,19.5,19.5,,,14.417,13.91,14.88,,,6.84,6.84,6.84,,,,1.658,,,,25.568,40.77,0.0,,,0.0,,,,,,0.426,4502.0,4531.0,0.0,0.0,0.0,0.0,0.0,30.0,0.0,0.0,0.0,0.0,0.0,0.0,0.0,0.0,0.0,0.0,
2020-07-22T03:00:00Z,30.0,30.0,17.279,20.57,19.5,19.5,,,14.559,13.81,15.03,,,6.84,6.84,6.84,,,,1.082,,,,18.075,48.81,0.0,,,0.0,,,,,,0.301,4532.0,4561.0,0.0,0.0,0.0,0.0,0.0,30.0,0.0,0.0,0.0,0.0,0.0,0.0,0.0,0.0,0.0,0.0,
2020-07-22T04:00:00Z,29.0,29.0,17.829,20.93,19.5,19.5,,,14.63,14.02,15.18,,,6.84,6.84,6.84,,,,0.724,,,,12.04,50.86,0.0,,,0.0,,,,,,0.194,4562.0,4590.0,0.0,0.0,0.0,0.0,0.0,29.0,0.0,0.0,0.0,0.0,0.0,0.0,0.0,0.0,0.0,0.0,
2020-07-22T05:00:00Z,30.0,30.0,18.453,21.18,19.5,19.5,,,14.703,14.48,15.12,,,6.84,6.84,6.84,,,,0.458,,,,7.834,46.07,0.0,,,0.0,,,,,,0.131,4591.0,4620.0,0.0,0.0,0.0,0.0,0.0,30.0,0.0,0.0,0.0,0.0,0.0,0.0,0.0,0.0,0.0,0.0,
2020-07-22T06:00:00Z,29.0,29.0,19.326,20.39,19.5,19.5,,,14.677,14.5,15.12,,,6.84,6.84,6.84,,,,0.584,,,,10.153,41.38,0.0,,,0.0,,,,,,0.164,4621.0,4649.0,0.0,0.0,0.0,0.0,0.0,29.0,0.0,0.0,0.0,0.0,0.0,0.0,0.0,0.0,0.0,0.0,
2020-07-22T07:00:00Z,30.0,30.0,19.751,20.56,19.5,19.5,,,14.67,14.48,15.0,,,6.84,6.84,6.84,,,,0.556,,,,10.54,45.78,0.0,,,0.0,,,,,,0.176,4650.0,4679.0,0.0,0.0,0.0,0.0,0.0,30.0,0.0,0.0,0.0,0.0,0.0,0.0,0.0,0.0,0.0,0.0,
2020-07-22T08:00:00Z,29.0,29.0,19.366,20.66,19.5,19.5,,,14.653,14.48,14.99,,,6.84,6.84,6.84,,,,0.497,,,,8.849,29.42,0.0,,,0.0,,,,,,0.143,4680.0,4708.0,0.0,0.0,0.0,0.0,0.0,29.0,0.0,0.0,0.0,0.0,0.0,0.0,0.0,0.0,0.0,0.0,
2020-07-22T09:00:00Z,30.0,30.0,18.607,20.69,19.5,19.5,,,14.717,14.5,14.9,,,6.84,6.84,6.84,,,,0.534,,,,9.18,20.75,0.0,,,0.0,,,,,,0.153,4709.0,4738.0,0.0,0.0,0.0,0.0,0.0,30.0,0.0,0.0,0.0,0.0,0.0,0.0,0.0,0.0,0.0,0.0,
2020-07-22T10:00:00Z,30.0,30.0,15.309,20.43,19.5,19.5,,,13.963,12.89,14.82,,,6.84,6.84,6.84,,,,0.31,,,,5.005,15.02,0.0,,,0.0,,,,,,0.083,4739.0,4768.0,0.0,0.0,0.0,0.0,0.0,30.0,0.0,0.0,0.0,0.0,0.0,0.0,0.0,0.0,0.0,0.0,
2020-07-22T11:00:00Z,29.0,29.0,2.627,13.42,19.5,19.5,,,12.84,12.81,12.88,,,6.84,6.84,6.84,,,,0.04,,,,0.126,1.0,0.0,,,0.0,,,,,,0.002,4769.0,4797.0,0.0,0.0,0.0,0.0,0.0,29.0,0.0,0.0,0.0,0.0,0.0,0.0,0.0,0.0,0.0,0.0,
2020-07-22T12:00:00Z,30.0,30.0,0.0,0.0,19.5,19.5,,,12.813,12.78,12.85,,,6.84,6.84,6.84,,,,0.031,,,,0.0,0.0,0.0,,,0.0,,,,,,0.0,4798.0,4827.0,0.0,0.0,0.0,0.0,0.0,30.0,0.0,0.0,0.0,0.0,0.0,0.0,0.0,0.0,0.0,0.0,
2020-07-22T13:00:00Z,29.0,29.0,0.0,0.0,19.5,19.5,,,12.791,12.76,12.81,,,6.84,6.84,6.84,,,,0.025,,,,0.0,0.0,0.0,,,0.0,,,,,,0.0,4828.0,4856.0,0.0,0.0,0.0,0.0,0.0,29.0,0.0,0.0,0.0,0.0,0.0,0.0,0.0,0.0,0.0,0.0,
2020-07-22T14:00:00Z,30.0,30.0,0.0,0.0,19.5,19.5,,,12.755,12.74,12.78,,,6.84,6.84,6.84,,,,0.034,,,,0.0,0.0,0.0,,,0.0,,,,,,0.0,4857.0,4886.0,0.0,0.0,0.0,0.0,0.0,30.0,0.0,0.0,0.0,0.0,0.0,0.0,0.0,0.0,0.0,0.0,
2020-07-22T15:00:00Z,29.0,29.0,0.0,0.0,19.5,19.5,,,12.744,12.72,12.77,,,6.84,6.84,6.84,,,,0.033,,,,0.0,0.0,0.0,,,0.0,,,,,,0.0,4887.0,4915.0,0.0,0.0,0.0,0.0,0.0,29.0,0.0,0.0,0.0,0.0,0.0,0.0,0.0,0.0,0.0,0.0,
2020-07-22T16:00:00Z,30.0,30.0,0.0,0.0,19.5,19.5,,,12.719,12.71,12.74,,,6.84,6.84,6.84,,,,0.027,,,,0.0,0.0,0.0,,,0.0,,,,,,0.0,4916.0,4945.0,0.0,0.0,0.0,0.0,0.0,30.0,0.0,0.0,0.0,0.0,0.0,0.0,0.0,0.0,0.0,0.0,
2020-07-22T17:00:00Z,30.0,30.0,0.0,0.0,19.5,19.5,,,12.707,12.69,12.72,,,6.84,6.84,6.84,,,,0.025,,,,0.0,0.0,0.0,,,0.0,,,,,,0.0,4946.0,4975.0,0.0,0.0,0.0,0.0,0.0,30.0,0.0,0.0,0.0,0.0,0.0,0.0,0.0,0.0,0.0,0.0,
2020-07-22T18:00:00Z,29.0,29.0,0.0,0.0,19.5,19.5,,,12.689,12.67,12.7,,,6.84,6.84,6.84,,,,0.026,,,,0.0,0.0,0.0,,,0.0,,,,,,0.0,4976.0,5004.0,0.0,0.0,0.0,0.0,0.0,29.0,0.0,0.0,0.0,0.0,0.0,0.0,0.0,0.0,0.0,0.0,
2020-07-22T19:00:00Z,30.0,30.0,0.0,0.0,19.5,19.5,,,12.676,12.66,12.69,,,6.84,6.84,6.84,,,,0.024,,,,0.0,0.0,0.0,,,0.0,,,,,,0.0,5005.0,5034.0,0.0,0.0,0.0,0.0,0.0,30.0,0.0,0.0,0.0,0.0,0.0,0.0,0.0,0.0,0.0,0.0,
2020-07-22T20:00:00Z,29.0,29.0,0.0,0.0,19.5,19.5,,,12.661,12.65,12.67,,,6.84,6.84,6.84,,,,0.028,,,,0.0,0.0,0.0,,,0.0,,,,,,0.0,5035.0,5063.0,0.0,0.0,0.0,0.0,0.0,29.0,0.0,0.0,0.0,0.0,0.0,0.0,0.0,0.0,0.0,0.0,
2020-07-22T21:00:00Z,30.0,30.0,0.0,0.0,19.5,19.5,,,12.648,12.63,12.66,,,6.84,6.84,6.84,,,,0.026,,,,0.0,0.0,0.0,,,0.0,,,,,,0.0,5064.0,5093.0,0.0,0.0,0.0,0.0,0.0,30.0,0.0,0.0,0.0,0.0,0.0,0.0,0.0,0.0,0.0,0.0,
2020-07-22T22:00:00Z,29.0,29.0,3.17,12.81,19.5,19.5,,,12.63,12.62,12.64,,,6.84,6.84,6.84,,,,0.035,,,,0.145,0.68,0.0,,,0.0,,,,,,0.002,5094.0,5122.0,0.0,0.0,0.0,0.0,0.0,29.0,0.0,0.0,0.0,0.0,0.0,0.0,0.0,0.0,0.0,0.0,
2020-07-22T23:00:00Z,30.0,30.0,13.098,13.64,19.5,19.5,,,12.809,12.63,12.94,,,6.84,6.84,6.84,,,,0.14,,,,1.824,3.94,0.0,,,0.0,,,,,,0.03,5123.0,5152.0,0.0,0.0,0.0,0.0,0.0,30.0,0.0,0.0,0.0,0.0,0.0,0.0,0.0,0.0,0.0,0.0,
2020-07-23T00:00:00Z,28.0,28.0,13.552,14.22,19.5,19.5,,,13.17,12.95,13.44,,,6.84,6.84,6.84,,,,0.518,,,,7.041,11.76,0.0,,,0.0,,,,,,0.11,5153.0,5181.0,0.0,0.0,0.0,0.0,0.0,28.0,0.0,0.0,0.0,0.0,0.0,0.0,0.0,0.0,0.0,0.0,
2020-07-23T01:00:00Z,30.0,30.0,14.058,14.82,19.5,19.5,,,13.546,13.27,13.8,,,6.84,6.84,6.84,,,,1.079,,,,15.285,25.88,0.0,,,0.0,,,,,,0.255,5182.0,5211.0,0.0,0.0,0.0,0.0,0.0,30.0,0.0,0.0,0.0,0.0,0.0,0.0,0.0,0.0,0.0,0.0,
2020-07-23T02:00:00Z,30.0,30.0,14.556,15.77,19.5,19.5,,,13.978,13.44,14.65,,,6.84,6.84,6.84,,,,1.433,,,,21.201,35.86,0.0,,,0.0,,,,,,0.353,5212.0,5241.0,0.0,0.0,0.0,0.0,0.0,30.0,0.0,0.0,0.0,0.0,0.0,0.0,0.0,0.0,0.0,0.0,
2020-07-23T03:00:00Z,29.0,29.0,17.652,20.51,19.5,19.5,,,14.534,14.02,14.98,,,6.84,6.84,6.84,,,,1.046,,,,17.704,52.46,0.0,,,0.0,,,,,,0.285,5242.0,5270.0,0.0,0.0,0.0,0.0,0.0,29.0,0.0,0.0,0.0,0.0,0.0,0.0,0.0,0.0,0.0,0.0,
2020-07-23T04:00:00Z,30.0,30.0,18.973,20.1,19.5,19.5,,,14.679,14.47,15.12,,,6.84,6.84,6.84,,,,0.729,,,,12.767,41.36,0.0,,,0.0,,,,,,0.213,5271.0,5300.0,0.0,0.0,0.0,0.0,0.0,30.0,0.0,0.0,0.0,0.0,0.0,0.0,0.0,0.0,0.0,0.0,
2020-07-23T05:00:00Z,29.0,29.0,18.408,20.88,19.5,19.5,,,14.726,14.48,15.17,,,6.84,6.84,6.84,,,,0.693,,,,11.967,41.08,0.0,,,0.0,,,,,,0.193,5301.0,5329.0,0.0,0.0,0.0,0.0,0.0,29.0,0.0,0.0,0.0,0.0,0.0,0.0,0.0,0.0,0.0,0.0,
2020-07-23T06:00:00Z,30.0,30.0,18.318,20.33,19.5,19.5,,,14.692,14.48,15.17,,,6.84,6.84,6.84,,,,0.446,,,,7.458,39.41,0.0,,,0.0,,,,,,0.124,5330.0,5359.0,0.0,0.0,0.0,0.0,0.0,30.0,0.0,0.0,0.0,0.0,0.0,0.0,0.0,0.0,0.0,0.0,
2020-07-23T07:00:00Z,29.0,29.0,18.517,21.4,19.5,19.5,,,14.729,14.5,15.03,,,6.84,6.84,6.84,,,,0.65,,,,11.437,36.62,0.0,,,0.0,,,,,,0.184,5360.0,5388.0,0.0,0.0,0.0,0.0,0.0,29.0,0.0,0.0,0.0,0.0,0.0,0.0,0.0,0.0,0.0,0.0,
2020-07-23T08:00:00Z,30.0,30.0,19.169,20.45,19.5,19.5,,,14.669,14.48,15.0,,,6.84,6.84,6.84,,,,0.597,,,,10.803,36.19,0.0,,,0.0,,,,,,0.18,5389.0,5418.0,0.0,0.0,0.0,0.0,0.0,30.0,0.0,0.0,0.0,0.0,0.0,0.0,0.0,0.0,0.0,0.0,
2020-07-23T09:00:00Z,29.0,29.0,14.402,20.15,19.5,19.5,,,13.592,13.1,14.89,,,6.84,6.84,6.84,,,,0.382,,,,5.868,30.96,0.0,,,0.0,,,,,,0.095,5419.0,5448.0,0.0,0.0,0.0,0.0,0.0,29.0,0.0,0.0,0.0,0.0,0.0,0.0,0.0,0.0,0.0,0.0,
2020-07-23T10:00:00Z,29.0,29.0,5.476,13.52,19.5,19.5,,,12.862,12.81,13.11,,,6.84,6.84,6.84,,,,0.057,,,,0.521,2.3,0.0,,,0.0,,,,,,0.008,5449.0,5477.0,0.0,0.0,0.0,0.0,0.0,29.0,0.0,0.0,0.0,0.0,0.0,0.0,0.0,0.0,0.0,0.0,
2020-07-23T11:00:00Z,30.0,30.0,0.393,3.83,19.5,19.5,,,12.809,12.78,12.84,,,6.84,6.84,6.84,,,,0.031,,,,0.016,0.29,0.0,,,0.0,,,,,,0.0,5478.0,5507.0,0.0,0.0,0.0,0.0,0.0,30.0,0.0,0.0,0.0,0.0,0.0,0.0,0.0,0.0,0.0,0.0,
2020-07-23T12:00:00Z,27.0,27.0,0.0,0.0,19.5,19.5,,,12.782,12.75,12.81,,,6.84,6.84,6.84,,,,0.031,,,,0.0,0.0,0.0,,,0.0,,,,,,0.0,5508.0,5536.0,0.0,0.0,0.0,0.0,0.0,27.0,0.0,0.0,0.0,0.0,0.0,0.0,0.0,0.0,0.0,0.0,
2020-07-23T13:00:00Z,30.0,30.0,0.0,0.0,19.5,19.5,,,12.761,12.74,12.78,,,6.84,6.84,6.84,,,,0.029,,,,0.0,0.0,0.0,,,0.0,,,,,,0.0,5537.0,5566.0,0.0,0.0,0.0,0.0,0.0,30.0,0.0,0.0,0.0,0.0,0.0,0.0,0.0,0.0,0.0,0.0,
2020-07-23T14:00:00Z,30.0,30.0,0.0,0.0,19.5,19.5,,,12.743,12.72,12.77,,,6.84,6.84,6.84,,,,0.027,,,,0.0,0.0,0.0,,,0.0,,,,,,0.0,5567.0,5596.0,0.0,0.0,0.0,0.0,0.0,30.0,0.0,0.0,0.0,0.0,0.0,0.0,0.0,0.0,0.0,0.0,
2020-07-23T15:00:00Z,29.0,29.0,0.0,0.0,19.5,19.5,,,12.722,12.7,12.74,,,6.84,6.84,6.84,,,,0.028,,,,0.0,0.0,0.0,,,0.0,,,,,,0.0,5597.0,5625.0,0.0,0.0,0.0,0.0,0.0,29.0,0.0,0.0,0.0,0.0,0.0,0.0,0.0,0.0,0.0,0.0,
2020-07-23T16:00:00Z,30.0,30.0,0.0,0.0,19.5,19.5,,,12.706,12.69,12.72,,,6.84,6.84,6.84,,,,0.029,,,,0.0,0.0,0.0,,,0.0,,,,,,0.0,5626.0,5655.0,0.0,0.0,0.0,0.0,0.0,30.0,0.0,0.0,0.0,0.0,0.0,0.0,0.0,0.0,0.0,0.0,
2020-07-23T17:00:00Z,29.0,29.0,0.0,0.0,19.5,19.5,,,12.689,12.68,12.7,,,6.84,6.84,6.84,,,,0.026,,,,0.0,0.0,0.0,,,0.0,,,,,,0.0,5656.0,5684.0,0.0,0.0,0.0,0.0,0.0,29.0,0.0,0.0,0.0,0.0,0.0,0.0,0.0,0.0,0.0,0.0,
2020-07-23T18:00:00Z,30.0,30.0,0.0,0.0,19.5,19.5,,,12.678,12.66,12.69,,,6.84,6.84,6.84,,,,0.026,,,,0.0,0.0,0.0,,,0.0,,,,,,0.0,5685.0,5714.0,0.0,0.0,0.0,0.0,0.0,30.0,0.0,0.0,0.0,0.0,0.0,0.0,0.0,0.0,0.0,0.0,
2020-07-23T19:00:00Z,30.0,30.0,0.0,0.0,19.5,19.5,,,12.662,12.65,12.68,,,6.84,6.84,6.84,,,,0.028,,,,0.0,0.0,0.0,,,0.0,,,,,,0.0,5715.0,5744.0,0.0,0.0,0.0,0.0,0.0,30.0,0.0,0.0,0.0,0.0,0.0,0.0,0.0,0.0,0.0,0.0,
2020-07-23T20:00:00Z,29.0,29.0,0.0,0.0,19.5,19.5,,,12.645,12.63,12.66,,,6.84,6.84,6.84,,,,0.028,,,,0.0,0.0,0.0,,,0.0,,,,,,0.0,5745.0,5773.0,0.0,0.0,0.0,0.0,0.0,29.0,0.0,0.0,0.0,0.0,0.0,0.0,0.0,0.0,0.0,0.0,
2020-07-23T21:00:00Z,30.0,30.0,0.0,0.0,19.5,19.5,,,12.628,12.62,12.63,,,6.84,6.84,6.84,,,,0.028,,,,0.0,0.0,0.0,,,0.0,,,,,,0.0,5774.0,5803.0,0.0,0.0,0.0,0.0,0.0,30.0,0.0,0.0,0.0,0.0,0.0,0.0,0.0,0.0,0.0,0.0,
2020-07-23T22:00:00Z,29.0,29.0,1.322,6.37,19.5,19.5,,,12.617,12.6,12.63,,,6.84,6.84,6.84,,,,0.031,,,,0.05,0.36,0.0,,,0.0,,,,,,0.001,5804.0,5832.0,0.0,0.0,0.0,0.0,0.0,29.0,0.0,0.0,0.0,0.0,0.0,0.0,0.0,0.0,0.0,0.0,
2020-07-23T23:00:00Z,30.0,30.0,12.761,13.55,19.5,19.5,,,12.703,12.6,12.87,,,6.84,6.84,6.84,,,,0.097,,,,1.248,2.32,0.0,,,0.0,,,,,,0.021,5833.0,5862.0,0.0,0.0,0.0,0.0,0.0,30.0,0.0,0.0,0.0,0.0,0.0,0.0,0.0,0.0,0.0,0.0,
2020-07-24T00:00:00Z,29.0,29.0,13.346,13.78,19.5,19.5,,,12.947,12.86,13.04,,,6.84,6.84,6.84,,,,0.272,,,,3.608,4.93,0.0,,,0.0,,,,,,0.058,5863.0,5891.0,0.0,0.0,0.0,0.0,0.0,29.0,0.0,0.0,0.0,0.0,0.0,0.0,0.0,0.0,0.0,0.0,
2020-07-24T01:00:00Z,30.0,30.0,13.777,14.26,19.5,19.5,,,13.365,13.06,13.45,,,6.84,6.84,6.84,,,,0.628,,,,8.665,10.56,0.0,,,0.0,,,,,,0.144,5892.0,5921.0,0.0,0.0,0.0,0.0,0.0,30.0,0.0,0.0,0.0,0.0,0.0,0.0,0.0,0.0,0.0,0.0,
2020-07-24T02:00:00Z,30.0,30.0,14.328,15.73,19.5,19.5,,,13.832,13.43,14.6,,,6.84,6.84,6.84,,,,1.473,,,,21.48,41.66,0.0,,,0.0,,,,,,0.358,5922.0,5951.0,0.0,0.0,0.0,0.0,0.0,30.0,0.0,0.0,0.0,0.0,0.0,0.0,0.0,0.0,0.0,0.0,
2020-07-24T03:00:00Z,29.0,29.0,17.136,20.53,19.5,19.5,,,14.536,13.9,14.89,,,6.84,6.84,6.84,,,,1.685,,,,27.368,54.83,0.0,,,0.0,,,,,,0.441,5952.0,5980.0,0.0,0.0,0.0,0.0,0.0,29.0,0.0,0.0,0.0,0.0,0.0,0.0,0.0,0.0,0.0,0.0,
2020-07-24T04:00:00Z,29.0,29.0,18.843,20.69,19.5,19.5,,,14.709,14.39,15.12,,,6.84,6.84,6.84,,,,1.038,,,,18.373,42.99,0.0,,,0.0,,,,,,0.296,5981.0,6010.0,0.0,0.0,0.0,0.0,0.0,29.0,0.0,0.0,0.0,0.0,0.0,0.0,0.0,0.0,0.0,0.0,
2020-07-24T05:00:00Z,29.0,29.0,19.046,20.9,19.5,19.5,,,14.67,14.48,15.03,,,6.84,6.84,6.84,,,,0.622,,,,11.083,39.39,0.0,,,0.0,,,,,,0.179,6011.0,6039.0,0.0,0.0,0.0,0.0,0.0,29.0,0.0,0.0,0.0,0.0,0.0,0.0,0.0,0.0,0.0,0.0,
2020-07-24T06:00:00Z,30.0,30.0,19.012,20.69,19.5,19.5,,,14.696,14.51,14.97,,,6.84,6.84,6.84,,,,0.418,,,,7.594,22.28,0.0,,,0.0,,,,,,0.127,6040.0,6069.0,0.0,0.0,0.0,0.0,0.0,30.0,0.0,0.0,0.0,0.0,0.0,0.0,0.0,0.0,0.0,0.0,
2020-07-24T07:00:00Z,28.0,28.0,17.47,20.99,19.5,19.5,,,14.543,13.43,15.06,,,6.84,6.84,6.84,,,,0.466,,,,7.908,37.56,0.0,,,0.0,,,,,,0.123,6070.0,6098.0,0.0,0.0,0.0,0.0,0.0,28.0,0.0,0.0,0.0,0.0,0.0,0.0,0.0,0.0,0.0,0.0,
2020-07-24T08:00:00Z,30.0,30.0,13.401,14.0,19.5,19.5,,,13.027,12.89,13.32,,,6.84,6.84,6.84,,,,0.127,,,,1.703,2.91,0.0,,,0.0,,,,,,0.028,6099.0,6128.0,0.0,0.0,0.0,0.0,0.0,30.0,0.0,0.0,0.0,0.0,0.0,0.0,0.0,0.0,0.0,0.0,
2020-07-24T09:00:00Z,29.0,29.0,7.911,13.75,19.5,19.5,,,12.885,12.81,13.09,,,6.84,6.84,6.84,,,,0.078,,,,0.742,2.59,0.0,,,0.0,,,,,,0.012,6129.0,6157.0,0.0,0.0,0.0,0.0,0.0,29.0,0.0,0.0,0.0,0.0,0.0,0.0,0.0,0.0,0.0,0.0,
2020-07-24T10:00:00Z,30.0,30.0,2.34,3.28,19.5,19.5,,,12.806,12.78,12.83,,,6.84,6.84,6.84,,,,0.037,,,,0.089,0.27,0.0,,,0.0,,,,,,0.001,6158.0,6187.0,0.0,0.0,0.0,0.0,0.0,30.0,0.0,0.0,0.0,0.0,0.0,0.0,0.0,0.0,0.0,0.0,
2020-07-24T11:00:00Z,30.0,30.0,0.336,3.67,19.5,19.5,,,12.785,12.76,12.81,,,6.84,6.84,6.84,,,,0.021,,,,0.005,0.06,0.0,,,0.0,,,,,,0.0,6188.0,6217.0,0.0,0.0,0.0,0.0,0.0,30.0,0.0,0.0,0.0,0.0,0.0,0.0,0.0,0.0,0.0,0.0,
2020-07-24T12:00:00Z,29.0,29.0,0.0,0.0,19.5,19.5,,,12.759,12.74,12.78,,,6.84,6.84,6.84,,,,0.03,,,,0.0,0.0,0.0,,,0.0,,,,,,0.0,6218.0,6246.0,0.0,0.0,0.0,0.0,0.0,29.0,0.0,0.0,0.0,0.0,0.0,0.0,0.0,0.0,0.0,0.0,
2020-07-24T13:00:00Z,30.0,30.0,0.0,0.0,19.5,19.5,,,12.742,12.72,12.75,,,6.84,6.84,6.84,,,,0.032,,,,0.0,0.0,0.0,,,0.0,,,,,,0.0,6247.0,6276.0,0.0,0.0,0.0,0.0,0.0,30.0,0.0,0.0,0.0,0.0,0.0,0.0,0.0,0.0,0.0,0.0,
2020-07-24T14:00:00Z,29.0,29.0,0.0,0.0,19.5,19.5,,,12.722,12.7,12.74,,,6.84,6.84,6.84,,,,0.028,,,,0.0,0.0,0.0,,,0.0,,,,,,0.0,6277.0,6305.0,0.0,0.0,0.0,0.0,0.0,29.0,0.0,0.0,0.0,0.0,0.0,0.0,0.0,0.0,0.0,0.0,
2020-07-24T15:00:00Z,29.0,29.0,0.0,0.0,19.5,19.5,,,12.705,12.69,12.72,,,6.84,6.84,6.84,,,,0.028,,,,0.0,0.0,0.0,,,0.0,,,,,,0.0,6307.0,6335.0,0.0,0.0,0.0,0.0,0.0,29.0,0.0,0.0,0.0,0.0,0.0,0.0,0.0,0.0,0.0,0.0,
2020-07-24T16:00:00Z,29.0,29.0,0.0,0.0,19.5,19.5,,,12.69,12.68,12.7,,,6.84,6.84,6.84,,,,0.024,,,,0.0,0.0,0.0,,,0.0,,,,,,0.0,6336.0,6364.0,0.0,0.0,0.0,0.0,0.0,29.0,0.0,0.0,0.0,0.0,0.0,0.0,0.0,0.0,0.0,0.0,
2020-07-24T17:00:00Z,29.0,29.0,0.0,0.0,19.5,19.5,,,12.677,12.66,12.69,,,6.84,6.84,6.84,,,,0.027,,,,0.0,0.0,0.0,,,0.0,,,,,,0.0,6365.0,6394.0,0.0,0.0,0.0,0.0,0.0,29.0,0.0,0.0,0.0,0.0,0.0,0.0,0.0,0.0,0.0,0.0,
2020-07-24T18:00:00Z,29.0,29.0,0.0,0.0,19.5,19.5,,,12.66,12.64,12.67,,,6.84,6.84,6.84,,,,0.028,,,,0.0,0.0,0.0,,,0.0,,,,,,0.0,6395.0,6423.0,0.0,0.0,0.0,0.0,0.0,29.0,0.0,0.0,0.0,0.0,0.0,0.0,0.0,0.0,0.0,0.0,
2020-07-24T19:00:00Z,30.0,30.0,0.0,0.0,19.5,19.5,,,12.642,12.63,12.65,,,6.84,6.84,6.84,,,,0.028,,,,0.0,0.0,0.0,,,0.0,,,,,,0.0,6424.0,6453.0,0.0,0.0,0.0,0.0,0.0,30.0,0.0,0.0,0.0,0.0,0.0,0.0,0.0,0.0,0.0,0.0,
2020-07-24T20:00:00Z,27.0,27.0,0.0,0.0,19.5,19.5,,,12.626,12.61,12.64,,,6.84,6.84,6.84,,,,0.029,,,,0.0,0.0,0.0,,,0.0,,,,,,0.0,6454.0,6483.0,0.0,0.0,0.0,0.0,0.0,27.0,0.0,0.0,0.0,0.0,0.0,0.0,0.0,0.0,0.0,0.0,
2020-07-24T21:00:00Z,29.0,29.0,0.0,0.0,19.5,19.5,,,12.607,12.6,12.63,,,6.84,6.84,6.84,,,,0.028,,,,0.0,0.0,0.0,,,0.0,,,,,,0.0,6484.0,6512.0,0.0,0.0,0.0,0.0,0.0,29.0,0.0,0.0,0.0,0.0,0.0,0.0,0.0,0.0,0.0,0.0,
2020-07-24T22:00:00Z,30.0,30.0,3.076,12.69,19.5,19.5,,,12.597,12.58,12.63,,,6.84,6.84,6.84,,,,0.036,,,,0.15,0.8,0.0,,,0.0,,,,,,0.003,6513.0,6542.0,0.0,0.0,0.0,0.0,0.0,30.0,0.0,0.0,0.0,0.0,0.0,0.0,0.0,0.0,0.0,0.0,
2020-07-24T23:00:00Z,29.0,29.0,13.167,13.69,19.5,19.5,,,12.821,12.63,13.01,,,6.84,6.84,6.84,,,,0.189,,,,2.485,4.63,0.0,,,0.0,,,,,,0.04,6543.0,6571.0,0.0,0.0,0.0,0.0,0.0,29.0,0.0,0.0,0.0,0.0,0.0,0.0,0.0,0.0,0.0,0.0,
2020-07-25T00:00:00Z,30.0,30.0,13.595,14.3,19.5,19.5,,,13.289,13.02,13.48,,,6.84,6.84,6.84,,,,0.579,,,,7.91,11.99,0.0,,,0.0,,,,,,0.132,6572.0,6601.0,0.0,0.0,0.0,0.0,0.0,30.0,0.0,0.0,0.0,0.0,0.0,0.0,0.0,0.0,0.0,0.0,
2020-07-25T01:00:00Z,29.0,29.0,14.211,14.76,19.5,19.5,,,13.721,13.48,13.89,,,6.84,6.84,6.84,,,,1.284,,,,18.272,21.35,0.0,,,0.0,,,,,,0.294,6602.0,6630.0,0.0,0.0,0.0,0.0,0.0,29.0,0.0,0.0,0.0,0.0,0.0,0.0,0.0,0.0,0.0,0.0,
2020-07-25T02:00:00Z,30.0,30.0,15.086,16.08,19.5,19.5,,,14.336,13.84,14.81,,,6.84,6.84,6.84,,,,1.915,,,,28.928,35.67,0.0,,,0.0,,,,,,0.482,6631.0,6660.0,0.0,0.0,0.0,0.0,0.0,30.0,0.0,0.0,0.0,0.0,0.0,0.0,0.0,0.0,0.0,0.0,
2020-07-25T03:00:00Z,30.0,30.0,18.268,20.82,19.5,19.5,,,14.672,14.35,15.0,,,6.84,6.84,6.84,,,,1.267,,,,22.206,48.86,0.0,,,0.0,,,,,,0.37,6661.0,6690.0,0.0,0.0,0.0,0.0,0.0,30.0,0.0,0.0,0.0,0.0,0.0,0.0,0.0,0.0,0.0,0.0,
2020-07-25T04:00:00Z,29.0,29.0,19.523,20.66,19.5,19.5,,,14.666,14.48,15.08,,,6.84,6.84,6.84,,,,0.638,,,,12.358,53.56,0.0,,,0.0,,,,,,0.199,6691.0,6719.0,0.0,0.0,0.0,0.0,0.0,29.0,0.0,0.0,0.0,0.0,0.0,0.0,0.0,0.0,0.0,0.0,
2020-07-25T05:00:00Z,30.0,30.0,18.826,21.39,19.5,19.5,,,14.758,14.49,15.12,,,6.84,6.84,6.84,,,,0.831,,,,15.762,53.86,0.0,,,0.0,,,,,,0.263,6720.0,6749.0,0.0,0.0,0.0,0.0,0.0,30.0,0.0,0.0,0.0,0.0,0.0,0.0,0.0,0.0,0.0,0.0,
2020-07-25T06:00:00Z,29.0,29.0,19.451,20.66,19.5,19.5,,,14.667,14.49,15.15,,,6.84,6.84,6.84,,,,0.589,,,,10.807,49.36,0.0,,,0.0,,,,,,0.174,6750.0,6778.0,0.0,0.0,0.0,0.0,0.0,29.0,0.0,0.0,0.0,0.0,0.0,0.0,0.0,0.0,0.0,0.0,
2020-07-25T07:00:00Z,30.0,30.0,18.734,21.27,19.5,19.5,,,14.731,14.48,14.9,,,6.84,6.84,6.84,,,,0.42,,,,7.458,22.95,0.0,,,0.0,,,,,,0.124,6779.0,6808.0,0.0,0.0,0.0,0.0,0.0,30.0,0.0,0.0,0.0,0.0,0.0,0.0,0.0,0.0,0.0,0.0,
2020-07-25T08:00:00Z,29.0,29.0,19.978,20.88,19.5,19.5,,,14.639,14.49,15.0,,,6.84,6.84,6.84,,,,0.526,,,,10.263,31.65,0.0,,,0.0,,,,,,0.165,6809.0,6837.0,0.0,0.0,0.0,0.0,0.0,29.0,0.0,0.0,0.0,0.0,0.0,0.0,0.0,0.0,0.0,0.0,
2020-07-25T09:00:00Z,30.0,30.0,18.249,20.84,19.5,19.5,,,14.807,14.54,14.94,,,6.84,6.84,6.84,,,,0.653,,,,11.415,21.13,0.0,,,0.0,,,,,,0.19,6838.0,6867.0,0.0,0.0,0.0,0.0,0.0,30.0,0.0,0.0,0.0,0.0,0.0,0.0,0.0,0.0,0.0,0.0,
2020-07-25T10:00:00Z,30.0,30.0,14.199,20.58,19.5,19.5,,,13.517,12.87,14.87,,,6.84,6.84,6.84,,,,0.239,,,,3.595,11.2,0.0,,,0.0,,,,,,0.06,6868.0,6897.0,0.0,0.0,0.0,0.0,0.0,30.0,0.0,0.0,0.0,0.0,0.0,0.0,0.0,0.0,0.0,0.0,
2020-07-25T11:00:00Z,29.0,29.0,2.019,12.95,19.5,19.5,,,12.84,12.8,12.87,,,6.84,6.84,6.84,,,,0.036,,,,0.065,0.6,0.0,,,0.0,,,,,,0.001,6898.0,6926.0,0.0,0.0,0.0,0.0,0.0,29.0,0.0,0.0,0.0,0.0,0.0,0.0,0.0,0.0,0.0,0.0,
2020-07-25T12:00:00Z,30.0,30.0,0.0,0.0,19.5,19.5,,,12.822,12.79,12.85,,,6.84,6.84,6.84,,,,0.018,,,,0.0,0.0,0.0,,,0.0,,,,,,0.0,6927.0,6956.0,0.0,0.0,0.0,0.0,0.0,30.0,0.0,0.0,0.0,0.0,0.0,0.0,0.0,0.0,0.0,0.0,
2020-07-25T13:00:00Z,29.0,29.0,0.0,0.0,19.5,19.5,,,12.792,12.78,12.82,,,6.84,6.84,6.84,,,,0.024,,,,0.0,0.0,0.0,,,0.0,,,,,,0.0,6957.0,6985.0,0.0,0.0,0.0,0.0,0.0,29.0,0.0,0.0,0.0,0.0,0.0,0.0,0.0,0.0,0.0,0.0,
2020-07-25T14:00:00Z,30.0,30.0,0.0,0.0,19.5,19.5,,,12.774,12.75,12.81,,,6.84,6.84,6.84,,,,0.029,,,,0.0,0.0,0.0,,,0.0,,,,,,0.0,6986.0,7015.0,0.0,0.0,0.0,0.0,0.0,30.0,0.0,0.0,0.0,0.0,0.0,0.0,0.0,0.0,0.0,0.0,
2020-07-25T15:00:00Z,29.0,29.0,0.0,0.0,19.5,19.5,,,12.755,12.74,12.77,,,6.84,6.84,6.84,,,,0.037,,,,0.0,0.0,0.0,,,0.0,,,,,,0.0,7016.0,7044.0,0.0,0.0,0.0,0.0,0.0,29.0,0.0,0.0,0.0,0.0,0.0,0.0,0.0,0.0,0.0,0.0,
2020-07-25T16:00:00Z,30.0,30.0,0.0,0.0,19.5,19.5,,,12.737,12.72,12.75,,,6.84,6.84,6.84,,,,0.028,,,,0.0,0.0,0.0,,,0.0,,,,,,0.0,7045.0,7074.0,0.0,0.0,0.0,0.0,0.0,30.0,0.0,0.0,0.0,0.0,0.0,0.0,0.0,0.0,0.0,0.0,
2020-07-25T17:00:00Z,29.0,29.0,0.0,0.0,19.5,19.5,,,12.722,12.71,12.74,,,6.84,6.84,6.84,,,,0.028,,,,0.0,0.0,0.0,,,0.0,,,,,,0.0,7075.0,7104.0,0.0,0.0,0.0,0.0,0.0,29.0,0.0,0.0,0.0,0.0,0.0,0.0,0.0,0.0,0.0,0.0,
2020-07-25T18:00:00Z,29.0,29.0,0.0,0.0,19.5,19.5,,,12.709,12.69,12.72,,,6.84,6.84,6.84,,,,0.026,,,,0.0,0.0,0.0,,,0.0,,,,,,0.0,7105.0,7133.0,0.0,0.0,0.0,0.0,0.0,29.0,0.0,0.0,0.0,0.0,0.0,0.0,0.0,0.0,0.0,0.0,
2020-07-25T19:00:00Z,30.0,30.0,0.0,0.0,19.5,19.5,,,12.69,12.68,12.71,,,6.84,6.84,6.84,,,,0.024,,,,0.0,0.0,0.0,,,0.0,,,,,,0.0,7134.0,7163.0,0.0,0.0,0.0,0.0,0.0,30.0,0.0,0.0,0.0,0.0,0.0,0.0,0.0,0.0,0.0,0.0,
2020-07-25T20:00:00Z,29.0,29.0,0.0,0.0,19.5,19.5,,,12.679,12.66,12.69,,,6.84,6.84,6.84,,,,0.027,,,,0.0,0.0,0.0,,,0.0,,,,,,0.0,7164.0,7192.0,0.0,0.0,0.0,0.0,0.0,29.0,0.0,0.0,0.0,0.0,0.0,0.0,0.0,0.0,0.0,0.0,
2020-07-25T21:00:00Z,30.0,30.0,0.0,0.0,19.5,19.5,,,12.66,12.65,12.67,,,6.84,6.84,6.84,,,,0.027,,,,0.0,0.0,0.0,,,0.0,,,,,,0.0,7193.0,7222.0,0.0,0.0,0.0,0.0,0.0,30.0,0.0,0.0,0.0,0.0,0.0,0.0,0.0,0.0,0.0,0.0,
2020-07-25T22:00:00Z,28.0,28.0,1.836,11.36,19.5,19.5,,,12.646,12.63,12.66,,,6.84,6.84,6.84,,,,0.033,,,,0.077,0.52,0.0,,,0.0,,,,,,0.001,7223.0,7251.0,0.0,0.0,0.0,0.0,0.0,28.0,0.0,0.0,0.0,0.0,0.0,0.0,0.0,0.0,0.0,0.0,
2020-07-25T23:00:00Z,30.0,30.0,13.282,13.84,19.5,19.5,,,12.939,12.64,13.18,,,6.84,6.84,6.84,,,,0.262,,,,3.489,6.23,0.0,,,0.0,,,,,,0.058,7252.0,7281.0,0.0,0.0,0.0,0.0,0.0,30.0,0.0,0.0,0.0,0.0,0.0,0.0,0.0,0.0,0.0,0.0,
2020-07-26T00:00:00Z,30.0,30.0,13.762,14.53,19.5,19.5,,,13.378,13.2,13.63,,,6.84,6.84,6.84,,,,0.69,,,,9.525,16.74,0.0,,,0.0,,,,,,0.159,7282.0,7311.0,0.0,0.0,0.0,0.0,0.0,30.0,0.0,0.0,0.0,0.0,0.0,0.0,0.0,0.0,0.0,0.0,
2020-07-26T01:00:00Z,29.0,29.0,14.06,14.75,19.5,19.5,,,13.571,13.4,13.81,,,6.84,6.84,6.84,,,,0.939,,,,13.264,22.06,0.0,,,0.0,,,,,,0.214,7312.0,7340.0,0.0,0.0,0.0,0.0,0.0,29.0,0.0,0.0,0.0,0.0,0.0,0.0,0.0,0.0,0.0,0.0,
2020-07-26T02:00:00Z,30.0,30.0,15.564,20.65,19.5,19.5,,,14.087,13.63,14.88,,,6.84,6.84,6.84,,,,1.613,,,,25.827,56.79,0.0,,,0.0,,,,,,0.43,7341.0,7370.0,0.0,0.0,0.0,0.0,0.0,30.0,0.0,0.0,0.0,0.0,0.0,0.0,0.0,0.0,0.0,0.0,
2020-07-26T03:00:00Z,29.0,29.0,17.983,21.15,19.5,19.5,,,14.556,14.01,15.02,,,6.84,6.84,6.84,,,,1.068,,,,18.071,53.27,0.0,,,0.0,,,,,,0.291,7371.0,7399.0,0.0,0.0,0.0,0.0,0.0,29.0,0.0,0.0,0.0,0.0,0.0,0.0,0.0,0.0,0.0,0.0,
2020-07-26T04:00:00Z,30.0,30.0,19.124,21.39,19.5,19.5,,,14.723,14.48,15.15,,,6.84,6.84,6.84,,,,0.792,,,,14.31,53.78,0.0,,,0.0,,,,,,0.238,7400.0,7429.0,0.0,0.0,0.0,0.0,0.0,30.0,0.0,0.0,0.0,0.0,0.0,0.0,0.0,0.0,0.0,0.0,
2020-07-26T05:00:00Z,29.0,29.0,19.349,21.3,19.5,19.5,,,14.696,14.46,15.24,,,6.84,6.84,6.84,,,,0.819,,,,14.987,68.03,0.0,,,0.0,,,,,,0.241,7430.0,7458.0,0.0,0.0,0.0,0.0,0.0,29.0,0.0,0.0,0.0,0.0,0.0,0.0,0.0,0.0,0.0,0.0,
2020-07-26T06:00:00Z,30.0,30.0,19.762,20.82,19.5,19.5,,,14.714,14.51,15.23,,,6.84,6.84,6.84,,,,0.505,,,,8.921,41.84,0.0,,,0.0,,,,,,0.149,7459.0,7488.0,0.0,0.0,0.0,0.0,0.0,30.0,0.0,0.0,0.0,0.0,0.0,0.0,0.0,0.0,0.0,0.0,
2020-07-26T07:00:00Z,30.0,30.0,20.176,20.93,19.5,19.5,,,14.617,14.48,15.02,,,6.84,6.84,6.84,,,,0.453,,,,8.627,49.45,0.0,,,0.0,,,,,,0.144,7489.0,7518.0,0.0,0.0,0.0,0.0,0.0,30.0,0.0,0.0,0.0,0.0,0.0,0.0,0.0,0.0,0.0,0.0,
2020-07-26T08:00:00Z,29.0,29.0,19.619,20.8,19.5,19.5,,,14.641,14.48,14.99,,,6.84,6.84,6.84,,,,0.446,,,,7.987,29.97,0.0,,,0.0,,,,,,0.129,7519.0,7547.0,0.0,0.0,0.0,0.0,0.0,29.0,0.0,0.0,0.0,0.0,0.0,0.0,0.0,0.0,0.0,0.0,
2020-07-26T09:00:00Z,30.0,30.0,18.087,20.77,19.5,19.5,,,14.502,13.29,14.96,,,6.84,6.84,6.84,,,,0.433,,,,7.592,30.43,0.0,,,0.0,,,,,,0.127,7548.0,7577.0,0.0,0.0,0.0,0.0,0.0,30.0,0.0,0.0,0.0,0.0,0.0,0.0,0.0,0.0,0.0,0.0,
2020-07-26T10:00:00Z,28.0,28.0,13.101,13.84,19.5,19.5,,,13.01,12.81,13.21,,,6.84,6.84,6.84,,,,0.146,,,,1.921,2.9,0.0,,,0.0,,,,,,0.03,7578.0,7606.0,0.0,0.0,0.0,0.0,0.0,28.0,0.0,0.0,0.0,0.0,0.0,0.0,0.0,0.0,0.0,0.0,
2020-07-26T11:00:00Z,30.0,30.0,1.01,6.53,19.5,19.5,,,12.821,12.79,12.85,,,6.84,6.84,6.84,,,,0.029,,,,0.041,0.25,0.0,,,0.0,,,,,,0.001,7607.0,7636.0,0.0,0.0,0.0,0.0,0.0,30.0,0.0,0.0,0.0,0.0,0.0,0.0,0.0,0.0,0.0,0.0,
2020-07-26T12:00:00Z,29.0,29.0,0.0,0.0,19.5,19.5,,,12.792,12.77,12.82,,,6.84,6.84,6.84,,,,0.027,,,,0.0,0.0,0.0,,,0.0,,,,,,0.0,7637.0,7665.0,0.0,0.0,0.0,0.0,0.0,29.0,0.0,0.0,0.0,0.0,0.0,0.0,0.0,0.0,0.0,0.0,
2020-07-26T13:00:00Z,30.0,30.0,0.0,0.0,19.5,19.5,,,12.773,12.75,12.8,,,6.84,6.84,6.84,,,,0.027,,,,0.0,0.0,0.0,,,0.0,,,,,,0.0,7666.0,7695.0,0.0,0.0,0.0,0.0,0.0,30.0,0.0,0.0,0.0,0.0,0.0,0.0,0.0,0.0,0.0,0.0,
2020-07-26T14:00:00Z,30.0,30.0,0.0,0.0,19.5,19.5,,,12.756,12.72,12.78,,,6.84,6.84,6.84,,,,0.026,,,,0.0,0.0,0.0,,,0.0,,,,,,0.0,7696.0,7725.0,0.0,0.0,0.0,0.0,0.0,30.0,0.0,0.0,0.0,0.0,0.0,0.0,0.0,0.0,0.0,0.0,
2020-07-26T15:00:00Z,29.0,29.0,0.0,0.0,19.5,19.5,,,12.734,12.72,12.75,,,6.84,6.84,6.84,,,,0.028,,,,0.0,0.0,0.0,,,0.0,,,,,,0.0,7726.0,7754.0,0.0,0.0,0.0,0.0,0.0,29.0,0.0,0.0,0.0,0.0,0.0,0.0,0.0,0.0,0.0,0.0,
2020-07-26T16:00:00Z,29.0,29.0,0.0,0.0,19.5,19.5,,,12.722,12.71,12.74,,,6.84,6.84,6.84,,,,0.027,,,,0.0,0.0,0.0,,,0.0,,,,,,0.0,7755.0,7784.0,0.0,0.0,0.0,0.0,0.0,29.0,0.0,0.0,0.0,0.0,0.0,0.0,0.0,0.0,0.0,0.0,
2020-07-26T17:00:00Z,29.0,29.0,0.0,0.0,19.5,19.5,,,12.701,12.69,12.72,,,6.84,6.84,6.84,,,,0.025,,,,0.0,0.0,0.0,,,0.0,,,,,,0.0,7785.0,7813.0,0.0,0.0,0.0,0.0,0.0,29.0,0.0,0.0,0.0,0.0,0.0,0.0,0.0,0.0,0.0,0.0,
2020-07-26T18:00:00Z,30.0,30.0,0.0,0.0,19.5,19.5,,,12.689,12.67,12.7,,,6.84,6.84,6.84,,,,0.023,,,,0.0,0.0,0.0,,,0.0,,,,,,0.0,7814.0,7843.0,0.0,0.0,0.0,0.0,0.0,30.0,0.0,0.0,0.0,0.0,0.0,0.0,0.0,0.0,0.0,0.0,
2020-07-26T19:00:00Z,29.0,29.0,0.0,0.0,19.5,19.5,,,12.679,12.66,12.69,,,6.84,6.84,6.84,,,,0.025,,,,0.0,0.0,0.0,,,0.0,,,,,,0.0,7844.0,7872.0,0.0,0.0,0.0,0.0,0.0,29.0,0.0,0.0,0.0,0.0,0.0,0.0,0.0,0.0,0.0,0.0,
2020-07-26T20:00:00Z,30.0,30.0,0.0,0.0,19.5,19.5,,,12.659,12.64,12.67,,,6.84,6.84,6.84,,,,0.027,,,,0.0,0.0,0.0,,,0.0,,,,,,0.0,7873.0,7902.0,0.0,0.0,0.0,0.0,0.0,30.0,0.0,0.0,0.0,0.0,0.0,0.0,0.0,0.0,0.0,0.0,
2020-07-26T21:00:00Z,30.0,30.0,0.0,0.0,19.5,19.5,,,12.644,12.63,12.66,,,6.84,6.84,6.84,,,,0.028,,,,0.0,0.0,0.0,,,0.0,,,,,,0.0,7903.0,7932.0,0.0,0.0,0.0,0.0,0.0,30.0,0.0,0.0,0.0,0.0,0.0,0.0,0.0,0.0,0.0,0.0,
2020-07-26T22:00:00Z,29.0,29.0,3.842,13.25,19.5,19.5,,,12.633,12.62,12.66,,,6.84,6.84,6.84,,,,0.038,,,,0.207,1.03,0.0,,,0.0,,,,,,0.003,7933.0,7961.0,0.0,0.0,0.0,0.0,0.0,29.0,0.0,0.0,0.0,0.0,0.0,0.0,0.0,0.0,0.0,0.0,
2020-07-26T23:00:00Z,30.0,30.0,13.135,13.58,19.5,19.5,,,12.814,12.65,12.96,,,6.84,6.84,6.84,,,,0.158,,,,2.065,3.78,0.0,,,0.0,,,,,,0.034,7962.0,7991.0,0.0,0.0,0.0,0.0,0.0,30.0,0.0,0.0,0.0,0.0,0.0,0.0,0.0,0.0,0.0,0.0,
2020-07-27T00:00:00Z,29.0,29.0,13.728,14.75,19.5,19.5,,,13.311,12.97,13.78,,,6.84,6.84,6.84,,,,0.689,,,,9.644,22.12,0.0,,,0.0,,,,,,0.155,7992.0,8020.0,0.0,0.0,0.0,0.0,0.0,29.0,0.0,0.0,0.0,0.0,0.0,0.0,0.0,0.0,0.0,0.0,
2020-07-27T01:00:00Z,30.0,30.0,14.258,15.0,19.5,19.5,,,13.724,13.31,13.99,,,6.84,6.84,6.84,,,,1.337,,,,19.158,26.9,0.0,,,0.0,,,,,,0.319,8021.0,8050.0,0.0,0.0,0.0,0.0,0.0,30.0,0.0,0.0,0.0,0.0,0.0,0.0,0.0,0.0,0.0,0.0,
2020-07-27T02:00:00Z,29.0,29.0,16.713,20.41,19.5,19.5,,,14.405,13.57,14.77,,,6.84,6.84,6.84,,,,1.701,,,,27.932,45.69,0.0,,,0.0,,,,,,0.45,8051.0,8079.0,0.0,0.0,0.0,0.0,0.0,29.0,0.0,0.0,0.0,0.0,0.0,0.0,0.0,0.0,0.0,0.0,
2020-07-27T03:00:00Z,30.0,30.0,19.068,20.69,19.5,19.5,,,14.659,14.32,15.03,,,6.84,6.84,6.84,,,,0.881,,,,15.83,49.75,0.0,,,0.0,,,,,,0.264,8080.0,8109.0,0.0,0.0,0.0,0.0,0.0,30.0,0.0,0.0,0.0,0.0,0.0,0.0,0.0,0.0,0.0,0.0,
2020-07-27T04:00:00Z,30.0,30.0,19.529,20.23,19.5,19.5,,,14.635,14.49,15.12,,,6.84,6.84,6.84,,,,0.568,,,,10.599,48.15,0.0,,,0.0,,,,,,0.177,8110.0,8139.0,0.0,0.0,0.0,0.0,0.0,30.0,0.0,0.0,0.0,0.0,0.0,0.0,0.0,0.0,0.0,0.0,
2020-07-27T05:00:00Z,28.0,28.0,19.695,20.27,19.5,19.5,,,14.623,14.49,14.94,,,6.84,6.84,6.84,,,,0.187,,,,3.479,21.49,0.0,,,0.0,,,,,,0.054,8140.0,8168.0,0.0,0.0,0.0,0.0,0.0,28.0,0.0,0.0,0.0,0.0,0.0,0.0,0.0,0.0,0.0,0.0,
2020-07-27T06:00:00Z,30.0,30.0,19.777,20.24,19.5,19.5,,,14.634,14.48,15.15,,,6.84,6.84,6.84,,,,0.36,,,,6.807,50.19,0.0,,,0.0,,,,,,0.113,8169.0,8198.0,0.0,0.0,0.0,0.0,0.0,30.0,0.0,0.0,0.0,0.0,0.0,0.0,0.0,0.0,0.0,0.0,
2020-07-27T07:00:00Z,29.0,29.0,19.3,20.34,19.5,19.5,,,14.642,14.49,15.01,,,6.84,6.84,6.84,,,,0.557,,,,9.839,40.14,0.0,,,0.0,,,,,,0.159,8199.0,8227.0,0.0,0.0,0.0,0.0,0.0,29.0,0.0,0.0,0.0,0.0,0.0,0.0,0.0,0.0,0.0,0.0,
2020-07-27T08:00:00Z,29.0,29.0,19.212,20.48,19.5,19.5,,,14.644,14.51,14.96,,,6.84,6.84,6.84,,,,0.542,,,,9.624,37.37,0.0,,,0.0,,,,,,0.155,8228.0,8257.0,0.0,0.0,0.0,0.0,0.0,29.0,0.0,0.0,0.0,0.0,0.0,0.0,0.0,0.0,0.0,0.0,
2020-07-27T09:00:00Z,29.0,29.0,18.724,20.77,19.5,19.5,,,14.738,14.49,14.9,,,6.84,6.84,6.84,,,,0.43,,,,7.476,18.86,0.0,,,0.0,,,,,,0.12,8258.0,8286.0,0.0,0.0,0.0,0.0,0.0,29.0,0.0,0.0,0.0,0.0,0.0,0.0,0.0,0.0,0.0,0.0,
2020-07-27T10:00:00Z,29.0,29.0,14.263,19.69,19.5,19.5,,,13.537,12.83,14.83,,,6.84,6.84,6.84,,,,0.24,,,,3.709,11.75,0.0,,,0.0,,,,,,0.06,8287.0,8316.0,0.0,0.0,0.0,0.0,0.0,29.0,0.0,0.0,0.0,0.0,0.0,0.0,0.0,0.0,0.0,0.0,
2020-07-27T11:00:00Z,30.0,30.0,1.864,13.2,19.5,19.5,,,12.828,12.79,12.87,,,6.84,6.84,6.84,,,,0.033,,,,0.068,0.53,0.0,,,0.0,,,,,,0.001,8317.0,8346.0,0.0,0.0,0.0,0.0,0.0,30.0,0.0,0.0,0.0,0.0,0.0,0.0,0.0,0.0,0.0,0.0,
2020-07-27T12:00:00Z,29.0,29.0,0.0,0.0,19.5,19.5,,,12.808,12.78,12.84,,,6.84,6.84,6.84,,,,0.024,,,,0.0,0.0,0.0,,,0.0,,,,,,0.0,8347.0,8375.0,0.0,0.0,0.0,0.0,0.0,29.0,0.0,0.0,0.0,0.0,0.0,0.0,0.0,0.0,0.0,0.0,
2020-07-27T13:00:00Z,30.0,30.0,0.0,0.0,19.5,19.5,,,12.778,12.75,12.81,,,6.84,6.84,6.84,,,,0.027,,,,0.0,0.0,0.0,,,0.0,,,,,,0.0,8376.0,8405.0,0.0,0.0,0.0,0.0,0.0,30.0,0.0,0.0,0.0,0.0,0.0,0.0,0.0,0.0,0.0,0.0,
2020-07-27T14:00:00Z,29.0,29.0,0.0,0.0,19.5,19.5,,,12.761,12.75,12.78,,,6.84,6.84,6.84,,,,0.031,,,,0.0,0.0,0.0,,,0.0,,,,,,0.0,8406.0,8434.0,0.0,0.0,0.0,0.0,0.0,29.0,0.0,0.0,0.0,0.0,0.0,0.0,0.0,0.0,0.0,0.0,
2020-07-27T15:00:00Z,30.0,30.0,0.0,0.0,19.5,19.5,,,12.74,12.72,12.76,,,6.84,6.84,6.84,,,,0.031,,,,0.0,0.0,0.0,,,0.0,,,,,,0.0,8435.0,8464.0,0.0,0.0,0.0,0.0,0.0,30.0,0.0,0.0,0.0,0.0,0.0,0.0,0.0,0.0,0.0,0.0,
2020-07-27T16:00:00Z,29.0,29.0,0.0,0.0,19.5,19.5,,,12.724,12.7,12.75,,,6.84,6.84,6.84,,,,0.025,,,,0.0,0.0,0.0,,,0.0,,,,,,0.0,8465.0,8493.0,0.0,0.0,0.0,0.0,0.0,29.0,0.0,0.0,0.0,0.0,0.0,0.0,0.0,0.0,0.0,0.0,
2020-07-27T17:00:00Z,30.0,30.0,0.0,0.0,19.5,19.5,,,12.711,12.7,12.72,,,6.84,6.84,6.84,,,,0.026,,,,0.0,0.0,0.0,,,0.0,,,,,,0.0,8494.0,8523.0,0.0,0.0,0.0,0.0,0.0,30.0,0.0,0.0,0.0,0.0,0.0,0.0,0.0,0.0,0.0,0.0,
2020-07-27T18:00:00Z,30.0,30.0,0.0,0.0,19.5,19.5,,,12.694,12.69,12.71,,,6.84,6.84,6.84,,,,0.025,,,,0.0,0.0,0.0,,,0.0,,,,,,0.0,8524.0,8553.0,0.0,0.0,0.0,0.0,0.0,30.0,0.0,0.0,0.0,0.0,0.0,0.0,0.0,0.0,0.0,0.0,
2020-07-27T19:00:00Z,29.0,29.0,0.0,0.0,19.5,19.5,,,12.683,12.67,12.69,,,6.84,6.84,6.84,,,,0.026,,,,0.0,0.0,0.0,,,0.0,,,,,,0.0,8554.0,8582.0,0.0,0.0,0.0,0.0,0.0,29.0,0.0,0.0,0.0,0.0,0.0,0.0,0.0,0.0,0.0,0.0,
2020-07-27T20:00:00Z,30.0,30.0,0.0,0.0,19.5,19.5,,,12.663,12.65,12.68,,,6.84,6.84,6.84,,,,0.027,,,,0.0,0.0,0.0,,,0.0,,,,,,0.0,8583.0,8612.0,0.0,0.0,0.0,0.0,0.0,30.0,0.0,0.0,0.0,0.0,0.0,0.0,0.0,0.0,0.0,0.0,
2020-07-27T21:00:00Z,29.0,29.0,0.0,0.0,19.5,19.5,,,12.648,12.63,12.66,,,6.84,6.84,6.84,,,,0.029,,,,0.0,0.0,0.0,,,0.0,,,,,,0.0,8613.0,8641.0,0.0,0.0,0.0,0.0,0.0,29.0,0.0,0.0,0.0,0.0,0.0,0.0,0.0,0.0,0.0,0.0,
2020-07-27T22:00:00Z,30.0,30.0,4.067,12.84,19.5,19.5,,,12.635,12.62,12.67,,,6.84,6.84,6.84,,,,0.038,,,,0.229,1.03,0.0,,,0.0,,,,,,0.004,8642.0,8671.0,0.0,0.0,0.0,0.0,0.0,30.0,0.0,0.0,0.0,0.0,0.0,0.0,0.0,0.0,0.0,0.0,
2020-07-27T23:00:00Z,29.0,29.0,13.157,13.63,19.5,19.5,,,12.857,12.65,12.95,,,6.84,6.84,6.84,,,,0.162,,,,2.122,3.62,0.0,,,0.0,,,,,,0.034,8672.0,8700.0,0.0,0.0,0.0,0.0,0.0,29.0,0.0,0.0,0.0,0.0,0.0,0.0,0.0,0.0,0.0,0.0,
2020-07-28T00:00:00Z,30.0,30.0,13.594,14.33,19.5,19.5,,,13.246,12.96,13.57,,,6.84,6.84,6.84,,,,0.609,,,,8.331,15.2,0.0,,,0.0,,,,,,0.139,8701.0,8730.0,0.0,0.0,0.0,0.0,0.0,30.0,0.0,0.0,0.0,0.0,0.0,0.0,0.0,0.0,0.0,0.0,
2020-07-28T01:00:00Z,30.0,30.0,14.058,14.77,19.5,19.5,,,13.597,13.32,13.84,,,6.84,6.84,6.84,,,,1.215,,,,17.148,25.08,0.0,,,0.0,,,,,,0.286,8731.0,8760.0,0.0,0.0,0.0,0.0,0.0,30.0,0.0,0.0,0.0,0.0,0.0,0.0,0.0,0.0,0.0,0.0,
2020-07-28T02:00:00Z,29.0,29.0,14.383,15.76,19.5,19.5,,,13.894,13.45,14.75,,,6.84,6.84,6.84,,,,1.322,,,,19.416,39.2,0.0,,,0.0,,,,,,0.313,8761.0,8789.0,0.0,0.0,0.0,0.0,0.0,29.0,0.0,0.0,0.0,0.0,0.0,0.0,0.0,0.0,0.0,0.0,
2020-07-28T03:00:00Z,30.0,30.0,17.325,20.84,19.5,19.5,,,14.576,13.93,14.97,,,6.84,6.84,6.84,,,,1.095,,,,17.991,39.08,0.0,,,0.0,,,,,,0.3,8790.0,8819.0,0.0,0.0,0.0,0.0,0.0,30.0,0.0,0.0,0.0,0.0,0.0,0.0,0.0,0.0,0.0,0.0,
2020-07-28T04:00:00Z,29.0,29.0,19.264,20.73,19.5,19.5,,,14.623,14.45,15.09,,,6.84,6.84,6.84,,,,0.787,,,,14.638,49.2,0.0,,,0.0,,,,,,0.236,8820.0,8848.0,0.0,0.0,0.0,0.0,0.0,29.0,0.0,0.0,0.0,0.0,0.0,0.0,0.0,0.0,0.0,0.0,
2020-07-28T05:00:00Z,30.0,30.0,19.26,20.18,19.5,19.5,,,14.688,14.47,15.14,,,6.84,6.84,6.84,,,,0.699,,,,12.908,44.06,0.0,,,0.0,,,,,,0.215,8849.0,8878.0,0.0,0.0,0.0,0.0,0.0,30.0,0.0,0.0,0.0,0.0,0.0,0.0,0.0,0.0,0.0,0.0,
2020-07-28T06:00:00Z,29.0,29.0,19.002,20.68,19.5,19.5,,,14.681,14.48,15.0,,,6.84,6.84,6.84,,,,0.572,,,,10.257,40.11,0.0,,,0.0,,,,,,0.165,8879.0,8907.0,0.0,0.0,0.0,0.0,0.0,29.0,0.0,0.0,0.0,0.0,0.0,0.0,0.0,0.0,0.0,0.0,
2020-07-28T07:00:00Z,30.0,30.0,19.76,21.11,19.5,19.5,,,14.674,14.52,14.94,,,6.84,6.84,6.84,,,,0.387,,,,7.219,29.81,0.0,,,0.0,,,,,,0.12,8908.0,8937.0,0.0,0.0,0.0,0.0,0.0,30.0,0.0,0.0,0.0,0.0,0.0,0.0,0.0,0.0,0.0,0.0,
2020-07-28T08:00:00Z,29.0,29.0,19.549,20.75,19.5,19.5,,,14.629,14.5,14.96,,,6.84,6.84,6.84,,,,0.39,,,,6.797,27.06,0.0,,,0.0,,,,,,0.11,8938.0,8967.0,0.0,0.0,0.0,0.0,0.0,29.0,0.0,0.0,0.0,0.0,0.0,0.0,0.0,0.0,0.0,0.0,
2020-07-28T09:00:00Z,28.0,28.0,18.293,20.67,19.5,19.5,,,14.779,14.51,14.93,,,6.84,6.84,6.84,,,,0.41,,,,7.195,15.68,0.0,,,0.0,,,,,,0.112,8968.0,8996.0,0.0,0.0,0.0,0.0,0.0,28.0,0.0,0.0,0.0,0.0,0.0,0.0,0.0,0.0,0.0,0.0,
2020-07-28T10:00:00Z,30.0,30.0,13.909,15.33,19.5,19.5,,,13.547,12.82,14.74,,,6.84,6.84,6.84,,,,0.241,,,,3.477,7.1,0.0,,,0.0,,,,,,0.058,8997.0,9026.0,0.0,0.0,0.0,0.0,0.0,30.0,0.0,0.0,0.0,0.0,0.0,0.0,0.0,0.0,0.0,0.0,
2020-07-28T11:00:00Z,29.0,29.0,1.989,13.27,19.5,19.5,,,12.819,12.78,12.84,,,6.84,6.84,6.84,,,,0.03,,,,0.066,0.55,0.0,,,0.0,,,,,,0.001,9027.0,9055.0,0.0,0.0,0.0,0.0,0.0,29.0,0.0,0.0,0.0,0.0,0.0,0.0,0.0,0.0,0.0,0.0,
2020-07-28T12:00:00Z,30.0,30.0,0.0,0.0,19.5,19.5,,,12.798,12.77,12.83,,,6.84,6.84,6.84,,,,0.027,,,,0.0,0.0,0.0,,,0.0,,,,,,0.0,9056.0,9085.0,0.0,0.0,0.0,0.0,0.0,30.0,0.0,0.0,0.0,0.0,0.0,0.0,0.0,0.0,0.0,0.0,
2020-07-28T13:00:00Z,28.0,28.0,0.0,0.0,19.5,19.5,,,12.777,12.76,12.8,,,6.84,6.84,6.84,,,,0.029,,,,0.0,0.0,0.0,,,0.0,,,,,,0.0,9086.0,9114.0,0.0,0.0,0.0,0.0,0.0,28.0,0.0,0.0,0.0,0.0,0.0,0.0,0.0,0.0,0.0,0.0,
2020-07-28T14:00:00Z,30.0,30.0,0.0,0.0,19.5,19.5,,,12.764,12.74,12.78,,,6.84,6.84,6.84,,,,0.028,,,,0.0,0.0,0.0,,,0.0,,,,,,0.0,9115.0,9144.0,0.0,0.0,0.0,0.0,0.0,30.0,0.0,0.0,0.0,0.0,0.0,0.0,0.0,0.0,0.0,0.0,
2020-07-28T15:00:00Z,29.0,29.0,0.0,0.0,19.5,19.5,,,12.74,12.72,12.76,,,6.84,6.84,6.84,,,,0.036,,,,0.0,0.0,0.0,,,0.0,,,,,,0.0,9145.0,9173.0,0.0,0.0,0.0,0.0,0.0,29.0,0.0,0.0,0.0,0.0,0.0,0.0,0.0,0.0,0.0,0.0,
2020-07-28T16:00:00Z,30.0,30.0,0.0,0.0,19.5,19.5,,,12.724,12.71,12.74,,,6.84,6.84,6.84,,,,0.027,,,,0.0,0.0,0.0,,,0.0,,,,,,0.0,9174.0,9203.0,0.0,0.0,0.0,0.0,0.0,30.0,0.0,0.0,0.0,0.0,0.0,0.0,0.0,0.0,0.0,0.0,
2020-07-28T17:00:00Z,29.0,29.0,0.0,0.0,19.5,19.5,,,12.716,12.7,12.72,,,6.84,6.84,6.84,,,,0.027,,,,0.0,0.0,0.0,,,0.0,,,,,,0.0,9204.0,9232.0,0.0,0.0,0.0,0.0,0.0,29.0,0.0,0.0,0.0,0.0,0.0,0.0,0.0,0.0,0.0,0.0,
2020-07-28T18:00:00Z,30.0,30.0,0.0,0.0,19.5,19.5,,,12.698,12.69,12.72,,,6.84,6.84,6.84,,,,0.025,,,,0.0,0.0,0.0,,,0.0,,,,,,0.0,9233.0,9262.0,0.0,0.0,0.0,0.0,0.0,30.0,0.0,0.0,0.0,0.0,0.0,0.0,0.0,0.0,0.0,0.0,
2020-07-28T19:00:00Z,30.0,30.0,0.0,0.0,19.5,19.5,,,12.685,12.67,12.69,,,6.84,6.84,6.84,,,,0.025,,,,0.0,0.0,0.0,,,0.0,,,,,,0.0,9263.0,9292.0,0.0,0.0,0.0,0.0,0.0,30.0,0.0,0.0,0.0,0.0,0.0,0.0,0.0,0.0,0.0,0.0,
2020-07-28T20:00:00Z,29.0,29.0,0.0,0.0,19.5,19.5,,,12.669,12.66,12.68,,,6.84,6.84,6.84,,,,0.028,,,,0.0,0.0,0.0,,,0.0,,,,,,0.0,9293.0,9321.0,0.0,0.0,0.0,0.0,0.0,29.0,0.0,0.0,0.0,0.0,0.0,0.0,0.0,0.0,0.0,0.0,
2020-07-28T21:00:00Z,30.0,30.0,0.0,0.0,19.5,19.5,,,12.656,12.64,12.66,,,6.84,6.84,6.84,,,,0.027,,,,0.0,0.0,0.0,,,0.0,,,,,,0.0,9322.0,9351.0,0.0,0.0,0.0,0.0,0.0,30.0,0.0,0.0,0.0,0.0,0.0,0.0,0.0,0.0,0.0,0.0,
2020-07-28T22:00:00Z,29.0,29.0,3.18,12.75,19.5,19.5,,,12.638,12.63,12.66,,,6.84,6.84,6.84,,,,0.036,,,,0.161,0.95,0.0,,,0.0,,,,,,0.003,9352.0,9380.0,0.0,0.0,0.0,0.0,0.0,29.0,0.0,0.0,0.0,0.0,0.0,0.0,0.0,0.0,0.0,0.0,
2020-07-28T23:00:00Z,30.0,30.0,13.151,13.6,19.5,19.5,,,12.828,12.63,12.96,,,6.84,6.84,6.84,,,,0.15,,,,1.97,3.75,0.0,,,0.0,,,,,,0.033,9381.0,9410.0,0.0,0.0,0.0,0.0,0.0,30.0,0.0,0.0,0.0,0.0,0.0,0.0,0.0,0.0,0.0,0.0,
2020-07-29T00:00:00Z,30.0,30.0,13.664,14.4,19.5,19.5,,,13.291,12.96,13.54,,,6.84,6.84,6.84,,,,0.64,,,,8.804,13.91,0.0,,,0.0,,,,,,0.147,9411.0,9440.0,0.0,0.0,0.0,0.0,0.0,30.0,0.0,0.0,0.0,0.0,0.0,0.0,0.0,0.0,0.0,0.0,
2020-07-29T01:00:00Z,29.0,29.0,14.226,14.75,19.5,19.5,,,13.643,13.48,13.83,,,6.84,6.84,6.84,,,,1.278,,,,18.206,23.69,0.0,,,0.0,,,,,,0.293,9441.0,9469.0,0.0,0.0,0.0,0.0,0.0,29.0,0.0,0.0,0.0,0.0,0.0,0.0,0.0,0.0,0.0,0.0,
2020-07-29T02:00:00Z,30.0,30.0,15.658,20.86,19.5,19.5,,,14.298,13.84,14.75,,,6.84,6.84,6.84,,,,1.759,,,,27.077,44.27,0.0,,,0.0,,,,,,0.451,9470.0,9499.0,0.0,0.0,0.0,0.0,0.0,30.0,0.0,0.0,0.0,0.0,0.0,0.0,0.0,0.0,0.0,0.0,
2020-07-29T03:00:00Z,29.0,29.0,18.956,21.18,19.5,19.5,,,14.652,14.4,15.03,,,6.84,6.84,6.84,,,,0.97,,,,17.236,49.27,0.0,,,0.0,,,,,,0.278,9500.0,9528.0,0.0,0.0,0.0,0.0,0.0,29.0,0.0,0.0,0.0,0.0,0.0,0.0,0.0,0.0,0.0,0.0,
2020-07-29T04:00:00Z,30.0,30.0,19.462,21.48,19.5,19.5,,,14.693,14.49,15.16,,,6.84,6.84,6.84,,,,0.779,,,,14.344,63.33,0.0,,,0.0,,,,,,0.239,9529.0,9558.0,0.0,0.0,0.0,0.0,0.0,30.0,0.0,0.0,0.0,0.0,0.0,0.0,0.0,0.0,0.0,0.0,
2020-07-29T05:00:00Z,29.0,29.0,19.904,21.11,19.5,19.5,,,14.664,14.51,15.15,,,6.84,6.84,6.84,,,,0.474,,,,8.65,53.42,0.0,,,0.0,,,,,,0.139,9559.0,9587.0,0.0,0.0,0.0,0.0,0.0,29.0,0.0,0.0,0.0,0.0,0.0,0.0,0.0,0.0,0.0,0.0,
2020-07-29T06:00:00Z,30.0,30.0,19.634,21.2,19.5,19.5,,,14.724,14.49,15.21,,,6.84,6.84,6.84,,,,0.616,,,,10.483,42.94,0.0,,,0.0,,,,,,0.175,9588.0,9617.0,0.0,0.0,0.0,0.0,0.0,30.0,0.0,0.0,0.0,0.0,0.0,0.0,0.0,0.0,0.0,0.0,
2020-07-29T07:00:00Z,27.0,27.0,19.668,20.78,19.5,19.5,,,14.701,14.52,15.06,,,6.84,6.84,6.84,,,,0.69,,,,13.058,43.38,0.0,,,0.0,,,,,,0.196,9618.0,9646.0,0.0,0.0,0.0,0.0,0.0,27.0,0.0,0.0,0.0,0.0,0.0,0.0,0.0,0.0,0.0,0.0,
2020-07-29T08:00:00Z,30.0,30.0,18.836,20.83,19.5,19.5,,,14.707,14.5,15.0,,,6.84,6.84,6.84,,,,0.574,,,,9.962,33.64,0.0,,,0.0,,,,,,0.166,9647.0,9676.0,0.0,0.0,0.0,0.0,0.0,30.0,0.0,0.0,0.0,0.0,0.0,0.0,0.0,0.0,0.0,0.0,
2020-07-29T09:00:00Z,29.0,29.0,17.616,20.56,19.5,19.5,,,14.721,14.12,14.87,,,6.84,6.84,6.84,,,,0.472,,,,7.989,20.53,0.0,,,0.0,,,,,,0.129,9677.0,9705.0,0.0,0.0,0.0,0.0,0.0,29.0,0.0,0.0,0.0,0.0,0.0,0.0,0.0,0.0,0.0,0.0,
2020-07-29T10:00:00Z,30.0,30.0,13.636,14.99,19.5,19.5,,,13.324,12.85,14.23,,,6.84,6.84,6.84,,,,0.25,,,,3.43,6.23,0.0,,,0.0,,,,,,0.057,9706.0,9735.0,0.0,0.0,0.0,0.0,0.0,30.0,0.0,0.0,0.0,0.0,0.0,0.0,0.0,0.0,0.0,0.0,
2020-07-29T11:00:00Z,29.0,29.0,2.219,13.12,19.5,19.5,,,12.823,12.79,12.87,,,6.84,6.84,6.84,,,,0.032,,,,0.135,1.06,0.0,,,0.0,,,,,,0.002,9736.0,9764.0,0.0,0.0,0.0,0.0,0.0,29.0,0.0,0.0,0.0,0.0,0.0,0.0,0.0,0.0,0.0,0.0,
2020-07-29T12:00:00Z,28.0,28.0,0.0,0.0,19.5,19.5,,,12.801,12.78,12.83,,,6.84,6.84,6.84,,,,0.036,,,,0.0,0.0,0.0,,,0.0,,,,,,0.0,9765.0,9794.0,0.0,0.0,0.0,0.0,0.0,28.0,0.0,0.0,0.0,0.0,0.0,0.0,0.0,0.0,0.0,0.0,
2020-07-29T13:00:00Z,29.0,29.0,0.0,0.0,19.5,19.5,,,12.786,12.75,12.81,,,6.84,6.84,6.84,,,,0.024,,,,0.0,0.0,0.0,,,0.0,,,,,,0.0,9795.0,9823.0,0.0,0.0,0.0,0.0,0.0,29.0,0.0,0.0,0.0,0.0,0.0,0.0,0.0,0.0,0.0,0.0,
2020-07-29T14:00:00Z,30.0,30.0,0.0,0.0,19.5,19.5,,,12.764,12.74,12.8,,,6.84,6.84,6.84,,,,0.037,,,,0.0,0.0,0.0,,,0.0,,,,,,0.0,9824.0,9853.0,0.0,0.0,0.0,0.0,0.0,30.0,0.0,0.0,0.0,0.0,0.0,0.0,0.0,0.0,0.0,0.0,
2020-07-29T15:00:00Z,30.0,30.0,0.0,0.0,19.5,19.5,,,12.75,12.72,12.77,,,6.84,6.84,6.84,,,,0.037,,,,0.0,0.0,0.0,,,0.0,,,,,,0.0,9854.0,9883.0,0.0,0.0,0.0,0.0,0.0,30.0,0.0,0.0,0.0,0.0,0.0,0.0,0.0,0.0,0.0,0.0,
2020-07-29T16:00:00Z,29.0,29.0,0.0,0.0,19.5,19.5,,,12.733,12.72,12.75,,,6.84,6.84,6.84,,,,0.028,,,,0.0,0.0,0.0,,,0.0,,,,,,0.0,9884.0,9912.0,0.0,0.0,0.0,0.0,0.0,29.0,0.0,0.0,0.0,0.0,0.0,0.0,0.0,0.0,0.0,0.0,
2020-07-29T17:00:00Z,30.0,30.0,0.0,0.0,19.5,19.5,,,12.715,12.7,12.72,,,6.84,6.84,6.84,,,,0.026,,,,0.0,0.0,0.0,,,0.0,,,,,,0.0,9913.0,9942.0,0.0,0.0,0.0,0.0,0.0,30.0,0.0,0.0,0.0,0.0,0.0,0.0,0.0,0.0,0.0,0.0,
2020-07-29T18:00:00Z,28.0,28.0,0.0,0.0,19.5,19.5,,,12.703,12.69,12.72,,,6.84,6.84,6.84,,,,0.025,,,,0.0,0.0,0.0,,,0.0,,,,,,0.0,9943.0,9971.0,0.0,0.0,0.0,0.0,0.0,28.0,0.0,0.0,0.0,0.0,0.0,0.0,0.0,0.0,0.0,0.0,
2020-07-29T19:00:00Z,30.0,30.0,0.0,0.0,19.5,19.5,,,12.69,12.68,12.7,,,6.84,6.84,6.84,,,,0.025,,,,0.0,0.0,0.0,,,0.0,,,,,,0.0,9972.0,10001.0,0.0,0.0,0.0,0.0,0.0,30.0,0.0,0.0,0.0,0.0,0.0,0.0,0.0,0.0,0.0,0.0,
2020-07-29T20:00:00Z,29.0,29.0,0.0,0.0,19.5,19.5,,,12.671,12.66,12.68,,,6.84,6.84,6.84,,,,0.027,,,,0.0,0.0,0.0,,,0.0,,,,,,0.0,10002.0,10030.0,0.0,0.0,0.0,0.0,0.0,29.0,0.0,0.0,0.0,0.0,0.0,0.0,0.0,0.0,0.0,0.0,
2020-07-29T21:00:00Z,30.0,30.0,0.0,0.0,19.5,19.5,,,12.657,12.64,12.67,,,6.84,6.84,6.84,,,,0.028,,,,0.0,0.0,0.0,,,0.0,,,,,,0.0,10031.0,10060.0,0.0,0.0,0.0,0.0,0.0,30.0,0.0,0.0,0.0,0.0,0.0,0.0,0.0,0.0,0.0,0.0,
2020-07-29T22:00:00Z,29.0,29.0,3.076,13.28,19.5,19.5,,,12.64,12.63,12.69,,,6.84,6.84,6.84,,,,0.036,,,,0.178,1.25,0.0,,,0.0,,,,,,0.003,10061.0,10089.0,0.0,0.0,0.0,0.0,0.0,29.0,0.0,0.0,0.0,0.0,0.0,0.0,0.0,0.0,0.0,0.0,
2020-07-29T23:00:00Z,30.0,30.0,13.169,13.63,19.5,19.5,,,12.908,12.75,13.08,,,6.84,6.84,6.84,,,,0.211,,,,2.764,5.04,0.0,,,0.0,,,,,,0.046,10090.0,10119.0,0.0,0.0,0.0,0.0,0.0,30.0,0.0,0.0,0.0,0.0,0.0,0.0,0.0,0.0,0.0,0.0,
2020-07-30T00:00:00Z,28.0,28.0,13.861,14.42,19.5,19.5,,,13.352,13.09,13.56,,,6.84,6.84,6.84,,,,0.636,,,,8.866,13.86,0.0,,,0.0,,,,,,0.138,10120.0,10148.0,0.0,0.0,0.0,0.0,0.0,28.0,0.0,0.0,0.0,0.0,0.0,0.0,0.0,0.0,0.0,0.0,
2020-07-30T01:00:00Z,30.0,30.0,14.204,15.05,19.5,19.5,,,13.679,13.54,13.98,,,6.84,6.84,6.84,,,,1.179,,,,16.8,28.83,0.0,,,0.0,,,,,,0.28,10149.0,10178.0,0.0,0.0,0.0,0.0,0.0,30.0,0.0,0.0,0.0,0.0,0.0,0.0,0.0,0.0,0.0,0.0,
2020-07-30T02:00:00Z,29.0,29.0,15.872,20.97,19.5,19.5,,,14.227,13.58,14.78,,,6.84,6.84,6.84,,,,1.507,,,,23.456,38.97,0.0,,,0.0,,,,,,0.378,10179.0,10208.0,0.0,0.0,0.0,0.0,0.0,29.0,0.0,0.0,0.0,0.0,0.0,0.0,0.0,0.0,0.0,0.0,
2020-07-30T03:00:00Z,29.0,29.0,18.647,21.02,19.5,19.5,,,14.66,14.36,15.06,,,6.84,6.84,6.84,,,,1.156,,,,20.599,48.02,0.0,,,0.0,,,,,,0.332,10209.0,10237.0,0.0,0.0,0.0,0.0,0.0,29.0,0.0,0.0,0.0,0.0,0.0,0.0,0.0,0.0,0.0,0.0,
2020-07-30T04:00:00Z,30.0,30.0,19.502,21.45,19.5,19.5,,,14.671,14.5,15.12,,,6.84,6.84,6.84,,,,0.392,,,,6.823,43.36,0.0,,,0.0,,,,,,0.114,10238.0,10267.0,0.0,0.0,0.0,0.0,0.0,30.0,0.0,0.0,0.0,0.0,0.0,0.0,0.0,0.0,0.0,0.0,
2020-07-30T05:00:00Z,29.0,29.0,19.68,21.18,19.5,19.5,,,14.702,14.49,15.19,,,6.84,6.84,6.84,,,,0.513,,,,8.857,49.4,0.0,,,0.0,,,,,,0.143,10268.0,10296.0,0.0,0.0,0.0,0.0,0.0,29.0,0.0,0.0,0.0,0.0,0.0,0.0,0.0,0.0,0.0,0.0,
2020-07-30T06:00:00Z,30.0,30.0,19.406,21.63,19.5,19.5,,,14.741,14.48,15.35,,,6.84,6.84,6.84,,,,0.526,,,,9.27,47.94,0.0,,,0.0,,,,,,0.155,10297.0,10326.0,0.0,0.0,0.0,0.0,0.0,30.0,0.0,0.0,0.0,0.0,0.0,0.0,0.0,0.0,0.0,0.0,
2020-07-30T07:00:00Z,29.0,29.0,18.461,21.26,19.5,19.5,,,14.572,13.79,14.87,,,6.84,6.84,6.84,,,,0.367,,,,6.504,14.91,0.0,,,0.0,,,,,,0.105,10327.0,10355.0,0.0,0.0,0.0,0.0,0.0,29.0,0.0,0.0,0.0,0.0,0.0,0.0,0.0,0.0,0.0,0.0,
2020-07-30T08:00:00Z,26.0,26.0,18.398,21.2,19.5,19.5,,,14.606,13.65,14.93,,,6.84,6.84,6.84,,,,0.474,,,,8.162,30.82,0.0,,,0.0,,,,,,0.118,10356.0,10385.0,0.0,0.0,0.0,0.0,0.0,26.0,0.0,0.0,0.0,0.0,0.0,0.0,0.0,0.0,0.0,0.0,
2020-07-30T09:00:00Z,30.0,30.0,17.459,21.01,19.5,19.5,,,14.402,13.6,14.85,,,6.84,6.84,6.84,,,,0.374,,,,6.388,25.3,0.0,,,0.0,,,,,,0.106,10386.0,10415.0,0.0,0.0,0.0,0.0,0.0,30.0,0.0,0.0,0.0,0.0,0.0,0.0,0.0,0.0,0.0,0.0,
2020-07-30T10:00:00Z,29.0,29.0,13.212,14.27,19.5,19.5,,,13.016,12.81,13.56,,,6.84,6.84,6.84,,,,0.144,,,,1.932,4.12,0.0,,,0.0,,,,,,0.031,10416.0,10444.0,0.0,0.0,0.0,0.0,0.0,29.0,0.0,0.0,0.0,0.0,0.0,0.0,0.0,0.0,0.0,0.0,
2020-07-30T11:00:00Z,30.0,30.0,1.151,7.14,19.5,19.5,,,12.813,12.78,12.84,,,6.84,6.84,6.84,,,,0.037,,,,0.044,0.29,0.0,,,0.0,,,,,,0.001,10445.0,10474.0,0.0,0.0,0.0,0.0,0.0,30.0,0.0,0.0,0.0,0.0,0.0,0.0,0.0,0.0,0.0,0.0,
2020-07-30T12:00:00Z,29.0,29.0,0.0,0.0,19.5,19.5,,,12.799,12.77,12.83,,,6.84,6.84,6.84,,,,0.03,,,,0.0,0.0,0.0,,,0.0,,,,,,0.0,10475.0,10503.0,0.0,0.0,0.0,0.0,0.0,29.0,0.0,0.0,0.0,0.0,0.0,0.0,0.0,0.0,0.0,0.0,
2020-07-30T13:00:00Z,30.0,30.0,0.0,0.0,19.5,19.5,,,12.783,12.73,12.81,,,6.84,6.84,6.84,,,,0.028,,,,0.0,0.0,0.0,,,0.0,,,,,,0.0,10504.0,10533.0,0.0,0.0,0.0,0.0,0.0,30.0,0.0,0.0,0.0,0.0,0.0,0.0,0.0,0.0,0.0,0.0,
2020-07-30T14:00:00Z,28.0,28.0,0.0,0.0,19.5,19.5,,,12.765,12.74,12.78,,,6.84,6.84,6.84,,,,0.033,,,,0.0,0.0,0.0,,,0.0,,,,,,0.0,10534.0,10562.0,0.0,0.0,0.0,0.0,0.0,28.0,0.0,0.0,0.0,0.0,0.0,0.0,0.0,0.0,0.0,0.0,
2020-07-30T15:00:00Z,30.0,30.0,0.0,0.0,19.5,19.5,,,12.744,12.72,12.76,,,6.84,6.84,6.84,,,,0.031,,,,0.0,0.0,0.0,,,0.0,,,,,,0.0,10563.0,10592.0,0.0,0.0,0.0,0.0,0.0,30.0,0.0,0.0,0.0,0.0,0.0,0.0,0.0,0.0,0.0,0.0,
2020-07-30T16:00:00Z,29.0,29.0,0.0,0.0,19.5,19.5,,,12.726,12.71,12.75,,,6.84,6.84,6.84,,,,0.026,,,,0.0,0.0,0.0,,,0.0,,,,,,0.0,10593.0,10621.0,0.0,0.0,0.0,0.0,0.0,29.0,0.0,0.0,0.0,0.0,0.0,0.0,0.0,0.0,0.0,0.0,
2020-07-30T17:00:00Z,30.0,30.0,0.0,0.0,19.5,19.5,,,12.711,12.69,12.72,,,6.84,6.84,6.84,,,,0.022,,,,0.0,0.0,0.0,,,0.0,,,,,,0.0,10622.0,10651.0,0.0,0.0,0.0,0.0,0.0,30.0,0.0,0.0,0.0,0.0,0.0,0.0,0.0,0.0,0.0,0.0,
2020-07-30T18:00:00Z,29.0,29.0,0.0,0.0,19.5,19.5,,,12.692,12.68,12.71,,,6.84,6.84,6.84,,,,0.029,,,,0.0,0.0,0.0,,,0.0,,,,,,0.0,10652.0,10680.0,0.0,0.0,0.0,0.0,0.0,29.0,0.0,0.0,0.0,0.0,0.0,0.0,0.0,0.0,0.0,0.0,
2020-07-30T19:00:00Z,30.0,30.0,0.0,0.0,19.5,19.5,,,12.682,12.66,12.69,,,6.84,6.84,6.84,,,,0.026,,,,0.0,0.0,0.0,,,0.0,,,,,,0.0,10681.0,10710.0,0.0,0.0,0.0,0.0,0.0,30.0,0.0,0.0,0.0,0.0,0.0,0.0,0.0,0.0,0.0,0.0,
2020-07-30T20:00:00Z,28.0,28.0,0.0,0.0,19.5,19.5,,,12.663,12.65,12.67,,,6.84,6.84,6.84,,,,0.029,,,,0.0,0.0,0.0,,,0.0,,,,,,0.0,10711.0,10740.0,0.0,0.0,0.0,0.0,0.0,28.0,0.0,0.0,0.0,0.0,0.0,0.0,0.0,0.0,0.0,0.0,
2020-07-30T21:00:00Z,29.0,29.0,0.0,0.0,19.5,19.5,,,12.642,12.63,12.66,,,6.84,6.84,6.84,,,,0.028,,,,0.0,0.0,0.0,,,0.0,,,,,,0.0,10741.0,10769.0,0.0,0.0,0.0,0.0,0.0,29.0,0.0,0.0,0.0,0.0,0.0,0.0,0.0,0.0,0.0,0.0,
2020-07-30T22:00:00Z,30.0,30.0,1.175,5.29,19.5,19.5,,,12.627,12.61,12.64,,,6.84,6.84,6.84,,,,0.031,,,,0.044,0.33,0.0,,,0.0,,,,,,0.001,10770.0,10799.0,0.0,0.0,0.0,0.0,0.0,30.0,0.0,0.0,0.0,0.0,0.0,0.0,0.0,0.0,0.0,0.0,
2020-07-30T23:00:00Z,29.0,29.0,12.6,13.57,19.5,19.5,,,12.737,12.62,12.9,,,6.84,6.84,6.84,,,,0.117,,,,1.496,2.98,0.0,,,0.0,,,,,,0.024,10800.0,10828.0,0.0,0.0,0.0,0.0,0.0,29.0,0.0,0.0,0.0,0.0,0.0,0.0,0.0,0.0,0.0,0.0,
2020-07-31T00:00:00Z,30.0,30.0,13.398,14.14,19.5,19.5,,,13.081,12.9,13.37,,,6.84,6.84,6.84,,,,0.361,,,,4.856,7.78,0.0,,,0.0,,,,,,0.081,10829.0,10858.0,0.0,0.0,0.0,0.0,0.0,30.0,0.0,0.0,0.0,0.0,0.0,0.0,0.0,0.0,0.0,0.0,
2020-07-31T01:00:00Z,28.0,28.0,13.828,14.23,19.5,19.5,,,13.429,13.38,13.45,,,6.84,6.84,6.84,,,,0.624,,,,8.627,9.06,0.0,,,0.0,,,,,,0.134,10859.0,10887.0,0.0,0.0,0.0,0.0,0.0,28.0,0.0,0.0,0.0,0.0,0.0,0.0,0.0,0.0,0.0,0.0,
2020-07-31T02:00:00Z,30.0,30.0,13.981,14.69,19.5,19.5,,,13.558,13.41,13.84,,,6.84,6.84,6.84,,,,0.894,,,,12.577,20.69,0.0,,,0.0,,,,,,0.21,10888.0,10917.0,0.0,0.0,0.0,0.0,0.0,30.0,0.0,0.0,0.0,0.0,0.0,0.0,0.0,0.0,0.0,0.0,
2020-07-31T03:00:00Z,29.0,29.0,15.04,20.95,19.5,19.5,,,14.165,13.8,14.71,,,6.84,6.84,6.84,,,,1.774,,,,26.903,47.41,0.0,,,0.0,,,,,,0.433,10918.0,10946.0,0.0,0.0,0.0,0.0,0.0,29.0,0.0,0.0,0.0,0.0,0.0,0.0,0.0,0.0,0.0,0.0,
2020-07-31T04:00:00Z,30.0,30.0,17.913,21.24,19.5,19.5,,,14.619,14.09,15.03,,,6.84,6.84,6.84,,,,1.363,,,,23.422,43.84,0.0,,,0.0,,,,,,0.39,10947.0,10976.0,0.0,0.0,0.0,0.0,0.0,30.0,0.0,0.0,0.0,0.0,0.0,0.0,0.0,0.0,0.0,0.0,
2020-07-31T05:00:00Z,30.0,30.0,19.381,21.09,19.5,19.5,,,14.65,14.46,14.92,,,6.84,6.84,6.84,,,,0.621,,,,11.431,40.68,0.0,,,0.0,,,,,,0.191,10977.0,11006.0,0.0,0.0,0.0,0.0,0.0,30.0,0.0,0.0,0.0,0.0,0.0,0.0,0.0,0.0,0.0,0.0,
2020-07-31T06:00:00Z,29.0,29.0,19.271,21.24,19.5,19.5,,,14.704,14.5,14.96,,,6.84,6.84,6.84,,,,0.669,,,,12.241,37.1,0.0,,,0.0,,,,,,0.197,11007.0,11035.0,0.0,0.0,0.0,0.0,0.0,29.0,0.0,0.0,0.0,0.0,0.0,0.0,0.0,0.0,0.0,0.0,
2020-07-31T07:00:00Z,30.0,30.0,19.098,21.12,19.5,19.5,,,14.771,14.53,14.93,,,6.84,6.84,6.84,,,,0.5,,,,8.86,24.95,0.0,,,0.0,,,,,,0.148,11036.0,11065.0,0.0,0.0,0.0,0.0,0.0,30.0,0.0,0.0,0.0,0.0,0.0,0.0,0.0,0.0,0.0,0.0,
2020-07-31T08:00:00Z,29.0,29.0,17.659,20.96,19.5,19.5,,,14.712,13.88,14.9,,,6.84,6.84,6.84,,,,0.551,,,,9.703,19.0,0.0,,,0.0,,,,,,0.156,11066.0,11094.0,0.0,0.0,0.0,0.0,0.0,29.0,0.0,0.0,0.0,0.0,0.0,0.0,0.0,0.0,0.0,0.0,
2020-07-31T09:00:00Z,30.0,30.0,14.36,15.47,19.5,19.5,,,14.018,13.1,14.7,,,6.84,6.84,6.84,,,,0.369,,,,5.325,7.42,0.0,,,0.0,,,,,,0.089,11095.0,11124.0,0.0,0.0,0.0,0.0,0.0,30.0,0.0,0.0,0.0,0.0,0.0,0.0,0.0,0.0,0.0,0.0,
2020-07-31T10:00:00Z,29.0,29.0,9.867,13.72,19.5,19.5,,,12.864,12.81,13.07,,,6.84,6.84,6.84,,,,0.074,,,,0.805,1.9,0.0,,,0.0,,,,,,0.013,11125.0,11153.0,0.0,0.0,0.0,0.0,0.0,29.0,0.0,0.0,0.0,0.0,0.0,0.0,0.0,0.0,0.0,0.0,
2020-07-31T11:00:00Z,30.0,30.0,0.517,3.0,19.5,19.5,,,12.822,12.8,12.85,,,6.84,6.84,6.84,,,,0.031,,,,0.01,0.15,0.0,,,0.0,,,,,,0.0,11154.0,11183.0,0.0,0.0,0.0,0.0,0.0,30.0,0.0,0.0,0.0,0.0,0.0,0.0,0.0,0.0,0.0,0.0,
2020-07-31T12:00:00Z,30.0,30.0,0.0,0.0,19.5,19.5,,,12.801,12.77,12.82,,,6.84,6.84,6.84,,,,0.025,,,,0.0,0.0,0.0,,,0.0,,,,,,0.0,11184.0,11213.0,0.0,0.0,0.0,0.0,0.0,30.0,0.0,0.0,0.0,0.0,0.0,0.0,0.0,0.0,0.0,0.0,
2020-07-31T13:00:00Z,29.0,29.0,0.0,0.0,19.5,19.5,,,12.781,12.75,12.81,,,6.84,6.84,6.84,,,,0.03,,,,0.0,0.0,0.0,,,0.0,,,,,,0.0,11214.0,11242.0,0.0,0.0,0.0,0.0,0.0,29.0,0.0,0.0,0.0,0.0,0.0,0.0,0.0,0.0,0.0,0.0,
2020-07-31T14:00:00Z,28.0,28.0,0.0,0.0,19.5,19.5,,,12.769,12.75,12.79,,,6.84,6.84,6.84,,,,0.029,,,,0.0,0.0,0.0,,,0.0,,,,,,0.0,11243.0,11270.0,0.0,0.0,0.0,0.0,0.0,28.0,0.0,0.0,0.0,0.0,0.0,0.0,0.0,0.0,0.0,0.0,
2020-07-31T15:00:00Z,27.0,27.0,0.0,0.0,19.5,19.5,,,12.749,12.73,12.77,,,6.84,6.84,6.84,,,,0.029,,,,0.0,0.0,0.0,,,0.0,,,,,,0.0,2.0,28.0,0.0,0.0,0.0,0.0,0.0,27.0,0.0,0.0,0.0,0.0,0.0,0.0,0.0,0.0,0.0,0.0,
2020-07-31T16:00:00Z,30.0,30.0,0.0,0.0,19.5,19.5,,,12.732,12.72,12.75,,,6.84,6.84,6.84,,,,0.019,,,,0.0,0.0,0.0,,,0.0,,,,,,0.0,29.0,58.0,0.0,0.0,0.0,0.0,0.0,30.0,0.0,0.0,0.0,0.0,0.0,0.0,0.0,0.0,0.0,0.0,
2020-07-31T17:00:00Z,29.0,29.0,0.0,0.0,19.5,19.5,,,12.712,12.69,12.72,,,6.84,6.84,6.84,,,,0.023,,,,0.0,0.0,0.0,,,0.0,,,,,,0.0,59.0,87.0,0.0,0.0,0.0,0.0,0.0,29.0,0.0,0.0,0.0,0.0,0.0,0.0,0.0,0.0,0.0,0.0,
2020-07-31T18:00:00Z,30.0,30.0,0.0,0.0,19.5,19.5,,,12.701,12.69,12.72,,,6.84,6.84,6.84,,,,0.026,,,,0.0,0.0,0.0,,,0.0,,,,,,0.0,88.0,117.0,0.0,0.0,0.0,0.0,0.0,30.0,0.0,0.0,0.0,0.0,0.0,0.0,0.0,0.0,0.0,0.0,
2020-07-31T19:00:00Z,29.0,29.0,0.0,0.0,19.5,19.5,,,12.68,12.66,12.69,,,6.84,6.84,6.84,,,,0.029,,,,0.0,0.0,0.0,,,0.0,,,,,,0.0,118.0,146.0,0.0,0.0,0.0,0.0,0.0,29.0,0.0,0.0,0.0,0.0,0.0,0.0,0.0,0.0,0.0,0.0,
2020-07-31T20:00:00Z,29.0,29.0,0.0,0.0,19.5,19.5,,,12.662,12.65,12.68,,,6.84,6.84,6.84,,,,0.029,,,,0.0,0.0,0.0,,,0.0,,,,,,0.0,147.0,176.0,0.0,0.0,0.0,0.0,0.0,29.0,0.0,0.0,0.0,0.0,0.0,0.0,0.0,0.0,0.0,0.0,
2020-07-31T21:00:00Z,30.0,30.0,0.0,0.0,19.5,19.5,,,12.642,12.63,12.66,,,6.84,6.84,6.84,,,,0.029,,,,0.0,0.0,0.0,,,0.0,,,,,,0.0,177.0,206.0,0.0,0.0,0.0,0.0,0.0,30.0,0.0,0.0,0.0,0.0,0.0,0.0,0.0,0.0,0.0,0.0,
2020-07-31T22:00:00Z,29.0,29.0,1.276,5.22,19.5,19.5,,,12.622,12.6,12.63,,,6.84,6.84,6.84,,,,0.043,,,,0.044,0.32,0.0,,,0.0,,,,,,0.001,207.0,235.0,0.0,0.0,0.0,0.0,0.0,29.0,0.0,0.0,0.0,0.0,0.0,0.0,0.0,0.0,0.0,0.0,
2020-07-31T23:00:00Z,30.0,30.0,12.155,13.55,19.5,19.5,,,12.722,12.6,12.88,,,6.84,6.84,6.84,,,,0.119,,,,1.502,2.86,0.0,,,0.0,,,,,,0.025,236.0,265.0,0.0,0.0,0.0,0.0,0.0,30.0,0.0,0.0,0.0,0.0,0.0,0.0,0.0,0.0,0.0,0.0,
2020-08-01T00:00:00Z,29.0,29.0,13.477,14.17,19.5,19.5,,,13.12,12.91,13.44,,,6.84,6.84,6.84,,,,0.382,,,,5.166,8.94,0.0,,,0.0,,,,,,0.083,266.0,294.0,0.0,0.0,0.0,0.0,0.0,29.0,0.0,0.0,0.0,0.0,0.0,0.0,0.0,0.0,0.0,0.0,
2020-08-01T01:00:00Z,29.0,29.0,14.181,14.94,19.5,19.5,,,13.696,13.49,14.09,,,6.84,6.84,6.84,,,,1.232,,,,17.547,28.5,0.0,,,0.0,,,,,,0.283,295.0,324.0,0.0,0.0,0.0,0.0,0.0,29.0,0.0,0.0,0.0,0.0,0.0,0.0,0.0,0.0,0.0,0.0,
2020-08-01T02:00:00Z,28.0,28.0,14.55,15.38,19.5,19.5,,,13.934,13.66,14.3,,,6.84,6.84,6.84,,,,1.526,,,,22.251,31.43,0.0,,,0.0,,,,,,0.346,325.0,353.0,0.0,0.0,0.0,0.0,0.0,28.0,0.0,0.0,0.0,0.0,0.0,0.0,0.0,0.0,0.0,0.0,
2020-08-01T03:00:00Z,30.0,30.0,15.054,21.4,19.5,19.5,,,14.106,13.48,15.05,,,6.84,6.84,6.84,,,,1.039,,,,15.941,46.18,0.0,,,0.0,,,,,,0.266,354.0,383.0,0.0,0.0,0.0,0.0,0.0,30.0,0.0,0.0,0.0,0.0,0.0,0.0,0.0,0.0,0.0,0.0,
2020-08-01T04:00:00Z,29.0,29.0,18.593,21.87,19.5,19.5,,,14.649,14.4,14.86,,,6.84,6.84,6.84,,,,0.838,,,,14.931,44.71,0.0,,,0.0,,,,,,0.241,384.0,412.0,0.0,0.0,0.0,0.0,0.0,29.0,0.0,0.0,0.0,0.0,0.0,0.0,0.0,0.0,0.0,0.0,
2020-08-01T05:00:00Z,30.0,30.0,20.615,21.68,19.5,19.5,,,14.667,14.49,15.37,,,6.84,6.84,6.84,,,,0.491,,,,9.579,63.3,0.0,,,0.0,,,,,,0.16,413.0,442.0,0.0,0.0,0.0,0.0,0.0,30.0,0.0,0.0,0.0,0.0,0.0,0.0,0.0,0.0,0.0,0.0,
2020-08-01T06:00:00Z,29.0,29.0,18.103,21.56,19.5,19.5,,,14.629,13.8,14.91,,,6.84,6.84,6.84,,,,0.448,,,,7.961,49.15,0.0,,,0.0,,,,,,0.128,443.0,471.0,0.0,0.0,0.0,0.0,0.0,29.0,0.0,0.0,0.0,0.0,0.0,0.0,0.0,0.0,0.0,0.0,
2020-08-01T07:00:00Z,30.0,30.0,20.028,21.73,19.5,19.5,,,14.638,14.26,14.93,,,6.84,6.84,6.84,,,,0.357,,,,6.511,26.83,0.0,,,0.0,,,,,,0.109,472.0,501.0,0.0,0.0,0.0,0.0,0.0,30.0,0.0,0.0,0.0,0.0,0.0,0.0,0.0,0.0,0.0,0.0,
2020-08-01T08:00:00Z,30.0,30.0,18.344,21.34,19.5,19.5,,,14.799,14.54,14.91,,,6.84,6.84,6.84,,,,0.582,,,,10.257,24.11,0.0,,,0.0,,,,,,0.171,502.0,531.0,0.0,0.0,0.0,0.0,0.0,30.0,0.0,0.0,0.0,0.0,0.0,0.0,0.0,0.0,0.0,0.0,
2020-08-01T09:00:00Z,29.0,29.0,15.58,20.28,19.5,19.5,,,14.298,13.19,14.84,,,6.84,6.84,6.84,,,,0.4,,,,6.317,10.91,0.0,,,0.0,,,,,,0.102,532.0,560.0,0.0,0.0,0.0,0.0,0.0,29.0,0.0,0.0,0.0,0.0,0.0,0.0,0.0,0.0,0.0,0.0,
2020-08-01T10:00:00Z,30.0,30.0,11.378,13.9,19.5,19.5,,,12.973,12.81,13.21,,,6.84,6.84,6.84,,,,0.124,,,,1.616,3.54,0.0,,,0.0,,,,,,0.027,561.0,590.0,0.0,0.0,0.0,0.0,0.0,30.0,0.0,0.0,0.0,0.0,0.0,0.0,0.0,0.0,0.0,0.0,
2020-08-01T11:00:00Z,28.0,28.0,0.683,3.02,19.5,19.5,,,12.824,12.79,12.85,,,6.84,6.84,6.84,,,,0.033,,,,0.033,0.26,0.0,,,0.0,,,,,,0.001,591.0,619.0,0.0,0.0,0.0,0.0,0.0,28.0,0.0,0.0,0.0,0.0,0.0,0.0,0.0,0.0,0.0,0.0,
2020-08-01T12:00:00Z,30.0,30.0,0.0,0.0,19.5,19.5,,,12.808,12.78,12.83,,,6.84,6.84,6.84,,,,0.034,,,,0.0,0.0,0.0,,,0.0,,,,,,0.0,620.0,649.0,0.0,0.0,0.0,0.0,0.0,30.0,0.0,0.0,0.0,0.0,0.0,0.0,0.0,0.0,0.0,0.0,
2020-08-01T13:00:00Z,28.0,28.0,0.0,0.0,19.5,19.5,,,12.792,12.78,12.83,,,6.84,6.84,6.84,,,,0.035,,,,0.0,0.0,0.0,,,0.0,,,,,,0.0,650.0,678.0,0.0,0.0,0.0,0.0,0.0,28.0,0.0,0.0,0.0,0.0,0.0,0.0,0.0,0.0,0.0,0.0,
2020-08-01T14:00:00Z,29.0,29.0,0.0,0.0,19.5,19.5,,,12.777,12.75,12.8,,,6.84,6.84,6.84,,,,0.037,,,,0.0,0.0,0.0,,,0.0,,,,,,0.0,679.0,708.0,0.0,0.0,0.0,0.0,0.0,29.0,0.0,0.0,0.0,0.0,0.0,0.0,0.0,0.0,0.0,0.0,
2020-08-01T15:00:00Z,30.0,30.0,0.0,0.0,19.5,19.5,,,12.754,12.73,12.77,,,6.84,6.84,6.84,,,,0.034,,,,0.0,0.0,0.0,,,0.0,,,,,,0.0,709.0,738.0,0.0,0.0,0.0,0.0,0.0,30.0,0.0,0.0,0.0,0.0,0.0,0.0,0.0,0.0,0.0,0.0,
2020-08-01T16:00:00Z,29.0,29.0,0.0,0.0,19.5,19.5,,,12.736,12.72,12.75,,,6.84,6.84,6.84,,,,0.03,,,,0.0,0.0,0.0,,,0.0,,,,,,0.0,739.0,767.0,0.0,0.0,0.0,0.0,0.0,29.0,0.0,0.0,0.0,0.0,0.0,0.0,0.0,0.0,0.0,0.0,
2020-08-01T17:00:00Z,30.0,30.0,0.0,0.0,19.5,19.5,,,12.721,12.7,12.73,,,6.84,6.84,6.84,,,,0.027,,,,0.0,0.0,0.0,,,0.0,,,,,,0.0,768.0,797.0,0.0,0.0,0.0,0.0,0.0,30.0,0.0,0.0,0.0,0.0,0.0,0.0,0.0,0.0,0.0,0.0,
2020-08-01T18:00:00Z,29.0,29.0,0.0,0.0,19.5,19.5,,,12.708,12.69,12.72,,,6.84,6.84,6.84,,,,0.027,,,,0.0,0.0,0.0,,,0.0,,,,,,0.0,798.0,826.0,0.0,0.0,0.0,0.0,0.0,29.0,0.0,0.0,0.0,0.0,0.0,0.0,0.0,0.0,0.0,0.0,
2020-08-01T19:00:00Z,30.0,30.0,0.0,0.0,19.5,19.5,,,12.693,12.68,12.71,,,6.84,6.84,6.84,,,,0.026,,,,0.0,0.0,0.0,,,0.0,,,,,,0.0,827.0,856.0,0.0,0.0,0.0,0.0,0.0,30.0,0.0,0.0,0.0,0.0,0.0,0.0,0.0,0.0,0.0,0.0,
2020-08-01T20:00:00Z,29.0,29.0,0.0,0.0,19.5,19.5,,,12.677,12.66,12.69,,,6.84,6.84,6.84,,,,0.029,,,,0.0,0.0,0.0,,,0.0,,,,,,0.0,857.0,885.0,0.0,0.0,0.0,0.0,0.0,29.0,0.0,0.0,0.0,0.0,0.0,0.0,0.0,0.0,0.0,0.0,
2020-08-01T21:00:00Z,30.0,30.0,0.0,0.0,19.5,19.5,,,12.656,12.64,12.66,,,6.84,6.84,6.84,,,,0.031,,,,0.0,0.0,0.0,,,0.0,,,,,,0.0,886.0,915.0,0.0,0.0,0.0,0.0,0.0,30.0,0.0,0.0,0.0,0.0,0.0,0.0,0.0,0.0,0.0,0.0,
2020-08-01T22:00:00Z,30.0,30.0,2.611,13.13,19.5,19.5,,,12.635,12.62,12.65,,,6.84,6.84,6.84,,,,0.035,,,,0.112,0.88,0.0,,,0.0,,,,,,0.002,916.0,945.0,0.0,0.0,0.0,0.0,0.0,30.0,0.0,0.0,0.0,0.0,0.0,0.0,0.0,0.0,0.0,0.0,
2020-08-01T23:00:00Z,29.0,29.0,13.176,13.63,19.5,19.5,,,12.853,12.64,13.04,,,6.84,6.84,6.84,,,,0.198,,,,2.621,4.48,0.0,,,0.0,,,,,,0.042,946.0,974.0,0.0,0.0,0.0,0.0,0.0,29.0,0.0,0.0,0.0,0.0,0.0,0.0,0.0,0.0,0.0,0.0,
2020-08-02T00:00:00Z,28.0,28.0,13.546,14.25,19.5,19.5,,,13.206,13.06,13.47,,,6.84,6.84,6.84,,,,0.433,,,,5.893,9.46,0.0,,,0.0,,,,,,0.092,975.0,1003.0,0.0,0.0,0.0,0.0,0.0,28.0,0.0,0.0,0.0,0.0,0.0,0.0,0.0,0.0,0.0,0.0,
2020-08-02T01:00:00Z,29.0,29.0,14.074,14.72,19.5,19.5,,,13.596,13.51,13.78,,,6.84,6.84,6.84,,,,0.977,,,,13.769,20.02,0.0,,,0.0,,,,,,0.222,1005.0,1033.0,0.0,0.0,0.0,0.0,0.0,29.0,0.0,0.0,0.0,0.0,0.0,0.0,0.0,0.0,0.0,0.0,
2020-08-02T02:00:00Z,30.0,30.0,14.644,15.84,19.5,19.5,,,14.075,13.6,14.71,,,6.84,6.84,6.84,,,,1.681,,,,24.82,39.26,0.0,,,0.0,,,,,,0.414,1034.0,1063.0,0.0,0.0,0.0,0.0,0.0,30.0,0.0,0.0,0.0,0.0,0.0,0.0,0.0,0.0,0.0,0.0,
2020-08-02T03:00:00Z,29.0,29.0,15.086,20.87,19.5,19.5,,,14.159,13.36,14.94,,,6.84,6.84,6.84,,,,1.148,,,,17.829,43.39,0.0,,,0.0,,,,,,0.287,1064.0,1092.0,0.0,0.0,0.0,0.0,0.0,29.0,0.0,0.0,0.0,0.0,0.0,0.0,0.0,0.0,0.0,0.0,
2020-08-02T04:00:00Z,30.0,30.0,13.332,13.83,19.5,19.5,,,13.084,13.01,13.14,,,6.84,6.84,6.84,,,,0.14,,,,1.868,4.29,0.0,,,0.0,,,,,,0.031,1093.0,1122.0,0.0,0.0,0.0,0.0,0.0,30.0,0.0,0.0,0.0,0.0,0.0,0.0,0.0,0.0,0.0,0.0,
2020-08-02T05:00:00Z,29.0,29.0,13.226,13.75,19.5,19.5,,,13.043,12.95,13.13,,,6.84,6.84,6.84,,,,0.156,,,,2.053,3.26,0.0,,,0.0,,,,,,0.033,1123.0,1151.0,0.0,0.0,0.0,0.0,0.0,29.0,0.0,0.0,0.0,0.0,0.0,0.0,0.0,0.0,0.0,0.0,
2020-08-02T06:00:00Z,30.0,30.0,13.377,13.85,19.5,19.5,,,13.07,13.05,13.15,,,6.84,6.84,6.84,,,,0.227,,,,3.035,4.14,0.0,,,0.0,,,,,,0.051,1152.0,1181.0,0.0,0.0,0.0,0.0,0.0,30.0,0.0,0.0,0.0,0.0,0.0,0.0,0.0,0.0,0.0,0.0,
2020-08-02T07:00:00Z,30.0,30.0,13.773,14.32,19.5,19.5,,,13.443,13.18,13.66,,,6.84,6.84,6.84,,,,0.481,,,,6.63,8.36,0.0,,,0.0,,,,,,0.111,1182.0,1211.0,0.0,0.0,0.0,0.0,0.0,30.0,0.0,0.0,0.0,0.0,0.0,0.0,0.0,0.0,0.0,0.0,
2020-08-02T08:00:00Z,29.0,29.0,14.143,14.91,19.5,19.5,,,13.774,13.32,14.06,,,6.84,6.84,6.84,,,,0.609,,,,8.642,10.78,0.0,,,0.0,,,,,,0.139,1212.0,1240.0,0.0,0.0,0.0,0.0,0.0,29.0,0.0,0.0,0.0,0.0,0.0,0.0,0.0,0.0,0.0,0.0,
2020-08-02T09:00:00Z,30.0,30.0,13.694,14.48,19.5,19.5,,,13.342,12.99,13.8,,,6.84,6.84,6.84,,,,0.304,,,,4.183,7.33,0.0,,,0.0,,,,,,0.07,1241.0,1270.0,0.0,0.0,0.0,0.0,0.0,30.0,0.0,0.0,0.0,0.0,0.0,0.0,0.0,0.0,0.0,0.0,
2020-08-02T10:00:00Z,29.0,29.0,4.548,13.6,19.5,19.5,,,12.806,12.75,12.96,,,6.84,6.84,6.84,,,,0.049,,,,0.288,1.65,0.0,,,0.0,,,,,,0.005,1271.0,1299.0,0.0,0.0,0.0,0.0,0.0,29.0,0.0,0.0,0.0,0.0,0.0,0.0,0.0,0.0,0.0,0.0,
2020-08-02T11:00:00Z,30.0,30.0,0.282,3.03,19.5,19.5,,,12.77,12.75,12.79,,,6.84,6.84,6.84,,,,0.036,,,,0.012,0.12,0.0,,,0.0,,,,,,0.0,1300.0,1329.0,0.0,0.0,0.0,0.0,0.0,30.0,0.0,0.0,0.0,0.0,0.0,0.0,0.0,0.0,0.0,0.0,
2020-08-02T12:00:00Z,29.0,29.0,0.0,0.0,19.5,19.5,,,12.759,12.73,12.78,,,6.84,6.84,6.84,,,,0.027,,,,0.0,0.0,0.0,,,0.0,,,,,,0.0,1330.0,1359.0,0.0,0.0,0.0,0.0,0.0,29.0,0.0,0.0,0.0,0.0,0.0,0.0,0.0,0.0,0.0,0.0,
2020-08-02T13:00:00Z,28.0,28.0,0.0,0.0,19.5,19.5,,,12.747,12.72,12.77,,,6.84,6.84,6.84,,,,0.027,,,,0.0,0.0,0.0,,,0.0,,,,,,0.0,1360.0,1388.0,0.0,0.0,0.0,0.0,0.0,28.0,0.0,0.0,0.0,0.0,0.0,0.0,0.0,0.0,0.0,0.0,
2020-08-02T14:00:00Z,29.0,29.0,0.0,0.0,19.5,19.5,,,12.73,12.72,12.75,,,6.84,6.84,6.84,,,,0.035,,,,0.0,0.0,0.0,,,0.0,,,,,,0.0,1389.0,1417.0,0.0,0.0,0.0,0.0,0.0,29.0,0.0,0.0,0.0,0.0,0.0,0.0,0.0,0.0,0.0,0.0,
2020-08-02T15:00:00Z,30.0,30.0,0.0,0.0,19.5,19.5,,,12.72,12.71,12.74,,,6.84,6.84,6.84,,,,0.032,,,,0.0,0.0,0.0,,,0.0,,,,,,0.0,1418.0,1447.0,0.0,0.0,0.0,0.0,0.0,30.0,0.0,0.0,0.0,0.0,0.0,0.0,0.0,0.0,0.0,0.0,
2020-08-02T16:00:00Z,30.0,30.0,0.0,0.0,19.5,19.5,,,12.699,12.68,12.72,,,6.84,6.84,6.84,,,,0.031,,,,0.0,0.0,0.0,,,0.0,,,,,,0.0,1448.0,1477.0,0.0,0.0,0.0,0.0,0.0,30.0,0.0,0.0,0.0,0.0,0.0,0.0,0.0,0.0,0.0,0.0,
2020-08-02T17:00:00Z,29.0,29.0,0.0,0.0,19.5,19.5,,,12.679,12.66,12.69,,,6.84,6.84,6.84,,,,0.028,,,,0.0,0.0,0.0,,,0.0,,,,,,0.0,1478.0,1506.0,0.0,0.0,0.0,0.0,0.0,29.0,0.0,0.0,0.0,0.0,0.0,0.0,0.0,0.0,0.0,0.0,
2020-08-02T18:00:00Z,30.0,30.0,0.0,0.0,19.5,19.5,,,12.663,12.65,12.68,,,6.84,6.84,6.84,,,,0.03,,,,0.0,0.0,0.0,,,0.0,,,,,,0.0,1507.0,1536.0,0.0,0.0,0.0,0.0,0.0,30.0,0.0,0.0,0.0,0.0,0.0,0.0,0.0,0.0,0.0,0.0,
2020-08-02T19:00:00Z,29.0,29.0,0.0,0.0,19.5,19.5,,,12.638,12.63,12.65,,,6.84,6.84,6.84,,,,0.029,,,,0.0,0.0,0.0,,,0.0,,,,,,0.0,1537.0,1565.0,0.0,0.0,0.0,0.0,0.0,29.0,0.0,0.0,0.0,0.0,0.0,0.0,0.0,0.0,0.0,0.0,
2020-08-02T20:00:00Z,30.0,30.0,0.0,0.0,19.5,19.5,,,12.621,12.6,12.63,,,6.84,6.84,6.84,,,,0.031,,,,0.0,0.0,0.0,,,0.0,,,,,,0.0,1566.0,1595.0,0.0,0.0,0.0,0.0,0.0,30.0,0.0,0.0,0.0,0.0,0.0,0.0,0.0,0.0,0.0,0.0,
2020-08-02T21:00:00Z,29.0,29.0,0.0,0.0,19.5,19.5,,,12.6,12.59,12.61,,,6.84,6.84,6.84,,,,0.031,,,,0.0,0.0,0.0,,,0.0,,,,,,0.0,1596.0,1625.0,0.0,0.0,0.0,0.0,0.0,29.0,0.0,0.0,0.0,0.0,0.0,0.0,0.0,0.0,0.0,0.0,
2020-08-02T22:00:00Z,27.0,27.0,1.657,8.38,19.5,19.5,,,12.595,12.58,12.6,,,6.84,6.84,6.84,,,,0.035,,,,0.075,0.48,0.0,,,0.0,,,,,,0.001,1626.0,1654.0,0.0,0.0,0.0,0.0,0.0,27.0,0.0,0.0,0.0,0.0,0.0,0.0,0.0,0.0,0.0,0.0,
2020-08-02T23:00:00Z,29.0,29.0,13.007,13.81,19.5,19.5,,,12.787,12.59,13.07,,,6.84,6.84,6.84,,,,0.183,,,,2.397,5.34,0.0,,,0.0,,,,,,0.039,1655.0,1683.0,0.0,0.0,0.0,0.0,0.0,29.0,0.0,0.0,0.0,0.0,0.0,0.0,0.0,0.0,0.0,0.0,
2020-08-03T00:00:00Z,30.0,30.0,13.648,14.09,19.5,19.5,,,13.242,12.87,13.36,,,6.84,6.84,6.84,,,,0.411,,,,5.618,7.33,0.0,,,0.0,,,,,,0.094,1684.0,1713.0,0.0,0.0,0.0,0.0,0.0,30.0,0.0,0.0,0.0,0.0,0.0,0.0,0.0,0.0,0.0,0.0,
2020-08-03T01:00:00Z,30.0,30.0,13.501,13.96,19.5,19.5,,,13.143,12.98,13.29,,,6.84,6.84,6.84,,,,0.334,,,,4.522,5.77,0.0,,,0.0,,,,,,0.075,1714.0,1743.0,0.0,0.0,0.0,0.0,0.0,30.0,0.0,0.0,0.0,0.0,0.0,0.0,0.0,0.0,0.0,0.0,
2020-08-03T02:00:00Z,29.0,29.0,13.621,14.05,19.5,19.5,,,13.279,13.2,13.41,,,6.84,6.84,6.84,,,,0.403,,,,5.496,7.52,0.0,,,0.0,,,,,,0.089,1744.0,1772.0,0.0,0.0,0.0,0.0,0.0,29.0,0.0,0.0,0.0,0.0,0.0,0.0,0.0,0.0,0.0,0.0,
2020-08-03T03:00:00Z,27.0,27.0,13.69,14.22,19.5,19.5,,,13.43,13.18,13.56,,,6.84,6.84,6.84,,,,0.582,,,,7.976,10.74,0.0,,,0.0,,,,,,0.12,1773.0,1801.0,0.0,0.0,0.0,0.0,0.0,27.0,0.0,0.0,0.0,0.0,0.0,0.0,0.0,0.0,0.0,0.0,
2020-08-03T04:00:00Z,29.0,29.0,13.627,14.3,19.5,19.5,,,13.278,13.12,13.51,,,6.84,6.84,6.84,,,,0.421,,,,5.773,10.51,0.0,,,0.0,,,,,,0.093,1802.0,1831.0,0.0,0.0,0.0,0.0,0.0,29.0,0.0,0.0,0.0,0.0,0.0,0.0,0.0,0.0,0.0,0.0,
2020-08-03T05:00:00Z,18.0,18.0,14.084,14.76,19.5,19.5,,,13.707,13.54,13.84,,,6.84,6.84,6.84,,,,1.049,,,,14.807,18.36,0.0,,,0.0,,,,,,0.148,1832.0,1859.0,0.0,0.0,0.0,0.0,0.0,18.0,0.0,0.0,0.0,0.0,0.0,0.0,0.0,0.0,0.0,0.0,
2020-08-03T06:00:00Z,29.0,29.0,14.328,15.02,19.5,19.5,,,13.873,13.6,14.14,,,6.84,6.84,6.84,,,,1.136,,,,16.329,23.48,0.0,,,0.0,,,,,,0.263,1860.0,1888.0,0.0,0.0,0.0,0.0,0.0,29.0,0.0,0.0,0.0,0.0,0.0,0.0,0.0,0.0,0.0,0.0,
2020-08-03T07:00:00Z,30.0,30.0,14.506,15.02,19.5,19.5,,,14.036,13.93,14.12,,,6.84,6.84,6.84,,,,0.973,,,,14.117,16.78,0.0,,,0.0,,,,,,0.235,1889.0,1918.0,0.0,0.0,0.0,0.0,0.0,30.0,0.0,0.0,0.0,0.0,0.0,0.0,0.0,0.0,0.0,0.0,
2020-08-03T08:00:00Z,30.0,30.0,14.312,14.87,19.5,19.5,,,13.903,13.78,14.02,,,6.84,6.84,6.84,,,,0.656,,,,9.393,11.7,0.0,,,0.0,,,,,,0.157,1919.0,1948.0,0.0,0.0,0.0,0.0,0.0,30.0,0.0,0.0,0.0,0.0,0.0,0.0,0.0,0.0,0.0,0.0,
2020-08-03T09:00:00Z,29.0,29.0,13.943,14.69,19.5,19.5,,,13.607,13.31,13.88,,,6.84,6.84,6.84,,,,0.436,,,,6.099,8.5,0.0,,,0.0,,,,,,0.098,1949.0,1977.0,0.0,0.0,0.0,0.0,0.0,29.0,0.0,0.0,0.0,0.0,0.0,0.0,0.0,0.0,0.0,0.0,
2020-08-03T10:00:00Z,30.0,30.0,12.881,14.0,19.5,19.5,,,13.044,12.84,13.3,,,6.84,6.84,6.84,,,,0.153,,,,2.035,4.21,0.0,,,0.0,,,,,,0.034,1978.0,2007.0,0.0,0.0,0.0,0.0,0.0,30.0,0.0,0.0,0.0,0.0,0.0,0.0,0.0,0.0,0.0,0.0,
2020-08-03T11:00:00Z,29.0,29.0,0.816,4.71,19.5,19.5,,,12.827,12.79,12.87,,,6.84,6.84,6.84,,,,0.038,,,,0.039,0.33,0.0,,,0.0,,,,,,0.001,2008.0,2036.0,0.0,0.0,0.0,0.0,0.0,29.0,0.0,0.0,0.0,0.0,0.0,0.0,0.0,0.0,0.0,0.0,
2020-08-03T12:00:00Z,30.0,30.0,0.0,0.0,19.5,19.5,,,12.796,12.76,12.82,,,6.84,6.84,6.84,,,,0.035,,,,0.0,0.0,0.0,,,0.0,,,,,,0.0,2037.0,2066.0,0.0,0.0,0.0,0.0,0.0,30.0,0.0,0.0,0.0,0.0,0.0,0.0,0.0,0.0,0.0,0.0,
2020-08-03T13:00:00Z,29.0,29.0,0.0,0.0,19.5,19.5,,,12.772,12.74,12.81,,,6.84,6.84,6.84,,,,0.034,,,,0.0,0.0,0.0,,,0.0,,,,,,0.0,2067.0,2095.0,0.0,0.0,0.0,0.0,0.0,29.0,0.0,0.0,0.0,0.0,0.0,0.0,0.0,0.0,0.0,0.0,
2020-08-03T14:00:00Z,30.0,30.0,0.0,0.0,19.5,19.5,,,12.758,12.72,12.78,,,6.84,6.84,6.84,,,,0.034,,,,0.0,0.0,0.0,,,0.0,,,,,,0.0,2096.0,2125.0,0.0,0.0,0.0,0.0,0.0,30.0,0.0,0.0,0.0,0.0,0.0,0.0,0.0,0.0,0.0,0.0,
2020-08-03T15:00:00Z,30.0,30.0,0.0,0.0,19.5,19.5,,,12.736,12.72,12.75,,,6.84,6.84,6.84,,,,0.032,,,,0.0,0.0,0.0,,,0.0,,,,,,0.0,2126.0,2155.0,0.0,0.0,0.0,0.0,0.0,30.0,0.0,0.0,0.0,0.0,0.0,0.0,0.0,0.0,0.0,0.0,
2020-08-03T16:00:00Z,27.0,27.0,0.0,0.0,19.5,19.5,,,12.719,12.69,12.73,,,6.84,6.84,6.84,,,,0.035,,,,0.0,0.0,0.0,,,0.0,,,,,,0.0,2156.0,2184.0,0.0,0.0,0.0,0.0,0.0,27.0,0.0,0.0,0.0,0.0,0.0,0.0,0.0,0.0,0.0,0.0,
2020-08-03T17:00:00Z,30.0,30.0,0.0,0.0,19.5,19.5,,,12.699,12.69,12.72,,,6.84,6.84,6.84,,,,0.03,,,,0.0,0.0,0.0,,,0.0,,,,,,0.0,2185.0,2214.0,0.0,0.0,0.0,0.0,0.0,30.0,0.0,0.0,0.0,0.0,0.0,0.0,0.0,0.0,0.0,0.0,
2020-08-03T18:00:00Z,29.0,29.0,0.0,0.0,19.5,19.5,,,12.679,12.67,12.69,,,6.84,6.84,6.84,,,,0.028,,,,0.0,0.0,0.0,,,0.0,,,,,,0.0,2215.0,2243.0,0.0,0.0,0.0,0.0,0.0,29.0,0.0,0.0,0.0,0.0,0.0,0.0,0.0,0.0,0.0,0.0,
2020-08-03T19:00:00Z,30.0,30.0,0.0,0.0,19.5,19.5,,,12.658,12.65,12.67,,,6.84,6.84,6.84,,,,0.029,,,,0.0,0.0,0.0,,,0.0,,,,,,0.0,2244.0,2273.0,0.0,0.0,0.0,0.0,0.0,30.0,0.0,0.0,0.0,0.0,0.0,0.0,0.0,0.0,0.0,0.0,
2020-08-03T20:00:00Z,29.0,29.0,0.0,0.0,19.5,19.5,,,12.637,12.63,12.66,,,6.84,6.84,6.84,,,,0.03,,,,0.0,0.0,0.0,,,0.0,,,,,,0.0,2274.0,2302.0,0.0,0.0,0.0,0.0,0.0,29.0,0.0,0.0,0.0,0.0,0.0,0.0,0.0,0.0,0.0,0.0,
2020-08-03T21:00:00Z,30.0,30.0,0.0,0.0,19.5,19.5,,,12.618,12.6,12.63,,,6.84,6.84,6.84,,,,0.031,,,,0.0,0.0,0.0,,,0.0,,,,,,0.0,2303.0,2332.0,0.0,0.0,0.0,0.0,0.0,30.0,0.0,0.0,0.0,0.0,0.0,0.0,0.0,0.0,0.0,0.0,
2020-08-03T22:00:00Z,29.0,29.0,2.353,12.92,19.5,19.5,,,12.598,12.58,12.61,,,6.84,6.84,6.84,,,,0.034,,,,0.117,0.74,0.0,,,0.0,,,,,,0.002,2333.0,2361.0,0.0,0.0,0.0,0.0,0.0,29.0,0.0,0.0,0.0,0.0,0.0,0.0,0.0,0.0,0.0,0.0,
2020-08-03T23:00:00Z,30.0,30.0,13.148,13.62,19.5,19.5,,,12.807,12.59,12.92,,,6.84,6.84,6.84,,,,0.178,,,,2.329,3.85,0.0,,,0.0,,,,,,0.039,2362.0,2391.0,0.0,0.0,0.0,0.0,0.0,30.0,0.0,0.0,0.0,0.0,0.0,0.0,0.0,0.0,0.0,0.0,
2020-08-04T00:00:00Z,29.0,29.0,13.555,14.21,19.5,19.5,,,13.225,12.93,13.47,,,6.84,6.84,6.84,,,,0.472,,,,6.423,9.47,0.0,,,0.0,,,,,,0.103,2392.0,2420.0,0.0,0.0,0.0,0.0,0.0,29.0,0.0,0.0,0.0,0.0,0.0,0.0,0.0,0.0,0.0,0.0,
2020-08-04T01:00:00Z,25.0,25.0,13.936,14.51,19.5,19.5,,,13.544,13.49,13.62,,,6.84,6.84,6.84,,,,0.824,,,,11.461,14.01,0.0,,,0.0,,,,,,0.159,2421.0,2449.0,0.0,0.0,0.0,0.0,0.0,25.0,0.0,0.0,0.0,0.0,0.0,0.0,0.0,0.0,0.0,0.0,
2020-08-04T02:00:00Z,25.0,25.0,14.321,15.67,19.5,19.5,,,13.86,13.57,14.67,,,6.84,6.84,6.84,,,,1.258,,,,18.238,35.01,0.0,,,0.0,,,,,,0.253,2453.0,2478.0,0.0,0.0,0.0,0.0,0.0,25.0,0.0,0.0,0.0,0.0,0.0,0.0,0.0,0.0,0.0,0.0,
2020-08-04T03:00:00Z,14.0,14.0,14.68,15.63,19.5,19.5,,,14.181,13.94,14.63,,,6.84,6.84,6.84,,,,1.31,,,,19.259,22.5,0.0,,,0.0,,,,,,0.15,2483.0,2503.0,0.0,0.0,0.0,0.0,0.0,14.0,0.0,0.0,0.0,0.0,0.0,0.0,0.0,0.0,0.0,0.0,
2020-08-04T04:00:00Z,24.0,24.0,15.619,21.12,19.5,19.5,,,14.36,13.47,14.84,,,6.84,6.84,6.84,,,,0.836,,,,12.846,24.54,0.0,,,0.0,,,,,,0.171,2511.0,2535.0,0.0,0.0,0.0,0.0,0.0,24.0,0.0,0.0,0.0,0.0,0.0,0.0,0.0,0.0,0.0,0.0,
2020-08-04T05:00:00Z,30.0,30.0,18.951,21.03,19.5,19.5,,,14.689,14.44,14.99,,,6.84,6.84,6.84,,,,1.048,,,,19.859,76.64,0.0,,,0.0,,,,,,0.331,2536.0,2565.0,0.0,0.0,0.0,0.0,0.0,30.0,0.0,0.0,0.0,0.0,0.0,0.0,0.0,0.0,0.0,0.0,
2020-08-04T06:00:00Z,29.0,29.0,18.398,21.18,19.5,19.5,,,14.72,14.46,14.9,,,6.84,6.84,6.84,,,,0.567,,,,9.668,23.5,0.0,,,0.0,,,,,,0.156,2566.0,2594.0,0.0,0.0,0.0,0.0,0.0,29.0,0.0,0.0,0.0,0.0,0.0,0.0,0.0,0.0,0.0,0.0,
2020-08-04T07:00:00Z,24.0,24.0,18.942,21.61,19.5,19.5,,,14.75,14.5,15.03,,,6.84,6.84,6.84,,,,0.733,,,,13.736,55.78,0.0,,,0.0,,,,,,0.183,2595.0,2623.0,0.0,0.0,0.0,0.0,0.0,24.0,0.0,0.0,0.0,0.0,0.0,0.0,0.0,0.0,0.0,0.0,
2020-08-04T08:00:00Z,29.0,29.0,16.657,21.61,19.5,19.5,,,14.367,13.55,14.96,,,6.84,6.84,6.84,,,,0.581,,,,9.959,48.28,0.0,,,0.0,,,,,,0.16,2624.0,2653.0,0.0,0.0,0.0,0.0,0.0,29.0,0.0,0.0,0.0,0.0,0.0,0.0,0.0,0.0,0.0,0.0,
2020-08-04T09:00:00Z,29.0,29.0,17.248,21.11,19.5,19.5,,,14.4,13.45,14.98,,,6.84,6.84,6.84,,,,0.441,,,,7.303,22.93,0.0,,,0.0,,,,,,0.118,2654.0,2682.0,0.0,0.0,0.0,0.0,0.0,29.0,0.0,0.0,0.0,0.0,0.0,0.0,0.0,0.0,0.0,0.0,
2020-08-04T10:00:00Z,30.0,30.0,13.559,14.11,19.5,19.5,,,13.176,12.85,13.47,,,6.84,6.84,6.84,,,,0.21,,,,2.861,5.12,0.0,,,0.0,,,,,,0.048,2683.0,2712.0,0.0,0.0,0.0,0.0,0.0,30.0,0.0,0.0,0.0,0.0,0.0,0.0,0.0,0.0,0.0,0.0,
2020-08-04T11:00:00Z,29.0,29.0,1.674,13.27,19.5,19.5,,,12.839,12.81,12.87,,,6.84,6.84,6.84,,,,0.035,,,,0.074,0.84,0.0,,,0.0,,,,,,0.001,2713.0,2741.0,0.0,0.0,0.0,0.0,0.0,29.0,0.0,0.0,0.0,0.0,0.0,0.0,0.0,0.0,0.0,0.0,
2020-08-04T12:00:00Z,30.0,30.0,0.0,0.0,19.5,19.5,,,12.814,12.79,12.84,,,6.84,6.84,6.84,,,,0.037,,,,0.0,0.0,0.0,,,0.0,,,,,,0.0,2742.0,2771.0,0.0,0.0,0.0,0.0,0.0,30.0,0.0,0.0,0.0,0.0,0.0,0.0,0.0,0.0,0.0,0.0,
2020-08-04T13:00:00Z,28.0,28.0,0.0,0.0,19.5,19.5,,,12.799,12.78,12.83,,,6.84,6.84,6.84,,,,0.026,,,,0.0,0.0,0.0,,,0.0,,,,,,0.0,2772.0,2800.0,0.0,0.0,0.0,0.0,0.0,28.0,0.0,0.0,0.0,0.0,0.0,0.0,0.0,0.0,0.0,0.0,
2020-08-04T14:00:00Z,29.0,29.0,0.0,0.0,19.5,19.5,,,12.778,12.76,12.8,,,6.84,6.84,6.84,,,,0.033,,,,0.0,0.0,0.0,,,0.0,,,,,,0.0,2801.0,2830.0,0.0,0.0,0.0,0.0,0.0,29.0,0.0,0.0,0.0,0.0,0.0,0.0,0.0,0.0,0.0,0.0,
2020-08-04T15:00:00Z,29.0,29.0,0.0,0.0,19.5,19.5,,,12.765,12.75,12.78,,,6.84,6.84,6.84,,,,0.033,,,,0.0,0.0,0.0,,,0.0,,,,,,0.0,2831.0,2859.0,0.0,0.0,0.0,0.0,0.0,29.0,0.0,0.0,0.0,0.0,0.0,0.0,0.0,0.0,0.0,0.0,
2020-08-04T16:00:00Z,30.0,30.0,0.0,0.0,19.5,19.5,,,12.746,12.72,12.77,,,6.84,6.84,6.84,,,,0.03,,,,0.0,0.0,0.0,,,0.0,,,,,,0.0,2860.0,2889.0,0.0,0.0,0.0,0.0,0.0,30.0,0.0,0.0,0.0,0.0,0.0,0.0,0.0,0.0,0.0,0.0,
2020-08-04T17:00:00Z,29.0,29.0,0.0,0.0,19.5,19.5,,,12.73,12.72,12.75,,,6.84,6.84,6.84,,,,0.03,,,,0.0,0.0,0.0,,,0.0,,,,,,0.0,2890.0,2918.0,0.0,0.0,0.0,0.0,0.0,29.0,0.0,0.0,0.0,0.0,0.0,0.0,0.0,0.0,0.0,0.0,
2020-08-04T18:00:00Z,30.0,30.0,0.0,0.0,19.5,19.5,,,12.717,12.7,12.72,,,6.84,6.84,6.84,,,,0.028,,,,0.0,0.0,0.0,,,0.0,,,,,,0.0,2919.0,2948.0,0.0,0.0,0.0,0.0,0.0,30.0,0.0,0.0,0.0,0.0,0.0,0.0,0.0,0.0,0.0,0.0,
2020-08-04T19:00:00Z,29.0,29.0,0.0,0.0,19.5,19.5,,,12.697,12.69,12.72,,,6.84,6.84,6.84,,,,0.027,,,,0.0,0.0,0.0,,,0.0,,,,,,0.0,2949.0,2977.0,0.0,0.0,0.0,0.0,0.0,29.0,0.0,0.0,0.0,0.0,0.0,0.0,0.0,0.0,0.0,0.0,
2020-08-04T20:00:00Z,30.0,30.0,0.0,0.0,19.5,19.5,,,12.686,12.67,12.7,,,6.84,6.84,6.84,,,,0.03,,,,0.0,0.0,0.0,,,0.0,,,,,,0.0,2978.0,3007.0,0.0,0.0,0.0,0.0,0.0,30.0,0.0,0.0,0.0,0.0,0.0,0.0,0.0,0.0,0.0,0.0,
2020-08-04T21:00:00Z,30.0,30.0,0.0,0.0,19.5,19.5,,,12.665,12.65,12.68,,,6.84,6.84,6.84,,,,0.031,,,,0.0,0.0,0.0,,,0.0,,,,,,0.0,3008.0,3037.0,0.0,0.0,0.0,0.0,0.0,30.0,0.0,0.0,0.0,0.0,0.0,0.0,0.0,0.0,0.0,0.0,
2020-08-04T22:00:00Z,28.0,28.0,2.412,13.23,19.5,19.5,,,12.646,12.63,12.67,,,6.84,6.84,6.84,,,,0.036,,,,0.118,0.8,0.0,,,0.0,,,,,,0.002,3038.0,3066.0,0.0,0.0,0.0,0.0,0.0,28.0,0.0,0.0,0.0,0.0,0.0,0.0,0.0,0.0,0.0,0.0,
2020-08-04T23:00:00Z,30.0,30.0,13.22,13.83,19.5,19.5,,,12.898,12.65,13.09,,,6.84,6.84,6.84,,,,0.218,,,,2.882,5.28,0.0,,,0.0,,,,,,0.048,3067.0,3096.0,0.0,0.0,0.0,0.0,0.0,30.0,0.0,0.0,0.0,0.0,0.0,0.0,0.0,0.0,0.0,0.0,
2020-08-05T00:00:00Z,29.0,29.0,13.713,14.28,19.5,19.5,,,13.362,13.12,13.54,,,6.84,6.84,6.84,,,,0.584,,,,8.033,12.01,0.0,,,0.0,,,,,,0.129,3097.0,3125.0,0.0,0.0,0.0,0.0,0.0,29.0,0.0,0.0,0.0,0.0,0.0,0.0,0.0,0.0,0.0,0.0,
2020-08-05T01:00:00Z,26.0,26.0,13.954,14.45,19.5,19.5,,,13.482,13.36,13.65,,,6.84,6.84,6.84,,,,0.7,,,,9.8,13.64,0.0,,,0.0,,,,,,0.142,3126.0,3154.0,0.0,0.0,0.0,0.0,0.0,26.0,0.0,0.0,0.0,0.0,0.0,0.0,0.0,0.0,0.0,0.0,
2020-08-05T02:00:00Z,28.0,8.0,14.691,20.42,11.785,19.5,,,13.998,13.65,14.69,,,4.89,4.07,6.84,,,,1.363,,,,19.936,33.55,9.622,,,0.099,29.975,28.7,30.5,,,0.31,1.0,3163.0,0.0,0.0,0.0,0.0,0.0,8.0,0.0,0.0,0.0,0.0,0.0,0.0,0.0,0.0,0.0,0.0,
2020-08-05T03:00:00Z,21.0,0.0,17.634,20.98,12.003,12.36,,,14.51,14.14,14.78,,,4.124,4.12,4.13,,,,1.2,,,,20.376,44.81,13.868,,,0.174,30.714,30.5,31.0,,,0.238,21.0,49.0,0.0,0.0,0.0,0.0,0.0,0.0,0.0,0.0,0.0,0.0,0.0,0.0,0.0,0.0,0.0,0.0,
2020-08-05T04:00:00Z,30.0,0.0,19.009,21.23,10.455,12.5,,,14.658,14.4,15.12,,,4.128,4.12,4.13,,,,0.611,,,,10.867,36.68,13.989,,,3.528,31.193,30.9,31.5,,,0.181,50.0,79.0,0.0,0.0,0.0,0.0,0.0,0.0,0.0,0.0,0.0,0.0,0.0,0.0,0.0,0.0,0.0,0.0,
2020-08-05T05:00:00Z,29.0,0.0,16.273,21.02,4.536,4.63,,,14.496,13.85,14.86,,,4.123,4.12,4.13,,,,0.507,,,,8.156,18.11,13.836,,,1.161,31.362,31.2,31.7,,,0.131,80.0,108.0,0.0,0.0,0.0,0.0,0.0,0.0,0.0,0.0,0.0,0.0,0.0,0.0,0.0,0.0,0.0,0.0,
2020-08-05T06:00:00Z,22.0,0.0,18.88,21.23,7.563,12.06,,,14.648,13.85,14.95,,,4.128,4.12,4.14,,,,0.463,,,,8.348,24.61,13.991,,,2.198,31.977,31.7,32.1,,,0.102,109.0,137.0,0.0,0.0,0.0,0.0,0.0,0.0,0.0,0.0,0.0,0.0,0.0,0.0,0.0,0.0,0.0,0.0,
2020-08-05T07:00:00Z,22.0,0.0,14.867,20.51,4.488,4.56,,,14.095,13.21,14.83,,,4.122,4.12,4.13,,,,0.408,,,,6.218,14.13,13.449,,,10.255,32.036,31.9,32.1,,,0.076,138.0,165.0,0.0,0.0,0.0,0.0,0.0,0.0,0.0,0.0,0.0,0.0,0.0,0.0,0.0,0.0,0.0,0.0,
2020-08-05T08:00:00Z,30.0,0.0,17.621,21.27,5.302,12.08,,,14.548,13.34,14.92,,,4.13,4.12,4.14,,,,0.468,,,,7.89,16.09,13.89,,,9.566,32.197,31.9,32.4,,,0.131,166.0,195.0,0.0,0.0,0.0,0.0,0.0,0.0,0.0,0.0,0.0,0.0,0.0,0.0,0.0,0.0,0.0,0.0,
2020-08-05T09:00:00Z,29.0,0.0,11.629,15.64,3.603,4.53,,,13.249,12.83,14.82,,,4.116,4.1,4.13,,,,0.164,,,,2.247,9.13,12.61,,,8.006,32.148,32.0,32.4,,,0.036,196.0,224.0,0.0,0.0,0.0,0.0,0.0,0.0,0.0,0.0,0.0,0.0,0.0,0.0,0.0,0.0,0.0,0.0,
2020-08-05T10:00:00Z,30.0,0.0,1.791,4.25,0.287,1.55,,,12.834,12.82,12.85,,,4.095,4.09,4.11,,,,0.039,,,,0.056,0.16,12.213,,,6.478,31.207,30.9,31.9,,,0.001,225.0,254.0,0.0,0.0,0.0,0.0,0.0,0.0,0.0,0.0,0.0,0.0,0.0,0.0,0.0,0.0,0.0,0.0,
2020-08-05T11:00:00Z,30.0,0.0,0.538,3.91,0.025,0.74,,,12.819,12.78,12.84,,,4.078,4.07,4.09,,,,0.031,,,,0.022,0.29,12.186,,,2.482,30.807,30.7,30.9,,,0.0,255.0,284.0,0.0,0.0,0.0,0.0,0.0,0.0,0.0,0.0,0.0,0.0,0.0,0.0,0.0,0.0,0.0,0.0,
2020-08-05T12:00:00Z,29.0,0.0,0.0,0.0,0.0,0.0,,,12.793,12.75,12.83,,,4.064,4.06,4.07,,,,0.023,,,,0.0,0.0,12.169,,,8.32,30.569,30.3,30.9,,,0.0,285.0,313.0,0.0,0.0,0.0,0.0,0.0,0.0,0.0,0.0,0.0,0.0,0.0,0.0,0.0,0.0,0.0,0.0,
2020-08-05T13:00:00Z,30.0,0.0,0.0,0.0,0.0,0.0,,,12.778,12.76,12.79,,,4.051,4.04,4.06,,,,0.026,,,,0.0,0.0,12.144,,,5.926,30.15,30.0,30.4,,,0.0,314.0,343.0,0.0,0.0,0.0,0.0,0.0,0.0,0.0,0.0,0.0,0.0,0.0,0.0,0.0,0.0,0.0,0.0,
2020-08-05T14:00:00Z,29.0,0.0,0.0,0.0,0.0,0.0,,,12.76,12.74,12.78,,,4.04,4.04,4.05,,,,0.036,,,,0.0,0.0,12.13,,,3.033,29.834,29.7,30.0,,,0.0,344.0,372.0,0.0,0.0,0.0,0.0,0.0,0.0,0.0,0.0,0.0,0.0,0.0,0.0,0.0,0.0,0.0,0.0,
2020-08-05T15:00:00Z,30.0,0.0,0.0,0.0,0.0,0.0,,,12.743,12.72,12.77,,,4.031,4.03,4.04,,,,0.031,,,,0.0,0.0,12.11,,,2.301,29.633,29.5,29.7,,,0.0,373.0,402.0,0.0,0.0,0.0,0.0,0.0,0.0,0.0,0.0,0.0,0.0,0.0,0.0,0.0,0.0,0.0,0.0,
2020-08-05T16:00:00Z,29.0,0.0,0.0,0.0,0.0,0.0,,,12.723,12.71,12.74,,,4.024,4.02,4.03,,,,0.03,,,,0.0,0.0,12.092,,,0.934,29.441,29.4,29.5,,,0.0,403.0,431.0,0.0,0.0,0.0,0.0,0.0,0.0,0.0,0.0,0.0,0.0,0.0,0.0,0.0,0.0,0.0,0.0,
2020-08-05T17:00:00Z,30.0,0.0,0.0,0.0,0.0,0.0,,,12.705,12.69,12.72,,,4.015,4.01,4.02,,,,0.033,,,,0.0,0.0,12.074,,,2.659,29.347,29.3,29.4,,,0.0,432.0,461.0,0.0,0.0,0.0,0.0,0.0,0.0,0.0,0.0,0.0,0.0,0.0,0.0,0.0,0.0,0.0,0.0,
2020-08-05T18:00:00Z,29.0,0.0,0.0,0.0,0.0,0.0,,,12.687,12.67,12.7,,,4.01,4.01,4.01,,,,0.029,,,,0.0,0.0,12.053,,,2.426,29.193,29.0,29.3,,,0.0,462.0,490.0,0.0,0.0,0.0,0.0,0.0,0.0,0.0,0.0,0.0,0.0,0.0,0.0,0.0,0.0,0.0,0.0,
2020-08-05T19:00:00Z,30.0,0.0,0.0,0.0,0.0,0.0,,,12.666,12.65,12.68,,,4.001,4.0,4.01,,,,0.031,,,,0.0,0.0,12.041,,,2.73,28.95,28.8,29.1,,,0.0,491.0,520.0,0.0,0.0,0.0,0.0,0.0,0.0,0.0,0.0,0.0,0.0,0.0,0.0,0.0,0.0,0.0,0.0,
2020-08-05T20:00:00Z,30.0,0.0,0.0,0.0,0.0,0.0,,,12.647,12.63,12.66,,,3.999,3.99,4.0,,,,0.03,,,,0.0,0.0,12.022,,,0.732,28.783,28.7,28.9,,,0.0,521.0,550.0,0.0,0.0,0.0,0.0,0.0,0.0,0.0,0.0,0.0,0.0,0.0,0.0,0.0,0.0,0.0,0.0,
2020-08-05T21:00:00Z,29.0,0.0,0.0,0.0,0.0,0.0,,,12.628,12.62,12.64,,,3.991,3.99,4.0,,,,0.031,,,,0.0,0.0,11.998,,,0.0,28.593,28.5,28.7,,,0.0,551.0,579.0,0.0,0.0,0.0,0.0,0.0,0.0,0.0,0.0,0.0,0.0,0.0,0.0,0.0,0.0,0.0,0.0,
2020-08-05T22:00:00Z,29.0,0.0,3.123,13.12,1.201,3.95,,,12.619,12.6,12.64,,,3.99,3.99,3.99,,,,0.041,,,,0.169,1.03,11.989,,,0.0,28.486,28.4,28.9,,,0.003,580.0,609.0,0.0,0.0,0.0,0.0,0.0,0.0,0.0,0.0,0.0,0.0,0.0,0.0,0.0,0.0,0.0,0.0,
2020-08-05T23:00:00Z,29.0,0.0,13.194,13.76,4.135,4.33,,,12.872,12.63,13.05,,,3.986,3.98,3.99,,,,0.211,,,,2.794,4.61,12.238,,,0.0,29.259,29.0,29.3,,,0.045,610.0,638.0,0.0,0.0,0.0,0.0,0.0,0.0,0.0,0.0,0.0,0.0,0.0,0.0,0.0,0.0,0.0,0.0,
2020-08-06T00:00:00Z,30.0,0.0,13.622,14.07,4.357,4.41,,,13.274,13.07,13.44,,,3.991,3.99,4.0,,,,0.456,,,,6.197,7.61,12.635,,,0.0,29.297,29.2,29.3,,,0.103,639.0,668.0,0.0,0.0,0.0,0.0,0.0,0.0,0.0,0.0,0.0,0.0,0.0,0.0,0.0,0.0,0.0,0.0,
2020-08-06T01:00:00Z,25.0,0.0,14.144,14.87,4.536,4.64,,,13.667,13.45,14.03,,,4.028,4.0,4.06,,,,1.041,,,,14.778,26.73,13.02,,,0.0,29.3,29.3,29.3,,,0.205,672.0,697.0,0.0,0.0,0.0,0.0,0.0,0.0,0.0,0.0,0.0,0.0,0.0,0.0,0.0,0.0,0.0,0.0,
2020-08-06T02:00:00Z,29.0,0.0,14.352,14.93,6.158,12.2,,,13.828,13.7,14.08,,,4.091,4.06,4.12,,,,1.206,,,,17.343,22.68,13.181,,,0.0,29.338,29.3,29.5,,,0.279,698.0,726.0,0.0,0.0,0.0,0.0,0.0,0.0,0.0,0.0,0.0,0.0,0.0,0.0,0.0,0.0,0.0,0.0,
2020-08-06T03:00:00Z,24.0,0.0,17.231,21.38,11.964,13.14,,,14.394,13.89,15.03,,,4.122,4.12,4.13,,,,1.222,,,,19.949,43.22,13.701,,,2.767,29.675,29.4,30.0,,,0.266,727.0,755.0,0.0,0.0,0.0,0.0,0.0,0.0,0.0,0.0,0.0,0.0,0.0,0.0,0.0,0.0,0.0,0.0,
2020-08-06T04:00:00Z,30.0,0.0,18.457,21.3,11.801,12.84,,,14.689,14.41,15.13,,,4.128,4.12,4.13,,,,1.037,,,,18.376,69.77,14.002,,,1.12,30.197,29.8,30.5,,,0.306,756.0,785.0,0.0,0.0,0.0,0.0,0.0,0.0,0.0,0.0,0.0,0.0,0.0,0.0,0.0,0.0,0.0,0.0,
2020-08-06T05:00:00Z,29.0,0.0,19.089,21.43,11.406,13.09,,,14.743,14.48,15.12,,,4.129,4.12,4.13,,,,0.972,,,,17.491,73.74,14.078,,,5.088,30.731,30.5,30.9,,,0.282,786.0,814.0,0.0,0.0,0.0,0.0,0.0,0.0,0.0,0.0,0.0,0.0,0.0,0.0,0.0,0.0,0.0,0.0,
2020-08-06T06:00:00Z,28.0,0.0,19.607,21.45,10.276,12.78,,,14.675,14.49,15.06,,,4.127,4.12,4.13,,,,0.379,,,,7.004,43.01,13.979,,,9.703,31.225,30.9,31.5,,,0.109,815.0,844.0,0.0,0.0,0.0,0.0,0.0,0.0,0.0,0.0,0.0,0.0,0.0,0.0,0.0,0.0,0.0,0.0,
2020-08-06T07:00:00Z,26.0,0.0,19.953,21.38,11.801,12.71,,,14.645,14.51,14.94,,,4.13,4.13,4.14,,,,0.478,,,,8.923,42.43,13.982,,,8.442,31.765,31.3,32.0,,,0.129,845.0,873.0,0.0,0.0,0.0,0.0,0.0,0.0,0.0,0.0,0.0,0.0,0.0,0.0,0.0,0.0,0.0,0.0,
2020-08-06T08:00:00Z,28.0,0.0,15.985,21.13,5.538,12.33,,,14.03,13.26,14.93,,,4.122,4.12,4.13,,,,0.353,,,,5.669,17.92,13.381,,,8.497,31.889,31.7,32.1,,,0.088,874.0,902.0,0.0,0.0,0.0,0.0,0.0,0.0,0.0,0.0,0.0,0.0,0.0,0.0,0.0,0.0,0.0,0.0,
2020-08-06T09:00:00Z,30.0,0.0,13.914,14.96,4.404,4.49,,,13.55,12.95,14.18,,,4.124,4.12,4.13,,,,0.323,,,,4.522,6.31,12.918,,,0.0,31.813,31.7,32.0,,,0.075,903.0,932.0,0.0,0.0,0.0,0.0,0.0,0.0,0.0,0.0,0.0,0.0,0.0,0.0,0.0,0.0,0.0,0.0,
2020-08-06T10:00:00Z,29.0,0.0,8.475,13.55,2.88,4.04,,,12.849,12.81,12.93,,,4.109,4.1,4.12,,,,0.067,,,,0.664,1.72,12.224,,,0.0,31.852,31.3,32.0,,,0.011,933.0,961.0,0.0,0.0,0.0,0.0,0.0,0.0,0.0,0.0,0.0,0.0,0.0,0.0,0.0,0.0,0.0,0.0,
2020-08-06T11:00:00Z,30.0,0.0,0.322,3.35,0.101,1.12,,,12.823,12.79,12.84,,,4.09,4.08,4.1,,,,0.035,,,,0.011,0.1,12.199,,,3.095,31.043,30.9,31.3,,,0.0,962.0,991.0,0.0,0.0,0.0,0.0,0.0,0.0,0.0,0.0,0.0,0.0,0.0,0.0,0.0,0.0,0.0,0.0,
2020-08-06T12:00:00Z,29.0,0.0,0.0,0.0,0.0,0.0,,,12.798,12.77,12.83,,,4.074,4.07,4.08,,,,0.034,,,,0.0,0.0,12.173,,,1.157,30.9,30.9,30.9,,,0.0,992.0,1020.0,0.0,0.0,0.0,0.0,0.0,0.0,0.0,0.0,0.0,0.0,0.0,0.0,0.0,0.0,0.0,0.0,
2020-08-06T13:00:00Z,30.0,0.0,0.0,0.0,0.0,0.0,,,12.786,12.76,12.81,,,4.058,4.05,4.07,,,,0.03,,,,0.0,0.0,12.158,,,4.551,30.663,30.5,30.9,,,0.0,1021.0,1050.0,0.0,0.0,0.0,0.0,0.0,0.0,0.0,0.0,0.0,0.0,0.0,0.0,0.0,0.0,0.0,0.0,
2020-08-06T14:00:00Z,29.0,0.0,0.0,0.0,0.0,0.0,,,12.769,12.75,12.78,,,4.046,4.04,4.05,,,,0.033,,,,0.0,0.0,12.139,,,4.856,30.39,30.2,30.5,,,0.0,1051.0,1079.0,0.0,0.0,0.0,0.0,0.0,0.0,0.0,0.0,0.0,0.0,0.0,0.0,0.0,0.0,0.0,0.0,
2020-08-06T15:00:00Z,30.0,0.0,0.0,0.0,0.0,0.0,,,12.749,12.73,12.77,,,4.038,4.03,4.04,,,,0.033,,,,0.0,0.0,12.117,,,5.157,30.093,29.9,30.2,,,0.0,1080.0,1109.0,0.0,0.0,0.0,0.0,0.0,0.0,0.0,0.0,0.0,0.0,0.0,0.0,0.0,0.0,0.0,0.0,
2020-08-06T16:00:00Z,30.0,0.0,0.0,0.0,0.0,0.0,,,12.737,12.72,12.75,,,4.03,4.03,4.03,,,,0.03,,,,0.0,0.0,12.107,,,0.206,29.783,29.7,29.9,,,0.0,1110.0,1139.0,0.0,0.0,0.0,0.0,0.0,0.0,0.0,0.0,0.0,0.0,0.0,0.0,0.0,0.0,0.0,0.0,
2020-08-06T17:00:00Z,29.0,0.0,0.0,0.0,0.0,0.0,,,12.717,12.7,12.74,,,4.021,4.02,4.03,,,,0.027,,,,0.0,0.0,12.087,,,0.58,29.603,29.5,29.7,,,0.0,1140.0,1168.0,0.0,0.0,0.0,0.0,0.0,0.0,0.0,0.0,0.0,0.0,0.0,0.0,0.0,0.0,0.0,0.0,
2020-08-06T18:00:00Z,30.0,0.0,0.0,0.0,0.0,0.0,,,12.699,12.68,12.72,,,4.011,4.01,4.02,,,,0.027,,,,0.0,0.0,12.074,,,0.038,29.437,29.4,29.5,,,0.0,1169.0,1198.0,0.0,0.0,0.0,0.0,0.0,0.0,0.0,0.0,0.0,0.0,0.0,0.0,0.0,0.0,0.0,0.0,
2020-08-06T19:00:00Z,29.0,0.0,0.0,0.0,0.0,0.0,,,12.685,12.67,12.69,,,4.008,4.0,4.01,,,,0.029,,,,0.0,0.0,12.056,,,0.0,29.345,29.3,29.4,,,0.0,1199.0,1227.0,0.0,0.0,0.0,0.0,0.0,0.0,0.0,0.0,0.0,0.0,0.0,0.0,0.0,0.0,0.0,0.0,
2020-08-06T20:00:00Z,30.0,0.0,0.0,0.0,0.0,0.0,,,12.666,12.66,12.68,,,4.0,4.0,4.0,,,,0.031,,,,0.0,0.0,12.045,,,0.0,29.21,29.1,29.3,,,0.0,1228.0,1257.0,0.0,0.0,0.0,0.0,0.0,0.0,0.0,0.0,0.0,0.0,0.0,0.0,0.0,0.0,0.0,0.0,
2020-08-06T21:00:00Z,26.0,0.0,0.0,0.0,0.0,0.0,,,12.647,12.64,12.66,,,3.996,3.99,4.0,,,,0.03,,,,0.0,0.0,12.021,,,0.0,28.954,28.8,29.1,,,0.0,1258.0,1286.0,0.0,0.0,0.0,0.0,0.0,0.0,0.0,0.0,0.0,0.0,0.0,0.0,0.0,0.0,0.0,0.0,
2020-08-06T22:00:00Z,30.0,0.0,1.877,9.36,0.69,3.3,,,12.628,12.62,12.64,,,3.99,3.99,3.99,,,,0.035,,,,0.088,0.53,12.0,,,0.0,28.81,28.7,29.0,,,0.001,1287.0,1316.0,0.0,0.0,0.0,0.0,0.0,0.0,0.0,0.0,0.0,0.0,0.0,0.0,0.0,0.0,0.0,0.0,
2020-08-06T23:00:00Z,30.0,0.0,12.965,13.59,3.824,4.26,,,12.732,12.61,12.9,,,3.988,3.98,3.99,,,,0.125,,,,1.619,3.22,12.103,,,0.0,29.41,29.1,29.5,,,0.027,1317.0,1346.0,0.0,0.0,0.0,0.0,0.0,0.0,0.0,0.0,0.0,0.0,0.0,0.0,0.0,0.0,0.0,0.0,
2020-08-07T00:00:00Z,29.0,0.0,13.392,13.84,4.313,4.38,,,12.993,12.9,13.12,,,3.99,3.98,3.99,,,,0.306,,,,4.109,5.44,12.362,,,0.0,29.421,29.4,29.5,,,0.066,1347.0,1375.0,0.0,0.0,0.0,0.0,0.0,0.0,0.0,0.0,0.0,0.0,0.0,0.0,0.0,0.0,0.0,0.0,
2020-08-07T01:00:00Z,26.0,0.0,13.904,14.4,4.446,4.61,,,13.475,13.22,13.79,,,4.01,3.99,4.03,,,,0.692,,,,9.62,20.0,12.837,,,0.06,29.404,29.3,29.5,,,0.139,1376.0,1404.0,0.0,0.0,0.0,0.0,0.0,0.0,0.0,0.0,0.0,0.0,0.0,0.0,0.0,0.0,0.0,0.0,
2020-08-07T02:00:00Z,13.0,0.0,14.333,15.02,4.578,4.69,,,13.785,13.51,14.41,,,4.064,4.03,4.11,,,,1.165,,,,16.748,34.04,13.139,,,0.516,29.469,29.3,29.6,,,0.121,1408.0,1431.0,0.0,0.0,0.0,0.0,0.0,0.0,0.0,0.0,0.0,0.0,0.0,0.0,0.0,0.0,0.0,0.0,
2020-08-07T03:00:00Z,19.0,0.0,17.112,21.3,10.977,12.7,,,14.458,13.72,15.12,,,4.117,4.09,4.12,,,,1.398,,,,23.01,57.35,13.78,,,2.356,29.826,29.5,30.0,,,0.243,1432.0,1460.0,0.0,0.0,0.0,0.0,0.0,0.0,0.0,0.0,0.0,0.0,0.0,0.0,0.0,0.0,0.0,0.0,
2020-08-07T04:00:00Z,20.0,0.0,19.405,21.25,12.121,12.45,,,14.638,14.4,14.87,,,4.123,4.12,4.13,,,,0.855,,,,16.102,55.62,13.968,,,1.345,30.39,30.1,30.6,,,0.179,1462.0,1488.0,0.0,0.0,0.0,0.0,0.0,0.0,0.0,0.0,0.0,0.0,0.0,0.0,0.0,0.0,0.0,0.0,
2020-08-07T05:00:00Z,30.0,0.0,19.662,21.42,11.777,12.74,,,14.661,14.51,15.06,,,4.128,4.12,4.13,,,,0.693,,,,12.957,45.1,13.992,,,0.755,30.777,30.5,31.0,,,0.216,1489.0,1518.0,0.0,0.0,0.0,0.0,0.0,0.0,0.0,0.0,0.0,0.0,0.0,0.0,0.0,0.0,0.0,0.0,
2020-08-07T06:00:00Z,19.0,0.0,19.361,21.12,11.949,12.22,,,14.673,14.51,15.02,,,4.129,4.12,4.13,,,,0.486,,,,8.404,29.06,13.966,,,1.239,31.211,30.9,31.5,,,0.089,1519.0,1544.0,0.0,0.0,0.0,0.0,0.0,0.0,0.0,0.0,0.0,0.0,0.0,0.0,0.0,0.0,0.0,0.0,
2020-08-07T07:00:00Z,29.0,0.0,19.746,21.13,10.764,12.34,,,14.666,14.5,15.09,,,4.128,4.12,4.13,,,,0.504,,,,9.608,44.39,14.013,,,0.9,31.731,31.6,31.9,,,0.155,1547.0,1575.0,0.0,0.0,0.0,0.0,0.0,0.0,0.0,0.0,0.0,0.0,0.0,0.0,0.0,0.0,0.0,0.0,
2020-08-07T08:00:00Z,30.0,0.0,17.173,21.48,5.033,12.32,,,14.804,14.54,14.95,,,4.124,4.12,4.14,,,,0.496,,,,8.157,15.94,14.133,,,2.214,31.903,31.7,32.0,,,0.136,1576.0,1605.0,0.0,0.0,0.0,0.0,0.0,0.0,0.0,0.0,0.0,0.0,0.0,0.0,0.0,0.0,0.0,0.0,
2020-08-07T09:00:00Z,30.0,0.0,16.458,21.16,4.516,4.62,,,14.493,13.6,14.87,,,4.128,4.12,4.13,,,,0.442,,,,7.184,20.95,13.841,,,2.966,32.093,32.0,32.1,,,0.12,1606.0,1635.0,0.0,0.0,0.0,0.0,0.0,0.0,0.0,0.0,0.0,0.0,0.0,0.0,0.0,0.0,0.0,0.0,
2020-08-07T10:00:00Z,29.0,0.0,13.484,14.28,4.172,4.46,,,13.163,12.85,13.56,,,4.12,4.11,4.13,,,,0.196,,,,2.667,4.63,12.531,,,4.538,32.128,32.1,32.2,,,0.043,1636.0,1664.0,0.0,0.0,0.0,0.0,0.0,0.0,0.0,0.0,0.0,0.0,0.0,0.0,0.0,0.0,0.0,0.0,
2020-08-07T11:00:00Z,30.0,0.0,1.454,13.27,0.559,3.78,,,12.838,12.81,12.87,,,4.1,4.09,4.11,,,,0.039,,,,0.073,1.14,12.219,,,3.856,31.677,31.3,32.2,,,0.001,1665.0,1694.0,0.0,0.0,0.0,0.0,0.0,0.0,0.0,0.0,0.0,0.0,0.0,0.0,0.0,0.0,0.0,0.0,
2020-08-07T12:00:00Z,29.0,0.0,0.0,0.0,0.0,0.0,,,12.819,12.78,12.84,,,4.083,4.08,4.09,,,,0.031,,,,0.0,0.0,12.192,,,0.0,31.3,31.2,31.4,,,0.0,1695.0,1723.0,0.0,0.0,0.0,0.0,0.0,0.0,0.0,0.0,0.0,0.0,0.0,0.0,0.0,0.0,0.0,0.0,
2020-08-07T13:00:00Z,30.0,0.0,0.0,0.0,0.0,0.0,,,12.798,12.77,12.82,,,4.068,4.06,4.08,,,,0.032,,,,0.0,0.0,12.171,,,0.0,31.18,31.1,31.3,,,0.0,1724.0,1753.0,0.0,0.0,0.0,0.0,0.0,0.0,0.0,0.0,0.0,0.0,0.0,0.0,0.0,0.0,0.0,0.0,
2020-08-07T14:00:00Z,29.0,0.0,0.0,0.0,0.0,0.0,,,12.783,12.76,12.81,,,4.053,4.05,4.06,,,,0.032,,,,0.0,0.0,12.152,,,0.0,30.959,30.9,31.1,,,0.0,1754.0,1782.0,0.0,0.0,0.0,0.0,0.0,0.0,0.0,0.0,0.0,0.0,0.0,0.0,0.0,0.0,0.0,0.0,
2020-08-07T15:00:00Z,28.0,0.0,0.0,0.0,0.0,0.0,,,12.767,12.75,12.78,,,4.042,4.04,4.05,,,,0.035,,,,0.0,0.0,12.135,,,0.0,30.839,30.7,30.9,,,0.0,1783.0,1812.0,0.0,0.0,0.0,0.0,0.0,0.0,0.0,0.0,0.0,0.0,0.0,0.0,0.0,0.0,0.0,0.0,
2020-08-07T16:00:00Z,30.0,0.0,0.0,0.0,0.0,0.0,,,12.749,12.72,12.77,,,4.035,4.03,4.04,,,,0.029,,,,0.0,0.0,12.119,,,0.0,30.637,30.5,30.8,,,0.0,1813.0,1842.0,0.0,0.0,0.0,0.0,0.0,0.0,0.0,0.0,0.0,0.0,0.0,0.0,0.0,0.0,0.0,0.0,
2020-08-07T17:00:00Z,29.0,0.0,0.0,0.0,0.0,0.0,,,12.733,12.72,12.75,,,4.028,4.02,4.03,,,,0.027,,,,0.0,0.0,12.105,,,0.0,30.407,30.3,30.5,,,0.0,1843.0,1871.0,0.0,0.0,0.0,0.0,0.0,0.0,0.0,0.0,0.0,0.0,0.0,0.0,0.0,0.0,0.0,0.0,
2020-08-07T18:00:00Z,29.0,0.0,0.0,0.0,0.0,0.0,,,12.718,12.7,12.74,,,4.017,4.01,4.02,,,,0.028,,,,0.0,0.0,12.085,,,0.0,30.141,30.1,30.2,,,0.0,1872.0,1901.0,0.0,0.0,0.0,0.0,0.0,0.0,0.0,0.0,0.0,0.0,0.0,0.0,0.0,0.0,0.0,0.0,
2020-08-07T19:00:00Z,29.0,0.0,0.0,0.0,0.0,0.0,,,12.702,12.69,12.72,,,4.01,4.01,4.01,,,,0.027,,,,0.0,0.0,12.076,,,0.0,29.962,29.8,30.1,,,0.0,1902.0,1930.0,0.0,0.0,0.0,0.0,0.0,0.0,0.0,0.0,0.0,0.0,0.0,0.0,0.0,0.0,0.0,0.0,
2020-08-07T20:00:00Z,30.0,0.0,0.0,0.0,0.0,0.0,,,12.682,12.66,12.7,,,4.004,4.0,4.01,,,,0.029,,,,0.0,0.0,12.058,,,0.0,29.73,29.7,29.8,,,0.0,1931.0,1960.0,0.0,0.0,0.0,0.0,0.0,0.0,0.0,0.0,0.0,0.0,0.0,0.0,0.0,0.0,0.0,0.0,
2020-08-07T21:00:00Z,29.0,0.0,0.0,0.0,0.0,0.0,,,12.658,12.64,12.67,,,4.0,4.0,4.0,,,,0.03,,,,0.0,0.0,12.036,,,0.0,29.59,29.5,29.7,,,0.0,1961.0,1989.0,0.0,0.0,0.0,0.0,0.0,0.0,0.0,0.0,0.0,0.0,0.0,0.0,0.0,0.0,0.0,0.0,
2020-08-07T22:00:00Z,30.0,0.0,2.566,12.96,1.035,3.87,,,12.64,12.63,12.66,,,3.995,3.99,4.0,,,,0.037,,,,0.125,0.74,12.017,,,0.0,29.517,29.5,29.7,,,0.002,1990.0,2019.0,0.0,0.0,0.0,0.0,0.0,0.0,0.0,0.0,0.0,0.0,0.0,0.0,0.0,0.0,0.0,0.0,
2020-08-07T23:00:00Z,30.0,0.0,13.161,13.72,4.251,4.41,,,12.85,12.66,12.99,,,3.993,3.99,4.0,,,,0.146,,,,1.921,4.36,12.22,,,0.0,30.183,29.8,30.4,,,0.032,2020.0,2049.0,0.0,0.0,0.0,0.0,0.0,0.0,0.0,0.0,0.0,0.0,0.0,0.0,0.0,0.0,0.0,0.0,
2020-08-08T00:00:00Z,29.0,0.0,13.683,14.59,4.477,4.63,,,13.32,13.01,13.68,,,4.022,4.0,4.05,,,,0.594,,,,8.183,17.81,12.68,,,5.591,30.324,30.2,30.4,,,0.132,2050.0,2078.0,0.0,0.0,0.0,0.0,0.0,0.0,0.0,0.0,0.0,0.0,0.0,0.0,0.0,0.0,0.0,0.0,
2020-08-08T01:00:00Z,30.0,0.0,14.162,15.06,7.308,12.49,,,13.65,13.42,14.02,,,4.091,4.04,4.14,,,,1.172,,,,16.699,30.5,13.01,,,8.594,30.543,30.4,30.8,,,0.278,2079.0,2108.0,0.0,0.0,0.0,0.0,0.0,0.0,0.0,0.0,0.0,0.0,0.0,0.0,0.0,0.0,0.0,0.0,
2020-08-08T02:00:00Z,29.0,0.0,15.597,21.03,10.086,12.56,,,14.1,13.61,14.96,,,4.124,4.12,4.13,,,,1.404,,,,21.721,57.42,13.498,,,5.128,30.79,30.5,31.1,,,0.35,2109.0,2137.0,0.0,0.0,0.0,0.0,0.0,0.0,0.0,0.0,0.0,0.0,0.0,0.0,0.0,0.0,0.0,0.0,
2020-08-08T03:00:00Z,30.0,0.0,15.304,20.93,6.801,12.59,,,13.934,13.28,14.7,,,4.125,4.12,4.13,,,,0.653,,,,10.134,37.06,13.297,,,7.565,31.01,30.8,31.3,,,0.169,2138.0,2167.0,0.0,0.0,0.0,0.0,0.0,0.0,0.0,0.0,0.0,0.0,0.0,0.0,0.0,0.0,0.0,0.0,
2020-08-08T04:00:00Z,29.0,0.0,18.415,21.27,10.312,12.91,,,14.627,14.15,15.34,,,4.137,4.13,4.14,,,,0.762,,,,12.916,46.26,13.933,,,4.946,31.434,30.8,32.0,,,0.208,2168.0,2196.0,0.0,0.0,0.0,0.0,0.0,0.0,0.0,0.0,0.0,0.0,0.0,0.0,0.0,0.0,0.0,0.0,
2020-08-08T05:00:00Z,30.0,0.0,19.802,21.49,11.586,12.83,,,14.689,14.46,15.3,,,4.135,4.12,4.14,,,,0.687,,,,12.703,52.71,13.997,,,9.389,32.017,31.8,32.1,,,0.212,2197.0,2226.0,0.0,0.0,0.0,0.0,0.0,0.0,0.0,0.0,0.0,0.0,0.0,0.0,0.0,0.0,0.0,0.0,
2020-08-08T06:00:00Z,30.0,0.0,19.351,21.44,7.859,12.69,,,14.729,14.5,14.91,,,4.126,4.12,4.13,,,,0.51,,,,9.191,21.78,14.069,,,7.119,32.083,31.9,32.1,,,0.153,2227.0,2256.0,0.0,0.0,0.0,0.0,0.0,0.0,0.0,0.0,0.0,0.0,0.0,0.0,0.0,0.0,0.0,0.0,
2020-08-08T07:00:00Z,29.0,0.0,16.2,20.95,4.53,4.59,,,14.496,13.66,14.89,,,4.125,4.12,4.13,,,,0.483,,,,7.77,18.79,13.831,,,9.064,32.128,32.1,32.2,,,0.125,2257.0,2285.0,0.0,0.0,0.0,0.0,0.0,0.0,0.0,0.0,0.0,0.0,0.0,0.0,0.0,0.0,0.0,0.0,
2020-08-08T08:00:00Z,30.0,0.0,14.635,15.68,4.477,4.52,,,14.164,13.23,14.84,,,4.123,4.12,4.13,,,,0.401,,,,5.906,8.41,13.517,,,2.721,32.103,32.1,32.2,,,0.098,2286.0,2315.0,0.0,0.0,0.0,0.0,0.0,0.0,0.0,0.0,0.0,0.0,0.0,0.0,0.0,0.0,0.0,0.0,
2020-08-08T09:00:00Z,29.0,0.0,13.189,13.55,3.703,4.37,,,12.889,12.83,13.16,,,4.113,4.1,4.12,,,,0.083,,,,1.089,2.81,12.253,,,0.517,32.024,31.9,32.1,,,0.018,2316.0,2344.0,0.0,0.0,0.0,0.0,0.0,0.0,0.0,0.0,0.0,0.0,0.0,0.0,0.0,0.0,0.0,0.0,
2020-08-08T10:00:00Z,30.0,0.0,9.426,13.32,3.183,3.86,,,12.819,12.79,12.84,,,4.093,4.08,4.1,,,,0.048,,,,0.474,1.11,12.19,,,0.0,31.907,31.3,32.0,,,0.008,2345.0,2374.0,0.0,0.0,0.0,0.0,0.0,0.0,0.0,0.0,0.0,0.0,0.0,0.0,0.0,0.0,0.0,0.0,
2020-08-08T11:00:00Z,29.0,0.0,0.462,3.25,0.23,1.43,,,12.803,12.78,12.83,,,4.077,4.07,4.08,,,,0.035,,,,0.016,0.19,12.173,,,4.72,30.979,30.9,31.3,,,0.0,2375.0,2403.0,0.0,0.0,0.0,0.0,0.0,0.0,0.0,0.0,0.0,0.0,0.0,0.0,0.0,0.0,0.0,0.0,
2020-08-08T12:00:00Z,29.0,0.0,0.0,0.0,0.0,0.0,,,12.786,12.76,12.81,,,4.064,4.06,4.07,,,,0.02,,,,0.0,0.0,12.153,,,6.728,30.79,30.7,30.9,,,0.0,2405.0,2433.0,0.0,0.0,0.0,0.0,0.0,0.0,0.0,0.0,0.0,0.0,0.0,0.0,0.0,0.0,0.0,0.0,
2020-08-08T13:00:00Z,30.0,0.0,0.0,0.0,0.0,0.0,,,12.762,12.75,12.78,,,4.05,4.04,4.06,,,,0.032,,,,0.0,0.0,12.134,,,2.501,30.583,30.4,30.7,,,0.0,2434.0,2463.0,0.0,0.0,0.0,0.0,0.0,0.0,0.0,0.0,0.0,0.0,0.0,0.0,0.0,0.0,0.0,0.0,
2020-08-08T14:00:00Z,29.0,0.0,0.0,0.0,0.0,0.0,,,12.751,12.73,12.77,,,4.04,4.04,4.04,,,,0.035,,,,0.0,0.0,12.117,,,0.0,30.214,30.1,30.4,,,0.0,2464.0,2492.0,0.0,0.0,0.0,0.0,0.0,0.0,0.0,0.0,0.0,0.0,0.0,0.0,0.0,0.0,0.0,0.0,
2020-08-08T15:00:00Z,30.0,0.0,0.0,0.0,0.0,0.0,,,12.731,12.72,12.75,,,4.032,4.03,4.04,,,,0.032,,,,0.0,0.0,12.105,,,0.0,30.023,29.9,30.1,,,0.0,2493.0,2522.0,0.0,0.0,0.0,0.0,0.0,0.0,0.0,0.0,0.0,0.0,0.0,0.0,0.0,0.0,0.0,0.0,
2020-08-08T16:00:00Z,29.0,0.0,0.0,0.0,0.0,0.0,,,12.718,12.7,12.73,,,4.024,4.02,4.03,,,,0.027,,,,0.0,0.0,12.087,,,0.0,29.783,29.7,29.9,,,0.0,2523.0,2551.0,0.0,0.0,0.0,0.0,0.0,0.0,0.0,0.0,0.0,0.0,0.0,0.0,0.0,0.0,0.0,0.0,
2020-08-08T17:00:00Z,30.0,0.0,0.0,0.0,0.0,0.0,,,12.702,12.69,12.72,,,4.013,4.01,4.02,,,,0.026,,,,0.0,0.0,12.075,,,0.0,29.637,29.5,29.7,,,0.0,2552.0,2581.0,0.0,0.0,0.0,0.0,0.0,0.0,0.0,0.0,0.0,0.0,0.0,0.0,0.0,0.0,0.0,0.0,
2020-08-08T18:00:00Z,29.0,0.0,0.0,0.0,0.0,0.0,,,12.685,12.67,12.69,,,4.01,4.0,4.01,,,,0.029,,,,0.0,0.0,12.055,,,0.0,29.493,29.4,29.5,,,0.0,2582.0,2610.0,0.0,0.0,0.0,0.0,0.0,0.0,0.0,0.0,0.0,0.0,0.0,0.0,0.0,0.0,0.0,0.0,
2020-08-08T19:00:00Z,30.0,0.0,0.0,0.0,0.0,0.0,,,12.663,12.65,12.68,,,4.001,4.0,4.01,,,,0.03,,,,0.0,0.0,12.041,,,0.0,29.423,29.4,29.5,,,0.0,2611.0,2640.0,0.0,0.0,0.0,0.0,0.0,0.0,0.0,0.0,0.0,0.0,0.0,0.0,0.0,0.0,0.0,0.0,
2020-08-08T20:00:00Z,29.0,0.0,0.0,0.0,0.0,0.0,,,12.643,12.63,12.66,,,3.998,3.99,4.0,,,,0.03,,,,0.0,0.0,12.019,,,0.0,29.355,29.3,29.4,,,0.0,2641.0,2669.0,0.0,0.0,0.0,0.0,0.0,0.0,0.0,0.0,0.0,0.0,0.0,0.0,0.0,0.0,0.0,0.0,
2020-08-08T21:00:00Z,30.0,0.0,0.0,0.0,0.0,0.0,,,12.629,12.62,12.64,,,3.99,3.99,3.99,,,,0.029,,,,0.0,0.0,12.0,,,0.0,29.263,29.2,29.3,,,0.0,2670.0,2699.0,0.0,0.0,0.0,0.0,0.0,0.0,0.0,0.0,0.0,0.0,0.0,0.0,0.0,0.0,0.0,0.0,
2020-08-08T22:00:00Z,30.0,0.0,2.169,12.68,0.832,3.82,,,12.612,12.6,12.63,,,3.99,3.99,3.99,,,,0.035,,,,0.096,0.72,11.982,,,0.0,29.133,29.0,29.3,,,0.002,2700.0,2729.0,0.0,0.0,0.0,0.0,0.0,0.0,0.0,0.0,0.0,0.0,0.0,0.0,0.0,0.0,0.0,0.0,
2020-08-08T23:00:00Z,29.0,0.0,13.108,13.6,4.057,4.28,,,12.817,12.61,12.93,,,3.982,3.98,3.99,,,,0.181,,,,2.371,3.6,12.185,,,0.0,29.579,29.4,29.7,,,0.038,2730.0,2758.0,0.0,0.0,0.0,0.0,0.0,0.0,0.0,0.0,0.0,0.0,0.0,0.0,0.0,0.0,0.0,0.0,
2020-08-09T00:00:00Z,30.0,0.0,13.536,14.06,4.341,4.39,,,13.163,12.93,13.36,,,3.989,3.98,3.99,,,,0.402,,,,5.444,6.83,12.527,,,0.0,29.613,29.6,29.7,,,0.091,2759.0,2788.0,0.0,0.0,0.0,0.0,0.0,0.0,0.0,0.0,0.0,0.0,0.0,0.0,0.0,0.0,0.0,0.0,
2020-08-09T01:00:00Z,29.0,0.0,13.968,14.95,4.486,4.64,,,13.533,13.36,13.93,,,4.015,3.99,4.05,,,,0.826,,,,11.62,25.79,12.893,,,3.544,29.686,29.6,29.7,,,0.187,2789.0,2817.0,0.0,0.0,0.0,0.0,0.0,0.0,0.0,0.0,0.0,0.0,0.0,0.0,0.0,0.0,0.0,0.0,
2020-08-09T02:00:00Z,30.0,0.0,15.337,20.96,9.196,12.58,,,14.195,13.65,14.78,,,4.104,4.05,4.14,,,,1.812,,,,27.355,44.52,13.528,,,2.123,30.057,29.7,30.4,,,0.456,2818.0,2847.0,0.0,0.0,0.0,0.0,0.0,0.0,0.0,0.0,0.0,0.0,0.0,0.0,0.0,0.0,0.0,0.0,
2020-08-09T03:00:00Z,29.0,0.0,18.086,20.97,11.961,12.81,,,14.629,14.0,15.13,,,4.123,4.12,4.13,,,,1.573,,,,27.882,63.43,13.944,,,2.067,30.583,30.2,30.9,,,0.449,2848.0,2876.0,0.0,0.0,0.0,0.0,0.0,0.0,0.0,0.0,0.0,0.0,0.0,0.0,0.0,0.0,0.0,0.0,
2020-08-09T04:00:00Z,30.0,0.0,19.504,20.86,11.865,12.56,,,14.65,14.41,15.09,,,4.128,4.12,4.13,,,,0.756,,,,14.028,47.35,14.007,,,4.071,31.06,30.9,31.4,,,0.234,2877.0,2906.0,0.0,0.0,0.0,0.0,0.0,0.0,0.0,0.0,0.0,0.0,0.0,0.0,0.0,0.0,0.0,0.0,
2020-08-09T05:00:00Z,30.0,0.0,17.011,21.69,5.612,12.84,,,14.67,13.89,14.86,,,4.126,4.12,4.14,,,,0.502,,,,8.409,18.11,14.013,,,3.121,31.457,31.2,31.7,,,0.14,2907.0,2936.0,0.0,0.0,0.0,0.0,0.0,0.0,0.0,0.0,0.0,0.0,0.0,0.0,0.0,0.0,0.0,0.0,
2020-08-09T06:00:00Z,29.0,0.0,14.867,16.17,4.505,4.55,,,14.362,13.43,14.84,,,4.123,4.12,4.13,,,,0.47,,,,7.041,10.03,13.704,,,3.718,31.772,31.7,31.9,,,0.113,2937.0,2965.0,0.0,0.0,0.0,0.0,0.0,0.0,0.0,0.0,0.0,0.0,0.0,0.0,0.0,0.0,0.0,0.0,
2020-08-09T07:00:00Z,30.0,0.0,13.821,15.54,4.426,4.51,,,13.391,13.13,14.78,,,4.121,4.12,4.13,,,,0.276,,,,3.852,8.1,12.762,,,0.182,31.863,31.8,31.9,,,0.064,2966.0,2995.0,0.0,0.0,0.0,0.0,0.0,0.0,0.0,0.0,0.0,0.0,0.0,0.0,0.0,0.0,0.0,0.0,
2020-08-09T08:00:00Z,29.0,0.0,13.37,13.81,4.147,4.38,,,13.045,12.93,13.12,,,4.105,4.09,4.12,,,,0.165,,,,2.205,3.01,12.413,,,0.0,31.931,31.8,32.0,,,0.036,2996.0,3024.0,0.0,0.0,0.0,0.0,0.0,0.0,0.0,0.0,0.0,0.0,0.0,0.0,0.0,0.0,0.0,0.0,
2020-08-09T09:00:00Z,30.0,0.0,9.451,13.65,3.24,3.98,,,12.849,12.8,12.99,,,4.088,4.08,4.1,,,,0.075,,,,0.799,1.81,12.228,,,4.494,31.82,31.5,32.1,,,0.013,3025.0,3054.0,0.0,0.0,0.0,0.0,0.0,0.0,0.0,0.0,0.0,0.0,0.0,0.0,0.0,0.0,0.0,0.0,
2020-08-09T10:00:00Z,27.0,0.0,1.836,4.41,1.791,2.58,,,12.81,12.79,12.84,,,4.074,4.07,4.08,,,,0.047,,,,0.096,0.38,12.189,,,0.655,31.107,30.9,31.7,,,0.001,3055.0,3084.0,0.0,0.0,0.0,0.0,0.0,0.0,0.0,0.0,0.0,0.0,0.0,0.0,0.0,0.0,0.0,0.0,
2020-08-09T11:00:00Z,29.0,0.0,0.194,1.6,0.1,1.03,,,12.796,12.77,12.82,,,4.058,4.05,4.07,,,,0.033,,,,0.004,0.05,12.17,,,0.0,30.762,30.6,30.9,,,0.0,3085.0,3113.0,0.0,0.0,0.0,0.0,0.0,0.0,0.0,0.0,0.0,0.0,0.0,0.0,0.0,0.0,0.0,0.0,
2020-08-09T12:00:00Z,30.0,0.0,0.0,0.0,0.0,0.0,,,12.782,12.77,12.8,,,4.046,4.04,4.05,,,,0.036,,,,0.0,0.0,12.152,,,0.0,30.533,30.4,30.7,,,0.0,3114.0,3143.0,0.0,0.0,0.0,0.0,0.0,0.0,0.0,0.0,0.0,0.0,0.0,0.0,0.0,0.0,0.0,0.0,
2020-08-09T13:00:00Z,29.0,0.0,0.0,0.0,0.0,0.0,,,12.766,12.75,12.78,,,4.037,4.03,4.04,,,,0.031,,,,0.0,0.0,12.137,,,0.0,30.266,30.1,30.4,,,0.0,3144.0,3172.0,0.0,0.0,0.0,0.0,0.0,0.0,0.0,0.0,0.0,0.0,0.0,0.0,0.0,0.0,0.0,0.0,
2020-08-09T14:00:00Z,30.0,0.0,0.0,0.0,0.0,0.0,,,12.748,12.73,12.76,,,4.03,4.02,4.03,,,,0.029,,,,0.0,0.0,12.118,,,0.0,30.0,29.9,30.1,,,0.0,3173.0,3202.0,0.0,0.0,0.0,0.0,0.0,0.0,0.0,0.0,0.0,0.0,0.0,0.0,0.0,0.0,0.0,0.0,
2020-08-09T15:00:00Z,29.0,0.0,0.0,0.0,0.0,0.0,,,12.733,12.72,12.75,,,4.019,4.01,4.02,,,,0.028,,,,0.0,0.0,12.105,,,0.0,29.745,29.7,29.8,,,0.0,3203.0,3231.0,0.0,0.0,0.0,0.0,0.0,0.0,0.0,0.0,0.0,0.0,0.0,0.0,0.0,0.0,0.0,0.0,
2020-08-09T16:00:00Z,30.0,0.0,0.0,0.0,0.0,0.0,,,12.717,12.7,12.73,,,4.01,4.01,4.01,,,,0.031,,,,0.0,0.0,12.086,,,0.0,29.647,29.6,29.7,,,0.0,3232.0,3261.0,0.0,0.0,0.0,0.0,0.0,0.0,0.0,0.0,0.0,0.0,0.0,0.0,0.0,0.0,0.0,0.0,
2020-08-09T17:00:00Z,29.0,0.0,0.0,0.0,0.0,0.0,,,12.698,12.69,12.72,,,4.005,4.0,4.01,,,,0.029,,,,0.0,0.0,12.074,,,0.0,29.503,29.5,29.6,,,0.0,3262.0,3290.0,0.0,0.0,0.0,0.0,0.0,0.0,0.0,0.0,0.0,0.0,0.0,0.0,0.0,0.0,0.0,0.0,
2020-08-09T18:00:00Z,30.0,0.0,0.0,0.0,0.0,0.0,,,12.678,12.66,12.7,,,4.0,4.0,4.01,,,,0.029,,,,0.0,0.0,12.053,,,0.0,29.403,29.4,29.5,,,0.0,3291.0,3320.0,0.0,0.0,0.0,0.0,0.0,0.0,0.0,0.0,0.0,0.0,0.0,0.0,0.0,0.0,0.0,0.0,
2020-08-09T19:00:00Z,30.0,0.0,0.0,0.0,0.0,0.0,,,12.656,12.63,12.67,,,3.996,3.99,4.0,,,,0.03,,,,0.0,0.0,12.031,,,0.0,29.363,29.3,29.4,,,0.0,3321.0,3350.0,0.0,0.0,0.0,0.0,0.0,0.0,0.0,0.0,0.0,0.0,0.0,0.0,0.0,0.0,0.0,0.0,
2020-08-09T20:00:00Z,29.0,0.0,0.0,0.0,0.0,0.0,,,12.634,12.62,12.65,,,3.99,3.99,3.99,,,,0.03,,,,0.0,0.0,12.011,,,0.0,29.297,29.2,29.3,,,0.0,3351.0,3379.0,0.0,0.0,0.0,0.0,0.0,0.0,0.0,0.0,0.0,0.0,0.0,0.0,0.0,0.0,0.0,0.0,
2020-08-09T21:00:00Z,30.0,0.0,0.0,0.0,0.0,0.0,,,12.615,12.6,12.63,,,3.989,3.98,3.99,,,,0.03,,,,0.0,0.0,11.988,,,0.0,29.193,29.1,29.3,,,0.0,3380.0,3409.0,0.0,0.0,0.0,0.0,0.0,0.0,0.0,0.0,0.0,0.0,0.0,0.0,0.0,0.0,0.0,0.0,
2020-08-09T22:00:00Z,29.0,0.0,3.026,13.29,1.152,3.77,,,12.604,12.59,12.66,,,3.981,3.98,3.99,,,,0.04,,,,0.19,1.08,11.974,,,0.0,29.103,29.0,29.4,,,0.003,3410.0,3438.0,0.0,0.0,0.0,0.0,0.0,0.0,0.0,0.0,0.0,0.0,0.0,0.0,0.0,0.0,0.0,0.0,
2020-08-09T23:00:00Z,30.0,0.0,12.269,13.64,3.991,4.28,,,12.839,12.59,12.96,,,3.98,3.98,3.98,,,,0.174,,,,2.283,3.55,12.207,,,1.318,29.557,29.4,29.7,,,0.038,3439.0,3468.0,0.0,0.0,0.0,0.0,0.0,0.0,0.0,0.0,0.0,0.0,0.0,0.0,0.0,0.0,0.0,0.0,
2020-08-10T00:00:00Z,29.0,0.0,12.826,13.31,3.712,4.0,,,12.624,12.59,12.69,,,3.98,3.98,3.98,,,,0.089,,,,1.138,2.08,11.987,,,9.001,29.524,29.4,29.6,,,0.018,3469.0,3497.0,0.0,0.0,0.0,0.0,0.0,0.0,0.0,0.0,0.0,0.0,0.0,0.0,0.0,0.0,0.0,0.0,
2020-08-10T01:00:00Z,26.0,0.0,13.285,13.78,4.114,4.3,,,12.935,12.69,13.18,,,3.974,3.97,3.98,,,,0.228,,,,3.032,5.3,12.302,,,8.173,29.523,29.5,29.6,,,0.044,3498.0,3527.0,0.0,0.0,0.0,0.0,0.0,0.0,0.0,0.0,0.0,0.0,0.0,0.0,0.0,0.0,0.0,0.0,
2020-08-10T02:00:00Z,29.0,0.0,13.838,14.34,4.315,4.36,,,13.44,13.21,13.56,,,3.979,3.97,3.98,,,,0.578,,,,7.992,10.74,12.8,,,1.538,29.5,29.5,29.5,,,0.129,3528.0,3556.0,0.0,0.0,0.0,0.0,0.0,0.0,0.0,0.0,0.0,0.0,0.0,0.0,0.0,0.0,0.0,0.0,
2020-08-10T03:00:00Z,19.0,0.0,14.343,14.88,4.432,4.47,,,13.779,13.57,13.94,,,3.989,3.98,4.0,,,,1.179,,,,16.921,21.44,13.135,,,1.939,29.5,29.4,29.6,,,0.179,3557.0,3581.0,0.0,0.0,0.0,0.0,0.0,0.0,0.0,0.0,0.0,0.0,0.0,0.0,0.0,0.0,0.0,0.0,
2020-08-10T04:00:00Z,29.0,0.0,15.378,19.36,4.548,4.62,,,14.418,13.93,14.86,,,4.026,4.0,4.05,,,,1.805,,,,27.844,38.66,13.747,,,7.871,29.638,29.5,29.8,,,0.449,3585.0,3614.0,0.0,0.0,0.0,0.0,0.0,0.0,0.0,0.0,0.0,0.0,0.0,0.0,0.0,0.0,0.0,0.0,
2020-08-10T05:00:00Z,28.0,0.0,15.769,21.27,4.537,4.62,,,14.617,14.18,14.91,,,4.071,4.06,4.09,,,,1.281,,,,20.215,43.51,13.941,,,11.166,29.857,29.7,30.0,,,0.314,3615.0,3643.0,0.0,0.0,0.0,0.0,0.0,0.0,0.0,0.0,0.0,0.0,0.0,0.0,0.0,0.0,0.0,0.0,
2020-08-10T06:00:00Z,29.0,0.0,18.521,22.16,6.76,12.94,,,14.784,14.43,15.29,,,4.117,4.09,4.13,,,,0.98,,,,17.61,75.17,14.131,,,8.173,30.19,29.9,30.4,,,0.284,3644.0,3672.0,0.0,0.0,0.0,0.0,0.0,0.0,0.0,0.0,0.0,0.0,0.0,0.0,0.0,0.0,0.0,0.0,
2020-08-10T07:00:00Z,17.0,0.0,18.969,21.4,6.71,12.03,,,14.754,14.54,15.03,,,4.119,4.11,4.13,,,,0.532,,,,9.376,21.81,14.095,,,5.456,30.588,30.4,30.8,,,0.089,3674.0,3700.0,0.0,0.0,0.0,0.0,0.0,0.0,0.0,0.0,0.0,0.0,0.0,0.0,0.0,0.0,0.0,0.0,
2020-08-10T08:00:00Z,30.0,0.0,18.969,21.49,5.529,12.1,,,14.774,14.54,15.08,,,4.122,4.12,4.13,,,,0.417,,,,7.103,28.17,14.091,,,4.959,30.877,30.7,31.0,,,0.118,3701.0,3730.0,0.0,0.0,0.0,0.0,0.0,0.0,0.0,0.0,0.0,0.0,0.0,0.0,0.0,0.0,0.0,0.0,
2020-08-10T09:00:00Z,29.0,0.0,17.126,21.53,4.47,4.62,,,14.582,13.92,14.98,,,4.12,4.11,4.13,,,,0.402,,,,6.455,17.68,13.917,,,5.083,30.952,30.9,31.1,,,0.104,3731.0,3759.0,0.0,0.0,0.0,0.0,0.0,0.0,0.0,0.0,0.0,0.0,0.0,0.0,0.0,0.0,0.0,0.0,
2020-08-10T10:00:00Z,30.0,0.0,13.643,14.59,4.008,4.41,,,13.316,12.89,14.21,,,4.107,4.1,4.12,,,,0.236,,,,3.239,6.14,12.682,,,0.913,30.997,30.9,31.2,,,0.054,3760.0,3789.0,0.0,0.0,0.0,0.0,0.0,0.0,0.0,0.0,0.0,0.0,0.0,0.0,0.0,0.0,0.0,0.0,
2020-08-10T11:00:00Z,30.0,0.0,2.884,12.96,0.799,3.23,,,12.854,12.82,12.89,,,4.089,4.08,4.1,,,,0.044,,,,0.127,0.82,12.229,,,6.692,30.69,30.2,31.2,,,0.002,3790.0,3819.0,0.0,0.0,0.0,0.0,0.0,0.0,0.0,0.0,0.0,0.0,0.0,0.0,0.0,0.0,0.0,0.0,
2020-08-10T12:00:00Z,29.0,0.0,0.0,0.0,0.0,0.0,,,12.835,12.81,12.86,,,4.075,4.07,4.08,,,,0.031,,,,0.0,0.0,12.209,,,1.731,30.21,30.1,30.3,,,0.0,3820.0,3848.0,0.0,0.0,0.0,0.0,0.0,0.0,0.0,0.0,0.0,0.0,0.0,0.0,0.0,0.0,0.0,0.0,
2020-08-10T13:00:00Z,30.0,0.0,0.0,0.0,0.0,0.0,,,12.81,12.79,12.84,,,4.059,4.05,4.07,,,,0.026,,,,0.0,0.0,12.182,,,4.754,30.163,30.1,30.2,,,0.0,3849.0,3878.0,0.0,0.0,0.0,0.0,0.0,0.0,0.0,0.0,0.0,0.0,0.0,0.0,0.0,0.0,0.0,0.0,
2020-08-10T14:00:00Z,29.0,0.0,0.0,0.0,0.0,0.0,,,12.795,12.78,12.81,,,4.047,4.04,4.05,,,,0.031,,,,0.0,0.0,12.166,,,0.534,30.017,29.9,30.1,,,0.0,3879.0,3907.0,0.0,0.0,0.0,0.0,0.0,0.0,0.0,0.0,0.0,0.0,0.0,0.0,0.0,0.0,0.0,0.0,
2020-08-10T15:00:00Z,30.0,0.0,0.0,0.0,0.0,0.0,,,12.779,12.76,12.8,,,4.038,4.03,4.04,,,,0.033,,,,0.0,0.0,12.147,,,3.953,29.833,29.7,29.9,,,0.0,3908.0,3937.0,0.0,0.0,0.0,0.0,0.0,0.0,0.0,0.0,0.0,0.0,0.0,0.0,0.0,0.0,0.0,0.0,
2020-08-10T16:00:00Z,29.0,0.0,0.0,0.0,0.0,0.0,,,12.757,12.75,12.78,,,4.03,4.03,4.03,,,,0.031,,,,0.0,0.0,12.131,,,2.436,29.7,29.7,29.7,,,0.0,3938.0,3966.0,0.0,0.0,0.0,0.0,0.0,0.0,0.0,0.0,0.0,0.0,0.0,0.0,0.0,0.0,0.0,0.0,
2020-08-10T17:00:00Z,30.0,0.0,0.0,0.0,0.0,0.0,,,12.747,12.73,12.76,,,4.021,4.02,4.03,,,,0.029,,,,0.0,0.0,12.114,,,4.072,29.59,29.5,29.7,,,0.0,3967.0,3996.0,0.0,0.0,0.0,0.0,0.0,0.0,0.0,0.0,0.0,0.0,0.0,0.0,0.0,0.0,0.0,0.0,
2020-08-10T18:00:00Z,30.0,0.0,0.0,0.0,0.0,0.0,,,12.729,12.72,12.75,,,4.011,4.01,4.02,,,,0.027,,,,0.0,0.0,12.099,,,0.0,29.453,29.4,29.5,,,0.0,3997.0,4026.0,0.0,0.0,0.0,0.0,0.0,0.0,0.0,0.0,0.0,0.0,0.0,0.0,0.0,0.0,0.0,0.0,
2020-08-10T19:00:00Z,29.0,0.0,0.0,0.0,0.0,0.0,,,12.714,12.69,12.72,,,4.007,4.0,4.01,,,,0.032,,,,0.0,0.0,12.084,,,7.077,29.441,29.4,29.5,,,0.0,4027.0,4055.0,0.0,0.0,0.0,0.0,0.0,0.0,0.0,0.0,0.0,0.0,0.0,0.0,0.0,0.0,0.0,0.0,
2020-08-10T20:00:00Z,30.0,0.0,0.0,0.0,0.0,0.0,,,12.696,12.68,12.72,,,4.0,4.0,4.0,,,,0.033,,,,0.0,0.0,12.074,,,1.81,29.32,29.3,29.4,,,0.0,4056.0,4085.0,0.0,0.0,0.0,0.0,0.0,0.0,0.0,0.0,0.0,0.0,0.0,0.0,0.0,0.0,0.0,0.0,
2020-08-10T21:00:00Z,29.0,0.0,0.0,0.0,0.0,0.0,,,12.683,12.67,12.69,,,3.996,3.99,4.0,,,,0.031,,,,0.0,0.0,12.057,,,0.0,29.224,29.1,29.3,,,0.0,4086.0,4114.0,0.0,0.0,0.0,0.0,0.0,0.0,0.0,0.0,0.0,0.0,0.0,0.0,0.0,0.0,0.0,0.0,
2020-08-10T22:00:00Z,30.0,0.0,2.244,12.74,0.804,3.87,,,12.663,12.65,12.68,,,3.99,3.99,3.99,,,,0.035,,,,0.105,0.73,12.039,,,0.0,29.087,29.0,29.3,,,0.002,4115.0,4144.0,0.0,0.0,0.0,0.0,0.0,0.0,0.0,0.0,0.0,0.0,0.0,0.0,0.0,0.0,0.0,0.0,
2020-08-10T23:00:00Z,29.0,0.0,13.082,13.67,4.007,4.39,,,12.851,12.66,13.08,,,3.988,3.98,3.99,,,,0.185,,,,2.421,5.57,12.218,,,0.0,29.576,29.3,29.7,,,0.039,4145.0,4173.0,0.0,0.0,0.0,0.0,0.0,0.0,0.0,0.0,0.0,0.0,0.0,0.0,0.0,0.0,0.0,0.0,
2020-08-11T00:00:00Z,30.0,0.0,13.633,14.38,4.447,4.6,,,13.252,13.08,13.52,,,4.006,3.99,4.04,,,,0.492,,,,6.741,13.14,12.618,,,3.732,29.737,29.6,29.9,,,0.112,4174.0,4203.0,0.0,0.0,0.0,0.0,0.0,0.0,0.0,0.0,0.0,0.0,0.0,0.0,0.0,0.0,0.0,0.0,
2020-08-11T01:00:00Z,27.0,0.0,14.048,14.85,4.584,4.72,,,13.671,13.38,14.11,,,4.059,4.03,4.13,,,,1.084,,,,15.294,25.94,13.029,,,3.753,29.833,29.8,30.0,,,0.229,4204.0,4232.0,0.0,0.0,0.0,0.0,0.0,0.0,0.0,0.0,0.0,0.0,0.0,0.0,0.0,0.0,0.0,0.0,
2020-08-11T02:00:00Z,18.0,0.0,15.163,19.4,11.597,12.42,,,14.272,13.72,14.67,,,4.119,4.11,4.12,,,,1.721,,,,25.991,35.39,13.597,,,3.804,30.206,30.1,30.4,,,0.26,4234.0,4253.0,0.0,0.0,0.0,0.0,0.0,0.0,0.0,0.0,0.0,0.0,0.0,0.0,0.0,0.0,0.0,0.0,
2020-08-11T03:00:00Z,25.0,0.0,17.43,21.9,8.312,12.89,,,14.555,14.11,15.11,,,4.124,4.12,4.13,,,,0.86,,,,14.394,51.61,13.866,,,4.971,30.8,30.5,31.0,,,0.2,4266.0,4290.0,0.0,0.0,0.0,0.0,0.0,0.0,0.0,0.0,0.0,0.0,0.0,0.0,0.0,0.0,0.0,0.0,
2020-08-11T04:00:00Z,22.0,0.0,19.39,21.59,9.075,12.71,,,14.755,14.47,15.26,,,4.127,4.12,4.14,,,,0.683,,,,12.543,43.29,14.045,,,7.075,31.25,30.9,31.5,,,0.153,4291.0,4318.0,0.0,0.0,0.0,0.0,0.0,0.0,0.0,0.0,0.0,0.0,0.0,0.0,0.0,0.0,0.0,0.0,
2020-08-11T05:00:00Z,30.0,0.0,18.976,21.48,8.449,12.63,,,14.752,14.47,15.41,,,4.129,4.12,4.14,,,,0.586,,,,9.909,54.0,14.083,,,7.285,31.733,31.5,32.0,,,0.165,4319.0,4348.0,0.0,0.0,0.0,0.0,0.0,0.0,0.0,0.0,0.0,0.0,0.0,0.0,0.0,0.0,0.0,0.0,
2020-08-11T06:00:00Z,29.0,0.0,19.635,21.46,9.897,12.67,,,14.717,14.48,15.34,,,4.134,4.12,4.14,,,,0.659,,,,12.232,62.07,14.062,,,6.125,32.072,31.9,32.2,,,0.197,4349.0,4377.0,0.0,0.0,0.0,0.0,0.0,0.0,0.0,0.0,0.0,0.0,0.0,0.0,0.0,0.0,0.0,0.0,
2020-08-11T07:00:00Z,28.0,0.0,19.89,21.54,11.248,12.52,,,14.705,14.49,15.12,,,4.131,4.12,4.14,,,,0.616,,,,11.182,37.59,14.043,,,6.188,32.468,32.2,32.7,,,0.174,4378.0,4406.0,0.0,0.0,0.0,0.0,0.0,0.0,0.0,0.0,0.0,0.0,0.0,0.0,0.0,0.0,0.0,0.0,
2020-08-11T08:00:00Z,30.0,0.0,17.442,21.29,5.99,12.23,,,14.719,14.18,14.93,,,4.124,4.12,4.13,,,,0.434,,,,7.309,17.4,14.036,,,3.888,32.66,32.5,32.9,,,0.122,4407.0,4436.0,0.0,0.0,0.0,0.0,0.0,0.0,0.0,0.0,0.0,0.0,0.0,0.0,0.0,0.0,0.0,0.0,
2020-08-11T09:00:00Z,29.0,0.0,18.56,21.36,5.813,11.81,,,14.793,14.56,15.11,,,4.132,4.12,4.14,,,,0.484,,,,8.277,27.25,14.097,,,5.863,33.224,32.9,33.4,,,0.133,4437.0,4465.0,0.0,0.0,0.0,0.0,0.0,0.0,0.0,0.0,0.0,0.0,0.0,0.0,0.0,0.0,0.0,0.0,
2020-08-11T10:00:00Z,30.0,0.0,13.538,19.86,3.951,4.53,,,13.694,12.83,14.87,,,4.121,4.11,4.13,,,,0.277,,,,4.029,11.99,13.051,,,8.016,33.403,33.4,33.5,,,0.067,4466.0,4495.0,0.0,0.0,0.0,0.0,0.0,0.0,0.0,0.0,0.0,0.0,0.0,0.0,0.0,0.0,0.0,0.0,
2020-08-11T11:00:00Z,30.0,0.0,0.617,3.93,0.187,1.81,,,12.839,12.81,12.87,,,4.101,4.09,4.11,,,,0.041,,,,0.027,0.17,12.222,,,1.081,32.62,32.4,33.3,,,0.0,4496.0,4525.0,0.0,0.0,0.0,0.0,0.0,0.0,0.0,0.0,0.0,0.0,0.0,0.0,0.0,0.0,0.0,0.0,
2020-08-11T12:00:00Z,29.0,0.0,0.0,0.0,0.0,0.0,,,12.823,12.81,12.84,,,4.084,4.08,4.09,,,,0.024,,,,0.0,0.0,12.195,,,3.153,32.421,32.3,32.5,,,0.0,4526.0,4554.0,0.0,0.0,0.0,0.0,0.0,0.0,0.0,0.0,0.0,0.0,0.0,0.0,0.0,0.0,0.0,0.0,
2020-08-11T13:00:00Z,30.0,0.0,0.0,0.0,0.0,0.0,,,12.8,12.76,12.83,,,4.068,4.06,4.08,,,,0.027,,,,0.0,0.0,12.173,,,2.393,32.327,32.3,32.4,,,0.0,4555.0,4584.0,0.0,0.0,0.0,0.0,0.0,0.0,0.0,0.0,0.0,0.0,0.0,0.0,0.0,0.0,0.0,0.0,
2020-08-11T14:00:00Z,29.0,0.0,0.0,0.0,0.0,0.0,,,12.775,12.75,12.8,,,4.055,4.05,4.06,,,,0.03,,,,0.0,0.0,12.149,,,1.761,32.179,32.1,32.3,,,0.0,4585.0,4613.0,0.0,0.0,0.0,0.0,0.0,0.0,0.0,0.0,0.0,0.0,0.0,0.0,0.0,0.0,0.0,0.0,
2020-08-11T15:00:00Z,29.0,0.0,0.0,0.0,0.0,0.0,,,12.758,12.74,12.78,,,4.043,4.04,4.05,,,,0.03,,,,0.0,0.0,12.133,,,0.0,32.09,32.0,32.1,,,0.0,4614.0,4643.0,0.0,0.0,0.0,0.0,0.0,0.0,0.0,0.0,0.0,0.0,0.0,0.0,0.0,0.0,0.0,0.0,
2020-08-11T16:00:00Z,30.0,0.0,0.0,0.0,0.0,0.0,,,12.741,12.72,12.76,,,4.035,4.03,4.04,,,,0.029,,,,0.0,0.0,12.112,,,0.0,31.983,31.9,32.0,,,0.0,4644.0,4673.0,0.0,0.0,0.0,0.0,0.0,0.0,0.0,0.0,0.0,0.0,0.0,0.0,0.0,0.0,0.0,0.0,
2020-08-11T17:00:00Z,29.0,0.0,0.0,0.0,0.0,0.0,,,12.727,12.72,12.74,,,4.028,4.02,4.03,,,,0.029,,,,0.0,0.0,12.098,,,0.0,31.803,31.7,31.9,,,0.0,4674.0,4702.0,0.0,0.0,0.0,0.0,0.0,0.0,0.0,0.0,0.0,0.0,0.0,0.0,0.0,0.0,0.0,0.0,
2020-08-11T18:00:00Z,29.0,0.0,0.0,0.0,0.0,0.0,,,12.709,12.69,12.72,,,4.018,4.01,4.02,,,,0.025,,,,0.0,0.0,12.08,,,0.0,31.597,31.4,31.7,,,0.0,4703.0,4732.0,0.0,0.0,0.0,0.0,0.0,0.0,0.0,0.0,0.0,0.0,0.0,0.0,0.0,0.0,0.0,0.0,
2020-08-11T19:00:00Z,28.0,0.0,0.0,0.0,0.0,0.0,,,12.692,12.68,12.71,,,4.01,4.01,4.01,,,,0.025,,,,0.0,0.0,12.065,,,0.0,31.357,31.3,31.5,,,0.0,4733.0,4761.0,0.0,0.0,0.0,0.0,0.0,0.0,0.0,0.0,0.0,0.0,0.0,0.0,0.0,0.0,0.0,0.0,
2020-08-11T20:00:00Z,30.0,0.0,0.0,0.0,0.0,0.0,,,12.674,12.66,12.69,,,4.006,4.0,4.01,,,,0.024,,,,0.0,0.0,12.047,,,1.939,31.197,31.0,31.3,,,0.0,4762.0,4791.0,0.0,0.0,0.0,0.0,0.0,0.0,0.0,0.0,0.0,0.0,0.0,0.0,0.0,0.0,0.0,0.0,
2020-08-11T21:00:00Z,29.0,0.0,0.0,0.0,0.0,0.0,,,12.66,12.65,12.67,,,4.0,4.0,4.0,,,,0.029,,,,0.0,0.0,12.033,,,1.076,30.959,30.9,31.1,,,0.0,4792.0,4820.0,0.0,0.0,0.0,0.0,0.0,0.0,0.0,0.0,0.0,0.0,0.0,0.0,0.0,0.0,0.0,0.0,
2020-08-11T22:00:00Z,30.0,0.0,1.843,10.93,0.524,2.78,,,12.645,12.63,12.66,,,3.994,3.99,4.0,,,,0.031,,,,0.074,0.62,12.018,,,0.0,30.85,30.8,30.9,,,0.001,4821.0,4850.0,0.0,0.0,0.0,0.0,0.0,0.0,0.0,0.0,0.0,0.0,0.0,0.0,0.0,0.0,0.0,0.0,
2020-08-11T23:00:00Z,29.0,0.0,13.038,13.57,3.868,4.29,,,12.759,12.63,12.93,,,3.99,3.99,3.99,,,,0.13,,,,1.691,3.01,12.121,,,1.028,31.517,31.0,31.7,,,0.027,4851.0,4879.0,0.0,0.0,0.0,0.0,0.0,0.0,0.0,0.0,0.0,0.0,0.0,0.0,0.0,0.0,0.0,0.0,
2020-08-12T00:00:00Z,30.0,0.0,13.485,14.01,4.369,4.42,,,13.155,12.94,13.34,,,3.996,3.99,4.0,,,,0.401,,,,5.418,7.18,12.515,,,4.978,31.63,31.5,31.8,,,0.09,4880.0,4909.0,0.0,0.0,0.0,0.0,0.0,0.0,0.0,0.0,0.0,0.0,0.0,0.0,0.0,0.0,0.0,0.0,
2020-08-12T01:00:00Z,15.0,0.0,13.848,14.78,4.453,4.62,,,13.514,13.32,13.86,,,4.014,4.0,4.05,,,,0.822,,,,11.538,22.67,12.874,,,3.818,31.613,31.4,31.7,,,0.096,4910.0,4937.0,0.0,0.0,0.0,0.0,0.0,0.0,0.0,0.0,0.0,0.0,0.0,0.0,0.0,0.0,0.0,0.0,
2020-08-12T02:00:00Z,27.0,0.0,14.514,15.21,5.719,11.97,,,13.942,13.81,14.18,,,4.099,4.06,4.13,,,,1.457,,,,21.159,26.79,13.302,,,8.825,31.83,31.7,32.1,,,0.317,4938.0,4965.0,0.0,0.0,0.0,0.0,0.0,0.0,0.0,0.0,0.0,0.0,0.0,0.0,0.0,0.0,0.0,0.0,
2020-08-12T03:00:00Z,26.0,0.0,15.046,20.48,7.65,12.06,,,14.229,13.81,14.82,,,4.125,4.12,4.13,,,,1.219,,,,18.184,29.13,13.583,,,7.642,32.054,31.9,32.3,,,0.263,4967.0,4995.0,0.0,0.0,0.0,0.0,0.0,0.0,0.0,0.0,0.0,0.0,0.0,0.0,0.0,0.0,0.0,0.0,
2020-08-12T04:00:00Z,25.0,0.0,19.082,21.2,11.476,12.5,,,14.614,14.34,15.12,,,4.129,4.12,4.13,,,,0.848,,,,15.304,37.76,13.949,,,6.63,32.64,32.3,33.1,,,0.213,4998.0,5024.0,0.0,0.0,0.0,0.0,0.0,0.0,0.0,0.0,0.0,0.0,0.0,0.0,0.0,0.0,0.0,0.0,
2020-08-12T05:00:00Z,22.0,0.0,18.999,21.03,11.603,12.42,,,14.77,14.51,15.44,,,4.13,4.12,4.13,,,,0.802,,,,13.926,55.03,14.043,,,8.383,33.277,33.1,33.4,,,0.17,5025.0,5052.0,0.0,0.0,0.0,0.0,0.0,0.0,0.0,0.0,0.0,0.0,0.0,0.0,0.0,0.0,0.0,0.0,
2020-08-12T06:00:00Z,23.0,0.0,18.324,20.96,7.36,12.08,,,14.702,14.25,14.94,,,4.125,4.12,4.14,,,,0.479,,,,8.332,31.54,14.037,,,5.593,33.452,33.4,33.6,,,0.106,5055.0,5081.0,0.0,0.0,0.0,0.0,0.0,0.0,0.0,0.0,0.0,0.0,0.0,0.0,0.0,0.0,0.0,0.0,
2020-08-12T07:00:00Z,29.0,0.0,15.839,20.78,4.48,4.55,,,14.562,13.66,14.84,,,4.124,4.12,4.13,,,,0.476,,,,7.571,18.64,13.905,,,3.613,33.479,33.4,33.6,,,0.122,5083.0,5111.0,0.0,0.0,0.0,0.0,0.0,0.0,0.0,0.0,0.0,0.0,0.0,0.0,0.0,0.0,0.0,0.0,
2020-08-12T08:00:00Z,30.0,0.0,6.629,14.77,2.815,4.46,,,12.936,12.82,14.0,,,4.114,4.1,4.13,,,,0.063,,,,0.564,5.12,12.309,,,2.966,33.26,32.8,33.7,,,0.009,5112.0,5141.0,0.0,0.0,0.0,0.0,0.0,0.0,0.0,0.0,0.0,0.0,0.0,0.0,0.0,0.0,0.0,0.0,
2020-08-12T09:00:00Z,29.0,0.0,6.328,12.25,2.922,3.8,,,12.825,12.79,12.86,,,4.094,4.09,4.1,,,,0.049,,,,0.308,0.81,12.2,,,0.713,33.317,33.2,33.4,,,0.005,5142.0,5170.0,0.0,0.0,0.0,0.0,0.0,0.0,0.0,0.0,0.0,0.0,0.0,0.0,0.0,0.0,0.0,0.0,
2020-08-12T10:00:00Z,30.0,0.0,2.572,6.41,1.887,2.71,,,12.802,12.78,12.82,,,4.078,4.07,4.09,,,,0.044,,,,0.126,0.44,12.179,,,0.0,32.963,32.5,33.3,,,0.002,5171.0,5200.0,0.0,0.0,0.0,0.0,0.0,0.0,0.0,0.0,0.0,0.0,0.0,0.0,0.0,0.0,0.0,0.0,
2020-08-12T11:00:00Z,29.0,0.0,0.311,3.96,0.0,0.0,,,12.786,12.76,12.81,,,4.062,4.05,4.07,,,,0.034,,,,0.013,0.23,12.162,,,0.0,32.238,32.1,32.5,,,0.0,5201.0,5229.0,0.0,0.0,0.0,0.0,0.0,0.0,0.0,0.0,0.0,0.0,0.0,0.0,0.0,0.0,0.0,0.0,
2020-08-12T12:00:00Z,30.0,0.0,0.0,0.0,0.0,0.0,,,12.771,12.75,12.79,,,4.049,4.04,4.05,,,,0.03,,,,0.0,0.0,12.142,,,0.0,32.067,32.0,32.1,,,0.0,5230.0,5259.0,0.0,0.0,0.0,0.0,0.0,0.0,0.0,0.0,0.0,0.0,0.0,0.0,0.0,0.0,0.0,0.0,
2020-08-12T13:00:00Z,29.0,0.0,0.0,0.0,0.0,0.0,,,12.753,12.73,12.78,,,4.04,4.04,4.04,,,,0.032,,,,0.0,0.0,12.121,,,0.0,31.921,31.8,32.0,,,0.0,5260.0,5288.0,0.0,0.0,0.0,0.0,0.0,0.0,0.0,0.0,0.0,0.0,0.0,0.0,0.0,0.0,0.0,0.0,
2020-08-12T14:00:00Z,30.0,0.0,0.0,0.0,0.0,0.0,,,12.735,12.72,12.75,,,4.031,4.03,4.04,,,,0.028,,,,0.0,0.0,12.106,,,0.0,31.68,31.5,31.8,,,0.0,5289.0,5318.0,0.0,0.0,0.0,0.0,0.0,0.0,0.0,0.0,0.0,0.0,0.0,0.0,0.0,0.0,0.0,0.0,
2020-08-12T15:00:00Z,30.0,0.0,0.0,0.0,0.0,0.0,,,12.718,12.71,12.73,,,4.024,4.02,4.03,,,,0.024,,,,0.0,0.0,12.089,,,0.0,31.393,31.3,31.6,,,0.0,5319.0,5348.0,0.0,0.0,0.0,0.0,0.0,0.0,0.0,0.0,0.0,0.0,0.0,0.0,0.0,0.0,0.0,0.0,
2020-08-12T16:00:00Z,29.0,0.0,0.0,0.0,0.0,0.0,,,12.699,12.69,12.72,,,4.014,4.01,4.02,,,,0.025,,,,0.0,0.0,12.072,,,0.0,31.162,31.0,31.3,,,0.0,5349.0,5377.0,0.0,0.0,0.0,0.0,0.0,0.0,0.0,0.0,0.0,0.0,0.0,0.0,0.0,0.0,0.0,0.0,
2020-08-12T17:00:00Z,30.0,0.0,0.0,0.0,0.0,0.0,,,12.687,12.66,12.7,,,4.009,4.0,4.01,,,,0.025,,,,0.0,0.0,12.056,,,0.0,30.92,30.9,31.0,,,0.0,5378.0,5407.0,0.0,0.0,0.0,0.0,0.0,0.0,0.0,0.0,0.0,0.0,0.0,0.0,0.0,0.0,0.0,0.0,
2020-08-12T18:00:00Z,29.0,0.0,0.0,0.0,0.0,0.0,,,12.662,12.65,12.68,,,4.001,4.0,4.01,,,,0.027,,,,0.0,0.0,12.043,,,0.0,30.759,30.7,30.8,,,0.0,5408.0,5436.0,0.0,0.0,0.0,0.0,0.0,0.0,0.0,0.0,0.0,0.0,0.0,0.0,0.0,0.0,0.0,0.0,
2020-08-12T19:00:00Z,30.0,0.0,0.0,0.0,0.0,0.0,,,12.646,12.63,12.66,,,3.999,3.99,4.0,,,,0.029,,,,0.0,0.0,12.024,,,0.0,30.567,30.5,30.7,,,0.0,5437.0,5466.0,0.0,0.0,0.0,0.0,0.0,0.0,0.0,0.0,0.0,0.0,0.0,0.0,0.0,0.0,0.0,0.0,
2020-08-12T20:00:00Z,30.0,0.0,0.0,0.0,0.0,0.0,,,12.631,12.61,12.65,,,3.991,3.99,4.0,,,,0.027,,,,0.0,0.0,12.006,,,0.0,30.39,30.3,30.5,,,0.0,5467.0,5496.0,0.0,0.0,0.0,0.0,0.0,0.0,0.0,0.0,0.0,0.0,0.0,0.0,0.0,0.0,0.0,0.0,
2020-08-12T21:00:00Z,29.0,0.0,0.0,0.0,0.0,0.0,,,12.618,12.6,12.63,,,3.99,3.99,3.99,,,,0.03,,,,0.0,0.0,11.99,,,0.0,30.169,30.1,30.3,,,0.0,5497.0,5525.0,0.0,0.0,0.0,0.0,0.0,0.0,0.0,0.0,0.0,0.0,0.0,0.0,0.0,0.0,0.0,0.0,
2020-08-12T22:00:00Z,30.0,0.0,1.71,11.6,0.55,3.52,,,12.608,12.59,12.62,,,3.984,3.98,3.99,,,,0.032,,,,0.071,0.6,11.977,,,0.0,30.04,30.0,30.1,,,0.001,5526.0,5555.0,0.0,0.0,0.0,0.0,0.0,0.0,0.0,0.0,0.0,0.0,0.0,0.0,0.0,0.0,0.0,0.0,
2020-08-12T23:00:00Z,29.0,0.0,13.117,13.66,4.119,4.35,,,12.818,12.6,12.96,,,3.982,3.98,3.99,,,,0.185,,,,2.423,4.11,12.187,,,0.0,30.714,30.2,30.9,,,0.039,5556.0,5584.0,0.0,0.0,0.0,0.0,0.0,0.0,0.0,0.0,0.0,0.0,0.0,0.0,0.0,0.0,0.0,0.0,
2020-08-13T00:00:00Z,30.0,0.0,13.541,14.27,4.409,4.47,,,13.26,12.97,13.49,,,3.996,3.99,4.01,,,,0.52,,,,7.063,10.68,12.624,,,0.0,30.85,30.8,30.9,,,0.118,5585.0,5614.0,0.0,0.0,0.0,0.0,0.0,0.0,0.0,0.0,0.0,0.0,0.0,0.0,0.0,0.0,0.0,0.0,
2020-08-13T01:00:00Z,9.0,0.0,13.844,14.35,4.483,4.51,,,13.571,13.5,13.63,,,4.019,4.01,4.03,,,,0.926,,,,12.781,13.93,12.922,,,1.409,30.922,30.9,31.0,,,0.064,5615.0,5638.0,0.0,0.0,0.0,0.0,0.0,0.0,0.0,0.0,0.0,0.0,0.0,0.0,0.0,0.0,0.0,0.0,
2020-08-13T02:00:00Z,13.0,0.0,13.983,14.29,4.486,4.56,,,13.694,13.54,13.9,,,4.031,4.02,4.04,,,,1.019,,,,14.292,19.59,13.055,,,0.0,31.1,31.0,31.2,,,0.103,5657.0,5669.0,0.0,0.0,0.0,0.0,0.0,0.0,0.0,0.0,0.0,0.0,0.0,0.0,0.0,0.0,0.0,0.0,
2020-08-13T03:00:00Z,22.0,0.0,14.401,14.94,4.578,4.65,,,13.941,13.63,14.28,,,4.074,4.05,4.11,,,,1.272,,,,18.352,23.64,13.302,,,4.892,31.35,31.2,31.6,,,0.224,5670.0,5697.0,0.0,0.0,0.0,0.0,0.0,0.0,0.0,0.0,0.0,0.0,0.0,0.0,0.0,0.0,0.0,0.0,
2020-08-13T04:00:00Z,29.0,0.0,16.782,21.05,9.699,12.36,,,14.504,14.12,14.87,,,4.121,4.11,4.13,,,,1.418,,,,23.452,48.27,13.866,,,4.084,31.872,31.5,32.1,,,0.378,5698.0,5727.0,0.0,0.0,0.0,0.0,0.0,0.0,0.0,0.0,0.0,0.0,0.0,0.0,0.0,0.0,0.0,0.0,
2020-08-13T05:00:00Z,29.0,0.0,16.868,21.27,7.174,12.47,,,14.4,13.62,15.03,,,4.124,4.12,4.13,,,,0.666,,,,11.073,33.57,13.721,,,9.102,32.093,32.0,32.2,,,0.178,5728.0,5756.0,0.0,0.0,0.0,0.0,0.0,0.0,0.0,0.0,0.0,0.0,0.0,0.0,0.0,0.0,0.0,0.0,
2020-08-13T06:00:00Z,30.0,0.0,10.976,15.09,3.741,4.5,,,13.4,12.86,14.27,,,4.119,4.11,4.13,,,,0.248,,,,3.415,8.37,12.772,,,3.413,32.033,31.8,32.1,,,0.057,5757.0,5786.0,0.0,0.0,0.0,0.0,0.0,0.0,0.0,0.0,0.0,0.0,0.0,0.0,0.0,0.0,0.0,0.0,
2020-08-13T07:00:00Z,27.0,0.0,12.927,13.48,3.688,3.96,,,12.863,12.83,12.9,,,4.097,4.09,4.11,,,,0.059,,,,0.753,1.32,12.232,,,0.0,32.063,31.9,32.1,,,0.011,5787.0,5813.0,0.0,0.0,0.0,0.0,0.0,0.0,0.0,0.0,0.0,0.0,0.0,0.0,0.0,0.0,0.0,0.0,
2020-08-13T08:00:00Z,23.0,0.0,13.089,13.53,3.612,4.07,,,12.865,12.83,12.89,,,4.065,4.06,4.08,,,,0.089,,,,1.147,1.44,12.238,,,0.0,32.1,32.1,32.1,,,0.015,5819.0,5844.0,0.0,0.0,0.0,0.0,0.0,0.0,0.0,0.0,0.0,0.0,0.0,0.0,0.0,0.0,0.0,0.0,
2020-08-13T09:00:00Z,29.0,0.0,13.043,13.48,3.643,4.0,,,12.821,12.78,12.87,,,4.051,4.05,4.06,,,,0.074,,,,0.958,1.27,12.195,,,0.0,32.052,32.0,32.1,,,0.015,5845.0,5873.0,0.0,0.0,0.0,0.0,0.0,0.0,0.0,0.0,0.0,0.0,0.0,0.0,0.0,0.0,0.0,0.0,
2020-08-13T10:00:00Z,30.0,0.0,8.678,13.25,3.106,3.84,,,12.781,12.76,12.8,,,4.041,4.04,4.05,,,,0.051,,,,0.473,0.96,12.148,,,0.0,31.81,31.2,32.0,,,0.008,5874.0,5903.0,0.0,0.0,0.0,0.0,0.0,0.0,0.0,0.0,0.0,0.0,0.0,0.0,0.0,0.0,0.0,0.0,
2020-08-13T11:00:00Z,29.0,0.0,0.327,2.71,0.103,1.22,,,12.761,12.75,12.78,,,4.031,4.03,4.04,,,,0.031,,,,0.012,0.14,12.133,,,0.0,30.814,30.6,31.2,,,0.0,5904.0,5932.0,0.0,0.0,0.0,0.0,0.0,0.0,0.0,0.0,0.0,0.0,0.0,0.0,0.0,0.0,0.0,0.0,
2020-08-13T12:00:00Z,30.0,0.0,0.0,0.0,0.0,0.0,,,12.747,12.73,12.76,,,4.025,4.02,4.03,,,,0.03,,,,0.0,0.0,12.116,,,0.0,30.523,30.4,30.6,,,0.0,5933.0,5962.0,0.0,0.0,0.0,0.0,0.0,0.0,0.0,0.0,0.0,0.0,0.0,0.0,0.0,0.0,0.0,0.0,
2020-08-13T13:00:00Z,29.0,0.0,0.0,0.0,0.0,0.0,,,12.73,12.72,12.75,,,4.014,4.01,4.02,,,,0.026,,,,0.0,0.0,12.103,,,0.0,30.276,30.1,30.5,,,0.0,5963.0,5991.0,0.0,0.0,0.0,0.0,0.0,0.0,0.0,0.0,0.0,0.0,0.0,0.0,0.0,0.0,0.0,0.0,
2020-08-13T14:00:00Z,30.0,0.0,0.0,0.0,0.0,0.0,,,12.718,12.7,12.74,,,4.008,4.0,4.01,,,,0.027,,,,0.0,0.0,12.085,,,0.0,30.07,29.9,30.1,,,0.0,5992.0,6021.0,0.0,0.0,0.0,0.0,0.0,0.0,0.0,0.0,0.0,0.0,0.0,0.0,0.0,0.0,0.0,0.0,
2020-08-13T15:00:00Z,29.0,0.0,0.0,0.0,0.0,0.0,,,12.702,12.69,12.72,,,4.0,4.0,4.0,,,,0.03,,,,0.0,0.0,12.074,,,0.0,29.859,29.7,30.0,,,0.0,6022.0,6050.0,0.0,0.0,0.0,0.0,0.0,0.0,0.0,0.0,0.0,0.0,0.0,0.0,0.0,0.0,0.0,0.0,
2020-08-13T16:00:00Z,30.0,0.0,0.0,0.0,0.0,0.0,,,12.687,12.67,12.7,,,3.997,3.99,4.0,,,,0.03,,,,0.0,0.0,12.057,,,0.0,29.7,29.6,29.8,,,0.0,6051.0,6080.0,0.0,0.0,0.0,0.0,0.0,0.0,0.0,0.0,0.0,0.0,0.0,0.0,0.0,0.0,0.0,0.0,
2020-08-13T17:00:00Z,29.0,0.0,0.0,0.0,0.0,0.0,,,12.668,12.66,12.69,,,3.99,3.99,3.99,,,,0.03,,,,0.0,0.0,12.041,,,0.0,29.559,29.5,29.7,,,0.0,6081.0,6109.0,0.0,0.0,0.0,0.0,0.0,0.0,0.0,0.0,0.0,0.0,0.0,0.0,0.0,0.0,0.0,0.0,
2020-08-13T18:00:00Z,30.0,0.0,0.0,0.0,0.0,0.0,,,12.652,12.63,12.67,,,3.988,3.98,3.99,,,,0.029,,,,0.0,0.0,12.025,,,0.0,29.45,29.4,29.5,,,0.0,6110.0,6139.0,0.0,0.0,0.0,0.0,0.0,0.0,0.0,0.0,0.0,0.0,0.0,0.0,0.0,0.0,0.0,0.0,
2020-08-13T19:00:00Z,30.0,0.0,0.0,0.0,0.0,0.0,,,12.633,12.62,12.65,,,3.98,3.98,3.99,,,,0.03,,,,0.0,0.0,12.005,,,0.0,29.393,29.3,29.4,,,0.0,6140.0,6169.0,0.0,0.0,0.0,0.0,0.0,0.0,0.0,0.0,0.0,0.0,0.0,0.0,0.0,0.0,0.0,0.0,
2020-08-13T20:00:00Z,29.0,0.0,0.0,0.0,0.0,0.0,,,12.614,12.6,12.64,,,3.98,3.98,3.98,,,,0.03,,,,0.0,0.0,11.983,,,0.0,29.307,29.3,29.4,,,0.0,6170.0,6198.0,0.0,0.0,0.0,0.0,0.0,0.0,0.0,0.0,0.0,0.0,0.0,0.0,0.0,0.0,0.0,0.0,
2020-08-13T21:00:00Z,30.0,0.0,0.0,0.0,0.0,0.0,,,12.598,12.58,12.61,,,3.98,3.98,3.98,,,,0.03,,,,0.0,0.0,11.967,,,0.0,29.237,29.2,29.3,,,0.0,6199.0,6228.0,0.0,0.0,0.0,0.0,0.0,0.0,0.0,0.0,0.0,0.0,0.0,0.0,0.0,0.0,0.0,0.0,
2020-08-13T22:00:00Z,29.0,0.0,2.511,12.66,0.838,3.84,,,12.584,12.57,12.6,,,3.978,3.97,3.98,,,,0.036,,,,0.114,0.8,11.954,,,0.0,29.124,29.0,29.4,,,0.002,6229.0,6257.0,0.0,0.0,0.0,0.0,0.0,0.0,0.0,0.0,0.0,0.0,0.0,0.0,0.0,0.0,0.0,0.0,
2020-08-13T23:00:00Z,30.0,0.0,13.192,13.73,4.115,4.38,,,12.929,12.6,13.29,,,3.973,3.97,3.98,,,,0.249,,,,3.308,6.83,12.293,,,0.0,29.55,29.4,29.7,,,0.055,6258.0,6287.0,0.0,0.0,0.0,0.0,0.0,0.0,0.0,0.0,0.0,0.0,0.0,0.0,0.0,0.0,0.0,0.0,
2020-08-14T00:00:00Z,28.0,0.0,13.764,14.12,4.362,4.41,,,13.336,13.29,13.42,,,3.984,3.98,3.99,,,,0.491,,,,6.746,7.87,12.693,,,0.0,29.7,29.7,29.7,,,0.105,6288.0,6316.0,0.0,0.0,0.0,0.0,0.0,0.0,0.0,0.0,0.0,0.0,0.0,0.0,0.0,0.0,0.0,0.0,
2020-08-14T01:00:00Z,30.0,0.0,14.155,14.79,4.466,4.59,,,13.641,13.38,13.89,,,4.003,3.99,4.02,,,,1.008,,,,14.317,23.98,12.996,,,0.0,29.787,29.7,29.9,,,0.239,6317.0,6346.0,0.0,0.0,0.0,0.0,0.0,0.0,0.0,0.0,0.0,0.0,0.0,0.0,0.0,0.0,0.0,0.0,
2020-08-14T02:00:00Z,26.0,0.0,14.857,15.88,4.602,4.7,,,14.138,13.65,14.82,,,4.06,4.02,4.11,,,,1.64,,,,24.608,36.59,13.472,,,0.992,30.108,29.9,30.5,,,0.355,6347.0,6372.0,0.0,0.0,0.0,0.0,0.0,0.0,0.0,0.0,0.0,0.0,0.0,0.0,0.0,0.0,0.0,0.0,
2020-08-14T03:00:00Z,27.0,0.0,17.34,21.39,9.391,12.67,,,14.439,13.87,14.92,,,4.12,4.11,4.13,,,,1.451,,,,24.774,55.67,13.807,,,2.341,30.826,30.6,31.0,,,0.372,6376.0,6404.0,0.0,0.0,0.0,0.0,0.0,0.0,0.0,0.0,0.0,0.0,0.0,0.0,0.0,0.0,0.0,0.0,
2020-08-14T04:00:00Z,27.0,0.0,18.469,20.92,10.089,12.57,,,14.648,14.37,15.14,,,4.127,4.12,4.13,,,,0.839,,,,14.591,61.69,13.956,,,0.206,31.43,31.0,31.8,,,0.219,6405.0,6433.0,0.0,0.0,0.0,0.0,0.0,0.0,0.0,0.0,0.0,0.0,0.0,0.0,0.0,0.0,0.0,0.0,
2020-08-14T05:00:00Z,20.0,0.0,18.355,20.42,8.9,12.02,,,14.669,14.49,15.12,,,4.126,4.12,4.13,,,,0.579,,,,9.743,43.34,13.991,,,0.0,31.98,31.8,32.1,,,0.108,6434.0,6462.0,0.0,0.0,0.0,0.0,0.0,0.0,0.0,0.0,0.0,0.0,0.0,0.0,0.0,0.0,0.0,0.0,
2020-08-14T06:00:00Z,29.0,0.0,18.554,20.7,6.821,12.27,,,14.764,14.54,15.13,,,4.127,4.12,4.14,,,,0.591,,,,10.343,43.73,14.09,,,0.0,32.324,32.1,32.6,,,0.167,6463.0,6491.0,0.0,0.0,0.0,0.0,0.0,0.0,0.0,0.0,0.0,0.0,0.0,0.0,0.0,0.0,0.0,0.0,
2020-08-14T07:00:00Z,26.0,0.0,19.737,20.9,9.392,12.25,,,14.685,14.51,15.06,,,4.131,4.12,4.14,,,,0.352,,,,6.692,32.12,13.984,,,0.0,33.185,32.7,33.4,,,0.097,6492.0,6520.0,0.0,0.0,0.0,0.0,0.0,0.0,0.0,0.0,0.0,0.0,0.0,0.0,0.0,0.0,0.0,0.0,
2020-08-14T08:00:00Z,28.0,0.0,16.341,20.64,6.044,11.96,,,14.672,14.39,15.09,,,4.125,4.12,4.14,,,,0.511,,,,8.179,33.14,13.99,,,4.654,33.4,33.4,33.4,,,0.127,6521.0,6550.0,0.0,0.0,0.0,0.0,0.0,0.0,0.0,0.0,0.0,0.0,0.0,0.0,0.0,0.0,0.0,0.0,
2020-08-14T09:00:00Z,29.0,0.0,13.759,14.93,3.997,4.44,,,13.376,12.85,14.26,,,4.116,4.1,4.13,,,,0.218,,,,3.051,5.96,12.752,,,4.241,33.4,33.4,33.4,,,0.049,6551.0,6579.0,0.0,0.0,0.0,0.0,0.0,0.0,0.0,0.0,0.0,0.0,0.0,0.0,0.0,0.0,0.0,0.0,
2020-08-14T10:00:00Z,29.0,0.0,10.029,13.45,3.011,3.84,,,12.854,12.83,12.89,,,4.093,4.08,4.1,,,,0.063,,,,0.639,1.11,12.233,,,0.0,33.386,33.2,33.5,,,0.01,6580.0,6608.0,0.0,0.0,0.0,0.0,0.0,0.0,0.0,0.0,0.0,0.0,0.0,0.0,0.0,0.0,0.0,0.0,
2020-08-14T11:00:00Z,30.0,0.0,0.384,3.59,0.0,0.0,,,12.831,12.8,12.86,,,4.077,4.07,4.08,,,,0.028,,,,0.011,0.15,12.207,,,0.0,32.583,32.4,33.1,,,0.0,6609.0,6638.0,0.0,0.0,0.0,0.0,0.0,0.0,0.0,0.0,0.0,0.0,0.0,0.0,0.0,0.0,0.0,0.0,
2020-08-14T12:00:00Z,29.0,0.0,0.0,0.0,0.0,0.0,,,12.807,12.79,12.83,,,4.062,4.05,4.07,,,,0.035,,,,0.0,0.0,12.183,,,0.0,32.3,32.2,32.4,,,0.0,6639.0,6667.0,0.0,0.0,0.0,0.0,0.0,0.0,0.0,0.0,0.0,0.0,0.0,0.0,0.0,0.0,0.0,0.0,
2020-08-14T13:00:00Z,30.0,0.0,0.0,0.0,0.0,0.0,,,12.79,12.77,12.81,,,4.049,4.04,4.05,,,,0.026,,,,0.0,0.0,12.163,,,4.123,32.107,32.0,32.2,,,0.0,6668.0,6697.0,0.0,0.0,0.0,0.0,0.0,0.0,0.0,0.0,0.0,0.0,0.0,0.0,0.0,0.0,0.0,0.0,
2020-08-14T14:00:00Z,29.0,0.0,0.0,0.0,0.0,0.0,,,12.773,12.75,12.8,,,4.04,4.04,4.04,,,,0.032,,,,0.0,0.0,12.141,,,6.86,31.855,31.8,31.9,,,0.0,6698.0,6726.0,0.0,0.0,0.0,0.0,0.0,0.0,0.0,0.0,0.0,0.0,0.0,0.0,0.0,0.0,0.0,0.0,
2020-08-14T15:00:00Z,30.0,0.0,0.0,0.0,0.0,0.0,,,12.758,12.74,12.78,,,4.031,4.03,4.04,,,,0.029,,,,0.0,0.0,12.127,,,1.497,31.73,31.5,31.9,,,0.0,6727.0,6756.0,0.0,0.0,0.0,0.0,0.0,0.0,0.0,0.0,0.0,0.0,0.0,0.0,0.0,0.0,0.0,0.0,
2020-08-14T16:00:00Z,27.0,0.0,0.0,0.0,0.0,0.0,,,12.746,12.73,12.76,,,4.023,4.02,4.03,,,,0.03,,,,0.0,0.0,12.113,,,0.0,31.337,31.1,31.6,,,0.0,6757.0,6785.0,0.0,0.0,0.0,0.0,0.0,0.0,0.0,0.0,0.0,0.0,0.0,0.0,0.0,0.0,0.0,0.0,
2020-08-14T17:00:00Z,30.0,0.0,0.0,0.0,0.0,0.0,,,12.73,12.72,12.75,,,4.013,4.01,4.02,,,,0.028,,,,0.0,0.0,12.101,,,0.0,30.92,30.8,31.1,,,0.0,6786.0,6815.0,0.0,0.0,0.0,0.0,0.0,0.0,0.0,0.0,0.0,0.0,0.0,0.0,0.0,0.0,0.0,0.0,
2020-08-14T18:00:00Z,29.0,0.0,0.0,0.0,0.0,0.0,,,12.718,12.7,12.73,,,4.008,4.0,4.01,,,,0.028,,,,0.0,0.0,12.088,,,0.0,30.586,30.4,30.8,,,0.0,6816.0,6845.0,0.0,0.0,0.0,0.0,0.0,0.0,0.0,0.0,0.0,0.0,0.0,0.0,0.0,0.0,0.0,0.0,
2020-08-14T19:00:00Z,29.0,0.0,0.0,0.0,0.0,0.0,,,12.704,12.69,12.72,,,4.0,4.0,4.0,,,,0.029,,,,0.0,0.0,12.078,,,0.0,30.207,30.1,30.4,,,0.0,6846.0,6874.0,0.0,0.0,0.0,0.0,0.0,0.0,0.0,0.0,0.0,0.0,0.0,0.0,0.0,0.0,0.0,0.0,
2020-08-14T20:00:00Z,30.0,0.0,0.0,0.0,0.0,0.0,,,12.687,12.67,12.7,,,3.997,3.99,4.0,,,,0.03,,,,0.0,0.0,12.063,,,0.0,29.983,29.8,30.1,,,0.0,6875.0,6904.0,0.0,0.0,0.0,0.0,0.0,0.0,0.0,0.0,0.0,0.0,0.0,0.0,0.0,0.0,0.0,0.0,
2020-08-14T21:00:00Z,29.0,0.0,0.0,0.0,0.0,0.0,,,12.67,12.66,12.68,,,3.99,3.99,4.0,,,,0.031,,,,0.0,0.0,12.044,,,0.0,29.748,29.7,29.9,,,0.0,6905.0,6933.0,0.0,0.0,0.0,0.0,0.0,0.0,0.0,0.0,0.0,0.0,0.0,0.0,0.0,0.0,0.0,0.0,
2020-08-14T22:00:00Z,30.0,0.0,1.549,6.89,0.943,2.79,,,12.656,12.64,12.67,,,3.99,3.98,3.99,,,,0.037,,,,0.069,0.32,12.026,,,0.0,29.633,29.5,29.7,,,0.001,6934.0,6963.0,0.0,0.0,0.0,0.0,0.0,0.0,0.0,0.0,0.0,0.0,0.0,0.0,0.0,0.0,0.0,0.0,
2020-08-14T23:00:00Z,30.0,0.0,12.872,13.75,3.945,4.3,,,12.8,12.64,13.02,,,3.981,3.98,3.99,,,,0.155,,,,2.032,4.54,12.172,,,0.0,30.143,29.7,30.4,,,0.034,6964.0,6993.0,0.0,0.0,0.0,0.0,0.0,0.0,0.0,0.0,0.0,0.0,0.0,0.0,0.0,0.0,0.0,0.0,
2020-08-15T00:00:00Z,29.0,0.0,13.853,14.24,4.382,4.45,,,13.361,13.05,13.54,,,3.992,3.98,4.0,,,,0.59,,,,8.18,10.7,12.722,,,0.0,30.169,30.1,30.2,,,0.132,6994.0,7022.0,0.0,0.0,0.0,0.0,0.0,0.0,0.0,0.0,0.0,0.0,0.0,0.0,0.0,0.0,0.0,0.0,
2020-08-15T01:00:00Z,30.0,0.0,14.055,14.78,4.51,4.62,,,13.651,13.53,13.91,,,4.025,4.0,4.06,,,,1.007,,,,14.193,20.88,13.003,,,0.0,30.203,30.1,30.4,,,0.237,7023.0,7052.0,0.0,0.0,0.0,0.0,0.0,0.0,0.0,0.0,0.0,0.0,0.0,0.0,0.0,0.0,0.0,0.0,
2020-08-15T02:00:00Z,29.0,0.0,15.586,20.32,8.656,12.0,,,14.36,13.93,14.78,,,4.108,4.06,4.13,,,,1.799,,,,27.679,41.15,13.694,,,0.0,30.555,30.3,30.8,,,0.446,7053.0,7081.0,0.0,0.0,0.0,0.0,0.0,0.0,0.0,0.0,0.0,0.0,0.0,0.0,0.0,0.0,0.0,0.0,
2020-08-15T03:00:00Z,30.0,0.0,19.344,20.57,11.829,11.97,,,14.565,14.23,14.97,,,4.123,4.12,4.13,,,,0.871,,,,16.375,51.02,13.915,,,0.0,31.12,30.9,31.4,,,0.273,7082.0,7111.0,0.0,0.0,0.0,0.0,0.0,0.0,0.0,0.0,0.0,0.0,0.0,0.0,0.0,0.0,0.0,0.0,
2020-08-15T04:00:00Z,29.0,0.0,19.326,20.51,11.731,11.94,,,14.646,14.44,15.09,,,4.13,4.13,4.13,,,,0.755,,,,13.741,46.4,13.992,,,0.0,31.769,31.4,32.0,,,0.221,7112.0,7140.0,0.0,0.0,0.0,0.0,0.0,0.0,0.0,0.0,0.0,0.0,0.0,0.0,0.0,0.0,0.0,0.0,
2020-08-15T05:00:00Z,30.0,0.0,19.976,20.91,10.706,12.12,,,14.626,14.48,14.89,,,4.129,4.12,4.13,,,,0.424,,,,8.138,44.75,13.969,,,0.267,32.097,32.0,32.2,,,0.136,7141.0,7170.0,0.0,0.0,0.0,0.0,0.0,0.0,0.0,0.0,0.0,0.0,0.0,0.0,0.0,0.0,0.0,0.0,
2020-08-15T06:00:00Z,29.0,0.0,19.597,21.06,5.336,11.59,,,14.79,14.51,15.03,,,4.123,4.12,4.13,,,,0.468,,,,8.481,28.6,14.1,,,1.645,32.383,32.2,32.8,,,0.137,7171.0,7199.0,0.0,0.0,0.0,0.0,0.0,0.0,0.0,0.0,0.0,0.0,0.0,0.0,0.0,0.0,0.0,0.0,
2020-08-15T07:00:00Z,30.0,0.0,20.062,21.09,11.068,12.04,,,14.639,14.48,14.99,,,4.13,4.12,4.14,,,,0.549,,,,10.654,38.14,13.975,,,2.959,33.13,32.6,33.4,,,0.178,7200.0,7229.0,0.0,0.0,0.0,0.0,0.0,0.0,0.0,0.0,0.0,0.0,0.0,0.0,0.0,0.0,0.0,0.0,
2020-08-15T08:00:00Z,30.0,0.0,18.348,21.12,4.815,11.67,,,14.828,14.69,15.0,,,4.123,4.12,4.13,,,,0.561,,,,9.548,19.29,14.149,,,3.12,33.32,33.2,33.4,,,0.159,7230.0,7259.0,0.0,0.0,0.0,0.0,0.0,0.0,0.0,0.0,0.0,0.0,0.0,0.0,0.0,0.0,0.0,0.0,
2020-08-15T09:00:00Z,28.0,0.0,16.058,20.99,4.48,4.56,,,14.561,13.94,14.87,,,4.123,4.12,4.13,,,,0.463,,,,7.272,12.66,13.901,,,0.941,33.4,33.4,33.4,,,0.113,7260.0,7288.0,0.0,0.0,0.0,0.0,0.0,0.0,0.0,0.0,0.0,0.0,0.0,0.0,0.0,0.0,0.0,0.0,
2020-08-15T10:00:00Z,30.0,0.0,13.662,14.67,4.146,4.44,,,13.334,12.86,13.99,,,4.116,4.11,4.13,,,,0.243,,,,3.344,5.43,12.705,,,0.135,33.4,33.4,33.4,,,0.056,7289.0,7318.0,0.0,0.0,0.0,0.0,0.0,0.0,0.0,0.0,0.0,0.0,0.0,0.0,0.0,0.0,0.0,0.0,
2020-08-15T11:00:00Z,29.0,0.0,1.865,12.93,0.542,3.81,,,12.845,12.81,12.87,,,4.098,4.09,4.11,,,,0.034,,,,0.079,0.89,12.218,,,0.0,32.841,32.4,33.4,,,0.001,7319.0,7347.0,0.0,0.0,0.0,0.0,0.0,0.0,0.0,0.0,0.0,0.0,0.0,0.0,0.0,0.0,0.0,0.0,
2020-08-15T12:00:00Z,30.0,0.0,0.0,0.0,0.0,0.0,,,12.827,12.8,12.85,,,4.082,4.07,4.09,,,,0.027,,,,0.0,0.0,12.198,,,0.0,32.337,32.2,32.5,,,0.0,7348.0,7377.0,0.0,0.0,0.0,0.0,0.0,0.0,0.0,0.0,0.0,0.0,0.0,0.0,0.0,0.0,0.0,0.0,
2020-08-15T13:00:00Z,29.0,0.0,0.0,0.0,0.0,0.0,,,12.81,12.78,12.83,,,4.066,4.06,4.08,,,,0.024,,,,0.0,0.0,12.18,,,0.0,32.162,32.1,32.3,,,0.0,7378.0,7406.0,0.0,0.0,0.0,0.0,0.0,0.0,0.0,0.0,0.0,0.0,0.0,0.0,0.0,0.0,0.0,0.0,
2020-08-15T14:00:00Z,30.0,0.0,0.0,0.0,0.0,0.0,,,12.783,12.76,12.81,,,4.053,4.05,4.06,,,,0.028,,,,0.0,0.0,12.155,,,0.0,32.077,32.0,32.1,,,0.0,7407.0,7436.0,0.0,0.0,0.0,0.0,0.0,0.0,0.0,0.0,0.0,0.0,0.0,0.0,0.0,0.0,0.0,0.0,
2020-08-15T15:00:00Z,28.0,0.0,0.0,0.0,0.0,0.0,,,12.767,12.75,12.79,,,4.041,4.04,4.05,,,,0.028,,,,0.0,0.0,12.137,,,0.0,31.979,31.9,32.0,,,0.0,7437.0,7465.0,0.0,0.0,0.0,0.0,0.0,0.0,0.0,0.0,0.0,0.0,0.0,0.0,0.0,0.0,0.0,0.0,
2020-08-15T16:00:00Z,30.0,0.0,0.0,0.0,0.0,0.0,,,12.75,12.73,12.77,,,4.034,4.03,4.04,,,,0.032,,,,0.0,0.0,12.12,,,0.0,31.8,31.7,31.9,,,0.0,7466.0,7495.0,0.0,0.0,0.0,0.0,0.0,0.0,0.0,0.0,0.0,0.0,0.0,0.0,0.0,0.0,0.0,0.0,
2020-08-15T17:00:00Z,30.0,0.0,0.0,0.0,0.0,0.0,,,12.733,12.72,12.74,,,4.027,4.02,4.03,,,,0.028,,,,0.0,0.0,12.105,,,0.0,31.58,31.4,31.7,,,0.0,7496.0,7525.0,0.0,0.0,0.0,0.0,0.0,0.0,0.0,0.0,0.0,0.0,0.0,0.0,0.0,0.0,0.0,0.0,
2020-08-15T18:00:00Z,29.0,0.0,0.0,0.0,0.0,0.0,,,12.72,12.71,12.73,,,4.016,4.01,4.02,,,,0.027,,,,0.0,0.0,12.089,,,0.0,31.276,31.1,31.4,,,0.0,7526.0,7554.0,0.0,0.0,0.0,0.0,0.0,0.0,0.0,0.0,0.0,0.0,0.0,0.0,0.0,0.0,0.0,0.0,
2020-08-15T19:00:00Z,30.0,0.0,0.0,0.0,0.0,0.0,,,12.707,12.69,12.72,,,4.01,4.0,4.01,,,,0.026,,,,0.0,0.0,12.078,,,0.0,31.037,30.9,31.2,,,0.0,7555.0,7584.0,0.0,0.0,0.0,0.0,0.0,0.0,0.0,0.0,0.0,0.0,0.0,0.0,0.0,0.0,0.0,0.0,
2020-08-15T20:00:00Z,29.0,0.0,0.0,0.0,0.0,0.0,,,12.689,12.68,12.7,,,4.002,4.0,4.01,,,,0.027,,,,0.0,0.0,12.064,,,0.0,30.859,30.8,30.9,,,0.0,7585.0,7613.0,0.0,0.0,0.0,0.0,0.0,0.0,0.0,0.0,0.0,0.0,0.0,0.0,0.0,0.0,0.0,0.0,
2020-08-15T21:00:00Z,29.0,0.0,0.0,0.0,0.0,0.0,,,12.673,12.66,12.69,,,3.999,3.99,4.0,,,,0.029,,,,0.0,0.0,12.049,,,0.0,30.714,30.6,30.8,,,0.0,7614.0,7643.0,0.0,0.0,0.0,0.0,0.0,0.0,0.0,0.0,0.0,0.0,0.0,0.0,0.0,0.0,0.0,0.0,
2020-08-15T22:00:00Z,28.0,0.0,2.604,13.19,0.961,3.8,,,12.659,12.65,12.67,,,3.991,3.99,4.0,,,,0.034,,,,0.118,0.75,12.034,,,0.0,30.546,30.5,30.8,,,0.002,7644.0,7672.0,0.0,0.0,0.0,0.0,0.0,0.0,0.0,0.0,0.0,0.0,0.0,0.0,0.0,0.0,0.0,0.0,
2020-08-15T23:00:00Z,30.0,0.0,13.187,13.74,4.124,4.36,,,12.889,12.66,13.09,,,3.99,3.99,3.99,,,,0.199,,,,2.63,4.81,12.256,,,0.0,31.14,30.9,31.3,,,0.044,7673.0,7702.0,0.0,0.0,0.0,0.0,0.0,0.0,0.0,0.0,0.0,0.0,0.0,0.0,0.0,0.0,0.0,0.0,
2020-08-16T00:00:00Z,30.0,0.0,13.581,14.18,4.443,4.53,,,13.255,13.11,13.42,,,4.008,3.99,4.03,,,,0.477,,,,6.482,9.19,12.617,,,0.0,31.19,31.0,31.3,,,0.108,7703.0,7732.0,0.0,0.0,0.0,0.0,0.0,0.0,0.0,0.0,0.0,0.0,0.0,0.0,0.0,0.0,0.0,0.0,
2020-08-16T01:00:00Z,29.0,0.0,14.094,14.66,5.342,11.73,,,13.617,13.43,13.83,,,4.074,4.04,4.12,,,,1.054,,,,14.884,20.46,12.974,,,0.104,31.297,31.2,31.6,,,0.24,7733.0,7761.0,0.0,0.0,0.0,0.0,0.0,0.0,0.0,0.0,0.0,0.0,0.0,0.0,0.0,0.0,0.0,0.0,
2020-08-16T02:00:00Z,30.0,0.0,14.622,15.85,10.374,12.14,,,14.046,13.48,14.74,,,4.121,4.11,4.13,,,,1.545,,,,22.816,35.56,13.384,,,0.0,31.717,31.6,32.0,,,0.38,7762.0,7791.0,0.0,0.0,0.0,0.0,0.0,0.0,0.0,0.0,0.0,0.0,0.0,0.0,0.0,0.0,0.0,0.0,
2020-08-16T03:00:00Z,29.0,0.0,17.609,21.15,10.076,12.28,,,14.607,13.83,15.0,,,4.127,4.11,4.13,,,,1.359,,,,23.978,50.22,13.931,,,0.0,32.11,32.0,32.3,,,0.386,7792.0,7820.0,0.0,0.0,0.0,0.0,0.0,0.0,0.0,0.0,0.0,0.0,0.0,0.0,0.0,0.0,0.0,0.0,
2020-08-16T04:00:00Z,30.0,0.0,18.334,21.64,9.533,12.6,,,14.743,14.29,15.29,,,4.131,4.12,4.14,,,,0.892,,,,15.639,53.2,14.079,,,0.064,32.647,32.3,33.2,,,0.261,7821.0,7850.0,0.0,0.0,0.0,0.0,0.0,0.0,0.0,0.0,0.0,0.0,0.0,0.0,0.0,0.0,0.0,0.0,
2020-08-16T05:00:00Z,30.0,0.0,19.755,20.66,10.703,12.19,,,14.692,14.48,15.22,,,4.13,4.12,4.14,,,,0.399,,,,7.391,57.97,14.037,,,0.988,33.34,33.2,33.4,,,0.123,7851.0,7880.0,0.0,0.0,0.0,0.0,0.0,0.0,0.0,0.0,0.0,0.0,0.0,0.0,0.0,0.0,0.0,0.0,
2020-08-16T06:00:00Z,29.0,0.0,18.93,21.21,6.872,12.46,,,14.749,14.51,14.96,,,4.13,4.12,4.14,,,,0.467,,,,8.533,19.96,14.08,,,0.099,33.597,33.4,34.1,,,0.137,7881.0,7909.0,0.0,0.0,0.0,0.0,0.0,0.0,0.0,0.0,0.0,0.0,0.0,0.0,0.0,0.0,0.0,0.0,
2020-08-16T07:00:00Z,30.0,0.0,19.582,21.03,9.978,12.22,,,14.682,14.51,15.18,,,4.134,4.12,4.14,,,,0.421,,,,7.445,39.02,14.03,,,1.445,34.34,34.1,34.6,,,0.124,7910.0,7939.0,0.0,0.0,0.0,0.0,0.0,0.0,0.0,0.0,0.0,0.0,0.0,0.0,0.0,0.0,0.0,0.0,
2020-08-16T08:00:00Z,29.0,0.0,18.392,21.16,7.031,12.01,,,14.757,14.51,14.99,,,4.13,4.12,4.14,,,,0.603,,,,10.608,26.49,14.095,,,2.345,34.645,34.6,35.0,,,0.171,7940.0,7968.0,0.0,0.0,0.0,0.0,0.0,0.0,0.0,0.0,0.0,0.0,0.0,0.0,0.0,0.0,0.0,0.0,
2020-08-16T09:00:00Z,30.0,0.0,19.503,20.82,6.198,11.74,,,14.733,14.52,14.96,,,4.129,4.12,4.14,,,,0.386,,,,7.282,30.76,14.08,,,4.185,35.057,34.8,35.3,,,0.121,7969.0,7998.0,0.0,0.0,0.0,0.0,0.0,0.0,0.0,0.0,0.0,0.0,0.0,0.0,0.0,0.0,0.0,0.0,
2020-08-16T10:00:00Z,29.0,0.0,13.289,15.01,3.906,4.45,,,13.12,12.82,14.24,,,4.114,4.11,4.12,,,,0.17,,,,2.296,5.9,12.489,,,6.772,35.045,35.0,35.2,,,0.037,7999.0,8027.0,0.0,0.0,0.0,0.0,0.0,0.0,0.0,0.0,0.0,0.0,0.0,0.0,0.0,0.0,0.0,0.0,
2020-08-16T11:00:00Z,30.0,0.0,0.35,3.74,0.148,1.83,,,12.836,12.81,12.87,,,4.096,4.09,4.11,,,,0.026,,,,0.01,0.17,12.212,,,5.829,34.597,34.4,35.0,,,0.0,8028.0,8057.0,0.0,0.0,0.0,0.0,0.0,0.0,0.0,0.0,0.0,0.0,0.0,0.0,0.0,0.0,0.0,0.0,
2020-08-16T12:00:00Z,30.0,0.0,0.0,0.0,0.0,0.0,,,12.813,12.78,12.84,,,4.079,4.07,4.09,,,,0.031,,,,0.0,0.0,12.193,,,0.874,34.327,34.2,34.5,,,0.0,8058.0,8087.0,0.0,0.0,0.0,0.0,0.0,0.0,0.0,0.0,0.0,0.0,0.0,0.0,0.0,0.0,0.0,0.0,
2020-08-16T13:00:00Z,29.0,0.0,0.0,0.0,0.0,0.0,,,12.794,12.78,12.82,,,4.064,4.06,4.07,,,,0.028,,,,0.0,0.0,12.171,,,0.0,34.076,33.9,34.2,,,0.0,8088.0,8116.0,0.0,0.0,0.0,0.0,0.0,0.0,0.0,0.0,0.0,0.0,0.0,0.0,0.0,0.0,0.0,0.0,
2020-08-16T14:00:00Z,29.0,0.0,0.0,0.0,0.0,0.0,,,12.78,12.76,12.8,,,4.05,4.04,4.06,,,,0.027,,,,0.0,0.0,12.153,,,0.0,33.69,33.5,33.9,,,0.0,8117.0,8146.0,0.0,0.0,0.0,0.0,0.0,0.0,0.0,0.0,0.0,0.0,0.0,0.0,0.0,0.0,0.0,0.0,
2020-08-16T15:00:00Z,29.0,0.0,0.0,0.0,0.0,0.0,,,12.758,12.74,12.78,,,4.041,4.04,4.05,,,,0.029,,,,0.0,0.0,12.135,,,0.0,33.393,33.3,33.5,,,0.0,8147.0,8175.0,0.0,0.0,0.0,0.0,0.0,0.0,0.0,0.0,0.0,0.0,0.0,0.0,0.0,0.0,0.0,0.0,
2020-08-16T16:00:00Z,30.0,0.0,0.0,0.0,0.0,0.0,,,12.741,12.72,12.76,,,4.031,4.03,4.04,,,,0.026,,,,0.0,0.0,12.115,,,0.0,33.223,33.0,33.3,,,0.0,8176.0,8205.0,0.0,0.0,0.0,0.0,0.0,0.0,0.0,0.0,0.0,0.0,0.0,0.0,0.0,0.0,0.0,0.0,
2020-08-16T17:00:00Z,29.0,0.0,0.0,0.0,0.0,0.0,,,12.728,12.72,12.74,,,4.023,4.02,4.03,,,,0.027,,,,0.0,0.0,12.103,,,0.0,32.738,32.5,33.0,,,0.0,8206.0,8234.0,0.0,0.0,0.0,0.0,0.0,0.0,0.0,0.0,0.0,0.0,0.0,0.0,0.0,0.0,0.0,0.0,
2020-08-16T18:00:00Z,30.0,0.0,0.0,0.0,0.0,0.0,,,12.707,12.69,12.72,,,4.014,4.01,4.02,,,,0.023,,,,0.0,0.0,12.082,,,0.0,32.3,32.1,32.5,,,0.0,8235.0,8264.0,0.0,0.0,0.0,0.0,0.0,0.0,0.0,0.0,0.0,0.0,0.0,0.0,0.0,0.0,0.0,0.0,
2020-08-16T19:00:00Z,30.0,0.0,0.0,0.0,0.0,0.0,,,12.692,12.68,12.7,,,4.008,4.0,4.01,,,,0.024,,,,0.0,0.0,12.068,,,0.0,32.087,32.0,32.1,,,0.0,8265.0,8294.0,0.0,0.0,0.0,0.0,0.0,0.0,0.0,0.0,0.0,0.0,0.0,0.0,0.0,0.0,0.0,0.0,
2020-08-16T20:00:00Z,29.0,0.0,0.0,0.0,0.0,0.0,,,12.677,12.66,12.69,,,4.001,4.0,4.01,,,,0.027,,,,0.0,0.0,12.053,,,0.0,31.966,31.8,32.0,,,0.0,8295.0,8323.0,0.0,0.0,0.0,0.0,0.0,0.0,0.0,0.0,0.0,0.0,0.0,0.0,0.0,0.0,0.0,0.0,
2020-08-16T21:00:00Z,30.0,0.0,0.0,0.0,0.0,0.0,,,12.659,12.64,12.67,,,3.999,3.99,4.0,,,,0.027,,,,0.0,0.0,12.039,,,0.0,31.71,31.6,31.8,,,0.0,8324.0,8353.0,0.0,0.0,0.0,0.0,0.0,0.0,0.0,0.0,0.0,0.0,0.0,0.0,0.0,0.0,0.0,0.0,
2020-08-16T22:00:00Z,29.0,0.0,2.953,12.74,0.978,3.81,,,12.644,12.63,12.68,,,3.99,3.99,3.99,,,,0.033,,,,0.13,0.88,12.019,,,0.0,31.469,31.3,31.7,,,0.002,8354.0,8382.0,0.0,0.0,0.0,0.0,0.0,0.0,0.0,0.0,0.0,0.0,0.0,0.0,0.0,0.0,0.0,0.0,
2020-08-16T23:00:00Z,30.0,0.0,13.309,13.8,4.182,4.34,,,12.935,12.66,13.14,,,3.99,3.99,3.99,,,,0.24,,,,3.201,5.53,12.304,,,0.0,32.04,31.8,32.1,,,0.053,8383.0,8412.0,0.0,0.0,0.0,0.0,0.0,0.0,0.0,0.0,0.0,0.0,0.0,0.0,0.0,0.0,0.0,0.0,
2020-08-17T00:00:00Z,29.0,0.0,13.601,14.26,4.381,4.47,,,13.339,13.16,13.47,,,3.996,3.99,4.01,,,,0.528,,,,7.179,9.95,12.705,,,0.0,31.983,31.9,32.1,,,0.116,8413.0,8441.0,0.0,0.0,0.0,0.0,0.0,0.0,0.0,0.0,0.0,0.0,0.0,0.0,0.0,0.0,0.0,0.0,
2020-08-17T01:00:00Z,23.0,0.0,14.226,14.89,4.588,4.67,,,13.72,13.48,13.92,,,4.05,4.01,4.09,,,,1.199,,,,17.126,23.09,13.073,,,1.279,31.965,31.9,32.1,,,0.219,8442.0,8470.0,0.0,0.0,0.0,0.0,0.0,0.0,0.0,0.0,0.0,0.0,0.0,0.0,0.0,0.0,0.0,0.0,
2020-08-17T02:00:00Z,23.0,0.0,14.958,15.79,10.755,12.17,,,14.237,13.78,14.74,,,4.12,4.1,4.13,,,,1.735,,,,26.05,33.46,13.579,,,1.134,32.109,32.0,32.3,,,0.333,8471.0,8499.0,0.0,0.0,0.0,0.0,0.0,0.0,0.0,0.0,0.0,0.0,0.0,0.0,0.0,0.0,0.0,0.0,
2020-08-17T03:00:00Z,23.0,0.0,19.463,20.91,12.15,12.35,,,14.7,14.34,15.09,,,4.128,4.12,4.13,,,,1.082,,,,20.629,58.12,13.997,,,5.15,32.709,32.4,33.1,,,0.264,8502.0,8527.0,0.0,0.0,0.0,0.0,0.0,0.0,0.0,0.0,0.0,0.0,0.0,0.0,0.0,0.0,0.0,0.0,
2020-08-17T04:00:00Z,23.0,0.0,19.778,20.81,11.72,12.37,,,14.655,14.48,15.21,,,4.129,4.12,4.13,,,,0.71,,,,13.467,52.12,14.062,,,2.635,33.317,33.1,33.4,,,0.172,8528.0,8556.0,0.0,0.0,0.0,0.0,0.0,0.0,0.0,0.0,0.0,0.0,0.0,0.0,0.0,0.0,0.0,0.0,
2020-08-17T05:00:00Z,24.0,0.0,19.762,21.15,9.844,12.33,,,14.664,14.51,15.06,,,4.128,4.12,4.14,,,,0.527,,,,10.14,39.73,14.029,,,2.47,33.571,33.4,34.0,,,0.135,8557.0,8585.0,0.0,0.0,0.0,0.0,0.0,0.0,0.0,0.0,0.0,0.0,0.0,0.0,0.0,0.0,0.0,0.0,
2020-08-17T06:00:00Z,21.0,0.0,20.165,20.94,11.739,12.08,,,14.602,14.49,15.05,,,4.13,4.13,4.13,,,,0.373,,,,7.141,36.52,13.934,,,3.499,34.095,33.9,34.3,,,0.083,8586.0,8613.0,0.0,0.0,0.0,0.0,0.0,0.0,0.0,0.0,0.0,0.0,0.0,0.0,0.0,0.0,0.0,0.0,
2020-08-17T07:00:00Z,26.0,0.0,19.761,21.09,11.245,12.21,,,14.665,14.5,14.9,,,4.128,4.12,4.13,,,,0.488,,,,9.451,38.29,13.982,,,4.165,34.527,34.3,34.6,,,0.137,8616.0,8643.0,0.0,0.0,0.0,0.0,0.0,0.0,0.0,0.0,0.0,0.0,0.0,0.0,0.0,0.0,0.0,0.0,
2020-08-17T08:00:00Z,26.0,0.0,20.125,21.06,9.541,11.98,,,14.652,14.51,14.9,,,4.128,4.12,4.13,,,,0.378,,,,7.449,36.12,13.991,,,4.517,34.781,34.6,35.0,,,0.108,8647.0,8672.0,0.0,0.0,0.0,0.0,0.0,0.0,0.0,0.0,0.0,0.0,0.0,0.0,0.0,0.0,0.0,0.0,
2020-08-17T09:00:00Z,28.0,0.0,18.794,20.79,4.559,4.62,,,14.81,14.69,15.0,,,4.124,4.12,4.13,,,,0.496,,,,8.704,20.61,14.132,,,3.66,34.875,34.8,35.0,,,0.135,8673.0,8700.0,0.0,0.0,0.0,0.0,0.0,0.0,0.0,0.0,0.0,0.0,0.0,0.0,0.0,0.0,0.0,0.0,
2020-08-17T10:00:00Z,30.0,0.0,13.969,16.37,4.132,4.49,,,13.627,12.85,14.84,,,4.12,4.11,4.13,,,,0.262,,,,3.806,9.88,12.988,,,2.368,35.01,35.0,35.1,,,0.063,8702.0,8731.0,0.0,0.0,0.0,0.0,0.0,0.0,0.0,0.0,0.0,0.0,0.0,0.0,0.0,0.0,0.0,0.0,
2020-08-17T11:00:00Z,29.0,0.0,0.702,5.23,0.28,2.46,,,12.843,12.81,12.87,,,4.102,4.09,4.11,,,,0.032,,,,0.022,0.27,12.218,,,0.844,34.528,34.3,35.0,,,0.0,8732.0,8760.0,0.0,0.0,0.0,0.0,0.0,0.0,0.0,0.0,0.0,0.0,0.0,0.0,0.0,0.0,0.0,0.0,
2020-08-17T12:00:00Z,30.0,0.0,0.0,0.0,0.0,0.0,,,12.816,12.78,12.84,,,4.084,4.08,4.09,,,,0.03,,,,0.0,0.0,12.193,,,0.0,34.317,34.2,34.4,,,0.0,8761.0,8790.0,0.0,0.0,0.0,0.0,0.0,0.0,0.0,0.0,0.0,0.0,0.0,0.0,0.0,0.0,0.0,0.0,
2020-08-17T13:00:00Z,29.0,0.0,0.0,0.0,0.0,0.0,,,12.8,12.78,12.82,,,4.068,4.06,4.08,,,,0.021,,,,0.0,0.0,12.167,,,2.046,34.155,34.0,34.3,,,0.0,8791.0,8819.0,0.0,0.0,0.0,0.0,0.0,0.0,0.0,0.0,0.0,0.0,0.0,0.0,0.0,0.0,0.0,0.0,
2020-08-17T14:00:00Z,29.0,0.0,0.0,0.0,0.0,0.0,,,12.777,12.75,12.81,,,4.054,4.05,4.06,,,,0.023,,,,0.0,0.0,12.145,,,5.886,33.903,33.8,34.1,,,0.0,8820.0,8849.0,0.0,0.0,0.0,0.0,0.0,0.0,0.0,0.0,0.0,0.0,0.0,0.0,0.0,0.0,0.0,0.0,
2020-08-17T15:00:00Z,30.0,0.0,0.0,0.0,0.0,0.0,,,12.756,12.73,12.78,,,4.043,4.04,4.05,,,,0.028,,,,0.0,0.0,12.13,,,1.092,33.513,33.4,33.8,,,0.0,8850.0,8879.0,0.0,0.0,0.0,0.0,0.0,0.0,0.0,0.0,0.0,0.0,0.0,0.0,0.0,0.0,0.0,0.0,
2020-08-17T16:00:00Z,29.0,0.0,0.0,0.0,0.0,0.0,,,12.74,12.72,12.75,,,4.035,4.03,4.04,,,,0.027,,,,0.0,0.0,12.113,,,0.947,33.348,33.3,33.4,,,0.0,8880.0,8908.0,0.0,0.0,0.0,0.0,0.0,0.0,0.0,0.0,0.0,0.0,0.0,0.0,0.0,0.0,0.0,0.0,
2020-08-17T17:00:00Z,30.0,0.0,0.0,0.0,0.0,0.0,,,12.724,12.71,12.74,,,4.028,4.02,4.03,,,,0.028,,,,0.0,0.0,12.098,,,0.0,33.107,33.0,33.3,,,0.0,8909.0,8938.0,0.0,0.0,0.0,0.0,0.0,0.0,0.0,0.0,0.0,0.0,0.0,0.0,0.0,0.0,0.0,0.0,
2020-08-17T18:00:00Z,29.0,0.0,0.0,0.0,0.0,0.0,,,12.71,12.69,12.72,,,4.018,4.01,4.02,,,,0.026,,,,0.0,0.0,12.081,,,0.0,32.752,32.5,33.0,,,0.0,8939.0,8967.0,0.0,0.0,0.0,0.0,0.0,0.0,0.0,0.0,0.0,0.0,0.0,0.0,0.0,0.0,0.0,0.0,
2020-08-17T19:00:00Z,30.0,0.0,0.0,0.0,0.0,0.0,,,12.692,12.68,12.7,,,4.01,4.01,4.02,,,,0.024,,,,0.0,0.0,12.065,,,0.0,32.393,32.3,32.5,,,0.0,8968.0,8997.0,0.0,0.0,0.0,0.0,0.0,0.0,0.0,0.0,0.0,0.0,0.0,0.0,0.0,0.0,0.0,0.0,
2020-08-17T20:00:00Z,29.0,0.0,0.0,0.0,0.0,0.0,,,12.68,12.66,12.69,,,4.002,4.0,4.01,,,,0.024,,,,0.0,0.0,12.056,,,0.0,32.138,32.1,32.3,,,0.0,8998.0,9026.0,0.0,0.0,0.0,0.0,0.0,0.0,0.0,0.0,0.0,0.0,0.0,0.0,0.0,0.0,0.0,0.0,
2020-08-17T21:00:00Z,30.0,0.0,0.0,0.0,0.0,0.0,,,12.66,12.65,12.67,,,4.0,4.0,4.0,,,,0.026,,,,0.0,0.0,12.036,,,0.0,32.037,32.0,32.1,,,0.0,9027.0,9056.0,0.0,0.0,0.0,0.0,0.0,0.0,0.0,0.0,0.0,0.0,0.0,0.0,0.0,0.0,0.0,0.0,
2020-08-17T22:00:00Z,30.0,0.0,2.854,13.27,0.898,3.81,,,12.643,12.63,12.66,,,3.992,3.99,4.0,,,,0.035,,,,0.151,0.95,12.019,,,0.0,31.933,31.8,32.1,,,0.003,9057.0,9086.0,0.0,0.0,0.0,0.0,0.0,0.0,0.0,0.0,0.0,0.0,0.0,0.0,0.0,0.0,0.0,0.0,
2020-08-17T23:00:00Z,29.0,0.0,13.21,13.69,4.181,4.35,,,12.907,12.67,13.05,,,3.99,3.99,3.99,,,,0.214,,,,2.849,4.49,12.279,,,0.0,32.252,32.1,32.3,,,0.046,9087.0,9115.0,0.0,0.0,0.0,0.0,0.0,0.0,0.0,0.0,0.0,0.0,0.0,0.0,0.0,0.0,0.0,0.0,
2020-08-18T00:00:00Z,30.0,0.0,13.617,14.3,4.393,4.51,,,13.206,13.06,13.5,,,4.001,3.99,4.02,,,,0.452,,,,6.196,11.75,12.57,,,0.0,32.237,32.1,32.3,,,0.103,9116.0,9145.0,0.0,0.0,0.0,0.0,0.0,0.0,0.0,0.0,0.0,0.0,0.0,0.0,0.0,0.0,0.0,0.0,
2020-08-18T01:00:00Z,28.0,0.0,14.082,14.75,4.561,4.68,,,13.609,13.47,13.94,,,4.049,4.02,4.09,,,,1.022,,,,14.438,23.39,12.964,,,0.385,32.286,32.2,32.4,,,0.225,9146.0,9174.0,0.0,0.0,0.0,0.0,0.0,0.0,0.0,0.0,0.0,0.0,0.0,0.0,0.0,0.0,0.0,0.0,
2020-08-18T02:00:00Z,28.0,0.0,14.531,15.87,9.232,12.28,,,13.914,13.47,14.72,,,4.118,4.08,4.13,,,,1.461,,,,21.415,39.7,13.262,,,0.366,32.539,32.3,32.9,,,0.333,9175.0,9203.0,0.0,0.0,0.0,0.0,0.0,0.0,0.0,0.0,0.0,0.0,0.0,0.0,0.0,0.0,0.0,0.0,
2020-08-18T03:00:00Z,19.0,0.0,16.347,20.48,11.413,12.21,,,14.609,14.1,14.88,,,4.129,4.12,4.13,,,,1.578,,,,25.036,36.58,13.907,,,0.172,33.126,32.8,33.4,,,0.264,9204.0,9232.0,0.0,0.0,0.0,0.0,0.0,0.0,0.0,0.0,0.0,0.0,0.0,0.0,0.0,0.0,0.0,0.0,
2020-08-18T04:00:00Z,29.0,0.0,19.561,20.88,11.691,12.33,,,14.719,14.45,15.29,,,4.13,4.12,4.13,,,,0.862,,,,15.725,59.19,14.063,,,1.246,33.614,33.4,33.8,,,0.253,9233.0,9261.0,0.0,0.0,0.0,0.0,0.0,0.0,0.0,0.0,0.0,0.0,0.0,0.0,0.0,0.0,0.0,0.0,
2020-08-18T05:00:00Z,22.0,0.0,19.595,20.85,11.119,12.28,,,14.673,14.51,15.25,,,4.129,4.12,4.13,,,,0.48,,,,8.782,36.16,14.011,,,0.745,34.145,33.8,34.5,,,0.107,9262.0,9289.0,0.0,0.0,0.0,0.0,0.0,0.0,0.0,0.0,0.0,0.0,0.0,0.0,0.0,0.0,0.0,0.0,
2020-08-18T06:00:00Z,24.0,0.0,18.839,21.17,8.679,12.46,,,14.73,14.49,15.18,,,4.126,4.12,4.14,,,,0.463,,,,7.949,43.6,14.049,,,6.53,34.642,34.5,34.8,,,0.106,9291.0,9319.0,0.0,0.0,0.0,0.0,0.0,0.0,0.0,0.0,0.0,0.0,0.0,0.0,0.0,0.0,0.0,0.0,
2020-08-18T07:00:00Z,27.0,0.0,19.53,21.39,10.431,12.47,,,14.671,14.49,15.13,,,4.136,4.12,4.14,,,,0.389,,,,7.111,24.69,14.011,,,9.962,35.085,34.7,35.4,,,0.107,9320.0,9348.0,0.0,0.0,0.0,0.0,0.0,0.0,0.0,0.0,0.0,0.0,0.0,0.0,0.0,0.0,0.0,0.0,
2020-08-18T08:00:00Z,29.0,0.0,15.121,20.66,4.385,4.62,,,13.887,12.96,14.81,,,4.12,4.11,4.13,,,,0.299,,,,4.543,9.78,13.244,,,7.754,35.338,35.2,35.4,,,0.073,9349.0,9377.0,0.0,0.0,0.0,0.0,0.0,0.0,0.0,0.0,0.0,0.0,0.0,0.0,0.0,0.0,0.0,0.0,
2020-08-18T09:00:00Z,29.0,0.0,13.229,13.57,3.567,4.01,,,12.889,12.84,12.94,,,4.104,4.09,4.12,,,,0.108,,,,1.423,2.03,12.26,,,0.465,35.4,35.4,35.4,,,0.023,9378.0,9407.0,0.0,0.0,0.0,0.0,0.0,0.0,0.0,0.0,0.0,0.0,0.0,0.0,0.0,0.0,0.0,0.0,
2020-08-18T10:00:00Z,29.0,0.0,12.621,13.48,3.626,3.97,,,12.833,12.79,12.87,,,4.086,4.08,4.09,,,,0.072,,,,0.899,1.34,12.21,,,0.0,35.462,35.4,35.5,,,0.014,9408.0,9436.0,0.0,0.0,0.0,0.0,0.0,0.0,0.0,0.0,0.0,0.0,0.0,0.0,0.0,0.0,0.0,0.0,
2020-08-18T11:00:00Z,30.0,0.0,0.579,3.83,0.214,2.25,,,12.799,12.77,12.83,,,4.072,4.06,4.08,,,,0.024,,,,0.011,0.12,12.169,,,0.0,34.737,34.6,35.4,,,0.0,9437.0,9466.0,0.0,0.0,0.0,0.0,0.0,0.0,0.0,0.0,0.0,0.0,0.0,0.0,0.0,0.0,0.0,0.0,
2020-08-18T12:00:00Z,30.0,0.0,0.0,0.0,0.0,0.0,,,12.783,12.75,12.81,,,4.056,4.05,4.06,,,,0.028,,,,0.0,0.0,12.156,,,0.0,34.447,34.3,34.6,,,0.0,9467.0,9496.0,0.0,0.0,0.0,0.0,0.0,0.0,0.0,0.0,0.0,0.0,0.0,0.0,0.0,0.0,0.0,0.0,
2020-08-18T13:00:00Z,29.0,0.0,0.0,0.0,0.0,0.0,,,12.764,12.74,12.78,,,4.045,4.04,4.05,,,,0.032,,,,0.0,0.0,12.137,,,0.0,34.169,34.0,34.3,,,0.0,9497.0,9525.0,0.0,0.0,0.0,0.0,0.0,0.0,0.0,0.0,0.0,0.0,0.0,0.0,0.0,0.0,0.0,0.0,
2020-08-18T14:00:00Z,30.0,0.0,0.0,0.0,0.0,0.0,,,12.75,12.73,12.77,,,4.035,4.03,4.04,,,,0.031,,,,0.0,0.0,12.122,,,0.0,33.87,33.7,34.0,,,0.0,9526.0,9555.0,0.0,0.0,0.0,0.0,0.0,0.0,0.0,0.0,0.0,0.0,0.0,0.0,0.0,0.0,0.0,0.0,
2020-08-18T15:00:00Z,29.0,0.0,0.0,0.0,0.0,0.0,,,12.729,12.72,12.75,,,4.029,4.02,4.03,,,,0.026,,,,0.0,0.0,12.106,,,0.0,33.514,33.4,33.7,,,0.0,9556.0,9584.0,0.0,0.0,0.0,0.0,0.0,0.0,0.0,0.0,0.0,0.0,0.0,0.0,0.0,0.0,0.0,0.0,
2020-08-18T16:00:00Z,30.0,0.0,0.0,0.0,0.0,0.0,,,12.716,12.7,12.73,,,4.018,4.01,4.02,,,,0.027,,,,0.0,0.0,12.089,,,0.0,33.373,33.3,33.4,,,0.0,9585.0,9614.0,0.0,0.0,0.0,0.0,0.0,0.0,0.0,0.0,0.0,0.0,0.0,0.0,0.0,0.0,0.0,0.0,
2020-08-18T17:00:00Z,29.0,0.0,0.0,0.0,0.0,0.0,,,12.701,12.69,12.72,,,4.01,4.01,4.01,,,,0.023,,,,0.0,0.0,12.074,,,0.0,33.217,33.1,33.3,,,0.0,9615.0,9643.0,0.0,0.0,0.0,0.0,0.0,0.0,0.0,0.0,0.0,0.0,0.0,0.0,0.0,0.0,0.0,0.0,
2020-08-18T18:00:00Z,30.0,0.0,0.0,0.0,0.0,0.0,,,12.684,12.67,12.69,,,4.005,4.0,4.01,,,,0.027,,,,0.0,0.0,12.058,,,0.0,32.85,32.6,33.1,,,0.0,9644.0,9673.0,0.0,0.0,0.0,0.0,0.0,0.0,0.0,0.0,0.0,0.0,0.0,0.0,0.0,0.0,0.0,0.0,
2020-08-18T19:00:00Z,29.0,0.0,0.0,0.0,0.0,0.0,,,12.663,12.65,12.68,,,4.0,4.0,4.0,,,,0.026,,,,0.0,0.0,12.042,,,0.0,32.455,32.4,32.5,,,0.0,9674.0,9703.0,0.0,0.0,0.0,0.0,0.0,0.0,0.0,0.0,0.0,0.0,0.0,0.0,0.0,0.0,0.0,0.0,
2020-08-18T20:00:00Z,29.0,0.0,0.0,0.0,0.0,0.0,,,12.641,12.62,12.66,,,3.994,3.99,4.0,,,,0.026,,,,0.0,0.0,12.021,,,0.0,32.21,32.1,32.3,,,0.0,9704.0,9732.0,0.0,0.0,0.0,0.0,0.0,0.0,0.0,0.0,0.0,0.0,0.0,0.0,0.0,0.0,0.0,0.0,
2020-08-18T21:00:00Z,29.0,0.0,0.0,0.0,0.0,0.0,,,12.63,12.62,12.64,,,3.99,3.99,3.99,,,,0.027,,,,0.0,0.0,12.004,,,0.0,32.093,32.0,32.1,,,0.0,9733.0,9762.0,0.0,0.0,0.0,0.0,0.0,0.0,0.0,0.0,0.0,0.0,0.0,0.0,0.0,0.0,0.0,0.0,
2020-08-18T22:00:00Z,29.0,0.0,0.61,4.87,0.264,2.27,,,12.618,12.61,12.63,,,3.987,3.98,3.99,,,,0.027,,,,0.017,0.14,11.99,,,2.803,32.014,32.0,32.1,,,0.0,9763.0,9791.0,0.0,0.0,0.0,0.0,0.0,0.0,0.0,0.0,0.0,0.0,0.0,0.0,0.0,0.0,0.0,0.0,
2020-08-18T23:00:00Z,29.0,0.0,12.718,13.66,3.918,4.27,,,12.799,12.6,12.97,,,3.981,3.98,3.99,,,,0.164,,,,2.138,4.24,12.17,,,9.302,32.417,32.1,32.7,,,0.034,9792.0,9821.0,0.0,0.0,0.0,0.0,0.0,0.0,0.0,0.0,0.0,0.0,0.0,0.0,0.0,0.0,0.0,0.0,
2020-08-19T00:00:00Z,29.0,0.0,13.504,14.08,4.307,4.34,,,13.131,12.98,13.32,,,3.983,3.98,3.99,,,,0.382,,,,5.151,7.25,12.497,,,3.847,32.359,32.2,32.4,,,0.083,9822.0,9850.0,0.0,0.0,0.0,0.0,0.0,0.0,0.0,0.0,0.0,0.0,0.0,0.0,0.0,0.0,0.0,0.0,
2020-08-19T01:00:00Z,29.0,0.0,13.931,14.41,4.402,4.47,,,13.492,13.35,13.6,,,3.995,3.99,4.01,,,,0.712,,,,9.936,13.11,12.857,,,4.373,32.166,32.1,32.3,,,0.16,9851.0,9880.0,0.0,0.0,0.0,0.0,0.0,0.0,0.0,0.0,0.0,0.0,0.0,0.0,0.0,0.0,0.0,0.0,
2020-08-19T02:00:00Z,27.0,0.0,14.078,14.67,4.506,4.55,,,13.691,13.58,13.8,,,4.027,4.01,4.05,,,,1.086,,,,15.307,18.33,13.046,,,1.71,32.104,32.1,32.2,,,0.23,9881.0,9909.0,0.0,0.0,0.0,0.0,0.0,0.0,0.0,0.0,0.0,0.0,0.0,0.0,0.0,0.0,0.0,0.0,
2020-08-19T03:00:00Z,21.0,0.0,14.491,15.22,5.638,12.0,,,13.964,13.75,14.48,,,4.079,4.05,4.12,,,,1.339,,,,19.482,28.05,13.312,,,1.697,32.138,32.1,32.4,,,0.227,9910.0,9938.0,0.0,0.0,0.0,0.0,0.0,0.0,0.0,0.0,0.0,0.0,0.0,0.0,0.0,0.0,0.0,0.0,
2020-08-19T04:00:00Z,26.0,0.0,18.605,21.13,12.093,12.36,,,14.645,14.09,15.13,,,4.123,4.12,4.13,,,,1.33,,,,23.409,54.69,13.928,,,3.443,32.658,32.3,32.9,,,0.338,9939.0,9965.0,0.0,0.0,0.0,0.0,0.0,0.0,0.0,0.0,0.0,0.0,0.0,0.0,0.0,0.0,0.0,0.0,
2020-08-19T05:00:00Z,29.0,0.0,19.603,21.32,10.858,12.61,,,14.689,14.48,15.27,,,4.128,4.12,4.13,,,,0.72,,,,13.503,65.45,14.025,,,4.649,33.186,32.9,33.4,,,0.218,9968.0,9996.0,0.0,0.0,0.0,0.0,0.0,0.0,0.0,0.0,0.0,0.0,0.0,0.0,0.0,0.0,0.0,0.0,
2020-08-19T06:00:00Z,29.0,0.0,19.715,21.12,12.023,12.58,,,14.672,14.48,15.22,,,4.13,4.13,4.13,,,,0.542,,,,9.768,50.58,13.992,,,6.061,33.476,33.4,33.7,,,0.157,9997.0,10026.0,0.0,0.0,0.0,0.0,0.0,0.0,0.0,0.0,0.0,0.0,0.0,0.0,0.0,0.0,0.0,0.0,
2020-08-19T07:00:00Z,28.0,0.0,20.225,21.12,7.683,12.12,,,14.664,14.48,14.93,,,4.125,4.12,4.13,,,,0.375,,,,7.449,26.19,14.056,,,5.501,33.954,33.7,34.3,,,0.116,10027.0,10055.0,0.0,0.0,0.0,0.0,0.0,0.0,0.0,0.0,0.0,0.0,0.0,0.0,0.0,0.0,0.0,0.0,
2020-08-19T08:00:00Z,30.0,0.0,17.35,20.83,5.962,11.99,,,14.441,13.24,15.02,,,4.125,4.12,4.13,,,,0.435,,,,7.33,29.74,13.784,,,2.291,34.463,34.2,34.6,,,0.122,10056.0,10085.0,0.0,0.0,0.0,0.0,0.0,0.0,0.0,0.0,0.0,0.0,0.0,0.0,0.0,0.0,0.0,0.0,
2020-08-19T09:00:00Z,29.0,0.0,15.266,20.34,4.471,4.55,,,14.209,13.28,14.83,,,4.124,4.12,4.13,,,,0.432,,,,6.556,11.22,13.562,,,0.619,34.524,34.3,34.8,,,0.106,10086.0,10114.0,0.0,0.0,0.0,0.0,0.0,0.0,0.0,0.0,0.0,0.0,0.0,0.0,0.0,0.0,0.0,0.0,
2020-08-19T10:00:00Z,30.0,0.0,10.711,16.51,3.274,4.54,,,13.426,12.81,14.85,,,4.119,4.11,4.13,,,,0.202,,,,2.861,9.07,12.79,,,2.481,34.727,34.3,34.9,,,0.048,10115.0,10144.0,0.0,0.0,0.0,0.0,0.0,0.0,0.0,0.0,0.0,0.0,0.0,0.0,0.0,0.0,0.0,0.0,
2020-08-19T11:00:00Z,30.0,0.0,0.0,0.0,0.0,0.0,,,12.825,12.79,12.85,,,4.098,4.09,4.11,,,,0.025,,,,0.0,0.0,12.2,,,1.134,33.923,33.8,34.2,,,0.0,10145.0,10174.0,0.0,0.0,0.0,0.0,0.0,0.0,0.0,0.0,0.0,0.0,0.0,0.0,0.0,0.0,0.0,0.0,
2020-08-19T12:00:00Z,29.0,0.0,0.0,0.0,0.0,0.0,,,12.804,12.78,12.83,,,4.081,4.07,4.09,,,,0.031,,,,0.0,0.0,12.183,,,0.0,33.776,33.7,33.9,,,0.0,10175.0,10203.0,0.0,0.0,0.0,0.0,0.0,0.0,0.0,0.0,0.0,0.0,0.0,0.0,0.0,0.0,0.0,0.0,
2020-08-19T13:00:00Z,28.0,0.0,0.0,0.0,0.0,0.0,,,12.785,12.76,12.81,,,4.065,4.06,4.08,,,,0.027,,,,0.0,0.0,12.163,,,2.877,33.532,33.4,33.7,,,0.0,10204.0,10232.0,0.0,0.0,0.0,0.0,0.0,0.0,0.0,0.0,0.0,0.0,0.0,0.0,0.0,0.0,0.0,0.0,
2020-08-19T14:00:00Z,30.0,0.0,0.0,0.0,0.0,0.0,,,12.766,12.74,12.78,,,4.051,4.05,4.06,,,,0.028,,,,0.0,0.0,12.141,,,0.0,33.31,33.2,33.4,,,0.0,10233.0,10262.0,0.0,0.0,0.0,0.0,0.0,0.0,0.0,0.0,0.0,0.0,0.0,0.0,0.0,0.0,0.0,0.0,
2020-08-19T15:00:00Z,20.0,0.0,0.0,0.0,0.0,0.0,,,12.748,12.74,12.76,,,4.04,4.04,4.05,,,,0.029,,,,0.0,0.0,12.123,,,0.0,32.905,32.6,33.1,,,0.0,10263.0,10282.0,0.0,0.0,0.0,0.0,0.0,0.0,0.0,0.0,0.0,0.0,0.0,0.0,0.0,0.0,0.0,0.0,
2020-08-20T00:00:00Z,15.0,0.0,14.029,14.51,4.328,4.36,,,13.635,13.59,13.66,,,3.952,3.94,3.96,,,,0.618,,,,8.647,10.24,13.011,,,0.0,31.287,31.2,31.3,,,0.072,10517.0,10531.0,0.0,0.0,0.0,0.0,0.0,0.0,0.0,0.0,0.0,0.0,0.0,0.0,0.0,0.0,0.0,0.0,
2020-08-20T01:00:00Z,28.0,0.0,14.2,14.75,4.434,4.55,,,13.719,13.63,13.93,,,3.969,3.96,3.99,,,,0.977,,,,13.913,22.04,13.088,,,0.0,31.304,31.3,31.4,,,0.216,10532.0,10560.0,0.0,0.0,0.0,0.0,0.0,0.0,0.0,0.0,0.0,0.0,0.0,0.0,0.0,0.0,0.0,0.0,
2020-08-20T02:00:00Z,25.0,0.0,15.092,21.0,4.552,4.62,,,14.138,13.81,14.87,,,3.997,3.98,4.02,,,,1.586,,,,24.236,46.19,13.501,,,0.013,31.44,31.3,31.7,,,0.337,10561.0,10589.0,0.0,0.0,0.0,0.0,0.0,0.0,0.0,0.0,0.0,0.0,0.0,0.0,0.0,0.0,0.0,0.0,
2020-08-20T03:00:00Z,30.0,0.0,17.666,21.28,4.598,4.69,,,14.738,14.32,15.1,,,4.042,4.02,4.09,,,,1.338,,,,23.105,46.9,14.073,,,0.555,31.83,31.7,32.0,,,0.385,10590.0,10619.0,0.0,0.0,0.0,0.0,0.0,0.0,0.0,0.0,0.0,0.0,0.0,0.0,0.0,0.0,0.0,0.0,
2020-08-20T04:00:00Z,29.0,0.0,19.998,21.03,8.876,12.07,,,14.668,14.46,14.96,,,4.113,4.08,4.13,,,,0.539,,,,10.37,37.93,14.011,,,0.559,32.286,32.1,32.5,,,0.167,10620.0,10648.0,0.0,0.0,0.0,0.0,0.0,0.0,0.0,0.0,0.0,0.0,0.0,0.0,0.0,0.0,0.0,0.0,
2020-08-20T05:00:00Z,27.0,0.0,20.039,21.01,11.924,12.18,,,14.654,14.5,15.15,,,4.124,4.12,4.13,,,,0.537,,,,9.954,39.22,13.984,,,3.149,32.856,32.5,33.2,,,0.149,10650.0,10677.0,0.0,0.0,0.0,0.0,0.0,0.0,0.0,0.0,0.0,0.0,0.0,0.0,0.0,0.0,0.0,0.0,
2020-08-20T06:00:00Z,30.0,0.0,19.942,21.18,11.696,12.49,,,14.672,14.48,15.25,,,4.129,4.12,4.13,,,,0.426,,,,7.775,37.93,13.976,,,1.957,33.327,33.2,33.4,,,0.13,10678.0,10707.0,0.0,0.0,0.0,0.0,0.0,0.0,0.0,0.0,0.0,0.0,0.0,0.0,0.0,0.0,0.0,0.0,
2020-08-20T07:00:00Z,28.0,0.0,19.435,21.15,9.776,12.22,,,14.725,14.5,15.15,,,4.127,4.12,4.13,,,,0.569,,,,10.177,39.86,14.039,,,2.988,33.543,33.4,33.8,,,0.158,10708.0,10736.0,0.0,0.0,0.0,0.0,0.0,0.0,0.0,0.0,0.0,0.0,0.0,0.0,0.0,0.0,0.0,0.0,
2020-08-20T08:00:00Z,30.0,0.0,18.939,21.14,9.311,12.11,,,14.664,14.42,14.96,,,4.128,4.12,4.14,,,,0.432,,,,7.674,34.37,13.986,,,1.777,33.963,33.7,34.2,,,0.128,10737.0,10766.0,0.0,0.0,0.0,0.0,0.0,0.0,0.0,0.0,0.0,0.0,0.0,0.0,0.0,0.0,0.0,0.0,
2020-08-20T09:00:00Z,29.0,0.0,18.738,20.93,5.018,11.48,,,14.752,14.15,15.03,,,4.127,4.12,4.14,,,,0.444,,,,7.958,22.64,14.079,,,2.212,34.272,34.1,34.4,,,0.128,10767.0,10795.0,0.0,0.0,0.0,0.0,0.0,0.0,0.0,0.0,0.0,0.0,0.0,0.0,0.0,0.0,0.0,0.0,
2020-08-20T10:00:00Z,30.0,0.0,11.793,14.26,3.614,4.41,,,13.047,12.81,13.92,,,4.111,4.1,4.12,,,,0.136,,,,1.764,4.71,12.42,,,2.6,34.203,34.0,34.4,,,0.029,10796.0,10825.0,0.0,0.0,0.0,0.0,0.0,0.0,0.0,0.0,0.0,0.0,0.0,0.0,0.0,0.0,0.0,0.0,
2020-08-20T11:00:00Z,29.0,0.0,0.34,3.95,0.105,1.3,,,12.819,12.79,12.85,,,4.092,4.08,4.1,,,,0.041,,,,0.013,0.13,12.203,,,4.922,33.448,33.3,33.9,,,0.0,10826.0,10854.0,0.0,0.0,0.0,0.0,0.0,0.0,0.0,0.0,0.0,0.0,0.0,0.0,0.0,0.0,0.0,0.0,
2020-08-20T12:00:00Z,30.0,0.0,0.0,0.0,0.0,0.0,,,12.804,12.78,12.83,,,4.076,4.07,4.08,,,,0.03,,,,0.0,0.0,12.178,,,0.0,33.317,33.3,33.4,,,0.0,10855.0,10884.0,0.0,0.0,0.0,0.0,0.0,0.0,0.0,0.0,0.0,0.0,0.0,0.0,0.0,0.0,0.0,0.0,
2020-08-20T13:00:00Z,29.0,0.0,0.0,0.0,0.0,0.0,,,12.787,12.76,12.81,,,4.062,4.05,4.07,,,,0.03,,,,0.0,0.0,12.159,,,0.0,33.21,33.0,33.3,,,0.0,10885.0,10913.0,0.0,0.0,0.0,0.0,0.0,0.0,0.0,0.0,0.0,0.0,0.0,0.0,0.0,0.0,0.0,0.0,
2020-08-20T14:00:00Z,30.0,0.0,0.0,0.0,0.0,0.0,,,12.766,12.75,12.78,,,4.048,4.04,4.05,,,,0.031,,,,0.0,0.0,12.139,,,0.0,32.877,32.6,33.0,,,0.0,10914.0,10943.0,0.0,0.0,0.0,0.0,0.0,0.0,0.0,0.0,0.0,0.0,0.0,0.0,0.0,0.0,0.0,0.0,
2020-08-20T15:00:00Z,30.0,0.0,0.0,0.0,0.0,0.0,,,12.748,12.73,12.78,,,4.04,4.04,4.04,,,,0.027,,,,0.0,0.0,12.119,,,0.0,32.47,32.3,32.7,,,0.0,10944.0,10973.0,0.0,0.0,0.0,0.0,0.0,0.0,0.0,0.0,0.0,0.0,0.0,0.0,0.0,0.0,0.0,0.0,
2020-08-20T16:00:00Z,29.0,0.0,0.0,0.0,0.0,0.0,,,12.731,12.72,12.75,,,4.03,4.03,4.04,,,,0.026,,,,0.0,0.0,12.106,,,0.0,32.172,32.1,32.3,,,0.0,10974.0,11002.0,0.0,0.0,0.0,0.0,0.0,0.0,0.0,0.0,0.0,0.0,0.0,0.0,0.0,0.0,0.0,0.0,
2020-08-20T17:00:00Z,30.0,0.0,0.0,0.0,0.0,0.0,,,12.718,12.7,12.74,,,4.023,4.02,4.03,,,,0.025,,,,0.0,0.0,12.088,,,0.0,32.04,32.0,32.1,,,0.0,11003.0,11032.0,0.0,0.0,0.0,0.0,0.0,0.0,0.0,0.0,0.0,0.0,0.0,0.0,0.0,0.0,0.0,0.0,
2020-08-20T18:00:00Z,29.0,0.0,0.0,0.0,0.0,0.0,,,12.697,12.69,12.71,,,4.015,4.01,4.02,,,,0.026,,,,0.0,0.0,12.073,,,0.0,31.869,31.7,32.0,,,0.0,11033.0,11061.0,0.0,0.0,0.0,0.0,0.0,0.0,0.0,0.0,0.0,0.0,0.0,0.0,0.0,0.0,0.0,0.0,
2020-08-20T19:00:00Z,30.0,0.0,0.0,0.0,0.0,0.0,,,12.682,12.66,12.69,,,4.01,4.0,4.01,,,,0.026,,,,0.0,0.0,12.056,,,0.0,31.647,31.5,31.7,,,0.0,11062.0,11091.0,0.0,0.0,0.0,0.0,0.0,0.0,0.0,0.0,0.0,0.0,0.0,0.0,0.0,0.0,0.0,0.0,
2020-08-20T20:00:00Z,29.0,0.0,0.0,0.0,0.0,0.0,,,12.664,12.66,12.68,,,4.001,4.0,4.01,,,,0.026,,,,0.0,0.0,12.044,,,0.0,31.41,31.3,31.5,,,0.0,11092.0,11120.0,0.0,0.0,0.0,0.0,0.0,0.0,0.0,0.0,0.0,0.0,0.0,0.0,0.0,0.0,0.0,0.0,
2020-08-20T21:00:00Z,30.0,0.0,0.0,0.0,0.0,0.0,,,12.645,12.63,12.66,,,3.999,3.99,4.0,,,,0.027,,,,0.0,0.0,12.021,,,0.0,31.23,31.1,31.3,,,0.0,11121.0,11150.0,0.0,0.0,0.0,0.0,0.0,0.0,0.0,0.0,0.0,0.0,0.0,0.0,0.0,0.0,0.0,0.0,
2020-08-20T22:00:00Z,30.0,0.0,2.89,13.09,1.101,3.81,,,12.629,12.61,12.66,,,3.991,3.99,4.0,,,,0.036,,,,0.158,0.95,12.005,,,0.0,31.07,31.0,31.5,,,0.003,11151.0,11180.0,0.0,0.0,0.0,0.0,0.0,0.0,0.0,0.0,0.0,0.0,0.0,0.0,0.0,0.0,0.0,0.0,
2020-08-20T23:00:00Z,29.0,0.0,13.194,13.69,4.229,4.36,,,12.867,12.65,12.96,,,3.99,3.99,3.99,,,,0.177,,,,2.329,3.95,12.238,,,0.0,31.834,31.6,31.9,,,0.038,11181.0,11209.0,0.0,0.0,0.0,0.0,0.0,0.0,0.0,0.0,0.0,0.0,0.0,0.0,0.0,0.0,0.0,0.0,
2020-08-21T00:00:00Z,30.0,0.0,13.47,14.07,4.433,4.52,,,13.104,12.89,13.34,,,4.006,3.99,4.03,,,,0.382,,,,5.16,8.47,12.466,,,0.658,31.863,31.8,32.0,,,0.086,11210.0,11239.0,0.0,0.0,0.0,0.0,0.0,0.0,0.0,0.0,0.0,0.0,0.0,0.0,0.0,0.0,0.0,0.0,
2020-08-21T01:00:00Z,21.0,0.0,14.169,14.95,4.613,4.73,,,13.643,13.33,13.96,,,4.071,4.02,4.12,,,,1.1,,,,15.671,25.61,13.0,,,5.912,31.976,31.9,32.1,,,0.183,11242.0,11267.0,0.0,0.0,0.0,0.0,0.0,0.0,0.0,0.0,0.0,0.0,0.0,0.0,0.0,0.0,0.0,0.0,
2020-08-21T02:00:00Z,22.0,0.0,14.979,15.89,10.802,12.43,,,14.145,13.45,14.65,,,4.119,4.11,4.13,,,,1.742,,,,26.381,34.5,13.489,,,4.53,32.223,32.1,32.5,,,0.322,11270.0,11296.0,0.0,0.0,0.0,0.0,0.0,0.0,0.0,0.0,0.0,0.0,0.0,0.0,0.0,0.0,0.0,0.0,
2020-08-21T03:00:00Z,20.0,0.0,18.569,20.92,12.131,12.26,,,14.73,14.39,15.12,,,4.128,4.12,4.13,,,,1.328,,,,23.436,49.9,14.066,,,4.04,33.03,32.5,33.4,,,0.26,11297.0,11325.0,0.0,0.0,0.0,0.0,0.0,0.0,0.0,0.0,0.0,0.0,0.0,0.0,0.0,0.0,0.0,0.0,
2020-08-21T04:00:00Z,29.0,0.0,18.924,20.78,11.118,12.72,,,14.769,14.43,15.3,,,4.129,4.12,4.13,,,,0.832,,,,14.514,47.33,14.078,,,5.204,33.41,33.3,33.6,,,0.234,11326.0,11354.0,0.0,0.0,0.0,0.0,0.0,0.0,0.0,0.0,0.0,0.0,0.0,0.0,0.0,0.0,0.0,0.0,
2020-08-21T05:00:00Z,29.0,0.0,19.629,20.88,11.881,12.52,,,14.697,14.51,15.26,,,4.13,4.12,4.13,,,,0.577,,,,10.563,53.9,14.02,,,6.166,33.914,33.7,34.2,,,0.17,11355.0,11384.0,0.0,0.0,0.0,0.0,0.0,0.0,0.0,0.0,0.0,0.0,0.0,0.0,0.0,0.0,0.0,0.0,
2020-08-21T06:00:00Z,28.0,0.0,19.357,21.17,9.973,12.58,,,14.697,14.48,15.15,,,4.128,4.12,4.14,,,,0.561,,,,10.561,51.28,14.04,,,7.969,34.443,34.2,34.6,,,0.164,11386.0,11413.0,0.0,0.0,0.0,0.0,0.0,0.0,0.0,0.0,0.0,0.0,0.0,0.0,0.0,0.0,0.0,0.0,
2020-08-21T07:00:00Z,19.0,0.0,17.944,20.75,8.519,12.46,,,14.714,14.14,15.23,,,4.127,4.12,4.14,,,,0.571,,,,9.525,41.3,14.031,,,5.339,34.668,34.6,34.8,,,0.101,11414.0,11437.0,0.0,0.0,0.0,0.0,0.0,0.0,0.0,0.0,0.0,0.0,0.0,0.0,0.0,0.0,0.0,0.0,
2020-08-21T08:00:00Z,24.0,0.0,19.269,20.8,9.705,12.16,,,14.638,14.11,15.03,,,4.128,4.11,4.13,,,,0.461,,,,8.423,28.8,13.981,,,9.454,35.292,35.0,35.5,,,0.112,11445.0,11470.0,0.0,0.0,0.0,0.0,0.0,0.0,0.0,0.0,0.0,0.0,0.0,0.0,0.0,0.0,0.0,0.0,
2020-08-21T09:00:00Z,30.0,0.0,17.891,20.77,4.524,4.62,,,14.813,14.69,14.96,,,4.124,4.12,4.13,,,,0.529,,,,9.044,22.72,14.137,,,8.814,35.453,35.4,35.6,,,0.151,11471.0,11500.0,0.0,0.0,0.0,0.0,0.0,0.0,0.0,0.0,0.0,0.0,0.0,0.0,0.0,0.0,0.0,0.0,
2020-08-21T10:00:00Z,29.0,0.0,14.374,20.21,4.201,4.47,,,13.832,12.83,14.82,,,4.126,4.12,4.13,,,,0.31,,,,4.639,11.34,13.199,,,6.08,35.666,35.6,35.8,,,0.075,11501.0,11529.0,0.0,0.0,0.0,0.0,0.0,0.0,0.0,0.0,0.0,0.0,0.0,0.0,0.0,0.0,0.0,0.0,
2020-08-21T11:00:00Z,30.0,0.0,0.846,9.61,0.342,2.57,,,12.829,12.81,12.86,,,4.107,4.1,4.12,,,,0.034,,,,0.028,0.23,12.212,,,0.0,34.87,34.6,35.7,,,0.0,11530.0,11559.0,0.0,0.0,0.0,0.0,0.0,0.0,0.0,0.0,0.0,0.0,0.0,0.0,0.0,0.0,0.0,0.0,
2020-08-21T12:00:00Z,29.0,0.0,0.0,0.0,0.0,0.0,,,12.809,12.78,12.84,,,4.088,4.08,4.1,,,,0.029,,,,0.0,0.0,12.188,,,0.0,34.6,34.6,34.6,,,0.0,11560.0,11588.0,0.0,0.0,0.0,0.0,0.0,0.0,0.0,0.0,0.0,0.0,0.0,0.0,0.0,0.0,0.0,0.0,
2020-08-21T13:00:00Z,30.0,0.0,0.0,0.0,0.0,0.0,,,12.792,12.77,12.82,,,4.074,4.07,4.08,,,,0.022,,,,0.0,0.0,12.165,,,0.0,34.527,34.4,34.6,,,0.0,11589.0,11618.0,0.0,0.0,0.0,0.0,0.0,0.0,0.0,0.0,0.0,0.0,0.0,0.0,0.0,0.0,0.0,0.0,
2020-08-21T14:00:00Z,30.0,0.0,0.0,0.0,0.0,0.0,,,12.775,12.75,12.8,,,4.057,4.05,4.07,,,,0.028,,,,0.0,0.0,12.151,,,0.0,34.253,34.1,34.4,,,0.0,11619.0,11648.0,0.0,0.0,0.0,0.0,0.0,0.0,0.0,0.0,0.0,0.0,0.0,0.0,0.0,0.0,0.0,0.0,
2020-08-21T15:00:00Z,29.0,0.0,0.0,0.0,0.0,0.0,,,12.757,12.74,12.78,,,4.048,4.04,4.05,,,,0.032,,,,0.0,0.0,12.129,,,4.429,33.972,33.8,34.2,,,0.0,11649.0,11677.0,0.0,0.0,0.0,0.0,0.0,0.0,0.0,0.0,0.0,0.0,0.0,0.0,0.0,0.0,0.0,0.0,
2020-08-21T16:00:00Z,30.0,0.0,0.0,0.0,0.0,0.0,,,12.738,12.72,12.75,,,4.039,4.03,4.04,,,,0.03,,,,0.0,0.0,12.114,,,4.628,33.623,33.5,33.8,,,0.0,11678.0,11707.0,0.0,0.0,0.0,0.0,0.0,0.0,0.0,0.0,0.0,0.0,0.0,0.0,0.0,0.0,0.0,0.0,
2020-08-21T17:00:00Z,29.0,0.0,0.0,0.0,0.0,0.0,,,12.721,12.71,12.73,,,4.03,4.03,4.03,,,,0.028,,,,0.0,0.0,12.094,,,0.989,33.376,33.3,33.5,,,0.0,11708.0,11736.0,0.0,0.0,0.0,0.0,0.0,0.0,0.0,0.0,0.0,0.0,0.0,0.0,0.0,0.0,0.0,0.0,
2020-08-21T18:00:00Z,30.0,0.0,0.0,0.0,0.0,0.0,,,12.703,12.69,12.72,,,4.023,4.02,4.03,,,,0.025,,,,0.0,0.0,12.079,,,0.0,33.177,33.0,33.3,,,0.0,11737.0,11766.0,0.0,0.0,0.0,0.0,0.0,0.0,0.0,0.0,0.0,0.0,0.0,0.0,0.0,0.0,0.0,0.0,
2020-08-21T19:00:00Z,30.0,0.0,0.0,0.0,0.0,0.0,,,12.691,12.68,12.7,,,4.012,4.01,4.02,,,,0.026,,,,0.0,0.0,12.069,,,0.0,32.683,32.5,33.0,,,0.0,11767.0,11796.0,0.0,0.0,0.0,0.0,0.0,0.0,0.0,0.0,0.0,0.0,0.0,0.0,0.0,0.0,0.0,0.0,
2020-08-21T20:00:00Z,29.0,0.0,0.0,0.0,0.0,0.0,,,12.673,12.66,12.69,,,4.009,4.0,4.01,,,,0.025,,,,0.0,0.0,12.05,,,0.0,32.372,32.2,32.5,,,0.0,11797.0,11825.0,0.0,0.0,0.0,0.0,0.0,0.0,0.0,0.0,0.0,0.0,0.0,0.0,0.0,0.0,0.0,0.0,
2020-08-21T21:00:00Z,30.0,0.0,0.0,0.0,0.0,0.0,,,12.655,12.64,12.66,,,4.0,4.0,4.0,,,,0.029,,,,0.0,0.0,12.035,,,0.0,32.123,32.1,32.2,,,0.0,11826.0,11855.0,0.0,0.0,0.0,0.0,0.0,0.0,0.0,0.0,0.0,0.0,0.0,0.0,0.0,0.0,0.0,0.0,
2020-08-21T22:00:00Z,29.0,0.0,2.578,13.23,0.976,3.84,,,12.635,12.62,12.66,,,3.997,3.99,4.0,,,,0.034,,,,0.119,0.83,12.011,,,0.0,32.038,32.0,32.1,,,0.002,11856.0,11884.0,0.0,0.0,0.0,0.0,0.0,0.0,0.0,0.0,0.0,0.0,0.0,0.0,0.0,0.0,0.0,0.0,
2020-08-21T23:00:00Z,30.0,0.0,13.16,13.77,4.107,4.34,,,12.862,12.65,13.02,,,3.99,3.99,3.99,,,,0.186,,,,2.466,4.38,12.235,,,0.0,32.473,32.2,32.5,,,0.041,11885.0,11914.0,0.0,0.0,0.0,0.0,0.0,0.0,0.0,0.0,0.0,0.0,0.0,0.0,0.0,0.0,0.0,0.0,
2020-08-22T00:00:00Z,29.0,0.0,13.521,14.08,4.38,4.43,,,13.131,13.03,13.32,,,4.002,3.99,4.01,,,,0.376,,,,5.083,7.15,12.492,,,0.377,32.4,32.2,32.5,,,0.082,11915.0,11943.0,0.0,0.0,0.0,0.0,0.0,0.0,0.0,0.0,0.0,0.0,0.0,0.0,0.0,0.0,0.0,0.0,
2020-08-22T01:00:00Z,30.0,0.0,14.034,14.92,4.494,4.63,,,13.521,13.31,13.83,,,4.03,4.01,4.06,,,,0.845,,,,11.912,22.02,12.881,,,3.539,32.403,32.3,32.5,,,0.199,11944.0,11973.0,0.0,0.0,0.0,0.0,0.0,0.0,0.0,0.0,0.0,0.0,0.0,0.0,0.0,0.0,0.0,0.0,
2020-08-22T02:00:00Z,30.0,0.0,15.13,20.83,7.97,12.43,,,14.014,13.55,14.66,,,4.109,4.07,4.13,,,,1.673,,,,25.78,51.97,13.372,,,4.878,32.577,32.4,33.0,,,0.43,11974.0,12003.0,0.0,0.0,0.0,0.0,0.0,0.0,0.0,0.0,0.0,0.0,0.0,0.0,0.0,0.0,0.0,0.0,
2020-08-22T03:00:00Z,29.0,0.0,17.992,20.81,11.431,12.54,,,14.545,13.9,15.09,,,4.128,4.12,4.13,,,,1.416,,,,23.982,55.94,13.885,,,5.245,33.003,32.3,33.4,,,0.386,12004.0,12032.0,0.0,0.0,0.0,0.0,0.0,0.0,0.0,0.0,0.0,0.0,0.0,0.0,0.0,0.0,0.0,0.0,
2020-08-22T04:00:00Z,30.0,0.0,18.963,21.03,11.381,12.46,,,14.756,14.45,15.29,,,4.129,4.12,4.13,,,,1.048,,,,19.019,52.33,14.118,,,4.685,33.583,33.4,33.8,,,0.317,12033.0,12062.0,0.0,0.0,0.0,0.0,0.0,0.0,0.0,0.0,0.0,0.0,0.0,0.0,0.0,0.0,0.0,0.0,
2020-08-22T05:00:00Z,29.0,0.0,19.714,21.45,9.494,12.8,,,14.671,14.46,15.27,,,4.128,4.12,4.14,,,,0.394,,,,7.49,53.45,14.007,,,1.222,34.028,33.7,34.4,,,0.121,12063.0,12091.0,0.0,0.0,0.0,0.0,0.0,0.0,0.0,0.0,0.0,0.0,0.0,0.0,0.0,0.0,0.0,0.0,
2020-08-22T06:00:00Z,30.0,0.0,18.193,21.19,7.323,12.47,,,14.759,14.49,15.24,,,4.131,4.12,4.14,,,,0.522,,,,8.835,39.89,14.082,,,1.242,34.497,34.2,34.7,,,0.147,12092.0,12121.0,0.0,0.0,0.0,0.0,0.0,0.0,0.0,0.0,0.0,0.0,0.0,0.0,0.0,0.0,0.0,0.0,
2020-08-22T07:00:00Z,30.0,0.0,19.011,20.94,9.223,12.26,,,14.715,14.51,15.15,,,4.136,4.12,4.14,,,,0.581,,,,10.536,41.32,14.05,,,2.149,34.977,34.6,35.4,,,0.176,12122.0,12151.0,0.0,0.0,0.0,0.0,0.0,0.0,0.0,0.0,0.0,0.0,0.0,0.0,0.0,0.0,0.0,0.0,
2020-08-22T08:00:00Z,29.0,0.0,15.395,20.58,5.519,12.08,,,13.907,12.88,15.08,,,4.126,4.12,4.14,,,,0.343,,,,5.577,42.13,13.258,,,5.742,35.307,35.1,35.4,,,0.09,12152.0,12180.0,0.0,0.0,0.0,0.0,0.0,0.0,0.0,0.0,0.0,0.0,0.0,0.0,0.0,0.0,0.0,0.0,
2020-08-22T09:00:00Z,30.0,0.0,13.263,14.29,3.982,4.48,,,13.034,12.81,13.49,,,4.115,4.11,4.12,,,,0.159,,,,2.139,6.77,12.405,,,5.478,35.28,35.0,35.5,,,0.036,12181.0,12210.0,0.0,0.0,0.0,0.0,0.0,0.0,0.0,0.0,0.0,0.0,0.0,0.0,0.0,0.0,0.0,0.0,
2020-08-22T10:00:00Z,29.0,0.0,13.24,13.7,3.891,4.3,,,12.898,12.8,13.03,,,4.094,4.09,4.1,,,,0.102,,,,1.352,2.19,12.272,,,2.462,35.4,35.3,35.5,,,0.022,12211.0,12239.0,0.0,0.0,0.0,0.0,0.0,0.0,0.0,0.0,0.0,0.0,0.0,0.0,0.0,0.0,0.0,0.0,
2020-08-22T11:00:00Z,30.0,0.0,0.844,11.28,0.324,3.5,,,12.797,12.78,12.81,,,4.079,4.07,4.09,,,,0.03,,,,0.049,0.85,12.176,,,0.0,34.71,34.3,35.4,,,0.001,12240.0,12269.0,0.0,0.0,0.0,0.0,0.0,0.0,0.0,0.0,0.0,0.0,0.0,0.0,0.0,0.0,0.0,0.0,
2020-08-22T12:00:00Z,29.0,0.0,0.0,0.0,0.0,0.0,,,12.778,12.75,12.81,,,4.064,4.06,4.07,,,,0.034,,,,0.0,0.0,12.157,,,0.0,34.141,33.9,34.4,,,0.0,12270.0,12298.0,0.0,0.0,0.0,0.0,0.0,0.0,0.0,0.0,0.0,0.0,0.0,0.0,0.0,0.0,0.0,0.0,
2020-08-22T13:00:00Z,30.0,0.0,0.0,0.0,0.0,0.0,,,12.764,12.75,12.79,,,4.051,4.04,4.06,,,,0.028,,,,0.0,0.0,12.135,,,0.0,33.727,33.5,33.9,,,0.0,12299.0,12328.0,0.0,0.0,0.0,0.0,0.0,0.0,0.0,0.0,0.0,0.0,0.0,0.0,0.0,0.0,0.0,0.0,
2020-08-22T14:00:00Z,30.0,0.0,0.0,0.0,0.0,0.0,,,12.745,12.72,12.77,,,4.04,4.04,4.04,,,,0.03,,,,0.0,0.0,12.119,,,0.0,33.417,33.3,33.6,,,0.0,12329.0,12358.0,0.0,0.0,0.0,0.0,0.0,0.0,0.0,0.0,0.0,0.0,0.0,0.0,0.0,0.0,0.0,0.0,
2020-08-22T15:00:00Z,29.0,0.0,0.0,0.0,0.0,0.0,,,12.73,12.72,12.75,,,4.032,4.03,4.04,,,,0.03,,,,0.0,0.0,12.1,,,0.0,33.241,33.1,33.4,,,0.0,12359.0,12387.0,0.0,0.0,0.0,0.0,0.0,0.0,0.0,0.0,0.0,0.0,0.0,0.0,0.0,0.0,0.0,0.0,
2020-08-22T16:00:00Z,30.0,0.0,0.0,0.0,0.0,0.0,,,12.715,12.7,12.73,,,4.024,4.02,4.03,,,,0.026,,,,0.0,0.0,12.088,,,0.0,32.803,32.5,33.1,,,0.0,12388.0,12417.0,0.0,0.0,0.0,0.0,0.0,0.0,0.0,0.0,0.0,0.0,0.0,0.0,0.0,0.0,0.0,0.0,
2020-08-22T17:00:00Z,28.0,0.0,0.0,0.0,0.0,0.0,,,12.696,12.69,12.71,,,4.015,4.01,4.02,,,,0.025,,,,0.0,0.0,12.073,,,0.0,32.439,32.3,32.5,,,0.0,12418.0,12446.0,0.0,0.0,0.0,0.0,0.0,0.0,0.0,0.0,0.0,0.0,0.0,0.0,0.0,0.0,0.0,0.0,
2020-08-22T18:00:00Z,30.0,0.0,0.0,0.0,0.0,0.0,,,12.682,12.67,12.69,,,4.01,4.0,4.01,,,,0.024,,,,0.0,0.0,12.056,,,0.0,32.147,32.1,32.3,,,0.0,12447.0,12476.0,0.0,0.0,0.0,0.0,0.0,0.0,0.0,0.0,0.0,0.0,0.0,0.0,0.0,0.0,0.0,0.0,
2020-08-22T19:00:00Z,29.0,0.0,0.0,0.0,0.0,0.0,,,12.661,12.65,12.67,,,4.0,4.0,4.01,,,,0.028,,,,0.0,0.0,12.043,,,0.0,32.045,32.0,32.1,,,0.0,12477.0,12505.0,0.0,0.0,0.0,0.0,0.0,0.0,0.0,0.0,0.0,0.0,0.0,0.0,0.0,0.0,0.0,0.0,
2020-08-22T20:00:00Z,30.0,0.0,0.0,0.0,0.0,0.0,,,12.643,12.63,12.66,,,3.999,3.99,4.0,,,,0.027,,,,0.0,0.0,12.021,,,0.0,31.92,31.8,32.0,,,0.0,12506.0,12535.0,0.0,0.0,0.0,0.0,0.0,0.0,0.0,0.0,0.0,0.0,0.0,0.0,0.0,0.0,0.0,0.0,
2020-08-22T21:00:00Z,28.0,0.0,0.0,0.0,0.0,0.0,,,12.626,12.61,12.64,,,3.99,3.99,4.0,,,,0.027,,,,0.0,0.0,11.998,,,0.0,31.689,31.6,31.8,,,0.0,12536.0,12564.0,0.0,0.0,0.0,0.0,0.0,0.0,0.0,0.0,0.0,0.0,0.0,0.0,0.0,0.0,0.0,0.0,
2020-08-22T22:00:00Z,30.0,0.0,2.661,13.19,0.902,3.85,,,12.611,12.6,12.63,,,3.989,3.98,3.99,,,,0.033,,,,0.124,0.73,11.984,,,0.0,31.507,31.4,31.8,,,0.002,12565.0,12594.0,0.0,0.0,0.0,0.0,0.0,0.0,0.0,0.0,0.0,0.0,0.0,0.0,0.0,0.0,0.0,0.0,
2020-08-22T23:00:00Z,29.0,0.0,13.264,13.81,4.214,4.4,,,12.867,12.62,13.07,,,3.988,3.98,3.99,,,,0.202,,,,2.689,4.87,12.237,,,0.0,32.072,31.9,32.1,,,0.043,12595.0,12624.0,0.0,0.0,0.0,0.0,0.0,0.0,0.0,0.0,0.0,0.0,0.0,0.0,0.0,0.0,0.0,0.0,
2020-08-23T00:00:00Z,29.0,0.0,13.592,14.19,4.438,4.51,,,13.19,13.07,13.44,,,4.007,3.99,4.03,,,,0.433,,,,5.893,9.42,12.555,,,0.062,32.1,32.1,32.1,,,0.095,12625.0,12653.0,0.0,0.0,0.0,0.0,0.0,0.0,0.0,0.0,0.0,0.0,0.0,0.0,0.0,0.0,0.0,0.0,
2020-08-23T01:00:00Z,30.0,0.0,14.116,14.83,4.549,4.67,,,13.592,13.31,13.89,,,4.054,4.02,4.09,,,,1.002,,,,14.197,21.95,12.951,,,3.83,32.123,32.1,32.2,,,0.237,12654.0,12683.0,0.0,0.0,0.0,0.0,0.0,0.0,0.0,0.0,0.0,0.0,0.0,0.0,0.0,0.0,0.0,0.0,
2020-08-23T02:00:00Z,29.0,0.0,15.219,20.57,10.034,12.35,,,14.071,13.42,14.66,,,4.12,4.09,4.13,,,,1.672,,,,25.215,40.97,13.414,,,1.214,32.379,32.2,32.6,,,0.406,12684.0,12712.0,0.0,0.0,0.0,0.0,0.0,0.0,0.0,0.0,0.0,0.0,0.0,0.0,0.0,0.0,0.0,0.0,
2020-08-23T03:00:00Z,30.0,0.0,17.835,21.19,10.276,12.5,,,14.482,13.78,15.09,,,4.128,4.12,4.13,,,,1.394,,,,24.424,56.81,13.903,,,1.441,32.913,32.4,33.4,,,0.407,12713.0,12742.0,0.0,0.0,0.0,0.0,0.0,0.0,0.0,0.0,0.0,0.0,0.0,0.0,0.0,0.0,0.0,0.0,
2020-08-23T04:00:00Z,30.0,0.0,18.749,21.02,10.248,12.47,,,14.725,14.51,15.27,,,4.131,4.12,4.14,,,,0.875,,,,15.854,55.68,14.061,,,0.068,33.72,33.3,34.3,,,0.264,12743.0,12772.0,0.0,0.0,0.0,0.0,0.0,0.0,0.0,0.0,0.0,0.0,0.0,0.0,0.0,0.0,0.0,0.0,
2020-08-23T05:00:00Z,29.0,0.0,19.26,20.64,10.819,12.25,,,14.694,14.48,15.23,,,4.129,4.12,4.13,,,,0.496,,,,8.824,43.95,13.989,,,2.553,34.479,34.3,34.6,,,0.142,12773.0,12801.0,0.0,0.0,0.0,0.0,0.0,0.0,0.0,0.0,0.0,0.0,0.0,0.0,0.0,0.0,0.0,0.0,
2020-08-23T06:00:00Z,30.0,0.0,18.053,21.03,7.218,12.15,,,14.777,14.48,15.24,,,4.129,4.12,4.14,,,,0.628,,,,11.088,44.6,14.125,,,0.477,34.777,34.6,34.9,,,0.185,12802.0,12831.0,0.0,0.0,0.0,0.0,0.0,0.0,0.0,0.0,0.0,0.0,0.0,0.0,0.0,0.0,0.0,0.0,
2020-08-23T07:00:00Z,29.0,0.0,14.466,15.67,4.47,4.54,,,14.006,13.39,14.81,,,4.125,4.12,4.13,,,,0.39,,,,5.677,8.69,13.364,,,6.839,33.797,33.2,34.8,,,0.091,12832.0,12860.0,0.0,0.0,0.0,0.0,0.0,0.0,0.0,0.0,0.0,0.0,0.0,0.0,0.0,0.0,0.0,0.0,
2020-08-23T08:00:00Z,30.0,0.0,14.641,20.63,4.197,4.54,,,14.336,12.83,14.85,,,4.124,4.12,4.13,,,,0.406,,,,6.332,10.84,13.679,,,1.928,34.383,33.6,34.8,,,0.106,12861.0,12890.0,0.0,0.0,0.0,0.0,0.0,0.0,0.0,0.0,0.0,0.0,0.0,0.0,0.0,0.0,0.0,0.0,
2020-08-23T09:00:00Z,26.0,0.0,9.775,13.48,3.256,3.92,,,12.846,12.82,12.88,,,4.105,4.09,4.12,,,,0.06,,,,0.615,1.24,12.22,,,2.619,33.442,33.3,33.6,,,0.009,12891.0,12919.0,0.0,0.0,0.0,0.0,0.0,0.0,0.0,0.0,0.0,0.0,0.0,0.0,0.0,0.0,0.0,0.0,
2020-08-23T10:00:00Z,26.0,0.0,7.48,13.43,2.87,3.94,,,12.829,12.79,12.86,,,4.081,4.07,4.09,,,,0.041,,,,0.31,0.97,12.187,,,4.976,33.35,33.2,33.4,,,0.004,12920.0,12948.0,0.0,0.0,0.0,0.0,0.0,0.0,0.0,0.0,0.0,0.0,0.0,0.0,0.0,0.0,0.0,0.0,
2020-08-23T11:00:00Z,30.0,0.0,0.309,2.12,0.174,1.82,,,12.8,12.78,12.82,,,4.067,4.06,4.08,,,,0.031,,,,0.009,0.1,12.174,,,1.903,32.54,32.2,33.1,,,0.0,12949.0,12978.0,0.0,0.0,0.0,0.0,0.0,0.0,0.0,0.0,0.0,0.0,0.0,0.0,0.0,0.0,0.0,0.0,
2020-08-23T12:00:00Z,29.0,0.0,0.0,0.0,0.0,0.0,,,12.784,12.76,12.81,,,4.053,4.05,4.06,,,,0.035,,,,0.0,0.0,12.156,,,0.0,32.09,32.0,32.1,,,0.0,12979.0,13007.0,0.0,0.0,0.0,0.0,0.0,0.0,0.0,0.0,0.0,0.0,0.0,0.0,0.0,0.0,0.0,0.0,
2020-08-23T13:00:00Z,30.0,0.0,0.0,0.0,0.0,0.0,,,12.768,12.75,12.78,,,4.043,4.04,4.05,,,,0.032,,,,0.0,0.0,12.138,,,0.0,31.893,31.8,32.0,,,0.0,13008.0,13037.0,0.0,0.0,0.0,0.0,0.0,0.0,0.0,0.0,0.0,0.0,0.0,0.0,0.0,0.0,0.0,0.0,
2020-08-23T14:00:00Z,30.0,0.0,0.0,0.0,0.0,0.0,,,12.749,12.73,12.76,,,4.034,4.03,4.04,,,,0.032,,,,0.0,0.0,12.119,,,0.0,31.613,31.4,31.8,,,0.0,13038.0,13067.0,0.0,0.0,0.0,0.0,0.0,0.0,0.0,0.0,0.0,0.0,0.0,0.0,0.0,0.0,0.0,0.0,
2020-08-23T15:00:00Z,29.0,0.0,0.0,0.0,0.0,0.0,,,12.733,12.72,12.75,,,4.027,4.02,4.03,,,,0.029,,,,0.0,0.0,12.106,,,0.0,31.283,31.2,31.4,,,0.0,13068.0,13096.0,0.0,0.0,0.0,0.0,0.0,0.0,0.0,0.0,0.0,0.0,0.0,0.0,0.0,0.0,0.0,0.0,
2020-08-23T16:00:00Z,29.0,0.0,0.0,0.0,0.0,0.0,,,12.72,12.7,12.74,,,4.018,4.01,4.02,,,,0.027,,,,0.0,0.0,12.088,,,0.0,31.024,30.9,31.2,,,0.0,13097.0,13126.0,0.0,0.0,0.0,0.0,0.0,0.0,0.0,0.0,0.0,0.0,0.0,0.0,0.0,0.0,0.0,0.0,
2020-08-23T17:00:00Z,29.0,0.0,0.0,0.0,0.0,0.0,,,12.703,12.69,12.72,,,4.01,4.01,4.01,,,,0.025,,,,0.0,0.0,12.074,,,0.0,30.855,30.7,30.9,,,0.0,13127.0,13155.0,0.0,0.0,0.0,0.0,0.0,0.0,0.0,0.0,0.0,0.0,0.0,0.0,0.0,0.0,0.0,0.0,
2020-08-23T18:00:00Z,30.0,0.0,0.0,0.0,0.0,0.0,,,12.689,12.67,12.7,,,4.003,4.0,4.01,,,,0.026,,,,0.0,0.0,12.059,,,0.0,30.673,30.6,30.7,,,0.0,13156.0,13185.0,0.0,0.0,0.0,0.0,0.0,0.0,0.0,0.0,0.0,0.0,0.0,0.0,0.0,0.0,0.0,0.0,
2020-08-23T19:00:00Z,29.0,0.0,0.0,0.0,0.0,0.0,,,12.666,12.65,12.68,,,4.0,4.0,4.0,,,,0.029,,,,0.0,0.0,12.04,,,0.0,30.514,30.5,30.6,,,0.0,13186.0,13215.0,0.0,0.0,0.0,0.0,0.0,0.0,0.0,0.0,0.0,0.0,0.0,0.0,0.0,0.0,0.0,0.0,
2020-08-23T20:00:00Z,29.0,0.0,0.0,0.0,0.0,0.0,,,12.652,12.64,12.66,,,3.992,3.99,4.0,,,,0.029,,,,0.0,0.0,12.022,,,0.0,30.369,30.3,30.5,,,0.0,13216.0,13244.0,0.0,0.0,0.0,0.0,0.0,0.0,0.0,0.0,0.0,0.0,0.0,0.0,0.0,0.0,0.0,0.0,
2020-08-23T21:00:00Z,30.0,0.0,0.0,0.0,0.0,0.0,,,12.629,12.61,12.65,,,3.99,3.99,3.99,,,,0.03,,,,0.0,0.0,11.999,,,0.0,30.183,30.1,30.3,,,0.0,13245.0,13274.0,0.0,0.0,0.0,0.0,0.0,0.0,0.0,0.0,0.0,0.0,0.0,0.0,0.0,0.0,0.0,0.0,
2020-08-23T22:00:00Z,28.0,0.0,2.732,13.12,0.963,3.84,,,12.607,12.6,12.62,,,3.985,3.98,3.99,,,,0.036,,,,0.139,1.09,11.978,,,0.0,30.129,30.1,30.5,,,0.002,13275.0,13303.0,0.0,0.0,0.0,0.0,0.0,0.0,0.0,0.0,0.0,0.0,0.0,0.0,0.0,0.0,0.0,0.0,
2020-08-23T23:00:00Z,30.0,0.0,13.176,13.66,4.197,4.35,,,12.835,12.62,12.96,,,3.983,3.98,3.99,,,,0.168,,,,2.205,4.08,12.202,,,0.0,30.81,30.5,30.9,,,0.037,13304.0,13333.0,0.0,0.0,0.0,0.0,0.0,0.0,0.0,0.0,0.0,0.0,0.0,0.0,0.0,0.0,0.0,0.0,
2020-08-24T00:00:00Z,29.0,0.0,13.29,14.18,4.361,4.46,,,13.027,12.88,13.39,,,3.992,3.99,4.0,,,,0.335,,,,4.479,8.69,12.394,,,0.0,30.89,30.8,30.9,,,0.072,13334.0,13362.0,0.0,0.0,0.0,0.0,0.0,0.0,0.0,0.0,0.0,0.0,0.0,0.0,0.0,0.0,0.0,0.0,
2020-08-24T01:00:00Z,23.0,0.0,14.243,14.93,4.544,4.63,,,13.633,13.33,13.87,,,4.029,4.0,4.07,,,,1.074,,,,15.344,21.95,12.985,,,0.0,30.935,30.9,31.0,,,0.196,13363.0,13391.0,0.0,0.0,0.0,0.0,0.0,0.0,0.0,0.0,0.0,0.0,0.0,0.0,0.0,0.0,0.0,0.0,
2020-08-24T02:00:00Z,26.0,0.0,14.587,15.95,6.345,12.57,,,13.9,13.44,14.61,,,4.107,4.07,4.14,,,,1.442,,,,21.314,38.77,13.256,,,0.31,31.169,31.0,31.4,,,0.308,13392.0,13420.0,0.0,0.0,0.0,0.0,0.0,0.0,0.0,0.0,0.0,0.0,0.0,0.0,0.0,0.0,0.0,0.0,
2020-08-24T03:00:00Z,26.0,0.0,17.101,20.95,11.01,12.5,,,14.533,13.69,15.05,,,4.125,4.11,4.13,,,,1.611,,,,26.506,52.5,13.823,,,2.019,31.708,31.2,32.1,,,0.383,13422.0,13450.0,0.0,0.0,0.0,0.0,0.0,0.0,0.0,0.0,0.0,0.0,0.0,0.0,0.0,0.0,0.0,0.0,
2020-08-24T04:00:00Z,28.0,0.0,19.35,20.89,11.001,12.52,,,14.64,14.38,15.15,,,4.129,4.12,4.13,,,,0.639,,,,11.754,53.33,13.965,,,1.475,32.421,32.0,32.8,,,0.183,13451.0,13479.0,0.0,0.0,0.0,0.0,0.0,0.0,0.0,0.0,0.0,0.0,0.0,0.0,0.0,0.0,0.0,0.0,
2020-08-24T05:00:00Z,28.0,0.0,19.6,20.98,11.019,12.57,,,14.704,14.48,15.41,,,4.129,4.12,4.13,,,,0.768,,,,14.307,52.4,14.074,,,5.169,32.975,32.6,33.4,,,0.223,13480.0,13508.0,0.0,0.0,0.0,0.0,0.0,0.0,0.0,0.0,0.0,0.0,0.0,0.0,0.0,0.0,0.0,0.0,
2020-08-24T06:00:00Z,29.0,0.0,19.244,21.0,7.911,12.4,,,14.734,14.54,14.99,,,4.126,4.12,4.14,,,,0.396,,,,7.254,25.72,14.054,,,3.846,33.552,33.0,34.2,,,0.117,13509.0,13537.0,0.0,0.0,0.0,0.0,0.0,0.0,0.0,0.0,0.0,0.0,0.0,0.0,0.0,0.0,0.0,0.0,
2020-08-24T07:00:00Z,21.0,0.0,18.133,21.73,6.727,12.56,,,14.716,14.16,14.87,,,4.127,4.12,4.14,,,,0.446,,,,7.784,34.35,14.06,,,8.101,34.195,33.6,34.5,,,0.091,13539.0,13566.0,0.0,0.0,0.0,0.0,0.0,0.0,0.0,0.0,0.0,0.0,0.0,0.0,0.0,0.0,0.0,0.0,
2020-08-24T08:00:00Z,29.0,0.0,16.532,21.54,6.275,12.12,,,14.427,13.85,14.99,,,4.121,4.11,4.13,,,,0.481,,,,7.981,35.64,13.781,,,6.033,33.252,32.8,33.8,,,0.129,13567.0,13596.0,0.0,0.0,0.0,0.0,0.0,0.0,0.0,0.0,0.0,0.0,0.0,0.0,0.0,0.0,0.0,0.0,
2020-08-24T09:00:00Z,29.0,0.0,15.066,21.06,4.417,4.59,,,13.885,13.17,15.0,,,4.117,4.11,4.13,,,,0.332,,,,5.044,14.34,13.252,,,3.263,34.203,33.9,34.3,,,0.081,13597.0,13625.0,0.0,0.0,0.0,0.0,0.0,0.0,0.0,0.0,0.0,0.0,0.0,0.0,0.0,0.0,0.0,0.0,
2020-08-24T10:00:00Z,30.0,0.0,6.761,13.81,2.224,4.36,,,12.885,12.81,13.21,,,4.101,4.09,4.11,,,,0.084,,,,0.816,3.6,12.262,,,1.676,33.45,32.3,34.2,,,0.014,13626.0,13655.0,0.0,0.0,0.0,0.0,0.0,0.0,0.0,0.0,0.0,0.0,0.0,0.0,0.0,0.0,0.0,0.0,
2020-08-24T11:00:00Z,30.0,0.0,0.084,1.63,0.0,0.0,,,12.896,12.81,13.08,,,4.071,4.01,4.09,,,,-1.786,,,,0.003,0.06,12.268,,,3.731,31.853,30.2,32.2,,,0.0,1.0,13676.0,0.0,0.0,0.0,0.0,0.0,0.0,0.0,0.0,0.0,0.0,0.0,0.0,0.0,0.0,0.0,0.0,
2020-08-24T12:00:00Z,30.0,0.0,0.0,0.0,0.0,0.0,,,13.01,12.96,13.08,,,3.97,3.95,4.01,,,,-6.039,,,,0.0,0.0,12.393,,,0.0,31.8,31.7,31.9,,,0.0,10.0,39.0,0.0,0.0,0.0,0.0,0.0,0.0,0.0,0.0,0.0,0.0,0.0,0.0,0.0,0.0,0.0,0.0,
2020-08-24T13:00:00Z,29.0,0.0,0.0,0.0,0.0,0.0,,,12.953,12.85,12.97,,,3.928,3.91,3.94,,,,-6.065,,,,0.0,0.0,12.339,,,0.0,31.783,31.7,31.9,,,0.0,40.0,68.0,0.0,0.0,0.0,0.0,0.0,0.0,0.0,0.0,0.0,0.0,0.0,0.0,0.0,0.0,0.0,0.0,
2020-08-24T14:00:00Z,30.0,0.0,0.0,0.0,0.0,0.0,,,12.808,12.73,12.87,,,3.888,3.87,3.91,,,,-6.171,,,,0.0,0.0,12.177,,,0.0,31.513,31.3,31.7,,,0.0,69.0,98.0,0.0,0.0,0.0,0.0,0.0,0.0,0.0,0.0,0.0,0.0,0.0,0.0,0.0,0.0,0.0,0.0,
2020-08-24T15:00:00Z,30.0,0.0,0.0,0.0,0.0,0.0,,,12.936,12.8,13.02,,,3.84,3.82,3.86,,,,-6.051,,,,0.0,0.0,12.309,,,0.0,31.137,30.9,31.4,,,0.0,99.0,128.0,0.0,0.0,0.0,0.0,0.0,0.0,0.0,0.0,0.0,0.0,0.0,0.0,0.0,0.0,0.0,0.0,
2020-08-24T16:00:00Z,29.0,0.0,0.0,0.0,0.0,0.0,,,12.973,12.96,12.99,,,3.796,3.78,3.82,,,,-6.009,,,,0.0,0.0,12.357,,,0.0,30.869,30.8,31.0,,,0.0,129.0,157.0,0.0,0.0,0.0,0.0,0.0,0.0,0.0,0.0,0.0,0.0,0.0,0.0,0.0,0.0,0.0,0.0,
2020-08-24T17:00:00Z,30.0,0.0,0.0,0.0,0.0,0.0,,,12.968,12.96,12.99,,,3.76,3.74,3.78,,,,-5.998,,,,0.0,0.0,12.351,,,0.0,30.61,30.5,30.8,,,0.0,158.0,187.0,0.0,0.0,0.0,0.0,0.0,0.0,0.0,0.0,0.0,0.0,0.0,0.0,0.0,0.0,0.0,0.0,
2020-08-24T18:00:00Z,28.0,0.0,0.0,0.0,0.0,0.0,,,12.929,12.78,13.01,,,3.706,3.67,3.74,,,,-6.016,,,,0.0,0.0,12.305,,,0.0,30.454,30.4,30.5,,,0.0,188.0,216.0,0.0,0.0,0.0,0.0,0.0,0.0,0.0,0.0,0.0,0.0,0.0,0.0,0.0,0.0,0.0,0.0,
2020-08-24T19:00:00Z,30.0,0.0,0.0,0.0,0.0,0.0,,,12.806,12.77,13.0,,,3.618,3.53,3.67,,,,-6.096,,,,0.0,0.0,12.161,,,0.0,30.32,30.1,30.5,,,0.0,217.0,246.0,0.0,0.0,0.0,0.0,0.0,0.0,0.0,0.0,0.0,0.0,0.0,0.0,0.0,0.0,0.0,0.0,
2020-08-24T20:00:00Z,22.0,3.0,0.145,2.33,0.0,0.0,,,13.862,12.83,18.94,,,3.285,2.65,3.52,,,,-5.242,,,,-0.242,0.0,13.235,,,0.0,31.073,28.3,56.6,,,-0.003,247.0,268.0,0.0,0.0,0.0,3.0,0.0,0.0,0.0,0.0,0.0,0.0,0.0,0.0,0.0,0.0,0.0,1.0,
2020-08-24T21:00:00Z,2.0,2.0,0.53,0.53,0.0,0.0,,,16.685,16.68,16.69,,,2.9,2.9,2.9,,,,-3.055,,,,-1.605,-1.6,16.105,,,0.0,27.65,27.6,27.7,,,-0.002,1.0,1.0,0.0,0.0,0.0,2.0,0.0,0.0,0.0,0.0,0.0,0.0,0.0,0.0,0.0,0.0,0.0,0.0,
2020-08-24T22:00:00Z,1.0,1.0,4.17,4.17,0.0,0.0,,,16.67,16.67,16.67,,,2.9,2.9,2.9,,,,-3.04,,,,-12.71,-12.71,16.09,,,0.0,27.3,27.3,27.3,,,-0.007,1.0,1.0,0.0,0.0,0.0,1.0,0.0,0.0,0.0,0.0,0.0,0.0,0.0,0.0,0.0,0.0,0.0,0.0,
2020-08-25T19:00:00Z,1.0,1.0,0.5,0.5,0.0,0.0,,,16.69,16.69,16.69,,,2.9,2.9,2.9,,,,-3.06,,,,-1.52,-1.52,16.13,,,0.0,29.2,29.2,29.2,,,-0.001,1.0,1.0,0.0,0.0,0.0,1.0,0.0,0.0,0.0,0.0,0.0,0.0,0.0,0.0,0.0,0.0,0.0,0.0,
2020-08-26T10:00:00Z,1.0,1.0,18.52,18.52,3.62,3.62,,,18.43,18.43,18.43,,,2.72,2.72,2.72,,,,-1.88,,,,-34.84,-34.84,17.85,,,0.2,61.0,61.0,61.0,,,-0.019,1.0,1.0,0.0,0.0,0.0,1.0,0.0,0.0,0.0,0.0,0.0,0.0,0.0,0.0,0.0,0.0,0.0,1.0,
2020-08-29T10:00:00Z,1.0,1.0,19.37,19.37,19.5,19.5,,,18.79,18.79,18.79,,,6.84,6.84,6.84,,,,-1.65,,,,-31.96,-31.96,0.0,,,0.0,,,,,,-0.018,1.0,1.0,0.0,0.0,0.0,1.0,0.0,1.0,0.0,0.0,0.0,0.0,0.0,0.0,0.0,0.0,0.0,0.0,
2020-09-01T07:00:00Z,1.0,1.0,17.57,17.57,3.65,3.65,,,17.48,17.48,17.48,,,2.83,2.83,2.83,,,,-2.59,,,,-45.55,-45.55,16.93,,,8.5,63.0,63.0,63.0,,,-0.025,1.0,1.0,0.0,0.0,0.0,1.0,0.0,0.0,0.0,0.0,0.0,0.0,0.0,0.0,0.0,0.0,0.0,1.0,
2020-09-02T10:00:00Z,1.0,1.0,17.5,17.5,3.66,3.66,,,17.42,17.42,17.42,,,2.83,2.83,2.83,,,,-2.61,,,,-45.69,-45.69,16.87,,,0.0,62.5,62.5,62.5,,,-0.025,1.0,1.0,0.0,0.0,0.0,1.0,0.0,0.0,0.0,0.0,0.0,0.0,0.0,0.0,0.0,0.0,0.0,1.0,
2020-09-05T10:00:00Z,1.0,1.0,5.64,5.64,1.48,1.48,,,16.79,16.79,16.79,,,2.91,2.91,2.91,,,,-3.14,,,,-17.7,-17.7,16.22,,,0.0,33.3,33.3,33.3,,,-0.01,1.0,1.0,0.0,0.0,0.0,1.0,0.0,0.0,0.0,0.0,0.0,0.0,0.0,0.0,0.0,0.0,0.0,0.0,
2020-09-05T11:00:00Z,1.0,1.0,6.18,6.18,0.0,0.0,,,16.78,16.78,16.78,,,2.91,2.91,2.91,,,,-3.14,,,,-19.39,-19.39,16.22,,,0.0,33.4,33.4,33.4,,,-0.011,1.0,1.0,0.0,0.0,0.0,1.0,0.0,0.0,0.0,0.0,0.0,0.0,0.0,0.0,0.0,0.0,0.0,0.0,
2020-09-06T10:00:00Z,1.0,1.0,4.13,4.13,0.0,0.0,,,16.8,16.8,16.8,,,2.91,2.91,2.91,,,,-3.14,,,,-12.97,-12.97,16.23,,,0.0,33.4,33.4,33.4,,,-0.007,1.0,1.0,0.0,0.0,0.0,1.0,0.0,0.0,0.0,0.0,0.0,0.0,0.0,0.0,0.0,0.0,0.0,0.0,
2020-09-06T12:00:00Z,1.0,1.0,0.46,0.46,0.0,0.0,,,16.78,16.78,16.78,,,2.91,2.91,2.91,,,,-3.14,,,,-1.44,-1.44,16.21,,,0.0,33.4,33.4,33.4,,,-0.001,1.0,1.0,0.0,0.0,0.0,1.0,0.0,0.0,0.0,0.0,0.0,0.0,0.0,0.0,0.0,0.0,0.0,0.0,
2020-09-09T06:00:00Z,1.0,1.0,17.64,17.64,3.6,3.6,,,17.57,17.57,17.57,,,2.83,2.83,2.83,,,,-2.53,,,,-44.63,-44.63,17.0,,,15.34,62.9,62.9,62.9,,,-0.025,1.0,1.0,0.0,0.0,0.0,1.0,0.0,0.0,0.0,0.0,0.0,0.0,0.0,0.0,0.0,0.0,0.0,1.0,
2020-09-11T10:00:00Z,1.0,1.0,18.27,18.27,3.63,3.63,,,18.24,18.24,18.24,,,2.75,2.75,2.75,,,,-2.08,,,,-37.97,-37.97,17.62,,,0.0,62.5,62.5,62.5,,,-0.021,1.0,1.0,0.0,0.0,0.0,1.0,0.0,0.0,0.0,0.0,0.0,0.0,0.0,0.0,0.0,0.0,0.0,1.0,
2020-09-11T14:00:00Z,1.0,1.0,0.46,0.46,0.0,0.0,,,16.75,16.75,16.75,,,2.9,2.9,2.9,,,,-3.1,,,,-1.42,-1.42,16.2,,,0.0,33.3,33.3,33.3,,,-0.001,1.0,1.0,0.0,0.0,0.0,1.0,0.0,0.0,0.0,0.0,0.0,0.0,0.0,0.0,0.0,0.0,0.0,0.0,
2020-09-21T09:00:00Z,1.0,1.0,19.15,19.15,3.63,3.63,,,18.54,18.54,18.54,,,2.71,2.71,2.71,,,,-1.83,,,,-35.15,-35.15,17.93,,,0.3,59.9,59.9,59.9,,,-0.02,1.0,1.0,0.0,0.0,0.0,1.0,0.0,0.0,0.0,0.0,0.0,0.0,0.0,0.0,0.0,0.0,0.0,1.0,
2020-09-24T08:00:00Z,1.0,1.0,17.71,17.71,3.66,3.66,,,17.63,17.63,17.63,,,2.83,2.83,2.83,,,,-2.54,,,,-44.91,-44.91,17.06,,,0.0,62.5,62.5,62.5,,,-0.025,1.0,1.0,0.0,0.0,0.0,1.0,0.0,0.0,0.0,0.0,0.0,0.0,0.0,0.0,0.0,0.0,0.0,1.0,
2020-09-30T10:00:00Z,1.0,1.0,18.45,18.45,3.63,3.63,,,18.37,18.37,18.37,,,2.72,2.72,2.72,,,,-1.89,,,,-34.81,-34.81,17.78,,,0.23,59.7,59.7,59.7,,,-0.019,1.0,1.0,0.0,0.0,0.0,1.0,0.0,0.0,0.0,0.0,0.0,0.0,0.0,0.0,0.0,0.0,0.0,1.0,
2020-10-01T10:00:00Z,1.0,1.0,123.0,123.0,,,,,456.0,456.0,456.0,,,,,,,,,789.0,,,,,,,,,,,,,,,,,,1.0,0.0,0.0,1.0,0.0,0.0,0.0,1.0,0.0,0.0,0.0,0.0,0.0,0.0,0.0,0.0,
2020-10-02T09:00:00Z,1.0,1.0,19.12,19.12,3.62,3.62,,,18.51,18.51,18.51,,,2.7,2.7,2.7,,,,-1.76,,,,-33.75,-33.75,17.9,,,0.4,59.9,59.9,59.9,,,-0.019,1.0,1.0,0.0,0.0,0.0,1.0,0.0,0.0,0.0,0.0,0.0,0.0,0.0,0.0,0.0,0.0,0.0,1.0,
2020-10-21T07:00:00Z,1.0,1.0,18.49,18.49,3.63,3.63,,,18.41,18.41,18.41,,,2.72,2.72,2.72,,,,-1.87,,,,-34.67,-34.67,17.82,,,0.26,58.8,58.8,58.8,,,-0.019,1.0,1.0,0.0,0.0,0.0,1.0,0.0,0.0,0.0,0.0,0.0,0.0,0.0,0.0,0.0,0.0,0.0,1.0,
2020-10-23T12:00:00Z,29.0,29.0,28.871,29.27,1.078,1.32,,,29.007,28.53,29.54,,,0.38,0.29,0.47,,,,-0.227,,,,-6.49,4.68,29.236,,,29.774,18.403,14.0,22.5,,,-0.105,15.0,43.0,0.0,0.0,0.0,29.0,0.0,29.0,0.0,0.0,0.0,0.0,0.0,0.0,0.0,0.0,0.0,0.0,
2020-10-23T13:00:00Z,30.0,30.0,28.831,29.27,0.983,1.29,,,29.016,28.52,29.55,,,0.353,0.29,0.46,,,,-0.23,,,,-6.567,5.04,29.263,,,29.794,16.78,14.0,22.2,,,-0.109,44.0,73.0,0.0,0.0,0.0,30.0,0.0,30.0,0.0,0.0,0.0,0.0,0.0,0.0,0.0,0.0,0.0,0.0,
2020-10-23T14:00:00Z,29.0,29.0,28.954,29.26,1.127,1.34,,,29.057,28.53,29.55,,,0.402,0.3,0.47,,,,-0.217,,,,-6.211,4.69,29.204,,,29.782,18.945,14.2,22.6,,,-0.1,74.0,102.0,0.0,0.0,0.0,29.0,0.0,29.0,0.0,0.0,0.0,0.0,0.0,0.0,0.0,0.0,0.0,0.0,
2020-10-23T15:00:00Z,30.0,30.0,28.906,29.29,1.044,1.37,,,29.077,28.45,29.62,,,0.372,0.3,0.47,,,,-0.203,,,,-5.836,4.87,29.236,,,29.787,17.777,14.1,22.9,,,-0.097,103.0,132.0,0.0,0.0,0.0,30.0,0.0,30.0,0.0,0.0,0.0,0.0,0.0,0.0,0.0,0.0,0.0,0.0,
2020-10-23T16:00:00Z,29.0,29.0,28.885,29.27,1.053,1.38,,,29.042,28.45,29.59,,,0.373,0.29,0.48,,,,-0.218,,,,-6.205,5.4,29.234,,,29.788,17.724,14.1,23.1,,,-0.1,133.0,161.0,0.0,0.0,0.0,29.0,0.0,29.0,0.0,0.0,0.0,0.0,0.0,0.0,0.0,0.0,0.0,0.0,
2020-10-23T17:00:00Z,29.0,29.0,28.817,29.26,1.105,1.36,,,28.916,28.45,29.58,,,0.384,0.29,0.48,,,,-0.316,,,,-9.054,5.4,29.119,,,29.786,18.859,14.1,23.0,,,-0.146,162.0,190.0,0.0,0.0,0.0,29.0,0.0,29.0,0.0,0.0,0.0,0.0,0.0,0.0,0.0,0.0,0.0,0.0,
2020-10-23T18:00:00Z,30.0,30.0,28.824,29.26,1.043,1.36,,,28.995,28.43,29.62,,,0.365,0.29,0.48,,,,-0.248,,,,-7.064,5.37,29.226,,,29.786,17.687,14.2,22.7,,,-0.118,191.0,220.0,0.0,0.0,0.0,30.0,0.0,30.0,0.0,0.0,0.0,0.0,0.0,0.0,0.0,0.0,0.0,0.0,
2020-10-23T19:00:00Z,29.0,29.0,28.943,29.27,1.13,1.38,,,29.056,28.42,29.61,,,0.4,0.29,0.48,,,,-0.224,,,,-6.436,5.23,29.187,,,29.781,19.017,14.4,23.2,,,-0.104,221.0,249.0,0.0,0.0,0.0,29.0,0.0,29.0,0.0,0.0,0.0,0.0,0.0,0.0,0.0,0.0,0.0,0.0,
2020-10-23T20:00:00Z,30.0,30.0,28.853,29.27,1.071,1.38,,,29.015,28.43,29.59,,,0.377,0.29,0.48,,,,-0.233,,,,-6.638,5.55,29.227,,,29.789,18.003,14.1,22.8,,,-0.111,250.0,279.0,0.0,0.0,0.0,30.0,0.0,30.0,0.0,0.0,0.0,0.0,0.0,0.0,0.0,0.0,0.0,0.0,
2020-10-23T21:00:00Z,29.0,29.0,28.883,29.27,1.066,1.33,,,29.019,28.52,29.63,,,0.377,0.3,0.48,,,,-0.247,,,,-7.085,4.88,29.199,,,29.79,18.066,14.2,22.7,,,-0.114,280.0,308.0,0.0,0.0,0.0,29.0,0.0,29.0,0.0,0.0,0.0,0.0,0.0,0.0,0.0,0.0,0.0,0.0,
2020-10-23T22:00:00Z,30.0,30.0,28.92,29.27,1.149,1.35,,,29.027,28.46,29.52,,,0.405,0.29,0.48,,,,-0.239,,,,-6.866,5.19,29.174,,,29.778,19.25,14.3,23.1,,,-0.114,309.0,338.0,0.0,0.0,0.0,30.0,0.0,30.0,0.0,0.0,0.0,0.0,0.0,0.0,0.0,0.0,0.0,0.0,
2020-10-23T23:00:00Z,29.0,29.0,28.934,29.3,1.067,1.36,,,29.044,28.47,29.59,,,0.379,0.29,0.48,,,,-0.214,,,,-6.131,5.05,29.236,,,29.788,17.959,14.2,22.7,,,-0.099,339.0,367.0,0.0,0.0,0.0,29.0,0.0,29.0,0.0,0.0,0.0,0.0,0.0,0.0,0.0,0.0,0.0,0.0,
2020-10-24T00:00:00Z,30.0,30.0,29.203,29.8,0.947,0.96,,,29.12,29.05,29.19,,,0.34,0.34,0.34,,,,0.029,,,,0.885,1.37,29.441,,,29.79,16.103,16.0,16.2,,,0.015,368.0,397.0,0.0,0.0,0.0,30.0,0.0,30.0,0.0,0.0,0.0,0.0,0.0,0.0,0.0,0.0,0.0,0.0,
2020-10-24T01:00:00Z,29.0,29.0,29.072,29.8,0.949,0.95,,,29.163,29.09,29.3,,,0.364,0.32,0.93,,,,0.032,,,,0.944,1.36,29.449,,,29.79,16.072,15.9,16.1,,,0.015,398.0,426.0,0.0,0.0,0.0,29.0,0.0,29.0,0.0,0.0,0.0,0.0,0.0,0.0,0.0,0.0,0.0,0.0,
2020-10-24T02:00:00Z,29.0,29.0,29.052,29.12,0.953,0.97,,,29.199,29.11,29.29,,,0.33,0.26,0.35,,,,0.025,,,,0.725,2.5,29.447,,,29.792,16.114,15.7,16.5,,,0.012,427.0,455.0,0.0,0.0,0.0,29.0,0.0,29.0,0.0,0.0,0.0,0.0,0.0,0.0,0.0,0.0,0.0,0.0,
2020-10-24T03:00:00Z,30.0,30.0,29.05,29.12,0.95,0.97,,,29.201,29.12,29.27,,,0.342,0.34,0.35,,,,0.022,,,,0.634,2.36,29.441,,,29.793,16.103,15.7,16.6,,,0.011,456.0,485.0,0.0,0.0,0.0,30.0,0.0,30.0,0.0,0.0,0.0,0.0,0.0,0.0,0.0,0.0,0.0,0.0,
2020-10-24T04:00:00Z,28.0,28.0,29.032,29.1,0.95,0.97,,,29.179,29.12,29.26,,,0.342,0.34,0.35,,,,0.009,,,,0.252,2.18,29.428,,,29.792,16.189,15.7,16.5,,,0.004,486.0,514.0,0.0,0.0,0.0,28.0,0.0,28.0,0.0,0.0,0.0,0.0,0.0,0.0,0.0,0.0,0.0,0.0,
2020-10-24T05:00:00Z,30.0,30.0,29.06,29.11,0.953,0.97,,,29.205,29.12,29.28,,,0.343,0.34,0.35,,,,0.026,,,,0.736,2.68,29.445,,,29.791,16.143,15.7,16.5,,,0.012,515.0,544.0,0.0,0.0,0.0,30.0,0.0,30.0,0.0,0.0,0.0,0.0,0.0,0.0,0.0,0.0,0.0,0.0,
2020-10-24T06:00:00Z,29.0,29.0,29.05,29.12,0.953,0.97,,,29.182,29.12,29.3,,,0.341,0.34,0.35,,,,0.014,,,,0.407,2.68,29.441,,,29.791,16.128,15.7,16.5,,,0.007,545.0,573.0,0.0,0.0,0.0,29.0,0.0,29.0,0.0,0.0,0.0,0.0,0.0,0.0,0.0,0.0,0.0,0.0,
2020-10-24T07:00:00Z,29.0,29.0,29.056,29.12,0.952,0.97,,,29.194,29.12,29.27,,,0.342,0.34,0.35,,,,0.027,,,,0.77,2.35,29.448,,,29.79,16.072,15.7,16.4,,,0.012,574.0,602.0,0.0,0.0,0.0,29.0,0.0,29.0,0.0,0.0,0.0,0.0,0.0,0.0,0.0,0.0,0.0,0.0,
2020-10-24T08:00:00Z,30.0,30.0,29.062,29.12,0.953,0.97,,,29.205,29.12,29.29,,,0.342,0.33,0.35,,,,0.034,,,,0.957,2.5,29.453,,,29.791,16.027,15.7,16.5,,,0.016,603.0,632.0,0.0,0.0,0.0,30.0,0.0,30.0,0.0,0.0,0.0,0.0,0.0,0.0,0.0,0.0,0.0,0.0,
2020-10-24T09:00:00Z,29.0,29.0,29.052,29.12,0.951,0.97,,,29.191,29.12,29.27,,,0.342,0.33,0.35,,,,0.027,,,,0.776,2.18,29.447,,,29.791,16.021,15.7,16.4,,,0.012,633.0,661.0,0.0,0.0,0.0,29.0,0.0,29.0,0.0,0.0,0.0,0.0,0.0,0.0,0.0,0.0,0.0,0.0,
2020-10-24T10:00:00Z,29.0,29.0,29.044,29.11,0.953,0.97,,,29.18,29.12,29.3,,,0.342,0.33,0.35,,,,0.01,,,,0.317,2.5,29.436,,,29.791,16.138,15.7,16.5,,,0.005,662.0,691.0,0.0,0.0,0.0,29.0,0.0,29.0,0.0,0.0,0.0,0.0,0.0,0.0,0.0,0.0,0.0,0.0,
2020-10-24T11:00:00Z,29.0,29.0,29.043,29.12,0.949,0.97,,,29.186,29.12,29.27,,,0.342,0.34,0.35,,,,0.012,,,,0.363,2.18,29.436,,,29.792,16.093,15.7,16.5,,,0.006,692.0,720.0,0.0,0.0,0.0,29.0,0.0,29.0,0.0,0.0,0.0,0.0,0.0,0.0,0.0,0.0,0.0,0.0,
2020-10-24T12:00:00Z,28.0,28.0,29.055,29.11,0.951,0.97,,,29.198,29.12,29.28,,,0.344,0.34,0.35,,,,0.019,,,,0.574,2.36,29.434,,,29.791,16.15,15.7,16.5,,,0.009,721.0,749.0,0.0,0.0,0.0,28.0,0.0,28.0,0.0,0.0,0.0,0.0,0.0,0.0,0.0,0.0,0.0,0.0,
2020-10-24T13:00:00Z,30.0,30.0,29.058,29.12,0.949,0.97,,,29.195,29.12,29.3,,,0.342,0.34,0.35,,,,0.021,,,,0.574,2.36,29.447,,,29.792,16.113,15.7,16.5,,,0.01,750.0,779.0,0.0,0.0,0.0,30.0,0.0,30.0,0.0,0.0,0.0,0.0,0.0,0.0,0.0,0.0,0.0,0.0,
2020-10-24T14:00:00Z,29.0,29.0,29.059,29.11,0.949,0.97,,,29.2,29.12,29.27,,,0.343,0.34,0.35,,,,0.026,,,,0.74,2.18,29.443,,,29.792,16.093,15.7,16.5,,,0.012,780.0,808.0,0.0,0.0,0.0,29.0,0.0,29.0,0.0,0.0,0.0,0.0,0.0,0.0,0.0,0.0,0.0,0.0,
2020-10-24T15:00:00Z,30.0,30.0,29.059,29.12,0.951,0.97,,,29.197,29.12,29.27,,,0.343,0.34,0.35,,,,0.019,,,,0.572,2.18,29.444,,,29.792,16.147,15.7,16.5,,,0.01,809.0,838.0,0.0,0.0,0.0,30.0,0.0,30.0,0.0,0.0,0.0,0.0,0.0,0.0,0.0,0.0,0.0,0.0,
2020-10-24T16:00:00Z,29.0,29.0,29.058,29.11,0.943,0.97,,,29.207,29.12,29.29,,,0.34,0.34,0.35,,,,0.036,,,,1.022,2.68,29.457,,,29.791,15.966,15.7,16.5,,,0.016,839.0,867.0,0.0,0.0,0.0,29.0,0.0,29.0,0.0,0.0,0.0,0.0,0.0,0.0,0.0,0.0,0.0,0.0,
2020-10-24T17:00:00Z,28.0,28.0,29.059,29.12,0.948,0.97,,,29.201,29.12,29.3,,,0.342,0.33,0.35,,,,0.027,,,,0.789,2.85,29.443,,,29.791,16.064,15.7,16.5,,,0.012,868.0,896.0,0.0,0.0,0.0,28.0,0.0,28.0,0.0,0.0,0.0,0.0,0.0,0.0,0.0,0.0,0.0,0.0,
2020-10-24T18:00:00Z,28.0,28.0,29.059,29.12,0.947,0.96,,,29.202,29.13,29.29,,,0.342,0.34,0.35,,,,0.029,,,,0.833,2.5,29.45,,,29.792,16.046,15.7,16.5,,,0.013,897.0,925.0,0.0,0.0,0.0,28.0,0.0,28.0,0.0,0.0,0.0,0.0,0.0,0.0,0.0,0.0,0.0,0.0,
2020-10-24T19:00:00Z,30.0,30.0,29.062,29.12,0.948,0.97,,,29.201,29.11,29.27,,,0.342,0.33,0.35,,,,0.025,,,,0.737,2.18,29.452,,,29.792,16.063,15.7,16.5,,,0.012,926.0,955.0,0.0,0.0,0.0,30.0,0.0,30.0,0.0,0.0,0.0,0.0,0.0,0.0,0.0,0.0,0.0,0.0,
2020-10-24T20:00:00Z,29.0,29.0,29.061,29.12,0.943,0.97,,,29.212,29.14,29.29,,,0.341,0.33,0.35,,,,0.04,,,,1.128,2.85,29.455,,,29.791,15.976,15.7,16.5,,,0.018,956.0,984.0,0.0,0.0,0.0,29.0,0.0,29.0,0.0,0.0,0.0,0.0,0.0,0.0,0.0,0.0,0.0,0.0,
2020-10-24T21:00:00Z,30.0,30.0,29.05,29.13,0.946,0.96,,,29.189,29.1,29.29,,,0.341,0.33,0.35,,,,0.022,,,,0.615,2.5,29.447,,,29.79,16.047,15.7,16.5,,,0.01,985.0,1014.0,0.0,0.0,0.0,30.0,0.0,30.0,0.0,0.0,0.0,0.0,0.0,0.0,0.0,0.0,0.0,0.0,
2020-10-24T22:00:00Z,29.0,29.0,29.056,29.12,0.946,0.97,,,29.201,29.12,29.31,,,0.342,0.34,0.35,,,,0.025,,,,0.721,2.36,29.448,,,29.792,16.059,15.7,16.5,,,0.012,1015.0,1043.0,0.0,0.0,0.0,29.0,0.0,29.0,0.0,0.0,0.0,0.0,0.0,0.0,0.0,0.0,0.0,0.0,
2020-10-24T23:00:00Z,30.0,30.0,29.058,29.12,0.947,0.97,,,29.205,29.12,29.31,,,0.342,0.33,0.35,,,,0.027,,,,0.778,2.5,29.449,,,29.791,16.033,15.7,16.5,,,0.013,1044.0,1073.0,0.0,0.0,0.0,30.0,0.0,30.0,0.0,0.0,0.0,0.0,0.0,0.0,0.0,0.0,0.0,0.0,
2020-10-25T00:00:00Z,29.0,29.0,29.049,29.12,0.949,0.97,,,29.184,29.12,29.27,,,0.342,0.34,0.35,,,,0.011,,,,0.35,2.5,29.438,,,29.791,16.131,15.7,16.5,,,0.006,1074.0,1102.0,0.0,0.0,0.0,29.0,0.0,29.0,0.0,0.0,0.0,0.0,0.0,0.0,0.0,0.0,0.0,0.0,
2020-10-25T01:00:00Z,27.0,27.0,29.065,29.12,0.951,0.97,,,29.206,29.12,29.27,,,0.342,0.34,0.35,,,,0.026,,,,0.759,2.5,29.445,,,29.791,16.115,15.7,16.5,,,0.011,1103.0,1130.0,0.0,0.0,0.0,27.0,0.0,27.0,0.0,0.0,0.0,0.0,0.0,0.0,0.0,0.0,0.0,0.0,
2020-10-25T02:00:00Z,30.0,30.0,29.058,29.12,0.952,0.97,,,29.195,29.12,29.3,,,0.343,0.34,0.35,,,,0.014,,,,0.402,2.18,29.434,,,29.791,16.17,15.7,16.5,,,0.007,1132.0,1161.0,0.0,0.0,0.0,30.0,0.0,30.0,0.0,0.0,0.0,0.0,0.0,0.0,0.0,0.0,0.0,0.0,
2020-10-25T03:00:00Z,29.0,29.0,29.058,29.12,0.95,0.97,,,29.197,29.12,29.29,,,0.343,0.34,0.35,,,,0.019,,,,0.547,2.18,29.443,,,29.791,16.145,15.7,16.5,,,0.009,1162.0,1190.0,0.0,0.0,0.0,29.0,0.0,29.0,0.0,0.0,0.0,0.0,0.0,0.0,0.0,0.0,0.0,0.0,
2020-10-25T04:00:00Z,30.0,30.0,29.06,29.12,0.947,0.97,,,29.209,29.12,29.29,,,0.342,0.34,0.35,,,,0.026,,,,0.748,2.18,29.449,,,29.791,16.06,15.7,16.5,,,0.012,1191.0,1220.0,0.0,0.0,0.0,30.0,0.0,30.0,0.0,0.0,0.0,0.0,0.0,0.0,0.0,0.0,0.0,0.0,
2020-10-25T05:00:00Z,29.0,29.0,29.062,29.12,0.951,0.97,,,29.207,29.12,29.28,,,0.343,0.34,0.35,,,,0.019,,,,0.55,2.18,29.444,,,29.791,16.131,15.7,16.5,,,0.009,1221.0,1249.0,0.0,0.0,0.0,29.0,0.0,29.0,0.0,0.0,0.0,0.0,0.0,0.0,0.0,0.0,0.0,0.0,
2020-10-25T06:00:00Z,29.0,29.0,29.053,29.12,0.946,0.97,,,29.199,29.13,29.31,,,0.341,0.34,0.35,,,,0.024,,,,0.69,2.68,29.446,,,29.792,16.041,15.7,16.5,,,0.011,1250.0,1278.0,0.0,0.0,0.0,29.0,0.0,29.0,0.0,0.0,0.0,0.0,0.0,0.0,0.0,0.0,0.0,0.0,
2020-10-25T07:00:00Z,29.0,29.0,29.06,29.12,0.948,0.97,,,29.206,29.12,29.29,,,0.343,0.34,0.35,,,,0.024,,,,0.693,2.5,29.449,,,29.791,16.072,15.7,16.5,,,0.011,1279.0,1308.0,0.0,0.0,0.0,29.0,0.0,29.0,0.0,0.0,0.0,0.0,0.0,0.0,0.0,0.0,0.0,0.0,
2020-10-25T08:00:00Z,29.0,29.0,29.054,29.12,0.949,0.97,,,29.193,29.12,29.27,,,0.342,0.34,0.35,,,,0.015,,,,0.426,2.18,29.44,,,29.791,16.134,15.7,16.5,,,0.007,1309.0,1337.0,0.0,0.0,0.0,29.0,0.0,29.0,0.0,0.0,0.0,0.0,0.0,0.0,0.0,0.0,0.0,0.0,
2020-10-25T09:00:00Z,27.0,27.0,29.05,29.12,0.946,0.97,,,29.19,29.12,29.27,,,0.343,0.33,0.35,,,,0.016,,,,0.457,2.5,29.444,,,29.793,16.1,15.7,16.5,,,0.007,1338.0,1366.0,0.0,0.0,0.0,27.0,0.0,27.0,0.0,0.0,0.0,0.0,0.0,0.0,0.0,0.0,0.0,0.0,
2020-10-25T10:00:00Z,30.0,30.0,29.04,29.11,0.946,0.97,,,29.196,29.12,29.27,,,0.341,0.33,0.35,,,,0.018,,,,0.513,2.18,29.443,,,29.792,16.06,15.7,16.5,,,0.009,1367.0,1396.0,0.0,0.0,0.0,30.0,0.0,30.0,0.0,0.0,0.0,0.0,0.0,0.0,0.0,0.0,0.0,0.0,
2020-10-25T11:00:00Z,29.0,29.0,29.048,29.11,0.944,0.97,,,29.202,29.12,29.3,,,0.341,0.34,0.35,,,,0.032,,,,0.943,2.5,29.453,,,29.79,16.014,15.7,16.5,,,0.015,1397.0,1425.0,0.0,0.0,0.0,29.0,0.0,29.0,0.0,0.0,0.0,0.0,0.0,0.0,0.0,0.0,0.0,0.0,
2020-10-25T12:00:00Z,30.0,30.0,29.055,29.12,0.944,0.96,,,29.217,29.15,29.3,,,0.341,0.33,0.35,,,,0.037,,,,1.055,2.5,29.458,,,29.792,16.01,15.7,16.5,,,0.018,1426.0,1455.0,0.0,0.0,0.0,30.0,0.0,30.0,0.0,0.0,0.0,0.0,0.0,0.0,0.0,0.0,0.0,0.0,
2020-10-25T13:00:00Z,29.0,29.0,29.051,29.12,0.954,0.97,,,29.183,29.12,29.28,,,0.344,0.34,0.35,,,,0.004,,,,0.104,2.01,29.424,,,29.792,16.228,15.7,16.5,,,0.002,1456.0,1484.0,0.0,0.0,0.0,29.0,0.0,29.0,0.0,0.0,0.0,0.0,0.0,0.0,0.0,0.0,0.0,0.0,
2020-10-25T14:00:00Z,29.0,29.0,29.066,29.12,0.956,0.97,,,29.203,29.12,29.3,,,0.346,0.34,0.35,,,,0.014,,,,0.4,2.18,29.43,,,29.792,16.245,15.7,16.5,,,0.006,1485.0,1513.0,0.0,0.0,0.0,29.0,0.0,29.0,0.0,0.0,0.0,0.0,0.0,0.0,0.0,0.0,0.0,0.0,
2020-10-25T15:00:00Z,30.0,30.0,29.057,29.12,0.953,0.98,,,29.199,29.12,29.3,,,0.344,0.34,0.35,,,,0.017,,,,0.479,2.35,29.436,,,29.794,16.143,15.7,16.6,,,0.008,1514.0,1543.0,0.0,0.0,0.0,30.0,0.0,30.0,0.0,0.0,0.0,0.0,0.0,0.0,0.0,0.0,0.0,0.0,
2020-10-25T16:00:00Z,29.0,29.0,29.069,29.12,0.95,0.97,,,29.208,29.12,29.27,,,0.343,0.34,0.35,,,,0.023,,,,0.676,2.36,29.45,,,29.791,16.124,15.7,16.5,,,0.011,1544.0,1572.0,0.0,0.0,0.0,29.0,0.0,29.0,0.0,0.0,0.0,0.0,0.0,0.0,0.0,0.0,0.0,0.0,
2020-10-25T17:00:00Z,25.0,25.0,29.057,29.12,0.946,0.97,,,29.203,29.13,29.28,,,0.342,0.34,0.35,,,,0.019,,,,0.538,2.18,29.445,,,29.792,16.076,15.7,16.5,,,0.007,1573.0,1600.0,0.0,0.0,0.0,25.0,0.0,25.0,0.0,0.0,0.0,0.0,0.0,0.0,0.0,0.0,0.0,0.0,
2020-10-25T18:00:00Z,28.0,28.0,29.065,29.13,0.949,0.97,,,29.202,29.12,29.28,,,0.342,0.33,0.35,,,,0.019,,,,0.558,2.5,29.446,,,29.791,16.121,15.7,16.5,,,0.009,1603.0,1630.0,0.0,0.0,0.0,28.0,0.0,28.0,0.0,0.0,0.0,0.0,0.0,0.0,0.0,0.0,0.0,0.0,
2020-10-25T19:00:00Z,9.0,9.0,29.046,29.1,0.939,0.96,,,29.207,29.12,29.27,,,0.34,0.33,0.35,,,,0.023,,,,0.669,2.18,29.456,,,29.794,15.989,15.7,16.5,,,0.003,1631.0,1639.0,0.0,0.0,0.0,9.0,0.0,9.0,0.0,0.0,0.0,0.0,0.0,0.0,0.0,0.0,0.0,0.0,
2020-10-30T11:00:00Z,25.0,11.0,0.0,0.0,0.0,0.0,,,6.835,-0.99,12.84,,,4.0,3.99,4.0,,,,-8.593,,,,0.0,0.0,6.82,,,0.153,28.864,24.1,33.3,,,0.0,3.0,27.0,0.0,0.0,0.0,11.0,0.0,0.0,0.0,0.0,0.0,0.0,0.0,0.0,0.0,0.0,0.0,0.0,
2020-10-30T12:00:00Z,30.0,0.0,0.0,0.0,0.0,0.0,,,12.784,12.77,12.81,,,3.995,3.99,4.0,,,,-6.412,,,,0.0,0.0,12.15,,,8.27,33.73,33.4,34.0,,,0.0,28.0,57.0,0.0,0.0,0.0,0.0,0.0,0.0,0.0,0.0,0.0,0.0,0.0,0.0,0.0,0.0,0.0,0.0,
2020-10-30T13:00:00Z,29.0,0.0,0.0,0.0,0.0,0.0,,,12.761,12.75,12.78,,,3.991,3.99,4.0,,,,-6.414,,,,0.0,0.0,12.126,,,0.936,33.803,33.7,34.0,,,0.0,58.0,86.0,0.0,0.0,0.0,0.0,0.0,0.0,0.0,0.0,0.0,0.0,0.0,0.0,0.0,0.0,0.0,0.0,
2020-10-30T14:00:00Z,30.0,0.0,0.0,0.0,0.0,0.0,,,12.743,12.72,12.75,,,3.99,3.99,3.99,,,,-6.412,,,,0.0,0.0,12.103,,,0.0,33.5,33.4,33.7,,,0.0,87.0,116.0,0.0,0.0,0.0,0.0,0.0,0.0,0.0,0.0,0.0,0.0,0.0,0.0,0.0,0.0,0.0,0.0,
2020-10-30T15:00:00Z,30.0,0.0,0.0,0.0,0.0,0.0,,,12.726,12.71,12.74,,,3.989,3.98,3.99,,,,-6.409,,,,0.0,0.0,12.089,,,0.0,33.343,33.3,33.4,,,0.0,117.0,146.0,0.0,0.0,0.0,0.0,0.0,0.0,0.0,0.0,0.0,0.0,0.0,0.0,0.0,0.0,0.0,0.0,
2020-10-30T16:00:00Z,29.0,0.0,0.0,0.0,0.0,0.0,,,12.713,12.7,12.72,,,3.981,3.98,3.99,,,,-6.411,,,,0.0,0.0,12.074,,,0.0,33.014,32.7,33.3,,,0.0,147.0,175.0,0.0,0.0,0.0,0.0,0.0,0.0,0.0,0.0,0.0,0.0,0.0,0.0,0.0,0.0,0.0,0.0,
2020-10-30T17:00:00Z,30.0,0.0,0.0,0.0,0.0,0.0,,,12.694,12.68,12.71,,,3.98,3.98,3.98,,,,-6.407,,,,0.0,0.0,12.064,,,0.0,32.477,32.3,32.7,,,0.0,176.0,205.0,0.0,0.0,0.0,0.0,0.0,0.0,0.0,0.0,0.0,0.0,0.0,0.0,0.0,0.0,0.0,0.0,
2020-10-30T18:00:00Z,29.0,0.0,0.0,0.0,0.0,0.0,,,12.674,12.66,12.69,,,3.98,3.98,3.98,,,,-6.407,,,,0.0,0.0,12.046,,,0.0,32.162,32.1,32.3,,,0.0,206.0,234.0,0.0,0.0,0.0,0.0,0.0,0.0,0.0,0.0,0.0,0.0,0.0,0.0,0.0,0.0,0.0,0.0,
2020-10-30T19:00:00Z,30.0,0.0,0.0,0.0,0.0,0.0,,,12.662,12.64,12.68,,,3.979,3.97,3.98,,,,-6.404,,,,0.0,0.0,12.031,,,0.0,32.017,31.9,32.1,,,0.0,235.0,264.0,0.0,0.0,0.0,0.0,0.0,0.0,0.0,0.0,0.0,0.0,0.0,0.0,0.0,0.0,0.0,0.0,
2020-10-30T20:00:00Z,30.0,0.0,0.0,0.0,0.0,0.0,,,12.65,12.63,12.67,,,3.974,3.97,3.98,,,,-6.402,,,,0.0,0.0,12.016,,,0.0,31.8,31.7,31.9,,,0.0,265.0,294.0,0.0,0.0,0.0,0.0,0.0,0.0,0.0,0.0,0.0,0.0,0.0,0.0,0.0,0.0,0.0,0.0,
2020-10-30T21:00:00Z,29.0,0.0,0.0,0.0,0.0,0.0,,,12.627,12.61,12.64,,,3.971,3.97,3.98,,,,-6.402,,,,0.0,0.0,11.994,,,0.0,31.579,31.4,31.7,,,0.0,295.0,323.0,0.0,0.0,0.0,0.0,0.0,0.0,0.0,0.0,0.0,0.0,0.0,0.0,0.0,0.0,0.0,0.0,
2020-10-30T22:00:00Z,30.0,0.0,2.105,13.03,0.718,3.74,,,12.606,12.59,12.62,,,3.97,3.97,3.97,,,,-6.403,,,,-13.483,0.0,11.972,,,0.0,31.347,31.3,31.5,,,-0.225,324.0,353.0,0.0,0.0,0.0,0.0,0.0,0.0,0.0,0.0,0.0,0.0,0.0,0.0,0.0,0.0,0.0,0.0,
2020-10-30T23:00:00Z,29.0,0.0,13.239,13.93,4.067,4.35,,,12.934,12.6,13.3,,,3.967,3.96,3.98,,,,-6.247,,,,-82.697,-80.38,12.29,,,0.0,31.921,31.6,32.0,,,-1.332,354.0,382.0,0.0,0.0,0.0,0.0,0.0,0.0,0.0,0.0,0.0,0.0,0.0,0.0,0.0,0.0,0.0,0.0,
2020-10-31T00:00:00Z,30.0,0.0,13.782,14.15,4.339,4.37,,,13.321,13.3,13.4,,,3.978,3.97,3.98,,,,-6.225,,,,-85.774,-83.28,12.656,,,0.0,32.0,32.0,32.0,,,-1.43,383.0,412.0,0.0,0.0,0.0,0.0,0.0,0.0,0.0,0.0,0.0,0.0,0.0,0.0,0.0,0.0,0.0,0.0,
2020-10-31T01:00:00Z,29.0,0.0,14.29,14.95,4.583,4.62,,,13.766,13.45,14.02,,,4.018,3.99,4.04,,,,-6.271,,,,-89.609,-85.39,13.087,,,0.0,31.969,31.9,32.0,,,-1.444,413.0,441.0,0.0,0.0,0.0,0.0,0.0,0.0,0.0,0.0,0.0,0.0,0.0,0.0,0.0,0.0,0.0,0.0,
2020-10-31T02:00:00Z,30.0,0.0,15.564,20.2,6.575,11.87,,,14.491,14.02,14.87,,,4.093,4.04,4.13,,,,-6.281,,,,-97.791,-90.11,13.765,,,0.0,32.167,32.0,32.5,,,-1.63,442.0,471.0,0.0,0.0,0.0,0.0,0.0,0.0,0.0,0.0,0.0,0.0,0.0,0.0,0.0,0.0,0.0,0.0,
2020-10-31T03:00:00Z,30.0,0.0,18.995,20.33,11.726,11.84,,,14.619,14.21,15.19,,,4.12,4.12,4.13,,,,-6.377,,,,-121.141,-102.44,13.975,,,0.0,32.96,32.5,33.3,,,-2.019,472.0,501.0,0.0,0.0,0.0,0.0,0.0,0.0,0.0,0.0,0.0,0.0,0.0,0.0,0.0,0.0,0.0,0.0,
2020-10-31T04:00:00Z,29.0,0.0,19.284,20.54,11.224,12.0,,,14.699,14.45,15.4,,,4.127,4.12,4.13,,,,-6.373,,,,-122.916,-105.07,13.947,,,0.0,33.503,33.3,33.8,,,-1.98,502.0,530.0,0.0,0.0,0.0,0.0,0.0,0.0,0.0,0.0,0.0,0.0,0.0,0.0,0.0,0.0,0.0,0.0,
2020-10-31T05:00:00Z,30.0,0.0,19.425,20.55,11.158,12.04,,,14.684,14.44,15.41,,,4.127,4.12,4.13,,,,-6.376,,,,-123.855,-102.59,13.961,,,0.0,34.207,33.8,34.6,,,-2.064,531.0,560.0,0.0,0.0,0.0,0.0,0.0,0.0,0.0,0.0,0.0,0.0,0.0,0.0,0.0,0.0,0.0,0.0,
2020-10-31T06:00:00Z,29.0,0.0,19.227,20.49,10.356,11.72,,,14.706,14.45,15.39,,,4.127,4.12,4.13,,,,-6.361,,,,-122.356,-99.21,14.037,,,0.0,34.745,34.6,35.1,,,-1.971,561.0,589.0,0.0,0.0,0.0,0.0,0.0,0.0,0.0,0.0,0.0,0.0,0.0,0.0,0.0,0.0,0.0,0.0,
2020-10-31T07:00:00Z,30.0,0.0,18.801,20.85,7.529,11.64,,,14.744,14.47,15.24,,,4.126,4.12,4.14,,,,-6.314,,,,-118.772,-97.97,14.055,,,0.923,35.27,35.0,35.6,,,-1.98,590.0,619.0,0.0,0.0,0.0,0.0,0.0,0.0,0.0,0.0,0.0,0.0,0.0,0.0,0.0,0.0,0.0,0.0,
2020-10-31T08:00:00Z,30.0,0.0,18.039,20.69,4.538,4.61,,,14.803,14.63,14.99,,,4.121,4.12,4.13,,,,-6.26,,,,-112.938,-97.65,14.118,,,0.152,35.8,35.5,36.1,,,-1.882,620.0,649.0,0.0,0.0,0.0,0.0,0.0,0.0,0.0,0.0,0.0,0.0,0.0,0.0,0.0,0.0,0.0,0.0,
2020-10-31T09:00:00Z,29.0,0.0,12.931,14.88,3.779,4.47,,,13.264,12.73,14.73,,,4.118,4.11,4.13,,,,-6.403,,,,-82.734,-51.69,12.618,,,7.635,36.014,35.9,36.2,,,-1.333,650.0,678.0,0.0,0.0,0.0,0.0,0.0,0.0,0.0,0.0,0.0,0.0,0.0,0.0,0.0,0.0,0.0,0.0,
2020-10-31T10:00:00Z,30.0,0.0,4.194,13.38,1.252,4.01,,,12.749,12.72,12.79,,,4.104,4.1,4.11,,,,-6.456,,,,-27.086,0.0,12.125,,,5.497,35.773,35.3,36.1,,,-0.451,679.0,708.0,0.0,0.0,0.0,0.0,0.0,0.0,0.0,0.0,0.0,0.0,0.0,0.0,0.0,0.0,0.0,0.0,
2020-10-31T11:00:00Z,29.0,0.0,0.0,0.0,0.0,0.0,,,12.736,12.71,12.76,,,4.09,4.08,4.1,,,,-6.451,,,,0.0,0.0,12.108,,,0.887,34.979,34.8,35.2,,,0.0,709.0,737.0,0.0,0.0,0.0,0.0,0.0,0.0,0.0,0.0,0.0,0.0,0.0,0.0,0.0,0.0,0.0,0.0,
2020-10-31T12:00:00Z,30.0,0.0,0.0,0.0,0.0,0.0,,,12.724,12.69,12.75,,,4.079,4.07,4.08,,,,-6.45,,,,0.0,0.0,12.088,,,0.0,34.707,34.6,34.8,,,0.0,738.0,767.0,0.0,0.0,0.0,0.0,0.0,0.0,0.0,0.0,0.0,0.0,0.0,0.0,0.0,0.0,0.0,0.0,
2020-10-31T13:00:00Z,30.0,0.0,0.0,0.0,0.0,0.0,,,12.708,12.69,12.73,,,4.067,4.06,4.07,,,,-6.443,,,,0.0,0.0,12.075,,,0.0,34.537,34.3,34.6,,,0.0,768.0,797.0,0.0,0.0,0.0,0.0,0.0,0.0,0.0,0.0,0.0,0.0,0.0,0.0,0.0,0.0,0.0,0.0,
2020-10-31T14:00:00Z,29.0,0.0,0.0,0.0,0.0,0.0,,,12.696,12.68,12.72,,,4.057,4.05,4.06,,,,-6.441,,,,0.0,0.0,12.061,,,0.0,34.069,33.8,34.3,,,0.0,798.0,826.0,0.0,0.0,0.0,0.0,0.0,0.0,0.0,0.0,0.0,0.0,0.0,0.0,0.0,0.0,0.0,0.0,
2020-10-31T15:00:00Z,30.0,0.0,0.0,0.0,0.0,0.0,,,12.686,12.66,12.71,,,4.05,4.05,4.05,,,,-6.434,,,,0.0,0.0,12.051,,,0.0,33.603,33.4,33.8,,,0.0,827.0,856.0,0.0,0.0,0.0,0.0,0.0,0.0,0.0,0.0,0.0,0.0,0.0,0.0,0.0,0.0,0.0,0.0,
2020-10-31T16:00:00Z,29.0,0.0,0.0,0.0,0.0,0.0,,,12.665,12.65,12.69,,,4.042,4.04,4.05,,,,-6.43,,,,0.0,0.0,12.032,,,0.0,33.366,33.3,33.4,,,0.0,857.0,885.0,0.0,0.0,0.0,0.0,0.0,0.0,0.0,0.0,0.0,0.0,0.0,0.0,0.0,0.0,0.0,0.0,
2020-10-31T17:00:00Z,30.0,0.0,0.0,0.0,0.0,0.0,,,12.652,12.63,12.67,,,4.038,4.03,4.04,,,,-6.431,,,,0.0,0.0,12.019,,,0.0,33.09,32.8,33.3,,,0.0,886.0,915.0,0.0,0.0,0.0,0.0,0.0,0.0,0.0,0.0,0.0,0.0,0.0,0.0,0.0,0.0,0.0,0.0,
2020-10-31T18:00:00Z,29.0,0.0,0.0,0.0,0.0,0.0,,,12.633,12.62,12.66,,,4.03,4.03,4.03,,,,-6.43,,,,0.0,0.0,12.004,,,0.0,32.534,32.4,32.8,,,0.0,916.0,944.0,0.0,0.0,0.0,0.0,0.0,0.0,0.0,0.0,0.0,0.0,0.0,0.0,0.0,0.0,0.0,0.0,
2020-10-31T19:00:00Z,30.0,0.0,0.0,0.0,0.0,0.0,,,12.619,12.6,12.63,,,4.027,4.02,4.03,,,,-6.427,,,,0.0,0.0,11.987,,,0.0,32.21,32.1,32.4,,,0.0,945.0,974.0,0.0,0.0,0.0,0.0,0.0,0.0,0.0,0.0,0.0,0.0,0.0,0.0,0.0,0.0,0.0,0.0,
2020-10-31T20:00:00Z,30.0,0.0,0.0,0.0,0.0,0.0,,,12.6,12.58,12.61,,,4.02,4.02,4.03,,,,-6.428,,,,0.0,0.0,11.966,,,0.0,32.073,32.0,32.1,,,0.0,975.0,1004.0,0.0,0.0,0.0,0.0,0.0,0.0,0.0,0.0,0.0,0.0,0.0,0.0,0.0,0.0,0.0,0.0,
2020-10-31T21:00:00Z,29.0,0.0,0.0,0.0,0.0,0.0,,,12.581,12.57,12.59,,,4.013,4.01,4.02,,,,-6.427,,,,0.0,0.0,11.95,,,0.0,31.928,31.8,32.0,,,0.0,1005.0,1033.0,0.0,0.0,0.0,0.0,0.0,0.0,0.0,0.0,0.0,0.0,0.0,0.0,0.0,0.0,0.0,0.0,
2020-10-31T22:00:00Z,30.0,0.0,2.646,13.1,0.847,3.85,,,12.569,12.56,12.57,,,4.01,4.01,4.01,,,,-6.422,,,,-16.996,0.0,11.936,,,0.0,31.72,31.6,31.9,,,-0.283,1034.0,1063.0,0.0,0.0,0.0,0.0,0.0,0.0,0.0,0.0,0.0,0.0,0.0,0.0,0.0,0.0,0.0,0.0,
2020-10-31T23:00:00Z,29.0,0.0,13.095,13.56,4.002,4.33,,,12.762,12.57,12.96,,,4.003,4.0,4.01,,,,-6.314,,,,-82.694,-80.83,12.109,,,0.0,32.09,32.0,32.1,,,-1.332,1064.0,1092.0,0.0,0.0,0.0,0.0,0.0,0.0,0.0,0.0,0.0,0.0,0.0,0.0,0.0,0.0,0.0,0.0,
2020-11-01T00:00:00Z,30.0,0.0,13.448,14.09,4.323,4.4,,,13.055,12.85,13.34,,,4.005,4.0,4.01,,,,-6.257,,,,-84.142,-81.16,12.401,,,0.0,31.993,31.9,32.1,,,-1.402,1093.0,1122.0,0.0,0.0,0.0,0.0,0.0,0.0,0.0,0.0,0.0,0.0,0.0,0.0,0.0,0.0,0.0,0.0,
2020-11-01T01:00:00Z,30.0,0.0,14.133,15.39,4.512,4.69,,,13.591,13.3,14.32,,,4.04,4.01,4.09,,,,-6.274,,,,-88.654,-84.23,12.913,,,0.0,31.913,31.9,32.0,,,-1.478,1123.0,1152.0,0.0,0.0,0.0,0.0,0.0,0.0,0.0,0.0,0.0,0.0,0.0,0.0,0.0,0.0,0.0,0.0,
2020-11-01T02:00:00Z,29.0,0.0,14.7,16.36,8.417,12.39,,,14.015,13.51,14.65,,,4.111,4.08,4.14,,,,-6.341,,,,-93.238,-86.7,13.29,,,0.915,32.041,31.9,32.1,,,-1.502,1153.0,1181.0,0.0,0.0,0.0,0.0,0.0,0.0,0.0,0.0,0.0,0.0,0.0,0.0,0.0,0.0,0.0,0.0,
2020-11-01T03:00:00Z,30.0,0.0,16.755,21.11,9.314,12.46,,,14.348,13.72,15.27,,,4.124,4.11,4.13,,,,-6.34,,,,-106.343,-87.64,13.629,,,0.372,32.183,32.1,32.4,,,-1.772,1182.0,1211.0,0.0,0.0,0.0,0.0,0.0,0.0,0.0,0.0,0.0,0.0,0.0,0.0,0.0,0.0,0.0,0.0,
2020-11-01T04:00:00Z,29.0,0.0,19.109,20.87,11.264,12.29,,,14.706,14.35,15.46,,,4.129,4.12,4.13,,,,-6.361,,,,-121.609,-97.91,13.936,,,0.85,32.841,32.4,33.2,,,-1.959,1212.0,1240.0,0.0,0.0,0.0,0.0,0.0,0.0,0.0,0.0,0.0,0.0,0.0,0.0,0.0,0.0,0.0,0.0,
2020-11-01T05:00:00Z,30.0,0.0,19.674,21.09,11.049,12.43,,,14.687,14.42,15.39,,,4.129,4.12,4.13,,,,-6.36,,,,-125.183,-97.94,14.008,,,0.384,33.357,33.1,33.6,,,-2.086,1241.0,1270.0,0.0,0.0,0.0,0.0,0.0,0.0,0.0,0.0,0.0,0.0,0.0,0.0,0.0,0.0,0.0,0.0,
2020-11-01T06:00:00Z,30.0,0.0,19.799,20.5,11.416,12.14,,,14.695,14.5,15.27,,,4.129,4.12,4.13,,,,-6.375,,,,-126.197,-103.74,14.04,,,1.406,33.87,33.5,34.2,,,-2.103,1271.0,1300.0,0.0,0.0,0.0,0.0,0.0,0.0,0.0,0.0,0.0,0.0,0.0,0.0,0.0,0.0,0.0,0.0,
2020-11-01T07:00:00Z,29.0,0.0,18.817,20.73,9.463,12.05,,,14.716,14.48,15.03,,,4.127,4.12,4.13,,,,-6.341,,,,-119.416,-92.18,14.05,,,0.008,34.486,34.1,34.6,,,-1.924,1301.0,1329.0,0.0,0.0,0.0,0.0,0.0,0.0,0.0,0.0,0.0,0.0,0.0,0.0,0.0,0.0,0.0,0.0,
2020-11-01T08:00:00Z,30.0,0.0,14.151,20.81,4.273,4.52,,,13.623,12.98,14.82,,,4.118,4.11,4.12,,,,-6.31,,,,-89.276,-82.92,12.976,,,4.591,34.647,34.6,34.8,,,-1.488,1330.0,1359.0,0.0,0.0,0.0,0.0,0.0,0.0,0.0,0.0,0.0,0.0,0.0,0.0,0.0,0.0,0.0,0.0,
2020-11-01T09:00:00Z,29.0,0.0,13.427,14.07,4.081,4.37,,,13.101,12.84,13.36,,,4.105,4.1,4.11,,,,-6.352,,,,-85.279,-83.02,12.458,,,4.131,34.941,34.8,35.0,,,-1.374,1360.0,1388.0,0.0,0.0,0.0,0.0,0.0,0.0,0.0,0.0,0.0,0.0,0.0,0.0,0.0,0.0,0.0,0.0,
2020-11-01T10:00:00Z,30.0,0.0,5.492,13.48,1.594,4.08,,,12.772,12.73,12.85,,,4.093,4.09,4.1,,,,-6.44,,,,-35.367,0.0,12.148,,,7.67,34.863,34.6,35.2,,,-0.589,1389.0,1418.0,0.0,0.0,0.0,0.0,0.0,0.0,0.0,0.0,0.0,0.0,0.0,0.0,0.0,0.0,0.0,0.0,
2020-11-01T11:00:00Z,29.0,0.0,0.0,0.0,0.0,0.0,,,12.75,12.72,12.78,,,4.081,4.07,4.09,,,,-6.442,,,,0.0,0.0,12.117,,,9.877,34.372,34.2,34.6,,,0.0,1419.0,1447.0,0.0,0.0,0.0,0.0,0.0,0.0,0.0,0.0,0.0,0.0,0.0,0.0,0.0,0.0,0.0,0.0,
2020-11-01T12:00:00Z,30.0,0.0,0.0,0.0,0.0,0.0,,,12.733,12.72,12.76,,,4.072,4.06,4.08,,,,-6.437,,,,0.0,0.0,12.099,,,2.442,34.163,34.0,34.3,,,0.0,1448.0,1477.0,0.0,0.0,0.0,0.0,0.0,0.0,0.0,0.0,0.0,0.0,0.0,0.0,0.0,0.0,0.0,0.0,
2020-11-01T13:00:00Z,30.0,0.0,0.0,0.0,0.0,0.0,,,12.721,12.69,12.75,,,4.059,4.05,4.07,,,,-6.437,,,,0.0,0.0,12.086,,,4.421,33.87,33.6,34.1,,,0.0,1478.0,1507.0,0.0,0.0,0.0,0.0,0.0,0.0,0.0,0.0,0.0,0.0,0.0,0.0,0.0,0.0,0.0,0.0,
2020-11-01T14:00:00Z,29.0,0.0,0.0,0.0,0.0,0.0,,,12.7,12.68,12.72,,,4.05,4.05,4.06,,,,-6.429,,,,0.0,0.0,12.073,,,1.567,33.448,33.4,33.6,,,0.0,1508.0,1536.0,0.0,0.0,0.0,0.0,0.0,0.0,0.0,0.0,0.0,0.0,0.0,0.0,0.0,0.0,0.0,0.0,
2020-11-01T15:00:00Z,28.0,0.0,0.0,0.0,0.0,0.0,,,12.684,12.66,12.7,,,4.044,4.04,4.05,,,,-6.436,,,,0.0,0.0,12.053,,,1.214,33.254,33.0,33.4,,,0.0,1537.0,1566.0,0.0,0.0,0.0,0.0,0.0,0.0,0.0,0.0,0.0,0.0,0.0,0.0,0.0,0.0,0.0,0.0,
2020-11-01T16:00:00Z,29.0,0.0,0.0,0.0,0.0,0.0,,,12.669,12.65,12.69,,,4.04,4.04,4.04,,,,-6.428,,,,0.0,0.0,12.042,,,3.678,32.748,32.5,33.0,,,0.0,1567.0,1595.0,0.0,0.0,0.0,0.0,0.0,0.0,0.0,0.0,0.0,0.0,0.0,0.0,0.0,0.0,0.0,0.0,
2020-11-01T17:00:00Z,29.0,0.0,0.0,0.0,0.0,0.0,,,12.653,12.63,12.67,,,4.031,4.03,4.04,,,,-6.428,,,,0.0,0.0,12.023,,,5.172,32.317,32.1,32.5,,,0.0,1596.0,1625.0,0.0,0.0,0.0,0.0,0.0,0.0,0.0,0.0,0.0,0.0,0.0,0.0,0.0,0.0,0.0,0.0,
2020-11-01T18:00:00Z,29.0,0.0,0.0,0.0,0.0,0.0,,,12.64,12.63,12.66,,,4.026,4.02,4.03,,,,-6.421,,,,0.0,0.0,12.013,,,0.0,32.055,32.0,32.1,,,0.0,1626.0,1654.0,0.0,0.0,0.0,0.0,0.0,0.0,0.0,0.0,0.0,0.0,0.0,0.0,0.0,0.0,0.0,0.0,
2020-11-01T19:00:00Z,30.0,0.0,0.0,0.0,0.0,0.0,,,12.627,12.61,12.64,,,4.02,4.01,4.02,,,,-6.426,,,,0.0,0.0,11.996,,,0.0,31.817,31.7,32.0,,,0.0,1655.0,1684.0,0.0,0.0,0.0,0.0,0.0,0.0,0.0,0.0,0.0,0.0,0.0,0.0,0.0,0.0,0.0,0.0,
2020-11-01T20:00:00Z,29.0,0.0,0.0,0.0,0.0,0.0,,,12.608,12.6,12.63,,,4.011,4.01,4.02,,,,-6.42,,,,0.0,0.0,11.98,,,0.0,31.479,31.3,31.7,,,0.0,1685.0,1713.0,0.0,0.0,0.0,0.0,0.0,0.0,0.0,0.0,0.0,0.0,0.0,0.0,0.0,0.0,0.0,0.0,
2020-11-01T21:00:00Z,30.0,0.0,0.0,0.0,0.0,0.0,,,12.593,12.58,12.6,,,4.01,4.0,4.01,,,,-6.416,,,,0.0,0.0,11.962,,,0.0,31.15,31.0,31.3,,,0.0,1714.0,1743.0,0.0,0.0,0.0,0.0,0.0,0.0,0.0,0.0,0.0,0.0,0.0,0.0,0.0,0.0,0.0,0.0,
2020-11-01T22:00:00Z,30.0,0.0,1.883,11.68,0.583,3.7,,,12.573,12.55,12.59,,,4.002,4.0,4.01,,,,-6.415,,,,-12.081,0.0,11.944,,,0.0,30.91,30.9,31.0,,,-0.201,1744.0,1773.0,0.0,0.0,0.0,0.0,0.0,0.0,0.0,0.0,0.0,0.0,0.0,0.0,0.0,0.0,0.0,0.0,
2020-11-01T23:00:00Z,29.0,0.0,13.1,13.6,4.048,4.29,,,12.777,12.57,12.9,,,3.999,3.99,4.0,,,,-6.301,,,,-82.531,-80.66,12.135,,,0.0,31.403,31.0,31.5,,,-1.33,1774.0,1802.0,0.0,0.0,0.0,0.0,0.0,0.0,0.0,0.0,0.0,0.0,0.0,0.0,0.0,0.0,0.0,0.0,
2020-11-02T00:00:00Z,29.0,0.0,13.535,14.08,4.348,4.42,,,13.107,12.92,13.32,,,4.004,4.0,4.01,,,,-6.246,,,,-84.526,-81.39,12.454,,,0.0,31.317,31.2,31.4,,,-1.362,1803.0,1831.0,0.0,0.0,0.0,0.0,0.0,0.0,0.0,0.0,0.0,0.0,0.0,0.0,0.0,0.0,0.0,0.0,
2020-11-02T01:00:00Z,28.0,0.0,13.942,14.52,4.489,4.55,,,13.496,13.35,13.6,,,4.035,4.01,4.05,,,,-6.272,,,,-87.431,-84.4,12.826,,,0.0,31.304,31.2,31.4,,,-1.36,1833.0,1861.0,0.0,0.0,0.0,0.0,0.0,0.0,0.0,0.0,0.0,0.0,0.0,0.0,0.0,0.0,0.0,0.0,
2020-11-02T02:00:00Z,29.0,0.0,14.341,15.63,5.887,12.32,,,13.859,13.46,14.51,,,4.084,4.04,4.13,,,,-6.292,,,,-90.239,-85.86,13.168,,,1.544,31.41,31.3,31.7,,,-1.454,1862.0,1890.0,0.0,0.0,0.0,0.0,0.0,0.0,0.0,0.0,0.0,0.0,0.0,0.0,0.0,0.0,0.0,0.0,
2020-11-02T03:00:00Z,28.0,0.0,16.421,20.84,11.189,12.32,,,14.475,13.81,15.01,,,4.121,4.11,4.13,,,,-6.365,,,,-104.537,-90.47,13.753,,,0.125,31.871,31.7,32.0,,,-1.626,1891.0,1919.0,0.0,0.0,0.0,0.0,0.0,0.0,0.0,0.0,0.0,0.0,0.0,0.0,0.0,0.0,0.0,0.0,
2020-11-02T04:00:00Z,25.0,0.0,17.612,21.07,9.114,12.33,,,14.442,13.75,15.13,,,4.126,4.12,4.13,,,,-6.327,,,,-111.58,-87.36,13.713,,,2.38,32.016,31.8,32.3,,,-1.55,1921.0,1948.0,0.0,0.0,0.0,0.0,0.0,0.0,0.0,0.0,0.0,0.0,0.0,0.0,0.0,0.0,0.0,0.0,
2020-11-02T05:00:00Z,27.0,0.0,19.2,21.18,11.678,12.33,,,14.714,14.42,15.33,,,4.13,4.12,4.13,,,,-6.37,,,,-122.344,-99.18,14.01,,,0.906,32.493,32.3,32.7,,,-1.835,1949.0,1977.0,0.0,0.0,0.0,0.0,0.0,0.0,0.0,0.0,0.0,0.0,0.0,0.0,0.0,0.0,0.0,0.0,
2020-11-02T06:00:00Z,24.0,0.0,19.43,20.96,9.287,11.89,,,14.711,14.47,15.03,,,4.127,4.12,4.13,,,,-6.329,,,,-122.976,-100.8,14.005,,,0.18,32.896,32.7,33.2,,,-1.64,1978.0,2006.0,0.0,0.0,0.0,0.0,0.0,0.0,0.0,0.0,0.0,0.0,0.0,0.0,0.0,0.0,0.0,0.0,
2020-11-02T07:00:00Z,28.0,0.0,18.771,20.93,5.591,11.72,,,14.797,14.5,15.0,,,4.121,4.12,4.13,,,,-6.258,,,,-117.474,-98.33,14.099,,,0.044,33.168,33.0,33.3,,,-1.827,2007.0,2035.0,0.0,0.0,0.0,0.0,0.0,0.0,0.0,0.0,0.0,0.0,0.0,0.0,0.0,0.0,0.0,0.0,
2020-11-02T08:00:00Z,27.0,0.0,16.717,20.8,4.496,4.55,,,14.706,14.1,14.91,,,4.121,4.12,4.13,,,,-6.243,,,,-104.343,-90.25,14.012,,,0.0,33.337,33.2,33.4,,,-1.565,2036.0,2064.0,0.0,0.0,0.0,0.0,0.0,0.0,0.0,0.0,0.0,0.0,0.0,0.0,0.0,0.0,0.0,0.0,
2020-11-02T09:00:00Z,26.0,0.0,14.381,15.24,4.386,4.43,,,13.975,13.24,14.48,,,4.112,4.1,4.12,,,,-6.281,,,,-90.314,-84.82,13.327,,,0.0,33.319,33.3,33.4,,,-1.305,2065.0,2093.0,0.0,0.0,0.0,0.0,0.0,0.0,0.0,0.0,0.0,0.0,0.0,0.0,0.0,0.0,0.0,0.0,
2020-11-02T10:00:00Z,22.0,0.0,6.1,13.38,1.872,4.23,,,12.816,12.76,13.13,,,4.091,4.08,4.1,,,,-6.423,,,,-39.116,0.0,12.175,,,0.0,32.932,32.3,33.4,,,-0.478,2094.0,2121.0,0.0,0.0,0.0,0.0,0.0,0.0,0.0,0.0,0.0,0.0,0.0,0.0,0.0,0.0,0.0,0.0,
2020-11-02T11:00:00Z,20.0,0.0,0.0,0.0,0.0,0.0,,,12.77,12.75,12.8,,,4.066,4.05,4.08,,,,-6.429,,,,0.0,0.0,12.13,,,0.0,32.14,32.1,32.2,,,0.0,2122.0,2150.0,0.0,0.0,0.0,0.0,0.0,0.0,0.0,0.0,0.0,0.0,0.0,0.0,0.0,0.0,0.0,0.0,
2020-11-02T12:00:00Z,19.0,0.0,0.0,0.0,0.0,0.0,,,12.755,12.74,12.78,,,4.045,4.04,4.06,,,,-6.419,,,,0.0,0.0,12.114,,,0.0,32.095,32.0,32.1,,,0.0,2151.0,2178.0,0.0,0.0,0.0,0.0,0.0,0.0,0.0,0.0,0.0,0.0,0.0,0.0,0.0,0.0,0.0,0.0,
2020-11-02T13:00:00Z,21.0,0.0,0.0,0.0,0.0,0.0,,,12.73,12.71,12.75,,,4.032,4.03,4.04,,,,-6.421,,,,0.0,0.0,12.096,,,0.0,31.986,31.9,32.1,,,0.0,2179.0,2206.0,0.0,0.0,0.0,0.0,0.0,0.0,0.0,0.0,0.0,0.0,0.0,0.0,0.0,0.0,0.0,0.0,
2020-11-02T14:00:00Z,21.0,0.0,0.0,0.0,0.0,0.0,,,12.718,12.7,12.73,,,4.024,4.01,4.03,,,,-6.42,,,,0.0,0.0,12.08,,,0.0,31.738,31.6,31.9,,,0.0,2207.0,2234.0,0.0,0.0,0.0,0.0,0.0,0.0,0.0,0.0,0.0,0.0,0.0,0.0,0.0,0.0,0.0,0.0,
2020-11-02T15:00:00Z,21.0,0.0,0.0,0.0,0.0,0.0,,,12.697,12.69,12.71,,,4.009,4.0,4.01,,,,-6.407,,,,0.0,0.0,12.07,,,0.0,31.433,31.3,31.6,,,0.0,2235.0,2262.0,0.0,0.0,0.0,0.0,0.0,0.0,0.0,0.0,0.0,0.0,0.0,0.0,0.0,0.0,0.0,0.0,
2020-11-02T16:00:00Z,16.0,0.0,0.0,0.0,0.0,0.0,,,12.685,12.67,12.7,,,3.999,3.99,4.0,,,,-6.406,,,,0.0,0.0,12.054,,,0.0,31.15,31.0,31.3,,,0.0,2266.0,2290.0,0.0,0.0,0.0,0.0,0.0,0.0,0.0,0.0,0.0,0.0,0.0,0.0,0.0,0.0,0.0,0.0,
2020-11-02T17:00:00Z,19.0,0.0,0.0,0.0,0.0,0.0,,,12.668,12.65,12.68,,,3.992,3.99,4.0,,,,-6.404,,,,0.0,0.0,12.039,,,0.0,30.874,30.8,31.0,,,0.0,2291.0,2317.0,0.0,0.0,0.0,0.0,0.0,0.0,0.0,0.0,0.0,0.0,0.0,0.0,0.0,0.0,0.0,0.0,
2020-11-02T18:00:00Z,16.0,0.0,0.0,0.0,0.0,0.0,,,12.654,12.64,12.66,,,3.984,3.98,3.99,,,,-6.405,,,,0.0,0.0,12.024,,,0.0,30.7,30.6,30.8,,,0.0,2319.0,2346.0,0.0,0.0,0.0,0.0,0.0,0.0,0.0,0.0,0.0,0.0,0.0,0.0,0.0,0.0,0.0,0.0,
2020-11-02T19:00:00Z,27.0,0.0,0.0,0.0,0.0,0.0,,,12.637,12.62,12.66,,,3.98,3.98,3.98,,,,-6.403,,,,0.0,0.0,12.012,,,0.0,30.541,30.4,30.6,,,0.0,2348.0,2375.0,0.0,0.0,0.0,0.0,0.0,0.0,0.0,0.0,0.0,0.0,0.0,0.0,0.0,0.0,0.0,0.0,
2020-11-02T20:00:00Z,29.0,0.0,0.0,0.0,0.0,0.0,,,12.619,12.6,12.64,,,3.98,3.98,3.98,,,,-6.402,,,,0.0,0.0,11.991,,,0.0,30.307,30.1,30.5,,,0.0,2376.0,2405.0,0.0,0.0,0.0,0.0,0.0,0.0,0.0,0.0,0.0,0.0,0.0,0.0,0.0,0.0,0.0,0.0,
2020-11-02T21:00:00Z,29.0,0.0,0.0,0.0,0.0,0.0,,,12.604,12.59,12.62,,,3.977,3.97,3.98,,,,-6.401,,,,0.0,0.0,11.969,,,0.0,30.048,29.9,30.1,,,0.0,2406.0,2434.0,0.0,0.0,0.0,0.0,0.0,0.0,0.0,0.0,0.0,0.0,0.0,0.0,0.0,0.0,0.0,0.0,
2020-11-02T22:00:00Z,30.0,0.0,2.664,12.69,0.902,3.87,,,12.583,12.57,12.6,,,3.972,3.97,3.98,,,,-6.401,,,,-17.046,0.0,11.95,,,0.0,29.88,29.8,30.2,,,-0.284,2435.0,2464.0,0.0,0.0,0.0,0.0,0.0,0.0,0.0,0.0,0.0,0.0,0.0,0.0,0.0,0.0,0.0,0.0,
2020-11-02T23:00:00Z,29.0,0.0,13.223,14.11,4.131,4.39,,,12.956,12.59,13.32,,,3.973,3.97,3.98,,,,-6.236,,,,-82.454,-80.08,12.308,,,0.0,30.493,30.2,30.6,,,-1.328,2465.0,2493.0,0.0,0.0,0.0,0.0,0.0,0.0,0.0,0.0,0.0,0.0,0.0,0.0,0.0,0.0,0.0,0.0,
2020-11-03T00:00:00Z,30.0,0.0,13.782,14.36,4.395,4.46,,,13.405,13.32,13.57,,,3.986,3.98,3.99,,,,-6.218,,,,-85.703,-83.92,12.735,,,0.0,30.627,30.5,30.7,,,-1.428,2494.0,2523.0,0.0,0.0,0.0,0.0,0.0,0.0,0.0,0.0,0.0,0.0,0.0,0.0,0.0,0.0,0.0,0.0,
2020-11-03T01:00:00Z,25.0,0.0,14.055,15.0,4.452,4.61,,,13.58,13.32,13.96,,,4.004,3.99,4.03,,,,-6.229,,,,-87.554,-83.92,12.888,,,0.0,30.66,30.6,30.8,,,-1.216,2524.0,2552.0,0.0,0.0,0.0,0.0,0.0,0.0,0.0,0.0,0.0,0.0,0.0,0.0,0.0,0.0,0.0,0.0,
2020-11-03T02:00:00Z,20.0,0.0,14.621,15.19,4.556,4.65,,,14.026,13.43,14.64,,,4.036,4.0,4.06,,,,-6.244,,,,-91.274,-85.67,13.309,,,0.0,30.875,30.7,31.0,,,-1.014,2553.0,2579.0,0.0,0.0,0.0,0.0,0.0,0.0,0.0,0.0,0.0,0.0,0.0,0.0,0.0,0.0,0.0,0.0,
2020-11-03T03:00:00Z,28.0,0.0,17.477,20.91,9.018,12.03,,,14.692,14.09,15.0,,,4.113,4.07,4.13,,,,-6.311,,,,-110.38,-94.35,13.939,,,0.0,31.493,31.0,31.8,,,-1.717,2580.0,2607.0,0.0,0.0,0.0,0.0,0.0,0.0,0.0,0.0,0.0,0.0,0.0,0.0,0.0,0.0,0.0,0.0,
2020-11-03T04:00:00Z,20.0,0.0,18.489,20.97,9.322,12.37,,,14.732,14.42,15.25,,,4.124,4.12,4.13,,,,-6.319,,,,-116.939,-98.47,13.978,,,0.0,31.945,31.7,32.0,,,-1.299,2609.0,2637.0,0.0,0.0,0.0,0.0,0.0,0.0,0.0,0.0,0.0,0.0,0.0,0.0,0.0,0.0,0.0,0.0,
2020-11-03T05:00:00Z,13.0,0.0,18.828,21.13,5.767,12.27,,,14.817,14.51,15.23,,,4.122,4.12,4.13,,,,-6.251,,,,-117.722,-98.33,14.151,,,0.0,32.169,32.0,32.4,,,-0.85,2638.0,2664.0,0.0,0.0,0.0,0.0,0.0,0.0,0.0,0.0,0.0,0.0,0.0,0.0,0.0,0.0,0.0,0.0,
2020-11-03T06:00:00Z,25.0,0.0,19.722,21.02,11.528,12.11,,,14.68,14.51,15.22,,,4.13,4.12,4.13,,,,-6.369,,,,-125.616,-104.49,13.952,,,0.0,32.876,32.5,33.3,,,-1.745,2666.0,2694.0,0.0,0.0,0.0,0.0,0.0,0.0,0.0,0.0,0.0,0.0,0.0,0.0,0.0,0.0,0.0,0.0,
2020-11-03T07:00:00Z,29.0,0.0,19.292,20.48,9.133,11.81,,,14.677,14.47,15.02,,,4.127,4.12,4.13,,,,-6.334,,,,-122.224,-97.52,14.007,,,0.0,33.359,33.2,33.4,,,-1.969,2695.0,2723.0,0.0,0.0,0.0,0.0,0.0,0.0,0.0,0.0,0.0,0.0,0.0,0.0,0.0,0.0,0.0,0.0,
2020-11-03T08:00:00Z,29.0,0.0,16.941,20.72,4.505,4.55,,,14.805,14.52,15.0,,,4.12,4.12,4.12,,,,-6.237,,,,-105.655,-93.01,14.114,,,0.0,33.503,33.4,33.7,,,-1.702,2724.0,2752.0,0.0,0.0,0.0,0.0,0.0,0.0,0.0,0.0,0.0,0.0,0.0,0.0,0.0,0.0,0.0,0.0,
2020-11-03T09:00:00Z,27.0,0.0,13.979,15.01,4.234,4.47,,,13.648,12.83,14.49,,,4.117,4.11,4.13,,,,-6.319,,,,-88.317,-83.04,12.997,,,0.0,33.715,33.6,33.8,,,-1.325,2753.0,2782.0,0.0,0.0,0.0,0.0,0.0,0.0,0.0,0.0,0.0,0.0,0.0,0.0,0.0,0.0,0.0,0.0,
2020-11-03T10:00:00Z,29.0,0.0,4.862,13.43,1.571,3.94,,,12.774,12.75,12.83,,,4.1,4.09,4.11,,,,-6.441,,,,-31.334,0.0,12.136,,,0.0,33.524,33.2,33.8,,,-0.505,2783.0,2811.0,0.0,0.0,0.0,0.0,0.0,0.0,0.0,0.0,0.0,0.0,0.0,0.0,0.0,0.0,0.0,0.0,
2020-11-03T11:00:00Z,30.0,0.0,0.0,0.0,0.0,0.0,,,12.755,12.72,12.78,,,4.086,4.08,4.09,,,,-6.435,,,,0.0,0.0,12.113,,,2.073,33.163,33.1,33.3,,,0.0,2812.0,2841.0,0.0,0.0,0.0,0.0,0.0,0.0,0.0,0.0,0.0,0.0,0.0,0.0,0.0,0.0,0.0,0.0,
2020-11-03T12:00:00Z,29.0,0.0,0.0,0.0,0.0,0.0,,,12.733,12.7,12.76,,,4.076,4.07,4.08,,,,-6.431,,,,0.0,0.0,12.097,,,0.0,33.014,32.8,33.1,,,0.0,2842.0,2870.0,0.0,0.0,0.0,0.0,0.0,0.0,0.0,0.0,0.0,0.0,0.0,0.0,0.0,0.0,0.0,0.0,
2020-11-03T13:00:00Z,30.0,0.0,0.0,0.0,0.0,0.0,,,12.719,12.69,12.74,,,4.065,4.06,4.07,,,,-6.434,,,,0.0,0.0,12.079,,,0.0,32.623,32.5,32.9,,,0.0,2871.0,2900.0,0.0,0.0,0.0,0.0,0.0,0.0,0.0,0.0,0.0,0.0,0.0,0.0,0.0,0.0,0.0,0.0,
2020-11-03T14:00:00Z,29.0,0.0,0.0,0.0,0.0,0.0,,,12.699,12.67,12.72,,,4.055,4.05,4.06,,,,-6.431,,,,0.0,0.0,12.065,,,0.0,32.369,32.2,32.5,,,0.0,2901.0,2929.0,0.0,0.0,0.0,0.0,0.0,0.0,0.0,0.0,0.0,0.0,0.0,0.0,0.0,0.0,0.0,0.0,
2020-11-03T15:00:00Z,17.0,0.0,0.0,0.0,0.0,0.0,,,12.684,12.67,12.7,,,4.044,4.03,4.05,,,,-6.422,,,,0.0,0.0,12.051,,,0.0,32.135,32.1,32.2,,,0.0,2930.0,2957.0,0.0,0.0,0.0,0.0,0.0,0.0,0.0,0.0,0.0,0.0,0.0,0.0,0.0,0.0,0.0,0.0,
2020-11-03T16:00:00Z,18.0,0.0,0.0,0.0,0.0,0.0,,,12.666,12.66,12.69,,,4.027,4.02,4.04,,,,-6.416,,,,0.0,0.0,12.034,,,0.0,32.05,32.0,32.1,,,0.0,2958.0,2984.0,0.0,0.0,0.0,0.0,0.0,0.0,0.0,0.0,0.0,0.0,0.0,0.0,0.0,0.0,0.0,0.0,
2020-11-03T17:00:00Z,11.0,0.0,0.0,0.0,0.0,0.0,,,12.659,12.65,12.67,,,4.01,4.0,4.02,,,,-6.411,,,,0.0,0.0,12.027,,,0.0,31.873,31.7,32.0,,,0.0,2989.0,3010.0,0.0,0.0,0.0,0.0,0.0,0.0,0.0,0.0,0.0,0.0,0.0,0.0,0.0,0.0,0.0,0.0,
2020-11-03T18:00:00Z,11.0,0.0,0.0,0.0,0.0,0.0,,,12.643,12.63,12.66,,,3.999,3.99,4.0,,,,-6.412,,,,0.0,0.0,12.011,,,0.0,31.618,31.5,31.7,,,0.0,3013.0,3039.0,0.0,0.0,0.0,0.0,0.0,0.0,0.0,0.0,0.0,0.0,0.0,0.0,0.0,0.0,0.0,0.0,
2020-11-03T19:00:00Z,18.0,0.0,0.0,0.0,0.0,0.0,,,12.63,12.62,12.64,,,3.989,3.98,3.99,,,,-6.413,,,,0.0,0.0,11.994,,,0.0,31.339,31.3,31.4,,,0.0,3042.0,3068.0,0.0,0.0,0.0,0.0,0.0,0.0,0.0,0.0,0.0,0.0,0.0,0.0,0.0,0.0,0.0,0.0,
2020-11-03T20:00:00Z,15.0,0.0,0.0,0.0,0.0,0.0,,,12.605,12.59,12.62,,,3.98,3.98,3.98,,,,-6.409,,,,0.0,0.0,11.976,,,0.0,31.133,31.0,31.3,,,0.0,3074.0,3095.0,0.0,0.0,0.0,0.0,0.0,0.0,0.0,0.0,0.0,0.0,0.0,0.0,0.0,0.0,0.0,0.0,
2020-11-03T21:00:00Z,16.0,0.0,0.0,0.0,0.0,0.0,,,12.598,12.59,12.62,,,3.978,3.97,3.98,,,,-6.406,,,,0.0,0.0,11.959,,,0.0,30.938,30.9,31.0,,,0.0,3096.0,3122.0,0.0,0.0,0.0,0.0,0.0,0.0,0.0,0.0,0.0,0.0,0.0,0.0,0.0,0.0,0.0,0.0,
2020-11-03T22:00:00Z,11.0,0.0,1.88,8.14,0.569,2.97,,,12.575,12.56,12.59,,,3.971,3.97,3.98,,,,-6.405,,,,-12.039,0.0,11.95,,,0.0,30.791,30.7,30.8,,,-0.074,3126.0,3149.0,0.0,0.0,0.0,0.0,0.0,0.0,0.0,0.0,0.0,0.0,0.0,0.0,0.0,0.0,0.0,0.0,
2020-11-03T23:00:00Z,16.0,0.0,13.099,13.55,3.879,4.24,,,12.838,12.57,13.07,,,3.962,3.96,3.97,,,,-6.24,,,,-81.733,-80.12,12.201,,,0.0,31.306,31.2,31.5,,,-0.727,3154.0,3178.0,0.0,0.0,0.0,0.0,0.0,0.0,0.0,0.0,0.0,0.0,0.0,0.0,0.0,0.0,0.0,0.0,
2020-11-04T00:00:00Z,27.0,0.0,13.633,14.33,4.319,4.44,,,13.286,13.11,13.54,,,3.966,3.96,3.98,,,,-6.153,,,,-83.892,-80.88,12.634,,,0.0,31.219,31.2,31.3,,,-1.258,3181.0,3208.0,0.0,0.0,0.0,0.0,0.0,0.0,0.0,0.0,0.0,0.0,0.0,0.0,0.0,0.0,0.0,0.0,
2020-11-04T01:00:00Z,28.0,0.0,14.248,14.96,4.535,4.61,,,13.766,13.55,14.12,,,4.002,3.98,4.03,,,,-6.243,,,,-88.955,-85.54,13.074,,,0.0,31.339,31.3,31.4,,,-1.384,3209.0,3237.0,0.0,0.0,0.0,0.0,0.0,0.0,0.0,0.0,0.0,0.0,0.0,0.0,0.0,0.0,0.0,0.0,
2020-11-04T02:00:00Z,30.0,0.0,14.582,20.09,4.528,4.68,,,13.923,13.46,14.82,,,4.034,4.02,4.07,,,,-6.247,,,,-91.08,-85.12,13.211,,,0.0,31.453,31.4,31.5,,,-1.518,3238.0,3267.0,0.0,0.0,0.0,0.0,0.0,0.0,0.0,0.0,0.0,0.0,0.0,0.0,0.0,0.0,0.0,0.0,
2020-11-04T03:00:00Z,29.0,0.0,17.148,20.84,6.888,12.12,,,14.434,13.93,14.95,,,4.105,4.08,4.14,,,,-6.284,,,,-107.877,-89.12,13.826,,,0.0,31.91,31.6,32.1,,,-1.738,3268.0,3296.0,0.0,0.0,0.0,0.0,0.0,0.0,0.0,0.0,0.0,0.0,0.0,0.0,0.0,0.0,0.0,0.0,
2020-11-04T04:00:00Z,28.0,0.0,19.673,20.92,11.904,12.24,,,14.581,14.23,15.29,,,4.122,4.12,4.13,,,,-6.375,,,,-125.427,-101.06,13.982,,,0.671,32.386,32.1,32.7,,,-1.951,3297.0,3325.0,0.0,0.0,0.0,0.0,0.0,0.0,0.0,0.0,0.0,0.0,0.0,0.0,0.0,0.0,0.0,0.0,
2020-11-04T05:00:00Z,29.0,0.0,19.735,20.89,10.614,12.26,,,14.641,14.43,15.09,,,4.128,4.12,4.13,,,,-6.353,,,,-125.456,-100.44,13.942,,,0.538,32.993,32.6,33.3,,,-2.021,3326.0,3355.0,0.0,0.0,0.0,0.0,0.0,0.0,0.0,0.0,0.0,0.0,0.0,0.0,0.0,0.0,0.0,0.0,
2020-11-04T06:00:00Z,28.0,0.0,19.454,20.81,9.21,12.23,,,14.738,14.45,15.36,,,4.127,4.12,4.13,,,,-6.331,,,,-123.171,-99.65,14.034,,,2.024,33.418,33.2,33.6,,,-1.916,3356.0,3384.0,0.0,0.0,0.0,0.0,0.0,0.0,0.0,0.0,0.0,0.0,0.0,0.0,0.0,0.0,0.0,0.0,
2020-11-04T07:00:00Z,30.0,0.0,18.241,20.75,4.561,4.62,,,14.825,14.61,15.02,,,4.122,4.12,4.13,,,,-6.24,,,,-113.825,-98.23,14.102,,,1.439,33.79,33.5,34.1,,,-1.897,3385.0,3414.0,0.0,0.0,0.0,0.0,0.0,0.0,0.0,0.0,0.0,0.0,0.0,0.0,0.0,0.0,0.0,0.0,
2020-11-04T08:00:00Z,29.0,0.0,14.799,20.3,4.453,4.55,,,13.853,13.42,14.85,,,4.121,4.12,4.13,,,,-6.287,,,,-93.004,-85.31,13.207,,,0.0,34.097,34.0,34.2,,,-1.498,3415.0,3443.0,0.0,0.0,0.0,0.0,0.0,0.0,0.0,0.0,0.0,0.0,0.0,0.0,0.0,0.0,0.0,0.0,
2020-11-04T09:00:00Z,30.0,0.0,13.484,14.13,4.135,4.43,,,13.118,12.78,13.48,,,4.118,4.11,4.12,,,,-6.35,,,,-85.592,-82.87,12.474,,,0.0,34.193,34.1,34.3,,,-1.427,3444.0,3473.0,0.0,0.0,0.0,0.0,0.0,0.0,0.0,0.0,0.0,0.0,0.0,0.0,0.0,0.0,0.0,0.0,
2020-11-04T10:00:00Z,30.0,0.0,4.698,13.33,1.414,3.84,,,12.742,12.72,12.76,,,4.103,4.1,4.11,,,,-6.443,,,,-30.304,0.0,12.111,,,4.415,33.86,33.4,34.3,,,-0.505,3474.0,3503.0,0.0,0.0,0.0,0.0,0.0,0.0,0.0,0.0,0.0,0.0,0.0,0.0,0.0,0.0,0.0,0.0,
2020-11-04T11:00:00Z,29.0,0.0,0.0,0.0,0.0,0.0,,,12.728,12.7,12.75,,,4.09,4.08,4.1,,,,-6.438,,,,0.0,0.0,12.097,,,12.21,33.428,33.4,33.5,,,0.0,3504.0,3532.0,0.0,0.0,0.0,0.0,0.0,0.0,0.0,0.0,0.0,0.0,0.0,0.0,0.0,0.0,0.0,0.0,
2020-11-04T12:00:00Z,30.0,0.0,0.0,0.0,0.0,0.0,,,12.713,12.69,12.73,,,4.079,4.07,4.08,,,,-6.438,,,,0.0,0.0,12.072,,,11.335,33.373,33.3,33.4,,,0.0,3533.0,3562.0,0.0,0.0,0.0,0.0,0.0,0.0,0.0,0.0,0.0,0.0,0.0,0.0,0.0,0.0,0.0,0.0,
2020-11-04T13:00:00Z,29.0,0.0,0.0,0.0,0.0,0.0,,,12.706,12.67,12.72,,,4.068,4.06,4.07,,,,-6.435,,,,0.0,0.0,12.063,,,0.0,33.059,32.8,33.3,,,0.0,3563.0,3591.0,0.0,0.0,0.0,0.0,0.0,0.0,0.0,0.0,0.0,0.0,0.0,0.0,0.0,0.0,0.0,0.0,
2020-11-04T14:00:00Z,30.0,0.0,0.0,0.0,0.0,0.0,,,12.683,12.66,12.71,,,4.057,4.05,4.06,,,,-6.428,,,,0.0,0.0,12.049,,,8.144,32.61,32.5,32.8,,,0.0,3592.0,3621.0,0.0,0.0,0.0,0.0,0.0,0.0,0.0,0.0,0.0,0.0,0.0,0.0,0.0,0.0,0.0,0.0,
2020-11-04T15:00:00Z,30.0,0.0,0.0,0.0,0.0,0.0,,,12.677,12.66,12.69,,,4.05,4.05,4.05,,,,-6.427,,,,0.0,0.0,12.038,,,0.0,32.213,32.1,32.5,,,0.0,3622.0,3651.0,0.0,0.0,0.0,0.0,0.0,0.0,0.0,0.0,0.0,0.0,0.0,0.0,0.0,0.0,0.0,0.0,
2020-11-04T16:00:00Z,29.0,0.0,0.0,0.0,0.0,0.0,,,12.657,12.64,12.68,,,4.041,4.04,4.05,,,,-6.419,,,,0.0,0.0,12.024,,,0.0,32.031,32.0,32.1,,,0.0,3652.0,3680.0,0.0,0.0,0.0,0.0,0.0,0.0,0.0,0.0,0.0,0.0,0.0,0.0,0.0,0.0,0.0,0.0,
2020-11-04T17:00:00Z,30.0,0.0,0.0,0.0,0.0,0.0,,,12.642,12.63,12.66,,,4.038,4.03,4.04,,,,-6.416,,,,0.0,0.0,12.008,,,0.0,31.78,31.6,31.9,,,0.0,3681.0,3710.0,0.0,0.0,0.0,0.0,0.0,0.0,0.0,0.0,0.0,0.0,0.0,0.0,0.0,0.0,0.0,0.0,
2020-11-04T18:00:00Z,29.0,0.0,0.0,0.0,0.0,0.0,,,12.627,12.6,12.64,,,4.03,4.03,4.03,,,,-6.423,,,,0.0,0.0,11.991,,,0.0,31.428,31.3,31.6,,,0.0,3711.0,3739.0,0.0,0.0,0.0,0.0,0.0,0.0,0.0,0.0,0.0,0.0,0.0,0.0,0.0,0.0,0.0,0.0,
2020-11-04T19:00:00Z,30.0,0.0,0.0,0.0,0.0,0.0,,,12.611,12.6,12.63,,,4.025,4.02,4.03,,,,-6.416,,,,0.0,0.0,11.978,,,0.0,31.217,31.1,31.3,,,0.0,3740.0,3769.0,0.0,0.0,0.0,0.0,0.0,0.0,0.0,0.0,0.0,0.0,0.0,0.0,0.0,0.0,0.0,0.0,
2020-11-04T20:00:00Z,30.0,0.0,0.0,0.0,0.0,0.0,,,12.594,12.58,12.61,,,4.019,4.01,4.03,,,,-6.418,,,,0.0,0.0,11.959,,,0.0,30.953,30.9,31.1,,,0.0,3770.0,3799.0,0.0,0.0,0.0,0.0,0.0,0.0,0.0,0.0,0.0,0.0,0.0,0.0,0.0,0.0,0.0,0.0,
2020-11-04T21:00:00Z,29.0,0.0,0.0,0.0,0.0,0.0,,,12.572,12.56,12.59,,,4.01,4.01,4.01,,,,-6.415,,,,0.0,0.0,11.939,,,0.0,30.783,30.7,30.9,,,0.0,3800.0,3828.0,0.0,0.0,0.0,0.0,0.0,0.0,0.0,0.0,0.0,0.0,0.0,0.0,0.0,0.0,0.0,0.0,
2020-11-04T22:00:00Z,30.0,0.0,2.522,12.66,0.822,3.86,,,12.558,12.54,12.57,,,4.01,4.01,4.01,,,,-6.416,,,,-16.184,0.0,11.92,,,0.0,30.607,30.5,30.8,,,-0.27,3829.0,3858.0,0.0,0.0,0.0,0.0,0.0,0.0,0.0,0.0,0.0,0.0,0.0,0.0,0.0,0.0,0.0,0.0,
2020-11-04T23:00:00Z,27.0,0.0,13.163,13.74,4.186,4.34,,,12.866,12.6,13.0,,,4.004,4.0,4.01,,,,-6.272,,,,-82.559,-80.68,12.217,,,0.0,31.115,30.9,31.3,,,-1.238,3860.0,3887.0,0.0,0.0,0.0,0.0,0.0,0.0,0.0,0.0,0.0,0.0,0.0,0.0,0.0,0.0,0.0,0.0,
2020-11-05T00:00:00Z,23.0,0.0,13.697,14.3,4.414,4.51,,,13.271,13.05,13.48,,,4.018,4.01,4.04,,,,-6.253,,,,-85.664,-82.61,12.61,,,0.0,31.104,31.1,31.2,,,-1.095,3888.0,3916.0,0.0,0.0,0.0,0.0,0.0,0.0,0.0,0.0,0.0,0.0,0.0,0.0,0.0,0.0,0.0,0.0,
2020-11-05T01:00:00Z,28.0,0.0,14.129,14.78,4.58,4.67,,,13.686,13.42,14.02,,,4.064,4.04,4.11,,,,-6.275,,,,-88.646,-85.41,13.005,,,0.0,31.196,31.1,31.3,,,-1.379,3917.0,3945.0,0.0,0.0,0.0,0.0,0.0,0.0,0.0,0.0,0.0,0.0,0.0,0.0,0.0,0.0,0.0,0.0,
2020-11-05T02:00:00Z,29.0,0.0,15.127,18.71,10.494,11.97,,,14.193,13.67,14.68,,,4.12,4.12,4.13,,,,-6.369,,,,-96.359,-89.25,13.476,,,0.0,31.569,31.3,31.8,,,-1.552,3946.0,3974.0,0.0,0.0,0.0,0.0,0.0,0.0,0.0,0.0,0.0,0.0,0.0,0.0,0.0,0.0,0.0,0.0,
2020-11-05T03:00:00Z,26.0,0.0,17.622,20.57,11.198,12.02,,,14.544,14.01,15.19,,,4.128,4.12,4.13,,,,-6.363,,,,-112.131,-92.15,13.842,,,0.0,31.996,31.7,32.2,,,-1.62,3975.0,4003.0,0.0,0.0,0.0,0.0,0.0,0.0,0.0,0.0,0.0,0.0,0.0,0.0,0.0,0.0,0.0,0.0,
2020-11-05T04:00:00Z,26.0,0.0,19.1,20.39,11.823,12.02,,,14.698,14.36,15.3,,,4.13,4.13,4.13,,,,-6.375,,,,-121.77,-103.39,14.003,,,0.0,32.642,32.3,33.1,,,-1.759,4004.0,4032.0,0.0,0.0,0.0,0.0,0.0,0.0,0.0,0.0,0.0,0.0,0.0,0.0,0.0,0.0,0.0,0.0,
2020-11-05T05:00:00Z,28.0,0.0,19.092,20.28,11.672,11.89,,,14.738,14.41,15.41,,,4.13,4.13,4.13,,,,-6.372,,,,-121.675,-103.69,14.111,,,0.0,33.329,33.1,33.5,,,-1.893,4033.0,4061.0,0.0,0.0,0.0,0.0,0.0,0.0,0.0,0.0,0.0,0.0,0.0,0.0,0.0,0.0,0.0,0.0,
2020-11-05T06:00:00Z,20.0,0.0,18.774,20.41,8.46,11.84,,,14.757,14.45,15.4,,,4.126,4.12,4.13,,,,-6.318,,,,-118.671,-99.49,14.026,,,0.0,33.81,33.6,34.1,,,-1.319,4062.0,4089.0,0.0,0.0,0.0,0.0,0.0,0.0,0.0,0.0,0.0,0.0,0.0,0.0,0.0,0.0,0.0,0.0,
2020-11-05T07:00:00Z,20.0,0.0,19.623,20.71,4.577,4.61,,,14.722,14.59,15.12,,,4.127,4.12,4.13,,,,-6.251,,,,-122.689,-99.02,14.111,,,0.0,34.385,34.1,34.6,,,-1.363,4090.0,4116.0,0.0,0.0,0.0,0.0,0.0,0.0,0.0,0.0,0.0,0.0,0.0,0.0,0.0,0.0,0.0,0.0,
2020-11-05T08:00:00Z,27.0,0.0,16.3,20.55,4.493,4.59,,,14.498,13.8,14.96,,,4.123,4.12,4.13,,,,-6.264,,,,-102.071,-88.2,13.825,,,0.0,34.615,34.6,34.7,,,-1.531,4119.0,4147.0,0.0,0.0,0.0,0.0,0.0,0.0,0.0,0.0,0.0,0.0,0.0,0.0,0.0,0.0,0.0,0.0,
2020-11-05T09:00:00Z,23.0,0.0,13.697,14.3,4.197,4.42,,,13.367,12.8,13.8,,,4.11,4.1,4.12,,,,-6.334,,,,-86.748,-82.81,12.725,,,15.96,34.765,34.6,34.9,,,-1.108,4149.0,4175.0,0.0,0.0,0.0,0.0,0.0,0.0,0.0,0.0,0.0,0.0,0.0,0.0,0.0,0.0,0.0,0.0,
2020-11-05T10:00:00Z,18.0,0.0,5.979,13.36,1.662,3.8,,,12.752,12.72,12.79,,,4.086,4.07,4.1,,,,-6.441,,,,-38.532,0.0,12.12,,,9.604,34.644,34.1,35.0,,,-0.385,4176.0,4203.0,0.0,0.0,0.0,0.0,0.0,0.0,0.0,0.0,0.0,0.0,0.0,0.0,0.0,0.0,0.0,0.0,
2020-11-05T11:00:00Z,15.0,0.0,0.0,0.0,0.0,0.0,,,12.736,12.72,12.76,,,4.057,4.05,4.07,,,,-6.437,,,,0.0,0.0,12.105,,,0.0,34.04,33.9,34.2,,,0.0,4204.0,4228.0,0.0,0.0,0.0,0.0,0.0,0.0,0.0,0.0,0.0,0.0,0.0,0.0,0.0,0.0,0.0,0.0,
2020-11-05T12:00:00Z,14.0,0.0,0.0,0.0,0.0,0.0,,,12.716,12.7,12.72,,,4.035,4.03,4.04,,,,-6.429,,,,0.0,0.0,12.081,,,0.0,33.821,33.8,33.9,,,0.0,4239.0,4258.0,0.0,0.0,0.0,0.0,0.0,0.0,0.0,0.0,0.0,0.0,0.0,0.0,0.0,0.0,0.0,0.0,
2020-11-05T13:00:00Z,18.0,0.0,0.0,0.0,0.0,0.0,,,12.701,12.69,12.72,,,4.021,4.01,4.03,,,,-6.429,,,,0.0,0.0,12.074,,,0.0,33.594,33.4,33.8,,,0.0,4259.0,4286.0,0.0,0.0,0.0,0.0,0.0,0.0,0.0,0.0,0.0,0.0,0.0,0.0,0.0,0.0,0.0,0.0,
2020-11-05T14:00:00Z,14.0,0.0,0.0,0.0,0.0,0.0,,,12.692,12.68,12.7,,,4.006,4.0,4.01,,,,-6.429,,,,0.0,0.0,12.066,,,0.0,33.4,33.4,33.4,,,0.0,4287.0,4313.0,0.0,0.0,0.0,0.0,0.0,0.0,0.0,0.0,0.0,0.0,0.0,0.0,0.0,0.0,0.0,0.0,
2020-11-05T15:00:00Z,13.0,0.0,0.0,0.0,0.0,0.0,,,12.672,12.66,12.69,,,3.995,3.99,4.0,,,,-6.423,,,,0.0,0.0,12.045,,,0.0,33.277,33.2,33.4,,,0.0,4315.0,4341.0,0.0,0.0,0.0,0.0,0.0,0.0,0.0,0.0,0.0,0.0,0.0,0.0,0.0,0.0,0.0,0.0,
2020-11-05T16:00:00Z,23.0,0.0,0.0,0.0,0.0,0.0,,,12.662,12.65,12.67,,,3.99,3.99,3.99,,,,-6.414,,,,0.0,0.0,12.033,,,0.0,32.896,32.6,33.2,,,0.0,4344.0,4370.0,0.0,0.0,0.0,0.0,0.0,0.0,0.0,0.0,0.0,0.0,0.0,0.0,0.0,0.0,0.0,0.0,
2020-11-05T17:00:00Z,21.0,0.0,0.0,0.0,0.0,0.0,,,12.651,12.64,12.66,,,3.985,3.98,3.99,,,,-6.412,,,,0.0,0.0,12.021,,,0.0,32.538,32.4,32.7,,,0.0,4371.0,4398.0,0.0,0.0,0.0,0.0,0.0,0.0,0.0,0.0,0.0,0.0,0.0,0.0,0.0,0.0,0.0,0.0,
2020-11-05T18:00:00Z,16.0,0.0,0.0,0.0,0.0,0.0,,,12.638,12.63,12.65,,,3.979,3.97,3.98,,,,-6.406,,,,0.0,0.0,12.009,,,0.0,32.281,32.1,32.4,,,0.0,4399.0,4424.0,0.0,0.0,0.0,0.0,0.0,0.0,0.0,0.0,0.0,0.0,0.0,0.0,0.0,0.0,0.0,0.0,
2020-11-05T19:00:00Z,17.0,0.0,0.0,0.0,0.0,0.0,,,12.623,12.6,12.64,,,3.971,3.97,3.98,,,,-6.404,,,,0.0,0.0,11.988,,,2.17,32.082,32.0,32.1,,,0.0,4427.0,4452.0,0.0,0.0,0.0,0.0,0.0,0.0,0.0,0.0,0.0,0.0,0.0,0.0,0.0,0.0,0.0,0.0,
2020-11-05T20:00:00Z,17.0,0.0,0.0,0.0,0.0,0.0,,,12.601,12.59,12.62,,,3.968,3.96,3.97,,,,-6.408,,,,0.0,0.0,11.971,,,0.758,31.971,31.8,32.1,,,0.0,4456.0,4481.0,0.0,0.0,0.0,0.0,0.0,0.0,0.0,0.0,0.0,0.0,0.0,0.0,0.0,0.0,0.0,0.0,
2020-11-05T21:00:00Z,15.0,0.0,0.0,0.0,0.0,0.0,,,12.586,12.57,12.6,,,3.96,3.96,3.96,,,,-6.403,,,,0.0,0.0,11.95,,,0.0,31.687,31.5,31.8,,,0.0,4482.0,4509.0,0.0,0.0,0.0,0.0,0.0,0.0,0.0,0.0,0.0,0.0,0.0,0.0,0.0,0.0,0.0,0.0,
2020-11-05T22:00:00Z,18.0,0.0,0.971,3.96,0.321,2.52,,,12.566,12.54,12.58,,,3.956,3.95,3.96,,,,-6.403,,,,-6.216,0.0,11.932,,,10.298,31.556,31.4,31.7,,,-0.062,4510.0,4536.0,0.0,0.0,0.0,0.0,0.0,0.0,0.0,0.0,0.0,0.0,0.0,0.0,0.0,0.0,0.0,0.0,
2020-11-05T23:00:00Z,19.0,0.0,12.548,13.29,3.597,3.91,,,12.592,12.55,12.79,,,3.949,3.94,3.95,,,,-6.382,,,,-80.069,-49.93,11.955,,,0.0,31.937,31.5,32.1,,,-0.845,4538.0,4564.0,0.0,0.0,0.0,0.0,0.0,0.0,0.0,0.0,0.0,0.0,0.0,0.0,0.0,0.0,0.0,0.0,
2020-11-06T00:00:00Z,23.0,0.0,13.38,13.8,4.125,4.18,,,13.076,12.79,13.14,,,3.94,3.93,3.94,,,,-6.036,,,,-80.772,-79.11,12.438,,,0.0,31.787,31.6,32.0,,,-1.032,4567.0,4593.0,0.0,0.0,0.0,0.0,0.0,0.0,0.0,0.0,0.0,0.0,0.0,0.0,0.0,0.0,0.0,0.0,
2020-11-06T01:00:00Z,27.0,0.0,13.528,14.12,4.223,4.29,,,13.24,13.11,13.41,,,3.94,3.94,3.95,,,,-5.997,,,,-81.126,-79.16,12.594,,,0.0,31.581,31.5,31.7,,,-1.217,4594.0,4622.0,0.0,0.0,0.0,0.0,0.0,0.0,0.0,0.0,0.0,0.0,0.0,0.0,0.0,0.0,0.0,0.0,
2020-11-06T02:00:00Z,29.0,0.0,13.837,14.31,4.334,4.4,,,13.529,13.44,13.57,,,3.957,3.95,3.97,,,,-6.09,,,,-84.27,-81.86,12.872,,,0.0,31.569,31.5,31.7,,,-1.358,4623.0,4652.0,0.0,0.0,0.0,0.0,0.0,0.0,0.0,0.0,0.0,0.0,0.0,0.0,0.0,0.0,0.0,0.0,
2020-11-06T03:00:00Z,28.0,0.0,14.19,14.7,4.443,4.47,,,13.691,13.57,13.8,,,3.979,3.97,3.99,,,,-6.206,,,,-88.055,-85.35,13.022,,,0.953,31.696,31.6,31.7,,,-1.37,4653.0,4681.0,0.0,0.0,0.0,0.0,0.0,0.0,0.0,0.0,0.0,0.0,0.0,0.0,0.0,0.0,0.0,0.0,
2020-11-06T04:00:00Z,25.0,0.0,14.674,15.45,4.527,4.58,,,14.061,13.8,14.39,,,3.998,3.99,4.01,,,,-6.227,,,,-91.357,-87.21,13.37,,,0.0,31.76,31.6,31.9,,,-1.269,4682.0,4710.0,0.0,0.0,0.0,0.0,0.0,0.0,0.0,0.0,0.0,0.0,0.0,0.0,0.0,0.0,0.0,0.0,
2020-11-06T05:00:00Z,20.0,0.0,15.08,15.64,4.573,4.6,,,14.534,14.15,14.78,,,4.024,4.01,4.04,,,,-6.237,,,,-94.035,-91.0,13.818,,,1.725,31.985,31.9,32.1,,,-1.045,4711.0,4738.0,0.0,0.0,0.0,0.0,0.0,0.0,0.0,0.0,0.0,0.0,0.0,0.0,0.0,0.0,0.0,0.0,
2020-11-06T06:00:00Z,16.0,0.0,17.189,20.83,4.555,4.59,,,14.91,14.23,15.1,,,4.051,4.04,4.06,,,,-6.223,,,,-106.971,-98.01,14.224,,,0.922,32.288,32.1,32.5,,,-0.951,4742.0,4766.0,0.0,0.0,0.0,0.0,0.0,0.0,0.0,0.0,0.0,0.0,0.0,0.0,0.0,0.0,0.0,0.0,
2020-11-06T07:00:00Z,20.0,0.0,18.739,20.82,4.561,4.61,,,14.8,14.31,15.24,,,4.081,4.06,4.11,,,,-6.231,,,,-116.777,-99.31,14.072,,,1.23,32.68,32.5,32.9,,,-1.298,4767.0,4794.0,0.0,0.0,0.0,0.0,0.0,0.0,0.0,0.0,0.0,0.0,0.0,0.0,0.0,0.0,0.0,0.0,
2020-11-06T08:00:00Z,25.0,0.0,17.436,20.74,4.542,4.61,,,14.79,14.5,15.3,,,4.119,4.11,4.12,,,,-6.23,,,,-108.625,-92.02,14.164,,,0.0,33.04,32.9,33.2,,,-1.509,4795.0,4822.0,0.0,0.0,0.0,0.0,0.0,0.0,0.0,0.0,0.0,0.0,0.0,0.0,0.0,0.0,0.0,0.0,
2020-11-06T09:00:00Z,26.0,0.0,13.893,14.9,4.329,4.47,,,13.588,12.83,14.45,,,4.11,4.1,4.12,,,,-6.298,,,,-87.496,-82.72,12.942,,,0.0,33.131,33.1,33.3,,,-1.264,4824.0,4852.0,0.0,0.0,0.0,0.0,0.0,0.0,0.0,0.0,0.0,0.0,0.0,0.0,0.0,0.0,0.0,0.0,
2020-11-06T10:00:00Z,24.0,0.0,4.96,13.28,1.66,3.82,,,12.729,12.69,12.82,,,4.093,4.08,4.1,,,,-6.432,,,,-31.902,0.0,12.097,,,0.0,32.817,32.2,33.3,,,-0.425,4853.0,4881.0,0.0,0.0,0.0,0.0,0.0,0.0,0.0,0.0,0.0,0.0,0.0,0.0,0.0,0.0,0.0,0.0,
2020-11-06T11:00:00Z,19.0,0.0,0.0,0.0,0.0,0.0,,,12.703,12.68,12.73,,,4.071,4.06,4.08,,,,-6.428,,,,0.0,0.0,12.065,,,0.0,32.163,32.1,32.2,,,0.0,4882.0,4906.0,0.0,0.0,0.0,0.0,0.0,0.0,0.0,0.0,0.0,0.0,0.0,0.0,0.0,0.0,0.0,0.0,
2020-11-06T12:00:00Z,21.0,0.0,0.0,0.0,0.0,0.0,,,12.684,12.66,12.71,,,4.046,4.04,4.06,,,,-6.425,,,,0.0,0.0,12.047,,,1.887,32.105,32.1,32.2,,,0.0,4910.0,4937.0,0.0,0.0,0.0,0.0,0.0,0.0,0.0,0.0,0.0,0.0,0.0,0.0,0.0,0.0,0.0,0.0,
2020-11-06T13:00:00Z,23.0,0.0,0.0,0.0,0.0,0.0,,,12.669,12.65,12.69,,,4.034,4.03,4.04,,,,-6.413,,,,0.0,0.0,12.033,,,0.0,32.074,32.0,32.1,,,0.0,4938.0,4966.0,0.0,0.0,0.0,0.0,0.0,0.0,0.0,0.0,0.0,0.0,0.0,0.0,0.0,0.0,0.0,0.0,
2020-11-06T14:00:00Z,28.0,0.0,0.0,0.0,0.0,0.0,,,12.65,12.63,12.66,,,4.027,4.02,4.03,,,,-6.422,,,,0.0,0.0,12.014,,,0.0,31.982,31.9,32.1,,,0.0,4967.0,4995.0,0.0,0.0,0.0,0.0,0.0,0.0,0.0,0.0,0.0,0.0,0.0,0.0,0.0,0.0,0.0,0.0,
2020-11-06T15:00:00Z,25.0,0.0,0.0,0.0,0.0,0.0,,,12.637,12.63,12.66,,,4.014,4.01,4.02,,,,-6.417,,,,0.0,0.0,12.0,,,0.0,31.788,31.7,31.9,,,0.0,4996.0,5024.0,0.0,0.0,0.0,0.0,0.0,0.0,0.0,0.0,0.0,0.0,0.0,0.0,0.0,0.0,0.0,0.0,
2020-11-06T16:00:00Z,24.0,0.0,0.0,0.0,0.0,0.0,,,12.626,12.61,12.63,,,4.008,4.0,4.01,,,,-6.416,,,,0.0,0.0,11.99,,,0.0,31.562,31.4,31.7,,,0.0,5025.0,5052.0,0.0,0.0,0.0,0.0,0.0,0.0,0.0,0.0,0.0,0.0,0.0,0.0,0.0,0.0,0.0,0.0,
2020-11-06T17:00:00Z,29.0,0.0,0.0,0.0,0.0,0.0,,,12.611,12.59,12.63,,,4.0,4.0,4.01,,,,-6.411,,,,0.0,0.0,11.979,,,0.0,31.252,31.1,31.4,,,0.0,5053.0,5082.0,0.0,0.0,0.0,0.0,0.0,0.0,0.0,0.0,0.0,0.0,0.0,0.0,0.0,0.0,0.0,0.0,
2020-11-06T18:00:00Z,29.0,0.0,0.0,0.0,0.0,0.0,,,12.599,12.59,12.61,,,4.0,4.0,4.0,,,,-6.409,,,,0.0,0.0,11.962,,,0.0,30.993,30.9,31.1,,,0.0,5083.0,5111.0,0.0,0.0,0.0,0.0,0.0,0.0,0.0,0.0,0.0,0.0,0.0,0.0,0.0,0.0,0.0,0.0,
2020-11-06T19:00:00Z,30.0,0.0,0.0,0.0,0.0,0.0,,,12.59,12.58,12.6,,,3.993,3.99,4.0,,,,-6.408,,,,0.0,0.0,11.955,,,0.0,30.807,30.7,30.9,,,0.0,5112.0,5141.0,0.0,0.0,0.0,0.0,0.0,0.0,0.0,0.0,0.0,0.0,0.0,0.0,0.0,0.0,0.0,0.0,
2020-11-06T20:00:00Z,30.0,0.0,0.0,0.0,0.0,0.0,,,12.574,12.57,12.59,,,3.99,3.99,4.0,,,,-6.407,,,,0.0,0.0,11.938,,,0.0,30.623,30.5,30.7,,,0.0,5142.0,5171.0,0.0,0.0,0.0,0.0,0.0,0.0,0.0,0.0,0.0,0.0,0.0,0.0,0.0,0.0,0.0,0.0,
2020-11-06T21:00:00Z,29.0,0.0,0.0,0.0,0.0,0.0,,,12.558,12.54,12.57,,,3.99,3.98,3.99,,,,-6.409,,,,0.0,0.0,11.917,,,0.0,30.445,30.3,30.5,,,0.0,5172.0,5200.0,0.0,0.0,0.0,0.0,0.0,0.0,0.0,0.0,0.0,0.0,0.0,0.0,0.0,0.0,0.0,0.0,
2020-11-06T22:00:00Z,30.0,0.0,1.819,10.98,0.797,3.56,,,12.542,12.53,12.56,,,3.987,3.98,3.99,,,,-6.407,,,,-11.659,0.0,11.902,,,0.0,30.217,30.1,30.3,,,-0.194,5201.0,5230.0,0.0,0.0,0.0,0.0,0.0,0.0,0.0,0.0,0.0,0.0,0.0,0.0,0.0,0.0,0.0,0.0,
2020-11-06T23:00:00Z,28.0,0.0,13.131,13.72,4.052,4.34,,,12.79,12.55,13.0,,,3.981,3.98,3.99,,,,-6.288,,,,-82.569,-80.5,12.135,,,0.0,30.793,30.4,30.9,,,-1.284,5231.0,5259.0,0.0,0.0,0.0,0.0,0.0,0.0,0.0,0.0,0.0,0.0,0.0,0.0,0.0,0.0,0.0,0.0,
2020-11-07T00:00:00Z,30.0,0.0,13.701,14.33,4.434,4.52,,,13.319,13.05,13.51,,,4.001,3.99,4.02,,,,-6.237,,,,-85.447,-82.27,12.657,,,0.0,30.893,30.8,30.9,,,-1.424,5260.0,5289.0,0.0,0.0,0.0,0.0,0.0,0.0,0.0,0.0,0.0,0.0,0.0,0.0,0.0,0.0,0.0,0.0,
2020-11-07T01:00:00Z,30.0,0.0,14.299,14.83,4.614,4.68,,,13.821,13.53,14.12,,,4.057,4.02,4.11,,,,-6.266,,,,-89.6,-86.1,13.141,,,0.0,30.987,30.9,31.2,,,-1.493,5290.0,5319.0,0.0,0.0,0.0,0.0,0.0,0.0,0.0,0.0,0.0,0.0,0.0,0.0,0.0,0.0,0.0,0.0,
2020-11-07T02:00:00Z,29.0,0.0,14.851,16.02,9.555,11.87,,,14.181,13.54,14.66,,,4.119,4.11,4.13,,,,-6.35,,,,-94.318,-86.38,13.463,,,0.0,31.466,31.1,31.7,,,-1.52,5320.0,5348.0,0.0,0.0,0.0,0.0,0.0,0.0,0.0,0.0,0.0,0.0,0.0,0.0,0.0,0.0,0.0,0.0,
2020-11-07T03:00:00Z,30.0,0.0,17.251,20.27,10.166,12.37,,,14.567,13.72,15.21,,,4.128,4.12,4.13,,,,-6.345,,,,-109.532,-88.1,13.789,,,0.173,31.973,31.6,32.3,,,-1.826,5349.0,5378.0,0.0,0.0,0.0,0.0,0.0,0.0,0.0,0.0,0.0,0.0,0.0,0.0,0.0,0.0,0.0,0.0,
2020-11-07T04:00:00Z,29.0,0.0,19.349,20.65,11.574,12.18,,,14.653,14.29,15.53,,,4.13,4.12,4.13,,,,-6.373,,,,-123.355,-97.54,14.052,,,0.0,32.762,32.2,33.2,,,-1.987,5379.0,5407.0,0.0,0.0,0.0,0.0,0.0,0.0,0.0,0.0,0.0,0.0,0.0,0.0,0.0,0.0,0.0,0.0,
2020-11-07T05:00:00Z,30.0,0.0,18.148,21.02,7.723,12.11,,,14.756,14.47,15.3,,,4.13,4.12,4.14,,,,-6.3,,,,-114.424,-95.77,14.091,,,0.0,33.283,33.0,33.6,,,-1.907,5408.0,5437.0,0.0,0.0,0.0,0.0,0.0,0.0,0.0,0.0,0.0,0.0,0.0,0.0,0.0,0.0,0.0,0.0,
2020-11-07T06:00:00Z,30.0,0.0,19.203,21.24,8.765,12.3,,,14.755,14.47,15.45,,,4.132,4.12,4.14,,,,-6.321,,,,-121.489,-99.02,14.047,,,10.047,33.973,33.6,34.5,,,-2.025,5438.0,5467.0,0.0,0.0,0.0,0.0,0.0,0.0,0.0,0.0,0.0,0.0,0.0,0.0,0.0,0.0,0.0,0.0,
2020-11-07T07:00:00Z,29.0,0.0,19.621,21.11,8.766,12.07,,,14.743,14.42,15.36,,,4.133,4.12,4.14,,,,-6.334,,,,-124.293,-102.96,14.035,,,7.638,34.538,34.2,34.7,,,-2.002,5468.0,5496.0,0.0,0.0,0.0,0.0,0.0,0.0,0.0,0.0,0.0,0.0,0.0,0.0,0.0,0.0,0.0,0.0,
2020-11-07T08:00:00Z,30.0,0.0,19.326,20.95,4.535,4.61,,,14.834,14.62,15.27,,,4.123,4.12,4.13,,,,-6.25,,,,-120.807,-99.82,14.209,,,10.945,34.773,34.6,35.0,,,-2.013,5497.0,5526.0,0.0,0.0,0.0,0.0,0.0,0.0,0.0,0.0,0.0,0.0,0.0,0.0,0.0,0.0,0.0,0.0,
2020-11-07T09:00:00Z,29.0,0.0,15.613,20.68,4.133,4.47,,,13.999,12.83,14.91,,,4.122,4.12,4.13,,,,-6.318,,,,-98.51,-83.49,13.341,,,17.346,34.993,34.9,35.0,,,-1.587,5527.0,5555.0,0.0,0.0,0.0,0.0,0.0,0.0,0.0,0.0,0.0,0.0,0.0,0.0,0.0,0.0,0.0,0.0,
2020-11-07T10:00:00Z,30.0,0.0,5.037,13.54,1.531,3.91,,,12.746,12.7,12.9,,,4.107,4.1,4.12,,,,-6.452,,,,-32.495,0.0,12.106,,,9.682,34.713,34.2,35.0,,,-0.542,5556.0,5585.0,0.0,0.0,0.0,0.0,0.0,0.0,0.0,0.0,0.0,0.0,0.0,0.0,0.0,0.0,0.0,0.0,
2020-11-07T11:00:00Z,29.0,0.0,0.0,0.0,0.0,0.0,,,12.731,12.69,12.75,,,4.093,4.09,4.1,,,,-6.448,,,,0.0,0.0,12.095,,,5.654,34.179,34.1,34.3,,,0.0,5586.0,5614.0,0.0,0.0,0.0,0.0,0.0,0.0,0.0,0.0,0.0,0.0,0.0,0.0,0.0,0.0,0.0,0.0,
2020-11-07T12:00:00Z,30.0,0.0,0.0,0.0,0.0,0.0,,,12.711,12.68,12.73,,,4.082,4.08,4.09,,,,-6.452,,,,0.0,0.0,12.068,,,0.0,33.937,33.8,34.1,,,0.0,5615.0,5644.0,0.0,0.0,0.0,0.0,0.0,0.0,0.0,0.0,0.0,0.0,0.0,0.0,0.0,0.0,0.0,0.0,
2020-11-07T13:00:00Z,30.0,0.0,0.0,0.0,0.0,0.0,,,12.695,12.66,12.72,,,4.071,4.06,4.08,,,,-6.443,,,,0.0,0.0,12.057,,,0.0,33.66,33.5,33.8,,,0.0,5645.0,5674.0,0.0,0.0,0.0,0.0,0.0,0.0,0.0,0.0,0.0,0.0,0.0,0.0,0.0,0.0,0.0,0.0,
2020-11-07T14:00:00Z,29.0,0.0,0.0,0.0,0.0,0.0,,,12.679,12.66,12.7,,,4.061,4.05,4.07,,,,-6.437,,,,0.0,0.0,12.044,,,0.0,33.407,33.3,33.5,,,0.0,5675.0,5703.0,0.0,0.0,0.0,0.0,0.0,0.0,0.0,0.0,0.0,0.0,0.0,0.0,0.0,0.0,0.0,0.0,
2020-11-07T15:00:00Z,18.0,0.0,0.0,0.0,0.0,0.0,,,12.667,12.65,12.69,,,4.046,4.04,4.05,,,,-6.434,,,,0.0,0.0,12.031,,,0.0,33.306,33.3,33.4,,,0.0,5704.0,5731.0,0.0,0.0,0.0,0.0,0.0,0.0,0.0,0.0,0.0,0.0,0.0,0.0,0.0,0.0,0.0,0.0,
2020-11-07T16:00:00Z,14.0,0.0,0.0,0.0,0.0,0.0,,,12.655,12.64,12.67,,,4.032,4.03,4.04,,,,-6.432,,,,0.0,0.0,12.021,,,0.0,33.071,32.9,33.2,,,0.0,5733.0,5753.0,0.0,0.0,0.0,0.0,0.0,0.0,0.0,0.0,0.0,0.0,0.0,0.0,0.0,0.0,0.0,0.0,
2020-11-07T17:00:00Z,27.0,0.0,0.0,0.0,0.0,0.0,,,12.641,12.63,12.66,,,4.017,4.01,4.02,,,,-6.429,,,,0.0,0.0,12.011,,,0.0,32.619,32.5,33.0,,,0.0,5762.0,5788.0,0.0,0.0,0.0,0.0,0.0,0.0,0.0,0.0,0.0,0.0,0.0,0.0,0.0,0.0,0.0,0.0,
2020-11-07T18:00:00Z,30.0,0.0,0.0,0.0,0.0,0.0,,,12.629,12.61,12.64,,,4.01,4.01,4.02,,,,-6.425,,,,0.0,0.0,11.995,,,0.0,32.28,32.1,32.5,,,0.0,5789.0,5818.0,0.0,0.0,0.0,0.0,0.0,0.0,0.0,0.0,0.0,0.0,0.0,0.0,0.0,0.0,0.0,0.0,
2020-11-07T19:00:00Z,29.0,0.0,0.0,0.0,0.0,0.0,,,12.61,12.6,12.63,,,4.01,4.01,4.01,,,,-6.429,,,,0.0,0.0,11.977,,,0.0,32.1,32.1,32.1,,,0.0,5819.0,5847.0,0.0,0.0,0.0,0.0,0.0,0.0,0.0,0.0,0.0,0.0,0.0,0.0,0.0,0.0,0.0,0.0,
2020-11-07T20:00:00Z,30.0,0.0,0.0,0.0,0.0,0.0,,,12.599,12.58,12.61,,,4.001,4.0,4.01,,,,-6.426,,,,0.0,0.0,11.967,,,0.0,32.013,31.9,32.1,,,0.0,5848.0,5877.0,0.0,0.0,0.0,0.0,0.0,0.0,0.0,0.0,0.0,0.0,0.0,0.0,0.0,0.0,0.0,0.0,
2020-11-07T21:00:00Z,29.0,0.0,0.0,0.0,0.0,0.0,,,12.576,12.57,12.59,,,4.0,4.0,4.0,,,,-6.42,,,,0.0,0.0,11.942,,,0.0,31.914,31.8,32.0,,,0.0,5878.0,5906.0,0.0,0.0,0.0,0.0,0.0,0.0,0.0,0.0,0.0,0.0,0.0,0.0,0.0,0.0,0.0,0.0,
2020-11-07T22:00:00Z,30.0,0.0,1.948,12.63,0.611,3.85,,,12.563,12.55,12.57,,,3.996,3.99,4.0,,,,-6.418,,,,-12.501,0.0,11.926,,,0.0,31.707,31.6,31.8,,,-0.208,5907.0,5936.0,0.0,0.0,0.0,0.0,0.0,0.0,0.0,0.0,0.0,0.0,0.0,0.0,0.0,0.0,0.0,0.0,
2020-11-07T23:00:00Z,30.0,0.0,13.183,13.92,4.095,4.36,,,12.848,12.57,13.15,,,3.991,3.99,4.0,,,,-6.297,,,,-82.99,-81.04,12.199,,,0.0,32.073,31.8,32.1,,,-1.383,5937.0,5966.0,0.0,0.0,0.0,0.0,0.0,0.0,0.0,0.0,0.0,0.0,0.0,0.0,0.0,0.0,0.0,0.0,
2020-11-08T00:00:00Z,29.0,0.0,13.867,14.69,4.461,4.61,,,13.41,13.19,13.71,,,4.014,3.99,4.04,,,,-6.262,,,,-86.82,-83.17,12.747,,,1.61,32.09,32.0,32.1,,,-1.399,5967.0,5995.0,0.0,0.0,0.0,0.0,0.0,0.0,0.0,0.0,0.0,0.0,0.0,0.0,0.0,0.0,0.0,0.0,
2020-11-08T01:00:00Z,24.0,0.0,14.1,14.8,4.531,4.62,,,13.68,13.56,13.89,,,4.05,4.04,4.07,,,,-6.283,,,,-88.587,-86.69,13.008,,,1.799,32.008,32.0,32.1,,,-1.181,5996.0,6024.0,0.0,0.0,0.0,0.0,0.0,0.0,0.0,0.0,0.0,0.0,0.0,0.0,0.0,0.0,0.0,0.0,
2020-11-08T02:00:00Z,25.0,0.0,14.524,15.37,5.5,12.11,,,13.955,13.8,14.32,,,4.106,4.07,4.13,,,,-6.292,,,,-91.374,-88.62,13.276,,,0.748,32.04,32.0,32.1,,,-1.269,6025.0,6053.0,0.0,0.0,0.0,0.0,0.0,0.0,0.0,0.0,0.0,0.0,0.0,0.0,0.0,0.0,0.0,0.0,
2020-11-08T03:00:00Z,22.0,0.0,16.914,21.08,11.345,12.51,,,14.686,14.12,15.04,,,4.126,4.12,4.13,,,,-6.364,,,,-107.676,-93.0,13.945,,,0.501,32.259,32.1,32.5,,,-1.316,6054.0,6081.0,0.0,0.0,0.0,0.0,0.0,0.0,0.0,0.0,0.0,0.0,0.0,0.0,0.0,0.0,0.0,0.0,
2020-11-08T04:00:00Z,15.0,0.0,19.743,20.97,11.434,12.11,,,14.628,14.45,15.04,,,4.129,4.12,4.13,,,,-6.369,,,,-125.771,-102.82,13.903,,,0.0,32.74,32.5,33.0,,,-1.048,6083.0,6109.0,0.0,0.0,0.0,0.0,0.0,0.0,0.0,0.0,0.0,0.0,0.0,0.0,0.0,0.0,0.0,0.0,
2020-11-08T05:00:00Z,17.0,0.0,19.289,20.78,10.137,12.2,,,14.74,14.47,15.5,,,4.128,4.12,4.13,,,,-6.344,,,,-122.453,-98.01,14.072,,,0.0,33.171,32.9,33.3,,,-1.156,6110.0,6136.0,0.0,0.0,0.0,0.0,0.0,0.0,0.0,0.0,0.0,0.0,0.0,0.0,0.0,0.0,0.0,0.0,
2020-11-08T06:00:00Z,13.0,0.0,17.77,20.46,6.78,12.1,,,14.775,14.63,14.99,,,4.123,4.12,4.13,,,,-6.281,,,,-111.67,-97.44,14.068,,,0.0,33.323,33.2,33.5,,,-0.807,6141.0,6164.0,0.0,0.0,0.0,0.0,0.0,0.0,0.0,0.0,0.0,0.0,0.0,0.0,0.0,0.0,0.0,0.0,
2020-11-08T07:00:00Z,26.0,0.0,18.04,20.88,4.557,4.63,,,14.831,14.61,15.19,,,4.124,4.12,4.13,,,,-6.238,,,,-112.538,-97.9,14.12,,,0.0,33.565,33.5,33.8,,,-1.626,6167.0,6193.0,0.0,0.0,0.0,0.0,0.0,0.0,0.0,0.0,0.0,0.0,0.0,0.0,0.0,0.0,0.0,0.0,
2020-11-08T08:00:00Z,30.0,0.0,18.574,20.95,4.545,4.6,,,14.795,14.61,15.21,,,4.126,4.12,4.13,,,,-6.247,,,,-116.037,-97.66,14.107,,,0.0,33.917,33.8,34.1,,,-1.934,6194.0,6223.0,0.0,0.0,0.0,0.0,0.0,0.0,0.0,0.0,0.0,0.0,0.0,0.0,0.0,0.0,0.0,0.0,
2020-11-08T09:00:00Z,30.0,0.0,15.108,20.24,4.445,4.51,,,14.208,12.96,14.84,,,4.125,4.12,4.13,,,,-6.278,,,,-94.798,-82.91,13.55,,,0.0,34.107,34.0,34.2,,,-1.58,6224.0,6253.0,0.0,0.0,0.0,0.0,0.0,0.0,0.0,0.0,0.0,0.0,0.0,0.0,0.0,0.0,0.0,0.0,
2020-11-08T10:00:00Z,27.0,0.0,5.476,13.46,1.699,4.14,,,12.743,12.69,12.94,,,4.114,4.1,4.12,,,,-6.441,,,,-35.197,0.0,12.1,,,4.095,33.756,33.4,34.1,,,-0.528,6254.0,6282.0,0.0,0.0,0.0,0.0,0.0,0.0,0.0,0.0,0.0,0.0,0.0,0.0,0.0,0.0,0.0,0.0,
2020-11-08T11:00:00Z,8.0,0.0,0.0,0.0,0.0,0.0,,,12.704,12.69,12.72,,,4.1,4.1,4.1,,,,-6.442,,,,0.0,0.0,12.075,,,2.919,33.337,33.3,33.4,,,0.0,6283.0,6290.0,0.0,0.0,0.0,0.0,0.0,0.0,0.0,0.0,0.0,0.0,0.0,0.0,0.0,0.0,0.0,0.0,
2020-11-09T17:00:00Z,2.0,2.0,0.04,0.08,0.0,0.0,,,16.18,16.08,16.28,,,2.925,2.92,2.93,,,,-3.805,,,,-0.155,0.0,15.565,,,0.0,27.6,27.0,28.2,,,-0.0,1.0,2.0,0.0,0.0,0.0,2.0,0.0,0.0,0.0,0.0,0.0,0.0,0.0,0.0,0.0,0.0,0.0,0.0,
2020-11-09T18:00:00Z,8.0,8.0,0.954,1.9,0.0,0.0,,,17.28,16.45,18.39,,,2.804,2.67,2.9,,,,-2.989,,,,-2.573,-0.84,16.648,,,0.0,51.163,28.2,60.5,,,-0.011,3.0,10.0,0.0,0.0,0.0,8.0,0.0,0.0,0.0,0.0,0.0,0.0,0.0,0.0,0.0,0.0,0.0,6.0,
2020-11-27T16:00:00Z,2.0,2.0,29.585,29.75,0.0,0.0,,,29.8,29.8,29.8,,,0.27,0.27,0.27,,,,0.04,,,,1.095,1.37,24.655,,,29.8,31.5,31.3,31.7,,,0.001,1.0,1.0,0.0,0.0,0.0,2.0,0.0,2.0,0.0,0.0,0.0,0.0,0.0,0.0,0.0,0.0,0.0,0.0,
