ts_utc,n_samples,n_out_of_range,solar_v_avg,solar_v_max,solar2_v_avg,solar2_v_max,solar3_v_avg,solar3_v_max,battery_v_avg,battery_v_min,battery_v_max,battery2_v_min,battery2_v_max,lipo_v_avg,lipo_v_min,lipo_v_max,lipo2_v_avg,lipo2_v_min,lipo2_v_max,current_a_avg,current_a_chA_avg,current_a_chB_avg,current2_a_avg,power_w_avg,power_w_max,load_v_avg,load1_v_avg,load2_v_avg,wind_v_avg,temp_c_avg,temp_c_min,temp_c_max,voltage_adc_avg,digital_adc_avg,energy_wh,boot_count_min,boot_count_max,solar_v_n_oor,solar2_v_n_oor,solar3_v_n_oor,battery_v_n_oor,battery2_v_n_oor,lipo_v_n_oor,lipo2_v_n_oor,current_a_n_oor,current_a_chA_n_oor,current_a_chB_n_oor,current2_a_n_oor,power_w_n_oor,load_v_n_oor,load1_v_n_oor,load2_v_n_oor,temp_c_n_oor,scaled_channels
2021-11-01T04:00:00Z,23.0,0.0,19.02,20.35,10.077,11.97,,,14.655,14.41,15.15,,,4.115,4.08,4.13,,,,-6.348,,,,-120.768,-98.6,13.973,,,0.0,33.943,31.3,34.6,,,-1.543,1.0,23.0,0.0,0.0,0.0,0.0,0.0,0.0,0.0,0.0,0.0,0.0,0.0,0.0,0.0,0.0,0.0,0.0,
2021-11-01T05:00:00Z,29.0,0.0,18.034,20.51,8.905,11.84,,,14.47,13.57,15.21,,,4.115,4.1,4.12,,,,-6.34,,,,-114.44,-86.31,13.782,,,0.476,34.848,34.6,35.0,,,-1.844,24.0,52.0,0.0,0.0,0.0,0.0,0.0,0.0,0.0,0.0,0.0,0.0,0.0,0.0,0.0,0.0,0.0,0.0,
2021-11-01T06:00:00Z,24.0,0.0,17.654,20.54,9.434,11.77,,,14.464,13.53,15.08,,,4.118,4.1,4.13,,,,-6.357,,,,-112.31,-86.07,13.755,,,0.0,35.387,34.8,35.8,,,-1.497,53.0,81.0,0.0,0.0,0.0,0.0,0.0,0.0,0.0,0.0,0.0,0.0,0.0,0.0,0.0,0.0,0.0,0.0,
2021-11-01T07:00:00Z,18.0,0.0,18.518,20.84,8.36,11.62,,,14.633,14.06,15.05,,,4.118,4.11,4.13,,,,-6.333,,,,-117.318,-89.68,13.923,,,3.129,35.944,35.8,36.2,,,-1.173,82.0,109.0,0.0,0.0,0.0,0.0,0.0,0.0,0.0,0.0,0.0,0.0,0.0,0.0,0.0,0.0,0.0,0.0,
2021-11-01T08:00:00Z,21.0,0.0,18.011,21.15,4.55,4.6,,,14.716,14.1,15.02,,,4.12,4.12,4.12,,,,-6.263,,,,-112.805,-89.91,14.035,,,7.956,36.438,36.3,36.6,,,-1.316,110.0,137.0,0.0,0.0,0.0,0.0,0.0,0.0,0.0,0.0,0.0,0.0,0.0,0.0,0.0,0.0,0.0,0.0,
2021-11-01T09:00:00Z,26.0,0.0,13.63,14.73,4.149,4.45,,,13.367,12.61,14.51,,,4.104,4.1,4.12,,,,-6.344,,,,-86.456,-81.81,12.727,,,0.0,36.504,36.4,36.6,,,-1.249,140.0,166.0,0.0,0.0,0.0,0.0,0.0,0.0,0.0,0.0,0.0,0.0,0.0,0.0,0.0,0.0,0.0,0.0,
2021-11-01T10:00:00Z,30.0,0.0,5.196,13.26,1.423,3.83,,,12.641,12.61,12.67,,,4.089,4.08,4.1,,,,-6.45,,,,-33.509,0.0,12.013,,,1.044,36.197,35.6,36.6,,,-0.558,167.0,196.0,0.0,0.0,0.0,0.0,0.0,0.0,0.0,0.0,0.0,0.0,0.0,0.0,0.0,0.0,0.0,0.0,
2021-11-01T11:00:00Z,30.0,0.0,0.0,0.0,0.0,0.0,,,12.637,12.61,12.66,,,4.075,4.07,4.08,,,,-6.449,,,,0.0,0.0,12.0,,,1.146,35.473,35.4,35.7,,,0.0,197.0,226.0,0.0,0.0,0.0,0.0,0.0,0.0,0.0,0.0,0.0,0.0,0.0,0.0,0.0,0.0,0.0,0.0,
2021-11-01T12:00:00Z,29.0,0.0,0.0,0.0,0.0,0.0,,,12.613,12.59,12.64,,,4.062,4.06,4.07,,,,-6.441,,,,0.0,0.0,11.986,,,0.324,35.286,35.2,35.4,,,0.0,227.0,255.0,0.0,0.0,0.0,0.0,0.0,0.0,0.0,0.0,0.0,0.0,0.0,0.0,0.0,0.0,0.0,0.0,
2021-11-01T13:00:00Z,30.0,0.0,0.0,0.0,0.0,0.0,,,12.601,12.57,12.62,,,4.05,4.04,4.06,,,,-6.439,,,,0.0,0.0,11.97,,,0.0,35.013,34.9,35.2,,,0.0,256.0,285.0,0.0,0.0,0.0,0.0,0.0,0.0,0.0,0.0,0.0,0.0,0.0,0.0,0.0,0.0,0.0,0.0,
2021-11-01T14:00:00Z,29.0,0.0,0.0,0.0,0.0,0.0,,,12.576,12.54,12.6,,,4.039,4.03,4.04,,,,-6.433,,,,0.0,0.0,11.944,,,0.0,34.676,34.6,34.9,,,0.0,286.0,314.0,0.0,0.0,0.0,0.0,0.0,0.0,0.0,0.0,0.0,0.0,0.0,0.0,0.0,0.0,0.0,0.0,
2021-11-01T15:00:00Z,30.0,0.0,0.0,0.0,0.0,0.0,,,10.865,10.57,12.53,,,4.03,4.03,4.04,,,,-6.533,,,,0.0,0.0,10.187,,,0.0,34.55,34.4,34.6,,,0.0,315.0,344.0,0.0,0.0,0.0,0.0,0.0,0.0,0.0,0.0,0.0,0.0,0.0,0.0,0.0,0.0,0.0,0.0,
2021-11-01T16:00:00Z,30.0,0.0,0.0,0.0,0.0,0.0,,,10.624,10.61,10.63,,,4.02,4.01,4.03,,,,-6.545,,,,0.0,0.0,9.942,,,0.0,34.23,34.0,34.4,,,0.0,345.0,374.0,0.0,0.0,0.0,0.0,0.0,0.0,0.0,0.0,0.0,0.0,0.0,0.0,0.0,0.0,0.0,0.0,
2021-11-01T17:00:00Z,29.0,0.0,0.0,0.0,0.0,0.0,,,10.628,10.62,10.63,,,4.01,4.0,4.01,,,,-6.543,,,,0.0,0.0,9.947,,,0.0,33.824,33.6,34.0,,,0.0,375.0,403.0,0.0,0.0,0.0,0.0,0.0,0.0,0.0,0.0,0.0,0.0,0.0,0.0,0.0,0.0,0.0,0.0,
2021-11-01T18:00:00Z,30.0,0.0,0.0,0.0,0.0,0.0,,,10.63,10.62,10.64,,,4.0,4.0,4.01,,,,-6.54,,,,0.0,0.0,9.953,,,0.0,33.487,33.4,33.6,,,0.0,404.0,433.0,0.0,0.0,0.0,0.0,0.0,0.0,0.0,0.0,0.0,0.0,0.0,0.0,0.0,0.0,0.0,0.0,
2021-11-01T19:00:00Z,29.0,0.0,0.0,0.0,0.0,0.0,,,10.628,10.62,10.63,,,3.996,3.99,4.0,,,,-6.536,,,,0.0,0.0,9.952,,,0.0,33.362,33.3,33.4,,,0.0,434.0,462.0,0.0,0.0,0.0,0.0,0.0,0.0,0.0,0.0,0.0,0.0,0.0,0.0,0.0,0.0,0.0,0.0,
2021-11-01T20:00:00Z,30.0,0.0,0.0,0.0,0.0,0.0,,,10.615,10.6,10.63,,,3.988,3.98,3.99,,,,-6.535,,,,0.0,0.0,9.932,,,0.0,33.197,33.0,33.3,,,0.0,463.0,492.0,0.0,0.0,0.0,0.0,0.0,0.0,0.0,0.0,0.0,0.0,0.0,0.0,0.0,0.0,0.0,0.0,
2021-11-01T21:00:00Z,30.0,0.0,0.0,0.0,0.0,0.0,,,10.602,10.6,10.61,,,3.981,3.98,3.99,,,,-6.531,,,,0.0,0.0,9.914,,,0.0,32.73,32.5,33.0,,,0.0,493.0,522.0,0.0,0.0,0.0,0.0,0.0,0.0,0.0,0.0,0.0,0.0,0.0,0.0,0.0,0.0,0.0,0.0,
2021-11-01T22:00:00Z,29.0,0.0,2.072,11.11,0.667,3.04,,,10.593,10.59,10.6,,,3.978,3.97,3.98,,,,-6.529,,,,-13.52,0.0,9.887,,,0.0,32.424,32.3,32.6,,,-0.218,523.0,551.0,0.0,0.0,0.0,0.0,0.0,0.0,0.0,0.0,0.0,0.0,0.0,0.0,0.0,0.0,0.0,0.0,
2021-11-01T23:00:00Z,30.0,0.0,11.176,12.36,3.841,4.26,,,10.921,10.59,12.08,,,3.969,3.96,3.98,,,,-6.438,,,,-71.89,-69.34,10.245,,,0.0,33.11,32.8,33.3,,,-1.198,552.0,581.0,0.0,0.0,0.0,0.0,0.0,0.0,0.0,0.0,0.0,0.0,0.0,0.0,0.0,0.0,0.0,0.0,
2021-11-02T00:00:00Z,29.0,0.0,13.535,14.43,4.366,4.49,,,13.152,12.21,13.65,,,3.985,3.97,4.01,,,,-6.229,,,,-84.296,-76.66,12.501,,,0.0,33.255,33.0,33.4,,,-1.358,582.0,610.0,0.0,0.0,0.0,0.0,0.0,0.0,0.0,0.0,0.0,0.0,0.0,0.0,0.0,0.0,0.0,0.0,
2021-11-02T01:00:00Z,30.0,0.0,15.401,20.33,5.793,11.82,,,14.247,13.66,14.86,,,4.066,4.01,4.12,,,,-6.273,,,,-96.67,-87.8,13.548,,,0.0,33.333,33.3,33.5,,,-1.611,611.0,640.0,0.0,0.0,0.0,0.0,0.0,0.0,0.0,0.0,0.0,0.0,0.0,0.0,0.0,0.0,0.0,0.0,
2021-11-02T02:00:00Z,30.0,0.0,18.322,20.5,11.402,11.95,,,14.658,14.26,15.09,,,4.116,4.11,4.12,,,,-6.364,,,,-116.625,-100.05,13.96,,,0.0,33.68,33.5,33.9,,,-1.944,641.0,670.0,0.0,0.0,0.0,0.0,0.0,0.0,0.0,0.0,0.0,0.0,0.0,0.0,0.0,0.0,0.0,0.0,
2021-11-02T03:00:00Z,29.0,0.0,18.682,20.12,11.587,11.73,,,14.681,14.35,15.11,,,4.12,4.12,4.12,,,,-6.373,,,,-119.06,-103.74,13.981,,,0.0,34.221,34.0,34.5,,,-1.918,671.0,699.0,0.0,0.0,0.0,0.0,0.0,0.0,0.0,0.0,0.0,0.0,0.0,0.0,0.0,0.0,0.0,0.0,
2021-11-02T04:00:00Z,30.0,0.0,18.548,20.07,11.372,11.79,,,14.736,14.32,15.23,,,4.12,4.12,4.12,,,,-6.37,,,,-118.162,-104.26,14.004,,,0.0,34.62,34.5,34.8,,,-1.969,700.0,729.0,0.0,0.0,0.0,0.0,0.0,0.0,0.0,0.0,0.0,0.0,0.0,0.0,0.0,0.0,0.0,0.0,
2021-11-02T05:00:00Z,24.0,0.0,19.271,20.41,11.625,11.87,,,14.605,14.33,15.13,,,4.122,4.12,4.13,,,,-6.382,,,,-123.017,-104.78,13.907,,,0.0,35.175,34.8,35.7,,,-1.64,730.0,758.0,0.0,0.0,0.0,0.0,0.0,0.0,0.0,0.0,0.0,0.0,0.0,0.0,0.0,0.0,0.0,0.0,
2021-11-02T06:00:00Z,23.0,0.0,19.169,20.54,11.326,11.86,,,14.635,14.33,15.14,,,4.123,4.12,4.13,,,,-6.384,,,,-122.423,-100.39,13.954,,,0.14,35.9,35.6,36.2,,,-1.564,759.0,786.0,0.0,0.0,0.0,0.0,0.0,0.0,0.0,0.0,0.0,0.0,0.0,0.0,0.0,0.0,0.0,0.0,
2021-11-02T07:00:00Z,24.0,0.0,19.047,20.82,8.06,11.75,,,14.677,14.32,15.14,,,4.12,4.12,4.13,,,,-6.324,,,,-120.5,-99.39,14.07,,,8.305,36.496,36.2,36.7,,,-1.607,787.0,815.0,0.0,0.0,0.0,0.0,0.0,0.0,0.0,0.0,0.0,0.0,0.0,0.0,0.0,0.0,0.0,0.0,
2021-11-02T08:00:00Z,23.0,0.0,17.726,21.04,4.509,4.58,,,14.753,14.52,14.99,,,4.12,4.12,4.12,,,,-6.262,,,,-111.024,-93.78,14.048,,,3.597,36.926,36.6,37.1,,,-1.419,816.0,843.0,0.0,0.0,0.0,0.0,0.0,0.0,0.0,0.0,0.0,0.0,0.0,0.0,0.0,0.0,0.0,0.0,
2021-11-02T09:00:00Z,23.0,0.0,14.782,15.85,4.216,4.41,,,14.021,12.9,14.77,,,4.101,4.08,4.12,,,,-6.304,,,,-93.153,-85.43,13.371,,,3.806,37.039,37.0,37.1,,,-1.19,844.0,872.0,0.0,0.0,0.0,0.0,0.0,0.0,0.0,0.0,0.0,0.0,0.0,0.0,0.0,0.0,0.0,0.0,
2021-11-02T10:00:00Z,24.0,0.0,5.07,13.38,1.441,3.81,,,12.668,12.63,12.79,,,4.07,4.06,4.08,,,,-6.45,,,,-32.7,0.0,12.032,,,1.335,36.688,36.0,37.1,,,-0.436,873.0,899.0,0.0,0.0,0.0,0.0,0.0,0.0,0.0,0.0,0.0,0.0,0.0,0.0,0.0,0.0,0.0,0.0,
2021-11-02T11:00:00Z,28.0,0.0,0.0,0.0,0.0,0.0,,,12.655,12.63,12.67,,,4.049,4.04,4.05,,,,-6.443,,,,0.0,0.0,12.027,,,0.0,35.936,35.8,36.0,,,0.0,902.0,929.0,0.0,0.0,0.0,0.0,0.0,0.0,0.0,0.0,0.0,0.0,0.0,0.0,0.0,0.0,0.0,0.0,
2021-11-02T12:00:00Z,29.0,0.0,0.0,0.0,0.0,0.0,,,12.634,12.61,12.66,,,4.04,4.04,4.04,,,,-6.444,,,,0.0,0.0,12.009,,,0.0,35.821,35.8,35.9,,,0.0,930.0,959.0,0.0,0.0,0.0,0.0,0.0,0.0,0.0,0.0,0.0,0.0,0.0,0.0,0.0,0.0,0.0,0.0,
2021-11-02T13:00:00Z,30.0,0.0,0.0,0.0,0.0,0.0,,,12.613,12.6,12.63,,,4.031,4.03,4.04,,,,-6.435,,,,0.0,0.0,11.987,,,0.0,35.53,35.4,35.7,,,0.0,960.0,989.0,0.0,0.0,0.0,0.0,0.0,0.0,0.0,0.0,0.0,0.0,0.0,0.0,0.0,0.0,0.0,0.0,
2021-11-02T14:00:00Z,29.0,0.0,0.0,0.0,0.0,0.0,,,12.592,12.57,12.61,,,4.021,4.02,4.03,,,,-6.433,,,,0.0,0.0,11.966,,,0.0,35.176,35.0,35.4,,,0.0,990.0,1018.0,0.0,0.0,0.0,0.0,0.0,0.0,0.0,0.0,0.0,0.0,0.0,0.0,0.0,0.0,0.0,0.0,
2021-11-02T15:00:00Z,30.0,0.0,0.0,0.0,0.0,0.0,,,12.029,10.57,12.58,,,4.011,4.01,4.02,,,,-6.465,,,,0.0,0.0,11.387,,,0.0,34.843,34.7,35.0,,,0.0,1019.0,1048.0,0.0,0.0,0.0,0.0,0.0,0.0,0.0,0.0,0.0,0.0,0.0,0.0,0.0,0.0,0.0,0.0,
2021-11-02T16:00:00Z,29.0,0.0,0.0,0.0,0.0,0.0,,,10.62,10.61,10.63,,,4.002,4.0,4.01,,,,-6.545,,,,0.0,0.0,9.94,,,0.0,34.6,34.6,34.6,,,0.0,1049.0,1077.0,0.0,0.0,0.0,0.0,0.0,0.0,0.0,0.0,0.0,0.0,0.0,0.0,0.0,0.0,0.0,0.0,
2021-11-02T17:00:00Z,30.0,0.0,0.0,0.0,0.0,0.0,,,10.626,10.62,10.63,,,3.998,3.99,4.0,,,,-6.543,,,,0.0,0.0,9.95,,,0.0,34.367,34.2,34.6,,,0.0,1078.0,1107.0,0.0,0.0,0.0,0.0,0.0,0.0,0.0,0.0,0.0,0.0,0.0,0.0,0.0,0.0,0.0,0.0,
2021-11-02T18:00:00Z,29.0,0.0,0.0,0.0,0.0,0.0,,,10.627,10.62,10.63,,,3.989,3.98,3.99,,,,-6.539,,,,0.0,0.0,9.946,,,0.0,34.048,33.9,34.2,,,0.0,1108.0,1136.0,0.0,0.0,0.0,0.0,0.0,0.0,0.0,0.0,0.0,0.0,0.0,0.0,0.0,0.0,0.0,0.0,
2021-11-02T19:00:00Z,29.0,0.0,0.0,0.0,0.0,0.0,,,10.627,10.61,10.63,,,3.98,3.98,3.99,,,,-6.532,,,,0.0,0.0,9.945,,,0.0,33.741,33.6,33.9,,,0.0,1137.0,1166.0,0.0,0.0,0.0,0.0,0.0,0.0,0.0,0.0,0.0,0.0,0.0,0.0,0.0,0.0,0.0,0.0,
2021-11-02T20:00:00Z,29.0,0.0,0.0,0.0,0.0,0.0,,,10.621,10.61,10.63,,,3.972,3.97,3.98,,,,-6.529,,,,0.0,0.0,9.934,,,0.0,33.455,33.4,33.6,,,0.0,1167.0,1195.0,0.0,0.0,0.0,0.0,0.0,0.0,0.0,0.0,0.0,0.0,0.0,0.0,0.0,0.0,0.0,0.0,
2021-11-02T21:00:00Z,29.0,0.0,0.0,0.0,0.0,0.0,,,10.606,10.6,10.62,,,3.968,3.96,3.97,,,,-6.526,,,,0.0,0.0,9.918,,,0.0,33.328,33.3,33.4,,,0.0,1196.0,1224.0,0.0,0.0,0.0,0.0,0.0,0.0,0.0,0.0,0.0,0.0,0.0,0.0,0.0,0.0,0.0,0.0,
2021-11-02T22:00:00Z,29.0,0.0,2.873,11.2,0.917,3.83,,,10.596,10.59,10.6,,,3.96,3.95,3.97,,,,-6.526,,,,-18.75,0.0,9.897,,,0.0,33.141,33.0,33.4,,,-0.302,1225.0,1254.0,0.0,0.0,0.0,0.0,0.0,0.0,0.0,0.0,0.0,0.0,0.0,0.0,0.0,0.0,0.0,0.0,
2021-11-02T23:00:00Z,27.0,0.0,12.196,13.8,4.093,4.3,,,11.813,10.6,13.05,,,3.949,3.94,3.96,,,,-6.206,,,,-75.579,-69.68,11.166,,,0.0,33.404,33.4,33.5,,,-1.134,1255.0,1283.0,0.0,0.0,0.0,0.0,0.0,0.0,0.0,0.0,0.0,0.0,0.0,0.0,0.0,0.0,0.0,0.0,
2021-11-03T00:00:00Z,29.0,0.0,13.773,14.71,4.387,4.46,,,13.353,13.08,13.61,,,3.975,3.96,3.99,,,,-6.197,,,,-85.343,-80.84,12.702,,,0.0,33.534,33.4,33.6,,,-1.375,1284.0,1312.0,0.0,0.0,0.0,0.0,0.0,0.0,0.0,0.0,0.0,0.0,0.0,0.0,0.0,0.0,0.0,0.0,
2021-11-03T01:00:00Z,30.0,0.0,14.785,16.0,4.555,4.64,,,14.044,13.64,14.81,,,4.034,3.99,4.08,,,,-6.25,,,,-92.404,-87.49,13.366,,,0.0,33.667,33.5,33.8,,,-1.54,1313.0,1342.0,0.0,0.0,0.0,0.0,0.0,0.0,0.0,0.0,0.0,0.0,0.0,0.0,0.0,0.0,0.0,0.0,
2021-11-03T02:00:00Z,26.0,0.0,18.608,20.62,9.985,11.73,,,14.593,14.21,14.94,,,4.113,4.09,4.12,,,,-6.342,,,,-118.021,-99.92,13.995,,,0.0,34.312,33.8,34.6,,,-1.705,1343.0,1371.0,0.0,0.0,0.0,0.0,0.0,0.0,0.0,0.0,0.0,0.0,0.0,0.0,0.0,0.0,0.0,0.0,
2021-11-03T03:00:00Z,30.0,0.0,19.08,20.35,11.589,11.73,,,14.607,14.34,15.05,,,4.12,4.12,4.12,,,,-6.385,,,,-121.821,-104.02,13.915,,,0.0,34.687,34.6,34.9,,,-2.03,1372.0,1401.0,0.0,0.0,0.0,0.0,0.0,0.0,0.0,0.0,0.0,0.0,0.0,0.0,0.0,0.0,0.0,0.0,
2021-11-03T04:00:00Z,29.0,0.0,18.957,20.16,11.313,11.76,,,14.616,14.34,15.07,,,4.122,4.11,4.13,,,,-6.38,,,,-120.99,-97.29,14.001,,,0.0,35.145,34.9,35.5,,,-1.949,1402.0,1430.0,0.0,0.0,0.0,0.0,0.0,0.0,0.0,0.0,0.0,0.0,0.0,0.0,0.0,0.0,0.0,0.0,
2021-11-03T05:00:00Z,30.0,0.0,18.817,20.83,9.707,12.02,,,14.596,14.35,15.11,,,4.127,4.11,4.13,,,,-6.358,,,,-119.712,-98.21,13.923,,,0.0,35.707,35.4,36.1,,,-1.995,1431.0,1460.0,0.0,0.0,0.0,0.0,0.0,0.0,0.0,0.0,0.0,0.0,0.0,0.0,0.0,0.0,0.0,0.0,
2021-11-03T06:00:00Z,30.0,0.0,18.719,20.4,10.088,11.91,,,14.554,14.33,14.94,,,4.127,4.11,4.13,,,,-6.374,,,,-119.398,-91.94,13.894,,,0.0,36.28,36.0,36.5,,,-1.99,1461.0,1490.0,0.0,0.0,0.0,0.0,0.0,0.0,0.0,0.0,0.0,0.0,0.0,0.0,0.0,0.0,0.0,0.0,
2021-11-03T07:00:00Z,26.0,0.0,16.797,21.06,4.543,4.62,,,14.677,14.31,14.98,,,4.121,4.12,4.13,,,,-6.269,,,,-105.3,-91.48,14.006,,,0.0,36.585,36.4,36.9,,,-1.521,1491.0,1518.0,0.0,0.0,0.0,0.0,0.0,0.0,0.0,0.0,0.0,0.0,0.0,0.0,0.0,0.0,0.0,0.0,
2021-11-03T08:00:00Z,27.0,0.0,16.176,20.62,4.503,4.59,,,14.438,13.51,15.02,,,4.119,4.11,4.12,,,,-6.283,,,,-101.594,-86.78,13.779,,,1.154,37.081,37.0,37.2,,,-1.524,1519.0,1547.0,0.0,0.0,0.0,0.0,0.0,0.0,0.0,0.0,0.0,0.0,0.0,0.0,0.0,0.0,0.0,0.0,
2021-11-03T09:00:00Z,24.0,0.0,13.196,13.95,3.943,4.32,,,12.857,12.69,13.36,,,4.092,4.08,4.11,,,,-6.384,,,,-84.251,-82.2,12.228,,,11.161,37.125,37.1,37.2,,,-1.123,1548.0,1576.0,0.0,0.0,0.0,0.0,0.0,0.0,0.0,0.0,0.0,0.0,0.0,0.0,0.0,0.0,0.0,0.0,
2021-11-03T10:00:00Z,19.0,0.0,4.216,13.34,1.248,3.74,,,12.649,12.63,12.67,,,4.06,4.05,4.08,,,,-6.457,,,,-27.236,0.0,12.018,,,11.327,36.763,36.3,37.2,,,-0.287,1577.0,1604.0,0.0,0.0,0.0,0.0,0.0,0.0,0.0,0.0,0.0,0.0,0.0,0.0,0.0,0.0,0.0,0.0,
2021-11-03T11:00:00Z,21.0,0.0,0.0,0.0,0.0,0.0,,,12.629,12.6,12.64,,,4.041,4.03,4.05,,,,-6.452,,,,0.0,0.0,12.005,,,1.865,36.2,36.1,36.3,,,0.0,1605.0,1631.0,0.0,0.0,0.0,0.0,0.0,0.0,0.0,0.0,0.0,0.0,0.0,0.0,0.0,0.0,0.0,0.0,
2021-11-03T12:00:00Z,25.0,0.0,0.0,0.0,0.0,0.0,,,12.616,12.6,12.63,,,4.023,4.01,4.03,,,,-6.44,,,,0.0,0.0,11.992,,,0.0,35.992,35.9,36.1,,,0.0,1634.0,1661.0,0.0,0.0,0.0,0.0,0.0,0.0,0.0,0.0,0.0,0.0,0.0,0.0,0.0,0.0,0.0,0.0,
2021-11-03T13:00:00Z,29.0,0.0,0.0,0.0,0.0,0.0,,,12.601,12.59,12.62,,,4.01,4.0,4.01,,,,-6.437,,,,0.0,0.0,11.98,,,0.0,35.786,35.6,35.9,,,0.0,1662.0,1691.0,0.0,0.0,0.0,0.0,0.0,0.0,0.0,0.0,0.0,0.0,0.0,0.0,0.0,0.0,0.0,0.0,
2021-11-03T14:00:00Z,29.0,0.0,0.0,0.0,0.0,0.0,,,12.578,12.55,12.6,,,4.001,4.0,4.01,,,,-6.435,,,,0.0,0.0,11.953,,,0.0,35.421,35.2,35.7,,,0.0,1692.0,1720.0,0.0,0.0,0.0,0.0,0.0,0.0,0.0,0.0,0.0,0.0,0.0,0.0,0.0,0.0,0.0,0.0,
2021-11-03T15:00:00Z,30.0,0.0,0.0,0.0,0.0,0.0,,,11.058,10.56,12.55,,,3.996,3.99,4.0,,,,-6.521,,,,0.0,0.0,10.393,,,2.519,34.997,34.8,35.2,,,0.0,1721.0,1750.0,0.0,0.0,0.0,0.0,0.0,0.0,0.0,0.0,0.0,0.0,0.0,0.0,0.0,0.0,0.0,0.0,
2021-11-03T16:00:00Z,29.0,0.0,0.0,0.0,0.0,0.0,,,10.625,10.61,10.63,,,3.989,3.98,3.99,,,,-6.542,,,,0.0,0.0,9.952,,,4.009,34.669,34.6,34.8,,,0.0,1751.0,1779.0,0.0,0.0,0.0,0.0,0.0,0.0,0.0,0.0,0.0,0.0,0.0,0.0,0.0,0.0,0.0,0.0,
2021-11-03T17:00:00Z,30.0,0.0,0.0,0.0,0.0,0.0,,,10.63,10.62,10.64,,,3.981,3.98,3.99,,,,-6.538,,,,0.0,0.0,9.95,,,7.962,34.553,34.4,34.6,,,0.0,1780.0,1809.0,0.0,0.0,0.0,0.0,0.0,0.0,0.0,0.0,0.0,0.0,0.0,0.0,0.0,0.0,0.0,0.0,
2021-11-03T18:00:00Z,30.0,0.0,0.0,0.0,0.0,0.0,,,10.628,10.62,10.63,,,3.977,3.97,3.98,,,,-6.535,,,,0.0,0.0,9.95,,,0.0,34.2,34.0,34.4,,,0.0,1810.0,1839.0,0.0,0.0,0.0,0.0,0.0,0.0,0.0,0.0,0.0,0.0,0.0,0.0,0.0,0.0,0.0,0.0,
2021-11-03T19:00:00Z,29.0,0.0,0.0,0.0,0.0,0.0,,,10.624,10.61,10.63,,,3.97,3.97,3.98,,,,-6.533,,,,0.0,0.0,9.949,,,0.0,33.834,33.7,34.0,,,0.0,1840.0,1868.0,0.0,0.0,0.0,0.0,0.0,0.0,0.0,0.0,0.0,0.0,0.0,0.0,0.0,0.0,0.0,0.0,
2021-11-03T20:00:00Z,30.0,0.0,0.0,0.0,0.0,0.0,,,10.613,10.6,10.63,,,3.965,3.96,3.97,,,,-6.53,,,,0.0,0.0,9.933,,,0.0,33.52,33.4,33.7,,,0.0,1869.0,1898.0,0.0,0.0,0.0,0.0,0.0,0.0,0.0,0.0,0.0,0.0,0.0,0.0,0.0,0.0,0.0,0.0,
2021-11-03T21:00:00Z,29.0,0.0,0.0,0.0,0.0,0.0,,,10.601,10.59,10.61,,,3.958,3.95,3.96,,,,-6.527,,,,0.0,0.0,9.917,,,0.0,33.359,33.3,33.4,,,0.0,1899.0,1927.0,0.0,0.0,0.0,0.0,0.0,0.0,0.0,0.0,0.0,0.0,0.0,0.0,0.0,0.0,0.0,0.0,
2021-11-03T22:00:00Z,30.0,0.0,2.086,11.11,0.649,3.81,,,10.591,10.57,10.6,,,3.95,3.95,3.95,,,,-6.523,,,,-13.597,0.0,9.898,,,0.0,33.237,33.1,33.3,,,-0.227,1928.0,1957.0,0.0,0.0,0.0,0.0,0.0,0.0,0.0,0.0,0.0,0.0,0.0,0.0,0.0,0.0,0.0,0.0,
2021-11-03T23:00:00Z,30.0,0.0,11.69,13.63,4.001,4.33,,,11.413,10.6,13.02,,,3.948,3.94,3.96,,,,-6.277,,,,-73.271,-69.29,10.759,,,0.0,33.45,33.4,33.6,,,-1.221,1958.0,1987.0,0.0,0.0,0.0,0.0,0.0,0.0,0.0,0.0,0.0,0.0,0.0,0.0,0.0,0.0,0.0,0.0,
2021-11-04T00:00:00Z,29.0,0.0,13.93,14.73,4.418,4.49,,,13.39,13.08,13.67,,,3.981,3.96,4.01,,,,-6.218,,,,-86.622,-81.8,12.739,,,0.0,33.659,33.5,33.8,,,-1.396,1988.0,2016.0,0.0,0.0,0.0,0.0,0.0,0.0,0.0,0.0,0.0,0.0,0.0,0.0,0.0,0.0,0.0,0.0,
2021-11-04T01:00:00Z,30.0,0.0,15.011,16.19,4.594,4.68,,,14.174,13.68,14.92,,,4.053,4.01,4.12,,,,-6.262,,,,-93.964,-88.41,13.481,,,0.22,33.847,33.7,34.1,,,-1.566,2017.0,2046.0,0.0,0.0,0.0,0.0,0.0,0.0,0.0,0.0,0.0,0.0,0.0,0.0,0.0,0.0,0.0,0.0,
2021-11-04T02:00:00Z,29.0,0.0,18.659,20.75,11.567,11.92,,,14.607,14.21,14.95,,,4.115,4.1,4.12,,,,-6.373,,,,-118.93,-101.66,13.915,,,0.202,34.524,34.1,34.6,,,-1.916,2047.0,2075.0,0.0,0.0,0.0,0.0,0.0,0.0,0.0,0.0,0.0,0.0,0.0,0.0,0.0,0.0,0.0,0.0,
2021-11-04T03:00:00Z,30.0,0.0,19.04,21.18,10.445,12.34,,,14.66,14.28,15.2,,,4.119,4.11,4.13,,,,-6.355,,,,-121.038,-98.32,13.962,,,0.046,34.77,34.6,34.9,,,-2.017,2076.0,2105.0,0.0,0.0,0.0,0.0,0.0,0.0,0.0,0.0,0.0,0.0,0.0,0.0,0.0,0.0,0.0,0.0,
2021-11-04T04:00:00Z,30.0,0.0,17.543,21.27,6.578,12.36,,,14.725,14.44,14.91,,,4.123,4.11,4.14,,,,-6.285,,,,-110.368,-93.39,14.069,,,0.0,35.103,34.8,35.3,,,-1.839,2106.0,2135.0,0.0,0.0,0.0,0.0,0.0,0.0,0.0,0.0,0.0,0.0,0.0,0.0,0.0,0.0,0.0,0.0,
2021-11-04T05:00:00Z,29.0,0.0,19.276,21.41,10.849,12.38,,,14.655,14.39,15.11,,,4.129,4.12,4.13,,,,-6.371,,,,-122.847,-99.2,13.976,,,1.544,35.783,35.4,36.0,,,-1.979,2136.0,2164.0,0.0,0.0,0.0,0.0,0.0,0.0,0.0,0.0,0.0,0.0,0.0,0.0,0.0,0.0,0.0,0.0,
2021-11-04T06:00:00Z,30.0,0.0,19.329,21.03,10.598,12.04,,,14.642,14.36,15.21,,,4.128,4.12,4.13,,,,-6.375,,,,-123.283,-98.75,13.928,,,0.855,36.23,36.1,36.4,,,-2.055,2165.0,2194.0,0.0,0.0,0.0,0.0,0.0,0.0,0.0,0.0,0.0,0.0,0.0,0.0,0.0,0.0,0.0,0.0,
2021-11-04T07:00:00Z,29.0,0.0,18.609,20.96,7.74,11.92,,,14.776,14.39,15.11,,,4.124,4.12,4.13,,,,-6.321,,,,-117.689,-98.93,14.057,,,5.297,36.659,36.3,36.9,,,-1.896,2195.0,2223.0,0.0,0.0,0.0,0.0,0.0,0.0,0.0,0.0,0.0,0.0,0.0,0.0,0.0,0.0,0.0,0.0,
2021-11-04T08:00:00Z,30.0,0.0,18.474,21.19,4.561,4.62,,,14.799,14.55,15.18,,,4.12,4.12,4.12,,,,-6.267,,,,-115.779,-93.31,14.116,,,5.541,37.047,36.8,37.2,,,-1.93,2224.0,2253.0,0.0,0.0,0.0,0.0,0.0,0.0,0.0,0.0,0.0,0.0,0.0,0.0,0.0,0.0,0.0,0.0,
2021-11-04T09:00:00Z,25.0,0.0,15.792,20.93,4.397,4.47,,,14.493,13.63,14.84,,,4.11,4.1,4.12,,,,-6.277,,,,-99.108,-90.88,13.83,,,9.247,37.16,37.1,37.2,,,-1.377,2254.0,2282.0,0.0,0.0,0.0,0.0,0.0,0.0,0.0,0.0,0.0,0.0,0.0,0.0,0.0,0.0,0.0,0.0,
2021-11-04T10:00:00Z,20.0,0.0,5.252,14.24,1.545,4.3,,,12.716,12.59,13.52,,,4.085,4.07,4.1,,,,-6.447,,,,-33.812,0.0,12.091,,,10.166,36.82,36.2,37.2,,,-0.376,2283.0,2309.0,0.0,0.0,0.0,0.0,0.0,0.0,0.0,0.0,0.0,0.0,0.0,0.0,0.0,0.0,0.0,0.0,
2021-11-04T11:00:00Z,20.0,0.0,0.0,0.0,0.0,0.0,,,12.655,12.63,12.68,,,4.053,4.04,4.07,,,,-6.446,,,,0.0,0.0,12.025,,,10.32,36.185,36.1,36.2,,,0.0,2312.0,2338.0,0.0,0.0,0.0,0.0,0.0,0.0,0.0,0.0,0.0,0.0,0.0,0.0,0.0,0.0,0.0,0.0,
2021-11-04T12:00:00Z,25.0,0.0,0.0,0.0,0.0,0.0,,,12.637,12.62,12.66,,,4.037,4.03,4.04,,,,-6.44,,,,0.0,0.0,12.013,,,3.908,35.988,35.9,36.2,,,0.0,2339.0,2367.0,0.0,0.0,0.0,0.0,0.0,0.0,0.0,0.0,0.0,0.0,0.0,0.0,0.0,0.0,0.0,0.0,
2021-11-04T13:00:00Z,24.0,0.0,0.0,0.0,0.0,0.0,,,12.615,12.6,12.63,,,4.019,4.01,4.03,,,,-6.438,,,,0.0,0.0,11.991,,,0.0,35.754,35.6,35.9,,,0.0,2368.0,2396.0,0.0,0.0,0.0,0.0,0.0,0.0,0.0,0.0,0.0,0.0,0.0,0.0,0.0,0.0,0.0,0.0,
2021-11-04T14:00:00Z,25.0,0.0,0.0,0.0,0.0,0.0,,,12.6,12.59,12.61,,,4.003,4.0,4.01,,,,-6.432,,,,0.0,0.0,11.974,,,1.051,35.368,35.2,35.6,,,0.0,2399.0,2424.0,0.0,0.0,0.0,0.0,0.0,0.0,0.0,0.0,0.0,0.0,0.0,0.0,0.0,0.0,0.0,0.0,
2021-11-04T15:00:00Z,29.0,0.0,0.0,0.0,0.0,0.0,,,12.43,10.57,12.59,,,3.993,3.99,4.0,,,,-6.437,,,,0.0,0.0,11.802,,,0.0,34.993,34.8,35.2,,,0.0,2425.0,2454.0,0.0,0.0,0.0,0.0,0.0,0.0,0.0,0.0,0.0,0.0,0.0,0.0,0.0,0.0,0.0,0.0,
2021-11-04T16:00:00Z,29.0,0.0,0.0,0.0,0.0,0.0,,,10.624,10.61,10.63,,,3.987,3.98,3.99,,,,-6.54,,,,0.0,0.0,9.951,,,0.0,34.645,34.6,34.8,,,0.0,2455.0,2483.0,0.0,0.0,0.0,0.0,0.0,0.0,0.0,0.0,0.0,0.0,0.0,0.0,0.0,0.0,0.0,0.0,
2021-11-04T17:00:00Z,30.0,0.0,0.0,0.0,0.0,0.0,,,10.63,10.62,10.64,,,3.98,3.98,3.98,,,,-6.536,,,,0.0,0.0,9.96,,,0.0,34.493,34.3,34.6,,,0.0,2484.0,2513.0,0.0,0.0,0.0,0.0,0.0,0.0,0.0,0.0,0.0,0.0,0.0,0.0,0.0,0.0,0.0,0.0,
2021-11-04T18:00:00Z,30.0,0.0,0.0,0.0,0.0,0.0,,,10.632,10.62,10.65,,,3.975,3.97,3.98,,,,-6.535,,,,0.0,0.0,9.963,,,0.0,34.153,34.0,34.3,,,0.0,2514.0,2543.0,0.0,0.0,0.0,0.0,0.0,0.0,0.0,0.0,0.0,0.0,0.0,0.0,0.0,0.0,0.0,0.0,
2021-11-04T19:00:00Z,29.0,0.0,0.0,0.0,0.0,0.0,,,10.63,10.62,10.65,,,3.97,3.97,3.97,,,,-6.532,,,,0.0,0.0,9.964,,,0.0,33.814,33.7,34.0,,,0.0,2544.0,2572.0,0.0,0.0,0.0,0.0,0.0,0.0,0.0,0.0,0.0,0.0,0.0,0.0,0.0,0.0,0.0,0.0,
2021-11-04T20:00:00Z,30.0,0.0,0.0,0.0,0.0,0.0,,,10.622,10.61,10.63,,,3.964,3.96,3.97,,,,-6.53,,,,0.0,0.0,9.949,,,0.0,33.537,33.4,33.7,,,0.0,2573.0,2602.0,0.0,0.0,0.0,0.0,0.0,0.0,0.0,0.0,0.0,0.0,0.0,0.0,0.0,0.0,0.0,0.0,
2021-11-04T21:00:00Z,29.0,0.0,0.0,0.0,0.0,0.0,,,10.614,10.6,10.63,,,3.958,3.95,3.96,,,,-6.52,,,,0.0,0.0,9.937,,,0.0,33.4,33.4,33.4,,,0.0,2603.0,2631.0,0.0,0.0,0.0,0.0,0.0,0.0,0.0,0.0,0.0,0.0,0.0,0.0,0.0,0.0,0.0,0.0,
2021-11-04T22:00:00Z,28.0,0.0,2.091,11.16,0.729,3.84,,,10.601,10.58,10.62,,,3.952,3.95,3.96,,,,-6.522,,,,-13.635,0.0,9.911,,,0.0,33.314,33.3,33.4,,,-0.212,2632.0,2661.0,0.0,0.0,0.0,0.0,0.0,0.0,0.0,0.0,0.0,0.0,0.0,0.0,0.0,0.0,0.0,0.0,
2021-11-04T23:00:00Z,28.0,0.0,11.417,12.94,3.82,4.23,,,11.105,10.61,12.39,,,3.944,3.94,3.95,,,,-6.353,,,,-72.411,-69.43,10.45,,,0.0,33.607,33.4,33.8,,,-1.126,2662.0,2690.0,0.0,0.0,0.0,0.0,0.0,0.0,0.0,0.0,0.0,0.0,0.0,0.0,0.0,0.0,0.0,0.0,
2021-11-05T00:00:00Z,28.0,0.0,13.526,14.06,4.3,4.33,,,13.201,12.51,13.34,,,3.952,3.94,3.96,,,,-6.084,,,,-82.305,-76.99,12.559,,,0.0,33.564,33.4,33.7,,,-1.28,2691.0,2719.0,0.0,0.0,0.0,0.0,0.0,0.0,0.0,0.0,0.0,0.0,0.0,0.0,0.0,0.0,0.0,0.0,
2021-11-05T01:00:00Z,30.0,0.0,14.318,15.17,4.485,4.6,,,13.708,13.36,14.04,,,3.996,3.96,4.04,,,,-6.233,,,,-89.245,-82.85,13.039,,,0.0,33.77,33.6,33.9,,,-1.487,2720.0,2749.0,0.0,0.0,0.0,0.0,0.0,0.0,0.0,0.0,0.0,0.0,0.0,0.0,0.0,0.0,0.0,0.0,
2021-11-05T02:00:00Z,24.0,0.0,16.51,20.6,5.817,11.84,,,14.493,14.02,15.04,,,4.076,4.04,4.13,,,,-6.277,,,,-103.655,-91.13,13.796,,,0.0,34.067,33.8,34.6,,,-1.382,2750.0,2777.0,0.0,0.0,0.0,0.0,0.0,0.0,0.0,0.0,0.0,0.0,0.0,0.0,0.0,0.0,0.0,0.0,
2021-11-05T03:00:00Z,24.0,0.0,18.34,20.45,11.264,11.78,,,14.628,14.33,15.03,,,4.119,4.11,4.12,,,,-6.374,,,,-116.916,-99.28,13.937,,,0.0,34.592,34.4,34.6,,,-1.559,2778.0,2806.0,0.0,0.0,0.0,0.0,0.0,0.0,0.0,0.0,0.0,0.0,0.0,0.0,0.0,0.0,0.0,0.0,
2021-11-05T04:00:00Z,28.0,0.0,18.863,20.51,11.05,11.93,,,14.718,14.42,15.26,,,4.121,4.11,4.13,,,,-6.369,,,,-120.168,-98.98,14.032,,,0.0,34.811,34.6,35.0,,,-1.869,2807.0,2835.0,0.0,0.0,0.0,0.0,0.0,0.0,0.0,0.0,0.0,0.0,0.0,0.0,0.0,0.0,0.0,0.0,
2021-11-05T05:00:00Z,30.0,0.0,17.694,20.51,8.06,11.79,,,14.392,12.97,15.0,,,4.119,4.11,4.13,,,,-6.333,,,,-112.126,-82.97,13.708,,,1.302,35.197,34.9,35.4,,,-1.869,2836.0,2865.0,0.0,0.0,0.0,0.0,0.0,0.0,0.0,0.0,0.0,0.0,0.0,0.0,0.0,0.0,0.0,0.0,
2021-11-05T06:00:00Z,30.0,0.0,14.275,15.54,4.483,4.55,,,13.873,12.94,14.76,,,4.116,4.1,4.12,,,,-6.29,,,,-89.772,-82.68,13.215,,,3.224,35.333,35.1,35.7,,,-1.496,2866.0,2895.0,0.0,0.0,0.0,0.0,0.0,0.0,0.0,0.0,0.0,0.0,0.0,0.0,0.0,0.0,0.0,0.0,
2021-11-05T07:00:00Z,29.0,0.0,17.675,21.06,5.317,11.99,,,14.743,14.45,15.04,,,4.124,4.12,4.14,,,,-6.272,,,,-110.914,-92.14,14.066,,,0.0,35.948,35.7,36.4,,,-1.787,2896.0,2924.0,0.0,0.0,0.0,0.0,0.0,0.0,0.0,0.0,0.0,0.0,0.0,0.0,0.0,0.0,0.0,0.0,
2021-11-05T08:00:00Z,30.0,0.0,19.059,21.04,5.026,11.67,,,14.785,14.52,15.13,,,4.122,4.12,4.14,,,,-6.264,,,,-119.412,-98.37,14.106,,,2.361,36.277,36.2,36.4,,,-1.99,2925.0,2954.0,0.0,0.0,0.0,0.0,0.0,0.0,0.0,0.0,0.0,0.0,0.0,0.0,0.0,0.0,0.0,0.0,
2021-11-05T09:00:00Z,29.0,0.0,14.648,19.7,4.272,4.47,,,14.043,12.7,14.81,,,4.117,4.11,4.12,,,,-6.297,,,,-92.188,-82.54,13.382,,,5.153,36.1,35.9,36.3,,,-1.485,2955.0,2983.0,0.0,0.0,0.0,0.0,0.0,0.0,0.0,0.0,0.0,0.0,0.0,0.0,0.0,0.0,0.0,0.0,
2021-11-05T10:00:00Z,30.0,0.0,5.15,13.27,1.451,3.83,,,12.63,12.6,12.7,,,4.101,4.09,4.11,,,,-6.445,,,,-33.196,0.0,12.005,,,0.551,35.383,34.7,36.0,,,-0.553,2984.0,3013.0,0.0,0.0,0.0,0.0,0.0,0.0,0.0,0.0,0.0,0.0,0.0,0.0,0.0,0.0,0.0,0.0,
2021-11-05T11:00:00Z,30.0,0.0,0.0,0.0,0.0,0.0,,,12.634,12.61,12.66,,,4.084,4.07,4.1,,,,-6.437,,,,0.0,0.0,12.007,,,0.0,34.617,34.6,34.7,,,0.0,3014.0,3043.0,0.0,0.0,0.0,0.0,0.0,0.0,0.0,0.0,0.0,0.0,0.0,0.0,0.0,0.0,0.0,0.0,
2021-11-05T12:00:00Z,29.0,0.0,0.0,0.0,0.0,0.0,,,12.621,12.6,12.65,,,4.071,4.06,4.08,,,,-6.437,,,,0.0,0.0,11.992,,,0.252,34.579,34.5,34.6,,,0.0,3044.0,3072.0,0.0,0.0,0.0,0.0,0.0,0.0,0.0,0.0,0.0,0.0,0.0,0.0,0.0,0.0,0.0,0.0,
2021-11-05T13:00:00Z,30.0,0.0,0.0,0.0,0.0,0.0,,,12.61,12.58,12.63,,,4.056,4.05,4.06,,,,-6.429,,,,0.0,0.0,11.979,,,0.0,34.25,34.1,34.5,,,0.0,3073.0,3102.0,0.0,0.0,0.0,0.0,0.0,0.0,0.0,0.0,0.0,0.0,0.0,0.0,0.0,0.0,0.0,0.0,
2021-11-05T14:00:00Z,29.0,0.0,0.0,0.0,0.0,0.0,,,12.588,12.57,12.61,,,4.044,4.04,4.05,,,,-6.426,,,,0.0,0.0,11.956,,,0.177,33.869,33.7,34.1,,,0.0,3103.0,3131.0,0.0,0.0,0.0,0.0,0.0,0.0,0.0,0.0,0.0,0.0,0.0,0.0,0.0,0.0,0.0,0.0,
2021-11-05T15:00:00Z,29.0,0.0,0.0,0.0,0.0,0.0,,,11.269,10.2,12.57,,,4.033,4.03,4.04,,,,-6.503,,,,0.0,0.0,10.605,,,0.0,33.51,33.4,33.8,,,0.0,3132.0,3161.0,0.0,0.0,0.0,0.0,0.0,0.0,0.0,0.0,0.0,0.0,0.0,0.0,0.0,0.0,0.0,0.0,
2021-11-05T16:00:00Z,29.0,0.0,0.0,0.0,0.0,0.0,,,10.628,10.62,10.63,,,4.023,4.02,4.03,,,,-6.536,,,,0.0,0.0,9.948,,,0.0,33.317,33.2,33.4,,,0.0,3162.0,3190.0,0.0,0.0,0.0,0.0,0.0,0.0,0.0,0.0,0.0,0.0,0.0,0.0,0.0,0.0,0.0,0.0,
2021-11-05T17:00:00Z,29.0,0.0,0.0,0.0,0.0,0.0,,,10.63,10.62,10.64,,,4.011,4.01,4.02,,,,-6.536,,,,0.0,0.0,9.953,,,0.0,32.959,32.7,33.2,,,0.0,3191.0,3220.0,0.0,0.0,0.0,0.0,0.0,0.0,0.0,0.0,0.0,0.0,0.0,0.0,0.0,0.0,0.0,0.0,
2021-11-05T18:00:00Z,29.0,0.0,0.0,0.0,0.0,0.0,,,10.631,10.62,10.64,,,4.001,4.0,4.01,,,,-6.534,,,,0.0,0.0,9.955,,,0.0,32.507,32.4,32.7,,,0.0,3221.0,3249.0,0.0,0.0,0.0,0.0,0.0,0.0,0.0,0.0,0.0,0.0,0.0,0.0,0.0,0.0,0.0,0.0,
2021-11-05T19:00:00Z,30.0,0.0,0.0,0.0,0.0,0.0,,,10.629,10.62,10.64,,,3.996,3.99,4.0,,,,-6.53,,,,0.0,0.0,9.953,,,0.0,32.197,32.1,32.4,,,0.0,3250.0,3279.0,0.0,0.0,0.0,0.0,0.0,0.0,0.0,0.0,0.0,0.0,0.0,0.0,0.0,0.0,0.0,0.0,
2021-11-05T20:00:00Z,29.0,0.0,0.0,0.0,0.0,0.0,,,10.622,10.61,10.63,,,3.989,3.98,3.99,,,,-6.52,,,,0.0,0.0,9.935,,,0.0,32.083,32.0,32.1,,,0.0,3280.0,3308.0,0.0,0.0,0.0,0.0,0.0,0.0,0.0,0.0,0.0,0.0,0.0,0.0,0.0,0.0,0.0,0.0,
2021-11-05T21:00:00Z,30.0,0.0,0.0,0.0,0.0,0.0,,,10.604,10.6,10.61,,,3.98,3.98,3.98,,,,-6.519,,,,0.0,0.0,9.914,,,0.0,31.983,31.9,32.0,,,0.0,3309.0,3338.0,0.0,0.0,0.0,0.0,0.0,0.0,0.0,0.0,0.0,0.0,0.0,0.0,0.0,0.0,0.0,0.0,
2021-11-05T22:00:00Z,30.0,0.0,2.337,11.14,0.796,3.84,,,10.595,10.58,10.6,,,3.975,3.97,3.98,,,,-6.514,,,,-15.226,0.0,9.892,,,0.0,31.867,31.8,32.1,,,-0.254,3339.0,3368.0,0.0,0.0,0.0,0.0,0.0,0.0,0.0,0.0,0.0,0.0,0.0,0.0,0.0,0.0,0.0,0.0,
2021-11-05T23:00:00Z,29.0,0.0,11.717,13.33,4.052,4.35,,,11.382,10.61,12.88,,,3.971,3.96,3.98,,,,-6.33,,,,-74.125,-69.39,10.744,,,0.0,32.179,32.1,32.3,,,-1.194,3369.0,3397.0,0.0,0.0,0.0,0.0,0.0,0.0,0.0,0.0,0.0,0.0,0.0,0.0,0.0,0.0,0.0,0.0,
2021-11-06T00:00:00Z,30.0,0.0,13.853,14.65,4.413,4.47,,,13.326,12.98,13.58,,,3.997,3.98,4.02,,,,-6.233,,,,-86.348,-82.19,12.67,,,0.0,32.47,32.3,32.5,,,-1.439,3398.0,3427.0,0.0,0.0,0.0,0.0,0.0,0.0,0.0,0.0,0.0,0.0,0.0,0.0,0.0,0.0,0.0,0.0,
2021-11-06T01:00:00Z,29.0,0.0,14.929,19.27,5.056,11.63,,,14.012,13.6,14.81,,,4.066,4.03,4.12,,,,-6.268,,,,-93.573,-87.75,13.329,,,0.0,32.69,32.5,33.1,,,-1.508,3428.0,3456.0,0.0,0.0,0.0,0.0,0.0,0.0,0.0,0.0,0.0,0.0,0.0,0.0,0.0,0.0,0.0,0.0,
2021-11-06T02:00:00Z,30.0,0.0,18.55,20.65,11.627,11.75,,,14.6,14.29,15.03,,,4.115,4.11,4.12,,,,-6.368,,,,-118.143,-101.15,13.937,,,0.0,33.34,33.1,33.5,,,-1.969,3457.0,3486.0,0.0,0.0,0.0,0.0,0.0,0.0,0.0,0.0,0.0,0.0,0.0,0.0,0.0,0.0,0.0,0.0,
2021-11-06T03:00:00Z,30.0,0.0,19.284,20.27,11.647,11.81,,,14.627,14.33,15.22,,,4.12,4.12,4.12,,,,-6.371,,,,-122.879,-103.2,13.904,,,0.0,33.763,33.5,34.1,,,-2.048,3487.0,3516.0,0.0,0.0,0.0,0.0,0.0,0.0,0.0,0.0,0.0,0.0,0.0,0.0,0.0,0.0,0.0,0.0,
2021-11-06T04:00:00Z,29.0,0.0,18.501,20.57,10.414,11.89,,,14.64,14.06,15.15,,,4.118,4.1,4.12,,,,-6.357,,,,-117.692,-90.57,13.931,,,0.0,34.348,34.1,34.6,,,-1.896,3517.0,3545.0,0.0,0.0,0.0,0.0,0.0,0.0,0.0,0.0,0.0,0.0,0.0,0.0,0.0,0.0,0.0,0.0,
2021-11-06T05:00:00Z,30.0,0.0,17.903,20.52,7.315,11.98,,,14.681,14.42,15.17,,,4.12,4.11,4.13,,,,-6.303,,,,-112.931,-91.89,14.001,,,0.0,34.643,34.6,34.8,,,-1.882,3546.0,3575.0,0.0,0.0,0.0,0.0,0.0,0.0,0.0,0.0,0.0,0.0,0.0,0.0,0.0,0.0,0.0,0.0,
2021-11-06T06:00:00Z,29.0,0.0,18.894,20.8,10.965,12.21,,,14.724,14.44,15.15,,,4.134,4.12,4.14,,,,-6.37,,,,-120.392,-97.33,14.046,,,3.497,35.386,34.7,35.8,,,-1.94,3576.0,3604.0,0.0,0.0,0.0,0.0,0.0,0.0,0.0,0.0,0.0,0.0,0.0,0.0,0.0,0.0,0.0,0.0,
2021-11-06T07:00:00Z,30.0,0.0,19.716,20.75,8.026,11.8,,,14.678,14.42,15.12,,,4.125,4.12,4.13,,,,-6.323,,,,-124.661,-103.54,14.047,,,1.613,35.937,35.8,36.1,,,-2.078,3605.0,3634.0,0.0,0.0,0.0,0.0,0.0,0.0,0.0,0.0,0.0,0.0,0.0,0.0,0.0,0.0,0.0,0.0,
2021-11-06T08:00:00Z,30.0,0.0,19.089,20.88,4.52,4.56,,,14.826,14.63,15.07,,,4.12,4.12,4.12,,,,-6.257,,,,-119.443,-100.06,14.12,,,6.105,36.37,36.2,36.6,,,-1.991,3635.0,3664.0,0.0,0.0,0.0,0.0,0.0,0.0,0.0,0.0,0.0,0.0,0.0,0.0,0.0,0.0,0.0,0.0,
2021-11-06T09:00:00Z,29.0,0.0,16.126,20.64,4.384,4.46,,,14.292,13.18,14.84,,,4.116,4.11,4.12,,,,-6.279,,,,-101.234,-84.1,13.627,,,9.775,36.59,36.5,36.6,,,-1.631,3665.0,3693.0,0.0,0.0,0.0,0.0,0.0,0.0,0.0,0.0,0.0,0.0,0.0,0.0,0.0,0.0,0.0,0.0,
2021-11-06T10:00:00Z,30.0,0.0,5.091,13.8,1.585,4.25,,,12.669,12.6,13.09,,,4.103,4.09,4.11,,,,-6.451,,,,-32.811,0.0,12.038,,,11.469,36.17,35.6,36.6,,,-0.547,3694.0,3723.0,0.0,0.0,0.0,0.0,0.0,0.0,0.0,0.0,0.0,0.0,0.0,0.0,0.0,0.0,0.0,0.0,
2021-11-06T11:00:00Z,29.0,0.0,0.0,0.0,0.0,0.0,,,12.63,12.6,12.66,,,4.087,4.08,4.1,,,,-6.444,,,,0.0,0.0,12.007,,,9.637,35.59,35.4,35.7,,,0.0,3724.0,3752.0,0.0,0.0,0.0,0.0,0.0,0.0,0.0,0.0,0.0,0.0,0.0,0.0,0.0,0.0,0.0,0.0,
2021-11-06T12:00:00Z,30.0,0.0,0.0,0.0,0.0,0.0,,,12.622,12.6,12.65,,,4.075,4.07,4.08,,,,-6.447,,,,0.0,0.0,11.99,,,0.801,35.35,35.2,35.4,,,0.0,3753.0,3782.0,0.0,0.0,0.0,0.0,0.0,0.0,0.0,0.0,0.0,0.0,0.0,0.0,0.0,0.0,0.0,0.0,
2021-11-06T13:00:00Z,30.0,0.0,0.0,0.0,0.0,0.0,,,12.61,12.58,12.63,,,4.059,4.05,4.07,,,,-6.442,,,,0.0,0.0,11.98,,,0.0,35.073,35.0,35.2,,,0.0,3783.0,3812.0,0.0,0.0,0.0,0.0,0.0,0.0,0.0,0.0,0.0,0.0,0.0,0.0,0.0,0.0,0.0,0.0,
2021-11-06T14:00:00Z,29.0,0.0,0.0,0.0,0.0,0.0,,,12.588,12.55,12.61,,,4.047,4.04,4.05,,,,-6.436,,,,0.0,0.0,11.956,,,0.0,34.862,34.7,35.0,,,0.0,3813.0,3841.0,0.0,0.0,0.0,0.0,0.0,0.0,0.0,0.0,0.0,0.0,0.0,0.0,0.0,0.0,0.0,0.0,
2021-11-06T15:00:00Z,30.0,0.0,0.0,0.0,0.0,0.0,,,11.0,10.6,12.57,,,4.036,4.03,4.04,,,,-6.527,,,,0.0,0.0,10.328,,,0.0,34.617,34.6,34.7,,,0.0,3842.0,3871.0,0.0,0.0,0.0,0.0,0.0,0.0,0.0,0.0,0.0,0.0,0.0,0.0,0.0,0.0,0.0,0.0,
2021-11-06T16:00:00Z,29.0,0.0,0.0,0.0,0.0,0.0,,,10.627,10.62,10.64,,,4.028,4.02,4.03,,,,-6.547,,,,0.0,0.0,9.952,,,0.0,34.414,34.2,34.6,,,0.0,3872.0,3900.0,0.0,0.0,0.0,0.0,0.0,0.0,0.0,0.0,0.0,0.0,0.0,0.0,0.0,0.0,0.0,0.0,
2021-11-06T17:00:00Z,30.0,0.0,0.0,0.0,0.0,0.0,,,10.634,10.63,10.64,,,4.016,4.01,4.02,,,,-6.543,,,,0.0,0.0,9.96,,,0.0,34.107,33.9,34.2,,,0.0,3901.0,3930.0,0.0,0.0,0.0,0.0,0.0,0.0,0.0,0.0,0.0,0.0,0.0,0.0,0.0,0.0,0.0,0.0,
2021-11-06T18:00:00Z,29.0,0.0,0.0,0.0,0.0,0.0,,,10.633,10.63,10.64,,,4.008,4.0,4.01,,,,-6.539,,,,0.0,0.0,9.961,,,0.0,33.821,33.7,34.0,,,0.0,3931.0,3959.0,0.0,0.0,0.0,0.0,0.0,0.0,0.0,0.0,0.0,0.0,0.0,0.0,0.0,0.0,0.0,0.0,
2021-11-06T19:00:00Z,30.0,0.0,0.0,0.0,0.0,0.0,,,10.63,10.62,10.64,,,4.0,3.99,4.0,,,,-6.537,,,,0.0,0.0,9.954,,,0.0,33.527,33.4,33.7,,,0.0,3960.0,3989.0,0.0,0.0,0.0,0.0,0.0,0.0,0.0,0.0,0.0,0.0,0.0,0.0,0.0,0.0,0.0,0.0,
2021-11-06T20:00:00Z,29.0,0.0,0.0,0.0,0.0,0.0,,,10.617,10.61,10.63,,,3.992,3.99,4.0,,,,-6.535,,,,0.0,0.0,9.935,,,0.0,33.397,33.3,33.4,,,0.0,3990.0,4018.0,0.0,0.0,0.0,0.0,0.0,0.0,0.0,0.0,0.0,0.0,0.0,0.0,0.0,0.0,0.0,0.0,
2021-11-06T21:00:00Z,30.0,0.0,0.0,0.0,0.0,0.0,,,10.604,10.6,10.62,,,3.984,3.98,3.99,,,,-6.531,,,,0.0,0.0,9.915,,,0.0,33.3,33.2,33.4,,,0.0,4019.0,4048.0,0.0,0.0,0.0,0.0,0.0,0.0,0.0,0.0,0.0,0.0,0.0,0.0,0.0,0.0,0.0,0.0,
2021-11-06T22:00:00Z,30.0,0.0,2.176,11.17,0.689,3.82,,,10.592,10.58,10.6,,,3.979,3.97,3.98,,,,-6.532,,,,-14.2,0.0,9.893,,,0.0,33.127,33.0,33.3,,,-0.237,4049.0,4078.0,0.0,0.0,0.0,0.0,0.0,0.0,0.0,0.0,0.0,0.0,0.0,0.0,0.0,0.0,0.0,0.0,
2021-11-06T23:00:00Z,29.0,0.0,11.97,13.71,4.077,4.33,,,11.669,10.61,12.96,,,3.972,3.97,3.98,,,,-6.337,,,,-75.798,-69.9,11.024,,,0.0,33.455,33.4,33.6,,,-1.221,4079.0,4107.0,0.0,0.0,0.0,0.0,0.0,0.0,0.0,0.0,0.0,0.0,0.0,0.0,0.0,0.0,0.0,0.0,
2021-11-07T00:00:00Z,30.0,0.0,13.919,14.84,4.419,4.56,,,13.307,12.68,13.71,,,4.0,3.98,4.04,,,,-6.247,,,,-86.96,-80.19,12.647,,,0.0,33.677,33.6,33.8,,,-1.449,4108.0,4137.0,0.0,0.0,0.0,0.0,0.0,0.0,0.0,0.0,0.0,0.0,0.0,0.0,0.0,0.0,0.0,0.0,
2021-11-07T01:00:00Z,29.0,0.0,14.393,18.72,4.509,4.67,,,13.675,13.39,14.86,,,4.049,4.02,4.09,,,,-6.276,,,,-90.31,-86.26,13.005,,,0.0,33.703,33.6,33.8,,,-1.455,4138.0,4166.0,0.0,0.0,0.0,0.0,0.0,0.0,0.0,0.0,0.0,0.0,0.0,0.0,0.0,0.0,0.0,0.0,
2021-11-07T02:00:00Z,30.0,0.0,18.184,20.65,9.846,11.99,,,14.409,13.51,14.96,,,4.107,4.07,4.12,,,,-6.351,,,,-115.578,-86.65,13.771,,,0.0,34.213,33.8,34.6,,,-1.926,4167.0,4196.0,0.0,0.0,0.0,0.0,0.0,0.0,0.0,0.0,0.0,0.0,0.0,0.0,0.0,0.0,0.0,0.0,
2021-11-07T03:00:00Z,29.0,0.0,19.189,20.75,11.165,12.09,,,14.618,14.37,15.11,,,4.12,4.11,4.12,,,,-6.37,,,,-122.243,-101.2,13.913,,,0.0,34.6,34.6,34.6,,,-1.969,4197.0,4225.0,0.0,0.0,0.0,0.0,0.0,0.0,0.0,0.0,0.0,0.0,0.0,0.0,0.0,0.0,0.0,0.0,
2021-11-07T04:00:00Z,30.0,0.0,18.577,20.73,10.61,12.08,,,14.683,14.4,15.19,,,4.12,4.12,4.13,,,,-6.364,,,,-118.239,-99.82,13.981,,,0.0,34.867,34.6,35.1,,,-1.971,4226.0,4255.0,0.0,0.0,0.0,0.0,0.0,0.0,0.0,0.0,0.0,0.0,0.0,0.0,0.0,0.0,0.0,0.0,
2021-11-07T05:00:00Z,29.0,0.0,18.327,20.28,10.6,11.83,,,14.744,14.4,15.24,,,4.12,4.12,4.12,,,,-6.362,,,,-116.654,-99.34,14.014,,,0.0,35.434,35.1,35.7,,,-1.879,4256.0,4284.0,0.0,0.0,0.0,0.0,0.0,0.0,0.0,0.0,0.0,0.0,0.0,0.0,0.0,0.0,0.0,0.0,
2021-11-07T06:00:00Z,30.0,0.0,16.695,20.44,4.549,4.56,,,14.793,14.64,14.85,,,4.12,4.12,4.12,,,,-6.253,,,,-104.392,-98.28,14.106,,,7.963,35.83,35.6,36.2,,,-1.74,4285.0,4314.0,0.0,0.0,0.0,0.0,0.0,0.0,0.0,0.0,0.0,0.0,0.0,0.0,0.0,0.0,0.0,0.0,
2021-11-07T07:00:00Z,29.0,0.0,16.359,20.67,4.525,4.56,,,14.729,14.4,14.84,,,4.12,4.12,4.12,,,,-6.26,,,,-102.416,-92.78,14.041,,,5.928,36.293,36.2,36.4,,,-1.65,4315.0,4343.0,0.0,0.0,0.0,0.0,0.0,0.0,0.0,0.0,0.0,0.0,0.0,0.0,0.0,0.0,0.0,0.0,
2021-11-07T08:00:00Z,26.0,0.0,14.596,15.27,4.468,4.48,,,14.049,13.81,14.33,,,4.12,4.12,4.12,,,,-6.291,,,,-91.818,-88.48,13.407,,,0.0,36.462,36.3,36.6,,,-1.326,4344.0,4372.0,0.0,0.0,0.0,0.0,0.0,0.0,0.0,0.0,0.0,0.0,0.0,0.0,0.0,0.0,0.0,0.0,
2021-11-07T09:00:00Z,29.0,0.0,13.636,14.6,4.332,4.46,,,13.328,12.71,13.81,,,4.114,4.1,4.12,,,,-6.327,,,,-86.284,-82.22,12.684,,,4.239,36.572,36.5,36.6,,,-1.39,4373.0,4401.0,0.0,0.0,0.0,0.0,0.0,0.0,0.0,0.0,0.0,0.0,0.0,0.0,0.0,0.0,0.0,0.0,
2021-11-07T10:00:00Z,24.0,0.0,4.778,13.34,1.396,3.98,,,12.629,12.6,12.68,,,4.087,4.08,4.1,,,,-6.445,,,,-30.793,0.0,12.005,,,7.729,36.129,35.5,36.7,,,-0.411,4403.0,4430.0,0.0,0.0,0.0,0.0,0.0,0.0,0.0,0.0,0.0,0.0,0.0,0.0,0.0,0.0,0.0,0.0,
2021-11-07T11:00:00Z,23.0,0.0,0.0,0.0,0.032,0.74,,,12.63,12.6,12.66,,,4.064,4.05,4.08,,,,-6.441,,,,0.0,0.0,11.995,,,2.98,35.348,35.2,35.5,,,0.0,4431.0,4459.0,0.0,0.0,0.0,0.0,0.0,0.0,0.0,0.0,0.0,0.0,0.0,0.0,0.0,0.0,0.0,0.0,
2021-11-07T12:00:00Z,28.0,0.0,0.0,0.0,0.0,0.0,,,12.621,12.6,12.64,,,4.045,4.04,4.05,,,,-6.436,,,,0.0,0.0,11.992,,,0.0,35.064,35.0,35.2,,,0.0,4460.0,4488.0,0.0,0.0,0.0,0.0,0.0,0.0,0.0,0.0,0.0,0.0,0.0,0.0,0.0,0.0,0.0,0.0,
2021-11-07T13:00:00Z,29.0,0.0,0.0,0.0,0.0,0.0,,,12.601,12.58,12.63,,,4.033,4.03,4.04,,,,-6.436,,,,0.0,0.0,11.971,,,0.0,34.817,34.7,35.0,,,0.0,4489.0,4518.0,0.0,0.0,0.0,0.0,0.0,0.0,0.0,0.0,0.0,0.0,0.0,0.0,0.0,0.0,0.0,0.0,
2021-11-07T14:00:00Z,25.0,0.0,0.0,0.0,0.0,0.0,,,12.016,10.49,12.59,,,4.022,4.01,4.03,,,,-6.468,,,,0.0,0.0,11.371,,,0.0,34.624,34.6,34.7,,,0.0,4519.0,4546.0,0.0,0.0,0.0,0.0,0.0,0.0,0.0,0.0,0.0,0.0,0.0,0.0,0.0,0.0,0.0,0.0,
2021-11-07T15:00:00Z,23.0,0.0,0.0,0.0,0.0,0.0,,,10.629,10.61,10.64,,,4.006,4.0,4.01,,,,-6.544,,,,0.0,0.0,9.951,,,0.0,34.504,34.3,34.6,,,0.0,4547.0,4574.0,0.0,0.0,0.0,0.0,0.0,0.0,0.0,0.0,0.0,0.0,0.0,0.0,0.0,0.0,0.0,0.0,
2021-11-07T16:00:00Z,24.0,0.0,0.0,0.0,0.0,0.0,,,10.633,10.63,10.64,,,3.993,3.98,4.0,,,,-6.542,,,,0.0,0.0,9.962,,,0.0,34.163,34.0,34.3,,,0.0,4576.0,4604.0,0.0,0.0,0.0,0.0,0.0,0.0,0.0,0.0,0.0,0.0,0.0,0.0,0.0,0.0,0.0,0.0,
2021-11-07T17:00:00Z,29.0,0.0,0.0,0.0,0.0,0.0,,,10.64,10.63,10.65,,,3.981,3.98,3.99,,,,-6.534,,,,0.0,0.0,9.966,,,0.0,33.855,33.7,34.0,,,0.0,4605.0,4633.0,0.0,0.0,0.0,0.0,0.0,0.0,0.0,0.0,0.0,0.0,0.0,0.0,0.0,0.0,0.0,0.0,
2021-11-07T18:00:00Z,30.0,0.0,0.0,0.0,0.0,0.0,,,10.636,10.63,10.65,,,3.977,3.97,3.98,,,,-6.53,,,,0.0,0.0,9.963,,,0.0,33.593,33.4,33.7,,,0.0,4634.0,4663.0,0.0,0.0,0.0,0.0,0.0,0.0,0.0,0.0,0.0,0.0,0.0,0.0,0.0,0.0,0.0,0.0,
2021-11-07T19:00:00Z,28.0,0.0,0.0,0.0,0.0,0.0,,,10.625,10.61,10.64,,,3.97,3.97,3.98,,,,-6.53,,,,0.0,0.0,9.951,,,0.0,33.404,33.4,33.5,,,0.0,4664.0,4692.0,0.0,0.0,0.0,0.0,0.0,0.0,0.0,0.0,0.0,0.0,0.0,0.0,0.0,0.0,0.0,0.0,
2021-11-07T20:00:00Z,28.0,0.0,0.0,0.0,0.0,0.0,,,10.613,10.6,10.63,,,3.963,3.96,3.97,,,,-6.527,,,,0.0,0.0,9.93,,,0.0,33.332,33.3,33.4,,,0.0,4693.0,4722.0,0.0,0.0,0.0,0.0,0.0,0.0,0.0,0.0,0.0,0.0,0.0,0.0,0.0,0.0,0.0,0.0,
2021-11-07T21:00:00Z,30.0,0.0,0.0,0.0,0.0,0.0,,,10.601,10.59,10.62,,,3.959,3.95,3.96,,,,-6.529,,,,0.0,0.0,9.91,,,0.0,33.17,33.0,33.3,,,0.0,4723.0,4752.0,0.0,0.0,0.0,0.0,0.0,0.0,0.0,0.0,0.0,0.0,0.0,0.0,0.0,0.0,0.0,0.0,
2021-11-07T22:00:00Z,29.0,0.0,2.681,10.7,1.006,3.81,,,10.591,10.58,10.6,,,3.952,3.95,3.96,,,,-6.53,,,,-17.503,0.0,9.888,,,0.0,32.993,32.8,33.3,,,-0.282,4753.0,4781.0,0.0,0.0,0.0,0.0,0.0,0.0,0.0,0.0,0.0,0.0,0.0,0.0,0.0,0.0,0.0,0.0,
2021-11-07T23:00:00Z,30.0,0.0,11.979,13.53,4.122,4.3,,,11.672,10.6,13.08,,,3.945,3.94,3.95,,,,-6.185,,,,-74.03,-69.04,11.03,,,0.0,33.397,33.3,33.4,,,-1.234,4782.0,4811.0,0.0,0.0,0.0,0.0,0.0,0.0,0.0,0.0,0.0,0.0,0.0,0.0,0.0,0.0,0.0,0.0,
2021-11-08T00:00:00Z,29.0,0.0,13.876,14.9,4.378,4.55,,,13.368,13.2,13.77,,,3.971,3.95,4.01,,,,-6.174,,,,-85.694,-81.58,12.709,,,0.0,33.448,33.4,33.7,,,-1.381,4812.0,4840.0,0.0,0.0,0.0,0.0,0.0,0.0,0.0,0.0,0.0,0.0,0.0,0.0,0.0,0.0,0.0,0.0,
2021-11-08T01:00:00Z,30.0,0.0,15.568,20.93,4.599,4.69,,,14.248,13.77,14.92,,,4.05,4.01,4.11,,,,-6.257,,,,-97.403,-89.22,13.561,,,0.0,33.677,33.6,33.8,,,-1.623,4841.0,4870.0,0.0,0.0,0.0,0.0,0.0,0.0,0.0,0.0,0.0,0.0,0.0,0.0,0.0,0.0,0.0,0.0,
2021-11-08T02:00:00Z,30.0,0.0,18.425,21.0,10.205,12.2,,,14.587,13.79,15.22,,,4.112,4.09,4.12,,,,-6.345,,,,-116.984,-90.76,13.899,,,0.101,34.263,33.8,34.5,,,-1.95,4871.0,4900.0,0.0,0.0,0.0,0.0,0.0,0.0,0.0,0.0,0.0,0.0,0.0,0.0,0.0,0.0,0.0,0.0,
2021-11-08T03:00:00Z,29.0,0.0,18.32,20.74,11.124,12.11,,,14.74,14.06,15.21,,,4.119,4.1,4.12,,,,-6.361,,,,-116.592,-89.52,13.943,,,0.0,34.617,34.5,34.8,,,-1.878,4901.0,4929.0,0.0,0.0,0.0,0.0,0.0,0.0,0.0,0.0,0.0,0.0,0.0,0.0,0.0,0.0,0.0,0.0,
2021-11-08T04:00:00Z,30.0,0.0,19.064,20.51,11.393,12.02,,,14.673,14.12,15.2,,,4.122,4.1,4.13,,,,-6.377,,,,-121.622,-89.76,14.025,,,1.049,35.09,34.8,35.4,,,-2.027,4930.0,4959.0,0.0,0.0,0.0,0.0,0.0,0.0,0.0,0.0,0.0,0.0,0.0,0.0,0.0,0.0,0.0,0.0,
2021-11-08T05:00:00Z,29.0,0.0,18.309,20.81,9.837,12.17,,,14.633,13.9,15.24,,,4.121,4.1,4.13,,,,-6.355,,,,-116.45,-90.7,13.914,,,0.0,35.669,35.4,35.8,,,-1.876,4960.0,4988.0,0.0,0.0,0.0,0.0,0.0,0.0,0.0,0.0,0.0,0.0,0.0,0.0,0.0,0.0,0.0,0.0,
2021-11-08T06:00:00Z,30.0,0.0,19.186,20.6,11.282,11.94,,,14.664,14.41,15.15,,,4.125,4.11,4.13,,,,-6.382,,,,-122.492,-97.93,13.94,,,2.506,36.277,35.9,36.6,,,-2.042,4989.0,5018.0,0.0,0.0,0.0,0.0,0.0,0.0,0.0,0.0,0.0,0.0,0.0,0.0,0.0,0.0,0.0,0.0,
2021-11-08T07:00:00Z,29.0,0.0,19.141,20.84,8.879,11.64,,,14.737,14.39,15.19,,,4.125,4.12,4.13,,,,-6.344,,,,-121.432,-102.17,14.073,,,1.123,36.855,36.6,37.1,,,-1.956,5019.0,5047.0,0.0,0.0,0.0,0.0,0.0,0.0,0.0,0.0,0.0,0.0,0.0,0.0,0.0,0.0,0.0,0.0,
2021-11-08T08:00:00Z,30.0,0.0,19.323,20.9,4.503,4.58,,,14.766,14.6,15.1,,,4.12,4.12,4.12,,,,-6.267,,,,-121.097,-99.86,14.104,,,4.515,37.2,37.0,37.4,,,-2.018,5048.0,5077.0,0.0,0.0,0.0,0.0,0.0,0.0,0.0,0.0,0.0,0.0,0.0,0.0,0.0,0.0,0.0,0.0,
2021-11-08T09:00:00Z,30.0,0.0,16.011,20.8,3.8,4.4,,,14.265,13.35,14.88,,,4.111,4.1,4.12,,,,-6.354,,,,-101.621,-87.78,13.618,,,10.12,37.42,37.3,37.5,,,-1.694,5078.0,5107.0,0.0,0.0,0.0,0.0,0.0,0.0,0.0,0.0,0.0,0.0,0.0,0.0,0.0,0.0,0.0,0.0,
2021-11-08T10:00:00Z,29.0,0.0,5.12,13.82,1.47,3.82,,,12.69,12.59,13.19,,,4.094,4.08,4.1,,,,-6.453,,,,-33.047,0.0,12.067,,,9.109,37.09,36.6,37.5,,,-0.532,5108.0,5136.0,0.0,0.0,0.0,0.0,0.0,0.0,0.0,0.0,0.0,0.0,0.0,0.0,0.0,0.0,0.0,0.0,
2021-11-08T11:00:00Z,30.0,0.0,0.0,0.0,0.0,0.0,,,12.634,12.61,12.66,,,4.077,4.07,4.08,,,,-6.453,,,,0.0,0.0,12.006,,,0.506,36.433,36.3,36.6,,,0.0,5137.0,5166.0,0.0,0.0,0.0,0.0,0.0,0.0,0.0,0.0,0.0,0.0,0.0,0.0,0.0,0.0,0.0,0.0,
2021-11-08T12:00:00Z,29.0,0.0,0.0,0.0,0.0,0.0,,,12.624,12.6,12.65,,,4.063,4.06,4.07,,,,-6.452,,,,0.0,0.0,11.995,,,0.0,36.255,36.2,36.4,,,0.0,5167.0,5195.0,0.0,0.0,0.0,0.0,0.0,0.0,0.0,0.0,0.0,0.0,0.0,0.0,0.0,0.0,0.0,0.0,
2021-11-08T13:00:00Z,30.0,0.0,0.0,0.0,0.0,0.0,,,12.603,12.57,12.63,,,4.051,4.05,4.06,,,,-6.445,,,,0.0,0.0,11.976,,,0.0,36.093,36.0,36.2,,,0.0,5196.0,5225.0,0.0,0.0,0.0,0.0,0.0,0.0,0.0,0.0,0.0,0.0,0.0,0.0,0.0,0.0,0.0,0.0,
2021-11-08T14:00:00Z,29.0,0.0,0.0,0.0,0.0,0.0,,,12.582,12.56,12.6,,,4.041,4.03,4.05,,,,-6.443,,,,0.0,0.0,11.952,,,0.0,35.859,35.8,36.0,,,0.0,5226.0,5254.0,0.0,0.0,0.0,0.0,0.0,0.0,0.0,0.0,0.0,0.0,0.0,0.0,0.0,0.0,0.0,0.0,
2021-11-08T15:00:00Z,30.0,0.0,0.0,0.0,0.0,0.0,,,11.186,10.59,12.57,,,4.03,4.02,4.04,,,,-6.524,,,,0.0,0.0,10.522,,,0.0,35.54,35.3,35.8,,,0.0,5255.0,5284.0,0.0,0.0,0.0,0.0,0.0,0.0,0.0,0.0,0.0,0.0,0.0,0.0,0.0,0.0,0.0,0.0,
2021-11-08T16:00:00Z,29.0,0.0,0.0,0.0,0.0,0.0,,,10.629,10.62,10.64,,,4.018,4.01,4.02,,,,-6.553,,,,0.0,0.0,9.953,,,0.0,35.083,35.0,35.3,,,0.0,5285.0,5313.0,0.0,0.0,0.0,0.0,0.0,0.0,0.0,0.0,0.0,0.0,0.0,0.0,0.0,0.0,0.0,0.0,
2021-11-08T17:00:00Z,30.0,0.0,0.0,0.0,0.0,0.0,,,10.633,10.63,10.64,,,4.01,4.01,4.01,,,,-6.547,,,,0.0,0.0,9.961,,,0.0,34.767,34.6,34.9,,,0.0,5314.0,5343.0,0.0,0.0,0.0,0.0,0.0,0.0,0.0,0.0,0.0,0.0,0.0,0.0,0.0,0.0,0.0,0.0,
2021-11-08T18:00:00Z,29.0,0.0,0.0,0.0,0.0,0.0,,,10.633,10.63,10.64,,,4.0,4.0,4.01,,,,-6.543,,,,0.0,0.0,9.962,,,0.0,34.6,34.6,34.6,,,0.0,5344.0,5372.0,0.0,0.0,0.0,0.0,0.0,0.0,0.0,0.0,0.0,0.0,0.0,0.0,0.0,0.0,0.0,0.0,
2021-11-08T19:00:00Z,30.0,0.0,0.0,0.0,0.0,0.0,,,10.63,10.62,10.64,,,3.993,3.99,4.0,,,,-6.539,,,,0.0,0.0,9.956,,,0.0,34.433,34.2,34.6,,,0.0,5373.0,5402.0,0.0,0.0,0.0,0.0,0.0,0.0,0.0,0.0,0.0,0.0,0.0,0.0,0.0,0.0,0.0,0.0,
2021-11-08T20:00:00Z,30.0,0.0,0.0,0.0,0.0,0.0,,,10.619,10.61,10.63,,,3.985,3.98,3.99,,,,-6.538,,,,0.0,0.0,9.939,,,0.0,34.153,34.0,34.3,,,0.0,5403.0,5432.0,0.0,0.0,0.0,0.0,0.0,0.0,0.0,0.0,0.0,0.0,0.0,0.0,0.0,0.0,0.0,0.0,
2021-11-08T21:00:00Z,29.0,0.0,0.0,0.0,0.0,0.0,,,10.601,10.6,10.61,,,3.98,3.98,3.98,,,,-6.536,,,,0.0,0.0,9.913,,,0.0,33.872,33.8,34.0,,,0.0,5433.0,5461.0,0.0,0.0,0.0,0.0,0.0,0.0,0.0,0.0,0.0,0.0,0.0,0.0,0.0,0.0,0.0,0.0,
2021-11-08T22:00:00Z,30.0,0.0,2.687,11.33,0.867,3.89,,,10.597,10.58,10.64,,,3.972,3.97,3.98,,,,-6.533,,,,-17.543,0.0,9.899,,,0.0,33.7,33.5,34.1,,,-0.292,5462.0,5491.0,0.0,0.0,0.0,0.0,0.0,0.0,0.0,0.0,0.0,0.0,0.0,0.0,0.0,0.0,0.0,0.0,
2021-11-08T23:00:00Z,29.0,0.0,11.693,12.46,4.057,4.25,,,11.318,10.66,12.01,,,3.962,3.96,3.97,,,,-6.325,,,,-73.906,-70.39,10.671,,,0.0,34.221,34.2,34.3,,,-1.191,5492.0,5520.0,0.0,0.0,0.0,0.0,0.0,0.0,0.0,0.0,0.0,0.0,0.0,0.0,0.0,0.0,0.0,0.0,
2021-11-09T00:00:00Z,30.0,0.0,13.564,14.28,4.358,4.45,,,13.008,12.07,13.37,,,3.981,3.96,3.99,,,,-6.239,,,,-84.606,-76.43,12.36,,,0.0,34.327,34.2,34.6,,,-1.41,5521.0,5550.0,0.0,0.0,0.0,0.0,0.0,0.0,0.0,0.0,0.0,0.0,0.0,0.0,0.0,0.0,0.0,0.0,
2021-11-09T01:00:00Z,29.0,0.0,13.839,14.42,4.401,4.47,,,13.381,13.26,13.54,,,4.004,3.99,4.01,,,,-6.25,,,,-86.485,-83.55,12.727,,,0.0,34.293,34.2,34.4,,,-1.393,5551.0,5579.0,0.0,0.0,0.0,0.0,0.0,0.0,0.0,0.0,0.0,0.0,0.0,0.0,0.0,0.0,0.0,0.0,
2021-11-09T02:00:00Z,30.0,0.0,13.888,14.39,4.459,4.47,,,13.456,13.42,13.51,,,4.035,4.02,4.04,,,,-6.283,,,,-87.256,-85.38,12.808,,,0.0,34.35,34.3,34.4,,,-1.454,5580.0,5609.0,0.0,0.0,0.0,0.0,0.0,0.0,0.0,0.0,0.0,0.0,0.0,0.0,0.0,0.0,0.0,0.0,
2021-11-09T03:00:00Z,28.0,0.0,14.035,14.54,4.509,4.53,,,13.58,13.48,13.64,,,4.076,4.05,4.09,,,,-6.296,,,,-88.378,-86.22,12.927,,,0.0,34.479,34.4,34.6,,,-1.375,5610.0,5638.0,0.0,0.0,0.0,0.0,0.0,0.0,0.0,0.0,0.0,0.0,0.0,0.0,0.0,0.0,0.0,0.0,
2021-11-09T04:00:00Z,30.0,0.0,15.293,20.37,5.947,11.54,,,14.302,13.6,14.82,,,4.117,4.1,4.13,,,,-6.293,,,,-96.257,-87.15,13.634,,,0.0,34.64,34.6,34.9,,,-1.604,5639.0,5668.0,0.0,0.0,0.0,0.0,0.0,0.0,0.0,0.0,0.0,0.0,0.0,0.0,0.0,0.0,0.0,0.0,
2021-11-09T05:00:00Z,27.0,0.0,16.973,20.54,7.404,11.71,,,14.732,14.41,14.87,,,4.121,4.12,4.13,,,,-6.302,,,,-107.003,-98.08,14.019,,,0.0,34.933,34.9,35.0,,,-1.605,5669.0,5697.0,0.0,0.0,0.0,0.0,0.0,0.0,0.0,0.0,0.0,0.0,0.0,0.0,0.0,0.0,0.0,0.0,
2021-11-09T06:00:00Z,25.0,0.0,17.86,20.54,7.84,11.62,,,14.667,14.36,14.88,,,4.122,4.12,4.13,,,,-6.316,,,,-112.84,-97.9,13.976,,,0.0,35.172,35.0,35.4,,,-1.567,5698.0,5725.0,0.0,0.0,0.0,0.0,0.0,0.0,0.0,0.0,0.0,0.0,0.0,0.0,0.0,0.0,0.0,0.0,
2021-11-09T07:00:00Z,26.0,0.0,16.011,20.45,4.567,4.59,,,14.789,14.6,14.84,,,4.12,4.12,4.12,,,,-6.25,,,,-100.072,-97.24,14.083,,,0.0,35.323,35.1,35.5,,,-1.445,5726.0,5754.0,0.0,0.0,0.0,0.0,0.0,0.0,0.0,0.0,0.0,0.0,0.0,0.0,0.0,0.0,0.0,0.0,
2021-11-09T08:00:00Z,23.0,0.0,16.036,20.78,4.517,4.57,,,14.604,14.27,14.88,,,4.12,4.12,4.12,,,,-6.261,,,,-100.389,-90.94,13.927,,,0.0,35.617,35.5,35.7,,,-1.283,5755.0,5783.0,0.0,0.0,0.0,0.0,0.0,0.0,0.0,0.0,0.0,0.0,0.0,0.0,0.0,0.0,0.0,0.0,
2021-11-09T09:00:00Z,25.0,0.0,13.725,15.03,4.174,4.46,,,13.416,12.65,14.22,,,4.109,4.09,4.12,,,,-6.338,,,,-86.966,-81.75,12.778,,,0.0,35.736,35.7,35.8,,,-1.208,5784.0,5812.0,0.0,0.0,0.0,0.0,0.0,0.0,0.0,0.0,0.0,0.0,0.0,0.0,0.0,0.0,0.0,0.0,
2021-11-09T10:00:00Z,22.0,0.0,3.605,13.18,1.31,3.95,,,12.628,12.6,12.66,,,4.083,4.07,4.1,,,,-6.445,,,,-23.246,0.0,11.999,,,0.0,35.227,34.7,35.8,,,-0.284,5813.0,5840.0,0.0,0.0,0.0,0.0,0.0,0.0,0.0,0.0,0.0,0.0,0.0,0.0,0.0,0.0,0.0,0.0,
2021-11-09T11:00:00Z,27.0,0.0,0.0,0.0,0.0,0.0,,,12.621,12.6,12.64,,,4.057,4.05,4.06,,,,-6.437,,,,0.0,0.0,11.994,,,0.0,34.641,34.6,34.7,,,0.0,5843.0,5869.0,0.0,0.0,0.0,0.0,0.0,0.0,0.0,0.0,0.0,0.0,0.0,0.0,0.0,0.0,0.0,0.0,
2021-11-09T12:00:00Z,30.0,0.0,0.0,0.0,0.0,0.0,,,12.611,12.58,12.63,,,4.047,4.04,4.05,,,,-6.435,,,,0.0,0.0,11.98,,,0.0,34.607,34.6,34.7,,,0.0,5870.0,5899.0,0.0,0.0,0.0,0.0,0.0,0.0,0.0,0.0,0.0,0.0,0.0,0.0,0.0,0.0,0.0,0.0,
2021-11-09T13:00:00Z,30.0,0.0,0.0,0.0,0.0,0.0,,,12.593,12.57,12.61,,,4.037,4.03,4.04,,,,-6.435,,,,0.0,0.0,11.964,,,0.0,34.6,34.6,34.6,,,0.0,5900.0,5929.0,0.0,0.0,0.0,0.0,0.0,0.0,0.0,0.0,0.0,0.0,0.0,0.0,0.0,0.0,0.0,0.0,
2021-11-09T14:00:00Z,29.0,0.0,0.0,0.0,0.0,0.0,,,12.571,12.55,12.6,,,4.029,4.02,4.03,,,,-6.432,,,,0.0,0.0,11.944,,,0.0,34.555,34.4,34.6,,,0.0,5930.0,5958.0,0.0,0.0,0.0,0.0,0.0,0.0,0.0,0.0,0.0,0.0,0.0,0.0,0.0,0.0,0.0,0.0,
2021-11-09T15:00:00Z,30.0,0.0,0.0,0.0,0.0,0.0,,,11.18,10.43,12.56,,,4.017,4.01,4.03,,,,-6.513,,,,0.0,0.0,10.513,,,0.0,34.303,34.1,34.5,,,0.0,5959.0,5988.0,0.0,0.0,0.0,0.0,0.0,0.0,0.0,0.0,0.0,0.0,0.0,0.0,0.0,0.0,0.0,0.0,
2021-11-09T16:00:00Z,29.0,0.0,0.0,0.0,0.0,0.0,,,10.613,10.6,10.62,,,4.01,4.01,4.01,,,,-6.546,,,,0.0,0.0,9.931,,,0.0,34.017,33.9,34.2,,,0.0,5989.0,6017.0,0.0,0.0,0.0,0.0,0.0,0.0,0.0,0.0,0.0,0.0,0.0,0.0,0.0,0.0,0.0,0.0,
2021-11-09T17:00:00Z,29.0,0.0,0.0,0.0,0.0,0.0,,,10.614,10.6,10.63,,,4.001,4.0,4.01,,,,-6.545,,,,0.0,0.0,9.932,,,0.0,33.769,33.7,33.9,,,0.0,6018.0,6047.0,0.0,0.0,0.0,0.0,0.0,0.0,0.0,0.0,0.0,0.0,0.0,0.0,0.0,0.0,0.0,0.0,
2021-11-09T18:00:00Z,29.0,0.0,0.0,0.0,0.0,0.0,,,10.616,10.61,10.62,,,3.994,3.99,4.0,,,,-6.54,,,,0.0,0.0,9.934,,,0.0,33.572,33.4,33.7,,,0.0,6048.0,6076.0,0.0,0.0,0.0,0.0,0.0,0.0,0.0,0.0,0.0,0.0,0.0,0.0,0.0,0.0,0.0,0.0,
2021-11-09T19:00:00Z,30.0,0.0,0.0,0.0,0.0,0.0,,,10.615,10.6,10.63,,,3.986,3.98,3.99,,,,-6.538,,,,0.0,0.0,9.934,,,0.045,33.413,33.4,33.5,,,0.0,6077.0,6106.0,0.0,0.0,0.0,0.0,0.0,0.0,0.0,0.0,0.0,0.0,0.0,0.0,0.0,0.0,0.0,0.0,
2021-11-09T20:00:00Z,30.0,0.0,0.0,0.0,0.0,0.0,,,10.611,10.6,10.62,,,3.98,3.97,3.98,,,,-6.532,,,,0.0,0.0,9.927,,,0.0,33.323,33.3,33.4,,,0.0,6107.0,6136.0,0.0,0.0,0.0,0.0,0.0,0.0,0.0,0.0,0.0,0.0,0.0,0.0,0.0,0.0,0.0,0.0,
2021-11-09T21:00:00Z,29.0,0.0,0.0,0.0,0.0,0.0,,,10.6,10.59,10.61,,,3.974,3.97,3.98,,,,-6.532,,,,0.0,0.0,9.909,,,0.0,33.131,33.0,33.3,,,0.0,6137.0,6165.0,0.0,0.0,0.0,0.0,0.0,0.0,0.0,0.0,0.0,0.0,0.0,0.0,0.0,0.0,0.0,0.0,
2021-11-09T22:00:00Z,30.0,0.0,1.015,5.99,0.42,2.53,,,10.586,10.57,10.6,,,3.969,3.96,3.97,,,,-6.53,,,,-6.624,0.0,9.885,,,0.0,32.843,32.7,33.0,,,-0.11,6166.0,6195.0,0.0,0.0,0.0,0.0,0.0,0.0,0.0,0.0,0.0,0.0,0.0,0.0,0.0,0.0,0.0,0.0,
2021-11-09T23:00:00Z,29.0,0.0,11.138,12.22,3.782,4.18,,,10.934,10.57,11.63,,,3.96,3.95,3.97,,,,-6.396,,,,-71.164,-53.57,10.276,,,0.0,33.359,33.0,33.4,,,-1.147,6196.0,6224.0,0.0,0.0,0.0,0.0,0.0,0.0,0.0,0.0,0.0,0.0,0.0,0.0,0.0,0.0,0.0,0.0,
2021-11-10T00:00:00Z,30.0,0.0,12.766,13.8,4.255,4.32,,,12.507,11.65,13.17,,,3.958,3.95,3.97,,,,-6.145,,,,-78.454,-72.37,11.868,,,0.0,33.4,33.4,33.4,,,-1.308,6225.0,6254.0,0.0,0.0,0.0,0.0,0.0,0.0,0.0,0.0,0.0,0.0,0.0,0.0,0.0,0.0,0.0,0.0,
2021-11-10T01:00:00Z,30.0,0.0,13.951,14.48,4.423,4.48,,,13.412,13.17,13.57,,,3.992,3.97,4.02,,,,-6.231,,,,-86.925,-82.69,12.755,,,0.0,33.4,33.4,33.4,,,-1.449,6255.0,6284.0,0.0,0.0,0.0,0.0,0.0,0.0,0.0,0.0,0.0,0.0,0.0,0.0,0.0,0.0,0.0,0.0,
2021-11-10T02:00:00Z,29.0,0.0,14.589,20.3,4.556,4.68,,,13.81,13.57,14.73,,,4.052,4.02,4.11,,,,-6.278,,,,-91.569,-86.53,13.145,,,0.0,33.4,33.4,33.4,,,-1.475,6285.0,6313.0,0.0,0.0,0.0,0.0,0.0,0.0,0.0,0.0,0.0,0.0,0.0,0.0,0.0,0.0,0.0,0.0,
2021-11-10T03:00:00Z,30.0,0.0,18.257,20.72,11.525,12.22,,,14.639,14.18,15.09,,,4.116,4.11,4.12,,,,-6.368,,,,-116.309,-99.45,13.964,,,0.0,33.933,33.5,34.1,,,-1.938,6314.0,6343.0,0.0,0.0,0.0,0.0,0.0,0.0,0.0,0.0,0.0,0.0,0.0,0.0,0.0,0.0,0.0,0.0,
2021-11-10T04:00:00Z,26.0,0.0,16.321,20.49,5.122,11.26,,,14.775,14.6,14.86,,,4.118,4.11,4.12,,,,-6.25,,,,-101.977,-97.44,14.059,,,0.0,34.004,33.8,34.2,,,-1.473,6344.0,6372.0,0.0,0.0,0.0,0.0,0.0,0.0,0.0,0.0,0.0,0.0,0.0,0.0,0.0,0.0,0.0,0.0,
2021-11-10T05:00:00Z,20.0,0.0,17.904,20.55,10.46,11.96,,,14.679,14.36,14.96,,,4.121,4.11,4.13,,,,-6.354,,,,-113.79,-98.84,13.988,,,1.664,34.53,34.2,34.7,,,-1.264,6373.0,6400.0,0.0,0.0,0.0,0.0,0.0,0.0,0.0,0.0,0.0,0.0,0.0,0.0,0.0,0.0,0.0,0.0,
2021-11-10T06:00:00Z,24.0,0.0,18.703,21.08,8.966,12.02,,,14.694,14.44,15.09,,,4.122,4.11,4.13,,,,-6.33,,,,-118.429,-97.85,14.038,,,0.423,34.858,34.7,35.1,,,-1.579,6401.0,6429.0,0.0,0.0,0.0,0.0,0.0,0.0,0.0,0.0,0.0,0.0,0.0,0.0,0.0,0.0,0.0,0.0,
2021-11-10T07:00:00Z,19.0,0.0,16.957,20.8,7.147,11.76,,,14.716,14.29,15.07,,,4.118,4.11,4.13,,,,-6.301,,,,-106.955,-90.89,14.026,,,1.794,35.237,35.0,35.5,,,-1.129,6431.0,6457.0,0.0,0.0,0.0,0.0,0.0,0.0,0.0,0.0,0.0,0.0,0.0,0.0,0.0,0.0,0.0,0.0,
2021-11-10T08:00:00Z,26.0,0.0,16.188,20.92,5.064,11.89,,,14.679,14.11,14.96,,,4.12,4.11,4.13,,,,-6.266,,,,-101.446,-89.68,13.996,,,1.266,35.535,35.3,35.7,,,-1.465,6458.0,6485.0,0.0,0.0,0.0,0.0,0.0,0.0,0.0,0.0,0.0,0.0,0.0,0.0,0.0,0.0,0.0,0.0,
2021-11-10T09:00:00Z,23.0,0.0,13.659,14.69,3.978,4.4,,,13.291,12.67,14.04,,,4.092,4.08,4.11,,,,-6.354,,,,-86.784,-82.47,12.656,,,0.0,35.726,35.6,35.8,,,-1.109,6489.0,6514.0,0.0,0.0,0.0,0.0,0.0,0.0,0.0,0.0,0.0,0.0,0.0,0.0,0.0,0.0,0.0,0.0,
2021-11-10T10:00:00Z,22.0,0.0,5.231,13.24,1.605,3.81,,,12.64,12.61,12.67,,,4.073,4.06,4.08,,,,-6.447,,,,-33.748,0.0,12.009,,,0.0,35.445,34.8,35.8,,,-0.412,6515.0,6541.0,0.0,0.0,0.0,0.0,0.0,0.0,0.0,0.0,0.0,0.0,0.0,0.0,0.0,0.0,0.0,0.0,
2021-11-10T11:00:00Z,25.0,0.0,0.0,0.0,0.0,0.0,,,12.636,12.62,12.66,,,4.048,4.04,4.06,,,,-6.44,,,,0.0,0.0,12.01,,,6.638,34.804,34.7,34.9,,,0.0,6543.0,6571.0,0.0,0.0,0.0,0.0,0.0,0.0,0.0,0.0,0.0,0.0,0.0,0.0,0.0,0.0,0.0,0.0,
2021-11-10T12:00:00Z,22.0,0.0,0.0,0.0,0.0,0.0,,,12.625,12.61,12.65,,,4.03,4.02,4.04,,,,-6.43,,,,0.0,0.0,11.994,,,0.0,34.7,34.7,34.7,,,0.0,6573.0,6599.0,0.0,0.0,0.0,0.0,0.0,0.0,0.0,0.0,0.0,0.0,0.0,0.0,0.0,0.0,0.0,0.0,
2021-11-10T13:00:00Z,29.0,0.0,0.0,0.0,0.0,0.0,,,12.607,12.6,12.63,,,4.015,4.01,4.02,,,,-6.432,,,,0.0,0.0,11.982,,,0.0,34.607,34.6,34.7,,,0.0,6600.0,6629.0,0.0,0.0,0.0,0.0,0.0,0.0,0.0,0.0,0.0,0.0,0.0,0.0,0.0,0.0,0.0,0.0,
2021-11-10T14:00:00Z,24.0,0.0,0.0,0.0,0.0,0.0,,,12.588,12.57,12.6,,,4.003,4.0,4.01,,,,-6.432,,,,0.0,0.0,11.964,,,0.0,34.6,34.6,34.6,,,0.0,6630.0,6657.0,0.0,0.0,0.0,0.0,0.0,0.0,0.0,0.0,0.0,0.0,0.0,0.0,0.0,0.0,0.0,0.0,
2021-11-10T15:00:00Z,25.0,0.0,0.0,0.0,0.0,0.0,,,11.625,10.59,12.58,,,3.988,3.98,4.0,,,,-6.482,,,,0.0,0.0,10.971,,,0.0,34.4,34.2,34.6,,,0.0,6660.0,6686.0,0.0,0.0,0.0,0.0,0.0,0.0,0.0,0.0,0.0,0.0,0.0,0.0,0.0,0.0,0.0,0.0,
2021-11-10T16:00:00Z,23.0,0.0,0.0,0.0,0.0,0.0,,,10.625,10.61,10.63,,,3.977,3.97,3.99,,,,-6.54,,,,0.0,0.0,9.947,,,0.0,34.083,33.9,34.2,,,0.0,6687.0,6715.0,0.0,0.0,0.0,0.0,0.0,0.0,0.0,0.0,0.0,0.0,0.0,0.0,0.0,0.0,0.0,0.0,
2021-11-10T17:00:00Z,22.0,0.0,0.0,0.0,0.0,0.0,,,10.628,10.62,10.64,,,3.966,3.96,3.97,,,,-6.534,,,,0.0,0.0,9.948,,,0.0,33.814,33.7,33.9,,,0.0,6716.0,6743.0,0.0,0.0,0.0,0.0,0.0,0.0,0.0,0.0,0.0,0.0,0.0,0.0,0.0,0.0,0.0,0.0,
2021-11-10T18:00:00Z,26.0,0.0,0.0,0.0,0.0,0.0,,,10.628,10.62,10.63,,,3.958,3.95,3.96,,,,-6.53,,,,0.0,0.0,9.953,,,0.0,33.558,33.4,33.7,,,0.0,6744.0,6772.0,0.0,0.0,0.0,0.0,0.0,0.0,0.0,0.0,0.0,0.0,0.0,0.0,0.0,0.0,0.0,0.0,
2021-11-10T19:00:00Z,22.0,0.0,0.0,0.0,0.0,0.0,,,10.634,10.62,10.65,,,3.947,3.94,3.95,,,,-6.525,,,,0.0,0.0,9.956,,,0.0,33.4,33.4,33.4,,,0.0,6773.0,6801.0,0.0,0.0,0.0,0.0,0.0,0.0,0.0,0.0,0.0,0.0,0.0,0.0,0.0,0.0,0.0,0.0,
2021-11-10T20:00:00Z,23.0,0.0,0.0,0.0,0.0,0.0,,,10.627,10.61,10.64,,,3.941,3.93,3.95,,,,-6.522,,,,0.0,0.0,9.948,,,0.0,33.304,33.2,33.4,,,0.0,6802.0,6829.0,0.0,0.0,0.0,0.0,0.0,0.0,0.0,0.0,0.0,0.0,0.0,0.0,0.0,0.0,0.0,0.0,
2021-11-10T21:00:00Z,25.0,0.0,0.0,0.0,0.0,0.0,,,10.615,10.6,10.63,,,3.933,3.93,3.94,,,,-6.516,,,,0.0,0.0,9.934,,,0.0,33.08,32.9,33.3,,,0.0,6830.0,6858.0,0.0,0.0,0.0,0.0,0.0,0.0,0.0,0.0,0.0,0.0,0.0,0.0,0.0,0.0,0.0,0.0,
2021-11-10T22:00:00Z,25.0,0.0,0.831,4.91,0.236,2.09,,,10.602,10.6,10.61,,,3.929,3.92,3.93,,,,-6.51,,,,-5.411,0.0,9.915,,,0.0,32.768,32.7,32.9,,,-0.075,6859.0,6884.0,0.0,0.0,0.0,0.0,0.0,0.0,0.0,0.0,0.0,0.0,0.0,0.0,0.0,0.0,0.0,0.0,
2021-11-10T23:00:00Z,21.0,0.0,11.424,12.47,3.853,4.18,,,11.182,10.6,12.27,,,3.92,3.91,3.93,,,,-6.263,,,,-71.391,-69.12,10.515,,,0.0,33.314,33.1,33.4,,,-0.833,6888.0,6910.0,0.0,0.0,0.0,0.0,0.0,0.0,0.0,0.0,0.0,0.0,0.0,0.0,0.0,0.0,0.0,0.0,
2021-11-11T00:00:00Z,26.0,0.0,13.906,14.47,4.297,4.36,,,13.545,13.25,13.65,,,3.931,3.92,3.94,,,,-5.938,,,,-82.57,-78.2,12.905,,,0.0,33.4,33.4,33.4,,,-1.193,6916.0,6944.0,0.0,0.0,0.0,0.0,0.0,0.0,0.0,0.0,0.0,0.0,0.0,0.0,0.0,0.0,0.0,0.0,
2021-11-11T01:00:00Z,26.0,0.0,14.063,14.79,4.422,4.55,,,13.666,13.54,13.92,,,3.963,3.94,3.98,,,,-6.167,,,,-86.739,-82.85,13.008,,,0.0,33.4,33.4,33.4,,,-1.253,6945.0,6973.0,0.0,0.0,0.0,0.0,0.0,0.0,0.0,0.0,0.0,0.0,0.0,0.0,0.0,0.0,0.0,0.0,
2021-11-11T02:00:00Z,29.0,0.0,14.564,20.75,4.474,4.59,,,13.883,13.57,14.78,,,3.994,3.98,4.03,,,,-6.221,,,,-90.622,-86.28,13.213,,,0.0,33.428,33.4,33.6,,,-1.46,6974.0,7002.0,0.0,0.0,0.0,0.0,0.0,0.0,0.0,0.0,0.0,0.0,0.0,0.0,0.0,0.0,0.0,0.0,
2021-11-11T03:00:00Z,30.0,0.0,14.843,19.78,4.47,4.61,,,14.18,13.05,14.84,,,4.039,4.03,4.05,,,,-6.257,,,,-92.84,-83.05,13.49,,,0.0,33.783,33.6,33.9,,,-1.547,7003.0,7032.0,0.0,0.0,0.0,0.0,0.0,0.0,0.0,0.0,0.0,0.0,0.0,0.0,0.0,0.0,0.0,0.0,
2021-11-11T04:00:00Z,30.0,0.0,14.449,21.03,4.385,4.62,,,13.565,13.01,14.81,,,4.041,4.02,4.07,,,,-6.28,,,,-90.721,-82.52,12.913,,,0.0,33.927,33.7,34.2,,,-1.512,7033.0,7062.0,0.0,0.0,0.0,0.0,0.0,0.0,0.0,0.0,0.0,0.0,0.0,0.0,0.0,0.0,0.0,0.0,
2021-11-11T05:00:00Z,29.0,0.0,15.894,20.9,6.193,11.58,,,14.388,13.21,14.87,,,4.088,4.05,4.12,,,,-6.291,,,,-100.007,-84.32,13.693,,,0.0,34.331,34.1,34.6,,,-1.611,7063.0,7091.0,0.0,0.0,0.0,0.0,0.0,0.0,0.0,0.0,0.0,0.0,0.0,0.0,0.0,0.0,0.0,0.0,
2021-11-11T06:00:00Z,25.0,0.0,15.988,21.21,5.125,11.47,,,14.594,13.51,14.86,,,4.119,4.11,4.13,,,,-6.265,,,,-100.166,-85.91,13.905,,,0.938,34.6,34.6,34.6,,,-1.391,7093.0,7120.0,0.0,0.0,0.0,0.0,0.0,0.0,0.0,0.0,0.0,0.0,0.0,0.0,0.0,0.0,0.0,0.0,
2021-11-11T07:00:00Z,26.0,0.0,14.397,21.02,4.475,4.58,,,13.842,13.1,14.81,,,4.118,4.11,4.12,,,,-6.288,,,,-90.486,-83.78,13.196,,,1.71,34.6,34.6,34.6,,,-1.307,7121.0,7148.0,0.0,0.0,0.0,0.0,0.0,0.0,0.0,0.0,0.0,0.0,0.0,0.0,0.0,0.0,0.0,0.0,
2021-11-11T08:00:00Z,26.0,0.0,13.542,14.2,4.38,4.47,,,13.23,12.75,13.63,,,4.103,4.1,4.11,,,,-6.322,,,,-85.622,-82.21,12.588,,,8.434,34.6,34.6,34.6,,,-1.237,7150.0,7178.0,0.0,0.0,0.0,0.0,0.0,0.0,0.0,0.0,0.0,0.0,0.0,0.0,0.0,0.0,0.0,0.0,
2021-11-11T09:00:00Z,21.0,0.0,13.037,13.77,3.816,4.38,,,12.749,12.62,13.07,,,4.084,4.07,4.1,,,,-6.398,,,,-83.402,-81.9,12.109,,,1.079,34.6,34.6,34.6,,,-0.973,7179.0,7206.0,0.0,0.0,0.0,0.0,0.0,0.0,0.0,0.0,0.0,0.0,0.0,0.0,0.0,0.0,0.0,0.0,
2021-11-11T10:00:00Z,21.0,0.0,1.234,11.92,0.53,3.38,,,12.615,12.59,12.63,,,4.052,4.04,4.07,,,,-6.435,,,,-7.93,0.0,11.989,,,1.386,33.829,33.5,34.6,,,-0.093,7207.0,7235.0,0.0,0.0,0.0,0.0,0.0,0.0,0.0,0.0,0.0,0.0,0.0,0.0,0.0,0.0,0.0,0.0,
2021-11-11T11:00:00Z,20.0,0.0,0.0,0.0,0.0,0.0,,,12.616,12.6,12.63,,,4.037,4.03,4.05,,,,-6.423,,,,0.0,0.0,11.987,,,0.0,33.405,33.4,33.5,,,0.0,7236.0,7261.0,0.0,0.0,0.0,0.0,0.0,0.0,0.0,0.0,0.0,0.0,0.0,0.0,0.0,0.0,0.0,0.0,
2021-11-11T12:00:00Z,18.0,0.0,0.0,0.0,0.0,0.0,,,12.602,12.6,12.61,,,4.013,4.0,4.02,,,,-6.425,,,,0.0,0.0,11.971,,,0.0,33.35,33.3,33.4,,,0.0,7264.0,7291.0,0.0,0.0,0.0,0.0,0.0,0.0,0.0,0.0,0.0,0.0,0.0,0.0,0.0,0.0,0.0,0.0,
2021-11-11T13:00:00Z,23.0,0.0,0.0,0.0,0.0,0.0,,,12.591,12.57,12.6,,,3.997,3.99,4.0,,,,-6.42,,,,0.0,0.0,11.964,,,0.93,33.178,33.0,33.3,,,0.0,7292.0,7319.0,0.0,0.0,0.0,0.0,0.0,0.0,0.0,0.0,0.0,0.0,0.0,0.0,0.0,0.0,0.0,0.0,
2021-11-11T14:00:00Z,25.0,0.0,0.0,0.0,0.0,0.0,,,12.168,10.57,12.59,,,3.984,3.98,3.99,,,,-6.44,,,,0.0,0.0,11.528,,,4.956,32.88,32.7,33.0,,,0.0,7320.0,7348.0,0.0,0.0,0.0,0.0,0.0,0.0,0.0,0.0,0.0,0.0,0.0,0.0,0.0,0.0,0.0,0.0,
2021-11-11T15:00:00Z,30.0,0.0,0.0,0.0,0.0,0.0,,,10.615,10.6,10.63,,,3.978,3.97,3.98,,,,-6.531,,,,0.0,0.0,9.931,,,2.149,32.427,32.3,32.6,,,0.0,7349.0,7378.0,0.0,0.0,0.0,0.0,0.0,0.0,0.0,0.0,0.0,0.0,0.0,0.0,0.0,0.0,0.0,0.0,
2021-11-11T16:00:00Z,29.0,0.0,0.0,0.0,0.0,0.0,,,10.621,10.61,10.63,,,3.97,3.97,3.98,,,,-6.527,,,,0.0,0.0,9.945,,,0.0,32.141,32.1,32.3,,,0.0,7379.0,7407.0,0.0,0.0,0.0,0.0,0.0,0.0,0.0,0.0,0.0,0.0,0.0,0.0,0.0,0.0,0.0,0.0,
2021-11-11T17:00:00Z,30.0,0.0,0.0,0.0,0.0,0.0,,,10.624,10.61,10.63,,,3.962,3.96,3.97,,,,-6.516,,,,0.0,0.0,9.949,,,0.0,32.057,32.0,32.1,,,0.0,7408.0,7437.0,0.0,0.0,0.0,0.0,0.0,0.0,0.0,0.0,0.0,0.0,0.0,0.0,0.0,0.0,0.0,0.0,
2021-11-11T18:00:00Z,29.0,0.0,0.0,0.0,0.0,0.0,,,10.623,10.61,10.63,,,3.958,3.95,3.96,,,,-6.514,,,,0.0,0.0,9.943,,,0.0,31.952,31.8,32.0,,,0.0,7438.0,7466.0,0.0,0.0,0.0,0.0,0.0,0.0,0.0,0.0,0.0,0.0,0.0,0.0,0.0,0.0,0.0,0.0,
2021-11-11T19:00:00Z,22.0,0.0,0.0,0.0,0.0,0.0,,,10.618,10.61,10.63,,,3.95,3.94,3.96,,,,-6.516,,,,0.0,0.0,9.935,,,0.0,31.732,31.7,31.8,,,0.0,7467.0,7494.0,0.0,0.0,0.0,0.0,0.0,0.0,0.0,0.0,0.0,0.0,0.0,0.0,0.0,0.0,0.0,0.0,
2021-11-11T20:00:00Z,24.0,0.0,0.0,0.0,0.0,0.0,,,10.606,10.6,10.62,,,3.942,3.94,3.95,,,,-6.508,,,,0.0,0.0,9.92,,,0.0,31.583,31.4,31.7,,,0.0,7496.0,7524.0,0.0,0.0,0.0,0.0,0.0,0.0,0.0,0.0,0.0,0.0,0.0,0.0,0.0,0.0,0.0,0.0,
2021-11-11T21:00:00Z,25.0,0.0,0.0,0.0,0.0,0.0,,,10.596,10.58,10.6,,,3.935,3.93,3.94,,,,-6.507,,,,0.0,0.0,9.902,,,0.0,31.348,31.3,31.5,,,0.0,7525.0,7552.0,0.0,0.0,0.0,0.0,0.0,0.0,0.0,0.0,0.0,0.0,0.0,0.0,0.0,0.0,0.0,0.0,
2021-11-11T22:00:00Z,27.0,0.0,0.929,5.08,0.448,2.46,,,10.586,10.58,10.6,,,3.929,3.92,3.93,,,,-6.507,,,,-6.043,0.0,9.885,,,0.0,31.226,31.1,31.3,,,-0.091,7553.0,7581.0,0.0,0.0,0.0,0.0,0.0,0.0,0.0,0.0,0.0,0.0,0.0,0.0,0.0,0.0,0.0,0.0,
2021-11-11T23:00:00Z,21.0,0.0,11.058,13.38,3.825,4.22,,,11.165,10.58,12.69,,,3.917,3.91,3.92,,,,-6.239,,,,-68.691,-37.83,10.489,,,0.0,31.614,31.3,31.9,,,-0.801,7582.0,7609.0,0.0,0.0,0.0,0.0,0.0,0.0,0.0,0.0,0.0,0.0,0.0,0.0,0.0,0.0,0.0,0.0,
2021-11-12T00:00:00Z,26.0,0.0,13.769,14.5,4.272,4.34,,,13.452,12.81,13.69,,,3.923,3.92,3.93,,,,-5.877,,,,-80.916,-76.32,12.813,,,0.0,31.746,31.6,31.9,,,-1.169,7610.0,7638.0,0.0,0.0,0.0,0.0,0.0,0.0,0.0,0.0,0.0,0.0,0.0,0.0,0.0,0.0,0.0,0.0,
2021-11-12T01:00:00Z,27.0,0.0,14.455,15.97,4.498,4.59,,,13.997,13.69,14.9,,,3.974,3.94,4.01,,,,-6.181,,,,-89.37,-83.66,13.324,,,0.0,32.089,32.0,32.1,,,-1.341,7640.0,7667.0,0.0,0.0,0.0,0.0,0.0,0.0,0.0,0.0,0.0,0.0,0.0,0.0,0.0,0.0,0.0,0.0,
2021-11-12T02:00:00Z,29.0,0.0,17.521,21.21,5.555,11.78,,,14.82,14.34,15.18,,,4.061,4.02,4.14,,,,-6.238,,,,-109.334,-97.41,14.129,,,1.583,32.372,32.1,32.9,,,-1.761,7668.0,7696.0,0.0,0.0,0.0,0.0,0.0,0.0,0.0,0.0,0.0,0.0,0.0,0.0,0.0,0.0,0.0,0.0,
2021-11-12T03:00:00Z,29.0,0.0,19.43,20.45,11.726,11.91,,,14.567,14.31,15.06,,,4.11,4.1,4.12,,,,-6.374,,,,-123.879,-102.44,13.921,,,0.0,33.114,32.9,33.3,,,-1.996,7697.0,7726.0,0.0,0.0,0.0,0.0,0.0,0.0,0.0,0.0,0.0,0.0,0.0,0.0,0.0,0.0,0.0,0.0,
2021-11-12T04:00:00Z,28.0,0.0,18.576,20.66,10.679,12.16,,,14.733,14.37,15.27,,,4.119,4.11,4.12,,,,-6.354,,,,-118.072,-98.65,14.046,,,0.0,33.436,33.3,33.6,,,-1.837,7727.0,7755.0,0.0,0.0,0.0,0.0,0.0,0.0,0.0,0.0,0.0,0.0,0.0,0.0,0.0,0.0,0.0,0.0,
2021-11-12T05:00:00Z,30.0,0.0,18.744,21.02,9.119,12.24,,,14.62,14.37,14.92,,,4.118,4.11,4.13,,,,-6.33,,,,-118.742,-96.63,13.941,,,0.0,33.923,33.5,34.2,,,-1.979,7756.0,7785.0,0.0,0.0,0.0,0.0,0.0,0.0,0.0,0.0,0.0,0.0,0.0,0.0,0.0,0.0,0.0,0.0,
2021-11-12T06:00:00Z,29.0,0.0,18.542,21.11,8.072,12.3,,,14.73,14.42,15.09,,,4.124,4.11,4.13,,,,-6.308,,,,-117.034,-97.38,14.062,,,0.0,34.49,34.2,34.6,,,-1.886,7786.0,7814.0,0.0,0.0,0.0,0.0,0.0,0.0,0.0,0.0,0.0,0.0,0.0,0.0,0.0,0.0,0.0,0.0,
2021-11-12T07:00:00Z,30.0,0.0,18.189,21.53,9.607,12.05,,,14.654,13.77,15.22,,,4.125,4.11,4.13,,,,-6.346,,,,-115.491,-87.98,13.977,,,9.601,35.07,34.6,35.4,,,-1.925,7815.0,7844.0,0.0,0.0,0.0,0.0,0.0,0.0,0.0,0.0,0.0,0.0,0.0,0.0,0.0,0.0,0.0,0.0,
2021-11-12T08:00:00Z,29.0,0.0,16.861,21.24,4.514,4.6,,,14.615,13.56,15.09,,,4.119,4.11,4.12,,,,-6.26,,,,-105.524,-86.29,13.927,,,8.669,35.566,35.2,35.8,,,-1.7,7845.0,7873.0,0.0,0.0,0.0,0.0,0.0,0.0,0.0,0.0,0.0,0.0,0.0,0.0,0.0,0.0,0.0,0.0,
2021-11-12T09:00:00Z,30.0,0.0,14.588,20.46,4.071,4.41,,,13.938,12.96,14.84,,,4.103,4.09,4.12,,,,-6.316,,,,-92.09,-84.55,13.287,,,7.261,35.813,35.7,35.9,,,-1.535,7874.0,7903.0,0.0,0.0,0.0,0.0,0.0,0.0,0.0,0.0,0.0,0.0,0.0,0.0,0.0,0.0,0.0,0.0,
2021-11-12T10:00:00Z,29.0,0.0,4.824,13.24,1.399,3.84,,,12.647,12.61,12.82,,,4.085,4.08,4.1,,,,-6.447,,,,-31.109,0.0,12.025,,,2.759,35.448,34.9,35.9,,,-0.501,7904.0,7932.0,0.0,0.0,0.0,0.0,0.0,0.0,0.0,0.0,0.0,0.0,0.0,0.0,0.0,0.0,0.0,0.0,
2021-11-12T11:00:00Z,30.0,0.0,0.0,0.0,0.0,0.0,,,12.644,12.61,12.66,,,4.072,4.06,4.08,,,,-6.446,,,,0.0,0.0,12.011,,,0.0,34.807,34.7,34.9,,,0.0,7933.0,7962.0,0.0,0.0,0.0,0.0,0.0,0.0,0.0,0.0,0.0,0.0,0.0,0.0,0.0,0.0,0.0,0.0,
2021-11-12T12:00:00Z,30.0,0.0,0.0,0.0,0.0,0.0,,,12.621,12.6,12.65,,,4.057,4.05,4.07,,,,-6.445,,,,0.0,0.0,11.993,,,0.0,34.717,34.7,34.8,,,0.0,7963.0,7992.0,0.0,0.0,0.0,0.0,0.0,0.0,0.0,0.0,0.0,0.0,0.0,0.0,0.0,0.0,0.0,0.0,
2021-11-12T13:00:00Z,29.0,0.0,0.0,0.0,0.0,0.0,,,12.605,12.58,12.63,,,4.046,4.04,4.05,,,,-6.439,,,,0.0,0.0,11.979,,,0.0,34.6,34.6,34.6,,,0.0,7993.0,8021.0,0.0,0.0,0.0,0.0,0.0,0.0,0.0,0.0,0.0,0.0,0.0,0.0,0.0,0.0,0.0,0.0,
2021-11-12T14:00:00Z,30.0,0.0,0.0,0.0,0.0,0.0,,,12.582,12.55,12.6,,,4.036,4.03,4.04,,,,-6.434,,,,0.0,0.0,11.953,,,0.0,34.58,34.5,34.6,,,0.0,8022.0,8051.0,0.0,0.0,0.0,0.0,0.0,0.0,0.0,0.0,0.0,0.0,0.0,0.0,0.0,0.0,0.0,0.0,
2021-11-12T15:00:00Z,29.0,0.0,0.0,0.0,0.0,0.0,,,11.017,10.56,12.56,,,4.025,4.02,4.03,,,,-6.528,,,,0.0,0.0,10.345,,,0.0,34.286,34.1,34.5,,,0.0,8052.0,8080.0,0.0,0.0,0.0,0.0,0.0,0.0,0.0,0.0,0.0,0.0,0.0,0.0,0.0,0.0,0.0,0.0,
2021-11-12T16:00:00Z,30.0,0.0,0.0,0.0,0.0,0.0,,,10.627,10.62,10.64,,,4.014,4.01,4.02,,,,-6.545,,,,0.0,0.0,9.954,,,0.0,33.923,33.8,34.1,,,0.0,8081.0,8110.0,0.0,0.0,0.0,0.0,0.0,0.0,0.0,0.0,0.0,0.0,0.0,0.0,0.0,0.0,0.0,0.0,
2021-11-12T17:00:00Z,29.0,0.0,0.0,0.0,0.0,0.0,,,10.63,10.62,10.64,,,4.006,4.0,4.01,,,,-6.543,,,,0.0,0.0,9.959,,,0.0,33.645,33.5,33.8,,,0.0,8111.0,8139.0,0.0,0.0,0.0,0.0,0.0,0.0,0.0,0.0,0.0,0.0,0.0,0.0,0.0,0.0,0.0,0.0,
2021-11-12T18:00:00Z,30.0,0.0,0.0,0.0,0.0,0.0,,,10.632,10.63,10.65,,,3.999,3.99,4.0,,,,-6.541,,,,0.0,0.0,9.961,,,0.0,33.413,33.3,33.5,,,0.0,8140.0,8169.0,0.0,0.0,0.0,0.0,0.0,0.0,0.0,0.0,0.0,0.0,0.0,0.0,0.0,0.0,0.0,0.0,
2021-11-12T19:00:00Z,30.0,0.0,0.0,0.0,0.0,0.0,,,10.634,10.63,10.65,,,3.99,3.99,4.0,,,,-6.536,,,,0.0,0.0,9.964,,,0.0,33.307,33.2,33.4,,,0.0,8170.0,8199.0,0.0,0.0,0.0,0.0,0.0,0.0,0.0,0.0,0.0,0.0,0.0,0.0,0.0,0.0,0.0,0.0,
2021-11-12T20:00:00Z,29.0,0.0,0.0,0.0,0.0,0.0,,,10.629,10.62,10.64,,,3.982,3.98,3.99,,,,-6.531,,,,0.0,0.0,9.95,,,0.0,33.031,32.9,33.2,,,0.0,8200.0,8228.0,0.0,0.0,0.0,0.0,0.0,0.0,0.0,0.0,0.0,0.0,0.0,0.0,0.0,0.0,0.0,0.0,
2021-11-12T21:00:00Z,30.0,0.0,0.0,0.0,0.0,0.0,,,10.615,10.6,10.63,,,3.979,3.97,3.98,,,,-6.528,,,,0.0,0.0,9.931,,,0.0,32.66,32.5,32.9,,,0.0,8229.0,8258.0,0.0,0.0,0.0,0.0,0.0,0.0,0.0,0.0,0.0,0.0,0.0,0.0,0.0,0.0,0.0,0.0,
2021-11-12T22:00:00Z,29.0,0.0,1.012,6.2,0.466,2.49,,,10.601,10.59,10.61,,,3.97,3.97,3.98,,,,-6.526,,,,-6.608,0.0,9.913,,,0.0,32.414,32.3,32.5,,,-0.106,8259.0,8287.0,0.0,0.0,0.0,0.0,0.0,0.0,0.0,0.0,0.0,0.0,0.0,0.0,0.0,0.0,0.0,0.0,
2021-11-12T23:00:00Z,30.0,0.0,11.077,12.48,3.824,4.23,,,10.976,10.59,11.84,,,3.963,3.96,3.97,,,,-6.386,,,,-70.647,-50.34,10.316,,,0.0,33.123,32.5,33.3,,,-1.177,8288.0,8317.0,0.0,0.0,0.0,0.0,0.0,0.0,0.0,0.0,0.0,0.0,0.0,0.0,0.0,0.0,0.0,0.0,
2021-11-13T00:00:00Z,30.0,0.0,13.053,13.95,4.288,4.36,,,12.716,11.88,13.18,,,3.966,3.96,3.98,,,,-6.188,,,,-80.754,-74.09,12.077,,,0.0,33.26,33.1,33.4,,,-1.346,8318.0,8347.0,0.0,0.0,0.0,0.0,0.0,0.0,0.0,0.0,0.0,0.0,0.0,0.0,0.0,0.0,0.0,0.0,
2021-11-13T01:00:00Z,29.0,0.0,13.845,14.48,4.431,4.48,,,13.437,13.14,13.58,,,4.001,3.98,4.03,,,,-6.245,,,,-86.476,-83.2,12.779,,,0.0,33.283,33.2,33.3,,,-1.393,8348.0,8376.0,0.0,0.0,0.0,0.0,0.0,0.0,0.0,0.0,0.0,0.0,0.0,0.0,0.0,0.0,0.0,0.0,
2021-11-13T02:00:00Z,30.0,0.0,15.047,20.41,5.533,12.01,,,13.954,13.56,14.83,,,4.068,4.03,4.12,,,,-6.291,,,,-94.677,-86.55,13.276,,,0.0,33.297,33.2,33.4,,,-1.578,8377.0,8406.0,0.0,0.0,0.0,0.0,0.0,0.0,0.0,0.0,0.0,0.0,0.0,0.0,0.0,0.0,0.0,0.0,
2021-11-13T03:00:00Z,29.0,0.0,17.462,20.68,11.702,11.91,,,14.651,14.25,14.85,,,4.116,4.11,4.12,,,,-6.374,,,,-111.318,-99.71,13.919,,,0.0,33.655,33.5,33.8,,,-1.793,8407.0,8435.0,0.0,0.0,0.0,0.0,0.0,0.0,0.0,0.0,0.0,0.0,0.0,0.0,0.0,0.0,0.0,0.0,
2021-11-13T04:00:00Z,30.0,0.0,19.024,20.84,11.825,12.16,,,14.633,14.31,15.24,,,4.12,4.12,4.12,,,,-6.377,,,,-121.345,-100.08,13.946,,,0.122,34.043,33.8,34.2,,,-2.022,8436.0,8465.0,0.0,0.0,0.0,0.0,0.0,0.0,0.0,0.0,0.0,0.0,0.0,0.0,0.0,0.0,0.0,0.0,
2021-11-13T05:00:00Z,29.0,0.0,19.433,20.94,11.489,12.16,,,14.631,14.36,15.21,,,4.12,4.11,4.13,,,,-6.375,,,,-123.898,-102.19,13.939,,,0.581,34.469,34.2,34.6,,,-1.996,8466.0,8494.0,0.0,0.0,0.0,0.0,0.0,0.0,0.0,0.0,0.0,0.0,0.0,0.0,0.0,0.0,0.0,0.0,
2021-11-13T06:00:00Z,30.0,0.0,18.692,20.57,11.005,12.14,,,14.737,14.38,15.18,,,4.122,4.11,4.13,,,,-6.365,,,,-119.014,-97.99,14.048,,,1.406,34.727,34.6,35.0,,,-1.984,8495.0,8524.0,0.0,0.0,0.0,0.0,0.0,0.0,0.0,0.0,0.0,0.0,0.0,0.0,0.0,0.0,0.0,0.0,
2021-11-13T07:00:00Z,30.0,0.0,17.709,21.23,5.248,11.67,,,14.667,14.32,15.1,,,4.124,4.12,4.14,,,,-6.264,,,,-110.961,-90.96,13.987,,,5.891,35.003,34.7,35.6,,,-1.849,8525.0,8554.0,0.0,0.0,0.0,0.0,0.0,0.0,0.0,0.0,0.0,0.0,0.0,0.0,0.0,0.0,0.0,0.0,
2021-11-13T08:00:00Z,29.0,0.0,19.655,21.14,4.571,4.62,,,14.807,14.6,15.06,,,4.12,4.12,4.12,,,,-6.247,,,,-122.806,-99.45,14.132,,,2.011,35.628,35.4,35.8,,,-1.979,8555.0,8583.0,0.0,0.0,0.0,0.0,0.0,0.0,0.0,0.0,0.0,0.0,0.0,0.0,0.0,0.0,0.0,0.0,
2021-11-13T09:00:00Z,30.0,0.0,14.747,20.71,4.41,4.52,,,14.188,13.62,14.81,,,4.118,4.11,4.12,,,,-6.281,,,,-92.618,-87.15,13.533,,,9.789,35.753,35.7,35.8,,,-1.544,8584.0,8613.0,0.0,0.0,0.0,0.0,0.0,0.0,0.0,0.0,0.0,0.0,0.0,0.0,0.0,0.0,0.0,0.0,
2021-11-13T10:00:00Z,29.0,0.0,5.094,14.22,1.474,3.97,,,12.723,12.6,13.5,,,4.104,4.09,4.11,,,,-6.44,,,,-32.76,0.0,12.09,,,7.529,35.397,34.7,35.9,,,-0.528,8614.0,8642.0,0.0,0.0,0.0,0.0,0.0,0.0,0.0,0.0,0.0,0.0,0.0,0.0,0.0,0.0,0.0,0.0,
2021-11-13T11:00:00Z,30.0,0.0,0.0,0.0,0.0,0.0,,,12.636,12.6,12.66,,,4.087,4.08,4.1,,,,-6.444,,,,0.0,0.0,12.003,,,4.418,34.68,34.6,34.8,,,0.0,8643.0,8672.0,0.0,0.0,0.0,0.0,0.0,0.0,0.0,0.0,0.0,0.0,0.0,0.0,0.0,0.0,0.0,0.0,
2021-11-13T12:00:00Z,30.0,0.0,0.0,0.0,0.0,0.0,,,12.617,12.59,12.64,,,4.074,4.07,4.08,,,,-6.441,,,,0.0,0.0,11.993,,,0.281,34.607,34.6,34.7,,,0.0,8673.0,8702.0,0.0,0.0,0.0,0.0,0.0,0.0,0.0,0.0,0.0,0.0,0.0,0.0,0.0,0.0,0.0,0.0,
2021-11-13T13:00:00Z,29.0,0.0,0.0,0.0,0.0,0.0,,,12.604,12.58,12.63,,,4.058,4.05,4.07,,,,-6.439,,,,0.0,0.0,11.972,,,0.417,34.6,34.6,34.6,,,0.0,8703.0,8731.0,0.0,0.0,0.0,0.0,0.0,0.0,0.0,0.0,0.0,0.0,0.0,0.0,0.0,0.0,0.0,0.0,
2021-11-13T14:00:00Z,30.0,0.0,0.0,0.0,0.0,0.0,,,12.576,12.54,12.6,,,4.047,4.04,4.05,,,,-6.439,,,,0.0,0.0,11.946,,,0.0,34.49,34.4,34.6,,,0.0,8732.0,8761.0,0.0,0.0,0.0,0.0,0.0,0.0,0.0,0.0,0.0,0.0,0.0,0.0,0.0,0.0,0.0,0.0,
2021-11-13T15:00:00Z,26.0,0.0,0.0,0.0,0.0,0.0,,,10.692,10.56,12.51,,,4.035,4.03,4.04,,,,-6.546,,,,0.0,0.0,10.007,,,0.0,34.165,34.0,34.3,,,0.0,8762.0,8789.0,0.0,0.0,0.0,0.0,0.0,0.0,0.0,0.0,0.0,0.0,0.0,0.0,0.0,0.0,0.0,0.0,
2021-11-13T16:00:00Z,22.0,0.0,0.0,0.0,0.0,0.0,,,10.631,10.62,10.64,,,4.015,4.01,4.03,,,,-6.543,,,,0.0,0.0,9.956,,,0.0,33.859,33.8,34.0,,,0.0,8791.0,8818.0,0.0,0.0,0.0,0.0,0.0,0.0,0.0,0.0,0.0,0.0,0.0,0.0,0.0,0.0,0.0,0.0,
2021-11-13T17:00:00Z,29.0,0.0,0.0,0.0,0.0,0.0,,,10.636,10.63,10.64,,,4.004,4.0,4.01,,,,-6.54,,,,0.0,0.0,9.96,,,0.0,33.617,33.5,33.8,,,0.0,8819.0,8848.0,0.0,0.0,0.0,0.0,0.0,0.0,0.0,0.0,0.0,0.0,0.0,0.0,0.0,0.0,0.0,0.0,
2021-11-13T18:00:00Z,29.0,0.0,0.0,0.0,0.0,0.0,,,10.64,10.63,10.65,,,3.998,3.99,4.0,,,,-6.538,,,,0.0,0.0,9.965,,,0.0,33.414,33.4,33.5,,,0.0,8849.0,8877.0,0.0,0.0,0.0,0.0,0.0,0.0,0.0,0.0,0.0,0.0,0.0,0.0,0.0,0.0,0.0,0.0,
2021-11-13T19:00:00Z,30.0,0.0,0.0,0.0,0.0,0.0,,,10.634,10.62,10.65,,,3.988,3.98,3.99,,,,-6.532,,,,0.0,0.0,9.958,,,0.0,33.34,33.3,33.4,,,0.0,8878.0,8907.0,0.0,0.0,0.0,0.0,0.0,0.0,0.0,0.0,0.0,0.0,0.0,0.0,0.0,0.0,0.0,0.0,
2021-11-13T20:00:00Z,29.0,0.0,0.0,0.0,0.0,0.0,,,10.624,10.61,10.63,,,3.98,3.98,3.98,,,,-6.532,,,,0.0,0.0,9.945,,,0.0,33.214,33.0,33.3,,,0.0,8908.0,8936.0,0.0,0.0,0.0,0.0,0.0,0.0,0.0,0.0,0.0,0.0,0.0,0.0,0.0,0.0,0.0,0.0,
2021-11-13T21:00:00Z,30.0,0.0,0.0,0.0,0.0,0.0,,,10.61,10.6,10.62,,,3.978,3.97,3.98,,,,-6.53,,,,0.0,0.0,9.924,,,0.0,32.94,32.8,33.1,,,0.0,8937.0,8966.0,0.0,0.0,0.0,0.0,0.0,0.0,0.0,0.0,0.0,0.0,0.0,0.0,0.0,0.0,0.0,0.0,
2021-11-13T22:00:00Z,30.0,0.0,1.102,5.2,0.448,2.56,,,10.599,10.59,10.61,,,3.97,3.96,3.98,,,,-6.531,,,,-7.193,0.0,9.904,,,0.0,32.61,32.5,32.8,,,-0.12,8967.0,8996.0,0.0,0.0,0.0,0.0,0.0,0.0,0.0,0.0,0.0,0.0,0.0,0.0,0.0,0.0,0.0,0.0,
2021-11-13T23:00:00Z,29.0,0.0,11.163,12.11,3.903,4.23,,,10.944,10.59,11.6,,,3.961,3.96,3.97,,,,-6.35,,,,-70.822,-50.29,10.292,,,0.0,33.31,32.7,33.4,,,-1.141,8997.0,9025.0,0.0,0.0,0.0,0.0,0.0,0.0,0.0,0.0,0.0,0.0,0.0,0.0,0.0,0.0,0.0,0.0,
2021-11-14T00:00:00Z,30.0,0.0,13.156,13.93,4.298,4.35,,,12.8,11.72,13.16,,,3.965,3.96,3.98,,,,-6.185,,,,-81.366,-73.64,12.16,,,0.0,33.4,33.4,33.4,,,-1.356,9026.0,9055.0,0.0,0.0,0.0,0.0,0.0,0.0,0.0,0.0,0.0,0.0,0.0,0.0,0.0,0.0,0.0,0.0,
2021-11-14T01:00:00Z,30.0,0.0,13.791,14.29,4.399,4.46,,,13.349,13.18,13.5,,,3.993,3.98,4.01,,,,-6.234,,,,-85.957,-83.24,12.692,,,0.0,33.4,33.4,33.4,,,-1.433,9056.0,9085.0,0.0,0.0,0.0,0.0,0.0,0.0,0.0,0.0,0.0,0.0,0.0,0.0,0.0,0.0,0.0,0.0,
2021-11-14T02:00:00Z,29.0,0.0,14.101,14.76,4.521,4.63,,,13.644,13.33,14.01,,,4.042,4.0,4.08,,,,-6.276,,,,-88.496,-84.1,12.978,,,0.0,33.4,33.4,33.4,,,-1.426,9086.0,9114.0,0.0,0.0,0.0,0.0,0.0,0.0,0.0,0.0,0.0,0.0,0.0,0.0,0.0,0.0,0.0,0.0,
2021-11-14T03:00:00Z,30.0,0.0,14.168,14.63,4.566,4.59,,,13.747,13.59,13.89,,,4.101,4.08,4.12,,,,-6.291,,,,-89.124,-86.96,13.085,,,0.0,33.4,33.4,33.4,,,-1.485,9115.0,9144.0,0.0,0.0,0.0,0.0,0.0,0.0,0.0,0.0,0.0,0.0,0.0,0.0,0.0,0.0,0.0,0.0,
2021-11-14T04:00:00Z,24.0,0.0,14.057,14.7,4.544,4.58,,,13.747,13.63,13.88,,,4.118,4.11,4.12,,,,-6.289,,,,-88.4,-86.79,13.091,,,2.382,33.562,33.4,33.7,,,-1.179,9145.0,9172.0,0.0,0.0,0.0,0.0,0.0,0.0,0.0,0.0,0.0,0.0,0.0,0.0,0.0,0.0,0.0,0.0,
2021-11-14T05:00:00Z,24.0,0.0,13.805,14.3,4.488,4.52,,,13.461,13.35,13.7,,,4.12,4.12,4.12,,,,-6.301,,,,-87.006,-85.06,12.815,,,5.587,33.771,33.7,33.8,,,-1.16,9173.0,9200.0,0.0,0.0,0.0,0.0,0.0,0.0,0.0,0.0,0.0,0.0,0.0,0.0,0.0,0.0,0.0,0.0,
2021-11-14T06:00:00Z,17.0,0.0,13.831,14.56,4.408,4.49,,,13.546,12.83,13.84,,,4.112,4.1,4.12,,,,-6.3,,,,-87.164,-82.55,12.9,,,4.21,33.871,33.8,34.1,,,-0.823,9205.0,9229.0,0.0,0.0,0.0,0.0,0.0,0.0,0.0,0.0,0.0,0.0,0.0,0.0,0.0,0.0,0.0,0.0,
2021-11-14T07:00:00Z,29.0,0.0,14.131,15.35,4.455,4.55,,,13.839,12.78,14.63,,,4.118,4.1,4.12,,,,-6.286,,,,-88.81,-82.53,13.186,,,9.306,33.907,33.8,34.0,,,-1.431,9230.0,9258.0,0.0,0.0,0.0,0.0,0.0,0.0,0.0,0.0,0.0,0.0,0.0,0.0,0.0,0.0,0.0,0.0,
2021-11-14T08:00:00Z,30.0,0.0,13.667,14.18,4.447,4.47,,,13.322,13.1,13.55,,,4.12,4.12,4.12,,,,-6.306,,,,-86.193,-84.05,12.676,,,2.98,33.753,33.6,33.9,,,-1.437,9259.0,9288.0,0.0,0.0,0.0,0.0,0.0,0.0,0.0,0.0,0.0,0.0,0.0,0.0,0.0,0.0,0.0,0.0,
2021-11-14T09:00:00Z,30.0,0.0,13.24,14.0,4.219,4.46,,,12.963,12.65,13.28,,,4.114,4.1,4.12,,,,-6.344,,,,-83.982,-81.85,12.32,,,5.806,33.647,33.5,33.8,,,-1.4,9289.0,9318.0,0.0,0.0,0.0,0.0,0.0,0.0,0.0,0.0,0.0,0.0,0.0,0.0,0.0,0.0,0.0,0.0,
2021-11-14T10:00:00Z,29.0,0.0,4.367,13.3,1.447,3.98,,,12.62,12.59,12.64,,,4.096,4.09,4.1,,,,-6.436,,,,-28.112,0.0,11.987,,,0.0,33.028,32.3,33.5,,,-0.453,9319.0,9347.0,0.0,0.0,0.0,0.0,0.0,0.0,0.0,0.0,0.0,0.0,0.0,0.0,0.0,0.0,0.0,0.0,
2021-11-14T11:00:00Z,30.0,0.0,0.0,0.0,0.0,0.0,,,12.608,12.58,12.63,,,4.082,4.07,4.09,,,,-6.429,,,,0.0,0.0,11.971,,,0.0,32.14,32.1,32.3,,,0.0,9348.0,9377.0,0.0,0.0,0.0,0.0,0.0,0.0,0.0,0.0,0.0,0.0,0.0,0.0,0.0,0.0,0.0,0.0,
2021-11-14T12:00:00Z,29.0,0.0,0.0,0.0,0.0,0.0,,,12.603,12.57,12.63,,,4.068,4.06,4.08,,,,-6.431,,,,0.0,0.0,11.957,,,0.0,32.076,32.0,32.1,,,0.0,9378.0,9406.0,0.0,0.0,0.0,0.0,0.0,0.0,0.0,0.0,0.0,0.0,0.0,0.0,0.0,0.0,0.0,0.0,
2021-11-14T13:00:00Z,30.0,0.0,0.0,0.0,0.0,0.0,,,12.583,12.56,12.6,,,4.053,4.05,4.06,,,,-6.424,,,,0.0,0.0,11.947,,,0.0,32.0,32.0,32.0,,,0.0,9407.0,9436.0,0.0,0.0,0.0,0.0,0.0,0.0,0.0,0.0,0.0,0.0,0.0,0.0,0.0,0.0,0.0,0.0,
2021-11-14T14:00:00Z,26.0,0.0,0.0,0.0,0.0,0.0,,,12.327,10.54,12.58,,,4.04,4.03,4.05,,,,-6.433,,,,0.0,0.0,11.682,,,0.0,31.9,31.8,32.0,,,0.0,9437.0,9465.0,0.0,0.0,0.0,0.0,0.0,0.0,0.0,0.0,0.0,0.0,0.0,0.0,0.0,0.0,0.0,0.0,
2021-11-14T15:00:00Z,28.0,0.0,0.0,0.0,0.0,0.0,,,10.607,10.6,10.62,,,4.023,4.01,4.03,,,,-6.53,,,,0.0,0.0,9.915,,,0.0,31.614,31.5,31.8,,,0.0,9466.0,9494.0,0.0,0.0,0.0,0.0,0.0,0.0,0.0,0.0,0.0,0.0,0.0,0.0,0.0,0.0,0.0,0.0,
2021-11-14T16:00:00Z,19.0,0.0,0.0,0.0,0.0,0.0,,,10.613,10.6,10.62,,,4.006,4.0,4.01,,,,-6.529,,,,0.0,0.0,9.926,,,0.0,31.368,31.3,31.5,,,0.0,9496.0,9522.0,0.0,0.0,0.0,0.0,0.0,0.0,0.0,0.0,0.0,0.0,0.0,0.0,0.0,0.0,0.0,0.0,
2021-11-14T17:00:00Z,29.0,0.0,0.0,0.0,0.0,0.0,,,10.617,10.61,10.62,,,3.995,3.99,4.0,,,,-6.522,,,,0.0,0.0,9.93,,,0.0,31.19,31.0,31.3,,,0.0,9523.0,9551.0,0.0,0.0,0.0,0.0,0.0,0.0,0.0,0.0,0.0,0.0,0.0,0.0,0.0,0.0,0.0,0.0,
2021-11-14T18:00:00Z,24.0,0.0,0.0,0.0,0.0,0.0,,,10.611,10.6,10.62,,,3.98,3.97,3.99,,,,-6.512,,,,0.0,0.0,9.922,,,0.0,30.958,30.9,31.0,,,0.0,9552.0,9580.0,0.0,0.0,0.0,0.0,0.0,0.0,0.0,0.0,0.0,0.0,0.0,0.0,0.0,0.0,0.0,0.0,
2021-11-14T19:00:00Z,23.0,0.0,0.0,0.0,0.0,0.0,,,10.603,10.6,10.61,,,3.971,3.97,3.98,,,,-6.514,,,,0.0,0.0,9.907,,,0.0,30.87,30.8,30.9,,,0.0,9582.0,9606.0,0.0,0.0,0.0,0.0,0.0,0.0,0.0,0.0,0.0,0.0,0.0,0.0,0.0,0.0,0.0,0.0,
2021-11-14T20:00:00Z,29.0,0.0,0.0,0.0,0.0,0.0,,,10.594,10.58,10.61,,,3.96,3.95,3.96,,,,-6.508,,,,0.0,0.0,9.889,,,0.0,30.686,30.6,30.8,,,0.0,9610.0,9638.0,0.0,0.0,0.0,0.0,0.0,0.0,0.0,0.0,0.0,0.0,0.0,0.0,0.0,0.0,0.0,0.0,
2021-11-14T21:00:00Z,29.0,0.0,0.0,0.0,0.0,0.0,,,10.585,10.58,10.59,,,3.951,3.95,3.96,,,,-6.508,,,,0.0,0.0,9.876,,,0.0,30.528,30.5,30.6,,,0.0,9639.0,9667.0,0.0,0.0,0.0,0.0,0.0,0.0,0.0,0.0,0.0,0.0,0.0,0.0,0.0,0.0,0.0,0.0,
2021-11-14T22:00:00Z,30.0,0.0,1.016,5.44,0.353,2.27,,,10.577,10.56,10.59,,,3.95,3.95,3.95,,,,-6.51,,,,-6.619,0.0,9.864,,,0.0,30.42,30.3,30.5,,,-0.11,9668.0,9697.0,0.0,0.0,0.0,0.0,0.0,0.0,0.0,0.0,0.0,0.0,0.0,0.0,0.0,0.0,0.0,0.0,
2021-11-14T23:00:00Z,30.0,0.0,10.841,12.26,3.8,4.25,,,11.033,10.57,11.73,,,3.943,3.94,3.95,,,,-6.282,,,,-67.878,-27.45,10.365,,,0.0,30.8,30.5,31.0,,,-1.131,9698.0,9727.0,0.0,0.0,0.0,0.0,0.0,0.0,0.0,0.0,0.0,0.0,0.0,0.0,0.0,0.0,0.0,0.0,
2021-11-15T00:00:00Z,29.0,0.0,13.058,14.35,4.236,4.35,,,12.675,11.9,13.56,,,3.943,3.94,3.96,,,,-6.032,,,,-78.762,-72.68,12.033,,,0.0,30.866,30.8,30.9,,,-1.269,9728.0,9756.0,0.0,0.0,0.0,0.0,0.0,0.0,0.0,0.0,0.0,0.0,0.0,0.0,0.0,0.0,0.0,0.0,
2021-11-15T01:00:00Z,30.0,0.0,15.121,19.73,4.487,4.59,,,14.179,13.55,14.91,,,3.994,3.95,4.04,,,,-6.174,,,,-93.374,-82.86,13.489,,,0.0,31.26,30.9,31.6,,,-1.556,9757.0,9786.0,0.0,0.0,0.0,0.0,0.0,0.0,0.0,0.0,0.0,0.0,0.0,0.0,0.0,0.0,0.0,0.0,
2021-11-15T02:00:00Z,29.0,0.0,17.171,20.74,4.584,4.68,,,14.603,13.84,15.12,,,4.071,4.04,4.11,,,,-6.223,,,,-106.846,-88.94,13.902,,,0.0,31.714,31.6,31.8,,,-1.721,9787.0,9815.0,0.0,0.0,0.0,0.0,0.0,0.0,0.0,0.0,0.0,0.0,0.0,0.0,0.0,0.0,0.0,0.0,
2021-11-15T03:00:00Z,24.0,0.0,17.758,21.03,8.552,12.18,,,14.63,13.78,15.17,,,4.109,4.1,4.12,,,,-6.297,,,,-111.875,-87.4,13.933,,,0.132,32.046,31.7,32.1,,,-1.492,9816.0,9844.0,0.0,0.0,0.0,0.0,0.0,0.0,0.0,0.0,0.0,0.0,0.0,0.0,0.0,0.0,0.0,0.0,
2021-11-15T04:00:00Z,26.0,0.0,18.867,21.42,7.45,12.27,,,14.682,13.85,15.21,,,4.117,4.11,4.13,,,,-6.28,,,,-118.547,-91.37,14.037,,,0.278,32.562,32.1,33.2,,,-1.712,9845.0,9873.0,0.0,0.0,0.0,0.0,0.0,0.0,0.0,0.0,0.0,0.0,0.0,0.0,0.0,0.0,0.0,0.0,
2021-11-15T05:00:00Z,22.0,0.0,17.39,20.98,6.455,11.95,,,14.726,14.25,15.03,,,4.116,4.11,4.13,,,,-6.268,,,,-109.072,-90.24,14.0,,,0.417,33.195,33.0,33.4,,,-1.333,9874.0,9902.0,0.0,0.0,0.0,0.0,0.0,0.0,0.0,0.0,0.0,0.0,0.0,0.0,0.0,0.0,0.0,0.0,
2021-11-15T06:00:00Z,21.0,0.0,18.666,21.07,7.558,11.9,,,14.725,14.42,15.01,,,4.119,4.11,4.13,,,,-6.298,,,,-117.603,-97.82,13.995,,,0.365,33.619,33.4,33.9,,,-1.372,9903.0,9930.0,0.0,0.0,0.0,0.0,0.0,0.0,0.0,0.0,0.0,0.0,0.0,0.0,0.0,0.0,0.0,0.0,
2021-11-15T07:00:00Z,22.0,0.0,18.014,21.05,6.107,11.51,,,14.708,13.92,15.02,,,4.117,4.1,4.13,,,,-6.272,,,,-113.007,-88.24,14.013,,,0.349,34.027,33.8,34.2,,,-1.381,9931.0,9958.0,0.0,0.0,0.0,0.0,0.0,0.0,0.0,0.0,0.0,0.0,0.0,0.0,0.0,0.0,0.0,0.0,
2021-11-15T08:00:00Z,26.0,0.0,14.63,19.67,4.433,4.53,,,13.896,13.44,14.77,,,4.11,4.1,4.12,,,,-6.287,,,,-91.953,-85.61,13.245,,,1.85,34.196,34.1,34.2,,,-1.328,9960.0,9988.0,0.0,0.0,0.0,0.0,0.0,0.0,0.0,0.0,0.0,0.0,0.0,0.0,0.0,0.0,0.0,0.0,
2021-11-15T09:00:00Z,29.0,0.0,13.38,14.05,3.839,4.36,,,12.947,12.66,13.43,,,4.096,4.09,4.1,,,,-6.385,,,,-85.428,-81.98,12.3,,,3.389,34.414,34.2,34.6,,,-1.376,9989.0,10017.0,0.0,0.0,0.0,0.0,0.0,0.0,0.0,0.0,0.0,0.0,0.0,0.0,0.0,0.0,0.0,0.0,
2021-11-15T10:00:00Z,30.0,0.0,4.011,13.33,1.154,3.84,,,12.633,12.6,12.66,,,4.081,4.07,4.09,,,,-6.441,,,,-25.841,0.0,12.002,,,1.987,34.037,33.5,34.6,,,-0.431,10018.0,10047.0,0.0,0.0,0.0,0.0,0.0,0.0,0.0,0.0,0.0,0.0,0.0,0.0,0.0,0.0,0.0,0.0,
2021-11-15T11:00:00Z,30.0,0.0,0.0,0.0,0.0,0.0,,,12.625,12.6,12.65,,,4.067,4.06,4.08,,,,-6.436,,,,0.0,0.0,11.994,,,0.135,33.407,33.4,33.5,,,0.0,10048.0,10077.0,0.0,0.0,0.0,0.0,0.0,0.0,0.0,0.0,0.0,0.0,0.0,0.0,0.0,0.0,0.0,0.0,
2021-11-15T12:00:00Z,29.0,0.0,0.0,0.0,0.0,0.0,,,12.616,12.59,12.63,,,4.053,4.05,4.06,,,,-6.435,,,,0.0,0.0,11.984,,,0.0,33.4,33.4,33.4,,,0.0,10078.0,10106.0,0.0,0.0,0.0,0.0,0.0,0.0,0.0,0.0,0.0,0.0,0.0,0.0,0.0,0.0,0.0,0.0,
2021-11-15T13:00:00Z,30.0,0.0,0.0,0.0,0.0,0.0,,,12.595,12.58,12.61,,,4.044,4.04,4.05,,,,-6.429,,,,0.0,0.0,11.965,,,0.0,33.39,33.3,33.4,,,0.0,10107.0,10136.0,0.0,0.0,0.0,0.0,0.0,0.0,0.0,0.0,0.0,0.0,0.0,0.0,0.0,0.0,0.0,0.0,
2021-11-15T14:00:00Z,29.0,0.0,0.0,0.0,0.0,0.0,,,12.08,10.59,12.6,,,4.033,4.03,4.04,,,,-6.456,,,,0.0,0.0,11.434,,,0.0,33.3,33.2,33.4,,,0.0,10137.0,10165.0,0.0,0.0,0.0,0.0,0.0,0.0,0.0,0.0,0.0,0.0,0.0,0.0,0.0,0.0,0.0,0.0,
2021-11-15T15:00:00Z,30.0,0.0,0.0,0.0,0.0,0.0,,,10.622,10.61,10.63,,,4.024,4.02,4.03,,,,-6.541,,,,0.0,0.0,9.937,,,0.0,32.983,32.8,33.2,,,0.0,10166.0,10195.0,0.0,0.0,0.0,0.0,0.0,0.0,0.0,0.0,0.0,0.0,0.0,0.0,0.0,0.0,0.0,0.0,
2021-11-15T16:00:00Z,30.0,0.0,0.0,0.0,0.0,0.0,,,10.626,10.61,10.63,,,4.013,4.01,4.02,,,,-6.538,,,,0.0,0.0,9.942,,,0.0,32.62,32.5,32.9,,,0.0,10196.0,10225.0,0.0,0.0,0.0,0.0,0.0,0.0,0.0,0.0,0.0,0.0,0.0,0.0,0.0,0.0,0.0,0.0,
2021-11-15T17:00:00Z,29.0,0.0,0.0,0.0,0.0,0.0,,,10.63,10.63,10.63,,,4.004,4.0,4.01,,,,-6.534,,,,0.0,0.0,9.947,,,0.0,32.397,32.3,32.5,,,0.0,10226.0,10254.0,0.0,0.0,0.0,0.0,0.0,0.0,0.0,0.0,0.0,0.0,0.0,0.0,0.0,0.0,0.0,0.0,
2021-11-15T18:00:00Z,30.0,0.0,0.0,0.0,0.0,0.0,,,10.629,10.62,10.64,,,3.997,3.99,4.0,,,,-6.534,,,,0.0,0.0,9.953,,,0.0,32.15,32.1,32.3,,,0.0,10255.0,10284.0,0.0,0.0,0.0,0.0,0.0,0.0,0.0,0.0,0.0,0.0,0.0,0.0,0.0,0.0,0.0,0.0,
2021-11-15T19:00:00Z,29.0,0.0,0.0,0.0,0.0,0.0,,,10.626,10.61,10.63,,,3.989,3.98,3.99,,,,-6.528,,,,0.0,0.0,9.943,,,0.0,32.086,32.0,32.1,,,0.0,10285.0,10313.0,0.0,0.0,0.0,0.0,0.0,0.0,0.0,0.0,0.0,0.0,0.0,0.0,0.0,0.0,0.0,0.0,
2021-11-15T20:00:00Z,30.0,0.0,0.0,0.0,0.0,0.0,,,10.616,10.6,10.63,,,3.98,3.98,3.99,,,,-6.522,,,,0.0,0.0,9.929,,,0.0,32.003,32.0,32.1,,,0.0,10314.0,10343.0,0.0,0.0,0.0,0.0,0.0,0.0,0.0,0.0,0.0,0.0,0.0,0.0,0.0,0.0,0.0,0.0,
2021-11-15T21:00:00Z,30.0,0.0,0.0,0.0,0.0,0.0,,,10.603,10.6,10.61,,,3.976,3.97,3.98,,,,-6.521,,,,0.0,0.0,9.91,,,0.0,31.887,31.7,32.0,,,0.0,10344.0,10373.0,0.0,0.0,0.0,0.0,0.0,0.0,0.0,0.0,0.0,0.0,0.0,0.0,0.0,0.0,0.0,0.0,
2021-11-15T22:00:00Z,29.0,0.0,0.718,5.32,0.198,1.92,,,10.594,10.58,10.6,,,3.97,3.96,3.97,,,,-6.524,,,,-4.688,0.0,9.891,,,0.0,31.71,31.7,31.8,,,-0.076,10374.0,10402.0,0.0,0.0,0.0,0.0,0.0,0.0,0.0,0.0,0.0,0.0,0.0,0.0,0.0,0.0,0.0,0.0,
2021-11-15T23:00:00Z,30.0,0.0,10.593,12.22,3.82,4.22,,,10.99,10.58,11.65,,,3.962,3.95,3.97,,,,-6.355,,,,-67.142,-18.58,10.326,,,0.0,32.047,31.7,32.1,,,-1.119,10403.0,10432.0,0.0,0.0,0.0,0.0,0.0,0.0,0.0,0.0,0.0,0.0,0.0,0.0,0.0,0.0,0.0,0.0,
2021-11-16T00:00:00Z,29.0,0.0,11.782,13.06,4.032,4.27,,,11.532,10.78,12.4,,,3.955,3.95,3.96,,,,-6.242,,,,-73.493,-69.9,10.882,,,0.0,32.11,32.1,32.2,,,-1.184,10433.0,10461.0,0.0,0.0,0.0,0.0,0.0,0.0,0.0,0.0,0.0,0.0,0.0,0.0,0.0,0.0,0.0,0.0,
2021-11-16T01:00:00Z,30.0,0.0,13.459,14.04,4.318,4.36,,,13.089,11.63,13.29,,,3.967,3.95,3.98,,,,-6.162,,,,-82.943,-73.58,12.433,,,0.0,32.1,32.1,32.1,,,-1.382,10462.0,10491.0,0.0,0.0,0.0,0.0,0.0,0.0,0.0,0.0,0.0,0.0,0.0,0.0,0.0,0.0,0.0,0.0,
2021-11-16T02:00:00Z,30.0,0.0,13.758,14.26,4.391,4.46,,,13.412,13.28,13.58,,,3.991,3.98,4.01,,,,-6.221,,,,-85.592,-83.72,12.756,,,0.0,32.13,32.1,32.2,,,-1.427,10492.0,10521.0,0.0,0.0,0.0,0.0,0.0,0.0,0.0,0.0,0.0,0.0,0.0,0.0,0.0,0.0,0.0,0.0,
2021-11-16T03:00:00Z,29.0,0.0,16.639,21.02,6.546,11.74,,,14.523,13.63,15.03,,,4.086,4.01,4.12,,,,-6.271,,,,-104.377,-86.48,13.831,,,0.0,32.528,32.2,32.9,,,-1.682,10522.0,10550.0,0.0,0.0,0.0,0.0,0.0,0.0,0.0,0.0,0.0,0.0,0.0,0.0,0.0,0.0,0.0,0.0,
2021-11-16T04:00:00Z,30.0,0.0,17.934,20.79,10.929,12.08,,,14.684,14.29,15.2,,,4.118,4.11,4.12,,,,-6.352,,,,-113.994,-97.49,13.974,,,0.0,33.063,32.7,33.3,,,-1.9,10551.0,10580.0,0.0,0.0,0.0,0.0,0.0,0.0,0.0,0.0,0.0,0.0,0.0,0.0,0.0,0.0,0.0,0.0,
2021-11-16T05:00:00Z,29.0,0.0,18.534,20.85,10.137,11.93,,,14.681,14.35,15.06,,,4.119,4.11,4.12,,,,-6.339,,,,-117.552,-97.44,13.966,,,0.632,33.355,33.2,33.4,,,-1.894,10581.0,10609.0,0.0,0.0,0.0,0.0,0.0,0.0,0.0,0.0,0.0,0.0,0.0,0.0,0.0,0.0,0.0,0.0,
2021-11-16T06:00:00Z,30.0,0.0,17.34,21.05,6.252,12.09,,,14.551,13.75,14.87,,,4.12,4.11,4.13,,,,-6.274,,,,-108.841,-87.68,13.866,,,0.337,33.497,33.4,33.9,,,-1.814,10610.0,10639.0,0.0,0.0,0.0,0.0,0.0,0.0,0.0,0.0,0.0,0.0,0.0,0.0,0.0,0.0,0.0,0.0,
2021-11-16T07:00:00Z,30.0,0.0,17.425,21.04,6.048,12.06,,,14.749,14.28,15.01,,,4.122,4.11,4.13,,,,-6.266,,,,-109.248,-91.81,14.088,,,0.382,34.047,33.8,34.2,,,-1.821,10640.0,10669.0,0.0,0.0,0.0,0.0,0.0,0.0,0.0,0.0,0.0,0.0,0.0,0.0,0.0,0.0,0.0,0.0,
2021-11-16T08:00:00Z,29.0,0.0,18.435,21.0,5.274,11.53,,,14.758,14.26,15.01,,,4.121,4.12,4.13,,,,-6.258,,,,-115.383,-91.9,14.067,,,0.246,34.417,34.2,34.5,,,-1.859,10670.0,10698.0,0.0,0.0,0.0,0.0,0.0,0.0,0.0,0.0,0.0,0.0,0.0,0.0,0.0,0.0,0.0,0.0,
2021-11-16T09:00:00Z,30.0,0.0,13.7,15.09,4.231,4.46,,,13.415,12.71,14.76,,,4.111,4.1,4.12,,,,-6.323,,,,-86.597,-82.34,12.769,,,0.0,34.36,34.3,34.5,,,-1.443,10699.0,10728.0,0.0,0.0,0.0,0.0,0.0,0.0,0.0,0.0,0.0,0.0,0.0,0.0,0.0,0.0,0.0,0.0,
2021-11-16T10:00:00Z,29.0,0.0,4.653,13.11,1.382,3.85,,,12.642,12.61,12.7,,,4.095,4.08,4.1,,,,-6.44,,,,-29.98,0.0,12.01,,,0.0,33.945,33.4,34.5,,,-0.483,10729.0,10757.0,0.0,0.0,0.0,0.0,0.0,0.0,0.0,0.0,0.0,0.0,0.0,0.0,0.0,0.0,0.0,0.0,
2021-11-16T11:00:00Z,30.0,0.0,0.0,0.0,0.0,0.0,,,12.623,12.6,12.65,,,4.08,4.07,4.09,,,,-6.434,,,,0.0,0.0,11.991,,,0.0,33.4,33.4,33.4,,,0.0,10758.0,10787.0,0.0,0.0,0.0,0.0,0.0,0.0,0.0,0.0,0.0,0.0,0.0,0.0,0.0,0.0,0.0,0.0,
2021-11-16T12:00:00Z,30.0,0.0,0.0,0.0,0.0,0.0,,,12.608,12.58,12.63,,,4.067,4.06,4.08,,,,-6.433,,,,0.0,0.0,11.976,,,0.0,33.35,33.3,33.4,,,0.0,10788.0,10817.0,0.0,0.0,0.0,0.0,0.0,0.0,0.0,0.0,0.0,0.0,0.0,0.0,0.0,0.0,0.0,0.0,
2021-11-16T13:00:00Z,29.0,0.0,0.0,0.0,0.0,0.0,,,12.594,12.57,12.63,,,4.053,4.05,4.06,,,,-6.43,,,,0.0,0.0,11.96,,,0.0,33.266,33.2,33.4,,,0.0,10818.0,10846.0,0.0,0.0,0.0,0.0,0.0,0.0,0.0,0.0,0.0,0.0,0.0,0.0,0.0,0.0,0.0,0.0,
2021-11-16T14:00:00Z,30.0,0.0,0.0,0.0,0.0,0.0,,,11.779,10.6,12.59,,,4.041,4.04,4.05,,,,-6.474,,,,0.0,0.0,11.122,,,0.0,33.033,32.8,33.2,,,0.0,10847.0,10876.0,0.0,0.0,0.0,0.0,0.0,0.0,0.0,0.0,0.0,0.0,0.0,0.0,0.0,0.0,0.0,0.0,
2021-11-16T15:00:00Z,30.0,0.0,0.0,0.0,0.0,0.0,,,10.625,10.61,10.63,,,4.032,4.03,4.04,,,,-6.542,,,,0.0,0.0,9.94,,,0.0,32.59,32.5,32.8,,,0.0,10877.0,10906.0,0.0,0.0,0.0,0.0,0.0,0.0,0.0,0.0,0.0,0.0,0.0,0.0,0.0,0.0,0.0,0.0,
2021-11-16T16:00:00Z,29.0,0.0,0.0,0.0,0.0,0.0,,,10.63,10.61,10.64,,,4.022,4.02,4.03,,,,-6.538,,,,0.0,0.0,9.947,,,0.0,32.331,32.2,32.5,,,0.0,10907.0,10935.0,0.0,0.0,0.0,0.0,0.0,0.0,0.0,0.0,0.0,0.0,0.0,0.0,0.0,0.0,0.0,0.0,
2021-11-16T17:00:00Z,30.0,0.0,0.0,0.0,0.0,0.0,,,10.631,10.62,10.64,,,4.012,4.01,4.02,,,,-6.537,,,,0.0,0.0,9.953,,,0.0,32.113,32.1,32.2,,,0.0,10936.0,10965.0,0.0,0.0,0.0,0.0,0.0,0.0,0.0,0.0,0.0,0.0,0.0,0.0,0.0,0.0,0.0,0.0,
2021-11-16T18:00:00Z,23.0,0.0,0.0,0.0,0.0,0.0,,,10.633,10.63,10.64,,,4.0,3.99,4.01,,,,-6.535,,,,0.0,0.0,9.957,,,0.0,32.048,32.0,32.1,,,0.0,10966.0,10993.0,0.0,0.0,0.0,0.0,0.0,0.0,0.0,0.0,0.0,0.0,0.0,0.0,0.0,0.0,0.0,0.0,
2021-11-16T19:00:00Z,28.0,0.0,0.0,0.0,0.0,0.0,,,10.631,10.62,10.64,,,3.985,3.98,3.99,,,,-6.528,,,,0.0,0.0,9.95,,,0.0,31.911,31.8,32.0,,,0.0,10994.0,11022.0,0.0,0.0,0.0,0.0,0.0,0.0,0.0,0.0,0.0,0.0,0.0,0.0,0.0,0.0,0.0,0.0,
2021-11-16T20:00:00Z,24.0,0.0,0.0,0.0,0.0,0.0,,,10.62,10.61,10.63,,,3.977,3.97,3.98,,,,-6.518,,,,0.0,0.0,9.928,,,0.0,31.696,31.6,31.8,,,0.0,11023.0,11051.0,0.0,0.0,0.0,0.0,0.0,0.0,0.0,0.0,0.0,0.0,0.0,0.0,0.0,0.0,0.0,0.0,
2021-11-16T21:00:00Z,21.0,0.0,0.0,0.0,0.0,0.0,,,10.606,10.6,10.62,,,3.963,3.95,3.97,,,,-6.512,,,,0.0,0.0,9.916,,,0.0,31.49,31.3,31.7,,,0.0,11052.0,11079.0,0.0,0.0,0.0,0.0,0.0,0.0,0.0,0.0,0.0,0.0,0.0,0.0,0.0,0.0,0.0,0.0,
2021-11-16T22:00:00Z,23.0,0.0,1.794,10.64,0.515,3.74,,,10.598,10.59,10.61,,,3.951,3.94,3.96,,,,-6.518,,,,-11.69,0.0,9.902,,,0.0,31.296,31.2,31.4,,,-0.149,11081.0,11108.0,0.0,0.0,0.0,0.0,0.0,0.0,0.0,0.0,0.0,0.0,0.0,0.0,0.0,0.0,0.0,0.0,
2021-11-16T23:00:00Z,29.0,0.0,11.408,12.81,3.953,4.27,,,11.155,10.6,12.11,,,3.942,3.94,3.95,,,,-6.261,,,,-71.33,-69.09,10.49,,,0.0,31.769,31.5,32.0,,,-1.149,11109.0,11137.0,0.0,0.0,0.0,0.0,0.0,0.0,0.0,0.0,0.0,0.0,0.0,0.0,0.0,0.0,0.0,0.0,
2021-11-17T00:00:00Z,30.0,0.0,13.488,14.28,4.358,4.41,,,13.217,12.23,13.49,,,3.964,3.94,3.98,,,,-6.144,,,,-82.878,-74.85,12.569,,,0.0,32.027,31.8,32.1,,,-1.381,11138.0,11167.0,0.0,0.0,0.0,0.0,0.0,0.0,0.0,0.0,0.0,0.0,0.0,0.0,0.0,0.0,0.0,0.0,
2021-11-17T01:00:00Z,28.0,0.0,15.004,20.69,4.53,4.63,,,14.082,13.54,14.83,,,4.021,3.98,4.07,,,,-6.23,,,,-93.474,-85.39,13.388,,,0.0,32.1,32.0,32.2,,,-1.454,11168.0,11196.0,0.0,0.0,0.0,0.0,0.0,0.0,0.0,0.0,0.0,0.0,0.0,0.0,0.0,0.0,0.0,0.0,
2021-11-17T02:00:00Z,30.0,0.0,19.051,20.71,9.553,11.77,,,14.593,14.26,15.0,,,4.104,4.07,4.12,,,,-6.327,,,,-120.593,-98.99,13.937,,,0.0,32.633,32.2,33.1,,,-2.01,11197.0,11226.0,0.0,0.0,0.0,0.0,0.0,0.0,0.0,0.0,0.0,0.0,0.0,0.0,0.0,0.0,0.0,0.0,
2021-11-17T03:00:00Z,30.0,0.0,18.268,20.3,9.951,11.8,,,14.567,13.93,15.07,,,4.119,4.11,4.12,,,,-6.339,,,,-115.897,-88.3,13.903,,,0.0,33.247,33.0,33.4,,,-1.932,11227.0,11256.0,0.0,0.0,0.0,0.0,0.0,0.0,0.0,0.0,0.0,0.0,0.0,0.0,0.0,0.0,0.0,0.0,
2021-11-17T04:00:00Z,29.0,0.0,16.538,20.41,6.241,12.13,,,14.424,13.84,15.13,,,4.123,4.12,4.14,,,,-6.285,,,,-103.99,-87.82,13.766,,,0.0,33.4,33.2,33.8,,,-1.675,11257.0,11285.0,0.0,0.0,0.0,0.0,0.0,0.0,0.0,0.0,0.0,0.0,0.0,0.0,0.0,0.0,0.0,0.0,
2021-11-17T05:00:00Z,30.0,0.0,18.72,20.7,9.68,12.32,,,14.728,14.42,15.32,,,4.128,4.12,4.13,,,,-6.343,,,,-118.765,-97.71,14.047,,,0.0,34.177,33.8,34.6,,,-1.979,11286.0,11315.0,0.0,0.0,0.0,0.0,0.0,0.0,0.0,0.0,0.0,0.0,0.0,0.0,0.0,0.0,0.0,0.0,
2021-11-17T06:00:00Z,29.0,0.0,15.656,20.86,5.452,11.55,,,14.236,13.68,14.99,,,4.118,4.11,4.13,,,,-6.289,,,,-98.474,-86.88,13.553,,,4.867,34.459,34.3,34.6,,,-1.587,11316.0,11344.0,0.0,0.0,0.0,0.0,0.0,0.0,0.0,0.0,0.0,0.0,0.0,0.0,0.0,0.0,0.0,0.0,
2021-11-17T07:00:00Z,30.0,0.0,16.847,21.3,5.489,12.04,,,14.495,13.82,15.07,,,4.123,4.12,4.14,,,,-6.278,,,,-105.788,-87.83,13.823,,,4.252,34.697,34.5,34.8,,,-1.763,11345.0,11374.0,0.0,0.0,0.0,0.0,0.0,0.0,0.0,0.0,0.0,0.0,0.0,0.0,0.0,0.0,0.0,0.0,
2021-11-17T08:00:00Z,30.0,0.0,14.664,21.06,4.452,4.54,,,13.79,12.99,14.82,,,4.118,4.11,4.12,,,,-6.296,,,,-92.29,-83.0,13.142,,,4.932,34.783,34.7,35.0,,,-1.538,11375.0,11404.0,0.0,0.0,0.0,0.0,0.0,0.0,0.0,0.0,0.0,0.0,0.0,0.0,0.0,0.0,0.0,0.0,
2021-11-17T09:00:00Z,29.0,0.0,13.531,15.72,4.056,4.52,,,13.162,12.61,14.81,,,4.113,4.1,4.12,,,,-6.36,,,,-86.036,-81.96,12.517,,,0.0,34.9,34.8,35.0,,,-1.386,11405.0,11433.0,0.0,0.0,0.0,0.0,0.0,0.0,0.0,0.0,0.0,0.0,0.0,0.0,0.0,0.0,0.0,0.0,
2021-11-17T10:00:00Z,30.0,0.0,4.09,13.06,1.243,3.84,,,12.621,12.6,12.65,,,4.095,4.09,4.1,,,,-6.447,,,,-26.411,0.0,11.99,,,0.0,34.433,33.9,34.9,,,-0.44,11434.0,11463.0,0.0,0.0,0.0,0.0,0.0,0.0,0.0,0.0,0.0,0.0,0.0,0.0,0.0,0.0,0.0,0.0,
2021-11-17T11:00:00Z,28.0,0.0,0.0,0.0,0.0,0.0,,,12.619,12.6,12.63,,,4.078,4.07,4.09,,,,-6.437,,,,0.0,0.0,11.986,,,0.0,33.771,33.6,33.9,,,0.0,11464.0,11492.0,0.0,0.0,0.0,0.0,0.0,0.0,0.0,0.0,0.0,0.0,0.0,0.0,0.0,0.0,0.0,0.0,
2021-11-17T12:00:00Z,30.0,0.0,0.0,0.0,0.0,0.0,,,12.602,12.58,12.63,,,4.062,4.05,4.07,,,,-6.433,,,,0.0,0.0,11.971,,,0.0,33.48,33.4,33.6,,,0.0,11493.0,11522.0,0.0,0.0,0.0,0.0,0.0,0.0,0.0,0.0,0.0,0.0,0.0,0.0,0.0,0.0,0.0,0.0,
2021-11-17T13:00:00Z,29.0,0.0,0.0,0.0,0.0,0.0,,,11.699,10.54,12.62,,,4.048,4.04,4.05,,,,-6.484,,,,0.0,0.0,11.041,,,0.0,33.362,33.3,33.4,,,0.0,11523.0,11551.0,0.0,0.0,0.0,0.0,0.0,0.0,0.0,0.0,0.0,0.0,0.0,0.0,0.0,0.0,0.0,0.0,
2021-11-17T14:00:00Z,30.0,0.0,0.0,0.0,0.0,0.0,,,10.635,10.62,10.65,,,4.037,4.03,4.04,,,,-6.543,,,,0.0,0.0,9.955,,,0.0,33.157,33.0,33.3,,,0.0,11552.0,11581.0,0.0,0.0,0.0,0.0,0.0,0.0,0.0,0.0,0.0,0.0,0.0,0.0,0.0,0.0,0.0,0.0,
2021-11-17T15:00:00Z,28.0,0.0,0.0,0.0,0.0,0.0,,,10.636,10.63,10.65,,,4.026,4.02,4.03,,,,-6.538,,,,0.0,0.0,9.957,,,0.0,32.8,32.6,33.0,,,0.0,11582.0,11610.0,0.0,0.0,0.0,0.0,0.0,0.0,0.0,0.0,0.0,0.0,0.0,0.0,0.0,0.0,0.0,0.0,
2021-11-17T16:00:00Z,30.0,0.0,0.0,0.0,0.0,0.0,,,10.64,10.63,10.65,,,4.012,4.01,4.02,,,,-6.535,,,,0.0,0.0,9.961,,,0.0,32.447,32.3,32.5,,,0.0,11611.0,11640.0,0.0,0.0,0.0,0.0,0.0,0.0,0.0,0.0,0.0,0.0,0.0,0.0,0.0,0.0,0.0,0.0,
2021-11-17T17:00:00Z,28.0,0.0,0.0,0.0,0.0,0.0,,,10.638,10.63,10.65,,,4.002,4.0,4.01,,,,-6.531,,,,0.0,0.0,9.96,,,0.0,32.164,32.1,32.3,,,0.0,11641.0,11669.0,0.0,0.0,0.0,0.0,0.0,0.0,0.0,0.0,0.0,0.0,0.0,0.0,0.0,0.0,0.0,0.0,
2021-11-17T18:00:00Z,28.0,0.0,0.0,0.0,0.0,0.0,,,10.63,10.62,10.64,,,3.993,3.99,4.0,,,,-6.53,,,,0.0,0.0,9.95,,,0.0,32.093,32.0,32.1,,,0.0,11670.0,11698.0,0.0,0.0,0.0,0.0,0.0,0.0,0.0,0.0,0.0,0.0,0.0,0.0,0.0,0.0,0.0,0.0,
2021-11-17T19:00:00Z,28.0,0.0,0.0,0.0,0.0,0.0,,,10.617,10.61,10.63,,,3.983,3.98,3.99,,,,-6.529,,,,0.0,0.0,9.931,,,0.0,31.996,31.9,32.1,,,0.0,11699.0,11727.0,0.0,0.0,0.0,0.0,0.0,0.0,0.0,0.0,0.0,0.0,0.0,0.0,0.0,0.0,0.0,0.0,
2021-11-17T20:00:00Z,25.0,0.0,0.0,0.0,0.0,0.0,,,10.608,10.6,10.62,,,3.971,3.97,3.98,,,,-6.516,,,,0.0,0.0,9.92,,,0.0,31.832,31.7,32.0,,,0.0,11728.0,11756.0,0.0,0.0,0.0,0.0,0.0,0.0,0.0,0.0,0.0,0.0,0.0,0.0,0.0,0.0,0.0,0.0,
2021-11-17T21:00:00Z,28.0,0.0,0.0,0.0,0.0,0.0,,,10.599,10.59,10.61,,,3.963,3.96,3.97,,,,-6.515,,,,0.0,0.0,9.907,,,0.0,31.664,31.6,31.7,,,0.0,11757.0,11785.0,0.0,0.0,0.0,0.0,0.0,0.0,0.0,0.0,0.0,0.0,0.0,0.0,0.0,0.0,0.0,0.0,
2021-11-17T22:00:00Z,30.0,0.0,0.887,4.93,0.353,2.48,,,10.592,10.58,10.6,,,3.953,3.95,3.96,,,,-6.516,,,,-5.787,0.0,9.885,,,0.0,31.46,31.3,31.6,,,-0.096,11786.0,11815.0,0.0,0.0,0.0,0.0,0.0,0.0,0.0,0.0,0.0,0.0,0.0,0.0,0.0,0.0,0.0,0.0,
2021-11-17T23:00:00Z,28.0,0.0,10.645,12.09,3.606,4.21,,,10.847,10.58,11.48,,,3.946,3.94,3.95,,,,-6.386,,,,-67.839,-29.15,10.162,,,0.0,31.9,31.5,32.1,,,-1.055,11816.0,11844.0,0.0,0.0,0.0,0.0,0.0,0.0,0.0,0.0,0.0,0.0,0.0,0.0,0.0,0.0,0.0,0.0,
2021-11-18T00:00:00Z,24.0,0.0,13.109,14.4,4.355,4.46,,,12.727,11.51,13.61,,,3.958,3.94,3.98,,,,-6.145,,,,-80.584,-70.53,12.077,,,0.0,32.029,31.9,32.1,,,-1.074,11845.0,11872.0,0.0,0.0,0.0,0.0,0.0,0.0,0.0,0.0,0.0,0.0,0.0,0.0,0.0,0.0,0.0,0.0,
2021-11-18T01:00:00Z,25.0,0.0,14.227,15.02,4.468,4.57,,,13.72,13.38,14.05,,,4.005,3.98,4.02,,,,-6.23,,,,-88.629,-84.25,13.052,,,0.0,32.12,32.1,32.2,,,-1.231,11873.0,11901.0,0.0,0.0,0.0,0.0,0.0,0.0,0.0,0.0,0.0,0.0,0.0,0.0,0.0,0.0,0.0,0.0,
2021-11-18T02:00:00Z,29.0,0.0,14.43,15.8,4.462,4.55,,,13.962,13.55,14.81,,,4.026,4.01,4.05,,,,-6.228,,,,-89.868,-85.41,13.286,,,0.0,32.214,32.1,32.5,,,-1.448,11902.0,11930.0,0.0,0.0,0.0,0.0,0.0,0.0,0.0,0.0,0.0,0.0,0.0,0.0,0.0,0.0,0.0,0.0,
2021-11-18T03:00:00Z,30.0,0.0,19.201,21.39,9.512,12.11,,,14.598,14.3,15.09,,,4.109,4.06,4.14,,,,-6.333,,,,-121.666,-96.14,13.955,,,0.0,33.123,32.5,33.4,,,-2.028,11931.0,11960.0,0.0,0.0,0.0,0.0,0.0,0.0,0.0,0.0,0.0,0.0,0.0,0.0,0.0,0.0,0.0,0.0,
2021-11-18T04:00:00Z,30.0,0.0,18.938,20.78,11.42,11.96,,,14.693,14.37,15.32,,,4.12,4.12,4.12,,,,-6.366,,,,-120.597,-100.77,14.05,,,0.0,33.443,33.4,33.6,,,-2.01,11961.0,11990.0,0.0,0.0,0.0,0.0,0.0,0.0,0.0,0.0,0.0,0.0,0.0,0.0,0.0,0.0,0.0,0.0,
2021-11-18T05:00:00Z,29.0,0.0,18.91,20.64,8.774,11.57,,,14.656,14.4,14.96,,,4.119,4.11,4.12,,,,-6.326,,,,-119.622,-98.71,13.966,,,0.0,33.786,33.5,34.1,,,-1.927,11991.0,12019.0,0.0,0.0,0.0,0.0,0.0,0.0,0.0,0.0,0.0,0.0,0.0,0.0,0.0,0.0,0.0,0.0,
2021-11-18T06:00:00Z,30.0,0.0,16.838,20.84,6.278,11.55,,,14.359,12.84,14.93,,,4.118,4.11,4.12,,,,-6.303,,,,-106.138,-83.1,13.698,,,0.0,34.177,34.0,34.3,,,-1.769,12020.0,12049.0,0.0,0.0,0.0,0.0,0.0,0.0,0.0,0.0,0.0,0.0,0.0,0.0,0.0,0.0,0.0,0.0,
2021-11-18T07:00:00Z,26.0,0.0,13.82,15.73,4.287,4.55,,,13.695,12.63,14.78,,,4.112,4.1,4.12,,,,-6.315,,,,-87.21,-45.54,13.032,,,0.177,34.227,34.0,34.5,,,-1.26,12050.0,12078.0,0.0,0.0,0.0,0.0,0.0,0.0,0.0,0.0,0.0,0.0,0.0,0.0,0.0,0.0,0.0,0.0,
2021-11-18T08:00:00Z,30.0,0.0,13.729,15.07,4.308,4.51,,,13.385,12.66,14.51,,,4.113,4.11,4.12,,,,-6.322,,,,-86.781,-81.85,12.739,,,0.0,34.517,34.5,34.6,,,-1.446,12079.0,12108.0,0.0,0.0,0.0,0.0,0.0,0.0,0.0,0.0,0.0,0.0,0.0,0.0,0.0,0.0,0.0,0.0,
2021-11-18T09:00:00Z,29.0,0.0,13.224,14.09,4.209,4.44,,,13.022,12.64,13.36,,,4.107,4.1,4.11,,,,-6.349,,,,-83.941,-81.79,12.38,,,0.0,34.576,34.5,34.6,,,-1.352,12109.0,12137.0,0.0,0.0,0.0,0.0,0.0,0.0,0.0,0.0,0.0,0.0,0.0,0.0,0.0,0.0,0.0,0.0,
2021-11-18T10:00:00Z,30.0,0.0,4.465,13.3,1.348,3.98,,,12.601,12.57,12.65,,,4.094,4.09,4.1,,,,-6.449,,,,-28.779,0.0,11.964,,,0.0,34.067,33.4,34.6,,,-0.48,12138.0,12167.0,0.0,0.0,0.0,0.0,0.0,0.0,0.0,0.0,0.0,0.0,0.0,0.0,0.0,0.0,0.0,0.0,
2021-11-18T11:00:00Z,29.0,0.0,0.0,0.0,0.0,0.0,,,12.599,12.57,12.62,,,4.077,4.07,4.09,,,,-6.439,,,,0.0,0.0,11.957,,,0.0,33.379,33.3,33.4,,,0.0,12168.0,12196.0,0.0,0.0,0.0,0.0,0.0,0.0,0.0,0.0,0.0,0.0,0.0,0.0,0.0,0.0,0.0,0.0,
2021-11-18T12:00:00Z,26.0,0.0,0.0,0.0,0.0,0.0,,,12.585,12.56,12.6,,,4.063,4.05,4.07,,,,-6.433,,,,0.0,0.0,11.949,,,0.0,33.265,33.1,33.3,,,0.0,12197.0,12224.0,0.0,0.0,0.0,0.0,0.0,0.0,0.0,0.0,0.0,0.0,0.0,0.0,0.0,0.0,0.0,0.0,
2021-11-18T13:00:00Z,28.0,0.0,0.0,0.0,0.0,0.0,,,10.965,10.6,12.58,,,4.042,4.03,4.05,,,,-6.526,,,,0.0,0.0,10.291,,,0.0,32.843,32.6,33.1,,,0.0,12226.0,12254.0,0.0,0.0,0.0,0.0,0.0,0.0,0.0,0.0,0.0,0.0,0.0,0.0,0.0,0.0,0.0,0.0,
2021-11-18T14:00:00Z,24.0,0.0,0.0,0.0,0.0,0.0,,,10.63,10.62,10.64,,,4.025,4.02,4.03,,,,-6.537,,,,0.0,0.0,9.951,,,0.0,32.429,32.3,32.5,,,0.0,12256.0,12283.0,0.0,0.0,0.0,0.0,0.0,0.0,0.0,0.0,0.0,0.0,0.0,0.0,0.0,0.0,0.0,0.0,
2021-11-18T15:00:00Z,30.0,0.0,0.0,0.0,0.0,0.0,,,10.632,10.62,10.65,,,4.012,4.01,4.02,,,,-6.535,,,,0.0,0.0,9.957,,,0.0,32.137,32.1,32.3,,,0.0,12284.0,12313.0,0.0,0.0,0.0,0.0,0.0,0.0,0.0,0.0,0.0,0.0,0.0,0.0,0.0,0.0,0.0,0.0,
2021-11-18T16:00:00Z,29.0,0.0,0.0,0.0,0.0,0.0,,,10.634,10.63,10.65,,,4.001,4.0,4.01,,,,-6.531,,,,0.0,0.0,9.96,,,0.0,31.986,31.9,32.1,,,0.0,12314.0,12342.0,0.0,0.0,0.0,0.0,0.0,0.0,0.0,0.0,0.0,0.0,0.0,0.0,0.0,0.0,0.0,0.0,
2021-11-18T17:00:00Z,30.0,0.0,0.0,0.0,0.0,0.0,,,10.63,10.62,10.64,,,3.995,3.99,4.0,,,,-6.527,,,,0.0,0.0,9.955,,,0.0,31.77,31.6,31.9,,,0.0,12343.0,12372.0,0.0,0.0,0.0,0.0,0.0,0.0,0.0,0.0,0.0,0.0,0.0,0.0,0.0,0.0,0.0,0.0,
2021-11-18T18:00:00Z,30.0,0.0,0.0,0.0,0.0,0.0,,,10.623,10.61,10.63,,,3.987,3.98,3.99,,,,-6.523,,,,0.0,0.0,9.939,,,0.0,31.437,31.3,31.7,,,0.0,12373.0,12402.0,0.0,0.0,0.0,0.0,0.0,0.0,0.0,0.0,0.0,0.0,0.0,0.0,0.0,0.0,0.0,0.0,
2021-11-18T19:00:00Z,29.0,0.0,0.0,0.0,0.0,0.0,,,10.609,10.6,10.62,,,3.98,3.98,3.98,,,,-6.517,,,,0.0,0.0,9.923,,,0.0,31.245,31.1,31.3,,,0.0,12403.0,12431.0,0.0,0.0,0.0,0.0,0.0,0.0,0.0,0.0,0.0,0.0,0.0,0.0,0.0,0.0,0.0,0.0,
2021-11-18T20:00:00Z,30.0,0.0,0.0,0.0,0.0,0.0,,,10.602,10.59,10.62,,,3.973,3.97,3.98,,,,-6.515,,,,0.0,0.0,9.907,,,0.0,30.993,30.9,31.2,,,0.0,12432.0,12461.0,0.0,0.0,0.0,0.0,0.0,0.0,0.0,0.0,0.0,0.0,0.0,0.0,0.0,0.0,0.0,0.0,
2021-11-18T21:00:00Z,29.0,0.0,0.0,0.0,0.0,0.0,,,10.597,10.59,10.6,,,3.969,3.96,3.97,,,,-6.514,,,,0.0,0.0,9.894,,,0.0,30.866,30.8,30.9,,,0.0,12462.0,12490.0,0.0,0.0,0.0,0.0,0.0,0.0,0.0,0.0,0.0,0.0,0.0,0.0,0.0,0.0,0.0,0.0,
2021-11-18T22:00:00Z,30.0,0.0,0.962,5.54,0.361,2.39,,,10.587,10.58,10.6,,,3.961,3.96,3.97,,,,-6.51,,,,-6.264,0.0,9.88,,,0.0,30.713,30.6,30.8,,,-0.104,12491.0,12520.0,0.0,0.0,0.0,0.0,0.0,0.0,0.0,0.0,0.0,0.0,0.0,0.0,0.0,0.0,0.0,0.0,
2021-11-18T23:00:00Z,30.0,0.0,11.01,12.36,3.932,4.33,,,11.118,10.57,11.7,,,3.955,3.95,3.97,,,,-6.308,,,,-69.278,-27.89,10.443,,,0.0,31.11,30.7,31.3,,,-1.155,12521.0,12550.0,0.0,0.0,0.0,0.0,0.0,0.0,0.0,0.0,0.0,0.0,0.0,0.0,0.0,0.0,0.0,0.0,
2021-11-19T00:00:00Z,29.0,0.0,13.292,14.58,4.35,4.49,,,12.84,11.8,13.73,,,3.975,3.96,4.0,,,,-6.197,,,,-82.372,-73.72,12.185,,,0.0,31.383,31.3,31.7,,,-1.327,12551.0,12579.0,0.0,0.0,0.0,0.0,0.0,0.0,0.0,0.0,0.0,0.0,0.0,0.0,0.0,0.0,0.0,0.0,
2021-11-19T01:00:00Z,30.0,0.0,13.912,14.6,4.405,4.5,,,13.538,13.38,13.81,,,4.002,3.99,4.02,,,,-6.215,,,,-86.454,-84.13,12.877,,,0.11,31.57,31.3,31.7,,,-1.441,12580.0,12609.0,0.0,0.0,0.0,0.0,0.0,0.0,0.0,0.0,0.0,0.0,0.0,0.0,0.0,0.0,0.0,0.0,
2021-11-19T02:00:00Z,29.0,0.0,16.029,21.21,5.556,11.89,,,14.391,13.53,15.07,,,4.069,4.03,4.12,,,,-6.253,,,,-100.266,-86.34,13.69,,,0.0,31.862,31.7,32.1,,,-1.615,12610.0,12638.0,0.0,0.0,0.0,0.0,0.0,0.0,0.0,0.0,0.0,0.0,0.0,0.0,0.0,0.0,0.0,0.0,
2021-11-19T03:00:00Z,30.0,0.0,19.34,20.75,10.784,11.98,,,14.63,14.35,15.18,,,4.114,4.1,4.12,,,,-6.344,,,,-122.761,-98.01,13.961,,,0.0,32.333,32.1,32.5,,,-2.046,12639.0,12668.0,0.0,0.0,0.0,0.0,0.0,0.0,0.0,0.0,0.0,0.0,0.0,0.0,0.0,0.0,0.0,0.0,
2021-11-19T04:00:00Z,30.0,0.0,17.87,21.3,8.128,12.2,,,14.744,14.33,15.33,,,4.121,4.11,4.14,,,,-6.292,,,,-112.56,-91.14,14.04,,,0.0,32.647,32.5,33.2,,,-1.876,12669.0,12698.0,0.0,0.0,0.0,0.0,0.0,0.0,0.0,0.0,0.0,0.0,0.0,0.0,0.0,0.0,0.0,0.0,
2021-11-19T05:00:00Z,29.0,0.0,18.82,20.64,9.924,11.83,,,14.736,14.39,15.24,,,4.128,4.12,4.13,,,,-6.336,,,,-119.296,-97.89,14.031,,,0.0,33.317,33.2,33.4,,,-1.922,12699.0,12727.0,0.0,0.0,0.0,0.0,0.0,0.0,0.0,0.0,0.0,0.0,0.0,0.0,0.0,0.0,0.0,0.0,
2021-11-19T06:00:00Z,30.0,0.0,19.305,20.36,11.026,11.62,,,14.654,14.38,15.3,,,4.129,4.12,4.13,,,,-6.367,,,,-122.918,-102.93,13.994,,,0.0,33.76,33.4,34.0,,,-2.049,12728.0,12757.0,0.0,0.0,0.0,0.0,0.0,0.0,0.0,0.0,0.0,0.0,0.0,0.0,0.0,0.0,0.0,0.0,
2021-11-19T07:00:00Z,29.0,0.0,19.327,21.0,5.752,11.51,,,14.767,14.38,15.14,,,4.12,4.11,4.13,,,,-6.261,,,,-121.01,-98.01,14.111,,,1.889,34.152,33.9,34.4,,,-1.95,12758.0,12786.0,0.0,0.0,0.0,0.0,0.0,0.0,0.0,0.0,0.0,0.0,0.0,0.0,0.0,0.0,0.0,0.0,
2021-11-19T08:00:00Z,30.0,0.0,16.992,21.02,4.444,4.54,,,14.638,13.68,14.98,,,4.119,4.11,4.12,,,,-6.246,,,,-106.092,-86.92,13.975,,,10.078,34.007,33.8,34.4,,,-1.768,12787.0,12816.0,0.0,0.0,0.0,0.0,0.0,0.0,0.0,0.0,0.0,0.0,0.0,0.0,0.0,0.0,0.0,0.0,
2021-11-19T09:00:00Z,30.0,0.0,14.273,20.76,4.113,4.41,,,13.612,12.63,14.85,,,4.106,4.1,4.12,,,,-6.324,,,,-90.169,-82.21,12.966,,,9.826,33.923,33.8,34.2,,,-1.503,12817.0,12846.0,0.0,0.0,0.0,0.0,0.0,0.0,0.0,0.0,0.0,0.0,0.0,0.0,0.0,0.0,0.0,0.0,
2021-11-19T10:00:00Z,29.0,0.0,3.184,13.25,1.021,3.8,,,12.612,12.59,12.64,,,4.092,4.08,4.1,,,,-6.436,,,,-20.511,0.0,11.987,,,6.934,33.507,33.2,33.8,,,-0.33,12847.0,12875.0,0.0,0.0,0.0,0.0,0.0,0.0,0.0,0.0,0.0,0.0,0.0,0.0,0.0,0.0,0.0,0.0,
2021-11-19T11:00:00Z,30.0,0.0,0.0,0.0,0.0,0.0,,,12.617,12.59,12.63,,,4.078,4.07,4.09,,,,-6.438,,,,0.0,0.0,11.976,,,0.0,33.113,33.0,33.3,,,0.0,12876.0,12905.0,0.0,0.0,0.0,0.0,0.0,0.0,0.0,0.0,0.0,0.0,0.0,0.0,0.0,0.0,0.0,0.0,
2021-11-19T12:00:00Z,29.0,0.0,0.0,0.0,0.0,0.0,,,12.597,12.56,12.62,,,4.063,4.05,4.07,,,,-6.432,,,,0.0,0.0,11.959,,,0.267,32.807,32.5,33.0,,,0.0,12906.0,12934.0,0.0,0.0,0.0,0.0,0.0,0.0,0.0,0.0,0.0,0.0,0.0,0.0,0.0,0.0,0.0,0.0,
2021-11-19T13:00:00Z,30.0,0.0,0.0,0.0,0.0,0.0,,,10.823,10.59,12.58,,,4.05,4.04,4.06,,,,-6.535,,,,0.0,0.0,10.147,,,0.0,32.327,32.2,32.5,,,0.0,12935.0,12964.0,0.0,0.0,0.0,0.0,0.0,0.0,0.0,0.0,0.0,0.0,0.0,0.0,0.0,0.0,0.0,0.0,
2021-11-19T14:00:00Z,30.0,0.0,0.0,0.0,0.0,0.0,,,10.636,10.62,10.65,,,4.04,4.03,4.05,,,,-6.54,,,,0.0,0.0,9.959,,,0.0,32.113,32.1,32.2,,,0.0,12965.0,12994.0,0.0,0.0,0.0,0.0,0.0,0.0,0.0,0.0,0.0,0.0,0.0,0.0,0.0,0.0,0.0,0.0,
2021-11-19T15:00:00Z,29.0,0.0,0.0,0.0,0.0,0.0,,,10.636,10.62,10.65,,,4.03,4.03,4.04,,,,-6.536,,,,0.0,0.0,9.957,,,0.0,32.086,32.0,32.1,,,0.0,12995.0,13023.0,0.0,0.0,0.0,0.0,0.0,0.0,0.0,0.0,0.0,0.0,0.0,0.0,0.0,0.0,0.0,0.0,
2021-11-19T16:00:00Z,30.0,0.0,0.0,0.0,0.0,0.0,,,10.635,10.63,10.65,,,4.018,4.01,4.03,,,,-6.537,,,,0.0,0.0,9.96,,,0.0,31.97,31.9,32.0,,,0.0,13024.0,13053.0,0.0,0.0,0.0,0.0,0.0,0.0,0.0,0.0,0.0,0.0,0.0,0.0,0.0,0.0,0.0,0.0,
2021-11-19T17:00:00Z,28.0,0.0,0.0,0.0,0.0,0.0,,,10.631,10.62,10.65,,,4.008,4.0,4.01,,,,-6.531,,,,0.0,0.0,9.949,,,0.0,31.8,31.7,31.9,,,0.0,13054.0,13082.0,0.0,0.0,0.0,0.0,0.0,0.0,0.0,0.0,0.0,0.0,0.0,0.0,0.0,0.0,0.0,0.0,
2021-11-19T18:00:00Z,29.0,0.0,0.0,0.0,0.0,0.0,,,10.619,10.6,10.63,,,3.999,3.99,4.0,,,,-6.529,,,,0.0,0.0,9.932,,,0.0,31.61,31.5,31.7,,,0.0,13083.0,13112.0,0.0,0.0,0.0,0.0,0.0,0.0,0.0,0.0,0.0,0.0,0.0,0.0,0.0,0.0,0.0,0.0,
2021-11-19T19:00:00Z,29.0,0.0,0.0,0.0,0.0,0.0,,,10.613,10.6,10.63,,,3.99,3.99,3.99,,,,-6.525,,,,0.0,0.0,9.928,,,0.0,31.372,31.3,31.5,,,0.0,13113.0,13141.0,0.0,0.0,0.0,0.0,0.0,0.0,0.0,0.0,0.0,0.0,0.0,0.0,0.0,0.0,0.0,0.0,
2021-11-19T20:00:00Z,30.0,0.0,0.0,0.0,0.0,0.0,,,10.602,10.6,10.61,,,3.982,3.98,3.99,,,,-6.522,,,,0.0,0.0,9.912,,,0.0,31.26,31.2,31.3,,,0.0,13142.0,13171.0,0.0,0.0,0.0,0.0,0.0,0.0,0.0,0.0,0.0,0.0,0.0,0.0,0.0,0.0,0.0,0.0,
2021-11-19T21:00:00Z,30.0,0.0,0.0,0.0,0.0,0.0,,,10.597,10.59,10.61,,,3.977,3.97,3.98,,,,-6.519,,,,0.0,0.0,9.896,,,0.0,31.11,31.0,31.2,,,0.0,13172.0,13201.0,0.0,0.0,0.0,0.0,0.0,0.0,0.0,0.0,0.0,0.0,0.0,0.0,0.0,0.0,0.0,0.0,
2021-11-19T22:00:00Z,29.0,0.0,1.16,7.8,0.365,2.71,,,10.59,10.58,10.6,,,3.97,3.97,3.98,,,,-6.514,,,,-7.563,0.0,9.883,,,0.0,30.948,30.9,31.0,,,-0.122,13202.0,13230.0,0.0,0.0,0.0,0.0,0.0,0.0,0.0,0.0,0.0,0.0,0.0,0.0,0.0,0.0,0.0,0.0,
2021-11-19T23:00:00Z,30.0,0.0,10.924,11.33,3.629,4.01,,,10.617,10.59,10.66,,,3.964,3.96,3.97,,,,-6.506,,,,-71.061,-69.09,9.924,,,0.0,31.623,31.1,31.7,,,-1.184,13231.0,13260.0,0.0,0.0,0.0,0.0,0.0,0.0,0.0,0.0,0.0,0.0,0.0,0.0,0.0,0.0,0.0,0.0,
2021-11-20T00:00:00Z,29.0,0.0,11.793,12.95,4.2,4.34,,,11.438,10.65,12.2,,,3.961,3.95,3.97,,,,-6.243,,,,-73.618,-69.18,10.789,,,0.0,31.524,31.4,31.7,,,-1.186,13261.0,13289.0,0.0,0.0,0.0,0.0,0.0,0.0,0.0,0.0,0.0,0.0,0.0,0.0,0.0,0.0,0.0,0.0,
2021-11-20T01:00:00Z,30.0,0.0,13.677,14.19,4.403,4.47,,,13.2,12.36,13.54,,,3.992,3.98,4.01,,,,-6.229,,,,-85.181,-79.72,12.539,,,0.0,31.8,31.7,32.0,,,-1.42,13290.0,13319.0,0.0,0.0,0.0,0.0,0.0,0.0,0.0,0.0,0.0,0.0,0.0,0.0,0.0,0.0,0.0,0.0,
2021-11-20T02:00:00Z,30.0,0.0,15.27,20.92,5.305,11.9,,,14.225,13.57,14.95,,,4.065,4.01,4.12,,,,-6.258,,,,-95.571,-86.07,13.537,,,0.0,31.99,31.8,32.3,,,-1.593,13320.0,13349.0,0.0,0.0,0.0,0.0,0.0,0.0,0.0,0.0,0.0,0.0,0.0,0.0,0.0,0.0,0.0,0.0,
2021-11-20T03:00:00Z,29.0,0.0,17.916,20.84,9.14,11.89,,,14.557,14.03,14.97,,,4.116,4.11,4.12,,,,-6.324,,,,-113.351,-89.26,13.869,,,0.0,32.421,32.2,32.7,,,-1.826,13350.0,13378.0,0.0,0.0,0.0,0.0,0.0,0.0,0.0,0.0,0.0,0.0,0.0,0.0,0.0,0.0,0.0,0.0,
2021-11-20T04:00:00Z,30.0,0.0,13.626,15.63,4.394,4.58,,,13.178,12.9,14.8,,,4.1,4.09,4.11,,,,-6.31,,,,-85.962,-82.05,12.53,,,0.259,32.383,32.3,32.5,,,-1.433,13379.0,13408.0,0.0,0.0,0.0,0.0,0.0,0.0,0.0,0.0,0.0,0.0,0.0,0.0,0.0,0.0,0.0,0.0,
2021-11-20T05:00:00Z,29.0,0.0,13.83,14.77,4.471,4.53,,,13.47,12.92,14.04,,,4.108,4.09,4.12,,,,-6.295,,,,-87.055,-82.29,12.819,,,0.825,32.3,32.2,32.5,,,-1.403,13409.0,13437.0,0.0,0.0,0.0,0.0,0.0,0.0,0.0,0.0,0.0,0.0,0.0,0.0,0.0,0.0,0.0,0.0,
2021-11-20T06:00:00Z,30.0,0.0,18.054,21.31,7.514,12.32,,,14.676,14.22,15.16,,,4.124,4.12,4.13,,,,-6.289,,,,-113.615,-91.27,14.024,,,0.0,33.06,32.5,33.4,,,-1.894,13438.0,13467.0,0.0,0.0,0.0,0.0,0.0,0.0,0.0,0.0,0.0,0.0,0.0,0.0,0.0,0.0,0.0,0.0,
2021-11-20T07:00:00Z,30.0,0.0,13.463,15.66,3.985,4.54,,,13.121,12.62,14.81,,,4.108,4.1,4.12,,,,-6.366,,,,-85.648,-81.72,12.48,,,0.0,33.227,32.9,33.4,,,-1.427,13468.0,13497.0,0.0,0.0,0.0,0.0,0.0,0.0,0.0,0.0,0.0,0.0,0.0,0.0,0.0,0.0,0.0,0.0,
2021-11-20T08:00:00Z,29.0,0.0,5.207,12.71,2.379,3.83,,,12.617,12.6,12.65,,,4.089,4.08,4.1,,,,-6.423,,,,-33.453,-2.22,11.988,,,2.294,32.186,31.8,32.7,,,-0.539,13498.0,13526.0,0.0,0.0,0.0,0.0,0.0,0.0,0.0,0.0,0.0,0.0,0.0,0.0,0.0,0.0,0.0,0.0,
2021-11-20T09:00:00Z,30.0,0.0,6.94,13.05,2.923,3.85,,,12.608,12.58,12.63,,,4.076,4.07,4.08,,,,-6.429,,,,-44.606,-14.15,11.965,,,0.0,32.547,32.2,33.0,,,-0.743,13527.0,13556.0,0.0,0.0,0.0,0.0,0.0,0.0,0.0,0.0,0.0,0.0,0.0,0.0,0.0,0.0,0.0,0.0,
2021-11-20T10:00:00Z,29.0,0.0,1.074,3.51,0.681,2.51,,,12.588,12.56,12.61,,,4.061,4.05,4.07,,,,-6.426,,,,-6.899,0.0,11.947,,,1.545,32.021,31.8,32.2,,,-0.111,13557.0,13585.0,0.0,0.0,0.0,0.0,0.0,0.0,0.0,0.0,0.0,0.0,0.0,0.0,0.0,0.0,0.0,0.0,
2021-11-20T11:00:00Z,30.0,0.0,0.0,0.0,0.0,0.0,,,11.004,10.57,12.57,,,4.047,4.04,4.05,,,,-6.511,,,,0.0,0.0,10.326,,,0.0,31.627,31.4,31.8,,,0.0,13586.0,13615.0,0.0,0.0,0.0,0.0,0.0,0.0,0.0,0.0,0.0,0.0,0.0,0.0,0.0,0.0,0.0,0.0,
2021-11-20T12:00:00Z,30.0,0.0,0.0,0.0,0.0,0.0,,,10.627,10.61,10.64,,,4.037,4.03,4.04,,,,-6.53,,,,0.0,0.0,9.94,,,0.0,31.26,31.1,31.4,,,0.0,13616.0,13645.0,0.0,0.0,0.0,0.0,0.0,0.0,0.0,0.0,0.0,0.0,0.0,0.0,0.0,0.0,0.0,0.0,
2021-11-20T13:00:00Z,29.0,0.0,0.0,0.0,0.0,0.0,,,10.636,10.62,10.65,,,4.027,4.02,4.03,,,,-6.525,,,,0.0,0.0,9.955,,,0.0,31.031,30.9,31.2,,,0.0,13646.0,13674.0,0.0,0.0,0.0,0.0,0.0,0.0,0.0,0.0,0.0,0.0,0.0,0.0,0.0,0.0,0.0,0.0,
2021-11-20T14:00:00Z,30.0,0.0,0.0,0.0,0.0,0.0,,,10.64,10.63,10.65,,,4.016,4.01,4.02,,,,-6.52,,,,0.0,0.0,9.959,,,0.0,30.85,30.7,30.9,,,0.0,13675.0,13704.0,0.0,0.0,0.0,0.0,0.0,0.0,0.0,0.0,0.0,0.0,0.0,0.0,0.0,0.0,0.0,0.0,
2021-11-20T15:00:00Z,29.0,0.0,0.0,0.0,0.0,0.0,,,10.631,10.62,10.64,,,4.007,4.0,4.01,,,,-6.524,,,,0.0,0.0,9.947,,,0.0,30.666,30.5,30.8,,,0.0,13705.0,13733.0,0.0,0.0,0.0,0.0,0.0,0.0,0.0,0.0,0.0,0.0,0.0,0.0,0.0,0.0,0.0,0.0,
2021-11-20T16:00:00Z,30.0,0.0,0.0,0.0,0.0,0.0,,,10.617,10.61,10.63,,,3.999,3.99,4.0,,,,-6.519,,,,0.0,0.0,9.925,,,0.0,30.48,30.4,30.6,,,0.0,13734.0,13763.0,0.0,0.0,0.0,0.0,0.0,0.0,0.0,0.0,0.0,0.0,0.0,0.0,0.0,0.0,0.0,0.0,
2021-11-20T17:00:00Z,30.0,0.0,0.0,0.0,0.0,0.0,,,10.601,10.6,10.61,,,3.991,3.99,4.0,,,,-6.519,,,,0.0,0.0,9.904,,,0.0,30.257,30.1,30.4,,,0.0,13764.0,13793.0,0.0,0.0,0.0,0.0,0.0,0.0,0.0,0.0,0.0,0.0,0.0,0.0,0.0,0.0,0.0,0.0,
2021-11-20T18:00:00Z,29.0,0.0,0.0,0.0,0.0,0.0,,,10.595,10.59,10.6,,,3.982,3.98,3.99,,,,-6.516,,,,0.0,0.0,9.884,,,0.0,30.052,29.9,30.1,,,0.0,13794.0,13822.0,0.0,0.0,0.0,0.0,0.0,0.0,0.0,0.0,0.0,0.0,0.0,0.0,0.0,0.0,0.0,0.0,
2021-11-20T19:00:00Z,30.0,0.0,0.0,0.0,0.0,0.0,,,10.582,10.57,10.6,,,3.976,3.97,3.98,,,,-6.515,,,,0.0,0.0,9.865,,,0.0,29.837,29.7,30.0,,,0.0,13823.0,13852.0,0.0,0.0,0.0,0.0,0.0,0.0,0.0,0.0,0.0,0.0,0.0,0.0,0.0,0.0,0.0,0.0,
2021-11-20T20:00:00Z,29.0,0.0,0.0,0.0,0.0,0.0,,,10.569,10.56,10.58,,,3.97,3.97,3.97,,,,-6.516,,,,0.0,0.0,9.852,,,0.0,29.693,29.6,29.8,,,0.0,13853.0,13881.0,0.0,0.0,0.0,0.0,0.0,0.0,0.0,0.0,0.0,0.0,0.0,0.0,0.0,0.0,0.0,0.0,
2021-11-20T21:00:00Z,30.0,0.0,0.0,0.0,0.0,0.0,,,10.564,10.56,10.57,,,3.961,3.96,3.97,,,,-6.509,,,,0.0,0.0,9.836,,,0.0,29.597,29.5,29.7,,,0.0,13882.0,13911.0,0.0,0.0,0.0,0.0,0.0,0.0,0.0,0.0,0.0,0.0,0.0,0.0,0.0,0.0,0.0,0.0,
2021-11-20T22:00:00Z,30.0,0.0,1.367,10.23,0.481,2.95,,,10.559,10.54,10.57,,,3.955,3.95,3.96,,,,-6.511,,,,-8.899,0.0,9.818,,,0.0,29.503,29.5,29.6,,,-0.148,13912.0,13941.0,0.0,0.0,0.0,0.0,0.0,0.0,0.0,0.0,0.0,0.0,0.0,0.0,0.0,0.0,0.0,0.0,
2021-11-20T23:00:00Z,29.0,0.0,11.297,12.23,3.955,4.29,,,11.039,10.55,11.6,,,3.946,3.94,3.95,,,,-6.277,,,,-70.841,-68.67,10.37,,,0.0,29.928,29.7,30.2,,,-1.141,13942.0,13970.0,0.0,0.0,0.0,0.0,0.0,0.0,0.0,0.0,0.0,0.0,0.0,0.0,0.0,0.0,0.0,0.0,
2021-11-21T00:00:00Z,30.0,0.0,12.396,13.83,4.325,4.34,,,12.058,11.63,13.25,,,3.963,3.95,3.97,,,,-6.159,,,,-76.361,-71.85,11.409,,,0.0,30.07,29.9,30.2,,,-1.273,13971.0,14000.0,0.0,0.0,0.0,0.0,0.0,0.0,0.0,0.0,0.0,0.0,0.0,0.0,0.0,0.0,0.0,0.0,
2021-11-21T01:00:00Z,29.0,0.0,14.963,20.31,4.488,4.58,,,14.091,13.42,14.87,,,4.009,3.97,4.05,,,,-6.197,,,,-92.711,-83.31,13.401,,,0.0,30.541,30.2,30.8,,,-1.494,14001.0,14029.0,0.0,0.0,0.0,0.0,0.0,0.0,0.0,0.0,0.0,0.0,0.0,0.0,0.0,0.0,0.0,0.0,
2021-11-21T02:00:00Z,30.0,0.0,17.864,20.83,8.12,11.71,,,14.801,14.33,15.15,,,4.092,4.05,4.11,,,,-6.276,,,,-112.1,-98.39,14.071,,,0.0,31.133,30.8,31.5,,,-1.868,14030.0,14059.0,0.0,0.0,0.0,0.0,0.0,0.0,0.0,0.0,0.0,0.0,0.0,0.0,0.0,0.0,0.0,0.0,
2021-11-21T03:00:00Z,30.0,0.0,19.342,20.44,11.61,11.71,,,14.629,14.35,15.15,,,4.114,4.11,4.12,,,,-6.36,,,,-123.059,-102.73,13.935,,,0.0,31.82,31.5,32.1,,,-2.051,14060.0,14089.0,0.0,0.0,0.0,0.0,0.0,0.0,0.0,0.0,0.0,0.0,0.0,0.0,0.0,0.0,0.0,0.0,
2021-11-21T04:00:00Z,29.0,0.0,19.401,20.35,11.555,11.81,,,14.658,14.39,15.21,,,4.12,4.12,4.12,,,,-6.36,,,,-123.441,-103.79,13.949,,,0.0,32.255,32.1,32.5,,,-1.989,14090.0,14118.0,0.0,0.0,0.0,0.0,0.0,0.0,0.0,0.0,0.0,0.0,0.0,0.0,0.0,0.0,0.0,0.0,
2021-11-21T05:00:00Z,30.0,0.0,19.185,20.89,9.974,11.96,,,14.692,14.36,15.22,,,4.119,4.11,4.13,,,,-6.336,,,,-121.615,-98.1,13.978,,,0.164,33.003,32.5,33.3,,,-2.027,14119.0,14148.0,0.0,0.0,0.0,0.0,0.0,0.0,0.0,0.0,0.0,0.0,0.0,0.0,0.0,0.0,0.0,0.0,
2021-11-21T06:00:00Z,29.0,0.0,18.941,21.06,7.738,11.8,,,14.722,14.47,15.06,,,4.121,4.11,4.13,,,,-6.296,,,,-119.324,-97.87,14.04,,,0.554,33.431,33.1,33.8,,,-1.922,14149.0,14177.0,0.0,0.0,0.0,0.0,0.0,0.0,0.0,0.0,0.0,0.0,0.0,0.0,0.0,0.0,0.0,0.0,
2021-11-21T07:00:00Z,30.0,0.0,15.506,21.04,4.937,11.62,,,14.043,13.16,14.93,,,4.118,4.11,4.13,,,,-6.282,,,,-97.395,-83.86,13.384,,,4.463,33.4,33.0,33.8,,,-1.623,14178.0,14207.0,0.0,0.0,0.0,0.0,0.0,0.0,0.0,0.0,0.0,0.0,0.0,0.0,0.0,0.0,0.0,0.0,
2021-11-21T08:00:00Z,30.0,0.0,18.087,21.66,4.485,4.61,,,14.783,14.59,15.0,,,4.12,4.11,4.12,,,,-6.243,,,,-112.898,-97.29,14.097,,,0.0,33.977,33.3,34.3,,,-1.882,14208.0,14237.0,0.0,0.0,0.0,0.0,0.0,0.0,0.0,0.0,0.0,0.0,0.0,0.0,0.0,0.0,0.0,0.0,
2021-11-21T09:00:00Z,29.0,0.0,14.81,20.49,4.145,4.41,,,13.692,12.65,14.92,,,4.111,4.1,4.12,,,,-6.316,,,,-93.41,-81.9,13.031,,,0.0,34.114,33.7,34.3,,,-1.505,14238.0,14266.0,0.0,0.0,0.0,0.0,0.0,0.0,0.0,0.0,0.0,0.0,0.0,0.0,0.0,0.0,0.0,0.0,
2021-11-21T10:00:00Z,30.0,0.0,4.892,13.36,1.347,3.85,,,12.63,12.6,12.7,,,4.094,4.08,4.1,,,,-6.439,,,,-31.48,0.0,11.994,,,0.425,33.067,32.4,33.6,,,-0.525,14267.0,14296.0,0.0,0.0,0.0,0.0,0.0,0.0,0.0,0.0,0.0,0.0,0.0,0.0,0.0,0.0,0.0,0.0,
2021-11-21T11:00:00Z,29.0,0.0,0.0,0.0,0.0,0.0,,,12.614,12.59,12.64,,,4.08,4.07,4.09,,,,-6.431,,,,0.0,0.0,11.981,,,0.0,32.324,32.2,32.4,,,0.0,14297.0,14325.0,0.0,0.0,0.0,0.0,0.0,0.0,0.0,0.0,0.0,0.0,0.0,0.0,0.0,0.0,0.0,0.0,
2021-11-21T12:00:00Z,30.0,0.0,0.0,0.0,0.0,0.0,,,12.525,10.59,12.63,,,4.066,4.06,4.07,,,,-6.432,,,,0.0,0.0,11.886,,,0.029,32.12,32.1,32.2,,,0.0,14326.0,14355.0,0.0,0.0,0.0,0.0,0.0,0.0,0.0,0.0,0.0,0.0,0.0,0.0,0.0,0.0,0.0,0.0,
2021-11-21T13:00:00Z,30.0,0.0,0.0,0.0,0.0,0.0,,,10.639,10.6,10.66,,,4.051,4.05,4.06,,,,-6.541,,,,0.0,0.0,9.954,,,0.0,32.0,31.8,32.1,,,0.0,14356.0,14385.0,0.0,0.0,0.0,0.0,0.0,0.0,0.0,0.0,0.0,0.0,0.0,0.0,0.0,0.0,0.0,0.0,
2021-11-21T14:00:00Z,29.0,0.0,0.0,0.0,0.0,0.0,,,10.646,10.63,10.66,,,4.042,4.03,4.05,,,,-6.539,,,,0.0,0.0,9.964,,,0.046,31.879,31.8,31.9,,,0.0,14386.0,14414.0,0.0,0.0,0.0,0.0,0.0,0.0,0.0,0.0,0.0,0.0,0.0,0.0,0.0,0.0,0.0,0.0,
2021-11-21T15:00:00Z,30.0,0.0,0.0,0.0,0.0,0.0,,,10.664,10.65,10.68,,,4.031,4.03,4.04,,,,-6.529,,,,0.0,0.0,9.982,,,0.0,31.6,31.4,31.7,,,0.0,14415.0,14444.0,0.0,0.0,0.0,0.0,0.0,0.0,0.0,0.0,0.0,0.0,0.0,0.0,0.0,0.0,0.0,0.0,
2021-11-21T16:00:00Z,29.0,0.0,0.0,0.0,0.0,0.0,,,10.665,10.65,10.68,,,4.019,4.01,4.03,,,,-6.531,,,,0.0,0.0,9.988,,,0.0,31.334,31.3,31.4,,,0.0,14445.0,14473.0,0.0,0.0,0.0,0.0,0.0,0.0,0.0,0.0,0.0,0.0,0.0,0.0,0.0,0.0,0.0,0.0,
2021-11-21T17:00:00Z,30.0,0.0,0.0,0.0,0.0,0.0,,,10.65,10.64,10.66,,,4.01,4.01,4.01,,,,-6.524,,,,0.0,0.0,9.967,,,0.0,31.163,31.1,31.3,,,0.0,14474.0,14503.0,0.0,0.0,0.0,0.0,0.0,0.0,0.0,0.0,0.0,0.0,0.0,0.0,0.0,0.0,0.0,0.0,
2021-11-21T18:00:00Z,30.0,0.0,0.0,0.0,0.0,0.0,,,10.633,10.63,10.64,,,4.001,4.0,4.01,,,,-6.527,,,,0.0,0.0,9.954,,,0.0,30.973,30.9,31.1,,,0.0,14504.0,14533.0,0.0,0.0,0.0,0.0,0.0,0.0,0.0,0.0,0.0,0.0,0.0,0.0,0.0,0.0,0.0,0.0,
2021-11-21T19:00:00Z,29.0,0.0,0.0,0.0,0.0,0.0,,,10.626,10.61,10.63,,,3.994,3.99,4.0,,,,-6.52,,,,0.0,0.0,9.938,,,0.0,30.869,30.8,30.9,,,0.0,14534.0,14562.0,0.0,0.0,0.0,0.0,0.0,0.0,0.0,0.0,0.0,0.0,0.0,0.0,0.0,0.0,0.0,0.0,
2021-11-21T20:00:00Z,30.0,0.0,0.0,0.0,0.0,0.0,,,10.614,10.6,10.63,,,3.986,3.98,3.99,,,,-6.52,,,,0.0,0.0,9.924,,,0.0,30.753,30.7,30.8,,,0.0,14563.0,14592.0,0.0,0.0,0.0,0.0,0.0,0.0,0.0,0.0,0.0,0.0,0.0,0.0,0.0,0.0,0.0,0.0,
2021-11-21T21:00:00Z,29.0,0.0,0.0,0.0,0.0,0.0,,,10.605,10.6,10.62,,,3.98,3.98,3.98,,,,-6.516,,,,0.0,0.0,9.91,,,0.0,30.614,30.5,30.7,,,0.0,14593.0,14621.0,0.0,0.0,0.0,0.0,0.0,0.0,0.0,0.0,0.0,0.0,0.0,0.0,0.0,0.0,0.0,0.0,
2021-11-21T22:00:00Z,30.0,0.0,0.822,5.03,0.184,1.8,,,10.599,10.59,10.61,,,3.971,3.97,3.98,,,,-6.514,,,,-5.353,0.0,9.897,,,0.222,30.51,30.5,30.6,,,-0.089,14622.0,14651.0,0.0,0.0,0.0,0.0,0.0,0.0,0.0,0.0,0.0,0.0,0.0,0.0,0.0,0.0,0.0,0.0,
2021-11-21T23:00:00Z,30.0,0.0,10.399,12.02,3.748,4.29,,,10.948,10.59,11.35,,,3.964,3.96,3.97,,,,-6.339,,,,-65.765,-19.88,10.299,,,0.0,30.883,30.5,31.0,,,-1.096,14652.0,14681.0,0.0,0.0,0.0,0.0,0.0,0.0,0.0,0.0,0.0,0.0,0.0,0.0,0.0,0.0,0.0,0.0,
2021-11-22T00:00:00Z,29.0,0.0,12.786,14.51,4.386,4.47,,,12.458,11.37,13.6,,,3.985,3.96,4.01,,,,-6.247,,,,-79.831,-71.31,11.801,,,0.21,31.145,31.0,31.3,,,-1.286,14682.0,14710.0,0.0,0.0,0.0,0.0,0.0,0.0,0.0,0.0,0.0,0.0,0.0,0.0,0.0,0.0,0.0,0.0,
2021-11-22T01:00:00Z,30.0,0.0,15.902,21.4,4.54,4.69,,,14.22,13.36,15.02,,,4.047,4.01,4.1,,,,-6.232,,,,-99.078,-84.26,13.552,,,0.302,31.553,31.3,31.8,,,-1.651,14711.0,14740.0,0.0,0.0,0.0,0.0,0.0,0.0,0.0,0.0,0.0,0.0,0.0,0.0,0.0,0.0,0.0,0.0,
2021-11-22T02:00:00Z,30.0,0.0,16.185,21.59,5.534,12.27,,,14.356,13.76,14.9,,,4.105,4.08,4.12,,,,-6.262,,,,-101.388,-87.28,13.678,,,0.439,31.92,31.7,32.0,,,-1.69,14741.0,14770.0,0.0,0.0,0.0,0.0,0.0,0.0,0.0,0.0,0.0,0.0,0.0,0.0,0.0,0.0,0.0,0.0,
2021-11-22T03:00:00Z,29.0,0.0,14.983,21.72,5.001,11.97,,,13.865,13.2,14.9,,,4.118,4.11,4.13,,,,-6.286,,,,-94.214,-84.05,13.218,,,0.275,31.876,31.7,32.1,,,-1.518,14771.0,14799.0,0.0,0.0,0.0,0.0,0.0,0.0,0.0,0.0,0.0,0.0,0.0,0.0,0.0,0.0,0.0,0.0,
2021-11-22T04:00:00Z,30.0,0.0,19.812,21.24,11.622,12.31,,,14.64,14.36,15.06,,,4.13,4.12,4.13,,,,-6.368,,,,-126.19,-99.31,13.953,,,0.209,32.723,32.1,33.1,,,-2.103,14800.0,14829.0,0.0,0.0,0.0,0.0,0.0,0.0,0.0,0.0,0.0,0.0,0.0,0.0,0.0,0.0,0.0,0.0,
2021-11-22T05:00:00Z,29.0,0.0,18.777,21.17,10.137,12.21,,,14.741,14.23,15.24,,,4.127,4.11,4.13,,,,-6.339,,,,-119.111,-90.39,14.018,,,0.629,32.852,32.6,33.1,,,-1.919,14830.0,14858.0,0.0,0.0,0.0,0.0,0.0,0.0,0.0,0.0,0.0,0.0,0.0,0.0,0.0,0.0,0.0,0.0,
2021-11-22T06:00:00Z,30.0,0.0,19.823,21.18,11.077,12.22,,,14.646,14.39,15.43,,,4.129,4.11,4.13,,,,-6.365,,,,-126.195,-100.2,13.945,,,0.686,33.267,32.7,33.4,,,-2.103,14859.0,14888.0,0.0,0.0,0.0,0.0,0.0,0.0,0.0,0.0,0.0,0.0,0.0,0.0,0.0,0.0,0.0,0.0,
2021-11-22T07:00:00Z,30.0,0.0,18.762,20.9,7.399,11.84,,,14.845,14.51,15.13,,,4.122,4.12,4.13,,,,-6.29,,,,-118.017,-100.82,14.088,,,0.318,33.37,33.3,33.4,,,-1.967,14889.0,14918.0,0.0,0.0,0.0,0.0,0.0,0.0,0.0,0.0,0.0,0.0,0.0,0.0,0.0,0.0,0.0,0.0,
2021-11-22T08:00:00Z,29.0,0.0,16.992,21.03,4.486,4.58,,,14.636,13.95,15.05,,,4.12,4.11,4.12,,,,-6.247,,,,-106.125,-88.67,13.957,,,0.139,33.441,33.4,33.5,,,-1.71,14919.0,14947.0,0.0,0.0,0.0,0.0,0.0,0.0,0.0,0.0,0.0,0.0,0.0,0.0,0.0,0.0,0.0,0.0,
2021-11-22T09:00:00Z,30.0,0.0,14.79,20.82,4.267,4.43,,,13.972,12.71,14.85,,,4.112,4.1,4.12,,,,-6.292,,,,-92.987,-82.77,13.317,,,0.132,33.433,33.4,33.5,,,-1.55,14948.0,14977.0,0.0,0.0,0.0,0.0,0.0,0.0,0.0,0.0,0.0,0.0,0.0,0.0,0.0,0.0,0.0,0.0,
2021-11-22T10:00:00Z,29.0,0.0,4.886,13.3,1.313,3.99,,,12.621,12.58,12.68,,,4.096,4.09,4.1,,,,-6.44,,,,-31.476,0.0,11.981,,,0.0,33.079,32.5,33.4,,,-0.507,14978.0,15006.0,0.0,0.0,0.0,0.0,0.0,0.0,0.0,0.0,0.0,0.0,0.0,0.0,0.0,0.0,0.0,0.0,
2021-11-22T11:00:00Z,30.0,0.0,0.0,0.0,0.0,0.0,,,12.611,12.59,12.64,,,4.081,4.07,4.09,,,,-6.436,,,,0.0,0.0,11.981,,,0.0,32.507,32.5,32.6,,,0.0,15007.0,15036.0,0.0,0.0,0.0,0.0,0.0,0.0,0.0,0.0,0.0,0.0,0.0,0.0,0.0,0.0,0.0,0.0,
2021-11-22T12:00:00Z,30.0,0.0,0.0,0.0,0.0,0.0,,,12.395,10.6,12.63,,,4.067,4.06,4.08,,,,-6.444,,,,0.0,0.0,11.75,,,0.0,32.4,32.3,32.5,,,0.0,15037.0,15066.0,0.0,0.0,0.0,0.0,0.0,0.0,0.0,0.0,0.0,0.0,0.0,0.0,0.0,0.0,0.0,0.0,
2021-11-22T13:00:00Z,29.0,0.0,0.0,0.0,0.0,0.0,,,10.638,10.62,10.66,,,4.053,4.05,4.06,,,,-6.54,,,,0.0,0.0,9.961,,,0.0,32.166,32.1,32.3,,,0.0,15067.0,15095.0,0.0,0.0,0.0,0.0,0.0,0.0,0.0,0.0,0.0,0.0,0.0,0.0,0.0,0.0,0.0,0.0,
2021-11-22T14:00:00Z,30.0,0.0,0.0,0.0,0.0,0.0,,,10.652,10.63,10.67,,,4.042,4.04,4.05,,,,-6.536,,,,0.0,0.0,9.971,,,0.0,32.1,32.1,32.1,,,0.0,15096.0,15125.0,0.0,0.0,0.0,0.0,0.0,0.0,0.0,0.0,0.0,0.0,0.0,0.0,0.0,0.0,0.0,0.0,
2021-11-22T15:00:00Z,29.0,0.0,0.0,0.0,0.0,0.0,,,10.672,10.64,10.69,,,4.032,4.03,4.04,,,,-6.535,,,,0.0,0.0,9.991,,,0.0,32.003,31.9,32.1,,,0.0,15126.0,15154.0,0.0,0.0,0.0,0.0,0.0,0.0,0.0,0.0,0.0,0.0,0.0,0.0,0.0,0.0,0.0,0.0,
2021-11-22T16:00:00Z,30.0,0.0,0.0,0.0,0.0,0.0,,,10.673,10.66,10.69,,,4.021,4.01,4.03,,,,-6.532,,,,0.0,0.0,9.996,,,0.0,31.797,31.7,31.9,,,0.0,15155.0,15184.0,0.0,0.0,0.0,0.0,0.0,0.0,0.0,0.0,0.0,0.0,0.0,0.0,0.0,0.0,0.0,0.0,
2021-11-22T17:00:00Z,30.0,0.0,0.0,0.0,0.0,0.0,,,10.653,10.63,10.67,,,4.01,4.01,4.02,,,,-6.528,,,,0.0,0.0,9.978,,,0.0,31.593,31.4,31.7,,,0.0,15185.0,15214.0,0.0,0.0,0.0,0.0,0.0,0.0,0.0,0.0,0.0,0.0,0.0,0.0,0.0,0.0,0.0,0.0,
2021-11-22T18:00:00Z,29.0,0.0,0.0,0.0,0.0,0.0,,,10.636,10.63,10.65,,,4.001,4.0,4.01,,,,-6.53,,,,0.0,0.0,9.958,,,0.0,31.348,31.3,31.5,,,0.0,15215.0,15243.0,0.0,0.0,0.0,0.0,0.0,0.0,0.0,0.0,0.0,0.0,0.0,0.0,0.0,0.0,0.0,0.0,
2021-11-22T19:00:00Z,30.0,0.0,0.0,0.0,0.0,0.0,,,10.624,10.61,10.63,,,3.994,3.99,4.0,,,,-6.528,,,,0.0,0.0,9.939,,,0.0,31.177,31.0,31.3,,,0.0,15244.0,15273.0,0.0,0.0,0.0,0.0,0.0,0.0,0.0,0.0,0.0,0.0,0.0,0.0,0.0,0.0,0.0,0.0,
2021-11-22T20:00:00Z,29.0,0.0,0.0,0.0,0.0,0.0,,,10.611,10.6,10.62,,,3.985,3.98,3.99,,,,-6.518,,,,0.0,0.0,9.927,,,0.0,30.948,30.9,31.1,,,0.0,15274.0,15302.0,0.0,0.0,0.0,0.0,0.0,0.0,0.0,0.0,0.0,0.0,0.0,0.0,0.0,0.0,0.0,0.0,
2021-11-22T21:00:00Z,30.0,0.0,0.0,0.0,0.0,0.0,,,10.602,10.6,10.61,,,3.979,3.97,3.98,,,,-6.516,,,,0.0,0.0,9.911,,,0.0,30.85,30.8,30.9,,,0.0,15303.0,15332.0,0.0,0.0,0.0,0.0,0.0,0.0,0.0,0.0,0.0,0.0,0.0,0.0,0.0,0.0,0.0,0.0,
2021-11-22T22:00:00Z,30.0,0.0,1.895,10.99,0.73,3.83,,,10.597,10.59,10.6,,,3.973,3.97,3.98,,,,-6.516,,,,-12.354,0.0,9.893,,,0.0,30.77,30.7,30.9,,,-0.206,15333.0,15362.0,0.0,0.0,0.0,0.0,0.0,0.0,0.0,0.0,0.0,0.0,0.0,0.0,0.0,0.0,0.0,0.0,
2021-11-22T23:00:00Z,29.0,0.0,11.343,12.05,4.039,4.28,,,11.027,10.6,11.39,,,3.962,3.96,3.97,,,,-6.315,,,,-71.593,-69.08,10.376,,,0.0,31.21,31.0,31.3,,,-1.153,15363.0,15391.0,0.0,0.0,0.0,0.0,0.0,0.0,0.0,0.0,0.0,0.0,0.0,0.0,0.0,0.0,0.0,0.0,
2021-11-23T00:00:00Z,30.0,0.0,13.179,14.42,4.371,4.47,,,12.696,11.41,13.61,,,3.983,3.96,4.01,,,,-6.23,,,,-82.074,-71.78,12.047,,,0.0,31.387,31.2,31.7,,,-1.368,15392.0,15421.0,0.0,0.0,0.0,0.0,0.0,0.0,0.0,0.0,0.0,0.0,0.0,0.0,0.0,0.0,0.0,0.0,
2021-11-23T01:00:00Z,29.0,0.0,15.471,20.59,4.561,4.65,,,14.241,13.63,14.97,,,4.052,4.01,4.1,,,,-6.236,,,,-96.455,-86.5,13.546,,,0.0,31.738,31.6,31.9,,,-1.554,15422.0,15450.0,0.0,0.0,0.0,0.0,0.0,0.0,0.0,0.0,0.0,0.0,0.0,0.0,0.0,0.0,0.0,0.0,
2021-11-23T02:00:00Z,30.0,0.0,18.255,20.78,9.912,11.68,,,14.667,14.3,15.09,,,4.11,4.1,4.12,,,,-6.331,,,,-115.623,-97.63,13.968,,,0.0,32.147,31.9,32.4,,,-1.927,15451.0,15480.0,0.0,0.0,0.0,0.0,0.0,0.0,0.0,0.0,0.0,0.0,0.0,0.0,0.0,0.0,0.0,0.0,
2021-11-23T03:00:00Z,28.0,0.0,19.257,21.25,10.174,12.11,,,14.627,14.36,15.01,,,4.12,4.11,4.13,,,,-6.34,,,,-122.149,-96.98,13.963,,,0.0,32.675,32.1,33.2,,,-1.9,15481.0,15509.0,0.0,0.0,0.0,0.0,0.0,0.0,0.0,0.0,0.0,0.0,0.0,0.0,0.0,0.0,0.0,0.0,
2021-11-23T04:00:00Z,30.0,0.0,18.12,20.72,9.411,12.05,,,14.705,14.34,15.0,,,4.118,4.11,4.13,,,,-6.333,,,,-114.79,-98.38,14.014,,,0.0,33.387,33.1,33.6,,,-1.913,15510.0,15539.0,0.0,0.0,0.0,0.0,0.0,0.0,0.0,0.0,0.0,0.0,0.0,0.0,0.0,0.0,0.0,0.0,
2021-11-23T05:00:00Z,30.0,0.0,17.881,20.72,7.777,12.13,,,14.73,14.39,14.98,,,4.12,4.11,4.13,,,,-6.302,,,,-112.776,-93.06,14.03,,,0.0,33.85,33.5,34.2,,,-1.88,15540.0,15569.0,0.0,0.0,0.0,0.0,0.0,0.0,0.0,0.0,0.0,0.0,0.0,0.0,0.0,0.0,0.0,0.0,
2021-11-23T06:00:00Z,27.0,0.0,17.079,20.99,7.472,12.02,,,14.551,13.58,15.08,,,4.124,4.11,4.14,,,,-6.309,,,,-107.849,-88.26,13.877,,,3.353,34.359,34.0,34.6,,,-1.618,15570.0,15598.0,0.0,0.0,0.0,0.0,0.0,0.0,0.0,0.0,0.0,0.0,0.0,0.0,0.0,0.0,0.0,0.0,
2021-11-23T07:00:00Z,30.0,0.0,13.119,14.1,3.975,4.36,,,12.812,12.59,13.42,,,4.099,4.09,4.11,,,,-6.379,,,,-83.69,-81.72,12.17,,,1.477,33.65,33.4,34.2,,,-1.395,15599.0,15628.0,0.0,0.0,0.0,0.0,0.0,0.0,0.0,0.0,0.0,0.0,0.0,0.0,0.0,0.0,0.0,0.0,
2021-11-23T08:00:00Z,29.0,0.0,13.858,14.78,4.418,4.47,,,13.47,12.86,14.06,,,4.101,4.09,4.11,,,,-6.306,,,,-87.37,-82.19,12.826,,,0.0,33.697,33.6,33.8,,,-1.408,15629.0,15657.0,0.0,0.0,0.0,0.0,0.0,0.0,0.0,0.0,0.0,0.0,0.0,0.0,0.0,0.0,0.0,0.0,
2021-11-23T09:00:00Z,30.0,0.0,12.918,13.45,3.699,4.03,,,12.657,12.59,12.84,,,4.09,4.08,4.1,,,,-6.42,,,,-82.929,-81.44,12.018,,,0.0,33.8,33.8,33.8,,,-1.382,15658.0,15687.0,0.0,0.0,0.0,0.0,0.0,0.0,0.0,0.0,0.0,0.0,0.0,0.0,0.0,0.0,0.0,0.0,
2021-11-23T10:00:00Z,29.0,0.0,4.359,13.26,1.285,3.86,,,12.589,12.57,12.63,,,4.076,4.07,4.08,,,,-6.44,,,,-28.108,0.0,11.957,,,0.0,33.331,32.6,33.8,,,-0.453,15688.0,15716.0,0.0,0.0,0.0,0.0,0.0,0.0,0.0,0.0,0.0,0.0,0.0,0.0,0.0,0.0,0.0,0.0,
2021-11-23T11:00:00Z,30.0,0.0,0.0,0.0,0.0,0.0,,,11.528,10.6,12.6,,,4.061,4.05,4.07,,,,-6.494,,,,0.0,0.0,10.869,,,0.0,32.45,32.3,32.6,,,0.0,15717.0,15746.0,0.0,0.0,0.0,0.0,0.0,0.0,0.0,0.0,0.0,0.0,0.0,0.0,0.0,0.0,0.0,0.0,
2021-11-23T12:00:00Z,30.0,0.0,0.0,0.0,0.0,0.0,,,10.635,10.62,10.65,,,4.048,4.04,4.05,,,,-6.545,,,,0.0,0.0,9.954,,,0.0,32.163,32.1,32.3,,,0.0,15747.0,15776.0,0.0,0.0,0.0,0.0,0.0,0.0,0.0,0.0,0.0,0.0,0.0,0.0,0.0,0.0,0.0,0.0,
2021-11-23T13:00:00Z,29.0,0.0,0.0,0.0,0.0,0.0,,,10.651,10.63,10.67,,,4.037,4.03,4.05,,,,-6.535,,,,0.0,0.0,9.971,,,0.0,32.038,32.0,32.1,,,0.0,15777.0,15805.0,0.0,0.0,0.0,0.0,0.0,0.0,0.0,0.0,0.0,0.0,0.0,0.0,0.0,0.0,0.0,0.0,
2021-11-23T14:00:00Z,30.0,0.0,0.0,0.0,0.0,0.0,,,10.67,10.65,10.68,,,4.028,4.02,4.03,,,,-6.532,,,,0.0,0.0,9.992,,,0.0,31.83,31.7,32.0,,,0.0,15806.0,15835.0,0.0,0.0,0.0,0.0,0.0,0.0,0.0,0.0,0.0,0.0,0.0,0.0,0.0,0.0,0.0,0.0,
2021-11-23T15:00:00Z,29.0,0.0,0.0,0.0,0.0,0.0,,,10.658,10.64,10.68,,,4.017,4.01,4.02,,,,-6.529,,,,0.0,0.0,9.982,,,0.0,31.583,31.4,31.7,,,0.0,15836.0,15864.0,0.0,0.0,0.0,0.0,0.0,0.0,0.0,0.0,0.0,0.0,0.0,0.0,0.0,0.0,0.0,0.0,
2021-11-23T16:00:00Z,30.0,0.0,0.0,0.0,0.0,0.0,,,10.643,10.63,10.66,,,4.006,4.0,4.01,,,,-6.525,,,,0.0,0.0,9.965,,,0.0,31.333,31.3,31.5,,,0.0,15865.0,15894.0,0.0,0.0,0.0,0.0,0.0,0.0,0.0,0.0,0.0,0.0,0.0,0.0,0.0,0.0,0.0,0.0,
2021-11-23T17:00:00Z,30.0,0.0,0.0,0.0,0.0,0.0,,,10.627,10.62,10.63,,,4.0,3.99,4.0,,,,-6.525,,,,0.0,0.0,9.943,,,0.0,31.157,31.0,31.3,,,0.0,15895.0,15924.0,0.0,0.0,0.0,0.0,0.0,0.0,0.0,0.0,0.0,0.0,0.0,0.0,0.0,0.0,0.0,0.0,
2021-11-23T18:00:00Z,29.0,0.0,0.0,0.0,0.0,0.0,,,10.615,10.6,10.62,,,3.99,3.98,4.0,,,,-6.519,,,,0.0,0.0,9.932,,,0.0,30.928,30.9,31.0,,,0.0,15925.0,15953.0,0.0,0.0,0.0,0.0,0.0,0.0,0.0,0.0,0.0,0.0,0.0,0.0,0.0,0.0,0.0,0.0,
2021-11-23T19:00:00Z,30.0,0.0,0.0,0.0,0.0,0.0,,,10.603,10.6,10.61,,,3.981,3.98,3.99,,,,-6.519,,,,0.0,0.0,9.911,,,0.0,30.817,30.7,30.9,,,0.0,15954.0,15983.0,0.0,0.0,0.0,0.0,0.0,0.0,0.0,0.0,0.0,0.0,0.0,0.0,0.0,0.0,0.0,0.0,
2021-11-23T20:00:00Z,29.0,0.0,0.0,0.0,0.0,0.0,,,10.595,10.58,10.6,,,3.976,3.97,3.98,,,,-6.517,,,,0.0,0.0,9.889,,,0.0,30.652,30.6,30.7,,,0.0,15984.0,16012.0,0.0,0.0,0.0,0.0,0.0,0.0,0.0,0.0,0.0,0.0,0.0,0.0,0.0,0.0,0.0,0.0,
2021-11-23T21:00:00Z,30.0,0.0,0.0,0.0,0.0,0.0,,,10.583,10.57,10.6,,,3.97,3.96,3.97,,,,-6.515,,,,0.0,0.0,9.873,,,0.0,30.5,30.4,30.6,,,0.0,16013.0,16042.0,0.0,0.0,0.0,0.0,0.0,0.0,0.0,0.0,0.0,0.0,0.0,0.0,0.0,0.0,0.0,0.0,
2021-11-23T22:00:00Z,30.0,0.0,1.021,8.14,0.412,2.78,,,10.575,10.56,10.59,,,3.961,3.96,3.97,,,,-6.51,,,,-6.65,0.0,9.858,,,0.0,30.357,30.3,30.5,,,-0.111,16043.0,16072.0,0.0,0.0,0.0,0.0,0.0,0.0,0.0,0.0,0.0,0.0,0.0,0.0,0.0,0.0,0.0,0.0,
2021-11-23T23:00:00Z,29.0,0.0,11.326,12.05,4.0,4.29,,,10.99,10.57,11.4,,,3.952,3.95,3.96,,,,-6.288,,,,-71.151,-68.63,10.345,,,0.0,30.8,30.5,30.9,,,-1.146,16073.0,16101.0,0.0,0.0,0.0,0.0,0.0,0.0,0.0,0.0,0.0,0.0,0.0,0.0,0.0,0.0,0.0,0.0,
2021-11-24T00:00:00Z,30.0,0.0,12.521,14.5,4.365,4.44,,,12.181,11.41,13.6,,,3.975,3.96,3.99,,,,-6.236,,,,-78.045,-71.07,11.533,,,0.0,30.927,30.8,31.1,,,-1.301,16102.0,16131.0,0.0,0.0,0.0,0.0,0.0,0.0,0.0,0.0,0.0,0.0,0.0,0.0,0.0,0.0,0.0,0.0,
2021-11-24T01:00:00Z,29.0,0.0,15.11,21.05,4.535,4.63,,,14.255,13.61,15.03,,,4.035,4.0,4.08,,,,-6.223,,,,-94.013,-85.8,13.564,,,0.0,31.324,31.1,31.6,,,-1.515,16132.0,16160.0,0.0,0.0,0.0,0.0,0.0,0.0,0.0,0.0,0.0,0.0,0.0,0.0,0.0,0.0,0.0,0.0,
2021-11-24T02:00:00Z,30.0,0.0,18.948,21.0,10.247,11.73,,,14.623,14.28,14.97,,,4.107,4.09,4.11,,,,-6.337,,,,-120.12,-99.12,13.913,,,0.0,31.963,31.7,32.1,,,-2.002,16161.0,16190.0,0.0,0.0,0.0,0.0,0.0,0.0,0.0,0.0,0.0,0.0,0.0,0.0,0.0,0.0,0.0,0.0,
2021-11-24T03:00:00Z,30.0,0.0,19.381,20.4,11.707,11.8,,,14.647,14.32,15.21,,,4.119,4.11,4.12,,,,-6.364,,,,-123.369,-102.6,13.968,,,0.0,32.28,32.1,32.5,,,-2.056,16191.0,16220.0,0.0,0.0,0.0,0.0,0.0,0.0,0.0,0.0,0.0,0.0,0.0,0.0,0.0,0.0,0.0,0.0,
2021-11-24T04:00:00Z,29.0,0.0,18.634,20.33,10.935,11.86,,,14.738,14.33,15.24,,,4.119,4.11,4.12,,,,-6.355,,,,-118.497,-97.59,14.126,,,0.0,32.945,32.5,33.3,,,-1.909,16221.0,16249.0,0.0,0.0,0.0,0.0,0.0,0.0,0.0,0.0,0.0,0.0,0.0,0.0,0.0,0.0,0.0,0.0,
2021-11-24T05:00:00Z,30.0,0.0,19.308,20.77,11.115,12.02,,,14.651,14.36,15.24,,,4.12,4.11,4.13,,,,-6.368,,,,-122.976,-99.04,13.955,,,0.0,33.393,33.0,33.6,,,-2.05,16250.0,16279.0,0.0,0.0,0.0,0.0,0.0,0.0,0.0,0.0,0.0,0.0,0.0,0.0,0.0,0.0,0.0,0.0,
2021-11-24T06:00:00Z,29.0,0.0,18.525,20.5,7.41,11.84,,,14.736,14.07,15.06,,,4.12,4.11,4.13,,,,-6.3,,,,-116.782,-89.52,14.039,,,0.0,33.821,33.5,34.1,,,-1.881,16280.0,16308.0,0.0,0.0,0.0,0.0,0.0,0.0,0.0,0.0,0.0,0.0,0.0,0.0,0.0,0.0,0.0,0.0,
2021-11-24T07:00:00Z,30.0,0.0,16.058,20.81,4.515,4.61,,,14.468,13.84,14.92,,,4.12,4.11,4.12,,,,-6.262,,,,-100.542,-88.03,13.799,,,0.0,34.153,33.9,34.4,,,-1.676,16309.0,16338.0,0.0,0.0,0.0,0.0,0.0,0.0,0.0,0.0,0.0,0.0,0.0,0.0,0.0,0.0,0.0,0.0,
2021-11-24T08:00:00Z,30.0,0.0,16.167,20.69,4.505,4.58,,,14.457,13.93,14.94,,,4.12,4.12,4.12,,,,-6.265,,,,-101.248,-88.46,13.791,,,1.767,34.533,34.3,34.6,,,-1.687,16339.0,16368.0,0.0,0.0,0.0,0.0,0.0,0.0,0.0,0.0,0.0,0.0,0.0,0.0,0.0,0.0,0.0,0.0,
2021-11-24T09:00:00Z,29.0,0.0,13.123,14.47,3.908,4.44,,,12.863,12.6,13.85,,,4.109,4.1,4.12,,,,-6.402,,,,-84.005,-81.74,12.224,,,5.046,34.6,34.6,34.6,,,-1.353,16369.0,16397.0,0.0,0.0,0.0,0.0,0.0,0.0,0.0,0.0,0.0,0.0,0.0,0.0,0.0,0.0,0.0,0.0,
2021-11-24T10:00:00Z,30.0,0.0,3.452,13.25,1.052,3.82,,,12.613,12.58,12.63,,,4.093,4.08,4.1,,,,-6.447,,,,-22.265,0.0,11.981,,,0.388,33.977,33.4,34.6,,,-0.371,16398.0,16427.0,0.0,0.0,0.0,0.0,0.0,0.0,0.0,0.0,0.0,0.0,0.0,0.0,0.0,0.0,0.0,0.0,
2021-11-24T11:00:00Z,29.0,0.0,0.0,0.0,0.0,0.0,,,11.844,10.56,12.62,,,4.076,4.07,4.08,,,,-6.486,,,,0.0,0.0,11.19,,,0.0,33.4,33.4,33.4,,,0.0,16428.0,16456.0,0.0,0.0,0.0,0.0,0.0,0.0,0.0,0.0,0.0,0.0,0.0,0.0,0.0,0.0,0.0,0.0,
2021-11-24T12:00:00Z,30.0,0.0,0.0,0.0,0.0,0.0,,,10.647,10.62,10.67,,,4.061,4.05,4.07,,,,-6.546,,,,0.0,0.0,9.973,,,0.0,33.297,33.2,33.4,,,0.0,16457.0,16486.0,0.0,0.0,0.0,0.0,0.0,0.0,0.0,0.0,0.0,0.0,0.0,0.0,0.0,0.0,0.0,0.0,
2021-11-24T13:00:00Z,30.0,0.0,0.0,0.0,0.0,0.0,,,10.673,10.65,10.71,,,4.048,4.04,4.05,,,,-6.543,,,,0.0,0.0,9.996,,,0.0,33.047,32.8,33.2,,,0.0,16487.0,16516.0,0.0,0.0,0.0,0.0,0.0,0.0,0.0,0.0,0.0,0.0,0.0,0.0,0.0,0.0,0.0,0.0,
2021-11-24T14:00:00Z,29.0,0.0,0.0,0.0,0.0,0.0,,,10.829,10.71,10.96,,,4.039,4.03,4.04,,,,-6.528,,,,0.0,0.0,10.146,,,0.0,32.648,32.5,32.8,,,0.0,16517.0,16545.0,0.0,0.0,0.0,0.0,0.0,0.0,0.0,0.0,0.0,0.0,0.0,0.0,0.0,0.0,0.0,0.0,
2021-11-24T15:00:00Z,30.0,0.0,0.0,0.0,0.0,0.0,,,10.707,10.68,10.75,,,4.028,4.02,4.03,,,,-6.532,,,,0.0,0.0,10.027,,,0.0,32.357,32.2,32.5,,,0.0,16546.0,16575.0,0.0,0.0,0.0,0.0,0.0,0.0,0.0,0.0,0.0,0.0,0.0,0.0,0.0,0.0,0.0,0.0,
2021-11-24T16:00:00Z,29.0,0.0,0.0,0.0,0.0,0.0,,,10.676,10.66,10.7,,,4.017,4.01,4.02,,,,-6.535,,,,0.0,0.0,9.998,,,0.0,32.124,32.1,32.2,,,0.0,16576.0,16604.0,0.0,0.0,0.0,0.0,0.0,0.0,0.0,0.0,0.0,0.0,0.0,0.0,0.0,0.0,0.0,0.0,
2021-11-24T17:00:00Z,30.0,0.0,0.0,0.0,0.0,0.0,,,10.653,10.64,10.67,,,4.008,4.0,4.01,,,,-6.533,,,,0.0,0.0,9.974,,,0.0,32.04,32.0,32.1,,,0.0,16605.0,16634.0,0.0,0.0,0.0,0.0,0.0,0.0,0.0,0.0,0.0,0.0,0.0,0.0,0.0,0.0,0.0,0.0,
2021-11-24T18:00:00Z,30.0,0.0,0.0,0.0,0.0,0.0,,,10.633,10.63,10.65,,,4.0,4.0,4.0,,,,-6.531,,,,0.0,0.0,9.956,,,0.0,31.95,31.9,32.0,,,0.0,16635.0,16664.0,0.0,0.0,0.0,0.0,0.0,0.0,0.0,0.0,0.0,0.0,0.0,0.0,0.0,0.0,0.0,0.0,
2021-11-24T19:00:00Z,29.0,0.0,0.0,0.0,0.0,0.0,,,10.627,10.61,10.63,,,3.992,3.99,4.0,,,,-6.532,,,,0.0,0.0,9.94,,,0.0,31.738,31.6,31.9,,,0.0,16665.0,16693.0,0.0,0.0,0.0,0.0,0.0,0.0,0.0,0.0,0.0,0.0,0.0,0.0,0.0,0.0,0.0,0.0,
2021-11-24T20:00:00Z,30.0,0.0,0.0,0.0,0.0,0.0,,,10.61,10.6,10.62,,,3.983,3.98,3.99,,,,-6.526,,,,0.0,0.0,9.92,,,0.0,31.497,31.3,31.6,,,0.0,16694.0,16723.0,0.0,0.0,0.0,0.0,0.0,0.0,0.0,0.0,0.0,0.0,0.0,0.0,0.0,0.0,0.0,0.0,
2021-11-24T21:00:00Z,29.0,0.0,0.0,0.0,0.0,0.0,,,10.6,10.59,10.61,,,3.977,3.97,3.98,,,,-6.527,,,,0.0,0.0,9.9,,,0.0,31.314,31.2,31.4,,,0.0,16724.0,16752.0,0.0,0.0,0.0,0.0,0.0,0.0,0.0,0.0,0.0,0.0,0.0,0.0,0.0,0.0,0.0,0.0,
2021-11-24T22:00:00Z,30.0,0.0,0.708,4.41,0.061,1.03,,,10.59,10.58,10.6,,,3.97,3.97,3.98,,,,-6.52,,,,-4.608,0.0,9.883,,,0.0,31.157,31.0,31.3,,,-0.077,16753.0,16782.0,0.0,0.0,0.0,0.0,0.0,0.0,0.0,0.0,0.0,0.0,0.0,0.0,0.0,0.0,0.0,0.0,
2021-11-24T23:00:00Z,30.0,0.0,7.906,11.21,2.874,3.86,,,10.589,10.57,10.63,,,3.964,3.96,3.97,,,,-6.522,,,,-51.562,-8.61,9.879,,,0.0,31.527,31.1,31.9,,,-0.859,16783.0,16812.0,0.0,0.0,0.0,0.0,0.0,0.0,0.0,0.0,0.0,0.0,0.0,0.0,0.0,0.0,0.0,0.0,
2021-11-25T00:00:00Z,29.0,0.0,11.631,12.39,4.189,4.34,,,11.331,10.69,11.65,,,3.958,3.95,3.97,,,,-6.222,,,,-72.344,-69.2,10.692,,,0.0,31.707,31.6,31.9,,,-1.166,16813.0,16841.0,0.0,0.0,0.0,0.0,0.0,0.0,0.0,0.0,0.0,0.0,0.0,0.0,0.0,0.0,0.0,0.0,
2021-11-25T01:00:00Z,30.0,0.0,13.339,14.81,4.424,4.54,,,12.898,11.63,13.86,,,3.995,3.97,4.03,,,,-6.252,,,,-83.365,-75.02,12.235,,,0.0,31.89,31.7,32.0,,,-1.389,16842.0,16871.0,0.0,0.0,0.0,0.0,0.0,0.0,0.0,0.0,0.0,0.0,0.0,0.0,0.0,0.0,0.0,0.0,
2021-11-25T02:00:00Z,29.0,0.0,14.474,15.7,4.542,4.59,,,13.961,13.78,14.76,,,4.056,4.03,4.09,,,,-6.266,,,,-90.688,-87.92,13.287,,,0.0,32.048,32.0,32.1,,,-1.461,16872.0,16900.0,0.0,0.0,0.0,0.0,0.0,0.0,0.0,0.0,0.0,0.0,0.0,0.0,0.0,0.0,0.0,0.0,
2021-11-25T03:00:00Z,30.0,0.0,14.481,15.74,4.53,4.6,,,14.063,13.55,14.86,,,4.1,4.08,4.12,,,,-6.263,,,,-90.679,-86.28,13.396,,,0.0,32.1,32.1,32.1,,,-1.511,16901.0,16930.0,0.0,0.0,0.0,0.0,0.0,0.0,0.0,0.0,0.0,0.0,0.0,0.0,0.0,0.0,0.0,0.0,
2021-11-25T04:00:00Z,30.0,0.0,18.706,21.21,7.707,12.17,,,14.744,14.36,15.09,,,4.121,4.12,4.13,,,,-6.289,,,,-117.685,-97.87,14.05,,,0.0,32.623,32.1,33.1,,,-1.961,16931.0,16960.0,0.0,0.0,0.0,0.0,0.0,0.0,0.0,0.0,0.0,0.0,0.0,0.0,0.0,0.0,0.0,0.0,
2021-11-25T05:00:00Z,29.0,0.0,18.973,20.51,11.349,12.0,,,14.696,14.34,15.31,,,4.12,4.12,4.12,,,,-6.364,,,,-120.788,-99.31,13.969,,,0.0,33.217,32.9,33.3,,,-1.946,16961.0,16989.0,0.0,0.0,0.0,0.0,0.0,0.0,0.0,0.0,0.0,0.0,0.0,0.0,0.0,0.0,0.0,0.0,
2021-11-25T06:00:00Z,29.0,0.0,18.832,20.51,7.2,11.91,,,14.697,14.36,15.0,,,4.119,4.11,4.12,,,,-6.292,,,,-118.522,-98.24,14.002,,,0.0,33.366,33.3,33.4,,,-1.91,16990.0,17019.0,0.0,0.0,0.0,0.0,0.0,0.0,0.0,0.0,0.0,0.0,0.0,0.0,0.0,0.0,0.0,0.0,
2021-11-25T07:00:00Z,29.0,0.0,15.246,15.72,4.524,4.56,,,14.554,14.07,14.82,,,4.12,4.11,4.12,,,,-6.243,,,,-95.182,-89.54,13.874,,,0.0,33.466,33.4,33.6,,,-1.533,17020.0,17048.0,0.0,0.0,0.0,0.0,0.0,0.0,0.0,0.0,0.0,0.0,0.0,0.0,0.0,0.0,0.0,0.0,
2021-11-25T08:00:00Z,30.0,0.0,13.865,14.76,4.427,4.47,,,13.422,13.13,14.02,,,4.118,4.11,4.12,,,,-6.304,,,,-87.403,-84.14,12.778,,,0.0,33.71,33.6,33.8,,,-1.457,17049.0,17078.0,0.0,0.0,0.0,0.0,0.0,0.0,0.0,0.0,0.0,0.0,0.0,0.0,0.0,0.0,0.0,0.0,
2021-11-25T09:00:00Z,29.0,0.0,13.353,14.01,4.273,4.41,,,13.096,12.65,13.32,,,4.11,4.1,4.12,,,,-6.332,,,,-84.54,-81.64,12.444,,,0.0,33.979,33.8,34.1,,,-1.362,17079.0,17107.0,0.0,0.0,0.0,0.0,0.0,0.0,0.0,0.0,0.0,0.0,0.0,0.0,0.0,0.0,0.0,0.0,
2021-11-25T10:00:00Z,30.0,0.0,4.427,13.27,1.324,3.9,,,12.595,12.57,12.65,,,4.095,4.08,4.1,,,,-6.444,,,,-28.557,0.0,11.961,,,0.0,33.69,33.2,34.2,,,-0.476,17108.0,17137.0,0.0,0.0,0.0,0.0,0.0,0.0,0.0,0.0,0.0,0.0,0.0,0.0,0.0,0.0,0.0,0.0,
2021-11-25T11:00:00Z,30.0,0.0,0.0,0.0,0.0,0.0,,,12.584,12.52,12.62,,,4.08,4.07,4.09,,,,-6.434,,,,0.0,0.0,11.959,,,0.0,33.227,33.1,33.3,,,0.0,17138.0,17167.0,0.0,0.0,0.0,0.0,0.0,0.0,0.0,0.0,0.0,0.0,0.0,0.0,0.0,0.0,0.0,0.0,
2021-11-25T12:00:00Z,29.0,0.0,0.0,0.0,0.0,0.0,,,10.684,10.6,12.11,,,4.066,4.06,4.07,,,,-6.555,,,,0.0,0.0,9.996,,,0.0,33.014,32.8,33.2,,,0.0,17168.0,17196.0,0.0,0.0,0.0,0.0,0.0,0.0,0.0,0.0,0.0,0.0,0.0,0.0,0.0,0.0,0.0,0.0,
2021-11-25T13:00:00Z,30.0,0.0,0.0,0.0,0.0,0.0,,,10.65,10.63,10.67,,,4.052,4.05,4.06,,,,-6.546,,,,0.0,0.0,9.97,,,0.0,32.603,32.5,32.8,,,0.0,17197.0,17226.0,0.0,0.0,0.0,0.0,0.0,0.0,0.0,0.0,0.0,0.0,0.0,0.0,0.0,0.0,0.0,0.0,
2021-11-25T14:00:00Z,29.0,0.0,0.0,0.0,0.0,0.0,,,10.673,10.64,10.7,,,4.041,4.03,4.05,,,,-6.536,,,,0.0,0.0,9.993,,,0.0,32.331,32.2,32.5,,,0.0,17227.0,17255.0,0.0,0.0,0.0,0.0,0.0,0.0,0.0,0.0,0.0,0.0,0.0,0.0,0.0,0.0,0.0,0.0,
2021-11-25T15:00:00Z,30.0,0.0,0.0,0.0,0.0,0.0,,,10.669,10.65,10.69,,,4.031,4.02,4.04,,,,-6.533,,,,0.0,0.0,9.989,,,0.0,32.117,32.1,32.2,,,0.0,17256.0,17285.0,0.0,0.0,0.0,0.0,0.0,0.0,0.0,0.0,0.0,0.0,0.0,0.0,0.0,0.0,0.0,0.0,
2021-11-25T16:00:00Z,30.0,0.0,0.0,0.0,0.0,0.0,,,10.648,10.63,10.66,,,4.02,4.01,4.03,,,,-6.533,,,,0.0,0.0,9.969,,,0.0,32.043,32.0,32.1,,,0.0,17286.0,17315.0,0.0,0.0,0.0,0.0,0.0,0.0,0.0,0.0,0.0,0.0,0.0,0.0,0.0,0.0,0.0,0.0,
2021-11-25T17:00:00Z,29.0,0.0,0.0,0.0,0.0,0.0,,,10.637,10.63,10.65,,,4.009,4.0,4.01,,,,-6.53,,,,0.0,0.0,9.958,,,0.0,31.876,31.7,32.0,,,0.0,17316.0,17344.0,0.0,0.0,0.0,0.0,0.0,0.0,0.0,0.0,0.0,0.0,0.0,0.0,0.0,0.0,0.0,0.0,
2021-11-25T18:00:00Z,30.0,0.0,0.0,0.0,0.0,0.0,,,10.627,10.62,10.63,,,4.0,4.0,4.01,,,,-6.531,,,,0.0,0.0,9.94,,,0.0,31.663,31.6,31.8,,,0.0,17345.0,17374.0,0.0,0.0,0.0,0.0,0.0,0.0,0.0,0.0,0.0,0.0,0.0,0.0,0.0,0.0,0.0,0.0,
2021-11-25T19:00:00Z,29.0,0.0,0.0,0.0,0.0,0.0,,,10.614,10.6,10.63,,,3.994,3.99,4.0,,,,-6.53,,,,0.0,0.0,9.929,,,0.0,31.393,31.3,31.5,,,0.0,17375.0,17403.0,0.0,0.0,0.0,0.0,0.0,0.0,0.0,0.0,0.0,0.0,0.0,0.0,0.0,0.0,0.0,0.0,
2021-11-25T20:00:00Z,30.0,0.0,0.0,0.0,0.0,0.0,,,10.603,10.6,10.61,,,3.984,3.98,3.99,,,,-6.528,,,,0.0,0.0,9.91,,,0.0,31.183,31.0,31.3,,,0.0,17404.0,17433.0,0.0,0.0,0.0,0.0,0.0,0.0,0.0,0.0,0.0,0.0,0.0,0.0,0.0,0.0,0.0,0.0,
2021-11-25T21:00:00Z,30.0,0.0,0.0,0.0,0.0,0.0,,,10.594,10.58,10.6,,,3.979,3.97,3.98,,,,-6.523,,,,0.0,0.0,9.886,,,0.0,30.927,30.9,31.0,,,0.0,17434.0,17463.0,0.0,0.0,0.0,0.0,0.0,0.0,0.0,0.0,0.0,0.0,0.0,0.0,0.0,0.0,0.0,0.0,
2021-11-25T22:00:00Z,29.0,0.0,0.816,5.29,0.184,1.87,,,10.578,10.56,10.59,,,3.972,3.97,3.98,,,,-6.521,,,,-5.318,0.0,9.863,,,0.0,30.793,30.7,30.9,,,-0.086,17464.0,17492.0,0.0,0.0,0.0,0.0,0.0,0.0,0.0,0.0,0.0,0.0,0.0,0.0,0.0,0.0,0.0,0.0,
2021-11-25T23:00:00Z,30.0,0.0,10.895,12.1,3.892,4.28,,,11.015,10.57,11.5,,,3.962,3.96,3.97,,,,-6.335,,,,-68.889,-21.0,10.344,,,0.0,31.19,30.8,31.3,,,-1.148,17493.0,17522.0,0.0,0.0,0.0,0.0,0.0,0.0,0.0,0.0,0.0,0.0,0.0,0.0,0.0,0.0,0.0,0.0,
2021-11-26T00:00:00Z,30.0,0.0,12.608,14.54,4.343,4.47,,,12.221,11.51,13.72,,,3.975,3.96,4.0,,,,-6.237,,,,-78.614,-72.15,11.568,,,0.0,31.293,31.2,31.4,,,-1.31,17523.0,17552.0,0.0,0.0,0.0,0.0,0.0,0.0,0.0,0.0,0.0,0.0,0.0,0.0,0.0,0.0,0.0,0.0,
2021-11-26T01:00:00Z,29.0,0.0,14.678,20.17,4.483,4.65,,,13.871,13.42,14.98,,,4.023,4.0,4.07,,,,-6.229,,,,-91.425,-85.24,13.193,,,0.0,31.528,31.4,31.7,,,-1.473,17553.0,17581.0,0.0,0.0,0.0,0.0,0.0,0.0,0.0,0.0,0.0,0.0,0.0,0.0,0.0,0.0,0.0,0.0,
2021-11-26T02:00:00Z,30.0,0.0,17.917,21.26,7.844,11.91,,,14.651,14.22,14.96,,,4.099,4.07,4.12,,,,-6.292,,,,-112.821,-92.46,13.962,,,0.0,31.923,31.8,32.1,,,-1.88,17582.0,17611.0,0.0,0.0,0.0,0.0,0.0,0.0,0.0,0.0,0.0,0.0,0.0,0.0,0.0,0.0,0.0,0.0,
2021-11-26T03:00:00Z,29.0,0.0,18.587,20.64,10.926,11.73,,,14.633,14.22,15.04,,,4.119,4.11,4.12,,,,-6.354,,,,-118.142,-99.36,13.964,,,0.0,32.134,32.0,32.3,,,-1.903,17612.0,17640.0,0.0,0.0,0.0,0.0,0.0,0.0,0.0,0.0,0.0,0.0,0.0,0.0,0.0,0.0,0.0,0.0,
2021-11-26T04:00:00Z,30.0,0.0,19.125,20.59,11.167,11.78,,,14.659,14.38,15.24,,,4.12,4.12,4.12,,,,-6.363,,,,-121.727,-99.73,13.994,,,0.0,32.517,32.3,32.9,,,-2.029,17641.0,17670.0,0.0,0.0,0.0,0.0,0.0,0.0,0.0,0.0,0.0,0.0,0.0,0.0,0.0,0.0,0.0,0.0,
2021-11-26T05:00:00Z,30.0,0.0,18.994,20.45,11.101,11.77,,,14.66,14.37,15.06,,,4.12,4.12,4.12,,,,-6.366,,,,-120.938,-100.39,13.977,,,0.0,33.163,32.7,33.3,,,-2.016,17671.0,17700.0,0.0,0.0,0.0,0.0,0.0,0.0,0.0,0.0,0.0,0.0,0.0,0.0,0.0,0.0,0.0,0.0,
2021-11-26T06:00:00Z,29.0,0.0,18.644,20.61,5.287,11.35,,,14.758,14.39,15.03,,,4.119,4.11,4.12,,,,-6.251,,,,-116.547,-98.05,14.044,,,0.0,33.386,33.3,33.5,,,-1.878,17701.0,17729.0,0.0,0.0,0.0,0.0,0.0,0.0,0.0,0.0,0.0,0.0,0.0,0.0,0.0,0.0,0.0,0.0,
2021-11-26T07:00:00Z,30.0,0.0,17.171,20.53,4.556,4.59,,,14.759,14.57,14.9,,,4.12,4.12,4.12,,,,-6.242,,,,-107.144,-92.3,14.062,,,0.0,33.723,33.5,33.8,,,-1.786,17730.0,17759.0,0.0,0.0,0.0,0.0,0.0,0.0,0.0,0.0,0.0,0.0,0.0,0.0,0.0,0.0,0.0,0.0,
2021-11-26T08:00:00Z,29.0,0.0,16.45,20.73,4.504,4.54,,,14.574,13.9,14.9,,,4.12,4.12,4.12,,,,-6.252,,,,-102.818,-88.2,13.909,,,0.0,34.079,33.8,34.2,,,-1.657,17760.0,17788.0,0.0,0.0,0.0,0.0,0.0,0.0,0.0,0.0,0.0,0.0,0.0,0.0,0.0,0.0,0.0,0.0,
2021-11-26T09:00:00Z,30.0,0.0,13.327,14.59,4.101,4.45,,,13.081,12.62,13.86,,,4.113,4.1,4.12,,,,-6.347,,,,-84.579,-81.64,12.435,,,0.0,34.18,34.1,34.2,,,-1.41,17789.0,17818.0,0.0,0.0,0.0,0.0,0.0,0.0,0.0,0.0,0.0,0.0,0.0,0.0,0.0,0.0,0.0,0.0,
2021-11-26T10:00:00Z,30.0,0.0,5.117,13.29,1.59,3.96,,,12.604,12.58,12.65,,,4.094,4.08,4.1,,,,-6.442,,,,-32.974,0.0,11.974,,,0.0,33.87,33.4,34.3,,,-0.55,17819.0,17848.0,0.0,0.0,0.0,0.0,0.0,0.0,0.0,0.0,0.0,0.0,0.0,0.0,0.0,0.0,0.0,0.0,
2021-11-26T11:00:00Z,29.0,0.0,0.0,0.0,0.0,0.0,,,12.501,10.14,12.62,,,4.079,4.07,4.09,,,,-6.44,,,,0.0,0.0,11.871,,,0.0,33.338,33.3,33.4,,,0.0,17849.0,17877.0,0.0,0.0,0.0,0.0,0.0,0.0,0.0,0.0,0.0,0.0,0.0,0.0,0.0,0.0,0.0,0.0,
2021-11-26T12:00:00Z,30.0,0.0,0.0,0.0,0.0,0.0,,,10.639,10.6,10.66,,,4.065,4.06,4.07,,,,-6.558,,,,0.0,0.0,9.95,,,0.148,33.28,33.2,33.3,,,0.0,17878.0,17907.0,0.0,0.0,0.0,0.0,0.0,0.0,0.0,0.0,0.0,0.0,0.0,0.0,0.0,0.0,0.0,0.0,
2021-11-26T13:00:00Z,29.0,0.0,0.0,0.0,0.0,0.0,,,10.654,10.63,10.68,,,4.052,4.05,4.06,,,,-6.55,,,,0.0,0.0,9.972,,,9.951,33.197,33.0,33.3,,,0.0,17908.0,17936.0,0.0,0.0,0.0,0.0,0.0,0.0,0.0,0.0,0.0,0.0,0.0,0.0,0.0,0.0,0.0,0.0,
2021-11-26T14:00:00Z,30.0,0.0,0.0,0.0,0.0,0.0,,,10.794,10.66,10.96,,,4.04,4.03,4.05,,,,-6.534,,,,0.0,0.0,10.11,,,5.829,32.813,32.5,33.0,,,0.0,17937.0,17966.0,0.0,0.0,0.0,0.0,0.0,0.0,0.0,0.0,0.0,0.0,0.0,0.0,0.0,0.0,0.0,0.0,
2021-11-26T15:00:00Z,30.0,0.0,0.0,0.0,0.0,0.0,,,10.73,10.69,10.81,,,4.03,4.02,4.04,,,,-6.537,,,,0.0,0.0,10.048,,,1.162,32.423,32.3,32.6,,,0.0,17967.0,17996.0,0.0,0.0,0.0,0.0,0.0,0.0,0.0,0.0,0.0,0.0,0.0,0.0,0.0,0.0,0.0,0.0,
2021-11-26T16:00:00Z,29.0,0.0,0.0,0.0,0.0,0.0,,,10.679,10.66,10.7,,,4.019,4.01,4.03,,,,-6.532,,,,0.0,0.0,9.999,,,2.165,32.169,32.1,32.3,,,0.0,17997.0,18025.0,0.0,0.0,0.0,0.0,0.0,0.0,0.0,0.0,0.0,0.0,0.0,0.0,0.0,0.0,0.0,0.0,
2021-11-26T17:00:00Z,29.0,0.0,0.0,0.0,0.0,0.0,,,10.654,10.64,10.67,,,4.008,4.0,4.01,,,,-6.533,,,,0.0,0.0,9.973,,,0.212,32.045,32.0,32.1,,,0.0,18026.0,18055.0,0.0,0.0,0.0,0.0,0.0,0.0,0.0,0.0,0.0,0.0,0.0,0.0,0.0,0.0,0.0,0.0,
2021-11-26T18:00:00Z,29.0,0.0,0.0,0.0,0.0,0.0,,,10.632,10.62,10.64,,,4.0,4.0,4.0,,,,-6.531,,,,0.0,0.0,9.952,,,0.867,31.883,31.7,32.0,,,0.0,18056.0,18084.0,0.0,0.0,0.0,0.0,0.0,0.0,0.0,0.0,0.0,0.0,0.0,0.0,0.0,0.0,0.0,0.0,
2021-11-26T19:00:00Z,29.0,0.0,0.0,0.0,0.0,0.0,,,10.624,10.61,10.63,,,3.993,3.99,4.0,,,,-6.529,,,,0.0,0.0,9.938,,,0.239,31.631,31.5,31.7,,,0.0,18085.0,18113.0,0.0,0.0,0.0,0.0,0.0,0.0,0.0,0.0,0.0,0.0,0.0,0.0,0.0,0.0,0.0,0.0,
2021-11-26T20:00:00Z,26.0,0.0,0.0,0.0,0.0,0.0,,,10.608,10.6,10.62,,,3.982,3.98,3.99,,,,-6.524,,,,0.0,0.0,9.92,,,1.962,31.342,31.2,31.5,,,0.0,18118.0,18143.0,0.0,0.0,0.0,0.0,0.0,0.0,0.0,0.0,0.0,0.0,0.0,0.0,0.0,0.0,0.0,0.0,
2021-11-26T21:00:00Z,30.0,0.0,0.0,0.0,0.0,0.0,,,10.599,10.59,10.61,,,3.979,3.97,3.98,,,,-6.524,,,,0.0,0.0,9.902,,,2.012,31.1,30.9,31.3,,,0.0,18144.0,18173.0,0.0,0.0,0.0,0.0,0.0,0.0,0.0,0.0,0.0,0.0,0.0,0.0,0.0,0.0,0.0,0.0,
2021-11-26T22:00:00Z,30.0,0.0,0.555,4.28,0.065,1.14,,,10.593,10.58,10.6,,,3.97,3.97,3.98,,,,-6.513,,,,-3.613,0.0,9.886,,,0.3,30.893,30.8,31.0,,,-0.06,18174.0,18203.0,0.0,0.0,0.0,0.0,0.0,0.0,0.0,0.0,0.0,0.0,0.0,0.0,0.0,0.0,0.0,0.0,
2021-11-26T23:00:00Z,29.0,0.0,9.732,11.57,3.402,4.08,,,10.655,10.58,11.05,,,3.963,3.95,3.97,,,,-6.49,,,,-63.14,-12.38,9.951,,,0.537,31.372,30.9,31.7,,,-1.017,18204.0,18232.0,0.0,0.0,0.0,0.0,0.0,0.0,0.0,0.0,0.0,0.0,0.0,0.0,0.0,0.0,0.0,0.0,
2021-11-27T00:00:00Z,30.0,0.0,11.79,12.24,4.237,4.26,,,11.465,11.14,11.55,,,3.959,3.95,3.96,,,,-6.166,,,,-72.702,-69.8,10.826,,,3.819,31.273,31.2,31.3,,,-1.212,18233.0,18262.0,0.0,0.0,0.0,0.0,0.0,0.0,0.0,0.0,0.0,0.0,0.0,0.0,0.0,0.0,0.0,0.0,
2021-11-27T01:00:00Z,29.0,0.0,12.334,13.74,4.31,4.41,,,11.999,11.52,13.54,,,3.964,3.96,3.98,,,,-6.195,,,,-76.399,-71.4,11.347,,,2.344,31.207,31.1,31.4,,,-1.231,18263.0,18291.0,0.0,0.0,0.0,0.0,0.0,0.0,0.0,0.0,0.0,0.0,0.0,0.0,0.0,0.0,0.0,0.0,
2021-11-27T02:00:00Z,30.0,0.0,13.976,14.72,4.418,4.54,,,13.538,13.32,13.91,,,3.997,3.98,4.03,,,,-6.222,,,,-86.935,-83.82,12.876,,,1.298,31.453,31.3,31.6,,,-1.449,18292.0,18321.0,0.0,0.0,0.0,0.0,0.0,0.0,0.0,0.0,0.0,0.0,0.0,0.0,0.0,0.0,0.0,0.0,
2021-11-27T03:00:00Z,30.0,0.0,14.858,15.72,4.536,4.58,,,14.215,13.69,14.78,,,4.061,4.03,4.09,,,,-6.24,,,,-92.691,-87.66,13.529,,,3.38,31.657,31.5,31.7,,,-1.545,18322.0,18351.0,0.0,0.0,0.0,0.0,0.0,0.0,0.0,0.0,0.0,0.0,0.0,0.0,0.0,0.0,0.0,0.0,
2021-11-27T04:00:00Z,29.0,0.0,17.134,21.15,4.593,4.62,,,14.765,14.53,14.89,,,4.109,4.09,4.12,,,,-6.218,,,,-106.553,-97.12,14.06,,,8.563,31.9,31.7,32.1,,,-1.717,18352.0,18380.0,0.0,0.0,0.0,0.0,0.0,0.0,0.0,0.0,0.0,0.0,0.0,0.0,0.0,0.0,0.0,0.0,
2021-11-27T05:00:00Z,30.0,0.0,16.417,21.11,4.562,4.58,,,14.793,14.68,14.84,,,4.116,4.11,4.12,,,,-6.218,,,,-102.08,-97.07,14.089,,,9.992,32.08,32.0,32.1,,,-1.701,18381.0,18410.0,0.0,0.0,0.0,0.0,0.0,0.0,0.0,0.0,0.0,0.0,0.0,0.0,0.0,0.0,0.0,0.0,
2021-11-27T06:00:00Z,29.0,0.0,15.124,20.42,4.524,4.58,,,14.412,14.07,14.86,,,4.12,4.12,4.12,,,,-6.237,,,,-94.319,-89.06,13.745,,,10.928,32.1,32.1,32.1,,,-1.52,18411.0,18439.0,0.0,0.0,0.0,0.0,0.0,0.0,0.0,0.0,0.0,0.0,0.0,0.0,0.0,0.0,0.0,0.0,
2021-11-27T07:00:00Z,30.0,0.0,14.65,15.59,4.501,4.54,,,14.222,13.84,14.8,,,4.12,4.12,4.12,,,,-6.25,,,,-91.562,-87.85,13.565,,,10.914,32.16,32.1,32.2,,,-1.526,18440.0,18469.0,0.0,0.0,0.0,0.0,0.0,0.0,0.0,0.0,0.0,0.0,0.0,0.0,0.0,0.0,0.0,0.0,
2021-11-27T08:00:00Z,30.0,0.0,14.143,14.76,4.46,4.48,,,13.783,13.39,13.96,,,4.12,4.12,4.12,,,,-6.276,,,,-88.757,-85.78,13.139,,,7.097,32.18,32.1,32.3,,,-1.479,18470.0,18499.0,0.0,0.0,0.0,0.0,0.0,0.0,0.0,0.0,0.0,0.0,0.0,0.0,0.0,0.0,0.0,0.0,
2021-11-27T09:00:00Z,29.0,0.0,13.151,13.99,3.946,4.41,,,12.808,12.59,13.35,,,4.108,4.1,4.12,,,,-6.373,,,,-83.818,-81.52,12.162,,,5.477,32.114,32.1,32.2,,,-1.35,18500.0,18528.0,0.0,0.0,0.0,0.0,0.0,0.0,0.0,0.0,0.0,0.0,0.0,0.0,0.0,0.0,0.0,0.0,
2021-11-27T10:00:00Z,30.0,0.0,2.187,12.67,0.857,3.47,,,12.599,12.58,12.63,,,4.091,4.08,4.1,,,,-6.423,,,,-14.054,0.0,11.969,,,7.835,31.583,31.1,32.1,,,-0.234,18529.0,18558.0,0.0,0.0,0.0,0.0,0.0,0.0,0.0,0.0,0.0,0.0,0.0,0.0,0.0,0.0,0.0,0.0,
2021-11-27T11:00:00Z,29.0,0.0,0.0,0.0,0.0,0.0,,,12.586,12.56,12.61,,,4.078,4.07,4.08,,,,-6.417,,,,0.0,0.0,11.952,,,5.656,31.031,30.9,31.1,,,0.0,18559.0,18587.0,0.0,0.0,0.0,0.0,0.0,0.0,0.0,0.0,0.0,0.0,0.0,0.0,0.0,0.0,0.0,0.0,
2021-11-27T12:00:00Z,30.0,0.0,0.0,0.0,0.0,0.0,,,10.949,10.56,12.59,,,4.063,4.05,4.07,,,,-6.514,,,,0.0,0.0,10.272,,,9.146,30.903,30.8,31.0,,,0.0,18588.0,18617.0,0.0,0.0,0.0,0.0,0.0,0.0,0.0,0.0,0.0,0.0,0.0,0.0,0.0,0.0,0.0,0.0,
2021-11-27T13:00:00Z,28.0,0.0,0.0,0.0,0.0,0.0,,,10.645,10.62,10.66,,,4.048,4.04,4.06,,,,-6.53,,,,0.0,0.0,9.961,,,8.872,30.764,30.6,30.9,,,0.0,18618.0,18646.0,0.0,0.0,0.0,0.0,0.0,0.0,0.0,0.0,0.0,0.0,0.0,0.0,0.0,0.0,0.0,0.0,
2021-11-27T14:00:00Z,30.0,0.0,0.0,0.0,0.0,0.0,,,10.658,10.63,10.67,,,4.037,4.03,4.04,,,,-6.523,,,,0.0,0.0,9.976,,,0.0,30.53,30.5,30.6,,,0.0,18647.0,18676.0,0.0,0.0,0.0,0.0,0.0,0.0,0.0,0.0,0.0,0.0,0.0,0.0,0.0,0.0,0.0,0.0,
2021-11-27T15:00:00Z,29.0,0.0,0.0,0.0,0.0,0.0,,,10.667,10.66,10.69,,,4.027,4.02,4.03,,,,-6.517,,,,0.0,0.0,9.988,,,0.0,30.338,30.2,30.5,,,0.0,18677.0,18705.0,0.0,0.0,0.0,0.0,0.0,0.0,0.0,0.0,0.0,0.0,0.0,0.0,0.0,0.0,0.0,0.0,
2021-11-27T16:00:00Z,30.0,0.0,0.0,0.0,0.0,0.0,,,10.658,10.63,10.68,,,4.015,4.01,4.02,,,,-6.52,,,,0.0,0.0,9.977,,,0.0,30.117,30.1,30.2,,,0.0,18706.0,18735.0,0.0,0.0,0.0,0.0,0.0,0.0,0.0,0.0,0.0,0.0,0.0,0.0,0.0,0.0,0.0,0.0,
2021-11-27T17:00:00Z,30.0,0.0,0.0,0.0,0.0,0.0,,,10.639,10.63,10.65,,,4.004,4.0,4.01,,,,-6.515,,,,0.0,0.0,9.958,,,0.0,29.95,29.8,30.1,,,0.0,18736.0,18765.0,0.0,0.0,0.0,0.0,0.0,0.0,0.0,0.0,0.0,0.0,0.0,0.0,0.0,0.0,0.0,0.0,
2021-11-27T18:00:00Z,29.0,0.0,0.0,0.0,0.0,0.0,,,10.63,10.62,10.64,,,3.997,3.99,4.0,,,,-6.516,,,,0.0,0.0,9.938,,,0.0,29.755,29.7,29.8,,,0.0,18766.0,18794.0,0.0,0.0,0.0,0.0,0.0,0.0,0.0,0.0,0.0,0.0,0.0,0.0,0.0,0.0,0.0,0.0,
2021-11-27T19:00:00Z,30.0,0.0,0.0,0.0,0.0,0.0,,,10.617,10.61,10.63,,,3.987,3.98,3.99,,,,-6.512,,,,0.0,0.0,9.927,,,0.0,29.67,29.6,29.7,,,0.0,18795.0,18824.0,0.0,0.0,0.0,0.0,0.0,0.0,0.0,0.0,0.0,0.0,0.0,0.0,0.0,0.0,0.0,0.0,
2021-11-27T20:00:00Z,29.0,0.0,0.0,0.0,0.0,0.0,,,10.602,10.6,10.61,,,3.98,3.97,3.98,,,,-6.508,,,,0.0,0.0,9.906,,,0.0,29.538,29.5,29.6,,,0.0,18825.0,18853.0,0.0,0.0,0.0,0.0,0.0,0.0,0.0,0.0,0.0,0.0,0.0,0.0,0.0,0.0,0.0,0.0,
2021-11-27T21:00:00Z,30.0,0.0,0.0,0.0,0.0,0.0,,,10.596,10.59,10.61,,,3.973,3.97,3.98,,,,-6.506,,,,0.0,0.0,9.886,,,0.0,29.47,29.4,29.5,,,0.0,18854.0,18883.0,0.0,0.0,0.0,0.0,0.0,0.0,0.0,0.0,0.0,0.0,0.0,0.0,0.0,0.0,0.0,0.0,
2021-11-27T22:00:00Z,29.0,0.0,0.798,5.68,0.153,1.53,,,10.58,10.56,10.6,,,3.964,3.96,3.97,,,,-6.507,,,,-5.188,0.0,9.862,,,0.0,29.4,29.4,29.4,,,-0.084,18884.0,18912.0,0.0,0.0,0.0,0.0,0.0,0.0,0.0,0.0,0.0,0.0,0.0,0.0,0.0,0.0,0.0,0.0,
2021-11-27T23:00:00Z,30.0,0.0,9.725,11.9,3.488,4.16,,,10.743,10.57,11.31,,,3.957,3.95,3.96,,,,-6.424,,,,-62.33,-14.68,10.04,,,0.0,29.763,29.4,30.1,,,-1.039,18913.0,18942.0,0.0,0.0,0.0,0.0,0.0,0.0,0.0,0.0,0.0,0.0,0.0,0.0,0.0,0.0,0.0,0.0,
2021-11-28T00:00:00Z,29.0,0.0,12.185,13.93,4.271,4.4,,,11.905,11.32,13.5,,,3.956,3.95,3.98,,,,-6.125,,,,-74.651,-70.02,11.253,,,0.0,29.755,29.7,30.1,,,-1.203,18943.0,18971.0,0.0,0.0,0.0,0.0,0.0,0.0,0.0,0.0,0.0,0.0,0.0,0.0,0.0,0.0,0.0,0.0,
2021-11-28T01:00:00Z,30.0,0.0,14.238,14.83,4.482,4.54,,,13.769,13.42,13.93,,,4.015,3.98,4.04,,,,-6.218,,,,-88.522,-84.26,13.098,,,0.0,30.31,30.0,30.5,,,-1.475,18972.0,19001.0,0.0,0.0,0.0,0.0,0.0,0.0,0.0,0.0,0.0,0.0,0.0,0.0,0.0,0.0,0.0,0.0,
2021-11-28T02:00:00Z,29.0,0.0,16.936,20.54,7.387,11.99,,,14.779,13.88,15.09,,,4.087,4.04,4.11,,,,-6.261,,,,-106.101,-88.05,14.051,,,0.0,30.679,30.4,30.9,,,-1.709,19002.0,19030.0,0.0,0.0,0.0,0.0,0.0,0.0,0.0,0.0,0.0,0.0,0.0,0.0,0.0,0.0,0.0,0.0,
2021-11-28T03:00:00Z,30.0,0.0,19.219,20.81,11.779,12.05,,,14.691,14.34,15.18,,,4.112,4.11,4.12,,,,-6.353,,,,-122.143,-101.25,13.968,,,0.0,31.34,30.9,31.7,,,-2.036,19031.0,19060.0,0.0,0.0,0.0,0.0,0.0,0.0,0.0,0.0,0.0,0.0,0.0,0.0,0.0,0.0,0.0,0.0,
2021-11-28T04:00:00Z,30.0,0.0,19.504,20.58,11.067,11.77,,,14.642,14.38,15.07,,,4.119,4.11,4.12,,,,-6.349,,,,-123.873,-107.17,13.969,,,0.0,31.967,31.8,32.1,,,-2.065,19061.0,19090.0,0.0,0.0,0.0,0.0,0.0,0.0,0.0,0.0,0.0,0.0,0.0,0.0,0.0,0.0,0.0,0.0,
2021-11-28T05:00:00Z,29.0,0.0,18.62,20.53,9.217,11.49,,,14.699,14.41,15.06,,,4.118,4.11,4.12,,,,-6.317,,,,-117.628,-99.26,13.996,,,0.0,32.252,32.0,32.5,,,-1.895,19091.0,19119.0,0.0,0.0,0.0,0.0,0.0,0.0,0.0,0.0,0.0,0.0,0.0,0.0,0.0,0.0,0.0,0.0,
2021-11-28T06:00:00Z,30.0,0.0,14.726,20.51,4.459,4.63,,,13.735,13.06,14.99,,,4.109,4.1,4.12,,,,-6.28,,,,-92.405,-83.54,13.072,,,0.0,32.53,32.5,32.7,,,-1.54,19120.0,19149.0,0.0,0.0,0.0,0.0,0.0,0.0,0.0,0.0,0.0,0.0,0.0,0.0,0.0,0.0,0.0,0.0,
2021-11-28T07:00:00Z,29.0,0.0,15.386,20.64,4.45,4.56,,,14.195,12.91,14.87,,,4.117,4.11,4.12,,,,-6.26,,,,-96.281,-84.06,13.531,,,0.0,33.152,32.7,33.4,,,-1.551,19150.0,19178.0,0.0,0.0,0.0,0.0,0.0,0.0,0.0,0.0,0.0,0.0,0.0,0.0,0.0,0.0,0.0,0.0,
2021-11-28T08:00:00Z,30.0,0.0,13.732,15.69,4.193,4.51,,,13.314,12.64,14.82,,,4.107,4.1,4.12,,,,-6.326,,,,-86.827,-81.55,12.66,,,0.0,33.363,33.2,33.5,,,-1.447,19179.0,19208.0,0.0,0.0,0.0,0.0,0.0,0.0,0.0,0.0,0.0,0.0,0.0,0.0,0.0,0.0,0.0,0.0,
2021-11-28T09:00:00Z,29.0,0.0,13.098,14.2,3.956,4.4,,,12.821,12.58,13.68,,,4.102,4.09,4.11,,,,-6.373,,,,-83.48,-81.43,12.177,,,0.0,33.49,33.4,33.5,,,-1.345,19209.0,19237.0,0.0,0.0,0.0,0.0,0.0,0.0,0.0,0.0,0.0,0.0,0.0,0.0,0.0,0.0,0.0,0.0,
2021-11-28T10:00:00Z,30.0,0.0,1.333,8.84,0.693,2.87,,,12.588,12.56,12.61,,,4.086,4.08,4.1,,,,-6.436,,,,-8.589,0.0,11.955,,,0.0,32.94,32.5,33.5,,,-0.143,19238.0,19267.0,0.0,0.0,0.0,0.0,0.0,0.0,0.0,0.0,0.0,0.0,0.0,0.0,0.0,0.0,0.0,0.0,
2021-11-28T11:00:00Z,29.0,0.0,0.0,0.0,0.0,0.0,,,12.577,12.49,12.61,,,4.072,4.06,4.08,,,,-6.436,,,,0.0,0.0,11.935,,,0.722,32.472,32.3,32.5,,,0.0,19268.0,19297.0,0.0,0.0,0.0,0.0,0.0,0.0,0.0,0.0,0.0,0.0,0.0,0.0,0.0,0.0,0.0,0.0,
2021-11-28T12:00:00Z,29.0,0.0,0.0,0.0,0.0,0.0,,,10.628,10.53,10.65,,,4.055,4.05,4.06,,,,-6.549,,,,0.0,0.0,9.939,,,0.0,32.203,32.1,32.4,,,0.0,19298.0,19326.0,0.0,0.0,0.0,0.0,0.0,0.0,0.0,0.0,0.0,0.0,0.0,0.0,0.0,0.0,0.0,0.0,
2021-11-28T13:00:00Z,30.0,0.0,0.0,0.0,0.0,0.0,,,10.649,10.63,10.67,,,4.045,4.04,4.05,,,,-6.538,,,,0.0,0.0,9.963,,,0.0,32.083,32.0,32.1,,,0.0,19327.0,19356.0,0.0,0.0,0.0,0.0,0.0,0.0,0.0,0.0,0.0,0.0,0.0,0.0,0.0,0.0,0.0,0.0,
2021-11-28T14:00:00Z,19.0,0.0,0.0,0.0,0.0,0.0,,,10.755,10.65,10.94,,,4.028,4.01,4.04,,,,-6.527,,,,0.0,0.0,10.066,,,0.0,31.995,31.9,32.1,,,0.0,19357.0,19383.0,0.0,0.0,0.0,0.0,0.0,0.0,0.0,0.0,0.0,0.0,0.0,0.0,0.0,0.0,0.0,0.0,
2021-11-28T15:00:00Z,16.0,0.0,0.0,0.0,0.0,0.0,,,10.773,10.69,10.86,,,4.001,3.99,4.01,,,,-6.517,,,,0.0,0.0,10.09,,,0.0,31.837,31.7,32.0,,,0.0,19385.0,19410.0,0.0,0.0,0.0,0.0,0.0,0.0,0.0,0.0,0.0,0.0,0.0,0.0,0.0,0.0,0.0,0.0,
2021-11-28T16:00:00Z,2.0,0.0,0.0,0.0,0.0,0.0,,,10.695,10.69,10.7,,,3.985,3.98,3.99,,,,-6.51,,,,0.0,0.0,10.015,,,0.0,31.7,31.7,31.7,,,0.0,19412.0,19416.0,0.0,0.0,0.0,0.0,0.0,0.0,0.0,0.0,0.0,0.0,0.0,0.0,0.0,0.0,0.0,0.0,
2021-11-28T20:00:00Z,25.0,0.0,0.0,0.0,0.0,0.0,,,10.626,10.61,10.64,,,3.92,3.92,3.92,,,,-6.486,,,,0.0,0.0,9.948,,,0.0,30.472,30.3,30.6,,,0.0,19523.0,19547.0,0.0,0.0,0.0,0.0,0.0,0.0,0.0,0.0,0.0,0.0,0.0,0.0,0.0,0.0,0.0,0.0,
2021-11-28T21:00:00Z,29.0,0.0,0.0,0.0,0.0,0.0,,,10.612,10.6,10.63,,,3.92,3.92,3.92,,,,-6.494,,,,0.0,0.0,9.93,,,0.0,30.2,30.1,30.4,,,0.0,19548.0,19576.0,0.0,0.0,0.0,0.0,0.0,0.0,0.0,0.0,0.0,0.0,0.0,0.0,0.0,0.0,0.0,0.0,
2021-11-28T22:00:00Z,30.0,0.0,0.724,5.56,0.059,1.03,,,10.6,10.59,10.61,,,3.919,3.91,3.92,,,,-6.494,,,,-4.708,0.0,9.909,,,0.0,29.99,29.8,30.1,,,-0.078,19577.0,19606.0,0.0,0.0,0.0,0.0,0.0,0.0,0.0,0.0,0.0,0.0,0.0,0.0,0.0,0.0,0.0,0.0,
2021-11-28T23:00:00Z,29.0,0.0,9.736,12.25,3.457,4.08,,,10.86,10.59,11.61,,,3.911,3.9,3.92,,,,-6.338,,,,-61.378,-9.81,10.186,,,0.0,30.317,29.8,30.7,,,-0.989,19607.0,19635.0,0.0,0.0,0.0,0.0,0.0,0.0,0.0,0.0,0.0,0.0,0.0,0.0,0.0,0.0,0.0,0.0,
2021-11-29T00:00:00Z,21.0,0.0,12.074,12.6,4.129,4.16,,,11.722,11.62,11.9,,,3.9,3.9,3.91,,,,-5.828,,,,-70.365,-68.26,11.077,,,0.0,30.1,30.1,30.1,,,-0.821,19636.0,19664.0,0.0,0.0,0.0,0.0,0.0,0.0,0.0,0.0,0.0,0.0,0.0,0.0,0.0,0.0,0.0,0.0,
2021-11-29T01:00:00Z,16.0,0.0,12.711,14.1,4.216,4.25,,,12.409,11.99,13.98,,,3.902,3.9,3.91,,,,-5.79,,,,-73.575,-70.41,11.769,,,0.0,30.069,30.0,30.1,,,-0.654,19666.0,19689.0,0.0,0.0,0.0,0.0,0.0,0.0,0.0,0.0,0.0,0.0,0.0,0.0,0.0,0.0,0.0,0.0,
2021-11-29T02:00:00Z,18.0,0.0,14.617,15.18,4.316,4.39,,,14.143,14.03,14.29,,,3.917,3.91,3.93,,,,-5.81,,,,-84.938,-81.34,13.503,,,0.0,30.361,30.2,30.6,,,-0.849,19692.0,19719.0,0.0,0.0,0.0,0.0,0.0,0.0,0.0,0.0,0.0,0.0,0.0,0.0,0.0,0.0,0.0,0.0,
2021-11-29T03:00:00Z,21.0,0.0,16.488,21.33,4.406,4.56,,,14.654,14.24,15.17,,,3.94,3.93,3.97,,,,-5.976,,,,-98.722,-85.32,13.989,,,0.0,30.729,30.5,31.0,,,-1.152,19720.0,19747.0,0.0,0.0,0.0,0.0,0.0,0.0,0.0,0.0,0.0,0.0,0.0,0.0,0.0,0.0,0.0,0.0,
2021-11-29T04:00:00Z,19.0,0.0,17.804,21.03,4.427,4.54,,,14.928,14.54,15.18,,,3.962,3.96,3.97,,,,-6.089,,,,-108.459,-95.53,14.227,,,0.0,31.226,31.1,31.3,,,-1.145,19749.0,19776.0,0.0,0.0,0.0,0.0,0.0,0.0,0.0,0.0,0.0,0.0,0.0,0.0,0.0,0.0,0.0,0.0,
2021-11-29T05:00:00Z,22.0,0.0,16.82,21.08,4.363,4.43,,,14.873,14.3,15.06,,,3.963,3.96,3.97,,,,-6.05,,,,-101.849,-87.69,14.199,,,0.0,31.391,31.2,31.7,,,-1.245,19777.0,19804.0,0.0,0.0,0.0,0.0,0.0,0.0,0.0,0.0,0.0,0.0,0.0,0.0,0.0,0.0,0.0,0.0,
2021-11-29T06:00:00Z,21.0,0.0,16.577,21.04,4.313,4.39,,,14.62,14.14,15.09,,,3.957,3.95,3.97,,,,-6.019,,,,-99.843,-86.16,13.964,,,0.0,31.567,31.4,31.8,,,-1.165,19805.0,19832.0,0.0,0.0,0.0,0.0,0.0,0.0,0.0,0.0,0.0,0.0,0.0,0.0,0.0,0.0,0.0,0.0,
2021-11-29T07:00:00Z,23.0,0.0,15.178,20.21,4.261,4.32,,,14.416,13.56,15.16,,,3.949,3.94,3.96,,,,-5.982,,,,-90.779,-82.09,13.767,,,0.0,31.704,31.6,31.9,,,-1.16,19833.0,19860.0,0.0,0.0,0.0,0.0,0.0,0.0,0.0,0.0,0.0,0.0,0.0,0.0,0.0,0.0,0.0,0.0,
2021-11-29T08:00:00Z,19.0,0.0,13.643,14.82,3.952,4.26,,,13.346,12.66,14.7,,,3.935,3.93,3.94,,,,-6.128,,,,-83.497,-80.06,12.707,,,0.484,31.853,31.6,32.1,,,-0.881,19861.0,19888.0,0.0,0.0,0.0,0.0,0.0,0.0,0.0,0.0,0.0,0.0,0.0,0.0,0.0,0.0,0.0,0.0,
2021-11-29T09:00:00Z,28.0,0.0,13.163,14.97,3.73,4.25,,,12.884,12.65,14.3,,,3.931,3.93,3.94,,,,-6.329,,,,-83.225,-81.43,12.242,,,0.0,31.993,31.7,32.1,,,-1.295,19889.0,19918.0,0.0,0.0,0.0,0.0,0.0,0.0,0.0,0.0,0.0,0.0,0.0,0.0,0.0,0.0,0.0,0.0,
2021-11-29T10:00:00Z,29.0,0.0,4.446,13.3,1.253,3.85,,,12.646,12.63,12.67,,,3.93,3.93,3.93,,,,-6.389,,,,-28.406,0.0,12.012,,,0.0,31.559,30.9,32.1,,,-0.458,19919.0,19947.0,0.0,0.0,0.0,0.0,0.0,0.0,0.0,0.0,0.0,0.0,0.0,0.0,0.0,0.0,0.0,0.0,
2021-11-29T11:00:00Z,30.0,0.0,0.0,0.0,0.0,0.0,,,12.625,12.61,12.64,,,3.929,3.92,3.93,,,,-6.382,,,,0.0,0.0,11.991,,,0.0,30.867,30.8,30.9,,,0.0,19948.0,19977.0,0.0,0.0,0.0,0.0,0.0,0.0,0.0,0.0,0.0,0.0,0.0,0.0,0.0,0.0,0.0,0.0,
2021-11-29T12:00:00Z,29.0,0.0,0.0,0.0,0.0,0.0,,,11.314,10.62,12.6,,,3.92,3.92,3.93,,,,-6.459,,,,0.0,0.0,10.652,,,0.0,30.755,30.7,30.8,,,0.0,19978.0,20006.0,0.0,0.0,0.0,0.0,0.0,0.0,0.0,0.0,0.0,0.0,0.0,0.0,0.0,0.0,0.0,0.0,
2021-11-29T13:00:00Z,23.0,0.0,0.0,0.0,0.0,0.0,,,10.673,10.66,10.69,,,3.92,3.92,3.92,,,,-6.488,,,,0.0,0.0,9.996,,,0.0,30.574,30.5,30.7,,,0.0,20007.0,20035.0,0.0,0.0,0.0,0.0,0.0,0.0,0.0,0.0,0.0,0.0,0.0,0.0,0.0,0.0,0.0,0.0,
2021-11-29T14:00:00Z,18.0,0.0,0.0,0.0,0.0,0.0,,,10.684,10.67,10.69,,,3.918,3.91,3.92,,,,-6.486,,,,0.0,0.0,10.005,,,0.0,30.467,30.4,30.5,,,0.0,20036.0,20063.0,0.0,0.0,0.0,0.0,0.0,0.0,0.0,0.0,0.0,0.0,0.0,0.0,0.0,0.0,0.0,0.0,
2021-11-29T15:00:00Z,20.0,0.0,0.0,0.0,0.0,0.0,,,10.694,10.68,10.71,,,3.911,3.91,3.92,,,,-6.489,,,,0.0,0.0,10.016,,,0.0,30.25,30.1,30.4,,,0.0,20065.0,20091.0,0.0,0.0,0.0,0.0,0.0,0.0,0.0,0.0,0.0,0.0,0.0,0.0,0.0,0.0,0.0,0.0,
2021-11-29T16:00:00Z,19.0,0.0,0.0,0.0,0.0,0.0,,,10.686,10.66,10.7,,,3.91,3.91,3.91,,,,-6.486,,,,0.0,0.0,10.009,,,0.0,30.105,30.1,30.2,,,0.0,20093.0,20118.0,0.0,0.0,0.0,0.0,0.0,0.0,0.0,0.0,0.0,0.0,0.0,0.0,0.0,0.0,0.0,0.0,
2021-11-29T17:00:00Z,19.0,0.0,0.0,0.0,0.0,0.0,,,10.665,10.65,10.68,,,3.907,3.9,3.91,,,,-6.486,,,,0.0,0.0,9.984,,,0.0,29.947,29.8,30.1,,,0.0,20122.0,20147.0,0.0,0.0,0.0,0.0,0.0,0.0,0.0,0.0,0.0,0.0,0.0,0.0,0.0,0.0,0.0,0.0,
2021-11-29T18:00:00Z,14.0,0.0,0.0,0.0,0.0,0.0,,,10.645,10.63,10.66,,,3.901,3.9,3.91,,,,-6.485,,,,0.0,0.0,9.964,,,0.0,29.743,29.7,29.8,,,0.0,20148.0,20174.0,0.0,0.0,0.0,0.0,0.0,0.0,0.0,0.0,0.0,0.0,0.0,0.0,0.0,0.0,0.0,0.0,
2021-11-29T19:00:00Z,16.0,0.0,0.0,0.0,0.0,0.0,,,10.631,10.62,10.64,,,3.9,3.9,3.9,,,,-6.489,,,,0.0,0.0,9.947,,,0.0,29.675,29.6,29.7,,,0.0,20175.0,20199.0,0.0,0.0,0.0,0.0,0.0,0.0,0.0,0.0,0.0,0.0,0.0,0.0,0.0,0.0,0.0,0.0,
2021-11-29T20:00:00Z,27.0,0.0,0.0,0.0,0.0,0.0,,,10.615,10.6,10.63,,,3.9,3.9,3.9,,,,-6.493,,,,0.0,0.0,9.926,,,0.087,29.552,29.5,29.6,,,0.0,20203.0,20231.0,0.0,0.0,0.0,0.0,0.0,0.0,0.0,0.0,0.0,0.0,0.0,0.0,0.0,0.0,0.0,0.0,
2021-11-29T21:00:00Z,18.0,0.0,0.0,0.0,0.0,0.0,,,10.597,10.58,10.61,,,3.891,3.89,3.9,,,,-6.493,,,,0.0,0.0,9.9,,,0.0,29.494,29.4,29.5,,,0.0,20232.0,20259.0,0.0,0.0,0.0,0.0,0.0,0.0,0.0,0.0,0.0,0.0,0.0,0.0,0.0,0.0,0.0,0.0,
2021-11-29T22:00:00Z,28.0,0.0,0.672,4.55,0.0,0.0,,,10.582,10.57,10.6,,,3.891,3.89,3.9,,,,-6.495,,,,-4.365,0.0,9.875,,,0.11,29.404,29.4,29.5,,,-0.068,20260.0,20288.0,0.0,0.0,0.0,0.0,0.0,0.0,0.0,0.0,0.0,0.0,0.0,0.0,0.0,0.0,0.0,0.0,
2021-11-29T23:00:00Z,30.0,0.0,9.035,11.3,3.133,3.87,,,10.594,10.56,10.69,,,3.89,3.89,3.89,,,,-6.495,,,,-58.664,-8.65,9.889,,,0.0,29.76,29.4,30.1,,,-0.978,20289.0,20318.0,0.0,0.0,0.0,0.0,0.0,0.0,0.0,0.0,0.0,0.0,0.0,0.0,0.0,0.0,0.0,0.0,
2021-11-30T00:00:00Z,29.0,0.0,12.096,12.87,3.997,4.17,,,11.761,10.63,12.18,,,3.882,3.88,3.89,,,,-5.8,,,,-69.989,-67.47,11.114,,,0.0,29.6,29.5,30.1,,,-1.128,20319.0,20347.0,0.0,0.0,0.0,0.0,0.0,0.0,0.0,0.0,0.0,0.0,0.0,0.0,0.0,0.0,0.0,0.0,
2021-11-30T01:00:00Z,30.0,0.0,13.576,15.0,4.235,4.33,,,13.253,12.19,14.14,,,3.888,3.88,3.91,,,,-5.643,,,,-76.619,-69.67,12.615,,,0.044,29.527,29.5,29.7,,,-1.277,20348.0,20377.0,0.0,0.0,0.0,0.0,0.0,0.0,0.0,0.0,0.0,0.0,0.0,0.0,0.0,0.0,0.0,0.0,
2021-11-30T02:00:00Z,29.0,0.0,14.158,14.8,4.207,4.27,,,13.805,13.05,14.02,,,3.893,3.89,3.9,,,,-5.627,,,,-79.646,-73.99,13.163,,,0.0,29.566,29.5,29.6,,,-1.283,20378.0,20406.0,0.0,0.0,0.0,0.0,0.0,0.0,0.0,0.0,0.0,0.0,0.0,0.0,0.0,0.0,0.0,0.0,
2021-11-30T03:00:00Z,30.0,0.0,14.094,14.63,4.219,4.29,,,13.744,12.84,14.03,,,3.898,3.89,3.9,,,,-5.646,,,,-79.59,-73.48,13.102,,,0.295,29.633,29.6,29.7,,,-1.326,20407.0,20436.0,0.0,0.0,0.0,0.0,0.0,0.0,0.0,0.0,0.0,0.0,0.0,0.0,0.0,0.0,0.0,0.0,
2021-11-30T04:00:00Z,26.0,0.0,13.592,14.7,4.168,4.33,,,13.327,10.94,14.02,,,3.901,3.89,3.91,,,,-5.762,,,,-78.156,-70.52,12.683,,,8.938,29.758,29.6,30.3,,,-1.129,20437.0,20466.0,0.0,0.0,0.0,0.0,0.0,0.0,0.0,0.0,0.0,0.0,0.0,0.0,0.0,0.0,0.0,0.0,
2021-11-30T05:00:00Z,29.0,0.0,13.48,14.12,4.196,4.31,,,13.277,12.57,13.99,,,3.896,3.89,3.91,,,,-5.678,,,,-76.549,-72.43,12.638,,,11.18,29.697,29.6,29.8,,,-1.233,20467.0,20495.0,0.0,0.0,0.0,0.0,0.0,0.0,0.0,0.0,0.0,0.0,0.0,0.0,0.0,0.0,0.0,0.0,
2021-11-30T06:00:00Z,23.0,0.0,14.405,14.87,4.295,4.35,,,14.01,13.92,14.05,,,3.911,3.9,3.92,,,,-5.766,,,,-83.067,-79.77,13.373,,,4.567,29.891,29.7,30.0,,,-1.061,20496.0,20518.0,0.0,0.0,0.0,0.0,0.0,0.0,0.0,0.0,0.0,0.0,0.0,0.0,0.0,0.0,0.0,0.0,
2021-12-01T18:00:00Z,13.0,0.0,0.0,0.0,0.0,0.0,,,10.665,10.65,10.68,,,3.909,3.9,3.91,,,,-6.476,,,,0.0,0.0,9.985,,,0.0,29.323,29.3,29.4,,,0.0,21582.0,21594.0,0.0,0.0,0.0,0.0,0.0,0.0,0.0,0.0,0.0,0.0,0.0,0.0,0.0,0.0,0.0,0.0,
2021-12-01T19:00:00Z,30.0,0.0,0.0,0.0,0.0,0.0,,,10.653,10.64,10.67,,,3.907,3.9,3.91,,,,-6.475,,,,0.0,0.0,9.967,,,0.0,29.243,29.1,29.3,,,0.0,21595.0,21624.0,0.0,0.0,0.0,0.0,0.0,0.0,0.0,0.0,0.0,0.0,0.0,0.0,0.0,0.0,0.0,0.0,
2021-12-01T20:00:00Z,29.0,0.0,0.0,0.0,0.0,0.0,,,10.631,10.62,10.65,,,3.903,3.9,3.91,,,,-6.478,,,,0.0,0.0,9.947,,,0.0,29.028,28.9,29.2,,,0.0,21625.0,21653.0,0.0,0.0,0.0,0.0,0.0,0.0,0.0,0.0,0.0,0.0,0.0,0.0,0.0,0.0,0.0,0.0,
2021-12-01T21:00:00Z,7.0,0.0,0.0,0.0,0.0,0.0,,,10.626,10.62,10.63,,,3.901,3.9,3.91,,,,-6.479,,,,0.0,0.0,9.934,,,0.0,28.871,28.8,28.9,,,0.0,21654.0,21660.0,0.0,0.0,0.0,0.0,0.0,0.0,0.0,0.0,0.0,0.0,0.0,0.0,0.0,0.0,0.0,0.0,
2021-12-02T12:00:00Z,6.0,6.0,0.728,1.49,0.0,0.0,,,17.063,16.24,17.94,,,2.823,2.72,2.91,,,,-3.138,,,,-2.067,-0.11,16.45,,,0.0,44.6,28.3,60.4,,,-0.007,1.0,6.0,0.0,0.0,0.0,6.0,0.0,0.0,0.0,0.0,0.0,0.0,0.0,0.0,0.0,0.0,0.0,3.0,
2021-12-02T14:00:00Z,2.0,0.0,0.055,0.11,0.0,0.0,,,14.435,14.24,14.63,,,2.895,2.88,2.91,,,,-3.73,,,,-0.19,0.0,13.8,,,0.0,28.65,27.8,29.5,,,-0.0,1.0,2.0,0.0,0.0,0.0,0.0,0.0,0.0,0.0,0.0,0.0,0.0,0.0,0.0,0.0,0.0,0.0,0.0,
2021-12-02T15:00:00Z,2.0,1.0,0.625,0.8,0.0,0.0,,,15.195,15.0,15.39,,,2.815,2.79,2.84,,,,-3.195,,,,-1.98,-1.51,14.54,,,0.0,45.65,31.9,59.4,,,-0.002,3.0,4.0,0.0,0.0,0.0,0.0,0.0,0.0,0.0,0.0,0.0,0.0,0.0,0.0,0.0,0.0,0.0,1.0,
2021-12-02T17:00:00Z,4.0,2.0,0.427,0.95,0.0,0.0,,,14.922,14.28,15.59,,,2.845,2.77,2.91,,,,-3.385,,,,-1.32,0.0,14.29,,,0.0,43.6,27.0,60.0,,,-0.003,1.0,4.0,0.0,0.0,0.0,0.0,0.0,0.0,0.0,0.0,0.0,0.0,0.0,0.0,0.0,0.0,0.0,2.0,
2021-12-03T14:00:00Z,5.0,3.0,0.524,1.22,0.0,0.0,,,15.074,14.23,15.96,,,2.826,2.72,2.91,,,,-3.262,,,,-1.498,0.0,14.44,,,0.0,47.82,28.8,60.9,,,-0.004,1.0,5.0,0.0,0.0,0.0,0.0,0.0,0.0,0.0,0.0,0.0,0.0,0.0,0.0,0.0,0.0,0.0,3.0,
2021-12-04T20:00:00Z,3.0,1.0,0.407,0.82,0.0,0.0,,,14.82,14.24,15.36,,,2.85,2.8,2.9,,,,-3.43,,,,-1.287,0.0,14.18,,,0.0,37.333,25.7,58.1,,,-0.002,1.0,3.0,0.0,0.0,0.0,0.0,0.0,0.0,0.0,0.0,0.0,0.0,0.0,0.0,0.0,0.0,0.0,1.0,
2021-12-05T14:00:00Z,4.0,2.0,0.352,0.83,0.0,0.0,,,14.835,14.21,15.47,,,2.85,2.78,2.91,,,,-3.44,,,,-1.095,0.0,14.197,,,0.0,44.85,28.5,60.8,,,-0.002,1.0,4.0,0.0,0.0,0.0,0.0,0.0,0.0,0.0,0.0,0.0,0.0,0.0,0.0,0.0,0.0,0.0,2.0,
2021-12-06T16:00:00Z,5.0,3.0,0.514,1.23,0.0,0.0,,,15.046,14.2,15.95,,,2.824,2.72,2.91,,,,-3.282,,,,-1.478,0.0,14.402,,,0.0,48.36,29.5,61.5,,,-0.004,1.0,5.0,0.0,0.0,0.0,0.0,0.0,0.0,0.0,0.0,0.0,0.0,0.0,0.0,0.0,0.0,0.0,3.0,
2021-12-07T15:00:00Z,4.0,2.0,0.468,1.04,0.0,0.0,,,14.97,14.18,15.72,,,2.833,2.75,2.91,,,,-3.343,,,,-1.4,0.0,14.328,,,0.0,45.825,29.7,61.2,,,-0.003,1.0,4.0,0.0,0.0,0.0,0.0,0.0,0.0,0.0,0.0,0.0,0.0,0.0,0.0,0.0,0.0,0.0,2.0,
2021-12-08T17:00:00Z,5.0,3.0,0.418,1.05,0.0,0.0,,,14.968,14.18,15.78,,,2.83,2.72,2.91,,,,-3.352,,,,-1.236,0.0,14.332,,,0.0,49.66,30.8,62.7,,,-0.003,1.0,5.0,0.0,0.0,0.0,0.0,0.0,0.0,0.0,0.0,0.0,0.0,0.0,0.0,0.0,0.0,0.0,3.0,
2021-12-10T16:00:00Z,4.0,2.0,0.333,0.8,0.0,0.0,,,14.822,14.18,15.45,,,2.85,2.79,2.91,,,,-3.46,,,,-1.042,0.0,14.193,,,0.0,46.225,30.0,62.0,,,-0.002,1.0,4.0,0.0,0.0,0.0,0.0,0.0,0.0,0.0,0.0,0.0,0.0,0.0,0.0,0.0,0.0,0.0,2.0,
2021-12-11T16:00:00Z,1.0,0.0,0.0,0.0,0.0,0.0,,,14.18,14.18,14.18,,,2.91,2.91,2.91,,,,-3.89,,,,0.0,0.0,13.59,,,0.0,30.0,30.0,30.0,,,0.0,1.0,1.0,0.0,0.0,0.0,0.0,0.0,0.0,0.0,0.0,0.0,0.0,0.0,0.0,0.0,0.0,0.0,0.0,
2021-12-12T17:00:00Z,4.0,2.0,0.395,0.93,0.0,0.0,,,14.928,14.21,15.63,,,2.843,2.77,2.91,,,,-3.397,,,,-1.202,0.0,14.297,,,0.0,46.575,30.5,62.0,,,-0.003,1.0,4.0,0.0,0.0,0.0,0.0,0.0,0.0,0.0,0.0,0.0,0.0,0.0,0.0,0.0,0.0,0.0,2.0,
2021-12-13T16:00:00Z,5.0,3.0,0.454,1.13,0.0,0.0,,,15.04,14.21,15.9,,,2.828,2.72,2.91,,,,-3.326,,,,-1.328,0.0,14.404,,,0.0,49.68,30.9,62.7,,,-0.004,1.0,5.0,0.0,0.0,0.0,0.0,0.0,0.0,0.0,0.0,0.0,0.0,0.0,0.0,0.0,0.0,0.0,3.0,
2021-12-14T17:00:00Z,5.0,3.0,0.452,1.13,0.0,0.0,,,15.098,14.24,15.97,,,2.832,2.72,2.91,,,,-3.338,,,,-1.328,0.0,14.478,,,0.0,49.62,30.8,62.7,,,-0.004,1.0,5.0,0.0,0.0,0.0,0.0,0.0,0.0,0.0,0.0,0.0,0.0,0.0,0.0,0.0,0.0,0.0,3.0,
2021-12-15T16:00:00Z,5.0,3.0,0.48,1.2,0.0,0.0,,,15.042,14.18,15.96,,,2.826,2.72,2.91,,,,-3.304,,,,-1.384,0.0,14.402,,,0.0,50.0,31.4,63.0,,,-0.004,1.0,5.0,0.0,0.0,0.0,0.0,0.0,0.0,0.0,0.0,0.0,0.0,0.0,0.0,0.0,0.0,0.0,3.0,
2021-12-16T17:00:00Z,4.0,2.0,0.345,0.85,0.0,0.0,,,14.84,14.18,15.51,,,2.85,2.78,2.91,,,,-3.445,,,,-1.075,0.0,14.215,,,0.0,47.7,31.9,63.0,,,-0.002,1.0,4.0,0.0,0.0,0.0,0.0,0.0,0.0,0.0,0.0,0.0,0.0,0.0,0.0,0.0,0.0,0.0,2.0,
2021-12-17T17:00:00Z,4.0,2.0,0.38,0.92,0.0,0.0,,,14.855,14.21,15.52,,,2.85,2.78,2.91,,,,-3.442,,,,-1.173,0.0,14.225,,,0.0,46.8,30.8,62.4,,,-0.003,1.0,4.0,0.0,0.0,0.0,0.0,0.0,0.0,0.0,0.0,0.0,0.0,0.0,0.0,0.0,0.0,0.0,2.0,
2021-12-18T17:00:00Z,5.0,3.0,0.494,1.16,0.0,0.0,,,15.104,14.32,15.92,,,2.832,2.73,2.91,,,,-3.35,,,,-1.48,0.0,14.48,,,0.118,49.94,31.2,62.9,,,-0.004,1.0,5.0,0.0,0.0,0.0,0.0,0.0,0.0,0.0,0.0,0.0,0.0,0.0,0.0,0.0,0.0,0.0,3.0,
2021-12-19T17:00:00Z,4.0,2.0,0.463,1.04,0.0,0.0,,,15.105,14.47,15.79,,,2.845,2.77,2.91,,,,-3.388,,,,-1.415,0.0,14.47,,,0.0,45.6,29.5,61.3,,,-0.003,1.0,4.0,0.0,0.0,0.0,0.0,0.0,0.0,0.0,0.0,0.0,0.0,0.0,0.0,0.0,0.0,0.0,2.0,
2021-12-20T17:00:00Z,5.0,3.0,0.5,1.18,0.0,0.0,,,15.216,14.48,16.02,,,2.83,2.72,2.91,,,,-3.326,,,,-1.478,0.0,14.582,,,0.0,49.48,30.7,62.6,,,-0.004,1.0,5.0,0.0,0.0,0.0,1.0,0.0,0.0,0.0,0.0,0.0,0.0,0.0,0.0,0.0,0.0,0.0,3.0,
2021-12-22T17:00:00Z,5.0,3.0,0.48,1.18,0.0,0.0,,,15.074,14.25,15.95,,,2.828,2.72,2.91,,,,-3.31,,,,-1.402,0.0,14.444,,,0.0,49.6,30.9,62.6,,,-0.004,1.0,5.0,0.0,0.0,0.0,0.0,0.0,0.0,0.0,0.0,0.0,0.0,0.0,0.0,0.0,0.0,0.0,3.0,
2021-12-23T17:00:00Z,1.0,0.0,0.0,0.0,0.0,0.0,,,14.21,14.21,14.21,,,2.91,2.91,2.91,,,,-3.9,,,,0.0,0.0,13.63,,,0.0,31.4,31.4,31.4,,,0.0,1.0,1.0,0.0,0.0,0.0,0.0,0.0,0.0,0.0,0.0,0.0,0.0,0.0,0.0,0.0,0.0,0.0,0.0,
2021-12-23T18:00:00Z,5.0,4.0,0.578,1.21,0.0,0.0,,,15.23,14.54,15.97,,,2.812,2.72,2.89,,,,-3.192,,,,-1.672,0.0,14.586,,,0.0,56.16,33.4,63.2,,,-0.005,2.0,6.0,0.0,0.0,0.0,0.0,0.0,0.0,0.0,0.0,0.0,0.0,0.0,0.0,0.0,0.0,0.0,4.0,
2021-12-24T19:00:00Z,6.0,3.0,0.447,1.15,0.0,0.0,,,14.987,14.17,15.86,,,2.832,2.72,2.91,,,,-3.333,,,,-1.31,0.0,14.355,,,0.0,46.983,30.9,62.3,,,-0.004,1.0,6.0,0.0,0.0,0.0,0.0,0.0,0.0,0.0,0.0,0.0,0.0,0.0,0.0,0.0,0.0,0.0,3.0,
2021-12-25T19:00:00Z,6.0,4.0,0.445,1.13,0.0,0.0,,,15.008,14.15,15.9,,,2.828,2.72,2.91,,,,-3.318,,,,-1.305,0.0,14.375,,,0.0,52.1,31.5,63.2,,,-0.004,1.0,6.0,0.0,0.0,0.0,0.0,0.0,0.0,0.0,0.0,0.0,0.0,0.0,0.0,0.0,0.0,0.0,4.0,
2021-12-26T18:00:00Z,3.0,1.0,0.077,0.23,0.0,0.0,,,14.483,14.15,14.8,,,2.887,2.85,2.91,,,,-3.7,,,,-0.26,0.0,13.843,,,0.0,42.8,31.7,63.3,,,-0.0,1.0,3.0,0.0,0.0,0.0,0.0,0.0,0.0,0.0,0.0,0.0,0.0,0.0,0.0,0.0,0.0,0.0,1.0,
2021-12-26T19:00:00Z,3.0,3.0,0.84,1.19,0.0,0.0,,,15.553,15.16,15.96,,,2.773,2.72,2.82,,,,-2.913,,,,-2.38,-1.63,14.92,,,0.0,61.5,60.4,62.6,,,-0.004,4.0,6.0,0.0,0.0,0.0,0.0,0.0,0.0,0.0,0.0,0.0,0.0,0.0,0.0,0.0,0.0,0.0,3.0,
2021-12-28T18:00:00Z,6.0,4.0,0.477,1.21,0.0,0.0,,,15.063,14.18,15.98,,,2.825,2.72,2.91,,,,-3.292,,,,-1.367,0.0,14.435,,,0.0,52.117,31.7,63.3,,,-0.005,1.0,6.0,0.0,0.0,0.0,0.0,0.0,0.0,0.0,0.0,0.0,0.0,0.0,0.0,0.0,0.0,0.0,4.0,
2021-12-29T18:00:00Z,5.0,3.0,0.378,0.99,0.0,0.0,,,14.95,14.2,15.75,,,2.842,2.75,2.91,,,,-3.384,,,,-1.126,0.0,14.326,,,0.0,50.38,31.8,63.2,,,-0.003,1.0,5.0,0.0,0.0,0.0,0.0,0.0,0.0,0.0,0.0,0.0,0.0,0.0,0.0,0.0,0.0,0.0,3.0,
2021-12-30T21:00:00Z,7.0,4.0,0.449,1.16,0.0,0.0,,,14.976,14.11,15.88,,,2.83,2.72,2.91,,,,-3.313,,,,-1.307,0.0,14.343,,,0.0,48.743,30.8,62.5,,,-0.005,1.0,7.0,0.0,0.0,0.0,0.0,0.0,0.0,0.0,0.0,0.0,0.0,0.0,0.0,0.0,0.0,0.0,4.0,
2021-12-31T22:00:00Z,7.0,4.0,1.664,4.07,0.0,0.0,,,14.99,14.09,15.94,,,2.824,2.71,2.91,,,,-3.284,,,,-4.831,0.0,14.351,,,0.0,48.086,30.0,62.0,,,-0.019,1.0,7.0,0.0,0.0,0.0,0.0,0.0,0.0,0.0,0.0,0.0,0.0,0.0,0.0,0.0,0.0,0.0,4.0,
